[1.4167453 1.4020225 1.4297168 1.4137473 1.4069202 1.4130349 1.387834
 1.4102447 1.4075139 1.4467846 1.4060297 1.4525728 1.4231569 1.4413823
 1.4132427 1.4350301 1.4033582 1.4209603 1.4029723 1.40226   1.4132427
 1.4235724 1.400568  1.4112539]
[1.7459013 1.7310598 1.7594072 1.7437048 1.7366699 1.7419535 1.7173759
 1.7398757 1.7370261 1.7776029 1.7356013 1.7830646 1.7535299 1.7720522
 1.742844  1.7649282 1.7331376 1.750621  1.732544  1.7314457 1.7431111
 1.7533815 1.7299021 1.7409443]
[1.63269   1.6177297 1.6456615 1.6311761 1.6234882 1.6296623 1.6039864
 1.6268424 1.6236366 1.6646587 1.6225383 1.6695564 1.6397842 1.6584549
 1.6296623 1.6518652 1.620045  1.6383001 1.6187983 1.6191545 1.6296326
 1.6407638 1.6167798 1.6275251]
[1.6116743 1.59615   1.6253285 1.609359  1.6024132 1.6071625 1.5815756
 1.6056486 1.6026803 1.645335  1.6000979 1.6510638 1.6199559 1.639428
 1.6084388 1.6307902 1.5982279 1.6166908 1.5976045 1.5962688 1.6085873
 1.6196294 1.5948143 1.6065688]
[1.9021829 1.8871336 1.9159856 1.9007581 1.8934264 1.8984725 1.8736575
 1.8965431 1.8934561 1.9354577 1.892061  1.9403554 1.9104645 1.9293133
 1.8995708 1.9217738 1.8900425 1.907615  1.8887068 1.8881131 1.8997489
 1.9104645 1.8861244 1.8978195]
[4.5732474 4.5634522 4.590286  4.574138  4.5680532 4.57583   4.5606027
 4.5707245 4.5651145 4.596727  4.5757113 4.5957475 4.5814104 4.592037
 4.5779967 4.5934024 4.573099  4.5762753 4.5656786 4.569448  4.5746427
 4.5816774 4.5625024 4.578086 ]
[71.26346  71.25099  71.31786  71.32995  71.3254   71.31454  71.36969
 71.317986 71.2929   71.30599  71.35865  71.30337  71.35768  71.33826
 71.383224 71.32086  71.37069  71.29067  71.28821  71.35253  71.28827
 71.3354   71.252594 71.41148 ]
[156.35645 156.38133 156.4117  156.38266 156.39206 156.47589 156.48343
 156.42363 156.38599 156.24438 156.52242 156.19635 156.35837 156.31807
 156.4507  156.45598 156.46022 156.37337 156.38739 156.50047 156.31873
 156.35957 156.36938 156.41266]
[139.47354 139.45822 139.47069 139.52293 139.56075 139.51454 139.49696
 139.53624 139.5285  139.60448 139.4802  139.59541 139.56436 139.61937
 139.55438 139.47969 139.55246 139.523   139.43004 139.50772 139.48994
 139.54471 139.46153 139.58278]
[137.28294 137.29503 137.30951 137.33679 137.384   137.34192 137.40535
 137.37566 137.35236 137.39554 137.35425 137.37201 137.39886 137.41512
 137.4127  137.29433 137.42659 137.32837 137.28424 137.38152 137.33386
 137.34895 137.3112  137.47498]
[539.9197  539.97485 540.0064  540.0779  540.0345  539.97614 540.2198
 540.0884  539.9723  539.9437  540.12994 539.98737 540.1702  540.102
 540.1708  539.938   540.2012  539.9955  540.017   540.11694 540.0225
 540.0901  540.0953  540.16876]
[222.47844 222.06537 222.15099 222.64415 222.85425 222.13564 221.97472
 222.56905 222.4282  223.65965 221.81718 223.99799 223.2555  223.64653
 222.42062 222.20247 222.4981  222.74307 221.9542  222.35251 222.5274
 222.92961 222.0552  222.80621]
[967.09436 967.0621  967.5555  966.99304 967.0194  966.9324  967.27856
 967.3198  967.1098  966.7278  967.0101  966.9012  967.34015 967.23413
 967.23236 966.93646 967.28076 966.7031  967.0427  966.9826  966.94116
 967.04675 966.691   967.04944]
[433.5803  433.4933  433.4936  433.32803 433.30322 433.573   433.39096
 433.29205 433.26898 433.09528 433.54584 433.15344 433.23114 433.06946
 433.24255 433.52582 433.2282  433.40857 433.54764 433.5871  433.44684
 433.35474 433.50803 433.19464]
[673.809   673.7913  673.8407  673.903   673.9939  673.8303  673.9438
 674.00555 673.9295  673.9335  673.89215 674.0273  674.0001  673.983
 674.01025 673.8717  673.8117  673.94025 673.8931  674.02026 673.7795
 674.06696 673.8499  673.9875 ]
[637.97644 637.9207  637.8443  638.05707 638.1308  638.2023  638.05597
 637.9806  637.9831  637.8161  638.001   637.983   637.97675 637.9225
 638.03534 637.7397  638.05536 637.9116  637.90247 638.097   638.0223
 638.03534 637.92334 638.14825]
[390.10983 390.08282 390.14    390.07782 390.1296  390.12018 390.1376
 390.09814 390.08728 390.02164 390.14362 390.1022  390.16138 390.09323
 390.17004 390.11542 390.15045 390.04343 390.1206  390.16452 390.11496
 390.14752 390.0685  390.23874]
[134.17786 134.03665 134.32687 134.72939 134.59193 134.37227 134.67719
 134.3913  134.18887 134.53873 134.70903 134.61057 134.9699  134.80177
 134.45638 134.31703 134.71208 134.35562 134.18282 134.69437 134.46483
 134.70717 134.2033  134.79233]
[1.7040482 1.6902158 1.7215018 1.7124485 1.7047012 1.7030389 1.6838636
 1.7112612 1.698438  1.7599118 1.6988833 1.7539455 1.7253903 1.7485135
 1.7133983 1.7289523 1.7060963 1.7211456 1.691225  1.6993582 1.7046121
 1.7213237 1.6914328 1.7098067]
[-2.103286  -2.1169996 -2.0881772 -2.0889788 -2.0990415 -2.0989227
 -2.112369  -2.098804  -2.108451  -2.055318  -2.095509  -2.06075
 -2.0774024 -2.0615516 -2.0955386 -2.0785007 -2.0963106 -2.0868711
 -2.1155155 -2.097498  -2.098329  -2.0822406 -2.1116567 -2.0921845]
[1.2457706 1.23271   1.2592467 1.2426835 1.2366579 1.2433366 1.2214898
 1.2397746 1.2368953 1.2715652 1.238617  1.2767004 1.2522415 1.2678548
 1.2438115 1.2637289 1.2355299 1.2486202 1.2338083 1.2337192 1.2431585
 1.2519447 1.2314336 1.242357 ]
[1.6551304 1.642426  1.6673895 1.6533494 1.6455724 1.6535572 1.6310277
 1.6489266 1.6461067 1.6808656 1.6483626 1.6849916 1.6602062 1.6756414
 1.6522511 1.6733558 1.6445335 1.6594938 1.6431681 1.6442664 1.652726
 1.6614232 1.641773  1.6503811]
[1.4358909 1.4225335 1.4482985 1.432507  1.4255315 1.4333975 1.4094136
 1.4290638 1.4264814 1.4617449 1.4270157 1.466702  1.4401653 1.4565504
 1.4323289 1.4537008 1.4234834 1.4394232 1.4230975 1.4229491 1.4324477
 1.4415307 1.4211978 1.4301324]
[1.531708  1.5168664 1.5444717 1.5283241 1.5214376 1.5273446 1.5024701
 1.5248512 1.5222985 1.5615098 1.5206362 1.5676839 1.5380008 1.5562263
 1.5277008 1.549785  1.5178163 1.5355371 1.5180538 1.5166587 1.5282351
 1.5380602 1.515501  1.5258604]
[1.3233919 1.308491  1.3356807 1.3209282 1.3132997 1.3198596 1.2938572
 1.3166538 1.3138933 1.3542327 1.3122607 1.359546  1.3293285 1.3478508
 1.3191769 1.3417658 1.3094409 1.3286161 1.3091737 1.3093518 1.3198596
 1.3304268 1.3074521 1.3170397]
[1.4057032 1.3903867 1.4184669 1.4021412 1.3953141 1.4011617 1.3753374
 1.398698  1.3961749 1.4363955 1.3937409 1.442718  1.4119366 1.4308151
 1.4013991 1.4238099 1.3911881 1.4098291 1.3915147 1.3901492 1.4019631
 1.4122335 1.3889619 1.3993807]
[1.2352331 1.2190261 1.2479078 1.232146  1.2250221 1.2298604 1.2027301
 1.2283763 1.2256454 1.2693983 1.2216679 1.2761661 1.2427132 1.2630758
 1.2304244 1.253785  1.2195307 1.240487  1.220065  1.2186699 1.2313743
 1.2426242 1.2176607 1.228495 ]
[1.0114818  0.9943843  1.0241861  1.0079495  1.0010333  1.0052483
 0.9771384  1.0043578  1.001716   1.0472499  0.996284   1.054552
 1.0194368  1.0408087  1.0061982  1.029915   0.99462175 1.016706
 0.9955716  0.9937016  1.0072074  1.0189322  0.99284077 1.0043875 ]
[1.2330959 1.2163546 1.245919  1.2298307 1.2227662 1.2270999 1.1995243
 1.2260907 1.2233895 1.2686563 1.2185808 1.2756615 1.2410213 1.2620666
 1.2280498 1.2516181 1.2167702 1.2383498 1.2174826 1.215761  1.229148
 1.2406354 1.2149298 1.2262985]
[2.9716358 2.9608016 2.9848745 2.970033  2.9626715 2.9716952 2.952609
 2.9656103 2.9628794 2.9927406 2.9689941 2.995709  2.9761477 2.988407
 2.9704485 2.9896238 2.9645119 2.9741886 2.9620185 2.9633543 2.970686
 2.9771867 2.9602375 2.9696767]
[27.329659 27.362162 27.352781 27.369907 27.36044  27.370829 27.420845
 27.347616 27.36317  27.301785 27.404133 27.281303 27.346844 27.319447
 27.374271 27.346073 27.408615 27.326809 27.362932 27.366554 27.377478
 27.343372 27.368572 27.392408]
[106.56744  106.67007  106.590355 106.61604  106.62686  106.709236
 106.8623   106.609886 106.62231  106.34235  106.816895 106.25409
 106.52833  106.37318  106.65784  106.577354 106.75279  106.52049
 106.699486 106.73632  106.64101  106.517494 106.6812   106.72017 ]
[355.43265 355.43948 355.38004 355.34244 355.3334  355.46085 355.37598
 355.33496 355.34818 355.23138 355.42096 355.24707 355.25293 355.20782
 355.3518  355.41965 355.34256 355.38425 355.4442  355.4177  355.40475
 355.3498  355.46503 355.32138]
[637.5188  637.86127 635.93646 636.0585  635.03455 636.84656 635.12195
 634.7205  636.71765 633.2166  635.65063 633.9045  632.80383 632.29047
 634.4113  635.68835 634.0348  635.61505 637.90717 634.43976 636.8251
 635.7072  637.89343 633.10913]
[812.9016  812.92145 813.0668  812.91943 812.99243 812.84973 812.88696
 813.0957  813.0172  813.14667 812.7874  813.1068  813.236   813.3253
 813.02875 812.8427  813.317   812.7913  812.6926  812.8806  812.89923
 812.83575 812.6433  813.1337 ]
[828.8388  828.793   829.2476  829.20013 829.25134 829.0229  828.8889
 829.2535  829.2701  829.7261  828.9038  829.72705 829.5379  829.9362
 829.31244 828.94135 829.31683 828.9925  828.61163 828.84503 829.035
 829.063   828.63617 829.4722 ]
[880.707   880.85834 880.828   880.86084 880.8995  880.7807  880.7245
 880.9492  880.93567 881.18536 880.69183 880.89935 880.91504 881.1425
 880.9257  880.7598  881.1499  880.7952  880.59924 880.6399  880.75354
 880.65533 880.6542  880.9609 ]
[753.1855  753.1691  753.0286  752.96844 752.94385 753.17346 752.8953
 752.9216  753.00586 752.8935  753.01807 752.8813  752.77075 752.7248
 752.8591  753.16113 752.8923  753.0817  753.15717 753.0516  753.08905
 752.88184 753.10645 752.8789 ]
[645.6748  645.7086  645.61865 645.754   645.75244 645.6049  645.58276
 645.7444  645.70844 646.02057 645.6094  645.9603  645.8603  645.9695
 645.7359  645.7764  645.8222  645.8519  645.58453 645.72516 645.69836
 645.80145 645.7306  645.73425]
[497.21454 497.272   497.324   497.31876 497.25577 497.25458 497.41028
 497.25894 497.286   497.23364 497.44592 497.09842 497.29764 497.23898
 497.29355 497.34103 497.3164  497.26147 497.30768 497.3378  497.28607
 497.30188 497.34525 497.2626 ]
[292.94086 293.01553 292.92435 293.00125 293.0237  293.03036 293.1559
 292.93988 293.0666  292.92157 293.1336  292.76    292.90268 292.82645
 292.98502 292.9716  293.0268  292.95892 293.0535  293.05423 293.0268
 292.88245 293.04453 293.0801 ]
[76.737915 76.77083  76.75183  76.68055  76.70287  76.76092  76.76445
 76.73362  76.73002  76.635254 76.73492  76.61623  76.64098  76.608505
 76.76654  76.72611  76.75409  76.68929  76.77543  76.731636 76.72432
 76.664    76.73192  76.7585  ]
[-7.23045   -7.257788  -7.2035575 -7.1706686 -7.1871424 -7.213175
 -7.2074757 -7.2000546 -7.22956   -7.1209493 -7.188567  -7.132644
 -7.1339207 -7.1170015 -7.195721  -7.1900516 -7.1801076 -7.1875286
 -7.2491508 -7.1852427 -7.2049823 -7.1625648 -7.238999  -7.169184 ]
[0.8634224  0.84837306 0.8772547  0.8611368  0.8552002  0.85891056
 0.8356687  0.858495   0.8546362  0.89743924 0.85347855 0.902426
 0.8734256  0.89218533 0.8614633  0.8823899  0.8521428  0.8684685
 0.8497088  0.8497385  0.86072123 0.87143683 0.8472748  0.86036503]
[0.18195748 0.16705656 0.19427598 0.18115604 0.17346811 0.17937505
 0.15444124 0.17679262 0.1727854  0.21558845 0.17266667 0.21929884
 0.19015002 0.20893943 0.17913759 0.20107341 0.1703217  0.18887365
 0.16732371 0.17029202 0.17895949 0.19056559 0.166641   0.17756438]
[1.0865504 1.072629  1.0991657 1.0827509 1.076191  1.083493  1.058856
 1.0797529 1.0769924 1.1136214 1.0766956 1.1188159 1.09127   1.1083674
 1.0828993 1.1043305 1.0735195 1.0899342 1.0732226 1.0728071 1.0827509
 1.0922792 1.0710855 1.0806731]
[1.2433069 1.2283169 1.2559222 1.23927   1.23271   1.2388544 1.2133863
 1.2361532 1.2335411 1.2727525 1.2316117 1.2791344 1.2490951 1.2674096
 1.2390028 1.2610871 1.2288809 1.2468392 1.2291777 1.227842  1.2393293
 1.2493325 1.2266546 1.2371328]
[1.3581805 1.342775  1.370974  1.355331  1.348207  1.3534609 1.3278147
 1.3515018 1.3488303 1.3905054 1.3462776 1.3966202 1.3653638 1.3844798
 1.3539358 1.3766137 1.3438733 1.3629892 1.343903  1.3428047 1.354767
 1.3652748 1.3416173 1.3522439]
[1.3026434 1.2872379 1.3154962 1.2990814 1.292284  1.2978644 1.271862
 1.2956085 1.2930558 1.3340185 1.290414  1.340341  1.3092034 1.3282303
 1.2983097 1.3207798 1.2879206 1.306799  1.2882768 1.2868223 1.2988143
 1.3093221 1.285724  1.29641  ]
[1.3236294 1.3076599 1.3364228 1.3200971 1.3132997 1.3183458 1.2918388
 1.3165351 1.314012  1.3561621 1.3105391 1.3629595 1.3306346 1.3504035
 1.3189691 1.3418845 1.3082535 1.3280522 1.3089066 1.3071849 1.3197112
 1.3305159 1.3062351 1.3171585]
[0.9832531  0.96612597 0.9959278  0.9801364  0.9729531  0.97704935
 0.9488207  0.97633696 0.9735764  1.0199414  0.96808505 1.0270951
 0.9915644  1.0131737  0.9779695  1.0019832  0.96648216 0.9889523
 0.96719456 0.96562135 0.9790381  0.9910004  0.9647012  0.9762479 ]
[0.95808184 0.9407469  0.970994   0.9546386  0.9477521  0.9516406
 0.9231745  0.9511063  0.9483161  0.99512637 0.94258726 1.0025175
 0.96651185 0.98829925 0.95279825 0.97672284 0.9410734  0.9636029
 0.94190454 0.93997514 0.95386684 0.96582913 0.93923306 0.9511657 ]
[1.171919  1.154584  1.1848608 1.168832  1.1619158 1.1654481 1.1374272
 1.1650622 1.1622423 1.2096759 1.1566322 1.2167405 1.180913  1.2025816
 1.1668432 1.1907084 1.1553558 1.1777369 1.155801  1.1541685 1.1680305
 1.1799037 1.1531593 1.1655668]
[9.17885   9.179325  9.193424  9.180482  9.172883  9.191109  9.187933
 9.174545  9.173061  9.16944   9.19942   9.167036  9.17692   9.17226
 9.185469  9.196244  9.1889715 9.174932  9.181581  9.186597  9.183836
 9.181076  9.180393  9.186063 ]
[45.727905 45.78     45.765068 45.7797   45.792137 45.833694 45.923725
 45.78525  45.773914 45.65239  45.89808  45.602432 45.761208 45.691868
 45.829597 45.75076  45.881664 45.72286  45.78371  45.85946  45.775547
 45.738503 45.78828  45.874065]
[215.25356 215.40936 215.4422  215.32368 215.2517  215.32329 215.59305
 215.3657  215.29913 215.0969  215.51756 215.00905 215.28287 215.16681
 215.41362 215.3427  215.46783 215.24211 215.44026 215.38615 215.36221
 215.22786 215.44232 215.34508]
[369.12177 369.09253 369.1183  369.0841  369.0843  369.09155 369.01712
 369.0808  369.08698 369.17917 369.03775 369.18637 369.08356 369.1253
 369.09384 369.12582 369.06393 369.11612 369.09    369.05194 369.1197
 369.12372 369.0906  369.087  ]
[532.8323  533.0189  532.1734  532.1828  531.61383 532.613   531.6273
 531.49634 532.563   530.72455 531.9659  531.168   530.5472  530.38446
 531.4081  531.93695 531.1757  531.868   533.00525 531.256   532.5519
 531.95325 533.05695 530.7556 ]
[764.289   764.2435  764.3556  764.2742  764.3918  764.23505 764.423
 764.4399  764.30457 764.457   764.3002  764.4373  764.60345 764.57
 764.38165 764.3463  764.5469  764.28394 764.1987  764.4357  764.2958
 764.2775  764.1042  764.55914]
[880.49896 880.57495 880.5487  880.5533  880.5326  880.4928  880.4655
 880.5866  880.6527  880.5776  880.405   880.4941  880.46857 880.5936
 880.53754 880.4165  880.5422  880.46716 880.46454 880.28705 880.456
 880.43286 880.44635 880.4488 ]
[858.6275  858.6403  858.58417 858.6482  858.6707  858.6417  858.616
 858.6546  858.6801  858.72845 858.59235 858.6902  858.6249  858.6829
 858.64343 858.60114 858.65625 858.6643  858.60895 858.594   858.63074
 858.613   858.6283  858.6691 ]
[764.61395 764.5974  764.4804  764.5792  764.6081  764.58997 764.5043
 764.5166  764.62585 764.63654 764.5121  764.6415  764.50305 764.50793
 764.5007  764.55835 764.4916  764.6028  764.61426 764.53845 764.62274
 764.5597  764.5961  764.59357]
[484.2268  484.31006 484.73663 484.54474 484.28687 484.3368  484.53815
 484.45547 484.32236 484.53918 484.70337 484.2021  484.50897 484.6438
 484.53378 484.69165 484.48517 484.4225  484.32706 484.29327 484.281
 484.50162 484.37064 484.15973]
[69.225204 69.167114 69.50049  69.32366  69.29217  69.33093  69.26816
 69.46703  69.27557  69.45664  69.27647  69.33382  69.32595  69.55151
 69.477036 69.377686 69.261185 69.32809  69.16878  69.12992  69.05512
 69.33465  69.061325 69.201485]
[261.03735 261.17227 260.72693 261.1123  261.1821  261.10153 261.2752
 260.73065 261.29147 261.3221  261.26773 260.80914 260.83142 260.7088
 260.76212 261.05853 261.04654 261.09998 261.20798 261.08743 261.4092
 260.68073 261.24588 261.32974]
[88.98905  89.0083   88.973526 88.95432  88.96346  88.98409  89.00219
 88.96759  88.981926 88.9154   88.97513  88.9048   88.91768  88.884
 88.99112  88.970085 88.98674  88.95376  89.016655 88.976585 88.98184
 88.95377  88.988174 88.9964  ]
[-0.97212195 -0.9895756  -0.95505416 -0.9621484  -0.96787727 -0.969777
 -0.984203   -0.9681444  -0.9789194  -0.9275676  -0.9679663  -0.9244212
 -0.942142   -0.92661774 -0.96354353 -0.9500971  -0.9668977  -0.96137667
 -0.98651826 -0.9699254  -0.96930206 -0.95155156 -0.98705256 -0.9568945 ]
[1.2777393 1.2637289 1.2914826 1.2770566 1.2700217 1.2743851 1.2522118
 1.2731384 1.2694874 1.3114593 1.2698436 1.3146354 1.2873863 1.3051665
 1.2761364 1.2973895 1.2679439 1.2837353 1.2651536 1.2657176 1.2760473
 1.2861693 1.2634617 1.2748303]
[-0.09273005 -0.10674047 -0.08136141 -0.09552026 -0.10270357 -0.09427357
 -0.12027597 -0.09872603 -0.10249579 -0.06349218 -0.10231769 -0.06076133
 -0.08869314 -0.07064581 -0.09611392 -0.07450461 -0.10522664 -0.08697152
 -0.10742319 -0.10433614 -0.0972122  -0.08614039 -0.10780907 -0.09902287]
[1.8443009 1.8304092 1.8573021 1.8394922 1.8334368 1.840353  1.8166362
 1.8367614 1.8347132 1.8692347 1.8342086 1.8760618 1.8489611 1.8654056
 1.8404124 1.8615171 1.830795  1.8459631 1.8316559 1.8292515 1.8406202
 1.8491392 1.8285094 1.8385127]
[1.436069  1.4215837 1.4484172 1.433724  1.4261549 1.4325367 1.4077216
 1.4295387 1.4268079 1.4661974 1.425769  1.47157   1.4422728 1.4602904
 1.4320915 1.4544429 1.4228303 1.4410261 1.4224741 1.4223554 1.4328929
 1.4428664 1.4206635 1.4301621]
[1.1458572 1.1307188 1.1582648 1.1422359 1.13529   1.1418203 1.1156398
 1.1387333 1.1360024 1.1760746 1.1341621 1.1816254 1.1513486 1.170049
 1.1414938 1.1638452 1.1313422 1.1501019 1.1314015 1.1307485 1.1417313
 1.1522688 1.1292644 1.1392676]
[1.611704  1.5965359 1.6247052 1.6081123 1.6014633 1.6068656 1.581635
 1.6046988 1.6022944 1.642426  1.5999495 1.6489563 1.6184717 1.637083
 1.6075187 1.6298107 1.597278  1.6155628 1.5979013 1.5959126 1.6082014
 1.6182046 1.5950518 1.6056783]
[1.4255018 1.4104228 1.4375829 1.4229491 1.414994  1.4218211 1.3953141
 1.4184966 1.4157954 1.4561645 1.4138364 1.4619824 1.4310526 1.449842
 1.4208713 1.4437866 1.4109571 1.430726  1.4111055 1.4109868 1.4216727
 1.4323883 1.4092948 1.4185857]
[1.0215443  1.0049515  1.0340706  1.0178043  1.0108881  1.0159045
 0.98794305 1.0143017  1.0116302  1.0556502  1.0070887  1.0624774
 1.0284902  1.0491496  1.0163498  1.0397698  1.0050405  1.0264124
 1.005842   1.0043281  1.0170919  1.0286683  1.0033486  1.014272  ]
[1.1892836 1.172572  1.2021067 1.1860185 1.1789836 1.1832283 1.1556526
 1.1823081 1.179696  1.2247549 1.1748576 1.2319382 1.1973277 1.2183434
 1.1842078 1.2078652 1.1729282 1.1945969 1.173789  1.1718596 1.1853358
 1.1967341 1.1711472 1.1824268]
[1.2582078 1.2414368 1.2703779 1.2556847 1.2478484 1.2530726 1.2247846
 1.2512916 1.2481749 1.2939463 1.2439896 1.3001797 1.2655989 1.2864364
 1.2529539 1.2768785 1.2421196 1.2644116 1.2422086 1.2420602 1.2542303
 1.2660441 1.2402792 1.251262 ]
[7.7609468 7.758988  7.7754025 7.7614217 7.7542977 7.7699704 7.764182
 7.7561975 7.754476  7.758157  7.7763524 7.75691   7.76065   7.759403
 7.7658744 7.7782817 7.767418  7.758038  7.761214  7.7648354 7.7647166
 7.76344   7.7596407 7.7664084]
[55.428257 55.48222  55.473316 55.488365 55.493053 55.539448 55.635
 55.48611  55.47103  55.350964 55.614548 55.29391  55.46414  55.38685
 55.529743 55.46076  55.58632  55.424873 55.494095 55.56762  55.483765
 55.43912  55.494865 55.57694 ]
[214.06288 214.20296 214.22612 214.13248 214.06802 214.14822 214.3786
 214.16231 214.10606 213.90451 214.33054 213.81648 214.08464 213.97298
 214.21382 214.16502 214.26842 214.06071 214.23024 214.21078 214.15236
 214.04695 214.23668 214.15195]
[362.41605 362.3886  362.41678 362.39865 362.3797  362.3962  362.33368
 362.36816 362.37616 362.4462  362.36072 362.45303 362.38156 362.40417
 362.38513 362.42932 362.37134 362.40894 362.39407 362.3596  362.4238
 362.42126 362.38922 362.379  ]
[536.019   536.2226  535.15674 535.25    534.6875  535.7159  534.7326
 534.53375 535.6419  533.7044  535.054   534.0734  533.4675  533.2282
 534.39154 535.0506  534.19934 535.0099  536.2242  534.3714  535.6434
 535.04987 536.2604  533.69604]
[785.0655  785.0604  785.12354 785.06445 785.178   784.9992  785.1859
 785.2402  785.1075  785.2778  785.04913 785.2369  785.3958  785.38947
 785.1877  785.1117  785.398   785.06885 784.965   785.1813  785.08295
 785.0513  784.9091  785.35876]
[847.8003  847.803   847.71387 847.7393  847.79956 847.8297  847.6455
 847.7337  847.84515 847.7206  847.6245  847.81714 847.6667  847.7117
 847.733   847.63306 847.74133 847.6817  847.737   847.6362  847.78735
 847.6853  847.7007  847.80334]
[676.17914 676.1876  676.13275 676.17    676.1502  676.1148  676.1136
 676.09735 676.17676 676.18146 676.12683 676.16174 676.11536 676.1059
 676.0794  676.1695  676.09235 676.1579  676.1988  676.08856 676.2129
 676.1933  676.2097  676.08716]
[687.41595 687.4181  687.3375  687.24207 687.14496 687.40045 687.34515
 687.1383  687.1969  686.8574  687.43005 686.9244  687.0351  686.8074
 687.12335 687.3658  687.1467  687.236   687.5191  687.3955  687.3854
 687.1932  687.4549  687.0966 ]
[673.85754 673.81836 673.9097  673.9314  673.91925 673.82874 673.84955
 673.9728  673.88837 673.9012  673.8429  674.04175 674.0128  674.03735
 673.971   673.86414 673.84955 673.9127  673.8596  673.90936 673.80585
 674.0602  673.862   673.86505]
[422.11923 422.0818  422.20123 422.17215 422.15845 422.1396  422.2147
 422.15665 422.1279  422.20282 422.26312 422.13477 422.24664 422.22394
 422.1617  422.1973  422.1476  422.1606  422.13013 422.242   422.1376
 422.2083  422.148   422.1642 ]
[299.66882 299.6983  299.65347 299.64575 299.68015 299.6796  299.73462
 299.6435  299.68576 299.6613  299.7209  299.58798 299.6363  299.5757
 299.6894  299.6926  299.7112  299.6584  299.72272 299.72708 299.71112
 299.62143 299.69818 299.771  ]
[69.996666 70.02095  70.00415  69.946266 69.968025 70.008865 70.00652
 69.99919  69.983315 69.928696 69.98189  69.918365 69.92581  69.90453
 70.02706  69.99429  70.01478  69.96767  70.02216  69.99765  69.98085
 69.94327  69.98966  70.01869 ]
[-7.62856   -7.655067  -7.6028843 -7.5741215 -7.5888143 -7.6123233
 -7.6094737 -7.5998864 -7.628085  -7.5243425 -7.591011  -7.5353255
 -7.538917  -7.521048  -7.595731  -7.589913  -7.582848  -7.5880427
 -7.647617  -7.5873303 -7.6063275 -7.5652165 -7.6381183 -7.5719843]
[0.8626803  0.8478091  0.8765423  0.8602463  0.8544878  0.8582872
 0.83516407 0.8577826  0.85383475 0.89634097 0.8528255  0.90129805
 0.8725945  0.8912058  0.8607806  0.88161814 0.85151947 0.8676077
 0.8489964  0.84908545 0.8599198  0.870576   0.84659207 0.8596823 ]
[0.16052628 0.14586282 0.17281508 0.15981388 0.15212595 0.158211
 0.13348496 0.1553911  0.15147293 0.19350421 0.15150261 0.19715524
 0.1683923  0.18700361 0.15788448 0.17961252 0.14912796 0.16741276
 0.14610028 0.14918733 0.15752828 0.16895628 0.14550662 0.15613317]
[1.063546  1.0494168 1.0761019 1.0596278 1.0530975 1.0602808 1.0354954
 1.0566298 1.0539583 1.0909435 1.053335  1.0963458 1.0683843 1.0856895
 1.0598652 1.0812964 1.0502479 1.0669595 1.0500698 1.0494761 1.0596575
 1.0693045 1.0478436 1.0576093]
[1.1631922 1.1482912 1.1758965 1.1593037 1.1526546 1.1589772 1.133331
 1.1561276 1.1535451 1.1927862 1.151586  1.1989009 1.1689507 1.1873839
 1.1590365 1.1810614 1.1488255 1.1669322 1.149152  1.1478757 1.159274
 1.1693069 1.146629  1.1570181]
[1.3462776 1.3308127 1.3590413 1.343339  1.3362744 1.3414689 1.315793
 1.3395395 1.336868  1.3786619 1.3342559 1.3848656 1.3534906 1.3726659
 1.3419735 1.3646514 1.3318516 1.3510863 1.3319703 1.330783  1.342775
 1.3532828 1.3296254 1.3403113]
[1.2729603 1.2574064 1.2857537 1.2693686 1.2625712 1.268122  1.2419415
 1.2658957 1.263343  1.3045728 1.2605231 1.3109844 1.2796093 1.2988737
 1.2684782 1.2911264 1.2580891 1.2771753 1.2585046 1.2570205 1.2691312
 1.2796984 1.2558331 1.2666972]
[1.3531938 1.3374617 1.3660169 1.3496615 1.342864  1.3481773 1.3217593
 1.3461589 1.3435171 1.3853109 1.3404597 1.3919302 1.3600506 1.3795227
 1.3486522 1.3713895 1.3380554 1.3575869 1.338649  1.3370461 1.3493943
 1.3600506 1.3360072 1.3467525]
[1.0021613  0.9850638  1.0147766  0.99901485 0.9918909  0.9959278
 0.9678476  0.9952451  0.99248457 1.0387012  0.9871416  1.0457954
 1.0104132  1.0319631  0.99693704 1.0208023  0.98547935 1.0078307
 0.98616207 0.9845295  0.99797595 1.0098789  0.9836687  0.9952154 ]
[0.97461534 0.9573101  0.9874978  0.9711721  0.9642559  0.9682038
 0.9398267  0.9676101  0.96490896 1.0116005  0.9591801  1.0189025
 0.983075   1.0047437  0.96930206 0.99319696 0.9576069  0.9801364
 0.9585271  0.9565977  0.97040033 0.98233294 0.9558259  0.96769917]
[1.1503987 1.1330638 1.1633703 1.1473117 1.1403955 1.1439872 1.115907
 1.1435716 1.1406924 1.1881557 1.1351713 1.1951609 1.1593927 1.1810614
 1.1453526 1.1692475 1.1338356 1.1562166 1.1342808 1.1327076 1.1464806
 1.1583538 1.1316687 1.1439575]
[8.252529  8.2514305 8.266895  8.253656  8.246177  8.263037  8.25808
 8.247988  8.246236  8.247631  8.270102  8.245702  8.251668  8.249205
 8.258228  8.269923  8.260454  8.24956   8.253627  8.258347  8.256743
 8.255112  8.252292  8.258792 ]
[44.7719   44.825775 44.809834 44.823814 44.83474  44.876534 44.971165
 44.82839  44.81681  44.694397 44.944004 44.642807 44.804195 44.73192
 44.87297  44.794224 44.926666 44.76558  44.830853 44.903545 44.822094
 44.780598 44.8348   44.918507]
[236.61285 236.78154 236.82104 236.67949 236.59483 236.66812 236.96255
 236.72926 236.65392 236.45294 236.87735 236.35849 236.6374  236.51888
 236.77623 236.70747 236.82828 236.59894 236.81567 236.73355 236.72823
 236.57652 236.81552 236.69095]
[391.4524  391.4251  391.43845 391.4213  391.4172  391.42365 391.33817
 391.4023  391.4187  391.5271  391.3691  391.5284  391.4115  391.459
 391.4233  391.46167 391.39517 391.45514 391.4204  391.37625 391.45844
 391.46124 391.43338 391.42203]
[564.4653  564.77594 563.19824 563.21454 562.25146 563.97125 562.3207
 562.0294  563.8697  560.58374 562.8277  561.30023 560.2896  559.90955
 561.7918  562.80133 561.40674 562.6966  564.77423 561.6373  563.86896
 562.8304  564.7648  560.59753]
[787.23254 787.20917 787.34814 787.23755 787.33496 787.1879  787.3168
 787.4082  787.2899  787.43884 787.20636 787.4138  787.5659  787.5838
 787.3492  787.26013 787.5563  787.1938  787.09753 787.31903 787.23883
 787.20264 787.0171  787.50195]
[888.6428  888.7332  888.8043  888.7872  888.7689  888.67346 888.64496
 888.84515 888.8906  888.91907 888.585   888.811   888.78326 888.9939
 888.8087  888.60474 888.8278  888.65765 888.5705  888.446   888.6426
 888.6311  888.5675  888.72815]
[883.9958  884.05176 883.98486 884.07184 884.10724 884.0346  884.02246
 884.09766 884.1144  884.22906 883.9805  884.11676 884.0748  884.1805
 884.08417 883.9968  884.1627  884.0678  883.95953 883.97345 884.02484
 883.99146 883.99603 884.1319 ]
[788.4735  788.4681  788.3345  788.3781  788.3911  788.45404 788.30035
 788.3325  788.4317  788.41034 788.34314 788.392   788.26044 788.26227
 788.29456 788.4376  788.31274 788.43835 788.4609  788.36993 788.4432
 788.32495 788.43225 788.3621 ]
[608.92584 608.9651  608.9655  609.04785 608.94275 608.91925 608.8813
 608.96246 608.9797  609.09644 608.96094 609.0576  609.01935 609.1009
 608.9481  609.04816 608.97687 609.05804 608.89197 608.9534  608.9607
 609.05286 609.0134  608.8468 ]
[433.0235  433.0056  433.12503 433.08948 433.06778 433.04398 433.1223
 433.07123 433.05078 433.1409  433.1759  433.03775 433.15045 433.1489
 433.08228 433.1311  433.06866 433.07834 433.03885 433.1246  433.04883
 433.12134 433.06604 433.06262]
[301.42447 301.49905 301.395   301.46298 301.48715 301.48407 301.63043
 301.40988 301.53156 301.37665 301.59558 301.22714 301.37817 301.28516
 301.44077 301.4285  301.49063 301.42157 301.53632 301.52408 301.5031
 301.356   301.52817 301.53555]
[72.29206  72.31795  72.29966  72.23915  72.264046 72.305305 72.30171
 72.296974 72.27615  72.221436 72.27612  72.21406  72.22205  72.19809
 72.32988  72.29337  72.31774  72.263954 72.318924 72.29854  72.27609
 72.23967  72.28482  72.32264 ]
[-7.352715  -7.380439  -7.325228  -7.29136   -7.30822   -7.335024
 -7.328167  -7.3216963 -7.351765  -7.2420564 -7.309348  -7.253514
 -7.2536325 -7.2372775 -7.317006  -7.311871  -7.3005915 -7.309437
 -7.3713264 -7.3061423 -7.3262377 -7.2833157 -7.3613825 -7.2894306]
[0.85733736 0.84225833 0.87119937 0.8549627  0.8491448  0.85279584
 0.82955396 0.85243964 0.8484621  0.8912355  0.84733415 0.8962816
 0.867489   0.88613    0.8553486  0.87633455 0.8460281  0.8623835
 0.8435941  0.84365344 0.85454714 0.86526275 0.84116006 0.85436904]
[0.15375853 0.13894665 0.16604733 0.15304613 0.14532852 0.15126514
 0.12645006 0.14865303 0.14464581 0.18724108 0.1446755  0.1908921
 0.16198075 0.18059206 0.15108705 0.17290413 0.14230084 0.16073406
 0.1392138  0.14224148 0.15079021 0.16236663 0.13856077 0.14942479]
[1.09314   1.0790999 1.1057256 1.0892218 1.0826916 1.0899045 1.0653566
 1.0861942 1.083493  1.120211  1.0831071 1.1255243 1.0978299 1.1150461
 1.0894593 1.1108608 1.0799904 1.0964942 1.0797529 1.079189  1.0892515
 1.0988095 1.0775267 1.0872034]
[1.2499559 1.2350253 1.2627196 1.2460377 1.2394778 1.2456222 1.220154
 1.2428913 1.2403386 1.2795796 1.2383795 1.2858131 1.2558628 1.2742367
 1.2457706 1.2678548 1.2355893 1.2536366 1.2359751 1.2346097 1.2460971
 1.2560409 1.2334224 1.2438412]
[1.3456246 1.33013   1.3582993 1.3427156 1.3356214 1.3408456 1.3151103
 1.3388568 1.3361853 1.3779198 1.3336326 1.3840345 1.3527188 1.3718941
 1.3412908 1.3639984 1.3311986 1.3504035 1.3312876 1.3301893 1.3421516
 1.3526595 1.3289723 1.3395692]
[1.30015   1.2846851 1.3130325 1.2965881 1.28985   1.2954304 1.269339
 1.2931448 1.2905624 1.3316735 1.2878909 1.3380257 1.306799  1.3258259
 1.2957866 1.3182864 1.2853382 1.3043354 1.2857834 1.2842993 1.2963506
 1.3068287 1.2832603 1.2939463]
[1.3405488 1.3246683 1.3533719 1.3370461 1.3302784 1.3354136 1.3089066
 1.3334842 1.3309017 1.3729627 1.3276069 1.3797305 1.3475243 1.3671745
 1.3358885 1.3588632 1.325262  1.3449715 1.325915  1.324223  1.33669
 1.3474352 1.3232732 1.3340778]
[0.9823626  0.9651464  0.99500763 0.97912717 0.9720626  0.9760698
 0.94787085 0.9753871  0.97262657 1.0190806  0.9671352  1.0261452
 0.99061453 1.0122238  0.97701967 1.0009739  0.965562   0.9880024
 0.96630406 0.9646715  0.9781476  0.99008024 0.9637513  0.97532773]
[0.9602784  0.9428841  0.97304213 0.95665705 0.94982994 0.95365906
 0.9253117  0.95315444 0.95048296 0.99723387 0.9446057  1.0045656
 0.96861935 0.99040675 0.95493543 0.97883034 0.94312155 0.9657401
 0.9440417  0.94208264 0.95597434 0.96790695 0.9413109  0.9531841 ]
[1.1922222 1.1750357 1.2052531 1.1891946 1.1821893 1.1858997 1.1579976
 1.1854248 1.1825455 1.229712  1.1772026 1.2366282 1.2011569 1.2227365
 1.1872355 1.2110413 1.1758668 1.1979808 1.1762824 1.1747092 1.1884228
 1.2001773 1.1736703 1.1859591]
[9.042397  9.043198  9.057149  9.044029  9.036638  9.0548935 9.052578
 9.038271  9.036846  9.03269   9.0638275 9.030019  9.040675  9.03554
 9.04955   9.0597315 9.05329   9.038181  9.045454  9.050589  9.047799
 9.044385  9.044267  9.050559 ]
[44.151463 44.204746 44.188984 44.204094 44.2173   44.25868  44.350845
 44.209347 44.1986   44.075474 44.3249   44.02353  44.185867 44.115044
 44.25473  44.17524  44.30899  44.146122 44.207893 44.285633 44.200737
 44.16194  44.21255  44.301098]
[224.417   224.58047 224.62245 224.48866 224.40651 224.4765  224.76474
 224.53287 224.46046 224.26367 224.68394 224.17088 224.44954 224.33183
 224.57947 224.51318 224.63411 224.40524 224.61464 224.54301 224.53362
 224.38702 224.61423 224.50156]
[375.02518 374.99762 375.0179  374.98975 374.98886 374.99594 374.9203
 374.98242 374.99182 375.08572 374.9433  375.0916  374.98648 375.02893
 374.99744 375.03033 374.96817 375.02255 374.99472 374.9554  375.02567
 375.029   375.00012 374.99225]
[497.07043 497.33673 495.83502 495.82434 495.14478 496.4526  495.345
 495.10016 496.25186 493.6888  495.64435 494.2002  493.5828  493.03516
 494.78842 495.7373  494.52756 495.66714 497.41125 494.94894 496.3653
 495.59103 497.2916  493.79883]
[701.42755 701.3123  701.5498  701.3654  701.5403  701.3545  701.69965
 701.6091  701.33716 701.4887  701.52454 701.47986 701.82245 701.6696
 701.522   701.5265  701.65393 701.403   701.3607  701.7283  701.38727
 701.44464 701.15515 701.7122 ]
[713.7705  713.877   713.5411  713.66815 713.5912  713.68036 713.6309
 713.53894 713.757   713.32446 713.55304 713.25726 713.256   713.17596
 713.49304 713.46423 713.50037 713.54083 713.8347  713.38104 713.6653
 713.5688  713.8036  713.34314]
[699.605   699.6137  699.5796  699.64935 699.64233 699.59015 699.61615
 699.55585 699.6856  699.6982  699.6128  699.63855 699.5798  699.5851
 699.56683 699.597   699.55084 699.5958  699.6506  699.5369  699.67004
 699.6179  699.62744 699.6311 ]
[797.6079  797.5926  797.51746 797.58276 797.6399  797.5803  797.54144
 797.61383 797.62537 797.6541  797.4986  797.71405 797.5901  797.6232
 797.617   797.55927 797.56116 797.6215  797.59235 797.555   797.5779
 797.6378  797.5837  797.6467 ]
[625.01526 625.063   625.31836 625.4834  625.2458  625.1085  625.36145
 625.2574  625.139   625.4543  625.4982  625.34717 625.6256  625.63684
 625.32404 625.3611  625.4922  625.2841  625.0638  625.37616 625.2401
 625.47    625.2343  625.25446]
[469.05872 469.06082 469.24854 469.14767 469.06284 469.0306  469.06476
 469.13785 469.09457 469.22757 469.15585 469.12097 469.19418 469.27368
 469.13696 469.2239  469.08356 469.12915 469.05838 469.0401  469.0513
 469.20462 469.0988  468.9695 ]
[329.05493 329.11047 329.01694 329.08246 329.1082  329.09055 329.22507
 329.02478 329.12415 329.01633 329.20322 328.88623 329.0356  328.9486
 329.0353  329.05475 329.10562 329.05048 329.12924 329.1499  329.1277
 329.00406 329.14398 329.12335]
[72.39257  72.42252  72.40326  72.35977  72.3694   72.411    72.435196
 72.394875 72.386635 72.29992  72.409225 72.286354 72.32589  72.28606
 72.42568  72.388504 72.417595 72.35924  72.43312  72.4072   72.383934
 72.35602  72.402885 72.41614 ]
[0.20199358 0.18525231 0.2179631  0.20623827 0.20139992 0.19979703
 0.17762375 0.20778179 0.19534457 0.25572002 0.19279182 0.25459206
 0.22312796 0.24755716 0.20926595 0.22398877 0.19908464 0.21659768
 0.18569756 0.19489932 0.19908464 0.21781468 0.18522263 0.20695066]
[-4.382296  -4.399364  -4.368048  -4.37161   -4.3795652 -4.3806043
 -4.4008183 -4.378378  -4.3884106 -4.3280945 -4.3827415 -4.331538
 -4.3571844 -4.335753  -4.3765078 -4.358164  -4.381732  -4.36508
 -4.399275  -4.3819695 -4.381257  -4.3616962 -4.395772  -4.3744893]
[0.32820618 0.31318653 0.34141517 0.3250004  0.31909347 0.32422864
 0.29962134 0.32244766 0.3190341  0.35975933 0.31757963 0.3654288
 0.33628    0.3548913  0.3255347  0.34655035 0.31565022 0.33265865
 0.31404734 0.3141364  0.32461452 0.3353895  0.3116727  0.32402086]
[0.9978572  0.98375773 1.0098492  0.9963434  0.9883883  0.9952154
 0.9706378  0.9919206  0.98868513 1.0283418  0.9885961  1.0327646
 1.0041203  1.0220193  0.9943546  1.0164982  0.9856278  1.0037642
 0.9841733  0.9856278  0.9948592  1.005189   0.9831641  0.9923955 ]
[0.8555267  0.8405961  0.8681123  0.85169756 0.84507823 0.85154915
 0.8256655  0.84872925 0.8458797  0.885566   0.8438909  0.89129484
 0.8611665  0.8798075  0.8514601  0.87351465 0.8412491  0.8596823
 0.84116006 0.8405367  0.85140073 0.8617898  0.8390229  0.84923387]
[1.3263305 1.3106282 1.3392427 1.3228873 1.3161789 1.3211657 1.295371
 1.3194441 1.3168913 1.3587148 1.3138636 1.3652748 1.333692  1.352986
 1.3219671 1.3446153 1.3115484 1.3306643 1.3118749 1.3101829 1.3226498
 1.333128  1.3092034 1.3203049]
[1.1091689 1.0935853 1.121339  1.1067349 1.0989876 1.1051617 1.0782688
 1.1024902 1.0994922 1.1418203 1.0969691 1.147371  1.1155211 1.1351416
 1.1045977 1.1276615 1.0944461 1.1149274 1.0942383 1.0944757 1.1053694
 1.11656   1.0925167 1.1024308]
[1.3959078 1.3807397 1.4086418 1.3923755 1.3856077 1.3914553 1.3656904
 1.3889619 1.3863201 1.426511  1.3841236 1.4327148 1.4021115 1.4208416
 1.391574  1.4140145 1.3814521 1.4000337 1.3817489 1.3804725 1.3921677
 1.4025271 1.3792555 1.3896446]
[1.0807918 1.0641693 1.0935259 1.0779126 1.0706996 1.0750036 1.047428
 1.0740538 1.0712636 1.1167084 1.0664846 1.1235652 1.0889547 1.1100594
 1.0758941 1.0994625 1.0646739 1.0865207 1.0652379 1.0638131 1.0769033
 1.0885391 1.0627742 1.0740538]
[0.9175941  0.90058565 0.92973447 0.9145664  0.90690815 0.912073
 0.88322103 0.9104701  0.90747213 0.9533919  0.9026041  0.96001124
 0.92468834 0.94614923 0.91204333 0.93611634 0.90073407 0.92361975
 0.9012387  0.90061533 0.9131119  0.92522264 0.8992202  0.9099952 ]
[1.1846234 1.1674072 1.1974761 1.1814473 1.1744717 1.1782712 1.150369
 1.1777072 1.1748576 1.2219944 1.1695443 1.2287621 1.1933799 1.2148705
 1.1795772 1.2033237 1.1681492 1.1903225 1.1685945 1.1670806 1.1807052
 1.1924597 1.166012  1.1781821]
[7.9576273 7.956974  7.972469  7.9587255 7.951631  7.967957  7.9643354
 7.9534717 7.9509783 7.9529967 7.975882  7.9498205 7.9571223 7.9540353
 7.963742  7.9750214 7.966562  7.95457   7.9589925 7.9642463 7.9621687
 7.9601502 7.9578347 7.964573 ]
[59.720642 59.77597  59.75742  59.76772  59.777576 59.825455 59.920498
 59.779354 59.762257 59.62349  59.887936 59.581223 59.74222  59.668163
 59.821003 59.733227 59.86532  59.71061  59.783985 59.84801  59.762794
 59.726578 59.78737  59.85469 ]
[245.4765  245.64929 245.68828 245.52838 245.44034 245.52812 245.83539
 245.59467 245.50497 245.28342 245.74203 245.19086 245.4819  245.35233
 245.63914 245.56142 245.68178 245.45168 245.68787 245.5968  245.57323
 245.42209 245.67763 245.53891]
[372.05463 372.03235 372.04385 372.0451  372.0497  372.0266  371.96695
 372.03497 372.04822 372.1584  371.96405 372.14972 372.03635 372.09836
 372.05942 372.04663 372.02835 372.06137 372.01846 371.9646  372.05743
 372.078   372.01978 372.0522 ]
[535.31805 535.4802  534.4289  534.5582  534.0412  534.9886  533.90137
 533.8543  534.91846 533.27716 534.2658  533.6118  532.8527  532.7243
 533.6891  534.4     533.50146 534.4021  535.44635 533.6436  534.9451
 534.4064  535.5208  533.03253]
[793.4923  793.4116  793.43353 793.23096 793.2385  793.39374 793.13257
 793.1117  793.4312  793.16705 793.25    793.2219  793.1247  793.0821
 793.0197  793.26227 793.2091  793.1119  793.33636 793.27826 793.48016
 793.30853 793.259   793.05896]
[747.37244 747.4602  747.33563 747.47577 747.4008  747.48474 747.04474
 747.18164 747.6108  747.0881  746.95013 747.20276 746.94385 747.1479
 747.2648  746.6196  747.24457 746.9044  747.16125 746.6145  747.4341
 747.2613  747.21124 747.01843]
[848.92834 848.99414 848.89764 848.9802  849.00165 848.93835 848.83777
 848.9772  849.0603  849.1457  848.8121  849.02704 848.9279  849.0614
 848.9475  848.8683  849.05054 848.9331  848.8595  848.7801  848.94214
 848.8626  848.87915 848.98834]
[737.1905  737.18616 737.0445  737.00543 736.9803  737.16724 736.9376
 736.9518  737.04504 736.9166  737.0309  736.9082  736.8144  736.76953
 736.9019  737.13727 736.93585 737.0765  737.17194 737.04156 737.11035
 736.93945 737.1324  736.9072 ]
[610.7706  610.7493  610.76587 610.8133  610.6992  610.6828  610.50244
 610.73016 610.72253 610.95685 610.611   610.95825 610.7706  610.927
 610.6652  610.8593  610.65857 610.8786  610.6467  610.6258  610.73364
 610.8706  610.7577  610.4945 ]
[425.27557 425.2616  425.40906 425.37747 425.35315 425.29932 425.40088
 425.36856 425.33206 425.46283 425.44656 425.3427  425.46017 425.4855
 425.38367 425.4035  425.362   425.3583  425.28806 425.38507 425.30658
 425.41757 425.32416 425.34583]
[271.04794 271.1252  270.99072 271.06827 271.10205 271.1173  271.235
 271.00732 271.1515  270.99124 271.19888 270.8326  270.9561  270.8599
 271.0441  271.04486 271.10132 271.0396  271.16138 271.1353  271.13455
 270.93564 271.14218 271.17188]
[67.7352   67.75824  67.74277  67.6859   67.70516  67.74719  67.74571
 67.733925 67.7238   67.66533  67.72214  67.65304  67.661736 67.641464
 67.757614 67.72846  67.74565  67.703026 67.75966  67.730156 67.71962
 67.67907  67.72775  67.74873 ]
[-7.341198  -7.3664584 -7.317214  -7.2910633 -7.304658  -7.326178
 -7.325555  -7.3140674 -7.340901  -7.240127  -7.3074484 -7.2520003
 -7.258115  -7.2390285 -7.3105946 -7.303827  -7.2999086 -7.3016896
 -7.3602543 -7.3033223 -7.3216662 -7.2820096 -7.3503995 -7.289846 ]
[0.85962296 0.8448111  0.8734553  0.8570702  0.85134137 0.8553486
 0.83219576 0.85469556 0.8507774  0.8928087  0.84979784 0.8978548
 0.8693887  0.8878219  0.8577826  0.8785014  0.8484324  0.86440194
 0.8460281  0.84611714 0.85683274 0.86734056 0.8435347  0.85662496]
[0.22387004 0.20923626 0.23609948 0.22280145 0.21520257 0.22149539
 0.19682872 0.21861613 0.21472764 0.25631368 0.21487606 0.2599647
 0.23143923 0.24984276 0.22116888 0.24283755 0.21238267 0.23048937
 0.20950341 0.21238267 0.22072363 0.23206258 0.20879102 0.2193582 ]
[1.0329427 1.0187541 1.0455283 1.0291729 1.0224348 1.0296775 1.0048327
 1.0260562 1.0233253 1.0604589 1.022702  1.0659206 1.037781  1.055205
 1.029262  1.0506932 1.0196149 1.0365046 1.0193775 1.0189322 1.0290245
 1.0387309 1.0172403 1.0269763]
[1.1583835 1.1433638 1.1709988 1.1543169 1.1477569 1.1540201 1.1285223
 1.1512595 1.1486474 1.1878588 1.1466587 1.1940923 1.164053  1.1824565
 1.1541685 1.1761934 1.1439872 1.1620642 1.1442543 1.142978  1.1543466
 1.1644388 1.141761  1.1521204]
[1.3320594 1.3165945 1.3447934 1.3291504 1.3220859 1.3272804 1.3015155
 1.325351  1.3227092 1.3645327 1.3200674 1.3707068 1.3392427 1.3585367
 1.327785  1.3504332 1.3176334 1.3369274 1.3176928 1.3166538 1.3285865
 1.339124  1.3154072 1.3260337]
[1.2525086 1.236925  1.2652724 1.2489763 1.2422383 1.2476703 1.2214007
 1.2455034 1.2428616 1.2842696 1.240012  1.2907108 1.2591577 1.2783923
 1.2481155 1.270645  1.2376077 1.256783  1.2379639 1.2365391 1.2486202
 1.2592764 1.2354112 1.2462158]
[1.378187  1.3625143 1.39101   1.374714  1.3678275 1.3732299 1.3469009
 1.3711224 1.3685102 1.4100072 1.3655419 1.4166266 1.384925  1.4043081
 1.3736751 1.396353  1.3631376 1.3824613 1.3636719 1.3620987 1.3743578
 1.385014  1.3610895 1.3717754]
[1.0133221  0.996284   1.0260562  1.0102054  1.0030814  1.0072074
 0.9790678  1.0064356  1.0037048  1.0497136  0.9983618  1.0568376
 1.0215443  1.0430052  1.0081869  1.0320225  0.9966699  1.019051
 0.99744165 0.9957794  1.0091962  1.02101    0.9949186  1.0063763 ]
[0.98176897 0.9644934  0.9945624  0.97829604 0.9713799  0.9753574
 0.94701004 0.9747044  0.9720032  1.018487   0.96636343 1.0258484
 0.9901099  1.0117489  0.97651505 1.0003803  0.96476054 0.987201
 0.96565104 0.96372163 0.9775243  0.9894272  0.96297956 0.97479343]
[1.1268303 1.1093767 1.1397722 1.1236542 1.1167381 1.120211  1.0920714
 1.1199439 1.1170646 1.1646466 1.1113951 1.1718003 1.1357946 1.1576414
 1.1216952 1.1455901 1.1101484 1.1326482 1.1105937 1.1089611 1.1228825
 1.1347854 1.1079519 1.1203594]
[7.7510624 7.7488656 7.765132  7.751923  7.744235  7.7604127 7.753496
 7.7463427 7.7444134 7.749133  7.766082  7.7477674 7.750617  7.749934
 7.755782  7.768575  7.7569695 7.748925  7.750825  7.755277  7.754565
 7.7540307 7.7495484 7.75596  ]
[44.477383 44.531525 44.516182 44.529507 44.53898  44.580265 44.676174
 44.53307  44.521317 44.40107  44.648804 44.349243 44.50956  44.437046
 44.57724  44.499825 44.631233 44.470974 44.537464 44.60737  44.528946
 44.48549  44.541172 44.62286 ]
[227.29132 227.45964 227.50768 227.36601 227.27682 227.34766 227.64674
 227.41156 227.33334 227.14317 227.5649  227.0445  227.32755 227.21002
 227.45897 227.39554 227.51295 227.283   227.49553 227.41724 227.41188
 227.2613  227.49623 227.37369]
[377.246   377.2203  377.2373  377.21774 377.21707 377.2175  377.14545
 377.2073  377.21906 377.3181  377.16565 377.3206  377.21365 377.2597
 377.22485 377.25085 377.19638 377.24762 377.2157  377.1747  377.24963
 377.25586 377.22342 377.22122]
[553.86127 554.1322  552.78467 552.8198  551.9827  553.4677  552.0219
 551.78345 553.3838  550.58624 552.48254 551.1878  550.2926  550.00006
 551.59393 552.453   551.2568  552.36926 554.1271  551.43414 553.3693
 552.4842  554.14636 550.5729 ]
[785.3373  785.317   785.45233 785.35223 785.4545  785.29474 785.4322
 785.5238  785.40594 785.5743  785.31946 785.5445  785.69385 785.71814
 785.4692  785.37384 785.6828  785.31305 785.2018  785.4364  785.35547
 785.319   785.1318  785.63416]
[877.5104  877.592   877.645   877.64276 877.6272  877.53754 877.4897
 877.6881  877.74554 877.7624  877.4302  877.6708  877.62494 877.82825
 877.6539  877.4458  877.6713  877.5105  877.4319  877.3003  877.50726
 877.4916  877.42944 877.5798 ]
[733.1488  733.16907 733.0307  733.1422  733.1568  733.1248  733.1459
 733.0629  733.1401  733.11304 733.11426 733.06793 733.0426  733.007
 733.07745 733.05066 733.0931  733.1281  733.17413 733.1046  733.18335
 733.14703 733.20886 733.09326]
[856.14874 856.1232  856.02405 855.9693  856.096   856.10767 856.0416
 856.10846 856.1391  855.89233 855.94745 856.113   855.991   855.9849
 856.1304  856.0207  856.0027  856.03094 856.13525 856.0029  856.0256
 856.06616 856.0474  856.1634 ]
[672.48566 672.5177  672.5643  672.4907  672.36237 672.4114  672.3037
 672.4319  672.4545  672.4783  672.3896  672.4363  672.37665 672.4628
 672.382   672.5551  672.36145 672.48    672.4589  672.27466 672.44293
 672.50134 672.4899  672.18207]
[425.7326  425.7186  425.87943 425.83847 425.81033 425.70358 425.81137
 425.83823 425.79953 425.9929  425.85803 425.89047 425.9673  426.02365
 425.84747 425.8662  425.82413 425.82642 425.73123 425.80676 425.7706
 425.9106  425.78622 425.78946]
[308.6253  308.68756 308.6409  308.65894 308.6871  308.7063  308.84915
 308.6615  308.70316 308.52832 308.80212 308.44104 308.6189  308.51843
 308.6978  308.61783 308.72824 308.60797 308.72794 308.758   308.6782
 308.58795 308.70966 308.75854]
[88.97624  88.99621  88.97288  88.92658  88.94836  88.98191  88.98114
 88.96771  88.97457  88.93718  88.955025 88.90581  88.89697  88.88647
 88.98218  88.96117  88.96961  88.94889  88.99769  88.959045 88.96468
 88.90961  88.96836  88.98552 ]
[-2.8873358 -2.9065409 -2.8683684 -2.8715444 -2.8784902 -2.8832693
 -2.8974578 -2.8788762 -2.8932724 -2.8321846 -2.8810134 -2.8310864
 -2.849668  -2.8317394 -2.874394  -2.8624911 -2.8771546 -2.8715444
 -2.903157  -2.8812509 -2.8828833 -2.860799  -2.902949  -2.867003 ]
[0.9098171  0.8953911  0.9233526  0.9105295  0.90304935 0.9064332
 0.8843787  0.9061067  0.90180266 0.9472178  0.9020995  0.9493847
 0.92136383 0.9400939  0.90868914 0.930061   0.90076375 0.9175644
 0.8966081  0.898775   0.9085704  0.9196422  0.8957176  0.9077096 ]
[-0.13116968 -0.14562535 -0.11923707 -0.13315845 -0.14046049 -0.1332475
 -0.15868592 -0.13672042 -0.14075732 -0.09988368 -0.14063859 -0.09688568
 -0.12523305 -0.10685921 -0.1341083  -0.11255836 -0.14319134 -0.12499559
 -0.14592218 -0.14283514 -0.13511753 -0.12365985 -0.14648616 -0.13651264]
[1.7713695 1.7573887 1.7842816 1.7667686 1.7607132 1.7674513 1.7436157
 1.763919  1.7617818 1.7968969 1.7611881 1.803724  1.7763265 1.7929788
 1.7674513 1.7887934 1.758012  1.7734176 1.7586651 1.7564389 1.7677778
 1.7764453 1.755578  1.7656703]
[1.3237184 1.3090847 1.3358885 1.321225  1.3135668 1.3201565 1.2948664
 1.3169804 1.3142495 1.3537874 1.3130325 1.3592491 1.329566  1.3477914
 1.3195331 1.3419439 1.3100642 1.3287052 1.3098564 1.3098861 1.3203346
 1.3304565 1.3081348 1.3174553]
[1.1354088 1.120122  1.1480241 1.1317577 1.1249009 1.131075  1.1049242
 1.1283442 1.125643  1.1661901 1.1234168 1.1719784 1.1413157 1.1601348
 1.130986  1.1534561 1.1207156 1.1396831 1.1208937 1.1199735 1.1314015
 1.1418797 1.1186675 1.1289082]
[1.5407317 1.5254449 1.5536735 1.5374962 1.5306097 1.5358636 1.5104549
 1.5338155 1.5313815 1.572077  1.5288287 1.5784886 1.5476182 1.566556
 1.5364573 1.5590165 1.5263354 1.544917  1.5267212 1.5250293 1.5372587
 1.54744   1.5240794 1.534706 ]
[1.3132106 1.2977754 1.3252916 1.3105985 1.3027028 1.3092628 1.2823402
 1.3062054 1.3034152 1.3447934 1.3010108 1.350552  1.3189691 1.3381741
 1.308402  1.3316141 1.2982206 1.3186129 1.2984581 1.2983987 1.3093518
 1.3203049 1.2966474 1.3060867]
[0.9538965  0.9369178  0.96651185 0.95015645 0.94326997 0.94790053
 0.9196125  0.94665384 0.94398236 0.9892194  0.93887687 0.9963137
 0.9613173  0.9825407  0.94858325 0.9722407  0.9370662  0.9590317
 0.93786764 0.9362351  0.9494144  0.96125793 0.9353446  0.94662416]
[1.0671079 1.0499808 1.0796639 1.0639615 1.0567485 1.0609041 1.0328536
 1.0601324 1.0573422 1.1034994 1.052118  1.110564  1.0753005 1.096702
 1.061765  1.0857192 1.0503963 1.0727477 1.0511384 1.0494761 1.062982
 1.0747365 1.0485857 1.060073 ]
[1.1077144 1.0904685 1.1199735 1.105221  1.0973253 1.1021043 1.073282
 1.1007389 1.0975034 1.1449667 1.0927244 1.1512892 1.1155508 1.1371897
 1.1023418 1.1264741 1.0910919 1.1142744 1.0911512 1.0910028 1.1035885
 1.1158476 1.0892218 1.1006498]
[8.423326 8.422405 8.437692 8.424364 8.416973 8.433952 8.429262 8.418724
 8.417151 8.417478 8.441195 8.415607 8.422168 8.419377 8.429025 8.44066
 8.431429 8.419971 8.424691 8.429084 8.42757  8.425671 8.423326 8.429529]
[41.54775  41.6029   41.58628  41.60192  41.612934 41.65354  41.751377
 41.605038 41.594353 41.472416 41.72377  41.418747 41.583103 41.50943
 41.65084  41.571053 41.707268 41.54196  41.60768  41.682335 41.601063
 41.557426 41.61243  41.69964 ]
[196.11955 196.28284 196.3326  196.20576 196.1119  196.18454 196.4954
 196.23851 196.15533 195.96304 196.41446 195.86024 196.16388 196.03284
 196.28828 196.22159 196.3466  196.11116 196.3263  196.2616  196.23907
 196.09656 196.32256 196.21056]
[331.2426  331.21228 331.252   331.21524 331.223   331.217   331.16818
 331.227   331.22067 331.30316 331.16956 331.3088  331.2293  331.2691
 331.23312 331.24097 331.2035  331.23712 331.21045 331.18744 331.23514
 331.25076 331.19812 331.22476]
[326.67456 326.5942  326.4356  326.3797  326.16595 326.35925 325.99368
 326.34763 326.37228 326.18134 326.24368 326.48816 326.08035 325.93646
 326.1462  326.45486 326.0467  326.4148  326.82507 326.32864 326.40692
 326.3133  326.54947 326.03992]
[449.57526 449.14273 450.361   449.4769  449.7769  449.63876 450.22885
 450.03876 449.4024  449.2947  449.9165  449.2799  450.25766 449.96262
 449.7565  449.59848 449.68176 449.17123 449.38495 450.05313 449.2307
 449.62335 448.55164 449.74854]
[445.79657 445.76324 445.8042  445.7635  445.77362 445.80554 445.83414
 445.7311  445.738   445.78586 445.9004  445.75397 445.8308  445.7518
 445.7452  445.86835 445.78662 445.79492 445.8076  445.92496 445.84076
 445.78012 445.8183  445.844  ]
[309.15656 309.31577 309.93378 309.6769  309.3385  309.2802  309.7261
 309.61984 309.50693 309.74884 309.8434  309.42435 309.81802 310.00797
 309.7717  309.70493 309.70657 309.43842 309.34726 309.35165 309.33203
 309.50348 309.40686 309.40506]
[381.95953 381.91782 382.01413 382.01935 382.01465 381.99948 382.02136
 382.0189  381.96335 381.98166 382.04453 382.04294 382.08234 382.07806
 382.01514 381.96625 381.96228 381.985   381.96692 382.02863 381.94632
 382.04932 381.9655  382.01917]
[463.0533  463.10223 463.02145 463.22736 463.20837 463.04117 463.2529
 463.01703 463.16946 463.40903 463.25107 463.1322  463.22076 463.18152
 463.0086  463.14532 463.19427 463.1655  463.12924 463.15268 463.29782
 463.0959  463.19666 463.2335 ]
[237.46698 238.49467 238.28671 239.59581 239.7415  240.34004 244.29648
 238.8934  238.49687 235.01932 242.83066 234.69342 239.50948 236.20268
 239.8394  237.02693 241.85304 236.89825 239.79051 242.12077 239.93137
 237.9647  239.31808 243.10117]
[341.7134  341.79474 341.8181  341.9657  341.9899  342.03348 342.25082
 342.02255 341.88583 341.65936 342.15433 341.7332  342.07303 341.96164
 342.05554 341.66754 342.19345 341.81247 341.78204 342.22278 341.8648
 341.8482  341.9171  342.15625]
[91.71413  91.68764  91.756294 91.62779  91.65323  91.67551  91.62625
 91.71947  91.67511  91.68824  91.581474 91.71491  91.64041  91.677925
 91.69749  91.667046 91.63792  91.65189  91.69122  91.59567  91.65092
 91.626755 91.59942  91.65648 ]
[-5.448751  -5.475466  -5.430051  -5.38324   -5.397637  -5.428685
 -5.4241734 -5.4067197 -5.4429035 -5.310992  -5.406542  -5.340467
 -5.347947  -5.31957   -5.409896  -5.406512  -5.397696  -5.3858523
 -5.4732695 -5.392442  -5.428893  -5.3734746 -5.449434  -5.3909283]
[-0.09436262 -0.10831368 -0.0803225  -0.09670758 -0.10118973 -0.09584677
 -0.1165359  -0.09819174 -0.10294104 -0.06666827 -0.10018051 -0.06168151
 -0.08438909 -0.06865704 -0.093858   -0.07637465 -0.10199118 -0.09100842
 -0.10712636 -0.10424709 -0.0972122  -0.08661532 -0.10961974 -0.09424388]
[1.5758765 1.5629346 1.5886105 1.5748969 1.5674168 1.573858  1.552219
 1.5705335 1.567298  1.604402  1.5694946 1.6077561 1.5829707 1.5989106
 1.5737987 1.5947549 1.5664372 1.5808929 1.5640329 1.5651906 1.5740064
 1.5830598 1.5626675 1.5722551]
[0.4466418  0.43358123 0.45812917 0.44307983 0.4359262  0.44533575
 0.42025352 0.44011152 0.4369651  0.47175372 0.43788528 0.4751376
 0.4489571  0.46569836 0.44316888 0.4642439  0.43420458 0.4508568
 0.43307662 0.43476856 0.4420706  0.45201445 0.43215644 0.43984437]
[2.2037337 2.1913557 2.2167645 2.1994    2.1931071 2.20127   2.179453
 2.1965504 2.1945024 2.2252243 2.1963723 2.2311015 2.2074738 2.2218997
 2.2006764 2.2208905 2.192276  2.204921  2.1926026 2.190703  2.2006764
 2.2082455 2.189664  2.198658 ]
[1.743408  1.7301396 1.7556671 1.7413301 1.7335532 1.7411817 1.7179399
 1.7369964 1.7343249 1.7700931 1.7355123 1.7744862 1.7485135 1.7646611
 1.7400538 1.7616037 1.7318316 1.747712  1.7310598 1.731416  1.7406474
 1.7497305 1.7294866 1.7379463]
[1.5607975 1.5470839 1.5734425 1.5572948 1.5504084 1.5578885 1.5335484
 1.5538219 1.5513285 1.5871857 1.5514176 1.592499  1.565339  1.5821099
 1.5571464 1.5785776 1.5479447 1.564122  1.5478556 1.5471432 1.5572355
 1.5666153 1.5456591 1.5548015]
[2.0757995 2.0621452 2.0887709 2.072475  2.0655885 2.0724454 2.0490253
 2.0688536 2.0665977 2.102158  2.0668054 2.1077979 2.0811129 2.0975275
 2.072267  2.0936093 2.0633326 2.0787678 2.0634809 2.0619373 2.0727718
 2.0816174 2.0608687 2.0702486]
[1.8781693 1.8646635 1.8902503 1.8755572 1.8676615 1.8758837 1.8512467
 1.8711938 1.8686707 1.9042904 1.8691456 1.9092772 1.8822062 1.8987694
 1.8742511 1.8960979 1.8654056 1.8822953 1.8653462 1.8653759 1.8748448
 1.8842247 1.8636246 1.8716984]
[1.9091288 1.8952668 1.9218628 1.9056262 1.8986506 1.9057449 1.8814344
 1.9019455 1.8996599 1.9357842 1.8993334 1.9416318 1.9139078 1.9308271
 1.9052403 1.9269683 1.8959792 1.9123049 1.8963354 1.8949699 1.9057746
 1.9149764 1.893842  1.9030141]
[1.9745207 1.9595307 1.9873735 1.9715524 1.9643394 1.9700682 1.9448376
 1.9676342 1.9650815 2.005035  1.9631817 2.0112684 1.9809619 1.9993358
 1.9702463 1.9928352 1.9605103 1.9787654 1.9608368 1.959412  1.9712852
 1.9811994 1.958284  1.9685247]
[6.9907293 6.9882956 7.004413  6.9901953 6.9826555 6.9990406 6.9913526
 6.985149  6.980756  6.987286  7.0037007 6.9832788 6.9869595 6.9858317
 6.993727  7.007233  6.9950633 6.9880877 6.989364  6.994618  6.992421
 6.9933414 6.9879985 6.9917684]
[118.14478  118.16675  118.15998  118.173225 118.18001  118.20053
 118.238914 118.192696 118.17542  118.080124 118.19816  118.08661
 118.14395  118.11492  118.20151  118.12175  118.20025  118.132515
 118.18808  118.17616  118.15991  118.147415 118.16871  118.20647 ]
[95.63526  95.65517  96.011856 95.87343  96.002815 95.97919  96.03841
 96.09037  95.85262  96.04847  96.11208  95.87046  96.15977  96.28815
 96.13776  96.00181  96.149895 95.87839  95.59779  96.12061  95.6944
 95.87101  95.649376 96.17156 ]
[296.70007 296.6936  296.6965  296.71603 296.74933 296.71756 296.68024
 296.77112 296.7484  296.8409  296.65802 296.8563  296.76013 296.84912
 296.7941  296.70187 296.75052 296.76175 296.66693 296.68884 296.70334
 296.75696 296.72363 296.7864 ]
[705.3329  705.71826 705.0269  705.501   705.359   705.51904 705.4806
 705.35565 705.5631  705.12744 705.50287 705.2075  705.05133 705.08435
 705.582   705.3333  705.5974  705.55774 705.63934 705.3058  705.5452
 705.4316  706.12946 705.4972 ]
[764.3216  764.0539  764.6408  764.3407  764.6065  764.38635 764.73615
 764.52637 764.281   764.6973  764.64935 764.6436  764.88776 764.8191
 764.5029  764.51715 764.4751  764.3865  764.252   764.89777 764.4357
 764.6831  764.0836  764.7109 ]
[856.6941  856.7171  856.67    856.7118  856.6641  856.6264  856.7007
 856.6125  856.7121  856.58966 856.6486  856.5998  856.6156  856.5336
 856.59406 856.5903  856.6282  856.59186 856.7659  856.58875 856.73895
 856.6411  856.684   856.6301 ]
[883.00543 883.0926  882.95746 883.02814 882.9521  882.9415  883.1143
 882.888   883.0242  882.772   883.0376  882.752   882.8658  882.69476
 882.89764 882.88214 882.9791  882.8747  883.1677  882.9432  883.1113
 882.9107  883.1158  882.9476 ]
[655.5916  655.55237 655.4872  655.4167  655.3768  655.5707  655.3932
 655.3426  655.4162  655.25446 655.501   655.3136  655.26526 655.1634
 655.3139  655.5508  655.3061  655.46265 655.6021  655.50745 655.534
 655.4005  655.5536  655.3192 ]
[618.376   618.5231  618.429   618.50323 618.34827 618.5129  618.68
 618.3858  618.43756 618.1138  618.6876  617.96765 618.2603  618.11127
 618.40204 618.50183 618.4766  618.42487 618.5434  618.5531  618.4594
 618.3889  618.6081  618.33624]
[449.3127  449.33847 449.45663 449.44064 449.4113  449.31555 449.52594
 449.4528  449.40988 449.4544  449.5147  449.36945 449.54636 449.526
 449.47076 449.41385 449.47107 449.3893  449.37534 449.4722  449.37292
 449.48657 449.41968 449.42664]
[267.61514 267.68735 267.56305 267.62192 267.65192 267.6686  267.78238
 267.57346 267.6996  267.55142 267.74536 267.40738 267.52356 267.43042
 267.60654 267.60873 267.65985 267.6004  267.71844 267.69086 267.69022
 267.50674 267.7009  267.7188 ]
[63.65597  63.67734  63.664135 63.61198  63.632877 63.66624  63.666626
 63.664043 63.640656 63.6026   63.64389  63.595417 63.603134 63.584435
 63.689926 63.658226 63.681084 63.63528  63.676777 63.664936 63.64178
 63.613937 63.650806 63.682655]
[-7.568155  -7.592881  -7.544557  -7.5203056 -7.533159  -7.553788
 -7.5541444 -7.541589  -7.5678287 -7.4689837 -7.536216  -7.4807677
 -7.4879217 -7.468301  -7.5381455 -7.5314665 -7.5287657 -7.5295076
 -7.5871224 -7.5321198 -7.54987   -7.510956  -7.5775943 -7.518762 ]
[0.8291681  0.8143859  0.8430004  0.826645   0.82097554 0.8250718
 0.801919   0.8242407  0.82029283 0.8621757  0.8194914  0.86722183
 0.83887446 0.857278   0.8273277  0.84804654 0.81815565 0.83394706
 0.8155732  0.815781   0.8263185  0.83694506 0.8131689  0.8262888 ]
[0.324852   0.31027758 0.3371408  0.3237834  0.3162142  0.32244766
 0.29798877 0.3195684  0.31573927 0.35696912 0.3158877  0.36082792
 0.33251023 0.35073566 0.3221805  0.34376013 0.313424   0.33129323
 0.31063378 0.31333494 0.32179463 0.33295548 0.30983233 0.3204589 ]
[1.0699575 1.0556799 1.0824541 1.066158  1.059509  1.0665736 1.0418179
 1.0631007 1.0602808 1.0977409 1.0596575 1.1031432 1.0749443 1.092487
 1.0661877 1.087708  1.0566298 1.0735492 1.056333  1.0558877 1.066069
 1.0758051 1.0542254 1.0640209]
[1.0913887 1.0764581 1.104004  1.0874705 1.0808512 1.087144  1.0615275
 1.0844429 1.0817417 1.1210421 1.0797232 1.1271569 1.0970582 1.1155508
 1.0872034 1.1093173 1.0770518 1.0952178 1.0772299 1.0760722 1.0873815
 1.0975034 1.0748255 1.0851552]
[1.3649483 1.349424  1.3777714 1.3620393 1.3549451 1.3600506 1.334345
 1.3582102 1.3556278 1.3973919 1.3528079 1.403655  1.3722206 1.391485
 1.3606739 1.3834112 1.3504926 1.3696679 1.350641  1.349335  1.361505
 1.3720129 1.348207  1.3590117]
[1.2490654 1.2333927 1.2618885 1.2454144 1.238706  1.2441974 1.2178981
 1.2420602 1.2394184 1.2809154 1.2364798 1.2873269 1.2556847 1.2751272
 1.2446129 1.2672018 1.2341051 1.2533398 1.2344613 1.2330365 1.2451769
 1.2558331 1.2319382 1.2427132]
[1.359724  1.3439623 1.3724581 1.3561324 1.3493053 1.3547373 1.328438
 1.3526595 1.350077  1.3914553 1.3470197 1.3981043 1.3663731 1.3856968
 1.3552122 1.3779198 1.344645  1.3640281 1.3451793 1.3436061 1.3558652
 1.3664324 1.3425969 1.3532828]
[1.0245126  1.0075042  1.0372467  1.0214553  1.0143017  1.0184276
 0.99043643 1.0176262  1.0148656  1.0608745  1.0096711  1.0679984
 1.0327942  1.0541364  1.0193775  1.043213   1.0079792  1.0302415
 1.0086322  1.007059   1.0204164  1.03226    1.0061388  1.0175965 ]
[0.98654795 0.96930206 0.99934137 0.9831344  0.9761292  0.9801364
 0.9518187  0.9795724  0.9768119  1.023266   0.9711424  1.030568
 0.9948592  1.0165279  0.98126435 1.0051593  0.9695692  0.9920393
 0.97043    0.96856    0.9822736  0.9941765  0.9677882  0.97954273]
[1.108694  1.0911809 1.1216358 1.1055179 1.0986017 1.1021043 1.0739053
 1.1018372 1.0989579 1.1466883 1.09314   1.1537826 1.1177176 1.1395644
 1.1034994 1.127513  1.0918636 1.1145118 1.0924276 1.0907654 1.1047461
 1.116649  1.0897561 1.1021637]
[7.406174  7.403028  7.4199767 7.406857  7.3991394 7.4145746 7.40656
 7.401247  7.399169  7.406085  7.419532  7.4050164 7.4059963 7.4063525
 7.4101815 7.4235983 7.4108343 7.4043636 7.4049277 7.409261  7.4091425
 7.409291  7.40377   7.410211 ]
[44.29635  44.350517 44.334934 44.348175 44.356873 44.397655 44.494007
 44.35135  44.339832 44.220448 44.465958 44.169334 44.32811  44.25577
 44.395134 44.317898 44.44865  44.2897   44.356873 44.424313 44.348473
 44.304096 44.36058  44.44031 ]
[220.51923 220.67201 220.71931 220.58818 220.51114 220.57687 220.84682
 220.63669 220.56148 220.38812 220.77115 220.29791 220.55618 220.45343
 220.68112 220.6159  220.72693 220.51448 220.7027  220.639   220.62575
 220.49525 220.70398 220.60173]
[380.55127 380.5263  380.54095 380.52396 380.5228  380.523   380.4496
 380.51157 380.52493 380.6256  380.4706  380.62723 380.51816 380.56522
 380.5305  380.5564  380.50226 380.55392 380.52106 380.47855 380.55612
 380.56207 380.5306  380.52734]
[559.48016 559.78687 558.21625 558.2495  557.2922  558.9957  557.3578
 557.0675  558.89087 555.6504  557.8651  556.32874 555.3259  554.9589
 556.8254  557.8368  556.43585 557.74133 559.79376 556.6709  558.8796
 557.8692  559.78406 555.629  ]
[787.89075 787.881   788.0259  787.9017  787.9911  787.845   787.9436
 788.07513 787.9693  788.12537 787.84393 788.094   788.2393  788.28253
 788.0173  787.9031  788.2579  787.8359  787.72797 787.9547  787.90027
 787.8505  787.66486 788.1642 ]
[877.7522  877.8321  877.89935 877.8947  877.8819  877.78406 877.7396
 877.944   877.99646 878.03125 877.68097 877.9385  877.89233 878.1029
 877.9119  877.69867 877.9285  877.7622  877.6711  877.5532  877.7553
 877.7433  877.6692  877.8442 ]
[873.7779  873.82715 873.7494  873.84436 873.87823 873.8053  873.7753
 873.856   873.8951  873.9953  873.7353  873.8977  873.8314  873.93506
 873.84    873.7574  873.9105  873.83264 873.73975 873.7272  873.8044
 873.76575 873.76904 873.89215]
[765.0021  764.9905  764.8594  764.88916 764.8923  764.9788  764.8159
 764.8341  764.9355  764.8815  764.86835 764.87933 764.75574 764.7389
 764.7975  764.95447 764.80927 764.94464 764.9926  764.89026 764.964
 764.84357 764.961   764.8512 ]
[612.9683  612.98096 612.98505 613.01697 612.90765 612.92413 612.83154
 612.93176 612.9464  613.03784 612.90857 613.0123  612.9381  613.01636
 612.8878  613.0476  612.8945  613.0347  612.9188  612.8744  612.96136
 613.0344  612.9959  612.7581 ]
[421.21512 421.1952  421.33206 421.30667 421.2889  421.2374  421.3365
 421.29614 421.2654  421.38898 421.3802  421.2777  421.39124 421.40646
 421.3087  421.33054 421.29037 421.2914  421.22678 421.33047 421.24646
 421.3452  421.26044 421.28873]
[282.2355  282.30963 282.18875 282.2527  282.28116 282.28796 282.41965
 282.20255 282.32855 282.1777  282.38132 282.03036 282.16125 282.06543
 282.2332  282.23047 282.28714 282.22482 282.34375 282.32098 282.3131
 282.13962 282.33087 282.34256]
[67.02845  67.05139  67.03607  66.980896 67.00369  67.039665 67.03803
 67.03566  67.012535 66.97009  67.0142   66.96273  66.969765 66.94952
 67.06422  67.03067  67.0543   67.00562  67.05095  67.0369   67.01343
 66.9825   67.02224  67.05727 ]
[-7.5637918 -7.589883  -7.5380564 -7.509887  -7.524788  -7.5479407
 -7.545032  -7.5359488 -7.5635242 -7.460732  -7.52651   -7.471566
 -7.4750986 -7.457615  -7.531645  -7.5252037 -7.518614  -7.523927
 -7.582314  -7.5234227 -7.5413213 -7.501279  -7.573112  -7.5079875]
[0.9045632  0.8895732  0.91836584 0.9020401  0.89622223 0.90005136
 0.87683916 0.8994577  0.8956286  0.9379864  0.89458966 0.9430622
 0.91429925 0.9328512  0.90254474 0.92344165 0.89322424 0.90940154
 0.8908496  0.8908496  0.9017433  0.91234016 0.8884156  0.9014168 ]
[0.23399198 0.2193582  0.24631047 0.23322022 0.22547293 0.23161733
 0.20683193 0.22882712 0.22487926 0.26696992 0.22496831 0.27071
 0.24194705 0.26043963 0.23129082 0.25307822 0.22250462 0.2408191
 0.21959567 0.22250462 0.23102367 0.24245167 0.21891296 0.2295692 ]
[1.1204782 1.1064084 1.1330935 1.1166193 1.1100594 1.117213  1.0926057
 1.113562  1.1108311 1.1476382 1.1104453 1.1530108 1.1252571 1.142503
 1.1168271 1.138199  1.1072989 1.123773  1.1071504 1.1064677 1.1166193
 1.1261476 1.1048648 1.1145712]
[1.2235973 1.2086667 1.2362126 1.2196198 1.2130004 1.2192932 1.1937658
 1.2165327 1.2138612 1.2530429 1.2120209 1.2593061 1.2292964 1.2477297
 1.2193526 1.2413775 1.2092307 1.2272483 1.2095275 1.2082214 1.2196494
 1.229712  1.2070044 1.2173638]
[1.3406675 1.3252916 1.3534015 1.3378179 1.3306643 1.3360369 1.3103313
 1.3340482 1.331347  1.3730518 1.3288536 1.3790774 1.3478508 1.3669667
 1.3364228 1.3591304 1.3263305 1.3455652 1.3264196 1.3253807 1.3372836
 1.3477618 1.324134  1.3347012]
[1.3040088 1.2884549 1.316832  1.3003578 1.2936494 1.2991705 1.273079
 1.2969443 1.2943321 1.3354433 1.2916013 1.3418845 1.3105688 1.3297144
 1.2995564 1.3220859 1.2892267 1.3081645 1.2895532 1.2880987 1.3001204
 1.3106282 1.2869707 1.2977754]
[1.3411424 1.3253213 1.3539358 1.3377289 1.3308424 1.3360369 1.3095893
 1.3340778 1.3315251 1.3735564 1.32826   1.380146  1.3480586 1.3676494
 1.3365415 1.3593975 1.325915  1.3455652 1.326479  1.3248761 1.3372836
 1.3480289 1.3239262 1.3346715]
[0.9913269  0.97422945 1.0040907  0.9882102  0.9811456  0.98512316
 0.9569539  0.9844701  0.9817393  1.0280449  0.9762479  1.0351689
 0.99969757 1.0212475  0.9861324  1.0100867  0.974645   0.99705577
 0.9753574  0.9737545  0.98723066 0.9991336  0.97286403 0.9843811 ]
[0.97298276 0.9557072  0.98586524 0.9695692  0.96265304 0.9665415
 0.9381348  0.96594787 0.9632467  1.0098789  0.9574585  1.0173293
 0.9813831  1.0031705  0.9676398  0.9915644  0.95594466 0.9785335
 0.95683515 0.9549651  0.96879745 0.9807004  0.95419335 0.96600723]
[1.1505768 1.1331232 1.1634593 1.1474601 1.1405143 1.1440465 1.1159663
 1.1436607 1.1408111 1.1883337 1.135201  1.195428  1.1595411 1.1812989
 1.1454713 1.1694256 1.1339246 1.156365  1.1343995 1.1327966 1.146629
 1.1585022 1.1317874 1.1441059]
[8.553486  8.552803  8.567883  8.554822  8.547253  8.564498  8.559897
 8.548915  8.547341  8.547223  8.5718    8.545234  8.552179  8.549152
 8.559363  8.57094   8.561916  8.55028   8.555029  8.559719  8.5578785
 8.555949  8.553723  8.559838 ]
[44.883034 44.936108 44.9207   44.935158 44.946556 44.987755 45.080635
 44.93952  44.92842  44.80743  45.054276 44.75593  44.9161   44.84501
 44.984016 44.90601  45.037712 44.877247 44.940647 45.014442 44.932873
 44.892445 44.944714 45.029907]
[212.64308 212.81255 212.8599  212.73138 212.6406  212.71149 213.01326
 212.76373 212.69064 212.49411 212.93709 212.39215 212.68996 212.56528
 212.815   212.75404 212.87889 212.63809 212.85013 212.78511 212.77367
 212.62222 212.85352 212.74016]
[354.3168  354.2902  354.31647 354.28226 354.28616 354.28708 354.22504
 354.2881  354.29034 354.37344 354.2342  354.38226 354.2862  354.32834
 354.29788 354.31497 354.2664  354.31143 354.28696 354.25018 354.312
 354.3199  354.28412 354.2884 ]
[520.98035 521.1423  520.3976  520.41656 519.9311  520.7939  519.94446
 519.8304  520.73364 519.17285 520.24384 519.53046 519.0021  518.86017
 519.75244 520.22235 519.55206 520.167   521.1348  519.63837 520.728
 520.22815 521.1876  519.1859 ]
[757.1824  757.13367 757.2472  757.1724  757.2988  757.1286  757.3373
 757.343   757.1989  757.3664  757.2073  757.3437  757.51874 757.48004
 757.28577 757.24994 757.451   757.1903  757.09644 757.3511  757.1956
 757.1828  757.0021  757.4758 ]
[864.25745 864.3229  864.2583  864.27747 864.2522  864.2332  864.1836
 864.2916  864.37964 864.2565  864.1238  864.2002  864.1546  864.2559
 864.23987 864.1324  864.2337  864.1932  864.2249  864.01227 864.1959
 864.1675  864.2017  864.1452 ]
[840.0595  840.0588  839.99744 840.067   840.08826 840.05835 840.027
 840.05695 840.1026  840.1361  840.007   840.1183  840.0322  840.077
 840.04517 840.0181  840.0379  840.0821  840.04803 840.01086 840.0607
 840.0428  840.05664 840.07715]
[730.6073  730.5946  730.49854 730.59094 730.6117  730.58466 730.53467
 730.5196  730.6231  730.6288  730.5406  730.6302  730.52423 730.5153
 730.51575 730.5597  730.5048  730.595   730.62146 730.55035 730.63165
 730.58246 730.6084  730.5988 ]
[583.4566  583.4002  583.4415  583.5182  583.39    583.32556 583.065
 583.4271  583.38104 583.8015  583.2172  583.8206  583.5308  583.77167
 583.34546 583.5776  583.3387  583.6305  583.24884 583.28955 583.3982
 583.62286 583.41254 583.1251 ]
[429.18774 429.1886  429.39294 429.32297 429.2592  429.2205  429.3131
 429.3225  429.25336 429.4075  429.378   429.25983 429.38766 429.4575
 429.34256 429.37424 429.29562 429.2978  429.19904 429.26907 429.2004
 429.3651  429.2396  429.21344]
[235.08034 235.16043 234.99008 235.07993 235.12473 235.16743 235.23665
 234.9969  235.18497 235.00818 235.20671 234.83186 234.91753 234.82204
 235.04324 235.07002 235.10703 235.05902 235.19627 235.13782 235.17874
 234.90976 235.15823 235.20807]
[57.252285 57.268433 57.26012  57.209896 57.223194 57.260834 57.26303
 57.24712  57.240887 57.18725  57.24421  57.17855  57.19087  57.1741
 57.260387 57.239906 57.251778 57.219215 57.26873  57.24219  57.236847
 57.20224  57.243767 57.251305]
[-7.1895766 -7.2106814 -7.170223  -7.1595373 -7.168917  -7.179989
 -7.1898437 -7.1725383 -7.1919513 -7.111955  -7.172212  -7.1202664
 -7.1351676 -7.1143594 -7.169451  -7.1588545 -7.167314  -7.160962
 -7.2080693 -7.169184  -7.180078  -7.149237  -7.201183  -7.158617 ]
[1.033655  1.0190213 1.0472796 1.0307461 1.0249876 1.0294994 1.0063466
 1.0283715 1.0247204 1.065416  1.023919  1.0706105 1.0424709 1.0605776
 1.0315179 1.052296  1.0222864 1.0379591 1.0202383 1.0199414 1.0306867
 1.0409274 1.0176855 1.0302712]
[0.3290373  0.31473005 0.34108865 0.32770157 0.32004333 0.32690012
 0.301996   0.32354593 0.31986523 0.3601749  0.31998396 0.36409307
 0.33565664 0.35388207 0.32612836 0.34779704 0.3172828  0.3353895
 0.3148191  0.31749058 0.32565343 0.33675492 0.3141364  0.32408023]
[1.0848584 1.0706699 1.0973847 1.081059  1.0743803 1.0814449 1.0566001
 1.0779719 1.0752708 1.1124637 1.074499  1.1180738 1.0897858 1.1073582
 1.0811183 1.1026089 1.0714417 1.0883907 1.0712636 1.0706996 1.0809106
 1.0906763 1.0690967 1.0788921]
[1.1783009 1.1633109 1.1909755 1.1743827 1.1677337 1.1740265 1.1483506
 1.171266  1.1685945 1.2078059 1.1666354 1.2140096 1.1839703 1.2023442
 1.1740265 1.1961107 1.1638749 1.1820706 1.1641717 1.1629844 1.174264
 1.1844156 1.1617377 1.172008 ]
[1.2744445 1.2589499 1.2870598 1.2716246 1.2644116 1.269903  1.2439599
 1.2677361 1.2650052 1.3068287 1.2624525 1.3127654 1.2813903 1.3006546
 1.2701404 1.2929074 1.2599888 1.2794906 1.2599888 1.2592467 1.2708825
 1.2815387 1.2578516 1.2683   ]
[1.2732868 1.2577032 1.2861099 1.2696358 1.2629274 1.2684188 1.2422383
 1.2663113 1.2637289 1.3049884 1.2608793 1.311489  1.2799655 1.2992595
 1.2688344 1.2914529 1.2584156 1.2775315 1.2587718 1.257347  1.2694577
 1.2800546 1.2562487 1.2670237]
[1.4014288 1.3858452 1.4141926 1.3979856 1.3910694 1.3965608 1.37041
 1.3943939 1.3918412 1.4331304 1.3889619 1.4395716 1.4080482 1.4273125
 1.3969467 1.4196246 1.3864685 1.4057922 1.3869731 1.3854593 1.3976294
 1.4082559 1.3843907 1.3949876]
[1.044994  1.0280746 1.0576984 1.0417289 1.034694  1.0389386 1.0109178
 1.0380481 1.0353767 1.0809106 1.0302118 1.0880345 1.0530678 1.0742319
 1.0397995 1.0635756 1.0283715 1.0504557 1.0291729 1.0275106 1.0408384
 1.0525929 1.0266201 1.0379888]
[1.0298556  1.0127285  1.0426193  1.0264124  1.0194665  1.0235034
 0.99536383 1.022791   1.0201195  1.066158   1.0145688  1.0734601
 1.0379888  1.0594794  1.0246314  1.0484372  1.0129659  1.0352876
 1.0138564  1.0119864  1.0256406  1.0373654  1.0111849  1.0228504 ]
[1.117866  1.1003827 1.1306891 1.1148087 1.1077738 1.1113654 1.0830181
 1.1109202 1.1081003 1.1557417 1.1023418 1.1628953 1.1266522 1.1486474
 1.1126715 1.1366554 1.1010654 1.1238027 1.10157   1.1000265 1.1138291
 1.1258805 1.0990173 1.111217 ]
[7.235259  7.2318454 7.2491803 7.2358823 7.2281647 7.243184  7.234695
 7.230391  7.228254  7.236565  7.2478447 7.2357635 7.2354965 7.2366242
 7.2390585 7.2528906 7.2392364 7.2338934 7.2337155 7.237782  7.2380786
 7.2386723 7.232498  7.2389097]
[48.849827 48.903404 48.889336 48.90251  48.909904 48.95066  49.046654
 48.9048   48.892452 48.775085 49.019077 48.72397  48.881706 48.809547
 48.9479   48.871998 49.000824 48.843563 48.91127  48.97681  48.902542
 48.858227 48.9143   48.992542]
[196.79938 196.93942 196.98985 196.87186 196.7992  196.86348 197.12128
 196.91408 196.83861 196.67274 197.05276 196.58588 196.84315 196.74066
 196.95752 196.89374 197.00237 196.79672 196.97148 196.92772 196.89735
 196.78366 196.9699  196.88646]
[337.08585 337.0607  337.09015 337.05908 337.06686 337.05606 337.007
 337.07263 337.07086 337.1513  337.0009  337.15918 337.06693 337.1138
 337.08096 337.07666 337.04764 337.0812  337.05496 337.0166  337.07825
 337.0936  337.04498 337.06827]
[509.44336 509.5773  508.8823  508.95056 508.58133 509.26135 508.57632
 508.48514 509.18002 507.99622 508.82306 508.2146  507.78836 507.66156
 508.4021  508.84586 508.265   508.8252  509.57266 508.37466 509.2002
 508.8316  509.6334  507.94034]
[545.2129  545.2648  545.2874  545.27435 545.3812  545.2111  545.5036
 545.40594 545.1861  545.4291  545.4236  545.22107 545.5404  545.43365
 545.42035 545.3392  545.6086  545.306   545.22986 545.542   545.2596
 545.30145 545.23834 545.5417 ]
[458.1066  458.19992 458.29904 458.19614 458.22516 458.33334 458.4437
 458.23483 458.1993  458.008   458.4697  457.9115  458.18588 458.08173
 458.2958  458.17303 458.32367 458.08093 458.23508 458.35416 458.22226
 458.17444 458.26874 458.33997]
[508.67267 508.663   508.62512 508.59445 508.63943 508.6302  508.63315
 508.47986 508.65582 508.64294 508.68878 508.60205 508.60614 508.53418
 508.4969  508.66385 508.57858 508.57336 508.67944 508.63687 508.79205
 508.5806  508.68237 508.67252]
[537.7723  537.5729  538.2009  538.2782  537.9939  537.5821  537.59985
 538.16614 537.8755  539.12964 537.9005  539.11145 538.79114 539.2799
 538.1239  538.35474 538.02185 538.393   537.57446 537.94934 537.8605
 538.47894 537.8118  537.7941 ]
[220.22949 220.26924 220.31657 220.32675 220.27838 220.30074 220.40047
 220.277   220.25203 220.16307 220.40324 220.14105 220.29791 220.22803
 220.31638 220.28474 220.3484  220.23427 220.30681 220.32881 220.28934
 220.30205 220.30275 220.30629]
[271.7685  271.72977 271.7095  271.82544 271.9117  271.77084 271.8105
 271.76547 271.86005 272.0342  271.79926 271.92325 271.89563 271.94235
 271.72986 271.76807 271.77383 271.8348  271.7288  271.80203 271.8487
 271.78143 271.7493  271.89365]
[200.79486 200.78252 200.57219 200.76155 200.72163 200.73146 200.5381
 200.57764 200.80914 200.94672 200.56175 200.80708 200.5321  200.61864
 200.49925 200.73912 200.55386 200.8344  200.71286 200.57817 200.82936
 200.6091  200.73152 200.6269 ]
[39.859165 39.857803 39.87466  39.88879  39.884693 39.875374 39.907936
 39.8768   39.857147 39.87312  39.902534 39.867447 39.901672 39.883568
 39.894848 39.87012  39.909035 39.864864 39.86754  39.899357 39.876385
 39.8974   39.867123 39.911587]
[-1.0192587  -1.0326161  -1.0001428  -1.0041797  -1.0142126  -1.0210694
 -1.0350205  -1.0101757  -1.0222864  -0.9518781  -1.019051   -0.9641372
 -0.9901396  -0.96594787 -1.0096711  -0.9911785  -1.0133815  -0.9976791
 -1.0311617  -1.0217224  -1.0142126  -0.9971448  -1.0283418  -1.0121942 ]
[-5.209891  -5.223961  -5.1984925 -5.2051415 -5.2118206 -5.206359
 -5.2291555 -5.2083473 -5.216896  -5.167444  -5.21185   -5.1732917
 -5.19689   -5.1767945 -5.2062697 -5.1881332 -5.212889  -5.195643
 -5.2264543 -5.2106924 -5.212859  -5.1956134 -5.2220316 -5.2084365]
[1.342122  1.3291504 1.3557168 1.3381741 1.3328015 1.3394208 1.3178115
 1.3360666 1.3331577 1.3666699 1.3347902 1.3720722 1.3481476 1.3634938
 1.3402222 1.3597834 1.3317329 1.3441107 1.3303971 1.329566  1.3391536
 1.3476727 1.3274288 1.33856  ]
[1.2229443 1.2097946 1.2353518 1.2222022 1.2143955 1.2211039 1.198337
 1.217631  1.2143955 1.252568  1.21585   1.2558628 1.2297417 1.246483
 1.2204509 1.2418821 1.2126442 1.2288809 1.2104477 1.2122287 1.2207774
 1.2304838 1.2095572 1.2186105]
[1.0085431  0.9947108  1.0210397  1.0052483  0.99848056 1.0057529
 0.98147213 1.0021019  0.99916327 1.0361484  0.99916327 1.0407493
 1.0135596  1.0307164  1.0053077  1.0264124  0.9961059  1.0123426
 0.9952154  0.9952748  1.0048031  1.0146579  0.9933454  1.0029924 ]
[1.8677208 1.8538291 1.8810189 1.8646041 1.8580738 1.8641292 1.8409467
 1.8612202 1.8587565 1.8957417 1.8586972 1.9011737 1.8741027 1.8909627
 1.8645744 1.8858572 1.8555508 1.8710454 1.8552836 1.8538291 1.8649603
 1.873984  1.8525825 1.8628528]
[1.7321284 1.7187413 1.7444469 1.7301693 1.7223626 1.7299318 1.706215
 1.7258356 1.7229563 1.7595853 1.7239358 1.7638893 1.7372932 1.753797
 1.7288632 1.7505022 1.7204332 1.736759  1.7194834 1.720077  1.7292491
 1.7387774 1.7179399 1.726637 ]
[1.5730269 1.5586603 1.5860578 1.5698211 1.5631127 1.5693462 1.5448279
 1.5663779 1.5638251 1.6020273 1.562905  1.607578  1.5790823 1.5968328
 1.5695243 1.5911039 1.5600257 1.5767967 1.5597882 1.5586603 1.5697618
 1.5795572 1.5572948 1.5675058]
[1.7735066 1.7589916 1.786686  1.7709539 1.7639784 1.7694994 1.7452186
 1.7671545 1.764483  1.8040802 1.7634144 1.8095716 1.7806009 1.7986186
 1.7700337 1.7921476 1.7606835 1.7778107 1.7602977 1.7590806 1.7706274
 1.7805119 1.757834  1.768223 ]
[1.3422704 1.3267758 1.3545295 1.3395098 1.3318219 1.338085  1.3112812
 1.3352652 1.332564  1.3741797 1.3299816 1.3798789 1.3482664 1.3675307
 1.3376101 1.3607036 1.3273695 1.3474946 1.3274882 1.327132  1.3384413
 1.349335  1.3256775 1.3353245]
[1.5006001 1.4845119 1.51372   1.497513  1.4905672 1.4951681 1.4687501
 1.4938027 1.4910718 1.5348247 1.4874208 1.5412956 1.5084364 1.5284429
 1.4962367 1.5190927 1.4855508 1.5054978 1.4857882 1.484215  1.4970975
 1.5079615 1.4830871 1.4947525]
[7.36162   7.358889  7.3781238 7.362926  7.3571377 7.3682094 7.3648553
 7.358592  7.353665  7.366696  7.376432  7.3612933 7.365241  7.365449
 7.367705  7.379964  7.369664  7.3602843 7.361234  7.3657756 7.366102
 7.366696  7.3595123 7.3679423]
[98.37184  98.38784  98.38552  98.44296  98.43276  98.41549  98.47331
 98.41509  98.4181   98.36491  98.42861  98.37266  98.41668  98.39204
 98.43122  98.35645  98.44508  98.37715  98.418076 98.39523  98.42748
 98.41025  98.40326  98.461334]
[140.84908 140.81503 140.90459 140.89879 140.8991  140.85493 140.82022
 140.91876 140.88365 141.02518 140.8307  141.04015 140.95859 141.0375
 140.91278 140.89008 140.8791  140.90546 140.81361 140.84862 140.8547
 140.91858 140.81099 140.9129 ]
[350.24738 350.3043  350.17505 350.2221  350.22943 350.27356 350.2339
 350.22098 350.27124 350.18292 350.2164  350.1765  350.1234  350.14218
 350.26593 350.21075 350.25485 350.24863 350.2749  350.18967 350.26428
 350.22256 350.3431  350.2404 ]
[608.7503  608.8862  608.41095 608.7492  608.5967  608.74493 608.37494
 608.4566  608.78143 608.69696 608.5305  608.76587 608.289   608.43744
 608.54694 608.6527  608.51556 608.8079  608.8166  608.3388  608.8541
 608.711   609.1173  608.49384]
[162.01341 162.01321 162.14532 162.3812  162.02414 162.28554 162.06241
 162.04074 162.27298 162.02264 162.24292 162.32469 162.18678 162.27042
 162.10167 162.20844 162.10126 162.14116 162.06131 162.01988 162.23727
 162.20795 162.15968 162.10886]
[544.5505  544.36786 544.5336  543.92065 544.10925 544.5081  544.12897
 544.1354  544.2167  543.3252  544.16187 543.8761  543.8747  543.71594
 544.1413  544.1183  543.82513 543.86896 544.40265 544.11975 544.1175
 544.08954 544.0513  544.0047 ]
[692.68396 692.7237  692.32056 692.4676  692.2652  692.34106 692.0514
 692.2322  692.5499  692.25476 692.06665 692.3897  692.06335 692.119
 692.12695 692.22797 692.219   692.3727  692.54834 691.99646 692.5222
 692.4691  692.6512  691.8179 ]
[413.90027 413.86368 413.96475 413.88065 413.7268  413.661   413.64236
 413.7822  413.75943 413.87955 413.71472 413.87457 413.8263  413.87772
 413.70975 413.94003 413.65952 413.84695 413.88892 413.56097 413.83105
 413.97644 413.86163 413.46274]
[206.85625 206.83418 207.01404 206.88284 206.84752 206.94678 206.81136
 206.80798 206.71567 206.57748 206.85428 206.62148 206.65189 206.58032
 206.95259 206.70427 206.78189 206.67102 206.96426 206.8103  206.78224
 206.90944 206.74294 206.69444]
[278.55167 278.4946  279.2047  279.11862 278.74786 278.46933 278.8166
 278.97302 278.68082 279.30603 278.77576 279.31403 279.4042  279.63022
 278.9109  278.85416 278.9184  278.809   278.5732  278.51166 278.78647
 278.96225 278.51163 278.7363 ]
[182.43031 182.42178 182.40193 182.37878 182.44466 182.45166 182.39203
 182.41158 182.4373  182.47523 182.39229 182.43356 182.38525 182.40498
 182.43387 182.427   182.42569 182.4219  182.41258 182.41599 182.42699
 182.35883 182.38412 182.49544]
[91.13203  91.13887  91.1198   91.11537  91.12443  91.13308  91.13289
 91.13416  91.136185 91.16603  91.11536  91.12391  91.09686  91.10623
 91.13198  91.12708  91.125465 91.142235 91.13609  91.12964  91.128494
 91.10193  91.13162  91.14176 ]
[-7.175744  -7.1973534 -7.1568656 -7.1360874 -7.1481094 -7.1612587
 -7.1677003 -7.154016  -7.1771393 -7.0888915 -7.1498013 -7.102783
 -7.1121926 -7.092275  -7.151434  -7.1423507 -7.144577  -7.1400948
 -7.195246  -7.1445475 -7.1627727 -7.1270046 -7.1840553 -7.138136 ]
[1.4668801 1.4539679 1.4806827 1.4634072 1.4580642 1.4642086 1.4434007
 1.4615074 1.4580048 1.4924372 1.460053  1.4972459 1.4738853 1.4891424
 1.4655443 1.4847196 1.4574409 1.4692547 1.4552443 1.4550365 1.4641196
 1.4728167 1.4524541 1.4641492]
[1.1855435 1.1731063 1.1976542 1.1858107 1.1774994 1.1848608 1.1634296
 1.1807349 1.1772323 1.2138315 1.1805568 1.2161765 1.1924003 1.2078652
 1.1837922 1.2046001 1.1771432 1.1918067 1.1736703 1.1769948 1.1839406
 1.1932908 1.1733735 1.182219 ]
[1.2431881 1.230929  1.2555066 1.2389138 1.2324429 1.241704  1.2188183
 1.236272  1.2337192 1.2648865 1.2358861 1.2690718 1.2455034 1.260434
 1.2402198 1.260345  1.2317008 1.245355  1.2312555 1.2311071 1.239359
 1.2476109 1.2293261 1.2373703]
[2.1095195 2.0963697 2.1225505 2.1055717 2.0991898 2.1064324 2.0839624
 2.102425  2.1002584 2.1335926 2.101327  2.1394105 2.1142094 2.1296446
 2.106195  2.1270325 2.097557  2.1115084 2.097765  2.0960135 2.1065216
 2.1145062 2.0949154 2.1044436]
[1.7315347 1.7184741 1.7437048 1.7296053 1.7217096 1.7295756 1.7063041
 1.7251529 1.7223923 1.7581011 1.7239062 1.7622864 1.7364028 1.7524613
 1.7282399 1.7497602 1.7201364 1.7360466 1.7192162 1.7199583 1.7288336
 1.7378869 1.7177914 1.7261621]
[1.7270823 1.7133687 1.7397866 1.7233422 1.7165744 1.7239358 1.6999222
 1.7199286 1.7176133 1.7532034 1.7177024 1.7586057 1.7317128 1.7483057
 1.7234015 1.7446843 1.7142591 1.7300209 1.7143482 1.7132202 1.7236093
 1.732633  1.7119142 1.7212644]
[1.7419832 1.7273197 1.7548063 1.7388071 1.7318019 1.7377682 1.7131312
 1.7350373 1.732633  1.7714288 1.7312379 1.7774545 1.7482166 1.7661155
 1.7379463 1.7600899 1.728329  1.7457826 1.7285664 1.7270526 1.7386883
 1.748365  1.7260137 1.7361653]
[1.6326009 1.6184124 1.6446522 1.6298107 1.6219743 1.6296623 1.6041348
 1.6255363 1.6229242 1.660414  1.6223899 1.665846  1.6370534 1.6545961
 1.6282672 1.6505592 1.6189764 1.636994  1.6190654 1.619006  1.6289796
 1.6388937 1.617225  1.6258628]
[1.2184324 1.2019583 1.2311962 1.2147814 1.2079246 1.2126145 1.1853654
 1.2113085 1.2086964 1.2524493 1.204333  1.2594842 1.2257938 1.2462455
 1.2133863 1.2367766 1.2022848 1.2231817 1.2031456 1.2012459 1.2143362
 1.2255267 1.2005038 1.2115756]
[1.1880666 1.1709691 1.2006819 1.1853358 1.1779743 1.1819816 1.1541091
 1.1813285 1.1783602 1.2252595 1.1733438 1.2319976 1.1966153 1.2181059
 1.1829314 1.2068857 1.1717409 1.1941516 1.1720377 1.1709988 1.1842078
 1.1960217 1.1697224 1.1815066]
[8.789348  8.790268  8.813184  8.786172  8.789348  8.792999  8.805199
 8.79006   8.772577  8.790951  8.809859  8.770707  8.793889  8.786083
 8.801191  8.80597   8.8081665 8.782016  8.792524  8.799945  8.795047
 8.794601  8.787003  8.800924 ]
[41.181698 41.242874 41.224293 41.239582 41.245102 41.284046 41.401768
 41.242756 41.22759  41.092026 41.36057  41.047203 41.21827  41.138035
 41.289803 41.193867 41.342045 41.172615 41.252197 41.31435  41.240383
 41.195442 41.26015  41.330944]
[82.98531  82.94005  83.103424 83.080734 83.09657  83.01512  82.98008
 83.100044 83.067154 83.29919  83.0058   83.284386 83.20629  83.325325
 83.09697  83.09703  83.0825   83.08216  82.92515  83.0199   83.0383
 83.0946   82.92598  83.138245]
[353.34418 353.41806 353.3197  353.297   353.34537 353.3708  353.46448
 353.36984 353.3922  353.1883  353.3803  353.16745 353.25583 353.199
 353.37967 353.27777 353.3874  353.29413 353.41116 353.3671  353.34314
 353.27036 353.40958 353.37656]
[589.33673 589.1521  589.3119  589.44763 589.48883 589.39655 589.1002
 589.48035 589.303   589.7144  589.1025  589.95447 589.62415 589.8977
 589.51447 589.2951  589.40857 589.4754  589.04724 589.2395  589.2178
 589.48065 589.0361  589.5054 ]
[565.9277  565.92505 566.1485  566.0482  566.17975 565.8733  566.2372
 566.1656  565.8319  566.4094  566.21906 566.2032  566.481   566.39923
 566.17    566.1603  566.3703  566.08344 565.9715  566.352   566.09607
 566.1474  565.98395 566.3763 ]
[374.51495 374.36887 374.5362  374.50253 374.69186 374.4633  374.46136
 374.59497 374.64084 374.68405 374.3835  375.05347 374.90817 374.9857
 374.55673 374.43866 374.5897  374.4221  374.38943 374.41437 374.63147
 374.5753  374.30756 374.8776 ]
[560.60315 560.3657  561.0421  561.2506  560.9898  560.7338  560.6002
 560.9354  560.90216 561.42737 560.6994  561.18097 561.04565 561.54456
 560.84033 560.88434 560.55865 560.9213  560.4601  560.26685 560.55054
 561.1538  560.25616 560.4184 ]
[219.22166 219.50684 219.344   218.99072 218.80032 219.2487  219.21507
 218.82545 219.09013 218.27347 219.36713 218.42624 218.64664 218.27762
 218.89262 219.15758 219.11327 218.79631 219.52428 219.13599 219.53134
 218.91942 219.63358 218.84912]
[62.38304  62.357155 62.376896 62.389748 62.357334 62.35668  62.287106
 62.34828  62.360867 62.379864 62.330353 62.42136  62.366447 62.399544
 62.333675 62.398773 62.314888 62.38859  62.35469  62.321033 62.361103
 62.410587 62.35953  62.279922]
[142.4155  142.38531 142.3249  142.3557  142.42902 142.4039  142.32816
 142.43382 142.4405  142.39626 142.32536 142.48122 142.38666 142.4428
 142.38528 142.35475 142.30545 142.44339 142.36574 142.41965 142.32487
 142.42607 142.41043 142.33855]
[54.760952 54.814915 54.76502  54.72061  54.741745 54.804317 54.875557
 54.75801  54.761337 54.61286  54.836582 54.579914 54.689415 54.61488
 54.789715 54.734413 54.819515 54.704403 54.812927 54.81055  54.77024
 54.68867  54.802654 54.80975 ]
[7.499587  7.4967966 7.5118756 7.499765  7.490682  7.507067  7.497183
 7.4942737 7.4917803 7.498756  7.5096197 7.497865  7.496144  7.4975686
 7.50211   7.516358  7.5017834 7.498934  7.4978952 7.501368  7.500715
 7.5019617 7.4970045 7.499231 ]
[2.1683216 2.1558845 2.181412  2.1649082 2.1584077 2.166511  2.1447535
 2.1618805 2.1592388 2.1906137 2.1616726 2.19563   2.1724772 2.1870813
 2.1660066 2.1859238 2.1579623 2.1703105 2.1571608 2.1563594 2.165413
 2.1735163 2.15443   2.1637802]
[1.6187092 1.6056783 1.6304934 1.6175812 1.60927   1.6178187 1.5941613
 1.6128616 1.6097152 1.6448897 1.6116446 1.6486892 1.6231914 1.6393093
 1.6159487 1.6371127 1.6079639 1.6239334 1.6062126 1.6082904 1.6158003
 1.6256254 1.6051737 1.6133959]
[1.655071  1.6414168 1.6678941 1.6523995 1.645335  1.652726  1.6286827
 1.6488079 1.6459286 1.6819639 1.6464036 1.6870694 1.6603843 1.6771256
 1.6522511 1.6732074 1.6432275 1.6589001 1.6423073 1.642337  1.6518949
 1.6615716 1.6401404 1.6499062]
[1.8300233 1.8156567 1.8429354 1.8273221 1.8201685 1.8265504 1.8020915
 1.8235524 1.8208215 1.8588456 1.8201091 1.8646041 1.8360786 1.8537401
 1.8265504 1.8483971 1.8171705 1.8340899 1.816844  1.8159238 1.8268175
 1.8366723 1.8143506 1.8244429]
[1.4145191 1.3995885 1.4268079 1.4123522 1.4046049 1.411432  1.3853109
 1.4081075 1.4051095 1.444974  1.4037144 1.4502575 1.420426  1.4388592
 1.4107493 1.433071  1.4009836 1.4196543 1.4003305 1.4007461 1.410868
 1.4217618 1.3984605 1.4084044]
[1.5266916 1.5114344 1.5399302 1.5239904 1.5171039 1.5225359 1.49686
 1.5203987 1.5174898 1.5584822 1.5153229 1.5644188 1.5338749 1.5528127
 1.5231593 1.5453029 1.5130076 1.5313815 1.5126811 1.5116422 1.5233077
 1.534053  1.5100393 1.5212002]
[1.8949699 1.8802174 1.9087132 1.8932483 1.8860947 1.8915564 1.8669194
 1.8891817 1.886154  1.9266121 1.8852339 1.931777  1.9026282 1.921002
 1.8924469 1.9142343 1.8828592 1.899927  1.8817906 1.8810486 1.8923281
 1.9028656 1.8790895 1.8904581]
[1.8154489 1.8002808 1.8292812 1.8141428 1.8067814 1.8123025 1.786864
 1.8099575 1.806722  1.8485456 1.805416  1.853473  1.8235227 1.8425199
 1.8133117 1.83501   1.8033382 1.8210293 1.801765  1.8017353 1.8126587
 1.8240273 1.7992122 1.8112339]
[2.1346016 2.1196117 2.1493244 2.1337113 2.1265874 2.1315145 2.1068778
 2.1297932 2.1263795 2.1683216 2.1252217 2.173071  2.1437144 2.1626225
 2.1332955 2.1546972 2.1235003 2.140123  2.121482  2.121007  2.1323457
 2.1435363 2.1183949 2.1313663]
[1.6972507 1.6815484 1.7108159 1.6958259 1.6882864 1.6933622 1.6671224
 1.6914625 1.6883161 1.7316535 1.6859415 1.7370855 1.7054433 1.7252419
 1.6942527 1.7168119 1.6839824 1.703128  1.6829731 1.6825279 1.6943418
 1.7058291 1.6805391 1.6922343]
[1.5254449 1.5091488 1.5388616 1.523367  1.516065  1.5204878 1.4936839
 1.5193005 1.5162728 1.5613317 1.5127108 1.5671496 1.5340233 1.554564
 1.5217345 1.5447983 1.5110486 1.5312034 1.5105143 1.509505  1.5221797
 1.5338155 1.5079615 1.5200722]
[5.7739296 5.765826  5.7897506 5.775117  5.768616  5.7768087 5.7645793
 5.770605  5.7665977 5.7925706 5.7790647 5.7916503 5.7812314 5.7895427
 5.777373  5.7936096 5.774553  5.776037  5.768171  5.7709317 5.7762747
 5.781202  5.766004  5.77764  ]
[71.48994  71.52832  71.51793  71.57936  71.56602  71.564354 71.6738
 71.53838  71.54996  71.45692  71.638855 71.41602  71.54975  71.47235
 71.57581  71.51772  71.6343   71.492165 71.57346  71.58558  71.572815
 71.50997  71.54218  71.647064]
[168.16113 168.18103 168.1688  168.19528 168.20502 168.20358 168.27133
 168.22218 168.19966 168.15775 168.21507 168.1616  168.1938  168.18425
 168.25467 168.14417 168.23615 168.17915 168.19131 168.21176 168.16505
 168.1862  168.19124 168.2653 ]
[106.82173  106.78932  106.82933  106.85275  106.87748  106.8301
 106.81501  106.89054  106.84903  106.94102  106.79493  106.96994
 106.91675  106.981995 106.886765 106.82203  106.85155  106.87488
 106.77058  106.83954  106.80005  106.88386  106.78914  106.87786 ]
[202.1167  202.15143 202.13922 202.12567 202.11955 202.13525 202.21123
 202.13779 202.13148 202.04935 202.16617 202.05948 202.11148 202.06453
 202.15607 202.09552 202.1651  202.09549 202.16862 202.1551  202.14203
 202.10268 202.15533 202.1685 ]
[176.66689 176.68921 176.6324  176.82317 176.79253 176.63371 177.09644
 176.75911 176.80513 176.71361 176.90321 176.67009 176.88387 176.71733
 176.88564 176.67003 176.88214 176.74701 176.82771 176.9283  176.70482
 176.69734 176.7122  177.03151]
[114.33845  114.33856  114.31451  114.28169  114.31143  114.35489
 114.32791  114.297585 114.32708  114.27504  114.31007  114.264755
 114.24365  114.22759  114.30344  114.30143  114.28892  114.294266
 114.340195 114.31535  114.32493  114.265976 114.3067   114.33446 ]
[207.72946 207.72015 207.71169 207.69147 207.70627 207.72572 207.70699
 207.68419 207.71898 207.7365  207.70006 207.70905 207.67226 207.6708
 207.69028 207.72011 207.68968 207.70735 207.7263  207.69571 207.73708
 207.66347 207.69771 207.73756]
[225.96878 225.87825 225.85347 226.01651 225.9884  225.81346 226.03302
 225.93666 226.00716 226.12483 225.92203 226.1478  226.09972 226.06285
 226.0238  225.95416 225.95062 226.0405  225.97797 226.01004 225.90862
 225.98123 225.8579  226.1202 ]
[147.11807 147.08743 147.15536 147.11755 147.13715 147.13329 147.15074
 147.16367 147.12068 147.1182  147.11829 147.14369 147.15263 147.15602
 147.19617 147.1169  147.14038 147.1114  147.11171 147.14091 147.07329
 147.13922 147.0506  147.18259]
[47.621597 47.616196 47.641247 47.603344 47.60928  47.62819  47.625576
 47.62513  47.61204  47.598682 47.621094 47.60545  47.61026  47.607883
 47.635105 47.62424  47.621983 47.604202 47.620323 47.619164 47.607586
 47.61124  47.600254 47.627743]
[14.319104  14.311892  14.334718  14.323022  14.315275  14.325308
 14.3146515 14.320529  14.31391   14.33724   14.326139  14.335935
 14.326377  14.334272  14.328454  14.338101  14.32323   14.324328
 14.314622  14.321835  14.319371  14.328306  14.31198   14.32602  ]
[5.0010705 4.9894047 5.017129  5.006354  4.998399  5.0030293 4.984982
 5.001931  4.995549  5.0365415 5.001308  5.034523  5.0138636 5.03016
 5.0064726 5.02357   4.999883  5.0107765 4.9913344 4.9970336 5.001634
 5.01425   4.990622  5.003564 ]
[1.8603891 1.8471801 1.8743402 1.8595877 1.8528199 1.8603594 1.8377112
 1.8563522 1.8524044 1.8881131 1.854868  1.8917938 1.8676021 1.88372
 1.8609828 1.8795941 1.852256  1.8653462 1.8483378 1.8509499 1.8577176
 1.868641  1.8461115 1.8588456]
[2.1940274 2.180759  2.2087502 2.1926916 2.1861315 2.1926322 2.1703105
 2.1895452 2.185894  2.2221074 2.1875267 2.2262335 2.2015371 2.2178628
 2.1939087 2.2133808 2.1851816 2.1980643 2.1823618 2.182629  2.1918306
 2.2018042 2.1791859 2.191801 ]
[2.2668695 2.2535124 2.2811472 2.2673743 2.2596269 2.266632  2.2439542
 2.2629514 2.2590332 2.2965527 2.2614377 2.2996101 2.2747357 2.2912693
 2.2675524 2.2869651 2.2591224 2.2726874 2.255056  2.257282  2.2651184
 2.2758636 2.2527702 2.265326 ]
[2.5434866 2.5298622 2.5586843 2.543457  2.5364518 2.5427446 2.5203042
 2.5397763 2.535769  2.5736446 2.5378468 2.5770583 2.5521839 2.5688658
 2.544674  2.5637305 2.5358284 2.548592  2.5319102 2.5331273 2.5417056
 2.5525696 2.5287638 2.5426853]
[2.8297803 2.816215  2.845542  2.8299286 2.8228939 2.8291273 2.806657
 2.8262777 2.822122  2.8601758 2.8241107 2.8636785 2.838596  2.855486
 2.831116  2.85041   2.822211  2.834856  2.8183227 2.8190944 2.8282962
 2.8390117 2.8149388 2.8289788]
[2.6840363 2.670471  2.6989372 2.68463   2.6769717 2.6840956 2.660913
 2.6803555 2.6763186 2.7138975 2.6785448 2.7174    2.692199  2.7088513
 2.685283  2.7043989 2.676378  2.6897354 2.6722224 2.6744485 2.682166
 2.6934755 2.6694617 2.6831458]
[2.7871554 2.7732637 2.802828  2.7872741 2.7803283 2.786235  2.7637057
 2.7836528 2.7795267 2.8181446 2.781189  2.821736  2.7963274 2.8133655
 2.788669  2.807785  2.7794673 2.7923498 2.7754602 2.7764695 2.7854338
 2.7965648 2.7719576 2.786621 ]
[2.9249146 2.9112604 2.9404092 2.9254787 2.9181468 2.9247959 2.9017916
 2.9215307 2.917405  2.95534   2.919364  2.9589314 2.933582  2.9505312
 2.926488  2.9456334 2.9174938 2.9304655 2.9132788 2.9148223 2.9233415
 2.9344726 2.910073  2.9243803]
[2.8069243 2.7929733 2.8222704 2.80734   2.8000972 2.8065977 2.783623
 2.8035405 2.799266  2.8377354 2.8012252 2.841327  2.8158886 2.8328376
 2.8087053 2.827465  2.799355  2.8125343 2.7950807 2.7969804 2.8049653
 2.8166306 2.791875  2.8065681]
[2.97781   2.9638588 2.9940763 2.978196  2.9712796 2.9770975 2.9543307
 2.9747527 2.9703596 3.0095413 2.9718733 3.0130734 2.9874272 3.004792
 2.9797988 2.9987662 2.9704485 2.9831827 2.9661741 2.9671538 2.9762962
 2.9876053 2.9624045 2.9776022]
[3.076447  3.062941  3.0917041 3.077367  3.0697386 3.0768626 3.0539174
 3.0730631 3.0688777 3.1062489 3.071579  3.109603  3.084877  3.101351
 3.0782576 3.0971065 3.0693526 3.082235  3.0648706 3.0671859 3.0748143
 3.086183  3.0619912 3.0761204]
[4.2261333 4.214379  4.2439137 4.228686  4.2218294 4.22925   4.2114105
 4.2253914 4.2200184 4.254273  4.2270536 4.2558165 4.2370567 4.2506514
 4.233376  4.2478313 4.225688  4.231239  4.2173767 4.2217402 4.22643
 4.236582  4.213132  4.232901 ]
[16.78301  16.771107 16.8121   16.787195 16.783604 16.79515  16.781229
 16.790728 16.778944 16.800344 16.791588 16.80361  16.795774 16.804916
 16.806726 16.80916  16.795654 16.78316  16.778913 16.784613 16.78292
 16.796041 16.761995 16.804531]
[59.468662 59.430252 59.484188 59.51746  59.499237 59.455364 59.533104
 59.50146  59.49036  59.524498 59.49995  59.55765  59.562134 59.548927
 59.568752 59.506184 59.5253   59.502293 59.481873 59.526752 59.45373
 59.528503 59.42212  59.5887  ]
[89.50821  89.476746 89.54233  89.578186 89.56265  89.526764 89.62527
 89.56118  89.5476   89.55507  89.58291  89.57755  89.61734  89.58412
 89.65547  89.56399  89.61679  89.54089  89.5449   89.59969  89.51161
 89.57387  89.46226  89.69614 ]
[191.78111 191.7586  191.82263 191.82022 191.81795 191.82886 191.94336
 191.85818 191.82686 191.68124 191.86765 191.7341  191.81787 191.7387
 192.0056  191.81358 191.8969  191.77669 191.86902 191.90138 191.71898
 191.81113 191.70833 191.9992 ]
[214.7424  214.59154 214.71709 214.82413 214.76302 214.6121  214.3497
 214.74551 214.6971  215.07439 214.46411 215.2077  214.9094  215.1622
 214.66272 214.80798 214.59076 214.88676 214.52412 214.53761 214.66772
 214.94093 214.5988  214.49843]
[616.0274  615.9449  616.1825  616.0578  616.0323  616.06793 615.97095
 616.2756  615.9141  615.9303  615.9082  616.2157  616.22406 616.3409
 616.27765 615.95654 616.14374 616.03845 615.89764 615.9951  615.85156
 616.1962  615.9042  615.99915]
[689.1269  689.1053  689.1995  689.28357 689.35693 689.3077  689.3019
 689.3147  689.208   689.3131  689.2724  689.35443 689.3798  689.40405
 689.344   689.16113 689.36523 689.2228  689.1019  689.35815 689.1989
 689.26935 689.08795 689.4618 ]
[701.66626 701.6063  701.72876 701.9994  702.04016 702.1058  702.07935
 701.9038  701.8133  701.75653 701.9875  701.94635 702.0801  702.0208
 701.9752  701.5198  702.1375  701.70636 701.60754 702.0771  701.9294
 701.7947  701.63556 702.3099 ]
[488.85773 488.84885 488.8686  488.82684 488.86765 488.84784 488.8743
 488.80893 488.88104 488.78055 488.88986 488.81183 488.8474  488.7838
 488.8661  488.87167 488.8294  488.7987  488.90323 488.87646 488.88815
 488.88217 488.85986 488.92523]
[149.21115 149.57782 150.57353 149.7348  149.14337 149.48375 149.8779
 149.75098 149.55019 149.67093 150.15968 148.887   149.46208 149.84602
 150.11887 150.30753 149.85089 149.49796 149.5843  149.13292 149.3163
 149.56712 149.5567  149.02698]
[91.07483  91.0927   91.074646 91.00311  91.03365  91.080795 91.064705
 91.047516 91.07024  91.00112  91.037575 90.97253  90.96239  90.94925
 91.06307  91.04687  91.04665  91.01795  91.09479  91.02715  91.0569
 90.97586  91.04257  91.06942 ]
[17.282814 17.27112  17.297478 17.304928 17.294836 17.290472 17.28332
 17.298191 17.281271 17.343931 17.296083 17.330307 17.31594  17.334047
 17.298754 17.307777 17.296677 17.309736 17.272366 17.299051 17.287415
 17.311964 17.281153 17.29807 ]
[-2.3329146 -2.3468063 -2.319943  -2.325197  -2.3332114 -2.330065
 -2.3495073 -2.3304806 -2.338881  -2.289221  -2.332707  -2.292783
 -2.315372  -2.2966418 -2.328106  -2.310504  -2.3333895 -2.3184292
 -2.3472219 -2.3328848 -2.3330035 -2.3168857 -2.3438678 -2.3284621]
[1.0193775  1.006406   1.0324677  1.0161717  1.0103241  1.0174184
 0.99530447 1.0137674  1.0104429  1.0446675  1.0123129  1.0494465
 1.0252844  1.0409868  1.0176855  1.0372467  1.0093149  1.0224348
 1.0072074  1.0077417  1.0162311  1.0254625  1.0050108  1.0158452 ]
[1.5820802 1.5692275 1.5945472 1.5787557 1.5720177 1.5801508 1.5571464
 1.57555   1.5728488 1.6059455 1.5743626 1.61114   1.5863546 1.6017898
 1.5792307 1.5997417 1.5707116 1.5849892 1.5699695 1.5699102 1.5788151
 1.5875419 1.5678027 1.5769451]
[1.2930855 1.279639  1.3052555 1.2901171 1.2828745 1.2910076 1.2666378
 1.2865255 1.2837056 1.3188207 1.2842993 1.3238075 1.2971817 1.3137449
 1.2896422 1.310925  1.2808263 1.297063  1.2801139 1.2805592 1.2894938
 1.2990221 1.278422  1.2872082]
[1.6127726 1.5989403 1.6252989 1.6098636 1.60271   1.6100714 1.5856719
 1.6061236 1.6034818 1.6397545 1.6034521 1.6451569 1.6177297 1.6347678
 1.60927   1.6307606 1.6001573 1.6166314 1.5998604 1.5995042 1.6094481
 1.618917  1.5977529 1.6069547]
[1.6443554 1.6302263 1.6567036 1.6420105 1.6343225 1.6414762 1.6167204
 1.6377361 1.6350052 1.6727028 1.6347084 1.6780161 1.6496687 1.6671224
 1.6406153 1.6625808 1.6314433 1.6489266 1.6310871 1.6311464 1.6410309
 1.6510044 1.629217  1.6383594]
[1.4185263 1.4035363 1.4309635 1.4154986 1.4082263 1.4147269 1.3888729
 1.4116992 1.4090277 1.4485062 1.4072467 1.4543835 1.4243145 1.4427774
 1.4143707 1.436633  1.4044268 1.4230381 1.4044268 1.4038035 1.4147269
 1.425205  1.4022303 1.4121444]
[1.4111055 1.3956406 1.4237208 1.4077513 1.4007461 1.4066827 1.3803835
 1.4040706 1.4015476 1.4422134 1.3988464 1.448625  1.4173687 1.4364846
 1.406653  1.4293013 1.3963233 1.4155283 1.3967092 1.3954922 1.407217
 1.417903  1.3942752 1.4045455]
[1.4124413 1.3968279 1.4252347 1.4094136 1.4023193 1.4077513 1.3813927
 1.4056735 1.4030614 1.4445584 1.4000337 1.4509996 1.419298  1.4387702
 1.4080778 1.4309042 1.3975997 1.4171609 1.3979856 1.3966795 1.4086715
 1.4195058 1.3954922 1.4060297]
[1.5743923 1.5593727 1.5867108 1.5714834 1.5639735 1.5706226 1.5445014
 1.5674168 1.5647453 1.6042238 1.5629643 1.6101902 1.579854  1.5983763
 1.5699992 1.5925584 1.5601147 1.5789932 1.5602632 1.5596695 1.5705632
 1.5811601 1.5580666 1.5676839]
[1.3676494 1.3515315 1.3804132 1.3646514 1.3575275 1.3625736 1.3356214
 1.3608817 1.3581212 1.4012507 1.3544701 1.4077513 1.3748921 1.3950173
 1.3630486 1.3862014 1.3522736 1.3727549 1.3527188 1.3513534 1.36385
 1.3750702 1.3502254 1.3610301]
[1.8105808 1.7966298 1.8241757 1.8083843 1.8015572 1.807761  1.7847565
 1.8047036 1.8017353 1.8405905 1.8023883 1.8453398 1.8181204 1.83501
 1.808414  1.8292218 1.7997762 1.8146771 1.7980249 1.7980546 1.8086218
 1.817408  1.7955909 1.807939 ]
[5.972925  5.9693336 5.991774  5.971055  5.9690366 5.976665  5.975181
 5.970877  5.962447  5.9815035 5.9847093 5.9744983 5.97809   5.9788322
 5.9800196 5.99026   5.981355  5.9697194 5.97153   5.975448  5.977021
 5.9769917 5.9676414 5.981622 ]
[90.61631  90.67501  90.63774  90.67131  90.666145 90.69448  90.78912
 90.64537  90.66189  90.509155 90.74863  90.47509  90.61465  90.53587
 90.683304 90.61796  90.73807  90.59287  90.69537  90.691216 90.68652
 90.618416 90.68669  90.71918 ]
[270.1368  270.2481  270.04675 270.11005 270.1308  270.1979  270.27515
 270.01944 270.18045 269.94244 270.29584 269.76926 269.93567 269.7732
 270.01685 270.1597  270.1383  270.07928 270.2797  270.20135 270.2248
 269.94693 270.24658 270.1428 ]
[408.57132 408.64426 408.36865 408.63696 408.6533  408.68143 408.11124
 408.71127 408.6205  408.75482 408.25983 409.08524 408.527   408.90823
 408.7703  408.63138 408.57053 408.86722 408.40988 408.28345 408.50323
 408.7921  408.7835  408.52405]
[401.66275 401.7981  401.67725 401.7584  401.63208 401.66513 401.84146
 401.60995 401.70935 401.4846  401.7947  401.51114 401.61963 401.45215
 401.66428 401.63538 401.78232 401.6085  401.853   401.71454 401.84058
 401.654   401.8623  401.70947]
[396.84924 396.68317 397.1624  396.8758  396.94635 396.89023 396.99942
 397.01865 396.82492 396.90494 396.93784 396.87686 397.0988  397.08453
 396.9475  396.86835 396.8595  396.747   396.76508 396.94586 396.7464
 396.94354 396.50116 396.9086 ]
[532.26105 532.25116 532.2935  532.29736 532.2991  532.2248  532.2951
 532.22687 532.26715 532.3956  532.3268  532.327   532.36285 532.33496
 532.2403  532.3103  532.2902  532.27094 532.2745  532.30347 532.35016
 532.31775 532.29205 532.32245]
[525.7457  526.08466 526.0675  526.0655  526.04254 526.1936  526.861
 526.06885 526.17    525.23676 526.7658  525.0844  525.9972  525.5413
 526.2766  525.94824 526.39655 525.74976 526.2702  526.5038  526.04126
 525.8189  526.26843 526.45685]
[486.4872  486.43042 486.52808 486.60803 486.6221  486.3598  486.3949
 486.63705 486.6194  486.89026 486.3665  486.96906 486.80585 486.96054
 486.5422  486.48666 486.4857  486.62265 486.41248 486.44952 486.50934
 486.70847 486.48212 486.52094]
[481.048   481.03543 481.12057 481.08276 481.0952  480.9841  481.02066
 481.1751  481.0931  481.11673 480.99924 481.18576 481.1854  481.23706
 481.1606  481.03845 481.07025 481.0706  481.02475 481.0453  480.97467
 481.23618 481.04355 481.02176]
[349.15424 349.18524 349.59134 349.44904 349.27536 349.26617 349.4841
 349.40295 349.23993 349.42108 349.56607 349.26038 349.52652 349.57074
 349.53116 349.49258 349.4957  349.28708 349.2562  349.32642 349.249
 349.46463 349.24387 349.347  ]
[69.9845   69.9818   69.998    69.936295 69.95437  69.969185 69.950066
 69.99474  69.96633  69.98109  69.925224 69.98696  69.94452  69.96129
 69.99575  69.97037  69.96517  69.96636  69.98209  69.9449   69.95547
 69.942085 69.94837  69.97856 ]
[-7.5016947 -7.5240755 -7.4813023 -7.4519753 -7.462394  -7.4859624
 -7.484597  -7.4678855 -7.497153  -7.3879786 -7.4683604 -7.4116063
 -7.420274  -7.394776  -7.4680934 -7.4634924 -7.460583  -7.452836
 -7.521582  -7.4600196 -7.486022  -7.4422097 -7.5049005 -7.453727 ]
[0.3680706  0.35459447 0.38205135 0.36575532 0.3606795  0.36602247
 0.3450662  0.36406338 0.3596406  0.39683354 0.36168873 0.40087044
 0.37715364 0.3933903  0.36798155 0.38647413 0.35984838 0.3719591
 0.35563338 0.35741436 0.36539912 0.37552106 0.35343683 0.36676455]
[1.2878909 1.2750678 1.3003875 1.2877128 1.2798765 1.2864958 1.2650052
 1.2829932 1.2794312 1.3169804 1.2821324 1.3197409 1.295193  1.3112218
 1.2861693 1.3069772 1.2790453 1.2939166 1.2758989 1.278422  1.2861396
 1.2956679 1.2751272 1.2845664]
[0.7919158  0.77858806 0.80411553 0.7883241  0.7816454  0.78986764
 0.76576495 0.7853855  0.78244686 0.81741357 0.78318894 0.8218957
 0.7957746  0.8123081  0.7887397  0.80954754 0.779716   0.79550743
 0.7788255  0.7794192  0.7879976  0.7974665  0.77722263 0.7860682 ]
[1.7834802 1.7696775 1.7963626 1.7794433 1.7729723 1.7800072 1.7562608
 1.7763859 1.7740113 1.8091857 1.7738332 1.8154489 1.7884372 1.804941
 1.7797698 1.8010526 1.7705086 1.7859439 1.7708945 1.7691729 1.7800072
 1.7888231 1.768045  1.77787  ]
[1.4916061 1.4778035 1.5037762 1.4897064 1.481781  1.4891721 1.46501
 1.4852539 1.482434  1.5200129 1.4828199 1.5245247 1.4970678 1.5140762
 1.4880738 1.5099206 1.479436  1.4966522 1.4785752 1.4793173 1.4885784
 1.4983442 1.4771504 1.4859366]
[1.7986779 1.7852908 1.811412  1.7953831 1.7884669 1.7959768 1.772438
 1.7918211 1.7893277 1.8240867 1.7901292 1.8293703 1.8032194 1.8193077
 1.7951753 1.8163987 1.7864485 1.8017353 1.7862704 1.7855877 1.7954425
 1.8044364 1.7840441 1.7930381]
[1.8177048 1.8034866 1.8305873 1.8147365 1.8076719 1.8140835 1.7897136
 1.8108777 1.8084437 1.8462303 1.8077906 1.8519591 1.8236414 1.8410357
 1.813935  1.8359005 1.8045552 1.8215339 1.8047036 1.8034569 1.8145584
 1.824057  1.8022696 1.8119166]
[1.4423915 1.4274906 1.4543241 1.439631  1.431765  1.4389483 1.4125303
 1.4353269 1.4326258 1.4719856 1.4310229 1.4777441 1.4473486 1.4659302
 1.4377313 1.4604982 1.4279358 1.4472595 1.4281139 1.4280843 1.4384733
 1.4490702 1.4262736 1.4353269]
[1.4081075 1.3922864 1.4207525 1.4045752 1.39757   1.4029723 1.376495
 1.4009242 1.3984011 1.4401356 1.3951954 1.4467846 1.4147269 1.4341693
 1.4033285 1.4263626 1.3927317 1.4124709 1.3934441 1.3917818 1.4041893
 1.4148753 1.390921  1.4013991]
[1.4603201 1.4439944 1.4729948 1.4576486 1.4502872 1.4549475 1.4281436
 1.4536117 1.4506731 1.4951978 1.4470221 1.5015796 1.4682158 1.4884597
 1.4556302 1.4789908 1.445063  1.4658709 1.4452114 1.4441725 1.4567581
 1.4678893 1.4427774 1.454057 ]
[10.253379  10.25792   10.284754  10.250351  10.260918  10.2552185
 10.284546  10.2603245 10.232779  10.2590475 10.28235   10.2258625
 10.265578  10.251894  10.273503  10.270743  10.285763  10.244295
 10.260947  10.272346  10.26353   10.261304  10.253379  10.275463 ]
[88.27554  88.32706  88.30484  88.35197  88.3458   88.36359  88.470474
 88.32785  88.32619  88.18771  88.42025  88.16864  88.30977  88.23856
 88.367516 88.26882  88.409164 88.26725  88.34877  88.37009  88.34343
 88.31118  88.350716 88.39811 ]
[46.90585  46.97394  47.287544 47.12022  47.24688  47.296864 47.44439
 47.348156 47.1269   47.08659  47.47039  46.914043 47.355637 47.369976
 47.39859  47.218708 47.4492   47.064655 46.93458  47.444477 46.97326
 47.056282 46.941795 47.45095 ]
[193.18292 193.23918 193.41644 193.25273 193.37758 193.4342  193.51428
 193.48772 193.33093 193.22234 193.49716 193.1207  193.39928 193.42085
 193.50632 193.34381 193.49881 193.2564  193.19662 193.5048  193.16481
 193.22838 193.18866 193.49156]
[185.47554 185.56487 185.49539 185.52849 185.54431 185.63358 185.71182
 185.53435 185.53886 185.33745 185.70169 185.24734 185.45023 185.37553
 185.60939 185.5304  185.662   185.48828 185.5511  185.64027 185.51485
 185.47218 185.58902 185.62325]
[292.45953 292.6282  292.35733 292.55148 292.51932 292.56363 292.66525
 292.42462 292.58072 292.37772 292.6262  292.2724  292.34244 292.27408
 292.52686 292.4519  292.62616 292.49463 292.6126  292.4973  292.62808
 292.426   292.73593 292.60956]
[307.67685 307.65015 307.63504 307.664   307.6773  307.67825 307.64243
 307.61395 307.65964 307.74976 307.67715 307.7138  307.66666 307.67023
 307.6336  307.7095  307.6563  307.69638 307.6607  307.69116 307.7224
 307.6736  307.6832  307.712  ]
[411.45663 411.5019  411.5894  411.47775 411.41168 411.4191  411.60318
 411.46802 411.43097 411.35788 411.5458  411.35858 411.48553 411.36194
 411.4705  411.4589  411.5118  411.38007 411.57556 411.49878 411.52872
 411.42157 411.4805  411.4875 ]
[156.45107 156.45511 156.50618 156.51347 156.48814 156.48604 156.53024
 156.4788  156.4642  156.48077 156.53702 156.47565 156.52194 156.49907
 156.50023 156.4885  156.51434 156.46616 156.48097 156.5086  156.4978
 156.50461 156.47636 156.52423]
[310.5559  310.5999  310.5822  310.52213 310.55673 310.6108  310.7006
 310.61246 310.56207 310.37677 310.63486 310.38864 310.50876 310.43576
 310.62964 310.49493 310.5973  310.50455 310.62238 310.63174 310.51987
 310.5212  310.59775 310.60074]
[136.09157 136.01772 136.0426  136.10834 136.12585 136.00108 136.08318
 136.1321  136.1239  136.23392 136.02452 136.27188 136.21193 136.25475
 136.15443 136.08844 136.07176 136.15932 136.04546 136.11342 136.0091
 136.15987 136.00772 136.14445]
[95.189644 95.18447  95.27579  95.07365  95.14571  95.1838   95.31504
 95.225624 95.14147  94.99786  95.21732  94.97964  95.16231  95.05968
 95.20479  95.12632  95.20919  95.05655  95.19862  95.253685 95.119
 95.07198  95.06927  95.2057  ]
[18.857147 18.85881  18.864925 18.857445 18.848509 18.863647 18.880865
 18.85403  18.85314  18.832867 18.87935  18.834322 18.85305  18.837616
 18.873146 18.868517 18.871246 18.852072 18.867002 18.874186 18.854565
 18.856049 18.857445 18.872345]
[-0.26026154 -0.27355957 -0.24892259 -0.26186442 -0.2687806  -0.25984597
 -0.28415644 -0.2650702  -0.2691071  -0.23339832 -0.26688087 -0.23087525
 -0.25554192 -0.23897874 -0.2613598  -0.24191737 -0.26987886 -0.254503
 -0.2740345  -0.26898837 -0.26444685 -0.25272202 -0.27445006 -0.2640313 ]
[1.9949427 1.9813478 2.0087156 1.9922712 1.9858003 1.9923306 1.9695042
 1.9891545 1.9860971 2.021984  1.9868392 2.0269113 2.001206  2.0176206
 1.9928352 2.0135243 1.9841083 1.9981781 1.982832  1.9818821 1.9922415
 2.0013838 1.9798043 1.9908464]
[1.715298  1.7019703 1.7281805 1.71512   1.7070165 1.7145857 1.6910173
 1.71043   1.706868  1.7442391 1.7087084 1.7475339 1.721769  1.7384509
 1.7139623 1.7346514 1.7057104 1.7211753 1.7028015 1.7051464 1.7129531
 1.7234906 1.7014954 1.711647 ]
[1.9038155 1.8899832 1.9178259 1.9021533 1.8952965 1.901797  1.8783177
 1.8985913 1.8953558 1.932994  1.8961573 1.9374465 1.9110582 1.9280369
 1.9025985 1.9228721 1.8935155 1.9082086 1.8913783 1.8916751 1.9012628
 1.9115628 1.8887959 1.9005504]
[1.9904902 1.9764501 2.0041146 1.9898075 1.9821196 1.9888873 1.9645472
 1.9855331 1.9821196 2.020945  1.9826539 2.0252194 1.9977329 2.0153646
 1.9891248 2.0100217 1.9800714 1.9961003 1.9777858 1.978706  1.9881749
 1.9988312 1.9755893 1.9868985]
[2.0978243 2.083784  2.1113896 2.09729   2.0895429 2.0966072 2.0722375
 2.0927782 2.0892756 2.1278043 2.0903144 2.1318707 2.1049185 2.1221645
 2.0966072 2.1173854 2.0876431 2.103375  2.0850606 2.086515  2.0953903
 2.1062841 2.0829234 2.0944998]
[2.223176  2.2086315 2.2381363 2.2220185 2.2152805 2.2205343 2.1970549
 2.2185752 2.2150133 2.255056  2.2150133 2.2595677 2.231992  2.2498908
 2.2225823 2.2430341 2.2130837 2.227955  2.2106202 2.2103233 2.2210093
 2.2317247 2.207355  2.2207124]
[2.3080697 2.2937627 2.3221693 2.3078322 2.3001146 2.306942  2.2822456
 2.3034096 2.2997584 2.3391185 2.3004413 2.3433928 2.3157578 2.333538
 2.307417  2.3280466 2.2981558 2.3137987 2.2951577 2.2966714 2.305695
 2.3170044 2.292783  2.305428 ]
[2.430127  2.415968  2.4445825 2.4298596 2.42235   2.4290285 2.4050741
 2.425615  2.4219344 2.4608192 2.423003  2.4647968 2.4382007 2.4555058
 2.4300675 2.450074  2.4208064 2.4355292 2.4176006 2.4189956 2.427871
 2.4390912 2.4149587 2.4280193]
[2.6988778 2.68463   2.7146099 2.6989074 2.6918132 2.6973343 2.6740034
 2.6951673 2.6911602 2.7312918 2.6918726 2.7351801 2.7082872 2.7261565
 2.6994715 2.7196262 2.69024   2.7042801 2.6868265 2.6870341 2.6973343
 2.7082577 2.6833534 2.6975124]
[2.601339  2.5867646 2.6159432 2.60125   2.5935621 2.600122  2.5751586
 2.5969756 2.5930574 2.6333077 2.5935028 2.6375525 2.609591  2.6276383
 2.601161  2.621583  2.5915437 2.6072757 2.5883675 2.589822  2.5989645
 2.6107485 2.5856366 2.5991127]
[3.0412428 3.0288353 3.0562031 3.041213  3.0338814 3.0406492 3.0198116
 3.036731  3.0331986 3.0692043 3.037206  3.0715196 3.0489306 3.06398
 3.041688  3.06119   3.0342672 3.0456061 3.030735  3.0316255 3.040382
 3.0497024 3.0282416 3.0400257]
[26.61299  26.608536 26.644276 26.627384 26.626434 26.636528 26.646381
 26.6278   26.617144 26.628721 26.647362 26.624475 26.639318 26.635874
 26.654783 26.641663 26.654545 26.61385  26.618332 26.635132 26.627089
 26.629314 26.602688 26.669981]
[78.48776  78.501564 78.517105 78.589424 78.55986  78.54088  78.65872
 78.53997  78.547424 78.47814  78.62552  78.45757  78.57494  78.49545
 78.604385 78.537315 78.63679  78.501785 78.57601  78.586266 78.549934
 78.52122  78.50496  78.67326 ]
[295.39078 295.37436 295.3613  295.35324 295.41055 295.37592 295.38602
 295.4222  295.41882 295.4399  295.32697 295.4335  295.38693 295.42285
 295.39218 295.35162 295.37222 295.3876  295.37366 295.34204 295.3698
 295.34497 295.3435  295.4233 ]
[375.10284 374.9637  375.07385 375.06573 374.9601  374.89157 374.47302
 374.9779  374.97443 375.26877 374.54803 375.5119  375.01355 375.3153
 374.86017 375.00677 374.75925 375.07474 374.87378 374.52258 375.00208
 375.15054 374.86392 374.64648]
[699.7371  699.7441  699.85425 699.7997  699.73364 699.70795 699.87915
 699.84125 699.6937  699.63525 699.79584 699.7606  699.9053  699.8468
 699.88446 699.7042  699.8902  699.70874 699.78033 699.782   699.7592
 699.8485  699.78516 699.8028 ]
[497.99283 498.0459  497.98212 498.21835 498.2567  498.0811  498.43457
 498.0976  498.1648  498.12717 498.3233  498.1359  498.34137 498.15387
 498.1847  497.99622 498.3353  498.08228 498.13596 498.4062  498.24744
 498.1458  498.1667  498.50116]
[614.4928  614.5044  614.5075  614.5874  614.5651  614.47736 614.6323
 614.491   614.53815 614.53876 614.5997  614.55475 614.62445 614.5269
 614.51447 614.4994  614.57355 614.5065  614.57056 614.61346 614.6194
 614.5649  614.5593  614.63696]
[408.0536  408.10248 408.0006  408.16403 408.1947  408.08694 408.20352
 408.06967 408.1764  408.17538 408.18622 408.0704  408.15677 408.1093
 408.06573 408.06445 408.15414 408.11917 408.09592 408.18826 408.17194
 408.10568 408.1549  408.19702]
[442.52112 442.49716 442.68625 442.5235  442.55588 442.62033 442.47925
 442.58887 442.6062  442.4445  442.49646 442.55206 442.49036 442.50717
 442.69742 442.54828 442.54694 442.43878 442.5752  442.48117 442.51404
 442.53046 442.398   442.67615]
[300.7373  300.80322 300.62396 300.7602  300.79578 300.74792 300.74133
 300.5303  300.90732 300.93613 300.77075 300.63715 300.5323  300.4982
 300.63217 300.8314  300.70023 300.7501  300.87448 300.65106 300.95767
 300.56183 300.78897 300.9191 ]
[244.44432 244.33673 244.38135 244.40292 244.41963 244.44678 244.29445
 244.42892 244.35371 244.3882  244.31294 244.55054 244.4397  244.48184
 244.39737 244.35667 244.31429 244.43051 244.31877 244.42004 244.32387
 244.49747 244.31665 244.377  ]
[6.5735927 6.5404663 6.600129  6.6266956 6.6117353 6.5883746 6.5875435
 6.6035724 6.5672107 6.6656995 6.601287  6.673061  6.665818  6.682233
 6.60663   6.6030087 6.614674  6.6075797 6.5511227 6.60945   6.590126
 6.638569  6.5522504 6.6303763]
[-0.39523065 -0.40962696 -0.37976575 -0.3854649  -0.39306378 -0.39748657
 -0.41404974 -0.38941276 -0.39923787 -0.33455837 -0.3976053  -0.34266186
 -0.3705343  -0.34726274 -0.38858163 -0.37008905 -0.3942511  -0.3765303
 -0.40876615 -0.3981396  -0.39306378 -0.3765006  -0.40544164 -0.38941276]
[-2.5789282 -2.5932653 -2.5669067 -2.5770285 -2.5838556 -2.578127
 -2.6016061 -2.5806797 -2.5869427 -2.5418837 -2.5840042 -2.542893
 -2.5682423 -2.5492156 -2.5780082 -2.5586548 -2.5856366 -2.568836
 -2.5943635 -2.584776  -2.581956  -2.5675004 -2.5926418 -2.5797892]
[1.3551232 1.3407862 1.3682728 1.3508488 1.3450012 1.3511456 1.3272804
 1.3483851 1.3456542 1.3824316 1.3449419 1.3888135 1.3612082 1.378365
 1.3518283 1.3727549 1.342211  1.3576759 1.3420329 1.3404597 1.3515612
 1.3608223 1.3390646 1.3501067]
[1.0903498 1.0759238 1.1022527 1.0884204 1.080584  1.0873815 1.0622399
 1.084146  1.0810887 1.1207156 1.0802872 1.125643  1.0963755 1.1145712
 1.086491  1.108783  1.077408  1.096049  1.0764581 1.077408  1.0870253
 1.0973847 1.0751224 1.0844132]
[0.8508071  0.8358468  0.86312556 0.847067   0.84029925 0.8469186
 0.8208568  0.8439206  0.841071   0.8806683  0.8391416  0.8864268
 0.8562094  0.87490976 0.84662175 0.86876535 0.83644044 0.85508144
 0.8363514  0.83590615 0.8465327  0.8570702  0.83430326 0.8442768 ]
[1.5004517 1.4854023 1.5133342 1.4972162 1.4904188 1.4959695 1.470917
 1.4936543 1.4911015 1.5312331 1.4891424 1.5373775 1.5072788 1.5257714
 1.4964148 1.5187068 1.4865006 1.504548  1.4866787 1.4852242 1.4970381
 1.5071007 1.4840963 1.4946635]
[1.3426563 1.3279037 1.3546185 1.3404894 1.3324453 1.3395395 1.3134778
 1.3360666 1.333128  1.3731408 1.3318516 1.378276  1.3482664 1.3666996
 1.3384709 1.3611192 1.3288833 1.3481773 1.3284677 1.3290614 1.3390349
 1.3497208 1.3269539 1.336126 ]
[1.4060594 1.3910397 1.4188231 1.4027052 1.395789  1.4019334 1.3761091
 1.3991432 1.3965905 1.4362768 1.3945127 1.4424509 1.4121741 1.4307557
 1.4018444 1.4242254 1.3917521 1.4102744 1.3920193 1.3908616 1.4023193
 1.4126787 1.3896446 1.3997369]
[1.3080754 1.2921059 1.3207204 1.3052852 1.2980129 1.3030887 1.2762254
 1.3013374 1.2986065 1.3417954 1.2950742 1.3482367 1.3154665 1.335473
 1.3034449 1.3267164 1.2928183 1.313359  1.2932042 1.2920169 1.304365
 1.3154962 1.2909186 1.3014858]
[1.1072098 1.0910028 1.1191424 1.1043305 1.0964942 1.1025199 1.0745584
 1.1000859 1.0972956 1.1406627 1.0935853 1.1468664 1.1133839 1.1336871
 1.1019559 1.125554  1.0911512 1.112909  1.0915371 1.0912997 1.1028761
 1.1144822 1.0897561 1.0996406]
[1.2008303 1.1834657 1.2136238 1.1975355 1.1905006 1.1943    1.1658636
 1.1938251 1.1909755 1.2380233 1.1851873 1.2453847 1.2092307 1.2311071
 1.1955467 1.2195604 1.1838219 1.2065592 1.1846234 1.1828127 1.196645
 1.208637  1.1819519 1.1938548]
[5.6191916 5.6139674 5.631866  5.619548  5.610821  5.6251283 5.612869
 5.6133437 5.6108503 5.624742  5.6271167 5.6240892 5.618568  5.622516
 5.6202006 5.6366153 5.619132  5.619518  5.6151547 5.6189837 5.620349
 5.62305   5.614561  5.6185384]
[83.50208  83.545525 83.53698  83.55309  83.55747  83.58934  83.66539
 83.555824 83.543015 83.437614 83.6352   83.40524  83.528    83.471886
 83.587944 83.513245 83.623634 83.497025 83.558975 83.59747  83.54838
 83.51611  83.55734  83.61881 ]
[110.43632  110.422676 110.47897  110.48293  110.51428  110.51069
 110.48531  110.526024 110.48791  110.52139  110.4911   110.51697
 110.52284  110.57215  110.53978  110.47887  110.514755 110.486664
 110.40868  110.50601  110.42281  110.50131  110.41916  110.538666]
[357.38007 357.4733  357.33957 357.3874  357.3923  357.4265  357.51566
 357.3806  357.43088 357.22903 357.44293 357.18903 357.2809  357.2205
 357.43423 357.33014 357.47064 357.34604 357.46005 357.38577 357.42212
 357.33664 357.48462 357.42838]
[198.05841 198.02905 198.01065 198.17221 197.99162 197.99986 197.56537
 198.10567 198.13162 198.27094 197.81104 198.59253 197.98651 198.07455
 197.92735 197.8887  197.88324 198.03395 198.22241 197.8726  198.13937
 198.01474 198.07661 198.02577]
[483.13733 483.1731  483.22037 483.09747 483.05023 483.04938 483.1838
 483.12625 483.10458 483.01892 483.09067 483.0503  483.0824  483.00177
 483.1104  483.07275 483.11084 483.03598 483.22467 483.07147 483.15588
 483.0628  483.11786 483.08252]
[426.71503 426.68365 426.75027 426.75238 426.78003 426.7052  426.75644
 426.72266 426.72794 426.88116 426.78085 426.8227  426.84818 426.8447
 426.7428  426.7747  426.7644  426.7508  426.7032  426.79514 426.77905
 426.80215 426.72336 426.81705]
[201.50298 201.49084 201.58133 201.54181 201.55356 201.52074 201.58925
 201.58008 201.52733 201.60173 201.54407 201.58269 201.60411 201.61855
 201.58989 201.51407 201.57504 201.51826 201.5053  201.54413 201.5188
 201.54697 201.47383 201.6069 ]
[336.94385 336.93753 336.96017 336.97104 337.0016  336.959   337.0437
 337.00775 336.96808 336.99594 337.01227 336.9848  337.0348  337.02142
 336.99835 336.92896 336.98026 336.97177 336.9599  337.0281  336.94577
 336.9946  336.97464 337.02087]
[466.42404 466.34344 466.39343 466.3022  466.2821  466.28458 466.07565
 466.29922 466.31055 466.44507 466.18835 466.4281  466.2846  466.41003
 466.22916 466.43964 466.15125 466.38577 466.29373 466.14594 466.28366
 466.43884 466.3144  466.05048]
[181.4534  181.51038 181.44116 181.4597  181.50319 181.49939 181.58324
 181.50325 181.5089  181.37305 181.53314 181.4059  181.4789  181.42418
 181.5074  181.42088 181.53485 181.45224 181.50119 181.57166 181.4913
 181.45317 181.54033 181.54396]
[53.885357 53.90109  53.92368  53.81403  53.864937 53.91593  53.972836
 53.901447 53.864105 53.760452 53.93558  53.731155 53.84683  53.78212
 53.918335 53.860336 53.928043 53.81112  53.89432  53.950275 53.85042
 53.8205   53.847363 53.92549 ]
[15.945056 15.939743 15.957345 15.987354 15.967199 15.959808 15.965537
 15.967764 15.950547 16.027605 15.978509 15.994093 15.989136 16.0046
 15.965923 15.979726 15.975333 15.990561 15.940603 15.982516 15.961708
 15.984713 15.961204 15.968506]
[-2.91598   -2.9312372 -2.9030678 -2.915891  -2.92067   -2.9159503
 -2.940053  -2.9172564 -2.923579  -2.8793213 -2.9226885 -2.8776295
 -2.9041364 -2.884338  -2.9140804 -2.8963    -2.923371  -2.907461
 -2.9318604 -2.9237273 -2.9199872 -2.9048786 -2.9316823 -2.915594 ]
[1.3450606 1.3310205 1.3582102 1.3426859 1.3360666 1.3419142 1.3184942
 1.3394505 1.3361853 1.374714  1.3360963 1.3796117 1.3522439 1.3697273
 1.3425078 1.3636125 1.3336623 1.349513  1.3320594 1.3320297 1.3421516
 1.3520658 1.3298331 1.3407862]
[0.55169034 0.5373831  0.56344485 0.55065143 0.5426073  0.5499687
 0.5245303  0.5463177  0.542637   0.5826498  0.5426667  0.5863899
 0.55783474 0.5761492  0.54869235 0.57047975 0.5397577  0.55836904
 0.5374721  0.540292   0.5482471  0.559497   0.53690815 0.5463177 ]
[1.2450879 1.2303354 1.2581781 1.2420008 1.2355002 1.2413181 1.2165921
 1.238795  1.2360642 1.2750678 1.23458   1.2809154 1.2518259 1.2700217
 1.2418821 1.2633727 1.2320273 1.2491544 1.2315524 1.2306619 1.2416446
 1.2518556 1.2289402 1.239923 ]
[1.4743899 1.4597858 1.4872724 1.4724902 1.4650397 1.4710654 1.446191
 1.4683939 1.4654553 1.5056462 1.464357  1.5108111 1.4813951 1.4997393
 1.4711545 1.4931496 1.4617152 1.4796141 1.4608247 1.4608247 1.4713622
 1.4818404 1.458836  1.4691954]
[1.295935  1.2813606 1.3083723 1.2938275 1.2862583 1.2931151 1.2674392
 1.2897016 1.2866145 1.3262415 1.2857537 1.3312579 1.3019607 1.3201861
 1.2924918 1.314487  1.2829041 1.3010999 1.2820137 1.282548  1.2924324
 1.3032074 1.280292  1.2902656]
[1.5694649 1.5544453 1.5827926 1.5666153 1.559907  1.5651906 1.540227
 1.563083  1.5603225 1.6006916 1.5585415 1.6065688 1.5767076 1.5952595
 1.566081  1.5880169 1.5560778 1.5737393 1.5557216 1.5545343 1.5662295
 1.5765295 1.5530798 1.564211 ]
[1.5764701 1.5615989 1.589412  1.5746595 1.56712   1.573116  1.5477072
 1.5704148 1.5674168 1.6080827 1.566081  1.6133069 1.5834457 1.6020273
 1.5732347 1.5953486 1.5635283 1.5818131 1.5626675 1.5626378 1.5734721
 1.5841284 1.5606194 1.5711569]
[1.6817858 1.6667068 1.6948464 1.6803017 1.672584  1.6786691 1.6529932
 1.6757898 1.6727028 1.7140514 1.6714858 1.71886   1.6889395 1.7077289
 1.6788769 1.7010205 1.6691408 1.6873366 1.6677754 1.6681316 1.6787285
 1.689919  1.6657866 1.6767397]
[1.5972186 1.5816647 1.6108432 1.594933  1.5880169 1.5926474 1.5671793
 1.5911633 1.5883137 1.6307012 1.5857016 1.6365191 1.6053815 1.6247942
 1.5939238 1.6163346 1.5836535 1.6022648 1.5832082 1.5818428 1.5942206
 1.6050847 1.5804477 1.5920835]
[1.8959495 1.8798316 1.9095147 1.8943466 1.8868665 1.8917048 1.864901
 1.8900722 1.8867774 1.9310943 1.8837497 1.9369419 1.9042904 1.9245343
 1.8926843 1.91557   1.8821172 1.9019752 1.8812563 1.8806627 1.8928328
 1.9045279 1.8785849 1.8907549]
[5.935821  5.931428  5.94906   5.936326  5.927807  5.9436574 5.9321704
 5.930419  5.926946  5.938107  5.946062  5.935821  5.933714  5.9359994
 5.9384036 5.953305  5.937899  5.935376  5.932556  5.9378395 5.9369493
 5.939888  5.9315767 5.936296 ]
[78.338486 78.3556   78.355965 78.4327   78.409134 78.39375  78.47704
 78.375824 78.393074 78.34073  78.451935 78.31588  78.40352  78.34739
 78.40432  78.36816  78.44625  78.354126 78.40779  78.406456 78.41292
 78.367645 78.37146  78.470695]
[97.34808  97.45806  97.40255  97.42517  97.43553  97.532196 97.68083
 97.42676  97.424225 97.1501   97.67807  97.01427  97.34276  97.179665
 97.47761  97.4305   97.58875  97.3279   97.49433  97.583176 97.414856
 97.30825  97.462425 97.54533 ]
[280.0384  280.05295 280.02673 280.0829  280.08682 280.04996 280.0391
 280.0524  280.088   280.16577 280.022   280.1306  280.06686 280.12622
 280.083   280.05838 280.0978  280.08182 280.0303  279.99188 280.10147
 280.07538 280.07187 280.11035]
[431.72992 431.68723 431.76083 431.79544 431.7414  431.68912 431.6729
 431.8362  431.69922 431.78107 431.5642  431.94427 431.84845 431.9623
 431.85895 431.6243  431.81622 431.74075 431.65167 431.56906 431.69858
 431.86127 431.68274 431.73138]
[758.4335  758.43994 758.5116  758.53723 758.5594  758.44104 758.81366
 758.5429  758.47217 758.37384 758.66235 758.42303 758.6879  758.4851
 758.57996 758.41895 758.64075 758.4243  758.568   758.72577 758.5528
 758.5418  758.4895  758.72   ]
[920.18195 920.22974 920.00507 920.2973  920.3926  920.16156 920.59
 920.2809  920.2869  920.23596 920.3896  920.2083  920.3736  920.1586
 920.3059  920.1753  920.32227 920.32764 920.3962  920.5258  920.30536
 920.2833  920.36176 920.55524]
[826.44934 826.4694  826.4503  826.41144 826.3378  826.4814  826.54785
 826.3534  826.3737  826.1584  826.5472  826.14874 826.2627  826.11993
 826.3486  826.4713  826.3426  826.3839  826.5759  826.4719  826.45764
 826.3388  826.4975  826.3524 ]
[606.4818  606.3925  606.3175  606.1773  606.11505 606.47437 606.23865
 606.1485  606.1766  605.85443 606.3777  605.9684  605.95276 605.7758
 606.0768  606.4266  605.99426 606.3107  606.5057  606.4199  606.313
 606.1818  606.4282  606.01746]
[605.01196 605.2329  605.4629  605.14087 604.59845 604.94196 604.88153
 604.8167  605.0595  604.93005 605.1066  604.4759  604.41943 604.6298
 604.8465  605.18805 604.70984 604.87213 605.2653  604.309   605.0672
 604.8909  605.2341  604.1144 ]
[517.9198  517.98016 518.414   517.926   517.64575 517.91034 518.0199
 517.9964  518.00006 517.7366  518.2684  517.7199  517.9043  517.9168
 518.0507  518.314   517.891   517.8487  518.1048  517.8742  517.8059
 517.8854  517.9606  517.7244 ]
[240.02704 240.04227 240.06316 239.98288 240.02428 240.07788 240.05357
 240.0191  240.00165 239.92946 240.05455 239.93097 239.97655 239.91246
 240.10382 240.0704  240.10144 239.9806  240.07391 240.08067 240.04398
 239.97882 239.99399 240.14696]
[27.545395 27.547918 27.562315 27.538895 27.538033 27.555101 27.54881
 27.552935 27.535511 27.54023  27.54881  27.538628 27.5383   27.537945
 27.566084 27.559494 27.561602 27.543346 27.548986 27.551064 27.542486
 27.543436 27.539993 27.558722]
[-4.261753  -4.278138  -4.245219  -4.2433195 -4.252373  -4.257419
 -4.2710733 -4.252284  -4.265315  -4.199092  -4.253887  -4.2066016
 -4.2264895 -4.2061863 -4.24988   -4.2345037 -4.2514825 -4.2398767
 -4.2767134 -4.253442  -4.25641   -4.234771  -4.271697  -4.2454867]
[0.6336751  0.6192491  0.64715123 0.6318644  0.62566066 0.6305584
 0.6078211  0.628718   0.6248889  0.66522825 0.62530446 0.66979945
 0.6428175  0.66047895 0.6320425  0.65258324 0.6233454  0.6386322
 0.6203474  0.6215347  0.63115203 0.64168954 0.61847734 0.63091457]
[1.1530108 1.1387333 1.1657152 1.1497754 1.1432154 1.1495973 1.1254056
 1.1466587 1.1436903 1.1814473 1.143156  1.1872058 1.1591552 1.1765792
 1.1497457 1.1710879 1.1403955 1.15684   1.1396534 1.1392972 1.1495379
 1.159363  1.1373975 1.147935 ]
[1.2234786 1.2092307 1.2354705 1.2208961 1.2133269 1.2204806 1.1955171
 1.2168592 1.2139206 1.2523009 1.2135941 1.2572579 1.2287325 1.2463939
 1.2196494 1.2416149 1.2104774 1.2282872 1.2097946 1.2102993 1.219976
 1.2300385 1.2081918 1.2173935]
[1.0991657 1.0841757 1.1115732 1.095574  1.0885985 1.0951585 1.0692451
 1.0921605 1.0893406 1.1289972 1.0875299 1.1346964 1.1045977 1.1230606
 1.0948616 1.117124  1.084799  1.103351  1.084799  1.0842054 1.0950991
 1.1054288 1.0827212 1.0926057]
[1.4157658 1.4001821 1.4285889 1.4125897 1.4057032 1.4107493 1.3849844
 1.4089386 1.4063265 1.448061  1.4035363 1.4544132 1.4230084 1.4422728
 1.4114023 1.4341396 1.4011617 1.4203073 1.4014882 1.3999447 1.4122335
 1.4226819 1.3989058 1.4097104]
[1.2559519 1.2403386 1.2684485 1.252568  1.2455034 1.251262  1.2248143
 1.248917  1.2461861 1.2877128 1.2433959 1.2940353 1.2623041 1.2817168
 1.251351  1.2740883 1.2409916 1.2605528 1.241229  1.2402495 1.252004
 1.262779  1.2388841 1.2493622]
[1.366759  1.3512644 1.3794336 1.3632563 1.3562511 1.362069  1.3357104
 1.359635  1.3570822 1.3980746 1.3543217 1.4045455 1.3729627 1.392138
 1.3621581 1.3849547 1.3517987 1.3710333 1.3522142 1.3508785 1.3628408
 1.3734673 1.3497505 1.3601396]
[1.0587373 1.0417882 1.071501  1.0554721 1.0484966 1.0525929 1.0246314
 1.0517914 1.0490606 1.0948913 1.043866  1.1021043 1.0669298 1.0883313
 1.0535427 1.077408  1.0421147 1.0642583 1.0428865 1.0411649 1.0546707
 1.0663955 1.0403041 1.0517914]
[0.992069   0.97497153 1.0045953  0.9887742  0.9815612  0.98601365
 0.9576069  0.98494506 0.9821845  1.0281043  0.97690094 1.0351986
 0.9997866  1.0213366  0.986637   1.0106506  0.97514963 0.99764943
 0.97598076 0.9744966  0.98776495 0.9996679  0.97354674 0.98476696]
[0.97298276 0.9550245  0.9857168  0.96965826 0.96262336 0.9660369
 0.9366803  0.9658588  0.96300924 1.0119864  0.9563602  1.0195259
 0.9818877  1.004625   0.96740234 0.99180186 0.9552916  0.9790975
 0.9560337  0.95437145 0.96858966 0.98108625 0.9534216  0.96594787]
[6.1359153 6.129711  6.1482334 6.13639   6.127455  6.141377  6.127515
 6.1300673 6.1279006 6.1431875 6.1423564 6.1439295 6.135945  6.1412582
 6.136509  6.1536064 6.1344905 6.1369243 6.1310472 6.134579  6.136687
 6.1403084 6.130335  6.134787 ]
[45.48014  45.53259  45.51843  45.531937 45.53621  45.57257  45.6664
 45.530453 45.521458 45.412937 45.638706 45.364407 45.51098  45.443096
 45.57201  45.50133  45.624043 45.474293 45.54025  45.59623  45.53535
 45.48848  45.544167 45.615437]
[174.48975 174.60368 174.71153 174.5918  174.4944  174.51585 174.76155
 174.60445 174.5281  174.48454 174.71184 174.3974  174.59517 174.53125
 174.63527 174.61728 174.67714 174.51373 174.64362 174.58203 174.61179
 174.50426 174.63344 174.57095]
[314.6726  314.652   314.67886 314.64453 314.65753 314.64615 314.61142
 314.67297 314.6649  314.72446 314.59323 314.737   314.65683 314.6999
 314.67566 314.65524 314.63956 314.66684 314.6467  314.61282 314.65912
 314.67615 314.63464 314.6595 ]
[496.2063  496.30634 495.7989  495.83362 495.5518  496.07956 495.56277
 495.48975 495.99722 495.1071  495.76196 495.26724 494.96426 494.8623
 495.43472 495.7734  495.32544 495.74408 496.3079  495.4225  496.01996
 495.7508  496.35785 495.07947]
[751.9273  751.88556 752.0066  751.9579  752.11786 751.8821  752.1404
 752.15704 751.9896  752.24646 751.9864  752.2025  752.3942  752.38043
 752.11017 752.03204 752.3192  751.9882  751.8221  752.16284 751.9793
 751.9751  751.75616 752.35516]
[462.17575 462.51746 461.63962 462.41434 462.51663 462.0573  462.30444
 461.95865 462.46646 462.2017  461.8863  461.79764 461.8591  461.76248
 462.07922 461.36996 462.43872 461.89676 462.23053 461.6991  462.47476
 462.30103 462.44073 462.13217]
[714.3841  714.3676  714.29987 714.27606 714.3821  714.40314 714.4577
 714.39417 714.2721  714.2492  714.3931  714.26605 714.33356 714.2758
 714.4141  714.42645 714.3837  714.3987  714.3825  714.46313 714.3064
 714.3838  714.3594  714.43604]
[617.3254  617.41425 617.617   617.43225 617.2898  617.26654 617.4322
 617.42554 617.35    617.5796  617.5531  617.36884 617.5028  617.5708
 617.4748  617.6373  617.4772  617.4477  617.406   617.3729  617.37775
 617.45905 617.48816 617.25165]
[393.8674  393.8863  393.9673  393.98557 393.88724 393.88477 393.9531
 393.85794 393.81775 393.82098 394.0329  393.74594 393.94363 393.88104
 393.89474 393.97327 393.96188 393.86642 393.9054  393.91003 393.9186
 394.02194 393.93216 393.79697]
[157.96432 157.93817 158.09537 157.93806 157.95882 157.93324 158.07773
 158.05981 157.93542 157.92123 157.93279 157.9762  158.04428 158.01387
 158.0134  157.88371 157.97974 157.88344 157.99644 157.9149  157.95107
 157.87804 157.84482 158.04195]
[58.86817  58.89759  58.895927 58.825726 58.840866 58.910175 58.911423
 58.871555 58.865322 58.74407  58.892307 58.743534 58.787556 58.751995
 58.91059  58.858795 58.894264 58.815693 58.904594 58.875652 58.85443
 58.816525 58.867134 58.893612]
[22.46139  22.45394  22.475548 22.475044 22.469078 22.4651   22.465574
 22.475014 22.460737 22.51203  22.474747 22.498018 22.487986 22.501402
 22.476112 22.482613 22.473352 22.48199  22.456907 22.474955 22.464832
 22.481129 22.463348 22.475609]
[1.4753695 1.4633181 1.4887565 1.484126  1.4743009 1.4765568 1.459578
 1.4773285 1.4700562 1.5202503 1.4760225 1.5148183 1.4921404 1.5100393
 1.4793173 1.4984926 1.475221  1.4903    1.4638227 1.4743305 1.4772989
 1.4907156 1.4670879 1.4783971]
[-0.31802487 -0.33129323 -0.30540955 -0.32105255 -0.32681108 -0.31915283
 -0.3423947  -0.32318974 -0.32701886 -0.2912507  -0.32523787 -0.28801525
 -0.3125038  -0.296      -0.3193903  -0.30000722 -0.32808745 -0.31389892
 -0.33123386 -0.3287108  -0.321854   -0.31143522 -0.33253992 -0.3216462 ]
[1.9089507 1.8954449 1.9220113 1.9045873 1.8984429 1.9054778 1.882503
 1.9018564 1.8994818 1.9334986 1.8999567 1.9398211 1.9138484 1.9297585
 1.9055668 1.9263153 1.8965728 1.910791  1.8967509 1.8948512 1.9056262
 1.9139671 1.8936639 1.9038155]
[1.539574  1.5265135 1.5515363 1.5376743 1.5297192 1.5377337 1.5142246
 1.5332515 1.530402  1.565992  1.5317674 1.5701773 1.5441155 1.5603522
 1.5362495 1.5576807 1.5280867 1.5442936 1.5270478 1.528057  1.5366651
 1.5459559 1.5258307 1.5339342]
[1.5297489 1.5157979 1.542572  1.5260088 1.5194489 1.5263947 1.5021139
 1.5228921 1.5203987 1.5567309 1.5199832 1.5625488 1.5348841 1.5519519
 1.5261276 1.5475291 1.5167477 1.532836  1.5167774 1.5156494 1.5262463
 1.5355668 1.5143137 1.5240794]
[1.7304958 1.7159808 1.7433783 1.7273791 1.7204332 1.7264589 1.7019703
 1.7236984 1.7212644 1.759793  1.720077  1.7657297 1.7367886 1.7545391
 1.7266667 1.7486916 1.7171087 1.7343546 1.7172275 1.715862  1.7273197
 1.7369074 1.7147934 1.724767 ]
[1.3822832 1.3676494 1.3944236 1.3796117 1.3718644 1.3790478 1.3531641
 1.3754264 1.3726362 1.4117882 1.3714489 1.4170421 1.3874184 1.4055548
 1.3779792 1.4004493 1.3683618 1.3871216 1.3682134 1.3683915 1.3785728
 1.3889322 1.3665215 1.3756936]
[1.6437618 1.6289796 1.6565849 1.6402591 1.6334023 1.6395468 1.6144348
 1.6367565 1.6343225 1.6729996 1.63269   1.6792331 1.6497281 1.6677457
 1.6396952 1.6617794 1.6297513 1.6474425 1.6301669 1.6286234 1.6401701
 1.6500249 1.6275548 1.6376173]
[1.2046595 1.1884822 1.2170373 1.2018692 1.1943891 1.199554  1.1722455
 1.1978323 1.1950718 1.2386763 1.191213  1.2451175 1.2118131 1.232057
 1.1997024 1.223152  1.1890461 1.2101508 1.189432  1.1885415 1.2007116
 1.2120802 1.1872355 1.1977433]
[1.1958139 1.1797553 1.208073  1.1925191 1.1849796 1.1909459 1.1633109
 1.1885118 1.1859294 1.2285247 1.1823674 1.2349659 1.2019583 1.2219647
 1.1906193 1.214069  1.1798444 1.20086   1.1804677 1.1795772 1.1915395
 1.2028191 1.1783305 1.1884228]
[1.1419984 1.1245744 1.1548512 1.1386739 1.1317874 1.1353494 1.107002
 1.1350526 1.1323811 1.1796069 1.1263554 1.1870574 1.1507846 1.1727501
 1.1368039 1.1606988 1.1249603 1.1476382 1.1258211 1.1238027 1.1379021
 1.1498644 1.1230012 1.1352603]
[5.6317472 5.624742  5.644333  5.631807  5.623258  5.6360517 5.6216254
 5.6258407 5.623644  5.64181   5.6366153 5.6428194 5.6328754 5.6394353
 5.6321335 5.6494684 5.629462  5.632994  5.6261373 5.629165  5.632341
 5.6364965 5.625217  5.6307087]
[62.649178 62.69302  62.687824 62.721992 62.718193 62.739414 62.821163
 62.69988  62.697414 62.612164 62.799404 62.568768 62.697323 62.64033
 62.73799  62.676933 62.789757 62.653957 62.707447 62.751614 62.717716
 62.678326 62.71077  62.784176]
[159.43361 159.51273 159.52211 159.48843 159.47603 159.54668 159.67831
 159.52975 159.47194 159.3069  159.64333 159.24574 159.45233 159.38048
 159.57544 159.48538 159.59622 159.43877 159.5231  159.57834 159.45308
 159.44225 159.52623 159.53584]
[294.36325 294.3485  294.37512 294.34824 294.36118 294.33594 294.318
 294.38034 294.36926 294.40982 294.27734 294.42404 294.3541  294.3996
 294.38245 294.3336  294.3486  294.3526  294.33875 294.2918  294.3475
 294.3723  294.3138  294.35428]
[433.80173 433.7507  433.73483 433.71765 433.70975 433.7683  433.65033
 433.69128 433.6969  433.77545 433.731   433.81726 433.7158  433.73392
 433.70297 433.85626 433.67877 433.81076 433.7623  433.7456  433.77744
 433.7735  433.78864 433.7128 ]
[700.5194  700.3983  700.7226  700.4976  700.5171  700.4005  700.6047
 700.5451  700.4578  700.5233  700.58417 700.5719  700.7827  700.66016
 700.4801  700.58905 700.5217  700.4196  700.4838  700.6624  700.498
 700.5723  700.28156 700.53253]
[826.0267  825.9968  825.93616 825.9717  826.0439  826.0358  825.865
 825.9534  826.0796  826.0017  825.8506  826.1314  825.9393  825.9859
 825.9561  825.87445 825.932   825.9261  825.9657  825.87946 826.0327
 825.96094 825.9274  826.0582 ]
[450.6693  450.7025  450.93933 451.02798 451.00427 450.7912  450.95328
 450.9252  450.97476 451.1454  451.026   451.08075 451.23282 451.29285
 451.014   450.83557 451.0629  450.82404 450.70978 450.93433 450.88187
 450.98022 450.78378 451.11398]
[617.9709  618.0004  618.2392  618.3079  618.2352  618.20825 618.4618
 618.2497  618.1892  618.1615  618.4234  617.96185 618.26526 618.273
 618.3168  618.10077 618.2688  618.1013  618.0918  618.21094 618.04443
 618.19934 618.0505  618.268  ]
[785.73505 785.798   785.86005 785.83057 785.8097  785.90265 786.142
 786.13336 785.68976 785.3432  785.95294 785.5121  785.8548  785.7474
 786.1347  785.71735 785.95825 785.82245 785.8265  786.0903  785.5186
 786.0396  785.8531  785.76886]
[380.4412  380.3963  380.4948  380.53888 380.59476 380.52438 380.5569
 380.58032 380.49887 380.56552 380.54852 380.6143  380.66678 380.68372
 380.6113  380.46298 380.57437 380.51227 380.402   380.62863 380.44922
 380.63068 380.43524 380.62958]
[297.6686  297.68732 297.71906 297.67545 297.71823 297.75012 297.82492
 297.76074 297.66217 297.59644 297.7927  297.6125  297.73914 297.667
 297.81226 297.6841  297.80237 297.67188 297.71356 297.83853 297.66357
 297.69852 297.69937 297.8411 ]
[63.899162 63.889664 63.90884  63.89198  63.896404 63.89931  63.873756
 63.924633 63.892395 63.95503  63.868176 63.941998 63.896313 63.92769
 63.92187  63.90537  63.895573 63.920387 63.887913 63.891388 63.878742
 63.902607 63.881115 63.901985]
[-7.096431  -7.1191387 -7.075831  -7.050541  -7.0638094 -7.0832815
 -7.0858045 -7.070488  -7.095392  -6.9944696 -7.0676384 -7.011567
 -7.0225496 -7.000169  -7.0690928 -7.0596237 -7.0610485 -7.0546966
 -7.115517  -7.0620875 -7.080016  -7.041903  -7.102813  -7.053717 ]
[0.652138   0.63783073 0.6659703  0.6491103  0.6438564  0.64872444
 0.626284   0.6472403  0.64326274 0.68226635 0.6433815  0.6874312
 0.6610726  0.6783185  0.65080225 0.6704525  0.6417192  0.65590775
 0.6389587  0.6394336  0.64908063 0.65926194 0.63640594 0.64961493]
[0.85258806 0.8384886  0.8648472  0.8521131  0.8442768  0.8501837
 0.8265263  0.84751225 0.8438612  0.8850614  0.8443955  0.8885937
 0.86066186 0.8785608  0.8500353  0.87173367 0.8417834  0.8593558
 0.83908224 0.84151626 0.8502431  0.86086965 0.83834016 0.8484621 ]
[0.7373582  0.7227541  0.7497064  0.73341036 0.72676134 0.7338853
 0.70794225 0.7305608  0.7276815  0.7663883  0.7261083  0.7716125
 0.7421669  0.760422   0.73326194 0.75519776 0.72325873 0.7414545
 0.72314    0.7228135  0.7330245  0.7433839  0.72115123 0.73079824]
[1.5031232 1.4880738 1.5160353 1.4994721 1.4928825 1.4985223 1.4734697
 1.4961476 1.4936839 1.5332515 1.4916358 1.5397224 1.5096534 1.5280273
 1.4989972 1.5211705 1.4890237 1.5068039 1.4893205 1.4876286 1.4995612
 1.5094457 1.4866194 1.4973053]
[1.0794858 1.064199  1.0916559 1.0773783 1.0695716 1.075716  1.0494761
 1.0730149 1.0699872 1.1120481 1.0679984 1.1172427 1.0861051 1.1053398
 1.0752411 1.0980674 1.0654457 1.085363  1.064852  1.0652972 1.0759238
 1.0869362 1.0633678 1.0731633]
[1.1919848 1.1764902 1.2046891 1.1883634 1.1816254 1.1872948 1.1609956
 1.1850092 1.1823378 1.2234489 1.1795475 1.2297417 1.1984557 1.21772
 1.1876214 1.2100618 1.1770542 1.1962888 1.1774104 1.176134  1.1879776
 1.1986635 1.174917  1.1855435]
[1.6956182 1.6808953 1.7082632 1.6926498 1.6854368 1.6916406 1.6665881
 1.6887614 1.6861492 1.7252419 1.6848135 1.7311785 1.7017032 1.7197505
 1.6914625 1.7137842 1.6818749 1.6998332 1.682053  1.6809844 1.692264
 1.7021484 1.6796783 1.6895628]
[1.1164116 1.1005014 1.1283145 1.1135323 1.1057553 1.1120481 1.0842648
 1.1093173 1.106438  1.1490927 1.1032916 1.155148  1.1223185 1.1422952
 1.1112764 1.1346667 1.1007686 1.121992  1.1009763 1.100917  1.1120778
 1.1235949 1.0991657 1.1089908]
[1.0363265 1.0194665 1.0490309 1.0327942 1.025789  1.0303009 1.00228
 1.0292323 1.0265311 1.0717385 1.021485  1.0788921 1.0440738 1.0652379
 1.0311023 1.0547597 1.0196446 1.0414914 1.0205648 1.0187541 1.0321115
 1.0437473 1.0178933 1.029262 ]
[1.0232363 1.0058123 1.0357922 1.0204461 1.0129956 1.0170028 0.9883586
 1.0163795 1.0135299 1.0611119 1.0077714 1.0682359 1.0318741 1.0538099
 1.017923  1.0420554 1.0062575 1.0295588 1.0069106 1.0056342 1.0191697
 1.0312804 1.0045359 1.0162904]
[3.3793929 3.3684397 3.39183   3.378265  3.370102  3.3796897 3.3598614
 3.3730407 3.370191  3.4001117 3.3764246 3.4027832 3.3830438 3.3953326
 3.3773446 3.3974104 3.3715267 3.3825393 3.369449  3.371319  3.3780868
 3.3852403 3.3680835 3.3759496]
[32.653652 32.695683 32.68197  32.69592  32.69402  32.714737 32.78847
 32.687134 32.69007  32.603397 32.760452 32.575436 32.67529  32.629906
 32.72005  32.664246 32.75861  32.64712  32.698887 32.722725 32.70224
 32.664368 32.704678 32.74656 ]
[147.56213 147.69891 147.66357 147.63202 147.60129 147.6957  147.9063
 147.65086 147.6184  147.34196 147.85535 147.26317 147.56122 147.42183
 147.7119  147.62157 147.78094 147.54726 147.7225  147.75168 147.6438
 147.54865 147.74078 147.69334]
[330.42157 330.47025 330.4399  330.4288  330.43    330.4258  330.50705
 330.44897 330.454   330.38867 330.44736 330.35892 330.4002  330.3838
 330.4738  330.40604 330.47726 330.40952 330.46835 330.41345 330.44836
 330.41257 330.46866 330.4553 ]
[569.24524 569.29456 568.9736  569.08624 568.93243 569.16455 568.8373
 568.83124 569.1331  568.8474  568.99414 568.90424 568.63025 568.6231
 568.8316  569.0635  568.8103  569.0748  569.2857  568.828   569.2076
 569.06854 569.3758  568.7092 ]
[785.52106 785.4601  785.5372  785.5186  785.67285 785.4425  785.619
 785.67163 785.615   785.7579  785.44495 785.8062  785.8309  785.87756
 785.6174  785.5326  785.7088  785.5266  785.43317 785.5189  785.5553
 785.5564  785.34125 785.82104]
[443.58423 443.7813  443.17987 443.72464 443.92996 443.62042 443.76242
 443.48456 443.635   443.63104 443.45554 443.34543 443.50253 443.39078
 443.6595  442.95602 444.01877 443.4212  443.49445 443.5328  443.83215
 443.72794 443.75323 443.77   ]
[743.98505 743.96204 743.99664 743.8877  743.9537  743.9728  743.934
 744.06354 743.9724  743.9302  743.90314 743.9881  743.99835 744.03656
 744.05035 743.9784  744.0144  743.955   743.91907 743.95935 743.8332
 743.9101  743.8617  744.03503]
[572.46497 572.50024 572.47314 572.48987 572.46375 572.452   572.50256
 572.3948  572.4513  572.4357  572.5333  572.37    572.4502  572.38385
 572.42554 572.466   572.4892  572.426   572.5075  572.4784  572.542
 572.4956  572.5393  572.4409 ]
[576.9033  576.9187  576.9537  576.9138  576.8109  576.82135 576.79834
 576.8629  576.85767 576.8683  576.8303  576.84357 576.83606 576.8751
 576.8099  576.9344  576.8025  576.89307 576.89374 576.7397  576.8786
 576.94116 576.9146  576.6559 ]
[350.78845 350.8199  351.02374 351.03036 350.93634 350.82053 350.91833
 351.02457 350.96948 351.22482 350.9799  351.0932  351.14514 351.3172
 351.02032 351.02457 350.98856 351.02322 350.76224 350.91513 350.84094
 351.03235 350.88995 350.87326]
[231.88985 231.90366 231.91982 231.922   231.90457 231.98634 231.96326
 231.93143 231.87079 231.81454 231.95486 231.81802 231.86815 231.81953
 231.99101 231.9304  231.9884  231.90527 231.91519 232.00401 231.8937
 231.91019 231.88318 232.00233]
[23.594454 23.590298 23.6174   23.58457  23.583559 23.592316 23.583204
 23.604872 23.581007 23.605347 23.580355 23.61176  23.595968 23.605228
 23.611908 23.60698  23.60134  23.592495 23.593296 23.583708 23.588696
 23.590565 23.57789  23.602497]
[-3.3676383 -3.3823612 -3.3521733 -3.3430607 -3.354073  -3.363186
 -3.3732781 -3.353153  -3.367846  -3.2890968 -3.3566556 -3.3061051
 -3.3274474 -3.303879  -3.3532124 -3.3369756 -3.3532717 -3.3364117
 -3.381619  -3.3542216 -3.3598316 -3.336293  -3.3716753 -3.3501847]
[-1.6554569 -1.669972  -1.642901  -1.6535572 -1.6607999 -1.6552491
 -1.6783723 -1.6578019 -1.6639166 -1.6193622 -1.6605624 -1.6191545
 -1.6444741 -1.62613   -1.6549523 -1.6352724 -1.6623731 -1.6462848
 -1.6704172 -1.6620762 -1.6578909 -1.644118  -1.669497  -1.6562583]
[1.5279976 1.5137794 1.5409691 1.524406  1.5180241 1.5242279 1.5004814
 1.5213486 1.5186474 1.5557513 1.5181428 1.5618067 1.5342607 1.5512989
 1.5247028 1.5459856 1.515412  1.531144  1.5150261 1.5138091 1.5246731
 1.5339639 1.5122656 1.5230405]
[1.4039816 1.3900008 1.416122  1.4017553 1.3940971 1.4010726 1.3765247
 1.397481  1.3947204 1.4328632 1.3944533 1.4379984 1.4096214 1.4271047
 1.4001524 1.4222664 1.3913069 1.4089683 1.3906538 1.3910397 1.4008648
 1.4106306 1.389051  1.3981637]
[1.0724509 1.057728  1.0848287 1.0688592 1.061943  1.0687405 1.0430349
 1.065505  1.0627148 1.1018372 1.0612603 1.1072395 1.0776751 1.0959302
 1.0682952 1.0903795 1.0583811 1.0766362 1.0582623 1.0578468 1.0683843
 1.078714  1.0562736 1.06598  ]
[1.4895283 1.4741524 1.5025592 1.4861741 1.4794064 1.4846603 1.4591031
 1.4826715 1.4801484 1.5211111 1.4775066 1.527582  1.4965929 1.5155604
 1.4852539 1.5078725 1.4750726 1.4937136 1.4754882 1.4737369 1.486085
 1.4962367 1.4728167 1.4835917]
[1.169485  1.1540498 1.181477  1.1669916 1.1591256 1.1656855 1.1387333
 1.1626579 1.1596599 1.2013646 1.157404  1.206856  1.1752732 1.1945672
 1.1647654 1.1878291 1.1547325 1.1750951 1.154495  1.1549402 1.1655668
 1.1766683 1.1529515 1.1624798]
[1.4367517 1.421643  1.4493374 1.4332194 1.4262439 1.4324774 1.406475
 1.4296871 1.427075  1.4669691 1.4249082 1.4731432 1.4425993 1.46127
 1.4323289 1.454799  1.4221476 1.440848  1.4225632 1.4213165 1.4328632
 1.4432523 1.4200698 1.4302214]
[1.1486474 1.1320249 1.1612924 1.1456791 1.1384364 1.1429186 1.1152836
 1.1417906 1.1390895 1.184     1.1343995 1.1908271 1.1565135 1.1774104
 1.143631  1.1673181 1.1325295 1.1542279 1.1331232 1.1316687 1.1446996
 1.1562166 1.1306891 1.1417906]
[0.95980346 0.9430028  0.9718845  0.9567164  0.94908786 0.9544902
 0.92569757 0.95259047 0.9497409  0.9948889  0.94508064 1.0013895
 0.96651185 0.9877056  0.9542824  0.97829604 0.9430325  0.96562135
 0.94362617 0.9429138  0.9552916  0.9673133  0.9416077  0.95208585]
[1.0057232  0.987854   1.0185463  1.0023987  0.9953935  0.9987477
 0.969777   0.99865866 0.99586844 1.0443707  0.9893085  1.0519398
 1.0146875  1.0371873  1.0001725  1.0244236  0.9881805  1.0116895
 0.98901165 0.9871416  1.0014192  1.0137377  0.9862808  0.9987774 ]
[5.6674857 5.6605105 5.679656  5.667783  5.6588182 5.672057  5.6573935
 5.6615195 5.6592636 5.6769843 5.6724133 5.6778455 5.6680794 5.674402
 5.6676044 5.685177  5.6650815 5.668881  5.6618166 5.665141  5.6679606
 5.6720867 5.661104  5.665972 ]
[45.2243   45.27497  45.260574 45.278114 45.281204 45.3127   45.40427
 45.273365 45.26713  45.163986 45.375626 45.11878  45.257427 45.19343
 45.31409  45.243507 45.3647   45.21988  45.28257  45.333385 45.281235
 45.23635  45.287586 45.356747]
[155.6539  155.78995 155.84805 155.74928 155.67586 155.74567 155.99574
 155.78197 155.70041 155.5427  155.94508 155.44661 155.72191 155.62209
 155.83102 155.77023 155.87878 155.67094 155.8217  155.81598 155.75168
 155.6593  155.83023 155.7645 ]
[318.3528  318.3328  318.3612  318.3258  318.3423  318.32294 318.29266
 318.36026 318.35004 318.41205 318.26385 318.42316 318.33954 318.3883
 318.364   318.32867 318.32495 318.34488 318.32407 318.2834  318.33624
 318.35855 318.30667 318.34344]
[141.71466 141.72371 141.47212 141.74905 141.71394 141.54698 141.41354
 141.75116 141.6781  141.71468 141.44472 141.81517 141.51906 141.41383
 141.59598 141.25172 141.62932 141.54529 141.89401 141.5971  141.63518
 141.63528 141.65694 141.63736]
[110.42136  110.01896  111.22295  110.326195 110.55689  110.30891
 110.96744  110.851494 110.19749  110.27412  110.653305 110.2649
 111.20382  110.87318  110.56835  110.44153  110.575195 110.03705
 110.21567  110.94933  110.11779  110.48648  109.41881  110.536674]
[423.5613  423.5761  423.47726 423.63074 423.66464 423.5413  423.66986
 423.44376 423.65778 423.83087 423.6923  423.61188 423.63666 423.59067
 423.45297 423.6232  423.59668 423.6174  423.6078  423.62936 423.7712
 423.52148 423.6519  423.7301 ]
[382.7081  382.63254 382.49155 382.71756 382.65787 382.511   382.4767
 382.50952 382.741   382.87393 382.50305 382.88812 382.67825 382.71844
 382.47842 382.61478 382.49203 382.7203  382.64188 382.51562 382.6858
 382.6606  382.63388 382.57764]
[556.3826  556.32806 556.38403 556.30975 556.3532  556.3473  556.31555
 556.39087 556.3534  556.36224 556.3164  556.43976 556.3905  556.4115
 556.3677  556.3286  556.2795  556.35223 556.3447  556.3575  556.2989
 556.3941  556.3325  556.34265]
[636.18994 636.2483  636.0814  636.06287 636.01306 635.87915 635.9442
 635.99634 636.1622  636.1094  635.9431  636.01196 635.9469  635.94977
 635.91394 636.0944  635.8919  636.075   636.2332  635.82556 636.10913
 636.1508  636.2412  635.7559 ]
[203.92755 203.46916 203.64818 204.37744 204.38406 203.81836 203.64734
 203.97937 203.7167  204.79256 203.5256  205.23187 204.8374  204.88467
 203.79134 203.50565 204.1476  204.0435  203.44458 204.04791 204.19301
 204.46295 203.45532 204.49089]
[137.48808 137.49568 137.61888 137.56148 137.59248 137.61703 137.65485
 137.63116 137.49774 137.44775 137.62007 137.5013  137.62007 137.55075
 137.75894 137.56259 137.7473  137.48726 137.5549  137.66434 137.52705
 137.58923 137.46051 137.79512]
[55.8131   55.801403 55.826218 55.819717 55.818115 55.809536 55.791668
 55.84563  55.809685 55.900665 55.78757  55.87751  55.8299   55.86828
 55.83637  55.82515  55.815205 55.847027 55.79959  55.808674 55.799057
 55.828564 55.7998   55.816452]
[-8.365057  -8.386429  -8.349563  -8.326291  -8.336057  -8.351195
 -8.360664  -8.338639  -8.363365  -8.265233  -8.34327   -8.285566
 -8.302366  -8.27491   -8.339767  -8.3308325 -8.337422  -8.321216
 -8.38729   -8.333237  -8.35639   -8.315903  -8.371231  -8.331248 ]
[0.2956735  0.28148496 0.30947614 0.29237866 0.2877481  0.2928239
 0.27076936 0.29131007 0.28691697 0.32491136 0.28757    0.32983875
 0.30448937 0.32152748 0.29505014 0.3137802  0.28602648 0.29929483
 0.28252387 0.28374088 0.29223025 0.30273807 0.27991176 0.29368472]
[1.0512868 1.0378404 1.0635756 1.0513165 1.0433911 1.0494465 1.0269467
 1.0465672 1.0428568 1.0827509 1.0444597 1.0855114 1.0593013 1.076369
 1.0493277 1.0706699 1.0417585 1.0581139 1.0384934 1.0412836 1.0493574
 1.0595981 1.0378997 1.0477248]
[0.34794545 0.33426154 0.359789   0.34465063 0.33773446 0.3462535
 0.32102287 0.34162295 0.33829844 0.3746009  0.33877337 0.3786378
 0.3517152  0.36887205 0.34473968 0.365785   0.33547854 0.35230887
 0.33411312 0.3357457  0.34358203 0.35391176 0.3329258  0.3418604 ]
[1.6229836 1.6084388 1.6360738 1.6191841 1.6128023 1.6188873 1.5945472
 1.6160971 1.6136334 1.65142   1.6124164 1.6577722 1.6290983 1.6467004
 1.6192732 1.6409419 1.6095371 1.6261894 1.6097746 1.6080827 1.61957
 1.6289499 1.606925  1.6174922]
[1.1372788 1.1224966 1.1494192 1.1357946 1.1278099 1.1342214 1.1085752
 1.1312531 1.1281364 1.1691585 1.12686   1.1740859 1.1438981 1.1625688
 1.13342   1.1560979 1.1240995 1.1435419 1.123209  1.1242182 1.134073
 1.1449074 1.121903  1.1314015]
[1.0696013 1.0540177 1.0822463 1.0662471 1.0593903 1.0651785 1.0387012
 1.0628335 1.059984  1.1012435 1.0572531 1.1074176 1.0761019 1.0954256
 1.0653269 1.0878267 1.0548488 1.0741428 1.0548785 1.0540177 1.0655347
 1.0764878 1.0525335 1.0633085]
[1.3566073 1.3408456 1.369371  1.35355   1.3465744 1.3516502 1.325351
 1.3498396 1.3471978 1.3896149 1.3440217 1.3960265 1.363939  1.383619
 1.3522439 1.3750999 1.3417064 1.3614457 1.3420032 1.3406378 1.3529563
 1.363761  1.3394505 1.3504035]
[1.1934986 1.178004  1.2054906 1.1908865 1.1830798 1.1896101 1.1624204
 1.1866121 1.1838219 1.225408  1.1811504 1.2312852 1.1993462 1.2188183
 1.1887493 1.2119021 1.178479  1.1990197 1.1785086 1.1786274 1.1894617
 1.2007413 1.1768167 1.1863747]
[1.3142495 1.2983394 1.3270429 1.3107469 1.3038604 1.3092034 1.2824886
 1.3071849 1.3046025 1.3467822 1.301189  1.3534015 1.321047  1.3408456
 1.3095596 1.3325046 1.2988737 1.3187613 1.2994376 1.2979238 1.3103017
 1.3211954 1.2969146 1.3076302]
[1.5037762 1.4872427 1.5164509 1.5009563 1.4935949 1.4982551 1.4707092
 1.4970084 1.4940698 1.5388023 1.4896173 1.5455106 1.5113454 1.5321236
 1.4988488 1.5225062 1.4878364 1.5093566 1.4884003 1.4870349 1.4998877
 1.5114048 1.4858179 1.4969491]
[6.0918655 6.0891347 6.105371  6.0908856 6.083376  6.0998797 6.0916576
 6.0861664 6.0810905 6.088867  6.104006  6.0842366 6.0873833 6.086671
 6.094537  6.1080723 6.0956945 6.089342  6.089817  6.0955462 6.0929637
 6.0942993 6.0885706 6.0921326]
[143.72691 143.73363 143.72935 143.7328  143.74496 143.7521  143.7786
 143.77031 143.75136 143.67232 143.72612 143.69786 143.71364 143.70116
 143.77007 143.68698 143.74538 143.70999 143.75818 143.72183 143.7169
 143.71674 143.7219  143.76332]
[122.44505  122.44458  122.46132  122.479126 122.486176 122.47882
 122.50101  122.4855   122.47485  122.45083  122.47157  122.4578
 122.47639  122.47582  122.49311  122.43984  122.486626 122.451126
 122.4592   122.463356 122.46127  122.47151  122.44427  122.5039  ]
[258.59207 258.67642 258.53348 258.51096 258.5756  258.64667 258.74875
 258.58414 258.63705 258.377   258.66504 258.27975 258.4163  258.2961
 258.56937 258.526   258.61862 258.50272 258.71112 258.62027 258.59583
 258.37808 258.62756 258.6532 ]
[455.98917 456.1209  455.70074 456.04764 455.98297 456.12204 455.75537
 455.90292 456.06375 456.1182  455.9176  456.11893 455.74014 455.9582
 456.04276 455.9997  456.00867 456.18784 455.98822 455.81628 456.0513
 456.06558 456.37234 455.98813]
[694.6756  694.5955  694.52496 694.6695  694.67126 694.3548  694.3013
 694.5635  694.6016  695.19073 694.37756 695.21234 694.8932  695.0413
 694.49414 694.67224 694.62994 694.8013  694.4835  694.6284  694.7299
 694.8819  694.66797 694.45996]
[920.19073 919.8821  920.2836  919.9945  920.3444  920.05383 920.98535
 920.29785 919.7986  919.8211  920.5939  919.91565 920.58673 919.94836
 920.20966 920.3502  920.05237 920.1777  920.43567 921.0782  920.13245
 920.43146 919.90405 920.4589 ]
[515.8558  515.6715  515.78735 515.1365  514.93225 515.82635 515.296
 515.19006 515.0626  514.40283 515.74725 514.76636 514.9024  514.47974
 515.07574 516.00085 514.96716 515.4607  515.8519  515.8411  515.40784
 515.09076 515.5942  514.8939 ]
[560.3387  560.31055 560.3283  560.1961  560.1333  560.31836 560.2217
 560.122   560.1557  560.0084  560.34424 560.05054 560.10345 559.97015
 560.1125  560.34955 560.1225  560.21045 560.37256 560.32074 560.3183
 560.201   560.33844 560.09454]
[543.78265 543.8305  543.85284 543.877   543.83356 543.77026 543.963
 543.8142  543.83075 543.80255 543.9639  543.7234  543.91003 543.821
 543.84283 543.8492  543.9063  543.801   543.87146 543.9005  543.88104
 543.8961  543.9136  543.8547 ]
[358.58234 358.6202  358.7425  358.76862 358.74097 358.64346 358.75366
 358.75668 358.7452  359.00613 358.80212 358.76025 358.8253  358.95053
 358.79437 358.84232 358.77792 358.80774 358.6071  358.7199  358.64703
 358.7304  358.6728  358.7433 ]
[109.87317  109.90116  110.04802  110.091385 110.020485 109.95934
 110.189384 110.04389  109.857086 110.049194 110.17659  109.9853
 110.234474 110.14899  110.13839  110.05143  110.281906 109.97751
 109.92709  110.15973  110.00974  110.08195  109.94613  110.20827 ]
[14.542143  14.538165  14.569541  14.577169  14.563277  14.546833
 14.553125  14.573192  14.54897   14.64265   14.5611105 14.602786
 14.587469  14.61181   14.575329  14.580731  14.57809   14.582987
 14.542974  14.561051  14.55841   14.57809   14.549653  14.568234 ]
[-5.7909675 -5.809104  -5.776067  -5.7648463 -5.776601  -5.781499
 -5.794708  -5.779213  -5.7950935 -5.7230825 -5.7763934 -5.7336793
 -5.749352  -5.7302656 -5.776987  -5.7620564 -5.7744637 -5.7638965
 -5.8086886 -5.7730985 -5.783547  -5.7567725 -5.800021  -5.769477 ]
[1.1154617 1.10157   1.1291753 1.111781  1.1063787 1.1120185 1.0897858
 1.1097922 1.1064084 1.1431857 1.1069427 1.1486474 1.1228528 1.1394753
 1.113562  1.1334497 1.1046274 1.1183113 1.1028464 1.1022824 1.1123747
 1.1217248 1.0999968 1.1121669]
[0.98497474 0.97126114 0.99723387 0.98476696 0.97669315 0.9828969
 0.95965505 0.979988   0.976426   1.0166466  0.9774649  1.0199414
 0.9927517  1.010146   0.98251104 1.0042391  0.97458565 0.9917425
 0.9718548  0.97440755 0.98283756 0.9931376  0.97123146 0.98093784]
[0.8889202  0.8744348  0.90144646 0.8854176  0.87864983 0.885566
 0.86018693 0.8821821  0.8792435  0.9179503  0.87829363 0.92308545
 0.89411473 0.9121027  0.8851801  0.90690815 0.8754144  0.89301646
 0.8748801  0.8748207  0.88491297 0.89515364 0.8729507  0.88286483]
[1.4860257 1.4707983 1.4990863 1.4826121 1.4759928 1.4810686 1.4559864
 1.4793173 1.4767052 1.5173117 1.4742712 1.5238123 1.4931793 1.5119687
 1.4819294 1.5043105 1.4718668 1.4900032 1.4721043 1.4702936 1.4826418
 1.4927044 1.4693735 1.4803562]
[1.0866988 1.0711151 1.0987204 1.0845616 1.0765768 1.082929  1.0561548
 1.0800794 1.0770518 1.1193502 1.0748255 1.1247525 1.09314   1.1124934
 1.0821869 1.105221  1.0722728 1.0926651 1.0717978 1.0724509 1.0829884
 1.0941492 1.070373  1.0801091]
[1.1109796 1.0950694 1.1236542 1.1072692 1.1005311 1.1059334 1.0792483
 1.1039447 1.1012732 1.1433638 1.098008  1.1498941 1.1177176 1.1374272
 1.1064084 1.1291456 1.0956928 1.1153727 1.0960193 1.0947132 1.1068239
 1.1178067 1.0934962 1.1045086]
[1.5505865 1.5352997 1.5633205 1.5476478 1.5404348 1.5460746 1.520369
 1.5437593 1.5411769 1.5820802 1.538832  1.588284  1.5574136 1.576292
 1.5463418 1.5689306 1.5362495 1.555128  1.5365167 1.5351809 1.5471135
 1.557473  1.534053  1.5444717]
[0.92640996 0.90990615 0.9384613  0.923501   0.9157537  0.92166066
 0.8929571  0.9193157  0.91637707 0.960783   0.9123105  0.9671055
 0.9328809  0.9536294  0.9210967  0.9448432  0.91008425 0.9323466
 0.91044044 0.91023266 0.9219575  0.9338901  0.9085704  0.91887045]
[1.0440738 1.0271248 1.0568672 1.0404822 1.0336847 1.0379294 1.0099976
 1.0369202 1.0343081 1.0795748 1.0291729 1.0868769 1.0518805 1.0731336
 1.0388496 1.062507  1.0273622 1.0492684 1.0282824 1.026353  1.0398291
 1.051554  1.0255812 1.0370686]
[0.942706   0.9250742  0.95523226 0.9399158  0.9325247  0.93626475
 0.9073534  0.9358789  0.93294024 0.9811456  0.9269146  0.9883883
 0.9514328  0.9738436  0.9372443  0.96155477 0.92554915 0.94911754
 0.9261131  0.92486644 0.93855035 0.9508095  0.9237385  0.93573046]
[3.5693054 3.5578773 3.581713  3.56794   3.5599256 3.5690086 3.5484085
 3.5627751 3.5601332 3.5911224 3.5652685 3.594447  3.5733125 3.5863435
 3.5669901 3.5872934 3.5606973 3.5725706 3.558946  3.5603411 3.567762
 3.575242  3.5574024 3.565595 ]
[30.99015  31.03494  31.019981 31.029688 31.032597 31.056046 31.138683
 31.029005 31.026037 30.932713 31.106033 30.901932 31.013006 30.961565
 31.063852 30.99757  31.103302 30.981245 31.038177 31.070086 31.036812
 30.997837 31.04346  31.093536]
[110.12595  110.140884 110.16512  110.16911  110.18648  110.2235
 110.24915  110.199936 110.159996 110.09421  110.240456 110.072876
 110.16463  110.151924 110.2273   110.15376  110.222984 110.1459
 110.14041  110.2268   110.11847  110.162315 110.14379  110.22097 ]
[289.78912 289.76736 289.80032 289.74536 289.7733  289.75403 289.7276
 289.8184  289.7884  289.83633 289.67407 289.86072 289.7665  289.82553
 289.8117  289.73883 289.75076 289.77203 289.7554  289.70364 289.74246
 289.77734 289.72046 289.77396]
[402.33237 402.27972 402.2959  402.24466 402.2092  402.2961  402.11597
 402.19446 402.21835 402.29636 402.21692 402.31638 402.17618 402.19293
 402.20007 402.33792 402.1756  402.28394 402.29654 402.2213  402.3049
 402.27414 402.27682 402.1886 ]
[550.2601  549.95874 550.5758  550.11633 550.2937  550.1788  550.3515
 550.3955  550.05133 550.2165  550.255   550.2585  550.6208  550.5186
 550.2087  550.328   550.2212  550.0747  550.0436  550.42926 550.0583
 550.2661  549.63    550.251  ]
[445.60083 445.74377 445.6991  445.77036 445.78613 445.62283 445.93982
 445.72766 445.67953 445.813   445.87888 445.5817  445.86536 445.7832
 445.83377 445.69223 446.01154 445.68213 445.69608 445.8296  445.78482
 445.766   445.81186 445.87817]
[420.77768 420.7712  420.88095 420.8232  420.85724 420.89462 420.93387
 420.87363 420.81583 420.74615 420.9473  420.75046 420.86484 420.84018
 420.89868 420.78912 420.83923 420.77405 420.81384 420.90167 420.7707
 420.84457 420.8024  420.90204]
[412.09412 412.16235 412.10687 412.0831  412.1038  412.16296 412.276
 412.11725 412.09518 411.82013 412.2201  411.81735 412.0084  411.88763
 412.1461  412.0129  412.13754 412.0154  412.19794 412.1767  412.07495
 412.06195 412.17032 412.09802]
[373.9008  373.93008 374.12833 374.1394  374.07    373.98303 374.09082
 374.0835  374.05618 374.06    374.13315 374.0866  374.2496  374.25296
 374.13184 374.0224  374.14474 373.98175 373.95224 374.06854 374.0149
 374.0978  373.97006 374.12122]
[125.672035 125.64271  125.65246  125.56055  125.629295 125.66208
 125.54015  125.6842   125.64767  125.62159  125.532486 125.68461
 125.58275  125.64804  125.66417  125.61463  125.574394 125.63599
 125.607925 125.59675  125.558426 125.62548  125.587944 125.59085 ]
[103.60165  103.59102  103.59709  103.48716  103.55092  103.582756
 103.55519  103.594795 103.57214  103.56368  103.51704  103.55334
 103.51834  103.53106  103.58112  103.54166  103.547745 103.53952
 103.56778  103.55269  103.53455  103.50071  103.524025 103.580795]
[11.452131  11.444651  11.463915  11.470593  11.457385  11.461807
 11.453437  11.459314  11.449044  11.4949045 11.467388  11.481042
 11.471514  11.483239  11.462401  11.476798  11.463856  11.473592
 11.444651  11.467863  11.457978  11.473711  11.453437  11.461897 ]
[1.0488528 1.0348424 1.0625367 1.0450237 1.0397698 1.0453502 1.0225832
 1.043302  1.0397698 1.0768737 1.0397401 1.0824541 1.0561845 1.073193
 1.0469234 1.0668408 1.0377216 1.0517914 1.035911  1.035436  1.0453799
 1.0551456 1.0329723 1.0452315]
[0.7264348  0.71266186 0.7383971  0.726702   0.7183907  0.7248913
 0.70129323 0.72183394 0.7178564  0.7586113  0.7189547  0.76137185
 0.73409307 0.7518139  0.7242383  0.7458476  0.7163129  0.733915
 0.7129884  0.7164613  0.7240602  0.73498356 0.7127509  0.7223089 ]
[0.6579262  0.6433221  0.6704228  0.6547204  0.6480417  0.6548095
 0.62934136 0.65166306 0.64851665 0.68740153 0.64747775 0.69247735
 0.6635957  0.6818211  0.6545423  0.67597353 0.6447766  0.662349
 0.6437377  0.64415324 0.6538893  0.66454554 0.64186764 0.6522567 ]
[1.6265752 1.6119118 1.6397249 1.6237257 1.6168689 1.622568  1.5982575
 1.620134  1.6174328 1.656763  1.6162455 1.6624027 1.6334914 1.651509
 1.623221  1.6450084 1.6136928 1.6306121 1.6132475 1.6120008 1.6234585
 1.6333727 1.610576  1.6214104]
[1.3712114 1.3569635 1.3833221 1.369846  1.3616534 1.3689555 1.3436655
 1.3651857 1.36198   1.4013101 1.3618612 1.4057329 1.3770293 1.3949282
 1.3677682 1.3898821 1.3587742 1.3771183 1.3574681 1.3589226 1.3680947
 1.3786619 1.3562511 1.3654826]
[1.3297441 1.314576  1.3427156 1.3265977 1.3198596 1.3256775 1.3002391
 1.3231841 1.3203939 1.3605255 1.3184645 1.3664621 1.3364822 1.3550341
 1.3260634 1.3480289 1.3160305 1.3339888 1.3156743 1.3147838 1.3260931
 1.3365712 1.3132403 1.324134 ]
[1.6045207 1.5894417 1.6176406 1.6021163 1.5949924 1.6003057 1.5751938
 1.5981982 1.5953783 1.6364003 1.5934489 1.6420995 1.611793  1.6306418
 1.6010181 1.623221  1.5911633 1.6093293 1.5906587 1.5897385 1.6013446
 1.6118524 1.588195  1.599148 ]
[1.5242279 1.5093566 1.5369025 1.5224172 1.5147293 1.5211408 1.4954352
 1.5180241 1.5150261 1.5556029 1.5138981 1.56056   1.5308175 1.5494288
 1.520933  1.5430766 1.5113157 1.5296599 1.5102174 1.510633  1.5209924
 1.5318861 1.5084364 1.5186771]
[1.5630237 1.5475885 1.5767373 1.5607678 1.5538813 1.5584525 1.5331031
 1.5570574 1.5540891 1.5966547 1.551655  1.6022648 1.571335  1.590718
 1.5598476 1.5821396 1.5496663 1.5680698 1.5490133 1.5477962 1.5599663
 1.5709491 1.5462824 1.5580963]
[1.5712459 1.5557216 1.5843658 1.5693165 1.561777  1.5669715 1.5410582
 1.5651015 1.5621629 1.6047581 1.5597289 1.6103386 1.5789932 1.5984356
 1.5676543 1.5904212 1.5575917 1.576767  1.5570574 1.5562559 1.5680995
 1.579201  1.5546827 1.5656655]
[1.2856647 1.2690718 1.298369  1.2831416 1.2756021 1.2805592 1.2527164
 1.2789563 1.2759286 1.3211657 1.2718323 1.3273101 1.2933229 1.3140714
 1.2810341 1.3045135 1.2701107 1.2915419 1.2700217 1.269339  1.2818059
 1.2936198 1.2678251 1.2791047]
[3.0020018 2.9902174 3.0158043 3.0011408 2.9938388 3.0007846 2.9812236
 2.996629  2.9936607 3.0276182 2.9980836 3.0304084 3.0086803 3.0226908
 3.0009925 3.020999  2.9943137 3.005623  2.9918797 2.992325  3.00123
 3.009007  2.9898612 2.9998941]
[52.473423 52.501442 52.505745 52.552883 52.539646 52.525517 52.59904
 52.50999  52.523586 52.490578 52.571583 52.461964 52.536587 52.500996
 52.54172  52.496487 52.58865  52.482414 52.522575 52.5259   52.55662
 52.51204  52.515778 52.59533 ]
[134.86789 134.95297 134.89986 134.9299  134.95724 135.0352  135.18147
 134.96507 134.93199 134.6807  135.13623 134.59296 134.87413 134.75307
 135.03113 134.89664 135.08597 134.85878 134.96501 135.08173 134.88086
 134.86406 134.9552  135.0528 ]
[345.3077  345.30484 345.31213 345.40533 345.32178 345.24213 345.19742
 345.30692 345.3316  345.44864 345.2019  345.52136 345.3777  345.47165
 345.30734 345.3326  345.31757 345.36905 345.28598 345.16812 345.37393
 345.40662 345.33255 345.25018]
[443.9524  443.99036 443.94104 444.0108  443.94388 443.9074  443.85825
 443.8761  443.97028 444.06644 443.87207 444.05527 443.91464 443.96735
 443.91626 443.96408 443.95532 443.96112 443.9729  443.78012 444.06934
 443.9715  444.0059  443.93857]
[316.90067 316.96866 316.9164  316.99326 316.9127  316.88    316.97128
 316.89594 316.93677 316.87003 316.9475  316.92545 316.9431  316.89722
 316.92355 316.91702 316.9885  316.92133 316.9873  316.9121  317.01974
 316.94827 317.0258  316.93115]
[278.55258 278.54694 278.61572 278.61615 278.5639  278.51266 278.55722
 278.58234 278.545   278.62344 278.5507  278.65942 278.65317 278.65912
 278.57022 278.57248 278.58475 278.5732  278.5563  278.54883 278.5908
 278.61423 278.55222 278.54745]
[248.01334 248.00165 248.03758 247.99632 247.96701 247.97386 247.97319
 247.99924 247.98743 247.97098 247.9672  248.00157 247.9814  247.98558
 248.00676 248.00766 247.9593  247.99068 248.01942 247.95363 247.97388
 248.01749 247.98523 247.94107]
[221.58652 221.65802 221.58786 221.62628 221.66275 221.695   221.86545
 221.64015 221.64618 221.43932 221.80632 221.3686  221.59453 221.4753
 221.68236 221.5688  221.72308 221.57327 221.68553 221.76678 221.62398
 221.57104 221.69339 221.73605]
[198.86594 198.85727 198.79826 198.81177 198.85617 198.8473  198.77707
 198.79361 198.90111 198.93118 198.77641 198.87112 198.75896 198.80046
 198.79924 198.84196 198.77386 198.8533  198.85094 198.7694  198.8629
 198.76479 198.81685 198.86005]
[79.24256  79.253586 79.25194  79.16366  79.20931  79.24335  79.26544
 79.26442  79.22699  79.19082  79.21632  79.18912  79.194885 79.18534
 79.26972  79.19394  79.244415 79.19754  79.24236  79.23977  79.20167
 79.172935 79.219185 79.272675]
[15.353827  15.343557  15.368075  15.347832  15.344864  15.35175
 15.335721  15.35368   15.345308  15.376179  15.346466  15.377901
 15.357568  15.371608  15.356677  15.3676    15.346793  15.355698
 15.344686  15.344478  15.3479805 15.357389  15.340767  15.351215 ]
[0.738783   0.7259302  0.7505672  0.7440666  0.7348945  0.7412764
 0.719578   0.73854554 0.73216367 0.77529323 0.7364677  0.7736013
 0.7497064  0.76751626 0.74080145 0.75997674 0.7341821  0.75119054
 0.725574   0.7359928  0.73729885 0.7516358  0.72794867 0.7381003 ]
[-0.12116647 -0.13476133 -0.10914481 -0.12330365 -0.12962615 -0.1214633
 -0.14550662 -0.12600482 -0.12998235 -0.09394705 -0.128142   -0.09068191
 -0.11573446 -0.0989635  -0.12220538 -0.10297072 -0.13102126 -0.11609066
 -0.13485038 -0.13081348 -0.12526274 -0.1138941  -0.13580024 -0.12460971]
[1.9288087 1.9150951 1.942552  1.9262263 1.9197553 1.926256  1.9032515
 1.9230798 1.9199928 1.956414  1.9206755 1.9613414 1.9353093 1.9519912
 1.9267606 1.94742   1.918004  1.9322816 1.9165792 1.9158372 1.9261372
 1.9354577 1.9136406 1.9248608]
[1.6020867 1.5885215 1.6150582 1.601404  1.5935973 1.6010181 1.5772419
 1.5970405 1.5935082 1.6311167 1.5950221 1.6347975 1.608617  1.6254473
 1.6005728 1.6212323 1.5920835 1.6077265 1.5893526 1.5914601 1.5995042
 1.6101011 1.5878685 1.5984356]
[1.8366129 1.8226619 1.850653  1.8347429 1.8280345 1.8341789 1.810759
 1.8312997 1.8281533 1.8659695 1.8285688 1.8706595 1.8439744 1.8611906
 1.8352475 1.8555804 1.8260458 1.8407983 1.824146  1.8239383 1.8339711
 1.8441821 1.8213558 1.8333181]
[2.098329  2.0844076 2.1121612 2.097498  2.0900178 2.096637  2.07295
 2.0933125 2.0899286 2.128398  2.0907598 2.1325536 2.1056905 2.1230254
 2.0970526 2.1178603 2.0882664 2.1034937 2.0858917 2.086515  2.0961323
 2.1065216 2.083517  2.0950637]
[2.0001373 1.986008  2.014207  1.9993061 1.9919744 1.9982672 1.9743723
 1.9951801 1.9918259 2.030889  1.9923306 2.0351038 2.007914  2.025457
 1.9991874 2.0197577 1.9899559 2.0053318 1.9874625 1.9882343 1.9977922
 2.008597  1.9849691 1.997258 ]
[2.2281036 2.213737  2.2432122 2.2270942 2.220386  2.2256103 2.202279
 2.2235322 2.2200594 2.2600722 2.2201188 2.2644653 2.2370677 2.2549372
 2.2275395 2.2481098 2.218219  2.2329717 2.2157257 2.2153993 2.2261147
 2.236771  2.2124605 2.2256992]
[2.2758636 2.2616453 2.2899632 2.2755075 2.2679086 2.2746468 2.250158
 2.2712035 2.2675524 2.3067935 2.2683241 2.310979  2.2835517 2.3011537
 2.2751808 2.2957811 2.2659495 2.2815332 2.2631    2.2644653 2.2735484
 2.2847092 2.260666  2.2731328]
[2.3200915 2.3055763 2.3349032 2.3195868 2.312344  2.318162  2.294178
 2.3156984 2.3119287 2.3522382 2.3123145 2.3564236 2.3288777 2.346836
 2.3199134 2.3402166 2.3103852 2.3254344 2.3074465 2.3079808 2.317895
 2.3291745 2.3044782 2.317984 ]
[2.4141574 2.3995235 2.4294739 2.4138012 2.4067068 2.4118123 2.387858
 2.4099422 2.4061725 2.447432  2.405935  2.4517658 2.4235966 2.4419703
 2.4139495 2.434698  2.4043026 2.4196486 2.401542  2.4014232 2.4123168
 2.4233887 2.3982174 2.4120202]
[2.3980987 2.3833165 2.4124951 2.397594  2.3900547 2.3962584 2.3711762
 2.3932009 2.389639  2.4303644 2.3896985 2.4347575 2.4062614 2.424487
 2.3972974 2.4181051 2.3876503 2.4037979 2.3849492 2.38581   2.395724
 2.4071224 2.382248  2.395279 ]
[3.6054595 3.5929925 3.6211321 3.6059046 3.5987806 3.6053703 3.5850077
 3.60166   3.5976825 3.6337473 3.602135  3.6359143 3.61383   3.6287606
 3.607092  3.625911  3.5995822 3.6100008 3.5952187 3.596614  3.6048658
 3.614483  3.5923097 3.6056077]
[39.473763 39.474117 39.521046 39.510895 39.50944  39.51888  39.549423
 39.508522 39.488632 39.488277 39.547703 39.47587  39.52146  39.504425
 39.55524  39.518227 39.55334  39.483704 39.495342 39.534996 39.496292
 39.512856 39.473255 39.57225 ]
[103.444435 103.427986 103.40489  103.52498  103.476326 103.42604
 103.3902   103.40929  103.48303  103.492744 103.42667  103.49519
 103.455284 103.45681  103.38961  103.48419  103.41552  103.47334
 103.4713   103.387024 103.49059  103.46135  103.43048  103.413635]
[235.29388 235.25043 235.30658 235.31451 235.30035 235.2498  235.15268
 235.3206  235.3004  235.40309 235.17892 235.448   235.33763 235.43552
 235.28502 235.3262  235.25307 235.33357 235.22949 235.20009 235.2588
 235.34613 235.2242  235.21031]
[283.1957  283.22034 283.2435  283.3192  283.28046 283.20007 283.29913
 283.25464 283.2609  283.30338 283.2536  283.29434 283.33813 283.3424
 283.28632 283.2259  283.3436  283.2432  283.21597 283.23053 283.29675
 283.28806 283.24173 283.30026]
[265.7909  265.79044 265.58127 265.9417  266.0687  265.8529  266.13522
 265.83597 265.97577 265.96    265.99768 265.94513 266.04663 265.9115
 265.96088 265.78293 266.05566 265.9276  265.84158 266.14795 265.92758
 265.87543 265.84763 266.31854]
[378.91623 379.00497 378.906   379.02185 379.05414 379.02835 379.3016
 378.99103 379.0094  378.7621  379.1949  378.7628  379.02277 378.83466
 379.06702 378.88742 379.1567  378.91782 379.06863 379.19858 379.04092
 378.96323 379.07663 379.2057 ]
[239.66136 239.66791 239.6152  239.64835 239.69476 239.66394 239.75305
 239.68336 239.69337 239.63983 239.69016 239.66365 239.68134 239.64157
 239.67699 239.60042 239.6671  239.66203 239.69472 239.72665 239.66237
 239.63118 239.6866  239.74535]
[252.91647 252.977   252.7936  252.93817 252.97923 252.96988 253.10707
 252.86356 253.0036  252.83366 253.06635 252.72473 252.84654 252.7422
 252.88434 252.88498 252.94008 252.92711 253.0122  253.02502 252.9776
 252.82478 253.02649 253.01515]
[111.45592  111.46548  111.378685 111.39698  111.481224 111.495575
 111.45196  111.43119  111.4925   111.491684 111.46659  111.41206
 111.39461  111.409004 111.45604  111.44565  111.458115 111.464424
 111.42359  111.504616 111.43857  111.407814 111.465996 111.50999 ]
[109.01781  109.050255 109.00369  109.01027  109.026505 109.06186
 109.09827  108.9871   109.04571  108.964096 109.08863  108.89853
 108.95589  108.906494 109.018906 109.02413  109.04756  108.994255
 109.067245 109.05222  109.05656  108.95445  109.04768  109.07866 ]
[40.795223 40.79199  40.798016 40.787003 40.783024 40.789673 40.819298
 40.7949   40.79199  40.76913  40.80389  40.77946  40.79205  40.775723
 40.81894  40.797184 40.804188 40.787506 40.805733 40.80882  40.779995
 40.789288 40.78427  40.816833]
[5.8730116 5.8635726 5.8875566 5.871498  5.8647003 5.8734274 5.8567157
 5.868737  5.864968  5.8912964 5.8716464 5.8933744 5.87696   5.8881207
 5.874021  5.8911185 5.8679953 5.874704  5.8654723 5.8650565 5.8717947
 5.878622  5.8624444 5.8707857]
[1.1789539 1.1653293 1.1916286 1.1793991 1.1712956 1.1782712 1.154495
 1.1747686 1.1706723 1.2102696 1.1721565 1.2131785 1.1865231 1.2040361
 1.1777962 1.1985744 1.1696037 1.1860778 1.165834  1.1693662 1.1766683
 1.1878588 1.1651512 1.1756591]
[1.5068632 1.4928825 1.5205175 1.5051713 1.4983442 1.5047854 1.4809499
 1.5016687 1.4984035 1.5363386 1.4987597 1.5408801 1.5140169 1.5313221
 1.5054681 1.5258604 1.4963257 1.5114938 1.4940995 1.4946338 1.5040137
 1.5145512 1.4916952 1.50342  ]
[1.9754409 1.9611039 1.9899262 1.9740754 1.9672186 1.9726506 1.9492307
 1.9705431 1.9670405 2.0068753 1.9670405 2.0112982 1.9837818 2.0016212
 1.9741348 1.9950317 1.9650221 1.9802495 1.9628255 1.9624397 1.973185
 1.983574  1.9598572 1.9723241]
[1.8279455 1.8137273 1.8412732 1.8274409 1.8195155 1.8265504 1.8017946
 1.822929  1.8193374 1.8587862 1.8199904 1.8628825 1.8351288 1.8528496
 1.826491  1.847477  1.8174376 1.8338524 1.8147662 1.8165472 1.8253334
 1.8364942 1.8129555 1.8242944]
[2.1520257 2.1377778 2.166808  2.1511054 2.1441894 2.1498291 2.1263201
 2.1474545 2.1438925 2.183579  2.1442785 2.1877937 2.1606338 2.1782951
 2.1514914 2.171854  2.1422005 2.1570125 2.1395884 2.139737  2.149859
 2.1606338 2.13662   2.149651 ]
[2.3568687 2.342443  2.372037  2.3563347 2.3493886 2.3547912 2.3312523
 2.3525648 2.3488545 2.3892531 2.3491511 2.3934383 2.3659222 2.3839102
 2.3566313 2.3772018 2.347311  2.362093  2.3444316 2.344491  2.3550582
 2.3658628 2.3412259 2.3547912]
[2.2712035 2.2568665 2.285481  2.2707286 2.2633076 2.2697787 2.2457056
 2.266573  2.2629514 2.3023114 2.263753  2.3064373 2.2793663 2.2969089
 2.2709064 2.2911506 2.2616158 2.2765465 2.2584395 2.2597456 2.2688289
 2.2800786 2.2558572 2.2689772]
[2.571181  2.5570815 2.5866458 2.5709138 2.564057  2.5696077 2.5465143
 2.567263  2.5633447 2.6028528 2.5643835 2.606771  2.5803828 2.5978067
 2.5718637 2.5915437 2.5625432 2.576316  2.5591593 2.5596342 2.5694
 2.580353  2.5558348 2.5699046]
[2.7379704 2.7240193 2.753198  2.7381485 2.7308762 2.7371986 2.7136896
 2.7341413 2.7301044 2.7691376 2.7314699 2.7729669 2.7466676 2.7641213
 2.7388015 2.7586002 2.7295702 2.7435212 2.7259488 2.7270174 2.7362785
 2.7473502 2.7228618 2.7366643]
[2.4813302 2.4668448 2.4961123 2.4810927 2.4737313 2.4798758 2.4556246
 2.4770262 2.473197  2.5133286 2.473761  2.5173953 2.4899383 2.5078373
 2.48136   2.5016038 2.4718614 2.48697   2.4686258 2.4697242 2.4791336
 2.4906805 2.465806  2.479371 ]
[2.3147783 2.2997289 2.3297386 2.3140063 2.3068824 2.3117802 2.287054
 2.3100586 2.3065262 2.348795  2.3054874 2.353485  2.3239503 2.3430068
 2.3138876 2.335022  2.3038845 2.3203883 2.3016582 2.3012724 2.3126113
 2.3239207 2.2985415 2.311899 ]
[3.0420442 3.0286868 3.056945  3.042163  3.0346234 3.040946  3.018565
 3.0375917 3.033822  3.0724397 3.0363748 3.075408  3.0503852 3.0667405
 3.042163  3.062288  3.0339704 3.0472388 3.0304976 3.031655  3.0408866
 3.0510085 3.0279448 3.0406492]
[36.739204 36.74069  36.783344 36.77453  36.77245  36.780613 36.806377
 36.76862  36.750988 36.75933  36.808872 36.742558 36.785095 36.771915
 36.805367 36.781086 36.81101  36.74903  36.755737 36.792606 36.765354
 36.775833 36.74309  36.823147]
[99.27096  99.30002  99.27517  99.364815 99.34387  99.328705 99.42994
 99.31735  99.33913  99.24034  99.39604  99.2081   99.3221   99.248505
 99.344345 99.296394 99.39055  99.281494 99.360306 99.34544  99.33488
 99.28008  99.309044 99.408585]
[119.48069  119.49163  119.49038  119.4938   119.482704 119.46796
 119.442635 119.41924  119.505714 119.54404  119.46092  119.505875
 119.447205 119.44982  119.41913  119.50617  119.451004 119.46298
 119.49719  119.420876 119.55294  119.45169  119.46628  119.485214]
[227.37155 227.3541  227.36469 227.35466 227.34433 227.31865 227.22614
 227.29999 227.36975 227.45982 227.25377 227.45236 227.32138 227.3757
 227.2802  227.38437 227.28761 227.35655 227.33482 227.24162 227.398
 227.34395 227.30978 227.29431]
[223.61504 223.49724 223.66064 223.63087 223.59517 223.48605 223.30936
 223.63455 223.56602 223.85556 223.29276 224.02084 223.71477 223.91884
 223.5689  223.5619  223.47842 223.63458 223.46437 223.32367 223.57108
 223.68506 223.42073 223.48776]
[198.45984 198.40445 198.44464 198.43576 198.37819 198.33867 198.1858
 198.40092 198.39766 198.52452 198.20175 198.65271 198.41745 198.53535
 198.33888 198.40106 198.28087 198.44884 198.37827 198.20593 198.41977
 198.45963 198.36847 198.24277]
[142.67578 142.71964 142.6646  142.6014  142.64389 142.70662 142.7413
 142.65428 142.67921 142.57245 142.69678 142.53087 142.56502 142.51285
 142.67316 142.62468 142.68071 142.61044 142.71602 142.68904 142.67639
 142.56793 142.68916 142.72153]
[246.52167 246.53613 246.53339 246.39917 246.41707 246.55728 246.36343
 246.36671 246.43912 246.2942  246.49718 246.27539 246.27065 246.20914
 246.35512 246.55501 246.3485  246.39934 246.5163  246.48175 246.47351
 246.43933 246.46227 246.31227]
[108.67926  108.450325 108.62609  108.660866 108.69343  108.494865
 108.27528  108.69952  108.647125 109.08224  108.234695 109.23522
 108.81008  109.089226 108.69526  108.630905 108.47219  108.75651
 108.43258  108.3684   108.47694  108.77527  108.297455 108.62232 ]
[190.81944 190.79204 190.88608 190.78807 190.842   190.8705  190.8475
 190.86438 190.82202 190.78775 190.82458 190.78128 190.80902 190.8109
 190.88031 190.81625 190.82745 190.77711 190.81421 190.83035 190.77766
 190.79684 190.72406 190.87471]
[65.13327  65.128845 65.15075  65.14143  65.14401  65.14657  65.166725
 65.15511  65.137276 65.15093  65.157814 65.14633  65.157104 65.15461
 65.170166 65.144135 65.15936  65.14194  65.1366   65.165146 65.13033
 65.14971  65.13033  65.175125]
[5.614086  5.601263  5.628037  5.6110287 5.607823  5.6137595 5.594139
 5.6132846 5.606517  5.641127  5.608565  5.6439767 5.622427  5.6384854
 5.6171136 5.631065  5.607348  5.6183305 5.602064  5.606131  5.609188
 5.621863  5.599868  5.6138186]
[1.5938348 1.5806555 1.6075484 1.5941019 1.587156  1.5926474 1.5712162
 1.590629  1.5860281 1.6260706 1.5881356 1.6279407 1.6030068 1.6200153
 1.5940129 1.6137818 1.5863249 1.6004541 1.5816944 1.5843955 1.5922022
 1.60271   1.5804477 1.5922319]
[0.3068937  0.29347694 0.31844044 0.30591416 0.29834497 0.30730927
 0.28293943 0.30205536 0.29804814 0.33426154 0.30033374 0.3371408
 0.31205857 0.3285327  0.30564702 0.32541597 0.29718733 0.3130678
 0.29332852 0.2981372  0.30312395 0.31467068 0.2928536  0.30306458]
[1.84626   1.8324573 1.8603297 1.8432916 1.8372363 1.8434697 1.8204356
 1.8405905 1.8374738 1.873509  1.8378596 1.8789114 1.8528199 1.8695315
 1.8443602 1.8647822 1.8352475 1.8492876 1.8340008 1.8328729 1.8433807
 1.8527902 1.8306763 1.8423715]
[1.8656133 1.8519294 1.8791785 1.8658508 1.8578957 1.8644854 1.8411248
 1.8611609 1.8574505 1.8966025 1.8588159 1.8999567 1.873331  1.8907253
 1.8646635 1.885501  1.8563225 1.8719062 1.8531761 1.8550165 1.8637136
 1.8743995 1.8515435 1.8626153]
[1.9968721 1.9830991 2.010734  1.9958628 1.9886498 1.9954473 1.9719679
 1.9920337 1.9884717 2.02611   1.9897184 2.0301468 2.0040555 2.0209746
 1.9960409 2.0161958 1.9871657 2.00174   1.9844645 1.9855331 1.9944084
 2.0050054 1.9820305 1.9939928]
[2.2370975 2.222701  2.2519689 2.2359695 2.2291424 2.2346041 2.2112732
 2.2324371 2.228816  2.2685616 2.2291126 2.2729547 2.245676  2.2633967
 2.2363257 2.2569556 2.227124  2.2418468 2.22469   2.2242744 2.2350492
 2.2454977 2.2214546 2.234426 ]
[2.1824212 2.1683216 2.1962535 2.1822133 2.174377  2.1813822 2.1568344
 2.1777015 2.17411   2.2130246 2.1748817 2.2171504 2.1898718 2.2073846
 2.18159   2.2022495 2.172507  2.1882095 2.1696575 2.1712308 2.1801357
 2.1912074 2.167461  2.179453 ]
[2.3027267 2.2882118 2.3175683 2.3020442 2.2950687 2.3006194 2.2769618
 2.2982745 2.2945342 2.3345768 2.2950091 2.3387623 2.311513  2.3292933
 2.3025784 2.3227334 2.2930799 2.3078322 2.290082  2.290527  2.3004708
 2.311602  2.2870245 2.3006194]
[2.659785  2.6456559 2.6753688 2.6596663 2.6525722 2.6583602 2.6350887
 2.6559262 2.6519487 2.6916351 2.6528986 2.6955533 2.6688979 2.686589
 2.6603491 2.680415  2.6511176 2.6650686 2.6477337 2.64809   2.6581228
 2.6689868 2.6443202 2.6583602]
[2.38486   2.370523  2.3992267 2.3846226 2.3769941 2.3836133 2.3591545
 2.3803186 2.3765783 2.416057  2.3772316 2.420272  2.3928447 2.4105954
 2.3845632 2.4048665 2.3751535 2.3904998 2.372037  2.3734617 2.382515
 2.3939729 2.3693953 2.382515 ]
[2.5828464 2.5685391 2.5979552 2.5825496 2.5753367 2.5812435 2.5576158
 2.5786612 2.574832  2.6146073 2.5756037 2.6186147 2.5916326 2.6093237
 2.5831137 2.60312   2.5737338 2.5881004 2.5704982 2.5711217 2.5808578
 2.5919888 2.5673518 2.5811546]
[3.2149484 3.201205  3.2306507 3.2155123 3.208062  3.2146218 3.1914988
 3.2113864 3.2073197 3.245789  3.20919   3.2493215 3.2237048 3.2408023
 3.216284  3.2357562 3.2072902 3.2204695 3.2034016 3.2045    3.213583
 3.2244766 3.200077  3.2142062]
[6.898534  6.891825  6.9182434 6.9036093 6.896693  6.9068747 6.896337
 6.899365  6.893606  6.9161654 6.9102583 6.9134345 6.9077353 6.914295
 6.9102883 6.9212117 6.9067264 6.9018283 6.895595  6.901769  6.902303
 6.909101  6.8916173 6.9098725]
[69.91103  69.89186  69.92359  69.98509  69.966866 69.9159   70.003975
 69.94401  69.952354 69.97925  69.963806 69.98952  70.01098  69.99035
 69.99928  69.943474 69.996346 69.94173  69.9403   69.95942  69.94834
 69.9666   69.893814 70.055176]
[163.32729 163.37973 163.23918 163.3241  163.30617 163.34256 163.37694
 163.20589 163.39366 163.20174 163.38297 163.08846 163.13211 162.99702
 163.23305 163.35263 163.29497 163.2615  163.49103 163.28867 163.40588
 163.12274 163.33278 163.38214]
[318.6163  318.5692  318.442   318.573   318.59637 318.45807 318.7182
 318.5991  318.67496 318.62213 318.52713 318.64682 318.61606 318.53513
 318.67117 318.50793 318.57153 318.62775 318.68207 318.63022 318.4999
 318.49    318.51065 318.76978]
[527.516   527.28973 527.382   527.39923 527.4144  527.3429  526.68567
 527.3938  527.351   527.9446  526.84357 528.15826 527.4338  527.8966
 527.26013 527.4331  527.06964 527.5809  527.13873 526.8812  527.325
 527.5394  527.1905  527.1195 ]
[145.72488 145.77713 145.74437 146.03607 146.0891  145.88315 146.22849
 145.95482 145.97986 146.00938 146.1009  146.06639 146.22826 146.12834
 146.06868 145.80032 146.21687 145.92418 145.8271  146.22545 145.99474
 145.96259 145.90286 146.38466]
[428.78052 428.67065 428.68713 428.28714 428.21198 428.5768  427.94067
 428.02164 428.376   428.20517 428.34326 428.2109  427.93198 427.81326
 427.89432 428.81625 427.9309  428.35373 428.66052 428.2603  428.65417
 428.24698 428.3992  427.8812 ]
[248.50774 248.52486 248.53563 248.34448 248.36005 248.59712 248.25092
 248.34158 248.44212 248.37991 248.46846 248.21738 248.17491 248.23471
 248.53732 248.57826 248.47194 248.37291 248.39073 248.38701 248.36922
 248.49266 248.4267  248.34767]
[345.64825 345.65744 345.65204 345.65692 345.6843  345.65338 345.75873
 345.656   345.66592 345.63898 345.73456 345.59116 345.6877  345.6286
 345.64615 345.63324 345.67    345.63834 345.6828  345.7288  345.67087
 345.6442  345.67487 345.69543]
[235.57364 235.57549 235.46605 235.58522 235.66318 235.58258 235.58247
 235.50397 235.66576 235.80537 235.59508 235.63226 235.57303 235.60689
 235.50171 235.57964 235.56436 235.624   235.55283 235.5787  235.66148
 235.51237 235.59209 235.68515]
[135.54736 135.55978 135.50809 135.4769  135.5041  135.48651 135.5167
 135.52832 135.54883 135.5174  135.47739 135.49928 135.4633  135.45946
 135.5235  135.51283 135.47508 135.52675 135.57013 135.49342 135.50119
 135.50513 135.54877 135.50433]
[7.9335246 7.920939  7.946555  7.930111  7.9280033 7.933673  7.916902
 7.933851  7.925035  7.956499  7.928953  7.961575  7.9429045 7.9566474
 7.937591  7.9481287 7.9284782 7.936819  7.9219775 7.927855  7.928063
 7.9410343 7.9194546 7.935721 ]
[1.2340754 1.2217569 1.2490357 1.237489  1.2301869 1.2330662 1.2149001
 1.2336599 1.2277529 1.2726932 1.2313149 1.270556  1.2474625 1.2649162
 1.236925  1.2558035 1.2307806 1.243574  1.2231224 1.2272483 1.2344613
 1.2455925 1.2228849 1.2351737]
[-0.984203   -0.9966996  -0.9733093  -0.98636985 -0.9931079  -0.9831641
 -1.007712   -0.9888929  -0.9931079  -0.95805216 -0.99043643 -0.957132
 -0.98108625 -0.9644934  -0.98550904 -0.9659182  -0.99390936 -0.97808826
 -0.9980353  -0.99236584 -0.9888929  -0.9774946  -0.9975307  -0.9891304 ]
[1.919696  1.9066948 1.9327565 1.914828  1.9091288 1.9168167 1.8943169
 1.912483  1.9102567 1.9417802 1.9113253 1.9481621 1.9237329 1.9387822
 1.9166386 1.9367934 1.9077634 1.9206755 1.9079711 1.9059527 1.9161934
 1.9242078 1.904706  1.9145608]
[1.751363  1.7383618 1.7636518 1.7492259 1.7416567 1.749493  1.7263699
 1.7450999 1.7423394 1.7770092 1.7437345 1.7815804 1.7561123 1.7719334
 1.748276  1.7695588 1.7401428 1.755489  1.739193  1.7397273 1.7485431
 1.7575668 1.7375307 1.7460794]
[1.5754015 1.5617473 1.588195  1.572641  1.5656655 1.5730566 1.549221
 1.5690197 1.5662888 1.6023538 1.5669715 1.6070141 1.5806258 1.5972483
 1.5724926 1.5935676 1.563647  1.5791416 1.5626972 1.5626675 1.5721958
 1.5818131 1.5606194 1.5702664]
[1.9465889 1.9322816 1.9602431 1.9438283 1.937209  1.9429082 1.9191617
 1.9403851 1.9377136 1.9760642 1.9370606 1.9815853 1.9536238 1.9711071
 1.9436799 1.9651408 1.9343297 1.9502993 1.9338845 1.932341  1.9437987
 1.9534457 1.9309162 1.9418693]
[1.8315965 1.8172892 1.8446274 1.8302311 1.8224541 1.8290437 1.8044068
 1.8257786 1.8226619 1.8618733 1.8225728 1.8665632 1.8382752 1.8560851
 1.8289547 1.8506234 1.8198123 1.8367614 1.8183578 1.8188328 1.8288656
 1.8393438 1.816369  1.8269066]
[1.9374465 1.9229314 1.9514272 1.9354874 1.9286306 1.9343001 1.9103755
 1.9317473 1.928779  1.9682279 1.9284525 1.9730959 1.9451641 1.9629146
 1.9354577 1.9565921 1.9260185 1.9418099 1.9245343 1.923911  1.9348047
 1.9451938 1.9218332 1.9335877]
[2.1820354 2.167461  2.19658   2.1808777 2.1738725 2.1789484 2.1553206
 2.176989  2.1736646 2.214271  2.1733382 2.2188425 2.1906433 2.2088392
 2.180551  2.2018933 2.1712604 2.1869924 2.1693606 2.1686778 2.180017
 2.1904356 2.166333  2.1787999]
[1.8317746 1.8170221 1.8450726 1.8302014 1.8226025 1.8287469 1.8033975
 1.8258083 1.82284   1.863298  1.8218307 1.8683145 1.8388392 1.8573318
 1.8289844 1.8510092 1.8193374 1.8370285 1.8182094 1.81815   1.8288656
 1.8397593 1.8159832 1.8267581]
[1.6182343 1.6023835 1.6317995 1.6157409 1.608795  1.6133069 1.5872154
 1.6119711 1.6091809 1.6523995 1.6059158 1.6584252 1.6264565 1.6463145
 1.6146129 1.6373205 1.6040161 1.6232507 1.6038677 1.6022351 1.6149395
 1.6261003 1.6009884 1.6126835]
[2.4533093 2.4398332 2.4673495 2.4529235 2.4452949 2.4514394 2.4290583
 2.4482336 2.4448793 2.483883  2.446779  2.4872074 2.4612942 2.4779167
 2.452033  2.4730783 2.4440482 2.4585633 2.441436  2.4421782 2.4519737
 2.4616504 2.4393582 2.4506972]
[62.100456 62.09354  62.15813  62.156944 62.151897 62.148987 62.193485
 62.149345 62.125774 62.13581  62.184788 62.129574 62.177097 62.159702
 62.21269  62.153736 62.200726 62.11993  62.125748 62.17701  62.12557
 62.161633 62.091404 62.23406 ]
[84.03429  84.07248  84.060974 84.125046 84.120026 84.12409  84.25326
 84.09501  84.095894 83.98583  84.214615 83.94046  84.10459  84.02117
 84.14045  84.06973  84.1932   84.04634  84.11385  84.16871  84.09949
 84.06477  84.09043  84.205215]
[307.7874  307.81183 307.87415 307.77832 307.79797 307.81644 307.8621
 307.88058 307.8183  307.76593 307.80896 307.7758  307.81802 307.8271
 307.8913  307.80014 307.86902 307.7778  307.80725 307.819   307.77493
 307.77814 307.7776  307.85242]
[321.919   322.1203  322.07336 322.11127 322.14407 322.3251  322.346
 322.25552 322.15054 321.95178 322.41904 321.8304  322.08664 322.14542
 322.41632 322.2007  322.44437 322.15265 322.03003 322.33035 321.9983
 322.03564 322.26306 322.37198]
[388.15326 388.1632  388.1107  388.0191  388.06674 388.14975 388.1679
 388.08768 388.1141  387.8891  388.1415  387.9854  388.02008 387.94547
 388.088   388.0848  388.0681  388.0494  388.18555 388.1488  388.13953
 388.0685  388.19006 388.09348]
[281.34985 281.4597  281.5826  281.3898  281.3532  281.4831  281.57245
 281.39523 281.4423  281.15863 281.65146 281.17203 281.42136 281.30118
 281.49457 281.5116  281.5445  281.2993  281.47266 281.57495 281.5133
 281.35077 281.51447 281.5011 ]
[393.2058  393.2648  393.26675 393.22513 393.1925  393.20444 393.3619
 393.2035  393.2066  393.0875  393.31107 393.0656  393.20282 393.0895
 393.22217 393.19263 393.2711  393.14856 393.3079  393.26276 393.2745
 393.18253 393.2725  393.24658]
[190.74776 190.81047 190.76562 190.8589  190.89285 190.82198 191.10349
 190.82504 190.85576 190.80542 190.96378 190.72421 190.90213 190.77626
 190.91826 190.7242  191.02956 190.75531 190.85683 190.95537 190.90717
 190.77545 190.83403 191.12785]
[179.96567 179.88074 179.94939 179.98744 180.07112 179.97707 179.89445
 180.0809  180.01205 180.14098 179.90675 180.19724 180.12189 180.24713
 180.04958 179.9763  179.95706 180.05948 179.8472  180.0085  179.87329
 180.12318 179.90079 179.98946]
[268.33826 268.48367 268.01733 268.4427  268.52856 268.38116 268.6064
 267.95865 268.64694 268.77164 268.6129  268.12274 268.15445 268.01562
 267.9963  268.40353 268.36752 268.40106 268.53143 268.37106 268.8232
 267.92038 268.5427  268.70724]
[231.97237 231.97401 231.94183 231.98357 232.01079 231.97867 232.00674
 231.98376 232.01375 232.04358 231.98299 231.97946 231.96384 231.9692
 231.99301 231.97054 231.96736 232.00537 231.99092 231.99483 231.97488
 231.97546 231.98215 232.02794]
[51.699436 51.687176 51.70549  51.70947  51.71107  51.709705 51.712643
 51.720062 51.696793 51.730335 51.714127 51.73173  51.72781  51.7363
 51.718285 51.705254 51.706085 51.717987 51.691006 51.72529  51.690113
 51.722023 51.69807  51.719887]
[1.1897882 1.1753622 1.2058765 1.1949531 1.1883337 1.1868199 1.1674665
 1.1930237 1.1840891 1.2414072 1.1836141 1.2372515 1.208637  1.2311368
 1.1946266 1.2125255 1.1868199 1.2034425 1.1763121 1.1819519 1.1893727
 1.204511  1.1765792 1.1919254]
[-3.9989684 -4.013424  -3.9875107 -3.996208  -4.0027976 -3.9969797
 -4.0212603 -3.9990575 -4.0060625 -3.959015  -4.0036287 -3.9614787
 -3.987481  -3.9671185 -3.9967718 -3.9781308 -4.0048456 -3.9865906
 -4.0153236 -4.0030646 -4.0026193 -3.986442  -4.0123553 -3.9992058]
[1.0023987  0.9880618  1.0156374  0.99812436 0.992633   0.99865866
 0.9750012  0.9960762  0.9931376  1.0298853  0.9924549  1.0360594
 1.0088103  1.0261452  0.9996085  1.0201195  0.99005055 1.0050405
 0.98916006 0.98809147 0.998629   1.0083057  0.98619175 0.9979166 ]
[1.0977706 1.0838789 1.1098516 1.0964942 1.0885985 1.0955443 1.0713526
 1.0921011 1.0888656 1.1275427 1.0890734 1.1317577 1.1040337 1.1215467
 1.0946835 1.1164709 1.0861348 1.1035885 1.0844132 1.0860457 1.094832
 1.1051023 1.0833149 1.0926651]
[0.8024533  0.7878195  0.81483114 0.7996334  0.79262817 0.7994553
 0.7741356  0.79616046 0.7931031  0.832077   0.7921829  0.8370638
 0.8082118  0.82640755 0.7990397  0.820649   0.7893927  0.8071135
 0.7883241  0.78894746 0.7985648  0.80919135 0.7866025  0.7967838 ]
[1.5032716 1.4881926 1.5163915 1.5003033 1.4935949 1.4989082 1.4741821
 1.4968897 1.4940995 1.5343795 1.4923779 1.5402567 1.510544  1.5290662
 1.4997393 1.5217048 1.4898845 1.5074569 1.489558  1.4882519 1.4999768
 1.5101581 1.4868865 1.497988 ]
[1.2917497 1.2768785 1.3040385 1.28985   1.282073  1.2888111 1.262779
 1.285546  1.2824589 1.3229764 1.2812122 1.3281115 1.2980425 1.3165945
 1.2880096 1.3103907 1.2783923 1.2974192 1.2775612 1.278333  1.2883362
 1.2992002 1.2759583 1.2858131]
[1.4202182 1.405347  1.4331007 1.4173093 1.4103041 1.4164782 1.3910694
 1.4136583 1.4109571 1.4505247 1.4094433 1.4561942 1.4266298 1.4449443
 1.4166266 1.4385921 1.4068015 1.4245816 1.4063859 1.4056735 1.4166563
 1.4271344 1.4040409 1.4145191]
[1.537615  1.5220907 1.550913  1.5352106 1.5282054 1.5329844 1.5075163
 1.5314112 1.5285616 1.5708007 1.5260385 1.5765592 1.545481  1.564864
 1.5340233 1.5565231 1.5239013 1.5426017 1.5235451 1.5222688 1.5344388
 1.5452732 1.5208737 1.5322423]
[1.4338131 1.4185263 1.4465175 1.431765  1.4242254 1.4301621 1.4037144
 1.42755   1.4244629 1.4664052 1.4224741 1.4717481 1.4407886 1.460053
 1.4301027 1.4526322 1.4200698 1.4393935 1.4193871 1.4193277 1.4303995
 1.4416494 1.4173093 1.4279358]
[1.5237529 1.5081396 1.5363979 1.5214673 1.5138685 1.5197457 1.4929715
 1.517193  1.5142543 1.5565231 1.5117906 1.5621035 1.5305207 1.5499928
 1.5196567 1.5425423 1.5094457 1.5291553 1.5090895 1.5087333 1.5201613
 1.5313815 1.506982  1.5175195]
[2.4472837 2.4341934 2.4612942 2.446126  2.438913  2.4450278 2.4235075
 2.441822  2.4387646 2.4758685 2.440991  2.4794602 2.4546154 2.470496
 2.4457698 2.4665184 2.4379334 2.451469  2.4359448 2.4357667 2.445859
 2.454764  2.4335997 2.4443154]
[38.756855 38.75516  38.794373 38.78663  38.784756 38.78645  38.818832
 38.782024 38.7679   38.776653 38.81364  38.766888 38.80132  38.787846
 38.820675 38.792118 38.821712 38.764217 38.77238  38.802387 38.778137
 38.78853  38.753975 38.840294]
[81.357254 81.35092  81.37863  81.438324 81.42939  81.39433  81.46453
 81.40733  81.40361  81.414505 81.43724  81.40784  81.45417  81.43894
 81.43402  81.385666 81.44506  81.392654 81.38317  81.423676 81.40018
 81.41818  81.36667  81.47896 ]
[350.5045  350.52628 350.50742 350.48465 350.50037 350.492   350.52795
 350.54007 350.5298  350.46347 350.46423 350.4853  350.48022 350.48544
 350.54645 350.4631  350.5263  350.48398 350.5232  350.4692  350.49396
 350.4914  350.51074 350.51373]
[177.96274 178.19397 177.82957 178.05255 178.02151 178.04713 178.24023
 177.94437 178.17711 177.90952 178.2241  177.87065 177.93423 177.82469
 178.09795 178.08891 178.223   178.10574 178.19641 178.19556 178.21721
 177.92798 178.41904 178.27452]
[291.19498 290.93576 291.63995 291.09497 291.26254 291.09702 291.37988
 291.43784 291.05396 291.205   291.2047  291.20898 291.62698 291.5231
 291.2865  291.19635 291.24628 290.9779  291.00885 291.39975 290.98224
 291.24927 290.56293 291.24002]
[180.66501 180.71785 180.80345 180.79927 180.7448  180.63936 180.85313
 180.7295  180.74269 180.77292 180.69598 180.79626 180.81337 180.76782
 180.72508 180.58405 180.77893 180.62575 180.7803  180.60799 180.88458
 180.68532 180.71115 180.83878]
[225.32317 225.36497 225.34198 225.33989 225.33919 225.3623  225.42534
 225.34358 225.34822 225.26434 225.3906  225.24858 225.30798 225.26862
 225.36896 225.31264 225.38156 225.30846 225.37598 225.36182 225.35745
 225.31995 225.37901 225.3813 ]
[174.88991 174.92256 174.86719 174.84924 174.82086 174.87009 174.9017
 174.8274  174.86826 174.7443  174.86069 174.73102 174.7517  174.70264
 174.83987 174.82233 174.84383 174.8127  174.93544 174.80893 174.89027
 174.82031 174.90755 174.81697]
[398.39075 398.45636 398.44147 398.4157  398.3847  398.41006 398.5861
 398.40417 398.39127 398.23163 398.531   398.22272 398.3907  398.25952
 398.42438 398.36383 398.4655  398.33746 398.50708 398.4808  398.44562
 398.37057 398.48172 398.44617]
[163.1583  163.17555 163.06303 163.11821 163.19673 163.16641 163.2006
 163.19164 163.21298 163.08272 163.15015 163.15471 163.14938 163.13641
 163.1618  163.08397 163.13255 163.17603 163.16444 163.2403  163.12065
 163.1454  163.21349 163.17175]
[153.45596 153.47768 153.41124 153.46124 153.50816 153.45708 153.54643
 153.41693 153.51624 153.64882 153.50652 153.46625 153.46312 153.45135
 153.41121 153.45851 153.4961  153.47914 153.479   153.48099 153.562
 153.35182 153.47588 153.59875]
[28.343575 28.331314 28.350311 28.349895 28.343426 28.351261 28.33277
 28.34758  28.33639  28.37388  28.343603 28.37293  28.353815 28.368122
 28.350609 28.357792 28.343039 28.357407 28.328672 28.351559 28.338556
 28.360434 28.333956 28.34847 ]
[0.681643   0.66748416 0.69526756 0.6776061  0.6739254  0.6791793
 0.6568279  0.6779623  0.6731833  0.7110293  0.67333174 0.7156005
 0.6901027  0.7075267  0.6817024  0.69933414 0.67187726 0.6853237
 0.66819656 0.67015564 0.67733896 0.6885295  0.6656735  0.67998075]
[-0.19424629 -0.20784116 -0.18231368 -0.19412756 -0.20166707 -0.19451344
 -0.21802247 -0.19804573 -0.20246851 -0.16287124 -0.20062816 -0.16076374
 -0.1866771  -0.16913438 -0.19519615 -0.17498195 -0.20332932 -0.1866771
 -0.20787084 -0.20282471 -0.19712555 -0.18551946 -0.20778179 -0.19736302]
[0.37023747 0.35634577 0.38202167 0.36759567 0.36047173 0.36899078
 0.34361172 0.3642118  0.36079824 0.39757562 0.36145127 0.40161252
 0.37454152 0.3918171  0.36741757 0.3882848  0.35830486 0.37516487
 0.35616767 0.3587501  0.3659631  0.3768865  0.35509908 0.36480546]
[1.6741276 1.6601468 1.6871288 1.671931  1.6648071 1.671367  1.6476502
 1.6681613 1.665282  1.7030389 1.6653711 1.7079366 1.6806875 1.697785
 1.6713374 1.6927389 1.6624918 1.6785504 1.6613638 1.661156  1.671367
 1.6810141 1.6591673 1.6694673]
[1.2831416 1.2688344 1.295846  1.2811528 1.2737914 1.280767  1.2557738
 1.2772347 1.2740289 1.3129138 1.2739398 1.3174256 1.2894344 1.3072146
 1.2804108 1.3017529 1.2711793 1.2881877 1.2695171 1.2704966 1.2798468
 1.290503  1.2677361 1.2782736]
[1.4824044 1.4677112 1.4956727 1.4797626 1.4730245 1.4790205 1.4543538
 1.4762896 1.4733213 1.512503  1.4724902 1.5178757 1.4892612 1.5072788
 1.4796438 1.5009563 1.4699374 1.4866194 1.4688985 1.4684533 1.4791392
 1.489558  1.4664052 1.4777144]
[1.6452459 1.6306418 1.6583065 1.643643  1.6360738 1.642426  1.6172844
 1.6394874 1.636341  1.6763835 1.6355692 1.6814    1.6522511 1.6704469
 1.6423963 1.6643025 1.6329274 1.6506482 1.6316807 1.6320369 1.642337
 1.6530526 1.6296029 1.6403482]
[1.8290734 1.8147662 1.8422824 1.8277674 1.8201388 1.8267878 1.8020618
 1.823404  1.8202279 1.8594096 1.8202872 1.8639511 1.8358412 1.8535917
 1.8268769 1.848219  1.8176157 1.8343273 1.8158348 1.8165472 1.8262535
 1.8369988 1.813757  1.8247397]
[1.8058316 1.7906932 1.8200201 1.8039912 1.7972234 1.8021805 1.7773358
 1.8003699 1.7972234 1.8388689 1.7957393 1.8440337 1.8143803 1.8332291
 1.8037537 1.825274  1.7937802 1.8107293 1.7923554 1.791554  1.8031007
 1.8141131 1.7894168 1.8019431]
[1.8257192 1.8108183 1.8393438 1.8243538 1.8168143 1.8226916 1.7973422
 1.8200201 1.816933  1.8579848 1.8158644 1.8630012 1.8333478 1.8519888
 1.8231962 1.8451023 1.8135492 1.8311809 1.8121244 1.8121244 1.8229884
 1.8339118 1.8098091 1.8212668]
[2.2967606 2.2816815 2.3109193 2.2956326 2.2882414 2.2939405 2.2687397
 2.2914472 2.2879448 2.3297682 2.2871728 2.3344283 2.3048937 2.323594
 2.2950091 2.316381  2.2852435 2.3022816 2.283225  2.283492  2.2942078
 2.305428  2.2805238 2.2931986]
[7.836609  7.8321567 7.8559923 7.840735  7.8339376 7.8459296 7.8373513
 7.8362527 7.831088  7.846731  7.851035  7.8429613 7.8421597 7.8457813
 7.8472652 7.8585153 7.845514  7.8376184 7.835956  7.840557  7.8409133
 7.8454843 7.832305  7.845811 ]
[65.59553  65.60547  65.6177   65.702354 65.67997  65.645035 65.736046
 65.65356  65.66083  65.64034  65.70728  65.61737  65.6968   65.653824
 65.686714 65.635155 65.724945 65.626366 65.65774  65.66774  65.66626
 65.6404   65.61886  65.75635 ]
[143.90182 143.89647 143.91296 143.99287 143.94672 143.88068 143.91472
 143.89662 143.943   143.97832 143.88255 144.00528 143.96024 143.96442
 143.90317 143.89575 143.92035 143.91443 143.93669 143.83957 143.99863
 143.95761 143.91243 143.94357]
[130.09381 130.07079 130.09389 130.1365  130.13875 130.09404 130.1605
 130.14787 130.13081 130.1391  130.10782 130.16144 130.1669  130.1621
 130.16432 130.08786 130.13742 130.11736 130.1119  130.1226  130.08725
 130.1229  130.06418 130.19121]
[179.57655 179.63858 179.60823 179.61496 179.63269 179.66483 179.86063
 179.65321 179.62492 179.42563 179.7625  179.3867  179.6037  179.47618
 179.73357 179.56607 179.76482 179.54591 179.67987 179.7415  179.6048
 179.56316 179.63121 179.78204]
[122.13025  122.136375 122.11981  122.25346  122.23224  122.1427
 122.252205 122.18148  122.21173  122.25787  122.18423  122.2613
 122.264534 122.272446 122.25549  122.134224 122.260376 122.19677
 122.15468  122.17418  122.21191  122.242805 122.17746  122.308395]
[124.83655  124.850334 124.79977  124.773155 124.80863  124.838745
 124.757484 124.81436  124.838356 124.82856  124.79677  124.81989
 124.76626  124.79588  124.816246 124.835526 124.80215  124.835106
 124.79799  124.83524  124.79078  124.79835  124.83592  124.78819 ]
[171.9319  171.93588 171.90929 171.8859  171.91808 171.91699 171.94025
 171.92082 171.93832 171.93248 171.90063 171.92809 171.89749 171.89388
 171.9227  171.89561 171.91473 171.9113  171.93843 171.91563 171.9325
 171.87753 171.9247  171.96298]
[230.05807 230.10017 229.96423 230.00209 230.04944 230.01988 230.05823
 230.04602 230.10474 229.9744  229.99655 230.07242 230.00642 229.9789
 230.01236 229.96771 230.00708 230.04819 230.09431 230.08176 230.0683
 229.99937 230.13147 230.04698]
[235.0934  235.10555 235.05197 235.05846 235.07538 235.09886 235.13828
 235.08844 235.09079 234.95244 235.11192 234.98698 235.0305  234.98824
 235.07591 235.03989 235.04147 235.06834 235.13    235.1111  235.04623
 235.0593  235.12408 235.04892]
[291.54465 291.58444 291.7091  291.51895 291.53976 291.65924 291.72696
 291.77975 291.4722  291.12466 291.65436 291.33005 291.59515 291.5153
 291.82117 291.49515 291.70996 291.46912 291.56903 291.71838 291.37036
 291.71417 291.56967 291.52426]
[88.56119  88.57667  88.557076 88.47055  88.51696  88.562035 88.57306
 88.57025  88.5456   88.47003  88.51924  88.4761   88.47922  88.46626
 88.59121  88.50453  88.553925 88.50412  88.56197  88.53998  88.50376
 88.48198  88.52898  88.57956 ]
[12.063009 12.05167  12.07512  12.055589 12.05455  12.062119 12.043389
 12.061733 12.054372 12.08355  12.055975 12.086993 12.06663  12.080968
 12.065533 12.076872 12.055025 12.064731 12.051701 12.055173 12.05553
 12.067284 12.049444 12.060991]
[1.3717754 1.3597834 1.3853406 1.3762872 1.3679166 1.3725768 1.3534906
 1.3715082 1.3654232 1.4091761 1.3699054 1.4068905 1.3839158 1.4011023
 1.3743875 1.3934144 1.3686883 1.3826097 1.3603771 1.3670558 1.3719238
 1.3835893 1.3613269 1.3726065]
[-0.7286314  -0.74154353 -0.7178267  -0.72937346 -0.7367052  -0.7270285
 -0.7514874  -0.73269796 -0.73726916 -0.7016791  -0.73427117 -0.70004654
 -0.7241789  -0.70761573 -0.7292547  -0.71004975 -0.73744726 -0.72165585
 -0.74258244 -0.7356069  -0.73290575 -0.72073567 -0.7421372  -0.7322824 ]
[2.0470662 2.034065  2.0605423 2.0429997 2.0371222 2.0446916 2.0223994
 2.0405953 2.0379238 2.069952  2.0393782 2.0756807 2.0517263 2.066865
 2.044751  2.064698  2.0361724 2.0485802 2.0354898 2.0339463 2.0438309
 2.052231  2.0320168 2.042584 ]
[1.9043498 1.8918235 1.9172916 1.9045279 1.896365  1.9039936 1.88185
 1.8996896 1.8961276 1.9321629 1.8990662 1.9348937 1.9107614 1.9265231
 1.9032218 1.9237922 1.8958604 1.910138  1.8927734 1.8950293 1.9026282
 1.9123642 1.8915861 1.9010253]
[1.9661797 1.9529707 1.9797746 1.9649627 1.9576904 1.9651111 1.9421067
 1.9609852 1.9577497 1.9935772 1.9597088 1.9974064 1.9724725 1.9886498
 1.9651408 1.9852066 1.9565921 1.9706619 1.9542768 1.9552267 1.9637457
 1.9737786 1.9520506 1.9628255]
[2.4496286 2.4363306 2.4639952 2.4479961 2.4411392 2.44764   2.4252589
 2.4442856 2.441258  2.4771745 2.4426827 2.4817162 2.4564855 2.4727519
 2.4484117 2.4689226 2.4398332 2.4533985 2.438171  2.4373991 2.4476101
 2.456901  2.4350839 2.4462745]
[2.3745008 2.3612916 2.3880064 2.373907  2.3659816 2.373907  2.350309
 2.3693655 2.366041  2.4020169 2.3680892 2.405846  2.380556  2.396852
 2.3734024 2.3938837 2.3649724 2.3794875 2.3625383 2.3639038 2.372304
 2.382426  2.3604605 2.3710277]
[2.5160594 2.502613  2.5307229 2.5149019 2.5078669 2.5145457 2.492016
 2.5111618 2.5078373 2.54411   2.509529  2.548236  2.523302  2.5395684
 2.5157032 2.535502  2.506917  2.520037  2.5045128 2.5044534 2.513952
 2.5239255 2.501396  2.513477 ]
[2.5255284 2.5118444 2.5402513 2.5249348 2.5176327 2.5240738 2.500832
 2.5208385 2.5174546 2.555271  2.5186121 2.559456  2.5333054 2.5502248
 2.5250535 2.545505  2.5161188 2.530426  2.5136552 2.5138035 2.5237176
 2.5339286 2.5106869 2.522946 ]
[2.5455348 2.5316727 2.5595748 2.5451193 2.5373719 2.544674  2.5206306
 2.5406668 2.5371344 2.5746539 2.5386186 2.5786908 2.5525994 2.5695188
 2.54506   2.565274  2.5360065 2.55067   2.5331273 2.5344927 2.5431602
 2.5540836 2.530634  2.5428336]
[2.7568488 2.7425416 2.7726996 2.756552  2.7497249 2.7550085 2.731915
 2.7530494 2.7490718 2.789144  2.7497249 2.7931216 2.7662585 2.7841573
 2.7574425 2.7775083 2.7480626 2.761895  2.7448273 2.744768  2.7551866
 2.7661397 2.7411466 2.755424 ]
[3.2518148 3.2387245 3.2665672 3.2526755 3.244691  3.2524679 3.229879
 3.2479856 3.2439487 3.280192  3.247481  3.2832491 3.2594137 3.2751753
 3.253121  3.272207  3.2448392 3.2572172 3.2405055 3.2430286 3.2503307
 3.2611055 3.2378933 3.2510726]
[6.88764   6.8808427 6.9086556 6.893458  6.8873134 6.8973165 6.889599
 6.8903413 6.883781  6.907112  6.9019175 6.904559  6.900166  6.9056277
 6.903283  6.9105554 6.8998694 6.890905  6.885236  6.893992  6.8924785
 6.8983555 6.880041  6.9061623]
[75.88684  75.84288  75.88485  75.93721  75.91845  75.86155  75.92933
 75.904274 75.91107  75.957214 75.8905   75.99803  75.97553  75.973885
 75.960396 75.91625  75.925354 75.91857  75.893845 75.906044 75.887314
 75.94193  75.83516  75.99519 ]
[126.24457  126.18984  126.28584  126.30567  126.27346  126.248184
 126.32541  126.306496 126.29004  126.224365 126.26919  126.30737
 126.31382  126.27437  126.45125  126.30555  126.33158  126.26199
 126.308235 126.308014 126.18394  126.30569  126.13233  126.43572 ]
[109.31838  109.2483   109.322205 109.43719  109.406525 109.28559
 109.509155 109.40712  109.38052  109.43524  109.41637  109.49418
 109.54552  109.48991  109.54621  109.36784  109.45731  109.40661
 109.36369  109.49474  109.27986  109.445854 109.25034  109.60359 ]
[112.413376 112.46198  112.44787  112.489815 112.506195 112.52893
 112.62275  112.50792  112.47641  112.37207  112.571976 112.33509
 112.47735  112.43589  112.56188  112.425476 112.59118  112.43417
 112.46429  112.537674 112.46187  112.45942  112.48604  112.58882 ]
[157.74182 157.75433 157.74052 157.71889 157.71243 157.72849 157.75952
 157.72838 157.73471 157.67445 157.73624 157.70319 157.7039  157.6753
 157.7323  157.71562 157.72104 157.71388 157.77391 157.73303 157.73906
 157.71133 157.75475 157.73103]
[123.06816  123.058304 123.0567   123.04888  123.03631  123.04342
 123.03627  123.04642  123.05587  123.02048  123.03419  123.06254
 123.032394 123.03001  123.04241  123.05375  123.01209  123.054375
 123.077255 123.03555  123.04279  123.05792  123.05893  123.01588 ]
[84.81501  84.88867  84.83115  84.77718  84.80228  84.87996  84.98163
 84.82879  84.82113  84.61777  84.926384 84.584595 84.73999  84.63782
 84.87214  84.78343  84.910416 84.74646  84.88925  84.89804  84.8314
 84.73996  84.87613  84.8913  ]
[73.52976  73.638016 73.527504 73.51626  73.54264  73.61758  73.76867
 73.54634  73.56274  73.28977  73.70314  73.253815 73.46522  73.322914
 73.595314 73.49698  73.673416 73.46737  73.63626  73.673515 73.585655
 73.45627  73.65108  73.64336 ]
[80.824    80.81202  80.86301  80.84383  80.850624 80.84156  80.843575
 80.873924 80.83282  80.91022  80.83756  80.88749  80.87188  80.899155
 80.87981  80.84839  80.85998  80.853165 80.818344 80.850716 80.82311
 80.859856 80.81219  80.872856]
[28.315613 28.306173 28.33363  28.335085 28.325674 28.331196 28.323687
 28.329058 28.315939 28.356249 28.334846 28.34859  28.3412   28.35227
 28.336895 28.340368 28.332798 28.335054 28.308577 28.336926 28.32057
 28.341436 28.312496 28.338972]
[2.763201  2.7494874 2.7777755 2.7604108 2.756552  2.7624292 2.740731
 2.7611825 2.7554834 2.7914891 2.7566411 2.7952292 2.7716904 2.7887878
 2.7653086 2.781189  2.7552757 2.7672677 2.750556  2.753376  2.7586596
 2.771364  2.7476768 2.7622216]
[1.8858572 1.872856  1.9000754 1.8859463 1.8791192 1.8852042 1.8637433
 1.8826514 1.878199  1.9165496 1.880633  1.9187758 1.8945544 1.9112363
 1.8865399 1.9058043 1.8786442 1.8918235 1.8741027 1.876418  1.8841653
 1.8945544 1.8721733 1.8845215]
[0.96559167 0.952353   0.9775243  0.96600723 0.9577553  0.9667196
 0.9428841  0.9615251  0.95719135 0.99376094 0.96018934 0.99619496
 0.97158766 0.9878837  0.9653542  0.9848263  0.95722103 0.9725375
 0.9525608  0.9581412  0.96244526 0.9743185  0.9519671  0.9628905 ]
[2.2485847 2.234901  2.263842  2.2471898 2.240808  2.246893  2.2246008
 2.2443104 2.2404518 2.2775853 2.2418468 2.281711  2.2566586 2.2734594
 2.2486444 2.2682054 2.2398283 2.2525625 2.2368302 2.2367115 2.2464476
 2.2565398 2.2332091 2.246596 ]
[2.38863   2.3753614 2.402759  2.3893719 2.3813276 2.3888376 2.3655958
 2.3846521 2.3807044 2.418135  2.3831384 2.421222  2.39611   2.4127622
 2.3890157 2.4088736 2.3807044 2.3947148 2.3766675 2.3792202 2.3868785
 2.3977127 2.3746195 2.3867598]
[2.3099103 2.296256  2.324336  2.310029  2.3025784 2.3094354 2.2864308
 2.3059623 2.3020144 2.339801  2.3039439 2.3433332 2.3179543 2.3346956
 2.3106227 2.3299165 2.3017473 2.315461  2.2978292 2.299996  2.3077433
 2.3190527 2.2952466 2.3085446]
[2.8789651 2.8651328 2.8952315 2.8791137 2.8722866 2.878134  2.8556936
 2.8757    2.871396  2.9101324 2.8731472 2.913546  2.8883154 2.9054425
 2.880479  2.8999214 2.8715444 2.8839817 2.8675373 2.8679824 2.8776295
 2.8883154 2.863708  2.8783715]
[2.6811273 2.667562  2.6954048 2.6819286 2.6737955 2.6816318 2.6576777
 2.6772685 2.6732316 2.7105136 2.6754282 2.7140162 2.6885183 2.7052002
 2.6818693 2.7014306 2.6730535 2.6871827 2.6689868 2.6718068 2.6791089
 2.6905072 2.6666121 2.6795838]
[2.728353  2.7143724 2.7438774 2.7284718 2.721437  2.7274923 2.7047253
 2.7248209 2.7207246 2.7594314 2.7222977 2.7631714 2.7374954 2.7546227
 2.7299263 2.7488344 2.7205167 2.7336664 2.7165096 2.7177563 2.7264237
 2.7378516 2.7131553 2.7277594]
[3.0042872 2.9904847 3.020138  3.0048215 2.9975493 3.0040796 2.9809268
 3.0010815 2.9967477 3.0353062 2.9985585 3.0388384 3.0132813 3.0304677
 3.0058901 3.0252733 2.9969258 3.0097194 2.992592  2.9937499 3.0029218
 3.0138452 2.9891193 3.003753 ]
[2.700807  2.6868265 2.715441  2.7014008 2.6935349 2.7007775 2.6767638
 2.6969187 2.692852  2.731262  2.694544  2.7350912 2.7088513 2.7259784
 2.7016382 2.7211697 2.6924365 2.7067735 2.6884294 2.690893  2.69867
 2.710365  2.6857874 2.699501 ]
[3.1212387 3.1071987 3.137505  3.121595  3.1146789 3.120378  3.0974627
 3.1182408 3.113729  3.1532075 3.1150944 3.1569178 3.1310341 3.1485176
 3.1231978 3.1422248 3.113729  3.1266115 3.1094842 3.1103153 3.1196656
 3.1310341 3.1056254 3.1210606]
[3.9135108 3.9022608 3.929213  3.9157073 3.9078116 3.9162712 3.8966804
 3.9107502 3.9065056 3.9388897 3.9133623 3.9403443 3.9213173 3.934734
 3.917043  3.9344966 3.9102752 3.9187052 3.9043684 3.90796   3.9135108
 3.9231875 3.9018452 3.9152026]
[28.504753 28.491158 28.532803 28.512886 28.512085 28.513124 28.5312
 28.524225 28.507395 28.528528 28.522058 28.534851 28.536335 28.535593
 28.556046 28.526836 28.538206 28.50787  28.507454 28.525383 28.501043
 28.519773 28.478424 28.565811]
[78.61688  78.56705  78.62497  78.68524  78.65673  78.59208  78.71699
 78.65615  78.65394  78.666115 78.658554 78.719795 78.73477  78.70133
 78.75908  78.66344  78.69621  78.657936 78.65034  78.69562  78.59512
 78.69105  78.552414 78.78853 ]
[283.68945 283.63834 283.71823 283.6032  283.6782  283.7297  283.65408
 283.7467  283.69083 283.6195  283.58792 283.6961  283.61322 283.6549
 283.79758 283.676   283.6703  283.63864 283.6808  283.61685 283.5949
 283.6376  283.53647 283.7722 ]
[335.30078 334.81885 334.90964 335.49203 335.2894  334.52982 335.29108
 335.2681  335.3243  335.98755 334.87604 336.43387 336.05273 336.02206
 335.55618 335.19073 335.18112 335.61432 335.17502 335.4076  334.9194
 335.53076 334.73325 335.738  ]
[517.92145 517.7762  518.3633  518.37665 518.2851  517.9192  518.0275
 518.53314 518.06836 518.7715  517.9113  518.81323 518.64886 518.9293
 518.51575 518.2239  518.3427  518.28064 517.9669  517.9825  518.0105
 518.5025  517.75696 518.28674]
[833.81525 833.7232  833.7165  833.6444  833.5874  833.9275  833.8727
 833.62744 833.6323  833.18506 833.9531  833.34607 833.3598  833.1789
 833.5977  833.88605 833.33655 833.7635  834.01056 833.90405 833.66815
 833.7632  833.8941  833.473  ]
[535.2369  535.21533 535.6387  535.54614 535.4602  535.7073  535.59064
 535.5092  535.21844 535.2244  535.7371  535.1897  535.5802  535.5859
 535.6646  535.45013 535.7713  535.2847  535.1653  535.6138  535.34753
 535.503   535.2101  535.5413 ]
[351.65433 351.50912 351.77704 351.68408 351.59888 351.58624 351.3772
 351.62512 351.56494 351.7985  351.48465 351.9266  351.73398 351.8847
 351.58145 351.71237 351.46008 351.67722 351.5395  351.4543  351.61902
 351.74567 351.49652 351.45276]
[488.262   488.1059  488.2006  488.11768 488.14978 488.2255  487.55627
 488.0988  488.20703 488.37817 487.69736 488.5619  487.94763 488.23593
 488.1319  488.24466 487.89996 488.20905 488.03836 487.8042  488.11618
 488.22046 487.8911  488.01672]
[491.9793  491.91492 492.12192 492.08243 492.10822 492.1591  491.94766
 492.1466  491.98114 492.049   491.98685 492.16528 492.1606  492.26556
 492.18417 491.97528 492.17938 491.97916 491.83154 492.0443  491.9444
 492.14603 491.83014 492.11703]
[123.13787  123.0123   123.23777  123.48772  123.40397  123.220985
 123.37909  123.28275  123.12297  123.46455  123.40085  123.52638
 123.67913  123.625565 123.313995 123.21802  123.451294 123.26523
 123.0984   123.41102  123.2993   123.51059  123.1074   123.50351 ]
[3.5713534 3.5576103 3.5947437 3.6098228 3.5940611 3.5676432 3.562686
 3.6030254 3.5757763 3.702731  3.574678  3.666013  3.6292653 3.6683283
 3.5972965 3.6116335 3.596881  3.6230319 3.5590944 3.5815349 3.5848
 3.6145127 3.5706115 3.5913303]
[-6.2613263 -6.280294  -6.244674  -6.2272797 -6.241023  -6.2494235
 -6.2581797 -6.245802  -6.2643538 -6.185219  -6.2398357 -6.19825
 -6.2097073 -6.1915708 -6.243368  -6.229714  -6.2370753 -6.23004
 -6.278869  -6.2365704 -6.24972   -6.2201853 -6.268628  -6.232682 ]
[1.7167228 1.7048793 1.7304364 1.713339  1.7077882 1.7149419 1.6954104
 1.7110534 1.7079366 1.7389555 1.7117658 1.743497  1.7226298 1.7362543
 1.7157136 1.7343249 1.7083819 1.7182664 1.7061853 1.7059479 1.7144076
 1.7220361 1.7034248 1.7143185]
[1.394008  1.3814521 1.4062672 1.393919  1.3856968 1.3928801 1.3712708
 1.3888729 1.385489  1.422207  1.3885167 1.4249675 1.4006867 1.4163594
 1.3919599 1.4129755 1.385014  1.3998259 1.3821645 1.3846282 1.3923458
 1.4016069 1.3815114 1.3903867]
[1.5588977 1.546787  1.5713943 1.5553061 1.5483899 1.5575026 1.5348544
 1.5521003 1.5494585 1.5811601 1.5520409 1.5851376 1.5616583 1.5764405
 1.5559888 1.5764108 1.5478556 1.5614505 1.5472026 1.5472323 1.5555732
 1.5637658 1.5453622 1.553347 ]
[2.1342158 2.121096  2.147306  2.1306539 2.1239753 2.131307  2.108807
 2.1272106 2.1249843 2.158823  2.1261716 2.1643145 2.1391134 2.1546378
 2.1309805 2.1518774 2.1225207 2.1365013 2.1225207 2.1209474 2.1313958
 2.1395292 2.1197898 2.129229 ]
[1.4351785 1.4210197 1.4472299 1.4333678 1.4253237 1.4325961 1.4077216
 1.428767  1.4259174 1.4645945 1.425858  1.4691063 1.4407293 1.4583017
 1.4313494 1.4536414 1.4225335 1.4405808 1.4216727 1.4226522 1.4320618
 1.4421244 1.4203963 1.4292419]
[1.5527236 1.5384164 1.5655171 1.549221  1.5423939 1.549132  1.5244653
 1.5457481 1.5432547 1.5807445 1.542483  1.586414  1.5580963 1.5755796
 1.5489539 1.5706226 1.5393662 1.5561966 1.5394256 1.5383273 1.5491617
 1.558779  1.5369916 1.5469058]
[1.7659078 1.7513927 1.7787902 1.7629691 1.7558155 1.7619599 1.7374713
 1.7591103 1.7566466 1.7952644 1.755578  1.8010229 1.7721412 1.789862
 1.7619896 1.7840738 1.7525504 1.7698853 1.7526394 1.7514224 1.7627317
 1.772349  1.7502054 1.7601196]
[1.0610526 1.044994  1.0729555 1.0584108 1.0504557 1.0567188 1.028787
 1.054077  1.0511384 1.0941789 1.0477545 1.1001155 1.0670485 1.0872034
 1.0559767 1.0794264 1.0453205 1.0669001 1.0455283 1.045647  1.0568079
 1.0683843 1.0438067 1.0535724]
[1.0821573 1.065416  1.0948913 1.078625  1.0716791 1.0762503 1.0485857
 1.0750333 1.0724212 1.1169162 1.0676125 1.1239511 1.0896671 1.1105046
 1.0770518 1.1005311 1.0657128 1.087144  1.0665736 1.0647926 1.0779126
 1.0894296 1.0639021 1.0751817]
[1.1776181 1.1604316 1.1902038 1.1746498 1.1673181 1.1714144 1.1431264
 1.1706426 1.1678524 1.2146627 1.1623907 1.2217866 1.1859294 1.2076575
 1.1723049 1.1964076 1.1608472 1.1836141 1.1615002 1.1600754 1.1735219
 1.1854842 1.1590662 1.1706426]
[4.1586637 4.1504116 4.170715  4.158159  4.149432  4.162285  4.145306
 4.1523705 4.1497884 4.171012  4.160949  4.172288  4.159376  4.1675386
 4.1578026 4.176147  4.1542406 4.1605334 4.1512427 4.1547155 4.158159
 4.1633534 4.1505303 4.1562   ]
[45.043915 45.100285 45.083782 45.092213 45.094437 45.130444 45.22273
 45.08773  45.0866   44.975735 45.198597 44.922245 45.06799  45.000847
 45.12884  45.0717   45.185802 45.035873 45.104767 45.152824 45.102364
 45.04727  45.10824  45.16912 ]
[99.866165 99.865135 99.88994  99.903946 99.929405 99.93402  99.962006
 99.93349  99.89953  99.883316 99.93436  99.87435  99.92142  99.92013
 99.95263  99.86673  99.945    99.88308  99.86885  99.93622  99.86756
 99.90413  99.864586 99.97372 ]
[297.52286 297.5319  297.51666 297.4878  297.51224 297.51785 297.51886
 297.53268 297.5295  297.4936  297.47375 297.49542 297.47165 297.48642
 297.5369  297.48447 297.51154 297.50058 297.5229  297.4803  297.50613
 297.49997 297.51144 297.51193]
[485.01517 484.96063 484.96057 484.95978 484.93106 484.95105 484.7311
 484.90564 484.93756 485.09372 484.83026 485.1107  484.909   485.0211
 484.88522 484.99536 484.8571  484.9983  484.91925 484.80673 484.96222
 485.02286 484.95193 484.82516]
[766.24805 766.1077  766.23456 766.1714  766.3235  766.12604 766.1679
 766.30255 766.27844 766.41754 766.01855 766.553   766.44293 766.55237
 766.19775 766.23193 766.2269  766.1903  766.0954  766.03186 766.2322
 766.2441  765.94635 766.3681 ]
[458.91406 458.9873  458.7113  458.8894  459.0107  458.91953 459.03732
 458.84305 458.79477 458.82935 458.96545 458.67084 458.85486 458.66858
 458.91168 458.70294 459.12384 458.83722 458.94064 459.0993  459.00317
 458.95056 459.03857 459.01807]
[570.1548  569.9778  570.381   570.29816 570.34076 570.3958  570.3656
 570.4016  570.225   570.2811  570.38556 570.1986  570.33466 570.44293
 570.38086 570.2475  570.14075 570.231   570.09314 570.26904 569.95734
 570.3035  569.89886 570.3    ]
[581.7487  581.56287 581.54626 581.2641  581.3432  581.45337 580.9515
 581.28937 581.4043  581.08093 580.9917  581.63025 581.15094 581.2013
 581.26337 581.2274  580.95483 581.26587 581.54126 581.08923 581.3818
 581.4523  581.31683 581.02295]
[527.8038  527.83636 527.9516  527.8617  527.7585  527.7951  527.77783
 527.78357 527.78937 527.7903  527.90076 527.7076  527.8165  527.8179
 527.7949  527.93317 527.7946  527.79877 527.83246 527.7639  527.82495
 527.8788  527.8617  527.6506 ]
[240.3541  240.35625 240.34702 240.24863 240.33871 240.3932  240.34901
 240.36679 240.33263 240.27187 240.32608 240.30272 240.29121 240.27837
 240.4026  240.32683 240.3542  240.3101  240.34679 240.37631 240.2999
 240.26543 240.30647 240.44373]
[207.7042  207.71957 207.60449 207.69025 207.73422 207.70515 207.70274
 207.6042  207.76808 207.85527 207.69603 207.69269 207.62195 207.62857
 207.60593 207.70032 207.66653 207.72276 207.71584 207.66917 207.79533
 207.57336 207.71156 207.78638]
[35.472477 35.440273 35.469955 35.51887  35.49361  35.48242  35.452057
 35.489872 35.454758 35.56714  35.47028  35.56316  35.526382 35.55589
 35.47886  35.491653 35.482037 35.52193  35.434513 35.499607 35.471943
 35.532585 35.455616 35.47999 ]
[0.32983875 0.31559086 0.3438195  0.32743442 0.32318974 0.32784998
 0.30683434 0.32687044 0.32137907 0.36008584 0.32298195 0.3647164
 0.34043562 0.35732532 0.33069956 0.34812355 0.3220024  0.33420217
 0.31654072 0.3199246  0.32654393 0.33794224 0.31422544 0.33001685]
[1.373586  1.3603771 1.3863201 1.3737345 1.3658388 1.3716567 1.3497208
 1.3689852 1.3653045 1.4051986 1.3672042 1.407781  1.381927  1.3988167
 1.3718348 1.3930879 1.3645327 1.3802944 1.3612972 1.3635532 1.3720722
 1.3819864 1.3605255 1.3703209]
[0.11365664 0.09979463 0.12502527 0.10994625 0.10303009 0.11190534
 0.08587325 0.10706699 0.10368311 0.14072764 0.10374248 0.14434898
 0.11650622 0.13425672 0.11000562 0.13134778 0.10050702 0.11834657
 0.09923065 0.10121942 0.10872924 0.11944485 0.0982511  0.10679984]
[1.82284   1.8086218 1.8357818 1.8182985 1.8120353 1.8186843 1.7943442
 1.8154192 1.8132523 1.8491095 1.8121244 1.8560851 1.8279455 1.8448648
 1.8186547 1.8402936 1.8088889 1.8250662 1.8098685 1.8074938 1.8191296
 1.8280642 1.8067517 1.8167846]
[1.3195034 1.30484   1.3315845 1.3173069 1.3095299 1.3160008 1.2907702
 1.3130028 1.3101532 1.3500473 1.3089659 1.3553013 1.3255588 1.3438436
 1.3153478 1.3379366 1.3059679 1.324787  1.3056117 1.3058195 1.3161196
 1.3265086 1.3040385 1.3132403]
[1.1025199 1.0870847 1.1150461 1.0988688 1.0919824 1.0981268 1.0717088
 1.0954256 1.0927244 1.1334497 1.0902014 1.1394753 1.1083674 1.1274537
 1.0980377 1.1206266 1.087619  1.1068536 1.0878267 1.0869362 1.0984236
 1.1090205 1.0856302 1.0958412]
[1.4645945 1.4490108 1.477566  1.4612997 1.4545319 1.4595187 1.433635
 1.4577674 1.4551553 1.496771  1.452187  1.5033606 1.4717184 1.4910718
 1.4602014 1.482909  1.449842  1.4689876 1.4502575 1.4485656 1.4609731
 1.4715106 1.4476157 1.4584204]
[1.5701476 1.5556029 1.5820506 1.5675652 1.5596101 1.56712   1.5410879
 1.5631127 1.5604413 1.5989699 1.5593727 1.6044613 1.5749563 1.5928552
 1.5656655 1.5882543 1.5561372 1.5750157 1.5561669 1.5563747 1.5664076
 1.5767373 1.554475  1.5631721]
[1.0626851 1.0461516 1.0752411 1.0590638 1.0520883 1.0571938 1.029351
 1.0555612 1.0528897 1.0966129 1.0483779 1.1034994 1.069631  1.0902607
 1.0576093 1.0809106 1.0463297 1.0675828 1.0471015 1.0456173 1.058292
 1.0698091 1.0446081 1.0554721]
[1.1943891 1.1778556 1.2070044 1.1913021 1.1841187 1.1886306 1.161055
 1.1874136 1.1847718 1.2294449 1.1801412 1.2364204 1.2021067 1.2229443
 1.1892836 1.2129707 1.1781821 1.1998508 1.1789539 1.1773213 1.1904413
 1.2018692 1.1764605 1.1873839]
[1.0063466  0.9888929  1.0185167  1.0034673  0.99569035 1.0005287
 0.97108305 0.99916327 0.9961356  1.0435098  0.99073327 1.0502776
 1.0140048  1.0358219  1.000588   1.0249579  0.989071   1.0127285
 0.98954594 0.9890413  1.0018941  1.014272   0.9875275  0.99883676]
[4.6061068 4.5975285 4.618989  4.605246  4.5972314 4.608125  4.591948
 4.600022  4.5978546 4.620444  4.6074424 4.62267   4.6085405 4.617446
 4.6055427 4.6238575 4.6012983 4.6076207 4.5991015 4.600437  4.6059585
 4.610915  4.597558  4.6040287]
[39.522087 39.571182 39.558865 39.584095 39.585163 39.608284 39.700302
 39.569637 39.568985 39.480026 39.673172 39.431908 39.56566  39.50493
 39.61164  39.545982 39.667324 39.522026 39.57875  39.628887 39.589138
 39.54141  39.585697 39.661625]
[171.94336 172.11842 172.09224 172.02428 171.96078 172.08537 172.3471
 172.05243 171.99495 171.68983 172.29779 171.58179 171.93474 171.77797
 172.12407 172.0436  172.19551 171.93776 172.14699 172.15614 172.03377
 171.91821 172.17401 172.0612 ]
[242.89795 242.87975 242.92848 242.88478 242.91628 242.89821 242.91255
 242.95772 242.90909 242.94202 242.84557 242.94206 242.90868 242.94681
 242.96254 242.8508  242.91063 242.88219 242.87558 242.85832 242.85335
 242.8988  242.8241  242.93997]
[393.32587 393.2869  393.3352  393.28552 393.27216 393.32202 393.21973
 393.26614 393.24976 393.33893 393.28955 393.34778 393.29068 393.31158
 393.2819  393.37024 393.27252 393.32153 393.28748 393.2979  393.32516
 393.3337  393.3051  393.27292]
[383.13315 383.23788 381.84048 382.47876 382.3909  382.27567 382.43787
 382.54498 382.37805 382.29666 382.36185 382.7574  382.40277 381.74496
 382.43375 382.83212 382.68488 383.14938 383.41953 383.21826 382.65796
 382.4726  383.31824 382.66882]
[510.90445 510.63123 511.38217 510.67203 510.88712 510.7651  511.1087
 511.1156  510.70474 510.63046 510.90265 510.75098 511.29233 511.0771
 510.9402  510.844   510.89008 510.54587 510.73215 511.1353  510.61295
 510.8517  510.1889  510.9029 ]
[626.01294 626.13116 626.20776 626.0191  625.9318  626.16064 626.1635
 625.9159  626.038   625.64404 626.2751  625.6123  625.824   625.6758
 625.9717  626.0363  626.0158  625.83356 626.1827  626.0444  626.1868
 626.0019  626.22375 625.91626]
[572.34076 572.1247  572.12823 572.2328  572.22046 571.93207 571.4966
 572.13025 572.16394 573.04443 571.6774  573.1167  572.4181  572.83057
 571.9898  572.35455 571.97046 572.4916  571.9373  571.87866 572.24365
 572.5139  572.1174  571.8308 ]
[305.91183 305.44333 305.7978  305.86804 305.58237 305.42548 304.6098
 305.67212 305.6632  306.45178 304.78    307.10706 305.99207 306.5768
 305.3444  305.76685 305.05722 305.9616  305.40265 304.88162 305.67984
 306.01794 305.31146 305.07944]
[293.52722 293.85068 292.73035 292.99008 293.47498 293.97034 293.43207
 293.10178 293.68488 292.58276 293.87936 292.29654 292.53522 292.26886
 293.40256 293.47885 293.48947 293.4279  293.45636 294.228   293.2282
 293.3678  294.0586  293.33646]
[61.022575 61.05558  61.030735 60.986034 61.002983 61.057747 61.082977
 61.01943  61.02201  60.918446 61.061813 60.89897  60.95656  60.91456
 61.048042 61.008327 61.053238 60.979977 61.054897 61.045963 61.018654
 60.97072  61.038692 61.051514]
[24.607508 24.597506 24.619204 24.667528 24.648146 24.622677 24.636242
 24.648857 24.619501 24.73948  24.648233 24.691393 24.681597 24.70852
 24.640219 24.648146 24.64963  24.677145 24.598515 24.661264 24.626417
 24.668003 24.629652 24.644077]
[-2.910073  -2.9250927 -2.8963892 -2.9118838 -2.9151785 -2.9104292
 -2.9331071 -2.9117947 -2.9179986 -2.8776295 -2.916544  -2.874127
 -2.8985264 -2.880123  -2.9077876 -2.8914914 -2.917197  -2.904374
 -2.925152  -2.9187703 -2.9142585 -2.9004557 -2.9264286 -2.9089155]
[1.6756711 1.662195  1.6889988 1.672495  1.6662912 1.6727028 1.6499062
 1.6696454 1.6665881 1.7027124 1.6672708 1.7078476 1.6819936 1.6983787
 1.6731777 1.6939559 1.6645993 1.6789066 1.6633526 1.6626402 1.6727622
 1.6817858 1.6607108 1.6713967]
[0.6434705  0.629935   0.6548095  0.64201605 0.63394225 0.642491
 0.61773527 0.63765264 0.6342391  0.67122424 0.63533735 0.67469716
 0.64801204 0.66502047 0.6405022  0.6618147  0.63198316 0.64943683
 0.6298163  0.6329627  0.6398492  0.6504164  0.62934136 0.6377417 ]
[1.5328656 1.5189146 1.5456887 1.5289772 1.5225953 1.5295708 1.5054978
 1.5260385 1.5234858 1.5591055 1.5230999 1.5651312 1.5380305 1.5547718
 1.5294521 1.5505271 1.5200425 1.5355965 1.5199832 1.5187068 1.5292443
 1.5385351 1.5172226 1.5273149]
[1.7462872 1.7321284 1.7590213 1.7437938 1.7365215 1.7430518 1.7187413
 1.739846  1.7371448 1.7750205 1.736759  1.7804228 1.7523129 1.7697369
 1.7427253 1.7646314 1.7336125 1.7505616 1.7333157 1.7326924 1.7432595
 1.7529066 1.7311192 1.7406771]
[1.3134481 1.2988143 1.3254994 1.3106875 1.3031183 1.3103907 1.2845367
 1.3066803 1.3038307 1.3425375 1.3027622 1.3477618 1.3185239 1.3366009
 1.3094112 1.3315845 1.2997345 1.318138  1.2993783 1.2997048 1.3095893
 1.3200377 1.2975676 1.3069475]
[1.738154  1.7237281 1.7512146 1.7349186 1.7280618 1.7342656 1.709777
 1.731416  1.7289226 1.766828  1.727854  1.7728239 1.7442094 1.7618709
 1.7345624 1.7562904 1.7248857 1.741716  1.7250044 1.7235203 1.7347999
 1.7444766 1.722333  1.732544 ]
[1.6970726 1.6825576 1.709688  1.694787  1.6872178 1.6938372 1.6686659
 1.690572  1.6878709 1.7268745 1.6868616 1.7323065 1.7031577 1.7211753
 1.6933326 1.7155355 1.6839527 1.7018813 1.6836262 1.6832403 1.6939262
 1.7040778 1.6815187 1.691225 ]
[1.6175812 1.6030068 1.6302856 1.6150285 1.6076374 1.6142567 1.5889074
 1.6109916 1.6082311 1.6472347 1.6071922 1.6526964 1.6234585 1.6415355
 1.6139896 1.6360738 1.6042535 1.6221524 1.6039567 1.6035411 1.6141974
 1.6245271 1.6017601 1.6116446]
[1.5447389 1.5291553 1.5578588 1.5420674 1.5348841 1.5399005 1.5140465
 1.5381789 1.5354778 1.5775981 1.5326282 1.5837722 1.5522784 1.5717208
 1.5408207 1.5634986 1.5303723 1.5495772 1.5305207 1.5290068 1.541355
 1.5521597 1.5278492 1.5388023]
[1.3757232 1.3597834 1.3879824 1.3732002 1.3653935 1.3712114 1.3437545
 1.3688368 1.3660169 1.4089683 1.3626627 1.4152315 1.3823426 1.4022896
 1.3708552 1.3942158 1.3603177 1.3814224 1.3606442 1.3600802 1.3718941
 1.3831737 1.3586258 1.368718 ]
[1.9683466 1.9530301 1.9813775 1.9655861 1.9585215 1.9638941 1.9387228
 1.9616085 1.9584324 2.0001373 1.9570373 2.0054207 1.9752924 1.9937553
 1.964369  1.9868095 1.954722  1.9729475 1.9542768 1.9535941 1.9651705
 1.9755299 1.9518428 1.9627662]
[17.279312 17.286911 17.302525 17.294895 17.290592 17.306976 17.32449
 17.287386 17.282932 17.27106  17.32912  17.259365 17.294153 17.279638
 17.307035 17.30187  17.319918 17.27768  17.291838 17.309292 17.298725
 17.290562 17.291838 17.319681]
[101.329895 101.40364  101.37186  101.389084 101.39223  101.48801
 101.59339  101.39367  101.37478  101.13782  101.589745 101.06165
 101.32234  101.196365 101.442604 101.38769  101.5077   101.3171
 101.432465 101.528076 101.36112  101.31488  101.4162   101.470116]
[280.56525 280.56525 280.62003 280.70923 280.68738 280.61963 280.67123
 280.7135  280.6533  280.76822 280.6049  280.79556 280.7893  280.86948
 280.78326 280.59088 280.8026  280.65918 280.53088 280.60562 280.6414
 280.71295 280.60965 280.77615]
[308.72958 308.94904 308.54306 308.725   308.62674 308.71927 308.5766
 308.54202 308.80835 308.6483  308.6487  308.71814 308.45984 308.4884
 308.61862 308.77823 308.72772 308.79428 308.88156 308.52383 308.98444
 308.62018 309.1433  308.70148]
[608.0531  607.5204  608.99817 607.68207 607.9852  607.8503  608.50446
 608.42035 607.6398  607.36884 608.14636 607.54767 608.7317  608.2857
 608.081   607.9681  608.032   607.3487  607.72955 608.4922  607.49866
 607.96875 606.6891  607.9015 ]
[805.74475 805.84906 805.70715 805.62994 805.5404  805.54065 805.54803
 805.6888  805.6602  805.6297  805.60754 805.4411  805.4505  805.4825
 805.5731  805.9104  805.45776 805.80414 805.8491  805.4852  805.56964
 805.694   805.8463  805.26807]
[943.3962  943.5219  943.31866 943.33905 943.27637 943.5115  943.65643
 943.3133  943.4282  942.88403 943.5449  942.8076  943.      942.8161
 943.3201  943.31775 943.31464 943.2726  943.6082  943.36615 943.40424
 943.2098  943.5505  943.3002 ]
[615.665   615.5772  615.6137  615.52496 615.43805 615.7056  615.49634
 615.4332  615.44525 615.2041  615.6255  615.3082  615.32086 615.197
 615.391   615.5948  615.31134 615.52075 615.6781  615.60925 615.5465
 615.4842  615.5832  615.30756]
[422.0478  422.17117 422.3256  422.23077 422.09665 422.11734 422.39996
 422.1589  422.18106 422.1303  422.438   421.86172 422.17914 422.14764
 422.23328 422.28738 422.26538 422.12164 422.21057 422.1767  422.16925
 422.14474 422.24722 422.0931 ]
[135.0592  135.11465 134.93074 134.89    135.04596 135.19255 134.93471
 135.00023 135.12364 134.78662 135.00739 134.8283  134.75293 134.75116
 135.09216 135.02332 134.99968 134.99503 135.04759 135.127   134.95656
 134.98906 135.08313 135.02054]
[186.99957 186.99313 186.96754 187.0408  187.09387 187.02849 187.09015
 187.07811 187.05061 187.1739  187.0601  187.0843  187.09265 187.12207
 187.04724 186.9893  187.04253 187.08464 186.99582 187.09187 187.00333
 187.02827 187.03706 187.09875]
[25.660309 25.619465 25.640955 25.718548 25.680613 25.673103 25.617002
 25.6761   25.636118 25.785929 25.64342  25.772718 25.71172  25.758085
 25.652058 25.682453 25.657549 25.733746 25.601181 25.69118  25.653719
 25.732023 25.639917 25.646685]
[-0.63343763 -0.64836824 -0.6187742  -0.63320017 -0.63765264 -0.63394225
 -0.65347373 -0.6355748  -0.64168954 -0.6024188  -0.6369996  -0.5972836
 -0.6188632  -0.6032796  -0.63109267 -0.6147076  -0.6382166  -0.6287477
 -0.6468247  -0.6405319  -0.6350702  -0.6227517  -0.6489916  -0.62951946]
[1.9409491 1.9281557 1.9542768 1.9388119 1.9318957 1.9385448 1.9172026
 1.9351015 1.9322222 1.9674561 1.9342407 1.9716117 1.9473013 1.9627662
 1.9388713 1.9594417 1.931124  1.9444517 1.9295508 1.9292243 1.9389306
 1.947331  1.9272949 1.9372387]
[0.5533229  0.5399655  0.5645728  0.55059206 0.5428448  0.55201685
 0.52651906 0.54691136 0.54358685 0.5802455  0.544418   0.5833919
 0.5563209  0.57344806 0.5497016  0.57134056 0.540856   0.55854714
 0.53952026 0.5417465  0.5491079  0.5593189  0.53886724 0.5466145 ]
[1.8876085 1.8739543 1.900491  1.8828889 1.8767742 1.8839278 1.8603001
 1.8801581 1.8780506 1.9121268 1.8779022 1.9187461 1.8921204 1.9083273
 1.8837794 1.9048247 1.8744292 1.8893005 1.8751713 1.872856  1.8839872
 1.8924469 1.872114  1.88185  ]
[1.7707758 1.7570028 1.7833911 1.7683715 1.7609507 1.7677184 1.7441204
 1.7642752 1.7616631 1.7988857 1.7619302 1.8039318 1.7765937 1.7934834
 1.7673029 1.7890309 1.7586057 1.7749314 1.7581011 1.7577449 1.768045
 1.7772467 1.7561717 1.7654328]
[1.360941  1.3464557 1.3731705 1.3575275 1.3503145 1.3577353 1.3322375
 1.3538171 1.351116  1.389051  1.3504629 1.3942455 1.3655716 1.3832331
 1.3567854 1.3787509 1.3472275 1.3648295 1.347079  1.3468416 1.3569635
 1.3670261 1.3450309 1.3544701]
[1.783777  1.7691729 1.7968376 1.7801853 1.773477  1.7795917 1.7549547
 1.7767421 1.7743675 1.8125696 1.7729723 1.8188921 1.7898324 1.8075829
 1.7797995 1.801765  1.7700931 1.7871015 1.7705383 1.7686683 1.7803931
 1.7899214 1.7677184 1.7779888]
[1.6818452 1.6675082 1.694045  1.6792628 1.6714264 1.6786988 1.6534681
 1.6748697 1.6723169 1.7102519 1.6716045 1.7157433 1.6868023 1.704434
 1.6776302 1.6999816 1.6683394 1.686357  1.6683097 1.6681613 1.6783426
 1.6882864 1.6664397 1.6753743]
[1.0952475 1.0790108 1.1077144 1.0917449 1.0845913 1.090142  1.0624477
 1.0880642 1.0854521 1.1283442 1.0814745 1.1350229 1.1018075 1.1221107
 1.0902311 1.1134433 1.0791593 1.1000859 1.0798123 1.078625  1.0908544
 1.1022824 1.0774376 1.0880642]
[1.1766089 1.1598676 1.1894023 1.1734031 1.1662792 1.170702  1.1430967
 1.1696631 1.1670213 1.2118725 1.1621829 1.2189074 1.1845046 1.2054312
 1.1715628 1.1951905 1.1602535 1.1818925 1.1610847 1.159274  1.172572
 1.1840594 1.1585022 1.1697224]
[1.1468961 1.1298877 1.1590365 1.1441356 1.1363883 1.1413454 1.112434
 1.1397722 1.1368632 1.1830205 1.1317874 1.1897882 1.1541685 1.1756294
 1.141286  1.1655074 1.1300064 1.1531296 1.1306001 1.1299471 1.1425921
 1.1547028 1.1285816 1.1393566]
[3.8947806 3.8856087 3.9075444 3.8934152 3.885668  3.8962946 3.8790784
 3.8884583 3.8862023 3.9102457 3.8949587 3.9126499 3.8973334 3.90701
 3.8938308 3.9123828 3.8890815 3.8962946 3.886974  3.8882504 3.8941276
 3.89953   3.8853712 3.892406 ]
[48.09757  48.144554 48.132504 48.150105 48.14892  48.17599  48.254353
 48.137104 48.138973 48.048737 48.232952 48.00451  48.12642  48.071148
 48.174713 48.12253  48.22526  48.09442  48.15076  48.189465 48.156578
 48.109917 48.15512  48.213776]
[93.14727  93.15576  93.16732  93.200226 93.23403  93.252884 93.28451
 93.21517  93.19258  93.13129  93.2708   93.09805  93.203384 93.176155
 93.2475   93.16666  93.26885  93.160866 93.156624 93.26366  93.1579
 93.188354 93.151085 93.28829 ]
[290.70886 290.7536  290.6806  290.70218 290.7174  290.7476  290.79544
 290.6929  290.7313  290.59702 290.7593  290.54883 290.6277  290.57623
 290.71463 290.68546 290.74207 290.6765  290.75394 290.72168 290.72656
 290.66028 290.74335 290.72498]
[514.2725  514.3126  514.0452  514.09656 513.95935 514.20905 513.92615
 513.9243  514.1189  513.82654 514.06    513.8882  513.707   513.6797
 513.91547 514.1241  513.8849  514.1169  514.3069  513.9305  514.1918
 514.0953  514.3831  513.7568 ]
[514.2694  514.3229  514.2934  514.35333 514.49786 514.2507  514.51166
 514.497   514.21405 514.6675  514.45154 514.4205  514.6633  514.6096
 514.52167 514.42993 514.72266 514.45667 514.2623  514.62744 514.32135
 514.4188  514.3288  514.66455]
[538.7652  538.7586  538.85364 538.68286 538.68225 538.7782  538.6891
 538.68463 538.71014 538.58417 538.7665  538.66376 538.67615 538.64355
 538.689   538.7427  538.6626  538.63464 538.7706  538.70306 538.7833
 538.7501  538.767   538.6477 ]
[802.74664 801.59076 801.54584 802.1661  802.20264 800.6572  798.0151
 802.029   801.9237  806.4842  798.8292  807.3239  803.24854 805.66895
 801.28033 802.4836  800.8831  803.6242  800.4543  800.27277 801.87695
 803.6259  801.3871  800.22504]
[534.2837  534.1485  534.0141  534.318   534.485   534.0129  533.5907
 534.1991  534.4688  534.78595 533.5899  535.09235 534.5639  534.7844
 534.05084 533.71497 534.23944 534.09216 533.91815 533.8785  534.3431
 534.2787  533.96344 534.39954]
[578.21075 578.3205  578.3473  578.6927  578.48645 577.8629  578.7261
 578.5392  578.66235 578.9773  578.4763  578.88116 579.0034  578.94476
 578.4682  578.2721  578.5785  578.5254  578.53125 578.4202  578.6096
 578.61346 578.6723  578.65936]
[353.70602 353.65567 353.81897 353.86243 353.88025 353.67358 353.6881
 353.92264 353.8302  354.07574 353.6822  354.15915 354.0873  354.24765
 353.85968 353.7458  353.81467 353.855   353.6031  353.76706 353.71088
 353.94553 353.68326 353.80347]
[221.60457 221.57503 221.67035 221.66957 221.62549 221.68323 221.63217
 221.67845 221.57892 221.60956 221.6494  221.6419  221.65742 221.67738
 221.70026 221.6503  221.66335 221.64905 221.57246 221.68134 221.56981
 221.6918  221.56613 221.64697]
[21.590101 21.576328 21.610256 21.595978 21.588943 21.586895 21.563238
 21.608564 21.582325 21.653357 21.569977 21.64739  21.606962 21.637772
 21.60717  21.610226 21.590399 21.611532 21.577337 21.579416 21.582354
 21.60613  21.57247  21.591557]
[-7.02065   -7.0388756 -7.003523  -6.9935493 -7.001801  -7.012428
 -7.022609  -7.002573  -7.0210357 -6.9403276 -7.0058084 -6.9545755
 -6.972118  -6.948431  -7.001475  -6.989898  -7.0015635 -6.989186
 -7.0381927 -7.001831  -7.013526  -6.983843  -7.028516  -6.995301 ]
[-0.1849258  -0.19890654 -0.17130125 -0.18629122 -0.19199038 -0.18682551
 -0.20873165 -0.18884397 -0.19329643 -0.15396631 -0.19166386 -0.15016687
 -0.17530847 -0.15812194 -0.18519294 -0.16601765 -0.19347453 -0.17979062
 -0.19804573 -0.19534457 -0.18750823 -0.17649579 -0.1996783  -0.18635058]
[0.86541116 0.85190535 0.8776109  0.8649659  0.85701084 0.86368954
 0.8405664  0.86033535 0.8567437  0.8957176  0.8581685  0.8990718
 0.8725945  0.88966227 0.86312556 0.8843787  0.85525954 0.87173367
 0.8523803  0.85508144 0.8630365  0.87333655 0.85169756 0.8614336 ]
[1.0765471 1.062507  1.0883017 1.0747068 1.0666924 1.0741428 1.0492684
 1.0703137 1.0672563 1.105696  1.0671376 1.1102968 1.0819495 1.0996406
 1.0728664 1.0948913 1.0640802 1.0821276 1.0628929 1.064288  1.0732226
 1.083404  1.061765  1.0706402]
[1.3498693 1.3353245 1.3624846 1.3460995 1.3394208 1.3458917 1.3208392
 1.3428344 1.340341  1.3784244 1.3388568 1.3845985 1.3554497 1.3733189
 1.3458323 1.3677088 1.3359479 1.3534312 1.3362447 1.3349386 1.3460698
 1.3558356 1.3337216 1.3437545]
[1.3099158 1.2954007 1.3220562 1.3078973 1.2999719 1.3067694 1.2814497
 1.3034449 1.3005359 1.3402519 1.2996454 1.345209  1.3158227 1.3340185
 1.3059679 1.328349  1.2967365 1.3153181 1.2960241 1.2965584 1.306621
 1.31701   1.2945399 1.3038901]
[1.4280546 1.4134802 1.4401059 1.4255909 1.4177842 1.4247597 1.3991432
 1.4212571 1.4184966 1.4578861 1.4173687 1.4629916 1.4334569 1.451623
 1.4238396 1.4462206 1.4143707 1.4331007 1.4141035 1.4143113 1.4244629
 1.4347926 1.4124116 1.4215243]
[1.4197136 1.4044565 1.4323883 1.4160923 1.4092652 1.4151127 1.389229
 1.412649  1.410126  1.4504653 1.4076623 1.4567878 1.4259768 1.4448849
 1.4153205 1.4378203 1.4050205 1.4238099 1.4054954 1.4040112 1.4158845
 1.4262439 1.4029427 1.4133021]
[1.2942134 1.2786891 1.3063835 1.2912451 1.2835869 1.2900578 1.2630758
 1.2871488 1.2843883 1.3255885 1.2817465 1.3317032 1.2998829 1.3192066
 1.289286  1.3124092 1.2790453 1.2993189 1.2793422 1.278986  1.2901468
 1.3011296 1.2774128 1.2870004]
[1.2259719 1.2099727 1.2379045 1.222974  1.215197  1.2214601 1.193647
 1.2187293 1.2159687 1.2585046 1.2127036 1.264649  1.2317898 1.2516181
 1.2206883 1.2443458 1.2101508 1.231404  1.2105961 1.2102102 1.2216976
 1.2330365 1.208726  1.2183731]
[1.033477  1.0158749 1.0462407 1.0301228 1.0231175 1.0267982 0.998065
 1.026442  1.0235925 1.0712636 1.0175371 1.0785953 1.0421444 1.0642287
 1.0280746 1.0521476 1.0162311 1.0392652 1.0170325 1.0153109 1.0292026
 1.0413133 1.0143313 1.0265608]
[4.8908567 4.88308   4.9043036 4.889788  4.8823676 4.89335   4.878687
 4.885128  4.8817444 4.9034424 4.8935285 4.9039474 4.8926377 4.9002666
 4.891035  4.9084888 4.8875623 4.8918066 4.8846235 4.8864636 4.890946
 4.8956656 4.882872  4.8892245]
[29.247484 29.29272  29.277374 29.29373  29.294651 29.322731 29.406288
 29.290703 29.28619  29.184555 29.37429  29.156742 29.273872 29.219582
 29.327034 29.254667 29.365208 29.24122  29.298271 29.336266 29.29459
 29.25995  29.305485 29.357578]
[125.6024   125.617836 125.71276  125.658295 125.697716 125.74438
 125.75554  125.74953  125.66456  125.64179  125.77661  125.592545
 125.71356  125.73827  125.77735  125.71224  125.7625   125.66637
 125.599525 125.77627  125.5816   125.66057  125.61276  125.75364 ]
[335.08777 335.13315 335.05798 335.04688 335.06186 335.11392 335.08755
 335.08905 335.10568 335.009   335.0554  335.01852 334.9826  334.9961
 335.1186  335.0519  335.09384 335.07324 335.11142 335.04807 335.08115
 335.04498 335.1408  335.08545]
[540.50653 540.57684 540.3217  540.56335 540.4733  540.5356  540.3765
 540.3921  540.53906 540.5478  540.4733  540.5779  540.3414  540.4183
 540.4984  540.5076  540.46063 540.6007  540.5547  540.36414 540.56586
 540.5647  540.7431  540.48535]
[758.445   758.1723  758.26526 758.2466  758.2364  757.89264 757.39996
 758.15076 758.25824 759.1434  757.63226 759.1946  758.5152  758.917
 757.9206  758.3365  758.0186  758.42944 757.9172  757.9424  758.24396
 758.53595 758.00006 757.73615]
[774.8046  774.8625  774.70654 774.8507  774.8846  774.7848  774.7203
 774.80505 774.9308  774.90485 774.63544 774.8352  774.7485  774.82965
 774.78955 774.5919  774.8697  774.7271  774.7407  774.60175 774.81726
 774.76953 774.75726 774.8114 ]
[803.24536 803.2456  803.1346  803.24    803.2725  803.2178  803.11676
 803.1937  803.3216  803.3391  803.096   803.337   803.1708  803.23193
 803.1703  803.1449  803.179   803.2185  803.2147  803.1008  803.2546
 803.19214 803.1986  803.25415]
[570.05994 570.0405  570.058   569.9707  569.9241  570.0401  569.9859
 569.9006  569.9351  569.85175 570.0806  569.8669  569.9124  569.81134
 569.8983  570.0782  569.91425 569.9727  570.0906  570.057   570.0642
 569.97894 570.07214 569.8994 ]
[556.528   556.57056 556.5755  556.56177 556.4912  556.4788  556.5754
 556.49963 556.5217  556.4813  556.5936  556.4053  556.5182  556.4729
 556.4895  556.5762  556.5247  556.51776 556.5826  556.50323 556.5636
 556.5769  556.6112  556.4224 ]
[358.23962 358.30576 358.4906  358.4495  358.3596  358.32666 358.49805
 358.46027 358.41147 358.48294 358.52582 358.31473 358.477   358.55386
 358.50873 358.4664  358.4596  358.40833 358.31525 358.40158 358.29605
 358.43192 358.37833 358.35825]
[187.16753 187.16129 187.15765 187.10217 187.14594 187.20241 187.14221
 187.1926  187.14066 187.09416 187.12163 187.13037 187.10432 187.10918
 187.2095  187.14584 187.15524 187.15378 187.14911 187.18399 187.10136
 187.12599 187.12341 187.19475]
[27.399473 27.38368  27.412058 27.424852 27.411287 27.405558 27.388134
 27.424555 27.394604 27.478727 27.397245 27.465042 27.432777 27.461006
 27.420073 27.422537 27.410812 27.437378 27.384127 27.413631 27.396593
 27.433014 27.391785 27.410425]
[-6.926703  -6.946086  -6.9088635 -6.900671  -6.909754  -6.9180946
 -6.929879  -6.9120097 -6.929523  -6.854128  -6.912307  -6.8632703
 -6.8795066 -6.8586397 -6.909368  -6.897109  -6.9084773 -6.89981
 -6.9446316 -6.9095163 -6.919163  -6.8907566 -6.9375668 -6.901057 ]
[0.98687446 0.97280467 1.0004693  0.98387647 0.97829604 0.9834609
 0.9609908  0.9815612  0.9779695  1.0163498  0.97829604 1.0213366
 0.995067   1.0121051  0.9850638  1.0052483  0.97633696 0.99061453
 0.9740217  0.97405136 0.98390615 0.9937906  0.9714689  0.9838171 ]
[0.5647806  0.5507108  0.5766835  0.56365263 0.55590534 0.5628512
 0.53851104 0.5593486  0.5557569  0.5953542  0.55626154 0.5990943
 0.5714593  0.58909106 0.5619904  0.5835403  0.5534713  0.5711031
 0.55097795 0.5537088  0.5617826  0.5724685  0.5503249  0.5600016 ]
[1.0695419 1.0550566 1.0820385 1.0659503 1.0590935 1.06598   1.04069
 1.0626851 1.0599543 1.0982158 1.0587373 1.1038556 1.0748255 1.0926948
 1.0655644 1.0874408 1.0558283 1.0735492 1.0557096 1.055205  1.0656534
 1.075627  1.0535724 1.0633678]
[1.1038556 1.0887469 1.1164116 1.1000265 1.0933181 1.0996109 1.0735788
 1.096791  1.0940899 1.1338059 1.0919527 1.1398315 1.1094657 1.1281958
 1.0994922 1.1217545 1.0892218 1.1078331 1.0895187 1.0884501 1.0997297
 1.1100594 1.087144  1.0973847]
[1.2176903 1.2020177 1.2301869 1.2148408 1.2075387 1.2130301 1.1867902
 1.2109226 1.2082214 1.2504011 1.2053719 1.2563971 1.2246956 1.244138
 1.2132379 1.2361829 1.2029972 1.2227958 1.2030269 1.2023145 1.2140096
 1.224844  1.2009194 1.2113678]
[1.2067966 1.1909459 1.2196198 1.2032347 1.1964669 1.2016318 1.1752138
 1.1997914 1.1972387 1.239359  1.1938251 1.2459784 1.2138019 1.2335411
 1.2023145 1.2250221 1.1915692 1.2112788 1.1920145 1.1905303 1.2028785
 1.2136831 1.1894023 1.2004445]
[1.4789611 1.463704  1.4916061 1.4753991 1.468483  1.474568  1.4486843
 1.4719262 1.4693438 1.5092082 1.4670879 1.5155604 1.4849868 1.5036278
 1.474568  1.4970678 1.4643867 1.4830277 1.4648023 1.4634665 1.4751617
 1.4854617 1.4623682 1.4724902]
[1.1174505 1.1006795 1.1300955 1.114215  1.1071504 1.1116326 1.0838195
 1.110475  1.1077441 1.1526546 1.1029058 1.1596302 1.1251978 1.146154
 1.112345  1.1360024 1.1011248 1.1227638 1.1018372 1.1002046 1.1132948
 1.1249009 1.0992844 1.1105046]
[1.0726883 1.055769  1.0854224 1.0692748 1.0623289 1.0664846 1.0385231
 1.0655941 1.062982  1.1084565 1.0576984 1.1156398 1.0806731 1.1019559
 1.0674938 1.0912403 1.0560064 1.0780313 1.0568672 1.0550269 1.068503
 1.0801685 1.0542254 1.0656534]
[0.989071   0.9713502  1.0017457  0.9858949  0.9787116  0.9822736
 0.9533622  0.9820955  0.9792459  1.0275403  0.9729234  1.0349611
 0.99797595 1.0203273  0.9836093  1.0079198  0.9717064  0.99515605
 0.97244847 0.9707862  0.9848263  0.99711514 0.96983635 0.9820955 ]
[4.5180964 4.509132  4.5306225 4.517384  4.509132  4.5200553 4.503047
 4.5119815 4.5095477 4.533472  4.518809  4.5356092 4.5205007 4.5299993
 4.5171165 4.5358763 4.512783  4.520174  4.5104675 4.5123377 4.517651
 4.5231423 4.509162  4.5156326]
[36.207493 36.255253 36.240795 36.255695 36.25822  36.283035 36.37063
 36.25062  36.248543 36.15581  36.339878 36.116333 36.23854  36.182587
 36.2893   36.2223   36.336227 36.20206  36.259495 36.30037  36.26285
 36.218502 36.265846 36.328033]
[142.31923 142.41843 142.4524  142.39507 142.35796 142.41815 142.59326
 142.42456 142.3664  142.21848 142.55548 142.1477  142.3708  142.29216
 142.46902 142.4016  142.50697 142.33177 142.43744 142.46718 142.38496
 142.33298 142.4461  142.43045]
[305.87775 305.86566 305.8862  305.8472  305.8669  305.84753 305.82928
 305.897   305.88266 305.92538 305.78476 305.93945 305.858   305.90756
 305.89874 305.84155 305.85364 305.86658 305.8549  305.80304 305.85358
 305.87433 305.8334  305.87064]
[494.20325 494.22726 493.99243 494.04556 493.92883 494.1712  493.86566
 493.8791  494.06155 493.84778 494.02383 493.9047  493.6994  493.68954
 493.88794 494.09442 493.8503  494.08508 494.2231  493.91827 494.14426
 494.04648 494.31076 493.77606]
[709.4042  709.36285 709.48834 709.4852  709.64844 709.4006  709.51715
 709.6282  709.53644 709.92957 709.45    709.8653  709.9268  710.01886
 709.62354 709.52136 709.8498  709.5157  709.2278  709.64545 709.507
 709.522   709.2604  709.8896 ]
[752.2133  752.2609  752.1105  752.2416  752.2726  752.1829  752.13324
 752.1951  752.3143  752.2784  752.057   752.2182  752.1463  752.1995
 752.1773  752.01373 752.2517  752.13055 752.16345 752.032   752.221
 752.1741  752.1702  752.2058 ]
[787.20624 787.19476 787.0833  787.1945  787.2301  787.1744  787.0848
 787.14374 787.27203 787.2768  787.0619  787.2921  787.12665 787.17
 787.1227  787.09937 787.11285 787.17706 787.18536 787.0741  787.2135
 787.16016 787.1635  787.2126 ]
[571.5247  571.51544 571.55023 571.4868  571.4506  571.50946 571.5019
 571.42084 571.45233 571.4162  571.5754  571.4092  571.46265 571.3859
 571.43    571.5564  571.4472  571.4692  571.55896 571.54065 571.5558
 571.5022  571.553   571.4391 ]
[523.9156  523.95215 523.9883  523.971   523.9082  523.8833  523.97974
 523.91327 523.91876 523.8896  524.00433 523.8315  523.9564  523.9143
 523.9174  523.9723  523.9487  523.9116  523.9654  523.9211  523.95795
 523.99554 523.9927  523.8505 ]
[337.2891  337.33975 337.58014 337.49597 337.40103 337.3745  337.49716
 337.53946 337.44595 337.5573  337.5358  337.41763 337.538   337.66415
 337.58466 337.53555 337.4951  337.46957 337.33896 337.41458 337.31003
 337.50107 337.39136 337.3706 ]
[168.07184 168.07237 168.05927 167.99461 168.03972 168.0991  168.03825
 168.08527 168.04439 167.99994 168.00974 168.02736 167.98831 167.99284
 168.10193 168.04381 168.05582 168.04787 168.05704 168.06915 168.01442
 168.00626 168.02432 168.09702]
[26.812696 26.798628 26.824244 26.831308 26.819792 26.816555 26.798567
 26.833565 26.807472 26.883461 26.807205 26.87049  26.837986 26.865147
 26.82926  26.833326 26.81893  26.845438 26.79824  26.821484 26.808037
 26.83941  26.804802 26.818693]
[-6.324284  -6.3425984 -6.3079586 -6.3045745 -6.312678  -6.317546
 -6.332625  -6.3134794 -6.3283806 -6.260406  -6.3150525 -6.267471
 -6.2862005 -6.265571  -6.3108377 -6.297124  -6.3123517 -6.3015766
 -6.341886  -6.312975  -6.3196535 -6.2944527 -6.336217  -6.3052278]
[0.99904454 0.9850044  1.0127285  0.9959575  0.99037707 0.99569035
 0.9731015  0.9936422  0.9901693  1.0283121  0.99037707 1.0334176
 1.0069699  1.0240971  0.9972042  1.0173887  0.9883586  1.0026659
 0.9862511  0.98616207 0.9960762  1.005842   0.9836687  0.99583876]
[0.6029234  0.5888239  0.61476696 0.601647   0.5938107  0.600994
 0.5763273  0.59734297 0.5938107  0.6331408  0.59419656 0.63708866
 0.60918653 0.62690735 0.5999254  0.6215644  0.5913173  0.60915685
 0.58909106 0.5916141  0.5997473  0.6104332  0.58837867 0.5978476 ]
[1.0460626 1.0314882 1.0584404 1.0423819 1.0356141 1.0423819 1.0170325
 1.0392355 1.0365343 1.0749146 1.0351095 1.0805247 1.0513165 1.0693638
 1.042085  1.0639912 1.0322303 1.0500698 1.0321412 1.0315772 1.0421147
 1.0521476 1.0299743 1.0398588]
[1.1422656 1.1270381 1.1547918 1.1384661 1.1316984 1.1378131 1.1118404
 1.1352307 1.1325592 1.1725423 1.1302142 1.1788055 1.1481725 1.1669322
 1.1378428 1.1601942 1.1275724 1.1462431 1.1278692 1.1267413 1.138199
 1.1485584 1.1254946 1.135854 ]
[1.1676743 1.1520907 1.1801412 1.1648544 1.1576117 1.1631625 1.1367148
 1.1609362 1.158146  1.2003257 1.1553558 1.2063217 1.1745014 1.1940626
 1.1631922 1.1861075 1.1529218 1.1728688 1.1529812 1.1523281 1.1639639
 1.174917  1.1509033 1.1612924]
[1.2091713 1.1932611 1.2220241 1.2056687 1.1989306 1.2040658 1.1775291
 1.2023145 1.199554  1.2418227 1.1961998 1.2485014 1.2162952 1.2360048
 1.2047188 1.2274264 1.1939735 1.2136534 1.1943891 1.1928753 1.2052531
 1.2161171 1.1918067 1.2028488]
[1.4826418 1.4674737 1.4952868 1.4791689 1.4721934 1.4782784 1.4524541
 1.4755772 1.4730542 1.5128592 1.4708279 1.5191224 1.4885784 1.5072788
 1.4783081 1.5007188 1.4681268 1.4867678 1.468483  1.467266  1.4788424
 1.4891721 1.4661083 1.4761709]
[1.1374272 1.1208344 1.1501316 1.1341621 1.1270381 1.1318171 1.1041821
 1.1304814 1.1277505 1.1720674 1.1231793 1.1790429 1.144937  1.1656559
 1.1323811 1.1558901 1.1212202 1.1426514 1.1219623 1.1203891 1.1332716
 1.1448183 1.1194392 1.130511 ]
[1.1037369 1.0868472 1.1165006 1.1003233 1.0933478 1.0976518 1.0697497
 1.096702  1.0939711 1.1392676 1.0889844 1.1464806 1.1116029 1.1327966
 1.0985423 1.1222295 1.087144  1.1090502 1.0880048 1.0861942 1.0995516
 1.111217  1.0854224 1.096702 ]
[1.003586   0.9859543  1.0162311  1.000499   0.9933454  0.99693704
 0.9681444  0.9966105  0.9938203  1.0417882  0.98761654 1.0490903
 1.0124019  1.0345455  0.99812436 1.0223755  0.9863105  1.0097305
 0.98705256 0.98550904 0.99940073 1.0116005  0.9845295  0.99658084]
[4.160919  4.151332  4.173624  4.1599994 4.1519847 4.162018  4.144416
 4.1548047 4.1523705 4.1782246 4.1603556 4.180718  4.1640363 4.1745143
 4.159732  4.178878  4.154775  4.1631756 4.152697  4.1540327 4.1602664
 4.166203  4.151213  4.158307 ]
[44.146713 44.188896 44.176487 44.19195  44.193554 44.214687 44.291332
 44.186253 44.1856   44.097946 44.26123  44.06764  44.173576 44.126026
 44.220776 44.157135 44.259956 44.141403 44.19305  44.22493  44.196465
 44.160458 44.198513 44.251854]
[128.88818 128.94785 128.97235 128.94888 128.94116 128.988   129.09132
 128.97913 128.93323 128.81989 129.06618 128.77257 128.93372 128.8866
 129.01665 128.9426  129.03589 128.90396 128.95576 129.01483 128.9189
 128.91438 128.9627  128.99582]
[305.74176 305.73306 305.75275 305.71454 305.73328 305.7126  305.70178
 305.76462 305.74945 305.78772 305.65186 305.7983  305.72244 305.7707
 305.76828 305.70416 305.72415 305.7295  305.72192 305.66577 305.7186
 305.73798 305.69785 305.73816]
[506.34293 506.3546  506.16962 506.22122 506.11975 506.30927 506.0465
 506.0707  506.2139  506.09293 506.18945 506.13983 505.94678 505.94693
 506.08557 506.27042 506.0577  506.2608  506.35486 506.10742 506.3064
 506.22977 506.4318  506.00494]
[692.04535 691.9888  692.11005 692.1165  692.285   692.03723 692.1106
 692.24414 692.16754 692.5868  692.0632  692.518   692.54205 692.65283
 692.23535 692.1491  692.4506  692.1567  691.84863 692.2685  692.1346
 692.1773  691.889   692.4884 ]
[708.4761  708.51843 708.38324 708.49756 708.538   708.44415 708.4263
 708.4552  708.54755 708.54175 708.35913 708.4719  708.4355  708.459
 708.447   708.30524 708.5334  708.4022  708.4382  708.3537  708.49896
 708.4571  708.451   708.49084]
[782.15784 782.1518  782.06287 782.1387  782.17224 782.131   782.0509
 782.1083  782.2177  782.2008  782.0267  782.22235 782.0824  782.12366
 782.09375 782.0608  782.08136 782.119   782.13806 782.0281  782.1568
 782.1147  782.116   782.1625 ]
[563.0002  562.98206 563.05396 563.0071  562.9773  562.9871  562.9951
 562.94604 562.96606 562.9915  563.0598  562.9772  563.01807 562.9787
 562.9562  563.0419  562.961   562.9752  563.02057 563.02026 563.03986
 563.0366  563.0212  562.961  ]
[522.6943  522.69476 522.74225 522.699   522.65485 522.64124 522.7044
 522.65936 522.655   522.6576  522.7331  522.62726 522.7085  522.66895
 522.6477  522.72076 522.6583  522.67053 522.71906 522.6807  522.70856
 522.73676 522.7307  522.6007 ]
[356.16232 356.2262  356.3239  356.32373 356.24985 356.2728  356.37067
 356.3108  356.2914  356.25723 356.39264 356.1378  356.27628 356.30295
 356.3578  356.32104 356.3252  356.28125 356.2351  356.31406 356.20557
 356.2844  356.27496 356.2514 ]
[156.78058 156.76318 156.75539 156.71542 156.75888 156.81773 156.76685
 156.82141 156.75887 156.67033 156.73785 156.73642 156.71951 156.72887
 156.80801 156.72034 156.72865 156.76657 156.75322 156.8009  156.67958
 156.74913 156.7426  156.76675]
[16.961317 16.943329 16.974081 16.978176 16.968826 16.963394 16.939796
 16.98251  16.955736 17.03968  16.950304 17.028847 16.98999  17.022493
 16.977673 16.983341 16.96485  16.994503 16.941994 16.96565  16.954668
 16.989307 16.947454 16.967312]
[-6.2760787 -6.2943044 -6.259753  -6.2569923 -6.2648883 -6.2696967
 -6.285132  -6.2654223 -6.280205  -6.21223   -6.2675896 -6.2191467
 -6.238589  -6.217573  -6.26287   -6.2490373 -6.2647696 -6.253549
 -6.2937403 -6.265482  -6.271775  -6.246752  -6.2881894 -6.257527 ]
[0.7788552  0.76472604 0.7924204  0.7760056  0.77036583 0.77561975
 0.7530309  0.77369034 0.76997995 0.80865705 0.77036583 0.8135251
 0.7871368  0.8043233  0.77719295 0.79725873 0.7683177  0.78280306
 0.7658837  0.7662102  0.7759166  0.78594947 0.76347935 0.7758572 ]
[0.67719054 0.66309106 0.6890044  0.67558765 0.6678997  0.674994
 0.6503273  0.6714914  0.6679888  0.7073486  0.6681372  0.7114152
 0.6834537  0.7012042  0.6740738  0.6957722  0.665347   0.68318653
 0.6633285  0.6655251  0.6739254  0.6845223  0.6624677  0.67205536]
[1.0231175 1.0085135 1.0355844 1.0196149 1.0127285 1.0195259 0.9939984
 1.0163498 1.0135596 1.0522664 1.0120754 1.0578765 1.0284902 1.0465672
 1.0191994 1.0410461 1.0092555 1.0273325 1.0091665 1.0087212 1.019229
 1.029351  1.0070887 1.0168247]
[1.0921901 1.0769627 1.1047758 1.0883907 1.0816823 1.0877674 1.0616462
 1.0851256 1.0825135 1.1226747 1.0800498 1.1287894 1.0980971 1.1170052
 1.0878267 1.1101484 1.0774673 1.0962864 1.0777642 1.0766659 1.0880939
 1.0985423 1.0753598 1.0856599]
[1.1964372 1.1807646 1.2090822 1.1934689 1.186345  1.1917176 1.165359
 1.1896992 1.186909  1.229148  1.1839703 1.2353221 1.2034425 1.2230036
 1.1920145 1.2148705 1.1816847 1.2014537 1.1817441 1.1808536 1.1927269
 1.2035612 1.1795475 1.1901147]
[1.1974465 1.181477  1.2102696 1.1939439 1.1872058 1.1922519 1.1657746
 1.1905303 1.1878588 1.2301869 1.1844156 1.2368953 1.2046001 1.224369
 1.1929346 1.2157016 1.1821597 1.2019583 1.1826346 1.1811208 1.1935283
 1.2044517 1.1800225 1.1910943]
[1.4750429 1.4598749 1.4876286 1.4715403 1.4645054 1.4707092 1.4448255
 1.4679784 1.4654256 1.505201  1.4631994 1.5114344 1.4809796 1.4995612
 1.4706795 1.49312   1.4605279 1.4791392 1.4608841 1.4596671 1.4712138
 1.4815732 1.4584798 1.468572 ]
[1.1641123 1.1476679 1.176787  1.1609659 1.153842  1.1585616 1.131075
 1.1571962 1.1544653 1.1985447 1.1500722 1.2055203 1.1715925 1.1922222
 1.1590959 1.1826346 1.1480834 1.1693662 1.1487365 1.147282  1.1600161
 1.1715331 1.1462431 1.1571962]
[1.1097625 1.0929322 1.1224669 1.1064084 1.0993141 1.1036775 1.0758051
 1.1027277 1.1000265 1.1451745 1.0950397 1.1522985 1.1176286 1.1386442
 1.1045977 1.1282848 1.0931994 1.1150165 1.0940305 1.0922495 1.1055772
 1.1171833 1.0914481 1.1026683]
[1.0153406  0.9977088  1.0280153  1.0121348  1.0049812  1.0086619
 0.98001766 1.008365   1.0055451  1.0533053  0.99940073 1.0606073
 1.0239784  1.046122   1.0099679  1.0341003  0.99812436 1.0213662
 0.99883676 0.9972042  1.0110959  1.0233253  0.9963137  1.0083354 ]
[3.8528087 3.8425682 3.865543  3.8517106 3.843785  3.8533134 3.83491
 3.8466346 3.8441117 3.8720138 3.851087  3.8747447 3.8564894 3.8678582
 3.851295  3.870767  3.8459222 3.8553913 3.8439631 3.845121  3.8520074
 3.8583002 3.8423603 3.8498998]
[42.697376 42.738045 42.725636 42.74095  42.741722 42.76185  42.835346
 42.73478  42.73493  42.648045 42.805454 42.62127  42.721718 42.67657
 42.767757 42.70572  42.804356 42.69153  42.74217  42.769806 42.74496
 42.71112  42.747482 42.79551 ]
[120.78925  120.82513  120.84927  120.84411  120.850464 120.88543
 120.948135 120.87235  120.833435 120.750626 120.93063  120.71659
 120.837074 120.81147  120.90484  120.83048  120.91336  120.80916
 120.82704  120.899376 120.80341  120.82516  120.83292  120.89433 ]
[206.75238 206.7531  206.80312 206.76524 206.77519 206.76724 206.7992
 206.81694 206.77219 206.78986 206.752   206.78355 206.78278 206.80824
 206.82613 206.74268 206.7929  206.75389 206.75276 206.74582 206.73633
 206.76588 206.72241 206.80084]
[167.90018 167.87115 167.94855 167.941   167.93552 167.93887 167.92032
 167.95073 167.9021  167.97083 167.9365  167.97075 167.959   167.97311
 167.95886 167.92119 167.94359 167.91573 167.8956  167.94244 167.897
 167.93684 167.85727 167.97597]
[156.21577 156.19739 156.2276  156.20554 156.2384  156.24524 156.24576
 156.27072 156.22627 156.25166 156.20978 156.27068 156.24217 156.26921
 156.27347 156.19458 156.22833 156.22989 156.20148 156.23933 156.1888
 156.22359 156.19434 156.28302]
[107.059105 107.04324  107.07392  107.11606  107.121414 107.08642
 107.15638  107.11144  107.096466 107.14191  107.12309  107.13762
 107.15789  107.15672  107.139565 107.0787   107.12936  107.10304
 107.06708  107.13492  107.078384 107.11211  107.059746 107.186935]
[167.34683 167.3275  167.37405 167.3499  167.38321 167.37077 167.39784
 167.41151 167.36444 167.4071  167.35623 167.41884 167.40607 167.42842
 167.42003 167.33725 167.3829  167.36232 167.33559 167.38031 167.33145
 167.37135 167.32101 167.44022]
[124.11207  124.096855 124.151596 124.15223  124.16173  124.14251
 124.1678   124.17141  124.135376 124.194084 124.146545 124.19815
 124.1957   124.21768  124.18815  124.127716 124.17022  124.1411
 124.1042   124.15188  124.122696 124.16535  124.10023  124.208664]
[188.64789 188.63956 188.65744 188.66595 188.6471  188.62291 188.74542
 188.67747 188.66124 188.60423 188.68236 188.63301 188.68434 188.63647
 188.72804 188.6391  188.6785  188.64955 188.69186 188.70302 188.61005
 188.66539 188.63202 188.71303]
[93.15122  93.16636  93.13697  93.13008  93.13454  93.173035 93.18865
 93.14171  93.14769  93.019325 93.179535 93.03682  93.091644 93.05643
 93.153595 93.13706  93.14044  93.12342  93.17622  93.16704  93.12237
 93.13361  93.16753  93.118835]
[39.312077 39.313026 39.318844 39.273964 39.289223 39.315166 39.317333
 39.315075 39.29982  39.26966  39.30077  39.279278 39.282066 39.276756
 39.324306 39.297443 39.308247 39.28679  39.310772 39.30611  39.287647
 39.281326 39.294178 39.317657]
[5.868411  5.8573985 5.8844695 5.8699546 5.862296  5.8701324 5.851818
 5.865977  5.8615246 5.892187  5.8677874 5.8940573 5.875802  5.8888626
 5.872299  5.8888626 5.8647895 5.872715  5.8601    5.861821  5.86755
 5.8777313 5.856508  5.8688264]
[2.7269876 2.713749  2.742304  2.7268689 2.7199528 2.7269282 2.7048144
 2.7235148 2.7193592 2.7555132 2.721882  2.758986  2.7351208 2.7512388
 2.728561  2.7470832 2.7198043 2.731737  2.7157674 2.7171032 2.7251472
 2.7357442 2.7124133 2.7263346]
[2.6923177 2.6790197 2.707486  2.692763  2.6854906 2.6923177 2.6700852
 2.6889338 2.6847486 2.7215853 2.687331  2.7248504 2.7006588 2.7169547
 2.6940393 2.7126508 2.6852531 2.6976311 2.6809194 2.6829083 2.6905665
 2.7015493 2.6778622 2.6918726]
[2.9858243 2.9723186 3.0017939 2.9865367 2.9794426 2.9858541 2.963948
 2.9829452 2.978463  3.0160716 2.9812236 3.0191882 2.9950855 3.01153
 2.988377  3.0066917 2.9794722 2.9911377 2.9746635 2.9763556 2.9842808
 2.9955902 2.971161  2.9861805]
[3.1625874 3.1492894 3.1784678 3.1635668 3.1562648 3.163092  3.1409187
 3.1597972 3.155315  3.1924486 3.1582537 3.1956544 3.171522  3.1879663
 3.1653183 3.1834545 3.1563835 3.1681085 3.1515155 3.1535044 3.1611328
 3.1724718 3.148102  3.1630325]
[3.1018558 3.088439  3.1176472 3.1027758 3.0954442 3.102212  3.0799496
 3.0989468 3.0945537 3.1318653 3.0972252 3.1352491 3.1109388 3.1273534
 3.1045866 3.1226635 3.0953848 3.1074657 3.0906057 3.092743  3.1001935
 3.11177   3.0871625 3.1022415]
[3.194942  3.181436  3.2110896 3.1957433 3.1886492 3.1951497 3.1730359
 3.1922705 3.18764   3.2253077 3.1902223 3.228484  3.204292  3.2208257
 3.1977024 3.2158685 3.1886787 3.200285  3.1837513 3.185473  3.1933985
 3.2047968 3.180041  3.1954465]
[3.1311529 3.1175284 3.1469443 3.1320138 3.1247118 3.1314795 3.1090984
 3.1282737 3.123762  3.1613407 3.1264334 3.1646652 3.1402063 3.1567397
 3.1338542 3.1520202 3.1246524 3.136763  3.1197844 3.1220403 3.129461
 3.1410968 3.116341  3.1315389]
[3.197643  3.184078  3.213761  3.1986523 3.1914988 3.1979992 3.1756775
 3.195031  3.1904895 3.228276  3.192983  3.2316005 3.2071416 3.2237642
 3.2007005 3.2186587 3.19138   3.2032828 3.1863635 3.188471  3.1960402
 3.2077947 3.182772  3.1984148]
[3.243266  3.2297306 3.259562  3.2442455 3.2371216 3.243563  3.2212708
 3.240743  3.2361124 3.2741365 3.2385762 3.2773423 3.252913  3.2696543
 3.2463827 3.2643707 3.237092  3.248906  3.232046  3.2339456 3.2417521
 3.253477  3.228276  3.2440674]
[3.198771  3.1851761 3.2149186 3.1997802 3.1925375 3.1990085 3.176479
 3.19607   3.1915877 3.2297008 3.1938734 3.233055  3.2082696 3.2251
 3.2016504 3.2197866 3.1923    3.2045593 3.187432  3.1894803 3.197198
 3.2089524 3.1838405 3.199335 ]
[3.3679945 3.354281  3.3841124 3.368974  3.3617017 3.3681726 3.3456135
 3.365323  3.3607814 3.3988352 3.3629484 3.4022784 3.3773744 3.3942344
 3.370933  3.3890398 3.3614643 3.3736937 3.3566258 3.3585553 3.3663323
 3.3781462 3.3528857 3.3685584]
[3.8238974 3.8118165 3.8403716 3.8258564 3.8185544 3.8255894 3.8058798
 3.821612  3.817189  3.8518589 3.8225913 3.8537884 3.8331585 3.8477626
 3.828053  3.8452692 3.8203354 3.8292108 3.8143098 3.8171296 3.8235116
 3.8341677 3.8110447 3.826094 ]
[15.909525 15.899137 15.938882 15.913473 15.912286 15.922171 15.917124
 15.921161 15.907002 15.931046 15.922438 15.93155  15.927691 15.934044
 15.939653 15.933391 15.929709 15.91003  15.906824 15.917718 15.910594
 15.920508 15.889786 15.943513]
[59.859352 59.82848  59.888916 59.902718 59.890133 59.868614 59.91596
 59.89132  59.877636 59.895596 59.89601  59.92311  59.93276  59.92409
 59.953773 59.903133 59.918243 59.881317 59.871315 59.9064   59.853535
 59.91388  59.815956 59.96802 ]
[257.69043 257.63925 257.70996 257.62115 257.685   257.71066 257.66266
 257.7372  257.6905  257.66272 257.6008  257.72607 257.65073 257.6906
 257.7751  257.68152 257.6768  257.65482 257.6726  257.6292  257.6176
 257.65442 257.5567  257.76898]
[423.65497 423.2909  423.39578 423.72156 423.63312 423.19424 423.49747
 423.59863 423.60892 424.13074 423.2872  424.42438 424.08786 424.14734
 423.73404 423.56186 423.48743 423.8344  423.4697  423.6318  423.37323
 423.75388 423.19165 423.84937]
[522.3305  522.0559  522.4392  522.2578  522.28674 522.1732  521.6784
 522.3349  522.2029  522.72314 521.75696 522.9585  522.4276  522.7966
 522.2022  522.2896  522.00616 522.30884 521.9989  521.8232  522.16266
 522.3866  521.833   522.07996]
[904.5727  905.073   905.55164 905.2287  905.5937  905.40533 904.6153
 904.9297  905.52704 906.6303  905.1913  905.3837  905.17267 905.6147
 904.95465 905.30365 905.7183  904.7085  904.4085  904.9108  905.5172
 904.2494  904.1967  905.87866]
[643.0275  642.95667 643.011   643.16986 643.1964  643.2467  643.17053
 643.0863  643.0496  643.081   643.21454 643.1614  643.1702  643.1377
 643.1174  643.0745  643.1241  643.1046  643.0245  643.2579  643.128
 643.12286 643.0155  643.2887 ]
[780.68976 780.6737  780.76074 780.7493  780.7858  780.8161  780.9646
 780.8449  780.9229  780.40094 780.771   780.8425  780.8776  780.7566
 780.94324 780.4602  780.8536  780.54736 780.7971  780.81256 780.7958
 780.6707  780.69543 781.16565]
[557.02924 556.9823  556.9327  556.8644  556.95386 556.94855 556.8936
 556.8842  557.01886 556.8197  556.8856  556.95874 556.87683 556.82056
 556.9119  556.9292  556.81445 556.88617 557.0306  556.9128  556.9756
 556.945   556.94867 556.9883 ]
[415.5524  415.44922 415.73315 415.7273  415.67084 415.58334 415.60394
 415.62088 415.53635 415.70334 415.66574 415.80167 415.8576  415.8519
 415.72327 415.66187 415.70987 415.5569  415.52554 415.6245  415.6239
 415.83368 415.45566 415.75922]
[55.712917 55.665485 55.82292  55.97015  55.90292  55.80989  55.979263
 55.837826 55.733963 55.877094 55.97748  55.8974   56.07778  56.001736
 55.87956  55.795376 55.981403 55.794666 55.74631  55.946526 55.852814
 55.945545 55.73616  56.016636]
[-0.6857393  -0.70215404 -0.66436744 -0.667781   -0.67837787 -0.68915284
 -0.70779383 -0.67175853 -0.6885592  -0.6017064  -0.6918243  -0.61542
 -0.6510397  -0.61954594 -0.672649   -0.6550766  -0.6795355  -0.6582527
 -0.70072925 -0.6909338  -0.6814352  -0.6592026  -0.6985327  -0.6773983 ]
[-6.2915735 -6.309591  -6.2771473 -6.272131  -6.2821045 -6.285518
 -6.3025856 -6.282876  -6.296382  -6.227933  -6.2843604 -6.2354426
 -6.2566957 -6.2356205 -6.281125  -6.264532  -6.2823715 -6.2680645
 -6.30968   -6.281511  -6.287269  -6.2630777 -6.302942  -6.2760787]
[0.9466835  0.9322872  0.9602487  0.9428247  0.9374521  0.94279504
 0.91955316 0.94086564 0.93751144 0.97565424 0.93700683 0.9815018
 0.9542527  0.971647   0.94433856 0.96473086 0.93489933 0.94977057
 0.93344486 0.93273246 0.94329965 0.9530654  0.9305656  0.9428544 ]
[0.8480762  0.8336799  0.8602166  0.8473638  0.83940876 0.8454344
 0.82097554 0.8427036  0.8391713  0.88054955 0.8389635  0.8844974
 0.8557048  0.8739599  0.8449595  0.8671031  0.8364701  0.8547846
 0.8342736  0.8363514  0.84540474 0.85615003 0.83344245 0.8433269 ]
[0.71126676 0.69630647 0.72361493 0.70776415 0.7009964  0.7076454
 0.68155396 0.70461774 0.70159006 0.74148417 0.69986844 0.74694586
 0.71690655 0.7356366  0.7073486  0.7293438  0.6972563  0.7157489
 0.6967517  0.6967517  0.70708144 0.71776736 0.6947926  0.70509267]
[1.7411224 1.7267557 1.7540939 1.7378572 1.7310895 1.7371151 1.712864
 1.7342952 1.7318316 1.7698556 1.730852  1.7759407 1.7472965 1.7649579
 1.7373229 1.7591994 1.7278837 1.744714  1.7280321 1.7265183 1.737976
 1.7473855 1.7253903 1.7355716]
[1.2938275 1.2791047 1.3058789 1.2918091 1.283854  1.2906218 1.2647974
 1.2872972 1.2843586 1.3246089 1.2831119 1.3297441 1.2997048 1.3181974
 1.2897313 1.3122311 1.2802624 1.299408  1.2796984 1.2803217 1.2903843
 1.3009515 1.2782142 1.2875347]
[1.2411103 1.2256751 1.253785  1.2375187 1.2307212 1.2364501 1.2103289
 1.2340754 1.231493  1.2723073 1.2288512 1.2787188 1.2474922 1.2665784
 1.2367766 1.2592467 1.2263578 1.2453253 1.226625  1.225408  1.2371625
 1.2477593 1.2241316 1.2348175]
[1.5224172 1.5071007 1.5351512 1.5195676 1.5123546 1.5178757 1.492081
 1.5156198 1.513067  1.5541188 1.510544  1.5603819 1.5291849 1.5482712
 1.5181725 1.5408504 1.5079615 1.5271665 1.508288  1.507071  1.5189443
 1.5293927 1.5058837 1.5161837]
[1.544353  1.5297192 1.556345  1.5417409 1.5338155 1.541266  1.5151151
 1.5373181 1.5346763 1.5732347 1.533578  1.5788151 1.5490133 1.5671496
 1.5398709 1.5625488 1.5302832 1.5491914 1.5303426 1.5305207 1.5406426
 1.551002  1.528621  1.5374368]
[1.0648817 1.0479623 1.077586  1.0613494 1.0543739 1.0588857 1.0309242
 1.0577874 1.0551159 1.1001749 1.0500401 1.1073285 1.0725399 1.093704
 1.0596575 1.0832852 1.0482888 1.0700762 1.0491496 1.047339  1.060637
 1.0722728 1.0465078 1.0578171]
[1.0663658 1.0487638 1.0789515 1.0632491 1.0560658 1.0598652 1.0311023
 1.0593606 1.056511  1.1040634 1.0504854 1.1113654 1.0749146 1.0969394
 1.0608745 1.0850959 1.0491793 1.0724212 1.0499214 1.0483779 1.0621212
 1.0743506 1.0473983 1.0592122]
[3.7407253 3.7309597 3.753311  3.739449  3.7314346 3.7420018 3.723806
 3.7343435 3.7313454 3.757912  3.7398942 3.7595742 3.7431    3.753489
 3.7393303 3.7584758 3.734403  3.742833  3.7319095 3.7341356 3.7397459
 3.7460089 3.7305737 3.7376976]
[42.28876  42.32634  42.312416 42.3253   42.324883 42.34501  42.408382
 42.320667 42.323223 42.237885 42.37962  42.21838  42.303986 42.26534
 42.349907 42.292767 42.379974 42.28119  42.32889  42.346436 42.329216
 42.29888  42.33361  42.369854]
[172.66037 172.84686 172.91776 172.79204 172.67879 172.7491  173.08298
 172.80215 172.7272  172.5513  173.03523 172.41638 172.76208 172.63112
 172.86528 172.84639 172.95491 172.6913  172.89    172.85616 172.82948
 172.66942 172.91318 172.79561]
[338.50482 338.62073 338.61588 338.5446  338.46478 338.48416 338.6597
 338.55005 338.53537 338.4735  338.6022  338.41696 338.49588 338.45926
 338.58597 338.56442 338.60452 338.514   338.64044 338.4946  338.6012
 338.4825  338.6613  338.52072]
[528.75586 528.74664 528.5919  528.7974  528.73615 528.761   528.5664
 528.64197 528.7431  528.8565  528.65326 528.87555 528.62994 528.73376
 528.72046 528.729   528.6677  528.8207  528.72095 528.5805  528.7557
 528.8253  528.83185 528.7005 ]
[718.0754  718.0432  718.1688  718.1817  718.3387  718.0877  718.1582
 718.2951  718.2563  718.676   718.1155  718.60364 718.6174  718.7558
 718.30426 718.1936  718.5557  718.193   717.8735  718.29614 718.2138
 718.2135  717.94336 718.5852 ]
[763.02386 763.0766  762.93823 763.06226 763.0961  763.00684 762.93555
 763.022   763.13635 763.1139  762.85956 763.0443  762.9712  763.04486
 763.00397 762.814   763.0992  762.9333  762.9538  762.8318  763.0347
 762.9829  762.96405 763.0295 ]
[798.5183  798.51416 798.4085  798.4925  798.5197  798.49023 798.37994
 798.44904 798.57355 798.56287 798.3669  798.57367 798.4137  798.4621
 798.42456 798.4173  798.4252  798.4767  798.49146 798.36957 798.5165
 798.4493  798.4687  798.4976 ]
[615.0229  615.0749  615.0256  615.0561  615.0271  614.97424 615.1165
 614.97797 615.0291  614.94995 615.11505 614.9022  615.038   614.93494
 614.9997  615.03827 615.0624  614.9909  615.105   615.05927 615.0967
 615.0825  615.1285  615.0066 ]
[598.4926  598.5248  598.524   598.5026  598.442   598.5369  598.6311
 598.4823  598.46    598.311   598.6414  598.2371  598.4027  598.3165
 598.4819  598.5678  598.4606  598.49963 598.58    598.56104 598.47986
 598.51733 598.58655 598.40607]
[383.5165  383.51962 383.4862  383.5087  383.531   383.47815 383.5327
 383.462   383.52808 383.5837  383.53864 383.51587 383.52576 383.4814
 383.4934  383.5435  383.5205  383.51685 383.54843 383.543   383.57416
 383.51242 383.53976 383.5889 ]
[122.46986  122.478294 122.505684 122.503555 122.4981   122.512436
 122.55717  122.49399  122.45684  122.39459  122.53437  122.4213
 122.4933   122.412445 122.5684   122.5008   122.58051  122.446075
 122.52823  122.551216 122.50245  122.513664 122.46172  122.61527 ]
[8.209725  8.189423  8.225725  8.237658  8.224953  8.214386  8.19058
 8.237212  8.206758  8.311064  8.203017  8.293729  8.251817  8.289543
 8.232137  8.239082  8.222252  8.253063  8.187849  8.2202635 8.208301
 8.247869  8.196131  8.224181 ]
[-6.7457843 -6.7646923 -6.7285385 -6.7231956 -6.7317147 -6.738156
 -6.7515726 -6.7334957 -6.749465  -6.6786113 -6.734     -6.686151
 -6.703367  -6.6829453 -6.7304974 -6.717437  -6.730765  -6.7216816
 -6.7634754 -6.7318926 -6.7396398 -6.7131925 -6.7574496 -6.723344 ]
[1.0303602 1.0164092 1.0440441 1.0274513 1.0217818 1.0270357 1.0045656
 1.025047  1.0215443 1.0596871 1.0218709 1.0647036 1.038434  1.0554128
 1.0286089 1.0487934 1.0198227 1.0340409 1.0175965 1.0176262 1.0275106
 1.0372467 1.0151031 1.0272732]
[0.58383715 0.5698267  0.5957104  0.5828873  0.5749322  0.5819968
 0.5575379  0.5784348  0.5748135  0.6144998  0.57540715 0.6182399
 0.5904565  0.6081773  0.5810766  0.60262656 0.5725279  0.59036744
 0.57009387 0.57279503 0.5808095  0.59158444 0.56944084 0.5790582 ]
[1.0801685 1.0656238 1.0927244 1.0764284 1.0697497 1.0764878 1.0511681
 1.073371  1.0705808 1.1089017 1.0693045 1.1147493 1.0854818 1.1034994
 1.076191  1.0980971 1.0663658 1.0840867 1.0663362 1.0656534 1.0762503
 1.0862832 1.0641396 1.0740241]
[1.1376944 1.1224966 1.1503097 1.1339246 1.1270975 1.1333606 1.1072989
 1.1306595 1.1279583 1.1678821 1.1257024 1.1740562 1.1434826 1.1621829
 1.1332716 1.1555933 1.1230309 1.1417016 1.123298  1.1222295 1.1335981
 1.1439575 1.1210124 1.1311938]
[1.1650325 1.1495379 1.1775291 1.162272  1.1549402 1.16058   1.1341918
 1.1583835 1.1555339 1.1976839 1.1528031 1.2036799 1.171919  1.1914802
 1.1606097 1.1834954 1.1503394 1.1703458 1.1503987 1.1497754 1.1613518
 1.1723642 1.1483209 1.1586803]
[1.2137425 1.1978027 1.2265359 1.2102102 1.2035315 1.2085183 1.1820409
 1.2068263 1.2041548 1.2464533 1.2007116 1.2531023 1.2208664 1.2406354
 1.2092603 1.2320273 1.1984854 1.2182246 1.1989603 1.1974168 1.2097946
 1.220718  1.1963185 1.2073606]
[1.4906563 1.4755179 1.5033013 1.487213  1.4802078 1.4863819 1.4605873
 1.4835917 1.4810389 1.5209033 1.4789314 1.5271071 1.4965929 1.5151745
 1.4863225 1.5087926 1.4761709 1.4948119 1.4765568 1.4753991 1.4869162
 1.4972162 1.4741821 1.4841853]
[1.1249306 1.1081893 1.137546  1.1215764 1.1145415 1.119083  1.0913887
 1.1179254 1.1152242 1.1598083 1.1104453 1.1668729 1.1325592 1.153367
 1.1198548 1.1434232 1.1085752 1.1301252 1.109347  1.1077144 1.1207453
 1.132292  1.1067646 1.1179254]
[1.0887766 1.0719166 1.1015403 1.0854224 1.0784469 1.0826619 1.0547004
 1.0817417 1.0790405 1.1244854 1.0739944 1.131728  1.096791  1.1180145
 1.0836711 1.1073582 1.0721244 1.0941492 1.0730445 1.0712042 1.0846803
 1.0963161 1.0704324 1.0817714]
[0.9866073  0.9688568  0.99919295 0.9834312  0.97618854 0.9799583
 0.95101726 0.9796021  0.97669315 1.0248392  0.97051907 1.0322006
 0.9952748  1.0176262  0.9810566  1.0053374  0.9692724  0.99266267
 0.9699551  0.96841156 0.98230326 0.99462175 0.9674914  0.97951305]
[4.1078463 4.098021  4.1205206 4.1068964 4.098852  4.1089144 4.0907784
 4.1017313 4.0992975 4.1257744 4.1068964 4.1284165 4.1110816 4.1218567
 4.10657   4.125834  4.1014047 4.1103096 4.099416  4.1007814 4.1071634
 4.1132483 4.097932  4.1050854]
[43.56798  43.60945  43.59701  43.611202 43.612476 43.633434 43.708088
 43.606007 43.60565  43.518353 43.678257 43.489677 43.59265  43.546494
 43.63952  43.577423 43.677128 43.561897 43.61304  43.642456 43.615772
 43.580715 43.618355 43.668102]
[124.5954   124.642685 124.67458  124.65754  124.6513   124.685875
 124.77203  124.68173  124.640205 124.5574   124.75111  124.51649
 124.65012  124.61759  124.71538  124.647835 124.73049  124.61576
 124.64904  124.70676  124.62566  124.62939  124.654945 124.7003  ]
[303.3288  303.3182  303.33923 303.29672 303.3179  303.29834 303.28445
 303.35223 303.33493 303.37326 303.2343  303.38718 303.30786 303.35748
 303.3536  303.28888 303.30646 303.31537 303.30695 303.25223 303.3015
 303.3225  303.28198 303.32275]
[492.67664 492.6869  492.50198 492.55127 492.45554 492.65854 492.38272
 492.4093  492.54526 492.42526 492.53427 492.47278 492.28162 492.28516
 492.4286  492.61337 492.39743 492.60336 492.68317 492.45917 492.63638
 492.5626  492.7711  492.3497 ]
[700.6265  700.5829  700.69995 700.71    700.8739  700.6281  700.6978
 700.8303  700.7673  701.19324 700.6564  701.1257  701.14404 701.26306
 700.8336  700.7447  701.07007 700.7441  700.42676 700.85455 700.7429
 700.75433 700.48486 701.10675]
[745.25287 745.294   745.1701  745.2753  745.3041  745.22296 745.1661
 745.2371  745.34515 745.3132  745.09875 745.25507 745.1951  745.2462
 745.2139  745.0582  745.29895 745.1574  745.1943  745.0763  745.2555
 745.2054  745.191   745.2431 ]
[786.0175  786.0031  785.89307 785.99744 786.03424 785.9869  785.8931
 785.949   786.0758  786.0683  785.87134 786.09216 785.928   785.96576
 785.9283  785.9073  785.9134  785.982   785.9973  785.8854  786.0203
 785.9659  785.9717  786.017  ]
[567.62476 567.61633 567.66595 567.6059  567.57056 567.60834 567.6159
 567.5412  567.5689  567.55475 567.68494 567.5433  567.5982  567.5324
 567.55304 567.6638  567.5689  567.5805  567.6582  567.6459  567.6646
 567.6268  567.65643 567.5611 ]
[519.4385  519.4836  519.50824 519.5039  519.45557 519.4115  519.57074
 519.4478  519.4581  519.4107  519.578   519.3431  519.514   519.4345
 519.4675  519.492   519.51324 519.4349  519.5168  519.5045  519.5059
 519.52856 519.5458  519.4393 ]
[330.70645 330.76584 330.97745 330.8932  330.80145 330.80597 330.91306
 330.93597 330.8483  330.91873 330.94962 330.7863  330.91074 331.01535
 330.98584 330.93912 330.9065  330.86978 330.76123 330.83893 330.72784
 330.8871  330.81097 330.78632]
[160.15044 160.1355  160.12749 160.09023 160.12938 160.18504 160.1293
 160.191   160.12924 160.05608 160.10251 160.11581 160.09013 160.10527
 160.179   160.10052 160.10419 160.14381 160.12332 160.16649 160.0553
 160.12086 160.11285 160.13455]
[7.237218  7.2182503 7.2523565 7.2591243 7.248616  7.239563  7.21641
 7.2601333 7.2338934 7.3299184 7.229085  7.3141565 7.273639  7.3091993
 7.25574   7.264586  7.2454996 7.2750044 7.216618  7.2434216 7.2349916
 7.2695727 7.2239494 7.248201 ]
[-6.1228843 -6.140902  -6.106796  -6.105045  -6.1129403 -6.1167693
 -6.13265   -6.1134152 -6.127396  -6.061796  -6.115107  -6.0680594
 -6.0873537 -6.0669317 -6.110595  -6.0963473 -6.1127625 -6.1017203
 -6.140338  -6.1134152 -6.1189957 -6.0949225 -6.1351433 -6.1056085]
[0.968649   0.9546089  0.9822736  0.96562135 0.9599222  0.96529484
 0.94276536 0.963217   0.9597144  0.99782753 0.9600409  1.0029627
 0.97651505 0.9936422  0.9667493  0.98690414 0.9579334  0.97232974
 0.95579624 0.95579624 0.9656807  0.97547615 0.95330286 0.96547294]
[0.64430165 0.63026154 0.65605617 0.64290655 0.6350702  0.6422832
 0.6176759  0.63866186 0.6351296  0.6745784  0.63548577 0.6784966
 0.6505945  0.6683153  0.6412443  0.66294265 0.6326065  0.6505054
 0.63040996 0.63287365 0.64112556 0.6517818  0.6297569  0.6391665 ]
[1.0488231 1.0341597 1.0612603 1.0451127 1.0383747 1.0451127 1.0195853
 1.0419663 1.0392058 1.0777048 1.0377513 1.0835227 1.0540473 1.0722431
 1.0448456 1.0666924 1.0349314 1.0527413 1.0348127 1.0341893 1.0447862
 1.0549378 1.0326755 1.0425897]
[1.1703458 1.1550887 1.1829017 1.1666354 1.159838  1.165923  1.1399206
 1.1633406 1.1606988 1.20086   1.1582944 1.2070638 1.1764011 1.1951905
 1.1659824 1.1883337 1.1556823 1.1744717 1.1559198 1.1548215 1.1663386
 1.1767573 1.1535748 1.1638749]
[1.1440169 1.1284035 1.1564838 1.141197  1.1338652 1.1395347 1.1130277
 1.1373085 1.1344886 1.1765792 1.1316687 1.1826049 1.1508143 1.1703458
 1.1395347 1.1624501 1.1292347 1.1491817 1.129294  1.1287004 1.1402471
 1.1512002 1.1272162 1.1375756]
[1.2118725 1.1959326 1.2247252 1.2083995 1.2016615 1.2066482 1.1801709
 1.2050157 1.2023442 1.2446129 1.1988119 1.2512916 1.2189964 1.2388544
 1.207331  1.2301869 1.1965857 1.2163843 1.1970903 1.1955171 1.2079543
 1.2188183 1.1944485 1.2054906]
[1.4885488 1.4733807 1.5011344 1.4851649 1.4780409 1.4843041 1.4583907
 1.4814248 1.4789017 1.5186474 1.4767646 1.5248215 1.494337  1.5129483
 1.4841853 1.5065664 1.4740337 1.4926747 1.4743899 1.4732916 1.4847196
 1.495079  1.472045  1.4820482]
[1.145976  1.1294128 1.1585913 1.1425624 1.1355869 1.1403362 1.1127012
 1.138941  1.1362993 1.1804084 1.131728  1.1873245 1.153367  1.1739671
 1.1409595 1.1644685 1.129769  1.1511111 1.1305407 1.1289378 1.141761
 1.1532483 1.1279286 1.1389707]
[1.1151055 1.0982752 1.1278989 1.111781  1.1047461 1.1091095 1.0812371
 1.10813   1.1053398 1.1506362 1.1004717 1.1577601 1.1230012 1.1441653
 1.11      1.1336575 1.098572  1.1204485 1.0994328 1.0976222 1.1109499
 1.1226153 1.0968801 1.1081003]
[1.0032595  0.98565745 1.0158452  1.0001725  0.9929298  0.9967886
 0.96793664 0.996284   0.9934641  1.0411946  0.9873494  1.0485263
 1.0117786  1.0339816  0.9977385  1.0220193  0.986073   1.0093743
 0.98672605 0.9852716  0.99901485 1.0113037  0.9843217  0.99622464]
[3.7596335 3.7491257 3.7724566 3.7583275 3.7505505 3.7597225 3.7409925
 3.7534595 3.7509363 3.779432  3.7572885 3.7824597 3.763522  3.7753656
 3.7579713 3.7776215 3.7522423 3.7622752 3.7504613 3.751441  3.7586837
 3.765214  3.748799  3.756576 ]
[39.736782 39.77825  39.7654   39.780716 39.781307 39.80164  39.876534
 39.774036 39.77439  39.687004 39.846672 39.65931  39.7616   39.715443
 39.80758  39.74569  39.845276 39.730846 39.78214  39.810486 39.785347
 39.75026  39.78787  39.836044]
[116.74392  116.76701  116.796074 116.79774  116.80734  116.83294
 116.877495 116.82233  116.786514 116.72875  116.863884 116.70112
 116.796776 116.78417  116.85127  116.78095  116.8543   116.767166
 116.76746  116.84085  116.75348  116.78579  116.77191  116.84523 ]
[268.32602 268.31747 268.35413 268.291   268.3167  268.30447 268.30905
 268.37433 268.33197 268.35492 268.24405 268.3695  268.31146 268.35703
 268.3715  268.27872 268.31354 268.30728 268.30847 268.26147 268.28085
 268.31036 268.26855 268.32947]
[460.54697 460.51877 460.46512 460.45465 460.39832 460.55664 460.3364
 460.379   460.4064  460.42343 460.4751  460.46594 460.33755 460.34482
 460.41003 460.56787 460.38235 460.52817 460.5227  460.46378 460.52112
 460.4908  460.58713 460.3738 ]
[465.33054 465.70865 463.73398 463.91696 463.33276 464.33853 464.21655
 463.8324  463.9115  462.10284 464.53293 462.6452  462.61493 461.21915
 463.39706 464.81778 463.6069  464.60864 466.27362 464.92264 464.44586
 463.6178  465.89243 463.10675]
[141.52007 141.5493  141.63216 141.72702 141.81483 141.60458 141.9298
 141.76733 141.58762 141.74673 141.71434 141.60802 141.93657 141.88788
 141.82849 141.57916 141.95396 141.63612 141.48361 141.7869  141.60378
 141.74687 141.47643 141.87755]
[297.74432 297.7096  297.80865 297.7729  297.73862 297.66986 297.64383
 297.69876 297.7361  297.821   297.66992 297.8455  297.80115 297.82465
 297.69055 297.7829  297.72095 297.71674 297.71136 297.66153 297.8049
 297.81604 297.68158 297.67395]
[136.29033 136.28697 136.32436 136.33353 136.30045 136.29654 136.30098
 136.29062 136.29274 136.32341 136.31932 136.33498 136.33075 136.32983
 136.30334 136.32205 136.30948 136.30325 136.30159 136.29819 136.32361
 136.33255 136.30266 136.30759]
[154.9867  154.98444 154.99379 155.03346 155.01389 155.01376 155.00726
 154.99213 154.99057 154.96936 155.03932 154.97542 155.01663 155.01295
 154.9966  155.01474 155.00175 155.00783 154.98653 155.01768 154.99193
 155.04549 155.0127  154.96648]
[135.92929 135.96115 135.87851 135.90681 135.93224 135.95616 135.98317
 135.92918 135.9528  135.7703  135.96486 135.81752 135.87085 135.82358
 135.92676 135.89017 135.91376 135.9138  135.96727 135.9863  135.90396
 135.91328 135.98781 135.9003 ]
[36.11482  36.131622 36.13839  36.081604 36.107075 36.137497 36.17588
 36.13551  36.10924  36.077774 36.14756  36.060234 36.10443  36.078724
 36.153885 36.10158  36.158512 36.085613 36.127228 36.14771  36.11111
 36.07733  36.11408  36.174633]
[1.5095644 1.4959695 1.5230999 1.5087036 1.5016093 1.5077537 1.4848087
 1.5051119 1.5012531 1.5400193 1.5022624 1.5436406 1.5173414 1.534617
 1.5084068 1.5289475 1.5000064 1.5150558 1.4970381 1.4982848 1.5072788
 1.5176382 1.4951978 1.5063586]
[1.3441107 1.3306346 1.356726  1.3434577 1.3356214 1.3431312 1.3193253
 1.3391536 1.3355026 1.3731408 1.3369571 1.3765247 1.3504332 1.3674417
 1.3423891 1.3631673 1.3340482 1.3500177 1.3312283 1.3336623 1.3414096
 1.3520361 1.3300112 1.3400738]
[1.6931545 1.6789659 1.7070758 1.6914625 1.6846948 1.6904533 1.6667365
 1.6880193 1.6847245 1.7236984 1.684487  1.728418  1.7008721 1.7185929
 1.6915219 1.7123891 1.6822311 1.6979038 1.680361  1.6802423 1.6906017
 1.7010205 1.6777786 1.6894441]
[1.8520778 1.8377409 1.8657914 1.8513654 1.8437666 1.8499407 1.8255708
 1.8470911 1.8436182 1.8836013 1.8436182 1.8877866 1.8597955 1.8778131
 1.8505046 1.871639  1.8413622 1.8578067 1.8390766 1.8398484 1.8497032
 1.8605078 1.8369098 1.8483081]
[1.6564661 1.6416543 1.6701797 1.6554569 1.6480658 1.653854  1.6288905
 1.6513606 1.6479471 1.6889988 1.647205  1.69357   1.6645399 1.6831216
 1.6546555 1.6760867 1.6451272 1.662195  1.6429603 1.6435837 1.6537353
 1.6650445 1.6406747 1.652637 ]
[2.425229  2.4106545 2.4406643 2.4249322 2.4178677 2.4230623 2.3995235
 2.421222  2.417274  2.4582367 2.417452  2.4623034 2.4346683 2.4529235
 2.4252884 2.4457996 2.415879  2.4306612 2.4127622 2.4128513 2.423448
 2.43452   2.409408  2.4233592]
[2.2798412 2.2652073 2.2942967 2.2797523 2.2720938 2.2784758 2.2534232
 2.275448  2.271708  2.3121958 2.2717972 2.3165593 2.2882414 2.3065262
 2.2794552 2.3001146 2.2698379 2.2858965 2.2667806 2.2680867 2.2775555
 2.289221  2.2641983 2.277318 ]
[2.6698773 2.6557481 2.6854017 2.669818  2.662872  2.6685712 2.6454778
 2.6662264 2.6621003 2.7016382 2.6631987 2.705497  2.6791384 2.6966515
 2.6709163 2.6903884 2.6615067 2.6751907 2.657826  2.6586869 2.668037
 2.6793165 2.6544719 2.6688979]
[3.0409756 3.0272324 3.0568857 3.041421  3.0342376 3.0406194 3.017704
 3.0376215 3.033436  3.0718758 3.0353358 3.0753486 3.0499697 3.0670967
 3.0424895 3.0619617 3.0335846 3.0462592 3.0294585 3.0303788 3.03964
 3.0504742 3.025956  3.0403523]
[2.8625505 2.8486884 2.8775403 2.863263  2.8556046 2.8624613 2.8388634
 2.8589885 2.854833  2.8932724 2.8567326 2.8969235 2.8710399 2.8881967
 2.8639753 2.8831801 2.8546548 2.8684871 2.8504694 2.852666  2.8605914
 2.8723161 2.8475308 2.8616302]
[2.4753046 2.4606707 2.4905913 2.474889  2.467765  2.4729893 2.4487975
 2.4709709 2.467379  2.5084903 2.467023  2.5128536 2.4845657 2.5029988
 2.4750078 2.4958155 2.4653904 2.4808257 2.462719  2.4625409 2.4734344
 2.484625  2.4594834 2.47293  ]
[2.0162253 2.000731  2.0301766 2.0151865 2.0075579 2.0130792 1.9869282
 2.0107934 2.007469  2.050272  2.0057473 2.0552883 2.0244179 2.043801
 2.0140882 2.0359945 2.003907  2.022073  2.0022447 2.0022447 2.0134945
 2.0250413 1.9996326 2.0120995]
[3.842479  3.8292108 3.8583298 3.8428352 3.8360674 3.841084  3.8204541
 3.8388577 3.8347912 3.8740618 3.8376408 3.8765552 3.852423  3.8686893
 3.8435774 3.8630495 3.8356519 3.847555  3.831615  3.8322086 3.8420932
 3.8517995 3.8284984 3.8425088]
[51.602936 51.608753 51.69626  51.695427 51.690887 51.69341  51.773643
 51.688572 51.648914 51.65755  51.75482  51.628998 51.723743 51.68753
 51.789375 51.68186  51.78768  51.632587 51.649864 51.738766 51.655087
 51.688007 51.604805 51.835205]
[138.65459 138.6475  138.61308 138.76547 138.71179 138.59927 138.92459
 138.70648 138.72534 138.6071  138.77591 138.65561 138.79684 138.66396
 138.82385 138.63629 138.7837  138.69662 138.7657  138.82097 138.64198
 138.72375 138.6658  138.86584]
[95.431984 95.44467  95.43431  95.411606 95.40999  95.43858  95.453606
 95.42271  95.42569  95.35275  95.44109  95.36767  95.38958  95.36616
 95.43259  95.41978  95.425186 95.40498  95.45356  95.4291   95.4223
 95.409424 95.44034  95.41828 ]
[125.699036 125.74119  125.68636  125.70133  125.69718  125.750206
 125.82071  125.69208  125.711044 125.4952   125.79555  125.49716
 125.63033  125.54552  125.73136  125.69081  125.73945  125.6615
 125.764755 125.763405 125.69075  125.682014 125.74816  125.704124]
[115.72796  115.690735 115.70586  115.79183  115.7571   115.68449
 115.77729  115.72904  115.76337  115.78756  115.72279  115.82119
 115.79993  115.772766 115.79084  115.73836  115.758736 115.75432
 115.764465 115.737816 115.74164  115.76215  115.68051  115.84026 ]
[265.50876 265.49625 265.65964 265.4795  265.55023 265.6789  265.56848
 265.66385 265.53778 265.37213 265.53354 265.4411  265.44348 265.45956
 265.80307 265.5371  265.61392 265.46085 265.56244 265.55872 265.40967
 265.5371  265.3964  265.69867]
[67.65274  67.466805 67.52021  67.75865  67.72888  67.335785 67.68563
 67.67916  67.72793  68.08858  67.37568  68.25219  67.98644  68.0269
 67.776695 67.4896   67.617775 67.7458   67.62036  67.55155  67.63232
 67.751884 67.413376 67.96566 ]
[151.90698 151.8078  152.03638 151.80281 151.87482 151.89482 151.81744
 151.94264 151.82738 151.88554 151.79463 151.90475 151.91371 151.94595
 151.89859 151.88663 151.83485 151.8038  151.80484 151.84808 151.79037
 151.85219 151.63998 151.8504 ]
[144.2565  144.23311 144.25407 144.31218 144.31693 144.26337 144.38297
 144.30775 144.30211 144.30225 144.32372 144.30988 144.35316 144.31812
 144.37904 144.27016 144.33762 144.29633 144.28688 144.36374 144.24251
 144.30965 144.2323  144.41986]
[104.24764  104.23905  104.28162  104.25606  104.27078  104.268684
 104.27813  104.29606  104.254974 104.30239  104.265526 104.288445
 104.28619  104.30302  104.302734 104.25763  104.27989  104.26517
 104.24444  104.28013  104.23942  104.273705 104.23859  104.29859 ]
[37.50093  37.490513 37.521385 37.524    37.519157 37.50939  37.510105
 37.528122 37.505177 37.57775  37.51705  37.55712  37.542458 37.564037
 37.52839  37.526134 37.5221   37.532307 37.493454 37.52269  37.505592
 37.532932 37.501644 37.52729 ]
[-0.5058596  -0.52070117 -0.49291778 -0.50541437 -0.50897634 -0.5033959
 -0.52672684 -0.50490975 -0.5124196  -0.4701805  -0.5104011  -0.46908224
 -0.4936005  -0.47430646 -0.50108063 -0.48647654 -0.5109651  -0.49668753
 -0.52147293 -0.5101043  -0.51054955 -0.493927   -0.52093863 -0.50283194]
[1.5665857 1.5530798 1.5808039 1.5637658 1.5583931 1.5644782 1.5423346
 1.5622519 1.5580369 1.5944581 1.5591649 1.5987028 1.5740064 1.5905696
 1.5660217 1.5850782 1.5571761 1.5700586 1.5542969 1.5547124 1.5634096
 1.5734425 1.5513285 1.5639439]
[0.65377057 0.64041317 0.6661781  0.6542752  0.6463795  0.6540971
 0.6307068  0.64994144 0.6456374  0.6836021  0.64801204 0.68615484
 0.6608945  0.6777545  0.6533253  0.6732724  0.6453109  0.6609242
 0.64076936 0.64554834 0.6510991  0.66255677 0.64026475 0.65112877]
[1.7062447 1.6926498 1.7202551 1.7042263 1.6978444 1.7043747 1.6815484
 1.7012283 1.6978444 1.7342062 1.6989427 1.738718  1.7132796 1.7299318
 1.7053245 1.7250935 1.6964196 1.7100738 1.694045  1.6942527 1.7035139
 1.7135468 1.691225  1.7032764]
[2.2651777 2.2515829 2.279485  2.264406  2.2572227 2.2637234 2.2407782
 2.2605767 2.2569258 2.2945938 2.2583208 2.2984822 2.272747  2.289607
 2.2645545 2.2848873 2.255976  2.2700162 2.253245  2.253631  2.2632186
 2.273281  2.2504845 2.2624764]
[2.0938468 2.0800738 2.1076198 2.0937874 2.08604   2.0932236 2.0694175
 2.0894537 2.085565  2.1234407 2.0872571 2.127181  2.1010895 2.1180387
 2.09355   2.1136158 2.084734  2.0995755 2.08138   2.0835466 2.0914721
 2.102633  2.0792723 2.0913534]
[2.4393287 2.4252884 2.4546452 2.4385865 2.4318187 2.4375772 2.4146914
 2.4351432 2.4313438 2.470199  2.4322937 2.4742954 2.4481444 2.4653904
 2.4395363 2.4594834 2.430394  2.4440482 2.4273663 2.427396  2.437429
 2.4480257 2.423923  2.4374585]
[2.636662  2.6229484 2.6515036 2.6368995 2.6292708 2.6362464 2.6125593
 2.632714  2.6286771 2.66682   2.630458  2.6705897 2.6445577 2.6618035
 2.6370776 2.6569948 2.6281726 2.6422424 2.6246996 2.6260355 2.6349404
 2.6458044 2.6219094 2.6348512]
[2.518345  2.5042455 2.5331569 2.5182264 2.510865  2.517336  2.4938564
 2.5141597 2.5103602 2.5491264 2.5116663 2.5529556 2.5268047 2.544021
 2.5189388 2.5384998 2.5095885 2.5237176 2.5060563 2.5074217 2.5161781
 2.5274577 2.5030582 2.5168312]
[2.7479143 2.7338147 2.763854  2.7479439 2.740998  2.7466083 2.7235742
 2.7444117 2.740256  2.780061  2.7412949 2.783831  2.7574425 2.7751336
 2.7489235 2.768722  2.7396624 2.753198  2.7360113 2.7363675 2.7464302
 2.757383  2.73239   2.7468753]
[2.7616873 2.747855  2.7762022 2.7622216 2.754296  2.7617762 2.7376735
 2.7577393 2.7536728 2.7915485 2.7555428 2.7953181 2.7692862 2.7863836
 2.7623105 2.7819905 2.7532868 2.7675347 2.7493985 2.7517138 2.759639
 2.7710373 2.746816  2.760114 ]
[2.8318284 2.817818  2.8475902 2.8320658 2.825031  2.8308785 2.8078444
 2.828415  2.8242888 2.863441  2.825506  2.8672404 2.841238  2.858573
 2.8333125 2.8525472 2.8238733 2.8372605 2.819955  2.8209348 2.8300772
 2.8414755 2.8164823 2.8311753]
[2.9425464 2.9286547 2.958219  2.9429026 2.9356303 2.9416857 2.9186516
 2.9390142 2.9348586 2.9738324 2.9364614 2.9774835 2.9515107 2.9688456
 2.943615  2.9633245 2.9345913 2.9479191 2.9308217 2.9315636 2.9411216
 2.9520748 2.9275267 2.9415371]
[3.577943  3.5660403 3.5942688 3.5795758 3.572333  3.580377  3.5607567
 3.5755389 3.571027  3.6052814 3.5772307 3.6072404 3.5870261 3.6008883
 3.5823956 3.5988698 3.5750046 3.582811  3.5682962 3.5720363 3.5778542
 3.5873528 3.56512   3.5818317]
[20.707682 20.692781 20.736652 20.710205 20.707088 20.71623  20.703289
 20.716646 20.703585 20.727125 20.710829 20.734188 20.72187  20.732111
 20.734812 20.732468 20.71804  20.7078   20.702904 20.70774  20.70311
 20.720951 20.681204 20.731102]
[71.60725  71.598076 71.67436  71.67716  71.67001  71.67926  71.714905
 71.66958  71.640236 71.62262  71.71327  71.62574  71.68454  71.66272
 71.74864  71.675186 71.71974  71.633156 71.64287  71.7063   71.624725
 71.68678  71.59751  71.75643 ]
[142.3881  142.442   142.38138 142.3784  142.39243 142.44742 142.54645
 142.35983 142.41945 142.26454 142.50073 142.18956 142.30345 142.1913
 142.39941 142.37871 142.44533 142.33122 142.48647 142.4559  142.44397
 142.28996 142.42245 142.4995 ]
[313.78876 313.8016  313.80487 313.83096 313.82303 313.82883 313.8594
 313.8657  313.79797 313.7841  313.8191  313.78732 313.84286 313.86398
 313.8836  313.79318 313.89404 313.82532 313.78503 313.8081  313.78882
 313.80557 313.8113  313.8458 ]
[201.2163  200.83173 201.3036  201.26534 201.08217 200.92226 200.33151
 201.15787 201.13918 201.87909 200.50732 202.28265 201.46362 201.98381
 201.02776 201.29227 200.727   201.3388  200.81024 200.55624 201.0415
 201.38394 200.67876 200.86902]
[275.66925 275.48352 275.93042 275.66763 275.70535 275.5839  275.57465
 275.7803  275.55148 275.87717 275.55756 275.89365 275.94562 276.011
 275.65588 275.7068  275.62347 275.6095  275.49576 275.63092 275.57687
 275.76022 275.29178 275.59625]
[268.60583 268.55148 268.48975 268.58273 268.6262  268.52008 268.37714
 268.5335  268.63718 268.80463 268.3558  268.86774 268.58582 268.70816
 268.4721  268.51404 268.46167 268.6248  268.50336 268.42026 268.6148
 268.54764 268.4916  268.56616]
[382.45178 382.41827 382.47668 382.47363 382.5139  382.46582 382.466
 382.49075 382.46704 382.54462 382.46222 382.53796 382.54248 382.57193
 382.47153 382.43564 382.46375 382.4608  382.41266 382.46658 382.45142
 382.49338 382.4121  382.50125]
[196.86981 196.79752 196.79938 196.80647 196.84663 196.82498 196.63799
 196.85197 196.84357 196.974   196.65059 197.01431 196.80774 196.94331
 196.78853 196.80766 196.70453 196.89085 196.73994 196.7202  196.76305
 196.85709 196.74518 196.73714]
[58.800972 58.77743  58.801804 58.82801  58.829704 58.814835 58.81985
 58.835968 58.797943 58.86185  58.822105 58.865234 58.85998  58.87488
 58.82712  58.80566  58.81442  58.837303 58.782566 58.844666 58.788414
 58.845524 58.797615 58.833206]
[1.7798588 1.7648095 1.7945223 1.7895355 1.7838957 1.779651  1.7622567
 1.7893871 1.7763562 1.8428761 1.7770092 1.8338821 1.805505  1.8305279
 1.7895058 1.803635  1.7818476 1.800726  1.7645127 1.7798291 1.7792652
 1.7998949 1.7688167 1.7875468]
[-4.0528135 -4.0676255 -4.040792  -4.049281  -4.0552773 -4.0507655
 -4.0737996 -4.051893  -4.059492  -4.0113463 -4.0565834 -4.0135727
 -4.0389514 -4.0185595 -4.0493407 -4.031531  -4.057266  -4.0401387
 -4.06908   -4.056049  -4.0559897 -4.039219  -4.06629   -4.051092 ]
[1.343428  1.3298035 1.3566964 1.3392427 1.333692  1.340341  1.3174256
 1.3371649 1.3341966 1.3690445 1.3345824 1.3748921 1.3491865 1.3654232
 1.3409346 1.3610004 1.3318813 1.3457433 1.3309017 1.3299519 1.339866
 1.3489788 1.3279334 1.3390943]
[1.0911809 1.0774673 1.1029058 1.0893999 1.0815636 1.0894593 1.0646739
 1.0851849 1.0820385 1.1191424 1.0823947 1.1237136 1.0963161 1.1134729
 1.0879158 1.1094954 1.0792186 1.0966723 1.0778235 1.0795451 1.087797
 1.0980377 1.0766659 1.0854818]
[1.1173911 1.10344   1.1297096 1.1143634 1.1073582 1.114868  1.0899639
 1.1108608 1.1080112 1.1446402 1.1077738 1.1498644 1.1222591 1.1395644
 1.1139776 1.1353197 1.1045977 1.1214577 1.1039743 1.1042415 1.1135917
 1.1236246 1.1020746 1.1115732]
[1.694223  1.6797674 1.7074023 1.6914625 1.6846057 1.6905423 1.6659944
 1.6879005 1.6851994 1.7239655 1.6841011 1.729724  1.7009017 1.71886
 1.6908392 1.7126563 1.6813406 1.6983787 1.6810141 1.6799158 1.691136
 1.7010798 1.6784316 1.6888801]
[1.4937433 1.4792283 1.5060915 1.491992  1.4840666 1.4910125 1.4656631
 1.4876286 1.4845712 1.5238123 1.4838885 1.528799  1.4997393 1.5179054
 1.4902407 1.512414  1.4809499 1.499116  1.48      1.480653  1.4904188
 1.5011344 1.4783081 1.4880441]
[1.5002736 1.4855508 1.5130076 1.497424  1.4902704 1.4967413 1.4713919
 1.4936839 1.4910125 1.5299864 1.489558  1.5357449 1.5063586 1.5245247
 1.4966522 1.5185881 1.4867678 1.5046073 1.4866194 1.485907  1.4967413
 1.507071  1.4842447 1.4943963]
[1.728507  1.7133983 1.7422206 1.726637  1.719513  1.7246186 1.6998035
 1.7227485 1.7197208 1.7613069 1.718118  1.7666498 1.7366105 1.7554296
 1.7257168 1.747712  1.7159808 1.7335532 1.7150012 1.7140514 1.7257762
 1.7364621 1.7123001 1.7239358]
[1.6843979 1.6693783 1.6975772 1.6828841 1.6753446 1.6814    1.6558131
 1.6785504 1.6753446 1.7165447 1.6743354 1.7213534 1.6917297 1.7104003
 1.6816671 1.7035732 1.6719904 1.6898893 1.6705062 1.6708921 1.6813703
 1.6925311 1.668369  1.6796486]
[1.7910494 1.7757626 1.8051488 1.7893277 1.7823819 1.7871015 1.762049
 1.785558  1.7824116 1.8246803 1.7805415 1.8299639 1.7997465 1.8189218
 1.7886747 1.8105512 1.7786418 1.7962142 1.7774248 1.7764156 1.7883185
 1.7994497 1.7745456 1.7868047]
[2.0295234 2.0143852 2.0435934 2.0285144 2.0210342 2.0263474 2.001206
 2.0242991 2.0209155 2.0627983 2.0196686 2.0677257 2.0379238 2.056921
 2.027505  2.0492926 2.0177097 2.0351336 2.0160475 2.0157504 2.0269709
 2.0381613 2.0133166 2.025457 ]
[1.9956847 1.9808135 2.0095763 1.9945568 1.987136  1.9926571 1.9678123
 1.990223  1.9868985 2.0286922 1.9863346 2.0330558 2.0038772 2.0223403
 1.9936663 2.0153053 1.984138  2.0011463 1.9822383 1.9823273 1.9932804
 2.0043225 1.9798636 1.9918259]
[4.730657  4.72009   4.7491794 4.7315774 4.725997  4.733596  4.717567
 4.7290244 4.7238894 4.755591  4.7327647 4.756363  4.740304  4.7521477
 4.7367125 4.7517915 4.730835  4.7333584 4.723058  4.7255516 4.7324085
 4.738998  4.718487  4.737425 ]
[39.738773 39.739426 39.767357 39.768723 39.766556 39.769672 39.791786
 39.759876 39.749695 39.75691  39.791756 39.747765 39.77775  39.770653
 39.78211  39.76611  39.790005 39.747887 39.748478 39.775043 39.762253
 39.769318 39.74649  39.799416]
[174.90553 174.95148 174.93678 174.88985 174.91113 175.01166 175.02684
 174.9377  174.92607 174.74118 175.04851 174.67168 174.8338  174.75928
 174.95459 174.96594 174.98418 174.87657 174.96394 175.01653 174.87999
 174.83974 174.92209 174.94841]
[270.8572  270.69464 270.82886 271.05594 270.91757 270.6485  270.37137
 270.86707 270.85214 271.33853 270.51617 271.54587 271.154   271.47626
 270.76877 270.9686  270.7166  271.0872  270.61282 270.5968  270.83978
 271.1867  270.74814 270.54407]
[274.69235 274.6712  274.7038  274.75635 274.70425 274.61484 274.57443
 274.68478 274.70474 274.8465  274.57162 274.93936 274.77902 274.8558
 274.68378 274.70587 274.6902  274.73398 274.66608 274.5812  274.75473
 274.76892 274.67694 274.68732]
[568.8043  568.8556  568.8832  568.91125 568.84985 568.8031  569.02625
 568.87286 568.81775 568.77795 568.9689  568.7821  568.95764 568.8605
 568.92194 568.82477 568.98145 568.8221  568.90625 568.929   568.9095
 568.9069  568.9399  568.92615]
[126.13247  126.26947  126.00899  126.46453  126.66399  126.37756
 127.07231  126.42467  126.494484 126.270836 126.71636  126.29938
 126.70516  126.3691   126.58473  126.025444 126.86275  126.28586
 126.37897  126.94426  126.52863  126.31527  126.44442  127.21024 ]
[131.10045 131.09702 131.1971  131.30576 131.27992 131.12265 131.3547
 131.31702 131.21693 131.37048 131.3023  131.31519 131.47531 131.48167
 131.34221 131.19826 131.37462 131.25766 131.12956 131.31467 131.1766
 131.35654 131.20663 131.3628 ]
[243.32472 243.2623  243.26378 243.22931 243.31604 243.30916 243.24219
 243.31401 243.30945 243.25534 243.25383 243.28835 243.26787 243.28912
 243.25394 243.26567 243.17085 243.30275 243.26138 243.33194 243.19054
 243.29648 243.23764 243.20149]
[161.17758 161.168   161.1547  161.12627 161.18167 161.19183 161.1511
 161.18573 161.18678 161.22023 161.13574 161.19226 161.13782 161.17165
 161.1858  161.14508 161.15137 161.17268 161.14981 161.16304 161.14247
 161.13504 161.14429 161.20694]
[36.643356 36.65066  36.654755 36.61296  36.619877 36.650127 36.654728
 36.637806 36.62997  36.583904 36.64784  36.58678  36.60777  36.59171
 36.64698  36.637096 36.641666 36.614624 36.650986 36.641666 36.62828
 36.615635 36.63588  36.635906]
[1.8216527 1.8095123 1.8358115 1.8222463 1.8151817 1.8205544 1.8009635
 1.8185062 1.8140835 1.8523747 1.8176157 1.8533245 1.8308544 1.8466161
 1.8222463 1.8416591 1.8155973 1.827619  1.8108183 1.8127774 1.8207622
 1.8302904 1.8094529 1.8203763]
[-0.09172082 -0.10436583 -0.08082712 -0.09350181 -0.10104132 -0.09103811
 -0.11561573 -0.09697473 -0.10092258 -0.06598556 -0.09819174 -0.06432331
 -0.08869314 -0.0724268  -0.09370959 -0.07349539 -0.10175371 -0.08590293
 -0.10525632 -0.10044765 -0.09593582 -0.0850718  -0.10501885 -0.09700441]
[1.8292515 1.8157754 1.8425792 1.825185  1.8192483 1.8261942 1.8032194
 1.8225728 1.8200498 1.8539776 1.8205544 1.8599735 1.8344461 1.8504156
 1.826402  1.8468833 1.817408  1.83127   1.8171111 1.8154192 1.8259567
 1.8346242 1.8139647 1.8243538]
[1.8653759 1.8524637 1.8781396 1.864426  1.8565897 1.8639214 1.8412732
 1.8598548 1.8567678 1.8928328 1.8587862 1.8965728 1.8713719 1.8874304
 1.863209  1.884284  1.855343  1.870422  1.853473  1.8545119 1.8632387
 1.8725889 1.8520185 1.8610421]
[1.5227437 1.508763  1.5355965 1.5205175 1.5133342 1.5203987 1.4959399
 1.5165993 1.513631  1.5512989 1.5139575 1.5558404 1.5286803 1.5458668
 1.5201316 1.5412956 1.5109892 1.5271665 1.5096238 1.510069  1.5195082
 1.5297786 1.5075756 1.517846 ]
[2.026496  2.0123963 2.0403876 2.0241804 2.017383  2.0232604 1.9997513
 2.0206482 2.0177987 2.0560007 2.0175612 2.0611658 2.0336494 2.0510736
 2.0241213 2.045404  2.0148897 2.030414  2.014029  2.012812  2.023943
 2.0336494 2.0111496 2.022162 ]
[1.7830349 1.7688464 1.795769  1.7813727 1.773655  1.7806603 1.7559046
 1.7770092 1.7739816 1.8122728 1.7739222 1.8171111 1.7890606 1.8066627
 1.780126  1.801765  1.7709539 1.7880217 1.7698853 1.7703305 1.7800963
 1.7903963 1.7679559 1.7778404]
[1.8248881 1.8098981 1.8390766 1.8233149 1.8164581 1.8215636 1.7968969
 1.8195748 1.8163097 1.8577176 1.8151817 1.862556  1.8333775 1.8520482
 1.8231071 1.8443305 1.8132226 1.8298749 1.8114417 1.8110855 1.8222166
 1.8332587 1.8086514 1.8212668]
[2.096162  2.0812907 2.1107662 2.0950935 2.088118  2.0930452 2.0688238
 2.0912347 2.0878508 2.1293182 2.087079  2.1341565 2.1050968 2.1238267
 2.0947373 2.116198  2.0851793 2.1014752 2.0831609 2.0825968 2.0940547
 2.104889  2.080163  2.0929265]
[2.273222  2.2587662 2.2871728 2.2726874 2.2649403 2.271708  2.2467742
 2.2682352 2.2647028 2.3043299 2.2650886 2.3086338 2.280791  2.298601
 2.2721534 2.2929611 2.2627437 2.2788024 2.2601316 2.2612596 2.2707286
 2.2819784 2.2577868 2.2699566]
[2.2987494 2.283908  2.313858  2.297948  2.2910614 2.29587   2.2717674
 2.2942376 2.2905865 2.3322022 2.2899036 2.3367734 2.3081293 2.3267405
 2.2980666 2.3189635 2.2882118 2.304122  2.2858965 2.2855105 2.2966714
 2.3078322 2.282661  2.2960482]
[2.2552934 2.240244  2.269927  2.2546997 2.2472787 2.2525625 2.227569
 2.250544  2.246982  2.2891023 2.2460024 2.2938516 2.2642279 2.283225
 2.2540464 2.2755966 2.2442513 2.2610517 2.2421436 2.2419357 2.2531264
 2.264406  2.239116  2.2521765]
[2.43452   2.4200642 2.4486787 2.4337184 2.426268  2.4320562 2.4077754
 2.4292364 2.425882  2.4666371 2.42609   2.4705553 2.442475  2.4604037
 2.4329765 2.454289  2.423834  2.4398036 2.4216375 2.421964  2.4324124
 2.443217  2.4191442 2.4311955]
[6.9341235 6.9334707 6.954249  6.937597  6.9338565 6.944988  6.947659
 6.935133  6.9286027 6.9407134 6.9568906 6.9322834 6.9427614 6.940001
 6.9472437 6.95413   6.951726  6.9324913 6.9364095 6.9447207 6.9427023
 6.939734  6.9337974 6.952735 ]
[94.809746 94.85141  94.84722  94.87284  94.85884  94.90043  94.93513
 94.82012  94.85562  94.754776 94.962395 94.680016 94.80954  94.741035
 94.84353  94.88713  94.91291  94.80494  94.881035 94.89473  94.88223
 94.799065 94.85034  94.89844 ]
[132.54901 132.61989 132.55624 132.61859 132.61624 132.64548 132.7932
 132.61238 132.60635 132.41548 132.72386 132.39279 132.56941 132.4787
 132.68248 132.54251 132.71815 132.5483  132.63725 132.68112 132.59094
 132.57225 132.64499 132.7034 ]
[269.26926 269.32648 269.29422 269.3966  269.4069  269.30008 269.47003
 269.32303 269.4041  269.4658  269.38174 269.35596 269.39575 269.39893
 269.3374  269.30045 269.43185 269.32385 269.3375  269.29187 269.4453
 269.28195 269.34274 269.48828]
[217.85349 216.98735 217.82686 217.24731 217.22527 217.65475 215.72348
 217.2092  217.0992  218.70804 216.81757 218.74188 217.61334 218.29793
 217.27112 218.18275 216.9929  217.64304 216.66957 217.05676 217.1479
 217.94722 216.57608 217.16931]
[95.92623  95.926216 95.88131  95.83393  95.948975 96.10818  95.96681
 95.856346 95.90379  95.60045  96.146095 95.51267  95.80103  95.67738
 95.92367  95.98897  95.97364  95.84187  95.83487  96.23238  95.79612
 95.98614  95.90357  95.83908 ]
[304.25894 304.29468 304.2256  304.2548  304.28467 304.2692  304.39667
 304.25037 304.2908  304.24698 304.3504  304.19205 304.26123 304.18808
 304.2519  304.21475 304.28363 304.2486  304.3263  304.33408 304.30725
 304.19653 304.32938 304.35812]
[226.98898 227.01767 226.67406 227.09508 227.19405 226.92575 227.02437
 226.73087 227.24196 227.63194 227.01071 227.23209 227.01616 227.0556
 226.68417 226.99036 226.95105 227.1294  227.00146 226.93832 227.3513
 226.75334 227.06926 227.28737]
[201.71564 201.73396 201.7129  201.6723  201.71284 201.71815 201.77122
 201.72644 201.72469 201.69746 201.72433 201.66718 201.68826 201.66443
 201.72597 201.67467 201.72133 201.68787 201.73764 201.73074 201.71269
 201.65706 201.72054 201.76433]
[140.9252  140.92226 140.9206  140.90247 140.93274 140.9313  140.94133
 140.9361  140.93565 140.95604 140.91817 140.92891 140.91335 140.92157
 140.93622 140.90923 140.91942 140.92404 140.92471 140.92896 140.91658
 140.89862 140.91275 140.96086]
[29.320593 29.311361 29.332378 29.334633 29.326826 29.330923 29.322344
 29.331367 29.317535 29.359953 29.332497 29.351255 29.34057  29.353037
 29.335108 29.340065 29.331041 29.339472 29.311125 29.337156 29.321217
 29.34244  29.31807  29.33395 ]
[1.4328632 1.4190309 1.4471111 1.4309932 1.426333  1.4301918 1.4091464
 1.4305183 1.4249675 1.4664052 1.4253831 1.4688985 1.4432523 1.46127
 1.4337537 1.4517417 1.4248488 1.4385327 1.4199808 1.422296  1.4297762
 1.4412042 1.4179326 1.4317946]
[0.32618773 0.31309748 0.33841717 0.32627678 0.31864822 0.32595026
 0.30324268 0.32223988 0.3179952  0.35601926 0.32039952 0.35833454
 0.33340073 0.35026073 0.32523787 0.34527397 0.31757963 0.3330742
 0.31327558 0.31769836 0.32363498 0.33458805 0.3130381  0.3232491 ]
[1.0596278 1.0459142 1.0724806 1.0560361 1.0499511 1.0571344 1.0332692
 1.053424  1.0504854 1.0857489 1.0507525 1.0912997 1.0649707 1.081623
 1.057075  1.0773486 1.0477545 1.0628039 1.0467453 1.0465969 1.0559767
 1.0656238 1.0442816 1.0549082]
[1.6239334 1.6101308 1.636905  1.6225086 1.6150285 1.6215588 1.5979607
 1.6183827 1.6152363 1.6535572 1.6157112 1.6578612 1.6307012 1.6479471
 1.62144   1.6428713 1.6128616 1.6290686 1.6111697 1.6118227 1.6213807
 1.6313839 1.6094184 1.6194513]
[1.5277898 1.5137794 1.5404942 1.5261573 1.5186177 1.5256823 1.5012828
 1.5219423 1.5188552 1.5568199 1.5192708 1.561213  1.5338749 1.5511504
 1.5252074 1.5465496 1.5162431 1.5328063 1.5146402 1.5156198 1.5247622
 1.5351512 1.5128889 1.5230405]
[1.7838957 1.769351  1.7976687 1.7816695 1.7748721 1.7804228 1.7562014
 1.7781075 1.7751689 1.8148255 1.7741894 1.8201685 1.7914352 1.8095123
 1.781343  1.8028632 1.7718147 1.7882591 1.7708352 1.7698556 1.7811352
 1.7913165 1.7680746 1.779473 ]
[1.6601468 1.6454537 1.6733261 1.6590189 1.6512716 1.6577722 1.6323634
 1.6545664 1.6512716 1.6917    1.6506482 1.6964493 1.6672114 1.6856446
 1.6577128 1.6794705 1.6482439 1.6659054 1.6464629 1.6474128 1.6572379
 1.6683097 1.6445632 1.655546 ]
[1.6151472 1.600187  1.6287421 1.61301   1.6061236 1.6116743 1.5867108
 1.6093887 1.606272  1.6469972 1.6050253 1.6522214 1.6228055 1.641298
 1.6125648 1.6341147 1.6027397 1.6199262 1.601582  1.6010774 1.6121196
 1.6229242 1.5989996 1.6106651]
[2.0058956 1.9909058 2.020381  2.0047083 1.9976438 2.0026898 1.9782904
 2.0008793 1.9974657 2.0390816 1.9965159 2.0438604 2.014771  2.033412
 2.0042632 2.0257537 1.9946458 2.0111496 1.9928055 1.9922712 2.0036695
 2.0144742 1.9897778 2.002512 ]
[2.0449586 2.0300875 2.0590286 2.0441573 2.0366178 2.0426435 2.0174723
 2.039883  2.0363803 2.0772836 2.0359945 2.0818844 2.0530028 2.071436
 2.043623  2.0647278 2.033887  2.050539  2.0316014 2.0322247 2.0422873
 2.0537448 2.0290189 2.0415452]
[1.9983265 1.9832772 2.0126042 1.9969908 1.9899559 1.9950317 1.9702166
 1.9930726 1.9898075 2.0315418 1.9885905 2.0364099 2.0069346 2.0257537
 1.9965752 2.018066  1.9866908 2.0035508 1.9849988 1.9844645 1.9958035
 2.0068753 1.9820899 1.9946162]
[2.223087  2.2083344 2.2376318 2.2223747 2.2150726 2.2203562 2.1959271
 2.2181892 2.2148647 2.2562134 2.2142415 2.2607253 2.2318435 2.2503955
 2.22187   2.243123  2.2122824 2.2285786 2.2101452 2.2099376 2.2210093
 2.2319326 2.2072957 2.220089 ]
[4.102117  4.0878396 4.1186805 4.102325  4.095379  4.1009297 4.077985
 4.098852  4.0942807 4.1344423 4.095587  4.1380043 4.1117344 4.129188
 4.104017  4.1231327 4.09437   4.1073117 4.0905113 4.090956  4.1006627
 4.1119423 4.086237  4.102028 ]
[47.43124  47.43522  47.490932 47.48167  47.479477 47.493484 47.51563
 47.4755   47.447834 47.44715  47.52412  47.425392 47.483986 47.467037
 47.52317  47.4855   47.522457 47.44724  47.45647  47.507317 47.4595
 47.48746  47.44059  47.531452]
[102.12196  102.03772  102.07102  102.20884  102.1596   102.05906
 102.25743  102.15354  102.14833  102.17034  102.182724 102.246544
 102.28471  102.21665  102.24372  102.150276 102.16083  102.20279
 102.16028  102.267555 102.060394 102.204865 102.05959  102.28516 ]
[345.22952 345.29184 345.1793  345.15137 345.19788 345.26605 345.27405
 345.2166  345.25974 345.03207 345.2575  344.99487 345.06848 345.00732
 345.20078 345.20047 345.20474 345.1744  345.2967  345.23706 345.19122
 345.09857 345.26877 345.1888 ]
[477.07986 476.99243 477.0428  477.07343 477.0698  477.0157  476.7445
 477.05692 477.01892 477.33356 476.82306 477.40015 477.0993  477.31924
 477.04062 477.08243 476.9539  477.1452  476.91235 476.8181  477.00702
 477.14404 476.95877 476.96118]
[442.2918  442.052   442.24643 442.40366 442.52408 442.2254  441.96423
 442.4151  442.28738 442.85538 441.89517 443.15372 442.68326 442.98978
 442.309   442.17874 442.2384  442.4184  441.97235 442.07547 442.27155
 442.50513 441.92847 442.46326]
[631.8167  631.7712  631.76855 631.9429  631.9999  631.8367  632.00836
 631.9053  631.89886 631.9815  631.899   632.06946 632.0812  632.022
 631.9269  631.7679  631.9594  631.8901  631.83984 632.0125  631.92944
 631.9519  631.83044 632.14154]
[587.5744  587.64246 587.7012  587.69617 587.63275 587.61664 587.8545
 587.60944 587.6209  587.56274 587.84283 587.4795  587.6981  587.56714
 587.6686  587.6485  587.7366  587.57806 587.7174  587.7444  587.71295
 587.6407  587.7109  587.72174]
[351.2353  351.2715  351.20343 351.2368  351.26956 351.2756  351.36493
 351.19275 351.28833 351.1628  351.3303  351.08978 351.16998 351.07843
 351.2207  351.21152 351.24704 351.20026 351.32816 351.291   351.29218
 351.1394  351.266   351.33276]
[254.99002 255.013   254.92531 254.96274 255.0043  254.99777 255.00279
 254.91801 255.04208 255.02345 254.98973 254.93626 254.90047 254.88124
 254.93651 254.97102 254.95844 254.97539 255.02727 254.96867 255.04752
 254.88615 255.00377 255.05159]
[473.67743 473.51624 474.19656 473.60077 473.61804 473.94614 473.564
 474.24213 473.371   472.94193 473.57217 473.70572 473.88602 473.98248
 474.28568 473.60114 473.83453 473.52045 473.45746 473.84772 473.11307
 474.16382 473.33722 473.46423]
[57.504204 57.506134 57.461845 57.43246  57.456947 57.483543 57.430798
 57.482536 57.48123  57.442493 57.403046 57.45573  57.39328  57.412247
 57.49129  57.45398  57.445374 57.47461  57.48197  57.44092  57.439438
 57.462795 57.46639  57.442997]
[8.94934   8.934172  8.962905  8.9616585 8.958126  8.9466095 8.936903
 8.965458  8.9476185 9.026367  8.948212  9.01206   8.983921  9.010635
 8.962727  8.972285  8.955395  8.976322  8.934291  8.954831  8.948835
 8.972908  8.941622  8.961718 ]
[-4.3816133 -4.396455  -4.3693247 -4.374905  -4.381673  -4.3779325
 -4.39972   -4.379209  -4.3882923 -4.336525  -4.382118  -4.34166
 -4.3645754 -4.344717  -4.3766265 -4.3592324 -4.3826523 -4.3667717
 -4.3981767 -4.3812275 -4.3833055 -4.36508   -4.3939614 -4.3773093]
[1.1278099 1.114215  1.1409892 1.1242479 1.11843   1.1249306 1.1023121
 1.121903  1.1186972 1.1543169 1.1194986 1.1597192 1.1341027 1.1504581
 1.125554  1.1456494 1.1166787 1.1306595 1.1152836 1.1149571 1.1244854
 1.1338356 1.1127605 1.123862 ]
[1.5304316 1.5165102 1.5428985 1.5269884 1.520191  1.5272259 1.5033903
 1.5236936 1.5209627 1.556998  1.520933  1.5627565 1.5355074 1.5523081
 1.5268103 1.5481821 1.5177569 1.5338155 1.5174601 1.5168961 1.5269587
 1.5361605 1.5152042 1.5247918]
[1.2217569 1.2075387 1.2342238 1.2182543 1.2113975 1.2185215 1.1936173
 1.2149298 1.212199  1.2494513 1.2116053 1.2548833 1.2267734 1.244227
 1.2180169 1.2395668 1.2084886 1.225408  1.2082808 1.2077168 1.2179278
 1.2277232 1.2060843 1.215761 ]
[1.3477024 1.3328608 1.3604364 1.3441107 1.3374023 1.3435764 1.3182864
 1.340905  1.3382928 1.3772964 1.3364228 1.3835002 1.3536984 1.3720425
 1.3436358 1.36572   1.3336623 1.3515909 1.3338404 1.332653  1.3439623
 1.3540249 1.3314064 1.3415877]
[1.321225  1.306057  1.3337216 1.3185536 1.3111328 1.3171881 1.2913935
 1.314576  1.3117561 1.3525407 1.3097377 1.3582696 1.327696  1.3464854
 1.3169804 1.3395395 1.3071256 1.3262118 1.3070068 1.3065616 1.3176334
 1.3282303 1.3049884 1.3149916]
[1.325262  1.3100345 1.337996  1.3216406 1.3149025 1.3208985 1.2950742
 1.3183161 1.315704  1.355509  1.3133887 1.3618909 1.331347  1.3501364
 1.321047  1.3432796 1.3108656 1.3292692 1.3110734 1.309797  1.3213735
 1.3317626 1.3085207 1.3190879]
[1.6585143 1.6437618 1.671189  1.6552194 1.6482439 1.6544774 1.6293951
 1.6515981 1.649075  1.6877224 1.6476206 1.6938372 1.6644509 1.6824685
 1.654418  1.6766506 1.6446226 1.6623434 1.6450084 1.643643  1.654982
 1.6648961 1.6424854 1.6523402]
[1.3167429 1.3013077 1.3289427 1.314012  1.3064132 1.312795  1.2859021
 1.3098861 1.3070365 1.348207  1.3046322 1.3541436 1.3226202 1.3419142
 1.3121123 1.3350871 1.3019607 1.3219374 1.3020201 1.3017529 1.312795
 1.3238668 1.3001204 1.3098564]
[1.3575275 1.341558  1.3703209 1.3541436 1.3471978 1.3522736 1.3256478
 1.3505223 1.3479695 1.3902383 1.3443779 1.396917  1.364503  1.384272
 1.3528672 1.3759013 1.342122  1.362069  1.342775  1.3410534 1.3536093
 1.3644733 1.3401332 1.3508785]
[1.2590389 1.2422086 1.2716246 1.2560112 1.2486795 1.2531914 1.2254376
 1.2520931 1.2493622 1.2946587 1.2445536 1.3014858 1.2668753 1.2878612
 1.2539631 1.2776502 1.2427132 1.2645897 1.2434256 1.2418821 1.2550911
 1.2666378 1.2408729 1.2521821]
[3.1371489 3.1253054 3.1496751 3.1359615 3.127977  3.1364365 3.115688
 3.1309452 3.127977  3.160658  3.1326668 3.1638043 3.1418686 3.155493
 3.1348634 3.1553743 3.128333  3.1409187 3.126463  3.1278582 3.1356053
 3.1434417 3.1250086 3.133498 ]
[38.320156 38.361652 38.353996 38.38056  38.375072 38.385696 38.468395
 38.356934 38.362427 38.287415 38.440075 38.25361  38.36041  38.310688
 38.392048 38.337345 38.440315 38.31805  38.371746 38.39561  38.38816
 38.343517 38.375576 38.432655]
[123.97654  123.98885  124.01191  124.0262   124.03631  124.05055
 124.08779  124.04468  124.01146  123.96938  124.064354 123.95401
 124.02204  124.014534 124.06817  123.9877   124.06241  123.993484
 123.99319  124.046295 123.9813   124.0197   123.992096 124.066185]
[174.42259 174.48643 174.51192 174.47507 174.47267 174.5064  174.65262
 174.50726 174.46771 174.36124 174.58983 174.30644 174.4658  174.39644
 174.55298 174.44365 174.57985 174.41069 174.50761 174.53645 174.47485
 174.42937 174.48639 174.57124]
[289.78934 289.76715 289.81302 289.81683 289.8156  289.7649  289.7307
 289.79843 289.80655 289.93353 289.7179  289.92352 289.829   289.89612
 289.81717 289.80136 289.8076  289.80612 289.75394 289.7146  289.8208
 289.8411  289.74503 289.82056]
[441.3395  441.15897 441.21222 441.34476 441.2063  440.91214 441.1993
 441.19818 441.29858 441.57065 441.0849  441.76227 441.54733 441.51758
 441.32928 441.33914 441.18527 441.397   441.31622 441.24982 441.23483
 441.41254 441.14056 441.3677 ]
[786.3945  786.5109  786.4422  786.4862  786.3637  786.3908  786.53314
 786.5191  786.4021  786.214   786.4434  786.3563  786.4717  786.46375
 786.6337  786.338   786.65356 786.39856 786.47876 786.35345 786.4231
 786.5385  786.6308  786.4457 ]
[518.5201  518.66956 518.6037  518.70795 518.6775  518.74945 519.1488
 518.66473 518.6762  518.3157  519.0914  518.1934  518.6619  518.4063
 518.75073 518.66925 518.85986 518.6029  518.78467 519.00226 518.6819
 518.6008  518.8233  518.87445]
[762.8941  762.9111  762.9544  762.9959  762.949   762.8521  763.12573
 762.95135 762.956   762.8377  763.0106  762.8743  763.0419  762.90765
 762.9489  762.8423  762.98737 762.8589  763.0115  762.9854  762.98114
 762.9504  762.9411  763.02167]
[552.57623 552.53796 552.5838  552.3982  552.35785 552.59753 552.6137
 552.3815  552.3468  552.034   552.6833  552.0534  552.31024 552.0582
 552.3508  552.57007 552.3693  552.3961  552.6441  552.6859  552.50146
 552.3876  552.53326 552.32214]
[300.8044  301.03195 301.5127  300.97388 300.546   300.87894 301.00888
 300.85974 300.92798 300.7883  301.26822 300.3253  300.6223  300.7836
 301.0305  301.36142 300.8551  300.82816 301.05124 300.55988 300.8578
 300.86603 301.06757 300.32523]
[133.1872  133.17694 133.18578 133.08553 133.14238 133.18633 133.16986
 133.20871 133.15222 133.0733  133.12172 133.13907 133.12451 133.11801
 133.20935 133.11864 133.14517 133.12805 133.1751  133.16414 133.10594
 133.11624 133.13213 133.19528]
[6.613576  6.5984077 6.6315045 6.643378  6.62723   6.6180577 6.5955877
 6.638747  6.612745  6.7158046 6.6096873 6.690396  6.6501155 6.6870713
 6.6351852 6.6474147 6.6284766 6.6575365 6.5968347 6.6214714 6.61693
 6.6496706 6.6057987 6.624113 ]
[-6.155417  -6.1729    -6.1392097 -6.133778  -6.1429205 -6.146868
 -6.1604333 -6.144256  -6.1592755 -6.093053  -6.143039  -6.101275
 -6.1169477 -6.097891  -6.1411095 -6.127782  -6.140902  -6.1322045
 -6.1722474 -6.1411986 -6.1496286 -6.1246653 -6.1657763 -6.1349654]
[1.7656703 1.7531737 1.7794136 1.7621974 1.7566466 1.763266  1.7426659
 1.7599711 1.7567357 1.7900995 1.7592587 1.7948785 1.7719928 1.786775
 1.7642158 1.7835692 1.7563795 1.7678965 1.7544501 1.7539752 1.7631769
 1.7713398 1.7516896 1.762702 ]
[1.451623  1.4400169 1.4635853 1.4513261 1.4430445 1.4518307 1.4310229
 1.4463987 1.4430149 1.4760225 1.4477642 1.4783081 1.4566097 1.4707092
 1.449931  1.4701452 1.4436085 1.4567581 1.4405512 1.4437866 1.4498123
 1.4584204 1.4401059 1.4480313]
[1.4730839 1.460053  1.4856695 1.4691954 1.4626354 1.4707983 1.4475267
 1.4660786 1.4636743 1.4969491 1.464832  1.5020843 1.4769723 1.4926153
 1.4699078 1.4905672 1.4611216 1.4756366 1.4608841 1.4602014 1.4696109
 1.4781597 1.4585688 1.4675925]
[2.25467   2.2419357 2.267582  2.2516422 2.2446964 2.2521765 2.230211
 2.2479022 2.2455869 2.2787428 2.2474272 2.2838483 2.2593894 2.274528
 2.2516422 2.27245   2.2435684 2.257282  2.243331  2.2421732 2.2521467
 2.2601316 2.2408671 2.2498019]
[1.738154  1.7249748 1.7502944 1.7360762 1.7281508 1.7363434 1.7125969
 1.7316238 1.7288632 1.7641861 1.7302287 1.7685496 1.7424878 1.7586651
 1.7347702 1.7562608 1.7264589 1.7425472 1.7255981 1.7263995 1.7352154
 1.7444469 1.7242327 1.7324252]
[1.5881059 1.5733831 1.60084   1.584544  1.5777168 1.584069  1.5591055
 1.5811007 1.5785776 1.6169282 1.5772716 1.623043  1.5939238 1.6118227
 1.5841284 1.6060642 1.5742736 1.5916382 1.5745704 1.5731753 1.584544
 1.5943097 1.5720177 1.5821099]
[1.705651  1.691047  1.7181476 1.7028608 1.6954104 1.702     1.6768881
 1.6987942 1.6961228 1.7348889 1.6950245 1.7405881 1.7113502 1.7292491
 1.7014954 1.7238171 1.6920562 1.7099551 1.6920859 1.6913735 1.7022672
 1.7121516 1.689919  1.699477 ]
[1.5109298 1.4962367 1.5230108 1.5079615 1.500333  1.507635  1.481692
 1.5038356 1.5011641 1.5396928 1.4999768 1.5453029 1.5157385 1.5338155
 1.506507  1.5289772 1.4968303 1.5153823 1.4969194 1.4967413 1.5070413
 1.5173414 1.49499   1.5041324]
[1.2154344 1.1990197 1.2281685 1.2120802 1.2050453 1.2098837 1.1824565
 1.2084589 1.2057577 1.2495106 1.2014537 1.2564565 1.2227958 1.2433069
 1.2105367 1.233838  1.1994352 1.2203618 1.200118  1.1984557 1.2112788
 1.2227068 1.1975355 1.208548 ]
[1.1269788 1.1100891 1.1395644 1.1234761 1.1164412 1.1209531 1.0929619
 1.1197954 1.1171833 1.1620642 1.1121669 1.1691881 1.1345183 1.155623
 1.1217545 1.1454713 1.1102968 1.1321733 1.1112467 1.1094657 1.1226747
 1.1343105 1.1085752 1.1197658]
[1.3014858 1.2845367 1.3142198 1.2982206 1.2910967 1.2953414 1.2673799
 1.2944212 1.29172   1.3373727 1.2865552 1.3444372 1.3093518 1.3306346
 1.2962912 1.3201268 1.2848632 1.3069475 1.2856944 1.283943  1.2973598
 1.3090847 1.2830822 1.2944806]
[4.8240404 4.8170347 4.8366556 4.8236246 4.815284  4.8282256 4.813651
 4.818163  4.8157883 4.8336577 4.828522  4.8347855 4.8246336 4.8311343
 4.824278  4.8415236 4.8214874 4.8249307 4.8183413 4.821191  4.8243666
 4.8281364 4.817213  4.822912 ]
[36.8962   36.952568 36.952538 36.96738  36.96723  37.006886 37.09683
 36.951736 36.948917 36.84197  37.088547 36.776367 36.94592  36.87818
 36.99807  36.95212  37.064827 36.901245 36.957226 37.034344 36.96604
 36.916176 36.96429  37.04512 ]
[139.86873 139.88602 139.89333 139.88112 139.90767 139.94057 139.98322
 139.92393 139.89265 139.81682 139.94968 139.79617 139.87793 139.84784
 139.94383 139.86638 139.94553 139.86154 139.89351 139.94461 139.86737
 139.86693 139.87769 139.95909]
[195.99492 196.00253 196.02095 196.01451 196.02121 196.0436  196.06674
 196.0335  196.00682 195.97011 196.0397  195.95566 195.99805 195.99144
 196.05753 195.99478 196.04707 195.99352 196.0051  196.02689 195.99055
 196.00745 195.99013 196.04628]
[211.03786 211.02072 211.05623 211.03136 211.04219 211.05096 211.02217
 211.06773 211.03687 211.08626 211.01357 211.10172 211.0461  211.07448
 211.07349 211.02919 211.04367 211.04303 211.02864 211.03453 211.02972
 211.0446  211.01408 211.08113]
[125.136566 125.11389  125.14678  125.19871  125.199974 125.14537
 125.2307   125.19288  125.17688  125.23967  125.185104 125.24503
 125.25183  125.25542  125.22725  125.151146 125.20567  125.18829
 125.14193  125.20797  125.148605 125.200584 125.129135 125.271255]
[116.39847  116.3943   116.445915 116.45785  116.46395  116.45368
 116.49096  116.45705  116.42919  116.47573  116.48309  116.45975
 116.49268  116.49617  116.483185 116.43511  116.48651  116.432396
 116.40635  116.47298  116.43608  116.46232  116.41304  116.52201 ]
[236.59412 236.55621 236.5989  236.50716 236.57672 236.57701 236.54192
 236.65024 236.58154 236.63486 236.47275 236.68407 236.57838 236.64778
 236.62369 236.52728 236.54132 236.57457 236.54236 236.52762 236.51729
 236.55603 236.50952 236.6111 ]
[303.01865 302.755   302.74927 302.99573 302.82108 302.45834 302.8927
 302.91458 302.9547  303.14966 302.66437 303.4142  303.20676 303.15677
 303.0889  302.95615 302.7544  303.1381  302.98874 302.94922 302.63123
 303.1009  302.69748 302.9666 ]
[109.69874  109.708725 109.67423  109.65399  109.66435  109.704796
 109.70142  109.684654 109.68913  109.54717  109.687325 109.58676
 109.613625 109.58786  109.68903  109.66714  109.65459  109.66233
 109.71738  109.69067  109.64556  109.66848  109.701454 109.63327 ]
[32.02799  32.04969  32.051678 32.00362  32.026505 32.057793 32.103237
 32.050846 32.02713  31.995516 32.075214 31.972157 32.02348  31.994122
 32.07397  32.018936 32.084953 32.003708 32.045532 32.07103  32.033867
 31.99433  32.0382   32.102703]
[0.70233214 0.6888857  0.71497715 0.7021837  0.69511914 0.70298517
 0.67983234 0.69879985 0.6943474  0.7310357  0.6969298  0.73394465
 0.7095748  0.7261083  0.70304453 0.72147775 0.69440675 0.7087437
 0.68933094 0.6944958  0.699067   0.7111777  0.688203   0.7008183 ]
[2.298037  2.2844124 2.3134425 2.2966714 2.2904084 2.2964637 2.2742014
 2.2940001 2.2899334 2.327156  2.2912989 2.3311336 2.30617   2.3229709
 2.2981558 2.3178356 2.2893991 2.302074  2.2862527 2.2861042 2.2958999
 2.3059325 2.2825127 2.295959 ]
[2.231992  2.218694  2.245765  2.2328825 2.2247195 2.2325263 2.2092252
 2.2281628 2.2240667 2.2610517 2.2268271 2.26402   2.2392347 2.2556496
 2.2325263 2.2520876 2.224215  2.2383442 2.219911  2.2232947 2.2299438
 2.2411938 2.2181597 2.2302408]
[2.2964935 2.2826908 2.3113647 2.2964044 2.28931   2.2956624 2.2728658
 2.2927237 2.288746  2.3268592 2.2904084 2.33054   2.3051312 2.3220506
 2.297473  2.3166184 2.2884197 2.301777  2.2845905 2.286045  2.2944155
 2.3056061 2.2815924 2.2953951]
[2.8547735 2.841238  2.8703868 2.8553374 2.8479464 2.854625  2.8315315
 2.8514192 2.8471746 2.8852878 2.8491633 2.888731  2.8634112 2.8804493
 2.8561983 2.8756406 2.8472934 2.860354  2.8432267 2.8444438 2.853408
 2.8642423 2.8399913 2.8539126]
[2.7183795 2.7048144 2.733043  2.7191513 2.7113447 2.7187061 2.6954346
 2.714788  2.7106025 2.7480924 2.7130365 2.7514763 2.7263644 2.742987
 2.7197154 2.738742  2.7107806 2.7243161 2.706447  2.7092075 2.7163908
 2.7279673 2.7038348 2.7174594]
[2.7900643 2.7760835 2.8060932 2.7903018 2.7834153 2.7891145 2.7664661
 2.7868586 2.7825544 2.8216767 2.7840385 2.8252091 2.7996817 2.8169868
 2.7918453 2.8108127 2.7825248 2.795348  2.7783692 2.7792003 2.7883723
 2.7997706 2.7746587 2.7896488]
[2.9771569 2.9635324 2.9922063 2.978166  2.9702408 2.9778397 2.9540932
 2.973773  2.969469  3.0071073 2.9717546 3.0106988 2.9851713 3.00215
 2.9786708 2.9978757 2.9697065 2.983242  2.9652243 2.967777  2.975465
 2.9869227 2.9624639 2.9763258]
[2.839724  2.8258028 2.8548923 2.8404958 2.8329268 2.839724  2.8164823
 2.8363996 2.832155  2.8704462 2.8340547 2.8740377 2.8484807 2.8655188
 2.8415942 2.860354  2.8321846 2.84572   2.827732  2.830166  2.8377056
 2.8495789 2.8247044 2.8393085]
[3.3108544 3.2971113 3.3278036 3.311656  3.304829  3.3108249 3.2885032
 3.3084502 3.3036711 3.3424373 3.305838  3.3454947 3.3209171 3.3380442
 3.3137338 3.3322856 3.3045914 3.3161974 3.2996342 3.3007622 3.309667
 3.3209765 3.295449  3.3115075]
[2.9949965 2.9812531 3.0099864 2.9960651 2.98811   2.9956496 2.971903
 2.9917016 2.9873679 3.0251248 2.9895942 3.0288055 3.0032187 3.0201678
 2.996837  3.0157154 2.987546  3.0011706 2.9829748 2.9858243 2.9930077
 3.0049403 2.9801846 2.994373 ]
[3.037384  3.0233438 3.052938  3.0379183 3.0306163 3.036998  3.0137858
 3.0340297 3.0298147 3.0685215 3.031388  3.072232  3.0464373 3.063624
 3.039254  3.0580435 3.0296664 3.0430832 3.025481  3.027173  3.0353951
 3.047209  3.022097  3.0369387]
[3.717157  3.7047493 3.7337499 3.7187598 3.7114282 3.718374  3.6975067
 3.7146041 3.710211  3.7460089 3.7146041 3.7483242 3.72624   3.7416751
 3.7204814 3.7385585 3.712467  3.722411  3.7071834 3.709113  3.7167711
 3.7271898 3.7037401 3.718374 ]
[11.8087435 11.79972   11.834598  11.816105  11.811475  11.820112
 11.8141165 11.817292  11.806904  11.832995  11.823289  11.831778
 11.826613  11.833262  11.834271  11.8337965 11.826524  11.8129
 11.806814  11.81759   11.812158  11.822279  11.795416  11.83727  ]
[70.152954 70.11113  70.17459  70.21736  70.19849  70.148766 70.25322
 70.19985  70.18667  70.204956 70.20813  70.2447   70.26738  70.240456
 70.29219  70.202194 70.23915  70.19216  70.18059  70.23882  70.138794
 70.22719  70.10047  70.320335]
[187.64351 187.5878  187.59163 187.6141  187.61304 187.59618 187.49684
 187.58594 187.62993 187.69449 187.5227  187.72166 187.59555 187.64694
 187.56421 187.65979 187.53487 187.64975 187.60088 187.53798 187.61244
 187.60329 187.55222 187.57153]
[300.31305 300.07687 299.80176 300.52368 300.3392  299.70212 300.6181
 300.16635 300.48376 300.75836 300.1695  300.94922 300.78357 300.55133
 300.5004  300.1777  300.31845 300.57962 300.43115 300.53406 300.19064
 300.31952 300.09177 300.87375]
[415.24426 415.01132 415.36108 415.22046 415.23322 415.14417 414.6206
 415.26193 415.13248 415.69107 414.74557 415.80136 415.28775 415.67514
 415.20117 415.28802 414.98392 415.28024 414.9591  414.76794 415.0829
 415.38132 414.82544 415.00638]
[213.62927 213.42357 213.88551 213.80399 213.69434 213.69417 213.24004
 213.77881 213.66821 214.12413 213.53029 214.24478 213.92279 214.33267
 213.80936 213.96437 213.59297 213.84177 213.35735 213.48119 213.47473
 213.98357 213.36789 213.50832]
[333.7072  333.73514 333.72803 333.67407 333.69165 333.7444  333.78702
 333.71448 333.6946  333.55182 333.77338 333.56473 333.65518 333.58206
 333.73553 333.67355 333.71783 333.65244 333.7573  333.76785 333.68134
 333.68115 333.73132 333.71814]
[275.84274 275.8871  275.8255  275.8729  275.93567 275.96933 275.95773
 275.79886 275.9563  275.8802  275.97296 275.70575 275.74286 275.70264
 275.8908  275.8918  275.90768 275.8395  275.9354  275.89752 275.9451
 275.75446 275.87115 276.03726]
[315.67636 315.6444  315.6176  315.74597 315.76334 315.6577  315.62234
 315.64752 315.74402 315.97223 315.6375  315.83606 315.71448 315.79086
 315.63837 315.7132  315.64597 315.7686  315.6487  315.63504 315.74054
 315.7061  315.65308 315.73645]
[220.53412 220.5043  220.50745 220.53705 220.5673  220.51627 220.52707
 220.56992 220.54149 220.6155  220.51099 220.61763 220.584   220.61465
 220.546   220.51193 220.50346 220.57384 220.50623 220.55363 220.49736
 220.58417 220.52545 220.54567]
[21.466055 21.450472 21.476534 21.46561  21.462791 21.464838 21.44602
 21.472883 21.45629  21.50123  21.45451  21.50598  21.479414 21.498915
 21.471992 21.476624 21.45911  21.476149 21.450264 21.461159 21.456142
 21.478582 21.449612 21.466204]
[1.4343771 1.4212868 1.4498123 1.4413526 1.4343474 1.4326851 1.4164188
 1.438503  1.4296278 1.4859366 1.4320915 1.479436  1.4542648 1.4751023
 1.4403137 1.457708  1.4344364 1.4493077 1.4222367 1.4301918 1.4354753
 1.449931  1.424077  1.4384733]
[-2.4637876 -2.4774714 -2.4522111 -2.4640546 -2.4699318 -2.462511
 -2.4865842 -2.4661622 -2.471802  -2.431522  -2.4693086 -2.4314032
 -2.4561293 -2.4378147 -2.4629564 -2.4444935 -2.4713864 -2.455417
 -2.4788368 -2.4703178 -2.468062  -2.454378  -2.4776793 -2.465598 ]
[1.730288  1.7173462 1.7436454 1.7260137 1.7204036 1.727765  1.7057698
 1.7238171 1.7210566 1.7534705 1.7226892 1.7591103 1.7352748 1.7502944
 1.7280024 1.7478011 1.719424  1.7318909 1.7185929 1.7174649 1.7270823
 1.7353342 1.7155355 1.7260433]
[1.2268624 1.213505  1.2387357 1.2253783 1.2175122 1.2253783 1.2014834
 1.2210445 1.2178981 1.2543787 1.218937  1.258564  1.232057  1.2488576
 1.2238941 1.245266  1.2156422 1.2322648 1.2139503 1.215761  1.2238941
 1.2337489 1.212852  1.2216382]
[1.2986065 1.2847445 1.3112515 1.2956382 1.2887517 1.2961131 1.2719511
 1.2922246 1.2894047 1.3255291 1.2897016 1.3305752 1.3038307 1.3206611
 1.2956085 1.3165351 1.2865255 1.3023466 1.285546  1.2856647 1.2950445
 1.3048993 1.2834384 1.293412 ]
[1.8511873 1.8371472 1.8644557 1.8485159 1.8416888 1.8478925 1.8240273
 1.8449836 1.8422527 1.8799206 1.8418669 1.8853823 1.8576583 1.8750526
 1.84813   1.8696799 1.8389876 1.8550758 1.8384533 1.8373847 1.8483081
 1.8578957 1.8358709 1.8462303]
[1.4854914 1.4709467 1.4979583 1.4837104 1.4758741 1.4828496 1.4572628
 1.4792876 1.47626   1.5155901 1.4755772 1.5205768 1.4914577 1.5095644
 1.4821075 1.5041621 1.472698  1.4908047 1.4717184 1.4724011 1.4821669
 1.4928231 1.4700265 1.4798516]
[1.5752531 1.5603819 1.5886105 1.5725223 1.5656952 1.5713646 1.5463715
 1.5689306 1.5661701 1.6061236 1.5646266 1.6118524 1.582288  1.6007509
 1.5721067 1.5938644 1.5621629 1.5795572 1.561688  1.560649  1.5720177
 1.5824068 1.5590165 1.570118 ]
[1.8985913 1.8839872 1.9122752 1.8967509 1.889627  1.895148  1.8708673
 1.8928031 1.8898051 1.9298773 1.8890927 1.9350125 1.9061902 1.9242969
 1.8960682 1.9177666 1.8866587 1.9033406 1.8855307 1.884759  1.8959495
 1.9063089 1.8829186 1.8941685]
[1.8136679 1.7987967 1.8269659 1.8123618 1.8046739 1.810937  1.785558
 1.8079984 1.8047333 1.8454585 1.8040209 1.8501188 1.8209699 1.8393141
 1.8112042 1.8329619 1.8016462 1.8190702 1.8000433 1.8003995 1.8108183
 1.8218604 1.7977874 1.8091264]
[1.7313863 1.7159214 1.7453967 1.7293679 1.7225407 1.7271713 1.7018219
 1.7256871 1.7225704 1.7652547 1.7204332 1.7707461 1.7400538 1.7594368
 1.7286851 1.7507694 1.7185929 1.7365808 1.7175837 1.7163963 1.7285367
 1.7396679 1.7146747 1.7268745]
[1.7116174 1.6957963 1.7250935 1.7096286 1.7022672 1.7071055 1.6809844
 1.7054433 1.7024453 1.7457529 1.6997144 1.7515708 1.7196912 1.7395195
 1.7080851 1.7308817 1.6977553 1.7171087 1.6972804 1.6962415 1.7085303
 1.7197208 1.6946683 1.7061557]
[2.8427815 2.8307598 2.8565545 2.842188  2.8346484 2.842188  2.8216767
 2.8373494 2.833936  2.8689916 2.8388336 2.870832  2.8489852 2.8632925
 2.8419206 2.861927  2.8353014 2.8468778 2.8320363 2.8336985 2.8417425
 2.8502913 2.830374  2.840585 ]
[32.58232  32.602863 32.614468 32.652225 32.641598 32.62388  32.68283
 32.614975 32.626373 32.629875 32.663418 32.6001   32.649822 32.631863
 32.646736 32.61186  32.68752  32.5985   32.614708 32.62551  32.65724
 32.62195  32.615093 32.698322]
[131.6235  131.61707 131.62318 131.65366 131.6631  131.63277 131.72305
 131.68561 131.65724 131.62187 131.64734 131.65132 131.67899 131.6648
 131.71413 131.59305 131.67833 131.63669 131.64485 131.66673 131.60353
 131.65189 131.61163 131.72183]
[223.6545  223.64397 223.69418 223.67139 223.66606 223.67552 223.64702
 223.68936 223.66428 223.67078 223.6605  223.68565 223.68164 223.71112
 223.69395 223.69879 223.67642 223.67686 223.63863 223.67087 223.64078
 223.68698 223.63551 223.65323]
[209.02507 209.18794 209.29568 209.16756 209.29668 209.54916 209.56403
 209.45285 209.25885 209.01062 209.70963 208.79951 209.26689 209.28862
 209.58658 209.4411  209.60782 209.26001 209.08948 209.68134 208.99896
 209.11324 209.25758 209.54095]
[226.39235 226.40144 226.40872 226.45372 226.4285  226.36043 226.40582
 226.42876 226.42943 226.4699  226.37357 226.52495 226.48325 226.50305
 226.4289  226.39397 226.44336 226.4301  226.40163 226.39362 226.44305
 226.44452 226.41682 226.43303]
[250.96733 251.20308 251.04674 251.18109 251.20264 251.27399 251.5439
 251.06316 251.22795 250.8594  251.48769 250.6682  251.06209 250.82329
 251.24042 251.01192 251.43616 250.94499 251.18872 251.34105 251.24315
 250.96858 251.27144 251.46109]
[190.1187  190.21246 189.87617 190.4515  190.6939  190.38153 190.85295
 190.4008  190.48164 190.3667  190.56929 190.44142 190.69301 190.48566
 190.51956 190.01038 190.79868 190.35439 190.20557 190.9019  190.45308
 190.38348 190.3866  191.10469]
[329.7526  330.0105  329.96902 330.52338 330.01392 328.88574 330.67795
 330.26947 330.48087 331.12598 330.13956 330.7458  331.03775 330.9266
 330.06964 329.75116 330.30554 330.26666 330.3612  329.91278 330.38214
 330.3382  330.69373 330.233  ]
[392.87332 392.93942 392.7878  392.9282  392.98312 392.90326 393.1267
 392.7565  392.98077 392.94928 393.11435 392.66946 392.88306 392.73615
 392.7722  392.90573 392.95804 392.87262 392.97122 393.02667 393.06842
 392.77106 392.9877  393.04028]
[141.39798 141.39417 141.43996 141.25423 141.29732 141.49352 141.11908
 141.366   141.37286 141.22923 141.22256 141.25323 141.07101 141.18286
 141.51201 141.45692 141.31026 141.33073 141.35146 141.24786 141.21886
 141.36223 141.25555 141.27211]
[54.956177 54.9484   54.966328 54.903847 54.921864 54.946735 54.918983
 54.954395 54.934803 54.927326 54.910583 54.9354   54.910107 54.92198
 54.952793 54.940475 54.924564 54.92801  54.942966 54.923615 54.91661
 54.92038  54.917946 54.92655 ]
[-5.348214  -5.3648367 -5.336549  -5.316216  -5.327822  -5.3357472
 -5.348214  -5.327317  -5.347383  -5.261777  -5.331503  -5.2832084
 -5.3022947 -5.276411  -5.329247  -5.316483  -5.3285046 -5.3074594
 -5.3675976 -5.3219743 -5.3423667 -5.3086762 -5.350975  -5.3263083]
[-1.1948937 -1.2082511 -1.1813285 -1.1972684 -1.2016912 -1.1953686
 -1.2170373 -1.1981885 -1.2029675 -1.1670213 -1.2005335 -1.1634593
 -1.1863153 -1.1699005 -1.1939142 -1.1766089 -1.2024926 -1.1906193
 -1.207984  -1.2042142 -1.1983963 -1.1870574 -1.2095869 -1.1955467]
[1.548479  1.5356262 1.5610349 1.5471432 1.5397521 1.5468761 1.5245247
 1.5431657 1.5398115 1.5759062 1.5418003 1.5796462 1.5546827 1.5707116
 1.5463715 1.56712   1.5387132 1.5534657 1.5364276 1.5378227 1.5461934
 1.5554545 1.5350325 1.5444717]
[0.80405617 0.79126275 0.8155732  0.8018596  0.7941717  0.8036109
 0.7793895  0.7980602  0.794706   0.82869315 0.7969322  0.832077
 0.8073213  0.8231721  0.80126595 0.82198477 0.79304373 0.8087461
 0.79108465 0.7938155  0.8002864  0.8101709  0.7902832  0.7984164 ]
[1.6327196 1.6188873 1.645513  1.6290686 1.6225383 1.6295435 1.6056783
 1.6259816 1.6233991 1.6587814 1.6233695 1.664629  1.6377954 1.6544477
 1.6293951 1.6504998 1.620134  1.635688  1.6199856 1.618917  1.629217
 1.6384782 1.6173735 1.6272283]
[1.5542672 1.5403161 1.5664076 1.5528424 1.5447389 1.55213   1.527493
 1.5483009 1.5451248 1.5831785 1.5453919 1.5877794 1.559907  1.5772122
 1.550913  1.5728191 1.5422455 1.5597882 1.5410285 1.5422455 1.5512395
 1.5614505 1.5396334 1.5486571]
[1.4200995 1.4057626 1.4323586 1.4175171 1.4099479 1.4173983 1.3919599
 1.4134802 1.41069   1.4484766 1.4100666 1.4537898 1.425205  1.4428368
 1.4163594 1.4382656 1.4068905 1.4246707 1.4064453 1.4066827 1.4163891
 1.4267485 1.4045455 1.4139551]
[1.4966226 1.481217  1.5096238 1.4936839 1.4867678 1.492081  1.4664052
 1.4900923 1.4873317 1.5285319 1.4848384 1.5347654 1.5037762 1.5229218
 1.4927044 1.5151151 1.482434  1.5011938 1.4824934 1.4810983 1.49312
 1.5037168 1.4798219 1.4908047]
[1.2754834 1.2598997 1.2878612 1.2732868 1.2656286 1.271862  1.2449394
 1.2690718 1.2660145 1.3080161 1.2636992 1.3135668 1.2820433 1.3014561
 1.2713277 1.2942134 1.2612355 1.2812122 1.2607012 1.2609683 1.271773
 1.2831416 1.2589202 1.2691609]
[1.4783674 1.463051  1.4914577 1.4756069 1.4686017 1.4741228 1.4482985
 1.4718965 1.469136  1.5102174 1.4668207 1.5161837 1.4854023 1.5044886
 1.4746867 1.4969788 1.4644164 1.482998  1.464268  1.46314   1.4748945
 1.4856992 1.4616855 1.4726089]
[1.5230999 1.5073975 1.5363979 1.5211111 1.5137497 1.5186177 1.4925263
 1.5170149 1.5141059 1.5570871 1.5112563 1.5629643 1.531144  1.5508833
 1.5195082 1.5422752 1.5092082 1.5286506 1.508852  1.5078725 1.5199832
 1.5311143 1.5062696 1.5175788]
[1.4176655 1.401696  1.430637  1.4157064 1.4081372 1.4135395 1.3863795
 1.4114617 1.408345  1.4520979 1.4054064 1.4577377 1.4252347 1.4453598
 1.4138957 1.4368408 1.4033879 1.4236318 1.4027052 1.4025865 1.4141926
 1.4259174 1.400568  1.4118179]
[1.774219  1.7591103 1.7876358 1.7719631 1.7648392 1.7698853 1.7450109
 1.7680153 1.7651657 1.8066627 1.7633847 1.8121244 1.7819663 1.8006964
 1.7708352 1.7930975 1.7610694 1.7790574 1.7605945 1.7593478 1.7713991
 1.7817882 1.758012  1.7691135]
[4.017164  4.012949  4.035508  4.0185    4.014344  4.024199  4.020281
 4.016333  4.010604  4.0312634 4.0315604 4.026396  4.026069  4.0285625
 4.0264254 4.0363097 4.027494  4.0170455 4.015086  4.0220914 4.0232196
 4.0222397 4.0128303 4.0318575]
[91.89699  91.928825 91.90754  91.97507  91.95508  91.94475  92.01903
 91.91771  91.95109  91.863434 91.98398  91.84328  91.92234  91.86496
 91.94432  91.905106 91.99153  91.88956  91.9724   91.92784  91.98156
 91.91051  91.93872  92.00064 ]
[127.11357  127.19149  127.11398  127.170364 127.17316  127.2171
 127.37205  127.15775  127.18239  126.94013  127.318504 126.864586
 127.090904 126.946945 127.19589  127.125145 127.27018  127.08184
 127.2513   127.250465 127.17201  127.05333  127.19121  127.27084 ]
[127.68745  127.60114  127.67912  127.76623  127.77535  127.65931
 127.555046 127.763794 127.71391  127.95573  127.57409  128.0149
 127.85597  128.01619  127.72911  127.709915 127.674286 127.800316
 127.55825  127.63411  127.64718  127.82886  127.601585 127.679985]
[187.21729 187.16428 187.21545 187.3067  187.27678 187.17505 187.10907
 187.26764 187.2344  187.40797 187.12846 187.4769  187.35474 187.46867
 187.23808 187.2367  187.2092  187.30981 187.13528 187.16426 187.20615
 187.34476 187.17865 187.1755 ]
[170.30191 170.30922 170.33788 170.34853 170.34518 170.32472 170.3608
 170.36002 170.33041 170.36958 170.3352  170.37807 170.37419 170.38683
 170.37363 170.305   170.37012 170.32896 170.31285 170.33797 170.33081
 170.34705 170.32188 170.3889 ]
[223.95645 223.94882 223.98622 223.94798 223.93178 223.93288 223.93462
 223.95912 223.94302 223.95491 223.92256 223.985   223.9519  223.96054
 223.95828 223.94836 223.92827 223.94342 223.96236 223.9214  223.94643
 223.96204 223.94135 223.93141]
[165.24707 165.28938 165.26242 165.39148 165.38077 165.25282 165.659
 165.35857 165.38722 165.32307 165.48769 165.24464 165.44905 165.31291
 165.45134 165.24687 165.46454 165.31425 165.39757 165.49037 165.31387
 165.25682 165.30864 165.59702]
[170.69571 170.68608 170.68126 170.6303  170.65771 170.6836  170.66017
 170.66917 170.67804 170.67822 170.63652 170.67383 170.62546 170.63446
 170.6667  170.65828 170.6412  170.66083 170.6855  170.64606 170.66994
 170.61972 170.65384 170.68593]
[102.40868  102.39091  102.40264  102.36367  102.39419  102.391396
 102.420334 102.42565  102.40395  102.41195  102.37097  102.42479
 102.40327  102.40782  102.44481  102.37513  102.402306 102.393326
 102.39638  102.40578  102.36328  102.37603  102.36061  102.45486 ]
[49.523426 49.532894 49.544647 49.477654 49.49184  49.53298  49.550972
 49.52286  49.5052   49.423214 49.528442 49.430042 49.473587 49.44298
 49.53598  49.506    49.525352 49.4743   49.53681  49.52482  49.4957
 49.478783 49.500687 49.517994]
[1.959976  1.9471529 1.9740458 1.9601244 1.9530598 1.9600353 1.9382776
 1.9566811 1.9522583 1.9891545 1.9551376 1.9916775 1.9679607 1.9841083
 1.9607477 1.9797449 1.952852  1.9657048 1.9483995 1.9511007 1.9581059
 1.9686137 1.9465295 1.9586996]
[1.5637361 1.550438  1.5770044 1.5630534 1.5558107 1.5636767 1.5408801
 1.5594617 1.5555139 1.5911336 1.5579776 1.5947846 1.5704148 1.5865327
 1.5639439 1.5828223 1.5552764 1.568901  1.5514473 1.554475  1.5608865
 1.5718989 1.5495179 1.561688 ]
[2.517959  2.5045424 2.5336318 2.5172172 2.5107758 2.51695   2.4949844
 2.5142784 2.5101228 2.5471673 2.5121117 2.5507293 2.526419  2.5429227
 2.5189683 2.538025  2.5102713 2.5222633 2.5066202 2.5069468 2.516208
 2.5264485 2.5029395 2.5167718]
[2.711226  2.698106  2.7258003 2.7121758 2.7041614 2.7119384 2.689023
 2.7076342 2.7035973 2.7401075 2.706536  2.7432837 2.7188544 2.7350912
 2.712532  2.7315886 2.7040722 2.7171626 2.6996496 2.7024398 2.709534
 2.7206652 2.6972451 2.7102463]
[2.6580634 2.6445577 2.6733205 2.65839   2.651177  2.6577666 2.6352966
 2.6545906 2.6504943 2.6880138 2.6527798 2.6915164 2.6667902 2.683294
 2.6597257 2.678426  2.650702  2.6634064 2.646487  2.648268  2.6562529
 2.6675026 2.6434298 2.657559 ]
[3.1649323 3.1515453 3.1813767 3.165526  3.15858   3.1649027 3.1427293
 3.162053  3.1576006 3.1953576 3.160094  3.1985335 3.1741934 3.1909347
 3.1672475 3.1860666 3.1584613 3.1700675 3.15392   3.1548698 3.1638043
 3.174609  3.1500018 3.165051 ]
[2.8738003 2.8601758 2.888523  2.874483  2.8666763 2.8741863 2.8510334
 2.8701494 2.8659937 2.9030085 2.8685465 2.9064517 2.8816664 2.8981404
 2.8753142 2.8941333 2.8663795 2.8795292 2.861927  2.8646579 2.8717225
 2.8832693 2.8591368 2.8731177]
[2.952223  2.9385393 2.9682224 2.9527278 2.9456928 2.9518669 2.9294562
 2.9491954 2.9448023 2.9830341 2.9468505 2.9865367 2.9616623 2.9784927
 2.954479  2.9730012 2.9451585 2.9575958 2.9408247 2.9421606 2.9506202
 2.9619591 2.9371738 2.952223 ]
[3.1546917 3.1412156 3.1706908 3.1555524 3.1482801 3.1549885 3.1323402
 3.151753  3.1473598 3.184998  3.1497643 3.1883225 3.1635668 3.1803675
 3.1570365 3.175737  3.1480129 3.1602423 3.143412  3.145015  3.1532965
 3.1645167 3.139939  3.1547213]
[2.961039  2.947266  2.9765038 2.9618108 2.9544196 2.961128  2.938272
 2.9579222 2.953559  2.9915533 2.955785  2.9950855 2.9699736 2.9867742
 2.9632058 2.9817579 2.9539447 2.9668272 2.949344  2.9515998 2.959169
 2.9709532 2.9461083 2.9610093]
[3.126641  3.1128385 3.1429965 3.127294  3.1202888 3.1263442 3.1038444
 3.1238806 3.1192796 3.1581051 3.1211793 3.1614    3.1363177 3.1535044
 3.1292236 3.1476567 3.1198437 3.1320434 3.1151538 3.1165192 3.1250975
 3.1366146 3.111295  3.1269379]
[3.1376832 3.12394   3.153534  3.1385143 3.1311529 3.137713  3.114857
 3.134596  3.1302624 3.1684942 3.13237   3.1720562 3.1467662 3.1637747
 3.1399689 3.1586099 3.130678  3.143412  3.1261067 3.1279175 3.1360507
 3.147627  3.1226635 3.1376832]
[3.4149532 3.4016552 3.430893  3.4161406 3.4087493 3.4154282 3.3936408
 3.4121332 3.40774   3.445022  3.4109163 3.4480498 3.424244  3.440451
 3.4178917 3.4359689 3.4090166 3.4205337 3.4039705 3.4062264 3.4137065
 3.4250157 3.4004974 3.4157546]
[5.7493815 5.7395864 5.7697444 5.7536855 5.747363  5.756001  5.741753
 5.7509546 5.744573  5.7744637 5.756209  5.7741375 5.7614923 5.7720594
 5.7611656 5.7724752 5.7550216 5.753745  5.743386  5.7492332 5.7517858
 5.7604833 5.738043  5.761611 ]
[46.772987 46.745293 46.795547 46.790203 46.785248 46.774086 46.79163
 46.790974 46.778065 46.805847 46.779575 46.829235 46.817276 46.822735
 46.829475 46.801632 46.80098  46.78284  46.770554 46.78578  46.763577
 46.802345 46.72959  46.839005]
[80.955864 80.91986  80.9914   81.02863  81.00698  80.970856 81.07147
 81.00775  80.995155 80.98757  81.028145 81.02592  81.0638   81.02871
 81.11478  81.01612  81.0616   80.989365 80.99514  81.048965 80.94876
 81.033356 80.90337  81.140396]
[122.30936  122.278336 122.34833  122.37564  122.371605 122.340034
 122.44146  122.37586  122.350426 122.35639  122.39288  122.37442
 122.42188  122.38762  122.47174  122.36056  122.4275   122.34232
 122.34639  122.41582  122.307724 122.373276 122.26166  122.51577 ]
[300.62158 300.59113 300.5258  300.57498 300.5843  300.56992 300.54242
 300.51617 300.60486 300.6427  300.5459  300.60992 300.5352  300.53406
 300.5025  300.60248 300.50586 300.61502 300.60623 300.54767 300.61414
 300.51196 300.56644 300.5751 ]
[734.5443  734.5063  735.1244  734.544   734.84705 734.8208  734.18115
 735.28906 734.3999  734.7811  734.42096 735.08875 735.04095 735.37396
 735.252   734.92664 734.89233 734.73444 734.1919  734.8888  734.02625
 735.0989  734.0715  734.6058 ]
[675.10706 675.3091  675.52594 675.63586 676.01154 675.9681  675.60474
 675.5545  675.71124 676.2293  675.82086 675.6634  675.75684 675.90765
 675.70404 675.44714 676.1637  675.3324  674.96924 675.91003 675.6874
 675.13635 674.9723  676.4582 ]
[367.80988 367.83884 367.62057 367.8975  367.94943 367.86353 367.83182
 367.70087 367.81253 367.79755 367.72443 367.7118  367.71967 367.67557
 367.75348 367.50372 367.8771  367.70587 367.76254 367.71393 367.94345
 367.8783  367.8371  367.82196]
[264.17685 264.12158 264.39044 263.97403 264.02643 264.2747  263.9854
 264.18323 264.08383 263.6972  264.00186 263.92462 263.88556 263.88055
 264.2873  264.1508  264.03867 263.92545 264.19263 263.9852  263.98044
 264.04507 263.88638 264.08002]
[157.15799 157.11348 157.13379 157.15675 157.1817  157.15614 157.10057
 157.1926  157.14554 157.24605 157.09935 157.264   157.18604 157.2389
 157.18713 157.14023 157.13104 157.1991  157.10646 157.16537 157.103
 157.21075 157.11307 157.16322]
[49.219765 49.20905  49.224457 49.25099  49.24639  49.230453 49.242355
 49.257076 49.22511  49.304302 49.245205 49.27839  49.270256 49.28967
 49.2477   49.23802  49.24087  49.267525 49.212196 49.26224  49.217213
 49.259098 49.232975 49.245975]
[-1.5555139 -1.5710975 -1.5416815 -1.5411472 -1.5483009 -1.5498444
 -1.5668825 -1.5457778 -1.5592539 -1.497424  -1.5509723 -1.5055275
 -1.5271071 -1.5054384 -1.5442936 -1.5308175 -1.5489242 -1.5337561
 -1.5719286 -1.5478259 -1.5545343 -1.5314705 -1.5656358 -1.5434625]
[-0.79479504 -0.8077072  -0.7818829  -0.7966057  -0.8018596  -0.79461694
 -0.8161669  -0.7985945  -0.8030766  -0.7677834  -0.79951465 -0.7653494
 -0.78755236 -0.7716719  -0.7943498  -0.7763618  -0.8022455  -0.7899864
 -0.8075588  -0.8030766  -0.7980602  -0.7871368  -0.8084196  -0.79619014]
[1.3258259 1.3136855 1.3378773 1.3240746 1.3166242 1.3252916 1.303148
 1.3200971 1.3169507 1.3497802 1.3200377 1.3534906 1.3302487 1.34512
 1.3236887 1.3439326 1.316268  1.3301003 1.3141308 1.3161492 1.3230951
 1.332     1.3130028 1.3214625]
[1.5218829 1.509505  1.5337265 1.5190333 1.5116719 1.520933  1.4977505
 1.5153229 1.5125921 1.5444717 1.5148777 1.5490133 1.5249403 1.5399896
 1.5188552 1.5393959 1.5108408 1.5252668 1.5098612 1.5108111 1.5184397
 1.5272555 1.508288  1.5163321]
[1.8817016 1.8686113 1.8942872 1.8781099 1.8712828 1.8792082 1.855996
 1.8747557 1.8723514 1.9056262 1.873331  1.9111769 1.8857682 1.9014112
 1.8783177 1.899185  1.8696206 1.8842543 1.8695909 1.8686113 1.8784068
 1.8869852 1.8670975 1.8760915]
[1.7011095 1.6877224 1.7132499 1.6988833 1.691047  1.6992098 1.6750774
 1.6946386 1.6918187 1.727201  1.6927092 1.73198   1.7055323 1.7219174
 1.6977553 1.7191865 1.6890879 1.7054136 1.6883755 1.6889988 1.6979038
 1.707432  1.6867132 1.6952916]
[1.8332587 1.8196936 1.8456069 1.8303795 1.822929  1.8308841 1.806633
 1.8264613 1.8238789 1.8590534 1.8243241 1.8643667 1.8375628 1.8540369
 1.8296374 1.851128  1.8207918 1.8368801 1.8205544 1.8202872 1.8298749
 1.839225  1.8184766 1.8272628]
[1.824146  1.8101356 1.8366723 1.8213855 1.813935  1.8211184 1.796511
 1.8173486 1.8148255 1.8518701 1.8144397 1.8574208 1.8293406 1.8465271
 1.8203763 1.8422824 1.8111745 1.8282126 1.8111448 1.8105215 1.8208512
 1.8304982 1.8089483 1.8180907]
[1.5904212 1.5756984 1.6030365 1.5872154 1.5801212 1.5866514 1.5610349
 1.5835347 1.5808929 1.61957   1.5792603 1.6256847 1.5960016 1.614138
 1.5862359 1.6084685 1.5764108 1.5945472 1.5766186 1.575639  1.5867108
 1.5969515 1.5742439 1.5840096]
[1.6255066 1.6106948 1.6380626 1.622568  1.615266  1.6217666 1.5961204
 1.6187092 1.6160377 1.6551601 1.6144942 1.6610076 1.6312948 1.6495203
 1.6213807 1.6437321 1.611615  1.6298107 1.611704  1.6108135 1.621915
 1.6322447 1.6094184 1.6191841]
[1.9279479 1.9139671 1.9404148 1.9255435 1.9177963 1.925217  1.9003723
 1.9212692 1.9185977 1.9555829 1.9183306 1.9609852 1.9329346 1.9501805
 1.9241781 1.9462327 1.9150654 1.9322519 1.9148873 1.9145311 1.9247124
 1.9345969 1.9127501 1.9218035]
[1.2939463 1.2775315 1.30671   1.2909186 1.2837353 1.288722  1.2612355
 1.2871192 1.2843883 1.3280818 1.280292  1.3348199 1.301278  1.3217297
 1.2892563 1.3125279 1.2782142 1.2992002 1.2787188 1.277294  1.289939
 1.3014858 1.2761364 1.2871785]
[1.5806851 1.5651906 1.5938348 1.5779543 1.5709194 1.5759358 1.5500522
 1.5740658 1.5713646 1.613485  1.5687228 1.6195997 1.5880169 1.6074
 1.5766186 1.5993558 1.5663779 1.5855829 1.5664966 1.5651312 1.5773903
 1.5880762 1.5640329 1.5747485]
[2.9969556 2.9881694 3.0124502 2.9964213 2.990544  2.9995084 2.985943
 2.9931562 2.989327  3.0175853 3.0003395 3.0178525 3.004317  3.0135782
 3.0001614 3.0155668 2.996629  2.9987366 2.989802  2.993453  2.9989443
 3.002358  2.9876647 3.002803 ]
[57.978836 58.029625 58.005524 58.037937 58.025944 58.04966  58.136246
 58.000267 58.017426 57.892757 58.10665  57.863014 57.989967 57.918194
 58.041527 57.991333 58.09668  57.960346 58.04954  58.049007 58.05444
 57.992462 58.044735 58.07887 ]
[232.62056 232.63489 232.59329 232.56714 232.60866 232.65033 232.62611
 232.63268 232.63808 232.51355 232.60179 232.4951  232.52101 232.49413
 232.61324 232.59045 232.60847 232.57259 232.65065 232.59906 232.5803
 232.52884 232.58571 232.61932]
[323.7673  324.01993 323.9657  324.17188 324.13916 323.9887  324.4798
 324.12756 324.08188 323.94714 324.2685  323.80133 324.15552 324.049
 324.25577 323.8527  324.38467 323.93066 324.0421  324.07898 324.08093
 323.9366  324.10294 324.378  ]
[326.19147 325.83188 326.16006 326.0201  325.93408 325.80118 325.23373
 326.00665 325.80377 326.64478 325.5082  326.82578 326.2315  326.54047
 325.84283 326.2035  325.73828 326.17218 325.81238 325.67847 325.92764
 326.2741  325.7187  325.69293]
[441.09848 441.00632 441.1876  441.04565 441.11322 441.1075  441.1391
 441.18753 441.05835 441.0495  441.08276 441.111   441.16205 441.17203
 441.11826 441.03625 441.01205 441.03955 441.05405 441.0952  440.97513
 441.1023  440.9373  441.07974]
[598.6674  598.64935 598.7435  598.7553  598.7325  598.6606  598.7847
 598.68805 598.68317 598.7435  598.7858  598.6914  598.79266 598.741
 598.7007  598.7116  598.7114  598.6786  598.7141  598.7396  598.7231
 598.7653  598.67535 598.7309 ]
[327.60184 327.55316 327.63843 327.6513  327.62384 327.53738 327.42322
 327.60538 327.6315  327.74655 327.4975  327.77914 327.6936  327.79706
 327.59488 327.625   327.54822 327.6262  327.52417 327.48108 327.56726
 327.68613 327.52957 327.50848]
[115.36973  115.31952  115.35984  115.242386 115.30067  115.308044
 115.2154   115.33023  115.3313   115.3846   115.186935 115.40273
 115.2698   115.32921  115.28945  115.30393  115.2271   115.30462
 115.30726  115.22578  115.29037  115.24581  115.22278  115.28869 ]
[135.83209 135.86765 135.7666  135.80367 135.85086 135.82538 135.89447
 135.7749  135.8883  135.95282 135.8518  135.79305 135.7723  135.7556
 135.77614 135.8092  135.8375  135.83278 135.86816 135.82503 135.9117
 135.69603 135.86151 135.93459]
[76.215    76.23691  76.20799  76.14998  76.17395  76.207726 76.23272
 76.20348  76.203865 76.12913  76.19818  76.11889  76.13665  76.11109
 76.21154  76.18     76.1981   76.16874  76.23584  76.19676  76.188416
 76.14682  76.21317  76.20602 ]
[0.8683201  0.85416126 0.88212276 0.8651737  0.86119616 0.86576736
 0.844069   0.8656486  0.86000884 0.899992   0.8602463  0.9036727
 0.87808585 0.8959254  0.86897314 0.8863971  0.85962296 0.87315845
 0.8547549  0.8575748  0.8643129  0.87597835 0.8525584  0.8672812 ]
[1.5466386 1.5338452 1.5595804 1.5464308 1.538832  1.5451545 1.5236342
 1.5421565 1.5383867 1.5765889 1.5407614 1.5790823 1.5543562 1.5707116
 1.5453622 1.5660217 1.5381492 1.552694  1.5346763 1.5367838 1.5450357
 1.5546234 1.5336671 1.5435812]
[0.19127798 0.17762375 0.20243883 0.18845809 0.18118572 0.19032812
 0.16477096 0.1851039  0.18169034 0.21775532 0.18240273 0.22122824
 0.19448376 0.21158123 0.18813157 0.2091769  0.17907822 0.1963538
 0.17714882 0.18008745 0.1866771  0.19754112 0.1764661  0.18507421]
[1.5467277 1.5327469 1.5593133 1.5445014 1.53714   1.5438484 1.5197457
 1.5405833 1.537615  1.5753719 1.5375259 1.5803586 1.5527236 1.5699399
 1.5434625 1.5651312 1.5345576 1.5512395 1.5336968 1.5337265 1.5437
 1.5534064 1.5317674 1.5414441]
[1.6110213 1.5969515 1.6238147 1.609834  1.6020867 1.6083201 1.5844549
 1.6052924 1.6022351 1.6416543 1.6024429 1.6458989 1.6179968 1.6356286
 1.6082014 1.6300778 1.5995339 1.6165127 1.5980794 1.5986137 1.6085576
 1.6186795 1.5965062 1.6061829]
[1.5252668 1.5104549 1.5384758 1.5222688 1.5156198 1.5213189 1.4965929
 1.5188849 1.5161244 1.5554248 1.5147293 1.561213  1.5320642 1.5502303
 1.5219126 1.5436109 1.5121171 1.529363  1.5117906 1.510722  1.5219423
 1.5321236 1.5091785 1.5200129]
[1.4787236 1.4639415 1.491339  1.4766458 1.4690173 1.4754288 1.449931
 1.4724902 1.4695219 1.5094457 1.4681861 1.5148777 1.4851055 1.5035684
 1.4750429 1.497335  1.4654553 1.4839182 1.4648616 1.4649507 1.4753991
 1.485996  1.4629025 1.4730245]
[1.6838043 1.6690518 1.6968648 1.6822904 1.6746025 1.6809547 1.6556647
 1.677927  1.6747806 1.71512   1.6740682 1.719988  1.6907204 1.7090943
 1.6809547 1.7028311 1.6714858 1.6891769 1.6701204 1.6705062 1.680836
 1.6917    1.6681316 1.6789066]
[1.7380056 1.7227782 1.7519567 1.7359278 1.729071  1.7339094 1.7090943
 1.7322768 1.7291898 1.7708945 1.7274384 1.7762672 1.7463466 1.7652844
 1.7353342 1.7572106 1.7253606 1.7428143 1.7244108 1.7232828 1.7352154
 1.7459013 1.7215018 1.7335235]
[1.7551328 1.7401428 1.7686386 1.7538564 1.7462575 1.7520754 1.7264589
 1.7494633 1.7462872 1.7878436 1.7450405 1.7928303 1.7628801 1.7818179
 1.7526097 1.7746049 1.7428737 1.7607726 1.7413598 1.7414786 1.7523129
 1.7635034 1.7390742 1.7505319]
[1.761485  1.7462872 1.7749017 1.7600008 1.7524316 1.7582495 1.7323362
 1.7556968 1.7524613 1.7942551 1.7510365 1.7992419 1.7690542 1.787992
 1.7586948 1.7808087 1.74884   1.7670654 1.7475042 1.7475339 1.7585167
 1.7697963 1.745189  1.756617 ]
[1.6265159 1.6105167 1.6404372 1.6244677 1.6174922 1.6215588 1.5956751
 1.6206089 1.6176406 1.6619278 1.6144348 1.6676863 1.6355395 1.655635
 1.6233398 1.6458989 1.6128616 1.6319479 1.6121492 1.6107541 1.6235772
 1.6348865 1.60927   1.6217072]
[3.040382  3.0275588 3.0546298 3.0396695 3.032308  3.0389276 3.0173478
 3.035217  3.031388  3.0686402 3.034564  3.0714898 3.0473576 3.0628521
 3.0393727 3.0597947 3.0317144 3.044983  3.029043  3.0300226 3.0390759
 3.0483074 3.0267277 3.0377996]
[27.111101 27.12149  27.139538 27.143723 27.14396  27.150135 27.186882
 27.138765 27.128674 27.121758 27.178215 27.1065   27.150877 27.136272
 27.162868 27.132147 27.178215 27.118462 27.128109 27.157942 27.1412
 27.13559  27.130009 27.187891]
[104.336914 104.37117  104.3759   104.38957  104.39323  104.454605
 104.50958  104.39973  104.37491  104.238785 104.52196  104.18418
 104.358376 104.28865  104.431366 104.4056   104.465706 104.348015
 104.39459  104.4877   104.3426   104.34365  104.374405 104.443565]
[344.73907 344.77365 344.8897  344.83566 344.82666 344.79507 345.0023
 344.98105 344.7982  344.7734  344.84335 344.8176  344.9677  344.966
 345.0411  344.7298  345.0409  344.77365 344.7765  344.86035 344.76852
 344.84167 344.77988 344.98563]
[419.13718 419.01636 419.16077 419.21646 419.1725  419.07382 418.86935
 419.17932 419.1081  419.51968 418.89328 419.59207 419.2961  419.54587
 419.18286 419.13107 419.13324 419.22263 418.95004 418.90118 419.1204
 419.30948 418.99933 419.10876]
[578.14606 578.0473  578.16626 578.18665 578.2363  578.04114 578.07355
 578.2169  578.12006 578.4528  578.0636  578.5178  578.43835 578.5206
 578.19086 578.1709  578.21185 578.22723 578.02    578.20435 578.15546
 578.34045 578.06287 578.2042 ]
[745.5088  745.5601  745.5124  745.49805 745.4848  745.57056 745.76166
 745.4679  745.4698  745.2069  745.7367  745.20685 745.4375  745.2273
 745.50146 745.552   745.5276  745.4703  745.6816  745.70667 745.591
 745.5102  745.66925 745.54724]
[678.45483 678.42773 678.44116 678.481   678.4683  678.4374  678.52045
 678.46814 678.4492  678.42206 678.49225 678.4749  678.49835 678.4295
 678.45435 678.4453  678.41693 678.4713  678.50867 678.5359  678.4666
 678.5153  678.48224 678.4857 ]
[577.1543  577.19604 577.14136 577.3521  577.31445 577.1184  577.3296
 577.24774 577.3569  577.4379  577.26855 577.3867  577.3967  577.38916
 577.2419  577.172   577.29236 577.28705 577.2312  577.2817  577.3088
 577.297   577.3015  577.36584]
[417.75485 417.7701  417.9101  417.87375 417.84424 417.7764  417.9347
 417.9263  417.84216 417.80145 417.9082  417.80148 417.95337 417.94238
 417.92773 417.8148  417.8768  417.81015 417.8177  417.88403 417.7604
 417.92593 417.82184 417.82367]
[262.6341  262.61877 262.57846 262.42004 262.51215 262.6534  262.49567
 262.51688 262.58725 262.3181  262.48624 262.4341  262.36115 262.3343
 262.55753 262.5288  262.45844 262.46487 262.6116  262.50046 262.52664
 262.432   262.51013 262.58032]
[108.46735  108.3027   108.40767  108.54874  108.510925 108.39892
 108.2318   108.46058  108.35843  108.77073  108.29552  108.8619
 108.64913  108.778    108.39902  108.446884 108.39302  108.56068
 108.272095 108.41445  108.421906 108.653435 108.31378  108.40781 ]
[-2.7304308 -2.7527525 -2.7093263 -2.7066844 -2.7136006 -2.7232475
 -2.731648  -2.717222  -2.7359223 -2.6691353 -2.716094  -2.6657515
 -2.677981  -2.662605  -2.7117305 -2.7046065 -2.7106917 -2.712354
 -2.747202  -2.715263  -2.7221494 -2.6951673 -2.7472315 -2.697542 ]
[0.9313967  0.91797996 0.9454665  0.93466187 0.92679584 0.9292002
 0.90940154 0.92976415 0.9245399  0.97176576 0.9266771  0.9709643
 0.9449322  0.9634248  0.9324653  0.9530357  0.92575693 0.94137025
 0.91922665 0.9233229  0.9314858  0.94297314 0.91937506 0.931278  ]
[-0.9754168  -0.98936784 -0.96422625 -0.9766635  -0.9839952  -0.9758917
 -1.0015082  -0.979988   -0.9846779  -0.94401205 -0.98354995 -0.9426763
 -0.96986604 -0.9515219  -0.97743523 -0.9565383  -0.9862511  -0.96787727
 -0.99040675 -0.9848857  -0.9796318  -0.96740234 -0.98987246 -0.9804332 ]
[1.5134529 1.4989082 1.5263947 1.5086145 1.502767  1.5090598 1.4845119
 1.5060915 1.5038059 1.5402864 1.502292  1.547262  1.5188849 1.5361902
 1.5093863 1.5307878 1.4995018 1.5156791 1.5001252 1.4978989 1.509505
 1.5187068 1.4969194 1.5076647]
[1.3227686 1.3080161 1.3348496 1.3203049 1.312617  1.3190879 1.2936791
 1.3160899 1.313359  1.3531938 1.3118155 1.3588632 1.3287942 1.3471384
 1.3184942 1.3410534 1.3089659 1.3279334 1.3087285 1.3086988 1.319266
 1.3296254 1.3069772 1.3164461]
[1.0090181  0.99390936 1.0212772  1.0056342  0.9985993  1.0052186
 0.97897875 1.0021316  0.99922264 1.0393245  0.99747133 1.0448159
 1.0144798  1.0332395  1.0046843  1.0270951  0.9946811  1.013619
 0.99447334 0.9942359  1.0048624  1.015578   0.99248457 1.0023987 ]
[1.3925239 1.3767918 1.4054064 1.3890806 1.3823426 1.3873887 1.3613269
 1.3856671 1.3830253 1.4249378 1.3798789 1.4315275 1.3997962 1.419209
 1.3881308 1.4108087 1.3775339 1.3968873 1.3780385 1.3763169 1.3888135
 1.3993807 1.3753374 1.3862904]
[1.1900257 1.174353  1.2020177 1.1875026 1.1796366 1.1860482 1.1588584
 1.1831689 1.18026   1.2220834 1.1775885 1.227931  1.1959326 1.2154938
 1.1853061 1.2083699 1.1749763 1.1956061 1.175006  1.1751544 1.1859888
 1.1972684 1.1732547 1.1829314]
[1.4398091 1.4247301 1.4524244 1.4363065 1.4293013 1.4356534 1.409651
 1.4327742 1.4301621 1.4697    1.4280249 1.4758741 1.4454786 1.4640602
 1.4353863 1.457797  1.4252644 1.4438757 1.4256206 1.4244332 1.4358612
 1.4462503 1.4231865 1.4332194]
[1.3287052 1.3125873 1.3414096 1.3257369 1.3184942 1.32357   1.2965287
 1.321789  1.3192066 1.3623955 1.3154368 1.3690445 1.3359776 1.3561027
 1.3239559 1.3472275 1.3131809 1.33387   1.3137449 1.3123498 1.3248464
 1.3360369 1.3113406 1.3219078]
[1.0229394 1.006406  1.0349314 1.0199414 1.0122238 1.0178636 0.9892788
 1.0157561 1.0129362 1.0574015 1.0085728 1.0639318 1.02944   1.0503073
 1.0174481 1.0414023 1.0063763 1.0288464 1.0069699 1.006406  1.018487
 1.0304493 1.0049812 1.0151031]
[1.0586779 1.041432  1.0713823 1.0552644 1.0481998 1.0523554 1.0237706
 1.0515243 1.0488528 1.095485  1.0430943 1.102698  1.0668111 1.0885391
 1.0533053 1.0773189 1.0416398 1.0642583 1.0425303 1.0407196 1.0544332
 1.0663955 1.0398291 1.0515243]
[2.6012204 2.5881598 2.613895  2.599855  2.59187   2.599202  2.5768209
 2.594957  2.592078  2.628321  2.5941854 2.6323578 2.6070976 2.6226811
 2.5982816 2.619624  2.5906234 2.6057024 2.589258  2.5900595 2.599202
 2.607988  2.587655  2.5968568]
[18.671627 18.709118 18.698343 18.713066 18.709682 18.729301 18.798613
 18.701845 18.703419 18.624105 18.774628 18.599468 18.694038 18.650167
 18.732983 18.682463 18.768959 18.6659   18.71437  18.737732 18.71731
 18.683828 18.719477 18.758718]
[112.95021  112.971954 112.99484  113.00247  113.015335 113.0483
 113.08668  113.023636 112.99043  112.9197   113.078445 112.88912
 112.995834 112.97568  113.054596 112.98754  113.06268  112.969925
 112.972595 113.056404 112.956535 112.989944 112.97589  113.053764]
[184.18822 184.26077 184.3006  184.2643  184.23009 184.26404 184.4002
 184.27829 184.23334 184.14545 184.36433 184.08752 184.24327 184.1951
 184.31941 184.25241 184.34418 184.20302 184.27618 184.28854 184.24345
 184.21234 184.27235 184.2916 ]
[175.36719 175.34486 175.40717 175.38231 175.39464 175.39809 175.39561
 175.42632 175.37259 175.41678 175.37817 175.42374 175.40787 175.42636
 175.4309  175.35881 175.39864 175.37253 175.35994 175.39265 175.34607
 175.38606 175.32336 175.43735]
[133.02023 133.00049 133.04254 133.03781 133.06387 133.0546  133.08008
 133.08379 133.04141 133.08392 133.04335 133.09224 133.08432 133.10437
 133.09772 133.0168  133.06523 133.04648 133.00952 133.06921 133.01059
 133.051   133.00015 133.12228]
[125.95746  125.94444  125.98772  125.99465  126.0155   125.9925
 126.034706 126.02898  125.99049  126.03992  125.99544  126.04254
 126.04367  126.06405  126.047424 125.96115  126.02343  125.99024
 125.95269  126.008835 125.96237  126.004456 125.94809  126.07623 ]
[108.667564 108.65397  108.699814 108.734856 108.734055 108.70211
 108.763275 108.72617  108.70412  108.75309  108.73971  108.74928
 108.774796 108.7783   108.75362  108.698494 108.74765  108.71049
 108.67537  108.738014 108.693504 108.73616  108.67032  108.79137 ]
[189.55324 189.52771 189.56374 189.54008 189.50775 189.48773 189.43889
 189.53282 189.5211  189.58769 189.45029 189.64847 189.55112 189.59679
 189.51025 189.54552 189.47734 189.55338 189.52313 189.46158 189.53079
 189.56422 189.5185  189.45653]
[131.60434 131.58916 131.63052 131.65338 131.65656 131.62926 131.70824
 131.66153 131.63237 131.64221 131.68002 131.64517 131.69577 131.67868
 131.69539 131.62465 131.66965 131.63724 131.6215  131.69446 131.59918
 131.66272 131.603   131.71101]
[87.708984 87.71906  87.70909  87.62329  87.66483  87.69606  87.744675
 87.72206  87.69092  87.63016  87.67777  87.64033  87.65462  87.628975
 87.736275 87.65011  87.70719  87.65456  87.71704  87.70529  87.66115
 87.62547  87.67777  87.74303 ]
[38.408318 38.416626 38.42274  38.384064 38.38549  38.42179  38.43132
 38.40425  38.39938  38.33022  38.42022  38.33975  38.36768  38.34408
 38.429184 38.40704  38.416775 38.377415 38.42577  38.411194 38.391663
 38.38338  38.39751  38.414043]
[2.644884  2.6317642 2.6598148 2.645567  2.6383836 2.6453888 2.6234827
 2.6419456 2.6373744 2.6740627 2.6405504 2.6769717 2.6533735 2.6694617
 2.6469917 2.6650984 2.6384132 2.6505537 2.6334858 2.6362464 2.6429844
 2.654264  2.6308737 2.6447952]
[2.6118171 2.5984597 2.6270447 2.6118765 2.6049306 2.6116688 2.5898516
 2.6085224 2.604337  2.640669  2.6068304 2.6441422 2.6202471 2.6364245
 2.6137762 2.6320016 2.604812  2.6167743 2.6004188 2.6023483 2.6097393
 2.6208706 2.597213  2.61155  ]
[3.0716977 3.0583699 3.087786  3.0723803 3.065375  3.0718758 3.0501478
 3.0689075 3.0643659 3.1014698 3.0672154 3.1045272 3.08084   3.097136
 3.0743692 3.0925946 3.0655532 3.0768626 3.0606852 3.0622585 3.0702136
 3.081315  3.056975  3.072054 ]
[3.1172612 3.1039336 3.1328151 3.118419  3.1109388 3.1179736 3.0958893
 3.1144116 3.1099296 3.1467662 3.1131055 3.1499424 3.1261067 3.1423137
 3.1200812 3.1380692 3.1111465 3.1230197 3.1061003 3.1087422 3.115599
 3.1272645 3.102865  3.1178548]
[3.2693872 3.256     3.2856238 3.2703073 3.2632725 3.2697434 3.2478967
 3.2668047 3.2622633 3.2995749 3.2650237 3.302751  3.278856  3.295271
 3.2726226 3.2903435 3.2634506 3.2748191 3.2583747 3.2603042 3.2678733
 3.2794201 3.2545753 3.2703073]
[3.3316326 3.3183644 3.34781   3.3327606 3.325518  3.3323748 3.3102014
 3.3291097 3.324479  3.3615236 3.3274176 3.3646402 3.3407454 3.3571007
 3.334779  3.3527374 3.3257554 3.3371537 3.3206499 3.3227277 3.3302376
 3.3416655 3.3170285 3.3324342]
[3.205628  3.1921813 3.2213302 3.2067559 3.1993945 3.206281  3.1841075
 3.202986  3.1984148 3.2355187 3.2012942 3.2388432 3.2147405 3.231096
 3.2087743 3.226495  3.1995132 3.2114458 3.194378  3.1970494 3.2039063
 3.2157795 3.1909645 3.206459 ]
[3.332078  3.3185425 3.348552  3.3331466 3.326082  3.3324935 3.3104982
 3.3296142 3.324954  3.3625624 3.327655  3.3656793 3.3416655 3.3582287
 3.335432  3.353242  3.326171  3.337599  3.3209765 3.3229651 3.330564
 3.3422296 3.317088  3.3331168]
[3.308361  3.294974  3.3244493 3.3096375 3.3023057 3.3091626 3.2869003
 3.305927  3.301237  3.3384895 3.3041759 3.341814  3.3176816 3.334126
 3.3116856 3.3294659 3.3024542 3.3142087 3.29723   3.2997234 3.3068473
 3.3186908 3.2936976 3.3093703]
[3.3163161 3.3027213 3.3324935 3.317474  3.31035   3.3168209 3.2947662
 3.3139415 3.3091922 3.3468897 3.3119824 3.3502142 3.325904  3.3425264
 3.3197298 3.3373022 3.3104093 3.3221045 3.3051257 3.30753   3.3146539
 3.3266459 3.3013558 3.3175035]
[3.3945312 3.3809958 3.411035  3.3958075 3.3886242 3.3950357 3.3728626
 3.3922753 3.3874667 3.4253423 3.3901083 3.4285183 3.4042969 3.4210086
 3.3980339 3.4158437 3.3887134 3.4002304 3.3834298 3.3855076 3.3931065
 3.4049203 3.379571  3.3956294]
[3.3661542 3.3525295 3.3822126 3.3673117 3.3600395 3.3666587 3.3442183
 3.3636014 3.3589709 3.3966684 3.3614938 3.3999631 3.375445  3.3921566
 3.3693302 3.3871994 3.35998   3.3719127 3.3548448 3.3572195 3.364492
 3.3764246 3.3512235 3.3669555]
[3.570849  3.5576398 3.587234  3.5723033 3.5650012 3.5716207 3.5500114
 3.5685632 3.5638733 3.6009178 3.5671384 3.6038566 3.5804365 3.5966434
 3.5744998 3.5920722 3.5654466 3.5764887 3.5601037 3.5623891 3.569543
 3.5812082 3.5563636 3.5722144]
[4.981628  4.9706154 5.000417  4.9851303 4.9783926 4.986288  4.9696655
 4.9820433 4.9761367 5.00861   4.9849524 5.0094705 4.9930263 5.0055227
 4.9909782 5.003979  4.9836464 4.986704  4.9739103 4.979075  4.982578
 4.9926405 4.9691315 4.990533 ]
[25.53285  25.517385 25.563274 25.53754  25.535107 25.543715 25.536026
 25.544724 25.530327 25.550125 25.539944 25.558882 25.550838 25.558645
 25.567015 25.558792 25.549442 25.532791 25.529585 25.537006 25.528427
 25.548048 25.503939 25.565502]
[99.78594  99.7573   99.8447   99.830925 99.834785 99.84102  99.848366
 99.83667  99.80816  99.810326 99.8378   99.83415  99.850204 99.85319
 99.90324  99.84718  99.86771  99.79896  99.795845 99.83004  99.792015
 99.84764  99.73336  99.916145]
[338.59564 338.50415 338.54282 338.61816 338.66702 338.5444  338.5148
 338.593   338.61377 338.83896 338.48105 338.8287  338.6892  338.79797
 338.54633 338.60776 338.53717 338.6499  338.5048  338.4719  338.5998
 338.60855 338.45602 338.63638]
[618.04144 617.383   618.04803 617.9885  618.0233  617.72186 616.6108
 618.11035 617.7347  619.08136 616.7316  619.7213  618.4183  619.3308
 617.82635 617.8401  617.4078  618.1786  617.14496 617.0391  617.5492
 618.2147  616.9238  617.57806]
[625.43085 625.3568  625.3666  625.4551  625.5168  625.4296  625.36255
 625.41595 625.4828  625.5639  625.3572  625.66315 625.5232  625.556
 625.4123  625.36346 625.3866  625.43646 625.37897 625.42474 625.4874
 625.489   625.37775 625.5472 ]
[505.01904 504.9886  504.98883 505.00806 505.02777 505.0562  505.0154
 504.92892 505.01352 504.94092 505.0564  504.9924  505.00034 504.92322
 504.95297 504.9924  504.97684 504.956   505.0336  505.0652  505.09402
 505.00385 505.01584 505.07965]
[186.33434 186.40002 186.54758 186.32582 186.3376  186.48192 186.38957
 186.41138 186.33388 186.0908  186.39674 186.15767 186.23355 186.18004
 186.5984  186.41083 186.50577 186.22632 186.45287 186.35225 186.36247
 186.37926 186.32034 186.47644]
[85.886185 85.865395 85.900826 85.81674  85.84577  85.88202  85.79248
 85.87289  85.86173  85.86547  85.79352  85.88116  85.8071   85.84721
 85.876465 85.86888  85.82642  85.84517  85.85523  85.80318  85.83362
 85.834435 85.80589  85.84444 ]
[87.04123  87.0349   87.05787  87.06617  87.07104  87.06548  87.083275
 87.081154 87.04978  87.09542  87.079124 87.07617  87.08677  87.094765
 87.08522  87.05584  87.075356 87.072044 87.039986 87.09119  87.04063
 87.07642  87.050156 87.08929 ]
[27.134937 27.124489 27.145414 27.174623 27.15812  27.147701 27.147018
 27.162304 27.138945 27.227133 27.158564 27.197063 27.181984 27.204603
 27.156992 27.165718 27.159395 27.183765 27.124073 27.169933 27.144377
 27.177591 27.14488  27.156635]
[0.10801685 0.09397674 0.12033534 0.11721861 0.10751224 0.11062896
 0.09041476 0.11059928 0.10219896 0.15464902 0.10736382 0.1502856
 0.1255002  0.14509106 0.11205375 0.13087285 0.10665143 0.12449098
 0.09359086 0.10813558 0.10834336 0.12481749 0.09777617 0.11119294]
[0.74656    0.73275733 0.75979865 0.74311674 0.7375957  0.74382913
 0.72091377 0.7409202  0.7376847  0.7739872  0.73815966 0.77912235
 0.7533574  0.770069   0.7447196  0.76451826 0.7356069  0.7498251
 0.7337369  0.733915   0.7432058  0.75294185 0.73130286 0.7429683 ]
[1.3611488 1.3473165 1.3736751 1.3588929 1.3516799 1.3584774 1.3346121
 1.3551528 1.3520658 1.3896446 1.352333  1.3945423 1.3672339 1.384361
 1.3581805 1.3795227 1.349335  1.3657794 1.348118  1.3485929 1.3580915
 1.3678572 1.3463073 1.3561918]
[1.067197  1.0530381 1.079278  1.0650598 1.0574312 1.0647333 1.0394729
 1.0609932 1.0579062 1.0965832 1.0575796 1.1011544 1.072629  1.0904685
 1.0637834 1.0856005 1.0545223 1.0724806 1.0533943 1.0545223 1.063724
 1.0741428 1.0519992 1.0613494]
[1.486085  1.4711841 1.4990863 1.482909  1.4762303 1.4818997 1.4569956
 1.4795548 1.4767942 1.5163321 1.4750726 1.5224172 1.4927638 1.5110782
 1.4824044 1.5043402 1.4724902 1.4901516 1.4724605 1.4712138 1.4826418
 1.4927638 1.4698484 1.4805343]
[1.7117361 1.6977553 1.7243217 1.7096286 1.7020297 1.7090646 1.6846651
 1.7054433 1.7026827 1.7403209 1.7025937 1.745367  1.7175243 1.7347702
 1.7083819 1.7301099 1.6994473 1.716426  1.6987052 1.6988536 1.7087381
 1.7185632 1.6968648 1.7063041]
[1.2585343 1.2433662 1.2711793 1.2558035 1.2486202 1.2547349 1.2287325
 1.252004  1.2491248 1.2897906 1.2471954 1.2954601 1.2649755 1.283854
 1.2547052 1.2769675 1.2445832 1.2634023 1.2442567 1.2439302 1.2548536
 1.2656583 1.2420899 1.2526274]
[1.4940401 1.4786049 1.5072194 1.4911609 1.4843338 1.4894096 1.4638821
 1.4875692 1.4848384 1.5263057 1.4822559 1.5324204 1.5015203 1.5206362
 1.4903594 1.5126514 1.4800594 1.4986113 1.4799407 1.4785752 1.4906563
 1.5012531 1.4772395 1.4884894]
[1.582852  1.5681885 1.5954673 1.5806555 1.5730566 1.5797056 1.5542078
 1.5764108 1.5735315 1.6130991 1.5725223 1.618353  1.5889074 1.6071625
 1.5792603 1.6014633 1.5697024 1.5877794 1.569079  1.5690197 1.5795275
 1.590065  1.5670606 1.5770638]
[1.464357  1.4486843 1.4777441 1.4620714 1.4549475 1.4599639 1.4340802
 1.4581532 1.455274  1.497988  1.4526619 1.5036575 1.4723418 1.491903
 1.4610325 1.4833839 1.4506731 1.4695219 1.4500201 1.4490999 1.4610622
 1.4722527 1.4474376 1.4591031]
[1.4510887 1.4350301 1.4646538 1.4490405 1.4419166 1.4462206 1.4199214
 1.4451224 1.4421837 1.4864116 1.4387405 1.4922888 1.4597858 1.48
 1.4475564 1.470442  1.4370782 1.4567581 1.4365736 1.4353269 1.4480016
 1.4593703 1.4339318 1.4458051]
[1.2106851 1.1940626 1.2231817 1.2081324 1.2004741 1.20555   1.1776478
 1.203858  1.2009491 1.245919  1.1967934 1.2522118 1.2181653 1.2389138
 1.2058468 1.2295042 1.1949234 1.2165327 1.1950125 1.1943594 1.2067076
 1.2185512 1.1928753 1.2039174]
[2.0884743 2.0736918 2.1017425 2.086426  2.0793319 2.0844076 2.060275
 2.0822704 2.0793614 2.1204429 2.0783522 2.1256077 2.0963106 2.1143875
 2.0851793 2.1073823 2.0759776 2.0933423 2.0752058 2.0744042 2.08604
 2.0959544 2.0728016 2.0839028]
[42.73098  42.74389  42.76158  42.78147  42.77604  42.77776  42.82531
 42.7628   42.758137 42.73739  42.81228  42.723915 42.780758 42.759266
 42.791294 42.754696 42.811657 42.7411   42.7568   42.785892 42.773663
 42.768173 42.756744 42.81961 ]
[109.98555  110.01832  110.014786 110.048065 110.04956  110.085526
 110.14848  110.047455 110.02932  109.91887  110.1337   109.88372
 110.017265 109.964226 110.08131  110.01877  110.107666 109.99638
 110.039116 110.09704  110.0109   110.00974  110.03006  110.10008 ]
[220.25053 220.35933 220.3234  220.31071 220.31935 220.39998 220.55672
 220.34775 220.3191  220.04341 220.51517 219.98761 220.2647  220.14537
 220.41357 220.30156 220.47603 220.24054 220.36342 220.46515 220.29666
 220.26077 220.37984 220.40495]
[193.54399 193.5385  193.57281 193.59506 193.59033 193.5591  193.56184
 193.59613 193.57375 193.64627 193.54834 193.6577  193.61607 193.6535
 193.60843 193.553   193.59735 193.58008 193.53896 193.55345 193.57008
 193.6037  193.54869 193.61703]
[322.90836 322.91934 322.962   322.97366 322.9641  322.90707 322.9846
 322.94128 322.9475  323.01123 322.962   322.96893 323.00052 322.9991
 322.94992 322.93292 322.97943 322.9303  322.93146 322.93613 322.97968
 322.9571  322.93082 322.98502]
[282.08728 281.64206 281.74872 282.23163 281.95654 281.18716 282.09824
 282.0584  282.20135 282.57657 281.68332 283.13425 282.79797 282.6556
 282.54108 282.11884 281.9493  282.40903 282.09286 282.2989  281.60663
 282.33432 281.54794 282.5559 ]
[291.25668 291.163   291.2607  291.19193 291.09616 291.04953 290.86868
 291.1157  291.12567 291.24646 290.96152 291.38406 291.1848  291.26657
 291.0069  291.25455 290.96588 291.2119  291.147   290.99503 291.1661
 291.24472 291.09177 290.8348 ]
[376.76437 376.79858 376.71487 376.7466  376.72055 376.72128 376.82196
 376.7246  376.75778 376.5917  376.78528 376.65323 376.69522 376.6067
 376.7051  376.68982 376.68884 376.7275  376.85568 376.77213 376.75522
 376.71967 376.84262 376.69208]
[139.80774 139.79773 139.77753 139.70853 139.73137 139.7545  139.719
 139.7625  139.77617 139.74689 139.69537 139.77292 139.6991  139.7127
 139.73854 139.74928 139.69775 139.75533 139.79477 139.71411 139.75296
 139.71434 139.76149 139.71693]
[80.916534 80.949326 80.91793  80.83971  80.87794  80.930664 80.975876
 80.91922  80.904366 80.803    80.923836 80.78892  80.83795  80.79479
 80.93402  80.86629  80.932014 80.85481  80.94244  80.92605  80.89343
 80.82531  80.91774  80.94595 ]
[47.099827 47.135864 47.13034  47.065514 47.086826 47.1437   47.19624
 47.11369  47.095436 46.982727 47.163647 46.960022 47.054325 46.996292
 47.147083 47.08721  47.160828 47.047733 47.137733 47.146786 47.09959
 47.048832 47.110752 47.1559  ]
[1.2954898 1.2816575 1.3097377 1.2931448 1.2873863 1.293501  1.2707341
 1.2910373 1.2871488 1.3241934 1.2878612 1.3287052 1.3031777 1.3202158
 1.2950742 1.3141901 1.2857537 1.2993783 1.2829338 1.2834681 1.2923731
 1.3028809 1.2800546 1.292937 ]
[1.6037489 1.5902134 1.6173438 1.6044613 1.5966547 1.6031849 1.5801212
 1.6000979 1.5958829 1.6353021 1.5976936 1.6380329 1.6121196 1.6294842
 1.6036599 1.6238741 1.5954376 1.610576  1.5912523 1.5941613 1.6019679
 1.6129804 1.5898572 1.6016414]
[1.8304685 1.8167549 1.844568  1.8298452 1.8228103 1.8293703 1.8062471
 1.8261645 1.8223354 1.8603594 1.8237898 1.8641292 1.8383346 1.8552243
 1.8303795 1.8500297 1.8214746 1.8356928 1.8180907 1.8196936 1.8280939
 1.8389876 1.8157457 1.8283017]
[2.3758957 2.361826  2.3913903 2.3751833 2.3685045 2.373996  2.3511994
 2.3719478 2.3678813 2.407241  2.3688016 2.4112186 2.3849788 2.4024029
 2.376163  2.3961692 2.3670502 2.3806748 2.3638444 2.3638148 2.3740554
 2.384682  2.3602824 2.3741148]
[2.334844  2.3209226 2.348795  2.335319  2.3271856 2.3347254 2.3103852
 2.3306587 2.3266516 2.365091  2.328373  2.368742  2.3423243 2.3595107
 2.3349032 2.35491   2.3259983 2.3410182 2.3221693 2.3248408 2.3326178
 2.344016  2.3201213 2.332707 ]
[2.4580586 2.4439888 2.4732268 2.4577618 2.4508457 2.4567525 2.4337184
 2.4541702 2.4501927 2.4893446 2.45138   2.493144  2.4670527 2.4844172
 2.4588304 2.478273  2.4495099 2.4632533 2.445948  2.4468682 2.4560401
 2.4672604 2.442742  2.4568713]
[2.9263988 2.9125962 2.9423683 2.9266362 2.919542  2.9257457 2.9030383
 2.9229853 2.918711  2.9574177 2.9206107 2.9608905 2.9354224 2.952698
 2.927794  2.9472957 2.918889  2.9315636 2.9148223 2.9155052 2.9250038
 2.935749  2.9111714 2.9257457]
[2.6407583 2.6268368 2.6552138 2.641352  2.6334264 2.640966  2.6168633
 2.6368697 2.6328032 2.6708865 2.6347325 2.674597  2.648654  2.6656623
 2.6415894 2.661091  2.6325064 2.6468136 2.6283803 2.631141  2.638621
 2.6502864 2.625887  2.6394818]
[2.7952292 2.7812781 2.8111987 2.7953181 2.7885208 2.79422   2.771453
 2.7919343 2.78766   2.826901  2.7891145 2.8305817 2.8047872 2.8220923
 2.7967727 2.8159182 2.7875412 2.8004534 2.7834747 2.7843652 2.7935965
 2.8048167 2.7798533 2.7948136]
[3.0517209 3.0380666 3.0670078 3.05276   3.0448937 3.0523443 3.0288055
 3.0483668 3.0440626 3.0817602 3.046467  3.0852926 3.0599134 3.0768626
 3.053413  3.0726178 3.0444486 3.0576873 3.039907  3.042252  3.050118
 3.0614867 3.0370278 3.0510678]
[2.7770631 2.7629042 2.7923796 2.7774193 2.7701173 2.7763507 2.7530198
 2.7735012 2.7693455 2.8084679 2.7707703 2.8121781 2.7860868 2.8034217
 2.7784286 2.7976334 2.769019  2.7827325 2.7649226 2.7665553 2.775104
 2.78671   2.7617762 2.7762616]
[2.8736815 2.8594337 2.8894136 2.8738003 2.8666763 2.8722568 2.8485994
 2.8700602 2.865964  2.9060361 2.866528  2.9101622 2.883002  2.9008713
 2.8746314 2.8944597 2.8649845 2.8791432 2.8615115 2.8619864 2.87196
 2.8832693 2.8580089 2.8724053]
[3.432674  3.4205337 3.4482872 3.433802  3.4262922 3.433327  3.4128754
 3.42929   3.4253125 3.4609027 3.4300916 3.4628913 3.441193  3.4560642
 3.434811  3.4533927 3.4273608 3.43772   3.4226115 3.4245408 3.4322882
 3.4419944 3.4199102 3.4331193]
[34.159473 34.148136 34.194202 34.174644 34.173782 34.179127 34.191326
 34.181854 34.16547  34.183075 34.18723  34.185833 34.192184 34.191444
 34.21724  34.190228 34.201923 34.164223 34.16562  34.184853 34.163483
 34.18141  34.13736  34.22739 ]
[65.2317   65.21683  65.301605 65.32339  65.31048  65.29285  65.41069
 65.31505  65.28596  65.26337  65.36893  65.27664  65.36064  65.30701
 65.4469   65.30605  65.40208  65.267914 65.29288  65.38457  65.2482
 65.32315  65.20804  65.486465]
[104.42485  104.374466 104.401146 104.48305  104.43234  104.38847
 104.31066  104.384674 104.41964  104.50263  104.363884 104.549225
 104.45795  104.50618  104.36817  104.466675 104.35362  104.47283
 104.38758  104.36805  104.42947  104.4877   104.386246 104.34058 ]
[126.41286  126.408134 126.40842  126.4374   126.41566  126.393814
 126.395874 126.37192  126.42851  126.45205  126.39518  126.44701
 126.40611  126.40275  126.37843  126.42676  126.391716 126.410126
 126.42779  126.37443  126.46027  126.408295 126.399895 126.42047 ]
[228.35791 228.39311 228.28166 228.3323  228.2841  228.32773 228.25566
 228.14862 228.34752 228.26822 228.3552  228.18457 228.14796 228.07571
 228.1182  228.4155  228.19133 228.30597 228.42215 228.26501 228.43806
 228.25795 228.39496 228.1845 ]
[331.6927  331.4534  331.69147 331.61075 331.41806 331.29034 330.66064
 331.49744 331.46814 331.9319  330.7844  332.23862 331.52063 332.0013
 331.23743 331.53336 331.02658 331.6232  331.32767 330.70886 331.46667
 331.74878 331.2797  330.78052]
[114.73917  114.708595 114.729164 114.709305 114.766    114.799706
 114.642746 114.73222  114.71312  114.7068   114.69359  114.7178
 114.698235 114.74883  114.75711  114.7076   114.725975 114.70582
 114.64159  114.7133   114.67814  114.803535 114.67217  114.68935 ]
[100.239395 100.23839  100.18915  100.093994 100.177216 100.266365
 100.14139  100.2109   100.20093  100.13352  100.163826 100.10076
 100.07124  100.09919  100.243095 100.19672  100.183205 100.1819
 100.17635  100.20875  100.114525 100.17033  100.18539  100.17326 ]
[124.47002  124.48418  124.448395 124.41812  124.46229  124.49279
 124.497375 124.45975  124.485695 124.43017  124.47085  124.392975
 124.39633  124.383896 124.47317  124.44013  124.45693  124.441864
 124.48688  124.47085  124.45582  124.396255 124.46499  124.50214 ]
[38.651093 38.650917 38.66629  38.62812  38.632126 38.656914 38.647858
 38.64952  38.639545 38.61859  38.64605  38.623398 38.624943 38.62251
 38.65869  38.65172  38.646286 38.6318   38.65243  38.64222  38.636017
 38.634056 38.636017 38.645306]
[5.386832  5.3755226 5.4006643 5.4014955 5.389682  5.3904533 5.37481
 5.393659  5.383448  5.4408555 5.390424  5.429724  5.407165  5.4270825
 5.39455   5.412864  5.391463  5.4084115 5.3758197 5.390691  5.390305
 5.406957  5.381311  5.3916407]
[-1.6143755 -1.6290983 -1.602799  -1.6139599 -1.6204902 -1.6131585
 -1.6388344 -1.6166314 -1.6223602 -1.5807148 -1.6211135 -1.5791416
 -1.6059455 -1.5867999 -1.6135147 -1.5948143 -1.6227758 -1.6053815
 -1.6300482 -1.6213807 -1.6188279 -1.6039864 -1.6294248 -1.6161268]
[1.8602704 1.8457257 1.8749338 1.857866  1.851781  1.8571537 1.8336446
 1.8554024 1.8515435 1.8907253 1.8512467 1.8955339 1.8684036 1.8861837
 1.8588753 1.8794457 1.8494954 1.8641886 1.8473879 1.8465568 1.8573614
 1.8677505 1.8438259 1.8567084]
[1.2027597 1.1889274 1.215286  1.203858  1.1951312 1.2024926 1.1778259
 1.1986932 1.1944485 1.2350847 1.1957248 1.2376671 1.2102993 1.2282575
 1.2015724 1.2227365 1.1932611 1.2107445 1.189343  1.1934096 1.2004741
 1.2121693 1.188868  1.1991384]
[1.5917273 1.5770341 1.6059158 1.5903025 1.5835347 1.5891448 1.5649531
 1.5868889 1.5833269 1.6233991 1.582941  1.6279703 1.5999495 1.6182343
 1.590629  1.6111697 1.5809226 1.5967734 1.5785183 1.5789338 1.5888777
 1.6000682 1.5757874 1.5885808]
[2.2369194 2.2224045 2.2519093 2.2362962 2.229291  2.2346041 2.2108576
 2.2325263 2.2287269 2.269452  2.2287564 2.2736373 2.2458837 2.2640796
 2.236385  2.257193  2.227124  2.242203  2.2243338 2.2241557 2.2349901
 2.2457352 2.2210388 2.2343667]
[1.9113253 1.8966916 1.9248015 1.9114738 1.9031922 1.9101974 1.8847293
 1.9066948 1.9027766 1.9434425 1.9030734 1.9474497 1.9189539 1.9372387
 1.9102271 1.9312724 1.9008175 1.9179447 1.8977602 1.9001051 1.9086539
 1.9205568 1.8958604 1.9079711]
[2.701104  2.687064  2.7169845 2.7008665 2.6940987 2.6996791 2.6769717
 2.6974826 2.6933863 2.7325978 2.694544  2.7364862 2.7104542 2.727878
 2.702232  2.7216744 2.6929114 2.7060313 2.6892307 2.6896167 2.699323
 2.7103355 2.68555   2.700154 ]
[2.79422   2.780269  2.8094177 2.794665  2.787096  2.793834  2.770028
 2.7905393 2.7863836 2.8252387 2.7879272 2.8290381 2.80265   2.8201036
 2.7950213 2.814909  2.785968  2.7999191 2.7821093 2.783534  2.792617
 2.8036592 2.779141  2.7929435]
[2.6911602 2.6772685 2.7057345 2.691724  2.683947  2.6911304 2.6675324
 2.6873608 2.6833239 2.7214963 2.685283  2.7252364 2.6994417 2.7163908
 2.6923177 2.7114336 2.683116  2.697067  2.6789308 2.6815429 2.6889637
 2.700807  2.6762295 2.6902103]
[3.1443026 3.1305296 3.1611328 3.1447775 3.1381285 3.1437979 3.121506
 3.1416311 3.1370006 3.175915  3.1389003 3.1792395 3.1543355 3.171433
 3.1466773 3.1654963 3.1375644 3.149497  3.1330526 3.1337948 3.1431153
 3.1541574 3.1289268 3.1444807]
[3.1151538 3.1015885 3.1305592 3.1162817 3.1085048 3.1158662 3.092476
 3.112037  3.1076736 3.145193  3.1100779 3.148666  3.1235244 3.1403546
 3.1171424 3.1360507 3.1080594 3.1211498 3.1034882 3.1058927 3.1134915
 3.1250381 3.1004903 3.1147084]
[2.734527  2.720309  2.7496061 2.7347646 2.7273438 2.733607  2.7096527
 2.730698  2.7267206 2.76611   2.7276704 2.770058  2.7432837 2.7608857
 2.7353582 2.7550383 2.7258596 2.7402263 2.7222087 2.7235742 2.732479
 2.7441444 2.7191513 2.7331617]
[2.4544966 2.4399817 2.4695756 2.4540217 2.4468977 2.452122  2.4281085
 2.4499848 2.4464822 2.4875636 2.446304  2.491838  2.4636095 2.4819238
 2.4540217 2.474889  2.444523  2.4600177 2.4419408 2.441822  2.4527454
 2.4636984 2.4388833 2.4520924]
[4.5151873 4.501889  4.5320473 4.5157514 4.5088944 4.515811  4.493875
 4.5124865 4.5075884 4.545286  4.510705  4.5485215 4.524211  4.540388
 4.5185413 4.536084  4.509488  4.520115  4.5042934 4.506134  4.514356
 4.5247455 4.5001082 4.517295 ]
[61.143917 61.14457  61.217297 61.21587  61.208538 61.220856 61.247185
 61.204144 61.172977 61.173157 61.256447 61.154514 61.2186   61.201237
 61.268764 61.213764 61.258762 61.17078  61.17636  61.24018  61.17639
 61.222607 61.151012 61.27678 ]
[ 99.83553   99.90537   99.867065  99.96855   99.944405  99.9511
 100.15703   99.91066   99.92047   99.73594  100.09947   99.67246
  99.92467   99.78363   99.99067   99.88102  100.07517   99.84607
  99.968925 100.02902   99.935356  99.872086  99.93687  100.075165]
[112.61804  112.604935 112.6223   112.63916  112.621086 112.59541
 112.62337  112.60973  112.63275  112.6471   112.61258  112.659454
 112.64255  112.64203  112.64103  112.64399  112.62975  112.6288
 112.626396 112.61485  112.62718  112.64109  112.59977  112.6471  ]
[155.92113 155.89072 155.9176  155.94148 155.92422 155.87741 155.90384
 155.9141  155.93626 155.97382 155.87422 156.006   155.95215 155.9649
 155.94888 155.93187 155.91547 155.93166 155.92284 155.88586 155.92136
 155.94907 155.87386 155.95612]
[132.1697  132.11574 132.15395 132.20186 132.1833  132.12802 132.11618
 132.16602 132.17598 132.26805 132.10448 132.30553 132.22351 132.2629
 132.19048 132.18483 132.14964 132.20322 132.1398  132.12886 132.15256
 132.20685 132.09642 132.19734]
[104.68579  104.65412  104.713875 104.73887  104.73443  104.69623
 104.79098  104.73903  104.71474  104.7401   104.74108  104.76033
 104.79013  104.765526 104.8204   104.71469  104.77633  104.71545
 104.706825 104.77165  104.676254 104.74203  104.63947  104.85637 ]
[217.3628  217.39702 217.49684 217.3837  217.42528 217.59154 217.52783
 217.45454 217.41595 217.13339 217.53949 217.13463 217.26602 217.18974
 217.62068 217.4391  217.51945 217.30421 217.48648 217.49475 217.35199
 217.3667  217.33777 217.5852 ]
[83.3316   83.29539  83.245026 83.283516 83.32381  83.27419  83.31718
 83.30091  83.34276  83.37612  83.254585 83.38838  83.32062  83.3225
 83.34071  83.27865  83.295746 83.332375 83.30328  83.3285   83.28378
 83.29868  83.269485 83.39383 ]
[91.90358  91.9019   91.98405  91.81257  91.86876  91.927055 91.96422
 91.94193  91.870544 91.76463  91.904976 91.760445 91.853294 91.8039
 91.954544 91.86959  91.927666 91.80512  91.90962  91.92694  91.84243
 91.82318  91.80539  91.931854]
[8.950586  8.9402275 8.963142  8.958334  8.947114  8.958185  8.940554
 8.950409  8.944561  8.974482  8.955633  8.973858  8.958542  8.969791
 8.95685   8.971691  8.951328  8.960768  8.941385  8.954535  8.950201
 8.9639435 8.94189   8.954623 ]
[4.766722  4.7538395 4.7848587 4.7739353 4.766633  4.7678795 4.750515
 4.7706404 4.7623587 4.812612  4.7666626 4.8081303 4.785066  4.8041525
 4.7747364 4.7909436 4.767791  4.7791595 4.7561255 4.76313   4.7683845
 4.782454  4.755383  4.7728662]
[1.490864  1.4776254 1.5039246 1.4916655 1.484215  1.4927341 1.4694328
 1.4879254 1.4832058 1.5192114 1.4864116 1.522061  1.4981364 1.5144621
 1.4925263 1.5104252 1.4838291 1.4976615 1.4780409 1.4841853 1.4878364
 1.5003626 1.4768536 1.4902407]
[2.367733  2.3543162 2.3830495 2.3662784 2.3601933 2.3665752 2.3444316
 2.3638148 2.3596888 2.3957834 2.3614697 2.3998797 2.3755097 2.3919246
 2.3685045 2.3872051 2.3594809 2.3715324 2.3561862 2.3565125 2.3653584
 2.3756583 2.3525054 2.3661299]
[2.3539004 2.3406322 2.3683562 2.3554144 2.3473406 2.3546128 2.331846
 2.3508134 2.3463907 2.3843555 2.3492107 2.3868191 2.3622713 2.378953
 2.3553848 2.3746195 2.3471327 2.3606386 2.3421164 2.3454113 2.3524165
 2.3636663 2.3400385 2.353099 ]
[2.6810381 2.667473  2.696147  2.681988  2.6745377 2.681246  2.6589243
 2.6780105 2.6736174 2.7112556 2.6762593 2.714402  2.6899729 2.7065063
 2.6833534 2.7016087 2.6743298 2.6870046 2.669521  2.6722224 2.6791682
 2.6909227 2.6664934 2.6811273]
[3.2213006 3.2077353 3.2380419 3.2218645 3.214978  3.2212114 3.199157
 3.2186291 3.2139392 3.2519336 3.2164326 3.2550502 3.2308288 3.2475405
 3.2238533 3.2425833 3.2149484 3.2262874 3.2102287 3.211149  3.2200835
 3.2309773 3.2061324 3.2215676]
[3.0510678 3.0376809 3.065761  3.0525818 3.0443    3.0525224 3.029043
 3.0479808 3.0434394 3.0799198 3.0464966 3.0832741 3.0587559 3.075141
 3.053116  3.0716977 3.0442705 3.0574498 3.0392838 3.042905  3.0491385
 3.0610118 3.0366716 3.0507116]
[3.0932477 3.0796824 3.1092765 3.0941677 3.0870438 3.093396  3.0712523
 3.0906355 3.0860345 3.1238508 3.0884686 3.1272051 3.1027758 3.1193984
 3.0961566 3.1141446 3.0868657 3.0988874 3.0819976 3.0839865 3.0915854
 3.10331   3.0783467 3.0938709]
[3.3676977 3.3542216 3.3843203 3.3687365 3.361583  3.3682022 3.3457024
 3.3651745 3.3604846 3.3983307 3.3630967 3.4014177 3.3770478 3.3938484
 3.3704581 3.3890398 3.361583  3.3731    3.356507  3.3579617 3.3665698
 3.3776712 3.352678  3.3682022]
[3.22697   3.2135532 3.241782  3.2288103 3.22041   3.2286322 3.205331
 3.2241204 3.2195492 3.2561188 3.2227254 3.2593544 3.2349844 3.2512805
 3.229582  3.2478075 3.2205882 3.2335002 3.2152748 3.2192523 3.2250109
 3.2372108 3.212544  3.2271185]
[3.2700403 3.2563267 3.2866924 3.2709901 3.2640145 3.270159  3.2479262
 3.2676656 3.2629163 3.301237  3.2651722 3.3044727 3.2800138 3.2967846
 3.273246  3.2912636 3.2638958 3.2755315 3.2587903 3.2603931 3.268556
 3.2802215 3.2548127 3.2709308]
[3.4131424 3.399785  3.4291418 3.4145672 3.406909  3.4143002 3.3911176
 3.4105303 3.4058108 3.4431818 3.4086604 3.446447  3.4217803 3.438581
 3.415814  3.4344254 3.406909  3.4190495 3.4018035 3.4041188 3.4118364
 3.4232347 3.398479  3.413469 ]
[3.300317  3.2869596 3.3155148 3.30192   3.2939649 3.3015637 3.279064
 3.2974675 3.2929258 3.3296735 3.2963097 3.3327012 3.3088064 3.3248947
 3.3031073 3.3211546 3.294232  3.3065505 3.288978  3.29254   3.2985954
 3.3105576 3.2860394 3.3008215]
[4.32382   4.311294  4.3426394 4.3256607 4.319368  4.326314  4.306812
 4.323227  4.3174386 4.3533254 4.32293   4.3551064 4.334803  4.349674
 4.330469  4.3459344 4.3222175 4.3285103 4.3143215 4.317201  4.32385
 4.3341503 4.3091865 4.329312 ]
[9.673162  9.6631    9.691952  9.67999   9.671115  9.681593  9.6669
 9.675003  9.668443  9.69403   9.680673  9.695543  9.683403  9.6928425
 9.68655   9.696375  9.678951  9.679218  9.667612  9.676131  9.673994
 9.686372  9.661646  9.684857 ]
[45.7881   45.765484 45.822742 45.80888  45.803417 45.799263 45.818913
 45.81369  45.79576  45.811047 45.808613 45.82933  45.830814 45.829838
 45.859016 45.822594 45.827877 45.796326 45.794632 45.81425  45.77988
 45.821346 45.74892  45.861538]
[91.67058  91.638245 91.685776 91.71273  91.700676 91.67271  91.73193
 91.695206 91.69428  91.7086   91.69872  91.733536 91.73835  91.721664
 91.76085  91.706085 91.72763  91.68977  91.690216 91.71172  91.67028
 91.7077   91.62135  91.795235]
[90.30293  90.27387  90.3828   90.40911  90.386284 90.36297  90.48402
 90.39861  90.3638   90.32733  90.43551  90.36485  90.44246  90.38756
 90.55982  90.3877   90.480064 90.34487  90.372345 90.46251  90.298096
 90.417076 90.2529   90.57891 ]
[113.83251  113.901054 113.83103  113.80507  113.843285 113.92027
 114.09389  113.81527  113.86659  113.66289  113.99644  113.57437
 113.74219  113.5842   113.89026  113.78808  113.93447  113.74998
 113.95915  113.95733  113.900696 113.710396 113.88324  114.03841 ]
[112.1016   112.09219  112.128136 112.1644   112.1539   112.143394
 112.18423  112.13405  112.1264   112.14892  112.18115  112.1297
 112.17606  112.156944 112.17418  112.14771  112.18535  112.13008
 112.120094 112.17054  112.13391  112.14239  112.09691  112.21656 ]
[108.06369  108.09817  108.06256  108.02647  108.063644 108.12792
 108.21641  108.05294  108.0738   107.95332  108.157265 107.90041
 107.99684  107.90526  108.10321  108.03262  108.12142  108.007645
 108.127815 108.145615 108.09245  107.976685 108.08147  108.19615 ]
[84.09055  84.10471  84.16722  84.15979  84.14952  84.178116 84.25639
 84.153275 84.13166  84.046295 84.23125  84.0372   84.14879  84.08631
 84.26484  84.15318  84.24759  84.092545 84.15759  84.21429  84.11773
 84.14489  84.088905 84.28423 ]
[81.66857  81.64023  81.66731  81.687126 81.68374  81.66099  81.63979
 81.67347  81.66902  81.730865 81.643135 81.74936  81.70863  81.73928
 81.68535  81.68392  81.66995  81.692085 81.63949  81.65747  81.6654
 81.69823  81.6365   81.68735 ]
[46.280457 46.317142 46.29871  46.251694 46.268257 46.3213   46.380398
 46.290577 46.280247 46.166176 46.344955 46.148216 46.236496 46.177544
 46.333855 46.268017 46.344807 46.235664 46.32109  46.329464 46.280514
 46.233646 46.298237 46.34656 ]
[2.7428088 2.729689  2.7581549 2.7433133 2.7363973 2.7430463 2.7213776
 2.7400482 2.7355068 2.7722545 2.7384157 2.775193  2.751684  2.7678614
 2.7452428 2.763112  2.7364566 2.7482111 2.7314994 2.7339928 2.7409387
 2.7522182 2.7285016 2.7430165]
[2.7514465 2.7382376 2.7669115 2.7516544 2.7447085 2.7514465 2.729659
 2.7483    2.7440257 2.780269  2.7466972 2.7837121 2.7599952 2.7760835
 2.7535837 2.7717202 2.7446787 2.7564926 2.7402263 2.742037  2.7495172
 2.7606483 2.7368424 2.7513278]
[3.0055933 2.9922657 3.0214145 3.0063355 2.9993005 3.00592   2.9840732
 3.002803  2.998321  3.0353358 3.0011408 3.0384822 3.0146468 3.0309427
 3.0082352 3.0263715 2.999449  3.010966  2.9945216 2.996451  3.0040202
 3.0152998 2.9910486 3.0060089]
[3.2060435 3.1926563 3.2220724 3.2070527 3.199899  3.2066073 3.1846716
 3.2034016 3.1988008 3.2360234 3.2018285 3.239051  3.2153046 3.231571
 3.2091305 3.2269998 3.2001364 3.2115645 3.1950607 3.1972573 3.2045593
 3.2160466 3.191469  3.2068448]
[3.3167615 3.3034635 3.3329685 3.3178895 3.3107061 3.317444  3.295449
 3.314268  3.309697  3.3468304 3.3126652 3.3499472 3.3261414 3.3424373
 3.320086  3.3378365 3.3109732 3.322312  3.305838  3.3079455 3.3153367
 3.3268833 3.3021276 3.3177707]
[3.301623  3.2881765 3.317652  3.3027213 3.2954192 3.3022168 3.280162
 3.299011  3.2944398 3.3314545 3.2973487 3.33469   3.3107655 3.3271506
 3.3047695 3.3225496 3.2956567 3.3071737 3.2905216 3.292837  3.3000498
 3.3116856 3.2869298 3.3024542]
[3.2886813 3.2752051 3.3047101 3.2898092 3.2825367 3.2892451 3.2672203
 3.2861285 3.281498  3.3187206 3.284377  3.3218966 3.2979424 3.314357
 3.2919166 3.309667  3.2827446 3.2942617 3.27755   3.2798653 3.287019
 3.298803  3.2739286 3.2896013]
[3.3295548 3.3161085 3.3458211 3.3306828 3.3234994 3.3301783 3.308183
 3.3270912 3.3224607 3.3598316 3.3253102 3.3630672 3.3390534 3.3554683
 3.3329387 3.3506298 3.3237073 3.3352244 3.3185127 3.3207984 3.3280113
 3.3397658 3.3147726 3.3306234]
[3.3368273 3.32344   3.3530638 3.338074  3.3309202 3.337599  3.315485
 3.3344822 3.3297923 3.367193  3.3325825 3.3703988 3.3463259 3.3628
 3.34033   3.3579319 3.3310688 3.3426154 3.3257258 3.3281598 3.3352838
 3.347157  3.3221045 3.3379552]
[3.3654714 3.3518765 3.3817675 3.3666587 3.3595645 3.3660355 3.3440106
 3.3631265 3.3583772 3.3959856 3.361108  3.3991914 3.3750887 3.3916817
 3.3690333 3.3865762 3.3596535 3.3712003 3.3543105 3.3566556 3.363809
 3.375831  3.3505409 3.3666587]
[3.3974104 3.3838453 3.413766  3.3986275 3.3915036 3.3980339 3.3759198
 3.395095  3.3903756 3.4280434 3.393136  3.4312196 3.4070575 3.4237096
 3.4009428 3.4185746 3.3915925 3.4031987 3.386309  3.3885946 3.3958967
 3.40777   3.38248   3.3985384]
[3.4072652 3.3937297 3.4234722 3.4085119 3.4012692 3.40777   3.3856559
 3.4048905 3.4002006 3.4378388 3.4028127 3.441104  3.4167638 3.4334161
 3.4107084 3.42837   3.4012692 3.4130535 3.396045  3.3983307 3.4056623
 3.417595  3.392305  3.408215 ]
[3.525315  3.5118983 3.541611  3.5266805 3.5193486 3.5261164 3.50424
 3.5229404 3.5182207 3.5554137 3.521367  3.558471  3.5347543 3.5511096
 3.5288177 3.5465088 3.5197048 3.5309844 3.5143917 3.516707  3.5238903
 3.535615  3.5106812 3.5265024]
[4.4651713 4.4532685 4.4831295 4.467902  4.4609566 4.4684362 4.4501514
 4.464637  4.459116  4.4932814 4.465973  4.494973  4.4759464 4.4897785
 4.4725924 4.4870777 4.464667  4.4704847 4.4563556 4.4606    4.4652605
 4.475887  4.451933  4.471583 ]
[15.138417 15.126811 15.16436  15.144324 15.138982 15.14759  15.137408
 15.145631 15.135182 15.159611 15.147025 15.16258  15.153526 15.162075
 15.162253 15.16347  15.150618 15.141445 15.135063 15.142187 15.137942
 15.152636 15.120281 15.160531]
[80.75721  80.73158  80.810715 80.79044  80.79402  80.80128  80.79878
 80.79754  80.771225 80.78507  80.79412  80.802986 80.80956  80.81811
 80.84819  80.80971  80.81998  80.76636  80.75964  80.786095 80.76251
 80.8069   80.70966  80.857346]
[341.176   341.07843 341.1436  341.2014  341.2566  341.15265 341.09784
 341.1954  341.1843  341.39304 341.06656 341.4061  341.27615 341.397
 341.1406  341.20993 341.13586 341.22635 341.07394 341.04233 341.18048
 341.20996 341.0208  341.2133 ]
[611.6905  610.9807  611.66724 611.6167  611.6413  611.3087  610.13367
 611.7185  611.3613  612.79224 610.2511  613.47406 612.0522  613.02576
 611.41693 611.4581  610.96313 611.822   610.7382  610.56396 611.1583
 611.8401  610.4817  611.1641 ]
[364.834   364.94617 364.9167  364.94565 364.9384  364.8523  365.0355
 364.8179  364.88742 364.81125 364.96918 364.69498 364.88382 364.78528
 364.93124 364.779   365.0366  364.75092 364.9346  364.84494 365.0468
 364.98413 365.00015 364.9316 ]
[512.3703  512.2324  512.8009  511.89206 512.0165  512.66095 511.78275
 512.3661  512.1212  511.0653  511.9077  511.85464 511.6379  511.6501
 512.72797 512.2867  512.04346 511.77374 512.3651  511.95813 511.8481
 512.25714 511.7414  512.1154 ]
[275.93356 275.95706 276.51318 276.01212 276.1344  276.36542 275.9752
 276.22266 276.0242  275.746   276.05588 275.76056 275.79858 275.83896
 276.781   276.27682 276.41205 275.7996  276.12512 276.01495 275.91754
 276.21622 275.6528  276.47726]
[457.65265 457.6129  457.6553  457.6348  457.69327 457.6308  457.56506
 457.69028 457.72833 457.6893  457.53058 457.79102 457.6533  457.70654
 457.72275 457.62857 457.59085 457.64188 457.66064 457.56055 457.62332
 457.69833 457.57788 457.73303]
[318.9311  318.72998 318.7249  318.82733 318.78763 318.74435 318.28384
 318.76413 318.75253 319.1749  318.36386 319.3132  318.77686 319.04214
 318.6262  318.82037 318.51245 318.98953 318.6035  318.57846 318.7441
 318.97223 318.64413 318.51385]
[168.95404 168.44342 169.56252 171.15097 170.55223 169.60036 170.80199
 169.72711 169.03976 170.62201 170.9307  170.75436 172.0565  171.46458
 169.95314 169.57387 171.07326 169.67618 168.97758 170.81824 170.21333
 170.98148 169.06029 171.29413]
[6.3681855 6.3495445 6.3920803 6.381988  6.3716583 6.3632283 6.338829
 6.387598  6.3616257 6.4503484 6.348654  6.4434323 6.398581  6.4348836
 6.3843627 6.3938613 6.370115  6.394811  6.3509693 6.355689  6.3656325
 6.391249  6.3471403 6.37338  ]
[-6.9043217 -6.9223394 -6.887254  -6.8777256 -6.887165  -6.896456
 -6.9068747 -6.8886194 -6.905806  -6.827858  -6.889777  -6.8406515
 -6.8577194 -6.835635  -6.887017  -6.873986  -6.886037  -6.8748465
 -6.9213305 -6.886809  -6.8964853 -6.868732  -6.912574  -6.880219 ]
[0.84436584 0.8306819  0.8581388  0.84133816 0.83593583 0.8414569
 0.8194914  0.83929    0.8356093  0.8727726  0.8364998  0.87772965
 0.8523803  0.8690325  0.8430598  0.86262095 0.8343923  0.8478091
 0.8318099  0.832077   0.8414866  0.85116327 0.82922745 0.841635  ]
[1.190085  1.176787  1.2023739 1.1888384 1.1812395 1.1881853 1.1652106
 1.1845343 1.1812098 1.2186996 1.182694  1.222499  1.1964669 1.2130895
 1.1874729 1.2086667 1.1795475 1.1954874 1.17744   1.1791617 1.1875917
 1.1972387 1.1764011 1.185692 ]
[0.9671055  0.9530951  0.979424   0.9632467  0.95665705 0.96404815
 0.9392034  0.9603081  0.95754755 0.9942062  0.95704293 0.9994898
 0.97158766 0.9889523  0.9633951  0.98479664 0.95383716 0.97075653
 0.95357    0.9532732  0.96300924 0.97283435 0.95158124 0.96087205]
[1.9898372 1.9765391 2.0027196 1.9863049 1.9795371 1.9867798 1.9636863
 1.982832  1.9806651 2.0148602 1.9811697 2.0206482 1.9946458 2.0106153
 1.9863642 2.0074987 1.9776374 1.9924196 1.9777858 1.9763017 1.9867798
 1.9953285 1.975055  1.9844348]
[1.3221452 1.3075708 1.334345  1.3199487 1.3122311 1.3189691 1.2935901
 1.315704  1.3127654 1.352422  1.3117858 1.3574681 1.3279928 1.3462182
 1.3181677 1.3405488 1.3087878 1.3273991 1.3083129 1.3086988 1.318791
 1.3291208 1.30671   1.3159711]
[1.4397794 1.4251753 1.4525135 1.4363362 1.4295981 1.43598   1.4108087
 1.4328929 1.4303995 1.4687204 1.4290044 1.4747164 1.4455082 1.4635259
 1.4358315 1.457797  1.4260361 1.4436382 1.4261252 1.425116  1.4361581
 1.4461019 1.4237802 1.433724 ]
[1.786775  1.7724677 1.7994794 1.7839254 1.7766827 1.783124  1.7586354
 1.7800369 1.7774842 1.8155082 1.776653  1.8211777 1.7926522 1.8102247
 1.7829756 1.8049707 1.773566  1.7908119 1.7736254 1.7725865 1.7835395
 1.7932162 1.7712507 1.780868 ]
[1.2109523 1.1953686 1.223152  1.2082511 1.2005929 1.2069747 1.179785
 1.2041548 1.2012756 1.2430397 1.1984854 1.2489467 1.216978  1.2364798
 1.206292  1.2293558 1.1959623 1.2164437 1.1960514 1.1959326 1.2070044
 1.2182246 1.194211  1.2039471]
[1.4274015 1.4117882 1.4400465 1.423988  1.4169234 1.4225038 1.3960562
 1.420337  1.4178436 1.4591031 1.4147269 1.4657224 1.4339615 1.4532555
 1.4227116 1.445627  1.4122038 1.431854  1.4129162 1.4112836 1.4234834
 1.434199  1.4103634 1.4206338]
[1.1422656 1.1254649 1.1546434 1.139416  1.1318765 1.1365664 1.1085455
 1.1353197 1.1324998 1.177915  1.1277802 1.184653  1.1499238 1.1709988
 1.1370116 1.1609362 1.1258508 1.1481131 1.1264445 1.1253165 1.138199
 1.1498941 1.1242182 1.1351416]
[1.7564685 1.7408255 1.7690245 1.7540939 1.7466137 1.7519567 1.7260137
 1.7497305 1.746495  1.789862  1.7445359 1.7950566 1.7636518 1.7829162
 1.7521645 1.7749908 1.7423394 1.7619599 1.7417457 1.7418051 1.753144
 1.764008  1.739757  1.7505913]
[12.793333  12.7994175 12.816426  12.809658  12.805919  12.814972
 12.832574  12.802712  12.796301  12.794342  12.835572  12.782855
 12.811707  12.801615  12.818771  12.812301  12.829636  12.7936
 12.8035145 12.817702  12.811469  12.807195  12.804464  12.828686 ]
[113.43586  113.466324 113.45034  113.47968  113.4802   113.51606
 113.57476  113.484985 113.46765  113.33918  113.54028  113.336685
 113.43927  113.389046 113.509796 113.42743  113.51686  113.43114
 113.48926  113.5119   113.45272  113.45001  113.48105  113.5143  ]
[251.82976 251.92111 251.86006 251.79454 251.8329  251.93872 252.03735
 251.90591 251.86208 251.57448 251.96632 251.55583 251.74052 251.65076
 251.94252 251.7968  251.94376 251.77632 251.9163  251.94592 251.79799
 251.76294 251.90764 251.90224]
[406.23935 406.22653 406.16656 406.13815 406.1047  406.25293 406.08167
 406.0922  406.12143 406.09308 406.1902  406.12857 406.0409  406.0288
 406.11707 406.25974 406.0967  406.21542 406.23273 406.18793 406.2258
 406.16812 406.29254 406.09436]
[477.8668  477.83725 477.68484 477.98895 477.98807 477.674   477.67746
 477.86838 477.96234 478.52557 477.62347 478.3905  478.05063 478.3147
 477.82944 477.98654 477.84048 478.14584 477.76254 477.57773 477.92633
 477.872   477.81143 477.95734]
[711.83203 711.74286 711.9618  711.6949  711.7469  711.8754  712.1273
 711.76276 711.7278  711.38855 711.97784 711.35297 711.7084  711.5527
 711.64777 711.9407  711.73206 711.6023  711.87897 711.6964  711.8587
 711.6836  711.6003  711.732  ]
[473.34787 473.43396 473.4118  473.40167 473.38925 473.403   473.61133
 473.35626 473.3697  473.17133 473.57544 473.09387 473.37332 473.21188
 473.4175  473.37863 473.51108 473.29565 473.46793 473.50436 473.44492
 473.38086 473.46756 473.44025]
[547.05493 546.89655 547.1996  547.21594 547.24066 547.1853  547.03876
 547.2231  547.1502  547.3784  547.07556 547.316   547.2122  547.44006
 547.1882  547.06366 546.976   547.1387  546.9321  546.95807 546.93414
 547.2684  546.84576 547.0723 ]
[441.034   441.038   441.1481  441.13156 441.09573 441.0307  441.11288
 441.09018 441.05685 441.11386 441.14825 441.08145 441.19632 441.18164
 441.1135  441.12558 441.13293 441.06564 441.06204 441.09387 441.09143
 441.17398 441.078   441.07938]
[343.65952 343.70667 343.7242  343.75543 343.76236 343.69946 343.84985
 343.81277 343.77435 343.624   343.78384 343.71146 343.8061  343.7815
 343.79404 343.65738 343.74805 343.7209  343.7531  343.80087 343.6896
 343.7547  343.78174 343.74713]
[89.41355  89.39441  89.40631  89.30737  89.36604  89.39525  89.332535
 89.42572  89.38397  89.39301  89.29475  89.4236   89.34145  89.38728
 89.407776 89.3458   89.34662  89.3692   89.36689  89.336555 89.33359
 89.332695 89.33527  89.387146]
[-3.4378686 -3.4573703 -3.4214537 -3.4098773 -3.4159327 -3.431457
 -3.4412525 -3.4144783 -3.4362657 -3.3430903 -3.4258766 -3.361108
 -3.3841422 -3.3549635 -3.4160514 -3.4068794 -3.4188416 -3.4003491
 -3.4572814 -3.418159  -3.4327037 -3.398301  -3.445319  -3.411332 ]
[-0.25536382 -0.2699679  -0.24153149 -0.2571448  -0.26228    -0.25800562
 -0.28062415 -0.25883675 -0.26373446 -0.22220778 -0.26343763 -0.21825993
 -0.2450341  -0.22666025 -0.2554232  -0.23645568 -0.2645656  -0.24987245
 -0.26922584 -0.2666434  -0.25851023 -0.2467854  -0.2710365  -0.25675893]
[0.72975934 0.7157192  0.7422856  0.7286017  0.72147775 0.7275331
 0.703935   0.724921   0.7210325  0.7611344  0.72147775 0.76490414
 0.737566   0.7552571  0.72762215 0.7487565  0.71916246 0.73590374
 0.71634257 0.7185391  0.7270285  0.7377144  0.7152443  0.72587085]
[0.636495   0.6219206  0.64851665 0.6333189  0.6263137  0.6334673
 0.6076727  0.6300241  0.62693703 0.6655251  0.6257497  0.6708087
 0.6416005  0.65997434 0.6326659  0.6544533  0.6229298  0.6412443
 0.6222174  0.6229001  0.6322503  0.64287686 0.62058485 0.63023186]
[1.3321781 1.3173366 1.3448231 1.3284084 1.3218484 1.3280818 1.3026137
 1.3252916 1.3226202 1.3613269 1.3206611 1.3679166 1.3380257 1.3563699
 1.3280818 1.3501067 1.3179896 1.3359479 1.3182567 1.3169804 1.3282896
 1.3384116 1.3156743 1.3260337]
[1.5258901 1.5118203 1.5380899 1.5237529 1.515976  1.5230999 1.498552
 1.5194786 1.5165993 1.5544453 1.5164806 1.5593727 1.5313221 1.5487164
 1.5222094 1.5442046 1.5132451 1.5307581 1.5126514 1.5130076 1.5226547
 1.5325688 1.5109892 1.5199535]
[1.2136238 1.1985744 1.2259126 1.2108039 1.2034425 1.2099727 1.1838813
 1.206856  1.2040955 1.2443458 1.2022551 1.2498965 1.2195307 1.2382607
 1.2094978 1.2318789 1.199554  1.2185808 1.1992571 1.1992275 1.2097946
 1.2205399 1.1973574 1.2072122]
[1.4753398 1.4600233 1.4880738 1.4720746 1.4651288 1.4707983 1.4449443
 1.4685423 1.4657818 1.506418  1.4633775 1.5128592 1.4818997 1.5008079
 1.4710357 1.4935652 1.460795  1.4796735 1.4611216 1.4597265 1.4716591
 1.4820778 1.4585688 1.469047 ]
[1.43598   1.4210197 1.4481204 1.4334272 1.4256502 1.4324774 1.4063859
 1.4291825 1.4263923 1.466138  1.4247894 1.4718075 1.441501  1.4601123
 1.4316462 1.4542648 1.4218211 1.4409964 1.4218211 1.4217321 1.4322399
 1.4428664 1.4199511 1.4293013]
[1.3328608 1.3173366 1.3453871 1.3298628 1.3225905 1.3286161 1.3019607
 1.3260337 1.3233029 1.3643843 1.3205423 1.3705584 1.3390646 1.3583289
 1.3284084 1.3511456 1.3180193 1.3377289 1.318227  1.317485  1.3289427
 1.3399254 1.3160602 1.3261228]
[1.3041573 1.2878909 1.3167726 1.3012186 1.2940056 1.2989924 1.2718323
 1.2973598 1.294629  1.3380554 1.2907702 1.3445857 1.311489  1.3317032
 1.299408  1.3226795 1.2886033 1.3094112 1.2891673 1.2878019 1.3002688
 1.311578  1.2867036 1.2973895]
[1.1482615 1.1316984 1.160491  1.1453229 1.1376944 1.1430967 1.1148384
 1.1411673 1.1384068 1.1828424 1.1340433 1.1894617 1.1550887 1.1759559
 1.1429483 1.1668135 1.1319062 1.1540201 1.1325295 1.1316687 1.1440762
 1.1557714 1.1304517 1.1408111]
[1.5696133 1.553436  1.5824661 1.5668231 1.5596398 1.5641813 1.5376446
 1.5628456 1.559996  1.6042535 1.5564044 1.6106354 1.577509  1.5976342
 1.5650125 1.5882543 1.5545046 1.5749563 1.5546234 1.5534657 1.5661107
 1.5772122 1.5521894 1.5635283]
[15.093269 15.097128 15.114048 15.103926 15.098434 15.114078 15.122864
 15.09698  15.09321  15.088402 15.130938 15.079883 15.103451 15.094101
 15.113038 15.114849 15.121706 15.091726 15.101314 15.113958 15.107072
 15.102412 15.100719 15.12046 ]
[113.695404 113.73644  113.71911  113.74815  113.74775  113.792244
 113.85715  113.74815  113.73514  113.59257  113.834015 113.56511
 113.70096  113.63478  113.774956 113.709206 113.804726 113.68867
 113.76295  113.79119  113.7263   113.69962  113.747025 113.79412 ]
[348.87677 349.00626 348.84766 348.91684 348.89474 348.97134 349.03024
 348.89072 348.94733 348.71127 348.99295 348.6655  348.75806 348.7066
 348.97437 348.87393 349.01276 348.87198 348.98358 348.90366 348.93338
 348.85306 349.0419  348.94577]
[395.81    395.85684 395.75586 395.86392 395.80426 395.79303 395.732
 395.74368 395.84232 395.90366 395.74686 395.89035 395.73758 395.79068
 395.8072  395.81287 395.82083 395.84015 395.8417  395.6743  395.90393
 395.8421  395.90244 395.81757]
[448.90845 448.84857 448.8411  448.88507 448.8909  448.89273 448.68774
 448.8212  448.87125 449.058   448.7877  449.0677  448.86746 448.9893
 448.8131  448.92368 448.78955 448.9427  448.81442 448.76758 448.909
 448.95447 448.88904 448.8207 ]
[486.36063 486.28122 486.37265 486.47263 486.32788 486.15524 486.10782
 486.28845 486.29477 486.56448 486.19934 486.68292 486.52158 486.59778
 486.2313  486.46143 486.24756 486.45596 486.30893 486.22797 486.41122
 486.53302 486.34677 486.13025]
[377.18768 377.12018 377.3525  377.39053 377.35962 377.2867  377.32245
 377.32822 377.27075 377.46658 377.34055 377.37247 377.4204  377.50705
 377.3461  377.2899  377.29025 377.283   377.1699  377.2355  377.22156
 377.393   377.1228  377.32913]
[319.71378 319.67892 319.78546 319.7536  319.72952 319.73755 319.70877
 319.75803 319.7177  319.71332 319.71674 319.73422 319.7255  319.76172
 319.7482  319.71707 319.6645  319.71356 319.71686 319.66913 319.66208
 319.76602 319.65958 319.66443]
[442.65405 442.67615 443.1471  442.6857  442.72644 442.93365 442.60788
 443.0751  442.57053 442.2967  442.69064 442.60803 442.7845  442.8859
 443.05978 442.74423 442.87668 442.54843 442.50995 442.77124 442.37607
 442.9721  442.41766 442.52292]
[304.5258  304.4428  304.3911  304.4493  304.45782 304.34332 304.13388
 304.35443 304.5046  304.79636 304.17453 304.74832 304.39612 304.56342
 304.2597  304.48303 304.21695 304.54062 304.3985  304.17773 304.49475
 304.44427 304.3712  304.31015]
[56.327953 56.367313 56.30373  56.28251  56.2904   56.27375  56.360634
 56.301    56.325813 56.239468 56.31946  56.21397  56.2549   56.19681
 56.325012 56.311924 56.314625 56.28782  56.39118  56.30376  56.317623
 56.30839  56.366215 56.31688 ]
[-1.5348247 -1.5523674 -1.5119687 -1.5197754 -1.5299864 -1.5397224
 -1.5595211 -1.5225062 -1.5398412 -1.4578564 -1.5443827 -1.4669691
 -1.5021436 -1.4708279 -1.524584  -1.5068929 -1.5324501 -1.5119984
 -1.5511208 -1.54557   -1.5325688 -1.511197  -1.5517144 -1.530491 ]
[-7.9216213 -7.9379473 -7.909897  -7.9058003 -7.91426   -7.91429
 -7.9343853 -7.9122715 -7.9255695 -7.86089   -7.9169908 -7.871101
 -7.8939567 -7.870834  -7.911618  -7.895619  -7.9155364 -7.896866
 -7.94053   -7.911945  -7.9211764 -7.8966875 -7.9318323 -7.9108467]
[0.5621388  0.5482174  0.57573366 0.5585768  0.55344164 0.55925953
 0.53675973 0.55694425 0.5531745  0.5899222  0.55379784 0.5950277
 0.5695596  0.58633053 0.560714   0.58012676 0.55169034 0.56519616
 0.5492563  0.5494344  0.55872524 0.5686394  0.54655516 0.55905175]
[1.1872058 1.1742343 1.1993462 1.1867605 1.1787758 1.1859888 1.163489
 1.18213   1.1785977 1.215939  1.1807646 1.2188777 1.1937954 1.2100321
 1.1850389 1.2061436 1.1776181 1.1932315 1.1748279 1.1773807 1.1850092
 1.1948047 1.1741452 1.1831689]
[0.7027774  0.68861854 0.7150068  0.7000762  0.6930413  0.70037305
 0.6753205  0.696633   0.69336784 0.7314216  0.6932788  0.7359334
 0.7080313  0.72572243 0.699631   0.72094345 0.6902511  0.7075267
 0.68894506 0.69004333 0.6989186  0.7094561  0.6874312  0.6971376 ]
[1.8121244 1.7982327 1.8253037 1.8090967 1.802329  1.8087405 1.7853502
 1.8056535 1.8030413 1.8398484 1.8031007 1.8453398 1.8182391 1.8350991
 1.8090076 1.8303201 1.799984  1.8155082 1.7995981 1.7983514 1.8092154
 1.8183875 1.796986  1.8071376]
[1.5685744 1.5548015 1.5807148 1.56712   1.5589868 1.5664966 1.5420674
 1.56243   1.5594617 1.5971593 1.559996  1.6015524 1.5740955 1.5911336
 1.5652499 1.587156  1.5565825 1.5739471 1.5555139 1.5566418 1.5656358
 1.5756093 1.5542078 1.562994 ]
[1.2721885 1.2569611 1.2849226 1.2689531 1.2620963 1.2680032 1.242268
 1.2654802 1.2626603 1.303059  1.2606121 1.3090253 1.2786595 1.2974192
 1.2683    1.290414  1.2580891 1.2765223 1.2579703 1.2570798 1.2684188
 1.2790157 1.2555957 1.2662222]
[1.7966001 1.7821147 1.8096013 1.793988  1.7868937 1.7928007 1.7684605
 1.7901292 1.7874577 1.8263426 1.7865375 1.8319824 1.8031601 1.8209996
 1.7931272 1.815063  1.7836583 1.8007854 1.7834208 1.7823225 1.7935724
 1.8033975 1.7809868 1.7911384]
[1.8043177 1.790426  1.8166956 1.8022102 1.7944036 1.8020321 1.777217
 1.7977577 1.7950269 1.8321011 1.7953237 1.8368504 1.8093045 1.8263426
 1.8008448 1.8226916 1.7918805 1.8089483 1.7912868 1.791643  1.801201
 1.8110855 1.7895355 1.7984108]
[1.6137224 1.5986731 1.6268721 1.6108432 1.603927  1.6094481 1.5841581
 1.6071625 1.6044613 1.6449491 1.6025913 1.6508263 1.6206386 1.6393983
 1.6100417 1.6322447 1.6000088 1.6181155 1.5999495 1.5986434 1.6103979
 1.6208167 1.597367  1.6080233]
[1.6481845 1.632868  1.6611264 1.6457802 1.6383891 1.6438211 1.6179374
 1.6416246 1.6389234 1.6806282 1.6364894 1.6865945 1.6553679 1.6744541
 1.644118  1.6669443 1.6340554 1.65329   1.6341444 1.6330165 1.6449491
 1.6556053 1.6317401 1.6421885]
[1.9535347 1.9394649 1.9661797 1.9514569 1.943769  1.9507445 1.9263747
 1.9469748 1.9438283 1.9827429 1.944422  1.9869282 1.9592339 1.9763314
 1.9500024 1.9719976 1.941335  1.9582247 1.9403257 1.94086   1.9507445
 1.9605103 1.9385744 1.9482214]
[10.519487 10.527176 10.540176 10.53525  10.530975 10.540384 10.55858
 10.525899 10.524415 10.520971 10.559709 10.509841 10.53516  10.524445
 10.543798 10.537179 10.556918 10.518122 10.53139  10.539613 10.542611
 10.52961  10.531865 10.558759]
[115.63928  115.66153  115.65756  115.69986  115.6967   115.69946
 115.76575  115.68869  115.68273  115.60134  115.72904  115.59104
 115.674614 115.63486  115.71166  115.64147  115.72837  115.64339
 115.68869  115.699196 115.67582  115.665504 115.67055  115.73493 ]
[278.55148 278.54724 278.60648 278.53668 278.5831  278.56558 278.53934
 278.64694 278.5976  278.65985 278.4989  278.66745 278.59634 278.68207
 278.65063 278.5596  278.59402 278.5786  278.5192  278.53378 278.52463
 278.5711  278.5157  278.6183 ]
[569.9026  570.0928  569.613   570.0256  569.8967  570.00146 569.712
 569.7638  570.02454 570.0906  569.86163 570.08435 569.6452  569.8261
 569.9483  569.9425  569.94    570.1188  570.0102  569.68225 570.1057
 569.9571  570.3964  569.9787 ]
[561.57733 561.2556  561.6591  561.4394  561.4829  561.3146  560.8732
 561.5219  561.3565  561.9034  560.9447  562.1412  561.70465 562.0502
 561.3076  561.47534 561.18506 561.48566 561.1358  561.0634  561.3249
 561.68225 560.9889  561.1101 ]
[796.6198  796.6327  796.74    796.5928  796.5694  796.5437  796.7307
 796.62305 796.588   796.38727 796.6468  796.48505 796.67926 796.54095
 796.6356  796.5594  796.683   796.461   796.6773  796.6298  796.63477
 796.6261  796.574   796.61383]
[650.7612  650.7354  650.6901  650.71185 650.7747  650.7079  650.939
 650.69244 650.694   650.5072  650.8316  650.58704 650.7732  650.5719
 650.6823  650.57434 650.6833  650.6347  650.8289  650.88525 650.7671
 650.7383  650.7671  650.7629 ]
[214.33092 214.36865 214.56523 214.38412 214.24107 214.35468 214.3111
 214.36536 214.2778  214.26155 214.3959  214.18367 214.27615 214.35178
 214.3863  214.47516 214.33691 214.3098  214.34247 214.1751  214.27188
 214.37794 214.31209 214.09352]
[242.01949 241.92056 242.26315 242.12198 242.189   242.18796 242.24174
 242.2836  242.08527 242.10623 242.15573 242.08678 242.21828 242.28494
 242.26372 242.01103 242.1005  242.02245 241.99443 242.10063 241.91068
 242.11765 241.81271 242.20618]
[235.39175 235.40208 235.3619  235.42937 235.46542 235.38759 235.46336
 235.4101  235.4491  235.61206 235.44612 235.45885 235.45744 235.47531
 235.3986  235.40724 235.43887 235.45839 235.40276 235.44272 235.45206
 235.38918 235.43645 235.49539]
[169.63602 169.15674 169.24355 169.45676 169.34015 169.15062 168.18863
 169.31537 169.16577 170.39915 168.39766 170.68513 169.49931 170.1261
 168.99832 169.42064 168.8263  169.79527 168.87337 168.85701 169.25264
 169.80966 169.00114 168.7215 ]
[-9.674261  -9.755859  -9.5715275 -9.369564  -9.450242  -9.58812
 -9.4377165 -9.558408  -9.661468  -9.380695  -9.409042  -9.378321
 -9.225452  -9.279149  -9.524154  -9.563246  -9.377163  -9.559536
 -9.685303  -9.4269705 -9.499457  -9.383129  -9.67337   -9.341483 ]
[0.4396069  0.4261011  0.45513117 0.4436438  0.43604493 0.4371729
 0.41784918 0.43939912 0.43316567 0.4828552  0.43500602 0.48098516
 0.45504212 0.47451425 0.44215965 0.46204734 0.43545127 0.4501444
 0.42755556 0.43111753 0.4399928  0.45222223 0.42716968 0.44034898]
[-2.923668  -2.9377675 -2.9125664 -2.9218276 -2.929189  -2.9221838
 -2.9464943 -2.9254787 -2.9318902 -2.8872764 -2.9287438 -2.888998
 -2.9144661 -2.89538   -2.9231336 -2.9034538 -2.9307325 -2.9129226
 -2.9394298 -2.9288032 -2.9272003 -2.9125664 -2.9370253 -2.9255083]
[1.508199  1.4943073 1.521408  1.5035981 1.4979286 1.5043402 1.4808905
 1.5011641 1.4988191 1.534053  1.4983739 1.5405833 1.5137794 1.5303129
 1.5048745 1.525623  1.4954649 1.5102174 1.4954946 1.4935652 1.5046073
 1.5135123 1.4923482 1.5031528]
[1.3647108 1.350641  1.3768809 1.3630189 1.3551528 1.3618612 1.3375804
 1.3585664 1.3555981 1.3945127 1.3554794 1.3991432 1.3708552 1.3884276
 1.3611192 1.3832331 1.352422  1.3700835 1.3514128 1.3520955 1.3617722
 1.3717754 1.3499583 1.3591304]
[1.3003281 1.2867333 1.3125873 1.2970927 1.289939  1.2979535 1.2735243
 1.2935307 1.2907999 1.3265977 1.2913342 1.3311986 1.3045728 1.321225
 1.2967958 1.318138  1.2878612 1.3040682 1.2872379 1.2874457 1.2966771
 1.3061757 1.2853975 1.2943618]
[1.637083  1.6222118 1.6501139 1.6337585 1.6271095 1.63269   1.6078749
 1.630345  1.6277922 1.6672114 1.6260113 1.6733855 1.6437618 1.6619278
 1.6332539 1.6553085 1.6233398 1.6409715 1.6235772 1.621915  1.6337585
 1.6436133 1.6208464 1.6313839]
[1.3864685 1.3715973 1.3984902 1.3841532 1.3762279 1.3831143 1.3570526
 1.3797898 1.3768809 1.4168047 1.3754561 1.4222367 1.3920786 1.4105415
 1.3821942 1.4048127 1.3724878 1.3917818 1.3722503 1.3725471 1.3827581
 1.3934441 1.3705584 1.3798789]
[1.549696  1.5352106 1.5623113 1.5462824 1.5394553 1.5461043 1.520844
 1.5428095 1.540227  1.5782808 1.53901   1.5841284 1.5550686 1.5728785
 1.5457481 1.5677433 1.5360417 1.5534657 1.5361605 1.5351216 1.5461043
 1.5559888 1.5337858 1.5435516]
[1.6106057 1.595408  1.6234288 1.6076077 1.6005728 1.6062126 1.5804774
 1.6037786 1.6011962 1.641862  1.5989403 1.6480658 1.6172844 1.6361926
 1.6063907 1.6290686 1.5962985 1.6151472 1.5965953 1.5952595 1.6071625
 1.6175516 1.5941316 1.6043723]
[1.2251111 1.2093197 1.2371328 1.2223506 1.2145439 1.2208664 1.1931424
 1.2181059 1.2152563 1.2576735 1.2120802 1.2637882 1.2310477 1.2509651
 1.2201244 1.2435147 1.2095572 1.2306916 1.2098837 1.2096759 1.2209555
 1.2323538 1.2080433 1.21772  ]
[1.3487413 1.3325343 1.3614753 1.3452684 1.3382928 1.3432202 1.3160899
 1.3415877 1.3390052 1.382491  1.3349683 1.3893181 1.3559543 1.3762575
 1.343903  1.3671151 1.3329202 1.3536093 1.3336029 1.3318813 1.3447934
 1.3558652 1.3310205 1.3420032]
[2.1802545 2.1661253 2.193018  2.178325  2.170815  2.1769595 2.1530943
 2.173902  2.1710823 2.210264  2.1710823 2.215132  2.1870222 2.204268
 2.1768408 2.1988358 2.1680546 2.1849146 2.1673422 2.167164  2.17785
 2.1872892 2.1653533 2.175416 ]
[22.50829  22.528801 22.532393 22.544086 22.536459 22.549103 22.590334
 22.525356 22.528801 22.485909 22.581043 22.471779 22.53076  22.503984
 22.550083 22.524881 22.57478  22.506538 22.536133 22.550201 22.546581
 22.526989 22.538744 22.569674]
[103.67903  103.71326  103.72378  103.73619  103.74538  103.786156
 103.84556  103.74729  103.72031  103.61697  103.8327   103.57949
 103.71786  103.672325 103.78223  103.713165 103.807785 103.68773
 103.72038  103.79944  103.70244  103.71101  103.72194  103.79449 ]
[274.12152 274.2209  274.17154 274.09454 274.09464 274.17093 274.30106
 274.17664 274.14487 273.90796 274.21683 273.89493 274.03632 273.95572
 274.2042  274.09055 274.20544 274.0685  274.22888 274.17322 274.12796
 274.0559  274.21948 274.14987]
[424.38147 424.34314 424.3488  424.37347 424.34726 424.35254 424.2155
 424.29358 424.33554 424.5105  424.2804  424.4965  424.32928 424.39893
 424.3336  424.4075  424.3141  424.3969  424.33362 424.26215 424.40726
 424.40707 424.3561  424.3451 ]
[513.4992  513.12177 513.52496 513.3045  513.27625 513.13336 512.1863
 513.3216  513.1988  514.1011  512.4217  514.419   513.4283  514.1202
 513.0421  513.3838  512.77826 513.45636 512.8924  512.4242  513.1645
 513.5523  512.8189  512.704  ]
[706.9732  706.93445 706.9825  706.74445 706.7545  706.88446 706.83734
 706.7653  706.86035 706.5569  706.8156  706.7204  706.7079  706.6551
 706.68475 706.9366  706.7036  706.7193  706.97095 706.64276 706.9925
 706.7977  706.8667  706.6959 ]
[707.73694 707.8361  707.7409  707.81506 707.80206 707.7796  708.06665
 707.752   707.78467 707.5553  707.9757  707.50214 707.77936 707.5744
 707.80786 707.72    707.9155  707.7     707.9047  707.93146 707.86676
 707.76154 707.902   707.8988 ]
[400.08408 400.25626 400.13596 400.5267  400.62158 400.3622  401.1394
 400.43192 400.47482 400.33105 400.86694 400.2068  400.7483  400.42792
 400.65292 400.13455 400.92334 400.28708 400.3786  400.94522 400.50662
 400.38025 400.47464 401.1519 ]
[377.93732 377.95044 378.0811  378.02234 377.98898 377.98495 378.0782
 378.0188  377.9559  377.96005 378.1083  377.88492 378.05157 378.0349
 378.05774 378.04037 378.04343 377.96347 377.97812 378.02368 377.95383
 378.0574  377.9807  377.97382]
[157.14926 157.22903 157.13113 157.1241  157.16644 157.20143 157.34808
 157.12479 157.21127 157.02795 157.24597 156.93039 157.04701 156.93782
 157.15099 157.09329 157.21071 157.08154 157.27025 157.18251 157.23685
 156.96706 157.1975  157.29326]
[152.54544 152.5828  152.52638 152.56187 152.59012 152.56694 152.64616
 152.56244 152.59882 152.65521 152.60565 152.5147  152.5355  152.52164
 152.57156 152.55045 152.6024  152.57948 152.59477 152.59549 152.59955
 152.49895 152.5959  152.64687]
[-4.974504  -4.9989033 -4.973554  -4.976077  -4.9788375 -4.974712
 -5.0187616 -4.974118  -4.988188  -4.9224696 -5.001783  -4.9198275
 -4.9660444 -4.9321756 -4.977235  -4.9620075 -4.992759  -4.9571095
 -5.0091443 -4.986288  -4.991097  -4.9567237 -5.0022874 -4.985279 ]
[1.0971175 1.0828696 1.1109499 1.0942976 1.0892218 1.0934962 1.0716494
 1.0929619 1.0884204 1.1288191 1.0884204 1.1330044 1.1064677 1.1241292
 1.0962567 1.1156398 1.0872924 1.1016294 1.0839679 1.0849178 1.0940008
 1.1045086 1.0815933 1.094832 ]
[-1.1711175 -1.1853654 -1.1593333 -1.170049  -1.1777962 -1.1714737
 -1.1956061 -1.1742343 -1.1793694 -1.1360915 -1.1779447 -1.1347557
 -1.1619751 -1.1432154 -1.1719487 -1.1513189 -1.1800225 -1.1618861
 -1.1858404 -1.1791023 -1.1740562 -1.1611143 -1.1849499 -1.1738187]
[0.4508568  0.43640113 0.46326435 0.4466715  0.44043803 0.44762135
 0.4220345  0.44423747 0.44123948 0.47887766 0.4399928  0.48433936
 0.45551705 0.47362375 0.44720578 0.46854794 0.4371729  0.45459688
 0.43666828 0.4366089  0.44634497 0.45670438 0.43456078 0.4447124 ]
[1.4183482 1.4035957 1.4308745 1.4153205 1.4082856 1.41443   1.3892884
 1.4117289 1.4090277 1.4483875 1.4073654 1.4543241 1.4247004 1.4429852
 1.4143707 1.4365736 1.4046643 1.4227116 1.4045455 1.4038035 1.414905
 1.4249082 1.4022303 1.4124413]
[1.5197457 1.5058837 1.5318564 1.5180835 1.50998   1.5173414 1.4929419
 1.5134232 1.5106033 1.5483899 1.5107814 1.5529611 1.5251184 1.5424533
 1.516154  1.5381492 1.5074569 1.5249996 1.5066258 1.5074569 1.5167477
 1.5266322 1.5052603 1.5139575]
[1.2035612 1.18869   1.2160578 1.200296  1.1932018 1.1999695 1.1740265
 1.1967044 1.1939439 1.2332443 1.1924003 1.2388544 1.2091416 1.2274264
 1.1995243 1.2216382 1.1895211 1.2078356 1.1893727 1.1890165 1.199643
 1.2101508 1.1872948 1.1972387]
[1.5592836 1.5439968 1.5722255 1.5559591 1.5491617 1.554564  1.5290068
 1.5523971 1.5499334 1.5904509 1.5474104 1.5969218 1.566081  1.5849298
 1.5550686 1.5775387 1.5448576 1.5634392 1.5452732 1.5435516 1.5557216
 1.565992  1.542572  1.5532283]
[1.3233029 1.3082535 1.3353542 1.3206017 1.3128247 1.3198596 1.2933823
 1.3164164 1.3135074 1.3535796 1.3118155 1.3591897 1.3285568 1.3472275
 1.3187317 1.3414986 1.3088769 1.328349  1.3087878 1.3089956 1.3192956
 1.3301597 1.3070959 1.3163867]
[1.3648295 1.3493943 1.3774745 1.3614457 1.3544108 1.3603771 1.3339294
 1.3577946 1.3552122 1.3958187 1.3525704 1.4022303 1.370974  1.3901196
 1.3604068 1.3829956 1.3499583 1.369193  1.3503442 1.3490975 1.360852
 1.3715676 1.3478805 1.3581805]
[1.2853382 1.2690421 1.2980425 1.2823105 1.2751569 1.2799655 1.2527461
 1.2784814 1.2757802 1.3195925 1.2717433 1.3263305 1.292848  1.3132403
 1.2804998 1.3039792 1.2696061 1.2906514 1.2701701 1.2687453 1.2814794
 1.2927886 1.2677658 1.278511 ]
[1.0711745 1.0544629 1.083404  1.0680281 1.0604589 1.0658612 1.0373654
 1.0639912 1.0611713 1.1061115 1.0566595 1.1126121 1.0780313 1.0989282
 1.0657722 1.0896671 1.054641  1.0768737 1.0551456 1.0544332 1.0667814
 1.078625  1.0530678 1.0636647]
[1.7362543 1.7207004 1.7492555 1.7333157 1.7263995 1.731416  1.7059479
 1.7294272 1.7267557 1.7689058 1.7244108 1.774783  1.7437048 1.7626129
 1.7321581 1.7546875 1.7221252 1.7409146 1.7220658 1.7208785 1.7330189
 1.743408  1.7196021 1.7306739]
[13.056384 13.065676 13.076035 13.067782 13.061816 13.0812   13.096457
 13.059531 13.0587   13.038664 13.101443 13.029581 13.062618 13.04653
 13.077993 13.075174 13.090639 13.051279 13.069713 13.08108  13.073689
 13.061876 13.069831 13.08776 ]
[89.5051   89.56262  89.55399  89.56649  89.57335  89.64088  89.729706
 89.568886 89.54865  89.387314 89.722534 89.3188   89.52664  89.43501
 89.61238  89.55435  89.67114  89.49938  89.579254 89.66884  89.5462
 89.51047  89.57084  89.64849 ]
[291.65698 291.78073 291.72058 291.66684 291.6528  291.75952 291.89136
 291.7183  291.69952 291.4115  291.85355 291.35886 291.5825  291.47717
 291.7738  291.70197 291.81284 291.62753 291.7828  291.78403 291.67944
 291.6122  291.7937  291.71536]
[444.30627 444.286   444.28876 444.31424 444.26083 444.28888 444.1984
 444.2348  444.25354 444.35522 444.2434  444.36307 444.25616 444.2919
 444.28067 444.32303 444.2745  444.31152 444.2874  444.2112  444.3348
 444.32837 444.308   444.2699 ]
[461.7592  461.54517 461.37433 461.28305 461.04446 461.3918  460.5335
 461.12982 461.32825 461.21423 460.9094  461.58456 460.8153  460.94562
 460.84207 461.48776 460.66528 461.43564 461.60986 460.89246 461.3208
 461.3322  461.41278 460.56497]
[742.3187  742.17316 742.4137  742.14386 742.27893 742.21625 742.1722
 742.3227  742.27234 742.1758  742.0818  742.3928  742.37396 742.3887
 742.255   742.1818  742.17645 742.0948  742.1719  742.1524  742.1701
 742.2465  741.94214 742.2807 ]
[729.4212  729.1635  729.3597  729.42584 729.42126 729.1607  728.7033
 729.3701  729.3048  730.04553 728.8322  730.26117 729.643   730.0575
 729.25165 729.36536 729.16785 729.5037  729.0138  728.9675  729.28845
 729.6499  729.06036 729.1297 ]
[643.2733  643.30206 643.36725 643.26044 643.13    643.16907 643.14526
 643.20703 643.19214 643.2435  643.22797 643.1505  643.1736  643.2163
 643.16724 643.3677  643.158   643.2579  643.28015 643.0848  643.23517
 643.2962  643.30725 642.94653]
[579.31805 579.2748  579.4691  579.3759  579.3713  579.3316  579.3715
 579.48395 579.28503 579.25146 579.3664  579.4335  579.5298  579.50226
 579.493   579.3253  579.40454 579.31793 579.3069  579.4608  579.24817
 579.54584 579.2879  579.35406]
[321.07404 321.1596  321.25165 321.15677 321.0882  321.14963 321.29874
 321.17557 321.14032 320.9951  321.30527 320.88394 321.09903 321.06934
 321.2269  321.19342 321.19595 321.09763 321.18588 321.16235 321.0883
 321.12836 321.19107 321.07227]
[97.376236 97.40713  97.37597  97.330124 97.36532  97.387146 97.4222
 97.37771  97.39236  97.3803   97.37768  97.30516  97.30957  97.29344
 97.395294 97.35648  97.39818  97.351585 97.40956  97.37352  97.38694
 97.29056  97.377914 97.436195]
[12.856291  12.831267  12.856914  12.901527  12.878672  12.869024
 12.840885  12.885588  12.851601  12.972292  12.856766  12.949495
 12.906099  12.945725  12.871369  12.884787  12.8681345 12.918982
 12.8242035 12.886834  12.854539  12.908949  12.849167  12.866205 ]
[-5.1414714 -5.1589847 -5.1267486 -5.1361284 -5.1403437 -5.1397796
 -5.1617155 -5.1379986 -5.1480017 -5.0946016 -5.144618  -5.0941863
 -5.119506  -5.098253  -5.13506   -5.119773  -5.143015  -5.1289153
 -5.1591034 -5.143935  -5.1436086 -5.1240473 -5.157975  -5.1338725]
[1.101006  1.0865504 1.1144822 1.0983642 1.0922792 1.0972066 1.0738163
 1.0956631 1.0921308 1.1323514 1.0914184 1.1373085 1.1092876 1.127335
 1.0988095 1.1197064 1.0896671 1.1054882 1.0876486 1.0875299 1.0979784
 1.1082487 1.0852146 1.0972363]
[-0.10101163 -0.11552668 -0.08961332 -0.10225832 -0.1102134  -0.10270357
 -0.12888408 -0.10626554 -0.11030245 -0.06916165 -0.11068833 -0.0657481
 -0.09501565 -0.0762856  -0.10421741 -0.08222222 -0.11338949 -0.09382832
 -0.11594224 -0.11223185 -0.1049298  -0.09317529 -0.1161797  -0.10674047]
[1.0533943 1.0383747 1.0662174 1.0492387 1.0429755 1.04912   1.023444
 1.0464782 1.0438364 1.0826619 1.0415211 1.0893406 1.0593309 1.0777642
 1.0493277 1.0711448 1.0389683 1.0568079 1.0392652 1.0378404 1.0492684
 1.0594497 1.036564  1.0473686]
[1.4936543 1.4791689 1.5059431 1.4912796 1.4836807 1.4901516 1.46501
 1.4870943 1.4843338 1.5236936 1.4832355 1.5290959 1.4997393 1.5177866
 1.4896767 1.5119984 1.4802672 1.498552  1.48      1.4797922 1.4903891
 1.5004517 1.4781597 1.4875989]
[1.1002046 1.0851552 1.1122856 1.0975034 1.0899639 1.0967317 1.0703434
 1.0934962 1.0904982 1.1310453 1.0888656 1.1363289 1.1058444 1.1246041
 1.0959599 1.1184894 1.0860457 1.1053398 1.0856302 1.0859864 1.096227
 1.1071504 1.0839086 1.0936446]
[1.3976887 1.3822535 1.4105712 1.3941268 1.3874481 1.3929691 1.3670558
 1.3908023 1.3882495 1.4290044 1.3855484 1.4355644 1.4044268 1.4235427
 1.3934441 1.4158251 1.3830253 1.401785  1.3834409 1.3818676 1.3939487
 1.4043674 1.3807694 1.3915443]
[1.3176631 1.3021982 1.3297738 1.3151697 1.3073334 1.3137449 1.2867926
 1.3108063 1.3080457 1.349424  1.3054633 1.35542   1.3236294 1.3429531
 1.3129138 1.3360666 1.3028215 1.3231841 1.3029402 1.3028809 1.3138043
 1.3248167 1.3011296 1.3107172]
[1.5185584 1.5037762 1.5308175 1.5153229 1.5079615 1.514937  1.4890237
 1.5113751 1.5087926 1.5475291 1.5074272 1.553347  1.5236045 1.5418003
 1.514195  1.5366057 1.5043699 1.5227437 1.5045183 1.5039543 1.5146996
 1.5249106 1.5023811 1.5118203]
[1.217156  1.2005929 1.2298307 1.2140096 1.2069154 1.2114569 1.184
 1.2101805 1.2075981 1.2520337 1.2030566 1.2589202 1.224844  1.2455628
 1.212199  1.2357674 1.2010381 1.222499  1.2017802 1.200118  1.2131488
 1.2246362 1.1992571 1.2102102]
[1.027481  1.010621  1.0394729 1.0246017 1.0168841 1.022138  0.9933157
 1.0203273 1.0175074 1.0629523 1.0126988 1.0696607 1.0344268 1.0557393
 1.0220193 1.0460626 1.01071   1.0335957 1.0112443 1.0106803 1.0230879
 1.0351095 1.0092852 1.0198524]
[1.6507373 1.6349459 1.6637979 1.6478283 1.6408528 1.6456021 1.6194216
 1.6439992 1.64112   1.684487  1.6380923 1.6906314 1.6584252 1.6780457
 1.6464036 1.6692892 1.6360441 1.6556944 1.6361926 1.6349162 1.6474128
 1.6581581 1.6336695 1.6449194]
[12.279429  12.28777   12.297803  12.286167  12.28029   12.30184
 12.313831  12.279904  12.278331  12.25785   12.32048   12.249509
 12.280705  12.264884  12.297031  12.297625  12.308222  12.272661
 12.291065  12.3019285 12.292608  12.281744  12.290649  12.304066 ]
[81.68873  81.739426 81.747795 81.7532   81.7607   81.822685 81.901184
 81.761185 81.733536 81.60066  81.898705 81.539955 81.73002  81.65937
 81.8069   81.74696  81.85455  81.69655  81.74682  81.85374  81.725296
 81.712326 81.75136  81.8316  ]
[250.45607 250.62378 250.6541  250.54121 250.44165 250.51111 250.78894
 250.55424 250.50298 250.32013 250.72687 250.22163 250.48373 250.36774
 250.60974 250.57193 250.6738  250.45477 250.6605  250.57498 250.58719
 250.43387 250.6678  250.53792]
[318.2236  318.2057  318.2226  318.25443 318.2564  318.20895 318.1957
 318.22995 318.245   318.33282 318.16107 318.31076 318.2376  318.28925
 318.2562  318.2052  318.24088 318.22968 318.19586 318.14417 318.23618
 318.25934 318.17114 318.25955]
[539.4275  539.5261  539.3064  539.4694  539.4224  539.49207 539.30585
 539.3903  539.4882  539.54095 539.4114  539.48676 539.3176  539.45807
 539.4588  539.4797  539.504   539.5387  539.4203  539.3299  539.4832
 539.49304 539.6552  539.4135 ]
[635.7017  635.738   635.747   635.68427 635.7344  635.6527  635.73627
 635.74164 635.6597  635.9101  635.77185 635.7613  635.84076 635.832
 635.72797 635.8098  635.8979  635.7453  635.68884 635.83673 635.7616
 635.7173  635.7413  635.82086]
[541.15765 541.273   541.21265 541.25336 541.2213  541.2127  541.3628
 541.08685 541.1783  541.0042  541.3568  540.90405 541.14844 540.9917
 541.16614 541.1055  541.3173  541.04877 541.2659  541.2228  541.36273
 541.2604  541.34534 541.18536]
[662.1645  661.82446 662.7864  663.0083  663.1014  663.27686 662.8998
 663.0423  662.89905 662.8153  662.8878  662.36176 662.47864 663.13336
 663.03375 662.15857 662.25354 662.451   662.0437  662.1557  661.8155
 662.8033  661.63983 662.6833 ]
[370.49115 370.44733 370.70255 370.6572  370.57004 370.42358 370.55792
 370.63196 370.50436 370.7102  370.50183 370.7525  370.78784 370.85532
 370.57855 370.55078 370.5651  370.5466  370.50195 370.4163  370.564
 370.6271  370.4383  370.52393]
[304.64175 304.6484  304.68286 304.69467 304.73233 304.71582 304.81177
 304.7481  304.68292 304.5838  304.76465 304.6201  304.74716 304.7039
 304.7452  304.61646 304.72467 304.6559  304.68195 304.77396 304.64188
 304.69922 304.68103 304.75018]
[83.686386 83.690636 83.68901  83.62071  83.66579  83.678474 83.69449
 83.7134   83.67616  83.69948  83.64864  83.677895 83.65861  83.669495
 83.70816  83.6444   83.68716  83.66475  83.67539  83.6786   83.65225
 83.62687  83.66144  83.71745 ]
[0.55344164 0.53566146 0.56576014 0.5991833  0.5807798  0.5681348
 0.5621388  0.5779896  0.5540056  0.65187085 0.5789691  0.6273526
 0.61283755 0.6361091  0.57472444 0.5881115  0.5830357  0.6014689
 0.53465223 0.5897738  0.56671    0.60369515 0.5542728  0.5825608 ]
[0.45765424 0.44515765 0.4712788  0.454211   0.44958043 0.4566747
 0.43634176 0.45302367 0.44904613 0.48083675 0.45248938 0.48552668
 0.464422   0.4787886  0.45765424 0.47507823 0.44969916 0.459643
 0.44604814 0.44765103 0.4545375  0.4636799  0.4434954  0.45634818]
[2.3353782 2.3240097 2.3481717 2.3331819 2.326058  2.3345175 2.3142736
 2.3292933 2.3265328 2.3570173 2.3308368 2.360787  2.3396525 2.3530693
 2.3335083 2.353396  2.3267999 2.338109  2.3251376 2.3253455 2.3334785
 2.3408103 2.3231785 2.3315492]
[1.1422656 1.1298877 1.1536639 1.1394457 1.1316984 1.1417016 1.1179551
 1.1356462 1.1326185 1.1650919 1.1351713 1.1684757 1.1442543 1.1595411
 1.1390301 1.159838  1.130986  1.1462134 1.1296799 1.1316093 1.1384068
 1.1475195 1.1288488 1.135943 ]
[2.0196984 2.0065784 2.0325809 2.0155725 2.009161  2.0168786 1.9939928
 2.0125744 2.0102887 2.0429997 2.0112982 2.0489955 2.0238838 2.039319
 2.0163145 2.0370631 2.0075877 2.0215683 2.0077953 2.0061927 2.0164037
 2.0246851 2.0049458 2.0142665]
[1.8255411 1.812065  1.8379784 1.8234633 1.8158051 1.8230774 1.7994794
 1.8191593 1.8164581 1.8528496 1.8172299 1.8575099 1.8309435 1.8475066
 1.8222166 1.8438259 1.813757  1.8299342 1.8129852 1.8131633 1.8227212
 1.832012  1.8112636 1.8201091]
[1.38258   1.368065  1.3948689 1.3794633 1.372191  1.3793446 1.3538468
 1.3756342 1.3729627 1.4110461 1.3720722 1.4164188 1.3875965 1.4054064
 1.3786619 1.4005383 1.3689852 1.3867357 1.3687774 1.3685399 1.3787509
 1.3889322 1.3667293 1.3761982]
[1.6654007 1.6504998 1.6784316 1.6620169 1.6553085 1.661067  1.6360145
 1.6585143 1.6560506 1.6953213 1.6542399 1.7016735 1.6717826 1.6900377
 1.6614232 1.6835668 1.6514497 1.6692299 1.6517762 1.6501436 1.6619278
 1.671931  1.649075  1.6594938]
[1.4507028 1.4357722 1.4629322 1.4483875 1.4406105 1.4471408 1.4210197
 1.4440538 1.4412636 1.4815139 1.4394826 1.4871536 1.4566394 1.4752507
 1.4464284 1.4691657 1.4366924 1.455927  1.4364846 1.4365143 1.4470814
 1.457797  1.4346739 1.4442616]
[1.3142792 1.2986956 1.3268945 1.3111328 1.3040088 1.3097674 1.2832603
 1.307363  1.3046916 1.3460698 1.3019013 1.3521845 1.3206908 1.3400441
 1.3099158 1.3326234 1.2994673 1.3189394 1.2996751 1.2986362 1.3103313
 1.3212547 1.2972708 1.3077192]
[1.2762848 1.2598404 1.289197  1.2732868 1.2662519 1.2707638 1.2436334
 1.2694874 1.2667862 1.310925  1.2626009 1.3175443 1.2841212 1.3046322
 1.2717136 1.2949258 1.2606418 1.281509  1.2610871 1.2595435 1.2723963
 1.2838243 1.2585046 1.2697248]
[1.2064108 1.1901147 1.2186105 1.2036206 1.195903  1.2014834 1.1735219
 1.1994056 1.1965263 1.2404276 1.1926378 1.2467501 1.2130301 1.2335114
 1.2013053 1.2249924 1.1904709 1.2121099 1.1908865 1.1902038 1.2022551
 1.2139206 1.1888384 1.1990197]
[1.3913366 1.3750405 1.4041597 1.3884573 1.3813037 1.3859639 1.359071
 1.3845094 1.3817786 1.4260658 1.3780385 1.4325664 1.3991729 1.4194168
 1.386706  1.4100369 1.3760498 1.3967389 1.3762279 1.3750405 1.3877746
 1.3989058 1.3738235 1.3851922]
[8.209696 8.206253 8.226616 8.213079 8.207084 8.219461 8.214504 8.208212
 8.205036 8.217622 8.226467 8.214802 8.216582 8.217829 8.21869  8.229584
 8.220144 8.209548 8.209073 8.215187 8.216019 8.215781 8.207203 8.22246 ]
[84.29585  84.32323  84.32408  84.37088  84.363785 84.36042  84.43261
 84.34047  84.34703  84.28827  84.40601  84.256584 84.349556 84.30206
 84.36668  84.31786  84.41137  84.3009   84.35311  84.36346  84.36567
 84.32133  84.33333  84.42192 ]
[177.99345 177.96463 177.99239 178.00299 178.0235  178.0052  177.95677
 178.04837 178.00993 178.06772 177.93863 178.09982 178.02509 178.09526
 178.04741 177.97911 177.99217 178.02669 177.95021 177.9672  177.95067
 178.03665 177.95471 178.013  ]
[372.814   372.82208 372.8216  372.86472 372.8206  372.7803  372.7519
 372.77737 372.8287  372.94128 372.7606  372.92712 372.82208 372.86652
 372.814   372.838   372.83313 372.8323  372.8187  372.71835 372.89566
 372.8622  372.83334 372.8309 ]
[531.83746 531.6381  531.7624  531.75507 531.7528  531.64734 531.04297
 531.74176 531.70496 532.313   531.19104 532.5002  531.81256 532.3102
 531.6036  531.8348  531.4769  531.902   531.4637  531.137   531.6944
 531.92126 531.52313 531.4483 ]
[659.34436 659.26874 659.2993  659.37823 659.3833  659.17413 659.2203
 659.3291  659.27814 659.67145 659.2464  659.7097  659.56213 659.6223
 659.2925  659.4011  659.3325  659.4616  659.2728  659.38837 659.3937
 659.54706 659.353   659.29193]
[778.6637  778.67755 778.7936  778.7163  778.7113  778.7395  778.7816
 778.7516  778.86017 778.5366  778.69604 778.57214 778.61096 778.65533
 778.74554 778.54364 778.6236  778.5395  778.7265  778.48724 778.63354
 778.6646  778.614   778.7004 ]
[798.05    798.13    797.9426  798.10016 798.1736  798.08154 798.3831
 798.1383  798.08154 798.0697  798.27185 797.8988  798.10315 797.9632
 798.14606 798.156   798.16486 798.211   798.22565 798.3425  798.10254
 798.0867  798.2312  798.2449 ]
[491.46    491.53787 491.6164  491.59616 491.53983 491.48355 491.71002
 491.55484 491.59314 491.57693 491.7082  491.39914 491.59622 491.57657
 491.605   491.5942  491.6182  491.52032 491.56546 491.5662  491.54788
 491.57712 491.59897 491.53986]
[291.25732 291.24915 291.20255 291.18488 291.245   291.25418 291.24246
 291.21982 291.2502  291.24878 291.23343 291.22626 291.2044  291.1936
 291.21332 291.22113 291.19946 291.23816 291.24792 291.2539  291.23767
 291.168   291.23865 291.28928]
[151.75443 151.74365 151.72643 151.64806 151.69481 151.77634 151.70221
 151.7477  151.7183  151.621   151.6713  151.67549 151.63246 151.63565
 151.74675 151.68427 151.681   151.69942 151.72508 151.72198 151.66676
 151.66397 151.6913  151.73152]
[5.509958  5.4685793 5.5486646 5.6321335 5.600224  5.548219  5.5893598
 5.567602  5.513401  5.663746  5.6073775 5.6561174 5.6926274 5.692034
 5.575617  5.5627637 5.620023  5.5771303 5.4919105 5.61468   5.5659695
 5.635636  5.5062175 5.637892 ]
[-2.3697515 -2.3843555 -2.354494  -2.3586202 -2.366486  -2.367436
 -2.3836727 -2.364735  -2.3744411 -2.3183994 -2.3668127 -2.3234458
 -2.3449955 -2.3257313 -2.3621228 -2.3453517 -2.366219  -2.3532476
 -2.3834352 -2.3677921 -2.3673768 -2.350012  -2.38017   -2.3606386]
[-0.26492178 -0.27786362 -0.25233614 -0.26518893 -0.2721051  -0.26492178
 -0.28679824 -0.26886964 -0.27338147 -0.23601043 -0.26978981 -0.23417008
 -0.2573526  -0.24123466 -0.26527798 -0.24595428 -0.2726394  -0.2587477
 -0.27777457 -0.27287686 -0.26750422 -0.25655115 -0.2780714  -0.26705897]
[1.5294521 1.5157088 1.5423049 1.5249699 1.5189443 1.5260385 1.5025889
 1.5223578 1.5199238 1.5544453 1.5201019 1.560649  1.5343498 1.5505865
 1.5260979 1.5467573 1.5168071 1.5315596 1.5168368 1.5152636 1.5258307
 1.5345576 1.5140169 1.5241982]
[1.42099   1.4072764 1.4329226 1.4178733 1.4105119 1.4185263 1.3940377
 1.4141332 1.411432  1.4469924 1.4117585 1.4522463 1.425116  1.4418572
 1.4172202 1.4387405 1.4082559 1.4248488 1.4079294 1.4080778 1.4173093
 1.4267782 1.4061484 1.4147862]
[1.455363  1.4416494 1.4674144 1.4527806 1.4451224 1.4530181 1.4284405
 1.4486547 1.4459238 1.482345  1.4462503 1.4870943 1.4598155 1.4766755
 1.4515933 1.4734104 1.4427774 1.4597265 1.4421837 1.442718  1.4519198
 1.4615371 1.4406699 1.4492186]
[1.452187  1.4373751 1.4649804 1.4487437 1.441976  1.4480016 1.4228897
 1.4453005 1.442718  1.4817216 1.4410558 1.487866  1.4582423 1.476438
 1.4481797 1.4702046 1.4382062 1.4560161 1.4384437 1.4371376 1.4485953
 1.4585985 1.43598   1.446191 ]
[1.4352973 1.4201589 1.4477345 1.4324477 1.4250863 1.4312307 1.4053173
 1.4284701 1.4257987 1.466227  1.4237505 1.472223  1.4414713 1.4602014
 1.4309338 1.4536414 1.4210197 1.4401356 1.4211087 1.4204854 1.4316462
 1.442154  1.4189715 1.4288857]
[1.4138957 1.3987573 1.4264814 1.4104822 1.4035066 1.4096807 1.3836486
 1.4068905 1.4043081 1.4442319 1.4020522 1.4503466 1.4198027 1.438503
 1.4095323 1.4320024 1.399351  1.4181701 1.3996775 1.3986386 1.4100666
 1.4204854 1.3973325 1.4073654]
[1.3393021 1.3233622 1.3519174 1.3360072 1.328913  1.3342263 1.3073927
 1.3323265 1.3296847 1.3719832 1.3262118 1.3785728 1.3461589 1.3659575
 1.3345824 1.3576462 1.3238668 1.3440217 1.3244605 1.323006  1.3352948
 1.3463073 1.3219078 1.3325343]
[1.1438091 1.1272162 1.1566025 1.1405736 1.1335387 1.1380209 1.1103562
 1.1368929 1.1341918 1.1788648 1.1294128 1.18587   1.151586  1.1724236
 1.1387926 1.1624204 1.1275427 1.1491224 1.1283145 1.1266226 1.1397425
 1.1512892 1.1257024 1.1368929]
[1.1265632 1.1097032 1.1390895 1.1233574 1.116085  1.1206859 1.0925167
 1.1195283 1.1167381 1.1622126 1.1117216 1.1692772 1.1341324 1.1554449
 1.1212796 1.1451448 1.1098813 1.132203  1.1107421 1.1092579 1.1223779
 1.1341621 1.1083081 1.1192908]
[1.4944557 1.4784268 1.5073382 1.4916655 1.4844822 1.4892315 1.4629025
 1.4876286 1.4849274 1.5285913 1.4816623 1.5348247 1.5022327 1.5220907
 1.4899735 1.513067  1.4795548 1.4996206 1.4796141 1.4784862 1.4910125
 1.5019062 1.4772395 1.4884894]
[10.12675   10.131856  10.144322  10.132331  10.126424  10.144679
 10.151862  10.126038  10.125088  10.114431  10.1596985 10.10802
 10.1296    10.119033  10.141295  10.144917  10.149874  10.121734
 10.134853  10.143076  10.138535  10.12954   10.1341715 10.147974 ]
[78.905106 78.95601  78.946526 78.96398  78.96922  79.00867  79.09718
 78.95814  78.949554 78.82851  79.07581  78.772865 78.93483  78.86036
 78.99651  78.93619  79.05287  78.89818  78.970924 79.027916 78.961624
 78.91462  78.9642   79.041794]
[241.98766 241.95445 241.99617 241.93634 241.98257 241.97176 241.93173
 242.03745 241.98602 242.0323  241.87802 242.06018 241.9719  242.03943
 242.02524 241.93239 241.94893 241.97629 241.93906 241.92242 241.91429
 241.9773  241.9035  241.98294]
[470.39185 470.36258 470.29645 470.37463 470.32    470.37137 470.16022
 470.24847 470.32382 470.48853 470.26672 470.48837 470.25455 470.33582
 470.30273 470.40613 470.2737  470.4174  470.35    470.22766 470.41284
 470.39703 470.412   470.30576]
[576.8243  576.7315  576.2505  576.2943  576.21954 576.512   575.8451
 576.0273  576.47144 576.1261  576.07    576.2183  575.73816 575.74347
 575.8232  576.38586 575.8962  576.39087 576.61774 576.0768  576.5234
 576.40356 576.59766 575.63306]
[728.8267  728.8079  728.8875  728.83264 728.9001  728.781   728.8191
 728.9155  728.8775  728.98486 728.7517  728.94855 728.9903  729.0291
 728.8712  728.76556 728.9738  728.769   728.7324  728.8086  728.8161
 728.8293  728.67957 728.9356 ]
[708.6633  708.6607  708.57166 708.60455 708.63257 708.6407  708.56396
 708.5616  708.6568  708.58105 708.55896 708.60205 708.5269  708.5095
 708.55634 708.55096 708.5565  708.579   708.6556  708.5586  708.66284
 708.6016  708.6402  708.5988 ]
[561.4808  561.4587  561.5538  561.51685 561.48785 561.45465 561.4843
 561.4633  561.4612  561.5519  561.53204 561.5168  561.55084 561.5447
 561.46985 561.53516 561.47015 561.4803  561.48737 561.48175 561.5182
 561.56195 561.4896  561.45654]
[502.74466 502.75156 502.814   502.82404 502.79395 502.69147 502.8695
 502.78564 502.7794  502.84973 502.8678  502.7946  502.9163  502.86435
 502.79105 502.79947 502.82333 502.78046 502.80035 502.84012 502.8206
 502.86804 502.83514 502.80997]
[345.79214 345.83838 345.94098 345.95486 345.87177 345.90332 345.92926
 345.9375  345.9125  345.89542 345.9569  345.81677 345.88596 345.94284
 345.97644 345.94186 345.92307 345.92093 345.83755 345.91238 345.81876
 345.91876 345.86865 345.85358]
[156.83293 156.81332 156.80318 156.79012 156.82085 156.88463 156.82555
 156.88393 156.81667 156.72897 156.80249 156.79965 156.78339 156.79903
 156.86176 156.776   156.78416 156.83838 156.79605 156.87495 156.73058
 156.82387 156.80377 156.81113]
[6.482525  6.4638543 6.4988503 6.49701   6.490064  6.484751  6.4655757
 6.4987617 6.4770927 6.550974  6.4778943 6.5465217 6.5153246 6.5418315
 6.4985833 6.506034  6.488907  6.507429  6.465101  6.486977  6.4803877
 6.5084085 6.4670005 6.496743 ]
[-5.448573  -5.4663234 -5.4324846 -5.431208  -5.4393415 -5.4441204
 -5.4599414 -5.439371  -5.4527287 -5.3852887 -5.442399  -5.3919377
 -5.413339  -5.3919077 -5.4372044 -5.4218283 -5.4399056 -5.4268746
 -5.4655814 -5.440944  -5.4445953 -5.4212646 -5.4604464 -5.432722 ]
[-0.3976053  -0.41229844 -0.38445568 -0.39905977 -0.4051448  -0.39992058
 -0.42339993 -0.40185    -0.4062431  -0.36501324 -0.4058572  -0.36112475
 -0.38825512 -0.3700297  -0.39870358 -0.37866747 -0.4076085  -0.3918171
 -0.41170478 -0.4088552  -0.40069234 -0.38908625 -0.4130702  -0.40000963]
[1.0801388 1.0657128 1.092487  1.0774673 1.070373  1.0767846 1.0519992
 1.0737866 1.070848  1.1098516 1.0699278 1.1153133 1.0863723 1.1043602
 1.0765768 1.0984236 1.0672266 1.0850068 1.0663955 1.066722  1.0767549
 1.0869066 1.0646442 1.0745881]
[0.8857144  0.8707541  0.89797354 0.88215244 0.87526596 0.88179624
 0.85573447 0.878917   0.8760377  0.9158428  0.8739896  0.92169034
 0.8913542  0.9101436  0.8814994  0.9036727  0.87137747 0.8901075
 0.8712884  0.8708135  0.88158846 0.89212596 0.8691809  0.8792732 ]
[1.3149916 1.3008031 1.3273991 1.3115187 1.3045728 1.3117858 1.2866145
 1.3081051 1.3053743 1.3426266 1.3046322 1.3483257 1.3197706 1.3373133
 1.311014  1.3328311 1.3014264 1.318791  1.3014561 1.3009812 1.3111922
 1.3209579 1.2993486 1.3086988]
[1.2737617 1.2583265 1.2864661 1.270556  1.2635508 1.2691905 1.2432178
 1.2669643 1.2642335 1.3052852 1.261651  1.3115484 1.2804108 1.299586
 1.269428  1.2919575 1.2591577 1.2783033 1.2593358 1.2583265 1.269992
 1.2806185 1.2570205 1.2674986]
[1.3509675 1.3353839 1.36385   1.3475243 1.3406675 1.3461589 1.3200971
 1.344081  1.3414096 1.3826394 1.33856   1.3891103 1.3577353 1.3769403
 1.3466338 1.3692226 1.3361853 1.3552716 1.3365415 1.3351167 1.3471384
 1.3577353 1.3339591 1.3447341]
[1.441501  1.4261549 1.454057  1.4379687 1.4310229 1.4371079 1.4111055
 1.4344364 1.4318243 1.4717184 1.4294794 1.4780113 1.4473783 1.4661677
 1.4370782 1.459489  1.4268376 1.4455973 1.4272531 1.4260361 1.4375829
 1.4479719 1.4248191 1.434941 ]
[1.2887517 1.2727822 1.3014264 1.285546  1.278422  1.2838243 1.256872
 1.2817762 1.2791938 1.3216109 1.2756318 1.3281709 1.2956085 1.3154072
 1.2840618 1.3071256 1.2733165 1.2936791 1.2738805 1.2726041 1.2848039
 1.2959054 1.2714465 1.281984 ]
[1.14372   1.1269788 1.1563947 1.1404252 1.1333013 1.1379021 1.1100297
 1.1367742 1.1340137 1.1788055 1.1291753 1.1857513 1.151408  1.1723049
 1.1385849 1.1622126 1.127335  1.1490036 1.1281067 1.1264445 1.1395644
 1.1511408 1.125554  1.1366851]
[1.0667517 1.0495949 1.0792483 1.0636647 1.056422  1.0605776 1.0321709
 1.0597465 1.0569563 1.1033213 1.0515243 1.110475  1.0748255 1.0964051
 1.0613791 1.0853927 1.049862  1.0725993 1.0506635 1.0491793 1.0625961
 1.0745287 1.0482295 1.0595684]
[2.0159879 2.0013247 2.0289595 2.0136132 2.0064003 2.011951  1.9875813
 2.0094874 2.006608  2.0469475 2.0057178 2.0523796 2.0230823 2.0410109
 2.012248  2.0344212 2.003046  2.0205593 2.002571  2.0019774 2.013198
 2.0230527 2.0003152 2.010942 ]
[15.033042  15.053969  15.054503  15.058599  15.051446  15.071542
 15.107339  15.0448265 15.047735  14.998462  15.101759  14.985609
 15.043936  15.015915  15.068543  15.0483885 15.090776  15.027136
 15.059194  15.072521  15.062785  15.0430155 15.061806  15.082762 ]
[100.97157  101.005745 101.01484  101.025406 101.03811  101.08348
 101.14176  101.041405 101.011665 100.90373  101.12879  100.86465
 101.00754  100.96102  101.07827  101.00468  101.10273  100.979546
 101.01038  101.0978   100.9886   101.0005   101.011604 101.09006 ]
[303.10364 303.2258  303.17654 303.08707 303.07037 303.14938 303.31934
 303.16638 303.12793 302.8914  303.22302 302.84604 303.0155  302.92847
 303.20566 303.08813 303.21536 303.05206 303.23215 303.14862 303.12408
 303.02814 303.2212  303.13507]
[464.92862 464.89725 464.84293 464.91086 464.8589  464.90652 464.70398
 464.79065 464.86053 465.0263  464.80615 465.02484 464.80054 464.87866
 464.84283 464.94513 464.81546 464.95087 464.886   464.7702  464.9497
 464.93436 464.9406  464.84668]
[565.8605  565.7696  565.29663 565.3445  565.2673  565.5506  564.8958
 565.09045 565.50745 565.18335 565.11426 565.2812  564.8004  564.8111
 564.8881  565.438   564.9468  565.44824 565.66455 565.1168  565.5571
 565.4479  565.641   564.6974 ]
[724.5832  724.5593  724.6446  724.58844 724.66205 724.5334  724.58734
 724.67926 724.63153 724.7486  724.51434 724.7178  724.76404 724.79895
 724.6356  724.5319  724.7322  724.5352  724.4917  724.58044 724.57263
 724.5957  724.4372  724.70557]
[692.7282  692.7312  692.6496  692.6748  692.70056 692.7083  692.6508
 692.6324  692.71875 692.6437  692.6465  692.6559  692.604   692.5776
 692.63245 692.62695 692.63806 692.64655 692.7283  692.6412  692.7361
 692.67847 692.7191  692.6703 ]
[559.4995  559.46765 559.5744  559.541   559.5135  559.4668  559.48505
 559.4896  559.4812  559.6023  559.53357 559.5706  559.58496 559.5976
 559.49115 559.55383 559.48395 559.5072  559.49225 559.48627 559.5303
 559.593   559.49396 559.47186]
[500.335   500.3423  500.40286 500.41788 500.3816  500.26608 500.47028
 500.38022 500.37555 500.45154 500.45825 500.3949  500.51685 500.4616
 500.379   500.3848  500.4091  500.37643 500.40018 500.43094 500.41382
 500.45953 500.43628 500.40054]
[354.55896 354.60168 354.71902 354.70932 354.6206  354.6632  354.67642
 354.69498 354.66748 354.6389  354.71158 354.56415 354.629   354.6881
 354.7375  354.70953 354.66913 354.67258 354.60757 354.6534  354.5725
 354.6838  354.62607 354.58826]
[70.57584  70.56644  70.58989  70.55023  70.58493  70.603745 70.59259
 70.6356   70.573975 70.55956  70.56857  70.60066  70.595436 70.61308
 70.63575  70.556015 70.59971  70.577805 70.551414 70.61636  70.52847
 70.58446  70.55433  70.61429 ]
[0.8006426  0.78476214 0.8185415  0.80601525 0.79918814 0.7960714
 0.77458084 0.80551064 0.7939639  0.857278   0.79040194 0.85419095
 0.8216286  0.84694827 0.8062527  0.824211   0.7971697  0.81533575
 0.78577137 0.7897192  0.7996334  0.8162559  0.78440595 0.8024236 ]
[-4.6014466 -4.617564  -4.588564  -4.5885935 -4.597974  -4.597499
 -4.6171784 -4.596816  -4.607235  -4.5475717 -4.5992203 -4.55336
 -4.5768986 -4.556358  -4.5951834 -4.576869  -4.5989532 -4.582123
 -4.618247  -4.5974097 -4.599962  -4.5799265 -4.612815  -4.593432 ]
[0.5150614  0.50036824 0.5284188  0.5112026  0.5058596  0.5113213
 0.48739672 0.5092435  0.5058893  0.5445367  0.50493944 0.55041397
 0.5226009  0.5404701  0.51265705 0.53304935 0.50295067 0.51844525
 0.5013478  0.5009322  0.5113807  0.52162135 0.4986763  0.51108384]
[1.1407814 1.1262367 1.1528921 1.1390004 1.1313125 1.137546  1.1127309
 1.1346964 1.1316093 1.171919  1.1308079 1.176787  1.1475195 1.1657152
 1.1371897 1.1594818 1.1281364 1.1464806 1.1269194 1.1277208 1.1376944
 1.1480834 1.1254649 1.1353197]
[0.70865464 0.69354594 0.72079504 0.70565665 0.69844365 0.70515203
 0.67861533 0.7020947  0.69894826 0.7397032  0.6971079  0.7448977
 0.71429443 0.733351   0.7045287  0.72690976 0.69440675 0.7137898
 0.69387245 0.69437706 0.7044693  0.71551144 0.6922399  0.70212436]
[1.7086194 1.6941637 1.7215315 1.7052355 1.6984084 1.7047309 1.6803313
 1.7017922 1.6992692 1.7370558 1.6983787 1.7430221 1.7146153 1.732069
 1.7048199 1.726637  1.695351  1.7120923 1.69544   1.6940153 1.7052355
 1.7147638 1.6928279 1.7029499]
[1.2102993 1.1950125 1.2223209 1.208073  1.2001476 1.2066779 1.1801709
 1.2037096 1.2006522 1.2420305 1.1987525 1.2475219 1.2163843 1.2354705
 1.2058765 1.2287918 1.195992  1.215939  1.1956358 1.1961107 1.2065889
 1.2175716 1.1940626 1.2037096]
[1.2197682 1.2041845 1.2323835 1.2162952 1.2093791 1.2152267 1.1887196
 1.2128223 1.2101212 1.2511729 1.2072419 1.2576141 1.2260313 1.2453847
 1.215286  1.2379342 1.2048376 1.2242206 1.205075  1.2039768 1.215761
 1.2265359 1.202641  1.2132082]
[1.5523081 1.5370806 1.5650718 1.549221  1.5421565 1.5478259 1.5221204
 1.545481  1.5428689 1.5834754 1.5405239 1.5896494 1.5589274 1.5777168
 1.5480337 1.5705929 1.5378227 1.5567012 1.538268  1.5368729 1.5487461
 1.5591352 1.5357449 1.5460746]
[1.1946563 1.1788352 1.2065592 1.1920145 1.1840594 1.1906193 1.162925
 1.187651  1.1848015 1.2269218 1.1817441 1.2329772 1.2005038 1.2201837
 1.1897289 1.2130004 1.179221  1.200296  1.1793694 1.1794585 1.1904413
 1.2018396 1.1776478 1.1872948]
[1.0824838 1.0658019 1.0951881 1.0790702 1.0720947 1.0767549 1.0487341
 1.0754489 1.0728071 1.1174505 1.0679094 1.1245744 1.0899639 1.1110983
 1.0773486 1.100917  1.0660096 1.0877377 1.0668705 1.0651785 1.0782984
 1.0899936 1.0642583 1.0753895]
[1.076844  1.0596871 1.0893999 1.0739053 1.0665143 1.0707886 1.0423225
 1.0698981 1.0671376 1.1136807 1.0617056 1.1207156 1.0850068 1.1066161
 1.071501  1.0956037 1.0599543 1.0828103 1.0607557 1.0593013 1.0726883
 1.0846803 1.0583217 1.0696903]
[1.9408897 1.9261372 1.9533566 1.9388713 1.931124  1.9374762 1.9123642
 1.9342704 1.931124  1.9719679 1.9305897 1.9768063 1.947331  1.9653189
 1.9369419 1.959412  1.9277995 1.9460843 1.9269387 1.9275026 1.9378917
 1.9481621 1.925217  1.9353687]
[18.012514 18.031185 18.034094 18.036142 18.029108 18.049025 18.080904
 18.022844 18.0251   17.98102  18.07752  17.968792 18.023022 17.997108
 18.045938 18.029255 18.066566 18.006815 18.036469 18.049707 18.040535
 18.022814 18.038607 18.059265]
[105.100586 105.13928  105.14712  105.15227  105.16304  105.21565
 105.27922  105.170074 105.138565 105.018425 105.267555 104.97455
 105.13012  105.07611  105.207504 105.13778  105.23499  105.10538
 105.14593  105.23262  105.11734  105.12285  105.144684 105.217224]
[294.1068  294.24197 294.1889  294.1003  294.074   294.1619  294.34708
 294.17276 294.13464 293.88184 294.25516 293.82938 294.02057 293.922
 294.21664 294.10495 294.235   294.0594  294.2521  294.16873 294.13968
 294.03198 294.24783 294.1451 ]
[197.83356 197.77689 197.912   197.94173 197.93452 197.8866  197.85736
 197.95255 197.8605  198.03125 197.88293 198.01315 197.97913 198.02925
 197.95244 197.85376 197.92549 197.87485 197.81343 197.88147 197.81082
 197.9121  197.7249  197.97762]
[125.07103  125.07088  125.07916  125.093704 125.120865 125.12421
 125.124115 125.13851  125.10601  125.14553  125.09384  125.15076
 125.11592  125.15503  125.15858  125.06321  125.123764 125.11052
 125.06579  125.104706 125.073685 125.10557  125.09163  125.180336]
[93.078064 93.06478  93.096146 93.12491  93.13629  93.10808  93.17019
 93.13228  93.11379  93.15469  93.13415  93.14978  93.16708  93.169426
 93.15781  93.09237  93.14724  93.11551  93.08258  93.147865 93.0946
 93.12231  93.07514  93.2023  ]
[229.02908 228.99197 229.02484 228.97377 229.04193 229.02837 229.03229
 229.09192 229.03395 229.08147 228.96005 229.11772 229.04921 229.10045
 229.07462 228.97809 229.00963 229.0271  228.99065 229.00284 228.97252
 229.00713 228.96088 229.09373]
[243.62457 243.51593 243.43237 243.59908 243.51225 243.33302 243.73727
 243.5834  243.59813 243.4868  243.5271  243.67657 243.71281 243.55873
 243.7414  243.53842 243.56256 243.65334 243.6817  243.72124 243.3854
 243.65614 243.4984  243.68816]
[112.141655 112.13755  112.20882  112.17811  112.194626 112.19202
 112.26992  112.208595 112.1574   112.16085  112.24177  112.139984
 112.23182  112.20037  112.23532  112.16627  112.23808  112.146065
 112.157135 112.24424  112.15522  112.18225  112.13027  112.26462 ]
[51.55666  51.55648  51.559063 51.51825  51.5368   51.555115 51.580227
 51.56399  51.550453 51.52472  51.548138 51.529083 51.534813 51.524067
 51.586014 51.536446 51.56378  51.533237 51.55918  51.5601   51.528847
 51.521275 51.53398  51.59139 ]
[34.623154 34.6179   34.6488   34.61879  34.61867  34.636036 34.629032
 34.631943 34.6182   34.61894  34.631912 34.621048 34.6225   34.62455
 34.646812 34.63853  34.634346 34.616505 34.62422  34.62734  34.617157
 34.6266   34.607838 34.63883 ]
[6.746734  6.7363153 6.7623477 6.749821  6.741391  6.749821  6.731774
 6.7451315 6.7401743 6.7714305 6.747506  6.771935  6.754333  6.7672453
 6.750979  6.767542  6.744508  6.7525816 6.738571  6.742163  6.746586
 6.756797  6.7362266 6.7477436]
[1.9669515 1.9535644 1.9812291 1.9662688 1.9594417 1.9665656 1.943858
 1.963063  1.9589667 1.9952989 1.9610742 1.9990983 1.9745207 1.9909058
 1.9676639 1.9863642 1.958759  1.9719086 1.9549298 1.957067  1.964369
 1.9753518 1.9523771 1.9654377]
[2.2960482 2.282483  2.3111567 2.29587   2.2889538 2.2952764 2.272836
 2.2924268 2.2882414 2.3259983 2.290082  2.3294415 2.3045077 2.3213086
 2.2969685 2.3161733 2.2882414 2.3011537 2.2842937 2.2855105 2.2941484
 2.3049235 2.281266  2.2948015]
[2.7018163 2.6883996 2.7167172 2.7031817 2.6952565 2.7024992 2.679732
 2.6987293 2.6943362 2.732093  2.6971562 2.7349725 2.7103355 2.7269876
 2.703716  2.7225351 2.695108  2.7081091 2.6901805 2.6931489 2.7001839
 2.7117305 2.6875982 2.70149  ]
[2.9127743 2.8990903 2.928536  2.9132788 2.906244  2.9124775 2.890334
 2.909598  2.9052942 2.9432292 2.9076095 2.9464645 2.9219463 2.9385393
 2.9149115 2.9334931 2.9058878 2.918058  2.9014056 2.9028897 2.9111416
 2.9223619 2.897903  2.912715 ]
[3.060507  3.0470607 3.076625  3.0612493 3.0541253 3.0605369 3.0380073
 3.0575686 3.053116  3.0910213 3.0554016 3.0943458 3.06962   3.08645
 3.0627928 3.0814931 3.053769  3.0659392 3.049198  3.0506227 3.059112
 3.0702431 3.045636  3.060507 ]
[2.9591987 2.9456632 2.9742777 2.9603267 2.9524903 2.959911  2.9368176
 2.9560819 2.9516294 2.9888818 2.9542713 2.992147  2.9674506 2.9840138
 2.9612172 2.9798284 2.9522529 2.9652243 2.9474738 2.9503827 2.957299
 2.9689941 2.9445946 2.9589314]
[3.0925648 3.0789404 3.1086235 3.0932772 3.086183  3.0925055 3.0700948
 3.0897746 3.0852034 3.1233165 3.0874891 3.126641  3.1019745 3.1187453
 3.0950286 3.1134915 3.0858564 3.0979376 3.0811963 3.0827398 3.091051
 3.10239   3.0775452 3.0928023]
[3.2682    3.2548127 3.2844365 3.2692685 3.261996  3.2687638 3.2462046
 3.2655284 3.2609868 3.2985063 3.263599  3.3017418 3.277283  3.2939944
 3.2709308 3.2893045 3.2619665 3.2737803 3.2570093 3.25882   3.2668939
 3.2781734 3.2534473 3.2685857]
[3.0105505 2.9967477 3.0259857 3.0114706 3.0040202 3.0108175 2.9879022
 3.007493  3.0031297 3.0410647 3.0054152 3.0446563 3.0195148 3.0363748
 3.012836  3.0313287 3.0035748 3.0164278 2.998885  3.00123   3.0087101
 3.0205536 2.9956496 3.0106692]
[3.150833  3.137238  3.1670992 3.1517234 3.14454   3.1509218 3.1283033
 3.1480722 3.1435308 3.1818814 3.1457274 3.1852949 3.1603017 3.1772509
 3.1533558 3.1719375 3.1441839 3.1564133 3.1395235 3.140978  3.1494675
 3.160836  3.135932  3.1510406]
[3.4969974 3.4834025 3.5128777 3.498244  3.4906747 3.49768   3.4750319
 3.4942665 3.4897249 3.5272741 3.492248  3.5306876 3.5059617 3.5226436
 3.500025  3.5180426 3.4906747 3.5029042 3.4856584 3.4880924 3.4953053
 3.507238  3.482126  3.4976206]
[4.2170205 4.2063346 4.23394   4.2197514 4.21239   4.220137  4.2027726
 4.215269  4.2107573 4.24234   4.21895   4.243112  4.2261925 4.2388673
 4.222393  4.2386894 4.216041  4.2218885 4.2091246 4.2125382 4.217733
 4.227291  4.2060375 4.220701 ]
[34.043564 34.02605  34.065437 34.04089  34.04573  34.04683  34.056473
 34.05855  34.041424 34.067635 34.043415 34.079777 34.068676 34.075176
 34.08494  34.057632 34.06624  34.041424 34.037003 34.046856 34.035282
 34.049202 34.007378 34.09803 ]
[49.81886  49.806217 49.856976 49.848278 49.836018 49.84543  49.871876
 49.841953 49.831505 49.802208 49.86303  49.82192  49.849346 49.831062
 49.901497 49.859703 49.873684 49.820732 49.84139  49.858635 49.81589
 49.854687 49.79072  49.898502]
[69.4313   69.40968  69.47917  69.46656  69.46653  69.471245 69.47517
 69.46733  69.446045 69.46267  69.472855 69.47517  69.48425  69.48909
 69.515594 69.48152  69.49271  69.443794 69.43634  69.4657   69.44023
 69.47941  69.39517  69.52768 ]
[82.314    82.297455 82.39391  82.41999  82.41169  82.390305 82.50495
 82.416695 82.37285  82.36813  82.464584 82.375374 82.464035 82.417595
 82.54844  82.391716 82.50181  82.36114  82.371574 82.48151  82.332245
 82.42276  82.291115 82.5882  ]
[153.9003  153.95139 153.87917 153.83684 153.88683 153.97784 154.05098
 153.85869 153.91304 153.73561 153.99574 153.65822 153.7601  153.64876
 153.9031  153.85402 153.92435 153.81853 153.98393 153.96782 153.92773
 153.76399 153.92271 154.0093 ]
[331.34076 331.2994  331.40067 331.2924  331.29434 331.34497 331.15598
 331.32483 331.26553 331.3069  331.2251  331.36572 331.28525 331.35593
 331.28665 331.3497  331.24097 331.29907 331.25372 331.2256  331.26202
 331.334   331.217   331.1868 ]
[436.02042 435.66278 435.9431  436.02786 436.02704 435.74402 435.33502
 435.9804  435.891   436.70044 435.36227 436.94553 436.2842  436.7077
 435.87875 435.94995 435.6988  436.13904 435.5927  435.52573 435.81537
 436.09378 435.44763 435.87418]
[324.1469  324.17657 324.4048  324.2095  324.1966  324.24973 324.1813
 324.31683 324.26544 324.05276 324.17673 324.13004 324.11853 324.13504
 324.49817 324.26147 324.266   324.1103  324.31363 324.11072 324.12903
 324.28644 324.1113  324.32504]
[325.55322 325.5632  325.5538  325.63696 325.7019  325.658   325.67072
 325.5201  325.6806  325.74686 325.6914  325.58902 325.6009  325.57526
 325.62054 325.64075 325.67877 325.58957 325.61166 325.64935 325.72284
 325.5308  325.5597  325.8545 ]
[130.39929 130.3864  130.44113 130.31723 130.35538 130.45888 130.27542
 130.40393 130.39796 130.2635  130.28442 130.31526 130.21329 130.25491
 130.50407 130.40482 130.35481 130.33372 130.40518 130.30338 130.29245
 130.36128 130.27603 130.39334]
[50.411396 50.40427  50.419945 50.373577 50.386314 50.403263 50.3848
 50.412937 50.395218 50.40148  50.378803 50.407627 50.383938 50.396137
 50.411633 50.401928 50.38937  50.395187 50.400383 50.38955  50.38287
 50.38845  50.385956 50.39418 ]
[-3.673968  -3.690086  -3.6625993 -3.6568706 -3.664707  -3.666102
 -3.6859007 -3.6620057 -3.676491  -3.6092885 -3.668922  -3.6213696
 -3.6450863 -3.6202118 -3.6621542 -3.64755   -3.6673486 -3.6463034
 -3.6929355 -3.6623619 -3.6744132 -3.6468673 -3.6827543 -3.6632524]
[-2.9427245 -2.957299  -2.9307919 -2.94314   -2.9481862 -2.9416263
 -2.9660554 -2.9443867 -2.950442  -2.908945  -2.9488392 -2.9079359
 -2.933315  -2.9142287 -2.941181  -2.9234602 -2.950264  -2.9343243
 -2.9583676 -2.949522  -2.9473848 -2.9326026 -2.9576848 -2.9434073]
[1.0691857 1.0553831 1.0815042 1.0677016 1.0603402 1.0672266 1.0433614
 1.0639021 1.0603402 1.098572  1.0609635 1.1027277 1.0757457 1.0930213
 1.0667814 1.0879455 1.0582623 1.0747958 1.0559174 1.0578171 1.0661877
 1.0765471 1.054641  1.0647036]
[0.70141196 0.68734217 0.7132852  0.6990967  0.69179463 0.6996013
 0.6744894  0.695505   0.69209146 0.7295219  0.69229925 0.734004
 0.7064878  0.72394145 0.69841397 0.7196374  0.6891825  0.70651746
 0.68757963 0.6893903  0.6975235  0.7082391  0.6862439  0.69583154]
[1.2153454 1.2009788 1.2281091 1.2119912 1.2054015 1.2122583 1.1873245
 1.2088448 1.2060249 1.2432772 1.2052234 1.2490951 1.2208961 1.2384982
 1.2120506 1.2333037 1.2024035 1.2190855 1.2018692 1.201424  1.2115756
 1.2216976 1.1994352 1.2098243]
[1.3786322 1.3639687 1.3910694 1.3774152 1.369371  1.3761982 1.3505223
 1.3728737 1.3695788 1.4099479 1.3688071 1.4146378 1.3851031 1.4035957
 1.3754561 1.3975403 1.3661356 1.3847469 1.3646514 1.3660465 1.3754858
 1.3865576 1.3631673 1.3732002]
[1.3611488 1.3462479 1.373497  1.3592194 1.3513831 1.3583883 1.3321781
 1.3548857 1.3517987 1.3918709 1.3506113 1.397006  1.3670855 1.3856374
 1.3575275 1.3797601 1.3478211 1.3666699 1.3469603 1.3477321 1.3575275
 1.368629  1.3451793 1.3552122]
[1.6395468 1.62426   1.6531416 1.6373799 1.630345  1.6354505 1.6101605
 1.6335804 1.6306121 1.6723169 1.628653  1.677927  1.6475018 1.6665584
 1.6364894 1.658633  1.6264565 1.6445038 1.6257738 1.6247052 1.6365784
 1.6473237 1.6230133 1.6345897]
[1.633432  1.6181452 1.6468488 1.6322744 1.6246458 1.6304637 1.6046097
 1.6279407 1.6245271 1.6666771 1.623221  1.6715155 1.6412684 1.6603249
 1.630998  1.6529042 1.6211135 1.6393687 1.6193326 1.6199856 1.6304637
 1.6420105 1.617136  1.6290092]
[1.7514818 1.7362543 1.7655516 1.7498195 1.742844  1.7477417 1.7226001
 1.7460498 1.742844  1.7850534 1.741063  1.7902479 1.7600899 1.7791761
 1.7492852 1.7709836 1.7391336 1.7567357 1.7378275 1.7370558 1.7487212
 1.7598821 1.734978  1.7473261]
[2.10103   2.0860996 2.1154857 2.0999615 2.0928376 2.0980024 2.0733953
 2.0960135 2.0925407 2.1341863 2.0916204 2.1389356 2.109757  2.128398
 2.0995164 2.1209772 2.0897207 2.106462  2.0879102 2.0874648 2.0987148
 2.1097865 2.0849419 2.097498 ]
[2.3799624 2.3652098 2.3942993 2.3795466 2.3719182 2.3780031 2.3530693
 2.3751833 2.3715026 2.4124355 2.3714433 2.4166803 2.388244  2.4065585
 2.3791313 2.3999686 2.3694544 2.3856616 2.3667533 2.3676734 2.3774986
 2.389075  2.3640819 2.377083 ]
[2.5730214 2.5595748 2.5877144 2.5725167 2.5653038 2.5709732 2.5490077
 2.5682127 2.5649476 2.6032388 2.5667582 2.6067414 2.581303  2.5978959
 2.572398  2.5929685 2.564146  2.5777113 2.5615933 2.5614746 2.571745
 2.581392  2.5588923 2.5707061]
[8.716001  8.712053  8.740667  8.721611  8.718761  8.732267  8.729863
 8.721552  8.713983  8.729655  8.738827  8.725292  8.729952  8.730931
 8.737847  8.739213  8.738263  8.715586  8.7164755 8.727726  8.725173
 8.723986  8.709412  8.747169 ]
[77.94907  77.9146   77.9663   78.02444  78.00111  77.94884  78.01834
 77.98426  77.98255  78.03224  77.99526  78.05182  78.0596   78.0501
 78.038284 77.9948   78.018295 77.99079  77.9673   78.00062  77.96678
 78.02015  77.91832  78.07722 ]
[86.689476 86.74271  86.71236  86.79225  86.77088  86.77821  86.936066
 86.739296 86.75853  86.59753  86.89004  86.54802  86.745026 86.61997
 86.7974   86.724396 86.871635 86.68193  86.811295 86.824295 86.781
 86.69793  86.758385 86.88264 ]
[109.00592  109.018265 109.04401  109.074486 109.08844  109.091736
 109.12863  109.09097  109.05453  109.052284 109.11279  109.02533
 109.08976  109.097404 109.12873  109.04123  109.12948  109.05018
 109.01343  109.10061  109.02368  109.075096 109.03449  109.1403  ]
[129.62003 129.71625 129.70378 129.638   129.68854 129.7576  129.91223
 129.71402 129.69089 129.51135 129.84799 129.41972 129.6415  129.5388
 129.77089 129.6438  129.83089 129.59    129.7149  129.80812 129.6813
 129.55963 129.69951 129.84851]
[128.14862 128.15149 128.1523  128.13748 128.1644  128.15866 128.1744
 128.18182 128.16592 128.16515 128.14006 128.17715 128.16507 128.17598
 128.18988 128.12683 128.1764  128.14935 128.14159 128.16402 128.14253
 128.1441  128.14328 128.1997 ]
[383.93903 384.0468  383.94855 384.02203 384.01096 383.9921  384.2125
 383.93237 384.01947 383.8545  384.16803 383.74234 383.9531  383.80768
 383.96237 383.95355 384.06732 383.92987 384.0885  384.0814  384.07907
 383.91748 384.10034 384.06387]
[332.1226  331.75552 331.55743 332.25436 332.1212  331.47052 331.90695
 332.02835 332.2128  332.6674  331.63638 332.99744 332.52472 332.54346
 332.23917 332.06943 331.83456 332.50464 331.95764 332.14975 331.69968
 332.25647 331.65796 332.32065]
[183.49901 183.45389 183.53062 183.37372 183.40105 183.4567  183.31874
 183.46681 183.41312 183.40315 183.31346 183.47652 183.37546 183.42743
 183.43578 183.42342 183.35812 183.39824 183.42697 183.32994 183.3868
 183.42216 183.34856 183.34514]
[209.34013 209.28839 209.33151 209.31364 209.37112 209.33022 209.21756
 209.28265 209.36366 209.54524 209.23753 209.43497 209.30264 209.39091
 209.25865 209.34459 209.25502 209.33409 209.2781  209.20932 209.36089
 209.25272 209.20757 209.35214]
[81.312675 81.29481  81.30396  81.307304 81.31511  81.29979  81.32897
 81.33086  81.31384  81.33453  81.301125 81.346054 81.33218  81.33311
 81.35091  81.30402  81.318436 81.32431  81.30647  81.33621  81.28124
 81.32508  81.28679  81.35153 ]
[6.0940323 6.0794578 6.1071224 6.089491  6.0891643 6.093528  6.0722446
 6.095516  6.0863147 6.124962  6.086077  6.128702  6.10457   6.123092
 6.0986032 6.1101203 6.0867896 6.0996127 6.0793095 6.0868487 6.0865226
 6.102789  6.077647  6.095368 ]
[1.4919326 1.4789314 1.5065961 1.4955837 1.4880145 1.4911906 1.4711248
 1.4916358 1.4853727 1.5316486 1.4880145 1.5301051 1.5050526 1.5236342
 1.4946338 1.5138981 1.4878957 1.5021733 1.48      1.4847196 1.4917248
 1.5038652 1.4796438 1.492556 ]
[-1.38914   -1.4028239 -1.378365  -1.389704  -1.3967389 -1.3878933
 -1.4134208 -1.3926426 -1.3976294 -1.358982  -1.3959374 -1.3575869
 -1.3834409 -1.3654826 -1.3896446 -1.3702022 -1.3984011 -1.3810068
 -1.4040706 -1.3965014 -1.3937112 -1.3803835 -1.4033285 -1.3927317]
[1.6388344 1.6246755 1.6524886 1.6347381 1.6290686 1.6354505 1.6118227
 1.6324822 1.6295435 1.665193  1.6292467 1.671367  1.6448303 1.661631
 1.6361926 1.656763  1.6266346 1.6411496 1.6260409 1.624438  1.635213
 1.6446522 1.6224493 1.6341147]
[1.6766506 1.6631448 1.6900377 1.6770068 1.6690518 1.6751665 1.6522511
 1.6722575 1.6685768 1.7082928 1.6698829 1.7112612 1.6847245 1.7021781
 1.6754336 1.6965977 1.6674192 1.6832403 1.6642134 1.6660241 1.6749587
 1.6854962 1.6628183 1.6734746]
[1.6564364 1.6422182 1.6700907 1.6551304 1.6480361 1.654418  1.6301669
 1.6513013 1.6478877 1.6869804 1.6482439 1.6912547 1.6637682 1.6815187
 1.654982  1.6757008 1.6457505 1.6616013 1.6434352 1.644296  1.6536759
 1.6646587 1.6412387 1.6528448]
[2.22935   2.2148647 2.244162  2.2279253 2.2210984 2.2265303 2.2028136
 2.2243633 2.2209797 2.2607253 2.2207422 2.2654448 2.2377505 2.2557087
 2.2281036 2.2491193 2.2187533 2.233862  2.216824  2.2159333 2.2271538
 2.2375426 2.2134697 2.2261147]
[2.0133462 1.9989499 2.0269113 2.012812  2.0049458 2.0116246 1.9867204
 2.0082703 2.004827  2.0445135 2.0048866 2.0488768 2.0206482 2.0386956
 2.0117135 2.0330558 2.0024822 2.0191936 2.0001965 2.0013838 2.0108232
 2.0219245 1.9981188 2.0095468]
[2.3210115 2.3067045 2.335794  2.3200915 2.3131752 2.3188448 2.2953653
 2.316381  2.312819  2.3519416 2.3133237 2.3563643 2.3293526 2.3469548
 2.3206258 2.3408103 2.3111866 2.3257906 2.3085446 2.3086634 2.3187556
 2.32962   2.3054874 2.3185778]
[2.4357667 2.421311  2.4509346 2.4352026 2.4281085 2.4337184 2.4097047
 2.4313438 2.427693  2.4679432 2.4277523 2.4724252 2.4446123 2.462719
 2.4353213 2.4561293 2.425882  2.4409611 2.4232106 2.4231513 2.4338076
 2.4447012 2.4200048 2.433392 ]
[2.543546  2.5295355 2.5576751 2.5435164 2.53568   2.5431008 2.5187902
 2.5390341 2.535294  2.5732884 2.536808  2.5773551 2.5509372 2.5680346
 2.543457  2.5634634 2.5343442 2.5490968 2.5310197 2.5329788 2.5412605
 2.5525103 2.5285263 2.54129  ]
[2.809121  2.7949324 2.8250904 2.8089724 2.8021157 2.8075476 2.7846916
 2.805559  2.8013735 2.8410301 2.8024125 2.8449187 2.8185897 2.8362513
 2.8100708 2.82981   2.8008096 2.814167  2.7972178 2.797485  2.8074586
 2.8184116 2.7935371 2.8080225]
[2.8535564 2.839724  2.8683386 2.8540611 2.8462842 2.8534675 2.8294241
 2.8495789 2.8456013 2.8838332 2.8473527 2.887692  2.8615413 2.8787575
 2.8541205 2.8740675 2.845067  2.859404  2.8413863 2.8432267 2.8517754
 2.863055  2.8387446 2.8518941]
[2.8173728 2.8040154 2.8328674 2.817729  2.8104863 2.8174915 2.7951698
 2.813781  2.8097441 2.8475604 2.812653  2.8508255 2.826248  2.8424847
 2.8191538 2.837765  2.8106346 2.8224783 2.8058853 2.807993  2.8162448
 2.8264854 2.802917  2.8181148]
[4.6777024 4.6657104 4.694058  4.677821  4.6706676 4.679157  4.6581116
 4.6739626 4.6700144 4.7019835 4.6749125 4.705367  4.684322  4.6984215
 4.6801367 4.698184  4.6722407 4.6809974 4.668204  4.6688867 4.67699
 4.6860433 4.664048  4.6781178]
[33.619747 33.61372  33.654327 33.6369   33.633728 33.644947 33.64124
 33.637497 33.621975 33.64026  33.650143 33.634083 33.642513 33.646255
 33.65866  33.652073 33.65249  33.626427 33.62307  33.64073  33.629036
 33.644623 33.611286 33.659286]
[342.464   342.38507 342.45547 342.42374 342.4988  342.42166 342.39465
 342.55853 342.44687 342.63605 342.32935 342.66656 342.54825 342.65903
 342.5042  342.39368 342.40784 342.50034 342.3696  342.40045 342.3566
 342.4879  342.34482 342.4796 ]
[178.95448 178.68842 178.91989 178.8916  178.76874 178.70164 178.1304
 178.7986  178.80698 179.34819 178.30806 179.60025 178.92844 179.32655
 178.6884  178.9561  178.48544 178.9866  178.61879 178.3281  178.76726
 179.02412 178.55545 178.50725]
[348.6679  348.5929  348.78378 348.56363 348.52222 348.51825 348.4709
 348.56354 348.52515 348.56668 348.49384 348.6165  348.6078  348.58047
 348.47885 348.65408 348.48297 348.51953 348.60306 348.506   348.60062
 348.5892  348.4381  348.3908 ]
[309.33328 309.3776  309.30664 309.34818 309.37628 309.34323 309.50116
 309.3427  309.3744  309.33823 309.44537 309.29364 309.37662 309.292
 309.3551  309.2948  309.40237 309.33374 309.40796 309.44458 309.40295
 309.2981  309.42352 309.47385]
[337.6932  337.7665  337.6717  337.84286 337.85553 337.75726 338.08356
 337.773   337.8173  337.65292 337.9668  337.67725 337.8825  337.70264
 337.83194 337.66165 337.9218  337.73523 337.85867 337.9891  337.8483
 337.76508 337.86517 338.01758]
[267.19812 267.28622 267.0794  267.2053  267.27982 267.31772 267.3906
 267.0835  267.3384  267.129   267.37665 266.91165 267.01352 266.90247
 267.14993 267.2005  267.22638 267.17477 267.341   267.27316 267.33252
 267.01028 267.3005  267.3678 ]
[112.18316  112.17539  112.15479  112.16401  112.202805 112.21627
 112.21986  112.19267  112.22446  112.161385 112.19629  112.15175
 112.15117  112.14614  112.24113  112.17621  112.19167  112.182365
 112.19264  112.21596  112.14616  112.16126  112.1553   112.25827 ]
[39.25856  39.258736 39.287262 39.220448 39.23217  39.26426  39.273075
 39.25963  39.239147 39.18548  39.260754 39.190674 39.226025 39.204834
 39.26506  39.25111  39.255085 39.21694  39.26298  39.259094 39.23312
 39.226707 39.22754  39.24636 ]
[2.3115427 2.2986898 2.3252268 2.315372  2.3065858 2.3108304 2.2902007
 2.310029  2.3047156 2.3490028 2.307209  2.3479638 2.3227925 2.3408995
 2.3127003 2.333241  2.3060513 2.3216648 2.2998476 2.3039737 2.3112164
 2.3231192 2.2998476 2.3099694]
[-0.00831127 -0.02208424  0.00293863 -0.00935018 -0.01686001 -0.00822222
 -0.03336382 -0.01329803 -0.0173943   0.02065945 -0.01549459  0.02273726
 -0.00320578  0.01404011 -0.00979543  0.01035941 -0.01840353 -0.00178099
 -0.02264822 -0.01733494 -0.01240754 -0.00023746 -0.02282631 -0.01246691]
[1.7856174 1.7712804 1.7994497 1.781907  1.7760297 1.781996  1.7584573
 1.7793542 1.7764453 1.8131336 1.7759703 1.8190405 1.7920586 1.8091857
 1.7828865 1.8036944 1.7734473 1.7882591 1.7728536 1.7711617 1.7823225
 1.7917618 1.7692916 1.7809274]
[1.8406498 1.8269659 1.8544822 1.8412138 1.8334072 1.8393141 1.8163394
 1.8364942 1.8327838 1.8729154 1.8341492 1.8759727 1.849347  1.86686
 1.8399374 1.8608344 1.8317152 1.8472395 1.828361  1.8301123 1.8391954
 1.8498813 1.8266691 1.8381565]
[1.8082062 1.794077  1.8221573 1.806722  1.7998059 1.8059503 1.7822335
 1.8030117 1.7997465 1.8384236 1.8001621 1.8428167 1.8156863 1.8331994
 1.8069892 1.8273815 1.7976984 1.8129258 1.7954721 1.7959174 1.8055941
 1.8162206 1.7929491 1.8050301]
[2.3752723 2.3613214 2.3901436 2.3739662 2.3672876 2.3727493 2.3501308
 2.3704638 2.3670206 2.4054303 2.3678517 2.4097047 2.3835835 2.400681
 2.374382  2.3949523 2.3655362 2.3794577 2.3633695 2.362568  2.3733726
 2.3832273 2.3599558 2.3725414]
[2.2340105 2.2201781 2.2478428 2.233773  2.2259068 2.2331495 2.208928
 2.229291  2.2256694 2.2637825 2.2268865 2.2679086 2.2411344 2.2583208
 2.2330904 2.25372   2.2243338 2.2396207 2.2215137 2.2230573 2.2318733
 2.2425592 2.219347  2.2309828]
[2.204001  2.1896343 2.2187238 2.2027245 2.1959567 2.201448  2.1779985
 2.1992218 2.1957192 2.2351978 2.196016  2.239561  2.21249   2.230122
 2.203318  2.223651  2.193879  2.208572  2.1914744 2.1912966 2.201745
 2.2123713 2.1883283 2.201448 ]
[2.4950438 2.480885  2.5103009 2.4946876 2.4875934 2.4932034 2.4697835
 2.4908288 2.4871185 2.5269532 2.4876823 2.5311089 2.5040674 2.5217884
 2.4948955 2.5154064 2.4858124 2.5002086 2.4828737 2.482844  2.4934113
 2.504008  2.479579  2.4930847]
[2.4169772 2.4028182 2.4311063 2.4169178 2.4091408 2.4162352 2.3916872
 2.4124653 2.4086957 2.4474914 2.4097939 2.451558  2.424576  2.4419703
 2.4167101 2.4368947 2.4074192 2.4227061 2.4042134 2.4061427 2.4146323
 2.4260008 2.4017794 2.4146025]
[2.2680273 2.2530966 2.2831063 2.267048  2.260191  2.2649698 2.2408376
 2.2633672 2.2598052 2.3014803 2.2591224 2.306081  2.2773776 2.2960777
 2.2671962 2.2881823 2.2574306 2.273311  2.2551448 2.2546105 2.2659197
 2.277051  2.2518797 2.2652965]
[2.4224687 2.4077458 2.437043  2.422142  2.4145432 2.4206283 2.395724
 2.4178083 2.414187  2.45512   2.4139495 2.4596615 2.4309282 2.4493318
 2.4216375 2.442742  2.4120498 2.4282866 2.409497  2.410061  2.4204502
 2.4315813 2.4067068 2.4196784]
[3.9054964 3.8928514 3.9210503 3.9062383 3.898966  3.9056745 3.884837
 3.9018452 3.8974226 3.9343185 3.901964  3.9363668 3.913867  3.9289162
 3.907396  3.9259777 3.8996487 3.9104831 3.8949587 3.8971553 3.9047542
 3.9149652 3.8919904 3.9058821]
[47.041443 47.043846 47.096535 47.085255 47.086143 47.09879  47.12669
 47.08288  47.05833  47.05385  47.129154 47.03785  47.093834 47.075695
 47.131382 47.09131  47.13058  47.053047 47.065605 47.112473 47.068096
 47.08944  47.045776 47.146786]
[131.59703 131.591   131.59311 131.64917 131.61282 131.61075 131.64754
 131.58994 131.61348 131.558   131.64201 131.56914 131.6077  131.56706
 131.60568 131.6202  131.61353 131.60413 131.63965 131.62083 131.62207
 131.60944 131.59885 131.62152]
[247.48465 247.48412 247.4994  247.46744 247.4861  247.47258 247.49355
 247.52353 247.49974 247.49681 247.43896 247.5188  247.48616 247.50706
 247.5222  247.45229 247.49013 247.47476 247.48534 247.45428 247.46848
 247.47743 247.46162 247.50946]
[324.72943 324.89615 324.67462 324.9948  324.98083 324.7981  325.1235
 324.7905  325.00015 325.0529  325.01495 324.8068  324.90417 324.84833
 324.89285 324.79074 325.04102 324.89426 324.91177 324.86636 325.0284
 324.71207 324.97812 325.17004]
[380.89093 380.5811  380.94745 380.7278  380.70984 380.60617 379.86588
 380.80157 380.6328  381.2924  379.9741  381.65442 380.85486 381.40173
 380.58853 380.74713 380.35938 380.8201  380.40262 380.0101  380.6113
 380.92267 380.28876 380.31125]
[132.14963 132.1039  132.19408 132.21744 132.1944  132.26105 132.10388
 132.20662 132.1913  132.16068 132.17026 132.24384 132.21744 132.30565
 132.22789 132.19962 132.18509 132.1839  132.06578 132.14626 132.11809
 132.26784 132.10562 132.15855]
[-20.44282  -20.451576 -20.341541 -20.473007 -20.32382  -20.167212
 -20.408653 -20.286121 -20.318478 -20.607115 -20.362942 -20.491915
 -20.52154  -20.480843 -20.045511 -20.359232 -20.277306 -20.451517
 -20.428038 -20.234266 -20.559534 -20.323137 -20.525368 -20.167835]
[207.27074 207.32713 207.21014 207.27687 207.31422 207.3644  207.45868
 207.26996 207.32057 207.05865 207.43643 207.01555 207.19186 207.08363
 207.30241 207.24022 207.30885 207.25212 207.36142 207.40329 207.2631
 207.23178 207.3682  207.31935]
[107.53117  107.57851  107.52114  107.57292  107.58303  107.60292
 107.69614  107.516464 107.58371  107.49119  107.68461  107.3984
 107.520546 107.44273  107.56245  107.556076 107.62138  107.52862
 107.60352  107.630745 107.606834 107.500244 107.60197  107.65341 ]
[62.081844 62.093334 62.08796  62.076324 62.078403 62.10592  62.120937
 62.071693 62.08671  62.037292 62.11782  62.02224  62.05421  62.02883
 62.095085 62.09179  62.10099  62.064983 62.10494  62.09924  62.092087
 62.060028 62.08876  62.110043]
[25.594858 25.597885 25.60878  25.579126 25.577642 25.605782 25.60035
 25.588001 25.585062 25.551283 25.602783 25.555706 25.568203 25.558466
 25.601892 25.60219  25.596668 25.575504 25.601536 25.591444 25.58711
 25.580433 25.586666 25.5918  ]
[3.9754298 3.964061  3.9884012 3.9735894 3.9659014 3.9749548 3.9539986
 3.969612  3.9665248 3.9957032 3.970443  3.9996808 3.9785762 3.991993
 3.974005  3.9934473 3.966495  3.9781606 3.9654562 3.965189  3.9728177
 3.9814258 3.9629035 3.9702945]
[1.6807469 1.6665881 1.6941043 1.6797674 1.6723466 1.6786394 1.6545367
 1.6757601 1.6721388 1.7116767 1.6724356 1.7158324 1.6881974 1.7059479
 1.679055  1.70013   1.6700907 1.686357  1.6677754 1.6686065 1.6781942
 1.6888504 1.665757  1.6768287]
[1.5893229 1.5748672 1.60271   1.5881356 1.5807742 1.5871264 1.5624597
 1.5841581 1.5806851 1.6204011 1.580507  1.6248536 1.596714  1.6147614
 1.5875716 1.608617  1.5781621 1.5948143 1.5759952 1.5769154 1.586414
 1.5975155 1.5738877 1.585286 ]
[1.9501212 1.9353983 1.9646659 1.9491119 1.9421364 1.9474497 1.9232283
 1.9454609 1.9418396 1.9825945 1.9413943 1.9871954 1.958848  1.9772515
 1.9491713 1.9700385 1.9395243 1.9553454 1.93712   1.9370606 1.9476871
 1.9588183 1.9341516 1.9471529]
[1.816844  1.8020024 1.830617  1.8161316 1.8085327 1.8144693 1.789298
 1.8118869 1.8083249 1.8494657 1.8076422 1.8539776 1.8248881 1.8435291
 1.8152411 1.8366129 1.8055941 1.8227806 1.8033679 1.8041099 1.8141725
 1.8256302 1.8009635 1.8131039]
[2.4398036 2.425704  2.4541702 2.4397442 2.4320266 2.4389427 2.4147806
 2.4354105 2.4315517 2.4703772 2.4328578 2.4742656 2.4476101 2.4650044
 2.4397738 2.4598694 2.430572  2.4454136 2.427307  2.4288208 2.4375772
 2.4488568 2.4246948 2.4375477]
[2.5451193 2.5306635 2.5606732 2.5447037 2.5378468 2.5432491 2.51974
 2.5411417 2.5372236 2.5775926 2.5376391 2.581689  2.5544693 2.5724277
 2.5455942 2.5655413 2.5360065 2.5503435 2.5328007 2.5329788 2.5431602
 2.5543804 2.5292685 2.543546 ]
[2.5845385 2.57035   2.5995283 2.5844197 2.5770879 2.5833807 2.5595748
 2.5804718 2.5765536 2.6159728 2.5774739 2.6200097 2.5931761 2.610808
 2.5849836 2.6048417 2.5756037 2.5899704 2.5722198 2.573229  2.58252
 2.5938292 2.5691922 2.5829058]
[2.85792   2.844147  2.872999  2.8584244 2.850885  2.8578012 2.8345592
 2.8542094 2.850232  2.8880482 2.8522208 2.89164   2.8662906 2.8830318
 2.8592556 2.878312  2.850143  2.8635004 2.8460467 2.8480651 2.8559015
 2.8674185 2.8430784 2.8570888]
[3.1143227 3.100431  3.1307373 3.1148272 3.107911  3.113729  3.0910807
 3.1114137 3.1069613 3.1459944 3.1086235 3.149408  3.124029  3.1413639
 3.1163707 3.135457  3.107169  3.1196656 3.1028352 3.1036663 3.1129572
 3.124207  3.0989764 3.1141741]
[2.6982841 2.683977  2.7132146 2.6983435 2.690804  2.6973343 2.6729643
 2.6940691 2.6902103 2.729689  2.691071  2.7337852 2.7065656 2.724346
 2.6985216 2.7186763 2.6890824 2.7040427 2.6858468 2.6869452 2.6961765
 2.7076936 2.6829379 2.696236 ]
[2.18159   2.1663628 2.1960754 2.1807294 2.1733382 2.1785922 2.1530647
 2.1765738 2.1731305 2.2155476 2.1717057 2.220475  2.1901982 2.2094626
 2.180106  2.2017152 2.1699839 2.1873784 2.1680546 2.1678467 2.1790671
 2.190673  2.165205  2.1779985]
[3.17544   3.1618156 3.190727  3.1753807 3.1682272 3.173659  3.1516342
 3.1711657 3.1673367 3.2071714 3.1692958 3.210199  3.184523  3.201383
 3.175648  3.1957138 3.1671882 3.180605  3.163834  3.1644278 3.1744013
 3.184553  3.161014  3.1742826]
[43.997795 43.999992 44.04413  44.05256  44.049145 44.045406 44.094177
 44.03834  44.019848 44.042377 44.089664 44.019463 44.074703 44.05725
 44.079514 44.04327  44.09471  44.0186   44.017    44.07215  44.038162
 44.048317 44.009666 44.115963]
[99.20654  99.27895  99.226685 99.32179  99.30787  99.31858  99.49624
 99.28035  99.28768  99.110374 99.4366   99.05513  99.2736   99.16074
 99.34839  99.23222  99.41925  99.21946  99.31872  99.37262  99.28985
 99.239105 99.310394 99.411194]
[137.47006 137.4923  137.45775 137.43382 137.44798 137.4832  137.51624
 137.46149 137.47276 137.37376 137.47986 137.38054 137.40732 137.37247
 137.4837  137.44205 137.47552 137.43416 137.50117 137.47531 137.46007
 137.42131 137.48103 137.4885 ]
[307.35013 307.39664 307.3244  307.35974 307.3737  307.43253 307.55087
 307.3983  307.36606 307.0949  307.49008 307.14874 307.33145 307.22433
 307.451   307.31293 307.44217 307.32312 307.4197  307.4773  307.33017
 307.38342 307.45123 307.4119 ]
[305.8468  305.37204 305.63562 305.8111  305.71384 305.19537 304.9728
 305.75882 305.7001  306.5762  304.86023 307.0122  306.13272 306.59167
 305.7018  305.70593 305.27487 306.00302 305.40918 305.1418  305.3785
 305.97232 305.08426 305.5334 ]
[60.540165 60.50309  60.642216 60.523186 60.488693 60.498547 60.365864
 60.491394 60.525677 60.445297 60.293823 60.633133 60.430664 60.463017
 60.578514 60.435173 60.4534   60.39549  60.5721   60.26595  60.602615
 60.564713 60.40626  60.51523 ]
[257.91843 257.9448  258.02902 257.95517 258.01602 258.09317 258.09192
 258.04712 257.98557 257.85092 258.07608 257.81067 257.91833 257.88266
 258.15213 257.9635  258.069   257.91418 258.0032  258.06778 257.91113
 257.96066 257.9221  258.1321 ]
[287.82285 287.86197 287.38202 288.01123 288.06735 287.6801  287.9557
 287.4183  288.16907 288.70474 287.9262  288.06577 287.8465  287.8216
 287.4379  287.90228 287.78665 288.04083 287.91943 287.79282 288.32306
 287.51294 287.94586 288.27115]
[452.97922 452.85898 453.0073  453.062   453.04993 452.83737 452.7713
 453.11816 452.98615 453.3323  452.75735 453.43906 453.21338 453.40427
 453.00906 452.9732  452.87924 453.1094  452.8611  452.83914 452.89438
 453.2175  452.87555 452.8818 ]
[217.75339 217.45432 217.53447 217.58179 217.58838 217.42618 216.82378
 217.58562 217.50182 218.25174 216.93108 218.44357 217.66971 218.10161
 217.40433 217.60341 217.22987 217.82368 217.28047 217.20634 217.47667
 217.84502 217.32344 217.2116 ]
[175.98491 175.95607 175.9616  176.00694 176.03012 176.04182 176.06097
 176.04225 175.98141 175.94794 176.05066 175.99402 176.04211 176.02322
 176.03024 175.95064 175.99046 176.01486 175.96954 176.09593 175.93399
 176.03857 175.99298 176.04167]
[ 9.993147  9.968688 10.005198  9.999529  9.997243  9.991098  9.96192
 10.00882   9.984182 10.06305   9.973259 10.064653 10.022028 10.05649
 10.003447 10.008908  9.9862   10.016299  9.966224  9.987625  9.980561
 10.016864  9.968272  9.997035]
[-1.6042832 -1.6196591 -1.589412  -1.5975155 -1.6027397 -1.605144
 -1.6240225 -1.5986434 -1.6089435 -1.5487461 -1.6079046 -1.5538813
 -1.5814272 -1.5581853 -1.5973077 -1.5811601 -1.6049956 -1.5878388
 -1.6195997 -1.6073703 -1.605055  -1.5869186 -1.6169876 -1.5981982]
[-1.369371  -1.3840048 -1.3564589 -1.3695492 -1.3754858 -1.3704396
 -1.39383   -1.3719832 -1.3772964 -1.3343747 -1.3764356 -1.3320891
 -1.3589226 -1.339866  -1.3691336 -1.3497505 -1.3779198 -1.3615941
 -1.3839455 -1.3784838 -1.3725175 -1.359546  -1.3841532 -1.3707662]
[0.9743482  0.95998156 0.9871119  0.9709346  0.9646418  0.9709643
 0.94662416 0.9681444  0.9651464  1.0030221  0.9643153  1.0088103
 0.98073006 0.9984212  0.9713205  0.9924252  0.96179223 0.97826636
 0.960783   0.9606346  0.97075653 0.98075974 0.9584974  0.9694505 ]
[1.0645849 1.050337  1.0765768 1.0622102 1.05473   1.0618837 1.0366234
 1.058292  1.0552347 1.0936446 1.0545816 1.0989282 1.0701059 1.0880345
 1.0609338 1.08284   1.0516727 1.0697497 1.0507822 1.0515836 1.0609932
 1.0713526 1.049298  1.0586779]
[1.1347557 1.1203594 1.1471039 1.1314609 1.1244854 1.1316093 1.1064677
 1.1281067 1.1252571 1.1627469 1.1244557 1.1684164 1.1398612 1.157582
 1.1310453 1.152625  1.121428  1.1387926 1.1210718 1.1208937 1.1308969
 1.1409892 1.1189643 1.1287894]
[1.3582102 1.3432796 1.3708552 1.3554794 1.3483851 1.3543514 1.3289427
 1.3517393 1.3489194 1.3889916 1.3471978 1.3947798 1.3647405 1.3832924
 1.3543811 1.376584  1.3445263 1.3629892 1.3442888 1.3437842 1.3547373
 1.3651857 1.3420923 1.352333 ]
[1.4200698 1.4052283 1.4325664 1.4175467 1.4101557 1.4166563 1.3909804
 1.4135989 1.4107493 1.4504653 1.4092652 1.4559567 1.4261252 1.4445584
 1.416211  1.4384733 1.406475  1.4249378 1.4061188 1.406     1.4165672
 1.4271047 1.40413   1.4140145]
[1.4855508 1.4703827 1.4982551 1.4828199 1.4755476 1.4814842 1.4555708
 1.4789314 1.4761115 1.516718  1.474004  1.5227437 1.492081  1.5109892
 1.4814842 1.503984  1.4714216 1.4903    1.471481  1.4706498 1.4819888
 1.492645  1.4691063 1.4794064]
[1.3406972 1.3250542 1.3533422 1.3379366 1.3306346 1.3363338 1.3097377
 1.3340482 1.3311689 1.3730221 1.3284084 1.3791071 1.3474649 1.3669667
 1.3364228 1.3592194 1.3260634 1.3458027 1.326004  1.3253213 1.336868
 1.3480289 1.3237778 1.3342559]
[1.30484   1.2887517 1.3176334 1.3019013 1.2947477 1.2998532 1.2729306
 1.2981316 1.2954007 1.3384709 1.2918091 1.3448528 1.3121123 1.3322672
 1.3003578 1.323481  1.2895828 1.3100048 1.2899094 1.288633  1.3010405
 1.3123201 1.2874753 1.29828  ]
[1.4024974 1.386617  1.4149346 1.4000337 1.3922567 1.3981637 1.3709146
 1.3956703 1.3928504 1.4355941 1.3897634 1.4415307 1.4090871 1.4289154
 1.3979559 1.4211384 1.3875074 1.4079591 1.3874481 1.3870028 1.3986386
 1.4100072 1.3854296 1.3957593]
[2.4180756 2.4041243 2.4320266 2.4162054 2.4092596 2.4147213 2.3921027
 2.4122577 2.409052  2.4482632 2.4097939 2.4524188 2.4256446 2.4425938
 2.4159086 2.4371023 2.4073005 2.4222312 2.405757  2.405104  2.4159977
 2.425526  2.4030855 2.414454 ]
[66.13668  66.13249  66.208244 66.198685 66.19919  66.19652  66.24282
 66.19616  66.15986  66.16986  66.23798  66.1541   66.219376 66.19881
 66.26313  66.19774  66.25042  66.15728  66.16651  66.22816  66.16306
 66.20985  66.13163  66.2777  ]
[93.21222  93.25656  93.21844  93.309814 93.28504  93.29297  93.38797
 93.26014  93.282036 93.12639  93.363495 93.08742  93.23731  93.14129
 93.27731  93.236664 93.338234 93.20864  93.3249   93.29355  93.28132
 93.20374  93.266464 93.33635 ]
[274.86462 274.868   274.9049  274.8762  274.89313 274.86063 274.8756
 274.9172  274.9079  274.9208  274.83972 274.93585 274.90707 274.9416
 274.9138  274.86685 274.89462 274.87302 274.86554 274.8474  274.87726
 274.885   274.85123 274.90594]
[249.55063 249.56422 249.65309 249.70195 249.67639 249.62204 249.64246
 249.63504 249.64449 249.76161 249.66722 249.72887 249.73364 249.78328
 249.67137 249.66446 249.70581 249.64062 249.56665 249.61871 249.68082
 249.67494 249.60103 249.72495]
[474.1299  474.26913 474.19745 474.34665 474.33127 474.3194  474.36404
 474.52606 474.25803 474.28635 474.29956 474.32724 474.40714 474.56122
 474.6328  474.19427 474.60214 474.37305 474.1485  474.29465 474.11365
 474.39987 474.4041  474.43185]
[178.62367 178.50853 178.47563 178.81396 179.06906 178.7216  178.81807
 178.82196 178.7849  179.20007 178.6869  179.34044 179.22334 179.25778
 178.89479 178.53078 179.05168 178.7985  178.4588  179.03973 178.8136
 178.9167  178.55856 179.39171]
[357.00168 356.6937  357.6626  357.17197 357.1065  356.7999  357.1418
 357.30838 356.82428 357.20074 357.062   357.3586  357.80154 357.72614
 357.05634 357.21286 357.09433 356.92294 356.8419  357.2009  356.93863
 357.25378 356.38605 356.9313 ]
[260.17236 259.9198  260.03583 259.62927 259.4533  260.05466 259.38748
 259.60025 259.50626 259.143   259.73828 259.49026 259.34222 259.20694
 259.38956 260.09708 259.23416 259.84534 259.99432 259.8638  259.72705
 259.6615  259.80457 259.03394]
[417.96204 418.01447 417.9483  417.99823 418.00186 417.99158 418.1373
 417.9614  417.9977  417.8272  418.10608 417.81848 417.978   417.86063
 417.98758 417.93756 418.03128 417.93817 418.05334 418.08292 418.01358
 417.9756  418.06378 418.0261 ]
[229.39203 229.44957 229.31244 229.4341  229.47821 229.47792 229.60245
 229.3727  229.46648 229.33896 229.57932 229.22583 229.38588 229.29259
 229.38077 229.36415 229.4683  229.40344 229.45837 229.53537 229.46825
 229.33159 229.50427 229.51073]
[58.269524 58.289383 58.286175 58.20992  58.25011  58.286266 58.32696
 58.291996 58.26044  58.216125 58.28113  58.200066 58.236607 58.21087
 58.307667 58.23459  58.302383 58.227196 58.28122  58.29122  58.251152
 58.205853 58.260857 58.328327]
[16.688736 16.681879 16.704113 16.727592 16.711355 16.696068 16.703192
 16.714027 16.69494  16.785414 16.71468  16.749794 16.737833 16.758966
 16.711147 16.723436 16.718063 16.734211 16.683601 16.71833  16.704737
 16.728127 16.701738 16.712482]
[-2.6352074 -2.6492476 -2.622325  -2.6364245 -2.6406097 -2.634406
 -2.657351  -2.6371665 -2.6429548 -2.6037433 -2.6404614 -2.6019623
 -2.6255012 -2.6076615 -2.6332483 -2.6162994 -2.6420345 -2.6286771
 -2.6498115 -2.6425986 -2.6392741 -2.6257088 -2.6501083 -2.6350293]
[2.0457008 2.0333228 2.059266  2.04205   2.0361428 2.0435934 2.0223403
 2.0395565 2.036707  2.0686755 2.0391111 2.0736918 2.050747  2.0652916
 2.0436525 2.063392  2.0356975 2.0475116 2.0346289 2.0336199 2.0429997
 2.0508952 2.0316904 2.0417826]
[0.81061614 0.79740715 0.82216287 0.8096663  0.8013847  0.8099334
 0.7856823  0.80515444 0.80165184 0.8383995  0.8032547  0.841635
 0.8154545  0.83219576 0.807915   0.8291087  0.79984117 0.81673086
 0.79737747 0.8006129  0.80741036 0.81782913 0.7969619  0.8053622 ]
[1.464921  1.4513261 1.4779222 1.4615668 1.4551256 1.4621902 1.4386514
 1.4585688 1.4557786 1.4911609 1.4561942 1.4966226 1.4702936 1.4868271
 1.4621011 1.4828199 1.4529884 1.4680674 1.4523354 1.451712  1.4616262
 1.470917  1.4498717 1.4599936]
[1.7788793 1.7646908 1.7917914 1.7765046 1.7693807 1.7756735 1.7517192
 1.7726458 1.7698259 1.807939  1.7696478 1.8130445 1.7852908 1.8025664
 1.7757329 1.7973422 1.7666795 1.7831833 1.7659671 1.7654032 1.776
 1.785647  1.7636815 1.7737441]
[1.27955   1.2645897 1.2917497 1.2773237 1.2695764 1.2765816 1.2504605
 1.2731087 1.2699623 1.3100642 1.2689531 1.3151103 1.2853678 1.3038307
 1.2757802 1.2980722 1.2661629 1.2847742 1.265213  1.2659551 1.2758396
 1.2867926 1.2635508 1.2735243]
[1.5777762 1.5627862 1.5911336 1.5748376 1.5681589 1.5735612 1.5486867
 1.5713943 1.5686932 1.6088247 1.5668528 1.6147614 1.5850189 1.6036005
 1.5743923 1.5962985 1.5644188 1.5819912 1.564211  1.5628456 1.5746001
 1.5848705 1.5613911 1.5726113]
[1.7384212 1.7237577 1.7516896 1.7365808 1.7292491 1.7350967 1.7102519
 1.7324846 1.7295163 1.7697072 1.7285367 1.7748721 1.7456045 1.763919
 1.7354826 1.7574184 1.7259543 1.743497  1.7250638 1.7247076 1.7356013
 1.7460498 1.7227782 1.7334938]
[1.6037786 1.5886402 1.6170766 1.6018492 1.5945472 1.6002463 1.5748376
 1.5977826 1.5946956 1.6359254 1.5933301 1.6410309 1.61114   1.6298997
 1.6008993 1.6228055 1.5909852 1.6088841 1.5898572 1.5896494 1.6006025
 1.6116743 1.5875123 1.5988809]
[1.8277377 1.8124509 1.8420746 1.8261348 1.819278  1.8237305 1.7989451
 1.8223354 1.8190999 1.8616655 1.8173783 1.8668303 1.8366426 1.8558476
 1.8255115 1.8473285 1.8155379 1.8329026 1.8142319 1.8132226 1.8252146
 1.8361974 1.8112636 1.8237602]
[1.6981709 1.6826466 1.711647  1.696479  1.6889988 1.694134  1.6682206
 1.6921749 1.6892066 1.7320987 1.6868023 1.7376198 1.7061853 1.7257168
 1.6949058 1.7175837 1.6848135 1.7038404 1.6841011 1.683359  1.6952916
 1.7064525 1.6816077 1.693006 ]
[1.8814048 1.8671865 1.8947028 1.8798019 1.8723217 1.8784958 1.8544525
 1.8753197 1.8723514 1.9122752 1.8725889 1.9162824 1.8883803 1.905923
 1.8786145 1.900402  1.8698877 1.8863322 1.8683145 1.8685817 1.8790004
 1.8890333 1.866296  1.877071 ]
[19.717037 19.71867  19.737816 19.735798 19.7309   19.734997 19.742416
 19.724102 19.72422  19.74016  19.746098 19.732086 19.738735 19.73921
 19.742476 19.739151 19.750816 19.72155  19.72339  19.727724 19.741556
 19.733364 19.723003 19.759188]
[46.48512  46.528667 46.529854 46.56595  46.56737  46.57711  46.70068
 46.554047 46.534424 46.45867  46.659836 46.417118 46.567463 46.502872
 46.609314 46.50961  46.656334 46.497913 46.542526 46.621574 46.548733
 46.531338 46.54983  46.66292 ]
[120.190384 120.21952  120.18078  120.26309  120.26403  120.24794
 120.38221  120.26048  120.25028  120.15721  120.30649  120.156456
 120.25343  120.204216 120.319534 120.1794   120.317085 120.220795
 120.248886 120.29768  120.20987  120.238335 120.24612  120.34897 ]
[262.61407 262.66736 262.5719  262.60526 262.6006  262.65512 262.61942
 262.61    262.645   262.5333  262.60934 262.5469  262.5162  262.5314
 262.66043 262.6035  262.64163 262.62146 262.64334 262.5856  262.62265
 262.60538 262.69955 262.61807]
[504.67685 504.77795 504.63953 504.72537 504.63098 504.66843 504.63986
 504.60995 504.69644 504.62787 504.66177 504.67288 504.58325 504.5896
 504.6828  504.68588 504.71942 504.69266 504.76526 504.56512 504.80426
 504.70602 504.88196 504.6556 ]
[352.01102 352.03534 352.13364 352.15637 352.1184  352.04443 352.1564
 352.14627 352.08044 352.13947 352.11835 352.19647 352.25278 352.26297
 352.17484 352.0869  352.2203  352.08975 352.04654 352.12396 352.1258
 352.13745 352.0746  352.198  ]
[439.55768 439.57605 439.5889  439.60974 439.5839  439.53552 439.654
 439.52295 439.55972 439.55646 439.66287 439.52032 439.62634 439.53503
 439.52695 439.59283 439.59827 439.54785 439.61487 439.64136 439.64835
 439.59158 439.60745 439.5882 ]
[740.61127 740.66077 740.68634 740.6973  740.78735 740.6808  740.8938
 740.98834 740.6043  740.55975 740.76556 740.66077 740.91125 740.8786
 741.02704 740.7119  740.9195  740.7842  740.65314 740.93787 740.4746
 740.919   740.70245 740.81946]
[472.73248 472.7092  472.73248 472.8231  472.86038 472.74295 472.68463
 472.79877 472.7958  472.92642 472.69016 472.93384 472.90146 472.98932
 472.7625  472.71558 472.821   472.77744 472.6289  472.723   472.75873
 472.8442  472.6821  472.79697]
[322.93546 323.03363 322.9185  322.98795 322.9433  322.8742  323.0366
 322.9959  323.1303  322.98978 323.08624 322.945   323.01022 322.93958
 322.9338  322.97644 322.95615 323.0419  323.0694  323.1568  323.00424
 322.97946 323.22235 322.9248 ]
[164.81241 164.76419 164.75594 164.70018 164.77237 164.79857 164.65085
 164.79478 164.78929 164.79529 164.64938 164.84074 164.70413 164.78813
 164.75783 164.7319  164.66025 164.78122 164.72974 164.69072 164.6937
 164.73494 164.70634 164.72498]
[25.05964  25.002028 25.070417 25.170094 25.144358 25.089148 25.088968
 25.12153  25.052578 25.2481   25.110191 25.240175 25.228777 25.262882
 25.107996 25.09716  25.129694 25.150206 25.007547 25.149878 25.081251
 25.19105  25.040733 25.14519 ]
[-0.52087927 -0.5363442  -0.50666106 -0.5224228  -0.5255395  -0.52230406
 -0.543854   -0.5211464  -0.52901244 -0.48570478 -0.52827036 -0.4816382
 -0.5070766  -0.48822784 -0.51776254 -0.5025351  -0.52740955 -0.5144974
 -0.53586924 -0.529428   -0.5250349  -0.5108167  -0.537858   -0.5183859 ]
[0.8758893  0.86279905 0.8887421  0.8788279  0.87036824 0.874791
 0.8539535  0.87336624 0.86858726 0.91272604 0.8711103  0.9127854
 0.8871095  0.9048897  0.875919   0.8967862  0.869359   0.8855363
 0.8634224  0.8684982  0.8753253  0.8866049  0.8640754  0.87458324]
[-0.09997272 -0.11335981 -0.08887124 -0.10297072 -0.11012435 -0.1007148
 -0.12645006 -0.1059984  -0.10961974 -0.07349539 -0.10875893 -0.07052708
 -0.09715283 -0.07990694 -0.10308945 -0.08204412 -0.11211312 -0.09465945
 -0.11413157 -0.11095548 -0.10475171 -0.09394705 -0.11457682 -0.10647333]
[1.8259567 1.812065  1.8387798 1.8212965 1.8151817 1.8223354 1.7985295
 1.818625  1.8163097 1.8506827 1.8160129 1.8573911 1.8305279 1.8468536
 1.8221276 1.8432916 1.8126884 1.8279158 1.8133117 1.8112932 1.8222463
 1.8309138 1.810195  1.8201388]
[1.5865327 1.5727004 1.598584  1.5841877 1.5763811 1.5839206 1.559343
 1.5798837 1.5771825 1.614049  1.5771825 1.6191841 1.5914601 1.6084685
 1.5826739 1.6046097 1.5737987 1.5911336 1.5733831 1.5736502 1.5832379
 1.5928552 1.5717802 1.580329 ]
[1.4060594 1.3918115 1.4184372 1.4027052 1.3956703 1.402913  1.3778307
 1.3991432 1.3965311 1.4336944 1.3958484 1.4391857 1.4108977 1.4283514
 1.4021412 1.4238989 1.3926129 1.4098291 1.3925536 1.3921083 1.40226
 1.4121444 1.3904164 1.3997369]
[1.9340032 1.9199334 1.946856  1.9309459 1.9239703 1.93056   1.9065464
 1.9272652 1.9248312 1.9616382 1.9244453 1.967367  1.9396133 1.9566811
 1.9303522 1.9520802 1.9212098 1.9375652 1.9212989 1.9199928 1.9309162
 1.9402367 1.9187758 1.9283338]
[1.6670036 1.6526073 1.6791737 1.6643322 1.6566442 1.6638869 1.6385672
 1.6601468 1.6575347 1.6954104 1.656763  1.7009017 1.6719904 1.6896815
 1.662848  1.6851103 1.6534384 1.6714858 1.6534978 1.6532604 1.6634713
 1.6735042 1.6515684 1.6604437]
[1.4398091 1.4244629 1.4524838 1.4362768 1.4293606 1.4352379 1.4092652
 1.4327148 1.4302214 1.4702936 1.4277577 1.4766458 1.4458644 1.4646835
 1.4353863 1.4578564 1.4250863 1.4438757 1.4255018 1.4241364 1.4358612
 1.4463987 1.4230084 1.4332194]
[1.6197184 1.60458   1.6322744 1.6170173 1.6094481 1.6156222 1.5897088
 1.612921  1.6102495 1.6504701 1.6082014 1.6565552 1.6258925 1.6446226
 1.6153847 1.638122  1.6054112 1.624438  1.6056486 1.6047581 1.6161268
 1.6266643 1.6034224 1.6132178]
[1.5802696 1.565339  1.5923506 1.5775387 1.5697024 1.5767076 1.5502006
 1.5731456 1.5704445 1.6100714 1.5687228 1.6158003 1.5854048 1.6039567
 1.575639  1.5985247 1.5657248 1.5851673 1.565992  1.5657545 1.5764405
 1.587067  1.5640626 1.5730863]
[1.4061781 1.3901492 1.4190012 1.403002  1.3959671 1.4009539 1.3741204
 1.3992916 1.3965905 1.43972   1.3928801 1.4463394 1.4134505 1.4334866
 1.4015179 1.4246113 1.3907726 1.4110758 1.3913069 1.3897337 1.4024084
 1.4134802 1.3887541 1.3996181]
[3.0051482 2.9944918 3.01996   3.0033967 2.9973414 3.00497   2.987932
 3.0002208 2.9963026 3.028093  3.003456  3.0298445 3.0115893 3.0234625
 3.0056825 3.0235813 3.0000722 3.0072854 2.9960947 2.9974601 3.0050888
 3.010877  2.993542  3.006098 ]
[29.664324 29.668598 29.685844 29.693888 29.687714 29.690237 29.707987
 29.679106 29.678394 29.67412  29.705553 29.67035  29.69184  29.686794
 29.696262 29.681778 29.705078 29.669964 29.67584  29.685072 29.690207
 29.689346 29.676197 29.70962 ]
[210.43889 210.5092  210.48355 210.40263 210.44609 210.56017 210.60643
 210.4959  210.46762 210.23294 210.59966 210.15926 210.35596 210.27515
 210.5209  210.48186 210.54556 210.39774 210.5032  210.57182 210.40329
 210.3619  210.4734  210.5003 ]
[237.6288  237.36449 237.50237 237.79195 237.68706 237.3701  236.8298
 237.53687 237.62352 238.39291 237.08926 238.58069 237.89091 238.37633
 237.4092  237.76784 237.30736 237.91194 237.24461 237.20459 237.58209
 237.98395 237.41109 237.22842]
[146.32216 146.47868 146.53479 146.39256 146.30157 146.38008 146.57265
 146.38858 146.32153 146.39636 146.57814 146.25253 146.42595 146.34537
 146.52809 146.49397 146.65405 146.34172 146.47159 146.44696 146.54541
 146.33736 146.56078 146.58435]
[293.52908 293.56775 293.98825 293.56754 293.4949  293.51007 294.0906
 293.6408  293.4374  293.047   293.93927 293.02017 293.76495 293.3394
 293.5734  293.60938 293.74722 293.27014 293.73572 293.8944  293.61276
 293.48227 293.40268 293.55426]
[142.48804 142.48315 142.53569 142.52834 142.53003 142.5226  142.55199
 142.53036 142.50471 142.54681 142.54922 142.53682 142.56024 142.5595
 142.54817 142.51546 142.54665 142.5077  142.49657 142.54391 142.51569
 142.5363  142.49652 142.57327]
[289.5317  289.50818 289.52817 289.51404 289.57745 289.5501  289.5943
 289.6086  289.54636 289.59378 289.54282 289.59915 289.59497 289.6185
 289.58475 289.49133 289.53915 289.5551  289.5151  289.57864 289.4947
 289.5475  289.5226  289.60895]
[358.6318  357.90985 358.25446 358.15805 358.05316 357.5857  356.18497
 358.0602  357.9632  359.77182 356.564   360.20306 358.38297 359.41626
 357.69626 358.4109  357.24124 358.65405 357.5855  356.93823 357.94196
 358.7916  357.5311  357.0403 ]
[353.69092 353.61078 353.82864 353.6054  353.67834 353.82883 353.6617
 353.91916 353.5607  353.2306  353.62573 353.6191  353.71634 353.77664
 353.8823  353.694   353.71344 353.60434 353.56552 353.67163 353.42673
 353.88892 353.51038 353.54294]
[108.31178  108.29244  108.266525 108.244225 108.29712  108.29697
 108.26205  108.33193  108.3132   108.30669  108.22785  108.34443
 108.275    108.311554 108.31653  108.25556  108.25641  108.31086
 108.27111  108.29872  108.23564  108.28037  108.27159  108.296745]
[34.152916 34.143654 34.16743  34.15425  34.154964 34.156418 34.152115
 34.164818 34.14956  34.18592  34.15838  34.18212  34.170517 34.183163
 34.167046 34.166214 34.156685 34.163097 34.14615  34.160515 34.14805
 34.16535  34.147484 34.16488 ]
[1.853473  1.8402936 1.8684629 1.8569459 1.8499407 1.8519888 1.8328729
 1.8539182 1.8472395 1.8952074 1.849347  1.893189  1.8679583 1.8869258
 1.856649  1.8751119 1.8495845 1.863773  1.8415403 1.8462303 1.8532058
 1.8656727 1.8413326 1.854779 ]
[-1.1785086 -1.1919551 -1.167051  -1.1800818 -1.1864637 -1.1782712
 -1.2030269 -1.1824565 -1.186998  -1.1485881 -1.1854545 -1.1471633
 -1.1729579 -1.155059  -1.1792507 -1.1598083 -1.1880963 -1.1716518
 -1.1929643 -1.1872058 -1.1828424 -1.1704942 -1.1926972 -1.1821597]
[1.627911  1.614227  1.6414168 1.623696  1.6180859 1.6246458 1.6016414
 1.6214697 1.6186795 1.6534681 1.6188576 1.6595235 1.6336992 1.6498468
 1.6252692 1.6456318 1.6160674 1.6299591 1.6155331 1.6139599 1.6245271
 1.633432  1.612268  1.6233695]
[1.4875098 1.4740337 1.5003923 1.4867678 1.4791095 1.4855508 1.4626354
 1.482345  1.4789908 1.5175195 1.4802672 1.5210814 1.4947228 1.5117016
 1.4855211 1.5066851 1.4773879 1.493209  1.4750429 1.4762896 1.4854023
 1.4953759 1.4735885 1.4836214]
[1.5008376 1.4873911 1.5140169 1.498641  1.4917545 1.4987597 1.4756366
 1.4950494 1.4920514 1.5282648 1.493209  1.5326875 1.5068929 1.5234264
 1.4987597 1.5193598 1.4901516 1.5049042 1.4884597 1.4887565 1.497988
 1.5077537 1.4863225 1.4967116]
[2.037152  2.0230527 2.0512514 2.035193  2.0283957 2.0340056 2.0107636
 2.0315716 2.0286627 2.0671914 2.0285144 2.0719705 2.0448399 2.0621452
 2.0350742 2.056268  2.02611   2.041278  2.0248039 2.0237353 2.0348368
 2.0445728 2.0218654 2.0333526]
[1.9194882 1.905834  1.9327269 1.9183306 1.910613  1.9176478 1.8936342
 1.9139671 1.9108504 1.948726  1.9115628 1.9529411 1.9261075 1.9431753
 1.91744   1.9386041 1.9086835 1.924564  1.9068432 1.9075853 1.9170245
 1.9272058 1.9048841 1.9153326]
[2.079599  2.0654697 2.0938172 2.0779662 2.0710502 2.076868  2.0534778
 2.0742264 2.0710797 2.109757  2.071347  2.114358  2.087287  2.104681
 2.078085  2.0988631 2.0689425 2.0839028 2.067132  2.0665977 2.0771947
 2.0874057 2.064312  2.0761557]
[2.3795466 2.3652396 2.394507  2.3789234 2.371829  2.3772612 2.3537521
 2.3750646 2.3714137 2.411664  2.37174   2.4158492 2.388422  2.4063802
 2.3790126 2.399761  2.369781  2.3847413 2.3671393 2.3670206 2.377736
 2.3883626 2.3640523 2.377083 ]
[2.0261693 2.011417  2.0400314 2.0251899 2.0176206 2.0237947 1.9985937
 2.020856  2.0174723 2.0581677 2.0170863 2.0627983 2.0339165 2.0522609
 2.0244477 2.0457897 2.0148005 2.0316014 2.012782  2.0132275 2.0235276
 2.034718  2.0102887 2.0223994]
[2.0858622 2.0708127 2.1005254 2.0844076 2.077551  2.0821815 2.0577817
 2.0806675 2.0774322 2.119493  2.0760963 2.1243906 2.0949748 2.1137938
 2.08417   2.1056013 2.0743153 2.0909677 2.0727124 2.0717032 2.0836062
 2.094411  2.0695958 2.0823593]
[3.6084278 3.5956342 3.623685  3.608962  3.601482  3.608398  3.58667
 3.6044204 3.6004727 3.6370125 3.6040642 3.6400106 3.6164124 3.6319962
 3.6093776 3.6288793 3.6015115 3.6133847 3.5975933 3.599018  3.607656
 3.6173623 3.594833  3.6078043]
[50.522884 50.522648 50.58703  50.58121  50.579372 50.580856 50.629654
 50.57753  50.546158 50.5496   50.62437  50.531998 50.59757  50.57299
 50.643368 50.580322 50.634254 50.542774 50.55521  50.614964 50.549244
 50.586674 50.523537 50.660465]
[96.15801  96.09632  96.128525 96.22811  96.198875 96.101616 96.20331
 96.190506 96.189064 96.25392  96.13923  96.31509  96.27945  96.2812
 96.22689  96.15291  96.16591  96.21668  96.160614 96.18902  96.133095
 96.23331  96.10499  96.24577 ]
[158.93867 158.92308 158.94797 159.00465 158.98186 158.89894 158.89954
 158.94803 158.98651 159.07162 158.86537 159.10234 159.0028  159.05928
 158.95125 158.93301 158.94273 158.9658  158.93471 158.84846 159.00658
 159.00589 158.92828 158.96495]
[123.311516 123.29029  123.27512  123.39925  123.35744  123.26824
 123.38072  123.33363  123.374535 123.35861  123.31128  123.38592
 123.38369  123.33858  123.365005 123.304794 123.35646  123.33409
 123.38659  123.302734 123.346825 123.32462  123.28377  123.42859 ]
[79.864685 79.89483  79.89354  79.94369  79.95069  79.96579  80.09576
 79.91831  79.91196  79.80626  80.06162  79.76988  79.94482  79.860176
 79.97771  79.917404 80.03655  79.874794 79.92788  80.01685  79.93166
 79.905785 79.91412  80.05464 ]
[242.43213 242.45924 242.36104 242.38135 242.39697 242.45045 242.40668
 242.32268 242.43784 242.34154 242.44902 242.27307 242.2761  242.22092
 242.3096  242.45517 242.35449 242.39867 242.4753  242.42249 242.46466
 242.30902 242.4481  242.38116]
[239.37999 239.48546 239.44907 239.40695 239.40941 239.47525 239.65273
 239.45267 239.42801 239.18912 239.57158 239.16278 239.37598 239.25304
 239.50815 239.3764  239.56244 239.33812 239.50345 239.5275  239.44423
 239.34299 239.49481 239.53418]
[102.64004  102.57449  102.63153  102.788284 102.7687   102.59609
 102.91349  102.76528  102.75256  102.79117  102.77071  102.85179
 102.91963  102.84568  102.914764 102.6773   102.80996  102.75672
 102.720314 102.875854 102.60726  102.77613  102.58806  103.00141 ]
[140.50168 140.52075 140.52087 140.52899 140.52765 140.52397 140.65395
 140.54248 140.52737 140.44527 140.59793 140.4355  140.53995 140.47581
 140.5857  140.49797 140.57936 140.49905 140.55627 140.59581 140.50127
 140.50853 140.52461 140.60193]
[96.84836  96.85753  96.83099  96.760925 96.80442  96.82802  96.83709
 96.85114  96.83635  96.77944  96.788055 96.812836 96.7847   96.77832
 96.844246 96.78737  96.8147   96.8034   96.84715  96.82703  96.80548
 96.77182  96.828316 96.84359 ]
[66.43725  66.43645  66.44526  66.374886 66.40531  66.43582  66.43271
 66.44541  66.41929  66.39418  66.40264  66.40175  66.39195  66.39394
 66.44648  66.40715  66.42273  66.40068  66.42926  66.41564  66.40109
 66.38495  66.403915 66.43995 ]
[7.2836127 7.272541  7.2953377 7.2883916 7.2774386 7.2891636 7.269424
 7.28103   7.2762218 7.3050437 7.284978  7.3061423 7.2885995 7.3002353
 7.287234  7.303441  7.2805552 7.2917757 7.27355   7.283702  7.281446
 7.2945657 7.273016  7.284117 ]
[2.4780056 2.4644108 2.494005  2.4764028 2.4708521 2.4765513 2.4548233
 2.4747405 2.4700506 2.5071545 2.4715645 2.5110726 2.486703  2.5034144
 2.4792228 2.4974482 2.470021  2.481805  2.466281  2.466726  2.475453
 2.4861982 2.4622736 2.4767888]
[2.2465367 2.2335653 2.2606955 2.248199  2.2400956 2.2476647 2.2251353
 2.243509  2.2389972 2.2765167 2.2424405 2.2787132 2.25464   2.271055
 2.2478724 2.2671666 2.240036  2.2534528 2.2348118 2.23873   2.2451415
 2.2561836 2.2331495 2.2457352]
[2.214212  2.2007356 2.2284002 2.2143009 2.2069395 2.2140634 2.191534
 2.2104716 2.2063458 2.2431827 2.2088392 2.2466555 2.2220483 2.2384036
 2.2154288 2.2340105 2.2064943 2.2196736 2.2022495 2.2049804 2.2117777
 2.2232356 2.1996078 2.2132916]
[3.0348015 3.0211473 3.0515428 3.0349796 3.0283604 3.034297  3.0122721
 3.031952  3.0272918 3.0655532 3.0294883 3.0687294 3.04433   3.0611305
 3.036909  3.0559063 3.028123  3.0395806 3.0235813 3.0241454 3.0334954
 3.0442407 3.0192773 3.0347126]
[2.9308512 2.9175236 2.944921  2.9325135 2.923846  2.9325433 2.908767
 2.9274378 2.9230742 2.959347  2.9263394 2.9624934 2.9379752 2.954212
 2.932454  2.9513326 2.9238164 2.93753   2.9188297 2.923104  2.9288328
 2.9406466 2.9166627 2.9299607]
[2.9151192 2.901376  2.9309404 2.9156833 2.9086483 2.9147928 2.8926194
 2.9121509 2.9077282 2.9458115 2.9098654 2.949314  2.9245288 2.9412997
 2.9176126 2.9358084 2.9082625 2.9205513 2.9036615 2.905413  2.9132788
 2.924974  2.9000106 2.9154754]
[3.3858933 3.3724172 3.4026346 3.3867838 3.3797193 3.386398  3.3639872
 3.3832812 3.3785617 3.4163482 3.3814113 3.419376  3.3952138 3.411955
 3.3886242 3.4073246 3.3798974 3.3911474 3.3748512 3.3761277 3.384884
 3.395778  3.3708143 3.3864276]
[2.9804518 2.9667976 2.995026  2.9818172 2.9736247 2.9815204 2.9581895
 2.9772162 2.9728231 3.009927  2.9755838 3.0133703 2.9885256 3.0050294
 2.982589  3.001022  2.9734466 2.9868336 2.96843   2.9722295 2.9782553
 2.9904253 2.9657884 2.980244 ]
[3.1707206 3.1569476 3.1873727 3.171433  3.164576  3.1704533 3.1483395
 3.1682272 3.163448  3.2021253 3.1656446 3.2053905 3.1806643 3.1977024
 3.173659  3.1918252 3.1643386 3.1760635 3.1594112 3.160747  3.1692364
 3.180783  3.1553743 3.171433 ]
[3.3722985 3.3590302 3.3877635 3.3738718 3.365887  3.3738718 3.3506298
 3.3695083 3.3649075 3.4014177 3.3680835 3.404653  3.3803427 3.3968465
 3.374881  3.3933141 3.3660948 3.3784726 3.3608706 3.3640764 3.3707848
 3.38245   3.3579319 3.3724172]
[3.1745496 3.1607766 3.1902223 3.1756182 3.1682272 3.1748168 3.1522577
 3.1717892 3.167218  3.205242  3.1695628 3.2087445 3.18387   3.2007005
 3.1773696 3.1953871 3.1679897 3.1804268 3.163003  3.165526  3.1726499
 3.1847606 3.1595004 3.1751137]
[3.369835  3.3562696 3.3865762 3.3707848 3.3637795 3.3698943 3.347632
 3.3672523 3.3626218 3.4010615 3.3649964 3.4041486 3.3796005 3.3965497
 3.3725657 3.3912067 3.3636014 3.3752966 3.358763  3.3599207 3.3687663
 3.3799272 3.3548152 3.37028  ]
[3.7788682 3.7665794 3.7950454 3.780946  3.773258  3.7815099 3.7610583
 3.7767606 3.771952  3.8065624 3.7777104 3.8088183 3.7877731 3.8022585
 3.7834988 3.8000026 3.7755733 3.7843893 3.7688649 3.7730503 3.778334
 3.7888713 3.765659  3.7822223]
[13.869108 13.857027 13.894042 13.874095 13.868692 13.876321 13.864745
 13.875312 13.865517 13.892973 13.875253 13.895912 13.88398  13.893953
 13.89048  13.893508 13.878577 13.872641 13.864863 13.870859 13.868277
 13.882762 13.851179 13.888521]
[83.545715 83.53632  83.6222   83.61176  83.61148  83.63181  83.65007
 83.61423  83.57929  83.556046 83.65054  83.56064  83.615814 83.60047
 83.694405 83.61798  83.662094 83.56703  83.57966  83.63823  83.56414
 83.62407  83.52926  83.69997 ]
[269.15982 269.17282 269.1491  269.087   269.0733  269.1661  269.08868
 269.04584 269.09695 268.965   269.14426 268.9615  268.97314 268.90875
 269.01862 269.17514 269.02338 269.08163 269.19186 269.10883 269.13785
 269.05276 269.12308 269.00623]
[257.11475 256.56793 256.80057 257.20868 256.99002 256.25272 256.4379
 257.00323 257.0218  257.98468 256.14474 258.52615 257.65518 257.9802
 257.08652 256.91446 256.6275  257.3457  256.7733  256.55157 256.70865
 257.32315 256.35892 257.05072]
[240.73186 240.65866 241.30083 240.73817 240.78043 241.13861 240.51404
 240.99106 240.77188 240.43315 240.63289 240.62894 240.46437 240.6106
 241.3657  240.97464 240.88467 240.54646 240.84619 240.55766 240.56625
 240.86484 240.28658 240.95166]
[374.60345 374.70282 374.10492 374.7898  374.88553 374.51657 374.42764
 373.83078 375.08862 375.99326 374.61432 374.86108 374.3279  374.45535
 373.84244 374.81277 374.42618 374.78162 374.67233 374.18243 375.44598
 373.87997 374.64072 375.07907]
[564.0962  563.8848  564.3289  564.3383  564.34564 564.3439  563.753
 564.32764 564.16296 564.71045 563.8593  564.8307  564.3635  564.7654
 564.3649  564.18274 564.2269  564.24536 563.8335  563.9183  564.1293
 564.3148  563.70703 564.33685]
[248.04568 248.06633 248.22064 248.2028  248.06046 248.07018 248.1239
 248.03526 248.1538  248.28928 248.22586 248.1315  248.14764 248.23596
 248.07002 248.22162 248.07077 248.12761 248.0843  248.00862 248.19507
 248.15251 248.1633  247.99902]
[111.96956  111.95556  112.006676 111.84897  111.90761  111.977745
 111.81451  111.93922  111.95697  111.929985 111.8038   111.933044
 111.792336 111.853424 111.98069  111.94746  111.88687  111.88254
 111.953575 111.79675  111.909256 111.84167  111.82608  111.9603  ]
[144.0397  144.01375 144.00786 144.0811  144.0836  144.06284 144.06573
 144.1012  144.03972 144.1371  144.05978 144.11981 144.10184 144.1318
 144.06819 144.02863 144.04051 144.12033 144.00937 144.11867 144.00291
 144.10413 144.05649 144.05649]
[10.1548605 10.128383  10.160915  10.189649  10.178517  10.165427
 10.143135  10.180358  10.150467  10.255575  10.15952   10.241298
 10.20921   10.243791  10.171988  10.180684  10.167327  10.20265
 10.123545  10.180833  10.152486  10.204045  10.142868  10.172789 ]
[-0.3454224  -0.3596406  -0.33141196 -0.34571922 -0.35064662 -0.34708464
 -0.3684268  -0.34687686 -0.35287285 -0.3093574  -0.35177457 -0.3074577
 -0.3331039  -0.3144629  -0.34373045 -0.32583153 -0.3522495  -0.33806098
 -0.3591063  -0.3543867  -0.34812355 -0.33547854 -0.36002648 -0.3450662 ]
[-0.729789   -0.74379945 -0.7176486  -0.7311841  -0.73780346 -0.73079824
 -0.75522745 -0.7340634  -0.7384565  -0.6987405  -0.73762536 -0.69595027
 -0.72269475 -0.7046474  -0.7312435  -0.7109699  -0.7400594  -0.7232884
 -0.7440666  -0.73994064 -0.7334994  -0.7217449  -0.74451184 -0.73344004]
[0.25376093 0.23998797 0.26512957 0.2508223  0.2434609  0.25230646
 0.22654152 0.24752748 0.24408424 0.28083193 0.24441075 0.284572
 0.25711513 0.2745391  0.25025833 0.27165985 0.24108624 0.25886643
 0.2395724  0.24191737 0.24918973 0.25984597 0.23877096 0.24720097]
[1.3907429 1.3765544 1.4029427 1.3877152 1.3804429 1.3876262 1.3626033
 1.3839455 1.381274  1.418556  1.3805616 1.4242254 1.3958484 1.4133614
 1.3868247 1.4086715 1.3774152 1.3949579 1.3772371 1.377059  1.3871216
 1.3969467 1.375278  1.3845688]
[1.3712411 1.356726  1.3834409 1.369282  1.361416  1.3681244 1.3430421
 1.3648592 1.36198   1.4012804 1.3611488 1.4063562 1.3772964 1.3953141
 1.3673823 1.389704  1.3582102 1.3765247 1.3575275 1.3579727 1.3679166
 1.3783057 1.3559246 1.3652451]
[1.2332443 1.2186402 1.245444  1.2304244 1.2230036 1.2300682 1.204333
 1.2265953 1.2236863 1.2626603 1.2226177 1.2679142 1.2386763 1.2568127
 1.2293261 1.2513807 1.2196198 1.2378749 1.2192339 1.2193526 1.2294449
 1.2398933 1.2173638 1.2269812]
[1.466702  1.4513261 1.4797032 1.4636743 1.4568175 1.4621011 1.4364846
 1.4601123 1.4574705 1.498552  1.4549178 1.5047557 1.4738259 1.4928528
 1.4627244 1.4852539 1.4524838 1.4711841 1.4526322 1.4512074 1.4631697
 1.4737072 1.4500201 1.4608544]
[1.3030293 1.2876534 1.3152587 1.3006546 1.2928183 1.2993189 1.272515
 1.2963209 1.293501  1.3348793 1.2911264 1.3405488 1.3092034 1.3284084
 1.2986659 1.3215516 1.2885439 1.30858   1.2883362 1.2884846 1.2992299
 1.3103313 1.2865255 1.29641  ]
[1.3369274 1.3213438 1.3497505 1.3336623 1.3268352 1.3323859 1.3060273
 1.3301597 1.3274585 1.3688664 1.3245792 1.3750999 1.3436655 1.3629595
 1.3327421 1.3553606 1.3222046 1.3414986 1.3224124 1.3211657 1.3330983
 1.3439623 1.3198893 1.3306346]
[1.403477  1.3875074 1.4162704 1.4008945 1.3935331 1.3986386 1.3719832
 1.3968279 1.3940674 1.4370189 1.390832  1.443193  1.4108977 1.430726
 1.3990542 1.4221476 1.388576  1.4088496 1.3888135 1.3876559 1.3998853
 1.4110165 1.3864388 1.3970654]
[1.2524493 1.2363017 1.2647084 1.2498668 1.2420899 1.2479968 1.220065
 1.2455628 1.2426538 1.286288  1.2392106 1.2923731 1.2591577 1.2793422
 1.2475812 1.2710606 1.2369547 1.2582375 1.2370437 1.2366875 1.248442
 1.2600778 1.235055  1.2454144]
[2.034243  2.0194016 2.0476303 2.0316606 2.024774  2.02985   2.0054207
 2.027861  2.0249226 2.0657964 2.0235868 2.0711985 2.0416045 2.0599785
 2.0308294 2.0529733 2.021242  2.0386956 2.0208857 2.0196095 2.0314827
 2.0414858 2.0182142 2.0292268]
[12.455747  12.4620695 12.481482  12.465157  12.465008  12.475307
 12.495937  12.463791  12.4528675 12.455598  12.498995  12.437819
 12.471539  12.458092  12.481363  12.47694   12.494067  12.4526005
 12.466077  12.482788  12.472577  12.464533  12.464177  12.492999 ]
[86.23152  86.31233  86.28853  86.309265 86.30762  86.39994  86.50932
 86.29404  86.28658  86.06154  86.51906  85.96402  86.24088  86.110115
 86.3453   86.31309  86.432014 86.22321  86.34053  86.44189  86.28973
 86.223    86.326256 86.39047 ]
[210.94897 210.95021 211.09508 211.08672 211.09218 211.05246 211.071
 211.12518 211.04794 211.13922 211.0914  211.11534 211.18561 211.25688
 211.14984 211.09175 211.16275 211.05525 210.9283  211.08614 210.99507
 211.08838 210.95256 211.13724]
[247.50516 247.55624 247.59471 247.58412 247.59338 247.60806 247.70424
 247.61084 247.57858 247.5263  247.66081 247.47234 247.5922  247.56836
 247.6745  247.55698 247.70493 247.52617 247.55646 247.62181 247.568
 247.555   247.55472 247.70299]
[297.34445 297.45074 297.3977  297.4455  297.37268 297.39374 297.5257
 297.35376 297.4094  297.28784 297.48074 297.27225 297.34647 297.26315
 297.41455 297.35394 297.48486 297.33368 297.48904 297.38095 297.50415
 297.35327 297.50232 297.47354]
[142.16109 142.1596  142.17157 142.20222 142.20044 142.17592 142.17915
 142.20909 142.18547 142.24263 142.15994 142.26205 142.22234 142.26134
 142.2176  142.15666 142.20193 142.19966 142.14848 142.16522 142.17288
 142.20857 142.17453 142.21829]
[105.001785 104.99607  105.03125  105.04716  105.035    105.02543
 105.03455  105.030266 105.020546 105.05388  105.035286 105.060646
 105.05556  105.07027  105.0456   105.02673  105.03741  105.02832
 105.00508  105.023674 105.023636 105.05378  105.01197  105.050644]
[260.88266 260.87988 260.89142 260.86942 260.84644 260.84735 260.88754
 260.87668 260.87033 260.82764 260.8577  260.86456 260.85684 260.83856
 260.88464 260.86105 260.8442  260.8627  260.9107  260.8569  260.8547
 260.87604 260.87466 260.84845]
[106.168304 106.21131  106.17007  106.15413  106.15168  106.20828
 106.25955  106.15794  106.16801  105.99819  106.24112  105.99325
 106.0985   106.029236 106.18291  106.155106 106.19856  106.12359
 106.221825 106.20811  106.16808  106.13532  106.213036 106.16355 ]
[87.29146  87.31435  87.26726  87.26263  87.25117  87.30596  87.311066
 87.25541  87.28089  87.10308  87.306854 87.129005 87.185745 87.13904
 87.272194 87.27588  87.25869  87.24781  87.328476 87.281654 87.25734
 87.257996 87.30951  87.215416]
[48.22562  48.240726 48.24907  48.181095 48.208908 48.244736 48.27991
 48.244408 48.21606  48.1713   48.24343  48.162693 48.20119  48.175724
 48.265663 48.203953 48.260883 48.186676 48.237583 48.245358 48.211937
 48.17777  48.21339  48.280178]
[11.431412 11.422715 11.452487 11.442751 11.433223 11.440228 11.427553
 11.436636 11.428593 11.463263 11.442395 11.458068 11.447025 11.458572
 11.44563  11.457682 11.441089 11.441683 11.42687  11.435864 11.436221
 11.44845  11.42414  11.443345]
[2.9652836 2.9518373 2.9795315 2.9665303 2.958902  2.9666195 2.9446836
 2.9625826 2.9578927 2.9938092 2.9613953 2.9970446 2.973773  2.9894755
 2.96843   2.9854088 2.959258  2.971547  2.9535291 2.958427  2.9626122
 2.9753463 2.950828  2.9663227]
[3.2295227 3.216195  3.246442  3.2293744 3.2231705 3.229315  3.207765
 3.2270293 3.2221317 3.2590277 3.2245953 3.2623227 3.2388136 3.2552283
 3.232313  3.2501228 3.2232597 3.2339456 3.2185104 3.2194304 3.2277417
 3.2387543 3.2140281 3.22979  ]
[2.9480674 2.9350069 2.9624639 2.949997  2.9414778 2.9499376 2.9269629
 2.9450696 2.9405577 2.9765038 2.944179  2.9793534 2.9555476 2.9714875
 2.9503233 2.9687567 2.941834  2.9548056 2.9364316 2.940914  2.9461677
 2.9579816 2.9341757 2.9478598]
[3.0871625 3.073627  3.102865  3.0882015 3.0810182 3.0875187 3.0659392
 3.084669  3.0800385 3.1172018 3.0828586 3.1205263 3.0967205 3.1129572
 3.090487  3.1078813 3.0812852 3.0927727 3.0760016 3.0786436 3.0852332
 3.0973141 3.0723507 3.0883498]
[3.6614714 3.648114  3.678747  3.6626587 3.6557128 3.6623025 3.640515
 3.6594827 3.6544366 3.6918967 3.6575532 3.694657  3.6712966 3.6877112
 3.6651819 3.6830807 3.6563065 3.6666067 3.6507854 3.65224   3.6604028
 3.6716528 3.646333  3.6627774]
[3.244394  3.2310367 3.2590277 3.2463531 3.2378933 3.2461157 3.2232893
 3.241574  3.2370028 3.2731273 3.240476  3.2763627 3.252438  3.2684076
 3.2473326 3.2651129 3.2382495 3.251043  3.2327583 3.2373295 3.2422569
 3.2547238 3.230057  3.2448392]
[3.370666  3.3570118 3.3871994 3.3717346 3.3647888 3.3709924 3.349413
 3.3684695 3.3636014 3.401299  3.3663917 3.4044454 3.3805802 3.3971434
 3.374495  3.391741  3.3650558 3.376187  3.359594  3.36185   3.368974
 3.3810253 3.3555572 3.3721204]
[3.5912411 3.5780618 3.607834  3.5927846 3.5853937 3.592577  3.5702553
 3.5890744 3.5842063 3.6211023 3.5875604 3.6240113 3.6003835 3.616828
 3.594833  3.612613  3.585928  3.59697   3.580407  3.5827222 3.5900836
 3.6015708 3.5766964 3.592369 ]
[3.3120716 3.2985063 3.3273582 3.3137634 3.3058975 3.3131104 3.2909667
 3.3095782 3.3048882 3.3418436 3.3079455 3.3451385 3.3211842 3.3373022
 3.3155444 3.3329685 3.3061645 3.318394  3.3006434 3.3043835 3.3099937
 3.3225496 3.2972894 3.313229 ]
[3.5140057 3.5003812 3.530925  3.5151336 3.5083363 3.5144212 3.4926338
 3.5119872 3.5070004 3.5449948 3.5097017 3.547993  3.5240684 3.5407798
 3.517835  3.5353775 3.5084846 3.5194674 3.503023  3.504893  3.5125513
 3.5243948 3.4987485 3.5154603]
[3.4786828 3.4653552 3.4943554 3.4802263 3.4724493 3.480078  3.4572515
 3.47613   3.4713511 3.508069  3.4744976 3.511364  3.4872315 3.5035276
 3.4818292 3.4996984 3.4727461 3.484768  3.4674032 3.4704902 3.4770503
 3.488953  3.464138  3.4793358]
[3.6764317 3.6632822 3.69252   3.6783314 3.6708217 3.6775894 3.6564846
 3.6743243 3.669575  3.7060258 3.6733446 3.7088754 3.6860788 3.701781
 3.6806765 3.6976254 3.6716528 3.682398  3.6657457 3.6689813 3.6749475
 3.687088  3.662065  3.67845  ]
[5.4094505 5.3985567 5.4298725 5.413339  5.4071355 5.4152093 5.399269
 5.411083  5.404464  5.43667   5.4140515 5.436759  5.4218583 5.4340878
 5.4207006 5.432574  5.413547  5.4141703 5.4023266 5.407729  5.4110236
 5.420849  5.3965683 5.4204035]
[24.053326 24.035545 24.07443  24.057926 24.052435 24.054008 24.05288
 24.061934 24.05089  24.07615  24.05383  24.088915 24.073866 24.08191
 24.084255 24.074282 24.063358 24.057302 24.048962 24.056828 24.044361
 24.068226 24.025097 24.08375 ]
[34.03632  34.020973 34.07078  34.050213 34.043858 34.050774 34.05787
 34.05312  34.038635 34.043236 34.05695  34.054752 34.061314 34.059235
 34.08699  34.067604 34.065884 34.037357 34.04202  34.054962 34.031452
 34.059887 34.006813 34.083607]
[38.708412 38.691967 38.74608  38.723045 38.720165 38.730022 38.724945
 38.726906 38.710518 38.72278  38.7283   38.73299  38.734413 38.739254
 38.75739  38.742905 38.738895 38.71031  38.708946 38.722332 38.707996
 38.734325 38.6776   38.756824]
[261.75125 261.6952  261.79456 261.68127 261.7569  261.7935  261.70703
 261.81772 261.74405 261.72888 261.65747 261.79947 261.71713 261.7828
 261.8415  261.74762 261.73505 261.71652 261.7141  261.67972 261.67377
 261.7406  261.61246 261.8096 ]
[135.34506 134.91467 134.92213 135.65187 135.44847 134.52701 135.66046
 135.45009 135.51944 136.11644 135.09042 136.47893 136.25084 136.12796
 135.82864 135.28354 135.39938 135.77492 135.3713  135.66022 134.95465
 135.69331 134.88564 136.03418]
[118.97196  118.86157  119.184395 118.91417  118.959885 119.00267
 118.873436 119.06161  118.9087   118.9138   118.863625 119.00515
 118.998085 119.049736 119.07982  119.00284  118.94662  118.86754
 118.89516  118.90013  118.84019  118.99912  118.66745  118.95525 ]
[260.59958 260.5813  260.6123  260.59113 260.6501  260.6535  260.6533
 260.67145 260.62573 260.63275 260.61673 260.62683 260.6215  260.6425
 260.6821  260.57907 260.6214  260.61514 260.59567 260.64716 260.56284
 260.6106  260.57156 260.69284]
[52.925198 52.890797 52.918015 52.964855 52.966457 52.899227 52.977768
 52.96254  52.942177 53.020275 52.939507 53.02823  53.02431  53.024014
 52.997448 52.938644 52.968594 52.970436 52.91953  52.983646 52.906944
 52.98308  52.89127  53.025143]
[106.50084  106.45552  106.55599  106.42384  106.471725 106.48487
 106.45664  106.53076  106.46356  106.48799  106.42438  106.513725
 106.492    106.51592  106.5131   106.47264  106.45929  106.44756
 106.45466  106.46279  106.427216 106.46151  106.37627  106.486   ]
[60.26598  60.263992 60.270878 60.280674 60.273136 60.272896 60.3287
 60.28011  60.27616  60.255234 60.303944 60.2566   60.286907 60.26025
 60.316116 60.275925 60.303944 60.272896 60.285778 60.315582 60.26049
 60.276695 60.262775 60.328465]
[3.8859649 3.8730824 3.8971553 3.8889925 3.8818982 3.8899126 3.8683627
 3.8856382 3.8790486 3.915737  3.8842134 3.915737  3.8946917 3.9106314
 3.8900313 3.9054072 3.8818982 3.8957899 3.8725183 3.8847182 3.882106
 3.8982239 3.873676  3.886885 ]
[1.9933991 1.9796262 2.0084486 1.9908761 1.9854441 1.9910245 1.9692371
 1.9894216 1.9848207 2.0222216 1.985919  2.0260506 2.001473  2.0182736
 1.9931617 2.012337  1.9843755 1.9968127 1.9811697 1.9811994 1.9904605
 2.0005527 1.977489  1.9907573]
[0.7733638  0.7600064  0.785712   0.7747886  0.766418   0.7742543
 0.7509531  0.7699503  0.76540875 0.8040265  0.768288   0.8058075
 0.78087366 0.79776335 0.7734232  0.7932812  0.7656759  0.7812892
 0.7602736  0.76612115 0.7709892  0.7829218  0.7601845  0.7712563 ]
[1.5591649 1.5455106 1.5732347 1.5574136 1.551002  1.5575026 1.5346466
 1.5544453 1.5508239 1.5876607 1.5520113 1.5920538 1.5664966 1.5832676
 1.5586306 1.578073  1.5495772 1.5633799 1.5468464 1.5475291 1.556434
 1.5668528 1.5441155 1.5565528]
[2.3826635 2.3690686 2.397327  2.3826337 2.3752131 2.3818026 2.3588576
 2.3785377 2.3746195 2.4127622 2.3764596 2.4163241 2.3905888 2.4075973
 2.3826337 2.4028778 2.3742335 2.3880658 2.3707902 2.37177   2.381031
 2.3913903 2.3681188 2.3805857]
[2.1084805 2.094767  2.1222239 2.108718  2.1008224 2.1080947 2.0842888
 2.104206  2.1002584 2.138401  2.1021285 2.1419039 2.1159015 2.1329098
 2.1084213 2.1283386 2.0996647 2.1144767 2.095984  2.0985665 2.106195
 2.117445  2.0939062 2.1062245]
[2.4649155 2.4510534 2.4804397 2.4643812 2.4576135 2.4632533 2.4406643
 2.4609675 2.4570494 2.4958155 2.4581773 2.4997337 2.4739094 2.4911256
 2.4654498 2.4852188 2.4563668 2.4697242 2.4531312 2.4532204 2.463164
 2.473761  2.449688  2.4633126]
[2.7022617 2.6884887 2.7169845 2.7028553 2.695019  2.7022913 2.6783667
 2.6984324 2.6943362 2.7325385 2.696236  2.7361598 2.710187  2.7273142
 2.7029147 2.7227132 2.6940691 2.7081983 2.6901212 2.6922288 2.7005696
 2.7116117 2.6875684 2.7007477]
[2.531465  2.5173655 2.5463955 2.5316432 2.5243113 2.5306933 2.5071545
 2.5276656 2.5236287 2.5627806 2.5249941 2.5666394 2.5402808 2.5576456
 2.5324445 2.5517979 2.5230646 2.5371642 2.5191464 2.5208979 2.5293872
 2.5409338 2.5162375 2.530426 ]
[3.1192203 3.1053584 3.1359913 3.1197546 3.1129868 3.1186564 3.096305
 3.11643   3.1118588 3.1510704 3.113729  3.154365  3.1291938 3.1464694
 3.1213574 3.1405327 3.1123931 3.1244743 3.1078517 3.1085048 3.1180627
 3.1290455 3.1037555 3.119339 ]
[2.9458115 2.9321277 2.9605343 2.9470582 2.9388955 2.9468207 2.92254
 2.9423387 2.938094  2.975732  2.9402905 2.9793832 2.953559  2.9705672
 2.9472067 2.9664414 2.9381237 2.952223  2.9336712 2.936877  2.9438822
 2.955607  2.9310887 2.9448617]
[2.7085545 2.6943066 2.7239006 2.708584  2.7014008 2.7073967 2.6840363
 2.704844  2.7007477 2.7402263 2.7019055 2.7441149 2.7176375 2.7352395
 2.709623  2.729006  2.700154  2.7139864 2.6963546 2.6974826 2.7065656
 2.7180233 2.69303   2.7075453]
[3.1126604 3.0989764 3.128808  3.113343  3.1061301 3.1123338 3.0895371
 3.1094546 3.1052396 3.1439166 3.1071987 3.1472116 3.1219215 3.1390486
 3.1143227 3.1338542 3.105566  3.1180627 3.1012323 3.1021228 3.111562
 3.122337  3.0976408 3.1123338]
[4.6256084 4.612548  4.6417856 4.6280127 4.619939  4.627983  4.6064334
 4.6238275 4.6186924 4.654876  4.622967  4.657933  4.6348696 4.650305
 4.630625  4.6468916 4.621542  4.6319904 4.6150117 4.619494  4.6245103
 4.636265  4.6112123 4.629022 ]
[15.371935  15.371697  15.399807  15.38642   15.379415  15.394226
 15.393841  15.381314  15.371727  15.377931  15.405477  15.368729
 15.384134  15.381018  15.401053  15.401053  15.400668  15.375674
 15.379296  15.3929205 15.381848  15.389596  15.372825  15.399837 ]
[88.02965  88.00449  88.01402  88.117455 88.08063  88.02759  88.106186
 88.046616 88.0764   88.06524  88.078865 88.08047  88.10709  88.066574
 88.08967  88.06447  88.08752  88.062675 88.08114  88.07076  88.05985
 88.06637  88.00771  88.14311 ]
[65.606415 65.62271  65.64497  65.69146  65.68196  65.648476 65.738655
 65.65819  65.66062  65.674805 65.70663  65.63883  65.70606  65.679054
 65.70176  65.64474  65.74046  65.63272  65.64643  65.67775  65.68122
 65.65902  65.632744 65.76418 ]
[105.90539  105.87579  105.98482  106.022484 106.01575  105.993095
 106.1145   106.02289  105.97516  105.93005  106.06977  105.96794
 106.064354 106.00851  106.18086  105.99077  106.09786  105.95877
 105.97651  106.09779  105.90054  106.03672  105.868774 106.20696 ]
[237.43294 237.35352 237.33243 237.46362 237.46892 237.33528 237.59496
 237.45375 237.47414 237.48741 237.47517 237.54071 237.57668 237.491
 237.52287 237.41002 237.43813 237.5051  237.47441 237.60304 237.35796
 237.44064 237.3682  237.61685]
[233.42096 233.31323 233.30217 233.6666  233.5156  233.05508 233.77571
 233.4751  233.608   233.74144 233.44476 233.9532  233.92598 233.75223
 233.70044 233.40405 233.56155 233.61147 233.59053 233.65375 233.4751
 233.56343 233.36896 233.92534]
[142.28578 142.25331 142.35036 142.33978 142.35521 142.35634 142.30957
 142.36115 142.30373 142.34642 142.33183 142.36552 142.37247 142.40678
 142.40181 142.33789 142.35594 142.32178 142.2651  142.34384 142.273
 142.3751  142.24457 142.37846]
[127.43909  127.4443   127.39743  127.35388  127.40073  127.43282
 127.42904  127.40969  127.4383   127.38851  127.396255 127.36117
 127.33904  127.33214  127.42622  127.394264 127.39618  127.39909
 127.43706  127.41643  127.39398  127.34839  127.41074  127.44254 ]
[64.25073  64.24191  64.24785  64.183975 64.21475  64.235    64.22417
 64.25759  64.23277  64.20751  64.19374  64.23651  64.207306 64.21704
 64.25584  64.21197  64.21651  64.21805  64.235085 64.222206 64.198044
 64.20484  64.21015  64.23654 ]
[11.818273  11.809753  11.83718   11.817233  11.8118305 11.822398
 11.808506  11.818183  11.811178  11.832758  11.820617  11.833351
 11.822398  11.8316    11.825485  11.837091  11.818866  11.818332
 11.812959  11.813671  11.816788  11.82409   11.805894  11.820944 ]
[3.2095757 3.197168  3.2218943 3.2116535 3.2021549 3.2120097 3.189124
 3.205984  3.201591  3.234925  3.2060137 3.2373888 3.2148    3.22979
 3.2104366 3.229315  3.2025409 3.2168481 3.197851  3.2036688 3.2068152
 3.2191336 3.196901  3.2068448]
[2.296731  2.283136  2.3120177 2.2958403 2.2895772 2.2958403 2.2737858
 2.2930799 2.2889242 2.3257017 2.2908535 2.3294415 2.305161  2.3216052
 2.298037  2.3164406 2.2888947 2.3010645 2.2851248 2.2861042 2.2944453
 2.30525   2.2815924 2.2958403]
[2.94314   2.93002   2.958872  2.9439712 2.9366097 2.943526  2.9212933
 2.9401124 2.93566   2.9727638 2.9385393 2.9757025 2.9515998 2.9680443
 2.9449804 2.9640963 2.9366395 2.9485128 2.9320385 2.9334931 2.9419825
 2.95252   2.9287734 2.9428432]
[2.6895869 2.67617   2.7038646 2.6907148 2.682641  2.6903586 2.6675324
 2.6861436 2.6818397 2.7186763 2.6848674 2.7219415 2.6974232 2.71366
 2.6913085 2.7098606 2.6825223 2.6958501 2.6777136 2.6813648 2.6874497
 2.6992636 2.6752796 2.6890526]
[3.1185079 3.104913  3.1351602 3.1189532 3.1122744 3.118211  3.0962455
 3.1158364 3.1112356 3.1492894 3.1134322 3.152584  3.128244  3.1450446
 3.1212091 3.1395829 3.1120667 3.123465  3.1074064 3.1083267 3.1171129
 3.1282144 3.1032507 3.118864 ]
[3.198593  3.1853542 3.2137017 3.1999583 3.191855  3.2000475 3.1765978
 3.195417  3.1910238 3.2272966 3.194081  3.230621  3.2061918 3.2225473
 3.200552  3.219371  3.1918845 3.2046187 3.1870759 3.1901035 3.19699
 3.208329  3.1843748 3.1981478]
[2.9912565 2.9775724 3.0064838 2.9922063 2.9846668 2.9915829 2.969083
 2.9882882 2.9838357 3.0212958 2.9863586 3.024739  3.0001316 3.0166059
 2.9937499 3.0118566 2.984459  2.997104  2.9796503 2.9824405 2.989238
 3.00123   2.976385  2.9915533]
