[1.5462824 1.6433165 1.5314409 1.6523699 1.7412114 1.7161589 1.7041669
 1.7302583 1.6263674 1.6807172 1.7348889 1.6944011 1.567209  1.6229539
 1.6874553 1.6046097 1.700783  1.6240522 1.8232555 1.6239334 1.4581532
 1.6732668 1.7302287 1.4580048]
[3.155226  3.1855028 3.1345665 3.206548  3.155315  3.1947045 3.2141767
 3.1594112 3.1681678 3.172739  3.2091305 3.1964855 3.1785865 3.1648433
 3.2113864 3.1359913 3.1987414 3.1549587 3.2121284 3.179477  3.169474
 3.2181244 3.178735  3.117558 ]
[2.8271682 2.8715148 2.8276727 2.9066892 2.907639  2.9144068 2.892293
 2.8973687 2.8793511 2.8847535 2.9018805 2.8957658 2.8482432 2.889859
 2.909628  2.86635   2.904463  2.863233  2.9537964 2.8954096 2.8190053
 2.9046707 2.905027  2.7765288]
[0.82061934 0.9309515  0.84169436 0.9771681  1.1500129  1.0736976
 0.9725969  1.1170349  0.97455597 1.0202086  1.0405415  1.0091071
 0.8407445  0.993286   0.99883676 0.98040354 1.0255812  0.96805537
 1.2114272  0.9824517  0.69859207 0.966215   1.0957818  0.703846  ]
[0.5403514  0.646142   0.55905175 0.6960987  0.8656486  0.79075813
 0.68191016 0.8304148  0.6914978  0.73447895 0.75469315 0.7201123
 0.55872524 0.712929   0.7112074  0.69785    0.7465006  0.6830381
 0.921631   0.7039944  0.4213221  0.6776061  0.81251585 0.42488408]
[3.1829796 3.176123  3.165912  3.2203507 3.1209123 3.178557  3.1542168
 3.0927727 3.1575413 3.1274128 3.1319246 3.1409483 3.1862447 3.2332628
 3.1814659 3.1573334 3.20355   3.1367333 3.1273534 3.2434144 3.2461157
 3.1542761 3.1482503 3.1765978]
[24.024294 24.53428  24.452326 24.393435 25.36814  24.660494 24.1877
 25.030998 24.871807 24.628733 24.611694 24.60828  24.766047 24.948656
 24.26173  24.816181 24.784836 25.228123 24.974184 24.61582  23.81669
 24.501095 24.819    24.502073]
[61.910603 62.440834 62.452797 62.06451  62.78017  62.30978  62.024677
 62.446175 62.390133 62.116753 61.972404 62.17799  62.53947  62.64238
 62.17879  62.521156 62.331215 62.650604 62.408863 62.494946 62.003006
 62.210167 62.24329  62.51225 ]
[216.9362  217.05519 216.87964 216.63596 216.8051  216.70679 217.13008
 216.96605 216.74693 216.98291 217.11752 216.95744 216.91534 216.60213
 217.02452 216.65042 216.68651 216.87827 216.94511 216.63625 216.76186
 217.00185 216.64813 216.9208 ]
[231.8244  231.83623 231.87634 231.6712  231.60617 231.73004 231.84364
 231.74055 231.60359 231.55757 231.5391  231.79695 231.4569  231.76126
 231.91612 231.88    231.7525  231.34306 231.63252 231.43771 231.8008
 232.03397 231.64427 231.88422]
[473.98132 473.73917 473.53143 473.58414 473.88116 473.5594  473.20456
 473.45178 474.2639  473.5299  472.84967 474.09982 473.78354 474.19806
 473.7543  473.88513 474.28806 473.72202 473.3003  473.66095 474.03903
 473.7889  473.30328 473.75766]
[622.0973  622.19867 622.1026  622.1564  622.6058  622.3017  622.36487
 622.8343  622.2611  622.3474  622.3857  622.33276 622.1183  622.3327
 622.38025 622.2252  622.06213 622.4726  622.86084 622.3353  621.6286
 622.45    622.20416 621.9136 ]
[600.17535 600.49786 600.51794 600.7533  601.46185 601.2239  600.5356
 601.4826  600.8198  601.0162  601.0001  600.79565 600.55597 601.13586
 600.6694  600.9438  600.5816  601.3516  601.6013  601.05396 599.8551
 600.49475 601.25543 600.03314]
[653.5027  653.2236  653.42706 653.79114 653.3195  653.76794 653.2891
 653.65857 653.49036 653.71094 653.8834  653.39374 653.44525 653.43634
 653.4611  653.4592  653.35504 653.58386 653.68274 653.7117  653.70764
 653.53265 653.6962  653.17346]
[491.82715 491.7226  492.0502  491.99127 492.14304 492.11948 491.17426
 492.25385 492.3934  491.9583  491.34747 491.6991  491.98578 492.54834
 491.9074  492.38632 491.76706 492.39407 491.8024  492.44196 492.0079
 491.50137 491.94513 491.78015]
[448.44565 448.7562  448.5281  448.68167 449.19113 448.93613 448.62848
 449.0944  449.04102 448.80182 448.82333 448.89148 448.77457 448.78577
 448.63965 448.78955 448.89954 449.00134 449.07553 448.7555  448.117
 448.55157 449.12866 448.5112 ]
[306.7976  306.6533  307.5215  307.25165 307.7127  307.65875 306.24667
 307.55707 307.84396 307.12427 306.6411  306.70227 307.53433 308.48468
 306.87    307.6932  306.56238 308.39996 307.3431  308.71246 307.32144
 306.41263 307.47876 306.57675]
[79.88401  79.89194  80.029785 80.207924 79.98879  80.269165 79.57158
 79.9738   80.040665 79.84371  79.5333   79.80707  79.97284  80.68633
 80.13229  80.1091   79.770134 80.35263  80.083305 80.46519  80.02178
 79.79778  79.98818  79.67705 ]
[3.7806787 3.8960571 3.595753  3.817842  3.8472877 3.7618895 4.056227
 3.7638485 3.6720684 3.939246  4.0365176 3.8838573 3.8569348 3.6526852
 3.8038316 3.568682  4.040228  3.7596037 3.9255028 3.69157   3.69534
 3.8779206 3.8985505 3.769904 ]
[0.3208151  0.42351866 0.2800008  0.2673558  0.0631063  0.3139286
 0.3462832  0.06542158 0.09816206 0.20315123 0.2416799  0.18792379
 0.38279343 0.39698195 0.38849258 0.00742078 0.28127718 0.316422
 0.11466587 0.38154674 0.4447124  0.23601043 0.11561573 0.3047862 ]
[3.309667  3.5336263 3.1866307 3.3009107 3.1820595 3.297408  3.6735227
 3.2283947 3.1432042 3.2754426 3.4980955 3.4157546 3.3883572 3.1238213
 3.4415789 3.063327  3.4467735 3.1567695 3.3617017 3.0901606 3.2009974
 3.480553  3.342467  3.4116583]
[1.7285664 1.8749635 1.5625191 1.8089186 1.7807493 1.8355443 2.0503314
 1.8165175 1.6813703 1.8186547 2.0204701 1.8799503 1.7798291 1.5730863
 1.8599439 1.5581853 1.9220706 1.6762648 1.9779936 1.6380626 1.5558404
 1.871075  1.911919  1.6624324]
[3.8428056 3.8603187 3.7159102 3.7775028 3.5755982 3.725023  3.9273727
 3.631254  3.7083411 3.7561605 3.9009845 3.7897618 3.9253542 3.6094072
 3.8049595 3.5585008 3.8061767 3.7368665 3.6813295 3.70938   3.9208128
 3.8534024 3.7154057 3.8490686]
[1.9260185 2.0119214 1.8231962 1.9073181 1.8007557 1.8961573 2.1075604
 1.831359  1.8194264 1.9045576 2.0493815 1.9701573 1.9628255 1.7668576
 1.9764798 1.7369964 1.9908464 1.8188624 1.9255435 1.8042583 1.9331721
 2.012248  1.9051216 1.9283041]
[2.6936238 2.7312324 2.6075726 2.6615958 2.5001197 2.602289  2.8000379
 2.5250535 2.5793142 2.6191192 2.730787  2.6909227 2.715916  2.5175734
 2.7029147 2.5108352 2.6956127 2.553935  2.5976584 2.5571113 2.7462223
 2.7472613 2.592167  2.7164204]
[2.1651158 2.2220185 2.1113896 2.1748223 2.119671  2.1696873 2.2787726
 2.1142688 2.1131706 2.1645222 2.2410157 2.2151022 2.160337  2.0926
 2.2265303 2.079777  2.2260852 2.0895429 2.2045054 2.112666  2.1789186
 2.2370677 2.154816  2.1329098]
[3.8612092 3.8356519 3.8119648 3.7877731 3.5731049 3.6949244 3.8414698
 3.583761  3.7332451 3.712378  3.7619488 3.7815099 3.8650086 3.6987832
 3.8122616 3.687266  3.77495   3.6918967 3.612346  3.7278726 4.007695
 3.8638806 3.642949  3.8985207]
[2.8651032 2.890779  2.8350046 2.853705  2.7518027 2.812653  2.9132195
 2.7452428 2.8055885 2.8151762 2.8604727 2.8694665 2.8622537 2.7846916
 2.8900666 2.785315  2.8733552 2.7636464 2.8022938 2.7977521 2.9331963
 2.9174345 2.7842464 2.8680122]
[3.3454947 3.359238  3.3385785 3.3393207 3.2399416 3.289275  3.357368
 3.2191634 3.302573  3.2901654 3.3045616 3.3375692 3.3422296 3.297052
 3.3628297 3.2997828 3.3433278 3.2531803 3.2663891 3.3037603 3.4349597
 3.386962  3.2547832 3.355676 ]
[1.7766827 1.7883482 1.7572106 1.7661749 1.6692892 1.7186819 1.771785
 1.6318291 1.7153277 1.7057698 1.7266964 1.7450702 1.768787  1.7388071
 1.7750502 1.7149419 1.7884372 1.6751962 1.6799752 1.7481573 1.8603297
 1.7782559 1.6832997 1.7934537]
[7.2546124 7.4780073 7.396646  7.3124943 7.5093527 7.2762218 7.2630124
 7.3454723 7.441111  7.28952   7.401692  7.350103  7.7317386 7.4227076
 7.1888347 7.353398  7.541796  7.6429267 7.253039  7.337369  7.34942
 7.3561583 7.301779  7.7920547]
[111.003815 110.80819  110.86567  110.44911  109.83838  109.92521
 110.8223   109.795746 110.33675  110.40234  110.398575 110.484215
 110.994736 110.24111  110.52476  110.1016   110.48147  110.34657
 109.63658  110.22937  111.41475  110.84865  109.804184 111.399284]
[298.60486 298.75003 298.526   298.6972  299.07816 298.96024 299.06186
 299.39087 298.8481  298.9136  299.11758 299.0116  298.46472 298.68472
 298.8278  298.76447 298.7833  298.70294 299.2255  298.5122  297.95026
 298.87585 299.1835  298.43225]
[537.1005  536.8859  536.924   537.0272  537.12537 537.1616  537.4521
 537.2589  537.052   537.00433 537.013   537.262   536.4939  537.0108
 537.0596  537.1494  537.1625  536.58154 537.1451  536.86224 536.75244
 537.2104  537.3944  536.7676 ]
[717.18024 717.16394 717.10034 717.1751  717.35724 717.2747  717.49646
 717.39124 717.1192  717.19794 717.31415 717.3101  716.9005  717.10767
 717.1587  717.13055 717.33636 717.0039  717.3881  717.1205  716.9336
 717.3247  717.4645  717.12384]
[829.91156 829.97046 829.9174  829.95514 830.2432  830.322   829.93805
 830.4036  829.883   830.06177 830.0026  829.78516 829.7535  830.33014
 830.1298  829.9127  829.8808  830.21387 830.32135 830.29877 829.55664
 829.8072  830.12006 829.5209 ]
[832.50793 832.82074 832.62616 832.9301  833.3242  833.2241  832.8666
 833.4045  832.9669  833.087   833.2147  832.8691  832.77484 833.0707
 832.85767 832.8285  832.9805  833.19867 833.46985 833.098   832.27673
 832.6709  833.2299  832.42096]
[794.18677 794.2394  794.3695  794.33484 794.7822  794.49194 794.1011
 794.51746 794.4368  794.4008  794.29156 794.2224  794.4214  794.8027
 794.2331  794.5211  794.3539  794.7496  794.6083  794.7427  794.2659
 794.1085  794.44476 794.1548 ]
[600.06805 599.8498  600.33136 600.047   600.0041  600.04266 599.26025
 599.7812  600.54626 599.8329  599.3512  599.8733  600.3558  600.562
 599.85876 600.45825 600.01483 600.3134  599.53467 600.60114 600.8079
 599.7694  599.79626 600.2221 ]
[472.60922 472.87555 472.73825 472.60312 472.91214 472.83374 472.7196
 473.0809  473.00018 472.77933 472.503   472.90424 472.6286  472.87473
 472.8866  472.98416 472.69543 472.93042 472.89362 472.64517 472.41153
 472.65125 472.89255 472.7196 ]
[287.8433  287.76144 288.30743 288.2761  288.57782 288.74545 287.31964
 288.75128 288.5734  288.25098 287.82535 287.7058  288.26013 289.17807
 288.05795 288.54886 287.6573  289.16568 288.4033  289.29935 288.06796
 287.36465 288.4496  287.56033]
[56.30943  56.216404 56.604332 56.585957 56.485924 56.65399  55.850143
 56.390347 56.61686  56.21964  55.821915 56.172295 56.43478  57.240917
 56.442646 56.741734 56.189392 56.741585 56.355736 57.09559  56.647697
 56.166298 56.382805 56.17648 ]
[3.1048834 3.1617858 2.9518669 3.0996592 3.095177  3.0353358 3.3470678
 3.0786731 2.9815204 3.1846123 3.2861285 3.1861854 3.0623474 2.8555453
 3.1302922 2.9399047 3.2372997 2.917761  3.1867197 2.903424  2.9534698
 3.2202616 3.1605392 3.060062 ]
[4.2345037 4.4088626 4.184428  4.2462883 4.110488  4.2895365 4.3810196
 4.0894423 4.0663195 4.1971626 4.2635636 4.2044644 4.3336754 4.346053
 4.357867  3.9872437 4.311947  4.2694707 4.187367  4.289091  4.275318
 4.250503  4.1691713 4.2484255]
[1.0142126  1.2912154  0.8908793  1.1082487  1.1032026  1.1611737
 1.4591922  1.1185191  0.91711915 1.0995812  1.2998829  1.2100618
 1.0822463  0.97847414 1.2444052  0.8578123  1.2769972  0.96348417
 1.3021982  0.918633   0.8004348  1.2292668  1.2201837  1.040868  ]
[2.0869603 2.210175  1.9168167 2.1425865 2.0338275 2.1384902 2.354435
 2.0896318 2.004768  2.1218972 2.323505  2.1679358 2.1821542 1.9256623
 2.175149  1.8491986 2.2238293 2.0427623 2.2138853 2.0006418 1.9771625
 2.1872892 2.1846771 2.0581083]
[3.1527622 3.2299087 3.007968  3.1378317 3.0067806 3.129283  3.337124
 3.0519583 3.032694  3.1404734 3.3115668 3.172353  3.2222505 2.9707751
 3.1859777 2.894252  3.217887  3.0771296 3.1509218 3.0544221 3.152792
 3.2047968 3.1387517 3.1273832]
[1.9967533 2.0501828 1.8813751 1.9435018 1.7632066 1.8934858 2.1357298
 1.8064252 1.8492876 1.9145608 2.064223  1.9854441 2.0418715 1.7820851
 1.9999294 1.7479198 2.0014136 1.8507718 1.8807517 1.8358412 2.0485802
 2.0473037 1.8882616 2.02611  ]
[2.142438  2.1956005 2.0553775 2.1208584 1.9971689 2.0839028 2.272836
 2.0129604 2.0351038 2.0936985 2.208097  2.163157  2.149562  1.9856815
 2.173813  1.9767172 2.1743178 2.011387  2.101327  2.0197873 2.1683514
 2.2047133 2.0769868 2.1456141]
[2.92441   2.9366395 2.8562577 2.8746908 2.7137194 2.8138702 2.9738324
 2.7198637 2.8054402 2.8262777 2.905116  2.8913133 2.9255083 2.7711265
 2.9137242 2.7548008 2.8986452 2.777835  2.7809515 2.8045793 3.0107286
 2.9457521 2.7800016 2.9397266]
[2.5647397 2.602081  2.519384  2.5484438 2.4540217 2.519948  2.6413815
 2.4524486 2.493144  2.5226195 2.5875957 2.5807092 2.5591593 2.4678838
 2.5986676 2.46355   2.5851915 2.458504  2.521551  2.4851    2.6177242
 2.6234233 2.4947174 2.5575862]
[3.6699014 3.6612043 3.637636  3.6191432 3.4472187 3.5397706 3.6663098
 3.4469812 3.570374  3.5539591 3.5902617 3.6185496 3.6650927 3.540216
 3.6476984 3.5460634 3.6157298 3.5170927 3.4818885 3.559599  3.794155
 3.692876  3.49676   3.7016327]
[2.6352668 2.6687493 2.6281726 2.6439047 2.585607  2.6173086 2.6785746
 2.5638196 2.6090863 2.6139247 2.6365135 2.6594288 2.6249075 2.5984895
 2.6791682 2.6116095 2.667087  2.5564582 2.6219094 2.6019921 2.6926444
 2.6996198 2.5921075 2.6286771]
[-1.7139623 -1.7318019 -1.7942255 -1.8160722 -2.019431  -1.907793
 -1.7686683 -2.077818  -1.9168761 -1.9314802 -1.8449539 -1.8574802
 -1.7172571 -1.860864  -1.8280939 -1.9448673 -1.7562608 -1.9258997
 -2.0362616 -1.8368504 -1.586414  -1.8368504 -1.9624397 -1.6111994]
[25.324446 25.5384   25.53932  25.345905 25.705666 25.354128 25.215626
 25.483547 25.643599 25.387938 25.403254 25.424595 25.921225 25.601566
 25.185112 25.511923 25.631636 25.887505 25.289568 25.458435 25.456831
 25.483665 25.397852 25.907598]
[121.91272  121.260056 121.32626  121.46174  120.64351  120.75498
 121.354034 120.56055  121.00774  121.24544  121.09379  121.07669
 121.44883  120.61498  121.22883  120.82241  121.35025  120.75984
 120.54058  120.953224 122.16057  121.782776 120.657196 121.598564]
[297.9535  298.13705 297.9479  298.13187 298.44534 298.31    298.46655
 298.63235 298.18237 298.2836  298.53137 298.371   297.93335 298.12503
 298.1427  298.09625 298.1969  298.16928 298.5676  297.93484 297.38132
 298.23    298.55655 297.9035 ]
[519.0882  518.9974  519.06067 519.201   519.1389  519.2784  519.4555
 519.11584 519.08    519.0822  519.0932  519.3424  518.6035  519.17944
 519.1572  519.3037  519.261   518.67786 519.21045 518.9513  518.9689
 519.2662  519.52106 518.8388 ]
[692.8971  692.88196 692.87463 692.7856  692.9708  692.77545 693.11304
 692.9722  692.8025  692.7698  692.6717  692.9535  692.565   692.81464
 692.90424 692.8802  692.869   692.6469  692.91785 692.7798  692.6345
 692.91547 692.8193  692.9617 ]
[806.00323 806.17737 805.9733  806.1291  806.3299  806.4477  806.0523
 806.4105  806.01904 806.2143  806.1936  805.98615 805.992   806.46893
 806.25934 805.94366 806.1797  806.36414 806.4333  806.402   805.73694
 805.8874  806.254   805.7307 ]
[806.68195 806.99585 806.8528  807.0921  807.59973 807.37134 806.9788
 807.59283 807.1881  807.2719  807.295   807.00586 807.0251  807.20435
 807.03455 807.109   807.1228  807.4276  807.6672  807.3002  806.5018
 806.88257 807.3841  806.61273]
[757.84247 757.92755 757.9918  758.0313  758.57526 758.21027 757.83215
 758.2842  758.13794 758.1403  758.00476 757.9661  758.04047 758.468
 757.9414  758.2405  758.1236  758.40594 758.4166  758.3977  757.8528
 757.8265  758.2087  757.7675 ]
[558.64886 558.5487  558.4893  558.62537 558.261   558.703   558.5871
 558.5535  558.33154 558.3051  558.3868  558.3857  558.25885 558.4539
 558.786   558.44946 558.44806 558.03455 558.55    558.54974 558.5936
 558.7973  558.46576 558.2999 ]
[236.54509 236.60979 236.95094 236.8735  238.0369  237.66257 236.49397
 238.1553  237.62978 237.21103 236.93388 236.92857 236.71788 237.63719
 236.87498 237.66934 236.59264 237.75124 237.93799 237.7885  235.93991
 236.36719 237.80507 236.0295 ]
[141.67828 142.05037 142.58644 142.69423 144.32512 143.40936 141.98804
 144.06146 143.28035 143.06914 142.61261 142.58267 142.08095 143.83011
 142.47073 143.68709 142.44255 143.6159  144.01363 143.60048 141.09122
 141.98102 143.6334  141.35376]
[63.37282  63.25335  63.4901   63.40378  63.683277 63.523197 63.34216
 63.635933 63.524742 63.50117  63.209656 63.405235 63.093655 63.361485
 63.378788 63.685535 63.161003 63.396927 63.673157 63.449375 62.99564
 63.259968 63.665943 63.12574 ]
[10.452879 10.580398 10.39933  10.671792 10.84063  10.704235 10.607023
 10.673751 10.656059 10.778889 10.6457   10.627356 10.641248 10.791088
 10.557511 10.558788 10.739647 10.895306 10.903112 10.794472 10.411203
 10.541631 10.832852 10.318474]
[ 0.51215243  0.05844605  0.83572805  1.0887469   0.57065785  1.5147293
 -0.47222865  1.0206538   1.095485    0.53687847  0.3647461   0.01721621
  0.9163177   1.7268448   0.44952106  0.7781131   0.49416447  1.3640875
  0.5861821   2.3635774   1.6320963  -0.11947453  0.80390775  0.11522985]
[29.09797  29.022663 28.818682 28.885796 28.537613 28.919931 29.31436
 28.999453 28.850264 28.998917 29.278028 29.067247 29.018509 28.40576
 29.146473 28.644323 28.733818 28.670177 28.989033 28.613602 28.926432
 29.257011 28.976269 28.785288]
[-3.4471297 -3.1808722 -3.5670197 -3.3137634 -3.2419302 -3.2864254
 -2.9881396 -3.4069388 -3.4639304 -3.2539222 -3.1141446 -3.1034586
 -3.57824   -3.5826035 -3.1623795 -3.4342768 -3.080929  -3.687266
 -2.9771273 -3.6020756 -3.629384  -3.1805456 -3.1742232 -3.611396 ]
[ 0.57015324  0.39597273  0.56923306  0.25747132 -0.04128921  0.13292098
  0.2861452   0.01053751  0.46376896  0.24963498  0.25233614  0.34429443
  0.7000762   0.09682631  0.28519535  0.3105744   0.16589892  0.3093574
 -0.14028239  0.2198925   0.8960738   0.5579535   0.1302495   0.65344405]
[14.004137  14.045723  14.0605345 13.957563  13.879943  13.944473
 13.98324   13.8365755 14.006808  13.907607  13.910308  14.0419235
 14.022689  13.94952   13.998289  14.065403  14.039549  13.846282
 13.887601  13.89422   14.227117  14.177516  13.9484215 14.088021 ]
[3.1120667 3.1150944 3.149705  3.0574498 2.857267  2.943051  3.0521364
 2.815117  3.0468826 2.94688   2.9334633 3.0358999 3.1741638 3.0239673
 3.055847  3.0604181 3.0237    2.9722593 2.839546  3.0350094 3.326349
 3.1152725 2.9146147 3.2505088]
[ 0.04761171  0.14523947  0.06601524  0.158211    0.31983554  0.27715123
  0.18014681  0.28014922  0.14333975  0.20677257  0.23933494  0.21383715
  0.02490413  0.18148255  0.20579302  0.17231047  0.2221781   0.12368953
  0.39416206  0.16759086 -0.04681027  0.1880722   0.27943683 -0.08780265]
[5.760394  5.6675453 5.7160177 5.681229  5.4204926 5.572055  5.624386
 5.3929763 5.6237626 5.5551353 5.54531   5.6266418 5.7270007 5.6576905
 5.6635084 5.6018267 5.6293135 5.562467  5.42732   5.6711664 5.9641685
 5.698772  5.4931273 5.754487 ]
[1.5765592 1.6741573 1.5632908 1.6813703 1.8612202 1.8148255 1.7287148
 1.7930678 1.6619575 1.7361653 1.7748424 1.7757922 1.5000064 1.698349
 1.7540048 1.6927686 1.7793245 1.6072812 1.9562656 1.6635604 1.4566097
 1.7406771 1.8148849 1.3751593]
[8.306166  8.180517  8.294887  8.201147  7.9106092 8.080664  8.085146
 7.8852005 8.191322  8.045697  8.005268  8.122992  8.3055725 8.213614
 8.165319  8.162144  8.119964  8.107468  7.8660846 8.239349  8.582041
 8.21121   7.9830656 8.336829 ]
[-0.76172805 -0.6899246  -0.80551064 -0.7105247  -0.5804533  -0.57344806
 -0.69336784 -0.65486884 -0.7246835  -0.71459126 -0.5772178  -0.65519536
 -0.7581067  -0.6463498  -0.7271472  -0.744215   -0.56294024 -0.6999278
 -0.5480393  -0.6754986  -0.8397056  -0.74943924 -0.57469475 -0.825428  ]
[29.855513 30.047117 30.1161   29.846281 30.067331 30.047682 29.48011
 29.63666  30.105503 29.585308 29.477766 29.93539  30.364162 29.999535
 29.840256 30.176506 30.192535 29.985199 29.67409  30.000366 30.451372
 30.145279 29.787508 30.249199]
[161.49255 161.18217 160.92485 161.274   160.57329 160.62155 161.88881
 160.6656  160.60696 161.21904 161.62714 160.9513  161.17413 160.89003
 160.99106 160.11018 161.11816 161.06499 160.74858 160.97972 160.97536
 160.84845 160.79419 161.46361]
[357.15942 357.2955  356.8381  357.1997  357.69363 357.42245 357.47757
 358.1536  357.29532 357.6337  357.7253  357.40933 357.07883 357.1977
 357.4456  357.168   357.26993 357.4     357.9278  357.14505 356.335
 357.29913 357.60513 356.82593]
[534.0487  534.13617 534.09204 534.1444  534.96747 534.5323  534.4978
 535.0163  534.47516 534.41675 534.36115 534.479   533.86487 534.43726
 534.27893 534.54016 534.4393  534.27124 534.8469  534.2989  533.4496
 534.3352  534.7424  533.82153]
[669.30054 669.58514 669.599   669.4556  669.5839  669.385   669.0394
 669.3578  669.4611  669.2921  668.9643  669.32074 669.6044  669.90607
 669.46643 669.5403  669.4714  669.7644  669.3474  669.6698  669.43835
 669.2361  669.20386 669.81116]
[813.5766  813.5913  813.5355  813.8178  814.8139  814.3337  813.85626
 814.9672  813.95074 814.3012  814.2364  813.9589  813.3611  814.00964
 813.99304 814.17084 813.83795 814.1832  814.95404 813.9152  812.77716
 814.0191  814.43134 812.84973]
[774.1559  774.21497 774.26013 774.3562  774.5694  774.5229  774.2275
 774.49036 774.40204 774.40094 774.4657  774.35693 774.30945 774.4847
 774.21466 774.4026  774.3682  774.54614 774.59125 774.4753  774.1984
 774.2599  774.55237 774.1109 ]
[763.00366 762.5576  763.1849  763.0016  762.30914 762.85077 762.0529
 762.4367  763.2596  762.6595  762.3276  762.59955 763.2507  763.3017
 762.6461  763.0405  762.4927  763.2134  762.1417  763.4697  763.94073
 762.5147  762.5189  763.06506]
[573.10516 573.0535  573.487   573.22    573.5375  573.28827 572.4092
 573.12085 573.68317 573.0325  572.4911  572.976   573.49866 574.03687
 573.101   573.7202  573.25476 573.6147  572.9394  573.9325  573.68445
 572.83344 573.0248  573.2466 ]
[475.20023 475.4517  475.36523 475.20883 475.5119  475.45688 475.22092
 475.6691  475.6053  475.33945 475.01666 475.4331  475.23376 475.59363
 475.4767  475.6095  475.26553 475.58047 475.44516 475.34128 475.05527
 475.17548 475.4544  475.30893]
[265.9542  266.25787 266.30124 266.11765 266.41797 266.35138 266.40134
 266.32153 266.20618 266.26114 266.2653  266.25064 266.26236 266.56253
 266.24146 266.26797 266.01035 266.64572 266.46518 266.43237 265.99835
 266.07706 266.4106  266.05106]
[54.422535 54.345863 54.702118 54.70295  54.62518  54.767452 53.997234
 54.51862  54.725567 54.351856 53.964554 54.30959  54.54005  55.327362
 54.561687 54.852463 54.339184 54.83771  54.49585  55.174023 54.723194
 54.299202 54.52114  54.295845]
[2.700451  2.7430463 2.5417056 2.669907  2.6402833 2.6013687 2.9158614
 2.6295676 2.5512636 2.7603514 2.8565247 2.748686  2.6588056 2.4271586
 2.7073078 2.4943314 2.7960603 2.512171  2.731173  2.491571  2.5740306
 2.7878084 2.7046957 2.650435 ]
[5.0731707 5.2601743 5.0232434 5.075664  4.938795  5.114816  5.235062
 4.916236  4.899317  5.02829   5.1027646 5.05076   5.17813   5.1707687
 5.1978693 4.8229713 5.154057  5.0941863 5.0167727 5.1018147 5.1134505
 5.1049614 5.004454  5.1061487]
[0.6380979  0.90865946 0.51437867 0.73691297 0.73623025 0.79141116
 1.0796639  0.75398076 0.5499687  0.7290766  0.92905176 0.8378949
 0.7025993  0.5990349  0.8674296  0.48959327 0.90144646 0.5888239
 0.9359976  0.5452491  0.41930366 0.85333014 0.85383475 0.6570357 ]
[2.3552363 2.4650936 2.1866362 2.3975644 2.2717972 2.3839993 2.6003
 2.3301837 2.2662463 2.374649  2.5735557 2.4171257 2.4559808 2.1809964
 2.4248433 2.1054232 2.4702585 2.3067636 2.444256  2.2626843 2.2678194
 2.443217  2.4253182 2.3334193]
[2.9735355 3.0563219 2.830463  2.9624045 2.842633  2.9599705 3.166832
 2.8855548 2.855842  2.9684598 3.139286  3.0027142 3.036256  2.7984943
 3.0156262 2.7241085 3.0481887 2.897161  2.9890301 2.8766203 2.9654024
 3.0328128 2.9707453 2.9441197]
[2.0986257 2.1438627 1.9830397 2.0393486 1.8439447 1.9803683 2.2255805
 1.8895082 1.9457281 2.0036993 2.1519961 2.0761852 2.1451392 1.8743402
 2.0917392 1.8419262 2.0895429 1.9451047 1.9584918 1.9301444 2.1605449
 2.1430316 1.9722648 2.13383  ]
[2.0609283 2.1190774 1.9758267 2.0470366 1.9376543 2.017591  2.198658
 1.9513679 1.9622319 2.0248337 2.1381044 2.0920658 2.0659447 1.91557
 2.1017127 1.9066948 2.1038203 1.9388119 2.0436823 1.9478949 2.0776696
 2.1289916 2.012337  2.056446 ]
[3.1151538 3.1189234 3.0475652 3.0571232 2.880301  2.9876351 3.1509218
 2.8883154 2.9891787 3.002447  3.0785248 3.0692933 3.1173205 2.952698
 3.0933366 2.9369066 3.07428   2.9597924 2.9430213 2.9871898 3.2146516
 3.1300547 2.9501157 3.1368818]
[2.4354994 2.4789853 2.3910341 2.4269507 2.3466282 2.4059649 2.521729
 2.3438082 2.3721852 2.4062023 2.4718316 2.4630158 2.4284942 2.3480234
 2.479104  2.3445802 2.4680915 2.3373077 2.4172146 2.36331   2.47762
 2.5016928 2.383821  2.4215188]
[3.9051995 3.8853712 3.8723996 3.8451803 3.6528337 3.7549436 3.8850446
 3.6548522 3.7967076 3.771299  3.8045144 3.8381157 3.9010735 3.764175
 3.8693125 3.7700522 3.8331585 3.7406065 3.682873  3.7857547 4.0455112
 3.919477  3.7073913 3.943639 ]
[2.4013343 2.445473  2.3966146 2.4222608 2.3896985 2.410061  2.4601958
 2.365566  2.3901138 2.4022841 2.4262977 2.4454136 2.3892236 2.381209
 2.46168   2.395813  2.4533687 2.338109  2.4306612 2.3814762 2.440605
 2.4780354 2.3895798 2.3827822]
[-1.1283739 -1.1584132 -1.2076871 -1.2378749 -1.4616559 -1.3391833
 -1.198337  -1.5160947 -1.3385006 -1.360763  -1.2844477 -1.2853678
 -1.1385255 -1.2840915 -1.2497481 -1.3642656 -1.1906787 -1.3571119
 -1.4793767 -1.2589202 -0.9847076 -1.2539334 -1.3981637 -1.0295885]
[22.779177 23.008894 22.99527  22.822454 23.19569  22.833141 22.69936
 22.975443 23.108095 22.873837 22.895267 22.900759 23.374115 23.074139
 22.664066 22.982685 23.108927 23.35877  22.794909 22.928692 22.89046
 22.948816 22.885235 23.35604 ]
[129.15688 128.57607 128.60915 128.7436  127.98624 128.09178 128.63387
 127.86547 128.29811 128.55914 128.37785 128.38406 128.72409 127.90979
 128.57007 128.14603 128.65443 128.05669 127.90706 128.27985 129.45552
 129.0385  127.95056 128.8345 ]
[300.4792  300.67755 300.48605 300.68945 301.0263  300.88507 300.99927
 301.19226 300.7548  300.81805 301.04727 300.92432 300.4594  300.70624
 300.68826 300.6932  300.77432 300.70334 301.1325  300.50418 299.91537
 300.7616  301.1485  300.4323 ]
[534.9838  534.8018  534.8424  534.9859  534.8484  535.014   535.28705
 534.9387  534.8696  534.86145 534.8917  535.12634 534.41425 534.8795
 534.9723  535.03424 535.03796 534.4055  534.92993 534.6953  534.80664
 535.11206 535.23224 534.7084 ]
[714.2403  714.1631  714.13153 714.1351  714.24304 714.131   714.44824
 714.3113  714.0887  714.1128  714.1034  714.24884 713.8678  714.05566
 714.1871  714.1058  714.2099  713.9278  714.2373  714.07526 713.94794
 714.24695 714.21136 714.21936]
[831.2762  831.3704  831.2822  831.30145 831.59546 831.68994 831.3181
 831.7429  831.2351  831.4101  831.36145 831.1713  831.1356  831.7461
 831.5127  831.2416  831.26794 831.58997 831.66785 831.6746  830.9139
 831.12683 831.46545 830.91785]
[831.4297  831.67633 831.64435 831.7435  832.31744 832.06824 831.7084
 832.3177  831.87354 831.91754 831.967   831.6687  831.70886 831.98254
 831.72546 831.8371  831.71045 832.1617  832.3496  832.0593  831.19403
 831.5927  832.0674  831.31805]
[802.8747  802.92975 803.06604 803.00903 803.54596 803.15247 802.81396
 803.2324  803.1386  803.1076  802.9696  802.9171  803.1318  803.52637
 802.90924 803.23254 803.0704  803.46344 803.2996  803.4388  802.93317
 802.78253 803.13873 802.8759 ]
[625.02747 624.772   625.31934 624.92487 624.75195 624.913   624.2153
 624.6633  625.46545 624.7007  624.23193 624.73193 625.33826 625.49005
 624.7468  625.2952  624.75494 625.321   624.3006  625.5491  625.78204
 624.6236  624.66437 625.2257 ]
[477.29602 477.68222 477.33057 477.25995 477.64694 477.47418 477.69113
 477.82782 477.59637 477.543   477.3976  477.75122 477.23758 477.30188
 477.6419  477.59332 477.518   477.44855 477.72086 477.0266  476.87308
 477.51166 477.66162 477.44727]
[278.9505  279.26035 279.2534  279.16342 279.47305 279.44424 279.32864
 279.44165 279.219   279.31946 279.2975  279.22235 279.23874 279.60013
 279.275   279.26822 279.06784 279.68784 279.5181  279.4698  278.93216
 279.0204  279.45917 278.9978 ]
[57.847816 57.744934 58.156193 58.142303 58.028793 58.213394 57.36437
 57.944702 58.166702 57.76619  57.392063 57.70225  57.992374 58.80851
 57.974415 58.293655 57.740246 58.299473 57.889046 58.668762 58.224316
 57.69854  57.92971  57.725464]
[2.8727021 2.924321  2.7168658 2.8595228 2.8502023 2.7910142 3.1141446
 2.8397539 2.7431352 2.948394  3.0532942 2.9490173 2.8279102 2.6030014
 2.8925898 2.7003322 2.9933045 2.6754282 2.9451883 2.6582713 2.7196856
 2.987071  2.9187703 2.8279696]
[4.4822392 4.657785  4.432461  4.4925094 4.3551955 4.5353127 4.6300316
 4.335011  4.314114  4.4435024 4.5113583 4.452675  4.5828943 4.5908794
 4.605038  4.2342663 4.559059  4.51492   4.43252   4.5339766 4.5243893
 4.4991584 4.4164615 4.4988317]
[1.1273943  1.4035066  1.0047437  1.2211336  1.2163249  1.2741476
 1.5713646  1.2325616  1.0318444  1.2128223  1.4128568  1.3232435
 1.195992   1.090617   1.3569635  0.97227037 1.3889025  1.0769033
 1.4149346  1.0314882  0.9138837  1.342864   1.3339591  1.1542279 ]
[2.169598  2.2921004 2.0001075 2.2247791 2.115664  2.2204156 2.435648
 2.171854  2.0880585 2.204268  2.4051633 2.2495644 2.2660089 2.0084188
 2.2567773 1.9320738 2.3050718 2.1262014 2.2948904 2.0836062 2.0609875
 2.2695413 2.2667508 2.1411915]
[3.1990085 3.2757394 3.0546596 3.1834545 3.0524333 3.1747277 3.3825393
 3.0976408 3.079148  3.186304  3.356982  3.2182136 3.2685857 3.0166948
 3.2316897 2.940884  3.2632427 3.1230197 3.1960402 3.1002824 3.1997507
 3.2511024 3.1844342 3.1739264]
[2.0288706 2.0818548 1.9136406 1.9749066 1.7936318 1.9243265 2.1670752
 1.8371176 1.8811079 1.9457874 2.0953608 2.0166707 2.0744042 1.8133711
 2.0312452 1.779562  2.0324028 1.8822359 1.9110879 1.8671272 2.0814393
 2.0790646 1.9193101 2.0589395]
[2.1617913 2.2145681 2.0751762 2.1395884 2.0156615 2.102158  2.2911208
 2.031067  2.0541308 2.1122503 2.2259367 2.181857  2.1685    2.0049162
 2.1926322 1.9965159 2.1927805 2.02985   2.1191368 2.038844  2.1885953
 2.223562  2.0950341 2.165472 ]
[2.9383314 2.949611  2.8701494 2.8869202 2.7241085 2.8252387 2.9860024
 2.7301638 2.817729  2.8377948 2.9163363 2.9033053 2.9390438 2.7835636
 2.9259536 2.7671785 2.9106965 2.790005  2.7906876 2.8170462 3.026134
 2.958219  2.7908955 2.954657 ]
[2.5772364 2.6140137 2.5317914 2.5596936 2.4639359 2.5303667 2.652691
 2.4620066 2.5043347 2.5331273 2.5979254 2.5916326 2.571478  2.4792523
 2.609769  2.4746811 2.5961149 2.4693382 2.5307822 2.496528  2.631586
 2.6347919 2.5047503 2.5709436]
[3.717513  3.707302  3.6854553 3.664707  3.4900515 3.5835829 3.7111907
 3.4893093 3.6161156 3.598187  3.6337771 3.663401  3.7125263 3.5860467
 3.6929355 3.5919833 3.6603434 3.5623596 3.523623  3.6055484 3.8444085
 3.7385585 3.539741  3.7507582]
[2.6366322 2.6696398 2.6290927 2.6441422 2.584301  2.6168633 2.679287
 2.5626917 2.609116  2.6137168 2.6366026 2.659607  2.6260948 2.5982816
 2.6796134 2.6112533 2.6673543 2.5562801 2.6205144 2.6019623 2.6947815
 2.7001839 2.5915437 2.6306067]
[-1.9275026 -1.9450157 -2.0105262 -2.034926  -2.2422328 -2.128576
 -1.9828023 -2.3017178 -2.1376886 -2.1533318 -2.060008  -2.0758886
 -1.9266418 -2.0805783 -2.0486097 -2.1682029 -1.97084   -2.1425865
 -2.2620015 -2.0562382 -1.7985295 -2.0572476 -2.183846  -1.8140538]
[26.622784 26.822344 26.831398 26.632965 26.980585 26.639853 26.493366
 26.758703 26.935377 26.664518 26.681675 26.710468 27.216446 26.883432
 26.465998 26.798033 26.917538 27.172218 26.55855  26.743654 26.764847
 26.774761 26.67752  27.204899]
[125.38064  124.726944 124.79446  124.93759  124.13064  124.24066
 124.812195 124.04521  124.48811  124.71652  124.56588  124.55333
 124.91831  124.09162  124.69526  124.30621  124.833145 124.23705
 124.02689  124.423965 125.623375 125.2644   124.14621  125.06177 ]
[301.26724 301.45114 301.2662  301.46637 301.78488 301.64557 301.78134
 301.96313 301.51416 301.60217 301.84247 301.6962  301.2454  301.4654
 301.4608  301.43478 301.5296  301.4953  301.9012  301.2688  300.6875
 301.5431  301.8964  301.2179 ]
[460.1336  460.258   460.3968  460.3259  460.45853 460.50488 460.5551
 460.13007 460.27954 460.23407 460.07733 460.54977 459.7893  460.6335
 460.3576  460.67386 460.48892 459.96643 460.40762 460.23013 460.22745
 460.3872  460.73462 460.02527]
[637.94147 638.1752  638.12854 637.9282  638.263   637.99054 638.15485
 638.0416  637.9958  637.9359  637.66284 638.14764 637.7494  638.3338
 638.228   638.22626 638.1259  637.93    638.1653  638.0747  637.86957
 638.0936  637.9069  638.07227]
[653.0571  653.55615 653.1059  653.6353  653.86804 653.85254 653.1796
 653.7208  653.55    653.80554 653.7374  653.39453 653.64923 653.7479
 653.4558  653.29553 653.91797 653.9676  653.91187 653.7732  653.1027
 653.09045 653.80914 653.1052 ]
[639.7908  640.0401  639.64606 640.7038  640.62476 640.5817  639.8714
 640.6029  640.4851  640.7457  640.62537 640.1808  640.36224 640.1742
 640.1175  640.201   640.75214 640.5249  640.83124 640.4634  639.98505
 640.0233  640.757   639.65393]
[682.6323  683.29517 683.19885 683.49005 685.8182  684.0737  683.46436
 685.191   683.9044  684.2823  683.8646  683.5849  683.2545  684.4187
 683.4259  684.25854 683.82367 684.6713  685.39825 684.1767  681.5982
 683.2487  684.5448  682.46014]
[492.45636 492.52737 492.7832  492.7683  493.0295  492.8871  492.0239
 492.73868 493.0907  492.6162  492.09534 492.53955 492.75778 493.43692
 492.6145  493.10577 492.73322 493.08182 492.67914 493.3528  492.82428
 492.24326 492.7173  492.51065]
[452.5719  452.30737 453.01965 453.09177 453.34177 453.4523  451.7389
 453.6099  453.5493  452.9415  452.31592 452.42087 453.01144 453.9341
 452.67758 453.4244  452.43152 453.83908 453.00235 454.1175  452.91257
 452.1513  453.13467 452.32852]
[276.09055 275.7287  276.56302 276.4213  276.87338 276.84933 275.29663
 277.0125  276.969   276.3522  275.69205 275.79413 276.4143  277.42923
 276.11035 276.894   275.74094 277.2881  276.50482 277.73648 276.35434
 275.57867 276.56116 275.66174]
[72.253716 72.18013  72.453156 72.51709  72.57661  72.55722  71.99363
 72.55921  72.601036 72.29477  71.94041  72.31531  72.18324  72.72692
 72.430984 72.78317  72.13083  72.48088  72.58317  72.59626  72.13091
 72.293076 72.52588  72.055046]
[7.4942737 7.6245527 7.336389  7.561061  7.5551243 7.507661  7.716244
 7.4456825 7.39068   7.643164  7.690093  7.5673537 7.6013703 7.4711804
 7.534791  7.280407  7.7381206 7.5639696 7.630074  7.483944  7.450432
 7.5546494 7.578663  7.48807  ]
[-0.5825014  -0.42693222 -0.6516334  -0.59775853 -0.70515203 -0.5236101
 -0.4450686  -0.7319262  -0.78508866 -0.6242062  -0.56291056 -0.6189226
 -0.55059206 -0.49716246 -0.45812917 -0.8511336  -0.5113807  -0.5881709
 -0.6237016  -0.54498196 -0.56219816 -0.59229684 -0.66433775 -0.6272042 ]
[2.5032363 2.6962953 2.3768456 2.4857233 2.319409  2.4590976 2.823814
 2.3722448 2.318637  2.4357073 2.6470807 2.571003  2.5802047 2.3088713
 2.6104517 2.2295284 2.5999737 2.3381686 2.4916897 2.2828393 2.423923
 2.6483274 2.4826066 2.6043963]
[1.7221252 1.8695612 1.5534657 1.7977281 1.7758219 1.8319527 2.0459085
 1.8014385 1.6610076 1.8154786 2.0139103 1.8717577 1.7572403 1.5746891
 1.8568568 1.5455403 1.9222487 1.6627886 1.9753221 1.637558  1.5580963
 1.8585784 1.9003723 1.6418917]
[3.3969355 3.3912067 3.272207  3.3021574 3.0576873 3.2273262 3.4440722
 3.1170535 3.2354891 3.2645192 3.405306  3.3078268 3.4754176 3.1322215
 3.3275363 3.0851738 3.3156335 3.257781  3.150625  3.2325802 3.512195
 3.3877337 3.2032828 3.423116 ]
[1.4272234 1.520369  1.3286458 1.4182295 1.3369571 1.4189122 1.6213807
 1.3599318 1.3275476 1.4208119 1.5627269 1.4911015 1.4432226 1.281331
 1.4947228 1.2621853 1.5110782 1.3154962 1.4655443 1.309144  1.4165969
 1.5266322 1.4294497 1.4157954]
[3.2816463 3.283279  3.2061622 3.2189853 3.0041091 3.1262553 3.325429
 3.0264606 3.1436791 3.1493487 3.24009   3.2294931 3.2980907 3.0796528
 3.248609  3.081315  3.2248921 3.1040225 3.0773077 3.120467  3.3890398
 3.3060756 3.0982046 3.3283973]
[1.9586699 2.0230527 1.904706  1.9752924 1.9385744 1.9826242 2.0844374
 1.9315395 1.9138781 1.9726803 2.0511625 2.022934  1.9484292 1.8965135
 2.032284  1.8838685 2.0352225 1.8890333 2.0280097 1.9130766 1.9595901
 2.0406547 1.9705135 1.9146202]
[3.7824895 3.7637892 3.735056  3.7156432 3.5127888 3.6284044 3.771952
 3.5223467 3.6622431 3.6449082 3.6949837 3.7126155 3.7876246 3.6281075
 3.741705  3.618045  3.7070053 3.6215773 3.553989  3.655594  3.9210205
 3.7916913 3.5799913 3.817575 ]
[1.9193101 1.9826835 1.8993927 1.9527926 1.9441252 1.9617273 2.0238242
 1.9279182 1.9125423 1.949765  1.9971392 1.9960409 1.9050622 1.8968697
 2.0046492 1.9087726 2.0004637 1.8680474 2.0109715 1.8975524 1.9218332
 2.0188375 1.9508929 1.878941 ]
[1.8225135 1.8862134 1.819189  1.867335  1.8864509 1.8861837 1.912008
 1.8576286 1.8386908 1.8669491 1.8959495 1.9062495 1.8035163 1.8344461
 1.9143233 1.8505046 1.9157481 1.7878436 1.9385744 1.827619  1.8229587
 1.9241781 1.8751713 1.7750798]
[-1.4978396 -1.4770911 -1.5539703 -1.5399896 -1.6487485 -1.5865327
 -1.5031825 -1.7112612 -1.6215588 -1.6169579 -1.5408207 -1.5677136
 -1.4903    -1.559907  -1.5476478 -1.6393983 -1.4682158 -1.6198372
 -1.6533197 -1.5447092 -1.423424  -1.5717802 -1.6239038 -1.4318243]
[19.825827 20.08407  20.05412  19.836927 20.071306 19.81879  19.766222
 19.853134 20.028147 19.792433 19.82348  19.875605 20.388975 20.036041
 19.753725 19.971718 20.079706 20.224144 19.723003 19.950941 20.026958
 19.949486 19.8076   20.450626]
[117.66122  117.19054  117.2145   117.02853  116.065056 116.242455
 117.594864 116.23038  116.59334  116.96414  117.09923  116.89241
 117.30189  116.54702  117.02826  116.21573  116.82524  116.65022
 116.05244  116.60573  117.70428  117.313065 116.199135 117.75383 ]
[296.20627 296.30447 296.07498 296.21042 296.49802 296.42767 296.60617
 296.83914 296.32504 296.47256 296.67297 296.52853 296.03387 296.14062
 296.39188 296.2202  296.27646 296.2073  296.6803  296.00223 295.61966
 296.44873 296.6053  295.99503]
[513.06384 512.90735 512.8818  513.04193 512.99304 513.1373  513.3689
 513.10095 512.98486 512.963   513.0268  513.23615 512.51526 512.9344
 513.0756  513.11084 513.1911  512.4866  513.07227 512.7375  512.8281
 513.2569  513.3575  512.7426 ]
[697.79407 697.7697  697.7528  697.7898  697.9559  697.9389  698.08594
 697.9583  697.78625 697.8026  697.98145 697.9668  697.6055  697.77094
 697.7521  697.7779  698.0117  697.67725 697.9859  697.7573  697.7143
 698.04315 698.1245  697.74945]
[766.5525  766.5149  766.53424 766.6078  767.0206  766.92755 766.58417
 767.10974 766.7441  766.7496  766.63025 766.5859  766.4694  766.78357
 766.59406 766.7198  766.69086 766.85394 766.88934 766.8334  766.25946
 766.56415 766.90845 766.31256]
[815.3404  815.63495 815.4826  815.73804 816.2072  816.01385 815.6274
 816.2175  815.804   815.9101  815.94403 815.63666 815.6491  815.8615
 815.67163 815.7093  815.7663  816.0617  816.2871  815.94366 815.1386
 815.5123  816.02106 815.24713]
[763.3251  763.3985  763.4518  763.50653 763.9445  763.6388  763.2767
 763.66547 763.5717  763.5862  763.4639  763.43854 763.5146  763.8845
 763.40454 763.66833 763.6059  763.8066  763.7886  763.7954  763.3865
 763.30096 763.62146 763.2927 ]
[597.96204 597.651   598.31195 597.91345 597.7131  597.9297  597.00525
 597.6598  598.472   597.63446 597.06006 597.5842  598.29236 598.63416
 597.6853  598.3176  597.6102  598.3996  597.2387  598.7072  598.8015
 597.4595  597.6055  598.1074 ]
[448.97253 449.0421  449.27267 449.0947  449.36255 449.37372 448.63245
 449.55075 449.58786 449.12387 448.61407 449.03427 449.13174 449.75433
 449.18286 449.5677  448.8727  449.6711  449.1863  449.6117  449.06134
 448.75134 449.2407  448.9803 ]
[251.71472 251.7857  252.1232  251.94272 252.14024 252.22655 251.63972
 252.13261 252.11127 251.94582 251.70755 251.72382 252.0599  252.65346
 251.90927 252.13745 251.56462 252.62158 252.05347 252.63248 251.96686
 251.5233  252.0675  251.65459]
[47.983643 47.929173 48.207275 48.22927  48.173584 48.27712  47.646175
 48.059097 48.232716 47.91362  47.53335  47.903618 48.040485 48.75015
 48.133217 48.36317  47.911247 48.29668  48.07952  48.59458  48.171715
 47.89857  48.08118  47.84155 ]
[3.3560321 3.4248674 3.2139094 3.3580804 3.3180377 3.2998421 3.5630126
 3.2862175 3.2122176 3.4164374 3.4879737 3.4009428 3.3355212 3.1801894
 3.391355  3.1600347 3.4750912 3.220232  3.402516  3.2114754 3.247392
 3.4350486 3.370102  3.3133183]
[4.0874243 4.2773366 4.033757  4.101078  3.9792886 4.146553  4.2610407
 3.954325  3.919685  4.0564647 4.131652  4.077094  4.1842504 4.192591
 4.2217994 3.8472877 4.1835976 4.1136045 4.0626388 4.124439  4.1105175
 4.123578  4.039664  4.1089444]
[0.56855035 0.8317505  0.4406458  0.65840113 0.6408881  0.7045287
 1.0003506  0.6613101  0.46952748 0.64658725 0.8498275  0.75519776
 0.6358123  0.5161003  0.78648376 0.40312636 0.8187196  0.51212275
 0.84029925 0.46744967 0.36231208 0.7748183  0.7621139  0.59259367]
[2.1937304 2.30899   2.0234978 2.2408376 2.1266465 2.2339807 2.4499848
 2.1820946 2.1065807 2.2224636 2.4229732 2.265623  2.2877073 2.0242696
 2.2720048 1.949201  2.3202991 2.146089  2.3035579 2.104236  2.096162
 2.2859263 2.2769322 2.1646113]
[2.961781  3.0373247 2.8194506 2.9437041 2.8100114 2.933137  3.143056
 2.8551593 2.8393085 2.9447727 3.1145303 2.9795613 3.028479  2.7783692
 2.9934826 2.7042208 3.0224237 2.881221  2.9524012 2.8591666 2.9656696
 3.0141125 2.9405873 2.9398155]
[1.9350125 1.9883233 1.8198123 1.8845512 1.7052652 1.8341492 2.0747604
 1.7483947 1.7893574 1.8545415 2.0038772 1.925692  1.978706  1.7220361
 1.9397914 1.6890879 1.9412756 1.7896246 1.8237008 1.7751392 1.984049
 1.9866314 1.8291031 1.9632411]
[2.2144494 2.2651482 2.1290212 2.1933742 2.0676663 2.1545784 2.340365
 2.0835764 2.1088665 2.1647596 2.2767243 2.2331793 2.2225232 2.059444
 2.2444887 2.0501533 2.243331  2.0853276 2.1701324 2.0940843 2.2435389
 2.2754183 2.1460297 2.2178035]
[2.8830614 2.8971312 2.8170166 2.8367856 2.6809492 2.778755  2.9343538
 2.6871529 2.7688408 2.7901533 2.867834  2.8540907 2.8845754 2.7355068
 2.8762047 2.7191513 2.8609476 2.7416215 2.7484782 2.767891  2.9667678
 2.9073422 2.7451537 2.8962407]
[2.5987864 2.6347623 2.553668  2.5828464 2.4854264 2.5522134 2.6731722
 2.4848626 2.5277843 2.5554192 2.6197128 2.612975  2.5950165 2.501782
 2.6312299 2.4970326 2.6172194 2.4932628 2.5523026 2.5193245 2.6537
 2.656906  2.5268939 2.5930872]
[3.7262993 3.7149308 3.6945384 3.6756005 3.5001733 3.593972  3.7187302
 3.5008562 3.6273656 3.6083386 3.6432164 3.6725135 3.722411  3.5966733
 3.7020779 3.6023724 3.6690407 3.5735204 3.5337746 3.6165905 3.8534915
 3.7482352 3.5501301 3.7584462]
[2.5715668 2.6089082 2.5663426 2.5864677 2.5378172 2.5648289 2.6198614
 2.5152876 2.5530744 2.559753  2.5817778 2.603387  2.5621276 2.543546
 2.6219392 2.5565176 2.6110454 2.5014553 2.575396  2.5460098 2.6224437
 2.640402  2.5413494 2.5607622]
[-0.78597915 -0.8053919  -0.8550221  -0.8744348  -1.0686218  -0.9629499
 -0.8411007  -1.1228231  -0.9669868  -0.9832531  -0.91676295 -0.9176831
 -0.7962495  -0.91450703 -0.8827164  -0.9877056  -0.828426   -0.987201
 -1.0806731  -0.89215565 -0.65751064 -0.8893951  -1.0164685  -0.7053598 ]
[19.815496 20.066645 20.034616 19.866938 20.229992 19.871063 19.766134
 20.009    20.129425 19.914104 19.944855 19.942541 20.409426 20.104877
 19.72526  20.016392 20.150055 20.382444 19.84797  19.968424 19.924433
 19.983385 19.918615 20.40441 ]
[121.07013  120.479454 120.52417  120.62417  119.83137  119.93882
 120.5761   119.74378  120.17992  120.44641  120.28487  120.27322
 120.63165  119.80749  120.46209  120.00633  120.50977  119.9486
 119.749176 120.15861  121.34383  120.92542  119.814476 120.78013 ]
[295.8966  296.0843  295.88055 296.06848 296.41495 296.27405 296.41714
 296.62448 296.14563 296.23608 296.4836  296.3251  295.86258 296.06897
 296.10004 296.06293 296.14688 296.1046  296.5419  295.88168 295.29926
 296.17914 296.53113 295.8251 ]
[532.28    532.10065 532.132   532.30664 532.18427 532.35645 532.60144
 532.2782  532.1872  532.18805 532.2326  532.44543 531.7084  532.18677
 532.27856 532.34607 532.3639  531.71875 532.27936 532.00635 532.0791
 532.4223  532.59    531.97394]
[711.0451  710.97107 710.947   710.9349  711.071   710.9285  711.29785
 711.13434 710.90356 710.92456 710.91815 711.0795  710.6665  710.85394
 710.9843  710.93726 711.0179  710.72675 711.0533  710.87103 710.73956
 711.06323 711.04486 711.04974]
[825.23035 825.3342  825.2282  825.2638  825.53674 825.64685 825.2851
 825.6925  825.20264 825.37396 825.33374 825.15045 825.099   825.67737
 825.468   825.1907  825.24725 825.5364  825.61804 825.6092  824.8815
 825.088   825.4286  824.891  ]
[670.03973 670.3691  670.22363 670.75037 671.2009  671.0616  670.0632
 671.2317  670.8188  670.8652  670.7099  670.43695 670.4533  671.1275
 670.445   670.7797  670.909   671.18097 671.15125 671.04333 670.1616
 670.1232  670.9913  670.095  ]
[774.11115 774.8271  774.99255 774.90045 777.5442  775.6247  774.97394
 776.583   775.5502  775.6933  775.34125 775.0622  775.0908  776.32007
 774.7596  775.8953  775.3191  776.5855  776.845   776.0655  773.38
 774.6693  776.14813 774.1598 ]
[595.2077  595.0698  595.794   595.4163  595.52576 595.6563  594.3755
 595.36505 595.91534 595.1798  594.6045  594.94916 595.755   596.5876
 595.1032  595.8182  595.0436  596.2918  594.9982  596.5889  596.0114
 594.6552  595.2548  595.3617 ]
[453.88495 453.64832 454.5165  454.2748  454.62717 454.6805  452.83536
 454.70975 454.90683 454.1266  453.31998 453.60248 454.4009  455.59293
 453.9309  454.8621  453.68195 455.33694 454.05704 455.62833 454.47208
 453.2797  454.24484 453.78012]
[266.1868  265.8918  266.78595 266.41824 266.67447 266.75607 265.34064
 266.6917  267.0012  266.21982 265.51807 265.82867 266.62582 267.6575
 266.16498 266.93268 265.7369  267.3787  266.2102  267.82562 266.78253
 265.60928 266.38068 265.9931 ]
[68.20651  68.150856 68.332664 68.41432  68.29048  68.407616 67.99196
 68.30868  68.35451  68.181725 68.04082  68.223015 68.16982  68.60376
 68.32877  68.492355 68.16472  68.32711  68.32269  68.44219  68.30604
 68.26128  68.3004   68.11102 ]
[1.1574336  1.2591577  0.96600723 1.1369226  1.0699872  1.0804653
 1.3774745  1.0077417  0.94297314 1.2303354  1.3226795  1.1613221
 1.2137128  1.0093149  1.1713253  0.82587326 1.3126763  1.1062006
 1.1632515  1.0560955  1.1244557  1.1885712  1.122081   1.1298283 ]
[-0.08026314  0.10169435 -0.13114    -0.09652948 -0.23322022 -0.0406065
  0.07851183 -0.24791336 -0.27881348 -0.14805937 -0.07287204 -0.11116326
 -0.01258564 -0.00047493  0.05019414 -0.34159327 -0.01837385 -0.09676695
 -0.15120578 -0.06856799 -0.05164862 -0.06562936 -0.17041075 -0.06212676]
[1.8634168 2.095776  1.7357497 1.8997489 1.8049114 1.9061011 2.2506628
 1.8489017 1.7261324 1.8697393 2.0915613 1.9971392 1.9437393 1.7160401
 2.022993  1.6443257 2.0376568 1.7474746 1.9971986 1.6874553 1.7155058
 2.0459085 1.9592932 1.9392275]
[2.256629  2.390767  2.086604  2.3218725 2.2612596 2.3376045 2.5532525
 2.3032908 2.190317  2.326028  2.527903  2.3738773 2.3257017 2.0966964
 2.3654175 2.0511625 2.4253478 2.2112138 2.4518845 2.1725368 2.1190476
 2.3735805 2.399375  2.2018042]
[3.3315437 3.3712597 3.20076   3.2791529 3.0967798 3.2387245 3.4531553
 3.1505063 3.1958325 3.264252  3.4191682 3.3031073 3.4063451 3.1116807
 3.3185425 3.0548377 3.326349  3.2266731 3.2162247 3.2003145 3.3858638
 3.3598316 3.234836  3.3346307]
[1.8056831 1.8822656 1.6993582 1.780868  1.6558131 1.7574184 1.9789732
 1.6890582 1.6880193 1.7693807 1.9149467 1.838572  1.8370582 1.6299294
 1.8468536 1.6052034 1.8562038 1.6823201 1.7810758 1.6705953 1.8190702
 1.8845215 1.7629691 1.8128368]
[3.0895965 3.1167269 3.0144093 3.0492868 2.8868313 2.9860322 3.172353
 2.9039583 2.9748714 3.0040202 3.0993326 3.0753784 3.1030133 2.9194827
 3.0904574 2.917197  3.077189  2.942962  2.970686  2.955043  3.158135
 3.1345367 2.968905  3.1134617]
[2.4205391 2.462897  2.3619447 2.4077458 2.3157873 2.3839102 2.5125866
 2.3145409 2.3435411 2.385068  2.4627485 2.4411392 2.4171257 2.318637
 2.4570494 2.3045077 2.4514394 2.318162  2.39424   2.342977  2.4608786
 2.474889  2.3620338 2.405757 ]
[3.0494056 3.068106  3.0060682 3.0154185 2.8837442 2.9648979 3.0945537
 2.8846643 2.9618998 2.9737136 3.0311208 3.0346532 3.0490792 2.934443
 3.056975  2.9288328 3.0358405 2.925449  2.9396374 2.9543602 3.1338243
 3.0900714 2.9318604 3.0610414]
[4.21895   4.1926804 4.1888514 4.155309  3.953375  4.059344  4.1881685
 3.9562545 4.1095085 4.0770645 4.1056495 4.1447716 4.2170205 4.076293
 4.1766515 4.0822887 4.136045  4.052487  3.9798524 4.0979614 4.3697996
 4.2305264 4.009209  4.2606845]
[2.1339784 2.195185  2.1341863 2.1781173 2.1898718 2.191237  2.2205343
 2.1650863 2.1521444 2.1762767 2.2014778 2.2160819 2.1178603 2.141221
 2.2251945 2.1630974 2.2199407 2.098032  2.2413125 2.1354625 2.1413991
 2.239591  2.179453  2.0908191]
[-0.512004   -0.4774232  -0.5484252  -0.5322479  -0.5969274  -0.5579238
 -0.5000714  -0.6577778  -0.5960666  -0.5879631  -0.5278548  -0.5482174
 -0.50704694 -0.5362848  -0.5304966  -0.6006675  -0.46074128 -0.5997176
 -0.5974617  -0.52809227 -0.45159888 -0.555282   -0.58823025 -0.4654312 ]
[24.433804 24.684566 24.676968 24.466394 24.837969 24.473785 24.352324
 24.605194 24.757942 24.514067 24.514303 24.540812 25.05124  24.7377
 24.328993 24.64571  24.749542 25.012268 24.42374  24.601454 24.581802
 24.598455 24.51101  25.043701]
[97.52283  96.85593  96.9144   97.00097  96.07106  96.21579  97.0472
 96.02737  96.48919  96.799706 96.66454  96.60815  97.008316 96.1649
 96.83492  96.27149  96.8286   96.27201  95.988335 96.521736 97.77119
 97.27165  96.09436  97.23176 ]
[272.02148 272.22537 271.99347 272.11804 272.5114  272.36224 272.58777
 272.80008 272.24075 272.4115  272.76    272.4371  272.04904 272.11417
 272.2125  272.08932 272.1863  272.2953  272.69653 271.9756  271.39566
 272.31128 272.62762 271.93787]
[317.87985 317.80872 318.14017 317.88318 317.9872  318.3991  317.94934
 317.882   317.79358 317.80228 317.4781  318.0677  317.0106  318.45493
 318.1652  318.40387 317.85135 317.5021  318.06183 317.87753 317.8065
 317.9073  318.38232 317.28204]
[337.4995  337.69055 337.90738 337.77914 337.57114 337.74655 337.37323
 337.2604  337.83643 337.49783 337.2045  337.53757 337.81357 338.2775
 337.72095 338.0123  337.65848 337.74023 337.43304 338.1514  338.1835
 337.53793 337.6856  337.63406]
[483.75858 483.7843  483.4836  484.05267 484.11383 484.14594 484.1112
 484.18195 483.83118 484.17563 484.31766 484.1456  483.44513 483.78207
 484.02158 483.9344  484.2317  483.6365  484.4172  483.6524  483.48557
 484.1418  484.38675 483.288  ]
[378.18484 378.29227 378.74945 378.33353 378.58453 378.63022 378.19247
 379.04346 378.57193 378.65524 378.18234 378.24976 378.09534 378.87286
 378.53488 378.882   378.06653 378.808   378.5121  378.6352  378.09262
 377.88556 378.68256 378.39874]
[358.06448 358.22012 358.69693 358.44727 360.16272 359.28693 358.5958
 360.7152  359.6729  358.89975 358.4135  359.03592 357.68253 359.3147
 358.91452 360.04553 357.8572  358.9442  360.22855 359.01904 356.2333
 358.5687  359.88324 357.27402]
[428.71866 429.4791  430.00827 430.07138 431.7483  431.22177 429.3407
 431.58563 430.58136 430.36523 430.0946  430.33444 428.79745 431.24118
 429.93808 431.30496 429.9751  430.7047  431.79434 430.7142  428.08237
 429.58124 431.45074 428.5755 ]
[324.52225 325.19177 324.63647 324.91403 326.53622 325.29254 325.13348
 326.76855 324.9496  325.6032  325.36865 325.24472 324.6257  325.8585
 325.38956 325.26593 325.3726  325.75232 326.61465 325.29736 323.261
 325.03433 325.2548  324.72162]
[301.06696 301.25986 302.37015 301.95645 303.19165 302.99377 300.12543
 302.70535 302.5834  301.87494 301.13312 301.16354 302.401   304.60843
 301.4634  302.71536 301.18106 304.30634 302.60266 304.53635 301.82147
 300.61002 302.22623 300.933  ]
[46.71092  46.835766 46.733864 46.84488  46.84681  46.95723  46.76794
 46.709435 46.704952 46.715134 46.530834 46.72502  46.710148 47.206303
 46.916237 46.7203   46.82609  46.84286  46.86456  47.103184 46.74767
 46.633953 46.803295 46.56283 ]
[1.368629  1.415083  1.4126194 1.4746867 1.176045  1.466138  1.3081942
 1.1676743 1.113562  1.1730766 1.0115411 1.2228255 1.134073  1.6642431
 1.5832676 1.2574657 1.1927565 1.2449394 1.2829635 1.4375829 1.2246659
 1.2870301 1.1680899 1.2268921]
[5.6156297 5.746799  5.456914  5.6524367 5.720233  5.7877026 5.8689747
 5.726466  5.54065   5.737716  5.9161115 5.7412486 5.6169653 5.5730047
 5.752083  5.418593  5.7948856 5.647984  5.8997564 5.6111474 5.4364324
 5.6976438 5.790255  5.4218583]
[-0.02650702  0.08741677 -0.18106699 -0.04787886 -0.10561252 -0.00943923
  0.24687445 -0.04841316 -0.14705014 -0.02157962  0.19513679  0.07984757
 -0.02300441 -0.24951625  0.06236422 -0.2541468   0.06479824 -0.16868913
  0.07806659 -0.21932852 -0.1626041   0.10840273  0.02938628 -0.08913839]
[4.505718  4.5555267 4.404974  4.5042934 4.422873  4.506223  4.6424685
 4.4457884 4.4465895 4.498179  4.6307735 4.552113  4.5305037 4.3490806
 4.5411005 4.357897  4.5502434 4.4177675 4.547542  4.4155707 4.484109
 4.576453  4.5252204 4.451458 ]
[2.830374  2.8263667 2.7955556 2.759639  2.5971537 2.7117305 2.819599
 2.6067116 2.742304  2.7188249 2.7805064 2.768069  2.8842487 2.6989372
 2.7856712 2.6742408 2.754771  2.7383564 2.6357121 2.746727  2.96938
 2.8308191 2.67151   2.8612146]
[0.12992299 0.24212515 0.12449098 0.18905175 0.26993823 0.25969756
 0.29101324 0.2453903  0.16509748 0.22134697 0.2912804  0.26958203
 0.13651264 0.16670036 0.25429523 0.17044044 0.27287686 0.14408183
 0.3485391  0.14574409 0.07319856 0.26661372 0.27516246 0.07966948]
[1.3086394 1.4095917 1.2828151 1.4000931 1.4599046 1.4475564 1.4729354
 1.4334272 1.3515612 1.4157658 1.4832652 1.4424212 1.324223  1.3632563
 1.4377906 1.3315548 1.4569066 1.3551825 1.5501115 1.3659278 1.2362423
 1.4127678 1.4537008 1.240012 ]
[2.9472363 3.0066025 2.942873  3.0136077 3.0233736 3.0269356 3.0304084
 2.9900393 2.9806    3.0026548 3.0279744 3.0255404 2.962434  3.00497
 3.0348907 2.9697065 3.0353656 2.9732387 3.0775452 3.0067213 2.9467318
 3.0182087 3.0100458 2.8976655]
[4.7637835 4.738256  4.75568   4.750189  4.6028714 4.6849747 4.71543
 4.579392  4.712758  4.670074  4.6640186 4.7158747 4.766217  4.743807
 4.746627  4.6999054 4.7172403 4.6781774 4.618188  4.7481403 4.8945374
 4.765624  4.63018   4.7622995]
[1.4735291 1.5607381 1.4837104 1.5773903 1.6578612 1.62613   1.5873638
 1.6181155 1.5550983 1.5883731 1.6115259 1.5987028 1.4903    1.5859094
 1.6013149 1.5573245 1.6173438 1.5474697 1.7122704 1.5777465 1.4265704
 1.5739174 1.6241709 1.4035066]
[5.3877225 5.3046694 5.381578  5.3636494 5.136366  5.2702665 5.250082
 5.128203  5.33272   5.2300754 5.202678  5.2788744 5.397162  5.368488
 5.318531  5.3089137 5.280418  5.2739177 5.1289153 5.387218  5.5846405
 5.3444448 5.1976023 5.389622 ]
[0.85626876 0.98797274 0.88544726 1.0221974  1.2897016  1.1870277
 1.0043281  1.2117834  1.0394433  1.0844725  1.1168271  1.0722134
 0.869359   1.1211312  1.0394433  1.0631897  1.1219326  1.0574312
 1.3351464  1.0879751  0.7022134  0.97509027 1.2125849  0.71236503]
[18.563225 18.974396 18.866943 18.761242 19.235014 18.892677 18.70603
 19.020374 18.987486 18.778547 18.876678 18.87282  19.153355 19.06386
 18.71262  18.963087 19.024916 19.218332 18.98517  18.900158 18.540815
 18.810188 18.933226 19.109661]
[140.27914 139.72942 139.59969 139.9752  139.38678 139.21223 140.5605
 139.48233 139.24713 139.69188 140.33353 139.50584 139.81537 139.59097
 139.35786 138.72447 139.78606 139.80559 139.3728  139.48636 139.22171
 139.68405 139.52374 140.33234]
[283.78003 284.00412 283.79242 283.83978 284.4464  284.16623 284.3942
 284.74362 284.04935 284.14343 284.5675  284.2084  283.87253 284.05145
 283.9547  283.9588  283.93506 284.1955  284.58194 283.82886 282.96396
 284.06696 284.5418  283.76505]
[516.3126  516.31366 516.258   516.40295 516.1677  516.3615  516.54315
 516.2386  516.263   516.22833 516.3714  516.47534 516.08887 516.1748
 516.3741  516.43164 516.4452  515.88055 516.27814 516.0005  516.2789
 516.5752  516.6063  516.2892 ]
[668.16364 668.32806 668.3249  668.31177 668.4752  668.4185  668.1699
 668.32697 668.2891  668.27185 668.24884 668.36487 668.2272  668.572
 668.3161  668.40564 668.51227 668.3763  668.4265  668.37524 668.3466
 668.422   668.419   668.3268 ]
[775.43414 775.38965 775.3324  775.5904  775.612   775.7798  775.4173
 775.76935 775.491   775.60144 775.64886 775.4983  775.29376 775.54553
 775.54614 775.48596 775.55786 775.542   775.762   775.5181  775.2759
 775.5708  775.71924 775.1048 ]
[738.2241  738.18787 738.18945 738.4033  738.272   738.4909  738.15643
 738.3297  738.3101  738.35876 738.41254 738.28625 738.2285  738.3925
 738.2383  738.27484 738.3336  738.40924 738.4216  738.4059  738.34094
 738.2385  738.4248  738.07324]
[751.2645  751.339   751.3652  751.4362  751.88763 751.5406  751.21216
 751.57416 751.516   751.5264  751.3699  751.4102  751.44476 751.81055
 751.337   751.61475 751.6103  751.6923  751.6775  751.68066 751.3418
 751.2321  751.5416  751.2714 ]
[596.91516 596.632   597.2185  596.87195 596.71533 596.8829  596.0239
 596.6098  597.3887  596.6055  596.0761  596.57446 597.2264  597.53033
 596.65424 597.2448  596.64075 597.2978  596.2688  597.6072  597.707
 596.47437 596.58386 597.03455]
[439.5819  439.58456 439.94562 439.80753 440.05438 440.1225  439.08438
 440.28967 440.34476 439.79358 439.24332 439.6133  439.8379  440.50253
 439.79413 440.2863  439.45712 440.4447  439.85614 440.45148 439.7533
 439.3102  439.93365 439.5425 ]
[255.96939 256.12225 256.3691  256.1659  256.40985 256.43326 256.06204
 256.37054 256.32645 256.21793 256.04214 256.07706 256.2962  256.80832
 256.20163 256.3753  255.86424 256.81238 256.37125 256.7381  256.14627
 255.88496 256.34552 255.96161]
[46.514595 46.461372 46.71745  46.74657  46.661823 46.784355 46.17858
 46.545498 46.72624  46.42504  46.04234  46.417267 46.563305 47.25857
 46.66034  46.848263 46.43074  46.808636 46.57972  47.099266 46.703945
 46.419075 46.577522 46.36885 ]
[3.0600915 3.1263146 2.91316   3.0521662 3.0073447 2.994373  3.2643113
 2.9779584 2.9087968 3.1162817 3.191469  3.0981452 3.041213  2.8714256
 3.0894184 2.848837  3.1716406 2.921798  3.0932772 2.9105184 2.9584565
 3.1320732 3.0619912 3.015181 ]
[4.3763    4.569537  4.3246517 4.3847303 4.2581615 4.4274144 4.552944
 4.235216  4.205355  4.3376822 4.415452  4.3659706 4.474967  4.4742246
 4.5099335 4.134828  4.46811   4.3939614 4.341155  4.4011154 4.4006104
 4.41753   4.322633  4.407586 ]
[0.5632074  0.82450783 0.43527317 0.6554625  0.6397898  0.7020353
 0.9943843  0.6612507  0.46851826 0.6438564  0.84730446 0.7517545
 0.6303209  0.50965905 0.780933   0.401286   0.8142078  0.50823426
 0.8397056  0.4633237  0.3547132  0.76997995 0.76157963 0.5850245 ]
[2.3117208 2.4224687 2.1419334 2.3546128 2.235465  2.3448176 2.5608215
 2.2918925 2.2232058 2.3360016 2.535591  2.3778548 2.4075675 2.1376886
 2.3839695 2.063837  2.4313438 2.26307   2.4100313 2.2202673 2.2212467
 2.400147  2.3867302 2.2845905]
[2.9225993 2.9993005 2.7812188 2.9052942 2.7740355 2.8957956 3.1056552
 2.818857  2.800958  2.906986  3.0763283 2.9426057 2.9877834 2.7408497
 2.9562304 2.6675918 2.985023  2.8416536 2.9165144 2.819777  2.924885
 2.9768007 2.9037209 2.8999808]
[2.0060143 2.0563867 1.8914376 1.9536238 1.76944   1.9000458 2.1411319
 1.8129258 1.8592018 1.9211208 2.0695066 1.993132  2.050094  1.7903666
 2.0074391 1.758487  2.0074096 1.8581926 1.8862431 1.8438556 2.0591176
 2.0557632 1.8940201 2.0365286]
[2.2422328 2.2927532 2.1576357 2.2219887 2.0976167 2.183846  2.367525
 2.113319  2.1381934 2.1937304 2.3045375 2.2615862 2.2502174 2.0891569
 2.2728658 2.0800738 2.27153   2.1145656 2.1997266 2.1234705 2.2709956
 2.3035283 2.1750894 2.2445183]
[2.9353335 2.9478598 2.8697932 2.8878405 2.7293622 2.828207  2.9840138
 2.7359223 2.8204598 2.8401396 2.9167519 2.9043145 2.9371738 2.78671
 2.9267254 2.770711  2.9103997 2.7928545 2.7958822 2.8191833 3.0215926
 2.9587533 2.794012  2.9497297]
[2.611372  2.647348  2.5667582 2.5957882 2.4984276 2.5649476 2.6856687
 2.4978638 2.541023  2.5683017 2.632239  2.6258276 2.6078694 2.5147831
 2.6439936 2.5104494 2.6297457 2.5064125 2.5650365 2.5322664 2.6664045
 2.669818  2.5396872 2.6059399]
[3.7548249 3.7416456 3.722856  3.7029388 3.524276  3.6196182 3.7446733
 3.525315  3.654674  3.6342816 3.668625  3.698516  3.7509956 3.623477
 3.7284663 3.6291466 3.6948352 3.600354  3.5570166 3.6439583 3.8844213
 3.7754545 3.5750341 3.7880106]
[2.4220827 2.464678  2.4175708 2.4426234 2.4070036 2.428346  2.477976
 2.3828712 2.41015   2.4209251 2.4439888 2.4633126 2.4113967 2.4022245
 2.4800835 2.4153447 2.47198   2.3592434 2.446779  2.4029965 2.4636688
 2.4962015 2.4073005 2.4053116]
[-0.5258957  -0.5530261  -0.59565103 -0.6198131  -0.8279214  -0.71479905
 -0.5902784  -0.8793622  -0.71283996 -0.7336775  -0.67134297 -0.6662078
 -0.5396093  -0.66273487 -0.62865865 -0.733351   -0.5807204  -0.73815966
 -0.84050703 -0.6394336  -0.38783956 -0.63133013 -0.7710782  -0.44601846]
[17.936972 18.189219 18.14784  17.989925 18.334488 17.987877 17.898798
 18.118395 18.234604 18.028336 18.071405 18.06253  18.520065 18.209967
 17.852434 18.125458 18.26859  18.48314  17.967901 18.07945  18.042732
 18.099398 18.0327   18.52523 ]
[120.46838 119.88425 119.92199 120.03442 119.24465 119.35467 119.97578
 119.14995 119.58381 119.85848 119.68542 119.67784 120.0287  119.20722
 119.8793  119.41836 119.92031 119.34529 119.16964 119.57467 120.75623
 120.32391 119.22157 120.16398]
[295.2032  295.39484 295.18628 295.38095 295.7437  295.59756 295.7303
 295.9612  295.46652 295.55432 295.80322 295.64093 295.16876 295.38504
 295.4144  295.38275 295.46115 295.42154 295.87347 295.19907 294.59064
 295.48932 295.85953 295.1242 ]
[533.0982  532.9076  532.93884 533.10675 533.0042  533.1665  533.42255
 533.1097  533.00287 532.99805 533.04175 533.2579  532.5124  532.9924
 533.08636 533.1523  533.17303 532.5272  533.0935  532.81757 532.87524
 533.23474 533.402   532.7822 ]
[713.5917  713.5374  713.49225 713.5166  713.6711  713.5444  713.8851
 713.7317  713.4785  713.5266  713.5686  713.6628  713.2454  713.4185
 713.54144 713.4957  713.63    713.3142  713.6732  713.4462  713.2949
 713.65625 713.6964  713.5736 ]
[827.9381  828.0336  827.93933 827.9614  828.2418  828.3494  827.9936
 828.3994  827.9029  828.07275 828.03143 827.84894 827.79425 828.3821
 828.1722  827.9005  827.9366  828.23627 828.32166 828.3165  827.5843
 827.79425 828.1305  827.5889 ]
[822.2191  822.47546 822.4321  822.5417  823.1213  822.8741  822.5252
 823.1228  822.69385 822.719   822.7811  822.4949  822.51086 822.7559
 822.50977 822.64197 822.5318  822.953   823.1524  822.84393 821.9934
 822.39557 822.8963  822.1289 ]
[783.2577  783.3079  783.4282  783.39734 783.89734 783.54144 783.18756
 783.59656 783.5171  783.4849  783.345   783.3172  783.4822  783.8816
 783.3005  783.6139  783.47064 783.79944 783.67786 783.7941  783.32874
 783.1804  783.52234 783.24084]
[610.256   609.9875  610.6056  610.1663  609.99414 610.19696 609.3784
 609.96936 610.7541  609.9324  609.38446 609.91766 610.5781  610.8711
 609.98975 610.5878  609.9065  610.6767  609.51886 610.90894 611.0321
 609.7703  609.9083  610.4503 ]
[468.3183  468.5636  468.4839  468.343   468.67395 468.59604 468.37228
 468.85873 468.76926 468.51135 468.1923  468.59445 468.36142 468.6863
 468.60156 468.7555  468.3794  468.7302  468.63272 468.46503 468.13806
 468.32144 468.63416 468.4096 ]
[266.4224  266.69333 266.75897 266.612   266.8982  266.8712  266.75525
 266.8438  266.69565 266.7374  266.68747 266.65997 266.7185  267.09958
 266.71432 266.75446 266.4637  267.1603  266.92685 266.97687 266.4681
 266.4727  266.87286 266.4718 ]
[50.762486 50.687447 51.008945 51.017406 50.91411  51.068253 50.363277
 50.813126 51.01396  50.673557 50.30192  50.641853 50.85415  51.59581
 50.895943 51.13593  50.670677 51.119427 50.806152 51.445286 51.04335
 50.642715 50.826424 50.631435]
[2.265801  2.3161733 2.1119833 2.2389083 2.1945024 2.1745553 2.4717128
 2.1806698 2.1075902 2.3174794 2.4065585 2.3003225 2.2352571 2.024032
 2.2802272 2.046888  2.3572845 2.0965183 2.284739  2.0818844 2.1559734
 2.3413446 2.2559166 2.2175066]
[4.8343997 5.0287647 4.7837305 4.8403955 4.7091665 4.8816257 5.0103316
 4.6875277 4.662297  4.7922497 4.8711176 4.8220515 4.936658  4.930306
 4.966608  4.5901375 4.92336   4.850102  4.791715  4.856959  4.862717
 4.875036  4.776933  4.8700786]
[0.65154433 0.9186033  0.5249162  0.7510421  0.7469162  0.8032844
 1.091359   0.76647735 0.56433535 0.74222624 0.9450213  0.850065
 0.7173815  0.6065744  0.87758124 0.49998236 0.9131416  0.6023594
 0.9484942  0.55783474 0.4331063  0.86472845 0.8669547  0.66908705]
[2.417927  2.5274282 2.2485256 2.4595132 2.3364172 2.4476993 2.6637924
 2.3943586 2.3291152 2.4395363 2.6387694 2.480707  2.517306  2.242678
 2.4874747 2.1678467 2.5339286 2.369781  2.5095885 2.3260875 2.330243
 2.5051658 2.4895227 2.3932009]
[2.9734168 3.054244  2.8314722 2.9592283 2.8353903 2.954212  3.1633887
 2.8790839 2.8538237 2.963948  3.1341805 2.9995084 3.036523  2.7952588
 3.0124502 2.7223275 3.0434394 2.8939254 2.9802144 2.8730285 2.9694393
 3.031655  2.964215  2.947266 ]
[2.0774913 2.1248655 1.9627365 2.0210934 1.8309435 1.9643097 2.2079487
 1.8751713 1.9271464 1.9867501 2.1344533 2.0593848 2.122016  1.8568271
 2.0743747 1.8258083 2.0729795 1.9254545 1.946292  1.9112363 2.1354923
 2.1243906 1.9573045 2.1108255]
[2.1058981 2.1622071 2.0217168 2.0902255 1.9787654 2.0593848 2.239591
 1.9918259 2.006074  2.0669837 2.1785326 2.1341863 2.1104693 1.9599463
 2.1443675 1.951071  2.1456735 1.9823273 2.0829828 1.9923009 2.1257265
 2.1718836 2.0529435 2.1023955]
[3.068937  3.0737457 3.0020907 3.0115597 2.8374386 2.943526  3.1056552
 2.8444438 2.9437337 2.9576552 3.0332878 3.0244124 3.070451  2.9086187
 3.048545  2.8926492 3.0298445 2.9144366 2.8999512 2.9424574 3.1672773
 3.0841646 2.9061253 3.0901902]
[2.4488866 2.4920754 2.405282  2.439655  2.3591545 2.4182239 2.53381
 2.3556519 2.3851569 2.4184318 2.4833486 2.4755716 2.4414954 2.361529
 2.4917786 2.3586202 2.4805882 2.349834  2.4286427 2.3763113 2.4921052
 2.5144565 2.3958428 2.4357963]
[3.8565786 3.8390656 3.8243723 3.7986965 3.611307  3.7107751 3.839392
 3.6124349 3.7503426 3.726596  3.7598116 3.79276   3.8520668 3.7187302
 3.8236303 3.7247558 3.7883964 3.6947758 3.6418805 3.7396865 3.9935067
 3.8725183 3.6642022 3.8936527]
[2.464114  2.5051064 2.4590085 2.481538  2.4417627 2.465242  2.5181077
 2.4183724 2.4488866 2.458771  2.4819536 2.5023162 2.4525375 2.439477
 2.5195918 2.453814  2.51039   2.3965552 2.481152  2.440605  2.5086684
 2.5371938 2.4434545 2.4490943]
[-1.3295066 -1.3555387 -1.4089683 -1.4357722 -1.6525776 -1.5339046
 -1.3940674 -1.707996  -1.536487  -1.55587   -1.4767942 -1.4814842
 -1.3379366 -1.4819591 -1.447586  -1.5626675 -1.3847766 -1.5526049
 -1.6696454 -1.4570847 -1.1915098 -1.4531368 -1.5912226 -1.2304244]
[24.006187 24.228722 24.221926 24.042847 24.416319 24.054543 23.91328
 24.194231 24.336828 24.093071 24.11082  24.122694 24.602997 24.298983
 23.880629 24.207232 24.331306 24.58581  24.007345 24.151546 24.123703
 24.175026 24.105152 24.582872]
[113.24082  112.55621  112.60779  112.81742  111.9658   112.093704
 112.646    111.85694  112.30944  112.57935  112.38693  112.369064
 112.7363   111.891815 112.56607  112.14231  112.695145 112.026085
 111.87626  112.30496  113.53013  113.09052  111.97156  112.84583 ]
[289.9412  290.1317  289.93082 290.09827 290.41476 290.27518 290.4736
 290.6222  290.15207 290.2865  290.5692  290.34918 289.94824 290.0826
 290.12115 290.0423  290.15976 290.17584 290.55386 289.90826 289.36414
 290.21994 290.52972 289.89835]
[510.49557 510.41864 510.4884  510.62085 510.6437  510.75317 510.90616
 510.6007  510.52847 510.52545 510.5359  510.797   510.0071  510.64822
 510.58023 510.7597  510.70984 510.13702 510.70276 510.40445 510.33636
 510.69025 511.01425 510.22696]
[685.3053  685.3485  685.33777 685.235   685.47485 685.2443  685.58234
 685.4354  685.27875 685.24176 685.15216 685.4272  685.0477  685.2773
 685.3486  685.3718  685.3383  685.13586 685.41486 685.2445  685.07166
 685.3736  685.3204  685.4135 ]
[790.51245 790.7351  790.4771  790.68463 790.8676  790.98553 790.5935
 790.92413 790.57434 790.77844 790.7655  790.5604  790.56104 790.968
 790.79016 790.4652  790.78174 790.90356 790.98267 790.9106  790.2861
 790.422   790.80743 790.2883 ]
[786.2836  786.63184 786.4192  786.7603  787.2134  787.00397 786.59174
 787.20483 786.8366  786.9333  786.9507  786.6627  786.6716  786.7724
 786.6564  786.7189  786.8325  787.03076 787.303   786.8908  786.14404
 786.5104  787.03827 786.246  ]
[714.63983 714.7282  714.74866 714.8581  715.3869  715.0495  714.6283
 715.11536 714.9561  714.96466 714.81    714.80853 714.7815  715.2319
 714.77423 715.06964 714.9758  715.15247 715.27747 715.16974 714.63007
 714.6676  715.05005 714.5098 ]
[541.1107  540.7753  541.4829  541.16797 540.9942  541.22626 540.0679
 540.9675  541.67896 540.851   540.19244 540.6959  541.42255 541.9872
 540.8951  541.5811  540.7693  541.6775  540.5356  542.0642  541.9539
 540.57324 540.8426  541.1572 ]
[403.451   403.1889  403.89883 403.73938 403.90222 404.06268 402.49252
 404.1336  404.28864 403.55643 402.77966 403.15308 403.71414 404.80087
 403.532   404.26636 403.08582 404.53665 403.56342 404.82666 403.87677
 402.8707  403.68585 403.2271 ]
[208.27827 207.89673 208.68777 208.40205 208.36218 208.61963 207.55418
 208.49483 208.71904 208.20041 207.68854 207.84534 208.50122 209.23103
 208.20493 208.6992  207.62564 209.07338 208.15202 209.44144 208.75487
 207.7208  208.26521 207.9812 ]
[31.071007 31.041739 31.124466 31.189354 31.117609 31.179617 30.91698
 31.00131  31.1147   30.956549 30.623325 31.009533 30.9732   31.451633
 31.198853 31.217106 30.99576  31.094961 31.101551 31.307106 31.041235
 31.033161 31.066881 30.898428]
[4.310938  4.3761516 4.2037225 4.3024783 4.170982  4.266413  4.40539
 4.1339674 4.130702  4.3070197 4.3322506 4.2536497 4.3376822 4.2602096
 4.343055  4.041831  4.3576593 4.272647  4.2358694 4.2911987 4.330321
 4.2865977 4.2029505 4.267185 ]
[4.967024  5.209357  4.897209  4.9909782 4.9170375 5.037551  5.246995
 4.8907976 4.8123746 4.9641447 5.079909  5.034731  5.0598726 5.0255885
 5.1377907 4.758322  5.130281  4.952509  5.030486  4.930662  4.91959
 5.084005  4.9940057 5.0197706]
[ 0.05087686  0.2708584  -0.09023666  0.14351785  0.10611713  0.17634737
  0.4413582   0.1383233  -0.03360128  0.12520337  0.32897794  0.21977377
  0.11531889 -0.03327477  0.23918653 -0.12199759  0.2766763  -0.00552106
  0.3047862  -0.04618692 -0.14440835  0.2332499   0.23452628  0.05016446]
[2.8903635 2.9762962 2.7262752 2.9050863 2.7683363 2.8873656 3.0972846
 2.8223002 2.7885208 2.8930943 3.0821462 2.9236977 2.9862993 2.7009258
 2.9309404 2.625145  2.9740403 2.8364887 2.9269629 2.7959416 2.8461654
 2.9515405 2.9159207 2.8656375]
[2.3064373 2.3867004 2.174199  2.2852435 2.1587043 2.2760715 2.491838
 2.2011514 2.1824212 2.2859263 2.451469  2.3322616 2.3609653 2.1278338
 2.3451142 2.0641341 2.3684156 2.213173  2.2980072 2.1929588 2.3101478
 2.3701966 2.2821565 2.291863 ]
[1.9861861 2.0344806 1.8750823 1.9412459 1.7611881 1.885412  2.119701
 1.8021805 1.845785  1.9046466 2.0481052 1.9784685 2.0229635 1.7767124
 1.9914994 1.7523129 1.9905199 1.8375331 1.8773085 1.8269066 2.0332932
 2.038844  1.8796238 2.0141773]
[2.2591817 2.3103554 2.1811152 2.247932  2.139707  2.2174473 2.3816543
 2.150868  2.1687965 2.2237995 2.3266218 2.2861638 2.2645545 2.1263795
 2.297651  2.1148329 2.296345  2.1469202 2.2387598 2.1587934 2.2837892
 2.32211   2.2064347 2.2511673]
[2.953559  2.9628794 2.8931835 2.9056504 2.7453616 2.8445032 2.9938388
 2.7518325 2.841713  2.8559015 2.9270222 2.9193342 2.9558444 2.8100708
 2.94314   2.7940714 2.9235492 2.8129797 2.8073993 2.8404365 3.0459623
 2.9765337 2.8075476 2.96938  ]
[2.4441373 2.4882464 2.4038277 2.4422672 2.3661895 2.4214296 2.5290904
 2.36334   2.3899655 2.4209251 2.4828143 2.4753342 2.4399223 2.3655362
 2.4909475 2.3638444 2.4801133 2.3542566 2.4348168 2.3795764 2.484239
 2.5135365 2.4005327 2.430097 ]
[3.83022   3.812024  3.8006556 3.78056   3.597445  3.6937666 3.811579
 3.5992854 3.7335718 3.7078958 3.7374601 3.7701414 3.8275187 3.7025528
 3.8011305 3.7083707 3.766342  3.6775002 3.6272469 3.7235982 3.9645064
 3.8490984 3.647847  3.8631384]
[2.2798412 2.3275716 2.2788024 2.311513  2.2920113 2.3052201 2.341404
 2.2665431 2.2818596 2.2944453 2.3154016 2.3325584 2.270669  2.2758932
 2.347786  2.288568  2.342502  2.2322295 2.3323507 2.2752106 2.3111272
 2.3607574 2.286787  2.2557385]
[-0.04108143 -0.06557    -0.10291135 -0.12238348 -0.3202511  -0.21359968
 -0.10255516 -0.36922824 -0.21083915 -0.23298275 -0.17919695 -0.17124188
 -0.0536077  -0.15993261 -0.13250542 -0.22755075 -0.08893061 -0.23820698
 -0.33159006 -0.13862014  0.09388769 -0.13580024 -0.26777136  0.03179061]
[17.265213 17.552515 17.4987   17.35346  17.748543 17.365274 17.260166
 17.519894 17.606567 17.414637 17.448952 17.43233  17.870481 17.594963
 17.21953  17.505615 17.642395 17.87069  17.383738 17.453196 17.351322
 17.457619 17.42188  17.854927]
[97.24589  96.68087  96.689415 96.79942  95.91758  96.07094  96.83147
 95.83955  96.29319  96.64233  96.45581  96.42813  96.781685 95.94443
 96.71512  96.122154 96.63732  96.05401  95.88858  96.37626  97.594666
 97.010056 95.901505 96.9369  ]
[269.6311  269.8303  269.62292 269.6861  270.0161  269.9035  270.14407
 270.25946 269.80484 269.9553  270.27005 270.01352 269.65518 269.68683
 269.80627 269.67603 269.77356 269.83224 270.1771  269.53613 269.12344
 269.91983 270.1317  269.5829 ]
[491.44394 491.35663 491.3774  491.5169  491.6217  491.71075 491.8711
 491.62598 491.47528 491.46225 491.50714 491.75348 490.92432 491.54547
 491.52112 491.66718 491.69046 491.0444  491.6727  491.29288 491.19598
 491.67264 491.97906 491.13016]
[458.47247 458.89038 458.8132  458.9278  459.6347  459.1765  458.75125
 459.59247 459.2645  459.12357 459.0448  458.87408 459.0896  458.65125
 458.72824 459.1102  459.07913 459.2441  459.3819  458.90845 458.19543
 458.7101  459.40775 458.8522 ]
[329.57578 328.3219  329.10272 329.38828 327.9637  329.6103  328.9724
 329.41138 329.5497  328.84842 329.65756 328.74362 329.31186 328.3218
 328.6265  328.68396 328.20886 328.65292 328.29724 329.2313  329.43033
 328.99026 329.90988 328.595  ]
[445.62335 444.92346 444.60052 445.77988 446.49286 446.09    445.1657
 447.03015 445.91226 446.45206 445.86145 445.965   444.45013 445.73734
 445.71716 445.77924 445.99185 445.6586  446.8217  445.57843 444.4243
 445.69806 446.18283 444.00912]
[512.6036  513.27686 513.29596 513.3869  514.8352  514.1007  513.97864
 515.07336 513.77234 513.5827  513.2259  513.72565 511.86267 514.53516
 514.0881  514.78094 512.93823 513.3286  515.1756  513.88416 510.93097
 512.8797  514.71344 511.95135]
[247.00624 247.98721 248.48094 248.52174 251.84923 249.97017 247.94084
 251.4206  249.94962 249.30722 248.38881 248.97086 247.43471 250.60194
 248.59052 250.78285 248.29095 250.15714 251.48712 249.84988 245.05568
 247.88042 250.82314 246.34758]
[337.26892 339.66772 339.6707  341.15808 346.75848 344.15155 339.63773
 345.51422 341.96234 342.47675 341.86816 341.4211  338.3226  344.12607
 340.56757 343.324   341.58835 343.41617 346.80008 343.1534  334.5499
 339.30823 345.38812 336.14575]
[156.17747 155.86597 156.4654  156.73512 156.86722 157.108   155.00868
 156.70084 156.98106 156.38144 155.97571 155.8695  156.81296 157.54558
 156.14284 156.58513 156.32983 157.40152 156.33794 157.80005 156.66045
 155.70192 156.62439 155.68698]
[103.82886  103.68218  103.92585  103.9985   103.54439  104.01202
 103.15295  103.35394  103.72811  103.70947  103.58844  103.33314
 104.27284  104.721146 103.59644  103.52314  103.80055  104.53769
 103.31957  104.76487  104.772766 103.333786 103.46223  103.86552 ]
[-12.165416  -12.094117  -12.291303  -12.338765  -12.333452  -12.234043
 -12.031426  -12.339359  -12.386941  -12.195782  -12.147933  -12.193764
 -12.242711  -12.349451  -12.106347  -12.481244  -12.256692  -12.257345
 -12.17723   -12.273374  -12.2362995 -12.174647  -12.295607  -12.387149 ]
[3.978487  4.082259  4.0475893 3.7051353 3.4581125 3.6901157 4.022626
 3.6237738 3.8233037 3.628078  3.7936206 3.9148762 4.106777  3.6148095
 3.8934746 3.790296  3.7411706 3.6693969 3.4519978 3.4999063 4.087305
 4.1285353 3.7028794 4.327976 ]
[3.601096  3.8674128 3.561469  3.7869716 4.0508246 3.9336061 4.0354195
 4.005647  3.787417  3.9021125 4.0675364 3.9871545 3.659186  3.606142
 3.8730526 3.7658076 3.9581244 3.6923418 4.2474456 3.6106539 3.3044727
 3.9162712 4.1110516 3.4958694]
[2.7889957 2.8167493 2.7684846 2.816126  2.7579174 2.8120594 2.830552
 2.780239  2.8439689 2.8125641 2.8621943 2.815948  2.9093606 2.7510014
 2.8057964 2.744738  2.783831  2.848837  2.8158588 2.82886   2.8314426
 2.8302553 2.8285632 2.7650118]
[4.861827  4.964382  4.8785386 4.9248443 4.996796  4.988633  4.97768
 4.9577627 4.9331555 4.950164  4.984299  4.985338  4.9100914 4.9471064
 4.970378  4.9253783 4.990948  4.9247847 5.0474353 4.927545  4.8551483
 4.978897  4.999438  4.822734 ]
[3.326527  3.4418163 3.3343635 3.46209   3.592399  3.537574  3.494296
 3.5496254 3.4412525 3.4904966 3.5245135 3.5023105 3.3551416 3.4752395
 3.4883595 3.4395604 3.5102062 3.44615   3.666933  3.4588842 3.2184806
 3.4508994 3.5589163 3.2370622]
[1.4539086 1.5990887 1.4808311 1.6348271 1.8833638 1.7805119 1.6517168
 1.8203763 1.6327196 1.708471  1.7315644 1.6972804 1.4624573 1.6868913
 1.6789956 1.6498468 1.712122  1.6425447 1.9647846 1.6667068 1.2910373
 1.61114   1.800548  1.2948071]
[4.1491055 4.188495  4.156645  4.2114697 4.2160707 4.227647  4.1724367
 4.1586933 4.1882873 4.178878  4.1720505 4.191226  4.174425  4.2769213
 4.2100153 4.1809855 4.223284  4.201496  4.234415  4.265493  4.18054
 4.167776  4.1940756 4.099238 ]
[2.2797225 2.4050741 2.3159657 2.439863  2.6346138 2.5458019 2.430572
 2.5717747 2.443217  2.486228  2.4911256 2.4746811 2.3108304 2.5056703
 2.4657466 2.4569306 2.4977152 2.4574947 2.6840065 2.4806178 2.1672828
 2.4058163 2.5596046 2.1694794]
[1.2252002 1.3497505 1.2517072 1.3828769 1.5722848 1.4886675 1.3864388
 1.5194786 1.3801163 1.4317946 1.4496045 1.4237208 1.247225  1.424077
 1.4124116 1.3917224 1.4450036 1.3846875 1.6328087 1.4045752 1.1062896
 1.3630782 1.5060024 1.1097329]
[4.405033  4.3591433 4.3878765 4.3802185 4.195471  4.298174  4.3225145
 4.1712193 4.3307366 4.2715483 4.2646027 4.3180027 4.4027777 4.3745193
 4.3574514 4.3182993 4.339582  4.2882304 4.197192  4.3864813 4.5563283
 4.370245  4.2383924 4.4173813]
[1.0923386 1.1073879 1.0356141 1.0789812 0.9562712 1.0615572 1.0799013
 0.8984188 0.9822142 0.9568945 1.0411649 1.0165576 1.1107421 1.1346667
 1.0456767 0.9602784 1.1192908 1.0152515 0.9618219 1.1351416 1.1447589
 0.9614657 1.0165576 1.1392379]
[36.573723 36.93176  36.822704 37.02541  37.972954 37.428032 36.814747
 37.80937  37.51987  37.17347  37.417286 37.369526 37.08908  37.459377
 36.772778 37.37401  37.406155 37.70904  37.765648 37.01953  36.023605
 37.071686 37.705833 36.79964 ]
[110.240204 109.90575  109.85306  109.52054  108.766365 108.87971
 110.58263  109.08078  109.09193  109.44741  109.987305 109.48919
 109.85359  109.302574 109.67906  108.638176 109.2037   109.4391
 108.88674  109.30887  109.71621  109.69081  108.85908  110.436584]
[287.99094 288.1897  287.9038  288.08896 288.73346 288.52084 288.44205
 289.2632  288.37143 288.64032 288.84906 288.50143 287.9459  288.1952
 288.39038 288.2467  288.06873 288.451   289.0455  288.06836 287.15445
 288.30518 288.7328  287.60336]
[496.93326 497.14252 497.07385 496.96613 497.75778 497.256   497.33148
 497.9392  497.37665 497.19446 497.20392 497.32532 496.98633 497.14188
 497.18948 497.47296 497.18796 497.17963 497.60556 497.00418 496.31055
 497.3353  497.51184 497.07623]
[277.92947 277.5853  277.35562 276.6877  276.33667 277.0376  278.94812
 277.08884 276.72455 276.6886  278.05365 278.10507 276.31506 275.73315
 277.64554 276.48846 276.99832 275.43002 276.8916  275.24564 276.7868
 278.6581  277.05765 277.31326]
[519.6909  520.6879  520.03375 521.9275  520.82294 523.16766 518.0082
 520.02606 520.9402  520.0183  520.0443  520.6274  520.95886 522.5526
 520.5152  519.5689  522.3707  521.39154 520.82477 522.59735 521.4111
 519.09186 521.41235 519.81146]
[496.33456 496.76022 496.75925 496.79944 497.82047 497.44272 496.85815
 497.82446 497.05435 497.12463 497.2018  497.0132  496.54355 497.42474
 496.9037  497.30118 496.74542 497.4907  498.03745 497.2481  495.7527
 496.87012 497.58682 496.06982]
[437.368   438.14886 437.7663  438.37994 440.24655 439.49536 438.46753
 440.11478 438.63107 438.94016 438.95975 438.64764 437.5425  439.2755
 438.60913 438.9537  438.51437 439.10968 440.58612 439.05948 436.038
 437.97818 439.85    436.54068]
[507.93564 508.86377 509.1421  509.67038 511.52658 511.00986 508.7026
 511.4135  509.9198  510.10733 510.0428  509.65656 508.34308 510.7207
 509.27277 510.54965 509.6707  510.5335  511.706   510.35007 507.2293
 508.9479  511.34338 507.6993 ]
[436.344   436.8306  437.29285 437.16483 438.6403  438.30396 436.1269
 438.53668 437.5964  437.46295 436.73282 436.71194 436.7904  439.44888
 437.17682 438.02094 436.90686 438.90833 438.2138  438.96375 436.18317
 435.75412 437.84003 436.1546 ]
[245.18373 245.18338 246.36517 246.38449 247.62405 247.38832 244.3436
 247.45576 247.2156  246.01418 245.39575 245.53532 245.9228  248.30405
 245.77498 247.42982 245.37216 247.7206  247.26315 248.43385 245.33363
 245.06271 246.9686  244.52888]
[91.78476  91.61166  91.75028  91.79572  91.390205 91.74639  91.58631
 91.41673  91.55229  91.58772  91.45751  91.45857  91.74515  92.04383
 91.72342  91.52565  91.50318  91.77104  91.46143  92.1407   92.134544
 91.49144  91.497116 91.6084  ]
[-6.473145  -6.366731  -6.7247686 -6.592857  -6.564361  -6.573355
 -6.2592783 -6.648513  -6.7565    -6.460411  -6.3785744 -6.431173
 -6.6052647 -6.7824726 -6.4050517 -6.8728576 -6.535361  -6.607283
 -6.365514  -6.8381877 -6.9240017 -6.3654547 -6.5074883 -6.7760315]
[8.478655  8.503944  8.244663  8.450842  8.336146  8.562153  8.643693
 8.379424  8.206401  8.445736  8.648501  8.4884205 8.264699  8.293076
 8.557819  8.143206  8.615702  8.191976  8.549805  8.353719  8.430271
 8.5091095 8.464615  8.204205 ]
[1.7739816 1.732069  1.6308199 1.6933029 1.3599318 1.6157112 1.775258
 1.5114048 1.6781942 1.5956157 1.7807493 1.7336719 1.930649  1.3907726
 1.6997441 1.4757257 1.659939  1.547262  1.4912202 1.5167477 1.888499
 1.8776053 1.6353317 1.7929491]
[4.6489987 4.708988  4.473423  4.592957  4.4587893 4.577819  4.850755
 4.432787  4.419311  4.592482  4.7615275 4.694117  4.5161667 4.365822
 4.695156  4.3944364 4.725641  4.328006  4.654253  4.399364  4.639827
 4.76503   4.5870204 4.5260515]
[1.4870349  1.346515   1.4224741  1.2213117  0.88316166 1.0881829
 1.2820137  0.9293783  1.2845664  1.137546   1.2216976  1.2480859
 1.5582447  1.0631007  1.2349066  1.1477569  1.1614705  1.2084589
 0.84032893 1.1737297  1.748365   1.3918412  1.0316663  1.5935676 ]
[1.0043578  1.0913887  1.0032002  1.01258    1.03787    1.0655644
 1.1141853  1.0176855  0.98844767 1.0165873  1.0907357  1.0993735
 0.987854   0.9836687  1.0796936  1.0192587  1.1055179  0.9275676
 1.1032916  0.9473069  1.0135893  1.1465399  1.072718   0.99147534]
[1.9224862 1.9123939 1.8787036 1.8706001 1.652637  1.7798885 1.8927734
 1.6072812 1.7737144 1.7405287 1.7966892 1.8306763 1.9286603 1.8201388
 1.8575692 1.7652547 1.8646338 1.7480385 1.6829435 1.8405311 2.0631247
 1.8635058 1.7305255 1.9944084]
[-0.07714641  0.04069555 -0.07854152  0.04936302  0.22900522  0.17144966
  0.10130847  0.17839551  0.02457762  0.10584998  0.15230405  0.11968231
 -0.09946811  0.06657922  0.10629523  0.03829122  0.12926996  0.02137184
  0.32143843  0.05259848 -0.2035371   0.06414521  0.17759407 -0.2278179 ]
[6.536192  6.450319  6.5177884 6.4724326 6.22915   6.367473  6.4004807
 6.208787  6.4328055 6.34809   6.3249965 6.412562  6.5242    6.468485
 6.4521294 6.41366   6.40428   6.378723  6.226597  6.4801207 6.7445674
 6.4870367 6.286379  6.5439095]
[0.1747148  0.29136944 0.17290413 0.29030085 0.47982752 0.4167806
 0.33901083 0.4129218  0.27462816 0.34545207 0.3889675  0.37166226
 0.1397481  0.32123065 0.34862816 0.3011055  0.39086723 0.25272202
 0.55890334 0.28736222 0.05161893 0.3214978  0.42933655 0.02350903]
[4.015146  3.9468153 3.9912806 3.9646845 3.729327  3.8646226 3.8995893
 3.710419  3.9135404 3.8336334 3.832179  3.8942168 4.0174313 3.9515052
 3.9339623 3.8912187 3.9104831 3.864682  3.7255275 3.9705617 4.2036333
 3.9565809 3.7946892 4.043256 ]
[0.81272364 0.92643964 0.82237065 0.92640996 1.1305407  1.0638131
 0.9330293  1.051079   0.9277457  0.9674914  1.0215147  0.97529805
 0.81797755 1.0085135  0.9447541  0.94647574 1.0368608  0.9426763
 1.1683867  0.98022544 0.702065   0.8910574  1.0782391  0.7090405 ]
[20.917809 21.116745 21.104456 20.98599  21.057943 21.105583 20.821161
 20.930809 21.136246 20.734041 20.862894 21.083292 21.345394 21.057646
 20.959513 21.139334 21.17911  21.031466 20.872215 20.968061 21.139008
 21.156729 21.019829 21.352695]
[131.23209 130.74199 130.63353 130.79286 129.86787 130.02744 131.51813
 130.20456 130.1504  130.7481  131.08592 130.55513 130.72153 130.37578
 130.67656 129.6515  130.49362 130.40057 130.04596 130.3662  130.70404
 130.7135  130.16031 131.12102]
[250.2617  250.41028 250.16872 250.32582 250.46257 250.43701 250.50323
 250.66277 250.32063 250.60634 250.6215  250.51924 250.16068 250.32422
 250.53993 250.25583 250.3971  250.32791 250.70407 250.2259  250.04509
 250.43051 250.44194 250.06133]
[396.41934 396.56424 396.49692 396.83997 397.77267 397.1772  396.5741
 397.54883 397.40317 397.1498  396.93314 396.90485 396.83237 397.14014
 396.67072 397.09836 396.90933 397.4358  397.5419  397.23807 395.8407
 396.4316  397.35483 395.99332]
[470.45068 471.27167 471.3198  471.22125 472.7499  471.63174 470.78214
 472.00482 471.6888  471.7745  471.21722 471.25146 471.6122  472.13354
 471.02396 471.69873 471.65732 472.6019  472.20984 472.0192  470.5195
 470.61975 471.6969  471.1774 ]
[501.28116 501.3156  501.5964  501.5856  502.5204  502.10178 501.32428
 502.6389  502.15665 501.85263 501.4509  501.6364  501.44638 502.08997
 501.6255  502.2077  501.3378  502.16394 502.39932 502.1913  500.74902
 501.3698  502.24634 500.87326]
[174.80821 175.21626 175.31361 174.74286 175.63603 175.42732 175.73314
 176.01959 175.45956 175.14197 175.34875 175.74689 174.71185 175.44371
 175.45457 175.37132 174.79945 175.1175  175.72238 174.75925 173.87175
 175.57843 175.59769 174.6428 ]
[354.14386 353.6866  353.79468 354.63943 356.13724 355.32144 353.9925
 356.4747  355.27582 355.26447 354.57745 354.86407 353.36374 355.35687
 354.57916 355.44308 354.51163 355.01248 356.3727  355.08624 352.67496
 354.46027 355.76715 352.47156]
[162.1211  162.62071 162.74924 163.07808 165.28625 164.26367 162.7412
 165.17226 163.86375 163.82849 163.58743 163.34692 162.37552 164.34206
 163.07208 164.09785 163.10484 164.32718 165.23822 164.07455 160.85179
 162.54578 164.6836  161.30815]
[125.9201   126.28274  126.63954  126.73585  128.67206  127.721985
 126.0762   128.39885  127.54102  127.21721  126.7082   126.86217
 126.1544   128.30252  126.66543  127.901375 126.781876 127.93975
 128.38237  127.8456   125.15313  126.27412  127.956436 125.34848 ]
[46.27194  46.10277  46.378735 46.09271  45.90271  46.087605 45.941414
 45.959194 46.19292  45.980152 45.798668 45.962845 46.220764 46.510975
 46.123016 46.218357 45.97184  46.24062  45.729153 46.47954  46.66785
 45.962578 45.86029  46.34828 ]
[12.319501  12.1290245 12.191507  12.081472  11.697847  11.944306
 12.046179  11.667096  12.029823  11.9086275 11.955141  12.014032
 12.274531  12.044932  12.055559  11.913406  12.038283  12.011361
 11.65454   12.114391  12.59413   12.066363  11.786392  12.345118 ]
[-1.2731087 -1.1956655 -1.4227116 -1.2623931 -1.2497481 -1.1903819
 -1.0553534 -1.2570205 -1.3915147 -1.2265359 -1.0658019 -1.1632812
 -1.36385   -1.3910694 -1.1758668 -1.443282  -1.1330341 -1.3828175
 -1.0891922 -1.3773855 -1.3949876 -1.1776775 -1.1958139 -1.4292419]
[2.2865496 2.2261147 2.203526  2.1918902 1.8994224 2.0875244 2.235079
 1.9521396 2.1293182 2.0745528 2.1762767 2.1599808 2.3236535 2.06731
 2.183579  2.0256944 2.1391432 2.1164951 1.9493197 2.1257265 2.4340153
 2.2371569 2.0228448 2.3397713]
[-1.6151769 -1.4878067 -1.6666178 -1.5119984 -1.3721316 -1.3972138
 -1.3799976 -1.3768512 -1.5617176 -1.4528993 -1.3431015 -1.415083
 -1.63269   -1.5723442 -1.4432226 -1.5810117 -1.4097104 -1.5641516
 -1.2457112 -1.582763  -1.778434  -1.4444693 -1.3653342 -1.7476823]
[3.5617955 3.5323203 3.5030823 3.5470133 3.344337  3.4742007 3.557165
 3.3821237 3.4846787 3.4519086 3.518933  3.509019  3.5883322 3.456658
 3.5302424 3.4158733 3.496077  3.4665127 3.407295  3.494979  3.6494794
 3.563517  3.4351377 3.565773 ]
[-1.0264717  -0.89456    -1.0490903  -0.872921   -0.6628239  -0.73133254
 -0.7982086  -0.6816133  -0.8929274  -0.79794145 -0.7249507  -0.7891849
 -1.0319928  -0.8890389  -0.8186009  -0.90747213 -0.7890365  -0.8862487
 -0.5493157  -0.8988937  -1.2193823  -0.8486402  -0.6976719  -1.1994649 ]
[4.6254005 4.5839634 4.596163  4.6262913 4.4474506 4.557753  4.5855365
 4.472948  4.5819445 4.529554  4.5523806 4.5706654 4.643567  4.578828
 4.6002293 4.537865  4.5600977 4.551104  4.484109  4.605157  4.72662
 4.6281614 4.514772  4.6156945]
[-0.27376735 -0.14191496 -0.26064742 -0.09819174  0.14951384  0.05010509
 -0.07370317  0.11552668 -0.09127557 -0.02166867  0.0152868  -0.02618051
 -0.27130365 -0.07824469 -0.05630887 -0.08329082 -0.02362776 -0.09691536
  0.23417008 -0.10038829 -0.46186924 -0.08504212  0.0877136  -0.44545448]
[4.406399  4.370304  4.3858876 4.434093  4.285648  4.3763    4.367781
 4.303072  4.387105  4.336317  4.344539  4.362527  4.418272  4.4042616
 4.396722  4.3586683 4.3686714 4.353266  4.3147373 4.4263163 4.485178
 4.4099016 4.3409476 4.3841662]
[-0.4858235  -0.35144806 -0.4598508  -0.28466105 -0.00540233 -0.1237489
 -0.2968608  -0.04437625 -0.26756358 -0.20712876 -0.1821059  -0.23140955
 -0.4701805  -0.24078941 -0.26162696 -0.25607622 -0.21398556 -0.26462495
  0.06444204 -0.26281428 -0.6890341  -0.30294585 -0.08014441 -0.6623193 ]
[4.195114  4.164333  4.17585   4.252017  4.1192145 4.2045536 4.1643033
 4.134353  4.194105  4.1467013 4.150115  4.161899  4.2034554 4.23955
 4.2009916 4.173416  4.183538  4.165431  4.151807  4.2592597 4.2551928
 4.1923537 4.172644  4.159079 ]
[-0.19662094 -0.04594946 -0.15144324  0.04547453  0.3875724   0.23455596
  0.00691617  0.341712    0.07895708  0.1367501   0.1492467   0.09172082
 -0.16480064  0.12383795  0.05648696  0.09626234  0.11240995  0.09952748
  0.45145047  0.09848857 -0.43859768 -0.0068568   0.28997433 -0.39036262]
[7.9402924 7.9220963 7.958547  7.9895363 7.8415956 7.919692  7.885408
 7.839726  7.916694  7.8409724 7.8176417 7.8493133 7.960892  8.065584
 7.919069  7.9533825 7.921206  7.9098077 7.8262496 8.063417  8.043827
 7.863591  7.893393  8.006485 ]
[31.492329 32.12897  32.08053  31.994923 33.14734  32.32669  31.796135
 32.84294  32.49933  32.334053 32.20244  32.16658  32.307278 32.748993
 31.905102 32.538185 32.330727 32.937927 32.76437  32.391518 31.236103
 32.03758  32.557835 31.978775]
[74.26982  74.33925  73.92814  74.45546  73.61154  74.05723  74.74158
 73.7628   73.69542  74.1876   74.3993   74.11247  73.94669  74.21577
 74.367355 73.665146 74.35281  73.827095 74.16204  74.30218  74.36267
 73.879814 74.062065 74.29695 ]
[97.39997  97.56096  97.25523  97.459755 97.01084  97.243614 97.7387
 96.965645 97.089325 97.40498  97.62384  97.42465  97.44558  97.41664
 97.369484 96.94245  97.65164  97.35405  97.263664 97.309944 97.66215
 97.313255 97.24268  97.66384 ]
[114.36949  114.27003  114.051704 114.40731  113.84066  114.05577
 114.50522  114.054085 114.00881  114.12931  114.202095 114.20903
 114.078896 114.22748  114.28752  114.02232  114.373825 113.84391
 114.10539  114.11085  114.29158  114.24739  114.15793  114.437706]
[106.7603   106.75097  106.57587  106.782684 106.581436 106.486046
 106.93411  106.63339  106.60019  106.704025 106.722336 106.74345
 106.71682  106.6584   106.63948  106.563965 106.936104 106.586655
 106.615715 106.5022   106.725365 106.82699  106.61397  107.03992 ]
[102.9621   103.27783  103.20729  103.28216  104.04505  103.59533
 103.41472  104.175644 103.42241  103.461395 103.394196 103.317345
 103.04846  103.92175  103.38051  103.54522  103.23288  103.71495
 104.01144  103.679504 102.19532  102.89577  103.726555 103.02906 ]
[155.33315 155.52132 155.36485 155.7762  156.7697  156.12967 155.88126
 156.97406 155.90799 156.1342  156.06485 155.85815 155.18164 156.01962
 155.7997  156.05746 155.73427 155.99847 156.8426  155.89404 154.16866
 155.44281 156.44998 154.99353]
[134.7497  134.6938  134.75276 134.99191 135.37306 135.28459 134.93
 135.66876 135.0127  135.10796 135.10732 134.93793 134.45612 135.2741
 135.02728 135.05368 134.80246 135.07031 135.47758 135.11308 134.08282
 134.67892 135.3113  134.32593]
[67.177216 67.46782  67.544815 67.516945 68.43044  67.98825  67.4728
 68.538635 67.90526  67.881096 67.75233  67.65209  67.40198  68.37366
 67.67554  67.85758  67.46277  68.2866   68.33504  68.07534  66.5891
 67.26425  67.977356 67.02296 ]
[30.289688 30.370039 30.453716 30.316105 30.593643 30.422104 30.220318
 30.504683 30.442675 30.40747  30.236198 30.230143 30.422134 30.891512
 30.354546 30.428635 30.293575 30.786642 30.394114 30.803888 30.270424
 29.972672 30.295267 30.364637]
[26.337263 26.274126 26.247856 26.314821 26.272465 26.317019 26.277866
 26.218739 26.215889 26.25587  26.23643  26.21657  26.228207 26.422958
 26.301672 26.183533 26.302326 26.303038 26.255722 26.437532 26.29348
 26.10989  26.213158 26.222923]
[26.05177  26.041174 25.878836 26.17353  26.178637 26.172907 26.190628
 26.169672 26.009174 26.146667 26.20544  26.115173 25.94215  26.026777
 26.136545 25.938025 26.180565 26.01621  26.300812 26.087389 25.83915
 26.039066 26.158985 25.834608]
[3.7633438 3.7216392 3.6586812 3.7744453 3.6480844 3.7265666 3.7222624
 3.6576126 3.752569  3.7600193 3.8110743 3.707332  3.873943  3.6885722
 3.7200363 3.5616767 3.733542  3.8691938 3.6962006 3.8186436 3.8394513
 3.6550598 3.6487076 3.7014546]
[1.6132772 1.5980794 1.5700289 1.536487  1.4052876 1.5290365 1.5706226
 1.4382656 1.5136013 1.5002736 1.5524565 1.5238717 1.653765  1.5568793
 1.5757577 1.4339912 1.5157682 1.5891745 1.4193574 1.5647156 1.6868913
 1.5648344 1.4493967 1.6046097]
[0.8637786  0.95891297 0.8253983  0.991505   1.0951288  1.078061
 1.0544629  1.1413454  0.95264983 1.0026065  1.1073285  1.0132627
 0.8968456  0.9273598  1.0024581  0.9092828  1.0010036  0.9763073
 1.1970309  0.9352852  0.64216447 0.975862   1.1247822  0.7702174 ]
[5.877494  5.8707557 5.8237677 5.9358807 5.8738427 5.9328527 5.920772
 5.9175663 5.9019527 5.8820353 5.9430637 5.896135  5.905871  5.868322
 5.901626  5.8404493 5.8781767 5.8992515 5.946804  5.908275  5.8184543
 5.9063754 5.9476647 5.800674 ]
[3.134626  3.1857104 3.1378317 3.2483122 3.3282192 3.3087173 3.223408
 3.346682  3.2480154 3.248906  3.273988  3.230532  3.183039  3.2614617
 3.2351625 3.2210631 3.2202022 3.2751753 3.378621  3.2711978 3.025303
 3.2117722 3.3342745 3.0432315]
[5.1305184 5.1387405 5.122741  5.2156496 5.1892614 5.2225657 5.167563
 5.222269  5.1869755 5.15756   5.177982  5.1584797 5.161953  5.2066555
 5.1798816 5.1638527 5.1509995 5.1895285 5.233905  5.221913  5.0774746
 5.170442  5.2323613 5.07228  ]
[3.9580057 4.0327477 3.970918  4.1352434 4.2780786 4.217466  4.0879583
 4.2890615 4.125003  4.143644  4.157357  4.1061244 3.9998293 4.155695
 4.1089144 4.1166024 4.1088257 4.149432  4.3393745 4.1598806 3.7866452
 4.0644197 4.262287  3.8359191]
[5.4647207 5.474041  5.462138  5.587015  5.5930405 5.6042905 5.5085626
 5.620705  5.553117  5.531062  5.5332294 5.5113525 5.488497  5.595831
 5.5373254 5.5410357 5.5125995 5.559469  5.640326  5.6107316 5.383448
 5.5079393 5.6202006 5.376384 ]
[3.8331883 3.9049323 3.857944  4.0224476 4.178937  4.108321  3.9494867
 4.182766  4.0140176 4.0259504 4.022982  3.9773889 3.8738542 4.066883
 3.986828  4.0174904 3.9895885 4.0410295 4.2276173 4.0675364 3.6607294
 3.931944  4.152074  3.707332 ]
[5.8112116 5.822402  5.819612  5.9547296 5.982483  5.978476  5.8516397
 6.0013022 5.919941  5.895007  5.8807592 5.863513  5.832524  5.9853325
 5.894443  5.9220185 5.876752  5.9254913 6.0211306 5.996345  5.7191343
 5.8525305 5.998423  5.7147713]
[5.000447  5.052363  5.027607  5.1930904 5.318739  5.259076  5.0902977
 5.3244977 5.1735587 5.1721044 5.1522465 5.1180515 5.0347013 5.2446795
 5.138978  5.1861444 5.137138  5.1943965 5.3600874 5.2477665 4.846362
 5.0799975 5.2993855 4.8790727]
[6.2836776 6.3147855 6.3052278 6.464626  6.554744  6.5143747 6.341886
 6.5547733 6.4275813 6.412621  6.3834724 6.358212  6.3077507 6.5382695
 6.3928223 6.4501405 6.3955235 6.4517436 6.583566  6.540763  6.147729
 6.3184366 6.5492525 6.1739097]
[7.150187  7.284325  7.2116013 7.3469863 7.478809  7.4077473 7.2807035
 7.462691  7.278151  7.2613206 7.2959313 7.214807  7.258827  7.5368395
 7.2611127 7.344641  7.3379326 7.3934107 7.4645905 7.4868827 6.9780846
 7.0998445 7.4751873 7.239741 ]
[41.84393  42.46561  42.400486 42.15575  42.880463 42.500103 42.178516
 42.680813 42.28009  42.064415 42.013092 42.159164 42.30298  42.919556
 42.311794 42.598354 42.319096 42.58574  42.68571  42.64861  41.621693
 42.101013 42.481018 42.386536]
[82.0702   82.832436 82.66955  82.46306  83.43046  82.84306  82.62345
 83.248634 82.683556 82.6002   82.57912  82.57585  82.65334  83.21439
 82.65347  82.8869   82.67446  83.13151  83.25407  82.95917  81.65942
 82.35948  82.88871  82.66018 ]
[147.28615 147.78198 147.6179  147.52034 148.17282 147.85036 147.68431
 148.15067 147.64397 147.60947 147.63562 147.60757 147.55948 148.07869
 147.71642 147.7249  147.65485 147.97157 148.10274 147.87126 146.84975
 147.35858 147.80388 147.59868]
[186.72736 186.81706 186.80612 186.96388 187.62932 187.4071  187.00932
 187.81905 187.09561 187.18095 187.16225 187.03386 186.54515 187.41951
 187.04762 187.14659 186.92577 187.26062 187.6598  187.20448 185.96992
 186.69148 187.49046 186.37822]
[341.14526 341.21378 340.79135 341.33734 342.20032 341.4938  341.23853
 341.99612 341.6767  341.79312 341.39206 341.7051  341.00974 341.60526
 341.43985 341.58102 341.6497  341.6532  342.15427 341.34012 340.34006
 341.13632 341.62036 340.56384]
[588.94604 588.8689  588.9577  588.96924 589.08997 589.0524  588.81616
 589.0735  589.0167  589.0378  589.05804 588.8994  588.9677  589.06964
 589.0084  588.9706  588.78973 589.1913  589.2167  589.1476  588.82745
 588.97925 588.9366  588.608  ]
[476.66336 476.42853 477.05118 476.88876 477.343   477.31384 475.8003
 477.31964 477.41672 476.8111  476.24738 476.41473 476.8922  477.93137
 476.54083 477.35767 476.55563 477.7895  476.81036 477.9028  476.86584
 476.093   477.073   476.4582 ]
[492.5687  492.3011  492.8685  492.9041  492.92557 493.17194 491.7887
 492.97394 493.17242 492.67694 492.3286  492.30066 492.81567 493.63217
 492.46915 493.05365 492.46533 493.44287 492.65976 493.7419  492.98706
 492.12506 492.9068  492.31326]
[244.88617 244.65596 245.31136 245.34215 245.84396 245.86101 244.21909
 245.92902 245.76358 245.34601 244.80186 244.81694 245.13916 246.47116
 245.01143 245.75772 244.84653 246.22168 245.56876 246.46654 245.05853
 244.50452 245.61362 244.40363]
[122.32768  122.04742  122.376945 122.4367   122.49814  122.55681
 121.91368  122.49727  122.54387  122.333595 121.996735 122.11475
 122.26312  122.7999   122.29392  122.49217  122.15827  122.57143
 122.36446  122.92953  122.429825 122.06541  122.3693   121.92407 ]
[16.322624 16.226688 16.327494 16.420046 16.181986 16.360025 16.102406
 16.235209 16.45706  16.340227 16.238176 16.140965 16.57036  16.369911
 16.271511 16.192108 16.24536  16.569975 16.225502 16.7568   16.693634
 16.020422 16.14889  16.295494]
[16.13105  16.341087 16.049421 16.170767 15.913414 16.096529 16.316183
 15.834754 15.906231 16.02045  16.092937 16.105167 16.227194 16.221613
 16.240225 15.85571  16.262903 16.06569  16.015642 16.08789  16.218912
 16.162752 16.001453 16.263437]
[-5.760513  -5.701236  -5.963842  -5.7571588 -5.856478  -5.722964
 -5.546765  -5.85912   -5.988657  -5.763689  -5.612958  -5.7235575
 -5.89094   -5.933209  -5.6776376 -6.05583   -5.650032  -5.951108
 -5.674966  -5.9013    -5.8780875 -5.728455  -5.760186  -5.9352274]
[3.7089348 3.633213  3.5563042 3.506585  3.1589067 3.4029908 3.6404855
 3.2240016 3.442143  3.4397979 3.6024911 3.5102954 3.770824  3.3325825
 3.5381975 3.2567422 3.4974723 3.4864597 3.2172043 3.431546  3.8831747
 3.624338  3.3260522 3.746365 ]
[0.36818933 0.47487044 0.23595107 0.36308384 0.3343209  0.40627277
 0.6178243  0.35236824 0.24337184 0.38855195 0.5653446  0.48428
 0.31027758 0.18851745 0.46676695 0.20430887 0.5039599  0.19516647
 0.49995267 0.19285119 0.27914    0.52708304 0.43548095 0.28869796]
[2.5928497 2.5474048 2.485664  2.495311  2.1855378 2.3711166 2.581689
 2.2458243 2.4250808 2.3896093 2.5187309 2.4786587 2.648654  2.3040626
 2.4890478 2.3041813 2.462333  2.3920434 2.2598052 2.3856616 2.739603
 2.5766723 2.3370702 2.6610317]
[-0.512004   -0.4118532  -0.58843803 -0.46305656 -0.42708063 -0.39819896
 -0.3065672  -0.42357802 -0.54061854 -0.4309988  -0.31262255 -0.37843
 -0.54058886 -0.55816126 -0.38766146 -0.57050943 -0.36551785 -0.5554601
 -0.29469395 -0.55062175 -0.5967493  -0.37394786 -0.3870678  -0.61147213]
[3.520922  3.4711137 3.4557674 3.4408665 3.1684053 3.3283973 3.4796624
 3.2037578 3.3787992 3.336946  3.4060185 3.4144783 3.542739  3.326171
 3.4422023 3.3060756 3.3975885 3.3423483 3.216492  3.3705769 3.6827245
 3.5067036 3.2726524 3.5680883]
[-0.15868592 -0.04526675 -0.19187164 -0.05880225  0.06260169  0.0339278
  0.04247653  0.04298115 -0.10154593 -0.01059687  0.06592619  0.02493382
 -0.18599439 -0.10596871  0.00911272 -0.10543442  0.02870357 -0.12561893
  0.17346811 -0.11629844 -0.2791103   0.00359166  0.05135179 -0.28682792]
[4.555497  4.4898973 4.5210943 4.4967837 4.2500577 4.385947  4.470366
 4.262436  4.448371  4.3837504 4.4012933 4.446916  4.559326  4.4299374
 4.482358  4.40907   4.437299  4.3935757 4.268194  4.4590864 4.7306275
 4.5351343 4.32382   4.585358 ]
[0.26990855 0.37816286 0.27011633 0.3891753  0.54765344 0.49193823
 0.43319535 0.51087606 0.37507582 0.43818212 0.47822464 0.45866346
 0.24987245 0.38436663 0.4420706  0.38938308 0.46673727 0.34405696
 0.6273823  0.36338067 0.15746891 0.4329579  0.50752187 0.13758123]
[3.8149629 3.7498975 3.78338   3.7720706 3.538435  3.666933  3.721283
 3.541522  3.7166226 3.6510823 3.658503  3.7041261 3.8103323 3.7208674
 3.7463355 3.6898189 3.7173648 3.6569595 3.5465682 3.7466025 3.9814258
 3.7841518 3.6063201 3.8386202]
[-0.05811954  0.04606819 -0.04603851  0.07500923  0.24886322  0.18079984
  0.07150662  0.19513679  0.06637144  0.11243963  0.14072764  0.11246932
 -0.06280947  0.10596871  0.09902287  0.08602166  0.15301645  0.04900682
  0.30033374  0.08762455 -0.16420698  0.06752908  0.19507742 -0.17628801]
[2.2815628 2.3149562 2.2851543 2.2227607 1.9453125 2.0890381 2.2172692
 1.9260778 2.1195524 2.0027196 2.1136456 2.117534  2.4352324 2.2229981
 2.158289  2.1166434 2.253067  2.1339784 1.8723217 2.225343  2.5030286
 2.1571608 2.0389924 2.6292412]
[58.322063 58.781616 58.77016  58.504734 59.485523 58.767727 58.363888
 59.056126 59.036655 58.80373  58.708477 58.731247 59.08762  59.10733
 58.393837 58.915104 58.93873  59.491787 58.969154 58.84027  58.267506
 58.68957  58.834156 58.843475]
[286.55423 286.6893  286.45236 286.60736 286.81226 286.8657  286.8282
 287.0971  286.70175 286.84332 287.01688 286.8465  286.54556 286.61172
 286.76697 286.533   286.68033 286.71616 286.99384 286.53317 286.2322
 286.71545 286.89194 286.36267]
[505.72717 505.49838 505.43063 505.69766 505.61444 505.8228  505.87094
 505.8173  505.66464 505.64584 505.72748 505.82602 505.20267 505.50336
 505.71655 505.6557  505.85913 505.16525 505.7442  505.38348 505.47415
 505.93216 505.9318  505.25272]
[245.84848 245.41782 245.7307  244.14413 243.55852 244.515   246.45705
 244.67253 244.56367 243.99095 245.36218 245.80238 244.55289 243.33598
 245.30763 244.19264 244.32895 243.11812 243.7444  242.6945  245.18938
 246.8237  244.14444 246.00676]
[389.82803 388.39453 388.59296 389.21878 389.3805  389.25012 388.81763
 389.72888 389.93378 389.17432 388.48975 389.73596 387.79837 388.5545
 389.05737 389.80334 389.16898 387.90167 389.61636 388.59766 388.49976
 389.7838  389.74152 387.79916]
[556.90393 557.7278  557.1012  558.2842  560.4554  559.3949  557.8511
 559.6935  558.3061  559.0382  558.7594  558.7568  556.8907  559.4723
 558.0733  558.7735  558.9742  559.0496  560.7351  558.71857 555.6781
 557.6562  560.057   555.93384]
[432.18265 432.5734  432.60477 433.28625 434.26245 433.89932 432.41077
 433.81656 433.14313 433.33292 433.00632 433.00076 432.19128 434.11075
 432.90823 433.56284 433.5043  433.39523 434.25055 433.77313 431.94705
 432.5062  434.05032 431.7414 ]
[439.3643  439.29245 439.82947 439.69073 439.76318 439.95047 438.7667
 439.8149  440.0305  439.56168 439.18854 439.4898  439.5379  440.37125
 439.47452 440.21042 439.50165 440.03387 439.49747 440.20804 439.87457
 439.21295 439.70166 439.47253]
[456.47113 456.21796 456.87216 456.77573 456.71255 456.97772 455.57956
 456.7116  457.07965 456.50363 456.0245  456.2167  456.65973 457.5191
 456.4217  457.13336 456.38925 457.16577 456.41568 457.56146 457.08807
 456.02676 456.67334 456.3648 ]
[224.97568 225.56435 224.66077 225.15993 225.70592 225.25027 226.16435
 225.6463  224.81912 225.59837 226.03648 225.8245  224.63805 224.48756
 225.50636 225.03934 225.71036 224.77777 226.17189 224.08391 223.87889
 225.72153 225.79482 224.88968]
[31.055304 30.880054 30.957647 31.016834 30.771652 30.966166 30.774412
 30.713236 30.923868 30.809885 30.545555 30.794151 30.947554 31.221945
 30.986172 30.863283 30.840399 30.99573  30.722527 31.194191 31.162045
 30.804037 30.799465 30.832325]
[1.2285544  1.2552098  1.1349338  1.136982   0.88054955 1.1116029
 1.2204212  0.88194466 0.92047334 1.0579062  1.0418476  1.0435989
 1.159274   1.1373085  1.2521524  0.8548143  1.0879751  1.0814449
 0.9472178  1.146629   1.2472547  1.0944461  0.9308921  1.1572852 ]
[6.499385  6.671606  6.456819  6.426691  6.230871  6.4234257 6.6583676
 6.248503  6.299261  6.3643265 6.48389   6.4613013 6.61316   6.4441743
 6.5656376 6.226122  6.498494  6.4154115 6.307068  6.368067  6.5614223
 6.557831  6.352661  6.6283875]
[-1.0002022  -0.7552868  -1.1392972  -0.86541116 -0.7646667  -0.7692082
 -0.5461099  -0.7502407  -1.0058717  -0.8148608  -0.59787726 -0.7288095
 -0.96297956 -1.0575203  -0.7631825  -1.0749443  -0.68383956 -1.0091962
 -0.5445367  -1.0646442  -1.275988   -0.7598283  -0.6590245  -1.0707293 ]
[3.5778837 3.5929034 3.4360578 3.543303  3.3401814 3.4855397 3.6705842
 3.4031987 3.4648802 3.5007374 3.6591265 3.5428576 3.6647663 3.3495018
 3.54731   3.305749  3.5567198 3.4805825 3.4585874 3.4479015 3.612524
 3.5991368 3.4891312 3.5729563]
[2.6063852 2.6993527 2.5019007 2.6200395 2.591692  2.6606755 2.7973664
 2.6011312 2.5350566 2.642747  2.7771819 2.6909227 2.612678  2.5127943
 2.6914272 2.4644108 2.7252066 2.540845  2.72209   2.5439615 2.5693407
 2.7028553 2.6669683 2.5358877]
[3.11082   3.1152725 3.0364935 3.0476544 2.8353903 2.968341  3.1500018
 2.8624613 2.9806    2.9815798 3.077664  3.0571826 3.1468256 2.9291
 3.075616  2.9039881 3.0532348 2.961692  2.9070158 2.9687567 3.2238533
 3.1296985 2.9353037 3.1552556]
[0.5226009  0.6303506  0.45697153 0.5853807  0.62530446 0.6399679
 0.7282158  0.61773527 0.5139928  0.61322343 0.7187172  0.66047895
 0.51022303 0.5009916  0.65344405 0.48422062 0.6781107  0.49965584
 0.74837065 0.50859046 0.44218934 0.65151465 0.65347373 0.43812275]
[3.4653552 3.4493263 3.4058404 3.4197025 3.2259312 3.3441293 3.464999
 3.2365577 3.3591785 3.3472164 3.4089868 3.4074137 3.4828978 3.3384597
 3.431279  3.2993374 3.4085417 3.3391426 3.2788265 3.3700426 3.5835235
 3.4683235 3.2975268 3.4813247]
[0.786929   0.8882375  0.76997995 0.8732475  0.96683836 0.9422904
 0.9462383  0.9347509  0.83958685 0.905424   0.95980346 0.93641317
 0.77508545 0.8498275  0.92976415 0.838637   0.94790053 0.819432
 1.0504854  0.83926034 0.7127509  0.91640675 0.946921   0.6921805 ]
[4.029423  3.9978998 4.0054393 3.990687  3.8058798 3.905526  3.9798822
 3.7936206 3.9416206 3.8999753 3.9137778 3.955542  4.029958  3.9500804
 3.989262  3.9206643 3.9626956 3.898313  3.822057  3.9654562 4.1716647
 4.0199246 3.851562  4.054179 ]
[1.0831962  1.1718299  1.0851849  1.1688023  1.2596029  1.2280794
 1.2067966  1.2213117  1.147371   1.1915395  1.2227662  1.217156
 1.0695419  1.1583241  1.2147814  1.161055   1.2321757  1.1118997
 1.3206611  1.1447293  1.0307461  1.2071232  1.2293261  0.99957883]
[3.582158  3.547518  3.5545528 3.5309844 3.343595  3.4453487 3.5019248
 3.3000498 3.4655035 3.4162    3.4250157 3.4676704 3.5746186 3.5365353
 3.5131745 3.4627132 3.52202   3.4340692 3.3302376 3.5471618 3.7345512
 3.5051007 3.3864276 3.63069  ]
[19.288027 19.545143 19.476427 19.462267 19.927996 19.567791 19.343655
 19.75162  19.736717 19.531666 19.65791  19.609644 19.802555 19.71131
 19.281675 19.622765 19.758238 19.955631 19.656218 19.49002  19.20815
 19.54081  19.688334 19.726387]
[74.47585  74.20027  74.10772  74.12612  73.33712  73.56253  74.52753
 73.43335  73.64271  74.078575 74.02075  73.94274  74.08816  73.54724
 74.347885 73.498474 73.885124 73.49916  73.5294   73.91261  74.68111
 74.183914 73.38716  74.27508 ]
[150.92464 151.03612 150.92267 150.62823 150.39542 150.47873 151.17633
 150.49765 150.6007  150.83038 151.06026 150.87556 150.99103 150.55003
 150.8692  150.40894 150.68286 150.76161 150.52464 150.5326  151.06026
 150.90276 150.44708 151.20001]
[145.74426 145.97188 145.82108 145.70728 145.49841 145.48834 145.7331
 145.34003 145.64691 145.57825 145.54904 145.67105 145.94028 145.51776
 145.7885  145.67667 145.8613  145.5214  145.4252  145.56104 146.18332
 145.88133 145.36908 146.15129]
[209.51004 209.21193 209.25266 209.0221  208.33379 208.60423 209.34167
 208.53116 208.87657 208.80003 208.84398 209.10065 209.15501 208.75826
 209.14798 208.9194  209.03783 208.5069  208.32135 208.62587 209.8345
 209.4401  208.5356  209.77557]
[276.1692  275.6536  275.54782 275.58206 274.84424 275.01013 275.96118
 275.0606  275.32654 275.3928  275.29224 275.80878 275.31192 275.1389
 275.8161  275.51544 275.69296 274.64215 274.91882 274.8397  276.2466
 276.12872 274.98538 276.07584]
[171.01952 170.65025 170.97876 170.59724 170.42436 170.77673 171.13039
 171.31465 170.96846 170.54782 170.87154 170.98434 170.60432 170.20183
 170.90387 170.73964 170.27034 170.16074 170.53462 170.10997 170.3503
 171.42462 170.84154 170.80772]
[163.78786 162.99197 163.52216 163.36707 163.15797 163.289   163.457
 164.06668 163.72836 163.2876  163.2881  163.48161 163.08873 163.1426
 163.34395 163.66441 162.83153 162.94199 163.19693 163.05705 163.02623
 163.86897 163.53233 163.36809]
[174.207   175.0173  174.82854 175.60606 178.1571  176.62346 175.14494
 177.6893  176.15613 176.35071 175.82776 175.88034 174.39653 176.77536
 175.49403 176.66061 175.90436 176.51201 177.98933 176.28543 172.68854
 174.81943 177.22221 173.5752 ]
[160.52461 161.1816  161.2283  161.90439 164.87941 163.48177 161.4581
 164.7393  162.78964 162.95688 162.7761  162.21509 160.7998  163.29199
 161.76744 163.09279 161.99776 163.43216 164.92087 162.98793 158.60483
 161.18387 164.17953 159.32904]
[82.37     82.20809  82.658325 82.54924  82.619484 82.68785  81.78461
 82.44169  82.752144 82.31813  81.79987  82.19826  82.43601  83.43295
 82.380585 82.84692  82.35545  82.894264 82.32573  83.29482  82.878975
 82.09273  82.36586  82.23386 ]
[-0.8533598  -0.9423795  -0.7843466  -0.59740233 -0.25022864 -0.23983955
 -0.9802551  -0.17688167 -0.5238476  -0.44800723 -0.5398468  -0.80862737
 -0.8237361  -0.20858324 -0.70212436 -0.62037706 -0.73005617 -0.24693382
 -0.24812114 -0.08198476 -0.9777914  -1.0201492  -0.36611152 -1.3463666 ]
[6.625152  6.5169573 6.3852534 6.4935374 6.2181373 6.508913  6.6000996
 6.3280835 6.4167175 6.4428387 6.6203136 6.551538  6.55976   6.337167
 6.5429893 6.229981  6.4788737 6.397453  6.4104543 6.3832645 6.609034
 6.5994167 6.4716606 6.3828487]
[-3.2526755 -3.1254241 -3.4504838 -3.1990383 -3.119339  -3.089092
 -2.9210262 -3.1792693 -3.3663917 -3.1126306 -2.915802  -3.0361373
 -3.4128456 -3.4139736 -3.0784655 -3.4107084 -3.0175853 -3.4287856
 -2.874305  -3.39931   -3.4908528 -3.07336   -3.0415397 -3.5451136]
[6.2014556 6.0975943 6.1270695 6.085038  5.8743176 6.0285215 6.0939136
 5.917002  6.138765  6.026295  6.1135635 6.105312  6.267322  5.9493566
 6.055919  6.0014505 6.022793  6.0745897 5.8928995 6.042443  6.3324766
 6.179668  6.0211897 6.177828 ]
[1.41256   1.4919623 1.410215  1.4748055 1.6033037 1.586503  1.5254152
 1.5794978 1.495079  1.5171039 1.571513  1.5708007 1.4109274 1.4865303
 1.517282  1.5037168 1.561866  1.4599936 1.6676567 1.4445287 1.3532531
 1.5879278 1.6157706 1.3071256]
[1.7304364 1.7390445 1.7322768 1.7686683 1.6203715 1.7198989 1.73385
 1.6246458 1.7050277 1.6503811 1.6851994 1.7042263 1.7742487 1.7469699
 1.7331376 1.6888504 1.7051761 1.7017922 1.6599984 1.7630879 1.8045552
 1.7256278 1.6867726 1.7678668]
[-2.8966563 -2.726572  -2.8631442 -2.6415002 -2.2590036 -2.4125247
 -2.6301317 -2.2885976 -2.62093   -2.5209868 -2.4753935 -2.5600202
 -2.880954  -2.5815403 -2.6077802 -2.6091456 -2.5731697 -2.5787501
 -2.1494431 -2.6063852 -3.204767  -2.6758733 -2.3501308 -3.1353085]
[4.9378157 4.888631  4.893291  4.998072  4.856098  4.961087  4.9162955
 4.880052  4.9303355 4.8906193 4.904897  4.917631  4.929326  4.9793425
 4.9433365 4.8949237 4.9059954 4.914277  4.924755  5.001189  4.966816
 4.929     4.9307213 4.8492117]
[-0.5434681  -0.39205456 -0.5176438  -0.30579543  0.08495307 -0.07566226
 -0.30297554  0.03582752 -0.25898516 -0.18323386 -0.15916085 -0.20620859
 -0.5449226  -0.23218131 -0.26459527 -0.25079262 -0.2309643  -0.24366868
  0.18359005 -0.26501083 -0.8416053  -0.3179655  -0.01350582 -0.81640434]
[6.659614  6.610459  6.6599407 6.7268167 6.613724  6.6925626 6.604997
 6.636194  6.6974306 6.6168113 6.5971313 6.627764  6.6772757 6.747506
 6.662167  6.6781664 6.6212935 6.6710424 6.6355414 6.7658205 6.7064543
 6.6528463 6.666857  6.6025634]
[-0.8723273  -0.7206466  -0.8296133  -0.6146482  -0.21677577 -0.388641
 -0.660568   -0.2613895  -0.56311834 -0.51016366 -0.49455035 -0.5592892
 -0.8372716  -0.51250863 -0.6113534  -0.54976094 -0.5466145  -0.5293093
 -0.15426314 -0.546852   -1.1718893  -0.67398477 -0.31383955 -1.1022824 ]
[5.034612  5.018613  5.028646  5.1511483 5.087389  5.139542  5.027874
 5.099826  5.0887837 5.0423894 5.0330687 5.0316143 5.0459213 5.181069
 5.074061  5.086558  5.0667295 5.0811553 5.119981  5.196415  5.0166245
 5.0257072 5.13224   4.966816 ]
[0.35141838 0.51883113 0.42197514 0.65118814 1.087708   0.881915
 0.57273567 1.0414914  0.711059   0.761075   0.75347614 0.6832756
 0.40879583 0.77383876 0.64005697 0.7361709  0.70301485 0.75644445
 1.139505   0.74379945 0.03306699 0.5557569  0.9666306  0.1283201 ]
[18.29569  18.624432 18.5404   18.577473 18.70621  18.710987 18.509201
 18.760796 18.574327 18.35301  18.49439  18.517187 18.622147 18.85789
 18.55999  18.700302 18.582489 18.606651 18.702826 18.69294  18.166956
 18.428286 18.771362 18.681334]
[57.923122 58.546646 58.6316   58.08427  59.42681  58.612453 58.152958
 59.08308  58.809254 58.43011  58.387516 58.471252 58.653267 59.126446
 58.20173  58.855854 58.40675  59.344498 58.959507 58.70569  57.562504
 58.309803 58.689274 58.467392]
[246.09895 246.54842 246.1867  246.62944 247.36069 247.16278 246.75534
 247.65407 246.70702 246.89952 247.1413  246.66632 246.35896 246.86272
 246.66927 246.56427 246.59412 247.04832 247.61182 246.87715 245.20074
 246.16113 247.2991  245.89369]
[312.02695 312.18948 312.18015 312.0656  312.69455 312.53268 312.5206
 312.6055  312.22556 312.24994 312.04398 312.50537 311.51562 312.501
 312.4004  312.56516 312.36984 311.9507  312.7077  312.09564 311.57904
 312.33945 312.72025 311.6965 ]
[552.2188  552.2534  552.0805  552.3338  552.80536 552.58417 552.33246
 552.7786  552.4518  552.6007  552.4733  552.53436 552.08795 552.60803
 552.4476  552.46216 552.598   552.5182  552.86743 552.4063  551.948
 552.47656 552.6669  551.8301 ]
[549.89935 550.0655  549.8254  550.4121  550.8186  550.6189  550.39166
 551.0606  550.47705 550.5929  550.6386  550.3661  549.93335 550.0035
 550.3253  550.37476 550.34235 550.24036 551.03815 550.22546 549.27637
 550.1778  550.92755 549.5154 ]
[548.1056  547.88324 547.7863  548.4618  549.3099  548.89764 547.78986
 549.42175 548.7824  548.9676  548.5473  548.4125  548.02246 548.6446
 548.3005  548.65515 548.54144 548.91846 549.3847  548.7803  547.53845
 548.1311  548.97    547.177  ]
[444.96396 444.829   445.2343  445.3047  445.71704 445.60043 444.63354
 445.87555 445.68558 445.3703  444.93936 444.99323 445.14658 445.87686
 445.09933 445.66696 444.89438 445.8745  445.59714 445.98306 444.9519
 444.78235 445.57938 444.65393]
[423.22894 422.9184  423.44904 423.62115 423.91092 423.92697 422.5014
 424.11703 423.99203 423.61224 423.10428 423.04947 423.47092 424.24976
 423.26886 423.87268 423.03973 424.3168  423.78464 424.45886 423.29547
 422.8755  423.7595  422.7281 ]
[289.15305 288.8455  289.62628 289.39462 289.73956 289.72394 288.37982
 289.75183 290.13968 289.22293 288.5816  288.92358 289.62726 290.49365
 289.07898 289.89725 288.71704 290.40204 289.34857 290.72058 289.5464
 288.62323 289.55508 288.83292]
[183.19763 183.10692 183.64182 183.64716 183.92558 184.01074 182.62067
 183.8537  184.1123  183.31969 182.6882  183.11139 183.76956 184.90094
 183.3683  183.86018 182.958   184.68236 183.71025 184.929   183.50269
 182.79968 183.751   182.86086]
[21.365757 21.43664  20.8428   21.097956 21.457714 20.881477 22.326717
 21.548931 21.113272 21.688412 22.204216 21.92365  20.946274 19.75533
 21.272522 21.079374 21.67538  20.43798  21.81878  19.967058 20.486483
 21.975477 21.695951 21.30832 ]
[9.791717 9.976524 9.742621 9.784979 9.660191 9.802908 9.901158 9.566066
 9.633922 9.769455 9.795516 9.754168 9.946781 9.943487 9.876789 9.5292
 9.900773 9.891304 9.696108 9.870763 9.921135 9.785038 9.694179 9.837072]
[-1.7338203 -1.5019062 -1.7893277 -1.661631  -1.6443554 -1.5779246
 -1.4106603 -1.6399326 -1.8112042 -1.6743354 -1.559343  -1.5846033
 -1.6982006 -1.6812515 -1.5252074 -1.8224541 -1.5320048 -1.761485
 -1.5168664 -1.7768905 -1.8888552 -1.5559591 -1.5670903 -1.7222439]
[2.0240617 2.1353736 1.8855901 2.0392594 1.8760915 1.996783  2.2378397
 1.929432  1.9182118 1.9935179 2.1825695 2.0636592 2.1394994 1.8371769
 2.0729203 1.780126  2.0980618 1.9454906 2.026496  1.8871039 1.9783498
 2.1221645 2.0338275 2.063095 ]
[1.9835147 2.0988631 1.8251256 2.0217762 2.0072017 2.0782633 2.2530077
 2.0307405 1.8945841 2.0597706 2.23781   2.0999317 1.9803683 1.8513654
 2.0977945 1.795205  2.1479888 1.9113847 2.1872597 1.906012  1.8634762
 2.0987444 2.111538  1.8666523]
[3.6551192 3.6454723 3.5454104 3.5606675 3.3058975 3.4750912 3.6902046
 3.3650856 3.4983034 3.5057836 3.6372797 3.5687413 3.7259135 3.4013584
 3.5854232 3.3668368 3.563903  3.5010343 3.390227  3.4770503 3.7783635
 3.660017  3.450365  3.6976552]
[1.2024629 1.3134778 1.1193205 1.2477    1.2596623 1.2926699 1.4254425
 1.2682704 1.1685351 1.2748007 1.4003899 1.3334248 1.1951609 1.132767
 1.3238075 1.1270975 1.3506707 1.1451151 1.3941861 1.1438684 1.1262367
 1.3434577 1.3170694 1.1330044]
[4.2351866 4.209867  4.1696167 4.1746035 3.9439952 4.075165  4.23112
 3.969968  4.115148  4.0937467 4.162463  4.163383  4.2601204 4.0561676
 4.1846657 4.046135  4.1538253 4.076946  4.000304  4.0983477 4.3703933
 4.2470303 4.0359535 4.271964 ]
[1.1029058 1.1932018 1.0657425 1.1645279 1.2229146 1.2239535 1.2643522
 1.2054015 1.1178364 1.1928753 1.2617995 1.2363313 1.0741725 1.111217
 1.2325616 1.1100891 1.2428616 1.0852146 1.320483  1.1067349 1.0415804
 1.2364204 1.2248737 1.0051593]
[4.86156   4.7980676 4.826801  4.785363  4.52899   4.6685305 4.7787733
 4.543475  4.7409573 4.678504  4.699935  4.747903  4.8667245 4.7092257
 4.7832556 4.6988072 4.7327943 4.683847  4.546592  4.738434  5.050285
 4.8465104 4.604118  4.9042144]
[1.2010084 1.2900281 1.1926675 1.2827557 1.366195  1.3430421 1.341647
 1.3417658 1.2568127 1.3100345 1.3526001 1.3439326 1.1785086 1.2484124
 1.3388568 1.2654208 1.3479992 1.211635  1.442718  1.236272  1.1400096
 1.3447934 1.3474946 1.1077144]
[5.575023  5.4797697 5.5571537 5.5034866 5.2402864 5.3873367 5.415684
 5.2239313 5.466828  5.3623734 5.3402    5.4253902 5.570719  5.493365
 5.4704494 5.445278  5.4339094 5.397904  5.219657  5.5154195 5.8012085
 5.5075235 5.3068066 5.605151 ]
[-0.68193984 -0.5918813  -0.6914681  -0.5864196  -0.45551705 -0.49538147
 -0.5726763  -0.51672363 -0.6113237  -0.5636823  -0.51794064 -0.54958284
 -0.6980281  -0.56276214 -0.5616342  -0.59755075 -0.49523306 -0.6275307
 -0.4065696  -0.5788801  -0.7611047  -0.5909908  -0.49134457 -0.7845247 ]
[7.3439584 7.483558  7.463789  7.340723  7.1734586 7.224751  7.2873826
 7.102694  7.308843  7.1276574 7.2133822 7.257729  7.6952286 7.3763723
 7.2703147 7.3230615 7.423242  7.355149  7.013051  7.362243  7.6374354
 7.3435726 7.181384  7.868934 ]
[97.618546 97.078606 97.01419  96.97516  95.699974 96.08759  97.80369
 96.06704  96.30291  96.89322  97.18312  96.79084  97.05286  96.51415
 97.00962  95.80817  96.63798  96.46577  95.903915 96.53466  97.49702
 97.018585 96.04607  97.603935]
[267.51804 267.71783 267.4593  267.67056 268.0611  268.03934 267.9462
 268.45627 267.84793 268.1337  268.3335  268.02332 267.48166 267.65015
 267.88434 267.66592 267.67844 267.88138 268.38602 267.56857 267.00763
 267.81308 268.15576 267.14713]
[222.47093 221.65765 221.69522 222.16606 221.1653  222.50919 222.59245
 221.90108 221.46161 221.80525 222.0553  222.26288 220.38863 222.0574
 222.44487 221.81772 221.94641 220.60616 222.00673 221.5542  221.9906
 222.2104  222.50598 220.85944]
[369.105   368.5979  368.3688  368.91534 368.65903 368.82153 368.8259
 368.9521  368.77005 368.98465 368.83255 368.93692 368.35947 368.8875
 368.94577 368.6815  369.0186  368.54123 368.90128 368.71585 368.86792
 368.93515 368.79468 368.3369 ]
[390.77704 390.87442 390.60846 391.02405 391.05518 390.99188 391.32144
 391.11444 390.7948  391.05618 391.12888 391.14948 390.36383 390.80887
 391.14026 391.06262 391.0704  390.47427 391.39117 390.6352  390.4453
 391.12067 391.25308 390.42844]
[301.3715  301.63416 301.73566 301.58347 302.53665 302.0942  301.81296
 302.96072 302.1829  301.93445 301.91772 301.99222 301.53207 301.99365
 301.92532 302.15656 301.45944 302.03778 302.5545  301.78357 300.51553
 301.87027 302.25125 301.24084]
[305.55484 305.85574 305.76636 306.21466 307.44986 306.75418 306.01752
 307.44214 306.52097 306.6713  306.36523 306.4632  305.5054  306.76984
 306.28796 306.78445 306.27484 306.60806 307.57117 306.49088 304.72687
 306.04633 307.0215  305.01984]
[291.74417 291.9729  292.05948 292.639   294.39816 293.46933 292.3294
 294.78125 293.06543 293.29443 293.0659  292.7083  291.5575  293.0992
 292.6641  293.50308 292.4264  293.17978 294.59253 293.0438  290.2207
 292.327   293.8643  290.9091 ]
[195.68979 195.62518 196.07642 195.95767 196.87045 196.46423 195.59236
 196.98997 196.57881 196.24739 195.77321 195.9726  195.69322 196.58144
 195.93617 196.78308 195.64351 196.58502 196.77382 196.56989 195.18951
 195.64827 196.65869 195.28528]
[79.476814 79.36669  79.7572   79.75174  80.17484  80.06001  79.00353
 79.97851  80.10532  79.760025 79.284645 79.52649  79.652336 80.56669
 79.569046 80.10576  79.62348  80.29349  79.9024   80.47898  79.69818
 79.378654 79.902054 79.12035 ]
[36.56538  36.576393 36.48476  36.62249  36.70661  36.736473 36.684498
 36.741756 36.53718  36.691383 36.694233 36.58509  36.460926 36.649887
 36.670044 36.495834 36.608658 36.593994 36.78533  36.68236  36.37057
 36.518837 36.72374  36.32198 ]
[-0.1016053  -0.06269073 -0.32363498 -0.09644043 -0.30297554 -0.16554272
  0.00382912 -0.32111192 -0.2914288  -0.16913438 -0.01926434 -0.10884798
 -0.08094585 -0.2822864  -0.10246611 -0.4378556  -0.05639791 -0.20888007
 -0.14188528 -0.28463137 -0.19112957 -0.08311272 -0.16898596 -0.18546009]
[-2.4014232 -2.3329444 -2.5811841 -2.397416  -2.3767269 -2.275448
 -2.1972628 -2.3539302 -2.54129   -2.3276014 -2.149859  -2.327839
 -2.4688337 -2.490235  -2.3070903 -2.652394  -2.2707877 -2.437874
 -2.210175  -2.4426827 -2.545327  -2.3667235 -2.3135018 -2.6183772]
[4.484703  4.4170256 4.3542457 4.344391  4.0193605 4.2554007 4.434776
 4.0960617 4.293187  4.242192  4.3964844 4.3468246 4.543505  4.1774235
 4.35288   4.13183   4.316696  4.2769213 4.0902143 4.2511263 4.629616
 4.447747  4.198884  4.5139112]
[0.66697955 0.7783506  0.5517497  0.7372395  0.81355476 0.8294946
 0.9232042  0.80197835 0.6433221  0.7892146  0.93255436 0.846503
 0.6087413  0.6120658  0.8150389  0.6038139  0.86158204 0.6174978
 0.9823923  0.62094104 0.51336944 0.82848537 0.8655596  0.49962616]
[3.4656222 3.4034657 3.4094617 3.3901381 3.127591  3.2925103 3.3941453
 3.168524  3.363809  3.2887108 3.3584366 3.3572788 3.5263538 3.2879984
 3.3699536 3.2643113 3.3276255 3.339202  3.1624687 3.3503034 3.6381109
 3.4396791 3.240268  3.5058131]
[-0.30754673 -0.18718171 -0.33705175 -0.20611954 -0.06174088 -0.09160209
 -0.10202086 -0.0738219  -0.23464501 -0.14627838 -0.06286883 -0.11045086
 -0.32143843 -0.24105656 -0.1379968  -0.24265945 -0.10881829 -0.25126755
  0.04648376 -0.26133013 -0.43936944 -0.1276077  -0.06506538 -0.43806338]
[3.6248128 3.5920722 3.5720065 3.6215773 3.4183667 3.5498035 3.6092885
 3.4454377 3.557521  3.5194378 3.5733125 3.577498  3.6461847 3.5480225
 3.5983355 3.4960177 3.5682962 3.5343683 3.4797812 3.5790415 3.7267447
 3.6268015 3.5042102 3.6184309]
[-0.52726114 -0.39609146 -0.53076375 -0.36251986 -0.1334256  -0.21588528
 -0.31345367 -0.16486001 -0.3703859  -0.28486884 -0.23327959 -0.27997112
 -0.5379174  -0.35898757 -0.3098917  -0.3694954  -0.28237545 -0.37531328
 -0.02977216 -0.37724268 -0.7106434  -0.33859527 -0.18513358 -0.7097529 ]
[4.7637835 4.70228   4.7402153 4.7573423 4.5546064 4.675595  4.6869636
 4.5724163 4.713975  4.645259  4.6493254 4.688032  4.7727776 4.7209506
 4.722286  4.677643  4.6800175 4.6698365 4.5786796 4.7452908 4.898812
 4.753394  4.621483  4.753394 ]
[-0.45759487 -0.3307886  -0.44791818 -0.28641236 -0.04758203 -0.1399262
 -0.26554513 -0.08337986 -0.28258324 -0.21229362 -0.17474449 -0.21377778
 -0.46522343 -0.27097714 -0.24369836 -0.27222383 -0.20804894 -0.29825592
  0.03864741 -0.29427838 -0.6349515  -0.26670277 -0.10662174 -0.63498116]
[4.573663  4.517948  4.557605  4.5834885 4.401056  4.504531  4.4923906
 4.401887  4.533264  4.4669523 4.4551682 4.498535  4.572654  4.5655003
 4.539943  4.5172057 4.5159593 4.4817643 4.412246  4.5845566 4.7018347
 4.5554376 4.4547524 4.5629773]
[0.46611392 0.62195027 0.52019656 0.70779383 1.0707886  0.90901566
 0.6609242  1.0093149  0.75030005 0.80266106 0.8126049  0.7578099
 0.49941838 0.8093991  0.7167878  0.7758869  0.7857417  0.7738981
 1.1248713  0.7770742  0.22624469 0.6486651  0.96529484 0.27388608]
[23.558182 23.911589 23.88707  23.833878 23.965343 23.945694 23.671719
 23.877987 23.842396 23.603834 23.586588 23.7483   23.956974 24.188057
 23.845425 24.02281  23.9058   23.871605 23.874514 24.04528  23.722834
 23.773472 23.920315 23.979116]
[95.108765 94.63294  94.456696 94.22854  92.69518  93.29686  95.555405
 93.14052  93.40345  94.05044  94.641975 94.10715  94.41688  93.8214
 94.45888  92.84017  93.7961   93.77363  93.06493  93.89736  94.94161
 94.10181  93.06753  95.29709 ]
[197.69601 198.30225 197.96637 198.32227 198.84186 198.58984 198.25189
 198.64555 198.3681  198.39326 198.38329 198.33215 198.19727 198.60802
 198.22658 198.26762 198.4442  198.62677 198.89227 198.51428 197.41565
 197.8017  198.63683 197.8707 ]
[494.28766 494.10083 494.02734 494.28107 494.35764 494.4752  494.46457
 494.61774 494.32465 494.29965 494.37555 494.4421  493.7987  494.1267
 494.33463 494.32867 494.41956 493.86154 494.4978  494.0176  493.889
 494.52902 494.62    493.80643]
[680.3616  680.2398  680.3876  680.51715 680.52435 680.61707 680.2201
 680.3734  680.3928  680.4635  680.49036 680.4866  680.225   680.67377
 680.38934 680.5078  680.61084 680.4373  680.59735 680.49927 680.5876
 680.6415  680.577   680.101  ]
[757.3625  757.1944  757.27954 757.41797 757.0555  757.3889  757.14343
 757.1918  757.39185 757.28186 757.2833  757.4366  757.25696 757.27924
 757.34076 757.35724 757.33746 757.1902  757.13574 757.1776  757.5885
 757.45667 757.2402  757.23865]
[649.1944  649.07886 649.30975 649.3148  649.04895 649.2709  648.8436
 649.02106 649.4169  649.13074 648.9543  649.2311  649.30927 649.469
 649.15735 649.3911  649.1817  649.29956 648.9868  649.42664 649.6795
 649.1221  649.09344 649.2552 ]
[782.91785 782.46765 783.114   782.93036 782.44165 783.0263  781.9731
 782.6435  783.0417  782.62256 782.3051  782.31854 782.9584  783.6254
 782.59973 782.9625  782.348   783.38824 782.30975 783.6781  783.5804
 782.26025 782.58624 782.723  ]
[564.1597  563.9536  564.6064  564.324   564.55475 564.5741  563.27216
 564.3726  564.8191  564.1093  563.5141  563.8293  564.52734 565.3865
 564.05896 564.7901  564.0522  565.02325 564.02344 565.4215  564.7838
 563.6414  564.20746 564.1125 ]
[434.9101  435.25357 435.19543 435.1025  435.6946  435.46912 435.00052
 435.74115 435.4432  435.2361  434.96863 435.14066 435.15    435.8013
 435.2198  435.4225  435.24188 435.721   435.38232 435.4835  434.67416
 434.83652 435.4333  435.09595]
[205.99648 205.90108 206.38965 206.1612  206.23984 206.39946 205.71814
 206.19876 206.33682 206.04071 205.71791 205.82082 206.30103 206.99011
 206.05501 206.314   205.6893  206.81976 206.05975 207.03522 206.39969
 205.65877 206.1505  205.8606 ]
[15.140762  14.954204  14.858179  14.925619  14.499221  14.70448
 15.148302  14.673105  14.85435   14.84221   14.824192  14.934346
 14.958953  14.323527  15.01458   14.673343  14.7661915 14.544874
 14.746066  14.657343  15.059936  15.031528  14.718104  14.985757 ]
[11.634326  11.830502  11.593245  11.641954  11.475907  11.637888
 11.770927  11.403718  11.467121  11.595411  11.6361065 11.597668
 11.79874   11.775588  11.733141  11.374094  11.737741  11.701202
 11.52901   11.696512  11.765555  11.651245  11.531474  11.715717 ]
[-1.0524148  -0.78176415 -1.125643   -0.9366803  -0.8890389  -0.8456719
 -0.65834177 -0.8993093  -1.11       -0.9467132  -0.8145046  -0.8516085
 -1.0135002  -0.97791016 -0.79918814 -1.1227934  -0.78143764 -1.0638131
 -0.7312435  -1.0723915  -1.2552989  -0.8462062  -0.8123971  -1.0550269 ]
[2.308782  2.3978314 2.156597  2.3039737 2.096815  2.2464476 2.4976263
 2.1634536 2.1718245 2.246893  2.4390614 2.3091383 2.425615  2.0960433
 2.332766  2.0160475 2.3474889 2.2117186 2.2456164 2.1600995 2.2885087
 2.381506  2.266276  2.3484685]
[2.4340153 2.5566065 2.2692442 2.4681807 2.4324718 2.5132396 2.7140756
 2.462511  2.335022  2.5010397 2.6894681 2.5417056 2.4498067 2.2864308
 2.5431304 2.2243042 2.5968568 2.3586497 2.6171305 2.3493886 2.3246627
 2.5447333 2.5504622 2.3392668]
[3.2855942 3.2711978 3.1628249 3.1748762 2.8902447 3.0738645 3.323737
 2.957388  3.1014402 3.1121855 3.2568016 3.1833062 3.3546371 2.991939
 3.2024517 2.9628794 3.1791506 3.09957   2.9807189 3.0760908 3.4180698
 3.2834272 3.048159  3.3426452]
[1.5773903 1.6768287 1.4856992 1.5972186 1.5664372 1.6195403 1.7868937
 1.5770935 1.5073085 1.611051  1.74041   1.6783129 1.5640923 1.4680377
 1.6762054 1.464268  1.6968648 1.4785752 1.7005159 1.4854914 1.5304316
 1.7005159 1.6361629 1.5269884]
[4.271222  4.225421  4.2044945 4.1687856 3.895493  4.045096  4.234415
 3.9195662 4.1085286 4.074868  4.139785  4.157298  4.284431  4.0436115
 4.185408  4.044235  4.1428127 4.0599966 3.9375541 4.0887895 4.44466
 4.2579536 3.9938333 4.3335266]
[1.6974288 1.7676591 1.6559021 1.7173165 1.7137842 1.7415379 1.8246803
 1.6953213 1.6634417 1.7232828 1.7908416 1.7796214 1.6654007 1.6553975
 1.7856174 1.6564661 1.7887341 1.6229539 1.7978468 1.655071  1.6862383
 1.7972234 1.7306442 1.6389234]
[4.4782023 4.4235554 4.43534   4.3837805 4.1236076 4.2626734 4.4109697
 4.136668  4.3340015 4.28449   4.3179727 4.360657  4.478232  4.2915845
 4.396277  4.2921486 4.3481607 4.274784  4.144742  4.322811  4.6657996
 4.463034  4.201348  4.53463  ]
[1.7133687 1.7835989 1.6994473 1.7579527 1.7812243 1.78443   1.8247694
 1.75914   1.7238468 1.7650173 1.8072563 1.8098388 1.6891472 1.7117064
 1.8143209 1.7305849 1.8146474 1.6723763 1.8480409 1.7052652 1.6990911
 1.8283017 1.7774545 1.6551898]
[4.36508   4.301083  4.343708  4.2874584 4.0427213 4.1641254 4.2642164
 4.0357456 4.242192  4.174722  4.1734457 4.241242  4.352969  4.226727
 4.2836294 4.2275286 4.2430525 4.167628  4.0383873 4.2480392 4.5609884
 4.339315  4.100069  4.418628 ]
[-0.64991176 -0.58897233 -0.67454875 -0.60773206 -0.5741011  -0.57436824
 -0.5786129  -0.62423587 -0.6519302  -0.61654794 -0.56712556 -0.587785
 -0.6714914  -0.620852   -0.58380747 -0.6438861  -0.5298139  -0.68294907
 -0.53670037 -0.62411714 -0.6657922  -0.59648216 -0.58440113 -0.69859207]
[6.586861  6.735069  6.6972227 6.541743  6.4508233 6.428531  6.490569
 6.3144293 6.560057  6.3531957 6.45394   6.5068054 6.999575  6.554358
 6.4632306 6.5284743 6.7025065 6.638866  6.21787   6.535925  6.8775773
 6.620551  6.367384  7.1627727]
[96.28631  95.56368  95.60039  95.62912  94.29709  94.61801  96.17919
 94.61951  94.978584 95.46653  95.63663  95.32849  95.68181  95.00901
 95.48078  94.51142  95.30632  94.9801   94.370575 95.034966 96.238815
 95.83088  94.64671  96.2018  ]
[298.08453 298.08478 297.79092 298.06088 298.24194 298.25537 298.46664
 298.74823 298.05447 298.4714  298.69577 298.32996 297.83643 297.7888
 298.29263 297.83618 298.00385 298.04797 298.58987 297.801   297.42383
 298.28305 298.35352 297.61447]
[495.05106 494.9731  494.95624 495.21838 495.30783 495.43655 495.4531
 495.32635 495.14957 495.16675 495.19614 495.3928  494.5239  495.17267
 495.1795  495.30984 495.37247 494.6952  495.4175  494.95148 494.75797
 495.2968  495.7055  494.62582]
[669.34424 669.4732  669.4254  669.34186 669.56445 669.2627  669.69055
 669.46094 669.2711  669.3366  669.1623  669.5643  669.00214 669.48114
 669.51306 669.53064 669.4439  669.1481  669.5334  669.2608  669.11914
 669.4876  669.3534  669.524  ]
[554.3249  554.5464  554.44183 554.49976 555.34467 555.0251  554.1558
 555.215   554.73224 555.04205 554.57336 554.5461  554.50287 555.50916
 554.48926 554.616   555.0343  555.60205 554.981   555.03375 554.26965
 554.0826  554.8018  554.33594]
[574.61566 575.4064  575.0279  576.6563  578.3036  577.39026 575.93964
 577.19904 576.5564  577.6024  577.99243 576.5103  576.19666 576.66974
 575.1597  576.5403  577.00214 577.9187  578.5755  577.1551  574.7836
 575.5776  578.61206 574.0303 ]
[599.8458  599.836   600.11896 599.9675  600.24133 600.22375 599.71204
 600.12274 600.11145 599.978   599.7945  599.9006  599.85864 600.4533
 599.9527  600.29645 599.77094 600.2741  600.2932  600.4572  599.96436
 599.8412  600.1382  599.6249 ]
[392.26013 392.51837 392.8614  392.90433 394.2574  393.6385  392.4943
 394.38672 393.44434 393.29758 393.05692 392.9058  392.51196 393.8615
 392.85333 393.65933 392.69644 393.7956  394.13812 393.64423 391.56143
 392.5327  393.8229  391.9497 ]
[304.9454  304.80643 305.29468 305.5114  305.96848 305.92276 304.3995
 305.82346 305.65137 305.44205 304.9587  304.86206 305.27255 306.37164
 305.08936 305.68076 305.1396  306.1732  305.77835 306.56873 305.2299
 304.7074  305.63876 304.4826 ]
[63.086082 62.8439   62.99083  62.703945 62.428574 62.643448 62.77735
 62.45612  62.80926  62.708187 62.523678 62.76714  62.936245 62.740723
 62.84871  62.666367 62.609344 62.810062 62.48797  62.941677 63.4153
 62.80837  62.38138  62.967205]
[58.329483 58.5161   58.34955  58.631214 58.44611  58.640446 58.285435
 58.25017  58.275936 58.270622 58.04527  58.27914  58.31313  58.979572
 58.56959  58.332985 58.610584 58.406273 58.405174 58.713257 58.352993
 58.228233 58.40844  58.29333 ]
[3.051335  2.9066892 2.8559015 2.9560819 2.5891986 2.8459575 2.94127
 2.5307229 2.5212243 2.825298  2.7494874 2.7644181 2.6483867 2.847709
 2.9734762 2.599855  2.8990014 2.6276977 2.659132  2.8161855 3.0857675
 2.8347967 2.6183772 2.8454232]
[7.0933437 7.110768  6.940684  6.866951  6.6473255 6.8467364 7.0541325
 6.6027713 6.7689967 6.89607   7.0309205 6.9157796 7.1493263 6.850566
 6.985149  6.5982    6.950568  6.9904027 6.6948185 6.8597674 7.2083955
 7.011656  6.726372  7.053717 ]
[-3.050118  -2.9514217 -3.2459078 -3.1457868 -3.3208873 -3.158788
 -2.7714827 -3.2715244 -3.3519063 -3.1528513 -2.9100137 -3.003011
 -3.1669805 -3.4251938 -2.998618  -3.3896039 -2.983064  -3.4336832
 -3.1145008 -3.428459  -3.11177   -2.8941927 -3.1423435 -3.08179  ]
[ 0.37083113  0.32681108  0.22609627  0.26406097 -0.06589651  0.12897313
  0.38404012  0.01552427  0.2012515   0.16215885  0.3501717   0.26747453
  0.4682511  -0.0319984   0.24245167  0.03704453  0.23773205  0.14420056
  0.03006899  0.09183955  0.4868921   0.3812796   0.1392138   0.45195508]
[ 0.02235138  0.08783233 -0.08759487  0.00234497 -0.05025351  0.03547132
  0.19742239 -0.03161252 -0.10050702  0.01780987  0.16334617  0.09335339
 -0.0337497  -0.13847172  0.08611071 -0.1369282   0.10311913 -0.13087285
  0.09278941 -0.12196791 -0.01098275  0.14437866  0.03799438 -0.06088006]
[2.417096  2.3638444 2.3504276 2.3002334 1.988264  2.1697168 2.3609948
 2.0233493 2.243331  2.1842616 2.272183  2.2816222 2.4580586 2.1638396
 2.3030238 2.160901  2.2583804 2.2045054 2.028069  2.2202969 2.6126482
 2.3854241 2.1151    2.5084012]
[-0.9683225  -0.8537457  -1.0037345  -0.8799262  -0.76172805 -0.7854152
 -0.7626482  -0.78704774 -0.93207943 -0.8331456  -0.74798477 -0.7864244
 -1.01071    -0.9284878  -0.8058075  -0.9231745  -0.7839607  -0.9608127
 -0.64498436 -0.9465945  -1.087797   -0.80375934 -0.7674272  -1.093704  ]
[4.2529373 4.182232  4.1979046 4.170507  3.895493  4.0517745 4.166589
 3.9041605 4.1103096 4.049281  4.087513  4.12714   4.25641   4.090689
 4.1576247 4.0589876 4.1205206 4.0618963 3.9205754 4.1249437 4.4379225
 4.212301  3.9867983 4.2919407]
[0.25165343 0.35815644 0.23066747 0.3485391  0.4821725  0.44714642
 0.4255371  0.4461372  0.31769836 0.395854   0.45415163 0.42981148
 0.2183193  0.33001685 0.41369355 0.32547534 0.43782592 0.289351
 0.5765054  0.3102479  0.14645648 0.40683675 0.45750582 0.11715925]
[4.5265856 4.4517546 4.5003757 4.475887  4.2270236 4.367009  4.4175596
 4.234593  4.4315996 4.3512774 4.354958  4.4098716 4.532107  4.4305015
 4.448905  4.3964252 4.407794  4.3738956 4.233465  4.457335  4.7143908
 4.494409  4.2995396 4.5519943]
[-0.20549619 -0.10166466 -0.20246851 -0.09362054  0.0676775   0.01350582
 -0.07103169  0.01056719 -0.10976815 -0.05529964 -0.01596951 -0.03953791
 -0.22568071 -0.06583714 -0.05595267 -0.08572483 -0.00335419 -0.13105094
  0.12808263 -0.09145367 -0.3023522  -0.07898676  0.02436984 -0.32437706]
[ 0.13737345  0.06990373  0.05423105  0.03953791 -0.2471416  -0.06447172
  0.02386522 -0.2789619  -0.06975532 -0.13312876 -0.06031609 -0.04470277
  0.12745929  0.00777698 -0.00065303 -0.10409868  0.0388552  -0.10270357
 -0.25586843  0.03793502  0.3093871  -0.01445568 -0.13737345  0.21469796]
[19.858389 20.199863 20.140438 20.174158 20.86628  20.363892 19.966316
 20.66117  20.525724 20.338158 20.39497  20.31055  20.460985 20.533205
 19.969671 20.433706 20.480814 20.804806 20.567608 20.289299 19.702522
 20.214022 20.53638  20.250622]
[75.76068  75.234726 74.97153  75.54771  74.50785  74.81462  75.413956
 74.18608  74.586655 75.25565  75.008484 74.80768  75.172516 74.19724
 75.43479  74.47395  75.32829  74.41948  74.691795 75.24744  76.348145
 75.14327  74.31821  75.13592 ]
[219.78171 219.95856 219.78806 219.50352 219.52686 219.50848 220.23175
 219.73602 219.59306 219.82521 220.30666 219.86456 220.02492 219.5119
 219.71616 219.3041  219.55792 219.91396 219.66524 219.45883 219.61856
 219.82497 219.62325 220.07506]
[391.04456 391.54233 391.3217  391.3754  392.45984 391.84058 391.4234
 392.11627 391.7697  391.73816 391.57956 391.7568  391.40213 391.89243
 391.5318  391.8271  391.94656 391.84528 392.23184 391.57092 390.76025
 391.59235 391.91635 391.0752 ]
[629.49194 629.40717 629.3543  629.38983 629.41394 629.4637  629.69116
 629.509   629.3976  629.37054 629.62036 629.6207  629.27856 629.2079
 629.4603  629.45544 629.6321  629.09607 629.4849  629.1153  629.4437
 629.89325 629.6184  629.4069 ]
[738.45044 738.95605 738.9522  738.7199  739.9361  739.2199  738.8249
 739.6768  739.19055 739.0724  738.90894 738.9584  739.01074 739.26605
 738.8073  739.2186  739.1278  739.51715 739.4775  739.27374 738.1966
 738.7944  739.328   738.86633]
[576.2927  576.38715 576.6432  576.5546  577.1367  576.81067 576.35455
 577.0416  576.98676 576.5566  576.227   576.6311  576.383   576.98865
 576.564   577.1137  576.4739  576.791   576.9838  576.9427  576.2027
 576.5071  576.86743 576.20514]
[493.50003 493.22174 493.87863 493.63678 493.9177  493.97806 492.77103
 493.98273 494.12985 493.40796 492.90854 493.2106  493.655   494.45856
 493.4479  494.14594 493.23346 494.13568 493.5555  494.60852 493.81067
 493.11688 493.69455 493.2896 ]
[572.9654  573.29474 573.54706 573.73914 575.04987 574.4129  573.2929
 574.99866 574.212   574.1885  574.0111  573.7226  573.3773  574.25476
 573.56134 574.4152  573.6295  574.49884 574.97736 574.38153 572.41595
 573.4168  574.6371  572.6669 ]
[414.98306 415.2909  415.93082 415.6739  416.63977 416.3608  414.313
 416.32556 416.17682 415.58307 414.7334  415.03445 415.80444 417.7603
 415.46872 416.31226 415.3296  417.18118 416.02887 417.51532 415.4538
 414.4777  415.76382 415.06747]
[185.30605 185.07559 185.97202 185.62529 186.03772 186.0421  184.27573
 185.89885 186.28409 185.43387 184.6595  185.02583 185.92749 187.08136
 185.2881  186.19823 185.053   186.79509 185.43437 187.168   185.992
 184.72128 185.57123 185.17706]
[61.02768  60.80369  60.895798 60.78487  60.396885 60.74845  60.761806
 60.45402  60.556904 60.594723 60.366814 60.56385  60.72524  60.917347
 60.95457  60.503506 60.496944 60.667416 60.421223 60.96754  61.04801
 60.68457  60.430782 60.707516]
[8.256596  8.20747   8.258198  8.171138  7.7262473 8.108685  8.080248
 7.793984  7.9356914 7.947149  7.891879  7.9418654 8.189215  8.262829
 8.246532  7.8932443 7.9523435 8.095267  7.762906  8.253687  8.423473
 8.027264  7.7919064 8.248343 ]
[8.293136  8.532263  8.169149  8.303494  8.265292  8.34425   8.636895
 8.244455  8.157068  8.3239765 8.514126  8.423444  8.370549  8.21213
 8.442976  8.079773  8.50534   8.221955  8.425581  8.16538   8.210675
 8.443599  8.37598   8.334869 ]
[-0.33108544 -0.19754112 -0.49716246 -0.28697634 -0.35112154 -0.26955235
 -0.01445568 -0.2886386  -0.4208175  -0.28279102 -0.07183313 -0.20261693
 -0.3000666  -0.5294874  -0.2112844  -0.53708625 -0.18629122 -0.4403193
 -0.15200722 -0.47866988 -0.49659848 -0.18278861 -0.20522904 -0.38392138]
[4.2580423 4.2810173 4.1185913 4.20491   4.01378   4.156675  4.356531
 4.0657554 4.127823  4.183241  4.3381276 4.2163973 4.336495  4.0179954
 4.2274985 3.9734707 4.2396393 4.1514506 4.1295147 4.1255965 4.3096914
 4.268996  4.154953  4.252195 ]
[2.8970125 2.9762664 2.8038373 2.8742456 2.7810109 2.874572  3.0591416
 2.8066275 2.7987318 2.8789058 3.0111737 2.9378564 2.9288328 2.7509122
 2.9443867 2.7222087 2.9587238 2.796268  2.8963594 2.7882833 2.9168112
 2.9812531 2.8784308 2.8876624]
[2.045671  2.0896912 1.9582247 2.010081  1.8497032 1.9553751 2.162385
 1.8790895 1.9258701 1.9710181 2.0907004 2.0457602 2.0700707 1.8645447
 2.0579004 1.8556695 2.0489066 1.9042904 1.9511304 1.9023017 2.0935798
 2.1032267 1.946114  2.0725045]
[1.8375331 1.9140265 1.7822335 1.8675427 1.8425199 1.878763  1.9863642
 1.8383642 1.802982  1.8702736 1.9563843 1.9193695 1.8347132 1.7790574
 1.924475  1.7707164 1.929432  1.7816695 1.9415724 1.7966001 1.8191593
 1.932341  1.8761805 1.7931272]
[3.4373343 3.427717  3.3920972 3.3800755 3.2020955 3.304532  3.4381654
 3.2017393 3.3243604 3.316138  3.3653824 3.3806098 3.4368296 3.3023355
 3.40869   3.2870486 3.379185  3.2893343 3.2447503 3.3269725 3.557996
 3.4460313 3.2573655 3.46301  ]
[1.9268793 1.9960409 1.9055965 1.9635379 1.9670702 1.9809026 2.0391407
 1.9464701 1.9234064 1.9654377 2.0153053 2.0111496 1.9132844 1.9150357
 2.0178285 1.9189836 2.017116  1.8854417 2.036499  1.9136703 1.921002
 2.0262287 1.9709587 1.8803658]
[2.791578  2.8201332 2.7683957 2.7943387 2.7082279 2.7593126 2.8392196
 2.6980467 2.7501404 2.7577987 2.796179  2.8048167 2.793359  2.7359223
 2.824556  2.7324493 2.8112876 2.7118492 2.7555726 2.7474394 2.8524582
 2.8462543 2.7327166 2.7885504]
[2.1441002 2.2086017 2.15069   2.206702  2.2296472 2.2223449 2.2304783
 2.2036448 2.1836977 2.204743  2.2241557 2.2325857 2.1435065 2.1806996
 2.242203  2.1900795 2.2400956 2.1427941 2.2776446 2.1770487 2.144041
 2.2466555 2.212223  2.0996647]
[0.6192491  0.6764188  0.61123466 0.6723819  0.6865704  0.6851753
 0.679862   0.6437377  0.63415    0.65415645 0.68348336 0.6734208
 0.61829925 0.66297233 0.687075   0.6395227  0.7217746  0.60773206
 0.71637225 0.6637738  0.62287045 0.6711649  0.67193663 0.5888239 ]
[4.9173937 5.1571145 5.05073   4.995015  5.1679487 4.9669642 4.969517
 5.0142198 5.086083  4.959781  5.0892587 5.027221  5.3599095 5.093652
 4.891213  5.0171585 5.211405  5.272968  4.9602857 5.0165353 4.9953413
 5.0062647 4.98985   5.42545  ]
[79.849815 79.32803  79.325554 79.18909  78.12931  78.37428  79.68313
 78.18618  78.65992  79.06545  79.07957  78.96367  79.35584  78.57411
 79.25685  78.369446 78.973526 78.613174 78.14539  78.82597  80.09942
 79.39558  78.19268  79.78855 ]
[255.35951 255.54602 255.34999 255.32726 255.76068 255.6611  255.83186
 256.09625 255.56697 255.73637 256.07346 255.77019 255.36641 255.37433
 255.56377 255.40912 255.40123 255.61551 255.97539 255.24615 254.82988
 255.66339 255.85158 255.20514]
[486.11285 486.16998 486.16498 486.27078 486.98108 486.7384  486.7415
 486.9454  486.48825 486.4301  486.4655  486.6579  485.779   486.52493
 486.29376 486.61066 486.5939  486.20114 486.9162  486.32083 485.56552
 486.43137 487.081   485.8149 ]
[685.9191  686.0767  685.94214 685.953   686.47125 686.10864 686.61945
 686.5097  686.0605  686.1437  686.35675 686.2989  685.80145 685.7706
 686.00287 686.1388  686.1977  685.86835 686.48126 685.8436  685.4636
 686.28235 686.53046 686.0304 ]
[698.2392  698.32715 698.1403  698.54645 698.9721  698.8557  698.68835
 699.23486 698.5242  698.7584  698.8039  698.5704  698.0288  698.4215
 698.54877 698.55383 698.57837 698.52484 699.14496 698.4421  697.63385
 698.4812  699.0225  697.8559 ]
[694.0905  694.14075 693.91    694.39844 694.45624 694.5328  694.3397
 694.5151  694.2096  694.48596 694.6284  694.41534 693.9901  694.1662
 694.2314  694.1869  694.483   694.25574 694.7502  694.15826 693.9043
 694.3317  694.6441  693.7903 ]
[582.50385 582.56714 582.5252  582.7057  583.0288  582.886   582.4498
 582.8611  582.7972  582.74646 582.5551  582.75183 582.4617  582.94147
 582.68256 582.9254  582.8575  582.7171  583.0102  582.8448  582.5093
 582.5632  582.87164 582.3259 ]
[602.3386  601.8914  602.64246 602.51746 602.25635 602.59125 601.3217
 602.47504 602.9554  602.28656 601.6983  601.9587  602.58813 603.1274
 602.1375  602.7997  601.8732  603.04425 602.00665 603.3193  603.0122
 601.8191  602.2878  602.17737]
[408.71646 408.42545 409.14124 409.0682  409.20657 409.31183 407.77997
 409.40475 409.55518 408.8789  408.12213 408.43353 409.00165 410.03336
 408.77084 409.536   408.42813 409.77505 408.86432 410.08853 409.18137
 408.21576 408.9762  408.50116]
[183.13383 182.89978 183.34128 183.16411 183.16602 183.35713 182.67146
 183.34279 183.40985 183.05527 182.67003 182.8707  183.1883  183.7516
 183.13695 183.36647 182.65308 183.62878 183.04906 183.8174  183.31177
 182.7437  183.09698 182.87782]
[15.73769   15.505093  15.525248  15.452732  15.003389  15.3027725
 15.541989  15.128325  15.337295  15.364099  15.266322  15.355431
 15.549914  15.198912  15.576985  15.173414  15.249046  15.287842
 15.112949  15.430796  15.808573  15.4763    15.125861  15.530947 ]
[10.221677 10.412925 10.183653 10.206984  9.991514 10.190272 10.357833
  9.935383  9.997718 10.114847 10.152515 10.1548   10.332751 10.332662
 10.328091  9.933454 10.269466 10.206063 10.052156 10.227435 10.322896
 10.226931 10.056876 10.311795]
[-0.8577826  -0.5955323  -0.9427357  -0.73833776 -0.6999278  -0.6523161
 -0.4659655  -0.7078829  -0.9129338  -0.74801445 -0.6001035  -0.66044927
 -0.80883515 -0.7992475  -0.61654794 -0.9435668  -0.5853213  -0.8575748
 -0.5336133  -0.8712884  -1.0554425  -0.6672467  -0.61729    -0.863363  ]
[1.8199607 1.9130173 1.65985   1.8131039 1.6095668 1.7585464 2.0244179
 1.67484   1.6735933 1.7610397 1.9617866 1.827144  1.9273542 1.600276
 1.8478332 1.5187662 1.8670678 1.715862  1.76757   1.664154  1.793988
 1.8935748 1.7787012 1.8554914]
[1.890933  2.0147116 1.7226595 1.9297585 1.8925359 1.973927  2.1759503
 1.9247421 1.7923554 1.9601837 2.1527085 2.000731  1.908832  1.7449218
 2.002304  1.6781645 2.0569506 1.8200794 2.0805783 1.8090373 1.7755548
 1.9998997 2.010556  1.7963033]
[3.1121855 3.1046162 2.9830341 3.0123017 2.736605  2.9185328 3.163834
 2.8041043 2.931801  2.9529948 3.103785  3.0194554 3.181822  2.8289194
 3.0391352 2.789055  3.0218596 2.9383612 2.8350341 2.9140506 3.2318678
 3.1121855 2.8933022 3.1597972]
[1.3418251 1.4428664 1.2438709 1.364503  1.3302784 1.3872403 1.5566121
 1.3458323 1.2716839 1.37884   1.5146996 1.442065  1.3371946 1.231582
 1.4406402 1.2183434 1.4635853 1.2522118 1.4682455 1.2544084 1.2908295
 1.4611216 1.404219  1.2911857]
[4.005469  3.9678903 3.9335766 3.912561  3.6483812 3.7964406 3.9853141
 3.6772926 3.8494546 3.8245802 3.898313  3.9036856 4.0233974 3.7826083
 3.9301927 3.7787197 3.8913672 3.8068593 3.6995845 3.8297153 4.1653423
 4.000126  3.749274  4.0609765]
[1.5826145 1.6564068 1.5391288 1.6097449 1.6109619 1.6371127 1.718296
 1.5965359 1.5553654 1.6188873 1.6901268 1.672406  1.5548905 1.5436703
 1.6770068 1.5440265 1.6807766 1.517935  1.6999519 1.5455997 1.5634392
 1.6879896 1.6292467 1.5197457]
[4.3594103 4.309513  4.316221  4.273448  4.021468  4.1575947 4.301083
 4.0371704 4.2239666 4.178106  4.2142005 4.2513638 4.3632693 4.1805696
 4.2854104 4.1794715 4.2384815 4.1678653 4.0471735 4.212123  4.538756
 4.351188  4.0991488 4.4105544]
[1.5754312 1.6497874 1.5604413 1.6269908 1.65985   1.6597906 1.696004
 1.639992  1.5930036 1.6385375 1.6833887 1.6819046 1.5511208 1.578548
 1.6846948 1.5986731 1.6854368 1.5421565 1.731505  1.572077  1.5509427
 1.6985271 1.6555163 1.5097128]
[3.740399  3.6750367 3.7095878 3.6590967 3.4117177 3.538702  3.6346378
 3.3962529 3.6047173 3.540305  3.5449355 3.6063795 3.7252605 3.6072106
 3.650459  3.5887775 3.6231506 3.5375147 3.4051874 3.6291761 3.934556
 3.694301  3.4722712 3.7922256]
[-0.41945207 -0.36531007 -0.44299078 -0.38116086 -0.3781035  -0.3702078
 -0.36219335 -0.4262495  -0.42998958 -0.40366066 -0.35940313 -0.37923145
 -0.425923   -0.3981396  -0.3672098  -0.42966306 -0.31841075 -0.45376575
 -0.34842038 -0.39413238 -0.4160385  -0.38472283 -0.38490093 -0.44598877]
[6.7183275 6.8684053 6.8310637 6.686626  6.5890574 6.586356  6.627824
 6.4605594 6.699627  6.4865913 6.592263  6.6515403 7.124719  6.698202
 6.612121  6.674634  6.8401175 6.763119  6.371718  6.680036  7.008539
 6.760092  6.5214987 7.278834 ]
[91.41433  90.79342  90.79405  90.72123  89.39399  89.751015 91.38329
 89.69137  90.09772  90.606636 90.78188  90.50463  90.86265  90.1614
 90.69537  89.63844  90.42381  90.140785 89.49367  90.19876  91.47786
 90.91384  89.70565  91.4144  ]
[283.3955  283.43994 283.17398 283.35495 283.56076 283.58133 283.77072
 284.01443 283.4131  283.78433 284.0113  283.67297 283.206   283.14423
 283.61044 283.20645 283.33118 283.40692 283.8861  283.14026 282.8456
 283.61142 283.67203 282.9834 ]
[221.0198  220.14304 220.29823 220.72678 219.69731 221.16136 220.97722
 220.43726 220.00284 220.31735 220.55719 220.7117  218.93356 220.65346
 220.97404 220.40831 220.38794 219.20087 220.52528 220.19598 220.60861
 220.69867 221.07932 219.29659]
[185.50928 185.04573 185.25034 185.20432 184.94884 185.15477 185.28821
 185.26906 185.36964 184.95633 184.80753 185.24565 184.70145 185.29965
 185.27666 185.39772 185.04272 184.73006 184.9446  185.0942  185.17616
 185.25612 185.17947 185.11224]
[272.3722  272.6001  272.7713  273.2785  273.22644 272.97214 273.11194
 273.02423 272.88367 273.27963 273.38812 272.95154 272.71838 273.19446
 272.84192 273.46707 272.85788 272.94238 273.50876 273.15482 272.7084
 272.98706 273.50943 272.3757 ]
[419.11243 419.55994 419.43478 419.29214 420.19577 419.52936 419.63803
 420.2584  419.54688 419.55563 419.23773 419.49423 419.0044  419.89072
 419.91876 419.93332 419.3778  419.51932 420.19656 419.673   418.49994
 419.42407 419.47702 419.09872]
[436.6555  436.94925 436.81    437.20563 438.3947  437.82074 437.14706
 438.4276  437.42258 437.68277 437.57562 437.42014 436.68384 437.63528
 437.29102 437.65283 437.23727 437.70288 438.622   437.5265  435.80856
 437.10153 438.05414 436.0993 ]
[526.229   526.702   526.6768  527.27374 528.44684 528.05206 526.8412
 528.6985  527.42975 527.75305 527.80676 527.3628  526.29144 527.4884
 527.10156 527.7638  527.2204  527.6262  528.7238  527.3657  525.3237
 526.90314 528.342   525.8404 ]
[422.02155 422.25708 422.6523  422.8291  423.97708 423.38318 421.58792
 423.68744 422.99362 423.01617 422.19052 422.2015  422.5232  424.56302
 422.51785 423.18134 422.605   424.1616  423.68365 424.3824  422.0237
 421.517   422.94214 421.90247]
[179.1007  179.0948  179.9031  179.6812  180.3694  180.31459 178.26299
 180.16183 180.31989 179.63591 178.96585 179.09087 179.98654 181.32611
 179.27483 180.23445 179.11665 181.19962 179.81438 181.39488 179.70493
 178.59305 179.89076 178.95499]
[58.49449  58.183323 58.366943 58.165276 57.633595 58.09187  58.12099
 57.767464 58.026154 58.01716  57.880974 57.956306 58.295704 58.233192
 58.271927 57.88038  57.876816 58.107426 57.64416  58.402298 58.788296
 58.069874 57.753128 58.273888]
[3.9225938 3.8696687 3.8896456 3.7822816 3.3227575 3.721728  3.7513816
 3.41994   3.577943  3.5850375 3.5771713 3.6140676 3.8431025 3.8471394
 3.896799  3.5152822 3.5457964 3.7200956 3.3939078 3.798281  4.0229225
 3.722025  3.4486434 3.8805032]
[1.0313398  1.2612355  0.9465351  1.1402471  1.3696382  1.3431312
 1.404783   1.3913069  1.1065271  1.2542303  1.4461019  1.3162086
 1.073193   1.0763394  1.265688   1.050515   1.3457433  1.1221701
 1.5398709  1.0511384  0.76505256 1.2693093  1.4365143  0.9061364 ]
[1.2858725 1.3151994 1.1621532 1.2324429 1.0476061 1.1885712 1.4151424
 1.1493598 1.1828127 1.1894914 1.3669667 1.2978941 1.3440514 1.0005287
 1.2821918 1.0595387 1.2402495 1.1074473 1.1892539 1.0629226 1.2515588
 1.3927317 1.2281091 1.288633 ]
[6.312411  6.3783965 6.1978045 6.3276978 6.3195643 6.373024  6.4868584
 6.2993207 6.2549148 6.3513846 6.4654865 6.4097123 6.263315  6.1963797
 6.3935347 6.200773  6.4206653 6.204127  6.4655757 6.2413197 6.250759
 6.412057  6.3947816 6.1704664]
[4.937014  4.8316984 4.911724  4.7626553 4.4725623 4.6500673 4.7647924
 4.508004  4.807685  4.6821547 4.713797  4.7488823 5.0140715 4.6895757
 4.764971  4.7026362 4.6917725 4.7652082 4.443562  4.7658315 5.2027373
 4.8748875 4.5831914 5.0130625]
[2.2783275 2.3979206 2.2856889 2.3395934 2.4329467 2.414662  2.4427125
 2.4102392 2.330451  2.3752723 2.4362712 2.4382303 2.2820377 2.3141549
 2.4120202 2.3514369 2.4367461 2.2779117 2.5071545 2.2760715 2.2311015
 2.4590678 2.4416735 2.2349901]
[1.8871633 1.9746394 1.8545415 1.9628255 1.9854441 1.99144   2.0378346
 1.9731256 1.9142343 1.9715524 2.0397642 1.9999888 1.908921  1.9075556
 1.9994248 1.8827108 2.0098436 1.9122158 2.07577   1.9187758 1.8415107
 1.98957   1.9945865 1.8296374]
[2.9299607 2.972467  2.9147334 2.9700627 2.9324245 2.96282   2.997757
 2.917197  2.9325135 2.9481268 2.9817874 2.9796503 2.94409   2.937797
 2.99372   2.9106073 2.9825592 2.9181173 2.9880803 2.9462864 2.9554586
 2.9950855 2.9395485 2.8955877]
[1.5976936 1.6985271 1.6060345 1.7032467 1.8122431 1.76944   1.7421019
 1.7751986 1.6855556 1.7337016 1.7638003 1.753144  1.6005728 1.6996847
 1.7484838 1.6926498 1.7585464 1.6664693 1.880722  1.6866835 1.527493
 1.729546  1.7742487 1.5094457]
[ 0.02065945  0.14966226  0.02650702  0.17616928  0.40490735  0.31805456
  0.21538067  0.35299158  0.17192459  0.24963498  0.28751063  0.2621019
 -0.00480866  0.19344485  0.23363578  0.19136703  0.26640594  0.14672363
  0.4963907   0.16340554 -0.14218211  0.20819736  0.34373045 -0.1587156 ]
[4.1181164 4.068397  4.101642  4.094845  3.8994112 4.0025897 4.0381203
 3.8892894 4.048955  3.9899745 3.9827318 4.0358644 4.11497   4.061214
 4.0743337 4.033193  4.0472627 3.9907165 3.9064164 4.077718  4.2740717
 4.106777  3.9458654 4.1308208]
[0.43577778 0.5511857  0.45821822 0.5854697  0.8017409  0.7162535
 0.57315123 0.7368833  0.59018934 0.6361388  0.6574513  0.63079584
 0.43512475 0.64483595 0.61108625 0.6141139  0.6700072  0.5814625
 0.85154915 0.61829925 0.3105744  0.5688472  0.734004   0.29825592]
[9.462888  9.765181  9.658469  9.609314  9.843217  9.639769  9.592662
 9.714719  9.703855  9.58257   9.697621  9.6333275 9.910242  9.793231
 9.536324  9.685244  9.785662  9.897567  9.676546  9.699729  9.48702
 9.560723  9.684739  9.950849 ]
[104.97501  104.390434 104.34494  104.394516 103.32433  103.55858
 105.13968  103.62409  103.701485 104.23753  104.59898  104.09608
 104.373886 103.94216  104.28648  103.22481  104.04566  103.94008
 103.46923  103.988556 104.56705  104.371376 103.57695  104.88182 ]
[189.92036 190.19662 189.96638 190.22711 190.20364 190.26332 190.29678
 190.26447 190.02975 190.20683 190.25868 190.2023  190.01668 190.23264
 190.21092 190.02797 190.2735  190.07297 190.39062 190.13579 189.8362
 190.03262 190.29092 190.02786]
[432.2057  432.12997 432.0308  432.2978  432.48154 432.543   432.46893
 432.70584 432.4061  432.25085 432.34167 432.52673 431.78354 432.2632
 432.34305 432.46075 432.47192 431.8996  432.5545  432.02533 431.7415
 432.4947  432.74695 431.8494 ]
[641.13745 641.0396  641.0873  640.9502  641.0181  641.0058  641.36414
 641.12933 641.0674  640.92    641.1049  641.17865 640.96906 640.82117
 640.9964  641.0407  641.1531  640.7646  640.97784 640.8643  641.1155
 641.3899  641.1509  641.22687]
[708.08594 708.0736  708.0031  708.1634  708.3744  708.3291  708.0653
 708.37274 708.25    708.2278  708.1442  708.1951  708.1005  708.1831
 708.07196 708.1834  708.38116 708.25793 708.22864 708.16986 708.0295
 708.1567  708.3374  708.0358 ]
[748.78204 748.7755  748.7213  749.0066  748.8843  749.0651  748.853
 748.9307  748.8864  748.9677  749.0997  748.9692  748.77527 748.80414
 748.81586 748.84296 749.00946 748.8635  749.0543  748.81494 748.8516
 748.95764 749.09894 748.6608 ]
[608.4283  608.50433 608.46893 608.6345  608.8833  608.7485  608.31
 608.69165 608.7547  608.64655 608.43176 608.70294 608.4666  608.839
 608.5789  608.8477  608.8547  608.60675 608.7571  608.69714 608.56226
 608.46405 608.70874 608.41583]
[544.8963  544.4945  545.33887 544.99786 544.83984 545.1513  543.78796
 544.98456 545.6109  544.69653 543.97253 544.4843  545.19116 545.88367
 544.7269  545.4951  544.3893  545.63165 544.44147 546.01825 545.68176
 544.31775 544.75146 544.8283 ]
[370.7898  370.4823  371.2353  371.1514  371.38226 371.5014  369.8283
 371.67593 371.6984  370.9901  370.24536 370.51358 371.04056 372.11423
 370.90118 371.6851  370.41394 371.9143  371.10193 372.23273 371.10342
 370.26074 371.1472  370.46613]
[ 99.32863   99.55801   98.47339   98.73544   98.70828   98.41319
 100.92953   99.22615   98.631935  99.36444  100.179825  99.8932
  98.73844   96.489944  99.37335   98.33829   99.20671   97.59604
  99.576     97.03037   97.91591   99.99291   99.27262   99.3084  ]
[79.30268  79.344086 79.26577  79.26878  78.832115 79.12428  79.2239
 78.76123  79.02093  78.93164  78.78949  79.05124  79.21451  79.36669
 79.31399  79.026596 79.20989  78.94966  78.78803  79.26053  79.49498
 79.10731  78.92167  79.415924]
[2.8313832 2.7637353 2.7737682 2.7910438 2.4575243 2.6411738 2.7496061
 2.4474025 2.5387077 2.63497   2.5291793 2.6294787 2.6401646 2.6425095
 2.7990582 2.5883973 2.6622784 2.546158  2.504394  2.6608536 2.8839817
 2.6850157 2.4849813 2.8296022]
[6.2740602 6.374983  6.185011  6.1111    5.8766923 6.078389  6.313865
 5.857814  5.99869   6.118788  6.2435756 6.1317296 6.4149365 6.12983
 6.23381   5.85633   6.181449  6.2306933 5.9337435 6.1168585 6.430223
 6.2450304 5.979277  6.3439345]
[-4.7534833 -4.5783825 -4.933244  -4.730835  -4.7273326 -4.6567163
 -4.3616366 -4.6836095 -4.9066186 -4.6890116 -4.4578395 -4.572357
 -4.8238325 -4.963937  -4.584171  -4.954646  -4.545019  -4.954646
 -4.503403  -4.975187  -4.97204   -4.535372  -4.587822  -4.85123  ]
[3.522703  3.4473374 3.3496504 3.406167  3.053205  3.2748191 3.5124621
 3.175737  3.3488193 3.3137932 3.5014794 3.391177  3.6244566 3.1100185
 3.3812628 3.1451337 3.361108  3.2985656 3.1558492 3.2478373 3.6281374
 3.526918  3.2838132 3.5564823]
[4.4045286 4.4871073 4.2577753 4.3837504 4.317795  4.409664  4.616971
 4.327946  4.2592597 4.405508  4.564936  4.4804287 4.3472404 4.214052
 4.4786773 4.202387  4.5165825 4.221384  4.4793005 4.2427855 4.3646345
 4.528634  4.4237337 4.30699  ]
[3.506971  3.4305072 3.4304774 3.3475726 3.002803  3.2034907 3.419376
 3.0612788 3.3187206 3.2420788 3.3351352 3.3324044 3.5727782 3.1912909
 3.354281  3.201027  3.2995453 3.2771642 3.028123  3.2728007 3.7366588
 3.4629507 3.1474786 3.6119897]
[1.0053374  1.0957224  0.9548464  1.0271248  1.0338035  1.0645552
 1.1743827  1.0270357  0.9616735  1.0422038  1.1360915  1.1128496
 0.9676101  0.9405985  1.1084565  0.96069396 1.1191127  0.91204333
 1.1404252  0.93237627 0.9707862  1.1431264  1.0706105  0.9483161 ]
[4.187931  4.1263385 4.134531  4.0886116 3.803624  3.955156  4.114851
 3.8121133 4.0241694 3.9694338 4.0128303 4.0563755 4.1885543 3.986472
 4.0895314 3.9802978 4.0472927 3.9668512 3.8280828 4.022774  4.3787045
 4.1538253 3.8937418 4.2556086]
[0.9008528  0.98672605 0.8769282  0.96297956 1.032913   1.0248985
 1.0456173  1.0052483  0.92237306 0.98850703 1.0436879  1.0326458
 0.8608103  0.92465866 1.030479   0.9306843  1.0381966  0.8802527
 1.1195877  0.91376495 0.84279263 1.0322006  1.0213662  0.80022705]
[5.1242847 5.0401335 5.095136  5.031436  4.7531867 4.9003553 4.9987845
 4.753335  4.98611   4.904927  4.9062033 4.9780364 5.1144004 4.9725447
 5.0214624 4.958475  4.9720697 4.915227  4.749357  4.998547  5.3419213
 5.081096  4.82502   5.174776 ]
[1.0092258 1.0939415 1.0102054 1.0887766 1.1904413 1.1590662 1.1258211
 1.1473414 1.069631  1.1129386 1.1436903 1.1458572 0.9765744 1.082276
 1.1401284 1.0937634 1.1613518 1.0195556 1.2508464 1.0621212 0.9531841
 1.1402768 1.159363  0.9107076]
[3.7968562 3.7163851 3.7607615 3.7125561 3.4447846 3.5873528 3.663401
 3.4261436 3.650726  3.571769  3.5734906 3.6370718 3.7802632 3.673879
 3.687088  3.6348457 3.6696045 3.5826924 3.427331  3.699258  4.0022926
 3.7197096 3.515846  3.851295 ]
[6.811414  7.009964  6.933708  6.9819727 7.3345194 7.0542216 6.84362
 7.190764  7.1658597 7.012101  7.153541  7.0599504 7.2444606 7.126025
 6.7877564 7.060069  7.2383757 7.355891  7.115636  6.9819136 6.7614865
 7.0036416 7.1428256 7.184382 ]
[75.45014  74.948555 74.74819  75.26904  74.29273  74.55475  75.03689
 73.9488   74.452934 75.027336 74.69936  74.62174  74.9368   74.06258
 75.143486 74.372765 75.12413  74.19493  74.4082   74.93733  76.135254
 75.0238   74.15901  74.84911 ]
[213.18251 213.32597 213.16895 212.92923 212.8056  212.85396 213.54991
 212.95064 212.95341 213.20226 213.57266 213.23984 213.3497  212.83594
 213.11469 212.67654 213.00389 213.16562 212.93666 212.78645 213.17139
 213.24348 212.92409 213.4342 ]
[348.83176 349.16693 349.137   348.92496 349.4448  349.20758 349.06342
 349.277   349.04172 348.99683 348.83008 349.20407 348.71918 349.36136
 349.22977 349.39114 349.22894 348.90796 349.32727 348.9127  348.73727
 349.27243 349.17978 348.93564]
[459.49005 459.7526  459.667   459.71997 459.64844 459.6537  459.79172
 459.47922 459.59583 459.62943 459.6642  459.8065  459.55847 459.6739
 459.76172 459.87335 459.82748 459.40143 459.67145 459.41446 459.683
 459.8784  459.82126 459.68158]
[404.03397 404.2901  404.5691  404.59808 404.93008 404.8406  403.8391
 405.20297 405.04572 404.78912 404.7205  404.16544 405.19818 404.36246
 404.1119  404.5524  404.29074 405.36298 404.71103 404.94687 404.1567
 403.98898 404.91058 404.512  ]
[459.8729  458.4766  458.51453 459.67197 459.4261  459.91678 459.352
 461.30664 460.20233 460.1889  460.75723 459.47446 459.38623 457.6428
 459.1146  459.08224 458.89276 459.2066  460.0132  458.9828  458.39963
 459.60196 460.48575 458.21692]
[391.97595 392.60626 392.3948  393.0609  394.8521  393.99222 392.6774
 394.6893  393.40594 393.809   393.52795 393.43134 392.0554  393.78955
 393.00226 393.75742 393.29004 393.8232  395.04175 393.45746 390.92618
 392.64514 394.35715 391.37845]
[425.776   426.44928 426.33615 426.58264 428.09177 427.27155 426.7727
 428.10974 426.93912 426.97342 426.8198  426.79874 425.83044 427.33817
 426.8727  427.36166 426.46725 427.0347  428.26978 427.09198 424.5611
 426.2238  427.65674 425.40793]
[209.80478 210.25948 210.71152 210.85869 213.22473 212.27042 210.2211
 213.34319 211.94989 211.50253 211.11891 210.95468 210.37067 212.3044
 210.83487 212.09341 210.43001 212.40231 213.14027 212.30484 208.38602
 210.15636 212.62065 208.9348 ]
[117.009705 116.84562  117.13844  116.98735  117.03836  117.19027
 116.669685 117.06139  117.1617   116.9351   116.68736  116.81697
 116.98994  117.492546 116.98887  117.11836  116.784294 117.263245
 116.90976  117.5344   117.18684  116.71719  116.96413  116.76643 ]
[10.415419 10.416962 10.426728 10.55769  10.643741 10.698388 10.38627
 10.683813 10.627416 10.600997 10.598504 10.446556 10.560064 10.665825
 10.502123 10.464248 10.484343 10.748671 10.689928 10.829884 10.423611
 10.299624 10.625901 10.227227]
[0.36569595 0.5295764  0.22292018 0.34723306 0.33236182 0.40229523
 0.65201926 0.34147453 0.24209547 0.39113438 0.597996   0.4848143
 0.40063298 0.21318412 0.4672122  0.1566081  0.5092138  0.27670598
 0.5028913  0.2003907  0.23523867 0.5011697  0.45115364 0.3316791 ]
[-0.555846   -0.46347213 -0.71776736 -0.51654553 -0.5028616  -0.448215
 -0.286353   -0.47383153 -0.62429523 -0.47819495 -0.28347373 -0.41004252
 -0.59983635 -0.7203498  -0.4424268  -0.71652067 -0.41597915 -0.6486057
 -0.30861533 -0.6732724  -0.75222945 -0.42794144 -0.39962375 -0.71373045]
[5.074981  5.064355  5.000417  5.021611  4.861886  4.9801736 5.0899415
 4.8865232 4.9960837 4.986585  5.07792   5.0307536 5.128292  4.915405
 5.0325937 4.8950124 5.0170994 4.991423  4.929623  4.983973  5.164951
 5.0821943 4.96079   5.0629597]
[1.2792828 1.3815708 1.2494513 1.333217  1.389704  1.3985199 1.4473783
 1.3846875 1.305404  1.3660465 1.4514152 1.4132427 1.2949258 1.2842696
 1.3949579 1.2823699 1.4137176 1.2896719 1.482998  1.2779471 1.2238644
 1.4195355 1.4165969 1.2171857]
[2.7431946 2.790005  2.711404  2.7804766 2.7146692 2.7632308 2.8302848
 2.7149067 2.7295403 2.7461333 2.805826  2.7892926 2.7717202 2.7185576
 2.7966835 2.693891  2.7900643 2.7174594 2.7856712 2.7316182 2.7576504
 2.8104863 2.7535837 2.7281454]
[0.22283113 0.34607542 0.20205295 0.35744405 0.5092138  0.46097875
 0.42690253 0.48579383 0.32669234 0.41241717 0.47769034 0.42224228
 0.22879744 0.33443964 0.40564942 0.31015885 0.433136   0.33043242
 0.6132531  0.33156037 0.08729804 0.37454152 0.48240995 0.09088969]
[3.700861  3.705818  3.682695  3.7265666 3.63164   3.692431  3.7165039
 3.6287012 3.6869988 3.6736119 3.6951025 3.705818  3.7153463 3.6960819
 3.7273977 3.658503  3.704512  3.6674972 3.67566   3.7082224 3.762394
 3.7393897 3.658058  3.6735525]
[0.3675363  0.49134457 0.3736807  0.5177922  0.71429443 0.63765264
 0.5535604  0.6753205  0.51037145 0.5793253  0.6178243  0.5852026
 0.3648945  0.5265784  0.5640979  0.5171689  0.5918813  0.49879503
 0.7985054  0.50719535 0.22205937 0.53512716 0.6613991  0.22090173]
[3.2709308 3.2711089 3.2577217 3.3145056 3.2261982 3.2812307 3.2732756
 3.2207959 3.2724445 3.250301  3.261729  3.27194   3.2831008 3.293104
 3.2978532 3.2526755 3.2858613 3.245997  3.2608385 3.3056302 3.3250134
 3.3020089 3.2514288 3.2393181]
[0.458426   0.5713999  0.48104453 0.62200963 0.81198156 0.72958124
 0.611858   0.7754713  0.62376094 0.67158043 0.690073   0.6594994
 0.47151625 0.6403538  0.64587486 0.6333486  0.677992   0.609424
 0.87476134 0.62687767 0.3306105  0.6155981  0.75240755 0.3267517 ]
[4.4705734 4.4161644 4.45686   4.466774  4.2759414 4.377992  4.38568
 4.273062  4.416283  4.350624  4.337445  4.386155  4.466804  4.4418106
 4.4302044 4.4054193 4.406547  4.3585496 4.280186  4.4600954 4.612459
 4.452408  4.3259573 4.477282 ]
[ 0.08308303  0.19858003  0.10754192  0.25055516  0.4705367   0.37762856
  0.22336543  0.416929    0.25512636  0.2993245   0.32108223  0.2808913
  0.09442198  0.3018179   0.2613895   0.2747172   0.32580185  0.25097072
  0.5183265   0.2817521  -0.05319214  0.21906137  0.4033935  -0.04859126]
[18.849281 19.210793 19.182741 19.020464 19.290224 19.169058 18.833252
 19.030615 19.13798  18.823753 18.794903 19.028301 19.327238 19.355705
 19.05157  19.270187 19.241217 19.19224  19.060328 19.226257 19.105684
 19.12299  19.05252  19.315187]
[75.12021  75.06405  74.8788   74.768585 73.81662  74.26395  75.42099
 73.917366 74.28992  74.6744   74.91783  74.77722  74.91843  74.69889
 74.896904 74.070854 74.75645  74.50197  74.07715  74.60064  75.52776
 74.74635  74.15625  75.42966 ]
[139.1671  139.22984 138.99298 138.94513 138.58588 138.74538 139.414
 138.70757 138.73972 139.12888 139.25182 139.04662 138.9993  138.70758
 139.23285 138.60701 138.8939  138.85484 138.90822 138.88887 139.29535
 138.95473 138.61531 139.1504 ]
[223.58041 223.70123 223.53549 223.64545 223.74959 223.76868 223.77324
 223.659   223.64783 223.70158 223.77286 223.86678 223.50992 223.67288
 223.68767 223.69263 223.98581 223.5164  223.81947 223.42517 223.64778
 223.8908  223.81317 223.55077]
[179.20773 178.4483  178.50104 178.85826 177.93929 178.71959 179.04996
 178.73001 178.60814 178.50832 178.92775 178.81659 178.24934 178.00311
 178.73346 178.4388  178.59972 177.7147  178.32169 177.99498 178.79312
 179.17497 178.8887  178.52794]
[227.95917 227.60988 227.52423 227.93164 228.15216 227.91039 227.91515
 228.40135 227.96632 228.12016 227.94894 228.06737 227.41335 227.8322
 227.90973 227.99852 227.98666 227.70659 228.24875 227.62444 227.39024
 228.05542 228.07608 227.42703]
[154.904   155.1184  155.1171  155.49059 156.86473 156.14668 155.43597
 156.90526 155.98648 156.01598 155.78545 155.81801 154.76874 156.15826
 155.55612 156.16309 155.50484 156.0058  156.94086 155.80548 153.81622
 155.29813 156.55078 154.16585]
[203.24733 202.9776  203.05946 203.06079 202.44608 202.54698 202.83093
 202.46225 203.06677 202.66588 202.35434 202.98845 202.98761 203.00288
 203.03732 203.166   202.937   202.49107 202.32072 202.86053 203.55627
 203.00786 202.47827 203.42842]
[166.18301 166.53876 166.53906 166.90865 168.67369 167.63211 166.82025
 168.56238 167.35677 167.49344 167.18727 167.08911 166.1131  167.68863
 166.9935  167.79054 166.90646 167.55124 168.6546  167.4991  164.95778
 166.50703 168.05956 165.51047]
[72.576164 72.28449  72.76275  72.48969  72.28675  72.44006  71.98894
 72.475716 72.82211  72.38461  72.14062  72.23819  72.795845 72.753044
 72.373695 72.66527  72.049644 72.857704 72.11934  72.90559  72.92013
 72.228424 72.22756  72.610504]
[31.342934 31.291344 31.311142 31.30399  31.274752 31.328596 31.184456
 31.130402 31.307047 31.295649 31.181398 31.258722 31.300783 31.49681
 31.302832 31.259375 31.343645 31.380898 31.21298  31.475023 31.511148
 31.183    31.20179  31.204906]
[3.4126675 3.4101741 3.3097858 3.4196134 3.3463554 3.4518492 3.4593592
 3.3710518 3.270159  3.4340394 3.4833727 3.349858  3.3745248 3.4073544
 3.452354  3.1809316 3.3891585 3.446803  3.42555   3.4493263 3.3451087
 3.3185127 3.34968   3.268467 ]
[-1.565992  -1.4726683 -1.705651  -1.5525752 -1.5972186 -1.5114344
 -1.3875965 -1.6035411 -1.6900674 -1.5492507 -1.3929988 -1.5151745
 -1.5546234 -1.6265752 -1.4937433 -1.795858  -1.4724902 -1.5597289
 -1.4632291 -1.6217072 -1.6810437 -1.5611537 -1.5457481 -1.6439695]
[-5.0153184 -4.895725  -5.13316   -4.9201245 -4.762062  -4.7641397
 -4.738345  -4.730954  -4.9904733 -4.8403955 -4.660872  -4.812909
 -5.0379367 -5.009738  -4.846807  -5.075842  -4.8205967 -4.925705
 -4.5971723 -4.996915  -5.3012853 -4.8962297 -4.7327943 -5.2093863]
[3.4837883 3.5130856 3.3825688 3.5062287 3.434633  3.5186956 3.5991666
 3.4765456 3.439709  3.4741116 3.6056077 3.5268586 3.4975612 3.3918004
 3.5187848 3.3523219 3.5143619 3.4498308 3.550902  3.4265592 3.4023378
 3.5294409 3.5245433 3.4107976]
[0.95947695 1.072629   0.9054537  1.0806731  1.2485311  1.2072716
 1.1769948  1.2379936  1.059509   1.1464212  1.2402792  1.1651216
 0.963781   1.0416398  1.1261476  1.0159045  1.1626282  1.0747662
 1.367412   1.0451127  0.774284   1.1077441  1.2491544  0.79440916]
[3.5234153 3.5311031 3.4917731 3.5527422 3.4771986 3.5441043 3.5549982
 3.5031714 3.5233262 3.5052195 3.5554433 3.5287285 3.5628047 3.518666
 3.5431843 3.4700153 3.520269  3.5317266 3.5283427 3.5422344 3.5311923
 3.5506644 3.5306282 3.4890718]
[-0.12401605  0.0117842  -0.12024629  0.05043161  0.29365504  0.20113277
  0.09071159  0.27795267  0.05580425  0.12823105  0.18130445  0.11849499
 -0.09985399  0.06444204  0.08643723  0.04594946  0.11796069  0.07480145
  0.38258564  0.04799759 -0.3341725   0.05339992  0.2494272  -0.2828207 ]
[3.8100355 3.8385906 3.7939174 3.9018452 3.8965023 3.9174883 3.8754272
 3.9128873 3.8679175 3.8660772 3.896354  3.8683925 3.8373735 3.8833528
 3.8821654 3.838917  3.8691642 3.871984  3.9544437 3.8973927 3.7574072
 3.8681846 3.9208424 3.7395084]
[0.26230967 0.40247333 0.28463137 0.4767108  0.7786474  0.6510991
 0.47905576 0.75466347 0.50140715 0.5679567  0.5974914  0.53776896
 0.28920257 0.51737666 0.5026835  0.49811232 0.53251505 0.5233133
 0.8625022  0.50105095 0.01881909 0.45311272 0.705716   0.06693542]
[4.9459486 4.947344  4.944257  5.0388274 5.0099454 5.037729  4.965391
 5.0257964 5.0079865 4.979075  4.9783926 4.9743257 4.966549  5.042627
 4.999794  4.993501  4.976938  5.0002093 5.047851  5.054589  4.9208665
 4.985932  5.034612  4.877054 ]
[0.29377377 0.4348576  0.3313526  0.5261035  0.8523803  0.7065768
 0.49645007 0.8205006  0.55973446 0.61509347 0.6291336  0.5713999
 0.3285327  0.5890614  0.53711593 0.5676302  0.578702   0.58208585
 0.91866267 0.56804574 0.04209065 0.4823506  0.7676647  0.10021019]
[4.4527044 4.4619064 4.4564147 4.564521  4.55618   4.5685873 4.4751153
 4.5604243 4.528337  4.504531  4.4953294 4.4890957 4.4702473 4.578917
 4.517859  4.525458  4.510527  4.518304  4.5878515 4.588653  4.41753
 4.4925394 4.569804  4.3800993]
[1.279639  1.425769  1.3419439 1.5367838 1.8809298 1.7137545 1.4670582
 1.8355443 1.5765592 1.6193326 1.6081123 1.5559294 1.3295066 1.6312652
 1.5294818 1.5998901 1.5799727 1.6046394 1.9268793 1.6082904 1.0369499
 1.4572034 1.7762375 1.1010654]
[11.979689  12.234341  12.140423  12.205488  12.36643   12.2710285
 12.167078  12.376345  12.176845  12.076486  12.180733  12.107386
 12.242592  12.442182  12.130123  12.271118  12.224515  12.299495
 12.313951  12.319353  11.79788   11.999873  12.374534  12.30935  ]
[39.66296  40.396282 40.351192 40.25918  41.503998 40.682102 40.233116
 41.36137  40.620598 40.55295  40.43579  40.34995  40.343567 41.178402
 40.27277  40.85533  40.4444   41.11028  41.242725 40.7884   39.09539
 40.155495 40.97656  40.15864 ]
[136.25345 136.3936  136.12515 135.88672 135.80038 135.8415  136.7812
 136.09053 135.73886 136.13419 136.49689 136.11876 135.9893  135.85435
 136.36652 135.69913 135.73416 136.03897 136.21167 136.01445 135.86766
 135.88266 135.80902 136.30545]
[215.40724 215.6078  215.35268 215.67749 216.46143 216.05759 215.87584
 216.46982 215.8467  216.02856 216.05498 215.97983 215.29382 215.85236
 215.76366 215.94102 215.98247 215.83821 216.57745 215.62965 214.7558
 215.76488 216.31012 215.06367]
[334.417   334.47327 334.45157 334.39075 334.8562  334.6467  334.73373
 335.0463  334.46454 334.55826 334.50858 334.67197 333.9853  334.5602
 334.73373 334.7851  334.48105 334.24774 334.91766 334.2238  333.843
 334.73248 334.76242 334.18933]
[296.94257 297.06052 296.8554  297.5081  298.78644 298.22464 297.72076
 299.31357 297.82736 298.13614 298.3142  297.77814 296.67737 297.38397
 297.58148 297.7875  297.36185 297.7119  299.10907 297.3797  295.22372
 297.33636 298.76178 295.9768 ]
[213.69252 214.03937 213.99706 214.3155  216.47792 215.52252 214.5397
 216.92734 215.11034 215.29678 215.27327 214.9074  213.62242 215.13852
 214.66786 215.11516 214.2196  215.39256 216.69293 214.8607  211.70065
 214.22562 215.9417  212.62251]
[174.24779 174.54425 174.66614 175.06325 176.99994 176.04587 174.7721
 177.14804 175.66644 175.73189 175.45108 175.196   174.22911 175.99258
 175.10616 175.87701 174.91144 175.98672 176.9947  175.83879 172.7852
 174.48343 176.38307 173.40868]
[109.23086  109.70511  109.875336 109.99478  112.27176  111.25679
 109.92568  112.421745 110.887505 110.88361  110.70895  110.37882
 109.4276   111.31785  110.200676 111.000046 109.888725 111.42241
 112.24642  111.06514  107.65789  109.50841  111.60806  108.42348 ]
[113.33771  113.29501  113.46737  113.592316 114.14086  113.8505
 113.2753   114.11219  113.73723  113.68449  113.34274  113.43632
 113.191    114.29045  113.516624 113.90969  113.55611  113.910576
 113.97728  114.0946   113.08994  113.21448  113.84995  113.049416]
[22.705326 22.81352  22.788855 22.883186 23.142172 22.952942 22.746853
 22.993904 22.965616 22.963034 22.85018  22.811087 22.873184 23.149237
 22.83222  22.909248 22.909248 23.173725 23.06939  23.193464 22.711796
 22.548628 22.89975  22.692295]
[ 9.722941   9.547603   9.623146   9.5023365  9.161782   9.374788
  9.441011   9.107195   9.437597   9.383545   9.360629   9.411981
  9.675181   9.556983   9.501534   9.333766   9.447897   9.51323
  9.103989   9.599697  10.017368   9.451845   9.173715   9.708278 ]
[-4.142011  -4.058572  -4.298471  -4.09906   -4.036547  -3.9810398
 -3.9192395 -4.0180845 -4.2240553 -4.043938  -3.8764663 -4.0250006
 -4.1998043 -4.1922946 -4.02034   -4.3212676 -3.9889948 -4.1346498
 -3.884184  -4.168518  -4.3426394 -4.091461  -4.0068936 -4.3321614]
[2.4910069 2.4475212 2.3666644 2.4143057 2.1538363 2.3454704 2.490443
 2.2243931 2.330243  2.3107116 2.4559512 2.3952491 2.5163267 2.2678492
 2.4115155 2.2046242 2.381565  2.3410182 2.2398877 2.3221989 2.549542
 2.450905  2.2946827 2.4991698]
[-0.55216527 -0.44061613 -0.6379198  -0.4573574  -0.31226635 -0.3318869
 -0.31179142 -0.3081404  -0.5049691  -0.39054072 -0.2622503  -0.35432732
 -0.5756149  -0.53937185 -0.3935387  -0.5551336  -0.35744405 -0.49624228
 -0.17361653 -0.5347413  -0.75947213 -0.39852548 -0.29006338 -0.7224276 ]
[4.3301725 4.293128  4.2632966 4.306842  4.1151776 4.2493753 4.3212676
 4.17303   4.262287  4.21987   4.301469  4.2702127 4.369473  4.2103715
 4.2859745 4.1739798 4.2468815 4.254184  4.176503  4.2599125 4.389717
 4.3236127 4.2223043 4.323969 ]
[-0.06883514  0.05405295 -0.09071159  0.07079422  0.27213478  0.20968151
  0.14259768  0.2670293   0.0648576   0.14233053  0.21615243  0.15073085
 -0.05722904  0.05616045  0.11644685  0.04265463  0.14758444  0.07595909
  0.37204814  0.04452467 -0.26076615  0.10338628  0.2543249  -0.22318733]
[4.396841  4.3789716 4.360301  4.426791  4.2968087 4.3866596 4.4036083
 4.3348627 4.3801293 4.3454294 4.388055  4.3763595 4.423051  4.372085
 4.399067  4.330944  4.366178  4.3668013 4.350268  4.400403  4.4265537
 4.4146805 4.367425  4.3701854]
[0.23719776 0.3686049  0.24930847 0.42865384 0.6970782  0.5882896
 0.44492018 0.6777545  0.44429684 0.5111432  0.5491673  0.4916414
 0.25690734 0.4518957  0.458426   0.43916166 0.48799038 0.45815885
 0.78179383 0.43708384 0.01424789 0.42194545 0.63869154 0.05619013]
[5.1142817 5.092999  5.098431  5.173796  5.0801463 5.144737  5.107514
 5.107514  5.134793  5.0930285 5.1025567 5.1042786 5.1322103 5.1540866
 5.133427  5.107603  5.101518  5.117161  5.118853  5.1743307 5.130934
 5.1351194 5.129183  5.0658092]
[0.48781228 0.6248592  0.52372885 0.7106434  1.0324084  0.890345
 0.6888263  1.003408   0.747213   0.80180025 0.81587005 0.7649338
 0.51615965 0.76698196 0.7282455  0.7555243  0.76401365 0.76208425
 1.1005311  0.7442744  0.24058163 0.684641   0.9509579  0.29101324]
[5.416634  5.4028015 5.416426  5.505713  5.4469404 5.4872203 5.413191
 5.4645424 5.4683714 5.4266667 5.4165745 5.4228377 5.433019  5.508236
 5.4554596 5.4585466 5.4307036 5.450057  5.477484  5.523137  5.414556
 5.443824  5.4789686 5.3575053]
[0.8993093  1.0362672  0.948702   1.137071   1.4563723  1.3056711
 1.0837601  1.4193277  1.1716518  1.2166218  1.2154344  1.1643201
 0.9405985  1.209943   1.1367445  1.1880072  1.1813582  1.1916583
 1.5085849  1.1893727  0.66451585 1.0790108  1.3654529  0.72079504]
[5.5960684 5.5886474 5.5970774 5.699603  5.656681  5.6881156 5.5917344
 5.6578984 5.647153  5.6092477 5.5922985 5.594792  5.6065464 5.735371
 5.636675  5.654277  5.6332316 5.639851  5.6774592 5.744662  5.581642
 5.5950294 5.6833367 5.539641 ]
[11.049658 11.427375 11.328768 11.422953 12.038699 11.622541 11.293772
 11.946859 11.659052 11.527971 11.583716 11.495973 11.516009 11.789836
 11.307604 11.679741 11.58707  11.876599 11.87562  11.562998 10.752055
 11.311136 11.805212 11.371096]
[36.995815 37.56686  37.489506 37.524918 38.04167  37.72219  37.47116
 37.94722  37.411674 37.338062 37.205467 37.318768 37.31945  38.200207
 37.54807  37.84113  37.571518 37.621002 37.978622 37.95069  36.752533
 37.22871  37.855083 37.467808]
[81.10715  81.26171  80.78476  80.91339  80.22761  80.67904  81.92635
 80.42722  80.22507  80.91251  81.488846 80.89267  80.73336  80.87172
 81.16103  80.08483  80.84588  80.76232  80.8531   80.965485 80.97433
 80.44315  80.61732  81.225075]
[172.66185 172.86945 172.52391 172.91238 173.21895 173.08824 173.14006
 173.38438 172.74785 173.10223 173.26799 172.95804 172.51953 172.97807
 172.93008 172.78537 173.03345 172.97456 173.553   172.90819 172.1381
 172.70154 173.24344 172.53114]
[147.7894  147.61368 147.50786 147.87401 147.93999 148.11101 148.20738
 148.26971 147.7184  147.94458 148.06757 148.04872 146.98572 147.7798
 147.9577  147.90012 147.87831 147.34766 148.31607 147.49474 147.08913
 147.9257  148.39322 147.09882]
[89.706436 89.53631  89.55011  89.96282  90.77419  90.38696  90.06544
 91.22058  90.22979  90.28757  90.18672  90.19054  89.14913  90.319046
 89.999825 90.30926  89.876945 90.04148  90.982124 89.96786  88.446205
 89.958725 90.76578  88.92725 ]
[160.83627 161.1455  160.84766 161.86618 163.80951 162.6182  161.52332
 163.9042  162.08891 162.63875 162.34792 161.90161 160.78679 162.34048
 161.59975 162.25864 162.03903 162.55257 163.8893  162.18906 159.12286
 161.23741 163.1774  160.06187]
[209.90567 209.97458 209.9287  210.26553 211.2788  210.60332 210.17075
 211.30975 210.532   210.6261  210.34119 210.32994 209.74678 210.68958
 210.27155 210.70377 210.2598  210.62712 211.21207 210.53433 209.01213
 209.9318  210.83128 209.44858]
[153.71492 153.54404 153.8084  153.94507 154.45692 154.36002 153.62785
 154.6454  154.21492 154.04535 153.81569 153.86938 153.42732 154.4099
 153.90585 154.34355 153.65489 154.17416 154.50671 154.34033 153.2018
 153.5302  154.43704 153.1189 ]
[155.60074 155.50055 155.6431  156.04889 156.6882  156.38222 155.58131
 156.73389 156.10524 156.19153 155.88911 155.8002  155.40028 156.63348
 155.8559  156.26347 155.93088 156.31718 156.6443  156.48688 155.13959
 155.54999 156.45029 155.03822]
[47.178905 47.11565  47.134052 47.461456 47.847607 47.67785  47.234413
 47.8192   47.47992  47.577816 47.430824 47.349285 47.049366 47.684555
 47.364452 47.48915  47.374783 47.593517 47.90326  47.70278  46.84684
 47.106567 47.714092 46.69513 ]
[15.275731  15.036931  15.120994  15.175878  14.905256  15.093656
 14.948327  14.885399  15.124734  15.123041  15.060766  15.012413
 15.27778   15.218651  15.076529  14.9206915 15.073055  15.284162
 14.879195  15.319485  15.521419  15.02663   14.898845  15.07258  ]
[0.50333655 0.5291312  0.33438027 0.49271    0.5403811  0.6418083
 0.6076727  0.5494641  0.36765504 0.57433856 0.70123386 0.52497554
 0.4208175  0.48451746 0.5807204  0.23823667 0.5919703  0.5442102
 0.6503867  0.52883434 0.36569595 0.45159888 0.53126836 0.23479342]
[2.4381115 2.4185505 2.3286104 2.3423243 2.0876133 2.2894585 2.4541404
 2.1669266 2.2654746 2.2331495 2.3901138 2.3469844 2.465984  2.2121043
 2.3679407 2.1500072 2.3238611 2.2725687 2.167253  2.2382255 2.4827847
 2.4126139 2.232912  2.4797273]
[-0.75997674 -0.6408287  -0.8602166  -0.66027117 -0.51265705 -0.53711593
 -0.49413478 -0.516219   -0.71990454 -0.59493864 -0.45168793 -0.547505
 -0.7924501  -0.772503   -0.59790695 -0.7699206  -0.55341196 -0.7217152
 -0.35797834 -0.7658243  -0.9961653  -0.5979663  -0.47941196 -0.93576014]
[4.3098097 4.267838  4.2455163 4.2779007 4.096448  4.223729  4.2909017
 4.146731  4.242459  4.1968956 4.2754073 4.2433496 4.350357  4.18523
 4.2554603 4.15427   4.214438  4.240114  4.1505303 4.240767  4.3651986
 4.290605  4.1995077 4.3009644]
[-0.31520498 -0.19460249 -0.32111192 -0.18344164  0.0226779  -0.04443562
 -0.12241316  0.01119053 -0.17895949 -0.11656559 -0.05230165 -0.1058203
 -0.2977513  -0.17756438 -0.14158845 -0.18908143 -0.1096791  -0.16589892
  0.10475171 -0.1986394  -0.49790454 -0.15007782  0.00065303 -0.45064902]
[4.413048  4.4125433 4.379951  4.4654384 4.3721743 4.441425  4.4454913
 4.399423  4.4109697 4.388737  4.4322824 4.416283  4.4345384 4.4209433
 4.436616  4.3741627 4.4124246 4.4056273 4.4307685 4.443354  4.405033
 4.4352508 4.4318075 4.3772497]
[0.3383578  0.4747517  0.35248697 0.5426073  0.82872283 0.71025753
 0.5559944  0.80844927 0.56009066 0.6291336  0.6665046  0.6029531
 0.3645383  0.57329965 0.56840193 0.5528183  0.5966306  0.5860337
 0.9164958  0.56083274 0.0963217  0.5199888  0.7649932  0.15013719]
[5.2114644 5.196207  5.1947527 5.2772717 5.1990566 5.25869   5.2179646
 5.2305207 5.2412066 5.2039843 5.2182617 5.212889  5.233222  5.261124
 5.239663  5.209891  5.203954  5.2334    5.2443233 5.2811604 5.209624
 5.236012  5.246787  5.154413 ]
[0.5561131  0.6953863  0.58787405 0.77912235 1.1057256  0.96330607
 0.7675756  1.0818901  0.816345   0.87440515 0.89390695 0.8387557
 0.58579624 0.83222544 0.79987085 0.8200257  0.83130527 0.8361139
 1.1796069  0.8100225  0.29537666 0.75519776 1.02757    0.35459447]
[5.5357227 5.5273814 5.5368505 5.6310053 5.5860057 5.6200523 5.542639
 5.6058636 5.597315  5.558163  5.550297  5.552464  5.556204  5.635369
 5.5823846 5.5855904 5.555551  5.584314  5.6201115 5.649973  5.5198126
 5.5686116 5.615956  5.4715476]
[0.7966057  0.9367397  0.84466267 1.0396214  1.3753967  1.219501
 0.99218774 1.3432796  1.079278   1.1270975  1.1286707  1.0742022
 0.8388448  1.1124934  1.0423819  1.0919824  1.0830181  1.1030542
 1.4327148  1.0911216  0.5422511  0.98568714 1.2846555  0.6055355 ]
[4.791181  4.7889547 4.7827215 4.9008007 4.8710284 4.9012756 4.8047166
 4.881299  4.84841   4.8194985 4.817154  4.803826  4.803856  4.9232707
 4.840544  4.8443136 4.8358836 4.846748  4.9037395 4.9365096 4.748348
 4.7999077 4.9029083 4.7190213]
[1.367412  1.5269587 1.4310822 1.6632042 2.0830717 1.8790598 1.5729675
 2.030592  1.7076101 1.7538861 1.7440016 1.6642728 1.4333678 1.8036053
 1.630998  1.7354232 1.7083225 1.7722006 2.1185431 1.7743971 1.0434505
 1.5264541 1.970365  1.1668432]
[22.306059 22.806368 22.751898 22.601168 23.053745 22.801054 22.539278
 22.920113 22.669113 22.4399   22.413363 22.542425 22.749376 23.203438
 22.66362  22.928097 22.710638 22.874401 22.87921  22.942701 22.200476
 22.533134 22.817558 22.840235]
[130.09506 130.80832 130.72104 130.23517 131.46251 130.76544 130.59717
 131.37314 130.85603 130.69868 130.85602 130.71803 130.87416 130.87122
 130.49167 130.77975 130.5156  131.35547 131.18457 130.63722 129.55838
 130.50394 130.8725  130.70561]
[235.1794  235.36192 235.25517 235.37296 235.81007 235.68611 235.3783
 235.8703  235.45952 235.4524  235.44496 235.46782 235.07423 235.70436
 235.48883 235.49802 235.48505 235.51778 235.81563 235.45149 234.7313
 235.24327 235.67894 235.03915]
[420.5333  420.31866 420.33786 420.9438  421.44034 421.39185 420.61356
 421.7157  421.02313 421.1675  421.17252 420.80942 420.2039  421.03918
 420.72684 420.90002 420.81662 421.03833 421.56665 421.0331  419.76685
 420.49127 421.60034 419.65347]
[148.52821 149.0787  149.34412 148.38329 150.2844  149.49995 149.70444
 150.68213 149.71536 149.2494  149.51894 149.9802  148.42476 148.99025
 149.18448 149.69557 148.68344 149.11331 150.15944 148.11908 146.79295
 149.89595 150.1212  148.39574]
[396.36865 398.2584  397.83575 399.44797 400.6803  401.23856 396.05722
 399.00763 398.6985  398.84424 398.6068  398.48505 398.49973 401.49402
 398.1642  398.45865 400.14697 400.69467 400.50995 400.8878  397.62393
 396.74475 400.2528  396.62973]
[334.064   335.10733 334.4865  335.50153 338.2689  337.35516 335.27408
 338.1019  335.72223 336.6666  336.81073 335.6995  334.73676 336.8006
 335.57388 335.84506 335.90067 337.3111  338.59305 336.6695  332.4419
 334.65726 337.58838 332.9081 ]
[237.44302 238.38934 238.58592 239.20256 242.1662  240.62057 238.30316
 241.65497 239.99254 239.7888  239.0616  239.28363 237.79747 241.0105
 239.00854 240.74216 239.23471 240.43295 241.99345 240.4251  235.874
 238.34131 241.19423 236.6559 ]
[146.2991  146.8747  146.97733 147.84529 150.61778 149.2038  147.3422
 150.58907 148.24971 148.80385 148.4947  147.75877 146.49873 149.00311
 147.70267 148.79176 147.59439 149.07631 150.83798 148.96411 144.40085
 147.09064 149.77681 144.99602]
[80.20258  79.79557  79.96322  80.71323  81.06988  81.13741  79.60407
 81.23884  80.82153  80.70003  80.65123  80.09979  80.33497  80.715225
 80.25348  80.42441  80.332344 80.93804  81.05394  81.18716  79.72534
 79.96488  81.01755  79.10005 ]
[42.708893 42.599216 42.277096 42.724834 42.304047 42.54181  42.632668
 42.177002 42.223663 42.705215 42.88613  42.49571  42.626644 42.42275
 42.523495 42.010925 42.914955 42.489834 42.44264  42.52596  42.94722
 42.58574  42.40307  42.487637]
[0.69336784 0.7918564  0.39974248 0.36750662 0.48309267 0.4646001
 0.97684157 0.40256238 0.23945367 0.6009643  0.82872283 0.7264942
 0.46062255 0.11564541 0.6913791  0.11187565 0.63415    0.41030967
 0.6291039  0.10970879 0.2895291  0.759205   0.44040835 0.46284878]
[ 0.02929723  0.1701436   0.03600562 -0.04790854 -0.2012515  -0.01570237
  0.20597112 -0.08842599 -0.07468271 -0.12389731  0.069785    0.07456398
  0.11157882 -0.11659527  0.0587132  -0.10596871  0.01222944 -0.11436903
 -0.12125552 -0.21336222  0.03125632  0.16233695 -0.01163578  0.23698997]
[-5.0600805 -4.8010063 -5.116716  -4.8769355 -4.795188  -4.826474
 -4.6680555 -4.8288193 -4.9848633 -4.8698115 -4.6755357 -4.786313
 -4.9360347 -5.0459213 -4.848885  -5.0187316 -4.7541957 -4.9642634
 -4.597647  -5.0462775 -5.2431064 -4.8390894 -4.7095523 -5.026509 ]
[-3.2999609 -3.169088  -3.355676  -3.139197  -2.97781   -3.000755
 -3.044983  -2.9518669 -3.1765385 -3.0716977 -2.9373221 -3.0825913
 -3.2427318 -3.1935172 -3.1152132 -3.2618477 -3.0979376 -3.096483
 -2.8222704 -3.1524358 -3.5245135 -3.1837218 -2.9618108 -3.457222 ]
[2.2177143 2.2580538 2.1562407 2.2560947 2.187675  2.2636342 2.3071198
 2.1855378 2.1953926 2.2241855 2.3031127 2.2661276 2.2451415 2.225254
 2.265623  2.1357594 2.265623  2.2252243 2.2837    2.2312796 2.212906
 2.2548776 2.2503066 2.1544597]
[-2.4829924 -2.3092275 -2.509084  -2.279099  -1.9575716 -2.0744042
 -2.1888328 -2.004085  -2.2902303 -2.165413  -2.0747309 -2.1663032
 -2.4848921 -2.2567182 -2.2229981 -2.3043594 -2.1617913 -2.25559
 -1.8243835 -2.2826908 -2.771839  -2.2884493 -2.0134056 -2.7116416]
[5.544212  5.5269365 5.5234933 5.5808706 5.4766827 5.5516624 5.530261
 5.4717555 5.5506234 5.510492  5.5212073 5.540442  5.5711346 5.584017
 5.5543933 5.5113826 5.5331697 5.5415406 5.517913  5.5950294 5.6116815
 5.5575395 5.5185065 5.494285 ]
[-0.23894906 -0.08872283 -0.2269274  -0.05007541  0.25016928  0.13238668
 -0.02166867  0.19044685 -0.03475893  0.04511833  0.08346891  0.03653991
 -0.22953951  0.0152868  -0.00590694 -0.0290004   0.04701805 -0.01202166
  0.33509266 -0.02006578 -0.4531721  -0.05930686  0.17376494 -0.4357481 ]
[4.0033617 4.0113163 3.991518  4.0634403 3.99695   4.052517  4.0194793
 3.9962673 4.02598   4.0006304 4.0166893 4.017639  4.0342913 4.075432
 4.0395746 3.9961486 4.0261283 4.0310855 4.0366364 4.0820513 4.031412
 4.0236053 4.0268707 3.96041  ]
[-1.0013895  -0.84347534 -0.98144245 -0.7869884  -0.4724661  -0.6008159
 -0.7704549  -0.5165752  -0.77262175 -0.68962777 -0.6502086  -0.71200883
 -0.98357964 -0.7342415  -0.75050783 -0.7667148  -0.7003137  -0.7503891
 -0.38421822 -0.7623514  -1.2384092  -0.80741036 -0.5519872  -1.1974465 ]
[3.7933238 3.7607021 3.7613847 3.8157642 3.6632228 3.7652435 3.7518268
 3.6588297 3.7514112 3.7068865 3.7223217 3.7390928 3.7983105 3.815141
 3.7752469 3.7258542 3.76744   3.7336013 3.6917186 3.830398  3.8773863
 3.7609692 3.720897  3.7702303]
[-1.6095965 -1.4610028 -1.5909258 -1.3873293 -1.0676125 -1.1985447
 -1.4071873 -1.1255243 -1.3745953 -1.3041276 -1.2646787 -1.3376101
 -1.5889667 -1.3153478 -1.3754561 -1.3680056 -1.2970333 -1.3467525
 -0.99572   -1.3382632 -1.8445977 -1.4483578 -1.1529515 -1.8039912]
[10.9647045 11.301638  11.229894  11.129535  11.211787  11.175455
 11.090383  11.128496  11.140696  10.929589  11.015255  11.0905905
 11.389708  11.414552  11.1319685 11.228202  11.233336  11.253996
 11.093351  11.279019  11.093262  11.084298  11.13847   11.49995  ]
[53.530495 54.112522 54.16438  53.76455  54.83798  54.14452  53.7793
 54.63438  54.41722  54.080345 54.027184 54.115253 54.316418 54.62049
 53.826378 54.398342 54.05271  54.79663  54.42651  54.2008   53.279022
 53.99863  54.31149  54.111664]
[166.39876 166.48222 166.26703 166.09811 166.0616  166.01347 166.67117
 166.27106 166.02397 166.38199 166.49767 166.28497 166.24663 165.92514
 166.54108 165.94656 165.97797 166.16428 166.33942 166.13751 166.1896
 166.2479  165.90642 166.32745]
[212.07693 212.17656 212.09172 212.06323 212.20372 212.21132 212.34293
 212.27315 212.06541 212.15604 212.23901 212.2904  211.8728  212.13371
 212.22818 212.2042  212.23688 211.95155 212.3218  211.88133 211.91716
 212.30861 212.29504 212.02763]
[235.33107 235.095   235.25262 235.30952 235.49402 235.26868 235.08057
 235.56355 235.49736 235.31291 234.94943 235.22586 235.13007 235.6305
 235.28937 235.54298 235.12459 235.43288 235.36708 235.53563 235.11397
 235.03026 235.21513 235.11496]
[162.77399 162.62027 162.6956  162.68294 163.00612 163.07278 163.3062
 163.70001 163.01523 162.9742  163.22194 163.19693 162.26984 162.60345
 163.00021 162.76859 162.47145 162.5486  163.28764 162.36256 161.73961
 163.13277 163.23775 162.15689]
[311.55072 311.25488 310.78033 312.07605 313.13214 312.51474 311.19733
 313.12537 312.0767  312.7336  312.07852 312.1588  310.94656 312.66138
 311.81897 311.99863 312.45578 312.51376 313.34262 312.27936 310.59204
 311.4276  312.5574  310.24637]
[294.66608 294.83594 294.79752 294.81158 295.6614  295.07498 295.1819
 295.65347 295.0085  295.14645 295.05957 295.07846 294.43787 295.16953
 295.1183  295.42725 294.72348 295.04358 295.83652 295.0474  293.93713
 294.94543 295.31244 294.27042]
[301.336   301.58133 301.7103  302.32767 303.99783 303.14877 301.72852
 304.105   302.63437 302.85663 302.64297 302.18427 301.46918 303.11612
 302.11713 302.93042 302.1621  303.12625 304.0873  302.9771  300.21475
 301.8109  303.44455 300.56473]
[193.87584 193.87193 194.26561 194.34686 195.05927 194.6619  193.71953
 194.99164 194.65147 194.37314 193.90324 194.00758 193.98528 195.09624
 194.15611 194.86081 194.07538 194.79694 194.83353 195.12051 193.71487
 193.82153 194.6536  193.60751]
[182.27048 182.10828 182.40099 182.67572 183.23297 183.01288 182.11201
 183.24136 182.82516 182.7391  182.44095 182.34937 182.23871 183.09729
 182.47954 182.89487 182.33246 182.98901 183.20134 183.23528 181.90765
 182.17163 183.03647 181.64392]
[51.683613 51.510204 51.601776 51.81241  51.89291  51.85224  51.464195
 51.820896 51.93574  51.80107  51.56185  51.662094 51.748055 51.968925
 51.618607 51.783676 51.69982  51.999054 51.848118 52.045273 51.702343
 51.561913 51.871387 51.375175]
[4.231981  4.238986  4.033193  4.1425457 4.0293045 4.1938677 4.292712
 3.9899151 3.9117298 4.1885247 4.225332  4.106362  4.092292  4.110963
 4.2449226 3.7946002 4.2135477 4.1435547 4.1441784 4.184577  4.17585
 4.083743  4.040495  3.9909244]
[5.9797225 6.0865817 5.895096  5.809312  5.586184  5.7935205 6.100147
 5.638664  5.719817  5.7536263 5.9181004 5.904713  6.0281653 5.746799
 5.970016  5.6400585 5.8885064 5.7626204 5.6666846 5.687997  6.0186963
 6.023683  5.737538  6.0970006]
[-2.3068233 -2.1232924 -2.4407535 -2.2162895 -2.153421  -2.1395292
 -1.9327565 -2.1409242 -2.342235  -2.1814713 -1.9707806 -2.0817065
 -2.3157873 -2.425615  -2.1283684 -2.3966146 -2.0657368 -2.3763409
 -1.9512491 -2.4273663 -2.5478501 -2.100288  -2.0488176 -2.3861365]
[3.8530166 3.8395107 3.7363026 3.7977762 3.6062014 3.7362134 3.8919904
 3.6537242 3.7518268 3.756309  3.8842432 3.7988746 3.9257698 3.6260297
 3.7940066 3.6127615 3.7916913 3.7546468 3.693262  3.7207189 3.9081085
 3.855302  3.737193  3.8477924]
[0.66220057 0.7543963  0.5888239  0.69354594 0.7155411  0.7551384
 0.8412194  0.7241789  0.6361091  0.7252475  0.8409523  0.7708111
 0.6677216  0.6152122  0.76048136 0.58401525 0.78425753 0.6415708
 0.828426   0.6282728  0.5982038  0.7758275  0.7647854  0.5842527 ]
[2.9468505 2.9634137 2.8791432 2.9259238 2.7589564 2.867923  3.0055933
 2.7846916 2.8575044 2.861452  2.953915  2.9272597 2.98063   2.816601
 2.9403203 2.7897675 2.9266067 2.8426628 2.8355982 2.8491633 3.0085914
 2.9789972 2.8471448 2.968341 ]
[-0.06476855  0.05562615 -0.1119647   0.0516783   0.17373526  0.1464268
  0.1571424   0.16477096  0.00347292  0.10145688  0.19323707  0.12493622
 -0.06625271 -0.0061444   0.10656238 -0.02609146  0.13425672  0.00468993
  0.29570317 -0.0015732  -0.2072475   0.08614039  0.17171681 -0.19276214]
[4.029334  4.013157  3.9845424 4.0176983 3.8620698 3.9605289 4.029958
 3.8816607 3.970532  3.9512677 3.9970984 3.9951096 4.04848   3.9503474
 4.017728  3.916093  3.9887574 3.9501398 3.9126499 3.9784575 4.1139903
 4.0495186 3.9226532 4.019064 ]
[0.577574   0.6934866  0.5649587  0.7064284  0.867578   0.81355476
 0.76662576 0.84555316 0.6897168  0.7626779  0.8175026  0.77648056
 0.5765054  0.690637   0.7573943  0.68119776 0.78054714 0.68001044
 0.95980346 0.6787044  0.44115043 0.7396438  0.8367373  0.44180346]
[4.8747983 4.8335686 4.858354  4.8708506 4.699134  4.795129  4.8225856
 4.7112145 4.833865  4.7787733 4.783285  4.818638  4.8860483 4.827513
 4.849983  4.8046865 4.812256  4.787797  4.721188  4.8482914 4.9939165
 4.886434  4.7503963 4.873077 ]
[0.6087413  0.7282158  0.6315379  0.76784277 0.97983956 0.8913839
 0.7760353  0.94030166 0.7749964  0.8291384  0.85033214 0.8270309
 0.6108191  0.7906691  0.8058965  0.7912034  0.83522344 0.7568897
 1.0482888  0.7676647  0.46694505 0.7837529  0.91797996 0.46341276]
[3.7658966 3.737104  3.750402  3.7855468 3.647847  3.7243402 3.7218468
 3.6435726 3.7368665 3.6934104 3.6923122 3.7193534 3.7675588 3.7614145
 3.7556856 3.7235982 3.7418237 3.6943307 3.6635492 3.7771466 3.8563707
 3.7683604 3.6868207 3.7536077]
[4.74915   4.921668  4.8402176 4.798364  4.777853  4.758767  4.806082
 4.7140346 4.772451  4.6666307 4.7864614 4.75191   5.020572  4.91214
 4.7392654 4.774974  4.893825  4.884564  4.6762776 4.8549404 4.8342514
 4.7149844 4.756481  5.1492486]
[47.492237 47.96441  48.036182 47.491703 48.30906  47.76942  47.391823
 47.85633  48.0141   47.57452  47.436108 47.713795 48.230103 48.118137
 47.57069  48.04301  47.862415 48.31084  47.759357 47.92953  47.67298
 47.807533 47.64291  48.1553  ]
[232.5376  232.8723  232.70828 232.52763 233.25356 232.99748 233.11896
 233.5219  232.92294 233.04591 233.46567 233.06613 232.78569 232.82547
 232.8135  232.77411 232.64914 233.1705  233.4137  232.66719 231.95107
 232.86105 233.25656 232.53548]
[252.22302 252.41551 252.68634 252.17567 252.635   252.84425 252.18613
 252.60448 252.21577 252.08087 252.00024 252.3409  251.7913  252.84195
 252.58423 252.8038  252.16154 252.19759 252.62158 252.37811 252.10788
 252.46207 252.58049 252.0116 ]
[183.42805 182.51564 182.76433 183.14798 182.44633 183.4406  183.3626
 183.43715 182.97011 182.855   183.31403 183.14987 182.1026  182.59076
 183.09512 182.8548  182.69217 182.05351 182.91756 182.50381 182.66637
 183.29652 183.61465 182.17918]
[111.6827   111.41781  111.52303  111.66912  112.02448  111.82372
 111.68488  112.312675 111.88885  111.94223  111.671005 111.87801
 111.29232  111.938255 111.70357  111.75652  111.688545 111.827225
 112.00498  111.628914 111.179405 111.833534 111.8186   111.25231 ]
[251.32843 251.50446 251.17491 252.28734 253.92975 252.9012  251.51994
 253.61714 252.53496 252.85976 252.16241 252.4455  251.06671 253.0703
 251.98749 252.7048  252.7469  252.7643  253.87628 252.60635 250.261
 251.62233 253.24661 250.437  ]
[255.45326 255.82379 255.71986 256.0061  257.39362 256.58533 256.22055
 257.34918 256.32013 256.45978 256.3071  256.26544 255.32628 256.58405
 256.2073  256.74216 256.00262 256.40747 257.54105 256.3839  254.36732
 255.90059 256.98117 254.87909]
[242.35086 242.60388 242.78104 243.15068 244.8008  243.95459 242.71141
 244.79729 243.66032 243.59964 243.2522  243.17136 242.40501 244.0661
 243.08873 243.99605 242.97456 243.91808 244.81293 243.88344 241.24327
 242.69238 244.28383 241.61737]
[188.44258 188.94743 188.91011 189.51964 191.69157 190.582   189.175
 191.5949  190.0277  190.24051 189.9789  189.66362 188.52493 190.52397
 189.47768 190.38188 189.55821 190.4666  191.74448 190.29143 187.02357
 188.90977 191.0336  187.57431]
[182.02475 181.57166 182.05547 181.93336 182.01552 181.90573 181.5508
 182.315   182.20155 181.86707 181.48975 181.63286 181.70671 182.27588
 181.8709  182.33069 181.48529 182.09215 181.8485  182.34067 181.86682
 181.654   181.76253 181.74089]
[52.520706 52.353085 52.265907 52.25626  52.210934 52.092113 52.71819
 52.188553 52.355373 52.381523 52.273563 52.55716  52.076675 51.70163
 52.32937  52.408592 52.344418 51.842922 52.33302  51.840965 52.29167
 52.543503 52.440414 52.361397]
[6.7066917 6.848488  6.69375   6.749881  6.924922  6.7978783 6.8449855
 6.781404  6.785441  6.9320755 6.882831  6.8329635 6.857482  6.7982936
 6.772885  6.701883  6.848666  7.0136447 6.9479856 6.799006  6.671547
 6.8062487 6.861192  6.6448913]
[-6.692592  -6.7203755 -6.5493417 -6.7372355 -6.632187  -6.5735035
 -6.8839297 -6.52604   -6.5378838 -6.657774  -6.704169  -6.71156
 -6.5108423 -6.55979   -6.7432613 -6.561838  -6.735633  -6.4944873
 -6.7478323 -6.604849  -6.5362215 -6.514553  -6.5834475 -6.6767116]
[-3.6009772 -3.4938805 -3.6392388 -3.5363274 -3.6680017 -3.5034385
 -3.4581125 -3.5520892 -3.5331216 -3.5505753 -3.4308336 -3.4658003
 -3.4468625 -3.6954587 -3.4932868 -3.6162343 -3.5529797 -3.6254954
 -3.4711432 -3.6531305 -3.5823066 -3.39183   -3.4090166 -3.6417322]
[1.5138981 1.6070437 1.4221773 1.5717802 1.6851994 1.6853181 1.7491368
 1.6575941 1.5301051 1.6578909 1.7657297 1.7142888 1.4455379 1.4255909
 1.656763  1.4924372 1.6682206 1.4577674 1.8563522 1.4509106 1.3450012
 1.7177024 1.7517786 1.2831416]
[6.8749356 6.781701  6.8380394 6.755105  6.591017  6.7081757 6.753977
 6.6244993 6.861608  6.7367015 6.778258  6.798353  6.960898  6.6525793
 6.7435284 6.741243  6.6926517 6.779356  6.5862675 6.73118   7.0144167
 6.891855  6.729993  6.8435607]
[3.3991914 3.515371  3.4262922 3.5119278 3.7266555 3.6574345 3.560163
 3.702256  3.5591834 3.5866106 3.6293247 3.6367157 3.4056327 3.5230293
 3.565506  3.5871449 3.6125834 3.4930792 3.7964108 3.460962  3.2789154
 3.6558316 3.7200065 3.2706635]
[4.0385065 4.040881  4.0682487 4.0929747 3.9557202 4.036102  4.006597
 3.9285305 4.065815  3.9772701 3.96323   4.0345583 4.098674  4.096774
 4.047352  4.0606794 4.025416  4.0278206 3.9776857 4.105056  4.1683106
 4.060234  4.0057364 4.066883 ]
[ 0.15455997  0.29605937  0.18893301  0.37362134  0.71126676  0.5788801
  0.36430085  0.6610726   0.4033935   0.48175693  0.495144    0.45590293
  0.15076053  0.44587004  0.41559327  0.42090654  0.4447124   0.4129218
  0.8028985   0.41541517 -0.07679021  0.3666755   0.6173494  -0.08881187]
[7.5851636 7.500745  7.5603185 7.6089396 7.426982  7.5501075 7.473169
 7.415495  7.567413  7.4860516 7.4509363 7.523304  7.5747743 7.6334577
 7.55082   7.538442  7.518317  7.5265985 7.4506693 7.6440845 7.7196875
 7.5520372 7.4865856 7.506414 ]
[1.2532804  1.3974513  1.2815387  1.4663458  1.8327541  1.6894144
 1.462487   1.7577152  1.508288   1.5803883  1.5911336  1.5754015
 1.2252595  1.5518925  1.522714   1.532836   1.5612427  1.4952868
 1.9229017  1.5041027  1.0069996  1.4788721  1.727854   0.97737586]
[7.4631953 7.4067383 7.469637  7.5079875 7.363609  7.4552402 7.3717713
 7.353546  7.475722  7.386821  7.3460364 7.4104486 7.4741783 7.549811
 7.449096  7.4649763 7.4189677 7.4397163 7.3685656 7.559725  7.5803843
 7.4376383 7.402256  7.423717 ]
[0.7435026  0.90094185 0.80004895 0.9900209  1.388012   1.2174826
 0.9378083  1.3142792  1.0440145  1.091923   1.09501    1.0495652
 0.77419496 1.1242479  1.0030518  1.0698981  1.0720056  1.0771111
 1.4396013  1.0837601  0.48229122 0.92341197 1.2716839  0.52322423]
[14.776165  14.983145  14.94233   14.912499  14.853579  14.979465
 14.8875065 14.90591   14.891275  14.66334   14.8269825 14.859574
 15.055305  15.098761  14.877592  14.952245  14.909383  14.906859
 14.831969  15.008316  14.809915  14.773582  14.984897  15.171454 ]
[114.36434  113.92554  113.64487  113.84164  113.34733  113.27432
 115.000244 113.76246  113.30313  113.76093  114.5894   113.74941
 113.55502  113.59757  113.73567  112.81205  113.57172  113.69637
 113.667816 113.444954 112.930725 113.661995 113.62902  114.171165]
[120.251366 120.23439  120.038376 120.30448  119.66287  120.070595
 120.576904 120.07551  119.83763  120.15405  120.12956  120.17465
 119.785324 120.161446 120.586205 119.92656  120.005844 119.60481
 120.21031  120.200714 120.16663  120.104614 120.014336 119.99674 ]
[149.21011 149.79443 149.63692 149.70335 150.75456 150.17406 149.78807
 150.69212 150.04977 150.08846 150.10558 149.92188 149.65982 150.21188
 149.76767 150.06886 149.88689 150.38713 150.69978 150.02219 148.63217
 149.52953 150.39699 149.36125]
[73.487434 73.95616  73.88857  73.76794  74.322716 73.96364  73.804
 74.31292  74.18876  73.87402  73.79056  73.93701  73.96687  74.30826
 73.94888  74.11389  73.801    74.209206 74.19831  74.12532  73.284546
 73.62781  73.99976  73.7924  ]
[104.9384   104.85984  104.85514  104.809586 104.516945 104.45094
 104.942986 104.72636  104.55176  104.611084 104.64016  104.634636
 104.996506 104.93052  104.62793  104.567894 104.8028   104.7942
 104.423546 104.76558  104.91495  104.77418  104.48637  105.616936]
[231.86482 232.23816 232.2093  232.02798 232.13731 232.00348 232.02365
 231.94206 232.1965  231.94215 231.7081  232.23064 232.02562 232.36333
 232.22372 232.31406 232.10188 232.01053 232.07545 232.05406 232.023
 232.07736 231.84952 232.19316]
[306.22443 306.18817 306.5281  305.87488 305.63922 305.81683 306.10834
 305.57443 305.92847 305.62735 305.2168  306.00146 305.70334 306.35376
 306.38242 306.43268 305.72067 305.50427 305.58154 306.0743  306.5429
 306.08057 305.47504 306.3061 ]
[312.27856 311.81754 312.24817 311.89038 311.5077  311.89432 311.7751
 312.13934 312.29788 311.53958 311.40823 311.81805 311.8521  311.71515
 312.1355  312.30856 311.28134 311.4461  311.5801  311.94788 312.02017
 311.9847  311.784   311.99414]
[199.35587 199.66026 199.7631  199.81091 200.9042  200.06404 199.51883
 200.60106 200.43369 200.0502  199.52997 199.94841 199.62039 200.5662
 199.79633 200.59763 199.8073  200.42204 200.53874 200.35515 198.88869
 199.33224 200.23627 199.32425]
[38.194923 38.128166 38.113533 37.629402 38.296055 37.45795  38.722958
 38.14921  38.35367  38.3748   37.880848 38.63747  37.74487  36.716408
 37.90872  38.57386  37.99284  37.50699  38.211426 36.774647 37.480095
 38.5662   38.436455 38.33755 ]
[6.009376  5.905752  6.269252  6.81082   7.5488014 7.3086057 5.499242
 7.270255  7.137364  6.778228  6.0894017 6.3840957 6.065774  7.597868
 6.4016085 7.1993127 6.638005  7.172331  7.3170357 7.45248   5.8777018
 6.1557136 7.2336264 5.1147566]
[-19.051779 -19.192686 -18.92257  -18.283937 -16.998272 -17.20184
 -19.057331 -16.522364 -18.088385 -17.608973 -17.566822 -18.647526
 -19.056736 -17.8798   -18.537786 -18.298065 -18.612143 -17.445864
 -16.869062 -17.466227 -20.08116  -19.100935 -17.222647 -20.390192]
[18.876383 18.111181 18.170547 18.401304 18.04006  18.664207 18.961603
 19.002417 18.527784 18.617159 18.88876  18.590504 18.193462 18.078768
 18.65845  18.10563  17.701466 18.457642 18.905413 18.501335 18.216082
 18.68923  18.74088  17.500391]
[6.4783096 6.724798  6.191808  6.6617513 6.6738324 6.673476  6.937656
 6.456018  6.314489  6.682767  6.8901334 6.7785544 6.2728434 6.321672
 6.73961   6.3076615 6.9869595 6.1454434 6.9758286 6.308255  6.2405186
 6.688615  6.7608633 6.1997633]
[1.9167277 1.7707164 1.853473  1.6732371 1.4269563 1.5868295 1.7348295
 1.435416  1.8115307 1.6873959 1.7369964 1.7731504 1.983485  1.5241685
 1.6847838 1.6578019 1.6181749 1.7127156 1.4014882 1.6323931 2.1600103
 1.8795644 1.5926474 1.898621 ]
[6.3505535 6.4202795 6.4249988 6.3648314 6.4513874 6.457383  6.3345547
 6.409148  6.4675646 6.370382  6.3737063 6.4685736 6.426008  6.4481816
 6.378218  6.522063  6.488966  6.3629317 6.431054  6.351741  6.48389
 6.5820227 6.499177  6.382552 ]
[-2.3241284 -2.2842937 -2.2500095 -2.2855403 -2.4608786 -2.34645
 -2.365744  -2.503355  -2.3026378 -2.4366274 -2.4509645 -2.3456488
 -2.2124605 -2.252859  -2.3233862 -2.286609  -2.3554738 -2.3477263
 -2.4577618 -2.2495346 -2.1292586 -2.3242471 -2.3766081 -2.2072363]
[-1.1225263  -0.9827485  -1.1156695  -0.92448056 -0.58259046 -0.6902511
 -0.8827758  -0.6257794  -0.9175644  -0.7930734  -0.73991096 -0.8114176
 -1.1563947  -0.8796294  -0.86615324 -0.89883435 -0.8440393  -0.90040755
 -0.4464934  -0.9087188  -1.3878933  -0.8883265  -0.6389884  -1.4148159 ]
[7.5311403 7.435442  7.4826083 7.553521  7.371712  7.518287  7.4225297
 7.3652115 7.5246987 7.4412894 7.426329  7.4924335 7.527192  7.568867
 7.4914536 7.4674697 7.4578824 7.485606  7.423925  7.5887256 7.6512675
 7.497064  7.46652   7.4042745]
[0.8326113  0.97598076 0.8299695  1.0162904  1.3765247  1.2525383
 1.0645552  1.2992595  1.0446675  1.1413454  1.1854842  1.1630734
 0.7781725  1.0805544  1.090706   1.0666033  1.1363289  1.0260562
 1.4945447  1.02101    0.56852067 1.0764284  1.3012186  0.53073406]
[10.648313 10.579002 10.673632 10.68503  10.555078 10.655822 10.520437
 10.538366 10.694885 10.558847 10.507318 10.596516 10.68218  10.769241
 10.620232 10.670337 10.580131 10.660453 10.542462 10.77874  10.782747
 10.607973 10.594259 10.599128]
[-0.8435347  -0.7035788  -0.827209   -0.6508913  -0.30309427 -0.4209659
 -0.6614288  -0.38626635 -0.618418   -0.5638604  -0.5169611  -0.5653149
 -0.84279263 -0.52129483 -0.62937105 -0.60197353 -0.5375018  -0.5853807
 -0.23322022 -0.5743979  -1.0770518  -0.6927742  -0.37964702 -1.0670485 ]
[5.6469154 5.6268497 5.6392274 5.710645  5.609812  5.699662  5.6027765
 5.583008  5.6493196 5.582236  5.5814347 5.608743  5.661223  5.789513
 5.646322  5.643472  5.6502104 5.656711  5.625603  5.7930455 5.6946163
 5.5756464 5.659768  5.60996  ]
[3.3007622 3.516054  3.380402  3.5771713 4.094993  3.8882208 3.5440154
 4.0083184 3.6767285 3.6938558 3.7863483 3.6689813 3.4035845 3.8086996
 3.5521486 3.688661  3.7113094 3.7946298 4.128713  3.73467   2.9505608
 3.4220474 3.9803572 3.1540682]
[51.527866 51.454132 51.671116 51.171284 51.23929  51.49762  50.73292
 50.720306 51.490643 50.629833 50.477737 51.35544  51.563812 51.470757
 51.29402  51.69341  51.561676 51.105534 50.843285 51.339733 52.265553
 51.780052 50.963768 51.624367]
[165.26819 165.36447 165.38689 165.09932 165.64987 165.13948 165.45294
 165.39476 165.38133 165.04723 165.57379 165.36696 165.57933 165.58113
 164.79509 165.07643 165.3911  165.88846 165.30133 165.05598 164.54265
 165.36194 165.41455 165.79834]
[148.20477 148.40721 148.53334 148.08684 148.24516 148.34512 147.36333
 147.57732 148.36354 147.6397  147.33276 147.93423 148.59001 148.44423
 148.12242 148.5081  148.34212 148.36021 147.82988 148.59886 149.16927
 148.15001 147.6706  148.492  ]
[104.20574  104.460815 104.543274 104.4692   105.00802  104.67087
 104.36688  104.98916  104.82516  104.57074  104.39931  104.51806
 104.504875 105.06685  104.45914  104.84319  104.4246   104.961845
 104.850136 104.91027  104.0231   104.1427   104.75368  104.40438 ]
[138.38661 137.97519 138.19176 137.92224 137.07536 137.3152  138.1945
 137.79726 137.8617  137.58615 137.5743  137.7516  138.14427 137.62013
 137.97821 137.77167 137.42897 137.39612 137.11803 137.6852  138.28844
 138.1789  137.38211 138.80473]
[137.76283 137.80945 138.12708 137.63939 136.43924 136.78203 137.88594
 136.83833 137.53018 137.35626 137.67245 137.5431  138.4479  137.41183
 137.47888 137.33665 137.13005 137.44084 136.45604 137.22382 138.48524
 138.04364 136.98174 138.86703]
[164.4858  164.34456 164.56068 163.9294  163.16202 163.6538  163.91838
 163.24368 163.8995  163.30217 163.46295 163.9506  164.65723 163.92947
 164.08038 163.74326 163.91942 163.82265 162.92673 163.84029 165.15604
 164.31593 163.0082  165.32475]
[68.92389  69.07299  69.21526  69.036476 69.23304  69.05236  68.883194
 69.11838  69.26643  69.005226 68.75823  68.97358  69.159134 69.54296
 69.07447  69.3163   68.94752  69.40639  69.08103  69.52586  69.155716
 68.7127   68.91297  69.18531 ]
[84.926445 84.759865 84.73101  84.9894   84.91748  84.910164 84.858734
 84.929695 84.820175 84.8658   84.788376 84.76062  84.71412  84.945755
 84.87797  84.80177  84.88828  84.78238  84.927956 85.04111  84.748535
 84.67664  84.84624  84.701836]
[31.49681  31.483097 31.400816 31.71418  31.904924 31.75737  31.629673
 31.851553 31.699516 31.772478 31.689365 31.67491  31.437147 31.62145
 31.63653  31.661997 31.669596 31.668972 32.019295 31.716732 31.251717
 31.524298 31.836119 31.193806]
[7.762906  7.5941873 7.7259207 7.628352  7.3835855 7.5308433 7.4580603
 7.363965  7.679704  7.613303  7.526302  7.513004  7.879264  7.712593
 7.5788407 7.498459  7.508551  7.8390136 7.3089027 7.820669  8.094763
 7.5487423 7.3600764 7.7080812]
[-3.1643386 -3.054333  -3.179655  -3.0664437 -2.7443225 -2.8153245
 -3.0134    -2.728175  -3.0073743 -2.902504  -2.8463137 -2.9678957
 -3.1378317 -2.9563787 -2.977068  -3.069798  -2.9661446 -2.896122
 -2.701935  -2.9768898 -3.4092836 -3.046081  -2.810605  -3.407087 ]
[3.3423483 3.3890991 3.2853568 3.408601  3.350808  3.4277763 3.4596856
 3.4305367 3.3673117 3.349858  3.4662752 3.4048905 3.39839   3.3035822
 3.400735  3.2974675 3.3774633 3.3506298 3.4543724 3.3256366 3.2261388
 3.4214242 3.4628618 3.3096077]
[2.9746635 3.095741  2.9185922 3.1307077 3.3869026 3.297705  3.2240908
 3.3629186 3.1409187 3.230443  3.31035   3.241396  2.9659367 3.0874
 3.1760042 3.097047  3.214889  3.1347148 3.518933  3.0941381 2.7078717
 3.1617563 3.3782055 2.7350318]
[5.9681463 5.9299736 5.946062  5.9723315 5.8606634 5.9476943 5.934159
 5.9027247 5.973786  5.905871  5.933298  5.9259963 6.016767  5.9513454
 5.940689  5.9137073 5.8908515 5.971055  5.8882093 5.9861636 6.002905
 5.9643764 5.939888  5.9332685]
[0.42562616 0.56608665 0.4600289  0.61479664 0.92011714 0.7948247
 0.62634337 0.8994577  0.657006   0.7042022  0.733915   0.68861854
 0.46373928 0.6718476  0.64133334 0.6676326  0.6821476  0.6735692
 0.98162055 0.6335267  0.18988287 0.6261653  0.86541116 0.26504052]
[5.741011  5.7519937 5.732136  5.852204  5.836383  5.859031  5.7864857
 5.8556175 5.8096085 5.7869606 5.797676  5.782775  5.764342  5.850987
 5.80385   5.795954  5.7859807 5.810826  5.8872595 5.8650565 5.6763906
 5.778471  5.871468  5.6681685]
[0.7023618  0.8553486  0.7482519  0.9669868  1.3489788  1.1753919
 0.9305359  1.3179896  1.0117192  1.0736382  1.0807621  1.0138861
 0.7461444  1.0490012  0.9744966  1.018012   1.0083057  1.0553237
 1.4229194  1.0306867  0.39983153 0.89936864 1.2487389  0.47801685]
[6.1446714 6.142119  6.1481447 6.261504  6.2526293 6.2714186 6.1661325
 6.273823  6.228081  6.1939454 6.1820426 6.1766405 6.163758  6.2871804
 6.207422  6.221759  6.178451  6.2313166 6.2910686 6.298905  6.0865226
 6.175067  6.2774444 6.0578485]
[0.8739599 1.0301821 0.933059  1.1521204 1.5645375 1.3717457 1.100917
 1.5315299 1.2111304 1.2641444 1.2592467 1.2000586 0.9196719 1.2487686
 1.1566322 1.2281388 1.1922816 1.2473438 1.6288905 1.221282  0.5538275
 1.087708  1.4556302 0.6422832]
[6.1509943 6.160077  6.1642623 6.29564   6.3180804 6.315646  6.18697
 6.336187  6.2636714 6.2339883 6.21413   6.2037115 6.174533  6.3286476
 6.23476   6.26569   6.212913  6.266996  6.3555703 6.339779  6.0705824
 6.194094  6.3315268 6.0566316]
[0.83326435 0.9892491  0.8972018  1.1215467  1.5317377  1.3358588
 1.0470421  1.4935355  1.1753325  1.2232411  1.2120209  1.146065
 0.8896029  1.2318789  1.1091986  1.1963482  1.1596599  1.2197682
 1.5832082  1.2058765  0.5194248  1.0294697  1.420901   0.61544967]
[5.284069  5.307964  5.2880764 5.450146  5.5058613 5.490248  5.3400517
 5.5154786 5.399566  5.3866835 5.376651  5.341506  5.3037786 5.503665
 5.378432  5.4103413 5.3814893 5.421888  5.543826  5.5125995 5.1564612
 5.30648   5.519367  5.179703 ]
[7.9632077 8.296727  8.17752   8.336384  8.915679  8.561797  8.232671
 8.86035   8.512524  8.413055  8.499433  8.388329  8.323115  8.664976
 8.230355  8.539238  8.461023  8.702792  8.816538  8.467642  7.5770597
 8.161223  8.73859   8.170247 ]
[37.406483 38.024544 38.029026 37.65478  38.32437  37.997173 37.696457
 38.081802 37.748016 37.45816  37.356377 37.62581  37.832375 38.487747
 37.862415 38.15779  37.79153  38.026207 38.101097 38.24111  37.313366
 37.633972 37.892395 38.018784]
[202.46945 203.11859 202.84523 203.02185 204.60518 203.95058 203.40646
 204.89508 203.54047 203.7118  204.14893 203.42148 202.97612 203.37277
 203.17485 203.41107 203.1465  204.00833 204.73785 203.40056 201.17749
 202.93219 204.32426 202.30905]
[257.86597 257.5824  257.78015 258.02084 258.33707 258.64523 257.83484
 258.6152  257.97668 258.0642  257.91162 258.09665 256.8573  258.4647
 258.1513  258.29492 257.921   257.72974 258.55737 257.9612  257.1723
 257.87112 258.66638 256.8117 ]
[531.5759  531.6299  531.57825 532.0681  532.9718  532.6599  531.1901
 532.97314 532.6613  532.33826 531.9884  531.90875 531.97675 532.7245
 531.7993  532.19025 532.1231  533.00885 532.6773  532.69794 531.0041
 531.37915 532.6078  530.99347]
[538.3403  538.5059  538.8208  539.05676 539.80316 539.6409  537.6805
 539.57355 539.4498  539.0111  538.5264  538.6114  538.881   540.2147
 538.6222  539.2678  538.957   539.9932  539.44617 540.0967  538.434
 538.03046 539.382   538.1681 ]
[467.17938 467.31165 467.91922 468.01776 469.08    468.8478  466.90646
 469.29944 468.48373 468.2659  467.86557 467.45627 468.0824  469.1909
 467.5992  468.38354 467.36084 469.50323 468.79407 469.41025 467.0081
 466.94778 468.65753 466.95975]
[348.37625 348.49408 348.60223 348.95    349.83618 349.49905 348.51883
 349.85022 349.09122 349.23633 349.094   348.7447  348.52112 349.43323
 348.74472 349.17233 348.82907 349.48764 349.86288 349.52917 347.91754
 348.444   349.6116  347.90903]
[455.18246 455.36264 455.768   456.2454  458.41254 457.46075 456.02316
 459.09787 456.85306 457.17734 457.2325  456.22638 455.08475 456.58902
 456.20584 457.24252 455.65527 457.13303 458.81717 456.94116 453.21918
 455.99545 458.02106 453.95145]
[237.13518 236.84221 237.97559 237.64142 237.65515 238.27588 235.2579
 237.48814 238.42444 236.879   236.13928 236.54448 237.9514  239.33379
 237.02464 237.994   236.94817 238.7348  236.6041  239.52512 238.2342
 235.90285 237.42207 237.04662]
[106.89326  107.88025  105.84535  106.74285  106.9822   106.469986
 109.021965 106.712616 105.77957  107.39033  108.56008  107.953415
 106.46966  105.07565  107.2936   105.66292  108.343315 105.64478
 107.70436  104.70074  105.69557  108.14573  107.23218  107.18768 ]
[-8.204353 -7.985915 -8.477438 -8.381502 -8.371884 -8.344784 -7.821708
 -8.447873 -8.649333 -8.260038 -8.149321 -8.168881 -8.382095 -8.534102
 -8.055373 -8.72176  -8.160244 -8.480317 -8.18874  -8.604719 -8.593855
 -8.15686  -8.333089 -8.364909]
[6.1554465 5.975567  6.213596  5.933892  5.2691684 5.858675  5.7613144
 5.4763565 5.76265   5.63154   5.6099896 5.624564  6.1415844 6.1016016
 5.9819784 5.6745505 5.5960684 5.935079  5.2457185 6.1407533 6.574572
 5.7885633 5.4505024 6.246574 ]
[4.5519056 4.7848883 4.46624   4.5533895 4.5429115 4.587436  4.89712
 4.5533895 4.4900455 4.591265  4.8081894 4.7221975 4.6628313 4.3788824
 4.6779995 4.429047  4.7301526 4.467902  4.710977  4.3636847 4.4563556
 4.764555  4.700766  4.6374226]
[-0.9167036  -0.8347188  -1.0500401  -0.883132   -0.9071753  -0.84608746
 -0.6643081  -0.8317208  -0.96354353 -0.8558829  -0.6688199  -0.78897715
 -0.9148632  -1.1246041  -0.8221035  -1.0584404  -0.8230237  -1.0138267
 -0.72554433 -1.0637537  -1.0878564  -0.75801766 -0.7714641  -1.0134408 ]
[5.937276  5.9380474 5.8595653 5.869539  5.70738   5.819523  5.9706097
 5.733442  5.845852  5.8451986 5.940422  5.89566   5.9909725 5.7404766
 5.8942647 5.7509847 5.879453  5.8231144 5.778827  5.80759   6.023238
 5.963575  5.8221054 5.940333 ]
[2.9930968 3.0777826 2.9344132 2.9967477 2.9836872 3.0308537 3.1551666
 2.991672  2.9502344 3.0189805 3.1214168 3.087578  2.988585  2.902682
 3.0746067 2.9201357 3.0880828 2.9078171 3.0874    2.905116  2.9768007
 3.1294017 3.0478325 2.9483347]
[3.6975365 3.6785095 3.6385264 3.6231208 3.379096  3.515104  3.69252
 3.405128  3.5717988 3.5388505 3.6124349 3.6179264 3.74215   3.4996688
 3.6340442 3.5023699 3.6046877 3.52953   3.428637  3.542264  3.8503747
 3.710864  3.4857771 3.7659857]
[0.89548016 0.9935235  0.848848   0.9549651  1.005367   1.0132924
 1.0752708  0.99307823 0.8979142  0.9855387  1.0687999  1.030004
 0.87298036 0.8887421  1.0249579  0.8843193  1.0395917  0.8725054
 1.114126   0.8887421  0.8302367  1.0306867  1.0207132  0.80459046]
[0.97972083 1.1000265  0.9851825  1.1048352  1.2855756  1.2172154
 1.1451448  1.221935   1.0911809  1.1593333  1.1917473  1.1729579
 0.9676101  1.1371007  1.1565135  1.1086643  1.1933502  1.0821573
 1.3582399  1.1107124  0.8672812  1.1178067  1.2294152  0.8465327 ]
[5.4067793 5.3469973 5.3897114 5.3623734 5.1550364 5.272641  5.3019085
 5.1271048 5.3197484 5.2484493 5.234795  5.304788  5.4061556 5.3662915
 5.3419514 5.3018494 5.315741  5.2779546 5.1515045 5.3746324 5.586837
 5.36267   5.202708  5.4210567]
[4.731043  4.657696  4.7018347 4.6581707 4.397227  4.5359654 4.6283393
 4.4066954 4.615516  4.542793  4.550956  4.6094904 4.730776  4.588861
 4.6473365 4.5808167 4.598716  4.54772   4.405538  4.617357  4.930365
 4.7102947 4.4690895 4.771026 ]
[1.0596575  1.1566619  1.072154   1.1640233  1.298844   1.2490654
 1.1909162  1.253221   1.154495   1.2000289  1.223063   1.2243394
 1.0360297  1.1687429  1.2145439  1.1802303  1.2351143  1.109911
 1.3618019  1.1447293  0.98530126 1.2094088  1.2547052  0.94751465]
[2.3049827 2.2310123 2.2542543 2.2327044 1.9672186 2.1162279 2.1842914
 1.9484589 2.15256   2.0857136 2.1048295 2.1469202 2.2879448 2.1938195
 2.1982422 2.132138  2.2000828 2.0953903 1.957631  2.2210686 2.4913929
 2.2154882 2.0475116 2.3539302]
[13.571773 13.892231 13.843729 13.662306 13.855632 13.726926 13.528524
 13.593678 13.78178  13.494032 13.522676 13.691425 14.099983 13.884098
 13.654232 13.821586 13.911526 13.8792   13.589938 13.793565 13.86801
 13.791991 13.612764 14.12747 ]
[116.62458  115.99709  115.80299  116.10883  114.815544 115.15867
 117.07186  115.26997  115.17607  115.85133  116.48554  115.69424
 115.88933  115.56746  115.86778  114.55359  115.67883  115.5427
 115.13737  115.602875 115.88449  115.761696 115.27763  116.536766]
[225.87935 226.20088 226.01605 225.91003 226.35431 226.23776 226.39153
 226.52637 226.16098 226.30708 226.69528 226.33185 226.15273 226.09064
 226.08603 225.96202 226.05525 226.38776 226.51094 225.95937 225.57364
 226.15929 226.41707 225.95589]
[450.17578 450.5753  450.4717  450.5058  451.62637 451.05954 450.79282
 451.44388 450.8988  450.82178 450.7581  450.9146  450.31024 450.9563
 450.60962 451.00812 450.96252 450.835   451.42697 450.71777 449.65186
 450.68375 451.318   450.152  ]
[658.19104 658.2838  658.21234 658.1956  658.7543  658.4746  658.65497
 658.8761  658.3743  658.4077  658.6975  658.54156 658.10986 658.0809
 658.3502  658.4765  658.47955 658.1809  658.8171  658.07263 657.8015
 658.77826 658.7484  658.11896]
[631.04486 631.29816 631.1464  631.42206 632.18726 631.6842  631.46606
 632.2805  631.67664 631.7154  631.5658  631.4429  631.29913 631.4364
 631.3529  631.6057  631.54926 631.78186 632.0137  631.567   630.5232
 631.18304 631.88165 631.09375]
[545.8206  546.0002  545.7256  546.3347  546.7046  546.4016  546.2494
 546.7047  546.2784  546.4434  546.38696 546.33704 545.81665 546.06775
 546.0968  546.3169  546.5122  546.11975 546.7903  545.9994  545.4236
 546.20074 546.7396  545.6808 ]
[583.6473  584.2856  584.2615  584.57513 586.4845  585.44574 584.40045
 586.2851  585.0737  585.2643  585.0536  584.88776 584.036   585.30194
 584.54034 585.39465 584.77966 585.4989  586.40594 585.1021  582.6894
 584.3857  585.8335  583.36957]
[538.62585 538.9064  539.0462  539.24255 539.99963 539.72864 538.96674
 540.1019  539.42755 539.2621  539.07434 539.03284 538.6762  539.83264
 539.27026 539.7015  538.9156  539.50183 540.08606 539.8354  538.09406
 538.6698  539.81415 538.31   ]
[307.14368 307.21515 307.82788 307.97018 309.0864  308.68997 306.8722
 308.99728 308.4422  308.09302 307.64877 307.45493 307.72522 309.13486
 307.57428 308.5648  307.4036  309.0925  308.90338 309.341   306.98032
 307.077   308.61514 306.65775]
[163.50168 163.3977  163.80739 163.86293 164.57503 164.27104 163.33763
 164.54474 164.11093 163.99802 163.60228 163.55824 163.54985 164.55708
 163.7479  164.23184 163.51534 164.37717 164.45026 164.69128 163.26085
 163.356   164.20604 162.98746]
[31.778503 31.587345 31.513374 31.570099 31.301289 31.314705 31.738283
 31.339994 31.466623 31.518627 31.441154 31.657219 31.421148 30.941944
 31.621984 31.441422 31.438156 31.143997 31.472857 31.036098 31.436584
 31.778563 31.403843 31.640121]
[9.818075  9.920779  9.6313095 9.759421  9.689726  9.773877  9.991455
 9.586132  9.579958  9.824161  9.91321   9.829504  9.743927  9.675389
 9.848857  9.489216  9.961831  9.709435  9.818581  9.699818  9.823567
 9.7802    9.726207  9.716856 ]
[1.6810437 1.7490181 1.5976639 1.4714513 1.2005929 1.4214056 1.7456045
 1.242357  1.3631079 1.4152611 1.5402864 1.5383867 1.7041075 1.4093245
 1.6369346 1.2901468 1.5268103 1.4096807 1.2574657 1.3747437 1.781996
 1.6827654 1.3359479 1.7941958]
[0.9275379  1.0625367  0.813347   0.9530357  0.9112419  0.97761333
 1.1991087  0.9444573  0.84436584 0.9590317  1.1496863  1.0477842
 0.9509876  0.7538917  1.0273029  0.7785287  1.0615275  0.81708705
 1.0740538  0.7753229  0.8078259  1.0717385  1.0372467  0.9187517 ]
[2.6643562 2.7138083 2.5512042 2.6318235 2.489582  2.595818  2.7904205
 2.5167422 2.553282  2.6130044 2.7550678 2.664861  2.7200122 2.470199
 2.66682   2.446779  2.6808305 2.5606732 2.6027935 2.5378172 2.6864998
 2.7088215 2.6062071 2.6659591]
[0.39027357 0.46552026 0.30101645 0.3953197  0.35673165 0.42452788
 0.5575973  0.374215   0.31784678 0.40805376 0.53426635 0.4612459
 0.38748336 0.2870654  0.46308625 0.25794625 0.47409868 0.31467068
 0.4765327  0.3151456  0.35316968 0.4784621  0.4239639  0.33138227]
[2.80265   2.8353608 2.7260675 2.772937  2.6220875 2.7211995 2.888553
 2.6316752 2.6957314 2.7272549 2.8266635 2.7974553 2.8197474 2.6580634
 2.809774  2.6346436 2.8043716 2.6778917 2.709267  2.6883996 2.8621645
 2.8438797 2.7002432 2.8160667]
[0.7727405  0.8655002  0.73097634 0.8364701  0.8896029  0.8901372
 0.9391737  0.8653815  0.7830999  0.8593855  0.93558204 0.90218854
 0.7527044  0.7841388  0.89687526 0.7700393  0.91343844 0.7627373
 0.98901165 0.78422785 0.7073486  0.8880297  0.8922447  0.68440354]
[2.7723434 2.8101301 2.7441444 2.7837715 2.7178452 2.7640321 2.8328674
 2.698195  2.7371986 2.7539697 2.798435  2.7982569 2.7778943 2.7398999
 2.8143451 2.7141943 2.809299  2.716272  2.7714233 2.750556  2.818204
 2.8209348 2.7362192 2.7553945]
[2.8098927 2.8322737 2.7865024 2.8151464 2.7239897 2.7803578 2.843494
 2.7089996 2.7701766 2.7715716 2.806212  2.8149683 2.8164823 2.7723434
 2.8361325 2.7484486 2.8260105 2.7421558 2.7669709 2.7828512 2.877303
 2.8500836 2.747558  2.8031545]
[2.725177  2.7507045 2.7136006 2.7461333 2.6722224 2.7135413 2.7598171
 2.6567278 2.7062392 2.7052596 2.7285311 2.7425714 2.7289467 2.7033303
 2.7642102 2.6951673 2.7530494 2.6675918 2.711048  2.7119086 2.7843058
 2.7795565 2.685283  2.7151442]
[3.7388554 3.6838524 3.713031  3.681834  3.458617  3.5729563 3.6499543
 3.4469516 3.6288497 3.5707004 3.57355   3.6278107 3.7271008 3.6315508
 3.6705842 3.6139784 3.6448488 3.5641108 3.4585576 3.6520915 3.9124422
 3.7099736 3.512195  3.7775917]
[-1.7097176 -1.6336695 -1.7361356 -1.6410309 -1.5769747 -1.5911633
 -1.6266346 -1.6368456 -1.6882864 -1.6482439 -1.5847814 -1.6336992
 -1.7075211 -1.6343819 -1.6372018 -1.6901565 -1.5516254 -1.6890285
 -1.543225  -1.6357176 -1.7505022 -1.6732074 -1.596061  -1.7546579]
[9.161426  9.357185  9.317203  9.191198  9.168817  9.16567   9.108649
 9.0405855 9.22842   8.9887295 9.095202  9.176712  9.587171  9.254156
 9.137442  9.224621  9.347182  9.276121  8.972256  9.216606  9.416315
 9.256857  9.097815  9.687559 ]
[82.52965  82.05476  82.02189  81.812614 80.70312  80.98276  82.52641
 80.853905 81.28526  81.74269  81.89289  81.687675 82.05115  81.32404
 81.94288  80.915085 81.58442  81.35469  80.781906 81.451355 82.679405
 82.03529  80.83586  82.56254 ]
[147.09923 147.01544 146.94217 146.53319 146.0535  146.14816 147.17119
 146.10033 146.43047 146.68906 146.84846 146.72935 147.01395 146.26134
 146.8229  146.1863  146.52289 146.52992 146.10345 146.35313 147.32953
 146.92902 146.01695 147.32356]
[345.11087 345.47366 345.22113 345.4951  346.32816 345.90503 345.561
 346.63828 345.8982  345.8663  345.88812 345.8278  345.2647  345.6346
 345.61414 345.83417 345.60895 345.77267 346.38666 345.4271  344.3052
 345.5801  346.17316 344.9878 ]
[365.48782 365.6996  365.75824 365.44788 365.89325 365.70035 365.90286
 365.84415 365.56122 365.49887 365.216   365.7736  365.0272  365.85577
 365.889   365.99988 365.6293  365.21255 365.80984 365.451   365.1881
 365.7357  365.75977 365.47485]
[571.7049  571.74817 571.4594  571.82214 572.0711  571.9513  571.7747
 572.0309  571.7671  572.0482  571.9088  571.9555  571.54114 571.9412
 571.9295  571.73785 572.13214 571.84753 572.20374 571.75684 571.56696
 571.95074 571.9491  571.3434 ]
[574.8853  575.0016  574.72797 575.38654 575.75323 575.5786  575.74896
 576.2026  575.36224 575.497   575.5931  575.4501  574.4663  574.9322
 575.5661  575.50433 575.083   574.76825 576.25836 575.09766 573.83466
 575.2074  576.054   574.1602 ]
[630.1935  630.80804 630.6803  631.32184 632.8052  632.1757  630.1041
 632.166   631.8853  631.77264 631.217   631.47107 631.02155 632.33545
 630.8694  631.6298  631.84955 632.51904 632.4479  631.978   630.05505
 630.58545 632.18774 629.97675]
[303.93848 304.33853 304.0371  304.16217 304.97037 304.4878  304.60593
 304.84265 304.7199  304.41928 304.28778 304.59082 303.97348 304.01315
 304.40665 304.7571  304.2469  304.14944 305.17035 304.23895 303.16342
 304.21793 304.9827  303.5974 ]
[216.88957 217.08391 217.77814 217.98056 218.73619 218.46841 216.78198
 218.59332 218.78416 217.26968 216.06012 217.42366 216.71652 218.55978
 217.78459 219.21413 217.15068 217.39856 218.38005 218.78194 216.2149
 216.97032 218.62744 216.2046 ]
[109.14374  108.87355  109.253136 109.329    109.2842   109.51622
 108.67283  109.35339  109.32353  109.30155  109.04482  108.913795
 109.2773   109.86004  109.09901  109.20541  108.96831  109.78592
 109.23538  109.99683  109.500824 108.85661  109.17455  108.78248 ]
[15.563361  15.8260565 15.511296  15.895604  15.805931  15.951972
 15.635283  15.556445  15.5632715 15.674703  15.622341  15.669716
 15.67678   16.17976   15.814629  15.509575  16.00659   15.818309
 15.869572  15.943988  15.582477  15.544749  15.787646  15.48375  ]
[3.6132066 3.3854184 3.2256045 3.3519657 2.8607101 3.2606306 3.5020137
 2.8774216 2.8281775 3.2982986 3.4336536 3.2141767 3.1074064 3.0367904
 3.4286668 2.784098  3.3596833 2.9641557 3.0419552 3.1419575 3.6384373
 3.3274474 2.9894161 3.2455516]
[6.7397585 6.735069  6.5570593 6.545305  6.2863493 6.511436  6.7282414
 6.268183  6.452515  6.5025907 6.703842  6.6120024 6.7841945 6.4148474
 6.6127744 6.2672334 6.630347  6.556792  6.3643565 6.4476175 6.8310046
 6.6879025 6.4256816 6.7256293]
[-2.37269   -2.3273044 -2.53194   -2.455031  -2.6132717 -2.4621549
 -2.1824212 -2.5679753 -2.6112533 -2.4670527 -2.25559   -2.338317
 -2.4737313 -2.6966813 -2.3625383 -2.6384726 -2.3350816 -2.6929114
 -2.4324124 -2.6894386 -2.384118  -2.2215734 -2.4444342 -2.4208953]
[-0.81886804 -0.85116327 -0.9080064  -0.9182174  -1.2023739  -1.0308648
 -0.827209   -1.1623907  -0.964434   -1.0194072  -0.8753253  -0.9086001
 -0.74       -1.1266819  -0.9291705  -1.0766065  -0.94929564 -1.0075933
 -1.1330638  -1.0380185  -0.6777842  -0.8217176  -1.0435989  -0.73240113]
[-3.4350784 -3.3459103 -3.493376  -3.3768995 -3.2954192 -3.2785592
 -3.2401493 -3.2876422 -3.439501  -3.3299408 -3.2125144 -3.2793608
 -3.4836102 -3.4541051 -3.3058083 -3.4490294 -3.293104  -3.4545207
 -3.1593816 -3.4605465 -3.5524156 -3.2717915 -3.2616103 -3.5712347]
[3.284021  3.24291   3.2329066 3.2439487 2.999627  3.1482208 3.2492027
 3.0101645 3.1708393 3.1263442 3.1843748 3.2084181 3.297319  3.1578677
 3.2264357 3.122337  3.1930125 3.1383955 3.054511  3.1874619 3.4253423
 3.269951  3.0973141 3.3108842]
[-1.638122  -1.4997393 -1.6511232 -1.4863522 -1.2570798 -1.3349683
 -1.4035066 -1.30015   -1.5106627 -1.4056141 -1.33856   -1.3815114
 -1.6734746 -1.4899439 -1.4179623 -1.4956133 -1.389051  -1.5217642
 -1.1359134 -1.5186177 -1.8277377 -1.4391264 -1.3032964 -1.8283017]
[5.100687  5.035295  5.0724287 5.0732894 4.8484397 4.981776  5.018168
 4.8559494 5.026776  4.957644  4.9663706 5.0156446 5.1107197 5.0378475
 5.044764  4.9872975 4.9992595 4.9876237 4.8754516 5.0601397 5.2601147
 5.079879  4.9194713 5.100598 ]
[-0.2404629  -0.1128552  -0.23176575 -0.09029603  0.13743281  0.05256879
 -0.05179703  0.08955395 -0.09068191 -0.01840353  0.02036262 -0.00555074
 -0.25666988 -0.06625271 -0.03662896 -0.07141757 -0.00083113 -0.10730445
  0.22250462 -0.09926033 -0.39932692 -0.05434978  0.08073807 -0.40790534]
[4.534897  4.483248  4.518512  4.5320177 4.3376822 4.450953  4.460778
 4.342966  4.4859495 4.417263  4.417055  4.460155  4.5472746 4.5082417
 4.4959526 4.4590864 4.4640436 4.4437103 4.353444  4.527862  4.6728935
 4.5189276 4.397939  4.5383997]
[-0.8813213  -0.7431761  -0.85819817 -0.68986523 -0.41295147 -0.52441156
 -0.692507   -0.4659952  -0.6798917  -0.6123923  -0.58187807 -0.6271745
 -0.8782046  -0.63783073 -0.6589651  -0.66080546 -0.6036358  -0.67926836
 -0.33921862 -0.66665304 -1.0713526  -0.7025399  -0.48858404 -1.0601027 ]
[5.8549643 5.817623  5.848464  5.854757  5.689184  5.7895427 5.7796288
 5.664844  5.799457  5.7308593 5.721598  5.7697144 5.86289   5.893968
 5.8148923 5.7983885 5.803583  5.7804894 5.6872845 5.9002905 5.985125
 5.7920065 5.735668  5.87408  ]
[17.857063 18.18162  18.118631 18.168173 18.752544 18.416561 18.091293
 18.6743   18.403946 18.316587 18.385988 18.258677 18.238047 18.51205
 18.073988 18.429146 18.30893  18.618198 18.643934 18.3707   17.625238
 18.029999 18.58893  18.080252]
[41.847965 42.215324 42.229897 42.30832  42.5053   42.399536 42.10603
 42.46392  42.230312 42.097214 41.887474 42.105377 42.134884 42.72317
 42.296417 42.543858 42.293243 42.174686 42.457806 42.596783 41.915524
 42.06949  42.49948  42.157322]
[216.42398 216.83997 216.68295 216.49011 217.2978  217.04631 216.99391
 217.50687 216.96753 217.0353  217.45312 217.07213 216.77995 216.89941
 216.75986 216.78908 216.6655  217.25827 217.45518 216.70166 215.93399
 216.80116 217.28625 216.44733]
[339.07132 339.65732 339.55515 339.36218 340.51242 339.9215  339.57806
 340.16803 339.69684 339.66312 339.458   339.77795 339.25354 340.07822
 339.65683 339.99356 339.8874  339.76672 340.28128 339.64896 338.78455
 339.65723 339.9732  339.21356]
[612.4627  612.61395 612.31525 612.4888  613.3049  612.7092  612.40326
 612.5988  613.05316 612.76086 612.5162  612.9323  612.994   613.096
 612.47577 612.6094  613.2468  613.1622  612.8403  612.8391  612.50073
 612.6291  612.6589  612.2629 ]
[645.515   645.9513  645.827   645.91364 646.95197 646.40314 645.9843
 646.7535  646.29535 646.2134  646.1064  646.14484 645.9568  646.5804
 645.87415 646.1825  646.21906 646.6718  646.74884 646.5128  645.16473
 645.592   646.5431  645.67444]
[659.54913 659.8245  659.6835  660.0152  660.8149  660.5136  659.89075
 660.83417 660.1667  660.2819  660.28674 660.0903  659.81055 660.3442
 659.9051  660.14386 660.1038  660.52484 660.8591  660.2997  659.0919
 659.7655  660.61597 659.3644 ]
[511.90738 512.0197  511.98325 512.3036  512.78827 512.706   512.1859
 512.88446 512.25775 512.4747  512.5583  512.2343  511.88937 512.4217
 512.22906 512.3681  512.2017  512.4495  513.0287  512.5173  511.51733
 512.08405 512.8186  511.50137]
[384.63135 384.45483 384.79526 385.20856 385.75146 385.79974 384.32498
 386.3225  385.48523 385.27505 385.10336 384.67307 384.73672 385.39966
 385.03888 385.38446 384.54224 385.49356 385.8945  385.86414 384.04678
 384.4679  385.68796 383.8592 ]
[158.93501 158.81721 159.38142 159.14192 160.02274 159.97586 158.70782
 160.68892 160.04564 159.43382 159.39372 159.04997 159.43202 159.74748
 159.16449 159.61897 158.4509  160.20961 159.97638 160.25813 158.32057
 158.61903 159.8589  158.48898]
[132.1972  132.2408  132.6651  132.53787 133.03984 132.74431 132.13382
 132.94629 132.8592  132.53075 132.2494  132.33514 132.37617 133.09637
 132.41072 133.00954 132.27367 132.87216 132.76976 133.07822 132.13225
 132.11253 132.73193 132.14827]
[43.877163 43.72474  43.95579  43.916016 43.961285 43.801888 43.796158
 43.787224 43.87802  43.8755   43.42292  43.837177 43.505974 43.84442
 43.787727 44.153778 43.738335 43.6825   43.85024  43.7584   43.698975
 43.789005 43.977165 43.803757]
[3.5426795 3.6067357 3.419079  3.480523  3.5423827 3.4391747 3.6483812
 3.4289932 3.4657707 3.7260916 3.672662  3.552386  3.6682096 3.418901
 3.5261164 3.313051  3.582188  3.7340763 3.6117818 3.5164695 3.5534546
 3.5918941 3.4961364 3.4233239]
[-8.4202385 -8.402815  -8.2294655 -8.375417  -8.130947  -8.07731
 -8.644376  -8.017528  -8.071106  -8.312904  -8.372597  -8.339738
 -8.162886  -8.086659  -8.395246  -8.119192  -8.293581  -8.084671
 -8.281262  -8.135577  -8.246385  -8.174849  -8.102184  -8.444222 ]
[2.5464253 2.6444685 2.4788961 2.5349083 2.395338  2.5553303 2.7075155
 2.5730214 2.5740602 2.564532  2.7314105 2.6632283 2.7185576 2.2725985
 2.6297457 2.4462745 2.5459504 2.4364197 2.5884862 2.3537521 2.5361252
 2.7940419 2.6509693 2.5434866]
[7.915922  8.038157  7.7940435 7.935157  7.945101  7.9683723 8.187197
 7.8811336 7.857476  7.9824424 8.098741  8.08847   7.823044  7.71197
 8.049644  7.82622   8.071996  7.701759  8.131036  7.752606  7.809271
 8.095357  8.041215  7.7532887]
[5.6450157 5.505327  5.635428  5.403989  5.1580048 5.295438  5.4284773
 5.209297  5.5716095 5.3908987 5.4039593 5.462316  5.761225  5.2666154
 5.4168715 5.4307632 5.327466  5.456825  5.0858154 5.380094  5.9039416
 5.632341  5.2944584 5.7140884]
[9.07772   9.163058  9.130199  9.0663805 9.068072  9.08695   9.138481
 9.043495  9.112092  9.060503  9.084161  9.170241  9.112953  9.049164
 9.130496  9.15261   9.153946  8.992914  9.084991  8.991935  9.180334
 9.268522  9.11144   9.140737 ]
[5.015051  5.0198    5.0465746 4.992373  4.8150463 4.884861  4.9799953
 4.7842946 4.974415  4.8918366 4.877826  4.9704375 5.064622  4.946335
 4.9870896 4.9868817 4.9539337 4.8983073 4.814601  4.9535775 5.19312
 5.0481772 4.8633704 5.120634 ]
[1.8528199 1.9506555 1.8659399 1.9646956 2.109104  2.0605423 1.9836334
 2.0608392 1.9544549 2.006519  2.0241508 2.0146523 1.843262  1.9902824
 2.011031  1.9685841 2.0280986 1.9375058 2.1733975 1.9782014 1.7772764
 1.9792997 2.0584052 1.7299912]
[6.269934  6.193441  6.245416  6.198517  5.9626546 6.0940027 6.1455326
 5.939591  6.156634  6.0828714 6.065982  6.147343  6.2524805 6.1849813
 6.187267  6.138468  6.149777  6.099197  5.9575195 6.1938863 6.4700875
 6.2255583 6.0181327 6.2840633]
[1.9780233 2.0862184 1.987225  2.0987742 2.2859263 2.2185454 2.1324348
 2.227213  2.0958948 2.1550534 2.1780577 2.1814713 1.934775  2.1180682
 2.1626523 2.126142  2.1844692 2.0458195 2.3619742 2.0854168 1.8613687
 2.1466532 2.2287862 1.8153005]
[7.288748  7.2003217 7.288154  7.2254634 6.9866924 7.113469  7.1290526
 6.961788  7.2047744 7.094086  7.0526185 7.1539865 7.2872934 7.23045
 7.1965523 7.1925154 7.1565986 7.1318727 6.957069  7.2447577 7.516239
 7.2358527 7.0349274 7.3188763]
[-0.7522888  -0.6688496  -0.772503   -0.673777   -0.5517497  -0.57784116
 -0.6598853  -0.62165344 -0.701501   -0.6586683  -0.59930205 -0.63848376
 -0.76911914 -0.6356045  -0.6556109  -0.69244766 -0.5676005  -0.7093077
 -0.50998557 -0.6535628  -0.81975853 -0.6892419  -0.5789988  -0.8472451 ]
[9.21818   9.423973  9.390371  9.264218  9.257807  9.254779  9.145902
 9.106393  9.31177   9.0523405 9.139906  9.248249  9.664288  9.330114
 9.208859  9.320171  9.433798  9.344808  9.049134  9.2969    9.510944
 9.344719  9.174308  9.741879 ]
[96.27143  95.95986  95.76634  95.725296 94.49564  95.005135 96.57512
 94.752785 95.09379  95.70447  95.99597  95.6568   95.82218  95.35022
 95.87622  94.645805 95.52104  95.29992  94.8093   95.40721  96.433876
 95.63988  94.87459  96.3193  ]
[263.75146 263.85968 263.53537 263.7819  264.004   264.02313 264.0508
 264.339   263.8047  264.22433 264.36282 264.03784 263.63095 263.73328
 264.0292  263.6235  263.83502 263.92795 264.35178 263.72073 263.38525
 263.8885  264.03867 263.34045]
[451.38937 451.3477  451.26062 451.46268 451.50284 451.6345  451.6224
 451.5496  451.45642 451.38785 451.42667 451.6576  450.97754 451.43347
 451.52222 451.57205 451.68808 450.99155 451.57364 451.1664  451.19318
 451.67535 451.78735 451.07208]
[415.3456  415.40836 415.3224  415.55264 415.86206 415.95303 415.5977
 416.4891  415.69385 415.5935  416.13    415.4396  415.54764 415.01413
 415.41727 415.2617  415.43665 415.64798 415.925   415.4272  414.71674
 415.3301  415.93817 415.3714 ]
[507.4763  506.9592  506.39694 507.57376 508.55685 508.01135 507.7898
 509.34814 507.7841  508.72137 508.82376 508.08762 506.74786 507.03406
 507.6176  507.52277 507.7278  507.78793 509.2278  507.1037  505.8566
 507.8501  508.60068 505.8487 ]
[560.108   560.9632  560.7224  561.60925 563.6896  562.8096  560.75867
 563.20355 561.94037 562.4201  562.0385  561.9686  560.47864 562.61804
 561.27356 562.1762  562.0193  562.71893 563.86255 562.1615  559.2208
 560.96857 563.15765 559.4891 ]
[488.03372 488.6753  488.48782 488.10696 489.63797 488.7116  488.28995
 489.60608 488.59686 488.7775  488.34494 488.59592 488.33368 489.44962
 488.62064 488.75827 488.66788 489.4446  489.23264 488.78314 487.3496
 488.0752  488.5529  488.535  ]
[543.5376  544.34705 544.898   544.1994  546.4573  545.1815  543.97845
 545.9409  545.06274 544.75745 544.21454 544.3711  544.70416 546.25555
 544.4093  545.5548  543.9238  546.3337  545.8986  545.85657 543.0687
 543.83496 545.2017  543.82715]
[276.16068 276.25385 276.61908 276.75446 277.65808 277.39838 275.86807
 277.59225 277.1444  276.9056  276.53278 276.37427 276.63327 277.79044
 276.50403 277.13266 276.5164  277.70316 277.40298 277.87045 276.1162
 275.95346 277.23523 275.8211 ]
[128.82411 129.07375 129.33757 129.6849  131.02237 130.33675 129.05481
 130.85913 130.05655 129.99173 129.66463 129.44319 129.17947 130.43404
 129.46484 130.19624 129.45897 130.37909 130.87103 130.52773 128.16182
 129.01416 130.49965 128.27953]
[40.34787  40.308628 40.345615 40.44686  40.712498 40.415665 40.440926
 40.60727  40.53401  40.52686  40.182655 40.528282 40.08479  40.206875
 40.43122  40.682724 40.31139  40.276363 40.75619  40.1858   39.83471
 40.4387   40.68774  40.134567]
[8.252974  8.292898  8.149736  8.214178  8.111919  8.175145  8.26173
 8.017676  8.127236  8.294115  8.249649  8.175145  8.360605  8.26078
 8.221153  7.9817595 8.2756815 8.380878  8.152675  8.306107  8.395393
 8.195626  8.122576  8.18592  ]
[ 0.07248616  0.13241637  0.09822142  0.04983795  0.12119615  0.23218131
  0.06372964  0.1856085   0.105286    0.10478139  0.13155556  0.08916807
  0.15215564  0.18587565  0.13876855  0.0446434   0.12529242  0.16865945
  0.11822784  0.1675018   0.11760449  0.1676799   0.16726434 -0.01252627]
[4.189534  4.276535  4.0992675 4.131058  3.9456575 4.0884333 4.337475
 4.044888  4.113219  4.101939  4.2759714 4.2279735 4.3203473 3.9035668
 4.203396  3.9968312 4.178937  4.0176687 4.080389  3.9480915 4.208472
 4.353266  4.1572685 4.2658787]
[5.947338  6.036358  5.79732   5.954017  5.9278364 5.9847984 6.185842
 5.90222   5.846208  5.9878855 6.1302752 6.0682077 5.867461  5.747363
 6.0441647 5.7941732 6.079131  5.7543683 6.109319  5.7922144 5.852857
 6.086879  6.0361204 5.793847 ]
[4.906025  4.797177  4.845857  4.7055454 4.4119496 4.590968  4.7519693
 4.4619064 4.759895  4.652531  4.7169733 4.713025  4.9990816 4.574049
 4.710977  4.6161695 4.6524124 4.7169137 4.393932  4.682066  5.1492486
 4.8472524 4.5506587 4.9744744]
[4.1638284 4.2622576 4.1575947 4.1671233 4.177661  4.2024164 4.2948494
 4.1595244 4.151183  4.177453  4.247772  4.2678976 4.1649265 4.118146
 4.2447743 4.1681027 4.268669  4.0770645 4.244062  4.0824966 4.1857643
 4.3232565 4.221562  4.1686964]
[4.5726833 4.553835  4.536856  4.52059   4.3081775 4.415274  4.5566845
 4.304348  4.464459  4.428394  4.467635  4.5067873 4.586664  4.428008
 4.527773  4.4340634 4.4971104 4.4094563 4.3450437 4.453209  4.716409
 4.5832806 4.3772798 4.6289625]
[0.90037787 1.0037642  0.89675653 1.0050405  1.1338949  1.0945945
 1.056333   1.090706   0.97808826 1.0464782  1.0851256  1.0663065
 0.8820931  1.0052186  1.0605776  0.9874681  1.0757754  0.96191096
 1.2171857  0.9949186  0.8164934  1.0328239  1.0942976  0.7788255 ]
[5.42732   5.354863  5.4001894 5.3485703 5.104041  5.238209  5.3137226
 5.085578  5.301404  5.2331033 5.2280273 5.3020573 5.4126267 5.3207574
 5.342159  5.2806554 5.3004246 5.247203  5.104219  5.3343525 5.627384
 5.3831515 5.1618934 5.454569 ]
[1.6293654 1.6924717 1.6203715 1.6771553 1.6867132 1.6903049 1.7156543
 1.654329  1.641298  1.6692595 1.7028905 1.7022078 1.6246458 1.6509748
 1.7123891 1.6428713 1.7214721 1.609834  1.7363434 1.6492234 1.6298107
 1.7087678 1.6775115 1.5905696]
[3.975964  3.9073367 3.9465184 3.902528  3.6561582 3.7852798 3.8643851
 3.6398919 3.8493655 3.780115  3.7807975 3.8438148 3.9640017 3.859547
 3.8874192 3.831348  3.8606749 3.7848642 3.6494498 3.8810077 4.1709228
 3.9275212 3.7170086 4.019865 ]
[-1.1913911  -1.1086346  -1.2100618  -1.1147196  -1.0335957  -1.0573422
 -1.0977409  -1.0966426  -1.1558901  -1.1122559  -1.0597762  -1.0989876
 -1.1921629  -1.1020746  -1.1008279  -1.153278   -1.029262   -1.1596895
 -0.99512637 -1.106438   -1.2416149  -1.140722   -1.0609041  -1.2521228 ]
[2.63402   2.8245857 2.7046957 2.6826115 2.7718983 2.6680667 2.7061799
 2.662219  2.7107213 2.6200988 2.7837417 2.7062688 2.9510655 2.7513576
 2.6054354 2.6545312 2.859048  2.856406  2.6430142 2.6959984 2.6702335
 2.6447654 2.6818397 3.03587  ]
[102.52276  102.09977  101.951805 101.96105  100.719154 101.18178
 102.83584  101.0718   101.27832  101.91504  102.24303  101.82798
 101.97687  101.555534 102.07022  100.80405  101.66119  101.47418
 101.03633  101.59972  102.4541   101.89039  101.11962  102.47365 ]
[255.31386 255.4229  255.16272 255.32431 255.51883 255.55542 255.62544
 255.84914 255.3827  255.75082 255.90436 255.61916 255.19933 255.25032
 255.57645 255.20721 255.35619 255.44524 255.84291 255.21843 254.98233
 255.4984  255.58368 254.95284]
[454.50616 454.58197 454.54492 454.67038 454.5706  454.7107  454.82663
 454.53287 454.576   454.50735 454.6234  454.81256 454.31235 454.59912
 454.64896 454.8011  454.7754  454.2103  454.63702 454.31863 454.47946
 454.8228  454.97183 454.48505]
[656.867   656.8601  656.8119  656.782   656.945   656.8773  657.23785
 656.97577 656.83124 656.8022  656.9932  657.04895 656.68506 656.69293
 656.8114  656.85345 657.04333 656.6108  656.9421  656.6645  656.76764
 657.15216 657.1127  656.93   ]
[749.5842  749.84906 749.59106 749.8149  750.12634 750.0935  749.75336
 750.1522  749.80817 749.9656  749.9379  749.7504  749.75745 749.9102
 749.8528  749.64276 749.9505  750.07623 750.1753  749.96893 749.3357
 749.5918  749.99493 749.4818 ]
[757.1706  757.4379  757.19366 757.5849  758.2518  757.9102  757.6026
 758.20215 757.7098  757.85754 757.92114 757.66205 757.41724 757.52423
 757.45795 757.62463 757.7791  757.8511  758.32526 757.6379  756.8224
 757.49133 758.10565 757.0025 ]
[631.9986  632.13086 632.0138  632.3014  632.77344 632.4807  632.09814
 632.63    632.36536 632.4537  632.31323 632.4189  632.00073 632.4327
 632.25964 632.50903 632.538   632.30554 632.7384  632.2798  631.8627
 632.1977  632.5406  631.88477]
[515.33673 514.9885  515.8089  515.54254 515.50024 515.67633 514.3062
 515.6168  516.1372  515.31824 514.5797  515.00653 515.7085  516.4474
 515.2079  516.04083 514.95184 516.2508  515.0649  516.5448  516.06384
 514.79175 515.34955 515.3163 ]
[385.6683  385.3133  386.07358 386.0211  386.19733 386.3454  384.67615
 386.51022 386.54855 385.8434  385.09543 385.34503 385.9122  386.9563
 385.72977 386.49948 385.2771  386.75815 385.89902 387.1033  386.00812
 385.099   385.99332 385.332  ]
[182.73715 182.52174 183.17535 182.97305 183.05359 183.28229 182.03178
 183.03024 183.22142 182.74614 182.20422 182.40318 183.03204 184.07384
 182.77365 183.21498 182.39139 183.73889 182.75136 184.09018 183.24019
 182.20288 182.84856 182.48994]
[16.160822 16.230726 16.158152 16.28843  16.299622 16.269344 16.20327
 16.157972 16.17516  16.172012 15.970435 16.212322 16.108194 16.430523
 16.299116 16.252306 16.278011 16.167976 16.291576 16.285788 16.073555
 16.215706 16.263527 16.072693]
[4.573099  4.631634  4.4965763 4.551015  4.3636255 4.5390825 4.5926604
 4.3409176 4.384196  4.5253983 4.5395575 4.4523187 4.64045   4.5925417
 4.598092  4.268194  4.5660048 4.5934916 4.417322  4.6382833 4.6885962
 4.4826546 4.3946147 4.534036 ]
[5.71955   5.982394  5.6319847 5.7356977 5.677103  5.774256  6.067614
 5.6703653 5.569383  5.721984  5.878948  5.831871  5.8047705 5.6959224
 5.8988066 5.519189  5.9051585 5.6490526 5.8180685 5.604528  5.6264043
 5.8859835 5.7807565 5.7977653]
[0.85172725 1.0277778  0.7034898  0.93665063 0.8798075  0.9550245
 1.191688   0.9238869  0.78333735 0.91697073 1.1170646  0.99723387
 0.9191376  0.7307389  1.0037345  0.6741332  1.0438067  0.7942904
 1.0707293  0.75309026 0.6788231  1.0101757  1.015014   0.8344517 ]
[3.7116952 3.7750983 3.5632796 3.7016327 3.5553246 3.6779158 3.874626
 3.6062312 3.6082792 3.6959336 3.8656912 3.718374  3.808106  3.51641
 3.7260025 3.4476936 3.7595148 3.6557128 3.6927574 3.6175108 3.7114282
 3.7539937 3.695785  3.6917481]
[2.1204429 2.199667  2.0036397 2.0940547 1.970276  2.0814393 2.2964044
 2.009903  2.0013247 2.0926    2.2472491 2.1475139 2.17034   1.9464405
 2.1585264 1.8976711 2.1739318 2.019372  2.0992491 1.999217  2.1335034
 2.1917715 2.0867822 2.1182165]
[2.2250462 2.275003  2.1231143 2.192484  2.0286922 2.1394994 2.3586497
 2.0642824 2.1012974 2.1564782 2.2901115 2.2292314 2.256896  2.033412
 2.2398582 2.0180063 2.2386112 2.0856838 2.1413398 2.078085  2.2632186
 2.2854216 2.1365013 2.2480507]
[2.5828168 2.6278164 2.5142784 2.5739713 2.4685664 2.542151  2.6894088
 2.4762545 2.5024943 2.548236  2.6385024 2.6062665 2.5893173 2.464025
 2.6192677 2.4523    2.613984  2.4800835 2.5584767 2.4948955 2.616062
 2.6425688 2.5268345 2.573615 ]
[3.089092  3.0952957 3.0366418 3.0413911 2.8830318 2.9793534 3.1190422
 2.886564  2.9825296 2.9897723 3.0519881 3.0524037 3.0913181 2.9555774
 3.077189  2.9400234 3.0548377 2.9521043 2.9377081 2.9819655 3.187432
 3.1110277 2.940053  3.1069314]
[2.4319375 2.4777682 2.3965552 2.4370728 2.3702264 2.4189956 2.516475
 2.364735  2.3873239 2.416532  2.4741173 2.468507  2.4284348 2.3655362
 2.4834378 2.364646  2.473761  2.3511994 2.4360635 2.3772316 2.4676464
 2.5041862 2.3994937 2.415879 ]
[3.7811537 3.7660153 3.7550325 3.7408738 3.5689788 3.6588593 3.7648873
 3.5687118 3.6953695 3.6702576 3.6964679 3.7286444 3.7795508 3.6681798
 3.7588913 3.6723948 3.7264478 3.6403668 3.5981276 3.6877706 3.9087615
 3.8035645 3.6146314 3.8090262]
[2.1969361 2.2476647 2.19845   2.2363553 2.2265005 2.2344854 2.2606363
 2.1991625 2.2081268 2.2212172 2.2402735 2.2554417 2.1905842 2.2056928
 2.2700753 2.2153695 2.267404  2.1614947 2.2659197 2.204535  2.2223449
 2.2794256 2.2175066 2.1692715]
[2.0087156 1.9852957 1.9755596 1.963152  1.7902776 1.878763  1.9581059
 1.7613366 1.9003129 1.8708969 1.8914673 1.921002  1.994913  1.9202006
 1.960065  1.892061  1.964933  1.8503265 1.792207  1.9369419 2.1392918
 1.9773703 1.8302311 2.0467694]
[3.8967695 4.110844  4.0108714 3.9555717 4.1044025 3.909266  3.9284413
 3.956492  4.0406437 3.91921   4.0469956 3.9828506 4.324384  4.0341725
 3.842687  3.963586  4.171012  4.222542  3.8907142 3.9609146 3.9827614
 3.9760828 3.9326267 4.399987 ]
[75.44815  74.9395   74.91697  75.01157  74.010895 74.25302  75.16756
 74.00116  74.46576  74.86654  74.698204 74.662735 74.98699  74.1784
 75.01472  74.28802  74.79584  74.21859  74.06183  74.62708  75.86075
 75.13393  74.069725 75.18973 ]
[240.44228 240.5935  240.44221 240.272   240.39857 240.37402 240.85054
 240.62143 240.39153 240.59941 240.95757 240.6565  240.52684 240.2151
 240.4827  240.18628 240.34529 240.503   240.55165 240.11543 240.19563
 240.66588 240.50398 240.51123]
[446.26825 446.28815 446.30887 446.40228 446.79874 446.7575  446.76117
 446.734   446.46838 446.41644 446.45877 446.73093 445.84933 446.60724
 446.4352  446.68    446.67633 446.12143 446.782   446.28195 445.93088
 446.5861  447.02255 445.9918 ]
[640.40936 640.55817 640.4314  640.38947 640.7926  640.5133  640.9045
 640.7702  640.47705 640.51794 640.59125 640.727   640.2391  640.39575
 640.53986 640.5918  640.68524 640.29706 640.76685 640.2904  640.1316
 640.7431  640.7506  640.5108 ]
[724.17456 724.5205  724.2079  724.4846  724.79785 724.72046 724.36304
 724.7524  724.47095 724.63715 724.5951  724.41376 724.4622  724.54
 724.4861  724.2837  724.6656  724.7491  724.8393  724.5997  723.9891
 724.22614 724.63696 724.1568 ]
[743.52356 743.8108  743.48816 743.9986  744.61523 744.28516 743.94183
 744.5803  744.0756  744.27423 744.3176  744.03143 743.7847  743.82
 743.8403  743.9613  744.2144  744.1925  744.7216  743.9658  743.1724
 743.8616  744.4793  743.34106]
[603.0219  603.1797  603.0078  603.36273 603.88464 603.5806  603.1751
 603.7702  603.42053 603.54626 603.41235 603.5009  602.9895  603.4445
 603.3324  603.56915 603.61084 603.34784 603.90826 603.30664 602.79517
 603.27374 603.6641  602.84454]
[490.93164 490.60574 491.33328 491.20923 491.23056 491.3584  490.01584
 491.364   491.7038  491.02994 490.3525  490.66608 491.2449  492.0016
 490.8607  491.63806 490.64462 491.83774 490.8769  492.11017 491.51318
 490.46814 491.08466 490.82132]
[365.31836 364.92764 365.6463  365.6706  365.88373 365.99026 364.40677
 366.24344 366.14673 365.53058 364.8533  365.0089  365.47412 366.452
 365.37033 366.1038  364.93524 366.30017 365.6425  366.64697 365.50436
 364.7995  365.6991  364.90225]
[163.89993 163.47682 164.20998 163.97203 163.9213  164.18779 163.11485
 164.0313  164.25787 163.74394 163.21838 163.42822 164.00192 164.78072
 163.78484 164.21902 163.2824  164.53398 163.6838  164.96365 164.30496
 163.30429 163.80579 163.53629]
[15.666421 15.714804 15.640092 15.753392 15.676483 15.720473 15.661493
 15.541069 15.587226 15.60272  15.377397 15.635906 15.578529 15.913651
 15.789249 15.649383 15.707354 15.631781 15.676008 15.763187 15.60281
 15.662651 15.641517 15.55686 ]
[4.5307713 4.5951834 4.4648447 4.5105867 4.313609  4.510794  4.5363216
 4.2912283 4.340562  4.4702177 4.484228  4.3998685 4.60578   4.5836368
 4.562443  4.223996  4.517503  4.569062  4.3641005 4.619405  4.662742
 4.4286017 4.34261   4.4945574]
[4.7846804 5.051324  4.6841736 4.8079224 4.7651787 4.8491817 5.1612997
 4.7645254 4.6416078 4.803648  4.978274  4.919234  4.8623314 4.7375436
 4.9708824 4.5895433 4.9885736 4.7050405 4.9215198 4.654876  4.664345
 4.9659257 4.873967  4.855326 ]
[0.9365616  1.0920417  0.783931   1.0118973  0.93837225 1.0214553
 1.2499262  0.9873197  0.86511433 0.98933816 1.1877995  1.0631601
 1.0054264  0.7991288  1.0686514  0.7456695  1.1075957  0.87526596
 1.124515   0.83537185 0.7812892  1.0785359  1.0760425  0.9150413 ]
[3.764561  3.8272812 3.6213102 3.752836  3.6115742 3.7326813 3.9226828
 3.658503  3.6619167 3.749749  3.9140153 3.7707944 3.856638  3.578418
 3.7800555 3.5065553 3.8126476 3.710597  3.7453263 3.676699  3.7715364
 3.8045738 3.74592   3.7425063]
[1.906012  1.9837818 1.7929194 1.8785849 1.7516896 1.8626747 2.0780554
 1.7913462 1.7873093 1.874073  2.0264363 1.9314505 1.9557906 1.7326924
 1.9425223 1.6863273 1.9553157 1.8031898 1.8780802 1.7827678 1.922694
 1.9774593 1.8666226 1.9087726]
[2.112666  2.1695685 2.0139103 2.0919766 1.9472122 2.0477786 2.2559462
 1.9792997 2.001176  2.061047  2.1926618 2.1312475 2.1416068 1.9375355
 2.1400042 1.922783  2.141874  1.9856815 2.0616999 1.9790028 2.1372435
 2.180551  2.0475707 2.1271214]
[2.676467  2.7176375 2.6100066 2.6673245 2.5582094 2.6331594 2.7757273
 2.5662239 2.5978959 2.6393037 2.7262752 2.6959095 2.6847188 2.5601091
 2.7098012 2.5467222 2.7028553 2.576138  2.6450622 2.5913062 2.714966
 2.7333992 2.6154683 2.668037 ]
[2.9658477 2.9790864 2.917108  2.928625  2.7873929 2.8749876 3.0047326
 2.789144  2.8718116 2.8825865 2.9431994 2.9421308 2.9684598 2.8475902
 2.965521  2.8322737 2.9450696 2.8424847 2.8434641 2.8713367 3.0531754
 2.9959166 2.838596  2.9771273]
[2.492313  2.5354426 2.4586523 2.4984276 2.4280193 2.4774714 2.5714185
 2.423092  2.4496286 2.4750373 2.5300698 2.5258253 2.4908586 2.4278412
 2.5413792 2.4264758 2.5309603 2.413237  2.4915116 2.440041  2.5314353
 2.562662  2.4568417 2.4780948]
[3.5200016 3.5165882 3.497116  3.4955428 3.3495317 3.426381  3.5199127
 3.3465335 3.4512556 3.4338613 3.4604278 3.4871426 3.5193784 3.4277763
 3.5149853 3.4311602 3.4877064 3.3995476 3.3825095 3.4448738 3.6286716
 3.5530093 3.3872292 3.5383458]
[2.3093462 2.353485  2.3104148 2.3452628 2.3215163 2.335022  2.3621526
 2.2951875 2.3156095 2.3231487 2.3398309 2.3560674 2.3062887 2.3145409
 2.3734322 2.3204775 2.369959  2.2702537 2.3568687 2.3155797 2.3446393
 2.3829603 2.3152533 2.28839  ]
[1.8359302 1.8246803 1.8067814 1.8070486 1.6606218 1.735631  1.8017056
 1.6299591 1.746584  1.724292  1.7457232 1.7685199 1.8253334 1.7691729
 1.8048223 1.7403803 1.8145287 1.7010798 1.666499  1.7838364 1.9476871
 1.8161613 1.6925608 1.8652571]
[3.914609  4.134798  4.0358644 3.9666731 4.086296  3.9075444 3.9424222
 3.936545  4.037794  3.9116406 4.0334306 3.9812179 4.3469734 4.0419793
 3.8632276 3.971749  4.1737723 4.213013  3.8727856 3.9761422 4.0272264
 3.987303  3.9200113 4.4387236]
[74.0599   73.614296 73.58126  73.569    72.56491  72.82369  73.87456
 72.58403  73.05777  73.45362  73.35157  73.30684  73.62985  72.85744
 73.64134  72.85717  73.36487  72.882225 72.63087  73.22581  74.46012
 73.704475 72.63743  73.917305]
[232.83057 232.96799 232.83531 232.62094 232.72572 232.7249  233.18369
 232.9334  232.76129 232.95029 233.27821 233.02191 232.89719 232.57225
 232.8604  232.5673  232.70709 232.85014 232.87097 232.47607 232.65808
 233.04355 232.81964 232.89833]
[431.40182 431.44342 431.44614 431.5204  431.94135 431.88217 431.8634
 431.87158 431.61148 431.55023 431.58215 431.8605  431.01657 431.74722
 431.5809  431.81363 431.82645 431.27054 431.90793 431.4092  431.08112
 431.7367  432.1213  431.14584]
[626.32556 626.45325 626.33875 626.24805 626.6527  626.38196 626.725
 626.6249  626.3678  626.37933 626.4129  626.6109  626.1293  626.3578
 626.4696  626.50146 626.57623 626.18866 626.6136  626.18427 626.09485
 626.6649  626.55505 626.3979 ]
[703.3117  703.6743  703.2982  703.68835 704.00684 703.90094 703.5508
 703.96375 703.6424  703.8602  703.8484  703.6059  703.60913 703.61395
 703.64056 703.4363  703.9     703.8791  704.0821  703.704   703.08594
 703.44073 703.879   703.26666]
[717.4884  717.7651  717.4002  717.963   718.58246 718.2404  717.94073
 718.5379  717.9863  718.261   718.33606 718.073   717.6699  717.74133
 717.8202  717.92346 718.2171  718.0902  718.7414  717.81067 717.06824
 717.8993  718.4655  717.2644 ]
[580.3217  580.46826 580.2962  580.6822  581.1329  580.8824  580.47174
 581.0827  580.7354  580.84875 580.71747 580.8268  580.2618  580.6879
 580.6537  580.87787 580.9054  580.58636 581.18396 580.5543  580.09076
 580.6029  580.9611  580.14417]
[484.96677 484.6546  485.3173  485.27695 485.31885 485.4236  484.13242
 485.47046 485.7107  485.12848 484.50055 484.74692 485.23935 485.97162
 484.92438 485.6571  484.73505 485.83997 485.02222 486.08646 485.45834
 484.56146 485.19107 484.81363]
[366.82056 366.4098  367.11618 367.1659  367.37997 367.4726  365.93933
 367.77432 367.63248 367.043   366.39566 366.5167  366.94693 367.85596
 366.8663  367.58304 366.41986 367.74908 367.17468 368.0876  366.94562
 366.3363  367.21057 366.3761 ]
[173.3206  172.87256 173.62498 173.37968 173.36455 173.60623 172.53667
 173.5074  173.70535 173.16953 172.63876 172.85188 173.39203 174.15834
 173.20084 173.66547 172.65761 173.94342 173.14421 174.36943 173.66199
 172.72292 173.2503  172.91994]
[12.232411 12.334996 12.188569 12.374742 12.469639 12.35895  12.406532
 12.344079 12.273937 12.352034 12.276728 12.381717 12.204895 12.376997
 12.356606 12.322766 12.475545 12.219707 12.476911 12.27848  12.082363
 12.361859 12.456875 12.18097 ]
[4.527506  4.5959253 4.4573646 4.510705  4.3223953 4.5119815 4.543802
 4.295087  4.336584  4.4722357 4.486098  4.405657  4.594382  4.5803714
 4.564313  4.2246194 4.524983  4.560632  4.374727  4.6099954 4.6460304
 4.431659  4.349882  4.487315 ]
[4.5927496 4.8545246 4.4942017 4.614002  4.5650845 4.653303  4.958742
 4.5635414 4.446946  4.6065226 4.77723   4.7194366 4.6712313 4.549798
 4.774499  4.39408   4.7892814 4.5159593 4.717834  4.46719   4.480161
 4.7674346 4.6721516 4.6631575]
[0.7137898  0.87419736 0.5608921  0.790491   0.7217746  0.80337346
 1.0340112  0.7684661  0.64029443 0.7697425  0.9690943  0.84436584
 0.78016126 0.5811063  0.85068834 0.52340233 0.89058244 0.6530582
 0.90969837 0.61369836 0.5543618  0.85804975 0.8573077  0.6911713 ]
[3.653546  3.715554  3.5086033 3.6417322 3.4976206 3.620123  3.811846
 3.5456479 3.5492098 3.6368344 3.8027334 3.6590374 3.7452965 3.4648802
 3.668239  3.3927503 3.7007124 3.597623  3.6324413 3.5632796 3.6593935
 3.6932027 3.633035  3.6319368]
[1.838572  1.9184493 1.7235203 1.814499  1.6919374 1.8016759 2.0151567
 1.731505  1.7215018 1.8116494 1.9657938 1.8677802 1.8876679 1.6681316
 1.8785552 1.6197778 1.8932186 1.7389258 1.8207028 1.7186226 1.85
 1.911266  1.8062768 1.8374738]
[2.0795395 2.1351657 1.979359  2.057485  1.9091288 2.0121589 2.2216325
 1.9426113 1.9661797 2.025635  2.1584966 2.095776  2.109757  1.9021236
 2.104978  1.8856198 2.1065807 1.9519615 2.0240915 1.9446001 2.1055717
 2.1457329 2.0112386 2.0947373]
[2.5465143 2.591603  2.4783618 2.5413792 2.4382896 2.5110726 2.652958
 2.446987  2.470763  2.5161486 2.6059992 2.5719528 2.5552115 2.432917
 2.5847166 2.4187582 2.579908  2.450549  2.528378  2.4643812 2.5780675
 2.606979  2.4955187 2.5348785]
[3.0188618 3.0293398 2.9689941 2.979591  2.832244  2.9230149 3.0547485
 2.8358357 2.9223619 2.9314747 2.9925625 2.9914048 3.0224533 2.8964188
 3.015181  2.880776  2.9936905 2.893035  2.8883154 2.9215012 3.1094842
 3.0469122 2.8857033 3.0317144]
[2.4018981 2.4478774 2.3681483 2.4116044 2.3475485 2.3943882 2.4857826
 2.342532  2.3628945 2.3908858 2.4468384 2.4404862 2.4003546 2.341582
 2.455387  2.3398604 2.4460964 2.3275418 2.4127917 2.353396  2.4354699
 2.4752748 2.375302  2.384385 ]
[3.5050414 3.5019248 3.481948  3.481651  3.3359962 3.4130535 3.5057836
 3.333651  3.4371858 3.420207  3.447189  3.4730134 3.504982  3.41338
 3.5008264 3.4165263 3.4734585 3.3858933 3.3695676 3.430804  3.6127317
 3.5386724 3.3740795 3.5226138]
[2.2250757 2.2725096 2.2265303 2.2652965 2.2492676 2.2594786 2.2831657
 2.2228496 2.2362366 2.2462697 2.263842  2.2781491 2.2220483 2.2354352
 2.2942672 2.2413719 2.2920113 2.191712  2.2866979 2.2358508 2.254195
 2.302549  2.241283  2.2000828]
[1.9971689 1.9828616 1.9686137 1.9673077 1.8154192 1.8930405 1.9592339
 1.7866563 1.9071994 1.8824437 1.9019455 1.9270871 1.9865127 1.9282447
 1.9642206 1.9006097 1.970929  1.8600329 1.8210293 1.943294  2.1129923
 1.9776374 1.8489314 2.026763 ]
[3.6975365 3.9135108 3.8160908 3.7463355 3.8495436 3.6823387 3.723806
 3.7043636 3.8090262 3.6847134 3.8054643 3.7544982 4.121708  3.817842
 3.6451457 3.7469292 3.946459  3.9791698 3.641376  3.7561011 3.8170407
 3.7627501 3.692223  4.219455 ]
[73.47627  73.0364   72.99517  72.97208  71.96389  72.22816  73.297195
 71.966705 72.44891  72.8499   72.7542   72.709114 73.039246 72.26683
 73.05441  72.249054 72.77284  72.29097  72.02943  72.64393  73.885124
 73.09146  72.02115  73.34312 ]
[128.18816  128.00175  127.95628  127.579384 126.8116   127.00358
 128.23456  126.91132  127.35749  127.65088  127.81857  127.68558
 128.06035  127.233604 127.78249  127.04328  127.51132  127.43989
 126.85185  127.29124  128.48999  127.94677  126.89137  128.4757  ]
[118.10449  118.18274  118.06058  117.891945 117.4158   117.4633
 118.11567  117.24962  117.72216  117.7754   117.75284  117.84009
 118.18243  117.60286  117.971466 117.6539   117.97674  117.62291
 117.35526  117.69298  118.582924 118.08545  117.362236 118.47728 ]
[113.89707  113.668335 113.744026 113.27869  112.458984 112.70825
 113.80191  112.708916 113.07832  113.01136  113.06642  113.27745
 113.66885  113.057014 113.48932  113.01626  113.14208  112.87053
 112.421555 113.04272  114.18828  113.655464 112.54244  114.44219 ]
[120.56942  120.658295 120.93344  119.92006  118.645226 119.0016
 120.763596 118.90628  119.81595  119.634254 120.015015 120.00044
 121.22916  119.75031  120.07888  119.44296  119.48763  119.92077
 118.455    119.62293  121.32588  120.51479  118.86288  121.97978 ]
[115.45269  115.307686 115.21558  115.2232   114.59979  114.6302
 115.38837  114.76106  114.98443  115.11752  115.181    115.14069
 115.55038  114.84704  115.046524 114.82387  115.300964 115.001076
 114.55721  114.80179  115.77087  115.45219  114.64479  116.074554]
[119.76869  119.55148  119.52195  119.68787  119.43139  119.297424
 119.61364  119.429886 119.66698  119.5937   119.40996  119.68007
 119.652306 119.387276 119.48455  119.634224 119.818085 119.35434
 119.31283  119.260635 119.85311  119.87291  119.40574  119.927345]
[61.082623 61.597267 61.489223 61.65797  63.228355 62.15365  61.56153
 62.961506 62.255905 62.285442 61.933666 61.995705 61.4474   62.517117
 61.677086 62.36805  61.92521  62.65099  62.967205 62.115623 60.265327
 61.351936 62.485565 61.013077]
[77.062675 77.401985 77.532974 77.39373  78.52976  77.78623  77.30664
 78.45636  77.9025   77.76581  77.47527  77.55209  77.31985  78.16511
 77.42395  78.08009  77.42805  78.20441  78.21444  77.91025  76.48386
 77.0855   77.983    77.22175 ]
[42.211227 42.670097 42.57731  42.439224 42.85437  42.495354 42.56339
 42.75502  42.517467 42.480156 42.4996   42.407433 42.662144 42.96978
 42.484432 42.560745 42.481106 42.952057 42.666893 42.82187  42.029537
 42.05373  42.48357  42.822403]
[9.800711 9.786612 9.760223 9.859632 9.864411 9.872099 9.795516 9.821222
 9.79893  9.817393 9.805104 9.783346 9.780764 9.923629 9.832056 9.76524
 9.826535 9.870823 9.877798 9.944347 9.748023 9.712315 9.814454 9.693317]
[2.4340746 2.4277225 2.4021654 2.476017  2.4428608 2.4954    2.442089
 2.4775012 2.4508753 2.443425  2.481152  2.4242496 2.4727814 2.4892557
 2.4611456 2.3816247 2.4189363 2.5206306 2.478718  2.5202744 2.3947444
 2.406855  2.4565744 2.361173 ]
[3.4950085 3.5152228 3.4682047 3.5644968 3.5559776 3.5945063 3.557907
 3.601007  3.5256712 3.5198236 3.5720363 3.525582  3.515401  3.5495958
 3.5507832 3.4922776 3.517449  3.5508425 3.6127021 3.5614097 3.3946795
 3.526235  3.5988994 3.4275982]
[4.4317183 4.4807844 4.417589  4.5734553 4.6468916 4.629972  4.5444846
 4.6817393 4.5440693 4.552885  4.5949755 4.533324  4.4645777 4.556981
 4.542288  4.519848  4.5282183 4.564224  4.719051  4.5744348 4.2691145
 4.506342  4.669094  4.3271747]
[5.2904806 5.303927  5.282971  5.401525  5.416129  5.4267263 5.341298
 5.4496117 5.377749  5.3561397 5.3722577 5.337677  5.323548  5.403039
 5.358277  5.355635  5.3311167 5.391433  5.465552  5.422719  5.1968007
 5.3327494 5.4494634 5.204162 ]
[4.2545104 4.302597  4.2674522 4.4096045 4.504056  4.4698315 4.345578
 4.526289  4.392418  4.3904295 4.3969297 4.3543644 4.293484  4.4372396
 4.3714023 4.3873124 4.356442  4.4180937 4.553093  4.4444227 4.110547
 4.3285103 4.506134  4.1510053]
[5.3738904 5.4049983 5.381875  5.5291924 5.59215   5.571936  5.448365
 5.617618  5.4987373 5.488378  5.4882593 5.4538565 5.402861  5.551633
 5.4775734 5.497639  5.4596744 5.515182  5.6418395 5.5622296 5.2420673
 5.4342656 5.6052403 5.2713943]
[4.9794908 5.032683  4.998547  5.1679487 5.2926474 5.237734  5.0819864
 5.310457  5.148536  5.1515045 5.144677  5.1004195 5.015615  5.206151
 5.1186156 5.152573  5.109087  5.174004  5.344504  5.2130375 4.809436
 5.063019  5.2828226 4.854495 ]
[5.6848803 5.7167597 5.701473  5.8598623 5.9453197 5.9105015 5.757871
 5.966662  5.8324647 5.82071   5.8057795 5.7727423 5.7142367 5.901359
 5.799843  5.839262  5.7839923 5.8524117 5.989963  5.910175  5.5406203
 5.745968  5.947902  5.5690565]
[5.104041  5.158183  5.129183  5.306183  5.4452186 5.3809547 5.2036576
 5.457923  5.2849894 5.286325  5.2699103 5.22595   5.139542  5.36083
 5.24836   5.297634  5.244531  5.313485  5.490693  5.365549  4.924547
 5.182434  5.429279  4.9740586]
[5.7026305 5.7400017 5.722548  5.8946805 5.9981556 5.952414  5.7821517
 6.0151343 5.863869  5.855588  5.8357596 5.798685  5.731928  5.9465666
 5.8281307 5.877167  5.819671  5.8869925 6.041493  5.954492  5.543173
 5.7633624 5.9948907 5.5799503]
[5.4965706 5.54439   5.52189   5.702601  5.8308616 5.7706347 5.5872226
 5.841993  5.674105  5.67179   5.648756  5.607971  5.528747  5.763392
 5.636111  5.691351  5.633944  5.7016807 5.873368  5.768943  5.32334
 5.563951  5.8172073 5.3680425]
[5.706163  5.7549324 5.731453  5.9202375 6.0582643 5.9932876 5.799635
 6.0691876 5.8887143 5.887794  5.863157  5.8183355 5.7376866 5.9888945
 5.848523  5.9098487 5.848998  5.921217  6.1002655 5.994     5.5186844
 5.768883  6.044877  5.572678 ]
[7.4396567 7.5728154 7.4974794 7.649724  7.7760854 7.710871  7.57893
 7.7710986 7.5642366 7.550701  7.5864697 7.4987264 7.5415587 7.844297
 7.556994  7.6387415 7.6263638 7.6828804 7.770297  7.7938952 7.245084
 7.3813295 7.7845745 7.5233335]
[30.636683 31.332188 31.279144 31.01734  31.866573 31.390604 31.040937
 31.643267 31.141237 30.927044 30.847464 30.987864 31.142395 31.891626
 31.169346 31.527029 31.173443 31.508862 31.641487 31.59064  30.350033
 30.931555 31.397995 31.242575]
[197.91948 198.41121 198.08638 198.36531 199.2307  198.91086 198.65555
 199.53404 198.41702 198.68423 199.01529 198.43188 198.18289 198.55132
 198.45906 198.37906 198.41185 198.81729 199.42784 198.60126 196.98305
 198.11195 199.08664 197.90616]
[340.0047  339.85107 339.96017 340.26416 340.73746 340.7569  340.12067
 340.88184 340.31958 340.35983 340.25653 340.31595 339.43826 340.60687
 340.251   340.43665 340.26364 340.20303 340.79373 340.29123 339.3541
 340.0555  340.86874 339.2711 ]
[441.57477 441.37686 441.4609  442.02283 442.3819  442.40945 441.34308
 442.48904 442.06973 442.17334 441.99326 441.73508 441.4459  442.36655
 441.67703 441.8977  441.94357 442.33188 442.36612 442.27393 441.2447
 441.4263  442.44714 440.87186]
[717.0426  716.9963  716.99335 717.59235 718.0729  718.0261  716.7474
 718.04114 717.86365 717.835   717.7593  717.32544 717.51996 717.84076
 717.1123  717.3674  717.50037 718.34375 718.0808  718.05945 716.8227
 716.9354  718.0375  716.4398 ]
[531.96686 531.82733 533.10266 532.4252  533.1654  533.24927 530.27356
 533.20905 533.3936  532.1339  530.7757  531.5368  532.40955 535.1122
 532.0807  533.4888  531.7704  534.2318  531.98553 534.5796  532.61115
 530.49976 532.4053  532.1621 ]
[599.228   599.7917  599.5992  599.6705  600.43384 600.2079  599.52966
 600.302   599.9245  599.72736 600.0718  599.9121  599.6598  600.265
 599.57745 599.8768  599.92694 600.28284 600.36487 599.8969  598.92303
 599.46466 600.21277 599.526  ]
[450.8717  450.5954  451.33218 451.32275 451.4294  451.71936 450.0301
 451.48795 451.60455 451.08487 450.79584 450.56088 451.2406  452.22745
 450.82962 451.49615 450.66376 452.0626  451.20386 452.46295 451.32553
 450.37677 451.37982 450.49603]
[320.26926 320.05597 320.80893 320.88293 321.6534  321.42917 319.73615
 321.66138 321.4116  320.9559  320.52942 320.28625 320.74826 321.78177
 320.47653 321.34375 320.17044 321.8527  321.45865 322.1544  320.21448
 320.021   321.3381  319.61688]
[71.987755 72.480644 71.15485  71.59701  71.90761  71.370285 73.62436
 71.979324 71.29293  72.26075  72.86557  72.81704  71.33372  69.94823
 72.22287  71.24743  72.438255 70.69253  72.66423  69.8628   70.55355
 72.89617  72.24926  71.938034]
[14.307231  14.541283  14.19586   14.487912  14.478086  14.499043
 14.523621  14.292033  14.320826  14.470191  14.461524  14.433651
 14.5085125 14.621308  14.434334  14.192951  14.717749  14.535405
 14.513202  14.53683   14.379746  14.342643  14.533713  14.335044 ]
[-0.5283891  -0.54323065 -0.45747614 -0.4884653  -0.71586764 -0.40389812
 -0.6985624  -0.62833214 -0.59401846 -0.6155981  -0.67315364 -0.730917
 -0.43862736 -0.26008344 -0.48330045 -0.6732724  -0.6463795  -0.38166547
 -0.7080313  -0.20163739 -0.2868873  -0.69948256 -0.67208505 -0.58983314]
[11.619544  11.734536  11.477896  11.495943  11.261862  11.4529915
 11.809041  11.351743  11.419153  11.4784    11.692772  11.6156845
 11.71539   11.285995  11.625748  11.294247  11.597133  11.375845
 11.430611  11.301726  11.642578  11.750179  11.498704  11.693871 ]
[1.1805568 1.3063538 0.9977385 1.2169186 1.2040658 1.2588608 1.5096238
 1.2064404 1.0755082 1.2563081 1.4472595 1.3449715 1.1086049 0.9597144
 1.3176037 1.0025175 1.3599318 0.9955716 1.4260658 1.0110365 1.0061982
 1.3450903 1.3331873 1.0266795]
[4.090541  3.9433422 4.009684  3.8422713 3.5219014 3.7135355 3.9111063
 3.603233  3.9301927 3.8084621 3.889883  3.8730824 4.1881685 3.6374578
 3.8506715 3.751263  3.7686572 3.8526604 3.5033495 3.7853093 4.328273
 4.037883  3.6941228 4.1454544]
[5.8789783 5.9635158 5.856122  5.849295  5.800555  5.8581405 6.001629
 5.796073  5.8236785 5.8478107 5.9326153 5.9530373 5.8788    5.7643123
 5.9322295 5.828368  5.9488816 5.737004  5.87601   5.7402687 5.9398284
 6.036447  5.8735757 5.9040008]
[3.180338  3.1695628 3.1828907 3.119992  2.8824382 2.990158  3.147063
 2.880093  3.0857675 3.011916  3.0354843 3.1019447 3.2311256 3.0240266
 3.121951  3.0706885 3.0765657 3.0136375 2.898378  3.0510383 3.373753
 3.201205  2.961514  3.303493 ]
[0.53055596 0.628065   0.50962937 0.60859287 0.6895981  0.6768937
 0.69440675 0.66837466 0.56623507 0.6422832  0.70230246 0.6746675
 0.51034176 0.5692034  0.671996   0.56644285 0.67879343 0.54373527
 0.7846137  0.56605697 0.4610381  0.66558444 0.67909026 0.43251264]
[4.9092307 4.840188  4.871088  4.8203297 4.5644317 4.7047734 4.812998
 4.556655  4.7657423 4.7088103 4.722168  4.783582  4.8938847 4.76595
 4.8213687 4.737989  4.77536   4.712847  4.576602  4.785482  5.1007166
 4.870672  4.6332965 4.9440193]
[0.7172034  0.8173839  0.70619094 0.80444205 0.92643964 0.8893951
 0.8723867  0.880787   0.77594626 0.84276295 0.88918734 0.8802527
 0.6774577  0.7913221  0.8688544  0.7961011  0.88865304 0.7351023
 1.0086915  0.7692379  0.6296085  0.8600979  0.8954208  0.5978179 ]
[4.80062   4.6818876 4.7573423 4.6962543 4.3913493 4.585685  4.6053944
 4.370215  4.654312  4.5311866 4.5317507 4.6153975 4.798275  4.6949778
 4.655529  4.611331  4.631486  4.586694  4.3669796 4.7262344 5.0503445
 4.6820955 4.491619  4.826118 ]
[0.5381845  0.6250076  0.5397874  0.6282134  0.73026395 0.69508946
 0.65359247 0.686422   0.60773206 0.6510991  0.68087125 0.6727381
 0.519781   0.624503   0.66908705 0.62479985 0.6972563  0.5696486
 0.78686965 0.6098989  0.48071802 0.65908384 0.6965736  0.44548416]
[1.5527533 1.5562559 1.5285022 1.5542375 1.4435492 1.5011938 1.5348841
 1.4073654 1.4933574 1.4779816 1.4985816 1.508941  1.5498444 1.5331625
 1.5434328 1.489558  1.5670903 1.4595187 1.4514449 1.5453919 1.6379735
 1.5378524 1.4649507 1.5692571]
[4.8108606 5.008224  4.918106  4.9576735 5.22497   5.011697  4.8829317
 5.113065  5.075872  4.977383  5.114638  5.0065618 5.1712437 5.0761685
 4.815699  5.006354  5.1623683 5.2446795 5.0690446 4.9800844 4.7790403
 4.9292374 5.084005  5.1493373]
[91.18943  90.64068  90.33772  91.035095 90.00887  90.42026  90.77089
 89.56311  89.86846  90.46819  90.37027  90.008446 90.637665 89.49433
 90.72504  89.717064 90.79589  89.88525  90.14355  90.87632  91.74289
 90.2537   89.67837  90.64576 ]
[241.14955 241.39061 241.23097 240.94348 240.97879 240.86935 241.73102
 241.13278 240.9493  241.17313 241.77312 241.20041 241.59665 241.04637
 241.0209  240.67838 240.94417 241.46599 241.05556 240.95656 240.90811
 241.14214 241.07852 241.68558]
[448.76443 449.05353 448.95477 449.0624  449.97708 449.52402 449.26514
 449.905   449.40677 449.30664 449.2807  449.40768 448.84518 449.3724
 449.1198  449.45987 449.44473 449.275   449.8195  449.15976 448.2632
 449.23096 449.74802 448.7066 ]
[652.61865 652.7016  652.6206  652.6103  652.92896 652.7498  653.07996
 653.00726 652.70166 652.7084  652.9303  652.8886  652.51465 652.43616
 652.68024 652.7577  652.8549  652.4682  652.94806 652.44836 652.3729
 653.02814 653.0217  652.68774]
[707.1647  707.601   707.5202  707.4535  708.262   707.71497 707.3075
 708.1902  707.8139  707.74097 707.409   707.4108  707.79834 707.72894
 707.4674  707.6413  707.61694 708.2019  707.89734 707.8727  706.9194
 707.24115 707.66986 707.57715]
[722.6105  722.78534 722.6418  722.9207  723.54834 723.20746 722.947
 723.4671  723.0725  723.1731  723.17596 723.1054  722.73486 722.9642
 722.8574  723.085   723.1048  723.14667 723.59924 722.9464  722.3287
 722.9384  723.3683  722.43286]
[686.0089  685.6381  685.98157 686.1238  685.53577 686.0271  685.412
 685.76385 686.1094  685.8941  685.7612  685.76764 686.01746 686.0847
 685.8048  685.98376 685.739   686.0442  685.61414 686.2596  686.5603
 685.7666  685.8127  685.8603 ]
[510.54895 510.38107 510.77817 510.73322 510.9601  510.8247  509.75082
 510.79587 511.1993  510.56485 509.9698  510.47604 510.71548 511.17847
 510.59467 511.27036 510.69785 510.85458 510.54675 511.2097  510.98386
 510.3912  510.55643 510.48282]
[324.70038 325.1549  324.65445 324.6326  325.13022 324.74738 325.4958
 325.1417  324.9053  324.9452  325.00537 325.32352 324.65784 324.43042
 325.03354 324.85602 324.93906 324.71143 325.31158 324.23843 324.05948
 325.1213  325.15717 324.82925]
[147.54866 147.61658 147.93564 147.92072 147.79614 148.16379 147.17369
 147.6869  147.86374 147.48657 147.08994 147.38257 147.93881 149.09494
 147.821   147.82805 147.39606 148.59119 147.7238  148.86444 148.05064
 147.26659 147.68867 147.39743]
[17.21478  17.100471 17.112938 17.201572 17.49579  17.130777 17.528057
 17.594427 17.432804 17.45082  17.741596 17.550764 17.078386 16.594107
 17.10335  17.473677 17.423601 16.79616  17.532331 16.798237 16.930714
 17.52678  17.613098 17.191807]
[4.5978847 4.6289034 4.5370045 4.5544286 4.329104  4.551074  4.555616
 4.3333488 4.4088326 4.522727  4.5380435 4.4275627 4.6902585 4.6156645
 4.596341  4.266473  4.5361733 4.641281  4.3748455 4.7010036 4.779278
 4.4586115 4.365555  4.558703 ]
[7.4262996 7.698642  7.328464  7.4263587 7.3667254 7.455864  7.8084993
 7.3757195 7.273372  7.4218764 7.605407  7.5564303 7.510273  7.337428
 7.6021423 7.2210407 7.6136293 7.3127613 7.5218196 7.2524753 7.317422
 7.6176963 7.4909196 7.5274296]
[1.7204629 1.8761212 1.5741252 1.8083843 1.7538267 1.8228103 2.035668
 1.8026258 1.6756711 1.7908416 1.9827429 1.8636246 1.7896246 1.586978
 1.8597361 1.5590758 1.9010253 1.6684284 1.9382182 1.6262784 1.551655
 1.8743105 1.8903987 1.6908985]
[4.4297295 4.4776382 4.2958293 4.403193  4.2499685 4.374282  4.558228
 4.2989163 4.330885  4.4005213 4.5536566 4.4168177 4.533205  4.2335835
 4.4246836 4.1706553 4.4507155 4.3771014 4.368701  4.3384542 4.462144
 4.460244  4.386422  4.4169364]
[2.179156  2.2629514 2.0746715 2.1535099 2.0415154 2.1438925 2.3547614
 2.0775805 2.0696254 2.1545486 2.3010054 2.2144494 2.2268567 2.0149193
 2.2226121 1.9776077 2.2357616 2.077996  2.1639285 2.057663  2.1934338
 2.2613487 2.152174  2.1830742]
[2.524905  2.5731995 2.4298894 2.4963796 2.3360016 2.4411097 2.6531065
 2.368742  2.409022  2.4581773 2.5841823 2.5311089 2.555538  2.3400385
 2.540548  2.3318162 2.537936  2.387591  2.4439592 2.3820996 2.5642054
 2.587863  2.4392989 2.549631 ]
[2.7000651 2.7464597 2.6387694 2.697542  2.6054354 2.6712725 2.804045
 2.6089973 2.6312892 2.6753094 2.7577393 2.7295702 2.7057939 2.5973318
 2.7424822 2.5859334 2.736991  2.6088192 2.6913679 2.62562   2.731262
 2.7623105 2.655481  2.68555  ]
[3.3182752 3.3172066 3.2701292 3.2641926 3.0962455 3.1959214 3.3335028
 3.0986795 3.208329  3.2073197 3.2628272 3.2711384 3.320086  3.183425
 3.2977643 3.1683161 3.2715244 3.1756775 3.1437385 3.2082696 3.429023
 3.3344526 3.1528513 3.3414874]
[2.335497  2.3880363 2.3039737 2.3499527 2.3019848 2.3408697 2.4281678
 2.2930503 2.302816  2.3351705 2.3906484 2.3853054 2.3297977 2.2836108
 2.397891  2.2849169 2.3910341 2.2653856 2.3688016 2.291863  2.3590357
 2.4156117 2.3247519 2.3121364]
[3.8792267 3.8612092 3.854857  3.8390656 3.6652114 3.7553294 3.8574097
 3.6638165 3.7944815 3.766045  3.7889307 3.8239567 3.8774755 3.7688947
 3.8547084 3.7726347 3.821879  3.7384694 3.691778  3.7880995 4.010248
 3.8994112 3.710033  3.9075444]
[2.0914721 2.145525  2.0941138 2.135878  2.1362047 2.1395588 2.158823
 2.1071448 2.109015  2.1237674 2.1426458 2.156211  2.0850606 2.1087477
 2.1697762 2.1173854 2.1697464 2.0631843 2.17598   2.1062841 2.1105585
 2.176722  2.1240642 2.0594144]
[2.0207076 1.9939928 1.9863939 1.973363  1.7942255 1.8860947 1.9653486
 1.7658781 1.9090397 1.8774866 1.8979086 1.9280666 2.006549  1.9302038
 1.9681388 1.9002832 1.9730959 1.8585488 1.7950566 1.947509  2.1549048
 1.9857112 1.8364942 2.0600674]
[3.8507013 4.07279   3.969968  3.9219704 4.088196  3.8808296 3.8872116
 3.9355357 4.0125337 3.8908625 4.016986  3.9505553 4.2876368 4.003985
 3.8053455 3.9343483 4.142338  4.198083  3.872162  3.9279962 3.9302816
 3.9410567 3.9070992 4.3538895]
[73.70222  73.2481   73.21212  73.28503  72.27876  72.54852  73.48343
 72.29328  72.75352  73.149666 72.99621  72.970024 73.271965 72.49795
 73.326996 72.58314  73.067444 72.51024  72.3604   72.926865 74.138054
 73.38372  72.36588  73.49236 ]
[231.15454 231.3056  231.17389 230.95496 231.02278 231.02164 231.52971
 231.22047 231.07227 231.26991 231.6147  231.33739 231.25954 230.89348
 231.17212 230.86327 231.03209 231.18446 231.16125 230.79724 230.9996
 231.36383 231.12582 231.27505]
[436.75708 436.80927 436.8113  436.89896 437.35257 437.264   437.22864
 437.29404 437.004   436.93512 436.96744 437.23532 436.39545 437.12213
 436.9479  437.1967  437.19012 436.67578 437.3147  436.7948  436.399
 437.09418 437.509   436.51428]
[631.50867 631.6275  631.5131  631.4601  631.8086  631.57007 631.9616
 631.8106  631.54266 631.5683  631.65106 631.7914  631.31555 631.4487
 631.6234  631.6614  631.74713 631.3296  631.78955 631.33405 631.25653
 631.84546 631.78973 631.59607]
[712.00574 712.3667  712.0537  712.32825 712.6836  712.5592  712.20667
 712.6355  712.34674 712.4971  712.44073 712.26697 712.33093 712.36456
 712.31757 712.14124 712.5242  712.6163  712.69476 712.4397  711.8043
 712.0718  712.49274 712.02985]
[737.7662  738.04755 737.7199  738.24194 738.8633  738.528   738.18524
 738.8314  738.306   738.5237  738.5705  738.28644 738.0065  738.05365
 738.0902  738.2079  738.459   738.4232  738.98254 738.18304 737.39526
 738.1241  738.72327 737.56757]
[590.39795 590.5687  590.39026 590.75275 591.30273 590.98346 590.5675
 591.19653 590.82715 590.94806 590.8058  590.9086  590.36694 590.83417
 590.73083 590.9778  591.00806 590.7382  591.32495 590.69135 590.1468
 590.66797 591.07404 590.2206 ]
[489.88348 489.56262 490.24506 490.18353 490.20844 490.32657 489.0252
 490.35962 490.63196 490.0276  489.39297 489.6533  490.16147 490.88678
 489.8298  490.57535 489.63358 490.75293 489.90424 491.00494 490.4025
 489.46683 490.08618 489.74057]
[355.75772 355.36578 356.07147 356.10355 356.32205 356.4197  354.86954
 356.69196 356.5678  355.9717  355.31558 355.4553  355.89703 356.84412
 355.81192 356.52737 355.37354 356.7067  356.09927 357.04794 355.91006
 355.26288 356.13666 355.33417]
[165.45525 165.0235  165.75581 165.51831 165.49974 165.74625 164.66885
 165.6187  165.82527 165.30302 164.77058 164.99109 165.52722 166.31955
 165.33879 165.79143 164.83641 166.07086 165.26282 166.50316 165.81638
 164.85933 165.37825 165.07088]
[11.995421 11.990464 11.883515 12.039174 12.261679 11.984587 12.315405
 12.273136 12.111244 12.203351 12.385873 12.281863 11.889601 11.612865
 11.984765 12.147843 12.251527 11.700579 12.310567 11.70043  11.717439
 12.260521 12.339923 11.965708]
[4.4183908 4.4660025 4.359915  4.3840475 4.169082  4.3896575 4.3903995
 4.162552  4.2278547 4.3432035 4.35947   4.2610703 4.5049763 4.4648743
 4.434004  4.0968337 4.3738956 4.4666853 4.214735  4.5234394 4.583726
 4.290308  4.201081  4.3805447]
[5.7142663 5.9849763 5.608298  5.726526  5.6805463 5.7617593 6.1074786
 5.6893325 5.568344  5.726941  5.9167647 5.856478  5.791591  5.6282744
 5.8965507 5.514202  5.916023  5.609307  5.8442783 5.550208  5.5877275
 5.9078894 5.801505  5.798685 ]
[1.3850734 1.5306394 1.2337489 1.4633478 1.3943939 1.4721637 1.6871881
 1.4453005 1.3282896 1.4430445 1.637083  1.512978  1.4538492 1.2418821
 1.5119984 1.2059952 1.5521894 1.3275476 1.5775387 1.2870004 1.2294449
 1.5260979 1.5320642 1.3556871]
[4.181846  4.2347116 4.0473223 4.1600885 4.0129786 4.1358075 4.3182697
 4.059166  4.081606  4.1578026 4.311858  4.175672  4.2784348 3.9944565
 4.1849923 3.926334  4.2128353 4.129188  4.1354513 4.0949636 4.2089763
 4.2144976 4.1452465 4.1647186]
[1.9086835 1.9904605 1.8025961 1.8835716 1.7668576 1.8712234 2.0829234
 1.8039021 1.7971344 1.8817313 2.0294938 1.941335  1.9567999 1.7433486
 1.9505664 1.7033358 1.962974  1.8077906 1.8900129 1.7872499 1.9233173
 1.9877594 1.8775756 1.9134032]
[2.2898445 2.344966  2.1948287 2.2708473 2.126884  2.22469   2.4290583
 2.1575766 2.1825993 2.2384036 2.3657146 2.3085446 2.3186073 2.1178901
 2.3168263 2.1068182 2.317598  2.1639285 2.2384334 2.1580217 2.3156984
 2.3583531 2.2250166 2.305636 ]
[2.6919913 2.7357738 2.6293302 2.6885183 2.5905938 2.6595476 2.7927654
 2.5961444 2.6217906 2.663911  2.7471128 2.7177858 2.6996198 2.587002
 2.7311137 2.573526  2.725088  2.6004782 2.6763482 2.6166258 2.72583
 2.7518325 2.64248   2.6786933]
[3.1443026 3.1514266 3.0979078 3.1017666 2.9511843 3.0425785 3.1719375
 2.9529355 3.046734  3.0511866 3.1076736 3.1117995 3.1471224 3.0231657
 3.136585  3.0079384 3.1131947 3.015834  3.002625  3.046467  3.2414258
 3.1694145 3.003189  3.1601534]
[2.3668127 2.4164429 2.3358235 2.3814168 2.328373  2.369217  2.4546747
 2.3208039 2.3343692 2.363785  2.4180458 2.4127326 2.3635774 2.314897
 2.426268  2.314897  2.4185207 2.297948  2.3934681 2.3243957 2.3939133
 2.4444044 2.3519711 2.3454704]
[3.5820394 3.5767856 3.5601926 3.5576696 3.410382  3.4874394 3.5784478
 3.4068496 3.513976  3.4946523 3.5191112 3.5474586 3.5816238 3.491595
 3.5756576 3.4945633 3.5480225 3.461882  3.4418163 3.508544  3.6927574
 3.6135333 3.4477828 3.6005616]
[2.202309  2.2498612 2.2041492 2.243064  2.2286973 2.2380176 2.2596567
 2.20127   2.2143898 2.224215  2.2410455 2.2554712 2.1993108 2.214657
 2.2716486 2.219911  2.2703724 2.1700435 2.2651184 2.214746  2.2310421
 2.279099  2.2198515 2.1771376]
[1.9192507 1.9032515 1.8888849 1.8870445 1.7316535 1.8113526 1.878763
 1.7022375 1.8254818 1.8001918 1.8205544 1.8452507 1.9079415 1.8480113
 1.8828295 1.8184469 1.8911111 1.7785825 1.7362247 1.8636246 2.0366771
 1.8955636 1.7665014 1.950329 ]
[3.9070399 4.1341157 4.0330744 3.969315  4.10369   3.9143715 3.9395726
 3.9504068 4.0452147 3.9193287 4.039397  3.9848986 4.3471217 4.0485096
 3.8632572 3.9785464 4.180065  4.2241445 3.888369  3.9805648 4.0143147
 3.9882529 3.9297178 4.4310656]
[73.14896  72.72722  72.68629  72.65847  71.65008  71.92384  72.986824
 71.66815  72.14691  72.538284 72.44633  72.40759  72.72841  71.97214
 72.74799  71.95163  72.45862  71.98229  71.72533  72.33463  73.565704
 72.77774  71.72663  73.03408 ]
[173.84666 173.80708 173.75064 173.34195 172.88635 173.00262 173.97783
 173.00546 173.2893  173.5145  173.74376 173.58972 173.8487  173.09277
 173.58046 173.0237  173.3497  173.3769  172.93843 173.09242 174.0485
 173.79318 172.95003 174.15546]
[366.28586 366.42484 366.2628  366.53052 367.11017 366.89005 366.6757
 367.34604 366.83255 366.6402  366.67953 366.85223 366.10785 366.62985
 366.58176 366.82822 366.71976 366.44955 367.1071  366.3711  365.57898
 366.64044 367.1469  366.08508]
[410.6802  411.04367 411.0965  410.80698 411.54617 411.08975 411.17386
 411.24042 411.11417 410.97668 410.58743 411.15628 410.58862 411.2164
 411.0941  411.44226 411.08777 410.8563  411.3074  410.9436  410.42856
 410.9491  411.2999  410.81418]
[219.29997 217.43195 218.00757 218.40422 216.69846 218.68968 218.92352
 218.25899 218.13455 217.69893 218.5486  218.25749 216.92618 217.39633
 218.2741  217.62238 217.3982  216.49046 217.49762 217.67502 218.25319
 218.55115 218.81676 216.99507]
[88.9895   88.16996  88.61834  88.30658  89.11347  88.97911  88.80417
 90.10073  88.959045 89.05544  88.75347  89.11872  87.77151  89.07146
 88.87918  88.60253  88.09896  88.896355 89.30488  88.52027  87.51775
 89.06022  88.70651  87.742836]
[92.21491  92.243675 92.38145  92.567604 93.34941  92.76164  91.9499
 93.016815 92.79262  92.81571  92.191284 92.65728  92.310295 93.26679
 92.15885  92.780136 92.96622  93.1695   92.93023  92.74106  92.08341
 92.4526   92.811615 92.34798 ]
[163.37007 163.59137 163.5919  164.1117  165.53098 164.60565 163.75594
 165.47307 164.44974 164.55263 164.13983 164.1811  163.2877  164.6237
 163.91476 164.74425 164.25905 164.5519  165.40622 164.34514 162.40808
 163.81297 164.99506 162.95444]
[107.43736  107.85166  107.916    108.03083  109.46622  108.67966
 107.79756  109.24221  108.65072  108.492165 108.179375 108.26288
 107.690704 108.93378  108.01948  108.85272  108.1647   108.8833
 109.31137  108.6816   106.83037  107.682945 108.9683   107.18072 ]
[46.59958  46.483696 46.856606 46.341217 46.123817 46.303104 46.171577
 46.11399  46.527657 46.133938 45.93328  46.163265 46.743748 46.98184
 46.36125  46.57405  46.144894 46.69035  45.81464  46.92722  47.084393
 46.11129  46.06282  46.953224]
[-1.8757353 -1.745278  -1.9412162 -1.7534112 -1.5388023 -1.5862062
 -1.6387156 -1.5459262 -1.7947004 -1.6494906 -1.5545046 -1.6686362
 -1.8826514 -1.7518973 -1.6829731 -1.8452804 -1.6416543 -1.7271713
 -1.4289451 -1.7589916 -2.1012082 -1.753619  -1.5665857 -2.0701003]
[2.6444983 2.6285288 2.563671  2.6461308 2.4946282 2.6126482 2.6629314
 2.5307822 2.5838556 2.5703795 2.6550357 2.6168633 2.6722817 2.5701125
 2.6303394 2.4990807 2.6128263 2.5913656 2.5687172 2.6036544 2.6622488
 2.636276  2.5853696 2.6070678]
[-1.0154593e-01  1.4841557e-02 -1.4443803e-01  3.9537907e-02
  2.7231288e-01  2.0249820e-01  1.1944485e-01  2.5171280e-01
  3.0603290e-02  1.2941837e-01  2.0938468e-01  1.3517690e-01
 -1.2024629e-01  2.6328921e-02  9.4273567e-02  8.9049339e-05
  1.2647974e-01  4.5622945e-02  3.8715684e-01  1.9917369e-02
 -3.2945287e-01  6.3106298e-02  2.4215484e-01 -3.1734216e-01]
[5.4287148 5.3831215 5.387841  5.4260435 5.264478  5.3795896 5.3958855
 5.308053  5.3975477 5.3403187 5.3824983 5.3792925 5.4567657 5.374662
 5.3978148 5.3330464 5.351509  5.379886  5.31019   5.4092426 5.4923553
 5.427646  5.350619  5.397162 ]
[ 0.04437625  0.1789298   0.05375612  0.22223747  0.49259126  0.38873005
  0.2582134   0.47175372  0.24218452  0.31009948  0.35598958  0.30526114
  0.05877256  0.24518251  0.26275492  0.23969114  0.29412997  0.25002086
  0.5811657   0.22018933 -0.17548656  0.24262977  0.4422487  -0.13651264]
[4.9373703 4.914603  4.9185214 4.9883065 4.8780932 4.95426   4.9291186
 4.907687  4.949481  4.9024334 4.9204807 4.922677  4.96177   4.9617105
 4.947789  4.9149895 4.9143066 4.932443  4.919887  4.984448  4.9655395
 4.954171  4.9366283 4.8985744]
[-0.2662872  -0.12270999 -0.23716807 -0.04556358  0.2768247   0.13971841
 -0.05307341  0.24420297 -0.01647413  0.04870999  0.07388127  0.01712716
 -0.24233294  0.00848937 -0.02175772 -0.01032972  0.0181067   0.00317609
  0.35411954 -0.01493061 -0.5151801  -0.07005215  0.19682872 -0.46682632]
[4.9934716 4.9731383 4.982993  5.0709147 4.98798   5.045862  4.983023
 5.004662  5.024253  4.9818654 4.980203  4.986199  5.005671  5.0697865
 5.0196223 5.0088177 4.996915  5.006977  5.0222936 5.086231  5.0044837
 5.0058494 5.0303974 4.937578 ]
[1.0508416  1.1918067  1.1002936  1.3013077  1.63269    1.4775363
 1.2509651  1.6052331  1.3384116  1.3870919  1.3881308  1.3296847
 1.0973847  1.371716   1.3010702  1.3485335  1.3351761  1.3665215
 1.6946683  1.354292   0.79405296 1.2379639  1.5425127  0.86012757]
[5.671582  5.6701574 5.680606  5.7920065 5.780994  5.7952123 5.6861267
 5.794856  5.7586427 5.7233496 5.7040854 5.703907  5.6898375 5.814922
 5.735579  5.7582865 5.715276  5.750242  5.812547  5.825786  5.6295214
 5.7081223 5.7996054 5.5916457]
[0.691854   0.839201   0.7472427  0.9532435  1.3177818  1.1456494
 0.89144325 1.2786298  0.9968777  1.0447268  1.040868   0.98179865
 0.7388127  1.0439551  0.94858325 1.0152812  0.998718   1.0278075
 1.3704396  1.0202086  0.41983795 0.8802824  1.2164437  0.49365985]
[5.176824  5.172342  5.1756663 5.2834754 5.242691  5.2740064 5.179703
 5.2468762 5.2314706 5.197424  5.1850166 5.182998  5.188668  5.311556
 5.2232485 5.233489  5.2184696 5.2237825 5.268901  5.322924  5.159044
 5.1831465 5.268515  5.1157064]
[5.2353296 5.255039  5.2422457 5.366796  5.3751965 5.379055  5.2605896
 5.3655195 5.3110213 5.288522  5.2759953 5.2587495 5.2531095 5.4288635
 5.300781  5.3286533 5.318561  5.323043  5.394906  5.4317427 5.182286
 5.231975  5.3875446 5.177299 ]
[23.033413 23.498695 23.432146 23.395607 23.703865 23.524075 23.298365
 23.636633 23.378122 23.201302 23.180523 23.26233  23.448057 23.904137
 23.401514 23.635801 23.443575 23.539303 23.605139 23.680239 22.95787
 23.23701  23.586914 23.538353]
[52.734188 53.39318  53.352932 53.39452  54.517075 53.83662  53.347916
 54.5643   53.72293  53.667007 53.59841  53.43557  53.340702 54.211723
 53.3662   53.9216   53.43094  54.129116 54.37768  53.884525 52.037525
 53.110245 54.203056 53.10968 ]
[78.681625 78.64122  78.444305 78.96414  78.24834  78.58079  78.92467
 78.48188  78.396126 78.554016 78.57482  78.58556  78.41801  78.85102
 78.718544 78.501564 78.8027   78.24077  78.60397  78.71647  78.64401
 78.54158  78.76073  78.75577 ]
[96.3968   96.66527  96.679016 96.69991  96.95015  96.63892  96.50401
 96.8161   96.88023  96.66709  96.438416 96.68094  96.78374  96.99852
 96.52822  96.96847  96.781006 96.90796  96.783485 96.8      96.51663
 96.588554 96.79724  96.834465]
[85.70536  86.19604  86.130196 86.020386 86.64188  86.33034  86.10761
 86.66929  86.228935 86.082466 86.05119  86.068306 86.09537  86.703926
 86.150505 86.33613  86.014244 86.519745 86.56234  86.49101  85.3029
 85.71272  86.396576 86.06635 ]
[171.93878 172.32281 172.07213 172.49945 173.47913 172.97595 172.66197
 173.70094 172.547   172.82593 172.97527 172.48802 172.04253 172.72537
 172.4807  172.60927 172.50752 172.86006 173.6007  172.73346 170.89429
 172.08493 173.25166 171.77461]
[92.154    92.43439  92.248764 92.743935 93.44066  93.11968  92.599976
 93.55043  93.04632  93.06977  93.075096 92.83366  92.330185 92.91632
 92.6648   92.92241  92.75005  93.01636  93.56892  92.81797  91.47911
 92.332085 93.463234 91.74755 ]
[163.00743 163.13155 163.17726 163.48216 164.27557 163.75975 163.08617
 164.13261 163.65137 163.6062  163.21446 163.3547  163.02559 164.16187
 163.3166  163.84277 163.49979 163.86316 164.10101 163.93526 162.58476
 162.95291 163.86053 162.80164]
[101.3734   101.492294 101.44003  102.0924   103.156296 102.67226
 101.854    103.24349  102.161896 102.50502  102.393456 102.01172
 101.17743  102.54643  101.94723  102.3187   102.02769  102.41495
 103.294266 102.41754  100.418465 101.53928  102.9794   100.56858 ]
[91.12122  90.777374 90.88956  91.14807  91.02726  91.08811  90.779625
 91.0586   91.06304  91.01478  90.8728   90.86721  90.90759  91.20444
 90.96305  90.99311  90.96195  91.07201  91.026115 91.28785  91.054955
 90.83168  90.97334  90.72936 ]
[44.201836 44.172153 44.00403  44.380825 44.599827 44.479492 44.36554
 44.490654 44.28492  44.41962  44.379044 44.360672 44.047928 44.371536
 44.334133 44.23695  44.414963 44.297447 44.74302  44.43645  43.92869
 44.225376 44.52654  43.760834]
[13.602851 13.384591 13.448261 13.348318 13.006398 13.204741 13.341847
 13.101592 13.396078 13.387114 13.448676 13.281086 13.713212 13.118393
 13.321128 13.075412 13.228577 13.534787 13.010821 13.42582  13.873738
 13.325907 13.038782 13.565895]
[6.7675123 6.8738074 6.781404  6.6642747 6.6786413 6.7334065 6.8110576
 6.6694098 6.7321596 6.700132  6.7737756 6.795593  6.8555226 6.702922
 6.7755566 6.6937203 6.794999  6.7421927 6.653173  6.63658   6.8295503
 6.854662  6.7219486 6.8574524]
[-1.551477  -1.4028536 -1.5622816 -1.3953141 -1.2654802 -1.3113999
 -1.3027622 -1.2144252 -1.4208713 -1.3676791 -1.2373703 -1.343339
 -1.4687204 -1.5172523 -1.3874778 -1.4472002 -1.37041   -1.4236615
 -1.1499832 -1.5182022 -1.7936615 -1.3606145 -1.2096165 -1.5814569]
[2.2902007 2.4022543 2.2614675 2.433006  2.579522  2.521551  2.4794009
 2.5728433 2.4232106 2.4804397 2.555241  2.4673197 2.35488   2.3849194
 2.4353807 2.3772316 2.462719  2.4598694 2.6790495 2.41015   2.1074417
 2.4075675 2.590742  2.1793342]
[1.7419238 1.8226322 1.7408552 1.8561147 1.9795371 1.9464998 1.8751119
 1.9920634 1.8612499 1.8896863 1.9368231 1.8777834 1.792207  1.8674537
 1.8665929 1.8305279 1.8622295 1.8970181 2.0454335 1.8692347 1.602146
 1.8446867 1.9829804 1.6389531]
[2.2418766 2.3661895 2.2480507 2.4218452 2.6339014 2.5464253 2.4420002
 2.6253526 2.420361  2.4745922 2.5204823 2.456812  2.2833438 2.436776
 2.432353  2.4103281 2.4564855 2.447165  2.7158267 2.4246354 2.0266442
 2.3916872 2.6070383 2.1076493]
[2.8375869 2.9459896 2.8504398 3.0241454 3.2188072 3.1340618 3.0106692
 3.2082696 3.0241156 3.0657907 3.0930398 3.035603  2.8842487 3.047862
 3.0206723 3.010966  3.0374136 3.053858  3.292451  3.0464373 2.649396
 2.9700034 3.1816142 2.7018461]
[2.5678566 2.6631987 2.5891097 2.744946  2.927883  2.8489556 2.7108698
 2.915327  2.7489235 2.7774193 2.790836  2.7428088 2.6139247 2.7869773
 2.7362487 2.7406716 2.7494874 2.7805953 2.9849043 2.7838604 2.4014826
 2.6834722 2.8862376 2.4395363]
[2.7137194 2.8149388 2.7450943 2.9067485 3.1028056 3.0131328 2.863233
 3.0919712 2.9112308 2.9403796 2.9458413 2.9006042 2.759847  2.9505608
 2.8963    2.9114683 2.9072828 2.93848   3.1584318 2.9440305 2.538203
 2.8434641 3.0538878 2.5843306]
[2.4741173 2.5904453 2.5157032 2.6986105 2.949344  2.829988  2.6429548
 2.9339087 2.713185  2.7488048 2.7480032 2.6949003 2.5242224 2.755899
 2.6846595 2.7197747 2.704369  2.7446194 3.005059  2.746549  2.2597754
 2.622058  2.8838332 2.3228521]
[2.0608687 2.1864285 2.1065216 2.3020144 2.577444  2.4452355 2.241342
 2.5591593 2.3194978 2.3596888 2.357611  2.298126  2.1153374 2.3670797
 2.2865791 2.3270078 2.3106227 2.3563938 2.6349404 2.358264  1.8299046
 2.2148647 2.50288   1.8997786]
[3.4423804 3.5165882 3.469481  3.6354394 3.788337  3.716415  3.5524156
 3.7791352 3.6204197 3.6338959 3.6256142 3.5833158 3.4814136 3.6874144
 3.5961983 3.6289387 3.6106539 3.6451755 3.8311105 3.6870582 3.2851787
 3.533181  3.7535188 3.3222826]
[1.3616238 1.4947822 1.4077216 1.6162455 1.918004  1.7709539 1.5417409
 1.8866884 1.6308199 1.6739495 1.6723466 1.6020273 1.4175467 1.6981709
 1.5897979 1.6451865 1.6384782 1.6739198 1.9655861 1.686921  1.112998
 1.5045776 1.8355147 1.1987822]
[2.386641  2.5101228 2.4357963 2.6394522 2.922926  2.7805953 2.5484734
 2.8895028 2.6475854 2.6818693 2.6701148 2.6045744 2.4436624 2.7323306
 2.6006563 2.6688385 2.6504943 2.6927927 2.9605343 2.721229  2.1510165
 2.5093808 2.8444438 2.2369788]
[7.140926  7.322735  7.241344  7.33443   7.4045715 7.349895  7.27732
 7.3930244 7.2611427 7.2073865 7.271294  7.196255  7.3313727 7.521018
 7.2453213 7.330156  7.3429494 7.378064  7.368625  7.455359  7.0521736
 7.1051874 7.408638  7.385604 ]
[53.385048 54.1566   54.05936  53.87847  55.095093 54.340282 53.925102
 54.91008  54.240635 54.11849  54.085213 54.02303  54.058323 54.757153
 53.986637 54.459667 54.095932 54.72996  54.852108 54.40416  52.83719
 53.8316   54.52224  53.91498 ]
[ 98.7819    99.44346   99.20916   99.377815 100.31918   99.69995
  99.4498   100.26098   99.52139   99.63872   99.62847   99.42292
  99.24311   99.89184   99.40535   99.65145   99.53477   99.90744
 100.27679   99.67849   98.179405  99.09433   99.93462   99.099525]
[232.47882 232.6918  232.37717 232.75761 233.51135 232.97441 232.8726
 233.37917 232.93823 233.03787 232.86563 233.00311 232.40913 233.03036
 232.81575 232.97375 233.01556 232.92404 233.48244 232.77678 231.7835
 232.56941 233.18982 232.20064]
[182.45111 181.92249 182.20778 182.6823  183.02701 183.38342 182.43309
 183.52011 182.76512 182.85316 182.77878 182.65897 181.49294 183.03833
 182.57976 182.85773 182.36018 182.53421 183.33893 182.80798 181.55005
 182.2262  183.62422 181.0484 ]
[351.40945 351.6762  351.42368 351.93875 353.02338 352.31613 351.54852
 352.66943 352.27975 352.3475  351.8863  352.10287 351.61133 352.61572
 351.8531  352.26535 352.1566  352.6042  352.92606 352.36322 350.8314
 351.44644 352.44974 350.9492 ]
[312.81265 313.39877 313.28763 313.58298 315.30148 314.39917 313.66626
 315.14456 313.9695  314.1459  313.97684 313.80597 312.95456 314.4257
 313.72556 314.36536 313.59366 314.35422 315.40643 314.2515  311.67978
 313.20905 314.81274 312.29022]
[363.06268 362.88437 363.28036 363.52524 364.3171  363.8934  362.8997
 364.4961  363.79025 363.76224 363.41803 363.14874 363.12585 364.019
 363.30106 363.94812 363.08917 364.09842 364.31082 364.22296 362.59787
 363.10217 363.96332 362.47482]
[209.07841 209.06529 209.36093 209.52695 210.17682 209.93988 208.89894
 210.09833 209.8093  209.61081 209.24779 209.25511 209.20332 210.31915
 209.31754 209.9187  209.33728 210.08884 210.01845 210.2841  208.99832
 208.95349 209.93832 208.69221]
[35.326706 35.127354 35.218243 35.28123  35.258728 35.274403 35.116875
 35.27455  35.452976 35.341278 35.168434 35.242195 35.385742 35.322163
 35.18853  35.23326  35.15264  35.513737 35.245373 35.448822 35.3872
 35.200848 35.280964 35.073597]
[13.627339  13.726213  13.534163  13.591096  13.441701  13.637639
 13.680235  13.380317  13.365059  13.541822  13.54479   13.5155525
 13.603978  13.733871  13.702051  13.293493  13.633276  13.622857
 13.4938545 13.658536  13.641854  13.529207  13.462093  13.538408 ]
[-1.9953582 -1.9143827 -2.0598598 -2.0468287 -2.1679654 -2.011951
 -1.9044389 -2.1158419 -2.133266  -2.0702486 -1.9451938 -2.032759
 -1.9251577 -2.0679038 -1.9635379 -2.2271538 -2.0267925 -2.0101998
 -2.093075  -2.0772836 -2.0108528 -1.9874032 -2.0732765 -1.9801308]
[-2.7314105 -2.5493937 -2.8359246 -2.6809194 -2.6258574 -2.6022592
 -2.406796  -2.6000032 -2.7688112 -2.6423612 -2.432739  -2.5512042
 -2.685075  -2.836162  -2.590089  -2.8337579 -2.5433085 -2.7544446
 -2.459899  -2.8435829 -2.9354818 -2.5586843 -2.5239255 -2.7526636]
[2.835806  2.9072235 2.7202792 2.8805978 2.8464324 2.902949  3.02278
 2.8847535 2.8077257 2.8800042 3.035425  2.926102  2.8693776 2.7140756
 2.905027  2.7087326 2.9264286 2.8080819 2.987071  2.7694345 2.7174296
 2.9234009 2.942873  2.7643883]
[2.8483026 2.9137242 2.787749  2.8891168 2.8848128 2.924024  2.9770086
 2.8927085 2.8527253 2.90099   2.9927406 2.9250631 2.8905416 2.823725
 2.9177017 2.7817826 2.9321277 2.8737707 2.97686   2.8573263 2.8080225
 2.9189186 2.9322464 2.784098 ]
[2.0595036 2.13196   2.021212  2.104206  2.0934312 2.1260827 2.1870518
 2.100852  2.0652027 2.10385   2.1816792 2.138609  2.097943  2.0495892
 2.1380153 2.0182142 2.1402118 2.07295   2.1742582 2.061225  2.0286922
 2.1463265 2.130832  2.0233493]
[1.3500473 1.4551256 1.3221155 1.4625463 1.5597882 1.5344388 1.5308472
 1.5542078 1.4296575 1.493862  1.5656655 1.5077834 1.377712  1.4246113
 1.4955243 1.3972732 1.5152042 1.4398388 1.653765  1.4290935 1.2325913
 1.4751914 1.5583041 1.2574064]
[3.0114706 3.0688183 2.9904847 3.0871031 3.0938413 3.1069314 3.1121855
 3.0924165 3.0543628 3.0790591 3.1244445 3.0952957 3.0414505 3.0529675
 3.100698  3.0195444 3.0984719 3.0560844 3.1623201 3.0655532 2.9794128
 3.0937521 3.1039336 2.952045 ]
[1.7929788 1.886154  1.7942848 1.9151545 2.0268223 1.9871954 1.9345375
 2.010734  1.901708  1.943205  1.9790325 1.9440955 1.8206137 1.912572
 1.9387822 1.8859166 1.9503883 1.9070807 2.0950935 1.910613  1.697696
 1.9141452 2.0006714 1.6968648]
[2.9414482 2.999271  2.9463162 3.0382152 3.0729444 3.064069  3.0270839
 3.0617836 3.016131  3.0281525 3.046734  3.0340002 2.967955  3.0308537
 3.0430238 3.0040796 3.0401444 3.009007  3.1237915 3.0329611 2.9048193
 3.030557  3.0628521 2.878787 ]
[0.70497394 0.82691216 0.7283642  0.882004   1.1040337  1.0075042
 0.8788279  1.0725993  0.89058244 0.9434184  0.96526515 0.92593503
 0.72658324 0.90794706 0.9061364  0.89601445 0.9362351  0.8910277
 1.1712363  0.8928977  0.5410638  0.8706057  1.0420257  0.5606843 ]
[3.826272  3.8013086 3.805108  3.8625448 3.740577  3.815883  3.7965593
 3.7433968 3.8102431 3.7709725 3.7780073 3.7905335 3.8320305 3.845091
 3.8255596 3.7910085 3.8137457 3.7811835 3.765481  3.8625448 3.8872116
 3.8257082 3.7848048 3.7981622]
[1.4657818 1.5555435 1.489558  1.6280891 1.768045  1.7009017 1.5795869
 1.7380056 1.6167798 1.642337  1.6487188 1.6143161 1.4984332 1.6551304
 1.6175516 1.6218556 1.6495796 1.6186795 1.8101653 1.6523105 1.3594569
 1.5739471 1.7211753 1.3684212]
[5.908958  5.870459  5.891267  5.924601  5.7315717 5.8534803 5.829793
 5.72145   5.837897  5.763006  5.7684975 5.7930455 5.914954  5.973994
 5.857903  5.846297  5.8723884 5.819315  5.7253084 5.9856887 6.033004
 5.803197  5.806314  5.954551 ]
[41.541515 42.13954  42.119003 41.926598 43.23458  42.35804  41.745026
 42.814537 42.569977 42.286472 42.18552  42.231945 42.311733 42.792362
 41.86251  42.56781  42.36297  43.020714 42.774582 42.352787 41.236317
 42.097008 42.54225  41.953312]
[82.89354  83.39619  83.29117  83.2129   83.68901  83.41477  83.223045
 83.55246  83.228004 83.16357  83.091896 83.169304 83.26704  83.6786
 83.29663  83.446144 83.36761  83.438934 83.586105 83.54036  82.811935
 83.10255  83.41912  83.335945]
[230.00468 230.25389 230.16803 229.87498 230.22072 230.07751 230.41699
 230.37901 230.13109 230.12521 230.40813 230.2969  230.13617 230.08412
 230.14914 230.14552 230.00089 230.18045 230.28648 229.87637 229.7529
 230.27284 230.26723 230.22589]
[194.04352 193.331   193.50774 193.6747  192.89279 193.75261 194.00381
 193.57263 193.29456 193.34546 193.6336  193.69778 192.7392  193.23724
 193.75536 193.47884 193.41092 192.52628 193.31586 193.00285 193.63585
 193.95595 193.8309  193.20857]
[370.1688  370.21402 369.82385 370.10406 370.0507  369.8561  369.41644
 369.2553  370.53845 369.88132 369.15604 370.4263  370.41644 370.66803
 370.00574 370.06766 370.7882  370.2243  369.47668 370.11996 370.70667
 369.78357 369.5591  370.27206]
[411.66644 412.19223 412.01883 412.19437 413.60098 412.8287  412.5855
 413.69104 412.51724 412.70053 412.55722 412.49954 411.57388 412.9185
 412.55164 412.9486  412.1342  412.759   413.7977  412.67297 410.47458
 411.96133 413.19238 411.26352]
[229.85916 230.4105  230.5958  230.81575 232.94725 231.97923 230.60475
 233.03447 231.70956 231.51213 231.26312 231.11743 230.28902 231.92407
 230.83002 231.93736 230.57928 232.06828 232.92062 231.7062  228.37143
 230.30777 232.5809  229.21031]
[292.30646 293.25125 293.12787 294.44476 297.69614 295.98444 293.43835
 297.2984  294.93332 295.2886  294.7482  294.3985  292.60437 295.89316
 294.0857  295.5504  294.61636 295.5591  297.74316 295.477   290.32544
 293.3937  296.68845 291.07306]
[133.0677  132.91704 133.38539 133.77153 134.84856 134.57198 132.89288
 135.0627  134.10094 134.01778 133.63039 133.35777 133.05583 134.691
 133.56158 134.1686  133.27979 134.51732 134.8561  134.83437 132.44182
 133.01274 134.47267 132.06308]
[22.41823  22.25726  22.332802 22.507458 22.468365 22.540613 22.137695
 22.330635 22.520252 22.492378 22.337225 22.345566 22.47074  22.713875
 22.337759 22.372993 22.488728 22.653915 22.435268 22.77146  22.659525
 22.272367 22.40612  22.121786]
[1.7064822 1.7887044 1.4751914 1.6876631 1.7136952 1.8222463 1.91744
 1.6803313 1.464832  1.765789  1.9287196 1.7611288 1.5481524 1.6243787
 1.8263723 1.3738235 1.8696799 1.600929  1.8812563 1.6262784 1.5243466
 1.7184741 1.7336422 1.4134802]
[1.2168295  1.2173935  1.0891328  1.123298   0.8845568  1.0802575
 1.2768785  0.9516109  1.0205054  1.0368015  1.2132082  1.1449964
 1.2298604  0.97212195 1.1663089  0.9029603  1.1339246  1.0340112
 0.98565745 1.0045953  1.241704   1.201424   1.0237409  1.2427132 ]
[-0.7373879  -0.61880386 -0.8402102  -0.67401445 -0.5982038  -0.5890614
 -0.49045408 -0.6210004  -0.764073   -0.63290334 -0.48807943 -0.5693221
 -0.77757883 -0.7852074  -0.60354674 -0.7968135  -0.54777217 -0.7749667
 -0.4462856  -0.7826843  -0.8830726  -0.59562135 -0.5538572  -0.8629178 ]
[1.9062198 1.901055  1.8417778 1.8831264 1.7425175 1.8486643 1.933558
 1.7672435 1.8275893 1.824621  1.9118893 1.8730935 1.9328753 1.8020618
 1.8876679 1.7547469 1.862556  1.8380377 1.8091561 1.8443009 1.9449563
 1.9025391 1.8161019 1.8941388]
[-1.4296871 -1.2989627 -1.4578564 -1.3053149 -1.1284035 -1.1770838
 -1.2084886 -1.1495676 -1.3370165 -1.241793  -1.1558901 -1.2189667
 -1.4354753 -1.3238372 -1.2464236 -1.3493646 -1.2130895 -1.3248761
 -1.0186948 -1.3388568 -1.5998901 -1.2716246 -1.1492114 -1.5697024]
[2.746074  2.7875412 2.7128584 2.8118813 2.7874522 2.8219142 2.8336391
 2.791875  2.7645664 2.7821093 2.8387742 2.806954  2.7682176 2.7728481
 2.814434  2.7257113 2.8082304 2.7712154 2.860532  2.7875116 2.7119384
 2.8030655 2.813306  2.689498 ]
[-0.19166386 -0.05877256 -0.19626474 -0.0251416   0.20282471  0.11778259
  0.02451825  0.17201364 -0.03226554  0.0493927   0.10270357  0.05072844
 -0.18822062 -0.01769114  0.02128279 -0.03930044  0.04930365 -0.02244043
  0.3033911  -0.03137505 -0.38157642 -0.01816607  0.15084958 -0.3631432 ]
[3.3124278 3.3472757 3.305096  3.3927205 3.3859231 3.403911  3.3732483
 3.3867838 3.3636608 3.3632748 3.3867543 3.372447  3.3389347 3.3807878
 3.38622   3.340122  3.3749404 3.362325  3.4370375 3.3897226 3.2911153
 3.376009  3.3956294 3.253299 ]
[-0.02368712  0.11140072 -0.00694585  0.15945768  0.42141116  0.31467068
  0.18020618  0.38804734  0.17257762  0.24084878  0.2747172   0.23164701
 -0.01401043  0.18768632  0.19893622  0.17839551  0.23105335  0.1745367
  0.5044348   0.16396952 -0.22309828  0.1668191   0.35652387 -0.19938147]
[0.7197858  0.85104454 0.75712717 0.93012035 1.197298   1.0761613
 0.90272284 1.164053   0.95086884 1.0014192  1.0123426  0.9667493
 0.75273407 0.9777024  0.9435668  0.9592395  0.9762479  0.9625046
 1.2617698  0.9606643  0.52358043 0.8946787  1.120211   0.5568255 ]
[4.010545  3.9914587 3.9954362 4.075462  3.9847798 4.0456896 3.9917555
 3.9887872 4.0246444 3.987125  3.9874218 3.9944565 4.017639  4.0745416
 4.0290375 4.010693  4.0190935 4.0028567 4.0131865 4.0891457 4.040881
 4.015561  4.023368  3.961627 ]
[0.39045167 0.51526916 0.42301404 0.60019255 0.8568624  0.73922825
 0.5583987  0.8212724  0.6143811  0.6609539  0.67312396 0.61972404
 0.42544806 0.64854634 0.60069716 0.6217425  0.64744806 0.62705576
 0.91234016 0.63602006 0.19890654 0.5470301  0.7831296  0.2358917 ]
[4.6958094 4.6843514 4.6956606 4.7693043 4.696848  4.738048  4.6761293
 4.69103   4.723058  4.68447   4.668827  4.6841736 4.7032003 4.780465
 4.722079  4.725433  4.7182198 4.6964025 4.7125206 4.790261  4.7291136
 4.7058125 4.7198524 4.658438 ]
[8.130056  8.203551  8.184852  8.209162  8.101353  8.150419  8.147896
 8.099483  8.1147995 8.03507   8.070541  8.053652  8.243357  8.339619
 8.125456  8.177905  8.182625  8.168644  8.058223  8.306166  8.187226
 8.027472  8.163865  8.357964 ]
[31.02381  31.542404 31.524    31.353798 31.764196 31.536348 31.247442
 31.494644 31.32542  31.120726 30.939095 31.225477 31.41364  32.001366
 31.442669 31.705364 31.510733 31.487698 31.578884 31.803051 31.172462
 31.26822  31.467602 31.54935 ]
[98.81741  99.0109   98.77386  98.89238  98.67164  98.80738  99.27949
 98.77378  98.62708  98.95402  99.19335  98.94746  98.83644  99.00875
 98.914536 98.54053  98.97625  98.90766  98.948364 98.838875 98.789154
 98.78504  98.89877  99.00946 ]
[258.6113  259.45877 259.0475  259.5362  261.10614 260.39017 259.3865
 260.84058 260.13507 259.99457 259.9288  259.91635 259.23932 260.2267
 259.5058  259.98285 259.88525 260.3455  261.0541  259.9588  257.6778
 259.04294 260.67737 258.39304]
[175.35548 174.24757 174.0258  174.78319 173.63304 174.96097 175.84383
 174.70898 174.12198 174.48318 175.20839 175.18102 172.84798 173.85498
 174.91199 174.16487 174.70337 172.71301 174.73517 173.58118 174.2005
 175.14972 175.4745  173.52971]
[228.95953 228.93834 229.14523 229.58786 231.11913 229.78282 229.10683
 230.79306 230.40323 229.86935 228.87244 229.91856 228.34625 230.27892
 229.29857 230.92798 229.73393 229.6119  230.79623 229.59859 227.68834
 229.43707 230.65343 228.35616]
[314.69174 315.72488 315.397   316.4505  319.97894 318.09164 316.33878
 319.78256 317.15854 317.70865 317.49612 316.82675 314.9266  317.66248
 316.51978 317.71652 316.5143  317.8231  320.2465  317.46918 312.06503
 315.6156  319.05734 313.30212]
[295.59906 295.47046 295.68323 296.17093 297.46716 296.65872 295.7294
 297.6988  296.46893 296.72354 296.38272 295.98248 295.49905 296.66452
 296.02563 296.77936 295.96567 296.78082 297.5314  296.70413 294.67215
 295.92328 296.91644 294.76486]
[116.32315  116.22914  116.43877  116.42373  116.515274 116.494064
 116.01513  116.32802  116.478096 116.288925 115.954124 116.16807
 116.278625 117.04483  116.306656 116.60772  116.37738  116.61455
 116.31954  116.951706 116.6622   116.04046  116.32813  116.22735 ]
[62.36122  62.00188  62.237503 62.076355 61.9204   62.049816 61.941326
 61.99689  62.18633  62.009537 61.923992 62.017937 62.16389  62.157684
 62.079945 62.041626 61.845715 62.241333 61.83675  62.246586 62.351696
 61.98389  61.858658 62.12913 ]
[27.411375 27.281096 27.339127 27.333399 27.219978 27.353672 27.255629
 27.210659 27.307604 27.301043 27.25548  27.251888 27.31998  27.432035
 27.34159  27.21989  27.26391  27.374687 27.225174 27.500841 27.509241
 27.207186 27.200863 27.224016]
[2.0138507 2.1226096 1.8489017 2.060958  1.9174994 2.0316606 2.2349901
 1.8909924 1.8156863 1.9827726 2.1252813 2.0473332 1.9900153 1.945075
 2.1034048 1.7427846 2.1234112 1.9291649 2.0857136 1.9208536 1.9043498
 2.032937  1.9861268 1.9748472]
[-7.9747543 -7.8744845 -8.081376  -7.8764734 -7.804551  -7.7578006
 -7.7718997 -7.786326  -7.966829  -7.836431  -7.680832  -7.848215
 -7.9358397 -7.9228387 -7.841418  -8.091736  -7.8139906 -7.82058
 -7.658718  -7.8648973 -8.135518  -7.9621983 -7.7973084 -8.118984 ]
[-0.26115203 -0.24823987 -0.3882848  -0.32437706 -0.5201075  -0.35495067
 -0.18136382 -0.4742471  -0.42479503 -0.3831793  -0.22906458 -0.2939222
 -0.25509667 -0.44809628 -0.28145528 -0.5253614  -0.30475652 -0.4047886
 -0.3984661  -0.42473567 -0.24723065 -0.2545327  -0.3902142  -0.28469074]
[-1.2945696  -1.1566916  -1.3912178  -1.1612924  -0.9796021  -1.0165873
 -0.99972725 -0.9889226  -1.2226771  -1.0800794  -0.93590856 -1.047339
 -1.3216406  -1.2528648  -1.0956334  -1.2767597  -1.0476358  -1.2118131
 -0.809221   -1.2430991  -1.5450951  -1.123773   -0.9625343  -1.5002142 ]
[4.7978    4.747636  4.744163  4.7560363 4.554844  4.692633  4.7506933
 4.591295  4.735169  4.678237  4.7369795 4.7252846 4.847787  4.6880913
 4.736     4.6446652 4.6988072 4.723711  4.5985374 4.737306  4.9207478
 4.7838197 4.6529765 4.7900233]
[-0.90572083 -0.77259207 -0.93294024 -0.77734137 -0.5888239  -0.6420754
 -0.6851753  -0.60630727 -0.79461694 -0.7060425  -0.62200963 -0.687075
 -0.8974689  -0.79022384 -0.7217746  -0.8132876  -0.6801292  -0.78402007
 -0.48398316 -0.8080337  -1.0769033  -0.73536944 -0.60336864 -1.048556  ]
[3.396045  3.389782  3.359891  3.4183073 3.2746115 3.3705769 3.411599
 3.2991297 3.3660057 3.3383708 3.3873775 3.3810253 3.428637  3.3608408
 3.3999631 3.3150399 3.3738718 3.3527374 3.3322856 3.3860714 3.4557378
 3.418248  3.3423185 3.386398 ]
[-0.9982134  -0.8512523  -1.0044469  -0.81126916 -0.55643964 -0.6505054
 -0.7582551  -0.5797112  -0.81765103 -0.7241789  -0.66169596 -0.73257923
 -0.98583555 -0.80408585 -0.7660321  -0.8302367  -0.73029363 -0.79847574
 -0.44738388 -0.8171761  -1.215939   -0.8104677  -0.6074352  -1.181566  ]
[3.9919038 3.9648328 3.9607663 4.032006  3.8901799 3.9898558 3.9783387
 3.911047  3.979793  3.9413831 3.9643877 3.971749  4.0093575 4.009387
 3.9981966 3.936337  3.9671185 3.9665842 3.9433422 4.0289483 4.0565834
 3.9983451 3.950585  3.9480321]
[-0.66997755 -0.51719856 -0.6429362  -0.44955075 -0.13203049 -0.26750422
 -0.4455732  -0.17418051 -0.42903972 -0.35388207 -0.3244661  -0.37973607
 -0.65151465 -0.39914882 -0.4163947  -0.42037225 -0.37486804 -0.41330767
 -0.0472852  -0.42369676 -0.9085407  -0.47133815 -0.2176069  -0.86891377]
[4.723058  4.7002616 4.715845  4.776102  4.6700144 4.73413   4.6962247
 4.6728935 4.731607  4.68729   4.680255  4.701716  4.7330317 4.7720056
 4.7363563 4.7186947 4.715222  4.703705  4.694948  4.786105  4.7791295
 4.732913  4.704625  4.6876464]
[0.23250782 0.35990775 0.26320016 0.4304645  0.6955347  0.57890975
 0.4102503  0.66015244 0.4503522  0.5025351  0.5185046  0.47626555
 0.25209868 0.4702102  0.45008504 0.4617802  0.48986042 0.44883835
 0.7591753  0.45091617 0.04152668 0.41286242 0.6213863  0.06551063]
[5.3143163 5.2819915 5.311823  5.375315  5.2561374 5.325952  5.2656655
 5.2545643 5.3223605 5.266378  5.244798  5.2742143 5.318353  5.391255
 5.319511  5.322034  5.306569  5.289887  5.2696133 5.403603  5.385496
 5.3024726 5.2933598 5.2847815]
[10.347592 10.710884 10.622399 10.74128  11.342185 10.965476 10.589629
 11.241559 10.97545  10.859508 10.919912 10.808156 10.798509 11.082101
 10.613435 10.981119 10.9043   11.188248 11.21808  10.914095 10.123248
 10.596783 11.125172 10.608448]
[45.353928 45.906776 45.816063 45.886917 46.236465 46.060177 45.776585
 46.139816 45.812798 45.727993 45.560196 45.751057 45.732475 46.43356
 45.96457  46.151066 45.947086 45.890152 46.251484 46.262943 45.38646
 45.64494  46.120018 45.734673]
[185.68245 186.0527  185.88734 185.63646 186.21896 186.04268 186.1909
 186.37637 185.98929 186.14116 186.54121 186.15396 185.99643 185.92487
 185.92218 185.81686 185.8098  186.3384  186.38477 185.81439 185.38264
 185.90842 186.18935 185.81506]
[410.72388 410.7253  410.70215 411.04324 411.7051  411.40088 410.89062
 411.6545  411.285   411.23325 411.1179  411.09338 410.69894 411.33328
 410.90894 411.16162 411.1452  411.32907 411.59186 411.22668 410.13782
 410.74423 411.55386 410.28284]
[590.0707  589.9825  589.947   589.9951  590.2356  590.16205 590.2708
 590.2843  590.10425 590.1207  590.2994  590.25024 589.9006  589.9445
 590.1061  590.11975 590.1698  589.9533  590.33905 589.8815  589.86896
 590.4095  590.2938  589.77435]
[644.9273  645.06616 644.8408  645.23785 645.4697  645.41656 645.0799
 645.38947 645.2724  645.3515  645.3522  645.3749  645.02057 645.19916
 645.1307  645.1768  645.4639  645.2538  645.50183 645.09607 644.80096
 645.0801  645.47174 644.78076]
[504.8417  504.91534 504.8954  505.2043  505.54645 505.3189  505.37976
 505.80582 505.25842 505.19543 505.14325 505.2364  504.49976 504.94275
 505.24832 505.48886 505.02087 504.69498 505.76343 504.93967 504.14404
 505.26736 505.70657 504.49384]
[425.26105 425.16495 425.60544 425.6341  426.492   426.24054 425.18564
 426.62146 425.98694 425.83337 425.54633 425.4487  425.15765 426.28317
 425.5722  426.22357 425.21204 426.1685  426.54602 426.4035  424.77252
 425.2118  426.32376 424.5904 ]
[245.72328 245.96701 246.37218 246.77715 248.9998  248.0633  246.04588
 249.20847 247.47482 247.53703 247.22266 246.6299  245.87991 247.89503
 246.64711 247.69504 246.33882 248.1     249.02318 248.02005 244.27649
 245.85103 248.32007 244.64688]
[195.27989 194.88133 195.40974 195.34966 196.32274 195.7618  195.19958
 196.93808 195.88414 195.80692 195.52025 195.2447  194.90884 195.70363
 195.449   196.13393 194.78748 195.93056 196.3427  195.85487 194.2424
 195.34055 195.83998 194.52045]
[44.218845 43.96565  43.64596  43.587486 43.5719   43.19828  44.75623
 43.636463 43.88663  43.912724 43.914948 44.41692  43.325325 42.099262
 43.83988  43.931988 43.898624 42.589035 43.825512 42.37864  43.446785
 44.4569   44.04532  44.053627]
[36.012505 36.376743 36.350178 36.80795  36.94212  37.07762  35.94429
 36.694504 36.585415 36.428272 36.13542  36.189682 36.464397 37.680576
 36.468643 36.636887 36.62255  37.138294 36.85562  37.420998 36.198498
 35.95714  36.858204 35.986767]
[19.789078 19.221418 19.51368  19.304502 18.40908  19.128036 19.10233
 18.604366 18.842365 19.172827 19.154009 18.900723 19.362116 19.186245
 19.258612 18.710602 19.015625 19.189865 18.436893 19.410826 20.342638
 19.190132 18.60496  19.49661 ]
[7.902149  8.049615  7.8168106 7.74753   7.6522174 7.8032155 7.9938407
 7.5968585 7.71945   7.8015532 7.9456053 7.8835382 7.9886756 7.779677
 7.916427  7.60514   7.895085  7.843466  7.730937  7.7149677 7.9376206
 7.948188  7.790155  7.880006 ]
[-4.996499  -4.9891973 -5.132418  -5.0845985 -5.230313  -5.0774155
 -4.840455  -5.1435494 -5.2101283 -5.0782166 -4.8847127 -4.951054
 -5.131231  -5.3655195 -4.9869113 -5.2183805 -4.9978943 -5.357802
 -5.0500474 -5.3672414 -5.031466  -4.7754784 -5.0399847 -5.08914  ]
[2.9728231 2.8631737 2.8156807 2.874394  2.5603466 2.7754602 2.9280314
 2.6782184 2.8589292 2.811525  2.9803627 2.9057987 3.0649595 2.5307527
 2.8412676 2.6829677 2.809774  2.728086  2.6790495 2.6847188 3.080929
 3.0524037 2.8306115 2.9248552]
[4.9530725 4.9791937 4.826682  4.8821006 4.796435  4.8963485 5.084628
 4.78753   4.77999   4.8955173 5.0305457 5.0081644 4.8243074 4.7086325
 4.9850116 4.7700763 4.9905624 4.680641  4.9499264 4.7095227 4.955507
 5.1094136 4.8952203 4.8209534]
[4.9639072 4.858473  4.948472  4.804865  4.4969916 4.676634  4.795693
 4.530652  4.8349338 4.6870527 4.7280154 4.791715  5.022828  4.6985397
 4.7960787 4.757995  4.72104   4.7512274 4.4722357 4.7625666 5.2172823
 4.924547  4.6190486 5.0620394]
[0.7618468  0.8677858  0.7847028  0.8491448  0.98147213 0.9467726
 0.9071753  0.9537481  0.84219897 0.8872876  0.9328215  0.93679905
 0.74118733 0.8462359  0.90901566 0.8858628  0.92905176 0.7896302
 1.056986   0.8026017  0.692507   0.95469797 0.9679663  0.67526114]
[3.9673262 3.925473  3.9379697 3.9398694 3.717068  3.841262  3.904576
 3.692609  3.8645337 3.8118758 3.8259456 3.8839464 3.964447  3.9005985
 3.914995  3.8522449 3.8938901 3.820929  3.7439015 3.9157073 4.1249137
 3.9364557 3.7834988 3.9963562]
[-0.30891216 -0.18029523 -0.3030349  -0.15559888  0.07515764 -0.00658965
 -0.1195339   0.01484156 -0.16871881 -0.08584356 -0.04600883 -0.07708704
 -0.33633935 -0.12006819 -0.10032892 -0.14675331 -0.06542158 -0.17619896
  0.16714561 -0.14612997 -0.46854794 -0.14461613  0.0086081  -0.4902463 ]
[5.8520555 5.7701597 5.8291993 5.806314  5.56781   5.7097845 5.722934
 5.5513062 5.759355  5.67369   5.658106  5.732403  5.847158  5.8086586
 5.773692  5.7351933 5.737419  5.7119513 5.568285  5.824124  6.0471625
 5.7940845 5.6312428 5.8553505]
[-1.4674441 -1.3413205 -1.4765865 -1.3189394 -1.075716  -1.1545247
 -1.2966177 -1.1524469 -1.3322375 -1.2585046 -1.197298  -1.2516775
 -1.4848977 -1.2553879 -1.2869114 -1.3192066 -1.2039174 -1.3193253
 -1.0005287 -1.2858428 -1.6384485 -1.3453277 -1.1340433 -1.6409419]
[5.545518  5.475555  5.526877  5.5063066 5.2793794 5.415803  5.4181776
 5.258423  5.4515414 5.3592267 5.3503513 5.411261  5.5457554 5.5275
 5.4618115 5.440262  5.4488993 5.4076695 5.2632613 5.545043  5.727149
 5.455875  5.3464036 5.5777836]
[21.953571 22.290089 22.251501 22.277563 23.040033 22.52138  22.029175
 22.804823 22.70396  22.430044 22.503065 22.472729 22.56718  22.7069
 22.052357 22.595379 22.628    22.97001  22.7161   22.39113  21.78215
 22.366997 22.691938 22.329092]
[83.1149   82.41191  82.05399  82.92512  82.08351  82.28962  82.34468
 81.23312  81.6943   82.33719  82.13378  81.78744  82.371796 81.23876
 82.45728  81.66277  82.89934  81.72159  82.10226  82.67734  83.78514
 82.28497  81.47514  82.23337 ]
[119.8837   119.420135 119.20317  119.26026  118.026695 118.383766
 120.30523  118.35245  118.45398  119.08458  119.66523  118.99138
 119.323326 118.7893   119.21123  117.8602   118.91586  118.874275
 118.30411  118.892456 119.46659  119.00171  118.34262  119.97768 ]
[274.62982 274.67554 274.35052 274.50607 274.78424 274.7144  274.918
 275.25848 274.58527 274.99313 275.18008 274.80103 274.48758 274.42773
 274.8328  274.40433 274.48947 274.7319  275.11322 274.45084 274.0733
 274.73285 274.7667  274.25278]
[304.39276 304.4427  304.51608 304.40448 304.6003  304.71457 304.63873
 304.62518 304.41125 304.37717 304.1979  304.65027 303.8061  304.69922
 304.69006 304.7869  304.5352  304.03772 304.63898 304.2643  304.1673
 304.6006  304.75864 304.1127 ]
[560.9659  561.15375 560.95123 561.1147  562.1337  561.41205 560.62537
 561.30035 561.77997 561.4128  560.7805  561.51843 561.43726 562.0785
 561.08856 561.3988  561.92303 561.9805  561.5236  561.6557  561.0864
 561.10474 561.27606 560.7685 ]
[669.1012  669.37067 669.3065  669.4083  670.15106 669.83307 669.6741
 670.3017  669.57874 669.67267 669.76776 669.6427  669.21234 669.7698
 669.53876 669.59973 669.32666 669.8872  670.4131  669.76556 668.5443
 669.48737 669.9175  668.88324]
[547.2088  547.49713 547.6454  547.7732  548.6544  548.41235 547.4441
 548.71954 548.0248  548.02216 547.8959  547.70636 547.67303 548.4692
 547.69006 548.0778  547.53076 548.6106  548.65247 548.48895 546.871
 547.30676 548.3974  547.0118 ]
[562.2227  562.316   562.23035 562.6306  562.82416 562.95593 562.44086
 562.93866 562.4288  562.7254  562.9035  562.4858  562.2213  562.61743
 562.476   562.469   562.5248  562.6876  563.1555  562.7263  562.0201
 562.39435 562.9989  561.84955]
[298.7939  298.62936 299.30545 299.43253 299.97333 300.04935 298.04446
 300.21243 299.83496 299.41653 298.94406 298.69547 299.23587 300.55826
 299.05713 299.78668 298.7353  300.4335  299.72845 300.6982  298.918
 298.3546  299.7281  298.29257]
[152.3951  152.01213 152.73566 152.62048 152.78725 152.88849 151.52963
 152.81116 152.98152 152.43787 151.85771 152.04332 152.60788 153.547
 152.32379 152.93097 152.059   153.27228 152.45702 153.70993 152.82838
 151.91396 152.51218 152.02151]
[8.386815  8.521903  8.284676  8.48195   8.635115  8.516916  8.696173
 8.536062  8.306018  8.4791    8.462507  8.573136  8.1778755 8.365622
 8.577054  8.405991  8.616592  8.175738  8.708254  8.256121  7.9943156
 8.540663  8.634224  8.24769  ]
[9.307823  9.186924  9.226224  9.098082  8.640249  9.016513  9.049847
 8.708076  8.932094  8.976737  8.986563  8.916214  9.313433  9.125984
 9.155044  8.764889  8.931679  9.17131   8.652954  9.209572  9.5592985
 9.035451  8.713655  9.272441 ]
[5.0583587 5.3263083 4.9264174 5.0759606 5.122385  5.1556005 5.481521
 5.1086717 4.945711  5.1231275 5.3416247 5.2695837 5.076198  4.939003
 5.249993  4.9063516 5.333432  4.9273076 5.2996826 4.87278   4.886434
 5.2734723 5.2307878 5.0827584]
[1.6836855 1.712864  1.5436109 1.6496093 1.4109274 1.5586603 1.8111151
 1.4942182 1.5500522 1.564211  1.7431705 1.6602952 1.7502351 1.3848063
 1.6632636 1.4191793 1.6555163 1.4951681 1.5403458 1.4666723 1.6796486
 1.7429627 1.5816944 1.7362543]
[4.1308503 4.198142  4.03067   4.1328983 4.0711875 4.147978  4.2755556
 4.076204  4.0630836 4.1441784 4.2599125 4.1768    4.158723  4.016244
 4.181401  3.9750142 4.209303  4.07187   4.1863875 4.078964  4.13278
 4.188495  4.1499662 4.072434 ]
[2.7427197 2.7539992 2.6675026 2.6589837 2.453636  2.5907125 2.7842166
 2.481835  2.6004486 2.610244  2.7104542 2.6810381 2.786057  2.5497499
 2.7024693 2.5170093 2.6794946 2.5944822 2.5205417 2.5913358 2.8623724
 2.7565224 2.5572894 2.7908955]
[0.80833054 0.9194938  0.74697554 0.8626803  0.8865752  0.90290093
 1.0195259  0.88737667 0.79351866 0.88565505 0.99385    0.94205296
 0.8048279  0.7632716  0.93380105 0.7649635  0.9518187  0.768852
 1.0067918  0.76825833 0.73216367 0.9456446  0.9240056  0.75101244]
[4.2148237 4.2022977 4.1517177 4.1699133 3.972877  4.0857916 4.2284484
 3.986472  4.1064215 4.098971  4.1647186 4.1638284 4.2294283 4.0633807
 4.1847253 4.047352  4.160207  4.07374   4.0328665 4.1000395 4.3265214
 4.230734  4.047233  4.235988 ]
[1.6179968 1.6976069 1.5891448 1.6704172 1.6993879 1.7077585 1.7547469
 1.682617  1.6288015 1.6857337 1.7452483 1.7251529 1.6091216 1.6231914
 1.7276759 1.6138115 1.7300802 1.6061236 1.7827975 1.6256847 1.585761
 1.7268745 1.7009314 1.5481524]
[3.2395854 3.2616398 3.2207663 3.2399712 3.1447477 3.19981   3.2727711
 3.1318357 3.1977322 3.1955059 3.2271779 3.2429693 3.2459376 3.1930718
 3.2639256 3.1804862 3.248045  3.1640716 3.1851168 3.2015612 3.310795
 3.2852082 3.169652  3.2418115]
[1.9667734 2.0323434 1.9616382 2.0302062 2.047452  2.0465913 2.0607798
 2.0247445 1.9992764 2.0261989 2.0577817 2.0521717 1.9729475 2.000345
 2.0609283 1.9946162 2.0648465 1.9714336 2.101505  2.0012949 1.9575716
 2.0594738 2.03828   1.9218035]
[3.7111907 3.6616495 3.6843572 3.6680908 3.4544318 3.5657434 3.638556
 3.4540458 3.6177483 3.5648232 3.5732236 3.6180747 3.7056992 3.6068842
 3.6574938 3.595189  3.6273358 3.5546122 3.4653552 3.6302745 3.8701437
 3.701306  3.5097313 3.7391818]
[2.0727124 2.0858026 2.0599487 2.0873759 2.001651  2.045582  2.0701299
 1.9668921 2.037538  2.02516   2.0384283 2.0545168 2.071822  2.0698035
 2.0852387 2.0370035 2.0977056 2.0021853 2.015513  2.0779662 2.1469796
 2.0821815 2.0121589 2.07669  ]
[-1.2331553 -1.1549699 -1.2491841 -1.1523578 -1.0819792 -1.1060818
 -1.1536936 -1.1393269 -1.193647  -1.1610847 -1.1061115 -1.155623
 -1.2186105 -1.1401877 -1.1575227 -1.1936767 -1.0698981 -1.19243
 -1.0567782 -1.1404846 -1.2726041 -1.194775  -1.106913  -1.2670534]
[17.863832 18.348528 18.255796 18.099339 18.798672 18.20866  17.95202
 18.42606  18.44185  18.237513 18.191206 18.211391 18.62918  18.516386
 18.002096 18.388332 18.475422 18.7979   18.374737 18.322643 17.921803
 18.211807 18.256332 18.502821]
[117.176506 117.0196   116.97812  116.61182  116.002525 116.11476
 117.269226 116.1058   116.40804  116.70305  116.84106  116.70691
 117.02737  116.31644  116.86994  116.14499  116.50229  116.49593
 116.05184  116.42073  117.33195  116.93213  116.00268  117.380844]
[140.7771  140.82808 140.72166 140.47    139.84947 140.02367 140.93655
 139.83862 140.26979 140.42258 140.54811 140.53554 140.83127 140.27544
 140.5759  140.10046 140.52782 140.3103  139.87506 140.2218  141.19124
 140.68341 139.96132 141.25146]
[161.22224 160.98677 161.06284 160.67888 159.98111 160.24765 161.0482
 160.19264 160.5444  160.43184 160.47826 160.73523 160.92699 160.44339
 160.86032 160.57352 160.64403 160.22032 159.95293 160.34186 161.53955
 161.14095 160.12198 161.61322]
[102.194595 102.02898  102.390564 101.21651   99.9845   100.543564
 102.20882  100.43974  101.25649  100.78913  101.10937  101.39737
 102.318954 100.985954 101.676285 100.89845  100.75205  100.864136
  99.81239  100.992485 102.70596  102.04637  100.183754 103.16771 ]
[78.22756  77.86038  77.7719   77.93818  77.19423  77.24442  78.00173
 77.4232   77.47649  77.746605 77.692345 77.6954   78.068756 77.65877
 77.61564  77.33561  78.00971  77.6447   77.14377  77.54206  78.416374
 77.991516 77.213615 78.80973 ]
[133.01176 133.70607 133.43022 133.84798 134.8026  134.13776 133.25392
 134.03839 134.13301 133.92822 133.46819 133.98418 133.6484  134.52121
 133.55563 134.12723 134.39093 134.30826 134.44371 134.12209 133.0403
 133.29314 134.21277 133.32254]
[107.897316 108.318565 108.15204  108.596275 110.11671  109.22476
 108.49776  109.8412   109.08409  109.167145 108.9613   108.93017
 108.023056 109.23709  108.48838  109.271866 108.88487  109.259964
 110.06471  108.88097  106.963264 108.27301  109.75383  107.4368  ]
[89.88443  90.27885  90.59534  90.5028   92.10269  91.20838  90.07563
 91.91832  91.25824  90.9159   90.48487  90.648766 90.25362  91.70141
 90.43832  91.54089  90.49096  91.58364  91.7411   91.34104  89.20301
 90.10152  91.48193  89.79011 ]
[36.96168  37.088013 37.273174 37.17231  37.752884 37.527527 37.02271
 37.798565 37.440945 37.349846 37.206238 37.11906  37.099262 37.877224
 37.165928 37.536434 37.083675 37.73528  37.594078 37.76609  36.74434
 36.793465 37.55353  36.927097]
[8.793474  8.71609   8.657021  8.785252  8.648175  8.785311  8.763079
 8.707363  8.734285  8.731614  8.800836  8.751057  8.775041  8.731466
 8.763405  8.610418  8.734968  8.753045  8.739955  8.7645035 8.756459
 8.760555  8.750136  8.621935 ]
[-0.07533574  0.03039551 -0.13689852  0.07963979  0.36406338  0.27821982
  0.15488648  0.35183394  0.08714962  0.19495869  0.28065383  0.18068111
 -0.09688568  0.07768071  0.1284982   0.03087044  0.15892339  0.12858725
  0.48552668  0.08073807 -0.3716029   0.07438588  0.3283546  -0.35091376]
[7.9223337 7.845544  7.880926  7.879709  7.716155  7.845336  7.8419223
 7.7681894 7.893304  7.7913127 7.839904  7.8399334 7.963089  7.8390727
 7.8443265 7.8049965 7.790838  7.8746033 7.7333713 7.886388  7.9892693
 7.887278  7.8166323 7.890573 ]
[0.4659952  0.5944637  0.47751224 0.6498227  0.9513438  0.83258164
 0.6726787  0.9309515  0.68686724 0.74148417 0.7828921  0.73026395
 0.48751545 0.6916759  0.6777545  0.68286    0.71376014 0.705063
 1.0297369  0.6637144  0.21294665 0.6561452  0.9010309  0.2733518 ]
[4.469386  4.476807  4.4619064 4.565352  4.506668  4.5573077 4.503789
 4.5310087 4.507618  4.47372   4.4968433 4.482358  4.4980307 4.559742
 4.5120115 4.493875  4.4876413 4.516879  4.555616  4.5783234 4.4295516
 4.480488  4.5579906 4.431036 ]
[-0.08732772  0.06773686 -0.04146731  0.17320096  0.5591408   0.3868897
  0.14417088  0.5329306   0.217785    0.27976334  0.29427838  0.22487926
 -0.04523706  0.25530446  0.18219495  0.22802567  0.21840835  0.26186442
  0.6322503   0.23048937 -0.39911914  0.11463618  0.46501565 -0.3063594 ]
[5.787465  5.7811427 5.774701  5.912817  5.8898125 5.922167  5.8194933
 5.9147167 5.857161  5.8324943 5.831871  5.8175936 5.7942033 5.9322295
 5.8514323 5.8493543 5.8228474 5.8657393 5.946715  5.947813  5.7129602
 5.8039985 5.927896  5.686364 ]
[0.6241765  0.78419816 0.68193984 0.9112716  1.3345528  1.137635
 0.8616117  1.3051071  0.97022223 1.0267389  1.0251657  0.9588239
 0.67258966 1.0080088  0.9143883  0.98408425 0.94822705 1.0134112
 1.4046346  0.98337185 0.28857923 0.83926034 1.2250221  0.38490093]
[6.778317  6.7757645 6.7904873 6.9238534 6.933886  6.941574  6.8048835
 6.9604526 6.8913207 6.8504767 6.8283033 6.8204374 6.8009057 6.963302
 6.854454  6.8923893 6.8230495 6.8956842 6.973454  6.9767785 6.6966586
 6.8099594 6.9579296 6.678552 ]
[0.7342118  0.8937882  0.7962198  1.0345455  1.4645945  1.2603747
 0.9629499  1.4350895  1.0906763  1.1421765  1.1350229  1.0587076
 0.7938155  1.1457978  1.0198821  1.1086346  1.066158   1.1437794
 1.5221204  1.1212499  0.38852227 0.93504775 1.3558356  0.50384116]
[5.491198  5.5086517 5.4966598 5.661757  5.7034917 5.696427  5.545459
 5.725368  5.611118  5.591794  5.5806627 5.547388  5.5123024 5.7071724
 5.585976  5.6185384 5.5772195 5.6300554 5.747571  5.719817  5.367449
 5.5183578 5.724626  5.3851995]
[1.6452756 1.8013197 1.7155949 1.9559687 2.3652987 2.1620884 1.8633574
 2.3371592 2.002126  2.0494113 2.0297313 1.9537722 1.7122407 2.0676365
 1.9278588 2.026555  1.9712852 2.0562382 2.4163241 2.0486393 1.3154368
 1.8342977 2.2556496 1.4326851]
[5.845258  5.8694797 5.85443   6.0346065 6.096585  6.0788345 5.9162006
 6.1234183 5.985926  5.972569  5.958113  5.9206233 5.8673425 6.0851274
 5.958974  5.9948015 5.944459  6.0100884 6.149985  6.0976834 5.7026305
 5.8835196 6.1114264 5.724893 ]
[4.0066266 4.2120934 4.113278  4.3611617 4.8700194 4.6114497 4.2480392
 4.8153133 4.42596   4.4543962 4.4462337 4.33789   4.129099  4.595985
 4.298174  4.4756494 4.4041724 4.5503917 4.8811803 4.5415163 3.6234474
 4.1395774 4.7350206 3.8590422]
[35.948418 36.58319  36.544098 36.365227 37.10187  36.74146  36.381077
 36.994984 36.424862 36.21426  36.153084 36.291763 36.32961  37.206207
 36.51824  36.8466   36.42118  36.694115 36.981834 36.909973 35.581802
 36.197456 36.792664 36.43715 ]
[149.83627 150.59425 150.34364 150.38556 151.73157 151.0172  150.69902
 151.87035 150.70732 150.86783 151.10396 150.60393 150.42601 150.8461
 150.5244  150.7546  150.52539 151.2297  151.7412  150.76947 148.83685
 150.25043 151.31102 150.13123]
[223.10658 223.24304 223.2602  223.27385 223.71608 223.67586 223.14114
 223.72536 223.42322 223.3101  223.19258 223.40118 222.87871 223.78409
 223.43898 223.55853 223.35373 223.42366 223.70099 223.38618 222.73662
 223.17178 223.5972  222.84407]
[433.30304 433.13382 433.14667 433.68494 434.24298 434.06827 433.2242
 434.40567 433.9512  433.9211  433.79828 433.5598  433.23502 433.89993
 433.4483  433.71927 433.58087 434.02496 434.22766 433.9267  432.6775
 433.17685 434.21262 432.56393]
[307.72488 307.6757  308.04385 308.193   309.34866 308.9234  307.73853
 309.4746  308.7416  308.6176  308.1738  308.1811  307.57565 309.03418
 308.06885 308.89648 307.94604 308.95993 309.2782  308.90366 306.9515
 307.54288 309.20044 307.01834]
[187.42393 187.78992 188.14186 188.29108 190.23683 189.32921 187.79257
 190.23914 189.15216 188.88576 188.46892 188.44666 187.75047 189.56714
 188.22252 189.38158 188.06557 189.5496  190.08113 189.2857  186.29282
 187.72224 189.71564 186.79707]
[238.9528  239.27908 239.23709 240.20935 242.14082 241.18396 239.66577
 242.21169 240.45302 240.82115 240.54053 240.07051 238.84978 240.9167
 240.00409 240.77736 240.11339 240.77946 242.30194 240.81061 237.44128
 239.49484 241.63641 237.78911]
[241.24373 241.28702 241.5259  242.12411 243.77373 242.98053 241.58669
 244.06708 242.53401 242.76877 242.57669 241.92963 241.22366 242.6294
 241.93983 242.707   241.75055 242.89557 243.8913  242.79413 239.8593
 241.57182 243.30016 240.14859]
[115.24562  115.19748  115.5212   115.67493  115.87673  116.032776
 114.7534   115.726906 115.76404  115.45339  115.178986 115.13925
 115.54435  116.50606  115.38466  115.7029   115.396736 116.16219
 115.6336   116.55443  115.55953  114.90014  115.70631  114.92513 ]
[22.06797  22.002073 21.732819 21.783249 21.756416 21.670662 22.323957
 21.712872 21.813765 22.007565 22.067554 22.123596 21.847631 21.304075
 21.910738 21.655018 21.98462  21.638811 21.934336 21.471458 21.864313
 22.113207 21.892334 21.888773]
[9.202448 9.229193 9.187458 8.954356 8.638053 8.925415 9.138986 8.674771
 8.876735 8.884779 8.926543 8.969257 9.221326 9.025507 9.125005 8.810037
 8.926157 8.989709 8.64859  8.976886 9.397199 9.106957 8.762722 9.301322]
[-5.6112366 -5.434414  -5.6236734 -5.540116  -5.433761  -5.430318
 -5.3494315 -5.3768587 -5.535604  -5.4839253 -5.331681  -5.4176726
 -5.5003405 -5.617737  -5.467333  -5.5740433 -5.4514523 -5.531537
 -5.3218555 -5.6500916 -5.7793317 -5.400694  -5.32895   -5.594584 ]
[-1.6461661 -1.511761  -1.7133983 -1.5739471 -1.5130373 -1.507635
 -1.3995885 -1.4718372 -1.606272  -1.5278492 -1.3677682 -1.4806234
 -1.5673574 -1.7257762 -1.5258901 -1.6738901 -1.5105143 -1.6136631
 -1.3688961 -1.6995957 -1.824146  -1.4711248 -1.4102447 -1.6961228]
[3.3916519 3.4679968 3.3229356 3.459834  3.5145698 3.53045   3.564378
 3.5344574 3.432674  3.4999952 3.6094072 3.5201797 3.4180996 3.3630672
 3.4937618 3.3618205 3.503765  3.4329708 3.6362705 3.4045641 3.2709901
 3.5037947 3.57168   3.272593 ]
[3.858597  3.9189427 3.8414402 3.9029732 3.9073367 3.9322705 3.9530487
 3.9043386 3.8930295 3.909474  3.9635565 3.9359808 3.9042497 3.8750415
 3.9280257 3.8542335 3.9264822 3.8933558 3.9730253 3.884451  3.8479705
 3.9463997 3.942541  3.8112822]
[1.057075   1.1779743  1.0565407  1.1829314  1.3309314  1.2784517
 1.2465423  1.3122311  1.1723642  1.2350847  1.2902359  1.2491248
 1.0821573  1.1704051  1.2268327  1.1629547  1.2450582  1.1714144
 1.4184669  1.1575524  0.93083274 1.2147814  1.3113703  0.9542824 ]
[3.7256167 3.7700522 3.7132685 3.794155  3.780293  3.7991714 3.799676
 3.7709131 3.763522  3.7729018 3.8028522 3.7932942 3.752361  3.769221
 3.7998838 3.7385287 3.794541  3.7542014 3.8379376 3.7759888 3.7198582
 3.8001807 3.7927005 3.6753037]
[1.0244533  1.1454417  1.0316663  1.1782712  1.3683915  1.2939463
 1.207331   1.3365119  1.1751544  1.2396262  1.2748897  1.2375484
 1.0380185  1.1894914  1.2180762  1.1708801  1.2416743  1.1756294
 1.4507028  1.1764902  0.88369596 1.1857513  1.3179005  0.88230085]
[2.1959567 2.2967901 2.2229683 2.3479047 2.494747  2.4287615 2.3328552
 2.4637578 2.3465688 2.38017   2.3897874 2.3689795 2.2272725 2.3736696
 2.3635774 2.3481421 2.3763409 2.3484685 2.5520947 2.3623602 2.096162
 2.3290262 2.444078  2.091116 ]
[4.9184027 4.896437  4.917275  4.960909  4.8528624 4.917067  4.883763
 4.843661  4.9261503 4.8797555 4.865062  4.902077  4.9295936 4.964293
 4.931107  4.9130597 4.9077168 4.8950124 4.8745904 4.971031  5.0007143
 4.93648   4.878895  4.8838515]
[4.1104584 4.0915794 4.102948  4.1517177 4.042484  4.105204  4.0841885
 4.039634  4.1110516 4.072048  4.066824  4.091817  4.118502  4.135748
 4.1232815 4.0970116 4.104165  4.074779  4.066408  4.148304  4.1824102
 4.1319785 4.071989  4.0809827]
[ 0.07162535  0.19344485  0.09750903  0.24930847  0.48721862  0.38576174
  0.23241878  0.4389242   0.25901484  0.31084156  0.32927477  0.2942487
  0.07925391  0.2912804   0.27198637  0.27661693  0.32019174  0.25005054
  0.5471488   0.26978981 -0.08605134  0.23434818  0.41574168 -0.08248937]
[4.049875  4.0156503 4.032006  4.0798254 3.9415019 4.020548  3.9950206
 3.9322705 4.0204887 3.972224  3.9662576 3.990657  4.0473814 4.076352
 4.033668  4.0147896 4.0323024 3.983177  3.9506147 4.0912533 4.1341157
 4.02693   3.985047  4.035093 ]
[20.198675 20.609163 20.576097 20.394169 20.73217  20.578026 20.239431
 20.474817 20.52338  20.216337 20.181875 20.419132 20.673695 20.816084
 20.458818 20.687468 20.61151  20.603613 20.515245 20.644783 20.399837
 20.490046 20.4736   20.666304]
[64.59865  65.023445 65.04948  64.75267  65.35628  64.90507  64.893845
 65.291626 65.12564  64.99824  64.94903  65.00765  65.139206 65.40149
 64.82676  65.12181  64.938934 65.3908   65.11867  65.01424  64.47362
 64.96538  65.107445 65.08548 ]
[115.56033  115.60584  115.357956 115.32066  114.88475  115.046036
 115.866844 115.02852  115.02573  115.46501  115.58071  115.36143
 115.345924 115.01865  115.659615 114.904564 115.18362  115.12735
 115.23654  115.28599  115.62969  115.266785 114.904945 115.51984 ]
[186.36916 186.53293 186.37491 186.29146 186.27977 186.25754 186.53018
 186.32993 186.2762  186.36938 186.4664  186.44077 186.3761  186.28955
 186.43852 186.29205 186.44933 186.29391 186.38138 186.1761  186.41698
 186.5026  186.25165 186.58412]
[213.64572 213.31966 213.31786 213.3526  212.90225 213.16148 213.65034
 213.17247 213.15366 213.20792 213.27344 213.4581  213.01819 213.02525
 213.45973 213.2966  213.37405 212.68678 213.04553 212.8138  213.56668
 213.72304 213.21481 213.48024]
[324.82117 324.80704 324.47888 324.72177 324.92447 324.58228 324.79166
 324.67896 324.9234  324.78305 324.4901  325.14917 324.54922 324.81464
 324.8737  324.9108  325.12625 324.52652 324.77545 324.40784 324.59198
 324.85797 324.62408 324.683  ]
[405.40433 405.6448  405.55112 405.61667 406.36966 405.88324 405.80975
 406.3223  405.83145 405.8629  405.70868 405.78214 405.38638 406.03375
 405.85086 406.0483  405.58075 405.92233 406.44925 405.9359  404.83145
 405.56204 406.01205 405.13562]
[453.37405 453.3125  453.50726 453.92575 454.50238 454.25497 453.30667
 454.76517 454.04852 454.14615 453.95297 453.62457 453.53723 454.08185
 453.65366 454.06158 453.564   454.33655 454.5735  454.23535 452.92566
 453.45837 454.3133  452.94952]
[394.20328 394.10794 394.36026 394.639   395.40912 395.05652 394.14304
 395.58258 394.92267 394.93613 394.71356 394.38046 394.32782 394.9697
 394.40823 394.93817 394.35287 395.18713 395.39706 395.22104 393.78775
 394.193   395.18704 393.70914]
[139.1696  139.39252 139.90283 139.60303 141.13008 140.48016 139.2282
 141.17937 140.55524 140.17218 139.85262 139.91493 139.69861 140.71962
 139.63    140.54065 139.46826 140.90005 140.85585 140.46773 138.5947
 139.63153 140.65236 138.87161]
[104.35883  104.21183  104.42838  104.64899  104.766014 104.82112
 103.92537  104.59267  104.72217  104.513336 104.16833  104.30955
 104.411865 105.128    104.41359  104.66296  104.54376  104.81296
 104.60718  105.11374  104.57208  104.20866  104.62824  103.95658 ]
[4.942624  4.9361534 4.9275155 5.077831  4.9843884 5.1283813 4.9027004
 4.9213414 4.742857  4.9810343 4.805429  4.8197064 4.7564516 5.3200154
 5.084094  4.837457  4.9418526 5.0255294 5.019118  5.1965337 4.8821893
 4.8112764 4.9110713 4.710888 ]
[3.9041605 3.824699  3.6732852 3.669367  3.3819158 3.642979  3.8176343
 3.4020114 3.5297675 3.692431  3.8410542 3.6838229 3.8845994 3.6070623
 3.762869  3.3275661 3.6923716 3.7355902 3.477822  3.6373093 3.9719567
 3.786734  3.5206845 3.7326515]
[-3.8883395 -3.7454152 -4.1319485 -3.9159448 -3.924078  -3.8317041
 -3.5294409 -3.93138   -4.132127  -3.8544414 -3.5942688 -3.7336905
 -4.0575924 -4.1656094 -3.7471368 -4.1789665 -3.6777675 -4.1938972
 -3.6795485 -4.1726146 -4.101642  -3.7186708 -3.7993197 -4.0842776]
[3.6189356 3.5027559 3.478475  3.4828682 3.119903  3.3567445 3.531311
 3.2183917 3.4498901 3.3564477 3.513145  3.4627132 3.6881566 3.231571
 3.4452002 3.2767782 3.4160812 3.3651745 3.1834843 3.355765  3.773733
 3.5849483 3.332731  3.6541398]
[2.8793807 2.9439416 2.790272  2.8722866 2.8540907 2.9136944 3.0251842
 2.835242  2.7952292 2.8883748 2.9988256 2.9656992 2.821558  2.7728777
 2.946435  2.7782207 2.982203  2.748983  2.9751384 2.770889  2.8671513
 3.010966  2.9172564 2.782495 ]
[2.6274602 2.5735557 2.5876255 2.530159  2.2502768 2.4182832 2.5498981
 2.2829876 2.4973888 2.4165616 2.4801428 2.4975371 2.685283  2.4371915
 2.5229757 2.4170365 2.4737017 2.470021  2.2689476 2.4903836 2.8248825
 2.5900595 2.3551176 2.712354 ]
[-1.6770959 -1.5411769 -1.6925905 -1.5510317 -1.3835002 -1.4307557
 -1.4523057 -1.3989651 -1.5867405 -1.4903297 -1.408998  -1.4618933
 -1.6892956 -1.5811007 -1.4855804 -1.5813382 -1.458361  -1.5970405
 -1.2715652 -1.6019086 -1.8298452 -1.4925263 -1.4015476 -1.8024774]
[4.0336084 3.997781  3.9825537 4.0169563 3.8062954 3.930905  4.0118804
 3.8246396 3.94916   3.9149058 3.9602616 3.9756672 4.0435524 3.9352684
 4.000482  3.8986099 3.9684246 3.9154105 3.8607638 3.9656045 4.147087
 4.0353003 3.8831153 4.0383577]
[-0.22443402 -0.09688568 -0.22766948 -0.06889451  0.15055275  0.07100201
 -0.0184629   0.11033213 -0.07984757  0.00436342  0.05060971  0.01501966
 -0.24452949 -0.06286883 -0.01095307 -0.0736438   0.01267469 -0.09094906
  0.25218773 -0.08219254 -0.3942511  -0.04223907  0.09373927 -0.40576816]
[5.215323  5.146458  5.197038  5.1900625 4.9737024 5.098253  5.1181703
 4.98329   5.1511183 5.0734377 5.068599  5.1212277 5.2216454 5.1600533
 5.159044  5.119862  5.114727  5.1005087 4.9845366 5.18285   5.3755527
 5.1947527 5.0364227 5.2189145]
[-0.45373607 -0.32511914 -0.43598557 -0.2817818  -0.0309298  -0.12962615
 -0.2721051  -0.07785881 -0.27249098 -0.20896912 -0.17786121 -0.21125472
 -0.4591384  -0.24669635 -0.24260008 -0.25462174 -0.19840193 -0.2859968
  0.04479182 -0.27652788 -0.6277088  -0.26898837 -0.09670758 -0.6274713 ]
[4.2276173 4.170715  4.2087092 4.2242928 4.0271378 4.136817  4.1448607
 4.0313525 4.1739206 4.1071634 4.1015234 4.1447716 4.228359  4.1913147
 4.1860905 4.1532907 4.1590195 4.1182055 4.0379124 4.2138443 4.366267
 4.2112026 4.0845747 4.2287455]
[0.53601766 0.6519302  0.56697714 0.7054192  0.9218091  0.82729805
 0.68283033 0.8746129  0.7143241  0.75858164 0.77066267 0.7438588
 0.5428448  0.7445712  0.72708786 0.7364677  0.77140474 0.6970782
 0.9757136  0.7238524  0.4035716  0.69387245 0.85157883 0.39819896]
[4.6730423 4.6577554 4.657933  4.6285176 4.379387  4.517176  4.5929275
 4.363566  4.5265265 4.4414845 4.488858  4.503611  4.7221084 4.6683226
 4.5697155 4.5398245 4.613854  4.52614   4.339315  4.6746154 4.851616
 4.525606  4.4690304 4.860046 ]
[46.011112 46.534542 46.550957 46.303963 47.474163 46.655056 46.138718
 47.05836  46.878185 46.653305 46.509163 46.52742  46.770523 47.07908
 46.213818 46.839508 46.70531  47.36377  46.969254 46.745026 45.823513
 46.443565 46.78038  46.46832 ]
[77.32608  77.38364  77.38569  77.48355  76.8985   77.12881  77.42612
 77.02628  77.21646  77.1554   77.006546 77.28474  77.36209  77.485275
 77.40353  77.37396  77.37426  76.94359  76.99518  77.33911  77.683556
 77.39896  77.238075 77.67884 ]
[127.71935  127.87696  127.6441   127.42632  126.853676 127.09238
 128.03021  126.85524  127.20373  127.47404  127.75265  127.565285
 127.84128  127.308556 127.585724 126.95533  127.548485 127.46678
 127.01446  127.29849  128.13802  127.53087  126.98301  128.20853 ]
[95.317406 95.31323  95.032265 95.26926  94.54922  94.73974  95.403824
 94.61691  94.91827  94.96748  95.0847   95.09723  95.272446 94.86322
 95.14218  94.818924 95.380066 94.715    94.69551  94.86793  95.64383
 95.29391  94.76479  95.70042 ]
[100.06713   99.90096   99.81012   99.90328   99.36899   99.36334
  99.95497   99.372475  99.65681   99.67827   99.57386   99.81613
  99.982414  99.7058    99.69813   99.63183  100.08955   99.54389
  99.26661   99.4923   100.36683  100.079346  99.398964 100.55315 ]
[117.53677  117.4459   117.361984 117.657524 117.85464  117.44376
 117.52619  117.80855  117.70238  117.69923  117.41904  117.67662
 117.44262  117.63011  117.45077  117.73684  117.81965  117.54703
 117.695114 117.396576 117.27091  117.645325 117.64835  117.59967 ]
[193.79964 193.07655 193.49925 193.2878  191.55571 192.5849  193.17885
 192.15321 192.99257 192.5067  192.69754 192.93524 193.34456 192.58032
 193.18808 192.92928 192.66362 192.09145 191.7697  192.75305 194.47798
 193.4848  192.37549 193.91823]
[141.0371  141.233   141.2151  141.53656 142.75667 142.04097 141.46042
 142.80925 141.86371 141.92694 141.70578 141.64194 140.91362 142.071
 141.57173 142.07431 141.47012 141.97626 142.74179 141.91911 139.97885
 141.09761 142.3222  140.56067]
[84.06029  84.11578  84.33692  84.1894   84.43863  84.33749  83.92719
 84.468704 84.46241  84.158066 83.97071  84.05952  84.25864  84.742
 84.20915  84.43514  83.951416 84.64981  84.32158  84.776695 84.07632
 83.71127  84.148125 84.14624 ]
[ 9.899348   9.8721285  9.951738   9.915881   9.976287   9.956696
  9.730599   9.858326   9.96753    9.932356   9.797802   9.813029
  9.9857855 10.221053   9.897121   9.897834   9.879372  10.177775
  9.870733  10.238745  10.043608   9.681058   9.792934   9.82232  ]
[2.65934   2.687984  2.6062367 2.6783667 2.7130663 2.7514763 2.7138677
 2.7342896 2.6463387 2.703538  2.759372  2.68086   2.669343  2.7079015
 2.7219415 2.5682423 2.688815  2.746549  2.754296  2.7184389 2.5691032
 2.643311  2.6945143 2.5463362]
[3.8150816 3.8126476 3.7518566 3.8461003 3.7728128 3.8560443 3.8618324
 3.8371658 3.7999728 3.7899992 3.8777425 3.8158236 3.8371658 3.7850718
 3.8353255 3.7267447 3.7995572 3.821226  3.8427165 3.8122914 3.7380538
 3.8237786 3.8443787 3.7556856]
[3.3909988 3.4483466 3.3559728 3.4962552 3.5710566 3.5636952 3.5157866
 3.598751  3.475388  3.49955   3.5682962 3.496552  3.424422  3.46396
 3.4919214 3.428845  3.485688  3.5037353 3.6511714 3.4828978 3.2361422
 3.4668095 3.596228  3.2841396]
[4.9820137 4.9805593 4.955447  5.038768  4.991928  5.0435767 5.0139527
 5.035859  5.0147543 4.985249  5.0278444 4.992373  5.01796   5.0103016
 5.0095005 4.9689827 4.974504  5.0248466 5.0430126 5.038026  4.9314337
 5.00582   5.050849  4.924399 ]
[3.4859848 3.551555  3.4877956 3.6259704 3.7307816 3.6967943 3.6017194
 3.7474635 3.6137114 3.626089  3.6559207 3.6040049 3.5293815 3.635944
 3.6073887 3.5953078 3.6029067 3.641198  3.7899399 3.642504  3.3396175
 3.573283  3.7338982 3.3865168]
[4.903591  4.928169  4.896912  5.02544   5.0472574 5.0526004 4.969695
 5.0729923 4.989108  4.9786596 4.9961133 4.9628386 4.9310184 5.0277553
 4.983943  4.9747415 4.9650946 5.003059  5.100865  5.0417957 4.802906
 4.951559  5.0737348 4.8196173]
[3.896829  3.966317  3.9127092 4.0754023 4.2159224 4.1556063 4.0176983
 4.2253613 4.061659  4.077035  4.0845447 4.035657  3.9357731 4.10562
 4.0439086 4.0588093 4.041534  4.0898285 4.2725873 4.1095676 3.7255275
 3.992646  4.1979938 3.7749796]
[5.583542  5.604439  5.591883  5.7267036 5.76921   5.75888   5.6405635
 5.791235  5.697941  5.6804276 5.6738677 5.6506557 5.6097817 5.7514296
 5.676213  5.694943  5.654099  5.709517  5.8145657 5.7621155 5.479117
 5.6369715 5.781647  5.484608 ]
[4.6522937 4.7126393 4.678207  4.8428    4.9831715 4.91867   4.757461
 4.9932637 4.830808  4.8351417 4.8245153 4.784324  4.690941  4.887176
 4.798958  4.837012  4.79314   4.855445  5.0308127 4.890204  4.4849997
 4.7445784 4.9620667 4.5271497]
[5.7620564 5.7898397 5.779866  5.930003  6.0017176 5.9728656 5.826231
 6.0208335 5.903229  5.887052  5.869717  5.8437147 5.7909975 5.968799
 5.870934  5.9092846 5.854638  5.917329  6.043304  5.977496  5.6364374
 5.8222833 6.004567  5.65306  ]
[4.8541985 4.9067373 4.877915  5.049157  5.177566  5.1181107 4.9473143
 5.1857586 5.026093  5.026776  5.010658  4.970111  4.888423  5.101488
 4.9924917 5.0379963 4.99267   5.0511456 5.220191  5.1057925 4.6892786
 4.929148  5.161448  4.730776 ]
[5.239307  5.272344  5.2518034 5.4176135 5.499272  5.467125  5.3099823
 5.5136085 5.3800344 5.371367  5.3580394 5.3210244 5.265339  5.4646316
 5.352073  5.389563  5.3489566 5.400694  5.541303  5.473477  5.0976295
 5.2882843 5.5022993 5.1257396]
[5.1638527 5.2153826 5.188994  5.3698235 5.504021  5.4403505 5.255603
 5.5099277 5.3415356 5.3420105 5.320134  5.278103  5.195999  5.4322176
 5.3045506 5.3597016 5.309003  5.369111  5.54439   5.4361653 4.990681
 5.231797  5.487072  5.036126 ]
[6.609925  6.663028  6.6325135 6.8175282 6.950746  6.8898363 6.694937
 6.942791  6.768403  6.7667108 6.743944  6.6956496 6.6391034 6.926228
 6.7361374 6.803399  6.7595277 6.8187156 6.9779954 6.9234376 6.427641
 6.62349   6.9397635 6.5001564]
[23.035343 23.638176 23.542805 23.453964 24.183575 23.707338 23.39151
 24.047329 23.629807 23.457823 23.431196 23.449274 23.593712 24.122843
 23.483171 23.857119 23.593058 23.93682  23.982828 23.807756 22.723433
 23.358622 23.841507 23.574951]
[69.75185  70.43049  70.295784 70.18186  70.96784  70.52865  70.287
 70.8592   70.20739  70.13867  70.120865 70.127335 70.17043  70.90206
 70.31695  70.54961  70.302734 70.58187  70.87565  70.67502  69.33382
 69.98702  70.592705 70.283646]
[128.50453 129.17433 128.95297 128.87885 129.75632 129.24869 129.0474
 129.63829 129.07416 129.06453 129.0735  129.0249  128.94148 129.47314
 129.07248 129.18513 129.08893 129.45087 129.66354 129.24077 128.02324
 128.73141 129.28714 128.90327]
[220.96834 221.07878 221.0258  221.1516  221.64333 221.51778 221.16682
 221.83128 221.24158 221.27095 221.29051 221.16808 220.86996 221.53638
 221.23723 221.22516 221.14973 221.41281 221.64964 221.37196 220.37358
 220.90573 221.5036  220.7696 ]
[418.88797 418.8429  418.82397 419.13263 419.91977 419.38885 418.89142
 419.85336 419.596   419.46378 419.19443 419.1956  419.01    419.4513
 419.0312  419.40414 419.1029  419.67297 419.75107 419.45837 418.2347
 418.7652  419.54587 418.37415]
[725.75244 726.02716 726.05145 726.1954  725.636   726.0392  724.88385
 724.45654 725.92114 725.58563 725.4414  725.68506 726.71027 726.7296
 725.5587  725.39056 726.5753  726.51654 725.1644  726.57465 727.2432
 725.4767  725.4526  726.2076 ]
[624.2221  625.14844 623.92474 623.84735 625.46454 624.0421  626.79706
 625.90106 623.61847 624.8509  625.4329  625.58875 622.70123 622.4553
 625.1398  624.78644 624.9567  622.56525 626.047   621.43805 621.3201
 626.433   625.3859  624.3214 ]
[295.25626 294.71063 296.0812  295.38458 295.1575  295.68747 293.4564
 295.00522 296.19113 294.67328 293.88824 294.4572  295.79517 297.01337
 294.8234  296.0247  294.56512 296.43265 294.26334 297.15564 296.68225
 294.16696 294.89307 295.3079 ]
[113.06978  112.76531  113.35279  113.088165 113.32278  113.367424
 112.498436 113.31999  113.428375 113.14062  112.61454  112.817276
 113.10839  113.91797  113.025505 113.39163  112.637695 113.76733
 113.12442  114.018776 113.30764  112.61958  113.06749  112.655945]
[66.77207  66.7887   66.72998  66.97371  66.989235 67.05926  66.61588
 66.845566 66.922005 66.850494 66.674774 66.7662   66.842575 67.187874
 66.86329  66.77576  66.97229  66.987274 66.922035 67.17238  66.78739
 66.61303  66.918915 66.554825]
[1.873509  1.9116222 1.7011392 1.954069  1.8660883 1.9350421 2.0041444
 1.7179102 1.5445014 1.8723217 1.7995981 1.8567084 1.5420971 1.8961276
 1.9879671 1.6527854 2.0059254 1.6474425 1.9681388 1.7684308 1.6700907
 1.8473879 1.8301717 1.6480955]
[7.4332747 7.301719  7.233092  7.093433  6.75555   7.00097   7.240928
 6.747684  7.0193734 7.118812  7.2368913 7.1239767 7.4281993 6.9795685
 7.1786237 6.8042603 7.107859  7.2075644 6.770154  7.0629187 7.624523
 7.255117  6.844392  7.3684173]
[-0.33209467 -0.22695708 -0.51001525 -0.42847574 -0.539639   -0.4083506
 -0.08245969 -0.522779   -0.5951464  -0.4160682  -0.1929996  -0.2714224
 -0.44043803 -0.64468753 -0.2816037  -0.62880707 -0.24007702 -0.6588167
 -0.3673582  -0.666564   -0.39573526 -0.19383073 -0.3972788  -0.37356198]
[-0.7282158  -0.7628857  -0.82148015 -0.82115364 -1.1404252  -0.95472765
 -0.7413951  -1.079367   -0.8682904  -0.9460305  -0.79725873 -0.82907903
 -0.62723386 -1.0637537  -0.84501886 -0.99111915 -0.862146   -0.94309187
 -1.0743803  -0.96407783 -0.5780786  -0.7223979  -0.9570726  -0.6129563 ]
[-0.4408239  -0.360353   -0.5194248  -0.41945207 -0.4026811  -0.35780025
 -0.26602006 -0.4005736  -0.49505496 -0.39027357 -0.27008665 -0.33375692
 -0.4786402  -0.5163971  -0.3475002  -0.52179945 -0.32583153 -0.5112916
 -0.27608263 -0.50811553 -0.50419736 -0.31247413 -0.34954834 -0.539639  ]
[3.1512187 3.1045866 3.0965128 3.074191  2.8091803 2.971161  3.1028945
 2.8352716 3.0207317 2.9674208 3.0368497 3.0494354 3.1855323 2.9744854
 3.0690558 2.948661  3.0266683 2.9933045 2.852369  3.0169916 3.3164349
 3.1296985 2.9172564 3.2018285]
[-1.7428737 -1.6023835 -1.7764453 -1.6086466 -1.4244926 -1.4785455
 -1.492556  -1.4466659 -1.6521324 -1.537051  -1.4460425 -1.5065367
 -1.7697666 -1.64955   -1.5365463 -1.6534681 -1.5063289 -1.6622543
 -1.294154  -1.667627  -1.9242375 -1.551566  -1.4444693 -1.9018564]
[4.986585  4.9292965 4.9490657 4.9598703 4.7341003 4.8653293 4.9236865
 4.7463894 4.908845  4.8501616 4.8719783 4.9110713 4.9986067 4.899999
 4.9358563 4.8624206 4.8947453 4.8661604 4.771204  4.9271593 5.1370487
 4.9786596 4.80905   4.9898796]
[-0.08326113  0.03953791 -0.09050381  0.0518564   0.2434609   0.1770004
  0.11368632  0.20514     0.03674769  0.11763418  0.16782832  0.13793743
 -0.10427678  0.0493927   0.11300361  0.04458404  0.13838267  0.018641
  0.34079182  0.02618051 -0.23004413  0.09590614  0.19884717 -0.24343121]
[4.8877997 4.8234763 4.8712068 4.858146  4.6411924 4.7657127 4.7876487
 4.6368585 4.814957  4.7371283 4.7310724 4.7888064 4.8953686 4.841197
 4.827365  4.788925  4.7915373 4.7688293 4.6458526 4.8600755 5.057201
 4.8546433 4.700707  4.901365 ]
[-0.5603281  -0.43589652 -0.55029523 -0.4032154  -0.18400562 -0.26818693
 -0.38314962 -0.2290349  -0.40662897 -0.34019816 -0.30279744 -0.33844686
 -0.5673927  -0.38047814 -0.36302447 -0.39119375 -0.31944966 -0.42031288
 -0.1077497  -0.40502608 -0.71497715 -0.390422   -0.2413534  -0.7153927 ]
[4.157981  4.1148214 4.1369057 4.1759987 4.004341  4.1079645 4.0949636
 4.000393  4.1167507 4.059789  4.0589285 4.0922623 4.1615725 4.167034
 4.1331954 4.097457  4.1170774 4.080478  4.0228634 4.1850224 4.2709546
 4.1319485 4.0578895 4.1457515]
[-0.8501837  -0.70126355 -0.8163153  -0.6282134  -0.3106041  -0.446998
 -0.6554922  -0.37005937 -0.60897875 -0.54551625 -0.522779   -0.5795034
 -0.827773   -0.5524918  -0.6117393  -0.59208906 -0.54566467 -0.5903971
 -0.24592459 -0.57766306 -1.0693638  -0.67926836 -0.4039278  -1.0354954 ]
[4.677554  4.654906  4.6561823 4.652709  4.406102  4.555794  4.603584
 4.3972564 4.543     4.46152   4.5044127 4.520174  4.7093744 4.703497
 4.591325  4.5549927 4.623323  4.5409822 4.385175  4.7088995 4.838674
 4.5310087 4.503789  4.8207455]
[38.929432 39.433987 39.43749  39.19269  40.25775  39.47082  39.00524
 39.8326   39.745094 39.503918 39.363667 39.40374  39.72684  39.891075
 39.080936 39.68184  39.61749  40.198948 39.7296   39.568333 38.84151
 39.374027 39.581303 39.456306]
[153.26807 153.5186  153.45732 153.01886 153.27788 153.28494 153.01262
 152.8989  153.18079 152.94286 152.96054 153.1958  153.66052 153.27101
 153.22537 153.13135 153.4043  153.43073 153.01353 153.31172 153.75809
 153.35442 152.81549 153.6441 ]
[306.91168 307.07053 306.9162  307.02634 307.47528 307.38654 307.30176
 307.63788 307.2821  307.10294 307.2449  307.40442 306.75235 307.20724
 307.1684  307.364   307.28937 306.9386  307.526   306.89417 306.4573
 307.31525 307.6359  306.77347]
[278.76974 277.95105 278.0788  278.40735 277.44366 278.47284 278.79333
 278.38284 277.98108 277.98935 278.42987 278.33887 277.2868  277.7011
 278.4617  278.037   278.02512 277.01587 278.0002  277.65802 278.18265
 278.5619  278.57758 277.7816 ]
[448.2518  448.1063  447.72974 448.50543 449.28378 448.7514  448.3826
 449.27475 448.71396 449.05408 448.76596 448.8149  447.96793 448.66653
 448.46765 448.6225  448.7708  448.73242 449.4803  448.48447 447.50085
 448.4378  449.0717  447.3151 ]
[413.5556  414.01538 413.6642  414.2286  415.39453 414.76233 414.56668
 415.3554  414.22852 414.7212  414.8326  414.49915 413.42566 414.44073
 414.32797 414.58508 414.3269  414.4143  415.76395 414.25183 412.4768
 414.10135 415.27945 412.9746 ]
[358.33762 358.51248 358.56577 358.94907 360.10052 359.5408  358.6862
 360.3312  359.27588 359.3142  359.17148 358.94257 358.35162 359.39536
 358.96854 359.44293 358.7682  359.36758 360.2264  359.349   357.37982
 358.6645  359.78745 357.7353 ]
[172.52063 172.79863 173.05264 173.23418 174.76775 174.07077 172.69968
 174.69402 173.77945 173.6329  173.247   173.23305 172.71089 174.40262
 173.21028 174.0156  173.1389  174.18483 174.6395  174.18132 171.82442
 172.72516 174.16063 171.97139]
[122.32221  122.04313  122.46556  122.55295  122.81881  122.705986
 122.02263  122.96697  122.65781  122.44257  122.01913  122.1732
 122.06578  123.0705   122.42432  122.83693  122.20879  122.63462
 122.65749  123.086876 122.21005  122.11869  122.556114 121.95592 ]
[35.823868 35.7282   35.686554 35.950287 36.064003 35.971214 35.895046
 36.060677 35.985134 35.998375 35.89119  35.929184 35.717037 35.794094
 35.873142 35.91603  35.880234 35.87133  36.186802 35.936604 35.61012
 35.820393 36.078785 35.501865]
[0.9562712  0.957132   0.8514898  0.8435347  0.63376415 0.76965344
 0.8774328  0.54887044 0.71408665 0.8610774  0.8486402  0.7722062
 1.0422928  0.8952427  0.8710213  0.5717561  0.8521428  1.0097008
 0.6540674  0.92516327 1.1409298  0.82251906 0.62548256 0.92958605]
[-5.080324  -4.936658  -5.1706796 -5.1345553 -5.0850735 -5.006354
 -4.8714147 -5.0603476 -5.205943  -5.0682135 -4.915286  -4.9981613
 -5.0867653 -5.1581235 -4.977591  -5.256939  -4.9731383 -5.1443806
 -4.9911265 -5.209416  -5.2046666 -4.9700217 -5.018613  -5.1360393]
[1.2152563 1.2636695 1.0883017 1.1896101 0.9820658 1.1430076 1.3463963
 1.061201  1.0999078 1.1063787 1.303712  1.2222912 1.2859615 0.9657104
 1.2091713 0.9809972 1.2088151 1.0581733 1.1219623 1.0153999 1.18869
 1.2897016 1.1687132 1.2525086]
[2.5866458 2.6949003 2.4725738 2.6624565 2.743907  2.7523074 2.832897
 2.7374954 2.5912468 2.7193592 2.8546844 2.757205  2.5687766 2.53381
 2.7222087 2.5244005 2.7710078 2.5835292 2.9028897 2.5684204 2.4271586
 2.7273142 2.8036294 2.4266539]
[4.5471563 4.4863653 4.4876413 4.4487863 4.208917  4.3679886 4.474818
 4.253798  4.442998  4.3780513 4.448341  4.430917  4.6174755 4.358876
 4.443562  4.329935  4.3985033 4.4349537 4.2354536 4.4253664 4.710532
 4.5177107 4.3231673 4.575919 ]
[0.19409788 0.3283249  0.15708303 0.30122423 0.44673085 0.4113189
 0.4248247  0.43672764 0.26851344 0.36308384 0.45655596 0.3992082
 0.19460249 0.25316727 0.3687533  0.25245488 0.4051448  0.25545287
 0.56065464 0.23618853 0.04532611 0.37501645 0.4522816  0.07702768]
[4.3889155 4.3721447 4.3462906 4.3899546 4.21708   4.319843  4.3908744
 4.2362847 4.335664  4.30417   4.3506837 4.3574514 4.4154816 4.311027
 4.375024  4.2841635 4.3489027 4.3052387 4.2718453 4.3405023 4.476599
 4.410792  4.2884974 4.392685 ]
[0.5452788  0.66062737 0.5313574  0.6811087  0.8569515  0.79948497
 0.7361412  0.8327004  0.6663265  0.74308705 0.7960714  0.7525263
 0.540856   0.67169917 0.7313919  0.65593743 0.7552571  0.6612507
 0.9530951  0.661785   0.4002174  0.7088921  0.82165825 0.39119375]
[4.8913913 4.8428    4.8631625 4.8859    4.7025766 4.8155212 4.836685
 4.7208614 4.842503  4.7876782 4.8014812 4.829383  4.902404  4.848618
 4.8608174 4.8017483 4.8204784 4.8097925 4.7337737 4.871177  5.0061164
 4.888304  4.76506   4.8765497]
[0.6280056  0.75415885 0.6510991  0.8006129  1.0374248  0.937927
 0.8118628  1.0001428  0.81236744 0.8721492  0.8948271  0.867489
 0.63008344 0.82376575 0.8409226  0.8267044  0.8683201  0.7964573
 1.1129683  0.7992475  0.460207   0.81655276 0.9711721  0.46534216]
[4.8909163 4.844284  4.8789835 4.907242  4.747042  4.8373384 4.8250494
 4.7495947 4.8644686 4.8032618 4.7923684 4.832559  4.894983  4.8876214
 4.8694553 4.8470445 4.84188   4.8178363 4.761082  4.905283  5.0011
 4.88774   4.793288  4.8753624]
[ 0.11469555  0.2344966   0.13814521  0.2910726   0.52248216  0.4236374
  0.27640915  0.47926354  0.29979944  0.35180426  0.37145448  0.33482552
  0.12407541  0.32568312  0.31372082  0.313424    0.35812676  0.29068673
  0.58380747  0.30677497 -0.04390132  0.27821982  0.45432973 -0.03829122]
[4.0180545 3.9741237 3.9905384 4.0323324 3.8614168 3.9643579 3.947023
 3.8500779 3.959757  3.9041605 3.9058228 3.930519  4.012741  4.037319
 3.98009   3.9523065 3.984216  3.9262447 3.8672645 4.05406   4.1218266
 3.9623098 3.920041  4.017194 ]
[16.392826 16.809635 16.722723 16.778053 17.55302  17.020712 16.583302
 17.360435 17.165121 16.937689 17.01071  16.963335 17.00311  17.19605
 16.616577 17.109228 17.072628 17.420158 17.293442 16.896193 16.144527
 16.796131 17.20362  16.786633]
[44.386406 44.88535  44.87885  44.725178 45.130444 44.924057 44.691013
 45.04169  44.794636 44.611435 44.45616  44.683178 44.831    45.236176
 44.851776 45.065674 44.792885 44.861156 44.999035 45.105064 44.420124
 44.637585 44.94237  44.8695  ]
[188.37148 188.59616 188.45135 188.03545 188.14658 188.12079 188.8031
 188.34541 188.23016 188.4106  188.86699 188.49144 188.61374 188.14854
 188.3672  187.96935 188.11087 188.5682  188.29117 188.0942  188.24763
 188.38579 188.18225 188.68916]
[369.32614 369.64825 369.4949  369.5018  370.31177 369.85184 369.60434
 370.277   369.9243  369.77844 369.6987  369.884   369.53015 369.84833
 369.68143 369.97775 369.8722  369.8221  370.15784 369.55963 368.9656
 369.79898 370.00052 369.384  ]
[570.76215 570.63184 570.5704  570.5929  570.53485 570.5773  570.8279
 570.5534  570.62274 570.5908  570.7285  570.79584 570.58777 570.41223
 570.7069  570.5988  570.7695  570.3723  570.60535 570.34    570.76196
 571.03827 570.60114 570.5748 ]
[647.39935 647.4602  647.2475  647.64056 647.8013  647.75604 647.3398
 647.6525  647.6915  647.7182  647.61414 647.7188  647.518   647.64514
 647.4966  647.5453  647.9247  647.68005 647.7195  647.53796 647.4119
 647.44165 647.7298  647.2697 ]
[641.689   641.4069  641.7945  641.86755 641.49255 641.80817 641.1885
 641.6939  641.975   641.67596 641.4388  641.5479  641.76654 641.95105
 641.5836  641.8841  641.46814 641.91187 641.4717  642.04614 642.12836
 641.5322  641.63055 641.6023 ]
[552.7302  552.43036 553.0074  552.9807  552.833   553.05695 552.00793
 553.0259  553.2799  552.8121  552.36127 552.54443 552.92596 553.4448
 552.66705 553.2283  552.4743  553.3538  552.6743  553.5512  553.2371
 552.4274  552.81506 552.62524]
[361.3027  361.06494 361.7303  361.70453 362.02466 362.05136 360.5059
 362.22437 362.13107 361.57507 360.9219  361.08582 361.55014 362.66248
 361.4128  362.16104 361.12253 362.4134  361.7066  362.7263  361.58847
 360.85352 361.72876 361.05075]
[306.9259  306.44968 307.38525 307.19867 307.37808 307.35748 306.07297
 307.41458 307.67752 307.00296 306.37915 306.4916  307.21216 307.99234
 306.78915 307.6418  306.42014 307.838   307.0373  308.38394 307.35318
 306.49124 307.15933 306.5352 ]
[62.42982  62.73256  61.98564  62.388382 62.507027 62.16018  63.30939
 62.527836 62.09701  62.64351  62.805668 63.014015 61.858124 61.25695
 62.764378 62.300163 62.660606 61.592846 63.103123 61.058727 61.35666
 63.092052 62.726593 62.266296]
[7.4262996 7.5832934 7.3322334 7.4864373 7.397685  7.4457417 7.5418854
 7.2677917 7.3132067 7.5180798 7.5037723 7.4021077 7.647468  7.5948696
 7.4645014 7.172123  7.6095924 7.649368  7.4233904 7.5704107 7.5471096
 7.4095283 7.4180474 7.473258 ]
[-0.5621388  -0.45863378 -0.5862415  -0.5415387  -0.5914954  -0.39644766
 -0.49259126 -0.55744886 -0.65908384 -0.5702126  -0.5247084  -0.58348095
 -0.54251826 -0.41036904 -0.43791497 -0.7126322  -0.49413478 -0.51705015
 -0.5262816  -0.42862415 -0.5366707  -0.571489   -0.5383626  -0.65834177]
[6.2658086 6.3745375 6.1354103 6.1803803 5.927124  6.1176004 6.4559584
 6.034043  6.0905595 6.1284647 6.343608  6.261178  6.3861732 5.9492974
 6.2765536 5.955412  6.24034   6.0574627 6.0888376 5.979604  6.279344
 6.394455  6.1546154 6.3679776]
[3.1733327 3.3003466 2.9892676 3.215156  3.2113566 3.2634506 3.4941773
 3.2090118 3.0737755 3.2587607 3.442796  3.331514  3.1122448 2.9756432
 3.309697  2.9936013 3.3636904 3.0144982 3.425075  3.0316849 3.007404
 3.3279223 3.3319888 3.0147357]
[4.9363017 4.8335686 4.842622  4.748942  4.4419594 4.6329994 4.828522
 4.525606  4.785096  4.705634  4.80908   4.7566595 5.0409646 4.557872
 4.7509604 4.6067004 4.69296   4.7509604 4.4618173 4.6948595 5.141709
 4.8934097 4.609639  4.988633 ]
[3.7847455 3.888399  3.7331562 3.779432  3.746098  3.800507  3.9613006
 3.7542906 3.7274272 3.790979  3.9017563 3.8802953 3.7903852 3.6750662
 3.8650086 3.7091722 3.8882208 3.669367  3.84895   3.6651225 3.7938285
 3.9409082 3.823749  3.7860217]
[3.1997507 3.1935172 3.1578677 3.1423435 2.902593  3.0244422 3.207587
 2.9236977 3.086094  3.0490494 3.1135805 3.1328745 3.2462344 3.011916
 3.1505063 3.0359294 3.1171424 3.0323675 2.9516592 3.0510678 3.3507783
 3.2264357 3.0008738 3.2904325]
[0.7436807  0.83326435 0.70966387 0.80951786 0.86469877 0.8664501
 0.9045335  0.85051024 0.7605407  0.83676696 0.9050678  0.8728616
 0.72314    0.7553165  0.87265384 0.7496767  0.8783233  0.73780346
 0.96336544 0.75929403 0.6835724  0.8690028  0.86576736 0.6503273 ]
[5.0035043 4.93648   4.964946  4.9170966 4.6602783 4.8010063 4.9140096
 4.661852  4.8655076 4.80908   4.826741  4.882457  4.9936495 4.852536
 4.919234  4.832114  4.8699303 4.8113356 4.676426  4.8750954 5.192437
 4.975127  4.7325864 5.0394506]
[0.8600979  0.95772564 0.8454641  0.94561493 1.0518805  1.0219005
 1.01914    1.0199118  0.9159912  0.9824517  1.0327646  1.0207132
 0.8252796  0.9145367  1.0103241  0.92890334 1.023919   0.87108064
 1.1384958  0.8971127  0.7765399  1.0114818  1.0303009  0.74697554]
[4.9194417 4.832292  4.895161  4.843275  4.5758896 4.717834  4.7880344
 4.576513  4.804479  4.7166467 4.710235  4.782098  4.91493   4.7912107
 4.8226156 4.7766957 4.776844  4.7298555 4.57022   4.817747  5.1332197
 4.8822784 4.6468916 4.9570503]
[ 0.07981789  0.16652226  0.07539511  0.16661131  0.2803867   0.2462511
  0.19296992  0.2301035   0.14509106  0.19109988  0.22826314  0.21520257
  0.05411232  0.17213237  0.20650542  0.16414762  0.24800241  0.10875893
  0.3367846   0.1531055   0.01487124  0.19653189  0.24892259 -0.022856  ]
[2.4760466 2.4052525 2.429652  2.4056976 2.1472764 2.2884197 2.360312
 2.1295853 2.3298275 2.2649996 2.280613  2.3246627 2.4590383 2.3622117
 2.3746786 2.312077  2.373076  2.2692442 2.137659  2.3883033 2.659607
 2.3976238 2.2232058 2.5254393]
[ 9.781774 10.057292  9.973467 10.017754 10.500549 10.109742  9.838468
 10.302474 10.26267  10.090626 10.193211 10.112384 10.320462 10.226545
  9.813326 10.155662 10.312448 10.497908 10.231205 10.048981  9.721605
 10.054561 10.215444 10.208735]
[68.07944  67.818375 67.71615  67.908104 67.00271  67.355286 67.81048
 66.75103  67.30094  67.587234 67.31646  67.44597  67.79291  67.19601
 67.92206  67.31614  67.78715  67.068016 67.082886 67.79941  68.8883
 67.69667  66.96751  67.91559 ]
[93.343285 93.11868  92.951454 92.74726  91.44579  91.995895 93.54731
 91.62     92.186485 92.67031  92.95583  92.723724 93.080605 92.40442
 92.89539  91.7726   92.62896  92.405014 91.68549  92.434875 93.840225
 92.778694 91.79126  93.68822 ]
[105.62356  105.68735  105.40278  105.546906 104.89358  105.11696
 105.7818   104.865555 105.17577  105.54386  105.5441   105.432106
 105.54364  105.09968  105.664696 105.04579  105.53764  105.15473
 105.16384  105.371635 106.10594  105.43752  104.95974  105.70388 ]
[113.63359  113.71568  113.497734 113.39396  112.627304 112.88261
 113.85633  112.58864  113.07166  113.30524  113.444595 113.41462
 113.68159  113.17497  113.44476  112.869576 113.52011  113.17392
 112.73816  113.12095  114.170235 113.47446  112.785515 114.15405 ]
[106.94449  106.92265  106.7865   106.600784 105.97383  106.087776
 106.99431  106.156044 106.34801  106.43981  106.43923  106.516335
 106.85676  106.26571  106.82118  106.29732  106.49922  106.21486
 106.07657  106.434044 107.18651  106.79058  105.93131  107.367546]
[100.4523   100.11645  100.03141  100.2726    99.53345   99.66105
 100.227776  99.62144  100.0007   100.02904   99.987404 100.14002
 100.30792   99.81239   99.95358   99.83835  100.40517   99.74862
  99.50185   99.682556 100.74577  100.46745   99.72295  100.749   ]
[98.65922  98.39547  98.54569  98.49377  98.021355 97.98945  98.32446
 98.081566 98.50669  98.13191  97.80547  98.364716 98.527214 98.583626
 98.33487  98.565704 98.41353  98.14615  97.795235 98.3249   98.863914
 98.47192  98.0271   99.039665]
[100.629196 100.81829  100.83462  100.571526 100.46541  100.251625
 100.655525 100.34964  100.688416 100.445175 100.30663  100.614784
 100.93155  100.75845  100.56302  100.69969  100.62822  100.65986
 100.1978   100.56228  100.888214 100.54498  100.250854 101.346695]
[51.312485 51.421005 51.638763 51.4292   51.531902 51.440598 51.212303
 51.505306 51.584026 51.33739  51.086864 51.22973  51.566128 52.029243
 51.43475  51.626    51.245075 51.83093  51.33335  52.015263 51.560516
 51.010223 51.23071  51.617687]
[12.001802  12.040361  12.00495   12.08925   12.21472   12.152386
 12.018544  12.1280155 12.053838  12.085984  12.043121  12.010678
 12.010589  12.280498  12.074645  12.0391445 12.088983  12.201778
 12.185541  12.280142  11.917355  11.858255  12.083253  11.915277 ]
[5.345276  5.341565  5.2983766 5.4112315 5.4006643 5.43477   5.373504
 5.4213834 5.3583956 5.3816376 5.411261  5.3503814 5.3538246 5.4218583
 5.394401  5.2941318 5.3622546 5.434325  5.4448624 5.4516006 5.267892
 5.3094482 5.387871  5.2409987]
[3.8545008 3.8494546 3.8280828 3.9151433 3.8904173 3.9353871 3.8740025
 3.9288273 3.8809483 3.8672645 3.8997378 3.8550646 3.8761396 3.9249387
 3.8916047 3.836483  3.8509388 3.9252949 3.9302223 3.9453013 3.7862296
 3.8464565 3.9160635 3.7770278]
[3.7422392 3.7806194 3.7299206 3.8614762 3.9176664 3.9145496 3.8328915
 3.954978  3.8298044 3.8332179 3.8723402 3.8164172 3.7685978 3.8606749
 3.836008  3.8087888 3.812707  3.858211  3.9775076 3.8728745 3.5947437
 3.7966187 3.9398396 3.6479063]
[5.203954  5.227998  5.1946044 5.32895   5.3624325 5.3646293 5.275758
 5.4000115 5.299979  5.2867703 5.3121495 5.2667637 5.2353296 5.32426
 5.285939  5.2797356 5.2619553 5.3153253 5.4194536 5.34391   5.0798492
 5.2544456 5.394698  5.112204 ]
[4.774173  4.8127604 4.781712  4.9232707 5.0009813 4.97581   4.856395
 5.027518  4.9043627 4.896764  4.9048376 4.861827  4.8122854 4.944405
 4.8801117 4.89525   4.861975  4.927575  5.0510864 4.9566646 4.6361756
 4.8392973 5.011994  4.6714687]
[4.9700813 5.0062947 4.979758  5.128084  5.2019954 5.1772695 5.050433
 5.2286806 5.100004  5.0923758 5.0945425 5.0545297 5.002881  5.154057
 5.0782166 5.098431  5.060288  5.1224446 5.251655  5.164565  4.8291755
 5.031525  5.213008  4.8669324]
[4.9490356 5.000358  4.9655395 5.134021  5.251388  5.201194  5.0503144
 5.2710977 5.1103635 5.112857  5.109236  5.063583  4.9836464 5.169908
 5.0833817 5.114727  5.073586  5.1363955 5.3036895 5.177358  4.7785654
 5.027399  5.2462826 4.8279285]
[5.4946413 5.5344167 5.51159   5.678083  5.7791243 5.736143  5.580633
 5.7998133 5.6511006 5.645847  5.6337657 5.595148  5.5256896 5.7190456
 5.6201115 5.6580467 5.606398  5.6742535 5.827953  5.7278614 5.336282
 5.562675  5.7775507 5.373564 ]
[5.362759  5.411677  5.3868914 5.5609236 5.6892734 5.6306787 5.4580717
 5.7059255 5.5391064 5.5374146 5.5202575 5.47885   5.3973694 5.6119785
 5.502418  5.550475  5.492949  5.5659995 5.7359056 5.6181526 5.1886377
 5.4394307 5.6773705 5.23432  ]
[5.674699  5.7186894 5.698772  5.874971  5.9967012 5.9410157 5.7638373
 6.013977  5.849087  5.8441005 5.823174  5.7833686 5.7073207 5.9297657
 5.810618  5.8633647 5.80109   5.8754163 6.0415525 5.936652  5.50224
 5.7443357 5.9876184 5.5465865]
[5.4491367 5.500578  5.474813  5.660451  5.8004365 5.7347775 5.5473585
 5.8139424 5.634003  5.6343594 5.6131954 5.567929  5.4831243 5.7212124
 5.594614  5.6509523 5.591438  5.6645474 5.845436  5.7270007 5.262549
 5.521415  5.785743  5.3155036]
[5.5027742 5.551633  5.5266395 5.713851  5.8473063 5.785328  5.59779
 5.8610196 5.683218  5.6827135 5.661371  5.6158967 5.5350695 5.7758293
 5.6449566 5.7008495 5.642938  5.7139697 5.8918605 5.7822704 5.3185906
 5.5689974 5.8352547 5.370417 ]
[5.5163693 5.5695314 5.5431137 5.7351336 5.8811746 5.8115973 5.6157484
 5.8915043 5.705065  5.7069645 5.6828322 5.635814  5.549555  5.803405
 5.664933  5.7258725 5.666417  5.738399  5.9245715 5.8084807 5.3244977
 5.5841656 5.864196  5.380747 ]
[6.041167  6.103412  6.0690093 6.2694297 6.4363084 6.3559265 6.144256
 6.431351  6.229773  6.236214  6.2099447 6.1561294 6.074382  6.370946
 6.1907396 6.262573  6.210865  6.2796702 6.4704437 6.369937  5.8329396
 6.082723  6.4136896 5.909908 ]
[ 9.969281 10.279143 10.1708   10.254002 10.456174 10.313012 10.206271
 10.458934 10.196743 10.118409 10.190391 10.113037 10.268754 10.559352
 10.177241 10.324737 10.265904 10.373595 10.395709 10.409957  9.764586
 10.009442 10.417942 10.345515]
[118.21205  118.83713  118.60808  118.581085 119.364136 118.97756
 118.78266  119.373535 118.62566  118.67022  118.80648  118.61266
 118.602264 119.09252  118.72993  118.787735 118.72346  119.03859
 119.358116 118.94859  117.6498   118.42047  119.03355  118.61231 ]
[336.30508 336.33493 336.22733 336.71536 337.3648  337.16986 336.62518
 337.66058 336.93787 336.94095 337.03384 336.7261  336.2224  336.8329
 336.6172  336.7543  336.67874 336.93936 337.43918 336.8351  335.42554
 336.35373 337.37323 335.76846]
[569.55194 569.24274 569.4335  569.9286  569.92816 570.237   569.2276
 570.006   569.9335  569.8396  569.7902  569.56757 569.3946  570.1391
 569.49854 569.6535  569.7602  570.0178  569.94086 570.20917 569.478
 569.29266 570.2431  568.8677 ]
[545.8752  545.5344  545.94226 546.2987  546.3944  546.66473 545.0887
 546.4018  546.4701  546.2116  545.89044 545.68616 546.0318  546.96423
 545.6656  546.1504  546.03687 546.9473  546.10724 547.0468  546.13403
 545.26276 546.4718  545.40857]
[392.88644 392.77457 393.12405 393.29758 393.62997 393.6419  392.2953
 393.50253 393.60236 393.2156  392.80203 392.86707 393.14896 394.1786
 392.85684 393.47366 393.2047  393.94116 393.23065 394.05664 393.1617
 392.51358 393.49127 392.6769 ]
[160.35883 160.39479 160.62895 160.8482  161.6354  161.29869 160.26134
 161.44081 161.26984 161.03717 160.60677 160.79996 160.4685  161.78357
 160.63193 161.34058 160.85764 161.47224 161.4365  161.4785  160.22046
 160.40015 161.42688 159.90477]
[138.44344 138.35109 138.60146 138.8871  139.47469 139.24226 138.2786
 139.42203 139.06126 138.95027 138.54955 138.61517 138.38046 139.56857
 138.71045 139.158   138.73741 139.20236 139.3393  139.47136 138.21405
 138.40662 139.22249 137.88483]
[63.89946  63.85743  63.935555 64.131996 64.487274 64.39012  63.893734
 64.487274 64.216    64.21318  64.07186  64.00727  63.811954 64.408226
 64.07839  64.21211  64.01846  64.293976 64.52052  64.491844 63.67212
 63.788624 64.35385  63.4901  ]
[64.92418  64.86769  64.71245  65.15485  65.092155 65.10584  64.984886
 65.13517  64.93098  65.03235  65.0235   64.89328  64.886955 64.96889
 65.006134 64.79746  65.06375  64.920975 65.19032  65.10112  64.67178
 64.88114  65.07755  64.66401 ]
[5.203628  5.3144054 4.980737  5.263944  5.272849  5.172698  5.534773
 5.09849   4.9894047 5.247203  5.201817  5.3477097 4.914455  4.9592767
 5.302146  5.07136   5.4379168 4.8622127 5.4006643 4.887206  4.87931
 5.3024135 5.3100123 5.0951953]
[2.9553993 2.8969235 2.8440876 2.7042208 2.4032636 2.5893471 2.81951
 2.3890452 2.6631393 2.7377627 2.7962384 2.6889932 3.0748441 2.6250262
 2.7613013 2.4565449 2.7022913 2.8790839 2.398158  2.7574723 3.2321053
 2.7856414 2.4418516 3.0100756]
[-1.2724854 -1.1198251 -1.3385897 -1.3502254 -1.3861717 -1.304276
 -1.0556799 -1.3534609 -1.3938893 -1.312142  -1.1474601 -1.1916286
 -1.2261797 -1.4609138 -1.2115756 -1.4380875 -1.1823971 -1.4204854
 -1.297627  -1.4986707 -1.2890486 -1.1112764 -1.2697545 -1.1944485]
[0.33844686 0.40995347 0.23995829 0.34720337 0.16334617 0.2787838
 0.49161172 0.22695708 0.26462495 0.28062415 0.45165825 0.36830807
 0.43847895 0.11240995 0.35426795 0.15990293 0.3620746  0.22597754
 0.29131007 0.17438829 0.333282   0.43473887 0.3241396  0.40820217]
[1.3748031 1.4732916 1.2852788 1.4427774 1.4966819 1.5217345 1.5881356
 1.5136013 1.38071   1.4929419 1.6183827 1.5148777 1.3839751 1.3319407
 1.4970381 1.3116671 1.5259792 1.3907132 1.6374393 1.3718941 1.2580891
 1.5024998 1.5562559 1.2498965]
[3.701336  3.6693375 3.6317883 3.6219633 3.3885648 3.540661  3.6829324
 3.4321396 3.581713  3.5525048 3.6352315 3.6157298 3.749185  3.5159647
 3.633124  3.4890423 3.593883  3.5666041 3.4430928 3.5631907 3.8352957
 3.703117  3.5054274 3.7296536]
[ 0.1504637   0.2810397   0.10982752  0.26299238  0.41001284  0.37148416
  0.38659286  0.39805055  0.2246418   0.32687044  0.41912556  0.36272764
  0.13422704  0.20380425  0.3334304   0.21279824  0.36355877  0.2005688
  0.5332868   0.19041717 -0.00558043  0.3373189   0.4120313   0.01481187]
[4.8300066 4.781415  4.7889547 4.7943273 4.5815587 4.7021613 4.779723
 4.5991907 4.750604  4.7003803 4.730182  4.756511  4.8450856 4.7175965
 4.7799606 4.7009444 4.74354   4.7027254 4.616407  4.7490606 4.968211
 4.8338356 4.6579037 4.8397427]
[0.8656486  0.97333896 0.86455035 0.98583555 1.1494786  1.0929916
 1.0298853  1.1114248  0.9760995  1.0398588  1.0773486  1.058856
 0.8478091  0.9864589  1.0393542  0.98604333 1.0634272  0.9490582
 1.2305431  0.9646121  0.7524966  1.0303009  1.1093173  0.7245648 ]
[4.644784  4.5825386 4.6227293 4.611539  4.3924775 4.513822  4.55615
 4.3995123 4.5678453 4.499069  4.500019  4.5500355 4.647188  4.5666285
 4.587703  4.5395274 4.549234  4.511388  4.4032526 4.5890093 4.8067055
 4.6300316 4.45499   4.659863 ]
[0.60862255 0.72690976 0.6307365  0.7637762  0.97069716 0.88562536
 0.7758869  0.93015003 0.76837707 0.8244188  0.8460578  0.8282479
 0.6001332  0.7802206  0.80726194 0.7895411  0.83412516 0.738783
 1.0428865  0.7551087  0.47261453 0.790491   0.90940154 0.460207  ]
[4.9709125 4.9153457 4.961117  4.9750977 4.7885094 4.8891945 4.88869
 4.790261  4.9310184 4.8624797 4.845531  4.8978324 4.97115   4.9491844
 4.938053  4.9163547 4.906233  4.8731065 4.797889  4.9672613 5.110601
 4.964827  4.8374867 4.9680033]
[0.22526515 0.3478564  0.25192058 0.40300763 0.64919937 0.5463177
 0.37982512 0.5930686  0.41345608 0.46296751 0.48297393 0.4438219
 0.23419976 0.46311593 0.41995668 0.4334625  0.48083675 0.41295147
 0.70319295 0.43883514 0.06916165 0.3731761  0.5753478  0.07376254]
[10.727328  10.969513  10.927036  10.831635  10.808156  10.8112135
 10.756507  10.725934  10.831071  10.629255  10.705452  10.771438
 11.1306925 10.979398  10.790613  10.884174  10.930243  10.892456
 10.666864  10.911928  10.945232  10.815873  10.777553  11.240847 ]
[51.72817  52.195766 52.219543 51.940193 52.914986 52.216187 51.86753
 52.619312 52.484848 52.27861  52.17395  52.19615  52.45671  52.61406
 51.890327 52.405537 52.288704 52.886253 52.464634 52.28722  51.58278
 52.147175 52.365494 52.21031 ]
[125.15517  125.23946  124.911835 125.15266  124.589676 124.889755
 125.453186 124.68611  124.73359  125.19374  125.32638  125.08086
 124.94615  124.8711   125.26516  124.60613  125.12967  124.84291
 125.022545 125.0163   125.38245  124.9379   124.76874  125.103935]
[152.48486 152.53969 152.37521 152.39789 152.02072 152.2156  152.68678
 152.03569 152.19942 152.35359 152.46475 152.49121 152.36043 152.25856
 152.44667 152.17694 152.57777 152.13087 152.17133 152.1002  152.72621
 152.5652  152.21858 152.66263]
[277.5545  277.26172 276.9631  277.26053 276.9824  276.92575 277.1749
 276.95926 277.19064 277.24664 276.9479  277.40854 277.1657  277.26837
 277.34024 277.08865 277.56274 276.9705  276.9584  276.93146 277.58026
 277.39142 276.7844  277.3717 ]
[192.85622 192.15364 192.19485 192.63962 191.79631 192.58528 192.95471
 192.4471  192.48299 192.36455 192.69412 192.73796 191.79535 191.90735
 192.51683 192.30301 192.41429 191.46855 192.2749  191.87563 192.4648
 192.82773 192.89333 191.94524]
[174.80505 174.68289 174.80583 175.2863  176.81905 175.8098  174.91966
 176.93448 175.78404 175.77187 175.12389 175.55583 174.1538  176.12547
 175.21191 176.18013 175.35918 175.6798  176.82074 175.5301  173.37386
 175.23463 176.26685 173.95422]
[212.27655 212.51384 212.69818 212.58392 213.57855 213.14894 212.62659
 213.54596 213.07426 212.83766 212.75748 212.73618 212.38542 213.2415
 212.74608 213.32039 212.32892 213.14874 213.61002 213.28044 211.64665
 212.27824 213.35593 211.90033]
[149.97226 150.12903 150.38724 150.68263 152.28748 151.47984 150.10626
 152.20825 151.27478 151.12224 150.68047 150.73837 150.00319 151.88336
 150.58612 151.56158 150.6448  151.59418 152.16618 151.5272  149.12848
 150.24907 151.69736 149.26994]
[58.233814 58.184513 58.321796 58.203686 58.325775 58.285465 58.161835
 58.3196   58.256435 58.202827 58.026596 58.145477 58.083084 58.638336
 58.278637 58.367985 58.133904 58.365135 58.22046  58.548042 58.274868
 57.983944 58.146103 58.183445]
[21.401405 21.170204 21.346136 21.236725 20.95141  21.127104 21.045357
 20.937399 21.277508 21.11072  21.053402 21.09294  21.434296 21.30532
 21.15652  21.113035 21.089584 21.347294 20.852566 21.431564 21.689629
 21.086111 20.926298 21.373652]
[0.72023106 0.79197514 0.65694666 0.72498035 0.78654313 0.8231424
 0.824211   0.76825833 0.6853237  0.7711673  0.86404574 0.78871
 0.71883595 0.7368833  0.79022384 0.6245624  0.82044125 0.7728592
 0.8452563  0.7324308  0.661221   0.7470349  0.7787068  0.62652147]
[-1.8253037 -1.783124  -1.872114  -1.8056831 -1.9120971 -1.8118275
 -1.7370261 -1.8604782 -1.8835716 -1.8828295 -1.76757   -1.8229587
 -1.7869234 -1.8762993 -1.8000433 -1.9361701 -1.8307654 -1.8512467
 -1.8344758 -1.8626153 -1.8730638 -1.8149146 -1.8293109 -1.8015275]
[-2.045671  -1.883542  -2.0665977 -1.8363755 -1.5459559 -1.6564958
 -1.7638003 -1.5554248 -1.8540666 -1.746495  -1.6467894 -1.7616037
 -2.020114  -1.8528199 -1.8074641 -1.8774569 -1.765789  -1.8014385
 -1.419298  -1.8561741 -2.358828  -1.8715203 -1.5836238 -2.2304187]
[4.105798  4.109449  4.0671506 4.173891  4.1205206 4.1767406 4.1570015
 4.1575356 4.131177  4.1195707 4.170121  4.1312957 4.13091   4.1390133
 4.146256  4.0845747 4.112833  4.145484  4.1944017 4.1661735 4.0514183
 4.130702  4.1798277 4.0318274]
[-0.01819575  0.12811232 -0.00379944  0.19745207  0.52316487  0.3889972
  0.21828961  0.507136    0.22829282  0.29709828  0.34138548  0.2687806
  0.01561332  0.24179864  0.22387004  0.21769595  0.25420618  0.2656045
  0.6132828   0.22268271 -0.30348015  0.17177618  0.45979142 -0.22128761]
[5.0146947 5.0329795 5.0033264 5.1200404 5.115291  5.1387405 5.072369
 5.145152  5.0896745 5.071479  5.0944533 5.0667295 5.047554  5.1167455
 5.0845394 5.0620394 5.060169  5.0994105 5.172223  5.1320024 4.944079
 5.062158  5.1500797 4.9366875]
[0.39027357 0.53601766 0.4196005  0.62723386 0.9659182  0.8181853
 0.6129563  0.94591177 0.6621412  0.72233856 0.74786603 0.67561734
 0.43459046 0.6890638  0.6375636  0.65872765 0.67362857 0.70268834
 1.0416992  0.67158043 0.10656238 0.5755259  0.8901669  0.18976414]
[4.9542303 4.971773  4.954765  5.078276  5.0902386 5.099707  5.005612
 5.11541   5.0467825 5.027874  5.032742  5.0093517 4.983023  5.0902977
 5.034078  5.032683  5.0109253 5.0560436 5.1386814 5.103477  4.877054
 5.002673  5.112293  4.8688912]
[0.5812547  0.73533976 0.6314192  0.8534192  1.2405463  1.0619727
 0.80862737 1.2182543  0.90109026 0.9575772  0.96366227 0.89141357
 0.6327549  0.9369178  0.85365665 0.91005456 0.8904637  0.9440417
 1.3076302  0.9155756  0.26741517 0.78301084 1.1447886  0.3647461 ]
[5.159311  5.184631  5.164743  5.318531  5.3673005 5.357149  5.226157
 5.391819  5.2825255 5.2696433 5.266259  5.2334    5.185937  5.34863
 5.2619257 5.2781324 5.244858  5.2992964 5.4189196 5.360622  5.0423594
 5.209624  5.3810735 5.0517693]
[1.1723049 1.328438  1.2363313 1.4641196 1.8630012 1.6696751 1.3918115
 1.8324276 1.5122656 1.5625784 1.5515066 1.4815732 1.2325913 1.5652202
 1.4503763 1.5312924 1.4917545 1.5592539 1.9188055 1.5445311 0.857278
 1.3669074 1.7552218 0.9606643]
[5.0523925 5.0892587 5.0709443 5.2239904 5.301671  5.267773  5.1172204
 5.3036304 5.1891427 5.1802077 5.1613593 5.1344366 5.0790477 5.2747188
 5.1644464 5.2017875 5.166524  5.2048154 5.3369646 5.2798543 4.9360642
 5.103121  5.2944584 4.950223 ]
[1.0858083 1.2415556 1.1500129 1.3784244 1.7786121 1.5833269 1.2993189
 1.743408  1.4252644 1.4740931 1.4619824 1.3910397 1.146065  1.4838885
 1.3601099 1.4469924 1.4106306 1.4714216 1.8289547 1.4623089 0.7734529
 1.2753646 1.6694673 0.8778187]
[10.144293  10.388199  10.307906  10.36843   10.411857  10.381491
 10.321471  10.434653  10.268754  10.169583  10.249817  10.200662
 10.39375   10.620559  10.291373  10.387873  10.349552  10.39651
 10.373862  10.510375  10.049901  10.1249695 10.444241  10.51548  ]
[42.492447 43.317577 43.29175  43.049656 44.446987 43.597546 43.14016
 44.366013 43.51105  43.364506 43.317577 43.23378  43.22995  44.102604
 43.18038  43.768047 43.194096 44.04778  44.19133  43.67416  41.773937
 42.99973  43.869473 43.059155]
[56.680023 57.348904 57.233196 57.26944  58.01971  57.6002   57.353207
 58.08617  57.258755 57.230675 57.20396  57.157597 57.07558  57.996944
 57.351635 57.626053 57.249702 57.565945 58.021523 57.734013 56.08743
 56.920486 57.81816  57.15029 ]
[79.10277  79.37938  78.98442  79.28817  79.188225 79.26035  79.97942
 79.44611  78.804565 79.34815  79.71973  79.240364 78.85669  79.40765
 79.418655 78.864    79.22479  79.179794 79.69917  79.34605  78.544304
 78.86361  79.4505   79.15033 ]
[296.5492  296.81827 296.59964 297.01126 297.9284  297.6239  297.09244
 298.36346 297.32678 297.40323 297.61987 297.0538  296.7043  297.14474
 297.00482 297.11517 296.8625  297.55493 298.10812 297.2917  295.40262
 296.5608  297.83292 296.12985]
[298.91922 299.2594  299.03766 299.27914 300.86496 300.02313 299.94965
 300.8602  299.68298 299.9853  299.77136 299.87152 298.44748 299.74988
 299.5881  300.0169  299.51495 299.6224  301.00394 299.47    297.41397
 299.24533 300.6378  298.1945 ]
[222.9476  223.24257 223.27908 223.70242 225.4492  224.65762 223.62349
 225.5655  224.4015  224.35979 224.19734 224.01347 222.98308 224.4789
 223.62785 224.53506 223.64806 224.55016 225.44878 224.21068 221.4969
 223.21107 225.33754 222.13748]
[84.59169  85.37286  85.25777  85.95041  88.88193  87.45425  85.589874
 88.70979  86.85392  87.05208  86.73882  86.38689  84.95207  87.363754
 85.90866  87.08571  86.22462  87.46634  88.83492  86.9038   82.76606
 85.3293   88.13804  83.5654  ]
[93.50145  93.26204  93.43947  93.42841  93.35996  93.5187   93.17994
 93.41344  93.47258  93.29705  93.08458  93.26051  93.24092  93.995186
 93.37009  93.5618   93.3728   93.522675 93.274506 93.82599  93.6343
 93.15781  93.4032   93.28439 ]
[29.734673 29.75554  29.620956 29.816153 29.965221 29.931412 29.838623
 29.828798 29.733397 29.860914 29.853672 29.834349 29.573168 29.925566
 29.830847 29.750137 29.925297 29.7602   30.043734 29.898315 29.621313
 29.704128 29.924051 29.435764]
[27.201248 27.049984 27.066488 27.167944 26.99682  27.112883 27.06245
 26.973639 27.11499  27.075512 27.071207 27.076965 27.15043  27.125942
 27.093084 26.99335  27.088987 27.130188 27.027187 27.210064 27.267323
 27.071741 27.023209 27.027988]
[0.88987005 0.8966378  0.8156029  0.94908786 0.98004735 1.0495652
 0.9353149  0.9785632  0.91204333 0.9813237  1.0318741  0.9372443
 0.8990421  0.98019576 0.9526795  0.804917   0.9785632  1.0200899
 1.0628335  1.0530678  0.8950349  0.8581685  0.9702519  0.70390534]
[1.6377361 1.6055299 1.5972483 1.5590758 1.3515315 1.517282  1.576203
 1.3797008 1.5170445 1.4592515 1.5159463 1.5309659 1.6651336 1.5629643
 1.5756984 1.4515339 1.5181131 1.5441155 1.3726956 1.5668528 1.7550437
 1.576767  1.4368408 1.6615716]
[-4.3422832 -4.1728225 -4.3670983 -4.1249437 -3.7585351 -3.8905954
 -4.029126  -3.7709725 -4.1257744 -3.993299  -3.8846588 -4.0007195
 -4.3554626 -4.1374993 -4.069644  -4.138835  -4.0242286 -4.099327
 -3.6166203 -4.1594057 -4.711838  -4.110755  -3.8054345 -4.6002293]
[6.093201  6.038495  6.039326  6.115107  5.9605174 6.0738773 6.064052
 5.997028  6.078597  6.0190525 6.061262  6.05678   6.1119905 6.0617666
 6.065655  6.014303  6.0288186 6.0553255 6.022021  6.1043916 6.1325016
 6.081328  6.0574627 6.02867  ]
[-0.3274938  -0.19964862 -0.31660008 -0.14752507  0.15868592  0.04197192
 -0.11650622  0.1320008  -0.10843241 -0.04897714 -0.00834095 -0.04948175
 -0.321854   -0.10525632 -0.105286   -0.11036181 -0.07812595 -0.09920096
  0.24797273 -0.13514721 -0.571578   -0.12270999  0.10056639 -0.54216206]
[5.720767  5.7040553 5.7203517 5.7932234 5.70459   5.769655  5.716849
 5.733115  5.7594147 5.701443  5.7080626 5.71768   5.751667  5.790879
 5.7443357 5.7363505 5.705332  5.7485504 5.741456  5.808362  5.7339463
 5.737627  5.7562976 5.6822977]
[-0.5349194  -0.37623346 -0.49475813 -0.28543282  0.08548737 -0.07661211
 -0.29807782  0.05838668 -0.24470758 -0.17756438 -0.1548568  -0.2206049
 -0.4974593  -0.21698356 -0.26637626 -0.23586202 -0.22618532 -0.21190774
  0.16456318 -0.24429202 -0.8277433  -0.32120097 -0.00225592 -0.74783635]
[4.9126444 4.9065294 4.901157  5.0140715 4.960434  5.006443  4.9317603
 4.9827857 4.9629574 4.931938  4.93743   4.9282575 4.929742  5.0193253
 4.960523  4.9467206 4.9370437 4.9623637 5.0078382 5.0358887 4.8830204
 4.9299197 5.0011296 4.8427405]
[-0.4513911  -0.28884637 -0.40309668 -0.17468512  0.23327959  0.04918492
 -0.21253109  0.20065784 -0.12579703 -0.06090975 -0.04888809 -0.12116647
 -0.40888488 -0.08768392 -0.16607702 -0.11546731 -0.12158203 -0.08554673
  0.3077842  -0.11184597 -0.7714938  -0.23936462  0.12826073 -0.68490815]
[5.6096334 5.607407  5.608298  5.7434745 5.7188377 5.750925  5.638456
 5.7462354 5.696724  5.663004  5.656236  5.644689  5.6290164 5.7700114
 5.6799827 5.686364  5.652377  5.7010574 5.7700706 5.7851796 5.555046
 5.633172  5.7521124 5.5184174]
[ 0.24550903  0.41312957  0.3107525   0.5398171   0.97250783  0.76876295
  0.47976816  0.93225753  0.59841156  0.6545423   0.64905095  0.58226395
  0.2993542   0.65008986  0.5394312   0.6185367   0.58647895  0.64326274
  1.0339519   0.62212837 -0.08237064  0.45768392  0.85398316  0.01466346]
[5.7186894 5.730147  5.7299094 5.862593  5.8792157 5.879572  5.751964
 5.8903766 5.821185  5.7946186 5.775651  5.7629766 5.7395267 5.9020715
 5.79916   5.8277745 5.7879696 5.8260827 5.912728  5.9121046 5.6456985
 5.7493224 5.892039  5.6324005]
[0.5427557  0.69526756 0.5995395  0.81919456 1.2013053  1.0188729
 0.74994385 1.1633703  0.86208665 0.91198397 0.9083923  0.8394681
 0.59633374 0.9161396  0.8066386  0.88087606 0.86229444 0.901773
 1.2529242  0.8939663  0.24969435 0.72919536 1.0970285  0.34073246]
[6.7945833 6.8072877 6.8077035 6.9324613 6.913494  6.932936  6.814382
 6.9164624 6.863923  6.8287783 6.8095436 6.79773   6.81361   7.0121307
 6.854395  6.891202  6.8605986 6.882475  6.9337673 7.0148916 6.7532644
 6.769501  6.9383683 6.7549562]
[10.565704  10.906377  10.809284  11.002075  11.600042  11.233664
 10.864702  11.557951  11.1373415 11.08884   11.101841  10.97263
 10.895928  11.368306  10.890052  11.222888  11.0635195 11.344678
 11.528535  11.212351  10.1755495 10.741962  11.429215  10.711389 ]
[45.163006 45.554554 45.473846 45.809475 46.03548  45.848713 45.59059
 46.09375  45.55328  45.54865  45.432053 45.40151  45.382095 46.299244
 45.597626 45.913364 45.706356 45.729298 46.08021  46.10325  44.888405
 45.233353 46.090305 45.51861 ]
[74.99344  75.17596  74.85087  75.33547  75.261505 75.27721  75.619
 75.41182  74.89456  75.31297  75.51568  75.183525 74.830475 75.422325
 75.206055 74.96114  75.36789  75.149956 75.63222  75.267555 74.57392
 74.9387   75.5231   75.00269 ]
[101.41832  101.74202  101.595116 102.0414   102.78087  102.259735
 101.95479  102.85521  102.0551   102.16318  102.032196 101.92493
 101.48701  102.36207  101.88215  102.29043  102.00529  102.175865
 102.84656  102.20015  100.62411  101.558174 102.63301  101.39109 ]
[119.39845  119.7419   119.72555  119.75201  120.3892   120.064095
 119.694244 120.38901  119.98801  119.87539  119.791695 119.78162
 119.65223  120.30039  119.78361  120.044136 119.72348  120.234314
 120.32985  120.15779  118.999855 119.37341  120.12829  119.51911 ]
[49.059063 49.81874  49.705322 49.461475 50.456512 49.79835  49.688076
 50.35939  49.805176 49.698376 49.591965 49.617016 49.693005 50.435764
 49.75154  49.84418  49.55869  50.295513 50.237274 50.115574 48.58167
 49.228046 49.76095  49.614315]
[146.46497 146.71817 146.5262  146.80049 147.37517 147.07797 146.97392
 147.57608 146.68845 146.92673 147.03453 146.6464  146.48332 147.03946
 146.77608 146.75859 146.7649  147.01555 147.42259 147.07635 145.71611
 146.32547 147.19167 146.48445]
[73.53653  74.39015  74.08341  74.245    75.407455 74.51856  74.146454
 75.11564  74.88058  74.71747  74.58502  74.42901  74.63421  74.68467
 74.258095 74.67019  74.44694  75.21056  75.21921  74.733734 73.17971
 73.77272  74.79105  73.99089 ]
[66.51558  66.44164  66.47578  66.60392  66.52639  66.545204 66.366394
 66.43196  66.47637  66.44494  66.25861  66.36221  66.42205  66.829094
 66.48661  66.52746  66.54897  66.542145 66.44185  66.798874 66.59775
 66.25205  66.42612  66.46254 ]
[-1.5003033  -1.3964124  -1.4683939  -1.2103883  -0.9381645  -1.101006
 -1.3962343  -1.095485   -1.1902632  -1.1178957  -1.2424461  -1.2810044
 -1.3624846  -1.0547597  -1.2880987  -1.2629274  -1.181566   -1.0319928
 -0.904771   -0.97250783 -1.5283538  -1.5097128  -1.1354384  -1.7072539 ]
[20.664404 20.639915 20.494677 20.738285 20.569448 20.683699 20.663216
 20.540804 20.585684 20.619522 20.650305 20.630743 20.654549 20.668886
 20.670252 20.440207 20.747131 20.62454  20.635464 20.69958  20.657991
 20.569685 20.586248 20.544573]
[-1.4636743 -1.5110189 -1.6145536 -1.4313197 -1.4174577 -1.3575869
 -1.425858  -1.466049  -1.5377337 -1.3714489 -1.340341  -1.4335756
 -1.5754015 -1.4841557 -1.4217024 -1.6369643 -1.3872997 -1.4509996
 -1.3143979 -1.3989948 -1.5031232 -1.5152636 -1.4432523 -1.7691729]
[5.0188804 4.9584455 4.9947476 4.9064703 4.7186356 4.8731065 4.8871465
 4.722227  4.9260015 4.826593  4.8608475 4.88964   5.0703506 4.936806
 4.916978  4.836329  4.858443  4.963729  4.6917424 4.9522414 5.1716
 4.9290886 4.7818604 5.031258 ]
[-3.8921092 -3.7661638 -3.893059  -3.7350261 -3.4159625 -3.522703
 -3.6628368 -3.405128  -3.6937964 -3.6231506 -3.534665  -3.6049845
 -3.8933558 -3.7363915 -3.6874144 -3.6923122 -3.6499248 -3.7016623
 -3.3231137 -3.7847455 -4.1943426 -3.6428008 -3.432199  -4.0968037]
[5.3925014 5.3977256 5.3534384 5.4803934 5.4062448 5.4720225 5.448662
 5.4359875 5.4266667 5.3919077 5.450473  5.422422  5.4262514 5.426637
 5.4244704 5.3872476 5.409065  5.4214425 5.486389  5.460268  5.3366084
 5.4138436 5.495027  5.336549 ]
[-1.1775291  -1.045647   -1.1504581  -0.9609314  -0.6038139  -0.7464709
 -0.9581412  -0.6194569  -0.90797675 -0.85561574 -0.8230237  -0.88022304
 -1.1530108  -0.8930758  -0.93926275 -0.90794706 -0.9164958  -0.873574
 -0.5180594  -0.91907823 -1.4737072  -0.9750309  -0.66997755 -1.4073061 ]
[6.078033  6.073462  6.069217  6.1840906 6.1390023 6.1868215 6.1080427
 6.171149  6.1337185 6.0947447 6.107241  6.0955462 6.0978613 6.196795
 6.1256447 6.121489  6.0915093 6.1429205 6.1922536 6.2125864 6.0185776
 6.0887785 6.1941237 6.007714 ]
[-0.7973181  -0.6225736  -0.74062335 -0.49864662 -0.03502607 -0.2457465
 -0.53109026 -0.06506538 -0.43619335 -0.3689611  -0.3569988  -0.4320377
 -0.7513983  -0.3956462  -0.4900682  -0.4183538  -0.44966948 -0.38573205
  0.04612756 -0.42862415 -1.1721565  -0.5640682  -0.14476454 -1.0530084 ]
[6.3709755 6.377061  6.374597  6.5209646 6.5317097 6.5412974 6.4169846
 6.559968  6.47641   6.4475284 6.437852  6.419567  6.39309   6.5534377
 6.4529605 6.4751635 6.4243755 6.4899454 6.583121  6.56819   6.273437
 6.4002137 6.561215  6.2715964]
[ 0.13915443  0.31015885  0.20597112  0.45115364  0.9256085   0.7032523
  0.3875724   0.89019656  0.52093863  0.57662416  0.5694705   0.49636102
  0.19623506  0.5759711   0.44616687  0.5410638   0.4907806   0.5772475
  0.99008024  0.5454272  -0.23425913  0.35943282  0.80464983 -0.11644685]
[6.3059697 6.324403  6.3191786 6.4814267 6.5329566 6.5191836 6.365039
 6.5579495 6.439217  6.4172516 6.3995013 6.372252  6.3306956 6.5307007
 6.4088216 6.4473505 6.3881326 6.460025  6.5794997 6.542574  6.1780653
 6.3430142 6.5482135 6.194836 ]
[0.434353   0.61108625 0.5104605  0.7673085  1.2561893  1.0211585
 0.6857096  1.2228552  0.8358171  0.8910277  0.87630486 0.7946763
 0.50247574 0.90126836 0.74994385 0.8616117  0.7992772  0.8995764
 1.3142792  0.8718524  0.04701805 0.65329564 1.1303033  0.18364942]
[6.0686827 6.09985   6.0848303 6.265274  6.3496633 6.3180804 6.1480556
 6.374508  6.2236285 6.2123194 6.194272  6.1557436 6.0959616 6.3212266
 6.191749  6.235324  6.17572   6.2520947 6.400896  6.332358  5.9113326
 6.115523  6.3562527 5.944934 ]
[0.9964621  1.1766089  1.076933   1.3400441  1.8322792  1.5905696
 1.2433366  1.7905744  1.4021709  1.4567878  1.4362768  1.3489788
 1.0716197  1.4894986  1.3111328  1.4333678  1.3714489  1.475132
 1.8818203  1.46127    0.6090678  1.197298   1.7005752  0.75593984]
[8.228308  8.288534  8.255913  8.426056  8.521339  8.483789  8.311806
 8.517866  8.349533  8.337244  8.325698  8.2718525 8.264521  8.575867
 8.334217  8.4032    8.362831  8.423414  8.539208  8.563875  8.063774
 8.183812  8.530036  8.179894 ]
[28.762817 29.362774 29.254429 29.249086 30.22774  29.579697 29.147274
 30.116634 29.638914 29.457878 29.465773 29.40706  29.403765 29.885967
 29.218039 29.72758  29.444817 29.962046 30.000248 29.508696 28.265804
 29.204948 29.823692 29.20584 ]
[68.31794  69.00424  68.853096 68.75586  69.434326 69.05473  68.848946
 69.309326 68.75176  68.65829  68.61365  68.689514 68.72273  69.50352
 68.907005 69.09258  68.87005  69.09338  69.36237  69.24726  67.98531
 68.51673  69.08409  68.86488 ]
[78.77492  79.42496  79.21099  79.49249  80.52393  79.832794 79.48513
 80.49483  79.62224  79.76045  79.669136 79.463    79.19612  80.13838
 79.463745 79.80708  79.58015  80.04244  80.49201  79.871826 78.03216
 79.04479  80.13887  79.00546 ]
[82.37929  82.77013  82.62943  82.860146 83.47434  83.04673  82.87564
 83.53656  82.837685 82.91737  82.81565  82.735695 82.5093   83.451195
 82.85664  83.01936  82.84674  83.12686  83.46639  83.19726  81.75936
 82.390915 83.203476 82.54324 ]
[96.00748  96.25576  96.33156  96.36106  96.9693   96.611916 96.234375
 97.00645  96.577126 96.453125 96.28581  96.27136  96.203026 96.97613
 96.345894 96.679855 96.213745 96.83874  96.86872  96.87976  95.620155
 95.845955 96.66239  96.10567 ]
[69.86621  70.189285 70.11413  70.21606  70.813934 70.384865 70.27219
 70.88642  70.24016  70.31713  70.1864   70.12487  69.97999  70.87802
 70.26551  70.377975 70.180466 70.59511  70.74065  70.62586  69.29686
 69.7755   70.44993  70.04957 ]
[48.63979  48.961525 48.918186 48.97203  49.487717 49.064434 48.944336
 49.4301   49.05467  49.095306 48.915424 48.88064  48.8701   49.52485
 48.980194 49.155888 48.95615  49.397865 49.351677 49.373405 48.3589
 48.52978  49.10252  48.881615]
[40.31614  40.65447  40.57349  40.492012 40.707718 40.459866 40.615936
 40.68807  40.409225 40.433357 40.357307 40.344604 40.539444 41.064213
 40.567406 40.519707 40.472153 40.77979  40.578655 40.873764 40.13504
 40.087162 40.40391  40.802437]
[12.389643 12.479226 12.423451 12.56219  12.81699  12.678964 12.481422
 12.724706 12.560736 12.609535 12.554146 12.510779 12.419949 12.75896
 12.549249 12.557501 12.575874 12.704432 12.804998 12.755961 12.227632
 12.327219 12.646788 12.259126]
[5.875802  5.857636  5.8308616 5.9290533 5.8944726 5.9392347 5.8786516
 5.912728  5.8783545 5.8894563 5.908572  5.85912   5.8840537 5.9466257
 5.9073553 5.8146253 5.870726  5.9517016 5.930211  5.977229  5.8272996
 5.8268547 5.8850036 5.7781444]
[3.2611055 3.2697434 3.2442455 3.3386972 3.345376  3.3720016 3.2959535
 3.3793335 3.307233  3.3007622 3.3288424 3.2805183 3.2862768 3.360069
 3.3170285 3.269951  3.2795684 3.357843  3.3839047 3.3763652 3.1733327
 3.263124  3.3577538 3.1791506]
[4.168726  4.198973  4.1543593 4.2845793 4.323761  4.3293414 4.2499986
 4.363596  4.2480392 4.246199  4.283392  4.2310014 4.191909  4.281522
 4.2540946 4.227766  4.2285376 4.272617  4.3828306 4.295176  4.029453
 4.215566  4.352138  4.0780144]
[4.981895  5.0162086 4.9766116 5.1218214 5.1825233 5.169433  5.0675306
 5.2162137 5.095463  5.0895853 5.112946  5.0626626 5.014962  5.123691
 5.0796714 5.0786324 5.060377  5.1150537 5.2413254 5.141175  4.838882
 5.0417957 5.2052903 4.88026  ]
[5.044467  5.0737643 5.0503144 5.1861744 5.244947  5.229868  5.1144004
 5.2745705 5.1643276 5.150287  5.156521  5.117458  5.0802054 5.20621
 5.1393046 5.1549478 5.1173096 5.1847496 5.292915  5.220102  4.9183435
 5.1003604 5.2624598 4.946483 ]
[4.8103266 4.8548217 4.824278  4.9788375 5.0741796 5.0375214 4.9008007
 5.09852   4.954913  4.951529  4.9521527 4.908756  4.845857  5.0097675
 4.9302464 4.955477  4.9153457 4.979936  5.124196  5.018435  4.655796
 4.880468  5.077831  4.7011223]
[5.2148776 5.2592835 5.2295117 5.3956184 5.4982624 5.4557266 5.307964
 5.5203466 5.3682504 5.3667665 5.3617797 5.318887  5.2472916 5.4301696
 5.3414464 5.3727326 5.3289204 5.392353  5.549911  5.438956  5.052333
 5.286266  5.498589  5.0969467]
[5.276856  5.324646  5.2968626 5.469114  5.5891223 5.5359006 5.372703
 5.607556  5.4452186 5.444714  5.432514  5.3899193 5.310517  5.5134897
 5.412716  5.45353   5.402297  5.471429  5.638664  5.520881  5.1059704
 5.352192  5.581167  5.1509404]
[5.5335555 5.577368  5.555877  5.727891  5.844813  5.792333  5.6228127
 5.8630085 5.7031054 5.6985345 5.6807246 5.6413946 5.5662665 5.7780557
 5.667189  5.7144446 5.6559687 5.728633  5.8910294 5.785328  5.365698
 5.604469  5.8370357 5.40764  ]
[5.520881  5.5698876 5.546349  5.726852  5.8604856 5.7982993 5.6165795
 5.8763065 5.702512  5.70082   5.680131  5.637565  5.554898  5.7835174
 5.66336   5.717502  5.6561174 5.730889  5.906079  5.7896023 5.340111
 5.594881  5.847425  5.3893256]
[5.5890036 5.637714  5.614086  5.7993383 5.9343076 5.87132   5.6846724
 5.9494457 5.771763  5.770516  5.7485504 5.7043524 5.62213   5.859476
 5.732106  5.788623  5.7270894 5.8016534 5.979485  5.8658876 5.404345
 5.6592045 5.921781  5.4558454]
[5.4567356 5.5094233 5.4826493 5.6732445 5.8175044 5.749441  5.556827
 5.830268  5.644511  5.6461735 5.623911  5.5765963 5.4904556 5.737716
 5.6046762 5.6633005 5.6038156 5.6770735 5.8623853 5.743445  5.2649827
 5.5268474 5.8019505 5.321143 ]
[5.527619  5.5798316 5.5533247 5.74579   5.889308  5.821452  5.6267014
 5.9011216 5.7147117 5.716522  5.6931915 5.6456094 5.560419  5.8130517
 5.6751146 5.734956  5.675827  5.748105  5.9336247 5.818781  5.33554
 5.594317  5.873932  5.3919673]
[5.786248  5.8477516 5.8155155 6.015936  6.1834674 6.1019278 5.891089
 6.1827254 5.9814143 5.9879746 5.960488  5.908691  5.8202057 6.1065884
 5.940363  6.010801  5.9547887 6.0255237 6.221135  6.107508  5.579386
 5.841607  6.1593647 5.649765 ]
[7.746699  7.872318  7.8018203 7.9574194 8.073124  8.014352  7.8809557
 8.07161   7.8673606 7.8534393 7.88431   7.7984366 7.84121   8.148014
 7.8621664 7.9429636 7.9261928 7.9813437 8.0708685 8.102926  7.5571127
 7.6850176 8.0861845 7.822035 ]
[94.98719  95.57924  95.38051  95.33477  96.011154 95.66367  95.47873
 95.98051  95.37796  95.36605  95.47385  95.35495  95.38379  95.85633
 95.45769  95.54136  95.47868  95.74652  95.97291  95.66818  94.54125
 95.19765  95.705185 95.42101 ]
[343.01608 343.04108 342.9098  343.45438 344.14215 343.9403  343.34622
 344.54086 343.72983 343.71667 343.84213 343.43982 342.97134 343.5112
 343.34158 343.48254 343.35098 343.7325  344.2579  343.59674 342.0198
 343.0408  344.15552 342.4228 ]
[590.97546 590.6677  590.8952  591.3531  591.32104 591.6672  590.61194
 591.3558  591.3912  591.2089  591.1575  590.9808  590.85596 591.60754
 590.8834  591.0746  591.198   591.4427  591.2823  591.69836 590.9904
 590.67175 591.66486 590.3417 ]
[389.74164 389.3684  389.94574 390.13382 391.04395 390.67737 389.49734
 391.1949  390.47668 390.5646  390.32697 390.01605 389.58936 390.99475
 389.61304 390.42755 390.0522  390.97498 390.78915 390.6405  389.31436
 389.63928 390.87738 389.21976]
[585.20306 585.1557  585.4907  585.91364 585.9591  586.40356 584.54443
 585.8719  585.9304  585.71735 585.621   585.2984  585.63464 586.54626
 585.2071  585.6723  585.6832  586.5562  585.8076  586.5716  585.6702
 584.9137  586.1497  584.9296 ]
[326.69434 326.3668  327.03598 327.2035  327.73825 327.74585 326.0992
 327.66742 327.67383 327.31543 326.7482  326.68448 326.89053 328.0451
 326.6736  327.61902 326.75226 328.0285  327.4821  328.24768 326.82065
 326.21188 327.76645 325.99664]
[288.79477 288.64575 289.23007 289.59628 289.64395 290.44113 287.82266
 289.67203 289.6942  289.1681  288.87952 288.64935 289.2077  290.60892
 288.9683  289.45435 288.98795 290.3676  289.40594 290.89197 289.37668
 288.04868 289.74802 288.14752]
[256.08975 256.23923 256.32205 256.8402  257.4331  257.23474 256.25754
 257.2538  256.53894 256.98022 256.93707 256.41315 256.2792  257.3247
 256.49072 256.74136 256.57935 257.2649  257.6935  257.40393 255.87247
 256.28424 257.21747 255.55978]
[96.86824  96.90322  97.02105  97.62926  97.98978  97.96916  96.50522
 97.70565  97.5133   97.41318  97.12322  96.992455 97.177986 98.21117
 97.16866  97.41305  97.40493  97.905655 97.862465 98.24345  96.81005
 96.74418  97.78026  96.330284]
[18.677595 18.852873 18.104088 18.624372 18.455505 18.49543  19.265438
 18.354374 17.977993 18.772581 19.13519  18.763704 18.429087 18.057276
 18.689913 17.833763 19.058697 18.255116 18.78196  18.040417 18.31261
 18.849667 18.6087   18.526152]
[9.083508  8.947796  8.84346   8.625616  8.283043  8.630276  8.941325
 8.382452  8.462211  8.697152  8.855363  8.661532  8.895851  8.46227
 8.877774  8.254191  8.597179  8.714517  8.376219  8.643277  9.10013
 8.787448  8.3597145 8.882108 ]
[5.8650565 6.023238  5.8176823 5.659768  5.443794  5.6397023 6.0725713
 5.552078  5.6348047 5.6049733 5.8399744 5.8615246 5.9416094 5.48535
 5.837956  5.5913486 5.795153  5.5348916 5.5282426 5.402831  5.893226
 6.024722  5.6841083 6.143336 ]
[2.06918   2.253275  1.9506258 2.1786218 2.1680546 2.1802247 2.4121685
 2.19563   2.083784  2.1706073 2.381506  2.2691553 2.1712308 1.8932186
 2.2064943 1.9966049 2.2818003 2.030592  2.3587685 1.9400883 1.8823249
 2.280791  2.3139472 2.0939062]
[3.6504886 3.7201846 3.5447574 3.6850102 3.6456504 3.7134168 3.816536
 3.6848023 3.632738  3.707985  3.8370173 3.7181365 3.7219062 3.5474586
 3.7096472 3.5108593 3.7342842 3.6592155 3.7729316 3.6304822 3.596792
 3.7216687 3.7470775 3.5784478]
[2.4261196 2.4950438 2.3390887 2.408191  2.302608  2.3980987 2.5604951
 2.328848  2.3433037 2.402937  2.5256174 2.450994  2.4886026 2.3086634
 2.4587414 2.2496533 2.4670527 2.3699293 2.4031153 2.342888  2.4514394
 2.4888697 2.39703   2.4253478]
[0.77840996 0.9068488  0.7245351  0.86983395 0.9599519  0.9462383
 1.0140048  0.95891297 0.8177104  0.91691136 1.0225239  0.95662737
 0.7876117  0.7923907  0.9358492  0.78580105 0.96437466 0.80675733
 1.083404   0.79108465 0.65098035 0.9375411  0.98444045 0.68737185]
[3.928293  3.9530783 3.8739135 3.9304302 3.8209589 3.8934746 3.9923491
 3.8241646 3.876021  3.8920498 3.9592228 3.9393945 3.9515646 3.8504045
 3.9501991 3.821879  3.942897  3.8624558 3.8919904 3.8779206 3.9776857
 3.9732332 3.8729043 3.9143715]
[1.157582  1.2571095 1.1323217 1.2437521 1.3517096 1.327132  1.3176631
 1.3151697 1.2124958 1.2832307 1.3401035 1.3116671 1.1430373 1.2307806
 1.3005062 1.20555   1.3257666 1.2010084 1.4382656 1.2201244 1.0741131
 1.2829932 1.3323265 1.0421444]
[3.6244862 3.6321445 3.5984244 3.6162047 3.4930198 3.5664854 3.642118
 3.4913871 3.5731938 3.5615284 3.5972965 3.6093478 3.639595  3.5643482
 3.6313431 3.542442  3.609912  3.5456777 3.5341012 3.578893  3.7084005
 3.6587703 3.5325577 3.6297402]
[1.5260979 1.617047  1.5277898 1.6204308 1.7074914 1.6758492 1.6570004
 1.6777786 1.5994152 1.6425151 1.6763538 1.6610373 1.5318861 1.6078155
 1.6586924 1.6010774 1.6725247 1.5795869 1.7704493 1.5997417 1.4666426
 1.646552  1.6812515 1.4496045]
[3.6133254 3.5590944 3.5763996 3.5657136 3.349769  3.4731023 3.527185
 3.3322856 3.5042994 3.4476047 3.4611995 3.503379  3.6080716 3.5393848
 3.542828  3.480523  3.5305688 3.4624758 3.3548746 3.558204  3.7700522
 3.5611424 3.412341  3.6373687]
[-1.5050822 -1.3992026 -1.5157979 -1.3745359 -1.1996133 -1.2585937
 -1.3696382 -1.2604637 -1.3975106 -1.3394505 -1.2848632 -1.3395692
 -1.5089114 -1.342211  -1.3596053 -1.3919302 -1.2774425 -1.3955516
 -1.1425624 -1.3569635 -1.6264565 -1.4049314 -1.2443161 -1.6287124]
[7.1082745 7.2960796 7.212551  7.1297946 7.1222553 7.1019225 7.143805
 7.0416064 7.1408367 6.9850006 7.141223  7.132377  7.447701  7.203765
 7.0775228 7.1224036 7.2670197 7.231964  6.986455  7.1450224 7.2179537
 7.1232944 7.0923643 7.578247 ]
[54.129055 54.511494 54.52776  54.326035 55.238316 54.57264  54.245533
 54.986275 54.810905 54.63999  54.559254 54.53711  54.763443 54.92403
 54.228672 54.711678 54.65038  55.174644 54.80102  54.61111  53.890434
 54.484985 54.761753 54.52948 ]
[127.7145   127.59755  127.48959  127.375595 126.82729  126.98083
 127.80198  126.94372  127.106    127.44265  127.43354  127.37138
 127.47204  126.95577  127.640396 126.98419  127.23148  127.03044
 127.00758  127.20398  127.893135 127.5017   126.84163  127.69334 ]
[242.86359 243.41919 243.13669 243.33263 244.09663 243.7889  243.2865
 243.76045 243.65256 243.49783 243.47209 243.71175 243.22836 243.8311
 243.3302  243.63026 243.82443 243.64618 243.99796 243.43018 242.71634
 243.30334 243.92747 242.94464]
[470.98386 471.03033 470.91428 470.7974  471.3157  470.9224  471.12164
 471.13647 471.1388  471.01944 470.89035 471.15686 470.98096 471.05206
 471.05484 471.09207 471.21713 470.97543 471.11404 470.89044 470.81915
 471.20618 470.89914 470.87268]
[605.67017 605.7911  605.7961  605.77295 606.1713  605.9057  605.8049
 605.97266 605.9873  605.8709  605.6139  605.98254 605.635   605.95624
 605.9204  606.0922  605.92926 605.8041  606.10913 605.8119  605.57983
 605.938   605.9113  605.52673]
[449.99344 450.266   449.98206 450.30322 450.74457 450.43268 450.7722
 451.11725 450.37015 450.4923  450.69077 450.53397 449.92325 449.81433
 450.43112 450.31635 450.31317 449.99463 450.9315  449.81113 449.11975
 450.49365 450.76715 449.93433]
[556.53925 556.6587  556.3527  557.16766 558.28876 557.8169  556.8855
 558.41766 557.28674 557.874   557.77386 557.46045 556.34155 557.2907
 557.06854 557.36804 557.3574  557.5998  558.6754  557.1587  555.59784
 557.04315 558.1006  555.6329 ]
[373.5703  373.83978 373.84604 374.23032 375.30154 374.7766  373.95786
 375.28845 374.45334 374.61206 374.43973 374.21527 373.6791  374.75208
 374.11203 374.6493  374.1813  374.77795 375.3481  374.63455 372.91138
 373.7986  375.05072 373.14996]
[355.85117 355.89374 356.24713 356.57028 357.7363  357.2289  355.86282
 357.91745 356.92014 356.8909  356.58673 356.26822 356.05765 357.25415
 356.31885 357.07822 356.1936  357.34283 357.71976 357.3648  355.1965
 355.9877  357.34406 355.2858 ]
[113.550095 113.270164 113.81127  113.639366 113.83505  113.90378
 112.958534 113.871056 114.01149  113.5419   113.06319  113.33317
 113.58988  114.44912  113.533875 114.00008  113.270355 114.15097
 113.62519  114.52558  113.865715 113.169365 113.5985   113.231804]
[5.730355  5.8105884 5.6266418 5.72237   5.5029526 5.6697717 5.753656
 5.4011393 5.425509  5.5899534 5.5456963 5.600491  5.6812587 5.8028708
 5.788682  5.3954105 5.7188673 5.6651707 5.546735  5.678439  5.7035213
 5.6689405 5.4950566 5.6889467]
[2.073959  2.1969957 1.9564734 2.058524  1.9704541 2.1346016 2.2398283
 1.9505664 1.8629715 2.0351038 2.1521149 2.0696254 2.0392594 2.0663304
 2.1738725 1.7993903 2.1730118 2.0064003 2.0850606 2.0438309 2.0394378
 2.0638075 2.0251007 1.998564 ]
[-0.22953951 -0.08931649 -0.3717513  -0.27305496 -0.48169756 -0.32452548
  0.02086723 -0.43616366 -0.4315331  -0.34004974 -0.12460971 -0.2084645
 -0.1541444  -0.46112716 -0.18394625 -0.5392828  -0.17708945 -0.40425432
 -0.32209146 -0.45812917 -0.25616527 -0.13894665 -0.31627357 -0.13057601]
[-0.34156358 -0.21440113 -0.5112026  -0.28466105 -0.29626715 -0.23381388
 -0.03846931 -0.27590454 -0.4316815  -0.26040995 -0.06577778 -0.20220137
 -0.35738468 -0.48745608 -0.21294665 -0.5255692  -0.15755796 -0.42761493
 -0.09902287 -0.43791497 -0.5051472  -0.21731007 -0.18893301 -0.45462656]
[3.6504886 3.6330943 3.5249588 3.5630126 3.3162866 3.4868457 3.6812997
 3.3765135 3.4995203 3.5155492 3.6555645 3.5612612 3.7275758 3.3987164
 3.575242  3.346504  3.5639327 3.5244246 3.405781  3.4926043 3.7600787
 3.636775  3.4595966 3.6685953]
[-0.12318492 -0.00359166 -0.22437465 -0.07984757 -0.06405616 -0.02080786
  0.12184918 -0.04360449 -0.16901565 -0.04538548  0.10430646  0.01208103
 -0.12380826 -0.20181549  0.00100923 -0.22698677  0.03526354 -0.17195427
  0.08317208 -0.18697393 -0.22134697  0.01724589  0.00537264 -0.19929242]
[2.9502938 2.9543307 2.8555453 2.9114683 2.6987293 2.8327188 3.0093927
 2.7412653 2.8317988 2.8419206 2.9553695 2.911112  2.989238  2.7635276
 2.924885  2.7387125 2.911854  2.8140779 2.7897675 2.8143451 3.0304976
 2.9780178 2.8105159 2.9758213]
[0.40155315 0.5013478  0.3446803  0.47819495 0.54127157 0.5453975
 0.5938107  0.5350381  0.41998637 0.51194465 0.60405135 0.54815805
 0.38677096 0.40686643 0.5401139  0.39045167 0.55991256 0.40731168
 0.65819335 0.41526675 0.3109603  0.5345632  0.55554914 0.2937144 ]
[4.041534  4.0060034 3.995822  3.9892917 3.7749796 3.899233  4.009209
 3.7955203 3.9391272 3.9053478 3.9484775 3.9651296 4.0547724 3.9069507
 3.9947534 3.8867662 3.9556904 3.9012814 3.8138943 3.937643  4.1813116
 4.046016  3.8484156 4.065132 ]
[0.6055652  0.70987165 0.5897144  0.7066659  0.82691216 0.7915596
 0.7747886  0.80111754 0.6795058  0.7484597  0.80319536 0.7762134
 0.5873101  0.6781404  0.7633903  0.6814649  0.78390133 0.649704
 0.9151304  0.664783   0.5060377  0.7583145  0.8055403  0.48968232]
[4.4868994 4.4284534 4.461461  4.4486675 4.228241  4.347953  4.406399
 4.2358694 4.4041133 4.341096  4.347478  4.394021  4.4897194 4.393457
 4.4301453 4.3736286 4.391884  4.3462014 4.2425184 4.4179754 4.648613
 4.476718  4.2909613 4.506401 ]
[0.6294601  0.7245945  0.63777137 0.7490237  0.8839334  0.83151305
 0.7626482  0.8508961  0.7386346  0.78366387 0.8104677  0.7927469
 0.62251425 0.7448087  0.7841388  0.75044847 0.8101709  0.70565665
 0.94579303 0.73186684 0.54115283 0.7737794  0.843505   0.51900923]
[4.198053  4.131236  4.1740394 4.173208  3.944678  4.073562  4.0858803
 3.9323595 4.108291  4.031798  4.023724  4.0761743 4.190454  4.162463
 4.127615  4.0983477 4.1168995 4.052576  3.9389195 4.18244   4.3699183
 4.1361046 4.0109606 4.223224 ]
[2.7073967 2.905027  2.8075476 2.8949347 3.1820595 2.9908705 2.8101895
 3.083096  2.9995973 2.914674  3.046081  2.9408247 3.0128953 3.0337033
 2.766941  2.9473255 3.080454  3.145935  3.074666  2.937144  2.6351779
 2.8272572 3.058934  2.9534104]
[32.62961  32.972775 33.00881  32.809723 33.025875 32.872772 32.568016
 32.70435  32.883934 32.615032 32.38971  32.719337 33.09949  33.171326
 32.830265 33.09406  33.009373 32.90649  32.736706 33.10522  33.081264
 32.874313 32.757748 33.11166 ]
[153.68352 153.74295 153.59991 153.21274 152.68568 152.88779 153.95952
 152.815   153.10213 153.38754 153.73868 153.46191 153.7936  153.05223
 153.45374 152.7583  153.23546 153.37265 152.81157 153.06137 153.94171
 153.48839 152.80287 154.12112]
[272.70795 272.8557  272.73486 272.69284 272.81674 272.74078 272.78406
 272.8164  272.73892 272.76724 272.7213  272.88626 272.638   272.78726
 272.86554 272.83142 272.9256  272.6109  272.82922 272.52332 272.73337
 272.99725 272.70422 272.79034]
[406.36407 406.09396 405.94135 405.98135 405.48236 405.64673 406.29117
 405.4002  405.8191  405.81473 405.7584  406.24048 405.829   405.7352
 406.17825 405.92755 406.27026 405.27405 405.49185 405.3928  406.5741
 406.46707 405.61002 406.22675]
[457.7152  457.83484 457.5565  457.80295 457.91153 457.7525  458.03366
 458.3785  457.88858 457.96753 458.1057  457.88782 457.86133 457.18155
 457.9405  457.62772 457.7613  457.64462 458.02094 457.38428 457.2025
 457.9563  457.8128  457.81085]
[355.4321  355.707   355.56125 355.76233 356.7601  356.26736 356.20383
 357.29404 356.19525 356.24683 356.3725  356.18744 355.41904 355.66327
 356.06396 356.10855 355.60934 355.97565 356.98273 355.64136 354.14597
 355.913   356.59805 355.05713]
[277.45996 277.68872 277.7232  278.102   279.5752  278.8272  277.9551
 279.71393 278.56607 278.6478  278.41718 278.2823  277.41028 278.713
 278.17352 278.73962 278.01013 278.7013  279.6543  278.572   276.32916
 277.79565 279.1521  276.7405 ]
[379.10434 379.22678 379.50217 379.69025 381.01013 380.36346 379.3779
 381.37744 380.3718  380.2126  379.85416 380.03436 378.79156 380.16144
 379.78595 380.7095  379.50156 380.16302 381.0343  379.9095  377.97498
 379.4982  380.5795  378.56427]
[252.1416  252.08437 253.03201 252.63992 253.51979 253.39153 251.17177
 253.81725 253.20515 252.61371 251.78838 251.94708 252.42003 254.62892
 252.479   253.5254  252.0079  254.0834  252.90155 254.33124 252.29323
 251.42172 252.84114 252.13715]
[100.90905  101.09365  100.99394  101.14829  101.50886  101.389725
 101.07737  101.43073  101.26317  101.38134  101.33608  101.16419
 101.30556  101.38395  101.0352   101.10395  101.15672  101.717926
 101.49872  101.482056 100.85867  100.95882  101.48116  100.837944]
[-12.102488 -12.41612  -12.199196 -12.082986 -12.655425 -11.956328
 -12.473378 -12.112669 -12.119763 -12.183137 -11.934957 -12.453847
 -11.857513 -12.462455 -12.33461  -12.527966 -12.29712  -12.138998
 -12.364886 -11.745815 -11.472137 -12.28958  -12.190973 -12.323033]
[18.697006 18.798374 18.69217  18.410892 17.959114 18.40065  18.795912
 18.430927 18.510597 18.43734  18.700628 18.59377  18.85035  17.931005
 18.690447 18.381506 18.251137 18.302221 18.239769 18.069714 18.75946
 18.849312 18.413296 18.907223]
[-3.0856488 -2.7442038 -3.0613086 -2.892293  -2.5436351 -2.7474988
 -2.5564284 -2.7217634 -2.8454826 -2.7195373 -2.682374  -2.5822825
 -3.1426105 -3.1429074 -2.7264237 -2.797099  -2.6663747 -3.1107013
 -2.3693655 -3.1539793 -3.4352267 -2.7512388 -2.5319993 -3.2168777]
[1.1704645  1.1321436  1.2244878  1.0567782  0.99848056 1.0369796
 1.0485263  1.0101163  1.3360666  1.1086643  1.0784172  1.1714144
 1.3971841  0.9616438  1.0589451  1.1845937  1.0011817  1.1785383
 0.93751144 1.0747068  1.3447638  1.2693686  1.1371601  1.1904709 ]
[13.819983  13.910694  13.904877  13.890629  13.988078  13.964153
 13.881041  13.948095  13.9805975 13.903154  13.891934  13.99446
 13.874986  13.910813  13.922894  14.024322  13.97006   13.841028
 14.006066  13.846549  13.891548  14.076949  14.007342  13.810662 ]
[7.5163875 7.530962  7.592436  7.5486236 7.443011  7.478601  7.4547653
 7.383437  7.5878644 7.4562793 7.3916593 7.5188217 7.6093254 7.581542
 7.5180798 7.5981646 7.4991713 7.5168924 7.4147525 7.57614   7.703955
 7.5661364 7.461058  7.591694 ]
[2.145347  2.2660682 2.1901388 2.3252563 2.5924637 2.4935596 2.3104742
 2.5436647 2.3475187 2.4098532 2.4055195 2.397416  2.1333253 2.3894906
 2.374382  2.378211  2.3862255 2.3302727 2.669076  2.3577297 1.9906386
 2.3461533 2.5089653 1.9423145]
[8.518371 8.442827 8.505904 8.508249 8.32267  8.432824 8.393672 8.285952
 8.480347 8.397442 8.351017 8.44633  8.511128 8.535498 8.472065 8.460013
 8.444905 8.431963 8.323709 8.53431  8.695431 8.492398 8.360249 8.476013]
[1.9111176 2.0448103 1.9240891 2.0853574 2.3799326 2.2709363 2.1049483
 2.3011832 2.0989523 2.1781468 2.1958973 2.1910293 1.8638027 2.1451986
 2.1535099 2.1280122 2.188447  2.0684085 2.471594  2.0987742 1.7175243
 2.1153967 2.2907052 1.6672708]
[7.919633  7.831474  7.9188905 7.8918195 7.6771216 7.8036904 7.7669725
 7.6592226 7.87588   7.7616887 7.719361  7.8107553 7.930289  7.91524
 7.8475027 7.8504415 7.8101315 7.8168697 7.658243  7.930319  8.122873
 7.873802  7.7266927 7.913785 ]
[1.1676446 1.2935307 1.196556  1.3338107 1.6006619 1.5024108 1.3200377
 1.5297489 1.3554497 1.4032989 1.4198917 1.4049611 1.1571071 1.4114914
 1.3734376 1.3833221 1.4277577 1.3400738 1.6608592 1.3709146 1.0131143
 1.3371055 1.522061  0.9845592]
[4.73131   4.669302  4.7165575 4.7259374 4.5246267 4.6424093 4.623946
 4.508479  4.6720924 4.592601  4.5755033 4.632495  4.730242  4.7292027
 4.6790977 4.659032  4.6634545 4.6215124 4.5216284 4.7471313 4.88869
 4.6820064 4.5788574 4.7343082]
[-0.08890092  0.04600883 -0.05405295  0.11229122  0.39377618  0.28011954
  0.07002246  0.3308183   0.1283201   0.17602086  0.20145929  0.14693141
 -0.06797433  0.19751143  0.11852467  0.14862335  0.19760048  0.1423899
  0.44572163  0.17317128 -0.2613598   0.05411232  0.30980265 -0.24752748]
[15.403012  15.6758    15.602245  15.605452  15.6702795 15.739293
 15.497256  15.648729  15.660662  15.376535  15.544601  15.634809
 15.787024  15.7412815 15.58592   15.693759  15.710054  15.62062
 15.622667  15.639617  15.477013  15.590907  15.713231  15.790792 ]
[62.254513 62.63769  62.681355 62.300728 63.16587  62.545734 62.230766
 62.6994   62.828793 62.520145 62.46105  62.54134  62.932384 63.00502
 62.200577 62.69121  62.719646 63.300484 62.64048  62.699463 62.281673
 62.490997 62.54434  62.7786  ]
[163.96158 164.00235 163.72165 163.71735 163.5289  163.58594 164.1355
 163.66136 163.57631 164.04137 164.06903 163.83972 163.85504 163.38007
 164.07718 163.3921  163.65543 163.72537 163.822   163.7094  164.02782
 163.76797 163.38138 163.78572]
[270.60376 270.97556 270.72678 270.97745 271.76505 271.51175 270.99527
 271.63528 271.29968 271.18628 271.225   271.34122 270.73004 271.33408
 271.03806 271.31183 271.44724 271.17465 271.75143 271.01007 270.25922
 271.1021  271.66928 270.4143 ]
[531.2798  531.0858  530.9849  530.8825  531.11725 530.8381  531.21277
 531.05615 531.1621  531.0973  531.08234 531.20404 531.1963  530.86163
 531.18774 531.01855 531.2341  530.93506 531.00385 530.8     531.171
 531.49164 530.69366 530.9993 ]
[643.9058  643.88477 643.7269  644.0412  643.75684 643.9595  643.8796
 643.7303  643.96234 643.9678  643.9825  644.12415 643.9306  643.80725
 643.9314  643.80365 644.151   643.8222  643.848   643.71063 644.1068
 644.01776 643.8898  643.83856]
[596.0192  596.0049  595.8979  596.24603 595.99207 596.1809  595.93695
 596.0068  596.1326  596.17346 596.1281  596.21533 596.04034 596.08307
 596.0529  596.0607  596.29944 596.0531  596.07086 596.004   596.24506
 596.0616  596.127   596.01184]
[369.36246 369.35352 369.53824 369.72086 370.1755  369.92465 369.3803
 370.3143  370.00055 369.79086 369.61618 369.61435 369.44925 369.89804
 369.5374  370.04553 369.564   369.88715 370.1378  369.9396  369.14825
 369.5377  370.08353 369.18842]
[268.2339  267.9452  268.52338 268.51944 268.5945  268.73267 267.51324
 268.4889  268.62778 268.32098 267.8152  267.91367 268.37125 269.3543
 268.17807 268.70142 268.11462 269.008   268.37088 269.44952 268.78198
 267.8255  268.3741  267.9192 ]
[181.40785 181.53613 182.27655 182.43016 184.23651 183.30154 181.53247
 184.25926 183.15134 182.95192 182.44562 182.06859 181.834   183.54387
 182.12424 183.4439  181.80954 183.65672 184.01479 183.75914 180.58127
 181.54887 183.5469  180.71346]
[93.60507  93.44296  93.90066  94.18224  94.37571  94.59815  92.70661
 94.17094  94.33117  93.82999  93.40119  93.419304 94.034874 94.969635
 93.73844  94.09099  93.72324  94.73671  94.03649  95.09959  93.8103
 93.15404  94.149284 93.06847 ]
[35.257423 35.381767 34.58344  35.05534  34.94777  34.834915 35.965187
 34.907547 34.551857 35.40655  35.90048  35.406223 34.95427  34.114296
 35.13507  34.36696  35.628345 34.584034 35.300346 34.23101  34.813957
 35.522434 35.17882  35.15454 ]
[2.6236608 2.6103923 2.4757497 2.207563  2.0733654 2.2702239 2.5773847
 2.1259046 2.1805809 2.3913608 2.52069   2.3600745 2.5702014 2.1302977
 2.500832  2.0013838 2.2762198 2.4113967 2.1240642 2.2548776 2.6387694
 2.4988136 2.105987  2.4891071]
[5.0057306 5.1918435 4.9981318 4.8232684 4.6233525 4.7870255 5.253347
 4.749239  4.830333  4.7809997 5.0077786 5.0487413 5.113955  4.6083627
 5.004751  4.793763  4.9474034 4.6873198 4.706584  4.5280104 5.0298924
 5.220547  4.8599567 5.336371 ]
[6.5597305 6.7715197 6.494932  6.711708  6.8157177 6.7418365 6.9084773
 6.8085046 6.697193  6.7560844 6.911505  6.833082  6.689357  6.447291
 6.7390165 6.6308513 6.824979  6.6047897 6.9784408 6.4979305 6.3556
 6.8211203 6.918273  6.5651627]
[3.7361245 3.7737627 3.6812403 3.7465136 3.6816263 3.7551217 3.8196528
 3.7240138 3.7422094 3.7607021 3.8381453 3.762127  3.83209   3.6506965
 3.7631361 3.6293542 3.7552404 3.7564871 3.7604349 3.7336607 3.7647092
 3.793413  3.767826  3.697477 ]
[4.9401307 5.0092034 4.9146333 4.933452  4.865003  4.9225287 5.035087
 4.861085  4.9138613 4.9269814 4.9894047 4.9833493 4.9994082 4.881566
 4.982934  4.867615  4.981509  4.898723  4.924666  4.886078  4.999586
 5.0286756 4.9257345 4.957347 ]
[1.9123642 2.0317497 1.8836904 2.0141773 2.1080947 2.0795097 2.1220756
 2.0993679 1.9777858 2.0556445 2.1313367 2.0885632 1.924653  1.9507445
 2.0707235 1.9590855 2.088029  1.9542174 2.2134104 1.9472716 1.802418
 2.0723858 2.1141796 1.827708 ]
[5.2503786 5.270712  5.2284727 5.267951  5.184126  5.2332516 5.2840986
 5.168186  5.235686  5.230758  5.25495   5.2678323 5.272908  5.2278495
 5.2811604 5.2033606 5.2704444 5.210603  5.228977  5.241919  5.3194513
 5.3006024 5.2077537 5.2317677]
[2.1832523 2.271233  2.1821837 2.2618532 2.3425913 2.3195868 2.3084855
 2.3083963 2.244815  2.2880337 2.3196166 2.3138876 2.183371  2.257193
 2.3115726 2.244459  2.3214865 2.2232356 2.4056678 2.2454088 2.140657
 2.3022518 2.317242  2.1015348]
[4.0239615 4.0269003 4.012949  4.022804  3.9070399 3.9696712 4.0216165
 3.8914266 3.9847503 3.9626067 3.9752517 4.0073686 4.029809  3.988876
 4.033045  3.9711554 4.0135727 3.944025  3.9333093 3.9955845 4.1203723
 4.0567913 3.9313502 4.0282955]
[1.5292146 1.621915  1.5402864 1.633907  1.7349483 1.6931841 1.6511528
 1.6941637 1.6172547 1.6556944 1.6776896 1.6683394 1.5340233 1.6365488
 1.6675676 1.6267236 1.6873959 1.59428   1.7896246 1.625566  1.4722824
 1.6471456 1.6958853 1.4490405]
[3.892406  3.8378782 3.8672347 3.850434  3.6376061 3.7518268 3.803149
 3.6233287 3.7971232 3.7373414 3.7374306 3.7893462 3.8855195 3.8163283
 3.830962  3.7796102 3.8093824 3.7416456 3.6397433 3.835177  4.0578895
 3.8596656 3.6903234 3.9171321]
[-1.4759631 -1.3675901 -1.4841557 -1.3407862 -1.1671994 -1.2291183
 -1.3390646 -1.2281388 -1.3644733 -1.30671   -1.2541115 -1.311014
 -1.4733807 -1.308491  -1.3285865 -1.360199  -1.2466611 -1.3594569
 -1.1120778 -1.3210173 -1.5963875 -1.3786916 -1.2144846 -1.5934192]
[8.098741 8.352858 8.258287 8.172088 8.267133 8.159977 8.161105 8.1419
 8.224152 8.065882 8.196339 8.183219 8.519173 8.299012 8.113048 8.204383
 8.343893 8.365295 8.097375 8.223113 8.213199 8.168734 8.155228 8.616028]
[54.249035 54.60286  54.65709  54.220867 54.827827 54.28961  54.21929
 54.497692 54.660385 54.403297 54.288395 54.433277 54.922398 54.739937
 54.214516 54.55958  54.55507  54.967575 54.323837 54.479137 54.382668
 54.553764 54.31134  54.8763  ]
[144.17865 144.1486  143.9901  143.89816 143.47592 143.61562 144.27809
 143.53418 143.70132 144.05925 144.0721  143.97348 144.01086 143.54312
 144.17403 143.56787 143.85179 143.68816 143.68892 143.7538  144.42876
 144.05865 143.46155 144.11882]
[259.8011  260.1266  259.9292  260.09302 260.64093 260.50784 260.16724
 260.5454  260.32333 260.23007 260.31503 260.42145 259.88922 260.38455
 260.14627 260.3608  260.48697 260.18423 260.6555  260.0678  259.61215
 260.24298 260.66797 259.7239 ]
[490.64417 490.44986 490.43436 490.28012 490.26117 490.28897 490.7068
 490.30518 490.38925 490.25623 490.2744  490.61963 490.2058  490.3116
 490.55502 490.49094 490.58194 489.932   490.20355 490.06754 490.6193
 490.8435  490.30063 490.4916 ]
[620.9328  621.16846 620.88226 621.23804 621.6669  621.4617  621.35364
 621.6859  621.2501  621.4722  621.6179  621.4567  620.99493 621.0226
 621.2696  621.23676 621.48193 621.2366  621.8558  620.9855  620.59326
 621.41754 621.62964 620.7682 ]
[632.45    632.3974  632.27313 632.66736 632.2917  632.5581  632.404
 632.3914  632.51935 632.57135 632.57916 632.66644 632.3938  632.3299
 632.5035  632.42993 632.6635  632.3262  632.4739  632.2675  632.63654
 632.59    632.512   632.3641 ]
[541.5147  541.4397  541.56683 541.75757 541.7423  541.8042  541.2972
 541.78894 541.8493  541.68567 541.4591  541.6341  541.5316  541.8393
 541.60175 541.86914 541.64453 541.724   541.7351  541.8371  541.68036
 541.51996 541.74097 541.40204]
[335.77246 335.68427 335.98923 336.2277  336.72415 336.51248 335.54575
 336.8595  336.51498 336.3058  335.9102  335.93512 335.866   336.7215
 335.9689  336.5667  335.96426 336.62222 336.57248 336.70474 335.6424
 335.67377 336.54614 335.4864 ]
[175.02342 174.6733  175.28383 175.14226 175.4359  175.50844 174.43463
 175.62897 175.5746  175.08209 174.63353 174.82936 175.001   175.86583
 175.01422 175.56392 174.65018 175.63971 175.2814  176.0073  175.0937
 174.64293 175.2812  174.5767 ]
[107.34874  107.42356  107.42328  107.75768  108.21906  107.96489
 107.564896 108.281136 107.79645  107.81059  107.680595 107.531815
 107.41042  107.82932  107.67918  107.76445  107.552246 107.79428
 108.246895 108.00076  106.79879  107.42838  108.041824 106.977135]
[26.720057 26.632074 26.607052 26.673038 26.861229 26.455757 26.994802
 26.748938 26.668169 26.843271 26.615839 26.902014 26.269733 26.060734
 26.63908  26.891773 26.706758 26.215977 26.89679  26.067442 26.182228
 26.892159 26.898985 26.672623]
[3.189213  3.2764814 3.1556118 3.2126627 3.1829796 3.1961293 3.1846418
 3.0502071 3.1587286 3.3061943 3.2357562 3.1622312 3.3845577 3.3663323
 3.2079432 3.0379183 3.277283  3.4721823 3.1920924 3.360069  3.3784726
 3.1970494 3.132845  3.1481316]
[-4.4982085 -4.4170256 -4.499396  -4.5031953 -4.380634  -4.317676
 -4.433173  -4.318982  -4.4707813 -4.4303236 -4.383543  -4.4196377
 -4.466388  -4.423051  -4.398681  -4.503522  -4.3876686 -4.4501815
 -4.362557  -4.4700985 -4.5421395 -4.334506  -4.343233  -4.6004076]
[4.9173045 4.9274564 4.804331  4.8561573 4.6048007 4.787144  4.971031
 4.723236  4.8369823 4.795871  4.9490657 4.9003854 5.0436654 4.620236
 4.8843265 4.692752  4.8533673 4.734041  4.7276297 4.6916833 4.9828153
 5.043992  4.833242  4.94675  ]
[6.8722343 6.9584637 6.71245   6.86612   6.82207   6.891885  7.1040297
 6.79396   6.73869   6.9009676 7.0452275 6.98132   6.773924  6.656676
 6.9690905 6.689891  7.002959  6.648246  7.005838  6.6943436 6.7969875
 7.019136  6.9253373 6.7087398]
[5.5527606 5.430733  5.502359  5.3477097 5.0462184 5.22684   5.3791738
 5.1051393 5.4188304 5.2901244 5.3492236 5.3565555 5.650507  5.2063885
 5.349669  5.270504  5.278578  5.361572  5.0195036 5.319095  5.8068185
 5.502151  5.1825824 5.6255436]
[4.7555017 4.847846  4.7578764 4.76037   4.7641993 4.790825  4.8775887
 4.7545815 4.7498918 4.767108  4.830927  4.8600755 4.7563033 4.7040906
 4.8365073 4.771412  4.8526845 4.6635733 4.8290567 4.6672244 4.7886877
 4.932087  4.80908   4.7636647]
[4.3795652 4.363714  4.369087  4.3415413 4.123994  4.2264895 4.3508615
 4.1165433 4.291555  4.2341475 4.2545695 4.314114  4.4061317 4.259052
 4.3379197 4.276684  4.301261  4.2280626 4.1493726 4.280661  4.5437427
 4.3956833 4.1889997 4.4598875]
[1.0150437  1.1151352  1.0194665  1.1223185  1.2589796  1.2156125
 1.165359   1.2220538  1.1032026  1.1661605  1.1981292  1.1849202
 0.9937906  1.1222888  1.1790726  1.1174802  1.1871761  1.078625
 1.338649   1.1098813  0.92786443 1.159927   1.2165921  0.8887718 ]
[5.8028407 5.7217765 5.775295  5.730028  5.4757924 5.6153326 5.68301
 5.468134  5.683782  5.609752  5.602272  5.6765985 5.787109  5.6915884
 5.717591  5.659709  5.6700683 5.6214175 5.4788795 5.7094874 6.0043597
 5.7653213 5.5393143 5.824183 ]
[1.2147814 1.3203049 1.2224693 1.3310502 1.4953759 1.4355644 1.3694304
 1.4485062 1.3225905 1.3805022 1.408998  1.4074545 1.1795475 1.3337216
 1.390921  1.3488303 1.4095917 1.2744148 1.5721364 1.306057  1.1091689
 1.3836486 1.446844  1.0726883]
[5.0045433 4.916058  4.9807673 4.934758  4.6750607 4.8175097 4.8594522
 4.6614065 4.890887  4.797355  4.7831964 4.858799  4.996707  4.9105663
 4.9046    4.869307  4.872602  4.8213983 4.6592097 4.9344316 5.2175198
 4.942624  4.7418475 5.037254 ]
[-0.4081725  -0.31609547 -0.4122094  -0.30665624 -0.16049659 -0.20300281
 -0.30155075 -0.22422624 -0.32458484 -0.28130686 -0.2374649  -0.26794946
 -0.42372644 -0.2686025  -0.28314722 -0.30766547 -0.2126795  -0.3399607
 -0.11294425 -0.2888167  -0.48947453 -0.31345367 -0.19944084 -0.51844525]
[1.9058933 2.002215  1.9470341 1.8815532 1.6790253 1.8037537 1.8537995
 1.6317698 1.8299936 1.642901  1.8138757 1.839225  2.1843803 1.8508015
 1.8136382 1.8000433 1.978706  1.8366426 1.5729972 1.8412138 2.1300306
 1.8825624 1.7400835 2.342977 ]
[49.878555 50.111538 50.163868 49.9251   50.67498  50.07084  49.66436
 50.20305  50.423    50.088234 49.980217 50.108982 50.504955 50.44568
 49.696507 50.262505 50.3878   50.76599  50.093163 50.13534  49.956173
 50.192543 50.11584  50.322197]
[132.82707 132.77237 132.53432 132.65186 132.03693 132.29398 132.95096
 132.10088 132.2605  132.6807  132.65292 132.56284 132.54468 132.2056
 132.87059 132.167   132.55966 132.20355 132.35057 132.50262 133.13414
 132.56906 132.09265 132.69789]
[249.28307 249.6034  249.37593 249.5642  250.11333 249.98035 249.65504
 250.08875 249.81133 249.6909  249.78893 249.89946 249.34254 249.86646
 249.63573 249.82928 249.93202 249.65321 250.1572  249.55739 249.0249
 249.70409 250.14334 249.19917]
[410.47247 410.7512  410.70523 410.38605 410.88724 410.54196 410.77444
 410.73965 410.61438 410.49216 410.2392  410.75558 410.32596 410.8228
 410.8149  410.8991  410.73813 410.37457 410.6943  410.44113 410.34857
 410.8045  410.54056 410.656  ]
[628.80835 628.8846  628.6839  628.99927 629.48444 629.22253 629.03174
 629.32355 629.0197  629.2785  629.3151  629.2738  628.743   629.0461
 629.0519  629.0471  629.34564 629.097   629.6253  628.8491  628.59607
 629.33496 629.3141  628.41736]
[688.0598  688.2506  688.1506  688.4115  688.6172  688.6068  688.4007
 688.67346 688.4506  688.49365 688.5611  688.64417 688.08057 688.30396
 688.4638  688.5169  688.3948  688.31274 688.85315 688.18884 687.8609
 688.4751  688.669   687.8773 ]
[529.70483 529.67487 529.90466 530.0088  530.26056 530.1934  529.4959
 530.2994  530.2521  529.95984 529.6399  529.8713  529.8425  530.31934
 529.86945 530.26886 529.8401  530.20074 530.1462  530.333   529.7899
 529.7194  530.1032  529.5913 ]
[506.7447  506.47495 506.89557 507.0949  507.27454 507.32477 506.36536
 507.57968 507.26926 507.1319  506.89804 506.67773 506.8211  507.3091
 506.79913 507.25632 506.62592 507.40564 507.29977 507.57843 506.7632
 506.64062 507.26196 506.3629 ]
[305.18835 304.9919  305.52383 305.50085 306.0376  305.9928  304.70898
 306.47974 306.02393 305.58667 305.1854  305.13852 305.33917 306.10947
 305.3903  305.96378 304.87183 306.1698  305.9599  306.31918 304.92062
 304.89886 305.82278 304.75995]
[134.26723 134.05151 134.31352 134.52383 134.51639 134.56926 133.90688
 134.48297 134.52454 134.35097 134.02776 134.01723 134.41582 134.8501
 134.25931 134.42223 134.19856 134.67    134.4133  135.07422 134.43285
 134.05302 134.43031 133.92326]
[12.69897   12.634112  12.644413  12.73735   12.908474  12.675015
 12.886657  12.865018  12.702532  12.780124  12.773416  12.890219
 12.341912  12.392492  12.718532  12.913728  12.819721  12.271711
 12.9184475 12.349244  12.339685  12.883896  12.920703  12.600007 ]
[9.522788 9.406222 9.389244 9.256471 8.860439 9.152046 9.288321 8.879971
 9.102564 9.252671 9.278021 9.133226 9.557517 9.242342 9.319281 8.902114
 9.168846 9.419936 8.867503 9.348251 9.774382 9.272025 8.903272 9.475384]
[3.0922086 3.340508  2.964601  3.081315  3.1411562 3.183039  3.4731321
 3.1282737 2.963384  3.1372974 3.3372428 3.2860692 3.0796528 2.9738028
 3.2719102 2.9375002 3.3492348 2.9383314 3.2947662 2.8892653 2.9307325
 3.3080347 3.2401197 3.092268 ]
[1.7993013 1.8082952 1.6677754 1.7363434 1.4183779 1.6084685 1.8819984
 1.5297192 1.6488376 1.6161861 1.7961845 1.7301396 1.9006691 1.4598155
 1.7407662 1.5031232 1.7130718 1.5741549 1.5322423 1.5434328 1.8561147
 1.857777  1.6268424 1.9028953]
[4.855059  4.948531  4.727867  4.8767576 4.8539014 4.9167705 5.06477
 4.85218   4.777972  4.907064  5.043161  4.949006  4.8441358 4.734011
 4.944821  4.703022  4.9915123 4.768889  5.0027328 4.783018  4.797741
 4.9589205 4.940843  4.7511683]
[3.4866676 3.4454377 3.4045641 3.357368  3.0719945 3.2511024 3.44992
 3.1207342 3.3206203 3.2865143 3.3840828 3.355023  3.557076  3.2290776
 3.3776119 3.2008488 3.3384004 3.3133776 3.116252  3.3001685 3.674621
 3.461259  3.2035203 3.5563931]
[0.7275034  0.8437425  0.66365504 0.77419496 0.8062824  0.82554674
 0.9469507  0.807351   0.7035788  0.80340314 0.91658485 0.86962616
 0.7088624  0.6740738  0.8578123  0.68490815 0.8802527  0.66626716
 0.9309218  0.6686715  0.65011954 0.8833991  0.84926355 0.6631801 ]
[4.488057  4.4551086 4.421775  4.4229026 4.1800056 4.3143215 4.4727106
 4.2004576 4.3583717 4.3315973 4.3964252 4.406547  4.50465   4.302923
 4.4291363 4.2946715 4.3979983 4.314292  4.233168  4.344717  4.6313076
 4.4905205 4.27045   4.528901 ]
[1.1675853 1.2539037 1.1339246 1.2280201 1.2856647 1.2859318 1.3199784
 1.2632836 1.1834657 1.2539631 1.3169507 1.2962615 1.1383474 1.182872
 1.2943915 1.1769058 1.3021685 1.153278  1.3790181 1.1791023 1.1125231
 1.2928777 1.2817465 1.069067 ]
[4.525992  4.4690304 4.491797  4.4481335 4.202446  4.3366137 4.445907
 4.2079673 4.40257   4.3435597 4.3650208 4.412781  4.529495  4.3817916
 4.448846  4.364961  4.4062204 4.348754  4.2156253 4.4075565 4.7111554
 4.504917  4.272439  4.5712585]
[0.9353149  1.0283418  0.92780507 1.0224348  1.116085   1.0879751
 1.0768737  1.0858973  0.9964324  1.05099    1.0937634  1.0806434
 0.9171785  0.9976791  1.0747068  1.0052483  1.0915965  0.95876455
 1.1898179  0.98444045 0.8688544  1.0730742  1.093793   0.8415756 ]
[4.182232  4.1176414 4.157031  4.1277337 3.8900907 4.0135427 4.0859995
 3.8907142 4.0794096 4.012326  4.01378   4.06997   4.176206  4.0685453
 4.1115265 4.056524  4.075343  4.0105743 3.8938308 4.09342   4.3633285
 4.1608305 3.9515052 4.2169313]
[-0.00789571  0.07569194 -0.01050782  0.08207381  0.18706298  0.15260088
  0.09451103  0.13642359  0.05808985  0.09872603  0.13336623  0.11401284
 -0.02359807  0.09086001  0.11015403  0.07432652  0.15794384  0.02911913
  0.23437786  0.07818532 -0.0653919   0.09068191  0.15325391 -0.09575772]
[0.661132   0.72343683 0.67104614 0.5923562  0.35052788 0.45204413
 0.5968977  0.29997754 0.51126194 0.38430727 0.5220963  0.51865304
 0.88247895 0.55925953 0.5218885  0.48416126 0.6751424  0.54587245
 0.2401067  0.5599719  0.8926009  0.5751103  0.40030646 1.08284   ]
[38.253994 38.645927 38.661392 38.460617 39.282482 38.639904 38.28237
 38.972027 38.923496 38.71423  38.597458 38.607372 38.97814  39.00008
 38.316032 38.83198  38.811947 39.29495  38.797966 38.741062 38.21683
 38.608498 38.76944  38.77125 ]
[105.84422  105.637566 105.448845 105.54275  104.801605 105.020454
 105.78827  104.72348  105.07576  105.54     105.412926 105.34445
 105.534256 104.8415   105.72465  104.94126  105.41894  104.97089
 104.99131  105.339195 106.29703  105.51331  104.74114  105.635414]
[223.7864  223.99957 223.86037 223.775   223.85176 223.88159 224.10152
 223.88574 223.85484 223.90512 224.12831 224.0564  223.89412 223.82874
 223.88568 223.80064 223.97919 223.84367 223.93529 223.65147 223.82913
 224.04327 223.97815 223.95827]
[485.9365  485.88968 485.8085  485.9792  486.61826 486.20157 486.07358
 486.8796  486.38293 486.15378 486.05453 486.27222 485.72354 486.081
 486.10468 486.3492  486.18124 486.00235 486.47217 485.89444 485.23163
 486.2224  486.30624 485.71835]
[601.45703 601.75726 601.6393  601.60284 602.1873  601.82367 601.8242
 602.15533 601.88965 601.7498  601.7813  601.7826  601.7702  601.576
 601.64655 601.75226 601.84735 601.8606  602.05096 601.7184  601.1968
 601.7612  601.9545  601.7136 ]
[574.46515 574.7239  574.7108  574.8283  575.52026 575.1289  575.1733
 575.8059  575.0438  575.01245 574.9278  575.1009  574.26495 574.8103
 575.0392  575.3243  574.6897  574.698   575.6743  574.61176 573.58746
 575.06494 575.50116 574.2516 ]
[494.15802 494.21634 494.45422 494.47073 495.12015 494.93005 494.30203
 495.17944 494.66605 494.6436  494.49414 494.4793  494.08835 494.90485
 494.48438 494.91016 494.23926 494.80652 495.25665 494.91434 493.8178
 494.33508 495.02    493.75958]
[284.29736 284.3339  284.7548  284.9954  286.4676  285.9463  284.35986
 286.79553 285.56458 285.49316 285.2021  284.8321  284.30237 285.82275
 284.93112 285.69043 284.4867  285.92398 286.53577 285.9271  283.23444
 284.28308 286.05933 283.38852]
[279.25565 279.34354 279.76462 280.20157 281.82117 281.05728 279.2301
 281.80914 280.64883 280.59662 280.1201  279.87543 279.4227  281.33234
 279.88498 280.9429  279.91656 281.1947  281.721   281.26587 278.4918
 279.45206 281.183   278.47253]
[81.89374  81.66826  81.96671  81.97033  82.053635 82.128944 81.55699
 82.07345  82.04277  81.89264  81.59459  81.70237  81.74236  82.45454
 81.90297  82.09065  81.74369  82.141266 81.97449  82.514084 82.05128
 81.60032  81.8943   81.55916 ]
[12.138523  12.207032  12.005097  12.3044815 12.040925  12.242325
 12.119051  11.906965  11.860541  12.007087  11.928782  12.031991
 12.047307  12.41983   12.251081  11.868555  12.258295  12.109374
 12.094682  12.201392  12.04707   12.092455  12.01801   12.048108 ]
[4.6127853 4.5688543 4.3302617 4.460244  4.2267566 4.452675  4.676812
 4.2009025 4.143525  4.460214  4.588831  4.445699  4.3538003 4.2861524
 4.5621758 4.0545053 4.5729804 4.2824125 4.3806634 4.3570952 4.5829835
 4.4632716 4.2933655 4.3825336]
[2.7355068 2.7832668 2.6146073 2.5332756 2.1806402 2.4342825 2.784098
 2.208394  2.412198  2.4312844 2.6095316 2.580353  2.800483  2.4189956
 2.640699  2.2884197 2.594957  2.4706147 2.2553823 2.419263  2.9076095
 2.698848  2.3420868 2.889206 ]
[-3.5556512 -3.4287262 -3.7066195 -3.5470726 -3.6184607 -3.5278084
 -3.2546644 -3.5822175 -3.7097955 -3.5457666 -3.330772  -3.4415789
 -3.5939424 -3.7722785 -3.4552925 -3.7617114 -3.416645  -3.740755
 -3.424808  -3.7571104 -3.673879  -3.4054842 -3.4846492 -3.5907366]
[1.9835147 1.9596791 1.837919  1.8970181 1.6220931 1.798856  2.021598
 1.6848432 1.816369  1.8268472 1.9923602 1.8940201 2.055793  1.6811625
 1.893931  1.6577722 1.8929218 1.8242944 1.7249748 1.7841332 2.077165
 1.9690293 1.7817585 2.016077 ]
[-1.6053815 -1.4976912 -1.7217393 -1.5640626 -1.5502006 -1.4950494
 -1.3635532 -1.5234858 -1.6667958 -1.5276711 -1.3667293 -1.4781003
 -1.621351  -1.6904533 -1.4852242 -1.7338203 -1.454057  -1.652726
 -1.3921677 -1.6651336 -1.7174352 -1.4814545 -1.4799407 -1.7086787]
[2.407063  2.3967037 2.3027864 2.3476968 2.093461  2.2556496 2.447343
 2.1449313 2.2617345 2.2617345 2.3870864 2.341404  2.44856   2.1906433
 2.3572845 2.1569233 2.3390589 2.2472196 2.1853302 2.2459726 2.5096478
 2.4164429 2.2231169 2.4454136]
[-0.41354513 -0.29938388 -0.4830333  -0.32419896 -0.23731649 -0.23972082
 -0.18670678 -0.24268913 -0.39152026 -0.27979302 -0.17023265 -0.23998797
 -0.43684638 -0.4060353  -0.25586843 -0.42245007 -0.22737265 -0.4028889
 -0.10187244 -0.40030646 -0.53990614 -0.26340795 -0.21915042 -0.54165745]
[3.9003909 3.8428352 3.8463378 3.832921  3.5782697 3.7262697 3.8402824
 3.6048954 3.7787495 3.730455  3.7762263 3.7964108 3.913303  3.742625
 3.8275485 3.717543  3.783855  3.737193  3.6150174 3.780471  4.064479
 3.8850446 3.667141  3.9293318]
[ 0.12268031  0.22873807  0.09789491  0.22372162  0.34640193  0.31520498
  0.30015564  0.32416928  0.19249499  0.26848376  0.33301485  0.29700923
  0.1028223   0.19041717  0.28187084  0.18911111  0.30716085  0.1664629
  0.4413582   0.17809868  0.01457441  0.27830887  0.3309667  -0.00115764]
[4.2266083 4.1689634 4.1963015 4.1887026 3.9619832 4.087335  4.152608
 3.978665  4.142338  4.08122   4.09624   4.134798  4.233346  4.12245
 4.1702695 4.10464   4.130227  4.085673  3.982227  4.1507974 4.3851457
 4.220345  4.031887  4.247238 ]
[0.62426555 0.72530687 0.6347734  0.75169516 0.9047116  0.8453157
 0.7683474  0.8713478  0.7449571  0.794142   0.821213   0.80358124
 0.61512315 0.75009227 0.79126275 0.75873005 0.81604815 0.71129644
 0.97140956 0.7338853  0.5231055  0.7816454  0.8602463  0.50173366]
[3.6608481 3.6059046 3.633688  3.6352315 3.4287262 3.5402753 3.5753903
 3.423591  3.5760732 3.5171819 3.5187254 3.559599  3.6521509 3.5983949
 3.6045096 3.561291  3.5892525 3.519141  3.4320507 3.61947   3.8076608
 3.6286123 3.4868753 3.680261 ]
[0.42387486 0.5589924  0.47012115 0.55747855 0.72762215 0.6349515
 0.51461613 0.65765905 0.57911754 0.5566474  0.6475074  0.5609218
 0.57380426 0.66047895 0.48861372 0.5677192  0.6812571  0.66487205
 0.6910229  0.6171713  0.38027036 0.469854   0.66591096 0.5325744 ]
[25.901632 26.269169 26.30001  25.99095  26.28784  26.096354 25.761826
 25.861176 26.130402 25.797712 25.596848 25.951946 26.444775 26.394016
 26.031763 26.30654  26.278608 26.229393 25.907213 26.332722 26.416813
 26.133429 25.892372 26.464691]
[131.76791 131.75874 131.59361 131.19958 130.46996 130.73924 132.05724
 130.61435 130.98502 131.35123 131.7163  131.41504 131.78516 130.99255
 131.4669  130.58035 131.17426 131.29036 130.62927 131.01869 132.05058
 131.43681 130.61165 132.19121]
[275.90033 276.11932 275.92526 276.0112  276.33496 276.20938 276.09476
 276.38596 276.1639  276.22717 276.236   276.2767  275.93356 276.15155
 276.15634 276.1449  276.2568  276.10815 276.40445 275.9178  275.7648
 276.23416 276.24576 275.8543 ]
[504.48523 504.1792  504.0531  504.15152 503.99515 504.05487 504.31674
 504.08344 504.3087  504.13367 504.16132 504.39963 504.1912  503.9518
 504.31424 504.1304  504.3882  503.84412 503.97955 503.81696 504.3916
 504.62894 503.95633 504.1166 ]
[636.3697  636.5788  636.5363  636.52136 636.72485 636.67163 636.4375
 636.4354  636.5937  636.4666  636.40106 636.6394  636.5436  636.87946
 636.5119  636.5562  636.86475 636.655   636.53656 636.6986  636.64484
 636.4538  636.5698  636.5867 ]
[621.7141  621.74915 621.80756 622.02484 622.16895 622.11865 621.8137
 622.27313 622.1083  622.064   621.92993 622.1096  621.70215 621.9971
 621.9627  622.2007  621.9414  621.9639  622.2479  621.87036 621.6542
 622.00964 622.1379  621.6082 ]
[644.89545 644.88226 644.8887  645.21906 645.2735  645.3952  644.99493
 645.4236  645.0835  645.27795 645.3829  645.14264 644.809   645.0816
 645.0847  645.1598  645.08765 645.1075  645.5424  645.1379  644.77136
 645.0796  645.431   644.59796]
[454.0833  453.87985 454.40262 454.43015 454.70422 454.72653 453.3296
 454.73068 454.82312 454.2907  453.697   453.92236 454.27774 455.2058
 454.1867  454.8495  454.04684 454.90622 454.41772 455.29166 454.3788
 453.71066 454.45755 453.77005]
[324.1556  323.91547 324.6624  324.4422  324.7384  324.77444 323.2915
 324.79123 325.0091  324.26358 323.56964 323.8894  324.50552 325.5267
 324.19614 324.96332 323.81378 325.32104 324.35715 325.6158  324.5328
 323.62305 324.45636 323.92593]
[182.72159 182.19029 182.99867 182.70586 182.64987 182.8887  181.89171
 182.84166 183.07144 182.4797  181.93803 182.19319 182.71057 183.40747
 182.54405 183.03217 181.93373 183.20436 182.44778 183.67377 183.0512
 182.11607 182.54039 182.29198]
[14.954382 14.956757 14.874713 15.031855 15.249076 14.982344 15.221975
 15.231563 15.091043 15.157563 15.275762 15.224409 14.864235 14.682277
 14.96023  15.140495 15.205086 14.734549 15.273119 14.731255 14.69038
 15.198615 15.301437 14.927163]
[5.3122683 5.365401  5.233905  5.2886996 5.1173096 5.3033633 5.3102794
 5.0916038 5.138919  5.2758174 5.2919946 5.1873913 5.3882866 5.3534684
 5.3318887 5.0036826 5.3134255 5.372495  5.169908  5.419068  5.452788
 5.19407   5.141115  5.2506757]
[5.628334  5.8781767 5.526016  5.61275   5.544034  5.6380997 5.9852138
 5.555996  5.467689  5.6094255 5.7936687 5.7421985 5.703699  5.5175567
 5.7828345 5.411113  5.792541  5.504288  5.694468  5.443408  5.531745
 5.803553  5.667842  5.7224293]
[1.1556526 1.2977457 1.0077714 1.22615   1.1667244 1.2399527 1.4536711
 1.2127333 1.094921  1.2124364 1.4040706 1.2849523 1.2099727 1.0082463
 1.280856  0.9820361 1.3199784 1.0872331 1.3466932 1.0498917 1.000588
 1.2954007 1.298369  1.120864 ]
[4.2234616 4.2620497 4.0963287 4.18992   4.0316496 4.1562    4.335278
 4.0764117 4.1212926 4.1819944 4.3268185 4.2034554 4.316429  4.026663
 4.2117963 3.9701164 4.231506  4.1599693 4.1431394 4.126576  4.267096
 4.2483954 4.160919  4.2127166]
[1.7342062 1.8196045 1.6348568 1.7177321 1.6228352 1.7162479 1.9117706
 1.6555163 1.6355989 1.7214128 1.8636246 1.7803041 1.7745456 1.5860578
 1.7869531 1.5508833 1.8001027 1.6423073 1.744625  1.6240522 1.7374417
 1.8212371 1.7234312 1.728507 ]
[2.3419383 2.393557  2.248763  2.32303   2.1736944 2.273667  2.474414
 2.2057223 2.2362366 2.2869651 2.4122577 2.3567798 2.373818  2.1712308
 2.3652692 2.159298  2.36426   2.218219  2.2830172 2.211659  2.3720963
 2.4083395 2.2725687 2.3604307]
[2.1523523 2.2153993 2.0894537 2.1735163 2.1168513 2.1683216 2.2850654
 2.1208584 2.1062543 2.1647005 2.2537498 2.2125497 2.1595354 2.075384
 2.2207124 2.0598598 2.2230573 2.0902255 2.2140634 2.1020393 2.1510165
 2.2319326 2.1606932 2.1181574]
[3.4977393 3.4943259 3.4551442 3.4510775 3.2854161 3.3825393 3.5081284
 3.288889  3.3987164 3.392661  3.4418757 3.4533927 3.5025778 3.3748512
 3.4800186 3.3597128 3.4506025 3.3660355 3.3311577 3.3982415 3.6089027
 3.5173006 3.338994  3.518191 ]
[1.8431432 1.9103458 1.8158348 1.8808111 1.8739543 1.8937826 1.9558203
 1.8595877 1.836791  1.8787926 1.9343594 1.9221597 1.8367614 1.8251256
 1.9297289 1.8234336 1.9309756 1.804199  1.9454312 1.8288063 1.8365239
 1.9376839 1.8843434 1.8001027]
[3.5913599 3.5811193 3.566337  3.5663667 3.4095805 3.4927526 3.5822175
 3.4092243 3.520714  3.498511  3.5245135 3.5507534 3.592577  3.4981549
 3.5798132 3.497027  3.5521486 3.469867  3.4414601 3.5172708 3.7055805
 3.6186981 3.451404  3.6094072]
[1.4783674 1.546698  1.4790502 1.5440859 1.5823474 1.5712162 1.5694649
 1.5518035 1.5184693 1.5458668 1.5713646 1.5718693 1.4718965 1.5216751
 1.5793791 1.5259495 1.5894417 1.4788127 1.6310871 1.5174601 1.4645648
 1.5783402 1.5633502 1.4241661]
[1.9477762 1.9476871 1.9256326 1.9429675 1.8243835 1.8853229 1.9332612
 1.7998652 1.8889146 1.8723811 1.8916454 1.9088616 1.9417208 1.9041123
 1.9418099 1.8826811 1.948637  1.8437369 1.8389579 1.9176775 2.0382504
 1.9528223 1.848783  1.9611336]
[-1.3511456 -1.2339864 -1.3422704 -1.3467822 -1.3949579 -1.4208416
 -1.3320297 -1.4819888 -1.3845094 -1.449931  -1.302495  -1.372933
 -1.1213983 -1.3498099 -1.4265407 -1.4377906 -1.2046595 -1.2902062
 -1.4967413 -1.367976  -1.2584156 -1.3892587 -1.4313494 -1.0048921]
[34.62933  34.91574  34.978878 34.555477 34.919094 34.60576  34.32867
 34.43716  34.848686 34.447224 34.26687  34.590027 35.265617 34.888226
 34.527752 34.87745  34.914345 35.005592 34.37794  34.83913  35.14056
 34.829216 34.412376 35.281406]
[172.90627 172.93268 172.84819 172.46712 172.04648 172.18443 173.10298
 172.17288 172.42671 172.65767 172.93198 172.73375 172.97615 172.26282
 172.69064 172.14793 172.50089 172.56082 172.12744 172.24704 173.12439
 172.86209 172.14517 173.25735]
[349.05975 349.24423 349.11053 349.19873 349.63187 349.44925 349.35513
 349.6784  349.40155 349.3162  349.30533 349.50845 348.97028 349.3506
 349.32352 349.46112 349.46393 349.14264 349.59207 349.052   348.72452
 349.4297  349.59332 349.0037 ]
[542.3812  542.16345 542.1594  542.0185  541.8337  541.94977 542.4514
 541.9273  542.03674 541.9228  541.97675 542.30927 541.8798  541.93835
 542.2601  542.1574  542.2576  541.53406 541.8205  541.7203  542.4034
 542.5687  541.9897  542.28314]
[645.7945  646.3308  645.9823  646.1673  646.8094  646.3757  646.04596
 646.61957 646.3084  646.39624 646.23535 646.22455 646.2919  646.30774
 646.21765 646.175   646.542   646.56757 646.6451  646.28864 645.6104
 646.0559  646.36926 646.108  ]
[683.7187  683.9415  683.5735  684.15466 684.5817  684.3596  684.1375
 684.62854 684.0853  684.414   684.5016  684.32007 683.735   683.83575
 684.0884  684.0969  684.3627  684.08356 684.8358  683.79254 683.2967
 684.19385 684.53894 683.4523 ]
[562.71326 562.8194  562.65784 563.0388  563.3007  563.1739  562.822
 563.29865 563.05255 563.14294 563.033   563.1631  562.6359  562.9422
 563.0001  563.1574  563.20416 562.8563  563.39825 562.83734 562.5687
 562.9762  563.2234  562.5546 ]
[494.92075 494.6227  495.08743 495.27533 495.31628 495.41122 494.35687
 495.55417 495.51297 495.22385 494.79916 494.83026 495.01086 495.6186
 494.93698 495.4884  494.79633 495.59537 495.2465  495.76355 495.13272
 494.70108 495.31076 494.60864]
[362.0356  361.64316 362.29852 362.3714  362.66876 362.67752 361.26688
 363.06177 362.82025 362.30954 361.7211  361.79376 362.10364 362.95117
 362.09686 362.80322 361.6773  362.89792 362.5082  363.19028 362.03076
 361.64853 362.48422 361.56952]
[175.12668 174.62965 175.39767 175.14748 175.12721 175.35884 174.28003
 175.31276 175.51112 174.9358  174.38759 174.62653 175.13939 175.89043
 174.97566 175.46866 174.41774 175.67474 174.91092 176.1124  175.43315
 174.52327 175.00134 174.69923]
[12.145113 12.185838 12.03763  12.231668 12.46572  12.202372 12.465364
 12.436275 12.276876 12.377442 12.531676 12.43577  12.093494 11.895716
 12.165416 12.28958  12.463553 11.956952 12.500093 11.955675 11.892064
 12.387357 12.52657  12.120238]
[4.202446  4.2304373 4.1426344 4.155636  3.9307566 4.164808  4.1510053
 3.9336655 4.0003633 4.1135454 4.1242905 4.024288  4.2705393 4.2341776
 4.207522  3.8678877 4.1324534 4.2372646 3.9735894 4.306812  4.3726196
 4.0515075 3.9610927 4.148245 ]
[6.577511  6.8370004 6.4721656 6.5667357 6.4997115 6.5911946 6.952557
 6.513514  6.419537  6.564658  6.7591715 6.702595  6.6564975 6.4590454
 6.738156  6.3612394 6.7534723 6.451031  6.6579223 6.385817  6.4734716
 6.761457  6.6290407 6.6780477]
[1.0792186  1.2348175  0.9289924  1.1695147  1.1335387  1.193558
 1.4011023  1.1765199  1.0375435  1.1621236  1.3552122  1.2331553
 1.1357946  0.94801927 1.2238051  0.92430246 1.2707934  1.0285792
 1.3220265  0.98865545 0.8994577  1.2345504  1.2632242  1.032438  ]
[4.32293   4.360835  4.194224  4.2895365 4.1290693 4.256054  4.4337964
 4.176592  4.2217994 4.282501  4.4283643 4.3006377 4.4209137 4.125745
 4.3095427 4.0654287 4.329846  4.2641277 4.240678  4.228983  4.368048
 4.346261  4.260981  4.3118286]
[1.8657321 1.9595604 1.7626723 1.8544228 1.767006  1.8579551 2.056743
 1.7995387 1.7695588 1.8623185 2.0093093 1.9205865 1.9086242 1.7210566
 1.9258404 1.6830622 1.9446595 1.778345  1.8938123 1.7583386 1.8606563
 1.9593229 1.8699471 1.8577176]
[2.3041813 2.3568096 2.2102046 2.2858965 2.137659  2.237424  2.4391801
 2.1704292 2.1985984 2.250633  2.3771129 2.320329  2.3360314 2.1329098
 2.3288183 2.121096  2.3280466 2.1805809 2.2482285 2.1736054 2.3322911
 2.3715324 2.2370086 2.3219023]
[2.0861292 2.1514616 2.0211232 2.1080651 2.054398  2.1057794 2.2233543
 2.0587614 2.039883  2.1012082 2.1928697 2.149087  2.0924516 2.008864
 2.156775  1.9926274 2.1608713 2.0240915 2.1540146 2.0359945 2.0814986
 2.1673717 2.0991304 2.0494113]
[3.3018901 3.305749  3.258256  3.2612836 3.1074955 3.1997802 3.3242416
 3.111117  3.2083588 3.2086852 3.2616398 3.2678437 3.3074706 3.1842263
 3.2929556 3.1687615 3.2663298 3.177904  3.1575708 3.2075572 3.4025753
 3.3274474 3.1593223 3.3177707]
[1.8684926 1.9368825 1.8419856 1.9066651 1.9028953 1.9210911 1.9833959
 1.8886474 1.8634465 1.9064276 1.9616679 1.9505664 1.8602407 1.8503859
 1.9574232 1.8518701 1.9579872 1.8285688 1.9749956 1.8530277 1.8601813
 1.9668031 1.9127204 1.824057 ]
[3.4200587 3.4221365 3.3990133 3.4075918 3.2763627 3.346296  3.4274795
 3.272593  3.3643138 3.3499768 3.3759496 3.398657  3.4219584 3.3442776
 3.4251049 3.3444855 3.4010022 3.3160193 3.311478  3.3604846 3.5171225
 3.4584982 3.3099937 3.4307446]
[1.8700955 1.9275026 1.8713422 1.9251577 1.9343594 1.9342704 1.9442439
 1.907615  1.8975227 1.91557   1.9369122 1.9428191 1.8679583 1.8978492
 1.955197  1.9020642 1.9587886 1.8567084 1.9774    1.8971071 1.8777537
 1.9585512 1.921477  1.8313293]
[2.4768777 2.4495099 2.4485304 2.442742  2.2693927 2.3582935 2.42327
 2.2471008 2.3831384 2.3484092 2.3621526 2.3947148 2.4652717 2.4002657
 2.4344606 2.3742037 2.4325016 2.330243  2.2737858 2.4172444 2.607632
 2.4545858 2.3097618 2.5067687]
[1.9883827 2.184588  2.0766602 2.0530028 2.1602182 2.0105858 2.0354898
 2.0356975 2.10106   2.0026898 2.1395292 2.0634217 2.3552363 2.112666
 1.9493791 2.0358758 2.2424405 2.258202  1.9927461 2.0557632 2.0585537
 2.0368848 2.030117  2.4330654]
[45.874805 46.160713 46.246437 45.76079  46.14335  45.760853 45.644733
 45.729507 46.0936   45.744972 45.546333 45.847736 46.503555 46.10583
 45.773262 46.091908 46.0787   46.24926  45.600773 46.01696  46.29877
 46.100815 45.635323 46.5441  ]
[168.90703 168.90422 168.83223 168.42853 167.97739 168.11842 169.06618
 168.09496 168.38179 168.6031  168.85323 168.68794 168.94284 168.21106
 168.66629 168.11446 168.45558 168.49231 168.04575 168.20418 169.1453
 168.84502 168.06142 169.24979]
[341.94568 342.1291  341.99014 342.07925 342.49854 342.32587 342.2346
 342.55267 342.28073 342.20123 342.19504 342.389   341.85873 342.226
 342.2065  342.33295 342.34088 342.02594 342.4682  341.93048 341.6191
 342.31198 342.46628 341.887  ]
[532.9184  532.702   532.6988  532.5507  532.37616 532.48535 532.9875
 532.4592  532.57587 532.4587  532.49927 532.84924 532.4122  532.48975
 532.8017  532.70197 532.7982  532.0701  532.35504 532.2592  532.9421
 533.1027  532.52026 532.81537]
[641.5639  642.0904  641.7369  641.9264  642.56006 642.1375  641.83026
 642.3813  642.06494 642.15784 642.01807 642.0076  642.03326 642.0555
 641.9897  641.94305 642.3093  642.3     642.4179  642.02423 641.3778
 641.85034 642.143   641.85675]
[672.43005 672.65    672.2806  672.86224 673.26013 673.0534  672.8533
 673.3143  672.78503 673.1128  673.2007  673.04517 672.425   672.5285
 672.8069  672.80664 673.0677  672.75555 673.526   672.46796 672.01404
 672.9151  673.23145 672.1673 ]
[560.33075 560.4238  560.2637  560.6528  560.88306 560.7755  560.4311
 560.898   560.65765 560.7487  560.6429  560.7669  560.24506 560.52954
 560.6092  560.75543 560.80304 560.45215 560.99243 560.4349  560.1898
 560.5919  560.8224  560.165  ]
[499.07434 498.78256 499.2068  499.43655 499.47495 499.5684  498.56256
 499.73004 499.63614 499.4034  499.01932 499.0077  499.1358  499.711
 499.1016  499.6143  498.97208 499.71207 499.44556 499.86072 499.2354
 498.89078 499.49045 498.7401 ]
[361.39136 361.0053  361.65225 361.72726 362.03375 362.03427 360.63516
 362.42773 362.17328 361.67242 361.09067 361.15692 361.4576  362.29898
 361.45685 362.15887 361.03986 362.25204 361.8771  362.53513 361.37415
 361.01428 361.84537 360.92783]
[97.08904  96.88612  96.92963  96.69871  96.57292  96.667854 97.19425
 97.002304 97.08198  96.85846  96.93639  96.97302  97.01637  96.097595
 96.90907  96.75144  96.45738  96.63884  96.797356 96.63453  96.828926
 96.89929  96.77137  97.01687 ]
[6.352246  6.5532894 6.261564  6.3576775 6.2404    6.3591022 6.5132766
 6.127663  6.1818943 6.3570247 6.3883405 6.3416486 6.5063605 6.484009
 6.4435806 6.069395  6.524408  6.428472  6.2891393 6.4152036 6.4709187
 6.364653  6.2889614 6.394455 ]
[1.1622423 1.3757826 1.1317874 1.2119021 1.1506362 1.2639366 1.429984
 1.1558901 1.046122  1.1515564 1.234491  1.2483233 1.1913021 1.2259423
 1.3477914 1.048645  1.2974786 1.1011544 1.2583859 1.1176286 1.0707589
 1.2930558 1.2321757 1.2133566]
[1.5257417 1.6542399 1.3973325 1.5328656 1.3895853 1.4964741 1.7486916
 1.4283514 1.4213462 1.5031528 1.6892956 1.5764108 1.6475909 1.343339
 1.5801212 1.295193  1.6093887 1.4511777 1.536487  1.3826988 1.4854023
 1.6345303 1.543047  1.5763514]
[1.4973646 1.6061829 1.3401926 1.5251184 1.5006001 1.5758468 1.762791
 1.5360714 1.403477  1.5610349 1.7438235 1.606361  1.4957321 1.3423
 1.6036005 1.3008327 1.6403185 1.4146972 1.6801236 1.4000337 1.3718941
 1.6119711 1.6113181 1.3890806]
[4.434716  4.4061317 4.3235826 4.3236127 4.050172  4.226697  4.446174
 4.114525  4.271103  4.264187  4.3941693 4.3304396 4.5030766 4.1496696
 4.3435297 4.135392  4.3143215 4.2601795 4.1282086 4.2345634 4.5701604
 4.4318666 4.203277  4.47933  ]
[1.6152066 1.7228376 1.5274633 1.6510044 1.6520433 1.6926498 1.8364348
 1.6628777 1.5692868 1.6770662 1.8058316 1.7394007 1.6041942 1.5297192
 1.7301693 1.5272259 1.7560827 1.5423642 1.7889122 1.5423049 1.5469058
 1.7565873 1.7166041 1.5469948]
[4.1782246 4.1482744 4.1102505 4.103423  3.8547382 3.9956143 4.1675982
 3.8856087 4.045304  4.0192122 4.0921736 4.0930343 4.208472  3.977567
 4.114881  3.971185  4.0804486 4.0062113 3.9088802 4.0237536 4.326937
 4.184903  3.955631  4.2279143]
[1.452187  1.539574  1.411907  1.5031232 1.5391288 1.5493398 1.6109619
 1.5262463 1.4533743 1.5256823 1.5979904 1.5723145 1.4302511 1.4406996
 1.57086   1.4406699 1.5782214 1.4213759 1.635866  1.4401653 1.4044565
 1.578726  1.5499928 1.3712114]
[4.860936  4.805073  4.8269196 4.781534  4.5366483 4.668026  4.7859864
 4.541813  4.735169  4.679899  4.701063  4.7508416 4.8616786 4.711007
 4.786046  4.6993413 4.7392654 4.68076   4.552885  4.7364454 5.044111
 4.8438387 4.604771  4.906114 ]
[1.0378107 1.1280177 1.024483  1.1128496 1.1946859 1.1743827 1.1810317
 1.1657152 1.082365  1.1400393 1.1872652 1.1777666 1.0108584 1.0802575
 1.172483  1.0919824 1.1845046 1.039562  1.2730494 1.0668111 0.9767525
 1.1756591 1.1776775 0.944576 ]
[4.190484  4.126042  4.1619883 4.127971  3.8847775 4.0123854 4.0973086
 3.887449  4.079736  4.01476   4.0219727 4.076144  4.185675  4.064093
 4.116098  4.0528727 4.0774207 4.013424  3.8914561 4.08965   4.374133
 4.1691713 3.9495163 4.228419 ]
[0.23980987 0.32565343 0.23696029 0.33164942 0.4357481  0.40173125
 0.35741436 0.39555717 0.3091793  0.35462415 0.38959086 0.3754617
 0.21912074 0.32304132 0.37047493 0.3244661  0.4027108  0.27038348
 0.49458003 0.3097136  0.1754272  0.36275733 0.40523386 0.14280546]
[3.4015365 3.3346603 3.3688257 3.3469195 3.1058035 3.23166   3.2944398
 3.0949988 3.283279  3.217798  3.2198758 3.2710495 3.3859825 3.3002872
 3.319522  3.2697136 3.3046508 3.215631  3.0995405 3.3238854 3.5800507
 3.3517876 3.1701863 3.4417274]
[5.236695  5.466442  5.371664  5.42637   5.755318  5.482412  5.30927
 5.616342  5.5758243 5.4572406 5.583987  5.4785824 5.663805  5.5567975
 5.25967   5.494107  5.657186  5.762828  5.566029  5.443675  5.1989975
 5.408946  5.564782  5.6130176]
[45.077694 45.250362 45.382572 44.98473  45.162025 45.013966 44.62512
 44.642246 45.176777 44.755962 44.445118 44.921444 45.570793 45.166805
 44.985054 45.302902 45.27583  45.135162 44.66338  45.26461  45.820873
 45.261612 44.71298  45.551647]
[149.39442 149.41989 149.27596 148.94746 148.31    148.5694  149.61687
 148.41507 148.78267 149.08574 149.39638 149.14812 149.47421 148.71582
 149.13739 148.43443 148.9839  149.00679 148.44128 148.73354 149.76141
 149.20618 148.46593 149.81096]
[75.78553  76.25052  75.722305 76.03163  75.65166  75.5318   76.05078
 75.30401  75.78161  75.88835  75.94448  75.848724 76.33149  75.43242
 75.94632  75.61289  76.33303  75.67475  75.660355 75.74795  76.431046
 75.988    75.51627  76.34749 ]
[90.645    90.45959  90.33959  90.20685  89.19606  89.611465 90.60942
 89.253    89.71341  89.896126 90.027664 90.07258  90.46182  90.025764
 90.1822   89.60051  90.2599   89.848915 89.27908  90.00212  91.22903
 90.198166 89.40008  91.23084 ]
[125.38021  125.686134 125.47635  125.177795 125.12686  124.97526
 125.54755  124.98317  125.34116  125.46875  125.47104  125.43325
 125.73821  125.03915  125.43601  125.16322  125.34098  125.49305
 125.13228  125.18859  125.80576  125.38573  124.88137  125.81283 ]
[180.819   180.95453 180.71439 181.02122 181.31845 181.05452 180.87383
 181.11346 181.07756 181.10939 180.982   181.16241 180.90451 181.09221
 180.9148  181.0499  181.40657 181.04279 181.25452 180.86072 180.78575
 181.0465  181.10081 180.85652]
[84.62798  85.12983  85.00322  85.27097  86.747    85.81152  85.09075
 86.340164 85.86577  85.79316  85.4566   85.629295 84.96367  86.085434
 85.19751  86.02018  85.6265   86.09673  86.55444  85.680084 84.02482
 85.006096 86.212166 84.43596 ]
[109.75617  109.80796  110.000916 109.85481  110.10302  110.02761
 109.65294  110.11942  110.046295 109.78872  109.64004  109.68442
 109.93119  110.44707  109.75736  110.09873  109.76747  110.22072
 109.86007  110.38194  109.76851  109.45063  110.00351  109.952576]
[52.25528  52.421417 52.531303 52.44445  52.867702 52.67316  52.3543
 52.83796  52.62537  52.541515 52.390396 52.383896 52.40245  53.069695
 52.46903  52.708927 52.371044 52.905666 52.750156 52.989017 52.169823
 52.042572 52.62724  52.324856]
[41.414265 41.25083  41.243675 41.31153  41.061333 41.230675 41.24786
 41.031147 41.148987 41.120018 41.119217 41.15077  41.23332  41.43638
 41.246735 41.122658 41.27054  41.206898 41.05477  41.42976  41.46229
 41.0486   41.10268  41.344242]
[7.250516  7.2856607 7.1630993 7.365716  7.573053  7.4972124 7.365241
 7.4580603 7.3262672 7.4354715 7.4235387 7.407599  7.156777  7.4356494
 7.3917184 7.2879763 7.4439015 7.3852773 7.6514754 7.445623  7.0923643
 7.2639623 7.461949  6.9459376]
[6.9559703 6.8241477 6.8986526 6.824771  6.5635595 6.75463   6.765494
 6.612952  6.8227825 6.7313585 6.7623477 6.752908  6.9919167 6.8286004
 6.807585  6.6947293 6.7171993 6.8859777 6.542544  6.889213  7.136711
 6.803429  6.625894  6.942138 ]
[-2.1039984 -1.9685841 -2.1004066 -1.9627959 -1.6764725 -1.7732989
 -1.893931  -1.6778083 -1.9333799 -1.8684332 -1.7929194 -1.8581926
 -2.088682  -1.9361404 -1.9101083 -1.9372387 -1.871639  -1.9107614
 -1.6078452 -1.980487  -2.362657  -1.9123049 -1.7127156 -2.259449 ]
[4.555883  4.5712585 4.5228157 4.652739  4.592393  4.649355  4.6259646
 4.6393814 4.5899296 4.567756  4.6297345 4.5871987 4.587288  4.59735
 4.604623  4.555052  4.5814695 4.5918884 4.668916  4.6265287 4.473631
 4.584943  4.66574   4.510112 ]
[-0.13357401  0.007213   -0.11333013  0.09317529  0.43191898  0.28926194
  0.09213638  0.41194224  0.12769675  0.19012034  0.22511673  0.15168071
 -0.09638107  0.14693141  0.10653269  0.12021661  0.13823426  0.17281508
  0.5175251   0.13431609 -0.4253887   0.04734457  0.362787   -0.3441757 ]
[5.11538   5.115261  5.107395  5.2153525 5.183592  5.2223577 5.147972
 5.2193894 5.174301  5.1434307 5.157085  5.1362767 5.1399875 5.223486
 5.1670284 5.156877  5.130489  5.187154  5.233608  5.2404647 5.0526595
 5.135713  5.2294226 5.044081 ]
[ 0.03805375  0.20139992  0.08670437  0.3136021   0.7302046   0.54061854
  0.28733253  0.70809066  0.36712074  0.43111753  0.4452467   0.37207782
  0.08385479  0.39629924  0.32330847  0.37908304  0.35848296  0.41028
  0.8068464   0.36881268 -0.30647814  0.25782752  0.63409066 -0.19394946]
[6.0323806 6.045411  6.0342803 6.17949   6.204127  6.2064123 6.088244
 6.2355614 6.1438704 6.1211925 6.118343  6.092489  6.058294  6.2009807
 6.1203613 6.13636   6.0932307 6.155684  6.2574673 6.2162375 5.9267087
 6.076875  6.2300105 5.9303   ]
[0.69969034 0.85680306 0.75677097 0.9857168  1.4059407  1.2093791
 0.9285768  1.3777714  1.043866   1.0961677  1.0932884  1.0226723
 0.75472283 1.0884798  0.9805223  1.0580249  1.021574   1.0922792
 1.4674144  1.063635   0.36361814 0.9043257  1.301189   0.4693197 ]
[5.825281  5.8459406 5.837837  5.9877963 6.0376344 6.0232677 5.8823323
 6.0595703 5.9520874 5.9322295 5.9179225 5.892098  5.8513727 6.027453
 5.9244823 5.9564214 5.905752  5.9677305 6.08112   6.038614  5.709161
 5.8702216 6.0494184 5.7209153]
[0.81165504 0.97672284 0.88057923 1.121428   1.5639142  1.3509972
 1.048645   1.5363089  1.181566   1.2347285  1.222974   1.1482022
 0.87404895 1.2322351  1.1087533  1.202552   1.150369   1.2335411
 1.6230133  1.2075387  0.45922744 1.0247798  1.4495451  0.5785239 ]
[5.839826  5.8692718 5.8553205 6.027661  6.103679  6.0753617 5.913173
 6.125526  5.988212  5.9761605 5.9582024 5.924126  5.8660064 6.0775285
 5.9580836 5.997859  5.943717  6.01089   6.152597  6.0880065 5.697169
 5.8895154 6.1090817 5.720767 ]
[1.3787509  1.5512395  1.4561645  1.7188303  2.1989546  1.9622616
 1.623043   2.16568    1.779473   1.8331697  1.810195   1.7251232
 1.4510887  1.857124   1.6897409  1.8085624  1.7391039  1.8486346
 2.2517016  1.8320417  0.99019897 1.5821396  2.0738702  1.1346964 ]
[11.466527 11.683481 11.610876 11.698501 11.78847  11.728511 11.647327
 11.811237 11.600755 11.535036 11.590395 11.520669 11.669174 11.964936
 11.609184 11.725542 11.663148 11.746053 11.755463 11.863539 11.312264
 11.416155 11.814265 11.761162]
[16.829315 17.343102 17.231611 17.29997  18.105957 17.552486 17.164736
 18.008774 17.595615 17.448744 17.465693 17.379581 17.408195 17.81156
 17.211813 17.673178 17.463942 17.8725   17.906813 17.507723 16.414198
 17.18578  17.790989 17.236242]
[83.29926  83.840355 83.66521  83.616486 84.14073  83.91245  83.70392
 84.09638  83.61157  83.54256  83.64032  83.60409  83.642296 84.14084
 83.73857  83.80054  83.74397  83.91492  84.12215  83.9377   82.975266
 83.48172  83.900375 83.713165]
[89.31898  90.12197  89.84305  89.98246  91.135155 90.37969  89.997406
 90.89337  90.31169  90.36297  90.202515 90.1739   89.8806   90.73792
 90.10811  90.411514 90.23569  90.72437  91.03483  90.38558  88.76511
 89.66039  90.58234  89.57534 ]
[121.231964 121.40699  121.34816  121.56908  122.12541  121.821556
 121.55297  122.29728  121.55723  121.634285 121.54393  121.42721
 121.17623  122.11964  121.56016  121.69045  121.49515  121.822624
 122.1327   121.93747  120.56907  121.11169  121.91322  121.178   ]
[206.88051 207.21822 206.91508 207.38644 208.72623 207.83922 207.48146
 208.58888 207.74042 207.88185 207.65178 207.70506 206.81834 207.83566
 207.46886 207.88776 207.60722 207.80165 208.6755  207.5835  205.75545
 207.05278 208.20021 206.4281 ]
[295.8572  295.76443 295.9142  296.31454 296.887   296.74908 295.87094
 297.10858 296.3938  296.487   296.33984 296.09338 295.63687 296.65558
 296.1713  296.47687 296.09097 296.52707 296.95154 296.59476 295.2509
 295.84723 296.83954 295.20612]
[345.01666 344.87946 345.0436  345.47873 345.961   345.81534 344.85037
 346.10104 345.58447 345.64792 345.46    345.1481  345.0459  345.82452
 345.15097 345.53284 345.2566  345.89584 345.9405  345.86697 344.67303
 344.90964 345.88242 344.49094]
[291.22525 291.24362 291.331   291.81204 292.67368 292.30692 291.34662
 292.7685  291.97116 292.12885 291.9535  291.60876 291.22202 292.2335
 291.56854 292.02835 291.68246 292.2796  292.69595 292.23685 290.6209
 291.28485 292.49094 290.62177]
[89.37707  89.60657  89.9436   89.890274 91.0496   90.5245   89.452805
 91.0191   90.56429  90.30576  89.98672  90.01132  89.85146  90.939514
 89.83314  90.51024  89.80105  90.96176  90.81727  90.665405 89.03555
 89.650154 90.5973   89.12062 ]
[80.98944  80.87661  81.002754 81.09134  81.16025  81.1772   80.7119
 81.02615  81.1425   81.029945 80.79059  80.90702  80.95922  81.41686
 80.98619  81.10102  81.05926  81.18533  81.02307  81.39215  81.119255
 80.818214 81.04293  80.734535]
[3.3414874 3.321689  3.2775798 3.4540458 3.4200883 3.5075052 3.3275661
 3.4039705 3.273246  3.4533927 3.3870213 3.2870784 3.2860987 3.5298862
 3.4254313 3.2205882 3.3785024 3.5023699 3.4790983 3.5604599 3.293015
 3.2193117 3.3671634 3.1266115]
[2.3197353 2.301777  2.1433582 2.1421115 1.8671272 2.107323  2.2898147
 1.8764774 2.0022447 2.1110036 2.256065  2.148078  2.3333895 2.1041172
 2.225254  1.8430542 2.1816196 2.178028  1.9542471 2.1100538 2.417096
 2.2215436 1.9841677 2.2612596]
[-6.786361  -6.6613655 -6.982418  -6.7749925 -6.7000723 -6.647088
 -6.453376  -6.6810455 -6.9257236 -6.695798  -6.4596095 -6.603157
 -6.9141173 -6.974255  -6.636046  -6.9850006 -6.5927978 -6.9479265
 -6.483831  -6.977194  -7.0569525 -6.6172266 -6.6060066 -7.00005  ]
[5.078751  4.9824295 4.9403386 4.9662223 4.6561227 4.8653293 5.0227685
 4.737217  4.917631  4.8565135 5.00487   4.9495406 5.1163    4.753958
 4.9380827 4.766544  4.9113975 4.8666654 4.7320523 4.8536935 5.184898
 5.0415583 4.8385553 5.082432 ]
[1.9307975 2.0082703 1.850653  1.9591448 2.011001  2.0344806 2.0991006
 1.9920931 1.9051512 1.9952989 2.1006145 2.0603049 1.8834529 1.8802471
 2.0286627 1.8818203 2.0668054 1.8724998 2.1289916 1.874637  1.8548977
 2.0734842 2.052528  1.8031304]
[3.3189876 3.2758582 3.275116  3.258256  3.0191288 3.1674256 3.2710197
 3.057153  3.2177386 3.1529996 3.2164621 3.2212114 3.3660355 3.1705425
 3.2449877 3.1439166 3.20168   3.194942  3.0514834 3.216195  3.4612885
 3.2981799 3.1190422 3.3711705]
[-1.2549723  -1.1194096  -1.2686563  -1.1138588  -0.9210967  -0.9815612
 -1.0308945  -0.93504775 -1.1371304  -1.046122   -0.9704894  -1.0290542
 -1.2563674  -1.133331   -1.0574906  -1.1398019  -1.0264124  -1.1372491
 -0.81426716 -1.1519719  -1.4290341  -1.0705512  -0.94537747 -1.3951657 ]
[4.0940733 4.0629354 4.046016  4.0965366 3.9160635 4.0296607 4.0830607
 3.9455388 4.0365767 4.003302  4.049073  4.0508246 4.1094193 4.0239615
 4.075135  3.9830582 4.0413857 4.012266  3.972491  4.054654  4.172971
 4.102117  3.9918149 4.081072 ]
[-0.31404734 -0.18225431 -0.31327558 -0.13971841  0.1073935   0.01365423
 -0.10044765  0.076998   -0.13942158 -0.05865383 -0.01240754 -0.06070197
 -0.3183514  -0.1284982  -0.09166145 -0.14069796 -0.06453109 -0.13909507
  0.20594144 -0.14538789 -0.5136663  -0.12642038  0.04868031 -0.5020602 ]
[5.1817217 5.1335163 5.164565  5.1919327 5.0243716 5.123632  5.1247005
 5.043636  5.153434  5.091574  5.09383   5.124849  5.193476  5.1595187
 5.158391  5.1226225 5.1184077 5.11351   5.0481772 5.1819296 5.284544
 5.184423  5.081393  5.165515 ]
[-0.12653911  0.00718331 -0.09961653  0.06806338  0.34957802  0.23146892
  0.06515443  0.30929804  0.08961332  0.14978099  0.17272604  0.13416767
 -0.11822784  0.11042118  0.10056639  0.10386121  0.13965905  0.08548737
  0.42298436  0.08379543 -0.32874048  0.06744003  0.27424228 -0.31054473]
[4.648079  4.605513  4.6360865 4.6805224 4.532077  4.618039  4.590998
 4.5395274 4.6331186 4.574108  4.565411  4.5961037 4.6535997 4.6638403
 4.6351366 4.617297  4.61139   4.5907903 4.548937  4.6829267 4.7375436
 4.644428  4.5805197 4.62641  ]
[ 0.17913759  0.311643    0.2191801   0.38887846  0.67561734  0.54708946
  0.35221982  0.6294601   0.41318893  0.4619286   0.47121942  0.42901003
  0.20134056  0.44955075  0.40185     0.43301725  0.4531721   0.41556358
  0.7310654   0.4262495  -0.01498997  0.35551465  0.5902487   0.01068592]
[6.055474  6.0807934 6.058383  6.0632806 5.8799872 5.9966717 6.029175
 5.8748226 5.960933  5.8747926 5.9444    5.934931  6.1299486 6.1432767
 5.9965234 5.9836407 6.048172  5.9880934 5.850571  6.1344905 6.153547
 5.913203  5.9717674 6.247583 ]
[49.146065 49.729546 49.76196  49.40306  50.66118  49.803368 49.31968
 50.2582   50.034657 49.773533 49.643314 49.6879   49.930527 50.254818
 49.39632  50.03065  49.788406 50.536095 50.150837 49.89568  48.90186
 49.60054  49.918568 49.65955 ]
[50.17957  50.621315 50.67676  50.29863  50.753464 50.589462 50.22294
 50.562332 50.533215 50.140892 50.053    50.350662 50.695107 50.87273
 50.440426 50.71897  50.45966  50.659634 50.477825 50.738235 50.336147
 50.37987  50.446423 50.739956]
[68.65541  69.12868  69.04675  69.07456  69.69337  69.2407   69.142654
 69.699005 69.296295 69.31796  69.2494   69.208015 69.100746 69.54715
 69.05399  69.39045  69.18715  69.49894  69.62388  69.2448   68.35371
 69.00769  69.55591  69.01003 ]
[86.37336  86.4491   86.0235   86.52074  85.7662   86.084755 86.754074
 85.83279  85.82921  86.236496 86.439064 86.18122  86.143036 86.247314
 86.3607   85.77917  86.53723  85.97687  86.19175  86.32065  86.50441
 86.04523  86.08405  86.554535]
[127.94039  128.06302  127.81872  128.16945  128.2278   128.06898
 128.18356  128.16112  127.994194 128.18573  128.19621  128.13083
 127.99413  128.08264  127.96498  127.97616  128.40753  128.09012
 128.28818  127.95225  127.846634 128.07867  128.20883  128.09962 ]
[251.65857 251.76106 251.35999 251.67314 251.8904  251.4951  251.54936
 251.45331 251.88339 251.70143 251.30525 251.93008 251.77007 251.91536
 251.68968 251.6862  252.12343 251.72498 251.63568 251.57198 251.60902
 251.53708 251.43604 251.64853]
[351.0091  351.07788 351.11508 351.04028 351.71335 351.27518 351.28656
 351.62955 351.3659  351.23877 350.8813  351.2771  350.7428  351.47592
 351.30704 351.58096 351.05466 351.16095 351.6186  351.31198 350.46436
 350.98593 351.41754 350.68042]
[197.7995  197.85497 198.044   198.40207 199.85379 199.3735  198.26616
 200.31317 199.07965 198.93285 198.9575  198.60991 197.72313 198.91182
 198.37094 199.07751 198.07391 199.05934 200.02365 198.8716  196.31653
 198.02727 199.87993 196.81973]
[166.51202 166.65904 166.94672 167.17903 168.22751 167.64275 166.6106
 168.15932 167.55566 167.33878 166.87498 166.9698  166.61064 168.00519
 167.01355 167.80606 167.01447 167.68634 167.9966  167.87321 166.04669
 166.6122  167.74779 166.15552]
[65.09168  65.02309  65.14523  65.25901  65.62678  65.356636 65.22155
 65.61114  65.4518   65.53749  65.29092  65.29765  65.07405  65.243515
 65.14523  65.489586 65.1615   65.459724 65.65062  65.34995  64.857605
 65.13211  65.62833  64.836945]
[14.398298  14.382656  14.541758  14.706083  14.92933   14.839033
 14.130231  14.703293  14.834046  14.714424  14.385298  14.505306
 14.592367  15.221145  14.503526  14.810152  14.652416  15.071452
 14.796646  15.117758  14.619349  14.3974085 14.753457  14.140946 ]
[-3.2227254 -3.505843  -3.1614296 -2.955132  -2.7544446 -2.477323
 -3.6067061 -2.4632828 -2.915594  -2.8691697 -2.9189186 -3.3421404
 -3.2392588 -2.5941854 -3.1484878 -3.0830367 -3.2230518 -2.6119063
 -2.7322416 -2.33146   -3.201116  -3.4403026 -2.7636464 -3.9008064]
[10.663421  10.48648   10.333731  10.579181  10.316307  10.711211
 10.7619095 10.679005  10.535813  10.62795   10.815131  10.693787
 10.496661  10.32162   10.7113    10.321263  10.416547  10.412925
 10.764492  10.457895  10.458875  10.744753  10.7545185 10.084333 ]
[-2.9979055 -2.7726107 -3.198296  -2.854625  -2.768277  -2.7777162
 -2.571003  -2.9316528 -3.0813744 -2.7845728 -2.601814  -2.6906853
 -3.1623201 -3.1056254 -2.7329242 -3.093782  -2.6036246 -3.2131376
 -2.4845657 -3.1123636 -3.2370028 -2.7717795 -2.7043097 -3.2877016]
[4.682897  4.5711403 4.6470695 4.5318694 4.351841  4.4802504 4.5290494
 4.363714  4.659388  4.524033  4.560751  4.594204  4.7728367 4.4144135
 4.5189867 4.52991   4.4733934 4.5568924 4.333141  4.5091023 4.8732843
 4.691386  4.4962196 4.6495333]
[4.3955345 4.454337  4.4471536 4.4476285 4.536826  4.5344515 4.419875
 4.4921236 4.5059857 4.46063   4.457988  4.521599  4.4236746 4.513674
 4.4665666 4.5448704 4.5211835 4.437299  4.5591183 4.454129  4.467902
 4.5795403 4.54867   4.342966 ]
[1.0721837  1.0923682  1.1238323  1.1171833  0.97565424 1.062507
 1.0393839  0.9424685  1.0811777  0.98726034 0.97390294 1.0484669
 1.1403658  1.1456791  1.0787437  1.0949507  1.0490309  1.060726
 0.9824517  1.1470149  1.2102399  1.0704918  1.0232956  1.1429483 ]
[-3.1899848 -3.0029218 -3.1368818 -2.8959439 -2.4349651 -2.61998
 -2.9012868 -2.4754827 -2.8608584 -2.740998  -2.7066548 -2.79891
 -3.183217  -2.8119407 -2.8548923 -2.8344405 -2.8235765 -2.8185008
 -2.3129082 -2.8431377 -3.5409284 -2.930317  -2.551026  -3.486727 ]
[6.445035  6.368007  6.398581  6.497812  6.3340497 6.4561367 6.375606
 6.336395  6.439781  6.38273   6.368007  6.4157677 6.427225  6.503303
 6.434141  6.4010744 6.400896  6.409623  6.395108  6.5205784 6.523844
 6.422743  6.4092073 6.3266883]
[0.4137826  0.5602094  0.43001926 0.6323987  1.0241861  0.8729507
 0.64640915 0.9485239  0.6778139  0.7600064  0.7798941  0.7587004
 0.37854874 0.7159864  0.6941693  0.69333816 0.7277409  0.67398477
 1.1319062  0.670215   0.13312876 0.6477746  0.9198203  0.10415804]
[8.438494  8.370371  8.451851  8.486046  8.349711  8.445439  8.33585
 8.355144  8.475597  8.362297  8.322017  8.386162  8.461438  8.535884
 8.418517  8.454018  8.374496  8.438612  8.350928  8.551824  8.542325
 8.411274  8.3985405 8.387647 ]
[-1.3756639  -1.2162359  -1.3269539  -1.1264741  -0.7202904  -0.883132
 -1.1760153  -0.7885616  -1.0730742  -1.0273622  -1.0028737  -1.0614384
 -1.3425375  -0.98850703 -1.1217248  -1.0506338  -1.0341003  -1.0350798
 -0.66362536 -1.0374842  -1.6532604  -1.19243    -0.82058966 -1.5979904 ]
[4.945355  4.934313  4.937311  5.060793  4.9896126 5.053313  4.934758
 4.985368  4.98614   4.938795  4.93366   4.9353814 4.95524   5.1126194
 4.9807673 4.986852  4.98608   4.987535  5.020958  5.124938  4.939211
 4.909201  5.0354433 4.8842673]
[0.44052708 0.6270261  0.5213245  0.7614609  1.2343426  1.0170028
 0.67365825 1.1754216  0.8279214  0.878917   0.8798075  0.79547775
 0.5090951  0.9151007  0.74552107 0.85398316 0.8280401  0.8903153
 1.2872082  0.8820337  0.1142503  0.6372371  1.099047   0.21558845]
[9.326048  9.32875   9.335695  9.42709   9.333677  9.4109125 9.313789
 9.337595  9.341127  9.273183  9.274162  9.272708  9.347005  9.542201
 9.342018  9.373838  9.353861  9.361787  9.345372  9.540657  9.342968
 9.225333  9.399098  9.345312 ]
[60.271946 60.674927 60.470467 60.743404 61.5081   61.114174 60.707756
 61.46322  60.956707 60.915596 61.182476 60.94308  60.635475 60.915
 60.627937 60.87864  60.953236 61.18096  61.526978 60.74655  59.69657
 60.620575 61.29346  60.387238]
[317.83636 317.87134 317.74945 318.08868 318.46936 318.47476 317.95477
 318.72003 318.22708 318.14148 318.24658 318.10718 317.77472 318.32806
 318.08365 318.03015 318.09534 318.2929  318.5416  318.21393 317.23218
 317.80475 318.45193 317.4758 ]
[210.66377 210.57295 210.65523 210.81822 211.49889 211.35594 210.84784
 211.69727 211.32512 211.03746 210.80676 211.12964 210.17583 211.17125
 210.92981 211.4097  210.70898 210.90724 211.7046  211.04951 209.88107
 210.60156 211.69865 209.8748 ]
[300.8912  300.49057 300.44528 300.8876  301.5143  301.07547 300.74915
 301.86865 301.2462  301.24002 300.86237 301.0761  300.1919  301.19077
 300.93726 301.30444 300.83923 300.98132 301.6433  300.9653  299.9388
 300.82532 301.34348 300.01657]
[283.78168 284.28174 284.44098 283.95764 284.8684  284.14355 284.0356
 284.19247 284.49435 284.06854 283.54672 284.28058 284.1867  285.0021
 284.2352  284.92038 284.0655  284.5785  284.51672 284.7135  283.92117
 283.923   284.2098  284.07324]
[214.39738 213.5554  214.43152 213.43054 212.65953 213.53116 213.6358
 213.64943 214.30142 213.10936 213.06111 213.74734 213.88513 213.10147
 213.62007 214.16702 212.92487 212.97292 212.3496  213.13306 214.40395
 214.07993 213.76071 214.4514 ]
[193.67586 194.436   194.59273 195.16856 197.08568 196.0608  194.16118
 196.54361 195.47719 195.41335 194.92694 194.97026 194.26064 196.46097
 194.7794  195.97826 195.30634 196.02412 196.82668 196.03949 193.09174
 194.34662 196.25594 193.46686]
[94.89253  94.53053  95.05785  94.902214 94.987236 95.181145 94.53668
 95.12147  95.01501  94.8917   94.55109  94.63772  94.60844  95.56527
 94.83778  95.18576  94.44328  95.23051  94.99739  95.61188  94.96842
 94.457695 95.01067  94.40659 ]
[12.729365 12.659343 12.770209 12.764302 12.929756 12.901082 12.432059
 12.702769 12.890011 12.836195 12.606478 12.689323 12.788999 13.228844
 12.721619 12.830555 12.780361 13.103343 12.798943 13.160929 12.89194
 12.579317 12.767954 12.427488]
[-7.47403   -7.301571  -7.5854897 -7.2213078 -6.7162495 -6.8662086
 -7.0457916 -6.659763  -7.296376  -6.9800434 -6.834151  -7.089604
 -7.6024685 -7.2376633 -7.1187525 -7.3073297 -7.075089  -7.222406
 -6.5148497 -7.2580853 -8.0670395 -7.2282834 -6.760151  -7.929013 ]
[-0.37112796 -0.58541036 -0.70440996 -0.41158605 -0.7807549  -0.43690574
 -0.46240354 -0.5946715  -0.525213   -0.5034256  -0.32704854 -0.44587004
 -0.39137185 -0.69425833 -0.47884798 -0.79901004 -0.5078187  -0.57698035
 -0.5359286  -0.54833615 -0.36723948 -0.40279984 -0.46929002 -0.71304774]
[3.8195043 3.9111955 3.5632203 3.8350286 3.8339896 3.9001236 4.0927076
 3.738588  3.60635   3.89766   4.084337  3.9518316 3.6257923 3.6299777
 3.940463  3.5503676 4.042276  3.5796053 4.0699406 3.6556535 3.6599278
 3.921644  3.9050808 3.51362  ]
[6.518026  6.388459  6.4610047 6.335653  6.085632  6.267322  6.3400755
 6.132116  6.4179344 6.2723684 6.3474073 6.359696  6.5927978 6.2356505
 6.32559   6.2672033 6.2684207 6.3678293 6.058383  6.3238688 6.718743
 6.45394   6.2139225 6.5347376]
[1.481128  1.5922616 1.514848  1.5765592 1.7374713 1.6991801 1.609359
 1.7171087 1.6056783 1.6194513 1.6644806 1.6612748 1.5105143 1.612832
 1.6154144 1.6306121 1.6633526 1.5787557 1.7879623 1.5608865 1.4139254
 1.6723466 1.733939  1.4118179]
[0.96122825 0.99043643 0.9622375  1.020921   0.89337265 0.97761333
 0.990288   0.8827758  0.94537747 0.90729403 0.94137025 0.9579334
 1.0072964  1.0059013  0.98476696 0.93837225 0.9732202  0.9473959
 0.9417858  1.0160826  1.0225832  0.9642559  0.9521749  0.99744165]
[-2.829335  -2.6486242 -2.7970695 -2.5624542 -2.160337  -2.3247519
 -2.548236  -2.1981235 -2.541112  -2.4319673 -2.386463  -2.4783025
 -2.8077257 -2.4963498 -2.524816  -2.5364518 -2.48979   -2.487356
 -2.045968  -2.5147831 -3.1502094 -2.6128263 -2.264317  -3.080662 ]
[5.6423445 5.584373  5.6010256 5.683485  5.5285687 5.6415133 5.5989475
 5.546765  5.626612  5.5775166 5.583987  5.608921  5.6363482 5.675144
 5.6339145 5.587965  5.5942874 5.6077337 5.58657   5.6938744 5.701859
 5.627473  5.6018863 5.5589943]
[-1.2106851  -1.055769   -1.2007413  -0.97983956 -0.59876776 -0.7497361
 -0.9597441  -0.6411849  -0.94223106 -0.85891056 -0.81494987 -0.8806089
 -1.2059062  -0.9145367  -0.9398861  -0.946357   -0.8952724  -0.91483355
 -0.49645007 -0.9442792  -1.5184693  -0.99904454 -0.6846707  -1.4741228 ]
[7.0351353 6.9827743 7.0414877 7.094353  6.9739585 7.057873  6.9679923
 6.9918275 7.075267  6.9844365 6.9602447 7.0011187 7.059179  7.12086
 7.0320187 7.0521436 6.9887705 7.045554  6.9901953 7.138611  7.1051283
 7.027655  7.024954  6.983309 ]
[-0.8042046  -0.6482495  -0.7551384  -0.5600313  -0.1801765  -0.34236503
 -0.59930205 -0.23636663 -0.5127461  -0.45955396 -0.44548416 -0.4974296
 -0.77386844 -0.4549234  -0.5466145  -0.4903947  -0.48101485 -0.48733735
 -0.11926675 -0.49508464 -1.0677016  -0.60511994 -0.2802086  -1.0172106 ]
[4.1964207 4.1752267 4.1802135 4.2817    4.1819353 4.2551336 4.1772156
 4.1891184 4.2153287 4.169112  4.170863  4.174069  4.2060375 4.298263
 4.2151504 4.204108  4.2107573 4.2027726 4.2132807 4.3141437 4.216041
 4.177779  4.234118  4.147206 ]
[-0.49668753 -0.32574248 -0.43669796 -0.20273566  0.2248199   0.02986121
 -0.27151144  0.17254794 -0.15194786 -0.093858   -0.0859623  -0.16554272
 -0.44388127 -0.08337986 -0.21134377 -0.13265383 -0.1357112  -0.10392058
  0.2837112  -0.11235058 -0.8059559  -0.3014617   0.10694826 -0.7194593 ]
[17.225735 17.533428 17.43209  17.474092 17.622568 17.617077 17.464417
 17.71043  17.469728 17.261621 17.442657 17.431587 17.501133 17.760178
 17.459429 17.586414 17.46308  17.52108  17.629038 17.572996 16.97224
 17.301544 17.706097 17.590273]
[47.717327 48.453617 48.404194 48.383595 49.715534 48.889957 48.325264
 49.628742 48.83059  48.744747 48.65377  48.523727 48.40559  49.340992
 48.387512 49.02107  48.541298 49.30849  49.5109   48.934452 47.04904
 48.223988 49.246006 48.090145]
[145.34326 145.23929 145.01686 144.70135 144.46378 144.5161  145.35918
 144.51643 144.37405 144.71454 145.00223 144.59941 145.14316 144.26308
 145.04904 144.20476 144.49574 144.85081 144.61722 144.90977 145.23763
 144.67078 144.00278 145.43927]
[227.07635 227.46544 227.20436 227.456   228.39665 227.81335 227.55551
 228.0968  227.79175 227.7443  227.58296 227.7464  227.27974 227.8883
 227.50444 227.798   227.76231 227.84131 228.28719 227.67447 226.53235
 227.2573  228.01108 226.9072 ]
[430.17743 430.43842 430.3494  430.18915 431.02213 430.49026 430.55624
 430.85034 430.49313 430.4823  430.23853 430.61407 430.01953 430.72708
 430.58905 430.77298 430.51456 430.40475 430.88605 430.32663 429.7255
 430.48636 430.59427 430.06226]
[391.30807 390.9671  391.1123  391.3481  391.58948 391.74753 391.5087
 392.4018  391.70312 391.41006 391.59216 391.41354 390.8394  390.89764
 391.39404 391.47708 390.8972  391.01028 391.8156  391.1519  390.20697
 391.2926  392.0495  390.5577 ]
[184.15242 184.15753 184.66225 184.44797 185.53627 185.2916  184.10115
 185.85767 185.46263 184.66136 184.5402  184.57266 184.46193 185.34688
 184.47224 185.24431 184.01129 185.40852 185.44736 185.54782 183.57182
 183.96121 185.33746 183.68329]
[129.8956  130.18732 130.50389 130.31561 131.81966 131.04817 130.05234
 131.82133 131.03871 130.78226 130.47037 130.48448 130.14142 131.38585
 130.35538 131.23334 130.27469 131.3693  131.46799 131.11697 129.12306
 129.99564 131.25969 129.7525 ]
[71.02658  71.167404 71.27334  71.16571  71.62841  71.42603  71.077934
 71.61122  71.40145  71.26429  71.0991   71.12602  71.13899  71.798584
 71.19839  71.46242  71.139465 71.61838  71.464584 71.7079   70.889595
 70.81111  71.401276 71.07081 ]
[69.30099  69.43408  69.54748  69.55721  70.11211  69.78574  69.33925
 70.01635  69.79548  69.65258  69.36448  69.487335 69.41209  70.32701
 69.49633  69.91326  69.60239  70.00726  69.890434 70.08041  69.13969
 69.21398  69.853745 69.29882 ]
[19.673256 19.73939  19.7141   19.712229 19.857439 19.783052 19.679222
 19.750462 19.742891 19.722261 19.68038  19.675184 19.725973 19.962042
 19.713535 19.731018 19.760286 19.88338  19.780174 19.946459 19.66156
 19.503824 19.723686 19.685247]
[7.098212  7.040538  7.0426154 7.0409827 6.888323  6.9920354 7.0147133
 6.8614893 6.9818244 6.956178  6.9714055 6.979747  7.085092  7.0678163
 7.032375  6.9247437 7.008005  7.0268536 6.885918  7.095095  7.190764
 6.975235  6.895773  7.074317 ]
[-0.71865785 -0.6317457  -0.7741653  -0.6308849  -0.5429635  -0.54465544
 -0.5583987  -0.53916407 -0.67380667 -0.60043    -0.5067204  -0.59493864
 -0.69583154 -0.657006   -0.5982038  -0.7358444  -0.57977057 -0.6152122
 -0.45201445 -0.6422832  -0.8547846  -0.65219736 -0.54655516 -0.82679343]
[3.1838107 3.1815846 3.1278877 3.2034907 3.0971658 3.1841373 3.2218943
 3.136021  3.146618  3.1387517 3.2110302 3.174342  3.20073   3.1397314
 3.1953576 3.0877266 3.1671288 3.1524653 3.163923  3.1672773 3.1712549
 3.1966932 3.163003  3.146885 ]
[1.5446795 1.644118  1.5297489 1.6883161 1.8387501 1.7883482 1.7177024
 1.8420153 1.6768287 1.7281508 1.7874874 1.7200177 1.5775981 1.6723466
 1.7042263 1.6446522 1.7180586 1.7000706 1.9247421 1.6792628 1.375931
 1.6708328 1.822929  1.4184076]
[4.5425553 4.5372124 4.5149794 4.5908794 4.5092506 4.574405  4.5646095
 4.5462065 4.5582576 4.5310087 4.5677266 4.5465326 4.5740786 4.553063
 4.566866  4.511091  4.534808  4.5554376 4.561226  4.5789766 4.541754
 4.573426  4.563749  4.496457 ]
[1.3746547 1.4854023 1.3861717 1.5490133 1.7478307 1.6673301 1.5492507
 1.7456342 1.5550686 1.6007212 1.6355692 1.5758468 1.4162407 1.5635283
 1.5592836 1.5393959 1.5760843 1.5778356 1.8203763 1.5597882 1.1901741
 1.5222391 1.7112908 1.2388544]
[4.4725327 4.47841   4.459532  4.5559125 4.514267  4.5516086 4.505184
 4.5395575 4.5206194 4.498476  4.5165234 4.5002565 4.497407  4.537183
 4.5231423 4.4943795 4.500583  4.5137625 4.5616117 4.5546956 4.445284
 4.5159593 4.550065  4.412157 ]
[2.132316  2.228816  2.156211  2.3191416 2.5025537 2.419263  2.275092
 2.492669  2.3190527 2.3490622 2.3604605 2.3103256 2.174377  2.3498044
 2.3061998 2.3166184 2.3247519 2.3387325 2.557883  2.3477263 1.9644878
 2.258677  2.459424  2.0055692]
[4.9702888 4.9709125 4.9679737 5.075456  5.050285  5.0751595 4.991097
 5.0688667 5.037699  5.0091143 5.006502  4.9969444 4.9890785 5.0812445
 5.0269837 5.027518  5.008283  5.0303082 5.087656  5.0954924 4.931968
 5.005226  5.077178  4.898218 ]
[0.8848239  1.0286683  0.93671    1.1408705  1.4929122  1.3274882
 1.0875002  1.4633478  1.183347   1.2321757  1.2311368  1.1720674
 0.9310405  1.2179278  1.1398612  1.1971496  1.1795772  1.2114866
 1.5511208  1.197298   0.613639   1.0780313  1.3986089  0.68722343]
[5.3604436 5.365074  5.366855  5.486508  5.4816694 5.492623  5.384339
 5.4957395 5.448217  5.419246  5.404701  5.396598  5.379055  5.5076127
 5.4296055 5.448187  5.414972  5.442577  5.515508  5.519367  5.3087063
 5.3969836 5.4998355 5.2808633]
[5.0758123 5.089526  5.085103  5.207635  5.219538  5.219449  5.104605
 5.2228923 5.1677113 5.144677  5.1278467 5.1176357 5.094364  5.2391586
 5.1510296 5.17439   5.1478534 5.165396  5.24839   5.247262  5.0188503
 5.1102448 5.2286806 4.998102 ]
[6.224341  6.2302775 6.23663   6.3516817 6.3416786 6.3528094 6.2360954
 6.3406987 6.3012795 6.2672925 6.242596  6.240459  6.2402215 6.4073377
 6.2845087 6.3186445 6.2845383 6.303981  6.361032  6.412413  6.1872373
 6.2275767 6.3565793 6.164886 ]
[18.906096 19.438135 19.334007 19.370872 20.129692 19.58207  19.233826
 20.00063  19.638645 19.512016 19.494562 19.417    19.520596 19.88727
 19.284199 19.72707  19.541847 19.938236 19.916004 19.611128 18.60202
 19.255732 19.79843  19.369152]
[37.813732 38.381542 38.27504  38.44334  38.959114 38.622894 38.379524
 38.963062 38.291096 38.281837 38.18234  38.18685  38.135708 39.105484
 38.39306  38.700607 38.430965 38.536278 38.952644 38.834805 37.42067
 38.02113  38.85472  38.262245]
[102.64202  102.944405 102.57273  103.260544 103.65671  103.388954
 103.26448  103.67623  102.91035  103.343124 103.44605  103.05123
 102.67046  103.310486 102.9575   102.98797  103.40764  103.26506
 103.91037  103.22908  102.03552  102.73553  103.68534  102.62246 ]
[231.23264 231.65642 231.30774 231.67415 232.73962 232.10138 231.7464
 232.43214 232.038   232.05508 231.8933  232.03523 231.43863 232.11102
 231.73262 232.01773 232.08252 232.0854  232.66306 231.83646 230.59201
 231.5169  232.32771 230.95284]
[336.62762 336.80484 336.79898 336.9668  338.19122 337.57938 337.11353
 338.12424 337.37387 337.40253 337.0566  337.2715  336.31943 337.58118
 337.1479  337.61725 337.03848 337.32623 338.14755 337.31427 335.6099
 336.72668 337.9212  335.9782 ]
[114.54877  114.35509  114.68905  115.100296 115.9407   115.80384
 114.51801  116.16593  115.609985 115.40118  115.17442  114.99033
 114.56944  115.9656   114.81404  115.401085 114.86602  115.786865
 115.89093  115.865616 114.01257  114.46744  115.97949  113.63356 ]
[282.09134 282.08896 282.0951  282.867   283.9369  283.47433 282.2888
 284.13443 282.9663  283.17746 282.9415  282.6044  281.8883  283.36044
 282.61105 283.10303 282.79153 283.202   284.0126  283.28775 281.1877
 282.2867  283.64227 281.2282 ]
[236.60825 237.02142 236.93057 237.91286 239.92464 238.97153 237.4503
 239.98306 238.10371 238.67671 238.57635 237.81857 236.68115 238.60857
 237.62903 238.38725 237.84352 238.7493  240.13072 238.50432 235.0852
 237.16267 239.50078 235.52977]
[374.76895 374.40497 374.69586 375.19162 375.87354 375.67245 374.78842
 376.49393 375.2804  375.58893 375.60928 374.86273 374.4282  375.23074
 374.99954 375.42102 374.64047 375.52335 376.2273  375.50647 373.82782
 374.9312  375.8086  373.73087]
[167.53366 167.31093 168.04025 167.95818 167.90462 168.38882 166.556
 167.93628 168.18298 167.505   167.06107 167.09027 167.89066 169.28622
 167.55861 168.15237 167.37317 168.69441 167.44182 169.30063 168.30637
 166.8147  167.80501 167.31543]
[74.656235 74.562614 74.64436  74.77612  74.878204 74.87856  74.46163
 74.82371  74.897705 74.72955  74.52118  74.615685 74.77422  75.04918
 74.65413  74.74419  74.627594 75.05811  74.80587  75.12179  74.655136
 74.4982   74.83837  74.39995 ]
[18.244844 18.19842  18.127834 18.143833 17.832842 18.125519 18.170696
 17.851097 17.81809  18.030176 17.91735  17.957245 18.042465 18.236088
 18.280523 17.808949 17.973957 18.071377 17.927057 18.190939 18.202486
 18.04751  17.886272 18.030651]
[4.443829  4.45502   4.3351593 4.287429  4.046758  4.2765055 4.427385
 4.1062136 4.1897416 4.27422   4.381821  4.2813735 4.4824467 4.2647214
 4.4005513 4.04566   4.2484846 4.3596478 4.1236672 4.2738934 4.47746
 4.364041  4.16552   4.398414 ]
[-4.080864  -3.8821356 -4.16555   -3.9741533 -3.722411  -3.7615926
 -3.7103298 -3.670228  -3.9891434 -3.8509982 -3.648678  -3.7723675
 -4.077094  -4.0787563 -3.8561037 -4.027939  -3.7828457 -4.025446
 -3.5479336 -4.116306  -4.3931007 -3.7917209 -3.6399808 -4.233851 ]
[3.2558813 3.2439191 3.1266708 3.2144141 2.9801252 3.1419575 3.3230245
 3.0823538 3.159916  3.1410077 3.3031073 3.230265  3.328041  2.9754353
 3.2144735 3.0274994 3.185384  3.088261  3.1100779 3.0575387 3.2696247
 3.331425  3.1789725 3.254219 ]
[6.4485674 6.521677  6.325857  6.4641805 6.4842463 6.524823  6.6447134
 6.4523373 6.3813353 6.505915  6.620551  6.5742455 6.3655734 6.3328924
 6.549134  6.343192  6.5797668 6.322325  6.641389  6.3538485 6.3663154
 6.5889983 6.5498166 6.2701716]
[4.750248  4.68073   4.711927  4.6319013 4.371462  4.533888  4.6467133
 4.4086843 4.6358194 4.5492635 4.598597  4.611806  4.817777  4.5558233
 4.630655  4.540863  4.576483  4.610767  4.37538   4.61332   4.9562488
 4.7156076 4.479419  4.809466 ]
[1.0982752 1.2246659 1.0983939 1.1885712 1.3249354 1.2881284 1.28329
 1.303148  1.1764605 1.2378749 1.3038011 1.2849523 1.0991657 1.1684461
 1.25426   1.1927565 1.2885439 1.139505  1.4079888 1.1320546 1.0025768
 1.2865255 1.3231544 1.019051 ]
[4.505659  4.4861574 4.471939  4.4993067 4.319368  4.419875  4.49619
 4.330321  4.44656   4.4109697 4.445759  4.467071  4.528693  4.426079
 4.4869585 4.405657  4.457068  4.41005   4.365911  4.4512205 4.612429
 4.5267344 4.3848486 4.519907 ]
[ 0.02184677  0.15087926  0.02472603  0.18308544  0.40369034  0.3227148
  0.224998    0.36655676  0.17498195  0.25759006  0.29929483  0.2587477
  0.01445568  0.19567108  0.23580265  0.17768312  0.25824308  0.173854
  0.5015259   0.1803546  -0.14390373  0.19822383  0.34518492 -0.15271962]
[5.4244704 5.366529  5.405443  5.40298   5.202856  5.318739  5.3472943
 5.212533  5.365193  5.2998013 5.2996526 5.3477097 5.431624  5.3697643
 5.3808656 5.332868  5.334441  5.3212323 5.222328  5.388791  5.570333
 5.4185634 5.2612724 5.4221253]
[0.4817866  0.60601044 0.4998933  0.64112556 0.86541116 0.7744621
 0.6637738  0.82447815 0.64744806 0.71004975 0.73715043 0.71465063
 0.47400963 0.65994465 0.68844044 0.6651689  0.71583796 0.62497795
 0.9437152  0.63305175 0.3255347  0.66908705 0.80355155 0.32161653]
[4.5205007 4.4832783 4.509904  4.5278916 4.3685827 4.4540105 4.4670115
 4.3702745 4.4863353 4.433648  4.428067  4.467368  4.5254874 4.4954185
 4.502958  4.4694753 4.473156  4.4372396 4.3847303 4.512308  4.6356115
 4.529495  4.4102874 4.5171165]
[-0.5327525  -0.4091817  -0.5115291  -0.35711753 -0.10694826 -0.20576334
 -0.37783635 -0.16687846 -0.34895468 -0.29632652 -0.26886964 -0.31137586
 -0.52797353 -0.29700923 -0.3383578  -0.33007622 -0.27073967 -0.35055757
 -0.04971921 -0.3227148  -0.6929226  -0.3835652  -0.178069   -0.69301164]
[5.7448697 5.88349   5.8192854 5.7861886 5.650032  5.773069  5.770041
 5.641632  5.7413077 5.5559072 5.732967  5.744751  6.0042706 5.8407164
 5.733442  5.7384286 5.849562  5.757841  5.5909333 5.7990117 5.869331
 5.719669  5.7375975 6.1367164]
[46.190517 46.68403  46.691418 46.508747 47.524296 46.801453 46.354187
 47.218143 47.036842 46.823566 46.699165 46.73256  46.897507 47.228207
 46.42902  47.01547  46.855713 47.41554  47.108406 46.856247 46.01031
 46.66218  46.992702 46.618637]
[162.91931 162.84032 162.61456 162.56772 162.3641  162.35541 162.88889
 162.26892 162.24455 162.6272  162.63324 162.46109 162.72649 162.12817
 162.84119 162.15604 162.50648 162.42381 162.4908  162.60213 162.97565
 162.61325 162.00734 162.75914]
[175.85619 176.04385 176.01358 175.68796 175.43547 175.50021 176.09932
 175.43098 175.65791 175.64381 175.75398 175.80566 175.98848 175.70699
 175.84566 175.63446 175.70183 175.68077 175.41911 175.59076 176.05827
 175.8617  175.48967 176.32324]
[398.15747 397.67523 397.65637 398.13937 398.41238 398.34302 397.7929
 398.97092 398.53986 398.26416 398.07855 398.0144  397.76648 398.09467
 398.094   398.14062 397.8957  398.29883 398.4416  398.23865 397.2493
 397.79953 398.2727  397.2884 ]
[439.01614 439.25363 439.19443 439.0686  439.9029  439.43436 439.6033
 440.14697 439.38068 439.48727 439.03497 439.3742  438.52234 439.47318
 439.53546 439.71716 439.05615 439.3231  439.91144 439.27426 438.09143
 438.81973 439.66095 438.87198]
[228.38098 228.9537  229.15019 229.11519 230.83244 229.9161  229.38654
 230.99687 229.98683 229.6228  229.3367  229.59808 228.5655  229.91916
 229.30113 230.36914 228.81567 229.82236 230.77141 229.53111 226.8673
 228.9201  230.71446 228.0789 ]
[362.68698 363.68365 363.3312  364.5928  367.44315 365.93274 363.8831
 366.8876  364.9931  365.30798 364.78934 364.69214 362.94067 365.96625
 364.40707 365.52118 364.84293 365.46982 367.57797 365.5401  360.91455
 363.56616 366.61014 361.51382]
[308.14185 308.71188 308.83298 309.56708 312.5218  310.99835 309.06638
 312.5468  310.19235 310.65396 310.32886 309.65912 308.28778 310.7079
 309.46805 310.7651  309.48074 310.91788 312.66028 310.60095 306.16498
 308.9939  311.6233  306.9481 ]
[251.87523 252.33    252.37645 252.95706 254.92188 253.93971 252.35098
 254.72697 253.39133 253.50424 253.17763 252.88397 252.11601 254.03891
 252.79926 253.71793 252.97783 253.91618 254.89424 253.88344 250.8151
 252.2906  254.23744 251.10715]
[36.28051  36.013958 36.374756 36.021347 35.892406 36.009743 35.79638
 35.90416  36.34611  36.00345  35.755478 35.98347  36.332577 36.254925
 36.02687  36.213665 35.804337 36.33611  35.727306 36.405983 36.638786
 35.99576  35.82728  36.21221 ]
[55.14885  55.20314  54.999157 55.122936 54.85024  55.035698 55.34627
 54.907436 54.86751  54.99165  55.100258 55.05158  55.01774  54.903072
 55.193256 54.820465 55.113083 54.777542 54.98203  54.968376 55.07758
 55.072563 54.98378  55.145584]
[-5.955768  -5.7164035 -6.0401573 -5.742881  -5.6046762 -5.865027
 -5.5759134 -5.6855035 -5.738102  -5.614531  -5.5721736 -5.668762
 -5.719817  -6.222085  -5.777521  -5.883104  -5.6360517 -5.793639
 -5.4481573 -5.979604  -6.1729    -5.824005  -5.673482  -5.8430614]
[-6.2596045 -6.269133  -6.317932  -6.428264  -6.7093334 -6.501225
 -6.3422723 -6.6985583 -6.4673862 -6.4561067 -6.408169  -6.408228
 -6.1778574 -6.4280267 -6.3442016 -6.55887   -6.4280562 -6.399946
 -6.670983  -6.4353585 -6.0173016 -6.2867646 -6.5861187 -6.223896 ]
[-7.214065  -7.050244  -7.3356175 -7.110115  -6.89889   -6.9372406
 -6.857215  -6.9056277 -7.2012124 -6.983991  -6.80239   -6.9369435
 -7.3022833 -7.259777  -6.9874344 -7.2306876 -6.9475703 -7.232558
 -6.696273  -7.2667527 -7.530487  -6.98319   -6.860836  -7.4633737]
[6.6609797 6.5413866 6.5485992 6.5681014 6.292761  6.480358  6.5611258
 6.355036  6.5643907 6.488907  6.578134  6.558751  6.697846  6.395197
 6.53168   6.4267797 6.4961495 6.483445  6.3571434 6.4880757 6.800995
 6.653826  6.467446  6.600278 ]
[2.7708297 2.8533487 2.7106917 2.8102784 2.88882   2.8946378 2.9369364
 2.8561983 2.771839  2.8567326 2.9423387 2.926933  2.7123241 2.7471426
 2.8894136 2.7668817 2.9193342 2.7172813 3.003753  2.7238412 2.696978
 2.9450102 2.9126852 2.6250856]
[4.40254   4.342313  4.3780813 4.330766  4.0817547 4.233762  4.3091273
 4.1079645 4.3184776 4.2207904 4.2601795 4.2920594 4.4619064 4.265107
 4.3101363 4.2453084 4.2648106 4.280186  4.0900064 4.3096023 4.5942335
 4.378259  4.1773343 4.460125 ]
[-0.67911994 -0.5463474  -0.6839286  -0.53969836 -0.34637225 -0.4090333
 -0.46884477 -0.37480867 -0.55908144 -0.47240674 -0.41033936 -0.45326114
 -0.6888857  -0.5453085  -0.48148978 -0.5506811  -0.4499663  -0.56858003
 -0.2441436  -0.5707469  -0.8318099  -0.4925022  -0.37958765 -0.8242407 ]
[3.9715412 3.9356544 3.9403443 3.981574  3.7970638 3.90983   3.9365745
 3.8040395 3.9206347 3.8761396 3.896621  3.9254434 3.9819007 3.9395428
 3.9527814 3.8845696 3.9218814 3.8913374 3.8412917 3.959757  4.082111
 3.9703538 3.8595765 3.9599648]
[-0.7873149  -0.634714   -0.7735419  -0.5860634  -0.2896775  -0.4062134
 -0.5572411  -0.34373045 -0.58223426 -0.490929   -0.45198476 -0.49977458
 -0.7939639  -0.5434681  -0.53480065 -0.5705688  -0.4962126  -0.5747838
 -0.18827999 -0.5705688  -1.0044765  -0.5903971  -0.37198877 -0.9980947 ]
[5.184957  5.1210494 5.165515  5.181069  4.983943  5.100746  5.0965014
 4.986674  5.134882  5.0639687 5.054767  5.1049314 5.1856103 5.1645947
 5.1432524 5.1089387 5.1068907 5.0887837 5.000061  5.184037  5.3258333
 5.1629915 5.041528  5.1693735]
[0.40416527 0.52761734 0.43076134 0.5758524  0.8202038  0.71919215
 0.57226074 0.7709595  0.5893285  0.6435596  0.66154754 0.6380682
 0.40018773 0.6161027  0.61233294 0.6115315  0.65011954 0.5712218
 0.88743603 0.5885271  0.24426234 0.5832138  0.7475989  0.23779142]
[4.725166  4.668827  4.7088103 4.7289352 4.54582   4.6497707 4.639411
 4.544366  4.6771383 4.6080065 4.5969644 4.640391  4.7237706 4.7151327
 4.6842327 4.663781  4.663603  4.6276865 4.5505695 4.7345753 4.851349
 4.696373  4.600704  4.722286 ]
[13.825919 14.223643 14.131774 14.228155 15.023009 14.503377 14.005531
 14.814693 14.627571 14.377907 14.49462  14.434363 14.431247 14.624781
 14.031297 14.54143  14.555144 14.880679 14.772603 14.325011 13.570556
 14.245104 14.677943 14.186391]
[51.350273 51.683315 51.80487  51.373573 51.743603 51.60816  51.08093
 51.25974  51.591328 51.138603 50.84103  51.386574 51.799824 51.756218
 51.536713 51.85165  51.622288 51.540333 51.374107 51.79825  51.953552
 51.613056 51.268257 51.750282]
[83.321495 83.84423  83.7657   83.79426  84.60174  84.099594 83.86091
 84.637764 84.10688  84.1597   84.155174 83.9854   83.856606 84.289085
 83.78103  84.12001  83.921745 84.39087  84.54411  84.02041  82.91534
 83.74722  84.428955 83.60317 ]
[160.91435 161.08691 160.83301 160.87141 160.71442 160.73775 161.14421
 160.79872 160.7293  160.9832  161.05173 160.92616 160.87726 160.75163
 161.05737 160.67674 160.91267 160.81161 160.9499  160.81174 160.96927
 160.87253 160.67195 161.02545]
[246.2544  246.22267 246.12106 246.15033 246.22064 246.20732 246.41544
 246.28978 246.17497 246.19118 246.24487 246.41507 245.9437  246.1384
 246.30655 246.32275 246.38762 245.88498 246.2893  245.87213 246.13585
 246.5076  246.30444 246.15782]
[297.54388 297.32315 297.26736 297.38962 297.4008  297.3737  297.62482
 297.8618  297.39502 297.4547  297.52063 297.50217 297.1091  297.01508
 297.56274 297.43274 297.29828 297.00677 297.5334  296.94067 296.95557
 297.69022 297.46854 297.2797 ]
[355.08884 355.1452  354.7678  355.40762 356.15558 355.66956 355.54825
 356.40945 355.43167 355.91968 355.93835 355.6587  354.80652 355.2064
 355.49582 355.44934 355.50134 355.44238 356.44757 355.10992 354.05838
 355.40103 355.94064 354.45407]
[550.77856 551.3126  551.19745 551.78033 553.54504 552.60876 551.1307
 553.1753  552.2226  552.3923  551.9732  551.97644 551.04913 552.4742
 551.65643 552.29205 552.037   552.63745 553.5017  552.21155 549.8239
 551.4044  552.7663  550.1529 ]
[505.47195 506.3256  506.2893  505.82068 507.9017  506.66617 505.99805
 508.22098 506.47607 506.73337 506.09683 506.33334 505.61414 507.5592
 506.54013 507.1238  506.01254 507.52002 507.56503 506.61856 504.23358
 505.54733 506.62875 506.00482]
[429.09375 429.3684  430.2294  430.05328 431.33234 431.03894 428.66232
 431.37842 430.70593 430.13882 429.61    429.36954 430.31516 431.88733
 429.64752 430.71835 429.23526 431.90887 430.84924 432.0128  429.12247
 428.74    430.70203 429.045  ]
[144.35252 144.41272 144.79926 144.80814 145.5669  145.36853 143.9603
 145.32669 145.25069 144.86604 144.32751 144.56502 144.71089 145.99074
 144.68178 145.26202 144.62271 145.67133 145.29611 145.90823 144.47168
 144.1996  145.12268 143.94128]
[45.6843   45.989887 45.81651  45.98401  45.865128 46.004196 45.822384
 45.680054 45.622646 45.61656  45.3468   45.74417  45.603027 46.35523
 46.07024  45.825325 45.898018 45.713627 45.85955  45.943493 45.51677
 45.745743 45.81621  45.73387 ]
[8.493229  8.611665  8.4715605 8.704009  8.803091  8.792762  8.649333
 8.766106  8.578361  8.723837  8.6871195 8.598634  8.516679  8.69359
 8.6899395 8.519825  8.686407  8.735859  8.914907  8.782728  8.3368
 8.458618  8.72826   8.344071 ]
[7.9104013 7.893868  7.760917  7.713068  7.3761053 7.6366634 7.8755236
 7.436659  7.62482   7.671541  7.796626  7.7480345 7.958755  7.628352
 7.8123283 7.4835286 7.741356  7.6810694 7.474356  7.626304  8.085858
 7.905444  7.5610013 7.911054 ]
[-0.6149154  -0.5006354  -0.80230486 -0.5998957  -0.618507   -0.5440321
 -0.31526434 -0.61352026 -0.7593534  -0.5586659  -0.36094666 -0.47763097
 -0.7078829  -0.82186604 -0.4888215  -0.82673407 -0.44955075 -0.80758846
 -0.40998316 -0.7934296  -0.78262496 -0.47490013 -0.50419736 -0.77704453]
[4.684381  4.549531  4.580698  4.478588  4.150382  4.357422  4.534214
 4.2288938 4.5114474 4.4151554 4.522935  4.4860682 4.7612305 4.2787614
 4.473542  4.3409176 4.4115043 4.4537134 4.1616616 4.4080906 4.892193
 4.6273303 4.323494  4.720921 ]
[2.6685119 2.7592235 2.6192677 2.675725  2.6834128 2.7230399 2.8260698
 2.681721  2.6334562 2.6995308 2.8015516 2.7734714 2.65931   2.5954914
 2.753554  2.6170413 2.777538  2.5891986 2.7817826 2.5846274 2.6496928
 2.8162448 2.7396326 2.623364 ]
[2.4222906 2.4018981 2.390856  2.3612618 2.1113005 2.2471008 2.3947742
 2.1272998 2.31273   2.2533638 2.3118396 2.3372483 2.4766107 2.2557683
 2.3556519 2.2615564 2.3201213 2.2684727 2.1469498 2.295484  2.594126
 2.4246058 2.2109764 2.5142784]
[-0.7737794  -0.65169275 -0.80040514 -0.6595588  -0.52022624 -0.5564693
 -0.56400883 -0.5424589  -0.7020353  -0.6044669  -0.5285672  -0.58015645
 -0.78930366 -0.69440675 -0.5962744  -0.7069924  -0.5742792  -0.70847654
 -0.40683675 -0.7022728  -0.9029306  -0.6143217  -0.5379174  -0.9042367 ]
[4.5713477 4.510112  4.5299697 4.523261  4.2838964 4.4224873 4.501533
 4.2907534 4.4645185 4.4139977 4.436735  4.480666  4.568498  4.4616985
 4.5105867 4.424179  4.464548  4.421626  4.3195457 4.485178  4.7325864
 4.5545473 4.35852   4.579392 ]
[ 0.11404252  0.23681188  0.10632491  0.24289691  0.41627598  0.3552178
  0.30977297  0.37768793  0.2214657   0.3025006   0.35394144  0.32529724
  0.09287846  0.2327156   0.30475652  0.23090494  0.32808745  0.19938147
  0.51333976  0.21155155 -0.02101564  0.28611553  0.37486804 -0.031286  ]
[4.976463  4.9049563 4.9571095 4.929831  4.697679  4.8252277 4.8675556
 4.6935234 4.889046  4.8107123 4.803381  4.8674073 4.9776206 4.897892
 4.905372  4.8631625 4.865122  4.8311048 4.700321  4.9188776 5.1616263
 4.946691  4.758203  4.9959946]
[0.3423947  0.44958043 0.35447574 0.47148657 0.6369699  0.5719936
 0.48668432 0.58926916 0.46290815 0.5148536  0.5415981  0.52337265
 0.332718   0.4876045  0.5104308  0.48166788 0.54518974 0.437351
 0.700284   0.46709347 0.23933494 0.48822784 0.5853213  0.2193582 ]
[3.7323546 3.6723652 3.7015734 3.7148714 3.4982142 3.6297402 3.6315212
 3.4816215 3.6446412 3.5738766 3.5767558 3.619262  3.7283475 3.712942
 3.6685064 3.627217  3.6639647 3.6020162 3.4996688 3.7339873 3.886588
 3.6619463 3.5654762 3.7455044]
[-1.8256302 -1.7075508 -1.8292812 -1.6739792 -1.4681268 -1.5431063
 -1.6925905 -1.5406129 -1.6902752 -1.6425744 -1.574986  -1.6539134
 -1.7975796 -1.6108729 -1.6852884 -1.6919671 -1.565339  -1.6588408
 -1.4280843 -1.6255957 -1.9623209 -1.7523129 -1.5235451 -1.9267012]
[17.8893   18.217506 18.183876 17.998297 18.252205 18.125696 17.834415
 17.9896   18.149235 17.811857 17.830587 18.048046 18.395338 18.256153
 18.013256 18.217327 18.247396 18.201952 17.98954  18.144426 18.143002
 18.150957 18.002779 18.393854]
[118.66362  119.13687  119.076225 118.65943  119.40054  118.886536
 118.763885 119.04788  119.09649  118.88027  118.92155  118.96091
 119.354225 119.03332  118.71617  118.96439  119.06183  119.4597
 118.99322  118.88526  118.68912  118.96001  118.83734  119.29383 ]
[322.17648 322.37033 322.1408  322.2048  322.62558 322.4053  322.47217
 322.91916 322.4367  322.4845  322.54504 322.52097 322.1685  322.2439
 322.44052 322.37952 322.31955 322.329   322.69867 322.07285 321.65668
 322.47644 322.54556 322.128  ]
[228.97209 228.14117 228.40656 228.67165 227.6307  228.87726 228.76218
 228.30241 228.18074 228.27814 228.54703 228.44904 227.67255 228.16489
 228.62646 228.2111  228.22025 227.55449 228.13657 228.22868 228.8172
 228.53435 228.7929  227.84888]
[71.9998   71.46937  71.99413  71.505165 71.0969   71.55123  71.8792
 71.69713  71.857475 71.21991  71.2187   71.811646 71.243744 71.52567
 71.75011  71.75029  71.13816  70.98764  71.068825 71.26894  71.7217
 72.036194 71.4515   71.7415  ]
[117.26516  117.12403  116.80738  117.442116 117.367744 117.26928
 117.17704  117.17949  116.93031  117.64703  117.41372  117.21152
 117.07882  117.44045  116.966156 116.610275 117.761856 117.67503
 117.36476  117.41596  117.28058  116.719955 117.0783   117.33079 ]
[250.30959 250.92465 250.68877 250.98462 251.9036  251.28654 250.3352
 251.1535  251.49956 250.9961  250.30562 251.31294 250.71518 251.75673
 250.8544  251.44933 251.49326 251.36266 251.49673 251.22311 250.23541
 250.50485 251.25027 250.4819 ]
[181.09088 181.52158 181.53929 181.52527 183.02061 182.08238 181.55788
 182.56439 182.17274 182.08601 181.63458 182.01576 181.15125 182.12794
 181.51688 182.52176 181.91183 182.17415 182.82182 181.7619  180.4239
 181.55347 182.62971 180.93489]
[261.8413  262.98984 262.6577  264.10114 266.13165 265.92993 262.46432
 265.48685 263.7425  264.60196 264.7694  263.43295 263.5485  265.6192
 263.27216 263.51505 264.4164  266.0368  266.3071  265.87518 261.81943
 262.2758  265.46634 261.20807]
[172.02692 172.1226  172.31279 172.61864 173.12288 172.99637 172.06992
 172.93524 172.45529 172.64793 172.3643  172.27518 172.09001 173.48274
 172.39859 172.77502 172.41774 173.0771  173.2099  173.33046 172.08154
 172.08969 172.86267 171.63226]
[56.122276 56.23264  56.25983  56.67189  57.173595 56.991875 56.05932
 56.927315 56.776226 56.731377 56.48278  56.483047 56.365147 57.231445
 56.428993 56.749424 56.67397  57.060028 57.13744  57.13171  56.080395
 56.248756 56.982315 55.692852]
[-0.7725624  -0.9370365  -0.81129885 -0.48994946 -0.54115283 -0.18077016
 -0.98723066 -0.33918893 -0.6363169  -0.5397874  -0.53180265 -0.86529243
 -0.7651713  -0.24399519 -0.65941036 -0.8103193  -0.6649314  -0.3578596
 -0.42197514 -0.02520096 -0.6213269  -0.9769306  -0.48609066 -1.279639  ]
[14.335014 14.259856 14.066263 14.313079 14.153354 14.378025 14.410646
 14.335489 14.243946 14.33264  14.509996 14.364876 14.288797 14.132961
 14.362382 14.043823 14.30548  14.222931 14.417652 14.189656 14.196364
 14.434393 14.380311 13.983892]
[-3.7886338 -3.615047  -4.00817   -3.6742945 -3.6450567 -3.6102383
 -3.414122  -3.744584  -3.917429  -3.6128209 -3.4194057 -3.5511096
 -3.9401958 -3.9353871 -3.568593  -3.9574714 -3.461229  -3.9984045
 -3.3745544 -3.9173696 -3.991518  -3.5906773 -3.56886   -4.0679817]
[5.347116  5.232124  5.2825255 5.1875396 4.9553285 5.11446   5.2072787
 4.995104  5.268931  5.1615667 5.2357745 5.225475  5.4384212 5.0386195
 5.174746  5.11446   5.125977  5.20814   4.9581485 5.1514153 5.5434403
 5.3343225 5.098876  5.3359847]
[3.138188  3.2125738 3.16327   3.1705425 3.2350736 3.245344  3.207676
 3.2066371 3.1988602 3.1861558 3.2247734 3.2581966 3.15858   3.1866603
 3.2101693 3.2259607 3.255347  3.1374161 3.2793014 3.1376536 3.1787052
 3.317177  3.2647567 3.1041117]
[0.49811232 0.5262816  0.5236695  0.52340233 0.37008905 0.46154273
 0.4960345  0.3450662  0.46946812 0.4053526  0.42639792 0.47118974
 0.5620794  0.51473486 0.49757802 0.4714272  0.47537506 0.45747614
 0.39484477 0.5239663  0.62147534 0.49775612 0.4285351  0.5793253 ]
[-2.9016728 -2.723693  -2.8610365 -2.6444092 -2.2544324 -2.411753
 -2.6291225 -2.2924862 -2.6261542 -2.515169  -2.473375  -2.556844
 -2.8883748 -2.5805311 -2.602556  -2.6063554 -2.571181  -2.5848947
 -2.1404195 -2.6061773 -3.2016504 -2.6734393 -2.3530102 -3.143976 ]
[4.877529  4.826029  4.834489  4.911101  4.7391763 4.8577604 4.841939
 4.7509604 4.848618  4.8080707 4.8207455 4.8503394 4.876045  4.8883634
 4.870257  4.8061113 4.8310456 4.828997  4.8047757 4.90555   4.9613247
 4.8733144 4.810089  4.807418 ]
[-0.715363   -0.5608624  -0.70809066 -0.50612676 -0.1523931  -0.29012275
 -0.4661733  -0.21736944 -0.48416126 -0.38783956 -0.34895468 -0.38772082
 -0.74148417 -0.45020378 -0.4438516  -0.47166467 -0.40734136 -0.48012435
 -0.03826153 -0.488495   -0.98212516 -0.4919976  -0.24260008 -0.9844701 ]
[7.647943  7.578722  7.6606774 7.670651  7.508106  7.6117296 7.5396
 7.5113416 7.6602616 7.551859  7.5150814 7.584718  7.673055  7.703807
 7.616034  7.6365447 7.5668488 7.6194773 7.5081654 7.7187076 7.7863555
 7.6269574 7.5564895 7.618765 ]
[0.8551111  1.0088696  0.9140321  1.0771705  1.4466956  1.2919575
 1.0423522  1.3738532  1.1311938  1.1762527  1.1794585  1.1546137
 0.87354434 1.197298   1.1058147  1.1660417  1.164142   1.1434826
 1.5018171  1.146629   0.6275604  1.0538692  1.3399551  0.647923  ]
[4.5961924 4.572743  4.5794215 4.6472473 4.5208273 4.6105595 4.5553784
 4.5052733 4.572891  4.5206785 4.5237956 4.541071  4.602812  4.690555
 4.587881  4.570012  4.5927196 4.567667  4.5369153 4.699876  4.657251
 4.536678  4.573307  4.5788875]
[15.469859  15.8314295 15.723026  15.861082  16.582739  16.189318
 15.771944  16.519127  16.1507    16.009232  16.138887  16.020897
 15.862656  16.240967  15.757488  16.149128  16.02799   16.3502
 16.490156  16.017452  15.037791  15.713854  16.39796   15.647305 ]
[46.124413 46.475445 46.485565 46.529762 46.670197 46.64897  46.356503
 46.65479  46.4647   46.301945 46.141567 46.366    46.386723 46.993057
 46.557606 46.748886 46.503613 46.425575 46.66435  46.835056 46.209274
 46.315838 46.70427  46.400196]
[79.34222  79.54614  79.56131  79.565796 79.52219  79.44287  79.47128
 79.47186  79.62161  79.49461  79.35736  79.58203  79.629036 79.844574
 79.41674  79.68895  79.64579  79.613045 79.47158  79.544365 79.57968
 79.58558  79.606544 79.74566 ]
[85.86247  86.17205  86.2806   85.77667  86.047    85.9392   85.58664
 85.614174 85.90752  85.44431  85.23547  85.67271  86.22513  86.16668
 85.91631  86.17764  85.92384  86.00222  85.715866 86.28596  86.37926
 85.859604 85.54748  86.39631 ]
[92.30224  92.89851  92.76915  92.85281  93.91559  93.30195  92.89894
 93.91182  93.18613  93.18768  93.15275  92.992386 92.77185  93.51704
 92.89178  93.27612  92.92843  93.56138  93.843575 93.27457  91.60704
 92.51373  93.577484 92.51234 ]
[168.72359 168.83067 168.77393 168.97711 169.28188 168.96432 168.84375
 169.26805 169.04457 168.92072 168.67432 168.86531 168.7472  169.24533
 168.89653 169.12305 168.90422 169.05054 169.20258 169.15779 168.38556
 168.5523  169.01602 168.79759]
[184.30864 183.6407  183.99594 183.9287  182.8274  183.786   183.84134
 183.39912 183.90611 183.3505  183.37613 183.79079 183.51291 183.63298
 183.97923 183.90077 183.41856 182.9333  183.20074 183.7321  184.5063
 183.95068 183.67761 183.7567 ]
[86.90261  86.84472  87.147484 86.98148  87.32797  86.977486 86.72711
 87.425865 87.282745 86.84893  86.427864 86.935326 86.84488  87.688385
 86.94035  87.508995 86.87829  87.147575 87.03454  87.29937  86.67064
 86.87424  87.05484  87.12316 ]
[95.89789  95.53958  95.61143  95.8154   95.18809  95.22721  95.43808
 95.1654   95.57762  95.64939  95.434784 95.55837  95.96298  95.55822
 95.25651  95.383255 95.931694 95.647896 94.95954  95.42312  96.373085
 95.78799  95.24751  96.376465]
[85.898506 85.89309  86.11175  85.97709  86.224174 86.08091  85.82008
 86.29877  86.17251  85.914375 85.69758  85.87547  85.89091  86.61134
 85.974915 86.31081  85.7995   86.272545 86.08045  86.437904 85.762825
 85.62404  86.05714  85.986084]
[87.43249  87.65049  87.58081  87.57665  87.90963  87.694984 87.768036
 87.949295 87.56907  87.641426 87.70201  87.56033  87.48366  87.81719
 87.607925 87.65006  87.561295 87.780655 87.8661   87.76973  87.08522
 87.27404  87.74867  87.640686]
[9.400048 9.372147 9.419609 9.480935 9.425843 9.394824 9.286807 9.365378
 9.579898 9.452795 9.373393 9.360837 9.641432 9.48708  9.362796 9.401859
 9.387076 9.654255 9.375916 9.659419 9.580225 9.263239 9.331303 9.428336]
[1.0056342  1.0596871  1.0343971  1.0051296  1.0567782  1.067286
 0.99833214 1.026353   1.0296478  1.0344862  1.0253735  1.0123723
 1.0742022  1.1257914  1.0528897  0.9977088  1.0309539  1.1332122
 1.0288761  1.100442   1.0366234  1.0044765  1.0069106  0.9794537 ]
[-1.658544  -1.5283241 -1.6522808 -1.4666129 -1.247047  -1.3298035
 -1.4376422 -1.207984  -1.4835323 -1.4200104 -1.3399254 -1.4510887
 -1.6063907 -1.4771208 -1.4631994 -1.4990566 -1.4610028 -1.4323883
 -1.1596599 -1.482345  -1.9538019 -1.5194786 -1.2594842 -1.7738925]
[4.7337146 4.801511  4.707148  4.889254  5.008313  4.96922   4.876075
 5.0251136 4.8683276 4.8979216 4.9500747 4.8738484 4.768325  4.8666058
 4.865181  4.834964  4.8697524 4.892816  5.0963235 4.886701  4.5397353
 4.824871  5.024312  4.595005 ]
[2.9438524 3.0223644 2.9622858 3.1132243 3.2883546 3.2178574 3.0747848
 3.299278  3.1288376 3.142759  3.1592035 3.1024196 2.997282  3.1520796
 3.096305  3.1127198 3.089567  3.1658227 3.3466523 3.156532  2.7594314
 3.0508602 3.267992  2.809299 ]
[4.508746  4.561018  4.5224895 4.6544604 4.7528896 4.719051  4.6020994
 4.7712636 4.6465054 4.641578  4.6518188 4.614685  4.550154  4.6814723
 4.6235604 4.639411  4.6116576 4.6669273 4.8010654 4.6839952 4.370304
 4.591325  4.757639  4.408417 ]
[3.177429  3.2864254 3.2095163 3.4052467 3.6452942 3.5335371 3.3503923
 3.6456504 3.41151   3.4455564 3.4521165 3.3868432 3.230235  3.456183
 3.379749  3.414597  3.3925424 3.4518197 3.7083411 3.4520273 2.9394298
 3.3138227 3.5995228 3.024561 ]
[4.6936126 4.74066   4.7039423 4.865537  4.9686565 4.9279904 4.786372
 4.982993  4.839772  4.842295  4.8421764 4.7988095 4.725641  4.901305
 4.8175097 4.839238  4.8110685 4.8664575 5.0200677 4.908637  4.5393496
 4.7617946 4.9657474 4.5753846]
[2.992889  3.1014402 3.0328722 3.2332926 3.4874988 3.3661542 3.1597972
 3.4832244 3.2403274 3.2721775 3.2674282 3.2035203 3.0452204 3.3000202
 3.201383  3.2502713 3.2158983 3.2842584 3.5437186 3.295063  2.7493985
 3.1254835 3.4306555 2.8334906]
[5.878681  5.9075036 5.895541  6.0554147 6.1387944 6.1048074 5.9467444
 6.1558623 6.0255237 6.0120177 5.992902  5.9642873 5.9041495 6.102225
 5.992605  6.0352    5.9783273 6.043927  6.182132  6.1101503 5.7380724
 5.935346  6.139566  5.7598896]
[3.869075  3.9676528 3.9126499 4.1217675 4.367217  4.2465553 4.0250006
 4.367781  4.1222425 4.1469684 4.1302567 4.0676847 3.9206643 4.19553
 4.074601  4.138954  4.085257  4.1663513 4.419786  4.1934223 3.6235662
 3.9920819 4.3141437 3.7081037]
[4.605513  4.683164  4.643745  4.840633  5.0418253 4.9424167 4.731043
 5.0426564 4.829116  4.8419094 4.818638  4.766692  4.649029  4.914752
 4.7830477 4.849568  4.791626  4.86717   5.0861125 4.914188  4.3894796
 4.7032595 5.0022874 4.4584928]
[2.9265473 3.049168  2.978374  3.2036095 3.506288  3.354459  3.10334
 3.4891906 3.210763  3.246917  3.2297008 3.1562946 2.9854088 3.2987142
 3.1565022 3.2341533 3.1906676 3.2647567 3.5530984 3.2905512 2.6505833
 3.0582216 3.4315164 2.7559583]
[5.52845   5.569502  5.5442715 5.7253976 5.8324647 5.785476  5.606042
 5.836383  5.6808434 5.6773705 5.657928  5.6151247 5.55377   5.7961917
 5.650537  5.7017403 5.660659  5.7120996 5.8694496 5.8013864 5.3648963
 5.5657024 5.828101  5.409599 ]
[7.002306  7.1076217 7.0426154 7.2020435 7.3059936 7.257076  7.1183667
 7.2998195 7.116467  7.105425  7.1309524 7.051016  7.078532  7.3690705
 7.109462  7.1791577 7.17144   7.213857  7.3099117 7.3367157 6.8291345
 6.9460564 7.318579  7.0409236]
[88.87044  89.424805 89.24162  89.21579  89.78806  89.516266 89.33031
 89.77904  89.19526  89.1666   89.262314 89.18185  89.19946  89.75302
 89.330124 89.40465  89.31883  89.52766  89.77824  89.54719  88.44903
 89.041916 89.54806  89.28418 ]
[251.64307 251.86858 251.69164 252.16493 253.05812 252.68124 252.19414
 253.23886 252.37752 252.47894 252.56726 252.2348  251.65352 252.36555
 252.1086  252.3133  252.19269 252.47237 253.14804 252.34885 250.69897
 251.79564 252.95647 251.20132]
[250.55046 250.17886 250.52449 250.69019 251.25381 251.38956 250.44489
 251.58804 250.99606 250.88622 250.56528 250.7706  249.76167 251.29662
 250.73892 251.16876 250.40956 250.80244 251.39201 251.02165 249.74113
 250.31633 251.56497 249.42058]
[393.9012  393.70724 393.7789  394.38742 394.78534 394.79932 393.67194
 394.96695 394.4553  394.54803 394.41248 394.01227 393.87656 394.7247
 393.983   394.26132 394.26483 394.7772  394.7682  394.77377 393.5565
 393.68768 394.83795 393.2311 ]
[350.33197 350.45413 350.47812 351.06583 351.9607  351.67722 350.5366
 351.98935 351.16937 351.38312 351.3218  350.8442  350.39603 351.51025
 350.74966 351.19867 350.98547 351.56396 352.0333  351.50882 349.7345
 350.4065  351.89935 349.68445]
[466.28217 465.9207  466.2782  466.6064  466.6689  466.83524 465.70483
 466.91785 466.68628 466.61978 466.42038 466.08716 466.2917  466.89795
 466.2042  466.58807 466.17892 467.00555 466.69    467.0747  466.29147
 465.99316 466.71747 465.7439 ]
[326.28064 326.12308 326.62027 326.60245 326.93045 326.8874  325.6682
 326.8942  327.00812 326.5042  326.01428 326.15714 326.53586 327.45212
 326.29312 326.98798 326.3141  327.21674 326.5589  327.45895 326.57657
 325.91626 326.7373  326.09958]
[127.968544 127.74883  128.14717  128.05055  128.35173  128.25732
 127.56478  128.43193  128.5134   128.08832  127.61486  127.94846
 127.99158  128.60835  127.984825 128.4445   127.68436  128.56017
 128.18787  128.59859  127.928635 127.730515 128.20969  127.62372 ]
[122.435036 122.34165  122.338776 122.69461  122.89075  122.79656
 122.5329   122.995674 122.646126 122.70164  122.61364  122.448975
 122.37935  122.63127  122.58962  122.55863  122.50625  122.59408
 122.96433  122.86002  122.069336 122.43082  122.85535  121.99832 ]
[19.444132 19.564644 19.423918 19.677114 19.841469 19.609495 19.660551
 19.684267 19.54069  19.603144 19.361553 19.692787 19.212276 19.477613
 19.671593 19.742327 19.651468 19.347305 19.90511  19.29058  18.949314
 19.652714 19.779728 19.352322]
[3.4775548 3.5439856 3.394739  3.4483764 3.2950928 3.417595  3.455055
 3.1973166 3.2991    3.4601011 3.4505136 3.3575163 3.6138003 3.5720956
 3.4683828 3.165526  3.485124  3.627217  3.321956  3.5571055 3.6352909
 3.402219  3.28506   3.4458237]
[-4.8581166 -4.6808786 -4.976849  -4.847787  -4.775182  -4.710235
 -4.5707836 -4.761201  -4.9725447 -4.785096  -4.626618  -4.7249875
 -4.8821597 -4.8878293 -4.6895757 -5.0232735 -4.6693616 -4.906797
 -4.6378083 -4.9355893 -5.0372243 -4.719556  -4.7152514 -4.9633727]
[2.852577  2.8498461 2.7024398 2.7756383 2.4763138 2.680415  2.9217088
 2.5778894 2.6850455 2.6753983 2.8631737 2.7834153 2.9319198 2.535977
 2.7905393 2.529773  2.7705328 2.64245   2.5992315 2.6080475 2.9028304
 2.8944597 2.679287  2.9017322]
[3.1223965 3.2290478 2.976029  3.164962  3.1768055 3.224625  3.376662
 3.171611  3.0496135 3.2062511 3.3608706 3.2569797 3.083363  3.0047622
 3.2419896 2.9790566 3.2951818 3.0330503 3.350719  3.0437658 3.00497
 3.2525866 3.25974   2.978552 ]
[3.8524823 3.7819552 3.771388  3.7162368 3.4184558 3.6081903 3.772516
 3.4755363 3.698902  3.6366563 3.731019  3.699258  3.9322407 3.5862842
 3.7168899 3.561736  3.6730478 3.6902344 3.4482872 3.6741462 4.0533776
 3.8063843 3.5525937 3.9128873]
[0.50336623 0.62287045 0.45097554 0.5602094  0.6146482  0.62583876
 0.71658003 0.6131344  0.5015259  0.59529483 0.70265865 0.65572965
 0.4932443  0.47849178 0.6393446  0.48540795 0.6663859  0.47169435
 0.73272765 0.46768713 0.4234593  0.6667421  0.65008986 0.433789  ]
[3.746187  3.7240138 3.6937666 3.7097955 3.4872315 3.6113367 3.7408144
 3.5066442 3.6442256 3.6136222 3.672751  3.6847727 3.769696  3.6030848
 3.7065601 3.5897274 3.676402  3.6046283 3.5417595 3.6385264 3.8726964
 3.7577634 3.571027  3.7853687]
[0.34800482 0.4552796  0.32161653 0.45237064 0.5712812  0.5421027
 0.53230727 0.5488111  0.41612756 0.49787486 0.5621388  0.5232539
 0.3315307  0.4192443  0.51212275 0.40665865 0.5291015  0.40158284
 0.6735692  0.414495   0.24123466 0.49576735 0.551631   0.22066426]
[4.8319063 4.7750335 4.8016887 4.784057  4.558287  4.685153  4.758975
 4.5727134 4.740304  4.681205  4.6974716 4.739028  4.837754  4.7233553
 4.7737274 4.7010336 4.727837  4.6907334 4.5795403 4.7491198 4.992937
 4.8234463 4.6253414 4.852358 ]
[0.6619928  0.7711376  0.66466427 0.7867509  0.94368553 0.8858925
 0.82940555 0.91343844 0.77529323 0.8364998  0.87476134 0.8542206
 0.6486057  0.776065   0.83798397 0.7859198  0.8576045  0.74394786
 1.0242158  0.7575427  0.5471785  0.830207   0.904207   0.5329603 ]
[4.481616  4.416669  4.461253  4.4500923 4.229309  4.3481607 4.3860064
 4.2327228 4.404766  4.3333187 4.3287773 4.3818808 4.4808145 4.4060426
 4.422309  4.3813167 4.387105  4.3420753 4.235216  4.429641  4.647188
 4.4628263 4.289477  4.4986835]
[-0.13090253 -0.022856   -0.11766386  0.0108937   0.19412756  0.12211633
  0.00127637  0.13743281  0.00338387  0.05084717  0.07949138  0.0451777
 -0.1302495   0.05019414  0.03075171  0.02089691  0.09050381 -0.00653028
  0.24568713  0.03193903 -0.24120498 -0.00857842  0.13704693 -0.2526033 ]
[2.6495147 2.7624886 2.6984918 2.6408176 2.4747405 2.5567253 2.6386805
 2.4294145 2.57596   2.4391506 2.5811841 2.5783346 2.8957362 2.6718068
 2.5797298 2.5671144 2.7224758 2.6255012 2.3803186 2.6430142 2.8244076
 2.59564   2.5178702 3.0627334]
[39.47418  39.957657 39.95706  39.788017 40.79199  40.041687 39.59273
 40.449326 40.290165 40.108505 39.96116  39.959316 40.230682 40.42751
 39.66409  40.243206 40.15665  40.702614 40.32374  40.12492  39.349567
 39.92067  40.207497 39.9497  ]
[86.81555  86.52519  86.32478  86.44073  85.59262  85.867165 86.744774
 85.48845  85.81529  86.327545 86.22527  86.12361  86.37164  85.63274
 86.637375 85.695206 86.24031  85.738556 85.80261  86.278824 87.2266
 86.30825  85.479485 86.53695 ]
[113.931076 113.97053  113.76414  113.547226 112.745476 113.05838
 114.207726 112.7901   113.21868  113.54616  113.79974  113.628914
 113.9269   113.35843  113.704    112.934364 113.58985  113.44132
 112.91482  113.34927  114.36936  113.637184 112.93019  114.384186]
[68.12343  68.18567  67.86711  68.05328  67.18137  67.41047  68.312004
 67.1655   67.566154 67.73405  67.80784  67.81167  68.086205 67.613
 68.017075 67.48699  68.09867  67.43484  67.36452  67.761475 68.61293
 67.95043  67.35045  68.571075]
[70.352715 70.27085  70.14021  70.130394 69.146454 69.42263  70.3063
 69.05975  69.61171  69.73065  69.75552  69.91136  70.36471  69.98658
 69.89601  69.56053  70.309204 69.718925 69.10941  69.79236  71.05867
 70.17076  69.339455 71.14588 ]
[77.38194  77.43974  77.27402  77.53745  77.22715  77.147156 77.469185
 77.09001  77.219345 77.366035 77.306076 77.3506   77.52199  77.45033
 77.16713  77.1974   77.78819  77.36966  77.15187  77.24858  77.63033
 77.45223  77.25861  77.91452 ]
[82.21729  82.247406 82.13899  82.39594  82.36093  82.09839  82.29323
 82.264656 82.33738  82.30164  82.09946  82.33967  82.269936 82.408844
 82.14018  82.39605  82.578896 82.22145  82.25056  82.138504 82.2112
 82.37833  82.3204   82.50365 ]
[79.1109   79.459335 79.45494  79.62957  80.693184 79.95386  79.50623
 80.64112  79.983315 79.9341   79.671936 79.69686  79.32732  80.236855
 79.56125  80.17004  79.65327  80.19635  80.5364   80.00501  78.405655
 79.24204  80.26238  79.13806 ]
[71.41484  71.82259  71.86804  71.933136 73.08532  72.28666  71.74999
 72.972694 72.38183  72.2579   71.95213  72.01132  71.76659  72.6596
 71.859375 72.56102  71.981255 72.673134 72.821434 72.41359  70.808235
 71.528404 72.55865  71.57379 ]
[24.443836 24.739243 24.712854 24.740608 25.099209 24.793205 24.66364
 25.025091 24.772636 24.753935 24.645443 24.600563 24.72271  25.184193
 24.682726 24.890804 24.73194  25.065163 24.958601 25.07187  24.301178
 24.367966 24.844677 24.768272]
[26.81985  26.818544 26.70106  26.947369 26.975895 26.963665 26.931578
 26.952118 26.786873 26.881977 26.916529 26.845467 26.709696 26.902163
 26.895958 26.771408 26.928164 26.810173 27.059986 26.94639  26.595387
 26.746206 26.950575 26.644512]
[4.555141  4.59548   4.559653  4.7221975 4.80157   4.74161   4.5958366
 4.772926  4.7506337 4.7308054 4.7002616 4.6442795 4.690466  4.755324
 4.6514626 4.6519375 4.6672835 4.8376946 4.827068  4.833539  4.5241814
 4.5417833 4.7300634 4.4662104]
[3.2926588 3.2486684 3.3074112 3.2941725 3.2043812 3.280637  3.2058356
 3.232491  3.2802513 3.2199352 3.1907864 3.2050343 3.3202937 3.378443
 3.2758284 3.2600963 3.199335  3.3305345 3.1839888 3.37871   3.339855
 3.2392886 3.2210038 3.2619665]
[1.3345824 1.4684236 1.3591601 1.5837128 1.8756462 1.7446547 1.5602335
 1.8959495 1.5767373 1.6400514 1.6802423 1.5770044 1.3784541 1.6126242
 1.5671793 1.5832379 1.5819021 1.6262784 1.9549595 1.6056783 1.0005584
 1.4904188 1.8299936 1.1685648]
[7.265506  7.2654467 7.2483788 7.3978925 7.409291  7.420897  7.315492
 7.448354  7.3661613 7.3387637 7.350518  7.3153734 7.2875605 7.392045
 7.3351426 7.3455615 7.310001  7.3662505 7.4690433 7.4186707 7.149712
 7.304866  7.455181  7.153363 ]
[3.2878203 3.3761573 3.327002  3.4993126 3.722381  3.6185496 3.4232645
 3.726626  3.5183394 3.5303907 3.5219607 3.4662457 3.3462071 3.566901
 3.4660378 3.5215452 3.4681454 3.5600739 3.7676775 3.5656247 3.0729146
 3.4045937 3.6801717 3.141453 ]
[6.009435  6.025494  6.022674  6.155031  6.1912146 6.1864653 6.0589466
 6.2219663 6.1242495 6.0952196 6.0873237 6.0619745 6.040187  6.188039
 6.093884  6.126001  6.068386  6.13924   6.2298326 6.200031  5.8981237
 6.0501013 6.2145753 5.920772 ]
[3.6994064 3.8053157 3.7401316 3.9537017 4.2122416 4.0854945 3.86863
 4.214171  3.9554234 3.9867983 3.9776857 3.9087317 3.7517674 4.019895
 3.9101863 3.9712741 3.924167  4.0001554 4.269085  4.0169563 3.4373639
 3.8312588 4.160712  3.536268 ]
[5.8558254 5.887438  5.868025  6.0425916 6.1271586 6.093884  5.93597
 6.151914  6.0040035 5.996078  5.9828987 5.9432125 5.8822727 6.0852757
 5.9747357 6.01273   5.9595675 6.0289965 6.178184  6.09703   5.6972876
 5.9092846 6.134579  5.734451 ]
[3.7601974 3.8632276 3.8049595 4.019331  4.2826204 4.1525784 3.9210799
 4.280958  4.0216165 4.0491624 4.0317383 3.9652188 3.8126178 4.0995646
 3.9708586 4.0412073 3.986086  4.0697327 4.33323   4.0957355 3.4988673
 3.8844213 4.2259254 3.593883 ]
[6.0276904 6.063785  6.047697  6.2272205 6.332922  6.286824  6.110061
 6.352602  6.1928177 6.184477  6.162808  6.123953  6.05583   6.284004
 6.1564856 6.2079263 6.144939  6.219354  6.3790197 6.293384  5.8593874
 6.0843554 6.330755  5.899578 ]
[4.315806  4.4096045 4.360479  4.574465  4.818252  4.6958685 4.4649935
 4.8179255 4.5697155 4.5918293 4.5681124 4.5061636 4.3654957 4.6550245
 4.518126  4.592482  4.530949  4.6146555 4.8665466 4.653214  4.066616
 4.430353  4.7663064 4.1544485]
[6.0438976 6.0887485 6.0709386 6.259308  6.389795  6.32841   6.135173
 6.405022  6.2276955 6.2232428 6.1955485 6.1539626 6.075599  6.3265696
 6.1860795 6.248325  6.179549  6.2587733 6.4338446 6.333545  5.860812
 6.106974  6.3780403 5.9102936]
[4.722286  4.831402  4.770878  4.998577  5.2805367 5.1377316 4.878835
 5.258868  4.9856052 5.0145464 4.9876537 4.9140396 4.776221  5.1237507
 4.930573  5.02262   4.970378  5.054203  5.315474  5.113896  4.4462337
 4.8075066 5.2167478 4.5638676]
[10.029271 10.312775 10.213752 10.285822 10.417734 10.326756 10.247323
 10.433733 10.200988 10.116302 10.194488 10.128858 10.301435 10.577725
 10.212594 10.331089 10.280123 10.363265 10.369202 10.440441  9.85886
 10.035593 10.412747 10.40684 ]
[20.905758 21.398615 21.271454 21.301315 21.805511 21.459703 21.241413
 21.74855  21.37478  21.262756 21.301493 21.239603 21.379856 21.767874
 21.263588 21.53406  21.387098 21.631895 21.681139 21.530676 20.612518
 21.119297 21.6023   21.390541]
[33.419773 33.966267 33.826935 33.783302 34.268948 33.964012 33.759556
 34.163334 33.825123 33.6803   33.69903  33.727497 33.871964 34.331547
 33.83032  34.032043 33.892357 34.08488  34.153717 34.075737 33.190083
 33.62592  34.01658  33.94142 ]
[205.98181 206.40204 206.09872 206.47499 207.40977 207.06067 206.68944
 207.71611 206.58646 206.82875 207.15393 206.54489 206.19072 206.62566
 206.51436 206.49841 206.51154 206.9267  207.5947  206.68849 204.95198
 206.17464 207.27676 205.8018 ]
[87.99416  88.64919  87.91315  88.731995 89.5754   88.9563   88.77663
 89.38606  89.039276 89.27762  89.45834  89.022865 88.501015 88.293045
 88.65423  88.72312  89.18681  88.8858   89.77092  88.34358  87.344315
 88.57802  89.50594  87.69828 ]
[98.08378  98.13656  98.35379  98.72149  99.959854 99.352005 97.983795
 99.81442  99.01378  98.79708  98.30688  98.44965  97.997    99.91621
 98.43493  99.31866  98.77918  99.34126  99.689384 99.57278  97.39584
 98.076065 99.46041  97.616684]
[190.16788 190.48512 190.34831 191.28575 193.41205 192.3297  191.17839
 193.74007 191.63463 192.16339 192.16992 191.31471 190.05336 191.66978
 191.177   191.88768 191.15585 191.97112 193.68465 191.75249 188.19708
 190.71281 192.97726 188.96915]
[46.365826 46.479244 46.472298 46.589012 46.98881  46.54434  46.572685
 46.93191  46.97317  46.91526  46.744106 46.69762  46.71769  46.38141
 46.419994 46.880676 46.61754  46.84117  46.88136  46.507915 46.180363
 46.52163  46.996292 46.4541  ]
[108.149025 108.29689  108.636765 109.04795  110.26661  109.63222
 107.97857  109.89992  109.409004 109.12146  108.43051  108.74183
 108.253334 110.320335 108.68108  109.74898  109.04347  109.6804
 109.93546  109.89472  107.83783  108.35931  109.70702  107.62065 ]
[42.95568  43.053276 42.942886 43.42877  44.211395 43.86621  43.398342
 44.267612 43.359695 43.78188  43.778824 43.358063 42.79346  43.59051
 43.38947  43.442036 43.32761  43.62536  44.410748 43.67333  42.135536
 43.024574 44.042706 42.278458]
[7.694991  7.429743  7.400683  7.604873  7.397002  7.554115  7.4501944
 7.3439584 7.550345  7.6202784 7.6449747 7.556252  7.6102753 7.47216
 7.484567  7.3019867 7.5849557 7.5855494 7.467826  7.5851336 7.7669725
 7.5269547 7.4870906 7.2994933]
[1.3257666  1.3798492  1.1056069  1.3245496  1.4992644  1.5170742
 1.5408801  1.4502279  1.2010975  1.4629916  1.6371721  1.4966819
 1.1136214  1.2311962  1.4586875  1.1321436  1.531619   1.2350253
 1.6667068  1.2161171  1.049298   1.4241958  1.4899735  0.93783796]
[6.6049085 6.5380025 6.523042  6.5544767 6.340966  6.5201335 6.565133
 6.4025884 6.5320067 6.4162126 6.5412974 6.5392494 6.636254  6.4491906
 6.518857  6.41648   6.491519  6.4855824 6.3928223 6.496357  6.6466427
 6.5705056 6.475579  6.6009903]
[-1.0202383  -0.92397594 -1.0690076  -0.9091641  -0.71393824 -0.7627373
 -0.8298211  -0.7552868  -0.92008746 -0.8431488  -0.76591337 -0.81043804
 -1.0493277  -0.91094506 -0.86861694 -0.93786764 -0.82112396 -0.9112122
 -0.6012908  -0.92747855 -1.1976839  -0.87369275 -0.722487   -1.2174529 ]
[2.3272154 2.2951875 2.301302  2.3256125 2.1717649 2.2976213 2.292872
 2.2006764 2.2787132 2.2110653 2.2663057 2.2579646 2.3598669 2.3213677
 2.2883306 2.2275395 2.2433903 2.3043299 2.2023978 2.350962  2.3714137
 2.2635155 2.2525327 2.3272154]
[-3.4183667 -3.2377746 -3.3791554 -3.1537714 -2.734557  -2.9032757
 -3.1404734 -2.7574723 -3.1220105 -3.0331392 -2.9784036 -3.0712821
 -3.3895147 -3.0716085 -3.1282144 -3.1064565 -3.0816712 -3.0645144
 -2.6374338 -3.1104045 -3.7735548 -3.2002552 -2.821944  -3.6466892]
[4.778833  4.778447  4.7327347 4.900771  4.852655  4.91303   4.835943
 4.871652  4.8134136 4.8041525 4.842147  4.812167  4.7752113 4.9029083
 4.8371897 4.7910028 4.826029  4.8323216 4.939537  4.921846  4.689991
 4.7717385 4.9144254 4.671439 ]
[-0.5301701  -0.36741757 -0.49297714 -0.2550373   0.18593502 -0.00382912
 -0.27355957  0.14265704 -0.19394946 -0.12695467 -0.10807621 -0.17406178
 -0.50087285 -0.15156198 -0.2344966  -0.19314802 -0.1986394  -0.14428961
  0.2789619  -0.1773566  -0.8799856  -0.31927156  0.07560289 -0.80844927]
[6.5263076 6.5059743 6.5260105 6.6392813 6.5977545 6.64409   6.5289197
 6.6318903 6.603543  6.5452747 6.5377946 6.5345592 6.5486884 6.678196
 6.5700603 6.58977   6.5307007 6.609509  6.6375003 6.694106  6.4778943
 6.5266337 6.6456037 6.441681 ]
[-0.09635139  0.06859767 -0.04577136  0.20350742  0.65890574  0.45358765
  0.15209627  0.6322503   0.26530766  0.32440674  0.3341428   0.24859607
 -0.04357481  0.3183514   0.19763017  0.27477658  0.24533093  0.3257128
  0.7296406   0.2893213  -0.4737128   0.10994625  0.55415404 -0.35177457]
[6.1490946 6.1597505 6.1562185 6.3202767 6.358954  6.355689  6.202435
 6.3932085 6.280175  6.251887  6.2397466 6.209826  6.173583  6.3611207
 6.2444663 6.281095  6.220779  6.296323  6.409059  6.375695  6.0232973
 6.184833  6.3859954 6.0348144]
[0.4930662  0.6612507  0.563059   0.80886483 1.2662222  1.0485857
 0.72958124 1.232799   0.8727429  0.92468834 0.9135275  0.8357874
 0.5570333  0.93258405 0.79339993 0.8935211  0.8437722  0.92905176
 1.3229764  0.905424   0.13541436 0.7032523  1.1473414  0.2531376 ]
[4.53181   4.550956  4.5134954 4.690377  4.714955  4.731488  4.6028414
 4.7511683 4.6307735 4.6200876 4.639619  4.5860705 4.551104  4.722969
 4.622373  4.6175942 4.611895  4.660427  4.779931  4.740096  4.3963957
 4.546622  4.755383  4.4190435]
[-0.14464581  0.03208745 -0.08245969  0.18225431  0.6577184   0.4341749
  0.10308945  0.6178243   0.2385335   0.29692018  0.2996807   0.2026763
 -0.07696831  0.31897473  0.15773606  0.25726354  0.22766948  0.3103963
  0.715927    0.29166627 -0.5272018   0.0476414   0.5385704  -0.3867116 ]
[8.979914 9.057773 9.011022 9.252701 9.457218 9.369119 9.120018 9.468764
 9.179235 9.18823  9.171073 9.082587 9.013782 9.434302 9.144091 9.24537
 9.162464 9.282919 9.499368 9.42142  8.677799 8.95688  9.458999 8.851059]
[32.237373 32.88476  32.810112 32.85689  33.855907 33.202698 32.74644
 33.81515  33.099163 33.010677 32.94027  32.83905  32.81685  33.662907
 32.812454 33.351116 32.938046 33.49742  33.681786 33.26943  31.645346
 32.641956 33.504814 32.67342 ]
[75.098694 75.673355 75.59039  75.553024 76.17331  75.863266 75.59947
 76.23244  75.60087  75.48454  75.46305  75.476555 75.45934  76.22448
 75.64973  75.89025  75.52924  75.852936 76.14781  75.983696 74.62409
 75.255066 75.99676  75.531975]
[95.504944 96.352425 96.136566 96.16132  97.46802  96.66944  96.309204
 97.41085  96.491936 96.548096 96.5406   96.329155 96.14623  96.95186
 96.29996  96.64712  96.31815  97.01675  97.389    96.660774 94.71408
 95.89872  96.93074  95.90688 ]
[181.81346 181.90092 181.81006 182.02057 182.25897 182.08662 182.0022
 182.39352 181.98769 181.99535 181.8863  181.92537 181.71507 182.28046
 182.0269  182.0597  181.94322 182.03952 182.30173 182.15573 181.37584
 181.66656 182.11113 181.78542]
[110.034515 109.81358  109.72679  110.25007  110.52543  110.59851
 110.66119  111.16268  110.275764 110.46189  110.76867  110.466896
 109.32845  109.997116 110.27691  110.20077  110.054504 109.80098
 110.97961  109.83786  108.81129  110.28269  111.0479   109.126076]
[96.72973  96.93223  96.99638  97.16877  98.202576 97.64213  96.95591
 98.27084  97.37495  97.41066  97.12717  97.092735 96.742874 98.11336
 97.16574  97.5625   97.16273  97.7943   98.07381  97.80611  95.9814
 96.746346 97.705986 96.5269  ]
[124.039375 124.31654  124.24203  124.6651   126.15197  125.3084
 124.61373  126.24325  125.032425 125.20368  125.02693  124.80578
 123.96971  125.26188  124.67716  125.22508  124.63231  125.26998
 126.172745 125.09133  122.72965  124.17932  125.68875  123.47938 ]
[52.42415  52.7761   52.864822 52.553032 52.967644 52.683075 52.54677
 52.925434 52.88542  52.630684 52.516167 52.543503 52.949837 53.323723
 52.699665 52.79955  52.460716 53.27878  52.73294  53.22859  52.414917
 52.16359  52.518955 52.88465 ]
[10.226545  10.277719  10.2391    10.280034  10.453888  10.38345
 10.236044  10.347147  10.274928  10.3172865 10.267181  10.249579
 10.21954   10.505329  10.307046  10.266617  10.321204  10.421979
 10.407582  10.4838085 10.148983  10.097928  10.302504  10.116154 ]
[7.831919  7.7969227 7.7963886 7.8627896 7.7875133 7.8484526 7.8062134
 7.8015237 7.801672  7.791936  7.8071632 7.777777  7.8288913 7.876919
 7.8337593 7.752131  7.791283  7.8565264 7.805056  7.9085016 7.809716
 7.7553663 7.7840104 7.7711873]
[1.7196318 1.7972531 1.6976069 1.8472098 1.9862752 1.9467076 1.8518404
 1.9867798 1.8294593 1.8785849 1.929996  1.8489908 1.7547172 1.8668897
 1.8520185 1.7844003 1.8586675 1.9009362 2.0511923 1.878199  1.55026
 1.777781  1.9573342 1.5914898]
[3.1319246 3.147063  3.1025088 3.2092195 3.1927454 3.2331145 3.1928937
 3.236528  3.163448  3.1589363 3.2101398 3.1600347 3.152881  3.192983
 3.1863933 3.1283033 3.1519015 3.1932797 3.2543082 3.211327  3.033733
 3.153059  3.2363498 3.0603588]
[2.5431602 2.6395116 2.5450006 2.7216446 2.910073  2.8360138 2.7103355
 2.9219463 2.7163017 2.753168  2.7954073 2.721051  2.584301  2.735002
 2.71084   2.6996198 2.7195373 2.7535837 2.9841325 2.7378516 2.3201509
 2.6603193 2.8917587 2.4058757]
[5.1469626 5.1682158 5.1407    5.2708006 5.299267  5.302651  5.211108
 5.3298407 5.242335  5.227256  5.243997  5.2072787 5.1774473 5.276589
 5.2274933 5.224317  5.203687  5.2579775 5.3536463 5.2936273 5.0393023
 5.1940403 5.32705   5.05447  ]
[2.9235196 3.0187132 2.9508874 3.1279175 3.3378959 3.2436817 3.0760016
 3.3435652 3.1326075 3.1584911 3.1677225 3.106605  2.9733574 3.1730952
 3.1039038 3.1321027 3.1094546 3.1714625 3.395778  3.1713142 2.7071593
 3.0459623 3.301267  2.782881 ]
[5.202589  5.2372885 5.2128    5.3602953 5.4289227 5.406423  5.280626
 5.454005  5.3327494 5.3235774 5.323251  5.28775   5.234706  5.385793
 5.310992  5.3299594 5.292232  5.3520136 5.479265  5.396182  5.070707
 5.2656655 5.4383025 5.0987873]
