LOAD(kW),SG(t)
223.4491421,0
203.3116776,0
180.198849,0
146.232528,0
168.7479324,0
146.3714715,0
141.7335867,0
157.0665127,0.00269094
173.9253125,0.01865598
225.460794,0.02749979
233.2287917,0.1684654
225.9085089,0.1285657
233.5997562,0.133128
219.7793929,0.39177558
235.4612028,0.25165492
242.2159775,0.0934605
234.557122,0.04365704
248.8037432,0.00534834
215.2393409,0
209.0132087,0
220.0675087,0
196.1135556,0
200.0019572,0
202.5884461,0
196.1826248,0
188.9182917,0
177.47892,0
150.5074254,0
145.1003789,0
140.9533848,0
135.6311464,0
156.1706997,0.00534318
185.2041611,0.03023416
214.8187554,0.01509515
218.5404058,0.05588667
223.6456088,0.088666
244.0959347,0.28004868
244.4028427,0.15228364
225.9796433,0.12218106
219.4804111,0.0345462
214.0318309,0.01240722
225.033244,0.00265998
215.9113201,0
193.3663203,0
204.9613124,0
195.7638771,0
208.6482067,0
192.8788815,0
194.8424671,0
184.5380759,0
163.7730145,0
150.0150022,0
145.1351999,0
143.0896719,0
140.1308556,0
162.393446,0.00265869
197.6616923,0.01239518
202.5252223,0.0397836
219.3057687,0.0794898
235.2595262,0.12529512
213.3492312,0.1852053
214.7131588,0.1066615
226.2733681,0.16828437
225.4762082,0.08017737
236.1314936,0.02378889
219.1463129,0.00352428
208.4657608,0
193.665386,0
194.6260969,0
193.3791209,0
181.033231,0
180.5374208,0
195.3401435,0
169.8190045,0
154.9278993,0
144.3595314,0
138.6556238,0
145.4060502,0
134.4004621,0
145.276221,0.02349864
162.5737835,0.16573834
166.1473601,0.3223839
163.6557909,0.45109064
177.9875971,0.53417266
187.7267045,0.56019024
191.7609668,0.28880563
178.8842606,0.1546452
187.2082196,0.1172524
185.4379761,0.16202615
189.5787377,0.00696256
171.8496439,0
165.6787005,0
195.5214857,0
183.9458796,0
177.6606195,0
195.1549391,0
189.4498717,0
182.8567931,0
158.6741545,0
141.6640565,0
145.2263884,0
153.1029649,0
139.8947856,0
166.2914095,0.00972015
150.1672447,0.06343704
171.6972454,0.07646604
173.4473817,0.05002491
167.7821911,0.144738
176.0261908,0.18254704
180.2998392,0.16419722
171.9952972,0.09589602
188.0276294,0.111069
187.9054995,0.1572897
178.2951043,0.01239518
178.3548256,0
183.9300862,0
173.681348,0
172.0906441,0
174.5744748,0
205.5446471,0
190.729894,0
153.3435151,0
147.3224084,0
157.497123,0
135.3628747,0
131.327128,0
138.6857876,0
138.4310514,0.0044419
186.1221916,0.02217725
216.6980879,0.03718554
206.749815,0.05390265
212.2825139,0.0839059
232.9694311,0.1501474
238.7742556,0.09450454
225.2103253,0.06356088
211.2187829,0.10775284
212.6282221,0.05395511
204.8761837,0.00708296
232.5240653,0
212.0943593,0
201.9104456,0
203.4724359,0
205.615839,0
211.0516201,0
219.3379077,0
209.5999821,0
189.5465668,0
158.6682146,0
166.9604236,0
171.5553631,0
173.1620595,0
168.4116477,0.01411776
183.7805192,0.1669948
226.3401235,0.29707926
220.1180073,0.34863024
245.2150953,0.25201956
251.6363631,0.518967
260.9581161,0.11923384
268.670664,0.174064
233.7639789,0.11058525
240.3816074,0.16489683
233.8038716,0.01138124
232.337125,0
227.6478207,0
234.304841,0
207.2381399,0
195.3606578,0
200.1433601,0
201.89425,0
188.1186935,0
147.8499679,0
157.2507363,0
150.8639107,0
147.9395298,0
153.480372,0
155.4619085,0.01852053
177.8166137,0.16027648
207.7817572,0.0721067
231.2716113,0.1405584
227.8488594,0.09483048
234.8387296,0.25036965
218.6522493,0.28037548
217.7666162,0.25061475
215.0942619,0.16107843
220.464869,0.04317243
222.0113626,0.00705544
225.1052101,0
212.1712498,0
208.8982832,0
195.5264302,0
206.6449399,0
198.9856284,0
187.54364,0
178.734853,0
168.9673958,0
150.2185208,0
164.5064351,0
151.845872,0
153.8090179,0
161.7812738,0.02038329
180.2124251,0.16628788
219.8940774,0.23911956
215.8881797,0.23072768
216.6664702,0.54141472
238.4613423,0.26693024
244.3255421,0.37054132
236.6020286,0.29502816
218.5780502,0.23631381
205.3792441,0.09506268
201.7350387,0.014104
205.1516369,0
211.0108731,0
174.7053986,0
170.953697,0
171.9551131,0
161.5492232,0
178.7387945,0
159.8029425,0
139.9802229,0
136.5238144,0
138.9885006,0
137.6554524,0
139.8647589,0
135.4787615,0.01835799
160.5167768,0.15768358
176.8804226,0.312696
183.1975536,0.21411936
187.275684,0.55224642
202.155337,0.57850136
191.0399128,0.54960192
169.3436808,0.46533912
166.3457381,0.3305582
179.7638496,0.17606522
176.3743244,0.02532657
171.7878781,0
173.5116637,0
184.4150342,0
169.521445,0
159.3937232,0
164.2996637,0
168.0070149,0
157.1508155,0
145.1406661,0
140.0134062,0
131.080631,0
135.3028869,0
135.0137054,0
143.8408659,0.00961609
137.8288438,0.06537075
135.0726548,0.13563576
149.008003,0.19784472
170.8199167,0.54786816
161.4812169,0.57618925
155.524307,0.2340576
141.2812057,0.17623851
146.9559923,0.18546975
153.3175149,0.08125968
169.5294783,0.0157896
162.5993152,0
142.3523885,0
138.7126859,0
143.1068607,0
151.1283125,0
151.4278365,0
133.9418065,0
145.0882957,0
140.9270263,0
130.5743848,0
123.796686,0
122.5555327,0
123.1182649,0
135.790179,0.01679752
133.4333008,0.01234702
137.7793803,0.0264063
155.0165321,0.44649136
150.9499543,0.26191816
145.1857545,0.05102724
141.4353243,0.12158766
136.6509897,0.066177
148.3333751,0.02739315
150.7643661,0.03275869
169.9029048,0.00620662
167.1947033,0
154.5059316,0
150.7033391,0
145.6257694,0
148.9968929,0
159.2655006,0
142.902087,0
146.5618768,0
130.6113649,0
126.223,0
125.8792095,0
123.7879583,0
119.2846964,0
130.4691394,0.01333215
126.662822,0.155316
133.3070566,0.19408437
153.8877381,0.31769346
140.4819494,0.24489016
190.0687704,0.12282735
154.1266548,0.08133536
157.9168489,0.0840693
141.5429911,0.10103022
151.1899018,0.022188
137.9964345,0.0044419
140.2898094,0
134.6832126,0
151.6617745,0
146.0557589,0
131.6086875,0
156.0749973,0
143.9408338,0
127.1856786,0
123.109936,0
127.8807562,0
122.9208665,0
118.6078286,0
121.0682898,0
128.6851045,0.00531996
128.8347483,0.0335787
131.8653512,0.0352256
134.6103173,0.08517182
138.0457143,0.57049734
141.0960804,0.459627
149.1590569,0.57025224
139.9305281,0.28512612
159.5194966,0.17063475
146.9709972,0.1114044
143.4478601,0.01937408
131.8257732,0
133.3806439,0
158.1528052,0
138.1546295,0
150.7626119,0
148.5353839,0
144.6835923,0
150.5211581,0
129.8554571,0
128.9449137,0
124.0302576,0
127.5820982,0
122.8944315,0
135.732625,0.00439245
144.6605605,0.0262902
134.9690565,0.05953264
146.4589538,0.07959042
144.5045714,0.13818996
142.4179881,0.21099068
150.4288678,0.07974694
143.4537788,0.0965393
146.6564038,0.13095908
145.6456884,0.07397376
155.9768118,0.01322895
174.4842199,0
158.7016637,0
158.08686,0
148.4766156,0
158.3378902,0
144.1734617,0
143.8973274,0
138.9773036,0
131.3513436,0
127.3266602,0
126.4129122,0
121.9060685,0
136.293289,0
134.4453614,0.00267675
138.5456101,0.01247946
144.4790447,0.13275304
153.9742708,0.0302634
165.0751319,0.1032516
154.6764494,0.1290645
161.8130513,0.0507357
156.4687193,0.04274544
158.7738982,0.02940168
149.527753,0.01426224
162.8568121,0.003569
168.7805618,0
158.0873543,0
160.7194845,0
143.2004708,0
143.8929821,0
148.4285,0
140.5439738,0
134.4383139,0
128.318606,0
122.2473304,0
129.342369,0
132.4232731,0
122.1101488,0
120.6214702,0.00269094
125.6565832,0.0125517
133.968622,0.03493191
147.5654821,0.0671445
166.9099006,0.05100531
157.6003409,0.11095892
157.2050952,0.0643968
144.5103172,0.0429312
138.967643,0.0304096
135.3935952,0.01521942
161.17145,0.0035862
175.3494245,0
146.751905,0
157.1396986,0
141.1989466,0
154.3609382,0
135.5890158,0
142.1613244,0
137.4126708,0
127.4326917,0
122.8544761,0
123.3447171,0
123.7507838,0
122.9390406,0
130.103579,0.02416041
132.0570259,0.14351379
139.9673669,0.20077388
156.7529405,0.50337864
139.3790357,0.59321768
170.3593467,0.52412184
162.3796014,0.60705723
147.4102204,0.53102592
157.6841088,0.27841812
144.1073155,0.13166385
149.9755208,0.0248626
162.7995013,0
158.4300804,0
152.3232113,0
161.9753187,0
138.9767516,0
153.7298638,0
150.4906824,0
147.2560533,0
127.3574703,0
124.3951147,0
130.0631131,0
123.9045536,0
128.2011042,0
128.0732649,0.02737982
138.5044693,0.1843023
139.1333327,0.35212528
160.1652458,0.48873198
160.8221399,0.58485504
160.8881084,0.47171344
153.0686073,0.32478975
145.5767596,0.10987704
147.460129,0.15910258
147.6313661,0.0192984
159.1780149,0.00440535
154.4937708,0
143.5211131,0
166.1906289,0
154.5596916,0
159.9433065,0
185.0872165,0
174.5947967,0
152.3224091,0
146.1591071,0
132.0886814,0
131.0299881,0
135.6976131,0
130.9038058,0
148.6630952,0.01678118
172.3079402,0.12082441
203.5395595,0.178063
217.3402784,0.14199073
238.9431935,0.2206975
231.3142042,0.1466859
230.8192715,0.09818061
226.9931634,0.08942237
199.2698987,0.03367674
204.2239048,0.01420032
199.9768601,0.00533028
188.7754615,0
181.9773958,0
183.6633834,0
167.146804,0
200.1578668,0
187.453318,0
174.151504,0
161.1757005,0
151.4537567,0
149.1117322,0
146.6663222,0
142.76664,0
139.8132351,0
154.6297827,0.00359136
170.3084299,0.00807282
201.799802,0.12276844
251.5776191,0.04209743
241.9300208,0.05192508
238.8296607,0.12259171
260.7836547,0.0652912
258.6026394,0.04742599
239.7995102,0.06532259
237.1733361,0.01971464
229.1062787,0.00538188
244.2234343,0
232.2219348,0
229.699206,0
204.1824851,0
197.9422827,0
202.8851726,0
186.4086758,0
159.6755355,0
148.6943047,0
165.5303898,0
156.020272,0
149.3613518,0
154.1537446,0
164.1775179,0.0044978
193.7296225,0.02337738
216.6060044,0.0862752
241.2967898,0.0440363
247.268777,0.0530233
263.5655452,0.0566181
276.9682113,0.0538962
268.7726972,0.0458337
240.4312534,0.03776346
239.3553144,0.02879968
238.1453006,0.00721712
230.7269524,0
227.4339226,0
226.8709338,0
223.5357202,0
236.7674113,0
216.0502091,0
189.2363423,0
180.5706905,0
175.0541313,0
157.8316191,0
154.0845446,0
152.7727419,0
138.3062791,0
162.6685976,0.02252125
195.9228148,0.07527408
208.1418512,0.35545778
228.0896518,0.40449584
240.5659047,0.35996805
245.2128839,0.15886608
250.4182619,0.14984554
237.5122353,0.18353862
225.4048483,0.1136576
248.4515232,0.0329337
249.0308122,0.00805347
211.4187262,0
213.6612145,0
208.2640326,0
195.7293024,0
195.3743186,0
217.4081548,0
209.3389678,0
188.8266637,0
172.399772,0
153.7585566,0
144.2870427,0
146.63725,0
146.1896143,0
160.6676244,0.01606824
179.4522315,0.1690373
232.3349654,0.33975547
234.1872738,0.48164128
250.7735687,0.5879132
267.0244236,0.6226701
269.210506,0.59764883
259.4220391,0.50961794
259.2129107,0.37680126
255.2235244,0.21024033
262.2050059,0.04543896
243.3042976,0
221.0043185,0
211.8574998,0
221.3379613,0
224.5183675,0
211.2562441,0
209.9733214,0
192.0090611,0
168.8516722,0
169.1469792,0
158.2334434,0
149.5576667,0
148.0402798,0
166.0692273,0.02397465
163.8938293,0.08125624
193.5428036,0.35032358
200.6777457,0.4914728
232.6003414,0.58539512
215.4647411,0.62132506
221.4154704,0.59532683
238.027258,0.5095242
184.516361,0.375519
224.3513895,0.21071806
217.1518512,0.044462
233.4869693,0
206.0587729,0
214.6525002,0
227.9511548,0
225.9847618,0
219.4269814,0
223.6769949,0
173.416332,0
186.2513321,0
167.5308983,0
152.6563653,0
130.7891028,0
149.5444494,0
161.6883357,0.01079988
187.3708356,0.07469917
193.3923631,0.28695964
200.6794493,0.0449995
206.0525089,0.05495185
222.4232113,0.0585832
208.0710016,0.05590602
245.4635831,0.04781342
242.1637702,0.037926
221.1565232,0.02170296
218.2819018,0.01538755
218.7253223,0
219.1423096,0
233.4113674,0
228.4909162,0
250.9383065,0
236.8209403,0
245.0731094,0
196.8261097,0
173.4338995,0
158.3410196,0
161.908631,0
149.6893244,0
156.3133244,0
181.7689768,0.01083084
245.8675774,0.06836656
247.9796666,0.07444934
251.630497,0.14406763
278.2623721,0.0536124
280.8520833,0.18121404
272.8087232,0.496091
244.0133496,0.35975004
265.8050879,0.21176898
274.279477,0.23444546
261.2945833,0.06018409
259.3286994,0
283.1372283,0
272.529883,0
300.2162173,0
274.4127917,0
291.2059673,0
267.4650416,0
211.823128,0
160.2692285,0
144.1426405,0
160.22625,0
153.8381399,0
171.5078922,0
168.5409167,0.0321984
207.5299315,0.19918976
219.0712254,0.37539688
228.0426135,0.5210998
251.9495536,0.624102
271.6794851,0.66312192
253.5638244,0.63670272
258.0594702,0.550056
248.8388733,0.34163973
255.6575812,0.1443854
265.9292172,0.03205908
267.4430714,0
278.2554749,0
254.3582677,0
284.6443854,0
294.2093214,0
287.9857321,0
254.3202262,0
229.3416345,0
194.8512321,0
166.9706496,0
143.3340503,0
165.1827625,0
170.498869,0
184.2513304,0.02129016
229.598757,0.19175205
258.5617332,0.28018026
295.7469464,0.5117817
311.929372,0.614642
316.5577502,0.65056334
318.866628,0.39016265
315.1390089,0.3594757
319.1563187,0.24661403
314.5528661,0.15564495
299.5782202,0.03886168
302.3596578,0
300.6322887,0
296.6299764,0
309.865119,0
315.4677549,0
258.3324372,0
274.6707244,0
232.8492654,0
204.8408869,0
188.4658611,0
179.5706709,0
187.5603934,0
164.8355957,0
188.4716685,0.03258368
236.9025238,0.19620384
256.6090013,0.26073996
259.7801786,0.4042989
290.5492599,0.61119168
303.9863363,0.6464663
276.2378636,0.3873956
312.1095161,0.29764944
287.0347203,0.2103689
281.5358678,0.05170406
283.1216399,0.01145391
252.353698,0
255.3372215,0
283.73135,0
301.2909157,0
294.9206239,0
287.2664603,0
276.8476964,0
221.7038327,0
205.4178274,0
191.4177649,0
178.3786458,0
167.2128542,0
172.5529485,0
198.6991042,0.03612387
230.614484,0.12356394
258.4600655,0.17711141
267.9858185,0.52263834
297.8078244,0.61253328
260.4400066,0.64444702
266.6153958,0.61593931
255.2976031,0.16540982
293.3084702,0.03310484
301.864826,0.05542614
271.411622,0.03110835
307.2715804,0
266.9613006,0
273.962,0
262.7609613,0
266.1879226,0
260.5986926,0
256.6665307,0
229.1531649,0
208.5656994,0
174.4812927,0
160.2131743,0
159.6001548,0
156.5803214,0
172.4949279,0.02439261
197.7978771,0.02436939
208.081768,0.06221799
253.6891846,0.06483024
247.4282768,0.05489939
263.0644881,0.05934258
264.1236285,0.05659101
238.9962628,0.10409956
242.3087887,0.12378324
242.0174256,0.05920068
233.1125447,0.008987
243.8637099,0
252.5881043,0
242.2098363,0
234.698286,0
265.1202847,0
264.7106442,0
229.2517412,0
209.3408225,0
180.8639199,0
149.7414675,0
157.7123988,0
148.4069411,0
166.8950608,0
163.1050834,0.01235906
160.8534488,0.07375704
200.714645,0.2360313
202.1166064,0.35265375
219.7065517,0.6175746
226.4298386,0.65254048
203.1061057,0.62650828
212.5559095,0.53445345
218.2715437,0.28661822
225.7578935,0.1260072
234.290463,0.0316566
240.8878435,0
233.2126386,0
247.81133,0
248.6265021,0
267.2500526,0
261.2384256,0
255.5004612,0
186.4245553,0
177.1514275,0
163.8652999,0
150.5436882,0
138.256645,0
153.5468868,0
162.770949,0.01579734
217.401099,0.09335429
235.2010414,0.3725735
240.7375514,0.51435396
249.1510923,0.60578916
260.2574355,0.6362667
245.443597,0.51003891
266.9045299,0.5277476
269.9765752,0.39241284
232.5235947,0.1088975
238.7055506,0.03321922
259.2279168,0
229.3429266,0
270.4470841,0
312.2637226,0
321.0457831,0
310.4035504,0
291.5239792,0
235.0620227,0
208.843836,0
166.8734301,0
180.913228,0
174.2908661,0
160.6142957,0
200.1879881,0.00356556
220.7606299,0.01512439
248.7575965,0.05061315
226.6637931,0.07001217
244.977136,0.07171497
275.511894,0.0814936
253.8238971,0.0620361
260.7651937,0.04790286
254.6989943,0.03818185
251.0463699,0.01867404
249.8586532,0.0053406
257.2229713,0
265.5427715,0
252.7538766,0
274.8739772,0
278.5625953,0
277.2993624,0
251.7026041,0
218.0319649,0
174.1245493,0
170.9885018,0
147.2719719,0
163.3388869,0
150.6586453,0
182.0217754,0.0035432
202.9223634,0.01500743
234.856502,0.06953659
247.0303106,0.49522584
265.5436401,0.2666688
286.5262252,0.25977848
255.3983493,0.24936904
276.1752947,0.52998876
284.5122704,0.20518912
271.1580744,0.053019
269.6515898,0.06840526
268.7967384,0
261.6667322,0
266.7104485,0
263.5366119,0
268.021965,0
269.7481757,0
267.447314,0
224.9481464,0
196.6078178,0
177.9763301,0
186.8489254,0
169.4674339,0
170.9601369,0
179.4475601,0.03459651
185.7846531,0.20558988
211.2382217,0.3867248
232.8687589,0.53666924
226.073032,0.64824521
244.7515188,0.68808299
222.6785191,0.6618732
220.3759781,0.57703592
228.5678363,0.43428968
241.6793601,0.25588569
209.2971548,0.07635381
221.6011824,0
220.4924865,0
226.0350781,0
224.4352403,0
241.6135063,0
216.154436,0
230.0436604,0
204.3492251,0
182.0004867,0
164.2689315,0
155.1417621,0
158.9903185,0
154.2643899,0
168.7317222,0.02988328
168.1682814,0.21375515
190.1011809,0.39124668
195.9685536,0.53744496
229.4290506,0.6400593
219.6402838,0.67684365
226.4481488,0.65315108
213.2856452,0.56874423
208.9375285,0.43215
216.6620238,0.25822962
215.6517226,0.02016571
217.0784345,0
226.0240762,0
237.6869971,0
236.3686211,0
246.7918727,0
236.2015714,0
227.5192662,0
217.0215377,0
216.8000423,0
175.1750497,0
165.8756447,0
167.0838941,0
174.3100632,0
167.4129524,0.01602954
178.0820023,0.08265933
194.5831667,0.0319662
201.8976655,0.06120921
225.9583244,0.13211234
244.9101388,0.18540181
216.8882589,0.11626512
214.6964911,0.1865598
225.4704813,0.10853974
198.0481051,0.04189533
208.4139554,0.0267933
218.200053,0
213.6637294,0
219.4555705,0
208.642722,0
236.2823839,0
229.1044414,0
240.4901102,0
210.7541072,0
180.3697818,0
165.315411,0
170.9674583,0
168.3890833,0
176.4146518,0
165.6163155,0.0133773
177.727221,0.0712424
185.8848859,0.03201264
200.2232187,0.09949856
221.9843036,0.05507956
212.6256619,0.05868984
232.265747,0.05699392
231.2790566,0.0490501
229.0599887,0.07416382
244.4744286,0.01969572
233.0940565,0.00627284
232.0745996,0
241.4188175,0
241.8041104,0
254.8886106,0
259.7400718,0
249.9252827,0
256.2728696,0
222.5240313,0
191.0833462,0
179.0543033,0
160.5462649,0
163.5264078,0
154.9557143,0
173.8832198,0.0178536
227.3888929,0.06857081
245.3308148,0.0870191
257.8609437,0.20540584
256.471381,0.3047109
271.6905854,0.139277
260.0441908,0.15418725
242.6563652,0.11729669
268.0855149,0.0371133
285.8552342,0.02039318
283.1816663,0.00622468
272.8053965,0
270.2860201,0
287.7947651,0
287.8295761,0
294.0046478,0
296.6951494,0
274.8296896,0
214.5160624,0
181.7227248,0
166.373711,0
156.618224,0
153.0731466,0
163.2114278,0
177.6800365,0.01968626
231.6266336,0.10365064
262.3304691,0.26028588
251.646355,0.27312869
266.6753213,0.42375726
317.1098113,0.31861968
296.4744881,0.3463005
294.7229565,0.2830518
304.9794444,0.30589426
309.64087,0.18576688
307.92454,0.05989599
290.7267735,0
307.4959491,0
301.1431084,0
312.9687703,0
315.2788626,0
291.0772772,0
266.0475089,0
227.871007,0
204.1601355,0
185.3350961,0
175.7369546,0
164.4469869,0
173.2462481,0
207.5018009,0.04519773
225.1619598,0.1625916
261.6973482,0.39119508
259.4890672,0.53737272
294.0448099,0.6387865
301.8254937,0.677164
275.4034196,0.654675
277.1723065,0.5769869
287.5933183,0.43862752
271.2665596,0.26439496
269.3615547,0.08525524
284.877873,0
287.0516292,0
298.3769269,0
289.2580787,0
303.2849754,0
284.4306809,0
260.5959773,0
226.2089779,0
175.2037379,0
162.6961468,0
157.0540206,0
166.4151832,0
174.3784566,0
175.3445927,0.00444835
234.7400206,0.01597536
270.2100827,0.09925776
277.5129372,0.10801514
301.7942281,0.09557352
307.323269,0.21847397
306.2152991,0.265224
260.6412618,0.2244471
276.360274,0.16443888
281.6158716,0.24512838
265.2559169,0.0159444
272.5912781,0
304.0864704,0
300.4038924,0
319.1243783,0
302.1776196,0
291.7924821,0
277.1665402,0
224.4195863,0
193.2585379,0
178.791191,0
168.0440154,0
169.7298771,0
176.9320557,0
180.5376059,0.01411088
244.8556776,0.00967758
240.1873694,0.0790254
252.370559,0.13961154
300.4390764,0.18623988
260.6981339,0.14509275
295.2006127,0.24029733
296.1780332,0.08290142
287.492006,0.14933685
294.2693638,0.13451088
291.4169256,0.01949706
285.3468301,0
269.6179652,0
259.1525806,0
271.5081071,0
262.7114561,0
268.3479037,0
250.7388108,0
234.6072084,0
213.7306696,0
200.6386458,0
164.2366791,0
175.7803532,0
168.1207094,0
176.2309073,0.0442255
174.7011226,0.213323
218.0713039,0.19395623
227.6284121,0.33989264
237.5480905,0.64696725
257.5977634,0.6825261
242.7474924,0.66154554
276.5856725,0.4143222
257.9865458,0.23237544
264.3700922,0.06206749
255.0119579,0.05102724
247.0634073,0
253.3199018,0
258.2501317,0
292.4681131,0
281.3356042,0
260.9860565,0
263.6734054,0
225.6566078,0
222.5096934,0
179.4850446,0
172.4728582,0
170.4320039,0
161.9381323,0
175.9699433,0.02853824
194.270235,0.01156571
209.7592798,0.32467494
231.8279851,0.29454183
223.2287613,0.25966668
240.9410446,0.09362132
239.3161488,0.09641159
250.6801369,0.22343832
252.4113304,0.09421386
248.7591644,0.01337085
271.8976351,0.03927792
261.9991369,0
273.4461309,0
280.7125923,0
277.348625,0
292.6419834,0
265.5206964,0
281.5585417,0
229.1678779,0
207.4453095,0
179.8970941,0
164.5636637,0
166.2488423,0
178.0684345,0
177.5057292,0.02598748
216.4138661,0.10380028
254.9520302,0.267933
271.3616458,0.3519292
264.4941449,0.37241139
311.7482711,0.32733621
294.8835769,0.44620627
294.0974124,0.2618184
289.0096935,0.27895132
301.2956697,0.13522984
278.9651673,0.03829279
287.5686369,0
300.116146,0
290.2955387,0
295.4609405,0
293.8685135,0
288.5935769,0
263.5714702,0
226.7761822,0
191.778919,0
173.8684938,0
159.1117411,0
155.3421518,0
176.8753892,0
186.6961315,0.02109408
243.6437262,0.01139242
263.4825179,0.29008832
290.358991,0.21256792
272.5416072,0.22855489
291.3955982,0.2646607
300.3820595,0.32350663
290.4208912,0.20458368
284.5415268,0.2901124
288.6659234,0.04270889
296.4683992,0.07624158
301.2858205,0
303.8246852,0
314.4636105,0
322.3997821,0
312.3369224,0
290.9858167,0
277.3018974,0
242.0878975,0
212.3637974,0
184.5182692,0
165.5122949,0
160.597318,0
186.2357564,0
190.5884359,0.0368424
221.0271333,0.03577127
272.0122628,0.11171658
275.5560385,0.3234675
267.1877897,0.04056147
286.7355129,0.04585348
291.0350256,0.11361761
298.4653455,0.3109588
305.9601393,0.43125216
307.4056463,0.21605264
318.2586062,0.07959042
285.5774424,0
288.0468154,0
288.5262948,0
302.4692974,0
293.9244635,0
302.8377564,0
298.2299077,0
240.4954488,0
209.0231154,0
194.9442487,0
177.7026385,0
180.5356026,0
190.9625385,0
202.2767385,0.0542531
239.1795256,0.22487538
262.5953077,0.39829266
272.8906795,0.5427804
271.4563333,0.65092325
323.0871667,0.689032
336.3724103,0.45820628
325.6883077,0.57850265
329.6876923,0.44230144
336.5031949,0.03814272
322.1811795,0.09670098
312.2099102,0
277.4426923,0
289.3835257,0
301.1663122,0
317.0064951,0
309.123577,0
274.5233974,0
241.2227282,0
201.4348077,0
187.2866795,0
181.3202923,0
180.0022949,0
174.2266539,0
185.1004103,0.0298979
212.576959,0.22555091
252.004359,0.1627593
273.5594234,0.3194814
280.3803487,0.10192806
287.6071356,0.52367378
284.1398183,0.52019422
250.0666264,0.202014
267.3994222,0.1613274
287.4721388,0.262257
250.2961586,0.0815796
249.0660816,0
272.3377343,0
241.5759684,0
260.4905724,0
257.5612484,0
275.7055407,0
268.6722552,0
235.9508244,0
185.5829662,0
191.7240824,0
165.3757568,0
163.0382923,0
154.4582524,0
167.3956598,0.0053406
199.9052507,0.01064508
193.2476661,0.0212076
225.0882994,0.09075021
234.8763208,0.08278016
244.6337963,0.08025563
246.3561777,0.06453784
219.4575703,0.08245938
232.6973252,0.04982152
232.4094129,0.0339055
241.3580005,0.008944
255.3727264,0
248.7594695,0
246.3303056,0
260.9142074,0
259.137392,0
263.0866783,0
256.9983975,0
232.699595,0
207.8856196,0
180.0337631,0
169.1131584,0
161.2070764,0
155.890928,0
160.6863377,0.0180084
162.9082418,0.05664519
206.6114225,0.12300408
219.7534874,0.12635292
225.1165329,0.06708
245.4109209,0.06347187
250.0950969,0.062608
255.825494,0.089569
264.3514722,0.09055155
271.2364706,0.0134547
279.9068643,0.00538446
275.2699772,0
268.0751751,0
279.2986645,0
290.0751681,0
308.3217938,0
308.558692,0
301.7290932,0
263.5956198,0
230.1621984,0
200.0299454,0
186.1454644,0
181.8172179,0
178.4962468,0
190.6616758,0.0053535
224.3979846,0.01069668
252.4078517,0.05613048
225.7582692,0.0418347
235.5809498,0.0444835
283.6254072,0.15836126
282.9314721,0.04715251
250.2318606,0.07562195
277.295956,0.0863397
285.36443,0.0802251
278.3839958,0.00803025
284.0219939,0
287.8732341,0
290.4869313,0
307.6754825,0
301.3174831,0
311.3320728,0
284.5554885,0
250.5120624,0
222.3504231,0
195.765082,0
181.6036295,0
179.4481228,0
176.9059057,0
179.1173623,0.0621866
205.000661,0.05583249
235.7794092,0.0574652
236.3677651,0.12882456
248.5933435,0.1877595
263.3544638,0.4887552
253.9315514,0.53780831
265.7091561,0.4052922
276.0916374,0.32382612
292.2864904,0.06542192
284.4192986,0.10373922
290.1488814,0
302.8022655,0
296.5834841,0
320.1018726,0
316.7273611,0
314.4372474,0
301.6915314,0
256.5989143,0
224.322484,0
203.5570696,0
201.1234696,0
183.3348093,0
179.9461682,0
192.4621336,0.02130048
206.3915907,0.02034373
231.0716322,0.26987058
276.7860881,0.25312896
281.8443699,0.1201764
301.5372391,0.2585203
303.8862456,0.1561416
290.4105143,0.47526309
297.1800275,0.46145536
283.0838796,0.29057938
303.4849393,0.1063476
294.1338657,0
305.7658818,0
309.7251906,0
308.6220702,0
307.7582934,0
307.0764999,0
295.441261,0
261.9803339,0
229.9848501,0
201.428532,0
193.4944925,0
196.3664706,0
186.6793929,0
196.2695966,0.06817349
228.1966597,0.12535618
278.3247747,0.13434318
290.9714497,0.1492659
314.7443625,0.2762148
320.0612738,0.37170705
320.3133253,0.3587103
339.8126307,0.42324728
348.5409762,0.45907488
348.5359267,0.19892316
333.1764617,0.06926483
318.1491578,0
324.5888123,0
331.4365586,0
328.0814018,0
325.1033985,0
321.3455587,0
304.1626123,0
273.5179053,0
241.0513206,0
215.6013037,0
203.4440749,0
194.2750065,0
183.429576,0
196.8200734,0.06114987
207.7952628,0.2388177
250.5819065,0.28486339
267.3200174,0.22104064
292.9232981,0.12152832
337.6593792,0.1172395
308.9347695,0.1714281
304.8565995,0.13470696
311.5268563,0.08173096
305.030431,0.04719809
322.0121615,0.01516094
298.2845238,0
267.101247,0
247.7665261,0
252.0074888,0
284.509378,0
287.393994,0
261.6348512,0
227.4210873,0
207.1682381,0
184.1730536,0
172.5626339,0
175.014869,0
170.181253,0
179.2615804,0.0709328
207.8110699,0.12535618
225.8094524,0.30132207
224.3442235,0.5772492
239.0819941,0.47026133
236.3047113,0.59153122
242.2863315,0.45517736
246.4460122,0.18904606
228.7990893,0.1318079
232.1357113,0.02366118
243.8041488,0.02376567
240.6121561,0
240.4119613,0
259.123611,0
245.8038036,0
246.9315595,0
251.5622261,0
244.3691478,0
224.3525144,0
188.0929107,0
156.7162202,0
153.022391,0
159.5198188,0
145.002432,0
157.15295,0.03863464
169.2040351,0.26374566
193.0472619,0.23961492
209.6642619,0.58886608
199.3970524,0.70367393
225.2758593,0.73775702
216.0835451,0.70904076
214.6482054,0.62952344
232.2655328,0.17519662
225.1475953,0.05485725
241.1649496,0.03148632
249.6914279,0
235.546932,0
254.7165298,0
256.8038959,0
263.7420568,0
272.4931457,0
260.797497,0
208.9801369,0
201.3428203,0
165.5011488,0
157.2702418,0
152.6047065,0
156.1255127,0
175.2248423,0.01833993
226.2441845,0.0348644
226.2763469,0.038313
254.5340357,0.05755464
272.6367173,0.13294224
290.1306568,0.1317735
279.7193304,0.04946032
264.2193401,0.05594085
274.3800238,0.044505
277.2840057,0.02582537
293.4818571,0.07213293
297.7275744,0
289.4153897,0
274.8551432,0
288.5266846,0
286.9804941,0
278.8926443,0
264.2017919,0
227.3434494,0
191.0001191,0
165.179631,0
155.689946,0
163.345372,0
158.8936189,0
176.0912083,0.08532576
213.8705952,0.15524075
222.6648185,0.26787624
219.7723499,0.45331202
229.8664689,0.73921773
247.8625244,0.77760512
235.8849375,0.62996505
240.3289107,0.668177
260.175432,0.52021658
284.6593708,0.33201375
273.4194256,0.05421741
287.3946905,0
317.6663779,0
307.5513006,0
314.6005912,0
316.4693809,0
296.5377895,0
289.4820071,0
235.5226399,0
204.5944554,0
181.6872176,0
173.6368304,0
167.6962062,0
169.2260953,0
184.1498542,0.02816672
214.2233393,0.25051026
230.0411637,0.31782375
253.2385514,0.44275595
266.1959665,0.56382632
291.391256,0.34331157
292.1721548,0.46330823
278.9664929,0.53465254
283.6996161,0.4006998
277.0312524,0.22310034
282.5771071,0.02782272
292.4055119,0
314.8790983,0
317.6503094,0
316.7266064,0
298.0240774,0
306.2969762,0
277.9321914,0
265.1280029,0
219.9696666,0
200.0856518,0
184.1081438,0
187.4185137,0
206.8637322,0
184.7916104,0.08322478
215.854128,0.05205924
260.5995226,0.0658545
281.4390089,0.13031838
287.4325588,0.12332142
309.0917502,0.0631584
335.1923958,0.10650541
342.9050387,0.0794124
343.4518827,0.1902621
351.585744,0.12164915
341.1400946,0.03207456
329.7691518,0
341.2448214,0
326.0965179,0
345.3458839,0
353.2090135,0
349.2362292,0
350.1462917,0
301.3459583,0
280.0546711,0
235.7205357,0
222.880007,0
217.6786905,0
221.5376279,0
217.6966059,0.00538446
234.6524613,0.01253364
261.0669435,0.03038036
281.6415089,0.04735762
330.9655626,0.05095629
351.6616066,0.0652912
354.0976726,0.11101224
357.70125,0.05555944
327.2495863,0.044849
334.6038971,0.05479447
338.1027754,0.04227932
323.6469125,0
312.4119583,0
307.1170714,0
290.8065135,0
327.1912143,0
320.4365144,0
296.2547307,0
262.2615327,0
240.4287381,0
216.8875567,0
197.7532976,0
202.79425,0
216.1285857,0
202.1869297,0.00809604
217.6017032,0.0233103
208.1283304,0.12771473
229.0882708,0.05975194
231.788631,0.18149268
262.9503285,0.05594085
252.6286161,0.07011408
264.9126035,0.14289072
271.6743363,0.0266514
275.1253125,0.0631971
258.7077062,0.02316496
280.3715655,0
259.8692496,0
250.9391828,0
261.599598,0
260.5149405,0
281.5369459,0
267.3902679,0
231.8842861,0
208.2865625,0
185.1461042,0
174.8793987,0
176.2067262,0
162.8342815,0
185.5603929,0.00526578
192.8881667,0.01225672
182.5890145,0.0244412
185.7490364,0.04001494
206.3435796,0.07386755
216.573997,0.1711142
230.337133,0.0782127
216.1645446,0.1265705
222.1044583,0.0264192
225.055686,0.0266127
233.3592678,0.02045252
224.3033991,0
224.3688706,0
252.3420387,0
251.6830596,0
245.3651934,0
259.1795851,0
265.0740852,0
225.278392,0
185.0078185,0
177.4012798,0
160.5566938,0
154.4656356,0
157.2289272,0
169.8813436,0.10024117
213.8541941,0.0132741
219.1608512,0.04149113
203.8493839,0.066048
247.3287117,0.14780304
252.1327352,0.08538037
273.2497668,0.06352992
272.1950298,0.11410179
232.6271369,0.044376
237.6108049,0.0267159
249.6654405,0.00981948
251.5664966,0
277.3579182,0
270.8895396,0
264.677328,0
230.6507709,0
256.6859039,0
229.8573785,0
216.5367381,0
185.7632523,0
154.756994,0
139.9142708,0
145.8384525,0
149.3888006,0
161.3824694,0.00800703
181.4304137,0.0301903
175.476253,0.0620662
184.2709941,0.09216792
180.1643176,0.08942237
192.0988839,0.31607709
214.6470804,0.27079164
270.2753057,0.18318258
216.3334864,0.1061928
204.85425,0.06646725
226.4559724,0.00977218
220.6895179,0
213.1265357,0
209.568372,0
216.9781,0
232.8201935,0
238.3315795,0
218.4008661,0
201.5032777,0
191.8345476,0
156.5279792,0
153.7678827,0
155.9136351,0
159.2063601,0
168.5850184,0.11189589
172.4587552,0.30744441
176.5022252,0.49008648
210.3974089,0.63818364
224.7657619,0.7462564
242.0748937,0.78144631
232.8451964,0.75146284
229.0915766,0.66762273
218.5381997,0.52106411
197.736128,0.33660744
206.2689286,0.1394748
223.3340007,0
218.4733066,0
207.3716362,0
219.1200958,0
203.2232588,0
218.1827917,0
221.6708753,0
211.1375259,0
192.3881012,0
170.4450619,0
179.1038333,0
166.5603631,0
162.6668683,0
167.7661042,0.0087462
167.7864926,0.16726656
161.4324039,0.46493105
160.8231369,0.60481478
189.7991319,0.7021728
200.9714321,0.7330167
209.892622,0.65763555
214.2291726,0.36824125
215.8089334,0.12575995
218.7935469,0.0782901
224.6717202,0.11091291
218.5642262,0
235.5273784,0
219.5294732,0
203.2884851,0
208.3129973,0
207.3950042,0
202.8000766,0
198.5938869,0
192.0222262,0
189.0928624,0
172.984064,0
170.305756,0
156.3805234,0
161.2494668,0.08650224
163.8718542,0.2699325
167.8409286,0.24470268
182.9044774,0.52740618
177.3505697,0.17147196
207.3053095,0.54173808
193.7953631,0.24119775
193.2121905,0.19766412
181.159232,0.26921268
179.337625,0.29263048
186.6862155,0.0124313
201.3485671,0
190.3230265,0
213.5854054,0
208.6718155,0
212.5911762,0
219.0141717,0
219.319997,0
208.4140238,0
185.391957,0
163.0945671,0
161.9855863,0
160.5669575,0
153.7864572,0
150.984375,0.01426224
138.8442389,0.0996912
151.5083149,0.06754956
169.7531602,0.3409728
170.5665573,0.24128848
194.8630387,0.46283652
205.2458113,0.64960659
199.8323852,0.5731126
191.291013,0.1390706
199.9311637,0.28993782
213.6537904,0.0525159
219.1801195,0
225.6205498,0
220.5807143,0
214.2125804,0
217.9405655,0
232.9477748,0
207.2244587,0
199.7276564,0
210.3649717,0
178.6077857,0
170.4746756,0
159.877932,0
165.274866,0
159.6230685,0.05550741
166.6055625,0.04831695
187.4206042,0.043817
177.648881,0.05769654
186.3615566,0.13012617
195.0360929,0.06456278
206.4506951,0.11691098
235.1644829,0.07590489
248.3752322,0.06637308
238.2419703,0.02712655
258.0035239,0.01053672
260.3448021,0
281.6499526,0
274.8775625,0
302.218334,0
296.2071899,0
311.0003405,0
307.6119512,0
261.1637224,0
230.4264545,0
230.7031548,0
207.7348214,0
204.5160548,0
196.899746,0
204.0432286,0.00968231
248.1835923,0.08437632
306.3816982,0.1087728
298.2127679,0.25138617
294.1484018,0.31748706
341.5928536,0.11446256
324.7885976,0.1972754
321.8855242,0.17274906
328.6916964,0.19630575
354.6400516,0.06549975
324.9137394,0.04289852
335.3083303,0
353.1551434,0
369.3744178,0
382.4077573,0
385.2658541,0
398.7018125,0
364.3114711,0
338.7704242,0
297.1131667,0
262.8492619,0
248.0792213,0
236.5684414,0
224.2072173,0
242.0987143,0.00956879
255.862628,0.0260064
291.5641509,0.21802032
307.9133155,0.21162364
304.0719315,0.26244706
354.071472,0.73157749
351.6511166,0.70757016
367.6856233,0.18015624
391.0880202,0.30344154
373.2462491,0.07136624
364.471256,0.12850593
375.4461161,0
429.799041,0
435.1723766,0
409.3636072,0
411.6017768,0
425.3779664,0
398.3212695,0
382.1219512,0
316.410247,0
290.8147381,0
264.6989333,0
260.2237656,0
250.1836518,0
274.7659375,0.11695355
309.0482119,0.13940643
352.8262545,0.19756694
365.0484565,0.44648448
359.0839583,0.51758455
370.4569665,0.5854364
362.889114,0.51283434
377.8265154,0.63897312
371.341247,0.4999395
363.4816901,0.32511053
356.14875,0.13637364
359.9170685,0
358.7518221,0
352.2819226,0
386.2547113,0
362.9361459,0
337.4806488,0
307.3579031,0
277.252994,0
232.1182809,0
221.1103435,0
205.7717973,0
205.1822564,0
215.8360549,0
219.3546774,0.12007793
224.2666464,0.30772606
255.2146378,0.48114506
284.7928304,0.62232352
336.0677767,0.7045335
333.1570712,0.7289317
309.6469536,0.6964968
320.5263928,0.61199535
315.5126905,0.32569404
303.1028028,0.12769151
299.7241184,0.12826814
276.7618541,0
305.1366487,0
295.7801786,0
315.7128423,0
306.5182224,0
301.8148661,0
281.3560863,0
230.5837232,0
233.4457977,0
197.891955,0
190.8317057,0
188.0882278,0
180.1621399,0
194.6328774,0.12156315
237.9281232,0.3043841
231.2231488,0.4775064
253.4873667,0.61570625
268.8291486,0.7064814
273.3110179,0.73632598
290.0801369,0.7051742
259.4287976,0.61881816
268.0487951,0.47994536
273.8353184,0.3110749
292.647494,0.1303932
264.5407444,0
266.8570584,0
299.9087976,0
278.6320148,0
271.0511211,0
278.3635167,0
293.7042797,0
249.7516756,0
225.2665268,0
188.1901766,0
182.6063419,0
171.2679345,0
173.3802738,0
171.5366729,0.12880736
180.9948802,0.04260354
203.7123482,0.10765308
235.3088672,0.24990912
232.2057589,0.0920716
250.1642024,0.1392512
240.5917649,0.11254863
290.4565118,0.05865716
287.612247,0.15980692
277.5288945,0.02819424
281.1274869,0.0106038
273.6294858,0
254.7280804,0
277.0077619,0
305.456964,0
295.8208541,0
283.1813215,0
281.7919078,0
274.6589057,0
235.4906875,0
222.6344285,0
205.1180744,0
209.4017536,0
193.66912,0
203.3536458,0.0624876
201.8478006,0.0945785
233.5833641,0.06061452
232.197372,0.0596367
232.4972531,0.06936072
267.4839703,0.1154894
256.613377,0.10487958
269.1802976,0.1023615
269.7129394,0.10156944
268.9136458,0.0713456
266.2560338,0.01874628
273.3912083,0
275.5606673,0
285.1115598,0
291.8072411,0
299.0817577,0
302.5918125,0
303.1856399,0
296.8404504,0
235.8180197,0
228.5817294,0
204.7134137,0
198.02311,0
184.1875536,0
213.2378555,0.02217725
220.6217232,0.05749315
253.0049583,0.08209947
263.3175232,0.05991276
284.086247,0.1160742
294.0280928,0.06676524
279.691744,0.0578952
261.2745249,0.1927948
277.6209375,0.04732236
282.2278381,0.1254396
298.0702792,0.01142596
287.0444978,0.00087978
304.7188708,0
304.4593334,0
304.9765274,0
317.467448,0
305.3099881,0
265.2963482,0
247.9969851,0
214.8655411,0
195.8479196,0
188.9347679,0
178.8031875,0
174.3368661,0.00175268
189.3645121,0.04720626
236.8800804,0.04990236
249.0511613,0.04658276
260.5055089,0.0590605
280.9154673,0.176386
282.5304465,0.12599301
288.5825387,0.06516736
281.6921143,0.15931801
289.817822,0.1712217
272.0180995,0.10965
278.491214,0.0369327
280.6043363,0.00264966
288.687128,0
317.5207887,0
328.90605,0
312.0969554,0
276.7051994,0
274.0006707,0
248.5717702,0
221.8656131,0
194.7997232,0
184.5884631,0
184.8884952,0
180.4723393,0.00354148
201.8311744,0.14830872
210.050125,0.16900032
250.6732708,0.26767715
255.1211936,0.52389738
286.6808288,0.78696794
292.6118333,0.81321213
279.9221098,0.77398968
314.3260432,0.67670304
278.5744444,0.52512976
307.4056463,0.34056172
306.6671614,0.14663602
307.7817658,0.00352084
340.8198044,0
329.1675065,0
345.259256,0
320.2238006,0
336.01327,0
304.3781072,0
269.3172267,0
231.5350327,0
212.6402137,0
215.7024739,0
201.8652113,0
193.5575804,0.00437095
206.0372381,0.1398446
232.9289107,0.3275697
254.0989012,0.50102052
278.2348244,0.63856032
327.9924171,0.73652378
326.3807863,0.76357809
326.7259315,0.54617654
327.9295097,0.31944012
337.0564167,0.27031004
341.0033274,0.17450174
361.1703541,0.0745147
331.7480178,0.00347612
315.1839965,0
319.1124021,0
316.6696587,0
336.9471723,0
344.4568951,0
341.6980874,0
298.1505834,0
284.1954428,0
242.8265595,0
237.2405833,0
226.8052589,0
213.7748839,0.00347784
232.873628,0.1331022
246.4243006,0.31632176
285.3767214,0.48957693
314.2261911,0.62684798
340.1926803,0.71313436
349.7647696,0.73923794
340.1486746,0.7016654
348.5320771,0.61098528
326.8634762,0.32849334
355.6888651,0.30270495
344.9143373,0.1244506
349.6283,0.00258903
310.2264108,0
331.5040835,0
303.9985911,0
329.7410684,0
337.8283453,0
323.4156369,0
320.8689137,0
277.5640833,0
247.8336488,0
236.8428053,0
225.8807131,0
219.5961934,0.00435375
214.5695892,0.13762881
222.7685893,0.10178444
220.2557595,0.31280436
227.5536018,0.26441603
243.1255268,0.2362291
289.0503125,0.55864568
298.9738702,0.18350508
307.9622972,0.24817364
315.2340694,0.06698153
284.0351249,0.32685375
291.0703184,0.05592064
310.1720986,0.00350708
286.2474532,0
291.3858929,0
304.6387768,0
325.834484,0
332.505803,0
334.4337308,0
313.5958155,0
287.2731339,0
254.2117184,0
235.7479464,0
216.3539167,0
213.7591101,0.00264837
228.7406607,0.00791802
226.7770685,0.0613137
231.5636726,0.34375318
255.1387893,0.47148038
241.6203364,0.5035386
247.4939196,0.60278045
295.7104494,0.42151266
291.1476155,0.37591761
280.519727,0.23921975
294.7359674,0.05403982
294.6637687,0.02446528
293.9831832,0.00175096
309.1011266,0
319.8692081,0
336.1013125,0
352.0004167,0
379.1574792,0
369.6845929,0
310.4610833,0
270.8504254,0
263.4717113,0
242.59118,0
235.6219989,0
224.2739762,0.0017587
230.7748172,0.01317735
278.514763,0.05529069
310.6452956,0.50652452
323.9755399,0.64697972
359.1921088,0.2747657
381.7005184,0.20913695
381.6951327,0.16459024
399.3334613,0.24625154
407.8089673,0.2370762
361.9485774,0.12939087
366.3144329,0.02913207
375.4891636,0.00265353
378.0262952,0
382.309015,0
412.0510328,0
411.606533,0
408.7059643,0
406.5384578,0
355.3658869,0
318.1770795,0
284.3128214,0
270.2198935,0
254.9302697,0
242.0598614,0.00178622
252.1294881,0.01338375
281.031009,0.1024604
331.8954018,0.080109
342.2996548,0.0621866
365.9151202,0.06745152
388.8521361,0.12229974
416.3668482,0.0779504
416.3549643,0.1603298
444.0908839,0.0655492
443.8941548,0.1603298
409.4171488,0.01240722
399.2850135,0.00177332
392.0553942,0
418.8199264,0
446.0432142,0
450.4997104,0
453.1014167,0
436.096706,0
400.219694,0
346.9020744,0
314.4657018,0
295.918747,0
277.2870149,0
284.8269583,0.00616749
287.4204364,0.05786682
316.3036976,0.03844544
374.1226997,0.048762
358.0286556,0.05990373
389.0627701,0.13503204
410.1720476,0.16923424
388.0064047,0.25950715
385.5796131,0.21478242
426.9180298,0.1365594
431.4772667,0.04594464
423.3806725,0.01217846
399.4013723,0.0017458
413.9206053,0
419.5997124,0
449.9466,0
452.4838453,0
458.287129,0
474.6274613,0
418.7197709,0
373.8375952,0
348.0881476,0
339.3480149,0
311.2340328,0
300.6926306,0.00613739
309.160125,0.0647537
304.7883691,0.13281152
351.9303482,0.1831284
340.8078334,0.17153775
377.4643839,0.18615646
405.2985625,0.09747584
388.4811637,0.08982012
389.8856786,0.1064938
439.5546024,0.131064
464.4276128,0.16005546
416.4951577,0.0306418
380.8283124,0.00262773
401.016812,0
402.9572768,0
444.0302679,0
451.2945887,0
466.3751191,0
453.1321756,0
410.3433012,0
373.9956399,0
336.4458572,0
312.4790445,0
293.1624344,0
278.8167322,0.01131416
274.0998661,0.1256976
315.6400226,0.20194434
352.8067768,0.47166786
351.2499139,0.5724633
373.1102,0.7272246
356.3144433,0.57414976
410.6734936,0.60779124
400.1058539,0.487749
407.9772417,0.49326375
409.0331407,0.32368336
427.8725298,0.04756015
384.547003,0.00347268
372.1338119,0
365.2952214,0
370.4814492,0
362.4890564,0
397.2841114,0
394.0694417,0
372.2317488,0
330.8772601,0
313.0551488,0
293.6011851,0
271.9304111,0
253.5862262,0.008772
252.7962559,0.17134124
268.4708185,0.09921648
263.6209652,0.12390235
277.3236726,0.16327143
289.4822659,0.32087976
285.5370887,0.24756046
282.1286726,0.56497098
291.7713721,0.2208351
272.5767923,0.27287542
272.1009137,0.35579232
255.0987345,0.1627593
266.9584835,0.0096492
271.7223309,0
286.4137042,0
304.6609219,0
323.256625,0
325.324247,0
320.3394821,0
310.6732619,0
299.3948423,0
261.4006661,0
250.4033839,0
237.566129,0
228.6494144,0.02095992
230.5261877,0.186749
244.6089167,0.3794277
252.2648737,0.5547
282.2478363,0.69073394
255.1664107,0.78770367
276.1957589,0.60748551
290.1961994,0.18550028
295.7612708,0.12059307
307.0478959,0.21853245
294.4826756,0.11346324
329.1800442,0.09234207
307.4548299,0.0086731
328.7250804,0
331.9648756,0
358.7641197,0
371.7159614,0
367.1050869,0
368.5403422,0
320.0598065,0
290.4471726,0
263.2449465,0
250.89125,0
236.950032,0
235.0163687,0.01648706
250.7160633,0.172602
289.40894,0.27722444
305.86516,0.37337717
348.1189296,0.32880638
353.9459137,0.48735942
399.0810625,0.77229032
393.7455237,0.7325738
393.9675569,0.57729048
378.2092886,0.49227475
365.2207991,0.12273404
380.3924566,0.04906902
368.0709345,0.00431505
390.8443631,0
386.9886369,0
402.0218333,0
430.0152292,0
429.6230583,0
407.0525298,0
370.0696615,0
330.2464751,0
297.1979303,0
273.0250206,0
258.9925029,0
263.1215417,0.017286
263.8068899,0.17449271
306.5472782,0.359394
344.561277,0.52643094
351.1007203,0.6578355
381.2371798,0.75175911
406.0918541,0.7742494
390.2933839,0.7373511
405.6748154,0.64392801
432.2011881,0.50071479
419.4292679,0.32743296
402.2592351,0.14211758
414.8223184,0.00515484
411.8619845,0
397.2314778,0
408.8605029,0
426.3277798,0
423.2141119,0
390.0006459,0
375.0996012,0
329.7075804,0
299.4121994,0
278.4554527,0
264.3623423,0
253.799771,0.01809612
257.4981369,0.1732857
257.5969709,0.31682658
289.8746024,0.36894774
288.4294881,0.5794164
307.9664233,0.72110914
328.0282529,0.74571116
318.0712398,0.7136194
306.1330315,0.6303327
301.3857738,0.26910432
307.3115858,0.15008892
290.9241047,0.11329339
308.1072679,0.00770904
345.0037661,0
325.2439183,0
329.4289152,0
315.2233898,0
328.9210484,0
334.3643601,0
298.7419554,0
245.012622,0
217.2082172,0
224.9764346,0
200.8616577,0
206.2266185,0.02496494
209.4730387,0.18644886
229.3005982,0.36799056
269.1977627,0.53270722
281.192428,0.66372736
316.9420566,0.74949
315.0045982,0.76978944
298.3063393,0.731731
301.1850625,0.64035342
303.7194375,0.32838455
311.2352083,0.32462936
305.6072589,0.04630928
299.8697768,0.00437955
291.7596884,0
278.7434007,0
289.2667233,0
304.2958125,0
285.7245209,0
265.7950476,0
245.5642113,0
221.4613417,0
207.391497,0
195.1653216,0
176.3390142,0
173.0832857,0.0104748
189.5244375,0.17902018
202.9903255,0.1201377
216.0256637,0.1116882
231.1903185,0.51153402
251.0004107,0.5276014
286.0104327,0.3201264
244.8738793,0.14766415
263.0108856,0.05842152
285.7335406,0.08933293
301.561931,0.0305816
294.0944851,0.0131709
280.4591191,0.00351912
270.0974643,0
255.106547,0
279.7521047,0
290.9348512,0
292.1205701,0
250.729,0
247.756978,0
219.3788333,0
206.445994,0
193.0886089,0
187.9381548,0
184.2149702,0.00617953
183.5737512,0.19049688
180.1703413,0.08189952
206.7265161,0.16779159
196.9156512,0.18578408
222.7274077,0.35946882
243.1116845,0.23492577
246.5334316,0.44583217
263.9826785,0.29751227
241.6031488,0.2286998
248.0999613,0.20018951
264.6092901,0.05430642
264.5740809,0.00789867
252.8358572,0
261.5777928,0
270.4239226,0
275.5142143,0
296.266372,0
281.7265595,0
253.934325,0
237.7172143,0
197.4966637,0
188.9659607,0
178.616635,0
174.9968515,0.02436896
183.6258489,0.18811296
170.9574773,0.27271116
199.9379028,0.14863122
189.6204055,0.38650249
196.7272262,0.4201487
230.4643304,0.1796067
233.2496994,0.06335362
234.9518095,0.0583338
250.2279051,0.26574
287.2058985,0.16569792
286.8842767,0.01299675
278.693866,0.0017372
294.1323184,0
296.3815952,0
293.9771072,0
326.7555494,0
320.0877173,0
311.1488334,0
297.0074465,0
252.7613853,0
218.5587167,0
218.7279425,0
204.6581071,0
195.6939702,0.02876313
209.6054673,0.19533825
229.7801816,0.25682481
268.3854613,0.2603693
275.5056994,0.53975922
297.5597202,0.44700951
320.4806548,0.54569408
300.2834314,0.58802758
278.8222056,0.1863792
282.7891994,0.199778
274.9159714,0.2594835
291.1477053,0.1568898
289.4430268,0.00436235
284.5012321,0
274.4885982,0
296.6550363,0
315.187757,0
310.2898264,0
297.2070476,0
255.4952232,0
225.7701738,0
198.7854435,0
195.6132625,0
184.6129316,0
185.3233155,0.00614943
195.5429071,0.0394353
226.0950674,0.11976403
233.1892152,0.06365892
248.1084375,0.12439427
260.4937917,0.1068378
268.7665685,0.16573834
262.036375,0.35317018
279.0119798,0.31427754
288.0990655,0.3740527
275.9008839,0.04968177
262.6722202,0.01835799
282.27068,0.00263031
281.3941983,0
298.3861994,0
312.453131,0
296.8583601,0
294.4649077,0
271.0488958,0
251.9683392,0
218.8019941,0
213.9004077,0
187.8042124,0
169.1537768,0
170.0328869,0.0034916
178.4718958,0.01480275
221.800119,0.04523428
238.2649703,0.19813884
250.7082083,0.05996307
263.2651036,0.17128362
277.6292292,0.0782127
293.2111803,0.12427129
302.3097967,0.264708
291.2465149,0.0593572
306.9277917,0.06822036
290.0630238,0.02364957
303.1696607,0.00526062
295.6861712,0
295.6364881,0
288.009875,0
310.7360982,0
318.6285495,0
306.0317491,0
271.9248821,0
231.5705506,0
206.9220357,0
193.2595119,0
195.3966637,0
179.7792649,0.0149124
203.1863839,0.04720626
231.1775444,0.296055
251.614503,0.5813858
256.1723018,0.71894796
278.5676577,0.83190681
302.7394435,0.47810754
303.481992,0.66796974
314.1737784,0.73047024
302.9226957,0.5782167
295.7653912,0.39144104
287.4679732,0.1902234
268.8957678,0.02179025
283.048228,0
282.2124936,0
308.3229018,0
317.4903309,0
323.4704137,0
290.2893898,0
264.5217452,0
231.3409821,0
204.0209542,0
202.1098974,0
195.362938,0
192.3090268,0.0476784
196.5675237,0.22329685
202.5971631,0.41499128
242.7770365,0.58356203
266.7801339,0.71248936
297.9696517,0.80546138
307.6203477,0.53131875
308.8517411,0.69028932
288.8099659,0.6845256
303.6591393,0.53831872
304.6453422,0.36074248
274.8212708,0.00943162
259.8600372,0.01549548
261.4114256,0
258.7437083,0
252.5869631,0
274.8956756,0
265.5757603,0
279.383753,0
253.8432797,0
225.4273059,0
202.9212262,0
194.7385346,0
191.6944703,0
180.8241786,0.01204
170.6705982,0.0480396
169.1741116,0.14740228
202.6216272,0.16728075
213.9223679,0.53299188
212.1392976,0.5450078
249.9228019,0.74911375
232.2200417,0.36226984
241.0183571,0.20889572
242.2486726,0.1673646
240.0918065,0.0343484
252.3185778,0.04980518
239.1680242,0.0085914
246.3775717,0
229.6175559,0
236.1871498,0
252.2344616,0
243.7254132,0
254.2183491,0
221.6283065,0
220.4733964,0
191.7286782,0
180.6675447,0
192.4271286,0
170.7224048,0.02857866
176.9020121,0.2029084
170.6788929,0.20543723
184.2520506,0.11906184
193.4782381,0.1737071
190.3885952,0.3208875
225.2458147,0.4757692
234.5150566,0.52533487
250.8671637,0.23540436
276.7850238,0.31171173
287.0206131,0.26837246
302.1211778,0.09703423
274.3448304,0.01120795
280.9565899,0
311.6192857,0
314.2934108,0
333.3983136,0
338.000878,0
354.8133173,0
307.2730941,0
263.7104363,0
252.5920477,0
240.3984791,0
229.4579088,0
227.0543214,0.03797244
226.0601935,0.20791188
260.125767,0.39210754
312.0247887,0.15542436
340.9020208,0.20539466
352.0363542,0.34174422
382.4707693,0.51810356
372.6064229,0.53086209
357.3608409,0.15748062
366.7447777,0.24082064
394.0836577,0.2042328
392.3983555,0.0128097
368.801613,0.01027872
389.0169024,0
389.102994,0
380.1470786,0
415.1411458,0
432.7015565,0
421.2943863,0
366.3984453,0
331.0765052,0
309.2821399,0
283.0895213,0
277.0201815,0
254.8229971,0.04195037
256.7510053,0.20699469
319.1689286,0.38477862
330.8020734,0.54328608
351.5845387,0.66311504
386.4555714,0.75869157
397.5809,0.67310265
391.458909,0.67921596
390.4646667,0.1738318
378.803613,0.076239
381.0990127,0.03051108
369.2543209,0.01359488
381.1842768,0.00341592
366.6433738,0
364.1770667,0
367.5092355,0
393.9933731,0
409.5018933,0
399.2742595,0
354.1580596,0
323.1440506,0
299.5578334,0
269.4410178,0
255.9920923,0
245.2784912,0.04355298
251.2633037,0.2083823
288.3055128,0.3888189
326.5327673,0.54753534
361.5898422,0.66900045
395.6439791,0.74786976
403.2707263,0.76727824
413.821253,0.73088433
389.1575279,0.63493112
372.2281947,0.50109792
368.9764584,0.336948
363.557919,0.15732066
351.8527887,0.01360176
352.5877143,0
380.8303226,0
358.4025386,0
394.9151833,0
417.2724769,0
404.216375,0
375.8347239,0
351.7079642,0
335.8060701,0
291.4765297,0
275.0721369,0
266.0528364,0.04867686
280.3726815,0.21655875
306.7673077,0.39797145
359.9950982,0.56073204
388.4409256,0.46332672
432.3220572,0.76057712
415.0152322,0.78362856
436.8249345,0.75014016
438.6564137,0.64833336
432.7485983,0.51704576
429.7701726,0.35211066
424.783503,0.17187401
406.2021221,0.0204336
399.3477142,0
418.7559901,0
445.4229564,0
474.063728,0
447.1707352,0
442.7427262,0
393.815309,0
377.0706548,0
330.7597619,0
310.8865488,0
294.8873535,0
277.8920917,0.05910264
273.6645196,0.23546112
319.632372,0.424195
345.5633524,0.590562
341.2104733,0.6119932
374.1063274,0.6548685
407.6619673,0.75683784
382.9065446,0.78322608
382.5544464,0.68818662
394.0406352,0.54642336
422.6980488,0.28600074
423.425003,0.1527876
385.0391816,0.02133875
354.9461726,0
341.4024972,0
359.3814017,0
368.8080982,0
405.3005804,0
398.7423839,0
363.0405633,0
342.4968006,0
302.1966399,0
284.9420893,0
272.187256,0
266.3307084,0.04564837
266.8186191,0.21650328
276.3805994,0.3961891
291.5844127,0.44169342
320.8448344,0.49526454
326.1954762,0.57127392
316.4318488,0.80549664
344.914394,0.45163674
346.5264256,0.6010884
349.7167321,0.52808128
356.244131,0.35322651
351.3767535,0.16968402
359.2349196,0.01802388
338.606253,0
340.5449774,0
359.1281697,0
365.9139494,0
408.3135922,0
401.2879988,0
391.0181964,0
369.7923368,0
333.9218909,0
314.9663482,0
295.3557054,0
276.4614405,0.03023545
272.8505797,0.13117752
265.5045089,0.2843676
273.3597411,0.33487454
311.2139398,0.20832812
326.0320149,0.20240315
335.1202263,0.31194264
350.2933051,0.23783472
373.2655714,0.58539985
376.2731494,0.47653116
390.1084573,0.2620936
399.3967427,0.16043988
360.2258989,0.0129516
359.5266667,0
379.2884059,0
397.2173184,0
450.0281518,0
457.8520774,0
449.1426897,0
407.8790219,0
370.4653863,0
336.2787589,0
318.2069553,0
293.0840804,0
290.0124732,0.05916198
301.4454726,0.23006763
310.2705339,0.39820623
342.0454799,0.49516306
346.828375,0.13799646
352.3281315,0.60650296
373.5237291,0.59347224
343.2903096,0.2970354
351.5876042,0.38553284
358.9091786,0.2284719
327.5738333,0.35307988
321.463431,0.171656
348.5999828,0.0171914
330.1674629,0
348.0844818,0
350.5851851,0
323.0209583,0
358.1649316,0
330.8071488,0
282.6203869,0
260.1220864,0
235.5363929,0
223.432697,0
213.9337887,0
204.2162738,0.06167232
227.9382946,0.2338727
248.553881,0.4167646
289.91125,0.5785693
280.4182105,0.7009516
296.9375499,0.76649607
325.2988661,0.78384614
311.6145289,0.52031892
313.3716537,0.30662268
300.8992268,0.10551125
297.1148125,0.34188096
311.8101697,0.05856858
272.7786408,0.01618477
297.2369733,0
310.6348809,0
309.1182142,0
307.1465868,0
306.8040595,0
277.184631,0
254.8673223,0
229.1412172,0
193.4713185,0
190.6091994,0
179.0219106,0
177.0587202,0.06057152
196.5355089,0.23026328
220.5346664,0.4104264
234.520462,0.5694705
287.7327242,0.68954886
262.2614961,0.77211144
291.9937066,0.45647295
318.6868691,0.42854746
295.928631,0.12914577
295.3889518,0.06265358
311.2341487,0.07392216
299.97556,0.10743894
287.5201295,0.01541034
293.8145774,0
318.9855208,0
294.3650399,0
305.8783304,0
302.1667744,0
302.0893869,0
271.716625,0
219.0406072,0
208.5612887,0
201.048744,0
201.025874,0
181.0753238,0.0225836
202.5617381,0.0191565
229.3586875,0.03751621
273.7560835,0.05322067
286.475703,0.06359614
287.5223988,0.10264702
268.6255208,0.16092965
295.1523422,0.1828575
302.0457414,0.10377276
314.8136554,0.0480095
329.8479851,0.0654675
340.631166,0.0139664
303.3530731,0.0034916
305.818506,0
316.0580417,0
305.5649047,0
336.7302516,0
334.7664673,0
314.6811367,0
299.6454934,0
256.3354465,0
239.0076965,0
216.3181518,0
213.276503,0
202.2572051,0.00521418
209.0679641,0.0130161
243.8003065,0.02253888
291.3896071,0.05374656
303.984631,0.06154848
330.8980922,0.06498375
346.0025706,0.10738648
350.4305852,0.22441055
371.6912887,0.1189982
362.6845265,0.11418091
366.7569134,0.09344631
360.2914976,0.0174752
323.3353595,0.00349676
307.2984107,0
320.5651845,0
332.0279822,0
338.3257144,0
331.8500298,0
367.8914764,0
342.5153965,0
306.473244,0
276.771006,0
259.1625857,0
241.0378899,0
241.289125,0.07154254
242.9073118,0.07571784
249.0380536,0.11459844
257.8856458,0.38605314
244.0638974,0.65642338
258.357538,0.53002488
297.5981555,0.69281342
301.1319374,0.80541709
299.6422101,0.7095
334.782368,0.5684514
312.8368605,0.28551398
316.4830928,0.19725648
312.4005643,0.0312696
306.2482569,0
299.6062041,0
330.8973661,0
356.1260381,0
358.126247,0
339.3758729,0
329.8871786,0
303.9948542,0
278.2757351,0
270.7962318,0
251.866134,0
237.9785985,0.0155574
236.7071744,0.05431545
241.6756482,0.15917955
245.6975178,0.14340457
260.861622,0.22046745
265.9584666,0.19967867
303.6012648,0.30493536
307.4841026,0.06341726
324.8294821,0.05916198
327.7656921,0.12775558
342.3624251,0.26263368
346.4416697,0.09378687
330.0979881,0.01810515
311.9362054,0
337.464747,0
349.5138286,0
374.9449992,0
401.5942827,0
379.0919863,0
366.9330661,0
327.2975655,0
306.7317667,0
278.9322143,0
274.5179811,0
250.5638512,0.07145138
261.4557208,0.24522212
305.7042656,0.42912968
353.1510709,0.46689185
366.1055974,0.59117002
413.8978452,0.7052344
436.9678856,0.69058946
417.6125328,0.55258182
417.9608876,0.38680005
374.1940956,0.45300672
391.6948929,0.0753016
396.8334905,0.02832324
409.5971339,0.00774387
394.6445685,0
401.8674614,0
405.8275625,0
425.6332272,0
422.0398482,0
414.0227202,0
364.9724494,0
333.0711815,0
307.8163887,0
278.6892447,0
266.0328958,0
252.0451347,0.00692472
268.3086,0.02159675
296.4901906,0.08802702
324.7903721,0.10437218
306.8640237,0.12230318
326.8011482,0.10664
346.9581667,0.08337829
340.5006571,0.06281139
345.1584673,0.0904806
344.1031875,0.04837672
327.7672738,0.12043655
331.397,0.11454168
306.9456835,0.00955933
333.6375436,0
322.2704077,0
329.1333512,0
324.6684822,0
324.6638532,0
304.0898363,0
282.9736191,0
247.1990655,0
238.2781815,0
218.6183673,0
199.0405989,0
189.7549018,0.00612234
200.9181095,0.03846436
220.8073393,0.04718304
268.4789315,0.16140695
283.7634226,0.09239066
299.8222202,0.08014856
294.3757827,0.152306
317.0665446,0.1652791
316.6188435,0.17571778
313.1432648,0.06179272
307.3788401,0.04619533
290.3394677,0.03056655
288.3342785,0.00612535
288.3540948,0
300.1626203,0
307.8638739,0
285.1765738,0
309.4996845,0
320.6657976,0
288.2055625,0
239.0768247,0
217.159381,0
209.2314305,0
200.3349433,0
195.4249619,0.00608321
204.5983963,0.026058
237.673475,0.04080399
285.216141,0.05295837
291.0959359,0.0607117
315.53515,0.55886025
346.2824166,0.07094312
344.6434756,0.10625601
373.3695155,0.17363787
379.8452134,0.08301408
364.2027674,0.27452834
352.0558853,0.05550784
333.6018135,0.0165034
338.5947561,0
347.2272271,0
365.4844851,0
376.0654673,0
389.8032083,0
352.1472567,0
343.5317785,0
304.9875863,0
302.4254464,0
265.9866637,0
238.4345893,0
235.8193452,0.01819545
236.8201114,0.01990857
276.7245586,0.06133477
308.8933556,0.05261738
372.0987666,0.11977908
400.4896188,0.23340959
402.9873411,0.21629172
401.5844375,0.20367036
411.2661726,0.34416254
448.3049941,0.10911852
428.8636268,0.043387
410.3123964,0.0373498
368.4516894,0.00956406
349.502247,0
359.7502113,0
383.2110212,0
394.4000714,0
411.1435209,0
418.2351667,0
378.0318125,0
333.8979732,0
316.0597727,0
294.6307492,0
281.5282292,0
263.7372592,0.01818642
277.892622,0.1054446
293.5448176,0.20539638
304.3445506,0.43538575
302.2415324,0.19379025
307.8182798,0.12291851
317.0724606,0.39586531
335.8958541,0.30554768
360.3091726,0.23356912
336.7183822,0.22520734
335.8063562,0.08350342
339.9906161,0.06296834
321.9966042,0.0311148
321.8075062,0
347.0137036,0
390.3374642,0
369.7611994,0
392.9541589,0
394.5053304,0
382.629991,0
328.999753,0
301.8180857,0
286.0853988,0
279.0411902,0
272.1400203,0.08251872
265.8790468,0.15168723
255.5058572,0.38533891
264.6324274,0.36135824
284.2277065,0.35570546
285.2551786,0.46926072
309.4758512,0.53811963
325.0082573,0.28252204
339.7712233,0.37395337
335.8173522,0.2407011
332.6678213,0.2866595
347.2772274,0.07974006
330.4279528,0.01891054
342.470428,0
373.7803531,0
386.7438066,0
446.7888869,0
461.5017649,0
442.1226706,0
403.1140099,0
366.2026564,0
327.7542684,0
299.1731618,0
291.9483036,0
280.8446399,0.07966008
321.5430209,0.2519241
349.3239077,0.429957
364.8452482,0.5899299
392.8464697,0.7157995
389.9939035,0.78789416
425.5908673,0.80820564
404.8986195,0.7722843
410.0280353,0.66311504
415.5115477,0.52801119
387.9552143,0.28138641
400.452744,0.10658625
390.8454673,0.0170968
392.7277768,0
412.91184,0
402.9870557,0
429.2814754,0
435.599901,0
441.0640238,0
387.3203344,0
329.6354435,0
301.3973012,0
297.9374196,0
274.0299762,0
262.8776406,0.08450145
293.5114357,0.2571228
305.3304499,0.43459584
343.0349107,0.59321424
345.4504077,0.71663241
350.9469149,0.64324216
370.7117351,0.7986175
371.6936131,0.6350154
373.9309427,0.50289489
385.2537562,0.4095922
409.2786975,0.37084146
412.3722633,0.19268214
388.1992828,0.03577686
375.0714057,0
388.8623958,0
401.7253036,0
414.6940245,0
427.2672024,0
395.9650798,0
378.6105159,0
336.159898,0
315.4384155,0
289.5387053,0
285.2852722,0
256.4323274,0.0815366
260.5132738,0.25388748
289.4752887,0.38869678
338.5406793,0.45003843
404.5575625,0.3971265
402.2573024,0.62293842
431.0384607,0.50333392
450.859116,0.44297912
448.0848154,0.34205468
434.5571578,0.5350275
420.0439955,0.36969422
415.9004475,0.19062932
426.4426458,0.03261464
447.5877946,0
418.5581161,0
433.7997269,0
432.9305155,0
454.2718018,0
433.7130297,0
391.768991,0
362.0673155,0
323.61475,0
308.6117743,0
292.9708422,0
288.9713839,0.01972066
297.8581331,0.06736251
336.024375,0.037367
380.1357746,0.23186976
400.5205905,0.2771436
421.3193678,0.37627236
448.3106875,0.295281
464.1059167,0.38445225
496.5995487,0.24214762
447.6014026,0.21464267
420.9185084,0.10371342
406.5135383,0.0655578
397.9959945,0.02729984
387.7710119,0
395.0992918,0
409.75425,0
420.2302619,0
417.600548,0
426.4309958,0
393.2958363,0
356.6179823,0
333.8011493,0
311.9215937,0
306.8124018,0
275.9218661,0.05361111
270.3896047,0.135536
263.6180268,0.24456336
266.9805059,0.444276
303.9336806,0.59291281
307.6568268,0.34878676
302.6436421,0.2585547
318.2891016,0.35814141
316.9988369,0.31273857
320.2001976,0.15093688
310.3457768,0.22216552
317.9763423,0.1357424
312.6000999,0.01956242
311.7357484,0
324.5582231,0
329.8157144,0
340.3331152,0
374.2864603,0
351.5566012,0
336.9513482,0
319.7968197,0
294.5973785,0
280.0998768,0
254.2450893,0
266.4711744,0.00512388
249.9222529,0.01279035
258.1954177,0.0306504
268.4469375,0.04328982
267.8617083,0.0609912
267.2475,0.0762003
310.1394642,0.0940281
293.0470864,0.17018067
292.6612306,0.04905698
307.7898889,0.43790684
317.6408125,0.33494076
312.8936012,0.1677258
311.0785863,0.02376696
313.3299398,0
349.1838744,0
340.4879414,0
376.2571863,0
390.248253,0
386.1678885,0
375.5634389,0
321.9806096,0
310.1607891,0
289.2304491,0
271.5912427,0
257.9308631,0.08764991
258.9304309,0.25764912
277.2742419,0.43342022
259.2101578,0.50723316
269.7038443,0.3932866
284.182378,0.25649543
291.880488,0.48959714
300.5207847,0.25032579
318.9205387,0.21476608
322.9016607,0.2337007
318.9230238,0.31030864
327.3242381,0.15309161
337.2651911,0.04157111
349.667997,0
385.5547379,0
419.4084769,0
416.5931816,0
446.3721875,0
438.6185536,0
401.9348244,0
365.8501042,0
323.3693125,0
300.7414435,0
290.4868299,0
282.8651723,0.09096177
279.3631979,0.2642952
353.4499642,0.443373
384.2081577,0.60060981
411.3039887,0.49741024
443.3658661,0.154284
440.0301157,0.43892336
446.9993635,0.44707014
421.728486,0.33823284
410.4306756,0.50619428
410.126529,0.3444902
407.4618536,0.19711458
402.6276964,0.03806145
417.4473393,0
394.3546369,0
422.3460119,0
427.0172292,0
436.5672381,0
406.802323,0
378.3491367,0
347.3504648,0
316.103375,0
297.7121101,0
279.6798012,0
273.5802083,0.00678712
277.0895655,0.0126936
300.5775021,0.025413
352.3325208,0.0434214
377.5431838,0.0624661
382.9626601,0.0773226
380.7388423,0.08096126
359.9193542,0.07669308
356.4959696,0.05942901
367.9235663,0.0396589
337.3586756,0.02331288
330.1322614,0.07004313
321.1472797,0.02077416
333.030531,0
331.4049497,0
339.5699226,0
338.4886368,0
327.3068452,0
329.8075089,0
290.4015828,0
278.9648095,0
258.9862836,0
234.5104941,0
218.9563857,0
219.4535267,0.04674186
218.2417545,0.11316697
273.0522305,0.2113321
284.66355,0.2539537
313.6183304,0.39024478
340.4701309,0.55472666
365.8636081,0.68576572
339.1435919,0.5965046
333.3654494,0.38813692
334.5602124,0.1634
318.2136119,0.20853624
298.8107252,0.1460667
316.010122,0.0433225
348.6889031,0
336.465378,0
326.7250339,0
318.0833006,0
332.8435973,0
339.7534078,0
307.345916,0
282.6639286,0
258.6187649,0
230.0977329,0
220.5647143,0
209.3374316,0.02326644
217.1936012,0.05581615
262.4270295,0.1052511
284.2664056,0.1450304
314.1935383,0.33358024
342.9689878,0.36724752
357.1438139,0.2721728
339.5879138,0.15247757
346.2049872,0.10851007
355.9678,0.1938741
349.6098653,0.0774387
325.7945456,0.08789544
331.9341726,0.01983934
346.0486004,0
357.7814226,0
352.2114275,0
351.0391756,0
368.4375447,0
354.5936583,0
323.6966221,0
306.8353065,0
278.9533358,0
256.2175209,0
236.1675089,0
226.0788196,0.01909028
231.6529189,0.05553536
276.7754494,0.16218697
287.0068244,0.0606214
297.7934143,0.07342895
307.0758304,0.07320965
319.3801667,0.214785
333.2528393,0.70121476
359.9474583,0.5316004
332.3354762,0.54617654
306.6873809,0.38279288
306.248774,0.20457766
303.6232024,0.04478708
314.2085566,0
302.9035394,0
316.1783066,0
327.4480714,0
313.3075089,0
331.7262084,0
301.6875863,0
298.912666,0
263.9334582,0
241.806404,0
225.2057947,0
217.9304196,0.09622368
225.0107762,0.2712569
218.6781786,0.45022032
214.4481337,0.60782865
250.2729881,0.7292456
263.2527039,0.8081592
291.1859692,0.8242455
301.2823861,0.78451264
292.5857439,0.34086143
290.3733998,0.5523092
303.1805309,0.38536428
296.2853661,0.20593474
293.6196935,0.03328845
294.1566994,0
287.2053029,0
292.2962814,0
327.8219184,0
311.0744137,0
304.9547321,0
309.7176948,0
283.9382947,0
262.8280268,0
234.1203827,0
229.7220176,0
213.6851369,0.08723754
202.4644822,0.25312122
224.2125417,0.42144128
228.8866041,0.57152504
229.4784127,0.5955113
245.3819316,0.67833962
285.7890714,0.75746048
291.1169189,0.72618142
307.5518095,0.65870926
344.0631191,0.49630815
347.9803823,0.20232618
352.2404137,0.13544097
337.073424,0.0068284
330.3095982,0
333.4333393,0
351.1603376,0
367.6925179,0
393.7679851,0
379.9228423,0
358.0114422,0
330.9399822,0
291.7176223,0
270.7621191,0
263.6996119,0
255.49082,0.07344228
265.4495756,0.23536136
303.7571587,0.4277855
345.9623154,0.52640385
380.570259,0.58833073
416.0457025,0.6369633
459.266247,0.7128927
439.4454757,0.62177742
431.6544255,0.55822772
422.033262,0.40281024
437.019384,0.22555736
442.8288423,0.12660232
413.3565595,0.03148589
442.4268809,0
457.2367304,0
426.1462598,0
414.4474436,0
412.3921397,0
420.3917478,0
377.9506846,0
338.4001637,0
330.0330119,0
297.0715714,0
290.6839618,0
278.2906829,0.0485298
286.511121,0.16050825
323.8914018,0.20510226
385.3612571,0.29210115
404.021067,0.5249354
447.8478661,0.59859569
462.4101136,0.43434171
472.6470267,0.2803901
456.1605268,0.07716436
451.9891539,0.1409755
426.8837976,0.3228784
428.3011065,0.19477366
437.2881302,0.0417186
436.3622827,0
437.3473334,0
455.3050327,0
455.8847738,0
454.5602054,0
440.0313184,0
406.7490377,0
385.7609007,0
336.9595566,0
312.6464494,0
295.3976518,0
273.5110774,0.0238392
276.4394911,0.0893067
310.9298512,0.02635341
350.6914947,0.04337754
405.5054916,0.08424603
427.2585565,0.0767034
438.0162769,0.25034213
445.3649048,0.31622931
457.2533989,0.13409292
473.7906994,0.18422404
462.4510863,0.23524956
454.5249822,0.0517806
438.8236995,0.0095073
437.8786727,0
430.0693394,0
443.4576726,0
491.2529971,0
484.4749822,0
472.55415,0
466.524578,0
413.4117875,0
378.7165957,0
358.2969554,0
334.0557292,0
310.805872,0.04523428
317.767253,0.09211718
363.6321994,0.19273374
405.4230289,0.19427744
432.5456072,0.2010164
483.996802,0.1611597
479.4385774,0.2166125
502.1748215,0.1403649
509.4480757,0.259935
526.6148417,0.12916512
507.6864002,0.11968878
477.349425,0.0824353
477.0596696,0.0165034
450.8919543,0
464.9337917,0
477.6559106,0
459.269494,0
471.0578571,0
450.9265295,0
436.5517571,0
384.9363511,0
361.1671727,0
347.1725863,0
328.9994614,0
314.6796131,0.0516
304.1166816,0.14318914
363.6275998,0.25144938
391.5085259,0.38967933
425.0464732,0.62599744
474.6836846,0.78855378
483.0855536,0.70429743
494.1727946,0.54326673
516.011875,0.13221468
535.6136637,0.05005501
507.6202931,0.27869504
478.3477776,0.15402557
438.5452585,0.0511872
396.957375,0
392.3137051,0
418.6794881,0
435.233025,0
487.5999026,0
464.0377923,0
428.2919461,0
392.745985,0
372.2011976,0
329.3083077,0
311.4696564,0
288.0448154,0.09065862
292.0766,0.2577721
326.5313083,0.42803791
323.8201838,0.5791885
350.1528727,0.69992175
363.320875,0.79069948
359.329625,0.5856858
382.653208,0.5554095
387.1056704,0.24033775
337.2219768,0.255033
356.3498026,0.17547698
345.0410569,0.0511872
326.6519487,0.01794261
316.4620543,0
312.3345403,0
343.3568707,0
378.4057619,0
368.554125,0
363.0084295,0
348.891325,0
310.9086072,0
293.8490833,0
280.8472333,0
278.0766282,0
265.7660193,0.04516978
269.7093188,0.14204018
238.7385476,0.27600625
251.5445953,0.254259
270.354891,0.30633888
268.6163417,0.37384802
278.5802836,0.52524801
296.28875,0.48828048
285.1703879,0.3574762
290.4010429,0.38393109
288.6323333,0.07296154
289.9530256,0.0297388
279.66175,0.00425485
268.3361007,0
272.1472244,0
281.4781939,0
287.5043302,0
300.131975,0
287.5388868,0
280.3911333,0
265.4638454,0
235.6116174,0
225.9182735,0
217.2042167,0
213.6597113,0.00765486
230.3088923,0.07809144
250.3653301,0.24371712
253.2745064,0.54388335
290.4244826,0.60411818
337.8416125,0.684216
320.9037635,0.75220072
327.1308643,0.33103765
317.7127963,0.16703264
333.8098494,0.16720378
314.1396579,0.16072841
309.2243968,0.02276721
298.2856635,0.02792592
265.6937,0
268.351587,0
272.0557357,0
264.8325327,0
256.867125,0
273.3584699,0
235.376806,0
222.6803323,0
219.377625,0
210.222075,0
198.165318,0
197.3536758,0.10275925
200.5459699,0.12954051
238.2104791,0.11720897
264.2263833,0.05130588
298.5033054,0.42030393
320.6352791,0.31579028
328.1458104,0.52409346
319.7868387,0.11637219
350.8330952,0.34594532
358.1071405,0.20732192
343.3013627,0.31809078
313.8557422,0.12323714
318.9281058,0.01439339
303.0398914,0
313.2711083,0
292.3826904,0
281.6031083,0
287.791325,0
259.5415058,0
244.08695,0
231.4600513,0
211.6395385,0
212.6439607,0
199.628418,0
185.726788,0.07562152
199.8266768,0.20594979
227.5755262,0.07351065
279.4328381,0.05143703
346.3620314,0.11618772
330.2713272,0.09167772
346.0459106,0.08322435
354.7571077,0.1647674
349.4285,0.5593182
343.5788455,0.33912853
333.3441429,0.37738176
326.8090475,0.2066967
295.7716909,0.05156818
288.6242,0
309.384825,0
299.137039,0
289.9890707,0
302.3067,0
286.6353206,0
255.4079,0
229.8529,0
226.447939,0
214.986,0
211.4729333,0
199.3148917,0.09831348
197.2309167,0.26730391
237.6262,0.43943506
288.364075,0.5894655
320.7353917,0.70194232
357.4071571,0.6195354
359.5215705,0.79996168
345.3628417,0.76102389
342.9480821,0.17012821
334.4946603,0.54782129
359.939025,0.26453385
343.1792191,0.07906152
303.2410417,0.0573104
295.9955057,0
295.8860714,0
287.2357333,0
273.6014905,0
272.8515866,0
282.5935366,0
301.3842532,0
256.0233804,0
242.5805179,0
236.66265,0
223.42225,0
204.4425192,0.10060022
205.9455447,0.2587396
226.5248667,0.4453166
289.9403561,0.59838198
311.1077902,0.71497734
351.897831,0.36213955
372.1116974,0.65486205
360.4884893,0.28199486
349.953068,0.59556204
344.3255744,0.10234946
351.651891,0.0924242
338.7523753,0.03534342
320.0982333,0.00506454
322.5221667,0
315.9663667,0
311.1212,0
304.8085218,0
341.102938,0
332.7458639,0
311.4845641,0
283.2102565,0
274.629625,0
269.1844286,0
248.9426974,0
239.85095,0.1056725
227.8226964,0.2614013
204.5768963,0.45432639
211.1804,0.5441865
217.055,0.652353
244.5238,0.39100932
240.6823857,0.56867586
269.98395,0.60071731
282.8258667,0.37429952
277.1632549,0.41085898
283.6771,0.1006716
285.5228583,0.1160097
275.9516748,0.01434222
279.8442679,0
270.6560949,0
285.9743443,0
309.0350465,0
321.1268488,0
336.6613024,0
318.5434,0
297.7899781,0
289.99665,0
262.8301385,0
253.0671535,0
239.0382769,0.03137452
228.6851707,0.17254524
229.8660898,0.31288176
238.8999379,0.39097707
251.5992713,0.46596348
242.7708077,0.49692692
287.1527417,0.63833844
282.9800833,0.63800906
283.8449756,0.5375043
299.0168917,0.3870688
299.3062236,0.23835975
297.1289667,0.122421
278.610325,0.05475405
280.0122333,0
314.7093847,0
361.79005,0
353.0006016,0
376.2486484,0
368.8779834,0
333.2084716,0
305.9272051,0
288.0506373,0
266.9385667,0
260.2317,0
252.1241905,0.08059705
243.3571057,0.13871284
270.4882846,0.2764384
336.0377238,0.49514285
384.4148141,0.4033185
405.4841,0.63041913
390.3803857,0.60781446
396.3121626,0.55004697
395.8191,0.37925613
387.420675,0.2387274
378.5958462,0.19527031
382.901091,0.03947013
325.0729833,0.0202272
318.508225,0
314.1856024,0
353.45115,0
366.8080256,0
381.08175,0
389.36305,0
354.0081244,0
333.3123409,0
317.0380417,0
306.4222579,0
290.1383526,0
273.8936215,0.0288745
264.9479699,0.05342148
285.432925,0.16738524
317.1636539,0.160132
354.0004502,0.26803018
383.0840397,0.19211497
377.4996026,0.20281294
380.0212167,0.14330997
392.862225,0.2590965
384.7648154,0.15536115
370.372025,0.07910194
370.6415219,0.01097317
327.7960494,0.00507744
310.1941502,0
293.4043417,0
326.5853718,0
337.5825577,0
317.5004472,0
318.5938608,0
311.421975,0
283.1567198,0
265.1925095,0
250.0821359,0
237.0808013,0
234.3426887,0.00595679
245.86015,0.01360864
275.333875,0.06712472
300.6289817,0.20870394
332.2741039,0.22374792
326.8718575,0.16034571
358.351875,0.06967376
366.6440819,0.08326864
430.8813641,0.18957453
402.0215577,0.04257
361.8721317,0.07247865
379.8924952,0.06063258
404.1930512,0.0051342
373.12725,0
338.7652439,0
337.5881342,0
358.2493882,0
368.4907073,0
349.0910813,0
324.9020219,0
293.8393949,0
277.9104417,0
265.5721951,0
263.9398048,0
248.4199405,0.0830029
249.9148095,0.08458659
290.6495916,0.1535616
314.2709939,0.3524796
355.6243479,0.3742376
376.9486329,0.43122378
361.8583,0.16533844
347.2662461,0.1929023
356.7446786,0.36446585
345.7463,0.21264102
335.0107642,0.13085631
347.2219524,0.06770221
326.5650167,0.00514968
309.0166544,0
306.5365891,0
323.1608078,0
347.2487179,0
359.4577764,0
354.3165129,0
350.262944,0
302.2564604,0
275.9541128,0
266.7508769,0
260.5892747,0
244.855025,0.0171312
238.6154,0.017114
270.1172806,0.21627452
310.1097334,0.2082662
353.5164203,0.17139069
358.3131805,0.2307294
353.6966083,0.1020648
356.5541098,0.11464875
366.2275297,0.1187746
374.9695384,0.23561334
374.9214464,0.10853888
375.101122,0.02037168
339.9560488,0.00595077
323.0035833,0
295.3225138,0
295.9857327,0
330.5931452,0
348.421975,0
340.9753872,0
334.0616974,0
297.9566543,0
281.0697938,0
256.5002896,0
239.3728281,0
249.223,0.07077327
244.4041026,0.02136025
221.5614634,0.0248153
225.4185081,0.25914681
237.3133772,0.23313654
238.7386179,0.22522368
247.6703077,0.37603629
244.0383167,0.4199466
248.437875,0.15643572
261.7530595,0.2815253
256.701861,0.09255492
262.8633846,0.0240198
263.5197564,0.00429785
291.21355,0
298.2510183,0
274.1992821,0
304.0485,0
341.2455927,0
348.5265467,0
328.7166974,0
300.3129423,0
280.4682927,0
273.6698013,0
247.4747303,0
236.2805131,0.09617552
246.6646295,0.26639016
223.5302683,0.44280712
206.6469756,0.59974336
193.9712257,0.72235184
202.0091254,0.82458993
246.1833833,0.84671515
251.257125,0.81097441
259.3631182,0.58094806
255.5846398,0.59035904
279.4612307,0.36825071
298.9825358,0.24326304
302.3071105,0.07384906
300.2378987,0
299.543525,0
330.7649634,0
346.2926095,0
363.7381417,0
378.1871718,0
334.7040183,0
309.4950403,0
288.4898205,0
267.328293,0
264.474025,0
246.8953801,0.09805935
242.72825,0.2666645
290.9430488,0.4398212
340.3033311,0.56327764
384.820475,0.672864
389.1221026,0.66931263
389.3470143,0.76929881
385.1121583,0.71980194
410.284625,0.69066084
395.6707439,0.56073204
381.7877036,0.35114144
367.7414833,0.22509984
348.9664885,0.0508776
339.4062,0
326.2479743,0
345.1526718,0
365.045677,0
371.8114309,0
361.1123744,0
345.79705,0
301.4165714,0
277.6216585,0
264.4538833,0
253.199775,0
242.0504083,0.08733988
245.931475,0.2488797
288.2139408,0.41423448
355.8442,0.56015928
392.6856646,0.67454616
388.3537744,0.6775639
396.036459,0.6847793
399.3168077,0.71681344
415.1802988,0.56013993
428.8656073,0.33878195
425.5518252,0.16089267
403.4757067,0.1181726
384.2819647,0.06424888
368.1884341,0
339.5888083,0
345.1426154,0
357.1746573,0
366.6355714,0
346.8392,0
340.399975,0
297.2929315,0
281.358847,0
276.5749894,0
264.7929589,0
234.5157641,0.08951912
262.1374085,0.20364542
315.8639762,0.3295305
365.3935266,0.58795405
381.0734936,0.59851872
390.2921231,0.39057545
404.573291,0.28967466
380.2280737,0.5307705
391.7062651,0.31727808
378.3206429,0.2286568
368.8914594,0.27026274
354.521168,0.2023752
359.5232692,0.05148949
339.9724917,0
336.3093013,0
331.8733583,0
343.3727853,0
357.0958333,0
362.4595179,0
319.6898417,0
293.7174878,0
273.6136794,0
264.335657,0
268.811275,0
260.4719626,0.10218692
252.4917,0.27278856
292.5386342,0.43456574
333.4377366,0.60164482
384.4375023,0.6596974
428.9266977,0.46024104
425.5624817,0.73167252
405.8185878,0.72546461
394.7244309,0.63551033
392.713225,0.5252751
375.2508796,0.41127264
370.3301792,0.167614
364.1534103,0.05719344
344.4753897,0
314.1155385,0
321.2230808,0
348.1881538,0
361.571012,0
362.154275,0
327.4079083,0
323.258125,0
299.081975,0
286.1315083,0
273.417725,0
267.032075,0.08187673
271.246975,0.21436575
277.1919643,0.412542
344.3253756,0.5989126
361.4124295,0.71712046
376.5734309,0.67995255
402.2829333,0.7356096
384.7037033,0.5921358
381.2998286,0.53610035
363.3280976,0.31263408
364.1121577,0.40625712
340.6865317,0.23370156
327.07865,0.0722959
336.2636923,0
323.5990974,0
296.2474667,0
305.311131,0
315.5937398,0
322.0510714,0
302.281475,0
295.7732559,0
264.9193984,0
250.6255,0
251.7558571,0
245.8392782,0.09195894
235.0714797,0.2685952
209.502225,0.44242915
225.5633637,0.5956188
251.2787949,0.67632292
263.6412288,0.68596352
256.0515128,0.69642585
268.5645003,0.6772887
323.3957277,0.59657985
310.8161551,0.53445216
302.9885962,0.38853682
288.7061884,0.19058976
281.8057211,0.04362436
276.1084195,0
295.4447809,0
292.1686411,0
310.251075,0
324.8900498,0
347.9917857,0
325.910156,0
285.13205,0
274.0951833,0
254.5956951,0
252.534675,0
238.7752,0.01941407
221.1854085,0.07401504
221.7495167,0.115713
213.944575,0.2424168
239.4353659,0.2452548
257.3342667,0.22738443
302.2981795,0.17648576
310.9750244,0.09333408
321.9626585,0.06927429
310.879975,0.06851018
323.5775894,0.02425415
329.0678801,0.07885942
300.0846666,0.03281889
308.0432107,0
301.3221564,0
311.4246406,0
312.6574347,0
334.0007667,0
347.6762756,0
312.996004,0
291.7309512,0
271.4810618,0
264.2636548,0
261.44535,0
244.1561393,0.0050955
233.3299848,0.03222248
275.5314333,0.16755552
346.672725,0.18494988
369.9639872,0.2048004
371.2737628,0.44959596
395.7599391,0.30799266
418.5097195,0.42558648
422.2077103,0.19607183
449.4075122,0.11119284
407.6002397,0.04724496
400.8737,0.01437877
377.2727692,0.02459084
350.9320016,0
349.5953593,0
340.8520423,0
355.2256596,0
364.964702,0
356.1928667,0
317.3539805,0
318.1937313,0
297.1911241,0
268.6993525,0
262.487239,0
244.9712974,0.0341936
244.2375288,0.0768969
275.6059641,0.06661044
345.9066301,0.1151712
389.1676814,0.22062397
388.7294962,0.2466566
395.2783935,0.19307258
403.284175,0.25686308
422.3007083,0.21348554
430.8230085,0.12083774
430.6644759,0.0289476
400.0756071,0.07836836
382.0231875,0.00511614
374.1143036,0
362.7475982,0
377.481872,0
379.2029822,0
373.9612685,0
372.1478835,0
362.6993334,0
344.2191191,0
305.1865476,0
309.3806726,0
297.2044771,0
285.6534971,0.0764712
289.7800409,0.08568739
319.3731935,0.25556448
348.9272143,0.52222554
376.1291577,0.65923902
395.9098423,0.4925349
396.6145357,0.67473837
375.7195423,0.77711062
382.2726919,0.651837
399.8085827,0.2090144
406.9202857,0.02364656
379.4296131,0.01184134
348.1178929,0.01186542
355.568381,0
343.4224702,0
336.4598184,0
350.7490326,0
365.3013777,0
386.8613304,0
363.4182887,0
321.4963303,0
288.2909672,0
286.1864286,0
269.6116518,0
253.1611718,0.09482704
244.0552738,0.26420017
291.6607886,0.41149839
322.7524911,0.58701321
351.7202381,0.43708253
357.252887,0.0763035
363.288628,0.6632535
373.7219223,0.2684576
368.6224446,0.34179453
373.6801339,0.20101812
376.7853066,0.2562112
365.0469107,0.14019032
356.5846488,0.03554208
358.0260238,0
350.015619,0
349.9241839,0
354.7024846,0
354.7511785,0
335.0654911,0
327.1337351,0
287.7836399,0
279.4536381,0
267.3411697,0
266.4198989,0
242.8414132,0.08800896
252.6033512,0.25355337
297.8838661,0.42555552
337.4578065,0.50290478
357.0543303,0.69512768
369.899128,0.57285116
375.541244,0.13270617
366.71556,0.15782634
360.7576488,0.42025147
358.2170792,0.03930845
351.2575548,0.35497704
344.4187202,0.020984
328.8325869,0.06227174
331.5212024,0
315.7218363,0
293.4891488,0
315.579404,0
331.1709642,0
326.1801719,0
319.7185884,0
290.0592321,0
275.7491965,0
265.8395059,0
270.6687381,0
256.6876762,0.08671982
246.8483902,0.252066
241.6469337,0.42322535
246.6029819,0.57594888
258.0451161,0.69357753
266.2940185,0.78000624
276.957494,0.8000064
292.7143631,0.64083846
278.0675148,0.425442
298.4097204,0.4010352
286.5893391,0.03516282
278.972253,0.0947505
284.0737054,0.07390152
295.6557262,0
291.6857233,0
304.3837798,0
313.2495623,0
331.1536458,0
321.1203244,0
315.2021875,0
287.3228113,0
275.5302828,0
257.388858,0
256.9121428,0
241.7103967,0.09004157
238.2448154,0.25644942
225.2752637,0.38162242
238.8466488,0.47358136
241.5429732,0.57720663
257.4080083,0.51809926
263.8046066,0.44754787
273.3263136,0.28148187
276.829634,0.37652907
277.0010595,0.4120776
264.1139762,0.3251703
281.9809405,0.23310171
271.0905536,0.07371232
287.1967947,0
287.1839101,0
294.3180298,0
314.0413815,0
348.5416547,0
335.1021063,0
303.0219061,0
293.5742708,0
254.7612768,0
247.9427053,0
237.9941756,0
232.1257203,0.03108814
236.1022552,0.10062
255.8313604,0.42111663
308.8307476,0.20553054
339.0063601,0.43272663
358.6500048,0.26236665
367.5031637,0.51807002
376.6569851,0.51110101
375.7022649,0.41230722
373.4733899,0.46727928
348.1264553,0.18074448
340.933625,0.22879311
332.6018274,0.07050624
317.3411816,0
296.8140685,0
301.5745722,0
326.4092114,0
320.8505476,0
307.7320566,0
288.2914465,0
260.8045834,0
244.4865184,0
230.9738988,0
215.4157566,0
204.9719673,0.08826825
207.1742649,0.1384944
254.4900833,0.20354652
304.1894434,0.3813756
345.9549315,0.41063796
354.4462,0.66049763
381.5752828,0.51337485
384.7473604,0.21289472
396.0131977,0.20146016
401.9626353,0.47323521
390.6713041,0.4198477
375.7662384,0.24626616
359.926325,0.08145963
352.4398385,0
342.9565935,0
350.4355221,0
352.3228365,0
315.6238786,0
301.919914,0
287.0781496,0
259.119303,0
243.9781518,0
233.5808052,0
217.2514486,0
206.2465742,0.08826825
203.0173027,0.24832328
245.1377458,0.2425415
301.4222853,0.47013878
334.2565338,0.3926803
374.4598881,0.70551648
389.7258175,0.58430808
373.430279,0.35879415
410.0796854,0.2342984
384.4711242,0.08037216
364.3858407,0.038571
338.430307,0.06214446
314.3076188,0.00673208
351.091376,0
304.5708049,0
282.3613936,0
311.9850934,0
325.4636047,0
309.7999821,0
300.7367273,0
258.9999895,0
246.7727345,0
239.4192218,0
252.9465654,0
210.7525846,0.0504906
215.4330433,0.19241038
237.8698132,0.14010131
283.2223631,0.280059
318.0240222,0.50619428
352.9675749,0.59167742
357.748497,0.63409348
381.8548555,0.57181443
383.5637864,0.52409346
370.6444776,0.50902368
344.4224881,0.11224376
339.4903003,0.08892658
324.6517088,0.04455445
304.0452622,0
291.1067952,0
297.9672688,0
334.9975688,0
328.1661999,0
330.34833,0
305.5726655,0
262.8556212,0
253.1361057,0
244.0340007,0
228.4211011,0
219.7775893,0.0673208
226.5814554,0.192855
234.0038363,0.35061082
278.6803423,0.50688142
315.145193,0.56003673
330.8707809,0.50995893
322.8939286,0.41022559
335.0665158,0.45018764
359.801375,0.28563524
342.2086449,0.3328845
302.6986399,0.19892832
305.658114,0.117691
298.285405,0.03199372
285.5781293,0
273.6533565,0
267.2821875,0
280.1257319,0
307.5206399,0
300.0491511,0
284.5875098,0
268.1889226,0
249.0726991,0
237.0912779,0
229.1804107,0
221.8739165,0.07850037
219.715114,0.2021688
217.4364655,0.31660083
207.1826328,0.26706999
219.2280215,0.4759842
242.7359221,0.6206448
263.7093214,0.604795
272.2003716,0.6239816
249.1488443,0.579769
257.7020119,0.42399204
245.3812244,0.32800959
260.947227,0.17637912
265.3208175,0.0503616
270.3513121,0
250.3749808,0
259.0016671,0
295.2658829,0
307.3852924,0
299.9225371,0
271.798794,0
253.468135,0
261.1671781,0
244.0661218,0
233.8903185,0
212.9895946,0.0631455
209.4199801,0.21414645
207.1057202,0.31930467
210.5644464,0.3629759
218.7663455,0.34923482
240.0849876,0.6181422
250.6379316,0.54500436
259.9600405,0.39396643
274.6604845,0.40562717
263.5809339,0.45690596
287.5360618,0.24717776
294.0549711,0.14734896
282.8959464,0.04537188
274.531932,0
277.3400207,0
286.2003922,0
290.2000032,0
318.6977492,0
312.1063405,0
293.4155774,0
265.5199904,0
252.8982658,0
244.0562946,0
235.6500474,0
220.6833702,0.0834372
227.8890746,0.24895968
266.1095179,0.42219808
307.5769693,0.50316321
342.218612,0.65703312
357.402369,0.77370201
354.5107693,0.7349302
380.5681793,0.48108529
377.7128551,0.52110625
386.4221608,0.38643369
353.2129087,0.28337688
328.4934931,0.20616522
312.2048512,0.07978005
333.4797301,0
312.8657809,0
291.5661279,0
318.2741221,0
323.4922184,0
317.0736769,0
303.3312603,0
275.7302184,0
269.465842,0
246.7853601,0
243.6077074,0
220.2843329,0.084366
217.2753275,0.21940965
258.0053948,0.4100265
317.5402857,0.53302886
340.9168244,0.61523712
344.0408117,0.55058791
371.3647857,0.3006216
387.2530804,0.56617068
412.4134226,0.48541969
415.1943839,0.34738496
407.3465774,0.33736424
374.3768571,0.12216988
375.1268054,0.03863034
355.1513631,0
323.0453839,0
341.4318761,0
327.4555804,0
341.3329553,0
342.9412768,0
318.5478115,0
297.2166681,0
283.8362397,0
270.9725982,0
260.9669851,0
248.6825861,0.02614013
250.3589851,0.04446329
311.0350947,0.2375234
334.1243125,0.44023056
365.0698734,0.46178775
378.6730097,0.62805456
385.0047341,0.63603278
377.2180506,0.6091466
376.6983212,0.57209737
389.6834439,0.50229848
388.3244934,0.34267947
380.7925893,0.15137935
373.2630783,0.00671488
347.6156406,0
332.2924613,0
306.8812858,0
328.7471074,0
334.2461387,0
330.5840686,0
317.971875,0
291.7216607,0
277.1759515,0
260.0498844,0
242.4955804,0
227.743259,0.0757359
225.0901443,0.23586016
282.8432619,0.42402945
363.824639,0.533888
378.6996964,0.6040683
371.0626547,0.64716204
365.8690375,0.67920994
383.5248835,0.59316264
402.5598875,0.449307
414.8762857,0.36916962
391.4309137,0.24730504
348.7551637,0.18334899
345.5961756,0.03693184
323.7190952,0
329.4504821,0
295.7754793,0
300.729736,0
315.222,0
333.3374081,0
315.0082768,0
285.6548303,0
264.2467252,0
258.8990804,0
243.6627027,0
245.7967559,0.05818287
247.0709375,0.1395479
257.7222946,0.41609337
303.926884,0.53360334
332.5847619,0.12269061
321.3239196,0.30682736
317.5321741,0.3011462
323.556491,0.26374308
333.2605238,0.33920894
351.8799018,0.100362
344.5508779,0.15755716
339.8230446,0.0503616
316.4073512,0.02355024
315.7732737,0
302.6410013,0
282.0860535,0
301.0842809,0
327.2445744,0
334.2544029,0
313.2136786,0
279.2702976,0
259.2853274,0
259.4147302,0
248.3671429,0
234.4643572,0.08179331
241.6503601,0.24870512
231.5641622,0.41798236
228.1115804,0.58012848
214.970256,0.700728
239.6306757,0.47250378
274.0778113,0.33649564
286.3223036,0.50057891
265.251521,0.07837438
283.1745282,0.09018648
298.7048393,0.02426662
286.2285089,0.02178982
277.5364728,0.01008264
265.0405536,0
255.9259107,0
271.6313303,0
291.7287024,0
313.0395561,0
317.6858306,0
323.5902678,0
300.764625,0
288.0681368,0
263.6466816,0
257.7537246,0
248.39506,0.08689698
224.03525,0.25989372
219.6761272,0.41190732
227.6610387,0.5939504
225.8597321,0.6689682
220.4873542,0.79088352
235.3110179,0.74154618
266.1669698,0.66654816
261.4833958,0.57399324
274.4830235,0.52975054
272.3605387,0.3910635
281.2509107,0.2135552
267.4694851,0.07794051
273.9921816,0
256.718902,0
269.9954407,0
289.9487757,0
322.9650384,0
327.9358006,0
315.3348154,0
284.2221458,0
270.0679768,0
263.7766369,0
252.8339911,0
245.519118,0.07850037
253.2060498,0.19092516
278.0190268,0.43032594
345.999366,0.58614031
390.7164196,0.706877
397.64363,0.78466185
373.4324491,0.80874142
375.7067798,0.77967987
395.7258695,0.70531524
392.7746378,0.39293056
397.1862203,0.25763493
373.939506,0.03007764
373.5364464,0.00419465
362.1655357,0
338.9797369,0
321.3180881,0
326.7812567,0
336.4450268,0
326.2785208,0
322.7806012,0
303.1808036,0
280.1924322,0
268.401083,0
276.3628559,0
250.6516607,0.07926362
239.0193542,0.22517896
277.49673,0.3266796
336.536,0.48683998
360.4282023,0.6996444
366.7326608,0.7172271
365.7678988,0.80126415
390.4255808,0.76921152
397.2004464,0.67833876
405.3974122,0.18862638
371.3835881,0.2308326
358.0255715,0.09889226
321.8786179,0.0714187
322.2417857,0
307.7180328,0
308.9356697,0
314.1097114,0
321.2472332,0
327.5914643,0
330.2966685,0
302.5859494,0
277.8124018,0
278.3718155,0
264.1471697,0
252.6130556,0.07665567
234.7465,0.24450402
284.2606659,0.4230082
369.3949857,0.58430808
377.2505183,0.7124068
386.2305536,0.79833972
363.2317529,0.82957836
372.7421846,0.80583978
366.4398339,0.72779736
363.6843185,0.60133565
380.3276038,0.3966105
349.8384471,0.25374644
337.2356756,0.08086752
327.939372,0
316.0248474,0
303.6981864,0
310.6487636,0
333.33008,0
319.6296428,0
298.710622,0
279.381116,0
274.4585715,0
262.688759,0
258.5880804,0
234.8748231,0.07657741
237.7022507,0.24437889
252.6576071,0.42154921
298.8779672,0.47086505
364.7710119,0.57481712
392.6928691,0.7849564
380.7404613,0.81084326
356.9422947,0.57953164
374.5724212,0.5764881
368.4138899,0.2173392
343.525835,0.17070312
310.4023304,0.2423265
264.0727143,0.0756198
266.6343244,0
242.3012071,0
250.4523959,0
256.2147656,0
264.2698264,0
273.3103263,0
282.5685197,0
256.1295893,0
244.6945209,0
239.0329179,0
246.028128,0
231.1393072,0.06903908
213.3366032,0.23117875
197.8652113,0.40520319
204.0180476,0.56373172
203.7687381,0.68866994
209.1421732,0.29956724
224.418903,0.4309417
223.6379642,0.51431096
202.3248661,0.328692
198.6542139,0.37099712
198.8728478,0.24475428
223.0323661,0.1188348
231.5822976,0.03798405
224.0092785,0
219.8804304,0
212.4236071,0
231.0197992,0
261.0820238,0
267.0451385,0
265.0810114,0
242.8986935,0
249.2637024,0
226.0303155,0
231.6031696,0
225.6183452,0.07757716
206.4240469,0.24702468
194.8182679,0.25451184
209.9839565,0.58257174
240.316321,0.5333376
252.0096278,0.58023856
229.4960685,0.24391664
245.116375,0.4830878
268.8267492,0.32166924
271.1745912,0.2385812
275.0765482,0.2172274
288.8498036,0.11134893
277.185131,0.03441376
261.3761875,0
278.4756429,0
271.5091845,0
297.8029554,0
306.0878678,0
307.2139593,0
287.7575821,0
262.4207619,0
244.2283035,0
237.6990476,0
231.9369822,0
227.3236949,0.02352616
218.8366369,0.1590699
201.6863482,0.33885978
216.2734246,0.49250394
221.4247738,0.69417222
227.3799268,0.78126958
238.3703589,0.73840976
243.8474676,0.21455796
276.2337619,0.08399362
307.6848563,0.18823766
301.773622,0.1250655
288.1653107,0.01503882
276.179384,0.00502842
275.875744,0
265.7440596,0
278.3486875,0
307.9542053,0
325.4378269,0
321.509991,0
306.5397782,0
290.7121428,0
287.919247,0
255.3034464,0
253.2795762,0
242.0121524,0.04628305
241.2953839,0.05713496
270.1787679,0.29416257
329.7407436,0.26860638
386.764006,0.68343082
393.7986071,0.76118256
381.9053214,0.554743
394.8991536,0.59281047
380.6184226,0.4571416
373.3895419,0.3019804
364.2479237,0.21449991
345.6525491,0.1715399
339.017515,0.04700416
341.2663554,0
341.4177946,0
318.2396786,0
338.9298035,0
359.2214702,0
364.0966195,0
335.5301453,0
316.696628,0
277.2918125,0
266.5078899,0
254.7469137,0
246.305494,0.042097
246.4205536,0.01175706
284.5117207,0.088881
324.5428989,0.35246541
370.0567143,0.65285352
374.7318959,0.67973884
367.7991875,0.7991636
363.1259108,0.2310734
382.7543423,0.68224402
391.307509,0.55421496
384.5720162,0.19758156
366.4057465,0.1845646
342.5938274,0.04794156
347.0042372,0
332.1759822,0
315.7948661,0
317.0323322,0
333.2962887,0
325.271753,0
317.648625,0
279.4171607,0
263.841744,0
254.0141845,0
236.5781905,0
236.4220565,0.07420424
236.3824018,0.2421072
295.989875,0.41862607
318.2971046,0.52603792
368.5351716,0.63195552
383.2211429,0.60708862
364.1759672,0.2852964
377.3820178,0.41938631
392.4194464,0.29143594
383.5433662,0.21505246
366.3384613,0.1551225
330.218494,0.11847102
338.6297603,0.0084194
340.2135378,0
332.3594792,0
319.3195,0
337.6999643,0
357.304517,0
363.2247191,0
342.6924184,0
318.6554912,0
294.8810901,0
279.0729566,0
263.2657232,0
248.8429108,0.06991671
252.9259714,0.22013764
274.1386309,0.40646395
291.4710357,0.50823936
324.4111785,0.61448849
339.9195325,0.77960376
326.3090268,0.8020962
339.3038303,0.532512
345.3921697,0.37628096
345.4666518,0.2519284
327.8855952,0.11290725
320.4360185,0.01005684
332.3576041,0.06634341
325.8776507,0
292.4135059,0
300.3789643,0
313.4892024,0
334.5365119,0
318.5433482,0
308.3502471,0
286.6532678,0
270.4770547,0
249.9628121,0
245.4035283,0
242.6980982,0.0682668
229.626119,0.21918519
248.7205655,0.3445762
269.9349345,0.53167092
299.4985172,0.64616874
321.989224,0.70105566
309.2949345,0.66446438
317.5248215,0.64284226
327.2653483,0.52335945
330.8620804,0.37000296
339.9496607,0.26123919
327.3696917,0.2040694
334.9202787,0.05117473
345.9166947,0
303.5404107,0
295.1549226,0
301.9927142,0
344.8862237,0
327.5414464,0
297.8557327,0
278.9855891,0
253.6275655,0
239.0308304,0
240.5195179,0
214.3369179,0.06402012
217.1886994,0.2268594
217.7369583,0.4018608
216.3880228,0.5580798
224.7310047,0.68048747
241.9586607,0.77131035
255.6651964,0.7954398
273.7432321,0.58992345
271.1181161,0.42706224
264.8137619,0.37750302
275.9832917,0.0767464
302.8946696,0.22725328
272.4564464,0.057018
294.2306399,0
285.6790729,0
302.9359491,0
325.3844292,0
338.0653122,0
338.8871515,0
326.2110486,0
293.9125971,0
280.2009102,0
262.1981644,0
253.8182551,0
241.2758887,0.0605268
234.9141063,0.22063859
229.5109566,0.39244982
232.4646211,0.550572
240.5785947,0.67715583
248.2645733,0.7783688
271.7712649,0.4576275
281.9497941,0.60302684
291.4356352,0.61865734
298.310414,0.56116032
301.4848003,0.4031207
307.9478565,0.2262789
296.6423444,0.0630165
299.1521926,0
306.1343284,0
324.6939109,0
339.3339934,0
362.8548853,0
358.1453293,0
331.1519983,0
306.3307576,0
281.1019188,0
264.2004178,0
257.2043479,0
246.9433104,0.06570486
252.23389,0.15628092
287.6361636,0.300183
333.0410758,0.41358174
370.2772613,0.45390456
387.3292419,0.26067288
390.7845487,0.45367107
395.1126783,0.34857864
394.4722355,0.31263408
394.576727,0.56508192
379.9998257,0.4054212
372.7730258,0.22855833
355.7989334,0.06046488
352.8540842,0
346.6328283,0
345.0626721,0
357.5502215,0
363.5721409,0
360.3150663,0
331.4626882,0
304.3092074,0
284.5635221,0
268.6533547,0
258.0470597,0
245.0209991,0.06816231
247.5149605,0.2372955
281.0696902,0.41733865
331.5161985,0.57839859
361.7025848,0.70547477
372.9555999,0.79460775
381.5752828,0.5208633
384.7473604,0.24545475
396.0131977,0.7125057
401.9626353,0.30746032
390.6713041,0.42133292
375.7662384,0.24005696
359.926325,0.06977395
352.4398385,0
342.9565935,0
350.4355221,0
352.3228365,0
351.5021109,0
341.8773423,0
326.1764204,0
299.5775919,0
276.7482033,0
265.6651646,0
252.4808872,0
239.4181766,0.06805782
243.3912714,0.2375234
286.1843021,0.417315
326.501543,0.57833796
364.0574789,0.70511056
375.9923394,0.79170224
385.6947482,0.81665084
383.04445,0.7887834
394.4208884,0.71083902
389.8199955,0.58287188
379.1921012,0.42173712
364.4698469,0.24161184
359.3016822,0.07068684
359.8461473,0
345.2929333,0
338.3001045,0
352.1552744,0
365.0117582,0
359.4823863,0
335.3790164,0
304.1643093,0
283.6819532,0
269.9379605,0
261.7020818,0
244.7905665,0.06654723
246.1511907,0.23682078
283.8243755,0.41776779
324.1860464,0.5803667
358.6984659,0.70750566
335.3303844,0.79418592
336.9880352,0.82082528
349.6195842,0.79209741
384.5891258,0.71083902
360.9662323,0.5822716
351.469251,0.41858049
356.501885,0.23693043
352.4468923,0.06634341
322.6398833,0
304.6186471,0
296.281305,0
301.6601785,0
303.1596709,0
296.1941506,0
271.5188079,0
247.1407855,0
247.8945879,0
240.3352917,0
239.781649,0
229.2890897,0.06230356
229.7269911,0.22914528
263.6398609,0.40709304
270.1993143,0.5675484
322.799477,0.69441216
344.1586016,0.784148
331.4923718,0.8087569
310.1466287,0.77957495
316.5715316,0.6990596
341.5012855,0.56867586
336.1731551,0.40458528
331.3840266,0.22448752
318.8573715,0.05959456
314.5467505,0
301.8316971,0
295.0868012,0
309.4950244,0
333.5789049,0
336.5612516,0
316.9708792,0
294.1480013,0
274.8333843,0
258.0788951,0
249.4412242,0
241.0471163,0.06065064
237.8396175,0.22613485
233.0606257,0.40625024
237.9333429,0.5704724
250.9544301,0.5223855
265.6179894,0.78989452
275.2146495,0.6526884
286.53058,0.78533265
290.8636014,0.71387568
291.9141375,0.5820996
293.5556253,0.41525616
294.4964206,0.23166336
287.3061579,0.06233538
290.1009283,0
293.3148761,0
302.9359491,0
325.3844292,0
338.0653122,0
338.8871515,0
326.2110486,0
293.9125971,0
280.2009102,0
262.1981644,0
253.8182551,0
241.2758887,0.05736888
234.9141063,0.22143022
229.5109566,0.39994472
232.4646211,0.561795
240.5785947,0.68902383
248.2645733,0.78700535
271.7712649,0.81209585
281.9497941,0.7815852
291.4356352,0.7021728
298.310414,0.5731943
301.4848003,0.4104436
307.9478565,0.22746656
296.6423444,0.05971668
299.1521926,0
306.1343284,0
324.6939109,0
339.3339934,0
362.8548853,0
358.1453293,0
331.1519983,0
306.3307576,0
281.1019188,0
264.2004178,0
257.2043479,0
246.9433104,0.0605268
252.23389,0.22818896
287.6361636,0.40730245
333.0410758,0.56838303
370.2772613,0.52250418
387.3292419,0.7854552
390.7845487,0.63119958
395.1126783,0.54970082
394.4722355,0.69678576
394.576727,0.56887753
379.9998257,0.312825
372.7730258,0.2023967
355.7989334,0.05956403
352.8540842,0
346.6328283,0
345.0626721,0
357.5502215,0
363.5721409,0
360.3150663,0
331.4626882,0
304.3092074,0
284.5635221,0
268.6533547,0
258.0470597,0
245.0209991,0.0605268
247.5149605,0.230824
281.0696902,0.41295652
331.5161985,0.57565261
361.7025848,0.5347222
372.9555999,0.62782881
381.5752828,0.69250554
384.7473604,0.78500628
396.0131977,0.7000056
401.9626353,0.34637145
390.6713041,0.4114842
375.7662384,0.23046925
359.926325,0.05206698
352.4398385,0
342.9565935,0
350.4355221,0
352.3228365,0
351.5021109,0
341.8773423,0
326.1764204,0
299.5775919,0
276.7482033,0
265.6651646,0
252.4808872,0
239.4181766,0.06227174
243.3912714,0.2352616
286.1843021,0.4217655
326.501543,0.58855863
364.0574789,0.7188912
375.9923394,0.8016576
385.6947482,0.8275264
383.04445,0.7974952
394.4208884,0.71360865
389.8199955,0.58120176
379.1921012,0.41336932
364.4698469,0.22818896
359.3016822,0.0589057
359.8461473,0
345.2929333,0
338.3001045,0
352.1552744,0
365.0117582,0
359.4823863,0
335.3790164,0
304.1643093,0
283.6819532,0
269.9379605,0
261.7020818,0
244.7905665,0.05725192
246.1511907,0.22590351
283.8243755,0.40709304
324.1860464,0.24743232
358.6984659,0.2630439
380.066129,0.36556794
380.2315931,0.14772951
382.4403082,0.46178818
392.1641366,0.34839933
386.4321584,0.50959902
373.661236,0.3938929
359.251789,0.21330666
348.0549209,0.05133211
336.2617797,0
328.6882468,0
330.1684006,0
338.4476025,0
345.923476,0
343.1512136,0
328.5626312,0
296.345445,0
279.2867414,0
267.0385007,0
258.2604692,0
245.3793477,0.0100878
243.4093819,0.06127328
264.8075685,0.1215825
296.1740543,0.34744215
305.0432326,0.41085898
299.9591612,0.47612782
300.2169593,0.67227963
309.6948729,0.1423988
310.2941191,0.0545025
294.2314843,0.03775185
281.4093345,0.21319744
279.1934598,0.1806473
274.3590447,0.04541832
267.0713056,0
251.8798845,0
222.5777866,0
240.4113523,0
250.729909,0
258.8978685,0
247.3744791,0
242.2276718,0
218.4248809,0
205.4634208,0
209.8767827,0
209.5344018,0.0092708
207.8878881,0.04885746
193.9950392,0.02440379
211.6422054,0.1950308
228.9405981,0.21487616
261.8619524,0.12648364
255.7528272,0.24433976
259.3355927,0.28156013
261.4927857,0.216892
297.7730566,0.32850538
278.1428274,0.25205826
279.2579341,0.11368512
283.7834945,0.02846514
291.7352113,0
290.8627428,0
309.8846025,0
330.98536,0
349.0239425,0
343.2142002,0
341.7091072,0
301.5408065,0
292.7092381,0
275.4978929,0
266.5284328,0
260.2504376,0.01168482
252.7975934,0.03748095
243.7181547,0.11470422
248.0016101,0.33510588
256.5151755,0.6004305
249.1781875,0.5749874
262.9734375,0.70533717
285.5515179,0.65406999
306.1769554,0.639023
323.291741,0.5554568
334.0743465,0.39191576
313.1728393,0.21155914
314.0128452,0.04926854
326.2713379,0
340.465797,0
325.3932675,0
376.0256756,0
412.4439464,0
400.6462887,0
382.5162762,0
361.6217965,0
327.7590179,0
307.9571072,0
299.9541998,0
286.7428482,0.04355728
294.9993628,0.1630044
320.8264199,0.3386852
347.8020875,0.48949824
363.42125,0.60874584
375.4291351,0.6732639
374.3144779,0.67873092
407.9760298,0.74480601
405.3486607,0.6144442
429.9769107,0.48873972
423.769592,0.33250266
401.7476764,0.16793349
359.5915181,0.04020672
344.2662194,0
357.5701577,0
380.8732839,0
430.4991904,0
456.5700884,0
437.0542912,0
395.023437,0
367.2750816,0
343.5269292,0
326.3222462,0
309.6120863,0
300.028982,0.00420755
316.4521845,0.0981045
349.3225298,0.13527972
350.5281144,0.26847394
353.4101786,0.3595402
379.1224592,0.17610693
382.6081309,0.34887534
405.2223601,0.62044958
409.7740089,0.26498664
450.2135367,0.29873046
419.5696875,0.30908916
367.8567054,0.1316445
349.7833908,0.03275181
333.0911697,0
374.8940379,0
405.4483123,0
407.662,0
425.7032411,0
422.45375,0
381.2000834,0
353.6817192,0
331.6803572,0
312.2478214,0
301.539647,0
296.4436904,0.04464561
298.5136131,0.204594
329.5367797,0.3803952
324.9505955,0.52335945
366.5498155,0.66710028
384.2009345,0.7510595
369.1232013,0.77638392
363.7295468,0.7444203
361.4780714,0.66959256
357.9961619,0.51670305
359.5640673,0.37603027
353.4132051,0.19801113
332.9492841,0.03942971
318.9085804,0
342.6516465,0
376.8868683,0
399.3470747,0
400.2179554,0
376.857691,0
339.6448958,0
302.1045328,0
287.7986548,0
271.2188301,0
261.0269822,0
249.2297976,0.0480396
256.2974197,0.21067936
289.005147,0.38933834
263.5379304,0.55055351
292.4470727,0.67741985
308.2288001,0.763508
319.2736291,0.78883672
331.7344167,0.75900676
335.9897496,0.47752704
340.840322,0.54552681
348.5915089,0.38044336
370.4582325,0.2003112
321.1217179,0.04022736
319.0206101,0
328.6429673,0
354.036296,0
368.9245158,0
370.8714673,0
342.056492,0
307.6960714,0
292.8212708,0
270.1103244,0
259.4360727,0
254.8203363,0
238.4973746,0.04548798
260.627622,0.160992
302.1804136,0.35972553
331.6112274,0.25377525
335.5020654,0.4649848
341.4455055,0.37823832
355.1913929,0.10197192
362.1348643,0.37657938
348.78425,0.57239364
364.8236287,0.4343301
369.5840474,0.19676972
366.8022507,0.05182704
342.2494792,0.00921877
317.9525243,0
337.2516145,0
364.7365275,0
394.2807351,0
406.3667054,0
385.3290893,0
338.7984361,0
306.3878882,0
283.4651072,0
273.5935745,0
255.9795271,0
255.3253661,0.01770783
258.1754787,0.16746049
239.3998247,0.3354
237.1293363,0.29158601
291.0223125,0.53778165
313.9811578,0.4497714
305.4300995,0.5327872
300.6606383,0.63185232
283.6095621,0.57583794
280.9844878,0.33218274
295.1462738,0.24730504
282.5562053,0.18753504
289.7232024,0.03273504
282.3642684,0
321.248253,0
337.2508188,0
372.6227679,0
391.4369316,0
364.4619702,0
323.5765535,0
290.3758393,0
278.1626309,0
267.5060512,0
251.5510117,0
243.3553526,0.02778402
241.4124375,0.19651086
239.7750625,0.34056946
255.2043601,0.4037528
267.0501349,0.65266432
255.3451012,0.73847856
252.6028304,0.75970766
285.4819821,0.72479768
270.2681161,0.6506631
290.0501621,0.37333632
307.756365,0.3089722
336.1861632,0.10554264
309.9530942,0.02604682
305.1533901,0
309.1372783,0
321.5184948,0
346.0269054,0
358.578045,0
341.5645144,0
277.1991252,0
247.4949027,0
216.8895266,0
208.9709164,0
207.7098057,0
207.7943982,0.04140255
227.6836801,0.19953978
304.4593079,0.3727498
363.9371923,0.52802968
354.6424331,0.35675423
359.8678368,0.45724824
377.4351621,0.06195354
383.498262,0.3017052
389.2139351,0.18875925
389.462493,0.18652884
378.9122177,0.1557589
365.5503389,0.04637765
376.6752262,0.0135192
374.5002982,0
388.1203575,0
418.192694,0
459.9594078,0
460.5740974,0
402.9676235,0
327.5755605,0
289.5309869,0
277.0548855,0
264.6887274,0
254.9790052,0
253.7073125,0.02627343
272.6610328,0.12524352
304.5295611,0.09965336
326.3610446,0.3288597
333.214278,0.4753392
380.8398089,0.5242216
399.2078932,0.52870521
370.1510872,0.57959442
383.9323035,0.32429568
404.4997048,0.19349355
418.4824585,0.02029944
422.8433002,0.04995353
435.7686784,0.01610307
411.5895089,0
425.773491,0
428.8211935,0
449.0545446,0
456.3912738,0
401.9464688,0
349.8757384,0
311.3350327,0
294.4156345,0
270.5131778,0
268.4489256,0
257.3716687,0.03052656
286.828225,0.13363798
325.561429,0.34758792
360.0697353,0.54810294
360.7090357,0.11438688
375.5823214,0.30920096
403.6512441,0.63973465
405.6164389,0.35427571
412.2951619,0.1936462
431.0539852,0.434042
428.4830655,0.26842062
420.7541042,0.0794253
434.2247304,0.01946352
402.1097988,0
421.9655212,0
443.9193363,0
478.3919494,0
507.6097857,0
451.8145098,0
392.6169946,0
351.9151369,0
321.0352351,0
308.8823946,0
295.5410792,0
289.6920149,0.01610307
316.2811788,0.19961116
383.7495636,0.32208978
404.406845,0.5024894
369.5627844,0.58157801
394.545485,0.66733506
425.5686161,0.28515708
385.7190163,0.59363392
398.0052096,0.18813618
428.3237662,0.40664412
407.5060149,0.337636
405.8548928,0.16476525
382.2547591,0.01861728
348.4541428,0
344.6747416,0
347.5180625,0
355.3556298,0
416.5675145,0
383.7014884,0
331.0118274,0
316.3722726,0
288.7152976,0
282.8853834,0
269.7639565,0
252.7966743,0.04051632
258.9297262,0.20333324
247.536866,0.38467413
226.9067363,0.55115465
249.2333965,0.68105808
276.0764762,0.779977
248.5168214,0.80292051
220.6227887,0.7691324
236.1658657,0.68343082
249.6431976,0.25534905
250.4359322,0.37687264
247.6985893,0.19176624
263.0613482,0.03119951
265.6367909,0
251.8832524,0
246.4586164,0
280.6124465,0
326.0096815,0
321.4575429,0
303.9003161,0
260.4775923,0
242.2996607,0
244.5544221,0
230.9290715,0
214.5427546,0.04553442
197.7049602,0.2118438
204.0851298,0.3949335
204.664128,0.5603545
210.2988958,0.68975956
212.4083439,0.77704053
227.7731447,0.800832
250.1548178,0.76619034
241.0564096,0.16292055
240.9541131,0.54223344
244.6709592,0.1677
237.099802,0.18652884
248.3636683,0.02862596
228.6517808,0
230.7388309,0
261.2554018,0
290.3190417,0
323.3408275,0
319.1739839,0
307.8876875,0
277.1094465,0
248.5548558,0
247.6592978,0
237.9907232,0
222.2852662,0.03794535
220.4542262,0.19206036
208.8966012,0.32045148
207.4630922,0.50277664
221.4080421,0.3194685
222.1512826,0.4860806
232.8054308,0.6659238
215.3845506,0.48440446
223.358228,0.449436
225.0577443,0.2769888
226.6444286,0.17896686
241.9218659,0.0672864
252.0710744,0.0126291
286.1185048,0
281.5301434,0
331.337159,0
340.5740953,0
406.1295531,0
372.6275601,0
324.1103256,0
288.3598964,0
272.1616401,0
264.2250506,0
264.801369,0
253.6546428,0.04131827
285.9869066,0.12027444
337.8795804,0.22292662
339.7026142,0.40354167
350.5126875,0.379561
343.1673095,0.4120948
359.4068244,0.61877946
366.0847164,0.50604636
382.909666,0.58985594
353.805209,0.42235675
323.1812094,0.32852344
314.3311756,0.17131716
345.3324669,0.01935473
347.9393488,0
334.2119475,0
378.6938255,0
375.1690506,0
387.7924941,0
358.3332637,0
308.4981526,0
284.7181447,0
269.9686184,0
251.3733631,0
237.3568262,0
224.7204165,0.04051632
256.9907559,0.19018126
294.3066458,0.34647809
305.6397764,0.52938848
306.0292714,0.61618656
313.0336468,0.70791588
359.8072709,0.47731032
335.1409167,0.33235388
328.1515893,0.66505004
346.0980836,0.52773685
372.8541868,0.35869396
367.1042643,0.17383653
376.4144762,0.02103775
348.3094673,0
337.5603094,0
351.1916908,0
389.9458334,0
406.292756,0
365.7874197,0
298.5274375,0
272.0760538,0
256.6277738,0
247.9286887,0
235.753303,0
232.5958244,0.04565052
250.9246856,0.2208136
301.4788734,0.4112864
309.6737857,0.57905176
342.4514852,0.70729582
335.7410082,0.7899874
357.2434738,0.81125821
335.4920298,0.77537127
324.1894108,0.68712624
348.0591147,0.5486542
328.6416802,0.37519392
335.8368438,0.18775262
335.6830179,0.0253356
319.943625,0
318.4259231,0
350.5254962,0
384.5399126,0
403.7308095,0
369.4206491,0
302.6701413,0
262.5678469,0
251.9792292,0
234.7541226,0
233.1891279,0
220.2843556,0.04309245
232.8719077,0.21385276
294.6631189,0.40016961
320.7452404,0.56620895
316.2990357,0.69441216
319.6337031,0.77750622
336.7387768,0.80209233
314.0156414,0.76794302
306.0728405,0.67750542
305.1908498,0.5397274
303.5775137,0.3678048
296.267463,0.18036995
323.1786607,0.02272077
316.9362976,0
340.6394114,0
338.073316,0
360.9320327,0
381.0686767,0
333.2984345,0
302.6959181,0
249.9748185,0
235.8111547,0
227.4798138,0
224.8170239,0
219.1514554,0.0396116
225.7680536,0.20302106
268.5692974,0.3830483
274.9709584,0.54529418
289.5057126,0.42000336
280.0167493,0.74673456
298.4082382,0.65032684
295.0173609,0.5072882
288.9994886,0.333164
293.9664277,0.0751167
305.6062154,0.04432655
310.0224475,0.1635075
302.8360582,0.01597235
294.125122,0
292.911591,0
290.2160074,0
310.5429297,0
280.774493,0
267.4254864,0
245.1161459,0
196.872628,0
188.3997885,0
185.024756,0
177.4857599,0
177.9135089,0.03543372
174.6880774,0.0084194
198.6657143,0.0991967
205.144378,0.04957298
231.9895594,0.0790211
246.9720893,0.73893135
247.6251645,0.6139884
229.749908,0.0673208
241.9027722,0.05133211
221.9755119,0.04125506
238.6023024,0.06233538
237.1695833,0.01180522
258.7990416,0.00337636
270.3820141,0
272.6105476,0
285.8839842,0
279.2358869,0
297.2066383,0
277.071668,0
239.2226518,0
217.0562896,0
199.0289987,0
171.3087798,0
179.4126726,0
180.6506756,0.03721564
185.3319226,0.20426978
199.517864,0.3910592
229.5491247,0.56044566
228.5634601,0.69198696
231.2717827,0.77684918
243.4648334,0.8007675
250.0387131,0.7655505
269.6934884,0.674154
270.444304,0.53467232
266.8549048,0.3612946
263.9627381,0.17343964
256.5490278,0.01771686
257.7434583,0
272.4607861,0
291.2874107,0
316.9226955,0
319.1979018,0
290.3099649,0
256.1353242,0
211.0238537,0
198.1778304,0
191.9297435,0
186.2398006,0
186.8482488,0.03719672
208.7114086,0.2039576
283.3976339,0.38946304
286.688122,0.55535532
312.8942596,0.68329795
289.2839393,0.76614433
312.8836375,0.4924317
298.0264821,0.4801595
298.2820902,0.66155285
313.7234316,0.52295568
296.3270041,0.35019243
348.233131,0.14649756
327.2592501,0.01434222
324.0018902,0
324.389362,0
320.3922221,0
338.393881,0
341.2084221,0
319.748827,0
259.6002559,0
215.9432317,0
213.1630833,0
194.9608095,0
191.8702976,0
202.7092728,0.0389666
210.9759554,0.20944096
260.5010673,0.39655374
293.1221122,0.56433888
299.1643445,0.6934395
281.2113321,0.774817
303.5474463,0.79786113
300.2890064,0.7614698
308.0488366,0.67094964
302.0744196,0.53104269
325.3292555,0.3564356
303.0475,0.1677172
308.0819469,0.01519362
302.9847083,0
312.2538435,0
322.7952173,0
329.416816,0
321.4606194,0
301.3772067,0
249.8568572,0
224.8703732,0
202.4892024,0
193.496306,0
196.6179986,0
199.9935077,0.0380421
208.7732232,0.20659135
251.8268824,0.336432
289.8415654,0.46416608
290.2665625,0.69056968
301.6991433,0.76939599
312.5454155,0.7092248
294.5549048,0.752715
331.1351557,0.65637264
366.2999161,0.49865165
360.5477887,0.34263432
337.0030986,0.13555234
347.0235066,0.01096758
354.2506113,0
335.5394881,0
361.054628,0
351.2844703,0
353.8812825,0
342.4618811,0
284.6218043,0
252.6535952,0
250.0891391,0
249.0517117,0
227.7350398,0
218.9843631,0.01523232
228.2014613,0.09453808
273.0202857,0.37148517
311.5109528,0.18419652
335.8775506,0.13947652
335.4103173,0.19063233
345.7204584,0.49127715
332.2994345,0.39742406
326.4150702,0.35914116
313.8773432,0.07497093
336.3431427,0.02616679
340.9297381,0.05582346
327.2457113,0.00338668
312.8630726,0
326.4666227,0
347.3848869,0
386.012889,0
383.4105789,0
333.7755813,0
286.5977589,0
246.1529547,0
227.0477476,0
219.7392381,0
217.1211726,0
205.3639521,0.02628676
235.3486012,0.16002063
263.3167461,0.0642162
311.9176325,0.0901796
319.5500804,0.20711724
317.1256126,0.23886672
360.9087173,0.1850376
327.7580149,0.06563778
297.734555,0.15078423
315.5536399,0.17539184
337.1483147,0.20184028
326.6175328,0.12940893
332.3773065,0.008471
333.3425624,0
309.053741,0
314.2139765,0
336.283881,0
339.449247,0
297.1829315,0
249.5936616,0
232.551985,0
212.7632738,0
202.6512369,0
191.6412113,0
201.0564944,0.0313427
202.3490026,0.19518345
234.5023154,0.14587879
253.8327143,0.37194742
231.1336279,0.53914518
258.9347411,0.655707
256.8036309,0.70660524
258.5102143,0.61806265
278.8817828,0.66155285
279.9402768,0.5202097
248.9480509,0.31697665
247.0893721,0.15572106
267.5023805,0.00924242
265.2602619,0
256.6646842,0
273.0683431,0
284.8978607,0
278.277428,0
283.444997,0
252.0314673,0
227.5014465,0
216.558287,0
199.7867172,0
204.1805992,0
194.4797024,0.03131088
206.8725953,0.19309967
210.8366178,0.37680384
202.7629518,0.54110985
230.6434226,0.62152888
247.8229881,0.66440332
263.6689494,0.6824616
269.9738333,0.55813226
254.9941875,0.23286392
256.1539191,0.09479909
263.0546827,0.26382908
285.856197,0.06398744
283.3480826,0.00591164
299.493753,0
339.625247,0
352.969348,0
373.9050536,0
383.6926815,0
369.6457976,0
320.4274815,0
297.5206964,0
264.7813365,0
237.4021101,0
241.8619172,0
230.3674482,0.02881602
218.1242626,0.01433491
235.6152608,0.37091628
267.7106877,0.53439841
264.8996965,0.49588288
299.9765506,0.301086
285.8988406,0.5938085
268.8360179,0.54251208
285.9460902,0.248196
264.3608785,0.34851285
284.8155417,0.05638117
293.4782803,0.01856052
290.1673052,0
297.6793476,0
310.2996435,0
305.3106119,0
320.3819018,0
333.6378204,0
306.5596071,0
254.0935245,0
222.2705209,0
222.1785089,0
203.3623636,0
204.8609434,0
200.5726518,0.03137452
208.9537446,0.1963724
274.6399256,0.3819088
291.3784172,0.54893585
317.6220208,0.67611824
330.3379966,0.7606872
350.5034405,0.69262121
351.6613869,0.14461416
343.5076724,0.6423168
351.5752902,0.27474592
376.5556369,0.26271968
379.1369839,0.11444536
368.2065641,0
384.94975,0
367.6397238,0
368.1511368,0
411.7691758,0
412.116253,0
366.1296042,0
312.2618869,0
265.0569854,0
250.4894789,0
227.6329958,0
227.703177,0
223.1789583,0.0313427
254.3141324,0.1955296
315.15025,0.3798405
326.2222809,0.54586092
337.0375848,0.6729156
346.0534584,0.75534015
370.0083774,0.7749718
368.5144553,0.5872768
403.8465683,0.64099584
414.0933779,0.49904424
393.845725,0.32584196
371.1179083,0.14115696
397.1587679,0
378.6849381,0
408.5516656,0
398.1190595,0
436.5802381,0
423.1065807,0
407.8875328,0
332.1668691,0
299.3662697,0
273.2556607,0
253.7736101,0
248.609648,0
239.1873092,0.03291951
250.2070847,0.20270028
298.4114197,0.39221676
361.6014858,0.56090232
363.090767,0.69107364
352.996832,0.771635
375.3149613,0.7916558
379.3596761,0.75367089
373.9007057,0.65786904
386.1692423,0.5151486
370.3049211,0.33776844
367.2390795,0.14657238
384.9053417,0
371.6867747,0
384.0871529,0
368.8951178,0
401.3001708,0
423.5469527,0
385.1078246,0
343.856491,0
286.931878,0
261.6034568,0
250.9460923,0
238.8036372,0
235.0865177,0.03467821
250.1853542,0.20912104
304.8400565,0.40203624
321.2155738,0.57018
325.1963537,0.70038486
324.7648192,0.56758968
378.0860157,0.80039942
394.4161101,0.7606872
403.5384851,0.65938264
389.6969614,0.51206077
390.2322405,0.33171705
406.9084821,0.14067579
393.5699251,0
364.4611643,0
370.0395059,0
344.3537478,0
377.9893792,0
380.2984524,0
356.0625506,0
324.3570595,0
298.4794452,0
271.0043627,0
242.237605,0
232.2211447,0
231.5141566,0.03214078
264.098216,0.202272
324.164506,0.39090225
358.9074854,0.558441
363.5221697,0.68734941
373.7016535,0.76693295
384.8070595,0.78325704
371.3088572,0.7410061
391.4741461,0.64214007
398.6447755,0.4955535
371.5747797,0.3160844
347.232628,0.12901419
351.8373265,0
349.2787023,0
335.323824,0
367.9299804,0
382.4860482,0
385.7839804,0
389.8224125,0
336.6167892,0
298.406226,0
285.3092935,0
277.1097562,0
266.782644,0
252.1568006,0.0254775
255.5959429,0.18711407
260.7181494,0.37243332
296.5234906,0.07244382
274.6113126,0.43904376
283.1903311,0.7603991
295.6114845,0.77976544
288.2965744,0.73779744
287.6329148,0.63539552
315.4692292,0.4327133
313.0499986,0.30967568
322.7977291,0.12317436
328.765366,0
321.7948125,0
335.7670535,0
343.1301204,0
378.4359078,0
387.3727271,0
378.8565953,0
323.3143341,0
278.9379088,0
254.0154852,0
243.7624048,0
246.4654719,0
240.8798733,0.02714848
268.9804318,0.07443128
344.7170835,0.05989986
399.2787184,0.06647929
370.6915453,0.05800485
352.6274888,0.14031674
375.2255126,0.1059219
389.1324542,0.11859228
377.7818854,0.6272453
376.443125,0.134848
384.2082333,0.2280204
377.868753,0.0380808
389.9887559,0
407.1704952,0
398.1974488,0
407.8501392,0
408.5444946,0
432.8147024,0
412.1427452,0
348.1219375,0
316.0383658,0
291.9840476,0
264.2697679,0
250.6566875,0
264.9119154,0.0254517
289.3412946,0.18711407
328.6752699,0.0304182
340.8134553,0.41233947
327.7211946,0.07918278
312.6544677,0.54810294
359.8594047,0.19879932
368.6876719,0.07761672
357.7947888,0.18832796
380.7702708,0.14125027
383.9031101,0.1109701
380.685044,0.11980488
360.8931686,0
356.6987181,0
362.4076476,0
379.0354138,0
422.6022473,0
403.8882165,0
371.7354559,0
337.9645314,0
282.5291488,0
260.4973363,0
256.5052635,0
243.0690417,0
230.1532401,0.02379104
259.8524316,0.03644379
298.4630119,0.09726815
343.0457595,0.53262079
329.924214,0.17792153
339.9049821,0.1163064
372.4241617,0.1508612
342.7144109,0.252969
369.1540412,0.62293842
364.3638005,0.47594894
339.0843485,0.29917809
350.1313267,0.11476485
335.9740161,0
306.4396071,0
315.8282203,0
295.4603718,0
314.711616,0
323.926638,0
303.115908,0
256.1496621,0
247.7546291,0
223.8280901,0
209.3649792,0
206.4678185,0
205.7861667,0.01023228
203.5710327,0.07910022
220.7942994,0.36650448
207.2086958,0.45504578
212.0556696,0.36905524
229.0059643,0.06161857
224.0959375,0.06499493
218.4474321,0.1335021
220.7295125,0.12517988
249.7294625,0.0415079
246.2995923,0.02376696
240.5861756,0.0085054
271.721,0
246.7396423,0
255.7977931,0
238.1069018,0
229.7173691,0
255.2067566,0
270.2751154,0
235.1293065,0
207.8588095,0
196.3267551,0
190.2256988,0
183.1373482,0
191.1220961,0.01627464
187.1274375,0.17259082
176.0372143,0.16363392
181.2440272,0.51627778
203.6074357,0.30997625
227.5222432,0.31236576
217.4241131,0.17146164
195.490128,0.38301175
205.3609887,0.14961936
234.997229,0.1022196
246.7275807,0.06661044
261.1840804,0.02482777
251.8016369,0
235.5438946,0
264.2130808,0
247.8776369,0
242.547655,0
241.4522548,0
247.8516072,0
235.5730766,0
220.0554737,0
204.1824613,0
194.5977408,0
195.1749546,0
191.0097241,0.01544904
208.1771667,0.01370496
195.1940156,0.03078972
208.9887446,0.0470162
221.21908,0.05724547
211.9019929,0.05639106
217.8374107,0.26414556
225.0714964,0.06072417
251.2918434,0.0547648
241.6095495,0.04111488
249.3977913,0.02315034
255.9887962,0.00772839
262.4476637,0
255.073383,0
259.7329146,0
255.4378423,0
268.0287738,0
290.5422147,0
263.0350437,0
254.0255684,0
231.8314554,0
222.5852232,0
211.9011815,0
206.3536143,0
196.1313147,0.00258903
212.0813765,0.01378752
208.6765464,0.03099096
222.9236161,0.0473
247.8767766,0.12708908
248.0591519,0.06179616
228.3721997,0.0926478
230.7114357,0.06090735
240.3740149,0.08321145
273.0200863,0.07810348
255.1870476,0.04037958
272.0480823,0.01204602
298.9549282,0
284.8419786,0
302.2886409,0
292.5796672,0
320.6660121,0
337.1281934,0
313.168381,0
262.640078,0
231.9348393,0
217.1811784,0
207.7838963,0
198.5939983,0
201.2494705,0.02324322
218.9018673,0.06087682
271.5514312,0.08296119
296.8129794,0.102426
278.5494247,0.1192562
279.0874343,0.2503116
307.161384,0.28706671
332.0625744,0.25397348
321.8859185,0.31890606
329.3124533,0.20837112
325.4195567,0.07782957
338.6188792,0.10385188
320.5208035,0
338.302634,0
340.4062121,0
318.018005,0
342.1172233,0
336.5438809,0
306.0776181,0
255.7045965,0
220.0162202,0
197.2739691,0
195.2597851,0
188.8748522,0
205.7932664,0.00947892
218.8675679,0.08930584
288.1572298,0.3597552
313.5424699,0.29833916
303.5139621,0.0990118
306.9999456,0.22425747
328.4270551,0.62044528
305.3770253,0.53804739
314.5055915,0.1416893
313.8540564,0.45990392
293.264871,0.27923856
320.6527066,0.09622368
336.1459575,0
332.7459147,0
316.9311673,0
315.1724575,0
367.4588068,0
327.9403089,0
286.9998495,0
236.8867893,0
204.8554577,0
189.6588603,0
184.6542849,0
192.4422778,0
172.7889554,0.0086
186.2165332,0.06773618
246.3761692,0.1831198
286.9385633,0.11021889
334.5864511,0.08872448
313.3953786,0.07247865
330.8891321,0.11431808
335.6245957,0.1535616
305.5769688,0.13919874
306.470242,0.46868796
289.3276756,0.28452068
288.6303799,0.09804
322.1244545,0
325.885382,0
315.6599348,0
319.2705377,0
311.849,0
319.2537868,0
305.7334226,0
255.6381101,0
216.3116436,0
202.5720321,0
200.5161478,0
195.3599757,0
179.5139855,0.0086387
193.1110223,0.06790603
263.7805048,0.37878958
307.1903839,0.55109445
311.9815726,0.682152
299.1079889,0.7603002
322.7002755,0.77569248
307.7493858,0.7272117
288.8111808,0.6223734
301.1676476,0.4689795
322.8104955,0.28522932
311.5413437,0.09769686
311.2250305,0
319.2876776,0
312.2427696,0
300.3014821,0
297.4094055,0
316.8212982,0
311.5703333,0
271.3647986,0
221.6997589,0
198.8975862,0
196.9950524,0
181.6315767,0
178.5713267,0.02148925
200.4710314,0.18492408
249.5410251,0.37366656
284.0119868,0.2041296
311.0462471,0.49316442
276.2948592,0.0686151
319.1010572,0.14308723
306.0581701,0.2201342
301.2509295,0.59441996
292.5110636,0.44585625
317.3681774,0.2690424
334.1198602,0.08791565
315.1109418,0
294.3182759,0
298.2028008,0
286.0849288,0
324.6849028,0
322.6488642,0
309.3884611,0
253.1657768,0
242.675747,0
207.4902019,0
209.2395665,0
201.8029257,0
197.1799858,0.01880648
205.549409,0.08019328
207.7310366,0.3124638
240.4836428,0.35074025
260.7817306,0.29494044
253.6824201,0.11176044
271.9519351,0.06092928
251.3594892,0.05331312
244.3773928,0.04995353
278.6224805,0.084796
279.5497553,0.02890374
266.5082167,0.0170366
268.1189946,0
257.8163418,0
251.2073608,0
277.4497471,0
285.1101291,0
289.7684261,0
288.8306811,0
245.0667122,0
206.615559,0
190.0210444,0
192.9612111,0
177.0466602,0
172.6502653,0.0128097
180.6434378,0.10147011
174.3397167,0.01872134
204.1000904,0.04418336
229.8602557,0.05175179
245.7966061,0.16187823
261.5480301,0.25061432
252.6773915,0.0838629
244.4086024,0.03900616
262.6877134,0.02461578
294.8158499,0.16245314
314.6236376,0.00511614
280.6086366,0
307.6987702,0
312.1207617,0
301.6773738,0
306.2049334,0
313.1472162,0
302.2217546,0
262.4253023,0
220.035707,0
198.4286073,0
184.5206846,0
179.8513602,0
183.1634089,0.00255807
197.8902929,0.0085097
230.9578651,0.1190154
285.510225,0.26483184
328.259635,0.66649656
318.6812163,0.5757356
318.6955754,0.33341856
329.7556528,0.571212
375.5650043,0.1499367
335.2096545,0.09666744
318.8257868,0.01952286
307.2804959,0.02380308
324.5559688,0
304.1628677,0
338.7145933,0
311.4491837,0
319.6551786,0
316.5115032,0
293.0517154,0
236.3961611,0
203.7682251,0
187.6572002,0
177.0421747,0
171.8997955,0
166.2767506,0.00681808
192.4893525,0.04516978
250.2978995,0.1558062
306.0459818,0.10296737
280.2574056,0.1615209
295.3159741,0.28152874
317.8760202,0.3056526
309.4098056,0.442728
313.0211088,0.26465167
315.1174791,0.05786596
311.7908461,0.0400158
323.2227431,0.01874972
325.9760825,0
317.6816379,0
335.1144759,0
320.3983032,0
321.9302069,0
317.8862637,0
303.638279,0
257.7476671,0
217.4284465,0
206.5813056,0
187.6154882,0
177.4055939,0
174.2265746,0.0059899
203.1403493,0.07429626
251.6399375,0.1081278
285.5983829,0.40871672
317.2857994,0.56751744
312.1264533,0.64155828
330.9579154,0.61840192
348.0047158,0.63623488
336.3060093,0.55201594
335.9003328,0.440664
324.0784256,0.25989372
338.6428643,0.07862034
321.9892143,0
329.8788522,0
326.1298766,0
329.2885369,0
382.2567714,0
342.5096275,0
314.6658536,0
284.3786428,0
229.5228647,0
208.956944,0
208.2842712,0
201.7298333,0
222.1450833,0.0128097
216.1657937,0.17137478
273.3619006,0.35331337
290.8150217,0.51452768
297.6418101,0.63409348
302.3993617,0.71173385
288.2109837,0.7175883
326.7102328,0.66607688
294.4329644,0.56205644
308.3896684,0.41296512
319.5146414,0.23718456
322.1783371,0.06587256
325.1930038,0
339.9944633,0
328.863763,0
320.5678122,0
357.1716102,0
350.1511083,0
323.6499729,0
272.7434764,0
237.0115376,0
218.3703307,0
192.0271845,0
194.9935411,0
188.9960053,0.01110174
210.2175516,0.1570317
264.6765519,0.33307972
291.1032446,0.49075986
267.1708066,0.6104065
295.7522148,0.68043372
300.4904338,0.6910143
321.7509626,0.31792824
305.8090902,0.15744278
329.0700602,0.39716133
342.1596359,0.1859836
308.840461,0.05769052
318.1785222,0
321.8332699,0
294.6231307,0
321.0186203,0
323.0725699,0
331.9832269,0
299.7203611,0
295.3190076,0
238.2021248,0
225.5818525,0
205.0675614,0
202.9954733,0
192.9185691,0.0119798
202.8451184,0.16067079
215.8098539,0.33951467
220.4090464,0.49970128
245.5935788,0.62050978
276.9945362,0.69977856
253.5764019,0.7107126
271.0282154,0.66226837
285.469613,0.5613048
253.0416561,0.41297028
262.1716642,0.2380351
288.7829656,0.05780748
276.4570115,0
267.8442553,0
263.751708,0
282.3244524,0
282.218266,0
303.0114831,0
265.988603,0
246.3496825,0
214.5842054,0
183.0098516,0
177.9738683,0
190.2933085,0
184.0864725,0.0145469
203.9933467,0.1677258
212.7323736,0.35123346
226.2060662,0.51705264
220.1015979,0.64267972
250.3056517,0.72096165
254.2813158,0.7324878
255.6110968,0.68316207
263.4270437,0.5733964
262.3570791,0.42226
261.648957,0.24214762
283.4627715,0.06630858
324.3634015,0
295.1863576,0
290.0704017,0
287.6295703,0
319.3040108,0
318.713528,0
311.6960291,0
255.6965517,0
212.2987691,0
207.6253365,0
195.9945655,0
187.6936816,0
199.0186832,0.01195572
215.9599268,0.1609146
266.9790365,0.2904435
313.144707,0.44325819
313.4132068,0.46373952
330.3422258,0.55118776
365.1076164,0.65347874
356.7426305,0.6258994
361.1313411,0.55795553
357.4404628,0.40807559
343.9926571,0.23146384
318.4647085,0.05886528
322.1280256,0
344.7796971,0
315.7789189,0
330.3427967,0
327.519631,0
339.9871133,0
319.99019,0
276.6285893,0
240.1498412,0
219.2005663,0
205.2891425,0
189.414378,0
188.8300736,0.01027356
209.7185311,0.15681584
276.6166405,0.33477392
296.906336,0.4955535
291.0964443,0.6171274
308.0342083,0.69384198
324.282413,0.70494028
320.996127,0.65687617
302.4240682,0.55119077
299.3650362,0.40324626
306.1950275,0.22810124
320.840377,0.0578952
339.9860914,0
318.7661885,0
339.0353131,0
308.2797655,0
319.1115727,0
326.13835,0
307.4476186,0
252.8639733,0
220.1361439,0
194.1134098,0
185.410038,0
171.8907546,0
182.6052425,0.01198582
211.1234761,0.16294592
258.9653966,0.34804673
293.4424562,0.51268728
288.1203976,0.63479997
281.0890446,0.52578207
300.1547499,0.72474952
307.3436458,0.6725974
315.7202057,0.56728524
307.6137243,0.4120948
303.4814006,0.229878
325.003365,0.05468224
323.5135705,0
338.1666409,0
351.3125127,0
338.5466931,0
329.1929944,0
333.1418893,0
300.9508789,0
251.7513734,0
213.9962255,0
208.7236712,0
188.4425833,0
186.810253,0
186.1708512,0.00428925
204.5025207,0.1497475
262.1219603,0.15619965
290.145412,0.21892031
294.731269,0.36214686
301.0599711,0.26411675
329.1542158,0.28959425
302.2194645,0.64130716
294.3789017,0.55028218
279.9964065,0.30029824
308.1994257,0.22408074
323.6454259,0.0531867
335.6418526,0
311.4366186,0
339.2099431,0
316.9586435,0
320.8482916,0
323.185324,0
327.0740621,0
277.5740338,0
230.8545515,0
215.7363343,0
203.2796687,0
193.5671113,0
192.0744696,0.00949784
213.1891419,0.1544904
270.5039333,0.3328673
298.1243508,0.49079125
284.3306104,0.61021816
293.7473822,0.69949734
311.5518598,0.71069196
314.5957802,0.66053547
310.2947509,0.55965532
304.1941653,0.40823254
291.5169014,0.22801266
320.1349372,0.0549024
296.0090209,0
302.4703354,0
307.061553,0
302.115911,0
324.1596727,0
309.9501411,0
274.0710277,0
258.512499,0
231.6217066,0
201.8367784,0
205.6284596,0
198.6019965,0
192.0639322,0.01208816
196.389671,0.16573103
205.4631466,0.3516927
223.4053929,0.5172513
244.15742,0.64057616
242.0991641,0.71615468
258.2633547,0.72477704
270.3245012,0.67345525
268.870896,0.56843592
262.3412157,0.41612433
302.6069399,0.23363706
293.334555,0.0556764
281.1958702,0
286.2692481,0
293.4256376,0
304.3232381,0
298.8305539,0
292.4934567,0
298.6865356,0
271.7250962,0
227.0940827,0
223.7027642,0
202.5158707,0
192.4316631,0
182.3137852,0.0086086
203.0498505,0.1523146
215.5132872,0.32828565
228.8597494,0.48335096
253.0642407,0.5961735
270.5985704,0.66004742
275.7862086,0.66480064
285.1064897,0.60999241
271.0309288,0.506153
279.5519991,0.35996031
304.5729035,0.18939264
283.429084,0.0290938
264.1267674,0
293.7740588,0
301.388784,0
324.1650164,0
327.1364968,0
323.9686084,0
288.6544579,0
244.643392,0
210.837717,0
195.0481746,0
185.1492084,0
179.6981012,0
188.4542068,0.00602903
198.2942016,0.1424031
288.2380823,0.316609
334.7544392,0.27925146
318.97841,0.20890905
328.5313625,0.464013
314.5820381,0.30109116
311.5527347,0.19402116
315.3466561,0.5346792
328.3652528,0.3837105
296.459251,0.10770984
305.9953238,0.04201358
323.7062832,0
325.1626525,0
319.8338518,0
311.1440588,0
301.1516266,0
324.6785002,0
291.6597385,0
237.3513307,0
197.3743087,0
192.5374392,0
169.6493431,0
174.2791512,0
169.6078071,0.00517032
178.0845275,0.1459807
244.4716138,0.32377968
313.8095384,0.04872588
282.5079996,0.6060205
280.2780998,0.69273344
303.543573,0.33015744
321.44945,0.64987878
289.8483832,0.4124474
317.0836374,0.30166048
299.264705,0.2061936
325.0526317,0.02067096
310.1626391,0
311.369129,0
332.1655304,0
318.4649505,0
316.9424782,0
312.3640703,0
286.8915591,0
230.7138753,0
192.8556566,0
181.7286684,0
167.5777828,0
158.2598491,0
164.1142441,0.0060501
181.608179,0.09747154
239.0103815,0.32196164
290.9827294,0.33368
303.9258797,0.41496462
296.1673483,0.0644355
303.8414905,0.14964
302.596607,0.06198192
300.2645021,0.0473946
301.6255293,0.03281072
296.0751181,0.01557288
310.7209624,0.00520386
289.771006,0
305.2518374,0
332.7433758,0
316.8144589,0
328.8321548,0
299.8414369,0
287.3877784,0
255.4353049,0
204.6236378,0
181.1641658,0
178.0970208,0
165.5675119,0
176.2324851,0.00522192
209.4840281,0.0173376
239.9947156,0.03109932
278.408838,0.0430645
307.2129817,0.05409873
288.7541496,0.1114646
301.737151,0.1327668
301.3156018,0.08394288
299.1666183,0.04718175
316.6351058,0.04722905
309.7057051,0.0688
324.6898813,0.01034064
325.5545662,0
314.7348776,0
325.1213717,0
313.3045453,0
319.6006118,0
313.7930224,0
287.3488835,0
233.5305904,0
206.8803979,0
181.6233608,0
168.2707458,0
175.7461322,0
165.2592982,0.0051858
172.8577544,0.02242708
236.0432215,0.06542536
274.4539388,0.1203398
270.318262,0.30312463
276.9480242,0.47291228
290.3361845,0.49326375
296.1799834,0.48578648
307.7561221,0.29397294
297.7110779,0.22296274
307.2003934,0.01466386
299.2716279,0.03804812
302.1621666,0
286.3609163,0
271.2331331,0
263.5743303,0
287.9632792,0
264.8928393,0
239.5493029,0
208.6305893,0
190.4857044,0
165.1108691,0
166.5446952,0
165.2558388,0
164.2223799,0.00695568
152.5999702,0.15061266
167.8974827,0.33328784
187.2214881,0.07837739
211.7520039,0.22532
208.255753,0.45018936
216.7701539,0.40101757
235.0451888,0.65466468
232.2719212,0.54008
243.8341444,0.38499663
250.8080715,0.20367036
253.9015335,0.03550682
252.0908672,0
242.1917649,0
239.0564384,0
236.3656845,0
246.0038891,0
264.2585114,0
241.1948959,0
234.0335208,0
202.288753,0
173.0143903,0
153.4298333,0
154.439622,0
146.9009859,0
158.4013839,0.03633672
168.585256,0.0517806
192.0075893,0.10852254
192.914122,0.22102
207.4110046,0.14526733
205.5575804,0.12377808
235.5847619,0.25185401
257.7696272,0.07145138
241.7190553,0.0603204
256.6771339,0.01467117
261.2210714,0.00345892
252.1948332,0
245.9193988,0
262.5806567,0
244.5947674,0
277.9934161,0
298.2775447,0
258.0565289,0
215.6247772,0
182.0750536,0
164.8927083,0
160.45941,0
157.0494447,0
158.144687,0
170.0348899,0.14563584
227.7626309,0.18505222
248.5984188,0.34088895
213.4282173,0.3379628
239.899587,0.48601008
259.7388142,0.43667403
294.0853469,0.50213207
271.4639167,0.42310452
294.2584223,0.37263456
285.4276548,0.08725087
296.8734851,0.01384944
321.2708791,0
319.1716905,0
314.7355208,0
322.9014319,0
342.2484143,0
306.1778691,0
279.0482113,0
240.9848415,0
207.2099107,0
179.8265685,0
177.5065261,0
168.9891234,0
178.1331175,0
194.7614447,0.14230936
264.1838452,0.06578484
295.3318218,0.21337589
272.6471243,0.2689908
281.8944855,0.21618379
302.0368512,0.31178698
295.9365131,0.44292408
284.8180784,0.16043988
299.5314188,0.051858
305.5765964,0.0849121
307.3187529,0.03128508
294.2323412,0
307.448878,0
337.9061058,0
323.3474762,0
316.9470713,0
312.7426131,0
288.8459226,0
239.4901425,0
194.3490744,0
188.7043373,0
178.0304583,0
169.4164464,0
186.2130962,0
199.2411702,0.14650272
236.2226286,0.32999834
278.8914825,0.49376556
280.6038747,0.61717126
281.332422,0.68919884
306.2149267,0.6948585
312.7079107,0.63856032
305.287063,0.52605684
308.7266577,0.36690954
307.2254643,0.086301
330.956997,0.0129903
325.3080902,0
324.5005774,0
321.5212094,0
312.319372,0
308.7233869,0
316.5811548,0
289.814178,0
239.3086091,0
214.1762262,0
188.4672202,0
177.8747926,0
178.374875,0
178.6554683,0
195.6847435,0.13515502
263.0093691,0.30983908
297.6799636,0.46877353
265.3557262,0.31505584
260.555323,0.658889
289.2524262,0.6665903
273.2436935,0.29294352
270.1503088,0.39718455
276.8283095,0.07904088
298.3883324,0.18173219
264.0655566,0.02503976
264.6028393,0
254.1685119,0
243.9452911,0
271.8768106,0
310.760719,0
287.713622,0
281.1286535,0
237.8346786,0
200.2522143,0
180.874881,0
171.5745893,0
172.1334468,0
176.6074137,0
184.690497,0.0908418
223.6930004,0.22794816
226.7078863,0.41879592
214.3126084,0.59052459
222.2317143,0.52757775
259.1473903,0.49473134
256.0541202,0.62077208
239.0738593,0.51239316
247.0415394,0.3610194
270.1924673,0.18440808
287.0045565,0.0250647
262.3784213,0
269.4359792,0
277.2081519,0
248.3455798,0
264.0144047,0
287.4309107,0
251.9864794,0
211.3878096,0
187.3406888,0
165.9144881,0
155.0504235,0
154.6756607,0
154.7940763,0
160.0175298,0.13576261
176.1756325,0.31366608
181.8303482,0.4727635
190.1565512,0.5112786
188.6932843,0.66297744
224.7333417,0.6164136
259.7258103,0.61415352
233.1691815,0.50355795
232.5530804,0.35088
236.3545431,0.09134232
263.9646744,0.02161825
247.1912054,0
222.9313036,0
235.4184533,0
279.4315546,0
271.7914403,0
262.7730863,0
240.4703803,0
229.1042321,0
195.021875,0
167.7163399,0
157.3928497,0
156.6766467,0
156.6649575,0
157.3791763,0.1317004
181.9460313,0.06997347
190.0094434,0.09388061
200.9963274,0.29913036
198.6430506,0.34863626
203.5955179,0.43149855
215.4751025,0.60306855
238.0817054,0.50037724
236.6008304,0.2750624
242.3349137,0.17311929
269.6630476,0.01988879
280.6067271,0
259.5420663,0
260.7950381,0
288.6792167,0
315.9434047,0
333.8525256,0
314.5403571,0
254.2540625,0
224.0743357,0
188.3266337,0
186.3976758,0
181.5432202,0
192.3745295,0
203.5291299,0.086387
248.4083712,0.29871842
305.9106765,0.4553442
305.8239937,0.57390165
293.7632232,0.64135016
296.4385118,0.64939245
308.6797352,0.59736288
301.5088661,0.48307834
291.831378,0.11363352
275.8638107,0.16310889
291.2614197,0.01384256
301.9685848,0
298.6636906,0
317.2805149,0
310.8938754,0
321.5263827,0
320.4407774,0
295.3215608,0
259.5325839,0
193.9317802,0
171.3827916,0
156.1390081,0
155.1923304,0
154.6808542,0
179.3897589,0.07493223
228.4107063,0.17002458
257.8228673,0.30478228
242.684994,0.28437534
245.9150893,0.31192716
260.523153,0.44487972
260.9055708,0.36208752
270.0762368,0.1156356
246.5600293,0.11266
236.4483858,0.0121002
265.0467083,0.00260193
282.1355357,0
255.162097,0
251.8096438,0
277.9873423,0
286.152672,0
253.1871065,0
227.364068,0
202.9206873,0
151.5428917,0
143.4106845,0
129.9896042,0
132.0348796,0
127.6569255,0
151.5720238,0.03392571
225.746375,0.12848916
249.2848427,0.09266414
245.6444911,0.14426629
228.1307769,0.09584184
241.082256,0.16759078
251.7623613,0.2489184
220.381753,0.11420112
246.5237839,0.069316
246.1322287,0.03991604
261.6566774,0.0121604
263.6900179,0
255.0258425,0
240.6450237,0
268.286842,0
294.9589226,0
279.0599703,0
253.0903452,0
218.1231152,0
173.6787091,0
173.1597381,0
149.3633125,0
143.6814665,0
148.3035804,0
166.0703333,0.030401
236.401,0.13696704
270.2368846,0.19725648
257.8696145,0.18400431
232.3865543,0.15267666
279.7260066,0.14900317
260.4399464,0.07493223
252.9699524,0.10593867
270.8665166,0.04916706
261.1144806,0.02850771
266.2793586,0.00606214
281.2187988,0
265.9233195,0
277.1537887,0
264.1684793,0
277.3927221,0
266.2384352,0
261.6666071,0
228.1270967,0
180.6883349,0
153.108709,0
145.5351964,0
150.1824608,0
150.472167,0
172.9650566,0.0060501
212.4180119,0.07166552
245.6202322,0.0637991
252.0557638,0.03961934
262.6723899,0.09976
286.4036521,0.19598196
289.0198869,0.12979507
269.5466339,0.17363314
268.7680158,0.12562278
285.8491285,0.05598385
302.3680685,0.00775935
291.6618364,0
270.5698125,0
259.2965732,0
291.2918101,0
304.4369851,0
319.2154642,0
295.4689197,0
245.7316194,0
222.3803131,0
194.0722363,0
183.5668125,0
171.5259911,0
172.7061964,0
175.6976565,0.0388161
206.2325,0.11713544
205.4914345,0.26918
206.8213541,0.03263098
242.0435625,0.411768
243.7986637,0.09007425
257.7450595,0.2796591
263.7610074,0.35464723
248.7582471,0.24005997
269.9812262,0.04741825
274.4069316,0.0146931
278.676786,0
257.9677538,0
245.8340992,0
264.6489354,0
258.8098202,0
290.027628,0
260.8700161,0
234.9837997,0
202.2146471,0
177.6300697,0
177.1380241,0
174.4696862,0
172.5031055,0
180.3389107,0.03977758
196.7511012,0.08880145
214.710628,0.16245873
215.4075736,0.08917168
214.7937999,0.25512674
221.3525625,0.34723962
230.8166966,0.25059411
260.4139408,0.33731522
244.9967798,0.3397086
261.2092559,0.16426
278.7906607,0.01466386
267.9829127,0
245.672881,0
286.5036548,0
281.7571637,0
285.8220437,0
298.0066548,0
282.9814583,0
218.9557981,0
189.3487946,0
179.3122633,0
166.1776698,0
163.473482,0
161.3787828,0
190.763625,0.11311064
245.4845595,0.12846035
310.9235616,0.0689032
290.5351042,0.04904451
276.0951989,0.20038
297.0287612,0.20382
305.8627947,0.19445718
293.8395087,0.1463462
278.436494,0.3120983
261.1832805,0.0881586
294.9336288,0.0086559
301.8183958,0
314.1893673,0
305.1933077,0
313.2035072,0
324.3402564,0
307.9164762,0
278.3569435,0
234.8380786,0
206.3896463,0
177.9616131,0
160.9514857,0
151.0851131,0
147.2974475,0
174.1433065,0.0138976
222.8414452,0.0537199
287.797727,0.02940082
260.7632525,0.04919157
250.0897363,0.14836376
266.2640477,0.14750118
272.9555417,0.13980762
270.070007,0.34382026
265.1827341,0.01470772
252.6179641,0.01126385
293.3306893,0.00260451
312.6783323,0
295.7428738,0
290.2970179,0
274.1559702,0
307.4120768,0
313.4123899,0
263.9466003,0
239.5458997,0
197.5793937,0
169.8268896,0
161.9833662,0
164.4364417,0
154.6490476,0
178.4524345,0.03218593
252.0308056,0.03993582
278.5698743,0.03814272
281.0924935,0.04936314
263.3349076,0.05626335
277.5287531,0.09867726
267.5033837,0.06665043
272.48475,0.15753738
292.0308767,0.0970424
279.5257857,0.021715
296.7940447,0.00261225
296.1323232,0
279.6307143,0
320.7183298,0
280.9826652,0
297.7298375,0
282.3738095,0
277.6177128,0
245.471097,0
195.1397463,0
180.4959583,0
161.3492113,0
153.5605685,0
154.1436104,0
161.3264758,0.12091471
240.9195089,0.14997024
291.2713202,0.4649934
273.5074565,0.58712415
250.6610693,0.4648644
260.0942125,0.45385296
266.8252478,0.60397542
240.7146067,0.48737619
264.9218216,0.17733716
254.2299405,0.15879384
270.937517,0.01214234
284.6974643,0
274.2843661,0
296.7878083,0
269.1672449,0
295.3134677,0
286.4254158,0
257.2369251,0
240.2026696,0
201.0968928,0
168.2741161,0
140.6859405,0
142.2687351,0
139.5686012,0
163.6800206,0.11604668
235.0600339,0.27702621
250.0754851,0.45045467
250.4753365,0.50654
245.61975,0.48885066
253.7412198,0.63973895
256.1275208,0.42806586
242.6783321,0.38891436
233.5865536,0.32158195
258.8597649,0.0769227
259.3189235,0.0086645
265.4720935,0
267.5759386,0
274.8725536,0
252.520403,0
266.4692457,0
258.9626607,0
257.0151756,0
224.2419614,0
187.7662333,0
162.5438599,0
157.5129083,0
159.1494598,0
149.7130506,0
145.4707953,0.03218593
175.9062418,0.21433178
214.0202465,0.2250534
187.786,0.39172269
186.8522072,0.285219
234.9596054,0.6473607
219.0965089,0.13316842
235.4832649,0.25781768
234.3810447,0.07541856
224.4856691,0.14672073
235.1214965,0.00696256
225.8566589,0
254.0236623,0
224.0930194,0
237.5085976,0
232.0862962,0
233.8765085,0
238.0985883,0
212.1558685,0
179.7982548,0
155.0995804,0
165.6111906,0
146.8436994,0
159.0327702,0
146.3724137,0.1114044
170.6115962,0.1802603
201.0293975,0.4543552
186.1654554,0.57874904
200.6401484,0.654804
216.2838492,0.54046872
229.1196577,0.456273
228.9454114,0.14635824
254.7192679,0.34200824
258.9895328,0.16093008
250.256351,0.01053156
277.3651866,0
262.3175648,0
248.7236775,0
264.0819539,0
277.2402292,0
290.4667846,0
278.9994189,0
213.6198482,0
177.2699881,0
151.0571586,0
155.4321739,0
154.6877545,0
155.3078929,0
165.8749167,0.1139242
225.2429193,0.2932944
280.962746,0.2349864
256.8025696,0.3644508
256.6611036,0.649515
273.7224792,0.65633007
282.4815625,0.60098735
273.0294906,0.49030191
246.2254769,0.33514974
261.8008928,0.1564254
283.8034732,0.01049544
265.4102932,0
272.3155703,0
288.4721579,0
287.4540654,0
291.118692,0
284.4470446,0
248.6869942,0
221.2425171,0
176.4844792,0
151.0202173,0
147.0546478,0
137.2986604,0
143.5604482,0
168.7599421,0.11299239
223.8738958,0.29170125
260.4512145,0.45469576
257.0866577,0.57648294
254.0679046,0.64876637
248.7904316,0.6558876
270.9589874,0.60324399
256.3620565,0.49820488
262.0716503,0.34260336
246.8728822,0.16226738
280.5675673,0.01135888
297.0146319,0
300.567856,0
302.6523726,0
291.7110938,0
318.2403006,0
297.9091319,0
242.7681161,0
231.7275185,0
176.2551274,0
147.7063601,0
136.6414124,0
140.2671454,0
150.7112,0
166.4712589,0.10551684
221.1153,0.27840651
246.2003839,0.43539048
262.1291649,0.55408596
256.1323006,0.62178
257.8726559,0.6268583
268.8362625,0.57304638
270.813931,0.46354
283.8270685,0.31366608
241.4639643,0.1426095
267.4189797,0.0060802
277.6119656,0
277.8162915,0
268.6422113,0
268.1245863,0
265.4840774,0
272.6493518,0
250.3094047,0
234.1868155,0
176.9402649,0
153.4976131,0
145.8049624,0
153.3280863,0
148.9297727,0
160.7300149,0.0987753
206.452259,0.26613861
251.0743604,0.41969892
276.1189659,0.53593738
276.2281578,0.60608156
267.5149531,0.61175756
292.6648333,0.5599202
286.2121939,0.45802955
279.6792441,0.31171173
264.4205982,0.14304552
267.9841042,0.00779418
277.3937024,0
251.4035237,0
269.3441659,0
262.1389551,0
285.5044256,0
277.368116,0
248.8481024,0
227.680006,0
178.3996378,0
160.5957237,0
160.9674256,0
148.6116588,0
154.4423657,0
159.4451786,0.0218655
190.7060446,0.02969322
272.3946076,0.0436235
286.8772055,0.04704372
281.4114524,0.06878925
275.2522947,0.08014856
275.3565401,0.04970628
271.4305476,0.03929985
266.7300431,0.02712655
256.9888631,0.0175354
260.6806221,0
252.058,0
233.2467232,0
252.4755944,0
251.7347828,0
268.5876935,0
232.5766886,0
222.7252247,0
203.1256465,0
184.3724226,0
173.8268205,0
152.1071988,0
152.1529342,0
146.8677879,0
138.9117883,0.1000008
160.22318,0.19397472
218.5109125,0.275157
224.0706845,0.5654586
232.4673413,0.63628992
244.0849466,0.64486455
228.2144084,0.59176944
229.4943391,0.48213363
252.2760486,0.17250912
249.2225759,0.06868734
230.0915208,0
242.8054553,0
239.632125,0
238.3667306,0
241.4593617,0
241.5951005,0
268.3039822,0
260.0088412,0
225.551629,0
175.5863464,0
152.4560683,0
151.0928959,0
148.0171729,0
150.4223482,0
163.6948274,0.10377276
157.5932511,0.28260288
173.7530403,0.44639848
195.7375908,0.5681676
174.8118512,0.63834102
201.9867758,0.6485346
212.1505457,0.59620575
219.5624815,0.48688857
222.62875,0.33126555
243.2484345,0.15282888
252.5326429,0
242.3524583,0
238.8385118,0
233.1497166,0
256.5329733,0
266.4076239,0
294.3571697,0
253.7939832,0
217.0819846,0
178.3778839,0
147.569272,0
136.7991905,0
153.2634484,0
167.6078988,0
167.0397143,0.09631914
223.4333571,0.26885664
279.8469469,0.42571032
251.6828572,0.54231084
239.5529938,0.60782865
265.3477113,0.61369686
276.1297917,0.56107002
280.1513505,0.45118008
260.6826399,0.30410331
263.5184046,0.1368432
281.8288066,0
285.6841036,0
284.394003,0
270.0029345,0
296.5808899,0
307.2114924,0
289.6892982,0
256.5768714,0
216.7100119,0
181.9753393,0
151.7709519,0
148.6773363,0
146.5503423,0
148.1927947,0
174.789132,0.0448318
225.6995298,0.25223198
256.542744,0.27461434
246.2034428,0.09904835
234.4736905,0.05086685
235.9197485,0.03541867
245.7583932,0.11085056
254.5473053,0.0521418
248.6384732,0.02355669
244.582631,0.00963974
267.2050793,0
279.4469128,0
280.2011753,0
294.0434619,0
278.9596556,0
286.8009643,0
270.5485863,0
262.5312555,0
220.9679613,0
177.8692626,0
158.0804196,0
146.322575,0
154.2927917,0
143.7674226,0
162.4919899,0.0053019
227.6860571,0.017673
247.5826697,0.02384694
278.782156,0.1280669
293.5034732,0.05473298
314.5084823,0.11735388
286.6247015,0.13493529
273.144122,0.1701295
298.106145,0.155144
274.4618756,0.0096965
264.1903686,0
264.6449673,0
254.4206601,0
260.5451528,0
238.913088,0
275.725114,0
271.9277576,0
265.4763958,0
226.9078209,0
180.8071536,0
163.2797381,0
150.96262,0
142.4240506,0
155.2902832,0
157.9580655,0.00968231
223.4823006,0.03953205
265.8197664,0.17447723
254.1394143,0.1226274
243.9470685,0.29678772
272.407411,0.25638965
260.0885208,0.3797717
247.4310588,0.27752716
256.4080685,0.15065652
284.3683888,0.04646881
247.886161,0
259.7502738,0
275.4579425,0
265.6715469,0
275.3292859,0
291.6735921,0
288.1096356,0
274.5736042,0
233.9494761,0
195.9452396,0
163.3567411,0
147.474832,0
147.5583095,0
157.7652321,0
171.7785062,0.02006681
235.5981875,0.11563818
255.2073037,0.09627141
245.6248006,0.34814004
256.6689583,0.34692916
279.8761111,0.18004272
261.2370531,0.2078448
258.4176012,0.17432931
287.083628,0.03736829
270.3566228,0.0156735
293.9049004,0
299.970195,0
277.8218512,0
288.7726715,0
288.8406925,0
310.3604863,0
320.596601,0
288.4187798,0
235.116649,0
219.2105328,0
196.3764018,0
194.4320019,0
182.9771667,0
187.8804609,0
184.937619,0.01564254
182.1504548,0.23070446
233.324206,0.05888936
234.1484464,0.1218663
253.487841,0.2244944
238.8258304,0.23991678
243.7173304,0.23560173
230.207909,0.19168368
238.003009,0.07609624
236.1021219,0.04594464
239.3952858,0
252.3838922,0
247.7002875,0
252.869259,0
254.0030816,0
255.9627917,0
268.7508542,0
259.0326637,0
234.7907203,0
222.325059,0
178.3244637,0
162.8550804,0
159.3173452,0
166.6845863,0
180.2655979,0.07900347
141.8869117,0.2423652
156.0499006,0.39804584
151.4265655,0.51711843
154.0054038,0.26778336
159.1919416,0.36526092
191.9610863,0.308826
244.1350973,0.44847108
244.8147858,0.0431075
244.4022342,0.13503204
268.048556,0
248.3943001,0
242.3754167,0
273.1850864,0
268.4413198,0
276.4646648,0
282.4921935,0
262.5897039,0
225.712184,0
195.1790753,0
158.2847279,0
154.5155345,0
142.4262679,0
145.3549551,0
164.737378,0.00434945
238.6522099,0.12321908
238.5308583,0.14786883
242.1497322,0.45843504
240.0483951,0.59254
247.401761,0.59997986
302.8651143,0.5504
318.2066786,0.4478708
296.6086994,0.3020535
294.5968304,0.13589763
287.6695217,0
331.7699136,0
311.4340238,0
327.8744989,0
332.1189129,0
358.8193108,0
327.9951499,0
297.5511756,0
223.0026217,0
199.8739051,0
183.0087857,0
185.5391917,0
174.2025089,0
163.4865087,0
187.5925171,0.01652791
236.8761101,0.03818056
306.8576595,0.07270956
290.7092611,0.043258
277.7087897,0.05106981
299.971035,0.16730784
339.4757619,0.069488
333.9507053,0.0365715
331.0923542,0.02095992
317.8821637,0.00963028
334.3795798,0
326.858153,0
330.4335506,0
330.9495417,0
342.4766337,0
377.4906935,0
348.974997,0
293.3716062,0
269.8934226,0
231.9221566,0
196.8664673,0
189.6652083,0
178.3873172,0
182.5681815,0
208.5344747,0.06061581
282.8043441,0.11129518
333.8759256,0.29474694
335.7233637,0.2304456
291.278832,0.14991692
313.2188155,0.24044568
326.8836458,0.38680392
312.3948312,0.30332028
314.4089852,0.0610729
290.1224673,0.03584179
304.4613938,0
301.3846792,0
298.7137852,0
305.9120059,0
287.505644,0
326.1050339,0
285.4397292,0
295.263375,0
267.7658246,0
228.8867231,0
204.7018492,0
182.5245982,0
174.1461178,0
182.8979881,0
187.7351388,0.02011626
239.7501458,0.07063524
298.3622441,0.1130857
289.8344204,0.317039
303.0146577,0.37207599
317.7849577,0.44795465
276.6953661,0.40289925
296.6331291,0.15091194
284.0934091,0.11911602
283.3240358,0.0610127
311.5925648,0
298.0487529,0
286.4602072,0
287.7959226,0
279.3621012,0
306.725167,0
304.9685506,0
295.3418258,0
259.8046137,0
218.290681,0
191.4812143,0
171.7538427,0
178.4521756,0
167.1738482,0
186.4970969,0.0088064
233.5662252,0.03432819
290.5821778,0.03343164
275.4735338,0.04931584
253.4164034,0.077572
292.7240768,0.0839059
301.951612,0.12117787
289.0464634,0.0806078
277.4578955,0.0266127
304.980741,0.00976745
302.8592365,0
291.5375266,0
274.3330547,0
270.9314754,0
254.8194837,0
261.1751239,0
279.9300631,0
277.975911,0
235.6317246,0
193.6046252,0
178.3507012,0
169.6123179,0
158.1049431,0
157.6264153,0
181.7633953,0.01506591
176.4550484,0.0512517
207.2950149,0.13392264
190.7637464,0.33734016
209.8866349,0.58918944
230.5940893,0.38471326
227.6160088,0.40136372
225.6434405,0.20078033
242.2175036,0.18675201
230.7575804,0.0666672
235.4612798,0
248.7321074,0
234.5346559,0
251.7444256,0
244.7131061,0
251.6999762,0
245.5438214,0
259.2616145,0
219.5429196,0
202.3193534,0
178.8833953,0
162.3393211,0
167.4778363,0
155.4426189,0
163.7522915,0.04709016
175.8863423,0.22160265
204.72775,0.1455636
215.5541786,0.29803515
243.2422083,0.33020345
260.8655672,0.25752571
247.7136786,0.18766748
239.4201131,0.27389022
252.5155863,0.1207612
230.9693523,0.00951676
247.4628757,0
267.2373929,0
265.1944226,0
243.232556,0
253.2633125,0
268.5561187,0
286.6077117,0
257.9453655,0
205.1944262,0
188.4809252,0
169.5555118,0
154.2174968,0
147.9905247,0
164.259372,0
170.8160488,0.06785142
220.529078,0.23001818
284.4291012,0.38566528
298.1643958,0.50406277
274.5593761,0.5764752
287.5427304,0.5902008
293.8001696,0.43278984
276.1222145,0.44570274
286.2702093,0.17536561
272.433369,0.0547218
280.3398631,0
289.1128018,0
284.5277142,0
285.5020691,0
288.4162976,0
285.8068268,0
280.9435727,0
259.1838661,0
215.3492648,0
204.6377833,0
173.9920492,0
157.7868497,0
144.3930467,0
154.543994,0
172.751045,0.00626682
240.1533075,0.02326558
256.1758744,0.03221388
251.5253482,0.04472
260.3307166,0.0518752
279.2470484,0.0527696
275.4518452,0.05816395
278.3452768,0.03849618
274.5776012,0.02419524
276.8793452,0.00987151
294.4644911,0
298.8748518,0
293.3904107,0
300.1343185,0
309.1598184,0
300.2082473,0
288.9937057,0
250.5931397,0
225.349341,0
196.4487518,0
169.5862803,0
160.0705647,0
164.3272247,0
166.99025,0
181.3582786,0.04205701
253.4309582,0.22049196
288.0385648,0.37847525
275.8426845,0.4457509
279.4705149,0.41741433
277.1155714,0.1817653
273.7711429,0.15442848
281.8070541,0.1189853
290.2163066,0.20077388
278.5854553,0.07740129
269.2385776,0
301.0438874,0
312.3029852,0
298.5190476,0
291.7196047,0
297.5087678,0
297.9521191,0
274.1221637,0
242.7921733,0
190.6108662,0
169.710994,0
156.013104,0
149.9795152,0
158.3984256,0
188.1686333,0.02934492
210.9852996,0.05413872
291.3399012,0.18238622
277.4425298,0.05575122
278.5711339,0.11139408
293.5020417,0.09892064
280.9574585,0.08217945
278.3708758,0.09548064
295.0197326,0.03807091
278.8850314,0.00620963
323.2774077,0
313.8144488,0
301.6437351,0
312.120681,0
304.9212321,0
313.7450906,0
328.7794524,0
300.417968,0
249.4321045,0
190.6488592,0
168.6965476,0
157.3502589,0
150.209128,0
154.079896,0
197.6905565,0.004472
209.1908924,0.0089354
236.2631875,0.22138464
242.9533628,0.18540912
272.1389241,0.11844049
268.3936919,0.0329337
284.1130049,0.05604921
268.2137411,0.0560763
268.2598699,0.08638141
254.1640208,0.0089096
266.1030555,0
296.8934703,0
261.5955037,0
232.4159702,0
247.7770119,0
273.4340655,0
250.2582239,0
249.1677968,0
206.15925,0
190.4093304,0
158.0181905,0
155.2562713,0
144.6042142,0
148.2642173,0
165.3810423,0.0044677
175.3975571,0.0089268
178.6039746,0.03032188
186.1785774,0.05432233
203.8274286,0.0311535
203.8111979,0.1200474
201.1395982,0.02842816
215.7209104,0.10132434
231.0746086,0.0124614
246.4433062,0.0802251
228.255379,0
242.2530286,0
235.8310535,0
249.7014094,0
244.1227202,0
230.0457357,0
219.4538179,0
218.0964823,0
204.8957352,0
175.7112589,0
153.809949,0
134.7035106,0
124.8014345,0
135.5016386,0
138.725878,0.0044806
148.6662441,0.01610694
170.6450101,0.0312739
180.1357113,0.04376239
189.7226726,0.05085825
202.9433107,0.05261738
202.0316578,0.04815828
224.8257559,0.03836675
225.8575774,0.02411397
220.4582459,0.00984313
211.8476756,0
244.4259613,0
221.6495485,0
234.0584524,0
226.4423512,0
244.2631637,0
261.5215719,0
241.5071548,0
198.2329563,0
168.7682597,0
152.909324,0
146.1304244,0
135.8407917,0
144.9254107,0
158.7179882,0.03403622
192.5703138,0.2373385
240.2620446,0.4049955
243.6615026,0.24163936
253.1527364,0.60381546
271.4051077,0.2161352
249.2346687,0.5704552
258.6152006,0.4697019
276.4736425,0.31846531
262.3518155,0.14316764
276.1117589,0
263.0199487,0
275.334331,0
272.0504019,0
280.0108655,0
282.0956324,0
276.5978744,0
244.7228084,0
224.3393833,0
188.5277411,0
151.8430536,0
146.9109673,0
146.6630327,0
150.0544911,0
177.3408125,0.02310906
235.3002738,0.19096128
256.6725834,0.32687697
235.3449403,0.40693996
239.7343542,0.31346742
254.0582441,0.50288199
271.5976994,0.42498104
261.2355357,0.35947828
254.8759732,0.16211688
266.8737024,0.07327157
276.5936131,0
283.0916518,0
258.0272351,0
269.3268335,0
255.2542889,0
249.0727262,0
221.557354,0
214.5565833,0
239.4669785,0
253.851,0
231.75975,0
174.6314881,0
157.747955,0
151.6000447,0
153.2952055,0.0404501
146.2111096,0.13044652
155.3068631,0.26562304
160.0968095,0.31527213
199.5505609,0.2791904
200.0318056,0.24678732
227.3020357,0.52784435
243.8420298,0.4325112
225.8439464,0.12175149
243.2742649,0.01582056
276.6706141,0
256.3199976,0
244.8684495,0
238.2657282,0
264.3799081,0
260.3988618,0
273.0636719,0
0,0
0,0
0,0
0,0
0,0
0,0
0,0
0,0.04943624
0,0.2112504
0,0.37141938
0,0.50039014
0,0.58861926
0,0.24564739
0,0.32710788
0,0.4532759
0,0.30847168
0,0.07119252
0,0
0,0
0,0
0,0
0,0
0,0
0,0
0,0
0,0
0,0
0,0
0,0
0,0
0,0
0,0.0329337
0,0.18150085
0,0.33722578
0,0.45969408
0,0.56366335
0,0.57864154
0,0.40019928
0,0.22741754
0,0.3032274
0,0.091676
0,0
0,0
0,0
0,0
0,0
0,0
0,0
0,0
0,0
0,0
0,0
0,0
0,0
0,0
0,0.02917464
0,0.19540662
0,0.28185726
0,0.47672896
0,0.56587914
0,0.58367168
0,0.5414646
0,0.34005991
0,0.30218895
0,0.1360993
0,0
0,0
0,0
0,0
0,0
0,0
0,0
0,0
0,0
0,0
0,0
0,0
0,0
0,0
0,0.01582056
0,0.11813175
0,0.3631264
0,0.48611844
0,0.36796347
0,0.45930192
0,0.33523875
0,0.25189529
0,0.1571994
0,0.13839378
0,0
0,0
0,0
0,0
0,0
0,0
0,0
0,0
0,0
0,0
0,0
0,0
0,0
0,0
0,0.02725985
0,0.14598973
0,0.3702515
0,0.4968392
0,0.57734208
0,0.59379474
0,0.55051524
0,0.45488625
0,0.312696
0,0.14657496
0,0
0,0
0,0
0,0
0,0
0,0
0,0
0,0
0,0
0,0
0,0
0,0
0,0
0,0
0,0.04831695
0,0.209496
0,0.369155
0,0.49227604
0,0.569019
0,0.58481591
0,0.54175141
0,0.44745585
0,0.3059622
0,0.14237988
0,0
0,0
0,0
0,0
0,0
0,0
0,0
0,0
0,0
0,0
0,0
0,0
0,0
0,0
0,0.04559204
0,0.2045252
0,0.36095103
0,0.48390738
0,0.56013993
0,0.57791183
0,0.53728328
0,0.44287248
0,0.11438
0,0.02677997
0,0.008686
0,0
0,0
0,0
0,0
0,0
0,0
0,0
0,0
0,0
0,0
0,0
0,0
0,0
0,0.03766413
0,0.01398704
0,0.02708656
0,0.03929985
0,0.13348791
0,0.0480095
0,0.05763978
0,0.04110714
0,0.0613137
0,0.02897598
0,0.00263805
0,0
0,0
0,0
0,0
0,0
0,0
0,0
0,0
0,0
0,0
0,0
0,0
0,0
0,0.02819424
0,0.035174
0,0.06848868
0,0.22357635
0,0.27503574
0,0.32480308
0,0.32161678
0,0.11848005
0,0.1143155
0,0.03526
0,0.0044161
0,0
0,0
0,0
0,0
0,0
0,0
0,0
0,0
0,0
0,0
0,0
0,0
0,0
0,0.00355352
0,0.00797607
0,0.0176816
0,0.058179
0,0.21719945
0,0.22555091
0,0.1095425
0,0.27618255
0,0.08604988
0,0.04926768
0,0.0026445
0,0
0,0
0,0
0,0
0,0
0,0
0,0
0,0
0,0
0,0
0,0
0,0
0,0
0,0.03348066
0,0.18026675
0,0.070176
0,0.16967628
0,0.2941673
0,0.0707049
0,0.28921456
0,0.0857549
0,0.0473688
0,0.0395901
0,0.0088193
0,0
0,0
0,0
0,0
0,0
0,0
0,0
0,0
0,0
0,0
0,0
0,0
0,0
0,0.0352772
0,0.18229248
0,0.26129466
0,0.1987331
0,0.07558712
0,0.0492436
0,0.04484685
0,0.03696882
0,0.02382372
0,0.01061928
0,0.00088709
0,0
0,0
0,0
0,0
0,0
0,0
0,0
0,0
0,0
0,0
0,0
0,0
0,0
0,0.03275869
0,0.18273753
0,0.19462144
0,0.03953205
0,0.18587524
0,0.29430576
0,0.41080179
0,0.31476043
0,0.30819906
0,0.10650541
0,0.01058832
0,0
0,0
0,0
0,0
0,0
0,0
0,0
0,0
0,0
0,0
0,0
0,0
0,0
0,0.03431142
0,0.06663452
0,0.3412695
0,0.283972
0,0.2313185
0,0.2513952
0,0.3318654
0,0.26163995
0,0.08692794
0,0.14801976
0,0.0017673
0,0
0,0
0,0
0,0
0,0
0,0
0,0
0,0
0,0
0,0
0,0
0,0
0,0
0,0.00970596
0,0.0510023
0,0.15328425
0,0.18496364
0,0.27662502
0,0.57993756
0,0.54146976
0,0.4490662
0,0.31157456
0,0.15108609
0,0.013158
0,0
0,0
0,0
0,0
0,0
0,0
0,0
0,0
0,0
0,0
0,0
0,0
0,0
0,0.0307321
0,0.1785102
0,0.10033405
0,0.03918375
0,0.06620968
0,0.29314992
0,0.04897872
0,0.44452239
0,0.15029532
0,0.14375459
0,0.00796059
0,0
0,0
0,0
0,0
0,0
0,0
0,0
0,0
0,0
0,0
0,0
0,0
0,0
0,0.00359824
0,0.0134805
0,0.02783304
0,0.10494666
0,0.0493339
0,0.053793
0,0.05555944
0,0.04390988
0,0.09593085
0,0.01614564
0,0.00269223
0,0
0,0
0,0
0,0
0,0
0,0
0,0
0,0
0,0
0,0
0,0
0,0
0,0
0,0.03027802
0,0.18371664
0,0.1502936
0,0.29692059
0,0.3559626
0,0.43793737
0,0.38646594
0,0.29518167
0,0.26816004
0,0.11068974
0,0.01146509
0,0
0,0
0,0
0,0
0,0
0,0
0,0
0,0
0,0
0,0
0,0
0,0
0,0
0,0.00702104
0,0.0227513
0,0.01569672
0,0.02176875
0,0.03221775
0,0.03483
0,0.03133152
0,0.02351025
0,0.01482468
0,0.04458369
0,0.0061404
0,0
0,0
0,0
0,0
0,0
0,0
0,0
0,0
0,0
0,0
0,0
0,0
0,0
0,0.00263289
0,0.00788706
0,0.12437922
0,0.02189775
0,0.04646881
0,0.2254404
0,0.03071705
0,0.0947376
0,0.14224572
0,0.01584378
0,0.003526
0,0
0,0
0,0
0,0
0,0
0,0
0,0
0,0
0,0
0,0
0,0
0,0
0,0
0,0.0026703
0,0.01247344
0,0.032121
0,0.10087284
0,0.05537282
0,0.0652912
0,0.08777762
0,0.03855165
0,0.02601242
0,0.01166633
0,0.00179568
0,0
0,0
0,0
0,0
0,0
0,0