Year,Month,Day,Hour,Minute,GHI,Temperature,,,,,,,,
2019,1,1,0,0,0,16.3,,,,,,,,
2019,1,1,1,0,0,16.2,,,,,,,,
2019,1,1,2,0,0,16.1,,,,,,,,
2019,1,1,3,0,0,16,,,,,,,,
2019,1,1,4,0,0,15.9,,,,,,,,
2019,1,1,5,0,0,16,,,,,,,,
2019,1,1,6,0,0,16.1,,,,,,,,
2019,1,1,7,0,3,16.4,,,,,,,,
2019,1,1,8,0,21,18.4,,,,,,,,
2019,1,1,9,0,31,18.7,,,,,,,,
2019,1,1,10,0,190,18.8,,,,,,,,
2019,1,1,11,0,145,18.8,,,,,,,,
2019,1,1,12,0,150,18.6,,,,,,,,
2019,1,1,13,0,441,18.4,,,,,,,,
2019,1,1,14,0,283,18.2,,,,,,,,
2019,1,1,15,0,105,18,,,,,,,,
2019,1,1,16,0,49,17.8,,,,,,,,
2019,1,1,17,0,6,17.7,,,,,,,,
2019,1,1,18,0,0,17.7,,,,,,,,
2019,1,1,19,0,0,17.7,,,,,,,,
2019,1,1,20,0,0,17.7,,,,,,,,
2019,1,1,21,0,0,17.7,,,,,,,,
2019,1,1,22,0,0,17.7,,,,,,,,
2019,1,1,23,0,0,17.8,,,,,,,,
2019,1,2,0,0,0,17.8,,,,,,,,
2019,1,2,1,0,0,17.8,,,,,,,,
2019,1,2,2,0,0,17.8,,,,,,,,
2019,1,2,3,0,0,17.7,,,,,,,,
2019,1,2,4,0,0,17.7,,,,,,,,
2019,1,2,5,0,0,17.7,,,,,,,,
2019,1,2,6,0,0,17.7,,,,,,,,
2019,1,2,7,0,6,17.9,,,,,,,,
2019,1,2,8,0,34,18.2,,,,,,,,
2019,1,2,9,0,17,18.5,,,,,,,,
2019,1,2,10,0,63,18.7,,,,,,,,
2019,1,2,11,0,100,18.8,,,,,,,,
2019,1,2,12,0,316,18.9,,,,,,,,
2019,1,2,13,0,172,19.1,,,,,,,,
2019,1,2,14,0,138,19.1,,,,,,,,
2019,1,2,15,0,39,19,,,,,,,,
2019,1,2,16,0,14,18.9,,,,,,,,
2019,1,2,17,0,3,18.8,,,,,,,,
2019,1,2,18,0,0,18.8,,,,,,,,
2019,1,2,19,0,0,18.9,,,,,,,,
2019,1,2,20,0,0,19,,,,,,,,
2019,1,2,21,0,0,19,,,,,,,,
2019,1,2,22,0,0,19,,,,,,,,
2019,1,2,23,0,0,19,,,,,,,,
2019,1,3,0,0,0,19,,,,,,,,
2019,1,3,1,0,0,19,,,,,,,,
2019,1,3,2,0,0,18.9,,,,,,,,
2019,1,3,3,0,0,18.8,,,,,,,,
2019,1,3,4,0,0,18.8,,,,,,,,
2019,1,3,5,0,0,18.7,,,,,,,,
2019,1,3,6,0,0,18.7,,,,,,,,
2019,1,3,7,0,3,18.9,,,,,,,,
2019,1,3,8,0,14,19.1,,,,,,,,
2019,1,3,9,0,45,19.4,,,,,,,,
2019,1,3,10,0,90,19.6,,,,,,,,
2019,1,3,11,0,142,19.8,,,,,,,,
2019,1,3,12,0,210,19.9,,,,,,,,
2019,1,3,13,0,121,20,,,,,,,,
2019,1,3,14,0,191,20.1,,,,,,,,
2019,1,3,15,0,91,20.1,,,,,,,,
2019,1,3,16,0,27,20.1,,,,,,,,
2019,1,3,17,0,4,20.1,,,,,,,,
2019,1,3,18,0,0,20.2,,,,,,,,
2019,1,3,19,0,0,20.4,,,,,,,,
2019,1,3,20,0,0,20.6,,,,,,,,
2019,1,3,21,0,0,20.7,,,,,,,,
2019,1,3,22,0,0,20.9,,,,,,,,
2019,1,3,23,0,0,21.1,,,,,,,,
2019,1,4,0,0,0,21.3,,,,,,,,
2019,1,4,1,0,0,21.4,,,,,,,,
2019,1,4,2,0,0,21.6,,,,,,,,
2019,1,4,3,0,0,21.7,,,,,,,,
2019,1,4,4,0,0,21.9,,,,,,,,
2019,1,4,5,0,0,22,,,,,,,,
2019,1,4,6,0,0,22.1,,,,,,,,
2019,1,4,7,0,27,22.6,,,,,,,,
2019,1,4,8,0,191,23.2,,,,,,,,
2019,1,4,9,0,373,24,,,,,,,,
2019,1,4,10,0,524,24.8,,,,,,,,
2019,1,4,11,0,623,25.6,,,,,,,,
2019,1,4,12,0,654,25.8,,,,,,,,
2019,1,4,13,0,337,25.7,,,,,,,,
2019,1,4,14,0,180,25.2,,,,,,,,
2019,1,4,15,0,136,24.5,,,,,,,,
2019,1,4,16,0,187,23.5,,,,,,,,
2019,1,4,17,0,8,22.6,,,,,,,,
2019,1,4,18,0,0,22.1,,,,,,,,
2019,1,4,19,0,0,21.6,,,,,,,,
2019,1,4,20,0,0,21.1,,,,,,,,
2019,1,4,21,0,0,20.6,,,,,,,,
2019,1,4,22,0,0,20.2,,,,,,,,
2019,1,4,23,0,0,19.8,,,,,,,,
2019,1,5,0,0,0,19.6,,,,,,,,
2019,1,5,1,0,0,19.4,,,,,,,,
2019,1,5,2,0,0,19.3,,,,,,,,
2019,1,5,3,0,0,19.2,,,,,,,,
2019,1,5,4,0,0,19.1,,,,,,,,
2019,1,5,5,0,0,19,,,,,,,,
2019,1,5,6,0,0,18.9,,,,,,,,
2019,1,5,7,0,11,19.5,,,,,,,,
2019,1,5,8,0,72,20.1,,,,,,,,
2019,1,5,9,0,87,20.6,,,,,,,,
2019,1,5,10,0,57,20.9,,,,,,,,
2019,1,5,11,0,165,21,,,,,,,,
2019,1,5,12,0,208,20.9,,,,,,,,
2019,1,5,13,0,187,20.8,,,,,,,,
2019,1,5,14,0,109,20.4,,,,,,,,
2019,1,5,15,0,126,20,,,,,,,,
2019,1,5,16,0,178,19.5,,,,,,,,
2019,1,5,17,0,14,19.1,,,,,,,,
2019,1,5,18,0,0,19.1,,,,,,,,
2019,1,5,19,0,0,19.1,,,,,,,,
2019,1,5,20,0,0,19.1,,,,,,,,
2019,1,5,21,0,0,19.1,,,,,,,,
2019,1,5,22,0,0,19.1,,,,,,,,
2019,1,5,23,0,0,19,,,,,,,,
2019,1,6,0,0,0,18.8,,,,,,,,
2019,1,6,1,0,0,18.6,,,,,,,,
2019,1,6,2,0,0,18.3,,,,,,,,
2019,1,6,3,0,0,18.1,,,,,,,,
2019,1,6,4,0,0,18,,,,,,,,
2019,1,6,5,0,0,18.1,,,,,,,,
2019,1,6,6,0,0,18.1,,,,,,,,
2019,1,6,7,0,5,18.4,,,,,,,,
2019,1,6,8,0,25,18.7,,,,,,,,
2019,1,6,9,0,42,19.1,,,,,,,,
2019,1,6,10,0,61,19.5,,,,,,,,
2019,1,6,11,0,95,19.6,,,,,,,,
2019,1,6,12,0,170,19.6,,,,,,,,
2019,1,6,13,0,107,19.6,,,,,,,,
2019,1,6,14,0,72,19.7,,,,,,,,
2019,1,6,15,0,122,19.6,,,,,,,,
2019,1,6,16,0,61,19.3,,,,,,,,
2019,1,6,17,0,8,19.1,,,,,,,,
2019,1,6,18,0,0,19.1,,,,,,,,
2019,1,6,19,0,0,19.2,,,,,,,,
2019,1,6,20,0,0,19.3,,,,,,,,
2019,1,6,21,0,0,19.3,,,,,,,,
2019,1,6,22,0,0,19.3,,,,,,,,
2019,1,6,23,0,0,19.4,,,,,,,,
2019,1,7,0,0,0,19.4,,,,,,,,
2019,1,7,1,0,0,19.4,,,,,,,,
2019,1,7,2,0,0,19.3,,,,,,,,
2019,1,7,3,0,0,19.2,,,,,,,,
2019,1,7,4,0,0,19.2,,,,,,,,
2019,1,7,5,0,0,19.3,,,,,,,,
2019,1,7,6,0,0,19.3,,,,,,,,
2019,1,7,7,0,16,19.8,,,,,,,,
2019,1,7,8,0,190,20.6,,,,,,,,
2019,1,7,9,0,339,21.2,,,,,,,,
2019,1,7,10,0,399,21.8,,,,,,,,
2019,1,7,11,0,289,22.2,,,,,,,,
2019,1,7,12,0,596,22.5,,,,,,,,
2019,1,7,13,0,137,22.6,,,,,,,,
2019,1,7,14,0,200,22.6,,,,,,,,
2019,1,7,15,0,127,22.5,,,,,,,,
2019,1,7,16,0,189,22.1,,,,,,,,
2019,1,7,17,0,13,21.4,,,,,,,,
2019,1,7,18,0,0,21.3,,,,,,,,
2019,1,7,19,0,0,21.4,,,,,,,,
2019,1,7,20,0,0,21.4,,,,,,,,
2019,1,7,21,0,0,21.4,,,,,,,,
2019,1,7,22,0,0,21.3,,,,,,,,
2019,1,7,23,0,0,20.9,,,,,,,,
2019,1,8,0,0,0,20.8,,,,,,,,
2019,1,8,1,0,0,20.5,,,,,,,,
2019,1,8,2,0,0,20.3,,,,,,,,
2019,1,8,3,0,0,20.1,,,,,,,,
2019,1,8,4,0,0,19.9,,,,,,,,
2019,1,8,5,0,0,19.8,,,,,,,,
2019,1,8,6,0,0,19.7,,,,,,,,
2019,1,8,7,0,21,19.9,,,,,,,,
2019,1,8,8,0,182,20.2,,,,,,,,
2019,1,8,9,0,82,20.5,,,,,,,,
2019,1,8,10,0,160,20.7,,,,,,,,
2019,1,8,11,0,108,20.8,,,,,,,,
2019,1,8,12,0,285,20.7,,,,,,,,
2019,1,8,13,0,319,20.6,,,,,,,,
2019,1,8,14,0,285,20.5,,,,,,,,
2019,1,8,15,0,183,20.3,,,,,,,,
2019,1,8,16,0,49,20.1,,,,,,,,
2019,1,8,17,0,8,19.9,,,,,,,,
2019,1,8,18,0,0,19.9,,,,,,,,
2019,1,8,19,0,0,19.9,,,,,,,,
2019,1,8,20,0,0,19.8,,,,,,,,
2019,1,8,21,0,0,19.6,,,,,,,,
2019,1,8,22,0,0,19.5,,,,,,,,
2019,1,8,23,0,0,19.3,,,,,,,,
2019,1,9,0,0,0,19.1,,,,,,,,
2019,1,9,1,0,0,18.9,,,,,,,,
2019,1,9,2,0,0,18.8,,,,,,,,
2019,1,9,3,0,0,18.7,,,,,,,,
2019,1,9,4,0,0,18.6,,,,,,,,
2019,1,9,5,0,0,18.6,,,,,,,,
2019,1,9,6,0,0,18.6,,,,,,,,
2019,1,9,7,0,23,18.9,,,,,,,,
2019,1,9,8,0,188,19.3,,,,,,,,
2019,1,9,9,0,271,19.8,,,,,,,,
2019,1,9,10,0,262,20.2,,,,,,,,
2019,1,9,11,0,616,20.6,,,,,,,,
2019,1,9,12,0,304,20.8,,,,,,,,
2019,1,9,13,0,422,20.8,,,,,,,,
2019,1,9,14,0,336,20.8,,,,,,,,
2019,1,9,15,0,269,20.7,,,,,,,,
2019,1,9,16,0,108,20.3,,,,,,,,
2019,1,9,17,0,16,20,,,,,,,,
2019,1,9,18,0,0,20,,,,,,,,
2019,1,9,19,0,0,20.1,,,,,,,,
2019,1,9,20,0,0,20.2,,,,,,,,
2019,1,9,21,0,0,20.3,,,,,,,,
2019,1,9,22,0,0,20.3,,,,,,,,
2019,1,9,23,0,0,20.3,,,,,,,,
2019,1,10,0,0,0,20.4,,,,,,,,
2019,1,10,1,0,0,20.5,,,,,,,,
2019,1,10,2,0,0,20.5,,,,,,,,
2019,1,10,3,0,0,20.6,,,,,,,,
2019,1,10,4,0,0,20.6,,,,,,,,
2019,1,10,5,0,0,20.7,,,,,,,,
2019,1,10,6,0,0,20.8,,,,,,,,
2019,1,10,7,0,21,21.7,,,,,,,,
2019,1,10,8,0,181,22.4,,,,,,,,
2019,1,10,9,0,360,23,,,,,,,,
2019,1,10,10,0,247,23.4,,,,,,,,
2019,1,10,11,0,638,23.7,,,,,,,,
2019,1,10,12,0,668,23.6,,,,,,,,
2019,1,10,13,0,634,23.4,,,,,,,,
2019,1,10,14,0,536,23.1,,,,,,,,
2019,1,10,15,0,380,22.7,,,,,,,,
2019,1,10,16,0,202,22.3,,,,,,,,
2019,1,10,17,0,29,21.9,,,,,,,,
2019,1,10,18,0,0,21.8,,,,,,,,
2019,1,10,19,0,0,21.7,,,,,,,,
2019,1,10,20,0,0,21.6,,,,,,,,
2019,1,10,21,0,0,21.4,,,,,,,,
2019,1,10,22,0,0,21.3,,,,,,,,
2019,1,10,23,0,0,21.2,,,,,,,,
2019,1,11,0,0,0,21.1,,,,,,,,
2019,1,11,1,0,0,21.1,,,,,,,,
2019,1,11,2,0,0,21.1,,,,,,,,
2019,1,11,3,0,0,21.1,,,,,,,,
2019,1,11,4,0,0,21,,,,,,,,
2019,1,11,5,0,0,21,,,,,,,,
2019,1,11,6,0,0,21,,,,,,,,
2019,1,11,7,0,11,21.7,,,,,,,,
2019,1,11,8,0,75,22.3,,,,,,,,
2019,1,11,9,0,156,22.8,,,,,,,,
2019,1,11,10,0,228,23.2,,,,,,,,
2019,1,11,11,0,632,23.4,,,,,,,,
2019,1,11,12,0,665,23.5,,,,,,,,
2019,1,11,13,0,270,23.4,,,,,,,,
2019,1,11,14,0,203,23.1,,,,,,,,
2019,1,11,15,0,213,22.5,,,,,,,,
2019,1,11,16,0,93,21.8,,,,,,,,
2019,1,11,17,0,18,21,,,,,,,,
2019,1,11,18,0,0,20.7,,,,,,,,
2019,1,11,19,0,0,20.6,,,,,,,,
2019,1,11,20,0,0,20.5,,,,,,,,
2019,1,11,21,0,0,20.3,,,,,,,,
2019,1,11,22,0,0,20.2,,,,,,,,
2019,1,11,23,0,0,19.9,,,,,,,,
2019,1,12,0,0,0,19.5,,,,,,,,
2019,1,12,1,0,0,19.3,,,,,,,,
2019,1,12,2,0,0,19.2,,,,,,,,
2019,1,12,3,0,0,19.2,,,,,,,,
2019,1,12,4,0,0,19.1,,,,,,,,
2019,1,12,5,0,0,18.9,,,,,,,,
2019,1,12,6,0,0,18.8,,,,,,,,
2019,1,12,7,0,19,19.4,,,,,,,,
2019,1,12,8,0,14,19.9,,,,,,,,
2019,1,12,9,0,30,20.3,,,,,,,,
2019,1,12,10,0,508,20.6,,,,,,,,
2019,1,12,11,0,298,20.6,,,,,,,,
2019,1,12,12,0,58,20.4,,,,,,,,
2019,1,12,13,0,138,20.1,,,,,,,,
2019,1,12,14,0,75,19.8,,,,,,,,
2019,1,12,15,0,31,19.5,,,,,,,,
2019,1,12,16,0,37,19.1,,,,,,,,
2019,1,12,17,0,7,18.8,,,,,,,,
2019,1,12,18,0,0,18.8,,,,,,,,
2019,1,12,19,0,0,18.8,,,,,,,,
2019,1,12,20,0,0,18.7,,,,,,,,
2019,1,12,21,0,0,18.8,,,,,,,,
2019,1,12,22,0,0,18.8,,,,,,,,
2019,1,12,23,0,0,18.8,,,,,,,,
2019,1,13,0,0,0,18.8,,,,,,,,
2019,1,13,1,0,0,18.7,,,,,,,,
2019,1,13,2,0,0,18.5,,,,,,,,
2019,1,13,3,0,0,18.4,,,,,,,,
2019,1,13,4,0,0,18.2,,,,,,,,
2019,1,13,5,0,0,18.1,,,,,,,,
2019,1,13,6,0,0,18.1,,,,,,,,
2019,1,13,7,0,15,18.3,,,,,,,,
2019,1,13,8,0,175,18.6,,,,,,,,
2019,1,13,9,0,219,18.9,,,,,,,,
2019,1,13,10,0,359,19.2,,,,,,,,
2019,1,13,11,0,277,19.4,,,,,,,,
2019,1,13,12,0,139,19.5,,,,,,,,
2019,1,13,13,0,92,19.4,,,,,,,,
2019,1,13,14,0,95,19.2,,,,,,,,
2019,1,13,15,0,114,18.9,,,,,,,,
2019,1,13,16,0,25,18.6,,,,,,,,
2019,1,13,17,0,5,18.4,,,,,,,,
2019,1,13,18,0,0,18.4,,,,,,,,
2019,1,13,19,0,0,18.5,,,,,,,,
2019,1,13,20,0,0,18.5,,,,,,,,
2019,1,13,21,0,0,18.5,,,,,,,,
2019,1,13,22,0,0,18.5,,,,,,,,
2019,1,13,23,0,0,18.5,,,,,,,,
2019,1,14,0,0,0,18.4,,,,,,,,
2019,1,14,1,0,0,18.3,,,,,,,,
2019,1,14,2,0,0,18.2,,,,,,,,
2019,1,14,3,0,0,18.1,,,,,,,,
2019,1,14,4,0,0,18.1,,,,,,,,
2019,1,14,5,0,0,18.1,,,,,,,,
2019,1,14,6,0,0,18.2,,,,,,,,
2019,1,14,7,0,6,18.8,,,,,,,,
2019,1,14,8,0,38,19.5,,,,,,,,
2019,1,14,9,0,40,20.2,,,,,,,,
2019,1,14,10,0,97,20.8,,,,,,,,
2019,1,14,11,0,651,21.2,,,,,,,,
2019,1,14,12,0,525,21.4,,,,,,,,
2019,1,14,13,0,652,21.6,,,,,,,,
2019,1,14,14,0,326,21.6,,,,,,,,
2019,1,14,15,0,195,21.5,,,,,,,,
2019,1,14,16,0,127,21,,,,,,,,
2019,1,14,17,0,22,20.2,,,,,,,,
2019,1,14,18,0,0,20.1,,,,,,,,
2019,1,14,19,0,0,20.1,,,,,,,,
2019,1,14,20,0,0,20.1,,,,,,,,
2019,1,14,21,0,0,20.1,,,,,,,,
2019,1,14,22,0,0,20.1,,,,,,,,
2019,1,14,23,0,0,20.1,,,,,,,,
2019,1,15,0,0,0,20.2,,,,,,,,
2019,1,15,1,0,0,20.2,,,,,,,,
2019,1,15,2,0,0,20.2,,,,,,,,
2019,1,15,3,0,0,20.1,,,,,,,,
2019,1,15,4,0,0,20.1,,,,,,,,
2019,1,15,5,0,0,20.1,,,,,,,,
2019,1,15,6,0,0,20.1,,,,,,,,
2019,1,15,7,0,5,20.7,,,,,,,,
2019,1,15,8,0,30,21.2,,,,,,,,
2019,1,15,9,0,68,21.4,,,,,,,,
2019,1,15,10,0,91,21.6,,,,,,,,
2019,1,15,11,0,158,21.6,,,,,,,,
2019,1,15,12,0,241,21.4,,,,,,,,
2019,1,15,13,0,91,21.2,,,,,,,,
2019,1,15,14,0,110,20.9,,,,,,,,
2019,1,15,15,0,149,20.6,,,,,,,,
2019,1,15,16,0,84,20.2,,,,,,,,
2019,1,15,17,0,15,19.9,,,,,,,,
2019,1,15,18,0,0,19.8,,,,,,,,
2019,1,15,19,0,0,19.6,,,,,,,,
2019,1,15,20,0,0,19.5,,,,,,,,
2019,1,15,21,0,0,19.3,,,,,,,,
2019,1,15,22,0,0,19.1,,,,,,,,
2019,1,15,23,0,0,18.8,,,,,,,,
2019,1,16,0,0,0,18.6,,,,,,,,
2019,1,16,1,0,0,18.3,,,,,,,,
2019,1,16,2,0,0,18.1,,,,,,,,
2019,1,16,3,0,0,17.9,,,,,,,,
2019,1,16,4,0,0,17.7,,,,,,,,
2019,1,16,5,0,0,17.6,,,,,,,,
2019,1,16,6,0,0,17.5,,,,,,,,
2019,1,16,7,0,3,17.5,,,,,,,,
2019,1,16,8,0,14,17.7,,,,,,,,
2019,1,16,9,0,149,17.8,,,,,,,,
2019,1,16,10,0,34,18,,,,,,,,
2019,1,16,11,0,116,18,,,,,,,,
2019,1,16,12,0,145,18,,,,,,,,
2019,1,16,13,0,57,18,,,,,,,,
2019,1,16,14,0,48,17.9,,,,,,,,
2019,1,16,15,0,33,17.8,,,,,,,,
2019,1,16,16,0,16,17.7,,,,,,,,
2019,1,16,17,0,4,17.5,,,,,,,,
2019,1,16,18,0,0,17.5,,,,,,,,
2019,1,16,19,0,0,17.4,,,,,,,,
2019,1,16,20,0,0,17.3,,,,,,,,
2019,1,16,21,0,0,17.2,,,,,,,,
2019,1,16,22,0,0,17.1,,,,,,,,
2019,1,16,23,0,0,17,,,,,,,,
2019,1,17,0,0,0,16.9,,,,,,,,
2019,1,17,1,0,0,16.9,,,,,,,,
2019,1,17,2,0,0,16.8,,,,,,,,
2019,1,17,3,0,0,16.6,,,,,,,,
2019,1,17,4,0,0,16.5,,,,,,,,
2019,1,17,5,0,0,16.4,,,,,,,,
2019,1,17,6,0,0,16.3,,,,,,,,
2019,1,17,7,0,3,16.4,,,,,,,,
2019,1,17,8,0,14,16.5,,,,,,,,
2019,1,17,9,0,39,16.7,,,,,,,,
2019,1,17,10,0,75,16.8,,,,,,,,
2019,1,17,11,0,57,16.9,,,,,,,,
2019,1,17,12,0,124,16.9,,,,,,,,
2019,1,17,13,0,72,17,,,,,,,,
2019,1,17,14,0,48,17,,,,,,,,
2019,1,17,15,0,34,17,,,,,,,,
2019,1,17,16,0,17,16.8,,,,,,,,
2019,1,17,17,0,4,16.5,,,,,,,,
2019,1,17,18,0,0,16.5,,,,,,,,
2019,1,17,19,0,0,16.5,,,,,,,,
2019,1,17,20,0,0,16.5,,,,,,,,
2019,1,17,21,0,0,16.5,,,,,,,,
2019,1,17,22,0,0,16.5,,,,,,,,
2019,1,17,23,0,0,16.4,,,,,,,,
2019,1,18,0,0,0,16.3,,,,,,,,
2019,1,18,1,0,0,16.2,,,,,,,,
2019,1,18,2,0,0,16.1,,,,,,,,
2019,1,18,3,0,0,16.1,,,,,,,,
2019,1,18,4,0,0,16.1,,,,,,,,
2019,1,18,5,0,0,16.1,,,,,,,,
2019,1,18,6,0,0,16.3,,,,,,,,
2019,1,18,7,0,27,16.9,,,,,,,,
2019,1,18,8,0,161,17.7,,,,,,,,
2019,1,18,9,0,226,18.4,,,,,,,,
2019,1,18,10,0,568,18.9,,,,,,,,
2019,1,18,11,0,671,19.4,,,,,,,,
2019,1,18,12,0,594,19.8,,,,,,,,
2019,1,18,13,0,689,20.1,,,,,,,,
2019,1,18,14,0,603,20.2,,,,,,,,
2019,1,18,15,0,316,20.1,,,,,,,,
2019,1,18,16,0,149,19.5,,,,,,,,
2019,1,18,17,0,28,18.5,,,,,,,,
2019,1,18,18,0,0,18.3,,,,,,,,
2019,1,18,19,0,0,18.3,,,,,,,,
2019,1,18,20,0,0,18.3,,,,,,,,
2019,1,18,21,0,0,18.3,,,,,,,,
2019,1,18,22,0,0,18.4,,,,,,,,
2019,1,18,23,0,0,18.3,,,,,,,,
2019,1,19,0,0,0,18.3,,,,,,,,
2019,1,19,1,0,0,18.3,,,,,,,,
2019,1,19,2,0,0,18.3,,,,,,,,
2019,1,19,3,0,0,18.3,,,,,,,,
2019,1,19,4,0,0,18.3,,,,,,,,
2019,1,19,5,0,0,18.3,,,,,,,,
2019,1,19,6,0,0,18.2,,,,,,,,
2019,1,19,7,0,31,19.6,,,,,,,,
2019,1,19,8,0,210,20.9,,,,,,,,
2019,1,19,9,0,403,21.8,,,,,,,,
2019,1,19,10,0,561,22.4,,,,,,,,
2019,1,19,11,0,672,22.6,,,,,,,,
2019,1,19,12,0,542,22.6,,,,,,,,
2019,1,19,13,0,373,22.5,,,,,,,,
2019,1,19,14,0,126,22.2,,,,,,,,
2019,1,19,15,0,182,21.7,,,,,,,,
2019,1,19,16,0,22,21,,,,,,,,
2019,1,19,17,0,5,20.1,,,,,,,,
2019,1,19,18,0,0,20.1,,,,,,,,
2019,1,19,19,0,0,20.3,,,,,,,,
2019,1,19,20,0,0,20.4,,,,,,,,
2019,1,19,21,0,0,20.5,,,,,,,,
2019,1,19,22,0,0,20.6,,,,,,,,
2019,1,19,23,0,0,20.7,,,,,,,,
2019,1,20,0,0,0,21,,,,,,,,
2019,1,20,1,0,0,20.9,,,,,,,,
2019,1,20,2,0,0,20.5,,,,,,,,
2019,1,20,3,0,0,19.9,,,,,,,,
2019,1,20,4,0,0,19.4,,,,,,,,
2019,1,20,5,0,0,19.2,,,,,,,,
2019,1,20,6,0,0,19.1,,,,,,,,
2019,1,20,7,0,19,19.6,,,,,,,,
2019,1,20,8,0,137,19.9,,,,,,,,
2019,1,20,9,0,202,20,,,,,,,,
2019,1,20,10,0,161,19.9,,,,,,,,
2019,1,20,11,0,250,19.7,,,,,,,,
2019,1,20,12,0,166,19.5,,,,,,,,
2019,1,20,13,0,111,19.3,,,,,,,,
2019,1,20,14,0,101,19.1,,,,,,,,
2019,1,20,15,0,38,18.9,,,,,,,,
2019,1,20,16,0,16,18.6,,,,,,,,
2019,1,20,17,0,6,18.4,,,,,,,,
2019,1,20,18,0,0,18.1,,,,,,,,
2019,1,20,19,0,0,17.8,,,,,,,,
2019,1,20,20,0,0,17.4,,,,,,,,
2019,1,20,21,0,0,17.1,,,,,,,,
2019,1,20,22,0,0,16.7,,,,,,,,
2019,1,20,23,0,0,16.5,,,,,,,,
2019,1,21,0,0,0,16.3,,,,,,,,
2019,1,21,1,0,0,16.1,,,,,,,,
2019,1,21,2,0,0,16,,,,,,,,
2019,1,21,3,0,0,15.9,,,,,,,,
2019,1,21,4,0,0,16,,,,,,,,
2019,1,21,5,0,0,16,,,,,,,,
2019,1,21,6,0,0,16.1,,,,,,,,
2019,1,21,7,0,4,16.2,,,,,,,,
2019,1,21,8,0,9,16.4,,,,,,,,
2019,1,21,9,0,137,16.6,,,,,,,,
2019,1,21,10,0,47,16.7,,,,,,,,
2019,1,21,11,0,58,16.8,,,,,,,,
2019,1,21,12,0,137,16.9,,,,,,,,
2019,1,21,13,0,73,17,,,,,,,,
2019,1,21,14,0,53,16.9,,,,,,,,
2019,1,21,15,0,73,16.9,,,,,,,,
2019,1,21,16,0,22,16.6,,,,,,,,
2019,1,21,17,0,6,16.4,,,,,,,,
2019,1,21,18,0,0,16.3,,,,,,,,
2019,1,21,19,0,0,16.2,,,,,,,,
2019,1,21,20,0,0,16.2,,,,,,,,
2019,1,21,21,0,0,16.3,,,,,,,,
2019,1,21,22,0,0,16.3,,,,,,,,
2019,1,21,23,0,0,16.3,,,,,,,,
2019,1,22,0,0,0,16.4,,,,,,,,
2019,1,22,1,0,0,16.4,,,,,,,,
2019,1,22,2,0,0,16.3,,,,,,,,
2019,1,22,3,0,0,16.3,,,,,,,,
2019,1,22,4,0,0,16.2,,,,,,,,
2019,1,22,5,0,0,16,,,,,,,,
2019,1,22,6,0,0,15.8,,,,,,,,
2019,1,22,7,0,5,15.8,,,,,,,,
2019,1,22,8,0,26,15.9,,,,,,,,
2019,1,22,9,0,96,16,,,,,,,,
2019,1,22,10,0,49,16,,,,,,,,
2019,1,22,11,0,59,16,,,,,,,,
2019,1,22,12,0,63,16,,,,,,,,
2019,1,22,13,0,60,16.1,,,,,,,,
2019,1,22,14,0,51,16,,,,,,,,
2019,1,22,15,0,42,15.9,,,,,,,,
2019,1,22,16,0,32,15.7,,,,,,,,
2019,1,22,17,0,8,15.2,,,,,,,,
2019,1,22,18,0,0,15.1,,,,,,,,
2019,1,22,19,0,0,14.9,,,,,,,,
2019,1,22,20,0,0,14.8,,,,,,,,
2019,1,22,21,0,0,14.7,,,,,,,,
2019,1,22,22,0,0,14.4,,,,,,,,
2019,1,22,23,0,0,14.3,,,WINTER,,,,,
2019,1,23,0,0,0,14.3,,1,14.3,1,0,1,223.4491421,223449.1421
2019,1,23,1,0,0,14.2,,2,14.2,2,0,2,203.3116776,203311.6776
2019,1,23,2,0,0,14.1,,3,14.1,3,0,3,180.198849,180198.849
2019,1,23,3,0,0,14.1,,4,14.1,4,0,4,146.232528,146232.528
2019,1,23,4,0,0,14.1,,5,14.1,5,0,5,168.7479324,168747.9324
2019,1,23,5,0,0,14.1,,6,14.1,6,0,6,146.3714715,146371.4715
2019,1,23,6,0,0,14.1,,7,14.1,7,0,7,141.7335867,141733.5867
2019,1,23,7,0,25,15.5,,8,15.5,8,0.025,8,157.0665127,157066.5127
2019,1,23,8,0,84,16.6,,9,16.6,9,0.084,9,173.9253125,173925.3125
2019,1,23,9,0,398,17.3,,10,17.3,10,0.398,10,225.460794,225460.794
2019,1,23,10,0,454,17.8,,11,17.8,11,0.454,11,233.2287917,233228.7917
2019,1,23,11,0,405,18.3,,12,18.3,12,0.405,12,225.9085089,225908.5089
2019,1,23,12,0,179,18.6,,13,18.6,13,0.179,13,233.5997562,233599.7562
2019,1,23,13,0,169,18.8,,14,18.8,14,0.169,14,219.7793929,219779.3929
2019,1,23,14,0,207,18.8,,15,18.8,15,0.207,15,235.4612028,235461.2028
2019,1,23,15,0,128,18.5,,16,18.5,16,0.128,16,242.2159775,242215.9775
2019,1,23,16,0,37,18,,17,18,17,0.037,17,234.557122,234557.122
2019,1,23,17,0,9,16.9,,18,16.9,18,0.009,18,248.8037432,248803.7432
2019,1,23,18,0,0,16.6,,19,16.6,19,0,19,215.2393409,215239.3409
2019,1,23,19,0,0,16.5,,20,16.5,20,0,20,209.0132087,209013.2087
2019,1,23,20,0,0,16.4,,21,16.4,21,0,21,220.0675087,220067.5087
2019,1,23,21,0,0,16.4,,22,16.4,22,0,22,196.1135556,196113.5556
2019,1,23,22,0,0,16.4,,23,16.4,23,0,23,200.0019572,200001.9572
2019,1,23,23,0,0,16.3,,24,16.3,24,0,24,202.5884461,202588.4461
2019,1,24,0,0,0,16.3,,1,16.3,1,0,1,196.1826248,196182.6248
2019,1,24,1,0,0,16.3,,2,16.3,2,0,2,188.9182917,188918.2917
2019,1,24,2,0,0,16.3,,3,16.3,3,0,3,177.47892,177478.92
2019,1,24,3,0,0,16.4,,4,16.4,4,0,4,150.5074254,150507.4254
2019,1,24,4,0,0,16.4,,5,16.4,5,0,5,145.1003789,145100.3789
2019,1,24,5,0,0,16.6,,6,16.6,6,0,6,140.9533848,140953.3848
2019,1,24,6,0,0,16.6,,7,16.6,7,0,7,135.6311464,135631.1464
2019,1,24,7,0,18,17.4,,8,17.4,8,0.018,8,156.1706997,156170.6997
2019,1,24,8,0,190,18.1,,9,18.1,9,0.19,9,185.2041611,185204.1611
2019,1,24,9,0,383,18.7,,10,18.7,10,0.383,10,214.8187554,214818.7554
2019,1,24,10,0,544,19.1,,11,19.1,11,0.544,11,218.5404058,218540.4058
2019,1,24,11,0,665,19.4,,12,19.4,12,0.665,12,223.6456088,223645.6088
2019,1,24,12,0,705,19.6,,13,19.6,13,0.705,13,244.0959347,244095.9347
2019,1,24,13,0,677,19.7,,14,19.7,14,0.677,14,244.4028427,244402.8427
2019,1,24,14,0,577,19.6,,15,19.6,15,0.577,15,225.9796433,225979.6433
2019,1,24,15,0,426,19.3,,16,19.3,16,0.426,16,219.4804111,219480.4111
2019,1,24,16,0,237,18.7,,17,18.7,17,0.237,17,214.0318309,214031.8309
2019,1,24,17,0,51,17.8,,18,17.8,18,0.051,18,225.033244,225033.244
2019,1,24,18,0,0,17.5,,19,17.5,19,0,19,215.9113201,215911.3201
2019,1,24,19,0,0,17.4,,20,17.4,20,0,20,193.3663203,193366.3203
2019,1,24,20,0,0,17.3,,21,17.3,21,0,21,204.9613124,204961.3124
2019,1,24,21,0,0,17.2,,22,17.2,22,0,22,195.7638771,195763.8771
2019,1,24,22,0,0,17.1,,23,17.1,23,0,23,208.6482067,208648.2067
2019,1,24,23,0,0,17.1,,24,17.1,24,0,24,192.8788815,192878.8815
2019,1,25,0,0,0,17.2,,1,17.2,1,0,1,194.8424671,194842.4671
2019,1,25,1,0,0,17.2,,2,17.2,2,0,2,184.5380759,184538.0759
2019,1,25,2,0,0,17.2,,3,17.2,3,0,3,163.7730145,163773.0145
2019,1,25,3,0,0,17.3,,4,17.3,4,0,4,150.0150022,150015.0022
2019,1,25,4,0,0,17.3,,5,17.3,5,0,5,145.1351999,145135.1999
2019,1,25,5,0,0,17.4,,6,17.4,6,0,6,143.0896719,143089.6719
2019,1,25,6,0,0,17.3,,7,17.3,7,0,7,140.1308556,140130.8556
2019,1,25,7,0,27,18.5,,8,18.5,8,0.027,8,162.393446,162393.446
2019,1,25,8,0,92,19.6,,9,19.6,9,0.092,9,197.6616923,197661.6923
2019,1,25,9,0,398,20.3,,10,20.3,10,0.398,10,202.5252223,202525.2223
2019,1,25,10,0,560,20.9,,11,20.9,11,0.56,11,219.3057687,219305.7687
2019,1,25,11,0,668,21.2,,12,21.2,12,0.668,12,235.2595262,235259.5262
2019,1,25,12,0,709,21.2,,13,21.2,13,0.709,13,213.3492312,213349.2312
2019,1,25,13,0,679,21.1,,14,21.1,14,0.679,14,214.7131588,214713.1588
2019,1,25,14,0,580,20.7,,15,20.7,15,0.58,15,226.2733681,226273.3681
2019,1,25,15,0,426,20,,16,20,16,0.426,16,225.4762082,225476.2082
2019,1,25,16,0,238,19.1,,17,19.1,17,0.238,17,236.1314936,236131.4936
2019,1,25,17,0,50,18.2,,18,18.2,18,0.05,18,219.1463129,219146.3129
2019,1,25,18,0,0,18,,19,18,19,0,19,208.4657608,208465.7608
2019,1,25,19,0,0,17.9,,20,17.9,20,0,20,193.665386,193665.386
2019,1,25,20,0,0,17.8,,21,17.8,21,0,21,194.6260969,194626.0969
2019,1,25,21,0,0,17.8,,22,17.8,22,0,22,193.3791209,193379.1209
2019,1,25,22,0,0,17.7,,23,17.7,23,0,23,181.033231,181033.231
2019,1,25,23,0,0,17.6,,24,17.6,24,0,24,180.5374208,180537.4208
2019,1,26,0,0,0,17.3,,1,17.3,1,0,1,195.3401435,195340.1435
2019,1,26,1,0,0,16.9,,2,16.9,2,0,2,169.8190045,169819.0045
2019,1,26,2,0,0,16.6,,3,16.6,3,0,3,154.9278993,154927.8993
2019,1,26,3,0,0,16.3,,4,16.3,4,0,4,144.3595314,144359.5314
2019,1,26,4,0,0,16,,5,16,5,0,5,138.6556238,138655.6238
2019,1,26,5,0,0,15.9,,6,15.9,6,0,6,145.4060502,145406.0502
2019,1,26,6,0,0,15.7,,7,15.7,7,0,7,134.4004621,134400.4621
2019,1,26,7,0,12,15.7,,8,15.7,8,0.012,8,145.276221,145276.221
2019,1,26,8,0,83,15.7,,9,15.7,9,0.083,9,162.5737835,162573.7835
2019,1,26,9,0,319,15.8,,10,15.8,10,0.319,10,166.1473601,166147.3601
2019,1,26,10,0,50,15.7,,11,15.7,11,0.05,11,163.6557909,163655.7909
2019,1,26,11,0,61,15.5,,12,15.5,12,0.061,12,177.9875971,177987.5971
2019,1,26,12,0,65,15.4,,13,15.4,13,0.065,13,187.7267045,187726.7045
2019,1,26,13,0,62,15.3,,14,15.3,14,0.062,14,191.7609668,191760.9668
2019,1,26,14,0,53,15.2,,15,15.2,15,0.053,15,178.8842606,178884.2606
2019,1,26,15,0,42,15,,16,15,16,0.042,16,187.2082196,187208.2196
2019,1,26,16,0,24,14.7,,17,14.7,17,0.024,17,185.4379761,185437.9761
2019,1,26,17,0,17,14.5,,18,14.5,18,0.017,18,189.5787377,189578.7377
2019,1,26,18,0,0,14.5,,19,14.5,19,0,19,171.8496439,171849.6439
2019,1,26,19,0,0,14.5,,20,14.5,20,0,20,165.6787005,165678.7005
2019,1,26,20,0,0,14.6,,21,14.6,21,0,21,195.5214857,195521.4857
2019,1,26,21,0,0,14.6,,22,14.6,22,0,22,183.9458796,183945.8796
2019,1,26,22,0,0,14.7,,23,14.7,23,0,23,177.6606195,177660.6195
2019,1,26,23,0,0,14.7,,24,14.7,24,0,24,195.1549391,195154.9391
2019,1,27,0,0,0,14.6,,1,14.6,1,0,1,189.4498717,189449.8717
2019,1,27,1,0,0,14.5,,2,14.5,2,0,2,182.8567931,182856.7931
2019,1,27,2,0,0,14.5,,3,14.5,3,0,3,158.6741545,158674.1545
2019,1,27,3,0,0,14.4,,4,14.4,4,0,4,141.6640565,141664.0565
2019,1,27,4,0,0,14.4,,5,14.4,5,0,5,145.2263884,145226.3884
2019,1,27,5,0,0,14.4,,6,14.4,6,0,6,153.1029649,153102.9649
2019,1,27,6,0,0,14.5,,7,14.5,7,0,7,139.8947856,139894.7856
2019,1,27,7,0,12,15.1,,8,15.1,8,0.012,8,166.2914095,166291.4095
2019,1,27,8,0,76,15.8,,9,15.8,9,0.076,9,150.1672447,150167.2447
2019,1,27,9,0,83,16.4,,10,16.4,10,0.083,10,171.6972454,171697.2454
2019,1,27,10,0,161,16.9,,11,16.9,11,0.161,11,173.4473817,173447.3817
2019,1,27,11,0,60,17.2,,12,17.2,12,0.06,12,167.7821911,167782.1911
2019,1,27,12,0,203,17.4,,13,17.4,13,0.203,13,176.0261908,176026.1908
2019,1,27,13,0,556,17.5,,14,17.5,14,0.556,14,180.2998392,180299.8392
2019,1,27,14,0,403,17.4,,15,17.4,15,0.403,15,171.9952972,171995.2972
2019,1,27,15,0,237,17.2,,16,17.2,16,0.237,16,188.0276294,188027.6294
2019,1,27,16,0,262,16.9,,17,16.9,17,0.262,17,187.9054995,187905.4995
2019,1,27,17,0,67,16.1,,18,16.1,18,0.067,18,178.2951043,178295.1043
2019,1,27,18,0,0,15.8,,19,15.8,19,0,19,178.3548256,178354.8256
2019,1,27,19,0,0,15.7,,20,15.7,20,0,20,183.9300862,183930.0862
2019,1,27,20,0,0,15.6,,21,15.6,21,0,21,173.681348,173681.348
2019,1,27,21,0,0,15.6,,22,15.6,22,0,22,172.0906441,172090.6441
2019,1,27,22,0,0,15.6,,23,15.6,23,0,23,174.5744748,174574.4748
2019,1,27,23,0,0,15.6,,24,15.6,24,0,24,205.5446471,205544.6471
2019,1,28,0,0,0,15.6,,1,15.6,1,0,1,190.729894,190729.894
2019,1,28,1,0,0,15.6,,2,15.6,2,0,2,153.3435151,153343.5151
2019,1,28,2,0,0,15.6,,3,15.6,3,0,3,147.3224084,147322.4084
2019,1,28,3,0,0,15.6,,4,15.6,4,0,4,157.497123,157497.123
2019,1,28,4,0,0,15.7,,5,15.7,5,0,5,135.3628747,135362.8747
2019,1,28,5,0,0,15.8,,6,15.8,6,0,6,131.327128,131327.128
2019,1,28,6,0,0,15.9,,7,15.9,7,0,7,138.6857876,138685.7876
2019,1,28,7,0,36,17,,8,17,8,0.036,8,138.4310514,138431.0514
2019,1,28,8,0,224,18.2,,9,18.2,9,0.224,9,186.1221916,186122.1916
2019,1,28,9,0,424,19.1,,10,19.1,10,0.424,10,216.6980879,216698.0879
2019,1,28,10,0,590,19.6,,11,19.6,11,0.59,11,206.749815,206749.815
2019,1,28,11,0,708,20,,12,20,12,0.708,12,212.2825139,212282.5139
2019,1,28,12,0,753,20.2,,13,20.2,13,0.753,13,232.9694311,232969.4311
2019,1,28,13,0,723,20.2,,14,20.2,14,0.723,14,238.7742556,238774.2556
2019,1,28,14,0,624,20,,15,20,15,0.624,15,225.2103253,225210.3253
2019,1,28,15,0,387,19.7,,16,19.7,16,0.387,16,211.2187829,211218.7829
2019,1,28,16,0,163,19,,17,19,17,0.163,17,212.6282221,212628.2221
2019,1,28,17,0,36,17.9,,18,17.9,18,0.036,18,204.8761837,204876.1837
2019,1,28,18,0,0,17.7,,19,17.7,19,0,19,232.5240653,232524.0653
2019,1,28,19,0,0,17.7,,20,17.7,20,0,20,212.0943593,212094.3593
2019,1,28,20,0,0,17.8,,21,17.8,21,0,21,201.9104456,201910.4456
2019,1,28,21,0,0,17.8,,22,17.8,22,0,22,203.4724359,203472.4359
2019,1,28,22,0,0,17.8,,23,17.8,23,0,23,205.615839,205615.839
2019,1,28,23,0,0,17.7,,24,17.7,24,0,24,211.0516201,211051.6201
2019,1,29,0,0,0,17.6,,1,17.6,1,0,1,219.3379077,219337.9077
2019,1,29,1,0,0,17.6,,2,17.6,2,0,2,209.5999821,209599.9821
2019,1,29,2,0,0,17.7,,3,17.7,3,0,3,189.5465668,189546.5668
2019,1,29,3,0,0,17.7,,4,17.7,4,0,4,158.6682146,158668.2146
2019,1,29,4,0,0,17.8,,5,17.8,5,0,5,166.9604236,166960.4236
2019,1,29,5,0,0,17.8,,6,17.8,6,0,6,171.5553631,171555.3631
2019,1,29,6,0,0,17.8,,7,17.8,7,0,7,173.1620595,173162.0595
2019,1,29,7,0,24,18.7,,8,18.7,8,0.024,8,168.4116477,168411.6477
2019,1,29,8,0,217,19.5,,9,19.5,9,0.217,9,183.7805192,183780.5192
2019,1,29,9,0,318,20.1,,10,20.1,10,0.318,10,226.3401235,226340.1235
2019,1,29,10,0,582,20.5,,11,20.5,11,0.582,11,220.1180073,220118.0073
2019,1,29,11,0,700,20.8,,12,20.8,12,0.7,12,245.2150953,245215.0953
2019,1,29,12,0,742,21.1,,13,21.1,13,0.742,13,251.6363631,251636.3631
2019,1,29,13,0,445,21.1,,14,21.1,14,0.445,14,260.9581161,260958.1161
2019,1,29,14,0,410,21.1,,15,21.1,15,0.41,15,268.670664,268670.664
2019,1,29,15,0,281,20.9,,16,20.9,16,0.281,16,233.7639789,233763.9789
2019,1,29,16,0,177,20.5,,17,20.5,17,0.177,17,240.3816074,240381.6074
2019,1,29,17,0,44,19.6,,18,19.6,18,0.044,18,233.8038716,233803.8716
2019,1,29,18,0,0,19.3,,19,19.3,19,0,19,232.337125,232337.125
2019,1,29,19,0,0,19.3,,20,19.3,20,0,20,227.6478207,227647.8207
2019,1,29,20,0,0,19.2,,21,19.2,21,0,21,234.304841,234304.841
2019,1,29,21,0,0,19.2,,22,19.2,22,0,22,207.2381399,207238.1399
2019,1,29,22,0,0,19.2,,23,19.2,23,0,23,195.3606578,195360.6578
2019,1,29,23,0,0,19.2,,24,19.2,24,0,24,200.1433601,200143.3601
2019,1,30,0,0,0,19.2,,,,,,,,
2019,1,30,1,0,0,19.2,,,,,,,,
2019,1,30,2,0,0,19.1,,,,,,,,
2019,1,30,3,0,0,19.1,,,,,,,,
2019,1,30,4,0,0,19,,,,,,,,
2019,1,30,5,0,0,18.9,,,,,,,,
2019,1,30,6,0,0,18.9,,,,,,,,
2019,1,30,7,0,37,20.2,,,,,,,,
2019,1,30,8,0,224,21.3,,,,,,,,
2019,1,30,9,0,299,22.2,,,,,,,,
2019,1,30,10,0,465,22.8,,,,,,,,
2019,1,30,11,0,704,23.1,,,,,,,,
2019,1,30,12,0,745,23.2,,,,,,,,
2019,1,30,13,0,446,23,,,,,,,,
2019,1,30,14,0,342,22.6,,,,,,,,
2019,1,30,15,0,241,22,,,,,,,,
2019,1,30,16,0,59,21.2,,,,,,,,
2019,1,30,17,0,13,20.1,,,,,,,,
2019,1,30,18,0,0,19.9,,,,,,,,
2019,1,30,19,0,0,20,,,,,,,,
2019,1,30,20,0,0,20,,,,,,,,
2019,1,30,21,0,0,19.9,,,,,,,,
2019,1,30,22,0,0,20.1,,,,,,,,
2019,1,30,23,0,0,20.3,,,,,,,,
2019,1,31,0,0,0,20.3,,,,,,,,
2019,1,31,1,0,0,20.3,,,,,,,,
2019,1,31,2,0,0,20.1,,,,,,,,
2019,1,31,3,0,0,20,,,,,,,,
2019,1,31,4,0,0,19.8,,,,,,,,
2019,1,31,5,0,0,19.3,,,,,,,,
2019,1,31,6,0,0,18.9,,,,,,,,
2019,1,31,7,0,41,20.1,,,,,,,,
2019,1,31,8,0,141,21.2,,,,,,,,
2019,1,31,9,0,203,22.1,,,,,,,,
2019,1,31,10,0,602,23.1,,,,,,,,
2019,1,31,11,0,708,23.8,,,,,,,,
2019,1,31,12,0,746,24.1,,,,,,,,
2019,1,31,13,0,713,24.1,,,,,,,,
2019,1,31,14,0,191,23.6,,,,,,,,
2019,1,31,15,0,38,22.4,,,,,,,,
2019,1,31,16,0,63,20.4,,,,,,,,
2019,1,31,17,0,35,18.3,,,,,,,,
2019,1,31,18,0,0,17.1,,,,,,,,
2019,1,31,19,0,0,16.4,,,,,,,,
2019,1,31,20,0,0,16,,,,,,,,
2019,1,31,21,0,0,15.8,,,,,,,,
2019,1,31,22,0,0,15.7,,,,,,,,
2019,1,31,23,0,0,15.5,,,,,,,,
2019,2,1,0,0,0,15.3,,,,,,,,
2019,2,1,1,0,0,15.1,,,,,,,,
2019,2,1,2,0,0,14.9,,,,,,,,
2019,2,1,3,0,0,14.8,,,,,,,,
2019,2,1,4,0,0,14.8,,,,,,,,
2019,2,1,5,0,0,14.8,,,,,,,,
2019,2,1,6,0,0,14.8,,,,,,,,
2019,2,1,7,0,27,14.9,,,,,,,,
2019,2,1,8,0,27,15.1,,,,,,,,
2019,2,1,9,0,69,15.3,,,,,,,,
2019,2,1,10,0,72,15.6,,,,,,,,
2019,2,1,11,0,61,15.7,,,,,,,,
2019,2,1,12,0,66,15.9,,,,,,,,
2019,2,1,13,0,63,16.1,,,,,,,,
2019,2,1,14,0,116,16.3,,,,,,,,
2019,2,1,15,0,138,16.4,,,,,,,,
2019,2,1,16,0,66,16.4,,,,,,,,
2019,2,1,17,0,10,16,,,,,,,,
2019,2,1,18,0,0,16,,,,,,,,
2019,2,1,19,0,0,16.2,,,,,,,,
2019,2,1,20,0,0,16.4,,,,,,,,
2019,2,1,21,0,0,16.5,,,,,,,,
2019,2,1,22,0,0,16.7,,,,,,,,
2019,2,1,23,0,0,16.9,,,,,,,,
2019,2,2,0,0,0,17.1,,,,,,,,
2019,2,2,1,0,0,17.3,,,,,,,,
2019,2,2,2,0,0,17.4,,,,,,,,
2019,2,2,3,0,0,17.6,,,,,,,,
2019,2,2,4,0,0,17.7,,,,,,,,
2019,2,2,5,0,0,17.9,,,,,,,,
2019,2,2,6,0,0,18.1,,,,,,,,
2019,2,2,7,0,14,19.7,,,,,,,,
2019,2,2,8,0,84,20.8,,,,,,,,
2019,2,2,9,0,270,21.7,,,,,,,,
2019,2,2,10,0,405,22.5,,,,,,,,
2019,2,2,11,0,711,23,,,,,,,,
2019,2,2,12,0,752,23.2,,,,,,,,
2019,2,2,13,0,722,23.2,,,,,,,,
2019,2,2,14,0,615,22.9,,,,,,,,
2019,2,2,15,0,329,22.4,,,,,,,,
2019,2,2,16,0,144,21.5,,,,,,,,
2019,2,2,17,0,36,20.5,,,,,,,,
2019,2,2,18,0,0,19.8,,,,,,,,
2019,2,2,19,0,0,19.6,,,,,,,,
2019,2,2,20,0,0,19.5,,,,,,,,
2019,2,2,21,0,0,19.5,,,,,,,,
2019,2,2,22,0,0,19.6,,,,,,,,
2019,2,2,23,0,0,19.5,,,,,,,,
2019,2,3,0,0,0,19.5,,,,,,,,
2019,2,3,1,0,0,19.6,,,,,,,,
2019,2,3,2,0,0,19.8,,,,,,,,
2019,2,3,3,0,0,19.9,,,,,,,,
2019,2,3,4,0,0,20,,,,,,,,
2019,2,3,5,0,0,19.8,,,,,,,,
2019,2,3,6,0,0,19.7,,,,,,,,
2019,2,3,7,0,18,20.9,,,,,,,,
2019,2,3,8,0,107,22.1,,,,,,,,
2019,2,3,9,0,430,23.5,,,,,,,,
2019,2,3,10,0,596,24.3,,,,,,,,
2019,2,3,11,0,703,24.6,,,,,,,,
2019,2,3,12,0,738,24.5,,,,,,,,
2019,2,3,13,0,591,24.3,,,,,,,,
2019,2,3,14,0,610,23.8,,,,,,,,
2019,2,3,15,0,452,23.1,,,,,,,,
2019,2,3,16,0,125,22.4,,,,,,,,
2019,2,3,17,0,38,21.7,,,,,,,,
2019,2,3,18,0,0,21.4,,,,,,,,
2019,2,3,19,0,0,21.5,,,,,,,,
2019,2,3,20,0,0,21.5,,,,,,,,
2019,2,3,21,0,0,21.5,,,,,,,,
2019,2,3,22,0,0,21.7,,,,,,,,
2019,2,3,23,0,0,21.9,,,,,,,,
2019,2,4,0,0,0,21.8,,,,,,,,
2019,2,4,1,0,0,21.2,,,,,,,,
2019,2,4,2,0,0,20.3,,,,,,,,
2019,2,4,3,0,0,19.6,,,,,,,,
2019,2,4,4,0,0,18.5,,,,,,,,
2019,2,4,5,0,0,17.8,,,,,,,,
2019,2,4,6,0,0,17.5,,,,,,,,
2019,2,4,7,0,4,17.7,,,,,,,,
2019,2,4,8,0,17,18.1,,,,,,,,
2019,2,4,9,0,57,18.5,,,,,,,,
2019,2,4,10,0,79,18.9,,,,,,,,
2019,2,4,11,0,81,19.1,,,,,,,,
2019,2,4,12,0,92,19,,,,,,,,
2019,2,4,13,0,70,18.9,,,,,,,,
2019,2,4,14,0,54,18.7,,,,,,,,
2019,2,4,15,0,43,18.5,,,,,,,,
2019,2,4,16,0,21,18.2,,,,,,,,
2019,2,4,17,0,6,18,,,,,,,,
2019,2,4,18,0,0,17.9,,,,,,,,
2019,2,4,19,0,0,18,,,,,,,,
2019,2,4,20,0,0,18,,,,,,,,
2019,2,4,21,0,0,18.1,,,,,,,,
2019,2,4,22,0,0,18.1,,,,,,,,
2019,2,4,23,0,0,18.1,,,,,,,,
2019,2,5,0,0,0,18.2,,,,,,,,
2019,2,5,1,0,0,18.2,,,,,,,,
2019,2,5,2,0,0,18.2,,,,,,,,
2019,2,5,3,0,0,18.2,,,,,,,,
2019,2,5,4,0,0,18.1,,,,,,,,
2019,2,5,5,0,0,18.1,,,,,,,,
2019,2,5,6,0,0,18.2,,,,,,,,
2019,2,5,7,0,4,19,,,,,,,,
2019,2,5,8,0,17,19.7,,,,,,,,
2019,2,5,9,0,79,20.3,,,,,,,,
2019,2,5,10,0,564,20.8,,,,,,,,
2019,2,5,11,0,304,21,,,,,,,,
2019,2,5,12,0,296,20.9,,,,,,,,
2019,2,5,13,0,284,20.8,,,,,,,,
2019,2,5,14,0,603,20.6,,,,,,,,
2019,2,5,15,0,233,20.2,,,,,,,,
2019,2,5,16,0,60,19.5,,,,,,,,
2019,2,5,17,0,77,18.4,,,,,,,,
2019,2,5,18,0,0,17.9,,,,,,,,
2019,2,5,19,0,0,17.8,,,,,,,,
2019,2,5,20,0,0,17.8,,,,,,,,
2019,2,5,21,0,0,17.7,,,,,,,,
2019,2,5,22,0,0,17.7,,,,,,,,
2019,2,5,23,0,0,17.7,,,,,,,,
2019,2,6,0,0,0,17.7,,,,,,,,
2019,2,6,1,0,0,17.6,,,,,,,,
2019,2,6,2,0,0,17.6,,,,,,,,
2019,2,6,3,0,0,17.6,,,,,,,,
2019,2,6,4,0,0,17.6,,,,,,,,
2019,2,6,5,0,0,17.6,,,,,,,,
2019,2,6,6,0,0,17.7,,,,,,,,
2019,2,6,7,0,39,18.7,,,,,,,,
2019,2,6,8,0,233,19.8,,,,,,,,
2019,2,6,9,0,440,20.6,,,,,,,,
2019,2,6,10,0,613,21.4,,,,,,,,
2019,2,6,11,0,743,22.1,,,,,,,,
2019,2,6,12,0,791,22.7,,,,,,,,
2019,2,6,13,0,762,23,,,,,,,,
2019,2,6,14,0,664,22.9,,,,,,,,
2019,2,6,15,0,499,22.6,,,,,,,,
2019,2,6,16,0,293,21.9,,,,,,,,
2019,2,6,17,0,87,20.9,,,,,,,,
2019,2,6,18,0,0,20.5,,,,,,,,
2019,2,6,19,0,0,20.4,,,,,,,,
2019,2,6,20,0,0,20.5,,,,,,,,
2019,2,6,21,0,0,20.5,,,,,,,,
2019,2,6,22,0,0,20.3,,,,,,,,
2019,2,6,23,0,0,20.1,,,,,,,,
2019,2,7,0,0,0,20,,,,,,,,
2019,2,7,1,0,0,19.9,,,,,,,,
2019,2,7,2,0,0,19.6,,,,,,,,
2019,2,7,3,0,0,19.2,,,,,,,,
2019,2,7,4,0,0,18.9,,,,,,,,
2019,2,7,5,0,0,18.7,,,,,,,,
2019,2,7,6,0,0,18.9,,,,,,,,
2019,2,7,7,0,34,20.6,,,,,,,,
2019,2,7,8,0,245,22.1,,,,,,,,
2019,2,7,9,0,452,23.7,,,,,,,,
2019,2,7,10,0,624,24.7,,,,,,,,
2019,2,7,11,0,745,25.2,,,,,,,,
2019,2,7,12,0,789,25.5,,,,,,,,
2019,2,7,13,0,761,25.4,,,,,,,,
2019,2,7,14,0,661,24.9,,,,,,,,
2019,2,7,15,0,500,24,,,,,,,,
2019,2,7,16,0,297,22.8,,,,,,,,
2019,2,7,17,0,23,21.1,,,,,,,,
2019,2,7,18,0,0,20.2,,,,,,,,
2019,2,7,19,0,0,19.7,,,,,,,,
2019,2,7,20,0,0,18.9,,,,,,,,
2019,2,7,21,0,0,18.3,,,,,,,,
2019,2,7,22,0,0,18,,,,,,,,
2019,2,7,23,0,0,17.9,,,,,,,,
2019,2,8,0,0,0,17.9,,,,,,,,
2019,2,8,1,0,0,17.9,,,,,,,,
2019,2,8,2,0,0,17.9,,,,,,,,
2019,2,8,3,0,0,17.9,,,,,,,,
2019,2,8,4,0,0,17.8,,,,,,,,
2019,2,8,5,0,0,17.7,,,,,,,,
2019,2,8,6,0,0,17.6,,,,,,,,
2019,2,8,7,0,18,17.9,,,,,,,,
2019,2,8,8,0,93,18.3,,,,,,,,
2019,2,8,9,0,36,18.5,,,,,,,,
2019,2,8,10,0,69,18.7,,,,,,,,
2019,2,8,11,0,149,18.8,,,,,,,,
2019,2,8,12,0,209,18.7,,,,,,,,
2019,2,8,13,0,131,18.6,,,,,,,,
2019,2,8,14,0,210,18.4,,,,,,,,
2019,2,8,15,0,122,18.1,,,,,,,,
2019,2,8,16,0,47,17.7,,,,,,,,
2019,2,8,17,0,30,17.3,,,,,,,,
2019,2,8,18,0,0,17.2,,,,,,,,
2019,2,8,19,0,0,17.3,,,,,,,,
2019,2,8,20,0,0,17.3,,,,,,,,
2019,2,8,21,0,0,17.4,,,,,,,,
2019,2,8,22,0,0,17.4,,,,,,,,
2019,2,8,23,0,0,17.4,,,,,,,,
2019,2,9,0,0,0,17.4,,,,,,,,
2019,2,9,1,0,0,17.4,,,,,,,,
2019,2,9,2,0,0,17.3,,,,,,,,
2019,2,9,3,0,0,17.2,,,,,,,,
2019,2,9,4,0,0,17.2,,,,,,,,
2019,2,9,5,0,0,17.1,,,,,,,,
2019,2,9,6,0,0,17.1,,,,,,,,
2019,2,9,7,0,15,17.6,,,,,,,,
2019,2,9,8,0,80,17.9,,,,,,,,
2019,2,9,9,0,36,18.2,,,,,,,,
2019,2,9,10,0,112,18.4,,,,,,,,
2019,2,9,11,0,62,18.4,,,,,,,,
2019,2,9,12,0,66,18.2,,,,,,,,
2019,2,9,13,0,64,17.9,,,,,,,,
2019,2,9,14,0,55,17.6,,,,,,,,
2019,2,9,15,0,83,17.2,,,,,,,,
2019,2,9,16,0,22,16.8,,,,,,,,
2019,2,9,17,0,7,16.6,,,,,,,,
2019,2,9,18,0,0,16.6,,,,,,,,
2019,2,9,19,0,0,16.6,,,,,,,,
2019,2,9,20,0,0,16.7,,,,,,,,
2019,2,9,21,0,0,16.9,,,,,,,,
2019,2,9,22,0,0,17,,,,,,,,
2019,2,9,23,0,0,17.1,,,,,,,,
2019,2,10,0,0,0,17.1,,,,,,,,
2019,2,10,1,0,0,17.2,,,,,,,,
2019,2,10,2,0,0,17.1,,,,,,,,
2019,2,10,3,0,0,17.1,,,,,,,,
2019,2,10,4,0,0,17.1,,,,,,,,
2019,2,10,5,0,0,17,,,,,,,,
2019,2,10,6,0,0,17,,,,,,,,
2019,2,10,7,0,20,17.4,,,,,,,,
2019,2,10,8,0,77,17.9,,,,,,,,
2019,2,10,9,0,98,18.5,,,,,,,,
2019,2,10,10,0,232,19.1,,,,,,,,
2019,2,10,11,0,345,19.6,,,,,,,,
2019,2,10,12,0,158,20,,,,,,,,
2019,2,10,13,0,175,20.1,,,,,,,,
2019,2,10,14,0,133,19.9,,,,,,,,
2019,2,10,15,0,42,19.5,,,,,,,,
2019,2,10,16,0,23,18.8,,,,,,,,
2019,2,10,17,0,7,18.2,,,,,,,,
2019,2,10,18,0,0,18,,,,,,,,
2019,2,10,19,0,0,17.9,,,,,,,,
2019,2,10,20,0,0,17.8,,,,,,,,
2019,2,10,21,0,0,17.7,,,,,,,,
2019,2,10,22,0,0,17.5,,,,,,,,
2019,2,10,23,0,0,17.4,,,,,,,,
2019,2,11,0,0,0,17.4,,,,,,,,
2019,2,11,1,0,0,17.2,,,,,,,,
2019,2,11,2,0,0,17.1,,,,,,,,
2019,2,11,3,0,0,17,,,,,,,,
2019,2,11,4,0,0,16.9,,,,,,,,
2019,2,11,5,0,0,16.8,,,,,,,,
2019,2,11,6,0,0,16.7,,,,,,,,
2019,2,11,7,0,22,16.9,,,,,,,,
2019,2,11,8,0,116,17.2,,,,,,,,
2019,2,11,9,0,292,17.7,,,,,,,,
2019,2,11,10,0,307,18.1,,,,,,,,
2019,2,11,11,0,477,18.4,,,,,,,,
2019,2,11,12,0,359,18.6,,,,,,,,
2019,2,11,13,0,390,18.5,,,,,,,,
2019,2,11,14,0,318,18,,,,,,,,
2019,2,11,15,0,343,17.6,,,,,,,,
2019,2,11,16,0,208,17.3,,,,,,,,
2019,2,11,17,0,67,17.1,,,,,,,,
2019,2,11,18,0,0,17.1,,,,,,,,
2019,2,11,19,0,0,17.3,,,,,,,,
2019,2,11,20,0,0,17.6,,,,,,,,
2019,2,11,21,0,0,17.8,,,,,,,,
2019,2,11,22,0,0,18,,,,,,,,
2019,2,11,23,0,0,18.1,,,,,,,,
2019,2,12,0,0,0,18.3,,,,,,,,
2019,2,12,1,0,0,18.3,,,,,,,,
2019,2,12,2,0,0,18.3,,,,,,,,
2019,2,12,3,0,0,18.3,,,,,,,,
2019,2,12,4,0,0,18.3,,,,,,,,
2019,2,12,5,0,0,18.3,,,,,,,,
2019,2,12,6,0,0,18.4,,,,,,,,
2019,2,12,7,0,51,18.9,,,,,,,,
2019,2,12,8,0,184,19.5,,,,,,,,
2019,2,12,9,0,444,20.1,,,,,,,,
2019,2,12,10,0,612,20.8,,,,,,,,
2019,2,12,11,0,730,21.5,,,,,,,,
2019,2,12,12,0,775,21.8,,,,,,,,
2019,2,12,13,0,750,22,,,,,,,,
2019,2,12,14,0,661,22,,,,,,,,
2019,2,12,15,0,502,21.8,,,,,,,,
2019,2,12,16,0,302,21.4,,,,,,,,
2019,2,12,17,0,97,20.6,,,,,,,,
2019,2,12,18,0,0,20.2,,,,,,,,
2019,2,12,19,0,0,20,,,,,,,,
2019,2,12,20,0,0,20,,,,,,,,
2019,2,12,21,0,0,19.9,,,,,,,,
2019,2,12,22,0,0,19.5,,,,,,,,
2019,2,12,23,0,0,19.1,,,,,,,,
2019,2,13,0,0,0,18.6,,,,,,,,
2019,2,13,1,0,0,18.3,,,,,,,,
2019,2,13,2,0,0,17.9,,,,,,,,
2019,2,13,3,0,0,17.7,,,,,,,,
2019,2,13,4,0,0,17.6,,,,,,,,
2019,2,13,5,0,0,17.5,,,,,,,,
2019,2,13,6,0,0,17.5,,,,,,,,
2019,2,13,7,0,5,18.1,,,,,,,,
2019,2,13,8,0,18,18.6,,,,,,,,
2019,2,13,9,0,112,18.9,,,,,,,,
2019,2,13,10,0,122,19.1,,,,,,,,
2019,2,13,11,0,108,19.2,,,,,,,,
2019,2,13,12,0,247,19.3,,,,,,,,
2019,2,13,13,0,300,19.4,,,,,,,,
2019,2,13,14,0,254,19.5,,,,,,,,
2019,2,13,15,0,186,19.4,,,,,,,,
2019,2,13,16,0,277,19.2,,,,,,,,
2019,2,13,17,0,18,19,,,,,,,,
2019,2,13,18,0,0,18.9,,,,,,,,
2019,2,13,19,0,0,18.9,,,,,,,,
2019,2,13,20,0,0,18.9,,,,,,,,
2019,2,13,21,0,0,19,,,,,,,,
2019,2,13,22,0,0,19,,,,,,,,
2019,2,13,23,0,0,19,,,,,,,,
2019,2,14,0,0,0,19,,,,,,,,
2019,2,14,1,0,0,19,,,,,,,,
2019,2,14,2,0,0,19,,,,,,,,
2019,2,14,3,0,0,19,,,,,,,,
2019,2,14,4,0,0,19,,,,,,,,
2019,2,14,5,0,0,19,,,,,,,,
2019,2,14,6,0,0,19.1,,,,,,,,
2019,2,14,7,0,16,19.9,,,,,,,,
2019,2,14,8,0,11,20.4,,,,,,,,
2019,2,14,9,0,90,20.8,,,,,,,,
2019,2,14,10,0,159,20.8,,,,,,,,
2019,2,14,11,0,212,20.7,,,,,,,,
2019,2,14,12,0,165,20.5,,,,,,,,
2019,2,14,13,0,273,20.3,,,,,,,,
2019,2,14,14,0,94,19.9,,,,,,,,
2019,2,14,15,0,169,19.5,,,,,,,,
2019,2,14,16,0,152,19.2,,,,,,,,
2019,2,14,17,0,22,18.9,,,,,,,,
2019,2,14,18,0,0,18.8,,,,,,,,
2019,2,14,19,0,0,18.9,,,,,,,,
2019,2,14,20,0,0,19,,,,,,,,
2019,2,14,21,0,0,18.9,,,,,,,,
2019,2,14,22,0,0,18.9,,,,,,,,
2019,2,14,23,0,0,18.9,,,,,,,,
2019,2,15,0,0,0,18.8,,,,,,,,
2019,2,15,1,0,0,18.8,,,,,,,,
2019,2,15,2,0,0,18.7,,,,,,,,
2019,2,15,3,0,0,18.6,,,,,,,,
2019,2,15,4,0,0,18.5,,,,,,,,
2019,2,15,5,0,0,18.4,,,,,,,,
2019,2,15,6,0,0,18.5,,,,,,,,
2019,2,15,7,0,50,19.3,,,,,,,,
2019,2,15,8,0,242,20,,,,,,,,
2019,2,15,9,0,221,20.9,,,,,,,,
2019,2,15,10,0,389,21.8,,,,,,,,
2019,2,15,11,0,743,22.5,,,,,,,,
2019,2,15,12,0,785,22.8,,,,,,,,
2019,2,15,13,0,762,23.1,,,,,,,,
2019,2,15,14,0,477,23,,,,,,,,
2019,2,15,15,0,267,22.6,,,,,,,,
2019,2,15,16,0,71,21.7,,,,,,,,
2019,2,15,17,0,58,20.4,,,,,,,,
2019,2,15,18,0,0,19.7,,,,,,,,
2019,2,15,19,0,0,19.5,,,,,,,,
2019,2,15,20,0,0,19.4,,,,,,,,
2019,2,15,21,0,0,19.3,,,,,,,,
2019,2,15,22,0,0,19,,,,,,,,
2019,2,15,23,0,0,18.8,,,,,,,,
2019,2,16,0,0,0,18.4,,,,,,,,
2019,2,16,1,0,0,18.2,,,,,,,,
2019,2,16,2,0,0,18,,,,,,,,
2019,2,16,3,0,0,17.9,,,,,,,,
2019,2,16,4,0,0,17.6,,,,,,,,
2019,2,16,5,0,0,17.3,,,,,,,,
2019,2,16,6,0,0,17.2,,,,,,,,
2019,2,16,7,0,32,17.6,,,,,,,,
2019,2,16,8,0,13,18.1,,,,,,,,
2019,2,16,9,0,366,18.7,,,,,,,,
2019,2,16,10,0,333,19.3,,,,,,,,
2019,2,16,11,0,294,19.6,,,,,,,,
2019,2,16,12,0,106,19.6,,,,,,,,
2019,2,16,13,0,109,19.3,,,,,,,,
2019,2,16,14,0,252,18.8,,,,,,,,
2019,2,16,15,0,106,18.3,,,,,,,,
2019,2,16,16,0,15,17.7,,,,,,,,
2019,2,16,17,0,44,17.4,,,,,,,,
2019,2,16,18,0,0,17.3,,,,,,,,
2019,2,16,19,0,0,17.3,,,,,,,,
2019,2,16,20,0,0,17.3,,,,,,,,
2019,2,16,21,0,0,17.3,,,,,,,,
2019,2,16,22,0,0,17.3,,,,,,,,
2019,2,16,23,0,0,17.3,,,,,,,,
2019,2,17,0,0,0,17.2,,,,,,,,
2019,2,17,1,0,0,17.2,,,,,,,,
2019,2,17,2,0,0,17.1,,,,,,,,
2019,2,17,3,0,0,17,,,,,,,,
2019,2,17,4,0,0,16.8,,,,,,,,
2019,2,17,5,0,0,16.6,,,,,,,,
2019,2,17,6,0,0,16.5,,,,,,,,
2019,2,17,7,0,29,16.6,,,,,,,,
2019,2,17,8,0,116,16.9,,,,,,,,
2019,2,17,9,0,300,17.3,,,,,,,,
2019,2,17,10,0,395,17.8,,,,,,,,
2019,2,17,11,0,419,18.3,,,,,,,,
2019,2,17,12,0,369,18.7,,,,,,,,
2019,2,17,13,0,503,18.7,,,,,,,,
2019,2,17,14,0,295,18.6,,,,,,,,
2019,2,17,15,0,314,18.4,,,,,,,,
2019,2,17,16,0,152,18.1,,,,,,,,
2019,2,17,17,0,43,17.9,,,,,,,,
2019,2,17,18,0,0,18,,,,,,,,
2019,2,17,19,0,0,18.3,,,,,,,,
2019,2,17,20,0,0,18.6,,,,,,,,
2019,2,17,21,0,0,18.9,,,,,,,,
2019,2,17,22,0,0,19.1,,,,,,,,
2019,2,17,23,0,0,19.2,,,,,,,,
2019,2,18,0,0,0,19.3,,,,,,,,
2019,2,18,1,0,0,19.4,,,,,,,,
2019,2,18,2,0,0,19.5,,,,,,,,
2019,2,18,3,0,0,19.6,,,,,,,,
2019,2,18,4,0,0,19.8,,,,,,,,
2019,2,18,5,0,0,19.9,,,,,,,,
2019,2,18,6,0,0,20.1,,,,,,,,
2019,2,18,7,0,24,20.6,,,,,,,,
2019,2,18,8,0,13,21.2,,,,,,,,
2019,2,18,9,0,332,21.8,,,,,,,,
2019,2,18,10,0,244,22.4,,,,,,,,
2019,2,18,11,0,263,22.9,,,,,,,,
2019,2,18,12,0,305,23.2,,,,,,,,
2019,2,18,13,0,373,23.3,,,,,,,,
2019,2,18,14,0,236,23.4,,,,,,,,
2019,2,18,15,0,334,23,,,,,,,,
2019,2,18,16,0,49,22.3,,,,,,,,
2019,2,18,17,0,87,21.2,,,,,,,,
2019,2,18,18,0,0,20.5,,,,,,,,
2019,2,18,19,0,0,19.9,,,,,,,,
2019,2,18,20,0,0,19.5,,,,,,,,
2019,2,18,21,0,0,19.3,,,,,,,,
2019,2,18,22,0,0,19.3,,,,,,,,
2019,2,18,23,0,0,19.3,,,,,,,,
2019,2,19,0,0,0,19.4,,,,,,,,
2019,2,19,1,0,0,19.4,,,,,,,,
2019,2,19,2,0,0,19.5,,,,,,,,
2019,2,19,3,0,0,19.5,,,,,,,,
2019,2,19,4,0,0,19.5,,,,,,,,
2019,2,19,5,0,0,19.5,,,,,,,,
2019,2,19,6,0,0,19.7,,,,,,,,
2019,2,19,7,0,42,21,,,,,,,,
2019,2,19,8,0,41,22.1,,,,,,,,
2019,2,19,9,0,129,23.6,,,,,,,,
2019,2,19,10,0,375,24.4,,,,,,,,
2019,2,19,11,0,47,24.3,,,,,,,,
2019,2,19,12,0,53,23.8,,,,,,,,
2019,2,19,13,0,131,23.3,,,,,,,,
2019,2,19,14,0,358,23,,,,,,,,
2019,2,19,15,0,496,22.8,,,,,,,,
2019,2,19,16,0,248,22.4,,,,,,,,
2019,2,19,17,0,91,21.6,,,,,,,,
2019,2,19,18,0,0,21.3,,,,,,,,
2019,2,19,19,0,0,21.3,,,,,,,,
2019,2,19,20,0,0,21.3,,,,,,,,
2019,2,19,21,0,0,21.2,,,,,,,,
2019,2,19,22,0,0,21.1,,,,,,,,
2019,2,19,23,0,0,21,,,,,,,,
2019,2,20,0,0,0,20.9,,,,,,,,
2019,2,20,1,0,0,20.8,,,,,,,,
2019,2,20,2,0,0,20.7,,,,,,,,
2019,2,20,3,0,0,20.6,,,,,,,,
2019,2,20,4,0,0,20.6,,,,,,,,
2019,2,20,5,0,0,20.6,,,,,,,,
2019,2,20,6,0,0,20.6,,,,,,,,
2019,2,20,7,0,62,21.5,,,,,,,,
2019,2,20,8,0,258,22.3,,,,,,,,
2019,2,20,9,0,459,23.2,,,,,,,,
2019,2,20,10,0,628,24,,,,,,,,
2019,2,20,11,0,755,24.5,,,,,,,,
2019,2,20,12,0,800,24.7,,,,,,,,
2019,2,20,13,0,532,24.7,,,,,,,,
2019,2,20,14,0,671,24.5,,,,,,,,
2019,2,20,15,0,512,24.1,,,,,,,,
2019,2,20,16,0,44,23.4,,,,,,,,
2019,2,20,17,0,111,22.4,,,,,,,,
2019,2,20,18,0,0,21.7,,,,,,,,
2019,2,20,19,0,0,21.3,,,,,,,,
2019,2,20,20,0,0,21.1,,,,,,,,
2019,2,20,21,0,0,21,,,,,,,,
2019,2,20,22,0,0,20.8,,,,,,,,
2019,2,20,23,0,0,20.6,,,,,,,,
2019,2,21,0,0,0,20.4,,,,,,,,
2019,2,21,1,0,0,20.2,,,,,,,,
2019,2,21,2,0,0,20,,,,,,,,
2019,2,21,3,0,0,19.9,,,,,,,,
2019,2,21,4,0,0,19.8,,,,,,,,
2019,2,21,5,0,0,19.7,,,,,,,,
2019,2,21,6,0,0,19.8,,,,,,,,
2019,2,21,7,0,34,20.5,,,,,,,,
2019,2,21,8,0,257,20.9,,,,,,,,
2019,2,21,9,0,186,21.5,,,,,,,,
2019,2,21,10,0,366,22,,,,,,,,
2019,2,21,11,0,117,22.4,,,,,,,,
2019,2,21,12,0,602,22.7,,,,,,,,
2019,2,21,13,0,598,22.7,,,,,,,,
2019,2,21,14,0,232,22.5,,,,,,,,
2019,2,21,15,0,185,22.2,,,,,,,,
2019,2,21,16,0,300,21.7,,,,,,,,
2019,2,21,17,0,93,21,,,,,,,,
2019,2,21,18,0,0,20.6,,,,,,,,
2019,2,21,19,0,0,20.5,,,,,,,,
2019,2,21,20,0,0,20.3,,,,,,,,
2019,2,21,21,0,0,20.2,,,,,,,,
2019,2,21,22,0,0,20,,,,,,,,
2019,2,21,23,0,0,19.9,,,,,,,,
2019,2,22,0,0,0,19.7,,,,,,,,
2019,2,22,1,0,0,19.5,,,,,,,,
2019,2,22,2,0,0,19.1,,,,,,,,
2019,2,22,3,0,0,18.6,,,,,,,,
2019,2,22,4,0,0,18.2,,,,,,,,
2019,2,22,5,0,0,17.9,,,,,,,,
2019,2,22,6,0,0,17.8,,,,,,,,
2019,2,22,7,0,6,18,,,,,,,,
2019,2,22,8,0,12,18.7,,,,,,,,
2019,2,22,9,0,24,19.5,,,,,,,,
2019,2,22,10,0,103,20.1,,,,,,,,
2019,2,22,11,0,94,20.2,,,,,,,,
2019,2,22,12,0,91,19.9,,,,,,,,
2019,2,22,13,0,73,19.4,,,,,,,,
2019,2,22,14,0,93,18.8,,,,,,,,
2019,2,22,15,0,56,18.1,,,,,,,,
2019,2,22,16,0,38,17.5,,,,,,,,
2019,2,22,17,0,10,17,,,,,,,,
2019,2,22,18,0,0,16.9,,,,,,,,
2019,2,22,19,0,0,16.9,,,,,,,,
2019,2,22,20,0,0,17,,,,,,,,
2019,2,22,21,0,0,17,,,,,,,,
2019,2,22,22,0,0,16.9,,,,,,,,
2019,2,22,23,0,0,16.7,,,,,,,,
2019,2,23,0,0,0,16.5,,,,,,,,
2019,2,23,1,0,0,16.3,,,,,,,,
2019,2,23,2,0,0,16.1,,,,,,,,
2019,2,23,3,0,0,15.9,,,,,,,,
2019,2,23,4,0,0,15.8,,,,,,,,
2019,2,23,5,0,0,15.6,,,,,,,,
2019,2,23,6,0,0,15.5,,,,,,,,
2019,2,23,7,0,20,15.6,,,,,,,,
2019,2,23,8,0,63,15.9,,,,,,,,
2019,2,23,9,0,137,16.2,,,,,,,,
2019,2,23,10,0,141,16.6,,,,,,,,
2019,2,23,11,0,75,17,,,,,,,,
2019,2,23,12,0,71,17.1,,,,,,,,
2019,2,23,13,0,70,17,,,,,,,,
2019,2,23,14,0,100,16.7,,,,,,,,
2019,2,23,15,0,101,16.5,,,,,,,,
2019,2,23,16,0,15,16.4,,,,,,,,
2019,2,23,17,0,6,16.3,,,,,,,,
2019,2,23,18,0,0,16.3,,,,,,,,
2019,2,23,19,0,0,16.5,,,,,,,,
2019,2,23,20,0,0,16.6,,,,,,,,
2019,2,23,21,0,0,16.7,,,,,,,,
2019,2,23,22,0,0,16.8,,,,,,,,
2019,2,23,23,0,0,16.9,,,,,,,,
2019,2,24,0,0,0,17,,,,,,,,
2019,2,24,1,0,0,17,,,,,,,,
2019,2,24,2,0,0,17.1,,,,,,,,
2019,2,24,3,0,0,17.2,,,,,,,,
2019,2,24,4,0,0,17.3,,,,,,,,
2019,2,24,5,0,0,17.4,,,,,,,,
2019,2,24,6,0,0,17.4,,,,,,,,
2019,2,24,7,0,6,17.5,,,,,,,,
2019,2,24,8,0,12,17.7,,,,,,,,
2019,2,24,9,0,63,17.8,,,,,,,,
2019,2,24,10,0,47,18,,,,,,,,
2019,2,24,11,0,50,18.1,,,,,,,,
2019,2,24,12,0,178,18.1,,,,,,,,
2019,2,24,13,0,53,18.1,,,,,,,,
2019,2,24,14,0,85,18.1,,,,,,,,
2019,2,24,15,0,97,18,,,,,,,,
2019,2,24,16,0,90,17.7,,,,,,,,
2019,2,24,17,0,9,17.5,,,,,,,,
2019,2,24,18,0,0,17.5,,,,,,,,
2019,2,24,19,0,0,17.5,,,,,,,,
2019,2,24,20,0,0,17.5,,,,,,,,
2019,2,24,21,0,0,17.4,,,,,,,,
2019,2,24,22,0,0,17.4,,,,,,,,
2019,2,24,23,0,0,17.4,,,,,,,,
2019,2,25,0,0,0,17.4,,,,,,,,
2019,2,25,1,0,0,17.4,,,,,,,,
2019,2,25,2,0,0,17.4,,,,,,,,
2019,2,25,3,0,0,17.4,,,,,,,,
2019,2,25,4,0,0,17.4,,,,,,,,
2019,2,25,5,0,0,17.5,,,,,,,,
2019,2,25,6,0,0,17.7,,,,,,,,
2019,2,25,7,0,70,18.4,,,,,,,,
2019,2,25,8,0,63,18.9,,,,,,,,
2019,2,25,9,0,65,19.4,,,,,,,,
2019,2,25,10,0,146,19.8,,,,,,,,
2019,2,25,11,0,213,20,,,,,,,,
2019,2,25,12,0,555,20.2,,,,,,,,
2019,2,25,13,0,611,20.3,,,,,,,,
2019,2,25,14,0,460,20.1,,,,,,,,
2019,2,25,15,0,367,19.8,,,,,,,,
2019,2,25,16,0,74,19.4,,,,,,,,
2019,2,25,17,0,117,18.8,,,,,,,,
2019,2,25,18,0,0,18.5,,,,,,,,
2019,2,25,19,0,0,18.4,,,,,,,,
2019,2,25,20,0,0,18.4,,,,,,,,
2019,2,25,21,0,0,18.3,,,,,,,,
2019,2,25,22,0,0,18.2,,,,,,,,
2019,2,25,23,0,0,18.2,,,,,,,,
2019,2,26,0,0,0,18.1,,,,,,,,
2019,2,26,1,0,0,18,,,,,,,,
2019,2,26,2,0,0,18,,,,,,,,
2019,2,26,3,0,0,17.9,,,,,,,,
2019,2,26,4,0,0,17.9,,,,,,,,
2019,2,26,5,0,0,17.8,,,,,,,,
2019,2,26,6,0,0,17.9,,,,,,,,
2019,2,26,7,0,24,18.6,,,,,,,,
2019,2,26,8,0,23,19.3,,,,,,,,
2019,2,26,9,0,306,19.9,,,,,,,,
2019,2,26,10,0,288,20.6,,,,,,,,
2019,2,26,11,0,137,21,,,,,,,,
2019,2,26,12,0,295,21.2,,,,,,,,
2019,2,26,13,0,178,21,,,,,,,,
2019,2,26,14,0,541,20.7,,,,,,,,
2019,2,26,15,0,524,20.2,,,,,,,,
2019,2,26,16,0,329,19.6,,,,,,,,
2019,2,26,17,0,120,18.9,,,,,,,,
2019,2,26,18,0,0,18.5,,,,,,,,
2019,2,26,19,0,0,18.4,,,,,,,,
2019,2,26,20,0,0,18.3,,,,,,,,
2019,2,26,21,0,0,18.4,,,,,,,,
2019,2,26,22,0,0,18.6,,,,,,,,
2019,2,26,23,0,0,18.9,,,,,,,,
2019,2,27,0,0,0,19.2,,,,,,,,
2019,2,27,1,0,0,19.5,,,,,,,,
2019,2,27,2,0,0,19.5,,,,,,,,
2019,2,27,3,0,0,19.1,,,,,,,,
2019,2,27,4,0,0,18.7,,,,,,,,
2019,2,27,5,0,0,18.2,,,,,,,,
2019,2,27,6,0,0,18.4,,,,,,,,
2019,2,27,7,0,77,19.1,,,,,,,,
2019,2,27,8,0,142,19.7,,,,,,,,
2019,2,27,9,0,153,20.8,,,,,,,,
2019,2,27,10,0,171,22,,,,,,,,
2019,2,27,11,0,318,23,,,,,,,,
2019,2,27,12,0,429,23.5,,,,,,,,
2019,2,27,13,0,414,23.5,,,,,,,,
2019,2,27,14,0,488,23.3,,,,,,,,
2019,2,27,15,0,528,22.8,,,,,,,,
2019,2,27,16,0,228,22.1,,,,,,,,
2019,2,27,17,0,79,21.1,,,,,,,,
2019,2,27,18,0,0,20.6,,,,,,,,
2019,2,27,19,0,0,20.5,,,,,,,,
2019,2,27,20,0,0,20.4,,,,,,,,
2019,2,27,21,0,0,20.4,,,,,,,,
2019,2,27,22,0,0,20.3,,,,,,,,
2019,2,27,23,0,0,20,,,,,,,,
2019,2,28,0,0,0,19.6,,,,,,,,
2019,2,28,1,0,0,19.2,,,,,,,,
2019,2,28,2,0,0,18.9,,,,,,,,
2019,2,28,3,0,0,18.6,,,,,,,,
2019,2,28,4,0,0,18.3,,,,,,,,
2019,2,28,5,0,0,18.4,,,,,,,,
2019,2,28,6,0,0,18.4,,,,,,,,
2019,2,28,7,0,69,18.9,,,,,,,,
2019,2,28,8,0,270,19.3,,,,,,,,
2019,2,28,9,0,323,19.9,,,,,,,,
2019,2,28,10,0,251,20.2,,,,,,,,
2019,2,28,11,0,138,20.2,,,,,,,,
2019,2,28,12,0,133,20,,,,,,,,
2019,2,28,13,0,194,19.5,,,,,,,,
2019,2,28,14,0,152,18.9,,,,,,,,
2019,2,28,15,0,92,18.4,,,,,,,,
2019,2,28,16,0,53,17.9,,,,,,,,
2019,2,28,17,0,17,17.6,,,,,,,,
2019,2,28,18,0,0,17.5,,,,,,,,
2019,2,28,19,0,0,17.6,,,,,,,,
2019,2,28,20,0,0,17.7,,,,,,,,
2019,2,28,21,0,0,17.6,,,,,,,,
2019,2,28,22,0,0,17.6,,,,,,,,
2019,2,28,23,0,0,17.5,,,,,,,,
2019,3,1,0,0,0,17.5,,,,,,,,
2019,3,1,1,0,0,17.5,,,,,,,,
2019,3,1,2,0,0,17.6,,,,,,,,
2019,3,1,3,0,0,17.6,,,,,,,,
2019,3,1,4,0,0,17.6,,,,,,,,
2019,3,1,5,0,0,17.6,,,,,,,,
2019,3,1,6,0,0,17.9,,,,,,,,
2019,3,1,7,0,80,18.8,,,,,,,,
2019,3,1,8,0,142,19.7,,,,,,,,
2019,3,1,9,0,343,20.7,,,,,,,,
2019,3,1,10,0,660,21.6,,,,,,,,
2019,3,1,11,0,539,22.1,,,,,,,,
2019,3,1,12,0,679,22.4,,,,,,,,
2019,3,1,13,0,523,22.6,,,,,,,,
2019,3,1,14,0,217,22.4,,,,,,,,
2019,3,1,15,0,151,22,,,,,,,,
2019,3,1,16,0,27,21.2,,,,,,,,
2019,3,1,17,0,27,20.3,,,,,,,,
2019,3,1,18,0,0,19.9,,,,,,,,
2019,3,1,19,0,0,19.8,,,,,,,,
2019,3,1,20,0,0,19.7,,,,,,,,
2019,3,1,21,0,0,19.6,,,,,,,,
2019,3,1,22,0,0,19.5,,,,,,,,
2019,3,1,23,0,0,19.5,,,,,,,,
2019,3,2,0,0,0,19.4,,,,,,,,
2019,3,2,1,0,0,19.4,,,,,,,,
2019,3,2,2,0,0,19.3,,,,,,,,
2019,3,2,3,0,0,19.3,,,,,,,,
2019,3,2,4,0,0,19.3,,,,,,,,
2019,3,2,5,0,0,19.3,,,,,,,,
2019,3,2,6,0,0,19.7,,,,,,,,
2019,3,2,7,0,44,20.8,,,,,,,,
2019,3,2,8,0,302,21.9,,,,,,,,
2019,3,2,9,0,276,23.1,,,,,,,,
2019,3,2,10,0,682,24.2,,,,,,,,
2019,3,2,11,0,817,24.7,,,,,,,,
2019,3,2,12,0,857,24.8,,,,,,,,
2019,3,2,13,0,822,24.4,,,,,,,,
2019,3,2,14,0,728,23.9,,,,,,,,
2019,3,2,15,0,202,23.3,,,,,,,,
2019,3,2,16,0,63,22.5,,,,,,,,
2019,3,2,17,0,36,21.6,,,,,,,,
2019,3,2,18,0,0,20.9,,,,,,,,
2019,3,2,19,0,0,20.7,,,,,,,,
2019,3,2,20,0,0,20.6,,,,,,,,
2019,3,2,21,0,0,20.6,,,,,,,,
2019,3,2,22,0,0,20.7,,,,,,,,
2019,3,2,23,0,0,20.8,,,,,,,,
2019,3,3,0,0,0,20.5,,,,,,,,
2019,3,3,1,0,0,20.3,,,,,,,,
2019,3,3,2,0,0,20.3,,,,,,,,
2019,3,3,3,0,0,20.7,,,,,,,,
2019,3,3,4,0,0,21,,,,,,,,
2019,3,3,5,0,0,20.9,,,,,,,,
2019,3,3,6,0,0,21,,,,,,,,
2019,3,3,7,0,21,21.9,,,,,,,,
2019,3,3,8,0,40,22.3,,,,,,,,
2019,3,3,9,0,44,22.5,,,,,,,,
2019,3,3,10,0,66,22.2,,,,,,,,
2019,3,3,11,0,152,21.6,,,,,,,,
2019,3,3,12,0,150,20.7,,,,,,,,
2019,3,3,13,0,56,19.6,,,,,,,,
2019,3,3,14,0,63,18.5,,,,,,,,
2019,3,3,15,0,50,18,,,,,,,,
2019,3,3,16,0,29,17.9,,,,,,,,
2019,3,3,17,0,81,17.9,,,,,,,,
2019,3,3,18,0,0,17.8,,,,,,,,
2019,3,3,19,0,0,17.9,,,,,,,,
2019,3,3,20,0,0,18,,,,,,,,
2019,3,3,21,0,0,17.8,,,,,,,,
2019,3,3,22,0,0,17.7,,,,,,,,
2019,3,3,23,0,0,17.5,,,,,,,,
2019,3,4,0,0,0,17.3,,,,,,,,
2019,3,4,1,0,0,17.2,,,,,,,,
2019,3,4,2,0,0,17.2,,,,,,,,
2019,3,4,3,0,0,17.2,,,,,,,,
2019,3,4,4,0,0,17.1,,,,,,,,
2019,3,4,5,0,0,17,,,,,,,,
2019,3,4,6,0,0,17.3,,,,,,,,
2019,3,4,7,0,96,18.3,,,,,,,,
2019,3,4,8,0,175,18.7,,,,,,,,
2019,3,4,9,0,303,19.4,,,,,,,,
2019,3,4,10,0,514,19.9,,,,,,,,
2019,3,4,11,0,839,20.1,,,,,,,,
2019,3,4,12,0,883,20.2,,,,,,,,
2019,3,4,13,0,715,20.1,,,,,,,,
2019,3,4,14,0,758,20,,,,,,,,
2019,3,4,15,0,589,19.6,,,,,,,,
2019,3,4,16,0,375,19.1,,,,,,,,
2019,3,4,17,0,61,18.3,,,,,,,,
2019,3,4,18,0,0,17.8,,,,,,,,
2019,3,4,19,0,0,17.6,,,,,,,,
2019,3,4,20,0,0,17.6,,,,,,,,
2019,3,4,21,0,0,17.6,,,,,,,,
2019,3,4,22,0,0,17.6,,,,,,,,
2019,3,4,23,0,0,17.7,,,,,,,,
2019,3,5,0,0,0,17.9,,,,,,,,
2019,3,5,1,0,0,18.1,,,,,,,,
2019,3,5,2,0,0,18.3,,,,,,,,
2019,3,5,3,0,0,18.4,,,,,,,,
2019,3,5,4,0,0,18.6,,,,,,,,
2019,3,5,5,0,0,18.8,,,,,,,,
2019,3,5,6,0,0,19.3,,,,,,,,
2019,3,5,7,0,32,20.3,,,,,,,,
2019,3,5,8,0,286,21.3,,,,,,,,
2019,3,5,9,0,365,22.5,,,,,,,,
2019,3,5,10,0,511,23.5,,,,,,,,
2019,3,5,11,0,653,24.2,,,,,,,,
2019,3,5,12,0,399,24.9,,,,,,,,
2019,3,5,13,0,539,25.1,,,,,,,,
2019,3,5,14,0,622,25.1,,,,,,,,
2019,3,5,15,0,465,24.6,,,,,,,,
2019,3,5,16,0,258,23.9,,,,,,,,
2019,3,5,17,0,32,22.8,,,,,,,,
2019,3,5,18,0,0,21.8,,,,,,,,
2019,3,5,19,0,0,21.2,,,,,,,,
2019,3,5,20,0,0,20.7,,,,,,,,
2019,3,5,21,0,0,20.3,,,,,,,,
2019,3,5,22,0,0,20,,,,,,,,
2019,3,5,23,0,0,19.9,,,,,,,,
2019,3,6,0,0,0,19.7,,,,,,,,
2019,3,6,1,0,0,19.3,,,,,,,,
2019,3,6,2,0,0,18.9,,,,,,,,
2019,3,6,3,0,0,18.7,,,,,,,,
2019,3,6,4,0,0,18.5,,,,,,,,
2019,3,6,5,0,0,18.5,,,,,,,,
2019,3,6,6,0,0,18.6,,,,,,,,
2019,3,6,7,0,94,19.1,,,,,,,,
2019,3,6,8,0,59,19.8,,,,,,,,
2019,3,6,9,0,75,20.8,,,,,,,,
2019,3,6,10,0,149,21.6,,,,,,,,
2019,3,6,11,0,141,21.6,,,,,,,,
2019,3,6,12,0,72,21,,,,,,,,
2019,3,6,13,0,121,20.3,,,,,,,,
2019,3,6,14,0,90,19.8,,,,,,,,
2019,3,6,15,0,215,19.2,,,,,,,,
2019,3,6,16,0,137,18.5,,,,,,,,
2019,3,6,17,0,36,17.8,,,,,,,,
2019,3,6,18,0,0,17.4,,,,,,,,
2019,3,6,19,0,0,17.2,,,,,,,,
2019,3,6,20,0,0,17.1,,,,,,,,
2019,3,6,21,0,0,17.1,,,,,,,,
2019,3,6,22,0,0,17.1,,,,,,,,
2019,3,6,23,0,0,17.1,,,,,,,,
2019,3,7,0,0,0,17,,,,,,,,
2019,3,7,1,0,0,16.8,,,,,,,,
2019,3,7,2,0,0,16.7,,,,,,,,
2019,3,7,3,0,0,16.5,,,,,,,,
2019,3,7,4,0,0,16.3,,,,,,,,
2019,3,7,5,0,0,16.1,,,,,,,,
2019,3,7,6,0,0,16,,,,,,,,
2019,3,7,7,0,6,16.3,,,,,,,,
2019,3,7,8,0,14,16.8,,,,,,,,
2019,3,7,9,0,34,17.2,,,,,,,,
2019,3,7,10,0,53,17.2,,,,,,,,
2019,3,7,11,0,57,17.1,,,,,,,,
2019,3,7,12,0,73,17,,,,,,,,
2019,3,7,13,0,124,16.8,,,,,,,,
2019,3,7,14,0,62,16.6,,,,,,,,
2019,3,7,15,0,50,16.4,,,,,,,,
2019,3,7,16,0,61,16.1,,,,,,,,
2019,3,7,17,0,47,15.8,,,,,,,,
2019,3,7,18,0,0,15.7,,,,,,,,
2019,3,7,19,0,0,15.6,,,,,,,,
2019,3,7,20,0,0,15.6,,,,,,,,
2019,3,7,21,0,0,15.5,,,,,,,,
2019,3,7,22,0,0,15.1,,,,,,,,
2019,3,7,23,0,0,14.8,,,,,,,,
2019,3,8,0,0,0,14.6,,,,,,,,
2019,3,8,1,0,0,14.5,,,,,,,,
2019,3,8,2,0,0,14.5,,,,,,,,
2019,3,8,3,0,0,14.6,,,,,,,,
2019,3,8,4,0,0,14.7,,,,,,,,
2019,3,8,5,0,0,14.9,,,,,,,,
2019,3,8,6,0,0,15.2,,,,,,,,
2019,3,8,7,0,9,15.8,,,,,,,,
2019,3,8,8,0,26,16.5,,,,,,,,
2019,3,8,9,0,143,17.3,,,,,,,,
2019,3,8,10,0,67,17.6,,,,,,,,
2019,3,8,11,0,204,18.1,,,,,,,,
2019,3,8,12,0,63,18.5,,,,,,,,
2019,3,8,13,0,79,18.6,,,,,,,,
2019,3,8,14,0,161,18.6,,,,,,,,
2019,3,8,15,0,30,18.4,,,,,,,,
2019,3,8,16,0,71,18,,,,,,,,
2019,3,8,17,0,26,17.8,,,,,,,,
2019,3,8,18,0,0,17.9,,,,,,,,
2019,3,8,19,0,0,18.1,,,,,,,,
2019,3,8,20,0,0,18.4,,,,,,,,
2019,3,8,21,0,0,18.8,,,,,,,,
2019,3,8,22,0,0,19.3,,,,,,,,
2019,3,8,23,0,0,19.7,,,,,,,,
2019,3,9,0,0,0,20,,,,,,,,
2019,3,9,1,0,0,20.3,,,,,,,,
2019,3,9,2,0,0,20.3,,,,,,,,
2019,3,9,3,0,0,19.9,,,,,,,,
2019,3,9,4,0,0,19.9,,,,,,,,
2019,3,9,5,0,0,20,,,,,,,,
2019,3,9,6,0,0,20.2,,,,,,,,
2019,3,9,7,0,6,20.9,,,,,,,,
2019,3,9,8,0,14,21.4,,,,,,,,
2019,3,9,9,0,28,22,,,,,,,,
2019,3,9,10,0,46,22.7,,,,,,,,
2019,3,9,11,0,85,22.9,,,,,,,,
2019,3,9,12,0,197,23,,,,,,,,
2019,3,9,13,0,90,22.9,,,,,,,,
2019,3,9,14,0,145,22,,,,,,,,
2019,3,9,15,0,30,20.2,,,,,,,,
2019,3,9,16,0,30,18.7,,,,,,,,
2019,3,9,17,0,23,18.2,,,,,,,,
2019,3,9,18,0,0,18.2,,,,,,,,
2019,3,9,19,0,0,18.5,,,,,,,,
2019,3,9,20,0,0,18.6,,,,,,,,
2019,3,9,21,0,0,18.7,,,,,,,,
2019,3,9,22,0,0,18.6,,,,,,,,
2019,3,9,23,0,0,18.6,,,,,,,,
2019,3,10,0,0,0,18.5,,,,,,,,
2019,3,10,1,0,0,18.5,,,,,,,,
2019,3,10,2,0,0,18.5,,,,,,,,
2019,3,10,3,0,0,18.4,,,,,,,,
2019,3,10,4,0,0,18.1,,,,,,,,
2019,3,10,5,0,0,18,,,,,,,,
2019,3,10,6,0,0,18.2,,,,,,,,
2019,3,10,7,0,113,18.7,,,,,,,,
2019,3,10,8,0,15,19.2,,,,,,,,
2019,3,10,9,0,47,19.7,,,,,,,,
2019,3,10,10,0,75,20.2,,,,,,,,
2019,3,10,11,0,168,20.4,,,,,,,,
2019,3,10,12,0,97,20.3,,,,,,,,
2019,3,10,13,0,72,19.8,,,,,,,,
2019,3,10,14,0,129,19.3,,,,,,,,
2019,3,10,15,0,50,18.6,,,,,,,,
2019,3,10,16,0,30,17.9,,,,,,,,
2019,3,10,17,0,11,17.4,,,,,,,,
2019,3,10,18,0,0,17.4,,,,,,,,
2019,3,10,19,0,0,17.4,,,,,,,,
2019,3,10,20,0,0,17.4,,,,,,,,
2019,3,10,21,0,0,17.5,,,,,,,,
2019,3,10,22,0,0,17.5,,,,,,,,
2019,3,10,23,0,0,17.4,,,,,,,,
2019,3,11,0,0,0,17.3,,,,,,,,
2019,3,11,1,0,0,17.1,,,,,,,,
2019,3,11,2,0,0,17.1,,,,,,,,
2019,3,11,3,0,0,17.2,,,,,,,,
2019,3,11,4,0,0,17.3,,,,,,,,
2019,3,11,5,0,0,17.3,,,,,,,,
2019,3,11,6,0,0,17.6,,,,,,,,
2019,3,11,7,0,9,18.1,,,,,,,,
2019,3,11,8,0,34,18.5,,,,,,,,
2019,3,11,9,0,70,18.8,,,,,,,,
2019,3,11,10,0,104,18.9,,,,,,,,
2019,3,11,11,0,101,19.1,,,,,,,,
2019,3,11,12,0,357,19.1,,,,,,,,
2019,3,11,13,0,306,19.2,,,,,,,,
2019,3,11,14,0,207,19.2,,,,,,,,
2019,3,11,15,0,120,19.2,,,,,,,,
2019,3,11,16,0,75,18.9,,,,,,,,
2019,3,11,17,0,11,18.4,,,,,,,,
2019,3,11,18,0,0,18,,,,,,,,
2019,3,11,19,0,0,17.9,,,,,,,,
2019,3,11,20,0,0,17.9,,,,,,,,
2019,3,11,21,0,0,17.9,,,,,,,,
2019,3,11,22,0,0,17.9,,,,,,,,
2019,3,11,23,0,0,17.8,,,,,,,,
2019,3,12,0,0,0,17.7,,,,,,,,
2019,3,12,1,0,0,17.6,,,,,,,,
2019,3,12,2,0,0,17.6,,,,,,,,
2019,3,12,3,0,0,17.5,,,,,,,,
2019,3,12,4,0,0,17.6,,,,,,,,
2019,3,12,5,0,0,17.6,,,,,,,,
2019,3,12,6,0,0,18.1,,,,,,,,
2019,3,12,7,0,127,20.1,,,,,,,,
2019,3,12,8,0,351,21.3,,,,,,,,
2019,3,12,9,0,562,22.2,,,,,,,,
2019,3,12,10,0,734,22.8,,,,,,,,
2019,3,12,11,0,860,23.2,,,,,,,,
2019,3,12,12,0,901,23.3,,,,,,,,
2019,3,12,13,0,866,23.2,,,,,,,,
2019,3,12,14,0,769,23.1,,,,,,,,
2019,3,12,15,0,599,22.7,,,,,,,,
2019,3,12,16,0,386,22.2,,,,,,,,
2019,3,12,17,0,159,21,,,,,,,,
2019,3,12,18,0,0,20.2,,,,,,,,
2019,3,12,19,0,0,20.1,,,,,,,,
2019,3,12,20,0,0,20,,,,,,,,
2019,3,12,21,0,0,20,,,,,,,,
2019,3,12,22,0,0,19.9,,,,,,,,
2019,3,12,23,0,0,19.8,,,,,,,,
2019,3,13,0,0,0,19.7,,,,,,,,
2019,3,13,1,0,0,19.7,,,,,,,,
2019,3,13,2,0,0,19.6,,,,,,,,
2019,3,13,3,0,0,19.6,,,,,,,,
2019,3,13,4,0,0,19.5,,,,,,,,
2019,3,13,5,0,0,19.5,,,,,,,,
2019,3,13,6,0,0,20.1,,,,,,,,
2019,3,13,7,0,10,21.6,,,,,,,,
2019,3,13,8,0,192,22.4,,,,,,,,
2019,3,13,9,0,535,22.9,,,,,,,,
2019,3,13,10,0,697,23.2,,,,,,,,
2019,3,13,11,0,810,23.4,,,,,,,,
2019,3,13,12,0,846,23.5,,,,,,,,
2019,3,13,13,0,759,23.5,,,,,,,,
2019,3,13,14,0,425,23.5,,,,,,,,
2019,3,13,15,0,145,23.3,,,,,,,,
2019,3,13,16,0,90,22.7,,,,,,,,
2019,3,13,17,0,127,21.9,,,,,,,,
2019,3,13,18,0,0,21.3,,,,,,,,
2019,3,13,19,0,0,21.1,,,,,,,,
2019,3,13,20,0,0,20.9,,,,,,,,
2019,3,13,21,0,0,20.8,,,,,,,,
2019,3,13,22,0,0,20.7,,,,,,,,
2019,3,13,23,0,0,20.7,,,,,,,,
2019,3,14,0,0,0,20.6,,,,,,,,
2019,3,14,1,0,0,20.6,,,,,,,,
2019,3,14,2,0,0,20.6,,,,,,,,
2019,3,14,3,0,0,20.5,,,,,,,,
2019,3,14,4,0,0,20.5,,,,,,,,
2019,3,14,5,0,0,20.5,,,,,,,,
2019,3,14,6,0,0,20.8,,,,,,,,
2019,3,14,7,0,99,21.8,,,,,,,,
2019,3,14,8,0,310,22.5,,,,,,,,
2019,3,14,9,0,282,23.2,,,,,,,,
2019,3,14,10,0,609,23.6,,,,,,,,
2019,3,14,11,0,198,23.6,,,,,,,,
2019,3,14,12,0,624,23.1,,,,,,,,
2019,3,14,13,0,277,22.5,,,,,,,,
2019,3,14,14,0,226,21.6,,,,,,,,
2019,3,14,15,0,306,20.4,,,,,,,,
2019,3,14,16,0,331,19.4,,,,,,,,
2019,3,14,17,0,14,18.5,,,,,,,,
2019,3,14,18,0,0,17.9,,,,,,,,
2019,3,14,19,0,0,17.7,,,,,,,,
2019,3,14,20,0,0,17.6,,,,,,,,
2019,3,14,21,0,0,17.6,,,,,,,,
2019,3,14,22,0,0,17.6,,,,,,,,
2019,3,14,23,0,0,17.6,,,,,,,,
2019,3,15,0,0,0,17.6,,,,,,,,
2019,3,15,1,0,0,17.6,,,,,,,,
2019,3,15,2,0,0,17.6,,,,,,,,
2019,3,15,3,0,0,17.5,,,,,,,,
2019,3,15,4,0,0,17.4,,,,,,,,
2019,3,15,5,0,0,17.4,,,,,,,,
2019,3,15,6,0,0,17.4,,,,,,,,
2019,3,15,7,0,16,17.7,,,,,,,,
2019,3,15,8,0,112,18,,,,,,,,
2019,3,15,9,0,76,18.3,,,,,,,,
2019,3,15,10,0,384,18.5,,,,,,,,
2019,3,15,11,0,272,18.7,,,,,,,,
2019,3,15,12,0,522,18.8,,,,,,,,
2019,3,15,13,0,733,18.9,,,,,,,,
2019,3,15,14,0,647,19,,,,,,,,
2019,3,15,15,0,157,19,,,,,,,,
2019,3,15,16,0,327,18.8,,,,,,,,
2019,3,15,17,0,59,18,,,,,,,,
2019,3,15,18,0,0,17.4,,,,,,,,
2019,3,15,19,0,0,17.3,,,,,,,,
2019,3,15,20,0,0,17.3,,,,,,,,
2019,3,15,21,0,0,17.4,,,,,,,,
2019,3,15,22,0,0,17.5,,,,,,,,
2019,3,15,23,0,0,17.8,,,,,,,,
2019,3,16,0,0,0,18,,,,,,,,
2019,3,16,1,0,0,18.1,,,,,,,,
2019,3,16,2,0,0,18.3,,,,,,,,
2019,3,16,3,0,0,18.5,,,,,,,,
2019,3,16,4,0,0,18.6,,,,,,,,
2019,3,16,5,0,0,18.6,,,,,,,,
2019,3,16,6,0,0,19,,,,,,,,
2019,3,16,7,0,63,20.1,,,,,,,,
2019,3,16,8,0,55,20.7,,,,,,,,
2019,3,16,9,0,50,21.2,,,,,,,,
2019,3,16,10,0,66,21.7,,,,,,,,
2019,3,16,11,0,149,21.9,,,,,,,,
2019,3,16,12,0,74,22.1,,,,,,,,
2019,3,16,13,0,134,22.1,,,,,,,,
2019,3,16,14,0,87,22.1,,,,,,,,
2019,3,16,15,0,76,21.9,,,,,,,,
2019,3,16,16,0,31,21.5,,,,,,,,
2019,3,16,17,0,12,20.8,,,,,,,,
2019,3,16,18,0,0,20.4,,,,,,,,
2019,3,16,19,0,0,20.4,,,,,,,,
2019,3,16,20,0,0,20.3,,,,,,,,
2019,3,16,21,0,0,20.2,,,,,,,,
2019,3,16,22,0,0,20.1,,,,,,,,
2019,3,16,23,0,0,20.1,,,,,,,,
2019,3,17,0,0,0,20,,,,,,,,
2019,3,17,1,0,0,20,,,,,,,,
2019,3,17,2,0,0,20,,,,,,,,
2019,3,17,3,0,0,20,,,,,,,,
2019,3,17,4,0,0,20,,,,,,,,
2019,3,17,5,0,0,19.8,,,,,,,,
2019,3,17,6,0,0,19.8,,,,,,,,
2019,3,17,7,0,11,20.3,,,,,,,,
2019,3,17,8,0,96,20.6,,,,,,,,
2019,3,17,9,0,124,21,,,,,,,,
2019,3,17,10,0,287,21.3,,,,,,,,
2019,3,17,11,0,363,21.6,,,,,,,,
2019,3,17,12,0,131,21.8,,,,,,,,
2019,3,17,13,0,226,22,,,,,,,,
2019,3,17,14,0,198,22.1,,,,,,,,
2019,3,17,15,0,225,22.1,,,,,,,,
2019,3,17,16,0,75,21.9,,,,,,,,
2019,3,17,17,0,49,21.4,,,,,,,,
2019,3,17,18,0,0,21,,,,,,,,
2019,3,17,19,0,0,21,,,,,,,,
2019,3,17,20,0,0,20.9,,,,,,,,
2019,3,17,21,0,0,21,,,,,,,,
2019,3,17,22,0,0,21,,,,,,,,
2019,3,17,23,0,0,21.1,,,,,,,,
2019,3,18,0,0,0,21.1,,,,,,,,
2019,3,18,1,0,0,21.2,,,,,,,,
2019,3,18,2,0,0,21.4,,,,,,,,
2019,3,18,3,0,0,21.5,,,,,,,,
2019,3,18,4,0,0,21.4,,,,,,,,
2019,3,18,5,0,0,21.3,,,,,,,,
2019,3,18,6,0,0,21.7,,,,,,,,
2019,3,18,7,0,11,22.7,,,,,,,,
2019,3,18,8,0,30,23.4,,,,,,,,
2019,3,18,9,0,252,23.8,,,,,,,,
2019,3,18,10,0,244,23.3,,,,,,,,
2019,3,18,11,0,302,22.9,,,,,,,,
2019,3,18,12,0,841,22.7,,,,,,,,
2019,3,18,13,0,813,22.6,,,,,,,,
2019,3,18,14,0,207,22.6,,,,,,,,
2019,3,18,15,0,349,22.8,,,,,,,,
2019,3,18,16,0,82,22.6,,,,,,,,
2019,3,18,17,0,147,21.7,,,,,,,,
2019,3,18,18,0,0,20.6,,,,,,,,
2019,3,18,19,0,0,20.2,,,,,,,,
2019,3,18,20,0,0,20,,,,,,,,
2019,3,18,21,0,0,19.9,,,,,,,,
2019,3,18,22,0,0,19.7,,,,,,,,
2019,3,18,23,0,0,19.7,,,,,,,,
2019,3,19,0,0,0,19.6,,,,,,,,
2019,3,19,1,0,0,19.5,,,,,,,,
2019,3,19,2,0,0,19.3,,,,,,,,
2019,3,19,3,0,0,19.2,,,,,,,,
2019,3,19,4,0,0,19.2,,,,,,,,
2019,3,19,5,0,0,19.1,,,,,,,,
2019,3,19,6,0,0,19.6,,,,,,,,
2019,3,19,7,0,133,20.5,,,,,,,,
2019,3,19,8,0,159,21.1,,,,,,,,
2019,3,19,9,0,226,21.7,,,,,,,,
2019,3,19,10,0,512,22.2,,,,,,,,
2019,3,19,11,0,595,22.7,,,,,,,,
2019,3,19,12,0,674,23,,,,,,,,
2019,3,19,13,0,591,23.2,,,,,,,,
2019,3,19,14,0,736,23.1,,,,,,,,
2019,3,19,15,0,575,22.8,,,,,,,,
2019,3,19,16,0,373,22.3,,,,,,,,
2019,3,19,17,0,156,21.7,,,,,,,,
2019,3,19,18,0,0,21.4,,,,,,,,
2019,3,19,19,0,0,21.4,,,,,,,,
2019,3,19,20,0,0,21.5,,,,,,,,
2019,3,19,21,0,0,21.5,,,,,,,,
2019,3,19,22,0,0,21.6,,,,,,,,
2019,3,19,23,0,0,21.6,,,,,,,,
2019,3,20,0,0,0,21.6,,,,,,,,
2019,3,20,1,0,0,21.7,,,,,,,,
2019,3,20,2,0,0,21.8,,,,,,,,
2019,3,20,3,0,0,21.9,,,,,,,,
2019,3,20,4,0,0,22,,,,,,,,
2019,3,20,5,0,0,22,,,,,,,,
2019,3,20,6,0,0,22.7,,,,,,,,
2019,3,20,7,0,139,24.1,,,,,,,,
2019,3,20,8,0,358,25.1,,,,,,,,
2019,3,20,9,0,562,25.9,,,,,,,,
2019,3,20,10,0,728,26.2,,,,,,,,
2019,3,20,11,0,825,26.4,,,,,,,,
2019,3,20,12,0,854,26.5,,,,,,,,
2019,3,20,13,0,816,26.5,,,,,,,,
2019,3,20,14,0,717,26.5,,,,,,,,
2019,3,20,15,0,381,26.2,,,,,,,,
2019,3,20,16,0,149,25.7,,,,,,,,
2019,3,20,17,0,149,24.8,,,,,,,,
2019,3,20,18,0,0,24,,,,,,,,
2019,3,20,19,0,0,23.7,,,,,,,,
2019,3,20,20,0,0,23.5,,,,,,,,
2019,3,20,21,0,0,23.3,,,,,,,,
2019,3,20,22,0,0,23.1,,,,,,,,
2019,3,20,23,0,0,23,,,,,,,,
2019,3,21,0,0,0,22.9,,,,,,,,
2019,3,21,1,0,0,22.8,,,,,,,,
2019,3,21,2,0,0,22.8,,,,,,,,
2019,3,21,3,0,0,22.7,,,,,,,,
2019,3,21,4,0,0,22.7,,,,,,,,
2019,3,21,5,0,0,22.6,,,,,,,,
2019,3,21,6,0,0,23.2,,,,,,,,
2019,3,21,7,0,141,24.5,,,,,,,,
2019,3,21,8,0,355,25.6,,,,,,,,
2019,3,21,9,0,560,26.7,,,,,,,,
2019,3,21,10,0,725,27.5,,,,,,,,
2019,3,21,11,0,834,28,,,,,,,,
2019,3,21,12,0,871,28.4,,,,,,,,
2019,3,21,13,0,835,28.6,,,,,,,,
2019,3,21,14,0,732,28.4,,,,,,,,
2019,3,21,15,0,566,27.8,,,,,,,,
2019,3,21,16,0,365,26.8,,,,,,,,
2019,3,21,17,0,152,25.5,,,,,,,,
2019,3,21,18,0,0,24.3,,,,,,,,
2019,3,21,19,0,0,23.9,,,,,,,,
2019,3,21,20,0,0,23.9,,,,,,,,
2019,3,21,21,0,0,23.8,,,,,,,,
2019,3,21,22,0,0,23.6,,,,,,,,
2019,3,21,23,0,0,23.6,,,,,,,,
2019,3,22,0,0,0,23.5,,,,,,,,
2019,3,22,1,0,0,23.3,,,,,,,,
2019,3,22,2,0,0,22.9,,,,,,,,
2019,3,22,3,0,0,22.6,,,,,,,,
2019,3,22,4,0,0,22.4,,,,,,,,
2019,3,22,5,0,0,22.1,,,,,,,,
2019,3,22,6,0,0,22.3,,,,,,,,
2019,3,22,7,0,148,22.6,,,,,,,,
2019,3,22,8,0,49,22.8,,,,,,,,
2019,3,22,9,0,124,23.1,,,,,,,,
2019,3,22,10,0,288,23.2,,,,,,,,
2019,3,22,11,0,106,23,,,,,,,,
2019,3,22,12,0,160,22.6,,,,,,,,
2019,3,22,13,0,129,22.1,,,,,,,,
2019,3,22,14,0,67,21.4,,,,,,,,
2019,3,22,15,0,182,20.8,,,,,,,,
2019,3,22,16,0,32,20.1,,,,,,,,
2019,3,22,17,0,12,19.5,,,,,,,,
2019,3,22,18,0,0,19.2,,,,,,,,
2019,3,22,19,0,0,19.1,,,,,,,,
2019,3,22,20,0,0,19.1,,,,,,,,
2019,3,22,21,0,0,19.1,,,,,,,,
2019,3,22,22,0,0,19.1,,,,,,,,
2019,3,22,23,0,0,19.1,,,,,,,,
2019,3,23,0,0,0,19,,,,,,,,
2019,3,23,1,0,0,18.8,,,,,,,,
2019,3,23,2,0,0,18.6,,,,,,,,
2019,3,23,3,0,0,18.2,,,,,,,,
2019,3,23,4,0,0,17.9,,,,,,,,
2019,3,23,5,0,0,17.6,,,,,,,,
2019,3,23,6,0,0,17.4,,,,,,,,
2019,3,23,7,0,70,17.4,,,,,,,,
2019,3,23,8,0,106,17.5,,,,,,,,
2019,3,23,9,0,68,17.7,,,,,,,,
2019,3,23,10,0,67,18,,,,,,,,
2019,3,23,11,0,78,18.2,,,,,,,,
2019,3,23,12,0,130,18.4,,,,,,,,
2019,3,23,13,0,118,18.3,,,,,,,,
2019,3,23,14,0,115,18,,,,,,,,
2019,3,23,15,0,114,17.8,,,,,,,,
2019,3,23,16,0,80,17.6,,,,,,,,
2019,3,23,17,0,21,17.4,,,,,,,,
2019,3,23,18,0,0,17.2,,,,,,,,
2019,3,23,19,0,0,17.1,,,,,,,,
2019,3,23,20,0,0,17.2,,,,,,,,
2019,3,23,21,0,0,17.2,,,,,,,,
2019,3,23,22,0,0,17.2,,,,,,,,
2019,3,23,23,0,0,17.2,,,,,,,,
2019,3,24,0,0,0,17.2,,,,,,,,
2019,3,24,1,0,0,17.3,,,,,,,,
2019,3,24,2,0,0,17.4,,,,,,,,
2019,3,24,3,0,0,17.5,,,,,,,,
2019,3,24,4,0,0,17.6,,,,,,,,
2019,3,24,5,0,0,17.7,,,,,,,,
2019,3,24,6,0,0,18,,,,,,,,
2019,3,24,7,0,25,18.7,,,,,,,,
2019,3,24,8,0,65,19.3,,,,,,,,
2019,3,24,9,0,93,19.7,,,,,,,,
2019,3,24,10,0,68,20.1,,,,,,,,
2019,3,24,11,0,132,20.5,,,,,,,,
2019,3,24,12,0,76,20.7,,,,,,,,
2019,3,24,13,0,66,21,,,,,,,,
2019,3,24,14,0,220,21.2,,,,,,,,
2019,3,24,15,0,54,21.2,,,,,,,,
2019,3,24,16,0,143,21,,,,,,,,
2019,3,24,17,0,13,20.6,,,,,,,,
2019,3,24,18,0,1,20.4,,,,,,,,
2019,3,24,19,0,0,20.5,,,,,,,,
2019,3,24,20,0,0,20.5,,,,,,,,
2019,3,24,21,0,0,20.5,,,,,,,,
2019,3,24,22,0,0,20.6,,,,,,,,
2019,3,24,23,0,0,20.8,,,,,,,,
2019,3,25,0,0,0,20.9,,,,,,,,
2019,3,25,1,0,0,20.8,,,,,,,,
2019,3,25,2,0,0,20.9,,,,,,,,
2019,3,25,3,0,0,21,,,,,,,,
2019,3,25,4,0,0,20.9,,,,,,,,
2019,3,25,5,0,0,20.7,,,,,,,,
2019,3,25,6,0,2,21.2,,,,,,,,
2019,3,25,7,0,54,21.7,,,,,,,,
2019,3,25,8,0,57,21.4,,,,,,,,
2019,3,25,9,0,53,20.6,,,,,,,,
2019,3,25,10,0,67,20,,,,,,,,
2019,3,25,11,0,200,19.9,,,,,,,,
2019,3,25,12,0,143,20.1,,,,,,,,
2019,3,25,13,0,74,20.2,,,,,,,,
2019,3,25,14,0,181,20.3,,,,,,,,
2019,3,25,15,0,195,20.8,,,,,,,,
2019,3,25,16,0,125,21,,,,,,,,
2019,3,25,17,0,42,20.5,,,,,,,,
2019,3,25,18,0,3,19.6,,,,,,,,
2019,3,25,19,0,0,19.2,,,,,,,,
2019,3,25,20,0,0,19,,,,,,,,
2019,3,25,21,0,0,18.9,,,,,,,,
2019,3,25,22,0,0,18.7,,,,,,,,
2019,3,25,23,0,0,18.7,,,,,,,,
2019,3,26,0,0,0,18.7,,,,,,,,
2019,3,26,1,0,0,18.6,,,,,,,,
2019,3,26,2,0,0,18.6,,,,,,,,
2019,3,26,3,0,0,18.6,,,,,,,,
2019,3,26,4,0,0,18.6,,,,,,,,
2019,3,26,5,0,0,18.6,,,,,,,,
2019,3,26,6,0,4,19.1,,,,,,,,
2019,3,26,7,0,168,19.7,,,,,,,,
2019,3,26,8,0,192,20.3,,,,,,,,
2019,3,26,9,0,305,20.9,,,,,,,,
2019,3,26,10,0,599,21.6,,,,,,,,
2019,3,26,11,0,902,22.1,,,,,,,,
2019,3,26,12,0,933,22.3,,,,,,,,
2019,3,26,13,0,888,22.3,,,,,,,,
2019,3,26,14,0,776,22.2,,,,,,,,
2019,3,26,15,0,601,21.8,,,,,,,,
2019,3,26,16,0,389,21.4,,,,,,,,
2019,3,26,17,0,167,20.8,,,,,,,,
2019,3,26,18,0,4,20.3,,,,,,,,
2019,3,26,19,0,0,20.4,,,,,,,,
2019,3,26,20,0,0,20.5,,,,,,,,
2019,3,26,21,0,0,20.6,,,,,,,,
2019,3,26,22,0,0,20.7,,,,,,,,
2019,3,26,23,0,0,20.8,,,,,,,,
2019,3,27,0,0,0,20.9,,,,,,,,
2019,3,27,1,0,0,21.1,,,,,,,,
2019,3,27,2,0,0,21.3,,,,,,,,
2019,3,27,3,0,0,21.4,,,,,,,,
2019,3,27,4,0,0,21.3,,,,,,,,
2019,3,27,5,0,0,21.2,,,,,,,,
2019,3,27,6,0,5,21.7,,,,,,,,
2019,3,27,7,0,161,23,,,,,,,,
2019,3,27,8,0,379,24,,,,,,,,
2019,3,27,9,0,582,24.8,,,,,,,,
2019,3,27,10,0,744,25.4,,,,,,,,
2019,3,27,11,0,859,25.6,,,,,,,,
2019,3,27,12,0,891,25.7,,,,,,,,
2019,3,27,13,0,637,25.6,,,,,,,,
2019,3,27,14,0,372,25.3,,,,,,,,
2019,3,27,15,0,314,24.8,,,,,,,,
2019,3,27,16,0,202,24.1,,,,,,,,
2019,3,27,17,0,86,23.5,,,,,,,,
2019,3,27,18,0,4,22.9,,,,,,,,
2019,3,27,19,0,0,23,,,,,,,,
2019,3,27,20,0,0,23.2,,,,,,,,
2019,3,27,21,0,0,23.1,,,,,,,,
2019,3,27,22,0,0,23,,,,,,,,
2019,3,27,23,0,0,22.7,,,,,,,,
2019,3,28,0,0,0,22.5,,,,,,,,
2019,3,28,1,0,0,22.4,,,,,,,,
2019,3,28,2,0,0,22.3,,,,,,,,
2019,3,28,3,0,0,22.2,,,,,,,,
2019,3,28,4,0,0,22.1,,,,,,,,
2019,3,28,5,0,0,22,,,,,,,,
2019,3,28,6,0,4,22.8,,,,,,,,
2019,3,28,7,0,154,24,,,,,,,,
2019,3,28,8,0,368,25.1,,,,,,,,
2019,3,28,9,0,573,26.3,,,,,,,,
2019,3,28,10,0,737,27.2,,,,,,,,
2019,3,28,11,0,841,27.8,,,,,,,,
2019,3,28,12,0,874,28.3,,,,,,,,
2019,3,28,13,0,830,28.4,,,,,,,,
2019,3,28,14,0,722,28.2,,,,,,,,
2019,3,28,15,0,387,27.6,,,,,,,,
2019,3,28,16,0,355,26.7,,,,,,,,
2019,3,28,17,0,145,25.4,,,,,,,,
2019,3,28,18,0,3,24.3,,,,,,,,
2019,3,28,19,0,0,23.9,,,,,,,,
2019,3,28,20,0,0,23.6,,,,,,,,
2019,3,28,21,0,0,23.5,,,,,,,,
2019,3,28,22,0,0,23.4,,,,,,,,
2019,3,28,23,0,0,23.1,,,,,,,,
2019,3,29,0,0,0,22.8,,,,,,,,
2019,3,29,1,0,0,22.5,,,,,,,,
2019,3,29,2,0,0,22.3,,,,,,,,
2019,3,29,3,0,0,22.1,,,,,,,,
2019,3,29,4,0,0,22,,,,,,,,
2019,3,29,5,0,0,21.9,,,,,,,,
2019,3,29,6,0,5,22.5,,,,,,,,
2019,3,29,7,0,159,23.7,,,,,,,,
2019,3,29,8,0,118,24.4,,,,,,,,
2019,3,29,9,0,363,24.6,,,,,,,,
2019,3,29,10,0,307,24.7,,,,,,,,
2019,3,29,11,0,274,24.5,,,,,,,,
2019,3,29,12,0,647,24.2,,,,,,,,
2019,3,29,13,0,212,23.7,,,,,,,,
2019,3,29,14,0,286,23.2,,,,,,,,
2019,3,29,15,0,77,22.7,,,,,,,,
2019,3,29,16,0,375,22.3,,,,,,,,
2019,3,29,17,0,64,21.8,,,,,,,,
2019,3,29,18,0,4,21.1,,,,,,,,
2019,3,29,19,0,0,21,,,,,,,,
2019,3,29,20,0,0,20.9,,,,,,,,
2019,3,29,21,0,0,20.8,,,,,,,,
2019,3,29,22,0,0,20.9,,,,,,,,
2019,3,29,23,0,0,20.8,,,,,,,,
2019,3,30,0,0,0,20.8,,,,,,,,
2019,3,30,1,0,0,20.8,,,,,,,,
2019,3,30,2,0,0,20.7,,,,,,,,
2019,3,30,3,0,0,20.2,,,,,,,,
2019,3,30,4,0,0,19.7,,,,,,,,
2019,3,30,5,0,0,19.4,,,,,,,,
2019,3,30,6,0,3,19.7,,,,,,,,
2019,3,30,7,0,9,20.4,,,,,,,,
2019,3,30,8,0,70,21.3,,,,,,,,
2019,3,30,9,0,394,22.1,,,,,,,,
2019,3,30,10,0,542,22.7,,,,,,,,
2019,3,30,11,0,580,23.1,,,,,,,,
2019,3,30,12,0,695,23.3,,,,,,,,
2019,3,30,13,0,486,23.3,,,,,,,,
2019,3,30,14,0,433,23.1,,,,,,,,
2019,3,30,15,0,275,22.7,,,,,,,,
2019,3,30,16,0,62,22.3,,,,,,,,
2019,3,30,17,0,28,21.8,,,,,,,,
2019,3,30,18,0,2,21.4,,,,,,,,
2019,3,30,19,0,0,21.3,,,,,,,,
2019,3,30,20,0,0,21.3,,,,,,,,
2019,3,30,21,0,0,21.3,,,,,,,,
2019,3,30,22,0,0,21.3,,,,,,,,
2019,3,30,23,0,0,21.3,,,,,,,,
2019,3,31,0,0,0,21.2,,,,,,,,
2019,3,31,1,0,0,21.1,,,,,,,,
2019,3,31,2,0,0,21,,,,,,,,
2019,3,31,3,0,0,20.8,,,,,,,,
2019,3,31,4,0,0,20.6,,,,,,,,
2019,3,31,5,0,0,20.4,,,,,,,,
2019,3,31,6,0,2,20.5,,,,,,,,
2019,3,31,7,0,15,20.7,,,,,,,,
2019,3,31,8,0,63,20.9,,,,,,,,
2019,3,31,9,0,578,21.2,,,,,,,,
2019,3,31,10,0,739,21.4,,,,,,,,
2019,3,31,11,0,314,21.5,,,,,,,,
2019,3,31,12,0,239,21.5,,,,,,,,
2019,3,31,13,0,188,21.4,,,,,,,,
2019,3,31,14,0,281,21.2,,,,,,,,
2019,3,31,15,0,270,20.8,,,,,,,,
2019,3,31,16,0,147,20.3,,,,,,,,
2019,3,31,17,0,33,19.7,,,,,,,,
2019,3,31,18,0,3,19.3,,,,,,,,
2019,3,31,19,0,0,19.1,,,,,,,,
2019,3,31,20,0,0,19,,,,,,,,
2019,3,31,21,0,0,18.9,,,,,,,,
2019,3,31,22,0,0,18.8,,,,,,,,
2019,3,31,23,0,0,18.8,,,,,,,,
2019,4,1,0,0,0,18.6,,,,,,,,
2019,4,1,1,0,0,18.3,,,,,,,,
2019,4,1,2,0,0,18,,,,,,,,
2019,4,1,3,0,0,17.6,,,,,,,,
2019,4,1,4,0,0,17.4,,,,,,,,
2019,4,1,5,0,0,17.2,,,,,,,,
2019,4,1,6,0,2,17.3,,,,,,,,
2019,4,1,7,0,15,17.5,,,,,,,,
2019,4,1,8,0,115,17.8,,,,,,,,
2019,4,1,9,0,90,18,,,,,,,,
2019,4,1,10,0,70,18.4,,,,,,,,
2019,4,1,11,0,76,18.6,,,,,,,,
2019,4,1,12,0,138,18.9,,,,,,,,
2019,4,1,13,0,88,19,,,,,,,,
2019,4,1,14,0,181,19,,,,,,,,
2019,4,1,15,0,74,19,,,,,,,,
2019,4,1,16,0,181,19,,,,,,,,
2019,4,1,17,0,14,18.9,,,,,,,,
2019,4,1,18,0,2,18.8,,,,,,,,
2019,4,1,19,0,0,18.8,,,,,,,,
2019,4,1,20,0,0,18.8,,,,,,,,
2019,4,1,21,0,0,18.9,,,,,,,,
2019,4,1,22,0,0,18.9,,,,,,,,
2019,4,1,23,0,0,19,,,,,,,,
2019,4,2,0,0,0,19.1,,,,,,,,
2019,4,2,1,0,0,19.1,,,,,,,,
2019,4,2,2,0,0,19.1,,,,,,,,
2019,4,2,3,0,0,19.2,,,,,,,,
2019,4,2,4,0,0,19.2,,,,,,,,
2019,4,2,5,0,0,19.3,,,,,,,,
2019,4,2,6,0,7,20.1,,,,,,,,
2019,4,2,7,0,66,21.1,,,,,,,,
2019,4,2,8,0,44,21.8,,,,,,,,
2019,4,2,9,0,56,22.5,,,,,,,,
2019,4,2,10,0,69,23.1,,,,,,,,
2019,4,2,11,0,156,23.7,,,,,,,,
2019,4,2,12,0,196,24.2,,,,,,,,
2019,4,2,13,0,301,24.5,,,,,,,,
2019,4,2,14,0,249,24.4,,,,,,,,
2019,4,2,15,0,158,24,,,,,,,,
2019,4,2,16,0,53,23.4,,,,,,,,
2019,4,2,17,0,14,22.7,,,,,,,,
2019,4,2,18,0,2,22,,,,,,,,
2019,4,2,19,0,0,21.8,,,,,,,,
2019,4,2,20,0,0,21.7,,,,,,,,
2019,4,2,21,0,0,21.5,,,,,,,,
2019,4,2,22,0,0,21.5,,,,,,,,
2019,4,2,23,0,0,21.4,,,,,,,,
2019,4,3,0,0,0,21.3,,,,,,,,
2019,4,3,1,0,0,21.2,,,,,,,,
2019,4,3,2,0,0,21.1,,,,,,,,
2019,4,3,3,0,0,20.9,,,,,,,,
2019,4,3,4,0,0,20.8,,,,,,,,
2019,4,3,5,0,0,20.7,,,,,,,,
2019,4,3,6,0,7,21.1,,,,,,,,
2019,4,3,7,0,74,21.5,,,,,,,,
2019,4,3,8,0,152,21.8,,,,,,,,
2019,4,3,9,0,210,22.2,,,,,,,,
2019,4,3,10,0,197,22.5,,,,,,,,
2019,4,3,11,0,214,22.7,,,,,,,,
2019,4,3,12,0,112,22.6,,,,,,,,
2019,4,3,13,0,103,22.2,,,,,,,,
2019,4,3,14,0,122,22,,,,,,,,
2019,4,3,15,0,150,21.8,,,,,,,,
2019,4,3,16,0,183,21.6,,,,,,,,
2019,4,3,17,0,35,21.4,,,,,,,,
2019,4,3,18,0,3,21.3,,,,,,,,
2019,4,3,19,0,0,21.4,,,,,,,,
2019,4,3,20,0,0,21.5,,,,,,,,
2019,4,3,21,0,0,21.5,,,,,,,,
2019,4,3,22,0,0,21.5,,,,,,,,
2019,4,3,23,0,0,21.5,,,,,,,,
2019,4,4,0,0,0,21.3,,,,,,,,
2019,4,4,1,0,0,21.3,,,,,,,,
2019,4,4,2,0,0,21.4,,,,,,,,
2019,4,4,3,0,0,21.6,,,,,,,,
2019,4,4,4,0,0,21.8,,,,,,,,
2019,4,4,5,0,0,22,,,,,,,,
2019,4,4,6,0,13,22.6,,,,,,,,
2019,4,4,7,0,145,23.4,,,,,,,,
2019,4,4,8,0,234,24.3,,,,,,,,
2019,4,4,9,0,549,25.2,,,,,,,,
2019,4,4,10,0,669,26,,,,,,,,
2019,4,4,11,0,852,26.5,,,,,,,,
2019,4,4,12,0,673,26.6,,,,,,,,
2019,4,4,13,0,711,26.2,,,,,,,,
2019,4,4,14,0,570,26,,,,,,,,
2019,4,4,15,0,575,25.5,,,,,,,,
2019,4,4,16,0,376,24.8,,,,,,,,
2019,4,4,17,0,55,23.9,,,,,,,,
2019,4,4,18,0,4,23.1,,,,,,,,
2019,4,4,19,0,0,22.8,,,,,,,,
2019,4,4,20,0,0,22.5,,,,,,,,
2019,4,4,21,0,0,22.1,,,,,,,,
2019,4,4,22,0,0,21.6,,,,,,,,
2019,4,4,23,0,0,21.3,,,,,,,,
2019,4,5,0,0,0,21,,,,,,,,
2019,4,5,1,0,0,20.8,,,,,,,,
2019,4,5,2,0,0,20.7,,,,,,,,
2019,4,5,3,0,0,20.6,,,,,,,,
2019,4,5,4,0,0,20.5,,,,,,,,
2019,4,5,5,0,0,20.4,,,,,,,,
2019,4,5,6,0,10,21,,,,,,,,
2019,4,5,7,0,196,21.7,,,,,,,,
2019,4,5,8,0,114,22.6,,,,,,,,
2019,4,5,9,0,143,23.5,,,,,,,,
2019,4,5,10,0,189,24.1,,,,,,,,
2019,4,5,11,0,372,24.4,,,,,,,,
2019,4,5,12,0,287,24.4,,,,,,,,
2019,4,5,13,0,654,24.1,,,,,,,,
2019,4,5,14,0,255,23.6,,,,,,,,
2019,4,5,15,0,314,22.9,,,,,,,,
2019,4,5,16,0,408,22.2,,,,,,,,
2019,4,5,17,0,186,21.5,,,,,,,,
2019,4,5,18,0,11,21,,,,,,,,
2019,4,5,19,0,0,20.9,,,,,,,,
2019,4,5,20,0,0,20.9,,,,,,,,
2019,4,5,21,0,0,21,,,,,,,,
2019,4,5,22,0,0,21.1,,,,,,,,
2019,4,5,23,0,0,21.1,,,,,,,,
2019,4,6,0,0,0,21,,,,,,,,
2019,4,6,1,0,0,21,,,,,,,,
2019,4,6,2,0,0,20.9,,,,,,,,
2019,4,6,3,0,0,20.9,,,,,,,,
2019,4,6,4,0,0,20.9,,,,,,,,
2019,4,6,5,0,0,20.9,,,,,,,,
2019,4,6,6,0,24,21.9,,,,,,,,
2019,4,6,7,0,215,23,,,,,,,,
2019,4,6,8,0,439,24,,,,,,,,
2019,4,6,9,0,645,25,,,,,,,,
2019,4,6,10,0,806,25.7,,,,,,,,
2019,4,6,11,0,921,26.1,,,,,,,,
2019,4,6,12,0,711,26.3,,,,,,,,
2019,4,6,13,0,217,26.2,,,,,,,,
2019,4,6,14,0,141,26.1,,,,,,,,
2019,4,6,15,0,255,25.7,,,,,,,,
2019,4,6,16,0,132,25.1,,,,,,,,
2019,4,6,17,0,107,24.3,,,,,,,,
2019,4,6,18,0,10,23.3,,,,,,,,
2019,4,6,19,0,0,23,,,,,,,,
2019,4,6,20,0,0,23.1,,,,,,,,
2019,4,6,21,0,0,23.1,,,,,,,,
2019,4,6,22,0,0,23,,,,,,,,
2019,4,6,23,0,0,22.9,,,,,,,,
2019,4,7,0,0,0,22.9,,,,,,,,
2019,4,7,1,0,0,22.9,,,,,,,,
2019,4,7,2,0,0,22.7,,,,,,,,
2019,4,7,3,0,0,22.6,,,,,,,,
2019,4,7,4,0,0,22.4,,,,,,,,
2019,4,7,5,0,0,22.4,,,,,,,,
2019,4,7,6,0,19,23.2,,,,,,,,
2019,4,7,7,0,200,24.3,,,,,,,,
2019,4,7,8,0,323,25.4,,,,,,,,
2019,4,7,9,0,437,26.3,,,,,,,,
2019,4,7,10,0,386,26.9,,,,,,,,
2019,4,7,11,0,573,27.2,,,,,,,,
2019,4,7,12,0,908,27.2,,,,,,,,
2019,4,7,13,0,860,26.9,,,,,,,,
2019,4,7,14,0,676,26.4,,,,,,,,
2019,4,7,15,0,575,25.9,,,,,,,,
2019,4,7,16,0,143,25.4,,,,,,,,
2019,4,7,17,0,57,24.8,,,,,,,,
2019,4,7,18,0,5,24.3,,,,,,,,
2019,4,7,19,0,0,24,,,,,,,,
2019,4,7,20,0,0,24,,,,,,,,
2019,4,7,21,0,0,23.9,,,,,,,,
2019,4,7,22,0,0,23.9,,,,,,,,
2019,4,7,23,0,0,23.9,,,,,,,,
2019,4,8,0,0,0,24,,,,,,,,
2019,4,8,1,0,0,24,,,,,,,,
2019,4,8,2,0,0,23.9,,,,,,,,
2019,4,8,3,0,0,23.8,,,,,,,,
2019,4,8,4,0,0,23.6,,,,,,,,
2019,4,8,5,0,0,23.5,,,,,,,,
2019,4,8,6,0,20,24,,,,,,,,
2019,4,8,7,0,203,25.1,,,,,,,,
2019,4,8,8,0,420,26,,,,,,,,
2019,4,8,9,0,618,26.9,,,,,,,,
2019,4,8,10,0,775,27.6,,,,,,,,
2019,4,8,11,0,887,27.9,,,,,,,,
2019,4,8,12,0,914,28,,,,,,,,
2019,4,8,13,0,870,27.9,,,,,,,,
2019,4,8,14,0,759,27.7,,,,,,,,
2019,4,8,15,0,589,27.3,,,,,,,,
2019,4,8,16,0,384,26.7,,,,,,,,
2019,4,8,17,0,166,25.9,,,,,,,,
2019,4,8,18,0,6,25.2,,,,,,,,
2019,4,8,19,0,0,25,,,,,,,,
2019,4,8,20,0,0,24.8,,,,,,,,
2019,4,8,21,0,0,24.6,,,,,,,,
2019,4,8,22,0,0,24.5,,,,,,,,
2019,4,8,23,0,0,24.3,,,,,,,,
2019,4,9,0,0,0,24.2,,,,,,,,
2019,4,9,1,0,0,24.1,,,,,,,,
2019,4,9,2,0,0,24,,,,,,,,
2019,4,9,3,0,0,24,,,,,,,,
2019,4,9,4,0,0,23.9,,,,,,,,
2019,4,9,5,0,0,23.9,,,,,,,,
2019,4,9,6,0,21,24.6,,,,,,,,
2019,4,9,7,0,202,25.5,,,,,,,,
2019,4,9,8,0,371,26.4,,,,,,,,
2019,4,9,9,0,434,27.3,,,,,,,,
2019,4,9,10,0,684,28,,,,,,,,
2019,4,9,11,0,853,28.4,,,,,,,,
2019,4,9,12,0,883,28.6,,,,,,,,
2019,4,9,13,0,845,28.6,,,,,,,,
2019,4,9,14,0,746,28.5,,,,,,,,
2019,4,9,15,0,318,28.2,,,,,,,,
2019,4,9,16,0,177,27.8,,,,,,,,
2019,4,9,17,0,133,26.9,,,,,,,,
2019,4,9,18,0,9,25.8,,,,,,,,
2019,4,9,19,0,0,25.3,,,,,,,,
2019,4,9,20,0,0,24.9,,,,,,,,
2019,4,9,21,0,0,24.7,,,,,,,,
2019,4,9,22,0,0,24.5,,,,,,,,
2019,4,9,23,0,0,24.3,,,,,,,,
2019,4,10,0,0,0,24.2,,,,,,,,
2019,4,10,1,0,0,24,,,,,,,,
2019,4,10,2,0,0,23.8,,,,,,,,
2019,4,10,3,0,0,23.7,,,,,,,,
2019,4,10,4,0,0,23.6,,,,,,,,
2019,4,10,5,0,0,23.7,,,,,,,,
2019,4,10,6,0,29,24.8,,,,,,,,
2019,4,10,7,0,218,26.1,,,,,,,,
2019,4,10,8,0,432,26.9,,,,,,,,
2019,4,10,9,0,626,27.1,,,,,,,,
2019,4,10,10,0,778,26.6,,,,,,,,
2019,4,10,11,0,875,25.8,,,,,,,,
2019,4,10,12,0,896,25.2,,,,,,,,
2019,4,10,13,0,850,24.8,,,,,,,,
2019,4,10,14,0,742,24.3,,,,,,,,
2019,4,10,15,0,379,23.5,,,,,,,,
2019,4,10,16,0,373,22.6,,,,,,,,
2019,4,10,17,0,53,21.8,,,,,,,,
2019,4,10,18,0,5,21.3,,,,,,,,
2019,4,10,19,0,0,21.1,,,,,,,,
2019,4,10,20,0,0,21.2,,,,,,,,
2019,4,10,21,0,0,21.2,,,,,,,,
2019,4,10,22,0,0,21.2,,,,,,,,
2019,4,10,23,0,0,21.3,,,,,,,,
2019,4,11,0,0,0,21.2,,,,,,,,
2019,4,11,1,0,0,21.2,,,,,,,,
2019,4,11,2,0,0,21.2,,,,,,,,
2019,4,11,3,0,0,21.2,,,,,,,,
2019,4,11,4,0,0,21.2,,,,,,,,
2019,4,11,5,0,0,21.3,,,,,,,,
2019,4,11,6,0,12,22,,,,,,,,
2019,4,11,7,0,206,22.9,,,,,,,,
2019,4,11,8,0,139,24,,,,,,,,
2019,4,11,9,0,130,25.2,,,,,,,,
2019,4,11,10,0,599,26.4,,,,,,,,
2019,4,11,11,0,620,27.1,,,,,,,,
2019,4,11,12,0,376,27,,,,,,,,
2019,4,11,13,0,173,26.5,,,,,,,,
2019,4,11,14,0,68,25.2,,,,,,,,
2019,4,11,15,0,103,23.3,,,,,,,,
2019,4,11,16,0,35,21.8,,,,,,,,
2019,4,11,17,0,15,20.8,,,,,,,,
2019,4,11,18,0,4,20.4,,,,,,,,
2019,4,11,19,0,0,20.3,,,,,,,,
2019,4,11,20,0,0,20.2,,,,,,,,
2019,4,11,21,0,0,20.2,,,,,,,,
2019,4,11,22,0,0,20.2,,,,,,,,
2019,4,11,23,0,0,20.2,,,,,,,,
2019,4,12,0,0,0,20.2,,,,,,,,
2019,4,12,1,0,0,20.2,,,,,,,,
2019,4,12,2,0,0,20,,,,,,,,
2019,4,12,3,0,0,19.9,,,,,,,,
2019,4,12,4,0,0,19.8,,,,,,,,
2019,4,12,5,0,0,19.7,,,,,,,,
2019,4,12,6,0,7,19.7,,,,,,,,
2019,4,12,7,0,216,19.9,,,,,,,,
2019,4,12,8,0,93,20.2,,,,,,,,
2019,4,12,9,0,191,20.7,,,,,,,,
2019,4,12,10,0,212,21.2,,,,,,,,
2019,4,12,11,0,411,21.6,,,,,,,,
2019,4,12,12,0,269,21.9,,,,,,,,
2019,4,12,13,0,511,22.1,,,,,,,,
2019,4,12,14,0,341,22.1,,,,,,,,
2019,4,12,15,0,262,22,,,,,,,,
2019,4,12,16,0,229,21.7,,,,,,,,
2019,4,12,17,0,62,21.3,,,,,,,,
2019,4,12,18,0,9,20.9,,,,,,,,
2019,4,12,19,0,0,20.8,,,,,,,,
2019,4,12,20,0,0,20.9,,,,,,,,
2019,4,12,21,0,0,21,,,,,,,,
2019,4,12,22,0,0,21.2,,,,,,,,
2019,4,12,23,0,0,21.3,,,,,,,,
2019,4,13,0,0,0,21.5,,,,,,,,
2019,4,13,1,0,0,21.5,,,,,,,,
2019,4,13,2,0,0,21.5,,,,,,,,
2019,4,13,3,0,0,21.5,,,,,,,,
2019,4,13,4,0,0,21.5,,,,,,,,
2019,4,13,5,0,0,21.6,,,,,,,,
2019,4,13,6,0,28,22.6,,,,,,,,
2019,4,13,7,0,217,23.4,,,,,,,,
2019,4,13,8,0,316,24.3,,,,,,,,
2019,4,13,9,0,173,25.2,,,,,,,,
2019,4,13,10,0,451,25.7,,,,,,,,
2019,4,13,11,0,491,26,,,,,,,,
2019,4,13,12,0,210,26.1,,,,,,,,
2019,4,13,13,0,74,25.9,,,,,,,,
2019,4,13,14,0,68,25.5,,,,,,,,
2019,4,13,15,0,309,25,,,,,,,,
2019,4,13,16,0,192,24.3,,,,,,,,
2019,4,13,17,0,15,23.5,,,,,,,,
2019,4,13,18,0,2,23,,,,,,,,
2019,4,13,19,0,0,22.9,,,,,,,,
2019,4,13,20,0,0,22.9,,,,,,,,
2019,4,13,21,0,0,22.9,,,,,,,,
2019,4,13,22,0,0,22.7,,,,,,,,
2019,4,13,23,0,0,22.5,,,,,,,,
2019,4,14,0,0,0,22.3,,,,,,,,
2019,4,14,1,0,0,22.1,,,,,,,,
2019,4,14,2,0,0,22.1,,,,,,,,
2019,4,14,3,0,0,22,,,,,,,,
2019,4,14,4,0,0,21.8,,,,,,,,
2019,4,14,5,0,0,21.8,,,,,,,,
2019,4,14,6,0,33,22.3,,,,,,,,
2019,4,14,7,0,225,23.1,,,,,,,,
2019,4,14,8,0,297,23.9,,,,,,,,
2019,4,14,9,0,302,24.5,,,,,,,,
2019,4,14,10,0,627,24.8,,,,,,,,
2019,4,14,11,0,519,24.7,,,,,,,,
2019,4,14,12,0,632,24.2,,,,,,,,
2019,4,14,13,0,679,23.6,,,,,,,,
2019,4,14,14,0,215,23.4,,,,,,,,
2019,4,14,15,0,230,23,,,,,,,,
2019,4,14,16,0,298,22.5,,,,,,,,
2019,4,14,17,0,180,22.3,,,,,,,,
2019,4,14,18,0,5,22.1,,,,,,,,
2019,4,14,19,0,0,22.1,,,,,,,,
2019,4,14,20,0,0,22.1,,,,,,,,
2019,4,14,21,0,0,22.1,,,,,,,,
2019,4,14,22,0,0,22.1,,,,,,,,
2019,4,14,23,0,0,22,,,,,,,,
2019,4,15,0,0,0,21.9,,,,,,,,
2019,4,15,1,0,0,21.8,,,,,,,,
2019,4,15,2,0,0,21.5,,,,,,,,
2019,4,15,3,0,0,21.2,,,,,,,,
2019,4,15,4,0,0,20.9,,,,,,,,
2019,4,15,5,0,0,20.6,,,,,,,,
2019,4,15,6,0,7,20.7,,,,,,,,
2019,4,15,7,0,45,21.2,,,,,,,,
2019,4,15,8,0,137,21.7,,,,,,,,
2019,4,15,9,0,73,22.2,,,,,,,,
2019,4,15,10,0,143,22.7,,,,,,,,
2019,4,15,11,0,123,23,,,,,,,,
2019,4,15,12,0,191,23.2,,,,,,,,
2019,4,15,13,0,407,23.2,,,,,,,,
2019,4,15,14,0,362,23.1,,,,,,,,
2019,4,15,15,0,430,22.7,,,,,,,,
2019,4,15,16,0,57,22.3,,,,,,,,
2019,4,15,17,0,21,21.7,,,,,,,,
2019,4,15,18,0,3,21.1,,,,,,,,
2019,4,15,19,0,0,20.9,,,,,,,,
2019,4,15,20,0,0,21,,,,,,,,
2019,4,15,21,0,0,21.1,,,,,,,,
2019,4,15,22,0,0,21.2,,,,,,,,
2019,4,15,23,0,0,21.3,,,,,,,,
2019,4,16,0,0,0,21.5,,,,,,,,
2019,4,16,1,0,0,21.4,,,,,,,,
2019,4,16,2,0,0,21.4,,,,,,,,
2019,4,16,3,0,0,21.4,,,,,,,,
2019,4,16,4,0,0,21.5,,,,,,,,
2019,4,16,5,0,0,21.6,,,,,,,,
2019,4,16,6,0,4,22,,,,,,,,
2019,4,16,7,0,17,22.5,,,,,,,,
2019,4,16,8,0,52,22.7,,,,,,,,
2019,4,16,9,0,228,22.9,,,,,,,,
2019,4,16,10,0,69,22.9,,,,,,,,
2019,4,16,11,0,197,22.8,,,,,,,,
2019,4,16,12,0,90,22.9,,,,,,,,
2019,4,16,13,0,143,22.9,,,,,,,,
2019,4,16,14,0,304,22.5,,,,,,,,
2019,4,16,15,0,68,22,,,,,,,,
2019,4,16,16,0,78,21.6,,,,,,,,
2019,4,16,17,0,27,21.3,,,,,,,,
2019,4,16,18,0,6,21.1,,,,,,,,
2019,4,16,19,0,0,21,,,,,,,,
2019,4,16,20,0,0,20.8,,,,,,,,
2019,4,16,21,0,0,20.7,,,,,,,,
2019,4,16,22,0,0,20.7,,,,,,,,
2019,4,16,23,0,0,20.7,,,,,,,,
2019,4,17,0,0,0,20.5,,,,,,,,
2019,4,17,1,0,0,20.5,,,,,,,,
2019,4,17,2,0,0,20.5,,,,,,,,
2019,4,17,3,0,0,20.5,,,,,,,,
2019,4,17,4,0,0,20.4,,,,,,,,
2019,4,17,5,0,0,20.3,,,,,,,,
2019,4,17,6,0,17,21,,,,,,,,
2019,4,17,7,0,54,21.7,,,,,,,,
2019,4,17,8,0,340,22.5,,,,,,,,
2019,4,17,9,0,670,23.2,,,,,,,,
2019,4,17,10,0,831,23.8,,,,,,,,
2019,4,17,11,0,963,24.1,,,,,,,,
2019,4,17,12,0,554,24.3,,,,,,,,
2019,4,17,13,0,774,24.3,,,,,,,,
2019,4,17,14,0,846,24.2,,,,,,,,
2019,4,17,15,0,669,24,,,,,,,,
2019,4,17,16,0,452,23.6,,,,,,,,
2019,4,17,17,0,219,23,,,,,,,,
2019,4,17,18,0,25,22.3,,,,,,,,
2019,4,17,19,0,0,22.1,,,,,,,,
2019,4,17,20,0,0,22.1,,,,,,,,
2019,4,17,21,0,0,22.2,,,,,,,,
2019,4,17,22,0,0,22.2,,,,,,,,
2019,4,17,23,0,0,22.2,,,,,,,,
2019,4,18,0,0,0,22.1,,,,,,,,
2019,4,18,1,0,0,22.1,,,,,,,,
2019,4,18,2,0,0,22,,,,,,,,
2019,4,18,3,0,0,22,,,,,,,,
2019,4,18,4,0,0,22.1,,,,,,,,
2019,4,18,5,0,0,22.1,,,,,,,,
2019,4,18,6,0,55,23.4,,,,,,,,
2019,4,18,7,0,259,24.5,,,,,,,,
2019,4,18,8,0,484,25.6,,,,,,,,
2019,4,18,9,0,683,26.3,,,,,,,,
2019,4,18,10,0,836,26.8,,,,,,,,
2019,4,18,11,0,947,27.2,,,,,,,,
2019,4,18,12,0,625,27.3,,,,,,,,
2019,4,18,13,0,812,27.3,,,,,,,,
2019,4,18,14,0,804,27,,,,,,,,
2019,4,18,15,0,631,26.6,,,,,,,,
2019,4,18,16,0,422,26.2,,,,,,,,
2019,4,18,17,0,11,25.6,,,,,,,,
2019,4,18,18,0,18,24.8,,,,,,,,
2019,4,18,19,0,0,24.6,,,,,,,,
2019,4,18,20,0,0,24.6,,,,,,,,
2019,4,18,21,0,0,24.6,,,,,,,,
2019,4,18,22,0,0,24.6,,,,,,,,
2019,4,18,23,0,0,24.6,,,,,,,,
2019,4,19,0,0,0,24.6,,,,,,,,
2019,4,19,1,0,0,24.5,,,,,,,,
2019,4,19,2,0,0,24.5,,,,,,,,
2019,4,19,3,0,0,24.4,,,,,,,,
2019,4,19,4,0,0,24.3,,,,,,,,
2019,4,19,5,0,0,24.4,,,,,,,,
2019,4,19,6,0,14,25,,,,,,,,
2019,4,19,7,0,56,25.5,,,,,,,,
2019,4,19,8,0,172,25.7,,,,,,,,
2019,4,19,9,0,195,25.5,,,,,,,,
2019,4,19,10,0,621,25.4,,,,,,,,
2019,4,19,11,0,635,25.4,,,,,,,,
2019,4,19,12,0,875,25.9,,,,,,,,
2019,4,19,13,0,424,26.3,,,,,,,,
2019,4,19,14,0,244,25.9,,,,,,,,
2019,4,19,15,0,195,25.4,,,,,,,,
2019,4,19,16,0,40,25.3,,,,,,,,
2019,4,19,17,0,58,25.3,,,,,,,,
2019,4,19,18,0,10,25.2,,,,,,,,
2019,4,19,19,0,0,25.1,,,,,,,,
2019,4,19,20,0,0,25,,,,,,,,
2019,4,19,21,0,0,24.9,,,,,,,,
2019,4,19,22,0,0,24.8,,,,,,,,
2019,4,19,23,0,0,24.6,,,,,,,,
2019,4,20,0,0,0,24.4,,,,,,,,
2019,4,20,1,0,0,24.3,,,,,,,,
2019,4,20,2,0,0,24,,,,,,,,
2019,4,20,3,0,0,23.8,,,,,,,,
2019,4,20,4,0,0,23.6,,,,,,,,
2019,4,20,5,0,0,23.4,,,,,,,,
2019,4,20,6,0,33,23.6,,,,,,,,
2019,4,20,7,0,235,24.2,,,,,,,,
2019,4,20,8,0,239,25.1,,,,,,,,
2019,4,20,9,0,139,25.8,,,,,,,,
2019,4,20,10,0,203,26,,,,,,,,
2019,4,20,11,0,375,26,,,,,,,,
2019,4,20,12,0,556,26,,,,,,,,
2019,4,20,13,0,613,25.7,,,,,,,,
2019,4,20,14,0,274,25.2,,,,,,,,
2019,4,20,15,0,363,25.3,,,,,,,,
2019,4,20,16,0,313,25.6,,,,,,,,
2019,4,20,17,0,113,25.3,,,,,,,,
2019,4,20,18,0,13,24.5,,,,,,,,
2019,4,20,19,0,0,24.1,,,,,,,,
2019,4,20,20,0,0,24,,,,,,,,
2019,4,20,21,0,0,24,,,,,,,,
2019,4,20,22,0,0,23.9,,,,,,,,
2019,4,20,23,0,0,23.8,,,,,,,,
2019,4,21,0,0,0,23.9,,,,,,,,
2019,4,21,1,0,0,24,,,,,,,,
2019,4,21,2,0,0,23.8,,,,,,,,
2019,4,21,3,0,0,23.5,,,,,,,,
2019,4,21,4,0,0,23.5,,,,,,,,
2019,4,21,5,0,0,23.7,,,,,,,,
2019,4,21,6,0,44,24.3,,,,,,,,
2019,4,21,7,0,242,25.2,,,,,,,,
2019,4,21,8,0,458,25.9,,,,,,,,
2019,4,21,9,0,182,26.4,,,,,,,,
2019,4,21,10,0,241,26.8,,,,,,,,
2019,4,21,11,0,402,27.3,,,,,,,,
2019,4,21,12,0,611,27.8,,,,,,,,
2019,4,21,13,0,627,28.1,,,,,,,,
2019,4,21,14,0,186,28.1,,,,,,,,
2019,4,21,15,0,284,27.8,,,,,,,,
2019,4,21,16,0,240,27.1,,,,,,,,
2019,4,21,17,0,15,26.4,,,,,,,,
2019,4,21,18,0,12,25.8,,,,,,,,
2019,4,21,19,0,0,25.5,,,,,,,,
2019,4,21,20,0,0,25.4,,,,,,,,
2019,4,21,21,0,0,25.4,,,,,,,,
2019,4,21,22,0,0,25.3,,,,,,,,
2019,4,21,23,0,0,25.4,,,,,,,,
2019,4,22,0,0,0,25.3,,,,,,,,
2019,4,22,1,0,0,25.2,,,,,,,,
2019,4,22,2,0,0,25.1,,,,,,,,
2019,4,22,3,0,0,25.1,,,,,,,,
2019,4,22,4,0,0,25.2,,,,,,,,
2019,4,22,5,0,0,25.2,,,,,,,,
2019,4,22,6,0,49,25.9,,,,,,,,
2019,4,22,7,0,243,26.9,,,,,,,,
2019,4,22,8,0,454,27.9,,,,,,,,
2019,4,22,9,0,642,28.2,,,,,,,,
2019,4,22,10,0,784,28.3,,,,,,,,
2019,4,22,11,0,897,28.3,,,,,,,,
2019,4,22,12,0,795,28.1,,,,,,,,
2019,4,22,13,0,801,27.8,,,,,,,,
2019,4,22,14,0,205,27.8,,,,,,,,
2019,4,22,15,0,90,28,,,,,,,,
2019,4,22,16,0,36,27.9,,,,,,,,
2019,4,22,17,0,16,27.4,,,,,,,,
2019,4,22,18,0,4,26.4,,,,,,,,
2019,4,22,19,0,0,25.9,,,,,,,,
2019,4,22,20,0,0,25.8,,,,,,,,
2019,4,22,21,0,0,25.7,,,,,,,,
2019,4,22,22,0,0,25.6,,,,,,,,
2019,4,22,23,0,0,25.6,,,,,,,,
2019,4,23,0,0,0,25.5,,,,,,,,
2019,4,23,1,0,0,25.5,,,,,,,,
2019,4,23,2,0,0,25.6,,,,,,,,
2019,4,23,3,0,0,25.7,,,,,,,,
2019,4,23,4,0,0,25.7,,,,,,,,
2019,4,23,5,0,0,25.6,,,,,,,,
2019,4,23,6,0,51,26.4,,,,,,,,
2019,4,23,7,0,245,27.2,,,,,,,,
2019,4,23,8,0,459,28,,,,,,,,
2019,4,23,9,0,649,28.8,,,,,,,,
2019,4,23,10,0,795,29.3,,,,,,,,
2019,4,23,11,0,891,29.8,,,,,,,,
2019,4,23,12,0,916,30.2,,,,,,,,
2019,4,23,13,0,873,30.3,,,,,,,,
2019,4,23,14,0,758,30.2,,,,,,,,
2019,4,23,15,0,597,29.8,,,,,,,,
2019,4,23,16,0,400,29.1,,,,,,,,
2019,4,23,17,0,186,28.3,,,,,,,,
2019,4,23,18,0,16,27.3,,,,,,,,
2019,4,23,19,0,0,26.8,,,,,,,,
2019,4,23,20,0,0,26.6,,,,,,,,
2019,4,23,21,0,0,26.4,,,,,,,,
2019,4,23,22,0,0,26.2,,,,,,,,
2019,4,23,23,0,0,26.1,,,,,,,,
2019,4,24,0,0,0,25.9,,,,,,,,
2019,4,24,1,0,0,25.9,,,,,,,,
2019,4,24,2,0,0,25.9,,,,,,,,
2019,4,24,3,0,0,25.9,,,,,,,,
2019,4,24,4,0,0,25.9,,,,,,,,
2019,4,24,5,0,0,25.8,,,,,,,,
2019,4,24,6,0,57,26.4,,,,,,,,
2019,4,24,7,0,255,27.5,,,,,,,,
2019,4,24,8,0,471,28.5,,,,,,,,
2019,4,24,9,0,666,29.2,,,,,,,,
2019,4,24,10,0,552,29.8,,,,,,,,
2019,4,24,11,0,908,30.2,,,,,,,,
2019,4,24,12,0,936,30.3,,,,,,,,
2019,4,24,13,0,896,30.3,,,,,,,,
2019,4,24,14,0,774,30.2,,,,,,,,
2019,4,24,15,0,616,29.8,,,,,,,,
2019,4,24,16,0,418,29.1,,,,,,,,
2019,4,24,17,0,203,28.1,,,,,,,,
2019,4,24,18,0,24,27,,,,,,,,
2019,4,24,19,0,0,26.6,,,,,,,,
2019,4,24,20,0,0,26.4,,,,,,,,
2019,4,24,21,0,0,26.3,,,,,,,,
2019,4,24,22,0,0,26.2,,,,,,,,
2019,4,24,23,0,0,26.2,,,,,,,,
2019,4,25,0,0,0,26.1,,,,,,,,
2019,4,25,1,0,0,25.9,,,,,,,,
2019,4,25,2,0,0,25.8,,,,,,,,
2019,4,25,3,0,0,25.5,,,,,,,,
2019,4,25,4,0,0,25.2,,,,,,,,
2019,4,25,5,0,0,25,,,,,,,,
2019,4,25,6,0,69,25.8,,,,,,,,
2019,4,25,7,0,276,26.6,,,,,,,,
2019,4,25,8,0,500,27.7,,,,,,,,
2019,4,25,9,0,700,28.8,,,,,,,,
2019,4,25,10,0,728,29.5,,,,,,,,
2019,4,25,11,0,781,30,,,,,,,,
2019,4,25,12,0,904,30.3,,,,,,,,
2019,4,25,13,0,936,30.4,,,,,,,,
2019,4,25,14,0,822,30.3,,,,,,,,
2019,4,25,15,0,651,29.8,,,,,,,,
2019,4,25,16,0,339,28.8,,,,,,,,
2019,4,25,17,0,180,27.6,,,,,,,,
2019,4,25,18,0,25,26.5,,,,,,,,
2019,4,25,19,0,0,26.1,,,,,,,,
2019,4,25,20,0,0,26,,,,,,,,
2019,4,25,21,0,0,25.9,,,,,,,,
2019,4,25,22,0,0,25.8,,,,,,,,
2019,4,25,23,0,0,25.5,,,,,,,,
2019,4,26,0,0,0,25.2,,,,,,,,
2019,4,26,1,0,0,24.8,,,,,,,,
2019,4,26,2,0,0,24.5,,,,,,,,
2019,4,26,3,0,0,24.4,,,,,,,,
2019,4,26,4,0,0,24.3,,,,,,,,
2019,4,26,5,0,0,24.2,,,,,,,,
2019,4,26,6,0,53,24.7,,,,,,,,
2019,4,26,7,0,252,25.2,,,,,,,,
2019,4,26,8,0,463,26,,,,,,,,
2019,4,26,9,0,518,26.7,,,,,,,,
2019,4,26,10,0,582,27.1,,,,,,,,
2019,4,26,11,0,672,27.3,,,,,,,,
2019,4,26,12,0,948,27.4,,,,,,,,
2019,4,26,13,0,531,27.2,,,,,,,,
2019,4,26,14,0,706,27,,,,,,,,
2019,4,26,15,0,619,26.6,,,,,,,,
2019,4,26,16,0,413,26.1,,,,,,,,
2019,4,26,17,0,198,25.7,,,,,,,,
2019,4,26,18,0,21,25.4,,,,,,,,
2019,4,26,19,0,0,25.4,,,,,,,,
2019,4,26,20,0,0,25.4,,,,,,,,
2019,4,26,21,0,0,25.3,,,,,,,,
2019,4,26,22,0,0,25.2,,,,,,,,
2019,4,26,23,0,0,25.1,,,,,,,,
2019,4,27,0,0,0,24.9,,,,,,,,
2019,4,27,1,0,0,24.8,,,,,,,,
2019,4,27,2,0,0,24.7,,,,,,,,
2019,4,27,3,0,0,24.5,,,,,,,,
2019,4,27,4,0,0,24.3,,,,,,,,
2019,4,27,5,0,0,24.1,,,,,,,,
2019,4,27,6,0,35,24.1,,,,,,,,
2019,4,27,7,0,152,24.3,,,,,,,,
2019,4,27,8,0,330,24.6,,,,,,,,
2019,4,27,9,0,389,24.8,,,,,,,,
2019,4,27,10,0,242,24.8,,,,,,,,
2019,4,27,11,0,235,24.7,,,,,,,,
2019,4,27,12,0,362,24.6,,,,,,,,
2019,4,27,13,0,276,24.6,,,,,,,,
2019,4,27,14,0,679,24.5,,,,,,,,
2019,4,27,15,0,553,24.6,,,,,,,,
2019,4,27,16,0,304,24.5,,,,,,,,
2019,4,27,17,0,186,24.4,,,,,,,,
2019,4,27,18,0,15,24.2,,,,,,,,
2019,4,27,19,0,0,24.2,,,,,,,,
2019,4,27,20,0,0,24.3,,,,,,,,
2019,4,27,21,0,0,24.4,,,,,,,,
2019,4,27,22,0,0,24.6,,,,,,,,
2019,4,27,23,0,0,24.8,,,,,,,,
2019,4,28,0,0,0,24.9,,,,,,,,
2019,4,28,1,0,0,25,,,,,,,,
2019,4,28,2,0,0,25.1,,,,,,,,
2019,4,28,3,0,0,25.1,,,,,,,,
2019,4,28,4,0,0,25,,,,,,,,
2019,4,28,5,0,0,25,,,,,,,,
2019,4,28,6,0,69,25.6,,,,,,,,
2019,4,28,7,0,269,26.1,,,,,,,,
2019,4,28,8,0,467,26.7,,,,,,,,
2019,4,28,9,0,581,26.8,,,,,,,,
2019,4,28,10,0,162,26.9,,,,,,,,
2019,4,28,11,0,712,26.9,,,,,,,,
2019,4,28,12,0,696,26.7,,,,,,,,
2019,4,28,13,0,348,26.5,,,,,,,,
2019,4,28,14,0,451,26.2,,,,,,,,
2019,4,28,15,0,267,26,,,,,,,,
2019,4,28,16,0,412,25.7,,,,,,,,
2019,4,28,17,0,200,25.4,,,,,,,,
2019,4,28,18,0,20,25.1,,,,,,,,
2019,4,28,19,0,0,24.9,,,,,,,,
2019,4,28,20,0,0,24.9,,,,,,,,
2019,4,28,21,0,0,24.8,,,,,,,,
2019,4,28,22,0,0,24.8,,,,,,,,
2019,4,28,23,0,0,24.8,,,,,,,,
2019,4,29,0,0,0,24.8,,,,,,,,
2019,4,29,1,0,0,25,,,,,,,,
2019,4,29,2,0,0,25.2,,,,,,,,
2019,4,29,3,0,0,25.1,,,,,,,,
2019,4,29,4,0,0,24.9,,,,,,,,
2019,4,29,5,0,0,24.9,,,,,,,,
2019,4,29,6,0,72,25.8,,,,,,,,
2019,4,29,7,0,274,26.5,,,,,,,,
2019,4,29,8,0,490,27.2,,,,,,,,
2019,4,29,9,0,683,28,,,,,,,,
2019,4,29,10,0,830,28.6,,,,,,,,
2019,4,29,11,0,909,28.9,,,,,,,,
2019,4,29,12,0,931,29.2,,,,,,,,
2019,4,29,13,0,618,29.2,,,,,,,,
2019,4,29,14,0,364,29.1,,,,,,,,
2019,4,29,15,0,125,28.7,,,,,,,,
2019,4,29,16,0,404,28.2,,,,,,,,
2019,4,29,17,0,69,27.6,,,,,,,,
2019,4,29,18,0,19,26.9,,,,,,,,
2019,4,29,19,0,0,26.6,,,,,,,,
2019,4,29,20,0,0,26.6,,,,,,,,
2019,4,29,21,0,0,26.5,,,,,,,,
2019,4,29,22,0,0,26.5,,,,,,,,
2019,4,29,23,0,0,26.3,,,,,,,,
2019,4,30,0,0,0,26.2,,,,,,,,
2019,4,30,1,0,0,26.1,,,,,,,,
2019,4,30,2,0,0,26,,,,,,,,
2019,4,30,3,0,0,25.9,,,,,,,,
2019,4,30,4,0,0,25.8,,,,,,,,
2019,4,30,5,0,0,25.7,,,,,,,,
2019,4,30,6,0,71,26.6,,,,,,,,
2019,4,30,7,0,271,27.4,,,,,,,,
2019,4,30,8,0,485,28.2,,,,,,,,
2019,4,30,9,0,675,28.8,,,,,,,,
2019,4,30,10,0,819,29.2,,,,,,,,
2019,4,30,11,0,918,29.4,,,,,,,,
2019,4,30,12,0,543,29.5,,,,,,,,
2019,4,30,13,0,509,29.2,,,,,,,,
2019,4,30,14,0,153,28.7,,,,,,,,
2019,4,30,15,0,74,28.1,,,,,,,,
2019,4,30,16,0,87,27.4,,,,,,,,
2019,4,30,17,0,126,26.7,,,,,,,,
2019,4,30,18,0,18,25.9,,,,,,,,
2019,4,30,19,0,0,25.4,,,,,,,,
2019,4,30,20,0,0,25,,,,,,,,
2019,4,30,21,0,0,24.7,,,,,,,,
2019,4,30,22,0,0,24.5,,,,,,,,
2019,4,30,23,0,0,24.2,,,,,,,,
2019,5,1,0,0,0,24,,,,,,,,
2019,5,1,1,0,0,23.9,,,,,,,,
2019,5,1,2,0,0,23.8,,,,,,,,
2019,5,1,3,0,0,23.8,,,,,,,,
2019,5,1,4,0,0,23.7,,,,,,,,
2019,5,1,5,0,0,23.3,,,,,,,,
2019,5,1,6,0,26,23,,,,,,,,
2019,5,1,7,0,22,22.5,,,,,,,,
2019,5,1,8,0,43,22.1,,,,,,,,
2019,5,1,9,0,61,22.1,,,,,,,,
2019,5,1,10,0,73,22.4,,,,,,,,
2019,5,1,11,0,118,22.7,,,,,,,,
2019,5,1,12,0,185,22.7,,,,,,,,
2019,5,1,13,0,210,22.5,,,,,,,,
2019,5,1,14,0,119,22.2,,,,,,,,
2019,5,1,15,0,55,22,,,,,,,,
2019,5,1,16,0,75,22,,,,,,,,
2019,5,1,17,0,16,22,,,,,,,,
2019,5,1,18,0,4,22,,,,,,,,
2019,5,1,19,0,0,22.1,,,,,,,,
2019,5,1,20,0,0,22.3,,,,,,,,
2019,5,1,21,0,0,22.4,,,,,,,,
2019,5,1,22,0,0,22.5,,,,,,,,
2019,5,1,23,0,0,22.6,,,,,,,,
2019,5,2,0,0,0,22.5,,,,,,,,
2019,5,2,1,0,0,22.5,,,,,,,,
2019,5,2,2,0,0,22.5,,,,,,,,
2019,5,2,3,0,0,22.5,,,,,,,,
2019,5,2,4,0,0,22.6,,,,,,,,
2019,5,2,5,0,0,22.6,,,,,,,,
2019,5,2,6,0,6,22.9,,,,,,,,
2019,5,2,7,0,15,23.2,,,,,,,,
2019,5,2,8,0,26,23.4,,,,,,,,
2019,5,2,9,0,62,23.4,,,,,,,,
2019,5,2,10,0,71,23.4,,,,,,,,
2019,5,2,11,0,75,23.5,,,,,,,,
2019,5,2,12,0,124,23.6,,,,,,,,
2019,5,2,13,0,259,23.5,,,,,,,,
2019,5,2,14,0,137,23,,,,,,,,
2019,5,2,15,0,131,22.3,,,,,,,,
2019,5,2,16,0,107,21.9,,,,,,,,
2019,5,2,17,0,20,21.8,,,,,,,,
2019,5,2,18,0,4,21.7,,,,,,,,
2019,5,2,19,0,0,21.7,,,,,,,,
2019,5,2,20,0,0,21.8,,,,,,,,
2019,5,2,21,0,0,21.7,,,,,,,,
2019,5,2,22,0,0,21.7,,,,,,,,
2019,5,2,23,0,0,21.6,,,,,,,,
2019,5,3,0,0,0,21.6,,,,,,,,
2019,5,3,1,0,0,21.7,,,,,,,,
2019,5,3,2,0,0,21.6,,,,,,,,
2019,5,3,3,0,0,21.6,,,,,,,,
2019,5,3,4,0,0,21.5,,,,,,,,
2019,5,3,5,0,0,21.5,,,,,,,,
2019,5,3,6,0,82,22.1,,,,,,,,
2019,5,3,7,0,87,22.6,,,,,,,,
2019,5,3,8,0,132,23.1,,,,,,,,
2019,5,3,9,0,446,23.7,,,,,,,,
2019,5,3,10,0,761,24.4,,,,,,,,
2019,5,3,11,0,616,24.9,,,,,,,,
2019,5,3,12,0,806,25.1,,,,,,,,
2019,5,3,13,0,937,25.1,,,,,,,,
2019,5,3,14,0,825,25,,,,,,,,
2019,5,3,15,0,660,24.7,,,,,,,,
2019,5,3,16,0,331,24.4,,,,,,,,
2019,5,3,17,0,228,23.8,,,,,,,,
2019,5,3,18,0,36,23,,,,,,,,
2019,5,3,19,0,0,22.8,,,,,,,,
2019,5,3,20,0,0,22.8,,,,,,,,
2019,5,3,21,0,0,22.8,,,,,,,,
2019,5,3,22,0,0,22.8,,,,,,,,
2019,5,3,23,0,0,22.8,,,,,,,,
2019,5,4,0,0,0,22.8,,,,,,,,
2019,5,4,1,0,0,22.8,,,,,,,,
2019,5,4,2,0,0,22.8,,,,,,,,
2019,5,4,3,0,0,22.9,,,,,,,,
2019,5,4,4,0,0,23,,,,,,,,
2019,5,4,5,0,0,23.1,,,,,,,,
2019,5,4,6,0,18,24,,,,,,,,
2019,5,4,7,0,63,24.5,,,,,,,,
2019,5,4,8,0,185,24.9,,,,,,,,
2019,5,4,9,0,167,25.3,,,,,,,,
2019,5,4,10,0,257,25.5,,,,,,,,
2019,5,4,11,0,233,25.7,,,,,,,,
2019,5,4,12,0,356,25.8,,,,,,,,
2019,5,4,13,0,74,25.7,,,,,,,,
2019,5,4,14,0,69,25.6,,,,,,,,
2019,5,4,15,0,149,25.6,,,,,,,,
2019,5,4,16,0,306,25.4,,,,,,,,
2019,5,4,17,0,109,24.9,,,,,,,,
2019,5,4,18,0,21,24.5,,,,,,,,
2019,5,4,19,0,0,24.3,,,,,,,,
2019,5,4,20,0,0,24.2,,,,,,,,
2019,5,4,21,0,0,24.1,,,,,,,,
2019,5,4,22,0,0,24.1,,,,,,,,
2019,5,4,23,0,0,24.1,,,SPRING,,,,,
2019,5,5,0,0,0,24,,1,24,1,0,1,281.7265595,281726.5595
2019,5,5,1,0,0,23.9,,2,23.9,2,0,2,253.934325,253934.325
2019,5,5,2,0,0,23.9,,3,23.9,3,0,3,237.7172143,237717.2143
2019,5,5,3,0,0,23.9,,4,23.9,4,0,4,197.4966637,197496.6637
2019,5,5,4,0,0,23.9,,5,23.9,5,0,5,188.9659607,188965.9607
2019,5,5,5,0,0,24,,6,24,6,0,6,178.616635,178616.635
2019,5,5,6,0,83,24.8,,7,24.8,7,0.083,7,174.9968515,174996.8515
2019,5,5,7,0,286,25.6,,8,25.6,8,0.286,8,183.6258489,183625.8489
2019,5,5,8,0,502,26.2,,9,26.2,9,0.502,9,170.9574773,170957.4773
2019,5,5,9,0,547,26.5,,10,26.5,10,0.547,10,199.9379028,199937.9028
2019,5,5,10,0,694,26.9,,11,26.9,11,0.694,11,189.6204055,189620.4055
2019,5,5,11,0,830,27.4,,12,27.4,12,0.83,12,196.7272262,196727.2262
2019,5,5,12,0,814,27.7,,13,27.7,13,0.814,13,230.4643304,230464.3304
2019,5,5,13,0,651,27.6,,14,27.6,14,0.651,14,233.2496994,233249.6994
2019,5,5,14,0,455,27.3,,15,27.3,15,0.455,15,234.9518095,234951.8095
2019,5,5,15,0,531,26.6,,16,26.6,16,0.531,16,250.2279051,250227.9051
2019,5,5,16,0,88,26,,17,26,17,0.088,17,287.2058985,287205.8985
2019,5,5,17,0,33,25.4,,18,25.4,18,0.033,18,286.8842767,286884.2767
2019,5,5,18,0,9,24.9,,19,24.9,19,0.009,19,278.693866,278693.866
2019,5,5,19,0,0,24.7,,20,24.7,20,0,20,294.1323184,294132.3184
2019,5,5,20,0,0,24.5,,21,24.5,21,0,21,296.3815952,296381.5952
2019,5,5,21,0,0,24.3,,22,24.3,22,0,22,293.9771072,293977.1072
2019,5,5,22,0,0,24.1,,23,24.1,23,0,23,326.7555494,326755.5494
2019,5,5,23,0,0,23.9,,24,23.9,24,0,24,320.0877173,320087.7173
2019,5,6,0,0,0,23.6,,1,23.6,1,0,1,311.1488334,311148.8334
2019,5,6,1,0,0,23.4,,2,23.4,2,0,2,297.0074465,297007.4465
2019,5,6,2,0,0,23.3,,3,23.3,3,0,3,252.7613853,252761.3853
2019,5,6,3,0,0,23.3,,4,23.3,4,0,4,218.5587167,218558.7167
2019,5,6,4,0,0,23.3,,5,23.3,5,0,5,218.7279425,218727.9425
2019,5,6,5,0,0,23.3,,6,23.3,6,0,6,204.6581071,204658.1071
2019,5,6,6,0,8,23.7,,7,23.7,7,0.008,7,195.6939702,195693.9702
2019,5,6,7,0,25,24.1,,8,24.1,8,0.025,8,209.6054673,209605.4673
2019,5,6,8,0,102,24.3,,9,24.3,9,0.102,9,229.7801816,229780.1816
2019,5,6,9,0,121,24.4,,10,24.4,10,0.121,10,268.3854613,268385.4613
2019,5,6,10,0,142,24.7,,11,24.7,11,0.142,11,275.5056994,275505.6994
2019,5,6,11,0,124,25,,12,25,12,0.124,12,297.5597202,297559.7202
2019,5,6,12,0,97,25.1,,13,25.1,13,0.097,13,320.4806548,320480.6548
2019,5,6,13,0,73,24.9,,14,24.9,14,0.073,14,300.2834314,300283.4314
2019,5,6,14,0,105,24.6,,15,24.6,15,0.105,15,278.8222056,278822.2056
2019,5,6,15,0,56,24.1,,16,24.1,16,0.056,16,282.7891994,282789.1994
2019,5,6,16,0,139,23.5,,17,23.5,17,0.139,17,274.9159714,274915.9714
2019,5,6,17,0,132,23.2,,18,23.2,18,0.132,18,291.1477053,291147.7053
2019,5,6,18,0,11,22.9,,19,22.9,19,0.011,19,289.4430268,289443.0268
2019,5,6,19,0,0,22.7,,20,22.7,20,0,20,284.5012321,284501.2321
2019,5,6,20,0,0,22.6,,21,22.6,21,0,21,274.4885982,274488.5982
2019,5,6,21,0,0,22.5,,22,22.5,22,0,22,296.6550363,296655.0363
2019,5,6,22,0,0,22.4,,23,22.4,23,0,23,315.187757,315187.757
2019,5,6,23,0,0,22.3,,24,22.3,24,0,24,310.2898264,310289.8264
2019,5,7,0,0,0,22.3,,1,22.3,1,0,1,297.2070476,297207.0476
2019,5,7,1,0,0,22.3,,2,22.3,2,0,2,255.4952232,255495.2232
2019,5,7,2,0,0,22.2,,3,22.2,3,0,3,225.7701738,225770.1738
2019,5,7,3,0,0,22.1,,4,22.1,4,0,4,198.7854435,198785.4435
2019,5,7,4,0,0,21.9,,5,21.9,5,0,5,195.6132625,195613.2625
2019,5,7,5,0,0,21.7,,6,21.7,6,0,6,184.6129316,184612.9316
2019,5,7,6,0,7,21.6,,7,21.6,7,0.007,7,185.3233155,185323.3155
2019,5,7,7,0,44,21.7,,8,21.7,8,0.044,8,195.5429071,195542.9071
2019,5,7,8,0,54,21.8,,9,21.8,9,0.054,9,226.0950674,226095.0674
2019,5,7,9,0,185,22.1,,10,22.1,10,0.185,10,233.1892152,233189.2152
2019,5,7,10,0,106,22.3,,11,22.3,11,0.106,11,248.1084375,248108.4375
2019,5,7,11,0,92,22.4,,12,22.4,12,0.092,12,260.4937917,260493.7917
2019,5,7,12,0,175,22.6,,13,22.6,13,0.175,13,268.7665685,268766.5685
2019,5,7,13,0,190,22.7,,14,22.7,14,0.19,14,262.036375,262036.375
2019,5,7,14,0,202,22.7,,15,22.7,15,0.202,15,279.0119798,279011.9798
2019,5,7,15,0,71,22.6,,16,22.6,16,0.071,16,288.0990655,288099.0655
2019,5,7,16,0,53,22.3,,17,22.3,17,0.053,17,275.9008839,275900.8839
2019,5,7,17,0,35,21.9,,18,21.9,18,0.035,18,262.6722202,262672.2202
2019,5,7,18,0,7,21.5,,19,21.5,19,0.007,19,282.27068,282270.68
2019,5,7,19,0,0,21.5,,20,21.5,20,0,20,281.3941983,281394.1983
2019,5,7,20,0,0,21.5,,21,21.5,21,0,21,298.3861994,298386.1994
2019,5,7,21,0,0,21.6,,22,21.6,22,0,22,312.453131,312453.131
2019,5,7,22,0,0,21.6,,23,21.6,23,0,23,296.8583601,296858.3601
2019,5,7,23,0,0,21.7,,24,21.7,24,0,24,294.4649077,294464.9077
2019,5,8,0,0,0,21.8,,1,21.8,1,0,1,271.0488958,271048.8958
2019,5,8,1,0,0,21.9,,2,21.9,2,0,2,251.9683392,251968.3392
2019,5,8,2,0,0,22.1,,3,22.1,3,0,3,218.8019941,218801.9941
2019,5,8,3,0,0,22.2,,4,22.2,4,0,4,213.9004077,213900.4077
2019,5,8,4,0,0,22.3,,5,22.3,5,0,5,187.8042124,187804.2124
2019,5,8,5,0,0,22.4,,6,22.4,6,0,6,169.1537768,169153.7768
2019,5,8,6,0,7,22.9,,7,22.9,7,0.007,7,170.0328869,170032.8869
2019,5,8,7,0,30,23,,8,23,8,0.03,8,178.4718958,178471.8958
2019,5,8,8,0,47,23.1,,9,23.1,9,0.047,9,221.800119,221800.119
2019,5,8,9,0,61,23.1,,10,23.1,10,0.061,10,238.2649703,238264.9703
2019,5,8,10,0,70,23.3,,11,23.3,11,0.07,11,250.7082083,250708.2083
2019,5,8,11,0,645,23.5,,12,23.5,12,0.645,12,263.2651036,263265.1036
2019,5,8,12,0,82,23.8,,13,23.8,13,0.082,13,277.6292292,277629.2292
2019,5,8,13,0,123,24.1,,14,24.1,14,0.123,14,293.2111803,293211.1803
2019,5,8,14,0,201,24.1,,15,24.1,15,0.201,15,302.3097967,302309.7967
2019,5,8,15,0,96,23.9,,16,23.9,16,0.096,16,291.2465149,291246.5149
2019,5,8,16,0,317,23.6,,17,23.6,17,0.317,17,306.9277917,306927.7917
2019,5,8,17,0,64,23.3,,18,23.3,18,0.064,18,290.0630238,290063.0238
2019,5,8,18,0,19,23,,19,23,19,0.019,19,303.1696607,303169.6607
2019,5,8,19,0,0,23,,20,23,20,0,20,295.6861712,295686.1712
2019,5,8,20,0,0,23,,21,23,21,0,21,295.6364881,295636.4881
2019,5,8,21,0,0,23,,22,23,22,0,22,288.009875,288009.875
2019,5,8,22,0,0,23,,23,23,23,0,23,310.7360982,310736.0982
2019,5,8,23,0,0,23,,24,23,24,0,24,318.6285495,318628.5495
2019,5,9,0,0,0,23,,1,23,1,0,1,306.0317491,306031.7491
2019,5,9,1,0,0,23,,2,23,2,0,2,271.9248821,271924.8821
2019,5,9,2,0,0,23,,3,23,3,0,3,231.5705506,231570.5506
2019,5,9,3,0,0,23,,4,23,4,0,4,206.9220357,206922.0357
2019,5,9,4,0,0,23.1,,5,23.1,5,0,5,193.2595119,193259.5119
2019,5,9,5,0,0,23.1,,6,23.1,6,0,6,195.3966637,195396.6637
2019,5,9,6,0,21,23.5,,7,23.5,7,0.021,7,179.7792649,179779.2649
2019,5,9,7,0,23,23.7,,8,23.7,8,0.023,8,203.1863839,203186.3839
2019,5,9,8,0,71,24.1,,9,24.1,9,0.071,9,231.1775444,231177.5444
2019,5,9,9,0,61,24.4,,10,24.4,10,0.061,10,251.614503,251614.503
2019,5,9,10,0,139,24.6,,11,24.6,11,0.139,11,256.1723018,256172.3018
2019,5,9,11,0,271,24.7,,12,24.7,12,0.271,12,278.5676577,278567.6577
2019,5,9,12,0,251,24.6,,13,24.6,13,0.251,13,302.7394435,302739.4435
2019,5,9,13,0,236,24.3,,14,24.3,14,0.236,14,303.481992,303481.992
2019,5,9,14,0,398,23.9,,15,23.9,15,0.398,15,314.1737784,314173.7784
2019,5,9,15,0,126,23.6,,16,23.6,16,0.126,16,302.9226957,302922.6957
2019,5,9,16,0,50,23.2,,17,23.2,17,0.05,17,295.7653912,295765.3912
2019,5,9,17,0,43,23,,18,23,18,0.043,18,287.4679732,287467.9732
2019,5,9,18,0,11,22.8,,19,22.8,19,0.011,19,268.8957678,268895.7678
2019,5,9,19,0,0,22.8,,20,22.8,20,0,20,283.048228,283048.228
2019,5,9,20,0,0,22.9,,21,22.9,21,0,21,282.2124936,282212.4936
2019,5,9,21,0,0,23,,22,23,22,0,22,308.3229018,308322.9018
2019,5,9,22,0,0,23,,23,23,23,0,23,317.4903309,317490.3309
2019,5,9,23,0,0,23,,24,23,24,0,24,323.4704137,323470.4137
2019,5,10,0,0,0,23,,1,23,1,0,1,290.2893898,290289.3898
2019,5,10,1,0,0,23,,2,23,2,0,2,264.5217452,264521.7452
2019,5,10,2,0,0,23.1,,3,23.1,3,0,3,231.3409821,231340.9821
2019,5,10,3,0,0,23.1,,4,23.1,4,0,4,204.0209542,204020.9542
2019,5,10,4,0,0,23,,5,23,5,0,5,202.1098974,202109.8974
2019,5,10,5,0,0,23.1,,6,23.1,6,0,6,195.362938,195362.938
2019,5,10,6,0,21,23.6,,7,23.6,7,0.021,7,192.3090268,192309.0268
2019,5,10,7,0,122,24,,8,24,8,0.122,8,196.5675237,196567.5237
2019,5,10,8,0,238,24.3,,9,24.3,9,0.238,9,202.5971631,202597.1631
2019,5,10,9,0,505,24.5,,10,24.5,10,0.505,10,242.7770365,242777.0365
2019,5,10,10,0,225,24.7,,11,24.7,11,0.225,11,266.7801339,266780.1339
2019,5,10,11,0,143,25.1,,12,25.1,12,0.143,12,297.9696517,297969.6517
2019,5,10,12,0,461,25.3,,13,25.3,13,0.461,13,307.6203477,307620.3477
2019,5,10,13,0,356,25.4,,14,25.4,14,0.356,14,308.8517411,308851.7411
2019,5,10,14,0,272,25.3,,15,25.3,15,0.272,15,288.8099659,288809.9659
2019,5,10,15,0,262,25.1,,16,25.1,16,0.262,16,303.6591393,303659.1393
2019,5,10,16,0,97,24.8,,17,24.8,17,0.097,17,304.6453422,304645.3422
2019,5,10,17,0,73,24.4,,18,24.4,18,0.073,18,274.8212708,274821.2708
2019,5,10,18,0,36,24,,19,24,19,0.036,19,259.8600372,259860.0372
2019,5,10,19,0,0,23.8,,20,23.8,20,0,20,261.4114256,261411.4256
2019,5,10,20,0,0,23.8,,21,23.8,21,0,21,258.7437083,258743.7083
2019,5,10,21,0,0,23.8,,22,23.8,22,0,22,252.5869631,252586.9631
2019,5,10,22,0,0,23.9,,23,23.9,23,0,23,274.8956756,274895.6756
2019,5,10,23,0,0,23.9,,24,23.9,24,0,24,265.5757603,265575.7603
2019,5,11,0,0,0,23.9,,1,23.9,1,0,1,279.383753,279383.753
2019,5,11,1,0,0,23.9,,2,23.9,2,0,2,253.8432797,253843.2797
2019,5,11,2,0,0,23.9,,3,23.9,3,0,3,225.4273059,225427.3059
2019,5,11,3,0,0,23.9,,4,23.9,4,0,4,202.9212262,202921.2262
2019,5,11,4,0,0,24,,5,24,5,0,5,194.7385346,194738.5346
2019,5,11,5,0,0,24.2,,6,24.2,6,0,6,191.6944703,191694.4703
2019,5,11,6,0,96,25.1,,7,25.1,7,0.096,7,180.8241786,180824.1786
2019,5,11,7,0,177,25.7,,8,25.7,8,0.177,8,170.6705982,170670.5982
2019,5,11,8,0,451,26.3,,9,26.3,9,0.451,9,169.1741116,169174.1116
2019,5,11,9,0,424,26.8,,10,26.8,10,0.424,10,202.6216272,202621.6272
2019,5,11,10,0,418,27.1,,11,27.1,11,0.418,11,213.9223679,213922.3679
2019,5,11,11,0,552,27.3,,12,27.3,12,0.552,12,212.1392976,212139.2976
2019,5,11,12,0,633,27.3,,13,27.3,13,0.633,13,249.9228019,249922.8019
2019,5,11,13,0,332,27.1,,14,27.1,14,0.332,14,232.2200417,232220.0417
2019,5,11,14,0,439,26.9,,15,26.9,15,0.439,15,241.0183571,241018.3571
2019,5,11,15,0,282,26.5,,16,26.5,16,0.282,16,242.2486726,242248.6726
2019,5,11,16,0,335,26,,17,26,17,0.335,17,240.0918065,240091.8065
2019,5,11,17,0,93,25.6,,18,25.6,18,0.093,18,252.3185778,252318.5778
2019,5,11,18,0,22,25.1,,19,25.1,19,0.022,19,239.1680242,239168.0242
2019,5,11,19,0,0,24.9,,20,24.9,20,0,20,246.3775717,246377.5717
2019,5,11,20,0,0,24.9,,21,24.9,21,0,21,229.6175559,229617.5559
2019,5,11,21,0,0,24.9,,22,24.9,22,0,22,236.1871498,236187.1498
2019,5,11,22,0,0,24.9,,23,24.9,23,0,23,252.2344616,252234.4616
2019,5,11,23,0,0,24.9,,24,24.9,24,0,24,243.7254132,243725.4132
2019,5,12,0,0,0,24.8,,,,,,,,
2019,5,12,1,0,0,24.8,,,,,,,,
2019,5,12,2,0,0,24.8,,,,,,,,
2019,5,12,3,0,0,24.7,,,,,,,,
2019,5,12,4,0,0,24.7,,,,,,,,
2019,5,12,5,0,0,24.9,,,,,,,,
2019,5,12,6,0,93,25.8,,,,,,,,
2019,5,12,7,0,295,26.4,,,,,,,,
2019,5,12,8,0,505,27,,,,,,,,
2019,5,12,9,0,695,27.6,,,,,,,,
2019,5,12,10,0,845,28,,,,,,,,
2019,5,12,11,0,932,28.4,,,,,,,,
2019,5,12,12,0,957,28.6,,,,,,,,
2019,5,12,13,0,914,28.5,,,,,,,,
2019,5,12,14,0,784,28.3,,,,,,,,
2019,5,12,15,0,623,27.9,,,,,,,,
2019,5,12,16,0,331,27.3,,,,,,,,
2019,5,12,17,0,125,26.7,,,,,,,,
2019,5,12,18,0,20,26.2,,,,,,,,
2019,5,12,19,0,0,26.1,,,,,,,,
2019,5,12,20,0,0,26.1,,,,,,,,
2019,5,12,21,0,0,26.1,,,,,,,,
2019,5,12,22,0,0,26,,,,,,,,
2019,5,12,23,0,0,26,,,,,,,,
2019,5,13,0,0,0,25.9,,,,,,,,
2019,5,13,1,0,0,25.9,,,,,,,,
2019,5,13,2,0,0,25.8,,,,,,,,
2019,5,13,3,0,0,25.7,,,,,,,,
2019,5,13,4,0,0,25.7,,,,,,,,
2019,5,13,5,0,0,25.8,,,,,,,,
2019,5,13,6,0,99,26.5,,,,,,,,
2019,5,13,7,0,302,27,,,,,,,,
2019,5,13,8,0,512,27.6,,,,,,,,
2019,5,13,9,0,701,28.2,,,,,,,,
2019,5,13,10,0,849,28.7,,,,,,,,
2019,5,13,11,0,764,29.2,,,,,,,,
2019,5,13,12,0,950,29.5,,,,,,,,
2019,5,13,13,0,755,29.4,,,,,,,,
2019,5,13,14,0,597,29.1,,,,,,,,
2019,5,13,15,0,485,28.6,,,,,,,,
2019,5,13,16,0,438,28.1,,,,,,,,
2019,5,13,17,0,227,27.6,,,,,,,,
2019,5,13,18,0,42,26.9,,,,,,,,
2019,5,13,19,0,0,26.7,,,,,,,,
2019,5,13,20,0,0,26.5,,,,,,,,
2019,5,13,21,0,0,26.3,,,,,,,,
2019,5,13,22,0,0,26.2,,,,,,,,
2019,5,13,23,0,0,26,,,,,,,,
2019,5,14,0,0,0,25.9,,,,,,,,
2019,5,14,1,0,0,25.6,,,,,,,,
2019,5,14,2,0,0,25.4,,,,,,,,
2019,5,14,3,0,0,25,,,,,,,,
2019,5,14,4,0,0,24.6,,,,,,,,
2019,5,14,5,0,0,24.6,,,,,,,,
2019,5,14,6,0,95,25.4,,,,,,,,
2019,5,14,7,0,297,26.2,,,,,,,,
2019,5,14,8,0,457,27.2,,,,,,,,
2019,5,14,9,0,531,27.9,,,,,,,,
2019,5,14,10,0,470,28.5,,,,,,,,
2019,5,14,11,0,738,28.7,,,,,,,,
2019,5,14,12,0,596,28.6,,,,,,,,
2019,5,14,13,0,524,28.4,,,,,,,,
2019,5,14,14,0,404,28.1,,,,,,,,
2019,5,14,15,0,630,27.5,,,,,,,,
2019,5,14,16,0,434,26.9,,,,,,,,
2019,5,14,17,0,223,26.2,,,,,,,,
2019,5,14,18,0,38,25.4,,,,,,,,
2019,5,14,19,0,0,25,,,,,,,,
2019,5,14,20,0,0,24.8,,,,,,,,
2019,5,14,21,0,0,24.7,,,,,,,,
2019,5,14,22,0,0,24.6,,,,,,,,
2019,5,14,23,0,0,24.6,,,,,,,,
2019,5,15,0,0,0,24.5,,,,,,,,
2019,5,15,1,0,0,24.5,,,,,,,,
2019,5,15,2,0,0,24.5,,,,,,,,
2019,5,15,3,0,0,24.6,,,,,,,,
2019,5,15,4,0,0,24.8,,,,,,,,
2019,5,15,5,0,0,24.9,,,,,,,,
2019,5,15,6,0,23,25.6,,,,,,,,
2019,5,15,7,0,79,26.7,,,,,,,,
2019,5,15,8,0,44,27.5,,,,,,,,
2019,5,15,9,0,274,28.2,,,,,,,,
2019,5,15,10,0,328,28.5,,,,,,,,
2019,5,15,11,0,446,28.8,,,,,,,,
2019,5,15,12,0,350,28.8,,,,,,,,
2019,5,15,13,0,455,28.5,,,,,,,,
2019,5,15,14,0,286,28.1,,,,,,,,
2019,5,15,15,0,253,27.7,,,,,,,,
2019,5,15,16,0,122,27.3,,,,,,,,
2019,5,15,17,0,77,27,,,,,,,,
2019,5,15,18,0,32,26.6,,,,,,,,
2019,5,15,19,0,0,26.4,,,,,,,,
2019,5,15,20,0,0,26.3,,,,,,,,
2019,5,15,21,0,0,26.2,,,,,,,,
2019,5,15,22,0,0,26.2,,,,,,,,
2019,5,15,23,0,0,26.1,,,,,,,,
2019,5,16,0,0,0,26.2,,,,,,,,
2019,5,16,1,0,0,26.1,,,,,,,,
2019,5,16,2,0,0,26.1,,,,,,,,
2019,5,16,3,0,0,26,,,,,,,,
2019,5,16,4,0,0,25.9,,,,,,,,
2019,5,16,5,0,0,26.1,,,,,,,,
2019,5,16,6,0,63,27.1,,,,,,,,
2019,5,16,7,0,160,28,,,,,,,,
2019,5,16,8,0,289,28.2,,,,,,,,
2019,5,16,9,0,525,28.2,,,,,,,,
2019,5,16,10,0,701,28.3,,,,,,,,
2019,5,16,11,0,413,28.6,,,,,,,,
2019,5,16,12,0,306,28.5,,,,,,,,
2019,5,16,13,0,423,28.1,,,,,,,,
2019,5,16,14,0,369,27.9,,,,,,,,
2019,5,16,15,0,178,27.8,,,,,,,,
2019,5,16,16,0,262,27.8,,,,,,,,
2019,5,16,17,0,160,27.7,,,,,,,,
2019,5,16,18,0,23,27.2,,,,,,,,
2019,5,16,19,0,0,27,,,,,,,,
2019,5,16,20,0,0,26.7,,,,,,,,
2019,5,16,21,0,0,26.5,,,,,,,,
2019,5,16,22,0,0,26.4,,,,,,,,
2019,5,16,23,0,0,26.4,,,,,,,,
2019,5,17,0,0,0,26.3,,,,,,,,
2019,5,17,1,0,0,26.3,,,,,,,,
2019,5,17,2,0,0,26.2,,,,,,,,
2019,5,17,3,0,0,26.2,,,,,,,,
2019,5,17,4,0,0,26.1,,,,,,,,
2019,5,17,5,0,0,26.1,,,,,,,,
2019,5,17,6,0,6,26.4,,,,,,,,
2019,5,17,7,0,15,26.7,,,,,,,,
2019,5,17,8,0,36,27,,,,,,,,
2019,5,17,9,0,51,27.6,,,,,,,,
2019,5,17,10,0,72,28,,,,,,,,
2019,5,17,11,0,90,28.1,,,,,,,,
2019,5,17,12,0,111,28,,,,,,,,
2019,5,17,13,0,201,28.1,,,,,,,,
2019,5,17,14,0,58,28.3,,,,,,,,
2019,5,17,15,0,518,28.4,,,,,,,,
2019,5,17,16,0,396,28.3,,,,,,,,
2019,5,17,17,0,198,28,,,,,,,,
2019,5,17,18,0,28,27.6,,,,,,,,
2019,5,17,19,0,0,27.2,,,,,,,,
2019,5,17,20,0,0,27,,,,,,,,
2019,5,17,21,0,0,26.7,,,,,,,,
2019,5,17,22,0,0,26.5,,,,,,,,
2019,5,17,23,0,0,26.4,,,,,,,,
2019,5,18,0,0,0,26.4,,,,,,,,
2019,5,18,1,0,0,26.3,,,,,,,,
2019,5,18,2,0,0,26.3,,,,,,,,
2019,5,18,3,0,0,26.3,,,,,,,,
2019,5,18,4,0,0,26.2,,,,,,,,
2019,5,18,5,0,0,26.3,,,,,,,,
2019,5,18,6,0,103,27.1,,,,,,,,
2019,5,18,7,0,304,27.9,,,,,,,,
2019,5,18,8,0,514,28.9,,,,,,,,
2019,5,18,9,0,604,29.7,,,,,,,,
2019,5,18,10,0,470,30.4,,,,,,,,
2019,5,18,11,0,307,30.7,,,,,,,,
2019,5,18,12,0,586,30.7,,,,,,,,
2019,5,18,13,0,299,30.3,,,,,,,,
2019,5,18,14,0,256,29.9,,,,,,,,
2019,5,18,15,0,278,29.5,,,,,,,,
2019,5,18,16,0,368,28.9,,,,,,,,
2019,5,18,17,0,181,28.3,,,,,,,,
2019,5,18,18,0,49,27.7,,,,,,,,
2019,5,18,19,0,0,27.3,,,,,,,,
2019,5,18,20,0,0,27.2,,,,,,,,
2019,5,18,21,0,0,27,,,,,,,,
2019,5,18,22,0,0,26.9,,,,,,,,
2019,5,18,23,0,0,26.8,,,,,,,,
2019,5,19,0,0,0,26.8,,,,,,,,
2019,5,19,1,0,0,26.7,,,,,,,,
2019,5,19,2,0,0,26.6,,,,,,,,
2019,5,19,3,0,0,26.4,,,,,,,,
2019,5,19,4,0,0,26.4,,,,,,,,
2019,5,19,5,0,0,26.5,,,,,,,,
2019,5,19,6,0,107,27.3,,,,,,,,
2019,5,19,7,0,312,28,,,,,,,,
2019,5,19,8,0,525,28.6,,,,,,,,
2019,5,19,9,0,713,29.1,,,,,,,,
2019,5,19,10,0,592,29.6,,,,,,,,
2019,5,19,11,0,184,30,,,,,,,,
2019,5,19,12,0,524,30.2,,,,,,,,
2019,5,19,13,0,534,30.3,,,,,,,,
2019,5,19,14,0,404,30.3,,,,,,,,
2019,5,19,15,0,604,30.1,,,,,,,,
2019,5,19,16,0,410,29.6,,,,,,,,
2019,5,19,17,0,234,29.1,,,,,,,,
2019,5,19,18,0,45,28.3,,,,,,,,
2019,5,19,19,0,0,28,,,,,,,,
2019,5,19,20,0,0,27.9,,,,,,,,
2019,5,19,21,0,0,27.8,,,,,,,,
2019,5,19,22,0,0,27.7,,,,,,,,
2019,5,19,23,0,0,27.6,,,,,,,,
2019,5,20,0,0,0,27.5,,,,,,,,
2019,5,20,1,0,0,27.2,,,,,,,,
2019,5,20,2,0,0,27.1,,,,,,,,
2019,5,20,3,0,0,27.2,,,,,,,,
2019,5,20,4,0,0,27.5,,,,,,,,
2019,5,20,5,0,0,27.3,,,,,,,,
2019,5,20,6,0,8,27.7,,,,,,,,
2019,5,20,7,0,15,28.2,,,,,,,,
2019,5,20,8,0,30,28,,,,,,,,
2019,5,20,9,0,51,27,,,,,,,,
2019,5,20,10,0,73,26,,,,,,,,
2019,5,20,11,0,90,25.2,,,,,,,,
2019,5,20,12,0,94,24.7,,,,,,,,
2019,5,20,13,0,89,24.6,,,,,,,,
2019,5,20,14,0,69,24.7,,,,,,,,
2019,5,20,15,0,46,24.5,,,,,,,,
2019,5,20,16,0,27,24.2,,,,,,,,
2019,5,20,17,0,81,23.9,,,,,,,,
2019,5,20,18,0,24,23.7,,,,,,,,
2019,5,20,19,0,0,23.6,,,,,,,,
2019,5,20,20,0,0,23.6,,,,,,,,
2019,5,20,21,0,0,23.7,,,,,,,,
2019,5,20,22,0,0,23.8,,,,,,,,
2019,5,20,23,0,0,23.8,,,,,,,,
2019,5,21,0,0,0,23.7,,,,,,,,
2019,5,21,1,0,0,23.7,,,,,,,,
2019,5,21,2,0,0,23.7,,,,,,,,
2019,5,21,3,0,0,23.5,,,,,,,,
2019,5,21,4,0,0,23.4,,,,,,,,
2019,5,21,5,0,0,23.2,,,,,,,,
2019,5,21,6,0,54,23.7,,,,,,,,
2019,5,21,7,0,131,24.1,,,,,,,,
2019,5,21,8,0,245,24.4,,,,,,,,
2019,5,21,9,0,295,24.8,,,,,,,,
2019,5,21,10,0,454,25.1,,,,,,,,
2019,5,21,11,0,646,25.3,,,,,,,,
2019,5,21,12,0,799,25.4,,,,,,,,
2019,5,21,13,0,695,25.4,,,,,,,,
2019,5,21,14,0,452,25.3,,,,,,,,
2019,5,21,15,0,190,25,,,,,,,,
2019,5,21,16,0,242,24.6,,,,,,,,
2019,5,21,17,0,169,24,,,,,,,,
2019,5,21,18,0,50,23.5,,,,,,,,
2019,5,21,19,0,0,23.4,,,,,,,,
2019,5,21,20,0,0,23.4,,,,,,,,
2019,5,21,21,0,0,23.4,,,,,,,,
2019,5,21,22,0,0,23.4,,,,,,,,
2019,5,21,23,0,0,23.4,,,,,,,,
2019,5,22,0,0,0,23.5,,,,,,,,
2019,5,22,1,0,0,23.6,,,,,,,,
2019,5,22,2,0,0,23.7,,,,,,,,
2019,5,22,3,0,0,23.7,,,,,,,,
2019,5,22,4,0,0,23.8,,,,,,,,
2019,5,22,5,0,0,23.8,,,,,,,,
2019,5,22,6,0,27,24.6,,,,,,,,
2019,5,22,7,0,65,25.3,,,,,,,,
2019,5,22,8,0,123,26,,,,,,,,
2019,5,22,9,0,170,26.6,,,,,,,,
2019,5,22,10,0,392,27.1,,,,,,,,
2019,5,22,11,0,432,27.3,,,,,,,,
2019,5,22,12,0,320,27.2,,,,,,,,
2019,5,22,13,0,179,26.9,,,,,,,,
2019,5,22,14,0,127,26.3,,,,,,,,
2019,5,22,15,0,226,25.5,,,,,,,,
2019,5,22,16,0,90,24.9,,,,,,,,
2019,5,22,17,0,102,24.6,,,,,,,,
2019,5,22,18,0,23,24.4,,,,,,,,
2019,5,22,19,0,0,24.4,,,,,,,,
2019,5,22,20,0,0,24.5,,,,,,,,
2019,5,22,21,0,0,24.6,,,,,,,,
2019,5,22,22,0,0,24.7,,,,,,,,
2019,5,22,23,0,0,24.8,,,,,,,,
2019,5,23,0,0,0,24.7,,,,,,,,
2019,5,23,1,0,0,24.5,,,,,,,,
2019,5,23,2,0,0,24.3,,,,,,,,
2019,5,23,3,0,0,24,,,,,,,,
2019,5,23,4,0,0,23.7,,,,,,,,
2019,5,23,5,0,0,23.1,,,,,,,,
2019,5,23,6,0,22,23.2,,,,,,,,
2019,5,23,7,0,64,23.2,,,,,,,,
2019,5,23,8,0,187,23.3,,,,,,,,
2019,5,23,9,0,70,23.6,,,,,,,,
2019,5,23,10,0,85,24.1,,,,,,,,
2019,5,23,11,0,85,24.7,,,,,,,,
2019,5,23,12,0,250,25.2,,,,,,,,
2019,5,23,13,0,817,25.4,,,,,,,,
2019,5,23,14,0,620,25.6,,,,,,,,
2019,5,23,15,0,637,25.6,,,,,,,,
2019,5,23,16,0,446,25.4,,,,,,,,
2019,5,23,17,0,238,25.1,,,,,,,,
2019,5,23,18,0,52,24.7,,,,,,,,
2019,5,23,19,0,0,24.5,,,,,,,,
2019,5,23,20,0,0,24.5,,,,,,,,
2019,5,23,21,0,0,24.5,,,,,,,,
2019,5,23,22,0,0,24.5,,,,,,,,
2019,5,23,23,0,0,24.5,,,,,,,,
2019,5,24,0,0,0,24.5,,,,,,,,
2019,5,24,1,0,0,24.4,,,,,,,,
2019,5,24,2,0,0,24.4,,,,,,,,
2019,5,24,3,0,0,24.4,,,,,,,,
2019,5,24,4,0,0,24.4,,,,,,,,
2019,5,24,5,0,0,24.5,,,,,,,,
2019,5,24,6,0,112,25.2,,,,,,,,
2019,5,24,7,0,317,26,,,,,,,,
2019,5,24,8,0,528,26.7,,,,,,,,
2019,5,24,9,0,715,27.3,,,,,,,,
2019,5,24,10,0,860,27.8,,,,,,,,
2019,5,24,11,0,955,28.2,,,,,,,,
2019,5,24,12,0,975,28.4,,,,,,,,
2019,5,24,13,0,928,28.4,,,,,,,,
2019,5,24,14,0,403,28.3,,,,,,,,
2019,5,24,15,0,652,28,,,,,,,,
2019,5,24,16,0,454,27.6,,,,,,,,
2019,5,24,17,0,242,27.1,,,,,,,,
2019,5,24,18,0,39,26.5,,,,,,,,
2019,5,24,19,0,0,26.2,,,,,,,,
2019,5,24,20,0,0,26.1,,,,,,,,
2019,5,24,21,0,0,26,,,,,,,,
2019,5,24,22,0,0,25.9,,,,,,,,
2019,5,24,23,0,0,25.8,,,,,,,,
2019,5,25,0,0,0,25.6,,,,,,,,
2019,5,25,1,0,0,25.5,,,,,,,,
2019,5,25,2,0,0,25.4,,,,,,,,
2019,5,25,3,0,0,25.4,,,,,,,,
2019,5,25,4,0,0,25.3,,,,,,,,
2019,5,25,5,0,0,25.4,,,,,,,,
2019,5,25,6,0,102,26.1,,,,,,,,
2019,5,25,7,0,297,26.8,,,,,,,,
2019,5,25,8,0,496,27.4,,,,,,,,
2019,5,25,9,0,674,27.8,,,,,,,,
2019,5,25,10,0,703,28,,,,,,,,
2019,5,25,11,0,802,28.3,,,,,,,,
2019,5,25,12,0,896,28.4,,,,,,,,
2019,5,25,13,0,859,28.4,,,,,,,,
2019,5,25,14,0,778,28.1,,,,,,,,
2019,5,25,15,0,585,27.7,,,,,,,,
2019,5,25,16,0,238,27.3,,,,,,,,
2019,5,25,17,0,159,26.9,,,,,,,,
2019,5,25,18,0,8,26.5,,,,,,,,
2019,5,25,19,0,0,26.3,,,,,,,,
2019,5,25,20,0,0,26.2,,,,,,,,
2019,5,25,21,0,0,26.1,,,,,,,,
2019,5,25,22,0,0,26,,,,,,,,
2019,5,25,23,0,0,25.9,,,,,,,,
2019,5,26,0,0,0,25.7,,,,,,,,
2019,5,26,1,0,0,25.5,,,,,,,,
2019,5,26,2,0,0,25.4,,,,,,,,
2019,5,26,3,0,0,25.3,,,,,,,,
2019,5,26,4,0,0,25.2,,,,,,,,
2019,5,26,5,0,0,25.4,,,,,,,,
2019,5,26,6,0,86,26.4,,,,,,,,
2019,5,26,7,0,277,27.4,,,,,,,,
2019,5,26,8,0,505,28,,,,,,,,
2019,5,26,9,0,623,28.5,,,,,,,,
2019,5,26,10,0,697,28.7,,,,,,,,
2019,5,26,11,0,755,28.8,,,,,,,,
2019,5,26,12,0,845,28.8,,,,,,,,
2019,5,26,13,0,737,28.8,,,,,,,,
2019,5,26,14,0,661,28.6,,,,,,,,
2019,5,26,15,0,476,28.2,,,,,,,,
2019,5,26,16,0,266,27.8,,,,,,,,
2019,5,26,17,0,149,27.4,,,,,,,,
2019,5,26,18,0,37,27.1,,,,,,,,
2019,5,26,19,0,0,26.9,,,,,,,,
2019,5,26,20,0,0,26.9,,,,,,,,
2019,5,26,21,0,0,26.9,,,,,,,,
2019,5,26,22,0,0,26.9,,,,,,,,
2019,5,26,23,0,0,26.8,,,,,,,,
2019,5,27,0,0,0,26.8,,,,,,,,
2019,5,27,1,0,0,26.7,,,,,,,,
2019,5,27,2,0,0,26.7,,,,,,,,
2019,5,27,3,0,0,26.6,,,,,,,,
2019,5,27,4,0,0,26.5,,,,,,,,
2019,5,27,5,0,0,26.5,,,,,,,,
2019,5,27,6,0,57,27,,,,,,,,
2019,5,27,7,0,189,27.5,,,,,,,,
2019,5,27,8,0,242,27.9,,,,,,,,
2019,5,27,9,0,345,28.1,,,,,,,,
2019,5,27,10,0,620,28.1,,,,,,,,
2019,5,27,11,0,707,28.1,,,,,,,,
2019,5,27,12,0,513,28.1,,,,,,,,
2019,5,27,13,0,331,28,,,,,,,,
2019,5,27,14,0,91,27.8,,,,,,,,
2019,5,27,15,0,166,27.5,,,,,,,,
2019,5,27,16,0,380,27.4,,,,,,,,
2019,5,27,17,0,229,27.2,,,,,,,,
2019,5,27,18,0,49,27,,,,,,,,
2019,5,27,19,0,0,26.9,,,,,,,,
2019,5,27,20,0,0,26.9,,,,,,,,
2019,5,27,21,0,0,26.9,,,,,,,,
2019,5,27,22,0,0,27.1,,,,,,,,
2019,5,27,23,0,0,27,,,,,,,,
2019,5,28,0,0,0,26.7,,,,,,,,
2019,5,28,1,0,0,26.6,,,,,,,,
2019,5,28,2,0,0,26.5,,,,,,,,
2019,5,28,3,0,0,26.4,,,,,,,,
2019,5,28,4,0,0,26.3,,,,,,,,
2019,5,28,5,0,0,26.4,,,,,,,,
2019,5,28,6,0,28,27,,,,,,,,
2019,5,28,7,0,105,27.2,,,,,,,,
2019,5,28,8,0,31,27.3,,,,,,,,
2019,5,28,9,0,51,27.2,,,,,,,,
2019,5,28,10,0,99,27.1,,,,,,,,
2019,5,28,11,0,90,26.8,,,,,,,,
2019,5,28,12,0,293,26.3,,,,,,,,
2019,5,28,13,0,369,25.7,,,,,,,,
2019,5,28,14,0,156,25.1,,,,,,,,
2019,5,28,15,0,214,24.8,,,,,,,,
2019,5,28,16,0,273,24.6,,,,,,,,
2019,5,28,17,0,60,24.3,,,,,,,,
2019,5,28,18,0,11,24,,,,,,,,
2019,5,28,19,0,0,23.8,,,,,,,,
2019,5,28,20,0,0,23.6,,,,,,,,
2019,5,28,21,0,0,23.3,,,,,,,,
2019,5,28,22,0,0,23.1,,,,,,,,
2019,5,28,23,0,0,22.9,,,,,,,,
2019,5,29,0,0,0,22.7,,,,,,,,
2019,5,29,1,0,0,22.6,,,,,,,,
2019,5,29,2,0,0,22.5,,,,,,,,
2019,5,29,3,0,0,22.5,,,,,,,,
2019,5,29,4,0,0,22.5,,,,,,,,
2019,5,29,5,0,0,22.5,,,,,,,,
2019,5,29,6,0,52,22.7,,,,,,,,
2019,5,29,7,0,106,22.9,,,,,,,,
2019,5,29,8,0,222,23.1,,,,,,,,
2019,5,29,9,0,224,23.3,,,,,,,,
2019,5,29,10,0,232,23.5,,,,,,,,
2019,5,29,11,0,186,23.5,,,,,,,,
2019,5,29,12,0,250,23.5,,,,,,,,
2019,5,29,13,0,162,23.5,,,,,,,,
2019,5,29,14,0,300,23.5,,,,,,,,
2019,5,29,15,0,149,23.4,,,,,,,,
2019,5,29,16,0,138,23.3,,,,,,,,
2019,5,29,17,0,95,23.2,,,,,,,,
2019,5,29,18,0,19,23,,,,,,,,
2019,5,29,19,0,0,22.9,,,,,,,,
2019,5,29,20,0,0,23,,,,,,,,
2019,5,29,21,0,0,23.1,,,,,,,,
2019,5,29,22,0,0,23.2,,,,,,,,
2019,5,29,23,0,0,23.3,,,,,,,,
2019,5,30,0,0,0,23.4,,,,,,,,
2019,5,30,1,0,0,23.5,,,,,,,,
2019,5,30,2,0,0,23.7,,,,,,,,
2019,5,30,3,0,0,23.8,,,,,,,,
2019,5,30,4,0,0,24,,,,,,,,
2019,5,30,5,0,0,24.3,,,,,,,,
2019,5,30,6,0,60,25,,,,,,,,
2019,5,30,7,0,167,25.6,,,,,,,,
2019,5,30,8,0,294,26.1,,,,,,,,
2019,5,30,9,0,457,26.7,,,,,,,,
2019,5,30,10,0,736,27.2,,,,,,,,
2019,5,30,11,0,929,27.6,,,,,,,,
2019,5,30,12,0,831,27.9,,,,,,,,
2019,5,30,13,0,641,27.9,,,,,,,,
2019,5,30,14,0,156,27.9,,,,,,,,
2019,5,30,15,0,59,27.7,,,,,,,,
2019,5,30,16,0,328,27.4,,,,,,,,
2019,5,30,17,0,181,27.1,,,,,,,,
2019,5,30,18,0,60,26.6,,,,,,,,
2019,5,30,19,0,0,26.4,,,,,,,,
2019,5,30,20,0,0,26.4,,,,,,,,
2019,5,30,21,0,0,26.4,,,,,,,,
2019,5,30,22,0,0,26.5,,,,,,,,
2019,5,30,23,0,0,26.5,,,,,,,,
2019,5,31,0,0,0,26.4,,,,,,,,
2019,5,31,1,0,0,26.3,,,,,,,,
2019,5,31,2,0,0,26,,,,,,,,
2019,5,31,3,0,0,25.9,,,,,,,,
2019,5,31,4,0,0,25.8,,,,,,,,
2019,5,31,5,0,0,25.8,,,,,,,,
2019,5,31,6,0,106,26.1,,,,,,,,
2019,5,31,7,0,302,26.5,,,,,,,,
2019,5,31,8,0,503,27.1,,,,,,,,
2019,5,31,9,0,682,27.5,,,,,,,,
2019,5,31,10,0,825,27.7,,,,,,,,
2019,5,31,11,0,932,27.7,,,,,,,,
2019,5,31,12,0,690,27.6,,,,,,,,
2019,5,31,13,0,654,27.5,,,,,,,,
2019,5,31,14,0,283,27.5,,,,,,,,
2019,5,31,15,0,300,27.3,,,,,,,,
2019,5,31,16,0,206,26.9,,,,,,,,
2019,5,31,17,0,60,26.6,,,,,,,,
2019,5,31,18,0,21,26.3,,,,,,,,
2019,5,31,19,0,0,26.2,,,,,,,,
2019,5,31,20,0,0,26.1,,,,,,,,
2019,5,31,21,0,0,26.1,,,,,,,,
2019,5,31,22,0,0,26.1,,,,,,,,
2019,5,31,23,0,0,26,,,,,,,,
2019,6,1,0,0,0,26,,,,,,,,
2019,6,1,1,0,0,26,,,,,,,,
2019,6,1,2,0,0,26,,,,,,,,
2019,6,1,3,0,0,26.1,,,,,,,,
2019,6,1,4,0,0,26.2,,,,,,,,
2019,6,1,5,0,0,26.3,,,,,,,,
2019,6,1,6,0,53,26.8,,,,,,,,
2019,6,1,7,0,167,27.2,,,,,,,,
2019,6,1,8,0,325,27.5,,,,,,,,
2019,6,1,9,0,300,27.9,,,,,,,,
2019,6,1,10,0,362,28.2,,,,,,,,
2019,6,1,11,0,442,28.3,,,,,,,,
2019,6,1,12,0,621,28.3,,,,,,,,
2019,6,1,13,0,577,28.2,,,,,,,,
2019,6,1,14,0,422,28,,,,,,,,
2019,6,1,15,0,453,27.9,,,,,,,,
2019,6,1,16,0,86,27.7,,,,,,,,
2019,6,1,17,0,35,27.4,,,,,,,,
2019,6,1,18,0,5,27.1,,,,,,,,
2019,6,1,19,0,0,26.8,,,,,,,,
2019,6,1,20,0,0,26.6,,,,,,,,
2019,6,1,21,0,0,26.6,,,,,,,,
2019,6,1,22,0,0,26.5,,,,,,,,
2019,6,1,23,0,0,26.5,,,,,,,,
2019,6,2,0,0,0,26.5,,,,,,,,
2019,6,2,1,0,0,26.5,,,,,,,,
2019,6,2,2,0,0,26.4,,,,,,,,
2019,6,2,3,0,0,26.5,,,,,,,,
2019,6,2,4,0,0,26.5,,,,,,,,
2019,6,2,5,0,0,26.7,,,,,,,,
2019,6,2,6,0,9,27.2,,,,,,,,
2019,6,2,7,0,92,27.6,,,,,,,,
2019,6,2,8,0,288,28.2,,,,,,,,
2019,6,2,9,0,645,28.9,,,,,,,,
2019,6,2,10,0,719,29.6,,,,,,,,
2019,6,2,11,0,816,30,,,,,,,,
2019,6,2,12,0,898,30.2,,,,,,,,
2019,6,2,13,0,395,30.1,,,,,,,,
2019,6,2,14,0,199,29.8,,,,,,,,
2019,6,2,15,0,199,29.6,,,,,,,,
2019,6,2,16,0,191,29.3,,,,,,,,
2019,6,2,17,0,27,28.9,,,,,,,,
2019,6,2,18,0,33,28.2,,,,,,,,
2019,6,2,19,0,0,27.8,,,,,,,,
2019,6,2,20,0,0,27.6,,,,,,,,
2019,6,2,21,0,0,27.5,,,,,,,,
2019,6,2,22,0,0,27.4,,,,,,,,
2019,6,2,23,0,0,27.2,,,,,,,,
2019,6,3,0,0,0,27.1,,,,,,,,
2019,6,3,1,0,0,27.1,,,,,,,,
2019,6,3,2,0,0,26.9,,,,,,,,
2019,6,3,3,0,0,26.8,,,,,,,,
2019,6,3,4,0,0,26.7,,,,,,,,
2019,6,3,5,0,0,26.8,,,,,,,,
2019,6,3,6,0,121,27.5,,,,,,,,
2019,6,3,7,0,153,28.1,,,,,,,,
2019,6,3,8,0,139,28.9,,,,,,,,
2019,6,3,9,0,61,29.4,,,,,,,,
2019,6,3,10,0,501,29.9,,,,,,,,
2019,6,3,11,0,377,30.2,,,,,,,,
2019,6,3,12,0,626,30.3,,,,,,,,
2019,6,3,13,0,139,30.3,,,,,,,,
2019,6,3,14,0,413,30.2,,,,,,,,
2019,6,3,15,0,247,29.8,,,,,,,,
2019,6,3,16,0,378,29.3,,,,,,,,
2019,6,3,17,0,146,28.7,,,,,,,,
2019,6,3,18,0,17,28.1,,,,,,,,
2019,6,3,19,0,0,27.7,,,,,,,,
2019,6,3,20,0,0,27.4,,,,,,,,
2019,6,3,21,0,0,27.3,,,,,,,,
2019,6,3,22,0,0,27.3,,,,,,,,
2019,6,3,23,0,0,27.4,,,,,,,,
2019,6,4,0,0,0,27.5,,,,,,,,
2019,6,4,1,0,0,27.5,,,,,,,,
2019,6,4,2,0,0,27.3,,,,,,,,
2019,6,4,3,0,0,27.1,,,,,,,,
2019,6,4,4,0,0,26.9,,,,,,,,
2019,6,4,5,0,0,26.9,,,,,,,,
2019,6,4,6,0,89,27.4,,,,,,,,
2019,6,4,7,0,243,27.9,,,,,,,,
2019,6,4,8,0,87,28.5,,,,,,,,
2019,6,4,9,0,61,28.9,,,,,,,,
2019,6,4,10,0,138,29.2,,,,,,,,
2019,6,4,11,0,109,29.4,,,,,,,,
2019,6,4,12,0,99,29.5,,,,,,,,
2019,6,4,13,0,196,29.5,,,,,,,,
2019,6,4,14,0,665,29.4,,,,,,,,
2019,6,4,15,0,403,29.3,,,,,,,,
2019,6,4,16,0,448,29.1,,,,,,,,
2019,6,4,17,0,245,28.8,,,,,,,,
2019,6,4,18,0,61,28.4,,,,,,,,
2019,6,4,19,0,0,28.2,,,,,,,,
2019,6,4,20,0,0,27.8,,,,,,,,
2019,6,4,21,0,0,27.6,,,,,,,,
2019,6,4,22,0,0,27.4,,,,,,,,
2019,6,4,23,0,0,27.2,,,,,,,,
2019,6,5,0,0,0,27,,,,,,,,
2019,6,5,1,0,0,27,,,,,,,,
2019,6,5,2,0,0,27,,,,,,,,
2019,6,5,3,0,0,27,,,,,,,,
2019,6,5,4,0,0,27,,,,,,,,
2019,6,5,5,0,0,26.9,,,,,,,,
2019,6,5,6,0,116,27.9,,,,,,,,
2019,6,5,7,0,317,28.9,,,,,,,,
2019,6,5,8,0,523,29.6,,,,,,,,
2019,6,5,9,0,703,30,,,,,,,,
2019,6,5,10,0,838,30.2,,,,,,,,
2019,6,5,11,0,740,30.3,,,,,,,,
2019,6,5,12,0,956,30.4,,,,,,,,
2019,6,5,13,0,909,30.3,,,,,,,,
2019,6,5,14,0,203,30.1,,,,,,,,
2019,6,5,15,0,653,29.9,,,,,,,,
2019,6,5,16,0,315,29.7,,,,,,,,
2019,6,5,17,0,94,29.4,,,,,,,,
2019,6,5,18,0,68,29,,,,,,,,
2019,6,5,19,0,0,28.7,,,,,,,,
2019,6,5,20,0,0,28.6,,,,,,,,
2019,6,5,21,0,0,28.5,,,,,,,,
2019,6,5,22,0,0,28.3,,,,,,,,
2019,6,5,23,0,0,28.1,,,,,,,,
2019,6,6,0,0,0,28,,,,,,,,
2019,6,6,1,0,0,28,,,,,,,,
2019,6,6,2,0,0,28,,,,,,,,
2019,6,6,3,0,0,27.9,,,,,,,,
2019,6,6,4,0,0,27.8,,,,,,,,
2019,6,6,5,0,0,27.9,,,,,,,,
2019,6,6,6,0,119,28.4,,,,,,,,
2019,6,6,7,0,307,29,,,,,,,,
2019,6,6,8,0,530,29.6,,,,,,,,
2019,6,6,9,0,714,30.1,,,,,,,,
2019,6,6,10,0,854,30.3,,,,,,,,
2019,6,6,11,0,433,30.5,,,,,,,,
2019,6,6,12,0,783,30.5,,,,,,,,
2019,6,6,13,0,337,30.4,,,,,,,,
2019,6,6,14,0,711,30.2,,,,,,,,
2019,6,6,15,0,122,29.9,,,,,,,,
2019,6,6,16,0,110,29.6,,,,,,,,
2019,6,6,17,0,42,29.3,,,,,,,,
2019,6,6,18,0,6,28.7,,,,,,,,
2019,6,6,19,0,0,28.4,,,,,,,,
2019,6,6,20,0,0,28.3,,,,,,,,
2019,6,6,21,0,0,28.3,,,,,,,,
2019,6,6,22,0,0,28.2,,,,,,,,
2019,6,6,23,0,0,28,,,,,,,,
2019,6,7,0,0,0,27.9,,,,,,,,
2019,6,7,1,0,0,27.8,,,,,,,,
2019,6,7,2,0,0,27.7,,,,,,,,
2019,6,7,3,0,0,27.6,,,,,,,,
2019,6,7,4,0,0,27.6,,,,,,,,
2019,6,7,5,0,0,27.7,,,,,,,,
2019,6,7,6,0,125,28.4,,,,,,,,
2019,6,7,7,0,310,28.9,,,,,,,,
2019,6,7,8,0,541,29.7,,,,,,,,
2019,6,7,9,0,650,30.3,,,,,,,,
2019,6,7,10,0,780,30.5,,,,,,,,
2019,6,7,11,0,468,30.7,,,,,,,,
2019,6,7,12,0,681,30.8,,,,,,,,
2019,6,7,13,0,719,30.7,,,,,,,,
2019,6,7,14,0,448,30.7,,,,,,,,
2019,6,7,15,0,491,30.4,,,,,,,,
2019,6,7,16,0,120,29.9,,,,,,,,
2019,6,7,17,0,138,29.5,,,,,,,,
2019,6,7,18,0,17,28.8,,,,,,,,
2019,6,7,19,0,0,28.5,,,,,,,,
2019,6,7,20,0,0,28.3,,,,,,,,
2019,6,7,21,0,0,28.2,,,,,,,,
2019,6,7,22,0,0,28,,,,,,,,
2019,6,7,23,0,0,27.9,,,,,,,,
2019,6,8,0,0,0,27.8,,,,,,,,
2019,6,8,1,0,0,27.6,,,,,,,,
2019,6,8,2,0,0,27.4,,,,,,,,
2019,6,8,3,0,0,27.3,,,,,,,,
2019,6,8,4,0,0,27.2,,,,,,,,
2019,6,8,5,0,0,27.3,,,,,,,,
2019,6,8,6,0,37,27.8,,,,,,,,
2019,6,8,7,0,204,28.3,,,,,,,,
2019,6,8,8,0,372,29.4,,,,,,,,
2019,6,8,9,0,467,30.3,,,,,,,,
2019,6,8,10,0,558,30.8,,,,,,,,
2019,6,8,11,0,596,31.1,,,,,,,,
2019,6,8,12,0,766,31.2,,,,,,,,
2019,6,8,13,0,766,31.3,,,,,,,,
2019,6,8,14,0,645,31.2,,,,,,,,
2019,6,8,15,0,464,31,,,,,,,,
2019,6,8,16,0,285,30.5,,,,,,,,
2019,6,8,17,0,146,30,,,,,,,,
2019,6,8,18,0,65,29.1,,,,,,,,
2019,6,8,19,0,0,28.5,,,,,,,,
2019,6,8,20,0,0,28.3,,,,,,,,
2019,6,8,21,0,0,28.1,,,,,,,,
2019,6,8,22,0,0,27.9,,,,,,,,
2019,6,8,23,0,0,27.7,,,,,,,,
2019,6,9,0,0,0,27.5,,,,,,,,
2019,6,9,1,0,0,27.4,,,,,,,,
2019,6,9,2,0,0,27.2,,,,,,,,
2019,6,9,3,0,0,27,,,,,,,,
2019,6,9,4,0,0,26.9,,,,,,,,
2019,6,9,5,0,0,27.1,,,,,,,,
2019,6,9,6,0,95,27.7,,,,,,,,
2019,6,9,7,0,164,28.3,,,,,,,,
2019,6,9,8,0,328,29,,,,,,,,
2019,6,9,9,0,589,29.5,,,,,,,,
2019,6,9,10,0,481,30,,,,,,,,
2019,6,9,11,0,753,30.3,,,,,,,,
2019,6,9,12,0,726,30.3,,,,,,,,
2019,6,9,13,0,657,30.3,,,,,,,,
2019,6,9,14,0,453,30.3,,,,,,,,
2019,6,9,15,0,285,30.2,,,,,,,,
2019,6,9,16,0,233,30.1,,,,,,,,
2019,6,9,17,0,47,29.7,,,,,,,,
2019,6,9,18,0,24,29,,,,,,,,
2019,6,9,19,0,0,28.6,,,,,,,,
2019,6,9,20,0,0,28.4,,,,,,,,
2019,6,9,21,0,0,28.4,,,,,,,,
2019,6,9,22,0,0,28.3,,,,,,,,
2019,6,9,23,0,0,28.2,,,,,,,,
2019,6,10,0,0,0,28.1,,,,,,,,
2019,6,10,1,0,0,27.9,,,,,,,,
2019,6,10,2,0,0,27.6,,,,,,,,
2019,6,10,3,0,0,27.4,,,,,,,,
2019,6,10,4,0,0,27.4,,,,,,,,
2019,6,10,5,0,0,27.3,,,,,,,,
2019,6,10,6,0,34,27.5,,,,,,,,
2019,6,10,7,0,63,27.8,,,,,,,,
2019,6,10,8,0,198,28.4,,,,,,,,
2019,6,10,9,0,190,29,,,,,,,,
2019,6,10,10,0,319,29.6,,,,,,,,
2019,6,10,11,0,229,29.9,,,,,,,,
2019,6,10,12,0,242,30.1,,,,,,,,
2019,6,10,13,0,171,30.1,,,,,,,,
2019,6,10,14,0,309,30,,,,,,,,
2019,6,10,15,0,185,29.7,,,,,,,,
2019,6,10,16,0,94,29.3,,,,,,,,
2019,6,10,17,0,13,28.7,,,,,,,,
2019,6,10,18,0,6,28.2,,,,,,,,
2019,6,10,19,0,0,27.9,,,,,,,,
2019,6,10,20,0,0,27.8,,,,,,,,
2019,6,10,21,0,0,27.8,,,,,,,,
2019,6,10,22,0,0,27.7,,,,,,,,
2019,6,10,23,0,0,27.6,,,,,,,,
2019,6,11,0,0,0,27.4,,,,,,,,
2019,6,11,1,0,0,27.3,,,,,,,,
2019,6,11,2,0,0,27.2,,,,,,,,
2019,6,11,3,0,0,27.1,,,,,,,,
2019,6,11,4,0,0,26.9,,,,,,,,
2019,6,11,5,0,0,26.9,,,,,,,,
2019,6,11,6,0,7,27.1,,,,,,,,
2019,6,11,7,0,16,27.2,,,,,,,,
2019,6,11,8,0,79,27.4,,,,,,,,
2019,6,11,9,0,246,27.7,,,,,,,,
2019,6,11,10,0,264,27.9,,,,,,,,
2019,6,11,11,0,189,27.7,,,,,,,,
2019,6,11,12,0,82,27.4,,,,,,,,
2019,6,11,13,0,98,27.4,,,,,,,,
2019,6,11,14,0,223,27.3,,,,,,,,
2019,6,11,15,0,50,27,,,,,,,,
2019,6,11,16,0,85,26.7,,,,,,,,
2019,6,11,17,0,71,26.4,,,,,,,,
2019,6,11,18,0,6,26,,,,,,,,
2019,6,11,19,0,0,25.8,,,,,,,,
2019,6,11,20,0,0,25.7,,,,,,,,
2019,6,11,21,0,0,25.7,,,,,,,,
2019,6,11,22,0,0,25.6,,,,,,,,
2019,6,11,23,0,0,25.5,,,,,,,,
2019,6,12,0,0,0,25.5,,,,,,,,
2019,6,12,1,0,0,25.4,,,,,,,,
2019,6,12,2,0,0,25.4,,,,,,,,
2019,6,12,3,0,0,25.4,,,,,,,,
2019,6,12,4,0,0,25.5,,,,,,,,
2019,6,12,5,0,0,25.6,,,,,,,,
2019,6,12,6,0,97,26,,,,,,,,
2019,6,12,7,0,99,26.3,,,,,,,,
2019,6,12,8,0,180,26.6,,,,,,,,
2019,6,12,9,0,414,27,,,,,,,,
2019,6,12,10,0,440,27.2,,,,,,,,
2019,6,12,11,0,507,27.2,,,,,,,,
2019,6,12,12,0,194,26.8,,,,,,,,
2019,6,12,13,0,226,26.5,,,,,,,,
2019,6,12,14,0,427,26.5,,,,,,,,
2019,6,12,15,0,249,26.4,,,,,,,,
2019,6,12,16,0,153,26.1,,,,,,,,
2019,6,12,17,0,79,25.7,,,,,,,,
2019,6,12,18,0,6,25.4,,,,,,,,
2019,6,12,19,0,0,25.2,,,,,,,,
2019,6,12,20,0,0,25.1,,,,,,,,
2019,6,12,21,0,0,25,,,,,,,,
2019,6,12,22,0,0,24.9,,,,,,,,
2019,6,12,23,0,0,25,,,,,,,,
2019,6,13,0,0,0,25.1,,,,,,,,
2019,6,13,1,0,0,25.2,,,,,,,,
2019,6,13,2,0,0,25.5,,,,,,,,
2019,6,13,3,0,0,25.5,,,,,,,,
2019,6,13,4,0,0,25.4,,,,,,,,
2019,6,13,5,0,0,25.4,,,,,,,,
2019,6,13,6,0,20,25.8,,,,,,,,
2019,6,13,7,0,20,26,,,,,,,,
2019,6,13,8,0,253,26.2,,,,,,,,
2019,6,13,9,0,244,26.5,,,,,,,,
2019,6,13,10,0,201,26.7,,,,,,,,
2019,6,13,11,0,271,27,,,,,,,,
2019,6,13,12,0,120,27.2,,,,,,,,
2019,6,13,13,0,135,27.5,,,,,,,,
2019,6,13,14,0,140,27.7,,,,,,,,
2019,6,13,15,0,278,27.9,,,,,,,,
2019,6,13,16,0,128,27.8,,,,,,,,
2019,6,13,17,0,24,27.6,,,,,,,,
2019,6,13,18,0,7,27.3,,,,,,,,
2019,6,13,19,0,0,27.2,,,,,,,,
2019,6,13,20,0,0,27.2,,,,,,,,
2019,6,13,21,0,0,27.2,,,,,,,,
2019,6,13,22,0,0,27.1,,,,,,,,
2019,6,13,23,0,0,27,,,,,,,,
2019,6,14,0,0,0,26.8,,,,,,,,
2019,6,14,1,0,0,26.6,,,,,,,,
2019,6,14,2,0,0,26.8,,,,,,,,
2019,6,14,3,0,0,27.2,,,,,,,,
2019,6,14,4,0,0,27.4,,,,,,,,
2019,6,14,5,0,0,27.2,,,,,,,,
2019,6,14,6,0,83,26.7,,,,,,,,
2019,6,14,7,0,25,26.3,,,,,,,,
2019,6,14,8,0,29,26,,,,,,,,
2019,6,14,9,0,303,26.1,,,,,,,,
2019,6,14,10,0,273,26.4,,,,,,,,
2019,6,14,11,0,264,26.6,,,,,,,,
2019,6,14,12,0,441,26.7,,,,,,,,
2019,6,14,13,0,492,26.5,,,,,,,,
2019,6,14,14,0,183,26.2,,,,,,,,
2019,6,14,15,0,329,26,,,,,,,,
2019,6,14,16,0,108,25.7,,,,,,,,
2019,6,14,17,0,28,25.5,,,,,,,,
2019,6,14,18,0,5,25.1,,,,,,,,
2019,6,14,19,0,0,24.9,,,,,,,,
2019,6,14,20,0,0,24.7,,,,,,,,
2019,6,14,21,0,0,24.6,,,,,,,,
2019,6,14,22,0,0,24.5,,,,,,,,
2019,6,14,23,0,0,24.3,,,,,,,,
2019,6,15,0,0,0,24.2,,,,,,,,
2019,6,15,1,0,0,24.2,,,,,,,,
2019,6,15,2,0,0,24.1,,,,,,,,
2019,6,15,3,0,0,24.1,,,,,,,,
2019,6,15,4,0,0,24.1,,,,,,,,
2019,6,15,5,0,0,24.4,,,,,,,,
2019,6,15,6,0,112,25.3,,,,,,,,
2019,6,15,7,0,311,25.8,,,,,,,,
2019,6,15,8,0,518,26.2,,,,,,,,
2019,6,15,9,0,703,26.6,,,,,,,,
2019,6,15,10,0,848,26.9,,,,,,,,
2019,6,15,11,0,969,27.1,,,,,,,,
2019,6,15,12,0,995,27.1,,,,,,,,
2019,6,15,13,0,953,27.1,,,,,,,,
2019,6,15,14,0,682,26.9,,,,,,,,
2019,6,15,15,0,692,26.6,,,,,,,,
2019,6,15,16,0,431,26.3,,,,,,,,
2019,6,15,17,0,284,25.8,,,,,,,,
2019,6,15,18,0,86,25.3,,,,,,,,
2019,6,15,19,0,0,25,,,,,,,,
2019,6,15,20,0,0,25,,,,,,,,
2019,6,15,21,0,0,25,,,,,,,,
2019,6,15,22,0,0,25,,,,,,,,
2019,6,15,23,0,0,25,,,,,,,,
2019,6,16,0,0,0,25,,,,,,,,
2019,6,16,1,0,0,25,,,,,,,,
2019,6,16,2,0,0,25,,,,,,,,
2019,6,16,3,0,0,25.1,,,,,,,,
2019,6,16,4,0,0,25.1,,,,,,,,
2019,6,16,5,0,0,25.5,,,,,,,,
2019,6,16,6,0,115,26.7,,,,,,,,
2019,6,16,7,0,314,27.5,,,,,,,,
2019,6,16,8,0,520,28.3,,,,,,,,
2019,6,16,9,0,668,28.9,,,,,,,,
2019,6,16,10,0,800,29.4,,,,,,,,
2019,6,16,11,0,797,29.7,,,,,,,,
2019,6,16,12,0,917,29.9,,,,,,,,
2019,6,16,13,0,858,29.9,,,,,,,,
2019,6,16,14,0,822,29.6,,,,,,,,
2019,6,16,15,0,666,29.2,,,,,,,,
2019,6,16,16,0,416,28.7,,,,,,,,
2019,6,16,17,0,266,28.2,,,,,,,,
2019,6,16,18,0,60,27.8,,,,,,,,
2019,6,16,19,0,0,27.5,,,,,,,,
2019,6,16,20,0,0,27.5,,,,,,,,
2019,6,16,21,0,0,27.4,,,,,,,,
2019,6,16,22,0,0,27.4,,,,,,,,
2019,6,16,23,0,0,27.2,,,,,,,,
2019,6,17,0,0,0,27,,,,,,,,
2019,6,17,1,0,0,26.8,,,,,,,,
2019,6,17,2,0,0,26.7,,,,,,,,
2019,6,17,3,0,0,26.7,,,,,,,,
2019,6,17,4,0,0,26.7,,,,,,,,
2019,6,17,5,0,0,26.9,,,,,,,,
2019,6,17,6,0,103,27.8,,,,,,,,
2019,6,17,7,0,295,28.8,,,,,,,,
2019,6,17,8,0,492,29.2,,,,,,,,
2019,6,17,9,0,666,29.4,,,,,,,,
2019,6,17,10,0,802,29.4,,,,,,,,
2019,6,17,11,0,806,29.5,,,,,,,,
2019,6,17,12,0,815,29.6,,,,,,,,
2019,6,17,13,0,854,29.8,,,,,,,,
2019,6,17,14,0,667,29.7,,,,,,,,
2019,6,17,15,0,403,29.5,,,,,,,,
2019,6,17,16,0,191,29.1,,,,,,,,
2019,6,17,17,0,140,28.7,,,,,,,,
2019,6,17,18,0,76,28.4,,,,,,,,
2019,6,17,19,0,0,28.1,,,,,,,,
2019,6,17,20,0,0,28.1,,,,,,,,
2019,6,17,21,0,0,28,,,,,,,,
2019,6,17,22,0,0,27.9,,,,,,,,
2019,6,17,23,0,0,27.8,,,,,,,,
2019,6,18,0,0,0,27.7,,,,,,,,
2019,6,18,1,0,0,27.7,,,,,,,,
2019,6,18,2,0,0,27.7,,,,,,,,
2019,6,18,3,0,0,27.7,,,,,,,,
2019,6,18,4,0,0,27.7,,,,,,,,
2019,6,18,5,0,0,27.9,,,,,,,,
2019,6,18,6,0,106,28.6,,,,,,,,
2019,6,18,7,0,242,29.3,,,,,,,,
2019,6,18,8,0,393,30,,,,,,,,
2019,6,18,9,0,703,30.5,,,,,,,,
2019,6,18,10,0,716,30.6,,,,,,,,
2019,6,18,11,0,467,30.5,,,,,,,,
2019,6,18,12,0,346,30.3,,,,,,,,
2019,6,18,13,0,633,30,,,,,,,,
2019,6,18,14,0,378,29.8,,,,,,,,
2019,6,18,15,0,272,29.5,,,,,,,,
2019,6,18,16,0,321,29.2,,,,,,,,
2019,6,18,17,0,240,28.9,,,,,,,,
2019,6,18,18,0,61,28.7,,,,,,,,
2019,6,18,19,0,0,28.6,,,,,,,,
2019,6,18,20,0,0,28.5,,,,,,,,
2019,6,18,21,0,0,28.4,,,,,,,,
2019,6,18,22,0,0,28.4,,,,,,,,
2019,6,18,23,0,0,28.3,,,,,,,,
2019,6,19,0,0,0,28.1,,,,,,,,
2019,6,19,1,0,0,28,,,,,,,,
2019,6,19,2,0,0,27.9,,,,,,,,
2019,6,19,3,0,0,27.7,,,,,,,,
2019,6,19,4,0,0,27.6,,,,,,,,
2019,6,19,5,0,0,27.8,,,,,,,,
2019,6,19,6,0,121,28.6,,,,,,,,
2019,6,19,7,0,324,29.2,,,,,,,,
2019,6,19,8,0,518,29.9,,,,,,,,
2019,6,19,9,0,719,30.4,,,,,,,,
2019,6,19,10,0,790,30.8,,,,,,,,
2019,6,19,11,0,552,31.1,,,,,,,,
2019,6,19,12,0,878,31.2,,,,,,,,
2019,6,19,13,0,871,31.3,,,,,,,,
2019,6,19,14,0,763,31.3,,,,,,,,
2019,6,19,15,0,630,31.1,,,,,,,,
2019,6,19,16,0,492,30.6,,,,,,,,
2019,6,19,17,0,200,30.1,,,,,,,,
2019,6,19,18,0,68,29.4,,,,,,,,
2019,6,19,19,0,0,29,,,,,,,,
2019,6,19,20,0,0,28.7,,,,,,,,
2019,6,19,21,0,0,28.5,,,,,,,,
2019,6,19,22,0,0,28.4,,,,,,,,
2019,6,19,23,0,0,28.3,,,,,,,,
2019,6,20,0,0,0,28.1,,,,,,,,
2019,6,20,1,0,0,27.9,,,,,,,,
2019,6,20,2,0,0,27.7,,,,,,,,
2019,6,20,3,0,0,27.7,,,,,,,,
2019,6,20,4,0,0,27.7,,,,,,,,
2019,6,20,5,0,0,27.8,,,,,,,,
2019,6,20,6,0,97,28.7,,,,,,,,
2019,6,20,7,0,255,29.5,,,,,,,,
2019,6,20,8,0,492,30,,,,,,,,
2019,6,20,9,0,715,30.2,,,,,,,,
2019,6,20,10,0,857,30.4,,,,,,,,
2019,6,20,11,0,813,30.5,,,,,,,,
2019,6,20,12,0,880,30.6,,,,,,,,
2019,6,20,13,0,708,30.5,,,,,,,,
2019,6,20,14,0,641,30.5,,,,,,,,
2019,6,20,15,0,374,30.6,,,,,,,,
2019,6,20,16,0,486,30.6,,,,,,,,
2019,6,20,17,0,279,30.2,,,,,,,,
2019,6,20,18,0,86,29.5,,,,,,,,
2019,6,20,19,0,0,29.1,,,,,,,,
2019,6,20,20,0,0,28.9,,,,,,,,
2019,6,20,21,0,0,28.7,,,,,,,,
2019,6,20,22,0,0,28.6,,,,,,,,
2019,6,20,23,0,0,28.4,,,,,,,,
2019,6,21,0,0,0,28.2,,,,,,,,
2019,6,21,1,0,0,28.1,,,,,,,,
2019,6,21,2,0,0,28,,,,,,,,
2019,6,21,3,0,0,28,,,,,,,,
2019,6,21,4,0,0,27.9,,,,,,,,
2019,6,21,5,0,0,28,,,,,,,,
2019,6,21,6,0,109,28.8,,,,,,,,
2019,6,21,7,0,320,29.8,,,,,,,,
2019,6,21,8,0,529,30.5,,,,,,,,
2019,6,21,9,0,714,31,,,,,,,,
2019,6,21,10,0,812,31.3,,,,,,,,
2019,6,21,11,0,824,31.4,,,,,,,,
2019,6,21,12,0,837,31.5,,,,,,,,
2019,6,21,13,0,814,31.5,,,,,,,,
2019,6,21,14,0,717,31.5,,,,,,,,
2019,6,21,15,0,642,31.4,,,,,,,,
2019,6,21,16,0,466,31.1,,,,,,,,
2019,6,21,17,0,228,30.6,,,,,,,,
2019,6,21,18,0,52,29.9,,,,,,,,
2019,6,21,19,0,0,29.4,,,,,,,,
2019,6,21,20,0,0,29.1,,,,,,,,
2019,6,21,21,0,0,29,,,,,,,,
2019,6,21,22,0,0,28.8,,,,,,,,
2019,6,21,23,0,0,28.6,,,,,,,,
2019,6,22,0,0,0,28.4,,,,,,,,
2019,6,22,1,0,0,28.3,,,,,,,,
2019,6,22,2,0,0,28.2,,,,,,,,
2019,6,22,3,0,0,28.1,,,,,,,,
2019,6,22,4,0,0,27.9,,,,,,,,
2019,6,22,5,0,0,28,,,,,,,,
2019,6,22,6,0,23,28.7,,,,,,,,
2019,6,22,7,0,88,29.4,,,,,,,,
2019,6,22,8,0,138,30,,,,,,,,
2019,6,22,9,0,290,30.6,,,,,,,,
2019,6,22,10,0,294,31,,,,,,,,
2019,6,22,11,0,273,31.3,,,,,,,,
2019,6,22,12,0,212,31.4,,,,,,,,
2019,6,22,13,0,112,31.2,,,,,,,,
2019,6,22,14,0,83,30.9,,,,,,,,
2019,6,22,15,0,82,30.7,,,,,,,,
2019,6,22,16,0,29,30.5,,,,,,,,
2019,6,22,17,0,94,29.9,,,,,,,,
2019,6,22,18,0,39,29.3,,,,,,,,
2019,6,22,19,0,0,28.8,,,,,,,,
2019,6,22,20,0,0,28.6,,,,,,,,
2019,6,22,21,0,0,28.5,,,,,,,,
2019,6,22,22,0,0,28.3,,,,,,,,
2019,6,22,23,0,0,28.1,,,,,,,,
2019,6,23,0,0,0,27.9,,,,,,,,
2019,6,23,1,0,0,27.8,,,,,,,,
2019,6,23,2,0,0,27.4,,,,,,,,
2019,6,23,3,0,0,27.2,,,,,,,,
2019,6,23,4,0,0,27.2,,,,,,,,
2019,6,23,5,0,0,27.2,,,,,,,,
2019,6,23,6,0,6,27.5,,,,,,,,
2019,6,23,7,0,38,27.8,,,,,,,,
2019,6,23,8,0,198,28.2,,,,,,,,
2019,6,23,9,0,219,28.6,,,,,,,,
2019,6,23,10,0,243,29,,,,,,,,
2019,6,23,11,0,534,29.2,,,,,,,,
2019,6,23,12,0,366,29.3,,,,,,,,
2019,6,23,13,0,506,29.4,,,,,,,,
2019,6,23,14,0,233,29.3,,,,,,,,
2019,6,23,15,0,132,29.1,,,,,,,,
2019,6,23,16,0,56,28.8,,,,,,,,
2019,6,23,17,0,17,28.3,,,,,,,,
2019,6,23,18,0,29,27.8,,,,,,,,
2019,6,23,19,0,0,27.6,,,,,,,,
2019,6,23,20,0,0,27.5,,,,,,,,
2019,6,23,21,0,0,27.3,,,,,,,,
2019,6,23,22,0,0,27.2,,,,,,,,
2019,6,23,23,0,0,27.2,,,,,,,,
2019,6,24,0,0,0,27,,,,,,,,
2019,6,24,1,0,0,26.7,,,,,,,,
2019,6,24,2,0,0,26.5,,,,,,,,
2019,6,24,3,0,0,26.3,,,,,,,,
2019,6,24,4,0,0,26.2,,,,,,,,
2019,6,24,5,0,0,26.1,,,,,,,,
2019,6,24,6,0,40,26.2,,,,,,,,
2019,6,24,7,0,90,26.3,,,,,,,,
2019,6,24,8,0,78,26.4,,,,,,,,
2019,6,24,9,0,135,26.6,,,,,,,,
2019,6,24,10,0,259,26.9,,,,,,,,
2019,6,24,11,0,290,27.2,,,,,,,,
2019,6,24,12,0,227,27.2,,,,,,,,
2019,6,24,13,0,302,27.2,,,,,,,,
2019,6,24,14,0,251,27.2,,,,,,,,
2019,6,24,15,0,142,27.1,,,,,,,,
2019,6,24,16,0,34,27,,,,,,,,
2019,6,24,17,0,92,26.9,,,,,,,,
2019,6,24,18,0,6,26.7,,,,,,,,
2019,6,24,19,0,0,26.5,,,,,,,,
2019,6,24,20,0,0,26.5,,,,,,,,
2019,6,24,21,0,0,26.5,,,,,,,,
2019,6,24,22,0,0,26.5,,,,,,,,
2019,6,24,23,0,0,26.5,,,,,,,,
2019,6,25,0,0,0,26.5,,,,,,,,
2019,6,25,1,0,0,26.6,,,,,,,,
2019,6,25,2,0,0,26.7,,,,,,,,
2019,6,25,3,0,0,26.7,,,,,,,,
2019,6,25,4,0,0,26.7,,,,,,,,
2019,6,25,5,0,0,26.9,,,,,,,,
2019,6,25,6,0,90,27.4,,,,,,,,
2019,6,25,7,0,101,27.7,,,,,,,,
2019,6,25,8,0,302,28.2,,,,,,,,
2019,6,25,9,0,619,28.8,,,,,,,,
2019,6,25,10,0,783,29.2,,,,,,,,
2019,6,25,11,0,585,29.2,,,,,,,,
2019,6,25,12,0,801,29.1,,,,,,,,
2019,6,25,13,0,923,29.2,,,,,,,,
2019,6,25,14,0,775,29.4,,,,,,,,
2019,6,25,15,0,248,29,,,,,,,,
2019,6,25,16,0,28,28.6,,,,,,,,
2019,6,25,17,0,14,28.3,,,,,,,,
2019,6,25,18,0,14,27.9,,,,,,,,
2019,6,25,19,0,0,27.5,,,,,,,,
2019,6,25,20,0,0,27.4,,,,,,,,
2019,6,25,21,0,0,27.3,,,,,,,,
2019,6,25,22,0,0,27.3,,,,,,,,
2019,6,25,23,0,0,27.2,,,,,,,,
2019,6,26,0,0,0,27.2,,,,,,,,
2019,6,26,1,0,0,27.3,,,,,,,,
2019,6,26,2,0,0,27.3,,,,,,,,
2019,6,26,3,0,0,27.3,,,,,,,,
2019,6,26,4,0,0,27.3,,,,,,,,
2019,6,26,5,0,0,27.4,,,,,,,,
2019,6,26,6,0,112,28.1,,,,,,,,
2019,6,26,7,0,313,28.7,,,,,,,,
2019,6,26,8,0,489,29.3,,,,,,,,
2019,6,26,9,0,699,29.7,,,,,,,,
2019,6,26,10,0,521,29.9,,,,,,,,
2019,6,26,11,0,91,30,,,,,,,,
2019,6,26,12,0,791,30,,,,,,,,
2019,6,26,13,0,320,29.9,,,,,,,,
2019,6,26,14,0,407,29.7,,,,,,,,
2019,6,26,15,0,239,29.4,,,,,,,,
2019,6,26,16,0,304,29,,,,,,,,
2019,6,26,17,0,166,28.6,,,,,,,,
2019,6,26,18,0,42,28.2,,,,,,,,
2019,6,26,19,0,0,28,,,,,,,,
2019,6,26,20,0,0,28,,,,,,,,
2019,6,26,21,0,0,28,,,,,,,,
2019,6,26,22,0,0,27.9,,,,,,,,
2019,6,26,23,0,0,27.9,,,,,,,,
2019,6,27,0,0,0,27.8,,,,,,,,
2019,6,27,1,0,0,27.7,,,,,,,,
2019,6,27,2,0,0,27.6,,,,,,,,
2019,6,27,3,0,0,27.5,,,,,,,,
2019,6,27,4,0,0,27.4,,,,,,,,
2019,6,27,5,0,0,27.5,,,,,,,,
2019,6,27,6,0,104,28.2,,,,,,,,
2019,6,27,7,0,301,29.1,,,,,,,,
2019,6,27,8,0,507,29.8,,,,,,,,
2019,6,27,9,0,601,30.4,,,,,,,,
2019,6,27,10,0,832,30.7,,,,,,,,
2019,6,27,11,0,686,30.8,,,,,,,,
2019,6,27,12,0,159,30.9,,,,,,,,
2019,6,27,13,0,189,30.8,,,,,,,,
2019,6,27,14,0,503,30.7,,,,,,,,
2019,6,27,15,0,47,30.5,,,,,,,,
2019,6,27,16,0,424,30.3,,,,,,,,
2019,6,27,17,0,25,29.8,,,,,,,,
2019,6,27,18,0,74,29.3,,,,,,,,
2019,6,27,19,0,0,29,,,,,,,,
2019,6,27,20,0,0,29,,,,,,,,
2019,6,27,21,0,0,28.9,,,,,,,,
2019,6,27,22,0,0,28.9,,,,,,,,
2019,6,27,23,0,0,28.8,,,,,,,,
2019,6,28,0,0,0,28.7,,,,,,,,
2019,6,28,1,0,0,28.5,,,,,,,,
2019,6,28,2,0,0,28.5,,,,,,,,
2019,6,28,3,0,0,28.5,,,,,,,,
2019,6,28,4,0,0,28.5,,,,,,,,
2019,6,28,5,0,0,28.6,,,,,,,,
2019,6,28,6,0,103,29.2,,,,,,,,
2019,6,28,7,0,300,29.6,,,,,,,,
2019,6,28,8,0,505,30.1,,,,,,,,
2019,6,28,9,0,689,30.6,,,,,,,,
2019,6,28,10,0,831,30.9,,,,,,,,
2019,6,28,11,0,936,31.2,,,,,,,,
2019,6,28,12,0,960,31.2,,,,,,,,
2019,6,28,13,0,769,31.2,,,,,,,,
2019,6,28,14,0,510,31,,,,,,,,
2019,6,28,15,0,480,30.7,,,,,,,,
2019,6,28,16,0,42,30.3,,,,,,,,
2019,6,28,17,0,113,30,,,,,,,,
2019,6,28,18,0,88,29.7,,,,,,,,
2019,6,28,19,0,0,29.3,,,,,,,,
2019,6,28,20,0,0,29.2,,,,,,,,
2019,6,28,21,0,0,29.1,,,,,,,,
2019,6,28,22,0,0,29.1,,,,,,,,
2019,6,28,23,0,0,29.2,,,,,,,,
2019,6,29,0,0,0,29,,,,,,,,
2019,6,29,1,0,0,28.8,,,,,,,,
2019,6,29,2,0,0,28.6,,,,,,,,
2019,6,29,3,0,0,28.5,,,,,,,,
2019,6,29,4,0,0,28.5,,,,,,,,
2019,6,29,5,0,0,28.7,,,,,,,,
2019,6,29,6,0,107,29.3,,,,,,,,
2019,6,29,7,0,306,30.1,,,,,,,,
2019,6,29,8,0,457,30.8,,,,,,,,
2019,6,29,9,0,568,31.1,,,,,,,,
2019,6,29,10,0,693,31.3,,,,,,,,
2019,6,29,11,0,623,31.6,,,,,,,,
2019,6,29,12,0,539,31.9,,,,,,,,
2019,6,29,13,0,339,31.9,,,,,,,,
2019,6,29,14,0,453,31.7,,,,,,,,
2019,6,29,15,0,495,31.4,,,,,,,,
2019,6,29,16,0,390,31.1,,,,,,,,
2019,6,29,17,0,279,30.7,,,,,,,,
2019,6,29,18,0,88,30.2,,,,,,,,
2019,6,29,19,0,0,29.8,,,,,,,,
2019,6,29,20,0,0,29.7,,,,,,,,
2019,6,29,21,0,0,29.5,,,,,,,,
2019,6,29,22,0,0,29.4,,,,,,,,
2019,6,29,23,0,0,29.3,,,,,,,,
2019,6,30,0,0,0,29.1,,,,,,,,
2019,6,30,1,0,0,29,,,,,,,,
2019,6,30,2,0,0,28.9,,,,,,,,
2019,6,30,3,0,0,28.8,,,,,,,,
2019,6,30,4,0,0,28.8,,,,,,,,
2019,6,30,5,0,0,29,,,,,,,,
2019,6,30,6,0,37,29.6,,,,,,,,
2019,6,30,7,0,120,30,,,,,,,,
2019,6,30,8,0,503,30.3,,,,,,,,
2019,6,30,9,0,246,30.7,,,,,,,,
2019,6,30,10,0,519,31.1,,,,,,,,
2019,6,30,11,0,315,31.3,,,,,,,,
2019,6,30,12,0,622,31.3,,,,,,,,
2019,6,30,13,0,613,31.1,,,,,,,,
2019,6,30,14,0,494,30.9,,,,,,,,
2019,6,30,15,0,559,30.6,,,,,,,,
2019,6,30,16,0,216,30.4,,,,,,,,
2019,6,30,17,0,273,30.1,,,,,,,,
2019,6,30,18,0,84,29.8,,,,,,,,
2019,6,30,19,0,0,29.7,,,,,,,,
2019,6,30,20,0,0,29.6,,,,,,,,
2019,6,30,21,0,0,29.5,,,,,,,,
2019,6,30,22,0,0,29.4,,,,,,,,
2019,6,30,23,0,0,29.3,,,,,,,,
2019,7,1,0,0,0,29.2,,,,,,,,
2019,7,1,1,0,0,29.1,,,,,,,,
2019,7,1,2,0,0,29,,,,,,,,
2019,7,1,3,0,0,28.9,,,,,,,,
2019,7,1,4,0,0,28.9,,,,,,,,
2019,7,1,5,0,0,29,,,,,,,,
2019,7,1,6,0,105,29.5,,,,,,,,
2019,7,1,7,0,165,29.8,,,,,,,,
2019,7,1,8,0,243,30.2,,,,,,,,
2019,7,1,9,0,456,30.5,,,,,,,,
2019,7,1,10,0,492,30.9,,,,,,,,
2019,7,1,11,0,793,31.3,,,,,,,,
2019,7,1,12,0,617,31.5,,,,,,,,
2019,7,1,13,0,256,31.6,,,,,,,,
2019,7,1,14,0,242,31.4,,,,,,,,
2019,7,1,15,0,567,30.9,,,,,,,,
2019,7,1,16,0,502,30.5,,,,,,,,
2019,7,1,17,0,294,30.2,,,,,,,,
2019,7,1,18,0,97,29.7,,,,,,,,
2019,7,1,19,0,0,29.4,,,,,,,,
2019,7,1,20,0,0,29.4,,,,,,,,
2019,7,1,21,0,0,29.3,,,,,,,,
2019,7,1,22,0,0,29.3,,,,,,,,
2019,7,1,23,0,0,29.2,,,,,,,,
2019,7,2,0,0,0,29.1,,,,,,,,
2019,7,2,1,0,0,29.1,,,,,,,,
2019,7,2,2,0,0,29.2,,,,,,,,
2019,7,2,3,0,0,29.2,,,,,,,,
2019,7,2,4,0,0,29.3,,,,,,,,
2019,7,2,5,0,0,29.3,,,,,,,,
2019,7,2,6,0,105,29.5,,,,,,,,
2019,7,2,7,0,296,29.9,,,,,,,,
2019,7,2,8,0,290,30.5,,,,,,,,
2019,7,2,9,0,563,30.8,,,,,,,,
2019,7,2,10,0,470,30.7,,,,,,,,
2019,7,2,11,0,844,30.6,,,,,,,,
2019,7,2,12,0,699,30.6,,,,,,,,
2019,7,2,13,0,429,30.5,,,,,,,,
2019,7,2,14,0,280,30.4,,,,,,,,
2019,7,2,15,0,96,30.3,,,,,,,,
2019,7,2,16,0,46,30,,,,,,,,
2019,7,2,17,0,74,29.7,,,,,,,,
2019,7,2,18,0,8,29.3,,,,,,,,
2019,7,2,19,0,0,29.1,,,,,,,,
2019,7,2,20,0,0,29,,,,,,,,
2019,7,2,21,0,0,28.9,,,,,,,,
2019,7,2,22,0,0,28.8,,,,,,,,
2019,7,2,23,0,0,28.8,,,,,,,,
2019,7,3,0,0,0,28.7,,,,,,,,
2019,7,3,1,0,0,28.7,,,,,,,,
2019,7,3,2,0,0,28.8,,,,,,,,
2019,7,3,3,0,0,28.8,,,,,,,,
2019,7,3,4,0,0,28.7,,,,,,,,
2019,7,3,5,0,0,28.8,,,,,,,,
2019,7,3,6,0,60,29.3,,,,,,,,
2019,7,3,7,0,229,29.6,,,,,,,,
2019,7,3,8,0,167,29.9,,,,,,,,
2019,7,3,9,0,334,30,,,,,,,,
2019,7,3,10,0,604,30.1,,,,,,,,
2019,7,3,11,0,706,30.1,,,,,,,,
2019,7,3,12,0,757,30.2,,,,,,,,
2019,7,3,13,0,683,30.3,,,,,,,,
2019,7,3,14,0,626,30.3,,,,,,,,
2019,7,3,15,0,608,30.3,,,,,,,,
2019,7,3,16,0,134,30.2,,,,,,,,
2019,7,3,17,0,106,29.9,,,,,,,,
2019,7,3,18,0,53,29.5,,,,,,,,
2019,7,3,19,0,0,29.3,,,,,,,,
2019,7,3,20,0,0,29.2,,,,,,,,
2019,7,3,21,0,0,29.1,,,,,,,,
2019,7,3,22,0,0,28.9,,,,,,,,
2019,7,3,23,0,0,28.8,,,,,,,,
2019,7,4,0,0,0,28.7,,,,,,,,
2019,7,4,1,0,0,28.6,,,,,,,,
2019,7,4,2,0,0,28.5,,,,,,,,
2019,7,4,3,0,0,28.4,,,,,,,,
2019,7,4,4,0,0,28.4,,,,,,,,
2019,7,4,5,0,0,28.6,,,,,,,,
2019,7,4,6,0,80,29.3,,,,,,,,
2019,7,4,7,0,230,30,,,,,,,,
2019,7,4,8,0,419,30.4,,,,,,,,
2019,7,4,9,0,607,30.8,,,,,,,,
2019,7,4,10,0,671,30.9,,,,,,,,
2019,7,4,11,0,611,30.9,,,,,,,,
2019,7,4,12,0,491,30.7,,,,,,,,
2019,7,4,13,0,538,30.4,,,,,,,,
2019,7,4,14,0,341,30.2,,,,,,,,
2019,7,4,15,0,397,30,,,,,,,,
2019,7,4,16,0,237,29.8,,,,,,,,
2019,7,4,17,0,140,29.5,,,,,,,,
2019,7,4,18,0,38,29.2,,,,,,,,
2019,7,4,19,0,0,29,,,,,,,,
2019,7,4,20,0,0,28.9,,,,,,,,
2019,7,4,21,0,0,28.8,,,,,,,,
2019,7,4,22,0,0,28.7,,,,,,,,
2019,7,4,23,0,0,28.5,,,,,,,,
2019,7,5,0,0,0,28.4,,,,,,,,
2019,7,5,1,0,0,28.3,,,,,,,,
2019,7,5,2,0,0,28.2,,,,,,,,
2019,7,5,3,0,0,28.1,,,,,,,,
2019,7,5,4,0,0,28.1,,,,,,,,
2019,7,5,5,0,0,28.3,,,,,,,,
2019,7,5,6,0,93,28.7,,,,,,,,
2019,7,5,7,0,240,29.1,,,,,,,,
2019,7,5,8,0,377,29.7,,,,,,,,
2019,7,5,9,0,319,30.3,,,,,,,,
2019,7,5,10,0,570,30.8,,,,,,,,
2019,7,5,11,0,744,31,,,,,,,,
2019,7,5,12,0,725,31,,,,,,,,
2019,7,5,13,0,748,31,,,,,,,,
2019,7,5,14,0,695,31,,,,,,,,
2019,7,5,15,0,508,30.9,,,,,,,,
2019,7,5,16,0,393,30.9,,,,,,,,
2019,7,5,17,0,211,30.6,,,,,,,,
2019,7,5,18,0,60,29.8,,,,,,,,
2019,7,5,19,0,0,29.3,,,,,,,,
2019,7,5,20,0,0,29.1,,,,,,,,
2019,7,5,21,0,0,28.9,,,,,,,,
2019,7,5,22,0,0,28.8,,,,,,,,
2019,7,5,23,0,0,28.6,,,,,,,,
2019,7,6,0,0,0,28.6,,,,,,,,
2019,7,6,1,0,0,28.6,,,,,,,,
2019,7,6,2,0,0,28.7,,,,,,,,
2019,7,6,3,0,0,28.8,,,,,,,,
2019,7,6,4,0,0,28.7,,,,,,,,
2019,7,6,5,0,0,28.7,,,,,,,,
2019,7,6,6,0,75,29.2,,,,,,,,
2019,7,6,7,0,255,29.7,,,,,,,,
2019,7,6,8,0,381,30.1,,,,,,,,
2019,7,6,9,0,434,30.5,,,,,,,,
2019,7,6,10,0,418,30.7,,,,,,,,
2019,7,6,11,0,741,31,,,,,,,,
2019,7,6,12,0,654,31.2,,,,,,,,
2019,7,6,13,0,473,31.3,,,,,,,,
2019,7,6,14,0,487,31.3,,,,,,,,
2019,7,6,15,0,548,31.1,,,,,,,,
2019,7,6,16,0,296,30.8,,,,,,,,
2019,7,6,17,0,176,30.3,,,,,,,,
2019,7,6,18,0,54,29.6,,,,,,,,
2019,7,6,19,0,0,29.2,,,,,,,,
2019,7,6,20,0,0,29,,,,,,,,
2019,7,6,21,0,0,28.9,,,,,,,,
2019,7,6,22,0,0,28.8,,,,,,,,
2019,7,6,23,0,0,28.8,,,,,,,,
2019,7,7,0,0,0,28.6,,,,,,,,348526.5467
2019,7,7,1,0,0,28.5,,,,,,,,328716.6974
2019,7,7,2,0,0,28.4,,,,,,,,300312.9423
2019,7,7,3,0,0,28.4,,,,,,,,280468.2927
2019,7,7,4,0,0,28.4,,,,,,,,273669.8013
2019,7,7,5,0,0,28.5,,,,,,,,247474.7303
2019,7,7,6,0,99,29,,,,,,,,236280.5131
2019,7,7,7,0,296,29.4,,,,,,,,246664.6295
2019,7,7,8,0,503,29.8,,,,,,,,223530.2683
2019,7,7,9,0,601,30.3,,,,,,,,206646.9756
2019,7,7,10,0,786,30.6,,,,,,,,193971.2257
2019,7,7,11,0,927,30.9,,,,,,,,202009.1254
2019,7,7,12,0,881,31,,,,,,,,246183.3833
2019,7,7,13,0,577,31.1,,,,,,,,251257.125
2019,7,7,14,0,625,31.1,,,,,,,,259363.1182
2019,7,7,15,0,463,30.9,,,,,,,,255584.6398
2019,7,7,16,0,339,30.6,,,,,,,,279461.2307
2019,7,7,17,0,246,30.1,,,,,,,,298982.5358
2019,7,7,18,0,95,29.7,,,,,,,,302307.1105
2019,7,7,19,0,0,29.3,,,,,,,,300237.8987
2019,7,7,20,0,0,29.1,,,,,,,,299543.525
2019,7,7,21,0,0,28.9,,,,,,,,330764.9634
2019,7,7,22,0,0,28.8,,,,,,,,346292.6095
2019,7,7,23,0,0,28.6,,,SUMMER,,,,,363738.1417
2019,7,8,0,0,0,28.5,,1,28.5,1,0,1,378.1871718,378187.1718
2019,7,8,1,0,0,28.4,,2,28.4,2,0,2,334.7040183,334704.0183
2019,7,8,2,0,0,28.3,,3,28.3,3,0,3,309.4950403,309495.0403
2019,7,8,3,0,0,28.2,,4,28.2,4,0,4,288.4898205,288489.8205
2019,7,8,4,0,0,28.1,,5,28.1,5,0,5,267.328293,267328.293
2019,7,8,5,0,0,28.2,,6,28.2,6,0,6,264.474025,264474.025
2019,7,8,6,0,100,28.8,,7,28.8,7,0.1,7,246.8953801,246895.3801
2019,7,8,7,0,261,29.5,,8,29.5,8,0.261,8,242.72825,242728.25
2019,7,8,8,0,489,30,,9,30,9,0.489,9,290.9430488,290943.0488
2019,7,8,9,0,637,30.4,,10,30.4,10,0.637,10,340.3033311,340303.3311
2019,7,8,10,0,736,30.6,,11,30.6,11,0.736,11,384.820475,384820.475
2019,7,8,11,0,659,30.7,,12,30.7,12,0.659,12,389.1221026,389122.1026
2019,7,8,12,0,360,30.8,,13,30.8,13,0.36,13,389.3470143,389347.0143
2019,7,8,13,0,678,30.8,,14,30.8,14,0.678,14,385.1121583,385112.1583
2019,7,8,14,0,581,30.7,,15,30.7,15,0.581,15,410.284625,410284.625
2019,7,8,15,0,416,30.8,,16,30.8,16,0.416,16,395.6707439,395670.7439
2019,7,8,16,0,404,30.8,,17,30.8,17,0.404,17,381.7877036,381787.7036
2019,7,8,17,0,146,30.4,,18,30.4,18,0.146,18,367.7414833,367741.4833
2019,7,8,18,0,46,29.7,,19,29.7,19,0.046,19,348.9664885,348966.4885
2019,7,8,19,0,0,29.3,,20,29.3,20,0,20,339.4062,339406.2
2019,7,8,20,0,0,28.9,,21,28.9,21,0,21,326.2479743,326247.9743
2019,7,8,21,0,0,28.6,,22,28.6,22,0,22,345.1526718,345152.6718
2019,7,8,22,0,0,28.4,,23,28.4,23,0,23,365.045677,365045.677
2019,7,8,23,0,0,28.2,,24,28.2,24,0,24,371.8114309,371811.4309
2019,7,9,0,0,0,28.1,,1,28.1,1,0,1,361.1123744,361112.3744
2019,7,9,1,0,0,27.9,,2,27.9,2,0,2,345.79705,345797.05
2019,7,9,2,0,0,27.8,,3,27.8,3,0,3,301.4165714,301416.5714
2019,7,9,3,0,0,27.8,,4,27.8,4,0,4,277.6216585,277621.6585
2019,7,9,4,0,0,27.7,,5,27.7,5,0,5,264.4538833,264453.8833
2019,7,9,5,0,0,27.9,,6,27.9,6,0,6,253.199775,253199.775
2019,7,9,6,0,31,28.9,,7,28.9,7,0.031,7,242.0504083,242050.4083
2019,7,9,7,0,53,29.9,,8,29.9,8,0.053,8,245.931475,245931.475
2019,7,9,8,0,284,30.5,,9,30.5,9,0.284,9,288.2139408,288213.9408
2019,7,9,9,0,528,31.1,,10,31.1,10,0.528,10,355.8442,355844.2
2019,7,9,10,0,555,31.5,,11,31.5,11,0.555,11,392.6856646,392685.6646
2019,7,9,11,0,756,31.8,,12,31.8,12,0.756,12,388.3537744,388353.7744
2019,7,9,12,0,766,31.9,,13,31.9,13,0.766,13,396.036459,396036.459
2019,7,9,13,0,734,32,,14,32,14,0.734,14,399.3168077,399316.8077
2019,7,9,14,0,689,31.9,,15,31.9,15,0.689,15,415.1802988,415180.2988
2019,7,9,15,0,604,31.6,,16,31.6,16,0.604,16,428.8656073,428865.6073
2019,7,9,16,0,411,31.1,,17,31.1,17,0.411,17,425.5518252,425551.8252
2019,7,9,17,0,181,30.5,,18,30.5,18,0.181,18,403.4757067,403475.7067
2019,7,9,18,0,8,29.8,,19,29.8,19,0.008,19,384.2819647,384281.9647
2019,7,9,19,0,0,29.4,,20,29.4,20,0,20,368.1884341,368188.4341
2019,7,9,20,0,0,29.2,,21,29.2,21,0,21,339.5888083,339588.8083
2019,7,9,21,0,0,29.1,,22,29.1,22,0,22,345.1426154,345142.6154
2019,7,9,22,0,0,28.9,,23,28.9,23,0,23,357.1746573,357174.6573
2019,7,9,23,0,0,28.8,,24,28.8,24,0,24,366.6355714,366635.5714
2019,7,10,0,0,0,28.6,,1,28.6,1,0,1,346.8392,346839.2
2019,7,10,1,0,0,28.5,,2,28.5,2,0,2,340.399975,340399.975
2019,7,10,2,0,0,28.4,,3,28.4,3,0,3,297.2929315,297292.9315
2019,7,10,3,0,0,28.3,,4,28.3,4,0,4,281.358847,281358.847
2019,7,10,4,0,0,28.3,,5,28.3,5,0,5,276.5749894,276574.9894
2019,7,10,5,0,0,28.5,,6,28.5,6,0,6,264.7929589,264792.9589
2019,7,10,6,0,90,29.3,,7,29.3,7,0.09,7,234.5157641,234515.7641
2019,7,10,7,0,281,29.8,,8,29.8,8,0.281,8,262.1374085,262137.4085
2019,7,10,8,0,507,30.5,,9,30.5,9,0.507,9,315.8639762,315863.9762
2019,7,10,9,0,640,31,,10,31,10,0.64,10,365.3935266,365393.5266
2019,7,10,10,0,726,31.5,,11,31.5,11,0.726,11,381.0734936,381073.4936
2019,7,10,11,0,779,31.8,,12,31.8,12,0.779,12,390.2921231,390292.1231
2019,7,10,12,0,818,31.9,,13,31.9,13,0.818,13,404.573291,404573.291
2019,7,10,13,0,714,31.8,,14,31.8,14,0.714,14,380.2280737,380228.0737
2019,7,10,14,0,540,31.5,,15,31.5,15,0.54,15,391.7062651,391706.2651
2019,7,10,15,0,443,31.2,,16,31.2,16,0.443,16,378.3206429,378320.6429
2019,7,10,16,0,296,30.7,,17,30.7,17,0.296,17,368.8914594,368891.4594
2019,7,10,17,0,219,30.3,,18,30.3,18,0.219,18,354.521168,354521.168
2019,7,10,18,0,44,29.8,,19,29.8,19,0.044,19,359.5232692,359523.2692
2019,7,10,19,0,0,29.5,,20,29.5,20,0,20,339.9724917,339972.4917
2019,7,10,20,0,0,29.3,,21,29.3,21,0,21,336.3093013,336309.3013
2019,7,10,21,0,0,29.1,,22,29.1,22,0,22,331.8733583,331873.3583
2019,7,10,22,0,0,29,,23,29,23,0,23,343.3727853,343372.7853
2019,7,10,23,0,0,28.8,,24,28.8,24,0,24,357.0958333,357095.8333
2019,7,11,0,0,0,28.7,,1,28.7,1,0,1,362.4595179,362459.5179
2019,7,11,1,0,0,28.6,,2,28.6,2,0,2,319.6898417,319689.8417
2019,7,11,2,0,0,28.4,,3,28.4,3,0,3,293.7174878,293717.4878
2019,7,11,3,0,0,28.3,,4,28.3,4,0,4,273.6136794,273613.6794
2019,7,11,4,0,0,28.2,,5,28.2,5,0,5,264.335657,264335.657
2019,7,11,5,0,0,28.3,,6,28.3,6,0,6,268.811275,268811.275
2019,7,11,6,0,69,28.9,,7,28.9,7,0.069,7,260.4719626,260471.9626
2019,7,11,7,0,166,29.5,,8,29.5,8,0.166,8,252.4917,252491.7
2019,7,11,8,0,497,30.3,,9,30.3,9,0.497,9,292.5386342,292538.6342
2019,7,11,9,0,639,30.8,,10,30.8,10,0.639,10,333.4377366,333437.7366
2019,7,11,10,0,147,30.9,,11,30.9,11,0.147,11,384.4375023,384437.5023
2019,7,11,11,0,368,31.1,,12,31.1,12,0.368,12,428.9266977,428926.6977
2019,7,11,12,0,361,31,,13,31,13,0.361,13,425.5624817,425562.4817
2019,7,11,13,0,316,30.9,,14,30.9,14,0.316,14,405.8185878,405818.5878
2019,7,11,14,0,406,30.7,,15,30.7,15,0.406,15,394.7244309,394724.4309
2019,7,11,15,0,120,30.5,,16,30.5,16,0.12,16,392.713225,392713.225
2019,7,11,16,0,188,30.1,,17,30.1,17,0.188,17,375.2508796,375250.8796
2019,7,11,17,0,60,29.8,,18,29.8,18,0.06,18,370.3301792,370330.1792
2019,7,11,18,0,28,29.4,,19,29.4,19,0.028,19,364.1534103,364153.4103
2019,7,11,19,0,0,29.3,,20,29.3,20,0,20,344.4753897,344475.3897
2019,7,11,20,0,0,29.2,,21,29.2,21,0,21,314.1155385,314115.5385
2019,7,11,21,0,0,29,,22,29,22,0,22,321.2230808,321223.0808
2019,7,11,22,0,0,28.8,,23,28.8,23,0,23,348.1881538,348188.1538
2019,7,11,23,0,0,28.7,,24,28.7,24,0,24,361.571012,361571.012
2019,7,12,0,0,0,28.6,,1,28.6,1,0,1,362.154275,362154.275
2019,7,12,1,0,0,28.5,,2,28.5,2,0,2,327.4079083,327407.9083
2019,7,12,2,0,0,28.3,,3,28.3,3,0,3,323.258125,323258.125
2019,7,12,3,0,0,28.2,,4,28.2,4,0,4,299.081975,299081.975
2019,7,12,4,0,0,28.1,,5,28.1,5,0,5,286.1315083,286131.5083
2019,7,12,5,0,0,28.2,,6,28.2,6,0,6,273.417725,273417.725
2019,7,12,6,0,97,28.9,,7,28.9,7,0.097,7,267.032075,267032.075
2019,7,12,7,0,296,29.6,,8,29.6,8,0.296,8,271.246975,271246.975
2019,7,12,8,0,499,30.2,,9,30.2,9,0.499,9,277.1919643,277191.9643
2019,7,12,9,0,694,30.6,,10,30.6,10,0.694,10,344.3253756,344325.3756
2019,7,12,10,0,840,31,,11,31,11,0.84,11,361.4124295,361412.4295
2019,7,12,11,0,567,31.2,,12,31.2,12,0.567,12,376.5734309,376573.4309
2019,7,12,12,0,404,31.3,,13,31.3,13,0.404,13,402.2829333,402282.9333
2019,7,12,13,0,601,31.3,,14,31.3,14,0.601,14,384.7037033,384703.7033
2019,7,12,14,0,94,31.1,,15,31.1,15,0.094,15,381.2998286,381299.8286
2019,7,12,15,0,108,30.8,,16,30.8,16,0.108,16,363.3280976,363328.0976
2019,7,12,16,0,29,30.4,,17,30.4,17,0.029,17,364.1121577,364112.1577
2019,7,12,17,0,26,30.1,,18,30.1,18,0.026,18,340.6865317,340686.5317
2019,7,12,18,0,12,29.6,,19,29.6,19,0.012,19,327.07865,327078.65
2019,7,12,19,0,0,29.3,,20,29.3,20,0,20,336.2636923,336263.6923
2019,7,12,20,0,0,29.2,,21,29.2,21,0,21,323.5990974,323599.0974
2019,7,12,21,0,0,29,,22,29,22,0,22,296.2474667,296247.4667
2019,7,12,22,0,0,28.9,,23,28.9,23,0,23,305.311131,305311.131
2019,7,12,23,0,0,28.7,,24,28.7,24,0,24,315.5937398,315593.7398
2019,7,13,0,0,0,28.6,,1,28.6,1,0,1,322.0510714,322051.0714
2019,7,13,1,0,0,28.4,,2,28.4,2,0,2,302.281475,302281.475
2019,7,13,2,0,0,28.2,,3,28.2,3,0,3,295.7732559,295773.2559
2019,7,13,3,0,0,28,,4,28,4,0,4,264.9193984,264919.3984
2019,7,13,4,0,0,27.9,,5,27.9,5,0,5,250.6255,250625.5
2019,7,13,5,0,0,28,,6,28,6,0,6,251.7558571,251755.8571
2019,7,13,6,0,103,28.8,,7,28.8,7,0.103,7,245.8392782,245839.2782
2019,7,13,7,0,309,29.4,,8,29.4,8,0.309,8,235.0714797,235071.4797
2019,7,13,8,0,492,30.3,,9,30.3,9,0.492,9,209.502225,209502.225
2019,7,13,9,0,712,31,,10,31,10,0.712,10,225.5633637,225563.3637
2019,7,13,10,0,804,31.5,,11,31.5,11,0.804,11,251.2787949,251278.7949
2019,7,13,11,0,952,31.8,,12,31.8,12,0.952,12,263.6412288,263641.2288
2019,7,13,12,0,894,32.1,,13,32.1,13,0.894,13,256.0515128,256051.5128
2019,7,13,13,0,804,32.2,,14,32.2,14,0.804,14,268.5645003,268564.5003
2019,7,13,14,0,692,32.1,,15,32.1,15,0.692,15,323.3957277,323395.7277
2019,7,13,15,0,638,31.9,,16,31.9,16,0.638,16,310.8161551,310816.1551
2019,7,13,16,0,470,31.5,,17,31.5,17,0.47,17,302.9885962,302988.5962
2019,7,13,17,0,256,31,,18,31,18,0.256,18,288.7061884,288706.1884
2019,7,13,18,0,93,30.1,,19,30.1,19,0.093,19,281.8057211,281805.7211
2019,7,13,19,0,0,29.7,,20,29.7,20,0,20,276.1084195,276108.4195
2019,7,13,20,0,0,29.5,,21,29.5,21,0,21,295.4447809,295444.7809
2019,7,13,21,0,0,29.3,,22,29.3,22,0,22,292.1686411,292168.6411
2019,7,13,22,0,0,29.1,,23,29.1,23,0,23,310.251075,310251.075
2019,7,13,23,0,0,28.9,,24,28.9,24,0,24,324.8900498,324890.0498
2019,7,14,0,0,0,28.6,,1,28.6,1,0,1,347.9917857,347991.7857
2019,7,14,1,0,0,28.4,,2,28.4,2,0,2,325.910156,325910.156
2019,7,14,2,0,0,28.1,,3,28.1,3,0,3,285.13205,285132.05
2019,7,14,3,0,0,28,,4,28,4,0,4,274.0951833,274095.1833
2019,7,14,4,0,0,27.8,,5,27.8,5,0,5,254.5956951,254595.6951
2019,7,14,5,0,0,28,,6,28,6,0,6,252.534675,252534.675
2019,7,14,6,0,93,28.7,,7,28.7,7,0.093,7,238.7752,238775.2
2019,7,14,7,0,227,29.4,,8,29.4,8,0.227,8,221.1854085,221185.4085
2019,7,14,8,0,514,30.3,,9,30.3,9,0.514,9,221.7495167,221749.5167
2019,7,14,9,0,703,31.1,,10,31.1,10,0.703,10,213.944575,213944.575
2019,7,14,10,0,850,31.6,,11,31.6,11,0.85,11,239.4353659,239435.3659
2019,7,14,11,0,945,31.9,,12,31.9,12,0.945,12,257.3342667,257334.2667
2019,7,14,12,0,974,31.9,,13,31.9,13,0.974,13,302.2981795,302298.1795
2019,7,14,13,0,939,31.9,,14,31.9,14,0.939,14,310.9750244,310975.0244
2019,7,14,14,0,849,31.8,,15,31.8,15,0.849,15,321.9626585,321962.6585
2019,7,14,15,0,472,31.4,,16,31.4,16,0.472,16,310.879975,310879.975
2019,7,14,16,0,309,31.1,,17,31.1,17,0.309,17,323.5775894,323577.5894
2019,7,14,17,0,36,30.7,,18,30.7,18,0.036,18,329.0678801,329067.8801
2019,7,14,18,0,5,29.9,,19,29.9,19,0.005,19,300.0846666,300084.6666
2019,7,14,19,0,0,29.3,,20,29.3,20,0,20,308.0432107,308043.2107
2019,7,14,20,0,0,29,,21,29,21,0,21,301.3221564,301322.1564
2019,7,14,21,0,0,28.8,,22,28.8,22,0,22,311.4246406,311424.6406
2019,7,14,22,0,0,28.7,,23,28.7,23,0,23,312.6574347,312657.4347
2019,7,14,23,0,0,28.6,,24,28.6,24,0,24,334.0007667,334000.7667
2019,7,15,0,0,0,28.6,,,,,,,,
2019,7,15,1,0,0,28.6,,,,,,,,
2019,7,15,2,0,0,28.5,,,,,,,,
2019,7,15,3,0,0,28.4,,,,,,,,
2019,7,15,4,0,0,28.3,,,,,,,,
2019,7,15,5,0,0,28.4,,,,,,,,
2019,7,15,6,0,94,28.9,,,,,,,,
2019,7,15,7,0,268,29.6,,,,,,,,
2019,7,15,8,0,390,30.2,,,,,,,,
2019,7,15,9,0,583,30.8,,,,,,,,
2019,7,15,10,0,840,31.3,,,,,,,,
2019,7,15,11,0,862,31.5,,,,,,,,
2019,7,15,12,0,963,31.5,,,,,,,,
2019,7,15,13,0,924,31.4,,,,,,,,
2019,7,15,14,0,814,31.2,,,,,,,,
2019,7,15,15,0,226,30.9,,,,,,,,
2019,7,15,16,0,276,30.5,,,,,,,,
2019,7,15,17,0,118,30.1,,,,,,,,
2019,7,15,18,0,85,29.6,,,,,,,,
2019,7,15,19,0,0,29.3,,,,,,,,
2019,7,15,20,0,0,29.2,,,,,,,,
2019,7,15,21,0,0,29.1,,,,,,,,
2019,7,15,22,0,0,29,,,,,,,,
2019,7,15,23,0,0,28.9,,,,,,,,
2019,7,16,0,0,0,28.6,,,,,,,,
2019,7,16,1,0,0,28.5,,,,,,,,
2019,7,16,2,0,0,28.5,,,,,,,,
2019,7,16,3,0,0,28.6,,,,,,,,
2019,7,16,4,0,0,28.6,,,,,,,,
2019,7,16,5,0,0,28.6,,,,,,,,
2019,7,16,6,0,91,29.1,,,,,,,,
2019,7,16,7,0,291,29.6,,,,,,,,
2019,7,16,8,0,505,30.2,,,,,,,,
2019,7,16,9,0,699,30.6,,,,,,,,
2019,7,16,10,0,854,31,,,,,,,,
2019,7,16,11,0,958,31.2,,,,,,,,
2019,7,16,12,0,996,31.3,,,,,,,,
2019,7,16,13,0,967,31.2,,,,,,,,
2019,7,16,14,0,872,30.9,,,,,,,,
2019,7,16,15,0,719,30.5,,,,,,,,
2019,7,16,16,0,473,30,,,,,,,,
2019,7,16,17,0,302,29.6,,,,,,,,
2019,7,16,18,0,96,29.1,,,,,,,,
2019,7,16,19,0,0,28.9,,,,,,,,
2019,7,16,20,0,0,28.7,,,,,,,,
2019,7,16,21,0,0,28.7,,,,,,,,
2019,7,16,22,0,0,28.6,,,,,,,,
2019,7,16,23,0,0,28.6,,,,,,,,
2019,7,17,0,0,0,28.6,,,,,,,,
2019,7,17,1,0,0,28.6,,,,,,,,
2019,7,17,2,0,0,28.6,,,,,,,,
2019,7,17,3,0,0,28.6,,,,,,,,
2019,7,17,4,0,0,28.7,,,,,,,,
2019,7,17,5,0,0,28.8,,,,,,,,
2019,7,17,6,0,91,29.3,,,,,,,,
2019,7,17,7,0,291,29.7,,,,,,,,
2019,7,17,8,0,503,30.1,,,,,,,,
2019,7,17,9,0,563,30.5,,,,,,,,
2019,7,17,10,0,688,30.7,,,,,,,,
2019,7,17,11,0,940,30.8,,,,,,,,
2019,7,17,12,0,971,30.8,,,,,,,,
2019,7,17,13,0,694,30.8,,,,,,,,
2019,7,17,14,0,690,30.7,,,,,,,,
2019,7,17,15,0,260,30.6,,,,,,,,
2019,7,17,16,0,204,30.4,,,,,,,,
2019,7,17,17,0,289,30,,,,,,,,
2019,7,17,18,0,90,29.6,,,,,,,,
2019,7,17,19,0,0,29.3,,,,,,,,
2019,7,17,20,0,0,29.2,,,,,,,,
2019,7,17,21,0,0,29.1,,,,,,,,
2019,7,17,22,0,0,29.1,,,,,,,,
2019,7,17,23,0,0,29,,,,,,,,
2019,7,18,0,0,0,29,,,,,,,,
2019,7,18,1,0,0,29.2,,,,,,,,
2019,7,18,2,0,0,29.3,,,,,,,,
2019,7,18,3,0,0,29.2,,,,,,,,
2019,7,18,4,0,0,29.1,,,,,,,,
2019,7,18,5,0,0,29,,,,,,,,
2019,7,18,6,0,82,29.2,,,,,,,,
2019,7,18,7,0,275,29.5,,,,,,,,
2019,7,18,8,0,483,29.9,,,,,,,,
2019,7,18,9,0,673,30.2,,,,,,,,
2019,7,18,10,0,823,30.4,,,,,,,,
2019,7,18,11,0,358,30.4,,,,,,,,
2019,7,18,12,0,515,30.4,,,,,,,,
2019,7,18,13,0,614,30.2,,,,,,,,
2019,7,18,14,0,392,30,,,,,,,,
2019,7,18,15,0,442,29.8,,,,,,,,
2019,7,18,16,0,291,29.4,,,,,,,,
2019,7,18,17,0,141,29,,,,,,,,
2019,7,18,18,0,45,28.7,,,,,,,,
2019,7,18,19,0,0,28.6,,,,,,,,
2019,7,18,20,0,0,28.6,,,,,,,,
2019,7,18,21,0,0,28.6,,,,,,,,
2019,7,18,22,0,0,28.6,,,,,,,,
2019,7,18,23,0,0,28.4,,,,,,,,
2019,7,19,0,0,0,28.3,,,,,,,,
2019,7,19,1,0,0,28.2,,,,,,,,
2019,7,19,2,0,0,28.1,,,,,,,,
2019,7,19,3,0,0,28.1,,,,,,,,
2019,7,19,4,0,0,28.1,,,,,,,,
2019,7,19,5,0,0,28.3,,,,,,,,
2019,7,19,6,0,92,28.9,,,,,,,,
2019,7,19,7,0,294,29.6,,,,,,,,
2019,7,19,8,0,304,30.3,,,,,,,,
2019,7,19,9,0,698,30.9,,,,,,,,
2019,7,19,10,0,640,31.2,,,,,,,,
2019,7,19,11,0,697,31.4,,,,,,,,
2019,7,19,12,0,293,31.4,,,,,,,,
2019,7,19,13,0,580,31.3,,,,,,,,
2019,7,19,14,0,386,31.2,,,,,,,,
2019,7,19,15,0,286,31,,,,,,,,
2019,7,19,16,0,260,30.7,,,,,,,,
2019,7,19,17,0,133,30.3,,,,,,,,
2019,7,19,18,0,41,29.8,,,,,,,,
2019,7,19,19,0,0,29.5,,,,,,,,
2019,7,19,20,0,0,29.4,,,,,,,,
2019,7,19,21,0,0,29.3,,,,,,,,
2019,7,19,22,0,0,29.2,,,,,,,,
2019,7,19,23,0,0,29.1,,,,,,,,
2019,7,20,0,0,0,29,,,,,,,,
2019,7,20,1,0,0,29,,,,,,,,
2019,7,20,2,0,0,29,,,,,,,,
2019,7,20,3,0,0,29,,,,,,,,
2019,7,20,4,0,0,28.9,,,,,,,,
2019,7,20,5,0,0,29,,,,,,,,
2019,7,20,6,0,28,29.6,,,,,,,,
2019,7,20,7,0,190,30.3,,,,,,,,
2019,7,20,8,0,406,30.9,,,,,,,,
2019,7,20,9,0,591,31.2,,,,,,,,
2019,7,20,10,0,833,31.2,,,,,,,,
2019,7,20,11,0,938,31.3,,,,,,,,
2019,7,20,12,0,887,31.4,,,,,,,,
2019,7,20,13,0,258,31.6,,,,,,,,
2019,7,20,14,0,101,31.6,,,,,,,,
2019,7,20,15,0,226,31.3,,,,,,,,
2019,7,20,16,0,150,31.1,,,,,,,,
2019,7,20,17,0,18,30.7,,,,,,,,
2019,7,20,18,0,6,30.1,,,,,,,,
2019,7,20,19,0,0,29.8,,,,,,,,
2019,7,20,20,0,0,29.6,,,,,,,,
2019,7,20,21,0,0,29.4,,,,,,,,
2019,7,20,22,0,0,29.1,,,,,,,,
2019,7,20,23,0,0,29,,,,,,,,
2019,7,21,0,0,0,29.1,,,,,,,,
2019,7,21,1,0,0,28.9,,,,,,,,
2019,7,21,2,0,0,28.9,,,,,,,,
2019,7,21,3,0,0,28.7,,,,,,,,
2019,7,21,4,0,0,28.7,,,,,,,,
2019,7,21,5,0,0,28.9,,,,,,,,
2019,7,21,6,0,55,29.3,,,,,,,,
2019,7,21,7,0,68,29.6,,,,,,,,
2019,7,21,8,0,351,30.1,,,,,,,,
2019,7,21,9,0,321,30.4,,,,,,,,
2019,7,21,10,0,818,30.7,,,,,,,,
2019,7,21,11,0,912,30.9,,,,,,,,
2019,7,21,12,0,665,31,,,,,,,,
2019,7,21,13,0,711,31.1,,,,,,,,
2019,7,21,14,0,548,31,,,,,,,,
2019,7,21,15,0,362,31,,,,,,,,
2019,7,21,16,0,257,30.9,,,,,,,,
2019,7,21,17,0,205,30.4,,,,,,,,
2019,7,21,18,0,56,29.8,,,,,,,,
2019,7,21,19,0,0,29.4,,,,,,,,
2019,7,21,20,0,0,29.3,,,,,,,,
2019,7,21,21,0,0,29.1,,,,,,,,
2019,7,21,22,0,0,28.9,,,,,,,,
2019,7,21,23,0,0,28.7,,,,,,,,
2019,7,22,0,0,0,28.6,,,,,,,,
2019,7,22,1,0,0,28.6,,,,,,,,
2019,7,22,2,0,0,28.5,,,,,,,,
2019,7,22,3,0,0,28.4,,,,,,,,
2019,7,22,4,0,0,28.4,,,,,,,,
2019,7,22,5,0,0,28.5,,,,,,,,
2019,7,22,6,0,50,29.2,,,,,,,,
2019,7,22,7,0,14,29.7,,,,,,,,
2019,7,22,8,0,106,30,,,,,,,,
2019,7,22,9,0,421,30.3,,,,,,,,
2019,7,22,10,0,781,30.6,,,,,,,,
2019,7,22,11,0,814,30.8,,,,,,,,
2019,7,22,12,0,958,31,,,,,,,,
2019,7,22,13,0,277,31,,,,,,,,
2019,7,22,14,0,817,30.8,,,,,,,,
2019,7,22,15,0,663,30.6,,,,,,,,
2019,7,22,16,0,236,30.3,,,,,,,,
2019,7,22,17,0,220,29.9,,,,,,,,
2019,7,22,18,0,57,29.4,,,,,,,,
2019,7,22,19,0,0,29,,,,,,,,
2019,7,22,20,0,0,28.8,,,,,,,,
2019,7,22,21,0,0,28.7,,,,,,,,
2019,7,22,22,0,0,28.6,,,,,,,,
2019,7,22,23,0,0,28.5,,,,,,,,
2019,7,23,0,0,0,28.4,,,,,,,,
2019,7,23,1,0,0,28.3,,,,,,,,
2019,7,23,2,0,0,28.2,,,,,,,,
2019,7,23,3,0,0,28.1,,,,,,,,
2019,7,23,4,0,0,28.1,,,,,,,,
2019,7,23,5,0,0,28.2,,,,,,,,
2019,7,23,6,0,88,28.9,,,,,,,,
2019,7,23,7,0,288,29.5,,,,,,,,
2019,7,23,8,0,499,29.9,,,,,,,,
2019,7,23,9,0,628,30.2,,,,,,,,
2019,7,23,10,0,756,30.6,,,,,,,,
2019,7,23,11,0,727,30.8,,,,,,,,
2019,7,23,12,0,342,31,,,,,,,,
2019,7,23,13,0,503,31.1,,,,,,,,
2019,7,23,14,0,349,30.8,,,,,,,,
2019,7,23,15,0,257,30.4,,,,,,,,
2019,7,23,16,0,185,30,,,,,,,,
2019,7,23,17,0,141,29.6,,,,,,,,
2019,7,23,18,0,10,29.2,,,,,,,,
2019,7,23,19,0,0,29,,,,,,,,
2019,7,23,20,0,0,28.9,,,,,,,,
2019,7,23,21,0,0,28.9,,,,,,,,
2019,7,23,22,0,0,28.9,,,,,,,,
2019,7,23,23,0,0,28.8,,,,,,,,
2019,7,24,0,0,0,28.7,,,,,,,,
2019,7,24,1,0,0,28.6,,,,,,,,
2019,7,24,2,0,0,28.5,,,,,,,,
2019,7,24,3,0,0,28.4,,,,,,,,
2019,7,24,4,0,0,28.4,,,,,,,,
2019,7,24,5,0,0,28.4,,,,,,,,
2019,7,24,6,0,83,29.1,,,,,,,,
2019,7,24,7,0,262,29.6,,,,,,,,
2019,7,24,8,0,485,30.1,,,,,,,,
2019,7,24,9,0,608,30.6,,,,,,,,
2019,7,24,10,0,737,31.1,,,,,,,,
2019,7,24,11,0,936,31.3,,,,,,,,
2019,7,24,12,0,964,31.5,,,,,,,,
2019,7,24,13,0,640,31.5,,,,,,,,
2019,7,24,14,0,452,31.4,,,,,,,,
2019,7,24,15,0,302,31,,,,,,,,
2019,7,24,16,0,135,30.5,,,,,,,,
2019,7,24,17,0,12,30.1,,,,,,,,
2019,7,24,18,0,79,29.7,,,,,,,,
2019,7,24,19,0,0,29.6,,,,,,,,
2019,7,24,20,0,0,29.6,,,,,,,,
2019,7,24,21,0,0,29.5,,,,,,,,
2019,7,24,22,0,0,29.4,,,,,,,,
2019,7,24,23,0,0,29.2,,,,,,,,
2019,7,25,0,0,0,29,,,,,,,,
2019,7,25,1,0,0,28.8,,,,,,,,
2019,7,25,2,0,0,28.5,,,,,,,,
2019,7,25,3,0,0,28.3,,,,,,,,
2019,7,25,4,0,0,28.3,,,,,,,,
2019,7,25,5,0,0,28.4,,,,,,,,
2019,7,25,6,0,81,29,,,,,,,,
2019,7,25,7,0,261,29.7,,,,,,,,
2019,7,25,8,0,412,30.5,,,,,,,,
2019,7,25,9,0,638,31.2,,,,,,,,
2019,7,25,10,0,777,31.6,,,,,,,,
2019,7,25,11,0,843,31.6,,,,,,,,
2019,7,25,12,0,799,31.6,,,,,,,,
2019,7,25,13,0,773,31.6,,,,,,,,
2019,7,25,14,0,629,31.5,,,,,,,,
2019,7,25,15,0,444,31.2,,,,,,,,
2019,7,25,16,0,313,30.9,,,,,,,,
2019,7,25,17,0,244,30.5,,,,,,,,
2019,7,25,18,0,61,29.9,,,,,,,,
2019,7,25,19,0,0,29.7,,,,,,,,
2019,7,25,20,0,0,29.6,,,,,,,,
2019,7,25,21,0,0,29.4,,,,,,,,
2019,7,25,22,0,0,29.3,,,,,,,,
2019,7,25,23,0,0,29.1,,,,,,,,
2019,7,26,0,0,0,29.1,,,,,,,,
2019,7,26,1,0,0,29,,,,,,,,
2019,7,26,2,0,0,28.9,,,,,,,,
2019,7,26,3,0,0,28.9,,,,,,,,
2019,7,26,4,0,0,28.8,,,,,,,,
2019,7,26,5,0,0,28.8,,,,,,,,
2019,7,26,6,0,76,29.1,,,,,,,,
2019,7,26,7,0,270,29.6,,,,,,,,
2019,7,26,8,0,480,30.3,,,,,,,,
2019,7,26,9,0,669,31,,,,,,,,
2019,7,26,10,0,817,31.3,,,,,,,,
2019,7,26,11,0,927,31.5,,,,,,,,
2019,7,26,12,0,956,31.5,,,,,,,,
2019,7,26,13,0,709,31.5,,,,,,,,
2019,7,26,14,0,513,31.4,,,,,,,,
2019,7,26,15,0,453,31.2,,,,,,,,
2019,7,26,16,0,92,31,,,,,,,,
2019,7,26,17,0,272,30.7,,,,,,,,
2019,7,26,18,0,68,30,,,,,,,,
2019,7,26,19,0,0,29.7,,,,,,,,
2019,7,26,20,0,0,29.5,,,,,,,,
2019,7,26,21,0,0,29.4,,,,,,,,
2019,7,26,22,0,0,29.3,,,,,,,,
2019,7,26,23,0,0,29.3,,,,,,,,
2019,7,27,0,0,0,29.2,,,,,,,,
2019,7,27,1,0,0,29.1,,,,,,,,
2019,7,27,2,0,0,29.1,,,,,,,,
2019,7,27,3,0,0,29.1,,,,,,,,
2019,7,27,4,0,0,29.1,,,,,,,,
2019,7,27,5,0,0,29.1,,,,,,,,
2019,7,27,6,0,72,29.5,,,,,,,,
2019,7,27,7,0,263,29.9,,,,,,,,
2019,7,27,8,0,469,30.4,,,,,,,,
2019,7,27,9,0,660,31,,,,,,,,
2019,7,27,10,0,813,31.3,,,,,,,,
2019,7,27,11,0,935,31.4,,,,,,,,
2019,7,27,12,0,550,31.5,,,,,,,,
2019,7,27,13,0,724,31.3,,,,,,,,
2019,7,27,14,0,742,31.1,,,,,,,,
2019,7,27,15,0,672,30.8,,,,,,,,
2019,7,27,16,0,482,30.5,,,,,,,,
2019,7,27,17,0,270,30.1,,,,,,,,
2019,7,27,18,0,75,29.6,,,,,,,,
2019,7,27,19,0,0,29.3,,,,,,,,
2019,7,27,20,0,0,29.2,,,,,,,,
2019,7,27,21,0,0,29,,,,,,,,
2019,7,27,22,0,0,28.8,,,,,,,,
2019,7,27,23,0,0,28.7,,,,,,,,
2019,7,28,0,0,0,28.6,,,,,,,,
2019,7,28,1,0,0,28.5,,,,,,,,
2019,7,28,2,0,0,28.4,,,,,,,,
2019,7,28,3,0,0,28.4,,,,,,,,
2019,7,28,4,0,0,28.3,,,,,,,,
2019,7,28,5,0,0,28.5,,,,,,,,
2019,7,28,6,0,78,29.1,,,,,,,,
2019,7,28,7,0,186,29.6,,,,,,,,
2019,7,28,8,0,358,30,,,,,,,,
2019,7,28,9,0,494,30.3,,,,,,,,
2019,7,28,10,0,543,30.6,,,,,,,,
2019,7,28,11,0,312,30.7,,,,,,,,
2019,7,28,12,0,543,30.7,,,,,,,,
2019,7,28,13,0,417,30.6,,,,,,,,
2019,7,28,14,0,374,30.6,,,,,,,,
2019,7,28,15,0,676,30.6,,,,,,,,
2019,7,28,16,0,485,30.6,,,,,,,,
2019,7,28,17,0,273,30.3,,,,,,,,
2019,7,28,18,0,72,29.7,,,,,,,,
2019,7,28,19,0,0,29.4,,,,,,,,
2019,7,28,20,0,0,29.2,,,,,,,,
2019,7,28,21,0,0,29.1,,,,,,,,
2019,7,28,22,0,0,29,,,,,,,,
2019,7,28,23,0,0,28.8,,,,,,,,
2019,7,29,0,0,0,28.7,,,,,,,,
2019,7,29,1,0,0,28.6,,,,,,,,
2019,7,29,2,0,0,28.4,,,,,,,,
2019,7,29,3,0,0,28.3,,,,,,,,
2019,7,29,4,0,0,28.3,,,,,,,,
2019,7,29,5,0,0,28.4,,,,,,,,
2019,7,29,6,0,81,29.3,,,,,,,,
2019,7,29,7,0,283,30,,,,,,,,
2019,7,29,8,0,499,30.5,,,,,,,,
2019,7,29,9,0,693,30.9,,,,,,,,
2019,7,29,10,0,847,31.3,,,,,,,,
2019,7,29,11,0,955,31.5,,,,,,,,
2019,7,29,12,0,626,31.5,,,,,,,,
2019,7,29,13,0,295,31.5,,,,,,,,
2019,7,29,14,0,855,31.2,,,,,,,,
2019,7,29,15,0,368,30.7,,,,,,,,
2019,7,29,16,0,503,30.2,,,,,,,,
2019,7,29,17,0,286,29.8,,,,,,,,
2019,7,29,18,0,83,29.5,,,,,,,,
2019,7,29,19,0,0,29.3,,,,,,,,
2019,7,29,20,0,0,29.3,,,,,,,,
2019,7,29,21,0,0,29.2,,,,,,,,
2019,7,29,22,0,0,29.1,,,,,,,,
2019,7,29,23,0,0,29,,,,,,,,
2019,7,30,0,0,0,28.9,,,,,,,,
2019,7,30,1,0,0,28.8,,,,,,,,
2019,7,30,2,0,0,28.7,,,,,,,,
2019,7,30,3,0,0,28.7,,,,,,,,
2019,7,30,4,0,0,28.6,,,,,,,,
2019,7,30,5,0,0,28.7,,,,,,,,
2019,7,30,6,0,81,29.6,,,,,,,,
2019,7,30,7,0,284,30.5,,,,,,,,
2019,7,30,8,0,500,30.9,,,,,,,,
2019,7,30,9,0,694,31.2,,,,,,,,
2019,7,30,10,0,847,31.4,,,,,,,,
2019,7,30,11,0,952,31.6,,,,,,,,
2019,7,30,12,0,982,31.6,,,,,,,,
2019,7,30,13,0,948,31.5,,,,,,,,
2019,7,30,14,0,853,31.2,,,,,,,,
2019,7,30,15,0,698,30.8,,,,,,,,
2019,7,30,16,0,504,30.4,,,,,,,,
2019,7,30,17,0,288,29.9,,,,,,,,
2019,7,30,18,0,84,29.3,,,,,,,,
2019,7,30,19,0,0,29.1,,,,,,,,
2019,7,30,20,0,0,29,,,,,,,,
2019,7,30,21,0,0,28.9,,,,,,,,
2019,7,30,22,0,0,28.9,,,,,,,,
2019,7,30,23,0,0,28.8,,,,,,,,
2019,7,31,0,0,0,28.6,,,,,,,,
2019,7,31,1,0,0,28.5,,,,,,,,
2019,7,31,2,0,0,28.4,,,,,,,,
2019,7,31,3,0,0,28.4,,,,,,,,
2019,7,31,4,0,0,28.4,,,,,,,,
2019,7,31,5,0,0,28.4,,,,,,,,
2019,7,31,6,0,79,29.1,,,,,,,,
2019,7,31,7,0,282,29.7,,,,,,,,
2019,7,31,8,0,499,30.3,,,,,,,,
2019,7,31,9,0,695,30.8,,,,,,,,
2019,7,31,10,0,849,31.2,,,,,,,,
2019,7,31,11,0,954,31.4,,,,,,,,
2019,7,31,12,0,986,31.4,,,,,,,,
2019,7,31,13,0,951,31.3,,,,,,,,
2019,7,31,14,0,853,31.2,,,,,,,,
2019,7,31,15,0,698,31,,,,,,,,
2019,7,31,16,0,501,30.7,,,,,,,,
2019,7,31,17,0,283,30.3,,,,,,,,
2019,7,31,18,0,79,29.7,,,,,,,,
2019,7,31,19,0,0,29.5,,,,,,,,
2019,7,31,20,0,0,29.5,,,,,,,,
2019,7,31,21,0,0,29.4,,,,,,,,
2019,7,31,22,0,0,29.3,,,,,,,,
2019,7,31,23,0,0,29.2,,,,,,,,
2019,8,1,0,0,0,29,,,,,,,,
2019,8,1,1,0,0,28.9,,,,,,,,
2019,8,1,2,0,0,28.8,,,,,,,,
2019,8,1,3,0,0,28.7,,,,,,,,
2019,8,1,4,0,0,28.7,,,,,,,,
2019,8,1,5,0,0,28.7,,,,,,,,
2019,8,1,6,0,74,29.2,,,,,,,,
2019,8,1,7,0,273,29.8,,,,,,,,
2019,8,1,8,0,487,30.6,,,,,,,,
2019,8,1,9,0,680,30.9,,,,,,,,
2019,8,1,10,0,832,30.9,,,,,,,,
2019,8,1,11,0,940,31,,,,,,,,
2019,8,1,12,0,970,31.1,,,,,,,,
2019,8,1,13,0,935,31.1,,,,,,,,
2019,8,1,14,0,838,31,,,,,,,,
2019,8,1,15,0,681,30.8,,,,,,,,
2019,8,1,16,0,484,30.6,,,,,,,,
2019,8,1,17,0,268,30.2,,,,,,,,
2019,8,1,18,0,71,29.8,,,,,,,,
2019,8,1,19,0,0,29.6,,,,,,,,
2019,8,1,20,0,0,29.5,,,,,,,,
2019,8,1,21,0,0,29.5,,,,,,,,
2019,8,1,22,0,0,29.3,,,,,,,,
2019,8,1,23,0,0,29.2,,,,,,,,
2019,8,2,0,0,0,29,,,,,,,,
2019,8,2,1,0,0,28.8,,,,,,,,
2019,8,2,2,0,0,28.7,,,,,,,,
2019,8,2,3,0,0,28.7,,,,,,,,
2019,8,2,4,0,0,28.6,,,,,,,,
2019,8,2,5,0,0,28.6,,,,,,,,
2019,8,2,6,0,72,29.1,,,,,,,,
2019,8,2,7,0,269,29.5,,,,,,,,
2019,8,2,8,0,484,29.8,,,,,,,,
2019,8,2,9,0,680,29.9,,,,,,,,
2019,8,2,10,0,623,30,,,,,,,,
2019,8,2,11,0,943,30.2,,,,,,,,
2019,8,2,12,0,780,30.4,,,,,,,,
2019,8,2,13,0,939,30.5,,,,,,,,
2019,8,2,14,0,854,30.6,,,,,,,,
2019,8,2,15,0,696,30.5,,,,,,,,
2019,8,2,16,0,496,30.3,,,,,,,,
2019,8,2,17,0,276,29.8,,,,,,,,
2019,8,2,18,0,74,29.1,,,,,,,,
2019,8,2,19,0,0,28.9,,,,,,,,
2019,8,2,20,0,0,28.7,,,,,,,,
2019,8,2,21,0,0,28.6,,,,,,,,
2019,8,2,22,0,0,28.6,,,,,,,,
2019,8,2,23,0,0,28.5,,,,,,,,
2019,8,3,0,0,0,28.4,,,,,,,,
2019,8,3,1,0,0,28.3,,,,,,,,
2019,8,3,2,0,0,28.2,,,,,,,,
2019,8,3,3,0,0,28.1,,,,,,,,
2019,8,3,4,0,0,28.1,,,,,,,,
2019,8,3,5,0,0,28.2,,,,,,,,
2019,8,3,6,0,68,28.8,,,,,,,,
2019,8,3,7,0,263,29.2,,,,,,,,
2019,8,3,8,0,476,29.6,,,,,,,,
2019,8,3,9,0,670,30,,,,,,,,
2019,8,3,10,0,823,30.3,,,,,,,,
2019,8,3,11,0,941,30.5,,,,,,,,
2019,8,3,12,0,971,30.5,,,,,,,,
2019,8,3,13,0,935,30.6,,,,,,,,
2019,8,3,14,0,840,30.6,,,,,,,,
2019,8,3,15,0,685,30.4,,,,,,,,
2019,8,3,16,0,490,30.2,,,,,,,,
2019,8,3,17,0,271,29.8,,,,,,,,
2019,8,3,18,0,71,29.4,,,,,,,,
2019,8,3,19,0,0,29.3,,,,,,,,
2019,8,3,20,0,0,29.2,,,,,,,,
2019,8,3,21,0,0,29.1,,,,,,,,
2019,8,3,22,0,0,29.1,,,,,,,,
2019,8,3,23,0,0,29.1,,,,,,,,
2019,8,4,0,0,0,29.1,,,,,,,,
2019,8,4,1,0,0,29.1,,,,,,,,
2019,8,4,2,0,0,29.1,,,,,,,,
2019,8,4,3,0,0,29.1,,,,,,,,
2019,8,4,4,0,0,29.1,,,,,,,,
2019,8,4,5,0,0,29.1,,,,,,,,
2019,8,4,6,0,72,29.5,,,,,,,,
2019,8,4,7,0,272,29.9,,,,,,,,
2019,8,4,8,0,487,30.5,,,,,,,,
2019,8,4,9,0,681,30.9,,,,,,,,
2019,8,4,10,0,627,31.2,,,,,,,,
2019,8,4,11,0,944,31.5,,,,,,,,
2019,8,4,12,0,759,31.6,,,,,,,,
2019,8,4,13,0,661,31.6,,,,,,,,
2019,8,4,14,0,837,31.4,,,,,,,,
2019,8,4,15,0,683,31.3,,,,,,,,
2019,8,4,16,0,375,31,,,,,,,,
2019,8,4,17,0,242,30.5,,,,,,,,
2019,8,4,18,0,71,29.9,,,,,,,,
2019,8,4,19,0,0,29.7,,,,,,,,
2019,8,4,20,0,0,29.6,,,,,,,,
2019,8,4,21,0,0,29.5,,,,,,,,
2019,8,4,22,0,0,29.5,,,,,,,,
2019,8,4,23,0,0,29.4,,,,,,,,
2019,8,5,0,0,0,29.2,,,,,,,,
2019,8,5,1,0,0,29.1,,,,,,,,
2019,8,5,2,0,0,29,,,,,,,,
2019,8,5,3,0,0,29,,,,,,,,
2019,8,5,4,0,0,28.9,,,,,,,,
2019,8,5,5,0,0,29,,,,,,,,
2019,8,5,6,0,72,29.5,,,,,,,,
2019,8,5,7,0,275,29.8,,,,,,,,
2019,8,5,8,0,493,30.2,,,,,,,,
2019,8,5,9,0,689,30.7,,,,,,,,
2019,8,5,10,0,641,31,,,,,,,,
2019,8,5,11,0,753,31.1,,,,,,,,
2019,8,5,12,0,831,31.2,,,,,,,,
2019,8,5,13,0,942,31.2,,,,,,,,
2019,8,5,14,0,840,31.2,,,,,,,,
2019,8,5,15,0,415,30.9,,,,,,,,
2019,8,5,16,0,492,30.5,,,,,,,,
2019,8,5,17,0,275,30.1,,,,,,,,
2019,8,5,18,0,62,29.7,,,,,,,,
2019,8,5,19,0,0,29.6,,,,,,,,
2019,8,5,20,0,0,29.5,,,,,,,,
2019,8,5,21,0,0,29.5,,,,,,,,
2019,8,5,22,0,0,29.5,,,,,,,,
2019,8,5,23,0,0,29.4,,,,,,,,
2019,8,6,0,0,0,29.2,,,,,,,,
2019,8,6,1,0,0,29.1,,,,,,,,
2019,8,6,2,0,0,29,,,,,,,,
2019,8,6,3,0,0,28.9,,,,,,,,
2019,8,6,4,0,0,28.9,,,,,,,,
2019,8,6,5,0,0,28.9,,,,,,,,
2019,8,6,6,0,74,29.3,,,,,,,,
2019,8,6,7,0,280,29.6,,,,,,,,
2019,8,6,8,0,503,30,,,,,,,,
2019,8,6,9,0,703,30.3,,,,,,,,
2019,8,6,10,0,860,30.6,,,,,,,,
2019,8,6,11,0,960,30.8,,,,,,,,
2019,8,6,12,0,992,31,,,,,,,,
2019,8,6,13,0,956,31,,,,,,,,
2019,8,6,14,0,855,30.9,,,,,,,,
2019,8,6,15,0,696,30.8,,,,,,,,
2019,8,6,16,0,494,30.4,,,,,,,,
2019,8,6,17,0,272,29.9,,,,,,,,
2019,8,6,18,0,70,29.3,,,,,,,,
2019,8,6,19,0,0,29,,,,,,,,
2019,8,6,20,0,0,28.9,,,,,,,,
2019,8,6,21,0,0,28.8,,,,,,,,
2019,8,6,22,0,0,28.7,,,,,,,,
2019,8,6,23,0,0,28.6,,,,,,,,
2019,8,7,0,0,0,28.6,,,,,,,,
2019,8,7,1,0,0,28.5,,,,,,,,
2019,8,7,2,0,0,28.5,,,,,,,,
2019,8,7,3,0,0,28.5,,,,,,,,
2019,8,7,4,0,0,28.5,,,,,,,,
2019,8,7,5,0,0,28.6,,,,,,,,
2019,8,7,6,0,68,29.2,,,,,,,,
2019,8,7,7,0,269,29.7,,,,,,,,
2019,8,7,8,0,486,30.2,,,,,,,,
2019,8,7,9,0,296,30.6,,,,,,,,
2019,8,7,10,0,315,30.8,,,,,,,,
2019,8,7,11,0,438,30.9,,,,,,,,
2019,8,7,12,0,177,30.9,,,,,,,,
2019,8,7,13,0,553,30.8,,,,,,,,
2019,8,7,14,0,417,30.7,,,,,,,,
2019,8,7,15,0,609,30.4,,,,,,,,
2019,8,7,16,0,470,30.1,,,,,,,,
2019,8,7,17,0,254,29.7,,,,,,,,
2019,8,7,18,0,61,29.3,,,,,,,,
2019,8,7,19,0,0,29.2,,,,,,,,
2019,8,7,20,0,0,29.2,,,,,,,,
2019,8,7,21,0,0,29.2,,,,,,,,
2019,8,7,22,0,0,29.3,,,,,,,,
2019,8,7,23,0,0,29.3,,,,,,,,
2019,8,8,0,0,0,29.3,,,,,,,,
2019,8,8,1,0,0,29.3,,,,,,,,
2019,8,8,2,0,0,29.3,,,,,,,,
2019,8,8,3,0,0,29.2,,,,,,,,
2019,8,8,4,0,0,29.2,,,,,,,,
2019,8,8,5,0,0,29.2,,,,,,,,
2019,8,8,6,0,12,29.5,,,,,,,,
2019,8,8,7,0,73,29.8,,,,,,,,
2019,8,8,8,0,145,30,,,,,,,,
2019,8,8,9,0,415,30.3,,,,,,,,
2019,8,8,10,0,491,30.4,,,,,,,,
2019,8,8,11,0,569,30.4,,,,,,,,
2019,8,8,12,0,803,30.3,,,,,,,,
2019,8,8,13,0,170,30.2,,,,,,,,
2019,8,8,14,0,65,30,,,,,,,,
2019,8,8,15,0,45,29.9,,,,,,,,
2019,8,8,16,0,254,29.8,,,,,,,,
2019,8,8,17,0,215,29.6,,,,,,,,
2019,8,8,18,0,54,29.4,,,,,,,,
2019,8,8,19,0,0,29.3,,,,,,,,
2019,8,8,20,0,0,29.2,,,,,,,,
2019,8,8,21,0,0,29.2,,,,,,,,
2019,8,8,22,0,0,29.2,,,,,,,,
2019,8,8,23,0,0,29.2,,,,,,,,
2019,8,9,0,0,0,29.1,,,,,,,,
2019,8,9,1,0,0,29,,,,,,,,
2019,8,9,2,0,0,29,,,,,,,,
2019,8,9,3,0,0,28.9,,,,,,,,
2019,8,9,4,0,0,28.9,,,,,,,,
2019,8,9,5,0,0,28.9,,,,,,,,
2019,8,9,6,0,11,29,,,,,,,,
2019,8,9,7,0,58,29.1,,,,,,,,
2019,8,9,8,0,29,29.3,,,,,,,,
2019,8,9,9,0,232,29.5,,,,,,,,
2019,8,9,10,0,256,29.8,,,,,,,,
2019,8,9,11,0,151,30.2,,,,,,,,
2019,8,9,12,0,292,30.4,,,,,,,,
2019,8,9,13,0,337,30.7,,,,,,,,
2019,8,9,14,0,260,31,,,,,,,,
2019,8,9,15,0,394,31.1,,,,,,,,
2019,8,9,16,0,302,30.9,,,,,,,,
2019,8,9,17,0,136,30.6,,,,,,,,
2019,8,9,18,0,34,30.3,,,,,,,,
2019,8,9,19,0,0,30.3,,,,,,,,
2019,8,9,20,0,0,30.2,,,,,,,,
2019,8,9,21,0,0,30.2,,,,,,,,
2019,8,9,22,0,0,30.2,,,,,,,,
2019,8,9,23,0,0,30.4,,,,,,,,
2019,8,10,0,0,0,30.6,,,,,,,,
2019,8,10,1,0,0,30.7,,,,,,,,
2019,8,10,2,0,0,30.7,,,,,,,,
2019,8,10,3,0,0,30.6,,,,,,,,
2019,8,10,4,0,0,30.5,,,,,,,,
2019,8,10,5,0,0,30.6,,,,,,,,
2019,8,10,6,0,14,30.9,,,,,,,,
2019,8,10,7,0,45,31.3,,,,,,,,
2019,8,10,8,0,138,31.7,,,,,,,,
2019,8,10,9,0,404,32.1,,,,,,,,
2019,8,10,10,0,725,32.4,,,,,,,,
2019,8,10,11,0,695,32.6,,,,,,,,
2019,8,10,12,0,853,32.7,,,,,,,,
2019,8,10,13,0,791,32.7,,,,,,,,
2019,8,10,14,0,772,32.5,,,,,,,,
2019,8,10,15,0,670,32.2,,,,,,,,
2019,8,10,16,0,472,31.9,,,,,,,,
2019,8,10,17,0,254,31.3,,,,,,,,
2019,8,10,18,0,59,30.8,,,,,,,,
2019,8,10,19,0,0,30.7,,,,,,,,
2019,8,10,20,0,0,30.6,,,,,,,,
2019,8,10,21,0,0,30.7,,,,,,,,
2019,8,10,22,0,0,30.6,,,,,,,,
2019,8,10,23,0,0,30.5,,,,,,,,
2019,8,11,0,0,0,30.4,,,,,,,,
2019,8,11,1,0,0,30.4,,,,,,,,
2019,8,11,2,0,0,30.2,,,,,,,,
2019,8,11,3,0,0,30,,,,,,,,
2019,8,11,4,0,0,29.9,,,,,,,,
2019,8,11,5,0,0,29.9,,,,,,,,
2019,8,11,6,0,52,30.2,,,,,,,,
2019,8,11,7,0,195,30.6,,,,,,,,
2019,8,11,8,0,406,31,,,,,,,,
2019,8,11,9,0,588,31.4,,,,,,,,
2019,8,11,10,0,732,31.6,,,,,,,,
2019,8,11,11,0,810,31.7,,,,,,,,
2019,8,11,12,0,817,31.8,,,,,,,,
2019,8,11,13,0,897,31.9,,,,,,,,
2019,8,11,14,0,740,31.9,,,,,,,,
2019,8,11,15,0,588,31.7,,,,,,,,
2019,8,11,16,0,399,31.2,,,,,,,,
2019,8,11,17,0,201,30.7,,,,,,,,
2019,8,11,18,0,48,30.2,,,,,,,,
2019,8,11,19,0,0,29.9,,,,,,,,
2019,8,11,20,0,0,29.7,,,,,,,,
2019,8,11,21,0,0,29.6,,,,,,,,
2019,8,11,22,0,0,29.4,,,,,,,,
2019,8,11,23,0,0,29.3,,,,,,,,
2019,8,12,0,0,0,29.1,,,,,,,,
2019,8,12,1,0,0,29,,,,,,,,
2019,8,12,2,0,0,28.9,,,,,,,,
2019,8,12,3,0,0,28.8,,,,,,,,
2019,8,12,4,0,0,28.8,,,,,,,,
2019,8,12,5,0,0,28.8,,,,,,,,
2019,8,12,6,0,5,29.3,,,,,,,,
2019,8,12,7,0,117,30,,,,,,,,
2019,8,12,8,0,162,30.8,,,,,,,,
2019,8,12,9,0,322,31.1,,,,,,,,
2019,8,12,10,0,431,31,,,,,,,,
2019,8,12,11,0,211,30.9,,,,,,,,
2019,8,12,12,0,418,30.9,,,,,,,,
2019,8,12,13,0,743,30.8,,,,,,,,
2019,8,12,14,0,317,30.6,,,,,,,,
2019,8,12,15,0,357,30.4,,,,,,,,
2019,8,12,16,0,369,30.2,,,,,,,,
2019,8,12,17,0,157,30,,,,,,,,
2019,8,12,18,0,39,29.7,,,,,,,,
2019,8,12,19,0,0,29.5,,,,,,,,
2019,8,12,20,0,0,29.3,,,,,,,,
2019,8,12,21,0,0,29.2,,,,,,,,
2019,8,12,22,0,0,29.1,,,,,,,,
2019,8,12,23,0,0,29,,,,,,,,
2019,8,13,0,0,0,29,,,,,,,,
2019,8,13,1,0,0,28.9,,,,,,,,
2019,8,13,2,0,0,28.8,,,,,,,,
2019,8,13,3,0,0,28.6,,,,,,,,
2019,8,13,4,0,0,28.5,,,,,,,,
2019,8,13,5,0,0,28.4,,,,,,,,
2019,8,13,6,0,53,29.1,,,,,,,,
2019,8,13,7,0,244,30,,,,,,,,
2019,8,13,8,0,456,31,,,,,,,,
2019,8,13,9,0,629,31.5,,,,,,,,
2019,8,13,10,0,803,31.8,,,,,,,,
2019,8,13,11,0,905,32,,,,,,,,
2019,8,13,12,0,936,32.1,,,,,,,,
2019,8,13,13,0,897,32,,,,,,,,
2019,8,13,14,0,806,31.8,,,,,,,,
2019,8,13,15,0,621,31.5,,,,,,,,
2019,8,13,16,0,451,31.1,,,,,,,,
2019,8,13,17,0,237,30.7,,,,,,,,
2019,8,13,18,0,47,29.9,,,,,,,,
2019,8,13,19,0,0,29.5,,,,,,,,
2019,8,13,20,0,0,29.2,,,,,,,,
2019,8,13,21,0,0,29,,,,,,,,
2019,8,13,22,0,0,28.8,,,,,,,,
2019,8,13,23,0,0,28.8,,,,,,,,
2019,8,14,0,0,0,28.7,,,,,,,,
2019,8,14,1,0,0,28.6,,,,,,,,
2019,8,14,2,0,0,28.4,,,,,,,,
2019,8,14,3,0,0,28.3,,,,,,,,
2019,8,14,4,0,0,28.2,,,,,,,,
2019,8,14,5,0,0,28.2,,,,,,,,
2019,8,14,6,0,57,29,,,,,,,,
2019,8,14,7,0,251,29.8,,,,,,,,
2019,8,14,8,0,466,30.7,,,,,,,,
2019,8,14,9,0,661,31.3,,,,,,,,
2019,8,14,10,0,815,31.7,,,,,,,,
2019,8,14,11,0,920,32,,,,,,,,
2019,8,14,12,0,952,32.3,,,,,,,,
2019,8,14,13,0,916,32.3,,,,,,,,
2019,8,14,14,0,576,32.2,,,,,,,,
2019,8,14,15,0,657,31.9,,,,,,,,
2019,8,14,16,0,457,31.4,,,,,,,,
2019,8,14,17,0,240,30.9,,,,,,,,
2019,8,14,18,0,48,30.1,,,,,,,,
2019,8,14,19,0,0,29.8,,,,,,,,
2019,8,14,20,0,0,29.6,,,,,,,,
2019,8,14,21,0,0,29.4,,,,,,,,
2019,8,14,22,0,0,29.4,,,,,,,,
2019,8,14,23,0,0,29.2,,,,,,,,
2019,8,15,0,0,0,29,,,,,,,,
2019,8,15,1,0,0,28.8,,,,,,,,
2019,8,15,2,0,0,28.7,,,,,,,,
2019,8,15,3,0,0,28.6,,,,,,,,
2019,8,15,4,0,0,28.4,,,,,,,,
2019,8,15,5,0,0,28.3,,,,,,,,
2019,8,15,6,0,54,29.1,,,,,,,,
2019,8,15,7,0,192,30,,,,,,,,
2019,8,15,8,0,431,30.9,,,,,,,,
2019,8,15,9,0,305,31.5,,,,,,,,
2019,8,15,10,0,560,31.9,,,,,,,,
2019,8,15,11,0,456,32.1,,,,,,,,
2019,8,15,12,0,123,32.2,,,,,,,,
2019,8,15,13,0,454,32.1,,,,,,,,
2019,8,15,14,0,689,31.8,,,,,,,,
2019,8,15,15,0,522,31.5,,,,,,,,
2019,8,15,16,0,236,31.1,,,,,,,,
2019,8,15,17,0,62,30.6,,,,,,,,
2019,8,15,18,0,11,30.1,,,,,,,,
2019,8,15,19,0,0,29.9,,,,,,,,
2019,8,15,20,0,0,29.7,,,,,,,,
2019,8,15,21,0,0,29.5,,,,,,,,
2019,8,15,22,0,0,29.3,,,,,,,,
2019,8,15,23,0,0,29.1,,,,,,,,
2019,8,16,0,0,0,29,,,,,,,,
2019,8,16,1,0,0,28.8,,,,,,,,
2019,8,16,2,0,0,28.7,,,,,,,,
2019,8,16,3,0,0,28.6,,,,,,,,
2019,8,16,4,0,0,28.5,,,,,,,,
2019,8,16,5,0,0,28.5,,,,,,,,
2019,8,16,6,0,21,28.9,,,,,,,,
2019,8,16,7,0,199,29.3,,,,,,,,
2019,8,16,8,0,400,30,,,,,,,,
2019,8,16,9,0,349,30.7,,,,,,,,
2019,8,16,10,0,645,31.1,,,,,,,,
2019,8,16,11,0,540,31.3,,,,,,,,
2019,8,16,12,0,640,31.4,,,,,,,,
2019,8,16,13,0,759,31.4,,,,,,,,
2019,8,16,14,0,691,31.2,,,,,,,,
2019,8,16,15,0,398,30.9,,,,,,,,
2019,8,16,16,0,296,30.7,,,,,,,,
2019,8,16,17,0,224,30.3,,,,,,,,
2019,8,16,18,0,39,29.8,,,,,,,,
2019,8,16,19,0,0,29.6,,,,,,,,
2019,8,16,20,0,0,29.4,,,,,,,,
2019,8,16,21,0,0,29.2,,,,,,,,
2019,8,16,22,0,0,29,,,,,,,,
2019,8,16,23,0,0,28.8,,,,,,,,
2019,8,17,0,0,0,28.7,,,,,,,,
2019,8,17,1,0,0,28.6,,,,,,,,
2019,8,17,2,0,0,28.5,,,,,,,,
2019,8,17,3,0,0,28.5,,,,,,,,
2019,8,17,4,0,0,28.5,,,,,,,,
2019,8,17,5,0,0,28.6,,,,,,,,
2019,8,17,6,0,33,29.2,,,,,,,,
2019,8,17,7,0,234,29.7,,,,,,,,
2019,8,17,8,0,407,30.4,,,,,,,,
2019,8,17,9,0,484,31,,,,,,,,
2019,8,17,10,0,784,31.4,,,,,,,,
2019,8,17,11,0,888,31.6,,,,,,,,
2019,8,17,12,0,914,31.7,,,,,,,,
2019,8,17,13,0,872,31.7,,,,,,,,
2019,8,17,14,0,782,31.5,,,,,,,,
2019,8,17,15,0,448,31.2,,,,,,,,
2019,8,17,16,0,370,30.8,,,,,,,,
2019,8,17,17,0,126,30.2,,,,,,,,
2019,8,17,18,0,31,29.6,,,,,,,,
2019,8,17,19,0,0,29.3,,,,,,,,
2019,8,17,20,0,0,29.1,,,,,,,,
2019,8,17,21,0,0,29,,,,,,,,
2019,8,17,22,0,0,28.8,,,,,,,,
2019,8,17,23,0,0,28.5,,,,,,,,
2019,8,18,0,0,0,28.3,,,,,,,,
2019,8,18,1,0,0,28.1,,,,,,,,
2019,8,18,2,0,0,27.9,,,,,,,,
2019,8,18,3,0,0,27.8,,,,,,,,
2019,8,18,4,0,0,27.7,,,,,,,,
2019,8,18,5,0,0,27.8,,,,,,,,
2019,8,18,6,0,49,28.5,,,,,,,,
2019,8,18,7,0,237,29.2,,,,,,,,
2019,8,18,8,0,445,30.2,,,,,,,,
2019,8,18,9,0,632,30.7,,,,,,,,
2019,8,18,10,0,427,30.7,,,,,,,,
2019,8,18,11,0,547,30.6,,,,,,,,
2019,8,18,12,0,74,30.3,,,,,,,,
2019,8,18,13,0,360,30.1,,,,,,,,
2019,8,18,14,0,225,29.9,,,,,,,,
2019,8,18,15,0,222,29.6,,,,,,,,
2019,8,18,16,0,185,29.2,,,,,,,,
2019,8,18,17,0,55,28.9,,,,,,,,
2019,8,18,18,0,16,28.5,,,,,,,,
2019,8,18,19,0,0,28.3,,,,,,,,
2019,8,18,20,0,0,28.1,,,,,,,,
2019,8,18,21,0,0,28,,,,,,,,
2019,8,18,22,0,0,27.9,,,,,,,,
2019,8,18,23,0,0,27.8,,,,,,,,
2019,8,19,0,0,0,27.7,,,,,,,,
2019,8,19,1,0,0,27.6,,,,,,,,
2019,8,19,2,0,0,27.6,,,,,,,,
2019,8,19,3,0,0,27.6,,,,,,,,
2019,8,19,4,0,0,27.6,,,,,,,,
2019,8,19,5,0,0,27.6,,,,,,,,
2019,8,19,6,0,31,27.9,,,,,,,,
2019,8,19,7,0,148,28.2,,,,,,,,
2019,8,19,8,0,118,28.6,,,,,,,,
2019,8,19,9,0,390,28.9,,,,,,,,
2019,8,19,10,0,564,29,,,,,,,,
2019,8,19,11,0,622,29,,,,,,,,
2019,8,19,12,0,627,28.9,,,,,,,,
2019,8,19,13,0,687,28.8,,,,,,,,
2019,8,19,14,0,384,28.6,,,,,,,,
2019,8,19,15,0,229,28.5,,,,,,,,
2019,8,19,16,0,24,28.3,,,,,,,,
2019,8,19,17,0,59,28.1,,,,,,,,
2019,8,19,18,0,19,27.9,,,,,,,,
2019,8,19,19,0,0,27.9,,,,,,,,
2019,8,19,20,0,0,27.9,,,,,,,,
2019,8,19,21,0,0,27.9,,,,,,,,
2019,8,19,22,0,0,27.8,,,,,,,,
2019,8,19,23,0,0,27.7,,,,,,,,
2019,8,20,0,0,0,27.6,,,,,,,,
2019,8,20,1,0,0,27.4,,,,,,,,
2019,8,20,2,0,0,27.3,,,,,,,,
2019,8,20,3,0,0,27.2,,,,,,,,
2019,8,20,4,0,0,27.2,,,,,,,,
2019,8,20,5,0,0,27.2,,,,,,,,
2019,8,20,6,0,36,27.8,,,,,,,,
2019,8,20,7,0,158,28.3,,,,,,,,
2019,8,20,8,0,412,28.8,,,,,,,,
2019,8,20,9,0,651,29.2,,,,,,,,
2019,8,20,10,0,136,29.4,,,,,,,,
2019,8,20,11,0,368,29.6,,,,,,,,
2019,8,20,12,0,761,29.5,,,,,,,,
2019,8,20,13,0,421,29.3,,,,,,,,
2019,8,20,14,0,230,29.2,,,,,,,,
2019,8,20,15,0,515,29,,,,,,,,
2019,8,20,16,0,318,28.7,,,,,,,,
2019,8,20,17,0,94,28.5,,,,,,,,
2019,8,20,18,0,23,28.2,,,,,,,,
2019,8,20,19,0,0,28,,,,,,,,
2019,8,20,20,0,0,28,,,,,,,,
2019,8,20,21,0,0,27.9,,,,,,,,
2019,8,20,22,0,0,27.9,,,,,,,,
2019,8,20,23,0,0,27.7,,,,,,,,
2019,8,21,0,0,0,27.6,,,,,,,,
2019,8,21,1,0,0,27.5,,,,,,,,
2019,8,21,2,0,0,27.3,,,,,,,,
2019,8,21,3,0,0,27.3,,,,,,,,
2019,8,21,4,0,0,27.2,,,,,,,,
2019,8,21,5,0,0,27.3,,,,,,,,
2019,8,21,6,0,19,27.9,,,,,,,,
2019,8,21,7,0,236,28.3,,,,,,,,
2019,8,21,8,0,381,28.4,,,,,,,,
2019,8,21,9,0,595,28.6,,,,,,,,
2019,8,21,10,0,689,28.7,,,,,,,,
2019,8,21,11,0,791,28.8,,,,,,,,
2019,8,21,12,0,338,28.8,,,,,,,,
2019,8,21,13,0,704,28.9,,,,,,,,
2019,8,21,14,0,223,28.8,,,,,,,,
2019,8,21,15,0,482,28.8,,,,,,,,
2019,8,21,16,0,400,28.7,,,,,,,,
2019,8,21,17,0,195,28.5,,,,,,,,
2019,8,21,18,0,22,28.2,,,,,,,,
2019,8,21,19,0,0,28.3,,,,,,,,
2019,8,21,20,0,0,28.3,,,,,,,,
2019,8,21,21,0,0,28.3,,,,,,,,
2019,8,21,22,0,0,28.2,,,,,,,,
2019,8,21,23,0,0,28.2,,,,,,,,
2019,8,22,0,0,0,28.2,,,,,,,,
2019,8,22,1,0,0,28.2,,,,,,,,
2019,8,22,2,0,0,28.1,,,,,,,,
2019,8,22,3,0,0,28.1,,,,,,,,
2019,8,22,4,0,0,28.1,,,,,,,,
2019,8,22,5,0,0,28.1,,,,,,,,
2019,8,22,6,0,48,28.7,,,,,,,,
2019,8,22,7,0,242,29.6,,,,,,,,
2019,8,22,8,0,459,30.1,,,,,,,,
2019,8,22,9,0,659,30.5,,,,,,,,
2019,8,22,10,0,816,30.9,,,,,,,,
2019,8,22,11,0,935,31,,,,,,,,
2019,8,22,12,0,963,31.1,,,,,,,,
2019,8,22,13,0,922,31,,,,,,,,
2019,8,22,14,0,818,30.7,,,,,,,,
2019,8,22,15,0,305,30.3,,,,,,,,
2019,8,22,16,0,449,29.8,,,,,,,,
2019,8,22,17,0,228,29.4,,,,,,,,
2019,8,22,18,0,37,28.9,,,,,,,,
2019,8,22,19,0,0,28.8,,,,,,,,
2019,8,22,20,0,0,28.8,,,,,,,,
2019,8,22,21,0,0,28.7,,,,,,,,
2019,8,22,22,0,0,28.7,,,,,,,,
2019,8,22,23,0,0,28.6,,,,,,,,
2019,8,23,0,0,0,28.4,,,,,,,,
2019,8,23,1,0,0,28.1,,,,,,,,
2019,8,23,2,0,0,28,,,,,,,,
2019,8,23,3,0,0,28,,,,,,,,
2019,8,23,4,0,0,28,,,,,,,,
2019,8,23,5,0,0,28,,,,,,,,
2019,8,23,6,0,54,28.9,,,,,,,,
2019,8,23,7,0,252,29.5,,,,,,,,
2019,8,23,8,0,471,30,,,,,,,,
2019,8,23,9,0,670,30.5,,,,,,,,
2019,8,23,10,0,826,30.8,,,,,,,,
2019,8,23,11,0,931,30.9,,,,,,,,
2019,8,23,12,0,960,31,,,,,,,,
2019,8,23,13,0,918,30.9,,,,,,,,
2019,8,23,14,0,195,30.7,,,,,,,,
2019,8,23,15,0,648,30.4,,,,,,,,
2019,8,23,16,0,200,30,,,,,,,,
2019,8,23,17,0,222,29.6,,,,,,,,
2019,8,23,18,0,34,29.2,,,,,,,,
2019,8,23,19,0,0,29,,,,,,,,
2019,8,23,20,0,0,29,,,,,,,,
2019,8,23,21,0,0,29,,,,,,,,
2019,8,23,22,0,0,28.9,,,,,,,,
2019,8,23,23,0,0,28.8,,,,,,,,
2019,8,24,0,0,0,28.7,,,,,,,,
2019,8,24,1,0,0,28.6,,,,,,,,
2019,8,24,2,0,0,28.5,,,,,,,,
2019,8,24,3,0,0,28.6,,,,,,,,
2019,8,24,4,0,0,28.6,,,,,,,,
2019,8,24,5,0,0,28.7,,,,,,,,
2019,8,24,6,0,45,28.9,,,,,,,,
2019,8,24,7,0,228,29.1,,,,,,,,
2019,8,24,8,0,381,29.4,,,,,,,,
2019,8,24,9,0,599,29.8,,,,,,,,
2019,8,24,10,0,381,30,,,,,,,,
2019,8,24,11,0,580,30.1,,,,,,,,
2019,8,24,12,0,795,30.2,,,,,,,,
2019,8,24,13,0,578,30.1,,,,,,,,
2019,8,24,14,0,536,30,,,,,,,,
2019,8,24,15,0,330,29.8,,,,,,,,
2019,8,24,16,0,213,29.6,,,,,,,,
2019,8,24,17,0,80,29.4,,,,,,,,
2019,8,24,18,0,15,29.2,,,,,,,,
2019,8,24,19,0,0,29.1,,,,,,,,
2019,8,24,20,0,0,29.1,,,,,,,,
2019,8,24,21,0,0,29,,,,,,,,
2019,8,24,22,0,0,29,,,,,,,,
2019,8,24,23,0,0,29,,,,,,,,
2019,8,25,0,0,0,29,,,,,,,,
2019,8,25,1,0,0,28.9,,,,,,,,
2019,8,25,2,0,0,28.9,,,,,,,,
2019,8,25,3,0,0,28.9,,,,,,,,
2019,8,25,4,0,0,28.7,,,,,,,,
2019,8,25,5,0,0,28.5,,,,,,,,
2019,8,25,6,0,49,28.9,,,,,,,,
2019,8,25,7,0,143,29.4,,,,,,,,
2019,8,25,8,0,266,30.1,,,,,,,,
2019,8,25,9,0,483,30.7,,,,,,,,
2019,8,25,10,0,455,31,,,,,,,,
2019,8,25,11,0,494,31,,,,,,,,
2019,8,25,12,0,741,30.8,,,,,,,,
2019,8,25,13,0,606,30.8,,,,,,,,
2019,8,25,14,0,706,30.7,,,,,,,,
2019,8,25,15,0,505,30.5,,,,,,,,
2019,8,25,16,0,392,30.1,,,,,,,,
2019,8,25,17,0,204,29.7,,,,,,,,
2019,8,25,18,0,23,29.3,,,,,,,,
2019,8,25,19,0,0,29.1,,,,,,,,
2019,8,25,20,0,0,29,,,,,,,,
2019,8,25,21,0,0,28.9,,,,,,,,
2019,8,25,22,0,0,28.9,,,,,,,,
2019,8,25,23,0,0,28.8,,,,,,,,
2019,8,26,0,0,0,28.7,,,,,,,,
2019,8,26,1,0,0,28.6,,,,,,,,
2019,8,26,2,0,0,28.5,,,,,,,,
2019,8,26,3,0,0,28.4,,,,,,,,
2019,8,26,4,0,0,28.3,,,,,,,,
2019,8,26,5,0,0,28.2,,,,,,,,
2019,8,26,6,0,48,28.7,,,,,,,,
2019,8,26,7,0,226,29.3,,,,,,,,
2019,8,26,8,0,413,29.9,,,,,,,,
2019,8,26,9,0,632,30.2,,,,,,,,
2019,8,26,10,0,736,30.3,,,,,,,,
2019,8,26,11,0,846,30.4,,,,,,,,
2019,8,26,12,0,571,30.6,,,,,,,,
2019,8,26,13,0,398,30.8,,,,,,,,
2019,8,26,14,0,796,30.7,,,,,,,,
2019,8,26,15,0,631,30.5,,,,,,,,
2019,8,26,16,0,428,30.1,,,,,,,,
2019,8,26,17,0,207,29.7,,,,,,,,
2019,8,26,18,0,25,29.3,,,,,,,,
2019,8,26,19,0,0,29.1,,,,,,,,
2019,8,26,20,0,0,29,,,,,,,,
2019,8,26,21,0,0,28.9,,,,,,,,
2019,8,26,22,0,0,28.8,,,,,,,,
2019,8,26,23,0,0,28.6,,,,,,,,
2019,8,27,0,0,0,28.4,,,,,,,,
2019,8,27,1,0,0,28.3,,,,,,,,
2019,8,27,2,0,0,28.1,,,,,,,,
2019,8,27,3,0,0,28,,,,,,,,
2019,8,27,4,0,0,27.9,,,,,,,,
2019,8,27,5,0,0,27.7,,,,,,,,
2019,8,27,6,0,54,28.4,,,,,,,,
2019,8,27,7,0,262,29,,,,,,,,
2019,8,27,8,0,490,29.8,,,,,,,,
2019,8,27,9,0,692,30.4,,,,,,,,
2019,8,27,10,0,847,30.8,,,,,,,,
2019,8,27,11,0,947,31,,,,,,,,
2019,8,27,12,0,973,31.1,,,,,,,,
2019,8,27,13,0,929,30.9,,,,,,,,
2019,8,27,14,0,822,30.6,,,,,,,,
2019,8,27,15,0,655,30.2,,,,,,,,
2019,8,27,16,0,447,29.8,,,,,,,,
2019,8,27,17,0,223,29.2,,,,,,,,
2019,8,27,18,0,30,28.6,,,,,,,,
2019,8,27,19,0,0,28.4,,,,,,,,
2019,8,27,20,0,0,28.3,,,,,,,,
2019,8,27,21,0,0,28.2,,,,,,,,
2019,8,27,22,0,0,28.1,,,,,,,,
2019,8,27,23,0,0,28.1,,,,,,,,
2019,8,28,0,0,0,28,,,,,,,,
2019,8,28,1,0,0,28,,,,,,,,
2019,8,28,2,0,0,27.9,,,,,,,,
2019,8,28,3,0,0,27.8,,,,,,,,
2019,8,28,4,0,0,27.8,,,,,,,,
2019,8,28,5,0,0,27.8,,,,,,,,
2019,8,28,6,0,51,28.5,,,,,,,,
2019,8,28,7,0,254,29.2,,,,,,,,
2019,8,28,8,0,477,29.9,,,,,,,,
2019,8,28,9,0,677,30.5,,,,,,,,
2019,8,28,10,0,832,30.9,,,,,,,,
2019,8,28,11,0,933,31.2,,,,,,,,
2019,8,28,12,0,963,31.3,,,,,,,,
2019,8,28,13,0,922,31.3,,,,,,,,
2019,8,28,14,0,813,31.2,,,,,,,,
2019,8,28,15,0,647,31,,,,,,,,
2019,8,28,16,0,440,30.6,,,,,,,,
2019,8,28,17,0,215,29.9,,,,,,,,
2019,8,28,18,0,27,29.3,,,,,,,,
2019,8,28,19,0,0,29,,,,,,,,
2019,8,28,20,0,0,28.9,,,,,,,,
2019,8,28,21,0,0,28.8,,,,,,,,
2019,8,28,22,0,0,28.7,,,,,,,,
2019,8,28,23,0,0,28.6,,,,,,,,
2019,8,29,0,0,0,28.5,,,,,,,,
2019,8,29,1,0,0,28.4,,,,,,,,
2019,8,29,2,0,0,28.3,,,,,,,,
2019,8,29,3,0,0,28.3,,,,,,,,
2019,8,29,4,0,0,28.2,,,,,,,,
2019,8,29,5,0,0,28.3,,,,,,,,
2019,8,29,6,0,47,29,,,,,,,,
2019,8,29,7,0,242,29.9,,,,,,,,
2019,8,29,8,0,458,30.5,,,,,,,,
2019,8,29,9,0,653,30.8,,,,,,,,
2019,8,29,10,0,504,31.2,,,,,,,,
2019,8,29,11,0,897,31.4,,,,,,,,
2019,8,29,12,0,782,31.6,,,,,,,,
2019,8,29,13,0,610,31.6,,,,,,,,
2019,8,29,14,0,400,31.3,,,,,,,,
2019,8,29,15,0,90,30.9,,,,,,,,
2019,8,29,16,0,53,30.5,,,,,,,,
2019,8,29,17,0,195,30,,,,,,,,
2019,8,29,18,0,19,29.5,,,,,,,,
2019,8,29,19,0,0,29.4,,,,,,,,
2019,8,29,20,0,0,29.3,,,,,,,,
2019,8,29,21,0,0,29.2,,,,,,,,
2019,8,29,22,0,0,29.1,,,,,,,,
2019,8,29,23,0,0,29,,,,,,,,
2019,8,30,0,0,0,28.8,,,,,,,,
2019,8,30,1,0,0,28.6,,,,,,,,
2019,8,30,2,0,0,28.5,,,,,,,,
2019,8,30,3,0,0,28.6,,,,,,,,
2019,8,30,4,0,0,28.5,,,,,,,,
2019,8,30,5,0,0,28.5,,,,,,,,
2019,8,30,6,0,42,28.8,,,,,,,,
2019,8,30,7,0,10,29.2,,,,,,,,
2019,8,30,8,0,118,29.5,,,,,,,,
2019,8,30,9,0,59,29.6,,,,,,,,
2019,8,30,10,0,94,29.5,,,,,,,,
2019,8,30,11,0,879,29.5,,,,,,,,
2019,8,30,12,0,730,29.4,,,,,,,,
2019,8,30,13,0,80,29.3,,,,,,,,
2019,8,30,14,0,61,29.3,,,,,,,,
2019,8,30,15,0,49,29.2,,,,,,,,
2019,8,30,16,0,74,29.1,,,,,,,,
2019,8,30,17,0,14,28.9,,,,,,,,
2019,8,30,18,0,4,28.7,,,,,,,,
2019,8,30,19,0,0,28.5,,,,,,,,
2019,8,30,20,0,0,28.4,,,,,,,,
2019,8,30,21,0,0,28.3,,,,,,,,
2019,8,30,22,0,0,28.1,,,,,,,,
2019,8,30,23,0,0,28,,,,,,,,
2019,8,31,0,0,0,27.9,,,,,,,,
2019,8,31,1,0,0,27.9,,,,,,,,
2019,8,31,2,0,0,27.8,,,,,,,,
2019,8,31,3,0,0,27.7,,,,,,,,
2019,8,31,4,0,0,27.7,,,,,,,,
2019,8,31,5,0,0,27.8,,,,,,,,
2019,8,31,6,0,44,28.3,,,,,,,,
2019,8,31,7,0,242,28.7,,,,,,,,
2019,8,31,8,0,464,29,,,,,,,,
2019,8,31,9,0,666,29.3,,,,,,,,
2019,8,31,10,0,824,29.7,,,,,,,,
2019,8,31,11,0,926,29.9,,,,,,,,
2019,8,31,12,0,955,30,,,,,,,,
2019,8,31,13,0,913,30,,,,,,,,
2019,8,31,14,0,804,30,,,,,,,,
2019,8,31,15,0,637,29.8,,,,,,,,
2019,8,31,16,0,430,29.6,,,,,,,,
2019,8,31,17,0,206,29.2,,,,,,,,
2019,8,31,18,0,21,28.8,,,,,,,,
2019,8,31,19,0,0,28.6,,,,,,,,
2019,8,31,20,0,0,28.5,,,,,,,,
2019,8,31,21,0,0,28.4,,,,,,,,
2019,8,31,22,0,0,28.3,,,,,,,,
2019,8,31,23,0,0,28.3,,,,,,,,
2019,9,1,0,0,0,28.2,,,,,,,,
2019,9,1,1,0,0,28.1,,,,,,,,
2019,9,1,2,0,0,28,,,,,,,,
2019,9,1,3,0,0,27.9,,,,,,,,
2019,9,1,4,0,0,27.9,,,,,,,,
2019,9,1,5,0,0,27.8,,,,,,,,
2019,9,1,6,0,44,28.4,,,,,,,,
2019,9,1,7,0,242,29,,,,,,,,
2019,9,1,8,0,464,29.8,,,,,,,,
2019,9,1,9,0,663,30.2,,,,,,,,
2019,9,1,10,0,817,30.5,,,,,,,,
2019,9,1,11,0,917,30.7,,,,,,,,
2019,9,1,12,0,590,30.9,,,,,,,,
2019,9,1,13,0,575,30.8,,,,,,,,
2019,9,1,14,0,791,30.5,,,,,,,,
2019,9,1,15,0,624,30.1,,,,,,,,
2019,9,1,16,0,417,29.7,,,,,,,,
2019,9,1,17,0,174,29.2,,,,,,,,
2019,9,1,18,0,17,28.8,,,,,,,,
2019,9,1,19,0,0,28.6,,,,,,,,
2019,9,1,20,0,0,28.5,,,,,,,,
2019,9,1,21,0,0,28.3,,,,,,,,
2019,9,1,22,0,0,28.2,,,,,,,,
2019,9,1,23,0,0,28.1,,,,,,,,
2019,9,2,0,0,0,28,,,,,,,,
2019,9,2,1,0,0,27.9,,,,,,,,
2019,9,2,2,0,0,27.8,,,,,,,,
2019,9,2,3,0,0,27.7,,,,,,,,
2019,9,2,4,0,0,27.7,,,,,,,,
2019,9,2,5,0,0,27.6,,,,,,,,
2019,9,2,6,0,46,28,,,,,,,,
2019,9,2,7,0,248,28.6,,,,,,,,
2019,9,2,8,0,471,29.2,,,,,,,,
2019,9,2,9,0,672,29.7,,,,,,,,
2019,9,2,10,0,827,30,,,,,,,,
2019,9,2,11,0,925,30.2,,,,,,,,
2019,9,2,12,0,953,30.3,,,,,,,,
2019,9,2,13,0,910,30.4,,,,,,,,
2019,9,2,14,0,801,30.2,,,,,,,,
2019,9,2,15,0,633,29.9,,,,,,,,
2019,9,2,16,0,424,29.5,,,,,,,,
2019,9,2,17,0,199,29,,,,,,,,
2019,9,2,18,0,18,28.7,,,,,,,,
2019,9,2,19,0,0,28.6,,,,,,,,
2019,9,2,20,0,0,28.5,,,,,,,,
2019,9,2,21,0,0,28.4,,,,,,,,
2019,9,2,22,0,0,28.4,,,,,,,,
2019,9,2,23,0,0,28.3,,,,,,,,
2019,9,3,0,0,0,28.2,,,,,,,,
2019,9,3,1,0,0,28.1,,,,,,,,
2019,9,3,2,0,0,28.1,,,,,,,,
2019,9,3,3,0,0,28,,,,,,,,
2019,9,3,4,0,0,28,,,,,,,,
2019,9,3,5,0,0,28,,,,,,,,
2019,9,3,6,0,45,28.4,,,,,,,,
2019,9,3,7,0,245,28.9,,,,,,,,
2019,9,3,8,0,400,29.4,,,,,,,,
2019,9,3,9,0,553,29.8,,,,,,,,
2019,9,3,10,0,824,30.1,,,,,,,,
2019,9,3,11,0,919,30.3,,,,,,,,
2019,9,3,12,0,848,30.5,,,,,,,,
2019,9,3,13,0,900,30.5,,,,,,,,
2019,9,3,14,0,784,30.3,,,,,,,,
2019,9,3,15,0,595,30.1,,,,,,,,
2019,9,3,16,0,408,29.7,,,,,,,,
2019,9,3,17,0,161,29.2,,,,,,,,
2019,9,3,18,0,13,28.8,,,,,,,,
2019,9,3,19,0,0,28.7,,,,,,,,
2019,9,3,20,0,0,28.6,,,,,,,,
2019,9,3,21,0,0,28.5,,,,,,,,
2019,9,3,22,0,0,28.4,,,,,,,,
2019,9,3,23,0,0,28.3,,,,,,,,
2019,9,4,0,0,0,28.1,,,,,,,,
2019,9,4,1,0,0,28,,,,,,,,
2019,9,4,2,0,0,27.9,,,,,,,,
2019,9,4,3,0,0,27.8,,,,,,,,
2019,9,4,4,0,0,27.8,,,,,,,,
2019,9,4,5,0,0,27.7,,,,,,,,
2019,9,4,6,0,18,28.2,,,,,,,,
2019,9,4,7,0,112,28.7,,,,,,,,
2019,9,4,8,0,441,29.1,,,,,,,,
2019,9,4,9,0,219,29.4,,,,,,,,
2019,9,4,10,0,166,29.6,,,,,,,,
2019,9,4,11,0,227,29.7,,,,,,,,
2019,9,4,12,0,585,29.7,,,,,,,,
2019,9,4,13,0,473,29.6,,,,,,,,
2019,9,4,14,0,427,29.4,,,,,,,,
2019,9,4,15,0,89,29.1,,,,,,,,
2019,9,4,16,0,31,28.7,,,,,,,,
2019,9,4,17,0,66,28.3,,,,,,,,
2019,9,4,18,0,4,28.1,,,,,,,,
2019,9,4,19,0,0,28.1,,,,,,,,
2019,9,4,20,0,0,28,,,,,,,,
2019,9,4,21,0,0,28,,,,,,,,
2019,9,4,22,0,0,27.9,,,,,,,,
2019,9,4,23,0,0,27.8,,,,,,,,
2019,9,5,0,0,0,27.8,,,,,,,,
2019,9,5,1,0,0,27.7,,,,,,,,
2019,9,5,2,0,0,27.7,,,,,,,,
2019,9,5,3,0,0,27.6,,,,,,,,
2019,9,5,4,0,0,27.6,,,,,,,,
2019,9,5,5,0,0,27.5,,,,,,,,
2019,9,5,6,0,31,27.8,,,,,,,,
2019,9,5,7,0,189,28.1,,,,,,,,
2019,9,5,8,0,76,28.5,,,,,,,,
2019,9,5,9,0,107,29,,,,,,,,
2019,9,5,10,0,246,29.2,,,,,,,,
2019,9,5,11,0,284,29.4,,,,,,,,
2019,9,5,12,0,220,29.4,,,,,,,,
2019,9,5,13,0,78,29.3,,,,,,,,
2019,9,5,14,0,179,29.1,,,,,,,,
2019,9,5,15,0,208,28.9,,,,,,,,
2019,9,5,16,0,239,28.6,,,,,,,,
2019,9,5,17,0,153,28.3,,,,,,,,
2019,9,5,18,0,10,28,,,,,,,,
2019,9,5,19,0,0,27.9,,,,,,,,
2019,9,5,20,0,0,27.8,,,,,,,,
2019,9,5,21,0,0,27.8,,,,,,,,
2019,9,5,22,0,0,27.7,,,,,,,,
2019,9,5,23,0,0,27.7,,,,,,,,
2019,9,6,0,0,0,27.7,,,,,,,,
2019,9,6,1,0,0,27.7,,,,,,,,
2019,9,6,2,0,0,27.6,,,,,,,,
2019,9,6,3,0,0,27.6,,,,,,,,
2019,9,6,4,0,0,27.6,,,,,,,,
2019,9,6,5,0,0,27.6,,,,,,,,
2019,9,6,6,0,37,28,,,,,,,,
2019,9,6,7,0,231,28.5,,,,,,,,
2019,9,6,8,0,173,28.9,,,,,,,,
2019,9,6,9,0,442,29.3,,,,,,,,
2019,9,6,10,0,642,29.7,,,,,,,,
2019,9,6,11,0,782,30,,,,,,,,
2019,9,6,12,0,844,30.3,,,,,,,,
2019,9,6,13,0,739,30.5,,,,,,,,
2019,9,6,14,0,791,30.5,,,,,,,,
2019,9,6,15,0,622,30.5,,,,,,,,
2019,9,6,16,0,379,30.5,,,,,,,,
2019,9,6,17,0,186,30.3,,,,,,,,
2019,9,6,18,0,11,29.6,,,,,,,,
2019,9,6,19,0,0,29.3,,,,,,,,
2019,9,6,20,0,0,29,,,,,,,,
2019,9,6,21,0,0,28.8,,,,,,,,
2019,9,6,22,0,0,28.5,,,,,,,,
2019,9,6,23,0,0,28.4,,,,,,,,
2019,9,7,0,0,0,28.3,,,,,,,,
2019,9,7,1,0,0,28.2,,,,,,,,
2019,9,7,2,0,0,28.1,,,,,,,,
2019,9,7,3,0,0,27.9,,,,,,,,
2019,9,7,4,0,0,27.8,,,,,,,,
2019,9,7,5,0,0,27.7,,,,,,,,
2019,9,7,6,0,37,28.2,,,,,,,,
2019,9,7,7,0,229,28.9,,,,,,,,
2019,9,7,8,0,448,29.4,,,,,,,,
2019,9,7,9,0,645,29.9,,,,,,,,
2019,9,7,10,0,742,30.2,,,,,,,,
2019,9,7,11,0,794,30.4,,,,,,,,
2019,9,7,12,0,816,30.5,,,,,,,,
2019,9,7,13,0,667,30.4,,,,,,,,
2019,9,7,14,0,278,30.2,,,,,,,,
2019,9,7,15,0,113,29.9,,,,,,,,
2019,9,7,16,0,314,29.6,,,,,,,,
2019,9,7,17,0,76,29.2,,,,,,,,
2019,9,7,18,0,7,28.6,,,,,,,,
2019,9,7,19,0,0,28.5,,,,,,,,
2019,9,7,20,0,0,28.3,,,,,,,,
2019,9,7,21,0,0,28.2,,,,,,,,
2019,9,7,22,0,0,28.1,,,,,,,,
2019,9,7,23,0,0,28,,,,,,,,
2019,9,8,0,0,0,28.1,,,,,,,,
2019,9,8,1,0,0,28.2,,,,,,,,
2019,9,8,2,0,0,28,,,,,,,,
2019,9,8,3,0,0,27.7,,,,,,,,
2019,9,8,4,0,0,27.5,,,,,,,,
2019,9,8,5,0,0,27.4,,,,,,,,
2019,9,8,6,0,34,27.9,,,,,,,,
2019,9,8,7,0,17,28.9,,,,,,,,
2019,9,8,8,0,441,29.4,,,,,,,,
2019,9,8,9,0,637,29.9,,,,,,,,
2019,9,8,10,0,592,30.2,,,,,,,,
2019,9,8,11,0,360,30.5,,,,,,,,
2019,9,8,12,0,710,30.5,,,,,,,,
2019,9,8,13,0,648,30.3,,,,,,,,
2019,9,8,14,0,296,30,,,,,,,,
2019,9,8,15,0,415,29.7,,,,,,,,
2019,9,8,16,0,67,29.3,,,,,,,,
2019,9,8,17,0,22,28.8,,,,,,,,
2019,9,8,18,0,0,28.3,,,,,,,,
2019,9,8,19,0,0,28,,,,,,,,
2019,9,8,20,0,0,27.8,,,,,,,,
2019,9,8,21,0,0,27.6,,,,,,,,
2019,9,8,22,0,0,27.5,,,,,,,,
2019,9,8,23,0,0,27.4,,,,,,,,
2019,9,9,0,0,0,27.3,,,,,,,,
2019,9,9,1,0,0,27.2,,,,,,,,
2019,9,9,2,0,0,27.2,,,,,,,,
2019,9,9,3,0,0,27.1,,,,,,,,
2019,9,9,4,0,0,27.1,,,,,,,,
2019,9,9,5,0,0,27.1,,,,,,,,
2019,9,9,6,0,37,27.8,,,,,,,,
2019,9,9,7,0,233,29,,,,,,,,
2019,9,9,8,0,455,29.8,,,,,,,,
2019,9,9,9,0,655,30.1,,,,,,,,
2019,9,9,10,0,808,30.4,,,,,,,,
2019,9,9,11,0,910,30.6,,,,,,,,
2019,9,9,12,0,829,30.7,,,,,,,,
2019,9,9,13,0,173,30.6,,,,,,,,
2019,9,9,14,0,768,30.5,,,,,,,,
2019,9,9,15,0,328,30.2,,,,,,,,
2019,9,9,16,0,313,29.8,,,,,,,,
2019,9,9,17,0,136,29.3,,,,,,,,
2019,9,9,18,0,0,28.7,,,,,,,,
2019,9,9,19,0,0,28.5,,,,,,,,
2019,9,9,20,0,0,28.4,,,,,,,,
2019,9,9,21,0,0,28.3,,,,,,,,
2019,9,9,22,0,0,28.3,,,,,,,,
2019,9,9,23,0,0,28.2,,,,,,,,
2019,9,10,0,0,0,28,,,,,,,,
2019,9,10,1,0,0,27.8,,,,,,,,
2019,9,10,2,0,0,27.7,,,,,,,,
2019,9,10,3,0,0,27.6,,,,,,,,
2019,9,10,4,0,0,27.5,,,,,,,,
2019,9,10,5,0,0,27.5,,,,,,,,
2019,9,10,6,0,37,28,,,,,,,,
2019,9,10,7,0,232,29,,,,,,,,
2019,9,10,8,0,453,30,,,,,,,,
2019,9,10,9,0,652,30.3,,,,,,,,
2019,9,10,10,0,805,30.6,,,,,,,,
2019,9,10,11,0,905,30.9,,,,,,,,
2019,9,10,12,0,929,31,,,,,,,,
2019,9,10,13,0,704,31,,,,,,,,
2019,9,10,14,0,768,30.9,,,,,,,,
2019,9,10,15,0,597,30.6,,,,,,,,
2019,9,10,16,0,389,30.2,,,,,,,,
2019,9,10,17,0,168,29.6,,,,,,,,
2019,9,10,18,0,0,29,,,,,,,,
2019,9,10,19,0,0,28.9,,,,,,,,
2019,9,10,20,0,0,28.8,,,,,,,,
2019,9,10,21,0,0,28.8,,,,,,,,
2019,9,10,22,0,0,28.8,,,,,,,,
2019,9,10,23,0,0,28.7,,,,,,,,
2019,9,11,0,0,0,28.6,,,,,,,,
2019,9,11,1,0,0,28.5,,,,,,,,
2019,9,11,2,0,0,28.5,,,,,,,,
2019,9,11,3,0,0,28.4,,,,,,,,
2019,9,11,4,0,0,28.3,,,,,,,,
2019,9,11,5,0,0,28.2,,,,,,,,
2019,9,11,6,0,39,28.7,,,,,,,,
2019,9,11,7,0,241,29.4,,,,,,,,
2019,9,11,8,0,468,30.1,,,,,,,,
2019,9,11,9,0,671,30.6,,,,,,,,
2019,9,11,10,0,828,30.9,,,,,,,,
2019,9,11,11,0,925,31,,,,,,,,
2019,9,11,12,0,949,31,,,,,,,,
2019,9,11,13,0,903,30.9,,,,,,,,
2019,9,11,14,0,787,30.6,,,,,,,,
2019,9,11,15,0,615,30.2,,,,,,,,
2019,9,11,16,0,402,29.6,,,,,,,,
2019,9,11,17,0,174,29.1,,,,,,,,
2019,9,11,18,0,0,28.7,,,,,,,,
2019,9,11,19,0,0,28.7,,,,,,,,
2019,9,11,20,0,0,28.7,,,,,,,,
2019,9,11,21,0,0,28.6,,,,,,,,
2019,9,11,22,0,0,28.6,,,,,,,,
2019,9,11,23,0,0,28.4,,,,,,,,
2019,9,12,0,0,0,28.3,,,,,,,,
2019,9,12,1,0,0,28.1,,,,,,,,
2019,9,12,2,0,0,28,,,,,,,,
2019,9,12,3,0,0,27.9,,,,,,,,
2019,9,12,4,0,0,27.8,,,,,,,,
2019,9,12,5,0,0,27.7,,,,,,,,
2019,9,12,6,0,41,28.3,,,,,,,,
2019,9,12,7,0,248,28.9,,,,,,,,
2019,9,12,8,0,478,29.4,,,,,,,,
2019,9,12,9,0,680,30,,,,,,,,
2019,9,12,10,0,837,30.4,,,,,,,,
2019,9,12,11,0,679,30.6,,,,,,,,
2019,9,12,12,0,958,30.7,,,,,,,,
2019,9,12,13,0,910,30.6,,,,,,,,
2019,9,12,14,0,788,30.4,,,,,,,,
2019,9,12,15,0,611,30.1,,,,,,,,
2019,9,12,16,0,395,29.7,,,,,,,,
2019,9,12,17,0,167,29.1,,,,,,,,
2019,9,12,18,0,0,28.6,,,,,,,,
2019,9,12,19,0,0,28.5,,,,,,,,
2019,9,12,20,0,0,28.4,,,,,,,,
2019,9,12,21,0,0,28.4,,,,,,,,
2019,9,12,22,0,0,28.3,,,,,,,,
2019,9,12,23,0,0,28.2,,,,,,,,
2019,9,13,0,0,0,28.1,,,,,,,,
2019,9,13,1,0,0,28,,,,,,,,
2019,9,13,2,0,0,27.9,,,,,,,,
2019,9,13,3,0,0,27.8,,,,,,,,
2019,9,13,4,0,0,27.7,,,,,,,,
2019,9,13,5,0,0,27.7,,,,,,,,
2019,9,13,6,0,38,28.3,,,,,,,,
2019,9,13,7,0,240,29,,,,,,,,
2019,9,13,8,0,465,29.5,,,,,,,,
2019,9,13,9,0,666,30,,,,,,,,
2019,9,13,10,0,821,30.3,,,,,,,,
2019,9,13,11,0,917,30.5,,,,,,,,
2019,9,13,12,0,937,30.6,,,,,,,,
2019,9,13,13,0,886,30.5,,,,,,,,
2019,9,13,14,0,767,30.3,,,,,,,,
2019,9,13,15,0,591,30,,,,,,,,
2019,9,13,16,0,376,29.5,,,,,,,,
2019,9,13,17,0,153,28.9,,,,,,,,
2019,9,13,18,0,0,28.5,,,,,,,,
2019,9,13,19,0,0,28.3,,,,,,,,
2019,9,13,20,0,0,28.2,,,,,,,,
2019,9,13,21,0,0,28,,,,,,,,
2019,9,13,22,0,0,27.8,,,,,,,,
2019,9,13,23,0,0,27.6,,,,,,,,
2019,9,14,0,0,0,27.5,,,,,,,,
2019,9,14,1,0,0,27.4,,,,,,,,
2019,9,14,2,0,0,27.3,,,,,,,,
2019,9,14,3,0,0,27.1,,,,,,,,
2019,9,14,4,0,0,27,,,,,,,,
2019,9,14,5,0,0,26.8,,,,,,,,
2019,9,14,6,0,30,27.5,,,,,,,,
2019,9,14,7,0,221,28.1,,,,,,,,
2019,9,14,8,0,441,28.6,,,,,,,,
2019,9,14,9,0,86,29.1,,,,,,,,
2019,9,14,10,0,522,29.4,,,,,,,,
2019,9,14,11,0,905,29.6,,,,,,,,
2019,9,14,12,0,929,29.8,,,,,,,,
2019,9,14,13,0,879,29.8,,,,,,,,
2019,9,14,14,0,757,29.8,,,,,,,,
2019,9,14,15,0,515,29.6,,,,,,,,
2019,9,14,16,0,368,29.3,,,,,,,,
2019,9,14,17,0,146,28.8,,,,,,,,
2019,9,14,18,0,0,28.4,,,,,,,,
2019,9,14,19,0,0,28.3,,,,,,,,
2019,9,14,20,0,0,28.3,,,,,,,,
2019,9,14,21,0,0,28.2,,,,,,,,
2019,9,14,22,0,0,28.1,,,,,,,,
2019,9,14,23,0,0,27.9,,,,,,,,
2019,9,15,0,0,0,27.7,,,,,,,,
2019,9,15,1,0,0,27.5,,,,,,,,
2019,9,15,2,0,0,27.3,,,,,,,,
2019,9,15,3,0,0,27.2,,,,,,,,
2019,9,15,4,0,0,27.1,,,,,,,,
2019,9,15,5,0,0,27,,,,,,,,
2019,9,15,6,0,32,27.7,,,,,,,,
2019,9,15,7,0,88,28.3,,,,,,,,
2019,9,15,8,0,71,28.8,,,,,,,,
2019,9,15,9,0,79,29.3,,,,,,,,
2019,9,15,10,0,69,29.5,,,,,,,,
2019,9,15,11,0,167,29.6,,,,,,,,
2019,9,15,12,0,126,29.5,,,,,,,,
2019,9,15,13,0,141,29.4,,,,,,,,
2019,9,15,14,0,745,29.2,,,,,,,,
2019,9,15,15,0,160,29,,,,,,,,
2019,9,15,16,0,270,28.6,,,,,,,,
2019,9,15,17,0,45,28.2,,,,,,,,
2019,9,15,18,0,0,27.9,,,,,,,,
2019,9,15,19,0,0,27.8,,,,,,,,
2019,9,15,20,0,0,27.8,,,,,,,,
2019,9,15,21,0,0,27.7,,,,,,,,
2019,9,15,22,0,0,27.7,,,,,,,,
2019,9,15,23,0,0,27.6,,,,,,,,
2019,9,16,0,0,0,27.6,,,,,,,,
2019,9,16,1,0,0,27.5,,,,,,,,
2019,9,16,2,0,0,27.5,,,,,,,,
2019,9,16,3,0,0,27.4,,,,,,,,
2019,9,16,4,0,0,27.4,,,,,,,,
2019,9,16,5,0,0,27.3,,,,,,,,
2019,9,16,6,0,30,27.7,,,,,,,,
2019,9,16,7,0,221,28.1,,,,,,,,
2019,9,16,8,0,36,28.5,,,,,,,,
2019,9,16,9,0,489,28.9,,,,,,,,
2019,9,16,10,0,94,29.1,,,,,,,,
2019,9,16,11,0,651,29.2,,,,,,,,
2019,9,16,12,0,236,29.1,,,,,,,,
2019,9,16,13,0,92,28.8,,,,,,,,
2019,9,16,14,0,223,28.6,,,,,,,,
2019,9,16,15,0,167,28.3,,,,,,,,
2019,9,16,16,0,131,28,,,,,,,,
2019,9,16,17,0,141,27.4,,,,,,,,
2019,9,16,18,0,0,26.8,,,,,,,,
2019,9,16,19,0,0,26.7,,,,,,,,
2019,9,16,20,0,0,26.6,,,,,,,,
2019,9,16,21,0,0,26.5,,,,,,,,
2019,9,16,22,0,0,26.4,,,,,,,,
2019,9,16,23,0,0,26.5,,,,,,,,
2019,9,17,0,0,0,26.6,,,,,,,,
2019,9,17,1,0,0,26.7,,,,,,,,
2019,9,17,2,0,0,26.8,,,,,,,,
2019,9,17,3,0,0,26.9,,,,,,,,
2019,9,17,4,0,0,26.9,,,,,,,,
2019,9,17,5,0,0,27,,,,,,,,
2019,9,17,6,0,28,27.4,,,,,,,,
2019,9,17,7,0,43,27.9,,,,,,,,
2019,9,17,8,0,115,28.3,,,,,,,,
2019,9,17,9,0,631,28.7,,,,,,,,
2019,9,17,10,0,211,28.9,,,,,,,,
2019,9,17,11,0,138,29,,,,,,,,
2019,9,17,12,0,179,29,,,,,,,,
2019,9,17,13,0,300,28.9,,,,,,,,
2019,9,17,14,0,738,28.7,,,,,,,,
2019,9,17,15,0,563,28.4,,,,,,,,
2019,9,17,16,0,353,27.9,,,,,,,,
2019,9,17,17,0,135,27.3,,,,,,,,
2019,9,17,18,0,0,26.9,,,,,,,,
2019,9,17,19,0,0,26.8,,,,,,,,
2019,9,17,20,0,0,26.7,,,,,,,,
2019,9,17,21,0,0,26.6,,,,,,,,
2019,9,17,22,0,0,26.5,,,,,,,,
2019,9,17,23,0,0,26.4,,,,,,,,
2019,9,18,0,0,0,26.4,,,,,,,,
2019,9,18,1,0,0,26.3,,,,,,,,
2019,9,18,2,0,0,26.5,,,,,,,,
2019,9,18,3,0,0,26.6,,,,,,,,
2019,9,18,4,0,0,26.6,,,,,,,,
2019,9,18,5,0,0,26.5,,,,,,,,
2019,9,18,6,0,12,26.7,,,,,,,,
2019,9,18,7,0,93,27.2,,,,,,,,
2019,9,18,8,0,432,27.7,,,,,,,,
2019,9,18,9,0,538,28.3,,,,,,,,
2019,9,18,10,0,437,28.6,,,,,,,,
2019,9,18,11,0,73,28.7,,,,,,,,
2019,9,18,12,0,77,28.7,,,,,,,,
2019,9,18,13,0,158,28.5,,,,,,,,
2019,9,18,14,0,148,28.3,,,,,,,,
2019,9,18,15,0,49,28,,,,,,,,
2019,9,18,16,0,28,27.6,,,,,,,,
2019,9,18,17,0,10,27.2,,,,,,,,
2019,9,18,18,0,0,26.8,,,,,,,,
2019,9,18,19,0,0,26.6,,,,,,,,
2019,9,18,20,0,0,26.5,,,,,,,,
2019,9,18,21,0,0,26.4,,,,,,,,
2019,9,18,22,0,0,26.2,,,,,,,,
2019,9,18,23,0,0,26,,,,,,,,
2019,9,19,0,0,0,25.8,,,,,,,,
2019,9,19,1,0,0,25.7,,,,,,,,
2019,9,19,2,0,0,25.6,,,,,,,,
2019,9,19,3,0,0,25.5,,,,,,,,
2019,9,19,4,0,0,25.5,,,,,,,,
2019,9,19,5,0,0,25.5,,,,,,,,
2019,9,19,6,0,19,25.8,,,,,,,,
2019,9,19,7,0,202,26.3,,,,,,,,
2019,9,19,8,0,192,26.8,,,,,,,,
2019,9,19,9,0,607,27.2,,,,,,,,
2019,9,19,10,0,365,27.5,,,,,,,,
2019,9,19,11,0,368,27.6,,,,,,,,
2019,9,19,12,0,202,27.6,,,,,,,,
2019,9,19,13,0,451,27.5,,,,,,,,
2019,9,19,14,0,176,27.3,,,,,,,,
2019,9,19,15,0,120,26.9,,,,,,,,
2019,9,19,16,0,78,26.4,,,,,,,,
2019,9,19,17,0,29,25.9,,,,,,,,
2019,9,19,18,0,0,25.7,,,,,,,,
2019,9,19,19,0,0,25.6,,,,,,,,
2019,9,19,20,0,0,25.5,,,,,,,,
2019,9,19,21,0,0,25.4,,,,,,,,
2019,9,19,22,0,0,25.4,,,,,,,,
2019,9,19,23,0,0,25.4,,,,,,,,
2019,9,20,0,0,0,25.4,,,,,,,,
2019,9,20,1,0,0,25.4,,,,,,,,
2019,9,20,2,0,0,25.4,,,,,,,,
2019,9,20,3,0,0,25.4,,,,,,,,
2019,9,20,4,0,0,25.3,,,,,,,,
2019,9,20,5,0,0,25.3,,,,,,,,
2019,9,20,6,0,18,25.4,,,,,,,,
2019,9,20,7,0,16,25.8,,,,,,,,
2019,9,20,8,0,36,26.1,,,,,,,,
2019,9,20,9,0,55,26.2,,,,,,,,
2019,9,20,10,0,67,26.3,,,,,,,,
2019,9,20,11,0,66,26.3,,,,,,,,
2019,9,20,12,0,309,26.2,,,,,,,,
2019,9,20,13,0,71,26.1,,,,,,,,
2019,9,20,14,0,64,26,,,,,,,,
2019,9,20,15,0,48,25.8,,,,,,,,
2019,9,20,16,0,27,25.6,,,,,,,,
2019,9,20,17,0,9,25.3,,,,,,,,
2019,9,20,18,0,0,25,,,,,,,,
2019,9,20,19,0,0,25,,,,,,,,
2019,9,20,20,0,0,25,,,,,,,,
2019,9,20,21,0,0,25,,,,,,,,
2019,9,20,22,0,0,24.8,,,,,,,,
2019,9,20,23,0,0,24.5,,,,,,,,
2019,9,21,0,0,0,24.2,,,,,,,,
2019,9,21,1,0,0,23.9,,,,,,,,
2019,9,21,2,0,0,23.8,,,,,,,,
2019,9,21,3,0,0,23.9,,,,,,,,
2019,9,21,4,0,0,24.1,,,,,,,,
2019,9,21,5,0,0,24.2,,,,,,,,
2019,9,21,6,0,3,24.3,,,,,,,,
2019,9,21,7,0,16,24.6,,,,,,,,
2019,9,21,8,0,36,24.8,,,,,,,,
2019,9,21,9,0,55,25,,,,,,,,
2019,9,21,10,0,148,25.3,,,,,,,,
2019,9,21,11,0,72,25.4,,,,,,,,
2019,9,21,12,0,108,25.5,,,,,,,,
2019,9,21,13,0,71,25.5,,,,,,,,
2019,9,21,14,0,97,25.5,,,,,,,,
2019,9,21,15,0,91,25.4,,,,,,,,
2019,9,21,16,0,47,25.2,,,,,,,,
2019,9,21,17,0,14,24.9,,,,,,,,
2019,9,21,18,0,0,24.8,,,,,,,,
2019,9,21,19,0,0,24.9,,,,,,,,
2019,9,21,20,0,0,24.9,,,,,,,,
2019,9,21,21,0,0,25,,,,,,,,
2019,9,21,22,0,0,25.1,,,,,,,,
2019,9,21,23,0,0,25.1,,,,,,,,
2019,9,22,0,0,0,25.1,,,,,,,,
2019,9,22,1,0,0,25,,,,,,,,
2019,9,22,2,0,0,24.8,,,,,,,,
2019,9,22,3,0,0,24.6,,,,,,,,
2019,9,22,4,0,0,24.4,,,,,,,,
2019,9,22,5,0,0,24.3,,,,,,,,
2019,9,22,6,0,27,24.8,,,,,,,,
2019,9,22,7,0,71,25.6,,,,,,,,
2019,9,22,8,0,97,26.1,,,,,,,,
2019,9,22,9,0,120,26.5,,,,,,,,
2019,9,22,10,0,140,26.9,,,,,,,,
2019,9,22,11,0,294,27,,,,,,,,
2019,9,22,12,0,337,26.9,,,,,,,,
2019,9,22,13,0,298,26.8,,,,,,,,
2019,9,22,14,0,374,26.7,,,,,,,,
2019,9,22,15,0,244,26.4,,,,,,,,
2019,9,22,16,0,91,26.1,,,,,,,,
2019,9,22,17,0,121,25.4,,,,,,,,
2019,9,22,18,0,0,24.8,,,,,,,,
2019,9,22,19,0,0,24.8,,,,,,,,
2019,9,22,20,0,0,24.8,,,,,,,,
2019,9,22,21,0,0,24.8,,,,,,,,
2019,9,22,22,0,0,24.8,,,,,,,,
2019,9,22,23,0,0,24.7,,,,,,,,
2019,9,23,0,0,0,24.6,,,,,,,,
2019,9,23,1,0,0,24.5,,,,,,,,
2019,9,23,2,0,0,24.4,,,,,,,,
2019,9,23,3,0,0,24.4,,,,,,,,
2019,9,23,4,0,0,24.3,,,,,,,,
2019,9,23,5,0,0,24.2,,,,,,,,
2019,9,23,6,0,11,24.6,,,,,,,,
2019,9,23,7,0,104,25.3,,,,,,,,
2019,9,23,8,0,420,25.8,,,,,,,,
2019,9,23,9,0,349,26.2,,,,,,,,
2019,9,23,10,0,116,26.5,,,,,,,,
2019,9,23,11,0,263,26.7,,,,,,,,
2019,9,23,12,0,728,26.8,,,,,,,,
2019,9,23,13,0,631,26.7,,,,,,,,
2019,9,23,14,0,166,26.5,,,,,,,,
2019,9,23,15,0,538,26.2,,,,,,,,
2019,9,23,16,0,326,25.8,,,,,,,,
2019,9,23,17,0,112,25.2,,,,,,,,
2019,9,23,18,0,0,24.7,,,,,,,,
2019,9,23,19,0,0,24.7,,,,,,,,
2019,9,23,20,0,0,24.7,,,,,,,,
2019,9,23,21,0,0,24.7,,,,,,,,
2019,9,23,22,0,0,24.7,,,,,,,,
2019,9,23,23,0,0,24.7,,,,,,,,
2019,9,24,0,0,0,24.7,,,,,,,,
2019,9,24,1,0,0,24.7,,,,,,,,
2019,9,24,2,0,0,24.7,,,,,,,,
2019,9,24,3,0,0,24.7,,,,,,,,
2019,9,24,4,0,0,24.7,,,,,,,,
2019,9,24,5,0,0,24.6,,,,,,,,
2019,9,24,6,0,10,25,,,,,,,,
2019,9,24,7,0,79,25.6,,,,,,,,
2019,9,24,8,0,214,26,,,,,,,,
2019,9,24,9,0,129,26.3,,,,,,,,
2019,9,24,10,0,104,26.6,,,,,,,,
2019,9,24,11,0,85,26.7,,,,,,,,
2019,9,24,12,0,134,26.6,,,,,,,,
2019,9,24,13,0,180,26.6,,,,,,,,
2019,9,24,14,0,163,26.4,,,,,,,,
2019,9,24,15,0,548,26.1,,,,,,,,
2019,9,24,16,0,332,25.7,,,,,,,,
2019,9,24,17,0,114,25,,,,,,,,
2019,9,24,18,0,0,24.5,,,,,,,,
2019,9,24,19,0,0,24.4,,,,,,,,
2019,9,24,20,0,0,24.3,,,,,,,,
2019,9,24,21,0,0,24.2,,,,,,,,
2019,9,24,22,0,0,24.1,,,,,,,,
2019,9,24,23,0,0,24,,,,,,,,
2019,9,25,0,0,0,23.9,,,,,,,,
2019,9,25,1,0,0,23.8,,,,,,,,
2019,9,25,2,0,0,23.7,,,,,,,,
2019,9,25,3,0,0,23.6,,,,,,,,
2019,9,25,4,0,0,23.6,,,,,,,,
2019,9,25,5,0,0,23.6,,,,,,,,
2019,9,25,6,0,10,24.1,,,,,,,,
2019,9,25,7,0,79,25.1,,,,,,,,
2019,9,25,8,0,442,25.7,,,,,,,,
2019,9,25,9,0,645,26.3,,,,,,,,
2019,9,25,10,0,800,26.7,,,,,,,,
2019,9,25,11,0,893,27,,,,,,,,
2019,9,25,12,0,912,27.2,,,,,,,,
2019,9,25,13,0,855,27.2,,,,,,,,
2019,9,25,14,0,731,27,,,,,,,,
2019,9,25,15,0,550,26.7,,,,,,,,
2019,9,25,16,0,334,26.4,,,,,,,,
2019,9,25,17,0,114,25.7,,,,,,,,
2019,9,25,18,0,0,25,,,,,,,,
2019,9,25,19,0,0,24.9,,,,,,,,
2019,9,25,20,0,0,24.8,,,,,,,,
2019,9,25,21,0,0,24.7,,,,,,,,
2019,9,25,22,0,0,24.6,,,,,,,,
2019,9,25,23,0,0,24.6,,,,,,,,
2019,9,26,0,0,0,24.6,,,,,,,,
2019,9,26,1,0,0,24.6,,,,,,,,
2019,9,26,2,0,0,24.7,,,,,,,,
2019,9,26,3,0,0,24.6,,,,,,,,
2019,9,26,4,0,0,24.6,,,,,,,,
2019,9,26,5,0,0,24.6,,,,,,,,
2019,9,26,6,0,25,25.1,,,,,,,,
2019,9,26,7,0,216,25.9,,,,,,,,
2019,9,26,8,0,438,26.6,,,,,,,,
2019,9,26,9,0,240,27.2,,,,,,,,
2019,9,26,10,0,581,27.6,,,,,,,,
2019,9,26,11,0,81,28,,,,,,,,
2019,9,26,12,0,169,28.1,,,,,,,,
2019,9,26,13,0,260,28.1,,,,,,,,
2019,9,26,14,0,701,27.8,,,,,,,,
2019,9,26,15,0,525,27.5,,,,,,,,
2019,9,26,16,0,316,27,,,,,,,,
2019,9,26,17,0,103,26.5,,,,,,,,
2019,9,26,18,0,0,26.2,,,,,,,,
2019,9,26,19,0,0,26.1,,,,,,,,
2019,9,26,20,0,0,26.1,,,,,,,,
2019,9,26,21,0,0,26,,,,,,,,
2019,9,26,22,0,0,26,,,,,,,,
2019,9,26,23,0,0,25.9,,,,,,,,
2019,9,27,0,0,0,25.9,,,,,,,,
2019,9,27,1,0,0,25.9,,,,,,,,
2019,9,27,2,0,0,25.9,,,,,,,,
2019,9,27,3,0,0,26,,,,,,,,
2019,9,27,4,0,0,26,,,,,,,,
2019,9,27,5,0,0,26,,,,,,,,
2019,9,27,6,0,22,26.2,,,,,,,,
2019,9,27,7,0,94,26.6,,,,,,,,
2019,9,27,8,0,367,27,,,,,,,,
2019,9,27,9,0,413,27.5,,,,,,,,
2019,9,27,10,0,348,27.9,,,,,,,,
2019,9,27,11,0,132,28.1,,,,,,,,
2019,9,27,12,0,72,28.2,,,,,,,,
2019,9,27,13,0,63,28.2,,,,,,,,
2019,9,27,14,0,59,28.1,,,,,,,,
2019,9,27,15,0,100,27.8,,,,,,,,
2019,9,27,16,0,34,27.3,,,,,,,,
2019,9,27,17,0,20,26.9,,,,,,,,
2019,9,27,18,0,0,26.7,,,,,,,,
2019,9,27,19,0,0,26.7,,,,,,,,
2019,9,27,20,0,0,26.8,,,,,,,,
2019,9,27,21,0,0,26.8,,,,,,,,
2019,9,27,22,0,0,26.8,,,,,,,,
2019,9,27,23,0,0,26.7,,,,,,,,
2019,9,28,0,0,0,26.7,,,,,,,,
2019,9,28,1,0,0,26.6,,,,,,,,
2019,9,28,2,0,0,26.5,,,,,,,,
2019,9,28,3,0,0,26.4,,,,,,,,
2019,9,28,4,0,0,26.3,,,,,,,,
2019,9,28,5,0,0,26.2,,,,,,,,
2019,9,28,6,0,15,26.4,,,,,,,,
2019,9,28,7,0,119,26.7,,,,,,,,
2019,9,28,8,0,22,27.1,,,,,,,,
2019,9,28,9,0,52,27.4,,,,,,,,
2019,9,28,10,0,61,27.7,,,,,,,,
2019,9,28,11,0,191,27.9,,,,,,,,
2019,9,28,12,0,296,28.1,,,,,,,,
2019,9,28,13,0,99,28,,,,,,,,
2019,9,28,14,0,46,27.8,,,,,,,,
2019,9,28,15,0,29,27.6,,,,,,,,
2019,9,28,16,0,191,27.2,,,,,,,,
2019,9,28,17,0,6,26.7,,,,,,,,
2019,9,28,18,0,0,26.3,,,,,,,,
2019,9,28,19,0,0,26.2,,,,,,,,
2019,9,28,20,0,0,26.2,,,,,,,,
2019,9,28,21,0,0,26.1,,,,,,,,
2019,9,28,22,0,0,26.2,,,,,,,,
2019,9,28,23,0,0,26.3,,,,,,,,
2019,9,29,0,0,0,26.4,,,,,,,,
2019,9,29,1,0,0,26.5,,,,,,,,
2019,9,29,2,0,0,26.5,,,,,,,,
2019,9,29,3,0,0,26.6,,,,,,,,
2019,9,29,4,0,0,26.6,,,,,,,,
2019,9,29,5,0,0,26.6,,,,,,,,
2019,9,29,6,0,3,26.7,,,,,,,,
2019,9,29,7,0,10,27.1,,,,,,,,
2019,9,29,8,0,140,27.3,,,,,,,,
2019,9,29,9,0,312,27.6,,,,,,,,
2019,9,29,10,0,786,27.8,,,,,,,,
2019,9,29,11,0,680,28.1,,,,,,,,
2019,9,29,12,0,394,28.2,,,,,,,,
2019,9,29,13,0,675,28.2,,,,,,,,
2019,9,29,14,0,177,28,,,,,,,,
2019,9,29,15,0,114,27.8,,,,,,,,
2019,9,29,16,0,23,27.6,,,,,,,,
2019,9,29,17,0,28,27.3,,,,,,,,
2019,9,29,18,0,0,27.2,,,,,,,,
2019,9,29,19,0,0,27.2,,,,,,,,
2019,9,29,20,0,0,27.2,,,,,,,,
2019,9,29,21,0,0,27.1,,,,,,,,
2019,9,29,22,0,0,27.1,,,,,,,,
2019,9,29,23,0,0,27.1,,,,,,,,
2019,9,30,0,0,0,27.1,,,,,,,,
2019,9,30,1,0,0,27.1,,,,,,,,
2019,9,30,2,0,0,27.1,,,,,,,,
2019,9,30,3,0,0,27,,,,,,,,
2019,9,30,4,0,0,27,,,,,,,,
2019,9,30,5,0,0,26.9,,,,,,,,
2019,9,30,6,0,8,26.8,,,,,,,,
2019,9,30,7,0,53,26.8,,,,,,,,
2019,9,30,8,0,183,27,,,,,,,,
2019,9,30,9,0,121,27.1,,,,,,,,
2019,9,30,10,0,190,27.3,,,,,,,,
2019,9,30,11,0,331,27.2,,,,,,,,
2019,9,30,12,0,359,27,,,,,,,,
2019,9,30,13,0,520,27,,,,,,,,
2019,9,30,14,0,311,27.1,,,,,,,,
2019,9,30,15,0,68,27.1,,,,,,,,
2019,9,30,16,0,47,27,,,,,,,,
2019,9,30,17,0,22,26.8,,,,,,,,
2019,9,30,18,0,0,26.5,,,,,,,,
2019,9,30,19,0,0,26.5,,,,,,,,
2019,9,30,20,0,0,26.6,,,,,,,,
2019,9,30,21,0,0,26.9,,,,,,,,
2019,9,30,22,0,0,27,,,,,,,,
2019,9,30,23,0,0,27.2,,,,,,,,
2019,10,1,0,0,0,27.2,,,,,,,,
2019,10,1,1,0,0,27.1,,,,,,,,
2019,10,1,2,0,0,26.9,,,,,,,,
2019,10,1,3,0,0,26.8,,,,,,,,
2019,10,1,4,0,0,26.4,,,,,,,,
2019,10,1,5,0,0,26,,,,,,,,
2019,10,1,6,0,7,26,,,,,,,,
2019,10,1,7,0,87,26.4,,,,,,,,
2019,10,1,8,0,127,27,,,,,,,,
2019,10,1,9,0,482,27.8,,,,,,,,
2019,10,1,10,0,672,28.6,,,,,,,,
2019,10,1,11,0,762,29.2,,,,,,,,
2019,10,1,12,0,736,29.6,,,,,,,,
2019,10,1,13,0,758,29.8,,,,,,,,
2019,10,1,14,0,658,29.9,,,,,,,,
2019,10,1,15,0,525,29.8,,,,,,,,
2019,10,1,16,0,309,29.4,,,,,,,,
2019,10,1,17,0,93,28.4,,,,,,,,
2019,10,1,18,0,0,27.6,,,,,,,,
2019,10,1,19,0,0,27.3,,,,,,,,
2019,10,1,20,0,0,27.1,,,,,,,,
2019,10,1,21,0,0,26.9,,,,,,,,
2019,10,1,22,0,0,26.8,,,,,,,,
2019,10,1,23,0,0,26.8,,,,,,,,
2019,10,2,0,0,0,26.9,,,,,,,,
2019,10,2,1,0,0,26.9,,,,,,,,
2019,10,2,2,0,0,26.7,,,,,,,,
2019,10,2,3,0,0,26.4,,,,,,,,
2019,10,2,4,0,0,26.1,,,,,,,,
2019,10,2,5,0,0,25.9,,,,,,,,
2019,10,2,6,0,15,26.4,,,,,,,,
2019,10,2,7,0,202,27.7,,,,,,,,
2019,10,2,8,0,419,28.9,,,,,,,,
2019,10,2,9,0,613,29.8,,,,,,,,
2019,10,2,10,0,757,30.2,,,,,,,,
2019,10,2,11,0,851,30.5,,,,,,,,
2019,10,2,12,0,858,30.5,,,,,,,,
2019,10,2,13,0,796,30.4,,,,,,,,
2019,10,2,14,0,671,30.2,,,,,,,,
2019,10,2,15,0,492,29.8,,,,,,,,
2019,10,2,16,0,282,29.4,,,,,,,,
2019,10,2,17,0,78,28.6,,,,,,,,
2019,10,2,18,0,0,27.9,,,,,,,,
2019,10,2,19,0,0,27.3,,,,,,,,
2019,10,2,20,0,0,26.9,,,,,,,,
2019,10,2,21,0,0,26.6,,,,,,,,
2019,10,2,22,0,0,26.5,,,,,,,,
2019,10,2,23,0,0,26.4,,,,,,,,
2019,10,3,0,0,0,26.3,,,,,,,,
2019,10,3,1,0,0,26.2,,,,,,,,
2019,10,3,2,0,0,26.1,,,,,,,,
2019,10,3,3,0,0,26.1,,,,,,,,
2019,10,3,4,0,0,26,,,,,,,,
2019,10,3,5,0,0,26,,,,,,,,
2019,10,3,6,0,13,26.4,,,,,,,,
2019,10,3,7,0,185,27.6,,,,,,,,
2019,10,3,8,0,394,28.4,,,,,,,,
2019,10,3,9,0,582,28.9,,,,,,,,
2019,10,3,10,0,725,29.2,,,,,,,,
2019,10,3,11,0,809,29.4,,,,,,,,
2019,10,3,12,0,822,29.5,,,,,,,,
2019,10,3,13,0,378,29.4,,,,,,,,
2019,10,3,14,0,187,29.2,,,,,,,,
2019,10,3,15,0,471,28.9,,,,,,,,
2019,10,3,16,0,220,28.4,,,,,,,,
2019,10,3,17,0,68,27.7,,,,,,,,
2019,10,3,18,0,0,27,,,,,,,,
2019,10,3,19,0,0,26.7,,,,,,,,
2019,10,3,20,0,0,26.6,,,,,,,,
2019,10,3,21,0,0,26.4,,,,,,,,
2019,10,3,22,0,0,26.2,,,,,,,,
2019,10,3,23,0,0,26.1,,,,,,,,
2019,10,4,0,0,0,25.9,,,,,,,,
2019,10,4,1,0,0,25.8,,,,,,,,
2019,10,4,2,0,0,25.7,,,,,,,,
2019,10,4,3,0,0,25.6,,,,,,,,
2019,10,4,4,0,0,25.6,,,,,,,,
2019,10,4,5,0,0,25.6,,,,,,,,
2019,10,4,6,0,14,26,,,,,,,,
2019,10,4,7,0,189,27.3,,,,,,,,
2019,10,4,8,0,401,28.1,,,,,,,,
2019,10,4,9,0,592,28.7,,,,,,,,
2019,10,4,10,0,737,29.2,,,,,,,,
2019,10,4,11,0,832,29.4,,,,,,,,
2019,10,4,12,0,845,29.4,,,,,,,,
2019,10,4,13,0,787,29.3,,,,,,,,
2019,10,4,14,0,666,29,,,,,,,,
2019,10,4,15,0,489,28.6,,,,,,,,
2019,10,4,16,0,281,28,,,,,,,,
2019,10,4,17,0,68,27.3,,,,,,,,
2019,10,4,18,0,0,26.7,,,,,,,,
2019,10,4,19,0,0,26.5,,,,,,,,
2019,10,4,20,0,0,26.4,,,,,,,,
2019,10,4,21,0,0,26.3,,,,,,,,
2019,10,4,22,0,0,26.2,,,,,,,,
2019,10,4,23,0,0,26,,,,,,,,
2019,10,5,0,0,0,25.9,,,,,,,,
2019,10,5,1,0,0,25.8,,,,,,,,
2019,10,5,2,0,0,25.7,,,,,,,,
2019,10,5,3,0,0,25.6,,,,,,,,
2019,10,5,4,0,0,25.6,,,,,,,,
2019,10,5,5,0,0,25.6,,,,,,,,
2019,10,5,6,0,17,26,,,,,,,,
2019,10,5,7,0,197,27,,,,,,,,
2019,10,5,8,0,414,27.7,,,,,,,,
2019,10,5,9,0,611,28.2,,,,,,,,
2019,10,5,10,0,761,28.6,,,,,,,,
2019,10,5,11,0,855,28.9,,,,,,,,
2019,10,5,12,0,870,29.2,,,,,,,,
2019,10,5,13,0,811,29.1,,,,,,,,
2019,10,5,14,0,680,28.9,,,,,,,,
2019,10,5,15,0,500,28.6,,,,,,,,
2019,10,5,16,0,286,28.1,,,,,,,,
2019,10,5,17,0,78,27.3,,,,,,,,
2019,10,5,18,0,0,26.9,,,,,,,,
2019,10,5,19,0,0,26.8,,,,,,,,
2019,10,5,20,0,0,26.8,,,,,,,,
2019,10,5,21,0,0,26.7,,,,,,,,
2019,10,5,22,0,0,26.7,,,,,,,,
2019,10,5,23,0,0,26.6,,,,,,,,
2019,10,6,0,0,0,26.5,,,,,,,,
2019,10,6,1,0,0,26.4,,,,,,,,
2019,10,6,2,0,0,26.3,,,,,,,,
2019,10,6,3,0,0,26.2,,,,,,,,
2019,10,6,4,0,0,26.1,,,,,,,,
2019,10,6,5,0,0,26.1,,,,,,,,
2019,10,6,6,0,14,26.4,,,,,,,,
2019,10,6,7,0,189,27,,,,,,,,
2019,10,6,8,0,342,27.5,,,,,,,,
2019,10,6,9,0,523,27.9,,,,,,,,
2019,10,6,10,0,548,28.2,,,,,,,,
2019,10,6,11,0,652,28.4,,,,,,,,
2019,10,6,12,0,773,28.4,,,,,,,,
2019,10,6,13,0,740,28.3,,,,,,,,
2019,10,6,14,0,659,28.1,,,,,,,,
2019,10,6,15,0,481,27.7,,,,,,,,
2019,10,6,16,0,272,27.1,,,,,,,,
2019,10,6,17,0,69,26.6,,,,,,,,
2019,10,6,18,0,0,26.4,,,,,,,,
2019,10,6,19,0,0,26.4,,,,,,,,
2019,10,6,20,0,0,26.3,,,,,,,,
2019,10,6,21,0,0,26.3,,,,,,,,
2019,10,6,22,0,0,26.3,,,,,,,,
2019,10,6,23,0,0,26.3,,,,,,,,
2019,10,7,0,0,0,26.1,,,,,,,,
2019,10,7,1,0,0,26,,,,,,,,
2019,10,7,2,0,0,25.9,,,,,,,,
2019,10,7,3,0,0,25.7,,,,,,,,
2019,10,7,4,0,0,25.6,,,,,,,,
2019,10,7,5,0,0,25.6,,,,,,,,
2019,10,7,6,0,12,25.9,,,,,,,,
2019,10,7,7,0,184,26.8,,,,,,,,
2019,10,7,8,0,394,27.4,,,,,,,,
2019,10,7,9,0,585,28,,,,,,,,
2019,10,7,10,0,730,28.4,,,,,,,,
2019,10,7,11,0,822,28.7,,,,,,,,
2019,10,7,12,0,836,28.9,,,,,,,,
2019,10,7,13,0,779,28.9,,,,,,,,
2019,10,7,14,0,653,28.7,,,,,,,,
2019,10,7,15,0,477,28.4,,,,,,,,
2019,10,7,16,0,269,27.8,,,,,,,,
2019,10,7,17,0,68,27,,,,,,,,
2019,10,7,18,0,0,26.4,,,,,,,,
2019,10,7,19,0,0,26.2,,,,,,,,
2019,10,7,20,0,0,26.1,,,,,,,,
2019,10,7,21,0,0,26,,,,,,,,
2019,10,7,22,0,0,25.9,,,,,,,,
2019,10,7,23,0,0,25.9,,,,,,,,
2019,10,8,0,0,0,25.8,,,,,,,,
2019,10,8,1,0,0,25.7,,,,,,,,
2019,10,8,2,0,0,25.7,,,,,,,,
2019,10,8,3,0,0,25.6,,,,,,,,
2019,10,8,4,0,0,25.6,,,,,,,,
2019,10,8,5,0,0,25.6,,,,,,,,
2019,10,8,6,0,14,25.9,,,,,,,,
2019,10,8,7,0,191,26.6,,,,,,,,
2019,10,8,8,0,409,27.1,,,,,,,,
2019,10,8,9,0,604,27.6,,,,,,,,
2019,10,8,10,0,749,27.9,,,,,,,,
2019,10,8,11,0,621,28.1,,,,,,,,
2019,10,8,12,0,856,28.1,,,,,,,,
2019,10,8,13,0,794,28,,,,,,,,
2019,10,8,14,0,669,27.8,,,,,,,,
2019,10,8,15,0,485,27.4,,,,,,,,
2019,10,8,16,0,270,27,,,,,,,,
2019,10,8,17,0,64,26.3,,,,,,,,
2019,10,8,18,0,0,26,,,,,,,,
2019,10,8,19,0,0,25.9,,,,,,,,
2019,10,8,20,0,0,25.8,,,,,,,,
2019,10,8,21,0,0,25.7,,,,,,,,
2019,10,8,22,0,0,25.7,,,,,,,,
2019,10,8,23,0,0,25.6,,,,,,,,
2019,10,9,0,0,0,25.5,,,,,,,,
2019,10,9,1,0,0,25.5,,,,,,,,
2019,10,9,2,0,0,25.4,,,,,,,,
2019,10,9,3,0,0,25.4,,,,,,,,
2019,10,9,4,0,0,25.4,,,,,,,,
2019,10,9,5,0,0,25.3,,,,,,,,
2019,10,9,6,0,5,25.5,,,,,,,,
2019,10,9,7,0,175,26,,,,,,,,
2019,10,9,8,0,183,26.5,,,,,,,,
2019,10,9,9,0,257,26.9,,,,,,,,
2019,10,9,10,0,426,27.3,,,,,,,,
2019,10,9,11,0,311,27.5,,,,,,,,
2019,10,9,12,0,341,27.5,,,,,,,,
2019,10,9,13,0,754,27.2,,,,,,,,
2019,10,9,14,0,646,26.9,,,,,,,,
2019,10,9,15,0,352,26.6,,,,,,,,
2019,10,9,16,0,262,26.1,,,,,,,,
2019,10,9,17,0,62,25.5,,,,,,,,
2019,10,9,18,0,0,25.2,,,,,,,,
2019,10,9,19,0,0,25,,,,,,,,
2019,10,9,20,0,0,24.8,,,,,,,,
2019,10,9,21,0,0,24.6,,,,,,,,
2019,10,9,22,0,0,24.5,,,,,,,,
2019,10,9,23,0,0,24.4,,,,,,,,
2019,10,10,0,0,0,24.3,,,,,,,,
2019,10,10,1,0,0,24.1,,,,,,,,
2019,10,10,2,0,0,24,,,,,,,,
2019,10,10,3,0,0,23.9,,,,,,,,
2019,10,10,4,0,0,23.8,,,,,,,,
2019,10,10,5,0,0,23.8,,,,,,,,
2019,10,10,6,0,11,24.2,,,,,,,,
2019,10,10,7,0,180,25.4,,,,,,,,
2019,10,10,8,0,389,26,,,,,,,,
2019,10,10,9,0,575,26.5,,,,,,,,
2019,10,10,10,0,716,26.8,,,,,,,,
2019,10,10,11,0,822,27.1,,,,,,,,
2019,10,10,12,0,836,27.3,,,,,,,,
2019,10,10,13,0,777,27.3,,,,,,,,
2019,10,10,14,0,658,27.2,,,,,,,,
2019,10,10,15,0,479,26.8,,,,,,,,
2019,10,10,16,0,267,26.4,,,,,,,,
2019,10,10,17,0,64,25.5,,,,,,,,
2019,10,10,18,0,0,25,,,,,,,,
2019,10,10,19,0,0,24.9,,,,,,,,
2019,10,10,20,0,0,24.8,,,,,,,,
2019,10,10,21,0,0,24.7,,,,,,,,
2019,10,10,22,0,0,24.7,,,,,,,,
2019,10,10,23,0,0,24.7,,,,,,,,
2019,10,11,0,0,0,24.5,,,,,,,,
2019,10,11,1,0,0,24.4,,,,,,,,
2019,10,11,2,0,0,24.3,,,,,,,,
2019,10,11,3,0,0,24.1,,,,,,,,
2019,10,11,4,0,0,24,,,,,,,,
2019,10,11,5,0,0,23.9,,,,,,,,
2019,10,11,6,0,14,24.2,,,,,,,,
2019,10,11,7,0,193,25.3,,,,,,,,
2019,10,11,8,0,411,26,,,,,,,,
2019,10,11,9,0,606,26.5,,,,,,,,
2019,10,11,10,0,752,26.9,,,,,,,,
2019,10,11,11,0,842,27.2,,,,,,,,
2019,10,11,12,0,853,27.4,,,,,,,,
2019,10,11,13,0,793,27.5,,,,,,,,
2019,10,11,14,0,669,27.4,,,,,,,,
2019,10,11,15,0,489,27.1,,,,,,,,
2019,10,11,16,0,274,26.7,,,,,,,,
2019,10,11,17,0,65,25.8,,,,,,,,
2019,10,11,18,0,0,25.3,,,,,,,,
2019,10,11,19,0,0,25.3,,,,,,,,
2019,10,11,20,0,0,25.3,,,,,,,,
2019,10,11,21,0,0,25.3,,,,,,,,
2019,10,11,22,0,0,25.3,,,,,,,,
2019,10,11,23,0,0,25.3,,,,,,,,
2019,10,12,0,0,0,25.2,,,,,,,,
2019,10,12,1,0,0,25.1,,,,,,,,
2019,10,12,2,0,0,24.9,,,,,,,,
2019,10,12,3,0,0,24.8,,,,,,,,
2019,10,12,4,0,0,24.7,,,,,,,,
2019,10,12,5,0,0,24.5,,,,,,,,
2019,10,12,6,0,10,24.8,,,,,,,,
2019,10,12,7,0,178,26,,,,,,,,
2019,10,12,8,0,385,26.7,,,,,,,,
2019,10,12,9,0,568,27.1,,,,,,,,
2019,10,12,10,0,702,27.5,,,,,,,,
2019,10,12,11,0,778,27.7,,,,,,,,
2019,10,12,12,0,784,27.8,,,,,,,,
2019,10,12,13,0,719,27.7,,,,,,,,
2019,10,12,14,0,596,27.5,,,,,,,,
2019,10,12,15,0,423,27.1,,,,,,,,
2019,10,12,16,0,222,26.6,,,,,,,,
2019,10,12,17,0,34,26,,,,,,,,
2019,10,12,18,0,0,25.6,,,,,,,,
2019,10,12,19,0,0,25.5,,,,,,,,
2019,10,12,20,0,0,25.4,,,,,,,,
2019,10,12,21,0,0,25.3,,,,,,,,
2019,10,12,22,0,0,25.2,,,,,,,,
2019,10,12,23,0,0,25,,,,,,,,
2019,10,13,0,0,0,24.9,,,,,,,,
2019,10,13,1,0,0,24.7,,,,,,,,
2019,10,13,2,0,0,24.6,,,,,,,,
2019,10,13,3,0,0,24.5,,,,,,,,
2019,10,13,4,0,0,24.4,,,,,,,,
2019,10,13,5,0,0,24.3,,,,,,,,
2019,10,13,6,0,7,24.7,,,,,,,,
2019,10,13,7,0,166,25.5,,,,,,,,
2019,10,13,8,0,370,26,,,,,,,,
2019,10,13,9,0,327,26.4,,,,,,,,
2019,10,13,10,0,245,26.7,,,,,,,,
2019,10,13,11,0,545,27,,,,,,,,
2019,10,13,12,0,354,27.2,,,,,,,,
2019,10,13,13,0,228,27.1,,,,,,,,
2019,10,13,14,0,628,27,,,,,,,,
2019,10,13,15,0,450,26.7,,,,,,,,
2019,10,13,16,0,126,26.2,,,,,,,,
2019,10,13,17,0,49,25.6,,,,,,,,
2019,10,13,18,0,0,25.2,,,,,,,,
2019,10,13,19,0,0,25.1,,,,,,,,
2019,10,13,20,0,0,25,,,,,,,,
2019,10,13,21,0,0,24.8,,,,,,,,
2019,10,13,22,0,0,24.7,,,,,,,,
2019,10,13,23,0,0,24.5,,,,,,,,
2019,10,14,0,0,0,24.5,,,,,,,,
2019,10,14,1,0,0,24.4,,,,,,,,
2019,10,14,2,0,0,24.4,,,,,,,,
2019,10,14,3,0,0,24.4,,,,,,,,
2019,10,14,4,0,0,24.4,,,,,,,,
2019,10,14,5,0,0,24.4,,,,,,,,
2019,10,14,6,0,6,24.6,,,,,,,,
2019,10,14,7,0,170,25.3,,,,,,,,
2019,10,14,8,0,378,25.8,,,,,,,,
2019,10,14,9,0,57,26.2,,,,,,,,
2019,10,14,10,0,710,26.5,,,,,,,,
2019,10,14,11,0,812,26.6,,,,,,,,
2019,10,14,12,0,387,26.6,,,,,,,,
2019,10,14,13,0,761,26.4,,,,,,,,
2019,10,14,14,0,482,26,,,,,,,,
2019,10,14,15,0,352,25.7,,,,,,,,
2019,10,14,16,0,240,25.2,,,,,,,,
2019,10,14,17,0,24,24.7,,,,,,,,
2019,10,14,18,0,0,24.5,,,,,,,,
2019,10,14,19,0,0,24.4,,,,,,,,
2019,10,14,20,0,0,24.3,,,,,,,,
2019,10,14,21,0,0,24.2,,,,,,,,
2019,10,14,22,0,0,24.1,,,,,,,,
2019,10,14,23,0,0,24.1,,,,,,,,
2019,10,15,0,0,0,24,,,,,,,,
2019,10,15,1,0,0,24,,,,,,,,
2019,10,15,2,0,0,23.9,,,,,,,,
2019,10,15,3,0,0,23.9,,,,,,,,
2019,10,15,4,0,0,23.9,,,,,,,,
2019,10,15,5,0,0,23.9,,,,,,,,
2019,10,15,6,0,7,24,,,,,,,,
2019,10,15,7,0,113,24.4,,,,,,,,
2019,10,15,8,0,374,24.8,,,,,,,,
2019,10,15,9,0,388,25,,,,,,,,
2019,10,15,10,0,483,25.2,,,,,,,,
2019,10,15,11,0,75,25.2,,,,,,,,
2019,10,15,12,0,174,25,,,,,,,,
2019,10,15,13,0,72,24.8,,,,,,,,
2019,10,15,14,0,55,24.6,,,,,,,,
2019,10,15,15,0,38,24.2,,,,,,,,
2019,10,15,16,0,18,23.8,,,,,,,,
2019,10,15,17,0,6,23.3,,,,,,,,
2019,10,15,18,0,0,23.2,,,,,,,,
2019,10,15,19,0,0,23.1,,,,,,,,
2019,10,15,20,0,0,23,,,,,,,,
2019,10,15,21,0,0,22.9,,,,,,,,
2019,10,15,22,0,0,22.9,,,,,,,,
2019,10,15,23,0,0,22.8,,,,,,,,
2019,10,16,0,0,0,22.7,,,,,,,,
2019,10,16,1,0,0,22.7,,,,,,,,
2019,10,16,2,0,0,22.6,,,,,,,,
2019,10,16,3,0,0,22.5,,,,,,,,
2019,10,16,4,0,0,22.5,,,,,,,,
2019,10,16,5,0,0,22.5,,,,,,,,
2019,10,16,6,0,6,22.6,,,,,,,,
2019,10,16,7,0,20,23.4,,,,,,,,
2019,10,16,8,0,36,24.1,,,,,,,,
2019,10,16,9,0,50,24.7,,,,,,,,
2019,10,16,10,0,63,25.3,,,,,,,,
2019,10,16,11,0,130,25.6,,,,,,,,
2019,10,16,12,0,155,25.8,,,,,,,,
2019,10,16,13,0,98,25.8,,,,,,,,
2019,10,16,14,0,55,25.5,,,,,,,,
2019,10,16,15,0,55,25.3,,,,,,,,
2019,10,16,16,0,80,25,,,,,,,,
2019,10,16,17,0,12,24.6,,,,,,,,
2019,10,16,18,0,0,24.2,,,,,,,,
2019,10,16,19,0,0,24.1,,,,,,,,
2019,10,16,20,0,0,23.9,,,,,,,,
2019,10,16,21,0,0,23.8,,,,,,,,
2019,10,16,22,0,0,23.7,,,,,,,,
2019,10,16,23,0,0,23.7,,,,,,,,
2019,10,17,0,0,0,23.8,,,,,,,,
2019,10,17,1,0,0,23.9,,,,,,,,
2019,10,17,2,0,0,24,,,,,,,,
2019,10,17,3,0,0,24,,,,,,,,
2019,10,17,4,0,0,24,,,,,,,,
2019,10,17,5,0,0,24,,,,,,,,
2019,10,17,6,0,6,24,,,,,,,,
2019,10,17,7,0,26,24.4,,,,,,,,
2019,10,17,8,0,76,24.8,,,,,,,,
2019,10,17,9,0,140,25.1,,,,,,,,
2019,10,17,10,0,353,25.3,,,,,,,,
2019,10,17,11,0,551,25.4,,,,,,,,
2019,10,17,12,0,575,25.5,,,,,,,,
2019,10,17,13,0,566,25.4,,,,,,,,
2019,10,17,14,0,342,25.1,,,,,,,,
2019,10,17,15,0,259,24.8,,,,,,,,
2019,10,17,16,0,17,24.4,,,,,,,,
2019,10,17,17,0,44,23.9,,,,,,,,
2019,10,17,18,0,0,23.6,,,,,,,,
2019,10,17,19,0,0,23.5,,,,,,,,
2019,10,17,20,0,0,23.4,,,,,,,,
2019,10,17,21,0,0,23.3,,,,,,,,
2019,10,17,22,0,0,23.1,,,,,,,,
2019,10,17,23,0,0,23,,,,,,,,
2019,10,18,0,0,0,22.9,,,,,,,,
2019,10,18,1,0,0,22.8,,,,,,,,
2019,10,18,2,0,0,22.7,,,,,,,,
2019,10,18,3,0,0,22.6,,,,,,,,
2019,10,18,4,0,0,22.5,,,,,,,,
2019,10,18,5,0,0,22.6,,,,,,,,
2019,10,18,6,0,8,22.8,,,,,,,,
2019,10,18,7,0,174,23.7,,,,,,,,
2019,10,18,8,0,386,24.2,,,,,,,,
2019,10,18,9,0,91,24.7,,,,,,,,
2019,10,18,10,0,262,25,,,,,,,,
2019,10,18,11,0,524,25.2,,,,,,,,
2019,10,18,12,0,467,25.3,,,,,,,,
2019,10,18,13,0,762,25.2,,,,,,,,
2019,10,18,14,0,628,25,,,,,,,,
2019,10,18,15,0,447,24.7,,,,,,,,
2019,10,18,16,0,236,24.3,,,,,,,,
2019,10,18,17,0,41,23.6,,,,,,,,
2019,10,18,18,0,0,23.2,,,,,,,,
2019,10,18,19,0,0,23.1,,,,,,,,
2019,10,18,20,0,0,23.1,,,,,,,,
2019,10,18,21,0,0,23,,,,,,,,
2019,10,18,22,0,0,23.1,,,,,,,,
2019,10,18,23,0,0,23.1,,,,,,,,
2019,10,19,0,0,0,23.1,,,,,,,,
2019,10,19,1,0,0,23.1,,,,,,,,
2019,10,19,2,0,0,23.1,,,,,,,,
2019,10,19,3,0,0,23,,,,,,,,
2019,10,19,4,0,0,23,,,,,,,,
2019,10,19,5,0,0,23,,,,,,,,
2019,10,19,6,0,0,23.1,,,,,,,,
2019,10,19,7,0,42,23.8,,,,,,,,
2019,10,19,8,0,60,24.3,,,,,,,,
2019,10,19,9,0,126,24.7,,,,,,,,
2019,10,19,10,0,257,25,,,,,,,,
2019,10,19,11,0,169,25.1,,,,,,,,
2019,10,19,12,0,144,25.1,,,,,,,,
2019,10,19,13,0,293,25.1,,,,,,,,
2019,10,19,14,0,83,24.8,,,,,,,,
2019,10,19,15,0,70,24.6,,,,,,,,
2019,10,19,16,0,17,24.3,,,,,,,,
2019,10,19,17,0,4,23.9,,,,,,,,
2019,10,19,18,0,0,23.7,,,,,,,,
2019,10,19,19,0,0,23.6,,,,,,,,
2019,10,19,20,0,0,23.4,,,,,,,,
2019,10,19,21,0,0,23.2,,,,,,,,
2019,10,19,22,0,0,23.1,,,,,,,,
2019,10,19,23,0,0,23,,,,,,,,
2019,10,20,0,0,0,22.9,,,,,,,,
2019,10,20,1,0,0,22.8,,,,,,,,
2019,10,20,2,0,0,22.7,,,,,,,,
2019,10,20,3,0,0,22.7,,,,,,,,
2019,10,20,4,0,0,22.6,,,,,,,,
2019,10,20,5,0,0,22.6,,,,,,,,
2019,10,20,6,0,0,22.7,,,,,,,,
2019,10,20,7,0,168,23.4,,,,,,,,
2019,10,20,8,0,214,23.9,,,,,,,,
2019,10,20,9,0,395,24.3,,,,,,,,
2019,10,20,10,0,392,24.5,,,,,,,,
2019,10,20,11,0,564,24.6,,,,,,,,
2019,10,20,12,0,507,24.7,,,,,,,,
2019,10,20,13,0,583,24.7,,,,,,,,
2019,10,20,14,0,491,24.6,,,,,,,,
2019,10,20,15,0,432,24.4,,,,,,,,
2019,10,20,16,0,101,24.1,,,,,,,,
2019,10,20,17,0,16,23.7,,,,,,,,
2019,10,20,18,0,0,23.4,,,,,,,,
2019,10,20,19,0,0,23.4,,,,,,,,
2019,10,20,20,0,0,23.3,,,,,,,,
2019,10,20,21,0,0,23.2,,,,,,,,
2019,10,20,22,0,0,23.1,,,,,,,,
2019,10,20,23,0,0,23,,,,,,,,
2019,10,21,0,0,0,22.9,,,,,,,,
2019,10,21,1,0,0,22.8,,,,,,,,
2019,10,21,2,0,0,22.7,,,,,,,,
2019,10,21,3,0,0,22.6,,,,,,,,
2019,10,21,4,0,0,22.5,,,,,,,,
2019,10,21,5,0,0,22.4,,,,,,,,
2019,10,21,6,0,0,22.5,,,,,,,,
2019,10,21,7,0,164,23.2,,,,,,,,
2019,10,21,8,0,76,23.7,,,,,,,,
2019,10,21,9,0,247,24.1,,,,,,,,
2019,10,21,10,0,312,24.5,,,,,,,,
2019,10,21,11,0,251,24.7,,,,,,,,
2019,10,21,12,0,362,24.7,,,,,,,,
2019,10,21,13,0,514,24.6,,,,,,,,
2019,10,21,14,0,186,24.4,,,,,,,,
2019,10,21,15,0,60,24,,,,,,,,
2019,10,21,16,0,98,23.5,,,,,,,,
2019,10,21,17,0,36,22.9,,,,,,,,
2019,10,21,18,0,0,22.6,,,,,,,,
2019,10,21,19,0,0,22.6,,,,,,,,
2019,10,21,20,0,0,22.5,,,,,,,,
2019,10,21,21,0,0,22.4,,,,,,,,
2019,10,21,22,0,0,22.4,,,,,,,,
2019,10,21,23,0,0,22.3,,,FALL,,,,,
2019,10,22,0,0,0,22.1,,1,22.1,1,0,1,293.0517154,293051.7154
2019,10,22,1,0,0,22,,2,22,2,0,2,236.3961611,236396.1611
2019,10,22,2,0,0,21.9,,3,21.9,3,0,3,203.7682251,203768.2251
2019,10,22,3,0,0,21.9,,4,21.9,4,0,4,187.6572002,187657.2002
2019,10,22,4,0,0,21.8,,5,21.8,5,0,5,177.0421747,177042.1747
2019,10,22,5,0,0,21.8,,6,21.8,6,0,6,171.8997955,171899.7955
2019,10,22,6,0,0,22,,7,22,7,0,7,166.2767506,166276.7506
2019,10,22,7,0,169,23.4,,8,23.4,8,0.169,8,192.4893525,192489.3525
2019,10,22,8,0,382,24.1,,9,24.1,9,0.382,9,250.2978995,250297.8995
2019,10,22,9,0,573,24.6,,10,24.6,10,0.573,10,306.0459818,306045.9818
2019,10,22,10,0,718,25.1,,11,25.1,11,0.718,11,280.2574056,280257.4056
2019,10,22,11,0,803,25.4,,12,25.4,12,0.803,12,295.3159741,295315.9741
2019,10,22,12,0,810,25.5,,13,25.5,13,0.81,13,317.8760202,317876.0202
2019,10,22,13,0,744,25.4,,14,25.4,14,0.744,14,309.4098056,309409.8056
2019,10,22,14,0,612,25.1,,15,25.1,15,0.612,15,313.0211088,313021.1088
2019,10,22,15,0,426,24.7,,16,24.7,16,0.426,16,315.1174791,315117.4791
2019,10,22,16,0,100,24.3,,17,24.3,17,0.1,17,311.7908461,311790.8461
2019,10,22,17,0,15,23.6,,18,23.6,18,0.015,18,323.2227431,323222.7431
2019,10,22,18,0,0,23.3,,19,23.3,19,0,19,325.9760825,325976.0825
2019,10,22,19,0,0,23.3,,20,23.3,20,0,20,317.6816379,317681.6379
2019,10,22,20,0,0,23.3,,21,23.3,21,0,21,335.1144759,335114.4759
2019,10,22,21,0,0,23.3,,22,23.3,22,0,22,320.3983032,320398.3032
2019,10,22,22,0,0,23.3,,23,23.3,23,0,23,321.9302069,321930.2069
2019,10,22,23,0,0,23.3,,24,23.3,24,0,24,317.8862637,317886.2637
2019,10,23,0,0,0,23.3,,1,23.3,1,0,1,303.638279,303638.279
2019,10,23,1,0,0,23.3,,2,23.3,2,0,2,257.7476671,257747.6671
2019,10,23,2,0,0,23.3,,3,23.3,3,0,3,217.4284465,217428.4465
2019,10,23,3,0,0,23.3,,4,23.3,4,0,4,206.5813056,206581.3056
2019,10,23,4,0,0,23.3,,5,23.3,5,0,5,187.6154882,187615.4882
2019,10,23,5,0,0,23.3,,6,23.3,6,0,6,177.4055939,177405.5939
2019,10,23,6,0,0,23.5,,7,23.5,7,0,7,174.2265746,174226.5746
2019,10,23,7,0,157,24.8,,8,24.8,8,0.157,8,203.1403493,203140.3493
2019,10,23,8,0,361,25.4,,9,25.4,9,0.361,9,251.6399375,251639.9375
2019,10,23,9,0,547,25.7,,10,25.7,10,0.547,10,285.5983829,285598.3829
2019,10,23,10,0,368,25.9,,11,25.9,11,0.368,11,317.2857994,317285.7994
2019,10,23,11,0,770,26,,12,26,12,0.77,12,312.1264533,312126.4533
2019,10,23,12,0,779,26,,13,26,13,0.779,13,330.9579154,330957.9154
2019,10,23,13,0,342,25.8,,14,25.8,14,0.342,14,348.0047158,348004.7158
2019,10,23,14,0,463,25.5,,15,25.5,15,0.463,15,336.3060093,336306.0093
2019,10,23,15,0,92,25.2,,16,25.2,16,0.092,16,335.9003328,335900.3328
2019,10,23,16,0,211,24.7,,17,24.7,17,0.211,17,324.0784256,324078.4256
2019,10,23,17,0,29,24.2,,18,24.2,18,0.029,18,338.6428643,338642.8643
2019,10,23,18,0,0,23.9,,19,23.9,19,0,19,321.9892143,321989.2143
2019,10,23,19,0,0,23.8,,20,23.8,20,0,20,329.8788522,329878.8522
2019,10,23,20,0,0,23.7,,21,23.7,21,0,21,326.1298766,326129.8766
2019,10,23,21,0,0,23.5,,22,23.5,22,0,22,329.2885369,329288.5369
2019,10,23,22,0,0,23.4,,23,23.4,23,0,23,382.2567714,382256.7714
2019,10,23,23,0,0,23.4,,24,23.4,24,0,24,342.5096275,342509.6275
2019,10,24,0,0,0,23.3,,1,23.3,1,0,1,314.6658536,314665.8536
2019,10,24,1,0,0,23.3,,2,23.3,2,0,2,284.3786428,284378.6428
2019,10,24,2,0,0,23.3,,3,23.3,3,0,3,229.5228647,229522.8647
2019,10,24,3,0,0,23.2,,4,23.2,4,0,4,208.956944,208956.944
2019,10,24,4,0,0,23.2,,5,23.2,5,0,5,208.2842712,208284.2712
2019,10,24,5,0,0,23.1,,6,23.1,6,0,6,201.7298333,201729.8333
2019,10,24,6,0,0,23.2,,7,23.2,7,0,7,222.1450833,222145.0833
2019,10,24,7,0,105,23.8,,8,23.8,8,0.105,8,216.1657937,216165.7937
2019,10,24,8,0,264,24.2,,9,24.2,9,0.264,9,273.3619006,273361.9006
2019,10,24,9,0,486,24.6,,10,24.6,10,0.486,10,290.8150217,290815.0217
2019,10,24,10,0,687,25.1,,11,25.1,11,0.687,11,297.6418101,297641.8101
2019,10,24,11,0,615,25.5,,12,25.5,12,0.615,12,302.3993617,302399.3617
2019,10,24,12,0,577,25.6,,13,25.6,13,0.577,13,288.2109837,288210.9837
2019,10,24,13,0,724,25.6,,14,25.6,14,0.724,14,326.7102328,326710.2328
2019,10,24,14,0,597,25.4,,15,25.4,15,0.597,15,294.4329644,294432.9644
2019,10,24,15,0,420,25.1,,16,25.1,16,0.42,16,308.3896684,308389.6684
2019,10,24,16,0,214,24.6,,17,24.6,17,0.214,17,319.5146414,319514.6414
2019,10,24,17,0,29,24,,18,24,18,0.029,18,322.1783371,322178.3371
2019,10,24,18,0,0,23.8,,19,23.8,19,0,19,325.1930038,325193.0038
2019,10,24,19,0,0,23.7,,20,23.7,20,0,20,339.9944633,339994.4633
2019,10,24,20,0,0,23.7,,21,23.7,21,0,21,328.863763,328863.763
2019,10,24,21,0,0,23.6,,22,23.6,22,0,22,320.5678122,320567.8122
2019,10,24,22,0,0,23.5,,23,23.5,23,0,23,357.1716102,357171.6102
2019,10,24,23,0,0,23.4,,24,23.4,24,0,24,350.1511083,350151.1083
2019,10,25,0,0,0,23.3,,1,23.3,1,0,1,323.6499729,323649.9729
2019,10,25,1,0,0,23.1,,2,23.1,2,0,2,272.7434764,272743.4764
2019,10,25,2,0,0,23,,3,23,3,0,3,237.0115376,237011.5376
2019,10,25,3,0,0,22.9,,4,22.9,4,0,4,218.3703307,218370.3307
2019,10,25,4,0,0,22.8,,5,22.8,5,0,5,192.0271845,192027.1845
2019,10,25,5,0,0,22.8,,6,22.8,6,0,6,194.9935411,194993.5411
2019,10,25,6,0,0,22.9,,7,22.9,7,0,7,188.9960053,188996.0053
2019,10,25,7,0,157,23.9,,8,23.9,8,0.157,8,210.2175516,210217.5516
2019,10,25,8,0,364,24.6,,9,24.6,9,0.364,9,264.6765519,264676.5519
2019,10,25,9,0,550,25.1,,10,25.1,10,0.55,10,291.1032446,291103.2446
2019,10,25,10,0,596,25.5,,11,25.5,11,0.596,11,267.1708066,267170.8066
2019,10,25,11,0,774,25.8,,12,25.8,12,0.774,12,295.7522148,295752.2148
2019,10,25,12,0,720,25.9,,13,25.9,13,0.72,13,300.4904338,300490.4338
2019,10,25,13,0,717,25.8,,14,25.8,14,0.717,14,321.7509626,321750.9626
2019,10,25,14,0,587,25.5,,15,25.5,15,0.587,15,305.8090902,305809.0902
2019,10,25,15,0,408,25,,16,25,16,0.408,16,329.0700602,329070.0602
2019,10,25,16,0,106,24.6,,17,24.6,17,0.106,17,342.1596359,342159.6359
2019,10,25,17,0,25,23.9,,18,23.9,18,0.025,18,308.840461,308840.461
2019,10,25,18,0,0,23.6,,19,23.6,19,0,19,318.1785222,318178.5222
2019,10,25,19,0,0,23.5,,20,23.5,20,0,20,321.8332699,321833.2699
2019,10,25,20,0,0,23.4,,21,23.4,21,0,21,294.6231307,294623.1307
2019,10,25,21,0,0,23.3,,22,23.3,22,0,22,321.0186203,321018.6203
2019,10,25,22,0,0,23.2,,23,23.2,23,0,23,323.0725699,323072.5699
2019,10,25,23,0,0,23,,24,23,24,0,24,331.9832269,331983.2269
2019,10,26,0,0,0,23,,1,23,1,0,1,299.7203611,299720.3611
2019,10,26,1,0,0,22.9,,2,22.9,2,0,2,295.3190076,295319.0076
2019,10,26,2,0,0,22.9,,3,22.9,3,0,3,238.2021248,238202.1248
2019,10,26,3,0,0,22.8,,4,22.8,4,0,4,225.5818525,225581.8525
2019,10,26,4,0,0,22.7,,5,22.7,5,0,5,205.0675614,205067.5614
2019,10,26,5,0,0,22.7,,6,22.7,6,0,6,202.9954733,202995.4733
2019,10,26,6,0,0,22.8,,7,22.8,7,0,7,192.9185691,192918.5691
2019,10,26,7,0,152,23.5,,8,23.5,8,0.152,8,202.8451184,202845.1184
2019,10,26,8,0,81,24.1,,9,24.1,9,0.081,9,215.8098539,215809.8539
2019,10,26,9,0,109,24.7,,10,24.7,10,0.109,10,220.4090464,220409.0464
2019,10,26,10,0,348,25.1,,11,25.1,11,0.348,11,245.5935788,245593.5788
2019,10,26,11,0,406,25.3,,12,25.3,12,0.406,12,276.9945362,276994.5362
2019,10,26,12,0,503,25.5,,13,25.5,13,0.503,13,253.5764019,253576.4019
2019,10,26,13,0,703,25.5,,14,25.5,14,0.703,14,271.0282154,271028.2154
2019,10,26,14,0,583,25.4,,15,25.4,15,0.583,15,285.469613,285469.613
2019,10,26,15,0,320,25.1,,16,25.1,16,0.32,16,253.0416561,253041.6561
2019,10,26,16,0,201,24.7,,17,24.7,17,0.201,17,262.1716642,262171.6642
2019,10,26,17,0,23,23.9,,18,23.9,18,0.023,18,288.7829656,288782.9656
2019,10,26,18,0,0,23.6,,19,23.6,19,0,19,276.4570115,276457.0115
2019,10,26,19,0,0,23.4,,20,23.4,20,0,20,267.8442553,267844.2553
2019,10,26,20,0,0,23.3,,21,23.3,21,0,21,263.751708,263751.708
2019,10,26,21,0,0,23.2,,22,23.2,22,0,22,282.3244524,282324.4524
2019,10,26,22,0,0,23,,23,23,23,0,23,282.218266,282218.266
2019,10,26,23,0,0,22.9,,24,22.9,24,0,24,303.0114831,303011.4831
2019,10,27,0,0,0,22.8,,1,22.8,1,0,1,265.988603,265988.603
2019,10,27,1,0,0,22.8,,2,22.8,2,0,2,246.3496825,246349.6825
2019,10,27,2,0,0,22.8,,3,22.8,3,0,3,214.5842054,214584.2054
2019,10,27,3,0,0,22.8,,4,22.8,4,0,4,183.0098516,183009.8516
2019,10,27,4,0,0,22.8,,5,22.8,5,0,5,177.9738683,177973.8683
2019,10,27,5,0,0,22.8,,6,22.8,6,0,6,190.2933085,190293.3085
2019,10,27,6,0,0,23.1,,7,23.1,7,0,7,184.0864725,184086.4725
2019,10,27,7,0,100,24.1,,8,24.1,8,0.1,8,203.9933467,203993.3467
2019,10,27,8,0,347,24.8,,9,24.8,9,0.347,9,212.7323736,212732.3736
2019,10,27,9,0,530,25.2,,10,25.2,10,0.53,10,226.2060662,226206.0662
2019,10,27,10,0,669,25.5,,11,25.5,11,0.669,11,220.1015979,220101.5979
2019,10,27,11,0,748,25.6,,12,25.6,12,0.748,12,250.3056517,250305.6517
2019,10,27,12,0,757,25.5,,13,25.5,13,0.757,13,254.2813158,254281.3158
2019,10,27,13,0,696,25.4,,14,25.4,14,0.696,14,255.6110968,255611.0968
2019,10,27,14,0,562,25.1,,15,25.1,15,0.562,15,263.4270437,263427.0437
2019,10,27,15,0,132,24.8,,16,24.8,16,0.132,16,262.3570791,262357.0791
2019,10,27,16,0,189,24.3,,17,24.3,17,0.189,17,261.648957,261648.957
2019,10,27,17,0,16,23.8,,18,23.8,18,0.016,18,283.4627715,283462.7715
2019,10,27,18,0,0,23.6,,19,23.6,19,0,19,324.3634015,324363.4015
2019,10,27,19,0,0,23.6,,20,23.6,20,0,20,295.1863576,295186.3576
2019,10,27,20,0,0,23.6,,21,23.6,21,0,21,290.0704017,290070.4017
2019,10,27,21,0,0,23.6,,22,23.6,22,0,22,287.6295703,287629.5703
2019,10,27,22,0,0,23.6,,23,23.6,23,0,23,319.3040108,319304.0108
2019,10,27,23,0,0,23.7,,24,23.7,24,0,24,318.713528,318713.528
2019,10,28,0,0,0,23.7,,1,23.7,1,0,1,311.6960291,311696.0291
2019,10,28,1,0,0,23.8,,2,23.8,2,0,2,255.6965517,255696.5517
2019,10,28,2,0,0,23.8,,3,23.8,3,0,3,212.2987691,212298.7691
2019,10,28,3,0,0,23.8,,4,23.8,4,0,4,207.6253365,207625.3365
2019,10,28,4,0,0,23.9,,5,23.9,5,0,5,195.9945655,195994.5655
2019,10,28,5,0,0,23.8,,6,23.8,6,0,6,187.6936816,187693.6816
2019,10,28,6,0,0,23.8,,7,23.8,7,0,7,199.0186832,199018.6832
2019,10,28,7,0,87,24.7,,8,24.7,8,0.087,8,215.9599268,215959.9268
2019,10,28,8,0,198,25.3,,9,25.3,9,0.198,9,266.9790365,266979.0365
2019,10,28,9,0,356,25.9,,10,25.9,10,0.356,10,313.144707,313144.707
2019,10,28,10,0,333,26.4,,11,26.4,11,0.333,11,313.4132068,313413.2068
2019,10,28,11,0,366,26.8,,12,26.8,12,0.366,12,330.3422258,330342.2258
2019,10,28,12,0,522,26.8,,13,26.8,13,0.522,13,365.1076164,365107.6164
2019,10,28,13,0,424,26.4,,14,26.4,14,0.424,14,356.7426305,356742.6305
2019,10,28,14,0,135,25.8,,15,25.8,15,0.135,15,361.1313411,361131.3411
2019,10,28,15,0,131,25,,16,25,16,0.131,16,357.4404628,357440.4628
2019,10,28,16,0,14,24,,17,24,17,0.014,17,343.9926571,343992.6571
2019,10,28,17,0,3,23.3,,18,23.3,18,0.003,18,318.4647085,318464.7085
2019,10,28,18,0,0,23.1,,19,23.1,19,0,19,322.1280256,322128.0256
2019,10,28,19,0,0,23.1,,20,23.1,20,0,20,344.7796971,344779.6971
2019,10,28,20,0,0,23.1,,21,23.1,21,0,21,315.7789189,315778.9189
2019,10,28,21,0,0,23.1,,22,23.1,22,0,22,330.3427967,330342.7967
2019,10,28,22,0,0,23,,23,23,23,0,23,327.519631,327519.631
2019,10,28,23,0,0,23,,24,23,24,0,24,339.9871133,339987.1133
2019,10,29,0,0,0,22.9,,,,,,,,
2019,10,29,1,0,0,22.9,,,,,,,,
2019,10,29,2,0,0,22.8,,,,,,,,
2019,10,29,3,0,0,22.6,,,,,,,,
2019,10,29,4,0,0,22.5,,,,,,,,
2019,10,29,5,0,0,22.4,,,,,,,,
2019,10,29,6,0,0,22.4,,,,,,,,
2019,10,29,7,0,39,22.7,,,,,,,,
2019,10,29,8,0,148,23.1,,,,,,,,
2019,10,29,9,0,107,23.6,,,,,,,,
2019,10,29,10,0,167,24.1,,,,,,,,
2019,10,29,11,0,111,24.2,,,,,,,,
2019,10,29,12,0,194,24.1,,,,,,,,
2019,10,29,13,0,288,24,,,,,,,,
2019,10,29,14,0,132,23.8,,,,,,,,
2019,10,29,15,0,80,23.5,,,,,,,,
2019,10,29,16,0,46,23.2,,,,,,,,
2019,10,29,17,0,14,23,,,,,,,,
2019,10,29,18,0,0,23,,,,,,,,
2019,10,29,19,0,0,23,,,,,,,,
2019,10,29,20,0,0,23.1,,,,,,,,
2019,10,29,21,0,0,23,,,,,,,,
2019,10,29,22,0,0,23,,,,,,,,
2019,10,29,23,0,0,23,,,,,,,,
2019,10,30,0,0,0,22.9,,,,,,,,
2019,10,30,1,0,0,22.9,,,,,,,,
2019,10,30,2,0,0,22.9,,,,,,,,
2019,10,30,3,0,0,22.8,,,,,,,,
2019,10,30,4,0,0,22.7,,,,,,,,
2019,10,30,5,0,0,22.7,,,,,,,,
2019,10,30,6,0,0,22.7,,,,,,,,
2019,10,30,7,0,35,23,,,,,,,,
2019,10,30,8,0,158,23.4,,,,,,,,
2019,10,30,9,0,228,23.8,,,,,,,,
2019,10,30,10,0,213,24.1,,,,,,,,
2019,10,30,11,0,177,24.4,,,,,,,,
2019,10,30,12,0,173,24.7,,,,,,,,
2019,10,30,13,0,87,24.7,,,,,,,,
2019,10,30,14,0,123,24.7,,,,,,,,
2019,10,30,15,0,57,24.4,,,,,,,,
2019,10,30,16,0,33,24.1,,,,,,,,
2019,10,30,17,0,7,23.6,,,,,,,,
2019,10,30,18,0,0,23.5,,,,,,,,
2019,10,30,19,0,0,23.4,,,,,,,,
2019,10,30,20,0,0,23.4,,,,,,,,
2019,10,30,21,0,0,23.4,,,,,,,,
2019,10,30,22,0,0,23.3,,,,,,,,
2019,10,30,23,0,0,23.3,,,,,,,,
2019,10,31,0,0,0,23.3,,,,,,,,
2019,10,31,1,0,0,23.4,,,,,,,,
2019,10,31,2,0,0,23.4,,,,,,,,
2019,10,31,3,0,0,23.5,,,,,,,,
2019,10,31,4,0,0,23.6,,,,,,,,
2019,10,31,5,0,0,23.6,,,,,,,,
2019,10,31,6,0,0,23.7,,,,,,,,
2019,10,31,7,0,7,24,,,,,,,,
2019,10,31,8,0,83,24.2,,,,,,,,
2019,10,31,9,0,74,24.5,,,,,,,,
2019,10,31,10,0,46,24.7,,,,,,,,
2019,10,31,11,0,116,25,,,,,,,,
2019,10,31,12,0,228,25.1,,,,,,,,
2019,10,31,13,0,151,25.1,,,,,,,,
2019,10,31,14,0,202,25.1,,,,,,,,
2019,10,31,15,0,146,24.9,,,,,,,,
2019,10,31,16,0,65,24.7,,,,,,,,
2019,10,31,17,0,9,24.5,,,,,,,,
2019,10,31,18,0,0,24.5,,,,,,,,
2019,10,31,19,0,0,24.4,,,,,,,,
2019,10,31,20,0,0,24.4,,,,,,,,
2019,10,31,21,0,0,24.4,,,,,,,,
2019,10,31,22,0,0,24.4,,,,,,,,
2019,10,31,23,0,0,24.5,,,,,,,,
2019,11,1,0,0,0,24.5,,,,,,,,
2019,11,1,1,0,0,24.5,,,,,,,,
2019,11,1,2,0,0,24.5,,,,,,,,
2019,11,1,3,0,0,24.4,,,,,,,,
2019,11,1,4,0,0,24.3,,,,,,,,
2019,11,1,5,0,0,24.2,,,,,,,,
2019,11,1,6,0,0,24.2,,,,,,,,
2019,11,1,7,0,45,24.4,,,,,,,,
2019,11,1,8,0,136,24.7,,,,,,,,
2019,11,1,9,0,313,25,,,,,,,,
2019,11,1,10,0,38,25.3,,,,,,,,
2019,11,1,11,0,480,25.5,,,,,,,,
2019,11,1,12,0,105,25.5,,,,,,,,
2019,11,1,13,0,326,25.5,,,,,,,,
2019,11,1,14,0,413,25.3,,,,,,,,
2019,11,1,15,0,279,24.9,,,,,,,,
2019,11,1,16,0,55,24.5,,,,,,,,
2019,11,1,17,0,17,24,,,,,,,,
2019,11,1,18,0,0,23.7,,,,,,,,
2019,11,1,19,0,0,23.7,,,,,,,,
2019,11,1,20,0,0,23.6,,,,,,,,
2019,11,1,21,0,0,23.6,,,,,,,,
2019,11,1,22,0,0,23.6,,,,,,,,
2019,11,1,23,0,0,23.6,,,,,,,,
2019,11,2,0,0,0,23.5,,,,,,,,
2019,11,2,1,0,0,23.4,,,,,,,,
2019,11,2,2,0,0,23.3,,,,,,,,
2019,11,2,3,0,0,23.2,,,,,,,,
2019,11,2,4,0,0,23.1,,,,,,,,
2019,11,2,5,0,0,23,,,,,,,,
2019,11,2,6,0,0,23.1,,,,,,,,
2019,11,2,7,0,46,23.9,,,,,,,,
2019,11,2,8,0,103,24.5,,,,,,,,
2019,11,2,9,0,189,25.1,,,,,,,,
2019,11,2,10,0,104,25.6,,,,,,,,
2019,11,2,11,0,298,25.9,,,,,,,,
2019,11,2,12,0,406,26.1,,,,,,,,
2019,11,2,13,0,293,26.1,,,,,,,,
2019,11,2,14,0,394,25.9,,,,,,,,
2019,11,2,15,0,396,25.5,,,,,,,,
2019,11,2,16,0,191,25,,,,,,,,
2019,11,2,17,0,17,24.4,,,,,,,,
2019,11,2,18,0,0,24.2,,,,,,,,
2019,11,2,19,0,0,24.2,,,,,,,,
2019,11,2,20,0,0,24.1,,,,,,,,
2019,11,2,21,0,0,24.1,,,,,,,,
2019,11,2,22,0,0,24.1,,,,,,,,
2019,11,2,23,0,0,24,,,,,,,,
2019,11,3,0,0,0,24,,,,,,,,
2019,11,3,1,0,0,24,,,,,,,,
2019,11,3,2,0,0,24,,,,,,,,
2019,11,3,3,0,0,23.9,,,,,,,,
2019,11,3,4,0,0,23.9,,,,,,,,
2019,11,3,5,0,0,23.9,,,,,,,,
2019,11,3,6,0,0,23.9,,,,,,,,
2019,11,3,7,0,131,24.2,,,,,,,,
2019,11,3,8,0,149,24.5,,,,,,,,
2019,11,3,9,0,80,24.7,,,,,,,,
2019,11,3,10,0,57,24.9,,,,,,,,
2019,11,3,11,0,233,25,,,,,,,,
2019,11,3,12,0,237,25,,,,,,,,
2019,11,3,13,0,226,24.9,,,,,,,,
2019,11,3,14,0,170,24.8,,,,,,,,
2019,11,3,15,0,362,24.5,,,,,,,,
2019,11,3,16,0,102,24,,,,,,,,
2019,11,3,17,0,10,23.7,,,,,,,,
2019,11,3,18,0,0,23.5,,,,,,,,
2019,11,3,19,0,0,23.4,,,,,,,,
2019,11,3,20,0,0,23.2,,,,,,,,
2019,11,3,21,0,0,23,,,,,,,,
2019,11,3,22,0,0,22.8,,,,,,,,
2019,11,3,23,0,0,22.6,,,,,,,,
2019,11,4,0,0,0,22.5,,,,,,,,
2019,11,4,1,0,0,22.3,,,,,,,,
2019,11,4,2,0,0,22.3,,,,,,,,
2019,11,4,3,0,0,22.2,,,,,,,,
2019,11,4,4,0,0,22.2,,,,,,,,
2019,11,4,5,0,0,22.3,,,,,,,,
2019,11,4,6,0,0,22.4,,,,,,,,
2019,11,4,7,0,16,23,,,,,,,,
2019,11,4,8,0,62,23.5,,,,,,,,
2019,11,4,9,0,34,23.9,,,,,,,,
2019,11,4,10,0,57,24.3,,,,,,,,
2019,11,4,11,0,172,24.4,,,,,,,,
2019,11,4,12,0,171,24.4,,,,,,,,
2019,11,4,13,0,162,24.3,,,,,,,,
2019,11,4,14,0,398,24.1,,,,,,,,
2019,11,4,15,0,17,23.8,,,,,,,,
2019,11,4,16,0,13,23.5,,,,,,,,
2019,11,4,17,0,3,23.1,,,,,,,,
2019,11,4,18,0,0,23.1,,,,,,,,
2019,11,4,19,0,0,23.2,,,,,,,,
2019,11,4,20,0,0,23.2,,,,,,,,
2019,11,4,21,0,0,23.3,,,,,,,,
2019,11,4,22,0,0,23.3,,,,,,,,
2019,11,4,23,0,0,23.3,,,,,,,,
2019,11,5,0,0,0,23.2,,,,,,,,
2019,11,5,1,0,0,23.1,,,,,,,,
2019,11,5,2,0,0,22.9,,,,,,,,
2019,11,5,3,0,0,22.8,,,,,,,,
2019,11,5,4,0,0,22.6,,,,,,,,
2019,11,5,5,0,0,22.5,,,,,,,,
2019,11,5,6,0,0,22.5,,,,,,,,
2019,11,5,7,0,37,22.7,,,,,,,,
2019,11,5,8,0,46,23.1,,,,,,,,
2019,11,5,9,0,44,23.4,,,,,,,,
2019,11,5,10,0,57,23.6,,,,,,,,
2019,11,5,11,0,65,23.7,,,,,,,,
2019,11,5,12,0,114,23.7,,,,,,,,
2019,11,5,13,0,77,23.7,,,,,,,,
2019,11,5,14,0,182,23.7,,,,,,,,
2019,11,5,15,0,112,23.5,,,,,,,,
2019,11,5,16,0,25,23,,,,,,,,
2019,11,5,17,0,3,22.5,,,,,,,,
2019,11,5,18,0,0,22.3,,,,,,,,
2019,11,5,19,0,0,22.1,,,,,,,,
2019,11,5,20,0,0,22,,,,,,,,
2019,11,5,21,0,0,22,,,,,,,,
2019,11,5,22,0,0,22,,,,,,,,
2019,11,5,23,0,0,22,,,,,,,,
2019,11,6,0,0,0,22,,,,,,,,
2019,11,6,1,0,0,21.9,,,,,,,,
2019,11,6,2,0,0,21.8,,,,,,,,
2019,11,6,3,0,0,21.7,,,,,,,,
2019,11,6,4,0,0,21.7,,,,,,,,
2019,11,6,5,0,0,21.7,,,,,,,,
2019,11,6,6,0,0,21.8,,,,,,,,
2019,11,6,7,0,139,22.7,,,,,,,,
2019,11,6,8,0,173,23.4,,,,,,,,
2019,11,6,9,0,538,24,,,,,,,,
2019,11,6,10,0,681,24.5,,,,,,,,
2019,11,6,11,0,540,24.8,,,,,,,,
2019,11,6,12,0,528,25.1,,,,,,,,
2019,11,6,13,0,703,25.2,,,,,,,,
2019,11,6,14,0,567,25.1,,,,,,,,
2019,11,6,15,0,206,24.8,,,,,,,,
2019,11,6,16,0,184,24.3,,,,,,,,
2019,11,6,17,0,14,23.3,,,,,,,,
2019,11,6,18,0,0,23,,,,,,,,
2019,11,6,19,0,0,22.9,,,,,,,,
2019,11,6,20,0,0,22.8,,,,,,,,
2019,11,6,21,0,0,22.7,,,,,,,,
2019,11,6,22,0,0,22.6,,,,,,,,
2019,11,6,23,0,0,22.5,,,,,,,,
2019,11,7,0,0,0,22.4,,,,,,,,
2019,11,7,1,0,0,22.4,,,,,,,,
2019,11,7,2,0,0,22.3,,,,,,,,
2019,11,7,3,0,0,22.3,,,,,,,,
2019,11,7,4,0,0,22.3,,,,,,,,
2019,11,7,5,0,0,22.3,,,,,,,,
2019,11,7,6,0,0,22.5,,,,,,,,
2019,11,7,7,0,134,23.6,,,,,,,,
2019,11,7,8,0,321,24.3,,,,,,,,
2019,11,7,9,0,523,24.7,,,,,,,,
2019,11,7,10,0,589,25,,,,,,,,
2019,11,7,11,0,569,25.2,,,,,,,,
2019,11,7,12,0,745,25.3,,,,,,,,
2019,11,7,13,0,498,25.1,,,,,,,,
2019,11,7,14,0,452,24.9,,,,,,,,
2019,11,7,15,0,373,24.5,,,,,,,,
2019,11,7,16,0,89,24,,,,,,,,
2019,11,7,17,0,10,23.5,,,,,,,,
2019,11,7,18,0,0,23.2,,,,,,,,
2019,11,7,19,0,0,23,,,,,,,,
2019,11,7,20,0,0,22.7,,,,,,,,
2019,11,7,21,0,0,22.5,,,,,,,,
2019,11,7,22,0,0,22.3,,,,,,,,
2019,11,7,23,0,0,22.1,,,,,,,,
2019,11,8,0,0,0,22,,,,,,,,
2019,11,8,1,0,0,21.9,,,,,,,,
2019,11,8,2,0,0,21.9,,,,,,,,
2019,11,8,3,0,0,21.8,,,,,,,,
2019,11,8,4,0,0,21.9,,,,,,,,
2019,11,8,5,0,0,22,,,,,,,,
2019,11,8,6,0,0,22.1,,,,,,,,
2019,11,8,7,0,37,22.7,,,,,,,,
2019,11,8,8,0,247,23.2,,,,,,,,
2019,11,8,9,0,260,23.7,,,,,,,,
2019,11,8,10,0,453,23.9,,,,,,,,
2019,11,8,11,0,330,24,,,,,,,,
2019,11,8,12,0,749,24,,,,,,,,
2019,11,8,13,0,154,23.9,,,,,,,,
2019,11,8,14,0,298,23.8,,,,,,,,
2019,11,8,15,0,87,23.4,,,,,,,,
2019,11,8,16,0,169,23.1,,,,,,,,
2019,11,8,17,0,8,22.6,,,,,,,,
2019,11,8,18,0,0,22.3,,,,,,,,
2019,11,8,19,0,0,22,,,,,,,,
2019,11,8,20,0,0,21.9,,,,,,,,
2019,11,8,21,0,0,21.8,,,,,,,,
2019,11,8,22,0,0,21.6,,,,,,,,
2019,11,8,23,0,0,21.5,,,,,,,,
2019,11,9,0,0,0,21.4,,,,,,,,
2019,11,9,1,0,0,21.2,,,,,,,,
2019,11,9,2,0,0,21,,,,,,,,
2019,11,9,3,0,0,20.8,,,,,,,,
2019,11,9,4,0,0,20.6,,,,,,,,
2019,11,9,5,0,0,20.6,,,,,,,,
2019,11,9,6,0,0,20.5,,,,,,,,
2019,11,9,7,0,127,21,,,,,,,,
2019,11,9,8,0,206,21.5,,,,,,,,
2019,11,9,9,0,520,21.8,,,,,,,,
2019,11,9,10,0,664,22.3,,,,,,,,
2019,11,9,11,0,752,22.5,,,,,,,,
2019,11,9,12,0,621,22.6,,,,,,,,
2019,11,9,13,0,524,22.5,,,,,,,,
2019,11,9,14,0,168,22.4,,,,,,,,
2019,11,9,15,0,392,22.1,,,,,,,,
2019,11,9,16,0,184,21.6,,,,,,,,
2019,11,9,17,0,12,20.9,,,,,,,,
2019,11,9,18,0,0,20.7,,,,,,,,
2019,11,9,19,0,0,20.6,,,,,,,,
2019,11,9,20,0,0,20.5,,,,,,,,
2019,11,9,21,0,0,20.5,,,,,,,,
2019,11,9,22,0,0,20.4,,,,,,,,
2019,11,9,23,0,0,20.3,,,,,,,,
2019,11,10,0,0,0,20.3,,,,,,,,
2019,11,10,1,0,0,20.2,,,,,,,,
2019,11,10,2,0,0,20,,,,,,,,
2019,11,10,3,0,0,19.9,,,,,,,,
2019,11,10,4,0,0,19.9,,,,,,,,
2019,11,10,5,0,0,19.9,,,,,,,,
2019,11,10,6,0,0,19.9,,,,,,,,
2019,11,10,7,0,130,21.2,,,,,,,,
2019,11,10,8,0,336,22,,,,,,,,
2019,11,10,9,0,270,22.6,,,,,,,,
2019,11,10,10,0,420,23.2,,,,,,,,
2019,11,10,11,0,750,23.6,,,,,,,,
2019,11,10,12,0,759,23.9,,,,,,,,
2019,11,10,13,0,695,23.9,,,,,,,,
2019,11,10,14,0,567,23.9,,,,,,,,
2019,11,10,15,0,387,23.6,,,,,,,,
2019,11,10,16,0,180,22.9,,,,,,,,
2019,11,10,17,0,12,21.6,,,,,,,,
2019,11,10,18,0,0,21.2,,,,,,,,
2019,11,10,19,0,0,21.2,,,,,,,,
2019,11,10,20,0,0,21.3,,,,,,,,
2019,11,10,21,0,0,21.4,,,,,,,,
2019,11,10,22,0,0,21.5,,,,,,,,
2019,11,10,23,0,0,21.4,,,,,,,,
2019,11,11,0,0,0,21.3,,,,,,,,
2019,11,11,1,0,0,21.1,,,,,,,,
2019,11,11,2,0,0,20.8,,,,,,,,
2019,11,11,3,0,0,20.3,,,,,,,,
2019,11,11,4,0,0,20.1,,,,,,,,
2019,11,11,5,0,0,19.8,,,,,,,,
2019,11,11,6,0,0,19.8,,,,,,,,
2019,11,11,7,0,129,21.3,,,,,,,,
2019,11,11,8,0,335,22.5,,,,,,,,
2019,11,11,9,0,524,23.2,,,,,,,,
2019,11,11,10,0,666,23.7,,,,,,,,
2019,11,11,11,0,751,24.1,,,,,,,,
2019,11,11,12,0,760,24.3,,,,,,,,
2019,11,11,13,0,699,24.3,,,,,,,,
2019,11,11,14,0,577,24.2,,,,,,,,
2019,11,11,15,0,396,23.8,,,,,,,,
2019,11,11,16,0,187,23.2,,,,,,,,
2019,11,11,17,0,13,21.8,,,,,,,,
2019,11,11,18,0,0,21.4,,,,,,,,
2019,11,11,19,0,0,21.2,,,,,,,,
2019,11,11,20,0,0,21.1,,,,,,,,
2019,11,11,21,0,0,21,,,,,,,,
2019,11,11,22,0,0,20.9,,,,,,,,
2019,11,11,23,0,0,20.9,,,,,,,,
2019,11,12,0,0,0,20.8,,,,,,,,
2019,11,12,1,0,0,20.8,,,,,,,,
2019,11,12,2,0,0,20.7,,,,,,,,
2019,11,12,3,0,0,20.6,,,,,,,,
2019,11,12,4,0,0,20.5,,,,,,,,
2019,11,12,5,0,0,20.5,,,,,,,,
2019,11,12,6,0,0,20.5,,,,,,,,
2019,11,12,7,0,121,22.2,,,,,,,,
2019,11,12,8,0,321,23.3,,,,,,,,
2019,11,12,9,0,504,24.1,,,,,,,,
2019,11,12,10,0,643,24.6,,,,,,,,
2019,11,12,11,0,723,25,,,,,,,,
2019,11,12,12,0,730,25.3,,,,,,,,
2019,11,12,13,0,667,25.2,,,,,,,,
2019,11,12,14,0,539,25,,,,,,,,
2019,11,12,15,0,364,24.6,,,,,,,,
2019,11,12,16,0,165,24,,,,,,,,
2019,11,12,17,0,7,23,,,,,,,,
2019,11,12,18,0,0,22.7,,,,,,,,
2019,11,12,19,0,0,22.5,,,,,,,,
2019,11,12,20,0,0,22.5,,,,,,,,
2019,11,12,21,0,0,22.4,,,,,,,,
2019,11,12,22,0,0,22.4,,,,,,,,
2019,11,12,23,0,0,22.3,,,,,,,,
2019,11,13,0,0,0,22.2,,,,,,,,
2019,11,13,1,0,0,22.1,,,,,,,,
2019,11,13,2,0,0,22,,,,,,,,
2019,11,13,3,0,0,22,,,,,,,,
2019,11,13,4,0,0,22.2,,,,,,,,
2019,11,13,5,0,0,22.2,,,,,,,,
2019,11,13,6,0,0,22.3,,,,,,,,
2019,11,13,7,0,114,23.5,,,,,,,,
2019,11,13,8,0,309,24.7,,,,,,,,
2019,11,13,9,0,489,25.4,,,,,,,,
2019,11,13,10,0,626,25.9,,,,,,,,
2019,11,13,11,0,709,26.2,,,,,,,,
2019,11,13,12,0,716,26.3,,,,,,,,
2019,11,13,13,0,655,26.2,,,,,,,,
2019,11,13,14,0,535,25.9,,,,,,,,
2019,11,13,15,0,363,25.3,,,,,,,,
2019,11,13,16,0,166,24.6,,,,,,,,
2019,11,13,17,0,9,23.6,,,,,,,,
2019,11,13,18,0,0,23.2,,,,,,,,
2019,11,13,19,0,0,23.1,,,,,,,,
2019,11,13,20,0,0,23,,,,,,,,
2019,11,13,21,0,0,22.9,,,,,,,,
2019,11,13,22,0,0,22.8,,,,,,,,
2019,11,13,23,0,0,22.6,,,,,,,,
2019,11,14,0,0,0,22.3,,,,,,,,
2019,11,14,1,0,0,22,,,,,,,,
2019,11,14,2,0,0,21.8,,,,,,,,
2019,11,14,3,0,0,21.6,,,,,,,,
2019,11,14,4,0,0,21.6,,,,,,,,
2019,11,14,5,0,0,21.5,,,,,,,,
2019,11,14,6,0,0,21.4,,,,,,,,
2019,11,14,7,0,25,21.6,,,,,,,,
2019,11,14,8,0,34,21.9,,,,,,,,
2019,11,14,9,0,50,22.1,,,,,,,,
2019,11,14,10,0,54,22.4,,,,,,,,
2019,11,14,11,0,79,22.5,,,,,,,,
2019,11,14,12,0,92,22.4,,,,,,,,
2019,11,14,13,0,57,22.2,,,,,,,,
2019,11,14,14,0,45,21.9,,,,,,,,
2019,11,14,15,0,31,21.5,,,,,,,,
2019,11,14,16,0,20,21.1,,,,,,,,
2019,11,14,17,0,0,20.7,,,,,,,,
2019,11,14,18,0,0,20.7,,,,,,,,
2019,11,14,19,0,0,20.7,,,,,,,,
2019,11,14,20,0,0,20.6,,,,,,,,
2019,11,14,21,0,0,20.6,,,,,,,,
2019,11,14,22,0,0,20.6,,,,,,,,
2019,11,14,23,0,0,20.5,,,,,,,,
2019,11,15,0,0,0,20.4,,,,,,,,
2019,11,15,1,0,0,20.2,,,,,,,,
2019,11,15,2,0,0,20,,,,,,,,
2019,11,15,3,0,0,19.9,,,,,,,,
2019,11,15,4,0,0,19.9,,,,,,,,
2019,11,15,5,0,0,19.9,,,,,,,,
2019,11,15,6,0,0,19.9,,,,,,,,
2019,11,15,7,0,114,21,,,,,,,,
2019,11,15,8,0,222,21.8,,,,,,,,
2019,11,15,9,0,316,22.5,,,,,,,,
2019,11,15,10,0,651,23,,,,,,,,
2019,11,15,11,0,734,23.4,,,,,,,,
2019,11,15,12,0,745,23.7,,,,,,,,
2019,11,15,13,0,684,23.8,,,,,,,,
2019,11,15,14,0,557,23.7,,,,,,,,
2019,11,15,15,0,199,23.4,,,,,,,,
2019,11,15,16,0,79,22.8,,,,,,,,
2019,11,15,17,0,0,21.9,,,,,,,,
2019,11,15,18,0,0,21.6,,,,,,,,
2019,11,15,19,0,0,21.4,,,,,,,,
2019,11,15,20,0,0,21.3,,,,,,,,
2019,11,15,21,0,0,21.2,,,,,,,,
2019,11,15,22,0,0,21.2,,,,,,,,
2019,11,15,23,0,0,21.1,,,,,,,,
2019,11,16,0,0,0,21,,,,,,,,
2019,11,16,1,0,0,20.9,,,,,,,,
2019,11,16,2,0,0,20.8,,,,,,,,
2019,11,16,3,0,0,20.6,,,,,,,,
2019,11,16,4,0,0,20.5,,,,,,,,
2019,11,16,5,0,0,20.5,,,,,,,,
2019,11,16,6,0,0,20.6,,,,,,,,
2019,11,16,7,0,119,22.2,,,,,,,,
2019,11,16,8,0,326,23.4,,,,,,,,
2019,11,16,9,0,517,24.2,,,,,,,,
2019,11,16,10,0,660,24.8,,,,,,,,
2019,11,16,11,0,743,25.2,,,,,,,,
2019,11,16,12,0,756,25.5,,,,,,,,
2019,11,16,13,0,695,25.5,,,,,,,,
2019,11,16,14,0,567,25.3,,,,,,,,
2019,11,16,15,0,385,24.9,,,,,,,,
2019,11,16,16,0,177,24.2,,,,,,,,
2019,11,16,17,0,0,22.9,,,,,,,,
2019,11,16,18,0,0,22.5,,,,,,,,
2019,11,16,19,0,0,22.4,,,,,,,,
2019,11,16,20,0,0,22.3,,,,,,,,
2019,11,16,21,0,0,22.2,,,,,,,,
2019,11,16,22,0,0,22.1,,,,,,,,
2019,11,16,23,0,0,22,,,,,,,,
2019,11,17,0,0,0,21.9,,,,,,,,
2019,11,17,1,0,0,21.8,,,,,,,,
2019,11,17,2,0,0,21.7,,,,,,,,
2019,11,17,3,0,0,21.7,,,,,,,,
2019,11,17,4,0,0,21.7,,,,,,,,
2019,11,17,5,0,0,21.7,,,,,,,,
2019,11,17,6,0,0,21.7,,,,,,,,
2019,11,17,7,0,111,23.2,,,,,,,,
2019,11,17,8,0,312,24.6,,,,,,,,
2019,11,17,9,0,497,25.8,,,,,,,,
2019,11,17,10,0,636,26.7,,,,,,,,
2019,11,17,11,0,715,27.3,,,,,,,,
2019,11,17,12,0,723,27.6,,,,,,,,
2019,11,17,13,0,661,27.6,,,,,,,,
2019,11,17,14,0,531,27.4,,,,,,,,
2019,11,17,15,0,357,26.9,,,,,,,,
2019,11,17,16,0,160,26.1,,,,,,,,
2019,11,17,17,0,0,24.9,,,,,,,,
2019,11,17,18,0,0,24.4,,,,,,,,
2019,11,17,19,0,0,24.2,,,,,,,,
2019,11,17,20,0,0,24,,,,,,,,
2019,11,17,21,0,0,23.9,,,,,,,,
2019,11,17,22,0,0,23.9,,,,,,,,
2019,11,17,23,0,0,23.8,,,,,,,,
2019,11,18,0,0,0,23.8,,,,,,,,
2019,11,18,1,0,0,23.8,,,,,,,,
2019,11,18,2,0,0,23.7,,,,,,,,
2019,11,18,3,0,0,23.6,,,,,,,,
2019,11,18,4,0,0,23.6,,,,,,,,
2019,11,18,5,0,0,23.6,,,,,,,,
2019,11,18,6,0,0,23.6,,,,,,,,
2019,11,18,7,0,52,24.5,,,,,,,,
2019,11,18,8,0,293,24.8,,,,,,,,
2019,11,18,9,0,319,24.8,,,,,,,,
2019,11,18,10,0,115,24.7,,,,,,,,
2019,11,18,11,0,59,24.5,,,,,,,,
2019,11,18,12,0,41,24.1,,,,,,,,
2019,11,18,13,0,128,23.6,,,,,,,,
2019,11,18,14,0,60,22.9,,,,,,,,
2019,11,18,15,0,27,22.1,,,,,,,,
2019,11,18,16,0,11,21.2,,,,,,,,
2019,11,18,17,0,0,20.5,,,,,,,,
2019,11,18,18,0,0,20.2,,,,,,,,
2019,11,18,19,0,0,20.1,,,,,,,,
2019,11,18,20,0,0,20,,,,,,,,
2019,11,18,21,0,0,19.9,,,,,,,,
2019,11,18,22,0,0,19.8,,,,,,,,
2019,11,18,23,0,0,19.8,,,,,,,,
2019,11,19,0,0,0,19.7,,,,,,,,
2019,11,19,1,0,0,19.7,,,,,,,,
2019,11,19,2,0,0,19.6,,,,,,,,
2019,11,19,3,0,0,19.5,,,,,,,,
2019,11,19,4,0,0,19.5,,,,,,,,
2019,11,19,5,0,0,19.5,,,,,,,,
2019,11,19,6,0,0,19.4,,,,,,,,
2019,11,19,7,0,6,19.5,,,,,,,,
2019,11,19,8,0,20,19.5,,,,,,,,
2019,11,19,9,0,27,19.6,,,,,,,,
2019,11,19,10,0,145,19.6,,,,,,,,
2019,11,19,11,0,62,19.7,,,,,,,,
2019,11,19,12,0,133,19.8,,,,,,,,
2019,11,19,13,0,153,19.9,,,,,,,,
2019,11,19,14,0,193,20,,,,,,,,
2019,11,19,15,0,176,20,,,,,,,,
2019,11,19,16,0,11,20,,,,,,,,
2019,11,19,17,0,0,20,,,,,,,,
2019,11,19,18,0,0,20,,,,,,,,
2019,11,19,19,0,0,20,,,,,,,,
2019,11,19,20,0,0,20,,,,,,,,
2019,11,19,21,0,0,20,,,,,,,,
2019,11,19,22,0,0,20,,,,,,,,
2019,11,19,23,0,0,20,,,,,,,,
2019,11,20,0,0,0,20,,,,,,,,
2019,11,20,1,0,0,20,,,,,,,,
2019,11,20,2,0,0,19.9,,,,,,,,
2019,11,20,3,0,0,19.9,,,,,,,,
2019,11,20,4,0,0,19.9,,,,,,,,
2019,11,20,5,0,0,20,,,,,,,,
2019,11,20,6,0,0,20,,,,,,,,
2019,11,20,7,0,11,20.3,,,,,,,,
2019,11,20,8,0,45,20.7,,,,,,,,
2019,11,20,9,0,199,21.1,,,,,,,,
2019,11,20,10,0,140,21.3,,,,,,,,
2019,11,20,11,0,339,21.4,,,,,,,,
2019,11,20,12,0,293,21.5,,,,,,,,
2019,11,20,13,0,434,21.5,,,,,,,,
2019,11,20,14,0,317,21.4,,,,,,,,
2019,11,20,15,0,172,21.3,,,,,,,,
2019,11,20,16,0,53,21.1,,,,,,,,
2019,11,20,17,0,0,20.9,,,,,,,,
2019,11,20,18,0,0,20.9,,,,,,,,
2019,11,20,19,0,0,21,,,,,,,,
2019,11,20,20,0,0,21.1,,,,,,,,
2019,11,20,21,0,0,21.1,,,,,,,,
2019,11,20,22,0,0,21.1,,,,,,,,
2019,11,20,23,0,0,21.2,,,,,,,,
2019,11,21,0,0,0,21.3,,,,,,,,
2019,11,21,1,0,0,21.4,,,,,,,,
2019,11,21,2,0,0,21.4,,,,,,,,
2019,11,21,3,0,0,21.4,,,,,,,,
2019,11,21,4,0,0,21.4,,,,,,,,
2019,11,21,5,0,0,21.5,,,,,,,,
2019,11,21,6,0,0,21.6,,,,,,,,
2019,11,21,7,0,23,22.1,,,,,,,,
2019,11,21,8,0,133,22.8,,,,,,,,
2019,11,21,9,0,111,23.3,,,,,,,,
2019,11,21,10,0,402,23.6,,,,,,,,
2019,11,21,11,0,401,23.8,,,,,,,,
2019,11,21,12,0,208,23.7,,,,,,,,
2019,11,21,13,0,240,23.6,,,,,,,,
2019,11,21,14,0,201,23.3,,,,,,,,
2019,11,21,15,0,43,22.9,,,,,,,,
2019,11,21,16,0,18,22.5,,,,,,,,
2019,11,21,17,0,0,22.3,,,,,,,,
2019,11,21,18,0,0,22.3,,,,,,,,
2019,11,21,19,0,0,22.2,,,,,,,,
2019,11,21,20,0,0,22.2,,,,,,,,
2019,11,21,21,0,0,22.1,,,,,,,,
2019,11,21,22,0,0,22.1,,,,,,,,
2019,11,21,23,0,0,22.1,,,,,,,,
2019,11,22,0,0,0,22.1,,,,,,,,
2019,11,22,1,0,0,22.2,,,,,,,,
2019,11,22,2,0,0,22.3,,,,,,,,
2019,11,22,3,0,0,22.4,,,,,,,,
2019,11,22,4,0,0,22.5,,,,,,,,
2019,11,22,5,0,0,22.6,,,,,,,,
2019,11,22,6,0,0,22.6,,,,,,,,
2019,11,22,7,0,18,22.9,,,,,,,,
2019,11,22,8,0,266,23.3,,,,,,,,
2019,11,22,9,0,68,23.6,,,,,,,,
2019,11,22,10,0,141,24,,,,,,,,
2019,11,22,11,0,260,24.2,,,,,,,,
2019,11,22,12,0,278,24.3,,,,,,,,
2019,11,22,13,0,273,24.3,,,,,,,,
2019,11,22,14,0,222,24.2,,,,,,,,
2019,11,22,15,0,88,23.9,,,,,,,,
2019,11,22,16,0,53,23.4,,,,,,,,
2019,11,22,17,0,0,23,,,,,,,,
2019,11,22,18,0,0,23,,,,,,,,
2019,11,22,19,0,0,23,,,,,,,,
2019,11,22,20,0,0,23,,,,,,,,
2019,11,22,21,0,0,22.9,,,,,,,,
2019,11,22,22,0,0,22.8,,,,,,,,
2019,11,22,23,0,0,22.6,,,,,,,,
2019,11,23,0,0,0,22.5,,,,,,,,
2019,11,23,1,0,0,22.4,,,,,,,,
2019,11,23,2,0,0,22.3,,,,,,,,
2019,11,23,3,0,0,22.2,,,,,,,,
2019,11,23,4,0,0,22.2,,,,,,,,
2019,11,23,5,0,0,22.2,,,,,,,,
2019,11,23,6,0,0,22.2,,,,,,,,
2019,11,23,7,0,91,23.1,,,,,,,,
2019,11,23,8,0,280,23.7,,,,,,,,
2019,11,23,9,0,461,24.2,,,,,,,,
2019,11,23,10,0,601,24.9,,,,,,,,
2019,11,23,11,0,312,25.4,,,,,,,,
2019,11,23,12,0,426,25.6,,,,,,,,
2019,11,23,13,0,360,25.5,,,,,,,,
2019,11,23,14,0,522,25.2,,,,,,,,
2019,11,23,15,0,50,24.5,,,,,,,,
2019,11,23,16,0,156,23.7,,,,,,,,
2019,11,23,17,0,0,23,,,,,,,,
2019,11,23,18,0,0,22.7,,,,,,,,
2019,11,23,19,0,0,22.5,,,,,,,,
2019,11,23,20,0,0,22.4,,,,,,,,
2019,11,23,21,0,0,22.3,,,,,,,,
2019,11,23,22,0,0,22.2,,,,,,,,
2019,11,23,23,0,0,22,,,,,,,,
2019,11,24,0,0,0,21.9,,,,,,,,
2019,11,24,1,0,0,21.9,,,,,,,,
2019,11,24,2,0,0,21.9,,,,,,,,
2019,11,24,3,0,0,21.8,,,,,,,,
2019,11,24,4,0,0,21.8,,,,,,,,
2019,11,24,5,0,0,21.8,,,,,,,,
2019,11,24,6,0,0,21.9,,,,,,,,
2019,11,24,7,0,5,22.7,,,,,,,,
2019,11,24,8,0,142,23.2,,,,,,,,
2019,11,24,9,0,171,23.9,,,,,,,,
2019,11,24,10,0,532,24.6,,,,,,,,
2019,11,24,11,0,689,25,,,,,,,,
2019,11,24,12,0,698,25.1,,,,,,,,
2019,11,24,13,0,640,25,,,,,,,,
2019,11,24,14,0,520,24.7,,,,,,,,
2019,11,24,15,0,350,24.3,,,,,,,,
2019,11,24,16,0,157,23.7,,,,,,,,
2019,11,24,17,0,0,23,,,,,,,,
2019,11,24,18,0,0,22.9,,,,,,,,
2019,11,24,19,0,0,22.8,,,,,,,,
2019,11,24,20,0,0,22.8,,,,,,,,
2019,11,24,21,0,0,22.7,,,,,,,,
2019,11,24,22,0,0,22.7,,,,,,,,
2019,11,24,23,0,0,22.7,,,,,,,,
2019,11,25,0,0,0,22.7,,,,,,,,
2019,11,25,1,0,0,22.6,,,,,,,,
2019,11,25,2,0,0,22.6,,,,,,,,
2019,11,25,3,0,0,22.5,,,,,,,,
2019,11,25,4,0,0,22.4,,,,,,,,
2019,11,25,5,0,0,22.3,,,,,,,,
2019,11,25,6,0,0,22.3,,,,,,,,
2019,11,25,7,0,19,22.7,,,,,,,,
2019,11,25,8,0,44,23.2,,,,,,,,
2019,11,25,9,0,84,23.7,,,,,,,,
2019,11,25,10,0,50,23.8,,,,,,,,
2019,11,25,11,0,59,23.7,,,,,,,,
2019,11,25,12,0,193,23.4,,,,,,,,
2019,11,25,13,0,80,23,,,,,,,,
2019,11,25,14,0,42,22.5,,,,,,,,
2019,11,25,15,0,24,21.9,,,,,,,,
2019,11,25,16,0,11,21.4,,,,,,,,
2019,11,25,17,0,0,21.1,,,,,,,,
2019,11,25,18,0,0,20.9,,,,,,,,
2019,11,25,19,0,0,20.8,,,,,,,,
2019,11,25,20,0,0,20.7,,,,,,,,
2019,11,25,21,0,0,20.6,,,,,,,,
2019,11,25,22,0,0,20.5,,,,,,,,
2019,11,25,23,0,0,20.5,,,,,,,,
2019,11,26,0,0,0,20.5,,,,,,,,
2019,11,26,1,0,0,20.4,,,,,,,,
2019,11,26,2,0,0,20.4,,,,,,,,
2019,11,26,3,0,0,20.4,,,,,,,,
2019,11,26,4,0,0,20.4,,,,,,,,
2019,11,26,5,0,0,20.4,,,,,,,,
2019,11,26,6,0,0,20.4,,,,,,,,
2019,11,26,7,0,69,20.7,,,,,,,,
2019,11,26,8,0,127,21.2,,,,,,,,
2019,11,26,9,0,337,21.6,,,,,,,,
2019,11,26,10,0,264,22,,,,,,,,
2019,11,26,11,0,172,22.3,,,,,,,,
2019,11,26,12,0,276,22.4,,,,,,,,
2019,11,26,13,0,444,22.4,,,,,,,,
2019,11,26,14,0,348,22.3,,,,,,,,
2019,11,26,15,0,70,22.1,,,,,,,,
2019,11,26,16,0,41,21.7,,,,,,,,
2019,11,26,17,0,0,21.4,,,,,,,,
2019,11,26,18,0,0,21.3,,,,,,,,
2019,11,26,19,0,0,21.4,,,,,,,,
2019,11,26,20,0,0,21.4,,,,,,,,
2019,11,26,21,0,0,21.4,,,,,,,,
2019,11,26,22,0,0,21.4,,,,,,,,
2019,11,26,23,0,0,21.4,,,,,,,,
2019,11,27,0,0,0,21.3,,,,,,,,
2019,11,27,1,0,0,21.3,,,,,,,,
2019,11,27,2,0,0,21.2,,,,,,,,
2019,11,27,3,0,0,21.2,,,,,,,,
2019,11,27,4,0,0,21.2,,,,,,,,
2019,11,27,5,0,0,21.2,,,,,,,,
2019,11,27,6,0,0,21.2,,,,,,,,
2019,11,27,7,0,23,21.6,,,,,,,,
2019,11,27,8,0,81,22.2,,,,,,,,
2019,11,27,9,0,130,22.7,,,,,,,,
2019,11,27,10,0,365,23,,,,,,,,
2019,11,27,11,0,429,23.3,,,,,,,,
2019,11,27,12,0,517,23.5,,,,,,,,
2019,11,27,13,0,465,23.5,,,,,,,,
2019,11,27,14,0,174,23.3,,,,,,,,
2019,11,27,15,0,137,22.8,,,,,,,,
2019,11,27,16,0,70,22.3,,,,,,,,
2019,11,27,17,0,0,21.7,,,,,,,,
2019,11,27,18,0,0,21.5,,,,,,,,
2019,11,27,19,0,0,21.4,,,,,,,,
2019,11,27,20,0,0,21.2,,,,,,,,
2019,11,27,21,0,0,21,,,,,,,,
2019,11,27,22,0,0,20.8,,,,,,,,
2019,11,27,23,0,0,20.7,,,,,,,,
2019,11,28,0,0,0,20.6,,,,,,,,
2019,11,28,1,0,0,20.5,,,,,,,,
2019,11,28,2,0,0,20.4,,,,,,,,
2019,11,28,3,0,0,20.3,,,,,,,,
2019,11,28,4,0,0,20.3,,,,,,,,
2019,11,28,5,0,0,20.2,,,,,,,,
2019,11,28,6,0,0,20.1,,,,,,,,
2019,11,28,7,0,10,20.2,,,,,,,,
2019,11,28,8,0,39,20.3,,,,,,,,
2019,11,28,9,0,38,20.4,,,,,,,,
2019,11,28,10,0,56,20.2,,,,,,,,
2019,11,28,11,0,88,20,,,,,,,,
2019,11,28,12,0,95,19.6,,,,,,,,
2019,11,28,13,0,137,19.3,,,,,,,,
2019,11,28,14,0,91,19,,,,,,,,
2019,11,28,15,0,30,18.7,,,,,,,,
2019,11,28,16,0,11,18.5,,,,,,,,
2019,11,28,17,0,0,18.2,,,,,,,,
2019,11,28,18,0,0,18.2,,,,,,,,
2019,11,28,19,0,0,18.2,,,,,,,,
2019,11,28,20,0,0,18.2,,,,,,,,
2019,11,28,21,0,0,18.2,,,,,,,,
2019,11,28,22,0,0,18.3,,,,,,,,
2019,11,28,23,0,0,18.3,,,,,,,,
2019,11,29,0,0,0,18.3,,,,,,,,
2019,11,29,1,0,0,18.4,,,,,,,,
2019,11,29,2,0,0,18.4,,,,,,,,
2019,11,29,3,0,0,18.4,,,,,,,,
2019,11,29,4,0,0,18.4,,,,,,,,
2019,11,29,5,0,0,18.5,,,,,,,,
2019,11,29,6,0,0,18.5,,,,,,,,
2019,11,29,7,0,17,18.9,,,,,,,,
2019,11,29,8,0,58,19.5,,,,,,,,
2019,11,29,9,0,152,20.1,,,,,,,,
2019,11,29,10,0,384,20.7,,,,,,,,
2019,11,29,11,0,672,21.1,,,,,,,,
2019,11,29,12,0,439,21.2,,,,,,,,
2019,11,29,13,0,458,21.2,,,,,,,,
2019,11,29,14,0,229,21.1,,,,,,,,
2019,11,29,15,0,213,21.1,,,,,,,,
2019,11,29,16,0,76,21,,,,,,,,
2019,11,29,17,0,0,21.1,,,,,,,,
2019,11,29,18,0,0,21.3,,,,,,,,
2019,11,29,19,0,0,21.4,,,,,,,,
2019,11,29,20,0,0,21.4,,,,,,,,
2019,11,29,21,0,0,21.4,,,,,,,,
2019,11,29,22,0,0,21.3,,,,,,,,
2019,11,29,23,0,0,21.3,,,,,,,,
2019,11,30,0,0,0,21.3,,,,,,,,
2019,11,30,1,0,0,21.4,,,,,,,,
2019,11,30,2,0,0,21.4,,,,,,,,
2019,11,30,3,0,0,21.5,,,,,,,,
2019,11,30,4,0,0,21.6,,,,,,,,
2019,11,30,5,0,0,21.7,,,,,,,,
2019,11,30,6,0,0,21.7,,,,,,,,
2019,11,30,7,0,54,22.2,,,,,,,,
2019,11,30,8,0,255,22.9,,,,,,,,
2019,11,30,9,0,168,23.5,,,,,,,,
2019,11,30,10,0,345,24.1,,,,,,,,
2019,11,30,11,0,383,24.5,,,,,,,,
2019,11,30,12,0,299,24.7,,,,,,,,
2019,11,30,13,0,218,24.8,,,,,,,,
2019,11,30,14,0,318,24.7,,,,,,,,
2019,11,30,15,0,140,24.4,,,,,,,,
2019,11,30,16,0,11,23.8,,,,,,,,
2019,11,30,17,0,0,23.1,,,,,,,,
2019,11,30,18,0,0,22.7,,,,,,,,
2019,11,30,19,0,0,22.5,,,,,,,,
2019,11,30,20,0,0,22.4,,,,,,,,
2019,11,30,21,0,0,22.3,,,,,,,,
2019,11,30,22,0,0,22.2,,,,,,,,
2019,11,30,23,0,0,22,,,,,,,,
2019,12,1,0,0,0,21.9,,,,,,,,
2019,12,1,1,0,0,21.9,,,,,,,,
2019,12,1,2,0,0,21.8,,,,,,,,
2019,12,1,3,0,0,21.6,,,,,,,,
2019,12,1,4,0,0,21.5,,,,,,,,
2019,12,1,5,0,0,21.5,,,,,,,,
2019,12,1,6,0,0,21.5,,,,,,,,
2019,12,1,7,0,78,22.7,,,,,,,,
2019,12,1,8,0,266,23.9,,,,,,,,
2019,12,1,9,0,448,24.8,,,,,,,,
2019,12,1,10,0,587,25.3,,,,,,,,
2019,12,1,11,0,672,25.5,,,,,,,,
2019,12,1,12,0,688,25.5,,,,,,,,
2019,12,1,13,0,504,25.3,,,,,,,,
2019,12,1,14,0,518,24.9,,,,,,,,
2019,12,1,15,0,203,24.1,,,,,,,,
2019,12,1,16,0,63,23,,,,,,,,
2019,12,1,17,0,0,21.7,,,,,,,,
2019,12,1,18,0,0,21.1,,,,,,,,
2019,12,1,19,0,0,20.6,,,,,,,,
2019,12,1,20,0,0,20.3,,,,,,,,
2019,12,1,21,0,0,20,,,,,,,,
2019,12,1,22,0,0,19.7,,,,,,,,
2019,12,1,23,0,0,19.4,,,,,,,,
2019,12,2,0,0,0,19,,,,,,,,
2019,12,2,1,0,0,18.5,,,,,,,,
2019,12,2,2,0,0,18.1,,,,,,,,
2019,12,2,3,0,0,17.7,,,,,,,,
2019,12,2,4,0,0,17.3,,,,,,,,
2019,12,2,5,0,0,17,,,,,,,,
2019,12,2,6,0,0,16.9,,,,,,,,
2019,12,2,7,0,7,16.8,,,,,,,,
2019,12,2,8,0,26,16.9,,,,,,,,
2019,12,2,9,0,36,16.9,,,,,,,,
2019,12,2,10,0,50,17,,,,,,,,
2019,12,2,11,0,58,17,,,,,,,,
2019,12,2,12,0,59,17,,,,,,,,
2019,12,2,13,0,65,16.9,,,,,,,,
2019,12,2,14,0,43,16.8,,,,,,,,
2019,12,2,15,0,27,16.6,,,,,,,,
2019,12,2,16,0,11,16.3,,,,,,,,
2019,12,2,17,0,0,15.9,,,,,,,,
2019,12,2,18,0,0,15.8,,,,,,,,
2019,12,2,19,0,0,15.9,,,,,,,,
2019,12,2,20,0,0,16,,,,,,,,
2019,12,2,21,0,0,16.1,,,,,,,,
2019,12,2,22,0,0,16.3,,,,,,,,
2019,12,2,23,0,0,16.3,,,,,,,,
2019,12,3,0,0,0,16.2,,,,,,,,
2019,12,3,1,0,0,16.2,,,,,,,,
2019,12,3,2,0,0,16.2,,,,,,,,
2019,12,3,3,0,0,16.2,,,,,,,,
2019,12,3,4,0,0,16.3,,,,,,,,
2019,12,3,5,0,0,16.4,,,,,,,,
2019,12,3,6,0,0,16.6,,,,,,,,
2019,12,3,7,0,47,16.9,,,,,,,,
2019,12,3,8,0,247,17.4,,,,,,,,
2019,12,3,9,0,425,17.9,,,,,,,,
2019,12,3,10,0,502,18.5,,,,,,,,
2019,12,3,11,0,471,18.9,,,,,,,,
2019,12,3,12,0,205,18.8,,,,,,,,
2019,12,3,13,0,174,18.6,,,,,,,,
2019,12,3,14,0,134,18.5,,,,,,,,
2019,12,3,15,0,226,18.4,,,,,,,,
2019,12,3,16,0,87,18.1,,,,,,,,
2019,12,3,17,0,0,17.9,,,,,,,,
2019,12,3,18,0,0,18,,,,,,,,
2019,12,3,19,0,0,18,,,,,,,,
2019,12,3,20,0,0,18.1,,,,,,,,
2019,12,3,21,0,0,18.1,,,,,,,,
2019,12,3,22,0,0,18.1,,,,,,,,
2019,12,3,23,0,0,18.1,,,,,,,,
2019,12,4,0,0,0,18,,,,,,,,
2019,12,4,1,0,0,17.9,,,,,,,,
2019,12,4,2,0,0,17.9,,,,,,,,
2019,12,4,3,0,0,17.9,,,,,,,,
2019,12,4,4,0,0,17.9,,,,,,,,
2019,12,4,5,0,0,17.9,,,,,,,,
2019,12,4,6,0,0,17.9,,,,,,,,
2019,12,4,7,0,33,18.2,,,,,,,,
2019,12,4,8,0,61,18.6,,,,,,,,
2019,12,4,9,0,206,19.1,,,,,,,,
2019,12,4,10,0,63,19.2,,,,,,,,
2019,12,4,11,0,126,19.4,,,,,,,,
2019,12,4,12,0,112,19.6,,,,,,,,
2019,12,4,13,0,93,19.5,,,,,,,,
2019,12,4,14,0,108,19.4,,,,,,,,
2019,12,4,15,0,43,19.1,,,,,,,,
2019,12,4,16,0,7,18.7,,,,,,,,
2019,12,4,17,0,0,18.5,,,,,,,,
2019,12,4,18,0,0,18.4,,,,,,,,
2019,12,4,19,0,0,18.3,,,,,,,,
2019,12,4,20,0,0,18.2,,,,,,,,
2019,12,4,21,0,0,18.1,,,,,,,,
2019,12,4,22,0,0,18.1,,,,,,,,
2019,12,4,23,0,0,18,,,,,,,,
2019,12,5,0,0,0,18,,,,,,,,
2019,12,5,1,0,0,18,,,,,,,,
2019,12,5,2,0,0,17.8,,,,,,,,
2019,12,5,3,0,0,17.6,,,,,,,,
2019,12,5,4,0,0,17.3,,,,,,,,
2019,12,5,5,0,0,17,,,,,,,,
2019,12,5,6,0,0,16.9,,,,,,,,
2019,12,5,7,0,5,17,,,,,,,,
2019,12,5,8,0,10,17.2,,,,,,,,
2019,12,5,9,0,248,17.4,,,,,,,,
2019,12,5,10,0,208,17.7,,,,,,,,
2019,12,5,11,0,133,17.9,,,,,,,,
2019,12,5,12,0,37,18,,,,,,,,
2019,12,5,13,0,63,18.1,,,,,,,,
2019,12,5,14,0,63,18,,,,,,,,
2019,12,5,15,0,97,17.9,,,,,,,,
2019,12,5,16,0,10,17.8,,,,,,,,
2019,12,5,17,0,0,17.7,,,,,,,,
2019,12,5,18,0,0,17.7,,,,,,,,
2019,12,5,19,0,0,17.6,,,,,,,,
2019,12,5,20,0,0,17.5,,,,,,,,
2019,12,5,21,0,0,17.5,,,,,,,,
2019,12,5,22,0,0,17.4,,,,,,,,
2019,12,5,23,0,0,17.4,,,,,,,,
2019,12,6,0,0,0,17.3,,,,,,,,
2019,12,6,1,0,0,17.3,,,,,,,,
2019,12,6,2,0,0,17.3,,,,,,,,
2019,12,6,3,0,0,17.2,,,,,,,,
2019,12,6,4,0,0,17.2,,,,,,,,
2019,12,6,5,0,0,17.1,,,,,,,,
2019,12,6,6,0,0,17.1,,,,,,,,
2019,12,6,7,0,5,17.2,,,,,,,,
2019,12,6,8,0,10,17.4,,,,,,,,
2019,12,6,9,0,34,17.6,,,,,,,,
2019,12,6,10,0,61,17.9,,,,,,,,
2019,12,6,11,0,35,18,,,,,,,,
2019,12,6,12,0,135,18.2,,,,,,,,
2019,12,6,13,0,32,18.4,,,,,,,,
2019,12,6,14,0,114,18.3,,,,,,,,
2019,12,6,15,0,14,18,,,,,,,,
2019,12,6,16,0,90,17.7,,,,,,,,
2019,12,6,17,0,0,17.3,,,,,,,,
2019,12,6,18,0,0,17.1,,,,,,,,
2019,12,6,19,0,0,16.9,,,,,,,,
2019,12,6,20,0,0,16.6,,,,,,,,
2019,12,6,21,0,0,16.3,,,,,,,,
2019,12,6,22,0,0,16.1,,,,,,,,
2019,12,6,23,0,0,16,,,,,,,,
2019,12,7,0,0,0,15.8,,,,,,,,
2019,12,7,1,0,0,15.8,,,,,,,,
2019,12,7,2,0,0,15.8,,,,,,,,
2019,12,7,3,0,0,15.9,,,,,,,,
2019,12,7,4,0,0,16.1,,,,,,,,
2019,12,7,5,0,0,16.2,,,,,,,,
2019,12,7,6,0,0,16.3,,,,,,,,
2019,12,7,7,0,5,16.6,,,,,,,,
2019,12,7,8,0,18,16.9,,,,,,,,
2019,12,7,9,0,35,17.2,,,,,,,,
2019,12,7,10,0,49,17.3,,,,,,,,
2019,12,7,11,0,57,17.5,,,,,,,,
2019,12,7,12,0,59,17.6,,,,,,,,
2019,12,7,13,0,54,17.6,,,,,,,,
2019,12,7,14,0,43,17.5,,,,,,,,
2019,12,7,15,0,27,17.3,,,,,,,,
2019,12,7,16,0,11,16.9,,,,,,,,
2019,12,7,17,0,0,16.5,,,,,,,,
2019,12,7,18,0,0,16.5,,,,,,,,
2019,12,7,19,0,0,16.5,,,,,,,,
2019,12,7,20,0,0,16.4,,,,,,,,
2019,12,7,21,0,0,16.3,,,,,,,,
2019,12,7,22,0,0,16.3,,,,,,,,
2019,12,7,23,0,0,16.3,,,,,,,,
2019,12,8,0,0,0,16.2,,,,,,,,
2019,12,8,1,0,0,16.2,,,,,,,,
2019,12,8,2,0,0,16,,,,,,,,
2019,12,8,3,0,0,15.9,,,,,,,,
2019,12,8,4,0,0,15.8,,,,,,,,
2019,12,8,5,0,0,15.9,,,,,,,,
2019,12,8,6,0,0,15.9,,,,,,,,
2019,12,8,7,0,38,16.7,,,,,,,,
2019,12,8,8,0,266,17.5,,,,,,,,
2019,12,8,9,0,455,18,,,,,,,,
2019,12,8,10,0,272,18.4,,,,,,,,
2019,12,8,11,0,681,18.8,,,,,,,,
2019,12,8,12,0,244,19,,,,,,,,
2019,12,8,13,0,644,19,,,,,,,,
2019,12,8,14,0,530,18.9,,,,,,,,
2019,12,8,15,0,359,18.7,,,,,,,,
2019,12,8,16,0,161,18.2,,,,,,,,
2019,12,8,17,0,0,17.2,,,,,,,,
2019,12,8,18,0,0,17,,,,,,,,
2019,12,8,19,0,0,16.9,,,,,,,,
2019,12,8,20,0,0,16.8,,,,,,,,
2019,12,8,21,0,0,16.7,,,,,,,,
2019,12,8,22,0,0,16.8,,,,,,,,
2019,12,8,23,0,0,16.9,,,,,,,,
2019,12,9,0,0,0,17,,,,,,,,
2019,12,9,1,0,0,17.1,,,,,,,,
2019,12,9,2,0,0,17.2,,,,,,,,
2019,12,9,3,0,0,17.3,,,,,,,,
2019,12,9,4,0,0,17.3,,,,,,,,
2019,12,9,5,0,0,17.3,,,,,,,,
2019,12,9,6,0,0,17.3,,,,,,,,
2019,12,9,7,0,26,18.3,,,,,,,,
2019,12,9,8,0,216,19.4,,,,,,,,
2019,12,9,9,0,371,20.1,,,,,,,,
2019,12,9,10,0,463,20.6,,,,,,,,
2019,12,9,11,0,357,20.8,,,,,,,,
2019,12,9,12,0,573,20.9,,,,,,,,
2019,12,9,13,0,484,20.8,,,,,,,,
2019,12,9,14,0,409,20.6,,,,,,,,
2019,12,9,15,0,184,20.1,,,,,,,,
2019,12,9,16,0,83,19.7,,,,,,,,
2019,12,9,17,0,0,19,,,,,,,,
2019,12,9,18,0,0,19,,,,,,,,
2019,12,9,19,0,0,19,,,,,,,,
2019,12,9,20,0,0,19.1,,,,,,,,
2019,12,9,21,0,0,19.3,,,,,,,,
2019,12,9,22,0,0,19.4,,,,,,,,
2019,12,9,23,0,0,19.5,,,,,,,,
2019,12,10,0,0,0,19.7,,,,,,,,
2019,12,10,1,0,0,19.8,,,,,,,,
2019,12,10,2,0,0,19.8,,,,,,,,
2019,12,10,3,0,0,19.8,,,,,,,,
2019,12,10,4,0,0,19.8,,,,,,,,
2019,12,10,5,0,0,19.8,,,,,,,,
2019,12,10,6,0,0,19.6,,,,,,,,
2019,12,10,7,0,46,20.5,,,,,,,,
2019,12,10,8,0,149,21.4,,,,,,,,
2019,12,10,9,0,304,21.8,,,,,,,,
2019,12,10,10,0,361,21.9,,,,,,,,
2019,12,10,11,0,320,22.1,,,,,,,,
2019,12,10,12,0,283,22.2,,,,,,,,
2019,12,10,13,0,605,22.1,,,,,,,,
2019,12,10,14,0,495,21.8,,,,,,,,
2019,12,10,15,0,139,21.3,,,,,,,,
2019,12,10,16,0,18,20.6,,,,,,,,
2019,12,10,17,0,0,19.9,,,,,,,,
2019,12,10,18,0,0,19.7,,,,,,,,
2019,12,10,19,0,0,19.6,,,,,,,,
2019,12,10,20,0,0,19.4,,,,,,,,
2019,12,10,21,0,0,19.3,,,,,,,,
2019,12,10,22,0,0,19.2,,,,,,,,
2019,12,10,23,0,0,19.1,,,,,,,,
2019,12,11,0,0,0,19.1,,,,,,,,
2019,12,11,1,0,0,19.2,,,,,,,,
2019,12,11,2,0,0,19.2,,,,,,,,
2019,12,11,3,0,0,19.2,,,,,,,,
2019,12,11,4,0,0,19.1,,,,,,,,
2019,12,11,5,0,0,19,,,,,,,,
2019,12,11,6,0,0,19,,,,,,,,
2019,12,11,7,0,56,19.7,,,,,,,,
2019,12,11,8,0,240,20.3,,,,,,,,
2019,12,11,9,0,423,20.8,,,,,,,,
2019,12,11,10,0,571,21.2,,,,,,,,
2019,12,11,11,0,673,21.6,,,,,,,,
2019,12,11,12,0,281,21.7,,,,,,,,
2019,12,11,13,0,374,21.6,,,,,,,,
2019,12,11,14,0,518,21.5,,,,,,,,
2019,12,11,15,0,352,21.2,,,,,,,,
2019,12,11,16,0,81,20.6,,,,,,,,
2019,12,11,17,0,0,19.6,,,,,,,,
2019,12,11,18,0,0,19.4,,,,,,,,
2019,12,11,19,0,0,19.2,,,,,,,,
2019,12,11,20,0,0,19,,,,,,,,
2019,12,11,21,0,0,18.9,,,,,,,,
2019,12,11,22,0,0,18.7,,,,,,,,
2019,12,11,23,0,0,18.6,,,,,,,,
2019,12,12,0,0,0,18.4,,,,,,,,
2019,12,12,1,0,0,18.2,,,,,,,,
2019,12,12,2,0,0,18,,,,,,,,
2019,12,12,3,0,0,17.8,,,,,,,,
2019,12,12,4,0,0,17.6,,,,,,,,
2019,12,12,5,0,0,17.4,,,,,,,,
2019,12,12,6,0,0,17.2,,,,,,,,
2019,12,12,7,0,37,18,,,,,,,,
2019,12,12,8,0,205,19.1,,,,,,,,
2019,12,12,9,0,382,19.7,,,,,,,,
2019,12,12,10,0,522,20.2,,,,,,,,
2019,12,12,11,0,641,20.5,,,,,,,,
2019,12,12,12,0,659,20.8,,,,,,,,
2019,12,12,13,0,456,20.9,,,,,,,,
2019,12,12,14,0,259,20.8,,,,,,,,
2019,12,12,15,0,345,20.6,,,,,,,,
2019,12,12,16,0,104,20,,,,,,,,
2019,12,12,17,0,0,19.2,,,,,,,,
2019,12,12,18,0,0,19.1,,,,,,,,
2019,12,12,19,0,0,19.1,,,,,,,,
2019,12,12,20,0,0,19.1,,,,,,,,
2019,12,12,21,0,0,19.1,,,,,,,,
2019,12,12,22,0,0,19,,,,,,,,
2019,12,12,23,0,0,19,,,,,,,,
2019,12,13,0,0,0,19,,,,,,,,
2019,12,13,1,0,0,19,,,,,,,,
2019,12,13,2,0,0,18.9,,,,,,,,
2019,12,13,3,0,0,18.8,,,,,,,,
2019,12,13,4,0,0,18.7,,,,,,,,
2019,12,13,5,0,0,18.7,,,,,,,,
2019,12,13,6,0,0,18.7,,,,,,,,
2019,12,13,7,0,33,19.4,,,,,,,,
2019,12,13,8,0,222,20.3,,,,,,,,
2019,12,13,9,0,321,20.8,,,,,,,,
2019,12,13,10,0,544,21.2,,,,,,,,
2019,12,13,11,0,647,21.6,,,,,,,,
2019,12,13,12,0,668,21.8,,,,,,,,
2019,12,13,13,0,620,21.9,,,,,,,,
2019,12,13,14,0,389,21.7,,,,,,,,
2019,12,13,15,0,345,21.3,,,,,,,,
2019,12,13,16,0,155,20.8,,,,,,,,
2019,12,13,17,0,0,20,,,,,,,,
2019,12,13,18,0,0,19.8,,,,,,,,
2019,12,13,19,0,0,19.7,,,,,,,,
2019,12,13,20,0,0,19.7,,,,,,,,
2019,12,13,21,0,0,19.7,,,,,,,,
2019,12,13,22,0,0,19.7,,,,,,,,
2019,12,13,23,0,0,19.7,,,,,,,,
2019,12,14,0,0,0,19.7,,,,,,,,
2019,12,14,1,0,0,19.7,,,,,,,,
2019,12,14,2,0,0,19.7,,,,,,,,
2019,12,14,3,0,0,19.7,,,,,,,,
2019,12,14,4,0,0,19.7,,,,,,,,
2019,12,14,5,0,0,19.7,,,,,,,,
2019,12,14,6,0,0,19.7,,,,,,,,
2019,12,14,7,0,18,20.6,,,,,,,,
2019,12,14,8,0,135,21.5,,,,,,,,
2019,12,14,9,0,416,22,,,,,,,,
2019,12,14,10,0,558,22.4,,,,,,,,
2019,12,14,11,0,423,22.7,,,,,,,,
2019,12,14,12,0,528,22.7,,,,,,,,
2019,12,14,13,0,385,22.5,,,,,,,,
2019,12,14,14,0,289,22.3,,,,,,,,
2019,12,14,15,0,180,21.9,,,,,,,,
2019,12,14,16,0,158,21.3,,,,,,,,
2019,12,14,17,0,0,20.6,,,,,,,,
2019,12,14,18,0,0,20.4,,,,,,,,
2019,12,14,19,0,0,20.3,,,,,,,,
2019,12,14,20,0,0,20.2,,,,,,,,
2019,12,14,21,0,0,20.2,,,,,,,,
2019,12,14,22,0,0,20.1,,,,,,,,
2019,12,14,23,0,0,20,,,,,,,,
2019,12,15,0,0,0,20,,,,,,,,
2019,12,15,1,0,0,19.9,,,,,,,,
2019,12,15,2,0,0,19.7,,,,,,,,
2019,12,15,3,0,0,19.6,,,,,,,,
2019,12,15,4,0,0,19.5,,,,,,,,
2019,12,15,5,0,0,19.5,,,,,,,,
2019,12,15,6,0,0,19.4,,,,,,,,
2019,12,15,7,0,31,20.5,,,,,,,,
2019,12,15,8,0,167,21.7,,,,,,,,
2019,12,15,9,0,425,22.4,,,,,,,,
2019,12,15,10,0,572,23,,,,,,,,
2019,12,15,11,0,666,23.4,,,,,,,,
2019,12,15,12,0,686,23.7,,,,,,,,
2019,12,15,13,0,636,23.7,,,,,,,,
2019,12,15,14,0,525,23.5,,,,,,,,
2019,12,15,15,0,360,23,,,,,,,,
2019,12,15,16,0,168,22.1,,,,,,,,
2019,12,15,17,0,0,20.9,,,,,,,,
2019,12,15,18,0,0,20.6,,,,,,,,
2019,12,15,19,0,0,20.4,,,,,,,,
2019,12,15,20,0,0,20.2,,,,,,,,
2019,12,15,21,0,0,20.1,,,,,,,,
2019,12,15,22,0,0,20,,,,,,,,
2019,12,15,23,0,0,19.9,,,,,,,,
2019,12,16,0,0,0,19.8,,,,,,,,
2019,12,16,1,0,0,19.7,,,,,,,,
2019,12,16,2,0,0,19.6,,,,,,,,
2019,12,16,3,0,0,19.5,,,,,,,,
2019,12,16,4,0,0,19.5,,,,,,,,
2019,12,16,5,0,0,19.5,,,,,,,,
2019,12,16,6,0,0,19.5,,,,,,,,
2019,12,16,7,0,55,20.7,,,,,,,,
2019,12,16,8,0,240,22,,,,,,,,
2019,12,16,9,0,425,23,,,,,,,,
2019,12,16,10,0,569,23.8,,,,,,,,
2019,12,16,11,0,660,24.5,,,,,,,,
2019,12,16,12,0,679,24.7,,,,,,,,
2019,12,16,13,0,629,24.7,,,,,,,,
2019,12,16,14,0,519,24.5,,,,,,,,
2019,12,16,15,0,354,24,,,,,,,,
2019,12,16,16,0,164,23.1,,,,,,,,
2019,12,16,17,0,0,21.9,,,,,,,,
2019,12,16,18,0,0,21.7,,,,,,,,
2019,12,16,19,0,0,21.6,,,,,,,,
2019,12,16,20,0,0,21.6,,,,,,,,
2019,12,16,21,0,0,21.6,,,,,,,,
2019,12,16,22,0,0,21.5,,,,,,,,
2019,12,16,23,0,0,21.4,,,,,,,,
2019,12,17,0,0,0,21.2,,,,,,,,
2019,12,17,1,0,0,21.1,,,,,,,,
2019,12,17,2,0,0,20.8,,,,,,,,
2019,12,17,3,0,0,20.5,,,,,,,,
2019,12,17,4,0,0,20.3,,,,,,,,
2019,12,17,5,0,0,20.2,,,,,,,,
2019,12,17,6,0,0,20.1,,,,,,,,
2019,12,17,7,0,52,21.1,,,,,,,,
2019,12,17,8,0,235,22.6,,,,,,,,
2019,12,17,9,0,417,23.7,,,,,,,,
2019,12,17,10,0,561,24.4,,,,,,,,
2019,12,17,11,0,651,24.9,,,,,,,,
2019,12,17,12,0,673,25.3,,,,,,,,
2019,12,17,13,0,626,25.4,,,,,,,,
2019,12,17,14,0,516,25.4,,,,,,,,
2019,12,17,15,0,133,25,,,,,,,,
2019,12,17,16,0,31,24.1,,,,,,,,
2019,12,17,17,0,10,23,,,,,,,,
2019,12,17,18,0,0,22.8,,,,,,,,
2019,12,17,19,0,0,22.7,,,,,,,,
2019,12,17,20,0,0,22.5,,,,,,,,
2019,12,17,21,0,0,22.4,,,,,,,,
2019,12,17,22,0,0,22.3,,,,,,,,
2019,12,17,23,0,0,22.3,,,,,,,,
2019,12,18,0,0,0,22.3,,,,,,,,
2019,12,18,1,0,0,22.4,,,,,,,,
2019,12,18,2,0,0,22.3,,,,,,,,
2019,12,18,3,0,0,21.8,,,,,,,,
2019,12,18,4,0,0,21.2,,,,,,,,
2019,12,18,5,0,0,20.8,,,,,,,,
2019,12,18,6,0,0,20.6,,,,,,,,
2019,12,18,7,0,43,21.3,,,,,,,,
2019,12,18,8,0,16,21.7,,,,,,,,
2019,12,18,9,0,31,21.8,,,,,,,,
2019,12,18,10,0,45,21.9,,,,,,,,
2019,12,18,11,0,153,22.1,,,,,,,,
2019,12,18,12,0,55,22,,,,,,,,
2019,12,18,13,0,66,21.9,,,,,,,,
2019,12,18,14,0,47,21.6,,,,,,,,
2019,12,18,15,0,70,21.3,,,,,,,,
2019,12,18,16,0,33,20.8,,,,,,,,
2019,12,18,17,0,3,20.5,,,,,,,,
2019,12,18,18,0,0,20.5,,,,,,,,
2019,12,18,19,0,0,20.4,,,,,,,,
2019,12,18,20,0,0,20.4,,,,,,,,
2019,12,18,21,0,0,20.3,,,,,,,,
2019,12,18,22,0,0,20.2,,,,,,,,
2019,12,18,23,0,0,20.1,,,,,,,,
2019,12,19,0,0,0,20.1,,,,,,,,
2019,12,19,1,0,0,20.1,,,,,,,,
2019,12,19,2,0,0,20,,,,,,,,
2019,12,19,3,0,0,19.9,,,,,,,,
2019,12,19,4,0,0,19.9,,,,,,,,
2019,12,19,5,0,0,19.8,,,,,,,,
2019,12,19,6,0,0,19.8,,,,,,,,
2019,12,19,7,0,32,20.1,,,,,,,,
2019,12,19,8,0,40,20.5,,,,,,,,
2019,12,19,9,0,78,20.8,,,,,,,,
2019,12,19,10,0,255,21.1,,,,,,,,
2019,12,19,11,0,314,21.3,,,,,,,,
2019,12,19,12,0,371,21.4,,,,,,,,
2019,12,19,13,0,367,21.2,,,,,,,,
2019,12,19,14,0,135,20.9,,,,,,,,
2019,12,19,15,0,130,20.5,,,,,,,,
2019,12,19,16,0,40,20,,,,,,,,
2019,12,19,17,0,5,19.6,,,,,,,,
2019,12,19,18,0,0,19.4,,,,,,,,
2019,12,19,19,0,0,19.2,,,,,,,,
2019,12,19,20,0,0,18.9,,,,,,,,
2019,12,19,21,0,0,18.6,,,,,,,,
2019,12,19,22,0,0,18.4,,,,,,,,
2019,12,19,23,0,0,18.2,,,,,,,,
2019,12,20,0,0,0,18,,,,,,,,
2019,12,20,1,0,0,17.9,,,,,,,,
2019,12,20,2,0,0,17.9,,,,,,,,
2019,12,20,3,0,0,17.9,,,,,,,,
2019,12,20,4,0,0,17.9,,,,,,,,
2019,12,20,5,0,0,18,,,,,,,,
2019,12,20,6,0,0,18.1,,,,,,,,
2019,12,20,7,0,4,18.4,,,,,,,,
2019,12,20,8,0,9,18.9,,,,,,,,
2019,12,20,9,0,20,19.4,,,,,,,,
2019,12,20,10,0,66,20,,,,,,,,
2019,12,20,11,0,247,20.5,,,,,,,,
2019,12,20,12,0,257,20.9,,,,,,,,
2019,12,20,13,0,125,21.2,,,,,,,,
2019,12,20,14,0,315,21.1,,,,,,,,
2019,12,20,15,0,98,20.8,,,,,,,,
2019,12,20,16,0,56,20.4,,,,,,,,
2019,12,20,17,0,3,20,,,,,,,,
2019,12,20,18,0,0,19.9,,,,,,,,
2019,12,20,19,0,0,19.8,,,,,,,,
2019,12,20,20,0,0,19.8,,,,,,,,
2019,12,20,21,0,0,19.8,,,,,,,,
2019,12,20,22,0,0,19.7,,,,,,,,
2019,12,20,23,0,0,19.7,,,,,,,,
2019,12,21,0,0,0,19.8,,,,,,,,
2019,12,21,1,0,0,19.8,,,,,,,,
2019,12,21,2,0,0,19.8,,,,,,,,
2019,12,21,3,0,0,19.8,,,,,,,,
2019,12,21,4,0,0,19.8,,,,,,,,
2019,12,21,5,0,0,19.8,,,,,,,,
2019,12,21,6,0,0,19.7,,,,,,,,
2019,12,21,7,0,38,20.1,,,,,,,,
2019,12,21,8,0,205,20.5,,,,,,,,
2019,12,21,9,0,80,21,,,,,,,,
2019,12,21,10,0,194,21.6,,,,,,,,
2019,12,21,11,0,337,22,,,,,,,,
2019,12,21,12,0,81,22,,,,,,,,
2019,12,21,13,0,331,21.8,,,,,,,,
2019,12,21,14,0,98,21.5,,,,,,,,
2019,12,21,15,0,54,21,,,,,,,,
2019,12,21,16,0,45,20.4,,,,,,,,
2019,12,21,17,0,10,19.9,,,,,,,,
2019,12,21,18,0,0,19.8,,,,,,,,
2019,12,21,19,0,0,19.7,,,,,,,,
2019,12,21,20,0,0,19.6,,,,,,,,
2019,12,21,21,0,0,19.5,,,,,,,,
2019,12,21,22,0,0,19.4,,,,,,,,
2019,12,21,23,0,0,19.4,,,,,,,,
2019,12,22,0,0,0,19.5,,,,,,,,
2019,12,22,1,0,0,19.6,,,,,,,,
2019,12,22,2,0,0,19.5,,,,,,,,
2019,12,22,3,0,0,19.4,,,,,,,,
2019,12,22,4,0,0,19.3,,,,,,,,
2019,12,22,5,0,0,19.3,,,,,,,,
2019,12,22,6,0,0,19.4,,,,,,,,
2019,12,22,7,0,40,19.9,,,,,,,,
2019,12,22,8,0,207,20.2,,,,,,,,
2019,12,22,9,0,297,20.4,,,,,,,,
2019,12,22,10,0,226,20.5,,,,,,,,
2019,12,22,11,0,86,20.6,,,,,,,,
2019,12,22,12,0,56,20.5,,,,,,,,
2019,12,22,13,0,51,20.5,,,,,,,,
2019,12,22,14,0,42,20.3,,,,,,,,
2019,12,22,15,0,27,19.8,,,,,,,,
2019,12,22,16,0,12,19.2,,,,,,,,
2019,12,22,17,0,1,18.7,,,,,,,,
2019,12,22,18,0,0,18.5,,,,,,,,
2019,12,22,19,0,0,18.4,,,,,,,,
2019,12,22,20,0,0,18.4,,,,,,,,
2019,12,22,21,0,0,18.4,,,,,,,,
2019,12,22,22,0,0,18.4,,,,,,,,
2019,12,22,23,0,0,18.4,,,,,,,,
2019,12,23,0,0,0,18.4,,,,,,,,
2019,12,23,1,0,0,18.4,,,,,,,,
2019,12,23,2,0,0,18.4,,,,,,,,
2019,12,23,3,0,0,18.4,,,,,,,,
2019,12,23,4,0,0,18.5,,,,,,,,
2019,12,23,5,0,0,18.5,,,,,,,,
2019,12,23,6,0,0,18.5,,,,,,,,
2019,12,23,7,0,37,19.1,,,,,,,,
2019,12,23,8,0,207,19.7,,,,,,,,
2019,12,23,9,0,221,20.2,,,,,,,,
2019,12,23,10,0,45,20.7,,,,,,,,
2019,12,23,11,0,212,21.1,,,,,,,,
2019,12,23,12,0,336,21.3,,,,,,,,
2019,12,23,13,0,469,21.3,,,,,,,,
2019,12,23,14,0,359,21.1,,,,,,,,
2019,12,23,15,0,351,20.8,,,,,,,,
2019,12,23,16,0,121,20.3,,,,,,,,
2019,12,23,17,0,12,19.8,,,,,,,,
2019,12,23,18,0,0,19.8,,,,,,,,
2019,12,23,19,0,0,19.8,,,,,,,,
2019,12,23,20,0,0,19.8,,,,,,,,
2019,12,23,21,0,0,19.9,,,,,,,,
2019,12,23,22,0,0,19.9,,,,,,,,
2019,12,23,23,0,0,19.9,,,,,,,,
2019,12,24,0,0,0,20,,,,,,,,
2019,12,24,1,0,0,20.1,,,,,,,,
2019,12,24,2,0,0,20.2,,,,,,,,
2019,12,24,3,0,0,20.2,,,,,,,,
2019,12,24,4,0,0,20,,,,,,,,
2019,12,24,5,0,0,19.8,,,,,,,,
2019,12,24,6,0,0,19.5,,,,,,,,
2019,12,24,7,0,39,20.4,,,,,,,,
2019,12,24,8,0,76,21.1,,,,,,,,
2019,12,24,9,0,390,21.5,,,,,,,,
2019,12,24,10,0,325,21.8,,,,,,,,
2019,12,24,11,0,265,22,,,,,,,,
2019,12,24,12,0,288,22,,,,,,,,
2019,12,24,13,0,380,21.9,,,,,,,,
2019,12,24,14,0,299,21.5,,,,,,,,
2019,12,24,15,0,99,20.8,,,,,,,,
2019,12,24,16,0,168,20.1,,,,,,,,
2019,12,24,17,0,2,19.5,,,,,,,,
2019,12,24,18,0,0,19.4,,,,,,,,
2019,12,24,19,0,0,19.4,,,,,,,,
2019,12,24,20,0,0,19.3,,,,,,,,
2019,12,24,21,0,0,19.3,,,,,,,,
2019,12,24,22,0,0,19.4,,,,,,,,
2019,12,24,23,0,0,19.3,,,,,,,,
2019,12,25,0,0,0,19.3,,,,,,,,
2019,12,25,1,0,0,19.2,,,,,,,,
2019,12,25,2,0,0,19.2,,,,,,,,
2019,12,25,3,0,0,19.1,,,,,,,,
2019,12,25,4,0,0,19.1,,,,,,,,
2019,12,25,5,0,0,19,,,,,,,,
2019,12,25,6,0,0,18.9,,,,,,,,
2019,12,25,7,0,11,19.8,,,,,,,,
2019,12,25,8,0,58,20.5,,,,,,,,
2019,12,25,9,0,175,21.3,,,,,,,,
2019,12,25,10,0,212,22.1,,,,,,,,
2019,12,25,11,0,318,22.7,,,,,,,,
2019,12,25,12,0,668,23.1,,,,,,,,
2019,12,25,13,0,624,23.2,,,,,,,,
2019,12,25,14,0,517,23,,,,,,,,
2019,12,25,15,0,358,22.6,,,,,,,,
2019,12,25,16,0,173,21.9,,,,,,,,
2019,12,25,17,0,15,21,,,,,,,,
2019,12,25,18,0,0,20.8,,,,,,,,
2019,12,25,19,0,0,20.8,,,,,,,,
2019,12,25,20,0,0,20.8,,,,,,,,
2019,12,25,21,0,0,20.9,,,,,,,,
2019,12,25,22,0,0,21,,,,,,,,
2019,12,25,23,0,0,21.3,,,,,,,,
2019,12,26,0,0,0,21.5,,,,,,,,
2019,12,26,1,0,0,21.2,,,,,,,,
2019,12,26,2,0,0,20.9,,,,,,,,
2019,12,26,3,0,0,20.5,,,,,,,,
2019,12,26,4,0,0,20.2,,,,,,,,
2019,12,26,5,0,0,20,,,,,,,,
2019,12,26,6,0,0,19.9,,,,,,,,
2019,12,26,7,0,35,20.8,,,,,,,,
2019,12,26,8,0,204,21.5,,,,,,,,
2019,12,26,9,0,115,22.1,,,,,,,,
2019,12,26,10,0,45,22.5,,,,,,,,
2019,12,26,11,0,76,22.4,,,,,,,,
2019,12,26,12,0,336,22.1,,,,,,,,
2019,12,26,13,0,56,21.6,,,,,,,,
2019,12,26,14,0,507,21.1,,,,,,,,
2019,12,26,15,0,171,20.6,,,,,,,,
2019,12,26,16,0,163,19.9,,,,,,,,
2019,12,26,17,0,9,19.3,,,,,,,,
2019,12,26,18,0,0,18.9,,,,,,,,
2019,12,26,19,0,0,18.6,,,,,,,,
2019,12,26,20,0,0,18.3,,,,,,,,
2019,12,26,21,0,0,17.9,,,,,,,,
2019,12,26,22,0,0,17.6,,,,,,,,
2019,12,26,23,0,0,17.2,,,,,,,,
2019,12,27,0,0,0,16.8,,,,,,,,
2019,12,27,1,0,0,16.5,,,,,,,,
2019,12,27,2,0,0,16.3,,,,,,,,
2019,12,27,3,0,0,16.2,,,,,,,,
2019,12,27,4,0,0,16.1,,,,,,,,
2019,12,27,5,0,0,16,,,,,,,,
2019,12,27,6,0,0,15.8,,,,,,,,
2019,12,27,7,0,4,15.8,,,,,,,,
2019,12,27,8,0,15,16,,,,,,,,
2019,12,27,9,0,31,16.2,,,,,,,,
2019,12,27,10,0,117,16.4,,,,,,,,
2019,12,27,11,0,55,16.4,,,,,,,,
2019,12,27,12,0,60,16.5,,,,,,,,
2019,12,27,13,0,62,16.6,,,,,,,,
2019,12,27,14,0,49,16.6,,,,,,,,
2019,12,27,15,0,107,16.5,,,,,,,,
2019,12,27,16,0,18,16.4,,,,,,,,
2019,12,27,17,0,3,16.3,,,,,,,,
2019,12,27,18,0,0,16.4,,,,,,,,
2019,12,27,19,0,0,16.5,,,,,,,,
2019,12,27,20,0,0,16.6,,,,,,,,
2019,12,27,21,0,0,16.7,,,,,,,,
2019,12,27,22,0,0,16.8,,,,,,,,
2019,12,27,23,0,0,17,,,,,,,,
2019,12,28,0,0,0,17.2,,,,,,,,
2019,12,28,1,0,0,17.3,,,,,,,,
2019,12,28,2,0,0,17.2,,,,,,,,
2019,12,28,3,0,0,17.2,,,,,,,,
2019,12,28,4,0,0,17.2,,,,,,,,
2019,12,28,5,0,0,17.3,,,,,,,,
2019,12,28,6,0,0,17.4,,,,,,,,
2019,12,28,7,0,34,17.9,,,,,,,,
2019,12,28,8,0,207,18.6,,,,,,,,
2019,12,28,9,0,170,19.4,,,,,,,,
2019,12,28,10,0,337,20.1,,,,,,,,
2019,12,28,11,0,405,20.6,,,,,,,,
2019,12,28,12,0,499,20.9,,,,,,,,
2019,12,28,13,0,441,21.2,,,,,,,,
2019,12,28,14,0,337,21.3,,,,,,,,
2019,12,28,15,0,306,21.2,,,,,,,,
2019,12,28,16,0,126,20.7,,,,,,,,
2019,12,28,17,0,13,19.9,,,,,,,,
2019,12,28,18,0,0,19.9,,,,,,,,
2019,12,28,19,0,0,20,,,,,,,,
2019,12,28,20,0,0,20.1,,,,,,,,
2019,12,28,21,0,0,20.2,,,,,,,,
2019,12,28,22,0,0,20.3,,,,,,,,
2019,12,28,23,0,0,20.4,,,,,,,,
2019,12,29,0,0,0,20.5,,,,,,,,
2019,12,29,1,0,0,20.7,,,,,,,,
2019,12,29,2,0,0,20.8,,,,,,,,
2019,12,29,3,0,0,20.9,,,,,,,,
2019,12,29,4,0,0,21,,,,,,,,
2019,12,29,5,0,0,20.8,,,,,,,,
2019,12,29,6,0,0,20.7,,,,,,,,
2019,12,29,7,0,8,20.9,,,,,,,,
2019,12,29,8,0,26,21.5,,,,,,,,
2019,12,29,9,0,18,22.2,,,,,,,,
2019,12,29,10,0,25,22.5,,,,,,,,
2019,12,29,11,0,37,22.5,,,,,,,,
2019,12,29,12,0,40,22.5,,,,,,,,
2019,12,29,13,0,36,22.6,,,,,,,,
2019,12,29,14,0,27,22.5,,,,,,,,
2019,12,29,15,0,17,22.2,,,,,,,,
2019,12,29,16,0,51,21.7,,,,,,,,
2019,12,29,17,0,7,21,,,,,,,,
2019,12,29,18,0,0,20.9,,,,,,,,
2019,12,29,19,0,0,20.9,,,,,,,,
2019,12,29,20,0,0,20.8,,,,,,,,
2019,12,29,21,0,0,20.7,,,,,,,,
2019,12,29,22,0,0,20.6,,,,,,,,
2019,12,29,23,0,0,20.6,,,,,,,,
2019,12,30,0,0,0,20.7,,,,,,,,
2019,12,30,1,0,0,20.7,,,,,,,,
2019,12,30,2,0,0,20.6,,,,,,,,
2019,12,30,3,0,0,20.4,,,,,,,,
2019,12,30,4,0,0,20.4,,,,,,,,
2019,12,30,5,0,0,20.5,,,,,,,,
2019,12,30,6,0,0,20.5,,,,,,,,
2019,12,30,7,0,3,20.9,,,,,,,,
2019,12,30,8,0,9,21.2,,,,,,,,
2019,12,30,9,0,142,21.3,,,,,,,,
2019,12,30,10,0,25,21.3,,,,,,,,
2019,12,30,11,0,53,21.1,,,,,,,,
2019,12,30,12,0,257,21,,,,,,,,
2019,12,30,13,0,35,20.9,,,,,,,,
2019,12,30,14,0,108,21,,,,,,,,
2019,12,30,15,0,162,20.8,,,,,,,,
2019,12,30,16,0,18,20.3,,,,,,,,
2019,12,30,17,0,4,20,,,,,,,,
2019,12,30,18,0,0,20,,,,,,,,
2019,12,30,19,0,0,19.9,,,,,,,,
2019,12,30,20,0,0,19.9,,,,,,,,
2019,12,30,21,0,0,19.9,,,,,,,,
2019,12,30,22,0,0,19.9,,,,,,,,
2019,12,30,23,0,0,19.7,,,,,,,,
2019,12,31,0,0,0,19.2,,,,,,,,
2019,12,31,1,0,0,18.6,,,,,,,,
2019,12,31,2,0,0,18.1,,,,,,,,
2019,12,31,3,0,0,17.8,,,,,,,,
2019,12,31,4,0,0,17.7,,,,,,,,
2019,12,31,5,0,0,17.9,,,,,,,,
2019,12,31,6,0,0,18,,,,,,,,
2019,12,31,7,0,3,18,,,,,,,,
2019,12,31,8,0,14,17.8,,,,,,,,
2019,12,31,9,0,36,17.5,,,,,,,,
2019,12,31,10,0,113,17.4,,,,,,,,
2019,12,31,11,0,62,17.3,,,,,,,,
2019,12,31,12,0,73,17,,,,,,,,
2019,12,31,13,0,98,16.7,,,,,,,,
2019,12,31,14,0,43,16.5,,,,,,,,
2019,12,31,15,0,29,16.4,,,,,,,,
2019,12,31,16,0,13,16.3,,,,,,,,
2019,12,31,17,0,2,16.2,,,,,,,,
2019,12,31,18,0,0,16.2,,,,,,,,
2019,12,31,19,0,0,16.3,,,,,,,,
2019,12,31,20,0,0,16.3,,,,,,,,
2019,12,31,21,0,0,16.3,,,,,,,,
2019,12,31,22,0,0,16.3,,,,,,,,
2019,12,31,23,0,0,16.3,,,,,,,,