YEAR,MONTH,DAY,HOUR,TEMPERATURE,DEW_POINT,GHI,PRESSURE,WIND_SPEED,RELATIVE HUMIDITY,PRECIPITABLE WATER,CLOUD_TYPE
2019,1,23,0,14.3,8.8,0,1032,4.1,69.69,1.4,0
2019,1,23,1,14.2,8.8,0,1031,4.1,70.21,1.4,3
2019,1,23,2,14.1,8.9,0,1031,4.1,71.05,1.4,3
2019,1,23,3,14.1,9,0,1031,4.1,71.62,1.4,0
2019,1,23,4,14.1,9.2,0,1031,4,72.27,1.4,3
2019,1,23,5,14.1,9.3,0,1031,4,72.97,1.5,3
2019,1,23,6,14.1,9.5,0,1032,3.9,74.06,1.5,3
2019,1,23,7,15.5,10.3,25,1032,4,71.17,1.5,1
2019,1,23,8,16.6,10.3,84,1033,4.4,66.33,1.5,3
2019,1,23,9,17.3,10.4,398,1033,4.5,64.07,1.6,0
2019,1,23,10,17.8,10.7,454,1033,4.4,63.31,1.6,2
2019,1,23,11,18.3,11,405,1032,4.4,62.52,1.6,3
2019,1,23,12,18.6,11.3,179,1031,4.7,62.35,1.7,3
2019,1,23,13,18.8,11.4,169,1030,4.9,62.25,1.7,3
2019,1,23,14,18.8,11.5,207,1030,5.1,62.65,1.8,3
2019,1,23,15,18.5,11.6,128,1030,5.1,64.01,1.9,3
2019,1,23,16,18,11.7,37,1030,4.7,66.86,1.9,3
2019,1,23,17,16.9,11.8,9,1030,4,72.1,2,3
2019,1,23,18,16.6,11.8,0,1031,3.8,73.32,2,3
2019,1,23,19,16.5,11.8,0,1031,3.8,73.66,2,3
2019,1,23,20,16.4,11.8,0,1031,3.8,74.16,2,3
2019,1,23,21,16.4,11.9,0,1031,3.8,74.54,2,3
2019,1,23,22,16.4,12,0,1031,3.8,75.02,2,3
2019,1,23,23,16.3,12.1,0,1031,3.8,76.01,2,3
2019,1,24,0,16.3,12.2,0,1030,3.8,76.45,2,3
2019,1,24,1,16.3,12.3,0,1030,3.8,77.03,2,3
2019,1,24,2,16.3,12.4,0,1030,3.8,77.64,2,3
2019,1,24,3,16.4,12.5,0,1030,3.9,77.65,2,0
2019,1,24,4,16.4,12.6,0,1030,4,78.01,2,3
2019,1,24,5,16.6,12.6,0,1030,4.1,77.48,2,3
2019,1,24,6,16.6,12.7,0,1031,4.2,77.71,2,3
2019,1,24,7,17.4,13.1,18,1031,4.4,75.95,1.9,1
2019,1,24,8,18.1,13.2,190,1032,4.9,73.17,1.9,2
2019,1,24,9,18.7,13.2,383,1032,5.1,70.39,1.9,2
2019,1,24,10,19.1,13.2,544,1032,4.9,68.74,1.9,0
2019,1,24,11,19.4,13.3,665,1031,4.8,67.63,1.9,1
2019,1,24,12,19.6,13.3,705,1030,4.8,66.98,1.9,1
2019,1,24,13,19.7,13.3,677,1030,5,66.69,1.9,0
2019,1,24,14,19.6,13.4,577,1029,5.2,67.2,2,0
2019,1,24,15,19.3,13.3,426,1029,5.2,68.41,2,0
2019,1,24,16,18.7,13.4,237,1029,4.8,71.47,2.1,0
2019,1,24,17,17.8,13.4,51,1030,4,75.64,2.1,1
2019,1,24,18,17.5,13.4,0,1030,3.8,76.78,2.1,0
2019,1,24,19,17.4,13.4,0,1031,3.6,77.39,2.2,0
2019,1,24,20,17.3,13.5,0,1031,3.6,78.14,2.2,0
2019,1,24,21,17.2,13.5,0,1031,3.6,78.94,2.2,0
2019,1,24,22,17.1,13.6,0,1030,3.5,79.9,2.2,0
2019,1,24,23,17.1,13.7,0,1030,3.5,80.45,2.2,0
2019,1,25,0,17.2,13.8,0,1030,3.4,80.29,2.3,0
2019,1,25,1,17.2,13.8,0,1030,3.3,80.51,2.3,0
2019,1,25,2,17.2,13.8,0,1030,3.2,80.64,2.3,0
2019,1,25,3,17.3,13.9,0,1030,3.1,80.19,2.3,0
2019,1,25,4,17.3,13.9,0,1030,3,80.27,2.4,0
2019,1,25,5,17.4,13.9,0,1030,2.9,79.79,2.4,1
2019,1,25,6,17.3,13.9,0,1031,2.7,80.43,2.4,1
2019,1,25,7,18.5,14.7,27,1031,2.5,78.45,2.4,1
2019,1,25,8,19.6,14.9,92,1032,2.6,74.3,2.4,4
2019,1,25,9,20.3,15,398,1032,2.2,71.52,2.4,0
2019,1,25,10,20.9,14.9,560,1031,1.9,68.75,2.4,0
2019,1,25,11,21.2,14.9,668,1031,2.2,67.43,2.4,0
2019,1,25,12,21.2,14.9,709,1030,2.6,67.43,2.4,0
2019,1,25,13,21.1,14.9,679,1030,3.2,67.89,2.4,0
2019,1,25,14,20.7,14.9,580,1029,3.7,69.4,2.4,0
2019,1,25,15,20,14.9,426,1030,4.2,72.25,2.4,0
2019,1,25,16,19.1,14.8,238,1030,4.2,75.97,2.3,0
2019,1,25,17,18.2,14.7,50,1031,3.7,79.95,2.3,0
2019,1,25,18,18,14.5,0,1032,3.7,80.08,2.3,1
2019,1,25,19,17.9,14.4,0,1033,3.8,79.86,2.3,1
2019,1,25,20,17.8,14.2,0,1033,4,79.57,2.2,0
2019,1,25,21,17.8,14.1,0,1033,4.4,78.89,2.2,0
2019,1,25,22,17.7,13.8,0,1033,5,78.09,2.1,0
2019,1,25,23,17.6,13.4,0,1034,5.4,76.64,2,3
2019,1,26,0,17.3,13,0,1034,5.6,75.61,1.9,3
2019,1,26,1,16.9,12.4,0,1034,5.8,74.9,1.9,1
2019,1,26,2,16.6,12.1,0,1034,5.9,74.52,1.8,1
2019,1,26,3,16.3,11.8,0,1034,5.9,74.69,1.8,1
2019,1,26,4,16,11.6,0,1035,6,75.13,1.8,1
2019,1,26,5,15.9,11.3,0,1035,6.1,74.24,1.8,4
2019,1,26,6,15.7,10.9,0,1036,6.2,73.14,1.8,4
2019,1,26,7,15.7,10.6,12,1037,6.3,71.72,1.8,4
2019,1,26,8,15.7,10.5,83,1037,6.6,71.16,1.8,3
2019,1,26,9,15.8,10.4,319,1037,6.8,70.38,1.8,2
2019,1,26,10,15.7,10.4,50,1037,6.9,70.56,1.8,4
2019,1,26,11,15.5,10.3,61,1037,7,71.22,1.8,4
2019,1,26,12,15.4,10.3,65,1036,7.1,71.57,1.8,4
2019,1,26,13,15.3,10.2,62,1035,7.2,71.76,1.8,4
2019,1,26,14,15.2,10.2,53,1035,7.3,71.95,1.8,4
2019,1,26,15,15,10.1,42,1035,7.3,72.61,1.8,4
2019,1,26,16,14.7,10.1,24,1035,7.2,73.95,1.8,4
2019,1,26,17,14.5,10.1,17,1036,7,74.91,1.8,4
2019,1,26,18,14.5,10.1,0,1036,6.8,74.88,1.9,3
2019,1,26,19,14.5,10.1,0,1036,6.7,75.01,1.9,4
2019,1,26,20,14.6,10.2,0,1037,6.6,74.87,2,4
2019,1,26,21,14.6,10.2,0,1036,6.5,74.96,2,4
2019,1,26,22,14.7,10.3,0,1036,6.3,74.81,2,4
2019,1,26,23,14.7,10.3,0,1036,6.2,74.79,2,4
2019,1,27,0,14.6,10.2,0,1036,6.1,75.01,2,4
2019,1,27,1,14.5,10.2,0,1036,5.8,75.56,2,4
2019,1,27,2,14.5,10.2,0,1036,5.6,75.51,2,4
2019,1,27,3,14.4,10.2,0,1036,5.4,75.99,2,4
2019,1,27,4,14.4,10.3,0,1036,5.2,76.23,2,4
2019,1,27,5,14.4,10.4,0,1036,5,76.72,2,4
2019,1,27,6,14.5,10.5,0,1037,4.9,77,2,4
2019,1,27,7,15.1,10.8,12,1037,5.2,75.3,2,4
2019,1,27,8,15.8,10.8,76,1037,5.4,72.11,2,3
2019,1,27,9,16.4,10.8,83,1037,5.4,69.49,2,3
2019,1,27,10,16.9,10.9,161,1037,5.3,67.79,2,3
2019,1,27,11,17.2,11,60,1036,5.2,66.93,2,3
2019,1,27,12,17.4,11.1,203,1035,5.2,66.54,2,3
2019,1,27,13,17.5,11.2,556,1034,5.3,66.47,2,3
2019,1,27,14,17.4,11.2,403,1033,5.4,67.09,2,3
2019,1,27,15,17.2,11.3,237,1033,5.3,68.16,2,3
2019,1,27,16,16.9,11.4,262,1033,4.9,69.99,2,1
2019,1,27,17,16.1,11.6,67,1033,4.2,74.62,2,1
2019,1,27,18,15.8,11.6,0,1033,4,76.04,2,0
2019,1,27,19,15.7,11.6,0,1033,3.9,76.43,2,0
2019,1,27,20,15.6,11.6,0,1033,3.7,77.22,2,0
2019,1,27,21,15.6,11.7,0,1033,3.6,77.46,2,0
2019,1,27,22,15.6,11.7,0,1032,3.6,77.51,2,0
2019,1,27,23,15.6,11.7,0,1032,3.4,77.59,2,0
2019,1,28,0,15.6,11.7,0,1032,3.2,77.54,2,0
2019,1,28,1,15.6,11.7,0,1032,3,77.51,2.1,0
2019,1,28,2,15.6,11.6,0,1031,2.9,77.3,2.1,0
2019,1,28,3,15.6,11.6,0,1031,2.7,77.16,2.1,0
2019,1,28,4,15.7,11.6,0,1031,2.6,76.49,2.1,0
2019,1,28,5,15.8,11.6,0,1031,2.5,76.12,2.1,0
2019,1,28,6,15.9,11.7,0,1032,2.4,76.13,2.1,0
2019,1,28,7,17,12.5,36,1032,2.3,74.58,2.1,0
2019,1,28,8,18.2,12.4,224,1033,2.6,69,2.1,0
2019,1,28,9,19.1,12.6,424,1033,2.6,66.2,2.1,0
2019,1,28,10,19.6,12.9,590,1033,2.9,65.42,2.1,0
2019,1,28,11,20,13.2,708,1033,3.1,65.08,2.1,0
2019,1,28,12,20.2,13.4,753,1032,3.3,65.06,2.1,0
2019,1,28,13,20.2,13.5,723,1031,3.5,65.44,2.2,0
2019,1,28,14,20,13.5,624,1030,3.7,66.15,2.2,0
2019,1,28,15,19.7,13.4,387,1030,3.7,67.15,2.2,2
2019,1,28,16,19,13.6,163,1030,3.3,70.97,2.3,3
2019,1,28,17,17.9,13.7,36,1031,2.7,76.68,2.3,3
2019,1,28,18,17.7,13.7,0,1031,2.6,77.22,2.3,3
2019,1,28,19,17.7,13.7,0,1032,2.5,77.47,2.4,3
2019,1,28,20,17.8,13.8,0,1032,2.5,77.29,2.4,3
2019,1,28,21,17.8,13.8,0,1032,2.6,77.64,2.4,3
2019,1,28,22,17.8,13.9,0,1032,2.7,78.17,2.4,3
2019,1,28,23,17.7,14,0,1032,2.9,79.1,2.4,3
2019,1,29,0,17.6,14.1,0,1031,3.1,79.85,2.4,3
2019,1,29,1,17.6,14.2,0,1031,3.2,80.23,2.5,3
2019,1,29,2,17.7,14.2,0,1031,3.3,80.01,2.5,3
2019,1,29,3,17.7,14.2,0,1031,3.4,79.92,2.5,3
2019,1,29,4,17.8,14.2,0,1031,3.5,79.3,2.5,3
2019,1,29,5,17.8,14.2,0,1032,3.6,79.55,2.5,3
2019,1,29,6,17.8,14.3,0,1032,3.6,79.99,2.5,3
2019,1,29,7,18.7,14.8,24,1033,4,77.85,2.6,3
2019,1,29,8,19.5,14.9,217,1033,4.5,74.54,2.6,1
2019,1,29,9,20.1,14.9,318,1033,4.7,71.98,2.6,2
2019,1,29,10,20.5,15,582,1033,4.6,70.82,2.6,1
2019,1,29,11,20.8,15.1,700,1032,4.5,69.9,2.6,1
2019,1,29,12,21.1,15.2,742,1031,4.4,69.06,2.7,0
2019,1,29,13,21.1,15.3,445,1031,4.4,69.42,2.7,2
2019,1,29,14,21.1,15.4,410,1030,4.4,69.81,2.7,2
2019,1,29,15,20.9,15.5,281,1030,4.3,71.13,2.8,2
2019,1,29,16,20.5,15.7,177,1030,3.8,73.91,2.8,3
2019,1,29,17,19.6,15.8,44,1031,3.1,78.76,2.8,3
2019,1,29,18,19.3,15.8,0,1031,2.9,80.35,2.8,1
2019,1,29,19,19.3,15.9,0,1031,2.7,80.7,2.8,1
2019,1,29,20,19.2,16,0,1032,2.5,81.83,2.8,3
2019,1,29,21,19.2,16.1,0,1032,2.4,82.34,2.8,3
2019,1,29,22,19.2,16.2,0,1032,2.4,82.8,2.8,1
2019,1,29,23,19.2,16.3,0,1031,2.4,83.12,2.8,3
2019,1,30,0,19.2,16.3,0,1031,2.4,83.38,2.9,3
2019,1,30,1,19.2,16.3,0,1031,2.3,83.52,2.9,3
2019,1,30,2,19.1,16.3,0,1030,2.2,83.93,2.8,0
2019,1,30,3,19.1,16.3,0,1030,2.1,83.72,2.8,0
2019,1,30,4,19,16.2,0,1030,2,83.89,2.8,0
2019,1,30,5,18.9,16.2,0,1031,2,84.37,2.8,0
2019,1,30,6,18.9,16.2,0,1031,2,84.4,2.8,1
2019,1,30,7,20.2,17,37,1032,2.1,81.79,2.8,1
2019,1,30,8,21.3,17.1,224,1032,2.4,76.9,2.8,0
2019,1,30,9,22.2,17.1,299,1033,2.3,72.71,2.8,3
2019,1,30,10,22.8,16.9,465,1032,2.2,69.59,2.8,2
2019,1,30,11,23.1,16.8,704,1031,2.3,67.85,2.8,0
2019,1,30,12,23.2,16.8,745,1030,2.6,67.34,2.8,0
2019,1,30,13,23,16.9,446,1030,2.8,68.34,2.8,3
2019,1,30,14,22.6,16.9,342,1029,2.8,70.26,2.8,3
2019,1,30,15,22,17,241,1029,2.6,73.15,2.8,3
2019,1,30,16,21.2,17.2,59,1029,2.1,77.88,2.8,3
2019,1,30,17,20.1,17.1,13,1030,1.5,83.1,2.7,3
2019,1,30,18,19.9,16.7,0,1030,1.3,82.07,2.7,3
2019,1,30,19,20,16.6,0,1030,0.9,80.81,2.7,3
2019,1,30,20,20,16.6,0,1030,1,80.64,2.6,3
2019,1,30,21,19.9,16.5,0,1029,1.3,80.62,2.6,3
2019,1,30,22,20.1,16.4,0,1029,1.5,79.31,2.6,3
2019,1,30,23,20.3,16.3,0,1028,1.5,77.95,2.6,3
2019,1,31,0,20.3,16.3,0,1028,1.5,77.8,2.5,1
2019,1,31,1,20.3,16.3,0,1027,1.6,77.97,2.5,0
2019,1,31,2,20.1,16.4,0,1027,1.7,79.32,2.5,0
2019,1,31,3,20,16.4,0,1026,1.8,79.9,2.5,1
2019,1,31,4,19.8,16.3,0,1027,1.8,80.34,2.5,3
2019,1,31,5,19.3,16.1,0,1027,1.9,81.68,2.5,3
2019,1,31,6,18.9,15.7,0,1028,1.9,81.72,2.5,1
2019,1,31,7,20.1,16.1,41,1029,2.3,77.85,2.5,1
2019,1,31,8,21.2,15.6,141,1030,2.9,70.39,2.6,3
2019,1,31,9,22.1,15.6,203,1030,3.3,66.43,2.7,3
2019,1,31,10,23.1,15.8,602,1030,3.7,63.61,2.8,0
2019,1,31,11,23.8,16.3,708,1030,4,62.96,2.9,0
2019,1,31,12,24.1,16.8,746,1029,4.3,63.75,3,0
2019,1,31,13,24.1,17.1,713,1028,4.5,64.9,3.2,0
2019,1,31,14,23.6,17.2,191,1028,4.5,67.45,3.3,3
2019,1,31,15,22.4,17.2,38,1029,4.8,72.37,3.4,4
2019,1,31,16,20.4,16.5,63,1030,5.5,78.45,3.3,4
2019,1,31,17,18.3,15.2,35,1031,6.8,81.9,3.2,4
2019,1,31,18,17.1,13.8,0,1033,7.5,80.79,2.9,3
2019,1,31,19,16.4,12.9,0,1034,7.6,79.82,2.6,3
2019,1,31,20,16,12.5,0,1034,7.6,79.66,2.5,3
2019,1,31,21,15.8,12.3,0,1035,7.4,79.55,2.3,3
2019,1,31,22,15.7,12.2,0,1035,7.2,79.49,2.2,3
2019,1,31,23,15.5,12.1,0,1035,7.1,79.98,2.1,3
2019,2,1,0,15.3,11.9,0,1035,7,80.19,2.1,3
2019,2,1,1,15.1,11.7,0,1035,6.9,80.23,2,3
2019,2,1,2,14.9,11.6,0,1035,6.7,80.48,2,3
2019,2,1,3,14.8,11.4,0,1034,6.4,80.27,1.9,3
2019,2,1,4,14.8,11.3,0,1035,6.1,79.72,1.9,3
2019,2,1,5,14.8,11.3,0,1035,6,79.49,1.9,3
2019,2,1,6,14.8,11.3,0,1035,6,79.41,2,3
2019,2,1,7,14.9,11.3,27,1036,6.1,78.79,2,1
2019,2,1,8,15.1,11.2,27,1036,6.2,77.44,2.1,3
2019,2,1,9,15.3,11.2,69,1037,6.2,76.41,2.2,3
2019,2,1,10,15.6,11.2,72,1036,6,75.06,2.3,3
2019,2,1,11,15.7,11.2,61,1036,5.8,74.63,2.4,3
2019,2,1,12,15.9,11.3,66,1035,5.7,73.92,2.4,3
2019,2,1,13,16.1,11.3,63,1034,5.5,73.33,2.5,4
2019,2,1,14,16.3,11.4,116,1033,5.4,72.84,2.5,3
2019,2,1,15,16.4,11.5,138,1033,5.3,73,2.6,3
2019,2,1,16,16.4,11.8,66,1033,5.1,74.01,2.6,3
2019,2,1,17,16,12.1,10,1033,4.4,77.59,2.7,4
2019,2,1,18,16,12.3,0,1033,4.1,78.76,2.7,4
2019,2,1,19,16.2,12.6,0,1033,3.9,78.98,2.8,3
2019,2,1,20,16.4,12.8,0,1033,3.8,79.37,2.8,3
2019,2,1,21,16.5,13.1,0,1033,3.7,80.26,2.8,8
2019,2,1,22,16.7,13.4,0,1032,3.7,80.67,2.9,7
2019,2,1,23,16.9,13.6,0,1032,3.6,81.07,2.9,7
2019,2,2,0,17.1,13.8,0,1031,3.5,81.12,2.9,3
2019,2,2,1,17.3,14,0,1030,3.3,81.12,2.9,0
2019,2,2,2,17.4,14.2,0,1030,3.1,81.65,3,3
2019,2,2,3,17.6,14.4,0,1029,2.9,81.58,3,3
2019,2,2,4,17.7,14.6,0,1029,2.8,82.16,3,3
2019,2,2,5,17.9,14.8,0,1030,2.7,82.29,3.1,3
2019,2,2,6,18.1,15.1,0,1030,2.7,82.53,3.1,3
2019,2,2,7,19.7,16,14,1030,3,79.29,3.2,3
2019,2,2,8,20.8,16.5,84,1031,3.5,76.23,3.2,3
2019,2,2,9,21.7,16.6,270,1031,3.6,72.98,3.2,3
2019,2,2,10,22.5,16.8,405,1030,3.5,70.22,3.3,3
2019,2,2,11,23,17.1,711,1029,3.2,69.25,3.3,0
2019,2,2,12,23.2,17.2,752,1028,2.9,69.15,3.3,0
2019,2,2,13,23.2,17.3,722,1028,3.2,69.28,3.3,0
2019,2,2,14,22.9,17.3,615,1027,3.6,70.5,3.3,0
2019,2,2,15,22.4,17.2,329,1027,3.7,72.65,3.3,3
2019,2,2,16,21.5,17.4,144,1027,3.5,77.51,3.4,3
2019,2,2,17,20.5,17.2,36,1027,3,81.41,3.3,3
2019,2,2,18,19.8,17.1,0,1028,2.6,84.17,3.3,3
2019,2,2,19,19.6,16.9,0,1028,2.4,84.53,3.3,3
2019,2,2,20,19.5,16.8,0,1028,2.2,84.52,3.2,1
2019,2,2,21,19.5,16.8,0,1028,1.9,84.3,3.2,0
2019,2,2,22,19.6,16.8,0,1028,1.8,83.77,3.3,0
2019,2,2,23,19.5,16.8,0,1028,1.8,84.57,3.3,0
2019,2,3,0,19.5,16.9,0,1028,1.9,85.2,3.4,0
2019,2,3,1,19.6,17.1,0,1027,2,85.4,3.4,0
2019,2,3,2,19.8,17.2,0,1027,2,85.09,3.4,0
2019,2,3,3,19.9,17.3,0,1027,1.7,85.14,3.4,7
2019,2,3,4,20,17.4,0,1027,1.6,85.25,3.5,1
2019,2,3,5,19.8,17.5,0,1028,1.7,86.7,3.5,1
2019,2,3,6,19.7,17.5,0,1028,1.8,87.31,3.5,1
2019,2,3,7,20.9,18.1,18,1029,2,84.29,3.5,4
2019,2,3,8,22.1,18.5,107,1029,2.1,80.01,3.5,4
2019,2,3,9,23.5,18.5,430,1029,2,73.43,3.5,0
2019,2,3,10,24.3,18.4,596,1029,2.1,69.55,3.5,0
2019,2,3,11,24.6,18.5,703,1028,2.3,68.71,3.5,0
2019,2,3,12,24.5,18.6,738,1027,2.5,69.73,3.7,0
2019,2,3,13,24.3,18.8,591,1027,2.5,71.22,3.8,2
2019,2,3,14,23.8,18.9,610,1026,2.3,73.88,4,0
2019,2,3,15,23.1,19,452,1026,2.1,77.6,4.2,1
2019,2,3,16,22.4,19.2,125,1027,1.6,82.04,4.3,3
2019,2,3,17,21.7,19.4,38,1027,1.1,86.89,4.2,3
2019,2,3,18,21.4,19.4,0,1028,1.1,88.48,4.1,3
2019,2,3,19,21.5,19.5,0,1028,1.4,88.19,4,1
2019,2,3,20,21.5,19.5,0,1028,1.6,88.63,3.9,3
2019,2,3,21,21.5,19.6,0,1028,1.6,89.19,3.9,4
2019,2,3,22,21.7,19.8,0,1028,1.5,88.73,4,1
2019,2,3,23,21.9,19.8,0,1028,1.1,88.08,4.1,3
2019,2,4,0,21.8,19.8,0,1028,0.9,88.51,4.3,3
2019,2,4,1,21.2,19.5,0,1028,1,90.11,4.5,3
2019,2,4,2,20.3,18.9,0,1027,1.3,91.87,4.5,3
2019,2,4,3,19.6,18.1,0,1028,3.3,91.13,4.5,3
2019,2,4,4,18.5,17.1,0,1028,4.7,91.29,4.4,3
2019,2,4,5,17.8,16.2,0,1029,5.5,90.07,4.3,3
2019,2,4,6,17.5,15.7,0,1031,5.7,89.07,4.2,3
2019,2,4,7,17.7,15.7,4,1032,6,87.95,4.1,3
2019,2,4,8,18.1,15.8,17,1032,6.2,86.23,4,3
2019,2,4,9,18.5,15.8,57,1033,6.4,84.53,4,3
2019,2,4,10,18.9,15.9,79,1032,6.5,82.61,4,3
2019,2,4,11,19.1,15.8,81,1032,6.7,81.41,4,3
2019,2,4,12,19,15.7,92,1031,6.8,81.38,4.1,3
2019,2,4,13,18.9,15.7,70,1030,6.7,81.45,4.1,3
2019,2,4,14,18.7,15.6,54,1029,6.6,82.01,4.2,4
2019,2,4,15,18.5,15.5,43,1029,6.2,82.78,4.2,4
2019,2,4,16,18.2,15.5,21,1029,5.8,84.32,4.2,4
2019,2,4,17,18,15.6,6,1030,5.4,85.86,4.2,3
2019,2,4,18,17.9,15.7,0,1030,5.1,86.77,4.2,4
2019,2,4,19,18,15.7,0,1030,4.9,86.54,4.2,4
2019,2,4,20,18,15.8,0,1030,4.7,86.93,4.2,4
2019,2,4,21,18.1,15.9,0,1030,4.5,86.87,4.2,4
2019,2,4,22,18.1,16,0,1030,4.3,87.39,4.1,3
2019,2,4,23,18.1,16,0,1029,4.3,87.82,4,3
2019,2,5,0,18.2,16.1,0,1028,4.3,87.64,4,3
2019,2,5,1,18.2,16.2,0,1028,4.3,88.15,4,4
2019,2,5,2,18.2,16.3,0,1027,4.2,88.41,3.9,4
2019,2,5,3,18.2,16.3,0,1027,4.1,88.47,3.9,4
2019,2,5,4,18.1,16.2,0,1027,3.9,88.75,3.7,3
2019,2,5,5,18.1,16.2,0,1028,3.7,88.59,3.6,3
2019,2,5,6,18.2,16.2,0,1028,3.4,88.23,3.5,3
2019,2,5,7,19,16.6,4,1028,3.7,86.22,3.4,3
2019,2,5,8,19.7,16.9,17,1028,3.6,83.77,3.4,3
2019,2,5,9,20.3,17.1,79,1028,3.5,81.63,3.4,3
2019,2,5,10,20.8,17.2,564,1028,3.6,79.71,3.4,1
2019,2,5,11,21,17.2,304,1027,3.6,79.01,3.4,3
2019,2,5,12,20.9,17.2,296,1026,3.5,79.58,3.4,3
2019,2,5,13,20.8,17.2,284,1025,3.4,79.81,3.4,3
2019,2,5,14,20.6,17.1,603,1024,3.2,80.21,3.4,1
2019,2,5,15,20.2,16.9,233,1024,2.9,81.37,3.3,2
2019,2,5,16,19.5,16.7,60,1024,2.7,83.8,3.2,3
2019,2,5,17,18.4,16.4,77,1025,1.9,87.99,3.1,1
2019,2,5,18,17.9,16,0,1025,1.5,88.66,2.9,3
2019,2,5,19,17.8,15.7,0,1026,1.2,87.79,2.8,3
2019,2,5,20,17.8,15.6,0,1026,1.2,87.06,2.8,0
2019,2,5,21,17.7,15.6,0,1026,1.5,87.5,2.9,3
2019,2,5,22,17.7,15.7,0,1026,1.9,88.15,2.9,3
2019,2,5,23,17.7,15.9,0,1026,2.6,89.25,2.9,3
2019,2,6,0,17.7,16,0,1026,3,89.98,2.9,3
2019,2,6,1,17.6,16,0,1026,3,90.55,2.9,3
2019,2,6,2,17.6,16,0,1025,2.8,90.08,2.8,1
2019,2,6,3,17.6,15.9,0,1025,2.7,89.55,2.7,3
2019,2,6,4,17.6,15.8,0,1026,2.6,89.21,2.5,1
2019,2,6,5,17.6,15.7,0,1026,2.4,88.86,2.2,1
2019,2,6,6,17.7,15.7,0,1026,2.2,87.82,2,1
2019,2,6,7,18.7,16.2,39,1026,2.3,85.36,1.9,1
2019,2,6,8,19.8,16.3,233,1027,2.4,80.09,1.8,0
2019,2,6,9,20.6,16.2,440,1027,2.5,75.84,1.7,0
2019,2,6,10,21.4,16.2,613,1026,2.5,72.22,1.7,0
2019,2,6,11,22.1,16.5,743,1025,2.8,70.41,1.7,0
2019,2,6,12,22.7,16.8,791,1024,3.3,69.35,1.7,0
2019,2,6,13,23,17.2,762,1023,3.7,69.7,1.8,0
2019,2,6,14,22.9,17.5,664,1023,3.9,71.77,2,0
2019,2,6,15,22.6,17.8,499,1023,3.9,74.55,2.2,0
2019,2,6,16,21.9,18.1,293,1023,3.6,79.24,2.5,0
2019,2,6,17,20.9,18.3,87,1024,2.9,85.19,2.8,0
2019,2,6,18,20.5,18.4,0,1024,2.5,87.71,3,0
2019,2,6,19,20.4,18.5,0,1024,2.1,88.67,3,0
2019,2,6,20,20.5,18.5,0,1024,1.7,88.31,3,0
2019,2,6,21,20.5,18.5,0,1024,1.6,88.46,3,0
2019,2,6,22,20.3,18.5,0,1024,1.7,89.52,2.9,0
2019,2,6,23,20.1,18.5,0,1024,1.8,90.52,2.9,0
2019,2,7,0,20,18.5,0,1024,1.9,90.86,2.8,0
2019,2,7,1,19.9,18.4,0,1024,1.7,90.85,2.8,0
2019,2,7,2,19.6,18.2,0,1025,1.8,91.51,2.7,1
2019,2,7,3,19.2,18,0,1025,2,92.7,2.7,1
2019,2,7,4,18.9,17.8,0,1025,2.2,93.57,2.6,3
2019,2,7,5,18.7,17.7,0,1025,2.2,93.91,2.5,3
2019,2,7,6,18.9,17.6,0,1026,2,92.06,2.5,1
2019,2,7,7,20.6,18,34,1026,2.2,85.28,2.4,3
2019,2,7,8,22.1,18.3,245,1026,2.2,79.07,2.4,0
2019,2,7,9,23.7,18.3,452,1026,2.4,71.68,2.4,0
2019,2,7,10,24.7,18.1,624,1026,2.4,66.58,2.4,0
2019,2,7,11,25.2,18,745,1025,2.3,64.37,2.4,0
2019,2,7,12,25.5,18,789,1024,2.2,63.35,2.5,0
2019,2,7,13,25.4,18.1,761,1023,2.1,64.05,2.5,0
2019,2,7,14,24.9,18.4,661,1023,2.1,67.04,2.6,0
2019,2,7,15,24,18.7,500,1023,2.1,72.12,2.7,0
2019,2,7,16,22.8,19,297,1024,1.9,79.38,2.8,0
2019,2,7,17,21.1,19.2,23,1025,2,88.7,2.9,3
2019,2,7,18,20.2,18.8,0,1026,3.4,91.9,3,3
2019,2,7,19,19.7,18.2,0,1026,4.9,91.22,3.1,3
2019,2,7,20,18.9,17.3,0,1027,6,90.63,3.1,3
2019,2,7,21,18.3,16.5,0,1027,6.2,89.28,3.1,3
2019,2,7,22,18,16.1,0,1028,5.7,88.49,3.1,3
2019,2,7,23,17.9,16,0,1028,5.3,88.39,3.1,3
2019,2,8,0,17.9,15.9,0,1028,5.1,88.13,3.1,3
2019,2,8,1,17.9,15.9,0,1027,4.9,87.91,3,3
2019,2,8,2,17.9,15.9,0,1027,4.9,87.93,2.9,3
2019,2,8,3,17.9,15.9,0,1027,4.9,87.85,2.8,3
2019,2,8,4,17.8,15.8,0,1027,4.8,88.05,2.8,3
2019,2,8,5,17.7,15.7,0,1028,4.7,88.07,2.8,3
2019,2,8,6,17.6,15.6,0,1028,4.5,88.18,2.9,3
2019,2,8,7,17.9,15.7,18,1029,4.8,86.88,2.9,3
2019,2,8,8,18.3,15.7,93,1029,4.9,84.79,2.9,3
2019,2,8,9,18.5,15.7,36,1030,5,83.58,2.9,3
2019,2,8,10,18.7,15.5,69,1030,5.2,81.73,3,3
2019,2,8,11,18.8,15.4,149,1029,5.5,80.44,3,3
2019,2,8,12,18.7,15.2,209,1028,5.6,80.15,3,2
2019,2,8,13,18.6,15.1,131,1027,5.5,79.93,3,3
2019,2,8,14,18.4,15,210,1026,5.4,80.43,3,3
2019,2,8,15,18.1,14.9,122,1026,5.4,81.58,3,3
2019,2,8,16,17.7,14.9,47,1027,5.3,83.42,3.1,3
2019,2,8,17,17.3,14.8,30,1027,5,85.36,3.1,3
2019,2,8,18,17.2,14.9,0,1028,4.7,86.15,3.1,3
2019,2,8,19,17.3,14.9,0,1028,4.5,85.83,3.1,3
2019,2,8,20,17.3,15,0,1028,4.2,86.09,3.1,2
2019,2,8,21,17.4,15,0,1028,4,85.87,3,3
2019,2,8,22,17.4,15.1,0,1028,3.6,86.21,3,3
2019,2,8,23,17.4,15.1,0,1028,3.3,86.29,2.9,3
2019,2,9,0,17.4,15.1,0,1028,3,86.1,3,3
2019,2,9,1,17.4,15,0,1028,2.8,85.85,3,3
2019,2,9,2,17.3,15,0,1028,2.9,86.23,3.1,3
2019,2,9,3,17.2,15,0,1028,3,86.72,3.1,7
2019,2,9,4,17.2,14.9,0,1028,3.1,86.55,3.2,4
2019,2,9,5,17.1,14.9,0,1029,3.3,86.94,3.3,3
2019,2,9,6,17.1,14.9,0,1030,3.4,87.07,3.4,4
2019,2,9,7,17.6,15.2,15,1030,4.1,85.63,3.5,3
2019,2,9,8,17.9,15.2,80,1031,4.3,84.28,3.5,3
2019,2,9,9,18.2,15.2,36,1031,4.5,82.65,3.6,3
2019,2,9,10,18.4,15.2,112,1031,4.7,81.51,3.6,4
2019,2,9,11,18.4,15.2,62,1031,5.2,81.4,3.6,4
2019,2,9,12,18.2,15,66,1030,5.7,81.8,3.6,4
2019,2,9,13,17.9,14.8,64,1030,5.8,82.31,3.6,4
2019,2,9,14,17.6,14.6,55,1030,5.9,82.69,3.5,4
2019,2,9,15,17.2,14.4,83,1030,5.8,83.63,3.4,4
2019,2,9,16,16.8,14.2,22,1031,5.6,84.81,3.4,4
2019,2,9,17,16.6,14.2,7,1031,5.4,85.51,3.3,3
2019,2,9,18,16.6,14.2,0,1032,5.4,85.95,3.3,3
2019,2,9,19,16.6,14.3,0,1032,5.4,86.16,3.3,4
2019,2,9,20,16.7,14.3,0,1033,5.2,85.95,3.3,3
2019,2,9,21,16.9,14.4,0,1033,5,85.33,3.2,4
2019,2,9,22,17,14.5,0,1033,4.9,85.23,3.2,4
2019,2,9,23,17.1,14.6,0,1033,4.9,85.1,3.2,3
2019,2,10,0,17.1,14.6,0,1032,5,85.34,3.1,3
2019,2,10,1,17.2,14.6,0,1032,5.2,84.92,3.1,3
2019,2,10,2,17.1,14.6,0,1032,5.3,85.42,3.1,3
2019,2,10,3,17.1,14.6,0,1032,5.4,85.28,3,3
2019,2,10,4,17.1,14.6,0,1032,5.5,85.04,3,3
2019,2,10,5,17,14.5,0,1033,5.4,85.31,3,3
2019,2,10,6,17,14.5,0,1034,5.2,85.36,3,3
2019,2,10,7,17.4,14.7,20,1034,5.3,84.07,2.9,3
2019,2,10,8,17.9,14.8,77,1035,5.2,82.07,2.9,3
2019,2,10,9,18.5,14.9,98,1035,5,79.56,2.9,3
2019,2,10,10,19.1,15,232,1035,4.7,77.34,2.9,3
2019,2,10,11,19.6,15.2,345,1034,4.5,75.86,2.9,3
2019,2,10,12,20,15.4,158,1033,4.4,75.06,3,3
2019,2,10,13,20.1,15.6,175,1032,4.4,75.46,3,3
2019,2,10,14,19.9,15.7,133,1032,4.6,77,3,3
2019,2,10,15,19.5,15.8,42,1032,4.5,79.1,3,3
2019,2,10,16,18.8,15.8,23,1032,4.3,82.6,3.1,3
2019,2,10,17,18.2,15.8,7,1033,3.8,85.86,3.1,3
2019,2,10,18,18,15.8,0,1034,3.5,86.71,3.1,3
2019,2,10,19,17.9,15.7,0,1035,3.4,87.02,3.1,3
2019,2,10,20,17.8,15.6,0,1035,3.3,87.19,3.1,3
2019,2,10,21,17.7,15.6,0,1035,3.3,87.43,3.1,3
2019,2,10,22,17.5,15.6,0,1035,3.3,88.36,3.1,4
2019,2,10,23,17.4,15.5,0,1035,3.5,88.81,3.1,4
2019,2,11,0,17.4,15.5,0,1035,3.8,88.65,3.1,4
2019,2,11,1,17.2,15.5,0,1035,4.2,89.5,3.1,4
2019,2,11,2,17.1,15.4,0,1035,4.5,89.5,3.1,4
2019,2,11,3,17,15.2,0,1035,4.8,89.3,3.1,3
2019,2,11,4,16.9,15.1,0,1035,4.9,88.99,3,3
2019,2,11,5,16.8,14.9,0,1036,5,88.81,3,3
2019,2,11,6,16.7,14.8,0,1036,5.1,88.66,3,3
2019,2,11,7,16.9,14.8,22,1037,5.4,87.41,3,3
2019,2,11,8,17.2,14.8,116,1038,5.6,85.65,3,3
2019,2,11,9,17.7,14.8,292,1038,5.7,83.1,3,2
2019,2,11,10,18.1,14.8,307,1037,5.6,81.28,2.9,3
2019,2,11,11,18.4,15,477,1037,5.7,80.42,2.9,2
2019,2,11,12,18.6,15.1,359,1036,5.9,79.95,2.9,3
2019,2,11,13,18.5,15.1,390,1036,6.2,80.39,2.9,3
2019,2,11,14,18,14.9,318,1035,6.5,82.07,2.9,3
2019,2,11,15,17.6,14.7,343,1035,6.5,83.24,2.9,2
2019,2,11,16,17.3,14.7,208,1036,6.3,84.48,2.9,3
2019,2,11,17,17.1,14.7,67,1036,5.9,85.8,2.9,3
2019,2,11,18,17.1,14.8,0,1037,5.4,86.6,2.9,3
2019,2,11,19,17.3,15,0,1037,5.1,86.3,2.9,3
2019,2,11,20,17.6,15.2,0,1037,5,85.7,2.9,3
2019,2,11,21,17.8,15.4,0,1037,4.9,85.78,3,3
2019,2,11,22,18,15.6,0,1036,5,85.91,3,1
2019,2,11,23,18.1,15.8,0,1036,5,86.59,3,0
2019,2,12,0,18.3,16,0,1035,4.9,86.47,3.1,0
2019,2,12,1,18.3,16.1,0,1035,4.9,87.26,3.1,0
2019,2,12,2,18.3,16.3,0,1035,4.9,87.87,3.2,3
2019,2,12,3,18.3,16.3,0,1035,4.9,88.09,3.3,3
2019,2,12,4,18.3,16.3,0,1035,5,88.12,3.3,3
2019,2,12,5,18.3,16.3,0,1035,5.1,88.06,3.4,3
2019,2,12,6,18.4,16.3,0,1036,5.1,87.81,3.4,3
2019,2,12,7,18.9,16.6,51,1036,5.4,86.59,3.5,3
2019,2,12,8,19.5,16.8,184,1037,5.5,84.5,3.5,3
2019,2,12,9,20.1,17,444,1037,5.5,82.47,3.5,1
2019,2,12,10,20.8,17.2,612,1036,5.4,80.03,3.5,1
2019,2,12,11,21.5,17.5,730,1035,5.2,77.82,3.5,1
2019,2,12,12,21.8,17.7,775,1034,5.1,77.35,3.5,1
2019,2,12,13,22,17.8,750,1033,5,77.31,3.5,0
2019,2,12,14,22,18,661,1032,4.9,78.13,3.5,0
2019,2,12,15,21.8,18.2,502,1032,4.7,79.96,3.6,0
2019,2,12,16,21.4,18.4,302,1032,4.3,82.83,3.7,0
2019,2,12,17,20.6,18.5,97,1032,3.2,87.93,3.7,0
2019,2,12,18,20.2,18.6,0,1033,2.5,90.66,3.8,1
2019,2,12,19,20,18.6,0,1033,2.1,91.94,3.8,3
2019,2,12,20,20,18.6,0,1033,1.6,91.77,3.8,3
2019,2,12,21,19.9,18.5,0,1033,1.2,91.56,3.8,3
2019,2,12,22,19.5,18.2,0,1033,1.3,92.31,3.8,3
2019,2,12,23,19.1,17.9,0,1033,1.8,92.59,3.7,1
2019,2,13,0,18.6,17.5,0,1033,2.3,93.14,3.6,3
2019,2,13,1,18.3,17.1,0,1033,2.8,92.64,3.6,1
2019,2,13,2,17.9,16.7,0,1033,3.2,92.95,3.5,3
2019,2,13,3,17.7,16.5,0,1033,3.5,92.41,3.5,3
2019,2,13,4,17.6,16.2,0,1033,3.7,91.7,3.6,3
2019,2,13,5,17.5,16.1,0,1033,3.7,91.24,3.6,4
2019,2,13,6,17.5,16,0,1034,3.8,90.94,3.7,3
2019,2,13,7,18.1,16.2,5,1034,4.3,88.71,3.7,3
2019,2,13,8,18.6,16.2,18,1034,4.6,86.17,3.7,3
2019,2,13,9,18.9,16.2,112,1035,5,84.3,3.7,3
2019,2,13,10,19.1,16.1,122,1035,5.4,82.73,3.7,3
2019,2,13,11,19.2,16,108,1034,5.6,81.83,3.7,3
2019,2,13,12,19.3,16,247,1033,5.7,81.35,3.6,3
2019,2,13,13,19.4,16.1,300,1033,5.7,81.34,3.6,3
2019,2,13,14,19.5,16.3,254,1032,5.7,81.56,3.6,3
2019,2,13,15,19.4,16.4,186,1032,5.6,82.84,3.6,3
2019,2,13,16,19.2,16.5,277,1032,5.5,84.47,3.5,1
2019,2,13,17,19,16.6,18,1032,5.1,86.13,3.5,3
2019,2,13,18,18.9,16.7,0,1032,4.8,86.93,3.5,3
2019,2,13,19,18.9,16.7,0,1033,4.5,87.27,3.4,3
2019,2,13,20,18.9,16.8,0,1033,4.1,87.58,3.4,3
2019,2,13,21,19,16.9,0,1032,3.8,87.4,3.4,3
2019,2,13,22,19,17,0,1032,3.6,88.02,3.5,3
2019,2,13,23,19,17.1,0,1032,3.5,88.62,3.5,3
2019,2,14,0,19,17.2,0,1031,3.3,89.05,3.5,3
2019,2,14,1,19,17.2,0,1031,3.1,89.4,3.5,3
2019,2,14,2,19,17.3,0,1031,2.9,89.65,3.5,3
2019,2,14,3,19,17.3,0,1030,2.8,89.86,3.5,3
2019,2,14,4,19,17.4,0,1031,2.7,90.23,3.5,3
2019,2,14,5,19,17.4,0,1031,2.6,90.62,3.6,3
2019,2,14,6,19.1,17.6,0,1032,2.5,90.84,3.7,3
2019,2,14,7,19.9,18.1,16,1032,2.8,89.57,3.7,3
2019,2,14,8,20.4,18.3,11,1033,3.2,87.69,3.8,7
2019,2,14,9,20.8,18.2,90,1033,3.8,85.25,3.8,3
2019,2,14,10,20.8,18,159,1033,4.4,84.25,3.9,8
2019,2,14,11,20.7,17.8,212,1032,4.9,83.51,3.9,7
2019,2,14,12,20.5,17.6,165,1032,5.1,83.28,3.8,8
2019,2,14,13,20.3,17.3,273,1031,5.1,83.12,3.8,7
2019,2,14,14,19.9,17.2,94,1031,5.1,84.29,3.8,7
2019,2,14,15,19.5,17.1,169,1031,5.1,85.84,3.7,7
2019,2,14,16,19.2,17,152,1031,5.1,87.26,3.7,8
2019,2,14,17,18.9,17,22,1031,4.8,88.91,3.7,4
2019,2,14,18,18.8,17.1,0,1032,4.5,89.63,3.8,7
2019,2,14,19,18.9,17.1,0,1032,4.4,89.16,3.8,7
2019,2,14,20,19,17.1,0,1032,4.1,88.68,3.9,7
2019,2,14,21,18.9,17.1,0,1032,3.9,89.14,3.9,7
2019,2,14,22,18.9,17,0,1032,3.7,88.99,3.9,7
2019,2,14,23,18.9,17,0,1032,3.5,88.91,4,7
2019,2,15,0,18.8,17,0,1031,3.3,89.33,3.9,7
2019,2,15,1,18.8,17,0,1031,3.1,89.25,3.9,7
2019,2,15,2,18.7,17,0,1030,3,89.68,3.9,7
2019,2,15,3,18.6,16.9,0,1030,2.9,89.98,3.8,7
2019,2,15,4,18.5,16.8,0,1030,2.9,90.12,3.7,7
2019,2,15,5,18.4,16.8,0,1031,2.7,90.42,3.6,7
2019,2,15,6,18.5,16.8,0,1031,2.4,89.9,3.5,1
2019,2,15,7,19.3,17.2,50,1031,2.5,87.66,3.5,0
2019,2,15,8,20,17.4,242,1032,2.4,84.83,3.5,1
2019,2,15,9,20.9,17.5,221,1032,2.1,80.92,3.5,3
2019,2,15,10,21.8,17.6,389,1031,1.9,77.13,3.5,2
2019,2,15,11,22.5,17.8,743,1030,1.9,74.69,3.5,1
2019,2,15,12,22.8,17.9,785,1029,2,74,3.5,0
2019,2,15,13,23.1,18,762,1028,1.9,73.18,3.5,0
2019,2,15,14,23,18.1,477,1027,2,73.99,3.4,3
2019,2,15,15,22.6,18.2,267,1027,2.1,75.98,3.4,3
2019,2,15,16,21.7,18.2,71,1028,2.1,80.44,3.3,3
2019,2,15,17,20.4,18,58,1028,1.7,86.27,3.3,3
2019,2,15,18,19.7,17.6,0,1029,1.6,87.93,3.3,0
2019,2,15,19,19.5,17.5,0,1030,1.5,88.06,3.2,1
2019,2,15,20,19.4,17.4,0,1030,1.6,87.97,3.2,1
2019,2,15,21,19.3,17.3,0,1030,1.9,88.17,3.3,3
2019,2,15,22,19,17.2,0,1030,2.3,89.2,3.4,1
2019,2,15,23,18.8,17,0,1030,2.7,89.46,3.4,1
2019,2,16,0,18.4,16.8,0,1030,3.2,90.39,3.5,3
2019,2,16,1,18.2,16.6,0,1030,3.6,90.25,3.5,3
2019,2,16,2,18,16.3,0,1030,4,90.08,3.5,3
2019,2,16,3,17.9,16.1,0,1030,4.4,89.06,3.5,3
2019,2,16,4,17.6,15.7,0,1031,4.9,88.82,3.5,3
2019,2,16,5,17.3,15.4,0,1031,4.9,88.45,3.4,3
2019,2,16,6,17.2,15.2,0,1032,4.7,87.85,3.4,7
2019,2,16,7,17.6,15.2,32,1032,4.7,85.66,3.3,7
2019,2,16,8,18.1,15.2,13,1032,4.6,83.32,3.3,6
2019,2,16,9,18.7,15.3,366,1032,4.4,80.64,3.2,8
2019,2,16,10,19.3,15.4,333,1031,4.3,78.03,3.2,7
2019,2,16,11,19.6,15.5,294,1031,4.5,77.25,3.3,7
2019,2,16,12,19.6,15.6,106,1030,4.9,77.6,3.3,8
2019,2,16,13,19.3,15.5,109,1029,5.3,78.84,3.4,8
2019,2,16,14,18.8,15.4,252,1029,5.5,80.66,3.4,7
2019,2,16,15,18.3,15.2,106,1029,5.7,82.35,3.4,7
2019,2,16,16,17.7,15.1,15,1029,5.8,84.55,3.4,6
2019,2,16,17,17.4,14.9,44,1030,5.6,85.44,3.4,7
2019,2,16,18,17.3,14.9,0,1030,5.5,85.76,3.4,7
2019,2,16,19,17.3,14.9,0,1030,5.5,85.77,3.5,7
2019,2,16,20,17.3,14.9,0,1031,5.6,85.99,3.5,7
2019,2,16,21,17.3,15,0,1031,5.6,86.09,3.5,7
2019,2,16,22,17.3,15,0,1031,5.6,86.11,3.5,7
2019,2,16,23,17.3,14.9,0,1030,5.7,86.02,3.5,7
2019,2,17,0,17.2,14.9,0,1030,5.8,86.4,3.5,7
2019,2,17,1,17.2,14.9,0,1030,5.8,86.09,3.5,7
2019,2,17,2,17.1,14.8,0,1030,5.8,86.18,3.5,7
2019,2,17,3,17,14.6,0,1030,5.8,85.98,3.6,3
2019,2,17,4,16.8,14.5,0,1031,5.8,86.06,3.6,7
2019,2,17,5,16.6,14.2,0,1031,5.7,85.89,3.6,7
2019,2,17,6,16.5,14.1,0,1032,5.6,85.64,3.6,7
2019,2,17,7,16.6,14,29,1032,5.6,84.56,3.6,7
2019,2,17,8,16.9,14,116,1033,5.6,83.12,3.6,7
2019,2,17,9,17.3,14.1,300,1033,5.6,81.38,3.6,7
2019,2,17,10,17.8,14.2,395,1032,5.5,79.43,3.6,7
2019,2,17,11,18.3,14.4,419,1032,5.4,77.97,3.6,7
2019,2,17,12,18.7,14.6,369,1031,5.5,76.9,3.7,7
2019,2,17,13,18.7,14.7,503,1030,5.5,77.48,3.7,7
2019,2,17,14,18.6,14.8,295,1030,5.6,78.51,3.7,7
2019,2,17,15,18.4,14.9,314,1030,5.7,79.85,3.7,7
2019,2,17,16,18.1,14.9,152,1030,5.6,81.82,3.7,7
2019,2,17,17,17.9,15.1,43,1030,5.3,83.75,3.7,7
2019,2,17,18,18,15.4,0,1030,5.2,84.59,3.6,7
2019,2,17,19,18.3,15.7,0,1030,5.2,84.57,3.6,7
2019,2,17,20,18.6,16,0,1030,5.1,84.84,3.6,7
2019,2,17,21,18.9,16.3,0,1030,5.1,84.96,3.6,7
2019,2,17,22,19.1,16.6,0,1030,5.2,85.34,3.6,7
2019,2,17,23,19.2,16.8,0,1030,5.3,85.94,3.6,7
2019,2,18,0,19.3,16.9,0,1029,5.4,86.26,3.7,7
2019,2,18,1,19.4,17.1,0,1028,5.5,86.59,3.8,7
2019,2,18,2,19.5,17.3,0,1028,5.6,86.98,4,7
2019,2,18,3,19.6,17.4,0,1028,5.6,87.31,4.1,8
2019,2,18,4,19.8,17.6,0,1027,5.7,87.19,4.2,7
2019,2,18,5,19.9,17.9,0,1027,5.6,88.01,4.4,7
2019,2,18,6,20.1,18.1,0,1028,5.3,88.46,4.5,4
2019,2,18,7,20.6,18.6,24,1028,5.5,88.3,4.6,7
2019,2,18,8,21.2,19,13,1028,5.5,87.23,4.6,7
2019,2,18,9,21.8,19.3,332,1028,5.6,85.85,4.6,7
2019,2,18,10,22.4,19.7,244,1027,5.5,84.78,4.6,7
2019,2,18,11,22.9,20.1,263,1025,5.2,84.19,4.7,7
2019,2,18,12,23.2,20.4,305,1024,4.4,84.06,4.9,7
2019,2,18,13,23.3,20.5,373,1024,3.9,84.11,4.8,7
2019,2,18,14,23.4,20.4,236,1023,4.1,83.25,4.6,7
2019,2,18,15,23,20.2,334,1023,4.3,84.38,4.4,8
2019,2,18,16,22.3,19.9,49,1024,4.3,86.2,4.2,8
2019,2,18,17,21.2,19.3,87,1025,3.7,89.03,4,7
2019,2,18,18,20.5,18.7,0,1025,3.1,89.3,3.9,7
2019,2,18,19,19.9,18.1,0,1026,2.5,89.41,3.8,7
2019,2,18,20,19.5,17.7,0,1027,1.7,89.35,3.7,7
2019,2,18,21,19.3,17.4,0,1027,1.2,88.92,3.7,7
2019,2,18,22,19.3,17.4,0,1027,1.1,88.56,3.7,7
2019,2,18,23,19.3,17.4,0,1027,1.1,88.77,3.8,7
2019,2,19,0,19.4,17.4,0,1026,1.1,88.46,4,7
2019,2,19,1,19.4,17.6,0,1026,1.2,89.06,4.1,7
2019,2,19,2,19.5,17.6,0,1026,1.2,88.93,4.2,7
2019,2,19,3,19.5,17.7,0,1026,1.3,89.34,4.3,7
2019,2,19,4,19.5,17.8,0,1026,1.7,89.66,4.4,7
2019,2,19,5,19.5,17.8,0,1027,1.9,89.96,4.3,7
2019,2,19,6,19.7,18,0,1028,1.9,89.68,4.2,7
2019,2,19,7,21,18.6,42,1028,2.3,86.09,4,7
2019,2,19,8,22.1,19.1,41,1029,2.4,82.91,3.8,7
2019,2,19,9,23.6,19.3,129,1029,2.5,76.71,3.8,8
2019,2,19,10,24.4,19.3,375,1029,2.9,73.25,3.9,3
2019,2,19,11,24.3,19.2,47,1029,3.2,73.39,4,8
2019,2,19,12,23.8,19.1,53,1029,3.2,74.99,4.1,8
2019,2,19,13,23.3,18.9,131,1028,2.8,76.38,4.1,8
2019,2,19,14,23,18.8,358,1028,2.2,77.24,4.1,7
2019,2,19,15,22.8,18.8,496,1027,2,78,4.1,7
2019,2,19,16,22.4,19.2,248,1027,2.4,82.28,4.1,3
2019,2,19,17,21.6,19.4,91,1028,2.2,87.3,4.2,3
2019,2,19,18,21.3,19.3,0,1029,2,88.21,4.3,0
2019,2,19,19,21.3,19.3,0,1030,2,88.37,4.4,1
2019,2,19,20,21.3,19.4,0,1030,1.9,88.67,4.4,7
2019,2,19,21,21.2,19.4,0,1030,2,89.28,4.3,7
2019,2,19,22,21.1,19.3,0,1030,2,89.64,4.2,7
2019,2,19,23,21,19.3,0,1030,1.9,89.85,4.1,7
2019,2,20,0,20.9,19.2,0,1030,1.9,89.85,4.1,7
2019,2,20,1,20.8,19.1,0,1030,1.8,90.19,4,7
2019,2,20,2,20.7,19.1,0,1029,1.8,90.65,4,7
2019,2,20,3,20.6,19.1,0,1029,1.8,90.88,4,1
2019,2,20,4,20.6,19,0,1029,1.8,90.5,4,0
2019,2,20,5,20.6,18.9,0,1030,1.9,90.06,4,3
2019,2,20,6,20.6,18.9,0,1031,2,90.27,4,3
2019,2,20,7,21.5,19.5,62,1031,2.4,88.43,4,1
2019,2,20,8,22.3,19.7,258,1032,2.6,85.22,4,1
2019,2,20,9,23.2,19.7,459,1032,2.5,80.75,4,0
2019,2,20,10,24,19.7,628,1032,2.3,77.04,3.9,1
2019,2,20,11,24.5,19.8,755,1031,2.1,75.22,3.9,0
2019,2,20,12,24.7,19.9,800,1030,2,74.77,3.9,0
2019,2,20,13,24.7,20,532,1029,1.9,75.29,3.9,2
2019,2,20,14,24.5,20.1,671,1028,1.8,76.41,3.8,1
2019,2,20,15,24.1,20.1,512,1028,1.8,78.57,3.8,1
2019,2,20,16,23.4,20.4,44,1028,1.7,83.21,3.8,3
2019,2,20,17,22.4,20.5,111,1029,1.6,88.82,3.8,1
2019,2,20,18,21.7,20.2,0,1029,1.5,91.39,3.8,3
2019,2,20,19,21.3,20.1,0,1030,1.5,93.11,3.8,3
2019,2,20,20,21.1,20,0,1031,1.7,93.46,3.8,3
2019,2,20,21,21,19.9,0,1031,1.9,93.16,3.9,3
2019,2,20,22,20.8,19.7,0,1031,2.2,93.15,3.9,1
2019,2,20,23,20.6,19.4,0,1031,2.4,92.98,3.9,1
2019,2,21,0,20.4,19.2,0,1030,2.5,92.71,3.9,3
2019,2,21,1,20.2,18.9,0,1030,2.6,92.44,3.9,3
2019,2,21,2,20,18.7,0,1029,2.6,92.12,3.8,3
2019,2,21,3,19.9,18.5,0,1029,2.6,91.67,3.7,3
2019,2,21,4,19.8,18.4,0,1028,2.6,91.46,3.6,3
2019,2,21,5,19.7,18.3,0,1029,2.6,91.65,3.6,3
2019,2,21,6,19.8,18.4,0,1029,3,91.75,3.6,3
2019,2,21,7,20.5,18.8,34,1030,3.8,90.12,3.6,3
2019,2,21,8,20.9,18.9,257,1031,3.9,88.46,3.6,1
2019,2,21,9,21.5,19,186,1031,3.8,85.43,3.6,2
2019,2,21,10,22,19,366,1030,3.6,83.12,3.6,2
2019,2,21,11,22.4,19.1,117,1029,3.5,81.4,3.6,3
2019,2,21,12,22.7,19.1,602,1029,3.5,80.09,3.7,2
2019,2,21,13,22.7,19.1,598,1028,3.4,79.98,3.7,2
2019,2,21,14,22.5,19,232,1027,3.3,80.69,3.7,3
2019,2,21,15,22.2,19,185,1026,3.1,82.12,3.7,3
2019,2,21,16,21.7,19,300,1026,2.8,84.88,3.7,0
2019,2,21,17,21,19.1,93,1026,2.7,88.76,3.7,0
2019,2,21,18,20.6,19,0,1027,2.7,90.57,3.7,3
2019,2,21,19,20.5,18.9,0,1027,2.4,90.7,3.8,3
2019,2,21,20,20.3,18.9,0,1028,2.2,91.51,3.9,3
2019,2,21,21,20.2,18.8,0,1028,2.3,91.76,3.9,3
2019,2,21,22,20,18.7,0,1027,2.5,92.43,3.9,1
2019,2,21,23,19.9,18.6,0,1027,2.9,92.38,3.8,3
2019,2,22,0,19.7,18.4,0,1026,3.5,92.32,3.8,4
2019,2,22,1,19.5,18.1,0,1026,4.3,91.41,3.7,3
2019,2,22,2,19.1,17.6,0,1026,4.7,90.8,3.8,3
2019,2,22,3,18.6,17,0,1026,4.5,90.67,3.9,3
2019,2,22,4,18.2,16.6,0,1027,4.3,90.58,4,4
2019,2,22,5,17.9,16.4,0,1028,4.4,90.82,4,4
2019,2,22,6,17.8,16.2,0,1029,4.3,90.19,3.8,3
2019,2,22,7,18,16,6,1029,4.1,88.24,3.4,3
2019,2,22,8,18.7,16.1,12,1029,4.2,85.03,3,7
2019,2,22,9,19.5,16.2,24,1029,4.5,81.41,2.7,8
2019,2,22,10,20.1,16.3,103,1029,4.8,78.77,2.6,3
2019,2,22,11,20.2,16.3,94,1028,5.1,78.25,2.5,3
2019,2,22,12,19.9,16.2,91,1028,5.4,79.07,2.4,3
2019,2,22,13,19.4,15.9,73,1027,5.6,80.09,2.4,3
2019,2,22,14,18.8,15.5,93,1027,5.7,81.16,2.4,3
2019,2,22,15,18.1,15.1,56,1028,5.9,82.62,2.3,3
2019,2,22,16,17.5,14.7,38,1028,5.8,83.7,2.3,3
2019,2,22,17,17,14.4,10,1029,5.8,84.69,2.3,3
2019,2,22,18,16.9,14.2,0,1029,5.8,84.35,2.3,3
2019,2,22,19,16.9,14.2,0,1030,6,83.99,2.3,3
2019,2,22,20,17,14.1,0,1030,6,82.84,2.4,3
2019,2,22,21,17,13.9,0,1031,6.1,81.83,2.6,3
2019,2,22,22,16.9,13.6,0,1031,6.2,81.16,2.7,3
2019,2,22,23,16.7,13.4,0,1031,6.2,80.86,2.8,3
2019,2,23,0,16.5,13.2,0,1031,6.1,80.71,2.9,3
2019,2,23,1,16.3,13,0,1030,5.9,80.93,2.9,3
2019,2,23,2,16.1,12.9,0,1030,5.8,81.45,3,3
2019,2,23,3,15.9,12.8,0,1029,5.7,82.01,2.9,3
2019,2,23,4,15.8,12.8,0,1029,5.7,82.2,2.9,3
2019,2,23,5,15.6,12.7,0,1030,5.5,83.05,2.9,3
2019,2,23,6,15.5,12.7,0,1030,5.5,83.29,2.9,3
2019,2,23,7,15.6,12.6,20,1031,5.6,82.32,2.9,3
2019,2,23,8,15.9,12.6,63,1031,5.4,80.65,2.9,3
2019,2,23,9,16.2,12.6,137,1031,5.2,79.42,3,3
2019,2,23,10,16.6,12.8,141,1030,4.9,78.03,3.1,3
2019,2,23,11,17,13,75,1029,5.1,77.13,3.1,3
2019,2,23,12,17.1,13.1,71,1028,5.7,77.56,3.1,3
2019,2,23,13,17,13.2,70,1027,5.9,78.41,3.1,3
2019,2,23,14,16.7,13.2,100,1027,6,79.9,3.1,7
2019,2,23,15,16.5,13.2,101,1027,5.9,80.91,3.1,7
2019,2,23,16,16.4,13.3,15,1028,5.8,81.81,3.2,7
2019,2,23,17,16.3,13.4,6,1029,5.7,82.91,3.3,7
2019,2,23,18,16.3,13.5,0,1029,5.6,83.61,3.4,7
2019,2,23,19,16.5,13.7,0,1030,5.5,83.4,3.5,3
2019,2,23,20,16.6,13.8,0,1030,5.4,83.61,3.6,4
2019,2,23,21,16.7,14,0,1030,5.3,83.89,3.6,8
2019,2,23,22,16.8,14.1,0,1029,5,84.04,3.6,4
2019,2,23,23,16.9,14.3,0,1029,4.9,84.51,3.8,4
2019,2,24,0,17,14.5,0,1029,5,85.3,3.9,4
2019,2,24,1,17,14.7,0,1028,4.9,86.12,3.9,4
2019,2,24,2,17.1,14.8,0,1028,4.8,86.28,3.9,4
2019,2,24,3,17.2,14.9,0,1027,4.9,86.4,3.9,4
2019,2,24,4,17.3,15.1,0,1027,5.2,86.78,3.9,4
2019,2,24,5,17.4,15.2,0,1027,5.2,87.11,4,4
2019,2,24,6,17.4,15.4,0,1028,5.4,88.07,4,4
2019,2,24,7,17.5,15.5,6,1028,5.8,88.09,4,7
2019,2,24,8,17.7,15.5,12,1029,5.7,86.92,4.1,8
2019,2,24,9,17.8,15.5,63,1030,5.7,86.14,4.1,4
2019,2,24,10,18,15.3,47,1029,5.5,84.36,4,8
2019,2,24,11,18.1,15.3,50,1029,5.3,83.75,4,8
2019,2,24,12,18.1,15.3,178,1028,5.3,83.88,4,8
2019,2,24,13,18.1,15.3,53,1027,5.4,83.88,3.9,8
2019,2,24,14,18.1,15.3,85,1026,5.4,83.77,3.9,8
2019,2,24,15,18,15.3,97,1026,5.3,84.11,3.9,8
2019,2,24,16,17.7,15.2,90,1026,5.2,85.55,3.9,4
2019,2,24,17,17.5,15.2,9,1026,4.9,86.55,3.9,4
2019,2,24,18,17.5,15.2,0,1027,4.7,86.57,3.8,4
2019,2,24,19,17.5,15.2,0,1027,4.6,86.33,3.7,4
2019,2,24,20,17.5,15.2,0,1028,4.4,86.1,3.7,4
2019,2,24,21,17.4,15.1,0,1028,4.1,86.15,3.6,3
2019,2,24,22,17.4,15,0,1028,3.9,85.64,3.5,4
2019,2,24,23,17.4,14.9,0,1027,3.9,85.27,3.5,4
2019,2,25,0,17.4,14.9,0,1027,4,85.05,3.4,4
2019,2,25,1,17.4,14.8,0,1027,4,84.82,3.3,4
2019,2,25,2,17.4,14.8,0,1027,4,84.62,3.3,4
2019,2,25,3,17.4,14.8,0,1027,3.9,84.54,3.2,4
2019,2,25,4,17.4,14.8,0,1027,3.9,84.68,3.2,3
2019,2,25,5,17.5,14.9,0,1027,3.8,84.48,3.2,3
2019,2,25,6,17.7,15.1,0,1028,3.8,84.56,3.3,3
2019,2,25,7,18.4,15.4,70,1028,4.2,82.85,3.3,1
2019,2,25,8,18.9,15.6,63,1029,4.4,80.98,3.3,3
2019,2,25,9,19.4,15.7,65,1029,4.4,79.03,3.3,3
2019,2,25,10,19.8,15.8,146,1029,4.5,77.55,3.3,3
2019,2,25,11,20,15.8,213,1028,4.7,76.89,3.3,3
2019,2,25,12,20.2,15.9,555,1028,4.8,76.21,3.2,2
2019,2,25,13,20.3,15.8,611,1027,4.9,75.56,3.2,2
2019,2,25,14,20.1,15.8,460,1027,4.9,76.17,3.2,2
2019,2,25,15,19.8,15.7,367,1027,5,77.09,3.2,2
2019,2,25,16,19.4,15.6,74,1027,4.9,78.47,3.2,3
2019,2,25,17,18.8,15.5,117,1027,4.7,81.14,3.2,1
2019,2,25,18,18.5,15.4,0,1028,4.6,82.42,3.2,3
2019,2,25,19,18.4,15.4,0,1029,4.7,82.7,3.2,1
2019,2,25,20,18.4,15.3,0,1029,4.7,82.38,3.2,3
2019,2,25,21,18.3,15.3,0,1029,4.7,82.53,3.2,1
2019,2,25,22,18.2,15.2,0,1029,4.7,82.7,3.1,3
2019,2,25,23,18.2,15.1,0,1029,4.7,82.38,3.1,4
2019,2,26,0,18.1,15.1,0,1029,4.8,82.62,3.1,4
2019,2,26,1,18,15,0,1029,4.7,82.75,3.1,3
2019,2,26,2,18,15,0,1029,4.6,82.4,3.1,3
2019,2,26,3,17.9,14.9,0,1029,4.5,82.42,3.1,3
2019,2,26,4,17.9,14.8,0,1029,4.5,81.96,3.1,3
2019,2,26,5,17.8,14.7,0,1029,4.4,82.12,3.2,3
2019,2,26,6,17.9,14.8,0,1029,4.4,81.91,3.2,3
2019,2,26,7,18.6,15,24,1030,4.9,79.49,3.2,4
2019,2,26,8,19.3,15.1,23,1030,5,76.53,3.2,4
2019,2,26,9,19.9,15.2,306,1030,4.8,74.34,3.3,3
2019,2,26,10,20.6,15.4,288,1030,4.6,72.1,3.3,3
2019,2,26,11,21,15.6,137,1029,4.5,71.35,3.3,3
2019,2,26,12,21.2,15.7,295,1028,4.6,71.04,3.3,3
2019,2,26,13,21,15.8,178,1028,4.7,72.22,3.3,3
2019,2,26,14,20.7,15.8,541,1028,4.5,73.3,3.4,2
2019,2,26,15,20.2,15.6,524,1027,4.3,74.98,3.4,1
2019,2,26,16,19.6,15.5,329,1027,4.1,77.25,3.3,0
2019,2,26,17,18.9,15.5,120,1027,3.7,80.73,3.3,0
2019,2,26,18,18.5,15.5,0,1027,3.2,82.53,3.2,0
2019,2,26,19,18.4,15.5,0,1028,2.8,83.03,3.1,0
2019,2,26,20,18.3,15.5,0,1028,2.5,83.94,3.1,7
2019,2,26,21,18.4,15.7,0,1027,2.3,84.08,3,7
2019,2,26,22,18.6,15.8,0,1027,2.1,83.95,3,7
2019,2,26,23,18.9,16,0,1027,1.9,83.46,3,0
2019,2,27,0,19.2,16.2,0,1026,1.6,82.81,3.1,1
2019,2,27,1,19.5,16.4,0,1026,1.1,82.13,3.1,3
2019,2,27,2,19.5,16.5,0,1026,1,82.63,3.2,3
2019,2,27,3,19.1,16.4,0,1026,1.1,84.47,3.3,3
2019,2,27,4,18.7,16.4,0,1026,1.8,86.26,3.4,3
2019,2,27,5,18.2,16.3,0,1027,2.2,88.46,3.5,3
2019,2,27,6,18.4,16.2,0,1028,2.1,87.24,3.6,3
2019,2,27,7,19.1,16.3,77,1028,2,83.99,3.6,1
2019,2,27,8,19.7,16.3,142,1028,1.5,80.88,3.6,3
2019,2,27,9,20.8,16.5,153,1027,1.3,76.58,3.6,3
2019,2,27,10,22,16.9,171,1027,0.8,72.95,3.6,3
2019,2,27,11,23,17.3,318,1026,1.2,70.3,3.7,3
2019,2,27,12,23.5,17.7,429,1025,1.8,69.75,3.7,3
2019,2,27,13,23.5,17.9,414,1024,2.2,71.04,3.7,3
2019,2,27,14,23.3,18.1,488,1023,2.3,72.73,3.8,2
2019,2,27,15,22.8,18.3,528,1023,2.2,75.69,3.8,1
2019,2,27,16,22.1,18.3,228,1023,2.1,79.11,3.8,2
2019,2,27,17,21.1,18.3,79,1024,1.6,83.91,3.8,3
2019,2,27,18,20.6,18,0,1024,1.5,84.8,3.9,7
2019,2,27,19,20.5,17.7,0,1025,1.3,84.22,3.9,7
2019,2,27,20,20.4,17.6,0,1026,1.2,83.99,3.9,7
2019,2,27,21,20.4,17.5,0,1026,1.3,83.48,3.9,3
2019,2,27,22,20.3,17.4,0,1025,1.7,83.56,3.9,3
2019,2,27,23,20,17.4,0,1025,2.1,84.78,4,3
2019,2,28,0,19.6,17.3,0,1025,2.4,86.43,4,1
2019,2,28,1,19.2,17.2,0,1025,2.7,88,4,7
2019,2,28,2,18.9,17.1,0,1025,3,89.02,3.9,7
2019,2,28,3,18.6,16.9,0,1024,3.1,89.8,3.8,3
2019,2,28,4,18.3,16.8,0,1024,3.5,90.76,3.9,3
2019,2,28,5,18.4,16.8,0,1025,4.2,90.36,4,3
2019,2,28,6,18.4,16.7,0,1025,4.3,89.99,4,3
2019,2,28,7,18.9,16.8,69,1026,4.6,87.72,3.9,0
2019,2,28,8,19.3,16.8,270,1026,4.4,85.53,3.9,1
2019,2,28,9,19.9,16.9,323,1027,4.3,82.67,3.8,2
2019,2,28,10,20.2,16.8,251,1027,4.7,81.07,3.7,3
2019,2,28,11,20.2,16.7,138,1026,4.9,80.34,3.6,3
2019,2,28,12,20,16.5,133,1026,5.2,80.37,3.5,3
2019,2,28,13,19.5,16.2,194,1026,5.6,81.4,3.5,3
2019,2,28,14,18.9,15.9,152,1026,5.8,82.57,3.5,3
2019,2,28,15,18.4,15.5,92,1027,5.7,83.42,3.5,3
2019,2,28,16,17.9,15.3,53,1027,5.4,84.73,3.5,3
2019,2,28,17,17.6,15.2,17,1028,4.9,85.75,3.5,3
2019,2,28,18,17.5,15.2,0,1028,4.6,86.56,3.5,3
2019,2,28,19,17.6,15.3,0,1028,4.2,86.52,3.6,3
2019,2,28,20,17.7,15.4,0,1029,3.8,86.34,3.6,3
2019,2,28,21,17.6,15.4,0,1029,3.5,86.98,3.6,3
2019,2,28,22,17.6,15.4,0,1029,3.4,86.97,3.5,3
2019,2,28,23,17.5,15.4,0,1028,3.4,87.66,3.5,3
2019,3,1,0,17.5,15.5,0,1028,3.4,87.89,3.5,3
2019,3,1,1,17.5,15.5,0,1028,3.5,88.26,3.4,3
2019,3,1,2,17.6,15.6,0,1028,3.7,88.07,3.4,3
2019,3,1,3,17.6,15.6,0,1028,3.8,88.26,3.5,3
2019,3,1,4,17.6,15.6,0,1028,3.7,88.18,3.5,3
2019,3,1,5,17.6,15.6,0,1029,3.6,88.14,3.5,3
2019,3,1,6,17.9,15.8,0,1029,3.6,87.53,3.5,0
2019,3,1,7,18.8,16.2,80,1029,4,84.76,3.5,1
2019,3,1,8,19.7,16.4,142,1029,4,81.48,3.5,3
2019,3,1,9,20.7,16.8,343,1029,4,78.21,3.5,2
2019,3,1,10,21.6,17.1,660,1029,4,75.53,3.6,1
2019,3,1,11,22.1,17.4,539,1028,4,74.75,3.6,3
2019,3,1,12,22.4,17.7,679,1027,3.8,74.72,3.7,2
2019,3,1,13,22.6,17.9,523,1026,3.7,74.8,3.8,3
2019,3,1,14,22.4,18,217,1025,3.6,76.32,3.9,3
2019,3,1,15,22,18.1,151,1025,3.6,78.38,4,3
2019,3,1,16,21.2,18,27,1026,3.7,82.11,4,3
2019,3,1,17,20.3,17.9,27,1026,3.4,86.35,3.9,7
2019,3,1,18,19.9,17.8,0,1026,3.1,87.87,3.9,3
2019,3,1,19,19.8,17.8,0,1027,2.8,88.11,3.9,3
2019,3,1,20,19.7,17.7,0,1027,2.7,88.28,3.9,3
2019,3,1,21,19.6,17.7,0,1027,2.7,88.57,3.9,3
2019,3,1,22,19.5,17.6,0,1027,2.6,89.04,4,3
2019,3,1,23,19.5,17.7,0,1027,2.7,89.21,4,3
2019,3,2,0,19.4,17.7,0,1026,2.8,90.04,4,3
2019,3,2,1,19.4,17.8,0,1026,2.8,90.4,4,3
2019,3,2,2,19.3,17.8,0,1025,2.9,91.08,4,3
2019,3,2,3,19.3,17.8,0,1025,2.9,91.16,3.9,4
2019,3,2,4,19.3,17.8,0,1024,2.8,91.05,3.8,3
2019,3,2,5,19.3,17.8,0,1024,2.5,91.11,3.7,3
2019,3,2,6,19.7,18.1,0,1025,2.2,90.38,3.7,3
2019,3,2,7,20.8,18.7,44,1025,2.2,87.94,3.7,3
2019,3,2,8,21.9,19.2,302,1025,1.8,84.43,3.7,1
2019,3,2,9,23.1,19.5,276,1024,1.3,79.95,3.7,2
2019,3,2,10,24.2,19.5,682,1023,1.3,75.26,3.7,0
2019,3,2,11,24.7,19.6,817,1022,1.6,73.52,3.7,0
2019,3,2,12,24.8,19.8,857,1022,2,73.62,3.7,0
2019,3,2,13,24.4,19.6,822,1021,2.3,74.82,3.7,0
2019,3,2,14,23.9,19.5,728,1021,2.5,76.28,3.7,1
2019,3,2,15,23.3,19.4,202,1021,2.6,78.53,3.8,3
2019,3,2,16,22.5,19.3,63,1021,2.7,82.25,3.8,3
2019,3,2,17,21.6,19.2,36,1022,2.3,86.34,3.9,3
2019,3,2,18,20.9,19.1,0,1022,1.8,89.46,3.9,3
2019,3,2,19,20.7,19,0,1023,1.4,90.19,4,1
2019,3,2,20,20.6,19,0,1023,1.2,90.46,4,3
2019,3,2,21,20.6,19,0,1023,1.1,90.55,4.1,3
2019,3,2,22,20.7,19,0,1023,1.1,90.25,4.1,0
2019,3,2,23,20.8,19.1,0,1022,1.1,89.74,4.1,1
2019,3,3,0,20.5,19,0,1021,1.3,91.09,4,1
2019,3,3,1,20.3,18.9,0,1020,1.7,91.94,4,1
2019,3,3,2,20.3,19,0,1020,1.7,92.41,3.9,1
2019,3,3,3,20.7,19.3,0,1019,1.5,91.46,4,1
2019,3,3,4,21,19.5,0,1019,0.9,90.98,4,1
2019,3,3,5,20.9,19.3,0,1020,1,90.67,4,3
2019,3,3,6,21,19.3,0,1020,0.9,90.03,4,3
2019,3,3,7,21.9,19.7,21,1021,1.7,87.46,4,3
2019,3,3,8,22.3,19.7,40,1021,2.9,84.98,4.1,4
2019,3,3,9,22.5,19.3,44,1022,3.8,82.03,4.3,4
2019,3,3,10,22.2,18.7,66,1021,4.4,80.52,4.3,4
2019,3,3,11,21.6,18.1,152,1021,4.5,80.29,4.3,4
2019,3,3,12,20.7,17.5,150,1021,4.9,81.7,4.1,4
2019,3,3,13,19.6,16.7,56,1021,5.7,83.43,4,8
2019,3,3,14,18.5,15.7,63,1021,5.9,83.86,3.9,4
2019,3,3,15,18,15,50,1022,5.2,82.76,3.8,4
2019,3,3,16,17.9,14.7,29,1022,4,81.53,3.7,4
2019,3,3,17,17.9,14.6,81,1021,3.1,81.24,3.6,4
2019,3,3,18,17.8,14.7,0,1022,2.9,82.04,3.6,4
2019,3,3,19,17.9,14.8,0,1023,3.1,82.08,3.5,4
2019,3,3,20,18,14.9,0,1023,3.2,82.27,3.3,4
2019,3,3,21,17.8,15,0,1024,3.2,83.59,3,3
2019,3,3,22,17.7,15,0,1024,3.3,84.3,2.8,3
2019,3,3,23,17.5,15,0,1024,3.4,85.29,2.5,3
2019,3,4,0,17.3,14.9,0,1024,3.4,86.06,2.3,3
2019,3,4,1,17.2,14.8,0,1024,3.4,86.01,2.2,3
2019,3,4,2,17.2,14.7,0,1024,3.5,85.47,2.1,1
2019,3,4,3,17.2,14.6,0,1024,3.5,84.89,2,3
2019,3,4,4,17.1,14.5,0,1025,3.4,84.76,1.9,3
2019,3,4,5,17,14.4,0,1025,3.3,84.62,1.8,3
2019,3,4,6,17.3,14.6,0,1026,3.4,83.97,1.8,3
2019,3,4,7,18.3,14.8,96,1027,4,80.09,1.7,1
2019,3,4,8,18.7,14.8,175,1027,4.2,78.02,1.7,3
2019,3,4,9,19.4,14.9,303,1027,4.5,75.03,1.7,3
2019,3,4,10,19.9,14.9,514,1027,4.9,72.74,1.7,3
2019,3,4,11,20.1,14.8,839,1027,5.3,71.73,1.7,0
2019,3,4,12,20.2,14.7,883,1027,5.5,70.89,1.7,0
2019,3,4,13,20.1,14.6,715,1026,5.7,70.54,1.6,2
2019,3,4,14,20,14.4,758,1026,5.8,70.01,1.6,0
2019,3,4,15,19.6,14.1,589,1026,5.8,70.73,1.6,0
2019,3,4,16,19.1,14,375,1027,5.7,72.13,1.6,1
2019,3,4,17,18.3,13.9,61,1027,5.2,75.54,1.6,3
2019,3,4,18,17.8,13.9,0,1027,4.8,77.84,1.7,3
2019,3,4,19,17.6,13.8,0,1028,4.7,78.38,1.8,3
2019,3,4,20,17.6,13.7,0,1028,4.8,77.93,1.9,7
2019,3,4,21,17.6,13.6,0,1027,5,77.64,2,7
2019,3,4,22,17.6,13.7,0,1027,4.9,77.79,2.1,7
2019,3,4,23,17.7,13.7,0,1027,4.7,77.47,2.2,7
2019,3,5,0,17.9,13.9,0,1027,4.6,77.26,2.4,7
2019,3,5,1,18.1,14.1,0,1027,4.5,77.41,2.6,7
2019,3,5,2,18.3,14.3,0,1026,4.4,77.32,2.7,7
2019,3,5,3,18.4,14.5,0,1026,4.5,77.86,2.8,7
2019,3,5,4,18.6,14.7,0,1026,4.7,78.17,2.9,7
2019,3,5,5,18.8,15.1,0,1026,4.9,78.87,2.9,7
2019,3,5,6,19.3,15.5,0,1026,5.2,78.61,2.9,7
2019,3,5,7,20.3,16.1,32,1026,5.8,76.75,2.9,7
2019,3,5,8,21.3,16.6,286,1026,6.2,74.5,2.8,7
2019,3,5,9,22.5,17.1,365,1026,6.4,71.33,2.7,7
2019,3,5,10,23.5,17.5,511,1025,6.1,69.18,2.8,7
2019,3,5,11,24.2,17.9,653,1024,5.7,67.96,3,7
2019,3,5,12,24.9,18.1,399,1023,5,66.15,3.3,4
2019,3,5,13,25.1,18.5,539,1022,4,66.87,3.6,4
2019,3,5,14,25.1,18.5,622,1021,4.5,66.98,3.8,7
2019,3,5,15,24.6,18.7,465,1021,4.6,69.77,3.9,7
2019,3,5,16,23.9,19,258,1021,4.2,74.04,4,3
2019,3,5,17,22.8,19.4,32,1022,3.7,81.33,4.1,3
2019,3,5,18,21.8,19.2,0,1023,3.4,85.44,4.3,4
2019,3,5,19,21.2,19.1,0,1023,2.9,87.64,4.3,4
2019,3,5,20,20.7,18.8,0,1023,2.3,88.89,4.3,4
2019,3,5,21,20.3,18.6,0,1023,1.9,89.94,4.4,3
2019,3,5,22,20,18.3,0,1023,1.7,89.99,4.5,3
2019,3,5,23,19.9,18,0,1023,1.7,88.93,4.4,3
2019,3,6,0,19.7,17.8,0,1023,2.2,88.9,4.3,3
2019,3,6,1,19.3,17.6,0,1023,3.2,90.03,4.4,4
2019,3,6,2,18.9,17.4,0,1023,3.9,90.74,4.3,8
2019,3,6,3,18.7,17,0,1023,4.1,90,4.2,8
2019,3,6,4,18.5,16.8,0,1024,4.4,89.96,4.1,7
2019,3,6,5,18.5,16.7,0,1025,4.8,89.18,4.1,4
2019,3,6,6,18.6,16.5,0,1025,4.3,87.79,4,8
2019,3,6,7,19.1,16.4,94,1026,3.9,84.27,4,7
2019,3,6,8,19.8,16.3,59,1026,3.1,80.35,4,4
2019,3,6,9,20.8,16.4,75,1026,2.8,76.09,4,4
2019,3,6,10,21.6,16.7,149,1026,3.6,73.76,4,4
2019,3,6,11,21.6,16.9,141,1025,4.8,74.81,4.1,4
2019,3,6,12,21,16.9,72,1025,5.4,77.62,4.1,4
2019,3,6,13,20.3,16.7,121,1025,5.6,80.05,4,4
2019,3,6,14,19.8,16.4,90,1024,5.7,80.54,3.9,4
2019,3,6,15,19.2,15.9,215,1024,5.9,81.07,3.8,3
2019,3,6,16,18.5,15.3,137,1025,6,81.82,3.9,8
2019,3,6,17,17.8,14.9,36,1026,6,83.13,4.1,8
2019,3,6,18,17.4,14.7,0,1027,5.8,84.19,4.1,4
2019,3,6,19,17.2,14.6,0,1027,5.6,84.97,4.1,7
2019,3,6,20,17.1,14.6,0,1028,5.4,85.34,4,4
2019,3,6,21,17.1,14.6,0,1028,5,85.09,3.8,7
2019,3,6,22,17.1,14.6,0,1028,5,85.01,3.7,7
2019,3,6,23,17.1,14.5,0,1028,5.3,84.69,3.7,7
2019,3,7,0,17,14.3,0,1028,5.8,84.26,3.7,7
2019,3,7,1,16.8,14.1,0,1028,6.2,84.25,3.7,7
2019,3,7,2,16.7,13.9,0,1028,6.5,83.79,3.7,7
2019,3,7,3,16.5,13.7,0,1028,6.9,83.56,3.8,8
2019,3,7,4,16.3,13.5,0,1029,6.9,83.43,3.8,4
2019,3,7,5,16.1,13.3,0,1030,6.6,83.44,3.7,4
2019,3,7,6,16,13.1,0,1030,6.3,82.83,3.7,4
2019,3,7,7,16.3,12.9,6,1031,6.4,80.27,3.6,7
2019,3,7,8,16.8,12.7,14,1031,6.5,76.86,3.6,8
2019,3,7,9,17.2,12.6,34,1031,6.3,74.36,3.7,8
2019,3,7,10,17.2,12.5,53,1031,6.5,73.81,3.7,7
2019,3,7,11,17.1,12.4,57,1031,6.9,74.01,3.7,8
2019,3,7,12,17,12.3,73,1030,7,74.08,3.7,4
2019,3,7,13,16.8,12.3,124,1030,7.1,74.6,3.7,8
2019,3,7,14,16.6,12.2,62,1029,7,75.12,3.7,8
2019,3,7,15,16.4,12.1,50,1029,7.1,75.92,3.7,4
2019,3,7,16,16.1,12.2,61,1030,7,77.69,3.7,7
2019,3,7,17,15.8,12.3,47,1030,6.8,79.65,3.7,8
2019,3,7,18,15.7,12.3,0,1031,7,80.27,3.6,4
2019,3,7,19,15.6,12.2,0,1031,7,80.09,3.6,7
2019,3,7,20,15.6,12.1,0,1031,6.8,79.44,3.6,7
2019,3,7,21,15.5,12,0,1032,6.4,79.73,3.6,8
2019,3,7,22,15.1,12.1,0,1032,6.3,82.09,3.6,4
2019,3,7,23,14.8,12,0,1032,6.3,83.41,3.6,4
2019,3,8,0,14.6,12,0,1031,6.5,84.36,3.6,8
2019,3,8,1,14.5,12,0,1030,6.5,84.74,3.6,4
2019,3,8,2,14.5,12.1,0,1030,5.8,85.67,3.7,7
2019,3,8,3,14.6,12.3,0,1030,5.2,86.29,3.6,4
2019,3,8,4,14.7,12.5,0,1031,5.2,86.92,3.6,7
2019,3,8,5,14.9,12.7,0,1031,5.7,86.53,3.4,4
2019,3,8,6,15.2,12.8,0,1030,6.2,85.52,3.3,4
2019,3,8,7,15.8,13.1,9,1031,5.8,83.84,3.5,4
2019,3,8,8,16.5,13.4,26,1031,5.9,82.11,3.6,4
2019,3,8,9,17.3,13.8,143,1031,5.5,80.14,3.6,8
2019,3,8,10,17.6,14.1,67,1031,5.1,80.16,3.7,8
2019,3,8,11,18.1,14.5,204,1030,5.4,79.51,3.7,4
2019,3,8,12,18.5,14.8,63,1029,6,78.96,3.6,8
2019,3,8,13,18.6,15,79,1027,6.2,79.52,3.5,4
2019,3,8,14,18.6,15.2,161,1027,5.9,80.66,3.5,4
2019,3,8,15,18.4,15.3,30,1027,6,82.4,3.5,8
2019,3,8,16,18,15.4,71,1027,6.6,84.71,3.5,4
2019,3,8,17,17.8,15.5,26,1027,6.4,86.19,3.8,3
2019,3,8,18,17.9,15.7,0,1028,5.8,86.93,4,4
2019,3,8,19,18.1,15.9,0,1028,5.4,87.12,4,4
2019,3,8,20,18.4,16.2,0,1028,5.3,86.95,3.9,4
2019,3,8,21,18.8,16.5,0,1027,5.6,86.76,3.8,4
2019,3,8,22,19.3,17,0,1026,5.2,86.66,3.9,4
2019,3,8,23,19.7,17.4,0,1026,4.5,86.78,4.2,4
2019,3,9,0,20,17.8,0,1024,5,87.02,4.2,7
2019,3,9,1,20.3,18.1,0,1023,5.1,87.2,4.3,4
2019,3,9,2,20.3,18.3,0,1023,4.1,88.29,4.6,7
2019,3,9,3,19.9,18.4,0,1023,3.7,90.89,4.7,4
2019,3,9,4,19.9,18.6,0,1023,4,92.21,4.8,8
2019,3,9,5,20,18.8,0,1023,4.3,92.74,4.8,4
2019,3,9,6,20.2,18.9,0,1023,4.3,92.23,4.9,7
2019,3,9,7,20.9,19.3,6,1024,4.3,90.86,4.9,8
2019,3,9,8,21.4,19.6,14,1024,3.8,89.76,4.9,8
2019,3,9,9,22,20,28,1023,3.3,88.2,4.8,8
2019,3,9,10,22.7,20.2,46,1022,3,85.89,4.8,8
2019,3,9,11,22.9,20.4,85,1021,3.2,85.63,4.8,8
2019,3,9,12,23,20.4,197,1020,3.4,85.07,4.7,8
2019,3,9,13,22.9,20.1,90,1019,3.8,84.43,4.6,4
2019,3,9,14,22,19.4,145,1019,4.7,84.98,4.6,8
2019,3,9,15,20.2,18,30,1020,5.7,87.43,4.6,8
2019,3,9,16,18.7,16.7,30,1020,5.3,88.38,4.6,4
2019,3,9,17,18.2,16.4,23,1020,4.7,89.28,4.7,4
2019,3,9,18,18.2,16.6,0,1021,4.8,90.55,4.8,8
2019,3,9,19,18.5,16.9,0,1022,4.8,90.45,4.8,7
2019,3,9,20,18.6,17,0,1022,3.9,90.41,4.7,4
2019,3,9,21,18.7,17,0,1022,3,89.73,4.5,4
2019,3,9,22,18.6,16.9,0,1022,2.5,89.92,4.3,7
2019,3,9,23,18.6,16.9,0,1022,2.8,89.95,4.2,7
2019,3,10,0,18.5,17,0,1022,3.5,90.96,4.3,4
2019,3,10,1,18.5,17,0,1022,4.1,90.99,4.3,4
2019,3,10,2,18.5,17,0,1022,4.8,90.78,4.4,8
2019,3,10,3,18.4,16.8,0,1022,5.3,90.45,4.4,4
2019,3,10,4,18.1,16.6,0,1023,5.1,90.9,4.2,4
2019,3,10,5,18,16.4,0,1023,4.1,90.25,4,4
2019,3,10,6,18.2,16.4,0,1023,3.7,89.17,3.7,8
2019,3,10,7,18.7,16.5,113,1024,4.2,87.03,3.5,0
2019,3,10,8,19.2,16.6,15,1024,4.7,84.76,3.3,8
2019,3,10,9,19.7,16.5,47,1024,5,81.59,3.2,3
2019,3,10,10,20.2,16.3,75,1024,5.1,78.49,3.2,4
2019,3,10,11,20.4,16.2,168,1023,5.4,76.68,3.3,4
2019,3,10,12,20.3,15.9,97,1023,5.8,76.03,3.4,4
2019,3,10,13,19.8,15.5,72,1022,5.9,76.21,3.6,4
2019,3,10,14,19.3,14.9,129,1022,5.7,75.87,3.7,4
2019,3,10,15,18.6,14.5,50,1023,5.3,76.87,3.8,4
2019,3,10,16,17.9,14.1,30,1024,5.2,78.38,3.9,4
2019,3,10,17,17.4,13.7,11,1024,4.8,79.07,3.7,4
2019,3,10,18,17.4,13.5,0,1024,4.3,77.9,3.6,3
2019,3,10,19,17.4,13.4,0,1025,3.8,77.12,3.5,4
2019,3,10,20,17.4,13.2,0,1025,3.5,76.2,3.3,4
2019,3,10,21,17.5,13.1,0,1025,3.3,75.3,3,4
2019,3,10,22,17.5,13.1,0,1025,3.4,75.27,2.7,4
2019,3,10,23,17.4,13.2,0,1025,3.4,76.38,2.6,4
2019,3,11,0,17.3,13.4,0,1025,3.6,78.01,2.7,4
2019,3,11,1,17.1,13.7,0,1025,3.8,80.33,2.8,4
2019,3,11,2,17.1,13.9,0,1025,4.1,81.55,2.9,4
2019,3,11,3,17.2,14.1,0,1025,4.4,82.07,3,4
2019,3,11,4,17.3,14.2,0,1025,4.6,82.04,3.1,4
2019,3,11,5,17.3,14.2,0,1026,4.5,82.01,3.3,4
2019,3,11,6,17.6,14.3,0,1026,4.7,81.11,3.3,4
2019,3,11,7,18.1,14.5,9,1026,5.2,79.34,3.4,4
2019,3,11,8,18.5,14.4,34,1027,5.2,77.21,3.4,4
2019,3,11,9,18.8,14.4,70,1027,5,75.58,3.4,4
2019,3,11,10,18.9,14.4,104,1026,4.8,74.93,3.5,4
2019,3,11,11,19.1,14.4,101,1026,4.6,74.16,3.5,4
2019,3,11,12,19.1,14.4,357,1025,4.6,74.14,3.4,4
2019,3,11,13,19.2,14.4,306,1024,4.6,73.57,3.4,4
2019,3,11,14,19.2,14.3,207,1024,4.5,73.07,3.2,4
2019,3,11,15,19.2,14.1,120,1024,4.6,72.29,3.1,3
2019,3,11,16,18.9,13.9,75,1024,4.4,72.78,3,3
2019,3,11,17,18.4,13.8,11,1024,4,74.78,2.9,3
2019,3,11,18,18,13.7,0,1025,3.7,75.73,2.8,4
2019,3,11,19,17.9,13.4,0,1025,3.6,75.07,2.7,3
2019,3,11,20,17.9,13.2,0,1026,3.4,73.88,2.6,3
2019,3,11,21,17.9,12.9,0,1026,3.3,72.5,2.4,1
2019,3,11,22,17.9,12.5,0,1026,3.3,70.83,2.2,3
2019,3,11,23,17.8,12.2,0,1026,3.4,69.75,2,4
2019,3,12,0,17.7,11.9,0,1026,3.4,68.81,1.9,3
2019,3,12,1,17.6,11.6,0,1026,3.5,68.07,1.8,1
2019,3,12,2,17.6,11.5,0,1026,3.5,67.32,1.8,1
2019,3,12,3,17.5,11.4,0,1026,3.5,67.32,1.7,1
2019,3,12,4,17.6,11.4,0,1026,3.5,66.95,1.7,1
2019,3,12,5,17.6,11.4,0,1027,3.4,66.99,1.6,1
2019,3,12,6,18.1,11.9,0,1027,3.3,67.25,1.5,1
2019,3,12,7,20.1,12.9,127,1027,3.6,63.34,1.5,0
2019,3,12,8,21.3,12.6,351,1027,3.8,57.57,1.5,0
2019,3,12,9,22.2,12.7,562,1027,3.6,54.71,1.6,0
2019,3,12,10,22.8,12.9,734,1027,3.6,53.72,1.6,0
2019,3,12,11,23.2,13.2,860,1027,3.9,53.53,1.7,0
2019,3,12,12,23.3,13.5,901,1026,4,54.24,1.7,0
2019,3,12,13,23.2,13.8,866,1026,3.8,55.34,1.7,0
2019,3,12,14,23.1,13.9,769,1026,3.5,56.3,1.8,0
2019,3,12,15,22.7,14.1,599,1026,3.4,58.34,1.8,0
2019,3,12,16,22.2,14.3,386,1026,3.2,61.09,1.8,0
2019,3,12,17,21,14.9,159,1026,2.7,68.06,1.8,0
2019,3,12,18,20.2,14.5,0,1027,2.6,69.75,1.8,0
2019,3,12,19,20.1,14.4,0,1027,2.7,69.85,1.8,0
2019,3,12,20,20,14.5,0,1028,2.8,70.41,1.8,0
2019,3,12,21,20,14.5,0,1028,2.9,70.51,1.8,0
2019,3,12,22,19.9,14.5,0,1028,3,70.93,1.8,0
2019,3,12,23,19.8,14.5,0,1028,3,71.71,1.9,0
2019,3,13,0,19.7,14.7,0,1028,3,72.77,2,0
2019,3,13,1,19.7,14.8,0,1028,3.1,73.47,2.1,0
2019,3,13,2,19.6,15,0,1027,3.1,74.55,2.2,0
2019,3,13,3,19.6,15.1,0,1028,3.2,75.31,2.3,0
2019,3,13,4,19.5,15.2,0,1028,3.3,76.37,2.4,4
2019,3,13,5,19.5,15.3,0,1029,3.5,76.8,2.4,1
2019,3,13,6,20.1,15.7,0,1029,3.7,75.9,2.6,7
2019,3,13,7,21.6,16.2,10,1030,4.5,71.51,2.6,4
2019,3,13,8,22.4,16.1,192,1031,5.2,67.42,2.7,4
2019,3,13,9,22.9,15.9,535,1031,5.7,64.54,2.8,7
2019,3,13,10,23.2,15.8,697,1031,5.9,63.01,2.9,0
2019,3,13,11,23.4,15.7,810,1030,6,62,2.9,0
2019,3,13,12,23.5,15.7,846,1029,6,61.5,3,1
2019,3,13,13,23.5,15.7,759,1029,6.1,61.47,3,7
2019,3,13,14,23.5,15.6,425,1028,6.1,61.34,3,4
2019,3,13,15,23.3,15.6,145,1028,5.8,62.08,3,4
2019,3,13,16,22.7,15.8,90,1028,5.3,65.24,3.1,4
2019,3,13,17,21.9,16.2,127,1029,4.6,70.01,3.1,4
2019,3,13,18,21.3,16.2,0,1029,4.6,72.79,3.2,3
2019,3,13,19,21.1,16.2,0,1030,4.5,73.67,3.1,1
2019,3,13,20,20.9,16.1,0,1030,4.5,73.96,3.1,1
2019,3,13,21,20.8,15.9,0,1030,4.5,73.77,3.1,0
2019,3,13,22,20.7,15.8,0,1030,4.4,73.72,3,3
2019,3,13,23,20.7,15.8,0,1029,4.5,73.49,3.1,3
2019,3,14,0,20.6,15.8,0,1029,4.5,74.15,3.1,1
2019,3,14,1,20.6,16,0,1028,4.6,74.73,3.2,1
2019,3,14,2,20.6,16.1,0,1028,4.6,75.45,3.3,1
2019,3,14,3,20.5,16.3,0,1028,4.5,76.95,3.4,3
2019,3,14,4,20.5,16.6,0,1028,4.3,78.18,3.5,1
2019,3,14,5,20.5,16.8,0,1028,3.9,79.52,3.5,7
2019,3,14,6,20.8,17.3,0,1029,3.7,80.41,3.6,4
2019,3,14,7,21.8,17.9,99,1029,3.7,78.47,3.6,0
2019,3,14,8,22.5,18,310,1030,3.7,75.68,3.6,0
2019,3,14,9,23.2,18,282,1030,3.5,72.67,3.7,4
2019,3,14,10,23.6,18.1,609,1029,3.5,71.5,3.7,2
2019,3,14,11,23.6,18.3,198,1029,3.5,72.28,3.7,4
2019,3,14,12,23.1,18.4,624,1028,3.5,74.77,3.7,3
2019,3,14,13,22.5,18.3,277,1028,3.5,77.28,3.8,4
2019,3,14,14,21.6,18,226,1028,3.9,80.1,3.8,3
2019,3,14,15,20.4,17.6,306,1028,4.1,83.94,3.9,3
2019,3,14,16,19.4,17,331,1028,3.9,85.97,3.8,0
2019,3,14,17,18.5,16.4,14,1029,4.1,87.61,3.8,4
2019,3,14,18,17.9,15.9,0,1030,4.7,88.22,3.8,4
2019,3,14,19,17.7,15.6,0,1031,5.3,87.67,3.8,4
2019,3,14,20,17.6,15.6,0,1032,5.5,87.84,3.8,3
2019,3,14,21,17.6,15.5,0,1032,5.4,87.74,3.8,4
2019,3,14,22,17.6,15.6,0,1032,5.5,87.88,3.9,3
2019,3,14,23,17.6,15.6,0,1032,5.4,87.84,3.9,4
2019,3,15,0,17.6,15.5,0,1031,5.3,87.54,3.9,4
2019,3,15,1,17.6,15.5,0,1031,5.3,87.39,3.8,4
2019,3,15,2,17.6,15.4,0,1031,5.4,86.99,3.8,4
2019,3,15,3,17.5,15.3,0,1031,5.4,86.73,3.7,4
2019,3,15,4,17.4,15.2,0,1031,5.3,86.66,3.7,4
2019,3,15,5,17.4,15,0,1032,4.9,86,3.6,4
2019,3,15,6,17.4,14.9,0,1033,4.7,85.37,3.6,4
2019,3,15,7,17.7,14.8,16,1033,4.9,83.18,3.5,4
2019,3,15,8,18,14.7,112,1033,5.1,81.11,3.5,4
2019,3,15,9,18.3,14.7,76,1034,5.4,79.34,3.4,4
2019,3,15,10,18.5,14.6,384,1033,5.7,77.81,3.3,3
2019,3,15,11,18.7,14.4,272,1033,5.9,76.04,3.2,4
2019,3,15,12,18.8,14.1,522,1032,6,74.36,3,3
2019,3,15,13,18.9,13.8,733,1031,6.2,72.11,2.9,2
2019,3,15,14,19,13.2,647,1031,6.3,69.17,2.7,2
2019,3,15,15,19,12.5,157,1031,6.2,65.84,2.6,4
2019,3,15,16,18.8,11.7,327,1031,5.8,63.34,2.4,2
2019,3,15,17,18,11.4,59,1032,4.8,65.47,2.3,4
2019,3,15,18,17.4,11.2,0,1032,4.3,66.78,2.2,4
2019,3,15,19,17.3,10.9,0,1032,4.1,66.1,2.1,4
2019,3,15,20,17.3,10.8,0,1033,4.1,65.63,2.1,4
2019,3,15,21,17.4,10.8,0,1033,4.1,65.04,2.1,4
2019,3,15,22,17.5,10.8,0,1032,4.2,64.66,2.1,4
2019,3,15,23,17.8,10.8,0,1032,4.4,63.73,2.2,4
2019,3,16,0,18,10.7,0,1031,4.5,62.51,2.2,4
2019,3,16,1,18.1,10.6,0,1031,4.7,61.58,2.3,4
2019,3,16,2,18.3,10.6,0,1031,4.9,60.8,2.3,4
2019,3,16,3,18.5,10.6,0,1031,5.1,60.17,2.4,4
2019,3,16,4,18.6,10.7,0,1031,5.2,60.1,2.5,4
2019,3,16,5,18.6,10.9,0,1032,5.2,61,2.6,4
2019,3,16,6,19,11.5,0,1032,5.3,61.83,2.7,4
2019,3,16,7,20.1,12.1,63,1033,5.8,59.94,2.8,4
2019,3,16,8,20.7,12.4,55,1033,6.2,58.89,2.9,4
2019,3,16,9,21.2,12.5,50,1032,6.4,57.72,3,4
2019,3,16,10,21.7,12.9,66,1032,6.4,57.42,3.1,4
2019,3,16,11,21.9,13.4,149,1031,6.2,58.4,3.2,4
2019,3,16,12,22.1,13.8,74,1030,5.8,59.15,3.3,4
2019,3,16,13,22.1,14.1,134,1030,5.6,60.39,3.3,4
2019,3,16,14,22.1,14.3,87,1029,5.6,61.36,3.4,4
2019,3,16,15,21.9,14.5,76,1029,5.4,63.03,3.5,4
2019,3,16,16,21.5,14.9,31,1029,5,65.87,3.5,4
2019,3,16,17,20.8,15.2,12,1029,4.3,70.36,3.6,4
2019,3,16,18,20.4,15.3,0,1029,3.9,72.38,3.6,4
2019,3,16,19,20.4,15.4,0,1030,3.8,73.1,3.7,4
2019,3,16,20,20.3,15.6,0,1030,3.6,74.35,3.8,4
2019,3,16,21,20.2,15.8,0,1030,3.5,75.83,3.8,4
2019,3,16,22,20.1,16,0,1030,3.3,77.4,3.9,4
2019,3,16,23,20.1,16.3,0,1030,3.1,78.58,4,4
2019,3,17,0,20,16.5,0,1029,2.8,80.22,4.1,4
2019,3,17,1,20,16.7,0,1029,2.4,81.19,4.1,4
2019,3,17,2,20,16.8,0,1029,2,81.97,4.2,4
2019,3,17,3,20,17,0,1029,1.7,82.67,4.2,4
2019,3,17,4,20,17.1,0,1029,1.6,83.24,4.2,4
2019,3,17,5,19.8,17.2,0,1029,1.6,84.75,4.2,4
2019,3,17,6,19.8,17.3,0,1030,1.5,85.77,4.2,4
2019,3,17,7,20.3,17.8,11,1031,1.5,85.62,4.2,4
2019,3,17,8,20.6,17.9,96,1031,1.7,84.34,4.2,3
2019,3,17,9,21,18,124,1031,1.9,82.84,4.2,4
2019,3,17,10,21.3,18.1,287,1031,2.1,81.85,4.2,3
2019,3,17,11,21.6,18.2,363,1030,2.4,80.94,4.2,3
2019,3,17,12,21.8,18.3,131,1030,2.8,80.69,4.2,4
2019,3,17,13,22,18.5,226,1029,3.1,80.39,4.3,4
2019,3,17,14,22.1,18.6,198,1028,3.3,80.52,4.3,4
2019,3,17,15,22.1,18.7,225,1028,3.5,81.26,4.3,4
2019,3,17,16,21.9,18.9,75,1028,3.7,83.19,4.4,3
2019,3,17,17,21.4,19.1,49,1028,3.4,86.65,4.4,4
2019,3,17,18,21,19,0,1028,3.3,88.61,4.5,4
2019,3,17,19,21,19.1,0,1028,3.3,88.79,4.4,3
2019,3,17,20,20.9,19.1,0,1028,3.1,89.49,4.5,4
2019,3,17,21,21,19.2,0,1029,2.8,89.3,4.5,4
2019,3,17,22,21,19.2,0,1028,2.7,89.53,4.6,4
2019,3,17,23,21.1,19.3,0,1028,2.6,89.2,4.7,4
2019,3,18,0,21.1,19.3,0,1028,2.5,89.64,4.7,4
2019,3,18,1,21.2,19.4,0,1027,2.4,89.69,4.6,4
2019,3,18,2,21.4,19.6,0,1027,2.3,89.31,4.5,4
2019,3,18,3,21.5,19.6,0,1026,2.2,89.18,4.5,4
2019,3,18,4,21.4,19.7,0,1026,2.1,89.8,4.4,3
2019,3,18,5,21.3,19.6,0,1026,2.1,90.14,4.3,1
2019,3,18,6,21.7,19.9,0,1026,2,89.49,4.1,3
2019,3,18,7,22.7,20.3,11,1026,2.6,86.52,3.9,4
2019,3,18,8,23.4,20.5,30,1026,3.3,83.64,4,4
2019,3,18,9,23.8,20.4,252,1027,4.1,81.15,4.4,4
2019,3,18,10,23.3,19.9,244,1027,4.4,81.38,4.6,3
2019,3,18,11,22.9,19.5,302,1027,4.3,81.28,4.5,3
2019,3,18,12,22.7,19.2,841,1026,4.4,80.62,4.4,0
2019,3,18,13,22.6,19,813,1025,4.4,80.26,4.3,1
2019,3,18,14,22.6,19,207,1025,4.2,80.07,4.2,3
2019,3,18,15,22.8,19,349,1024,3.8,79.23,4.1,2
2019,3,18,16,22.6,19,82,1024,3.2,80.29,3.9,3
2019,3,18,17,21.7,19.1,147,1025,2.5,85.29,3.9,0
2019,3,18,18,20.6,18.6,0,1025,2.3,88.36,3.9,0
2019,3,18,19,20.2,18.3,0,1026,2.1,89.12,3.9,3
2019,3,18,20,20,18.1,0,1026,2,88.72,3.9,3
2019,3,18,21,19.9,17.9,0,1026,1.8,88.17,3.9,0
2019,3,18,22,19.7,17.7,0,1026,1.7,88.33,3.9,3
2019,3,18,23,19.7,17.6,0,1026,1.6,87.65,3.8,3
2019,3,19,0,19.6,17.5,0,1026,1.6,87.77,3.8,3
2019,3,19,1,19.5,17.5,0,1025,1.7,87.96,3.8,3
2019,3,19,2,19.3,17.4,0,1025,1.9,88.86,3.8,1
2019,3,19,3,19.2,17.4,0,1025,2.1,89.2,3.8,1
2019,3,19,4,19.2,17.4,0,1025,2.2,89.13,3.8,3
2019,3,19,5,19.1,17.4,0,1026,2.3,89.63,3.8,3
2019,3,19,6,19.6,17.6,0,1026,2.5,88.43,3.8,3
2019,3,19,7,20.5,18,133,1027,3,85.54,3.9,1
2019,3,19,8,21.1,18.2,159,1028,3.2,83.59,3.9,3
2019,3,19,9,21.7,18.4,226,1028,3.4,81.46,3.9,3
2019,3,19,10,22.2,18.6,512,1028,3.7,79.91,3.9,2
2019,3,19,11,22.7,18.7,595,1027,3.9,78.3,3.9,3
2019,3,19,12,23,18.9,674,1027,4,77.5,3.8,2
2019,3,19,13,23.2,18.9,591,1026,4.1,76.76,3.7,2
2019,3,19,14,23.1,18.9,736,1025,4.3,77.21,3.6,0
2019,3,19,15,22.8,18.8,575,1025,4.5,78.37,3.5,0
2019,3,19,16,22.3,18.8,373,1025,4.7,80.42,3.4,0
2019,3,19,17,21.7,18.7,156,1025,4.6,83.29,3.4,0
2019,3,19,18,21.4,18.7,0,1025,4.4,84.52,3.4,0
2019,3,19,19,21.4,18.7,0,1025,4.3,84.57,3.4,0
2019,3,19,20,21.5,18.7,0,1026,4.1,84.34,3.4,0
2019,3,19,21,21.5,18.8,0,1026,4,84.81,3.5,0
2019,3,19,22,21.6,19,0,1026,3.7,84.98,3.5,0
2019,3,19,23,21.6,19.1,0,1025,3.4,85.73,3.6,0
2019,3,20,0,21.6,19.3,0,1025,3.1,86.82,3.7,1
2019,3,20,1,21.7,19.5,0,1024,2.8,87.56,3.7,0
2019,3,20,2,21.8,19.8,0,1024,2.5,88.37,3.8,3
2019,3,20,3,21.9,20,0,1023,2.5,88.96,3.9,3
2019,3,20,4,22,20.2,0,1023,2.6,89.53,3.8,3
2019,3,20,5,22,20.3,0,1023,2.9,90.33,3.7,0
2019,3,20,6,22.7,20.8,0,1023,3,88.83,3.7,0
2019,3,20,7,24.1,21.5,139,1024,3.3,85.34,3.7,1
2019,3,20,8,25.1,21.7,358,1024,3.3,81.31,3.7,0
2019,3,20,9,25.9,21.7,562,1024,3.6,77.56,3.8,0
2019,3,20,10,26.2,21.7,728,1024,3.8,76.37,3.8,0
2019,3,20,11,26.4,21.7,825,1023,3.7,75.49,3.9,0
2019,3,20,12,26.5,21.8,854,1022,3.6,75.25,4,0
2019,3,20,13,26.5,21.9,816,1021,3.4,75.79,4.1,0
2019,3,20,14,26.5,22.1,717,1021,3.3,76.66,4.2,0
2019,3,20,15,26.2,22.3,381,1021,3.2,79.13,4.2,2
2019,3,20,16,25.7,22.6,149,1021,2.9,82.89,4.2,3
2019,3,20,17,24.8,22.8,149,1021,2.4,88.54,4.2,1
2019,3,20,18,24,22.6,0,1021,2.1,91.88,4.1,3
2019,3,20,19,23.7,22.6,0,1022,2,93.29,4,1
2019,3,20,20,23.5,22.5,0,1022,1.9,93.99,3.9,3
2019,3,20,21,23.3,22.4,0,1022,2,94.73,3.8,1
2019,3,20,22,23.1,22.3,0,1023,2,95.51,3.7,0
2019,3,20,23,23,22.3,0,1022,2.1,95.55,3.7,1
2019,3,21,0,22.9,22.2,0,1022,2.1,95.7,3.6,7
2019,3,21,1,22.8,22.1,0,1022,2.1,95.75,3.7,1
2019,3,21,2,22.8,22,0,1022,2.1,95.06,3.7,3
2019,3,21,3,22.7,21.8,0,1021,2,94.55,3.7,3
2019,3,21,4,22.7,21.6,0,1021,2.1,93.3,3.8,1
2019,3,21,5,22.6,21.3,0,1021,2,92.59,3.8,0
2019,3,21,6,23.2,21.5,0,1021,2.1,90.08,3.7,1
2019,3,21,7,24.5,21.9,141,1022,2.6,85.64,3.6,0
2019,3,21,8,25.6,22,355,1022,2.8,80.3,3.6,0
2019,3,21,9,26.7,22,560,1022,2.9,75.25,3.5,0
2019,3,21,10,27.5,22,725,1021,3.1,71.99,3.5,0
2019,3,21,11,28,22.2,834,1021,3.3,70.78,3.5,0
2019,3,21,12,28.4,22.3,871,1020,3.5,69.78,3.6,0
2019,3,21,13,28.6,22.5,835,1019,3.4,69.4,3.7,0
2019,3,21,14,28.4,22.6,732,1019,3.2,70.79,3.8,0
2019,3,21,15,27.8,22.8,566,1018,2.9,74.15,3.8,0
2019,3,21,16,26.8,23.1,365,1019,2.6,80.14,3.7,1
2019,3,21,17,25.5,23.3,152,1019,2.1,87.61,3.6,1
2019,3,21,18,24.3,23,0,1020,1.8,92.73,3.6,0
2019,3,21,19,23.9,22.9,0,1021,1.6,94.16,3.5,0
2019,3,21,20,23.9,22.7,0,1021,1.4,93.27,3.5,0
2019,3,21,21,23.8,22.6,0,1022,1.2,93.1,3.4,0
2019,3,21,22,23.6,22.5,0,1022,1.3,93.66,3.4,3
2019,3,21,23,23.6,22.4,0,1021,1.4,93.16,3.3,3
2019,3,22,0,23.5,22.2,0,1021,1.6,92.66,3.3,1
2019,3,22,1,23.3,22,0,1021,1.9,92.19,3.3,1
2019,3,22,2,22.9,21.6,0,1021,2,92.36,3.3,3
2019,3,22,3,22.6,21.2,0,1021,2.2,91.67,3.3,3
2019,3,22,4,22.4,20.8,0,1022,2.5,90.76,3.4,3
2019,3,22,5,22.1,20.6,0,1022,2.9,91.07,3.5,3
2019,3,22,6,22.3,20.6,0,1023,3.2,90.02,3.6,3
2019,3,22,7,22.6,20.6,148,1024,4,88.63,3.7,0
2019,3,22,8,22.8,20.3,49,1025,4.7,85.98,3.8,3
2019,3,22,9,23.1,20,124,1025,5.1,82.74,3.8,3
2019,3,22,10,23.2,19.7,288,1025,5.6,80.86,3.8,2
2019,3,22,11,23,19.5,106,1025,6,80.68,3.8,3
2019,3,22,12,22.6,19.2,160,1024,6.2,81.28,3.8,3
2019,3,22,13,22.1,18.9,129,1024,6.4,82.17,3.8,3
2019,3,22,14,21.4,18.5,67,1024,6.4,83.77,3.8,3
2019,3,22,15,20.8,18.1,182,1024,6.5,84.68,3.9,3
2019,3,22,16,20.1,17.7,32,1024,6.4,85.97,3.9,3
2019,3,22,17,19.5,17.3,12,1025,6.3,87.09,3.8,3
2019,3,22,18,19.2,17,0,1026,6.1,87.35,3.8,4
2019,3,22,19,19.1,16.9,0,1026,5.9,87.04,3.8,4
2019,3,22,20,19.1,16.8,0,1027,5.7,86.63,3.8,4
2019,3,22,21,19.1,16.8,0,1027,5.4,86.43,3.8,3
2019,3,22,22,19.1,16.8,0,1028,5.1,86.4,3.9,3
2019,3,22,23,19.1,16.8,0,1028,5.1,86.27,3.9,3
2019,3,23,0,19,16.7,0,1028,5.2,86.48,3.8,3
2019,3,23,1,18.8,16.5,0,1028,5.5,86.76,3.7,4
2019,3,23,2,18.6,16.3,0,1028,6,86.44,3.5,7
2019,3,23,3,18.2,15.9,0,1028,6.4,86.54,3.4,4
2019,3,23,4,17.9,15.5,0,1029,6.7,86,3.6,3
2019,3,23,5,17.6,15.1,0,1030,6.8,85.43,3.7,4
2019,3,23,6,17.4,14.8,0,1031,6.8,84.46,3.6,3
2019,3,23,7,17.4,14.5,70,1031,6.7,83.04,3.5,4
2019,3,23,8,17.5,14.3,106,1032,6.5,81.73,3.3,3
2019,3,23,9,17.7,14.2,68,1032,6.4,80.22,3.1,4
2019,3,23,10,18,14.2,67,1032,6.2,78.56,3,4
2019,3,23,11,18.2,14.2,78,1031,6.2,77.46,3,4
2019,3,23,12,18.4,14.2,130,1031,6.4,76.48,3,4
2019,3,23,13,18.3,14.1,118,1030,6.7,76.38,3,4
2019,3,23,14,18,13.9,115,1030,7.1,76.94,3.1,3
2019,3,23,15,17.8,13.8,114,1030,7.1,77.3,3.1,3
2019,3,23,16,17.6,13.7,80,1030,7.1,77.91,3.1,4
2019,3,23,17,17.4,13.7,21,1031,7.2,78.95,3.1,4
2019,3,23,18,17.2,13.7,0,1031,7.2,80.01,3.2,4
2019,3,23,19,17.1,13.6,0,1032,7.2,79.95,3.2,4
2019,3,23,20,17.2,13.5,0,1033,7,78.91,3.3,3
2019,3,23,21,17.2,13.4,0,1033,6.8,78.24,3.2,4
2019,3,23,22,17.2,13.3,0,1033,6.7,77.81,3.1,4
2019,3,23,23,17.2,13.2,0,1032,6.7,77.53,3,4
2019,3,24,0,17.2,13.2,0,1032,6.7,77.48,3.1,4
2019,3,24,1,17.3,13.2,0,1031,6.5,77.02,3.2,4
2019,3,24,2,17.4,13.3,0,1031,6.4,76.95,3.3,4
2019,3,24,3,17.5,13.5,0,1030,6.2,77.22,3.4,4
2019,3,24,4,17.6,13.6,0,1030,6.1,77.5,3.5,4
2019,3,24,5,17.7,13.8,0,1031,5.9,77.95,3.6,4
2019,3,24,6,18,14.1,0,1031,5.9,77.94,3.6,4
2019,3,24,7,18.7,14.4,25,1031,6.2,76.17,3.7,4
2019,3,24,8,19.3,14.6,65,1031,6.3,74.46,3.7,4
2019,3,24,9,19.7,15,93,1031,6.1,74.26,3.8,8
2019,3,24,10,20.1,15.4,68,1030,5.8,74.22,3.8,4
2019,3,24,11,20.5,15.7,132,1030,5.3,73.97,3.9,4
2019,3,24,12,20.7,16,76,1029,4.9,74.27,3.9,4
2019,3,24,13,21,16.2,66,1028,4.7,74.1,3.9,8
2019,3,24,14,21.2,16.4,220,1027,4.5,74.19,3.9,8
2019,3,24,15,21.2,16.6,54,1027,4.2,74.81,3.9,4
2019,3,24,16,21,16.7,143,1027,3.8,76.48,4,4
2019,3,24,17,20.6,17,13,1027,3.3,79.76,4,4
2019,3,24,18,20.4,17.1,1,1027,3,81.3,4.1,4
2019,3,24,19,20.5,17.2,0,1028,2.9,81.5,4.1,4
2019,3,24,20,20.5,17.3,0,1028,2.7,81.69,4.1,4
2019,3,24,21,20.5,17.3,0,1028,2.5,81.93,4.2,4
2019,3,24,22,20.6,17.4,0,1028,2.2,81.8,4.2,4
2019,3,24,23,20.8,17.5,0,1027,2,81.25,4.3,4
2019,3,25,0,20.9,17.6,0,1026,1.9,81.23,4.3,4
2019,3,25,1,20.8,17.7,0,1025,1.8,82.3,4.2,3
2019,3,25,2,20.9,17.8,0,1024,1.9,82.58,4,3
2019,3,25,3,21,18,0,1024,1.9,83.03,3.8,4
2019,3,25,4,20.9,18.2,0,1024,2.4,84.8,3.9,3
2019,3,25,5,20.7,18.4,0,1025,2.6,86.96,4.1,3
2019,3,25,6,21.2,18.9,2,1025,3.1,86.95,4.2,4
2019,3,25,7,21.7,19.2,54,1026,4.2,85.83,4.3,4
2019,3,25,8,21.4,18.8,57,1027,5,85.08,4.3,4
2019,3,25,9,20.6,18,53,1027,5.7,85.05,4.3,4
2019,3,25,10,20,17.3,67,1028,5.7,84.54,4.3,4
2019,3,25,11,19.9,17,200,1027,5.1,83.64,4.4,4
2019,3,25,12,20.1,17.2,143,1027,4.9,83.36,4.6,4
2019,3,25,13,20.2,17.4,74,1026,5.1,84.18,4.7,4
2019,3,25,14,20.3,17.6,181,1026,5,84.6,4.5,4
2019,3,25,15,20.8,17.8,195,1026,4.9,83.17,4.2,8
2019,3,25,16,21,18,125,1026,4.5,82.89,3.7,3
2019,3,25,17,20.5,18,42,1026,4,85.42,3.3,7
2019,3,25,18,19.6,17.6,3,1027,3.5,88.28,3,3
2019,3,25,19,19.2,17.4,0,1027,3.2,89.26,2.8,3
2019,3,25,20,19,17.2,0,1028,3,89.16,2.6,3
2019,3,25,21,18.9,17,0,1029,2.9,88.67,2.5,1
2019,3,25,22,18.7,16.8,0,1029,3,88.89,2.5,1
2019,3,25,23,18.7,16.7,0,1029,3.1,88.37,2.4,3
2019,3,26,0,18.7,16.6,0,1029,3.2,87.73,2.4,3
2019,3,26,1,18.6,16.5,0,1029,3.3,87.54,2.3,3
2019,3,26,2,18.6,16.4,0,1029,3.4,87.15,2.3,3
2019,3,26,3,18.6,16.4,0,1029,3.6,87.06,2.2,3
2019,3,26,4,18.6,16.4,0,1029,3.8,86.89,2.2,3
2019,3,26,5,18.6,16.4,0,1030,4,86.78,2.2,3
2019,3,26,6,19.1,16.6,4,1030,4.3,85.26,2.1,1
2019,3,26,7,19.7,16.7,168,1031,4.7,82.79,2.1,1
2019,3,26,8,20.3,16.7,192,1031,4.7,80.03,2.1,3
2019,3,26,9,20.9,16.8,305,1032,4.6,77.55,2.1,3
2019,3,26,10,21.6,17,599,1031,4.6,75.05,2.1,2
2019,3,26,11,22.1,17.2,902,1031,4.7,73.56,2.2,0
2019,3,26,12,22.3,17.2,933,1030,5,72.86,2.3,0
2019,3,26,13,22.3,17.2,888,1030,5,72.74,2.5,0
2019,3,26,14,22.2,17,776,1029,4.9,72.63,2.6,0
2019,3,26,15,21.8,16.9,601,1029,4.9,73.64,2.7,0
2019,3,26,16,21.4,16.7,389,1029,4.9,74.61,2.8,0
2019,3,26,17,20.8,16.7,167,1029,4.5,77.27,2.8,0
2019,3,26,18,20.3,16.6,4,1029,3.9,79.55,2.9,0
2019,3,26,19,20.4,16.7,0,1029,3.6,79.1,3,0
2019,3,26,20,20.5,16.7,0,1029,3.5,79.02,3.1,0
2019,3,26,21,20.6,16.9,0,1029,3.4,79.37,3.2,0
2019,3,26,22,20.7,17.1,0,1029,3.2,80,3.2,0
2019,3,26,23,20.8,17.4,0,1029,3,80.69,3.3,0
2019,3,27,0,20.9,17.6,0,1028,2.7,81.19,3.4,0
2019,3,27,1,21.1,17.7,0,1028,2.3,81.16,3.4,0
2019,3,27,2,21.3,17.9,0,1028,2,81.07,3.5,3
2019,3,27,3,21.4,18.1,0,1028,1.9,81.45,3.5,1
2019,3,27,4,21.3,18.3,0,1028,2,82.82,3.6,7
2019,3,27,5,21.2,18.4,0,1028,2.1,84.17,3.6,3
2019,3,27,6,21.7,19,5,1029,2.3,84.64,3.6,1
2019,3,27,7,23,19.5,161,1029,3,80.71,3.6,1
2019,3,27,8,24,19.7,379,1029,3.1,76.77,3.6,1
2019,3,27,9,24.8,19.9,582,1029,3,74.05,3.6,0
2019,3,27,10,25.4,20,744,1028,2.9,72.11,3.6,0
2019,3,27,11,25.6,20.1,859,1027,2.8,71.76,3.5,0
2019,3,27,12,25.7,20.3,891,1026,2.7,72.14,3.5,0
2019,3,27,13,25.6,20.4,637,1025,2.8,73.03,3.5,3
2019,3,27,14,25.3,20.4,372,1025,2.7,74.27,3.5,3
2019,3,27,15,24.8,20.4,314,1025,2.5,76.35,3.5,3
2019,3,27,16,24.1,20.5,202,1025,2.3,80.23,3.5,3
2019,3,27,17,23.5,20.7,86,1025,2,84.44,3.5,3
2019,3,27,18,22.9,20.6,4,1025,1.9,86.85,3.4,1
2019,3,27,19,23,20.6,0,1025,1.9,86.3,3.4,3
2019,3,27,20,23.2,20.7,0,1025,2.1,85.73,3.4,0
2019,3,27,21,23.1,20.8,0,1025,2.3,86.8,3.4,0
2019,3,27,22,23,20.9,0,1024,2.4,87.73,3.5,1
2019,3,27,23,22.7,20.9,0,1024,2.6,89.63,3.6,0
2019,3,28,0,22.5,20.9,0,1024,2.6,90.93,3.7,0
2019,3,28,1,22.4,21,0,1023,2.5,91.61,3.8,3
2019,3,28,2,22.3,21,0,1023,2.5,92.5,3.8,3
2019,3,28,3,22.2,21.1,0,1023,2.5,93.44,3.8,3
2019,3,28,4,22.1,21.1,0,1023,2.5,94.32,3.8,3
2019,3,28,5,22,21.2,0,1023,2.6,94.96,3.8,3
2019,3,28,6,22.8,21.5,4,1023,2.7,92.23,3.8,3
2019,3,28,7,24,21.9,154,1023,3.3,88.28,3.8,0
2019,3,28,8,25.1,22.1,368,1022,3.7,83.22,3.7,0
2019,3,28,9,26.3,22.1,573,1022,3.9,77.52,3.7,0
2019,3,28,10,27.2,21.9,737,1021,3.9,72.96,3.6,0
2019,3,28,11,27.8,21.9,841,1020,3.8,70.14,3.7,0
2019,3,28,12,28.3,21.9,874,1019,3.7,68.24,3.8,0
2019,3,28,13,28.4,22,830,1019,3.6,68.27,4,0
2019,3,28,14,28.2,22.1,722,1018,3.4,69.64,4.1,1
2019,3,28,15,27.6,22.3,387,1018,3.1,73.04,4.1,2
2019,3,28,16,26.7,22.7,355,1018,2.8,78.57,4.1,0
2019,3,28,17,25.4,23,145,1018,2.2,86.53,4.1,0
2019,3,28,18,24.3,22.8,3,1019,2.1,91.38,4,1
2019,3,28,19,23.9,22.7,0,1019,2.1,93.17,3.9,3
2019,3,28,20,23.6,22.6,0,1019,2.1,93.97,3.8,0
2019,3,28,21,23.5,22.4,0,1019,2,93.31,3.7,1
2019,3,28,22,23.4,22,0,1019,1.9,92.06,3.7,0
2019,3,28,23,23.1,21.6,0,1019,1.9,91.54,3.6,1
2019,3,29,0,22.8,21.2,0,1018,2.1,90.81,3.6,1
2019,3,29,1,22.5,20.8,0,1018,2.3,90.22,3.6,0
2019,3,29,2,22.3,20.4,0,1018,2.6,89.24,3.8,1
2019,3,29,3,22.1,20.2,0,1018,2.8,88.82,3.9,1
2019,3,29,4,22,20,0,1018,2.9,88.27,4.1,3
2019,3,29,5,21.9,19.8,0,1019,2.8,88.12,4.2,3
2019,3,29,6,22.5,20.3,5,1019,2.8,87.44,4.3,1
2019,3,29,7,23.7,20.5,159,1020,3.1,82.51,4.3,1
2019,3,29,8,24.4,20.6,118,1021,3.7,79.38,4.4,3
2019,3,29,9,24.6,20.8,363,1021,4.1,79.21,4.4,3
2019,3,29,10,24.7,20.8,307,1021,4.3,78.97,4.5,3
2019,3,29,11,24.5,20.6,274,1021,4.4,79.13,4.5,3
2019,3,29,12,24.2,20.3,647,1021,4.4,78.99,4.5,7
2019,3,29,13,23.7,20,212,1020,4.5,79.68,4.6,3
2019,3,29,14,23.2,19.7,286,1020,4.2,80.56,4.5,3
2019,3,29,15,22.7,19.4,77,1020,3.7,81.75,4.5,3
2019,3,29,16,22.3,19.2,375,1020,3.2,82.72,4.4,1
2019,3,29,17,21.8,19.1,64,1020,2.9,84.62,4.2,3
2019,3,29,18,21.1,19,4,1021,2.5,87.86,4.2,3
2019,3,29,19,21,18.9,0,1021,2.2,87.85,4.2,3
2019,3,29,20,20.9,18.9,0,1021,2,88.1,4.2,3
2019,3,29,21,20.8,18.8,0,1021,1.7,88.3,4.3,4
2019,3,29,22,20.9,18.8,0,1021,1.6,87.98,4.6,4
2019,3,29,23,20.8,19.1,0,1022,2.5,89.79,4.8,4
2019,3,30,0,20.8,19.2,0,1022,3.7,90.57,5,4
2019,3,30,1,20.8,19.1,0,1022,4.9,90.19,4.9,4
2019,3,30,2,20.7,18.8,0,1023,6.2,88.7,4.7,4
2019,3,30,3,20.2,18.1,0,1024,7.4,87.49,4.6,7
2019,3,30,4,19.7,17.3,0,1025,7.4,86.02,4.5,8
2019,3,30,5,19.4,17,0,1026,5.5,85.98,4.4,7
2019,3,30,6,19.7,17,3,1026,3.9,84.25,4,7
2019,3,30,7,20.4,17,9,1026,3.5,80.76,3.4,7
2019,3,30,8,21.3,17.2,70,1026,3.4,77.27,3,4
2019,3,30,9,22.1,17.4,394,1026,3.6,74.88,2.7,6
2019,3,30,10,22.7,17.7,542,1025,3.8,73.46,2.6,7
2019,3,30,11,23.1,18,580,1025,4.1,73.01,2.5,6
2019,3,30,12,23.3,18.2,695,1024,4.4,72.99,2.5,7
2019,3,30,13,23.3,18.3,486,1024,4.6,73.56,2.5,7
2019,3,30,14,23.1,18.3,433,1024,4.8,74.21,2.6,3
2019,3,30,15,22.7,18.1,275,1024,4.9,75.38,2.6,7
2019,3,30,16,22.3,18,62,1024,5,76.59,2.6,3
2019,3,30,17,21.8,17.9,28,1024,4.8,78.59,2.7,3
2019,3,30,18,21.4,17.9,2,1025,4.5,80.32,2.8,3
2019,3,30,19,21.3,17.8,0,1026,4.6,80.54,2.9,3
2019,3,30,20,21.3,17.7,0,1026,4.7,80.17,3,3
2019,3,30,21,21.3,17.7,0,1027,4.9,79.84,3.1,7
2019,3,30,22,21.3,17.6,0,1027,5.1,79.45,3.2,7
2019,3,30,23,21.3,17.5,0,1027,5.4,78.9,3.2,7
2019,3,31,0,21.2,17.3,0,1027,5.6,78.64,3.3,7
2019,3,31,1,21.1,17.2,0,1027,5.8,78.53,3.4,7
2019,3,31,2,21,17.2,0,1027,6,78.75,3.4,7
2019,3,31,3,20.8,17.1,0,1027,6.2,79.48,3.4,8
2019,3,31,4,20.6,17.1,0,1028,6.4,80.23,3.4,4
2019,3,31,5,20.4,17,0,1029,6.3,81.01,3.4,3
2019,3,31,6,20.5,17.1,2,1030,6.5,80.78,3.5,3
2019,3,31,7,20.7,17,15,1030,6.9,79.57,3.4,4
2019,3,31,8,20.9,17,63,1031,7,78.18,3.4,3
2019,3,31,9,21.2,17,578,1031,6.9,76.8,3.4,8
2019,3,31,10,21.4,16.9,739,1030,6.8,75.73,3.3,7
2019,3,31,11,21.5,16.9,314,1030,7,75.01,3.4,3
2019,3,31,12,21.5,16.8,239,1029,7.2,74.43,3.4,3
2019,3,31,13,21.4,16.6,188,1029,7.1,74.15,3.4,3
2019,3,31,14,21.2,16.4,281,1028,7.1,73.86,3.5,3
2019,3,31,15,20.8,16.1,270,1028,7.1,74.28,3.5,3
2019,3,31,16,20.3,15.8,147,1029,7.1,75.18,3.5,3
2019,3,31,17,19.7,15.5,33,1029,6.8,76.9,3.6,3
2019,3,31,18,19.3,15.5,3,1030,6.5,78.63,3.7,1
2019,3,31,19,19.1,15.5,0,1031,6.6,79.51,3.9,3
2019,3,31,20,19,15.5,0,1032,6.6,79.97,4,3
2019,3,31,21,18.9,15.5,0,1032,6.4,80.61,4.1,3
2019,3,31,22,18.8,15.6,0,1032,6.3,81.43,4.1,3
2019,3,31,23,18.8,15.6,0,1032,6,81.84,4.1,3
2019,4,1,0,18.6,15.6,0,1032,6,82.95,4.1,4
2019,4,1,1,18.3,15.5,0,1032,6.3,83.94,3.9,4
2019,4,1,2,18,15.2,0,1031,6.7,83.9,3.8,4
2019,4,1,3,17.6,15,0,1032,6.8,84.48,3.7,4
2019,4,1,4,17.4,14.7,0,1032,6.8,84.16,3.7,4
2019,4,1,5,17.2,14.6,0,1033,6.7,84.48,3.7,4
2019,4,1,6,17.3,14.5,2,1033,6.6,83.48,3.6,4
2019,4,1,7,17.5,14.5,15,1034,6.6,82.52,3.6,4
2019,4,1,8,17.8,14.6,115,1034,6.5,81.31,3.7,4
2019,4,1,9,18,14.7,90,1034,6.4,80.79,3.8,4
2019,4,1,10,18.4,14.8,70,1034,6.4,79.5,3.9,4
2019,4,1,11,18.6,14.9,76,1033,6.4,79.1,3.9,4
2019,4,1,12,18.9,15,138,1032,6.5,78.18,3.9,3
2019,4,1,13,19,15.1,88,1032,6.7,77.88,3.8,4
2019,4,1,14,19,15,181,1031,6.7,77.39,3.7,4
2019,4,1,15,19,14.8,74,1031,6.7,76.43,3.7,4
2019,4,1,16,19,14.5,181,1031,6.5,75.16,3.6,3
2019,4,1,17,18.9,14.3,14,1031,6.2,74.71,3.5,3
2019,4,1,18,18.8,14.3,2,1032,5.9,74.89,3.4,3
2019,4,1,19,18.8,14.2,0,1032,5.8,74.67,3.4,3
2019,4,1,20,18.8,14.2,0,1032,5.8,74.8,3.3,3
2019,4,1,21,18.9,14.3,0,1032,5.8,74.89,3.3,3
2019,4,1,22,18.9,14.5,0,1032,5.8,75.8,3.4,3
2019,4,1,23,19,14.7,0,1031,5.4,76.34,3.4,4
2019,4,2,0,19.1,14.9,0,1031,4.9,76.58,3.4,4
2019,4,2,1,19.1,15,0,1030,4.6,77.2,3.5,3
2019,4,2,2,19.1,15.2,0,1030,4.4,77.98,3.5,3
2019,4,2,3,19.2,15.3,0,1029,4.3,78.27,3.5,3
2019,4,2,4,19.2,15.5,0,1029,4.2,79.15,3.6,3
2019,4,2,5,19.3,15.7,0,1030,4.1,79.7,3.7,3
2019,4,2,6,20.1,16.2,7,1030,4.4,78.43,3.8,4
2019,4,2,7,21.1,16.6,66,1030,5,75.62,4,4
2019,4,2,8,21.8,16.9,44,1030,5.1,73.72,4,4
2019,4,2,9,22.5,17.2,56,1030,5,72.06,4.1,4
2019,4,2,10,23.1,17.5,69,1029,4.8,70.97,4.1,4
2019,4,2,11,23.7,17.8,156,1028,4.3,69.71,4.2,4
2019,4,2,12,24.2,18.1,196,1027,3.5,68.94,4.4,4
2019,4,2,13,24.5,18.4,301,1026,2.9,68.88,4.5,3
2019,4,2,14,24.4,18.6,249,1026,3.4,70,4.5,3
2019,4,2,15,24,18.8,158,1025,3.6,72.71,4.5,3
2019,4,2,16,23.4,19,53,1026,3.5,76.14,4.4,4
2019,4,2,17,22.7,19.2,14,1026,2.9,80.58,4.4,4
2019,4,2,18,22,19.2,2,1026,2.6,83.89,4.4,4
2019,4,2,19,21.8,19.1,0,1027,2.5,84.68,4.4,4
2019,4,2,20,21.7,19.1,0,1028,2.3,85.12,4.4,3
2019,4,2,21,21.5,19.1,0,1028,2.1,86.09,4.4,3
2019,4,2,22,21.5,19.1,0,1028,2,86.04,4.4,3
2019,4,2,23,21.4,19,0,1027,1.9,86.43,4.4,0
2019,4,3,0,21.3,19,0,1027,1.8,86.85,4.4,3
2019,4,3,1,21.2,18.9,0,1026,1.8,86.95,4.4,3
2019,4,3,2,21.1,18.9,0,1026,1.8,87.03,4.4,3
2019,4,3,3,20.9,18.7,0,1026,1.8,87.5,4.4,3
2019,4,3,4,20.8,18.6,0,1026,1.7,87.2,4.3,3
2019,4,3,5,20.7,18.5,0,1026,1.8,87.03,4.2,3
2019,4,3,6,21.1,18.8,7,1027,2.3,86.48,4.3,1
2019,4,3,7,21.5,18.8,74,1028,2.9,84.59,4.3,3
2019,4,3,8,21.8,18.8,152,1029,3.1,83.14,4.3,3
2019,4,3,9,22.2,18.9,210,1029,3.4,81.37,4.3,3
2019,4,3,10,22.5,18.9,197,1028,3.8,80.17,4.4,4
2019,4,3,11,22.7,19,214,1028,4.2,79.51,4.6,4
2019,4,3,12,22.6,18.9,112,1027,4.5,79.55,4.7,4
2019,4,3,13,22.2,18.8,103,1027,4.4,80.84,4.6,4
2019,4,3,14,22,18.7,122,1026,4.3,81.41,4.5,4
2019,4,3,15,21.8,18.7,150,1026,4.3,82.38,4.5,4
2019,4,3,16,21.6,18.7,183,1026,4.3,83.59,4.5,3
2019,4,3,17,21.4,18.9,35,1027,4,85.45,4.6,3
2019,4,3,18,21.3,19.1,3,1027,3.5,87.2,4.5,3
2019,4,3,19,21.4,19.2,0,1027,3.1,87.55,4.5,4
2019,4,3,20,21.5,19.4,0,1028,2.9,87.68,4.5,3
2019,4,3,21,21.5,19.5,0,1028,2.8,88.14,4.5,4
2019,4,3,22,21.5,19.6,0,1028,2.8,88.7,4.6,3
2019,4,3,23,21.5,19.7,0,1028,3,89.32,4.6,3
2019,4,4,0,21.3,19.7,0,1027,3.3,90.64,4.6,3
2019,4,4,1,21.3,19.7,0,1027,3.6,90.76,4.6,3
2019,4,4,2,21.4,19.8,0,1026,4.1,90.68,4.6,1
2019,4,4,3,21.6,20,0,1026,4.6,90.48,4.6,3
2019,4,4,4,21.8,20.1,0,1026,5,90.24,4.6,4
2019,4,4,5,22,20.2,0,1026,5.2,89.76,4.6,3
2019,4,4,6,22.6,20.6,13,1026,5.4,88.45,4.7,3
2019,4,4,7,23.4,20.9,145,1026,5.5,85.91,4.7,7
2019,4,4,8,24.3,21,234,1026,5.2,82.01,4.8,3
2019,4,4,9,25.2,21.3,549,1026,4.4,78.96,4.9,7
2019,4,4,10,26,21.5,669,1025,3.5,76.23,4.9,2
2019,4,4,11,26.5,21.6,852,1025,3.5,74.57,5,1
2019,4,4,12,26.6,21.7,673,1024,4.1,74.72,5,3
2019,4,4,13,26.2,21.8,711,1023,4.3,76.99,5.1,3
2019,4,4,14,26,21.9,570,1023,4.3,78.29,5.1,2
2019,4,4,15,25.5,21.9,575,1023,4.1,80.36,5.1,7
2019,4,4,16,24.8,21.8,376,1023,4,83.38,5.1,0
2019,4,4,17,23.9,21.7,55,1023,3.5,87.4,5.1,3
2019,4,4,18,23.1,21.4,4,1024,3,90.4,5.1,3
2019,4,4,19,22.8,21.2,0,1024,2.7,90.45,5.1,8
2019,4,4,20,22.5,20.9,0,1025,2.7,90.45,5.2,7
2019,4,4,21,22.1,20.5,0,1026,3,90.57,5.2,8
2019,4,4,22,21.6,20.1,0,1026,3,90.97,5.2,7
2019,4,4,23,21.3,19.6,0,1025,2.9,90.16,5.2,7
2019,4,5,0,21,19.3,0,1025,2.5,89.99,5.1,4
2019,4,5,1,20.8,19.1,0,1024,2.2,89.74,4.9,7
2019,4,5,2,20.7,18.9,0,1023,2,89.66,4.8,7
2019,4,5,3,20.6,18.9,0,1023,2.3,90.2,4.7,7
2019,4,5,4,20.5,18.9,0,1023,2.7,90.52,4.6,7
2019,4,5,5,20.4,18.8,0,1024,3.1,90.33,4.6,7
2019,4,5,6,21,18.9,10,1024,3.7,88.01,4.5,4
2019,4,5,7,21.7,19,196,1025,4.1,84.84,4.3,8
2019,4,5,8,22.6,19.1,114,1025,4.4,80.73,4.2,3
2019,4,5,9,23.5,19.2,143,1024,4.7,76.69,4,3
2019,4,5,10,24.1,19.2,189,1024,4.9,74.31,3.9,3
2019,4,5,11,24.4,19.3,372,1024,4.9,73.1,3.9,3
2019,4,5,12,24.4,19.2,287,1023,4.8,72.74,3.9,3
2019,4,5,13,24.1,19,654,1023,4.7,73.32,3.8,3
2019,4,5,14,23.6,18.8,255,1023,4.4,74.59,3.8,3
2019,4,5,15,22.9,18.6,314,1022,4.2,76.64,3.7,3
2019,4,5,16,22.2,18.4,408,1023,4,78.89,3.6,0
2019,4,5,17,21.5,18.1,186,1023,3.8,80.95,3.5,0
2019,4,5,18,21,17.9,11,1023,3.2,82.67,3.4,0
2019,4,5,19,20.9,17.8,0,1024,2.8,82.66,3.3,0
2019,4,5,20,20.9,17.7,0,1024,2.6,82.04,3.3,0
2019,4,5,21,21,17.7,0,1024,2.5,81.2,3.2,0
2019,4,5,22,21.1,17.6,0,1024,2.4,80.58,3.3,7
2019,4,5,23,21.1,17.6,0,1024,2.3,80.64,3.3,3
2019,4,6,0,21,17.7,0,1023,2.3,81.29,3.2,7
2019,4,6,1,21,17.8,0,1023,2.3,81.7,3.2,1
2019,4,6,2,20.9,17.8,0,1023,2.3,82.61,3.2,7
2019,4,6,3,20.9,17.9,0,1022,2.2,82.75,3.2,0
2019,4,6,4,20.9,17.9,0,1023,2.1,83.11,3.2,1
2019,4,6,5,20.9,18,0,1023,2,83.46,3.3,0
2019,4,6,6,21.9,18.6,24,1023,1.8,81.71,3.3,1
2019,4,6,7,23,18.9,215,1024,1.8,77.94,3.4,0
2019,4,6,8,24,19.2,439,1024,1.2,74.53,3.4,0
2019,4,6,9,25,19.5,645,1024,1.6,71.48,3.4,0
2019,4,6,10,25.7,19.8,806,1023,2.1,69.93,3.4,0
2019,4,6,11,26.1,20.2,921,1023,2.3,69.79,3.4,0
2019,4,6,12,26.3,20.3,711,1022,2.5,69.74,3.5,2
2019,4,6,13,26.2,20.4,217,1021,2.5,70.44,3.5,3
2019,4,6,14,26.1,20.4,141,1021,2.4,70.92,3.6,3
2019,4,6,15,25.7,20.4,255,1020,2.3,72.43,3.6,3
2019,4,6,16,25.1,20.4,132,1021,2.2,75.12,3.6,3
2019,4,6,17,24.3,20.5,107,1021,1.8,79.16,3.6,3
2019,4,6,18,23.3,20.5,10,1021,1.2,84.17,3.5,7
2019,4,6,19,23,20.4,0,1022,1.1,85.32,3.5,7
2019,4,6,20,23.1,20.4,0,1022,1.2,84.82,3.6,1
2019,4,6,21,23.1,20.5,0,1023,1.4,85.56,3.7,1
2019,4,6,22,23,20.7,0,1022,1.6,86.88,3.8,1
2019,4,6,23,22.9,20.9,0,1022,1.7,88.24,3.9,1
2019,4,7,0,22.9,21,0,1022,1.8,88.96,4,0
2019,4,7,1,22.9,21,0,1021,1.8,89.2,4.1,0
2019,4,7,2,22.7,21,0,1021,1.8,90.08,4.2,1
2019,4,7,3,22.6,20.9,0,1021,1.8,89.9,4.2,1
2019,4,7,4,22.4,20.7,0,1021,1.7,90,4.3,3
2019,4,7,5,22.4,20.5,0,1021,1.7,88.83,4.3,3
2019,4,7,6,23.2,21,19,1022,1.6,87.45,4.3,1
2019,4,7,7,24.3,20.9,200,1022,1.9,81.52,4.3,1
2019,4,7,8,25.4,20.9,323,1023,2.1,76.01,4.4,3
2019,4,7,9,26.3,21.1,437,1023,2.2,73.01,4.4,3
2019,4,7,10,26.9,21.3,386,1022,2.7,71.39,4.4,3
2019,4,7,11,27.2,21.5,573,1022,3.4,70.86,4.4,2
2019,4,7,12,27.2,21.6,908,1022,4.2,71.58,4.4,0
2019,4,7,13,26.9,21.7,860,1021,4.9,73.29,4.6,1
2019,4,7,14,26.4,21.7,676,1021,4.8,75.6,4.8,2
2019,4,7,15,25.9,21.7,575,1021,4.3,77.8,4.9,1
2019,4,7,16,25.4,21.7,143,1021,3.5,80.17,4.9,4
2019,4,7,17,24.8,21.9,57,1021,2.3,84.06,4.8,3
2019,4,7,18,24.3,21.8,5,1021,1.2,86.14,4.7,3
2019,4,7,19,24,21.8,0,1021,1.1,87.57,4.5,4
2019,4,7,20,24,21.7,0,1022,1.3,87.03,4.4,3
2019,4,7,21,23.9,21.7,0,1022,1.5,87.75,4.4,7
2019,4,7,22,23.9,21.8,0,1022,1.7,88.28,4.3,3
2019,4,7,23,23.9,22,0,1022,1.7,89.07,4.3,0
2019,4,8,0,24,22.1,0,1022,1.7,89.29,4.2,0
2019,4,8,1,24,22.1,0,1021,1.6,89.36,4.2,0
2019,4,8,2,23.9,22.1,0,1021,1.5,89.83,4.2,1
2019,4,8,3,23.8,22,0,1021,1.5,89.82,4.1,0
2019,4,8,4,23.6,21.9,0,1021,1.4,90.15,4.1,0
2019,4,8,5,23.5,21.7,0,1021,1.3,89.88,4,0
2019,4,8,6,24,22.1,20,1022,1.4,89.36,3.9,0
2019,4,8,7,25.1,22.2,203,1023,1.5,83.98,3.9,0
2019,4,8,8,26,22.1,420,1023,1.2,78.92,3.9,0
2019,4,8,9,26.9,22,618,1024,1.1,74.58,3.9,0
2019,4,8,10,27.6,22.2,775,1023,1.3,72.24,3.8,0
2019,4,8,11,27.9,22.3,887,1023,1.6,71.8,3.9,1
2019,4,8,12,28,22.5,914,1023,1.7,71.88,4,0
2019,4,8,13,27.9,22.5,870,1022,1.9,72.43,4.2,0
2019,4,8,14,27.7,22.5,759,1022,2,73.51,4.3,0
2019,4,8,15,27.3,22.6,589,1021,2.3,75.51,4.4,0
2019,4,8,16,26.7,22.8,384,1021,2.7,79.13,4.5,0
2019,4,8,17,25.9,23,166,1021,2.8,84.22,4.6,0
2019,4,8,18,25.2,23.1,6,1021,2.8,88.14,4.6,0
2019,4,8,19,25,23,0,1022,2.8,88.91,4.5,0
2019,4,8,20,24.8,23,0,1022,2.8,89.91,4.3,0
2019,4,8,21,24.6,23,0,1022,2.8,91.04,4.2,1
2019,4,8,22,24.5,22.9,0,1022,2.8,90.73,4.2,7
2019,4,8,23,24.3,22.8,0,1022,2.7,91.35,4.1,7
2019,4,9,0,24.2,22.8,0,1022,2.4,91.86,4.2,0
2019,4,9,1,24.1,22.7,0,1021,2.2,92.05,4.3,0
2019,4,9,2,24,22.7,0,1021,1.9,92.48,4.3,0
2019,4,9,3,24,22.7,0,1021,1.7,92.47,4.4,7
2019,4,9,4,23.9,22.7,0,1021,1.5,92.96,4.4,7
2019,4,9,5,23.9,22.6,0,1021,1.4,92.7,4.4,7
2019,4,9,6,24.6,23,21,1022,1.4,90.89,4.5,1
2019,4,9,7,25.5,23.2,202,1022,1.7,87.02,4.6,0
2019,4,9,8,26.4,23.3,371,1022,1.9,83.01,4.6,7
2019,4,9,9,27.3,23.3,434,1022,2.2,78.88,4.8,4
2019,4,9,10,28,23.3,684,1022,2.5,75.84,4.9,7
2019,4,9,11,28.4,23.4,853,1021,2.9,74.33,4.9,0
2019,4,9,12,28.6,23.5,883,1020,3.2,73.96,5,0
2019,4,9,13,28.6,23.6,845,1020,3.5,74.56,4.9,0
2019,4,9,14,28.5,23.7,746,1019,3.7,75.39,4.9,1
2019,4,9,15,28.2,23.8,318,1018,3.7,77.03,4.8,3
2019,4,9,16,27.8,23.9,177,1018,3.5,79.34,4.6,3
2019,4,9,17,26.9,24.1,133,1018,2.8,84.9,4.5,3
2019,4,9,18,25.8,24.1,9,1019,2.5,90.11,4.3,1
2019,4,9,19,25.3,24,0,1019,2.5,92.29,4,1
2019,4,9,20,24.9,23.9,0,1020,2.4,94.44,3.7,0
2019,4,9,21,24.7,23.9,0,1020,2.5,95.18,3.4,1
2019,4,9,22,24.5,23.7,0,1020,2.6,95.38,3.3,1
2019,4,9,23,24.3,23.4,0,1020,2.7,95.01,3.2,0
2019,4,10,0,24.2,23.1,0,1019,2.7,93.56,3.1,1
2019,4,10,1,24,22.7,0,1019,2.8,92.56,3.1,0
2019,4,10,2,23.8,22.4,0,1019,2.8,91.75,3.1,0
2019,4,10,3,23.7,22,0,1018,2.8,90.31,3.2,0
2019,4,10,4,23.6,21.7,0,1019,2.9,88.93,3.3,0
2019,4,10,5,23.7,21.1,0,1019,3,85.61,3.4,0
2019,4,10,6,24.8,21.2,29,1020,3,80.33,3.5,0
2019,4,10,7,26.1,21.1,218,1020,3.5,74.18,3.7,0
2019,4,10,8,26.9,21,432,1021,4.6,70.25,3.9,0
2019,4,10,9,27.1,21,626,1022,5.4,69.2,4.1,0
2019,4,10,10,26.6,20.8,778,1022,5.8,70.71,4.2,0
2019,4,10,11,25.8,20.6,875,1022,6,73.19,4.2,0
2019,4,10,12,25.2,20.3,896,1021,5.9,74.49,4.2,0
2019,4,10,13,24.8,20.1,850,1021,5.6,75.07,4.1,0
2019,4,10,14,24.3,19.8,742,1021,5.7,75.9,4.2,1
2019,4,10,15,23.5,19.3,379,1021,6,77.46,4.2,2
2019,4,10,16,22.6,18.8,373,1021,5.9,79.16,4.1,1
2019,4,10,17,21.8,18.4,53,1022,5.7,81.16,4.1,3
2019,4,10,18,21.3,18.2,5,1022,5.5,82.7,4,1
2019,4,10,19,21.1,18.2,0,1023,5.3,83.59,4,3
2019,4,10,20,21.2,18.3,0,1023,5,83.62,4,3
2019,4,10,21,21.2,18.5,0,1023,4.7,84.42,4,3
2019,4,10,22,21.2,18.6,0,1023,4.3,85.11,4,3
2019,4,10,23,21.3,18.7,0,1023,4.2,85.08,4,3
2019,4,11,0,21.2,18.7,0,1022,4.1,85.81,4.1,3
2019,4,11,1,21.2,18.8,0,1022,4.1,86.05,4.1,3
2019,4,11,2,21.2,18.8,0,1022,4,86.24,4.2,3
2019,4,11,3,21.2,18.8,0,1021,4,86.41,4.3,3
2019,4,11,4,21.2,18.9,0,1021,3.8,86.68,4.4,3
2019,4,11,5,21.3,19,0,1021,3.6,86.6,4.5,3
2019,4,11,6,22,19.3,12,1021,3.9,84.91,4.5,3
2019,4,11,7,22.9,19.7,206,1021,4,81.99,4.5,1
2019,4,11,8,24,20,139,1021,3.6,78.19,4.5,8
2019,4,11,9,25.2,20.3,130,1020,2.9,74.35,4.6,3
2019,4,11,10,26.4,20.7,599,1020,2.5,70.84,4.6,3
2019,4,11,11,27.1,21.1,620,1019,3.5,69.96,4.4,3
2019,4,11,12,27,21.6,376,1019,4,72.29,4.5,3
2019,4,11,13,26.5,21.7,173,1019,3.7,74.81,4.7,3
2019,4,11,14,25.2,21.4,68,1020,5.3,79.35,5,3
2019,4,11,15,23.3,20.6,103,1020,6.2,84.58,5,3
2019,4,11,16,21.8,19.6,35,1021,6.5,87.25,4.9,3
2019,4,11,17,20.8,18.7,15,1022,6.2,87.53,4.8,3
2019,4,11,18,20.4,18.2,4,1023,5.9,87.06,4.7,7
2019,4,11,19,20.3,18,0,1024,5.8,86.4,4.6,4
2019,4,11,20,20.2,17.8,0,1025,5.9,86.14,4.6,7
2019,4,11,21,20.2,17.7,0,1026,5.9,85.55,4.5,7
2019,4,11,22,20.2,17.6,0,1026,5.3,85.16,4.5,4
2019,4,11,23,20.2,17.6,0,1025,4.9,85.04,4.6,4
2019,4,12,0,20.2,17.7,0,1025,4.8,85.52,4.8,3
2019,4,12,1,20.2,17.7,0,1025,5.1,85.7,4.7,3
2019,4,12,2,20,17.7,0,1024,5.5,86.42,4.5,3
2019,4,12,3,19.9,17.5,0,1024,5.8,86.08,4.3,8
2019,4,12,4,19.8,17.3,0,1025,5.8,85.57,4.2,3
2019,4,12,5,19.7,17.1,0,1026,5.7,84.83,4.1,3
2019,4,12,6,19.7,16.8,7,1026,6,83.32,4.1,3
2019,4,12,7,19.9,16.5,216,1027,6.2,80.96,4,1
2019,4,12,8,20.2,16.4,93,1027,6.1,78.76,4,3
2019,4,12,9,20.7,16.4,191,1027,5.9,76.39,4,3
2019,4,12,10,21.2,16.5,212,1027,5.8,74.7,4,3
2019,4,12,11,21.6,16.7,411,1027,6,73.66,4.1,3
2019,4,12,12,21.9,16.8,269,1026,6.1,72.97,4.1,3
2019,4,12,13,22.1,16.9,511,1026,6,72.49,4.1,7
2019,4,12,14,22.1,17,341,1026,6,72.7,4.1,7
2019,4,12,15,22,17,262,1026,6,73.14,4.1,7
2019,4,12,16,21.7,16.9,229,1026,6.1,74.34,4.1,7
2019,4,12,17,21.3,16.9,62,1026,5.8,76.12,4.2,7
2019,4,12,18,20.9,17,9,1027,5.4,78.39,4.3,7
2019,4,12,19,20.8,17.1,0,1027,5.3,79.3,4.3,8
2019,4,12,20,20.9,17.2,0,1027,5.3,79.48,4.3,7
2019,4,12,21,21,17.4,0,1027,5.3,80.1,4.4,7
2019,4,12,22,21.2,17.7,0,1027,4.8,80.57,4.6,4
2019,4,12,23,21.3,18,0,1026,4.3,81.56,4.8,8
2019,4,13,0,21.5,18.3,0,1026,3.9,81.91,4.8,7
2019,4,13,1,21.5,18.5,0,1025,3.4,82.94,4.8,7
2019,4,13,2,21.5,18.6,0,1025,2.9,83.58,4.7,4
2019,4,13,3,21.5,18.7,0,1024,2.6,83.92,4.4,4
2019,4,13,4,21.5,18.8,0,1024,2.3,84.46,4.2,3
2019,4,13,5,21.6,18.9,0,1025,2.1,84.73,4.1,3
2019,4,13,6,22.6,19.7,28,1025,2,83.45,4.1,3
2019,4,13,7,23.4,19.9,217,1026,1.8,80.93,4.2,0
2019,4,13,8,24.3,20.2,316,1026,1.6,77.8,4.3,3
2019,4,13,9,25.2,20.3,173,1026,1.9,74.48,4.3,4
2019,4,13,10,25.7,20.6,451,1026,2.3,73.34,4.3,3
2019,4,13,11,26,20.7,491,1025,2.5,72.62,4.3,3
2019,4,13,12,26.1,20.8,210,1025,2.6,72.56,4.5,3
2019,4,13,13,25.9,20.9,74,1024,2.7,73.79,4.7,4
2019,4,13,14,25.5,20.9,68,1024,2.6,75.82,4.8,4
2019,4,13,15,25,20.8,309,1024,2.6,77.59,5,8
2019,4,13,16,24.3,20.8,192,1024,2.5,80.87,5.1,4
2019,4,13,17,23.5,20.9,15,1024,2.4,85.16,5.2,4
2019,4,13,18,23,20.8,2,1024,1.8,87.62,5.3,4
2019,4,13,19,22.9,20.7,0,1025,1,87.69,5.4,4
2019,4,13,20,22.9,20.8,0,1025,1,88.02,5.4,4
2019,4,13,21,22.9,20.9,0,1026,1.6,88.51,5.4,4
2019,4,13,22,22.7,20.8,0,1026,1.8,89.28,5.4,7
2019,4,13,23,22.5,20.7,0,1026,1.8,89.7,5.3,4
2019,4,14,0,22.3,20.6,0,1025,1.9,89.89,5.3,4
2019,4,14,1,22.1,20.5,0,1025,2.2,90.38,5.4,7
2019,4,14,2,22.1,20.4,0,1025,2.7,90.28,5.5,7
2019,4,14,3,22,20.3,0,1024,2.6,90.21,5.4,3
2019,4,14,4,21.8,20.1,0,1024,2.2,90.08,5.1,3
2019,4,14,5,21.8,20,0,1024,1.9,89.36,4.8,3
2019,4,14,6,22.3,20.2,33,1024,1.8,88,4.6,1
2019,4,14,7,23.1,20.4,225,1024,1.9,84.62,4.5,1
2019,4,14,8,23.9,20.6,297,1025,2.6,81.76,4.5,3
2019,4,14,9,24.5,20.8,302,1026,3.6,79.96,4.7,3
2019,4,14,10,24.8,20.9,627,1026,4,79.01,4.8,8
2019,4,14,11,24.7,20.8,519,1025,4.3,78.96,4.9,3
2019,4,14,12,24.2,20.6,632,1025,4.5,80.49,5.1,3
2019,4,14,13,23.6,20.4,679,1024,4.7,82.52,5.2,3
2019,4,14,14,23.4,20.4,215,1024,5.1,83.11,5,3
2019,4,14,15,23,20.1,230,1024,5.5,83.83,4.8,7
2019,4,14,16,22.5,19.8,298,1025,5.5,84.95,4.7,7
2019,4,14,17,22.3,19.6,180,1025,5.4,84.9,4.6,8
2019,4,14,18,22.1,19.5,5,1025,5.3,85.2,4.6,3
2019,4,14,19,22.1,19.3,0,1026,5.4,84.36,4.6,3
2019,4,14,20,22.1,19.1,0,1026,5.6,82.95,4.4,3
2019,4,14,21,22.1,18.8,0,1026,5.5,81.7,4.4,7
2019,4,14,22,22.1,18.6,0,1026,5.2,80.6,4.3,4
2019,4,14,23,22,18.4,0,1026,5.2,80.01,4.4,4
2019,4,15,0,21.9,18.1,0,1026,5.5,79.21,4.4,7
2019,4,15,1,21.8,17.8,0,1026,5.8,77.92,4.4,7
2019,4,15,2,21.5,17.3,0,1026,6,76.95,4.3,3
2019,4,15,3,21.2,16.8,0,1026,6.2,76.12,4.3,3
2019,4,15,4,20.9,16.5,0,1027,6.2,75.98,4.2,3
2019,4,15,5,20.6,16.4,0,1027,6,76.78,4.1,7
2019,4,15,6,20.7,16.5,7,1027,6,76.82,4.1,4
2019,4,15,7,21.2,16.5,45,1028,6.3,74.72,4,4
2019,4,15,8,21.7,16.5,137,1028,6.4,72.33,4,3
2019,4,15,9,22.2,16.6,73,1028,6.4,70.55,4,3
2019,4,15,10,22.7,16.7,143,1028,6.3,68.78,4,3
2019,4,15,11,23,16.6,123,1028,6.2,67.37,4,4
2019,4,15,12,23.2,16.5,191,1027,6.3,66.12,3.9,4
2019,4,15,13,23.2,16.4,407,1026,6.4,65.48,3.9,3
2019,4,15,14,23.1,16.2,362,1025,6.3,65.03,3.9,3
2019,4,15,15,22.7,15.9,430,1025,6.2,65.63,4,3
2019,4,15,16,22.3,15.7,57,1025,5.9,66.38,4,4
2019,4,15,17,21.7,15.7,21,1025,5.4,68.9,4.1,3
2019,4,15,18,21.1,16,3,1026,4.7,72.46,4.2,4
2019,4,15,19,20.9,16.1,0,1026,4.5,74.05,4.3,4
2019,4,15,20,21,16.3,0,1026,4.4,74.54,4.4,4
2019,4,15,21,21.1,16.6,0,1026,4.3,75.4,4.5,4
2019,4,15,22,21.2,16.9,0,1026,4.1,76.5,4.7,4
2019,4,15,23,21.3,17.2,0,1025,3.5,77.39,4.8,7
2019,4,16,0,21.5,17.6,0,1025,3,78.26,4.9,4
2019,4,16,1,21.4,17.9,0,1024,2.5,80.33,5,7
2019,4,16,2,21.4,18.1,0,1024,2,81.47,5.1,7
2019,4,16,3,21.4,18.2,0,1024,1.6,82.09,5.1,4
2019,4,16,4,21.5,18.3,0,1023,1.4,82.02,5.1,4
2019,4,16,5,21.6,18.5,0,1023,1.3,82.43,5.2,7
2019,4,16,6,22,19.2,4,1023,1.5,83.97,5.1,7
2019,4,16,7,22.5,19.4,17,1024,1.4,82.41,5.1,7
2019,4,16,8,22.7,19.4,52,1024,1.3,81.9,5,7
2019,4,16,9,22.9,19.5,228,1024,1.3,81.27,5,7
2019,4,16,10,22.9,19.6,69,1023,1.8,81.87,5.1,7
2019,4,16,11,22.8,19.8,197,1023,2.3,83.13,5.1,8
2019,4,16,12,22.9,19.9,90,1022,2.7,83.11,5.1,4
2019,4,16,13,22.9,20,143,1022,3.6,83.67,5.2,8
2019,4,16,14,22.5,19.8,304,1021,4.2,84.93,5.2,7
2019,4,16,15,22,19.6,68,1021,4.3,86.2,5.1,7
2019,4,16,16,21.6,19.3,78,1021,4.3,86.86,5.1,7
2019,4,16,17,21.3,19.1,27,1021,4,87.31,4.9,6
2019,4,16,18,21.1,19,6,1021,3.6,87.55,4.6,7
2019,4,16,19,21,18.8,0,1022,3.5,87.33,4.3,7
2019,4,16,20,20.8,18.6,0,1022,3.5,87.2,4,8
2019,4,16,21,20.7,18.4,0,1023,3.3,86.65,3.9,3
2019,4,16,22,20.7,18.2,0,1022,3,85.52,3.8,3
2019,4,16,23,20.7,18,0,1022,2.9,84.8,3.8,3
2019,4,17,0,20.5,17.9,0,1022,3.2,85.04,3.7,3
2019,4,17,1,20.5,17.8,0,1021,3.5,84.29,3.6,3
2019,4,17,2,20.5,17.6,0,1021,3.6,83.69,3.5,3
2019,4,17,3,20.5,17.5,0,1021,3.7,83.03,3.4,3
2019,4,17,4,20.4,17.4,0,1022,3.7,82.99,3.3,3
2019,4,17,5,20.3,17.3,0,1022,3.5,83.07,3.1,3
2019,4,17,6,21,17.6,17,1023,3.7,81.01,2.9,3
2019,4,17,7,21.7,17.6,54,1023,3.6,77.49,2.8,3
2019,4,17,8,22.5,17.7,340,1023,3.6,74.19,2.6,3
2019,4,17,9,23.2,17.8,670,1024,3.8,71.86,2.5,1
2019,4,17,10,23.8,18,831,1023,4.2,69.87,2.4,0
2019,4,17,11,24.1,18.1,963,1023,4.4,69,2.4,1
2019,4,17,12,24.3,18.1,554,1022,4.4,68.24,2.4,3
2019,4,17,13,24.3,18,774,1022,4.3,68.02,2.4,2
2019,4,17,14,24.2,17.9,846,1021,4.1,68.02,2.4,0
2019,4,17,15,24,17.9,669,1021,3.9,68.53,2.4,0
2019,4,17,16,23.6,17.8,452,1021,3.9,70.18,2.4,0
2019,4,17,17,23,18,219,1021,3.7,73.3,2.4,0
2019,4,17,18,22.3,18.2,25,1022,3.1,77.38,2.5,0
2019,4,17,19,22.1,18.1,0,1022,3.1,78.25,2.5,1
2019,4,17,20,22.1,18.2,0,1023,3.1,78.38,2.5,0
2019,4,17,21,22.2,18.2,0,1023,3.1,78.01,2.5,0
2019,4,17,22,22.2,18.2,0,1023,3.2,78.21,2.5,1
2019,4,17,23,22.2,18.3,0,1022,3.2,78.37,2.5,0
2019,4,18,0,22.1,18.3,0,1022,3.2,79.3,2.5,0
2019,4,18,1,22.1,18.4,0,1021,3.1,79.69,2.6,1
2019,4,18,2,22,18.5,0,1021,2.9,80.75,2.6,1
2019,4,18,3,22,18.6,0,1021,2.7,81.28,2.7,1
2019,4,18,4,22.1,18.7,0,1021,2.5,81.23,2.7,1
2019,4,18,5,22.1,18.9,0,1022,2.3,82.02,2.8,1
2019,4,18,6,23.4,19.7,55,1022,2.5,79.77,2.8,0
2019,4,18,7,24.5,19.9,259,1023,2.7,75.68,2.9,0
2019,4,18,8,25.6,20.1,484,1023,2.5,71.57,2.9,0
2019,4,18,9,26.3,20.3,683,1023,2.4,69.69,3,0
2019,4,18,10,26.8,20.6,836,1023,2.4,68.99,3.1,0
2019,4,18,11,27.2,20.9,947,1022,2.3,68.39,3.2,1
2019,4,18,12,27.3,21,625,1022,2.3,68.67,3.3,3
2019,4,18,13,27.3,21.1,812,1021,2.4,68.78,3.3,2
2019,4,18,14,27,21.1,804,1020,2.6,70.14,3.4,1
2019,4,18,15,26.6,21.2,631,1020,2.6,72.09,3.5,1
2019,4,18,16,26.2,21.2,422,1020,2.5,73.86,3.6,7
2019,4,18,17,25.6,21.3,11,1020,2.4,77.01,3.6,6
2019,4,18,18,24.8,21.4,18,1021,2.1,81.46,3.7,3
2019,4,18,19,24.6,21.3,0,1021,2.2,81.99,3.8,0
2019,4,18,20,24.6,21.3,0,1021,2.5,81.97,3.9,7
2019,4,18,21,24.6,21.3,0,1021,2.6,82.03,3.9,7
2019,4,18,22,24.6,21.4,0,1021,2.5,82.28,4,7
2019,4,18,23,24.6,21.5,0,1021,2,82.94,4.2,6
2019,4,19,0,24.6,21.5,0,1021,1.9,83.07,4.5,7
2019,4,19,1,24.5,21.6,0,1020,2,83.86,4.6,6
2019,4,19,2,24.5,21.7,0,1019,2.2,84.35,4.7,6
2019,4,19,3,24.4,21.9,0,1019,2.4,85.71,4.9,6
2019,4,19,4,24.3,22,0,1018,2.8,87.24,5.1,7
2019,4,19,5,24.4,22.3,0,1018,3.3,88.12,5.2,6
2019,4,19,6,25,22.9,14,1018,3.9,88.11,5.2,6
2019,4,19,7,25.5,23.3,56,1018,3.5,87.9,5.7,6
2019,4,19,8,25.7,23.5,172,1019,3.7,87.65,6.2,7
2019,4,19,9,25.5,23.6,195,1020,3.8,89.01,6.4,7
2019,4,19,10,25.4,23.5,621,1020,3.5,89.27,6.3,8
2019,4,19,11,25.4,23.3,635,1020,2.9,88.27,6,8
2019,4,19,12,25.9,23.3,875,1019,2.5,85.64,5.7,2
2019,4,19,13,26.3,23.4,424,1018,2.4,83.99,5.9,7
2019,4,19,14,25.9,23.4,244,1017,2.7,86.22,6.2,7
2019,4,19,15,25.4,23.5,195,1017,2.3,89,6.2,7
2019,4,19,16,25.3,23.6,40,1017,2.4,90.58,6.1,7
2019,4,19,17,25.3,23.9,58,1017,2.5,91.95,6.2,7
2019,4,19,18,25.2,23.9,10,1017,2.6,92.4,6.2,7
2019,4,19,19,25.1,23.8,0,1017,2.9,92.73,6.1,7
2019,4,19,20,25,23.7,0,1017,3,92.5,6,6
2019,4,19,21,24.9,23.6,0,1018,2.8,92.45,5.9,7
2019,4,19,22,24.8,23.5,0,1018,2.4,92.32,5.9,7
2019,4,19,23,24.6,23.3,0,1018,2.3,92.71,6.1,7
2019,4,20,0,24.4,23.3,0,1017,2.3,93.33,6.4,7
2019,4,20,1,24.3,23.1,0,1016,2.4,92.96,6.6,7
2019,4,20,2,24,22.8,0,1016,2.6,93.29,6.6,6
2019,4,20,3,23.8,22.6,0,1016,3,92.9,6.4,7
2019,4,20,4,23.6,22.3,0,1017,3.7,92.59,6,7
2019,4,20,5,23.4,22.1,0,1017,3.7,92.18,5.7,7
2019,4,20,6,23.6,22.1,33,1018,3.9,91.12,5.4,4
2019,4,20,7,24.2,22.3,235,1019,4.2,89.12,5.2,0
2019,4,20,8,25.1,22.4,239,1019,4.4,85.1,5,3
2019,4,20,9,25.8,22.4,139,1019,4.4,81.44,5,3
2019,4,20,10,26,22.3,203,1019,4.3,80.02,5.2,3
2019,4,20,11,26,22.2,375,1019,4.1,79.58,5.3,2
2019,4,20,12,26,22.2,556,1019,4.1,79.42,5.5,2
2019,4,20,13,25.7,22.1,613,1018,4.3,80.66,5.7,2
2019,4,20,14,25.2,22.2,274,1018,4.1,83.26,5.8,3
2019,4,20,15,25.3,22.3,363,1017,3.5,83.33,5.6,3
2019,4,20,16,25.6,22.3,313,1017,2.5,82.13,5.2,8
2019,4,20,17,25.3,22.5,113,1017,1.7,84.51,5,3
2019,4,20,18,24.5,22.2,13,1018,1.4,86.81,5.1,3
2019,4,20,19,24.1,22.1,0,1018,1.3,88.38,5.4,7
2019,4,20,20,24,22.1,0,1019,1,89.31,5.8,8
2019,4,20,21,24,22.2,0,1020,0.8,89.68,5.9,8
2019,4,20,22,23.9,22.2,0,1019,1.1,90.11,5.8,7
2019,4,20,23,23.8,22.1,0,1019,1.5,90.47,5.5,4
2019,4,21,0,23.9,22.1,0,1018,1.6,89.51,5.4,4
2019,4,21,1,24,22,0,1018,1.1,88.69,5.4,4
2019,4,21,2,23.8,22,0,1018,1,89.73,5.4,8
2019,4,21,3,23.5,21.9,0,1018,1.2,90.82,5.3,7
2019,4,21,4,23.5,21.7,0,1017,1.2,89.75,5.3,6
2019,4,21,5,23.7,21.6,0,1018,1.2,87.96,5.3,7
2019,4,21,6,24.3,22.1,44,1019,1.3,87.31,5.4,8
2019,4,21,7,25.2,22.1,242,1019,1.5,82.97,5.3,8
2019,4,21,8,25.9,22.1,458,1019,1.9,79.62,5.2,0
2019,4,21,9,26.4,22.3,182,1020,2.1,78.12,5.2,3
2019,4,21,10,26.8,22.7,241,1020,2.2,78.13,5.2,4
2019,4,21,11,27.3,22.9,402,1019,2.4,76.97,5.3,4
2019,4,21,12,27.8,22.9,611,1018,2.4,74.85,5.3,3
2019,4,21,13,28.1,23.1,627,1017,2.5,74.25,5.4,3
2019,4,21,14,28.1,23.2,186,1017,2.5,74.86,5.5,4
2019,4,21,15,27.8,23.4,284,1017,2.4,77.05,5.6,3
2019,4,21,16,27.1,23.6,240,1017,2.5,81.13,5.6,4
2019,4,21,17,26.4,23.8,15,1017,2.5,85.58,5.7,3
2019,4,21,18,25.8,23.9,12,1018,2.2,89.13,5.9,1
2019,4,21,19,25.5,23.7,0,1018,2.2,90.04,5.9,1
2019,4,21,20,25.4,23.7,0,1019,2.3,90.21,6,3
2019,4,21,21,25.4,23.6,0,1019,2.1,90.04,6,3
2019,4,21,22,25.3,23.6,0,1018,1.9,90.48,5.8,3
2019,4,21,23,25.4,23.6,0,1019,1.8,89.98,5.9,1
2019,4,22,0,25.3,23.6,0,1019,1.7,90.18,5.9,3
2019,4,22,1,25.2,23.5,0,1018,1.6,90.21,5.6,1
2019,4,22,2,25.1,23.4,0,1018,1.7,90.24,5.5,1
2019,4,22,3,25.1,23.3,0,1018,1.6,89.54,5.3,0
2019,4,22,4,25.2,23.1,0,1018,1.5,88.38,5.2,0
2019,4,22,5,25.2,23.2,0,1017,1.3,88.44,5.2,0
2019,4,22,6,25.9,23.8,49,1018,1.1,88.47,5.2,0
2019,4,22,7,26.9,24,243,1018,0.9,84.08,5.3,0
2019,4,22,8,27.9,23.7,454,1019,1.1,78,5.3,0
2019,4,22,9,28.2,23.8,642,1020,1.8,76.91,5.4,0
2019,4,22,10,28.3,23.7,784,1020,2.4,76.37,5.4,0
2019,4,22,11,28.3,23.7,897,1020,2.8,76.26,5.5,0
2019,4,22,12,28.1,23.6,795,1020,3,76.78,5.6,2
2019,4,22,13,27.8,23.6,801,1019,2.7,77.82,5.4,2
2019,4,22,14,27.8,23.6,205,1018,2.2,77.82,5.1,3
2019,4,22,15,28,23.6,90,1018,1.8,76.89,4.9,3
2019,4,22,16,27.9,23.6,36,1018,1.6,77.66,4.9,4
2019,4,22,17,27.4,23.6,16,1018,1.7,79.61,5.2,4
2019,4,22,18,26.4,24,4,1019,1.4,86.72,5.4,8
2019,4,22,19,25.9,24.1,0,1020,1,90.06,5.5,7
2019,4,22,20,25.8,24.2,0,1020,0.6,90.77,5.5,7
2019,4,22,21,25.7,24.2,0,1021,0.8,91.35,5.6,7
2019,4,22,22,25.6,24.2,0,1020,1,91.76,5.7,7
2019,4,22,23,25.6,24.1,0,1020,1.2,91.69,5.6,7
2019,4,23,0,25.5,24.1,0,1019,1.3,92,5.5,7
2019,4,23,1,25.5,24.1,0,1019,1.4,91.92,5.4,7
2019,4,23,2,25.6,24.1,0,1018,1.3,91.33,5.3,3
2019,4,23,3,25.7,24.1,0,1018,1.2,90.74,5.2,1
2019,4,23,4,25.7,24,0,1019,1.2,90.49,5.1,7
2019,4,23,5,25.6,24,0,1020,1.3,90.62,5,7
2019,4,23,6,26.4,24.5,51,1020,1.5,89.11,5,1
2019,4,23,7,27.2,24.5,245,1021,2,85.38,4.9,1
2019,4,23,8,28,24.4,459,1021,2.4,80.81,4.9,0
2019,4,23,9,28.8,24.3,649,1021,2.6,76.84,5,0
2019,4,23,10,29.3,24.4,795,1021,2.8,74.96,5.1,0
2019,4,23,11,29.8,24.5,891,1020,2.9,73.15,5.2,0
2019,4,23,12,30.2,24.5,916,1019,3,71.56,5.3,0
2019,4,23,13,30.3,24.5,873,1018,3,71.31,5.3,0
2019,4,23,14,30.2,24.6,758,1018,3,72.05,5.4,0
2019,4,23,15,29.8,24.7,597,1017,2.7,74.15,5.4,0
2019,4,23,16,29.1,24.9,400,1018,2.4,78.24,5.3,0
2019,4,23,17,28.3,25.2,186,1018,2,83.31,5.2,0
2019,4,23,18,27.3,25.2,16,1019,1.8,88.41,5.1,1
2019,4,23,19,26.8,25.2,0,1019,2.1,90.81,5,1
2019,4,23,20,26.6,25.1,0,1019,2.4,91.4,4.9,0
2019,4,23,21,26.4,24.9,0,1019,2.6,91.68,4.8,1
2019,4,23,22,26.2,24.7,0,1019,2.4,91.55,4.8,1
2019,4,23,23,26.1,24.5,0,1019,2.1,90.87,4.8,7
2019,4,24,0,25.9,24.3,0,1019,2,90.9,4.8,7
2019,4,24,1,25.9,24.1,0,1018,2,90.05,4.7,7
2019,4,24,2,25.9,24,0,1018,2,89.27,4.6,7
2019,4,24,3,25.9,23.8,0,1018,1.9,88.32,4.5,0
2019,4,24,4,25.9,23.6,0,1018,1.8,87,4.6,0
2019,4,24,5,25.8,23.4,0,1019,1.8,86.61,4.6,0
2019,4,24,6,26.4,24,57,1020,1.8,86.59,4.7,1
2019,4,24,7,27.5,23.5,255,1020,2.3,78.96,4.6,1
2019,4,24,8,28.5,23.1,471,1020,2.6,72.49,4.6,1
2019,4,24,9,29.2,23,666,1020,2.8,69.11,4.7,1
2019,4,24,10,29.8,23.1,552,1020,3,67.27,4.7,3
2019,4,24,11,30.2,23.2,908,1020,3.1,66.06,4.7,1
2019,4,24,12,30.3,23.3,936,1019,3.2,66.36,4.6,1
2019,4,24,13,30.3,23.4,896,1018,3.3,66.73,4.4,0
2019,4,24,14,30.2,23.5,774,1018,3.3,67.56,4.3,0
2019,4,24,15,29.8,23.7,616,1017,3.2,69.82,4.2,1
2019,4,24,16,29.1,24.1,418,1017,3,74.7,4.1,0
2019,4,24,17,28.1,24.7,203,1017,2.7,81.69,4.1,1
2019,4,24,18,27,24.8,24,1017,2.4,87.87,4.1,1
2019,4,24,19,26.6,24.7,0,1018,2.2,89.5,4,1
2019,4,24,20,26.4,24.7,0,1018,1.8,90.15,4.1,7
2019,4,24,21,26.3,24.7,0,1019,1.4,90.68,4.1,7
2019,4,24,22,26.2,24.6,0,1019,1.2,90.95,4.2,1
2019,4,24,23,26.2,24.4,0,1018,1.3,90.04,4.2,3
2019,4,25,0,26.1,24.1,0,1018,1.4,88.77,4.1,1
2019,4,25,1,25.9,23.6,0,1017,1.5,87.42,4.1,7
2019,4,25,2,25.8,23.3,0,1017,1.6,86.13,4,1
2019,4,25,3,25.5,22.9,0,1017,1.7,85.76,3.9,0
2019,4,25,4,25.2,22.6,0,1017,1.8,85.54,3.8,0
2019,4,25,5,25,22.4,0,1017,1.8,85.72,3.7,0
2019,4,25,6,25.8,23.1,69,1018,1.9,85.3,3.6,7
2019,4,25,7,26.6,22.6,276,1018,2.3,78.91,3.6,0
2019,4,25,8,27.7,22.3,500,1018,2.6,72.38,3.6,0
2019,4,25,9,28.8,22,700,1019,3,66.79,3.6,0
2019,4,25,10,29.5,22,728,1019,3.2,64.21,3.6,7
2019,4,25,11,30,22,781,1018,3.4,62.47,3.5,2
2019,4,25,12,30.3,22.1,904,1018,3.6,61.41,3.5,7
2019,4,25,13,30.4,22.1,936,1017,3.7,61.16,3.5,1
2019,4,25,14,30.3,22.2,822,1016,3.7,61.94,3.6,0
2019,4,25,15,29.8,22.5,651,1016,3.6,65.09,3.7,0
2019,4,25,16,28.8,23.1,339,1017,3.3,71.49,3.8,3
2019,4,25,17,27.6,23.8,180,1017,2.9,79.71,4.1,3
2019,4,25,18,26.5,23.9,25,1018,2.7,85.61,4.5,0
2019,4,25,19,26.1,23.8,0,1019,2.7,87.39,4.7,0
2019,4,25,20,26,23.7,0,1020,2.7,87.01,5,0
2019,4,25,21,25.9,23.6,0,1020,2.5,87.07,5.1,1
2019,4,25,22,25.8,23.6,0,1020,2.2,87.45,5,3
2019,4,25,23,25.5,23.4,0,1020,2,88.09,4.8,3
2019,4,26,0,25.2,23.3,0,1020,2.2,89.14,4.7,3
2019,4,26,1,24.8,23.2,0,1020,2.6,90.7,4.7,3
2019,4,26,2,24.5,22.9,0,1020,2.7,90.72,4.6,1
2019,4,26,3,24.4,22.6,0,1021,2.6,89.85,4.5,1
2019,4,26,4,24.3,22.4,0,1021,2.4,89.31,4.4,7
2019,4,26,5,24.2,22.4,0,1021,2.3,89.55,4.3,7
2019,4,26,6,24.7,22.6,53,1022,2.8,87.93,4.2,7
2019,4,26,7,25.2,22.7,252,1022,3.1,86.02,4.2,7
2019,4,26,8,26,22.9,463,1022,3.5,82.94,4.2,7
2019,4,26,9,26.7,23.1,518,1022,4,80.5,4.2,7
2019,4,26,10,27.1,23.3,582,1023,4.2,79.57,4.3,4
2019,4,26,11,27.3,23.4,672,1022,4.3,79.23,4.4,7
2019,4,26,12,27.4,23.5,948,1022,4.3,79.13,4.5,1
2019,4,26,13,27.2,23.5,531,1022,4.3,80.06,4.5,3
2019,4,26,14,27,23.5,706,1021,4.3,80.95,4.6,2
2019,4,26,15,26.6,23.5,619,1021,4.6,83.01,4.6,0
2019,4,26,16,26.1,23.5,413,1021,4.4,85.49,4.8,0
2019,4,26,17,25.7,23.5,198,1022,4.1,87.79,4.9,7
2019,4,26,18,25.4,23.7,21,1023,4.3,90.07,4.9,7
2019,4,26,19,25.4,23.7,0,1024,4.3,90.29,5.1,3
2019,4,26,20,25.4,23.6,0,1024,4.4,89.98,5.3,8
2019,4,26,21,25.3,23.5,0,1025,4.5,89.68,5.3,4
2019,4,26,22,25.2,23.2,0,1024,4.7,88.94,5.4,6
2019,4,26,23,25.1,23,0,1024,5.2,88.33,5.4,6
2019,4,27,0,24.9,22.9,0,1024,5.8,88.52,5.4,7
2019,4,27,1,24.8,22.7,0,1023,6,88.05,5.3,7
2019,4,27,2,24.7,22.5,0,1024,6.1,87.48,5.3,7
2019,4,27,3,24.5,22.2,0,1024,6.3,87.18,5.4,4
2019,4,27,4,24.3,22,0,1024,6.6,86.92,5.4,4
2019,4,27,5,24.1,21.8,0,1025,6.6,86.93,5.5,4
2019,4,27,6,24.1,21.6,35,1025,6.9,86.13,5.6,3
2019,4,27,7,24.3,21.5,152,1026,7.3,84.48,5.6,3
2019,4,27,8,24.6,21.5,330,1026,7.4,82.74,5.6,7
2019,4,27,9,24.8,21.5,389,1026,7.5,81.9,5.7,8
2019,4,27,10,24.8,21.5,242,1026,7.3,82.05,5.8,4
2019,4,27,11,24.7,21.6,235,1025,7.1,82.67,5.9,8
2019,4,27,12,24.6,21.7,362,1025,6.6,83.77,6,7
2019,4,27,13,24.6,21.8,276,1024,6.3,84.65,6,6
2019,4,27,14,24.5,22,679,1023,6.3,86.2,6,7
2019,4,27,15,24.6,22.2,553,1023,6.3,86.62,6,7
2019,4,27,16,24.5,22.4,304,1023,6.1,87.84,6,7
2019,4,27,17,24.4,22.4,186,1023,5.7,88.83,6,7
2019,4,27,18,24.2,22.5,15,1024,5.3,90.27,6,7
2019,4,27,19,24.2,22.6,0,1024,5.2,90.66,6,8
2019,4,27,20,24.3,22.7,0,1024,5.1,90.71,6,7
2019,4,27,21,24.4,22.8,0,1024,5,90.93,6,7
2019,4,27,22,24.6,23,0,1024,4.9,90.76,6.2,3
2019,4,27,23,24.8,23.2,0,1024,4.6,90.84,6.3,4
2019,4,28,0,24.9,23.4,0,1023,4.3,91.32,6.4,7
2019,4,28,1,25,23.6,0,1023,4.1,91.69,6.4,3
2019,4,28,2,25.1,23.7,0,1023,3.9,91.77,6.3,7
2019,4,28,3,25.1,23.7,0,1023,3.7,91.92,6.2,3
2019,4,28,4,25,23.6,0,1023,3.2,92,6,7
2019,4,28,5,25,23.5,0,1023,2.6,91.63,5.8,7
2019,4,28,6,25.6,23.9,69,1023,2.3,90.38,5.7,7
2019,4,28,7,26.1,24.1,269,1024,2.3,88.99,5.6,0
2019,4,28,8,26.7,24.2,467,1025,2.6,86.4,5.6,7
2019,4,28,9,26.8,24.1,581,1025,2.9,85.29,5.6,7
2019,4,28,10,26.9,24.1,162,1025,2.9,84.54,5.6,8
2019,4,28,11,26.9,23.8,712,1024,2.5,83.32,5.6,7
2019,4,28,12,26.7,23.7,696,1023,2.3,83.67,5.6,7
2019,4,28,13,26.5,23.5,348,1023,2.2,83.72,5.6,3
2019,4,28,14,26.2,23.3,451,1022,2,84.33,5.6,3
2019,4,28,15,26,23.2,267,1022,1.7,84.4,5.6,3
2019,4,28,16,25.7,23,412,1022,1.4,85.1,5.6,7
2019,4,28,17,25.4,22.9,200,1022,1.2,86.21,5.6,1
2019,4,28,18,25.1,22.9,20,1023,1.1,87.8,5.6,3
2019,4,28,19,24.9,22.8,0,1023,1.3,88.3,5.5,0
2019,4,28,20,24.9,22.8,0,1023,1.5,88.29,5.5,7
2019,4,28,21,24.8,22.9,0,1023,1.6,89.25,5.4,3
2019,4,28,22,24.8,23,0,1023,1.7,89.99,5.3,0
2019,4,28,23,24.8,23.2,0,1022,1.8,90.82,5.3,0
2019,4,29,0,24.8,23.4,0,1022,1.8,91.89,5.3,0
2019,4,29,1,25,23.6,0,1021,1.6,91.72,5.2,0
2019,4,29,2,25.2,23.7,0,1021,1.4,91.31,5.3,0
2019,4,29,3,25.1,23.6,0,1021,1.3,91.47,5.3,1
2019,4,29,4,24.9,23.5,0,1021,1.2,92.14,5.2,3
2019,4,29,5,24.9,23.5,0,1022,1.1,91.99,5.2,0
2019,4,29,6,25.8,24,72,1022,1.2,89.89,5.1,1
2019,4,29,7,26.5,24.1,274,1022,1.3,86.88,5.1,0
2019,4,29,8,27.2,24,490,1023,1.4,82.81,5.1,0
2019,4,29,9,28,23.8,683,1022,1.5,78.18,5,0
2019,4,29,10,28.6,23.9,830,1022,1.5,75.9,5,0
2019,4,29,11,28.9,23.9,909,1021,1.7,74.38,5.1,0
2019,4,29,12,29.2,23.8,931,1021,1.9,72.62,5.1,0
2019,4,29,13,29.2,23.7,618,1020,2.1,72.13,5.2,2
2019,4,29,14,29.1,23.6,364,1019,2.2,72.33,5.2,3
2019,4,29,15,28.7,23.6,125,1019,2.1,74.1,5.2,3
2019,4,29,16,28.2,23.7,404,1019,2,76.6,5.2,1
2019,4,29,17,27.6,23.9,69,1019,1.6,80.42,5.1,3
2019,4,29,18,26.9,24.1,19,1019,1.3,84.87,5,1
2019,4,29,19,26.6,24.1,0,1020,1.2,86,5,1
2019,4,29,20,26.6,24,0,1020,1.3,85.73,5,0
2019,4,29,21,26.5,24.1,0,1020,1.4,86.61,5,0
2019,4,29,22,26.5,24.2,0,1020,1.5,87.15,5,0
2019,4,29,23,26.3,24.3,0,1019,1.6,88.59,5.1,0
2019,4,30,0,26.2,24.3,0,1019,1.7,89.44,5.2,0
2019,4,30,1,26.1,24.4,0,1018,1.7,90.13,5.2,0
2019,4,30,2,26,24.3,0,1017,1.8,90.63,5.2,0
2019,4,30,3,25.9,24.3,0,1017,2,91.01,5.1,0
2019,4,30,4,25.8,24.3,0,1017,2.1,91.26,5.1,0
2019,4,30,5,25.7,24.3,0,1017,2.1,91.74,5.1,0
2019,4,30,6,26.6,24.9,71,1018,2.1,90.43,5,1
2019,4,30,7,27.4,25.1,271,1018,2.4,87.06,5,0
2019,4,30,8,28.2,25,485,1019,2.8,82.82,5,0
2019,4,30,9,28.8,24.9,675,1019,2.9,79.62,5,0
2019,4,30,10,29.2,24.9,819,1019,3,77.56,5.1,0
2019,4,30,11,29.4,24.7,918,1018,3.1,75.95,5.1,0
2019,4,30,12,29.5,24.5,543,1017,3,74.74,5.2,3
2019,4,30,13,29.2,24.4,509,1016,3.1,75.61,5.3,3
2019,4,30,14,28.7,24.5,153,1016,3.4,77.86,5.5,3
2019,4,30,15,28.1,24.5,74,1016,3.5,80.89,5.5,3
2019,4,30,16,27.4,24.5,87,1016,3.6,84.32,5.5,8
2019,4,30,17,26.7,24.6,126,1016,3.4,88.21,5.5,8
2019,4,30,18,25.9,24.4,18,1017,3.2,91.39,5.5,7
2019,4,30,19,25.4,24,0,1017,3,92.07,5.5,7
2019,4,30,20,25,23.6,0,1018,2.6,92.14,5.4,7
2019,4,30,21,24.7,23.2,0,1018,2.4,91.51,5.3,7
2019,4,30,22,24.5,22.9,0,1017,2.3,90.65,5.4,7
2019,4,30,23,24.2,22.6,0,1017,2.4,90.81,5.6,7
2019,5,1,0,24,22.4,0,1017,2.4,90.61,5.7,8
2019,5,1,1,23.9,22.1,0,1016,2.2,89.81,5.9,8
2019,5,1,2,23.8,21.9,0,1016,1.9,88.96,5.9,7
2019,5,1,3,23.8,21.7,0,1016,2,87.89,6,8
2019,5,1,4,23.7,21.6,0,1016,2.3,88.21,6,7
2019,5,1,5,23.3,21.7,0,1016,3.5,90.47,6.1,7
2019,5,1,6,23,21.4,26,1017,5.2,90.7,6.1,4
2019,5,1,7,22.5,20.7,22,1019,6.5,89.75,5.8,8
2019,5,1,8,22.1,20,43,1020,7.1,87.8,5.4,4
2019,5,1,9,22.1,19.5,61,1021,6.6,85.33,5.2,3
2019,5,1,10,22.4,19.4,73,1022,6.3,83.01,5.1,4
2019,5,1,11,22.7,19.2,118,1021,6.5,80.69,5,4
2019,5,1,12,22.7,19,185,1021,6.7,79.51,5,4
2019,5,1,13,22.5,18.7,210,1021,6.5,79.33,5.1,4
2019,5,1,14,22.2,18.6,119,1021,6.1,80.07,5.1,3
2019,5,1,15,22,18.5,55,1020,5.7,80.69,5.1,3
2019,5,1,16,22,18.6,75,1021,5.3,80.85,5,3
2019,5,1,17,22,18.6,16,1021,4.9,81.15,4.9,4
2019,5,1,18,22,18.8,4,1022,4.5,82.03,4.8,3
2019,5,1,19,22.1,18.9,0,1022,4.3,82.3,4.6,4
2019,5,1,20,22.3,19,0,1023,4.3,81.59,4.4,4
2019,5,1,21,22.4,18.9,0,1023,4.4,80.79,4.3,3
2019,5,1,22,22.5,18.8,0,1024,4.6,79.72,4.1,1
2019,5,1,23,22.6,18.6,0,1024,4.8,78.38,4,3
2019,5,2,0,22.5,18.4,0,1023,5,77.42,4,2
2019,5,2,1,22.5,18.1,0,1023,5.1,76.33,3.9,7
2019,5,2,2,22.5,17.9,0,1022,5.2,75.28,3.9,3
2019,5,2,3,22.5,17.8,0,1022,5.3,74.74,4,3
2019,5,2,4,22.6,17.8,0,1023,5.3,74.36,4.1,7
2019,5,2,5,22.6,18,0,1024,5.2,75.09,4.2,7
2019,5,2,6,22.9,18.3,6,1024,5.4,75.13,4.4,7
2019,5,2,7,23.2,18.6,15,1025,5.8,75.22,4.5,7
2019,5,2,8,23.4,18.5,26,1025,6.1,74.09,4.6,8
2019,5,2,9,23.4,18.3,62,1026,6.2,73.26,4.6,8
2019,5,2,10,23.4,18.2,71,1025,6.2,72.79,4.7,4
2019,5,2,11,23.5,18.2,75,1025,6.1,72.21,4.7,4
2019,5,2,12,23.6,18.3,124,1024,6,72,4.7,7
2019,5,2,13,23.5,18.3,259,1023,5.9,72.7,4.8,7
2019,5,2,14,23,18.4,137,1024,5.3,75.16,4.9,8
2019,5,2,15,22.3,18.5,131,1024,5.5,79.16,4.8,8
2019,5,2,16,21.9,18.7,107,1024,5.8,81.85,4.8,4
2019,5,2,17,21.8,18.6,20,1024,5.9,82.08,4.8,4
2019,5,2,18,21.7,18.4,4,1024,5.5,81.66,4.7,4
2019,5,2,19,21.7,18.3,0,1025,5.1,80.78,4.7,4
2019,5,2,20,21.8,18.1,0,1025,4.9,79.6,4.6,4
2019,5,2,21,21.7,18.1,0,1026,4.7,79.88,4.6,4
2019,5,2,22,21.7,18,0,1026,4.2,79.59,4.5,8
2019,5,2,23,21.6,18,0,1025,4,79.93,4.5,4
2019,5,3,0,21.6,18,0,1025,3.9,79.91,4.4,7
2019,5,3,1,21.7,18,0,1024,4,79.44,4.4,3
2019,5,3,2,21.6,18,0,1024,4.2,79.87,4.5,8
2019,5,3,3,21.6,17.8,0,1024,4.6,79.22,4.5,7
2019,5,3,4,21.5,17.7,0,1024,4.8,78.97,4.4,7
2019,5,3,5,21.5,17.6,0,1025,4.5,78.56,4.3,7
2019,5,3,6,22.1,17.8,82,1025,4.6,76.44,4.2,7
2019,5,3,7,22.6,17.7,87,1026,4.6,73.77,4,4
2019,5,3,8,23.1,17.6,132,1027,4.7,71.22,3.9,3
2019,5,3,9,23.7,17.6,446,1027,4.8,68.77,3.7,3
2019,5,3,10,24.4,17.8,761,1027,5,66.54,3.6,2
2019,5,3,11,24.9,17.9,616,1026,5.5,65.09,3.5,3
2019,5,3,12,25.1,17.9,806,1026,5.9,64.16,3.4,2
2019,5,3,13,25.1,17.6,937,1025,6.2,63.28,3.2,0
2019,5,3,14,25,17.4,825,1025,6.3,62.54,3.1,0
2019,5,3,15,24.7,17.1,660,1025,6.3,62.63,2.9,1
2019,5,3,16,24.4,17,331,1025,6.2,63.3,2.8,3
2019,5,3,17,23.8,17.2,228,1025,5.7,66.38,2.7,0
2019,5,3,18,23,17.3,36,1026,5.2,70.34,2.6,0
2019,5,3,19,22.8,17.3,0,1026,5.1,71.35,2.6,0
2019,5,3,20,22.8,17.4,0,1026,5,71.72,2.5,0
2019,5,3,21,22.8,17.5,0,1027,4.9,72.17,2.5,0
2019,5,3,22,22.8,17.6,0,1027,4.9,72.53,2.6,0
2019,5,3,23,22.8,17.7,0,1026,4.7,72.93,2.7,0
2019,5,4,0,22.8,17.8,0,1026,4.5,73.26,2.9,3
2019,5,4,1,22.8,17.8,0,1025,4.5,73.45,3.1,1
2019,5,4,2,22.8,17.9,0,1025,4.4,73.76,3.3,3
2019,5,4,3,22.9,18,0,1024,4.4,73.9,3.5,4
2019,5,4,4,23,18.1,0,1025,4.5,73.93,3.7,7
2019,5,4,5,23.1,18.3,0,1025,4.5,74.27,3.9,7
2019,5,4,6,24,18.9,18,1025,4.9,72.99,4,7
2019,5,4,7,24.5,19.1,63,1025,5.1,71.69,4.2,7
2019,5,4,8,24.9,19.2,185,1026,5.3,70.46,4.4,7
2019,5,4,9,25.3,19.1,167,1026,5.4,68.67,4.4,3
2019,5,4,10,25.5,19.1,257,1025,5.4,67.8,4.3,8
2019,5,4,11,25.7,19.1,233,1025,5.3,67.15,4.4,3
2019,5,4,12,25.8,19.2,356,1024,5.2,66.93,4.4,3
2019,5,4,13,25.7,19.2,74,1024,5.1,67.42,4.4,3
2019,5,4,14,25.6,19.2,69,1023,5.1,67.91,4.5,3
2019,5,4,15,25.6,19.3,149,1023,5.2,68.15,4.5,4
2019,5,4,16,25.4,19.3,306,1022,4.9,69.15,4.5,7
2019,5,4,17,24.9,19.5,109,1023,4.3,72.14,4.6,7
2019,5,4,18,24.5,19.5,21,1023,4,73.73,4.6,7
2019,5,4,19,24.3,19.4,0,1023,4,73.93,4.6,6
2019,5,4,20,24.2,19.2,0,1023,3.9,73.76,4.5,7
2019,5,4,21,24.1,19.1,0,1024,3.8,73.86,4.5,4
2019,5,4,22,24.1,19.1,0,1024,3.6,73.57,4.5,3
2019,5,4,23,24.1,19,0,1023,3.4,73.33,4.5,3
2019,5,5,0,24,18.9,0,1023,3.3,73.31,4.6,4
2019,5,5,1,23.9,18.8,0,1022,3.2,73.01,4.6,3
2019,5,5,2,23.9,18.7,0,1022,3.1,72.69,4.6,3
2019,5,5,3,23.9,18.7,0,1022,2.9,72.58,4.6,3
2019,5,5,4,23.9,18.7,0,1022,2.8,72.55,4.5,7
2019,5,5,5,24,18.8,0,1022,2.8,72.54,4.5,7
2019,5,5,6,24.8,19.4,83,1022,2.9,72.02,4.4,7
2019,5,5,7,25.6,19.4,286,1023,3.3,68.42,4.3,7
2019,5,5,8,26.2,19.3,502,1023,3.7,65.86,4.3,0
2019,5,5,9,26.5,19.4,547,1023,4.1,65.11,4.2,7
2019,5,5,10,26.9,19.6,694,1022,4.5,64.2,4.1,7
2019,5,5,11,27.4,19.8,830,1021,4.4,63.12,4.1,7
2019,5,5,12,27.7,19.9,814,1021,4.3,62.59,4.2,7
2019,5,5,13,27.6,20,651,1020,4.7,63.11,4.2,7
2019,5,5,14,27.3,19.8,455,1019,4.7,63.77,4.4,6
2019,5,5,15,26.6,19.7,531,1019,4.6,65.7,4.5,7
2019,5,5,16,26,19.8,88,1020,4.2,68.65,4.7,4
2019,5,5,17,25.4,20,33,1020,3.8,71.9,4.9,6
2019,5,5,18,24.9,19.9,9,1021,3.5,73.78,5,6
2019,5,5,19,24.7,19.8,0,1022,3.4,74.24,5.1,7
2019,5,5,20,24.5,19.7,0,1022,3.5,74.82,5.1,6
2019,5,5,21,24.3,19.6,0,1022,3.5,75.29,5.1,7
2019,5,5,22,24.1,19.5,0,1022,3.4,75.57,5.1,7
2019,5,5,23,23.9,19.4,0,1022,3.3,75.8,5.1,8
2019,5,6,0,23.6,19.2,0,1021,3.4,76.4,5.1,4
2019,5,6,1,23.4,19.1,0,1021,3.5,76.92,5.1,4
2019,5,6,2,23.3,19.1,0,1020,3.7,77.35,5.2,4
2019,5,6,3,23.3,19.2,0,1020,3.8,77.59,5.2,4
2019,5,6,4,23.3,19.3,0,1021,4,78.16,5.2,4
2019,5,6,5,23.3,19.4,0,1021,4.1,78.8,5.2,4
2019,5,6,6,23.7,19.8,8,1022,4.5,78.72,5.3,4
2019,5,6,7,24.1,19.9,25,1022,4.8,77.63,5.3,4
2019,5,6,8,24.3,19.9,102,1023,5.1,76.54,5.3,8
2019,5,6,9,24.4,19.9,121,1023,5.4,75.88,5.3,8
2019,5,6,10,24.7,19.9,142,1023,5.9,74.77,5.3,4
2019,5,6,11,25,20,124,1022,6.3,73.75,5.4,4
2019,5,6,12,25.1,20,97,1021,6.5,73.53,5.4,4
2019,5,6,13,24.9,20.1,73,1021,6.7,74.64,5.5,4
2019,5,6,14,24.6,20.1,105,1020,7,76.07,5.6,8
2019,5,6,15,24.1,20.1,56,1020,7.2,78.48,5.6,4
2019,5,6,16,23.5,20.1,139,1020,7.4,81.43,5.6,8
2019,5,6,17,23.2,20.1,132,1021,7.3,82.99,5.6,8
2019,5,6,18,22.9,20.1,11,1021,7.2,84.2,5.6,4
2019,5,6,19,22.7,19.9,0,1022,7.5,84.34,5.6,4
2019,5,6,20,22.6,19.6,0,1022,7.6,83.28,5.6,4
2019,5,6,21,22.5,19.4,0,1022,7.5,82.83,5.5,4
2019,5,6,22,22.4,19.3,0,1022,7.3,82.72,5.5,8
2019,5,6,23,22.3,19.3,0,1022,7,83.01,5.3,8
2019,5,7,0,22.3,19.3,0,1021,6.9,82.95,5.2,4
2019,5,7,1,22.3,19.3,0,1021,6.8,82.97,5.2,4
2019,5,7,2,22.2,19.2,0,1021,6.9,83.34,5.1,4
2019,5,7,3,22.1,19.2,0,1021,7.1,83.38,5.1,4
2019,5,7,4,21.9,19,0,1021,7.3,83.58,5,4
2019,5,7,5,21.7,18.8,0,1022,7.5,83.4,5,4
2019,5,7,6,21.6,18.5,7,1023,7.9,82.71,4.9,3
2019,5,7,7,21.7,18.2,44,1023,8,80.68,4.8,3
2019,5,7,8,21.8,18,54,1023,8,78.83,4.7,3
2019,5,7,9,22.1,17.8,185,1024,7.8,76.7,4.5,3
2019,5,7,10,22.3,17.7,106,1023,7.5,75.21,4.3,3
2019,5,7,11,22.4,17.6,92,1023,7.2,74.26,4.2,3
2019,5,7,12,22.6,17.5,175,1023,6.9,73.14,4.2,3
2019,5,7,13,22.7,17.5,190,1022,6.7,72.55,4.3,3
2019,5,7,14,22.7,17.5,202,1022,6.6,72.48,4.3,3
2019,5,7,15,22.6,17.5,71,1022,6.6,72.82,4.3,3
2019,5,7,16,22.3,17.4,53,1022,6.6,74.02,4.3,3
2019,5,7,17,21.9,17.4,35,1022,6.4,75.7,4.3,3
2019,5,7,18,21.5,17.4,7,1022,6,77.61,4.3,3
2019,5,7,19,21.5,17.6,0,1023,5.7,78.24,4.3,3
2019,5,7,20,21.5,17.7,0,1023,5.4,78.93,4.4,3
2019,5,7,21,21.6,17.9,0,1023,5,79.28,4.5,3
2019,5,7,22,21.6,18.1,0,1023,4.7,80.27,4.6,3
2019,5,7,23,21.7,18.3,0,1023,4.5,80.97,4.7,3
2019,5,8,0,21.8,18.5,0,1022,4.3,81.63,4.8,0
2019,5,8,1,21.9,18.8,0,1021,4.3,82.35,4.9,3
2019,5,8,2,22.1,19,0,1021,4.2,82.6,4.9,3
2019,5,8,3,22.2,19.2,0,1021,4.1,83.33,5,3
2019,5,8,4,22.3,19.5,0,1021,4.1,84.03,5.2,3
2019,5,8,5,22.4,19.7,0,1021,4,84.8,5.3,3
2019,5,8,6,22.9,20.1,7,1021,4.2,84.5,5.5,3
2019,5,8,7,23,20.3,30,1021,4.5,84.97,5.6,4
2019,5,8,8,23.1,20.4,47,1021,4.5,84.72,5.7,4
2019,5,8,9,23.1,20.4,61,1021,4.6,84.85,5.7,4
2019,5,8,10,23.3,20.4,70,1021,4.6,83.8,5.7,4
2019,5,8,11,23.5,20.5,645,1021,4.5,83.03,5.7,3
2019,5,8,12,23.8,20.6,82,1020,4.3,82.28,5.7,8
2019,5,8,13,24.1,20.7,123,1019,4.2,81.53,5.7,8
2019,5,8,14,24.1,20.8,201,1019,4.2,81.87,5.7,7
2019,5,8,15,23.9,20.8,96,1019,4.3,82.93,5.6,3
2019,5,8,16,23.6,20.8,317,1019,4.4,84.45,5.5,3
2019,5,8,17,23.3,20.8,64,1019,4.1,85.8,5.4,3
2019,5,8,18,23,20.8,19,1019,3.5,87.36,5.3,7
2019,5,8,19,23,20.8,0,1020,3.1,87.52,5.3,8
2019,5,8,20,23,20.8,0,1020,2.9,87.68,5.4,4
2019,5,8,21,23,20.9,0,1021,2.9,88.13,5.6,7
2019,5,8,22,23,20.9,0,1020,2.7,88.23,5.7,7
2019,5,8,23,23,21,0,1020,2.7,88.41,5.7,7
2019,5,9,0,23,21,0,1020,2.7,88.71,5.8,7
2019,5,9,1,23,21.1,0,1019,2.8,88.8,5.8,4
2019,5,9,2,23,21.1,0,1019,3,88.92,5.7,4
2019,5,9,3,23,21.1,0,1019,3.1,88.89,5.7,4
2019,5,9,4,23.1,21.1,0,1019,3.2,88.26,5.7,8
2019,5,9,5,23.1,21.1,0,1019,3.3,88.55,5.8,4
2019,5,9,6,23.5,21.4,21,1020,3.7,87.97,5.9,4
2019,5,9,7,23.7,21.5,23,1020,4,87.3,5.9,4
2019,5,9,8,24.1,21.5,71,1020,3.9,85.54,5.9,4
2019,5,9,9,24.4,21.6,61,1020,4,84.22,5.9,4
2019,5,9,10,24.6,21.6,139,1020,4.4,83.54,5.9,4
2019,5,9,11,24.7,21.6,271,1020,4.8,83.08,5.8,8
2019,5,9,12,24.6,21.6,251,1019,5.1,83.16,5.8,4
2019,5,9,13,24.3,21.4,236,1018,5.2,83.99,5.9,8
2019,5,9,14,23.9,21.3,398,1018,5.2,85.18,5.9,8
2019,5,9,15,23.6,21.1,126,1018,4.9,85.86,6,8
2019,5,9,16,23.2,21,50,1018,4.6,87.23,6.1,4
2019,5,9,17,23,20.9,43,1019,4.3,87.97,6.1,4
2019,5,9,18,22.8,20.9,11,1019,4,89.05,6,8
2019,5,9,19,22.8,21,0,1020,4,89.44,6,4
2019,5,9,20,22.9,21.1,0,1020,4.1,89.35,5.9,4
2019,5,9,21,23,21.1,0,1021,4.1,89.33,5.8,4
2019,5,9,22,23,21.2,0,1021,4.2,89.72,5.8,4
2019,5,9,23,23,21.3,0,1020,4.2,89.96,5.7,4
2019,5,10,0,23,21.3,0,1020,4.1,90.17,5.8,3
2019,5,10,1,23,21.3,0,1019,4,90.25,5.9,4
2019,5,10,2,23.1,21.3,0,1019,4,89.81,5.9,3
2019,5,10,3,23.1,21.3,0,1019,3.9,89.76,5.8,3
2019,5,10,4,23,21.3,0,1019,3.7,90.03,5.8,4
2019,5,10,5,23.1,21.3,0,1019,3.6,89.59,5.7,4
2019,5,10,6,23.6,21.5,21,1020,3.9,88.11,5.6,3
2019,5,10,7,24,21.6,122,1020,3.9,86.37,5.5,3
2019,5,10,8,24.3,21.6,238,1021,3.9,85.07,5.4,3
2019,5,10,9,24.5,21.7,505,1021,4,84.2,5.5,3
2019,5,10,10,24.7,21.7,225,1021,4.2,83.27,5.4,3
2019,5,10,11,25.1,21.7,143,1021,4.3,81.66,5.4,3
2019,5,10,12,25.3,21.8,461,1021,4.3,80.75,5.4,3
2019,5,10,13,25.4,21.7,356,1020,4.3,79.89,5.4,3
2019,5,10,14,25.3,21.5,272,1020,4.3,79.65,5.3,3
2019,5,10,15,25.1,21.3,262,1020,4.2,79.57,5.2,3
2019,5,10,16,24.8,21.1,97,1020,4.2,79.77,5.1,3
2019,5,10,17,24.4,20.9,73,1020,4.2,80.78,5,3
2019,5,10,18,24,20.8,36,1021,4,82.43,4.9,0
2019,5,10,19,23.8,20.8,0,1021,3.9,83.14,4.9,1
2019,5,10,20,23.8,20.8,0,1021,3.8,83.24,4.9,1
2019,5,10,21,23.8,20.9,0,1022,3.7,83.68,4.9,1
2019,5,10,22,23.9,21,0,1022,3.6,83.75,4.9,1
2019,5,10,23,23.9,21.1,0,1021,3.5,84.44,5,1
2019,5,11,0,23.9,21.3,0,1021,3.5,85.39,5,1
2019,5,11,1,23.9,21.5,0,1021,3.5,86.38,5,1
2019,5,11,2,23.9,21.7,0,1020,3.5,87.27,5,0
2019,5,11,3,23.9,21.8,0,1021,3.4,88.18,5,1
2019,5,11,4,24,21.9,0,1021,3.4,88.31,5,0
2019,5,11,5,24.2,22.1,0,1021,3.3,88.17,5,0
2019,5,11,6,25.1,22.7,96,1022,3.7,86.35,5,0
2019,5,11,7,25.7,22.9,177,1022,3.9,84.37,5.1,3
2019,5,11,8,26.3,23,451,1022,3.8,81.91,5.2,2
2019,5,11,9,26.8,23,424,1022,3.8,79.85,5.2,2
2019,5,11,10,27.1,23.1,418,1022,4,78.93,5.3,2
2019,5,11,11,27.3,23.2,552,1022,4.3,78.27,5.3,2
2019,5,11,12,27.3,23.2,633,1022,4.3,78.18,5.3,3
2019,5,11,13,27.1,23.1,332,1021,4.3,78.69,5.3,3
2019,5,11,14,26.9,23,439,1021,4.1,79.1,5.2,3
2019,5,11,15,26.5,22.8,282,1020,4,80.4,5.2,3
2019,5,11,16,26,22.8,335,1020,3.8,82.43,5.2,3
2019,5,11,17,25.6,22.8,93,1021,3.8,84.29,5.2,3
2019,5,11,18,25.1,22.8,22,1021,3.6,86.99,5.1,3
2019,5,11,19,24.9,22.8,0,1022,3.5,88.27,5.1,0
2019,5,11,20,24.9,22.9,0,1022,3.5,88.71,5.1,3
2019,5,11,21,24.9,23,0,1022,3.4,89.35,5.2,1
2019,5,11,22,24.9,23.2,0,1022,3.3,90.14,5.2,3
2019,5,11,23,24.9,23.3,0,1022,3.2,90.93,5.2,0
2019,5,12,0,24.8,23.4,0,1021,2.9,92.06,5.2,0
2019,5,12,1,24.8,23.5,0,1021,2.7,92.48,5.2,0
2019,5,12,2,24.8,23.5,0,1021,2.5,92.6,5.1,0
2019,5,12,3,24.7,23.5,0,1021,2.3,93.21,5.1,0
2019,5,12,4,24.7,23.5,0,1021,2.1,93.08,5,0
2019,5,12,5,24.9,23.6,0,1021,2,92.29,5,0
2019,5,12,6,25.8,24.1,93,1022,2.4,90.4,5,0
2019,5,12,7,26.4,24.2,295,1022,2.6,87.95,5,0
2019,5,12,8,27,24.3,505,1022,2.8,85.43,5.1,0
2019,5,12,9,27.6,24.5,695,1022,3,83.25,5.1,0
2019,5,12,10,28,24.6,845,1022,3.2,81.94,5.1,0
2019,5,12,11,28.4,24.7,932,1021,3.4,80.42,5.2,0
2019,5,12,12,28.6,24.7,957,1021,3.5,79.59,5.2,0
2019,5,12,13,28.5,24.7,914,1020,3.7,79.87,5.3,0
2019,5,12,14,28.3,24.7,784,1020,3.8,80.73,5.4,0
2019,5,12,15,27.9,24.7,623,1020,4,82.69,5.5,0
2019,5,12,16,27.3,24.7,331,1020,4.2,85.77,5.6,3
2019,5,12,17,26.7,24.8,125,1021,4.2,89.28,5.6,3
2019,5,12,18,26.2,24.8,20,1021,3.9,92.26,5.6,3
2019,5,12,19,26.1,24.8,0,1021,3.8,92.75,5.5,1
2019,5,12,20,26.1,24.8,0,1022,3.9,92.84,5.4,1
2019,5,12,21,26.1,24.9,0,1022,4,92.85,5.4,3
2019,5,12,22,26,24.8,0,1021,4,93.02,5.4,3
2019,5,12,23,26,24.7,0,1021,4.2,92.64,5.5,1
2019,5,13,0,25.9,24.7,0,1020,4.2,93.03,5.7,0
2019,5,13,1,25.9,24.7,0,1020,3.8,93.03,5.9,0
2019,5,13,2,25.8,24.7,0,1019,3.1,93.52,6,1
2019,5,13,3,25.7,24.7,0,1019,2.7,93.95,6,1
2019,5,13,4,25.7,24.6,0,1019,2.5,93.82,5.9,1
2019,5,13,5,25.8,24.7,0,1020,2.3,93.59,5.9,0
2019,5,13,6,26.5,25.1,99,1020,2.4,91.77,5.8,0
2019,5,13,7,27,25.1,302,1021,2.5,89.14,5.7,0
2019,5,13,8,27.6,25,512,1021,2.4,85.53,5.4,0
2019,5,13,9,28.2,24.8,701,1021,2.3,81.7,5.1,0
2019,5,13,10,28.7,24.5,849,1021,2.1,77.96,4.8,0
2019,5,13,11,29.2,24.2,764,1020,2.1,74.41,4.5,2
2019,5,13,12,29.5,24,950,1020,2.1,72.22,4.4,1
2019,5,13,13,29.4,23.9,755,1019,2.2,72.2,4.4,3
2019,5,13,14,29.1,23.9,597,1019,2.2,73.4,4.4,3
2019,5,13,15,28.6,23.9,485,1018,2,75.61,4.5,2
2019,5,13,16,28.1,24,438,1018,1.5,78.43,4.5,1
2019,5,13,17,27.6,24.2,227,1019,1,81.64,4.6,1
2019,5,13,18,26.9,24.1,42,1019,0.7,84.8,4.7,1
2019,5,13,19,26.7,23.8,0,1019,0.6,84.27,4.8,0
2019,5,13,20,26.5,23.9,0,1019,0.8,85.9,4.9,0
2019,5,13,21,26.3,24,0,1019,1.1,87.26,4.9,0
2019,5,13,22,26.2,24,0,1019,1.2,87.65,4.9,0
2019,5,13,23,26,23.9,0,1018,1.3,88.26,4.9,0
2019,5,14,0,25.9,23.8,0,1018,1.4,88.31,4.8,0
2019,5,14,1,25.6,23.8,0,1017,1.4,89.54,4.8,0
2019,5,14,2,25.4,23.7,0,1017,1.3,90.15,4.8,0
2019,5,14,3,25,23.5,0,1018,1.8,91.33,4.8,0
2019,5,14,4,24.6,23.3,0,1018,2.1,92.59,4.8,0
2019,5,14,5,24.6,23.3,0,1019,2.2,92.41,4.8,3
2019,5,14,6,25.4,23.5,95,1019,2.6,89.24,4.8,1
2019,5,14,7,26.2,23.6,297,1020,2.7,85.6,4.7,0
2019,5,14,8,27.2,23.8,457,1020,2.8,81.47,4.8,3
2019,5,14,9,27.9,24,531,1020,2.6,79.27,4.8,3
2019,5,14,10,28.5,24.2,470,1020,2.5,77.49,4.9,3
2019,5,14,11,28.7,24.4,738,1020,3.1,77.39,5,2
2019,5,14,12,28.6,24.4,596,1019,3.4,78.15,5.1,3
2019,5,14,13,28.4,24.4,524,1019,3.3,78.99,5,3
2019,5,14,14,28.1,24.3,404,1019,3.3,80.01,5,3
2019,5,14,15,27.5,24.2,630,1018,3.1,82.08,4.9,1
2019,5,14,16,26.9,24,434,1018,2.8,84.05,4.8,1
2019,5,14,17,26.2,23.8,223,1019,2.6,86.52,4.8,1
2019,5,14,18,25.4,23.6,38,1019,2.4,89.76,4.9,1
2019,5,14,19,25,23.4,0,1020,2.3,90.72,5,0
2019,5,14,20,24.8,23.2,0,1020,2.2,90.91,5,0
2019,5,14,21,24.7,23.1,0,1021,2,90.65,5,1
2019,5,14,22,24.6,22.9,0,1021,1.8,90.45,5,0
2019,5,14,23,24.6,22.8,0,1020,1.7,89.73,5,0
2019,5,15,0,24.5,22.7,0,1020,1.7,89.83,5,7
2019,5,15,1,24.5,22.6,0,1019,1.7,89.35,5.1,1
2019,5,15,2,24.5,22.5,0,1019,1.5,88.86,5.1,1
2019,5,15,3,24.6,22.4,0,1019,1.2,87.76,5.2,1
2019,5,15,4,24.8,22.4,0,1019,0.9,86.61,5.3,1
2019,5,15,5,24.9,22.5,0,1020,0.9,86.73,5.4,3
2019,5,15,6,25.6,23,23,1020,1,85.58,5.5,3
2019,5,15,7,26.7,23.2,79,1021,0.9,80.99,5.6,3
2019,5,15,8,27.5,23.2,44,1021,1.2,77.53,5.7,3
2019,5,15,9,28.2,23.5,274,1021,1.5,75.7,5.9,4
2019,5,15,10,28.5,23.8,328,1020,1.7,75.85,6.1,4
2019,5,15,11,28.8,24.1,446,1019,2,75.9,6.4,4
2019,5,15,12,28.8,24.4,350,1019,2.1,77.29,6.6,4
2019,5,15,13,28.5,24.5,455,1019,2.3,79.03,6.8,4
2019,5,15,14,28.1,24.6,286,1018,2.2,81.1,6.9,3
2019,5,15,15,27.7,24.6,253,1018,2,83.36,6.8,3
2019,5,15,16,27.3,24.7,122,1018,1.8,85.52,6.8,3
2019,5,15,17,27,24.8,77,1018,1.6,87.52,6.7,4
2019,5,15,18,26.6,24.8,32,1018,1.3,89.98,6.6,8
2019,5,15,19,26.4,24.8,0,1019,1.1,91.09,6.6,3
2019,5,15,20,26.3,24.8,0,1019,1,91.69,6.6,4
2019,5,15,21,26.2,24.9,0,1020,0.9,92.41,6.6,4
2019,5,15,22,26.2,24.9,0,1019,1.1,92.46,6.5,7
2019,5,15,23,26.1,24.9,0,1019,1.2,93.12,6.3,7
2019,5,16,0,26.2,24.8,0,1018,1.2,92.24,6.2,7
2019,5,16,1,26.1,24.8,0,1017,1.2,92.57,6.2,7
2019,5,16,2,26.1,24.8,0,1017,1.4,92.53,6.2,7
2019,5,16,3,26,24.7,0,1016,1.5,92.66,6.2,7
2019,5,16,4,25.9,24.7,0,1016,1.6,92.86,6.3,8
2019,5,16,5,26.1,24.7,0,1016,1.7,92.2,6.2,7
2019,5,16,6,27.1,25.2,63,1017,2,89.58,6.3,7
2019,5,16,7,28,25.2,160,1017,2,84.72,6.4,8
2019,5,16,8,28.2,25,289,1018,1.9,83.03,6.6,3
2019,5,16,9,28.2,25,525,1018,2.3,82.97,6.7,7
2019,5,16,10,28.3,25,701,1017,2.4,82.36,6.7,7
2019,5,16,11,28.6,24.9,413,1017,2.6,80.61,6.7,7
2019,5,16,12,28.5,24.9,306,1016,2.7,80.99,6.8,7
2019,5,16,13,28.1,25.1,423,1016,2.8,83.72,6.9,7
2019,5,16,14,27.9,25.2,369,1016,2.7,85.4,7,6
2019,5,16,15,27.8,25.2,178,1015,2.4,85.8,7,7
2019,5,16,16,27.8,25.2,262,1015,1.8,86,6.9,8
2019,5,16,17,27.7,25.4,160,1015,1.3,87.35,6.8,8
2019,5,16,18,27.2,25.4,23,1016,1.2,89.82,6.7,7
2019,5,16,19,27,25.2,0,1016,1.3,90.09,6.7,8
2019,5,16,20,26.7,25.3,0,1016,1.4,92,6.7,7
2019,5,16,21,26.5,25.3,0,1016,1.5,93.33,6.8,7
2019,5,16,22,26.4,25.3,0,1016,1.7,93.86,6.9,7
2019,5,16,23,26.4,25.3,0,1016,1.7,93.44,6.9,7
2019,5,17,0,26.3,25.1,0,1016,1.4,93.09,6.8,8
2019,5,17,1,26.3,25,0,1015,1.1,92.44,6.9,7
2019,5,17,2,26.2,24.9,0,1014,1,92.76,7.1,6
2019,5,17,3,26.2,24.9,0,1014,1.1,92.76,7.3,6
2019,5,17,4,26.1,24.9,0,1014,1.2,93.24,7.4,6
2019,5,17,5,26.1,24.9,0,1014,1.8,93.12,7.4,6
2019,5,17,6,26.4,25.1,6,1014,2.4,92.82,7.3,6
2019,5,17,7,26.7,25.1,15,1015,2.6,91.07,7.1,6
2019,5,17,8,27,25.1,36,1015,2.9,89.19,7,6
2019,5,17,9,27.6,25.1,51,1015,3.5,86.42,6.9,6
2019,5,17,10,28,25.2,72,1015,3.8,84.73,6.8,6
2019,5,17,11,28.1,25.3,90,1015,3.7,84.57,6.8,6
2019,5,17,12,28,25.3,111,1014,3.7,85.3,6.8,6
2019,5,17,13,28.1,25.3,201,1013,4,84.94,6.7,7
2019,5,17,14,28.3,25.4,58,1013,4.1,84.23,6.7,8
2019,5,17,15,28.4,25.4,518,1013,3.6,83.77,6.6,7
2019,5,17,16,28.3,25.3,396,1013,3.1,83.84,6.5,7
2019,5,17,17,28,25.1,198,1013,3.1,84.46,6.3,3
2019,5,17,18,27.6,24.9,28,1013,2.6,85.09,6.2,7
2019,5,17,19,27.2,24.7,0,1013,2.4,86.08,6,7
2019,5,17,20,27,24.6,0,1013,2.5,86.58,5.9,7
2019,5,17,21,26.7,24.6,0,1014,2.5,88.44,5.9,6
2019,5,17,22,26.5,24.7,0,1014,2.4,89.67,5.9,7
2019,5,17,23,26.4,24.6,0,1014,2.4,90.12,6,7
2019,5,18,0,26.4,24.6,0,1014,2.5,89.85,6,7
2019,5,18,1,26.3,24.5,0,1013,2.4,89.95,6.1,7
2019,5,18,2,26.3,24.4,0,1013,2.3,89.51,6.1,7
2019,5,18,3,26.3,24.3,0,1013,2.3,88.69,6.2,7
2019,5,18,4,26.2,24.2,0,1014,2.3,88.74,6.2,7
2019,5,18,5,26.3,24.3,0,1014,2.3,88.59,6.2,7
2019,5,18,6,27.1,24.7,103,1014,2.6,86.69,6.2,1
2019,5,18,7,27.9,24.8,304,1015,2.7,83.51,6.3,0
2019,5,18,8,28.9,25,514,1015,2.7,79.54,6.3,0
2019,5,18,9,29.7,25.1,604,1015,3.1,76.32,6.3,3
2019,5,18,10,30.4,25.3,470,1015,3.3,74.1,6.4,8
2019,5,18,11,30.7,25.5,307,1015,3.5,73.72,6.5,8
2019,5,18,12,30.7,25.7,586,1015,3.6,74.58,6.6,3
2019,5,18,13,30.3,25.8,299,1014,3.7,76.92,6.8,3
2019,5,18,14,29.9,25.9,256,1014,3.6,79.38,6.8,8
2019,5,18,15,29.5,26,278,1014,3.1,81.69,6.8,3
2019,5,18,16,28.9,26.2,368,1014,2.4,85.44,6.8,7
2019,5,18,17,28.3,26.3,181,1014,2,88.72,6.6,7
2019,5,18,18,27.7,26.1,49,1014,1.8,91.25,6.6,8
2019,5,18,19,27.3,25.9,0,1015,1.8,92,6.5,7
2019,5,18,20,27.2,25.7,0,1016,1.7,91.65,6.6,7
2019,5,18,21,27,25.5,0,1016,1.6,91.78,6.6,7
2019,5,18,22,26.9,25.4,0,1017,1.6,91.74,6.7,7
2019,5,18,23,26.8,25.4,0,1017,1.4,91.85,6.7,7
2019,5,19,0,26.8,25.3,0,1016,1.3,91.42,6.7,7
2019,5,19,1,26.7,25.2,0,1016,1.5,91.32,6.6,3
2019,5,19,2,26.6,25,0,1015,1.9,91.02,6.5,7
2019,5,19,3,26.4,24.9,0,1015,2.3,91.56,6.4,6
2019,5,19,4,26.4,24.9,0,1016,2.4,91.26,6.3,6
2019,5,19,5,26.5,25,0,1016,2.4,91.25,6.2,7
2019,5,19,6,27.3,25.5,107,1017,2.6,89.81,6.1,0
2019,5,19,7,28,25.5,312,1017,2.8,86.25,6,0
2019,5,19,8,28.6,25.5,525,1018,2.9,83.24,6,0
2019,5,19,9,29.1,25.5,713,1018,2.9,80.83,5.9,0
2019,5,19,10,29.6,25.5,592,1018,2.9,78.71,5.9,3
2019,5,19,11,30,25.5,184,1017,2.9,77.06,6,3
2019,5,19,12,30.2,25.6,524,1017,3,76.46,6.2,3
2019,5,19,13,30.3,25.6,534,1016,3.1,76.18,6.2,3
2019,5,19,14,30.3,25.7,404,1015,3.1,76.42,6.3,3
2019,5,19,15,30.1,25.8,604,1015,2.9,77.62,6.5,7
2019,5,19,16,29.6,25.8,410,1016,2.5,79.92,6.7,7
2019,5,19,17,29.1,25.9,234,1016,2.1,82.85,6.6,7
2019,5,19,18,28.3,26.1,45,1016,2,88.06,6.4,7
2019,5,19,19,28,26,0,1016,2.1,88.81,6.2,7
2019,5,19,20,27.9,25.9,0,1017,1.9,88.99,6.2,7
2019,5,19,21,27.8,25.8,0,1018,1.8,89.03,6.3,1
2019,5,19,22,27.7,25.7,0,1018,1.7,88.97,6.4,7
2019,5,19,23,27.6,25.6,0,1017,1.6,89.06,6.5,0
2019,5,20,0,27.5,25.5,0,1016,1.6,88.87,6.4,1
2019,5,20,1,27.2,25.4,0,1015,1.7,89.67,6.2,0
2019,5,20,2,27.1,25.3,0,1015,1.6,89.83,5.8,1
2019,5,20,3,27.2,25.2,0,1015,1.3,88.86,5.8,0
2019,5,20,4,27.5,25.2,0,1016,1.1,87.29,6,0
2019,5,20,5,27.3,25.3,0,1016,1,88.86,6.1,1
2019,5,20,6,27.7,25.5,8,1016,1.5,87.95,6.2,6
2019,5,20,7,28.2,25.4,15,1017,2.3,84.79,6.5,6
2019,5,20,8,28,25.3,30,1017,3.2,85.14,6.9,6
2019,5,20,9,27,24.9,51,1018,4.6,88.24,7.2,6
2019,5,20,10,26,24,73,1018,6.1,88.88,7.4,6
2019,5,20,11,25.2,22.9,90,1018,6.7,86.85,7.2,6
2019,5,20,12,24.7,22,94,1018,6.5,84.86,6.8,6
2019,5,20,13,24.6,21.7,89,1018,6.1,83.91,6.4,9
2019,5,20,14,24.7,21.6,69,1018,6,82.98,6.1,9
2019,5,20,15,24.5,21.5,46,1019,6.4,83.38,6,6
2019,5,20,16,24.2,21.4,27,1019,6.8,84.24,6.1,6
2019,5,20,17,23.9,21.4,81,1020,6.6,85.84,6.3,7
2019,5,20,18,23.7,21.4,24,1021,6.3,86.79,6.4,7
2019,5,20,19,23.6,21.3,0,1021,6,86.72,6.2,7
2019,5,20,20,23.6,21.1,0,1021,5.5,85.93,6,7
2019,5,20,21,23.7,21,0,1022,5.1,84.74,5.7,7
2019,5,20,22,23.8,20.9,0,1022,4.8,83.7,5.5,7
2019,5,20,23,23.8,20.7,0,1021,4.4,82.94,5.4,1
2019,5,21,0,23.7,20.5,0,1021,4.3,82.44,5.3,3
2019,5,21,1,23.7,20.2,0,1021,4.4,80.97,5.2,3
2019,5,21,2,23.7,19.8,0,1020,4.7,78.67,5.1,3
2019,5,21,3,23.5,19.2,0,1020,4.8,77.02,5,3
2019,5,21,4,23.4,18.7,0,1021,4.8,75,4.9,3
2019,5,21,5,23.2,18.4,0,1021,4.9,74.28,4.8,3
2019,5,21,6,23.7,18.4,54,1022,5.3,72.09,4.7,4
2019,5,21,7,24.1,18.1,131,1022,5.6,69.2,4.5,3
2019,5,21,8,24.4,17.9,245,1022,5.7,67.21,4.2,3
2019,5,21,9,24.8,17.9,295,1023,5.7,65.43,4,3
2019,5,21,10,25.1,17.8,454,1022,5.8,63.95,4,3
2019,5,21,11,25.3,17.7,646,1022,5.7,62.64,4.2,3
2019,5,21,12,25.4,17.5,799,1021,5.6,61.52,4.4,2
2019,5,21,13,25.4,17.3,695,1020,5.6,60.76,4.6,3
2019,5,21,14,25.3,17.1,452,1020,5.6,60.3,4.6,3
2019,5,21,15,25,16.8,190,1020,5.5,60.44,4.6,3
2019,5,21,16,24.6,16.6,242,1020,5.1,61.05,4.7,3
2019,5,21,17,24,16.6,169,1020,4.3,63.4,4.8,3
2019,5,21,18,23.5,17,50,1021,3.4,67.11,5,0
2019,5,21,19,23.4,17.2,0,1021,3.1,68.01,5.1,4
2019,5,21,20,23.4,17.1,0,1021,2.9,67.92,5.1,3
2019,5,21,21,23.4,17,0,1022,2.7,67.48,5,0
2019,5,21,22,23.4,16.9,0,1022,2.6,66.81,4.8,1
2019,5,21,23,23.4,16.7,0,1021,2.5,66.11,4.5,0
2019,5,22,0,23.5,16.7,0,1021,2.5,65.75,4.3,1
2019,5,22,1,23.6,16.8,0,1020,2.4,65.57,4.3,3
2019,5,22,2,23.7,16.8,0,1020,2.3,65.28,4.3,3
2019,5,22,3,23.7,16.8,0,1020,2.2,65.16,4.4,3
2019,5,22,4,23.8,16.7,0,1020,2.3,64.66,4.5,3
2019,5,22,5,23.8,17.1,0,1020,2.3,66.21,4.5,3
2019,5,22,6,24.6,17.8,27,1021,2.4,65.95,4.5,3
2019,5,22,7,25.3,17,65,1021,2.7,60.13,4.3,3
2019,5,22,8,26,17,123,1021,2.7,57.5,4.2,3
2019,5,22,9,26.6,17.4,170,1021,2.8,57.05,4.2,3
2019,5,22,10,27.1,17.8,392,1020,3,56.87,4.3,3
2019,5,22,11,27.3,18.1,432,1020,3.2,57.13,4.4,3
2019,5,22,12,27.2,18.1,320,1020,3.2,57.49,4.7,3
2019,5,22,13,26.9,18,179,1020,3.1,58.21,5,4
2019,5,22,14,26.3,17.9,127,1020,3,59.83,5.3,4
2019,5,22,15,25.5,17.8,226,1020,2.9,62.44,5.5,4
2019,5,22,16,24.9,17.8,90,1019,2.7,64.53,5.5,3
2019,5,22,17,24.6,17.7,102,1019,2.5,65.43,5.4,4
2019,5,22,18,24.4,18.1,23,1020,2.2,67.9,5.3,4
2019,5,22,19,24.4,18.2,0,1020,2.2,68.26,5.1,4
2019,5,22,20,24.5,18.2,0,1020,2.2,68.07,5,4
2019,5,22,21,24.6,18.3,0,1021,2,68.03,5.1,4
2019,5,22,22,24.7,18.3,0,1021,1.9,67.78,5.1,1
2019,5,22,23,24.8,18.3,0,1020,1.7,67.33,5.3,1
2019,5,23,0,24.7,18.5,0,1020,1.7,68.28,5.4,0
2019,5,23,1,24.5,18.7,0,1020,1.7,69.96,5.4,1
2019,5,23,2,24.3,19,0,1020,1.8,72.26,5.4,4
2019,5,23,3,24,19.3,0,1020,2,74.98,5.5,4
2019,5,23,4,23.7,19.5,0,1020,2,77.44,5.8,4
2019,5,23,5,23.1,19.6,0,1021,2,80.75,5.9,4
2019,5,23,6,23.2,19.8,22,1022,2.4,81.34,5.9,7
2019,5,23,7,23.2,20,64,1022,2.6,81.98,5.8,8
2019,5,23,8,23.3,20.1,187,1023,2.7,82.44,5.7,8
2019,5,23,9,23.6,20.4,70,1023,2.8,82.07,5.5,8
2019,5,23,10,24.1,20.6,85,1023,2.9,80.9,5.5,4
2019,5,23,11,24.7,20.9,85,1023,2.9,79.37,5.4,3
2019,5,23,12,25.2,21.2,250,1022,3,78.32,5.4,3
2019,5,23,13,25.4,21.4,817,1022,3.3,78.34,5.3,2
2019,5,23,14,25.6,21.5,620,1021,3.4,78.04,5.1,2
2019,5,23,15,25.6,21.5,637,1021,3.5,78.23,4.8,1
2019,5,23,16,25.4,21.5,446,1021,3.6,79.03,4.6,0
2019,5,23,17,25.1,21.5,238,1021,3.6,80.4,4.4,1
2019,5,23,18,24.7,21.5,52,1021,3.4,82.43,4.3,1
2019,5,23,19,24.5,21.4,0,1022,3.4,83.09,4.1,3
2019,5,23,20,24.5,21.4,0,1023,3.6,82.95,4,3
2019,5,23,21,24.5,21.4,0,1023,3.7,82.84,3.9,3
2019,5,23,22,24.5,21.4,0,1023,3.8,82.74,3.8,0
2019,5,23,23,24.5,21.4,0,1023,4,82.66,3.7,0
2019,5,24,0,24.5,21.3,0,1022,4.2,82.5,3.7,0
2019,5,24,1,24.4,21.3,0,1022,4.5,82.83,3.7,1
2019,5,24,2,24.4,21.2,0,1022,4.7,82.62,3.7,1
2019,5,24,3,24.4,21.2,0,1022,4.9,82.23,3.7,0
2019,5,24,4,24.4,21.1,0,1022,5,81.64,3.7,0
2019,5,24,5,24.5,21,0,1022,4.8,80.8,3.7,0
2019,5,24,6,25.2,21.2,112,1023,5,78.51,3.7,0
2019,5,24,7,26,21.2,317,1023,5,75.1,3.7,0
2019,5,24,8,26.7,21.3,528,1024,4.9,72.38,3.7,0
2019,5,24,9,27.3,21.5,715,1024,4.8,70.73,3.8,0
2019,5,24,10,27.8,21.8,860,1023,4.7,69.78,3.8,0
2019,5,24,11,28.2,22.1,955,1023,4.6,69.41,3.9,0
2019,5,24,12,28.4,22.3,975,1022,4.4,69.54,4,0
2019,5,24,13,28.4,22.4,928,1022,4.4,70.2,4.1,0
2019,5,24,14,28.3,22.5,403,1021,4.4,70.84,4.2,3
2019,5,24,15,28,22.6,652,1021,4.5,72.37,4.3,1
2019,5,24,16,27.6,22.6,454,1021,4.6,74.35,4.5,0
2019,5,24,17,27.1,22.7,242,1021,4.6,76.89,4.6,0
2019,5,24,18,26.5,22.7,39,1021,4.5,79.48,4.6,3
2019,5,24,19,26.2,22.6,0,1022,4.6,80.67,4.6,3
2019,5,24,20,26.1,22.6,0,1022,4.7,81.03,4.6,1
2019,5,24,21,26,22.6,0,1022,4.8,81.44,4.7,0
2019,5,24,22,25.9,22.5,0,1022,4.8,81.57,4.7,3
2019,5,24,23,25.8,22.4,0,1022,4.8,81.66,4.8,3
2019,5,25,0,25.6,22.4,0,1022,4.7,82.49,4.9,7
2019,5,25,1,25.5,22.3,0,1021,4.6,82.67,5,3
2019,5,25,2,25.4,22.3,0,1021,4.4,82.91,5.1,3
2019,5,25,3,25.4,22.2,0,1021,4.3,82.61,5.3,3
2019,5,25,4,25.3,22.2,0,1021,4.2,82.84,5.4,3
2019,5,25,5,25.4,22.2,0,1021,4.1,82.59,5.5,3
2019,5,25,6,26.1,22.5,102,1022,4.3,80.61,5.6,1
2019,5,25,7,26.8,22.5,297,1022,4.3,77.57,5.7,0
2019,5,25,8,27.4,22.6,496,1022,4,75.24,5.9,0
2019,5,25,9,27.8,22.7,674,1022,3.9,73.99,6,1
2019,5,25,10,28,22.9,703,1022,4,73.95,6,2
2019,5,25,11,28.3,23.1,802,1022,4.2,73.61,6.1,7
2019,5,25,12,28.4,23.2,896,1021,4.2,73.59,6.1,7
2019,5,25,13,28.4,23.2,859,1021,4.2,73.6,6.1,7
2019,5,25,14,28.1,23.1,778,1020,4.1,74.25,6,1
2019,5,25,15,27.7,23,585,1020,3.9,75.48,6,7
2019,5,25,16,27.3,22.9,238,1020,3.7,77.14,6.1,6
2019,5,25,17,26.9,23,159,1021,3.6,79.01,6,7
2019,5,25,18,26.5,22.9,8,1021,3.4,80.52,6,7
2019,5,25,19,26.3,22.7,0,1021,3.5,80.82,5.9,7
2019,5,25,20,26.2,22.6,0,1022,3.7,80.74,5.7,7
2019,5,25,21,26.1,22.5,0,1022,3.7,80.75,5.6,7
2019,5,25,22,26,22.5,0,1022,3.7,80.97,5.5,7
2019,5,25,23,25.9,22.5,0,1021,3.7,81.44,5.5,7
2019,5,26,0,25.7,22.5,0,1020,3.6,82.66,5.5,7
2019,5,26,1,25.5,22.6,0,1020,3.4,84.21,5.5,7
2019,5,26,2,25.4,22.7,0,1020,3.2,85.21,5.5,7
2019,5,26,3,25.3,22.8,0,1020,3.1,86.02,5.6,7
2019,5,26,4,25.2,22.8,0,1020,2.9,86.5,5.6,7
2019,5,26,5,25.4,23,0,1020,2.7,86.6,5.7,7
2019,5,26,6,26.4,23.4,86,1021,2.8,83.48,5.7,7
2019,5,26,7,27.4,23.2,277,1021,2.6,77.79,5.8,7
2019,5,26,8,28,23.2,505,1021,2.6,75.28,5.9,7
2019,5,26,9,28.5,23.5,623,1021,2.6,74.55,6,7
2019,5,26,10,28.7,23.8,697,1021,2.7,75.03,6.1,7
2019,5,26,11,28.8,24,755,1021,2.7,75.45,6.2,7
2019,5,26,12,28.8,24.2,845,1021,2.7,76.18,6.3,7
2019,5,26,13,28.8,24.3,737,1020,2.7,76.66,6.3,7
2019,5,26,14,28.6,24.3,661,1020,2.7,77.8,6.4,3
2019,5,26,15,28.2,24.4,476,1020,2.8,79.89,6.4,7
2019,5,26,16,27.8,24.6,266,1020,2.8,82.68,6.4,7
2019,5,26,17,27.4,24.8,149,1020,2.8,85.83,6.4,7
2019,5,26,18,27.1,24.9,37,1020,2.8,88,6.4,6
2019,5,26,19,26.9,25,0,1020,2.9,89.56,6.5,7
2019,5,26,20,26.9,25.1,0,1020,3.1,89.76,6.5,7
2019,5,26,21,26.9,25.1,0,1020,3.1,89.9,6.5,7
2019,5,26,22,26.9,25.1,0,1020,2.9,90.05,6.5,7
2019,5,26,23,26.8,25.1,0,1019,2.8,90.24,6.6,7
2019,5,27,0,26.8,25,0,1019,2.7,90.08,6.6,7
2019,5,27,1,26.7,25,0,1019,2.7,90.38,6.6,7
2019,5,27,2,26.7,24.9,0,1018,2.6,89.98,6.7,7
2019,5,27,3,26.6,24.9,0,1018,2.4,90.27,6.7,7
2019,5,27,4,26.5,24.9,0,1019,2.2,90.68,6.8,8
2019,5,27,5,26.5,24.9,0,1019,1.8,91.06,6.8,7
2019,5,27,6,27,25.3,57,1020,1.7,90.58,6.8,7
2019,5,27,7,27.5,25.5,189,1020,1.7,88.66,6.9,7
2019,5,27,8,27.9,25.5,242,1020,1.7,86.75,6.9,7
2019,5,27,9,28.1,25.5,345,1020,1.6,86.03,6.9,7
2019,5,27,10,28.1,25.7,620,1020,1.7,86.71,7,7
2019,5,27,11,28.1,25.8,707,1020,1.9,87.57,7.1,8
2019,5,27,12,28.1,25.9,513,1019,2.2,88.11,7.2,8
2019,5,27,13,28,25.9,331,1019,2.6,88.64,7.3,8
2019,5,27,14,27.8,25.8,91,1018,2.9,89.11,7.3,7
2019,5,27,15,27.5,25.7,166,1018,3.1,90.06,7.4,4
2019,5,27,16,27.4,25.6,380,1018,3,89.96,7.4,8
2019,5,27,17,27.2,25.6,229,1018,2.8,90.73,7.3,7
2019,5,27,18,27,25.4,49,1019,2.9,90.96,7.2,8
2019,5,27,19,26.9,25.4,0,1019,2.8,91.26,7.1,4
2019,5,27,20,26.9,25.3,0,1019,2.6,91.15,7,8
2019,5,27,21,26.9,25.4,0,1020,2.5,91.45,6.8,8
2019,5,27,22,27.1,25.4,0,1019,2.6,90.57,6.7,3
2019,5,27,23,27,25.4,0,1019,2.7,90.85,6.6,3
2019,5,28,0,26.7,25.3,0,1019,2.6,92.1,6.5,4
2019,5,28,1,26.6,25.2,0,1018,2.3,92.3,6.5,7
2019,5,28,2,26.5,25.2,0,1018,2,92.56,6.5,3
2019,5,28,3,26.4,25.1,0,1019,1.8,92.62,6.5,7
2019,5,28,4,26.3,25,0,1019,1.6,92.39,6.5,7
2019,5,28,5,26.4,25,0,1020,1.4,91.97,6.5,1
2019,5,28,6,27,25.4,28,1020,1.8,90.82,6.6,7
2019,5,28,7,27.2,25.3,105,1021,2.4,89.39,6.6,8
2019,5,28,8,27.3,25,31,1021,3.1,87.17,6.6,6
2019,5,28,9,27.2,24.7,51,1021,3.8,86.04,6.7,6
2019,5,28,10,27.1,24.4,99,1021,4.5,85.28,6.7,6
2019,5,28,11,26.8,24.2,90,1021,5.2,85.45,6.7,6
2019,5,28,12,26.3,23.8,293,1020,5.6,86.26,6.8,8
2019,5,28,13,25.7,23.4,369,1020,5.9,87.32,6.8,7
2019,5,28,14,25.1,23,156,1019,5.9,88.34,6.8,8
2019,5,28,15,24.8,22.7,214,1019,5.8,88.2,6.8,7
2019,5,28,16,24.6,22.5,273,1020,5.7,87.97,6.8,7
2019,5,28,17,24.3,22.3,60,1020,5.6,88.37,6.8,4
2019,5,28,18,24,22,11,1021,5.5,88.71,6.7,4
2019,5,28,19,23.8,21.8,0,1021,5.6,88.37,6.6,4
2019,5,28,20,23.6,21.5,0,1022,5.7,88.09,6.6,4
2019,5,28,21,23.3,21.2,0,1023,5.9,88.26,6.5,4
2019,5,28,22,23.1,21,0,1023,5.8,87.85,6.4,3
2019,5,28,23,22.9,20.7,0,1023,5.7,87.54,6.3,3
2019,5,29,0,22.7,20.5,0,1022,5.5,87.35,6.2,4
2019,5,29,1,22.6,20.3,0,1022,5.2,87.02,6.2,3
2019,5,29,2,22.5,20.2,0,1021,4.9,86.88,6.2,3
2019,5,29,3,22.5,20.1,0,1021,4.8,86.46,6.2,8
2019,5,29,4,22.5,20.1,0,1021,4.8,86.22,6.2,4
2019,5,29,5,22.5,20.1,0,1022,4.9,86.27,6.2,4
2019,5,29,6,22.7,20.1,52,1022,5,85.2,6.2,3
2019,5,29,7,22.9,20.1,106,1022,5.1,84,6.3,3
2019,5,29,8,23.1,20.1,222,1023,5.1,83.17,6.3,3
2019,5,29,9,23.3,20.1,224,1023,5.1,82.41,6.3,4
2019,5,29,10,23.5,20.2,232,1023,5.1,81.75,6.2,8
2019,5,29,11,23.5,20.2,186,1022,5.3,81.91,6.2,4
2019,5,29,12,23.5,20.2,250,1022,5.4,81.79,6.1,4
2019,5,29,13,23.5,20.1,162,1022,5.3,81.39,6,4
2019,5,29,14,23.5,20,300,1021,5.2,80.63,5.9,3
2019,5,29,15,23.4,19.8,149,1021,4.9,80.3,5.9,4
2019,5,29,16,23.3,19.7,138,1021,4.5,80.12,5.9,4
2019,5,29,17,23.2,19.6,95,1021,4.1,80.37,5.9,4
2019,5,29,18,23,19.7,19,1021,3.5,81.93,6,4
2019,5,29,19,22.9,19.9,0,1022,3.2,83.25,6,3
2019,5,29,20,23,20.1,0,1022,3,83.59,6,7
2019,5,29,21,23.1,20.2,0,1022,2.8,83.95,6.1,3
2019,5,29,22,23.2,20.4,0,1022,2.7,84.17,6.1,8
2019,5,29,23,23.3,20.5,0,1022,2.6,84.48,6.1,7
2019,5,30,0,23.4,20.7,0,1021,2.6,84.9,6.2,3
2019,5,30,1,23.5,20.9,0,1020,2.5,85.28,6.2,7
2019,5,30,2,23.7,21.1,0,1020,2.5,85.23,6.3,7
2019,5,30,3,23.8,21.2,0,1020,2.4,85.63,6.4,7
2019,5,30,4,24,21.4,0,1020,2.3,85.38,6.5,1
2019,5,30,5,24.3,21.6,0,1021,2.1,85.18,6.5,3
2019,5,30,6,25,22.2,60,1021,2.2,84.53,6.5,3
2019,5,30,7,25.6,22.4,167,1021,2.3,82.43,6.6,8
2019,5,30,8,26.1,22.5,294,1022,2.2,80.74,6.6,3
2019,5,30,9,26.7,22.7,457,1021,2,78.89,6.6,3
2019,5,30,10,27.2,22.9,736,1021,1.8,77.57,6.6,7
2019,5,30,11,27.6,23.1,929,1020,1.7,76.72,6.7,0
2019,5,30,12,27.9,23.3,831,1020,1.8,76.28,6.7,7
2019,5,30,13,27.9,23.5,641,1019,2,77.17,6.7,2
2019,5,30,14,27.9,23.7,156,1019,2.2,78.1,6.7,3
2019,5,30,15,27.7,23.9,59,1019,2.3,79.61,6.6,3
2019,5,30,16,27.4,24,328,1019,2.3,81.55,6.6,3
2019,5,30,17,27.1,24.1,181,1019,2.2,83.53,6.6,3
2019,5,30,18,26.6,24.2,60,1019,1.8,86.96,6.6,0
2019,5,30,19,26.4,24.2,0,1020,1.6,87.89,6.6,7
2019,5,30,20,26.4,24.3,0,1020,1.5,88.05,6.6,7
2019,5,30,21,26.4,24.3,0,1020,1.3,88.43,6.6,7
2019,5,30,22,26.5,24.4,0,1020,1.1,88.27,6.6,4
2019,5,30,23,26.5,24.5,0,1020,1,88.57,6.6,4
2019,5,31,0,26.4,24.5,0,1019,1,89.1,6.6,0
2019,5,31,1,26.3,24.5,0,1019,1.1,89.71,6.6,0
2019,5,31,2,26,24.4,0,1018,1.1,90.93,6.6,4
2019,5,31,3,25.9,24.4,0,1018,1.1,91.28,6.6,7
2019,5,31,4,25.8,24.3,0,1019,1.4,91.33,6.6,7
2019,5,31,5,25.8,24.2,0,1019,1.7,90.79,6.6,7
2019,5,31,6,26.1,24.2,106,1019,2.1,89.43,6.7,7
2019,5,31,7,26.5,24.1,302,1020,2.1,86.72,6.7,0
2019,5,31,8,27.1,24,503,1020,2.1,83.36,6.7,0
2019,5,31,9,27.5,24,682,1020,2.3,81.49,6.8,0
2019,5,31,10,27.7,24.1,825,1020,2.6,80.63,6.8,0
2019,5,31,11,27.7,24.1,932,1019,2.8,80.56,6.8,1
2019,5,31,12,27.6,24,690,1019,2.9,81,6.8,2
2019,5,31,13,27.5,24,654,1018,2.9,81.42,6.8,2
2019,5,31,14,27.5,24.1,283,1018,2.8,81.54,6.8,3
2019,5,31,15,27.3,24.1,300,1018,2.8,82.57,6.8,3
2019,5,31,16,26.9,24.1,206,1018,2.8,84.79,6.8,3
2019,5,31,17,26.6,24.3,60,1018,2.6,87.13,6.8,3
2019,5,31,18,26.3,24.4,21,1019,2.2,89.53,6.7,3
2019,5,31,19,26.2,24.5,0,1019,2,90.35,6.7,1
2019,5,31,20,26.1,24.6,0,1020,2,91.25,6.6,1
2019,5,31,21,26.1,24.6,0,1020,2,91.6,6.6,0
2019,5,31,22,26.1,24.7,0,1020,2,91.84,6.6,0
2019,5,31,23,26,24.7,0,1019,2.1,92.53,6.6,7
2019,6,1,0,26,24.8,0,1019,2.3,92.85,6.7,7
2019,6,1,1,26,24.8,0,1018,2.4,93.2,6.8,7
2019,6,1,2,26,24.9,0,1018,2.5,93.67,6.8,8
2019,6,1,3,26.1,25,0,1018,2.7,93.59,6.9,4
2019,6,1,4,26.2,25.1,0,1018,2.8,93.49,7,8
2019,6,1,5,26.3,25.2,0,1018,2.8,93.68,7.1,8
2019,6,1,6,26.8,25.6,53,1018,3,92.96,7.2,4
2019,6,1,7,27.2,25.7,167,1018,3.1,91.64,7.2,4
2019,6,1,8,27.5,25.8,325,1018,3,90.58,7.2,4
2019,6,1,9,27.9,25.9,300,1018,2.6,88.78,7.3,8
2019,6,1,10,28.2,25.9,362,1018,2.5,87.35,7.3,8
2019,6,1,11,28.3,26,442,1018,2.4,87.32,7.3,8
2019,6,1,12,28.3,25.9,621,1017,2.2,86.86,7.2,8
2019,6,1,13,28.2,25.8,577,1017,2,86.9,7.1,2
2019,6,1,14,28,25.8,422,1016,2,87.97,7.1,8
2019,6,1,15,27.9,25.8,453,1016,2,88.4,7.1,7
2019,6,1,16,27.7,25.8,86,1016,2,89.44,7.2,8
2019,6,1,17,27.4,25.8,35,1016,1.8,91.14,7.2,8
2019,6,1,18,27.1,25.8,5,1017,1.4,92.52,7.2,8
2019,6,1,19,26.8,25.6,0,1017,1.4,93.05,7.2,3
2019,6,1,20,26.6,25.5,0,1018,1.4,93.55,7.1,8
2019,6,1,21,26.6,25.4,0,1018,1.5,92.92,7,7
2019,6,1,22,26.5,25.3,0,1018,1.5,92.89,6.9,7
2019,6,1,23,26.5,25.1,0,1017,1.6,92.19,6.9,7
2019,6,2,0,26.5,25,0,1016,1.9,91.44,6.9,8
2019,6,2,1,26.5,24.9,0,1016,2.2,90.82,6.9,4
2019,6,2,2,26.4,24.9,0,1016,2.5,91.35,6.9,6
2019,6,2,3,26.5,24.9,0,1016,2.8,91.08,7,7
2019,6,2,4,26.5,25,0,1016,2.9,91.26,7.1,6
2019,6,2,5,26.7,25.1,0,1016,3,90.9,7,7
2019,6,2,6,27.2,25.5,9,1016,3.5,90.7,7,6
2019,6,2,7,27.6,25.7,92,1016,3.6,89.48,6.9,6
2019,6,2,8,28.2,25.8,288,1016,3.3,86.94,6.8,6
2019,6,2,9,28.9,25.8,645,1017,3.1,83.36,6.8,7
2019,6,2,10,29.6,25.7,719,1016,3.3,79.68,6.7,2
2019,6,2,11,30,25.7,816,1016,3.8,77.8,6.6,3
2019,6,2,12,30.2,25.7,898,1016,4.3,76.97,6.6,7
2019,6,2,13,30.1,25.8,395,1015,4.5,77.76,6.5,4
2019,6,2,14,29.8,25.9,199,1015,4.5,79.49,6.4,4
2019,6,2,15,29.6,26,199,1015,4.2,81.02,6.4,4
2019,6,2,16,29.3,26.2,191,1015,3.6,83.28,6.4,4
2019,6,2,17,28.9,26.2,27,1015,2.8,85.47,6.4,4
2019,6,2,18,28.2,26.2,33,1015,2.4,88.9,6.4,3
2019,6,2,19,27.8,26,0,1016,2.5,89.8,6.5,4
2019,6,2,20,27.6,25.7,0,1016,2.6,89.56,6.6,7
2019,6,2,21,27.5,25.5,0,1017,2.7,88.68,6.6,7
2019,6,2,22,27.4,25.2,0,1017,3,87.81,6.5,7
2019,6,2,23,27.2,25.1,0,1017,3.3,88.13,6.5,7
2019,6,3,0,27.1,25,0,1016,3.4,88.34,6.4,7
2019,6,3,1,27.1,25,0,1016,3.2,88.28,6.4,7
2019,6,3,2,26.9,24.9,0,1016,2.9,88.95,6.3,7
2019,6,3,3,26.8,24.9,0,1016,2.6,89.34,6.4,4
2019,6,3,4,26.7,24.9,0,1016,2.3,90.02,6.5,7
2019,6,3,5,26.8,25.1,0,1017,2.2,90.22,6.4,7
2019,6,3,6,27.5,25.3,121,1017,2.6,87.66,6.3,7
2019,6,3,7,28.1,25.2,153,1018,2.8,84.41,6.2,3
2019,6,3,8,28.9,25.2,139,1018,2.6,80.48,6.1,8
2019,6,3,9,29.4,25,61,1018,2.4,77.41,6,4
2019,6,3,10,29.9,24.7,501,1017,2.5,73.69,5.9,6
2019,6,3,11,30.2,24.3,377,1017,2.8,70.76,5.9,8
2019,6,3,12,30.3,24,626,1017,3.1,69.13,5.9,8
2019,6,3,13,30.3,23.8,139,1016,3.1,68.43,6,3
2019,6,3,14,30.2,23.7,413,1016,3.2,68.43,6.1,3
2019,6,3,15,29.8,23.7,247,1016,3.1,70.01,6.3,7
2019,6,3,16,29.3,23.9,378,1016,3,72.93,6.4,7
2019,6,3,17,28.7,24.2,146,1016,2.6,76.5,6.4,7
2019,6,3,18,28.1,24.5,17,1017,2.2,81.05,6.3,7
2019,6,3,19,27.7,24.5,0,1017,2.2,82.89,6.2,7
2019,6,3,20,27.4,24.8,0,1018,2.3,85.67,6.1,7
2019,6,3,21,27.3,24.8,0,1018,2.5,86.18,6.1,3
2019,6,3,22,27.3,24.8,0,1018,2.4,86.34,6.1,7
2019,6,3,23,27.4,24.8,0,1018,2.2,85.93,6.2,8
2019,6,4,0,27.5,24.8,0,1018,1.7,85.4,6.3,8
2019,6,4,1,27.5,24.8,0,1017,1.4,85.14,6.4,7
2019,6,4,2,27.3,24.8,0,1017,1.3,86.37,6.4,3
2019,6,4,3,27.1,24.8,0,1017,1.5,87.42,6.4,3
2019,6,4,4,26.9,24.9,0,1018,1.6,88.61,6.4,7
2019,6,4,5,26.9,25.1,0,1018,1.7,89.71,6.5,7
2019,6,4,6,27.4,25.5,89,1019,2,89.14,6.5,7
2019,6,4,7,27.9,25.4,243,1019,2.3,86.08,6.5,3
2019,6,4,8,28.5,25.3,87,1020,2.6,82.67,6.4,6
2019,6,4,9,28.9,25.2,61,1020,2.8,80.34,6.3,6
2019,6,4,10,29.2,25.3,138,1020,3,79.56,6.1,6
2019,6,4,11,29.4,25.4,109,1019,3.1,79.07,6,6
2019,6,4,12,29.5,25.5,99,1019,3.1,78.96,6.1,6
2019,6,4,13,29.5,25.5,196,1018,3,79.27,6.1,7
2019,6,4,14,29.4,25.6,665,1018,2.7,79.87,6.2,8
2019,6,4,15,29.3,25.6,403,1018,2.5,80.38,6.2,3
2019,6,4,16,29.1,25.6,448,1018,2.4,81.67,5.9,0
2019,6,4,17,28.8,25.6,245,1018,2.3,82.68,5.6,0
2019,6,4,18,28.4,25.6,61,1019,1.8,84.95,5.2,0
2019,6,4,19,28.2,25.2,0,1019,1.6,84.05,5,0
2019,6,4,20,27.8,25.3,0,1020,1.5,86.16,4.8,7
2019,6,4,21,27.6,25.2,0,1020,1.4,86.91,4.6,0
2019,6,4,22,27.4,25.2,0,1020,1.3,87.58,4.5,0
2019,6,4,23,27.2,25.1,0,1020,1.4,88.38,4.5,0
2019,6,5,0,27,25.1,0,1019,1.4,89.23,4.5,0
2019,6,5,1,27,25.1,0,1019,1.4,89.13,4.6,1
2019,6,5,2,27,25.1,0,1019,1.1,89.23,4.6,1
2019,6,5,3,27,25,0,1019,1,89.07,4.7,0
2019,6,5,4,27,25,0,1019,1,88.69,4.6,0
2019,6,5,5,26.9,25.1,0,1020,1.2,89.73,4.5,0
2019,6,5,6,27.9,25.6,116,1020,1.7,87.1,4.4,0
2019,6,5,7,28.9,25.5,317,1020,1.8,81.93,4.4,0
2019,6,5,8,29.6,25.7,523,1020,1.7,79.49,4.5,0
2019,6,5,9,30,26,703,1021,1.9,79.06,4.7,0
2019,6,5,10,30.2,26.1,838,1021,2.2,78.7,5,0
2019,6,5,11,30.3,26.2,740,1021,2.3,78.75,5.2,2
2019,6,5,12,30.4,26.1,956,1021,2.2,77.92,5.5,1
2019,6,5,13,30.3,25.9,909,1020,2,77.2,5.6,0
2019,6,5,14,30.1,25.8,203,1020,1.8,77.77,5.7,3
2019,6,5,15,29.9,25.9,653,1020,1.5,79.01,5.8,1
2019,6,5,16,29.7,25.9,315,1020,1.4,80.25,5.8,8
2019,6,5,17,29.4,26.1,94,1020,1.2,82.54,5.9,3
2019,6,5,18,29,26.2,68,1020,1,85.14,6,0
2019,6,5,19,28.7,26.2,0,1021,1,86.22,6.1,0
2019,6,5,20,28.6,26.2,0,1021,1.3,86.72,6.2,1
2019,6,5,21,28.5,26.2,0,1021,1.6,87.58,6.3,0
2019,6,5,22,28.3,26.3,0,1021,1.8,89.02,6.4,0
2019,6,5,23,28.1,26.4,0,1021,2.1,90.44,6.4,1
2019,6,6,0,28,26.4,0,1020,2.4,91.03,6.4,7
2019,6,6,1,28,26.4,0,1019,2.6,90.89,6.2,7
2019,6,6,2,28,26.4,0,1019,2.5,90.91,6,7
2019,6,6,3,27.9,26.4,0,1019,2.3,91.32,5.9,7
2019,6,6,4,27.8,26.3,0,1020,2.3,91.52,5.7,7
2019,6,6,5,27.9,26.3,0,1020,2.1,91.03,5.7,8
2019,6,6,6,28.4,26.7,119,1021,2.1,90.66,5.6,0
2019,6,6,7,29,26.7,307,1021,2.3,87.41,5.6,7
2019,6,6,8,29.6,26.5,530,1021,2.4,83.53,5.5,0
2019,6,6,9,30.1,26.3,714,1021,2.6,80.29,5.5,0
2019,6,6,10,30.3,26.3,854,1021,2.8,79.41,5.5,0
2019,6,6,11,30.5,26.5,433,1021,2.9,79.32,5.6,3
2019,6,6,12,30.5,26.6,783,1020,3,79.71,5.8,2
2019,6,6,13,30.4,26.7,337,1020,2.9,80.69,6,3
2019,6,6,14,30.2,26.8,711,1020,2.8,82.31,6.2,7
2019,6,6,15,29.9,27,122,1020,2.6,84.59,6.3,8
2019,6,6,16,29.6,27.1,110,1020,2.3,86.66,6.3,4
2019,6,6,17,29.3,27.2,42,1020,2.1,88.56,6.3,4
2019,6,6,18,28.7,27.2,6,1020,1.8,91.67,6.2,4
2019,6,6,19,28.4,27.1,0,1021,2,92.46,6.1,8
2019,6,6,20,28.3,27,0,1021,2.2,92.55,6,4
2019,6,6,21,28.3,26.9,0,1021,2.3,92,5.9,4
2019,6,6,22,28.2,26.7,0,1021,2.4,91.81,5.7,4
2019,6,6,23,28,26.5,0,1020,2.7,91.76,5.6,7
2019,6,7,0,27.9,26.3,0,1019,2.9,90.83,5.4,7
2019,6,7,1,27.8,26,0,1019,2.9,89.87,5.3,8
2019,6,7,2,27.7,25.7,0,1019,2.8,89.1,5.1,7
2019,6,7,3,27.6,25.6,0,1019,2.8,88.69,5,7
2019,6,7,4,27.6,25.4,0,1019,2.9,87.72,4.9,7
2019,6,7,5,27.7,25.4,0,1019,2.8,87.25,4.8,7
2019,6,7,6,28.4,26.1,125,1020,2.6,87.45,4.8,7
2019,6,7,7,28.9,26.1,310,1020,2.7,84.8,4.8,7
2019,6,7,8,29.7,25.8,541,1021,2.8,79.75,4.9,0
2019,6,7,9,30.3,25.6,650,1021,3,75.9,4.9,7
2019,6,7,10,30.5,25.6,780,1021,3.1,74.98,5,7
2019,6,7,11,30.7,25.8,468,1021,3,74.98,5.1,8
2019,6,7,12,30.8,26,681,1020,3,75.64,5.3,7
2019,6,7,13,30.7,26.1,719,1020,2.9,76.49,5.4,7
2019,6,7,14,30.7,26.2,448,1019,2.9,76.96,5.5,8
2019,6,7,15,30.4,26.4,491,1019,2.8,79.29,5.6,7
2019,6,7,16,29.9,26.6,120,1019,2.5,82.53,5.7,7
2019,6,7,17,29.5,26.7,138,1019,2.1,85.04,5.8,7
2019,6,7,18,28.8,26.9,17,1020,1.6,89.4,5.8,7
2019,6,7,19,28.5,26.7,0,1020,1.6,90.05,5.8,7
2019,6,7,20,28.3,26.6,0,1020,1.9,90.74,5.7,7
2019,6,7,21,28.2,26.6,0,1020,2.1,90.91,5.7,7
2019,6,7,22,28,26.4,0,1019,2.3,91.2,5.6,7
2019,6,7,23,27.9,26.2,0,1019,2.2,90.74,5.6,7
2019,6,8,0,27.8,26,0,1019,2.1,90.03,5.5,7
2019,6,8,1,27.6,25.7,0,1018,2,89.67,5.5,7
2019,6,8,2,27.4,25.6,0,1018,2,89.73,5.5,7
2019,6,8,3,27.3,25.4,0,1018,1.9,89.45,5.6,7
2019,6,8,4,27.2,25.3,0,1019,1.9,89.29,5.6,8
2019,6,8,5,27.3,25.3,0,1019,1.9,89.07,5.6,7
2019,6,8,6,27.8,25.8,37,1019,1.9,88.94,5.7,7
2019,6,8,7,28.3,25.8,204,1019,2.2,86.49,5.7,7
2019,6,8,8,29.4,25.6,372,1019,2.4,80.05,5.7,8
2019,6,8,9,30.3,25.4,467,1018,2.7,74.94,5.7,7
2019,6,8,10,30.8,25.5,558,1018,3.1,73.34,5.7,7
2019,6,8,11,31.1,25.6,596,1018,3.1,72.58,5.8,8
2019,6,8,12,31.2,25.6,766,1018,3.2,72.13,5.8,3
2019,6,8,13,31.3,25.5,766,1017,3.6,71.39,5.8,7
2019,6,8,14,31.2,25.5,645,1016,3.6,71.72,5.7,7
2019,6,8,15,31,25.6,464,1016,3.3,73.03,5.5,7
2019,6,8,16,30.5,25.9,285,1016,2.7,76.48,5.3,7
2019,6,8,17,30,25.9,146,1016,2.2,78.67,5.3,6
2019,6,8,18,29.1,26.2,65,1016,2,84.42,5.3,7
2019,6,8,19,28.5,26.2,0,1016,2.2,87.28,5.4,7
2019,6,8,20,28.3,26.1,0,1016,2.3,87.89,5.4,7
2019,6,8,21,28.1,25.9,0,1017,2.3,88.13,5.4,7
2019,6,8,22,27.9,25.7,0,1016,2.3,87.81,5.4,7
2019,6,8,23,27.7,25.5,0,1016,2.3,87.74,5.3,7
2019,6,9,0,27.5,25.3,0,1015,2.4,87.6,5.3,0
2019,6,9,1,27.4,25,0,1015,2.4,86.91,5.4,0
2019,6,9,2,27.2,24.8,0,1014,2.3,86.73,5.5,7
2019,6,9,3,27,24.7,0,1014,2.4,87.16,5.7,7
2019,6,9,4,26.9,24.7,0,1015,2.8,87.61,5.9,7
2019,6,9,5,27.1,24.7,0,1015,3,87,6,7
2019,6,9,6,27.7,24.9,95,1015,3.3,85.01,6,7
2019,6,9,7,28.3,24.9,164,1016,3.7,82.05,5.9,6
2019,6,9,8,29,24.8,328,1016,4.2,77.95,5.9,6
2019,6,9,9,29.5,24.9,589,1016,4.3,76.27,5.8,7
2019,6,9,10,30,25,481,1015,4.7,74.72,5.7,7
2019,6,9,11,30.3,25.2,753,1015,5.2,74.3,5.7,7
2019,6,9,12,30.3,25.1,726,1014,5.3,73.94,5.7,7
2019,6,9,13,30.3,25.2,657,1014,5.2,74.19,5.6,8
2019,6,9,14,30.3,25.2,453,1013,5,74.09,5.8,7
2019,6,9,15,30.2,25.1,285,1013,4.8,74.26,5.9,6
2019,6,9,16,30.1,25,233,1012,4.8,74,6,7
2019,6,9,17,29.7,24.8,47,1013,4.3,74.89,6,6
2019,6,9,18,29,24.8,24,1013,3.7,78.29,6.1,7
2019,6,9,19,28.6,24.8,0,1013,3.5,79.79,6.2,7
2019,6,9,20,28.4,24.7,0,1014,3.5,80.24,6.3,7
2019,6,9,21,28.4,24.5,0,1014,3.6,79.51,6.3,7
2019,6,9,22,28.3,24.4,0,1014,3.8,79.39,6.2,7
2019,6,9,23,28.2,24.3,0,1013,3.9,79.35,6.2,7
2019,6,10,0,28.1,24.2,0,1013,3.8,79.21,6.3,6
2019,6,10,1,27.9,24.2,0,1013,3.7,80.55,6.5,7
2019,6,10,2,27.6,24.5,0,1013,3.6,83.4,6.5,4
2019,6,10,3,27.4,24.9,0,1013,3.8,86.26,6.7,6
2019,6,10,4,27.4,25.1,0,1013,4.4,87.41,6.8,6
2019,6,10,5,27.3,25,0,1013,4.6,87.21,6.8,6
2019,6,10,6,27.5,25,34,1014,4.3,86.47,6.8,6
2019,6,10,7,27.8,25.2,63,1014,3.7,85.83,6.6,6
2019,6,10,8,28.4,25.3,198,1014,3.3,83.19,6.5,6
2019,6,10,9,29,25.5,190,1014,3.3,81.38,6.4,6
2019,6,10,10,29.6,25.8,319,1014,3.2,80,6.3,6
2019,6,10,11,29.9,25.9,229,1014,2.9,79.4,6.3,6
2019,6,10,12,30.1,25.7,242,1014,2.9,77.45,6.3,6
2019,6,10,13,30.1,25.3,171,1013,3.3,75.39,6.3,6
2019,6,10,14,30,25.3,309,1013,3.5,75.88,6.3,6
2019,6,10,15,29.7,25.5,185,1013,3.5,78.28,6.4,7
2019,6,10,16,29.3,25.6,94,1012,3.6,80.59,6.4,6
2019,6,10,17,28.7,26,13,1013,3.5,85.44,6.4,6
2019,6,10,18,28.2,26,6,1013,3.3,88.09,6.4,7
2019,6,10,19,27.9,25.9,0,1013,3,88.85,6.5,6
2019,6,10,20,27.8,25.8,0,1014,2.8,88.84,6.5,6
2019,6,10,21,27.8,25.7,0,1014,2.5,88.44,6.6,6
2019,6,10,22,27.7,25.7,0,1015,2.3,88.79,6.6,7
2019,6,10,23,27.6,25.3,0,1014,2.3,87.48,6.6,7
2019,6,11,0,27.4,25.1,0,1014,2.1,87.31,6.6,6
2019,6,11,1,27.3,24.9,0,1014,1.8,86.59,6.6,6
2019,6,11,2,27.2,24.7,0,1013,1.6,86.15,6.6,6
2019,6,11,3,27.1,24.6,0,1013,1.5,86.39,6.6,6
2019,6,11,4,26.9,24.6,0,1014,1.6,87.5,6.7,6
2019,6,11,5,26.9,24.7,0,1014,1.8,87.82,6.8,6
2019,6,11,6,27.1,24.8,7,1014,2.1,87.28,6.8,6
2019,6,11,7,27.2,24.6,16,1015,2.6,85.76,6.7,6
2019,6,11,8,27.4,24.4,79,1015,2.9,83.91,6.7,6
2019,6,11,9,27.7,24.5,246,1015,3.1,82.78,6.8,7
2019,6,11,10,27.9,24.6,264,1015,3.3,82.27,7,7
2019,6,11,11,27.7,24.8,189,1015,3.4,84.04,7.1,7
2019,6,11,12,27.4,24.9,82,1015,3.6,86.43,7.2,8
2019,6,11,13,27.4,25,98,1015,3.6,86.83,7.3,8
2019,6,11,14,27.3,25,223,1015,3.5,87.47,7.3,7
2019,6,11,15,27,25,50,1015,3.4,88.88,7.3,8
2019,6,11,16,26.7,25,85,1015,3.5,90.18,7.3,7
2019,6,11,17,26.4,24.8,71,1016,3.4,90.99,7.3,8
2019,6,11,18,26,24.6,6,1016,3.3,91.98,7.1,4
2019,6,11,19,25.8,24.4,0,1017,3.4,92.03,6.9,8
2019,6,11,20,25.7,24.3,0,1017,3.3,91.8,6.8,7
2019,6,11,21,25.7,24.2,0,1018,3.2,91.25,6.8,3
2019,6,11,22,25.6,24,0,1018,3.2,91.1,6.7,3
2019,6,11,23,25.5,23.9,0,1018,3,90.9,6.7,3
2019,6,12,0,25.5,23.8,0,1017,2.8,90.25,6.7,7
2019,6,12,1,25.4,23.7,0,1017,2.6,90.36,6.7,4
2019,6,12,2,25.4,23.6,0,1017,2.6,89.99,6.7,7
2019,6,12,3,25.4,23.6,0,1017,2.8,89.95,6.7,7
2019,6,12,4,25.5,23.7,0,1017,3,89.54,6.7,7
2019,6,12,5,25.6,23.7,0,1017,3.2,89.33,6.7,7
2019,6,12,6,26,23.8,97,1018,3.6,87.76,6.7,7
2019,6,12,7,26.3,23.8,99,1018,3.5,86.1,6.7,6
2019,6,12,8,26.6,23.8,180,1018,3.3,84.49,6.7,6
2019,6,12,9,27,23.8,414,1018,3.2,82.53,6.8,7
2019,6,12,10,27.2,23.8,440,1018,3.2,81.65,6.8,6
2019,6,12,11,27.2,23.8,507,1018,3.4,81.8,6.9,7
2019,6,12,12,26.8,23.8,194,1018,3.5,83.48,6.9,6
2019,6,12,13,26.5,23.7,226,1017,3.6,84.75,7,6
2019,6,12,14,26.5,23.8,427,1017,3.7,84.9,7,7
2019,6,12,15,26.4,23.7,249,1017,3.8,84.95,7,8
2019,6,12,16,26.1,23.5,153,1017,4,85.58,7.1,7
2019,6,12,17,25.7,23.3,79,1017,3.9,86.63,7.1,6
2019,6,12,18,25.4,23.2,6,1017,3.6,87.6,7.2,7
2019,6,12,19,25.2,23.2,0,1017,3.3,88.58,7.2,8
2019,6,12,20,25.1,23.2,0,1018,3,89.29,7.2,7
2019,6,12,21,25,23.2,0,1018,2.9,89.93,7.1,7
2019,6,12,22,24.9,23.3,0,1017,2.7,90.74,7.1,7
2019,6,12,23,25,23.4,0,1017,2.2,90.59,7.2,7
2019,6,13,0,25.1,23.4,0,1016,1.8,90.18,7.3,7
2019,6,13,1,25.2,23.4,0,1015,1.5,89.72,7.3,8
2019,6,13,2,25.5,23.4,0,1015,1.4,88.36,7.3,4
2019,6,13,3,25.5,23.5,0,1014,1.7,88.73,7.3,8
2019,6,13,4,25.4,23.6,0,1015,1.9,89.93,7.2,7
2019,6,13,5,25.4,23.8,0,1015,2.2,90.77,7.2,7
2019,6,13,6,25.8,24,20,1015,2.6,90,7.2,7
2019,6,13,7,26,24.1,20,1016,3,89.53,7.2,7
2019,6,13,8,26.2,24.3,253,1016,3.1,89.13,7.2,8
2019,6,13,9,26.5,24.3,244,1016,3,87.94,7.3,7
2019,6,13,10,26.7,24.4,201,1015,2.9,87.28,7.3,8
2019,6,13,11,27,24.6,271,1015,2.7,86.66,7.3,3
2019,6,13,12,27.2,24.7,120,1014,2.4,86.14,7.2,4
2019,6,13,13,27.5,24.8,135,1013,2.3,85.21,7.2,8
2019,6,13,14,27.7,24.9,140,1013,2.3,84.8,7.1,8
2019,6,13,15,27.9,25,278,1012,2.4,84.48,7.2,7
2019,6,13,16,27.8,25.2,128,1012,2.4,85.77,7.2,6
2019,6,13,17,27.6,25.5,24,1012,2.4,88.48,7.3,6
2019,6,13,18,27.3,25.6,7,1012,2.9,90.41,7.3,7
2019,6,13,19,27.2,25.5,0,1012,3.4,90.33,7.1,7
2019,6,13,20,27.2,25.3,0,1011,3.4,89.57,6.9,7
2019,6,13,21,27.2,25.3,0,1012,3.1,89.37,6.9,7
2019,6,13,22,27.1,25.2,0,1012,2.5,89.57,6.9,7
2019,6,13,23,27,25.1,0,1011,2.3,89.3,7,7
2019,6,14,0,26.8,24.8,0,1010,2.5,88.77,7,7
2019,6,14,1,26.6,24.4,0,1009,3.2,87.81,7,6
2019,6,14,2,26.8,24.5,0,1009,4.2,87.29,7.1,6
2019,6,14,3,27.2,25,0,1009,5.5,87.81,7.2,6
2019,6,14,4,27.4,25.4,0,1009,5.7,88.72,7.1,6
2019,6,14,5,27.2,25.3,0,1010,5,89.42,6.6,6
2019,6,14,6,26.7,25.1,83,1011,5.4,90.88,6.1,7
2019,6,14,7,26.3,24.4,25,1012,6.1,89.42,5.8,3
2019,6,14,8,26,23.8,29,1013,6.2,87.55,5.6,7
2019,6,14,9,26.1,23.6,303,1013,5.8,85.9,5.4,6
2019,6,14,10,26.4,23.5,273,1013,5.4,84.34,5.3,3
2019,6,14,11,26.6,23.6,264,1013,5.2,83.39,5.2,8
2019,6,14,12,26.7,23.5,441,1013,5.3,82.7,5.2,7
2019,6,14,13,26.5,23.4,492,1013,5.5,83.02,5.2,7
2019,6,14,14,26.2,23.2,183,1013,5.6,83.39,5.1,3
2019,6,14,15,26,22.9,329,1013,5.5,83.11,5,7
2019,6,14,16,25.7,22.7,108,1013,5.2,83.39,4.8,7
2019,6,14,17,25.5,22.5,28,1013,4.7,83.27,4.6,7
2019,6,14,18,25.1,22.3,5,1014,4.1,84.55,4.4,7
2019,6,14,19,24.9,22.2,0,1015,3.7,84.8,4.2,3
2019,6,14,20,24.7,21.9,0,1015,3.5,84.66,4,1
2019,6,14,21,24.6,21.7,0,1016,3.4,84.03,3.9,7
2019,6,14,22,24.5,21.5,0,1016,3.3,83.42,3.8,7
2019,6,14,23,24.3,21.3,0,1016,3.4,83.49,3.8,3
2019,6,15,0,24.2,21.1,0,1015,3.5,83.09,3.8,3
2019,6,15,1,24.2,21,0,1015,3.6,82.21,3.8,1
2019,6,15,2,24.1,20.8,0,1016,3.8,81.78,3.8,7
2019,6,15,3,24.1,20.5,0,1016,4,80.49,3.8,3
2019,6,15,4,24.1,20.2,0,1016,4,78.98,3.7,3
2019,6,15,5,24.4,20.1,0,1017,3.8,77.1,3.6,1
2019,6,15,6,25.3,20.2,112,1017,3.9,73.62,3.5,1
2019,6,15,7,25.8,20,311,1018,3.9,70.3,3.4,1
2019,6,15,8,26.2,19.9,518,1018,3.8,68.3,3.3,0
2019,6,15,9,26.6,20.1,703,1018,3.9,67.5,3.2,0
2019,6,15,10,26.9,20.4,848,1018,4.1,67.5,3.1,0
2019,6,15,11,27.1,20.6,969,1017,4.4,67.72,3.1,0
2019,6,15,12,27.1,20.8,995,1017,4.6,68.34,3,0
2019,6,15,13,27.1,20.8,953,1016,4.8,68.67,3,0
2019,6,15,14,26.9,20.9,682,1016,4.9,69.67,2.9,2
2019,6,15,15,26.6,20.9,692,1016,5,70.95,2.9,0
2019,6,15,16,26.3,20.9,431,1016,5.1,72.28,2.9,2
2019,6,15,17,25.8,21,284,1016,4.8,74.9,3,1
2019,6,15,18,25.3,21,86,1017,4.3,77.27,3.1,1
2019,6,15,19,25,20.9,0,1017,4.1,77.81,3.1,0
2019,6,15,20,25,20.8,0,1018,4,77.44,3.2,3
2019,6,15,21,25,20.7,0,1018,3.9,77.22,3.3,3
2019,6,15,22,25,20.7,0,1019,3.8,77.22,3.4,0
2019,6,15,23,25,20.8,0,1018,3.8,77.5,3.5,0
2019,6,16,0,25,21,0,1017,3.9,78.3,3.7,0
2019,6,16,1,25,21.1,0,1016,3.7,79,3.8,0
2019,6,16,2,25,21.2,0,1016,3.3,79.49,4,0
2019,6,16,3,25.1,21.3,0,1016,3.1,79.52,4.1,0
2019,6,16,4,25.1,21.4,0,1017,3,80.19,4.2,0
2019,6,16,5,25.5,21.8,0,1017,3,80.09,4.3,0
2019,6,16,6,26.7,22.5,115,1018,3.5,77.68,4.4,0
2019,6,16,7,27.5,22.7,314,1018,3.8,74.99,4.5,0
2019,6,16,8,28.3,22.9,520,1019,3.9,72.76,4.6,0
2019,6,16,9,28.9,23.3,668,1019,3.7,71.79,4.6,7
2019,6,16,10,29.4,23.7,800,1018,3.6,71.57,4.5,7
2019,6,16,11,29.7,24.1,797,1018,3.4,71.85,4.6,7
2019,6,16,12,29.9,24.2,917,1018,3.4,71.56,4.7,7
2019,6,16,13,29.9,24.2,858,1018,3.7,71.69,5,7
2019,6,16,14,29.6,24.2,822,1017,4.1,72.81,5.3,1
2019,6,16,15,29.2,24.2,666,1017,4.4,74.43,5.5,0
2019,6,16,16,28.7,24.2,416,1017,4.5,76.5,5.7,7
2019,6,16,17,28.2,24.3,266,1018,4.2,79.41,5.8,0
2019,6,16,18,27.8,24.5,60,1018,3.7,82.05,5.9,3
2019,6,16,19,27.5,24.5,0,1019,3.5,83.88,6,7
2019,6,16,20,27.5,24.6,0,1019,3.3,84.43,6,7
2019,6,16,21,27.4,24.8,0,1020,3.2,85.59,6,7
2019,6,16,22,27.4,24.8,0,1020,3,85.92,6,0
2019,6,16,23,27.2,24.9,0,1019,2.8,87.11,6,3
2019,6,17,0,27,24.9,0,1019,2.7,88.47,6.1,0
2019,6,17,1,26.8,25,0,1018,2.5,89.67,6.1,3
2019,6,17,2,26.7,24.9,0,1018,2.2,90.12,6.1,7
2019,6,17,3,26.7,24.9,0,1018,1.9,89.78,6.2,3
2019,6,17,4,26.7,24.8,0,1019,1.7,89.49,6.2,3
2019,6,17,5,26.9,25,0,1019,1.6,89.42,6.2,3
2019,6,17,6,27.8,25.3,103,1019,1.9,86.46,6.2,0
2019,6,17,7,28.8,25.2,295,1020,1.8,80.72,6.2,0
2019,6,17,8,29.2,25.2,492,1020,1.8,78.97,6.3,1
2019,6,17,9,29.4,25.5,666,1020,1.9,79.4,6.4,0
2019,6,17,10,29.4,25.6,802,1020,1.9,80.24,6.4,1
2019,6,17,11,29.5,25.7,806,1020,1.9,80.02,6.5,2
2019,6,17,12,29.6,25.7,815,1020,1.8,79.77,6.5,7
2019,6,17,13,29.8,25.8,854,1020,1.9,79.22,6.5,7
2019,6,17,14,29.7,25.8,667,1019,1.9,79.64,6.5,7
2019,6,17,15,29.5,25.8,403,1019,1.9,80.59,6.6,8
2019,6,17,16,29.1,25.8,191,1019,1.8,82.45,6.8,8
2019,6,17,17,28.7,25.8,140,1019,1.7,84.43,6.9,7
2019,6,17,18,28.4,25.9,76,1020,1.4,86.36,7.1,7
2019,6,17,19,28.1,25.9,0,1020,1.4,87.89,7.2,3
2019,6,17,20,28.1,25.9,0,1021,1.6,88,7.2,3
2019,6,17,21,28,25.9,0,1021,1.7,88.57,7.2,3
2019,6,17,22,27.9,25.9,0,1021,1.7,89.08,7.1,7
2019,6,17,23,27.8,26,0,1021,1.7,89.94,7,7
2019,6,18,0,27.7,26.1,0,1020,1.5,90.87,6.9,4
2019,6,18,1,27.7,26.1,0,1020,1.5,91.07,6.9,4
2019,6,18,2,27.7,26.1,0,1019,1.4,90.96,6.9,7
2019,6,18,3,27.7,26.1,0,1019,1.4,91.25,6.8,7
2019,6,18,4,27.7,26.2,0,1019,1.3,91.32,6.8,7
2019,6,18,5,27.9,26.3,0,1019,1.2,90.99,6.7,7
2019,6,18,6,28.6,26.7,106,1019,1.3,89.61,6.6,7
2019,6,18,7,29.3,26.8,242,1019,1.6,86.49,6.6,8
2019,6,18,8,30,26.6,393,1020,1.9,81.83,6.6,4
2019,6,18,9,30.5,26.4,703,1020,2.1,79.02,6.6,0
2019,6,18,10,30.6,26.4,716,1020,2.3,78.52,6.8,7
2019,6,18,11,30.5,26.5,467,1020,2.4,79.31,6.9,4
2019,6,18,12,30.3,26.6,346,1019,2.7,80.72,7,8
2019,6,18,13,30,26.7,633,1019,3.1,82.38,7,7
2019,6,18,14,29.8,26.5,378,1019,3.3,82.68,6.9,8
2019,6,18,15,29.5,26.4,272,1019,3,83.27,6.6,7
2019,6,18,16,29.2,26.4,321,1019,2.1,84.83,6.4,7
2019,6,18,17,28.9,26.5,240,1019,1.6,86.9,6.4,7
2019,6,18,18,28.7,26.6,61,1019,1.5,88.31,6.6,7
2019,6,18,19,28.6,26.6,0,1019,1.6,88.87,6.7,4
2019,6,18,20,28.5,26.7,0,1019,1.8,89.78,6.8,3
2019,6,18,21,28.4,26.7,0,1019,2,90.45,6.8,8
2019,6,18,22,28.4,26.7,0,1019,2.2,90.33,6.8,8
2019,6,18,23,28.3,26.6,0,1018,2.3,90.39,6.7,7
2019,6,19,0,28.1,26.5,0,1018,2.3,91.02,6.5,4
2019,6,19,1,28,26.4,0,1017,2.3,91.03,6.5,3
2019,6,19,2,27.9,26.3,0,1017,2.2,91.03,6.5,7
2019,6,19,3,27.7,26.2,0,1017,2.2,91.59,6.5,4
2019,6,19,4,27.6,26.2,0,1018,2.1,91.83,6.5,7
2019,6,19,5,27.8,26.3,0,1018,2,91.76,6.6,7
2019,6,19,6,28.6,26.7,121,1018,2.3,89.31,6.7,7
2019,6,19,7,29.2,26.6,324,1019,2.5,85.93,6.7,1
2019,6,19,8,29.9,26.5,518,1018,2.9,82.26,6.7,7
2019,6,19,9,30.4,26.5,719,1018,3.3,79.8,6.6,0
2019,6,19,10,30.8,26.5,790,1017,3.6,78.02,6.5,7
2019,6,19,11,31.1,26.6,552,1017,3.5,77.04,6.4,3
2019,6,19,12,31.2,26.6,878,1017,3.4,76.64,6.3,7
2019,6,19,13,31.3,26.6,871,1016,3.4,75.96,6.2,7
2019,6,19,14,31.3,26.6,763,1016,3.2,76,6.1,7
2019,6,19,15,31.1,26.7,630,1016,2.8,77.4,6.1,7
2019,6,19,16,30.6,26.9,492,1016,2.4,80.56,6.1,7
2019,6,19,17,30.1,27,200,1016,2.3,83.57,6.1,7
2019,6,19,18,29.4,27,68,1016,2.2,87.17,6.1,7
2019,6,19,19,29,26.9,0,1016,2.3,88.38,6.1,7
2019,6,19,20,28.7,26.7,0,1016,2.6,88.9,6.1,7
2019,6,19,21,28.5,26.5,0,1016,2.7,88.79,6.1,7
2019,6,19,22,28.4,26.2,0,1016,2.4,88.15,6.1,7
2019,6,19,23,28.3,26,0,1016,2,87.56,6.2,7
2019,6,20,0,28.1,25.8,0,1016,1.9,87.61,6.3,7
2019,6,20,1,27.9,25.6,0,1016,2,87.59,6.3,7
2019,6,20,2,27.7,25.4,0,1015,2.1,87.41,6.4,7
2019,6,20,3,27.7,25.2,0,1015,2.2,86.32,6.5,7
2019,6,20,4,27.7,25,0,1015,2.2,85.34,6.6,7
2019,6,20,5,27.8,25,0,1016,2.2,84.95,6.6,7
2019,6,20,6,28.7,25.4,97,1016,2.3,82.17,6.5,7
2019,6,20,7,29.5,25.4,255,1017,2.6,78.83,6.6,7
2019,6,20,8,30,25.7,492,1017,3,77.58,6.6,7
2019,6,20,9,30.2,25.9,715,1017,3.2,78.02,6.7,0
2019,6,20,10,30.4,26.2,857,1017,3.3,78.53,6.7,0
2019,6,20,11,30.5,26.6,813,1017,3.2,79.58,6.7,7
2019,6,20,12,30.6,26.9,880,1016,3.1,80.59,6.8,7
2019,6,20,13,30.5,27.1,708,1016,2.9,82.31,6.8,8
2019,6,20,14,30.5,27.3,641,1015,2.7,82.88,6.8,2
2019,6,20,15,30.6,27.2,374,1015,2.7,82.19,6.8,3
2019,6,20,16,30.6,27.1,486,1015,2.6,81.48,6.8,0
2019,6,20,17,30.2,27.2,279,1016,2.5,83.9,6.8,1
2019,6,20,18,29.5,27.4,86,1016,2.2,88.7,6.8,7
2019,6,20,19,29.1,27.2,0,1016,2.4,89.55,6.6,0
2019,6,20,20,28.9,27.1,0,1016,2.6,90.25,6.4,0
2019,6,20,21,28.7,26.9,0,1015,2.8,90.25,6.2,0
2019,6,20,22,28.6,26.7,0,1015,2.6,89.62,6.1,1
2019,6,20,23,28.4,26.5,0,1015,2.3,89.4,6.1,0
2019,6,21,0,28.2,26.2,0,1015,2.5,89.03,6.1,1
2019,6,21,1,28.1,26,0,1014,2.6,88.31,6,7
2019,6,21,2,28,25.9,0,1014,2.5,88.23,6.1,7
2019,6,21,3,28,25.9,0,1014,2.4,88.24,6.1,0
2019,6,21,4,27.9,25.8,0,1015,2.3,88.25,6.2,0
2019,6,21,5,28,25.8,0,1015,2.3,88.1,6.1,0
2019,6,21,6,28.8,26,109,1015,2.5,84.92,6.1,7
2019,6,21,7,29.8,25.9,320,1015,2.6,79.87,6.1,1
2019,6,21,8,30.5,26,529,1016,3,77.01,6,1
2019,6,21,9,31,26.2,714,1015,3.2,75.8,6,0
2019,6,21,10,31.3,26.5,812,1016,3.4,75.9,6.1,7
2019,6,21,11,31.4,26.7,824,1015,3.6,76.19,6.3,7
2019,6,21,12,31.5,26.7,837,1014,3.8,75.69,6.3,7
2019,6,21,13,31.5,26.6,814,1013,3.9,75.26,6.3,7
2019,6,21,14,31.5,26.6,717,1013,3.9,75.41,6.3,7
2019,6,21,15,31.4,26.7,642,1013,3.8,76.18,6.4,7
2019,6,21,16,31.1,26.8,466,1013,3.5,77.73,6.4,7
2019,6,21,17,30.6,26.8,228,1013,3.1,80.16,6.5,7
2019,6,21,18,29.9,26.8,52,1013,2.5,83.68,6.6,6
2019,6,21,19,29.4,26.9,0,1014,2.3,86.41,6.7,7
2019,6,21,20,29.1,26.8,0,1014,2.3,87.5,6.7,7
2019,6,21,21,29,26.6,0,1014,2.3,87.05,6.8,0
2019,6,21,22,28.8,26.5,0,1015,2.5,87.27,7,7
2019,6,21,23,28.6,26.3,0,1015,2.6,87.64,7.1,7
2019,6,22,0,28.4,26.1,0,1014,2.7,87.37,7.1,6
2019,6,22,1,28.3,25.8,0,1013,2.9,86.41,7.1,6
2019,6,22,2,28.2,25.6,0,1013,2.9,85.95,7.2,6
2019,6,22,3,28.1,25.6,0,1013,2.8,86.29,7.3,7
2019,6,22,4,27.9,25.7,0,1013,2.7,87.62,7.4,6
2019,6,22,5,28,25.8,0,1013,2.7,87.69,7.3,6
2019,6,22,6,28.7,26.1,23,1013,3,86.05,7.2,9
2019,6,22,7,29.4,26.5,88,1014,3.2,84.56,7.2,9
2019,6,22,8,30,26.9,138,1014,3.5,83.46,7.2,9
2019,6,22,9,30.6,27.1,290,1014,3.6,81.78,7,9
2019,6,22,10,31,27.2,294,1013,3.6,80.5,6.9,9
2019,6,22,11,31.3,27.4,273,1013,3.8,79.62,6.9,9
2019,6,22,12,31.4,27.5,212,1013,4,79.86,7,9
2019,6,22,13,31.2,27.6,112,1012,4.1,81.4,7.2,9
2019,6,22,14,30.9,27.8,83,1012,3.9,83.53,7.2,9
2019,6,22,15,30.7,27.6,82,1012,3.5,83.79,7.1,6
2019,6,22,16,30.5,27.4,29,1012,3.2,83.51,6.9,6
2019,6,22,17,29.9,27.3,94,1013,2.9,85.93,6.8,7
2019,6,22,18,29.3,27.3,39,1013,3,88.92,6.7,7
2019,6,22,19,28.8,27.1,0,1013,3.2,90.38,6.7,7
2019,6,22,20,28.6,27,0,1014,2.9,91.16,6.9,7
2019,6,22,21,28.5,27,0,1015,2.6,91.37,7,7
2019,6,22,22,28.3,26.8,0,1015,2.3,91.86,7,6
2019,6,22,23,28.1,26.5,0,1014,2,91.29,7,6
2019,6,23,0,27.9,26.2,0,1013,1.5,90.63,7,6
2019,6,23,1,27.8,26,0,1013,1.2,90.03,7.1,7
2019,6,23,2,27.4,25.8,0,1012,1.6,91.21,7.1,7
2019,6,23,3,27.2,25.7,0,1013,2.3,91.49,7.2,6
2019,6,23,4,27.2,25.5,0,1013,2.9,90.64,7.2,6
2019,6,23,5,27.2,25.5,0,1013,3.3,90.64,7.1,6
2019,6,23,6,27.5,25.7,6,1014,3.6,90.03,7,9
2019,6,23,7,27.8,25.9,38,1014,3.9,89.25,7,6
2019,6,23,8,28.2,26.1,198,1015,4.1,88.57,7,6
2019,6,23,9,28.6,26.3,219,1015,4.1,87.65,6.9,7
2019,6,23,10,29,26.5,243,1015,4,86.59,6.8,6
2019,6,23,11,29.2,26.6,534,1014,3.9,85.92,6.7,7
2019,6,23,12,29.3,26.3,366,1014,3.8,83.75,6.8,7
2019,6,23,13,29.4,26,506,1014,3.3,82.06,6.9,8
2019,6,23,14,29.3,25.9,233,1014,2.7,82,7,6
2019,6,23,15,29.1,25.8,132,1014,2.4,82.65,6.9,6
2019,6,23,16,28.8,25.8,56,1014,2.7,83.99,6.8,6
2019,6,23,17,28.3,26,17,1015,2.9,87.58,6.8,7
2019,6,23,18,27.8,25.9,29,1015,3.1,89.44,6.7,7
2019,6,23,19,27.6,25.8,0,1016,3.3,89.81,6.6,7
2019,6,23,20,27.5,25.6,0,1016,3.3,89.63,6.4,7
2019,6,23,21,27.3,25.5,0,1016,3.1,90.17,6.5,7
2019,6,23,22,27.2,25.5,0,1016,2.5,90.34,6.6,7
2019,6,23,23,27.2,25.3,0,1017,2,89.55,6.5,7
2019,6,24,0,27,25,0,1016,1.9,89.08,6.5,6
2019,6,24,1,26.7,24.7,0,1016,1.9,89.07,6.4,6
2019,6,24,2,26.5,24.4,0,1016,1.9,88.4,6.5,6
2019,6,24,3,26.3,24.1,0,1016,1.7,87.81,6.6,6
2019,6,24,4,26.2,23.8,0,1017,1.4,86.88,6.8,7
2019,6,24,5,26.1,23.8,0,1018,1.3,87.04,6.8,8
2019,6,24,6,26.2,23.8,40,1018,1.5,86.59,6.8,7
2019,6,24,7,26.3,23.6,90,1019,2.1,85.04,6.7,7
2019,6,24,8,26.4,23.6,78,1019,2.4,84.57,6.7,7
2019,6,24,9,26.6,23.6,135,1019,2.5,83.8,6.8,7
2019,6,24,10,26.9,23.7,259,1019,2.7,82.73,6.8,7
2019,6,24,11,27.2,23.9,290,1019,2.8,82.01,6.8,6
2019,6,24,12,27.2,24,227,1019,2.6,82.82,6.8,6
2019,6,24,13,27.2,24.1,302,1019,2.3,83.34,6.8,7
2019,6,24,14,27.2,24.2,251,1019,1.9,83.5,6.8,7
2019,6,24,15,27.1,24.1,142,1019,1.5,83.79,6.7,6
2019,6,24,16,27,24.1,34,1019,1.2,83.94,6.6,6
2019,6,24,17,26.9,24.1,92,1019,1.2,84.68,6.5,7
2019,6,24,18,26.7,24.3,6,1019,1.4,86.54,6.3,7
2019,6,24,19,26.5,24.3,0,1019,1.6,87.83,6.2,7
2019,6,24,20,26.5,24.4,0,1020,1.7,88.04,6.2,8
2019,6,24,21,26.5,24.4,0,1020,1.8,88.21,6.1,7
2019,6,24,22,26.5,24.4,0,1020,1.9,88.32,6.1,4
2019,6,24,23,26.5,24.5,0,1020,2.1,88.58,6.1,4
2019,6,25,0,26.5,24.5,0,1019,2.2,88.77,6.1,4
2019,6,25,1,26.6,24.5,0,1019,2.2,88.47,6,4
2019,6,25,2,26.7,24.6,0,1019,2.3,88.24,6,3
2019,6,25,3,26.7,24.6,0,1019,2.3,88.49,6.1,3
2019,6,25,4,26.7,24.7,0,1019,2.4,88.64,6.1,7
2019,6,25,5,26.9,24.8,0,1019,2.5,88.31,6.1,8
2019,6,25,6,27.4,25.2,90,1019,2.8,87.71,6.1,7
2019,6,25,7,27.7,25.3,101,1020,3.1,86.64,6.1,7
2019,6,25,8,28.2,25.2,302,1020,3,83.79,6.2,7
2019,6,25,9,28.8,24.7,619,1020,2.9,78.66,6.2,7
2019,6,25,10,29.2,24.1,783,1020,2.6,74.01,6.2,7
2019,6,25,11,29.2,23.6,585,1019,2.2,71.76,6.2,3
2019,6,25,12,29.1,23.2,801,1019,1.7,70.74,6.1,8
2019,6,25,13,29.2,23,923,1018,1.8,69.26,6,0
2019,6,25,14,29.4,22.8,775,1017,1.8,67.85,5.9,7
2019,6,25,15,29,23.2,248,1017,1.6,71.08,6,6
2019,6,25,16,28.6,23.4,28,1017,1.4,73.31,6.1,6
2019,6,25,17,28.3,23.5,14,1018,1.3,75.08,6.2,6
2019,6,25,18,27.9,23.7,14,1018,0.8,77.79,6.3,6
2019,6,25,19,27.5,24.1,0,1018,0.9,81.73,6.4,7
2019,6,25,20,27.4,24.3,0,1018,1.2,83.15,6.4,7
2019,6,25,21,27.3,24.4,0,1018,1.4,84.2,6.5,8
2019,6,25,22,27.3,24.5,0,1018,1.5,84.62,6.5,8
2019,6,25,23,27.2,24.6,0,1017,1.6,85.63,6.4,8
2019,6,26,0,27.2,24.7,0,1017,1.6,86.33,6.4,8
2019,6,26,1,27.3,24.8,0,1016,1.5,86.44,6.4,8
2019,6,26,2,27.3,25,0,1016,1.4,87.1,6.3,7
2019,6,26,3,27.3,25.1,0,1015,1.5,87.56,6.3,3
2019,6,26,4,27.3,25.2,0,1015,1.6,88.08,6.2,3
2019,6,26,5,27.4,25.4,0,1015,1.7,89.11,6.2,3
2019,6,26,6,28.1,25.9,112,1016,1.8,87.67,6.3,8
2019,6,26,7,28.7,25.8,313,1016,2.2,84.6,6.4,0
2019,6,26,8,29.3,25.8,489,1016,2.4,81.41,6.5,7
2019,6,26,9,29.7,25.8,699,1016,2.6,79.64,6.6,1
2019,6,26,10,29.9,25.8,521,1015,2.9,78.92,6.6,3
2019,6,26,11,30,26,91,1015,3,79.09,6.7,3
2019,6,26,12,30,26,791,1014,3,79.16,6.8,2
2019,6,26,13,29.9,26,320,1014,3,79.59,6.8,8
2019,6,26,14,29.7,25.9,407,1013,2.9,79.98,6.8,8
2019,6,26,15,29.4,25.7,239,1013,2.8,80.67,6.8,7
2019,6,26,16,29,25.6,304,1013,2.5,81.84,6.9,7
2019,6,26,17,28.6,25.5,166,1013,2.2,83.53,6.9,7
2019,6,26,18,28.2,25.6,42,1013,1.8,85.68,6.9,8
2019,6,26,19,28,25.7,0,1014,1.6,87.11,6.9,7
2019,6,26,20,28,25.7,0,1014,1.4,87.44,7,3
2019,6,26,21,28,25.8,0,1014,1.3,87.91,7,4
2019,6,26,22,27.9,25.9,0,1014,1.3,88.97,7.1,3
2019,6,26,23,27.9,26,0,1013,1.2,89.24,7.1,0
2019,6,27,0,27.8,25.9,0,1013,1.2,89.67,7.1,0
2019,6,27,1,27.7,25.7,0,1012,1,89.1,7,0
2019,6,27,2,27.6,25.5,0,1012,0.8,88.34,6.9,1
2019,6,27,3,27.5,25.2,0,1012,0.9,87.49,6.9,7
2019,6,27,4,27.4,25,0,1012,1.2,86.79,6.8,0
2019,6,27,5,27.5,25,0,1012,1.4,86.38,6.7,3
2019,6,27,6,28.2,25.1,104,1013,1.8,83.21,6.6,0
2019,6,27,7,29.1,24.9,301,1013,2.2,78.15,6.6,0
2019,6,27,8,29.8,24.8,507,1013,2.5,74.55,6.5,1
2019,6,27,9,30.4,25,601,1013,2.6,73.03,6.5,3
2019,6,27,10,30.7,25.5,832,1013,2.7,74,6.5,0
2019,6,27,11,30.8,26.1,686,1012,2.7,75.97,6.7,2
2019,6,27,12,30.9,26.3,159,1012,2.7,76.62,6.9,3
2019,6,27,13,30.8,26.4,189,1012,2.6,77.41,7,4
2019,6,27,14,30.7,26.7,503,1012,2.5,79.06,7.1,8
2019,6,27,15,30.5,26.9,47,1012,2.2,81,7.2,6
2019,6,27,16,30.3,26.9,424,1012,1.8,82.2,7.2,7
2019,6,27,17,29.8,27.1,25,1012,1.7,85.72,7.1,3
2019,6,27,18,29.3,27.3,74,1012,1.8,89.09,7.1,1
2019,6,27,19,29,27.4,0,1013,1.7,91.22,7.1,3
2019,6,27,20,29,27.5,0,1013,1.5,91.76,7.1,0
2019,6,27,21,28.9,27.6,0,1013,1.3,92.69,7,3
2019,6,27,22,28.9,27.6,0,1013,1.3,92.8,7,3
2019,6,27,23,28.8,27.6,0,1013,1.3,93.08,7,3
2019,6,28,0,28.7,27.5,0,1013,1.3,93.06,7,3
2019,6,28,1,28.5,27.3,0,1012,1.4,93.39,6.9,3
2019,6,28,2,28.5,27.2,0,1012,1.5,92.78,6.8,0
2019,6,28,3,28.5,27.2,0,1013,1.7,92.55,6.9,0
2019,6,28,4,28.5,27.2,0,1013,1.6,92.42,7,0
2019,6,28,5,28.6,27.2,0,1014,1.7,92.4,6.9,0
2019,6,28,6,29.2,27.6,103,1014,2.2,90.96,6.9,0
2019,6,28,7,29.6,27.7,300,1014,2.6,89.34,6.8,0
2019,6,28,8,30.1,27.7,505,1014,2.8,86.89,6.7,0
2019,6,28,9,30.6,27.6,689,1014,2.6,84.29,6.6,0
2019,6,28,10,30.9,27.7,831,1013,2.1,82.89,6.7,0
2019,6,28,11,31.2,27.7,936,1013,1.7,81.65,6.7,0
2019,6,28,12,31.2,27.7,960,1013,1.6,81.64,6.8,0
2019,6,28,13,31.2,27.6,769,1012,1.7,81.44,6.9,2
2019,6,28,14,31,27.6,510,1012,1.7,82.34,7,3
2019,6,28,15,30.7,27.7,480,1012,1.8,83.91,7.1,3
2019,6,28,16,30.3,27.8,42,1012,1.7,86.31,7.2,3
2019,6,28,17,30,27.9,113,1012,1.5,88.42,7.3,3
2019,6,28,18,29.7,27.9,88,1013,1.3,90.28,7.3,1
2019,6,28,19,29.3,27.8,0,1013,1.4,91.73,7.4,3
2019,6,28,20,29.2,27.7,0,1013,1.9,91.84,7.3,0
2019,6,28,21,29.1,27.7,0,1013,2.6,92.26,7.3,0
2019,6,28,22,29.1,27.7,0,1013,2.6,92.33,7.3,0
2019,6,28,23,29.2,27.7,0,1013,2.2,91.86,7.4,0
2019,6,29,0,29,27.7,0,1013,2.3,92.6,7.3,0
2019,6,29,1,28.8,27.6,0,1012,2.2,93.04,7.2,0
2019,6,29,2,28.6,27.4,0,1012,2.2,93.5,6.9,0
2019,6,29,3,28.5,27.4,0,1012,2.1,93.64,6.7,1
2019,6,29,4,28.5,27.3,0,1012,2.1,93.4,6.6,1
2019,6,29,5,28.7,27.4,0,1012,2.1,92.78,6.6,7
2019,6,29,6,29.3,27.8,107,1013,2.5,91.62,6.6,0
2019,6,29,7,30.1,27.8,306,1013,2.5,87.64,6.7,0
2019,6,29,8,30.8,27.5,457,1013,2.5,82.8,6.8,7
2019,6,29,9,31.1,27.5,568,1013,2.4,81.44,6.9,7
2019,6,29,10,31.3,27.6,693,1013,2.4,80.92,6.9,7
2019,6,29,11,31.6,27.7,623,1012,2.4,79.72,6.9,7
2019,6,29,12,31.9,27.7,539,1012,2.4,78.68,7,3
2019,6,29,13,31.9,27.8,339,1012,2.4,79,7,3
2019,6,29,14,31.7,27.9,453,1011,2.3,80.35,7.1,8
2019,6,29,15,31.4,28,495,1011,2.1,82.19,7.2,8
2019,6,29,16,31.1,28.1,390,1012,1.9,84.18,7.3,3
2019,6,29,17,30.7,28.2,279,1012,1.6,86.52,7.3,0
2019,6,29,18,30.2,28.2,88,1012,1.3,88.93,7.3,0
2019,6,29,19,29.8,28.1,0,1013,1.1,90.65,7.3,0
2019,6,29,20,29.7,28,0,1013,1,90.62,7.2,0
2019,6,29,21,29.5,28,0,1014,1.1,91.53,7.2,0
2019,6,29,22,29.4,27.9,0,1014,1.3,91.93,7.2,0
2019,6,29,23,29.3,27.9,0,1013,1.6,92.34,7.2,0
2019,6,30,0,29.1,27.9,0,1013,1.8,93.17,7.2,0
2019,6,30,1,29,27.8,0,1012,1.9,93.24,7.2,0
2019,6,30,2,28.9,27.7,0,1012,2,93.38,7.2,0
2019,6,30,3,28.8,27.6,0,1011,2.3,93.28,7.1,0
2019,6,30,4,28.8,27.5,0,1011,2.4,92.92,7.1,0
2019,6,30,5,29,27.6,0,1012,2.2,92.42,7.2,1
2019,6,30,6,29.6,28,37,1013,2.5,91.18,7.2,3
2019,6,30,7,30,28.2,120,1013,2.8,89.87,7.3,3
2019,6,30,8,30.3,28.2,503,1013,2.7,88.78,7.3,1
2019,6,30,9,30.7,28.2,246,1013,2.5,86.39,7.3,3
2019,6,30,10,31.1,28.1,519,1013,2.3,83.89,7.4,3
2019,6,30,11,31.3,28,315,1013,2.1,82.47,7.4,3
2019,6,30,12,31.3,28,622,1013,2,82.85,7.4,8
2019,6,30,13,31.1,28.1,613,1013,2,84.15,7.5,3
2019,6,30,14,30.9,28.1,494,1012,2.1,85.17,7.5,3
2019,6,30,15,30.6,28.1,559,1012,2.1,86.76,7.6,7
2019,6,30,16,30.4,28.2,216,1012,1.9,88.23,7.6,3
2019,6,30,17,30.1,28.3,273,1013,1.6,89.87,7.7,1
2019,6,30,18,29.8,28.3,84,1013,1.4,91.64,7.7,0
2019,6,30,19,29.7,28.2,0,1014,2.1,91.64,7.6,0
2019,6,30,20,29.6,28,0,1014,3,91.34,7.5,0
2019,6,30,21,29.5,28,0,1014,3.1,91.42,7.4,4
2019,6,30,22,29.4,27.9,0,1015,3,91.5,7.3,7
2019,6,30,23,29.3,27.7,0,1014,3.1,91.23,7.1,7
2019,7,1,0,29.2,27.6,0,1014,3.4,91.13,6.9,1
2019,7,1,1,29.1,27.5,0,1013,3.5,91.23,6.8,7
2019,7,1,2,29,27.5,0,1012,3.3,91.6,6.7,4
2019,7,1,3,28.9,27.5,0,1012,3,92.12,6.7,3
2019,7,1,4,28.9,27.5,0,1013,2.6,92.12,6.8,1
2019,7,1,5,29,27.7,0,1013,2.2,92.49,6.8,0
2019,7,1,6,29.5,28,105,1014,2.3,91.64,6.7,0
2019,7,1,7,29.8,27.9,165,1015,2.3,89.76,6.7,3
2019,7,1,8,30.2,27.8,243,1015,2.1,86.83,6.7,3
2019,7,1,9,30.5,27.6,456,1015,2.4,84.69,6.6,3
2019,7,1,10,30.9,27.6,492,1015,2.5,82.81,6.5,3
2019,7,1,11,31.3,27.7,793,1014,2.3,81.21,6.4,3
2019,7,1,12,31.5,27.8,617,1013,2,80.61,6.2,3
2019,7,1,13,31.6,27.7,256,1013,2,79.9,6.3,3
2019,7,1,14,31.4,27.6,242,1013,2.2,80.52,6.4,3
2019,7,1,15,30.9,27.6,567,1013,2.4,82.79,6.5,3
2019,7,1,16,30.5,27.6,502,1013,2.7,84.72,6.5,1
2019,7,1,17,30.2,27.8,294,1013,3.1,86.96,6.4,0
2019,7,1,18,29.7,27.9,97,1013,3.3,90.17,6.4,0
2019,7,1,19,29.4,27.9,0,1013,3.8,91.9,6.3,1
2019,7,1,20,29.4,28,0,1013,4.6,92.29,6.3,4
2019,7,1,21,29.3,28,0,1013,5.2,93,6.4,1
2019,7,1,22,29.3,28,0,1013,5.5,92.84,6.6,0
2019,7,1,23,29.2,28,0,1012,5.5,93.01,6.9,0
2019,7,2,0,29.1,27.9,0,1012,5.8,93.5,7,0
2019,7,2,1,29.1,28,0,1011,6.3,93.55,7,0
2019,7,2,2,29.2,28,0,1010,6.8,93.13,7,1
2019,7,2,3,29.2,28,0,1010,7,93.38,7,0
2019,7,2,4,29.3,28,0,1010,7,92.85,6.9,7
2019,7,2,5,29.3,27.9,0,1010,6.8,92.34,6.9,7
2019,7,2,6,29.5,27.9,105,1011,6.3,91.27,7,7
2019,7,2,7,29.9,28.2,296,1012,5.6,90.52,7.1,7
2019,7,2,8,30.5,28.3,290,1012,5.3,88.21,7.3,7
2019,7,2,9,30.8,28.3,563,1013,5.2,86.77,7.5,7
2019,7,2,10,30.7,28.1,470,1013,4.9,85.84,7.6,3
2019,7,2,11,30.6,27.8,844,1013,3.8,85.04,7.7,7
2019,7,2,12,30.6,27.7,699,1013,2.7,84.37,7.7,7
2019,7,2,13,30.5,27.6,429,1013,1.9,84.75,7.7,7
2019,7,2,14,30.4,27.6,280,1013,1.8,85.03,7.7,6
2019,7,2,15,30.3,27.6,96,1013,1.9,85.29,7.8,6
2019,7,2,16,30,27.5,46,1013,1.9,86.53,7.8,9
2019,7,2,17,29.7,27.5,74,1013,1.7,87.97,7.8,9
2019,7,2,18,29.3,27.5,8,1014,1.7,89.85,7.9,9
2019,7,2,19,29.1,27.5,0,1015,1.9,90.89,7.9,9
2019,7,2,20,29,27.5,0,1016,2.1,91.78,8,6
2019,7,2,21,28.9,27.6,0,1016,2.1,92.55,8,6
2019,7,2,22,28.8,27.6,0,1017,1.9,93.2,7.8,6
2019,7,2,23,28.8,27.5,0,1016,1.8,92.76,7.5,6
2019,7,3,0,28.7,27.4,0,1016,1.9,92.92,7.2,9
2019,7,3,1,28.7,27.4,0,1016,2,92.55,7.2,9
2019,7,3,2,28.8,27.3,0,1015,2.4,91.74,7.4,6
2019,7,3,3,28.8,27.3,0,1016,2.7,91.72,7.5,7
2019,7,3,4,28.7,27.3,0,1016,2.7,92.03,7.5,7
2019,7,3,5,28.8,27.4,0,1017,2.7,92.26,7.5,7
2019,7,3,6,29.3,27.8,60,1017,2.9,91.69,7.5,7
2019,7,3,7,29.6,27.9,229,1017,3.1,90.87,7.6,7
2019,7,3,8,29.9,28,167,1018,3.2,89.76,7.5,6
2019,7,3,9,30,28,334,1018,3.1,89.16,7.5,7
2019,7,3,10,30.1,28,604,1018,2.7,88.44,7.4,7
2019,7,3,11,30.1,27.9,706,1018,2.3,88.23,7.3,7
2019,7,3,12,30.2,27.9,757,1018,1.9,87.46,7.2,7
2019,7,3,13,30.3,27.8,683,1018,1.8,86.64,7.1,8
2019,7,3,14,30.3,27.8,626,1018,1.8,86.54,7.1,7
2019,7,3,15,30.3,27.8,608,1017,2,86.41,7,7
2019,7,3,16,30.2,27.8,134,1017,2.2,87.02,6.9,7
2019,7,3,17,29.9,27.8,106,1018,2.3,88.45,6.9,7
2019,7,3,18,29.5,27.7,53,1018,2.3,89.9,7,8
2019,7,3,19,29.3,27.5,0,1019,2.4,90.3,7.1,7
2019,7,3,20,29.2,27.5,0,1019,2.4,90.5,7.1,7
2019,7,3,21,29.1,27.4,0,1020,2.2,90.71,7,8
2019,7,3,22,28.9,27.3,0,1020,2,91.2,6.9,7
2019,7,3,23,28.8,27.2,0,1019,1.9,90.9,6.8,8
2019,7,4,0,28.7,27,0,1019,2,90.53,6.7,7
2019,7,4,1,28.6,26.8,0,1018,2,89.89,6.7,8
2019,7,4,2,28.5,26.6,0,1018,2.1,89.49,6.7,8
2019,7,4,3,28.4,26.5,0,1018,2.3,89.34,6.8,4
2019,7,4,4,28.4,26.4,0,1018,2.4,89.16,6.8,8
2019,7,4,5,28.6,26.6,0,1018,2.4,89.2,6.8,7
2019,7,4,6,29.3,27,80,1019,2.5,87.6,6.8,7
2019,7,4,7,30,27.1,230,1019,2.6,84.55,6.8,7
2019,7,4,8,30.4,27.2,419,1019,2.5,83.26,6.9,7
2019,7,4,9,30.8,27.4,607,1019,2.7,82,7,7
2019,7,4,10,30.9,27.5,671,1019,2.9,82.31,7.1,7
2019,7,4,11,30.9,27.7,611,1019,3.1,83.21,7.3,7
2019,7,4,12,30.7,27.8,491,1018,3.3,84.55,7.3,8
2019,7,4,13,30.4,27.8,538,1018,3.4,85.87,7.3,7
2019,7,4,14,30.2,27.6,341,1017,3.3,85.77,7.2,8
2019,7,4,15,30,27.3,397,1017,3.2,85.49,7.1,8
2019,7,4,16,29.8,27.1,237,1017,2.9,85.23,7,7
2019,7,4,17,29.5,26.9,140,1017,2.5,85.86,6.9,7
2019,7,4,18,29.2,26.8,38,1017,2.3,86.95,6.9,7
2019,7,4,19,29,26.7,0,1017,2.4,87.18,6.9,7
2019,7,4,20,28.9,26.5,0,1017,2.6,87.05,6.9,7
2019,7,4,21,28.8,26.4,0,1017,2.7,87.15,6.9,7
2019,7,4,22,28.7,26.4,0,1017,2.9,87.18,6.9,7
2019,7,4,23,28.5,26.2,0,1017,3.2,87.42,6.8,7
2019,7,5,0,28.4,26,0,1016,3.3,86.64,6.7,7
2019,7,5,1,28.3,25.7,0,1016,3.1,85.95,6.5,6
2019,7,5,2,28.2,25.5,0,1015,2.8,85.36,6.5,6
2019,7,5,3,28.1,25.3,0,1015,2.7,84.93,6.4,7
2019,7,5,4,28.1,25.3,0,1015,3,84.67,6.4,7
2019,7,5,5,28.3,25.5,0,1015,3.3,84.86,6.6,7
2019,7,5,6,28.7,26,93,1015,3.6,85.29,6.8,7
2019,7,5,7,29.1,26.4,240,1015,4,85.28,6.9,7
2019,7,5,8,29.7,26.7,377,1015,4.1,83.81,6.9,7
2019,7,5,9,30.3,26.9,319,1015,4.4,82.25,6.9,4
2019,7,5,10,30.8,27.2,570,1015,4.7,81.28,6.9,7
2019,7,5,11,31,27.3,744,1014,5,80.79,6.9,7
2019,7,5,12,31,27.4,725,1014,5.1,81.14,6.8,7
2019,7,5,13,31,27.4,748,1013,5,80.99,6.8,7
2019,7,5,14,31,27.2,695,1012,4.9,80.46,6.6,7
2019,7,5,15,30.9,27.2,508,1012,4.7,80.67,6.5,7
2019,7,5,16,30.9,27,393,1011,4.7,79.55,6.3,7
2019,7,5,17,30.6,26.6,211,1011,4.4,79.29,6.1,7
2019,7,5,18,29.8,26.6,60,1011,4,83.15,5.9,7
2019,7,5,19,29.3,26.4,0,1011,3.7,84.21,5.7,6
2019,7,5,20,29.1,26.1,0,1012,3.6,83.85,5.6,6
2019,7,5,21,28.9,25.8,0,1013,3.6,83.62,5.5,6
2019,7,5,22,28.8,25.7,0,1013,3.7,83.15,5.6,6
2019,7,5,23,28.6,25.5,0,1012,4,83.52,5.7,7
2019,7,6,0,28.6,25.5,0,1011,4.2,83.26,6,7
2019,7,6,1,28.6,25.5,0,1011,4.2,83.26,6.2,7
2019,7,6,2,28.7,25.5,0,1011,4.1,82.84,6.4,6
2019,7,6,3,28.8,25.6,0,1011,4.2,82.68,6.5,6
2019,7,6,4,28.7,25.7,0,1011,4.4,84,6.6,7
2019,7,6,5,28.7,26,0,1012,4.5,85.56,6.6,7
2019,7,6,6,29.2,26.4,75,1012,4.6,85.12,6.5,7
2019,7,6,7,29.7,26.8,255,1013,4.7,84.46,6.4,7
2019,7,6,8,30.1,27.2,381,1013,4.6,84.51,6.4,7
2019,7,6,9,30.5,27.5,434,1013,4.3,83.89,6.3,7
2019,7,6,10,30.7,27.6,418,1013,4.1,83.6,6.3,6
2019,7,6,11,31,27.6,741,1012,4.1,82,6.2,7
2019,7,6,12,31.2,27.5,654,1012,4.1,80.79,6.1,8
2019,7,6,13,31.3,27.7,473,1011,3.8,81.02,6,6
2019,7,6,14,31.3,27.8,487,1012,3.5,81.84,6.1,6
2019,7,6,15,31.1,27.8,548,1012,3.6,82.7,6.2,7
2019,7,6,16,30.8,27.8,296,1012,3.6,84.03,6.1,6
2019,7,6,17,30.3,27.7,176,1011,3.3,86.17,6.2,7
2019,7,6,18,29.6,27.5,54,1012,2.9,88.48,6.2,6
2019,7,6,19,29.2,27.1,0,1012,3.1,88.33,6.2,6
2019,7,6,20,29,26.8,0,1012,3.3,88.06,6.1,6
2019,7,6,21,28.9,26.7,0,1012,3,87.89,6.2,7
2019,7,6,22,28.8,26.6,0,1013,2.5,87.81,6.4,7
2019,7,6,23,28.8,26.4,0,1013,2.4,86.76,6.5,7
2019,7,7,0,28.6,26.1,0,1012,2.6,86.54,6.5,6
2019,7,7,1,28.5,26,0,1012,2.9,86.46,6.5,7
2019,7,7,2,28.4,26,0,1012,3.1,86.63,6.5,7
2019,7,7,3,28.4,25.9,0,1012,3.2,86.56,6.4,6
2019,7,7,4,28.4,26,0,1012,3.2,86.7,6.4,7
2019,7,7,5,28.5,26.1,0,1013,3.1,86.87,6.4,7
2019,7,7,6,29,26.5,99,1013,3.3,86.52,6.3,0
2019,7,7,7,29.4,26.7,296,1013,3.7,85.48,6.2,1
2019,7,7,8,29.8,26.9,503,1013,3.9,84.47,6.1,1
2019,7,7,9,30.3,27.1,601,1014,3.5,82.94,6.2,7
2019,7,7,10,30.6,27.1,786,1014,3.3,81.75,6.3,7
2019,7,7,11,30.9,27.2,927,1014,3.5,80.54,6.3,0
2019,7,7,12,31,27.2,881,1014,3.8,80.33,6.4,7
2019,7,7,13,31.1,27.3,577,1014,4,80.35,6.6,7
2019,7,7,14,31.1,27.4,625,1014,4.2,80.89,6.8,7
2019,7,7,15,30.9,27.5,463,1015,4.3,82.2,6.9,7
2019,7,7,16,30.6,27.3,339,1015,4.2,82.68,6.9,7
2019,7,7,17,30.1,27,246,1015,3.5,83.36,6.7,7
2019,7,7,18,29.7,26.7,95,1015,2.7,84.05,6.4,1
2019,7,7,19,29.3,26.5,0,1016,2.6,84.95,6.2,7
2019,7,7,20,29.1,26.4,0,1016,2.8,85.31,6.1,7
2019,7,7,21,28.9,26.3,0,1016,2.8,85.92,6,7
2019,7,7,22,28.8,26.3,0,1016,2.8,86.17,5.8,7
2019,7,7,23,28.6,26.2,0,1016,2.8,86.75,5.7,6
2019,7,8,0,28.5,26.1,0,1016,2.6,86.79,5.7,6
2019,7,8,1,28.4,26,0,1016,2.4,86.76,5.7,6
2019,7,8,2,28.3,25.9,0,1016,2.3,86.87,5.8,6
2019,7,8,3,28.2,25.9,0,1016,2.3,87.2,5.9,7
2019,7,8,4,28.1,25.9,0,1016,2.4,87.7,6,7
2019,7,8,5,28.2,26,0,1016,2.4,88.06,6.1,7
2019,7,8,6,28.8,26.5,100,1017,2.5,87.67,6.3,7
2019,7,8,7,29.5,26.5,261,1017,2.7,83.91,6.4,7
2019,7,8,8,30,26.6,489,1017,2.8,81.86,6.5,7
2019,7,8,9,30.4,26.8,637,1017,3,81.01,6.5,7
2019,7,8,10,30.6,26.9,736,1017,3.1,80.87,6.5,7
2019,7,8,11,30.7,27,659,1017,3.2,80.83,6.5,7
2019,7,8,12,30.8,27.1,360,1016,3.2,80.59,6.4,7
2019,7,8,13,30.8,27.1,678,1015,3.2,80.95,6.3,7
2019,7,8,14,30.7,27.2,581,1015,3.1,81.77,6.2,7
2019,7,8,15,30.8,27.1,416,1014,3.1,80.56,6.2,8
2019,7,8,16,30.8,26.9,404,1014,3.1,79.82,6,7
2019,7,8,17,30.4,27,146,1014,2.8,81.87,5.9,6
2019,7,8,18,29.7,26.9,46,1015,2.5,84.76,5.9,7
2019,7,8,19,29.3,26.6,0,1015,2.6,85.22,5.8,7
2019,7,8,20,28.9,26.5,0,1016,2.6,87.07,5.7,7
2019,7,8,21,28.6,26.4,0,1016,2.6,87.73,5.6,7
2019,7,8,22,28.4,26.1,0,1016,2.6,87.53,5.5,7
2019,7,8,23,28.2,26,0,1016,2.6,87.87,5.4,7
2019,7,9,0,28.1,25.9,0,1015,2.5,87.69,5.3,7
2019,7,9,1,27.9,25.8,0,1014,2.5,88.18,5.1,7
2019,7,9,2,27.8,25.7,0,1014,2.3,88.26,5.1,7
2019,7,9,3,27.8,25.6,0,1014,2.2,87.9,5.1,1
2019,7,9,4,27.7,25.5,0,1014,2.4,87.97,5.2,7
2019,7,9,5,27.9,25.6,0,1014,2.7,87.29,5.2,6
2019,7,9,6,28.9,26,31,1014,3.1,84.39,5.3,7
2019,7,9,7,29.9,26.1,53,1015,3.5,79.91,5.3,6
2019,7,9,8,30.5,26.4,284,1015,3.7,78.58,5.3,6
2019,7,9,9,31.1,26.5,528,1015,3.9,76.43,5.3,7
2019,7,9,10,31.5,26.5,555,1014,4,74.72,5.2,7
2019,7,9,11,31.8,26.6,756,1014,4,74.01,5.2,7
2019,7,9,12,31.9,26.7,766,1013,4,74.22,5.2,7
2019,7,9,13,32,26.9,734,1013,3.9,74.5,5.4,7
2019,7,9,14,31.9,27,689,1012,3.9,75.22,5.5,7
2019,7,9,15,31.6,27,604,1012,3.7,76.72,5.7,7
2019,7,9,16,31.1,27.1,411,1012,3.4,79.51,5.7,7
2019,7,9,17,30.5,27.3,181,1012,3.1,83.04,5.7,6
2019,7,9,18,29.8,27.2,8,1012,2.8,86.11,5.7,7
2019,7,9,19,29.4,27.1,0,1013,2.6,87.31,5.6,7
2019,7,9,20,29.2,26.8,0,1013,2.4,87.08,5.5,7
2019,7,9,21,29.1,26.6,0,1014,2.4,86.65,5.4,7
2019,7,9,22,28.9,26.5,0,1013,2.7,86.66,5.3,7
2019,7,9,23,28.8,26.3,0,1013,2.9,86.61,5.2,7
2019,7,10,0,28.6,26.2,0,1012,3.2,86.81,5.2,7
2019,7,10,1,28.5,26.1,0,1011,3.6,86.98,5.1,7
2019,7,10,2,28.4,26.2,0,1011,3.8,87.84,5.1,7
2019,7,10,3,28.3,26.2,0,1011,3.8,88.62,5.2,7
2019,7,10,4,28.3,26.3,0,1012,3.6,88.92,5.3,7
2019,7,10,5,28.5,26.5,0,1012,3.4,88.86,5.4,7
2019,7,10,6,29.3,27.1,90,1013,3.6,87.76,5.5,7
2019,7,10,7,29.8,27.3,281,1013,3.7,86.24,5.6,7
2019,7,10,8,30.5,27.3,507,1013,3.6,83.24,5.8,1
2019,7,10,9,31,27.5,640,1014,3.7,81.59,6,7
2019,7,10,10,31.5,27.5,726,1014,3.7,79.55,6.2,7
2019,7,10,11,31.8,27.6,779,1014,3.7,78.44,6.4,7
2019,7,10,12,31.9,27.6,818,1013,3.7,78.1,6.4,7
2019,7,10,13,31.8,27.7,714,1013,3.7,78.89,6.5,6
2019,7,10,14,31.5,27.8,540,1013,3.7,80.75,6.5,6
2019,7,10,15,31.2,27.9,443,1013,3.7,82.61,6.6,7
2019,7,10,16,30.7,27.9,296,1013,3.5,84.99,6.6,6
2019,7,10,17,30.3,27.8,219,1014,3.3,86.49,6.6,7
2019,7,10,18,29.8,27.6,44,1014,3,88.14,6.6,7
2019,7,10,19,29.5,27.4,0,1015,2.7,88.6,6.5,7
2019,7,10,20,29.3,27.3,0,1016,2.5,88.99,6.5,7
2019,7,10,21,29.1,27.2,0,1016,2.4,89.45,6.4,6
2019,7,10,22,29,27.1,0,1016,2.4,89.4,6.4,7
2019,7,10,23,28.8,26.9,0,1016,2.3,89.42,6.5,7
2019,7,11,0,28.7,26.7,0,1016,2.3,88.77,6.5,7
2019,7,11,1,28.6,26.6,0,1016,2.3,89.06,6.6,7
2019,7,11,2,28.4,26.6,0,1016,2.3,90.09,6.7,7
2019,7,11,3,28.3,26.6,0,1017,2.4,90.78,6.9,7
2019,7,11,4,28.2,26.6,0,1017,2.4,91.24,7,7
2019,7,11,5,28.3,26.7,0,1018,2.3,91.31,7,7
2019,7,11,6,28.9,27.1,69,1019,2.5,89.79,7,7
2019,7,11,7,29.5,27,166,1019,2.7,86.7,7,8
2019,7,11,8,30.3,26.9,497,1019,2.7,82.32,6.9,0
2019,7,11,9,30.8,26.9,639,1019,2.8,79.93,6.9,7
2019,7,11,10,30.9,27.1,147,1019,2.9,80.32,6.9,3
2019,7,11,11,31.1,27.3,368,1019,3.1,80.44,7,8
2019,7,11,12,31,27.4,361,1019,3.1,81.22,7.1,7
2019,7,11,13,30.9,27.5,316,1018,3.2,81.95,7.2,9
2019,7,11,14,30.7,27.4,406,1018,3.3,82.7,7.3,6
2019,7,11,15,30.5,27.4,120,1018,3.3,83.69,7.3,9
2019,7,11,16,30.1,27.3,188,1018,3.1,85.18,7.3,6
2019,7,11,17,29.8,27.2,60,1019,2.7,86.18,7.3,6
2019,7,11,18,29.4,27.4,28,1019,2.3,89.06,7.2,7
2019,7,11,19,29.3,27.1,0,1019,2.1,88.2,7.1,6
2019,7,11,20,29.2,27.3,0,1020,1.9,89.44,7.1,7
2019,7,11,21,29,27.2,0,1020,1.5,90.06,7,7
2019,7,11,22,28.8,27.1,0,1020,1.2,90.37,7,7
2019,7,11,23,28.7,27,0,1020,1.2,90.58,7,7
2019,7,12,0,28.6,26.9,0,1019,1.3,90.6,7,7
2019,7,12,1,28.5,26.8,0,1019,1.4,90.61,6.9,7
2019,7,12,2,28.3,26.7,0,1018,1.5,90.83,6.9,7
2019,7,12,3,28.2,26.5,0,1018,1.7,90.63,6.8,7
2019,7,12,4,28.1,26.4,0,1018,1.9,90.74,6.8,7
2019,7,12,5,28.2,26.6,0,1019,1.9,91.13,6.7,7
2019,7,12,6,28.9,27,97,1019,2.3,89.37,6.7,1
2019,7,12,7,29.6,27,296,1019,2.4,86.05,6.7,0
2019,7,12,8,30.2,27,499,1019,2.6,83.1,6.7,7
2019,7,12,9,30.6,27.2,694,1019,2.8,82,6.6,0
2019,7,12,10,31,27.2,840,1019,3,80.39,6.6,0
2019,7,12,11,31.2,27.3,567,1018,3.1,79.8,6.6,3
2019,7,12,12,31.3,27.4,404,1018,3,79.69,6.7,3
2019,7,12,13,31.3,27.3,601,1017,2.8,79.58,6.8,8
2019,7,12,14,31.1,27.4,94,1017,2.6,80.62,6.9,9
2019,7,12,15,30.8,27.4,108,1017,2.4,82.25,6.9,9
2019,7,12,16,30.4,27.5,29,1017,2.1,84.69,7,9
2019,7,12,17,30.1,27.5,26,1017,1.9,85.9,7,6
2019,7,12,18,29.6,27.6,12,1017,1.8,88.96,6.9,6
2019,7,12,19,29.3,27.5,0,1017,2,90.02,6.7,7
2019,7,12,20,29.2,27.4,0,1018,2.5,89.83,6.5,8
2019,7,12,21,29,27.2,0,1018,2.8,90.26,6.3,0
2019,7,12,22,28.9,27.1,0,1018,2.9,90.19,6.1,0
2019,7,12,23,28.7,27,0,1017,2.9,90.41,5.9,0
2019,7,13,0,28.6,26.8,0,1016,2.8,89.81,5.8,7
2019,7,13,1,28.4,26.5,0,1016,2.7,89.7,5.6,7
2019,7,13,2,28.2,26.3,0,1015,2.6,89.61,5.4,0
2019,7,13,3,28,26.2,0,1015,2.6,90,5.3,7
2019,7,13,4,27.9,26.2,0,1015,2.6,90.3,5.2,7
2019,7,13,5,28,26.3,0,1015,2.6,90.46,5.1,1
2019,7,13,6,28.8,26.7,103,1015,3,88.57,5,0
2019,7,13,7,29.4,26.8,309,1015,3.5,86.17,5,0
2019,7,13,8,30.3,26.8,492,1015,4.1,81.79,5,7
2019,7,13,9,31,26.8,712,1015,4.3,78.2,5.1,0
2019,7,13,10,31.5,26.7,804,1015,4.6,75.74,5.2,7
2019,7,13,11,31.8,26.7,952,1015,4.8,74.28,5.3,0
2019,7,13,12,32.1,26.7,894,1014,4.9,73.06,5.4,7
2019,7,13,13,32.2,26.7,804,1013,4.9,72.69,5.4,7
2019,7,13,14,32.1,26.7,692,1013,4.9,73.36,5.5,7
2019,7,13,15,31.9,26.8,638,1012,4.7,74.71,5.7,7
2019,7,13,16,31.5,27,470,1012,4.4,76.99,5.8,7
2019,7,13,17,31,26.8,256,1013,3.9,78.28,6,7
2019,7,13,18,30.1,26.9,93,1013,3.2,82.88,6.1,7
2019,7,13,19,29.7,26.8,0,1014,2.9,84.43,6.2,7
2019,7,13,20,29.5,26.6,0,1014,2.9,84.69,6.2,7
2019,7,13,21,29.3,26.5,0,1014,2.9,85.06,6.2,7
2019,7,13,22,29.1,26.4,0,1014,2.8,85.3,6.2,7
2019,7,13,23,28.9,26.2,0,1014,2.8,85.43,6.1,7
2019,7,14,0,28.6,26,0,1013,2.8,85.87,6,7
2019,7,14,1,28.4,25.7,0,1013,2.7,85.32,5.9,7
2019,7,14,2,28.1,25.6,0,1013,3.1,86.34,5.9,7
2019,7,14,3,28,25.5,0,1013,3.3,86.5,5.9,7
2019,7,14,4,27.8,25.5,0,1013,3.3,87.14,5.9,7
2019,7,14,5,28,25.6,0,1013,3.3,86.58,5.9,7
2019,7,14,6,28.7,25.8,93,1013,3.4,84.49,5.9,7
2019,7,14,7,29.4,25.9,227,1014,3.6,81.54,5.7,3
2019,7,14,8,30.3,26.2,514,1014,3.7,78.91,5.6,0
2019,7,14,9,31.1,26.7,703,1014,3.5,77.33,5.5,0
2019,7,14,10,31.6,26.9,850,1014,3.3,76.31,5.5,0
2019,7,14,11,31.9,27.2,945,1014,3.2,76.06,5.5,0
2019,7,14,12,31.9,27.4,974,1014,3.2,76.94,5.5,1
2019,7,14,13,31.9,27.5,939,1014,3.1,77.48,5.5,0
2019,7,14,14,31.8,27.5,849,1014,3,78.16,5.6,0
2019,7,14,15,31.4,27.6,472,1013,2.9,80.18,5.7,7
2019,7,14,16,31.1,27.7,309,1014,2.6,82.23,5.8,6
2019,7,14,17,30.7,27.5,36,1014,2.3,82.91,5.9,7
2019,7,14,18,29.9,27.7,5,1015,1.7,88.04,5.9,7
2019,7,14,19,29.3,27.7,0,1015,1.5,90.87,5.9,7
2019,7,14,20,29,27.6,0,1016,1.6,92.1,5.9,7
2019,7,14,21,28.8,27.5,0,1016,1.7,92.68,5.8,7
2019,7,14,22,28.7,27.4,0,1016,1.7,92.66,5.8,7
2019,7,14,23,28.6,27.3,0,1015,1.8,92.53,5.7,7
2019,7,15,0,28.6,27.1,0,1015,1.8,91.36,5.6,7
2019,7,15,1,28.6,26.8,0,1014,1.7,89.83,5.5,7
2019,7,15,2,28.5,26.6,0,1014,1.7,89.31,5.5,0
2019,7,15,3,28.4,26.4,0,1014,1.6,89.05,5.4,7
2019,7,15,4,28.3,26.3,0,1014,1.5,88.69,5.3,0
2019,7,15,5,28.4,26.2,0,1015,1.2,87.89,5.3,0
2019,7,15,6,28.9,26.4,94,1015,0.8,86.65,5.4,0
2019,7,15,7,29.6,26.4,268,1016,1.1,83.02,5.4,7
2019,7,15,8,30.2,25.9,390,1016,1.2,77.87,5.4,7
2019,7,15,9,30.8,25.8,583,1016,1.3,74.74,5.4,7
2019,7,15,10,31.3,25.9,840,1016,1.4,73,5.4,1
2019,7,15,11,31.5,26.3,862,1016,1.5,74.04,5.5,7
2019,7,15,12,31.5,26.6,963,1015,1.6,75.1,5.6,1
2019,7,15,13,31.4,26.7,924,1015,1.5,76.15,5.7,1
2019,7,15,14,31.2,26.7,814,1015,1.6,77.07,5.8,1
2019,7,15,15,30.9,26.7,226,1015,1.9,78.52,5.9,3
2019,7,15,16,30.5,26.8,276,1015,2.2,80.88,6,7
2019,7,15,17,30.1,27.1,118,1015,2.4,84.04,6,7
2019,7,15,18,29.6,27.4,85,1016,2.3,87.88,5.9,7
2019,7,15,19,29.3,27.4,0,1016,2.4,89.71,5.8,1
2019,7,15,20,29.2,27.4,0,1016,2.6,90.31,5.6,0
2019,7,15,21,29.1,27.4,0,1016,2.5,90.83,5.5,0
2019,7,15,22,29,27.4,0,1016,2.4,91.07,5.3,7
2019,7,15,23,28.9,27.2,0,1016,2.3,90.61,5.3,0
2019,7,16,0,28.6,27.1,0,1015,2.2,91.86,5.3,0
2019,7,16,1,28.5,27.1,0,1015,2.4,92.04,5.3,3
2019,7,16,2,28.5,27,0,1015,2.6,91.61,5.4,0
2019,7,16,3,28.6,26.9,0,1015,2.2,90.48,5.5,1
2019,7,16,4,28.6,26.8,0,1016,1.9,90.18,5.6,0
2019,7,16,5,28.6,26.8,0,1016,2.2,90.22,5.4,0
2019,7,16,6,29.1,27,91,1016,2.7,88.67,5.2,0
2019,7,16,7,29.6,27,291,1017,2.7,85.77,5,0
2019,7,16,8,30.2,26.9,505,1017,2.5,82.38,4.8,0
2019,7,16,9,30.6,27,699,1016,2.7,80.95,4.6,0
2019,7,16,10,31,27.1,854,1016,3,79.91,4.4,0
2019,7,16,11,31.2,27.2,958,1015,3.3,79.13,4.2,0
2019,7,16,12,31.3,27,996,1015,3.8,77.81,4,0
2019,7,16,13,31.2,26.6,967,1014,4.4,76.55,3.8,0
2019,7,16,14,30.9,26.3,872,1014,4.7,76.35,3.8,0
2019,7,16,15,30.5,26.2,719,1014,4.9,77.66,3.8,0
2019,7,16,16,30,26.4,473,1015,5,80.95,3.9,2
2019,7,16,17,29.6,26.6,302,1015,5,84.11,4,0
2019,7,16,18,29.1,26.7,96,1015,4.8,87,4.1,0
2019,7,16,19,28.9,26.6,0,1015,5,87.42,4.3,0
2019,7,16,20,28.7,26.3,0,1015,4.9,87.12,4.4,0
2019,7,16,21,28.7,26.1,0,1015,4.7,86.09,4.6,0
2019,7,16,22,28.6,26.1,0,1015,4.5,86.29,4.9,0
2019,7,16,23,28.6,26.2,0,1014,4.2,86.87,5.3,0
2019,7,17,0,28.6,26.4,0,1014,4.1,87.86,5.4,0
2019,7,17,1,28.6,26.5,0,1013,4.3,88.58,5.4,0
2019,7,17,2,28.6,26.6,0,1013,4.6,89.13,5.3,0
2019,7,17,3,28.6,26.7,0,1013,4.8,89.6,5.2,0
2019,7,17,4,28.7,26.8,0,1013,4.8,89.42,5.3,0
2019,7,17,5,28.8,26.9,0,1013,4.5,89.45,5.4,1
2019,7,17,6,29.3,27.2,91,1014,4.5,88.57,5.5,1
2019,7,17,7,29.7,27.4,291,1014,4.9,87.56,5.7,0
2019,7,17,8,30.1,27.5,503,1014,5.4,85.94,5.8,1
2019,7,17,9,30.5,27.6,563,1013,5.8,84.49,5.9,7
2019,7,17,10,30.7,27.7,688,1013,6.1,84.26,6,7
2019,7,17,11,30.8,27.8,940,1012,6.4,84.03,6.1,0
2019,7,17,12,30.8,27.9,971,1012,6.6,84.38,6.1,0
2019,7,17,13,30.8,27.9,694,1011,6.7,84.59,6.1,2
2019,7,17,14,30.7,28,690,1011,6.6,85.36,6.2,7
2019,7,17,15,30.6,28,260,1010,6.5,86.15,6.3,3
2019,7,17,16,30.4,28.1,204,1010,6.4,87.51,6.3,3
2019,7,17,17,30,28.2,289,1010,5.9,90.06,6.3,1
2019,7,17,18,29.6,28.2,90,1010,5.4,92,6.2,0
2019,7,17,19,29.3,28.1,0,1011,5.1,93.06,6.1,0
2019,7,17,20,29.2,28,0,1011,4.9,93.02,6.1,0
2019,7,17,21,29.1,27.9,0,1011,4.9,93.11,6.1,0
2019,7,17,22,29.1,27.8,0,1010,5.1,92.68,6.1,7
2019,7,17,23,29,27.7,0,1009,5.5,92.85,6.4,3
2019,7,18,0,29,27.8,0,1008,6.1,93.11,6.8,1
2019,7,18,1,29.2,27.9,0,1007,6.6,92.78,6.9,3
2019,7,18,2,29.3,27.9,0,1006,6.7,92.25,6.7,0
2019,7,18,3,29.2,27.7,0,1006,6.1,91.67,6.3,0
2019,7,18,4,29.1,27.5,0,1007,5.5,90.85,6,1
2019,7,18,5,29,27.3,0,1007,5.2,90.66,5.9,0
2019,7,18,6,29.2,27.4,82,1007,5.2,90.02,6,0
2019,7,18,7,29.5,27.3,275,1007,5.3,88.21,6,0
2019,7,18,8,29.9,27.4,483,1008,5.3,86.24,6.1,0
2019,7,18,9,30.2,27.4,673,1008,5.2,84.84,6.2,1
2019,7,18,10,30.4,27.4,823,1007,5.2,83.89,6.4,1
2019,7,18,11,30.4,27.4,358,1007,5.2,83.97,6.5,3
2019,7,18,12,30.4,27.3,515,1006,5.4,83.7,6.6,8
2019,7,18,13,30.2,27.2,614,1006,5.4,84.21,6.7,6
2019,7,18,14,30,27.1,392,1006,5.2,84.66,6.7,6
2019,7,18,15,29.8,27,442,1005,4.8,84.96,6.7,7
2019,7,18,16,29.4,26.9,291,1005,4.1,86.61,6.7,6
2019,7,18,17,29,26.9,141,1005,3.3,88.68,6.8,6
2019,7,18,18,28.7,27,45,1006,2.3,90.74,6.8,7
2019,7,18,19,28.6,27.1,0,1007,1.8,91.48,7,7
2019,7,18,20,28.6,27,0,1007,1.6,91.2,7.1,7
2019,7,18,21,28.6,27,0,1008,1.7,90.99,7.3,7
2019,7,18,22,28.6,27,0,1008,1.7,90.95,7.4,7
2019,7,18,23,28.4,27,0,1007,1.8,91.94,7.4,6
2019,7,19,0,28.3,26.9,0,1007,2,92.07,7.4,7
2019,7,19,1,28.2,26.7,0,1006,2.6,91.66,7.3,7
2019,7,19,2,28.1,26.5,0,1006,3.3,91.29,7.2,3
2019,7,19,3,28.1,26.4,0,1006,3.5,90.53,7.1,7
2019,7,19,4,28.1,26.3,0,1007,3.4,90.07,7,7
2019,7,19,5,28.3,26.3,0,1008,3.2,89.13,7,1
2019,7,19,6,28.9,26.6,92,1009,3.2,87.2,7,7
2019,7,19,7,29.6,26.6,294,1009,3.4,83.9,7,1
2019,7,19,8,30.3,26.4,304,1009,3.4,79.92,6.9,3
2019,7,19,9,30.9,26.5,698,1009,3.5,77.42,6.9,0
2019,7,19,10,31.2,26.7,640,1009,3.4,77.26,6.9,3
2019,7,19,11,31.4,27,697,1009,3.2,77.43,6.9,3
2019,7,19,12,31.4,27.1,293,1009,3.3,77.89,6.9,8
2019,7,19,13,31.3,27.1,580,1009,3.4,78.49,7,7
2019,7,19,14,31.2,27.2,386,1009,3.5,79.13,7.1,6
2019,7,19,15,31,27.3,286,1010,3.4,80.78,7.2,6
2019,7,19,16,30.7,27.5,260,1010,3.2,82.98,7.3,6
2019,7,19,17,30.3,27.5,133,1010,2.7,85.13,7.2,6
2019,7,19,18,29.8,27.6,41,1011,2.7,88.05,7.2,6
2019,7,19,19,29.5,27.6,0,1012,3,89.38,7.1,6
2019,7,19,20,29.4,27.5,0,1012,3.3,89.79,6.9,7
2019,7,19,21,29.3,27.6,0,1013,3.6,90.4,6.8,7
2019,7,19,22,29.2,27.6,0,1013,3.3,90.93,6.8,7
2019,7,19,23,29.1,27.6,0,1013,3,91.39,6.8,7
2019,7,20,0,29,27.5,0,1012,2.9,91.84,6.9,7
2019,7,20,1,29,27.5,0,1012,2.9,91.79,6.9,7
2019,7,20,2,29,27.5,0,1012,3,91.71,7,7
2019,7,20,3,29,27.5,0,1013,2.9,91.67,7,7
2019,7,20,4,28.9,27.4,0,1013,2.8,91.88,6.9,8
2019,7,20,5,29,27.5,0,1014,2.7,91.73,6.8,4
2019,7,20,6,29.6,27.9,28,1014,2.9,90.5,6.7,4
2019,7,20,7,30.3,28,190,1015,3.2,87.51,6.7,3
2019,7,20,8,30.9,27.9,406,1015,3.4,84.2,6.6,8
2019,7,20,9,31.2,27.7,591,1016,3.5,81.9,6.6,3
2019,7,20,10,31.2,27.5,833,1016,3.4,80.84,6.5,0
2019,7,20,11,31.3,27.3,938,1016,3.2,79.19,6.5,0
2019,7,20,12,31.4,26.9,887,1015,3.1,77.29,6.5,7
2019,7,20,13,31.6,26.8,258,1015,3.2,75.7,6.5,3
2019,7,20,14,31.6,26.8,101,1015,3.1,75.99,6.6,7
2019,7,20,15,31.3,27.1,226,1015,2.9,78.29,6.6,9
2019,7,20,16,31.1,27.3,150,1015,2.6,80.42,6.7,6
2019,7,20,17,30.7,27.2,18,1015,2.4,81.86,6.8,7
2019,7,20,18,30.1,27.3,6,1015,2.1,85.13,6.9,7
2019,7,20,19,29.8,27.3,0,1016,1.9,86.27,6.9,1
2019,7,20,20,29.6,27.2,0,1016,1.8,86.88,6.9,3
2019,7,20,21,29.4,27.2,0,1016,1.8,88.05,6.9,1
2019,7,20,22,29.1,27.1,0,1016,2,89.12,6.7,3
2019,7,20,23,29,26.9,0,1015,1.8,88.65,6.6,3
2019,7,21,0,29.1,26.8,0,1016,0.7,87.29,6.8,0
2019,7,21,1,28.9,26.8,0,1016,0.9,88.23,6.8,7
2019,7,21,2,28.9,26.5,0,1015,1.4,86.97,6.6,7
2019,7,21,3,28.7,26.4,0,1015,1.9,87.52,6.6,7
2019,7,21,4,28.7,26.5,0,1016,2.2,87.74,6.7,7
2019,7,21,5,28.9,26.6,0,1017,2.4,87.55,6.8,7
2019,7,21,6,29.3,26.9,55,1018,2.6,86.92,6.8,7
2019,7,21,7,29.6,26.7,68,1018,3,84.51,6.8,3
2019,7,21,8,30.1,26.5,351,1018,3.3,80.88,6.7,7
2019,7,21,9,30.4,26,321,1017,3.8,77.25,6.6,7
2019,7,21,10,30.7,25.6,818,1017,3.9,74.2,6.5,1
2019,7,21,11,30.9,25.4,912,1017,3.8,72.55,6.5,0
2019,7,21,12,31,25.5,665,1017,3.5,72.77,6.5,7
2019,7,21,13,31.1,25.5,711,1017,3.3,72.13,6.6,7
2019,7,21,14,31,25.9,548,1016,3.1,74.22,6.7,7
2019,7,21,15,31,26,362,1016,3,74.88,6.8,7
2019,7,21,16,30.9,26.1,257,1016,2.8,75.74,6.9,6
2019,7,21,17,30.4,26.3,205,1016,2.7,78.83,7,8
2019,7,21,18,29.8,26.8,56,1017,2.6,83.99,7,4
2019,7,21,19,29.4,26.8,0,1017,2.5,86.11,6.9,7
2019,7,21,20,29.3,26.8,0,1016,2.6,86.27,6.8,4
2019,7,21,21,29.1,26.7,0,1016,2.7,87.13,6.8,4
2019,7,21,22,28.9,26.8,0,1017,2.6,88.47,6.9,4
2019,7,21,23,28.7,26.8,0,1017,2.1,89.25,6.9,4
2019,7,22,0,28.6,26.6,0,1017,1.8,88.8,6.8,4
2019,7,22,1,28.6,26.4,0,1016,1.8,87.95,6.6,4
2019,7,22,2,28.5,26.3,0,1016,1.8,87.98,6.6,7
2019,7,22,3,28.4,26.3,0,1016,1.8,88.21,6.5,8
2019,7,22,4,28.4,26.2,0,1016,1.9,87.99,6.4,8
2019,7,22,5,28.5,26.4,0,1017,1.9,88.2,6.5,3
2019,7,22,6,29.2,26.7,50,1017,2,86.4,6.6,8
2019,7,22,7,29.7,26.6,14,1017,1.8,83.4,6.6,8
2019,7,22,8,30,26.3,106,1017,1.7,80.51,6.7,8
2019,7,22,9,30.3,26,421,1017,1.6,78.05,6.8,4
2019,7,22,10,30.6,26.2,781,1017,1.7,77.36,6.8,7
2019,7,22,11,30.8,26.4,814,1016,1.7,77.44,6.8,3
2019,7,22,12,31,26.5,958,1016,1.5,77.24,6.8,0
2019,7,22,13,31,26.6,277,1016,1.8,77.33,6.8,3
2019,7,22,14,30.8,26.5,817,1016,2.1,78.11,6.8,0
2019,7,22,15,30.6,26.5,663,1015,2,78.62,6.8,1
2019,7,22,16,30.3,26.6,236,1016,1.8,80.51,6.8,6
2019,7,22,17,29.9,26.6,220,1016,1.6,82.7,6.7,8
2019,7,22,18,29.4,26.6,57,1017,1.6,84.94,6.7,3
2019,7,22,19,29,26.6,0,1017,1.7,86.92,6.7,3
2019,7,22,20,28.8,26.6,0,1018,1.7,87.88,6.7,3
2019,7,22,21,28.7,26.5,0,1018,1.8,88.07,6.7,1
2019,7,22,22,28.6,26.4,0,1018,1.9,88.14,6.6,0
2019,7,22,23,28.5,26.3,0,1018,2,88.13,6.6,1
2019,7,23,0,28.4,26.2,0,1018,2,88.15,6.6,1
2019,7,23,1,28.3,26.2,0,1017,2.1,88.2,6.6,7
2019,7,23,2,28.2,26.1,0,1017,2.1,88.34,6.6,1
2019,7,23,3,28.1,26,0,1017,2,88.52,6.5,0
2019,7,23,4,28.1,26,0,1017,1.9,88.27,6.4,1
2019,7,23,5,28.2,26.1,0,1017,1.7,88.55,6.4,0
2019,7,23,6,28.9,26.5,88,1018,1.7,87.05,6.4,7
2019,7,23,7,29.5,26.4,288,1018,1.5,83.32,6.4,0
2019,7,23,8,29.9,26.2,499,1018,1.3,80.81,6.4,0
2019,7,23,9,30.2,26.2,628,1018,1.3,79.39,6.4,7
2019,7,23,10,30.6,26.3,756,1017,1.5,77.71,6.5,3
2019,7,23,11,30.8,26.3,727,1017,1.6,77.12,6.5,7
2019,7,23,12,31,26.5,342,1017,1.6,76.94,6.6,3
2019,7,23,13,31.1,26.6,503,1016,1.7,77,6.6,3
2019,7,23,14,30.8,26.5,349,1016,1.9,78.03,6.7,3
2019,7,23,15,30.4,26.4,257,1016,2,79.15,6.8,3
2019,7,23,16,30,26.3,185,1016,2.1,80.82,6.9,4
2019,7,23,17,29.6,26.5,141,1016,2,83.27,7,7
2019,7,23,18,29.2,26.6,10,1016,1.8,85.83,7.1,6
2019,7,23,19,29,26.7,0,1017,1.7,87.33,7.1,6
2019,7,23,20,28.9,26.7,0,1017,1.7,87.97,7.2,4
2019,7,23,21,28.9,26.7,0,1017,1.8,87.96,7.2,3
2019,7,23,22,28.9,26.7,0,1017,2,87.78,7.2,4
2019,7,23,23,28.8,26.7,0,1017,2.2,88.37,7.1,4
2019,7,24,0,28.7,26.7,0,1016,2.4,88.86,7,4
2019,7,24,1,28.6,26.7,0,1016,2.5,89.35,6.8,7
2019,7,24,2,28.5,26.6,0,1016,2.5,89.71,6.6,4
2019,7,24,3,28.4,26.6,0,1016,2.4,89.78,6.5,7
2019,7,24,4,28.4,26.5,0,1016,2.1,89.34,6.3,3
2019,7,24,5,28.4,26.6,0,1017,1.8,89.91,6.2,4
2019,7,24,6,29.1,27,83,1017,1.8,88.24,6.1,1
2019,7,24,7,29.6,26.9,262,1018,1.8,85.57,6.1,7
2019,7,24,8,30.1,26.8,485,1018,1.9,82.35,6.1,7
2019,7,24,9,30.6,26.8,608,1018,2,80.09,6.1,7
2019,7,24,10,31.1,26.9,737,1018,2.1,78.53,6.1,7
2019,7,24,11,31.3,27.1,936,1017,2,78.33,6.2,0
2019,7,24,12,31.5,27.2,964,1017,2.1,77.81,6.3,0
2019,7,24,13,31.5,27.1,640,1017,2.3,77.66,6.4,3
2019,7,24,14,31.4,27.1,452,1016,2.3,77.87,6.5,3
2019,7,24,15,31,27.1,302,1016,2.3,79.83,6.6,3
2019,7,24,16,30.5,27.3,135,1016,2.1,82.94,6.6,7
2019,7,24,17,30.1,27.3,12,1017,1.9,85.01,6.7,8
2019,7,24,18,29.7,27.3,79,1017,1.7,87.16,6.7,1
2019,7,24,19,29.6,27.2,0,1018,1.7,87.21,6.7,0
2019,7,24,20,29.6,27.2,0,1018,1.8,87,6.6,8
2019,7,24,21,29.5,27.2,0,1018,2,87.52,6.5,7
2019,7,24,22,29.4,27.2,0,1018,2.1,87.88,6.4,7
2019,7,24,23,29.2,27.1,0,1017,2.3,88.62,6.3,7
2019,7,25,0,29,27.1,0,1017,2.1,89.28,6.2,7
2019,7,25,1,28.8,27,0,1017,1.9,90.01,6.2,7
2019,7,25,2,28.5,26.9,0,1017,2.1,91.31,6.1,3
2019,7,25,3,28.3,26.9,0,1017,2.4,91.96,6,7
2019,7,25,4,28.3,26.7,0,1017,2.3,91.17,5.9,7
2019,7,25,5,28.4,26.7,0,1018,2,90.58,5.9,7
2019,7,25,6,29,27.2,81,1018,2.1,89.88,5.9,7
2019,7,25,7,29.7,27,261,1019,2.6,85.7,5.8,7
2019,7,25,8,30.5,26.4,412,1019,2.8,78.92,5.7,7
2019,7,25,9,31.2,26.1,638,1019,2.7,74.22,5.6,7
2019,7,25,10,31.6,26.2,777,1018,2.6,73.02,5.6,7
2019,7,25,11,31.6,26.4,843,1018,2.6,74.2,5.6,7
2019,7,25,12,31.6,26.6,799,1018,2.6,74.76,5.7,7
2019,7,25,13,31.6,26.6,773,1017,2.6,75.08,5.7,7
2019,7,25,14,31.5,26.7,629,1017,2.5,75.71,5.8,7
2019,7,25,15,31.2,26.8,444,1017,2.4,77.4,5.9,7
2019,7,25,16,30.9,26.9,313,1017,2.3,79.3,6,3
2019,7,25,17,30.5,26.8,244,1017,2.2,80.63,6,7
2019,7,25,18,29.9,27,61,1017,2.1,84.24,6,7
2019,7,25,19,29.7,26.8,0,1017,2,84.25,6.1,3
2019,7,25,20,29.6,26.8,0,1018,1.8,84.93,6.2,0
2019,7,25,21,29.4,26.9,0,1018,1.5,86.61,6.3,0
2019,7,25,22,29.3,27,0,1018,1.6,87.35,6.3,1
2019,7,25,23,29.1,27,0,1017,1.7,88.42,6.4,0
2019,7,26,0,29.1,27.1,0,1017,1.7,88.74,6.4,7
2019,7,26,1,29,27.1,0,1016,1.6,89.3,6.4,1
2019,7,26,2,28.9,27.1,0,1016,1.6,89.85,6.4,7
2019,7,26,3,28.9,27.1,0,1016,1.7,89.83,6.4,7
2019,7,26,4,28.8,27,0,1016,1.7,90.1,6.4,1
2019,7,26,5,28.8,27,0,1017,1.7,90,6.4,0
2019,7,26,6,29.1,27.3,76,1017,1.6,90.29,6.4,1
2019,7,26,7,29.6,27.3,270,1017,2,87.71,6.4,0
2019,7,26,8,30.3,27.2,480,1017,2.3,83.37,6.3,0
2019,7,26,9,31,26.9,669,1017,2.3,79.02,6.3,0
2019,7,26,10,31.3,26.9,817,1017,2.3,77.47,6.3,0
2019,7,26,11,31.5,26.9,927,1016,2.2,76.47,6.4,1
2019,7,26,12,31.5,26.9,956,1016,2.2,76.73,6.4,1
2019,7,26,13,31.5,27,709,1015,2,77.28,6.5,3
2019,7,26,14,31.4,27.2,513,1015,1.8,78.32,6.5,3
2019,7,26,15,31.2,27.3,453,1015,1.5,79.69,6.6,7
2019,7,26,16,31,27.5,92,1015,1.3,81.49,6.6,8
2019,7,26,17,30.7,27.3,272,1015,1.3,82.17,6.6,1
2019,7,26,18,30,27.7,68,1015,1.3,87.41,6.8,8
2019,7,26,19,29.7,27.8,0,1016,1.5,89.62,6.9,7
2019,7,26,20,29.5,27.9,0,1016,1.8,90.92,7,0
2019,7,26,21,29.4,27.8,0,1016,2,91.35,7.1,0
2019,7,26,22,29.3,27.7,0,1016,2.3,91.32,7.1,0
2019,7,26,23,29.3,27.7,0,1016,2.3,90.96,7.1,7
2019,7,27,0,29.2,27.6,0,1015,2.3,90.95,7,0
2019,7,27,1,29.1,27.5,0,1015,2.2,91.12,7,0
2019,7,27,2,29.1,27.5,0,1015,2.2,90.86,6.9,0
2019,7,27,3,29.1,27.4,0,1015,2.2,90.78,6.9,0
2019,7,27,4,29.1,27.4,0,1015,2.3,90.71,6.9,0
2019,7,27,5,29.1,27.4,0,1016,2.3,90.69,6.9,0
2019,7,27,6,29.5,27.6,72,1016,2.1,89.62,6.8,0
2019,7,27,7,29.9,27.5,263,1017,2,87.17,6.8,0
2019,7,27,8,30.4,27.4,469,1017,1.9,83.85,6.7,0
2019,7,27,9,31,27.2,660,1017,1.9,80.31,6.6,0
2019,7,27,10,31.3,27.3,813,1016,2.2,79.22,6.5,0
2019,7,27,11,31.4,27.4,935,1016,2.5,79.36,6.4,0
2019,7,27,12,31.5,27.4,550,1015,2.8,78.86,6.4,3
2019,7,27,13,31.3,27.3,724,1015,3,79.43,6.4,8
2019,7,27,14,31.1,27.3,742,1015,3.1,80.06,6.4,3
2019,7,27,15,30.8,27.2,672,1015,3,81.15,6.4,0
2019,7,27,16,30.5,27.2,482,1016,2.8,82.79,6.4,0
2019,7,27,17,30.1,27.2,270,1016,2.9,84.54,6.5,0
2019,7,27,18,29.6,27.2,75,1017,2.9,87.07,6.6,1
2019,7,27,19,29.3,27.1,0,1017,2.6,87.86,6.6,0
2019,7,27,20,29.2,26.9,0,1017,2.4,87.54,6.6,7
2019,7,27,21,29,26.7,0,1017,2.2,87.67,6.5,1
2019,7,27,22,28.8,26.6,0,1017,2.2,87.94,6.4,0
2019,7,27,23,28.7,26.4,0,1017,2.3,87.65,6.3,0
2019,7,28,0,28.6,26.3,0,1017,2.4,87.64,6.3,0
2019,7,28,1,28.5,26.2,0,1016,2.5,87.55,6.3,0
2019,7,28,2,28.4,26.2,0,1017,2.5,87.7,6.3,0
2019,7,28,3,28.4,26,0,1017,2.5,87.11,6.4,0
2019,7,28,4,28.3,26,0,1017,2.5,87.18,6.5,0
2019,7,28,5,28.5,26,0,1017,2.5,86.54,6.5,0
2019,7,28,6,29.1,26.4,78,1018,2.9,85.28,6.5,0
2019,7,28,7,29.6,26.4,186,1018,3,82.86,6.5,7
2019,7,28,8,30,26.3,358,1018,2.9,80.8,6.5,7
2019,7,28,9,30.3,26.4,494,1019,2.6,79.66,6.6,7
2019,7,28,10,30.6,26.4,543,1019,2.5,78.23,6.7,4
2019,7,28,11,30.7,26.2,312,1019,2.6,77.14,6.8,3
2019,7,28,12,30.7,26.2,543,1019,2.3,76.92,6.7,4
2019,7,28,13,30.6,26,417,1018,1.8,76.74,6.7,4
2019,7,28,14,30.6,25.9,374,1018,1.2,76.22,6.7,3
2019,7,28,15,30.6,26,676,1018,1.5,76.3,6.6,0
2019,7,28,16,30.6,26.1,485,1018,1.8,76.89,6.6,1
2019,7,28,17,30.3,26.1,273,1018,2.2,78.13,6.5,1
2019,7,28,18,29.7,26.4,72,1018,2.4,82.46,6.4,7
2019,7,28,19,29.4,26.5,0,1019,2.8,84.59,6.3,7
2019,7,28,20,29.2,26.6,0,1019,3,86.13,6.1,7
2019,7,28,21,29.1,26.7,0,1020,3.3,86.76,6,7
2019,7,28,22,29,26.6,0,1019,3.6,87.1,5.8,7
2019,7,28,23,28.8,26.6,0,1019,3.6,87.89,5.7,7
2019,7,29,0,28.7,26.5,0,1018,3.4,88.08,5.7,7
2019,7,29,1,28.6,26.5,0,1018,3.3,88.22,5.7,7
2019,7,29,2,28.4,26.4,0,1017,3.2,88.74,5.8,7
2019,7,29,3,28.3,26.3,0,1017,3.2,88.72,5.9,0
2019,7,29,4,28.3,26.2,0,1018,3.1,88.19,6.1,0
2019,7,29,5,28.4,26.2,0,1018,3,87.98,6.1,0
2019,7,29,6,29.3,26.6,81,1019,3.1,85.4,6.1,0
2019,7,29,7,30,26.4,283,1019,3,81.32,6.1,0
2019,7,29,8,30.5,26.3,499,1019,2.7,78.15,6,0
2019,7,29,9,30.9,26.3,693,1019,2.4,76.47,5.9,0
2019,7,29,10,31.3,26.4,847,1019,2.5,75.15,5.8,0
2019,7,29,11,31.5,26.5,955,1019,2.6,75.02,5.7,0
2019,7,29,12,31.5,26.7,626,1018,2.8,75.74,5.6,3
2019,7,29,13,31.5,26.8,295,1018,3.1,76.37,5.6,3
2019,7,29,14,31.2,26.9,855,1018,3.4,77.99,5.6,1
2019,7,29,15,30.7,27,368,1017,3.6,80.72,5.6,3
2019,7,29,16,30.2,27.1,503,1017,3.8,83.4,5.6,1
2019,7,29,17,29.8,27.1,286,1017,3.8,85.59,5.6,0
2019,7,29,18,29.5,27.1,83,1017,3.6,87.03,5.6,0
2019,7,29,19,29.3,27.1,0,1018,3.6,87.86,5.6,0
2019,7,29,20,29.3,27,0,1018,3.5,87.59,5.5,0
2019,7,29,21,29.2,27,0,1019,3.3,88.02,5.5,0
2019,7,29,22,29.1,27,0,1019,3.3,88.65,5.4,0
2019,7,29,23,29,27.1,0,1019,3.4,89.3,5.4,0
2019,7,30,0,28.9,27,0,1018,3.5,89.51,5.4,0
2019,7,30,1,28.8,26.9,0,1018,3.5,89.52,5.4,0
2019,7,30,2,28.7,26.8,0,1018,3.3,89.42,5.4,0
2019,7,30,3,28.7,26.6,0,1017,3.1,88.51,5.4,0
2019,7,30,4,28.6,26.4,0,1017,2.8,87.9,5.3,0
2019,7,30,5,28.7,26.4,0,1018,2.6,87.32,5.2,0
2019,7,30,6,29.6,26.7,81,1018,2.5,84.24,5.2,0
2019,7,30,7,30.5,26.3,284,1018,2.2,78.18,5.1,0
2019,7,30,8,30.9,26.1,500,1018,1.9,75.48,5.1,0
2019,7,30,9,31.2,26.2,694,1018,2.4,74.61,5.1,0
2019,7,30,10,31.4,26.3,847,1018,2.8,74.27,5.2,0
2019,7,30,11,31.6,26.4,952,1018,3,73.93,5.2,0
2019,7,30,12,31.6,26.5,982,1017,3.2,74.48,5.3,0
2019,7,30,13,31.5,26.6,948,1017,3.4,75.39,5.3,0
2019,7,30,14,31.2,26.7,853,1017,3.7,77.1,5.4,0
2019,7,30,15,30.8,26.8,698,1016,3.9,79.09,5.4,0
2019,7,30,16,30.4,26.8,504,1016,4.1,81.16,5.3,0
2019,7,30,17,29.9,26.9,288,1016,4.2,83.81,5.2,0
2019,7,30,18,29.3,26.8,84,1017,4.1,86.65,5.1,0
2019,7,30,19,29.1,26.8,0,1017,4.3,87.44,5,0
2019,7,30,20,29,26.8,0,1017,4.4,87.92,4.9,0
2019,7,30,21,28.9,26.8,0,1017,4.4,88.36,4.9,0
2019,7,30,22,28.9,26.8,0,1017,4.4,88.24,4.9,0
2019,7,30,23,28.8,26.7,0,1017,4.2,88.61,4.9,0
2019,7,31,0,28.6,26.7,0,1016,4,89.28,4.9,0
2019,7,31,1,28.5,26.6,0,1016,3.7,89.33,5,0
2019,7,31,2,28.4,26.5,0,1016,3.4,89.34,5.1,0
2019,7,31,3,28.4,26.4,0,1016,3.3,88.96,5.1,0
2019,7,31,4,28.4,26.3,0,1016,3.1,88.61,5.2,0
2019,7,31,5,28.4,26.4,0,1017,3,88.81,5.2,0
2019,7,31,6,29.1,26.7,79,1017,3.3,86.81,5.2,0
2019,7,31,7,29.7,26.7,282,1017,3.7,83.73,5.1,0
2019,7,31,8,30.3,26.6,499,1018,3.8,80.51,5.2,0
2019,7,31,9,30.8,26.6,695,1018,3.8,78.15,5.2,0
2019,7,31,10,31.2,26.7,849,1018,3.9,76.93,5.2,0
2019,7,31,11,31.4,26.7,954,1017,4.1,76.3,5.3,0
2019,7,31,12,31.4,26.7,986,1017,4.4,76.31,5.4,0
2019,7,31,13,31.3,26.7,951,1016,4.6,76.63,5.5,0
2019,7,31,14,31.2,26.7,853,1016,4.7,77,5.5,0
2019,7,31,15,31,26.7,698,1016,4.6,77.83,5.5,0
2019,7,31,16,30.7,26.7,501,1016,4.4,79.52,5.6,0
2019,7,31,17,30.3,26.8,283,1016,4.1,81.58,5.6,0
2019,7,31,18,29.7,26.7,79,1016,3.9,83.98,5.6,0
2019,7,31,19,29.5,26.6,0,1017,3.9,84.31,5.6,0
2019,7,31,20,29.5,26.5,0,1017,3.8,83.76,5.6,0
2019,7,31,21,29.4,26.5,0,1018,3.6,84.24,5.6,0
2019,7,31,22,29.3,26.5,0,1018,3.5,84.81,5.6,0
2019,7,31,23,29.2,26.5,0,1017,3.4,85.44,5.6,0
2019,8,1,0,29,26.5,0,1017,3.2,86.63,5.6,0
2019,8,1,1,28.9,26.6,0,1017,3,87.23,5.6,0
2019,8,1,2,28.8,26.5,0,1017,2.8,87.62,5.6,0
2019,8,1,3,28.7,26.5,0,1017,2.5,87.78,5.6,0
2019,8,1,4,28.7,26.4,0,1017,2.2,87.2,5.6,0
2019,8,1,5,28.7,26.2,0,1017,2,86.63,5.6,0
2019,8,1,6,29.2,26.6,74,1018,2,85.98,5.6,0
2019,8,1,7,29.8,26.4,273,1018,2.2,82.05,5.6,0
2019,8,1,8,30.6,26,487,1018,2.1,76.32,5.7,0
2019,8,1,9,30.9,25.8,680,1019,2.2,74.24,5.7,0
2019,8,1,10,30.9,25.9,832,1018,2.4,74.83,5.7,0
2019,8,1,11,31,26.1,940,1018,2.5,75.33,5.7,0
2019,8,1,12,31.1,26.3,970,1018,2.6,75.73,5.8,0
2019,8,1,13,31.1,26.4,935,1017,2.5,76.29,5.8,0
2019,8,1,14,31,26.6,838,1017,2.5,77.29,5.8,0
2019,8,1,15,30.8,26.8,681,1017,2.4,79.23,5.9,0
2019,8,1,16,30.6,26.9,484,1017,2.2,80.49,5.9,0
2019,8,1,17,30.2,26.8,268,1017,2.2,82.31,5.9,0
2019,8,1,18,29.8,27,71,1017,2.2,85.15,5.9,0
2019,8,1,19,29.6,27,0,1018,2.4,85.76,5.8,0
2019,8,1,20,29.5,26.9,0,1018,2.6,85.89,5.8,0
2019,8,1,21,29.5,26.8,0,1018,2.7,85.51,5.7,0
2019,8,1,22,29.3,26.7,0,1018,2.7,86.11,5.7,0
2019,8,1,23,29.2,26.6,0,1017,2.5,86.16,5.6,0
2019,8,2,0,29,26.6,0,1017,2.4,86.68,5.6,0
2019,8,2,1,28.8,26.4,0,1016,2.2,87.01,5.6,0
2019,8,2,2,28.7,26.3,0,1016,2,86.79,5.6,0
2019,8,2,3,28.7,26.1,0,1016,1.9,85.93,5.6,0
2019,8,2,4,28.6,25.9,0,1017,1.8,85.6,5.5,0
2019,8,2,5,28.6,25.9,0,1017,1.7,85.12,5.4,0
2019,8,2,6,29.1,26.2,72,1017,1.9,84.38,5.3,0
2019,8,2,7,29.5,26.2,269,1017,2.3,82.3,5.2,0
2019,8,2,8,29.8,26,484,1017,2.6,80.22,5.2,0
2019,8,2,9,29.9,26,680,1017,3,79.77,5.1,0
2019,8,2,10,30,26.1,623,1017,3.3,79.69,5,2
2019,8,2,11,30.2,26.1,943,1016,3.7,78.59,4.9,1
2019,8,2,12,30.4,25.9,780,1016,3.9,77.09,4.7,2
2019,8,2,13,30.5,25.8,939,1015,4.2,75.99,4.7,0
2019,8,2,14,30.6,25.8,854,1015,4.3,75.51,4.7,0
2019,8,2,15,30.5,25.9,696,1015,4.4,76.54,4.8,0
2019,8,2,16,30.3,26.2,496,1015,4.3,78.69,4.9,0
2019,8,2,17,29.8,26.6,276,1015,4,82.78,5.1,0
2019,8,2,18,29.1,26.7,74,1015,3.5,86.72,5.2,1
2019,8,2,19,28.9,26.6,0,1015,3.5,87.53,5.3,0
2019,8,2,20,28.7,26.6,0,1016,3.5,88.48,5.4,0
2019,8,2,21,28.6,26.5,0,1016,3.4,88.57,5.5,0
2019,8,2,22,28.6,26.4,0,1015,3.4,87.92,5.6,0
2019,8,2,23,28.5,26.3,0,1015,3.5,87.87,5.7,0
2019,8,3,0,28.4,26.1,0,1015,3.4,87.62,5.8,0
2019,8,3,1,28.3,25.9,0,1014,3.3,87.06,5.9,0
2019,8,3,2,28.2,25.8,0,1014,3.2,86.91,6,0
2019,8,3,3,28.1,25.8,0,1014,3.1,87.18,6.1,0
2019,8,3,4,28.1,25.8,0,1014,3.1,87.3,6.1,3
2019,8,3,5,28.2,25.9,0,1014,3,87.41,6.1,0
2019,8,3,6,28.8,26.2,68,1014,3.4,86.07,6.1,0
2019,8,3,7,29.2,26.2,263,1014,3.6,84.11,6.2,0
2019,8,3,8,29.6,26.3,476,1014,3.6,82.6,6.2,1
2019,8,3,9,30,26.5,670,1014,3.7,81.34,6.3,0
2019,8,3,10,30.3,26.6,823,1014,3.8,80.55,6.4,0
2019,8,3,11,30.5,26.7,941,1014,4,80.15,6.5,0
2019,8,3,12,30.5,26.8,971,1013,4.1,80.9,6.5,0
2019,8,3,13,30.6,27,935,1013,4.2,81.34,6.5,0
2019,8,3,14,30.6,27.2,840,1012,4.1,81.96,6.5,0
2019,8,3,15,30.4,27.3,685,1012,4,83.58,6.5,0
2019,8,3,16,30.2,27.6,490,1012,3.9,85.85,6.4,0
2019,8,3,17,29.8,27.8,271,1012,3.5,89.24,6.4,0
2019,8,3,18,29.4,27.9,71,1012,3.1,91.63,6.4,0
2019,8,3,19,29.3,27.9,0,1013,3.2,92.19,6.3,0
2019,8,3,20,29.2,27.9,0,1013,3.1,92.76,6.4,0
2019,8,3,21,29.1,27.9,0,1013,3,93.13,6.5,0
2019,8,3,22,29.1,27.8,0,1013,2.8,92.83,6.5,0
2019,8,3,23,29.1,27.8,0,1013,3.1,92.86,6.4,0
2019,8,4,0,29.1,27.8,0,1012,3.6,92.96,6.3,0
2019,8,4,1,29.1,27.9,0,1012,3.9,93,6.2,1
2019,8,4,2,29.1,27.8,0,1012,4.1,92.86,6.2,0
2019,8,4,3,29.1,27.7,0,1012,4.4,92.42,6.1,0
2019,8,4,4,29.1,27.6,0,1012,4.4,91.82,6.1,0
2019,8,4,5,29.1,27.6,0,1012,4.3,91.48,6,0
2019,8,4,6,29.5,27.7,72,1012,4.4,90.31,6.1,0
2019,8,4,7,29.9,27.9,272,1012,4.4,88.87,6.1,0
2019,8,4,8,30.5,27.8,487,1013,4.4,85.6,6.2,0
2019,8,4,9,30.9,27.7,681,1013,4.3,83.35,6.3,0
2019,8,4,10,31.2,27.7,627,1013,4.2,81.82,6.4,2
2019,8,4,11,31.5,27.7,944,1013,4.3,80.5,6.5,0
2019,8,4,12,31.6,27.8,759,1013,4.5,80.27,6.5,3
2019,8,4,13,31.6,27.8,661,1012,4.7,80.47,6.6,2
2019,8,4,14,31.4,27.9,837,1012,4.9,81.51,6.6,0
2019,8,4,15,31.3,27.9,683,1012,4.9,82.15,6.6,0
2019,8,4,16,31,28,375,1012,4.9,83.91,6.6,7
2019,8,4,17,30.5,28.2,242,1012,4.7,87.51,6.6,7
2019,8,4,18,29.9,28.2,71,1012,4.5,90.8,6.5,6
2019,8,4,19,29.7,28.2,0,1012,4.6,91.82,6.5,7
2019,8,4,20,29.6,28.2,0,1013,4.6,92.28,6.5,7
2019,8,4,21,29.5,28.2,0,1013,4.6,92.59,6.5,0
2019,8,4,22,29.5,28.1,0,1013,4.4,92.33,6.4,0
2019,8,4,23,29.4,28.1,0,1013,4.4,92.52,6.3,0
2019,8,5,0,29.2,27.9,0,1012,4.4,92.98,6.1,3
2019,8,5,1,29.1,27.8,0,1012,4.3,92.89,6,7
2019,8,5,2,29,27.7,0,1011,4.1,92.71,5.9,0
2019,8,5,3,29,27.6,0,1012,3.9,92.23,5.9,0
2019,8,5,4,28.9,27.5,0,1012,3.7,92.25,5.9,0
2019,8,5,5,29,27.5,0,1012,3.5,91.65,5.9,0
2019,8,5,6,29.5,27.8,72,1013,3.8,90.42,6,0
2019,8,5,7,29.8,27.7,275,1013,4,88.79,6.1,0
2019,8,5,8,30.2,27.6,493,1013,4.1,86.16,6.2,1
2019,8,5,9,30.7,27.6,689,1014,4.2,83.57,6.4,0
2019,8,5,10,31,27.6,641,1014,4.3,82.03,6.5,2
2019,8,5,11,31.1,27.6,753,1013,4.5,81.5,6.6,2
2019,8,5,12,31.2,27.6,831,1013,4.7,81.09,6.6,2
2019,8,5,13,31.2,27.6,942,1013,5,81.2,6.6,1
2019,8,5,14,31.2,27.6,840,1012,5.2,81.18,6.6,0
2019,8,5,15,30.9,27.6,415,1012,5.2,82.73,6.5,3
2019,8,5,16,30.5,27.8,492,1012,5,85.43,6.4,0
2019,8,5,17,30.1,28,275,1012,4.7,88.32,6.3,0
2019,8,5,18,29.7,28,62,1012,4.5,90.66,6.2,7
2019,8,5,19,29.6,28.1,0,1013,4.6,91.56,6.1,0
2019,8,5,20,29.5,28.1,0,1013,4.6,92.35,6,3
2019,8,5,21,29.5,28.1,0,1014,4.6,92.43,6,0
2019,8,5,22,29.5,28.1,0,1014,4.4,92.17,5.9,0
2019,8,5,23,29.4,28,0,1013,4.2,92.21,5.9,0
2019,8,6,0,29.2,27.9,0,1013,4,92.71,5.9,0
2019,8,6,1,29.1,27.7,0,1013,3.9,92.29,5.9,0
2019,8,6,2,29,27.6,0,1013,3.9,91.95,5.8,0
2019,8,6,3,28.9,27.4,0,1013,3.9,91.51,5.7,0
2019,8,6,4,28.9,27.2,0,1013,3.9,90.49,5.6,0
2019,8,6,5,28.9,27,0,1014,4,89.7,5.4,0
2019,8,6,6,29.3,27.1,74,1014,4.3,87.99,5.1,0
2019,8,6,7,29.6,27,280,1014,4.5,85.81,4.9,0
2019,8,6,8,30,26.7,503,1014,4.6,82.64,4.7,0
2019,8,6,9,30.3,26.5,703,1014,4.5,80.06,4.5,0
2019,8,6,10,30.6,26.3,860,1014,4.5,77.78,4.4,0
2019,8,6,11,30.8,26.2,960,1013,4.5,76.32,4.3,0
2019,8,6,12,31,26.1,992,1013,4.6,75.44,4.3,0
2019,8,6,13,31,26.2,956,1012,4.7,75.5,4.3,0
2019,8,6,14,30.9,26.2,855,1012,4.9,75.99,4.4,0
2019,8,6,15,30.8,26.2,696,1012,4.9,76.59,4.5,0
2019,8,6,16,30.4,26.3,494,1012,4.9,78.95,4.6,1
2019,8,6,17,29.9,26.6,272,1012,4.6,82.32,4.7,0
2019,8,6,18,29.3,26.7,70,1012,4.2,85.89,4.7,0
2019,8,6,19,29,26.7,0,1012,4,87.64,4.7,0
2019,8,6,20,28.9,26.8,0,1013,3.9,88.22,4.7,0
2019,8,6,21,28.8,26.7,0,1013,3.9,88.48,4.7,0
2019,8,6,22,28.7,26.6,0,1013,3.9,88.28,4.7,0
2019,8,6,23,28.6,26.4,0,1013,3.9,87.88,4.8,0
2019,8,7,0,28.6,26.2,0,1012,3.8,86.99,5,7
2019,8,7,1,28.5,26.1,0,1011,3.8,86.96,5.3,7
2019,8,7,2,28.5,26.1,0,1011,3.7,86.81,5.6,0
2019,8,7,3,28.5,26.1,0,1011,3.7,86.86,5.9,0
2019,8,7,4,28.5,26.1,0,1011,3.7,87.12,6.1,0
2019,8,7,5,28.6,26.3,0,1011,3.6,87.41,6.3,0
2019,8,7,6,29.2,26.7,68,1011,4.1,86.51,6.4,0
2019,8,7,7,29.7,26.9,269,1011,4.4,85.01,6.4,1
2019,8,7,8,30.2,27.1,486,1011,4.7,83.59,6.5,1
2019,8,7,9,30.6,27.3,296,1011,5,82.45,6.6,3
2019,8,7,10,30.8,27.4,315,1011,5.2,82.29,6.7,3
2019,8,7,11,30.9,27.6,438,1010,5.5,82.53,6.8,3
2019,8,7,12,30.9,27.7,177,1010,5.9,83.19,6.9,8
2019,8,7,13,30.8,27.8,553,1009,6.1,83.87,6.9,7
2019,8,7,14,30.7,27.7,417,1009,6.1,84.13,6.9,6
2019,8,7,15,30.4,27.6,609,1009,6,84.92,6.8,7
2019,8,7,16,30.1,27.5,470,1009,5.8,85.83,6.7,0
2019,8,7,17,29.7,27.4,254,1008,5.3,87.41,6.9,1
2019,8,7,18,29.3,27.4,61,1009,4.7,89.38,7.1,1
2019,8,7,19,29.2,27.4,0,1009,4.5,90.19,7.2,6
2019,8,7,20,29.2,27.5,0,1009,4.5,90.66,7.3,7
2019,8,7,21,29.2,27.7,0,1009,4.6,91.58,7.4,3
2019,8,7,22,29.3,27.9,0,1009,4.7,92.07,7.4,7
2019,8,7,23,29.3,28,0,1008,4.8,92.48,7.3,8
2019,8,8,0,29.3,28,0,1008,5,92.62,7.3,3
2019,8,8,1,29.3,27.9,0,1007,5.2,92.44,7.2,0
2019,8,8,2,29.3,27.9,0,1006,5.1,92.12,7.1,7
2019,8,8,3,29.2,27.8,0,1006,5,92.29,7,7
2019,8,8,4,29.2,27.8,0,1006,5,92.07,7,8
2019,8,8,5,29.2,27.8,0,1006,5.3,92.1,7,3
2019,8,8,6,29.5,27.9,12,1006,5.8,91.05,7,3
2019,8,8,7,29.8,27.9,73,1006,6.3,89.76,7.1,3
2019,8,8,8,30,27.9,145,1006,6.8,88.71,7.2,3
2019,8,8,9,30.3,28,415,1007,7.1,87.33,7.4,2
2019,8,8,10,30.4,27.9,491,1006,7.3,86.75,7.5,2
2019,8,8,11,30.4,27.9,569,1006,7.4,86.77,7.5,2
2019,8,8,12,30.3,28,803,1005,7.4,87.3,7.6,2
2019,8,8,13,30.2,28,170,1004,7.4,87.81,7.5,3
2019,8,8,14,30,27.9,65,1004,7.3,88.54,7.5,6
2019,8,8,15,29.9,27.8,45,1003,7.2,88.64,7.4,6
2019,8,8,16,29.8,27.8,254,1003,7,89.06,7.4,6
2019,8,8,17,29.6,27.7,215,1002,6.8,89.71,7.4,7
2019,8,8,18,29.4,27.6,54,1002,6.6,89.93,7.5,7
2019,8,8,19,29.3,27.6,0,1003,6.6,90.36,7.6,7
2019,8,8,20,29.2,27.6,0,1003,6.4,91.2,7.8,7
2019,8,8,21,29.2,27.6,0,1002,6.7,91.22,7.9,7
2019,8,8,22,29.2,27.6,0,1002,7,91.04,7.9,6
2019,8,8,23,29.2,27.5,0,1001,7.1,90.49,7.9,7
2019,8,9,0,29.1,27.4,0,1000,7.2,90.42,7.9,6
2019,8,9,1,29,27.3,0,999,7.3,90.52,8,6
2019,8,9,2,29,27.3,0,999,7.5,90.31,8.1,7
2019,8,9,3,28.9,27.2,0,998,7.9,90.53,8.3,7
2019,8,9,4,28.9,27.2,0,997,8.4,90.41,8.4,7
2019,8,9,5,28.9,27.1,0,997,8.9,90.18,8.5,8
2019,8,9,6,29,27.1,11,997,9.5,89.6,8.5,4
2019,8,9,7,29.1,27.1,58,997,9.9,89.23,8.5,8
2019,8,9,8,29.3,27.1,29,997,10.1,88.13,8.4,8
2019,8,9,9,29.5,27,232,997,10.6,86.39,8.3,6
2019,8,9,10,29.8,26.7,256,997,11,83.7,8.2,7
2019,8,9,11,30.2,26.5,151,996,11.1,80.49,8,7
2019,8,9,12,30.4,26.4,292,996,10.7,79.13,7.9,7
2019,8,9,13,30.7,26.4,337,996,10.3,78.12,7.8,7
2019,8,9,14,31,26.5,260,995,10.3,77.06,7.7,7
2019,8,9,15,31.1,26.6,394,995,10.4,77.25,7.7,6
2019,8,9,16,30.9,26.7,302,995,10.5,78.54,7.9,6
2019,8,9,17,30.6,26.7,136,995,10.6,79.58,8.1,6
2019,8,9,18,30.3,26.5,34,996,10.5,80.27,8.2,6
2019,8,9,19,30.3,26.4,0,997,10.5,79.89,8.1,6
2019,8,9,20,30.2,26.4,0,998,10.2,80.4,8,6
2019,8,9,21,30.2,26.6,0,998,9.8,80.94,7.8,6
2019,8,9,22,30.2,26.8,0,998,9.1,82.27,7.6,6
2019,8,9,23,30.4,27.3,0,998,8.2,83.57,7.5,6
2019,8,10,0,30.6,27.8,0,998,7.5,85.09,7.3,6
2019,8,10,1,30.7,28.1,0,998,6.9,86.15,7.2,6
2019,8,10,2,30.7,28.1,0,998,6.6,86.32,6.9,6
2019,8,10,3,30.6,28.1,0,998,6.8,86.73,6.6,6
2019,8,10,4,30.5,28,0,999,7.1,86.8,6.4,6
2019,8,10,5,30.6,27.9,0,999,7.2,85.35,6.1,6
2019,8,10,6,30.9,27.8,14,1000,7.2,83.79,5.9,6
2019,8,10,7,31.3,27.8,45,1001,7.4,81.8,5.8,6
2019,8,10,8,31.7,27.7,138,1001,7.5,79.51,5.8,6
2019,8,10,9,32.1,27.7,404,1002,7.6,77.72,5.7,7
2019,8,10,10,32.4,27.7,725,1002,7.4,76.32,5.7,7
2019,8,10,11,32.6,27.6,695,1003,7.6,75.06,5.6,6
2019,8,10,12,32.7,27.5,853,1003,7.9,74.19,5.5,7
2019,8,10,13,32.7,27.4,791,1002,8.1,73.6,5.5,7
2019,8,10,14,32.5,27.2,772,1002,8.2,73.71,5.6,7
2019,8,10,15,32.2,27,670,1002,8.1,74.22,5.8,0
2019,8,10,16,31.9,27,472,1003,7.9,75.37,6,0
2019,8,10,17,31.3,27.2,254,1003,7.3,78.68,6.3,7
2019,8,10,18,30.8,27.1,59,1004,7,80.55,6.4,7
2019,8,10,19,30.7,27,0,1005,6.7,80.55,6.5,7
2019,8,10,20,30.6,26.9,0,1006,6.3,80.76,6.6,7
2019,8,10,21,30.7,26.9,0,1006,6,80.14,6.7,7
2019,8,10,22,30.6,27,0,1006,5.5,81.14,6.8,0
2019,8,10,23,30.5,27.3,0,1007,5.2,82.87,7,7
2019,8,11,0,30.4,27.5,0,1007,5.4,84.34,7.2,7
2019,8,11,1,30.4,27.7,0,1007,5.7,85.56,7.4,7
2019,8,11,2,30.2,28,0,1007,6.2,87.87,7.6,7
2019,8,11,3,30,28.1,0,1007,6.5,89.8,7.7,7
2019,8,11,4,29.9,28.2,0,1007,6.5,90.72,7.6,7
2019,8,11,5,29.9,28.2,0,1007,6.2,90.61,7.6,7
2019,8,11,6,30.2,28.3,52,1008,5.8,89.72,7.6,7
2019,8,11,7,30.6,28.4,195,1008,5.6,88.24,7.7,7
2019,8,11,8,31,28.5,406,1008,5.4,86.38,7.8,7
2019,8,11,9,31.4,28.3,588,1008,5.2,83.8,7.9,7
2019,8,11,10,31.6,28.2,732,1008,5,82.28,8,7
2019,8,11,11,31.7,28.2,810,1008,4.9,81.69,8,7
2019,8,11,12,31.8,28.3,817,1008,4.7,81.56,7.7,7
2019,8,11,13,31.9,28.3,897,1007,4.4,81.1,7.4,0
2019,8,11,14,31.9,28.3,740,1007,4,81.22,7,7
2019,8,11,15,31.7,28.4,588,1007,3.7,82.7,6.9,7
2019,8,11,16,31.2,28.5,399,1008,3.8,85.39,7,7
2019,8,11,17,30.7,28.4,201,1009,3.5,87.48,7.2,7
2019,8,11,18,30.2,28.3,48,1009,3.1,89.44,7.2,0
2019,8,11,19,29.9,28,0,1009,3.1,89.77,7.1,1
2019,8,11,20,29.7,27.8,0,1010,3.3,89.75,7,7
2019,8,11,21,29.6,27.7,0,1010,3.4,89.37,7,7
2019,8,11,22,29.4,27.5,0,1010,3.3,89.55,7.1,7
2019,8,11,23,29.3,27.4,0,1010,3,89.32,7.1,7
2019,8,12,0,29.1,27.2,0,1010,2.7,89.34,7.1,7
2019,8,12,1,29,27,0,1009,2.3,88.88,7.1,3
2019,8,12,2,28.9,26.8,0,1010,2.3,88.59,7.1,7
2019,8,12,3,28.8,26.7,0,1010,2.4,88.3,7.1,7
2019,8,12,4,28.8,26.6,0,1010,2.3,87.76,7.1,7
2019,8,12,5,28.8,26.6,0,1010,2.3,87.72,7.1,3
2019,8,12,6,29.3,26.8,5,1010,2.5,86.47,7.1,4
2019,8,12,7,30,26.9,117,1011,2.8,83.62,7.1,3
2019,8,12,8,30.8,27.2,162,1011,3.1,81.16,7.2,4
2019,8,12,9,31.1,27.6,322,1011,3.3,81.51,7.4,4
2019,8,12,10,31,27.9,431,1011,3.3,83.64,7.6,7
2019,8,12,11,30.9,28.2,211,1011,3.2,85.52,7.7,4
2019,8,12,12,30.9,28.3,418,1010,3,86.08,7.8,3
2019,8,12,13,30.8,28.3,743,1010,2.8,86.52,7.8,7
2019,8,12,14,30.6,28.2,317,1010,2.5,87.31,7.7,8
2019,8,12,15,30.4,28.2,357,1010,2.2,87.94,7.5,8
2019,8,12,16,30.2,27.9,369,1010,2.2,87.74,7.3,3
2019,8,12,17,30,27.9,157,1010,2.1,88.7,7.1,7
2019,8,12,18,29.7,27.7,39,1011,2.2,89.01,7,4
2019,8,12,19,29.5,27.6,0,1011,2.1,89.37,6.9,7
2019,8,12,20,29.3,27.5,0,1011,2.1,89.88,6.8,0
2019,8,12,21,29.2,27.4,0,1012,2,89.89,6.8,4
2019,8,12,22,29.1,27.3,0,1012,1.9,89.79,6.8,0
2019,8,12,23,29,27.1,0,1012,1.8,89.61,6.8,0
2019,8,13,0,29,27,0,1011,1.7,88.76,6.8,0
2019,8,13,1,28.9,26.8,0,1011,1.5,88.48,6.7,0
2019,8,13,2,28.8,26.6,0,1010,1.4,88.18,6.7,0
2019,8,13,3,28.6,26.6,0,1010,1.4,89.11,6.6,0
2019,8,13,4,28.5,26.7,0,1011,1.6,89.99,6.6,0
2019,8,13,5,28.4,26.8,0,1011,1.8,90.85,6.5,0
2019,8,13,6,29.1,27.2,53,1012,2.2,89.33,6.5,0
2019,8,13,7,30,27.1,244,1012,2.4,84.27,6.4,1
2019,8,13,8,31,26.7,456,1012,2.5,78.07,6.3,0
2019,8,13,9,31.5,26.8,629,1012,2.5,76.11,6.2,7
2019,8,13,10,31.8,26.9,803,1012,2.6,75.24,6.1,0
2019,8,13,11,32,27.1,905,1011,2.7,75.29,6.1,1
2019,8,13,12,32.1,27.3,936,1011,2.8,75.67,6,0
2019,8,13,13,32,27.4,897,1010,2.9,76.69,6.1,0
2019,8,13,14,31.8,27.5,806,1010,2.9,78.18,6.1,0
2019,8,13,15,31.5,27.7,621,1010,2.8,80.13,6,7
2019,8,13,16,31.1,27.8,451,1010,2.5,82.81,6,0
2019,8,13,17,30.7,27.8,237,1011,2.3,84.67,5.9,0
2019,8,13,18,29.9,27.9,47,1011,2,88.88,5.9,0
2019,8,13,19,29.5,27.7,0,1012,1.8,90.22,5.9,0
2019,8,13,20,29.2,27.7,0,1012,1.8,91.4,5.9,0
2019,8,13,21,29,27.6,0,1013,1.8,92.27,5.9,0
2019,8,13,22,28.8,27.5,0,1013,2,92.97,6,0
2019,8,13,23,28.8,27.4,0,1012,2.2,92.35,5.9,0
2019,8,14,0,28.7,27.3,0,1012,2.2,92.31,5.9,0
2019,8,14,1,28.6,27.2,0,1012,2.4,92.23,5.8,0
2019,8,14,2,28.4,27.1,0,1011,2.5,92.56,5.8,0
2019,8,14,3,28.3,26.9,0,1011,2.6,92.24,5.7,0
2019,8,14,4,28.2,26.8,0,1012,2.6,91.92,5.7,0
2019,8,14,5,28.2,26.7,0,1012,2.6,91.37,5.7,0
2019,8,14,6,29,27,57,1012,3.1,89.03,5.7,0
2019,8,14,7,29.8,27,251,1012,3.8,84.82,5.7,1
2019,8,14,8,30.7,27,466,1012,4.2,80.84,5.7,0
2019,8,14,9,31.3,27.1,661,1012,4.4,78.31,5.7,0
2019,8,14,10,31.7,27,815,1012,4.3,76.43,5.7,0
2019,8,14,11,32,27,920,1011,4.1,74.87,5.7,0
2019,8,14,12,32.3,26.9,952,1011,3.9,73.27,5.7,1
2019,8,14,13,32.3,27,916,1011,3.6,73.47,5.8,0
2019,8,14,14,32.2,27.1,576,1010,3.3,74.5,5.9,2
2019,8,14,15,31.9,27.3,657,1010,2.9,76.93,5.9,0
2019,8,14,16,31.4,27.6,457,1010,2.5,80.37,6,0
2019,8,14,17,30.9,27.6,240,1010,2.3,82.59,6.1,1
2019,8,14,18,30.1,27.7,48,1010,2,87.24,6.3,1
2019,8,14,19,29.8,27.7,0,1011,1.9,88.54,6.4,0
2019,8,14,20,29.6,27.6,0,1011,1.9,89.29,6.6,0
2019,8,14,21,29.4,27.7,0,1012,1.8,90.37,6.8,1
2019,8,14,22,29.4,27.6,0,1011,1.8,90.2,7,1
2019,8,14,23,29.2,27.6,0,1011,1.7,90.91,7.1,3
2019,8,15,0,29,27.5,0,1011,1.7,91.59,7.1,7
2019,8,15,1,28.8,27.4,0,1010,2.2,92.39,7,4
2019,8,15,2,28.7,27.3,0,1010,2.8,92.34,6.9,4
2019,8,15,3,28.6,27.2,0,1010,3.2,91.92,6.6,7
2019,8,15,4,28.4,26.9,0,1010,3.4,91.73,6.4,0
2019,8,15,5,28.3,26.8,0,1011,3.2,91.49,6.2,3
2019,8,15,6,29.1,27.1,54,1011,3.3,88.76,6,0
2019,8,15,7,30,26.9,192,1011,3.8,83.28,6,3
2019,8,15,8,30.9,27,431,1011,4,79.58,6,3
2019,8,15,9,31.5,27.1,305,1011,3.8,77.42,6.1,3
2019,8,15,10,31.9,27.2,560,1011,3.7,76.26,6.2,2
2019,8,15,11,32.1,27.3,456,1010,3.8,75.91,6.4,3
2019,8,15,12,32.2,27.4,123,1010,3.8,75.84,6.6,4
2019,8,15,13,32.1,27.5,454,1010,3.7,76.7,6.8,4
2019,8,15,14,31.8,27.5,689,1009,3.5,78.29,7,7
2019,8,15,15,31.5,27.7,522,1009,3.4,80.12,7.1,7
2019,8,15,16,31.1,27.7,236,1009,3.3,82.35,7.2,7
2019,8,15,17,30.6,27.6,62,1010,3.1,84.24,7.2,7
2019,8,15,18,30.1,27.7,11,1010,2.5,87.02,7.2,7
2019,8,15,19,29.9,27.6,0,1011,2.1,87.28,7.1,7
2019,8,15,20,29.7,27.5,0,1011,1.9,88.19,7,7
2019,8,15,21,29.5,27.5,0,1011,2.1,88.81,6.9,3
2019,8,15,22,29.3,27.3,0,1011,2.3,88.89,6.9,7
2019,8,15,23,29.1,27.2,0,1011,2.4,89.32,6.8,7
2019,8,16,0,29,27.1,0,1011,2.4,89.55,6.7,7
2019,8,16,1,28.8,27,0,1010,2.5,90.28,6.7,7
2019,8,16,2,28.7,27,0,1010,2.8,90.69,6.6,7
2019,8,16,3,28.6,27,0,1010,3,91.12,6.5,7
2019,8,16,4,28.5,27,0,1011,3.3,91.45,6.4,8
2019,8,16,5,28.5,26.9,0,1011,3.4,91.25,6.4,4
2019,8,16,6,28.9,27.2,21,1011,3.5,90.3,6.5,4
2019,8,16,7,29.3,27.2,199,1012,3.7,88.61,6.5,8
2019,8,16,8,30,27.2,400,1012,4.1,85.05,6.5,3
2019,8,16,9,30.7,27.2,349,1012,4.4,81.53,6.6,4
2019,8,16,10,31.1,27.1,645,1012,4.4,79.52,6.7,7
2019,8,16,11,31.3,27.2,540,1012,4.1,79.11,6.8,4
2019,8,16,12,31.4,27.3,640,1012,3.9,79.11,6.9,7
2019,8,16,13,31.4,27.4,759,1012,3.7,79.2,7,7
2019,8,16,14,31.2,27.4,691,1012,3.4,80.12,7,7
2019,8,16,15,30.9,27.4,398,1012,2.9,81.81,7,7
2019,8,16,16,30.7,27.5,296,1012,2.6,82.94,7,7
2019,8,16,17,30.3,27.3,224,1013,2.3,83.89,7,7
2019,8,16,18,29.8,27.3,39,1013,2,86.57,7,7
2019,8,16,19,29.6,27.1,0,1013,2,86.39,7.1,7
2019,8,16,20,29.4,27,0,1014,2,87.04,7.1,0
2019,8,16,21,29.2,27,0,1014,2,87.82,7.1,7
2019,8,16,22,29,26.9,0,1014,2.1,88.57,7.1,3
2019,8,16,23,28.8,26.9,0,1014,2.2,89.35,7,4
2019,8,17,0,28.7,26.8,0,1013,2.3,89.62,6.9,7
2019,8,17,1,28.6,26.8,0,1013,2.3,89.85,6.8,7
2019,8,17,2,28.5,26.7,0,1013,2.2,90.03,6.8,7
2019,8,17,3,28.5,26.6,0,1013,2.1,89.47,6.8,7
2019,8,17,4,28.5,26.5,0,1014,2,88.97,6.7,0
2019,8,17,5,28.6,26.4,0,1014,2,87.96,6.7,0
2019,8,17,6,29.2,26.7,33,1015,2.3,86.54,6.6,4
2019,8,17,7,29.7,26.6,234,1015,3.2,83.29,6.5,7
2019,8,17,8,30.4,26.5,407,1015,3.8,79.78,6.5,7
2019,8,17,9,31,26.6,484,1015,4,77.26,6.4,7
2019,8,17,10,31.4,26.6,784,1015,4.1,75.68,6.4,0
2019,8,17,11,31.6,26.6,888,1014,4,75.1,6.4,0
2019,8,17,12,31.7,26.8,914,1014,3.8,75.14,6.4,1
2019,8,17,13,31.7,26.9,872,1014,3.6,75.64,6.5,0
2019,8,17,14,31.5,27,782,1014,3.3,77.05,6.5,0
2019,8,17,15,31.2,27.1,448,1014,2.9,78.91,6.6,3
2019,8,17,16,30.8,27.1,370,1014,2.6,80.95,6.6,2
2019,8,17,17,30.2,27.2,126,1015,2.4,84.01,6.6,7
2019,8,17,18,29.6,27.3,31,1015,2.2,87.54,6.6,7
2019,8,17,19,29.3,27.3,0,1015,2.2,89.13,6.6,7
2019,8,17,20,29.1,27.1,0,1016,2.2,89.25,6.6,7
2019,8,17,21,29,26.9,0,1016,2.1,88.48,6.6,7
2019,8,17,22,28.8,26.7,0,1016,2,88.69,6.6,1
2019,8,17,23,28.5,26.6,0,1016,1.9,89.22,6.5,1
2019,8,18,0,28.3,26.4,0,1015,2.1,89.21,6.5,0
2019,8,18,1,28.1,26.2,0,1015,2.3,89.3,6.4,3
2019,8,18,2,27.9,25.9,0,1015,2.5,88.79,6.4,7
2019,8,18,3,27.8,25.5,0,1015,2.6,87.5,6.3,0
2019,8,18,4,27.7,25.2,0,1015,2.7,86.41,6.3,0
2019,8,18,5,27.8,25.1,0,1015,2.7,85.03,6.4,0
2019,8,18,6,28.5,25.3,49,1015,2.8,82.63,6.5,0
2019,8,18,7,29.2,25.3,237,1016,2.8,79.53,6.7,0
2019,8,18,8,30.2,25.3,445,1016,2.5,75.04,6.8,0
2019,8,18,9,30.7,25.4,632,1017,2.2,73.38,7,0
2019,8,18,10,30.7,25.6,427,1017,2.3,74.51,7.1,3
2019,8,18,11,30.6,25.6,547,1016,2.4,74.67,7.2,3
2019,8,18,12,30.3,25.6,74,1016,2.4,76.03,7.2,4
2019,8,18,13,30.1,25.7,360,1016,2.5,77.29,7.1,7
2019,8,18,14,29.9,25.8,225,1015,2.5,78.71,7.1,7
2019,8,18,15,29.6,25.9,222,1015,2.4,80.65,7,7
2019,8,18,16,29.2,26,185,1015,2.2,83.03,7,8
2019,8,18,17,28.9,26.1,55,1015,1.9,84.91,6.9,8
2019,8,18,18,28.5,26.1,16,1015,1.6,86.67,6.9,8
2019,8,18,19,28.3,26,0,1016,1.5,87.44,6.8,8
2019,8,18,20,28.1,25.9,0,1016,1.4,87.65,6.7,7
2019,8,18,21,28,25.7,0,1016,1.4,87.25,6.6,7
2019,8,18,22,27.9,25.5,0,1016,1.2,86.91,6.6,6
2019,8,18,23,27.8,25.4,0,1016,1.1,86.77,6.6,6
2019,8,19,0,27.7,25.3,0,1015,1,86.58,6.6,7
2019,8,19,1,27.6,25.1,0,1015,0.9,86.25,6.6,7
2019,8,19,2,27.6,24.9,0,1015,0.7,85.38,6.6,7
2019,8,19,3,27.6,24.8,0,1015,0.6,84.61,6.6,8
2019,8,19,4,27.6,24.7,0,1015,0.5,84.08,6.6,7
2019,8,19,5,27.6,24.7,0,1015,0.7,84.29,6.6,7
2019,8,19,6,27.9,25.2,31,1016,1.3,85.11,6.7,7
2019,8,19,7,28.2,25.3,148,1016,1.9,84.24,6.7,7
2019,8,19,8,28.6,25.4,118,1016,2.3,83.06,6.8,7
2019,8,19,9,28.9,25.5,390,1016,2.6,81.97,6.9,8
2019,8,19,10,29,25.6,564,1017,2.8,82.09,6.9,7
2019,8,19,11,29,25.7,622,1016,2.8,82.23,7,7
2019,8,19,12,28.9,25.6,627,1016,2.8,82.63,7,7
2019,8,19,13,28.8,25.7,687,1016,2.9,83.2,7.1,3
2019,8,19,14,28.6,25.7,384,1015,2.9,84.19,7.1,7
2019,8,19,15,28.5,25.7,229,1015,2.9,84.76,7,6
2019,8,19,16,28.3,25.7,24,1015,2.7,85.97,7,6
2019,8,19,17,28.1,25.8,59,1015,2.4,87.33,6.9,7
2019,8,19,18,27.9,25.8,19,1015,2.1,88.36,6.9,7
2019,8,19,19,27.9,25.8,0,1015,2,88.35,7,8
2019,8,19,20,27.9,25.8,0,1016,2,88.3,7,7
2019,8,19,21,27.9,25.7,0,1016,2,88.05,6.9,8
2019,8,19,22,27.8,25.7,0,1016,2.1,88.46,6.8,7
2019,8,19,23,27.7,25.7,0,1016,2.2,88.93,6.8,7
2019,8,20,0,27.6,25.7,0,1015,2.3,89.16,6.8,4
2019,8,20,1,27.4,25.6,0,1015,2.3,89.76,6.8,4
2019,8,20,2,27.3,25.4,0,1015,2.3,89.59,6.8,7
2019,8,20,3,27.2,25.3,0,1014,2.3,89.22,6.7,7
2019,8,20,4,27.2,25.2,0,1015,2.4,88.96,6.7,7
2019,8,20,5,27.2,25.2,0,1015,2.4,89.04,6.7,1
2019,8,20,6,27.8,25.6,36,1016,2.7,87.79,6.6,7
2019,8,20,7,28.3,25.7,158,1016,3,85.94,6.6,7
2019,8,20,8,28.8,25.8,412,1016,3.3,84.07,6.6,7
2019,8,20,9,29.2,25.9,651,1016,3.4,82.39,6.6,1
2019,8,20,10,29.4,25.9,136,1016,3.5,81.5,6.6,3
2019,8,20,11,29.6,26,368,1016,3.7,80.85,6.6,2
2019,8,20,12,29.5,25.9,761,1015,3.7,80.98,6.6,3
2019,8,20,13,29.3,25.8,421,1015,3.6,81.71,6.6,4
2019,8,20,14,29.2,25.8,230,1015,3.4,82.12,6.5,4
2019,8,20,15,29,25.8,515,1015,3.1,83.14,6.5,3
2019,8,20,16,28.7,25.9,318,1015,2.7,85.07,6.5,4
2019,8,20,17,28.5,26,94,1015,2.4,86.42,6.5,4
2019,8,20,18,28.2,26,23,1015,2.2,87.86,6.5,7
2019,8,20,19,28,25.9,0,1015,2.2,88.36,6.5,4
2019,8,20,20,28,25.8,0,1016,2.3,87.82,6.5,4
2019,8,20,21,27.9,25.7,0,1016,2.3,87.67,6.5,8
2019,8,20,22,27.9,25.5,0,1016,2.3,86.9,6.6,4
2019,8,20,23,27.7,25.3,0,1016,2.3,87.05,6.7,4
2019,8,21,0,27.6,25.2,0,1015,2.2,86.64,6.7,4
2019,8,21,1,27.5,25,0,1015,2.1,86.51,6.8,4
2019,8,21,2,27.3,24.9,0,1014,2,86.97,6.8,4
2019,8,21,3,27.3,24.9,0,1014,2,86.78,6.9,4
2019,8,21,4,27.2,24.9,0,1014,2,87.49,6.9,3
2019,8,21,5,27.3,25.1,0,1015,2,87.71,7,0
2019,8,21,6,27.9,25.6,19,1015,2.2,87.24,7.1,3
2019,8,21,7,28.3,25.8,236,1016,2.3,86.32,7.3,7
2019,8,21,8,28.4,25.8,381,1016,2.2,86.02,7.5,7
2019,8,21,9,28.6,25.9,595,1016,2,85.55,7.6,7
2019,8,21,10,28.7,26,689,1016,1.7,85.31,7.7,7
2019,8,21,11,28.8,26,791,1015,1.6,85.05,7.7,7
2019,8,21,12,28.8,26.1,338,1015,1.6,85.33,7.7,7
2019,8,21,13,28.9,26.2,704,1015,1.7,85.18,7.6,7
2019,8,21,14,28.8,26.2,223,1015,1.7,85.73,7.5,8
2019,8,21,15,28.8,26.2,482,1015,1.7,85.68,7.4,6
2019,8,21,16,28.7,26.1,400,1015,1.6,85.83,7.3,8
2019,8,21,17,28.5,26.1,195,1015,1.3,86.81,7.1,3
2019,8,21,18,28.2,25.8,22,1015,1.2,87.09,7,0
2019,8,21,19,28.3,25.7,0,1016,1.3,85.99,7,0
2019,8,21,20,28.3,25.7,0,1016,1.5,85.89,6.9,0
2019,8,21,21,28.3,25.7,0,1017,1.6,86.08,6.9,0
2019,8,21,22,28.2,25.8,0,1016,1.6,86.66,6.8,0
2019,8,21,23,28.2,25.8,0,1016,1.5,86.66,6.7,7
2019,8,22,0,28.2,25.8,0,1016,1.4,86.65,6.6,0
2019,8,22,1,28.2,25.7,0,1015,1.5,86.26,6.6,0
2019,8,22,2,28.1,25.6,0,1015,1.5,86.42,6.5,0
2019,8,22,3,28.1,25.5,0,1015,1.4,85.97,6.4,0
2019,8,22,4,28.1,25.5,0,1016,1.4,85.6,6.3,0
2019,8,22,5,28.1,25.4,0,1016,1.8,85.35,6.2,0
2019,8,22,6,28.7,26,48,1017,2.1,85.44,6.1,0
2019,8,22,7,29.6,26.3,242,1017,2.6,82.29,6,0
2019,8,22,8,30.1,26.1,459,1017,3,79.14,5.9,0
2019,8,22,9,30.5,26.2,659,1017,3.3,77.94,5.9,0
2019,8,22,10,30.9,26.4,816,1017,3.4,77.05,5.9,0
2019,8,22,11,31,26.6,935,1017,3.4,77.62,5.9,0
2019,8,22,12,31.1,26.8,963,1016,3.2,77.97,5.9,0
2019,8,22,13,31,26.9,922,1016,3.3,78.92,5.9,0
2019,8,22,14,30.7,27,818,1016,3.3,80.6,6,1
2019,8,22,15,30.3,27,305,1016,3.3,82.65,6,3
2019,8,22,16,29.8,27.1,449,1016,3.2,85.28,6,1
2019,8,22,17,29.4,27.1,228,1016,3,87.39,6,1
2019,8,22,18,28.9,27,37,1016,2.9,89.49,6,0
2019,8,22,19,28.8,26.9,0,1017,3.1,89.62,5.9,0
2019,8,22,20,28.8,26.9,0,1018,3.3,89.39,5.8,0
2019,8,22,21,28.7,26.8,0,1018,3.4,89.68,5.7,0
2019,8,22,22,28.7,26.8,0,1018,3.5,89.51,5.6,0
2019,8,22,23,28.6,26.8,0,1018,3.5,89.81,5.4,0
2019,8,23,0,28.4,26.7,0,1017,3.3,90.37,5.3,0
2019,8,23,1,28.1,26.6,0,1017,3,91.49,5.2,0
2019,8,23,2,28,26.5,0,1016,2.8,91.36,5.1,0
2019,8,23,3,28,26.4,0,1016,2.7,90.87,5.1,0
2019,8,23,4,28,26.3,0,1017,2.8,90.24,5.1,0
2019,8,23,5,28,26.2,0,1017,2.9,90.05,5.1,0
2019,8,23,6,28.9,26.7,54,1017,3.7,87.9,5.2,0
2019,8,23,7,29.5,26.9,252,1018,4.5,85.96,5.3,0
2019,8,23,8,30,26.9,471,1018,5.1,83.61,5.3,0
2019,8,23,9,30.5,26.9,670,1018,5.4,81.27,5.4,0
2019,8,23,10,30.8,27,826,1017,5.7,80.38,5.5,0
2019,8,23,11,30.9,27.1,931,1017,5.8,80.4,5.7,1
2019,8,23,12,31,27.2,960,1016,5.9,80.46,5.8,0
2019,8,23,13,30.9,27.4,918,1016,6,81.47,5.9,1
2019,8,23,14,30.7,27.4,195,1016,6.1,82.66,5.9,3
2019,8,23,15,30.4,27.4,648,1016,6,84.05,5.9,1
2019,8,23,16,30,27.5,200,1016,5.8,86.35,6,3
2019,8,23,17,29.6,27.6,222,1016,5.6,89.12,6.2,1
2019,8,23,18,29.2,27.6,34,1016,5.5,91.18,6.3,0
2019,8,23,19,29,27.6,0,1016,5.6,92.37,6.4,0
2019,8,23,20,29,27.7,0,1017,5.8,92.58,6.5,7
2019,8,23,21,29,27.7,0,1017,6,92.46,6.4,0
2019,8,23,22,28.9,27.6,0,1016,6,92.45,6.3,0
2019,8,23,23,28.8,27.4,0,1016,5.9,92.39,6.3,3
2019,8,24,0,28.7,27.3,0,1015,5.9,92.11,6.5,0
2019,8,24,1,28.6,27.2,0,1015,5.8,92.25,6.7,1
2019,8,24,2,28.5,27.2,0,1014,6,92.62,6.9,0
2019,8,24,3,28.6,27.2,0,1014,6.3,92.38,7,0
2019,8,24,4,28.6,27.3,0,1014,6.7,92.65,6.9,0
2019,8,24,5,28.7,27.3,0,1014,7.2,92.2,6.7,0
2019,8,24,6,28.9,27.5,45,1014,7.7,91.94,6.7,1
2019,8,24,7,29.1,27.6,228,1014,8.7,91.66,7,7
2019,8,24,8,29.4,27.5,381,1014,9.7,89.78,7.1,7
2019,8,24,9,29.8,27.4,599,1014,10.3,87.19,6.9,7
2019,8,24,10,30,27.4,381,1013,10.6,86.11,7.2,6
2019,8,24,11,30.1,27.4,580,1012,10.8,85.72,7.2,6
2019,8,24,12,30.2,27.5,795,1012,11,85.43,7.2,7
2019,8,24,13,30.1,27.4,578,1011,11.2,85.49,7.5,6
2019,8,24,14,30,27.4,536,1011,11.3,85.76,7.7,6
2019,8,24,15,29.8,27.3,330,1011,11.6,86.41,7.4,7
2019,8,24,16,29.6,27.2,213,1010,11.6,86.96,7,6
2019,8,24,17,29.4,27,80,1010,11.6,87.21,6.8,6
2019,8,24,18,29.2,26.9,15,1011,11.5,87.32,6.7,9
2019,8,24,19,29.1,26.8,0,1011,11.5,87.24,6.6,6
2019,8,24,20,29.1,26.7,0,1011,11.4,86.73,6.6,6
2019,8,24,21,29,26.6,0,1012,11.3,86.83,6.6,6
2019,8,24,22,29,26.5,0,1012,11.1,86.55,6.7,6
2019,8,24,23,29,26.5,0,1012,11,86.45,6.8,6
2019,8,25,0,29,26.6,0,1012,10.6,86.78,7,6
2019,8,25,1,28.9,26.7,0,1012,9.8,88.01,7,7
2019,8,25,2,28.9,26.8,0,1012,8.9,88.44,7,7
2019,8,25,3,28.9,26.8,0,1012,7.9,88.44,7,7
2019,8,25,4,28.7,26.7,0,1013,6.4,89.1,6.9,7
2019,8,25,5,28.5,26.6,0,1014,5,89.35,6.8,7
2019,8,25,6,28.9,26.7,49,1015,4.7,88.16,6.8,7
2019,8,25,7,29.4,26.9,143,1015,4.7,86.65,6.8,7
2019,8,25,8,30.1,27,266,1016,4.4,83.59,6.9,7
2019,8,25,9,30.7,27,483,1016,4.1,80.74,7.1,7
2019,8,25,10,31,27.1,455,1016,4.2,79.6,7.4,6
2019,8,25,11,31,27.1,494,1016,4.4,79.92,7.5,7
2019,8,25,12,30.8,27.2,741,1016,4.5,81.19,7.5,7
2019,8,25,13,30.8,27.3,606,1015,4.4,81.64,7.4,6
2019,8,25,14,30.7,27.4,706,1015,4.3,82.72,7.3,7
2019,8,25,15,30.5,27.5,505,1015,4,84.31,7.2,7
2019,8,25,16,30.1,27.7,392,1016,3.5,86.91,7.2,7
2019,8,25,17,29.7,27.6,204,1016,3.6,88.44,7.3,7
2019,8,25,18,29.3,27.6,23,1017,3.6,90.44,7.4,7
2019,8,25,19,29.1,27.6,0,1017,3.5,91.72,7.4,7
2019,8,25,20,29,27.7,0,1018,3.3,92.52,7.3,7
2019,8,25,21,28.9,27.7,0,1019,3.1,93.13,7.3,3
2019,8,25,22,28.9,27.6,0,1019,3,92.97,7.1,1
2019,8,25,23,28.8,27.6,0,1019,3.1,93.03,7,7
2019,8,26,0,28.7,27.4,0,1019,3,92.73,6.9,3
2019,8,26,1,28.6,27.2,0,1018,3,92.41,6.7,0
2019,8,26,2,28.5,27.2,0,1018,3,92.47,6.6,0
2019,8,26,3,28.4,27.1,0,1018,2.9,92.53,6.5,7
2019,8,26,4,28.3,27,0,1018,2.9,92.69,6.3,0
2019,8,26,5,28.2,27,0,1019,2.8,92.99,6.1,1
2019,8,26,6,28.7,27.3,48,1019,2.6,91.96,6,7
2019,8,26,7,29.3,27.3,226,1019,2.2,89.04,5.9,7
2019,8,26,8,29.9,27.2,413,1020,2.6,85.31,5.9,7
2019,8,26,9,30.2,27,632,1020,2.6,83.19,5.9,7
2019,8,26,10,30.3,27,736,1020,2.4,82.73,5.8,7
2019,8,26,11,30.4,27,846,1020,2.3,82.15,5.8,7
2019,8,26,12,30.6,26.8,571,1019,2.1,80.43,5.9,3
2019,8,26,13,30.8,26.7,398,1019,1.8,78.71,5.9,3
2019,8,26,14,30.7,26.7,796,1019,1.7,79.26,6,0
2019,8,26,15,30.5,26.8,631,1019,1.7,80.73,6.1,0
2019,8,26,16,30.1,27,428,1019,1.6,83.33,6.1,0
2019,8,26,17,29.7,27.2,207,1020,1.4,86.45,6.2,0
2019,8,26,18,29.3,27.2,25,1020,1.3,88.65,6.2,0
2019,8,26,19,29.1,27.1,0,1021,1.6,89.25,6.2,0
2019,8,26,20,29,27.2,0,1022,2,89.88,6.2,0
2019,8,26,21,28.9,27.2,0,1022,2.2,90.34,6.1,0
2019,8,26,22,28.8,27.1,0,1021,2.4,90.55,5.9,0
2019,8,26,23,28.6,27,0,1021,2.3,91.05,5.7,0
2019,8,27,0,28.4,26.8,0,1020,2.3,91.24,5.4,0
2019,8,27,1,28.3,26.7,0,1020,2.3,91,5.1,0
2019,8,27,2,28.1,26.5,0,1020,2.4,90.95,4.9,0
2019,8,27,3,28,26.3,0,1020,2.5,90.32,4.7,0
2019,8,27,4,27.9,26.1,0,1020,2.5,90.01,4.5,0
2019,8,27,5,27.7,26,0,1020,2.6,90.35,4.3,0
2019,8,27,6,28.4,26.3,54,1020,3.1,88.45,4.1,0
2019,8,27,7,29,26.3,262,1020,3.1,85.33,4,0
2019,8,27,8,29.8,26.2,490,1020,2.9,81.11,4,0
2019,8,27,9,30.4,26.2,692,1020,2.9,78.12,4.1,0
2019,8,27,10,30.8,26.1,847,1020,2.9,76.22,4.3,0
2019,8,27,11,31,26.1,947,1019,3,75.32,4.5,0
2019,8,27,12,31.1,26.2,973,1019,3.2,75.35,4.6,0
2019,8,27,13,30.9,26.4,929,1019,3.3,77,4.8,0
2019,8,27,14,30.6,26.6,822,1018,3.4,79.08,4.8,0
2019,8,27,15,30.2,26.6,655,1018,3.5,81.3,4.8,0
2019,8,27,16,29.8,26.7,447,1018,3.5,83.4,4.8,0
2019,8,27,17,29.2,26.8,223,1018,3.4,86.71,4.7,0
2019,8,27,18,28.6,26.7,30,1019,3.2,89.59,4.6,0
2019,8,27,19,28.4,26.6,0,1019,3.5,90,4.5,0
2019,8,27,20,28.3,26.5,0,1019,3.7,90.02,4.5,0
2019,8,27,21,28.2,26.4,0,1019,3.8,90.12,4.6,0
2019,8,27,22,28.1,26.4,0,1019,3.8,90.25,4.8,0
2019,8,27,23,28.1,26.3,0,1019,3.9,90.13,5,0
2019,8,28,0,28,26.3,0,1019,4,90.67,5.1,0
2019,8,28,1,28,26.3,0,1018,4,90.44,5.2,0
2019,8,28,2,27.9,26.2,0,1018,3.9,90.62,5.2,0
2019,8,28,3,27.8,26.1,0,1018,3.8,90.73,5.1,0
2019,8,28,4,27.8,26.1,0,1018,3.7,90.4,5,0
2019,8,28,5,27.8,26.1,0,1018,3.8,90.37,5,0
2019,8,28,6,28.5,26.4,51,1018,4.3,88.64,4.9,0
2019,8,28,7,29.2,26.7,254,1019,5,86.61,5,0
2019,8,28,8,29.9,27,477,1019,5.4,84.32,5,0
2019,8,28,9,30.5,27.1,677,1019,5.7,82.15,5.1,0
2019,8,28,10,30.9,27.1,832,1018,5.9,80.36,5.2,0
2019,8,28,11,31.2,27.1,933,1018,5.8,79.11,5.2,0
2019,8,28,12,31.3,27.2,963,1017,5.8,78.75,5.3,0
2019,8,28,13,31.3,27.2,922,1016,5.7,78.94,5.3,0
2019,8,28,14,31.2,27.3,813,1016,5.6,79.84,5.4,0
2019,8,28,15,31,27.4,647,1015,5.5,81.24,5.5,0
2019,8,28,16,30.6,27.5,440,1015,5.2,83.82,5.6,0
2019,8,28,17,29.9,27.6,215,1015,4.8,87.49,5.6,0
2019,8,28,18,29.3,27.4,27,1016,4.5,89.79,5.6,0
2019,8,28,19,29,27.3,0,1016,4.4,90.49,5.5,0
2019,8,28,20,28.9,27.2,0,1017,4.4,90.51,5.5,0
2019,8,28,21,28.8,27.1,0,1017,4.4,90.6,5.4,0
2019,8,28,22,28.7,27,0,1017,4.5,90.7,5.4,0
2019,8,28,23,28.6,26.9,0,1017,4.6,90.7,5.3,0
2019,8,29,0,28.5,26.8,0,1016,4.6,90.57,5.3,0
2019,8,29,1,28.4,26.7,0,1015,4.4,90.41,5.4,0
2019,8,29,2,28.3,26.6,0,1015,4.1,90.41,5.4,0
2019,8,29,3,28.3,26.5,0,1015,3.9,90.17,5.5,0
2019,8,29,4,28.2,26.5,0,1015,3.6,90.67,5.7,0
2019,8,29,5,28.3,26.5,0,1016,3.4,90.21,5.8,7
2019,8,29,6,29,27.1,47,1017,3.2,89.34,5.8,0
2019,8,29,7,29.9,27.3,242,1017,3.3,85.81,5.9,0
2019,8,29,8,30.5,27.2,458,1017,3,82.58,5.9,0
2019,8,29,9,30.8,27.2,653,1017,2.7,81.4,6,0
2019,8,29,10,31.2,27.3,504,1017,2.6,79.66,6,3
2019,8,29,11,31.4,27.2,897,1017,2.6,78.58,6.1,0
2019,8,29,12,31.6,27.2,782,1017,2.5,77.65,6.2,2
2019,8,29,13,31.6,27.2,610,1016,2.4,77.57,6.3,3
2019,8,29,14,31.3,27.2,400,1016,2.3,79.09,6.4,3
2019,8,29,15,30.9,27.3,90,1016,2.2,81.37,6.6,3
2019,8,29,16,30.5,27.4,53,1016,2,83.8,6.7,3
2019,8,29,17,30,27.6,195,1017,1.5,87.18,6.8,1
2019,8,29,18,29.5,27.6,19,1017,1.2,89.78,6.9,1
2019,8,29,19,29.4,27.6,0,1017,1.1,89.89,6.9,0
2019,8,29,20,29.3,27.5,0,1018,1.8,90.07,6.9,1
2019,8,29,21,29.2,27.5,0,1018,2.2,90.4,7,1
2019,8,29,22,29.1,27.4,0,1018,2.3,90.61,7,4
2019,8,29,23,29,27.3,0,1018,2.2,90.43,6.9,3
2019,8,30,0,28.8,27.1,0,1017,2.2,90.5,6.7,1
2019,8,30,1,28.6,26.9,0,1017,2.3,90.74,6.5,1
2019,8,30,2,28.5,26.8,0,1016,2.1,90.51,6.3,3
2019,8,30,3,28.6,26.7,0,1016,1.7,89.69,6.3,7
2019,8,30,4,28.5,26.7,0,1017,1.4,89.9,6.5,7
2019,8,30,5,28.5,26.7,0,1018,1.1,89.99,6.5,3
2019,8,30,6,28.8,26.9,42,1018,0.8,89.74,6.5,1
2019,8,30,7,29.2,26.9,10,1019,0.9,87.37,6.6,7
2019,8,30,8,29.5,26.7,118,1019,1.1,85.08,6.7,7
2019,8,30,9,29.6,26.6,59,1019,1.4,84.1,6.8,8
2019,8,30,10,29.5,26.6,94,1019,1.8,84.32,7,8
2019,8,30,11,29.5,26.6,879,1019,2,84.51,7,1
2019,8,30,12,29.4,26.6,730,1018,2.1,85.06,7.1,7
2019,8,30,13,29.3,26.7,80,1017,2.2,86.09,7.1,6
2019,8,30,14,29.3,26.8,61,1017,2.1,86.37,7.1,6
2019,8,30,15,29.2,26.8,49,1018,1.9,87.14,7,6
2019,8,30,16,29.1,26.8,74,1018,1.6,87.42,6.9,6
2019,8,30,17,28.9,26.6,14,1018,1.3,87.4,6.7,6
2019,8,30,18,28.7,26.2,4,1018,1.1,86.61,6.6,7
2019,8,30,19,28.5,26.2,0,1019,1.4,87.47,6.4,7
2019,8,30,20,28.4,26.3,0,1019,1.8,88.34,6.3,7
2019,8,30,21,28.3,26.4,0,1019,2,89.35,6.3,7
2019,8,30,22,28.1,26.5,0,1020,2.2,90.79,6.3,7
2019,8,30,23,28,26.5,0,1019,2.4,91.47,6.3,7
2019,8,31,0,27.9,26.5,0,1018,2.8,92.37,6.4,7
2019,8,31,1,27.9,26.6,0,1018,3,92.44,6.4,7
2019,8,31,2,27.8,26.4,0,1017,3.1,92.26,6.4,7
2019,8,31,3,27.7,26.4,0,1017,3.1,92.41,6.5,7
2019,8,31,4,27.7,26.3,0,1018,3.1,92.27,6.6,1
2019,8,31,5,27.8,26.3,0,1018,3.1,91.72,6.5,0
2019,8,31,6,28.3,26.6,44,1019,3.4,90.62,6.2,0
2019,8,31,7,28.7,26.8,242,1019,3.9,89.73,6,1
2019,8,31,8,29,27,464,1019,4.2,88.85,5.9,0
2019,8,31,9,29.3,27,666,1019,4.5,87.45,5.7,0
2019,8,31,10,29.7,26.9,824,1019,4.7,85.18,5.7,0
2019,8,31,11,29.9,26.9,926,1019,4.8,83.9,5.7,0
2019,8,31,12,30,26.8,955,1018,4.9,82.83,5.7,0
2019,8,31,13,30,26.7,913,1017,5,82.45,5.7,0
2019,8,31,14,30,26.7,804,1017,5,82.46,5.7,0
2019,8,31,15,29.8,26.7,637,1017,5,83.6,5.7,0
2019,8,31,16,29.6,26.7,430,1017,4.9,84.45,5.7,0
2019,8,31,17,29.2,26.6,206,1017,4.9,85.82,5.7,0
2019,8,31,18,28.8,26.5,21,1018,5,87.34,5.6,0
2019,8,31,19,28.6,26.4,0,1018,5.3,88.13,5.5,0
2019,8,31,20,28.5,26.5,0,1019,5.4,88.7,5.4,0
2019,8,31,21,28.4,26.4,0,1019,5.5,89.2,5.3,0
2019,8,31,22,28.3,26.4,0,1019,5.4,89.6,5.3,0
2019,8,31,23,28.3,26.4,0,1018,5.1,89.25,5.3,0
2019,9,1,0,28.2,26.3,0,1018,4.8,89.37,5.3,0
2019,9,1,1,28.1,26.2,0,1017,4.4,89.19,5.3,0
2019,9,1,2,28,26,0,1017,3.9,88.88,5.4,0
2019,9,1,3,27.9,25.8,0,1018,3.4,88.63,5.5,3
2019,9,1,4,27.9,25.7,0,1018,3.1,87.79,5.4,3
2019,9,1,5,27.8,25.6,0,1019,3,87.74,5.5,0
2019,9,1,6,28.4,25.9,44,1019,3.4,86.42,5.5,0
2019,9,1,7,29,26,242,1019,4,83.71,5.6,0
2019,9,1,8,29.8,25.9,464,1019,4.2,79.52,5.7,0
2019,9,1,9,30.2,26.1,663,1019,4.3,78.85,5.8,0
2019,9,1,10,30.5,26.3,817,1019,4.5,78.26,5.9,0
2019,9,1,11,30.7,26.4,917,1019,4.6,78.02,5.9,0
2019,9,1,12,30.9,26.6,590,1019,4.6,77.8,6,2
2019,9,1,13,30.8,26.7,575,1018,4.8,78.75,6.1,2
2019,9,1,14,30.5,26.8,791,1018,4.9,80.54,6.2,0
2019,9,1,15,30.1,26.9,624,1018,4.9,82.93,6.3,1
2019,9,1,16,29.7,27,417,1018,4.7,85.47,6.3,0
2019,9,1,17,29.2,27,174,1018,4.6,88.1,6.4,7
2019,9,1,18,28.8,26.9,17,1018,4.7,89.33,6.4,7
2019,9,1,19,28.6,26.7,0,1019,4.8,89.54,6.4,7
2019,9,1,20,28.5,26.6,0,1020,4.7,89.47,6.4,7
2019,9,1,21,28.3,26.5,0,1020,4.6,89.85,6.4,7
2019,9,1,22,28.2,26.4,0,1020,4.5,89.81,6.3,7
2019,9,1,23,28.1,26.3,0,1020,4.4,89.79,6.2,7
2019,9,2,0,28,26.1,0,1019,4.2,89.46,6.1,7
2019,9,2,1,27.9,26,0,1019,4.1,89.27,6,4
2019,9,2,2,27.8,25.8,0,1019,4,89.15,5.9,7
2019,9,2,3,27.7,25.7,0,1019,4,89.08,5.8,0
2019,9,2,4,27.7,25.6,0,1019,3.9,88.53,5.7,0
2019,9,2,5,27.6,25.5,0,1019,3.8,88.56,5.6,0
2019,9,2,6,28,25.8,46,1019,3.8,87.85,5.6,0
2019,9,2,7,28.6,25.9,248,1020,4.1,85.25,5.6,0
2019,9,2,8,29.2,26,471,1020,4.2,82.74,5.6,0
2019,9,2,9,29.7,26.2,672,1020,4.2,81.76,5.7,0
2019,9,2,10,30,26.4,827,1020,4.3,81.3,5.7,0
2019,9,2,11,30.2,26.5,925,1019,4.3,80.74,5.7,0
2019,9,2,12,30.3,26.6,953,1019,4.3,80.68,5.7,0
2019,9,2,13,30.4,26.7,910,1018,4.3,80.53,5.7,0
2019,9,2,14,30.2,26.7,801,1018,4.2,81.71,5.8,0
2019,9,2,15,29.9,26.8,633,1018,4.1,83.51,5.8,0
2019,9,2,16,29.5,26.9,424,1018,4.1,85.83,5.8,0
2019,9,2,17,29,26.9,199,1018,4,88.44,5.8,0
2019,9,2,18,28.7,26.8,18,1019,4,89.51,5.7,0
2019,9,2,19,28.6,26.7,0,1019,4.2,89.68,5.7,0
2019,9,2,20,28.5,26.7,0,1019,4.3,89.88,5.6,0
2019,9,2,21,28.4,26.6,0,1019,4.4,90.05,5.6,0
2019,9,2,22,28.4,26.5,0,1019,4.5,89.63,5.6,0
2019,9,2,23,28.3,26.4,0,1018,4.4,89.63,5.5,0
2019,9,3,0,28.2,26.3,0,1017,4.2,89.6,5.5,0
2019,9,3,1,28.1,26.3,0,1017,4,89.73,5.5,0
2019,9,3,2,28.1,26.2,0,1017,3.8,89.23,5.5,0
2019,9,3,3,28,26,0,1017,3.6,89.12,5.6,0
2019,9,3,4,28,25.9,0,1017,3.5,88.57,5.6,0
2019,9,3,5,28,25.9,0,1017,3.5,88.27,5.6,1
2019,9,3,6,28.4,26.2,45,1018,4,88,5.5,1
2019,9,3,7,28.9,26.5,245,1018,4.5,86.98,5.5,0
2019,9,3,8,29.4,26.6,400,1018,5.1,84.72,5.5,7
2019,9,3,9,29.8,26.3,553,1018,5.7,81.66,5.6,3
2019,9,3,10,30.1,26.3,824,1018,6,80.03,5.7,0
2019,9,3,11,30.3,26.3,919,1018,6.1,79.1,5.8,0
2019,9,3,12,30.5,26.3,848,1017,6.1,78.2,5.9,7
2019,9,3,13,30.5,26.3,900,1016,6.1,78.39,6,0
2019,9,3,14,30.3,26.4,784,1016,6.1,79.56,6.1,1
2019,9,3,15,30.1,26.4,595,1016,5.9,80.78,6.2,7
2019,9,3,16,29.7,26.6,408,1016,5.4,83.6,6.3,0
2019,9,3,17,29.2,26.8,161,1016,4.9,86.89,6.3,7
2019,9,3,18,28.8,26.8,13,1016,4.6,89.01,6.4,7
2019,9,3,19,28.7,26.8,0,1017,4.6,89.44,6.4,7
2019,9,3,20,28.6,26.7,0,1017,4.6,89.61,6.4,8
2019,9,3,21,28.5,26.6,0,1017,4.7,89.55,6.3,7
2019,9,3,22,28.4,26.5,0,1017,4.6,89.41,6.2,7
2019,9,3,23,28.3,26.4,0,1017,4.4,89.36,6,7
2019,9,4,0,28.1,26.3,0,1016,4,89.83,5.9,7
2019,9,4,1,28,26.2,0,1016,3.6,89.89,5.8,7
2019,9,4,2,27.9,26.1,0,1015,3.3,90.01,5.8,7
2019,9,4,3,27.8,26.1,0,1015,3.1,90.32,5.9,3
2019,9,4,4,27.8,26,0,1016,3.1,90.06,6,1
2019,9,4,5,27.7,25.9,0,1016,3.1,90.19,6.1,1
2019,9,4,6,28.2,26.2,18,1016,3.6,88.95,6.2,3
2019,9,4,7,28.7,26.2,112,1017,4.2,86.54,6.4,3
2019,9,4,8,29.1,26.1,441,1017,4.5,83.83,6.5,1
2019,9,4,9,29.4,26,219,1017,4.8,82.05,6.6,3
2019,9,4,10,29.6,26,166,1017,5,81.2,6.7,6
2019,9,4,11,29.7,26,227,1016,5.2,80.75,6.8,6
2019,9,4,12,29.7,26.1,585,1016,5.3,80.98,6.8,7
2019,9,4,13,29.6,26.1,473,1015,5.4,81.65,6.8,7
2019,9,4,14,29.4,26.2,427,1015,5.6,82.77,6.8,7
2019,9,4,15,29.1,26.2,89,1015,5.8,84.53,6.8,8
2019,9,4,16,28.7,26.3,31,1014,5.9,87.14,6.8,7
2019,9,4,17,28.3,26.5,66,1014,5.6,90.17,6.8,4
2019,9,4,18,28.1,26.6,4,1014,5.1,91.52,6.8,7
2019,9,4,19,28.1,26.6,0,1015,4.9,91.34,6.7,3
2019,9,4,20,28,26.5,0,1015,4.5,91.34,6.7,1
2019,9,4,21,28,26.3,0,1015,3.9,90.7,6.7,0
2019,9,4,22,27.9,26.3,0,1015,3.4,90.89,6.8,3
2019,9,4,23,27.8,26.2,0,1015,3.3,90.99,6.8,0
2019,9,5,0,27.8,26.2,0,1014,3.5,90.76,6.8,1
2019,9,5,1,27.7,26.1,0,1014,3.7,91.23,6.7,1
2019,9,5,2,27.7,26.1,0,1013,4,90.88,6.6,3
2019,9,5,3,27.6,25.9,0,1013,4.2,90.71,6.6,3
2019,9,5,4,27.6,25.8,0,1013,4.4,90.19,6.5,3
2019,9,5,5,27.5,25.8,0,1013,4.3,90.54,6.5,3
2019,9,5,6,27.8,26,31,1013,4.5,89.94,6.5,3
2019,9,5,7,28.1,26.1,189,1014,4.7,88.76,6.6,3
2019,9,5,8,28.5,26.1,76,1014,4.9,86.89,6.6,3
2019,9,5,9,29,26.1,107,1014,5.1,84.61,6.7,8
2019,9,5,10,29.2,26.2,246,1014,5.3,83.89,6.7,6
2019,9,5,11,29.4,26.3,284,1013,5.6,83.28,6.7,6
2019,9,5,12,29.4,26.3,220,1013,5.7,83.42,6.8,8
2019,9,5,13,29.3,26.3,78,1012,5.8,83.8,6.8,6
2019,9,5,14,29.1,26.3,179,1012,5.7,84.76,6.8,6
2019,9,5,15,28.9,26.3,208,1011,5.5,85.83,6.8,6
2019,9,5,16,28.6,26.3,239,1011,5.3,87.51,6.8,7
2019,9,5,17,28.3,26.4,153,1011,4.7,89.32,6.7,7
2019,9,5,18,28,26.4,10,1012,4.1,90.79,6.7,7
2019,9,5,19,27.9,26.2,0,1012,3.9,90.74,6.6,7
2019,9,5,20,27.8,26.1,0,1012,3.6,90.59,6.5,7
2019,9,5,21,27.8,26,0,1012,3.5,89.99,6.5,4
2019,9,5,22,27.7,25.9,0,1012,3.6,89.95,6.4,7
2019,9,5,23,27.7,25.8,0,1011,3.7,89.42,6.4,7
2019,9,6,0,27.7,25.8,0,1011,3.7,89.19,6.4,7
2019,9,6,1,27.7,25.7,0,1010,3.8,89.06,6.4,7
2019,9,6,2,27.6,25.8,0,1010,3.8,89.68,6.3,7
2019,9,6,3,27.6,25.8,0,1010,3.7,89.84,6.3,3
2019,9,6,4,27.6,25.8,0,1011,3.6,90.11,6.2,7
2019,9,6,5,27.6,25.9,0,1011,3.7,90.32,6.2,8
2019,9,6,6,28,26.1,37,1011,4,89.31,6.2,1
2019,9,6,7,28.5,26.1,231,1012,4.3,86.9,6.1,1
2019,9,6,8,28.9,26,173,1012,4.5,84.4,6.1,3
2019,9,6,9,29.3,25.9,442,1012,4.6,81.99,6.1,7
2019,9,6,10,29.7,25.8,642,1012,4.6,79.6,6,3
2019,9,6,11,30,25.7,782,1012,4.5,77.91,6,7
2019,9,6,12,30.3,25.7,844,1011,4.2,76.39,5.9,7
2019,9,6,13,30.5,25.6,739,1011,3.8,75.12,5.8,2
2019,9,6,14,30.5,25.5,791,1010,3.2,74.57,5.8,1
2019,9,6,15,30.5,25.5,622,1010,2.3,74.58,5.8,0
2019,9,6,16,30.5,25.5,379,1011,1.5,74.68,5.8,7
2019,9,6,17,30.3,25.3,186,1011,1.3,74.69,5.8,1
2019,9,6,18,29.6,25.7,11,1012,1.5,79.61,5.9,1
2019,9,6,19,29.3,25.8,0,1012,1.8,81.55,6,7
2019,9,6,20,29,25.9,0,1013,2.1,83.57,6,7
2019,9,6,21,28.8,26,0,1013,2.2,84.78,6,7
2019,9,6,22,28.5,25.9,0,1012,2.2,85.86,5.9,7
2019,9,6,23,28.4,25.8,0,1012,2,86.02,5.9,1
2019,9,7,0,28.3,25.8,0,1012,1.8,86.34,6,0
2019,9,7,1,28.2,25.8,0,1012,1.7,86.84,6,7
2019,9,7,2,28.1,25.8,0,1012,1.6,87.14,6.1,3
2019,9,7,3,27.9,25.7,0,1012,1.4,87.91,6,1
2019,9,7,4,27.8,25.6,0,1012,1.2,87.9,6,0
2019,9,7,5,27.7,25.6,0,1013,1,88.26,6,0
2019,9,7,6,28.2,26.1,37,1013,1.2,88.42,6,0
2019,9,7,7,28.9,26.3,229,1014,1.5,85.81,6,0
2019,9,7,8,29.4,26.4,448,1014,2,83.7,6,0
2019,9,7,9,29.9,26.4,645,1014,2.5,81.61,6,0
2019,9,7,10,30.2,26.5,742,1014,3,80.57,6,7
2019,9,7,11,30.4,26.5,794,1013,3.3,79.59,6,7
2019,9,7,12,30.5,26.4,816,1014,3,78.85,6,7
2019,9,7,13,30.4,26.3,667,1014,2.7,78.64,6.1,8
2019,9,7,14,30.2,26.1,278,1013,2.5,78.78,6,8
2019,9,7,15,29.9,26,113,1013,2.2,79.63,5.9,4
2019,9,7,16,29.6,25.9,314,1014,1.8,80.73,5.8,8
2019,9,7,17,29.2,26,76,1014,1.4,82.88,5.8,8
2019,9,7,18,28.6,25.9,7,1014,1.2,85.56,5.8,1
2019,9,7,19,28.5,25.9,0,1015,1.3,85.65,5.8,0
2019,9,7,20,28.3,25.7,0,1016,1.2,86.04,5.8,1
2019,9,7,21,28.2,25.5,0,1016,1,85.47,5.8,7
2019,9,7,22,28.1,25.3,0,1016,0.9,84.84,5.8,0
2019,9,7,23,28,25.1,0,1015,0.9,84.06,5.8,0
2019,9,8,0,28.1,24.8,0,1015,0.6,82.28,5.7,0
2019,9,8,1,28.2,24.6,0,1015,0.3,80.72,5.6,1
2019,9,8,2,28,24.6,0,1015,0.7,81.57,5.5,1
2019,9,8,3,27.7,24.6,0,1015,1,83.36,5.4,0
2019,9,8,4,27.5,24.7,0,1015,1.2,84.85,5.3,0
2019,9,8,5,27.4,24.8,0,1015,1.3,85.75,5.3,7
2019,9,8,6,27.9,25.4,34,1016,1.2,86.13,5.2,1
2019,9,8,7,28.9,25.3,17,1016,1.4,80.88,5.2,3
2019,9,8,8,29.4,25.1,441,1016,1.6,77.48,5.3,1
2019,9,8,9,29.9,25.2,637,1016,1.7,75.77,5.3,1
2019,9,8,10,30.2,25.3,592,1016,1.9,75.24,5.3,2
2019,9,8,11,30.5,25.4,360,1016,2,74.27,5.3,3
2019,9,8,12,30.5,25.4,710,1015,2,74.3,5.3,2
2019,9,8,13,30.3,25.4,648,1015,2,74.97,5.4,3
2019,9,8,14,30,25.3,296,1015,1.8,75.82,5.3,4
2019,9,8,15,29.7,25.1,415,1015,1.6,76.25,5.3,8
2019,9,8,16,29.3,25.1,67,1015,1.5,77.93,5.2,4
2019,9,8,17,28.8,25.3,22,1016,1.9,81.59,5,3
2019,9,8,18,28.3,25.5,0,1016,2.4,84.65,4.9,0
2019,9,8,19,28,25.5,0,1016,2.9,86.21,4.7,1
2019,9,8,20,27.8,25.4,0,1016,3.3,86.86,4.5,0
2019,9,8,21,27.6,25.2,0,1016,3.4,86.94,4.4,0
2019,9,8,22,27.5,25,0,1016,3.3,86.2,4.3,0
2019,9,8,23,27.4,24.8,0,1016,3.1,85.71,4.2,0
2019,9,9,0,27.3,24.7,0,1016,2.9,85.58,4.1,0
2019,9,9,1,27.2,24.6,0,1015,2.8,85.67,4.1,0
2019,9,9,2,27.2,24.5,0,1015,2.6,85.42,4.1,0
2019,9,9,3,27.1,24.5,0,1015,2.5,85.68,4.1,0
2019,9,9,4,27.1,24.5,0,1016,2.3,85.47,4.1,0
2019,9,9,5,27.1,24.4,0,1016,2.2,85.29,4.1,0
2019,9,9,6,27.8,25.1,37,1017,2,85.22,4,0
2019,9,9,7,29,25,233,1017,2,79.15,4,0
2019,9,9,8,29.8,24.5,455,1018,1.9,73.47,4,0
2019,9,9,9,30.1,24.6,655,1018,1.8,72.47,4,0
2019,9,9,10,30.4,24.7,808,1018,1.8,71.65,4.1,0
2019,9,9,11,30.6,24.7,910,1017,1.8,70.92,4.1,0
2019,9,9,12,30.7,24.8,829,1017,1.9,70.7,4.2,7
2019,9,9,13,30.6,24.8,173,1017,2,71.2,4.3,3
2019,9,9,14,30.5,24.8,768,1016,2,71.55,4.3,0
2019,9,9,15,30.2,24.9,328,1016,2.2,73.28,4.3,7
2019,9,9,16,29.8,25.2,313,1016,2.3,76.19,4.4,7
2019,9,9,17,29.3,25.3,136,1017,2.4,79.19,4.4,7
2019,9,9,18,28.7,25.4,0,1017,2.3,82.25,4.3,4
2019,9,9,19,28.5,25.3,0,1017,2.5,83.07,4.4,7
2019,9,9,20,28.4,25.4,0,1018,2.5,83.76,4.4,0
2019,9,9,21,28.3,25.4,0,1018,2.5,84.43,4.5,3
2019,9,9,22,28.3,25.4,0,1018,2.4,84.49,4.6,3
2019,9,9,23,28.2,25.4,0,1018,2.3,84.94,4.7,7
2019,9,10,0,28,25.4,0,1018,2.2,85.92,4.8,1
2019,9,10,1,27.8,25.4,0,1017,2.1,86.86,4.9,0
2019,9,10,2,27.7,25.4,0,1017,2.1,87.33,5,1
2019,9,10,3,27.6,25.4,0,1018,2.1,87.73,5.2,7
2019,9,10,4,27.5,25.3,0,1018,1.9,87.72,5.3,3
2019,9,10,5,27.5,25.2,0,1019,1.8,87.15,5.3,3
2019,9,10,6,28,25.6,37,1019,1.7,87,5.4,0
2019,9,10,7,29,25.6,232,1020,1.7,81.72,5.4,0
2019,9,10,8,30,24.9,453,1020,1.2,74.33,5.4,0
2019,9,10,9,30.3,24.8,652,1020,1.4,72.44,5.4,0
2019,9,10,10,30.6,24.9,805,1020,1.8,71.81,5.5,0
2019,9,10,11,30.9,25.2,905,1020,2.1,71.52,5.6,0
2019,9,10,12,31,25.4,929,1019,2.5,72.27,5.7,1
2019,9,10,13,31,25.7,704,1019,2.8,73.45,5.8,2
2019,9,10,14,30.9,25.9,768,1018,3.1,74.75,5.9,0
2019,9,10,15,30.6,26.1,597,1018,3.4,76.95,6.1,0
2019,9,10,16,30.2,26.3,389,1019,3.6,79.9,6.1,0
2019,9,10,17,29.6,26.6,168,1019,3.6,83.88,6.2,0
2019,9,10,18,29,26.7,0,1020,3.5,87.2,6.1,0
2019,9,10,19,28.9,26.7,0,1020,3.7,87.91,6,0
2019,9,10,20,28.8,26.8,0,1021,4,88.78,6,0
2019,9,10,21,28.8,26.8,0,1021,4.3,88.99,5.9,0
2019,9,10,22,28.8,26.8,0,1021,4.4,89.02,5.9,0
2019,9,10,23,28.7,26.8,0,1021,4.4,89.46,5.9,0
2019,9,11,0,28.6,26.7,0,1021,4.4,89.72,5.9,6
2019,9,11,1,28.5,26.7,0,1021,4.2,89.78,5.9,0
2019,9,11,2,28.5,26.6,0,1021,3.9,89.29,5.8,0
2019,9,11,3,28.4,26.5,0,1021,3.6,89.41,5.8,0
2019,9,11,4,28.3,26.4,0,1021,3.3,89.54,5.7,0
2019,9,11,5,28.2,26.3,0,1021,2.9,89.67,5.5,1
2019,9,11,6,28.7,26.7,39,1022,2.8,88.99,5.3,0
2019,9,11,7,29.4,26.8,241,1022,3,85.7,5.1,0
2019,9,11,8,30.1,26.7,468,1023,2.9,81.9,5,0
2019,9,11,9,30.6,26.5,671,1023,3.1,78.68,4.9,0
2019,9,11,10,30.9,26.3,828,1022,3.5,76.57,4.8,0
2019,9,11,11,31,26.1,925,1022,3.8,75.33,4.8,0
2019,9,11,12,31,26.1,949,1022,4.1,75.06,4.9,0
2019,9,11,13,30.9,26.1,903,1021,4.3,75.82,4.9,0
2019,9,11,14,30.6,26.3,787,1021,4.5,78.06,5,0
2019,9,11,15,30.2,26.6,615,1021,4.6,81.01,5,0
2019,9,11,16,29.6,26.8,402,1021,4.6,85,5,0
2019,9,11,17,29.1,27,174,1021,4.2,88.47,5,0
2019,9,11,18,28.7,27,0,1021,4,90.72,4.9,0
2019,9,11,19,28.7,27.1,0,1021,4.1,90.92,4.9,0
2019,9,11,20,28.7,27.1,0,1022,4.2,91.09,4.9,0
2019,9,11,21,28.6,27.1,0,1022,4.3,91.42,4.8,0
2019,9,11,22,28.6,27,0,1022,4.3,90.86,4.8,0
2019,9,11,23,28.4,26.8,0,1022,4.3,91.07,4.7,7
2019,9,12,0,28.3,26.6,0,1021,4.2,90.33,4.6,0
2019,9,12,1,28.1,26.4,0,1021,4,90.3,4.5,0
2019,9,12,2,28,26.2,0,1021,3.8,89.89,4.4,0
2019,9,12,3,27.9,26,0,1021,3.6,89.56,4.3,0
2019,9,12,4,27.8,25.9,0,1021,3.4,89.4,4.1,0
2019,9,12,5,27.7,25.8,0,1021,3.3,89.47,4,0
2019,9,12,6,28.3,26.2,41,1021,3.7,88.38,4,0
2019,9,12,7,28.9,26.4,248,1021,4.2,86.38,4,0
2019,9,12,8,29.4,26.4,478,1022,4.6,83.98,4,0
2019,9,12,9,30,26.4,680,1022,4.8,81.07,4.1,0
2019,9,12,10,30.4,26.3,837,1021,4.8,79,4.1,0
2019,9,12,11,30.6,26.4,679,1021,4.9,78.18,4,2
2019,9,12,12,30.7,26.4,958,1020,5,77.71,4,0
2019,9,12,13,30.6,26.4,910,1020,5.1,78.17,4,0
2019,9,12,14,30.4,26.3,788,1019,5.2,78.98,4,0
2019,9,12,15,30.1,26.4,611,1019,5.2,80.4,4.2,0
2019,9,12,16,29.7,26.4,395,1019,5,82.34,4.3,0
2019,9,12,17,29.1,26.6,167,1019,4.5,86.34,4.5,0
2019,9,12,18,28.6,26.7,0,1019,4.1,89.27,4.6,0
2019,9,12,19,28.5,26.6,0,1019,4.1,89.66,4.7,0
2019,9,12,20,28.4,26.6,0,1020,4.2,89.84,4.8,0
2019,9,12,21,28.4,26.4,0,1020,4.3,89.13,4.8,0
2019,9,12,22,28.3,26.3,0,1020,4.3,88.85,4.7,0
2019,9,12,23,28.2,26.1,0,1019,4.1,88.46,4.7,0
2019,9,13,0,28.1,25.9,0,1019,4,88.09,4.7,0
2019,9,13,1,28,25.8,0,1018,3.8,87.67,4.7,0
2019,9,13,2,27.9,25.6,0,1018,3.5,87.44,4.6,0
2019,9,13,3,27.8,25.5,0,1018,3.4,87.27,4.6,0
2019,9,13,4,27.7,25.4,0,1018,3.3,87.25,4.6,0
2019,9,13,5,27.7,25.3,0,1018,3.3,87.03,4.6,0
2019,9,13,6,28.3,25.8,38,1019,3.5,86.49,4.6,0
2019,9,13,7,29,26,240,1019,3.9,83.78,4.6,0
2019,9,13,8,29.5,25.9,465,1019,4,81.25,4.7,0
2019,9,13,9,30,25.9,666,1019,4,78.79,4.8,1
2019,9,13,10,30.3,25.9,821,1019,4.1,77.32,4.8,0
2019,9,13,11,30.5,25.8,917,1019,4.3,76.26,4.9,0
2019,9,13,12,30.6,25.9,937,1018,4.4,75.88,5,0
2019,9,13,13,30.5,25.9,886,1017,4.6,76.43,5.1,0
2019,9,13,14,30.3,25.9,767,1017,4.7,77.31,5.1,0
2019,9,13,15,30,25.8,591,1017,4.8,78.42,5.1,0
2019,9,13,16,29.5,25.8,376,1017,4.6,80.54,5.1,0
2019,9,13,17,28.9,25.8,153,1017,4.1,83.58,5,0
2019,9,13,18,28.5,25.8,0,1018,3.6,85.31,5,0
2019,9,13,19,28.3,25.7,0,1018,3.5,85.68,4.9,0
2019,9,13,20,28.2,25.6,0,1019,3.4,85.6,4.8,0
2019,9,13,21,28,25.4,0,1019,3.3,85.85,4.7,0
2019,9,13,22,27.8,25.2,0,1019,3.1,85.98,4.6,7
2019,9,13,23,27.6,25.1,0,1019,3,86.17,4.6,7
2019,9,14,0,27.5,24.9,0,1018,2.9,85.91,4.5,7
2019,9,14,1,27.4,24.8,0,1018,2.8,85.56,4.5,7
2019,9,14,2,27.3,24.6,0,1017,2.8,85.13,4.4,3
2019,9,14,3,27.1,24.4,0,1017,2.8,85.33,4.3,7
2019,9,14,4,27,24.3,0,1017,2.8,85.12,4.2,7
2019,9,14,5,26.8,24.2,0,1018,2.9,85.46,4.2,7
2019,9,14,6,27.5,24.5,30,1018,3.1,83.91,4.2,1
2019,9,14,7,28.1,24.5,221,1019,3.7,81.05,4.2,1
2019,9,14,8,28.6,24.6,441,1019,4,79.13,4.3,0
2019,9,14,9,29.1,24.8,86,1019,4.3,77.83,4.4,3
2019,9,14,10,29.4,25.1,522,1019,4.6,77.87,4.5,3
2019,9,14,11,29.6,25.4,905,1018,4.8,78.32,4.6,0
2019,9,14,12,29.8,25.6,929,1018,4.9,78.4,4.7,0
2019,9,14,13,29.8,25.7,879,1017,4.9,78.88,4.8,0
2019,9,14,14,29.8,25.8,757,1017,5,79.39,4.9,0
2019,9,14,15,29.6,25.9,515,1017,5,80.74,4.9,7
2019,9,14,16,29.3,26,368,1017,5,82.55,4.9,0
2019,9,14,17,28.8,26.2,146,1017,4.6,85.87,5,0
2019,9,14,18,28.4,26.2,0,1018,4.4,88.09,5,0
2019,9,14,19,28.3,26.2,0,1019,4.5,88.34,5,0
2019,9,14,20,28.3,26,0,1019,4.6,87.38,4.9,0
2019,9,14,21,28.2,25.8,0,1020,4.6,86.9,4.7,0
2019,9,14,22,28.1,25.6,0,1019,4.5,86.13,4.5,0
2019,9,14,23,27.9,25.3,0,1019,4.3,85.89,4.3,0
2019,9,15,0,27.7,25.1,0,1019,4.1,85.58,4,0
2019,9,15,1,27.5,24.8,0,1018,3.8,85.24,3.8,3
2019,9,15,2,27.3,24.6,0,1018,3.6,85.3,3.5,0
2019,9,15,3,27.2,24.5,0,1017,3.5,84.98,3.4,0
2019,9,15,4,27.1,24.3,0,1017,3.4,84.79,3.3,0
2019,9,15,5,27,24.2,0,1018,3.4,84.82,3.3,3
2019,9,15,6,27.7,24.6,32,1018,3.6,83.23,3.4,1
2019,9,15,7,28.3,24.7,88,1019,4.1,80.79,3.5,3
2019,9,15,8,28.8,24.7,71,1019,4.4,78.38,3.8,3
2019,9,15,9,29.3,24.7,79,1019,4.7,76.53,4,3
2019,9,15,10,29.5,24.9,69,1019,5,76.44,4.3,3
2019,9,15,11,29.6,25.1,167,1018,5.3,76.97,4.7,3
2019,9,15,12,29.5,25.3,126,1018,5.6,78.1,5,3
2019,9,15,13,29.4,25.3,141,1017,6,78.8,5.3,3
2019,9,15,14,29.2,25.4,745,1017,6.3,79.83,5.5,1
2019,9,15,15,29,25.4,160,1017,6.4,80.79,5.7,3
2019,9,15,16,28.6,25.4,270,1017,6.2,82.87,5.7,3
2019,9,15,17,28.2,25.5,45,1017,5.5,85.28,5.6,3
2019,9,15,18,27.9,25.5,0,1017,4.7,86.82,5.6,0
2019,9,15,19,27.8,25.5,0,1018,4.3,87.18,5.7,3
2019,9,15,20,27.8,25.4,0,1018,4,86.82,5.8,3
2019,9,15,21,27.7,25.3,0,1018,3.8,86.91,6,0
2019,9,15,22,27.7,25.2,0,1018,3.7,86.35,6.1,3
2019,9,15,23,27.6,25.1,0,1018,3.7,86.23,6.2,1
2019,9,16,0,27.6,25,0,1018,3.9,85.71,6.2,4
2019,9,16,1,27.5,24.9,0,1017,4,85.66,6.2,3
2019,9,16,2,27.5,24.8,0,1017,4,85.36,6.2,3
2019,9,16,3,27.4,24.7,0,1017,4.1,85.49,6.2,1
2019,9,16,4,27.4,24.7,0,1017,4.2,85.2,6.2,1
2019,9,16,5,27.3,24.7,0,1018,4.1,85.68,6.2,3
2019,9,16,6,27.7,24.9,30,1018,4.3,84.95,6.2,1
2019,9,16,7,28.1,25.2,221,1019,4.7,84.18,6.2,0
2019,9,16,8,28.5,25.2,36,1019,5,82.52,6.3,3
2019,9,16,9,28.9,25.2,489,1019,5.3,80.55,6.3,2
2019,9,16,10,29.1,25.1,94,1018,5.7,79.13,6.2,3
2019,9,16,11,29.2,24.8,651,1018,6.2,77.31,6.1,2
2019,9,16,12,29.1,24.3,236,1018,6.6,75.25,5.9,3
2019,9,16,13,28.8,23.5,92,1017,6.6,73.21,5.6,3
2019,9,16,14,28.6,23,223,1017,6.4,71.61,5.2,3
2019,9,16,15,28.3,22.6,167,1017,6,71.38,4.9,3
2019,9,16,16,28,22.5,131,1018,5.5,71.89,4.7,3
2019,9,16,17,27.4,22.4,141,1018,4.7,74.34,4.6,1
2019,9,16,18,26.8,22.2,0,1018,4.2,76.04,4.5,1
2019,9,16,19,26.7,22.1,0,1019,4.1,76.08,4.4,0
2019,9,16,20,26.6,22.2,0,1019,4.1,76.83,4.3,0
2019,9,16,21,26.5,22.4,0,1019,3.9,78.36,4.3,0
2019,9,16,22,26.4,22.8,0,1019,3.8,80.62,4.3,0
2019,9,16,23,26.5,23.3,0,1019,3.7,82.62,4.5,0
2019,9,17,0,26.6,23.6,0,1019,3.8,83.86,4.6,1
2019,9,17,1,26.7,23.8,0,1018,4.1,84.33,4.8,0
2019,9,17,2,26.8,24,0,1018,4.3,84.43,4.8,3
2019,9,17,3,26.9,24.1,0,1018,4.5,84.56,4.8,1
2019,9,17,4,26.9,24.2,0,1019,4.6,85.3,4.7,1
2019,9,17,5,27,24.4,0,1019,4.7,85.48,4.7,3
2019,9,17,6,27.4,24.6,28,1020,5.2,84.89,4.6,1
2019,9,17,7,27.9,24.7,43,1020,5.9,82.98,4.5,3
2019,9,17,8,28.3,24.4,115,1020,6.4,79.63,4.4,3
2019,9,17,9,28.7,24.2,631,1020,6.6,76.9,4.4,1
2019,9,17,10,28.9,24.2,211,1020,6.6,75.65,4.4,3
2019,9,17,11,29,24,138,1020,6.5,74.62,4.4,3
2019,9,17,12,29,23.9,179,1020,6.4,74.01,4.4,3
2019,9,17,13,28.9,23.8,300,1019,6.3,73.79,4.4,3
2019,9,17,14,28.7,23.6,738,1019,6.2,73.93,4.3,1
2019,9,17,15,28.4,23.4,563,1019,6.1,74.51,4.3,1
2019,9,17,16,27.9,23.3,353,1019,5.9,76.28,4.2,1
2019,9,17,17,27.3,23.3,135,1019,5.3,78.86,4.2,0
2019,9,17,18,26.9,23.2,0,1020,4.9,80.02,4.2,0
2019,9,17,19,26.8,23,0,1020,4.8,79.92,4.2,0
2019,9,17,20,26.7,23,0,1021,4.8,80.23,4.2,0
2019,9,17,21,26.6,23,0,1021,4.8,80.55,4.2,0
2019,9,17,22,26.5,23,0,1021,4.7,81.03,4.3,1
2019,9,17,23,26.4,23.1,0,1021,4.6,81.97,4.3,1
2019,9,18,0,26.4,23.3,0,1020,4.5,82.92,4.4,3
2019,9,18,1,26.3,23.5,0,1020,4.6,84.46,4.5,1
2019,9,18,2,26.5,23.6,0,1019,4.9,84.19,4.5,3
2019,9,18,3,26.6,23.6,0,1019,5.6,83.44,4.4,3
2019,9,18,4,26.6,23.2,0,1020,6,81.84,4.3,3
2019,9,18,5,26.5,22.8,0,1020,6,80.37,4.1,3
2019,9,18,6,26.7,22.7,12,1021,6.1,78.88,4,3
2019,9,18,7,27.2,22.9,93,1021,6.3,77.42,4.1,3
2019,9,18,8,27.7,23.2,432,1022,6.6,76.36,4.2,0
2019,9,18,9,28.3,23.6,538,1022,7.1,75.56,4.4,2
2019,9,18,10,28.6,23.8,437,1022,7.6,75.32,4.6,3
2019,9,18,11,28.7,23.7,73,1021,8.1,74.58,4.6,3
2019,9,18,12,28.7,23.5,77,1021,8.4,73.69,4.5,3
2019,9,18,13,28.5,23.5,158,1021,8.4,74.23,4.5,3
2019,9,18,14,28.3,23.4,148,1021,8.4,74.9,4.6,3
2019,9,18,15,28,23.3,49,1021,8.4,75.66,4.6,3
2019,9,18,16,27.6,23.1,28,1021,8.2,76.57,4.6,3
2019,9,18,17,27.2,22.8,10,1021,7.9,76.88,4.5,3
2019,9,18,18,26.8,22.4,0,1022,7.8,76.71,4.4,3
2019,9,18,19,26.6,22.1,0,1023,7.5,76.16,4.2,3
2019,9,18,20,26.5,21.8,0,1023,7.2,75.48,4,3
2019,9,18,21,26.4,21.6,0,1023,6.9,74.89,3.7,0
2019,9,18,22,26.2,21.3,0,1023,6.5,74.67,3.6,0
2019,9,18,23,26,21.1,0,1023,6.1,74.49,3.4,1
2019,9,19,0,25.8,20.9,0,1022,5.8,74.54,3.3,3
2019,9,19,1,25.7,20.9,0,1022,5.5,74.65,3.2,3
2019,9,19,2,25.6,20.9,0,1021,5.4,75.13,3.3,0
2019,9,19,3,25.5,20.9,0,1021,5.5,75.79,3.3,0
2019,9,19,4,25.5,21,0,1021,5.5,75.97,3.4,3
2019,9,19,5,25.5,21,0,1021,5.7,75.96,3.4,3
2019,9,19,6,25.8,21.1,19,1022,6,75.37,3.5,1
2019,9,19,7,26.3,21.4,202,1022,6.5,74.29,3.7,1
2019,9,19,8,26.8,21.4,192,1022,7.1,72.14,3.8,3
2019,9,19,9,27.2,21.2,607,1022,7.4,69.91,3.8,1
2019,9,19,10,27.5,21.3,365,1022,7.6,68.85,3.9,3
2019,9,19,11,27.6,21.3,368,1022,7.8,68.52,3.9,3
2019,9,19,12,27.6,21.2,202,1021,7.9,68.3,4,3
2019,9,19,13,27.5,21.3,451,1020,7.9,68.77,4,3
2019,9,19,14,27.3,21.3,176,1020,7.9,69.8,4,3
2019,9,19,15,26.9,21.3,120,1019,7.8,71.3,4.1,3
2019,9,19,16,26.4,21.3,78,1020,7.6,73.68,4.2,3
2019,9,19,17,25.9,21.4,29,1020,7,76.31,4.2,3
2019,9,19,18,25.7,21.4,0,1020,6.6,77.1,4.2,3
2019,9,19,19,25.6,21.4,0,1020,6.4,77.69,4.2,3
2019,9,19,20,25.5,21.5,0,1021,6.3,78.35,4.3,3
2019,9,19,21,25.4,21.5,0,1021,6.2,79.27,4.5,3
2019,9,19,22,25.4,21.7,0,1020,6,79.78,4.6,3
2019,9,19,23,25.4,21.7,0,1020,6,80.23,4.7,3
2019,9,20,0,25.4,21.7,0,1019,6.4,80.18,4.8,3
2019,9,20,1,25.4,21.7,0,1018,6.5,80.21,4.9,3
2019,9,20,2,25.4,21.8,0,1017,6.6,80.42,5,3
2019,9,20,3,25.4,21.8,0,1017,6.7,80.67,5.1,3
2019,9,20,4,25.3,21.9,0,1017,6.8,81.54,5.2,3
2019,9,20,5,25.3,22,0,1017,6.9,81.73,5.3,3
2019,9,20,6,25.4,22,18,1017,7.1,81.47,5.3,1
2019,9,20,7,25.8,22.1,16,1018,7.6,80.02,5.3,3
2019,9,20,8,26.1,21.9,36,1017,8.2,77.67,5.3,3
2019,9,20,9,26.2,21.7,55,1017,8.6,76.1,5.3,3
2019,9,20,10,26.3,21.5,67,1017,8.7,75.08,5.3,3
2019,9,20,11,26.3,21.4,66,1017,8.7,74.48,5.4,7
2019,9,20,12,26.2,21.2,309,1016,8.6,74.19,5.4,7
2019,9,20,13,26.1,21.1,71,1016,8.5,74,5.4,3
2019,9,20,14,26,21,64,1015,8.3,73.98,5.5,3
2019,9,20,15,25.8,20.9,48,1015,8.1,74.6,5.7,3
2019,9,20,16,25.6,20.9,27,1015,7.8,75.47,5.8,3
2019,9,20,17,25.3,21,9,1015,7.2,77.12,5.9,3
2019,9,20,18,25,21,0,1015,6.9,78.61,6,3
2019,9,20,19,25,21.1,0,1015,6.9,78.98,6.1,4
2019,9,20,20,25,21.2,0,1015,6.9,79.24,6.2,8
2019,9,20,21,25,21.1,0,1015,7.2,78.78,6.3,3
2019,9,20,22,24.8,20.9,0,1015,7.3,79.13,6.4,4
2019,9,20,23,24.5,20.8,0,1014,7.6,79.69,6.5,4
2019,9,21,0,24.2,20.7,0,1013,8,80.8,6.7,3
2019,9,21,1,23.9,20.9,0,1012,8,83.47,6.7,3
2019,9,21,2,23.8,21.3,0,1011,8,85.73,6.7,3
2019,9,21,3,23.9,21.6,0,1011,8.2,86.9,6.7,3
2019,9,21,4,24.1,21.9,0,1011,8.4,87.33,6.7,3
2019,9,21,5,24.2,22.1,0,1011,8.3,87.92,6.8,3
2019,9,21,6,24.3,22.2,3,1011,8.2,88.13,6.8,3
2019,9,21,7,24.6,22.3,16,1012,8.1,87.25,6.7,3
2019,9,21,8,24.8,22.3,36,1012,8.3,86.02,6.7,3
2019,9,21,9,25,22.2,55,1012,8.4,84.56,6.7,3
2019,9,21,10,25.3,22.2,148,1012,8.3,82.77,6.7,3
2019,9,21,11,25.4,22.1,72,1012,8.1,82.22,6.7,3
2019,9,21,12,25.5,22.2,108,1012,8,81.93,6.6,3
2019,9,21,13,25.5,22.2,71,1012,7.7,81.87,6.6,3
2019,9,21,14,25.5,22.1,97,1013,7.4,81.64,6.5,3
2019,9,21,15,25.4,22.1,91,1013,7,81.99,6.4,3
2019,9,21,16,25.2,22.1,47,1014,6.4,83.14,6.4,4
2019,9,21,17,24.9,22.1,14,1014,5.7,84.71,6.3,3
2019,9,21,18,24.8,22.1,0,1015,5.1,85.04,6.3,4
2019,9,21,19,24.9,22,0,1016,4.7,84.17,6.2,3
2019,9,21,20,24.9,21.9,0,1017,4.3,83.63,6.1,3
2019,9,21,21,25,21.7,0,1017,4.2,81.88,5.9,3
2019,9,21,22,25.1,21.4,0,1018,4.3,79.85,5.7,3
2019,9,21,23,25.1,21.1,0,1017,4.5,78.54,5.5,3
2019,9,22,0,25.1,20.9,0,1017,4.6,77.65,5.3,3
2019,9,22,1,25,20.8,0,1017,4.6,77.34,5.1,1
2019,9,22,2,24.8,20.6,0,1017,4.5,77.64,5,1
2019,9,22,3,24.6,20.5,0,1018,4.3,78.06,4.9,1
2019,9,22,4,24.4,20.4,0,1018,4.2,78.4,4.8,0
2019,9,22,5,24.3,20.4,0,1019,4.1,78.71,4.8,0
2019,9,22,6,24.8,20.7,27,1020,4.3,78.23,4.8,1
2019,9,22,7,25.6,20.8,71,1021,4.9,74.92,4.8,3
2019,9,22,8,26.1,20.7,97,1021,5.1,71.97,4.7,3
2019,9,22,9,26.5,20.6,120,1022,5.2,70.09,4.7,3
2019,9,22,10,26.9,20.5,140,1022,5.3,68.2,4.7,3
2019,9,22,11,27,20.4,294,1021,5.4,67.33,4.7,3
2019,9,22,12,26.9,20.3,337,1021,5.5,67.23,4.6,3
2019,9,22,13,26.8,20.2,298,1021,5.4,67.23,4.6,3
2019,9,22,14,26.7,20.1,374,1021,5.2,67.25,4.5,3
2019,9,22,15,26.4,20.1,244,1021,4.9,68.14,4.5,3
2019,9,22,16,26.1,20.1,91,1022,4.5,69.54,4.4,3
2019,9,22,17,25.4,20.4,121,1023,3.8,73.87,4.3,1
2019,9,22,18,24.8,20.4,0,1023,3.4,76.69,4.3,1
2019,9,22,19,24.8,20.4,0,1024,3.3,76.78,4.3,1
2019,9,22,20,24.8,20.5,0,1025,3.2,76.87,4.3,1
2019,9,22,21,24.8,20.5,0,1025,3.1,77.07,4.4,3
2019,9,22,22,24.8,20.6,0,1025,3,77.48,4.5,3
2019,9,22,23,24.7,20.7,0,1025,3.2,78.61,4.5,3
2019,9,23,0,24.6,20.9,0,1025,3.4,79.9,4.6,3
2019,9,23,1,24.5,20.9,0,1024,3.6,80.21,4.6,3
2019,9,23,2,24.4,20.7,0,1024,3.8,79.91,4.6,3
2019,9,23,3,24.4,20.5,0,1025,4,78.78,4.5,0
2019,9,23,4,24.3,20.3,0,1025,4.2,78.18,4.5,0
2019,9,23,5,24.2,20.1,0,1026,4.2,77.96,4.4,3
2019,9,23,6,24.6,20.3,11,1026,4.3,77.06,4.3,3
2019,9,23,7,25.3,20.5,104,1027,4.8,74.76,4.3,3
2019,9,23,8,25.8,20.3,420,1028,5,71.87,4.2,1
2019,9,23,9,26.2,20.3,349,1028,4.9,69.93,4.2,3
2019,9,23,10,26.5,20.3,116,1027,4.9,68.91,4.2,3
2019,9,23,11,26.7,20.4,263,1027,4.9,68.19,4.1,3
2019,9,23,12,26.8,20.4,728,1027,5,67.87,4.1,7
2019,9,23,13,26.7,20.3,631,1026,5.1,68.11,4,8
2019,9,23,14,26.5,20.4,166,1026,5.2,69.03,3.9,3
2019,9,23,15,26.2,20.5,538,1026,5.1,70.77,3.9,0
2019,9,23,16,25.8,20.7,326,1026,4.8,73.62,3.9,0
2019,9,23,17,25.2,21.1,112,1027,4.1,78.17,3.9,0
2019,9,23,18,24.7,21.3,0,1027,3.7,81.23,3.8,0
2019,9,23,19,24.7,21.5,0,1028,3.7,82.23,3.8,3
2019,9,23,20,24.7,21.6,0,1028,3.7,82.74,3.9,3
2019,9,23,21,24.7,21.6,0,1028,3.6,82.81,3.9,3
2019,9,23,22,24.7,21.6,0,1028,3.6,82.66,3.9,1
2019,9,23,23,24.7,21.5,0,1028,3.7,82.35,3.9,3
2019,9,24,0,24.7,21.3,0,1027,3.8,81.63,3.9,3
2019,9,24,1,24.7,21.2,0,1027,3.9,80.9,3.9,3
2019,9,24,2,24.7,21.1,0,1027,4.1,80.2,3.9,3
2019,9,24,3,24.7,20.9,0,1027,4.3,79.45,3.9,3
2019,9,24,4,24.7,20.7,0,1027,4.4,78.54,3.9,3
2019,9,24,5,24.6,20.6,0,1028,4.6,78.29,3.9,3
2019,9,24,6,25,20.7,10,1028,4.9,76.87,3.9,3
2019,9,24,7,25.6,20.8,79,1029,5.4,74.79,3.8,3
2019,9,24,8,26,20.6,214,1029,5.7,72.22,3.8,3
2019,9,24,9,26.3,20.4,129,1029,5.8,70,3.7,3
2019,9,24,10,26.6,20.3,104,1029,5.7,68.49,3.7,3
2019,9,24,11,26.7,20.3,85,1028,5.6,67.81,3.6,3
2019,9,24,12,26.6,20.1,134,1028,5.5,67.72,3.6,3
2019,9,24,13,26.6,20,180,1027,5.5,67.3,3.5,3
2019,9,24,14,26.4,20,163,1027,5.5,67.82,3.5,3
2019,9,24,15,26.1,20,548,1027,5.5,68.98,3.4,1
2019,9,24,16,25.7,20,332,1027,5.3,70.8,3.5,0
2019,9,24,17,25,20.1,114,1027,4.7,74.37,3.5,0
2019,9,24,18,24.5,20.1,0,1028,4.2,76.75,3.6,1
2019,9,24,19,24.4,20.2,0,1028,4.1,77.21,3.6,1
2019,9,24,20,24.3,20.2,0,1029,4,77.82,3.7,3
2019,9,24,21,24.2,20.2,0,1029,3.8,78.19,3.7,1
2019,9,24,22,24.1,20.1,0,1028,3.8,78.41,3.8,1
2019,9,24,23,24,20.1,0,1028,3.7,78.72,3.8,0
2019,9,25,0,23.9,20,0,1028,3.7,78.83,3.7,0
2019,9,25,1,23.8,19.9,0,1027,3.7,78.63,3.7,0
2019,9,25,2,23.7,19.8,0,1027,3.6,78.63,3.6,0
2019,9,25,3,23.6,19.7,0,1027,3.6,78.68,3.6,1
2019,9,25,4,23.6,19.6,0,1027,3.6,78.52,3.5,3
2019,9,25,5,23.6,19.6,0,1027,3.6,78.31,3.4,3
2019,9,25,6,24.1,20,10,1028,3.7,77.74,3.4,3
2019,9,25,7,25.1,20,79,1028,4.3,73.34,3.3,3
2019,9,25,8,25.7,20,442,1029,4.4,70.8,3.3,0
2019,9,25,9,26.3,20.1,645,1029,4.5,68.94,3.3,1
2019,9,25,10,26.7,20.3,800,1028,4.6,67.88,3.3,0
2019,9,25,11,27,20.4,893,1028,4.7,67.38,3.3,0
2019,9,25,12,27.2,20.6,912,1027,4.9,67.1,3.3,0
2019,9,25,13,27.2,20.6,855,1027,5.1,67.43,3.4,0
2019,9,25,14,27,20.7,731,1026,5.3,68.36,3.4,0
2019,9,25,15,26.7,20.7,550,1026,5.3,69.68,3.5,0
2019,9,25,16,26.4,20.8,334,1027,5.1,71.46,3.5,0
2019,9,25,17,25.7,21,114,1027,4.5,75.48,3.5,0
2019,9,25,18,25,21,0,1027,4.1,78.65,3.6,0
2019,9,25,19,24.9,21.1,0,1028,4.1,79.38,3.6,0
2019,9,25,20,24.8,21.2,0,1028,4,80.25,3.6,1
2019,9,25,21,24.7,21.3,0,1029,3.8,81.2,3.7,3
2019,9,25,22,24.6,21.3,0,1028,3.7,82.06,3.7,0
2019,9,25,23,24.6,21.4,0,1028,3.5,82.38,3.8,0
2019,9,26,0,24.6,21.5,0,1027,3.5,82.71,3.8,1
2019,9,26,1,24.6,21.6,0,1027,3.5,83.27,3.9,1
2019,9,26,2,24.7,21.7,0,1027,3.5,83.43,3.9,0
2019,9,26,3,24.6,21.9,0,1027,3.6,84.69,4,0
2019,9,26,4,24.6,22,0,1027,3.7,85.38,4,0
2019,9,26,5,24.6,22.1,0,1027,3.8,86.15,4,1
2019,9,26,6,25.1,22.6,25,1027,4.2,86.04,4.1,1
2019,9,26,7,25.9,23,216,1028,4.8,84.16,4.1,1
2019,9,26,8,26.6,23.1,438,1028,5.1,81.33,4.2,1
2019,9,26,9,27.2,23.2,240,1028,5.3,78.96,4.3,3
2019,9,26,10,27.6,23.4,581,1027,5.4,77.88,4.4,3
2019,9,26,11,28,23.6,81,1027,5.5,76.84,4.5,3
2019,9,26,12,28.1,23.6,169,1026,5.5,76.78,4.6,3
2019,9,26,13,28.1,23.8,260,1026,5.6,77.32,4.7,3
2019,9,26,14,27.8,23.8,701,1026,5.8,79.07,4.8,0
2019,9,26,15,27.5,23.9,525,1026,5.8,80.85,4.9,1
2019,9,26,16,27,24,316,1026,5.7,83.49,4.9,1
2019,9,26,17,26.5,24,103,1026,5.2,85.98,5,1
2019,9,26,18,26.2,23.9,0,1027,4.9,87.22,5.1,1
2019,9,26,19,26.1,23.8,0,1027,4.8,87.41,5.1,1
2019,9,26,20,26.1,23.8,0,1028,4.7,87.24,5.2,3
2019,9,26,21,26,23.8,0,1028,4.6,87.59,5.3,4
2019,9,26,22,26,23.8,0,1028,4.5,87.54,5.4,7
2019,9,26,23,25.9,23.8,0,1027,4.4,88.13,5.6,7
2019,9,27,0,25.9,23.9,0,1027,4.5,88.53,5.7,4
2019,9,27,1,25.9,23.9,0,1026,4.6,88.89,5.8,7
2019,9,27,2,25.9,24,0,1026,4.8,89.33,5.9,7
2019,9,27,3,26,24.1,0,1026,4.9,89.17,5.9,7
2019,9,27,4,26,24.1,0,1026,5,89.51,5.9,7
2019,9,27,5,26,24.2,0,1026,5.1,89.76,5.9,7
2019,9,27,6,26.2,24.3,22,1026,5.2,89.5,5.9,1
2019,9,27,7,26.6,24.6,94,1027,5.5,88.75,5.8,3
2019,9,27,8,27,24.7,367,1027,5.8,87.33,5.7,7
2019,9,27,9,27.5,24.8,413,1027,5.9,85.13,5.7,7
2019,9,27,10,27.9,24.9,348,1027,5.8,83.59,5.6,6
2019,9,27,11,28.1,25,132,1026,5.7,83.12,5.6,6
2019,9,27,12,28.2,25.1,72,1026,5.5,83.21,5.7,6
2019,9,27,13,28.2,25.2,63,1025,5.4,83.61,5.8,6
2019,9,27,14,28.1,25.2,59,1025,5.5,84.37,5.8,7
2019,9,27,15,27.8,25.3,100,1025,5.6,86.06,5.9,7
2019,9,27,16,27.3,25.3,34,1025,5.6,88.63,5.9,6
2019,9,27,17,26.9,25.2,20,1025,5.2,90.37,5.9,7
2019,9,27,18,26.7,25.1,0,1025,4.9,91.12,5.9,7
2019,9,27,19,26.7,25.1,0,1025,4.9,91.15,5.9,7
2019,9,27,20,26.8,25.2,0,1026,4.8,90.98,5.9,7
2019,9,27,21,26.8,25.2,0,1026,4.6,91.21,5.9,7
2019,9,27,22,26.8,25.3,0,1026,4.4,91.37,5.9,6
2019,9,27,23,26.7,25.3,0,1025,4.4,91.9,5.9,7
2019,9,28,0,26.7,25.2,0,1025,4.5,91.73,5.9,4
2019,9,28,1,26.6,25.1,0,1024,4.5,91.71,5.9,4
2019,9,28,2,26.5,25,0,1024,4.5,91.62,5.9,7
2019,9,28,3,26.4,24.9,0,1024,4.5,91.38,6,8
2019,9,28,4,26.3,24.8,0,1024,4.4,91.22,6,4
2019,9,28,5,26.2,24.7,0,1024,4.2,91.21,6,8
2019,9,28,6,26.4,24.7,15,1025,4.1,90.66,5.9,8
2019,9,28,7,26.7,24.9,119,1025,4.3,90.06,5.9,8
2019,9,28,8,27.1,25,22,1025,4.6,88.11,5.9,8
2019,9,28,9,27.4,25,52,1025,4.7,86.67,5.9,8
2019,9,28,10,27.7,25,61,1025,4.8,85.26,5.9,8
2019,9,28,11,27.9,25,191,1025,4.9,84.45,6,4
2019,9,28,12,28.1,25.1,296,1024,5,83.61,6.1,8
2019,9,28,13,28,25,99,1024,5,84.03,6.1,8
2019,9,28,14,27.8,25,46,1023,5.1,84.74,6.1,6
2019,9,28,15,27.6,24.9,29,1023,5,85.43,6.2,7
2019,9,28,16,27.2,24.9,191,1023,4.9,87.21,6.2,7
2019,9,28,17,26.7,24.8,6,1023,4.4,89.6,6.2,8
2019,9,28,18,26.3,24.8,0,1024,4.2,91.25,6.2,8
2019,9,28,19,26.2,24.7,0,1024,4.4,91.26,6.3,7
2019,9,28,20,26.2,24.6,0,1025,4.4,91.05,6.4,7
2019,9,28,21,26.1,24.7,0,1025,4.4,91.75,6.4,7
2019,9,28,22,26.2,24.8,0,1025,4.5,91.8,6.4,3
2019,9,28,23,26.3,24.9,0,1024,4.8,91.91,6.3,3
2019,9,29,0,26.4,25,0,1023,5.3,91.94,6.2,3
2019,9,29,1,26.5,25.1,0,1023,5.6,91.89,6,8
2019,9,29,2,26.5,25.1,0,1022,5.4,91.99,5.8,8
2019,9,29,3,26.6,25.1,0,1022,5.3,91.6,5.7,7
2019,9,29,4,26.6,25.1,0,1022,5,91.69,5.6,6
2019,9,29,5,26.6,25.1,0,1023,4.8,91.73,5.6,6
2019,9,29,6,26.7,25.2,3,1023,4.8,91.75,5.6,7
2019,9,29,7,27.1,25.4,10,1024,5.2,90.37,5.6,7
2019,9,29,8,27.3,25.4,140,1024,5.3,89.14,5.6,8
2019,9,29,9,27.6,25.3,312,1024,5.3,87.46,5.7,8
2019,9,29,10,27.8,25.3,786,1024,5.5,86.25,5.7,1
2019,9,29,11,28.1,25.3,680,1023,5.7,84.7,5.8,8
2019,9,29,12,28.2,25.3,394,1022,5.9,84.42,5.9,3
2019,9,29,13,28.2,25.4,675,1022,6.1,84.68,6,2
2019,9,29,14,28,25.4,177,1021,6.1,85.91,6.1,3
2019,9,29,15,27.8,25.5,114,1021,6.2,87.35,6.1,8
2019,9,29,16,27.6,25.6,23,1021,6,89.02,6.1,3
2019,9,29,17,27.3,25.7,28,1021,5.5,91.21,6.1,8
2019,9,29,18,27.2,25.7,0,1021,5.5,91.61,6.1,7
2019,9,29,19,27.2,25.8,0,1022,5.7,91.88,6,7
2019,9,29,20,27.2,25.8,0,1022,5.7,92.16,5.9,8
2019,9,29,21,27.1,25.9,0,1022,5.5,92.9,5.8,7
2019,9,29,22,27.1,25.9,0,1021,5.4,93.13,5.7,7
2019,9,29,23,27.1,25.9,0,1021,5.5,93.05,5.8,7
2019,9,30,0,27.1,25.8,0,1020,5.5,92.76,5.9,7
2019,9,30,1,27.1,25.8,0,1019,5.7,92.51,6,7
2019,9,30,2,27.1,25.8,0,1019,5.7,92.47,6.3,6
2019,9,30,3,27,25.7,0,1019,6,92.4,6.5,7
2019,9,30,4,27,25.5,0,1019,6.4,91.66,6.6,7
2019,9,30,5,26.9,25.3,0,1019,6.9,90.96,6.7,6
2019,9,30,6,26.8,25.1,8,1019,7.6,90.29,6.7,6
2019,9,30,7,26.8,25.1,53,1018,8.4,90.53,6.7,6
2019,9,30,8,27,25.2,183,1018,8.8,90.08,6.7,6
2019,9,30,9,27.1,25.4,121,1018,9,90.21,6.7,6
2019,9,30,10,27.3,25.3,190,1017,9.3,88.97,6.7,6
2019,9,30,11,27.2,25.2,331,1015,9.8,88.77,6.9,6
2019,9,30,12,27,25,359,1014,10.5,89.04,7.2,7
2019,9,30,13,27,25.1,520,1012,11.1,89.3,7.4,7
2019,9,30,14,27.1,25.3,311,1012,11.4,89.77,7.3,6
2019,9,30,15,27.1,25.4,68,1011,12.1,90.25,7.3,6
2019,9,30,16,27,25.3,47,1010,13,90.18,7.4,6
2019,9,30,17,26.8,25,22,1008,14,89.64,7.6,6
2019,9,30,18,26.5,24.8,0,1007,14.4,90.18,7.7,6
2019,9,30,19,26.5,24.9,0,1006,13.9,90.87,7.9,6
2019,9,30,20,26.6,25.3,0,1004,12.2,92.45,8.1,6
2019,9,30,21,26.9,25.7,0,1003,10.1,92.97,8.2,7
2019,9,30,22,27,25.9,0,1002,8.4,93.89,8.2,6
2019,9,30,23,27.2,26.1,0,1002,6.8,93.76,8.1,6
2019,10,1,0,27.2,26.1,0,1002,6.1,93.86,8,6
2019,10,1,1,27.1,26.1,0,1002,5.5,94.07,7.9,7
2019,10,1,2,26.9,25.9,0,1003,5.3,94.41,7.7,7
2019,10,1,3,26.8,25.7,0,1004,6.3,93.66,7.4,3
2019,10,1,4,26.4,25.1,0,1006,9.2,92.71,7.1,4
2019,10,1,5,26,24.2,0,1008,10.3,89.85,7,4
2019,10,1,6,26,23.4,7,1010,10.2,85.85,6.6,7
2019,10,1,7,26.4,23,87,1012,10,81.86,6.1,8
2019,10,1,8,27,22.9,127,1014,9.6,78.25,5.9,3
2019,10,1,9,27.8,22.9,482,1015,9,74.59,5.6,3
2019,10,1,10,28.6,22.8,672,1015,8.2,71.06,5.4,7
2019,10,1,11,29.2,22.9,762,1016,7.5,68.91,5.1,7
2019,10,1,12,29.6,22.9,736,1016,6.9,67.46,4.8,3
2019,10,1,13,29.8,23,758,1016,6.2,66.9,4.7,7
2019,10,1,14,29.9,23.1,658,1016,5.4,66.91,4.7,7
2019,10,1,15,29.8,23.2,525,1016,4.6,67.77,4.7,0
2019,10,1,16,29.4,23.2,309,1017,3.7,69.45,4.7,1
2019,10,1,17,28.4,23.6,93,1017,2.8,75.49,4.7,0
2019,10,1,18,27.6,23.4,0,1018,2.7,78.07,4.8,1
2019,10,1,19,27.3,23.4,0,1018,2.7,79.17,4.8,0
2019,10,1,20,27.1,23.5,0,1019,2.8,80.73,4.7,7
2019,10,1,21,26.9,23.7,0,1019,2.7,82.58,4.7,0
2019,10,1,22,26.8,23.9,0,1019,2.6,84.11,4.7,1
2019,10,1,23,26.8,24,0,1019,2.5,84.75,4.7,0
2019,10,2,0,26.9,24,0,1019,2.2,84.23,4.8,0
2019,10,2,1,26.9,24,0,1019,2.1,84.01,4.8,1
2019,10,2,2,26.7,23.9,0,1019,2,84.52,4.7,0
2019,10,2,3,26.4,23.7,0,1019,1.9,85.31,4.7,3
2019,10,2,4,26.1,23.5,0,1020,2.1,85.37,4.6,3
2019,10,2,5,25.9,23.2,0,1020,2.2,84.85,4.5,3
2019,10,2,6,26.4,23.4,15,1020,2.2,83.84,4.4,3
2019,10,2,7,27.7,23.7,202,1021,2.5,78.82,4.3,0
2019,10,2,8,28.9,23.8,419,1021,2.3,74.03,4.2,0
2019,10,2,9,29.8,23.8,613,1021,2.3,70.38,4.2,0
2019,10,2,10,30.2,24,757,1021,2.4,69.31,4.2,0
2019,10,2,11,30.5,24.2,851,1021,2.6,68.96,4.3,0
2019,10,2,12,30.5,24.3,858,1021,2.7,69.73,4.4,0
2019,10,2,13,30.4,24.5,796,1020,2.7,70.89,4.4,0
2019,10,2,14,30.2,24.7,671,1020,2.5,72.44,4.5,0
2019,10,2,15,29.8,24.9,492,1020,2.2,74.98,4.5,0
2019,10,2,16,29.4,25,282,1020,1.7,77.44,4.5,0
2019,10,2,17,28.6,25.4,78,1020,1.2,82.97,4.5,0
2019,10,2,18,27.9,25.1,0,1021,1.1,84.94,4.4,0
2019,10,2,19,27.3,25.2,0,1021,1.2,88.17,4.4,0
2019,10,2,20,26.9,25.2,0,1022,1.5,90.16,4.4,0
2019,10,2,21,26.6,25.1,0,1022,1.8,91.59,4.4,0
2019,10,2,22,26.5,25.1,0,1022,1.9,91.77,4.4,0
2019,10,2,23,26.4,24.9,0,1022,2,91.52,4.4,0
2019,10,3,0,26.3,24.7,0,1022,1.9,91.03,4.3,0
2019,10,3,1,26.2,24.5,0,1022,1.8,90.64,4.3,0
2019,10,3,2,26.1,24.4,0,1021,1.5,90.25,4.3,0
2019,10,3,3,26.1,24.2,0,1021,1.3,89.54,4.3,0
2019,10,3,4,26,24.1,0,1022,1.2,89.52,4.4,0
2019,10,3,5,26,24,0,1022,1.2,88.96,4.4,0
2019,10,3,6,26.4,24.4,13,1023,1,88.7,4.4,0
2019,10,3,7,27.6,24.6,185,1023,1.1,83.7,4.5,0
2019,10,3,8,28.4,24.3,394,1024,1,78.56,4.5,0
2019,10,3,9,28.9,24.3,582,1024,1,76.22,4.5,0
2019,10,3,10,29.2,24.6,725,1023,1.1,76.39,4.5,0
2019,10,3,11,29.4,24.7,809,1023,1.3,75.72,4.5,0
2019,10,3,12,29.5,24.5,822,1022,1.5,74.61,4.5,0
2019,10,3,13,29.4,24.4,378,1022,1.6,74.52,4.5,3
2019,10,3,14,29.2,24.3,187,1021,1.6,75.03,4.5,3
2019,10,3,15,28.9,24.2,471,1021,1.5,75.99,4.4,0
2019,10,3,16,28.4,24.3,220,1021,1.6,78.73,4.4,7
2019,10,3,17,27.7,24.4,68,1022,1.9,82.31,4.4,7
2019,10,3,18,27,24.4,0,1022,2.1,85.71,4.3,3
2019,10,3,19,26.7,24.4,0,1022,2.4,87.29,4.2,0
2019,10,3,20,26.6,24.4,0,1023,2.5,87.87,4.1,0
2019,10,3,21,26.4,24.4,0,1023,2.4,88.69,4,0
2019,10,3,22,26.2,24.3,0,1023,2.3,89.31,3.9,0
2019,10,3,23,26.1,24.2,0,1022,2.2,89.19,3.9,0
2019,10,4,0,25.9,24.1,0,1022,2,89.7,3.9,0
2019,10,4,1,25.8,24,0,1022,1.8,89.75,3.9,0
2019,10,4,2,25.7,23.9,0,1022,1.8,89.86,4,0
2019,10,4,3,25.6,23.8,0,1022,1.8,89.98,4.1,0
2019,10,4,4,25.6,23.7,0,1022,1.8,89.47,4.1,0
2019,10,4,5,25.6,23.7,0,1022,1.8,89.05,4.2,0
2019,10,4,6,26,24,14,1023,1.7,88.87,4.2,0
2019,10,4,7,27.3,24.4,189,1023,1.8,84.37,4.3,0
2019,10,4,8,28.1,24.2,401,1023,1.6,79.18,4.3,0
2019,10,4,9,28.7,24,592,1023,1.3,75.92,4.3,0
2019,10,4,10,29.2,24,737,1023,1.4,73.68,4.3,0
2019,10,4,11,29.4,24.1,832,1022,1.6,73.21,4.3,0
2019,10,4,12,29.4,24.1,845,1022,1.7,73.31,4.3,0
2019,10,4,13,29.3,24.1,787,1021,1.9,73.42,4.3,1
2019,10,4,14,29,24,666,1021,2,74.24,4.3,0
2019,10,4,15,28.6,23.9,489,1021,2.2,75.53,4.3,1
2019,10,4,16,28,23.9,281,1021,2.3,78.49,4.3,7
2019,10,4,17,27.3,24.1,68,1021,2.2,82.61,4.2,7
2019,10,4,18,26.7,24,0,1022,2.2,85.23,4.1,0
2019,10,4,19,26.5,24,0,1022,2.4,86.12,4,0
2019,10,4,20,26.4,24,0,1023,2.6,86.79,3.9,0
2019,10,4,21,26.3,24,0,1023,2.8,87.38,3.8,0
2019,10,4,22,26.2,24.1,0,1023,2.8,88.09,3.8,0
2019,10,4,23,26,24.1,0,1023,2.9,89.28,3.9,0
2019,10,5,0,25.9,24.1,0,1023,2.9,89.79,3.9,0
2019,10,5,1,25.8,24,0,1022,2.9,90.08,4,0
2019,10,5,2,25.7,24,0,1022,2.9,90.28,4.1,0
2019,10,5,3,25.6,23.9,0,1022,2.8,90.37,4.2,0
2019,10,5,4,25.6,23.8,0,1023,2.8,89.86,4.2,0
2019,10,5,5,25.6,23.7,0,1023,2.8,89.3,4.2,0
2019,10,5,6,26,23.9,17,1024,2.9,88.08,4.2,0
2019,10,5,7,27,24.2,197,1024,3.6,84.73,4.2,0
2019,10,5,8,27.7,24.3,414,1024,4,81.56,4.1,0
2019,10,5,9,28.2,24.2,611,1025,4.2,79.17,4.1,0
2019,10,5,10,28.6,24.3,761,1025,4.4,77.39,4.1,0
2019,10,5,11,28.9,24.2,855,1024,4.5,75.86,4.1,0
2019,10,5,12,29.2,24.2,870,1024,4.6,74.4,4.1,0
2019,10,5,13,29.1,24.1,811,1023,4.7,74.7,4.2,0
2019,10,5,14,28.9,24.1,680,1023,4.9,75.44,4.2,0
2019,10,5,15,28.6,24.1,500,1023,5,76.81,4.2,0
2019,10,5,16,28.1,24.2,286,1023,4.9,79.48,4.2,0
2019,10,5,17,27.3,24.4,78,1024,4.4,84,4.3,0
2019,10,5,18,26.9,24.3,0,1024,4.2,85.7,4.3,0
2019,10,5,19,26.8,24.3,0,1025,4.4,86.06,4.3,0
2019,10,5,20,26.8,24.2,0,1026,4.4,85.76,4.3,0
2019,10,5,21,26.7,24.1,0,1026,4.4,85.75,4.3,0
2019,10,5,22,26.7,24.1,0,1026,4.6,85.5,4.4,0
2019,10,5,23,26.6,24,0,1026,4.4,85.71,4.4,3
2019,10,6,0,26.5,23.9,0,1026,4.3,85.49,4.4,7
2019,10,6,1,26.4,23.6,0,1026,4.2,84.68,4.4,7
2019,10,6,2,26.3,23.4,0,1026,4.2,84.11,4.4,7
2019,10,6,3,26.2,23.3,0,1026,4.2,84.28,4.4,7
2019,10,6,4,26.1,23.3,0,1026,4.3,84.75,4.4,7
2019,10,6,5,26.1,23.3,0,1026,4.3,84.63,4.4,7
2019,10,6,6,26.4,23.5,14,1027,4.6,84.09,4.4,7
2019,10,6,7,27,23.9,189,1027,5.2,82.96,4.5,0
2019,10,6,8,27.5,23.7,342,1028,5.6,80,4.5,7
2019,10,6,9,27.9,23.5,523,1028,5.9,77.23,4.6,7
2019,10,6,10,28.2,23.5,548,1027,6.1,75.83,4.6,7
2019,10,6,11,28.4,23.5,652,1027,6,74.83,4.6,7
2019,10,6,12,28.4,23.5,773,1026,5.9,74.81,4.7,7
2019,10,6,13,28.3,23.5,740,1026,5.8,75.37,4.7,7
2019,10,6,14,28.1,23.5,659,1025,5.8,76.3,4.8,0
2019,10,6,15,27.7,23.5,481,1025,5.8,78.16,4.8,0
2019,10,6,16,27.1,23.6,272,1025,5.6,81.15,4.8,0
2019,10,6,17,26.6,23.7,69,1026,5.1,84.23,4.8,0
2019,10,6,18,26.4,23.8,0,1026,4.9,85.72,4.9,0
2019,10,6,19,26.4,23.9,0,1027,4.9,86.21,4.8,0
2019,10,6,20,26.3,24,0,1027,4.8,86.95,4.8,0
2019,10,6,21,26.3,24,0,1027,4.7,87.03,4.7,0
2019,10,6,22,26.3,24,0,1027,4.7,87.1,4.6,0
2019,10,6,23,26.3,24,0,1027,4.6,86.97,4.6,0
2019,10,7,0,26.1,23.8,0,1027,4.6,87.35,4.5,0
2019,10,7,1,26,23.6,0,1026,4.5,86.89,4.4,0
2019,10,7,2,25.9,23.5,0,1026,4.3,86.47,4.4,0
2019,10,7,3,25.7,23.3,0,1026,4.1,86.39,4.4,0
2019,10,7,4,25.6,23.1,0,1026,3.9,85.95,4.3,0
2019,10,7,5,25.6,22.9,0,1026,3.8,85.21,4.3,1
2019,10,7,6,25.9,23.1,12,1027,3.8,84.5,4.3,0
2019,10,7,7,26.8,23.4,184,1027,4.2,81.52,4.3,0
2019,10,7,8,27.4,23.4,394,1028,4.4,78.76,4.4,0
2019,10,7,9,28,23.4,585,1028,4.4,76.02,4.4,0
2019,10,7,10,28.4,23.4,730,1027,4.4,74.4,4.4,0
2019,10,7,11,28.7,23.5,822,1027,4.4,73.41,4.4,0
2019,10,7,12,28.9,23.5,836,1026,4.3,72.73,4.4,0
2019,10,7,13,28.9,23.5,779,1025,4.2,72.84,4.4,0
2019,10,7,14,28.7,23.5,653,1025,4.2,73.64,4.4,0
2019,10,7,15,28.4,23.5,477,1025,4.2,74.84,4.3,0
2019,10,7,16,27.8,23.6,269,1025,4.2,77.86,4.3,1
2019,10,7,17,27,23.8,68,1025,3.7,82.52,4.3,0
2019,10,7,18,26.4,23.8,0,1026,3.5,85.64,4.2,0
2019,10,7,19,26.2,23.8,0,1026,3.5,86.83,4.1,0
2019,10,7,20,26.1,23.9,0,1027,3.5,87.73,4.1,0
2019,10,7,21,26,24,0,1027,3.5,88.5,4,0
2019,10,7,22,25.9,23.9,0,1027,3.5,88.82,3.9,0
2019,10,7,23,25.9,23.9,0,1027,3.5,88.62,3.9,0
2019,10,8,0,25.8,23.8,0,1026,3.5,88.67,3.9,0
2019,10,8,1,25.7,23.7,0,1026,3.6,88.73,3.9,0
2019,10,8,2,25.7,23.6,0,1026,3.7,88.23,3.9,0
2019,10,8,3,25.6,23.5,0,1025,3.8,88.08,3.8,0
2019,10,8,4,25.6,23.4,0,1026,4,87.43,3.8,0
2019,10,8,5,25.6,23.2,0,1026,4,86.44,3.7,0
2019,10,8,6,25.9,23.2,14,1027,4.2,84.9,3.6,0
2019,10,8,7,26.6,23.2,191,1027,4.8,81.67,3.6,0
2019,10,8,8,27.1,23,409,1028,5,78.5,3.5,0
2019,10,8,9,27.6,22.9,604,1028,5,75.74,3.5,0
2019,10,8,10,27.9,22.8,749,1028,5.1,73.99,3.6,0
2019,10,8,11,28.1,22.8,621,1027,5.3,72.93,3.6,2
2019,10,8,12,28.1,22.8,856,1027,5.5,72.92,3.6,0
2019,10,8,13,28,22.8,794,1027,5.8,73.47,3.7,0
2019,10,8,14,27.8,22.8,669,1026,5.9,74.4,3.7,0
2019,10,8,15,27.4,22.8,485,1026,6,76.25,3.8,0
2019,10,8,16,27,22.9,270,1026,5.8,78.36,3.8,0
2019,10,8,17,26.3,23.1,64,1027,5.2,82.47,3.9,0
2019,10,8,18,26,23.1,0,1027,5,84.23,4,0
2019,10,8,19,25.9,23.2,0,1028,4.9,84.83,4.1,0
2019,10,8,20,25.8,23.2,0,1028,4.9,85.35,4.2,0
2019,10,8,21,25.7,23.2,0,1028,4.8,86.06,4.3,3
2019,10,8,22,25.7,23.2,0,1028,4.8,86.14,4.4,1
2019,10,8,23,25.6,23.3,0,1028,4.8,86.88,4.5,3
2019,10,9,0,25.5,23.3,0,1027,4.7,87.45,4.5,3
2019,10,9,1,25.5,23.2,0,1026,4.7,87.17,4.5,3
2019,10,9,2,25.4,23.1,0,1026,4.7,87.28,4.5,3
2019,10,9,3,25.4,23.1,0,1026,4.7,86.87,4.5,1
2019,10,9,4,25.4,23,0,1026,4.7,86.37,4.5,3
2019,10,9,5,25.3,22.8,0,1026,4.7,86.27,4.5,3
2019,10,9,6,25.5,22.9,5,1026,4.8,85.45,4.5,3
2019,10,9,7,26,23.1,175,1026,5.3,84.01,4.5,1
2019,10,9,8,26.5,23,183,1027,5.6,81.26,4.5,3
2019,10,9,9,26.9,22.9,257,1027,5.8,78.6,4.5,3
2019,10,9,10,27.3,22.8,426,1026,5.8,76.35,4.5,3
2019,10,9,11,27.5,22.7,311,1026,5.7,75.24,4.4,3
2019,10,9,12,27.5,22.7,341,1025,5.7,74.93,4.4,3
2019,10,9,13,27.2,22.5,754,1024,5.7,75.74,4.4,1
2019,10,9,14,26.9,22.4,646,1024,5.6,76.43,4.3,1
2019,10,9,15,26.6,22.2,352,1024,5.5,76.94,4.3,2
2019,10,9,16,26.1,22,262,1024,5.2,78.32,4.2,1
2019,10,9,17,25.5,21.9,62,1024,4.6,80.38,4.2,0
2019,10,9,18,25.2,21.7,0,1024,4.3,80.72,4.2,0
2019,10,9,19,25,21.4,0,1025,4.1,80.62,4.2,0
2019,10,9,20,24.8,21.2,0,1025,3.9,80.38,4.2,0
2019,10,9,21,24.6,21,0,1025,3.7,80.36,4.2,0
2019,10,9,22,24.5,20.9,0,1025,3.5,80.14,4.2,0
2019,10,9,23,24.4,20.8,0,1025,3.4,80.18,4.2,0
2019,10,10,0,24.3,20.7,0,1024,3.3,80.15,4.2,1
2019,10,10,1,24.1,20.6,0,1024,3.2,80.63,4.2,0
2019,10,10,2,24,20.5,0,1024,3.2,80.7,4.2,0
2019,10,10,3,23.9,20.4,0,1024,3.1,80.8,4.2,0
2019,10,10,4,23.8,20.3,0,1024,3.1,80.85,4.2,0
2019,10,10,5,23.8,20.2,0,1024,3,80.18,4.2,0
2019,10,10,6,24.2,20.4,11,1024,2.8,79.38,4.2,0
2019,10,10,7,25.4,20.5,180,1025,3.2,74.52,4.1,0
2019,10,10,8,26,20.4,389,1025,3.4,71.27,4.1,0
2019,10,10,9,26.5,20.5,575,1025,3.5,69.5,4.2,0
2019,10,10,10,26.8,20.5,716,1024,3.5,68.51,4.2,0
2019,10,10,11,27.1,20.6,822,1024,3.6,67.67,4.2,0
2019,10,10,12,27.3,20.6,836,1023,3.7,66.93,4.2,0
2019,10,10,13,27.3,20.6,777,1022,3.7,66.82,4.2,0
2019,10,10,14,27.2,20.5,658,1022,3.8,67,4.2,0
2019,10,10,15,26.8,20.5,479,1022,3.8,68.23,4.2,0
2019,10,10,16,26.4,20.4,267,1022,3.6,69.76,4.2,0
2019,10,10,17,25.5,20.6,64,1022,3,74.55,4.1,0
2019,10,10,18,25,20.4,0,1022,2.8,75.55,4.1,0
2019,10,10,19,24.9,20.2,0,1023,2.7,74.99,4.1,0
2019,10,10,20,24.8,20,0,1023,2.6,74.48,4,0
2019,10,10,21,24.7,19.8,0,1023,2.5,74.17,4,0
2019,10,10,22,24.7,19.6,0,1023,2.3,73.36,3.9,0
2019,10,10,23,24.7,19.5,0,1023,2.2,72.67,3.9,0
2019,10,11,0,24.5,19.4,0,1022,2.1,73.09,3.8,0
2019,10,11,1,24.4,19.4,0,1022,2.2,73.49,3.8,0
2019,10,11,2,24.3,19.4,0,1022,2.2,74.08,3.8,0
2019,10,11,3,24.1,19.4,0,1022,2.2,75.2,3.7,0
2019,10,11,4,24,19.5,0,1022,2.2,75.97,3.7,0
2019,10,11,5,23.9,19.6,0,1022,2.3,76.79,3.7,0
2019,10,11,6,24.2,20.1,14,1023,2.2,77.72,3.7,0
2019,10,11,7,25.3,20.6,193,1023,2.5,75.17,3.7,0
2019,10,11,8,26,20.6,411,1023,2.8,72.18,3.8,0
2019,10,11,9,26.5,20.9,606,1023,2.9,71.38,3.8,0
2019,10,11,10,26.9,21.2,752,1023,3.1,70.89,3.9,0
2019,10,11,11,27.2,21.4,842,1022,3.3,70.59,3.9,0
2019,10,11,12,27.4,21.6,853,1021,3.4,70.54,4,0
2019,10,11,13,27.5,21.7,793,1021,3.4,70.57,4,0
2019,10,11,14,27.4,21.7,669,1020,3.4,71.02,4,0
2019,10,11,15,27.1,21.7,489,1020,3.3,72.28,4,0
2019,10,11,16,26.7,21.8,274,1020,3.1,74.33,3.9,0
2019,10,11,17,25.8,21.9,65,1020,2.6,79.32,3.9,0
2019,10,11,18,25.3,21.6,0,1021,2.5,79.99,3.9,0
2019,10,11,19,25.3,21.3,0,1021,2.5,78.73,3.9,0
2019,10,11,20,25.3,21.1,0,1022,2.4,77.67,4,0
2019,10,11,21,25.3,20.9,0,1022,2.3,76.65,4,0
2019,10,11,22,25.3,20.7,0,1022,2.2,75.78,4,0
2019,10,11,23,25.3,20.6,0,1022,2.1,75.1,4.1,0
2019,10,12,0,25.2,20.4,0,1022,2,74.85,4.1,0
2019,10,12,1,25.1,20.3,0,1021,2,74.67,4.1,0
2019,10,12,2,24.9,20.2,0,1021,2.1,75.31,4.1,0
2019,10,12,3,24.8,20.2,0,1021,2.2,75.79,4.1,0
2019,10,12,4,24.7,20.3,0,1022,2.3,76.63,4.1,0
2019,10,12,5,24.5,20.5,0,1022,2.5,78.26,4.1,0
2019,10,12,6,24.8,21.1,10,1023,2.5,79.77,4.2,0
2019,10,12,7,26,21.8,178,1023,3,77.68,4.3,0
2019,10,12,8,26.7,22,385,1023,3.4,75.23,4.4,0
2019,10,12,9,27.1,22.4,568,1023,3.7,75.36,4.5,0
2019,10,12,10,27.5,22.7,702,1023,3.9,75.26,4.6,0
2019,10,12,11,27.7,23,778,1023,4,75.57,4.7,0
2019,10,12,12,27.8,23.2,784,1022,4.2,76.04,4.7,0
2019,10,12,13,27.7,23.3,719,1022,4.3,76.96,4.8,0
2019,10,12,14,27.5,23.3,596,1022,4.4,77.89,4.9,0
2019,10,12,15,27.1,23.3,423,1022,4.4,79.61,4.9,0
2019,10,12,16,26.6,23.2,222,1022,4.3,81.87,5,0
2019,10,12,17,26,23.3,34,1022,3.9,84.85,5,0
2019,10,12,18,25.6,23.2,0,1023,3.8,86.38,4.9,0
2019,10,12,19,25.5,23,0,1023,3.8,85.86,4.9,0
2019,10,12,20,25.4,22.7,0,1024,3.8,85.17,4.8,0
2019,10,12,21,25.3,22.5,0,1025,3.7,84.41,4.7,3
2019,10,12,22,25.2,22.2,0,1025,3.7,83.73,4.7,0
2019,10,12,23,25,22,0,1025,3.6,83.69,4.7,0
2019,10,13,0,24.9,21.9,0,1025,3.6,83.3,4.6,0
2019,10,13,1,24.7,21.7,0,1024,3.6,83.47,4.6,0
2019,10,13,2,24.6,21.6,0,1024,3.6,83.18,4.5,0
2019,10,13,3,24.5,21.4,0,1024,3.6,82.83,4.5,3
2019,10,13,4,24.4,21.2,0,1024,3.5,82.46,4.4,1
2019,10,13,5,24.3,21.1,0,1025,3.4,82.24,4.5,3
2019,10,13,6,24.7,21.3,7,1026,3.3,81.31,4.5,0
2019,10,13,7,25.5,21.5,166,1026,3.8,78.61,4.6,0
2019,10,13,8,26,21.4,370,1027,4.2,75.89,4.6,1
2019,10,13,9,26.4,21.4,327,1027,4.4,73.95,4.6,2
2019,10,13,10,26.7,21.4,245,1027,4.6,72.71,4.6,3
2019,10,13,11,27,21.4,545,1026,4.7,71.63,4.6,3
2019,10,13,12,27.2,21.5,354,1026,4.8,71.19,4.6,3
2019,10,13,13,27.1,21.6,228,1025,4.9,71.79,4.6,3
2019,10,13,14,27,21.6,628,1025,4.9,72.38,4.6,1
2019,10,13,15,26.7,21.7,450,1025,4.9,73.88,4.7,1
2019,10,13,16,26.2,21.7,126,1025,4.8,76.47,4.7,3
2019,10,13,17,25.6,21.9,49,1026,4.3,79.92,4.7,0
2019,10,13,18,25.2,21.8,0,1026,4.2,81.45,4.7,1
2019,10,13,19,25.1,21.6,0,1027,4.3,80.94,4.7,3
2019,10,13,20,25,21.3,0,1027,4.3,80.12,4.6,3
2019,10,13,21,24.8,21.1,0,1028,4.2,80,4.6,3
2019,10,13,22,24.7,20.9,0,1028,4.1,79.66,4.5,0
2019,10,13,23,24.5,20.9,0,1028,4.1,80.24,4.5,1
2019,10,14,0,24.5,20.9,0,1028,4.1,80.18,4.4,3
2019,10,14,1,24.4,20.8,0,1028,4.2,80.54,4.4,3
2019,10,14,2,24.4,20.8,0,1027,4.3,80.2,4.3,0
2019,10,14,3,24.4,20.7,0,1027,4.5,79.79,4.2,1
2019,10,14,4,24.4,20.6,0,1028,4.7,79.46,4.1,3
2019,10,14,5,24.4,20.5,0,1028,4.8,78.92,4.1,3
2019,10,14,6,24.6,20.5,6,1028,4.9,77.92,4,1
2019,10,14,7,25.3,20.6,170,1029,5.5,75.11,4,1
2019,10,14,8,25.8,20.4,378,1029,5.9,72.31,4,1
2019,10,14,9,26.2,20.4,57,1030,6.1,70.47,4,3
2019,10,14,10,26.5,20.4,710,1030,6.1,69.37,4,0
2019,10,14,11,26.6,20.5,812,1030,6.2,69.32,4,0
2019,10,14,12,26.6,20.6,387,1029,6.3,69.45,4,3
2019,10,14,13,26.4,20.5,761,1029,6.6,70.21,4,1
2019,10,14,14,26,20.4,482,1029,6.7,71.39,4,2
2019,10,14,15,25.7,20.3,352,1029,6.8,72.08,4,2
2019,10,14,16,25.2,20.3,240,1030,6.7,74.14,4,1
2019,10,14,17,24.7,20.2,24,1030,6.3,76.1,4.1,3
2019,10,14,18,24.5,20.1,0,1030,6.2,76.71,4,1
2019,10,14,19,24.4,20,0,1031,6.4,76.52,4,3
2019,10,14,20,24.3,19.9,0,1032,6.4,76.36,4,3
2019,10,14,21,24.2,19.7,0,1032,6.4,76.15,4,3
2019,10,14,22,24.1,19.6,0,1032,6.3,76.18,4,3
2019,10,14,23,24.1,19.6,0,1032,6.2,76.18,4,1
2019,10,15,0,24,19.7,0,1032,6.1,76.74,4,3
2019,10,15,1,24,19.7,0,1031,6.1,76.85,4,3
2019,10,15,2,23.9,19.7,0,1031,6.1,77.46,4,0
2019,10,15,3,23.9,19.7,0,1031,6.1,77.6,4,0
2019,10,15,4,23.9,19.8,0,1031,6.3,77.75,3.9,1
2019,10,15,5,23.9,19.8,0,1031,6.5,77.76,3.9,3
2019,10,15,6,24,19.8,7,1031,6.8,77.46,3.9,3
2019,10,15,7,24.4,19.9,113,1032,7.3,75.96,3.9,3
2019,10,15,8,24.8,19.7,374,1032,7.7,73.39,3.8,1
2019,10,15,9,25,19.6,388,1033,7.9,71.8,3.8,3
2019,10,15,10,25.2,19.5,483,1033,8,70.69,3.8,3
2019,10,15,11,25.2,19.4,75,1032,8.1,70.15,3.8,3
2019,10,15,12,25,19.2,174,1032,8,70.35,3.8,3
2019,10,15,13,24.8,19.1,72,1031,8,70.59,3.8,3
2019,10,15,14,24.6,18.9,55,1031,7.9,70.8,3.8,3
2019,10,15,15,24.2,18.8,38,1031,7.7,71.97,3.7,3
2019,10,15,16,23.8,18.8,18,1031,7.5,73.39,3.7,3
2019,10,15,17,23.3,18.7,6,1031,6.9,75.47,3.7,3
2019,10,15,18,23.2,18.7,0,1031,6.7,75.83,3.6,3
2019,10,15,19,23.1,18.7,0,1032,6.6,76.32,3.6,1
2019,10,15,20,23,18.7,0,1032,6.3,76.86,3.6,3
2019,10,15,21,22.9,18.8,0,1032,6.1,77.5,3.7,3
2019,10,15,22,22.9,18.8,0,1032,6,77.77,3.7,3
2019,10,15,23,22.8,18.8,0,1032,5.9,78.29,3.7,3
2019,10,16,0,22.7,18.7,0,1031,5.8,78.41,3.7,3
2019,10,16,1,22.7,18.7,0,1031,5.6,78.13,3.7,3
2019,10,16,2,22.6,18.6,0,1030,5.5,78.23,3.7,3
2019,10,16,3,22.5,18.5,0,1030,5.3,78.34,3.6,3
2019,10,16,4,22.5,18.5,0,1030,5.2,78.19,3.6,3
2019,10,16,5,22.5,18.5,0,1030,5,78.36,3.6,3
2019,10,16,6,22.6,18.7,6,1030,4.9,78.66,3.7,3
2019,10,16,7,23.4,18.9,20,1030,5.2,75.99,3.7,3
2019,10,16,8,24.1,19,36,1031,5.5,73.21,3.7,3
2019,10,16,9,24.7,19.2,50,1030,5.5,71.6,3.8,3
2019,10,16,10,25.3,19.6,63,1030,5.4,70.84,3.8,3
2019,10,16,11,25.6,20,130,1029,5.5,71.29,3.9,3
2019,10,16,12,25.8,20.4,155,1028,5.7,71.94,4,3
2019,10,16,13,25.8,20.5,98,1027,5.8,72.74,4,3
2019,10,16,14,25.5,20.6,55,1027,5.8,74.43,4.1,3
2019,10,16,15,25.3,20.6,55,1027,5.8,75.41,4.1,3
2019,10,16,16,25,20.7,80,1027,5.7,76.85,4.1,3
2019,10,16,17,24.6,20.6,12,1028,5.2,78.53,4.1,3
2019,10,16,18,24.2,20.5,0,1028,4.9,79.6,4.1,1
2019,10,16,19,24.1,20.3,0,1028,4.8,79.26,4.1,3
2019,10,16,20,23.9,20.2,0,1029,4.6,79.73,4.1,3
2019,10,16,21,23.8,20.2,0,1029,4.4,80.22,4.2,3
2019,10,16,22,23.7,20.4,0,1029,4.2,81.53,4.2,3
2019,10,16,23,23.7,20.7,0,1028,4.2,83.11,4.3,3
2019,10,17,0,23.8,21,0,1028,4.3,84.35,4.4,1
2019,10,17,1,23.9,21.2,0,1028,4.6,84.97,4.4,1
2019,10,17,2,24,21.3,0,1027,5.1,84.88,4.4,3
2019,10,17,3,24,21.3,0,1027,5.4,84.79,4.4,3
2019,10,17,4,24,21.2,0,1027,5.6,84.35,4.4,3
2019,10,17,5,24,21.1,0,1027,5.7,83.65,4.4,3
2019,10,17,6,24,21,6,1028,5.7,83.22,4.3,1
2019,10,17,7,24.4,21,26,1028,6.1,81.12,4.3,3
2019,10,17,8,24.8,20.8,76,1029,6.3,78.55,4.2,3
2019,10,17,9,25.1,20.8,140,1029,6.3,77.09,4.2,3
2019,10,17,10,25.3,20.8,353,1028,6.2,76.26,4.1,3
2019,10,17,11,25.4,20.8,551,1028,6.3,75.79,4.1,3
2019,10,17,12,25.5,20.8,575,1027,6.5,75.09,4.1,2
2019,10,17,13,25.4,20.6,566,1027,6.6,74.94,4.1,3
2019,10,17,14,25.1,20.4,342,1026,6.7,75.32,4,3
2019,10,17,15,24.8,20.2,259,1026,6.7,75.75,4,3
2019,10,17,16,24.4,20.1,17,1026,6.5,76.75,3.9,3
2019,10,17,17,23.9,19.9,44,1027,5.9,78.44,3.9,0
2019,10,17,18,23.6,19.7,0,1027,5.7,78.94,3.8,0
2019,10,17,19,23.5,19.6,0,1028,5.5,78.53,3.8,1
2019,10,17,20,23.4,19.3,0,1028,5.4,77.93,3.7,0
2019,10,17,21,23.3,19.1,0,1029,5.1,77.49,3.7,3
2019,10,17,22,23.1,19,0,1029,4.7,77.75,3.6,1
2019,10,17,23,23,18.9,0,1029,4.6,77.9,3.6,1
2019,10,18,0,22.9,19,0,1028,4.6,78.54,3.6,0
2019,10,18,1,22.8,19.1,0,1028,4.5,79.45,3.6,0
2019,10,18,2,22.7,19.1,0,1027,4.5,80.22,3.6,0
2019,10,18,3,22.6,19.2,0,1027,4.5,80.98,3.6,0
2019,10,18,4,22.5,19.2,0,1027,4.4,81.52,3.6,0
2019,10,18,5,22.6,19.2,0,1027,4.4,80.92,3.6,0
2019,10,18,6,22.8,19.2,8,1027,4.5,80.14,3.6,0
2019,10,18,7,23.7,19.3,174,1028,5.1,76.32,3.5,1
2019,10,18,8,24.2,19.2,386,1028,5.4,73.47,3.5,1
2019,10,18,9,24.7,19.2,91,1029,5.5,71.39,3.5,3
2019,10,18,10,25,19.2,262,1028,5.6,70.25,3.5,3
2019,10,18,11,25.2,19.3,524,1028,5.6,69.61,3.5,2
2019,10,18,12,25.3,19.3,467,1027,5.6,69.35,3.5,3
2019,10,18,13,25.2,19.3,762,1027,5.6,69.79,3.5,1
2019,10,18,14,25,19.2,628,1027,5.7,70.41,3.5,0
2019,10,18,15,24.7,19.2,447,1027,5.7,71.37,3.5,0
2019,10,18,16,24.3,19.2,236,1027,5.5,73.03,3.5,0
2019,10,18,17,23.6,19.2,41,1027,4.8,76.49,3.5,1
2019,10,18,18,23.2,19.2,0,1027,4.5,78.25,3.5,3
2019,10,18,19,23.1,19.2,0,1028,4.4,78.62,3.5,0
2019,10,18,20,23.1,19.1,0,1028,4.2,78.38,3.5,3
2019,10,18,21,23,19.1,0,1029,4.1,78.85,3.6,3
2019,10,18,22,23.1,19.1,0,1028,4.1,78.45,3.6,3
2019,10,18,23,23.1,19.2,0,1028,4.3,78.57,3.7,3
2019,10,19,0,23.1,19.1,0,1028,4.6,78.43,3.7,3
2019,10,19,1,23.1,19.1,0,1027,4.8,78.07,3.8,3
2019,10,19,2,23.1,19,0,1027,5,77.93,3.8,3
2019,10,19,3,23,19,0,1027,5.2,78.32,3.8,3
2019,10,19,4,23,19,0,1027,5.3,78.28,3.9,3
2019,10,19,5,23,19,0,1028,5.2,78.44,3.9,3
2019,10,19,6,23.1,19.2,0,1028,5,78.69,4,3
2019,10,19,7,23.8,19.5,42,1028,5.4,76.76,4.1,3
2019,10,19,8,24.3,19.6,60,1029,5.7,74.88,4.2,3
2019,10,19,9,24.7,19.6,126,1029,5.8,73.5,4.2,3
2019,10,19,10,25,19.8,257,1029,5.9,72.86,4.3,3
2019,10,19,11,25.1,19.9,169,1028,6.1,72.89,4.3,3
2019,10,19,12,25.1,19.9,144,1028,6.3,73.08,4.3,3
2019,10,19,13,25.1,19.9,293,1027,6.5,73.03,4.3,3
2019,10,19,14,24.8,19.9,83,1027,6.6,74.05,4.2,3
2019,10,19,15,24.6,19.8,70,1027,6.7,74.54,4.2,3
2019,10,19,16,24.3,19.7,17,1027,6.5,75.72,4.1,3
2019,10,19,17,23.9,19.7,4,1028,6.1,77.37,4.1,3
2019,10,19,18,23.7,19.6,0,1028,6,77.73,4,3
2019,10,19,19,23.6,19.5,0,1028,5.9,77.59,3.9,3
2019,10,19,20,23.4,19.3,0,1029,5.7,77.94,3.8,3
2019,10,19,21,23.2,19.2,0,1029,5.3,78.24,3.7,3
2019,10,19,22,23.1,19,0,1029,5.1,77.98,3.6,3
2019,10,19,23,23,18.9,0,1028,4.8,77.86,3.5,3
2019,10,20,0,22.9,18.8,0,1028,4.7,77.67,3.4,3
2019,10,20,1,22.8,18.7,0,1027,4.7,77.52,3.3,3
2019,10,20,2,22.7,18.6,0,1027,4.8,77.73,3.2,3
2019,10,20,3,22.7,18.6,0,1027,4.8,77.67,3.2,1
2019,10,20,4,22.6,18.6,0,1027,4.9,78.1,3.2,0
2019,10,20,5,22.6,18.6,0,1027,4.7,78.02,3.1,1
2019,10,20,6,22.7,18.6,0,1027,4.7,77.81,3.1,1
2019,10,20,7,23.4,18.8,168,1028,5.1,75.38,3.1,1
2019,10,20,8,23.9,18.7,214,1028,5.4,72.83,3.1,3
2019,10,20,9,24.3,18.9,395,1028,5.5,71.67,3.2,3
2019,10,20,10,24.5,19,392,1028,5.7,71.53,3.3,3
2019,10,20,11,24.6,19.1,564,1027,5.8,71.48,3.4,3
2019,10,20,12,24.7,19.2,507,1027,5.8,71.61,3.5,2
2019,10,20,13,24.7,19.3,583,1026,5.8,72.01,3.5,2
2019,10,20,14,24.6,19.4,491,1025,5.9,72.7,3.6,2
2019,10,20,15,24.4,19.5,432,1025,5.8,73.94,3.6,0
2019,10,20,16,24.1,19.6,101,1025,5.6,75.81,3.6,3
2019,10,20,17,23.7,19.7,16,1025,5,78.36,3.7,3
2019,10,20,18,23.4,19.8,0,1025,4.8,80.06,3.7,3
2019,10,20,19,23.4,19.8,0,1026,4.7,80.11,3.7,3
2019,10,20,20,23.3,19.7,0,1026,4.6,80.3,3.7,1
2019,10,20,21,23.2,19.6,0,1026,4.5,80.22,3.6,3
2019,10,20,22,23.1,19.5,0,1026,4.4,80.05,3.6,3
2019,10,20,23,23,19.3,0,1025,4.2,79.85,3.6,3
2019,10,21,0,22.9,19.2,0,1025,4.2,79.75,3.6,3
2019,10,21,1,22.8,19.1,0,1025,4.2,79.67,3.5,3
2019,10,21,2,22.7,19,0,1024,4.2,79.5,3.4,3
2019,10,21,3,22.6,18.8,0,1024,4.3,79.32,3.3,3
2019,10,21,4,22.5,18.7,0,1024,4.2,79.02,3.2,3
2019,10,21,5,22.4,18.6,0,1025,4.2,78.88,3.1,3
2019,10,21,6,22.5,18.5,0,1025,4.2,78.32,3,1
2019,10,21,7,23.2,18.6,164,1026,4.7,75.51,2.9,1
2019,10,21,8,23.7,18.5,76,1026,4.9,72.51,2.8,3
2019,10,21,9,24.1,18.5,247,1026,4.8,70.73,2.8,3
2019,10,21,10,24.5,18.5,312,1025,4.6,69.38,2.8,3
2019,10,21,11,24.7,18.6,251,1024,4.7,68.94,2.7,3
2019,10,21,12,24.7,18.7,362,1024,4.9,69.19,2.7,3
2019,10,21,13,24.6,18.7,514,1023,5.2,69.63,2.7,2
2019,10,21,14,24.4,18.7,186,1023,5.4,70.42,2.8,3
2019,10,21,15,24,18.6,60,1023,5.5,71.88,2.8,3
2019,10,21,16,23.5,18.5,98,1023,5.3,73.76,2.8,3
2019,10,21,17,22.9,18.6,36,1023,4.5,76.5,2.7,1
2019,10,21,18,22.6,18.5,0,1024,4,77.88,2.6,0
2019,10,21,19,22.6,18.5,0,1024,3.8,77.65,2.6,1
2019,10,21,20,22.5,18.5,0,1025,3.6,77.99,2.6,3
2019,10,21,21,22.4,18.4,0,1025,3.3,78.11,2.5,1
2019,10,21,22,22.4,18.3,0,1025,3.1,77.69,2.5,0
2019,10,21,23,22.3,18.2,0,1024,3.1,77.64,2.5,0
2019,10,22,0,22.1,18.1,0,1023,3.1,78.01,2.5,0
2019,10,22,1,22,18,0,1023,3,78.25,2.6,0
2019,10,22,2,21.9,18,0,1023,3.1,78.78,2.7,3
2019,10,22,3,21.9,18.1,0,1022,3.2,78.99,2.8,1
2019,10,22,4,21.8,18.1,0,1022,3.3,79.61,2.8,1
2019,10,22,5,21.8,18.1,0,1023,3.3,79.66,2.8,0
2019,10,22,6,22,18.2,0,1023,3.3,79.29,2.8,1
2019,10,22,7,23.4,18.6,169,1023,3.8,74.41,2.8,0
2019,10,22,8,24.1,18.5,382,1023,3.9,71.15,2.9,0
2019,10,22,9,24.6,18.7,573,1023,3.9,69.65,2.9,0
2019,10,22,10,25.1,18.9,718,1023,3.9,68.36,2.9,0
2019,10,22,11,25.4,19,803,1022,4,67.6,3,0
2019,10,22,12,25.5,19.1,810,1022,4.1,67.63,3.1,0
2019,10,22,13,25.4,19.1,744,1021,4.4,68.23,3.2,0
2019,10,22,14,25.1,19.1,612,1021,4.6,69.55,3.3,0
2019,10,22,15,24.7,19.1,426,1021,4.6,71.07,3.5,1
2019,10,22,16,24.3,19.1,100,1021,4.4,72.74,3.6,3
2019,10,22,17,23.6,19.2,15,1021,3.7,76.31,3.7,3
2019,10,22,18,23.3,19.1,0,1021,3.3,77.51,3.8,3
2019,10,22,19,23.3,19.1,0,1022,3.1,77.36,3.9,3
2019,10,22,20,23.3,19.1,0,1022,3,77.13,4,7
2019,10,22,21,23.3,19.1,0,1023,3,77.05,4.1,3
2019,10,22,22,23.3,19,0,1022,2.9,76.87,4.1,3
2019,10,22,23,23.3,19,0,1022,2.9,76.79,4.1,3
2019,10,23,0,23.3,18.9,0,1022,2.9,76.46,4,3
2019,10,23,1,23.3,18.9,0,1022,2.8,76.27,4,3
2019,10,23,2,23.3,18.8,0,1021,2.7,76.05,4,1
2019,10,23,3,23.3,18.8,0,1021,2.7,76.05,4,1
2019,10,23,4,23.3,18.9,0,1021,2.7,76.28,4.1,1
2019,10,23,5,23.3,18.9,0,1022,2.6,76.54,4.1,1
2019,10,23,6,23.5,19.2,0,1022,2.6,76.73,4.1,1
2019,10,23,7,24.8,19.8,157,1023,3,73.54,4.1,0
2019,10,23,8,25.4,19.6,361,1023,3.3,70.35,4.2,0
2019,10,23,9,25.7,19.7,547,1023,3.4,69.4,4.3,0
2019,10,23,10,25.9,19.8,368,1023,3.4,69.07,4.4,2
2019,10,23,11,26,19.9,770,1022,3.6,69.19,4.4,1
2019,10,23,12,26,20.1,779,1022,3.9,69.8,4.4,0
2019,10,23,13,25.8,20.1,342,1022,4.1,70.98,4.5,3
2019,10,23,14,25.5,20.2,463,1022,4.2,72.34,4.5,2
2019,10,23,15,25.2,20.2,92,1022,4.2,73.62,4.6,3
2019,10,23,16,24.7,20.2,211,1023,4.1,76.01,4.6,1
2019,10,23,17,24.2,20.2,29,1023,3.4,78.56,4.6,1
2019,10,23,18,23.9,20.2,0,1024,3.1,80.03,4.7,1
2019,10,23,19,23.8,20.2,0,1024,3,80.43,4.8,3
2019,10,23,20,23.7,20.2,0,1025,3,80.74,4.9,4
2019,10,23,21,23.5,20.1,0,1025,3,81.31,5,7
2019,10,23,22,23.4,20.1,0,1024,3,81.56,5,7
2019,10,23,23,23.4,20,0,1024,3.2,81.43,5,7
2019,10,24,0,23.3,20,0,1024,3.4,81.73,5,1
2019,10,24,1,23.3,19.9,0,1024,3.6,81.39,5,7
2019,10,24,2,23.3,19.8,0,1024,3.7,80.79,4.9,4
2019,10,24,3,23.2,19.7,0,1025,3.9,80.47,4.9,4
2019,10,24,4,23.2,19.4,0,1025,4.1,79.38,4.8,7
2019,10,24,5,23.1,19.3,0,1026,4.1,79.06,4.6,3
2019,10,24,6,23.2,19.3,0,1026,4.2,78.53,4.5,1
2019,10,24,7,23.8,19.5,105,1027,4.6,76.69,4.4,3
2019,10,24,8,24.2,19.4,264,1027,4.8,74.56,4.3,3
2019,10,24,9,24.6,19.4,486,1027,4.7,72.77,4.2,2
2019,10,24,10,25.1,19.5,687,1027,4.6,71.06,4.2,0
2019,10,24,11,25.5,19.6,615,1026,4.6,69.81,4.1,3
2019,10,24,12,25.6,19.7,577,1026,4.7,69.75,4.1,3
2019,10,24,13,25.6,19.7,724,1025,4.9,70.09,4,0
2019,10,24,14,25.4,19.9,597,1025,5.1,71.5,3.9,0
2019,10,24,15,25.1,20,420,1025,5.2,73.31,3.9,0
2019,10,24,16,24.6,20.1,214,1026,5.1,76.29,3.8,0
2019,10,24,17,24,20.4,29,1026,4.5,80.12,3.8,0
2019,10,24,18,23.8,20.4,0,1026,4.3,81.2,3.7,0
2019,10,24,19,23.7,20.4,0,1027,4.3,81.54,3.7,0
2019,10,24,20,23.7,20.3,0,1027,4.3,81.18,3.7,0
2019,10,24,21,23.6,20.2,0,1028,4.2,81.32,3.7,0
2019,10,24,22,23.5,20.1,0,1028,4.2,81.18,3.7,0
2019,10,24,23,23.4,19.9,0,1028,4.3,80.91,3.7,0
2019,10,25,0,23.3,19.7,0,1027,4.3,80.3,3.8,0
2019,10,25,1,23.1,19.5,0,1027,4.2,80.15,3.8,1
2019,10,25,2,23,19.3,0,1027,4.1,79.55,3.9,0
2019,10,25,3,22.9,19.1,0,1027,4,79.06,4,1
2019,10,25,4,22.8,18.9,0,1027,3.8,78.59,4.1,0
2019,10,25,5,22.8,18.8,0,1028,3.7,77.95,4.1,1
2019,10,25,6,22.9,18.8,0,1028,3.6,77.71,4.2,0
2019,10,25,7,23.9,19,157,1028,4.1,74.14,4.2,0
2019,10,25,8,24.6,18.9,364,1029,4.3,70.68,4.2,0
2019,10,25,9,25.1,19,550,1029,4.3,69.01,4.3,0
2019,10,25,10,25.5,19.2,596,1028,4.2,68.11,4.4,7
2019,10,25,11,25.8,19.3,774,1027,4.1,67.55,4.4,0
2019,10,25,12,25.9,19.4,720,1027,4.3,67.56,4.5,7
2019,10,25,13,25.8,19.5,717,1026,4.6,68.17,4.5,0
2019,10,25,14,25.5,19.5,587,1026,4.8,69.42,4.5,0
2019,10,25,15,25,19.5,408,1026,4.9,71.46,4.5,0
2019,10,25,16,24.6,19.5,106,1026,4.8,73.26,4.5,3
2019,10,25,17,23.9,19.6,25,1027,4.3,77.06,4.5,1
2019,10,25,18,23.6,19.7,0,1028,4.1,78.68,4.4,3
2019,10,25,19,23.5,19.7,0,1029,4.1,79.35,4.4,0
2019,10,25,20,23.4,19.8,0,1029,4,79.99,4.4,1
2019,10,25,21,23.3,19.8,0,1029,3.9,80.64,4.4,1
2019,10,25,22,23.2,19.8,0,1029,3.8,81.32,4.4,1
2019,10,25,23,23,19.8,0,1028,3.9,82.34,4.4,1
2019,10,26,0,23,19.8,0,1028,4,82.4,4.4,3
2019,10,26,1,22.9,19.8,0,1028,4.2,82.88,4.4,3
2019,10,26,2,22.9,19.8,0,1028,4.3,82.73,4.4,3
2019,10,26,3,22.8,19.8,0,1028,4.5,82.97,4.4,1
2019,10,26,4,22.7,19.7,0,1028,4.6,83.07,4.4,0
2019,10,26,5,22.7,19.6,0,1028,4.7,82.47,4.4,0
2019,10,26,6,22.8,19.5,0,1029,4.7,81.76,4.4,1
2019,10,26,7,23.5,19.6,152,1029,5.1,78.71,4.5,1
2019,10,26,8,24.1,19.4,81,1030,5.4,75.2,4.5,3
2019,10,26,9,24.7,19.2,109,1030,5.4,71.51,4.5,3
2019,10,26,10,25.1,19.1,348,1029,5.2,69.36,4.5,3
2019,10,26,11,25.3,19,406,1028,5.1,68.27,4.4,3
2019,10,26,12,25.5,19,503,1027,5,67.47,4.5,3
2019,10,26,13,25.5,19,703,1027,4.9,67.5,4.6,0
2019,10,26,14,25.4,19,583,1026,5,67.72,4.7,0
2019,10,26,15,25.1,18.9,320,1026,5.2,68.59,4.7,2
2019,10,26,16,24.7,18.9,201,1026,5,70.1,4.8,1
2019,10,26,17,23.9,19,23,1027,4.4,74.04,4.8,1
2019,10,26,18,23.6,19,0,1027,4.1,75.26,4.8,3
2019,10,26,19,23.4,18.9,0,1028,4.1,76.07,4.8,3
2019,10,26,20,23.3,18.9,0,1028,4,76.44,4.8,1
2019,10,26,21,23.2,18.9,0,1028,3.9,76.84,4.8,3
2019,10,26,22,23,18.9,0,1028,3.7,77.8,4.7,3
2019,10,26,23,22.9,18.9,0,1027,3.7,78.33,4.7,3
2019,10,27,0,22.8,19,0,1027,3.7,79.05,4.7,0
2019,10,27,1,22.8,19.1,0,1027,3.8,79.48,4.7,0
2019,10,27,2,22.8,19.1,0,1026,3.8,79.84,4.7,3
2019,10,27,3,22.8,19.2,0,1026,3.8,80.07,4.8,3
2019,10,27,4,22.8,19.2,0,1026,3.7,80.25,4.8,3
2019,10,27,5,22.8,19.3,0,1026,3.7,80.52,4.8,3
2019,10,27,6,23.1,19.5,0,1027,3.7,80.08,4.8,3
2019,10,27,7,24.1,19.9,100,1027,4.4,77.2,4.9,3
2019,10,27,8,24.8,19.9,347,1027,4.8,74.33,4.9,0
2019,10,27,9,25.2,20,530,1027,4.8,72.94,5,0
2019,10,27,10,25.5,20.1,669,1027,4.8,72.19,5,0
2019,10,27,11,25.6,20.2,748,1026,4.9,72.32,5,0
2019,10,27,12,25.5,20.4,757,1025,5,73.26,4.9,0
2019,10,27,13,25.4,20.4,696,1024,5.1,74.04,4.9,0
2019,10,27,14,25.1,20.5,562,1024,5.2,75.67,4.8,0
2019,10,27,15,24.8,20.5,132,1024,5.1,77.23,4.8,3
2019,10,27,16,24.3,20.6,189,1024,4.9,79.91,4.9,1
2019,10,27,17,23.8,20.7,16,1024,4.5,82.66,5,1
2019,10,27,18,23.6,20.7,0,1025,4.4,83.72,5.1,3
2019,10,27,19,23.6,20.7,0,1026,4.4,83.83,5.1,3
2019,10,27,20,23.6,20.7,0,1026,4.3,83.87,5.1,1
2019,10,27,21,23.6,20.7,0,1026,4.3,83.96,5.1,3
2019,10,27,22,23.6,20.7,0,1025,4.3,84.05,5,1
2019,10,27,23,23.7,20.8,0,1025,4.2,83.95,5,1
2019,10,28,0,23.7,20.9,0,1025,4,84.41,5,1
2019,10,28,1,23.8,21,0,1024,3.8,84.34,5.1,3
2019,10,28,2,23.8,21.1,0,1024,3.6,84.83,5.2,1
2019,10,28,3,23.8,21.2,0,1023,3.4,85.42,5.3,0
2019,10,28,4,23.9,21.4,0,1023,3.1,85.78,5.3,1
2019,10,28,5,23.8,21.5,0,1023,2.6,86.74,5.4,0
2019,10,28,6,23.8,21.6,0,1024,2.1,87.48,5.4,0
2019,10,28,7,24.7,22.1,87,1024,2,85.38,5.4,3
2019,10,28,8,25.3,22.1,198,1024,1.7,82.55,5.4,3
2019,10,28,9,25.9,22.1,356,1024,1.7,79.65,5.4,3
2019,10,28,10,26.4,22.1,333,1024,2,77.16,5.4,3
2019,10,28,11,26.8,22,366,1023,2.1,75.05,5.4,3
2019,10,28,12,26.8,22.1,522,1023,2.5,75.54,5.4,7
2019,10,28,13,26.4,22.1,424,1022,3.2,77.48,5.5,3
2019,10,28,14,25.8,22,135,1022,3.9,79.54,5.5,3
2019,10,28,15,25,21.8,131,1023,4.6,82.49,5.5,3
2019,10,28,16,24,21.5,14,1023,5,86.09,5.5,3
2019,10,28,17,23.3,21.2,3,1024,4.9,87.91,5.3,3
2019,10,28,18,23.1,20.9,0,1024,4.5,87.53,5.2,3
2019,10,28,19,23.1,20.8,0,1025,4.1,86.85,5.1,3
2019,10,28,20,23.1,20.7,0,1025,3.8,86.42,5,3
2019,10,28,21,23.1,20.7,0,1026,3.7,86.23,5,3
2019,10,28,22,23,20.6,0,1026,3.6,86.5,4.9,1
2019,10,28,23,23,20.6,0,1025,3.8,86.27,4.9,1
2019,10,29,0,22.9,20.6,0,1025,4,86.7,4.9,1
2019,10,29,1,22.9,20.5,0,1025,4.3,86.6,4.9,3
2019,10,29,2,22.8,20.5,0,1025,4.7,87.01,4.9,3
2019,10,29,3,22.6,20.4,0,1025,5,87.51,5,3
2019,10,29,4,22.5,20.2,0,1025,5.2,87.08,4.9,3
2019,10,29,5,22.4,20.1,0,1025,5.3,86.71,4.9,3
2019,10,29,6,22.4,20,0,1026,5.2,86.19,4.9,3
2019,10,29,7,22.7,20,39,1026,5.5,84.72,4.8,3
2019,10,29,8,23.1,20,148,1027,5.7,82.47,4.7,3
2019,10,29,9,23.6,19.9,107,1027,5.8,79.84,4.7,3
2019,10,29,10,24.1,20,167,1027,5.7,77.69,4.7,3
2019,10,29,11,24.2,20.1,111,1026,5.9,77.72,4.7,3
2019,10,29,12,24.1,20.1,194,1026,6,78.57,4.7,3
2019,10,29,13,24,20.2,288,1025,6.2,79.21,4.8,3
2019,10,29,14,23.8,20.2,132,1025,6.4,80.36,4.8,3
2019,10,29,15,23.5,20.2,80,1025,6.5,81.89,4.8,3
2019,10,29,16,23.2,20.3,46,1025,6.4,83.56,4.8,3
2019,10,29,17,23,20.3,14,1026,5.9,84.83,4.8,1
2019,10,29,18,23,20.3,0,1027,5.7,85.02,4.8,3
2019,10,29,19,23,20.4,0,1027,5.6,85.05,4.8,3
2019,10,29,20,23.1,20.4,0,1028,5.5,84.58,4.8,3
2019,10,29,21,23,20.3,0,1028,5.5,84.94,4.8,3
2019,10,29,22,23,20.3,0,1028,5.6,84.73,4.8,3
2019,10,29,23,23,20.2,0,1028,5.7,84.4,4.8,3
2019,10,30,0,22.9,20.1,0,1028,5.7,84.42,4.8,4
2019,10,30,1,22.9,20,0,1027,5.8,83.72,4.8,4
2019,10,30,2,22.9,19.9,0,1027,5.8,83.05,4.8,7
2019,10,30,3,22.8,19.7,0,1027,5.9,82.91,4.8,4
2019,10,30,4,22.7,19.7,0,1028,5.9,82.97,4.8,4
2019,10,30,5,22.7,19.5,0,1028,5.8,82.26,4.7,4
2019,10,30,6,22.7,19.4,0,1029,5.7,81.83,4.7,8
2019,10,30,7,23,19.5,35,1029,5.9,80.71,4.7,3
2019,10,30,8,23.4,19.5,158,1030,6.1,78.65,4.7,8
2019,10,30,9,23.8,19.4,228,1030,6.2,76.28,4.7,7
2019,10,30,10,24.1,19.3,213,1029,6.2,74.75,4.7,3
2019,10,30,11,24.4,19.4,177,1029,6.2,73.71,4.7,3
2019,10,30,12,24.7,19.5,173,1028,6.1,72.85,4.7,3
2019,10,30,13,24.7,19.6,87,1027,6.1,73.16,4.7,3
2019,10,30,14,24.7,19.6,123,1027,6.1,73.46,4.8,7
2019,10,30,15,24.4,19.7,57,1027,6.2,75.11,4.8,3
2019,10,30,16,24.1,19.8,33,1027,6,76.91,4.8,8
2019,10,30,17,23.6,19.9,7,1027,5.6,79.7,4.8,7
2019,10,30,18,23.5,20,0,1028,5.6,80.62,4.8,7
2019,10,30,19,23.4,20.1,0,1029,5.6,81.61,4.8,7
2019,10,30,20,23.4,20.2,0,1029,5.5,82.19,4.9,7
2019,10,30,21,23.4,20.3,0,1029,5.5,82.88,4.9,7
2019,10,30,22,23.3,20.5,0,1029,5.5,84.06,5,8
2019,10,30,23,23.3,20.6,0,1028,5.6,84.67,5,7
2019,10,31,0,23.3,20.7,0,1028,5.8,85.35,5.1,7
2019,10,31,1,23.4,20.8,0,1027,5.9,85.39,5.1,7
2019,10,31,2,23.4,20.9,0,1027,5.9,86.04,5.2,7
2019,10,31,3,23.5,21.1,0,1027,5.9,86.29,5.2,3
2019,10,31,4,23.6,21.2,0,1027,5.8,86.58,5.2,3
2019,10,31,5,23.6,21.4,0,1027,5.8,87.3,5.2,3
2019,10,31,6,23.7,21.5,0,1028,5.9,87.45,5.2,3
2019,10,31,7,24,21.7,7,1028,6.2,87.01,5.2,7
2019,10,31,8,24.2,21.9,83,1029,6.6,86.91,5.2,7
2019,10,31,9,24.5,21.9,74,1028,6.8,85.58,5.2,8
2019,10,31,10,24.7,22,46,1028,6.9,84.82,5.2,7
2019,10,31,11,25,22,116,1027,6.9,83.49,5.2,7
2019,10,31,12,25.1,22.1,228,1027,6.9,83.26,5.2,7
2019,10,31,13,25.1,22.1,151,1026,6.9,83.31,5.2,7
2019,10,31,14,25.1,22.1,202,1026,6.9,83.31,5.3,7
2019,10,31,15,24.9,22.1,146,1026,6.8,84.25,5.4,7
2019,10,31,16,24.7,22.1,65,1026,6.6,85.31,5.4,7
2019,10,31,17,24.5,22.1,9,1027,6.1,86.44,5.4,7
2019,10,31,18,24.5,22.1,0,1027,6,86.29,5.5,3
2019,10,31,19,24.4,22,0,1028,6.1,86.54,5.5,3
2019,10,31,20,24.4,22,0,1028,6.1,86.34,5.6,1
2019,10,31,21,24.4,22,0,1028,5.9,86.25,5.6,3
2019,10,31,22,24.4,22,0,1028,5.7,86.55,5.8,7
2019,10,31,23,24.5,22.1,0,1027,5.7,86.3,5.8,7
2019,11,1,0,24.5,22.1,0,1027,5.8,86.34,5.7,7
2019,11,1,1,24.5,22,0,1027,5.8,86.17,5.6,7
2019,11,1,2,24.5,22,0,1026,5.8,85.91,5.5,3
2019,11,1,3,24.4,21.9,0,1026,5.6,85.95,5.3,3
2019,11,1,4,24.3,21.8,0,1026,5.5,85.87,5.2,3
2019,11,1,5,24.2,21.6,0,1027,5.4,85.62,5.1,1
2019,11,1,6,24.2,21.5,0,1028,5.5,84.92,5,3
2019,11,1,7,24.4,21.5,45,1028,5.8,83.9,4.9,3
2019,11,1,8,24.7,21.4,136,1028,6.3,81.89,4.8,8
2019,11,1,9,25,21.3,313,1029,6.3,79.97,4.8,7
2019,11,1,10,25.3,21.2,38,1028,6.3,78.12,4.8,8
2019,11,1,11,25.5,21.2,480,1028,6.4,77.02,4.7,7
2019,11,1,12,25.5,21.1,105,1027,6.4,76.59,4.6,3
2019,11,1,13,25.5,20.9,326,1026,6.4,75.85,4.5,3
2019,11,1,14,25.3,20.7,413,1026,6.4,75.75,4.4,7
2019,11,1,15,24.9,20.5,279,1026,6.2,76.44,4.3,7
2019,11,1,16,24.5,20.3,55,1026,6,77.32,4.2,3
2019,11,1,17,24,20.2,17,1026,5.3,79.28,4.2,1
2019,11,1,18,23.7,20.1,0,1026,5.1,80.51,4.2,1
2019,11,1,19,23.7,20.1,0,1027,5,80.46,4.2,0
2019,11,1,20,23.6,20.1,0,1027,4.9,80.75,4.2,0
2019,11,1,21,23.6,20.1,0,1027,4.8,80.66,4.2,0
2019,11,1,22,23.6,20.1,0,1027,4.7,80.59,4.3,0
2019,11,1,23,23.6,20,0,1026,4.6,80.31,4.3,0
2019,11,2,0,23.5,19.9,0,1026,4.5,80.47,4.3,1
2019,11,2,1,23.4,19.9,0,1026,4.4,80.78,4.3,1
2019,11,2,2,23.3,19.9,0,1025,4.2,81.11,4.3,1
2019,11,2,3,23.2,19.9,0,1025,4.1,81.59,4.3,3
2019,11,2,4,23.1,19.9,0,1025,4,82.03,4.3,3
2019,11,2,5,23,19.9,0,1026,4,82.69,4.3,3
2019,11,2,6,23.1,20,0,1026,4,82.82,4.3,3
2019,11,2,7,23.9,20.3,46,1026,4.5,80.46,4.3,3
2019,11,2,8,24.5,20.5,103,1026,4.9,78.2,4.3,3
2019,11,2,9,25.1,20.5,189,1026,5,75.88,4.3,3
2019,11,2,10,25.6,20.7,104,1026,5.1,74.23,4.3,3
2019,11,2,11,25.9,20.8,298,1025,5.1,73.39,4.2,3
2019,11,2,12,26.1,20.9,406,1024,5.2,73.03,4.2,3
2019,11,2,13,26.1,20.9,293,1024,5.3,73.3,4.2,3
2019,11,2,14,25.9,20.9,394,1023,5.4,74.05,4.2,2
2019,11,2,15,25.5,20.9,396,1023,5.4,75.7,4.2,0
2019,11,2,16,25,20.9,191,1023,5.3,77.98,4.2,0
2019,11,2,17,24.4,21,17,1024,4.8,81.32,4.3,0
2019,11,2,18,24.2,21,0,1024,4.6,82.59,4.4,1
2019,11,2,19,24.2,21.1,0,1024,4.5,82.76,4.4,1
2019,11,2,20,24.1,21.1,0,1025,4.3,83.57,4.4,1
2019,11,2,21,24.1,21.2,0,1025,4.1,83.82,4.5,3
2019,11,2,22,24.1,21.2,0,1025,4,84.09,4.5,7
2019,11,2,23,24,21.3,0,1024,3.9,84.94,4.6,1
2019,11,3,0,24,21.4,0,1024,3.8,85.61,4.6,7
2019,11,3,1,24,21.6,0,1024,3.8,86.29,4.7,1
2019,11,3,2,24,21.7,0,1023,3.8,86.8,4.8,1
2019,11,3,3,23.9,21.7,0,1023,3.8,87.74,4.8,3
2019,11,3,4,23.9,21.8,0,1023,3.9,87.99,4.9,1
2019,11,3,5,23.9,21.8,0,1024,4.1,88.06,4.9,1
2019,11,3,6,23.9,21.7,0,1024,4.5,87.72,4.9,3
2019,11,3,7,24.2,21.8,131,1025,5.2,86.3,4.9,1
2019,11,3,8,24.5,21.6,149,1025,5.8,83.95,4.9,3
2019,11,3,9,24.7,21.5,80,1026,6,82.21,4.9,3
2019,11,3,10,24.9,21.3,57,1025,6.2,80.54,5,3
2019,11,3,11,25,21.2,233,1025,6.3,79.65,5,3
2019,11,3,12,25,21.2,237,1025,6.3,79.3,5.1,3
2019,11,3,13,24.9,21.1,226,1024,6.3,79.4,5.1,3
2019,11,3,14,24.8,21,170,1024,6.4,79.52,5.1,3
2019,11,3,15,24.5,21,362,1024,6.4,80.65,5.2,0
2019,11,3,16,24,20.9,102,1025,6.2,83.07,5.2,3
2019,11,3,17,23.7,20.9,10,1025,6.1,84.13,5.2,1
2019,11,3,18,23.5,20.7,0,1025,6.3,84.2,5.2,7
2019,11,3,19,23.4,20.5,0,1026,6.4,83.58,5.2,7
2019,11,3,20,23.2,20.1,0,1026,6.7,82.63,5.1,7
2019,11,3,21,23,19.6,0,1027,6.8,81.29,5,7
2019,11,3,22,22.8,19.2,0,1027,6.5,80.06,4.9,7
2019,11,3,23,22.6,18.9,0,1027,6.3,79.53,4.9,3
2019,11,4,0,22.5,18.7,0,1027,6.1,79.27,4.9,7
2019,11,4,1,22.3,18.6,0,1026,5.8,79.82,4.9,7
2019,11,4,2,22.3,18.6,0,1026,5.6,79.53,4.9,7
2019,11,4,3,22.2,18.6,0,1025,5.5,79.84,4.9,4
2019,11,4,4,22.2,18.6,0,1025,5.4,79.96,4.9,4
2019,11,4,5,22.3,18.6,0,1026,5.4,79.83,4.9,4
2019,11,4,6,22.4,18.8,0,1027,5.5,79.92,4.9,4
2019,11,4,7,23,19,16,1027,5.9,78.19,4.9,4
2019,11,4,8,23.5,19,62,1027,6.4,75.88,4.9,8
2019,11,4,9,23.9,18.9,34,1027,6.6,73.72,4.9,8
2019,11,4,10,24.3,18.9,57,1027,6.7,71.82,4.8,4
2019,11,4,11,24.4,18.7,172,1027,6.8,70.69,4.7,7
2019,11,4,12,24.4,18.6,171,1026,6.9,69.93,4.7,8
2019,11,4,13,24.3,18.4,162,1025,7,69.68,4.6,4
2019,11,4,14,24.1,18.3,398,1025,7,69.95,4.5,8
2019,11,4,15,23.8,18.2,17,1025,7,71.01,4.4,7
2019,11,4,16,23.5,18.3,13,1025,6.6,72.77,4.3,8
2019,11,4,17,23.1,18.6,3,1025,6.1,75.79,4.2,7
2019,11,4,18,23.1,18.9,0,1026,6.1,77.22,4.1,7
2019,11,4,19,23.2,19.1,0,1026,6,77.74,4.1,6
2019,11,4,20,23.2,19.2,0,1026,6.1,78.3,4,7
2019,11,4,21,23.3,19.3,0,1026,6.3,78.23,3.9,7
2019,11,4,22,23.3,19.4,0,1026,6.5,78.6,3.9,7
2019,11,4,23,23.3,19.3,0,1026,6.9,78.47,3.8,4
2019,11,5,0,23.2,19.3,0,1025,7.1,78.54,3.8,7
2019,11,5,1,23.1,19.2,0,1025,7.2,78.65,3.7,4
2019,11,5,2,22.9,19,0,1025,7.5,78.55,3.6,4
2019,11,5,3,22.8,18.7,0,1025,7.8,77.54,3.5,7
2019,11,5,4,22.6,18.5,0,1025,7.8,77.6,3.4,7
2019,11,5,5,22.5,18.3,0,1025,7.5,77.29,3.3,7
2019,11,5,6,22.5,18.2,0,1026,7.4,76.56,3.2,7
2019,11,5,7,22.7,18.1,37,1026,7.6,75.47,3.1,3
2019,11,5,8,23.1,18,46,1026,7.9,73.13,3,3
2019,11,5,9,23.4,17.9,44,1026,8.1,71.25,3,3
2019,11,5,10,23.6,17.8,57,1026,8.1,69.96,2.9,3
2019,11,5,11,23.7,17.7,65,1026,8,69,2.8,3
2019,11,5,12,23.7,17.6,114,1025,8,68.51,2.8,3
2019,11,5,13,23.7,17.4,77,1024,7.9,68.02,2.7,3
2019,11,5,14,23.7,17.4,182,1024,7.7,67.65,2.6,3
2019,11,5,15,23.5,17.3,112,1024,7.5,68.08,2.5,3
2019,11,5,16,23,17.2,25,1024,7,69.81,2.5,3
2019,11,5,17,22.5,17.2,3,1024,6.4,71.96,2.4,3
2019,11,5,18,22.3,17.3,0,1025,6.1,73.35,2.4,3
2019,11,5,19,22.1,17.4,0,1025,5.9,74.49,2.4,3
2019,11,5,20,22,17.4,0,1025,5.9,75.25,2.3,3
2019,11,5,21,22,17.5,0,1025,6,75.52,2.3,3
2019,11,5,22,22,17.5,0,1024,5.9,75.82,2.3,3
2019,11,5,23,22,17.6,0,1024,5.7,76.3,2.4,3
2019,11,6,0,22,17.7,0,1024,5.4,76.46,2.4,3
2019,11,6,1,21.9,17.6,0,1024,5.2,76.78,2.4,3
2019,11,6,2,21.8,17.6,0,1023,5,76.92,2.5,3
2019,11,6,3,21.7,17.5,0,1023,4.9,77.04,2.5,3
2019,11,6,4,21.7,17.4,0,1023,4.9,76.53,2.5,3
2019,11,6,5,21.7,17.2,0,1023,4.9,75.77,2.5,3
2019,11,6,6,21.8,17.1,0,1023,4.8,74.83,2.6,3
2019,11,6,7,22.7,17.3,139,1024,5.2,71.43,2.6,1
2019,11,6,8,23.4,17.1,173,1024,5.6,67.82,2.6,3
2019,11,6,9,24,17,538,1024,5.6,65,2.6,0
2019,11,6,10,24.5,17,681,1024,5.5,63.15,2.6,0
2019,11,6,11,24.8,17.1,540,1023,5.3,62.16,2.6,2
2019,11,6,12,25.1,17.2,528,1022,5.2,61.42,2.6,2
2019,11,6,13,25.2,17.2,703,1021,5.1,61.32,2.7,1
2019,11,6,14,25.1,17.3,567,1021,5.1,62.03,2.7,0
2019,11,6,15,24.8,17.5,206,1021,5.1,63.69,2.7,2
2019,11,6,16,24.3,17.8,184,1021,4.8,66.89,2.8,0
2019,11,6,17,23.3,17.9,14,1021,4.2,71.88,2.8,0
2019,11,6,18,23,17.9,0,1022,4.1,72.93,2.9,0
2019,11,6,19,22.9,17.8,0,1022,4.1,73.11,2.9,0
2019,11,6,20,22.8,17.8,0,1022,4.1,73.38,2.9,0
2019,11,6,21,22.7,17.7,0,1022,4,73.52,3,1
2019,11,6,22,22.6,17.6,0,1022,3.8,73.61,3,0
2019,11,6,23,22.5,17.6,0,1022,3.8,73.84,3,0
2019,11,7,0,22.4,17.6,0,1022,3.7,74.18,3.1,1
2019,11,7,1,22.4,17.6,0,1022,3.8,74.19,3.1,1
2019,11,7,2,22.3,17.6,0,1021,3.9,74.77,3.1,1
2019,11,7,3,22.3,17.7,0,1021,4.1,75.31,3.1,1
2019,11,7,4,22.3,17.9,0,1021,4.2,76.16,3.2,1
2019,11,7,5,22.3,18.1,0,1022,4.3,77.26,3.2,7
2019,11,7,6,22.5,18.5,0,1023,4.3,78.03,3.2,7
2019,11,7,7,23.6,19.1,134,1024,4.9,75.8,3.3,7
2019,11,7,8,24.3,19.2,321,1024,5.6,73.38,3.3,7
2019,11,7,9,24.7,19.3,523,1025,5.9,71.81,3.3,1
2019,11,7,10,25,19.3,589,1024,6.1,70.77,3.4,7
2019,11,7,11,25.2,19.3,569,1024,6.3,69.84,3.4,2
2019,11,7,12,25.3,19.3,745,1023,6.5,69.33,3.4,0
2019,11,7,13,25.1,19.3,498,1023,6.7,70.05,3.4,2
2019,11,7,14,24.9,19.2,452,1023,7,70.65,3.4,2
2019,11,7,15,24.5,19.1,373,1023,7.1,71.89,3.5,0
2019,11,7,16,24,19.1,89,1024,7.1,73.92,3.5,3
2019,11,7,17,23.5,19,10,1024,7,75.66,3.6,3
2019,11,7,18,23.2,18.7,0,1025,7.2,75.75,3.6,3
2019,11,7,19,23,18.4,0,1025,7.3,75.17,3.6,3
2019,11,7,20,22.7,18.1,0,1026,7.1,75.2,3.6,3
2019,11,7,21,22.5,17.8,0,1026,7,74.65,3.6,3
2019,11,7,22,22.3,17.6,0,1026,6.6,74.84,3.5,3
2019,11,7,23,22.1,17.6,0,1026,6.3,75.6,3.4,3
2019,11,8,0,22,17.6,0,1026,5.9,76.09,3.3,1
2019,11,8,1,21.9,17.6,0,1026,5.7,76.49,3.3,3
2019,11,8,2,21.9,17.5,0,1026,5.5,76.3,3.2,3
2019,11,8,3,21.8,17.5,0,1026,5.4,76.47,3.1,1
2019,11,8,4,21.9,17.4,0,1027,5.6,75.72,3,3
2019,11,8,5,22,17.3,0,1027,5.7,74.89,2.9,4
2019,11,8,6,22.1,17.3,0,1028,5.9,74.21,2.9,3
2019,11,8,7,22.7,17.3,37,1028,6.3,71.61,2.8,3
2019,11,8,8,23.2,17.2,247,1029,6.7,69,2.7,3
2019,11,8,9,23.7,17.1,260,1029,6.9,66.47,2.7,3
2019,11,8,10,23.9,17.1,453,1029,6.9,65.61,2.7,3
2019,11,8,11,24,17.1,330,1028,6.8,65.19,2.7,3
2019,11,8,12,24,17.1,749,1028,6.8,65.15,2.7,0
2019,11,8,13,23.9,17.1,154,1027,6.8,65.62,2.7,2
2019,11,8,14,23.8,17.1,298,1027,6.9,66.21,2.6,3
2019,11,8,15,23.4,17.1,87,1027,6.8,67.9,2.6,3
2019,11,8,16,23.1,17.2,169,1028,6.5,69.56,2.6,0
2019,11,8,17,22.6,17.3,8,1028,6.2,71.88,2.7,0
2019,11,8,18,22.3,17.3,0,1029,6.3,73.5,2.7,1
2019,11,8,19,22,17.3,0,1029,6.4,74.83,2.7,1
2019,11,8,20,21.9,17.3,0,1029,6.5,75.21,2.7,1
2019,11,8,21,21.8,17.3,0,1030,6.6,75.48,2.7,3
2019,11,8,22,21.6,17.2,0,1030,6.6,75.99,2.7,3
2019,11,8,23,21.5,17,0,1030,6.6,75.69,2.6,3
2019,11,9,0,21.4,16.8,0,1029,6.4,75.04,2.6,1
2019,11,9,1,21.2,16.6,0,1029,6.3,74.9,2.5,3
2019,11,9,2,21,16.4,0,1029,6.1,74.79,2.4,3
2019,11,9,3,20.8,16.1,0,1029,5.9,74.68,2.3,3
2019,11,9,4,20.6,15.9,0,1029,5.7,74.63,2.2,0
2019,11,9,5,20.6,15.8,0,1030,5.6,73.93,2.2,0
2019,11,9,6,20.5,15.7,0,1030,5.4,74.11,2.1,0
2019,11,9,7,21,15.8,127,1030,5.6,72.04,2.1,0
2019,11,9,8,21.5,15.7,206,1031,5.8,69.41,2.1,3
2019,11,9,9,21.8,15.6,520,1031,5.7,67.95,2.1,0
2019,11,9,10,22.3,15.7,664,1030,5.7,66.08,2.1,0
2019,11,9,11,22.5,15.7,752,1030,5.8,65.38,2.1,0
2019,11,9,12,22.6,15.6,621,1029,5.9,64.8,2.1,2
2019,11,9,13,22.5,15.6,524,1029,5.9,64.93,2.1,2
2019,11,9,14,22.4,15.5,168,1028,6,64.87,2.1,3
2019,11,9,15,22.1,15.3,392,1028,5.9,65.48,2,0
2019,11,9,16,21.6,15.3,184,1028,5.6,67.46,2,0
2019,11,9,17,20.9,15.4,12,1028,5.1,70.61,1.9,0
2019,11,9,18,20.7,15.4,0,1029,5,71.56,1.9,0
2019,11,9,19,20.6,15.3,0,1029,4.9,71.84,1.9,0
2019,11,9,20,20.5,15.3,0,1029,4.9,72.11,2,1
2019,11,9,21,20.5,15.3,0,1029,4.8,71.95,2,0
2019,11,9,22,20.4,15.2,0,1028,4.6,72.02,2.1,0
2019,11,9,23,20.3,15.3,0,1028,4.4,72.81,2.1,0
2019,11,10,0,20.3,15.3,0,1028,4.1,72.99,2.1,0
2019,11,10,1,20.2,15.3,0,1027,3.9,73.46,2.1,0
2019,11,10,2,20,15.2,0,1027,3.8,74.05,2.1,0
2019,11,10,3,19.9,15.2,0,1027,3.7,74.49,2.1,0
2019,11,10,4,19.9,15.3,0,1027,3.6,74.7,2.2,0
2019,11,10,5,19.9,15.2,0,1027,3.4,74.57,2.2,0
2019,11,10,6,19.9,15.2,0,1028,3.2,74.32,2.3,1
2019,11,10,7,21.2,15.5,130,1028,3.3,70.1,2.3,0
2019,11,10,8,22,15,336,1028,3.4,64.47,2.3,0
2019,11,10,9,22.6,14.9,270,1028,3.2,61.6,2.4,3
2019,11,10,10,23.2,14.8,420,1027,3,59.35,2.5,2
2019,11,10,11,23.6,14.9,750,1026,3.1,58.24,2.5,0
2019,11,10,12,23.9,15,759,1025,3.2,57.63,2.5,0
2019,11,10,13,23.9,15.1,695,1024,3.1,57.97,2.6,1
2019,11,10,14,23.9,15.2,567,1023,3.1,58.42,2.6,0
2019,11,10,15,23.6,15.4,387,1023,3.1,60.12,2.7,0
2019,11,10,16,22.9,15.7,180,1023,3,64.07,2.9,0
2019,11,10,17,21.6,16,12,1023,2.4,70.53,2.9,3
2019,11,10,18,21.2,15.7,0,1024,2.2,70.75,2.9,1
2019,11,10,19,21.2,15.3,0,1024,1.9,68.86,2.8,0
2019,11,10,20,21.3,14.8,0,1024,1.7,66.59,2.7,0
2019,11,10,21,21.4,14.5,0,1025,1.4,64.73,2.6,0
2019,11,10,22,21.5,14.2,0,1024,1.3,62.96,2.5,0
2019,11,10,23,21.4,14.1,0,1024,1.2,63.07,2.4,0
2019,11,11,0,21.3,14.3,0,1024,1.4,64.28,2.4,1
2019,11,11,1,21.1,14.6,0,1024,1.7,66.28,2.4,0
2019,11,11,2,20.8,14.8,0,1024,2.1,68.73,2.4,0
2019,11,11,3,20.3,15.1,0,1024,2.4,71.94,2.4,0
2019,11,11,4,20.1,15.2,0,1024,2.7,73.57,2.4,0
2019,11,11,5,19.8,15.2,0,1025,3,75.03,2.3,0
2019,11,11,6,19.8,15.1,0,1025,3.1,74.53,2.3,0
2019,11,11,7,21.3,15.7,129,1026,3.2,70.51,2.2,0
2019,11,11,8,22.5,15.3,335,1026,3.8,63.65,2.2,0
2019,11,11,9,23.2,15,524,1027,4.1,60.03,2.1,0
2019,11,11,10,23.7,14.8,666,1027,4.2,57.63,2.1,0
2019,11,11,11,24.1,14.8,751,1026,4.4,56.02,2.1,0
2019,11,11,12,24.3,14.8,760,1026,4.5,55.38,2.1,0
2019,11,11,13,24.3,14.9,699,1025,4.6,55.6,2.1,0
2019,11,11,14,24.2,15,577,1025,4.7,56.43,2,0
2019,11,11,15,23.8,15.2,396,1025,4.7,58.46,2,0
2019,11,11,16,23.2,15.6,187,1025,4.3,62.36,2,0
2019,11,11,17,21.8,16,13,1025,3.8,69.49,2,0
2019,11,11,18,21.4,16.1,0,1026,3.8,71.62,2,0
2019,11,11,19,21.2,16.1,0,1026,3.8,72.91,2,0
2019,11,11,20,21.1,16.2,0,1027,3.8,73.83,2,0
2019,11,11,21,21,16.3,0,1027,3.8,74.64,2.1,0
2019,11,11,22,20.9,16.4,0,1027,3.8,75.42,2.1,0
2019,11,11,23,20.9,16.5,0,1027,3.8,75.72,2.1,0
2019,11,12,0,20.8,16.5,0,1027,3.7,76.29,2.2,0
2019,11,12,1,20.8,16.5,0,1026,3.6,76.21,2.2,0
2019,11,12,2,20.7,16.5,0,1026,3.5,76.72,2.2,0
2019,11,12,3,20.6,16.5,0,1026,3.4,77.3,2.3,0
2019,11,12,4,20.5,16.5,0,1026,3.3,77.99,2.3,0
2019,11,12,5,20.5,16.6,0,1027,3.2,78.33,2.4,0
2019,11,12,6,20.5,16.7,0,1027,3.1,78.77,2.4,0
2019,11,12,7,22.2,17.4,121,1028,3.4,74.21,2.4,0
2019,11,12,8,23.3,17.4,321,1028,3.9,69.48,2.5,0
2019,11,12,9,24.1,17.5,504,1028,4,66.55,2.6,0
2019,11,12,10,24.6,17.6,643,1028,4,65.14,2.6,0
2019,11,12,11,25,17.7,723,1028,4.2,63.95,2.7,0
2019,11,12,12,25.3,17.7,730,1027,4.4,62.88,2.8,0
2019,11,12,13,25.2,17.7,667,1027,4.6,63.32,2.8,0
2019,11,12,14,25,17.7,539,1026,4.8,64.03,2.8,0
2019,11,12,15,24.6,17.7,364,1026,4.9,65.55,2.8,0
2019,11,12,16,24,17.8,165,1026,4.6,68.4,2.8,0
2019,11,12,17,23,18,7,1026,3.9,73.5,2.8,0
2019,11,12,18,22.7,18.1,0,1027,3.9,75.27,2.8,0
2019,11,12,19,22.5,18.2,0,1027,3.9,76.67,2.8,0
2019,11,12,20,22.5,18.4,0,1027,4,77.45,2.8,0
2019,11,12,21,22.4,18.6,0,1028,3.9,78.86,2.9,0
2019,11,12,22,22.4,18.7,0,1027,3.8,79.44,2.9,0
2019,11,12,23,22.3,18.7,0,1027,3.5,80.3,2.9,0
2019,11,13,0,22.2,18.7,0,1027,3.1,80.59,2.9,0
2019,11,13,1,22.1,18.6,0,1027,2.8,80.44,2.9,0
2019,11,13,2,22,18.4,0,1027,2.4,79.97,2.9,0
2019,11,13,3,22,18.2,0,1027,2.1,78.84,2.9,0
2019,11,13,4,22.2,17.9,0,1027,1.8,76.7,2.9,0
2019,11,13,5,22.2,17.7,0,1027,1.7,75.69,3,0
2019,11,13,6,22.3,17.6,0,1028,1.7,74.79,3,1
2019,11,13,7,23.5,18.3,114,1028,1.6,72.71,3.1,0
2019,11,13,8,24.7,18,309,1029,2,66.49,3.2,0
2019,11,13,9,25.4,18.1,489,1029,2.2,63.84,3.3,0
2019,11,13,10,25.9,18.3,626,1029,2.3,62.73,3.3,0
2019,11,13,11,26.2,18.5,709,1028,2.5,62.55,3.4,0
2019,11,13,12,26.3,18.6,716,1028,2.8,62.62,3.5,0
2019,11,13,13,26.2,18.6,655,1027,3.3,62.93,3.5,0
2019,11,13,14,25.9,18.5,535,1027,3.9,63.81,3.5,0
2019,11,13,15,25.3,18.4,363,1028,4.2,65.73,3.5,0
2019,11,13,16,24.6,18.4,166,1028,4.2,68.52,3.6,0
2019,11,13,17,23.6,18.7,9,1029,3.7,73.87,3.6,0
2019,11,13,18,23.2,18.7,0,1029,3.8,76.02,3.6,0
2019,11,13,19,23.1,18.8,0,1030,4,77.01,3.6,0
2019,11,13,20,23,18.9,0,1031,4.4,77.71,3.7,0
2019,11,13,21,22.9,18.9,0,1031,5,78.31,3.8,0
2019,11,13,22,22.8,18.8,0,1031,6,78.32,3.8,3
2019,11,13,23,22.6,18.5,0,1031,6.7,77.7,3.8,7
2019,11,14,0,22.3,17.9,0,1031,7,76.38,3.7,4
2019,11,14,1,22,17.3,0,1031,6.8,74.78,3.6,4
2019,11,14,2,21.8,16.8,0,1031,6.8,73.07,3.6,7
2019,11,14,3,21.6,16.5,0,1031,6.7,72.66,3.6,7
2019,11,14,4,21.6,16.3,0,1031,6.7,72.01,3.5,7
2019,11,14,5,21.5,16.3,0,1031,6.7,72.06,3.5,7
2019,11,14,6,21.4,16.3,0,1032,6.6,72.68,3.4,4
2019,11,14,7,21.6,16.3,25,1032,6.9,71.62,3.3,8
2019,11,14,8,21.9,16,34,1032,7.2,69.23,3.2,7
2019,11,14,9,22.1,15.8,50,1032,7.2,67.46,3.1,3
2019,11,14,10,22.4,15.7,54,1032,7.1,66.03,3.1,3
2019,11,14,11,22.5,15.7,79,1031,7.1,65.62,3.1,3
2019,11,14,12,22.4,15.7,92,1030,7.3,65.71,3.1,3
2019,11,14,13,22.2,15.5,57,1030,7.5,65.75,3,3
2019,11,14,14,21.9,15.2,45,1029,7.5,65.59,2.9,3
2019,11,14,15,21.5,14.9,31,1029,7.3,66.17,2.7,3
2019,11,14,16,21.1,14.9,20,1030,6.9,67.8,2.6,3
2019,11,14,17,20.7,15.1,0,1030,6.3,70.24,2.5,3
2019,11,14,18,20.7,15.3,0,1030,6,71.42,2.5,3
2019,11,14,19,20.7,15.5,0,1030,5.8,72.35,2.4,3
2019,11,14,20,20.6,15.7,0,1030,5.6,73.33,2.4,3
2019,11,14,21,20.6,15.7,0,1030,5.4,73.54,2.4,3
2019,11,14,22,20.6,15.7,0,1030,5.2,73.75,2.4,1
2019,11,14,23,20.5,15.8,0,1029,5.1,74.51,2.3,0
2019,11,15,0,20.4,15.9,0,1029,4.9,75.23,2.3,0
2019,11,15,1,20.2,15.9,0,1028,4.6,76.24,2.3,0
2019,11,15,2,20,15.9,0,1028,4.5,77.29,2.3,0
2019,11,15,3,19.9,15.9,0,1027,4.4,77.68,2.3,0
2019,11,15,4,19.9,15.9,0,1027,4.3,77.74,2.2,0
2019,11,15,5,19.9,15.9,0,1027,4.2,77.55,2.2,0
2019,11,15,6,19.9,15.8,0,1028,4.2,77.47,2.1,0
2019,11,15,7,21,16,114,1028,4.7,73,2.1,0
2019,11,15,8,21.8,15.8,222,1029,5.1,68.89,2,3
2019,11,15,9,22.5,15.9,316,1029,5.1,66.34,2,3
2019,11,15,10,23,16,651,1028,5,64.7,1.9,0
2019,11,15,11,23.4,16.1,734,1027,4.9,63.5,1.9,0
2019,11,15,12,23.7,16.1,745,1026,4.9,62.62,1.9,1
2019,11,15,13,23.8,16.2,684,1025,5.1,62.51,1.9,0
2019,11,15,14,23.7,16.3,557,1025,5.3,63.33,2,0
2019,11,15,15,23.4,16.4,199,1026,5.4,64.97,2,3
2019,11,15,16,22.8,16.6,79,1026,5.1,68.2,2.1,2
2019,11,15,17,21.9,16.9,0,1026,4.4,73.42,2.1,1
2019,11,15,18,21.6,17.1,0,1027,4.2,75.35,2.1,0
2019,11,15,19,21.4,17,0,1027,4,76.23,2.1,1
2019,11,15,20,21.3,17,0,1027,3.8,76.45,2.1,0
2019,11,15,21,21.2,17,0,1027,3.8,76.87,2.1,0
2019,11,15,22,21.2,17,0,1027,3.8,76.86,2.1,0
2019,11,15,23,21.1,17,0,1027,3.7,77.42,2.1,0
2019,11,16,0,21,17,0,1026,3.7,77.75,2.1,0
2019,11,16,1,20.9,16.9,0,1026,3.6,78.03,2,0
2019,11,16,2,20.8,16.9,0,1025,3.6,78.54,2,0
2019,11,16,3,20.6,16.9,0,1025,3.4,79.55,2,0
2019,11,16,4,20.5,16.9,0,1025,3.4,80.01,1.9,0
2019,11,16,5,20.5,16.9,0,1026,3.3,79.85,1.9,0
2019,11,16,6,20.6,16.8,0,1026,3.2,79.01,1.9,0
2019,11,16,7,22.2,17.2,119,1027,3.5,73.41,1.9,0
2019,11,16,8,23.4,17.1,326,1027,4,67.96,1.9,0
2019,11,16,9,24.2,17.2,517,1028,4.3,65.05,1.9,0
2019,11,16,10,24.8,17.3,660,1027,4.5,63.15,1.9,0
2019,11,16,11,25.2,17.4,743,1027,4.7,61.93,1.9,0
2019,11,16,12,25.5,17.4,756,1026,4.8,60.74,1.8,0
2019,11,16,13,25.5,17.4,695,1025,4.9,60.77,1.8,0
2019,11,16,14,25.3,17.4,567,1024,5,61.56,1.8,0
2019,11,16,15,24.9,17.4,385,1024,5,63.3,1.9,0
2019,11,16,16,24.2,17.6,177,1024,4.8,66.84,1.9,0
2019,11,16,17,22.9,18,0,1025,4,73.8,2,0
2019,11,16,18,22.5,18.2,0,1025,3.8,76.91,2.1,0
2019,11,16,19,22.4,18.6,0,1025,3.7,79.03,2.2,0
2019,11,16,20,22.3,18.9,0,1026,3.4,81.33,2.4,0
2019,11,16,21,22.2,19.3,0,1025,3.1,83.42,2.4,0
2019,11,16,22,22.1,19.5,0,1025,2.8,85.29,2.5,0
2019,11,16,23,22,19.7,0,1025,2.7,86.76,2.5,0
2019,11,17,0,21.9,19.8,0,1025,2.7,87.77,2.6,0
2019,11,17,1,21.8,19.8,0,1025,2.6,88.32,2.7,0
2019,11,17,2,21.7,19.7,0,1025,2.5,88.29,2.7,0
2019,11,17,3,21.7,19.5,0,1024,2.4,87.18,2.8,0
2019,11,17,4,21.7,19.3,0,1024,2.3,86.34,2.8,0
2019,11,17,5,21.7,19.2,0,1025,2.3,85.92,2.9,0
2019,11,17,6,21.7,19.2,0,1025,2.2,85.74,2.9,0
2019,11,17,7,23.2,19.8,111,1026,2.5,81.44,2.9,0
2019,11,17,8,24.6,20,312,1026,3,75.44,2.9,0
2019,11,17,9,25.8,20.8,497,1026,3.1,73.83,3,0
2019,11,17,10,26.7,21.2,636,1026,3,71.82,3.1,0
2019,11,17,11,27.3,21.3,715,1025,2.9,69.68,3.3,0
2019,11,17,12,27.6,21.6,723,1024,2.7,69.69,3.4,0
2019,11,17,13,27.6,21.9,661,1023,2.7,70.99,3.5,0
2019,11,17,14,27.4,22.1,531,1023,2.8,73.05,3.7,0
2019,11,17,15,26.9,22.5,357,1023,2.9,76.66,3.8,0
2019,11,17,16,26.1,22.9,160,1023,2.7,82.43,4,0
2019,11,17,17,24.9,23.1,0,1024,2.1,89.68,4.1,0
2019,11,17,18,24.4,23.2,0,1024,1.9,92.8,4.1,0
2019,11,17,19,24.2,23.2,0,1025,1.8,94.17,4.1,0
2019,11,17,20,24,23.2,0,1025,1.8,95.15,4,1
2019,11,17,21,23.9,23.1,0,1026,1.8,95.46,4,3
2019,11,17,22,23.9,23.1,0,1025,1.7,95,3.9,3
2019,11,17,23,23.8,23,0,1025,1.6,95.3,3.9,3
2019,11,18,0,23.8,23,0,1024,1.6,95.08,4,3
2019,11,18,1,23.8,22.9,0,1024,1.6,94.9,4,3
2019,11,18,2,23.7,22.9,0,1024,1.7,95.14,4.1,3
2019,11,18,3,23.6,22.8,0,1023,1.8,95.24,4.2,3
2019,11,18,4,23.6,22.8,0,1024,2,95.03,4.3,3
2019,11,18,5,23.6,22.7,0,1024,2.2,94.71,4.4,3
2019,11,18,6,23.6,22.7,0,1025,2.6,94.74,4.4,3
2019,11,18,7,24.5,23.3,52,1025,3.7,93.08,4.5,3
2019,11,18,8,24.8,23.1,293,1026,5.1,90.51,4.6,0
2019,11,18,9,24.8,22.5,319,1027,6.3,86.93,4.6,3
2019,11,18,10,24.7,21.8,115,1027,7.1,83.95,4.7,3
2019,11,18,11,24.5,21.4,59,1027,7.7,82.65,4.7,3
2019,11,18,12,24.1,21,41,1026,8.1,83.01,4.7,8
2019,11,18,13,23.6,20.7,128,1026,8.4,83.94,4.7,3
2019,11,18,14,22.9,20.3,60,1026,8.9,85.17,4.7,3
2019,11,18,15,22.1,19.6,27,1027,9.2,85.52,4.6,3
2019,11,18,16,21.2,18.7,11,1027,9.3,85.65,4.5,3
2019,11,18,17,20.5,18,0,1028,9,85.47,4.4,4
2019,11,18,18,20.2,17.6,0,1029,8.4,85.16,4.3,3
2019,11,18,19,20.1,17.5,0,1030,8.1,84.85,4.2,4
2019,11,18,20,20,17.3,0,1031,7.9,84.42,4.2,7
2019,11,18,21,19.9,17.1,0,1031,7.7,83.99,4.1,7
2019,11,18,22,19.8,17,0,1031,7.6,84,4,7
2019,11,18,23,19.8,16.9,0,1031,7.7,83.56,3.9,7
2019,11,19,0,19.7,16.8,0,1030,7.8,83.3,3.9,7
2019,11,19,1,19.7,16.7,0,1030,7.9,82.71,3.8,7
2019,11,19,2,19.6,16.5,0,1030,7.9,82.46,3.8,7
2019,11,19,3,19.5,16.4,0,1030,7.9,82.21,3.7,7
2019,11,19,4,19.5,16.2,0,1030,8.1,81.14,3.7,7
2019,11,19,5,19.5,15.9,0,1030,8,79.79,3.6,6
2019,11,19,6,19.4,15.7,0,1031,7.9,78.97,3.5,6
2019,11,19,7,19.5,15.5,6,1031,7.8,77.76,3.5,6
2019,11,19,8,19.5,15.4,20,1032,7.9,77.25,3.4,6
2019,11,19,9,19.6,15.3,27,1032,7.8,76.28,3.3,6
2019,11,19,10,19.6,15.3,145,1032,7.8,76.11,3.3,7
2019,11,19,11,19.7,15.3,62,1032,7.8,75.61,3.3,7
2019,11,19,12,19.8,15.3,133,1031,7.8,75.08,3.3,7
2019,11,19,13,19.9,15.3,153,1030,7.7,74.63,3.3,7
2019,11,19,14,20,15.4,193,1030,7.7,74.63,3.4,7
2019,11,19,15,20,15.5,176,1030,7.7,75.23,3.4,7
2019,11,19,16,20,15.6,11,1031,7.7,75.63,3.5,4
2019,11,19,17,20,15.5,0,1031,7.6,75.52,3.5,7
2019,11,19,18,20,15.5,0,1031,7.7,75.15,3.5,7
2019,11,19,19,20,15.4,0,1032,7.7,74.95,3.5,6
2019,11,19,20,20,15.4,0,1032,7.7,74.85,3.5,7
2019,11,19,21,20,15.4,0,1032,7.7,74.95,3.5,6
2019,11,19,22,20,15.4,0,1032,7.6,75.07,3.5,7
2019,11,19,23,20,15.5,0,1032,7.5,75.23,3.5,7
2019,11,20,0,20,15.5,0,1031,7.3,75.22,3.5,7
2019,11,20,1,20,15.5,0,1031,7.2,75.28,3.5,7
2019,11,20,2,19.9,15.5,0,1031,7.3,75.77,3.5,7
2019,11,20,3,19.9,15.5,0,1031,7.3,75.68,3.5,7
2019,11,20,4,19.9,15.4,0,1030,7.3,75.44,3.5,7
2019,11,20,5,20,15.4,0,1031,7.2,74.89,3.5,7
2019,11,20,6,20,15.4,0,1031,7.2,74.89,3.4,7
2019,11,20,7,20.3,15.5,11,1032,7.4,73.89,3.4,4
2019,11,20,8,20.7,15.5,45,1033,7.6,72.33,3.4,3
2019,11,20,9,21.1,15.5,199,1033,7.8,70.54,3.4,3
2019,11,20,10,21.3,15.6,140,1033,7.7,70.03,3.4,3
2019,11,20,11,21.4,15.7,339,1032,7.7,70.09,3.4,3
2019,11,20,12,21.5,15.8,293,1031,7.7,70.13,3.4,3
2019,11,20,13,21.5,15.9,434,1030,7.6,70.47,3.4,3
2019,11,20,14,21.4,16,317,1030,7.5,71.26,3.4,3
2019,11,20,15,21.3,16.1,172,1030,7.5,72.18,3.4,3
2019,11,20,16,21.1,16.2,53,1030,7.3,73.65,3.4,3
2019,11,20,17,20.9,16.4,0,1030,7.1,75.31,3.4,4
2019,11,20,18,20.9,16.5,0,1031,7.2,75.94,3.4,7
2019,11,20,19,21,16.6,0,1031,7.2,76.14,3.4,4
2019,11,20,20,21.1,16.8,0,1031,7.2,76.46,3.4,7
2019,11,20,21,21.1,17,0,1031,7.1,77.33,3.4,7
2019,11,20,22,21.1,17.1,0,1030,7,78.07,3.4,7
2019,11,20,23,21.2,17.3,0,1030,6.9,78.22,3.5,7
2019,11,21,0,21.3,17.4,0,1030,6.8,78.29,3.5,7
2019,11,21,1,21.4,17.5,0,1030,6.7,78.25,3.5,7
2019,11,21,2,21.4,17.5,0,1029,6.4,78.57,3.5,7
2019,11,21,3,21.4,17.6,0,1029,6.1,79.1,3.5,7
2019,11,21,4,21.4,17.7,0,1028,5.9,79.53,3.5,1
2019,11,21,5,21.5,17.9,0,1028,5.7,79.79,3.6,1
2019,11,21,6,21.6,18.1,0,1028,5.5,80.43,3.6,3
2019,11,21,7,22.1,18.6,23,1029,5.6,80.48,3.7,3
2019,11,21,8,22.8,19,133,1029,5.9,79.22,3.8,3
2019,11,21,9,23.3,19.3,111,1029,6,78.17,4,3
2019,11,21,10,23.6,19.5,402,1028,6,78.02,4.1,3
2019,11,21,11,23.8,19.9,401,1028,6.2,78.58,4.3,3
2019,11,21,12,23.7,20.1,208,1027,6.5,80.4,4.4,3
2019,11,21,13,23.6,20.3,240,1026,6.7,81.96,4.5,3
2019,11,21,14,23.3,20.5,201,1026,7,84.23,4.6,3
2019,11,21,15,22.9,20.5,43,1026,7.1,86.58,4.7,3
2019,11,21,16,22.5,20.5,18,1026,7.1,88.67,4.8,3
2019,11,21,17,22.3,20.5,0,1026,6.7,89.62,4.8,3
2019,11,21,18,22.3,20.5,0,1026,6.5,89.44,5,3
2019,11,21,19,22.2,20.5,0,1027,6.3,89.95,5.1,3
2019,11,21,20,22.2,20.4,0,1027,6.1,89.82,5.2,3
2019,11,21,21,22.1,20.4,0,1027,6.1,90.2,5.2,3
2019,11,21,22,22.1,20.4,0,1027,6.2,89.94,5.2,3
2019,11,21,23,22.1,20.3,0,1026,6.2,89.69,5.1,3
2019,11,22,0,22.1,20.3,0,1026,6.3,89.82,5,3
2019,11,22,1,22.2,20.4,0,1025,6.4,89.62,5,3
2019,11,22,2,22.3,20.5,0,1025,6.4,89.57,4.9,3
2019,11,22,3,22.4,20.6,0,1025,6.3,89.54,4.9,3
2019,11,22,4,22.5,20.7,0,1025,6.3,89.62,4.8,3
2019,11,22,5,22.6,20.8,0,1025,6.3,89.64,4.8,1
2019,11,22,6,22.6,20.9,0,1025,6.3,90.12,4.8,1
2019,11,22,7,22.9,21.1,18,1025,6.4,89.6,4.9,3
2019,11,22,8,23.3,21.3,266,1026,6.6,88.33,4.9,1
2019,11,22,9,23.6,21.3,68,1026,6.8,87.07,4.9,3
2019,11,22,10,24,21.4,141,1026,6.7,85.31,4.9,3
2019,11,22,11,24.2,21.4,260,1025,6.5,84.44,4.9,3
2019,11,22,12,24.3,21.5,278,1025,6.2,84.39,4.8,3
2019,11,22,13,24.3,21.6,273,1024,6,84.78,4.8,3
2019,11,22,14,24.2,21.6,222,1024,5.9,85.55,4.7,3
2019,11,22,15,23.9,21.6,88,1024,5.9,86.98,4.6,3
2019,11,22,16,23.4,21.6,53,1024,5.7,89.39,4.6,3
2019,11,22,17,23,21.5,0,1025,5.1,91.44,4.5,1
2019,11,22,18,23,21.6,0,1025,4.9,91.56,4.5,1
2019,11,22,19,23,21.6,0,1025,4.6,91.68,4.5,1
2019,11,22,20,23,21.6,0,1026,4.2,91.56,4.5,1
2019,11,22,21,22.9,21.5,0,1026,3.9,91.57,4.5,1
2019,11,22,22,22.8,21.3,0,1025,3.5,91.26,4.5,1
2019,11,22,23,22.6,21.2,0,1025,3.4,91.76,4.5,0
2019,11,23,0,22.5,21.1,0,1025,3.3,91.86,4.4,1
2019,11,23,1,22.4,21,0,1024,3.3,92.02,4.3,1
2019,11,23,2,22.3,21,0,1024,3.2,92.3,4.2,0
2019,11,23,3,22.2,21,0,1024,3.1,92.67,4,0
2019,11,23,4,22.2,21,0,1024,3,92.7,3.9,1
2019,11,23,5,22.2,21,0,1025,2.8,92.93,3.8,0
2019,11,23,6,22.2,21.1,0,1025,2.8,93.28,3.7,0
2019,11,23,7,23.1,21.7,91,1026,3.2,91.94,3.7,0
2019,11,23,8,23.7,22,280,1027,3.6,90.44,3.7,1
2019,11,23,9,24.2,22.2,461,1027,3.9,88.44,3.6,1
2019,11,23,10,24.9,22.1,601,1026,3.9,84.57,3.6,1
2019,11,23,11,25.4,22.1,312,1026,4,81.99,3.6,3
2019,11,23,12,25.6,22,426,1025,4.2,80.71,3.7,3
2019,11,23,13,25.5,21.9,360,1024,4.4,80.57,3.8,2
2019,11,23,14,25.2,21.8,522,1024,4.5,81.3,3.8,1
2019,11,23,15,24.5,21.6,50,1024,4.7,84.06,3.9,3
2019,11,23,16,23.7,21.5,156,1025,4.6,87.53,3.9,1
2019,11,23,17,23,21.4,0,1025,3.8,90.63,3.9,3
2019,11,23,18,22.7,21.3,0,1026,3.1,91.87,3.9,1
2019,11,23,19,22.5,21.2,0,1026,2.6,92.5,3.9,3
2019,11,23,20,22.4,21.1,0,1026,2.3,92.63,3.8,3
2019,11,23,21,22.3,21.1,0,1026,2.2,92.88,3.8,1
2019,11,23,22,22.2,21.1,0,1026,2.1,93.24,3.9,1
2019,11,23,23,22,21,0,1026,2.3,94.31,4,3
2019,11,24,0,21.9,21,0,1026,2.4,94.87,4,3
2019,11,24,1,21.9,21,0,1026,2.5,94.84,4.1,3
2019,11,24,2,21.9,21,0,1026,2.6,94.69,4.1,3
2019,11,24,3,21.8,20.9,0,1026,2.7,94.91,4.1,1
2019,11,24,4,21.8,20.9,0,1026,2.8,94.61,4.1,3
2019,11,24,5,21.8,20.9,0,1027,2.9,94.44,4.1,7
2019,11,24,6,21.9,20.8,0,1028,3,93.74,4.2,7
2019,11,24,7,22.7,21.1,5,1028,3.4,90.54,4.2,7
2019,11,24,8,23.2,21.1,142,1029,3.6,87.96,4.2,7
2019,11,24,9,23.9,21,171,1029,3.7,83.95,4.2,7
2019,11,24,10,24.6,21,532,1029,3.8,80.24,4.2,7
2019,11,24,11,25,20.9,689,1028,4,78.24,4.2,0
2019,11,24,12,25.1,20.9,698,1027,4.3,77.65,4.3,0
2019,11,24,13,25,20.9,640,1027,4.6,78.12,4.3,0
2019,11,24,14,24.7,20.9,520,1027,4.9,79.51,4.2,0
2019,11,24,15,24.3,20.9,350,1027,4.9,81.42,4.2,0
2019,11,24,16,23.7,20.9,157,1027,4.8,84.48,4.3,1
2019,11,24,17,23,21.1,0,1028,4.4,88.8,4.3,3
2019,11,24,18,22.9,21.1,0,1029,4.3,89.73,4.3,1
2019,11,24,19,22.8,21.1,0,1029,4.2,89.92,4.3,3
2019,11,24,20,22.8,21,0,1030,4.2,89.37,4.2,7
2019,11,24,21,22.7,20.8,0,1030,4.3,89.17,4.2,3
2019,11,24,22,22.7,20.7,0,1030,4.6,88.3,4.2,3
2019,11,24,23,22.7,20.6,0,1030,4.9,87.72,4.2,3
2019,11,25,0,22.7,20.4,0,1030,5.2,86.88,4.2,3
2019,11,25,1,22.6,20.2,0,1030,5.6,86.45,4.2,3
2019,11,25,2,22.6,20,0,1030,6,85.23,4.2,1
2019,11,25,3,22.5,19.7,0,1030,6.3,84.07,4.2,3
2019,11,25,4,22.4,19.4,0,1031,6.4,82.9,4.2,1
2019,11,25,5,22.3,19.1,0,1031,6.4,82.11,4.1,3
2019,11,25,6,22.3,19,0,1032,6.2,81.57,4.1,3
2019,11,25,7,22.7,19,19,1033,6.5,79.57,4.1,3
2019,11,25,8,23.2,18.9,44,1033,6.9,76.74,4.1,3
2019,11,25,9,23.7,18.8,84,1033,7.3,73.84,4.1,3
2019,11,25,10,23.8,18.7,50,1033,7.4,72.94,4.1,3
2019,11,25,11,23.7,18.5,59,1033,7.5,72.85,4.1,3
2019,11,25,12,23.4,18.4,193,1032,7.7,73.4,4.1,8
2019,11,25,13,23,18.2,80,1032,7.9,74.28,4.1,3
2019,11,25,14,22.5,18,42,1032,8.1,75.66,4.1,3
2019,11,25,15,21.9,17.8,24,1032,8.2,77.61,4.1,8
2019,11,25,16,21.4,17.6,11,1032,8.1,79.17,4.1,4
2019,11,25,17,21.1,17.5,0,1033,7.8,80.03,4.1,3
2019,11,25,18,20.9,17.4,0,1034,7.7,80.25,4.1,3
2019,11,25,19,20.8,17.2,0,1034,7.6,79.94,4,3
2019,11,25,20,20.7,17.1,0,1034,7.5,79.77,3.9,3
2019,11,25,21,20.6,17,0,1034,7.4,79.81,3.9,3
2019,11,25,22,20.5,17,0,1034,7.1,80.17,3.8,3
2019,11,25,23,20.5,17,0,1034,7,80.15,3.8,3
2019,11,26,0,20.5,16.9,0,1033,6.9,80.01,3.7,3
2019,11,26,1,20.4,16.9,0,1033,6.8,80.56,3.7,3
2019,11,26,2,20.4,17,0,1033,6.7,80.6,3.7,3
2019,11,26,3,20.4,16.9,0,1033,6.7,80.52,3.7,3
2019,11,26,4,20.4,16.9,0,1033,6.6,80.41,3.7,3
2019,11,26,5,20.4,16.9,0,1033,6.5,80.52,3.6,3
2019,11,26,6,20.4,17,0,1034,6.3,81,3.6,3
2019,11,26,7,20.7,17.2,69,1034,6.5,80.13,3.7,1
2019,11,26,8,21.2,17.3,127,1034,6.8,78.25,3.7,3
2019,11,26,9,21.6,17.3,337,1034,6.9,76.76,3.7,2
2019,11,26,10,22,17.4,264,1034,6.8,75.34,3.8,3
2019,11,26,11,22.3,17.5,172,1033,6.7,74.33,3.8,3
2019,11,26,12,22.4,17.6,276,1032,6.7,74.11,3.9,3
2019,11,26,13,22.4,17.6,444,1032,6.6,74.33,3.8,3
2019,11,26,14,22.3,17.6,348,1031,6.6,74.98,3.8,3
2019,11,26,15,22.1,17.7,70,1031,6.5,76.12,3.8,3
2019,11,26,16,21.7,17.7,41,1031,6.2,78.23,3.8,3
2019,11,26,17,21.4,17.9,0,1032,5.8,80.23,3.9,3
2019,11,26,18,21.3,18,0,1032,5.8,81.24,3.9,3
2019,11,26,19,21.4,18,0,1032,5.7,81.16,3.9,1
2019,11,26,20,21.4,18.1,0,1032,5.5,81.5,3.9,3
2019,11,26,21,21.4,18.2,0,1032,5.5,81.84,3.9,1
2019,11,26,22,21.4,18.2,0,1032,5.4,82.16,3.9,3
2019,11,26,23,21.4,18.3,0,1032,5.4,82.36,3.8,1
2019,11,27,0,21.3,18.3,0,1032,5.5,82.9,3.8,3
2019,11,27,1,21.3,18.3,0,1031,5.6,82.82,3.7,1
2019,11,27,2,21.2,18.3,0,1031,5.6,83.33,3.7,3
2019,11,27,3,21.2,18.2,0,1031,5.6,83.17,3.7,1
2019,11,27,4,21.2,18.2,0,1031,5.6,83.05,3.6,1
2019,11,27,5,21.2,18.2,0,1031,5.5,82.95,3.6,3
2019,11,27,6,21.2,18.2,0,1032,5.3,83.04,3.6,3
2019,11,27,7,21.6,18.3,23,1032,5.6,81.56,3.6,3
2019,11,27,8,22.2,18.3,81,1032,5.9,78.57,3.6,3
2019,11,27,9,22.7,18.2,130,1032,5.9,75.88,3.6,3
2019,11,27,10,23,18.2,365,1032,5.9,74.33,3.6,3
2019,11,27,11,23.3,18.2,429,1031,5.8,72.98,3.6,3
2019,11,27,12,23.5,18.2,517,1030,5.8,72.25,3.6,3
2019,11,27,13,23.5,18.2,465,1029,6,72.27,3.5,3
2019,11,27,14,23.3,18.2,174,1029,6.1,73.08,3.5,3
2019,11,27,15,22.8,18.1,137,1029,6.2,75.05,3.6,3
2019,11,27,16,22.3,18.1,70,1029,6.1,76.99,3.6,3
2019,11,27,17,21.7,18.1,0,1030,5.7,79.93,3.6,3
2019,11,27,18,21.5,18.1,0,1031,5.6,80.81,3.7,1
2019,11,27,19,21.4,18,0,1032,5.6,81.02,3.6,1
2019,11,27,20,21.2,17.9,0,1032,5.6,81.6,3.6,3
2019,11,27,21,21,17.9,0,1032,5.5,82.22,3.6,3
2019,11,27,22,20.8,17.8,0,1032,5.6,82.82,3.6,3
2019,11,27,23,20.7,17.7,0,1032,5.8,82.85,3.5,3
2019,11,28,0,20.6,17.5,0,1032,5.8,82.59,3.5,3
2019,11,28,1,20.5,17.4,0,1032,5.9,82.44,3.5,3
2019,11,28,2,20.4,17.3,0,1032,5.9,82.57,3.5,3
2019,11,28,3,20.3,17.3,0,1032,6,82.77,3.5,3
2019,11,28,4,20.3,17.2,0,1032,6.2,82.32,3.4,3
2019,11,28,5,20.2,17.1,0,1032,6.3,82.12,3.4,3
2019,11,28,6,20.1,16.9,0,1033,6.5,81.86,3.3,3
2019,11,28,7,20.2,16.8,10,1034,6.8,80.8,3.3,3
2019,11,28,8,20.3,16.7,39,1034,7.2,79.59,3.2,3
2019,11,28,9,20.4,16.5,38,1034,7.5,78.12,3.1,3
2019,11,28,10,20.2,16.3,56,1034,7.7,78.08,3,3
2019,11,28,11,20,16,88,1034,7.9,77.59,2.9,3
2019,11,28,12,19.6,15.6,95,1033,8.1,77.77,2.8,3
2019,11,28,13,19.3,15.3,137,1033,8.2,77.45,2.7,3
2019,11,28,14,19,14.9,91,1033,8.2,77.22,2.6,3
2019,11,28,15,18.7,14.6,30,1033,8.1,77.12,2.5,3
2019,11,28,16,18.5,14.4,11,1034,7.9,76.83,2.4,3
2019,11,28,17,18.2,14.2,0,1034,7.6,77.29,2.4,3
2019,11,28,18,18.2,14,0,1035,7.4,76.69,2.3,3
2019,11,28,19,18.2,14,0,1035,7.2,76.33,2.3,3
2019,11,28,20,18.2,14,0,1035,7,76.34,2.3,3
2019,11,28,21,18.2,14,0,1035,6.9,76.69,2.3,3
2019,11,28,22,18.3,14.1,0,1035,6.8,76.62,2.3,3
2019,11,28,23,18.3,14.2,0,1034,6.6,77.2,2.3,3
2019,11,29,0,18.3,14.3,0,1034,6.4,77.45,2.3,3
2019,11,29,1,18.4,14.2,0,1034,6.3,76.67,2.3,3
2019,11,29,2,18.4,14.1,0,1034,6.3,75.92,2.2,3
2019,11,29,3,18.4,14,0,1034,6.2,75.32,2.2,3
2019,11,29,4,18.4,13.8,0,1034,6.2,74.78,2.2,3
2019,11,29,5,18.5,13.8,0,1034,5.9,74.26,2.2,3
2019,11,29,6,18.5,13.8,0,1034,5.6,74.2,2.2,3
2019,11,29,7,18.9,13.9,17,1035,5.5,72.76,2.2,3
2019,11,29,8,19.5,13.9,58,1035,5.6,70.19,2.2,3
2019,11,29,9,20.1,13.9,152,1035,5.5,67.7,2.3,3
2019,11,29,10,20.7,14.2,384,1035,5.4,66.3,2.3,3
2019,11,29,11,21.1,14.7,672,1034,5.5,66.76,2.4,1
2019,11,29,12,21.2,15.2,439,1033,5.7,68.78,2.6,2
2019,11,29,13,21.2,15.8,458,1032,5.9,71.33,2.7,3
2019,11,29,14,21.1,16.3,229,1032,6,74.22,2.8,3
2019,11,29,15,21.1,16.8,213,1032,6.1,76.33,2.9,3
2019,11,29,16,21,17.1,76,1031,6,78.61,3,2
2019,11,29,17,21.1,17.4,0,1031,6,79.4,3.1,3
2019,11,29,18,21.3,17.5,0,1032,6.1,79.11,3.1,3
2019,11,29,19,21.4,17.6,0,1032,6.1,78.74,3.1,1
2019,11,29,20,21.4,17.5,0,1032,6.1,78.42,3,3
2019,11,29,21,21.4,17.4,0,1032,6.2,78.12,3,1
2019,11,29,22,21.3,17.5,0,1032,6.1,78.76,3,1
2019,11,29,23,21.3,17.5,0,1032,6,79.13,3,3
2019,11,30,0,21.3,17.6,0,1031,5.8,79.62,3,1
2019,11,30,1,21.4,17.8,0,1031,5.6,80.03,3,0
2019,11,30,2,21.4,17.9,0,1031,5.5,80.64,3.1,3
2019,11,30,3,21.5,17.9,0,1030,5.5,80.18,3.1,0
2019,11,30,4,21.6,17.9,0,1030,5.4,79.63,3.1,1
2019,11,30,5,21.7,17.9,0,1031,5.4,79.19,3,1
2019,11,30,6,21.7,18,0,1031,5.3,79.33,3,3
2019,11,30,7,22.2,18.1,54,1031,5.6,77.74,3,3
2019,11,30,8,22.9,18.2,255,1031,6.1,74.61,3,1
2019,11,30,9,23.5,17.9,168,1031,6.5,70.76,2.9,3
2019,11,30,10,24.1,17.7,345,1031,6.6,67.34,2.9,3
2019,11,30,11,24.5,17.6,383,1030,6.5,65.42,2.9,3
2019,11,30,12,24.7,17.6,299,1029,6.4,64.54,2.9,3
2019,11,30,13,24.8,17.6,218,1028,6.4,64.32,3,3
2019,11,30,14,24.7,17.7,318,1027,6.5,64.9,3,3
2019,11,30,15,24.4,17.7,140,1027,6.4,66.29,3,3
2019,11,30,16,23.8,17.8,11,1027,6.2,69.17,3,3
2019,11,30,17,23.1,18,0,1028,5.8,72.86,3,0
2019,11,30,18,22.7,18.2,0,1028,5.3,75.78,3,0
2019,11,30,19,22.5,18.3,0,1028,5,77.34,3,0
2019,11,30,20,22.4,18.4,0,1028,4.7,78.07,3.1,0
2019,11,30,21,22.3,18.4,0,1028,4.4,78.56,3.1,0
2019,11,30,22,22.2,18.4,0,1028,4.1,78.98,3.1,0
2019,11,30,23,22,18.4,0,1028,3.7,80,3,0
2019,12,1,0,21.9,18.4,0,1028,3.5,80.56,3,1
2019,12,1,1,21.9,18.4,0,1028,3.3,80.43,3,0
2019,12,1,2,21.8,18.3,0,1027,3.1,80.72,3,0
2019,12,1,3,21.6,18.3,0,1027,3,81.59,2.9,0
2019,12,1,4,21.5,18.3,0,1027,2.9,81.88,2.9,1
2019,12,1,5,21.5,18.2,0,1027,2.7,81.46,2.8,0
2019,12,1,6,21.5,18.1,0,1027,2.5,81.2,2.8,0
2019,12,1,7,22.7,18.8,78,1028,2.3,78.89,2.8,0
2019,12,1,8,23.9,18.8,266,1028,2.4,73.05,2.8,0
2019,12,1,9,24.8,18.7,448,1028,2.2,68.76,2.8,0
2019,12,1,10,25.3,18.6,587,1028,2.3,66.37,2.9,0
2019,12,1,11,25.5,18.4,672,1027,2.4,64.86,2.9,0
2019,12,1,12,25.5,18.2,688,1026,2.4,64.04,2.8,0
2019,12,1,13,25.3,18.2,504,1026,2.4,64.91,2.8,2
2019,12,1,14,24.9,18.3,518,1025,2.7,66.9,2.8,0
2019,12,1,15,24.1,18.5,203,1026,3,71.02,2.8,2
2019,12,1,16,23,18.8,63,1026,3.4,77.22,2.9,3
2019,12,1,17,21.7,19,0,1027,4,84.5,2.9,3
2019,12,1,18,21.1,18.8,0,1027,4.9,86.78,2.9,0
2019,12,1,19,20.6,18.4,0,1028,5.7,87.23,2.9,0
2019,12,1,20,20.3,17.9,0,1029,6,86.05,2.9,0
2019,12,1,21,20,17.5,0,1030,6.3,85.35,2.9,3
2019,12,1,22,19.7,17,0,1030,6.6,84.58,2.9,3
2019,12,1,23,19.4,16.5,0,1030,7.1,83.36,2.8,3
2019,12,2,0,19,15.9,0,1030,7.5,82.14,2.8,3
2019,12,2,1,18.5,15.2,0,1030,7.8,81.2,2.7,3
2019,12,2,2,18.1,14.6,0,1031,7.7,79.88,2.6,3
2019,12,2,3,17.7,14,0,1031,7.6,79.08,2.5,3
2019,12,2,4,17.3,13.6,0,1031,7.5,79,2.5,3
2019,12,2,5,17,13.4,0,1032,7.4,79.2,2.4,3
2019,12,2,6,16.9,13.2,0,1033,7.3,78.71,2.4,3
2019,12,2,7,16.8,13,7,1033,7.3,78.46,2.4,3
2019,12,2,8,16.9,12.9,26,1034,7.4,77.53,2.4,3
2019,12,2,9,16.9,12.8,36,1034,7.4,76.96,2.4,3
2019,12,2,10,17,12.7,50,1034,7.3,75.79,2.4,3
2019,12,2,11,17,12.4,58,1033,7.4,74.49,2.3,3
2019,12,2,12,17,12.1,59,1033,7.4,72.65,2.3,3
2019,12,2,13,16.9,11.6,65,1032,7.5,70.81,2.3,3
2019,12,2,14,16.8,11.1,43,1032,7.7,68.95,2.2,3
2019,12,2,15,16.6,10.6,27,1033,7.8,67.57,2.1,3
2019,12,2,16,16.3,10.1,11,1033,7.8,66.77,2,3
2019,12,2,17,15.9,9.9,0,1034,7.4,67.43,1.9,3
2019,12,2,18,15.8,9.9,0,1035,7.4,68.09,1.8,3
2019,12,2,19,15.9,10.2,0,1035,7.4,68.7,1.7,4
2019,12,2,20,16,10.4,0,1035,7.4,69.51,1.7,4
2019,12,2,21,16.1,10.6,0,1035,7.6,69.93,1.6,3
2019,12,2,22,16.3,10.7,0,1036,7.5,69.45,1.6,3
2019,12,2,23,16.3,10.7,0,1035,7.3,69.3,1.6,4
2019,12,3,0,16.2,10.6,0,1035,7.3,69.53,1.5,4
2019,12,3,1,16.2,10.6,0,1034,7.1,69.28,1.5,4
2019,12,3,2,16.2,10.6,0,1034,6.8,69.24,1.4,4
2019,12,3,3,16.2,10.6,0,1034,6.6,69.5,1.4,4
2019,12,3,4,16.3,10.7,0,1034,6.5,69.63,1.4,4
2019,12,3,5,16.4,11,0,1034,6.3,70.36,1.4,4
2019,12,3,6,16.6,11.3,0,1034,6.2,71.03,1.5,4
2019,12,3,7,16.9,11.6,47,1034,6.4,71.01,1.5,4
2019,12,3,8,17.4,11.7,247,1035,6.7,69.09,1.5,0
2019,12,3,9,17.9,11.7,425,1035,6.9,67.14,1.6,1
2019,12,3,10,18.5,11.9,502,1035,7,65.58,1.6,7
2019,12,3,11,18.9,12,471,1034,7.2,64.45,1.7,7
2019,12,3,12,18.8,12,205,1033,7.2,64.86,1.7,7
2019,12,3,13,18.6,12.1,174,1033,7.2,65.84,1.7,7
2019,12,3,14,18.5,12.1,134,1032,7.2,66.34,1.8,7
2019,12,3,15,18.4,12.1,226,1033,7.1,66.91,1.8,3
2019,12,3,16,18.1,12.2,87,1033,6.9,68.42,1.8,3
2019,12,3,17,17.9,12.2,0,1034,6.7,69.52,1.8,3
2019,12,3,18,18,12.2,0,1034,6.7,68.9,1.8,3
2019,12,3,19,18,12.2,0,1035,6.6,68.89,1.8,3
2019,12,3,20,18.1,12.3,0,1035,6.6,68.73,1.8,3
2019,12,3,21,18.1,12.4,0,1035,6.6,69.14,1.8,3
2019,12,3,22,18.1,12.4,0,1035,6.6,69.51,1.8,3
2019,12,3,23,18.1,12.5,0,1035,6.5,69.82,1.8,3
2019,12,4,0,18,12.6,0,1034,6.3,70.49,1.8,3
2019,12,4,1,17.9,12.6,0,1034,6.2,71.14,1.8,4
2019,12,4,2,17.9,12.6,0,1034,6.1,71.13,1.8,4
2019,12,4,3,17.9,12.6,0,1034,6,71.28,1.9,7
2019,12,4,4,17.9,12.7,0,1034,6,71.4,1.9,7
2019,12,4,5,17.9,12.7,0,1035,6,71.52,1.9,3
2019,12,4,6,17.9,12.7,0,1035,6,71.53,2,3
2019,12,4,7,18.2,12.7,33,1036,6.1,70.25,2,3
2019,12,4,8,18.6,12.6,61,1036,6.4,68.16,2,3
2019,12,4,9,19.1,12.6,206,1036,6.7,65.94,2.1,3
2019,12,4,10,19.2,12.6,63,1036,6.7,65.57,2.2,3
2019,12,4,11,19.4,12.7,126,1035,6.8,65.17,2.3,3
2019,12,4,12,19.6,12.8,112,1034,7,64.97,2.4,3
2019,12,4,13,19.5,12.9,93,1033,7.1,65.63,2.6,3
2019,12,4,14,19.4,12.9,108,1033,7.2,66.19,2.8,3
2019,12,4,15,19.1,13,43,1034,7.1,67.57,3.1,3
2019,12,4,16,18.7,13,7,1034,6.9,69.43,3.3,8
2019,12,4,17,18.5,13.1,0,1035,6.7,70.91,3.5,7
2019,12,4,18,18.4,13.3,0,1036,6.6,72.42,3.7,8
2019,12,4,19,18.3,13.5,0,1036,6.7,73.38,3.9,4
2019,12,4,20,18.2,13.6,0,1036,6.8,74.46,4,7
2019,12,4,21,18.1,13.7,0,1036,7,75.43,4,8
2019,12,4,22,18.1,13.8,0,1036,7.1,75.77,4,8
2019,12,4,23,18,13.8,0,1036,7.2,76.42,4,7
2019,12,5,0,18,13.7,0,1035,7.4,76.1,4,4
2019,12,5,1,18,13.7,0,1035,7.6,75.91,4,4
2019,12,5,2,17.8,13.7,0,1035,7.5,77.06,4,8
2019,12,5,3,17.6,13.7,0,1035,7.4,77.94,4,4
2019,12,5,4,17.3,13.7,0,1035,7.4,79.17,4,7
2019,12,5,5,17,13.7,0,1035,7.2,81.15,4.1,4
2019,12,5,6,16.9,13.9,0,1036,7,82.47,4.1,7
2019,12,5,7,17,14.1,5,1036,7.1,82.84,4.1,4
2019,12,5,8,17.2,14.2,10,1036,7.2,82.35,4.2,8
2019,12,5,9,17.4,14.2,248,1037,7.2,81.69,4.2,8
2019,12,5,10,17.7,14.4,208,1036,7.3,80.89,4.3,8
2019,12,5,11,17.9,14.5,133,1035,7.5,80.75,4.3,8
2019,12,5,12,18,14.7,37,1034,7.5,80.97,4.3,8
2019,12,5,13,18.1,14.8,63,1034,7.3,81.13,4.2,8
2019,12,5,14,18,14.9,63,1034,7.3,82.16,4.1,8
2019,12,5,15,17.9,15,97,1034,7.4,83.07,4.1,8
2019,12,5,16,17.8,15,10,1034,7.5,83.75,4.2,4
2019,12,5,17,17.7,15,0,1035,7.4,84.42,4.2,8
2019,12,5,18,17.7,15.1,0,1036,7.5,84.7,4.2,4
2019,12,5,19,17.6,15.1,0,1036,7.7,85.04,4.1,8
2019,12,5,20,17.5,14.9,0,1036,7.9,84.93,4.1,8
2019,12,5,21,17.5,14.9,0,1036,8,84.58,4,4
2019,12,5,22,17.4,14.8,0,1036,7.9,84.75,4,4
2019,12,5,23,17.4,14.8,0,1036,7.7,84.47,3.9,4
2019,12,6,0,17.3,14.7,0,1036,7.7,84.63,3.9,4
2019,12,6,1,17.3,14.6,0,1035,7.8,84.16,3.8,8
2019,12,6,2,17.3,14.6,0,1035,7.9,83.94,3.8,4
2019,12,6,3,17.2,14.5,0,1034,8.1,84.13,3.8,4
2019,12,6,4,17.2,14.5,0,1033,8,84.1,3.8,4
2019,12,6,5,17.1,14.5,0,1034,7.7,84.88,3.9,4
2019,12,6,6,17.1,14.6,0,1035,7.7,85.11,3.9,4
2019,12,6,7,17.2,14.7,5,1035,7.8,85,3.8,4
2019,12,6,8,17.4,14.7,10,1035,8.1,83.95,3.8,8
2019,12,6,9,17.6,14.6,34,1035,8.2,82.82,3.8,4
2019,12,6,10,17.9,14.7,61,1034,8.2,81.42,3.7,8
2019,12,6,11,18,14.7,35,1034,8.1,81.28,3.8,8
2019,12,6,12,18.2,14.9,135,1033,8,80.85,3.8,4
2019,12,6,13,18.4,14.9,32,1033,8.1,80.25,3.8,8
2019,12,6,14,18.3,14.9,114,1032,8.1,80.7,3.8,8
2019,12,6,15,18,14.9,14,1033,8.3,81.96,3.8,8
2019,12,6,16,17.7,14.7,90,1033,8.5,82.5,3.7,7
2019,12,6,17,17.3,14.5,0,1034,8.7,83.6,3.7,8
2019,12,6,18,17.1,14.3,0,1034,8.9,83.39,3.6,4
2019,12,6,19,16.9,14.1,0,1034,9,83.34,3.5,4
2019,12,6,20,16.6,13.8,0,1035,9,83.74,3.5,4
2019,12,6,21,16.3,13.6,0,1035,8.9,84.02,3.4,4
2019,12,6,22,16.1,13.4,0,1035,8.8,84.05,3.3,4
2019,12,6,23,16,13.2,0,1035,8.7,83.46,3.2,4
2019,12,7,0,15.8,13,0,1035,8.4,83.56,3.1,4
2019,12,7,1,15.8,12.9,0,1034,8.2,82.77,3,4
2019,12,7,2,15.8,12.8,0,1034,7.9,82.44,2.9,4
2019,12,7,3,15.9,12.8,0,1034,7.8,81.74,2.8,4
2019,12,7,4,16.1,12.7,0,1034,7.6,80.45,2.7,4
2019,12,7,5,16.2,12.7,0,1034,7.6,79.52,2.6,4
2019,12,7,6,16.3,12.5,0,1035,7.6,78.27,2.4,4
2019,12,7,7,16.6,12.4,5,1035,7.4,76.32,2.3,4
2019,12,7,8,16.9,12.4,18,1035,7.4,74.76,2.2,4
2019,12,7,9,17.2,12.3,35,1035,7.5,73.16,2.1,4
2019,12,7,10,17.3,12.1,49,1035,7.7,71.55,2,4
2019,12,7,11,17.5,11.9,57,1035,7.9,69.59,1.9,4
2019,12,7,12,17.6,11.6,59,1034,8,68.01,1.8,4
2019,12,7,13,17.6,11.4,54,1033,8,66.9,1.7,4
2019,12,7,14,17.5,11.2,43,1033,8,66.33,1.7,4
2019,12,7,15,17.3,11,27,1033,7.9,66.41,1.6,4
2019,12,7,16,16.9,10.9,11,1034,7.6,67.57,1.5,4
2019,12,7,17,16.5,10.7,0,1035,7.3,68.76,1.4,4
2019,12,7,18,16.5,10.6,0,1035,7.1,68.07,1.3,4
2019,12,7,19,16.5,10.5,0,1036,7,67.57,1.3,4
2019,12,7,20,16.4,10.4,0,1036,6.9,67.64,1.3,4
2019,12,7,21,16.3,10.4,0,1036,6.8,67.86,1.3,4
2019,12,7,22,16.3,10.3,0,1036,6.5,67.78,1.3,4
2019,12,7,23,16.3,10.3,0,1036,6.3,67.77,1.3,4
2019,12,8,0,16.2,10.4,0,1036,6,68.43,1.3,3
2019,12,8,1,16.2,10.4,0,1035,5.9,68.67,1.3,0
2019,12,8,2,16,10.5,0,1035,5.7,69.78,1.3,1
2019,12,8,3,15.9,10.5,0,1035,5.6,70.45,1.3,1
2019,12,8,4,15.8,10.5,0,1035,5.3,70.96,1.3,1
2019,12,8,5,15.9,10.6,0,1035,5.2,70.74,1.3,1
2019,12,8,6,15.9,10.7,0,1035,5,71.01,1.3,3
2019,12,8,7,16.7,10.9,38,1036,5.2,68.47,1.3,2
2019,12,8,8,17.5,10.8,266,1036,5.7,64.98,1.3,0
2019,12,8,9,18,10.8,455,1036,5.8,62.99,1.4,0
2019,12,8,10,18.4,11,272,1036,5.9,61.97,1.4,3
2019,12,8,11,18.8,11,681,1035,6,60.67,1.4,0
2019,12,8,12,19,11.2,244,1034,6.1,60.41,1.4,3
2019,12,8,13,19,11.2,644,1034,6.1,60.45,1.4,0
2019,12,8,14,18.9,11.1,530,1033,6,60.49,1.4,1
2019,12,8,15,18.7,11,359,1033,5.9,61.05,1.4,0
2019,12,8,16,18.2,11.2,161,1033,5.5,63.56,1.4,1
2019,12,8,17,17.2,11.4,0,1034,4.9,68.76,1.4,0
2019,12,8,18,17,11.5,0,1034,4.8,70.27,1.4,1
2019,12,8,19,16.9,11.6,0,1034,4.7,71.11,1.4,7
2019,12,8,20,16.8,11.7,0,1034,4.5,71.88,1.5,7
2019,12,8,21,16.7,11.7,0,1034,4.4,72.58,1.5,7
2019,12,8,22,16.8,11.8,0,1034,4.2,72.6,1.5,3
2019,12,8,23,16.9,12,0,1034,4,72.63,1.6,7
2019,12,9,0,17,12,0,1033,3.9,72.56,1.6,7
2019,12,9,1,17.1,12.2,0,1033,3.9,72.83,1.6,7
2019,12,9,2,17.2,12.4,0,1033,4,73.25,1.7,7
2019,12,9,3,17.3,12.5,0,1033,4,73.57,1.7,7
2019,12,9,4,17.3,12.7,0,1032,4.1,74.26,1.7,7
2019,12,9,5,17.3,12.8,0,1033,4.1,74.76,1.7,7
2019,12,9,6,17.3,12.8,0,1033,3.9,74.82,1.7,4
2019,12,9,7,18.3,13.1,26,1033,4,71.92,1.7,3
2019,12,9,8,19.4,13,216,1033,4.4,66.5,1.7,7
2019,12,9,9,20.1,12.9,371,1033,4.6,63.22,1.7,7
2019,12,9,10,20.6,13.1,463,1032,4.7,61.97,1.8,7
2019,12,9,11,20.8,13.3,357,1031,4.8,62.01,1.8,8
2019,12,9,12,20.9,13.4,573,1030,4.8,62.3,1.8,7
2019,12,9,13,20.8,13.6,484,1030,4.5,63.21,1.9,7
2019,12,9,14,20.6,13.7,409,1030,4.4,64.47,2,3
2019,12,9,15,20.1,13.9,184,1030,4.4,67.65,2.1,7
2019,12,9,16,19.7,14.3,83,1030,4.2,71.23,2.1,7
2019,12,9,17,19,14.5,0,1030,3.9,75.01,2.1,7
2019,12,9,18,19,14.5,0,1030,3.8,75.27,2.1,7
2019,12,9,19,19,14.6,0,1030,3.9,75.8,2.2,7
2019,12,9,20,19.1,14.8,0,1030,3.9,76.23,2.2,7
2019,12,9,21,19.3,15.1,0,1030,3.9,76.44,2.3,7
2019,12,9,22,19.4,15.2,0,1030,3.7,76.92,2.4,7
2019,12,9,23,19.5,15.4,0,1029,3.5,77.21,2.5,7
2019,12,10,0,19.7,15.5,0,1029,3.3,76.87,2.6,7
2019,12,10,1,19.8,15.6,0,1029,3.2,76.78,2.7,7
2019,12,10,2,19.8,15.6,0,1028,3.1,76.99,2.7,2
2019,12,10,3,19.8,15.8,0,1028,3,77.52,2.7,7
2019,12,10,4,19.8,15.9,0,1028,3,78.02,2.7,7
2019,12,10,5,19.8,15.9,0,1028,2.8,78.1,2.7,7
2019,12,10,6,19.6,15.8,0,1029,2.7,78.77,2.7,7
2019,12,10,7,20.5,16.5,46,1029,2.5,78.03,2.7,7
2019,12,10,8,21.4,16.5,149,1029,2.9,73.56,2.7,7
2019,12,10,9,21.8,16.5,304,1029,2.8,71.82,2.8,7
2019,12,10,10,21.9,16.6,361,1028,2.6,72.03,2.9,4
2019,12,10,11,22.1,16.8,320,1027,2.5,72.14,3,3
2019,12,10,12,22.2,17.1,283,1027,2.7,72.84,3.1,3
2019,12,10,13,22.1,17.3,605,1026,3.1,74.04,3.1,1
2019,12,10,14,21.8,17.4,495,1026,3.6,76.22,3.2,1
2019,12,10,15,21.3,17.5,139,1026,3.8,79.08,3.2,3
2019,12,10,16,20.6,17.6,18,1026,3.7,82.99,3.2,3
2019,12,10,17,19.9,17.6,0,1026,3.1,86.79,3.2,3
2019,12,10,18,19.7,17.6,0,1027,2.8,87.79,3.2,3
2019,12,10,19,19.6,17.6,0,1027,2.6,88.07,3.2,3
2019,12,10,20,19.4,17.5,0,1027,2.4,88.86,3.2,1
2019,12,10,21,19.3,17.5,0,1027,2.3,89.21,3.2,1
2019,12,10,22,19.2,17.5,0,1027,2.4,89.69,3.1,3
2019,12,10,23,19.1,17.5,0,1026,2.7,90.35,3,0
2019,12,11,0,19.1,17.6,0,1026,3,90.74,2.9,1
2019,12,11,1,19.2,17.6,0,1027,3.5,90.63,2.8,1
2019,12,11,2,19.2,17.6,0,1027,3.9,90.5,2.7,3
2019,12,11,3,19.2,17.5,0,1027,4.2,90.02,2.6,3
2019,12,11,4,19.1,17.4,0,1027,4.2,89.84,2.4,3
2019,12,11,5,19,17.2,0,1028,4.1,89.58,2.2,3
2019,12,11,6,19,17.1,0,1028,4,88.74,2.1,0
2019,12,11,7,19.7,17.2,56,1028,4.4,85.54,2.1,1
2019,12,11,8,20.3,17.1,240,1029,5,81.61,2,0
2019,12,11,9,20.8,16.7,423,1029,5.2,77.46,2,1
2019,12,11,10,21.2,16.2,571,1029,5.5,73.28,1.9,1
2019,12,11,11,21.6,15.7,673,1028,5.8,68.94,1.9,1
2019,12,11,12,21.7,15.1,281,1028,5.9,66.28,1.8,3
2019,12,11,13,21.6,14.7,374,1027,6,64.94,1.8,2
2019,12,11,14,21.5,14.5,518,1027,6.1,64.33,1.8,0
2019,12,11,15,21.2,14.5,352,1028,6.1,65.45,1.8,0
2019,12,11,16,20.6,14.6,81,1028,5.6,68.57,1.9,2
2019,12,11,17,19.6,14.7,0,1029,4.9,73.23,1.9,0
2019,12,11,18,19.4,14.5,0,1030,4.9,73.5,1.9,1
2019,12,11,19,19.2,14.3,0,1030,4.9,73.46,1.8,0
2019,12,11,20,19,14.1,0,1031,4.9,73.39,1.7,0
2019,12,11,21,18.9,13.9,0,1031,5,72.74,1.6,0
2019,12,11,22,18.7,13.7,0,1031,5.1,72.6,1.6,0
2019,12,11,23,18.6,13.5,0,1031,5.2,72.06,1.6,0
2019,12,12,0,18.4,13.2,0,1032,5.3,71.7,1.6,3
2019,12,12,1,18.2,12.9,0,1032,5.4,71.43,1.6,0
2019,12,12,2,18,12.8,0,1032,5.5,71.6,1.6,0
2019,12,12,3,17.8,12.7,0,1032,5.6,71.9,1.6,0
2019,12,12,4,17.6,12.5,0,1032,5.5,72.21,1.5,0
2019,12,12,5,17.4,12.5,0,1033,5.4,72.84,1.5,0
2019,12,12,6,17.2,12.5,0,1033,5.2,73.82,1.5,0
2019,12,12,7,18,13,37,1034,5.3,72.69,1.5,0
2019,12,12,8,19.1,13.4,205,1034,5.9,69.5,1.6,0
2019,12,12,9,19.7,13.6,382,1034,6.1,67.98,1.6,0
2019,12,12,10,20.2,13.9,522,1034,6.2,67.1,1.7,0
2019,12,12,11,20.5,14.1,641,1033,6.2,66.76,1.8,0
2019,12,12,12,20.8,14.3,659,1032,6.2,66.33,1.8,0
2019,12,12,13,20.9,14.3,456,1031,6.1,66.06,1.9,2
2019,12,12,14,20.8,14.4,259,1031,6.1,66.72,2,3
2019,12,12,15,20.6,14.4,345,1031,6,67.82,2,0
2019,12,12,16,20,14.6,104,1031,5.6,71.08,2.1,3
2019,12,12,17,19.2,14.7,0,1032,5.1,75.32,2.2,3
2019,12,12,18,19.1,14.8,0,1032,5.1,76.29,2.3,0
2019,12,12,19,19.1,15,0,1033,5.1,76.9,2.4,1
2019,12,12,20,19.1,15,0,1033,5.1,77.34,2.4,1
2019,12,12,21,19.1,15.1,0,1033,5,77.86,2.4,0
2019,12,12,22,19,15.3,0,1033,5,78.96,2.4,0
2019,12,12,23,19,15.3,0,1032,4.8,79.15,2.4,0
2019,12,13,0,19,15.3,0,1032,4.7,78.97,2.4,0
2019,12,13,1,19,15.2,0,1032,4.6,78.67,2.3,0
2019,12,13,2,18.9,15.2,0,1032,4.5,78.87,2.3,0
2019,12,13,3,18.8,15.1,0,1032,4.3,79.05,2.3,0
2019,12,13,4,18.7,15,0,1032,3.9,79.05,2.3,1
2019,12,13,5,18.7,15,0,1032,3.7,78.85,2.3,1
2019,12,13,6,18.7,15,0,1033,3.6,78.88,2.2,3
2019,12,13,7,19.4,15.3,33,1033,3.7,77.23,2.2,3
2019,12,13,8,20.3,15.3,222,1034,4.1,72.93,2.2,0
2019,12,13,9,20.8,15.3,321,1034,4,70.79,2.2,2
2019,12,13,10,21.2,15.4,544,1034,3.8,69.43,2.2,0
2019,12,13,11,21.6,15.5,647,1033,3.9,68.3,2.2,0
2019,12,13,12,21.8,15.6,668,1032,4.2,67.8,2.2,0
2019,12,13,13,21.9,15.6,620,1031,4.5,67.58,2.2,0
2019,12,13,14,21.7,15.7,389,1031,4.8,68.56,2.3,2
2019,12,13,15,21.3,15.7,345,1031,4.9,70.29,2.3,0
2019,12,13,16,20.8,15.8,155,1031,4.5,73.1,2.4,0
2019,12,13,17,20,15.9,0,1032,3.8,77.3,2.4,0
2019,12,13,18,19.8,15.9,0,1032,3.6,78.46,2.4,0
2019,12,13,19,19.7,16,0,1033,3.5,79.19,2.5,0
2019,12,13,20,19.7,16.1,0,1033,3.4,79.63,2.5,0
2019,12,13,21,19.7,16.2,0,1033,3.4,80.29,2.5,0
2019,12,13,22,19.7,16.3,0,1033,3.4,80.92,2.5,0
2019,12,13,23,19.7,16.4,0,1032,3.5,81.5,2.5,0
2019,12,14,0,19.7,16.5,0,1032,3.5,81.89,2.5,0
2019,12,14,1,19.7,16.6,0,1032,3.6,82.11,2.6,0
2019,12,14,2,19.7,16.6,0,1032,3.6,82.23,2.6,0
2019,12,14,3,19.7,16.6,0,1032,3.6,82.28,2.6,3
2019,12,14,4,19.7,16.6,0,1032,3.6,82.25,2.6,0
2019,12,14,5,19.7,16.6,0,1032,3.6,82.26,2.6,3
2019,12,14,6,19.7,16.7,0,1033,3.6,82.6,2.6,3
2019,12,14,7,20.6,17,18,1033,3.9,79.96,2.6,3
2019,12,14,8,21.5,17.1,135,1034,4.4,76.18,2.6,3
2019,12,14,9,22,17.1,416,1034,4.6,73.89,2.6,0
2019,12,14,10,22.4,17.2,558,1033,4.6,72.35,2.7,1
2019,12,14,11,22.7,17.3,423,1033,4.6,71.45,2.7,2
2019,12,14,12,22.7,17.3,528,1032,4.8,71.51,2.7,2
2019,12,14,13,22.5,17.3,385,1031,5.1,72.31,2.7,2
2019,12,14,14,22.3,17.3,289,1031,5.3,73.12,2.7,2
2019,12,14,15,21.9,17.2,180,1030,5.3,74.57,2.7,2
2019,12,14,16,21.3,17.2,158,1031,5,77.46,2.7,1
2019,12,14,17,20.6,17.2,0,1031,4.6,80.7,2.7,0
2019,12,14,18,20.4,17.1,0,1031,4.5,81.11,2.7,0
2019,12,14,19,20.3,16.9,0,1032,4.6,80.94,2.6,0
2019,12,14,20,20.2,16.8,0,1032,4.6,80.63,2.6,1
2019,12,14,21,20.2,16.6,0,1032,4.7,79.86,2.6,3
2019,12,14,22,20.1,16.5,0,1032,4.8,79.68,2.5,1
2019,12,14,23,20,16.4,0,1032,4.7,79.82,2.5,0
2019,12,15,0,20,16.4,0,1032,4.6,79.76,2.4,3
2019,12,15,1,19.9,16.4,0,1031,4.4,80.12,2.4,0
2019,12,15,2,19.7,16.4,0,1031,4.2,81.04,2.4,3
2019,12,15,3,19.6,16.4,0,1031,4,81.54,2.3,3
2019,12,15,4,19.5,16.4,0,1031,3.8,82.06,2.3,3
2019,12,15,5,19.5,16.4,0,1031,3.6,82.07,2.3,0
2019,12,15,6,19.4,16.4,0,1031,3.4,82.54,2.3,1
2019,12,15,7,20.5,16.7,31,1032,3.5,79,2.3,3
2019,12,15,8,21.7,16.8,167,1032,3.9,73.66,2.3,3
2019,12,15,9,22.4,16.8,425,1033,3.8,70.75,2.3,1
2019,12,15,10,23,16.9,572,1032,3.5,68.74,2.3,0
2019,12,15,11,23.4,17.1,666,1031,3.1,67.8,2.3,0
2019,12,15,12,23.7,17.2,686,1030,2.9,66.96,2.3,0
2019,12,15,13,23.7,17.2,636,1029,3,67.07,2.4,0
2019,12,15,14,23.5,17.2,525,1029,3.1,67.82,2.4,0
2019,12,15,15,23,17.1,360,1029,3.3,69.45,2.4,0
2019,12,15,16,22.1,17.1,168,1029,3.1,73.44,2.4,0
2019,12,15,17,20.9,17,0,1030,2.8,78.31,2.4,0
2019,12,15,18,20.6,16.8,0,1030,2.9,79.02,2.3,0
2019,12,15,19,20.4,16.8,0,1030,2.9,79.58,2.3,0
2019,12,15,20,20.2,16.7,0,1030,3,80.33,2.2,0
2019,12,15,21,20.1,16.7,0,1030,3,80.9,2.2,0
2019,12,15,22,20,16.8,0,1030,3.1,81.66,2.2,0
2019,12,15,23,19.9,16.8,0,1029,3.1,82.43,2.2,0
2019,12,16,0,19.8,16.9,0,1029,3.1,83.4,2.2,0
2019,12,16,1,19.7,17,0,1029,3,84.36,2.3,0
2019,12,16,2,19.6,17.1,0,1028,2.8,85.24,2.3,0
2019,12,16,3,19.5,17.1,0,1028,2.7,86.26,2.4,0
2019,12,16,4,19.5,17.2,0,1028,2.5,86.7,2.5,0
2019,12,16,5,19.5,17.3,0,1029,2.3,86.99,2.5,0
2019,12,16,6,19.5,17.3,0,1029,2.1,86.96,2.5,0
2019,12,16,7,20.7,17.8,55,1029,2,83.63,2.6,0
2019,12,16,8,22,18,240,1030,2.2,78.03,2.6,0
2019,12,16,9,23,18.4,425,1030,2,75.19,2.6,0
2019,12,16,10,23.8,18.5,569,1029,1.6,72.18,2.7,0
2019,12,16,11,24.5,18.5,660,1029,1.6,69.21,2.7,0
2019,12,16,12,24.7,18.6,679,1028,1.9,68.88,2.8,0
2019,12,16,13,24.7,18.8,629,1027,2.1,69.68,2.9,0
2019,12,16,14,24.5,19,519,1026,2.2,71.37,2.9,0
2019,12,16,15,24,19.3,354,1026,2.3,74.86,3,0
2019,12,16,16,23.1,19.8,164,1026,2,81.57,3,0
2019,12,16,17,21.9,19.7,0,1027,1.8,87.42,3,0
2019,12,16,18,21.7,19.8,0,1027,1.7,88.85,3,0
2019,12,16,19,21.6,19.9,0,1028,1.8,89.98,3,0
2019,12,16,20,21.6,19.9,0,1028,1.8,90.31,3,0
2019,12,16,21,21.6,20,0,1028,1.8,90.36,3,0
2019,12,16,22,21.5,19.9,0,1028,1.9,90.68,3,0
2019,12,16,23,21.4,19.8,0,1028,1.9,90.74,2.9,0
2019,12,17,0,21.2,19.7,0,1028,1.8,91.09,2.9,0
2019,12,17,1,21.1,19.5,0,1028,1.7,90.46,2.9,0
2019,12,17,2,20.8,19.2,0,1028,1.6,90.53,2.9,0
2019,12,17,3,20.5,18.8,0,1028,1.5,90.09,2.9,0
2019,12,17,4,20.3,18.4,0,1028,1.5,88.93,2.9,0
2019,12,17,5,20.2,17.9,0,1028,1.5,86.81,2.9,0
2019,12,17,6,20.1,17.5,0,1029,1.6,84.86,2.9,0
2019,12,17,7,21.1,17.9,52,1030,1.4,81.96,2.9,1
2019,12,17,8,22.6,17.6,235,1030,1.6,73.37,2.9,0
2019,12,17,9,23.7,17.8,417,1030,1.4,69.33,3,0
2019,12,17,10,24.4,18.2,561,1030,1.2,68.26,3,0
2019,12,17,11,24.9,18.4,651,1029,1.2,67.35,3.1,0
2019,12,17,12,25.3,18.6,673,1028,1.2,66.57,3.1,0
2019,12,17,13,25.4,18.7,626,1027,1.3,66.63,3.2,0
2019,12,17,14,25.4,18.8,516,1026,1.3,66.91,3.2,0
2019,12,17,15,25,18.9,133,1026,1.3,68.84,3.3,3
2019,12,17,16,24.1,19.2,31,1027,1,73.9,3.3,3
2019,12,17,17,23,18.8,10,1027,0.9,77.15,3.3,3
2019,12,17,18,22.8,18.6,0,1027,0.7,77.23,3.3,3
2019,12,17,19,22.7,18.8,0,1028,0.9,78.6,3.3,3
2019,12,17,20,22.5,19.1,0,1028,1.1,81.03,3.3,0
2019,12,17,21,22.4,19.3,0,1028,1.2,82.81,3.3,0
2019,12,17,22,22.3,19.6,0,1028,1.3,84.64,3.3,3
2019,12,17,23,22.3,19.8,0,1028,1.3,85.84,3.3,3
2019,12,18,0,22.3,19.9,0,1028,1.2,86.16,3.4,3
2019,12,18,1,22.4,19.9,0,1028,1,86.02,3.4,0
2019,12,18,2,22.3,20,0,1028,0.6,86.72,3.5,0
2019,12,18,3,21.8,19.9,0,1028,0.9,88.97,3.5,1
2019,12,18,4,21.2,19.7,0,1028,1.4,91.41,3.6,0
2019,12,18,5,20.8,19.7,0,1029,2.3,93.15,3.7,0
2019,12,18,6,20.6,19.5,0,1029,3.1,93.46,3.7,3
2019,12,18,7,21.3,19.8,43,1030,4.2,91.22,3.8,1
2019,12,18,8,21.7,19.8,16,1031,5.3,88.84,3.8,3
2019,12,18,9,21.8,19.5,31,1031,5.8,86.84,3.9,3
2019,12,18,10,21.9,19.3,45,1031,5.9,85.25,3.9,3
2019,12,18,11,22.1,19.2,153,1030,6,83.69,3.9,3
2019,12,18,12,22,19.1,55,1029,6.1,83.85,3.9,3
2019,12,18,13,21.9,19,66,1028,6.1,83.85,3.9,3
2019,12,18,14,21.6,18.9,47,1028,6.2,84.87,3.9,3
2019,12,18,15,21.3,18.9,70,1028,6.1,85.94,3.9,3
2019,12,18,16,20.8,18.8,33,1028,5.9,88.19,3.9,3
2019,12,18,17,20.5,18.7,3,1029,5.5,89.4,3.9,3
2019,12,18,18,20.5,18.6,0,1030,5.4,89.02,3.9,3
2019,12,18,19,20.4,18.5,0,1030,5.3,89.09,3.9,3
2019,12,18,20,20.4,18.5,0,1030,5.3,88.66,3.9,3
2019,12,18,21,20.3,18.4,0,1030,5.3,88.75,3.8,3
2019,12,18,22,20.2,18.3,0,1030,5.2,88.97,3.7,3
2019,12,18,23,20.1,18.3,0,1030,5.1,89.28,3.7,3
2019,12,19,0,20.1,18.2,0,1030,4.9,89.1,3.6,1
2019,12,19,1,20.1,18.2,0,1030,4.9,88.96,3.6,1
2019,12,19,2,20,18.2,0,1030,4.8,89.27,3.7,1
2019,12,19,3,19.9,18.1,0,1030,4.8,89.42,3.7,3
2019,12,19,4,19.9,18,0,1030,4.8,88.89,3.7,1
2019,12,19,5,19.8,17.9,0,1030,4.7,88.94,3.7,1
2019,12,19,6,19.8,17.8,0,1030,4.7,88.53,3.7,1
2019,12,19,7,20.1,18,32,1031,4.9,87.67,3.7,1
2019,12,19,8,20.5,18.1,40,1031,5.1,86.37,3.7,3
2019,12,19,9,20.8,18.2,78,1031,5.3,85.29,3.7,3
2019,12,19,10,21.1,18.3,255,1031,5.4,84.09,3.7,3
2019,12,19,11,21.3,18.4,314,1030,5.4,83.34,3.7,3
2019,12,19,12,21.4,18.4,371,1029,5.5,82.85,3.7,2
2019,12,19,13,21.2,18.3,367,1029,5.5,83.64,3.7,3
2019,12,19,14,20.9,18.2,135,1029,5.5,84.65,3.7,3
2019,12,19,15,20.5,18.1,130,1029,5.5,85.94,3.7,3
2019,12,19,16,20,17.9,40,1029,5.5,87.7,3.6,3
2019,12,19,17,19.6,17.7,5,1030,5.4,88.87,3.6,3
2019,12,19,18,19.4,17.5,0,1031,5.7,88.82,3.5,3
2019,12,19,19,19.2,17.2,0,1031,6.2,88.36,3.5,3
2019,12,19,20,18.9,16.9,0,1032,6.5,88.04,3.5,7
2019,12,19,21,18.6,16.5,0,1032,6.6,87.51,3.4,7
2019,12,19,22,18.4,16.1,0,1032,6.6,86.69,3.4,7
2019,12,19,23,18.2,15.9,0,1032,6.6,86.34,3.4,3
2019,12,20,0,18,15.7,0,1032,6.4,86.33,3.4,3
2019,12,20,1,17.9,15.5,0,1032,6.3,85.97,3.4,3
2019,12,20,2,17.9,15.4,0,1032,6.3,85.34,3.4,3
2019,12,20,3,17.9,15.4,0,1032,6.2,85.08,3.4,3
2019,12,20,4,17.9,15.3,0,1032,6.1,84.9,3.4,7
2019,12,20,5,18,15.3,0,1032,5.9,84.5,3.4,3
2019,12,20,6,18.1,15.4,0,1032,5.7,84.5,3.4,7
2019,12,20,7,18.4,15.6,4,1032,5.7,83.95,3.5,4
2019,12,20,8,18.9,15.8,9,1032,6,82.45,3.6,7
2019,12,20,9,19.4,16.1,20,1032,6.1,81.12,3.7,8
2019,12,20,10,20,16.4,66,1031,6.1,79.67,3.8,4
2019,12,20,11,20.5,16.7,247,1031,5.9,78.84,3.9,3
2019,12,20,12,20.9,17,257,1030,5.7,78.45,4,3
2019,12,20,13,21.2,17.3,125,1029,5.5,78.57,4.1,3
2019,12,20,14,21.1,17.6,315,1029,5.3,80.29,4.1,3
2019,12,20,15,20.8,17.8,98,1029,5.2,82.87,4.2,3
2019,12,20,16,20.4,17.9,56,1029,5,85.65,4.2,4
2019,12,20,17,20,17.9,3,1029,5,87.92,4.2,4
2019,12,20,18,19.9,17.9,0,1030,5.1,88.39,4.2,3
2019,12,20,19,19.8,17.9,0,1030,5.2,88.71,4.2,3
2019,12,20,20,19.8,17.8,0,1030,5.2,88.51,4.3,4
2019,12,20,21,19.8,17.8,0,1030,5,88.51,4.4,4
2019,12,20,22,19.7,17.9,0,1030,4.8,89.26,4.4,8
2019,12,20,23,19.7,17.9,0,1030,4.9,89.62,4.4,4
2019,12,21,0,19.8,18,0,1030,5.2,89.22,4.4,4
2019,12,21,1,19.8,17.9,0,1029,5.2,89.03,4.4,3
2019,12,21,2,19.8,17.9,0,1029,5.1,88.82,4.4,3
2019,12,21,3,19.8,17.9,0,1029,5.1,88.83,4.4,3
2019,12,21,4,19.8,17.9,0,1029,5,88.85,4.3,3
2019,12,21,5,19.8,17.9,0,1029,4.8,88.55,4.2,3
2019,12,21,6,19.7,17.8,0,1029,4.4,88.58,4.1,1
2019,12,21,7,20.1,18,38,1029,4.4,87.75,4.1,1
2019,12,21,8,20.5,18.2,205,1029,4.6,86.67,4.1,1
2019,12,21,9,21,18.3,80,1029,4.6,84.64,4.1,3
2019,12,21,10,21.6,18.4,194,1028,4.3,81.94,4.1,3
2019,12,21,11,22,18.5,337,1027,4.1,80.4,4.2,3
2019,12,21,12,22,18.5,81,1026,4.3,80.76,4.2,3
2019,12,21,13,21.8,18.6,331,1026,4.5,81.82,4.1,2
2019,12,21,14,21.5,18.5,98,1025,4.8,82.93,4.1,3
2019,12,21,15,21,18.4,54,1026,4.8,84.92,4.2,3
2019,12,21,16,20.4,18.2,45,1026,4.5,87.33,4.3,3
2019,12,21,17,19.9,18.1,10,1026,4,89.36,4.3,1
2019,12,21,18,19.8,18,0,1027,3.6,89.37,4.3,4
2019,12,21,19,19.7,17.9,0,1027,3.2,89.27,4.2,1
2019,12,21,20,19.6,17.8,0,1027,2.7,89.16,4.2,3
2019,12,21,21,19.5,17.6,0,1026,2.5,89.05,4.2,3
2019,12,21,22,19.4,17.5,0,1026,2.3,88.97,4.2,3
2019,12,21,23,19.4,17.5,0,1026,2.2,88.62,4.3,3
2019,12,22,0,19.5,17.6,0,1026,2.2,88.54,4.3,3
2019,12,22,1,19.6,17.6,0,1026,2.3,88.28,4.3,3
2019,12,22,2,19.5,17.6,0,1026,2.3,88.69,4.2,3
2019,12,22,3,19.4,17.5,0,1025,2.3,88.6,4,4
2019,12,22,4,19.3,17.4,0,1025,2.2,88.52,3.9,4
2019,12,22,5,19.3,17.3,0,1025,2.2,88.07,3.9,4
2019,12,22,6,19.4,17.3,0,1025,2.4,87.81,4,3
2019,12,22,7,19.9,17.7,40,1026,2.9,87.03,4.1,1
2019,12,22,8,20.2,17.8,207,1026,3.6,85.88,4.2,0
2019,12,22,9,20.4,17.8,297,1027,4.2,84.83,4.2,3
2019,12,22,10,20.5,17.6,226,1027,4.7,83.3,4.1,3
2019,12,22,11,20.6,17.3,86,1026,4.9,81.26,4,3
2019,12,22,12,20.5,17,56,1025,4.8,80.28,3.9,3
2019,12,22,13,20.5,16.8,51,1024,4.8,79.31,3.8,3
2019,12,22,14,20.3,16.6,42,1024,4.8,79.35,3.8,3
2019,12,22,15,19.8,16.3,27,1024,4.8,80.41,3.7,4
2019,12,22,16,19.2,16,12,1025,4.6,81.78,3.7,3
2019,12,22,17,18.7,15.8,1,1026,4.3,83.07,3.6,3
2019,12,22,18,18.5,15.7,0,1026,4.2,83.6,3.6,3
2019,12,22,19,18.4,15.7,0,1027,4.2,84.05,3.5,3
2019,12,22,20,18.4,15.7,0,1027,4.2,84.05,3.4,3
2019,12,22,21,18.4,15.7,0,1026,4.2,84.04,3.3,3
2019,12,22,22,18.4,15.7,0,1026,4.1,84.16,3.2,3
2019,12,22,23,18.4,15.7,0,1026,4.1,84.35,3.2,3
2019,12,23,0,18.4,15.7,0,1026,4,84.38,3.1,3
2019,12,23,1,18.4,15.8,0,1026,4,84.71,3.1,7
2019,12,23,2,18.4,15.8,0,1026,4,85.02,3.1,7
2019,12,23,3,18.4,15.9,0,1026,3.8,85.26,3.1,3
2019,12,23,4,18.5,15.9,0,1026,3.7,84.89,3.1,3
2019,12,23,5,18.5,15.9,0,1027,3.5,85.1,3.1,3
2019,12,23,6,18.5,16,0,1027,3.4,85.28,3.1,3
2019,12,23,7,19.1,16.3,37,1028,3.6,84.08,3.1,1
2019,12,23,8,19.7,16.5,207,1028,3.9,81.58,3.1,0
2019,12,23,9,20.2,16.6,221,1029,3.8,79.57,3.1,3
2019,12,23,10,20.7,16.6,45,1028,3.7,77.59,3.2,3
2019,12,23,11,21.1,16.7,212,1028,3.7,76.19,3.2,2
2019,12,23,12,21.3,16.9,336,1027,3.8,75.93,3.2,3
2019,12,23,13,21.3,17,469,1026,4,76.28,3.2,2
2019,12,23,14,21.1,17,359,1026,4.1,77.51,3.3,2
2019,12,23,15,20.8,17.1,351,1026,4,79.19,3.3,1
2019,12,23,16,20.3,17.2,121,1027,3.7,82.27,3.3,3
2019,12,23,17,19.8,17.3,12,1027,2.9,85.47,3.3,3
2019,12,23,18,19.8,17.4,0,1028,2.6,85.86,3.3,3
2019,12,23,19,19.8,17.5,0,1028,2.3,86.34,3.3,3
2019,12,23,20,19.8,17.6,0,1028,2.2,86.98,3.4,1
2019,12,23,21,19.9,17.7,0,1028,2.2,87.1,3.4,0
2019,12,23,22,19.9,17.8,0,1028,2.1,87.79,3.4,1
2019,12,23,23,19.9,17.9,0,1027,2.1,88.38,3.5,3
2019,12,24,0,20,18,0,1027,2,88.43,3.5,3
2019,12,24,1,20.1,18.1,0,1027,1.8,88.48,3.5,0
2019,12,24,2,20.2,18.2,0,1027,1.4,88.47,3.4,0
2019,12,24,3,20.2,18.3,0,1027,1.1,88.76,3.4,0
2019,12,24,4,20,18.3,0,1027,1.4,90.1,3.4,0
2019,12,24,5,19.8,18.3,0,1027,1.6,90.82,3.5,1
2019,12,24,6,19.5,18.2,0,1028,1.4,91.99,3.5,1
2019,12,24,7,20.4,18.6,39,1029,1.4,89.64,3.5,1
2019,12,24,8,21.1,18.8,76,1029,1.8,86.76,3.5,3
2019,12,24,9,21.5,18.8,390,1029,2.4,84.4,3.5,0
2019,12,24,10,21.8,18.6,325,1029,2.9,82.24,3.4,3
2019,12,24,11,22,18.5,265,1029,3.3,80.33,3.4,3
2019,12,24,12,22,18.3,288,1028,3.5,79.38,3.3,3
2019,12,24,13,21.9,18.1,380,1027,3.8,78.87,3.3,2
2019,12,24,14,21.5,17.9,299,1027,4.2,80.09,3.3,2
2019,12,24,15,20.8,17.9,99,1027,4.4,83.29,3.2,3
2019,12,24,16,20.1,17.8,168,1027,4.4,86.88,3.2,1
2019,12,24,17,19.5,17.9,2,1028,3.8,90.33,3.2,3
2019,12,24,18,19.4,17.9,0,1029,3.4,91.1,3.2,3
2019,12,24,19,19.4,17.9,0,1029,2.9,91.26,3.2,3
2019,12,24,20,19.3,17.9,0,1029,2.7,91.76,3.2,3
2019,12,24,21,19.3,18,0,1029,2.9,92.02,3.2,3
2019,12,24,22,19.4,18,0,1028,3.1,91.52,3.2,3
2019,12,24,23,19.3,17.9,0,1028,3.2,91.86,3.1,3
2019,12,25,0,19.3,17.9,0,1028,3.2,91.37,3.1,3
2019,12,25,1,19.2,17.8,0,1028,3.3,91.63,3.1,3
2019,12,25,2,19.2,17.7,0,1027,3.3,91.16,3.1,3
2019,12,25,3,19.1,17.6,0,1027,3.2,91.05,3,1
2019,12,25,4,19.1,17.5,0,1027,3.1,90.28,3,1
2019,12,25,5,19,17.4,0,1027,3,90.17,3,0
2019,12,25,6,18.9,17.3,0,1028,2.9,90.25,3,3
2019,12,25,7,19.8,17.7,11,1028,3.1,87.62,3,3
2019,12,25,8,20.5,17.9,58,1029,3.3,85.18,3,3
2019,12,25,9,21.3,18,175,1029,3.2,81.57,3.1,3
2019,12,25,10,22.1,18,212,1028,2.9,77.78,3.2,3
2019,12,25,11,22.7,18.2,318,1027,2.8,75.67,3.2,3
2019,12,25,12,23.1,18.4,668,1026,2.8,74.76,3.2,0
2019,12,25,13,23.2,18.5,624,1025,2.9,74.93,3.3,0
2019,12,25,14,23,18.6,517,1025,3,76.27,3.4,0
2019,12,25,15,22.6,18.7,358,1025,3.1,78.61,3.5,0
2019,12,25,16,21.9,18.8,173,1025,2.9,82.64,3.5,0
2019,12,25,17,21,18.8,15,1025,2.3,87.24,3.5,0
2019,12,25,18,20.8,18.8,0,1025,2.1,88.21,3.5,0
2019,12,25,19,20.8,18.8,0,1025,2,88.36,3.5,1
2019,12,25,20,20.8,18.9,0,1025,1.9,88.72,3.5,0
2019,12,25,21,20.9,19,0,1025,1.8,88.68,3.5,1
2019,12,25,22,21,19.1,0,1025,1.6,88.66,3.5,1
2019,12,25,23,21.3,19.1,0,1024,1.2,87.53,3.5,0
2019,12,26,0,21.5,19.2,0,1024,0.7,86.63,3.5,0
2019,12,26,1,21.2,19.1,0,1024,0.6,87.76,3.5,0
2019,12,26,2,20.9,19,0,1024,0.7,89.03,3.5,0
2019,12,26,3,20.5,18.9,0,1024,1.3,90.44,3.5,1
2019,12,26,4,20.2,18.8,0,1024,1.9,91.48,3.5,3
2019,12,26,5,20,18.7,0,1025,2.1,92.46,3.5,1
2019,12,26,6,19.9,18.7,0,1026,2.1,92.52,3.5,1
2019,12,26,7,20.8,19.1,35,1026,2.3,90.02,3.5,1
2019,12,26,8,21.5,19.3,204,1027,2.7,87.57,3.5,1
2019,12,26,9,22.1,19.3,115,1027,3.3,84.3,3.5,3
2019,12,26,10,22.5,19.1,45,1027,4.2,81.22,3.5,3
2019,12,26,11,22.4,18.8,76,1027,4.9,80.34,3.5,3
2019,12,26,12,22.1,18.5,336,1026,5.4,80.2,3.5,3
2019,12,26,13,21.6,18.1,56,1025,5.8,80.35,3.4,3
2019,12,26,14,21.1,17.5,507,1025,6.1,80.02,3.4,1
2019,12,26,15,20.6,16.9,171,1026,6.4,79.34,3.3,3
2019,12,26,16,19.9,16.2,163,1027,6.6,79.35,3.3,0
2019,12,26,17,19.3,15.6,9,1028,6.8,79.31,3.2,1
2019,12,26,18,18.9,15.2,0,1029,7.1,78.89,3.2,3
2019,12,26,19,18.6,14.8,0,1030,7.2,78.76,3.1,3
2019,12,26,20,18.3,14.5,0,1031,7.4,78.6,3.1,3
2019,12,26,21,17.9,14.1,0,1031,7.4,78.61,3,3
2019,12,26,22,17.6,13.8,0,1031,7.4,78.29,3,3
2019,12,26,23,17.2,13.4,0,1031,7.5,78.5,2.9,3
2019,12,27,0,16.8,13.1,0,1031,7.5,78.64,2.9,3
2019,12,27,1,16.5,12.8,0,1031,7.5,78.53,2.8,3
2019,12,27,2,16.3,12.5,0,1031,7.4,78.17,2.8,3
2019,12,27,3,16.2,12.3,0,1031,7.3,77.64,2.8,3
2019,12,27,4,16.1,12.1,0,1032,7.2,77.19,2.7,3
2019,12,27,5,16,11.9,0,1032,7.2,76.81,2.7,3
2019,12,27,6,15.8,11.8,0,1033,7.1,77.01,2.7,3
2019,12,27,7,15.8,11.6,4,1033,7.1,76.33,2.7,4
2019,12,27,8,16,11.5,15,1034,7.1,74.85,2.7,4
2019,12,27,9,16.2,11.5,31,1034,7.1,73.52,2.7,3
2019,12,27,10,16.4,11.4,117,1034,7,72.26,2.6,3
2019,12,27,11,16.4,11.3,55,1033,6.8,71.63,2.6,3
2019,12,27,12,16.5,11.2,60,1032,6.7,70.66,2.5,3
2019,12,27,13,16.6,11.1,62,1032,6.7,69.96,2.5,3
2019,12,27,14,16.6,11.1,49,1031,6.6,69.79,2.5,3
2019,12,27,15,16.5,11.1,107,1031,6.4,70.39,2.4,7
2019,12,27,16,16.4,11.2,18,1032,6.1,71.36,2.4,3
2019,12,27,17,16.3,11.4,3,1032,5.8,72.93,2.3,3
2019,12,27,18,16.4,11.8,0,1033,5.6,74.17,2.3,3
2019,12,27,19,16.5,12.1,0,1033,5.5,75.1,2.3,7
2019,12,27,20,16.6,12.3,0,1033,5.4,75.91,2.3,3
2019,12,27,21,16.7,12.6,0,1032,5.2,76.53,2.3,3
2019,12,27,22,16.8,12.8,0,1032,5.2,77.23,2.4,3
2019,12,27,23,17,13,0,1032,5.1,77.21,2.4,4
2019,12,28,0,17.2,13.1,0,1032,5.1,76.89,2.5,3
2019,12,28,1,17.3,13.2,0,1031,5.2,76.79,2.5,7
2019,12,28,2,17.2,13.3,0,1031,5.2,77.68,2.6,3
2019,12,28,3,17.2,13.3,0,1031,5.1,78.03,2.7,4
2019,12,28,4,17.2,13.4,0,1031,5.1,78.33,2.7,7
2019,12,28,5,17.3,13.5,0,1032,5.1,78.36,2.7,7
2019,12,28,6,17.4,13.6,0,1032,5.1,78.41,2.7,4
2019,12,28,7,17.9,13.8,34,1033,5.3,77.1,2.8,1
2019,12,28,8,18.6,14.1,207,1033,5.7,74.87,2.8,0
2019,12,28,9,19.4,14.3,170,1033,6,72.17,2.8,3
2019,12,28,10,20.1,14.4,337,1032,6.1,69.94,2.8,2
2019,12,28,11,20.6,14.6,405,1031,5.9,68.58,2.9,2
2019,12,28,12,20.9,14.8,499,1030,5.7,68,3,2
2019,12,28,13,21.2,14.9,441,1029,5.7,67.42,3,2
2019,12,28,14,21.3,15.1,337,1029,5.7,67.68,3.1,2
2019,12,28,15,21.2,15.2,306,1029,5.6,68.77,3.3,7
2019,12,28,16,20.7,15.5,126,1029,5.1,72.15,3.4,7
2019,12,28,17,19.9,15.8,13,1029,4.5,77.06,3.5,7
2019,12,28,18,19.9,16.1,0,1030,4.4,78.68,3.6,4
2019,12,28,19,20,16.4,0,1030,4.2,79.81,3.6,4
2019,12,28,20,20.1,16.7,0,1030,4.1,80.64,3.7,4
2019,12,28,21,20.2,16.9,0,1030,4,81.43,3.7,3
2019,12,28,22,20.3,17.2,0,1030,3.8,82.26,3.8,3
2019,12,28,23,20.4,17.4,0,1029,3.7,82.93,3.9,0
2019,12,29,0,20.5,17.6,0,1029,3.6,83.53,4,3
2019,12,29,1,20.7,17.8,0,1028,3.5,83.63,4,7
2019,12,29,2,20.8,18.1,0,1027,3.5,84.39,4,7
2019,12,29,3,20.9,18.3,0,1027,3.3,85.11,4,4
2019,12,29,4,21,18.5,0,1027,3.1,85.55,4.2,4
2019,12,29,5,20.8,18.6,0,1028,2.7,87.35,4.4,7
2019,12,29,6,20.7,18.6,0,1030,2.6,87.82,4.5,7
2019,12,29,7,20.9,18.9,8,1030,2.7,88.26,4.5,7
2019,12,29,8,21.5,19.3,26,1031,2.8,87.47,4.5,6
2019,12,29,9,22.2,19.5,18,1031,2.5,84.7,4.6,6
2019,12,29,10,22.5,19.4,25,1030,2.5,82.48,4.7,7
2019,12,29,11,22.5,19.5,37,1030,2.8,83.29,4.8,7
2019,12,29,12,22.5,19.8,40,1029,2.9,84.49,4.9,6
2019,12,29,13,22.6,20,36,1028,3,85.02,4.9,6
2019,12,29,14,22.5,20.1,27,1028,3,86.07,4.9,6
2019,12,29,15,22.2,20.2,17,1028,3,88.28,4.8,6
2019,12,29,16,21.7,20.2,51,1029,2.5,91.31,4.8,7
2019,12,29,17,21,19.9,7,1029,2.2,93.47,4.8,7
2019,12,29,18,20.9,19.8,0,1029,2.2,93.4,4.9,7
2019,12,29,19,20.9,19.8,0,1030,2.4,93.28,4.9,6
2019,12,29,20,20.8,19.7,0,1030,2.7,93.68,4.9,7
2019,12,29,21,20.7,19.7,0,1030,2.8,93.83,4.8,4
2019,12,29,22,20.6,19.5,0,1030,2.9,93.54,4.7,4
2019,12,29,23,20.6,19.5,0,1030,3.2,93.18,4.7,4
2019,12,30,0,20.7,19.5,0,1029,3.4,92.78,4.7,4
2019,12,30,1,20.7,19.4,0,1029,3.6,92.5,4.8,4
2019,12,30,2,20.6,19.3,0,1029,3.6,92.29,4.8,4
2019,12,30,3,20.4,19.2,0,1028,3.4,92.69,4.8,4
2019,12,30,4,20.4,19.2,0,1029,3.4,92.65,4.9,3
2019,12,30,5,20.5,19.2,0,1029,3.4,92.4,5,4
2019,12,30,6,20.5,19.3,0,1030,3.3,92.86,5,4
2019,12,30,7,20.9,19.6,3,1030,3.6,92.41,5,4
2019,12,30,8,21.2,19.8,9,1031,4,91.58,5,8
2019,12,30,9,21.3,19.8,142,1032,4.4,91.01,5.1,8
2019,12,30,10,21.3,19.6,25,1031,4.7,89.99,5.1,8
2019,12,30,11,21.1,19.3,53,1031,5,89.35,5,4
2019,12,30,12,21,18.9,257,1030,5.2,87.72,5,7
2019,12,30,13,20.9,18.5,35,1030,5,86.35,4.8,8
2019,12,30,14,21,18.3,108,1030,4.6,84.65,4.7,8
2019,12,30,15,20.8,18.2,162,1030,4.3,84.88,4.7,8
2019,12,30,16,20.3,18.2,18,1031,4.1,87.6,4.7,8
2019,12,30,17,20,18.3,4,1032,4,89.76,4.7,7
2019,12,30,18,20,18.3,0,1032,3.7,90.03,4.6,7
2019,12,30,19,19.9,18.4,0,1033,3.6,90.98,4.5,8
2019,12,30,20,19.9,18.4,0,1033,3.5,91.3,4.5,4
2019,12,30,21,19.9,18.5,0,1033,4.1,91.58,4.5,8
2019,12,30,22,19.9,18.4,0,1033,5,91.02,4.5,8
2019,12,30,23,19.7,18.1,0,1033,6,90.24,4.5,4
2019,12,31,0,19.2,17.4,0,1033,7.2,89.27,4.4,4
2019,12,31,1,18.6,16.6,0,1033,7.7,88.3,4.4,4
2019,12,31,2,18.1,16,0,1034,7.8,87.77,4.4,4
2019,12,31,3,17.8,15.7,0,1034,7.4,87.58,4.3,4
2019,12,31,4,17.7,15.6,0,1035,7,87.32,4.2,4
2019,12,31,5,17.9,15.6,0,1036,6.9,86.16,4.1,3
2019,12,31,6,18,15.5,0,1037,7.4,85.21,3.9,4
2019,12,31,7,18,15.3,3,1038,7.9,84.08,3.8,3
2019,12,31,8,17.8,14.9,14,1039,8.4,83.01,3.7,3
2019,12,31,9,17.5,14.4,36,1040,8.7,81.83,3.6,3
2019,12,31,10,17.4,14,113,1040,8.8,80.37,3.4,3
2019,12,31,11,17.3,13.7,62,1040,8.5,79.25,3.3,3
2019,12,31,12,17,13.4,73,1039,8.2,79.21,3.3,3
2019,12,31,13,16.7,13.1,98,1039,8,79.49,3.2,3
2019,12,31,14,16.5,12.9,43,1038,7.7,79.52,3.1,3
2019,12,31,15,16.4,12.8,29,1038,7.5,79.3,3,3
2019,12,31,16,16.3,12.8,13,1038,7.2,79.57,2.9,3
2019,12,31,17,16.2,12.7,2,1038,7,79.81,2.8,3
2019,12,31,18,16.2,12.7,0,1039,6.8,79.88,2.7,3
2019,12,31,19,16.3,12.7,0,1039,6.6,79.46,2.6,3
2019,12,31,20,16.3,12.8,0,1039,6.5,79.67,2.6,3
2019,12,31,21,16.3,12.9,0,1039,6.3,80.06,2.5,3
2019,12,31,22,16.3,13,0,1039,6.1,80.74,2.4,3
2019,12,31,23,16.3,13.1,0,1038,6,81.17,2.4,3
