timestamp,KW,KW_CEILING
1/23/2019 0:00,359.32428,360
1/23/2019 1:00,308.62632,309
1/23/2019 2:00,284.16535,285
1/23/2019 3:00,252.00179,253
1/23/2019 4:00,263.32707,264
1/23/2019 5:00,245.14642,246
1/23/2019 6:00,236.46667,237
1/23/2019 7:00,264.95952,265
1/23/2019 8:00,289.26537,290
1/23/2019 9:00,366.17778,367
1/23/2019 10:00,430.89311,431
1/23/2019 11:00,410.14059,411
1/23/2019 12:00,421.73308,422
1/23/2019 13:00,427.56544,428
1/23/2019 14:00,441.64319,442
1/23/2019 15:00,433.72241,434
1/23/2019 16:00,414.68276,415
1/23/2019 17:00,403.3922,404
1/23/2019 18:00,371.8711,372
1/23/2019 19:00,368.24575,369
1/23/2019 20:00,373.8886,374
1/23/2019 21:00,327.74604,328
1/23/2019 22:00,338.00097,339
1/23/2019 23:00,326.21196,327
1/24/2019 0:00,313.45872,314
1/24/2019 1:00,295.95382,296
1/24/2019 2:00,278.01551,279
1/24/2019 3:00,245.48101,246
1/24/2019 4:00,234.25559,235
1/24/2019 5:00,230.92032,231
1/24/2019 6:00,225.51095,226
1/24/2019 7:00,248.95481,249
1/24/2019 8:00,299.72114,300
1/24/2019 9:00,370.75185,371
1/24/2019 10:00,393.82275,394
1/24/2019 11:00,404.0528,405
1/24/2019 12:00,423.46724,424
1/24/2019 13:00,445.58887,446
1/24/2019 14:00,422.28782,423
1/24/2019 15:00,409.94812,410
1/24/2019 16:00,409.70236,410
1/24/2019 17:00,409.22069,410
1/24/2019 18:00,380.10301,381
1/24/2019 19:00,346.32239,347
1/24/2019 20:00,361.34846,362
1/24/2019 21:00,354.36957,355
1/24/2019 22:00,351.41112,352
1/24/2019 23:00,329.76252,330
1/25/2019 0:00,322.21441,323
1/25/2019 1:00,304.43553,305
1/25/2019 2:00,282.99936,283
1/25/2019 3:00,251.36001,252
1/25/2019 4:00,245.11358,246
1/25/2019 5:00,242.16483,243
1/25/2019 6:00,241.85928,242
1/25/2019 7:00,270.86954,271
1/25/2019 8:00,325.29851,326
1/25/2019 9:00,366.24561,367
1/25/2019 10:00,393.82758,394
1/25/2019 11:00,408.59635,409
1/25/2019 12:00,376.73361,377
1/25/2019 13:00,397.54421,398
1/25/2019 14:00,405.89437,406
1/25/2019 15:00,405.8017,406
1/25/2019 16:00,403.64253,404
1/25/2019 17:00,386.28552,387
1/25/2019 18:00,368.80692,369
1/25/2019 19:00,341.02223,342
1/25/2019 20:00,340.66077,341
1/25/2019 21:00,328.7711,329
1/25/2019 22:00,308.15829,309
1/25/2019 23:00,310.23917,311
1/26/2019 0:00,321.1681,322
1/26/2019 1:00,287.8492,288
1/26/2019 2:00,266.14072,267
1/26/2019 3:00,248.91554,249
1/26/2019 4:00,238.00517,239
1/26/2019 5:00,246.11025,247
1/26/2019 6:00,234.62403,235
1/26/2019 7:00,246.85351,247
1/26/2019 8:00,290.25054,291
1/26/2019 9:00,302.89247,303
1/26/2019 10:00,304.63859,305
1/26/2019 11:00,320.32057,321
1/26/2019 12:00,322.90057,323
1/26/2019 13:00,344.67449,345
1/26/2019 14:00,337.54253,338
1/26/2019 15:00,349.97663,350
1/26/2019 16:00,338.52417,339
1/26/2019 17:00,339.20828,340
1/26/2019 18:00,315.90905,316
1/26/2019 19:00,302.65706,303
1/26/2019 20:00,331.08384,332
1/26/2019 21:00,319.96532,320
1/26/2019 22:00,304.19092,305
1/26/2019 23:00,323.86088,324
1/27/2019 0:00,309.50807,310
1/27/2019 1:00,290.10462,291
1/27/2019 2:00,264.27543,265
1/27/2019 3:00,242.43227,243
1/27/2019 4:00,252.23498,253
1/27/2019 5:00,248.90743,249
1/27/2019 6:00,233.82881,234
1/27/2019 7:00,263.68872,264
1/27/2019 8:00,264.11822,265
1/27/2019 9:00,293.00516,294
1/27/2019 10:00,301.1757,302
1/27/2019 11:00,297.59396,298
1/27/2019 12:00,307.04962,308
1/27/2019 13:00,317.22264,318
1/27/2019 14:00,303.62054,304
1/27/2019 15:00,330.52775,331
1/27/2019 16:00,322.75744,323
1/27/2019 17:00,316.54658,317
1/27/2019 18:00,320.67433,321
1/27/2019 19:00,312.69269,313
1/27/2019 20:00,301.33413,302
1/27/2019 21:00,308.1693,309
1/27/2019 22:00,302.63032,303
1/27/2019 23:00,328.96635,329
1/28/2019 0:00,305.46156,306
1/28/2019 1:00,270.46664,271
1/28/2019 2:00,265.9355,266
1/28/2019 3:00,254.88694,255
1/28/2019 4:00,234.99947,235
1/28/2019 5:00,224.9797,225
1/28/2019 6:00,231.19838,232
1/28/2019 7:00,243.62288,244
1/28/2019 8:00,316.36897,317
1/28/2019 9:00,369.12477,370
1/28/2019 10:00,377.79295,378
1/28/2019 11:00,380.49111,381
1/28/2019 12:00,399.16806,400
1/28/2019 13:00,423.17854,424
1/28/2019 14:00,411.67364,412
1/28/2019 15:00,411.07818,412
1/28/2019 16:00,391.10044,392
1/28/2019 17:00,381.39867,382
1/28/2019 18:00,389.92353,390
1/28/2019 19:00,367.73239,368
1/28/2019 20:00,364.22239,365
1/28/2019 21:00,351.40905,352
1/28/2019 22:00,345.60394,346
1/28/2019 23:00,347.67384,348
1/29/2019 0:00,346.01254,347
1/29/2019 1:00,332.38043,333
1/29/2019 2:00,293.55011,294
1/29/2019 3:00,254.90245,255
1/29/2019 4:00,270.41287,271
1/29/2019 5:00,264.25978,265
1/29/2019 6:00,266.42092,267
1/29/2019 7:00,260.62902,261
1/29/2019 8:00,287.04564,288
1/29/2019 9:00,347.5642,348
1/29/2019 10:00,352.83116,353
1/29/2019 11:00,415.78877,416
1/29/2019 12:00,410.28238,411
1/29/2019 13:00,414.06374,415
1/29/2019 14:00,422.76797,423
1/29/2019 15:00,389.9387,390
1/29/2019 16:00,411.65127,412
1/29/2019 17:00,384.60183,385
1/29/2019 18:00,387.2914,388
1/29/2019 19:00,371.1229,372
1/29/2019 20:00,376.26279,377
1/29/2019 21:00,342.41636,343
1/29/2019 22:00,331.75321,332
1/29/2019 23:00,345.02435,346
1/30/2019 0:00,326.32073,327
1/30/2019 1:00,306.27806,307
1/30/2019 2:00,265.71331,266
1/30/2019 3:00,262.67843,263
1/30/2019 4:00,253.23905,254
1/30/2019 5:00,239.1168,240
1/30/2019 6:00,242.64256,243
1/30/2019 7:00,243.77087,244
1/30/2019 8:00,308.42204,309
1/30/2019 9:00,367.84943,368
1/30/2019 10:00,414.59134,415
1/30/2019 11:00,411.4407,412
1/30/2019 12:00,392.41939,393
1/30/2019 13:00,392.56904,393
1/30/2019 14:00,387.32756,388
1/30/2019 15:00,405.54866,406
1/30/2019 16:00,375.65151,376
1/30/2019 17:00,391.82815,392
1/30/2019 18:00,391.53348,392
1/30/2019 19:00,363.46996,364
1/30/2019 20:00,350.68993,351
1/30/2019 21:00,343.2348,344
1/30/2019 22:00,344.17512,345
1/30/2019 23:00,328.95557,329
1/31/2019 0:00,310.27238,311
1/31/2019 1:00,300.86491,301
1/31/2019 2:00,281.92553,282
1/31/2019 3:00,240.46505,241
1/31/2019 4:00,252.69836,253
1/31/2019 5:00,236.62697,237
1/31/2019 6:00,236.71862,237
1/31/2019 7:00,248.34339,249
1/31/2019 8:00,291.58719,292
1/31/2019 9:00,378.74197,379
1/31/2019 10:00,393.59331,394
1/31/2019 11:00,357.51116,358
1/31/2019 12:00,386.59122,387
1/31/2019 13:00,433.17615,434
1/31/2019 14:00,378.55107,379
1/31/2019 15:00,396.2612,397
1/31/2019 16:00,390.03285,391
1/31/2019 17:00,338.3653,339
1/31/2019 18:00,334.70274,335
1/31/2019 19:00,333.05974,334
1/31/2019 20:00,287.49703,288
1/31/2019 21:00,284.57704,285
1/31/2019 22:00,280.38128,281
1/31/2019 23:00,273.34044,274
2/1/2019 0:00,270.67425,271
2/1/2019 1:00,248.02495,249
2/1/2019 2:00,218.1236,219
2/1/2019 3:00,213.88622,214
2/1/2019 4:00,214.8401,215
2/1/2019 5:00,211.9425,212
2/1/2019 6:00,214.96872,215
2/1/2019 7:00,244.4551,245
2/1/2019 8:00,245.77605,246
2/1/2019 9:00,268.9811,269
2/1/2019 10:00,290.07997,291
2/1/2019 11:00,289.86852,290
2/1/2019 12:00,364.44634,365
2/1/2019 13:00,378.64037,379
2/1/2019 14:00,280.44117,281
2/1/2019 15:00,272.33166,273
2/1/2019 16:00,285.49353,286
2/1/2019 17:00,291.34274,292
2/1/2019 18:00,267.82972,268
2/1/2019 19:00,252.67774,253
2/1/2019 20:00,268.74131,269
2/1/2019 21:00,250.28713,251
2/1/2019 22:00,245.62447,246
2/1/2019 23:00,252.11158,253
2/2/2019 0:00,283.97164,284
2/2/2019 1:00,265.71185,266
2/2/2019 2:00,248.5926,249
2/2/2019 3:00,198.67889,199
2/2/2019 4:00,189.97505,190
2/2/2019 5:00,231.7887,232
2/2/2019 6:00,233.80654,234
2/2/2019 7:00,244.04787,245
2/2/2019 8:00,255.79442,256
2/2/2019 9:00,262.45209,263
2/2/2019 10:00,283.61587,284
2/2/2019 11:00,242.5293,243
2/2/2019 12:00,245.83074,246
2/2/2019 13:00,291.5296,292
2/2/2019 14:00,287.75423,288
2/2/2019 15:00,291.28698,292
2/2/2019 16:00,287.71498,288
2/2/2019 17:00,294.48732,295
2/2/2019 18:00,286.41895,287
2/2/2019 19:00,219.87762,220
2/2/2019 20:00,268.19884,269
2/2/2019 21:00,225.92435,226
2/2/2019 22:00,229.92515,230
2/2/2019 23:00,236.56111,237
2/3/2019 0:00,215.42282,216
2/3/2019 1:00,211.51379,212
2/3/2019 2:00,203.15744,204
2/3/2019 3:00,193.78565,194
2/3/2019 4:00,220.72967,221
2/3/2019 5:00,214.29568,215
2/3/2019 6:00,220.75035,221
2/3/2019 7:00,199.45065,200
2/3/2019 8:00,200.70403,201
2/3/2019 9:00,253.13568,254
2/3/2019 10:00,276.11788,277
2/3/2019 11:00,276.34756,277
2/3/2019 12:00,271.01783,272
2/3/2019 13:00,274.45286,275
2/3/2019 14:00,211.63143,212
2/3/2019 15:00,273.38827,274
2/3/2019 16:00,274.34873,275
2/3/2019 17:00,300.34888,301
2/3/2019 18:00,293.38552,294
2/3/2019 19:00,274.21349,275
2/3/2019 20:00,228.24475,229
2/3/2019 21:00,261.45587,262
2/3/2019 22:00,264.13717,265
2/3/2019 23:00,275.13781,276
2/4/2019 0:00,251.01561,252
2/4/2019 1:00,252.30608,253
2/4/2019 2:00,233.92036,234
2/4/2019 3:00,222.87971,223
2/4/2019 4:00,223.51654,224
2/4/2019 5:00,216.21341,217
2/4/2019 6:00,211.59729,212
2/4/2019 7:00,233.72503,234
2/4/2019 8:00,249.06985,250
2/4/2019 9:00,205.34161,206
2/4/2019 10:00,310.62122,311
2/4/2019 11:00,301.3285,302
2/4/2019 12:00,353.61506,354
2/4/2019 13:00,335.71281,336
2/4/2019 14:00,331.94619,332
2/4/2019 15:00,316.4433,317
2/4/2019 16:00,220.72477,221
2/4/2019 17:00,295.19964,296
2/4/2019 18:00,211.97889,212
2/4/2019 19:00,268.73682,269
2/4/2019 20:00,287.98213,288
2/4/2019 21:00,225.8273,226
2/4/2019 22:00,255.70058,256
2/4/2019 23:00,278.8675,279
2/5/2019 0:00,211.50086,212
2/5/2019 1:00,236.42589,237
2/5/2019 2:00,179.68819,180
2/5/2019 3:00,228.52999,229
2/5/2019 4:00,226.74403,227
2/5/2019 5:00,181.33747,182
2/5/2019 6:00,178.51969,179
2/5/2019 7:00,233.01357,234
2/5/2019 8:00,254.44595,255
2/5/2019 9:00,266.02066,267
2/5/2019 10:00,288.26713,289
2/5/2019 11:00,212.12041,213
2/5/2019 12:00,298.78663,299
2/5/2019 13:00,320.89762,321
2/5/2019 14:00,205.48348,206
2/5/2019 15:00,323.84869,324
2/5/2019 16:00,214.79353,215
2/5/2019 17:00,292.57363,293
2/5/2019 18:00,271.26165,272
2/5/2019 19:00,204.39841,205
2/5/2019 20:00,283.09619,284
2/5/2019 21:00,261.07674,262
2/5/2019 22:00,268.72745,269
2/5/2019 23:00,268.16969,269
2/6/2019 0:00,220.50266,221
2/6/2019 1:00,213.71353,214
2/6/2019 2:00,233.60819,234
2/6/2019 3:00,227.99716,228
2/6/2019 4:00,222.27242,223
2/6/2019 5:00,187.30907,188
2/6/2019 6:00,178.40728,179
2/6/2019 7:00,239.68786,240
2/6/2019 8:00,212.98535,213
2/6/2019 9:00,200.81088,201
2/6/2019 10:00,307.11341,308
2/6/2019 11:00,220.87729,221
2/6/2019 12:00,308.88266,309
2/6/2019 13:00,222.2906,223
2/6/2019 14:00,216.81896,217
2/6/2019 15:00,323.30814,324
2/6/2019 16:00,313.99609,314
2/6/2019 17:00,306.78271,307
2/6/2019 18:00,318.23065,319
2/6/2019 19:00,295.80205,296
2/6/2019 20:00,289.16914,290
2/6/2019 21:00,280.54747,281
2/6/2019 22:00,289.67656,290
2/6/2019 23:00,267.40201,268
2/7/2019 0:00,259.40717,260
2/7/2019 1:00,247.12875,248
2/7/2019 2:00,238.88021,239
2/7/2019 3:00,187.2281,188
2/7/2019 4:00,189.57234,190
2/7/2019 5:00,218.40898,219
2/7/2019 6:00,190.85186,191
2/7/2019 7:00,241.6923,242
2/7/2019 8:00,201.34102,202
2/7/2019 9:00,288.34206,289
2/7/2019 10:00,317.40037,318
2/7/2019 11:00,238.53358,239
2/7/2019 12:00,313.90605,314
2/7/2019 13:00,333.99935,334
2/7/2019 14:00,328.51255,329
2/7/2019 15:00,230.81797,231
2/7/2019 16:00,325.74129,326
2/7/2019 17:00,326.79659,327
2/7/2019 18:00,248.2543,249
2/7/2019 19:00,235.92771,236
2/7/2019 20:00,238.96146,239
2/7/2019 21:00,218.40742,219
2/7/2019 22:00,219.08211,220
2/7/2019 23:00,223.28657,224
2/8/2019 0:00,213.11942,214
2/8/2019 1:00,198.32074,199
2/8/2019 2:00,236.191,237
2/8/2019 3:00,182.72972,183
2/8/2019 4:00,190.66367,191
2/8/2019 5:00,194.32634,195
2/8/2019 6:00,185.82942,186
2/8/2019 7:00,183.0736,184
2/8/2019 8:00,191.99451,192
2/8/2019 9:00,275.81143,276
2/8/2019 10:00,302.87239,303
2/8/2019 11:00,235.13646,236
2/8/2019 12:00,233.35132,234
2/8/2019 13:00,330.80268,331
2/8/2019 14:00,219.96136,220
2/8/2019 15:00,212.13692,213
2/8/2019 16:00,211.04975,212
2/8/2019 17:00,315.33408,316
2/8/2019 18:00,315.82986,316
2/8/2019 19:00,225.91985,226
2/8/2019 20:00,235.69026,236
2/8/2019 21:00,262.51538,263
2/8/2019 22:00,228.98459,229
2/8/2019 23:00,262.3125,263
2/9/2019 0:00,212.6282,213
2/9/2019 1:00,204.84885,205
2/9/2019 2:00,232.05554,233
2/9/2019 3:00,222.97542,223
2/9/2019 4:00,180.81413,181
2/9/2019 5:00,182.01071,183
2/9/2019 6:00,220.22515,221
2/9/2019 7:00,185.62644,186
2/9/2019 8:00,199.02162,200
2/9/2019 9:00,266.9329,267
2/9/2019 10:00,289.17307,290
2/9/2019 11:00,275.77134,276
2/9/2019 12:00,250.46423,251
2/9/2019 13:00,246.70866,247
2/9/2019 14:00,293.19243,294
2/9/2019 15:00,308.43235,309
2/9/2019 16:00,227.56883,228
2/9/2019 17:00,234.87413,235
2/9/2019 18:00,253.95185,254
2/9/2019 19:00,245.3467,246
2/9/2019 20:00,241.18363,242
2/9/2019 21:00,240.58426,241
2/9/2019 22:00,223.95899,224
2/9/2019 23:00,269.44566,270
2/10/2019 0:00,262.80079,263
2/10/2019 1:00,208.14562,209
2/10/2019 2:00,225.12024,226
2/10/2019 3:00,220.64463,221
2/10/2019 4:00,233.85123,234
2/10/2019 5:00,182.81005,183
2/10/2019 6:00,186.6089,187
2/10/2019 7:00,220.00213,221
2/10/2019 8:00,249.39301,250
2/10/2019 9:00,250.31058,251
2/10/2019 10:00,280.65364,281
2/10/2019 11:00,241.27611,242
2/10/2019 12:00,245.66387,246
2/10/2019 13:00,238.06461,239
2/10/2019 14:00,224.65891,225
2/10/2019 15:00,228.58235,229
2/10/2019 16:00,233.64055,234
2/10/2019 17:00,287.52209,288
2/10/2019 18:00,286.64033,287
2/10/2019 19:00,268.8081,269
2/10/2019 20:00,257.10853,258
2/10/2019 21:00,248.73643,249
2/10/2019 22:00,243.20062,244
2/10/2019 23:00,306.78655,307
2/11/2019 0:00,253.01855,254
2/11/2019 1:00,261.57145,262
2/11/2019 2:00,249.44501,250
2/11/2019 3:00,228.29776,229
2/11/2019 4:00,229.09302,230
2/11/2019 5:00,195.31126,196
2/11/2019 6:00,188.90069,189
2/11/2019 7:00,214.16545,215
2/11/2019 8:00,245.60517,246
2/11/2019 9:00,355.23442,356
2/11/2019 10:00,346.73438,347
2/11/2019 11:00,380.19175,381
2/11/2019 12:00,373.2726,374
2/11/2019 13:00,415.09788,416
2/11/2019 14:00,410.37256,411
2/11/2019 15:00,327.07147,328
2/11/2019 16:00,336.66962,337
2/11/2019 17:00,367.21905,368
2/11/2019 18:00,329.11233,330
2/11/2019 19:00,303.60531,304
2/11/2019 20:00,308.63702,309
2/11/2019 21:00,280.03143,281
2/11/2019 22:00,314.90924,315
2/11/2019 23:00,323.34422,324
2/12/2019 0:00,303.97538,304
2/12/2019 1:00,286.80963,287
2/12/2019 2:00,248.84308,249
2/12/2019 3:00,238.69097,239
2/12/2019 4:00,247.0373,248
2/12/2019 5:00,229.41817,230
2/12/2019 6:00,237.99452,238
2/12/2019 7:00,241.95993,242
2/12/2019 8:00,303.1402,304
2/12/2019 9:00,317.31258,318
2/12/2019 10:00,376.89288,377
2/12/2019 11:00,391.79924,392
2/12/2019 12:00,400.07562,401
2/12/2019 13:00,441.67243,442
2/12/2019 14:00,440.14382,441
2/12/2019 15:00,398.60722,399
2/12/2019 16:00,409.52788,410
2/12/2019 17:00,394.43763,395
2/12/2019 18:00,404.96044,405
2/12/2019 19:00,380.2194,381
2/12/2019 20:00,367.95542,368
2/12/2019 21:00,343.66097,344
2/12/2019 22:00,318.27136,319
2/12/2019 23:00,320.83521,321
2/13/2019 0:00,298.71099,299
2/13/2019 1:00,260.8829,261
2/13/2019 2:00,246.88772,247
2/13/2019 3:00,260.28317,261
2/13/2019 4:00,241.63955,242
2/13/2019 5:00,247.80005,248
2/13/2019 6:00,248.77102,249
2/13/2019 7:00,273.98843,274
2/13/2019 8:00,312.46036,313
2/13/2019 9:00,371.60029,372
2/13/2019 10:00,410.38687,411
2/13/2019 11:00,456.02604,457
2/13/2019 12:00,441.62757,442
2/13/2019 13:00,482.72482,483
2/13/2019 14:00,467.04941,468
2/13/2019 15:00,425.22089,426
2/13/2019 16:00,440.47073,441
2/13/2019 17:00,410.90544,411
2/13/2019 18:00,418.79437,419
2/13/2019 19:00,370.3382,371
2/13/2019 20:00,366.26015,367
2/13/2019 21:00,362.53629,363
2/13/2019 22:00,376.94407,377
2/13/2019 23:00,341.20299,342
2/14/2019 0:00,305.42128,306
2/14/2019 1:00,301.66713,302
2/14/2019 2:00,277.11749,278
2/14/2019 3:00,258.72978,259
2/14/2019 4:00,250.44461,251
2/14/2019 5:00,247.23489,248
2/14/2019 6:00,235.28324,236
2/14/2019 7:00,276.49471,277
2/14/2019 8:00,321.08502,322
2/14/2019 9:00,374.97777,375
2/14/2019 10:00,379.14083,380
2/14/2019 11:00,412.15053,413
2/14/2019 12:00,409.47693,410
2/14/2019 13:00,440.38455,441
2/14/2019 14:00,425.93884,426
2/14/2019 15:00,387.21973,388
2/14/2019 16:00,407.25674,408
2/14/2019 17:00,432.43569,433
2/14/2019 18:00,367.44234,368
2/14/2019 19:00,367.53758,368
2/14/2019 20:00,353.00727,354
2/14/2019 21:00,343.1237,344
2/14/2019 22:00,341.52602,342
2/14/2019 23:00,343.6646,344
2/15/2019 0:00,333.76821,334
2/15/2019 1:00,306.28233,307
2/15/2019 2:00,267.9139,268
2/15/2019 3:00,256.06628,257
2/15/2019 4:00,244.43889,245
2/15/2019 5:00,243.643,244
2/15/2019 6:00,242.68239,243
2/15/2019 7:00,277.3907,278
2/15/2019 8:00,305.09661,306
2/15/2019 9:00,396.9229,397
2/15/2019 10:00,398.05527,399
2/15/2019 11:00,428.5777,429
2/15/2019 12:00,440.22371,441
2/15/2019 13:00,461.3472,462
2/15/2019 14:00,453.23148,454
2/15/2019 15:00,444.90318,445
2/15/2019 16:00,435.38028,436
2/15/2019 17:00,418.85973,419
2/15/2019 18:00,410.7823,411
2/15/2019 19:00,378.95541,379
2/15/2019 20:00,363.9271,364
2/15/2019 21:00,352.41384,353
2/15/2019 22:00,349.6405,350
2/15/2019 23:00,350.81996,351
2/16/2019 0:00,318.59481,319
2/16/2019 1:00,308.1076,309
2/16/2019 2:00,259.94308,260
2/16/2019 3:00,272.59569,273
2/16/2019 4:00,255.45742,256
2/16/2019 5:00,248.73297,249
2/16/2019 6:00,249.60675,250
2/16/2019 7:00,253.80885,254
2/16/2019 8:00,291.8212,292
2/16/2019 9:00,323.92923,324
2/16/2019 10:00,322.44849,323
2/16/2019 11:00,390.42546,391
2/16/2019 12:00,360.17374,361
2/16/2019 13:00,359.65113,360
2/16/2019 14:00,379.92969,380
2/16/2019 15:00,332.03737,333
2/16/2019 16:00,368.02293,369
2/16/2019 17:00,367.52939,368
2/16/2019 18:00,388.27345,389
2/16/2019 19:00,344.27886,345
2/16/2019 20:00,359.24889,360
2/16/2019 21:00,380.11355,381
2/16/2019 22:00,375.019,376
2/16/2019 23:00,361.89177,362
2/17/2019 0:00,349.37465,350
2/17/2019 1:00,271.283,272
2/17/2019 2:00,276.48893,277
2/17/2019 3:00,269.65735,270
2/17/2019 4:00,254.05421,255
2/17/2019 5:00,214.73152,215
2/17/2019 6:00,229.98933,230
2/17/2019 7:00,254.05719,255
2/17/2019 8:00,299.73267,300
2/17/2019 9:00,306.23347,307
2/17/2019 10:00,308.45737,309
2/17/2019 11:00,339.4613,340
2/17/2019 12:00,344.40765,345
2/17/2019 13:00,351.24525,352
2/17/2019 14:00,396.57191,397
2/17/2019 15:00,404.50854,405
2/17/2019 16:00,357.61998,358
2/17/2019 17:00,371.57788,372
2/17/2019 18:00,363.82903,364
2/17/2019 19:00,374.93435,375
2/17/2019 20:00,386.27033,387
2/17/2019 21:00,388.2892,389
2/17/2019 22:00,417.18827,418
2/17/2019 23:00,388.78328,389
2/18/2019 0:00,381.53935,382
2/18/2019 1:00,315.92271,316
2/18/2019 2:00,282.94477,283
2/18/2019 3:00,256.34944,257
2/18/2019 4:00,261.87524,262
2/18/2019 5:00,247.55094,248
2/18/2019 6:00,248.11491,249
2/18/2019 7:00,297.0945,298
2/18/2019 8:00,385.45894,386
2/18/2019 9:00,411.35964,412
2/18/2019 10:00,434.01333,435
2/18/2019 11:00,469.63222,470
2/18/2019 12:00,469.65103,470
2/18/2019 13:00,476.45854,477
2/18/2019 14:00,439.00166,440
2/18/2019 15:00,467.22838,468
2/18/2019 16:00,459.1524,460
2/18/2019 17:00,445.8601,446
2/18/2019 18:00,436.19735,437
2/18/2019 19:00,458.90262,459
2/18/2019 20:00,437.50895,438
2/18/2019 21:00,474.09873,475
2/18/2019 22:00,450.62164,451
2/18/2019 23:00,453.73329,454
2/19/2019 0:00,413.26189,414
2/19/2019 1:00,334.38424,335
2/19/2019 2:00,270.96702,271
2/19/2019 3:00,245.79079,246
2/19/2019 4:00,254.80328,255
2/19/2019 5:00,243.75912,244
2/19/2019 6:00,262.51567,263
2/19/2019 7:00,284.98081,285
2/19/2019 8:00,404.48234,405
2/19/2019 9:00,385.54783,386
2/19/2019 10:00,428.91233,429
2/19/2019 11:00,448.68643,449
2/19/2019 12:00,452.68539,453
2/19/2019 13:00,445.88214,446
2/19/2019 14:00,445.3512,446
2/19/2019 15:00,448.53317,449
2/19/2019 16:00,465.13217,466
2/19/2019 17:00,483.77087,484
2/19/2019 18:00,457.13307,458
2/19/2019 19:00,446.34511,447
2/19/2019 20:00,429.31409,430
2/19/2019 21:00,464.58624,465
2/19/2019 22:00,465.62361,466
2/19/2019 23:00,452.59426,453
2/20/2019 0:00,395.32179,396
2/20/2019 1:00,346.52308,347
2/20/2019 2:00,306.15269,307
2/20/2019 3:00,265.67543,266
2/20/2019 4:00,243.1158,244
2/20/2019 5:00,258.56853,259
2/20/2019 6:00,265.85909,266
2/20/2019 7:00,294.75438,295
2/20/2019 8:00,370.44516,371
2/20/2019 9:00,426.59906,427
2/20/2019 10:00,490.79005,491
2/20/2019 11:00,557.81025,558
2/20/2019 12:00,576.22616,577
2/20/2019 13:00,540.73774,541
2/20/2019 14:00,582.77068,583
2/20/2019 15:00,617.14632,618
2/20/2019 16:00,589.44213,590
2/20/2019 17:00,494.6132,495
2/20/2019 18:00,489.22158,490
2/20/2019 19:00,483.57157,484
2/20/2019 20:00,478.85674,479
2/20/2019 21:00,494.47718,495
2/20/2019 22:00,496.15886,497
2/20/2019 23:00,423.23115,424
2/21/2019 0:00,418.88263,419
2/21/2019 1:00,362.70694,363
2/21/2019 2:00,310.19473,311
2/21/2019 3:00,280.68294,281
2/21/2019 4:00,271.89329,272
2/21/2019 5:00,279.16309,280
2/21/2019 6:00,258.23492,259
2/21/2019 7:00,296.48998,297
2/21/2019 8:00,369.57621,370
2/21/2019 9:00,408.03171,409
2/21/2019 10:00,446.47935,447
2/21/2019 11:00,483.80414,484
2/21/2019 12:00,488.27438,489
2/21/2019 13:00,474.35887,475
2/21/2019 14:00,512.6588,513
2/21/2019 15:00,464.69729,465
2/21/2019 16:00,488.30807,489
2/21/2019 17:00,487.27505,488
2/21/2019 18:00,434.40283,435
2/21/2019 19:00,428.39465,429
2/21/2019 20:00,462.32749,463
2/21/2019 21:00,485.36278,486
2/21/2019 22:00,474.50439,475
2/21/2019 23:00,449.3956,450
2/22/2019 0:00,423.57669,424
2/22/2019 1:00,351.18334,352
2/22/2019 2:00,322.51593,323
2/22/2019 3:00,300.36507,301
2/22/2019 4:00,285.69602,286
2/22/2019 5:00,272.62783,273
2/22/2019 6:00,271.64454,272
2/22/2019 7:00,323.18032,324
2/22/2019 8:00,379.79909,380
2/22/2019 9:00,441.02175,442
2/22/2019 10:00,456.06818,457
2/22/2019 11:00,484.05616,485
2/22/2019 12:00,440.40465,441
2/22/2019 13:00,464.13526,465
2/22/2019 14:00,449.62102,450
2/22/2019 15:00,491.64457,492
2/22/2019 16:00,494.27575,495
2/22/2019 17:00,453.1864,454
2/22/2019 18:00,489.06432,490
2/22/2019 19:00,429.11412,430
2/22/2019 20:00,437.48978,438
2/22/2019 21:00,423.51309,424
2/22/2019 22:00,418.69412,419
2/22/2019 23:00,420.29613,421
2/23/2019 0:00,403.68037,404
2/23/2019 1:00,359.63552,360
2/23/2019 2:00,331.28103,332
2/23/2019 3:00,284.0815,285
2/23/2019 4:00,249.266,250
2/23/2019 5:00,263.14505,264
2/23/2019 6:00,269.10504,270
2/23/2019 7:00,288.05013,289
2/23/2019 8:00,324.89757,325
2/23/2019 9:00,350.17156,351
2/23/2019 10:00,415.25255,416
2/23/2019 11:00,419.74396,420
2/23/2019 12:00,448.22631,449
2/23/2019 13:00,445.6975,446
2/23/2019 14:00,414.33219,415
2/23/2019 15:00,415.10011,416
2/23/2019 16:00,412.90689,413
2/23/2019 17:00,395.93857,396
2/23/2019 18:00,398.38828,399
2/23/2019 19:00,400.61103,401
2/23/2019 20:00,403.69561,404
2/23/2019 21:00,388.87162,389
2/23/2019 22:00,427.64198,428
2/23/2019 23:00,420.43738,421
2/24/2019 0:00,370.02765,371
2/24/2019 1:00,324.66955,325
2/24/2019 2:00,293.61406,294
2/24/2019 3:00,252.6598,253
2/24/2019 4:00,257.86459,258
2/24/2019 5:00,246.53815,247
2/24/2019 6:00,263.42028,264
2/24/2019 7:00,253.32549,254
2/24/2019 8:00,269.91306,270
2/24/2019 9:00,328.42695,329
2/24/2019 10:00,342.97226,343
2/24/2019 11:00,358.56506,359
2/24/2019 12:00,373.06799,374
2/24/2019 13:00,355.46073,356
2/24/2019 14:00,361.01136,362
2/24/2019 15:00,376.45238,377
2/24/2019 16:00,382.99092,383
2/24/2019 17:00,387.03011,388
2/24/2019 18:00,406.07039,407
2/24/2019 19:00,391.07502,392
2/24/2019 20:00,421.69559,422
2/24/2019 21:00,424.29694,425
2/24/2019 22:00,440.65848,441
2/24/2019 23:00,427.76786,428
2/25/2019 0:00,403.10637,404
2/25/2019 1:00,312.19955,313
2/25/2019 2:00,289.74916,290
2/25/2019 3:00,268.37197,269
2/25/2019 4:00,252.63884,253
2/25/2019 5:00,230.16351,231
2/25/2019 6:00,253.69079,254
2/25/2019 7:00,267.35227,268
2/25/2019 8:00,344.73288,345
2/25/2019 9:00,397.2108,398
2/25/2019 10:00,412.21928,413
2/25/2019 11:00,411.76412,412
2/25/2019 12:00,453.19032,454
2/25/2019 13:00,449.88502,450
2/25/2019 14:00,433.34733,434
2/25/2019 15:00,443.47001,444
2/25/2019 16:00,408.21217,409
2/25/2019 17:00,408.79447,409
2/25/2019 18:00,419.37609,420
2/25/2019 19:00,398.52811,399
2/25/2019 20:00,440.51111,441
2/25/2019 21:00,495.54427,496
2/25/2019 22:00,489.12985,490
2/25/2019 23:00,474.81807,475
2/26/2019 0:00,438.5485,439
2/26/2019 1:00,351.50729,352
2/26/2019 2:00,313.98921,314
2/26/2019 3:00,275.63462,276
2/26/2019 4:00,278.11759,279
2/26/2019 5:00,269.1296,270
2/26/2019 6:00,257.45156,258
2/26/2019 7:00,305.76932,306
2/26/2019 8:00,409.53298,410
2/26/2019 9:00,421.63896,422
2/26/2019 10:00,404.86265,405
2/26/2019 11:00,444.88311,445
2/26/2019 12:00,475.25151,476
2/26/2019 13:00,464.6129,465
2/26/2019 14:00,457.90294,458
2/26/2019 15:00,458.5833,459
2/26/2019 16:00,461.18911,462
2/26/2019 17:00,438.98068,439
2/26/2019 18:00,437.12283,438
2/26/2019 19:00,430.22325,431
2/26/2019 20:00,429.78893,430
2/26/2019 21:00,462.54909,463
2/26/2019 22:00,449.1041,450
2/26/2019 23:00,436.98511,437
2/27/2019 0:00,402.29789,403
2/27/2019 1:00,340.32792,341
2/27/2019 2:00,284.82159,285
2/27/2019 3:00,268.51778,269
2/27/2019 4:00,240.59589,241
2/27/2019 5:00,263.54833,264
2/27/2019 6:00,245.05289,246
2/27/2019 7:00,291.54644,292
2/27/2019 8:00,353.76507,354
2/27/2019 9:00,397.03439,398
2/27/2019 10:00,448.07117,449
2/27/2019 11:00,461.9174,462
2/27/2019 12:00,484.6467,485
2/27/2019 13:00,443.58815,444
2/27/2019 14:00,469.6563,470
2/27/2019 15:00,496.41067,497
2/27/2019 16:00,466.58143,467
2/27/2019 17:00,450.19499,451
2/27/2019 18:00,450.98796,451
2/27/2019 19:00,435.93702,436
2/27/2019 20:00,434.03892,435
2/27/2019 21:00,427.23664,428
2/27/2019 22:00,442.18488,443
2/27/2019 23:00,419.53896,420
2/28/2019 0:00,406.82348,407
2/28/2019 1:00,352.80212,353
2/28/2019 2:00,317.60957,318
2/28/2019 3:00,285.89401,286
2/28/2019 4:00,288.23616,289
2/28/2019 5:00,271.45552,272
2/28/2019 6:00,269.78173,270
2/28/2019 7:00,287.64388,288
2/28/2019 8:00,318.48777,319
2/28/2019 9:00,342.74743,343
2/28/2019 10:00,372.4578,373
2/28/2019 11:00,375.23307,376
2/28/2019 12:00,391.77907,392
2/28/2019 13:00,426.04665,427
2/28/2019 14:00,370.40986,371
2/28/2019 15:00,368.20834,369
2/28/2019 16:00,437.50632,438
2/28/2019 17:00,340.03885,341
2/28/2019 18:00,362.3324,363
2/28/2019 19:00,355.59084,356
2/28/2019 20:00,363.93181,364
2/28/2019 21:00,374.66787,375
2/28/2019 22:00,389.28842,390
2/28/2019 23:00,356.26761,357
3/1/2019 0:00,389.59054,390
3/1/2019 1:00,338.80711,339
3/1/2019 2:00,304.6396,305
3/1/2019 3:00,282.80156,283
3/1/2019 4:00,269.50789,270
3/1/2019 5:00,257.44974,258
3/1/2019 6:00,257.27741,258
3/1/2019 7:00,289.53787,290
3/1/2019 8:00,287.02836,288
3/1/2019 9:00,312.53431,313
3/1/2019 10:00,323.08997,324
3/1/2019 11:00,354.53396,355
3/1/2019 12:00,419.01752,420
3/1/2019 13:00,355.48602,356
3/1/2019 14:00,344.70754,345
3/1/2019 15:00,342.55834,343
3/1/2019 16:00,340.78186,341
3/1/2019 17:00,359.85755,360
3/1/2019 18:00,355.29448,356
3/1/2019 19:00,394.11031,395
3/1/2019 20:00,374.95345,375
3/1/2019 21:00,371.21077,372
3/1/2019 22:00,381.9685,382
3/1/2019 23:00,374.23714,375
3/2/2019 0:00,364.32309,365
3/2/2019 1:00,334.6052,335
3/2/2019 2:00,332.53099,333
3/2/2019 3:00,272.28589,273
3/2/2019 4:00,275.49352,276
3/2/2019 5:00,274.87631,275
3/2/2019 6:00,274.9331,275
3/2/2019 7:00,287.39123,288
3/2/2019 8:00,297.93912,298
3/2/2019 9:00,316.8964,317
3/2/2019 10:00,326.71133,327
3/2/2019 11:00,356.45181,357
3/2/2019 12:00,368.57853,369
3/2/2019 13:00,356.03295,357
3/2/2019 14:00,354.97085,355
3/2/2019 15:00,372.34061,373
3/2/2019 16:00,340.19378,341
3/2/2019 17:00,349.21928,350
3/2/2019 18:00,358.17655,359
3/2/2019 19:00,354.91696,355
3/2/2019 20:00,373.6395,374
3/2/2019 21:00,366.28721,367
3/2/2019 22:00,389.46735,390
3/2/2019 23:00,387.52101,388
3/3/2019 0:00,384.81076,385
3/3/2019 1:00,336.7266,337
3/3/2019 2:00,279.83062,280
3/3/2019 3:00,260.30251,261
3/3/2019 4:00,279.89355,280
3/3/2019 5:00,274.55319,275
3/3/2019 6:00,286.43418,287
3/3/2019 7:00,280.32199,281
3/3/2019 8:00,283.18753,284
3/3/2019 9:00,323.9651,324
3/3/2019 10:00,328.78347,329
3/3/2019 11:00,360.72916,361
3/3/2019 12:00,346.06312,347
3/3/2019 13:00,359.19291,360
3/3/2019 14:00,411.63432,412
3/3/2019 15:00,376.42239,377
3/3/2019 16:00,427.27034,428
3/3/2019 17:00,371.53978,372
3/3/2019 18:00,385.24378,386
3/3/2019 19:00,404.24589,405
3/3/2019 20:00,416.30579,417
3/3/2019 21:00,407.29082,408
3/3/2019 22:00,443.97691,444
3/3/2019 23:00,412.2461,413
3/4/2019 0:00,409.15267,410
3/4/2019 1:00,353.09265,354
3/4/2019 2:00,313.24365,314
3/4/2019 3:00,290.20718,291
3/4/2019 4:00,270.96227,271
3/4/2019 5:00,271.50989,272
3/4/2019 6:00,264.20378,265
3/4/2019 7:00,300.04062,301
3/4/2019 8:00,388.06712,389
3/4/2019 9:00,411.75644,412
3/4/2019 10:00,454.68619,455
3/4/2019 11:00,470.16427,471
3/4/2019 12:00,491.08348,492
3/4/2019 13:00,460.15881,461
3/4/2019 14:00,428.18925,429
3/4/2019 15:00,495.37969,496
3/4/2019 16:00,507.71703,508
3/4/2019 17:00,498.9642,499
3/4/2019 18:00,477.54758,478
3/4/2019 19:00,465.32506,466
3/4/2019 20:00,491.01289,492
3/4/2019 21:00,490.75156,491
3/4/2019 22:00,484.45462,485
3/4/2019 23:00,482.41626,483
3/5/2019 0:00,446.40631,447
3/5/2019 1:00,350.51452,351
3/5/2019 2:00,311.94026,312
3/5/2019 3:00,291.43834,292
3/5/2019 4:00,272.63049,273
3/5/2019 5:00,273.09959,274
3/5/2019 6:00,280.74124,281
3/5/2019 7:00,307.13433,308
3/5/2019 8:00,399.0529,400
3/5/2019 9:00,450.34057,451
3/5/2019 10:00,456.4797,457
3/5/2019 11:00,484.28235,485
3/5/2019 12:00,532.35276,533
3/5/2019 13:00,555.2848,556
3/5/2019 14:00,529.72311,530
3/5/2019 15:00,527.40076,528
3/5/2019 16:00,539.10356,540
3/5/2019 17:00,536.20353,537
3/5/2019 18:00,497.6778,498
3/5/2019 19:00,498.74436,499
3/5/2019 20:00,492.29813,493
3/5/2019 21:00,503.70703,504
3/5/2019 22:00,512.54603,513
3/5/2019 23:00,470.68232,471
3/6/2019 0:00,429.23088,430
3/6/2019 1:00,367.69316,368
3/6/2019 2:00,332.94114,333
3/6/2019 3:00,301.56939,302
3/6/2019 4:00,293.2051,294
3/6/2019 5:00,264.15927,265
3/6/2019 6:00,277.93994,278
3/6/2019 7:00,371.38361,372
3/6/2019 8:00,389.75298,390
3/6/2019 9:00,457.8469,458
3/6/2019 10:00,457.17217,458
3/6/2019 11:00,526.75362,527
3/6/2019 12:00,537.60216,538
3/6/2019 13:00,500.0435,501
3/6/2019 14:00,518.7592,519
3/6/2019 15:00,533.79455,534
3/6/2019 16:00,488.95578,489
3/6/2019 17:00,481.5831,482
3/6/2019 18:00,489.95815,490
3/6/2019 19:00,493.33364,494
3/6/2019 20:00,507.89996,508
3/6/2019 21:00,496.95297,497
3/6/2019 22:00,501.1044,502
3/6/2019 23:00,475.27635,476
3/7/2019 0:00,432.84252,433
3/7/2019 1:00,367.56063,368
3/7/2019 2:00,303.38719,304
3/7/2019 3:00,280.25063,281
3/7/2019 4:00,272.49776,273
3/7/2019 5:00,277.05236,278
3/7/2019 6:00,295.3827,296
3/7/2019 7:00,311.05454,312
3/7/2019 8:00,399.50669,400
3/7/2019 9:00,471.6759,472
3/7/2019 10:00,511.37185,512
3/7/2019 11:00,542.50297,543
3/7/2019 12:00,529.2203,530
3/7/2019 13:00,555.12149,556
3/7/2019 14:00,507.23547,508
3/7/2019 15:00,472.11883,473
3/7/2019 16:00,483.90499,484
3/7/2019 17:00,496.2239,497
3/7/2019 18:00,488.8036,489
3/7/2019 19:00,477.98761,478
3/7/2019 20:00,477.34865,478
3/7/2019 21:00,528.91945,529
3/7/2019 22:00,471.06079,472
3/7/2019 23:00,461.83348,462
3/8/2019 0:00,438.59555,439
3/8/2019 1:00,373.25189,374
3/8/2019 2:00,318.86778,319
3/8/2019 3:00,278.33067,279
3/8/2019 4:00,280.857,281
3/8/2019 5:00,283.26923,284
3/8/2019 6:00,289.88055,290
3/8/2019 7:00,290.28089,291
3/8/2019 8:00,383.1148,384
3/8/2019 9:00,386.66663,387
3/8/2019 10:00,457.92411,458
3/8/2019 11:00,511.08448,512
3/8/2019 12:00,472.54933,473
3/8/2019 13:00,491.53375,492
3/8/2019 14:00,480.47806,481
3/8/2019 15:00,476.3065,477
3/8/2019 16:00,488.30313,489
3/8/2019 17:00,460.80177,461
3/8/2019 18:00,449.62238,450
3/8/2019 19:00,431.08596,432
3/8/2019 20:00,419.66676,420
3/8/2019 21:00,437.18708,438
3/8/2019 22:00,418.25524,419
3/8/2019 23:00,416.87989,417
3/9/2019 0:00,393.07343,394
3/9/2019 1:00,374.76832,375
3/9/2019 2:00,324.35753,325
3/9/2019 3:00,315.69675,316
3/9/2019 4:00,277.79317,278
3/9/2019 5:00,271.54978,272
3/9/2019 6:00,281.5518,282
3/9/2019 7:00,287.31059,288
3/9/2019 8:00,316.3424,317
3/9/2019 9:00,354.24559,355
3/9/2019 10:00,392.10523,393
3/9/2019 11:00,415.7717,416
3/9/2019 12:00,431.55679,432
3/9/2019 13:00,400.31203,401
3/9/2019 14:00,464.3507,465
3/9/2019 15:00,455.75035,456
3/9/2019 16:00,448.90357,449
3/9/2019 17:00,439.73203,440
3/9/2019 18:00,421.21594,422
3/9/2019 19:00,424.78236,425
3/9/2019 20:00,426.04753,427
3/9/2019 21:00,460.01123,461
3/9/2019 22:00,453.20151,454
3/9/2019 23:00,427.86945,428
3/10/2019 0:00,410.85876,411
3/10/2019 1:00,365.86075,366
3/10/2019 2:00,331.3308,332
3/10/2019 3:00,294.5911,295
3/10/2019 4:00,288.43541,289
3/10/2019 5:00,281.34075,282
3/10/2019 6:00,270.12837,271
3/10/2019 7:00,291.48608,292
3/10/2019 8:00,315.56555,316
3/10/2019 9:00,364.0944,365
3/10/2019 10:00,357.50253,358
3/10/2019 11:00,357.58027,358
3/10/2019 12:00,411.7002,412
3/10/2019 13:00,398.73509,399
3/10/2019 14:00,408.48682,409
3/10/2019 15:00,406.63896,407
3/10/2019 16:00,405.34153,406
3/10/2019 17:00,429.59821,430
3/10/2019 18:00,455.31775,456
3/10/2019 19:00,440.11366,441
3/10/2019 20:00,438.78917,439
3/10/2019 21:00,464.42548,465
3/10/2019 22:00,490.28448,491
3/10/2019 23:00,431.32181,432
3/11/2019 0:00,424.8782,425
3/11/2019 1:00,356.24887,357
3/11/2019 2:00,307.63016,308
3/11/2019 3:00,279.53618,280
3/11/2019 4:00,258.53611,259
3/11/2019 5:00,256.30857,257
3/11/2019 6:00,270.75537,271
3/11/2019 7:00,284.59756,285
3/11/2019 8:00,359.13212,360
3/11/2019 9:00,446.2776,447
3/11/2019 10:00,445.22508,446
3/11/2019 11:00,452.95867,453
3/11/2019 12:00,507.07191,508
3/11/2019 13:00,510.40937,511
3/11/2019 14:00,475.93818,476
3/11/2019 15:00,497.51346,498
3/11/2019 16:00,508.70339,509
3/11/2019 17:00,476.71071,477
3/11/2019 18:00,499.12912,500
3/11/2019 19:00,510.06324,511
3/11/2019 20:00,492.71162,493
3/11/2019 21:00,474.45982,475
3/11/2019 22:00,472.61085,473
3/11/2019 23:00,464.24457,465
3/12/2019 0:00,419.99318,420
3/12/2019 1:00,366.53585,367
3/12/2019 2:00,314.47682,315
3/12/2019 3:00,282.29302,283
3/12/2019 4:00,260.20772,261
3/12/2019 5:00,275.23632,276
3/12/2019 6:00,306.44385,307
3/12/2019 7:00,293.85295,294
3/12/2019 8:00,379.47798,380
3/12/2019 9:00,456.93168,457
3/12/2019 10:00,522.90116,523
3/12/2019 11:00,482.71918,483
3/12/2019 12:00,521.56321,522
3/12/2019 13:00,562.67251,563
3/12/2019 14:00,518.34969,519
3/12/2019 15:00,507.89423,508
3/12/2019 16:00,495.65639,496
3/12/2019 17:00,471.81192,472
3/12/2019 18:00,506.95324,507
3/12/2019 19:00,496.17077,497
3/12/2019 20:00,513.31846,514
3/12/2019 21:00,523.74292,524
3/12/2019 22:00,510.31019,511
3/12/2019 23:00,478.1424,479
3/13/2019 0:00,438.53988,439
3/13/2019 1:00,391.67211,392
3/13/2019 2:00,344.37871,345
3/13/2019 3:00,305.53896,306
3/13/2019 4:00,278.61713,279
3/13/2019 5:00,274.81897,275
3/13/2019 6:00,295.63139,296
3/13/2019 7:00,328.17877,329
3/13/2019 8:00,385.98562,386
3/13/2019 9:00,436.95164,437
3/13/2019 10:00,449.89608,450
3/13/2019 11:00,465.61886,466
3/13/2019 12:00,503.62374,504
3/13/2019 13:00,516.54633,517
3/13/2019 14:00,540.59436,541
3/13/2019 15:00,563.66829,564
3/13/2019 16:00,510.5107,511
3/13/2019 17:00,515.14304,516
3/13/2019 18:00,468.94849,469
3/13/2019 19:00,487.45191,488
3/13/2019 20:00,480.60535,481
3/13/2019 21:00,501.99692,502
3/13/2019 22:00,474.83007,475
3/13/2019 23:00,464.85641,465
3/14/2019 0:00,452.12444,453
3/14/2019 1:00,391.60822,392
3/14/2019 2:00,333.89631,334
3/14/2019 3:00,313.93071,314
3/14/2019 4:00,294.09135,295
3/14/2019 5:00,289.34679,290
3/14/2019 6:00,295.17271,296
3/14/2019 7:00,319.00967,320
3/14/2019 8:00,404.26049,405
3/14/2019 9:00,480.56576,481
3/14/2019 10:00,485.28984,486
3/14/2019 11:00,475.69039,476
3/14/2019 12:00,544.86028,545
3/14/2019 13:00,528.61472,529
3/14/2019 14:00,567.26513,568
3/14/2019 15:00,534.80025,535
3/14/2019 16:00,541.93748,542
3/14/2019 17:00,506.21067,507
3/14/2019 18:00,523.04356,524
3/14/2019 19:00,450.44603,451
3/14/2019 20:00,467.47413,468
3/14/2019 21:00,479.19949,480
3/14/2019 22:00,503.35151,504
3/14/2019 23:00,489.24019,490
3/15/2019 0:00,442.28824,443
3/15/2019 1:00,379.43246,380
3/15/2019 2:00,325.82032,326
3/15/2019 3:00,299.59331,300
3/15/2019 4:00,288.60002,289
3/15/2019 5:00,294.65105,295
3/15/2019 6:00,283.99399,284
3/15/2019 7:00,309.9109,310
3/15/2019 8:00,365.16526,366
3/15/2019 9:00,412.81655,413
3/15/2019 10:00,461.24158,462
3/15/2019 11:00,469.75231,470
3/15/2019 12:00,479.15992,480
3/15/2019 13:00,464.73649,465
3/15/2019 14:00,428.10971,429
3/15/2019 15:00,442.79107,443
3/15/2019 16:00,464.64829,465
3/15/2019 17:00,420.02632,421
3/15/2019 18:00,403.31566,404
3/15/2019 19:00,421.77595,422
3/15/2019 20:00,396.29576,397
3/15/2019 21:00,411.26947,412
3/15/2019 22:00,402.21139,403
3/15/2019 23:00,428.6412,429
3/16/2019 0:00,403.64209,404
3/16/2019 1:00,351.57029,352
3/16/2019 2:00,286.00156,287
3/16/2019 3:00,275.29925,276
3/16/2019 4:00,244.85007,245
3/16/2019 5:00,246.22302,247
3/16/2019 6:00,233.31851,234
3/16/2019 7:00,253.97616,254
3/16/2019 8:00,304.91909,305
3/16/2019 9:00,319.48659,320
3/16/2019 10:00,367.70975,368
3/16/2019 11:00,408.83675,409
3/16/2019 12:00,379.45857,380
3/16/2019 13:00,383.89842,384
3/16/2019 14:00,373.64548,374
3/16/2019 15:00,377.89569,378
3/16/2019 16:00,377.63071,378
3/16/2019 17:00,384.47913,385
3/16/2019 18:00,390.23675,391
3/16/2019 19:00,379.57343,380
3/16/2019 20:00,380.25536,381
3/16/2019 21:00,385.71821,386
3/16/2019 22:00,379.1022,380
3/16/2019 23:00,381.80383,382
3/17/2019 0:00,365.58542,366
3/17/2019 1:00,328.73284,329
3/17/2019 2:00,290.30126,291
3/17/2019 3:00,249.06417,250
3/17/2019 4:00,235.16787,236
3/17/2019 5:00,224.55139,225
3/17/2019 6:00,223.27764,224
3/17/2019 7:00,236.59032,237
3/17/2019 8:00,287.46622,288
3/17/2019 9:00,362.76438,363
3/17/2019 10:00,384.78776,385
3/17/2019 11:00,394.85617,395
3/17/2019 12:00,420.36525,421
3/17/2019 13:00,425.57121,426
3/17/2019 14:00,452.09512,453
3/17/2019 15:00,459.50173,460
3/17/2019 16:00,464.30152,465
3/17/2019 17:00,461.21124,462
3/17/2019 18:00,461.63901,462
3/17/2019 19:00,450.22894,451
3/17/2019 20:00,462.0951,463
3/17/2019 21:00,480.5526,481
3/17/2019 22:00,501.8421,502
3/17/2019 23:00,498.03785,499
3/18/2019 0:00,467.97115,468
3/18/2019 1:00,406.91426,407
3/18/2019 2:00,362.7406,363
3/18/2019 3:00,315.61812,316
3/18/2019 4:00,297.6518,298
3/18/2019 5:00,294.00781,295
3/18/2019 6:00,288.7408,289
3/18/2019 7:00,320.2925,321
3/18/2019 8:00,395.52968,396
3/18/2019 9:00,427.17785,428
3/18/2019 10:00,432.62517,433
3/18/2019 11:00,451.80669,452
3/18/2019 12:00,511.06446,512
3/18/2019 13:00,524.25603,525
3/18/2019 14:00,414.56639,415
3/18/2019 15:00,529.95125,530
3/18/2019 16:00,527.50626,528
3/18/2019 17:00,510.77672,511
3/18/2019 18:00,468.18024,469
3/18/2019 19:00,505.41048,506
3/18/2019 20:00,506.66567,507
3/18/2019 21:00,522.31358,523
3/18/2019 22:00,492.4208,493
3/18/2019 23:00,526.38109,527
3/19/2019 0:00,493.56107,494
3/19/2019 1:00,409.88944,410
3/19/2019 2:00,389.49305,390
3/19/2019 3:00,322.66329,323
3/19/2019 4:00,310.62699,311
3/19/2019 5:00,301.0893,302
3/19/2019 6:00,321.40822,322
3/19/2019 7:00,330.24286,331
3/19/2019 8:00,390.64292,391
3/19/2019 9:00,390.2229,391
3/19/2019 10:00,420.48792,421
3/19/2019 11:00,492.7654,493
3/19/2019 12:00,462.47028,463
3/19/2019 13:00,534.84367,535
3/19/2019 14:00,516.10047,517
3/19/2019 15:00,482.83011,483
3/19/2019 16:00,540.00728,541
3/19/2019 17:00,476.91705,477
3/19/2019 18:00,477.26728,478
3/19/2019 19:00,482.50592,483
3/19/2019 20:00,480.1126,481
3/19/2019 21:00,516.60257,517
3/19/2019 22:00,534.29334,535
3/19/2019 23:00,523.69358,524
3/20/2019 0:00,497.11105,498
3/20/2019 1:00,425.39872,426
3/20/2019 2:00,374.95401,375
3/20/2019 3:00,347.48822,348
3/20/2019 4:00,330.48194,331
3/20/2019 5:00,323.06653,324
3/20/2019 6:00,312.53047,313
3/20/2019 7:00,346.89474,347
3/20/2019 8:00,364.4028,365
3/20/2019 9:00,436.59739,437
3/20/2019 10:00,484.79151,485
3/20/2019 11:00,501.57752,502
3/20/2019 12:00,531.19866,532
3/20/2019 13:00,544.52947,545
3/20/2019 14:00,557.81862,558
3/20/2019 15:00,554.79819,555
3/20/2019 16:00,515.48482,516
3/20/2019 17:00,522.57869,523
3/20/2019 18:00,517.22442,518
3/20/2019 19:00,506.24541,507
3/20/2019 20:00,513.83053,514
3/20/2019 21:00,518.86047,519
3/20/2019 22:00,507.69084,508
3/20/2019 23:00,513.541,514
3/21/2019 0:00,485.16072,486
3/21/2019 1:00,433.78614,434
3/21/2019 2:00,388.47831,389
3/21/2019 3:00,340.79159,341
3/21/2019 4:00,321.61745,322
3/21/2019 5:00,326.28317,327
3/21/2019 6:00,317.15017,318
3/21/2019 7:00,336.08064,337
3/21/2019 8:00,393.5774,394
3/21/2019 9:00,481.97608,482
3/21/2019 10:00,537.78994,538
3/21/2019 11:00,554.70161,555
3/21/2019 12:00,549.33986,550
3/21/2019 13:00,583.60332,584
3/21/2019 14:00,623.40299,624
3/21/2019 15:00,618.18321,619
3/21/2019 16:00,589.94299,590
3/21/2019 17:00,589.74387,590
3/21/2019 18:00,563.72148,564
3/21/2019 19:00,539.51313,540
3/21/2019 20:00,540.00501,541
3/21/2019 21:00,538.76098,539
3/21/2019 22:00,534.54851,535
3/21/2019 23:00,532.33293,533
3/22/2019 0:00,503.71479,504
3/22/2019 1:00,450.55289,451
3/22/2019 2:00,400.55002,401
3/22/2019 3:00,361.77859,362
3/22/2019 4:00,350.40843,351
3/22/2019 5:00,331.17861,332
3/22/2019 6:00,319.47649,320
3/22/2019 7:00,334.47768,335
3/22/2019 8:00,382.58459,383
3/22/2019 9:00,427.63828,428
3/22/2019 10:00,485.96199,486
3/22/2019 11:00,513.64947,514
3/22/2019 12:00,559.24587,560
3/22/2019 13:00,538.89038,539
3/22/2019 14:00,511.25149,512
3/22/2019 15:00,523.15843,524
3/22/2019 16:00,529.93075,530
3/22/2019 17:00,542.46967,543
3/22/2019 18:00,513.63002,514
3/22/2019 19:00,459.85974,460
3/22/2019 20:00,447.10572,448
3/22/2019 21:00,436.81402,437
3/22/2019 22:00,459.54175,460
3/22/2019 23:00,465.63367,466
3/23/2019 0:00,429.98983,430
3/23/2019 1:00,379.30173,380
3/23/2019 2:00,341.98941,342
3/23/2019 3:00,303.39057,304
3/23/2019 4:00,287.32186,288
3/23/2019 5:00,294.62882,295
3/23/2019 6:00,277.79649,278
3/23/2019 7:00,308.04436,309
3/23/2019 8:00,361.6201,362
3/23/2019 9:00,401.82754,402
3/23/2019 10:00,394.8818,395
3/23/2019 11:00,410.64152,411
3/23/2019 12:00,406.17425,407
3/23/2019 13:00,398.09417,399
3/23/2019 14:00,423.53672,424
3/23/2019 15:00,423.21441,424
3/23/2019 16:00,394.61569,395
3/23/2019 17:00,400.03282,401
3/23/2019 18:00,394.96892,395
3/23/2019 19:00,393.87326,394
3/23/2019 20:00,438.78594,439
3/23/2019 21:00,422.26167,423
3/23/2019 22:00,420.54394,421
3/23/2019 23:00,415.12724,416
3/24/2019 0:00,399.65869,400
3/24/2019 1:00,350.75362,351
3/24/2019 2:00,312.26473,313
3/24/2019 3:00,265.65509,266
3/24/2019 4:00,258.0547,259
3/24/2019 5:00,257.70849,258
3/24/2019 6:00,243.57144,244
3/24/2019 7:00,268.05794,269
3/24/2019 8:00,284.37506,285
3/24/2019 9:00,320.59281,321
3/24/2019 10:00,340.37401,341
3/24/2019 11:00,345.03577,346
3/24/2019 12:00,374.95624,375
3/24/2019 13:00,369.26436,370
3/24/2019 14:00,409.2551,410
3/24/2019 15:00,425.72577,426
3/24/2019 16:00,424.22798,425
3/24/2019 17:00,406.93527,407
3/24/2019 18:00,412.55034,413
3/24/2019 19:00,419.40064,420
3/24/2019 20:00,417.87099,418
3/24/2019 21:00,423.26972,424
3/24/2019 22:00,435.68727,436
3/24/2019 23:00,440.42801,441
3/25/2019 0:00,403.15133,404
3/25/2019 1:00,333.85574,334
3/25/2019 2:00,314.45441,315
3/25/2019 3:00,278.39766,279
3/25/2019 4:00,263.81855,264
3/25/2019 5:00,251.6861,252
3/25/2019 6:00,257.68071,258
3/25/2019 7:00,287.28554,288
3/25/2019 8:00,363.80059,364
3/25/2019 9:00,406.13011,407
3/25/2019 10:00,451.8907,452
3/25/2019 11:00,455.06436,456
3/25/2019 12:00,513.90852,514
3/25/2019 13:00,485.94964,486
3/25/2019 14:00,477.08236,478
3/25/2019 15:00,469.10502,470
3/25/2019 16:00,501.8942,502
3/25/2019 17:00,491.87966,492
3/25/2019 18:00,513.63643,514
3/25/2019 19:00,471.59423,472
3/25/2019 20:00,473.94153,474
3/25/2019 21:00,485.22091,486
3/25/2019 22:00,475.73,476
3/25/2019 23:00,471.62825,472
3/26/2019 0:00,438.9462,439
3/26/2019 1:00,365.49533,366
3/26/2019 2:00,312.75547,313
3/26/2019 3:00,283.89643,284
3/26/2019 4:00,279.03291,280
3/26/2019 5:00,274.7608,275
3/26/2019 6:00,281.77845,282
3/26/2019 7:00,313.54937,314
3/26/2019 8:00,386.68749,387
3/26/2019 9:00,380.04881,381
3/26/2019 10:00,382.2142,383
3/26/2019 11:00,461.73101,462
3/26/2019 12:00,476.05519,477
3/26/2019 13:00,503.43311,504
3/26/2019 14:00,473.43845,474
3/26/2019 15:00,482.44859,483
3/26/2019 16:00,513.18244,514
3/26/2019 17:00,451.69359,452
3/26/2019 18:00,498.51173,499
3/26/2019 19:00,509.09213,510
3/26/2019 20:00,497.00842,498
3/26/2019 21:00,507.0197,508
3/26/2019 22:00,498.57585,499
3/26/2019 23:00,462.93621,463
3/27/2019 0:00,452.98045,453
3/27/2019 1:00,368.00439,369
3/27/2019 2:00,322.00205,323
3/27/2019 3:00,287.69025,288
3/27/2019 4:00,289.47647,290
3/27/2019 5:00,271.48517,272
3/27/2019 6:00,272.61536,273
3/27/2019 7:00,316.68668,317
3/27/2019 8:00,367.69413,368
3/27/2019 9:00,410.69493,411
3/27/2019 10:00,463.33222,464
3/27/2019 11:00,456.53758,457
3/27/2019 12:00,495.26602,496
3/27/2019 13:00,514.95791,515
3/27/2019 14:00,499.20498,500
3/27/2019 15:00,511.23954,512
3/27/2019 16:00,507.79511,508
3/27/2019 17:00,498.67803,499
3/27/2019 18:00,507.78782,508
3/27/2019 19:00,510.54894,511
3/27/2019 20:00,509.7377,510
3/27/2019 21:00,520.88823,521
3/27/2019 22:00,493.3802,494
3/27/2019 23:00,488.51542,489
3/28/2019 0:00,456.82173,457
3/28/2019 1:00,410.40914,411
3/28/2019 2:00,357.95512,358
3/28/2019 3:00,318.32968,319
3/28/2019 4:00,303.05598,304
3/28/2019 5:00,310.00848,311
3/28/2019 6:00,334.21646,335
3/28/2019 7:00,317.58758,318
3/28/2019 8:00,375.27751,376
3/28/2019 9:00,470.90189,471
3/28/2019 10:00,536.02013,537
3/28/2019 11:00,541.34941,542
3/28/2019 12:00,567.16339,568
3/28/2019 13:00,631.65769,632
3/28/2019 14:00,598.51827,599
3/28/2019 15:00,613.70138,614
3/28/2019 16:00,584.25799,585
3/28/2019 17:00,575.28482,576
3/28/2019 18:00,563.28471,564
3/28/2019 19:00,547.92804,548
3/28/2019 20:00,527.53698,528
3/28/2019 21:00,558.697,559
3/28/2019 22:00,539.82909,540
3/28/2019 23:00,537.15902,538
3/29/2019 0:00,533.64352,534
3/29/2019 1:00,462.38549,463
3/29/2019 2:00,414.14274,415
3/29/2019 3:00,358.6627,359
3/29/2019 4:00,358.88206,359
3/29/2019 5:00,349.35524,350
3/29/2019 6:00,350.11296,351
3/29/2019 7:00,357.25093,358
3/29/2019 8:00,411.08124,412
3/29/2019 9:00,454.78414,455
3/29/2019 10:00,526.20094,527
3/29/2019 11:00,584.48708,585
3/29/2019 12:00,570.43897,571
3/29/2019 13:00,606.96134,607
3/29/2019 14:00,607.59066,608
3/29/2019 15:00,581.34043,582
3/29/2019 16:00,557.53796,558
3/29/2019 17:00,550.79098,551
3/29/2019 18:00,523.97575,524
3/29/2019 19:00,503.45572,504
3/29/2019 20:00,497.92638,498
3/29/2019 21:00,472.27042,473
3/29/2019 22:00,505.53537,506
3/29/2019 23:00,502.70897,503
3/30/2019 0:00,465.66504,466
3/30/2019 1:00,406.84051,407
3/30/2019 2:00,367.26508,368
3/30/2019 3:00,343.26123,344
3/30/2019 4:00,306.39562,307
3/30/2019 5:00,318.12842,319
3/30/2019 6:00,331.63041,332
3/30/2019 7:00,313.5761,314
3/30/2019 8:00,350.34326,351
3/30/2019 9:00,371.32883,372
3/30/2019 10:00,396.98159,397
3/30/2019 11:00,412.63261,413
3/30/2019 12:00,436.35015,437
3/30/2019 13:00,429.97888,430
3/30/2019 14:00,434.17956,435
3/30/2019 15:00,440.84086,441
3/30/2019 16:00,444.67756,445
3/30/2019 17:00,428.27821,429
3/30/2019 18:00,447.66558,448
3/30/2019 19:00,424.59589,425
3/30/2019 20:00,405.72836,406
3/30/2019 21:00,432.76686,433
3/30/2019 22:00,433.88167,434
3/30/2019 23:00,444.39465,445
3/31/2019 0:00,414.96255,415
3/31/2019 1:00,378.2661,379
3/31/2019 2:00,337.77895,338
3/31/2019 3:00,300.82978,301
3/31/2019 4:00,292.88441,293
3/31/2019 5:00,290.87134,291
3/31/2019 6:00,275.71849,276
3/31/2019 7:00,296.74565,297
3/31/2019 8:00,311.63057,312
3/31/2019 9:00,311.07452,312
3/31/2019 10:00,349.99982,350
3/31/2019 11:00,345.61502,346
3/31/2019 12:00,380.2942,381
3/31/2019 13:00,398.12687,399
3/31/2019 14:00,403.71025,404
3/31/2019 15:00,402.14002,403
3/31/2019 16:00,396.61502,397
3/31/2019 17:00,413.62879,414
3/31/2019 18:00,386.99076,387
3/31/2019 19:00,392.78489,393
3/31/2019 20:00,426.8577,427
3/31/2019 21:00,427.82606,428
3/31/2019 22:00,424.43508,425
3/31/2019 23:00,428.22109,429
4/1/2019 0:00,425.03353,426
4/1/2019 1:00,372.93165,373
4/1/2019 2:00,299.10157,300
4/1/2019 3:00,298.19411,299
4/1/2019 4:00,257.60315,258
4/1/2019 5:00,267.2168,268
4/1/2019 6:00,261.04914,262
4/1/2019 7:00,289.04245,290
4/1/2019 8:00,369.21864,370
4/1/2019 9:00,394.14,395
4/1/2019 10:00,399.25927,400
4/1/2019 11:00,454.31469,455
4/1/2019 12:00,474.553,475
4/1/2019 13:00,507.86785,508
4/1/2019 14:00,514.44574,515
4/1/2019 15:00,486.2867,487
4/1/2019 16:00,478.10042,479
4/1/2019 17:00,476.76487,477
4/1/2019 18:00,421.11251,422
4/1/2019 19:00,464.64054,465
4/1/2019 20:00,449.27971,450
4/1/2019 21:00,406.57449,407
4/1/2019 22:00,369.44122,370
4/1/2019 23:00,423.48623,424
4/2/2019 0:00,392.82636,393
4/2/2019 1:00,336.64067,337
4/2/2019 2:00,289.41308,290
4/2/2019 3:00,276.35792,277
4/2/2019 4:00,260.17433,261
4/2/2019 5:00,265.30521,266
4/2/2019 6:00,243.59358,244
4/2/2019 7:00,288.73351,289
4/2/2019 8:00,341.83351,342
4/2/2019 9:00,365.5058,366
4/2/2019 10:00,334.48127,335
4/2/2019 11:00,412.48845,413
4/2/2019 12:00,416.08328,417
4/2/2019 13:00,479.3547,480
4/2/2019 14:00,421.54906,422
4/2/2019 15:00,363.02407,364
4/2/2019 16:00,435.34857,436
4/2/2019 17:00,382.33799,383
4/2/2019 18:00,371.3402,372
4/2/2019 19:00,345.52054,346
4/2/2019 20:00,338.70161,339
4/2/2019 21:00,350.37578,351
4/2/2019 22:00,377.43544,378
4/2/2019 23:00,376.89924,377
4/3/2019 0:00,345.22444,346
4/3/2019 1:00,335.63144,336
4/3/2019 2:00,289.53363,290
4/3/2019 3:00,279.73416,280
4/3/2019 4:00,269.15112,270
4/3/2019 5:00,246.5265,247
4/3/2019 6:00,272.36212,273
4/3/2019 7:00,263.13701,264
4/3/2019 8:00,278.9697,279
4/3/2019 9:00,268.88567,269
4/3/2019 10:00,334.96976,335
4/3/2019 11:00,420.07024,421
4/3/2019 12:00,364.99318,365
4/3/2019 13:00,446.41986,447
4/3/2019 14:00,358.96391,359
4/3/2019 15:00,449.89392,450
4/3/2019 16:00,339.93442,340
4/3/2019 17:00,340.32363,341
4/3/2019 18:00,359.18925,360
4/3/2019 19:00,334.64791,335
4/3/2019 20:00,322.85382,323
4/3/2019 21:00,382.82744,383
4/3/2019 22:00,330.43684,331
4/3/2019 23:00,377.00715,378
4/4/2019 0:00,338.3901,339
4/4/2019 1:00,345.74289,346
4/4/2019 2:00,313.81415,314
4/4/2019 3:00,263.18019,264
4/4/2019 4:00,292.41818,293
4/4/2019 5:00,277.75604,278
4/4/2019 6:00,284.34488,285
4/4/2019 7:00,273.82091,274
4/4/2019 8:00,265.77957,266
4/4/2019 9:00,266.92944,267
4/4/2019 10:00,290.06483,291
4/4/2019 11:00,315.22223,316
4/4/2019 12:00,327.34527,328
4/4/2019 13:00,440.70326,441
4/4/2019 14:00,449.33915,450
4/4/2019 15:00,454.81679,455
4/4/2019 16:00,350.5066,351
4/4/2019 17:00,428.41787,429
4/4/2019 18:00,347.3125,348
4/4/2019 19:00,353.04439,354
4/4/2019 20:00,341.22449,342
4/4/2019 21:00,335.40095,336
4/4/2019 22:00,338.78793,339
4/4/2019 23:00,336.12662,337
4/5/2019 0:00,352.57466,353
4/5/2019 1:00,333.81287,334
4/5/2019 2:00,288.80811,289
4/5/2019 3:00,307.45751,308
4/5/2019 4:00,263.42159,264
4/5/2019 5:00,254.16925,255
4/5/2019 6:00,237.81982,238
4/5/2019 7:00,248.75534,249
4/5/2019 8:00,307.24144,308
4/5/2019 9:00,275.25016,276
4/5/2019 10:00,382.74889,383
4/5/2019 11:00,280.01329,281
4/5/2019 12:00,320.76784,321
4/5/2019 13:00,397.2505,398
4/5/2019 14:00,310.42606,311
4/5/2019 15:00,383.00118,384
4/5/2019 16:00,294.02926,295
4/5/2019 17:00,372.87562,373
4/5/2019 18:00,318.69478,319
4/5/2019 19:00,306.58557,307
4/5/2019 20:00,380.56463,381
4/5/2019 21:00,335.52322,336
4/5/2019 22:00,372.00784,373
4/5/2019 23:00,371.93103,372
4/6/2019 0:00,369.65136,370
4/6/2019 1:00,312.72286,313
4/6/2019 2:00,307.5851,308
4/6/2019 3:00,253.18686,254
4/6/2019 4:00,250.06982,251
4/6/2019 5:00,246.79371,247
4/6/2019 6:00,239.50498,240
4/6/2019 7:00,246.30453,247
4/6/2019 8:00,238.93635,239
4/6/2019 9:00,260.02387,261
4/6/2019 10:00,290.59465,291
4/6/2019 11:00,307.74071,308
4/6/2019 12:00,322.75617,323
4/6/2019 13:00,344.89638,345
4/6/2019 14:00,326.78606,327
4/6/2019 15:00,319.17864,320
4/6/2019 16:00,325.25975,326
4/6/2019 17:00,336.72021,337
4/6/2019 18:00,346.8413,347
4/6/2019 19:00,378.6177,379
4/6/2019 20:00,370.45043,371
4/6/2019 21:00,350.43057,351
4/6/2019 22:00,375.21453,376
4/6/2019 23:00,357.32331,358
4/7/2019 0:00,345.92222,346
4/7/2019 1:00,314.57152,315
4/7/2019 2:00,309.18743,310
4/7/2019 3:00,276.01706,277
4/7/2019 4:00,283.82312,284
4/7/2019 5:00,248.08331,249
4/7/2019 6:00,255.22798,256
4/7/2019 7:00,249.88466,250
4/7/2019 8:00,275.28615,276
4/7/2019 9:00,296.19553,297
4/7/2019 10:00,329.79063,330
4/7/2019 11:00,314.34895,315
4/7/2019 12:00,338.61225,339
4/7/2019 13:00,344.20394,345
4/7/2019 14:00,395.97437,396
4/7/2019 15:00,405.66155,406
4/7/2019 16:00,396.49777,397
4/7/2019 17:00,408.33445,409
4/7/2019 18:00,423.04911,424
4/7/2019 19:00,437.31866,438
4/7/2019 20:00,428.62755,429
4/7/2019 21:00,468.59524,469
4/7/2019 22:00,489.13306,490
4/7/2019 23:00,481.69369,482
4/8/2019 0:00,481.33161,482
4/8/2019 1:00,395.16378,396
4/8/2019 2:00,365.67003,366
4/8/2019 3:00,342.1596,343
4/8/2019 4:00,317.18051,318
4/8/2019 5:00,311.82675,312
4/8/2019 6:00,322.11064,323
4/8/2019 7:00,319.10891,320
4/8/2019 8:00,386.10829,387
4/8/2019 9:00,513.44994,514
4/8/2019 10:00,508.65435,509
4/8/2019 11:00,520.78741,521
4/8/2019 12:00,592.50737,593
4/8/2019 13:00,575.41654,576
4/8/2019 14:00,569.36438,570
4/8/2019 15:00,586.5007,587
4/8/2019 16:00,597.74054,598
4/8/2019 17:00,550.0417,551
4/8/2019 18:00,563.34832,564
4/8/2019 19:00,572.73555,573
4/8/2019 20:00,585.45453,586
4/8/2019 21:00,603.16083,604
4/8/2019 22:00,604.84062,605
4/8/2019 23:00,607.61252,608
4/9/2019 0:00,567.84574,568
4/9/2019 1:00,514.01209,515
4/9/2019 2:00,460.31279,461
4/9/2019 3:00,414.40261,415
4/9/2019 4:00,389.67337,390
4/9/2019 5:00,373.76749,374
4/9/2019 6:00,365.60045,366
4/9/2019 7:00,378.62635,379
4/9/2019 8:00,453.56652,454
4/9/2019 9:00,529.84901,530
4/9/2019 10:00,568.59378,569
4/9/2019 11:00,575.63015,576
4/9/2019 12:00,614.08223,615
4/9/2019 13:00,691.13659,692
4/9/2019 14:00,632.99012,633
4/9/2019 15:00,636.32627,637
4/9/2019 16:00,634.67472,635
4/9/2019 17:00,598.10801,599
4/9/2019 18:00,610.7166,611
4/9/2019 19:00,654.43323,655
4/9/2019 20:00,693.05916,694
4/9/2019 21:00,672.71464,673
4/9/2019 22:00,653.25218,654
4/9/2019 23:00,684.74784,685
4/10/2019 0:00,649.95157,650
4/10/2019 1:00,593.55143,594
4/10/2019 2:00,516.35734,517
4/10/2019 3:00,484.58428,485
4/10/2019 4:00,439.01644,440
4/10/2019 5:00,423.12702,424
4/10/2019 6:00,416.00484,417
4/10/2019 7:00,462.74402,463
4/10/2019 8:00,509.37731,510
4/10/2019 9:00,647.32243,648
4/10/2019 10:00,603.21841,604
4/10/2019 11:00,596.93514,597
4/10/2019 12:00,678.55557,679
4/10/2019 13:00,607.47397,608
4/10/2019 14:00,636.99013,637
4/10/2019 15:00,677.93901,678
4/10/2019 16:00,600.60861,601
4/10/2019 17:00,610.36107,611
4/10/2019 18:00,579.85013,580
4/10/2019 19:00,565.49597,566
4/10/2019 20:00,576.98553,577
4/10/2019 21:00,594.82572,595
4/10/2019 22:00,573.54664,574
4/10/2019 23:00,546.20775,547
4/11/2019 0:00,494.55172,495
4/11/2019 1:00,443.58184,444
4/11/2019 2:00,389.81159,390
4/11/2019 3:00,368.00914,369
4/11/2019 4:00,347.39938,348
4/11/2019 5:00,335.0099,336
4/11/2019 6:00,341.4002,342
4/11/2019 7:00,353.44328,354
4/11/2019 8:00,396.98716,397
4/11/2019 9:00,447.82584,448
4/11/2019 10:00,512.68171,513
4/11/2019 11:00,569.0119,570
4/11/2019 12:00,559.74649,560
4/11/2019 13:00,571.87501,572
4/11/2019 14:00,580.41474,581
4/11/2019 15:00,558.71933,559
4/11/2019 16:00,524.27213,525
4/11/2019 17:00,514.30958,515
4/11/2019 18:00,497.6579,498
4/11/2019 19:00,508.76322,509
4/11/2019 20:00,500.94498,501
4/11/2019 21:00,515.04415,516
4/11/2019 22:00,503.82059,504
4/11/2019 23:00,489.58473,490
4/12/2019 0:00,463.81991,464
4/12/2019 1:00,401.94764,402
4/12/2019 2:00,378.84557,379
4/12/2019 3:00,332.16447,333
4/12/2019 4:00,320.42326,321
4/12/2019 5:00,315.91526,316
4/12/2019 6:00,301.45607,302
4/12/2019 7:00,325.20305,326
4/12/2019 8:00,404.23185,405
4/12/2019 9:00,414.64649,415
4/12/2019 10:00,461.88802,462
4/12/2019 11:00,479.27263,480
4/12/2019 12:00,488.09006,489
4/12/2019 13:00,515.04501,516
4/12/2019 14:00,479.71807,480
4/12/2019 15:00,468.89123,469
4/12/2019 16:00,489.70148,490
4/12/2019 17:00,504.48704,505
4/12/2019 18:00,471.13807,472
4/12/2019 19:00,464.42439,465
4/12/2019 20:00,496.7945,497
4/12/2019 21:00,482.53447,483
4/12/2019 22:00,453.13635,454
4/12/2019 23:00,452.96096,453
4/13/2019 0:00,470.55016,471
4/13/2019 1:00,405.64499,406
4/13/2019 2:00,360.10008,361
4/13/2019 3:00,315.66652,316
4/13/2019 4:00,305.50022,306
4/13/2019 5:00,295.50796,296
4/13/2019 6:00,301.57347,302
4/13/2019 7:00,302.37152,303
4/13/2019 8:00,325.50438,326
4/13/2019 9:00,354.99688,355
4/13/2019 10:00,399.96723,400
4/13/2019 11:00,425.40685,426
4/13/2019 12:00,443.90492,444
4/13/2019 13:00,435.68827,436
4/13/2019 14:00,489.28266,490
4/13/2019 15:00,475.81301,476
4/13/2019 16:00,454.63621,455
4/13/2019 17:00,469.59497,470
4/13/2019 18:00,451.53797,452
4/13/2019 19:00,427.14476,428
4/13/2019 20:00,451.30632,452
4/13/2019 21:00,483.60382,484
4/13/2019 22:00,475.75336,476
4/13/2019 23:00,454.73644,455
4/14/2019 0:00,446.82619,447
4/14/2019 1:00,419.64232,420
4/14/2019 2:00,381.50691,382
4/14/2019 3:00,350.50693,351
4/14/2019 4:00,335.79451,336
4/14/2019 5:00,330.21922,331
4/14/2019 6:00,313.93015,314
4/14/2019 7:00,331.05754,332
4/14/2019 8:00,341.78054,342
4/14/2019 9:00,375.44347,376
4/14/2019 10:00,391.72683,392
4/14/2019 11:00,396.86557,397
4/14/2019 12:00,447.97576,448
4/14/2019 13:00,434.54335,435
4/14/2019 14:00,449.95903,450
4/14/2019 15:00,451.3556,452
4/14/2019 16:00,448.27097,449
4/14/2019 17:00,455.12516,456
4/14/2019 18:00,448.3517,449
4/14/2019 19:00,467.79447,468
4/14/2019 20:00,479.96334,480
4/14/2019 21:00,491.51341,492
4/14/2019 22:00,502.71082,503
4/14/2019 23:00,489.73324,490
4/15/2019 0:00,470.41853,471
4/15/2019 1:00,446.08112,447
4/15/2019 2:00,363.58895,364
4/15/2019 3:00,353.08685,354
4/15/2019 4:00,325.93884,326
4/15/2019 5:00,315.67473,316
4/15/2019 6:00,301.00477,302
4/15/2019 7:00,355.62618,356
4/15/2019 8:00,380.17243,381
4/15/2019 9:00,424.3078,425
4/15/2019 10:00,453.90879,454
4/15/2019 11:00,483.59338,484
4/15/2019 12:00,490.19295,491
4/15/2019 13:00,526.12001,527
4/15/2019 14:00,467.71269,468
4/15/2019 15:00,488.55202,489
4/15/2019 16:00,487.40763,488
4/15/2019 17:00,494.08423,495
4/15/2019 18:00,490.02981,491
4/15/2019 19:00,496.80803,497
4/15/2019 20:00,490.99567,491
4/15/2019 21:00,494.56915,495
4/15/2019 22:00,506.52256,507
4/15/2019 23:00,490.30579,491
4/16/2019 0:00,450.26301,451
4/16/2019 1:00,396.87868,397
4/16/2019 2:00,348.18748,349
4/16/2019 3:00,320.1477,321
4/16/2019 4:00,310.01198,311
4/16/2019 5:00,303.24439,304
4/16/2019 6:00,289.0335,290
4/16/2019 7:00,307.39323,308
4/16/2019 8:00,384.70418,385
4/16/2019 9:00,443.23987,444
4/16/2019 10:00,478.27983,479
4/16/2019 11:00,482.05458,483
4/16/2019 12:00,515.07627,516
4/16/2019 13:00,504.71909,505
4/16/2019 14:00,518.81767,519
4/16/2019 15:00,493.22774,494
4/16/2019 16:00,481.76794,482
4/16/2019 17:00,494.20831,495
4/16/2019 18:00,477.36553,478
4/16/2019 19:00,482.87532,483
4/16/2019 20:00,508.17822,509
4/16/2019 21:00,520.68853,521
4/16/2019 22:00,504.19099,505
4/16/2019 23:00,460.96053,461
4/17/2019 0:00,437.78712,438
4/17/2019 1:00,391.93366,392
4/17/2019 2:00,346.49668,347
4/17/2019 3:00,313.23296,314
4/17/2019 4:00,310.22409,311
4/17/2019 5:00,293.62436,294
4/17/2019 6:00,297.92812,298
4/17/2019 7:00,317.87721,318
4/17/2019 8:00,354.95339,355
4/17/2019 9:00,447.78011,448
4/17/2019 10:00,451.05553,452
4/17/2019 11:00,488.5816,489
4/17/2019 12:00,496.10672,497
4/17/2019 13:00,507.15696,508
4/17/2019 14:00,570.43578,571
4/17/2019 15:00,520.47328,521
4/17/2019 16:00,539.89239,540
4/17/2019 17:00,525.81072,526
4/17/2019 18:00,522.35944,523
4/17/2019 19:00,536.29399,537
4/17/2019 20:00,526.50992,527
4/17/2019 21:00,545.97934,546
4/17/2019 22:00,523.9917,524
4/17/2019 23:00,534.3047,535
4/18/2019 0:00,475.19271,476
4/18/2019 1:00,415.50603,416
4/18/2019 2:00,377.49328,378
4/18/2019 3:00,344.18098,345
4/18/2019 4:00,340.25439,341
4/18/2019 5:00,321.52595,322
4/18/2019 6:00,320.97558,321
4/18/2019 7:00,346.52564,347
4/18/2019 8:00,410.8739,411
4/18/2019 9:00,441.77806,442
4/18/2019 10:00,518.94722,519
4/18/2019 11:00,571.00843,572
4/18/2019 12:00,551.19686,552
4/18/2019 13:00,564.57476,565
4/18/2019 14:00,572.21914,573
4/18/2019 15:00,609.83772,610
4/18/2019 16:00,612.41846,613
4/18/2019 17:00,597.55001,598
4/18/2019 18:00,543.00043,544
4/18/2019 19:00,528.53138,529
4/18/2019 20:00,533.31707,534
4/18/2019 21:00,521.51008,522
4/18/2019 22:00,539.46978,540
4/18/2019 23:00,539.51238,540
4/19/2019 0:00,537.17206,538
4/19/2019 1:00,473.00554,474
4/19/2019 2:00,444.28692,445
4/19/2019 3:00,383.27951,384
4/19/2019 4:00,374.7051,375
4/19/2019 5:00,363.14976,364
4/19/2019 6:00,346.21969,347
4/19/2019 7:00,377.3931,378
4/19/2019 8:00,414.24388,415
4/19/2019 9:00,504.38645,505
4/19/2019 10:00,532.77987,533
4/19/2019 11:00,582.59402,583
4/19/2019 12:00,603.88148,604
4/19/2019 13:00,578.94022,579
4/19/2019 14:00,620.39887,621
4/19/2019 15:00,555.50847,556
4/19/2019 16:00,597.78481,598
4/19/2019 17:00,567.97531,568
4/19/2019 18:00,566.27055,567
4/19/2019 19:00,511.66775,512
4/19/2019 20:00,525.66064,526
4/19/2019 21:00,514.32524,515
4/19/2019 22:00,541.59434,542
4/19/2019 23:00,550.16368,551
4/20/2019 0:00,527.17559,528
4/20/2019 1:00,504.18387,505
4/20/2019 2:00,440.98169,441
4/20/2019 3:00,398.83945,399
4/20/2019 4:00,377.93548,378
4/20/2019 5:00,357.10192,358
4/20/2019 6:00,352.80304,353
4/20/2019 7:00,353.54993,354
4/20/2019 8:00,377.18109,378
4/20/2019 9:00,379.25887,380
4/20/2019 10:00,394.75033,395
4/20/2019 11:00,440.07988,441
4/20/2019 12:00,481.3659,482
4/20/2019 13:00,506.40616,507
4/20/2019 14:00,515.81453,516
4/20/2019 15:00,515.02628,516
4/20/2019 16:00,473.41616,474
4/20/2019 17:00,484.43298,485
4/20/2019 18:00,505.10176,506
4/20/2019 19:00,475.70705,476
4/20/2019 20:00,468.38723,469
4/20/2019 21:00,498.068,499
4/20/2019 22:00,513.80835,514
4/20/2019 23:00,529.70287,530
4/21/2019 0:00,532.08565,533
4/21/2019 1:00,494.32989,495
4/21/2019 2:00,448.34028,449
4/21/2019 3:00,407.61544,408
4/21/2019 4:00,373.53681,374
4/21/2019 5:00,353.26177,354
4/21/2019 6:00,346.77852,347
4/21/2019 7:00,360.99022,361
4/21/2019 8:00,379.44195,380
4/21/2019 9:00,389.25458,390
4/21/2019 10:00,426.62711,427
4/21/2019 11:00,429.48633,430
4/21/2019 12:00,420.36775,421
4/21/2019 13:00,473.82178,474
4/21/2019 14:00,490.62562,491
4/21/2019 15:00,485.95417,486
4/21/2019 16:00,485.11079,486
4/21/2019 17:00,489.83077,490
4/21/2019 18:00,481.56933,482
4/21/2019 19:00,501.6022,502
4/21/2019 20:00,527.35796,528
4/21/2019 21:00,553.93995,554
4/21/2019 22:00,579.32662,580
4/21/2019 23:00,606.30476,607
4/22/2019 0:00,590.69425,591
4/22/2019 1:00,511.49558,512
4/22/2019 2:00,452.3582,453
4/22/2019 3:00,431.30874,432
4/22/2019 4:00,396.17672,397
4/22/2019 5:00,383.50022,384
4/22/2019 6:00,372.59064,373
4/22/2019 7:00,393.78874,394
4/22/2019 8:00,466.94429,467
4/22/2019 9:00,556.11606,557
4/22/2019 10:00,562.16025,563
4/22/2019 11:00,602.82928,603
4/22/2019 12:00,657.82506,658
4/22/2019 13:00,658.61183,659
4/22/2019 14:00,672.08425,673
4/22/2019 15:00,673.7857,674
4/22/2019 16:00,617.34971,618
4/22/2019 17:00,617.17365,618
4/22/2019 18:00,621.32771,622
4/22/2019 19:00,626.60815,627
4/22/2019 20:00,628.67589,629
4/22/2019 21:00,657.39838,658
4/22/2019 22:00,662.8174,663
4/22/2019 23:00,681.73099,682
4/23/2019 0:00,673.32162,674
4/23/2019 1:00,595.25122,596
4/23/2019 2:00,528.12247,529
4/23/2019 3:00,484.04477,485
4/23/2019 4:00,461.76328,462
4/23/2019 5:00,436.80521,437
4/23/2019 6:00,412.28889,413
4/23/2019 7:00,423.85188,424
4/23/2019 8:00,480.95673,481
4/23/2019 9:00,597.46095,598
4/23/2019 10:00,586.12226,587
4/23/2019 11:00,619.81266,620
4/23/2019 12:00,720.7677,721
4/23/2019 13:00,759.2347,760
4/23/2019 14:00,686.8022,687
4/23/2019 15:00,704.93839,705
4/23/2019 16:00,754.30406,755
4/23/2019 17:00,664.80148,665
4/23/2019 18:00,684.98473,685
4/23/2019 19:00,626.23647,627
4/23/2019 20:00,672.50514,673
4/23/2019 21:00,692.92664,693
4/23/2019 22:00,730.41553,731
4/23/2019 23:00,734.8148,735
4/24/2019 0:00,720.31805,721
4/24/2019 1:00,671.83116,672
4/24/2019 2:00,583.85577,584
4/24/2019 3:00,528.56164,529
4/24/2019 4:00,491.81798,492
4/24/2019 5:00,479.04227,480
4/24/2019 6:00,463.36206,464
4/24/2019 7:00,489.55747,490
4/24/2019 8:00,554.94059,555
4/24/2019 9:00,608.90532,609
4/24/2019 10:00,639.19671,640
4/24/2019 11:00,649.55934,650
4/24/2019 12:00,668.14956,669
4/24/2019 13:00,643.98169,644
4/24/2019 14:00,703.24844,704
4/24/2019 15:00,712.65768,713
4/24/2019 16:00,699.81122,700
4/24/2019 17:00,678.85813,679
4/24/2019 18:00,690.59405,691
4/24/2019 19:00,690.54105,691
4/24/2019 20:00,657.41299,658
4/24/2019 21:00,711.09199,712
4/24/2019 22:00,735.0121,736
4/24/2019 23:00,756.43154,757
4/25/2019 0:00,756.65372,757
4/25/2019 1:00,686.28924,687
4/25/2019 2:00,607.44423,608
4/25/2019 3:00,565.01103,566
4/25/2019 4:00,547.11828,548
4/25/2019 5:00,501.45539,502
4/25/2019 6:00,486.8861,487
4/25/2019 7:00,507.19967,508
4/25/2019 8:00,516.38507,517
4/25/2019 9:00,659.35109,660
4/25/2019 10:00,601.59135,602
4/25/2019 11:00,691.83207,692
4/25/2019 12:00,656.68666,657
4/25/2019 13:00,744.61765,745
4/25/2019 14:00,670.33379,671
4/25/2019 15:00,771.52776,772
4/25/2019 16:00,728.0872,729
4/25/2019 17:00,699.62657,700
4/25/2019 18:00,629.2152,630
4/25/2019 19:00,656.5455,657
4/25/2019 20:00,674.2283,675
4/25/2019 21:00,690.32173,691
4/25/2019 22:00,728.42285,729
4/25/2019 23:00,780.50615,781
4/26/2019 0:00,747.10447,748
4/26/2019 1:00,673.15853,674
4/26/2019 2:00,617.3889,618
4/26/2019 3:00,551.09152,552
4/26/2019 4:00,515.45561,516
4/26/2019 5:00,491.04476,492
4/26/2019 6:00,462.00751,463
4/26/2019 7:00,461.91859,462
4/26/2019 8:00,511.33144,512
4/26/2019 9:00,572.39791,573
4/26/2019 10:00,589.60392,590
4/26/2019 11:00,649.20107,650
4/26/2019 12:00,607.23822,608
4/26/2019 13:00,675.75531,676
4/26/2019 14:00,706.99404,707
4/26/2019 15:00,707.66792,708
4/26/2019 16:00,694.04098,695
4/26/2019 17:00,725.87679,726
4/26/2019 18:00,625.54855,626
4/26/2019 19:00,599.49576,600
4/26/2019 20:00,608.30319,609
4/26/2019 21:00,602.66924,603
4/26/2019 22:00,606.22998,607
4/26/2019 23:00,654.89377,655
4/27/2019 0:00,637.17631,638
4/27/2019 1:00,602.54168,603
4/27/2019 2:00,541.02319,542
4/27/2019 3:00,515.78845,516
4/27/2019 4:00,476.55938,477
4/27/2019 5:00,448.11801,449
4/27/2019 6:00,426.21058,427
4/27/2019 7:00,415.59929,416
4/27/2019 8:00,457.95075,458
4/27/2019 9:00,449.91461,450
4/27/2019 10:00,462.35138,463
4/27/2019 11:00,485.58885,486
4/27/2019 12:00,503.13517,504
4/27/2019 13:00,497.60255,498
4/27/2019 14:00,508.15177,509
4/27/2019 15:00,489.90097,490
4/27/2019 16:00,457.79117,458
4/27/2019 17:00,471.82609,472
4/27/2019 18:00,478.32487,479
4/27/2019 19:00,461.69109,462
4/27/2019 20:00,470.44562,471
4/27/2019 21:00,504.94937,505
4/27/2019 22:00,524.86207,525
4/27/2019 23:00,540.90251,541
4/28/2019 0:00,523.81346,524
4/28/2019 1:00,508.17298,509
4/28/2019 2:00,485.77993,486
4/28/2019 3:00,425.8796,426
4/28/2019 4:00,414.74838,415
4/28/2019 5:00,396.89741,397
4/28/2019 6:00,383.92797,384
4/28/2019 7:00,390.62901,391
4/28/2019 8:00,416.85209,417
4/28/2019 9:00,426.30023,427
4/28/2019 10:00,480.14186,481
4/28/2019 11:00,454.29839,455
4/28/2019 12:00,473.4947,474
4/28/2019 13:00,468.97453,469
4/28/2019 14:00,509.24691,510
4/28/2019 15:00,518.00183,519
4/28/2019 16:00,493.2234,494
4/28/2019 17:00,506.42189,507
4/28/2019 18:00,503.38338,504
4/28/2019 19:00,528.41827,529
4/28/2019 20:00,529.44974,530
4/28/2019 21:00,570.39474,571
4/28/2019 22:00,588.40627,589
4/28/2019 23:00,592.70545,593
4/29/2019 0:00,589.35075,590
4/29/2019 1:00,517.21737,518
4/29/2019 2:00,474.10959,475
4/29/2019 3:00,435.71959,436
4/29/2019 4:00,420.2718,421
4/29/2019 5:00,387.48321,388
4/29/2019 6:00,384.2755,385
4/29/2019 7:00,422.53081,423
4/29/2019 8:00,498.82603,499
4/29/2019 9:00,531.18284,532
4/29/2019 10:00,601.60004,602
4/29/2019 11:00,634.99032,635
4/29/2019 12:00,691.93351,692
4/29/2019 13:00,684.77332,685
4/29/2019 14:00,692.08169,693
4/29/2019 15:00,672.6627,673
4/29/2019 16:00,648.0187,649
4/29/2019 17:00,658.88768,659
4/29/2019 18:00,600.26763,601
4/29/2019 19:00,645.32039,646
4/29/2019 20:00,617.02833,618
4/29/2019 21:00,660.64687,661
4/29/2019 22:00,691.22018,692
4/29/2019 23:00,703.61701,704
4/30/2019 0:00,683.13087,684
4/30/2019 1:00,609.01834,610
4/30/2019 2:00,550.83682,551
4/30/2019 3:00,503.28651,504
4/30/2019 4:00,469.22057,470
4/30/2019 5:00,440.43695,441
4/30/2019 6:00,448.69052,449
4/30/2019 7:00,463.07694,464
4/30/2019 8:00,533.01994,534
4/30/2019 9:00,601.69748,602
4/30/2019 10:00,629.79001,630
4/30/2019 11:00,684.67043,685
4/30/2019 12:00,715.91691,716
4/30/2019 13:00,719.20676,720
4/30/2019 14:00,711.61082,712
4/30/2019 15:00,722.9645,723
4/30/2019 16:00,695.82119,696
4/30/2019 17:00,675.63231,676
4/30/2019 18:00,687.90709,688
4/30/2019 19:00,674.28474,675
4/30/2019 20:00,645.39436,646
4/30/2019 21:00,653.54624,654
4/30/2019 22:00,711.59356,712
4/30/2019 23:00,700.97726,701
5/1/2019 0:00,662.51725,663
5/1/2019 1:00,617.66504,618
5/1/2019 2:00,545.41686,546
5/1/2019 3:00,489.62398,490
5/1/2019 4:00,463.0307,464
5/1/2019 5:00,439.59331,440
5/1/2019 6:00,418.38757,419
5/1/2019 7:00,427.32676,428
5/1/2019 8:00,443.53156,444
5/1/2019 9:00,487.45033,488
5/1/2019 10:00,543.30832,544
5/1/2019 11:00,554.73971,555
5/1/2019 12:00,599.30554,600
5/1/2019 13:00,589.11975,590
5/1/2019 14:00,580.80074,581
5/1/2019 15:00,572.61543,573
5/1/2019 16:00,544.15692,545
5/1/2019 17:00,522.23825,523
5/1/2019 18:00,524.85848,525
5/1/2019 19:00,550.25383,551
5/1/2019 20:00,528.20761,529
5/1/2019 21:00,529.41745,530
5/1/2019 22:00,516.42458,517
5/1/2019 23:00,524.30031,525
5/2/2019 0:00,519.41098,520
5/2/2019 1:00,464.66182,465
5/2/2019 2:00,400.72705,401
5/2/2019 3:00,361.3992,362
5/2/2019 4:00,360.97248,361
5/2/2019 5:00,333.73217,334
5/2/2019 6:00,393.48832,394
5/2/2019 7:00,386.56127,387
5/2/2019 8:00,426.36438,427
5/2/2019 9:00,481.67309,482
5/2/2019 10:00,507.5068,508
5/2/2019 11:00,590.18131,591
5/2/2019 12:00,538.15076,539
5/2/2019 13:00,577.61915,578
5/2/2019 14:00,556.59869,557
5/2/2019 15:00,600.08939,601
5/2/2019 16:00,544.54083,545
5/2/2019 17:00,542.73904,543
5/2/2019 18:00,520.66281,521
5/2/2019 19:00,507.65371,508
5/2/2019 20:00,480.68381,481
5/2/2019 21:00,471.60847,472
5/2/2019 22:00,499.30777,500
5/2/2019 23:00,469.12108,470
5/3/2019 0:00,438.06564,439
5/3/2019 1:00,409.58904,410
5/3/2019 2:00,360.45742,361
5/3/2019 3:00,337.6392,338
5/3/2019 4:00,318.72536,319
5/3/2019 5:00,299.16606,300
5/3/2019 6:00,291.2117,292
5/3/2019 7:00,322.2516,323
5/3/2019 8:00,358.97652,359
5/3/2019 9:00,443.40961,444
5/3/2019 10:00,454.16344,455
5/3/2019 11:00,468.41449,469
5/3/2019 12:00,501.7195,502
5/3/2019 13:00,463.93514,464
5/3/2019 14:00,475.97842,476
5/3/2019 15:00,504.88671,505
5/3/2019 16:00,525.20513,526
5/3/2019 17:00,481.29473,482
5/3/2019 18:00,454.24019,455
5/3/2019 19:00,441.60833,442
5/3/2019 20:00,420.80231,421
5/3/2019 21:00,455.77332,456
5/3/2019 22:00,471.64686,472
5/3/2019 23:00,476.24535,477
5/4/2019 0:00,414.86314,415
5/4/2019 1:00,395.28081,396
5/4/2019 2:00,353.89886,354
5/4/2019 3:00,335.1564,336
5/4/2019 4:00,315.18055,316
5/4/2019 5:00,312.20523,313
5/4/2019 6:00,308.11028,309
5/4/2019 7:00,304.97604,305
5/4/2019 8:00,328.03427,329
5/4/2019 9:00,371.54476,372
5/4/2019 10:00,357.28668,358
5/4/2019 11:00,387.95813,388
5/4/2019 12:00,412.38098,413
5/4/2019 13:00,414.34259,415
5/4/2019 14:00,443.05805,444
5/4/2019 15:00,422.0016,423
5/4/2019 16:00,451.05885,452
5/4/2019 17:00,450.14572,451
5/4/2019 18:00,439.59928,440
5/4/2019 19:00,427.10437,428
5/4/2019 20:00,434.43651,435
5/4/2019 21:00,441.79549,442
5/4/2019 22:00,450.12338,451
5/4/2019 23:00,469.78405,470
5/5/2019 0:00,444.35627,445
5/5/2019 1:00,399.84886,400
5/5/2019 2:00,378.59352,379
5/5/2019 3:00,320.67628,321
5/5/2019 4:00,304.45052,305
5/5/2019 5:00,293.40219,294
5/5/2019 6:00,293.72213,294
5/5/2019 7:00,307.07878,308
5/5/2019 8:00,309.82549,310
5/5/2019 9:00,339.75919,340
5/5/2019 10:00,332.37771,333
5/5/2019 11:00,360.36567,361
5/5/2019 12:00,420.17563,421
5/5/2019 13:00,425.74106,426
5/5/2019 14:00,421.20211,422
5/5/2019 15:00,440.90237,441
5/5/2019 16:00,461.16537,462
5/5/2019 17:00,457.98052,458
5/5/2019 18:00,488.79353,489
5/5/2019 19:00,486.84151,487
5/5/2019 20:00,492.52467,493
5/5/2019 21:00,485.13395,486
5/5/2019 22:00,524.39611,525
5/5/2019 23:00,522.99737,523
5/6/2019 0:00,481.50431,482
5/6/2019 1:00,446.31397,447
5/6/2019 2:00,393.36762,394
5/6/2019 3:00,348.68586,349
5/6/2019 4:00,347.98184,348
5/6/2019 5:00,328.49389,329
5/6/2019 6:00,315.75968,316
5/6/2019 7:00,350.55131,351
5/6/2019 8:00,391.231,392
5/6/2019 9:00,449.45221,450
5/6/2019 10:00,467.88845,468
5/6/2019 11:00,516.01855,517
5/6/2019 12:00,563.066,564
5/6/2019 13:00,544.88578,545
5/6/2019 14:00,517.60874,518
5/6/2019 15:00,531.80815,532
5/6/2019 16:00,485.73657,486
5/6/2019 17:00,514.22333,515
5/6/2019 18:00,499.04615,500
5/6/2019 19:00,492.92729,493
5/6/2019 20:00,480.30012,481
5/6/2019 21:00,496.4823,497
5/6/2019 22:00,504.2573,505
5/6/2019 23:00,497.23783,498
5/7/2019 0:00,477.26692,478
5/7/2019 1:00,409.20387,410
5/7/2019 2:00,371.71721,372
5/7/2019 3:00,335.72637,336
5/7/2019 4:00,323.54743,324
5/7/2019 5:00,316.26951,317
5/7/2019 6:00,315.12382,316
5/7/2019 7:00,330.87652,331
5/7/2019 8:00,395.38754,396
5/7/2019 9:00,437.62952,438
5/7/2019 10:00,480.91231,481
5/7/2019 11:00,512.24256,513
5/7/2019 12:00,514.0677,515
5/7/2019 13:00,534.70398,535
5/7/2019 14:00,516.69149,517
5/7/2019 15:00,511.74568,512
5/7/2019 16:00,507.40177,508
5/7/2019 17:00,478.56541,479
5/7/2019 18:00,489.57612,490
5/7/2019 19:00,478.36836,479
5/7/2019 20:00,497.80459,498
5/7/2019 21:00,510.48972,511
5/7/2019 22:00,499.99891,500
5/7/2019 23:00,474.21534,475
5/8/2019 0:00,446.53514,447
5/8/2019 1:00,398.59182,399
5/8/2019 2:00,359.67741,360
5/8/2019 3:00,350.21957,351
5/8/2019 4:00,314.29309,315
5/8/2019 5:00,286.69883,287
5/8/2019 6:00,290.50933,291
5/8/2019 7:00,311.83081,312
5/8/2019 8:00,380.77082,381
5/8/2019 9:00,432.98844,433
5/8/2019 10:00,452.12995,453
5/8/2019 11:00,490.3484,491
5/8/2019 12:00,503.43808,504
5/8/2019 13:00,528.86794,529
5/8/2019 14:00,559.74671,560
5/8/2019 15:00,542.77795,543
5/8/2019 16:00,530.11035,531
5/8/2019 17:00,507.48883,508
5/8/2019 18:00,515.08259,516
5/8/2019 19:00,504.23598,505
5/8/2019 20:00,504.6269,505
5/8/2019 21:00,490.039,491
5/8/2019 22:00,506.70131,507
5/8/2019 23:00,512.01897,513
5/9/2019 0:00,486.32217,487
5/9/2019 1:00,441.80187,442
5/9/2019 2:00,374.66804,375
5/9/2019 3:00,346.36182,347
5/9/2019 4:00,323.11416,324
5/9/2019 5:00,323.15177,324
5/9/2019 6:00,313.35568,314
5/9/2019 7:00,342.62187,343
5/9/2019 8:00,406.88327,407
5/9/2019 9:00,461.66719,462
5/9/2019 10:00,489.50226,490
5/9/2019 11:00,511.40559,512
5/9/2019 12:00,526.1939,527
5/9/2019 13:00,566.99034,567
5/9/2019 14:00,573.9614,574
5/9/2019 15:00,564.67311,565
5/9/2019 16:00,527.53602,528
5/9/2019 17:00,511.59424,512
5/9/2019 18:00,494.15601,495
5/9/2019 19:00,493.49812,494
5/9/2019 20:00,496.86058,497
5/9/2019 21:00,510.17271,511
5/9/2019 22:00,494.05245,495
5/9/2019 23:00,516.69092,517
5/10/2019 0:00,474.14812,475
5/10/2019 1:00,427.60509,428
5/10/2019 2:00,379.20973,380
5/10/2019 3:00,348.63208,349
5/10/2019 4:00,330.64916,331
5/10/2019 5:00,317.59451,318
5/10/2019 6:00,312.13943,313
5/10/2019 7:00,335.256,336
5/10/2019 8:00,368.68888,369
5/10/2019 9:00,429.77842,430
5/10/2019 10:00,478.12982,479
5/10/2019 11:00,514.51104,515
5/10/2019 12:00,513.74525,514
5/10/2019 13:00,539.72892,540
5/10/2019 14:00,516.0545,517
5/10/2019 15:00,533.86115,534
5/10/2019 16:00,526.95141,527
5/10/2019 17:00,476.417,477
5/10/2019 18:00,448.46477,449
5/10/2019 19:00,435.31876,436
5/10/2019 20:00,436.08625,437
5/10/2019 21:00,436.94146,437
5/10/2019 22:00,462.02085,463
5/10/2019 23:00,437.26546,438
5/11/2019 0:00,456.03253,457
5/11/2019 1:00,416.53219,417
5/11/2019 2:00,369.66267,370
5/11/2019 3:00,341.72653,342
5/11/2019 4:00,322.25877,323
5/11/2019 5:00,312.73765,313
5/11/2019 6:00,303.17625,304
5/11/2019 7:00,294.40251,295
5/11/2019 8:00,310.874,311
5/11/2019 9:00,348.93503,349
5/11/2019 10:00,372.3485,373
5/11/2019 11:00,383.00178,384
5/11/2019 12:00,413.95078,414
5/11/2019 13:00,418.58598,419
5/11/2019 14:00,429.64043,430
5/11/2019 15:00,433.93159,434
5/11/2019 16:00,413.43818,414
5/11/2019 17:00,431.18322,432
5/11/2019 18:00,404.22862,405
5/11/2019 19:00,403.49439,404
5/11/2019 20:00,400.10131,401
5/11/2019 21:00,400.91834,401
5/11/2019 22:00,428.83497,429
5/11/2019 23:00,416.18203,417
5/12/2019 0:00,426.7694,427
5/12/2019 1:00,379.59159,380
5/12/2019 2:00,376.17946,377
5/12/2019 3:00,327.38306,328
5/12/2019 4:00,310.1595,311
5/12/2019 5:00,316.18188,317
5/12/2019 6:00,298.12185,299
5/12/2019 7:00,313.19725,314
5/12/2019 8:00,317.03858,318
5/12/2019 9:00,335.10919,336
5/12/2019 10:00,357.09402,358
5/12/2019 11:00,354.01939,355
5/12/2019 12:00,413.18846,414
5/12/2019 13:00,417.40393,418
5/12/2019 14:00,461.43543,462
5/12/2019 15:00,483.73209,484
5/12/2019 16:00,485.79185,486
5/12/2019 17:00,488.14273,489
5/12/2019 18:00,457.86526,458
5/12/2019 19:00,459.16981,460
5/12/2019 20:00,497.42523,498
5/12/2019 21:00,507.30094,508
5/12/2019 22:00,534.28003,535
5/12/2019 23:00,544.21338,545
5/13/2019 0:00,562.00122,563
5/13/2019 1:00,502.18949,503
5/13/2019 2:00,437.14905,438
5/13/2019 3:00,415.51172,416
5/13/2019 4:00,398.53198,399
5/13/2019 5:00,376.83398,377
5/13/2019 6:00,382.34254,383
5/13/2019 7:00,383.96136,384
5/13/2019 8:00,493.84394,494
5/13/2019 9:00,520.95641,521
5/13/2019 10:00,562.48643,563
5/13/2019 11:00,657.27722,658
5/13/2019 12:00,754.28115,755
5/13/2019 13:00,729.46019,730
5/13/2019 14:00,733.78209,734
5/13/2019 15:00,693.23797,694
5/13/2019 16:00,733.28008,734
5/13/2019 17:00,684.85094,685
5/13/2019 18:00,666.14882,667
5/13/2019 19:00,634.36824,635
5/13/2019 20:00,644.07587,645
5/13/2019 21:00,655.00148,656
5/13/2019 22:00,687.12536,688
5/13/2019 23:00,702.64449,703
5/14/2019 0:00,687.80007,688
5/14/2019 1:00,607.31979,608
5/14/2019 2:00,553.02644,554
5/14/2019 3:00,511.56914,512
5/14/2019 4:00,475.05073,476
5/14/2019 5:00,456.7894,457
5/14/2019 6:00,430.20521,431
5/14/2019 7:00,439.47273,440
5/14/2019 8:00,565.96358,566
5/14/2019 9:00,559.55582,560
5/14/2019 10:00,647.2771,648
5/14/2019 11:00,652.64399,653
5/14/2019 12:00,673.03145,674
5/14/2019 13:00,744.90567,745
5/14/2019 14:00,668.29733,669
5/14/2019 15:00,715.65808,716
5/14/2019 16:00,716.39048,717
5/14/2019 17:00,715.26541,716
5/14/2019 18:00,616.16764,617
5/14/2019 19:00,599.0274,600
5/14/2019 20:00,607.39649,608
5/14/2019 21:00,623.36298,624
5/14/2019 22:00,634.2388,635
5/14/2019 23:00,647.73644,648
5/15/2019 0:00,648.68354,649
5/15/2019 1:00,583.85283,584
5/15/2019 2:00,527.31223,528
5/15/2019 3:00,501.32708,502
5/15/2019 4:00,459.34007,460
5/15/2019 5:00,443.1581,444
5/15/2019 6:00,432.04845,433
5/15/2019 7:00,444.18944,445
5/15/2019 8:00,487.08986,488
5/15/2019 9:00,591.96343,592
5/15/2019 10:00,652.87362,653
5/15/2019 11:00,693.1045,694
5/15/2019 12:00,653.00515,654
5/15/2019 13:00,680.48938,681
5/15/2019 14:00,747.93682,748
5/15/2019 15:00,695.53895,696
5/15/2019 16:00,675.19253,676
5/15/2019 17:00,594.60566,595
5/15/2019 18:00,584.03791,585
5/15/2019 19:00,604.44099,605
5/15/2019 20:00,628.3817,629
5/15/2019 21:00,625.43365,626
5/15/2019 22:00,638.50536,639
5/15/2019 23:00,685.56361,686
5/16/2019 0:00,695.48528,696
5/16/2019 1:00,622.69853,623
5/16/2019 2:00,572.05844,573
5/16/2019 3:00,544.94713,545
5/16/2019 4:00,479.7002,480
5/16/2019 5:00,458.70876,459
5/16/2019 6:00,445.74459,446
5/16/2019 7:00,466.37543,467
5/16/2019 8:00,547.96668,548
5/16/2019 9:00,619.82457,620
5/16/2019 10:00,715.96336,716
5/16/2019 11:00,701.24735,702
5/16/2019 12:00,676.82377,677
5/16/2019 13:00,736.85426,737
5/16/2019 14:00,733.73882,734
5/16/2019 15:00,815.4077,816
5/16/2019 16:00,778.7106,779
5/16/2019 17:00,686.22614,687
5/16/2019 18:00,692.03744,693
5/16/2019 19:00,673.846,674
5/16/2019 20:00,663.91406,664
5/16/2019 21:00,740.03671,741
5/16/2019 22:00,786.88302,787
5/16/2019 23:00,732.88691,733
5/17/2019 0:00,742.18937,743
5/17/2019 1:00,674.4629,675
5/17/2019 2:00,616.56894,617
5/17/2019 3:00,549.38108,550
5/17/2019 4:00,525.52675,526
5/17/2019 5:00,500.40695,501
5/17/2019 6:00,476.1089,477
5/17/2019 7:00,501.35677,502
5/17/2019 8:00,568.98396,569
5/17/2019 9:00,559.18509,560
5/17/2019 10:00,575.32499,576
5/17/2019 11:00,610.11577,611
5/17/2019 12:00,638.40219,639
5/17/2019 13:00,632.50151,633
5/17/2019 14:00,624.34746,625
5/17/2019 15:00,653.65526,654
5/17/2019 16:00,718.97486,719
5/17/2019 17:00,663.00044,664
5/17/2019 18:00,607.10576,608
5/17/2019 19:00,560.59161,561
5/17/2019 20:00,549.76346,550
5/17/2019 21:00,569.30773,570
5/17/2019 22:00,616.52272,617
5/17/2019 23:00,666.15313,667
5/18/2019 0:00,662.62688,663
5/18/2019 1:00,611.5606,612
5/18/2019 2:00,565.19308,566
5/18/2019 3:00,498.34113,499
5/18/2019 4:00,483.24358,484
5/18/2019 5:00,456.11223,457
5/18/2019 6:00,434.41173,435
5/18/2019 7:00,449.46637,450
5/18/2019 8:00,488.86401,489
5/18/2019 9:00,485.93554,486
5/18/2019 10:00,554.62362,555
5/18/2019 11:00,528.99082,529
5/18/2019 12:00,514.73932,515
5/18/2019 13:00,610.83687,611
5/18/2019 14:00,612.53453,613
5/18/2019 15:00,614.55855,615
5/18/2019 16:00,566.89626,567
5/18/2019 17:00,602.79519,603
5/18/2019 18:00,563.22871,564
5/18/2019 19:00,532.1693,533
5/18/2019 20:00,547.40037,548
5/18/2019 21:00,603.20775,604
5/18/2019 22:00,605.55074,606
5/18/2019 23:00,685.6243,686
5/19/2019 0:00,664.72056,665
5/19/2019 1:00,637.22558,638
5/19/2019 2:00,602.15787,603
5/19/2019 3:00,532.91316,533
5/19/2019 4:00,508.52127,509
5/19/2019 5:00,495.85872,496
5/19/2019 6:00,468.16336,469
5/19/2019 7:00,457.55297,458
5/19/2019 8:00,456.82832,457
5/19/2019 9:00,469.29813,470
5/19/2019 10:00,505.23783,506
5/19/2019 11:00,551.80326,552
5/19/2019 12:00,539.59718,540
5/19/2019 13:00,551.87637,552
5/19/2019 14:00,602.14664,603
5/19/2019 15:00,646.13718,647
5/19/2019 16:00,647.78684,648
5/19/2019 17:00,648.45857,649
5/19/2019 18:00,604.73411,605
5/19/2019 19:00,579.73428,580
5/19/2019 20:00,628.14809,629
5/19/2019 21:00,629.96216,630
5/19/2019 22:00,714.99225,715
5/19/2019 23:00,754.2947,755
5/20/2019 0:00,729.36083,730
5/20/2019 1:00,655.85121,656
5/20/2019 2:00,617.51714,618
5/20/2019 3:00,558.45073,559
5/20/2019 4:00,521.31845,522
5/20/2019 5:00,502.51508,503
5/20/2019 6:00,470.6527,471
5/20/2019 7:00,482.15535,483
5/20/2019 8:00,503.00917,504
5/20/2019 9:00,562.29392,563
5/20/2019 10:00,583.01834,584
5/20/2019 11:00,606.54272,607
5/20/2019 12:00,638.51043,639
5/20/2019 13:00,607.84979,608
5/20/2019 14:00,607.72298,608
5/20/2019 15:00,622.01582,623
5/20/2019 16:00,574.02401,575
5/20/2019 17:00,555.4721,556
5/20/2019 18:00,581.03187,582
5/20/2019 19:00,551.1623,552
5/20/2019 20:00,567.81605,568
5/20/2019 21:00,574.5733,575
5/20/2019 22:00,537.77665,538
5/20/2019 23:00,564.23958,565
5/21/2019 0:00,548.34208,549
5/21/2019 1:00,500.29593,501
5/21/2019 2:00,446.56518,447
5/21/2019 3:00,406.74075,407
5/21/2019 4:00,385.99449,386
5/21/2019 5:00,372.04508,373
5/21/2019 6:00,354.48688,355
5/21/2019 7:00,381.33772,382
5/21/2019 8:00,446.10903,447
5/21/2019 9:00,479.41541,480
5/21/2019 10:00,492.3506,493
5/21/2019 11:00,516.82571,517
5/21/2019 12:00,580.81109,581
5/21/2019 13:00,590.99385,591
5/21/2019 14:00,564.83004,565
5/21/2019 15:00,544.85201,545
5/21/2019 16:00,525.16369,526
5/21/2019 17:00,533.78626,534
5/21/2019 18:00,483.65846,484
5/21/2019 19:00,479.94912,480
5/21/2019 20:00,506.50641,507
5/21/2019 21:00,508.83782,509
5/21/2019 22:00,509.4212,510
5/21/2019 23:00,519.49459,520
5/22/2019 0:00,467.76103,468
5/22/2019 1:00,422.79032,423
5/22/2019 2:00,382.66476,383
5/22/2019 3:00,346.71487,347
5/22/2019 4:00,329.41849,330
5/22/2019 5:00,310.46608,311
5/22/2019 6:00,313.55429,314
5/22/2019 7:00,343.13603,344
5/22/2019 8:00,395.76229,396
5/22/2019 9:00,443.15927,444
5/22/2019 10:00,505.8416,506
5/22/2019 11:00,488.88876,489
5/22/2019 12:00,519.94842,520
5/22/2019 13:00,567.62541,568
5/22/2019 14:00,559.86375,560
5/22/2019 15:00,551.93805,552
5/22/2019 16:00,545.65995,546
5/22/2019 17:00,519.26512,520
5/22/2019 18:00,505.36595,506
5/22/2019 19:00,501.65428,502
5/22/2019 20:00,527.00563,528
5/22/2019 21:00,504.43236,505
5/22/2019 22:00,505.49344,506
5/22/2019 23:00,507.15004,508
5/23/2019 0:00,499.89674,500
5/23/2019 1:00,447.67794,448
5/23/2019 2:00,378.40778,379
5/23/2019 3:00,362.18006,363
5/23/2019 4:00,347.95524,348
5/23/2019 5:00,344.15186,345
5/23/2019 6:00,329.54814,330
5/23/2019 7:00,352.85899,353
5/23/2019 8:00,408.08235,409
5/23/2019 9:00,521.28869,522
5/23/2019 10:00,519.3803,520
5/23/2019 11:00,529.78493,530
5/23/2019 12:00,501.17246,502
5/23/2019 13:00,554.44404,555
5/23/2019 14:00,580.4184,581
5/23/2019 15:00,619.34176,620
5/23/2019 16:00,575.03446,576
5/23/2019 17:00,575.2281,576
5/23/2019 18:00,559.94424,560
5/23/2019 19:00,515.40405,516
5/23/2019 20:00,535.65241,536
5/23/2019 21:00,511.71422,512
5/23/2019 22:00,556.29995,557
5/23/2019 23:00,543.92851,544
5/24/2019 0:00,519.81501,520
5/24/2019 1:00,489.32023,490
5/24/2019 2:00,426.60908,427
5/24/2019 3:00,407.48166,408
5/24/2019 4:00,374.48761,375
5/24/2019 5:00,368.54457,369
5/24/2019 6:00,355.91293,356
5/24/2019 7:00,370.60139,371
5/24/2019 8:00,435.82023,436
5/24/2019 9:00,497.26331,498
5/24/2019 10:00,545.50907,546
5/24/2019 11:00,567.14971,568
5/24/2019 12:00,580.02439,581
5/24/2019 13:00,623.32793,624
5/24/2019 14:00,659.62424,660
5/24/2019 15:00,657.65807,658
5/24/2019 16:00,647.61274,648
5/24/2019 17:00,630.48527,631
5/24/2019 18:00,570.67105,571
5/24/2019 19:00,511.01539,512
5/24/2019 20:00,526.93483,527
5/24/2019 21:00,568.76084,569
5/24/2019 22:00,572.30273,573
5/24/2019 23:00,538.26161,539
5/25/2019 0:00,581.43022,582
5/25/2019 1:00,545.62784,546
5/25/2019 2:00,511.27657,512
5/25/2019 3:00,461.20872,462
5/25/2019 4:00,441.27615,442
5/25/2019 5:00,389.55134,390
5/25/2019 6:00,389.78596,390
5/25/2019 7:00,420.27483,421
5/25/2019 8:00,460.31409,461
5/25/2019 9:00,434.80908,435
5/25/2019 10:00,432.71659,433
5/25/2019 11:00,500.18474,501
5/25/2019 12:00,489.86742,490
5/25/2019 13:00,508.49352,509
5/25/2019 14:00,509.32889,510
5/25/2019 15:00,580.68967,581
5/25/2019 16:00,500.1032,501
5/25/2019 17:00,537.48057,538
5/25/2019 18:00,495.19154,496
5/25/2019 19:00,483.39723,484
5/25/2019 20:00,514.12379,515
5/25/2019 21:00,554.50367,555
5/25/2019 22:00,588.52799,589
5/25/2019 23:00,597.21561,598
5/26/2019 0:00,552.32162,553
5/26/2019 1:00,542.30364,543
5/26/2019 2:00,527.64562,528
5/26/2019 3:00,478.70724,479
5/26/2019 4:00,456.6111,457
5/26/2019 5:00,434.20761,435
5/26/2019 6:00,410.1226,411
5/26/2019 7:00,417.19044,418
5/26/2019 8:00,429.52795,430
5/26/2019 9:00,461.98504,462
5/26/2019 10:00,484.35503,485
5/26/2019 11:00,483.29011,484
5/26/2019 12:00,485.88279,486
5/26/2019 13:00,497.17522,498
5/26/2019 14:00,585.75053,586
5/26/2019 15:00,573.37249,574
5/26/2019 16:00,592.14219,593
5/26/2019 17:00,540.39975,541
5/26/2019 18:00,529.5122,530
5/26/2019 19:00,540.39334,541
5/26/2019 20:00,543.72383,544
5/26/2019 21:00,583.60281,584
5/26/2019 22:00,623.66508,624
5/26/2019 23:00,667.11988,668
5/27/2019 0:00,627.96312,628
5/27/2019 1:00,601.60524,602
5/27/2019 2:00,536.7856,537
5/27/2019 3:00,502.69728,503
5/27/2019 4:00,470.50462,471
5/27/2019 5:00,460.47621,461
5/27/2019 6:00,426.67683,427
5/27/2019 7:00,444.54782,445
5/27/2019 8:00,521.74489,522
5/27/2019 9:00,575.16747,576
5/27/2019 10:00,656.97065,657
5/27/2019 11:00,664.15684,665
5/27/2019 12:00,702.46612,703
5/27/2019 13:00,694.93013,695
5/27/2019 14:00,682.92065,683
5/27/2019 15:00,648.25044,649
5/27/2019 16:00,643.45542,644
5/27/2019 17:00,671.6108,672
5/27/2019 18:00,637.83839,638
5/27/2019 19:00,649.37563,650
5/27/2019 20:00,645.80342,646
5/27/2019 21:00,658.55938,659
5/27/2019 22:00,671.24928,672
5/27/2019 23:00,687.64756,688
5/28/2019 0:00,669.62853,670
5/28/2019 1:00,606.92662,607
5/28/2019 2:00,556.55753,557
5/28/2019 3:00,512.83861,513
5/28/2019 4:00,474.05729,475
5/28/2019 5:00,456.92668,457
5/28/2019 6:00,434.02011,435
5/28/2019 7:00,457.70656,458
5/28/2019 8:00,501.26582,502
5/28/2019 9:00,573.79668,574
5/28/2019 10:00,546.86145,547
5/28/2019 11:00,580.72026,581
5/28/2019 12:00,609.97088,610
5/28/2019 13:00,628.35381,629
5/28/2019 14:00,605.87396,606
5/28/2019 15:00,588.01627,589
5/28/2019 16:00,587.36948,588
5/28/2019 17:00,565.07456,566
5/28/2019 18:00,540.49888,541
5/28/2019 19:00,544.589,545
5/28/2019 20:00,527.94767,528
5/28/2019 21:00,536.55637,537
5/28/2019 22:00,551.95084,552
5/28/2019 23:00,535.36025,536
5/29/2019 0:00,509.65924,510
5/29/2019 1:00,467.80433,468
5/29/2019 2:00,413.01661,414
5/29/2019 3:00,398.11738,399
5/29/2019 4:00,371.8367,372
5/29/2019 5:00,346.67296,347
5/29/2019 6:00,338.92904,339
5/29/2019 7:00,362.16628,363
5/29/2019 8:00,398.53931,399
5/29/2019 9:00,475.25666,476
5/29/2019 10:00,499.94672,500
5/29/2019 11:00,528.94018,529
5/29/2019 12:00,518.67414,519
5/29/2019 13:00,552.96415,553
5/29/2019 14:00,580.51008,581
5/29/2019 15:00,533.84283,534
5/29/2019 16:00,525.3489,526
5/29/2019 17:00,512.65296,513
5/29/2019 18:00,495.51673,496
5/29/2019 19:00,478.88336,479
5/29/2019 20:00,498.16179,499
5/29/2019 21:00,522.23367,523
5/29/2019 22:00,468.43977,469
5/29/2019 23:00,505.47324,506
5/30/2019 0:00,518.96085,519
5/30/2019 1:00,459.23305,460
5/30/2019 2:00,391.84616,392
5/30/2019 3:00,368.31288,369
5/30/2019 4:00,351.83001,352
5/30/2019 5:00,328.93796,329
5/30/2019 6:00,345.82273,346
5/30/2019 7:00,355.75998,356
5/30/2019 8:00,424.764,425
5/30/2019 9:00,470.99478,471
5/30/2019 10:00,518.70535,519
5/30/2019 11:00,555.92579,556
5/30/2019 12:00,592.04325,593
5/30/2019 13:00,632.96032,633
5/30/2019 14:00,655.72159,656
5/30/2019 15:00,661.90517,662
5/30/2019 16:00,628.50501,629
5/30/2019 17:00,609.1579,610
5/30/2019 18:00,575.52459,576
5/30/2019 19:00,558.84918,559
5/30/2019 20:00,557.61621,558
5/30/2019 21:00,595.35109,596
5/30/2019 22:00,600.51286,601
5/30/2019 23:00,612.7772,613
5/31/2019 0:00,580.52003,581
5/31/2019 1:00,558.98354,559
5/31/2019 2:00,494.26812,495
5/31/2019 3:00,487.38354,488
5/31/2019 4:00,433.72127,434
5/31/2019 5:00,410.83622,411
5/31/2019 6:00,399.40125,400
5/31/2019 7:00,408.31179,409
5/31/2019 8:00,485.70216,486
5/31/2019 9:00,540.67632,541
5/31/2019 10:00,616.10189,617
5/31/2019 11:00,657.09109,658
5/31/2019 12:00,652.96772,653
5/31/2019 13:00,670.15373,671
5/31/2019 14:00,673.17501,674
5/31/2019 15:00,711.25532,712
5/31/2019 16:00,687.76829,688
5/31/2019 17:00,657.13646,658
5/31/2019 18:00,596.37057,597
5/31/2019 19:00,558.34439,559
5/31/2019 20:00,565.51621,566
5/31/2019 21:00,592.28614,593
5/31/2019 22:00,620.2304,621
5/31/2019 23:00,659.31678,660
6/1/2019 0:00,684.25064,685
6/1/2019 1:00,627.3608,628
6/1/2019 2:00,558.68344,559
6/1/2019 3:00,519.15037,520
6/1/2019 4:00,489.78598,490
6/1/2019 5:00,466.7511,467
6/1/2019 6:00,436.15328,437
6/1/2019 7:00,461.09963,462
6/1/2019 8:00,514.1443,515
6/1/2019 9:00,508.78077,509
6/1/2019 10:00,511.38661,512
6/1/2019 11:00,561.40215,562
6/1/2019 12:00,573.83429,574
6/1/2019 13:00,593.43302,594
6/1/2019 14:00,616.70088,617
6/1/2019 15:00,592.72078,593
6/1/2019 16:00,586.47674,587
6/1/2019 17:00,581.58401,582
6/1/2019 18:00,547.27589,548
6/1/2019 19:00,538.7623,539
6/1/2019 20:00,567.4224,568
6/1/2019 21:00,614.91442,615
6/1/2019 22:00,599.69749,600
6/1/2019 23:00,634.41985,635
6/2/2019 0:00,640.73699,641
6/2/2019 1:00,615.43503,616
6/2/2019 2:00,546.46998,547
6/2/2019 3:00,500.4058,501
6/2/2019 4:00,474.66956,475
6/2/2019 5:00,456.20453,457
6/2/2019 6:00,444.86894,445
6/2/2019 7:00,446.40901,447
6/2/2019 8:00,459.86475,460
6/2/2019 9:00,475.39878,476
6/2/2019 10:00,501.55792,502
6/2/2019 11:00,520.46071,521
6/2/2019 12:00,558.72149,559
6/2/2019 13:00,570.9406,571
6/2/2019 14:00,583.71359,584
6/2/2019 15:00,583.40861,584
6/2/2019 16:00,571.39222,572
6/2/2019 17:00,580.35799,581
6/2/2019 18:00,561.61601,562
6/2/2019 19:00,574.88585,575
6/2/2019 20:00,612.99974,613
6/2/2019 21:00,642.30967,643
6/2/2019 22:00,720.43027,721
6/2/2019 23:00,737.48228,738
6/3/2019 0:00,722.70695,723
6/3/2019 1:00,651.89723,652
6/3/2019 2:00,591.73059,592
6/3/2019 3:00,536.08139,537
6/3/2019 4:00,502.52679,503
6/3/2019 5:00,482.00923,483
6/3/2019 6:00,470.95127,471
6/3/2019 7:00,525.0598,526
6/3/2019 8:00,595.09788,596
6/3/2019 9:00,646.84377,647
6/3/2019 10:00,696.82661,697
6/3/2019 11:00,701.18425,702
6/3/2019 12:00,748.68435,749
6/3/2019 13:00,736.67791,737
6/3/2019 14:00,749.06603,750
6/3/2019 15:00,747.51846,748
6/3/2019 16:00,698.08493,699
6/3/2019 17:00,703.57389,704
6/3/2019 18:00,680.22847,681
6/3/2019 19:00,659.74661,660
6/3/2019 20:00,669.80036,670
6/3/2019 21:00,659.99532,660
6/3/2019 22:00,701.77212,702
6/3/2019 23:00,723.93362,724
6/4/2019 0:00,727.631,728
6/4/2019 1:00,651.23478,652
6/4/2019 2:00,580.33167,581
6/4/2019 3:00,523.86976,524
6/4/2019 4:00,508.72844,509
6/4/2019 5:00,472.16581,473
6/4/2019 6:00,449.04835,450
6/4/2019 7:00,503.05673,504
6/4/2019 8:00,546.11037,547
6/4/2019 9:00,629.5544,630
6/4/2019 10:00,651.10586,652
6/4/2019 11:00,645.63257,646
6/4/2019 12:00,668.10364,669
6/4/2019 13:00,688.05766,689
6/4/2019 14:00,686.87371,687
6/4/2019 15:00,699.54393,700
6/4/2019 16:00,712.22426,713
6/4/2019 17:00,705.73912,706
6/4/2019 18:00,662.32695,663
6/4/2019 19:00,638.16234,639
6/4/2019 20:00,647.52128,648
6/4/2019 21:00,665.51112,666
6/4/2019 22:00,704.53253,705
6/4/2019 23:00,714.54469,715
6/5/2019 0:00,693.67683,694
6/5/2019 1:00,631.68119,632
6/5/2019 2:00,574.57369,575
6/5/2019 3:00,537.55612,538
6/5/2019 4:00,494.80899,495
6/5/2019 5:00,475.07144,476
6/5/2019 6:00,431.647,432
6/5/2019 7:00,459.68901,460
6/5/2019 8:00,535.8445,536
6/5/2019 9:00,634.48435,635
6/5/2019 10:00,729.20052,730
6/5/2019 11:00,736.92117,737
6/5/2019 12:00,770.67883,771
6/5/2019 13:00,793.1826,794
6/5/2019 14:00,794.42121,795
6/5/2019 15:00,778.61147,779
6/5/2019 16:00,756.46557,757
6/5/2019 17:00,732.7031,733
6/5/2019 18:00,710.81024,711
6/5/2019 19:00,717.10977,718
6/5/2019 20:00,685.64901,686
6/5/2019 21:00,705.7779,706
6/5/2019 22:00,721.53863,722
6/5/2019 23:00,761.44503,762
6/6/2019 0:00,733.9957,734
6/6/2019 1:00,666.16379,667
6/6/2019 2:00,608.11973,609
6/6/2019 3:00,537.94966,538
6/6/2019 4:00,508.3005,509
6/6/2019 5:00,486.77723,487
6/6/2019 6:00,476.2503,477
6/6/2019 7:00,514.35523,515
6/6/2019 8:00,590.42914,591
6/6/2019 9:00,685.43082,686
6/6/2019 10:00,740.54185,741
6/6/2019 11:00,779.16126,780
6/6/2019 12:00,805.8867,806
6/6/2019 13:00,820.75478,821
6/6/2019 14:00,850.80803,851
6/6/2019 15:00,809.65461,810
6/6/2019 16:00,768.39889,769
6/6/2019 17:00,713.34207,714
6/6/2019 18:00,689.08105,690
6/6/2019 19:00,646.54357,647
6/6/2019 20:00,651.64725,652
6/6/2019 21:00,670.93005,671
6/6/2019 22:00,693.72453,694
6/6/2019 23:00,692.16032,693
6/7/2019 0:00,688.07299,689
6/7/2019 1:00,656.98624,657
6/7/2019 2:00,598.97605,599
6/7/2019 3:00,552.731,553
6/7/2019 4:00,517.00547,518
6/7/2019 5:00,507.26565,508
6/7/2019 6:00,463.83666,464
6/7/2019 7:00,474.46745,475
6/7/2019 8:00,500.6522,501
6/7/2019 9:00,534.53585,535
6/7/2019 10:00,598.06357,599
6/7/2019 11:00,618.86861,619
6/7/2019 12:00,610.4764,611
6/7/2019 13:00,633.68935,634
6/7/2019 14:00,638.53732,639
6/7/2019 15:00,555.14288,556
6/7/2019 16:00,590.83537,591
6/7/2019 17:00,586.54927,587
6/7/2019 18:00,558.97414,559
6/7/2019 19:00,535.53105,536
6/7/2019 20:00,548.18628,549
6/7/2019 21:00,563.18449,564
6/7/2019 22:00,577.06903,578
6/7/2019 23:00,623.71816,624
6/8/2019 0:00,596.66161,597
6/8/2019 1:00,573.7994,574
6/8/2019 2:00,543.04367,544
6/8/2019 3:00,513.28236,514
6/8/2019 4:00,481.59221,482
6/8/2019 5:00,438.4589,439
6/8/2019 6:00,445.2611,446
6/8/2019 7:00,435.69465,436
6/8/2019 8:00,477.02731,478
6/8/2019 9:00,487.67898,488
6/8/2019 10:00,506.31562,507
6/8/2019 11:00,509.4243,510
6/8/2019 12:00,546.06443,547
6/8/2019 13:00,544.74542,545
6/8/2019 14:00,548.86472,549
6/8/2019 15:00,568.83091,569
6/8/2019 16:00,562.14649,563
6/8/2019 17:00,545.64108,546
6/8/2019 18:00,535.75556,536
6/8/2019 19:00,530.74997,531
6/8/2019 20:00,578.96903,579
6/8/2019 21:00,564.51603,565
6/8/2019 22:00,612.54365,613
6/8/2019 23:00,646.82047,647
6/9/2019 0:00,643.52297,644
6/9/2019 1:00,621.76273,622
6/9/2019 2:00,540.8831,541
6/9/2019 3:00,514.4795,515
6/9/2019 4:00,489.52083,490
6/9/2019 5:00,456.94313,457
6/9/2019 6:00,434.1477,435
6/9/2019 7:00,442.44004,443
6/9/2019 8:00,476.86921,477
6/9/2019 9:00,459.61325,460
6/9/2019 10:00,484.60573,485
6/9/2019 11:00,514.675,515
6/9/2019 12:00,514.23309,515
6/9/2019 13:00,530.00136,531
6/9/2019 14:00,551.35253,552
6/9/2019 15:00,544.32692,545
6/9/2019 16:00,552.74023,553
6/9/2019 17:00,568.47195,569
6/9/2019 18:00,556.48585,557
6/9/2019 19:00,577.31844,578
6/9/2019 20:00,620.17093,621
6/9/2019 21:00,671.34486,672
6/9/2019 22:00,673.11145,674
6/9/2019 23:00,727.16858,728
6/10/2019 0:00,732.29895,733
6/10/2019 1:00,676.58248,677
6/10/2019 2:00,607.7918,608
6/10/2019 3:00,557.54106,558
6/10/2019 4:00,519.59671,520
6/10/2019 5:00,503.34105,504
6/10/2019 6:00,482.34064,483
6/10/2019 7:00,485.44694,486
6/10/2019 8:00,594.72924,595
6/10/2019 9:00,669.33466,670
6/10/2019 10:00,719.48315,720
6/10/2019 11:00,759.37638,760
6/10/2019 12:00,757.68817,758
6/10/2019 13:00,737.63661,738
6/10/2019 14:00,700.51008,701
6/10/2019 15:00,730.57549,731
6/10/2019 16:00,676.07776,677
6/10/2019 17:00,672.34326,673
6/10/2019 18:00,689.15197,690
6/10/2019 19:00,695.04972,696
6/10/2019 20:00,635.541,636
6/10/2019 21:00,667.8249,668
6/10/2019 22:00,685.63476,686
6/10/2019 23:00,714.87197,715
6/11/2019 0:00,683.11023,684
6/11/2019 1:00,642.47751,643
6/11/2019 2:00,585.35219,586
6/11/2019 3:00,524.13687,525
6/11/2019 4:00,495.23036,496
6/11/2019 5:00,464.0337,465
6/11/2019 6:00,452.69446,453
6/11/2019 7:00,464.09592,465
6/11/2019 8:00,500.00456,501
6/11/2019 9:00,575.53972,576
6/11/2019 10:00,625.23792,626
6/11/2019 11:00,645.38233,646
6/11/2019 12:00,659.12594,660
6/11/2019 13:00,626.26295,627
6/11/2019 14:00,609.14683,610
6/11/2019 15:00,622.117,623
6/11/2019 16:00,586.66684,587
6/11/2019 17:00,584.57989,585
6/11/2019 18:00,566.73933,567
6/11/2019 19:00,573.84247,574
6/11/2019 20:00,567.876,568
6/11/2019 21:00,569.19901,570
6/11/2019 22:00,571.46002,572
6/11/2019 23:00,563.29982,564
6/12/2019 0:00,563.88264,564
6/12/2019 1:00,505.6633,506
6/12/2019 2:00,475.86386,476
6/12/2019 3:00,434.6551,435
6/12/2019 4:00,404.50836,405
6/12/2019 5:00,376.51661,377
6/12/2019 6:00,374.48442,375
6/12/2019 7:00,384.02215,385
6/12/2019 8:00,475.74753,476
6/12/2019 9:00,505.19298,506
6/12/2019 10:00,559.29767,560
6/12/2019 11:00,587.5887,588
6/12/2019 12:00,605.73553,606
6/12/2019 13:00,577.72575,578
6/12/2019 14:00,570.11749,571
6/12/2019 15:00,567.15379,568
6/12/2019 16:00,548.52604,549
6/12/2019 17:00,524.3079,525
6/12/2019 18:00,535.47375,536
6/12/2019 19:00,572.10755,573
6/12/2019 20:00,552.5528,553
6/12/2019 21:00,537.0142,538
6/12/2019 22:00,537.49988,538
6/12/2019 23:00,553.76009,554
6/13/2019 0:00,547.09326,548
6/13/2019 1:00,499.55235,500
6/13/2019 2:00,459.39947,460
6/13/2019 3:00,420.58081,421
6/13/2019 4:00,388.0242,389
6/13/2019 5:00,369.10843,370
6/13/2019 6:00,358.32995,359
6/13/2019 7:00,377.32434,378
6/13/2019 8:00,441.68703,442
6/13/2019 9:00,488.83753,489
6/13/2019 10:00,546.11786,547
6/13/2019 11:00,574.51428,575
6/13/2019 12:00,592.45585,593
6/13/2019 13:00,591.5822,592
6/13/2019 14:00,594.97786,595
6/13/2019 15:00,609.7271,610
6/13/2019 16:00,613.2902,614
6/13/2019 17:00,576.68558,577
6/13/2019 18:00,572.72551,573
6/13/2019 19:00,563.54239,564
6/13/2019 20:00,578.05858,579
6/13/2019 21:00,570.15933,571
6/13/2019 22:00,579.65641,580
6/13/2019 23:00,598.92645,599
6/14/2019 0:00,576.18104,577
6/14/2019 1:00,538.99914,539
6/14/2019 2:00,496.56646,497
6/14/2019 3:00,460.62024,461
6/14/2019 4:00,424.8961,425
6/14/2019 5:00,386.19958,387
6/14/2019 6:00,376.46751,377
6/14/2019 7:00,385.69889,386
6/14/2019 8:00,447.79717,448
6/14/2019 9:00,488.42267,489
6/14/2019 10:00,529.58472,530
6/14/2019 11:00,561.299,562
6/14/2019 12:00,577.25569,578
6/14/2019 13:00,591.03545,592
6/14/2019 14:00,610.60621,611
6/14/2019 15:00,575.37323,576
6/14/2019 16:00,551.27204,552
6/14/2019 17:00,541.10262,542
6/14/2019 18:00,518.15377,519
6/14/2019 19:00,508.97394,509
6/14/2019 20:00,495.84703,496
6/14/2019 21:00,511.24051,512
6/14/2019 22:00,528.02455,529
6/14/2019 23:00,517.53059,518
6/15/2019 0:00,543.41592,544
6/15/2019 1:00,494.22437,495
6/15/2019 2:00,481.45034,482
6/15/2019 3:00,431.31885,432
6/15/2019 4:00,399.58698,400
6/15/2019 5:00,372.76576,373
6/15/2019 6:00,356.39747,357
6/15/2019 7:00,377.53219,378
6/15/2019 8:00,386.72126,387
6/15/2019 9:00,387.08316,388
6/15/2019 10:00,444.96047,445
6/15/2019 11:00,464.06772,465
6/15/2019 12:00,486.25998,487
6/15/2019 13:00,515.02459,516
6/15/2019 14:00,500.69726,501
6/15/2019 15:00,514.83801,515
6/15/2019 16:00,515.52207,516
6/15/2019 17:00,503.98949,504
6/15/2019 18:00,498.48457,499
6/15/2019 19:00,476.67512,477
6/15/2019 20:00,475.59006,476
6/15/2019 21:00,491.09514,492
6/15/2019 22:00,513.7356,514
6/15/2019 23:00,501.27665,502
6/16/2019 0:00,501.17576,502
6/16/2019 1:00,500.22782,501
6/16/2019 2:00,454.50523,455
6/16/2019 3:00,419.24717,420
6/16/2019 4:00,379.58356,380
6/16/2019 5:00,364.01148,365
6/16/2019 6:00,350.7225,351
6/16/2019 7:00,352.29671,353
6/16/2019 8:00,390.30655,391
6/16/2019 9:00,395.14712,396
6/16/2019 10:00,403.59464,404
6/16/2019 11:00,438.14942,439
6/16/2019 12:00,480.61662,481
6/16/2019 13:00,506.50448,507
6/16/2019 14:00,520.59919,521
6/16/2019 15:00,560.52292,561
6/16/2019 16:00,567.43618,568
6/16/2019 17:00,566.17196,567
6/16/2019 18:00,539.22738,540
6/16/2019 19:00,541.26245,542
6/16/2019 20:00,546.08712,547
6/16/2019 21:00,583.31704,584
6/16/2019 22:00,607.96678,608
6/16/2019 23:00,632.60304,633
6/17/2019 0:00,611.65676,612
6/17/2019 1:00,577.95389,578
6/17/2019 2:00,544.22157,545
6/17/2019 3:00,484.7334,485
6/17/2019 4:00,456.10206,457
6/17/2019 5:00,435.3718,436
6/17/2019 6:00,421.59831,422
6/17/2019 7:00,438.63637,439
6/17/2019 8:00,512.26005,513
6/17/2019 9:00,593.73513,594
6/17/2019 10:00,659.81869,660
6/17/2019 11:00,718.44987,719
6/17/2019 12:00,766.34695,767
6/17/2019 13:00,741.59121,742
6/17/2019 14:00,730.96663,731
6/17/2019 15:00,712.15477,713
6/17/2019 16:00,724.06376,725
6/17/2019 17:00,725.726,726
6/17/2019 18:00,679.46915,680
6/17/2019 19:00,702.31508,703
6/17/2019 20:00,716.33171,717
6/17/2019 21:00,681.7203,682
6/17/2019 22:00,679.37143,680
6/17/2019 23:00,682.85947,683
6/18/2019 0:00,689.42439,690
6/18/2019 1:00,613.51313,614
6/18/2019 2:00,558.3301,559
6/18/2019 3:00,530.73706,531
6/18/2019 4:00,488.92977,489
6/18/2019 5:00,474.54652,475
6/18/2019 6:00,460.1653,461
6/18/2019 7:00,471.06844,472
6/18/2019 8:00,534.9636,535
6/18/2019 9:00,642.07224,643
6/18/2019 10:00,684.18601,685
6/18/2019 11:00,742.6456,743
6/18/2019 12:00,759.81024,760
6/18/2019 13:00,764.53908,765
6/18/2019 14:00,748.81559,749
6/18/2019 15:00,745.16272,746
6/18/2019 16:00,717.41647,718
6/18/2019 17:00,714.5619,715
6/18/2019 18:00,722.11221,723
6/18/2019 19:00,711.8667,712
6/18/2019 20:00,700.03281,701
6/18/2019 21:00,706.94247,707
6/18/2019 22:00,721.06691,722
6/18/2019 23:00,725.30577,726
6/19/2019 0:00,703.74688,704
6/19/2019 1:00,655.09544,656
6/19/2019 2:00,619.63387,620
6/19/2019 3:00,550.31545,551
6/19/2019 4:00,511.44077,512
6/19/2019 5:00,486.92906,487
6/19/2019 6:00,457.35893,458
6/19/2019 7:00,457.72754,458
6/19/2019 8:00,542.43381,543
6/19/2019 9:00,633.24821,634
6/19/2019 10:00,717.59215,718
6/19/2019 11:00,754.98969,755
6/19/2019 12:00,785.71003,786
6/19/2019 13:00,802.41652,803
6/19/2019 14:00,819.95489,820
6/19/2019 15:00,836.11838,837
6/19/2019 16:00,823.27817,824
6/19/2019 17:00,804.96453,805
6/19/2019 18:00,752.36937,753
6/19/2019 19:00,747.9305,748
6/19/2019 20:00,736.90735,737
6/19/2019 21:00,744.73958,745
6/19/2019 22:00,794.23046,795
6/19/2019 23:00,797.08111,798
6/20/2019 0:00,791.32234,792
6/20/2019 1:00,775.21895,776
6/20/2019 2:00,701.03149,702
6/20/2019 3:00,626.97246,627
6/20/2019 4:00,579.09769,580
6/20/2019 5:00,544.43996,545
6/20/2019 6:00,516.96076,517
6/20/2019 7:00,547.67529,548
6/20/2019 8:00,629.8688,630
6/20/2019 9:00,728.97066,729
6/20/2019 10:00,796.42602,797
6/20/2019 11:00,875.50871,876
6/20/2019 12:00,862.38349,863
6/20/2019 13:00,898.58776,899
6/20/2019 14:00,934.80282,935
6/20/2019 15:00,968.94322,969
6/20/2019 16:00,938.05882,939
6/20/2019 17:00,843.53861,844
6/20/2019 18:00,821.14066,822
6/20/2019 19:00,777.18377,778
6/20/2019 20:00,763.55632,764
6/20/2019 21:00,778.26159,779
6/20/2019 22:00,769.06439,770
6/20/2019 23:00,781.43352,782
6/21/2019 0:00,769.30765,770
6/21/2019 1:00,737.82645,738
6/21/2019 2:00,650.25323,651
6/21/2019 3:00,601.29559,602
6/21/2019 4:00,581.76248,582
6/21/2019 5:00,555.78746,556
6/21/2019 6:00,525.23535,526
6/21/2019 7:00,524.487,525
6/21/2019 8:00,642.76622,643
6/21/2019 9:00,718.54586,719
6/21/2019 10:00,776.34267,777
6/21/2019 11:00,849.12315,850
6/21/2019 12:00,848.34694,849
6/21/2019 13:00,857.04859,858
6/21/2019 14:00,904.54179,905
6/21/2019 15:00,943.13139,944
6/21/2019 16:00,918.30722,919
6/21/2019 17:00,846.66351,847
6/21/2019 18:00,779.93897,780
6/21/2019 19:00,713.61437,714
6/21/2019 20:00,690.68853,691
6/21/2019 21:00,714.26753,715
6/21/2019 22:00,725.88304,726
6/21/2019 23:00,818.94719,819
6/22/2019 0:00,801.79209,802
6/22/2019 1:00,757.49151,758
6/22/2019 2:00,697.32451,698
6/22/2019 3:00,639.84804,640
6/22/2019 4:00,584.69792,585
6/22/2019 5:00,541.31337,542
6/22/2019 6:00,501.73807,502
6/22/2019 7:00,508.5508,509
6/22/2019 8:00,570.57279,571
6/22/2019 9:00,584.74371,585
6/22/2019 10:00,623.17396,624
6/22/2019 11:00,642.88753,643
6/22/2019 12:00,629.58507,630
6/22/2019 13:00,651.4244,652
6/22/2019 14:00,652.93351,653
6/22/2019 15:00,609.12057,610
6/22/2019 16:00,618.6079,619
6/22/2019 17:00,601.07758,602
6/22/2019 18:00,571.96992,572
6/22/2019 19:00,552.64838,553
6/22/2019 20:00,533.95929,534
6/22/2019 21:00,577.76668,578
6/22/2019 22:00,630.06735,631
6/22/2019 23:00,637.83404,638
6/23/2019 0:00,632.35199,633
6/23/2019 1:00,611.31712,612
6/23/2019 2:00,559.32225,560
6/23/2019 3:00,516.499,517
6/23/2019 4:00,495.08766,496
6/23/2019 5:00,479.0023,480
6/23/2019 6:00,455.89899,456
6/23/2019 7:00,458.61431,459
6/23/2019 8:00,434.58523,435
6/23/2019 9:00,449.0949,450
6/23/2019 10:00,477.43837,478
6/23/2019 11:00,484.08669,485
6/23/2019 12:00,503.4557,504
6/23/2019 13:00,534.44698,535
6/23/2019 14:00,522.92267,523
6/23/2019 15:00,524.43958,525
6/23/2019 16:00,514.73403,515
6/23/2019 17:00,520.72096,521
6/23/2019 18:00,495.99393,496
6/23/2019 19:00,487.68702,488
6/23/2019 20:00,490.01861,491
6/23/2019 21:00,499.19734,500
6/23/2019 22:00,496.87351,497
6/23/2019 23:00,523.79019,524
6/24/2019 0:00,510.2207,511
6/24/2019 1:00,493.32001,494
6/24/2019 2:00,464.96683,465
6/24/2019 3:00,419.48176,420
6/24/2019 4:00,404.4115,405
6/24/2019 5:00,379.09409,380
6/24/2019 6:00,376.24281,377
6/24/2019 7:00,391.00129,392
6/24/2019 8:00,455.65248,456
6/24/2019 9:00,482.6863,483
6/24/2019 10:00,551.79927,552
6/24/2019 11:00,602.81495,603
6/24/2019 12:00,577.6463,578
6/24/2019 13:00,571.83269,572
6/24/2019 14:00,581.72495,582
6/24/2019 15:00,608.90167,609
6/24/2019 16:00,583.55656,584
6/24/2019 17:00,565.04792,566
6/24/2019 18:00,526.06279,527
6/24/2019 19:00,484.18693,485
6/24/2019 20:00,480.1774,481
6/24/2019 21:00,469.82584,470
6/24/2019 22:00,449.06467,450
6/24/2019 23:00,455.98828,456
6/25/2019 0:00,470.20531,471
6/25/2019 1:00,420.60791,421
6/25/2019 2:00,395.24668,396
6/25/2019 3:00,375.4325,376
6/25/2019 4:00,356.1081,357
6/25/2019 5:00,340.10827,341
6/25/2019 6:00,351.7578,352
6/25/2019 7:00,365.22936,366
6/25/2019 8:00,430.65463,431
6/25/2019 9:00,500.40261,501
6/25/2019 10:00,573.93783,574
6/25/2019 11:00,595.21611,596
6/25/2019 12:00,598.785,599
6/25/2019 13:00,604.94084,605
6/25/2019 14:00,646.44763,647
6/25/2019 15:00,619.09898,620
6/25/2019 16:00,610.84241,611
6/25/2019 17:00,567.63797,568
6/25/2019 18:00,556.00707,557
6/25/2019 19:00,529.09637,530
6/25/2019 20:00,521.63812,522
6/25/2019 21:00,492.60129,493
6/25/2019 22:00,489.1359,490
6/25/2019 23:00,480.99925,481
6/26/2019 0:00,439.74481,440
6/26/2019 1:00,424.05831,425
6/26/2019 2:00,404.81082,405
6/26/2019 3:00,371.39342,372
6/26/2019 4:00,364.85666,365
6/26/2019 5:00,345.75118,346
6/26/2019 6:00,330.08952,331
6/26/2019 7:00,359.8693,360
6/26/2019 8:00,423.61081,424
6/26/2019 9:00,555.48373,556
6/26/2019 10:00,634.28465,635
6/26/2019 11:00,616.04373,617
6/26/2019 12:00,631.75691,632
6/26/2019 13:00,656.52448,657
6/26/2019 14:00,643.21996,644
6/26/2019 15:00,650.92816,651
6/26/2019 16:00,630.04577,631
6/26/2019 17:00,602.7665,603
6/26/2019 18:00,536.06626,537
6/26/2019 19:00,496.67823,497
6/26/2019 20:00,518.43845,519
6/26/2019 21:00,502.70504,503
6/26/2019 22:00,493.88957,494
6/26/2019 23:00,514.87967,515
6/27/2019 0:00,483.95273,484
6/27/2019 1:00,446.44223,447
6/27/2019 2:00,410.09238,411
6/27/2019 3:00,394.91283,395
6/27/2019 4:00,371.76476,372
6/27/2019 5:00,364.5899,365
6/27/2019 6:00,352.57861,353
6/27/2019 7:00,374.72327,375
6/27/2019 8:00,454.69946,455
6/27/2019 9:00,585.48053,586
6/27/2019 10:00,611.0732,612
6/27/2019 11:00,655.25285,656
6/27/2019 12:00,656.59994,657
6/27/2019 13:00,647.39197,648
6/27/2019 14:00,652.47566,653
6/27/2019 15:00,658.39123,659
6/27/2019 16:00,664.90085,665
6/27/2019 17:00,597.69814,598
6/27/2019 18:00,541.4853,542
6/27/2019 19:00,522.85675,523
6/27/2019 20:00,514.23906,515
6/27/2019 21:00,481.14335,482
6/27/2019 22:00,475.15961,476
6/27/2019 23:00,490.21788,491
6/28/2019 0:00,483.457,484
6/28/2019 1:00,492.92492,493
6/28/2019 2:00,436.75179,437
6/28/2019 3:00,404.4808,405
6/28/2019 4:00,391.12414,392
6/28/2019 5:00,368.65672,369
6/28/2019 6:00,354.39203,355
6/28/2019 7:00,377.77718,378
6/28/2019 8:00,448.09024,449
6/28/2019 9:00,542.79366,543
6/28/2019 10:00,592.03937,593
6/28/2019 11:00,636.01011,637
6/28/2019 12:00,649.84598,650
6/28/2019 13:00,660.74139,661
6/28/2019 14:00,661.4439,662
6/28/2019 15:00,639.54882,640
6/28/2019 16:00,628.0571,629
6/28/2019 17:00,595.038,596
6/28/2019 18:00,544.68172,545
6/28/2019 19:00,518.1328,519
6/28/2019 20:00,523.4836,524
6/28/2019 21:00,523.99234,524
6/28/2019 22:00,524.07385,525
6/28/2019 23:00,568.53017,569
6/29/2019 0:00,548.85657,549
6/29/2019 1:00,506.71963,507
6/29/2019 2:00,465.41928,466
6/29/2019 3:00,444.72545,445
6/29/2019 4:00,427.67658,428
6/29/2019 5:00,407.92154,408
6/29/2019 6:00,402.36839,403
6/29/2019 7:00,401.25157,402
6/29/2019 8:00,396.41193,397
6/29/2019 9:00,427.96392,428
6/29/2019 10:00,442.46142,443
6/29/2019 11:00,475.71157,476
6/29/2019 12:00,465.84522,466
6/29/2019 13:00,512.50905,513
6/29/2019 14:00,525.86863,526
6/29/2019 15:00,518.39044,519
6/29/2019 16:00,519.87111,520
6/29/2019 17:00,507.18008,508
6/29/2019 18:00,491.18886,492
6/29/2019 19:00,488.12762,489
6/29/2019 20:00,474.69751,475
6/29/2019 21:00,480.99002,481
6/29/2019 22:00,517.4405,518
6/29/2019 23:00,544.571,545
6/30/2019 0:00,553.76389,554
6/30/2019 1:00,523.27125,524
6/30/2019 2:00,489.68744,490
6/30/2019 3:00,465.06237,466
6/30/2019 4:00,429.21898,430
6/30/2019 5:00,411.5727,412
6/30/2019 6:00,395.41038,396
6/30/2019 7:00,397.35612,398
6/30/2019 8:00,410.12054,411
6/30/2019 9:00,419.39698,420
6/30/2019 10:00,457.64849,458
6/30/2019 11:00,478.06918,479
6/30/2019 12:00,510.25904,511
6/30/2019 13:00,504.52186,505
6/30/2019 14:00,519.24723,520
6/30/2019 15:00,529.77743,530
6/30/2019 16:00,535.41729,536
6/30/2019 17:00,516.11458,517
6/30/2019 18:00,503.41311,504
6/30/2019 19:00,494.0989,495
6/30/2019 20:00,527.4572,528
6/30/2019 21:00,592.60498,593
6/30/2019 22:00,609.53681,610
6/30/2019 23:00,634.5854,635
7/1/2019 0:00,634.11743,635
7/1/2019 1:00,571.74019,572
7/1/2019 2:00,520.57173,521
7/1/2019 3:00,478.61401,479
7/1/2019 4:00,446.32956,447
7/1/2019 5:00,430.50264,431
7/1/2019 6:00,417.39048,418
7/1/2019 7:00,430.09733,431
7/1/2019 8:00,498.27403,499
7/1/2019 9:00,625.39992,626
7/1/2019 10:00,690.20116,691
7/1/2019 11:00,702.07181,703
7/1/2019 12:00,677.7063,678
7/1/2019 13:00,705.33882,706
7/1/2019 14:00,726.17069,727
7/1/2019 15:00,711.80737,712
7/1/2019 16:00,699.81412,700
7/1/2019 17:00,682.32783,683
7/1/2019 18:00,620.44522,621
7/1/2019 19:00,585.0113,586
7/1/2019 20:00,574.55001,575
7/1/2019 21:00,630.07137,631
7/1/2019 22:00,637.13289,638
7/1/2019 23:00,649.58353,650
7/2/2019 0:00,653.67007,654
7/2/2019 1:00,599.85299,600
7/2/2019 2:00,571.42207,572
7/2/2019 3:00,531.47041,532
7/2/2019 4:00,519.52641,520
7/2/2019 5:00,478.96207,479
7/2/2019 6:00,455.42185,456
7/2/2019 7:00,457.32322,458
7/2/2019 8:00,509.25351,510
7/2/2019 9:00,599.15755,600
7/2/2019 10:00,660.58148,661
7/2/2019 11:00,697.5268,698
7/2/2019 12:00,684.66827,685
7/2/2019 13:00,700.40344,701
7/2/2019 14:00,711.08295,712
7/2/2019 15:00,689.12195,690
7/2/2019 16:00,654.94166,655
7/2/2019 17:00,636.42182,637
7/2/2019 18:00,577.63745,578
7/2/2019 19:00,560.42312,561
7/2/2019 20:00,549.01128,550
7/2/2019 21:00,572.5053,573
7/2/2019 22:00,589.24009,590
7/2/2019 23:00,566.06549,567
7/3/2019 0:00,555.9297,556
7/3/2019 1:00,537.97369,538
7/3/2019 2:00,494.43027,495
7/3/2019 3:00,454.84584,455
7/3/2019 4:00,421.26238,422
7/3/2019 5:00,410.17038,411
7/3/2019 6:00,401.62441,402
7/3/2019 7:00,429.95017,430
7/3/2019 8:00,485.10216,486
7/3/2019 9:00,549.23747,550
7/3/2019 10:00,605.70428,606
7/3/2019 11:00,617.64565,618
7/3/2019 12:00,643.73323,644
7/3/2019 13:00,671.51546,672
7/3/2019 14:00,740.36421,741
7/3/2019 15:00,715.54174,716
7/3/2019 16:00,655.98884,656
7/3/2019 17:00,655.23418,656
7/3/2019 18:00,662.93117,663
7/3/2019 19:00,624.73402,625
7/3/2019 20:00,570.42202,571
7/3/2019 21:00,570.79989,571
7/3/2019 22:00,602.84904,603
7/3/2019 23:00,623.87066,624
7/4/2019 0:00,589.98504,590
7/4/2019 1:00,559.52062,560
7/4/2019 2:00,514.22749,515
7/4/2019 3:00,474.63978,475
7/4/2019 4:00,449.84253,450
7/4/2019 5:00,436.82209,437
7/4/2019 6:00,417.65886,418
7/4/2019 7:00,433.30114,434
7/4/2019 8:00,524.72303,525
7/4/2019 9:00,601.52807,602
7/4/2019 10:00,652.5603,653
7/4/2019 11:00,672.72726,673
7/4/2019 12:00,656.37108,657
7/4/2019 13:00,648.18385,649
7/4/2019 14:00,662.90898,663
7/4/2019 15:00,650.85842,651
7/4/2019 16:00,625.94652,626
7/4/2019 17:00,617.54338,618
7/4/2019 18:00,587.23289,588
7/4/2019 19:00,548.36775,549
7/4/2019 20:00,531.66674,532
7/4/2019 21:00,562.52662,563
7/4/2019 22:00,595.59784,596
7/4/2019 23:00,617.10879,618
7/5/2019 0:00,609.21626,610
7/5/2019 1:00,592.28157,593
7/5/2019 2:00,519.70785,520
7/5/2019 3:00,462.51015,463
7/5/2019 4:00,443.31322,444
7/5/2019 5:00,428.82313,429
7/5/2019 6:00,410.41988,411
7/5/2019 7:00,417.73138,418
7/5/2019 8:00,485.4213,486
7/5/2019 9:00,569.79086,570
7/5/2019 10:00,658.75821,659
7/5/2019 11:00,669.5027,670
7/5/2019 12:00,666.34053,667
7/5/2019 13:00,675.80611,676
7/5/2019 14:00,687.88953,688
7/5/2019 15:00,697.65765,698
7/5/2019 16:00,676.1724,677
7/5/2019 17:00,657.88877,658
7/5/2019 18:00,595.89425,596
7/5/2019 19:00,555.75794,556
7/5/2019 20:00,512.25792,513
7/5/2019 21:00,513.95796,514
7/5/2019 22:00,569.87206,570
7/5/2019 23:00,590.80409,591
7/6/2019 0:00,581.97205,582
7/6/2019 1:00,563.16769,564
7/6/2019 2:00,517.4154,518
7/6/2019 3:00,477.89714,478
7/6/2019 4:00,436.72481,437
7/6/2019 5:00,422.35136,423
7/6/2019 6:00,419.03974,420
7/6/2019 7:00,420.02192,421
7/6/2019 8:00,430.64227,431
7/6/2019 9:00,449.95218,450
7/6/2019 10:00,476.22026,477
7/6/2019 11:00,478.46159,479
7/6/2019 12:00,459.25033,460
7/6/2019 13:00,466.56753,467
7/6/2019 14:00,463.90413,464
7/6/2019 15:00,482.12219,483
7/6/2019 16:00,460.96419,461
7/6/2019 17:00,467.63813,468
7/6/2019 18:00,450.44553,451
7/6/2019 19:00,480.4098,481
7/6/2019 20:00,498.06663,499
7/6/2019 21:00,478.32965,479
7/6/2019 22:00,541.39613,542
7/6/2019 23:00,589.77889,590
7/7/2019 0:00,591.48745,592
7/7/2019 1:00,563.23142,564
7/7/2019 2:00,514.76306,515
7/7/2019 3:00,478.37381,479
7/7/2019 4:00,457.03139,458
7/7/2019 5:00,422.58345,423
7/7/2019 6:00,407.66513,408
7/7/2019 7:00,428.23059,429
7/7/2019 8:00,420.43446,421
7/7/2019 9:00,392.17309,393
7/7/2019 10:00,387.63359,388
7/7/2019 11:00,395.04306,396
7/7/2019 12:00,456.18478,457
7/7/2019 13:00,467.90069,468
7/7/2019 14:00,485.69604,486
7/7/2019 15:00,470.42925,471
7/7/2019 16:00,490.60586,491
7/7/2019 17:00,505.49169,506
7/7/2019 18:00,505.02411,506
7/7/2019 19:00,510.22175,511
7/7/2019 20:00,522.72718,523
7/7/2019 21:00,567.06252,568
7/7/2019 22:00,606.70192,607
7/7/2019 23:00,637.8386,638
7/8/2019 0:00,632.8904,633
7/8/2019 1:00,582.16741,583
7/8/2019 2:00,542.02202,543
7/8/2019 3:00,500.34633,501
7/8/2019 4:00,469.38762,470
7/8/2019 5:00,455.73261,456
7/8/2019 6:00,429.02554,430
7/8/2019 7:00,454.62548,455
7/8/2019 8:00,527.6266,528
7/8/2019 9:00,619.99125,620
7/8/2019 10:00,687.82319,688
7/8/2019 11:00,696.67446,697
7/8/2019 12:00,678.75806,679
7/8/2019 13:00,711.61741,712
7/8/2019 14:00,765.8713,766
7/8/2019 15:00,730.31012,731
7/8/2019 16:00,711.3879,712
7/8/2019 17:00,679.11345,680
7/8/2019 18:00,630.98923,631
7/8/2019 19:00,611.84205,612
7/8/2019 20:00,599.75175,600
7/8/2019 21:00,620.6491,621
7/8/2019 22:00,623.69169,624
7/8/2019 23:00,636.69652,637
7/9/2019 0:00,639.66578,640
7/9/2019 1:00,606.11655,607
7/9/2019 2:00,538.16185,539
7/9/2019 3:00,493.9801,494
7/9/2019 4:00,471.88742,472
7/9/2019 5:00,455.96033,456
7/9/2019 6:00,438.51341,439
7/9/2019 7:00,447.51537,448
7/9/2019 8:00,530.55146,531
7/9/2019 9:00,684.94436,685
7/9/2019 10:00,741.0798,742
7/9/2019 11:00,748.61115,749
7/9/2019 12:00,754.72777,755
7/9/2019 13:00,776.80146,777
7/9/2019 14:00,794.40839,795
7/9/2019 15:00,771.40677,772
7/9/2019 16:00,751.05253,752
7/9/2019 17:00,711.34422,712
7/9/2019 18:00,666.76364,667
7/9/2019 19:00,630.59764,631
7/9/2019 20:00,589.88473,590
7/9/2019 21:00,594.70439,595
7/9/2019 22:00,623.25347,624
7/9/2019 23:00,642.1392,643
7/10/2019 0:00,610.03501,611
7/10/2019 1:00,589.51413,590
7/10/2019 2:00,525.8189,526
7/10/2019 3:00,487.88879,488
7/10/2019 4:00,464.21332,465
7/10/2019 5:00,446.18177,447
7/10/2019 6:00,413.42229,414
7/10/2019 7:00,451.4106,452
7/10/2019 8:00,539.70468,540
7/10/2019 9:00,629.91207,630
7/10/2019 10:00,695.03543,696
7/10/2019 11:00,707.74919,708
7/10/2019 12:00,718.03152,719
7/10/2019 13:00,721.76511,722
7/10/2019 14:00,724.42035,725
7/10/2019 15:00,711.87248,712
7/10/2019 16:00,701.99417,702
7/10/2019 17:00,665.99161,666
7/10/2019 18:00,647.6201,648
7/10/2019 19:00,611.53321,612
7/10/2019 20:00,575.63871,576
7/10/2019 21:00,571.13962,572
7/10/2019 22:00,590.93536,591
7/10/2019 23:00,607.62927,608
7/11/2019 0:00,622.77143,623
7/11/2019 1:00,561.32257,562
7/11/2019 2:00,512.18325,513
7/11/2019 3:00,480.04893,481
7/11/2019 4:00,454.41205,455
7/11/2019 5:00,451.52338,452
7/11/2019 6:00,450.43392,451
7/11/2019 7:00,453.35889,454
7/11/2019 8:00,530.55935,531
7/11/2019 9:00,630.83203,631
7/11/2019 10:00,717.81988,718
7/11/2019 11:00,767.2109,768
7/11/2019 12:00,756.63556,757
7/11/2019 13:00,727.33049,728
7/11/2019 14:00,727.95208,728
7/11/2019 15:00,725.55882,726
7/11/2019 16:00,696.19595,697
7/11/2019 17:00,663.75996,664
7/11/2019 18:00,634.21526,635
7/11/2019 19:00,609.77355,610
7/11/2019 20:00,581.93505,582
7/11/2019 21:00,592.67737,593
7/11/2019 22:00,624.80352,625
7/11/2019 23:00,631.72954,632
7/12/2019 0:00,648.14705,649
7/12/2019 1:00,608.51155,609
7/12/2019 2:00,567.39367,568
7/12/2019 3:00,513.52546,514
7/12/2019 4:00,492.89114,493
7/12/2019 5:00,470.72695,471
7/12/2019 6:00,464.00617,465
7/12/2019 7:00,468.44614,469
7/12/2019 8:00,508.07158,509
7/12/2019 9:00,616.37454,617
7/12/2019 10:00,667.23553,668
7/12/2019 11:00,674.34554,675
7/12/2019 12:00,682.67752,683
7/12/2019 13:00,678.90056,679
7/12/2019 14:00,657.72396,658
7/12/2019 15:00,631.62024,632
7/12/2019 16:00,626.71009,627
7/12/2019 17:00,612.64214,613
7/12/2019 18:00,593.91467,594
7/12/2019 19:00,588.78227,589
7/12/2019 20:00,564.42612,565
7/12/2019 21:00,529.79144,530
7/12/2019 22:00,537.32736,538
7/12/2019 23:00,550.38013,551
7/13/2019 0:00,560.95717,561
7/13/2019 1:00,538.23084,539
7/13/2019 2:00,531.12662,532
7/13/2019 3:00,486.51656,487
7/13/2019 4:00,450.22683,451
7/13/2019 5:00,441.06588,442
7/13/2019 6:00,425.39055,426
7/13/2019 7:00,418.37571,419
7/13/2019 8:00,417.37293,418
7/13/2019 9:00,448.53773,449
7/13/2019 10:00,486.70986,487
7/13/2019 11:00,504.64431,505
7/13/2019 12:00,497.36378,498
7/13/2019 13:00,536.46474,537
7/13/2019 14:00,581.8663,582
7/13/2019 15:00,566.06189,567
7/13/2019 16:00,546.71213,547
7/13/2019 17:00,526.23921,527
7/13/2019 18:00,495.12856,496
7/13/2019 19:00,482.34401,483
7/13/2019 20:00,510.21357,511
7/13/2019 21:00,511.48878,512
7/13/2019 22:00,551.78342,552
7/13/2019 23:00,579.90586,580
7/14/2019 0:00,579.8937,580
7/14/2019 1:00,536.91143,537
7/14/2019 2:00,484.25191,485
7/14/2019 3:00,473.10161,474
7/14/2019 4:00,447.50189,448
7/14/2019 5:00,432.01864,433
7/14/2019 6:00,417.09545,418
7/14/2019 7:00,407.32618,408
7/14/2019 8:00,401.53865,402
7/14/2019 9:00,409.45575,410
7/14/2019 10:00,445.85146,446
7/14/2019 11:00,474.79437,475
7/14/2019 12:00,522.9048,523
7/14/2019 13:00,555.70255,556
7/14/2019 14:00,563.35449,564
7/14/2019 15:00,549.68688,550
7/14/2019 16:00,552.58435,553
7/14/2019 17:00,566.11827,567
7/14/2019 18:00,527.70715,528
7/14/2019 19:00,527.10576,528
7/14/2019 20:00,520.22329,521
7/14/2019 21:00,533.3091,534
7/14/2019 22:00,551.73505,552
7/14/2019 23:00,579.19836,580
7/15/2019 0:00,585.24303,586
7/15/2019 1:00,542.33133,543
7/15/2019 2:00,505.39489,506
7/15/2019 3:00,465.35483,466
7/15/2019 4:00,451.25356,452
7/15/2019 5:00,438.52198,439
7/15/2019 6:00,413.12394,414
7/15/2019 7:00,416.05557,417
7/15/2019 8:00,499.75091,500
7/15/2019 9:00,628.65877,629
7/15/2019 10:00,657.71082,658
7/15/2019 11:00,668.23163,669
7/15/2019 12:00,679.65897,680
7/15/2019 13:00,714.14401,715
7/15/2019 14:00,745.9166,746
7/15/2019 15:00,762.96492,763
7/15/2019 16:00,712.35828,713
7/15/2019 17:00,696.47609,697
7/15/2019 18:00,650.74086,651
7/15/2019 19:00,601.85825,602
7/15/2019 20:00,592.1648,593
7/15/2019 21:00,600.42563,601
7/15/2019 22:00,627.36426,628
7/15/2019 23:00,626.12541,627
7/16/2019 0:00,612.79686,613
7/16/2019 1:00,569.74651,570
7/16/2019 2:00,554.42655,555
7/16/2019 3:00,521.64915,522
7/16/2019 4:00,480.27581,481
7/16/2019 5:00,468.65632,469
7/16/2019 6:00,436.06335,437
7/16/2019 7:00,448.01517,449
7/16/2019 8:00,520.38216,521
7/16/2019 9:00,644.22194,645
7/16/2019 10:00,711.0768,712
7/16/2019 11:00,711.69127,712
7/16/2019 12:00,693.90797,694
7/16/2019 13:00,715.85039,716
7/16/2019 14:00,753.81455,754
7/16/2019 15:00,743.49361,744
7/16/2019 16:00,746.64042,747
7/16/2019 17:00,708.66004,709
7/16/2019 18:00,674.46155,675
7/16/2019 19:00,650.48469,651
7/16/2019 20:00,631.39172,632
7/16/2019 21:00,645.59433,646
7/16/2019 22:00,652.14596,653
7/16/2019 23:00,646.9176,647
7/17/2019 0:00,644.10612,645
7/17/2019 1:00,624.55836,625
7/17/2019 2:00,575.04418,576
7/17/2019 3:00,520.17172,521
7/17/2019 4:00,518.88723,519
7/17/2019 5:00,501.72826,502
7/17/2019 6:00,489.02721,490
7/17/2019 7:00,506.96269,507
7/17/2019 8:00,563.05164,564
7/17/2019 9:00,646.65954,647
7/17/2019 10:00,711.35654,712
7/17/2019 11:00,732.88752,733
7/17/2019 12:00,718.75931,719
7/17/2019 13:00,714.66429,715
7/17/2019 14:00,731.12744,732
7/17/2019 15:00,733.5302,734
7/17/2019 16:00,745.46948,746
7/17/2019 17:00,696.74005,697
7/17/2019 18:00,641.1213,642
7/17/2019 19:00,636.42781,637
7/17/2019 20:00,626.51612,627
7/17/2019 21:00,635.14681,636
7/17/2019 22:00,649.84869,650
7/17/2019 23:00,669.95246,670
7/18/2019 0:00,676.93761,677
7/18/2019 1:00,643.4735,644
7/18/2019 2:00,585.29237,586
7/18/2019 3:00,530.33815,531
7/18/2019 4:00,501.74792,502
7/18/2019 5:00,471.67222,472
7/18/2019 6:00,446.85664,447
7/18/2019 7:00,451.7697,452
7/18/2019 8:00,529.90633,530
7/18/2019 9:00,640.64214,641
7/18/2019 10:00,682.41986,683
7/18/2019 11:00,702.40043,703
7/18/2019 12:00,708.07574,709
7/18/2019 13:00,733.28679,734
7/18/2019 14:00,735.63612,736
7/18/2019 15:00,747.84344,748
7/18/2019 16:00,714.90377,715
7/18/2019 17:00,668.40569,669
7/18/2019 18:00,636.56258,637
7/18/2019 19:00,629.9965,630
7/18/2019 20:00,618.33574,619
7/18/2019 21:00,622.23108,623
7/18/2019 22:00,614.81577,615
7/18/2019 23:00,608.06273,609
7/19/2019 0:00,584.96732,585
7/19/2019 1:00,565.43306,566
7/19/2019 2:00,509.53117,510
7/19/2019 3:00,479.02007,480
7/19/2019 4:00,456.71657,457
7/19/2019 5:00,449.03745,450
7/19/2019 6:00,420.94812,421
7/19/2019 7:00,462.67882,463
7/19/2019 8:00,541.18979,542
7/19/2019 9:00,625.02658,626
7/19/2019 10:00,662.57651,663
7/19/2019 11:00,678.91683,679
7/19/2019 12:00,668.20529,669
7/19/2019 13:00,669.00878,670
7/19/2019 14:00,670.47556,671
7/19/2019 15:00,672.99485,673
7/19/2019 16:00,674.31623,675
7/19/2019 17:00,643.0782,644
7/19/2019 18:00,598.11143,599
7/19/2019 19:00,580.31956,581
7/19/2019 20:00,559.93606,560
7/19/2019 21:00,544.0209,545
7/19/2019 22:00,578.51792,579
7/19/2019 23:00,590.68551,591
7/20/2019 0:00,570.07676,571
7/20/2019 1:00,552.34151,553
7/20/2019 2:00,506.13724,507
7/20/2019 3:00,476.93726,477
7/20/2019 4:00,459.97633,460
7/20/2019 5:00,458.88034,459
7/20/2019 6:00,438.34386,439
7/20/2019 7:00,429.24408,430
7/20/2019 8:00,447.82298,448
7/20/2019 9:00,476.61736,477
7/20/2019 10:00,503.75715,504
7/20/2019 11:00,521.28518,522
7/20/2019 12:00,519.8406,520
7/20/2019 13:00,545.17766,546
7/20/2019 14:00,534.52318,535
7/20/2019 15:00,549.00261,550
7/20/2019 16:00,514.61133,515
7/20/2019 17:00,489.16624,490
7/20/2019 18:00,484.7211,485
7/20/2019 19:00,498.8413,499
7/20/2019 20:00,492.04374,493
7/20/2019 21:00,512.47055,513
7/20/2019 22:00,539.05614,540
7/20/2019 23:00,562.80021,563
7/21/2019 0:00,558.56604,559
7/21/2019 1:00,543.74278,544
7/21/2019 2:00,501.90637,502
7/21/2019 3:00,483.1782,484
7/21/2019 4:00,455.18185,456
7/21/2019 5:00,442.677,443
7/21/2019 6:00,416.13622,417
7/21/2019 7:00,411.81941,412
7/21/2019 8:00,422.73588,423
7/21/2019 9:00,438.3321,439
7/21/2019 10:00,458.63744,459
7/21/2019 11:00,481.89361,482
7/21/2019 12:00,481.73189,482
7/21/2019 13:00,512.64181,513
7/21/2019 14:00,525.66752,526
7/21/2019 15:00,518.96461,519
7/21/2019 16:00,485.97156,486
7/21/2019 17:00,486.48621,487
7/21/2019 18:00,487.2372,488
7/21/2019 19:00,503.53072,504
7/21/2019 20:00,494.89419,495
7/21/2019 21:00,522.57056,523
7/21/2019 22:00,551.18231,552
7/21/2019 23:00,588.66061,589
7/22/2019 0:00,577.60116,578
7/22/2019 1:00,530.19747,531
7/22/2019 2:00,510.26691,511
7/22/2019 3:00,453.23809,454
7/22/2019 4:00,438.22063,439
7/22/2019 5:00,421.96072,422
7/22/2019 6:00,402.48865,403
7/22/2019 7:00,416.69758,417
7/22/2019 8:00,478.65911,479
7/22/2019 9:00,604.45628,605
7/22/2019 10:00,660.23308,661
7/22/2019 11:00,708.00562,709
7/22/2019 12:00,721.64349,722
7/22/2019 13:00,758.21565,759
7/22/2019 14:00,750.43324,751
7/22/2019 15:00,724.39698,725
7/22/2019 16:00,672.5561,673
7/22/2019 17:00,656.66561,657
7/22/2019 18:00,617.67473,618
7/22/2019 19:00,559.51485,560
7/22/2019 20:00,533.19778,534
7/22/2019 21:00,538.5657,539
7/22/2019 22:00,569.45499,570
7/22/2019 23:00,555.35874,556
7/23/2019 0:00,547.73972,548
7/23/2019 1:00,505.05097,506
7/23/2019 2:00,459.42997,460
7/23/2019 3:00,428.70767,429
7/23/2019 4:00,405.4187,406
7/23/2019 5:00,377.5229,378
7/23/2019 6:00,371.25575,372
7/23/2019 7:00,395.29808,396
7/23/2019 8:00,473.38152,474
7/23/2019 9:00,579.06736,580
7/23/2019 10:00,639.89674,640
7/23/2019 11:00,664.06816,665
7/23/2019 12:00,690.2769,691
7/23/2019 13:00,703.94599,704
7/23/2019 14:00,716.86118,717
7/23/2019 15:00,710.94419,711
7/23/2019 16:00,693.52561,694
7/23/2019 17:00,664.50586,665
7/23/2019 18:00,629.25126,630
7/23/2019 19:00,606.05891,607
7/23/2019 20:00,588.49405,589
7/23/2019 21:00,591.44855,592
7/23/2019 22:00,605.11263,606
7/23/2019 23:00,563.96434,564
7/24/2019 0:00,499.00724,500
7/24/2019 1:00,460.54156,461
7/24/2019 2:00,413.44187,414
7/24/2019 3:00,389.93083,390
7/24/2019 4:00,364.02041,365
7/24/2019 5:00,341.99782,342
7/24/2019 6:00,320.21929,321
7/24/2019 7:00,345.58611,346
7/24/2019 8:00,432.12109,433
7/24/2019 9:00,580.2991,581
7/24/2019 10:00,643.54466,644
7/24/2019 11:00,707.29202,708
7/24/2019 12:00,728.18803,729
7/24/2019 13:00,734.32817,735
7/24/2019 14:00,768.12337,769
7/24/2019 15:00,741.97451,742
7/24/2019 16:00,702.19526,703
7/24/2019 17:00,639.93586,640
7/24/2019 18:00,602.46382,603
7/24/2019 19:00,602.11893,603
7/24/2019 20:00,550.10055,551
7/24/2019 21:00,527.72811,528
7/24/2019 22:00,555.18218,556
7/24/2019 23:00,562.38545,563
7/25/2019 0:00,540.8827,541
7/25/2019 1:00,511.64472,512
7/25/2019 2:00,457.0995,458
7/25/2019 3:00,424.53278,425
7/25/2019 4:00,413.67593,414
7/25/2019 5:00,416.89128,417
7/25/2019 6:00,375.68228,376
7/25/2019 7:00,403.2289,404
7/25/2019 8:00,497.79079,498
7/25/2019 9:00,603.29649,604
7/25/2019 10:00,645.69865,646
7/25/2019 11:00,679.67391,680
7/25/2019 12:00,701.59693,702
7/25/2019 13:00,750.39545,751
7/25/2019 14:00,745.82556,746
7/25/2019 15:00,729.00423,730
7/25/2019 16:00,692.5674,693
7/25/2019 17:00,615.7359,616
7/25/2019 18:00,579.29765,580
7/25/2019 19:00,549.79771,550
7/25/2019 20:00,530.29973,531
7/25/2019 21:00,541.99151,542
7/25/2019 22:00,580.66068,581
7/25/2019 23:00,588.72466,589
7/26/2019 0:00,580.57032,581
7/26/2019 1:00,533.52796,534
7/26/2019 2:00,466.92554,467
7/26/2019 3:00,444.94361,445
7/26/2019 4:00,426.63937,427
7/26/2019 5:00,407.6195,408
7/26/2019 6:00,395.86129,396
7/26/2019 7:00,426.1109,427
7/26/2019 8:00,479.49389,480
7/26/2019 9:00,556.82792,557
7/26/2019 10:00,626.05261,627
7/26/2019 11:00,644.16067,645
7/26/2019 12:00,646.88908,647
7/26/2019 13:00,675.26457,676
7/26/2019 14:00,692.51496,693
7/26/2019 15:00,648.405,649
7/26/2019 16:00,597.99955,598
7/26/2019 17:00,578.68753,579
7/26/2019 18:00,575.09274,576
7/26/2019 19:00,537.66891,538
7/26/2019 20:00,504.60289,505
7/26/2019 21:00,493.71244,494
7/26/2019 22:00,516.85308,517
7/26/2019 23:00,551.19648,552
7/27/2019 0:00,523.98735,524
7/27/2019 1:00,504.82349,505
7/27/2019 2:00,472.41203,473
7/27/2019 3:00,447.31609,448
7/27/2019 4:00,417.25149,418
7/27/2019 5:00,405.58308,406
7/27/2019 6:00,398.251,399
7/27/2019 7:00,406.72749,407
7/27/2019 8:00,424.80513,425
7/27/2019 9:00,418.13815,419
7/27/2019 10:00,439.56247,440
7/27/2019 11:00,466.79032,467
7/27/2019 12:00,478.37542,479
7/27/2019 13:00,475.04047,476
7/27/2019 14:00,446.16249,447
7/27/2019 15:00,460.24344,461
7/27/2019 16:00,450.26304,451
7/27/2019 17:00,449.04481,450
7/27/2019 18:00,451.4995,452
7/27/2019 19:00,467.48094,468
7/27/2019 20:00,436.83677,437
7/27/2019 21:00,459.2803,460
7/27/2019 22:00,503.1488,504
7/27/2019 23:00,540.59239,541
7/28/2019 0:00,532.94572,533
7/28/2019 1:00,490.88231,491
7/28/2019 2:00,446.97119,447
7/28/2019 3:00,449.19355,450
7/28/2019 4:00,425.03158,426
7/28/2019 5:00,401.40078,402
7/28/2019 6:00,379.12893,380
7/28/2019 7:00,387.65924,388
7/28/2019 8:00,408.74952,409
7/28/2019 9:00,408.15735,409
7/28/2019 10:00,416.90728,417
7/28/2019 11:00,458.84683,459
7/28/2019 12:00,464.31989,465
7/28/2019 13:00,468.38631,469
7/28/2019 14:00,483.66253,484
7/28/2019 15:00,482.81414,483
7/28/2019 16:00,498.67778,499
7/28/2019 17:00,498.31727,499
7/28/2019 18:00,482.94009,483
7/28/2019 19:00,478.63786,479
7/28/2019 20:00,486.74777,487
7/28/2019 21:00,498.64927,499
7/28/2019 22:00,519.8417,520
7/28/2019 23:00,555.78592,556
7/29/2019 0:00,521.76222,522
7/29/2019 1:00,495.0071,496
7/29/2019 2:00,466.37602,467
7/29/2019 3:00,443.3888,444
7/29/2019 4:00,423.73546,424
7/29/2019 5:00,408.64712,409
7/29/2019 6:00,394.90849,395
7/29/2019 7:00,406.8713,407
7/29/2019 8:00,480.01908,481
7/29/2019 9:00,583.78292,584
7/29/2019 10:00,642.62073,643
7/29/2019 11:00,659.75578,660
7/29/2019 12:00,662.4761,663
7/29/2019 13:00,698.57148,699
7/29/2019 14:00,691.34441,692
7/29/2019 15:00,705.39843,706
7/29/2019 16:00,656.1015,657
7/29/2019 17:00,627.42038,628
7/29/2019 18:00,598.27559,599
7/29/2019 19:00,612.03617,613
7/29/2019 20:00,585.78856,586
7/29/2019 21:00,548.87353,549
7/29/2019 22:00,573.74077,574
7/29/2019 23:00,579.25979,580
7/30/2019 0:00,568.99514,569
7/30/2019 1:00,554.02477,555
7/30/2019 2:00,499.33275,500
7/30/2019 3:00,472.21673,473
7/30/2019 4:00,427.77359,428
7/30/2019 5:00,417.40744,418
7/30/2019 6:00,387.45973,388
7/30/2019 7:00,411.42073,412
7/30/2019 8:00,491.48218,492
7/30/2019 9:00,597.59715,598
7/30/2019 10:00,645.40826,646
7/30/2019 11:00,668.97877,669
7/30/2019 12:00,707.57562,708
7/30/2019 13:00,737.94295,738
7/30/2019 14:00,762.10126,763
7/30/2019 15:00,768.64927,769
7/30/2019 16:00,756.8849,757
7/30/2019 17:00,698.68939,699
7/30/2019 18:00,670.21579,671
7/30/2019 19:00,622.83043,623
7/30/2019 20:00,579.41989,580
7/30/2019 21:00,584.52246,585
7/30/2019 22:00,576.60636,577
7/30/2019 23:00,605.88294,606
7/31/2019 0:00,591.69758,592
7/31/2019 1:00,550.39425,551
7/31/2019 2:00,517.42147,518
7/31/2019 3:00,486.46585,487
7/31/2019 4:00,465.84518,466
7/31/2019 5:00,450.32795,451
7/31/2019 6:00,424.59512,425
7/31/2019 7:00,450.09919,451
7/31/2019 8:00,556.8007,557
7/31/2019 9:00,610.01977,611
7/31/2019 10:00,721.07544,722
7/31/2019 11:00,747.71025,748
7/31/2019 12:00,768.17798,769
7/31/2019 13:00,769.21763,770
7/31/2019 14:00,777.08473,778
7/31/2019 15:00,782.46649,783
7/31/2019 16:00,776.63226,777
7/31/2019 17:00,739.43101,740
7/31/2019 18:00,664.15208,665
7/31/2019 19:00,608.21681,609
7/31/2019 20:00,591.41963,592
7/31/2019 21:00,563.08827,564
7/31/2019 22:00,590.86115,591
7/31/2019 23:00,595.05798,596
8/1/2019 0:00,598.27372,599
8/1/2019 1:00,558.85483,559
8/1/2019 2:00,522.66932,523
8/1/2019 3:00,493.74172,494
8/1/2019 4:00,464.62207,465
8/1/2019 5:00,430.14566,431
8/1/2019 6:00,406.57361,407
8/1/2019 7:00,424.40578,425
8/1/2019 8:00,532.13256,533
8/1/2019 9:00,681.93292,682
8/1/2019 10:00,715.12897,716
8/1/2019 11:00,722.53429,723
8/1/2019 12:00,705.19824,706
8/1/2019 13:00,722.79633,723
8/1/2019 14:00,746.88355,747
8/1/2019 15:00,772.87662,773
8/1/2019 16:00,738.83757,739
8/1/2019 17:00,668.86038,669
8/1/2019 18:00,633.17844,634
8/1/2019 19:00,574.52052,575
8/1/2019 20:00,581.84203,582
8/1/2019 21:00,550.53148,551
8/1/2019 22:00,561.68611,562
8/1/2019 23:00,565.18655,566
8/2/2019 0:00,584.62084,585
8/2/2019 1:00,560.60151,561
8/2/2019 2:00,511.13411,512
8/2/2019 3:00,478.68856,479
8/2/2019 4:00,466.17874,467
8/2/2019 5:00,434.35887,435
8/2/2019 6:00,430.66082,431
8/2/2019 7:00,446.17429,447
8/2/2019 8:00,500.93065,501
8/2/2019 9:00,592.42985,593
8/2/2019 10:00,639.36515,640
8/2/2019 11:00,625.0762,626
8/2/2019 12:00,626.25244,627
8/2/2019 13:00,652.19688,653
8/2/2019 14:00,663.5747,664
8/2/2019 15:00,687.85017,688
8/2/2019 16:00,667.57279,668
8/2/2019 17:00,634.61015,635
8/2/2019 18:00,592.10825,593
8/2/2019 19:00,569.23117,570
8/2/2019 20:00,535.54312,536
8/2/2019 21:00,512.0223,513
8/2/2019 22:00,538.72339,539
8/2/2019 23:00,577.10603,578
8/3/2019 0:00,590.66907,591
8/3/2019 1:00,554.89268,555
8/3/2019 2:00,497.67623,498
8/3/2019 3:00,465.08261,466
8/3/2019 4:00,454.72567,455
8/3/2019 5:00,437.7303,438
8/3/2019 6:00,417.81094,418
8/3/2019 7:00,443.36114,444
8/3/2019 8:00,457.62532,458
8/3/2019 9:00,454.37751,455
8/3/2019 10:00,450.51872,451
8/3/2019 11:00,480.07662,481
8/3/2019 12:00,506.36995,507
8/3/2019 13:00,520.23818,521
8/3/2019 14:00,496.84535,497
8/3/2019 15:00,530.61266,531
8/3/2019 16:00,536.14141,537
8/3/2019 17:00,501.98628,502
8/3/2019 18:00,484.75744,485
8/3/2019 19:00,469.04473,470
8/3/2019 20:00,459.68171,460
8/3/2019 21:00,469.74176,470
8/3/2019 22:00,507.32346,508
8/3/2019 23:00,547.06469,548
8/4/2019 0:00,551.34624,552
8/4/2019 1:00,545.58812,546
8/4/2019 2:00,511.98312,512
8/4/2019 3:00,490.67083,491
8/4/2019 4:00,462.22471,463
8/4/2019 5:00,449.45058,450
8/4/2019 6:00,424.25674,425
8/4/2019 7:00,413.23859,414
8/4/2019 8:00,430.01689,431
8/4/2019 9:00,450.72693,451
8/4/2019 10:00,440.30999,441
8/4/2019 11:00,433.40799,434
8/4/2019 12:00,465.38158,466
8/4/2019 13:00,504.54472,505
8/4/2019 14:00,496.63215,497
8/4/2019 15:00,503.33283,504
8/4/2019 16:00,502.3952,503
8/4/2019 17:00,490.27633,491
8/4/2019 18:00,448.10871,449
8/4/2019 19:00,469.58854,470
8/4/2019 20:00,454.6883,455
8/4/2019 21:00,480.36592,481
8/4/2019 22:00,521.81003,522
8/4/2019 23:00,580.03168,581
8/5/2019 0:00,586.42417,587
8/5/2019 1:00,534.53792,535
8/5/2019 2:00,498.59155,499
8/5/2019 3:00,471.13511,472
8/5/2019 4:00,459.46829,460
8/5/2019 5:00,436.52691,437
8/5/2019 6:00,424.4494,425
8/5/2019 7:00,450.88239,451
8/5/2019 8:00,538.70841,539
8/5/2019 9:00,650.72312,651
8/5/2019 10:00,722.50863,723
8/5/2019 11:00,739.90337,740
8/5/2019 12:00,703.54404,704
8/5/2019 13:00,723.99089,724
8/5/2019 14:00,759.26575,760
8/5/2019 15:00,754.81816,755
8/5/2019 16:00,754.92348,755
8/5/2019 17:00,702.16505,703
8/5/2019 18:00,671.13861,672
8/5/2019 19:00,614.93408,615
8/5/2019 20:00,576.81551,577
8/5/2019 21:00,569.27047,570
8/5/2019 22:00,598.02951,599
8/5/2019 23:00,626.44291,627
8/6/2019 0:00,612.35266,613
8/6/2019 1:00,590.85743,591
8/6/2019 2:00,555.63564,556
8/6/2019 3:00,513.69965,514
8/6/2019 4:00,494.61497,495
8/6/2019 5:00,491.50029,492
8/6/2019 6:00,450.50579,451
8/6/2019 7:00,454.73185,455
8/6/2019 8:00,532.3778,533
8/6/2019 9:00,641.01013,642
8/6/2019 10:00,682.07646,683
8/6/2019 11:00,707.90018,708
8/6/2019 12:00,703.87555,704
8/6/2019 13:00,745.04957,746
8/6/2019 14:00,745.7964,746
8/6/2019 15:00,737.51091,738
8/6/2019 16:00,696.92158,697
8/6/2019 17:00,657.06707,658
8/6/2019 18:00,585.30771,586
8/6/2019 19:00,551.11457,552
8/6/2019 20:00,535.73261,536
8/6/2019 21:00,536.75442,537
8/6/2019 22:00,557.4533,558
8/6/2019 23:00,577.79895,578
8/7/2019 0:00,599.66559,600
8/7/2019 1:00,572.21451,573
8/7/2019 2:00,545.50552,546
8/7/2019 3:00,507.4972,508
8/7/2019 4:00,499.95715,500
8/7/2019 5:00,479.12886,480
8/7/2019 6:00,453.854,454
8/7/2019 7:00,444.74112,445
8/7/2019 8:00,522.17228,523
8/7/2019 9:00,649.81554,650
8/7/2019 10:00,687.68463,688
8/7/2019 11:00,683.31893,684
8/7/2019 12:00,666.00445,667
8/7/2019 13:00,690.65072,691
8/7/2019 14:00,693.10983,694
8/7/2019 15:00,691.27381,692
8/7/2019 16:00,722.7726,723
8/7/2019 17:00,647.45058,648
8/7/2019 18:00,588.32917,589
8/7/2019 19:00,552.80814,553
8/7/2019 20:00,536.36605,537
8/7/2019 21:00,530.85301,531
8/7/2019 22:00,542.63879,543
8/7/2019 23:00,611.10128,612
8/8/2019 0:00,595.60366,596
8/8/2019 1:00,559.3718,560
8/8/2019 2:00,521.78832,522
8/8/2019 3:00,484.65479,485
8/8/2019 4:00,482.2012,483
8/8/2019 5:00,470.61856,471
8/8/2019 6:00,427.16236,428
8/8/2019 7:00,433.66198,434
8/8/2019 8:00,501.60095,502
8/8/2019 9:00,569.26105,570
8/8/2019 10:00,665.92101,666
8/8/2019 11:00,706.5909,707
8/8/2019 12:00,685.80795,686
8/8/2019 13:00,657.54853,658
8/8/2019 14:00,668.73772,669
8/8/2019 15:00,705.57438,706
8/8/2019 16:00,652.95556,653
8/8/2019 17:00,581.27174,582
8/8/2019 18:00,521.74568,522
8/8/2019 19:00,477.58301,478
8/8/2019 20:00,450.15098,451
8/8/2019 21:00,463.05838,464
8/8/2019 22:00,468.31561,469
8/8/2019 23:00,480.80629,481
8/9/2019 0:00,503.27804,504
8/9/2019 1:00,539.88276,540
8/9/2019 2:00,480.35232,481
8/9/2019 3:00,448.54824,449
8/9/2019 4:00,438.31478,439
8/9/2019 5:00,438.37804,439
8/9/2019 6:00,414.51587,415
8/9/2019 7:00,411.02721,412
8/9/2019 8:00,385.00011,386
8/9/2019 9:00,390.99749,391
8/9/2019 10:00,396.35781,397
8/9/2019 11:00,409.41707,410
8/9/2019 12:00,412.63654,413
8/9/2019 13:00,406.23343,407
8/9/2019 14:00,381.84473,382
8/9/2019 15:00,480.60315,481
8/9/2019 16:00,392.01302,393
8/9/2019 17:00,406.31664,407
8/9/2019 18:00,404.21052,405
8/9/2019 19:00,389.85313,390
8/9/2019 20:00,389.78518,390
8/9/2019 21:00,385.19109,386
8/9/2019 22:00,404.47747,405
8/9/2019 23:00,454.3872,455
8/10/2019 0:00,458.98151,459
8/10/2019 1:00,450.66487,451
8/10/2019 2:00,419.65957,420
8/10/2019 3:00,425.58262,426
8/10/2019 4:00,406.24084,407
8/10/2019 5:00,400.65173,401
8/10/2019 6:00,392.47801,393
8/10/2019 7:00,380.49502,381
8/10/2019 8:00,398.13834,399
8/10/2019 9:00,443.27083,444
8/10/2019 10:00,473.48245,474
8/10/2019 11:00,484.39914,485
8/10/2019 12:00,457.93384,458
8/10/2019 13:00,491.40223,492
8/10/2019 14:00,504.65852,505
8/10/2019 15:00,512.85605,513
8/10/2019 16:00,511.93714,512
8/10/2019 17:00,493.42573,494
8/10/2019 18:00,474.10351,475
8/10/2019 19:00,461.00686,462
8/10/2019 20:00,486.30335,487
8/10/2019 21:00,475.93158,476
8/10/2019 22:00,507.02319,508
8/10/2019 23:00,529.03967,530
8/11/2019 0:00,532.02149,533
8/11/2019 1:00,488.25323,489
8/11/2019 2:00,457.28047,458
8/11/2019 3:00,430.14436,431
8/11/2019 4:00,415.45674,416
8/11/2019 5:00,405.67445,406
8/11/2019 6:00,383.2915,384
8/11/2019 7:00,388.40012,389
8/11/2019 8:00,401.86018,402
8/11/2019 9:00,419.31865,420
8/11/2019 10:00,432.29711,433
8/11/2019 11:00,425.52057,426
8/11/2019 12:00,445.43994,446
8/11/2019 13:00,470.97431,471
8/11/2019 14:00,504.54702,505
8/11/2019 15:00,535.3456,536
8/11/2019 16:00,513.68304,514
8/11/2019 17:00,487.74853,488
8/11/2019 18:00,470.89638,471
8/11/2019 19:00,468.48197,469
8/11/2019 20:00,457.70662,458
8/11/2019 21:00,467.75741,468
8/11/2019 22:00,524.94583,525
8/11/2019 23:00,569.65038,570
8/12/2019 0:00,561.73717,562
8/12/2019 1:00,523.25139,524
8/12/2019 2:00,495.5727,496
8/12/2019 3:00,473.14149,474
8/12/2019 4:00,439.90317,440
8/12/2019 5:00,426.38489,427
8/12/2019 6:00,408.42808,409
8/12/2019 7:00,419.75355,420
8/12/2019 8:00,500.95254,501
8/12/2019 9:00,616.65735,617
8/12/2019 10:00,689.09792,690
8/12/2019 11:00,697.94853,698
8/12/2019 12:00,681.87657,682
8/12/2019 13:00,719.58176,720
8/12/2019 14:00,686.4343,687
8/12/2019 15:00,673.51121,674
8/12/2019 16:00,660.10256,661
8/12/2019 17:00,629.75212,630
8/12/2019 18:00,597.48272,598
8/12/2019 19:00,579.66986,580
8/12/2019 20:00,568.34267,569
8/12/2019 21:00,545.6746,546
8/12/2019 22:00,565.7527,566
8/12/2019 23:00,608.15019,609
8/13/2019 0:00,622.3544,623
8/13/2019 1:00,567.33124,568
8/13/2019 2:00,529.10276,530
8/13/2019 3:00,476.84093,477
8/13/2019 4:00,464.02924,465
8/13/2019 5:00,441.86105,442
8/13/2019 6:00,419.37686,420
8/13/2019 7:00,436.56199,437
8/13/2019 8:00,530.52982,531
8/13/2019 9:00,600.73483,601
8/13/2019 10:00,667.64437,668
8/13/2019 11:00,681.28228,682
8/13/2019 12:00,672.18897,673
8/13/2019 13:00,679.6116,680
8/13/2019 14:00,710.12448,711
8/13/2019 15:00,713.33669,714
8/13/2019 16:00,701.66495,702
8/13/2019 17:00,660.35705,661
8/13/2019 18:00,610.94083,611
8/13/2019 19:00,592.17063,593
8/13/2019 20:00,562.43203,563
8/13/2019 21:00,547.54519,548
8/13/2019 22:00,567.59381,568
8/13/2019 23:00,586.2246,587
8/14/2019 0:00,566.84325,567
8/14/2019 1:00,545.2022,546
8/14/2019 2:00,494.68423,495
8/14/2019 3:00,465.00203,466
8/14/2019 4:00,447.71739,448
8/14/2019 5:00,421.05469,422
8/14/2019 6:00,408.25778,409
8/14/2019 7:00,427.33057,428
8/14/2019 8:00,569.75118,570
8/14/2019 9:00,618.43449,619
8/14/2019 10:00,702.06106,703
8/14/2019 11:00,716.40879,717
8/14/2019 12:00,682.79242,683
8/14/2019 13:00,720.09721,721
8/14/2019 14:00,761.39894,762
8/14/2019 15:00,730.60621,731
8/14/2019 16:00,703.50506,704
8/14/2019 17:00,642.34199,643
8/14/2019 18:00,618.37431,619
8/14/2019 19:00,601.61699,602
8/14/2019 20:00,584.59613,585
8/14/2019 21:00,573.91202,574
8/14/2019 22:00,629.35622,630
8/14/2019 23:00,662.75957,663
8/15/2019 0:00,648.76041,649
8/15/2019 1:00,603.41983,604
8/15/2019 2:00,564.0587,565
8/15/2019 3:00,516.02452,517
8/15/2019 4:00,490.89213,491
8/15/2019 5:00,461.86759,462
8/15/2019 6:00,445.19991,446
8/15/2019 7:00,516.29369,517
8/15/2019 8:00,562.15017,563
8/15/2019 9:00,611.79924,612
8/15/2019 10:00,715.60048,716
8/15/2019 11:00,741.95359,742
8/15/2019 12:00,719.92497,720
8/15/2019 13:00,735.74062,736
8/15/2019 14:00,759.89245,760
8/15/2019 15:00,757.11676,758
8/15/2019 16:00,707.1014,708
8/15/2019 17:00,667.3404,668
8/15/2019 18:00,625.63833,626
8/15/2019 19:00,586.93549,587
8/15/2019 20:00,543.26679,544
8/15/2019 21:00,533.88904,534
8/15/2019 22:00,564.95262,565
8/15/2019 23:00,603.79945,604
8/16/2019 0:00,573.7334,574
8/16/2019 1:00,545.99907,546
8/16/2019 2:00,508.96608,509
8/16/2019 3:00,487.01776,488
8/16/2019 4:00,460.80322,461
8/16/2019 5:00,445.71933,446
8/16/2019 6:00,431.0442,432
8/16/2019 7:00,431.93047,432
8/16/2019 8:00,500.12237,501
8/16/2019 9:00,532.39243,533
8/16/2019 10:00,614.92818,615
8/16/2019 11:00,638.86302,639
8/16/2019 12:00,613.66754,614
8/16/2019 13:00,650.82621,651
8/16/2019 14:00,671.32337,672
8/16/2019 15:00,683.72458,684
8/16/2019 16:00,666.3717,667
8/16/2019 17:00,628.43254,629
8/16/2019 18:00,603.14973,604
8/16/2019 19:00,588.59981,589
8/16/2019 20:00,536.44637,537
8/16/2019 21:00,534.78242,535
8/16/2019 22:00,544.36509,545
8/16/2019 23:00,617.31287,618
8/17/2019 0:00,593.36733,594
8/17/2019 1:00,542.15368,543
8/17/2019 2:00,509.47342,510
8/17/2019 3:00,467.50115,468
8/17/2019 4:00,445.97118,446
8/17/2019 5:00,435.66513,436
8/17/2019 6:00,390.11995,391
8/17/2019 7:00,410.20734,411
8/17/2019 8:00,454.00899,455
8/17/2019 9:00,461.44527,462
8/17/2019 10:00,471.75879,472
8/17/2019 11:00,493.36857,494
8/17/2019 12:00,509.92714,510
8/17/2019 13:00,547.35798,548
8/17/2019 14:00,535.01937,536
8/17/2019 15:00,526.11389,527
8/17/2019 16:00,524.70204,525
8/17/2019 17:00,529.90346,530
8/17/2019 18:00,467.23158,468
8/17/2019 19:00,492.00249,493
8/17/2019 20:00,490.01105,491
8/17/2019 21:00,512.17828,513
8/17/2019 22:00,548.11833,549
8/17/2019 23:00,575.01291,576
8/18/2019 0:00,574.34658,575
8/18/2019 1:00,549.14756,550
8/18/2019 2:00,500.72947,501
8/18/2019 3:00,474.57785,475
8/18/2019 4:00,448.22807,449
8/18/2019 5:00,429.23083,430
8/18/2019 6:00,409.87478,410
8/18/2019 7:00,412.16276,413
8/18/2019 8:00,423.37109,424
8/18/2019 9:00,428.80136,429
8/18/2019 10:00,446.04381,447
8/18/2019 11:00,464.08614,465
8/18/2019 12:00,491.20444,492
8/18/2019 13:00,511.50598,512
8/18/2019 14:00,523.39954,524
8/18/2019 15:00,527.54988,528
8/18/2019 16:00,525.96707,526
8/18/2019 17:00,526.02506,527
8/18/2019 18:00,507.15,508
8/18/2019 19:00,512.07447,513
8/18/2019 20:00,521.24735,522
8/18/2019 21:00,550.7717,551
8/18/2019 22:00,580.37598,581
8/18/2019 23:00,615.16319,616
8/19/2019 0:00,606.96899,607
8/19/2019 1:00,561.72603,562
8/19/2019 2:00,522.5006,523
8/19/2019 3:00,480.27785,481
8/19/2019 4:00,455.53957,456
8/19/2019 5:00,438.00846,439
8/19/2019 6:00,421.90433,422
8/19/2019 7:00,439.55707,440
8/19/2019 8:00,516.52094,517
8/19/2019 9:00,611.1154,612
8/19/2019 10:00,670.73848,671
8/19/2019 11:00,695.85607,696
8/19/2019 12:00,696.00267,697
8/19/2019 13:00,710.83622,711
8/19/2019 14:00,717.06399,718
8/19/2019 15:00,714.75979,715
8/19/2019 16:00,686.27517,687
8/19/2019 17:00,667.32833,668
8/19/2019 18:00,632.87811,633
8/19/2019 19:00,609.65134,610
8/19/2019 20:00,593.86014,594
8/19/2019 21:00,593.89971,594
8/19/2019 22:00,610.0918,611
8/19/2019 23:00,623.57003,624
8/20/2019 0:00,620.72233,621
8/20/2019 1:00,574.61946,575
8/20/2019 2:00,529.70656,530
8/20/2019 3:00,490.24916,491
8/20/2019 4:00,464.7748,465
8/20/2019 5:00,443.88405,444
8/20/2019 6:00,424.75115,425
8/20/2019 7:00,441.30154,442
8/20/2019 8:00,509.06286,510
8/20/2019 9:00,608.57293,609
8/20/2019 10:00,662.02105,663
8/20/2019 11:00,682.63047,683
8/20/2019 12:00,690.2769,691
8/20/2019 13:00,703.94599,704
8/20/2019 14:00,716.86118,717
8/20/2019 15:00,710.94419,711
8/20/2019 16:00,693.52561,694
8/20/2019 17:00,664.50586,665
8/20/2019 18:00,629.25126,630
8/20/2019 19:00,606.05891,607
8/20/2019 20:00,588.49405,589
8/20/2019 21:00,591.57532,592
8/20/2019 22:00,605.23645,606
8/20/2019 23:00,606.64934,607
8/21/2019 0:00,588.03052,589
8/21/2019 1:00,554.26334,555
8/21/2019 2:00,512.83897,513
8/21/2019 3:00,473.24749,474
8/21/2019 4:00,450.68345,451
8/21/2019 5:00,430.44164,431
8/21/2019 6:00,409.50728,410
8/21/2019 7:00,428.8535,429
8/21/2019 8:00,513.30367,514
8/21/2019 9:00,601.16247,602
8/21/2019 10:00,673.34882,674
8/21/2019 11:00,691.68688,692
8/21/2019 12:00,701.77893,702
8/21/2019 13:00,713.82618,714
8/21/2019 14:00,729.39478,730
8/21/2019 15:00,721.82521,722
8/21/2019 16:00,706.07938,707
8/21/2019 17:00,668.35158,669
8/21/2019 18:00,632.70105,633
8/21/2019 19:00,615.57108,616
8/21/2019 20:00,593.50971,594
8/21/2019 21:00,587.53677,588
8/21/2019 22:00,609.89364,610
8/21/2019 23:00,632.72024,633
8/22/2019 0:00,620.87077,621
8/22/2019 1:00,580.4532,581
8/22/2019 2:00,532.36019,533
8/22/2019 3:00,489.49058,490
8/22/2019 4:00,464.05282,465
8/22/2019 5:00,445.85967,446
8/22/2019 6:00,424.88066,425
8/22/2019 7:00,448.19075,449
8/22/2019 8:00,526.86797,527
8/22/2019 9:00,620.72832,621
8/22/2019 10:00,680.84619,681
8/22/2019 11:00,677.6678,678
8/22/2019 12:00,684.5504,685
8/22/2019 13:00,708.64599,709
8/22/2019 14:00,735.13914,736
8/22/2019 15:00,722.16994,723
8/22/2019 16:00,708.0811,709
8/22/2019 17:00,661.99595,662
8/22/2019 18:00,615.1375,616
8/22/2019 19:00,555.55719,556
8/22/2019 20:00,505.13865,506
8/22/2019 21:00,513.60699,514
8/22/2019 22:00,523.11889,524
8/22/2019 23:00,525.68433,526
8/23/2019 0:00,516.64638,517
8/23/2019 1:00,485.82573,486
8/23/2019 2:00,439.58354,440
8/23/2019 3:00,445.09225,446
8/23/2019 4:00,422.93745,423
8/23/2019 5:00,420.13232,421
8/23/2019 6:00,404.66762,405
8/23/2019 7:00,424.79891,425
8/23/2019 8:00,484.71362,485
8/23/2019 9:00,532.02424,533
8/23/2019 10:00,615.81049,616
8/23/2019 11:00,640.16386,641
8/23/2019 12:00,610.17026,611
8/23/2019 13:00,601.16262,602
8/23/2019 14:00,619.5788,620
8/23/2019 15:00,641.73672,642
8/23/2019 16:00,627.81323,628
8/23/2019 17:00,605.38782,606
8/23/2019 18:00,572.21214,573
8/23/2019 19:00,546.24793,547
8/23/2019 20:00,525.53502,526
8/23/2019 21:00,520.51415,521
8/23/2019 22:00,539.11207,540
8/23/2019 23:00,574.16371,575
8/24/2019 0:00,575.97597,576
8/24/2019 1:00,545.21637,546
8/24/2019 2:00,508.83123,509
8/24/2019 3:00,475.19682,476
8/24/2019 4:00,447.72964,448
8/24/2019 5:00,430.07137,431
8/24/2019 6:00,414.02276,415
8/24/2019 7:00,421.06586,422
8/24/2019 8:00,443.68785,444
8/24/2019 9:00,459.07524,460
8/24/2019 10:00,483.23981,484
8/24/2019 11:00,506.16636,507
8/24/2019 12:00,509.95139,510
8/24/2019 13:00,531.15111,532
8/24/2019 14:00,532.66464,533
8/24/2019 15:00,537.22195,538
8/24/2019 16:00,528.46332,529
8/24/2019 17:00,516.60204,517
8/24/2019 18:00,496.20632,497
8/24/2019 19:00,494.34543,495
8/24/2019 20:00,499.46556,500
8/24/2019 21:00,512.17828,513
8/24/2019 22:00,548.11833,549
8/24/2019 23:00,575.01291,576
8/25/2019 0:00,574.34658,575
8/25/2019 1:00,549.14756,550
8/25/2019 2:00,500.72947,501
8/25/2019 3:00,474.57785,475
8/25/2019 4:00,448.22807,449
8/25/2019 5:00,429.23083,430
8/25/2019 6:00,409.87478,410
8/25/2019 7:00,412.16276,413
8/25/2019 8:00,423.37109,424
8/25/2019 9:00,428.80136,429
8/25/2019 10:00,446.04381,447
8/25/2019 11:00,464.08614,465
8/25/2019 12:00,491.20444,492
8/25/2019 13:00,511.50598,512
8/25/2019 14:00,523.39954,524
8/25/2019 15:00,527.54988,528
8/25/2019 16:00,525.96707,526
8/25/2019 17:00,526.02506,527
8/25/2019 18:00,507.15,508
8/25/2019 19:00,512.07447,513
8/25/2019 20:00,521.24735,522
8/25/2019 21:00,550.7717,551
8/25/2019 22:00,580.37598,581
8/25/2019 23:00,615.16319,616
8/26/2019 0:00,606.96899,607
8/26/2019 1:00,561.72603,562
8/26/2019 2:00,522.5006,523
8/26/2019 3:00,480.27785,481
8/26/2019 4:00,455.53957,456
8/26/2019 5:00,438.00846,439
8/26/2019 6:00,421.90433,422
8/26/2019 7:00,439.55707,440
8/26/2019 8:00,516.52094,517
8/26/2019 9:00,611.1154,612
8/26/2019 10:00,670.73848,671
8/26/2019 11:00,695.85607,696
8/26/2019 12:00,696.00267,697
8/26/2019 13:00,710.83622,711
8/26/2019 14:00,717.06399,718
8/26/2019 15:00,714.75979,715
8/26/2019 16:00,686.27517,687
8/26/2019 17:00,667.32833,668
8/26/2019 18:00,632.87811,633
8/26/2019 19:00,609.65134,610
8/26/2019 20:00,593.86014,594
8/26/2019 21:00,593.89971,594
8/26/2019 22:00,610.0918,611
8/26/2019 23:00,623.57003,624
8/27/2019 0:00,620.72233,621
8/27/2019 1:00,574.61946,575
8/27/2019 2:00,529.70656,530
8/27/2019 3:00,490.24916,491
8/27/2019 4:00,464.7748,465
8/27/2019 5:00,443.88405,444
8/27/2019 6:00,424.75115,425
8/27/2019 7:00,441.30154,442
8/27/2019 8:00,509.06286,510
8/27/2019 9:00,608.57293,609
8/27/2019 10:00,662.02105,663
8/27/2019 11:00,682.63047,683
8/27/2019 12:00,690.2769,691
8/27/2019 13:00,703.94599,704
8/27/2019 14:00,716.86118,717
8/27/2019 15:00,710.94419,711
8/27/2019 16:00,693.52561,694
8/27/2019 17:00,664.50586,665
8/27/2019 18:00,629.25126,630
8/27/2019 19:00,606.05891,607
8/27/2019 20:00,588.49405,589
8/27/2019 21:00,591.57532,592
8/27/2019 22:00,605.23645,606
8/27/2019 23:00,606.64934,607
8/28/2019 0:00,588.03052,589
8/28/2019 1:00,554.26334,555
8/28/2019 2:00,512.83897,513
8/28/2019 3:00,473.24749,474
8/28/2019 4:00,450.68345,451
8/28/2019 5:00,430.44164,431
8/28/2019 6:00,409.50728,410
8/28/2019 7:00,428.8535,429
8/28/2019 8:00,513.30367,514
8/28/2019 9:00,601.16247,602
8/28/2019 10:00,673.34882,674
8/28/2019 11:00,691.68688,692
8/28/2019 12:00,701.77893,702
8/28/2019 13:00,713.82618,714
8/28/2019 14:00,729.39478,730
8/28/2019 15:00,721.82521,722
8/28/2019 16:00,706.07938,707
8/28/2019 17:00,668.35158,669
8/28/2019 18:00,632.70105,633
8/28/2019 19:00,615.57108,616
8/28/2019 20:00,593.50971,594
8/28/2019 21:00,587.53677,588
8/28/2019 22:00,609.89364,610
8/28/2019 23:00,632.72024,633
8/29/2019 0:00,620.87077,621
8/29/2019 1:00,580.4532,581
8/29/2019 2:00,532.36019,533
8/29/2019 3:00,489.49058,490
8/29/2019 4:00,464.05282,465
8/29/2019 5:00,445.85967,446
8/29/2019 6:00,424.88066,425
8/29/2019 7:00,448.19075,449
8/29/2019 8:00,526.86797,527
8/29/2019 9:00,620.72832,621
8/29/2019 10:00,680.84619,681
8/29/2019 11:00,712.93301,713
8/29/2019 12:00,711.29057,712
8/29/2019 13:00,720.18706,721
8/29/2019 14:00,734.67,735
8/29/2019 15:00,738.14323,739
8/29/2019 16:00,710.10317,711
8/29/2019 17:00,656.34815,657
8/29/2019 18:00,621.45341,622
8/29/2019 19:00,586.88819,587
8/29/2019 20:00,570.84476,571
8/29/2019 21:00,573.41723,574
8/29/2019 22:00,587.62967,588
8/29/2019 23:00,598.65338,599
8/30/2019 0:00,593.1832,594
8/30/2019 1:00,571.56665,572
8/30/2019 2:00,515.51182,516
8/30/2019 3:00,481.53947,482
8/30/2019 4:00,460.21522,461
8/30/2019 5:00,442.72542,443
8/30/2019 6:00,424.33798,425
8/30/2019 7:00,437.61071,438
8/30/2019 8:00,493.68743,494
8/30/2019 9:00,558.34683,559
8/30/2019 10:00,583.50003,584
8/30/2019 11:00,596.79639,597
8/30/2019 12:00,569.45124,570
8/30/2019 13:00,585.13506,586
8/30/2019 14:00,579.75367,580
8/30/2019 15:00,561.6159,562
8/30/2019 16:00,544.13123,545
8/30/2019 17:00,533.64456,534
8/30/2019 18:00,502.31543,503
8/30/2019 19:00,468.51014,469
8/30/2019 20:00,445.21721,446
8/30/2019 21:00,420.00641,421
8/30/2019 22:00,424.158,425
8/30/2019 23:00,429.36604,430
8/31/2019 0:00,432.69959,433
8/31/2019 1:00,421.94234,422
8/31/2019 2:00,414.9843,415
8/31/2019 3:00,382.40031,383
8/31/2019 4:00,366.02845,367
8/31/2019 5:00,361.7894,362
8/31/2019 6:00,358.94359,359
8/31/2019 7:00,381.29465,382
8/31/2019 8:00,392.64854,393
8/31/2019 9:00,419.38845,420
8/31/2019 10:00,451.80969,452
8/31/2019 11:00,497.64346,498
8/31/2019 12:00,498.71798,499
8/31/2019 13:00,505.57909,506
8/31/2019 14:00,516.59618,517
8/31/2019 15:00,552.97189,553
8/31/2019 16:00,522.0675,523
8/31/2019 17:00,518.95044,519
8/31/2019 18:00,498.1201,499
8/31/2019 19:00,488.39691,489
8/31/2019 20:00,489.25725,490
8/31/2019 21:00,509.61434,510
8/31/2019 22:00,554.20425,555
8/31/2019 23:00,586.05125,587
9/1/2019 0:00,568.01429,569
9/1/2019 1:00,565.73902,566
9/1/2019 2:00,507.37848,508
9/1/2019 3:00,490.35118,491
9/1/2019 4:00,458.48918,459
9/1/2019 5:00,436.7372,437
9/1/2019 6:00,419.03098,420
9/1/2019 7:00,438.01357,439
9/1/2019 8:00,442.70575,443
9/1/2019 9:00,448.77245,449
9/1/2019 10:00,475.4863,476
9/1/2019 11:00,484.17492,485
9/1/2019 12:00,506.11393,507
9/1/2019 13:00,542.29688,543
9/1/2019 14:00,562.76202,563
9/1/2019 15:00,582.1931,583
9/1/2019 16:00,601.85993,602
9/1/2019 17:00,568.04543,569
9/1/2019 18:00,557.31578,558
9/1/2019 19:00,553.15915,554
9/1/2019 20:00,577.95928,578
9/1/2019 21:00,563.13432,564
9/1/2019 22:00,624.17666,625
9/1/2019 23:00,663.76059,664
9/2/2019 0:00,640.46519,641
9/2/2019 1:00,606.59767,607
9/2/2019 2:00,574.4583,575
9/2/2019 3:00,529.18196,530
9/2/2019 4:00,505.15401,506
9/2/2019 5:00,489.29457,490
9/2/2019 6:00,473.16109,474
9/2/2019 7:00,502.35125,503
9/2/2019 8:00,553.6652,554
9/2/2019 9:00,648.20614,649
9/2/2019 10:00,696.1651,697
9/2/2019 11:00,719.84145,720
9/2/2019 12:00,696.64623,697
9/2/2019 13:00,727.36248,728
9/2/2019 14:00,737.13418,738
9/2/2019 15:00,761.38086,762
9/2/2019 16:00,750.90854,751
9/2/2019 17:00,700.19362,701
9/2/2019 18:00,645.72383,646
9/2/2019 19:00,601.01475,602
9/2/2019 20:00,612.30305,613
9/2/2019 21:00,656.4946,657
9/2/2019 22:00,706.09067,707
9/2/2019 23:00,729.23207,730
9/3/2019 0:00,700.64184,701
9/3/2019 1:00,639.7044,640
9/3/2019 2:00,590.04148,591
9/3/2019 3:00,559.3685,560
9/3/2019 4:00,535.53547,536
9/3/2019 5:00,507.75151,508
9/3/2019 6:00,487.79424,488
9/3/2019 7:00,523.50203,524
9/3/2019 8:00,591.42926,592
9/3/2019 9:00,636.89339,637
9/3/2019 10:00,666.25765,667
9/3/2019 11:00,709.69298,710
9/3/2019 12:00,732.44406,733
9/3/2019 13:00,755.83607,756
9/3/2019 14:00,778.2543,779
9/3/2019 15:00,814.82974,815
9/3/2019 16:00,752.04016,753
9/3/2019 17:00,670.36217,671
9/3/2019 18:00,627.80742,628
9/3/2019 19:00,589.58633,590
9/3/2019 20:00,639.999,640
9/3/2019 21:00,675.48336,676
9/3/2019 22:00,696.39964,697
9/3/2019 23:00,720.08863,721
9/4/2019 0:00,712.63107,713
9/4/2019 1:00,645.96955,646
9/4/2019 2:00,595.57233,596
9/4/2019 3:00,557.24392,558
9/4/2019 4:00,519.28859,520
9/4/2019 5:00,500.07525,501
9/4/2019 6:00,489.61394,490
9/4/2019 7:00,502.12031,503
9/4/2019 8:00,563.11665,564
9/4/2019 9:00,603.27604,604
9/4/2019 10:00,684.61907,685
9/4/2019 11:00,701.41808,702
9/4/2019 12:00,668.82865,669
9/4/2019 13:00,663.95899,664
9/4/2019 14:00,684.77027,685
9/4/2019 15:00,681.58942,682
9/4/2019 16:00,672.68941,673
9/4/2019 17:00,647.7326,648
9/4/2019 18:00,597.88839,598
9/4/2019 19:00,570.96755,571
9/4/2019 20:00,605.20767,606
9/4/2019 21:00,642.55935,643
9/4/2019 22:00,684.34724,685
9/4/2019 23:00,682.85429,683
9/5/2019 0:00,636.21767,637
9/5/2019 1:00,585.35327,586
9/5/2019 2:00,529.32863,530
9/5/2019 3:00,499.93268,500
9/5/2019 4:00,476.36751,477
9/5/2019 5:00,452.61425,453
9/5/2019 6:00,434.44569,435
9/5/2019 7:00,465.64283,466
9/5/2019 8:00,537.88826,538
9/5/2019 9:00,529.53634,530
9/5/2019 10:00,579.29193,580
9/5/2019 11:00,610.48095,611
9/5/2019 12:00,608.19649,609
9/5/2019 13:00,628.42627,629
9/5/2019 14:00,650.46524,651
9/5/2019 15:00,653.0122,654
9/5/2019 16:00,653.34605,654
9/5/2019 17:00,674.95169,675
9/5/2019 18:00,604.27484,605
9/5/2019 19:00,559.90013,560
9/5/2019 20:00,578.58268,579
9/5/2019 21:00,613.52036,614
9/5/2019 22:00,623.17435,624
9/5/2019 23:00,628.8099,629
9/6/2019 0:00,591.73729,592
9/6/2019 1:00,526.95037,527
9/6/2019 2:00,489.94402,490
9/6/2019 3:00,456.8298,457
9/6/2019 4:00,441.24064,442
9/6/2019 5:00,434.95461,435
9/6/2019 6:00,410.48856,411
9/6/2019 7:00,446.21757,447
9/6/2019 8:00,520.83407,521
9/6/2019 9:00,599.9396,600
9/6/2019 10:00,638.10032,639
9/6/2019 11:00,664.80604,665
9/6/2019 12:00,653.38487,654
9/6/2019 13:00,658.44197,659
9/6/2019 14:00,654.97994,655
9/6/2019 15:00,685.20732,686
9/6/2019 16:00,695.32644,696
9/6/2019 17:00,671.96419,672
9/6/2019 18:00,595.13056,596
9/6/2019 19:00,540.11395,541
9/6/2019 20:00,574.79397,575
9/6/2019 21:00,611.80165,612
9/6/2019 22:00,651.2219,652
9/6/2019 23:00,671.30394,672
9/7/2019 0:00,638.73196,639
9/7/2019 1:00,552.99117,553
9/7/2019 2:00,514.08757,515
9/7/2019 3:00,477.86948,478
9/7/2019 4:00,462.98947,463
9/7/2019 5:00,438.42759,439
9/7/2019 6:00,428.02721,429
9/7/2019 7:00,451.70616,452
9/7/2019 8:00,450.16929,451
9/7/2019 9:00,453.14687,454
9/7/2019 10:00,511.34596,512
9/7/2019 11:00,541.28794,542
9/7/2019 12:00,538.61507,539
9/7/2019 13:00,528.8687,529
9/7/2019 14:00,528.526,529
9/7/2019 15:00,519.65364,520
9/7/2019 16:00,538.12274,539
9/7/2019 17:00,509.02674,510
9/7/2019 18:00,504.64221,505
9/7/2019 19:00,499.90098,500
9/7/2019 20:00,549.90191,550
9/7/2019 21:00,576.84158,577
9/7/2019 22:00,619.57869,620
9/7/2019 23:00,636.72809,637
9/8/2019 0:00,597.73826,598
9/8/2019 1:00,535.73613,536
9/8/2019 2:00,487.25593,488
9/8/2019 3:00,460.71023,461
9/8/2019 4:00,445.58795,446
9/8/2019 5:00,428.74153,429
9/8/2019 6:00,409.79622,410
9/8/2019 7:00,419.62082,420
9/8/2019 8:00,447.70398,448
9/8/2019 9:00,472.64413,473
9/8/2019 10:00,488.19771,489
9/8/2019 11:00,475.27945,476
9/8/2019 12:00,463.05806,464
9/8/2019 13:00,507.87341,508
9/8/2019 14:00,492.339,493
9/8/2019 15:00,512.99147,513
9/8/2019 16:00,527.58609,528
9/8/2019 17:00,524.56571,525
9/8/2019 18:00,526.16854,527
9/8/2019 19:00,536.89967,537
9/8/2019 20:00,546.56342,547
9/8/2019 21:00,568.37756,569
9/8/2019 22:00,598.63101,599
9/8/2019 23:00,618.13494,619
9/9/2019 0:00,578.1641,579
9/9/2019 1:00,479.58699,480
9/9/2019 2:00,437.28712,438
9/9/2019 3:00,393.7534,394
9/9/2019 4:00,379.59975,380
9/9/2019 5:00,375.78375,376
9/9/2019 6:00,369.43672,370
9/9/2019 7:00,412.83671,413
9/9/2019 8:00,532.51266,533
9/9/2019 9:00,634.64423,635
9/9/2019 10:00,633.96763,634
9/9/2019 11:00,669.51949,670
9/9/2019 12:00,667.83925,668
9/9/2019 13:00,694.03124,695
9/9/2019 14:00,709.76054,710
9/9/2019 15:00,718.04441,719
9/9/2019 16:00,691.68456,692
9/9/2019 17:00,653.69248,654
9/9/2019 18:00,654.15363,655
9/9/2019 19:00,645.18655,646
9/9/2019 20:00,664.43411,665
9/9/2019 21:00,698.8772,699
9/9/2019 22:00,750.72165,751
9/9/2019 23:00,748.43896,749
9/10/2019 0:00,661.9117,662
9/10/2019 1:00,555.65295,556
9/10/2019 2:00,504.22657,505
9/10/2019 3:00,480.18446,481
9/10/2019 4:00,452.91183,453
9/10/2019 5:00,433.91669,434
9/10/2019 6:00,426.03668,427
9/10/2019 7:00,466.48833,467
9/10/2019 8:00,562.34524,563
9/10/2019 9:00,639.08459,640
9/10/2019 10:00,697.01914,698
9/10/2019 11:00,747.23376,748
9/10/2019 12:00,761.70453,762
9/10/2019 13:00,735.67244,736
9/10/2019 14:00,772.73323,773
9/10/2019 15:00,803.97086,804
9/10/2019 16:00,803.14239,804
9/10/2019 17:00,790.62301,791
9/10/2019 18:00,775.56544,776
9/10/2019 19:00,699.37642,700
9/10/2019 20:00,720.48443,721
9/10/2019 21:00,725.56395,726
9/10/2019 22:00,766.67172,767
9/10/2019 23:00,769.55452,770
9/11/2019 0:00,695.73974,696
9/11/2019 1:00,618.50657,619
9/11/2019 2:00,553.60703,554
9/11/2019 3:00,510.61733,511
9/11/2019 4:00,476.08084,477
9/11/2019 5:00,470.52026,471
9/11/2019 6:00,455.05446,456
9/11/2019 7:00,498.24454,499
9/11/2019 8:00,592.35797,593
9/11/2019 9:00,692.01984,693
9/11/2019 10:00,772.07228,773
9/11/2019 11:00,783.88292,784
9/11/2019 12:00,815.04159,816
9/11/2019 13:00,660.99243,661
9/11/2019 14:00,555.28169,556
9/11/2019 15:00,585.76651,586
9/11/2019 16:00,576.19811,577
9/11/2019 17:00,687.02632,688
9/11/2019 18:00,699.20554,700
9/11/2019 19:00,674.45732,675
9/11/2019 20:00,691.86164,692
9/11/2019 21:00,725.80801,726
9/11/2019 22:00,775.283,776
9/11/2019 23:00,810.24295,811
9/12/2019 0:00,745.59233,746
9/12/2019 1:00,651.75433,652
9/12/2019 2:00,585.24606,586
9/12/2019 3:00,539.54895,540
9/12/2019 4:00,520.82202,521
9/12/2019 5:00,498.57372,499
9/12/2019 6:00,481.36558,482
9/12/2019 7:00,561.93134,562
9/12/2019 8:00,683.89524,684
9/12/2019 9:00,750.34628,751
9/12/2019 10:00,738.60936,739
9/12/2019 11:00,768.82323,769
9/12/2019 12:00,788.42048,789
9/12/2019 13:00,739.43804,740
9/12/2019 14:00,730.61569,731
9/12/2019 15:00,754.45676,755
9/12/2019 16:00,738.36488,739
9/12/2019 17:00,711.38002,712
9/12/2019 18:00,640.48669,641
9/12/2019 19:00,578.05381,579
9/12/2019 20:00,571.04735,572
9/12/2019 21:00,585.4072,586
9/12/2019 22:00,610.2422,611
9/12/2019 23:00,676.39273,677
9/13/2019 0:00,637.03484,638
9/13/2019 1:00,564.31539,565
9/13/2019 2:00,536.38403,537
9/13/2019 3:00,503.85035,504
9/13/2019 4:00,487.83634,488
9/13/2019 5:00,461.4814,462
9/13/2019 6:00,427.45939,428
9/13/2019 7:00,452.33943,453
9/13/2019 8:00,452.96582,453
9/13/2019 9:00,441.01536,442
9/13/2019 10:00,477.09245,478
9/13/2019 11:00,493.1055,494
9/13/2019 12:00,462.86946,463
9/13/2019 13:00,433.77492,434
9/13/2019 14:00,459.67946,460
9/13/2019 15:00,458.44135,459
9/13/2019 16:00,455.82005,456
9/13/2019 17:00,448.0172,449
9/13/2019 18:00,446.91178,447
9/13/2019 19:00,453.94267,454
9/13/2019 20:00,454.48851,455
9/13/2019 21:00,443.20648,444
9/13/2019 22:00,495.42175,496
9/13/2019 23:00,545.81184,546
9/14/2019 0:00,542.36055,543
9/14/2019 1:00,505.09224,506
9/14/2019 2:00,449.38697,450
9/14/2019 3:00,413.57415,414
9/14/2019 4:00,407.52232,408
9/14/2019 5:00,388.25135,389
9/14/2019 6:00,369.75341,370
9/14/2019 7:00,367.19149,368
9/14/2019 8:00,390.06705,391
9/14/2019 9:00,380.30213,381
9/14/2019 10:00,394.42407,395
9/14/2019 11:00,395.45062,396
9/14/2019 12:00,403.58827,404
9/14/2019 13:00,441.37614,442
9/14/2019 14:00,449.62302,450
9/14/2019 15:00,439.2152,440
9/14/2019 16:00,433.22541,434
9/14/2019 17:00,415.43515,416
9/14/2019 18:00,416.97572,417
9/14/2019 19:00,390.16829,391
9/14/2019 20:00,407.99358,408
9/14/2019 21:00,447.85284,448
9/14/2019 22:00,499.93895,500
9/14/2019 23:00,540.14288,541
9/15/2019 0:00,533.43406,534
9/15/2019 1:00,512.45343,513
9/15/2019 2:00,462.41435,463
9/15/2019 3:00,421.22534,422
9/15/2019 4:00,412.74442,413
9/15/2019 5:00,390.6119,391
9/15/2019 6:00,372.47495,373
9/15/2019 7:00,378.98333,379
9/15/2019 8:00,375.11685,376
9/15/2019 9:00,371.0234,372
9/15/2019 10:00,392.01848,393
9/15/2019 11:00,395.69564,396
9/15/2019 12:00,399.76913,400
9/15/2019 13:00,402.76864,403
9/15/2019 14:00,422.00583,423
9/15/2019 15:00,413.35337,414
9/15/2019 16:00,409.61525,410
9/15/2019 17:00,422.89196,423
9/15/2019 18:00,431.0197,432
9/15/2019 19:00,483.0233,484
9/15/2019 20:00,484.39474,485
9/15/2019 21:00,541.20811,542
9/15/2019 22:00,568.21563,569
9/15/2019 23:00,652.86422,653
9/16/2019 0:00,602.99106,603
9/16/2019 1:00,533.40968,534
9/16/2019 2:00,482.22011,483
9/16/2019 3:00,457.89498,458
9/16/2019 4:00,442.36803,443
9/16/2019 5:00,434.51906,435
9/16/2019 6:00,416.00821,417
9/16/2019 7:00,476.18319,477
9/16/2019 8:00,562.16165,563
9/16/2019 9:00,646.83138,647
9/16/2019 10:00,665.49128,666
9/16/2019 11:00,706.46098,707
9/16/2019 12:00,702.72304,703
9/16/2019 13:00,712.97272,713
9/16/2019 14:00,723.22972,724
9/16/2019 15:00,689.16184,690
9/16/2019 16:00,641.92496,642
9/16/2019 17:00,592.18182,593
9/16/2019 18:00,587.28932,588
9/16/2019 19:00,584.65086,585
9/16/2019 20:00,572.57662,573
9/16/2019 21:00,625.818,626
9/16/2019 22:00,645.47662,646
9/16/2019 23:00,653.99936,654
9/17/2019 0:00,605.40328,606
9/17/2019 1:00,528.45913,529
9/17/2019 2:00,482.86532,483
9/17/2019 3:00,460.57683,461
9/17/2019 4:00,430.39323,431
9/17/2019 5:00,407.01612,408
9/17/2019 6:00,387.74355,388
9/17/2019 7:00,445.93425,446
9/17/2019 8:00,520.50582,521
9/17/2019 9:00,577.07243,578
9/17/2019 10:00,618.71768,619
9/17/2019 11:00,658.11552,659
9/17/2019 12:00,684.79471,685
9/17/2019 13:00,693.84643,694
9/17/2019 14:00,689.38906,690
9/17/2019 15:00,707.69388,708
9/17/2019 16:00,707.69604,708
9/17/2019 17:00,675.70331,676
9/17/2019 18:00,621.96476,622
9/17/2019 19:00,574.29529,575
9/17/2019 20:00,568.67557,569
9/17/2019 21:00,612.98695,613
9/17/2019 22:00,660.76573,661
9/17/2019 23:00,665.21853,666
9/18/2019 0:00,598.57161,599
9/18/2019 1:00,510.57224,511
9/18/2019 2:00,468.66751,469
9/18/2019 3:00,443.60912,444
9/18/2019 4:00,424.06774,425
9/18/2019 5:00,402.9779,403
9/18/2019 6:00,398.63484,399
9/18/2019 7:00,436.60195,437
9/18/2019 8:00,542.06711,543
9/18/2019 9:00,580.7635,581
9/18/2019 10:00,619.03833,620
9/18/2019 11:00,610.21812,611
9/18/2019 12:00,628.32314,629
9/18/2019 13:00,609.43617,610
9/18/2019 14:00,591.87117,592
9/18/2019 15:00,608.32563,609
9/18/2019 16:00,586.74434,587
9/18/2019 17:00,590.21384,591
9/18/2019 18:00,575.33137,576
9/18/2019 19:00,543.03833,544
9/18/2019 20:00,549.56899,550
9/18/2019 21:00,591.41526,592
9/18/2019 22:00,619.03818,620
9/18/2019 23:00,645.01946,646
9/19/2019 0:00,589.92062,590
9/19/2019 1:00,502.38729,503
9/19/2019 2:00,448.60373,449
9/19/2019 3:00,426.87045,427
9/19/2019 4:00,402.34577,403
9/19/2019 5:00,396.28089,397
9/19/2019 6:00,378.83291,379
9/19/2019 7:00,413.4055,414
9/19/2019 8:00,520.25005,521
9/19/2019 9:00,582.27373,583
9/19/2019 10:00,589.25904,590
9/19/2019 11:00,601.99567,602
9/19/2019 12:00,613.37063,614
9/19/2019 13:00,602.21801,603
9/19/2019 14:00,585.64939,586
9/19/2019 15:00,585.8867,586
9/19/2019 16:00,568.75394,569
9/19/2019 17:00,569.93211,570
9/19/2019 18:00,577.45557,578
9/19/2019 19:00,550.74855,551
9/19/2019 20:00,573.9645,574
9/19/2019 21:00,566.76579,567
9/19/2019 22:00,596.83949,597
9/19/2019 23:00,626.20825,627
9/20/2019 0:00,554.27754,555
9/20/2019 1:00,507.89193,508
9/20/2019 2:00,432.12742,433
9/20/2019 3:00,408.85278,409
9/20/2019 4:00,394.18192,395
9/20/2019 5:00,384.56653,385
9/20/2019 6:00,373.6296,374
9/20/2019 7:00,403.18822,404
9/20/2019 8:00,474.34009,475
9/20/2019 9:00,484.81388,485
9/20/2019 10:00,520.42622,521
9/20/2019 11:00,523.00115,524
9/20/2019 12:00,539.8574,540
9/20/2019 13:00,549.83416,550
9/20/2019 14:00,546.64187,547
9/20/2019 15:00,551.17637,552
9/20/2019 16:00,555.81411,556
9/20/2019 17:00,544.72731,545
9/20/2019 18:00,514.31454,515
9/20/2019 19:00,494.0348,495
9/20/2019 20:00,492.25303,493
9/20/2019 21:00,488.8236,489
9/20/2019 22:00,508.07001,509
9/20/2019 23:00,479.87066,480
9/21/2019 0:00,424.85098,425
9/21/2019 1:00,385.69165,386
9/21/2019 2:00,321.88768,322
9/21/2019 3:00,303.6911,304
9/21/2019 4:00,293.19739,294
9/21/2019 5:00,278.55175,279
9/21/2019 6:00,275.12712,276
9/21/2019 7:00,281.04822,282
9/21/2019 8:00,328.97129,329
9/21/2019 9:00,341.66625,342
9/21/2019 10:00,382.90073,383
9/21/2019 11:00,404.787,405
9/21/2019 12:00,405.65501,406
9/21/2019 13:00,403.57504,404
9/21/2019 14:00,413.28179,414
9/21/2019 15:00,388.11377,389
9/21/2019 16:00,396.96518,397
9/21/2019 17:00,380.42984,381
9/21/2019 18:00,382.54816,383
9/21/2019 19:00,399.44859,400
9/21/2019 20:00,409.28136,410
9/21/2019 21:00,463.26612,464
9/21/2019 22:00,408.82227,409
9/21/2019 23:00,432.96761,433
9/22/2019 0:00,397.07073,398
9/22/2019 1:00,347.39842,348
9/22/2019 2:00,318.03993,319
9/22/2019 3:00,292.53588,293
9/22/2019 4:00,260.89436,261
9/22/2019 5:00,266.03973,267
9/22/2019 6:00,264.22558,265
9/22/2019 7:00,275.39797,276
9/22/2019 8:00,311.30452,312
9/22/2019 9:00,351.52333,352
9/22/2019 10:00,339.88465,340
9/22/2019 11:00,354.37345,355
9/22/2019 12:00,357.49088,358
9/22/2019 13:00,373.63679,374
9/22/2019 14:00,394.22816,395
9/22/2019 15:00,392.01249,393
9/22/2019 16:00,398.0522,399
9/22/2019 17:00,406.30758,407
9/22/2019 18:00,389.09978,390
9/22/2019 19:00,396.92216,397
9/22/2019 20:00,423.27714,424
9/22/2019 21:00,449.5497,450
9/22/2019 22:00,482.96941,483
9/22/2019 23:00,480.4307,481
9/23/2019 0:00,440.45283,441
9/23/2019 1:00,385.70993,386
9/23/2019 2:00,327.25206,328
9/23/2019 3:00,303.91041,304
9/23/2019 4:00,293.16783,294
9/23/2019 5:00,287.20285,288
9/23/2019 6:00,285.46737,286
9/23/2019 7:00,326.84053,327
9/23/2019 8:00,435.99278,436
9/23/2019 9:00,471.0107,472
9/23/2019 10:00,514.52262,515
9/23/2019 11:00,515.63816,516
9/23/2019 12:00,540.52825,541
9/23/2019 13:00,573.36133,574
9/23/2019 14:00,542.47877,543
9/23/2019 15:00,557.04239,558
9/23/2019 16:00,532.95208,533
9/23/2019 17:00,564.98171,565
9/23/2019 18:00,536.06965,537
9/23/2019 19:00,530.87998,531
9/23/2019 20:00,530.54311,531
9/23/2019 21:00,527.12171,528
9/23/2019 22:00,553.05453,554
9/23/2019 23:00,552.39972,553
9/24/2019 0:00,511.01864,512
9/24/2019 1:00,432.75738,433
9/24/2019 2:00,370.62651,371
9/24/2019 3:00,361.04321,362
9/24/2019 4:00,337.14853,338
9/24/2019 5:00,328.65899,329
9/24/2019 6:00,335.75673,336
9/24/2019 7:00,366.11052,367
9/24/2019 8:00,445.10608,446
9/24/2019 9:00,501.45175,502
9/24/2019 10:00,527.43506,528
9/24/2019 11:00,509.93819,510
9/24/2019 12:00,532.12171,533
9/24/2019 13:00,552.26732,553
9/24/2019 14:00,570.21822,571
9/24/2019 15:00,545.81907,546
9/24/2019 16:00,570.46074,571
9/24/2019 17:00,529.91204,530
9/24/2019 18:00,524.02189,525
9/24/2019 19:00,524.07643,525
9/24/2019 20:00,532.60809,533
9/24/2019 21:00,540.37396,541
9/24/2019 22:00,551.99819,552
9/24/2019 23:00,535.51669,536
9/25/2019 0:00,490.56184,491
9/25/2019 1:00,414.932,415
9/25/2019 2:00,379.69507,380
9/25/2019 3:00,346.21694,347
9/25/2019 4:00,330.54942,331
9/25/2019 5:00,329.28797,330
9/25/2019 6:00,330.45361,331
9/25/2019 7:00,360.83638,361
9/25/2019 8:00,446.22675,447
9/25/2019 9:00,561.43914,562
9/25/2019 10:00,558.31981,559
9/25/2019 11:00,597.25549,598
9/25/2019 12:00,597.03951,598
9/25/2019 13:00,597.48863,598
9/25/2019 14:00,627.30531,628
9/25/2019 15:00,665.15158,666
9/25/2019 16:00,634.72409,635
9/25/2019 17:00,611.341,612
9/25/2019 18:00,611.57456,612
9/25/2019 19:00,580.37351,581
9/25/2019 20:00,543.89571,544
9/25/2019 21:00,579.01331,580
9/25/2019 22:00,566.77887,567
9/25/2019 23:00,562.96528,563
9/26/2019 0:00,532.44345,533
9/26/2019 1:00,457.12834,458
9/26/2019 2:00,411.1501,412
9/26/2019 3:00,402.9208,403
9/26/2019 4:00,395.55711,396
9/26/2019 5:00,369.61064,370
9/26/2019 6:00,361.80561,362
9/26/2019 7:00,385.68188,386
9/26/2019 8:00,464.11043,465
9/26/2019 9:00,550.83274,551
9/26/2019 10:00,617.77739,618
9/26/2019 11:00,615.9535,616
9/26/2019 12:00,612.76049,613
9/26/2019 13:00,610.88268,611
9/26/2019 14:00,617.24206,618
9/26/2019 15:00,577.2072,578
9/26/2019 16:00,619.37232,620
9/26/2019 17:00,620.3211,621
9/26/2019 18:00,591.11864,592
9/26/2019 19:00,562.38121,563
9/26/2019 20:00,579.06004,580
9/26/2019 21:00,613.29937,614
9/26/2019 22:00,632.81204,633
9/26/2019 23:00,624.50438,625
9/27/2019 0:00,558.32808,559
9/27/2019 1:00,491.8721,492
9/27/2019 2:00,430.80333,431
9/27/2019 3:00,400.04473,401
9/27/2019 4:00,383.63152,384
9/27/2019 5:00,372.24112,373
9/27/2019 6:00,360.63697,361
9/27/2019 7:00,416.33756,417
9/27/2019 8:00,486.44953,487
9/27/2019 9:00,574.46814,575
9/27/2019 10:00,600.63164,601
9/27/2019 11:00,607.93486,608
9/27/2019 12:00,640.96497,641
9/27/2019 13:00,616.02716,617
9/27/2019 14:00,599.52211,600
9/27/2019 15:00,633.57035,634
9/27/2019 16:00,649.09447,650
9/27/2019 17:00,626.2817,627
9/27/2019 18:00,581.31562,582
9/27/2019 19:00,565.083,566
9/27/2019 20:00,537.1371,538
9/27/2019 21:00,544.13901,545
9/27/2019 22:00,556.31215,557
9/27/2019 23:00,569.65665,570
9/28/2019 0:00,511.7434,512
9/28/2019 1:00,445.3214,446
9/28/2019 2:00,403.58149,404
9/28/2019 3:00,372.95976,373
9/28/2019 4:00,357.99695,358
9/28/2019 5:00,349.94419,350
9/28/2019 6:00,354.59992,355
9/28/2019 7:00,366.67909,367
9/28/2019 8:00,416.64548,417
9/28/2019 9:00,445.11083,446
9/28/2019 10:00,440.11797,441
9/28/2019 11:00,472.96888,473
9/28/2019 12:00,458.79743,459
9/28/2019 13:00,469.37915,470
9/28/2019 14:00,499.47269,500
9/28/2019 15:00,499.85521,500
9/28/2019 16:00,456.63869,457
9/28/2019 17:00,428.8833,429
9/28/2019 18:00,463.38947,464
9/28/2019 19:00,462.25953,463
9/28/2019 20:00,455.59115,456
9/28/2019 21:00,479.2809,480
9/28/2019 22:00,487.64639,488
9/28/2019 23:00,482.90803,483
9/29/2019 0:00,479.28916,480
9/29/2019 1:00,435.84548,436
9/29/2019 2:00,397.26999,398
9/29/2019 3:00,378.40109,379
9/29/2019 4:00,357.46609,358
9/29/2019 5:00,354.50864,355
9/29/2019 6:00,341.08731,342
9/29/2019 7:00,369.67436,370
9/29/2019 8:00,399.27886,400
9/29/2019 9:00,388.06553,389
9/29/2019 10:00,422.79385,423
9/29/2019 11:00,442.96569,443
9/29/2019 12:00,466.06739,467
9/29/2019 13:00,494.53899,495
9/29/2019 14:00,481.82949,482
9/29/2019 15:00,479.62014,480
9/29/2019 16:00,483.11282,484
9/29/2019 17:00,503.41094,504
9/29/2019 18:00,493.7208,494
9/29/2019 19:00,514.85168,515
9/29/2019 20:00,561.42409,562
9/29/2019 21:00,567.26218,568
9/29/2019 22:00,618.9561,619
9/29/2019 23:00,627.76468,628
9/30/2019 0:00,596.50669,597
9/30/2019 1:00,531.45998,532
9/30/2019 2:00,488.10564,489
9/30/2019 3:00,449.15181,450
9/30/2019 4:00,414.25519,415
9/30/2019 5:00,421.56156,422
9/30/2019 6:00,407.96717,408
9/30/2019 7:00,391.21239,392
9/30/2019 8:00,423.33164,424
9/30/2019 9:00,453.0377,454
9/30/2019 10:00,472.45067,473
9/30/2019 11:00,508.48766,509
9/30/2019 12:00,497.29903,498
9/30/2019 13:00,482.18055,483
9/30/2019 14:00,504.84083,505
9/30/2019 15:00,476.56542,477
9/30/2019 16:00,497.26174,498
9/30/2019 17:00,504.15397,505
9/30/2019 18:00,498.62565,499
9/30/2019 19:00,514.96526,515
9/30/2019 20:00,527.13434,528
9/30/2019 21:00,518.62773,519
9/30/2019 22:00,535.95388,536
9/30/2019 23:00,545.30991,546
10/1/2019 0:00,511.93726,512
10/1/2019 1:00,432.8556,433
10/1/2019 2:00,391.42721,392
10/1/2019 3:00,385.21675,386
10/1/2019 4:00,362.80673,363
10/1/2019 5:00,357.65181,358
10/1/2019 6:00,350.40799,351
10/1/2019 7:00,369.3573,370
10/1/2019 8:00,467.25634,468
10/1/2019 9:00,516.93036,517
10/1/2019 10:00,561.87352,562
10/1/2019 11:00,600.92079,601
10/1/2019 12:00,623.05964,624
10/1/2019 13:00,650.28319,651
10/1/2019 14:00,657.08049,658
10/1/2019 15:00,654.40172,655
10/1/2019 16:00,666.8359,667
10/1/2019 17:00,654.38569,655
10/1/2019 18:00,613.05342,614
10/1/2019 19:00,621.45079,622
10/1/2019 20:00,601.50753,602
10/1/2019 21:00,608.63047,609
10/1/2019 22:00,647.30502,648
10/1/2019 23:00,641.45737,642
10/2/2019 0:00,580.77729,581
10/2/2019 1:00,511.44466,512
10/2/2019 2:00,451.76765,452
10/2/2019 3:00,421.89384,422
10/2/2019 4:00,389.34843,390
10/2/2019 5:00,382.09589,383
10/2/2019 6:00,379.74741,380
10/2/2019 7:00,425.49647,426
10/2/2019 8:00,525.84955,526
10/2/2019 9:00,582.95864,583
10/2/2019 10:00,627.16095,628
10/2/2019 11:00,664.36236,665
10/2/2019 12:00,667.6333,668
10/2/2019 13:00,682.53346,683
10/2/2019 14:00,727.42548,728
10/2/2019 15:00,730.79492,731
10/2/2019 16:00,706.17497,707
10/2/2019 17:00,657.89172,658
10/2/2019 18:00,655.4093,656
10/2/2019 19:00,628.68182,629
10/2/2019 20:00,656.45848,657
10/2/2019 21:00,646.45054,647
10/2/2019 22:00,704.07392,705
10/2/2019 23:00,692.30134,693
10/3/2019 0:00,663.23464,664
10/3/2019 1:00,566.11178,567
10/3/2019 2:00,523.35591,524
10/3/2019 3:00,482.99111,483
10/3/2019 4:00,458.10242,459
10/3/2019 5:00,438.61524,439
10/3/2019 6:00,419.65901,420
10/3/2019 7:00,458.34823,459
10/3/2019 8:00,534.47315,535
10/3/2019 9:00,650.96361,651
10/3/2019 10:00,672.61595,673
10/3/2019 11:00,676.85583,677
10/3/2019 12:00,690.96076,691
10/3/2019 13:00,721.51779,722
10/3/2019 14:00,731.59907,732
10/3/2019 15:00,732.44504,733
10/3/2019 16:00,681.51277,682
10/3/2019 17:00,654.28917,655
10/3/2019 18:00,682.63523,683
10/3/2019 19:00,655.88951,656
10/3/2019 20:00,661.66234,662
10/3/2019 21:00,639.074,640
10/3/2019 22:00,671.07638,672
10/3/2019 23:00,691.99908,692
10/4/2019 0:00,640.25811,641
10/4/2019 1:00,576.19594,577
10/4/2019 2:00,483.15528,484
10/4/2019 3:00,452.62613,453
10/4/2019 4:00,432.44748,433
10/4/2019 5:00,409.41812,410
10/4/2019 6:00,400.45583,401
10/4/2019 7:00,447.32998,448
10/4/2019 8:00,534.5454,535
10/4/2019 9:00,581.69323,582
10/4/2019 10:00,592.0915,593
10/4/2019 11:00,609.15543,610
10/4/2019 12:00,669.2467,670
10/4/2019 13:00,699.79337,700
10/4/2019 14:00,716.94199,717
10/4/2019 15:00,702.14721,703
10/4/2019 16:00,688.69524,689
10/4/2019 17:00,700.79659,701
10/4/2019 18:00,661.79289,662
10/4/2019 19:00,615.17955,616
10/4/2019 20:00,623.31369,624
10/4/2019 21:00,588.8377,589
10/4/2019 22:00,622.54768,623
10/4/2019 23:00,623.24856,624
10/5/2019 0:00,603.14777,604
10/5/2019 1:00,547.80093,548
10/5/2019 2:00,506.58491,507
10/5/2019 3:00,462.71027,463
10/5/2019 4:00,431.83995,432
10/5/2019 5:00,408.25748,409
10/5/2019 6:00,407.40486,408
10/5/2019 7:00,457.5364,458
10/5/2019 8:00,555.68314,556
10/5/2019 9:00,626.26602,627
10/5/2019 10:00,650.70325,651
10/5/2019 11:00,674.20666,675
10/5/2019 12:00,669.4496,670
10/5/2019 13:00,664.8097,665
10/5/2019 14:00,680.34018,681
10/5/2019 15:00,704.65656,705
10/5/2019 16:00,662.5076,663
10/5/2019 17:00,605.50677,606
10/5/2019 18:00,582.63971,583
10/5/2019 19:00,563.37748,564
10/5/2019 20:00,537.63033,538
10/5/2019 21:00,586.60522,587
10/5/2019 22:00,619.40105,620
10/5/2019 23:00,626.39163,627
10/6/2019 0:00,631.79529,632
10/6/2019 1:00,570.87627,571
10/6/2019 2:00,499.83068,500
10/6/2019 3:00,482.25504,483
10/6/2019 4:00,459.00498,460
10/6/2019 5:00,436.81652,437
10/6/2019 6:00,411.31449,412
10/6/2019 7:00,425.37612,426
10/6/2019 8:00,464.68686,465
10/6/2019 9:00,518.07227,519
10/6/2019 10:00,487.65732,488
10/6/2019 11:00,501.23674,502
10/6/2019 12:00,511.5621,512
10/6/2019 13:00,531.30013,532
10/6/2019 14:00,530.32046,531
10/6/2019 15:00,551.00312,552
10/6/2019 16:00,547.39162,548
10/6/2019 17:00,540.09568,541
10/6/2019 18:00,550.80922,551
10/6/2019 19:00,536.98395,537
10/6/2019 20:00,552.64934,553
10/6/2019 21:00,577.52684,578
10/6/2019 22:00,620.00492,621
10/6/2019 23:00,631.78502,632
10/7/2019 0:00,614.90938,615
10/7/2019 1:00,530.58918,531
10/7/2019 2:00,470.53787,471
10/7/2019 3:00,440.22546,441
10/7/2019 4:00,415.86114,416
10/7/2019 5:00,414.68308,415
10/7/2019 6:00,402.37772,403
10/7/2019 7:00,450.26472,451
10/7/2019 8:00,566.7104,567
10/7/2019 9:00,677.18701,678
10/7/2019 10:00,678.14176,679
10/7/2019 11:00,668.91452,669
10/7/2019 12:00,701.0298,702
10/7/2019 13:00,748.8895,749
10/7/2019 14:00,724.48451,725
10/7/2019 15:00,707.12314,708
10/7/2019 16:00,694.0173,695
10/7/2019 17:00,659.0608,660
10/7/2019 18:00,667.8889,668
10/7/2019 19:00,674.786,675
10/7/2019 20:00,667.73415,668
10/7/2019 21:00,672.04674,673
10/7/2019 22:00,673.50546,674
10/7/2019 23:00,717.59382,718
10/8/2019 0:00,668.41157,669
10/8/2019 1:00,586.37181,587
10/8/2019 2:00,537.32738,538
10/8/2019 3:00,497.2387,498
10/8/2019 4:00,456.69276,457
10/8/2019 5:00,431.63751,432
10/8/2019 6:00,441.73813,442
10/8/2019 7:00,488.42857,489
10/8/2019 8:00,562.55829,563
10/8/2019 9:00,600.98372,601
10/8/2019 10:00,615.68685,616
10/8/2019 11:00,618.32636,619
10/8/2019 12:00,669.22676,670
10/8/2019 13:00,709.92874,710
10/8/2019 14:00,680.68061,681
10/8/2019 15:00,686.61306,687
10/8/2019 16:00,691.43644,692
10/8/2019 17:00,659.06003,660
10/8/2019 18:00,619.59128,620
10/8/2019 19:00,591.53745,592
10/8/2019 20:00,598.97076,599
10/8/2019 21:00,623.85047,624
10/8/2019 22:00,680.96088,681
10/8/2019 23:00,653.49588,654
10/9/2019 0:00,618.70837,619
10/9/2019 1:00,565.80568,566
10/9/2019 2:00,482.14844,483
10/9/2019 3:00,447.05547,448
10/9/2019 4:00,438.64501,439
10/9/2019 5:00,420.04274,421
10/9/2019 6:00,405.33492,406
10/9/2019 7:00,449.25133,450
10/9/2019 8:00,521.68774,522
10/9/2019 9:00,602.11412,603
10/9/2019 10:00,612.11238,613
10/9/2019 11:00,624.02438,625
10/9/2019 12:00,656.22899,657
10/9/2019 13:00,641.61858,642
10/9/2019 14:00,653.51214,654
10/9/2019 15:00,653.4946,654
10/9/2019 16:00,602.42774,603
10/9/2019 17:00,602.46547,603
10/9/2019 18:00,570.33843,571
10/9/2019 19:00,520.96403,521
10/9/2019 20:00,529.18707,530
10/9/2019 21:00,515.26261,516
10/9/2019 22:00,526.22883,527
10/9/2019 23:00,532.24034,533
10/10/2019 0:00,501.37967,502
10/10/2019 1:00,441.5068,442
10/10/2019 2:00,417.06938,418
10/10/2019 3:00,380.87995,381
10/10/2019 4:00,354.022,355
10/10/2019 5:00,353.93182,354
10/10/2019 6:00,353.49007,354
10/10/2019 7:00,371.12009,372
10/10/2019 8:00,403.24077,404
10/10/2019 9:00,407.21795,408
10/10/2019 10:00,410.18334,411
10/10/2019 11:00,433.39083,434
10/10/2019 12:00,424.04332,425
10/10/2019 13:00,415.70506,416
10/10/2019 14:00,435.68121,436
10/10/2019 15:00,451.99179,452
10/10/2019 16:00,450.35302,451
10/10/2019 17:00,437.05553,438
10/10/2019 18:00,461.90674,462
10/10/2019 19:00,419.11664,420
10/10/2019 20:00,419.91057,420
10/10/2019 21:00,405.89677,406
10/10/2019 22:00,405.83349,406
10/10/2019 23:00,445.80442,446
10/11/2019 0:00,448.55962,449
10/11/2019 1:00,403.68566,404
10/11/2019 2:00,362.76575,363
10/11/2019 3:00,338.48406,339
10/11/2019 4:00,329.83432,330
10/11/2019 5:00,318.39311,319
10/11/2019 6:00,321.12388,322
10/11/2019 7:00,333.22789,334
10/11/2019 8:00,347.82604,348
10/11/2019 9:00,360.54019,361
10/11/2019 10:00,392.47199,393
10/11/2019 11:00,422.37853,423
10/11/2019 12:00,411.17385,412
10/11/2019 13:00,400.96075,401
10/11/2019 14:00,415.90084,416
10/11/2019 15:00,438.71911,439
10/11/2019 16:00,443.32832,444
10/11/2019 17:00,448.80124,449
10/11/2019 18:00,419.18303,420
10/11/2019 19:00,399.75415,400
10/11/2019 20:00,426.25062,427
10/11/2019 21:00,431.04748,432
10/11/2019 22:00,416.3635,417
10/11/2019 23:00,419.13677,420
10/12/2019 0:00,421.13842,422
10/12/2019 1:00,393.2406,394
10/12/2019 2:00,368.72665,369
10/12/2019 3:00,341.54313,342
10/12/2019 4:00,327.53251,328
10/12/2019 5:00,321.2642,322
10/12/2019 6:00,314.23087,315
10/12/2019 7:00,342.52858,343
10/12/2019 8:00,364.58758,365
10/12/2019 9:00,371.87551,372
10/12/2019 10:00,398.6228,399
10/12/2019 11:00,405.15052,406
10/12/2019 12:00,407.3016,408
10/12/2019 13:00,425.14729,426
10/12/2019 14:00,442.7025,443
10/12/2019 15:00,424.73674,425
10/12/2019 16:00,436.25,437
10/12/2019 17:00,441.17447,442
10/12/2019 18:00,426.21075,427
10/12/2019 19:00,416.06375,417
10/12/2019 20:00,424.04843,425
10/12/2019 21:00,427.92479,428
10/12/2019 22:00,443.92725,444
10/12/2019 23:00,467.13424,468
10/13/2019 0:00,424.58987,425
10/13/2019 1:00,413.58175,414
10/13/2019 2:00,383.67633,384
10/13/2019 3:00,367.1537,368
10/13/2019 4:00,349.55545,350
10/13/2019 5:00,337.04477,338
10/13/2019 6:00,325.64316,326
10/13/2019 7:00,347.76203,348
10/13/2019 8:00,358.71024,359
10/13/2019 9:00,379.45644,380
10/13/2019 10:00,409.62921,410
10/13/2019 11:00,416.98627,417
10/13/2019 12:00,402.93604,403
10/13/2019 13:00,425.87894,426
10/13/2019 14:00,440.61762,441
10/13/2019 15:00,462.53755,463
10/13/2019 16:00,443.62205,444
10/13/2019 17:00,455.01344,456
10/13/2019 18:00,489.59528,490
10/13/2019 19:00,479.6197,480
10/13/2019 20:00,499.86334,500
10/13/2019 21:00,499.18893,500
10/13/2019 22:00,534.40085,535
10/13/2019 23:00,548.69136,549
10/14/2019 0:00,507.62755,508
10/14/2019 1:00,441.39371,442
10/14/2019 2:00,396.52087,397
10/14/2019 3:00,370.32647,371
10/14/2019 4:00,356.15164,357
10/14/2019 5:00,341.91842,342
10/14/2019 6:00,343.45122,344
10/14/2019 7:00,374.30606,375
10/14/2019 8:00,450.98822,451
10/14/2019 9:00,526.67983,527
10/14/2019 10:00,540.9612,541
10/14/2019 11:00,550.30438,551
10/14/2019 12:00,573.00264,574
10/14/2019 13:00,609.40624,610
10/14/2019 14:00,591.77426,592
10/14/2019 15:00,596.8108,597
10/14/2019 16:00,580.13187,581
10/14/2019 17:00,568.87648,569
10/14/2019 18:00,538.93449,539
10/14/2019 19:00,558.87607,559
10/14/2019 20:00,546.06696,547
10/14/2019 21:00,519.01121,520
10/14/2019 22:00,547.54422,548
10/14/2019 23:00,550.65215,551
10/15/2019 0:00,502.43818,503
10/15/2019 1:00,432.56976,433
10/15/2019 2:00,384.88255,385
10/15/2019 3:00,345.78638,346
10/15/2019 4:00,338.27875,339
10/15/2019 5:00,329.95376,330
10/15/2019 6:00,349.60489,350
10/15/2019 7:00,383.56207,384
10/15/2019 8:00,480.9036,481
10/15/2019 9:00,548.20399,549
10/15/2019 10:00,544.78663,545
10/15/2019 11:00,561.36759,562
10/15/2019 12:00,574.46881,575
10/15/2019 13:00,566.62994,567
10/15/2019 14:00,585.89531,586
10/15/2019 15:00,588.24996,589
10/15/2019 16:00,567.99736,568
10/15/2019 17:00,573.80813,574
10/15/2019 18:00,573.76817,574
10/15/2019 19:00,545.52667,546
10/15/2019 20:00,534.77692,535
10/15/2019 21:00,518.96537,519
10/15/2019 22:00,575.87191,576
10/15/2019 23:00,533.68527,534
10/16/2019 0:00,476.51748,477
10/16/2019 1:00,404.14975,405
10/16/2019 2:00,355.03852,356
10/16/2019 3:00,333.19457,334
10/16/2019 4:00,322.87657,323
10/16/2019 5:00,328.42469,329
10/16/2019 6:00,309.79047,310
10/16/2019 7:00,342.35695,343
10/16/2019 8:00,445.67141,446
10/16/2019 9:00,513.05923,514
10/16/2019 10:00,578.39145,579
10/16/2019 11:00,558.66594,559
10/16/2019 12:00,571.0512,572
10/16/2019 13:00,594.18395,595
10/16/2019 14:00,557.77616,558
10/16/2019 15:00,550.22387,551
10/16/2019 16:00,530.71002,531
10/16/2019 17:00,518.1482,519
10/16/2019 18:00,546.10578,547
10/16/2019 19:00,542.14468,543
10/16/2019 20:00,521.6754,522
10/16/2019 21:00,530.08623,531
10/16/2019 22:00,510.92661,511
10/16/2019 23:00,516.15633,517
10/17/2019 0:00,498.62876,499
10/17/2019 1:00,422.96613,423
10/17/2019 2:00,380.22651,381
10/17/2019 3:00,353.86689,354
10/17/2019 4:00,345.6119,346
10/17/2019 5:00,332.92141,333
10/17/2019 6:00,317.74113,318
10/17/2019 7:00,366.56813,367
10/17/2019 8:00,453.2322,454
10/17/2019 9:00,551.29018,552
10/17/2019 10:00,568.4854,569
10/17/2019 11:00,570.92476,571
10/17/2019 12:00,571.16876,572
10/17/2019 13:00,583.81037,584
10/17/2019 14:00,545.9619,546
10/17/2019 15:00,567.76631,568
10/17/2019 16:00,586.51199,587
10/17/2019 17:00,557.46198,558
10/17/2019 18:00,539.89725,540
10/17/2019 19:00,550.50039,551
10/17/2019 20:00,529.29683,530
10/17/2019 21:00,511.58107,512
10/17/2019 22:00,510.70146,511
10/17/2019 23:00,523.37884,524
10/18/2019 0:00,502.16469,503
10/18/2019 1:00,447.50543,448
10/18/2019 2:00,370.20023,371
10/18/2019 3:00,336.3606,337
10/18/2019 4:00,331.42392,332
10/18/2019 5:00,315.34986,316
10/18/2019 6:00,313.78761,314
10/18/2019 7:00,336.79346,337
10/18/2019 8:00,440.30261,441
10/18/2019 9:00,539.0793,540
10/18/2019 10:00,566.98043,567
10/18/2019 11:00,548.84506,549
10/18/2019 12:00,586.41118,587
10/18/2019 13:00,596.96008,597
10/18/2019 14:00,589.35493,590
10/18/2019 15:00,593.69179,594
10/18/2019 16:00,611.18584,612
10/18/2019 17:00,593.33763,594
10/18/2019 18:00,533.6062,534
10/18/2019 19:00,501.10038,502
10/18/2019 20:00,499.84225,500
10/18/2019 21:00,474.04481,475
10/18/2019 22:00,516.43304,517
10/18/2019 23:00,516.05333,517
10/19/2019 0:00,489.03982,490
10/19/2019 1:00,421.63205,422
10/19/2019 2:00,389.02366,390
10/19/2019 3:00,345.95156,346
10/19/2019 4:00,340.52393,341
10/19/2019 5:00,330.22894,331
10/19/2019 6:00,326.52588,327
10/19/2019 7:00,348.09308,349
10/19/2019 8:00,375.07239,376
10/19/2019 9:00,426.89171,427
10/19/2019 10:00,458.51347,459
10/19/2019 11:00,448.692,449
10/19/2019 12:00,451.00748,452
10/19/2019 13:00,451.10517,452
10/19/2019 14:00,442.51719,443
10/19/2019 15:00,476.51552,477
10/19/2019 16:00,478.91633,479
10/19/2019 17:00,461.38428,462
10/19/2019 18:00,446.94022,447
10/19/2019 19:00,434.53449,435
10/19/2019 20:00,431.40358,432
10/19/2019 21:00,458.40928,459
10/19/2019 22:00,464.8215,465
10/19/2019 23:00,464.5398,465
10/20/2019 0:00,454.03732,455
10/20/2019 1:00,402.28478,403
10/20/2019 2:00,352.73776,353
10/20/2019 3:00,329.16098,330
10/20/2019 4:00,322.959,323
10/20/2019 5:00,298.3342,299
10/20/2019 6:00,296.50786,297
10/20/2019 7:00,311.82805,312
10/20/2019 8:00,334.29792,335
10/20/2019 9:00,362.28265,363
10/20/2019 10:00,403.32104,404
10/20/2019 11:00,424.02132,425
10/20/2019 12:00,422.80751,423
10/20/2019 13:00,426.86546,427
10/20/2019 14:00,427.91306,428
10/20/2019 15:00,448.77054,449
10/20/2019 16:00,479.74304,480
10/20/2019 17:00,498.26965,499
10/20/2019 18:00,448.75157,449
10/20/2019 19:00,495.76045,496
10/20/2019 20:00,488.15932,489
10/20/2019 21:00,499.28094,500
10/20/2019 22:00,498.94831,499
10/20/2019 23:00,506.921,507
10/21/2019 0:00,479.50816,480
10/21/2019 1:00,421.03607,422
10/21/2019 2:00,366.07448,367
10/21/2019 3:00,329.15823,330
10/21/2019 4:00,313.40025,314
10/21/2019 5:00,301.93484,302
10/21/2019 6:00,304.72922,305
10/21/2019 7:00,335.50831,336
10/21/2019 8:00,400.84099,401
10/21/2019 9:00,495.46091,496
10/21/2019 10:00,547.6231,548
10/21/2019 11:00,539.63395,540
10/21/2019 12:00,561.00009,562
10/21/2019 13:00,603.95162,604
10/21/2019 14:00,635.18674,636
10/21/2019 15:00,579.71014,580
10/21/2019 16:00,556.48278,557
10/21/2019 17:00,509.47307,510
10/21/2019 18:00,518.89793,519
10/21/2019 19:00,512.44349,513
10/21/2019 20:00,529.30288,530
10/21/2019 21:00,511.8497,512
10/21/2019 22:00,524.89825,525
10/21/2019 23:00,508.74867,509
10/22/2019 0:00,477.7327,478
10/22/2019 1:00,407.99436,408
10/22/2019 2:00,349.47237,350
10/22/2019 3:00,323.25597,324
10/22/2019 4:00,309.09841,310
10/22/2019 5:00,296.46375,297
10/22/2019 6:00,292.76698,293
10/22/2019 7:00,337.65733,338
10/22/2019 8:00,423.42322,424
10/22/2019 9:00,501.70972,502
10/22/2019 10:00,510.07978,511
10/22/2019 11:00,525.88676,526
10/22/2019 12:00,542.09525,543
10/22/2019 13:00,561.37209,562
10/22/2019 14:00,558.5534,559
10/22/2019 15:00,560.63938,561
10/22/2019 16:00,549.36014,550
10/22/2019 17:00,544.71975,545
10/22/2019 18:00,543.50538,544
10/22/2019 19:00,528.89246,529
10/22/2019 20:00,538.5242,539
10/22/2019 21:00,520.38227,521
10/22/2019 22:00,522.19649,523
10/22/2019 23:00,512.65093,513
10/23/2019 0:00,491.47523,492
10/23/2019 1:00,435.76029,436
10/23/2019 2:00,376.31459,377
10/23/2019 3:00,354.35036,355
10/23/2019 4:00,325.39226,326
10/23/2019 5:00,310.41063,311
10/23/2019 6:00,306.32011,307
10/23/2019 7:00,352.13699,353
10/23/2019 8:00,436.9205,437
10/23/2019 9:00,535.32504,536
10/23/2019 10:00,582.01968,583
10/23/2019 11:00,583.24954,584
10/23/2019 12:00,586.06256,587
10/23/2019 13:00,619.6586,620
10/23/2019 14:00,619.39916,620
10/23/2019 15:00,623.26279,624
10/23/2019 16:00,609.75284,610
10/23/2019 17:00,574.23577,575
10/23/2019 18:00,543.3978,544
10/23/2019 19:00,543.32282,544
10/23/2019 20:00,534.75977,535
10/23/2019 21:00,527.67861,528
10/23/2019 22:00,581.56251,582
10/23/2019 23:00,551.71949,552
10/24/2019 0:00,506.45551,507
10/24/2019 1:00,468.02965,469
10/24/2019 2:00,391.99198,392
10/24/2019 3:00,363.02413,364
10/24/2019 4:00,352.72415,353
10/24/2019 5:00,343.51381,344
10/24/2019 6:00,359.07379,360
10/24/2019 7:00,370.47018,371
10/24/2019 8:00,473.20167,474
10/24/2019 9:00,526.63211,527
10/24/2019 10:00,542.95636,543
10/24/2019 11:00,558.31506,559
10/24/2019 12:00,502.39966,503
10/24/2019 13:00,574.95869,575
10/24/2019 14:00,544.83707,545
10/24/2019 15:00,557.02248,558
10/24/2019 16:00,572.9966,573
10/24/2019 17:00,552.83117,553
10/24/2019 18:00,553.88051,554
10/24/2019 19:00,558.50722,559
10/24/2019 20:00,537.70293,538
10/24/2019 21:00,525.81851,526
10/24/2019 22:00,558.88798,559
10/24/2019 23:00,552.77448,553
10/25/2019 0:00,516.096,517
10/25/2019 1:00,446.47298,447
10/25/2019 2:00,399.47475,400
10/25/2019 3:00,370.45759,371
10/25/2019 4:00,332.65218,333
10/25/2019 5:00,332.24946,333
10/25/2019 6:00,323.73592,324
10/25/2019 7:00,344.08453,345
10/25/2019 8:00,511.70321,512
10/25/2019 9:00,531.93557,532
10/25/2019 10:00,527.40827,528
10/25/2019 11:00,535.15178,536
10/25/2019 12:00,565.75781,566
10/25/2019 13:00,611.4228,612
10/25/2019 14:00,574.51099,575
10/25/2019 15:00,590.934,591
10/25/2019 16:00,591.74197,592
10/25/2019 17:00,528.96647,529
10/25/2019 18:00,529.52239,530
10/25/2019 19:00,520.29741,521
10/25/2019 20:00,489.33441,490
10/25/2019 21:00,516.82548,517
10/25/2019 22:00,513.76196,514
10/25/2019 23:00,523.30133,524
10/26/2019 0:00,484.72085,485
10/26/2019 1:00,458.28651,459
10/26/2019 2:00,389.95743,390
10/26/2019 3:00,368.01773,369
10/26/2019 4:00,339.24952,340
10/26/2019 5:00,335.90615,336
10/26/2019 6:00,323.1492,324
10/26/2019 7:00,346.31464,347
10/26/2019 8:00,388.46724,389
10/26/2019 9:00,403.39352,404
10/26/2019 10:00,440.14067,441
10/26/2019 11:00,470.16171,471
10/26/2019 12:00,431.23788,432
10/26/2019 13:00,471.81692,472
10/26/2019 14:00,492.68312,493
10/26/2019 15:00,447.29628,448
10/26/2019 16:00,445.19379,446
10/26/2019 17:00,462.70576,463
10/26/2019 18:00,449.56324,450
10/26/2019 19:00,441.43501,442
10/26/2019 20:00,432.24794,433
10/26/2019 21:00,456.82492,457
10/26/2019 22:00,452.68258,453
10/26/2019 23:00,481.85862,482
10/27/2019 0:00,434.02705,435
10/27/2019 1:00,408.91695,409
10/27/2019 2:00,364.07116,365
10/27/2019 3:00,316.74588,317
10/27/2019 4:00,309.34603,310
10/27/2019 5:00,323.76436,324
10/27/2019 6:00,313.64268,314
10/27/2019 7:00,342.85811,343
10/27/2019 8:00,379.25255,380
10/27/2019 9:00,393.76738,394
10/27/2019 10:00,402.85289,403
10/27/2019 11:00,425.17774,426
10/27/2019 12:00,422.97696,423
10/27/2019 13:00,445.09936,446
10/27/2019 14:00,459.0512,460
10/27/2019 15:00,459.01807,460
10/27/2019 16:00,443.94498,444
10/27/2019 17:00,462.31364,463
10/27/2019 18:00,509.83665,510
10/27/2019 19:00,486.62243,487
10/27/2019 20:00,484.33321,485
10/27/2019 21:00,477.68587,478
10/27/2019 22:00,508.06729,509
10/27/2019 23:00,509.53086,510
10/28/2019 0:00,498.89474,499
10/28/2019 1:00,427.76609,428
10/28/2019 2:00,365.03611,366
10/28/2019 3:00,351.57669,352
10/28/2019 4:00,336.37118,337
10/28/2019 5:00,326.61793,327
10/28/2019 6:00,339.02875,340
10/28/2019 7:00,364.07269,365
10/28/2019 8:00,459.81297,460
10/28/2019 9:00,540.85816,541
10/28/2019 10:00,555.15493,556
10/28/2019 11:00,577.68966,578
10/28/2019 12:00,600.38569,601
10/28/2019 13:00,615.5385,616
10/28/2019 14:00,630.06208,631
10/28/2019 15:00,611.45721,612
10/28/2019 16:00,593.3521,594
10/28/2019 17:00,552.04567,553
10/28/2019 18:00,539.863,540
10/28/2019 19:00,557.64934,558
10/28/2019 20:00,530.80596,531
10/28/2019 21:00,535.74447,536
10/28/2019 22:00,519.89,520
10/28/2019 23:00,529.4828,530
10/29/2019 0:00,502.93655,503
10/29/2019 1:00,442.5606,443
10/29/2019 2:00,393.36125,394
10/29/2019 3:00,362.37444,363
10/29/2019 4:00,346.85238,347
10/29/2019 5:00,328.95484,329
10/29/2019 6:00,328.57371,329
10/29/2019 7:00,355.2344,356
10/29/2019 8:00,469.94541,470
10/29/2019 9:00,511.96312,512
10/29/2019 10:00,512.63199,513
10/29/2019 11:00,551.65941,552
10/29/2019 12:00,542.05532,543
10/29/2019 13:00,569.10644,570
10/29/2019 14:00,542.29561,543
10/29/2019 15:00,536.41585,537
10/29/2019 16:00,538.40172,539
10/29/2019 17:00,538.45955,539
10/29/2019 18:00,543.66087,544
10/29/2019 19:00,522.4081,523
10/29/2019 20:00,536.50511,537
10/29/2019 21:00,511.5868,512
10/29/2019 22:00,521.72176,522
10/29/2019 23:00,519.84213,520
10/30/2019 0:00,492.74883,493
10/30/2019 1:00,412.59375,413
10/30/2019 2:00,369.24599,370
10/30/2019 3:00,332.25008,333
10/30/2019 4:00,318.65679,319
10/30/2019 5:00,304.11068,305
10/30/2019 6:00,312.20099,313
10/30/2019 7:00,371.63255,372
10/30/2019 8:00,461.66868,462
10/30/2019 9:00,519.1904,520
10/30/2019 10:00,535.12135,536
10/30/2019 11:00,537.97748,538
10/30/2019 12:00,546.3753,547
10/30/2019 13:00,582.66052,583
10/30/2019 14:00,588.97205,589
10/30/2019 15:00,582.65897,583
10/30/2019 16:00,579.31406,580
10/30/2019 17:00,574.3476,575
10/30/2019 18:00,563.20073,564
10/30/2019 19:00,558.57121,559
10/30/2019 20:00,571.72465,572
10/30/2019 21:00,547.41785,548
10/30/2019 22:00,525.22179,526
10/30/2019 23:00,526.2719,527
10/31/2019 0:00,484.5622,485
10/31/2019 1:00,419.72899,420
10/31/2019 2:00,362.24872,363
10/31/2019 3:00,347.61479,348
10/31/2019 4:00,323.34616,324
10/31/2019 5:00,316.48133,317
10/31/2019 6:00,310.06339,311
10/31/2019 7:00,367.28135,368
10/31/2019 8:00,460.34236,461
10/31/2019 9:00,521.70954,522
10/31/2019 10:00,551.3076,552
10/31/2019 11:00,625.17809,626
10/31/2019 12:00,617.28804,618
10/31/2019 13:00,616.71672,617
10/31/2019 14:00,592.70639,593
10/31/2019 15:00,581.62702,582
10/31/2019 16:00,594.89469,595
10/31/2019 17:00,590.78233,591
10/31/2019 18:00,582.55513,583
10/31/2019 19:00,549.14274,550
10/31/2019 20:00,556.57841,557
10/31/2019 21:00,534.85012,535
10/31/2019 22:00,536.81568,537
10/31/2019 23:00,529.35066,530
11/1/2019 0:00,520.19007,521
11/1/2019 1:00,460.10702,461
11/1/2019 2:00,395.74575,396
11/1/2019 3:00,368.82895,369
11/1/2019 4:00,352.26702,353
11/1/2019 5:00,335.9391,336
11/1/2019 6:00,335.11548,336
11/1/2019 7:00,374.34399,375
11/1/2019 8:00,464.80028,465
11/1/2019 9:00,513.59643,514
11/1/2019 10:00,520.05828,521
11/1/2019 11:00,541.43468,542
11/1/2019 12:00,558.15257,559
11/1/2019 13:00,566.11134,567
11/1/2019 14:00,555.26993,556
11/1/2019 15:00,552.52422,553
11/1/2019 16:00,529.14855,530
11/1/2019 17:00,546.7865,547
11/1/2019 18:00,513.11803,514
11/1/2019 19:00,506.66665,507
11/1/2019 20:00,497.06107,498
11/1/2019 21:00,499.40121,500
11/1/2019 22:00,514.56846,515
11/1/2019 23:00,491.2485,492
11/2/2019 0:00,449.99477,450
11/2/2019 1:00,417.14709,418
11/2/2019 2:00,379.76221,380
11/2/2019 3:00,345.35485,346
11/2/2019 4:00,346.14699,347
11/2/2019 5:00,328.52445,329
11/2/2019 6:00,323.21082,324
11/2/2019 7:00,334.12652,335
11/2/2019 8:00,377.29247,378
11/2/2019 9:00,399.83568,400
11/2/2019 10:00,438.00609,439
11/2/2019 11:00,436.17843,437
11/2/2019 12:00,445.87952,446
11/2/2019 13:00,468.7505,469
11/2/2019 14:00,464.28052,465
11/2/2019 15:00,457.31031,458
11/2/2019 16:00,492.99721,493
11/2/2019 17:00,474.93784,475
11/2/2019 18:00,459.62673,460
11/2/2019 19:00,465.82717,466
11/2/2019 20:00,475.57744,476
11/2/2019 21:00,484.91731,485
11/2/2019 22:00,488.63523,489
11/2/2019 23:00,475.22803,476
11/3/2019 0:00,469.82862,470
11/3/2019 1:00,438.66252,439
11/3/2019 2:00,379.31464,380
11/3/2019 3:00,367.66135,368
11/3/2019 4:00,346.8609,347
11/3/2019 5:00,327.64507,328
11/3/2019 6:00,315.71033,316
11/3/2019 7:00,345.46591,346
11/3/2019 8:00,382.0316,383
11/3/2019 9:00,400.78762,401
11/3/2019 10:00,447.82678,448
11/3/2019 11:00,459.39995,460
11/3/2019 12:00,456.39057,457
11/3/2019 13:00,483.3822,484
11/3/2019 14:00,475.68596,476
11/3/2019 15:00,491.31587,492
11/3/2019 16:00,514.37516,515
11/3/2019 17:00,472.95542,473
11/3/2019 18:00,446.85404,447
11/3/2019 19:00,485.67942,486
11/3/2019 20:00,493.88085,494
11/3/2019 21:00,527.47717,528
11/3/2019 22:00,535.06416,536
11/3/2019 23:00,518.83744,519
11/4/2019 0:00,458.23147,459
11/4/2019 1:00,400.91121,401
11/4/2019 2:00,363.19751,364
11/4/2019 3:00,332.52539,333
11/4/2019 4:00,317.50763,318
11/4/2019 5:00,314.47884,315
11/4/2019 6:00,322.49323,323
11/4/2019 7:00,343.71076,344
11/4/2019 8:00,465.95708,466
11/4/2019 9:00,545.65349,546
11/4/2019 10:00,542.90085,543
11/4/2019 11:00,555.05521,556
11/4/2019 12:00,531.8559,532
11/4/2019 13:00,560.10097,561
11/4/2019 14:00,558.50757,559
11/4/2019 15:00,571.37651,572
11/4/2019 16:00,537.85788,538
11/4/2019 17:00,528.57101,529
11/4/2019 18:00,536.54761,537
11/4/2019 19:00,531.54649,532
11/4/2019 20:00,519.91564,520
11/4/2019 21:00,504.89047,505
11/4/2019 22:00,497.75598,498
11/4/2019 23:00,519.90645,520
11/5/2019 0:00,463.05422,464
11/5/2019 1:00,394.96459,395
11/5/2019 2:00,339.73015,340
11/5/2019 3:00,333.90767,334
11/5/2019 4:00,298.91258,299
11/5/2019 5:00,300.43826,301
11/5/2019 6:00,293.72679,294
11/5/2019 7:00,330.05164,331
11/5/2019 8:00,427.25778,428
11/5/2019 9:00,540.57629,541
11/5/2019 10:00,520.41786,521
11/5/2019 11:00,513.07648,514
11/5/2019 12:00,530.65223,531
11/5/2019 13:00,563.23152,564
11/5/2019 14:00,535.05568,536
11/5/2019 15:00,552.7893,553
11/5/2019 16:00,526.69443,527
11/5/2019 17:00,544.85226,545
11/5/2019 18:00,514.00705,515
11/5/2019 19:00,506.72308,507
11/5/2019 20:00,524.14489,525
11/5/2019 21:00,510.2906,511
11/5/2019 22:00,508.27014,509
11/5/2019 23:00,496.55517,497
11/6/2019 0:00,455.42399,456
11/6/2019 1:00,380.76953,381
11/6/2019 2:00,329.9162,330
11/6/2019 3:00,311.59803,312
11/6/2019 4:00,293.81716,294
11/6/2019 5:00,280.28594,281
11/6/2019 6:00,289.01202,290
11/6/2019 7:00,318.60904,319
11/6/2019 8:00,423.26897,424
11/6/2019 9:00,507.81532,508
11/6/2019 10:00,539.62006,540
11/6/2019 11:00,546.51341,547
11/6/2019 12:00,553.91079,554
11/6/2019 13:00,578.92586,579
11/6/2019 14:00,576.07906,577
11/6/2019 15:00,575.25573,576
11/6/2019 16:00,567.04283,568
11/6/2019 17:00,555.56651,556
11/6/2019 18:00,502.5299,503
11/6/2019 19:00,515.01535,516
11/6/2019 20:00,535.47424,536
11/6/2019 21:00,502.64779,503
11/6/2019 22:00,515.67671,516
11/6/2019 23:00,481.96859,482
11/7/2019 0:00,462.90364,463
11/7/2019 1:00,423.16211,424
11/7/2019 2:00,352.77908,353
11/7/2019 3:00,314.19516,315
11/7/2019 4:00,309.89609,310
11/7/2019 5:00,295.83999,296
11/7/2019 6:00,302.32209,303
11/7/2019 7:00,352.15768,353
11/7/2019 8:00,409.98535,410
11/7/2019 9:00,488.03766,489
11/7/2019 10:00,525.0946,526
11/7/2019 11:00,519.17719,520
11/7/2019 12:00,524.37474,525
11/7/2019 13:00,542.14369,543
11/7/2019 14:00,532.67579,533
11/7/2019 15:00,565.14374,566
11/7/2019 16:00,552.68754,553
11/7/2019 17:00,544.08522,545
11/7/2019 18:00,540.98459,541
11/7/2019 19:00,524.58714,525
11/7/2019 20:00,528.82876,529
11/7/2019 21:00,515.73974,516
11/7/2019 22:00,520.98256,521
11/7/2019 23:00,503.12865,504
11/8/2019 0:00,463.82551,464
11/8/2019 1:00,392.28017,393
11/8/2019 2:00,360.03319,361
11/8/2019 3:00,319.58598,320
11/8/2019 4:00,297.80621,298
11/8/2019 5:00,303.12493,304
11/8/2019 6:00,290.32396,291
11/8/2019 7:00,317.93684,318
11/8/2019 8:00,420.88408,421
11/8/2019 9:00,490.48921,491
11/8/2019 10:00,487.26276,488
11/8/2019 11:00,489.87623,490
11/8/2019 12:00,513.37123,514
11/8/2019 13:00,541.76412,542
11/8/2019 14:00,550.1283,551
11/8/2019 15:00,531.65328,532
11/8/2019 16:00,543.97787,544
11/8/2019 17:00,515.75896,516
11/8/2019 18:00,504.65739,505
11/8/2019 19:00,473.77974,474
11/8/2019 20:00,465.76788,466
11/8/2019 21:00,456.76604,457
11/8/2019 22:00,463.42724,464
11/8/2019 23:00,442.41585,443
11/9/2019 0:00,410.37923,411
11/9/2019 1:00,359.02689,360
11/9/2019 2:00,322.80318,323
11/9/2019 3:00,291.62342,292
11/9/2019 4:00,285.79464,286
11/9/2019 5:00,283.31776,284
11/9/2019 6:00,281.95176,282
11/9/2019 7:00,281.81245,282
11/9/2019 8:00,317.08911,318
11/9/2019 9:00,344.40446,345
11/9/2019 10:00,383.52006,384
11/9/2019 11:00,395.22304,396
11/9/2019 12:00,389.11605,390
11/9/2019 13:00,421.52051,422
11/9/2019 14:00,422.11273,423
11/9/2019 15:00,430.89139,431
11/9/2019 16:00,429.05726,430
11/9/2019 17:00,421.64813,422
11/9/2019 18:00,421.44007,422
11/9/2019 19:00,402.58101,403
11/9/2019 20:00,406.10121,407
11/9/2019 21:00,400.53266,401
11/9/2019 22:00,409.86319,410
11/9/2019 23:00,420.49995,421
11/10/2019 0:00,387.32865,388
11/10/2019 1:00,368.82837,369
11/10/2019 2:00,334.95481,335
11/10/2019 3:00,290.03819,291
11/10/2019 4:00,265.8459,266
11/10/2019 5:00,269.77117,270
11/10/2019 6:00,260.5979,261
11/10/2019 7:00,283.35799,284
11/10/2019 8:00,308.87983,309
11/10/2019 9:00,337.15982,338
11/10/2019 10:00,341.19873,342
11/10/2019 11:00,352.79771,353
11/10/2019 12:00,361.39092,362
11/10/2019 13:00,401.00265,402
11/10/2019 14:00,425.43033,426
11/10/2019 15:00,404.69519,405
11/10/2019 16:00,421.41614,422
11/10/2019 17:00,426.25941,427
11/10/2019 18:00,408.58516,409
11/10/2019 19:00,428.28098,429
11/10/2019 20:00,426.96657,427
11/10/2019 21:00,420.29742,421
11/10/2019 22:00,451.87627,452
11/10/2019 23:00,464.53799,465
11/11/2019 0:00,412.78367,413
11/11/2019 1:00,348.28541,349
11/11/2019 2:00,306.24985,307
11/11/2019 3:00,279.09823,280
11/11/2019 4:00,268.48255,269
11/11/2019 5:00,263.09728,264
11/11/2019 6:00,269.26355,270
11/11/2019 7:00,293.86269,294
11/11/2019 8:00,373.64076,374
11/11/2019 9:00,423.607,424
11/11/2019 10:00,393.2498,394
11/11/2019 11:00,427.91158,428
11/11/2019 12:00,470.63436,471
11/11/2019 13:00,561.16023,562
11/11/2019 14:00,488.64796,489
11/11/2019 15:00,517.22423,518
11/11/2019 16:00,493.50145,494
11/11/2019 17:00,497.93412,498
11/11/2019 18:00,518.26409,519
11/11/2019 19:00,508.40355,509
11/11/2019 20:00,499.86442,500
11/11/2019 21:00,516.72645,517
11/11/2019 22:00,531.12538,532
11/11/2019 23:00,485.00046,486
11/12/2019 0:00,439.0692,440
11/12/2019 1:00,379.68417,380
11/12/2019 2:00,337.33759,338
11/12/2019 3:00,300.27447,301
11/12/2019 4:00,295.46002,296
11/12/2019 5:00,283.88956,284
11/12/2019 6:00,294.95662,295
11/12/2019 7:00,330.4195,331
11/12/2019 8:00,435.32686,436
11/12/2019 9:00,490.52382,491
11/12/2019 10:00,481.9007,482
11/12/2019 11:00,494.82091,495
11/12/2019 12:00,503.9825,504
11/12/2019 13:00,540.76918,541
11/12/2019 14:00,530.6557,531
11/12/2019 15:00,536.9526,537
11/12/2019 16:00,539.60897,540
11/12/2019 17:00,538.70101,539
11/12/2019 18:00,513.2497,514
11/12/2019 19:00,517.06061,518
11/12/2019 20:00,548.24949,549
11/12/2019 21:00,533.7928,534
11/12/2019 22:00,522.72458,523
11/12/2019 23:00,519.41404,520
11/13/2019 0:00,485.92538,486
11/13/2019 1:00,407.85563,408
11/13/2019 2:00,342.97388,343
11/13/2019 3:00,328.70112,329
11/13/2019 4:00,314.53332,315
11/13/2019 5:00,301.03349,302
11/13/2019 6:00,324.95021,325
11/13/2019 7:00,353.64558,354
11/13/2019 8:00,427.94265,428
11/13/2019 9:00,490.87102,491
11/13/2019 10:00,509.54885,510
11/13/2019 11:00,508.40112,509
11/13/2019 12:00,529.92786,530
11/13/2019 13:00,573.41957,574
11/13/2019 14:00,552.32646,553
11/13/2019 15:00,552.84461,553
11/13/2019 16:00,550.17184,551
11/13/2019 17:00,558.2092,559
11/13/2019 18:00,541.43445,542
11/13/2019 19:00,532.39749,533
11/13/2019 20:00,533.27906,534
11/13/2019 21:00,522.30078,523
11/13/2019 22:00,507.05265,508
11/13/2019 23:00,517.57388,518
11/14/2019 0:00,484.00005,485
11/14/2019 1:00,413.30976,414
11/14/2019 2:00,371.67043,372
11/14/2019 3:00,336.21421,337
11/14/2019 4:00,314.68172,315
11/14/2019 5:00,312.08786,313
11/14/2019 6:00,309.10565,310
11/14/2019 7:00,349.24217,350
11/14/2019 8:00,452.27643,453
11/14/2019 9:00,499.77765,500
11/14/2019 10:00,485.30238,486
11/14/2019 11:00,494.99543,495
11/14/2019 12:00,508.022,509
11/14/2019 13:00,500.92962,501
11/14/2019 14:00,503.28918,504
11/14/2019 15:00,508.21081,509
11/14/2019 16:00,531.16939,532
11/14/2019 17:00,474.05765,475
11/14/2019 18:00,462.47782,463
11/14/2019 19:00,443.12396,444
11/14/2019 20:00,436.3007,437
11/14/2019 21:00,462.33742,463
11/14/2019 22:00,500.48883,501
11/14/2019 23:00,481.05191,482
11/15/2019 0:00,446.60552,447
11/15/2019 1:00,387.03183,388
11/15/2019 2:00,335.86687,336
11/15/2019 3:00,309.98881,310
11/15/2019 4:00,293.80882,294
11/15/2019 5:00,291.28386,292
11/15/2019 6:00,297.05335,298
11/15/2019 7:00,329.53732,330
11/15/2019 8:00,413.80595,414
11/15/2019 9:00,428.62562,429
11/15/2019 10:00,419.12282,420
11/15/2019 11:00,441.08905,442
11/15/2019 12:00,458.2997,459
11/15/2019 13:00,479.33083,480
11/15/2019 14:00,465.42156,466
11/15/2019 15:00,471.33388,472
11/15/2019 16:00,476.43819,477
11/15/2019 17:00,480.36836,481
11/15/2019 18:00,443.50645,444
11/15/2019 19:00,445.30998,446
11/15/2019 20:00,459.10321,460
11/15/2019 21:00,420.5212,421
11/15/2019 22:00,435.89997,436
11/15/2019 23:00,462.3713,463
11/16/2019 0:00,415.7522,416
11/16/2019 1:00,363.27356,364
11/16/2019 2:00,324.11847,325
11/16/2019 3:00,291.79241,292
11/16/2019 4:00,277.80991,278
11/16/2019 5:00,275.13592,276
11/16/2019 6:00,276.5906,277
11/16/2019 7:00,311.63957,312
11/16/2019 8:00,347.26775,348
11/16/2019 9:00,358.57465,359
11/16/2019 10:00,380.65638,381
11/16/2019 11:00,371.59097,372
11/16/2019 12:00,398.95096,399
11/16/2019 13:00,458.45099,459
11/16/2019 14:00,439.30357,440
11/16/2019 15:00,437.8647,438
11/16/2019 16:00,431.30335,432
11/16/2019 17:00,439.5104,440
11/16/2019 18:00,417.7594,418
11/16/2019 19:00,386.426,387
11/16/2019 20:00,404.97543,405
11/16/2019 21:00,448.74789,449
11/16/2019 22:00,449.96308,450
11/16/2019 23:00,429.01953,430
11/17/2019 0:00,403.05754,404
11/17/2019 1:00,377.77078,378
11/17/2019 2:00,337.86099,338
11/17/2019 3:00,302.25636,303
11/17/2019 4:00,279.42474,280
11/17/2019 5:00,275.22434,276
11/17/2019 6:00,273.85889,274
11/17/2019 7:00,278.75059,279
11/17/2019 8:00,337.45985,338
11/17/2019 9:00,346.06771,347
11/17/2019 10:00,372.24959,373
11/17/2019 11:00,372.10057,373
11/17/2019 12:00,371.62366,372
11/17/2019 13:00,408.77767,409
11/17/2019 14:00,432.04857,433
11/17/2019 15:00,431.18391,432
11/17/2019 16:00,429.81593,430
11/17/2019 17:00,441.11945,442
11/17/2019 18:00,455.89804,456
11/17/2019 19:00,438.44081,439
11/17/2019 20:00,439.25074,440
11/17/2019 21:00,471.93968,472
11/17/2019 22:00,510.95502,511
11/17/2019 23:00,528.54431,529
11/18/2019 0:00,488.78716,489
11/18/2019 1:00,412.20275,413
11/18/2019 2:00,366.65509,367
11/18/2019 3:00,329.33546,330
11/18/2019 4:00,320.48614,321
11/18/2019 5:00,310.31976,311
11/18/2019 6:00,318.91281,319
11/18/2019 7:00,348.87849,349
11/18/2019 8:00,431.58205,432
11/18/2019 9:00,517.04358,518
11/18/2019 10:00,528.42991,529
11/18/2019 11:00,535.2398,536
11/18/2019 12:00,529.8523,530
11/18/2019 13:00,569.55884,570
11/18/2019 14:00,556.46726,557
11/18/2019 15:00,543.72959,544
11/18/2019 16:00,519.07003,520
11/18/2019 17:00,511.62042,512
11/18/2019 18:00,503.31144,504
11/18/2019 19:00,493.40877,494
11/18/2019 20:00,508.48051,509
11/18/2019 21:00,495.34047,496
11/18/2019 22:00,515.58689,516
11/18/2019 23:00,519.11762,520
11/19/2019 0:00,467.43392,468
11/19/2019 1:00,413.05383,414
11/19/2019 2:00,326.38568,327
11/19/2019 3:00,295.94581,296
11/19/2019 4:00,279.95068,280
11/19/2019 5:00,281.85708,282
11/19/2019 6:00,274.58415,275
11/19/2019 7:00,317.77549,318
11/19/2019 8:00,395.07299,396
11/19/2019 9:00,477.47744,478
11/19/2019 10:00,481.73654,482
11/19/2019 11:00,474.2192,475
11/19/2019 12:00,487.66896,488
11/19/2019 13:00,509.16337,510
11/19/2019 14:00,529.92111,530
11/19/2019 15:00,478.46774,479
11/19/2019 16:00,453.27595,454
11/19/2019 17:00,464.43629,465
11/19/2019 18:00,474.14497,475
11/19/2019 19:00,439.43071,440
11/19/2019 20:00,432.1147,433
11/19/2019 21:00,463.45597,464
11/19/2019 22:00,473.76852,474
11/19/2019 23:00,437.91946,438
11/20/2019 0:00,404.65833,405
11/20/2019 1:00,354.54879,355
11/20/2019 2:00,288.30452,289
11/20/2019 3:00,267.40169,268
11/20/2019 4:00,252.0132,253
11/20/2019 5:00,252.61229,253
11/20/2019 6:00,248.33317,249
11/20/2019 7:00,296.08706,297
11/20/2019 8:00,443.644,444
11/20/2019 9:00,500.1444,501
11/20/2019 10:00,501.50338,502
11/20/2019 11:00,492.53912,493
11/20/2019 12:00,500.37401,501
11/20/2019 13:00,530.94623,531
11/20/2019 14:00,495.94643,496
11/20/2019 15:00,511.15164,512
11/20/2019 16:00,512.58592,513
11/20/2019 17:00,479.37209,480
11/20/2019 18:00,462.51729,463
11/20/2019 19:00,442.55837,443
11/20/2019 20:00,423.93726,424
11/20/2019 21:00,468.13083,469
11/20/2019 22:00,477.21443,478
11/20/2019 23:00,454.71182,455
11/21/2019 0:00,420.48833,421
11/21/2019 1:00,364.63973,365
11/21/2019 2:00,309.90182,310
11/21/2019 3:00,296.71897,297
11/21/2019 4:00,267.10201,268
11/21/2019 5:00,256.32606,257
11/21/2019 6:00,263.18242,264
11/21/2019 7:00,301.28487,302
11/21/2019 8:00,393.69574,394
11/21/2019 9:00,452.60101,453
11/21/2019 10:00,443.12289,444
11/21/2019 11:00,434.52598,435
11/21/2019 12:00,488.27088,489
11/21/2019 13:00,468.68463,469
11/21/2019 14:00,455.25544,456
11/21/2019 15:00,475.72886,476
11/21/2019 16:00,465.24322,466
11/21/2019 17:00,462.61765,463
11/21/2019 18:00,479.68434,480
11/21/2019 19:00,456.12363,457
11/21/2019 20:00,466.03292,467
11/21/2019 21:00,453.11341,454
11/21/2019 22:00,467.92579,468
11/21/2019 23:00,464.41434,465
11/22/2019 0:00,440.73855,441
11/22/2019 1:00,384.09129,385
11/22/2019 2:00,314.14551,315
11/22/2019 3:00,281.67896,282
11/22/2019 4:00,271.31531,272
11/22/2019 5:00,274.58346,275
11/22/2019 6:00,275.95774,276
11/22/2019 7:00,322.63924,323
11/22/2019 8:00,398.76123,399
11/22/2019 9:00,460.44696,461
11/22/2019 10:00,468.94853,469
11/22/2019 11:00,475.13154,476
11/22/2019 12:00,513.23823,514
11/22/2019 13:00,521.66086,522
11/22/2019 14:00,511.21287,512
11/22/2019 15:00,500.93326,501
11/22/2019 16:00,509.24138,510
11/22/2019 17:00,515.758,516
11/22/2019 18:00,492.48392,493
11/22/2019 19:00,451.56219,452
11/22/2019 20:00,433.07242,434
11/22/2019 21:00,465.3648,466
11/22/2019 22:00,480.49502,481
11/22/2019 23:00,502.32261,503
11/23/2019 0:00,470.41502,471
11/23/2019 1:00,401.5726,402
11/23/2019 2:00,361.90791,362
11/23/2019 3:00,322.09172,323
11/23/2019 4:00,303.75502,304
11/23/2019 5:00,292.32074,293
11/23/2019 6:00,294.99679,295
11/23/2019 7:00,313.81312,314
11/23/2019 8:00,375.86881,376
11/23/2019 9:00,389.09894,390
11/23/2019 10:00,397.96183,398
11/23/2019 11:00,439.3218,440
11/23/2019 12:00,424.64251,425
11/23/2019 13:00,459.72217,460
11/23/2019 14:00,470.92683,471
11/23/2019 15:00,452.6181,453
11/23/2019 16:00,469.13363,470
11/23/2019 17:00,452.154,453
11/23/2019 18:00,453.25613,454
11/23/2019 19:00,435.98294,436
11/23/2019 20:00,428.70461,429
11/23/2019 21:00,446.72173,447
11/23/2019 22:00,441.47858,442
11/23/2019 23:00,474.95666,475
11/24/2019 0:00,438.82614,439
11/24/2019 1:00,403.15613,404
11/24/2019 2:00,352.70672,353
11/24/2019 3:00,315.93388,316
11/24/2019 4:00,307.84858,308
11/24/2019 5:00,304.83014,305
11/24/2019 6:00,299.045,300
11/24/2019 7:00,315.06966,316
11/24/2019 8:00,356.54244,357
11/24/2019 9:00,373.87165,374
11/24/2019 10:00,373.18776,374
11/24/2019 11:00,375.74125,376
11/24/2019 12:00,389.31966,390
11/24/2019 13:00,427.22551,428
11/24/2019 14:00,450.7448,451
11/24/2019 15:00,437.24204,438
11/24/2019 16:00,451.62222,452
11/24/2019 17:00,457.47784,458
11/24/2019 18:00,446.86981,447
11/24/2019 19:00,425.79528,426
11/24/2019 20:00,459.36634,460
11/24/2019 21:00,468.20869,469
11/24/2019 22:00,476.69822,477
11/24/2019 23:00,489.4239,490
11/25/2019 0:00,460.73305,461
11/25/2019 1:00,380.48586,381
11/25/2019 2:00,337.55925,338
11/25/2019 3:00,315.19958,316
11/25/2019 4:00,299.08214,300
11/25/2019 5:00,287.74243,288
11/25/2019 6:00,289.98971,290
11/25/2019 7:00,339.99357,340
11/25/2019 8:00,417.31099,418
11/25/2019 9:00,518.37984,519
11/25/2019 10:00,527.82768,528
11/25/2019 11:00,544.04086,545
11/25/2019 12:00,560.04599,561
11/25/2019 13:00,602.58591,603
11/25/2019 14:00,589.55551,590
11/25/2019 15:00,565.31945,566
11/25/2019 16:00,525.61344,526
11/25/2019 17:00,526.87769,527
11/25/2019 18:00,509.86715,510
11/25/2019 19:00,514.60083,515
11/25/2019 20:00,501.48763,502
11/25/2019 21:00,521.30884,522
11/25/2019 22:00,515.17682,516
11/25/2019 23:00,488.26991,489
11/26/2019 0:00,451.98078,452
11/26/2019 1:00,387.64921,388
11/26/2019 2:00,344.32972,345
11/26/2019 3:00,309.33297,310
11/26/2019 4:00,284.69067,285
11/26/2019 5:00,268.83435,269
11/26/2019 6:00,267.28514,268
11/26/2019 7:00,315.74447,316
11/26/2019 8:00,399.4027,400
11/26/2019 9:00,512.4079,513
11/26/2019 10:00,480.60789,481
11/26/2019 11:00,476.19433,477
11/26/2019 12:00,485.82926,486
11/26/2019 13:00,518.8851,519
11/26/2019 14:00,529.77998,530
11/26/2019 15:00,521.55537,522
11/26/2019 16:00,498.89709,499
11/26/2019 17:00,523.2848,524
11/26/2019 18:00,506.50876,507
11/26/2019 19:00,479.85961,480
11/26/2019 20:00,469.81003,470
11/26/2019 21:00,454.30742,455
11/26/2019 22:00,494.83044,495
11/26/2019 23:00,499.74897,500
11/27/2019 0:00,429.45579,430
11/27/2019 1:00,389.20051,390
11/27/2019 2:00,332.49675,333
11/27/2019 3:00,301.14466,302
11/27/2019 4:00,282.82734,283
11/27/2019 5:00,282.8666,283
11/27/2019 6:00,275.39318,276
11/27/2019 7:00,315.9316,316
11/27/2019 8:00,427.57338,428
11/27/2019 9:00,484.4042,485
11/27/2019 10:00,507.00613,508
11/27/2019 11:00,497.98912,498
11/27/2019 12:00,502.93666,503
11/27/2019 13:00,501.5715,502
11/27/2019 14:00,512.97322,513
11/27/2019 15:00,530.53433,531
11/27/2019 16:00,517.23369,518
11/27/2019 17:00,513.08606,514
11/27/2019 18:00,506.45224,507
11/27/2019 19:00,475.50809,476
11/27/2019 20:00,513.23688,514
11/27/2019 21:00,474.89069,475
11/27/2019 22:00,491.09724,492
11/27/2019 23:00,474.20719,475
11/28/2019 0:00,448.16707,449
11/28/2019 1:00,393.04169,394
11/28/2019 2:00,331.21031,332
11/28/2019 3:00,304.00083,305
11/28/2019 4:00,281.17393,282
11/28/2019 5:00,268.90259,269
11/28/2019 6:00,273.01227,274
11/28/2019 7:00,290.81234,291
11/28/2019 8:00,411.80511,412
11/28/2019 9:00,498.25171,499
11/28/2019 10:00,480.17064,481
11/28/2019 11:00,475.37679,476
11/28/2019 12:00,467.67998,468
11/28/2019 13:00,481.5541,482
11/28/2019 14:00,472.5353,473
11/28/2019 15:00,500.02128,501
11/28/2019 16:00,483.74695,484
11/28/2019 17:00,479.2391,480
11/28/2019 18:00,487.16679,488
11/28/2019 19:00,463.71342,464
11/28/2019 20:00,479.86679,480
11/28/2019 21:00,453.1386,454
11/28/2019 22:00,481.95212,482
11/28/2019 23:00,469.51798,470
11/29/2019 0:00,419.5252,420
11/29/2019 1:00,392.39167,393
11/29/2019 2:00,337.1962,338
11/29/2019 3:00,292.4511,293
11/29/2019 4:00,256.13696,257
11/29/2019 5:00,257.58471,258
11/29/2019 6:00,260.93903,261
11/29/2019 7:00,300.35203,301
11/29/2019 8:00,413.87661,414
11/29/2019 9:00,457.73427,458
11/29/2019 10:00,462.71219,463
11/29/2019 11:00,447.1052,448
11/29/2019 12:00,445.41821,446
11/29/2019 13:00,471.76185,472
11/29/2019 14:00,466.77947,467
11/29/2019 15:00,454.96066,455
11/29/2019 16:00,475.77088,476
11/29/2019 17:00,459.89084,460
11/29/2019 18:00,450.54637,451
11/29/2019 19:00,455.62796,456
11/29/2019 20:00,446.87127,447
11/29/2019 21:00,413.92726,414
11/29/2019 22:00,430.38747,431
11/29/2019 23:00,417.30314,418
11/30/2019 0:00,413.47314,414
11/30/2019 1:00,370.73556,371
11/30/2019 2:00,328.21689,329
11/30/2019 3:00,283.2121,284
11/30/2019 4:00,270.92663,271
11/30/2019 5:00,270.78889,271
11/30/2019 6:00,270.46592,271
11/30/2019 7:00,287.04689,288
11/30/2019 8:00,336.5163,337
11/30/2019 9:00,382.24391,383
11/30/2019 10:00,359.46036,360
11/30/2019 11:00,382.39543,383
11/30/2019 12:00,405.97843,406
11/30/2019 13:00,421.1797,422
11/30/2019 14:00,423.20705,424
11/30/2019 15:00,423.29488,424
11/30/2019 16:00,404.20263,405
11/30/2019 17:00,406.00065,407
11/30/2019 18:00,388.59169,389
11/30/2019 19:00,410.4351,411
11/30/2019 20:00,386.56279,387
11/30/2019 21:00,403.38332,404
11/30/2019 22:00,398.0732,399
11/30/2019 23:00,397.99557,398
12/1/2019 0:00,396.20474,397
12/1/2019 1:00,357.6759,358
12/1/2019 2:00,310.47264,311
12/1/2019 3:00,276.81225,277
12/1/2019 4:00,281.0074,282
12/1/2019 5:00,255.67079,256
12/1/2019 6:00,268.37943,269
12/1/2019 7:00,260.60587,261
12/1/2019 8:00,313.32665,314
12/1/2019 9:00,346.93668,347
12/1/2019 10:00,352.06031,353
12/1/2019 11:00,376.85699,377
12/1/2019 12:00,388.82849,389
12/1/2019 13:00,410.83764,411
12/1/2019 14:00,410.3385,411
12/1/2019 15:00,446.6859,447
12/1/2019 16:00,435.32806,436
12/1/2019 17:00,422.19858,423
12/1/2019 18:00,449.9702,450
12/1/2019 19:00,436.71642,437
12/1/2019 20:00,426.67229,427
12/1/2019 21:00,430.37491,431
12/1/2019 22:00,467.72406,468
12/1/2019 23:00,469.46586,470
12/2/2019 0:00,446.53438,447
12/2/2019 1:00,364.82836,365
12/2/2019 2:00,310.61502,311
12/2/2019 3:00,269.46833,270
12/2/2019 4:00,270.77925,271
12/2/2019 5:00,277.6756,278
12/2/2019 6:00,275.25896,276
12/2/2019 7:00,300.89878,301
12/2/2019 8:00,392.08502,393
12/2/2019 9:00,477.2387,478
12/2/2019 10:00,461.51852,462
12/2/2019 11:00,448.78553,449
12/2/2019 12:00,505.22574,506
12/2/2019 13:00,526.72279,527
12/2/2019 14:00,509.87292,510
12/2/2019 15:00,482.55177,483
12/2/2019 16:00,487.40081,488
12/2/2019 17:00,482.36433,483
12/2/2019 18:00,456.95495,457
12/2/2019 19:00,467.04874,468
12/2/2019 20:00,476.49413,477
12/2/2019 21:00,472.91485,473
12/2/2019 22:00,473.1791,474
12/2/2019 23:00,458.17255,459
12/3/2019 0:00,411.27386,412
12/3/2019 1:00,362.82328,363
12/3/2019 2:00,301.47481,302
12/3/2019 3:00,269.98968,270
12/3/2019 4:00,257.89096,258
12/3/2019 5:00,247.86215,248
12/3/2019 6:00,261.47009,262
12/3/2019 7:00,300.29766,301
12/3/2019 8:00,383.79282,384
12/3/2019 9:00,446.19403,447
12/3/2019 10:00,443.42729,444
12/3/2019 11:00,452.09415,453
12/3/2019 12:00,444.36363,445
12/3/2019 13:00,489.1673,490
12/3/2019 14:00,463.17722,464
12/3/2019 15:00,483.90374,484
12/3/2019 16:00,459.40122,460
12/3/2019 17:00,466.5366,467
12/3/2019 18:00,476.05257,477
12/3/2019 19:00,480.26117,481
12/3/2019 20:00,485.40586,486
12/3/2019 21:00,466.78068,467
12/3/2019 22:00,497.69823,498
12/3/2019 23:00,480.56958,481
12/4/2019 0:00,405.88895,406
12/4/2019 1:00,378.8588,379
12/4/2019 2:00,305.9128,306
12/4/2019 3:00,265.57185,266
12/4/2019 4:00,248.34616,249
12/4/2019 5:00,250.06405,251
12/4/2019 6:00,264.68504,265
12/4/2019 7:00,295.18175,296
12/4/2019 8:00,384.8095,385
12/4/2019 9:00,429.82556,430
12/4/2019 10:00,473.31258,474
12/4/2019 11:00,465.08243,466
12/4/2019 12:00,444.5484,445
12/4/2019 13:00,472.91899,473
12/4/2019 14:00,481.575,482
12/4/2019 15:00,492.85306,493
12/4/2019 16:00,453.91695,454
12/4/2019 17:00,467.38255,468
12/4/2019 18:00,464.26148,465
12/4/2019 19:00,457.86177,458
12/4/2019 20:00,457.457,458
12/4/2019 21:00,442.81221,443
12/4/2019 22:00,440.39706,441
12/4/2019 23:00,453.67233,454
12/5/2019 0:00,417.48247,418
12/5/2019 1:00,376.40364,377
12/5/2019 2:00,317.03813,318
12/5/2019 3:00,280.00627,281
12/5/2019 4:00,261.7934,262
12/5/2019 5:00,263.10646,264
12/5/2019 6:00,259.07032,260
12/5/2019 7:00,288.21534,289
12/5/2019 8:00,377.25043,378
12/5/2019 9:00,434.87083,435
12/5/2019 10:00,479.45785,480
12/5/2019 11:00,479.62591,480
12/5/2019 12:00,465.94613,466
12/5/2019 13:00,522.79934,523
12/5/2019 14:00,521.67683,522
12/5/2019 15:00,502.95683,503
12/5/2019 16:00,491.2446,492
12/5/2019 17:00,476.37508,477
12/5/2019 18:00,470.37187,471
12/5/2019 19:00,440.7366,441
12/5/2019 20:00,461.35242,462
12/5/2019 21:00,453.98714,454
12/5/2019 22:00,476.87001,477
12/5/2019 23:00,458.57272,459
12/6/2019 0:00,421.82768,422
12/6/2019 1:00,380.98924,381
12/6/2019 2:00,312.44334,313
12/6/2019 3:00,273.45673,274
12/6/2019 4:00,271.04764,272
12/6/2019 5:00,257.90823,258
12/6/2019 6:00,265.66562,266
12/6/2019 7:00,287.50196,288
12/6/2019 8:00,352.39612,353
12/6/2019 9:00,459.54807,460
12/6/2019 10:00,487.5762,488
12/6/2019 11:00,491.25892,492
12/6/2019 12:00,474.13535,475
12/6/2019 13:00,496.86291,497
12/6/2019 14:00,498.9677,499
12/6/2019 15:00,483.007,484
12/6/2019 16:00,478.27526,479
12/6/2019 17:00,464.76359,465
12/6/2019 18:00,443.32263,444
12/6/2019 19:00,415.99248,416
12/6/2019 20:00,430.58575,431
12/6/2019 21:00,423.1499,424
12/6/2019 22:00,437.44691,438
12/6/2019 23:00,394.27444,395
12/7/2019 0:00,381.86344,382
12/7/2019 1:00,350.35865,351
12/7/2019 2:00,315.90897,316
12/7/2019 3:00,289.45885,290
12/7/2019 4:00,264.47487,265
12/7/2019 5:00,266.66574,267
12/7/2019 6:00,265.42361,266
12/7/2019 7:00,268.25341,269
12/7/2019 8:00,320.97336,321
12/7/2019 9:00,385.06137,386
12/7/2019 10:00,394.28406,395
12/7/2019 11:00,403.7158,404
12/7/2019 12:00,403.43739,404
12/7/2019 13:00,412.3712,413
12/7/2019 14:00,407.75584,408
12/7/2019 15:00,428.06408,429
12/7/2019 16:00,421.52284,422
12/7/2019 17:00,382.7091,383
12/7/2019 18:00,396.33812,397
12/7/2019 19:00,392.39019,393
12/7/2019 20:00,390.5739,391
12/7/2019 21:00,398.85177,399
12/7/2019 22:00,403.2839,404
12/7/2019 23:00,423.61141,424
12/8/2019 0:00,415.82916,416
12/8/2019 1:00,358.56347,359
12/8/2019 2:00,289.20194,290
12/8/2019 3:00,262.00941,263
12/8/2019 4:00,256.46252,257
12/8/2019 5:00,253.09132,254
12/8/2019 6:00,256.96927,257
12/8/2019 7:00,278.17049,279
12/8/2019 8:00,288.32903,289
12/8/2019 9:00,315.8612,316
12/8/2019 10:00,344.95778,345
12/8/2019 11:00,331.16662,332
12/8/2019 12:00,353.61837,354
12/8/2019 13:00,368.5472,369
12/8/2019 14:00,383.88073,384
12/8/2019 15:00,388.30048,389
12/8/2019 16:00,395.60887,396
12/8/2019 17:00,403.86719,404
12/8/2019 18:00,393.72152,394
12/8/2019 19:00,390.92929,391
12/8/2019 20:00,388.27504,389
12/8/2019 21:00,418.04835,419
12/8/2019 22:00,445.20175,446
12/8/2019 23:00,462.61723,463
12/9/2019 0:00,407.51151,408
12/9/2019 1:00,354.96185,355
12/9/2019 2:00,301.19226,302
12/9/2019 3:00,264.02291,265
12/9/2019 4:00,244.71728,245
12/9/2019 5:00,262.51967,263
12/9/2019 6:00,278.73823,279
12/9/2019 7:00,290.79567,291
12/9/2019 8:00,375.02844,376
12/9/2019 9:00,454.15318,455
12/9/2019 10:00,438.22878,439
12/9/2019 11:00,428.90587,429
12/9/2019 12:00,465.63475,466
12/9/2019 13:00,505.06197,506
12/9/2019 14:00,509.44739,510
12/9/2019 15:00,498.94185,499
12/9/2019 16:00,496.80632,497
12/9/2019 17:00,483.24392,484
12/9/2019 18:00,479.13789,480
12/9/2019 19:00,473.8057,474
12/9/2019 20:00,458.68146,459
12/9/2019 21:00,485.92218,486
12/9/2019 22:00,488.06715,489
12/9/2019 23:00,468.86117,469
12/10/2019 0:00,426.42636,427
12/10/2019 1:00,370.67009,371
12/10/2019 2:00,318.12139,319
12/10/2019 3:00,271.55353,272
12/10/2019 4:00,263.81332,264
12/10/2019 5:00,257.73872,258
12/10/2019 6:00,267.59417,268
12/10/2019 7:00,306.38667,307
12/10/2019 8:00,381.85638,382
12/10/2019 9:00,431.09626,432
12/10/2019 10:00,433.031,434
12/10/2019 11:00,437.1308,438
12/10/2019 12:00,429.64083,430
12/10/2019 13:00,465.68755,466
12/10/2019 14:00,481.74227,482
12/10/2019 15:00,467.86807,468
12/10/2019 16:00,458.45568,459
12/10/2019 17:00,469.4992,470
12/10/2019 18:00,470.8109,471
12/10/2019 19:00,453.77813,454
12/10/2019 20:00,477.80563,478
12/10/2019 21:00,461.95507,462
12/10/2019 22:00,468.83216,469
12/10/2019 23:00,450.09767,451
12/11/2019 0:00,425.58119,426
12/11/2019 1:00,369.50162,370
12/11/2019 2:00,306.34234,307
12/11/2019 3:00,278.55659,279
12/11/2019 4:00,257.78468,258
12/11/2019 5:00,265.2079,266
12/11/2019 6:00,261.81783,262
12/11/2019 7:00,302.11596,303
12/11/2019 8:00,387.15336,388
12/11/2019 9:00,437.97285,438
12/11/2019 10:00,479.50117,480
12/11/2019 11:00,506.09099,507
12/11/2019 12:00,517.85265,518
12/11/2019 13:00,499.9026,500
12/11/2019 14:00,483.19301,484
12/11/2019 15:00,508.226,509
12/11/2019 16:00,475.87551,476
12/11/2019 17:00,459.59731,460
12/11/2019 18:00,449.92086,450
12/11/2019 19:00,428.99676,429
12/11/2019 20:00,434.76992,435
12/11/2019 21:00,417.41966,418
12/11/2019 22:00,462.16216,463
12/11/2019 23:00,440.31391,441
12/12/2019 0:00,428.24956,429
12/12/2019 1:00,372.18131,373
12/12/2019 2:00,305.21719,306
12/12/2019 3:00,279.55706,280
12/12/2019 4:00,266.85125,267
12/12/2019 5:00,257.62435,258
12/12/2019 6:00,272.74455,273
12/12/2019 7:00,285.94569,286
12/12/2019 8:00,378.77329,379
12/12/2019 9:00,457.87751,458
12/12/2019 10:00,458.82985,459
12/12/2019 11:00,451.89235,452
12/12/2019 12:00,468.52847,469
12/12/2019 13:00,466.73042,467
12/12/2019 14:00,449.64136,450
12/12/2019 15:00,473.14483,474
12/12/2019 16:00,500.82569,501
12/12/2019 17:00,450.5512,451
12/12/2019 18:00,469.5304,470
12/12/2019 19:00,464.78987,465
12/12/2019 20:00,452.24786,453
12/12/2019 21:00,460.26309,461
12/12/2019 22:00,474.08067,475
12/12/2019 23:00,463.66525,464
12/13/2019 0:00,441.96252,442
12/13/2019 1:00,381.6326,382
12/13/2019 2:00,326.37114,327
12/13/2019 3:00,285.74525,286
12/13/2019 4:00,262.70768,263
12/13/2019 5:00,256.71122,257
12/13/2019 6:00,273.94589,274
12/13/2019 7:00,307.42263,308
12/13/2019 8:00,415.80705,416
12/13/2019 9:00,461.14657,462
12/13/2019 10:00,467.91585,468
12/13/2019 11:00,479.595,480
12/13/2019 12:00,494.52508,495
12/13/2019 13:00,498.48578,499
12/13/2019 14:00,493.68026,494
12/13/2019 15:00,527.56202,528
12/13/2019 16:00,490.19168,491
12/13/2019 17:00,493.89633,494
12/13/2019 18:00,476.47201,477
12/13/2019 19:00,442.87504,443
12/13/2019 20:00,459.24995,460
12/13/2019 21:00,454.75624,455
12/13/2019 22:00,485.9359,486
12/13/2019 23:00,491.66371,492
12/14/2019 0:00,449.82741,450
12/14/2019 1:00,380.14329,381
12/14/2019 2:00,352.25872,353
12/14/2019 3:00,318.9735,319
12/14/2019 4:00,306.99137,307
12/14/2019 5:00,295.73947,296
12/14/2019 6:00,308.69686,309
12/14/2019 7:00,315.5428,316
12/14/2019 8:00,338.66356,339
12/14/2019 9:00,393.01273,394
12/14/2019 10:00,401.72022,402
12/14/2019 11:00,416.68226,417
12/14/2019 12:00,403.63296,404
12/14/2019 13:00,423.29953,424
12/14/2019 14:00,406.75973,407
12/14/2019 15:00,416.99736,417
12/14/2019 16:00,412.06964,413
12/14/2019 17:00,410.95917,411
12/14/2019 18:00,420.93784,421
12/14/2019 19:00,396.41729,397
12/14/2019 20:00,415.21552,416
12/14/2019 21:00,411.97242,412
12/14/2019 22:00,416.89355,417
12/14/2019 23:00,433.51647,434
12/15/2019 0:00,420.40647,421
12/15/2019 1:00,370.96025,371
12/15/2019 2:00,345.80589,346
12/15/2019 3:00,295.40974,296
12/15/2019 4:00,276.89536,277
12/15/2019 5:00,267.48198,268
12/15/2019 6:00,279.45642,280
12/15/2019 7:00,299.10714,300
12/15/2019 8:00,277.78447,278
12/15/2019 9:00,298.84152,299
12/15/2019 10:00,302.4119,303
12/15/2019 11:00,322.39796,323
12/15/2019 12:00,331.0428,332
12/15/2019 13:00,371.79463,372
12/15/2019 14:00,427.29364,428
12/15/2019 15:00,427.05128,428
12/15/2019 16:00,422.39721,423
12/15/2019 17:00,442.01374,443
12/15/2019 18:00,421.1154,422
12/15/2019 19:00,417.45164,418
12/15/2019 20:00,445.31648,446
12/15/2019 21:00,447.77234,448
12/15/2019 22:00,455.22905,456
12/15/2019 23:00,457.05194,458
12/16/2019 0:00,426.1051,427
12/16/2019 1:00,366.80732,367
12/16/2019 2:00,326.59091,327
12/16/2019 3:00,278.21516,279
12/16/2019 4:00,267.37073,268
12/16/2019 5:00,252.69934,253
12/16/2019 6:00,262.00064,263
12/16/2019 7:00,295.20647,296
12/16/2019 8:00,403.52224,404
12/16/2019 9:00,434.72219,435
12/16/2019 10:00,438.53503,439
12/16/2019 11:00,443.52785,444
12/16/2019 12:00,458.4932,459
12/16/2019 13:00,546.03984,547
12/16/2019 14:00,565.8092,566
12/16/2019 15:00,552.91761,553
12/16/2019 16:00,525.14124,526
12/16/2019 17:00,479.1823,480
12/16/2019 18:00,537.58768,538
12/16/2019 19:00,508.22553,509
12/16/2019 20:00,522.16025,523
12/16/2019 21:00,521.23849,522
12/16/2019 22:00,547.28442,548
12/16/2019 23:00,512.36622,513
12/17/2019 0:00,466.64545,467
12/17/2019 1:00,378.25177,379
12/17/2019 2:00,345.16257,346
12/17/2019 3:00,317.3884,318
12/17/2019 4:00,311.63947,312
12/17/2019 5:00,293.73817,294
12/17/2019 6:00,291.85851,292
12/17/2019 7:00,335.99294,336
12/17/2019 8:00,414.21589,415
12/17/2019 9:00,494.39512,495
12/17/2019 10:00,494.65225,495
12/17/2019 11:00,491.37568,492
12/17/2019 12:00,508.1129,509
12/17/2019 13:00,574.978,575
12/17/2019 14:00,571.19638,572
12/17/2019 15:00,562.66445,563
12/17/2019 16:00,555.21776,556
12/17/2019 17:00,561.75087,562
12/17/2019 18:00,530.34132,531
12/17/2019 19:00,526.38542,527
12/17/2019 20:00,517.88564,518
12/17/2019 21:00,531.08707,532
12/17/2019 22:00,580.86325,581
12/17/2019 23:00,550.25346,551
12/18/2019 0:00,470.66975,471
12/18/2019 1:00,432.11874,433
12/18/2019 2:00,380.65059,381
12/18/2019 3:00,329.69768,330
12/18/2019 4:00,320.35857,321
12/18/2019 5:00,311.78217,312
12/18/2019 6:00,315.88742,316
12/18/2019 7:00,357.41776,358
12/18/2019 8:00,455.47216,456
12/18/2019 9:00,535.14128,536
12/18/2019 10:00,565.71752,566
12/18/2019 11:00,518.68484,519
12/18/2019 12:00,521.65051,522
12/18/2019 13:00,552.37109,553
12/18/2019 14:00,550.51651,551
12/18/2019 15:00,555.01535,556
12/18/2019 16:00,512.94507,513
12/18/2019 17:00,517.14814,518
12/18/2019 18:00,515.22416,516
12/18/2019 19:00,500.15873,501
12/18/2019 20:00,498.86561,499
12/18/2019 21:00,467.68796,468
12/18/2019 22:00,511.92958,512
12/18/2019 23:00,470.65084,471
12/19/2019 0:00,458.85016,459
12/19/2019 1:00,417.62865,418
12/19/2019 2:00,368.61674,369
12/19/2019 3:00,338.74759,339
12/19/2019 4:00,305.77622,306
12/19/2019 5:00,296.72612,297
12/19/2019 6:00,307.88321,308
12/19/2019 7:00,332.0542,333
12/19/2019 8:00,420.53902,421
12/19/2019 9:00,501.34999,502
12/19/2019 10:00,511.28902,512
12/19/2019 11:00,534.47906,535
12/19/2019 12:00,532.33713,533
12/19/2019 13:00,504.65474,505
12/19/2019 14:00,526.93417,527
12/19/2019 15:00,524.2777,525
12/19/2019 16:00,517.64526,518
12/19/2019 17:00,535.15248,536
12/19/2019 18:00,507.59863,508
12/19/2019 19:00,481.22993,482
12/19/2019 20:00,478.60039,479
12/19/2019 21:00,461.21335,462
12/19/2019 22:00,490.04428,491
12/19/2019 23:00,487.13361,488
12/20/2019 0:00,462.48704,463
12/20/2019 1:00,420.21617,421
12/20/2019 2:00,365.05729,366
12/20/2019 3:00,320.21704,321
12/20/2019 4:00,298.92321,299
12/20/2019 5:00,298.90551,299
12/20/2019 6:00,289.39525,290
12/20/2019 7:00,336.54647,337
12/20/2019 8:00,416.73836,417
12/20/2019 9:00,482.16937,483
12/20/2019 10:00,491.11108,492
12/20/2019 11:00,470.09436,471
12/20/2019 12:00,509.36554,510
12/20/2019 13:00,545.73755,546
12/20/2019 14:00,530.64059,531
12/20/2019 15:00,518.78763,519
12/20/2019 16:00,542.23355,543
12/20/2019 17:00,534.2721,535
12/20/2019 18:00,509.35628,510
12/20/2019 19:00,467.69938,468
12/20/2019 20:00,454.32209,455
12/20/2019 21:00,435.1827,436
12/20/2019 22:00,439.67841,440
12/20/2019 23:00,452.09339,453
12/21/2019 0:00,440.10338,441
12/21/2019 1:00,377.6808,378
12/21/2019 2:00,326.10896,327
12/21/2019 3:00,306.0472,307
12/21/2019 4:00,291.67149,292
12/21/2019 5:00,274.94668,275
12/21/2019 6:00,277.86635,278
12/21/2019 7:00,306.24141,307
12/21/2019 8:00,332.74738,333
12/21/2019 9:00,373.58453,374
12/21/2019 10:00,364.33414,365
12/21/2019 11:00,391.37893,392
12/21/2019 12:00,396.09769,397
12/21/2019 13:00,411.04165,412
12/21/2019 14:00,417.27799,418
12/21/2019 15:00,431.88937,432
12/21/2019 16:00,411.42941,412
12/21/2019 17:00,402.32338,403
12/21/2019 18:00,410.66757,411
12/21/2019 19:00,402.97126,403
12/21/2019 20:00,423.85229,424
12/21/2019 21:00,414.08169,415
12/21/2019 22:00,418.54158,419
12/21/2019 23:00,412.83495,413
12/22/2019 0:00,422.1917,423
12/22/2019 1:00,361.53166,362
12/22/2019 2:00,340.95183,341
12/22/2019 3:00,314.17884,315
12/22/2019 4:00,283.13816,284
12/22/2019 5:00,283.77789,284
12/22/2019 6:00,266.43656,267
12/22/2019 7:00,281.01444,282
12/22/2019 8:00,320.41539,321
12/22/2019 9:00,344.55147,345
12/22/2019 10:00,363.4014,364
12/22/2019 11:00,399.42253,400
12/22/2019 12:00,414.26454,415
12/22/2019 13:00,410.87499,411
12/22/2019 14:00,410.9306,411
12/22/2019 15:00,423.93688,424
12/22/2019 16:00,404.36625,405
12/22/2019 17:00,418.44389,419
12/22/2019 18:00,434.62794,435
12/22/2019 19:00,432.68869,433
12/22/2019 20:00,420.94646,421
12/22/2019 21:00,434.05898,435
12/22/2019 22:00,449.48183,450
12/22/2019 23:00,464.34247,465
12/23/2019 0:00,422.35878,423
12/23/2019 1:00,356.62601,357
12/23/2019 2:00,325.73538,326
12/23/2019 3:00,297.35258,298
12/23/2019 4:00,273.5966,274
12/23/2019 5:00,265.35992,266
12/23/2019 6:00,284.77677,285
12/23/2019 7:00,306.11986,307
12/23/2019 8:00,398.72528,399
12/23/2019 9:00,486.20821,487
12/23/2019 10:00,496.93604,497
12/23/2019 11:00,484.5783,485
12/23/2019 12:00,496.43207,497
12/23/2019 13:00,519.90177,520
12/23/2019 14:00,518.19492,519
12/23/2019 15:00,524.42196,525
12/23/2019 16:00,492.56259,493
12/23/2019 17:00,488.89995,489
12/23/2019 18:00,490.40615,491
12/23/2019 19:00,478.8395,479
12/23/2019 20:00,475.38902,476
12/23/2019 21:00,477.81494,478
12/23/2019 22:00,469.33976,470
12/23/2019 23:00,467.7839,468
12/24/2019 0:00,438.32988,439
12/24/2019 1:00,371.08058,372
12/24/2019 2:00,343.82217,344
12/24/2019 3:00,305.17237,306
12/24/2019 4:00,281.4819,282
12/24/2019 5:00,265.22994,266
12/24/2019 6:00,280.3783,281
12/24/2019 7:00,312.93022,313
12/24/2019 8:00,410.49466,411
12/24/2019 9:00,448.4537,449
12/24/2019 10:00,467.50084,468
12/24/2019 11:00,468.49929,469
12/24/2019 12:00,482.49544,483
12/24/2019 13:00,493.98979,494
12/24/2019 14:00,504.03306,505
12/24/2019 15:00,503.71937,504
12/24/2019 16:00,500.10008,501
12/24/2019 17:00,515.72889,516
12/24/2019 18:00,507.60973,508
12/24/2019 19:00,480.84087,481
12/24/2019 20:00,479.89758,480
12/24/2019 21:00,490.95422,491
12/24/2019 22:00,484.49434,485
12/24/2019 23:00,477.2145,478
12/25/2019 0:00,431.10738,432
12/25/2019 1:00,385.20048,386
12/25/2019 2:00,339.56648,340
12/25/2019 3:00,308.37609,309
12/25/2019 4:00,289.97802,290
12/25/2019 5:00,292.5423,293
12/25/2019 6:00,294.85045,295
12/25/2019 7:00,318.63829,319
12/25/2019 8:00,412.75891,413
12/25/2019 9:00,477.38442,478
12/25/2019 10:00,491.29081,492
12/25/2019 11:00,498.64799,499
12/25/2019 12:00,484.61063,485
12/25/2019 13:00,495.66469,496
12/25/2019 14:00,516.3701,517
12/25/2019 15:00,530.21342,531
12/25/2019 16:00,528.4281,529
12/25/2019 17:00,491.50459,492
12/25/2019 18:00,498.86345,499
12/25/2019 19:00,499.43761,500
12/25/2019 20:00,489.79281,490
12/25/2019 21:00,476.62976,477
12/25/2019 22:00,472.99516,473
12/25/2019 23:00,469.69908,470
12/26/2019 0:00,439.25524,440
12/26/2019 1:00,402.42734,403
12/26/2019 2:00,325.59284,326
12/26/2019 3:00,292.23392,293
12/26/2019 4:00,271.93734,272
12/26/2019 5:00,264.73873,265
12/26/2019 6:00,275.43322,276
12/26/2019 7:00,320.78659,321
12/26/2019 8:00,372.06753,373
12/26/2019 9:00,487.07665,488
12/26/2019 10:00,491.70893,492
12/26/2019 11:00,494.48952,495
12/26/2019 12:00,506.28396,507
12/26/2019 13:00,510.01982,511
12/26/2019 14:00,497.72027,498
12/26/2019 15:00,514.68449,515
12/26/2019 16:00,503.92173,504
12/26/2019 17:00,537.28967,538
12/26/2019 18:00,514.42748,515
12/26/2019 19:00,493.02851,494
12/26/2019 20:00,499.35661,500
12/26/2019 21:00,496.42056,497
12/26/2019 22:00,500.67885,501
12/26/2019 23:00,514.65395,515
12/27/2019 0:00,478.68742,479
12/27/2019 1:00,405.90019,406
12/27/2019 2:00,324.801,325
12/27/2019 3:00,297.04214,298
12/27/2019 4:00,272.55863,273
12/27/2019 5:00,264.6817,265
12/27/2019 6:00,273.6624,274
12/27/2019 7:00,332.41704,333
12/27/2019 8:00,382.05487,383
12/27/2019 9:00,448.55481,449
12/27/2019 10:00,467.03391,468
12/27/2019 11:00,501.38282,502
12/27/2019 12:00,493.59133,494
12/27/2019 13:00,533.213,534
12/27/2019 14:00,529.6328,530
12/27/2019 15:00,492.4581,493
12/27/2019 16:00,462.94274,463
12/27/2019 17:00,458.41241,459
12/27/2019 18:00,479.39321,480
12/27/2019 19:00,435.55509,436
12/27/2019 20:00,394.79461,395
12/27/2019 21:00,401.67585,402
12/27/2019 22:00,441.87463,442
12/27/2019 23:00,407.39354,408
12/28/2019 0:00,398.56658,399
12/28/2019 1:00,347.71505,348
12/28/2019 2:00,315.51926,316
12/28/2019 3:00,269.37494,270
12/28/2019 4:00,261.48043,262
12/28/2019 5:00,248.64678,249
12/28/2019 6:00,252.90863,253
12/28/2019 7:00,286.99692,287
12/28/2019 8:00,321.45703,322
12/28/2019 9:00,325.05852,326
12/28/2019 10:00,353.04873,354
12/28/2019 11:00,365.06145,366
12/28/2019 12:00,358.98907,359
12/28/2019 13:00,368.8283,369
12/28/2019 14:00,398.7457,399
12/28/2019 15:00,407.41254,408
12/28/2019 16:00,420.93604,421
12/28/2019 17:00,400.93145,401
12/28/2019 18:00,396.50488,397
12/28/2019 19:00,381.05189,382
12/28/2019 20:00,401.45414,402
12/28/2019 21:00,406.25814,407
12/28/2019 22:00,395.98778,396
12/28/2019 23:00,383.86588,384
12/29/2019 0:00,366.78494,367
12/29/2019 1:00,334.62312,335
12/29/2019 2:00,299.67006,300
12/29/2019 3:00,270.26173,271
12/29/2019 4:00,241.73285,242
12/29/2019 5:00,227.85935,228
12/29/2019 6:00,242.6474,243
12/29/2019 7:00,258.44881,259
12/29/2019 8:00,286.15822,287
12/29/2019 9:00,318.04911,319
12/29/2019 10:00,334.19488,335
12/29/2019 11:00,350.60213,351
12/29/2019 12:00,365.569,366
12/29/2019 13:00,376.35646,377
12/29/2019 14:00,402.55795,403
12/29/2019 15:00,400.91707,401
12/29/2019 16:00,397.30201,398
12/29/2019 17:00,379.32022,380
12/29/2019 18:00,409.76181,410
12/29/2019 19:00,388.99694,389
12/29/2019 20:00,403.14184,404
12/29/2019 21:00,397.90373,398
12/29/2019 22:00,426.45024,427
12/29/2019 23:00,434.92916,435
12/30/2019 0:00,404.5651,405
12/30/2019 1:00,343.5805,344
12/30/2019 2:00,301.82522,302
12/30/2019 3:00,274.15497,275
12/30/2019 4:00,254.17848,255
12/30/2019 5:00,244.69743,245
12/30/2019 6:00,252.85528,253
12/30/2019 7:00,279.75532,280
12/30/2019 8:00,337.54615,338
12/30/2019 9:00,408.62296,409
12/30/2019 10:00,439.37019,440
12/30/2019 11:00,462.68735,463
12/30/2019 12:00,473.81807,474
12/30/2019 13:00,459.26973,460
12/30/2019 14:00,476.06148,477
12/30/2019 15:00,500.26468,501
12/30/2019 16:00,475.63033,476
12/30/2019 17:00,470.95981,471
12/30/2019 18:00,464.85918,465
12/30/2019 19:00,464.51416,465
12/30/2019 20:00,456.68232,457
12/30/2019 21:00,473.84173,474
12/30/2019 22:00,471.3876,472
12/30/2019 23:00,453.62175,454
12/31/2019 0:00,421.00445,422
12/31/2019 1:00,377.60913,378
12/31/2019 2:00,323.18204,324
12/31/2019 3:00,270.08226,271
12/31/2019 4:00,259.98339,260
12/31/2019 5:00,260.36035,261
12/31/2019 6:00,264.95578,265
12/31/2019 7:00,306.63035,307
12/31/2019 8:00,394.44371,395
12/31/2019 9:00,439.22858,440
12/31/2019 10:00,422.31598,423
12/31/2019 11:00,442.07229,443
12/31/2019 12:00,445.63095,446
12/31/2019 13:00,472.1403,473
12/31/2019 14:00,473.50458,474
12/31/2019 15:00,460.57869,461
12/31/2019 16:00,467.71321,468
12/31/2019 17:00,459.3644,460
12/31/2019 18:00,453.98617,454
12/31/2019 19:00,416.51523,417
12/31/2019 20:00,413.42494,414
12/31/2019 21:00,399.26216,400
12/31/2019 22:00,387.49466,388
12/31/2019 23:00,353.22873,354
1/1/2020 0:00,346.02216,347
1/1/2020 1:00,364.13926,365
1/1/2020 2:00,380.47132,381
1/1/2020 3:00,356.61836,357
1/1/2020 4:00,290.52472,291
1/1/2020 5:00,269.06911,270
1/1/2020 6:00,263.5492,264
1/1/2020 7:00,265.59933,266
1/1/2020 8:00,274.59971,275
1/1/2020 9:00,280.82457,281
1/1/2020 10:00,297.06632,298
1/1/2020 11:00,343.02512,344
1/1/2020 12:00,355.97176,356
1/1/2020 13:00,389.8625,390
1/1/2020 14:00,408.36656,409
1/1/2020 15:00,395.83453,396
1/1/2020 16:00,413.10603,414
1/1/2020 17:00,440.97499,441
1/1/2020 18:00,415.79255,416
1/1/2020 19:00,407.48338,408
1/1/2020 20:00,403.60866,404
1/1/2020 21:00,438.24158,439
1/1/2020 22:00,434.257,435
1/1/2020 23:00,440.24496,441
