time,temperature_2m (°C),relative_humidity_2m (%),dew_point_2m (°C),apparent_temperature (°C),rain (mm),cloud_cover (%),cloud_cover_low (%),cloud_cover_mid (%),cloud_cover_high (%),shortwave_radiation_instant (W/m²),direct_radiation_instant (W/m²),diffuse_radiation_instant (W/m²),direct_normal_irradiance_instant (W/m²),terrestrial_radiation_instant (W/m²)
2023-01-01T00:00,18.3,88,16.2,17.5,0.00,100,70,100,0,51.4,3.2,48.1,12.3,368.2
2023-01-01T01:00,19.0,84,16.3,18.3,0.00,99,52,99,0,79.1,0.0,79.1,0.0,610.0
2023-01-01T02:00,20.1,80,16.5,19.4,0.00,100,83,100,0,198.7,41.5,157.2,74.0,794.2
2023-01-01T03:00,20.0,81,16.7,19.5,0.00,100,74,100,0,125.0,0.0,125.0,0.0,908.4
2023-01-01T04:00,19.7,83,16.7,19.3,0.10,100,96,100,0,117.4,3.0,114.4,4.5,944.8
2023-01-01T05:00,19.5,85,16.8,19.1,0.00,100,81,100,0,119.2,0.0,119.2,0.0,900.8
2023-01-01T06:00,19.4,85,16.8,19.3,0.10,100,88,100,0,107.8,1.8,105.9,3.3,779.6
2023-01-01T07:00,19.4,85,16.9,19.2,0.10,96,89,62,0,88.8,0.0,88.8,0.0,589.3
2023-01-01T08:00,19.3,86,16.8,18.8,0.00,100,64,100,0,81.7,3.6,78.0,15.0,342.9
2023-01-01T09:00,18.9,85,16.4,18.5,0.00,100,67,100,0,8.2,0.6,7.6,6.5,57.1
2023-01-01T10:00,18.9,84,16.1,18.4,0.00,87,82,33,0,0.0,0.0,0.0,0.0,0.0
2023-01-01T11:00,18.7,85,16.0,18.0,0.00,85,55,68,0,0.0,0.0,0.0,0.0,0.0
2023-01-01T12:00,18.6,89,16.8,18.2,0.00,98,93,73,0,0.0,0.0,0.0,0.0,0.0
2023-01-01T13:00,18.8,88,16.8,18.4,0.00,100,86,99,0,0.0,0.0,0.0,0.0,0.0
2023-01-01T14:00,18.7,88,16.7,18.2,0.10,77,24,70,0,0.0,0.0,0.0,0.0,0.0
2023-01-01T15:00,18.4,88,16.3,17.9,0.00,100,70,100,0,0.0,0.0,0.0,0.0,0.0
2023-01-01T16:00,18.3,88,16.2,18.1,0.00,100,45,100,0,0.0,0.0,0.0,0.0,0.0
2023-01-01T17:00,18.3,88,16.2,18.0,0.00,100,78,99,0,0.0,0.0,0.0,0.0,0.0
2023-01-01T18:00,18.1,88,16.1,17.8,0.00,94,69,80,0,0.0,0.0,0.0,0.0,0.0
2023-01-01T19:00,18.1,89,16.2,18.2,0.00,100,54,100,0,0.0,0.0,0.0,0.0,0.0
2023-01-01T20:00,18.1,90,16.4,18.5,0.10,100,100,100,0,0.0,0.0,0.0,0.0,0.0
2023-01-01T21:00,18.0,90,16.4,18.1,0.00,100,23,100,3,0.0,0.0,0.0,0.0,0.0
2023-01-01T22:00,17.9,90,16.2,18.3,0.00,100,39,100,0,0.0,0.0,0.0,0.0,0.0
2023-01-01T23:00,18.1,90,16.4,18.5,0.00,100,99,94,0,2.6,0.0,2.6,0.0,84.1
2023-01-02T00:00,18.1,92,16.8,18.4,0.00,100,95,100,0,45.0,0.0,45.0,0.0,367.4
2023-01-02T01:00,18.7,91,17.1,19.0,0.60,100,0,100,0,49.5,2.5,47.0,5.7,609.6
2023-01-02T02:00,18.6,90,17.0,18.7,1.10,100,38,100,0,60.6,3.4,57.3,6.0,794.5
2023-01-02T03:00,18.8,90,17.1,19.2,1.00,100,57,100,0,95.4,1.1,94.3,1.6,909.4
2023-01-02T04:00,18.7,90,17.0,19.0,0.80,100,46,100,0,90.1,2.0,88.1,3.0,946.4
2023-01-02T05:00,18.9,88,16.9,18.8,0.40,100,16,100,0,122.2,1.0,121.2,1.5,903.0
2023-01-02T06:00,18.3,91,16.8,18.2,0.50,100,96,100,0,63.6,0.0,63.6,0.0,782.3
2023-01-02T07:00,18.5,89,16.7,18.2,0.10,91,88,43,0,97.5,12.8,84.7,30.6,592.3
2023-01-02T08:00,18.5,88,16.5,18.0,0.10,100,100,50,0,100.2,21.9,78.2,89.7,346.1
2023-01-02T09:00,17.9,89,16.0,17.2,0.10,100,100,69,0,7.0,0.0,7.0,0.0,60.5
2023-01-02T10:00,18.1,88,16.1,17.9,0.10,100,100,100,0,0.0,0.0,0.0,0.0,0.0
2023-01-02T11:00,17.9,91,16.4,17.8,0.60,100,100,100,0,0.0,0.0,0.0,0.0,0.0
2023-01-02T12:00,18.1,90,16.4,18.0,0.90,100,100,100,0,0.0,0.0,0.0,0.0,0.0
2023-01-02T13:00,17.8,88,15.8,17.4,0.50,100,100,100,0,0.0,0.0,0.0,0.0,0.0
2023-01-02T14:00,17.3,89,15.5,17.0,0.50,100,100,100,0,0.0,0.0,0.0,0.0,0.0
2023-01-02T15:00,17.1,89,15.3,16.7,0.30,100,100,86,0,0.0,0.0,0.0,0.0,0.0
2023-01-02T16:00,16.9,89,15.0,16.5,0.20,100,100,94,0,0.0,0.0,0.0,0.0,0.0
2023-01-02T17:00,16.8,88,14.9,16.6,0.20,100,100,100,0,0.0,0.0,0.0,0.0,0.0
2023-01-02T18:00,16.9,86,14.6,16.5,0.10,100,84,99,0,0.0,0.0,0.0,0.0,0.0
2023-01-02T19:00,16.7,87,14.6,16.8,0.00,100,93,100,17,0.0,0.0,0.0,0.0,0.0
2023-01-02T20:00,16.7,87,14.6,17.2,0.00,100,100,100,78,0.0,0.0,0.0,0.0,0.0
2023-01-02T21:00,16.6,89,14.8,17.4,0.00,100,99,66,50,0.0,0.0,0.0,0.0,0.0
2023-01-02T22:00,16.8,88,14.9,17.4,0.00,100,100,23,50,0.0,0.0,0.0,0.0,0.0
2023-01-02T23:00,16.8,89,15.0,17.5,0.00,100,100,8,68,5.3,0.0,5.3,0.0,82.9
2023-01-03T00:00,17.1,88,15.1,17.3,0.10,100,100,16,72,58.0,3.2,54.8,12.4,366.6
2023-01-03T01:00,17.7,86,15.3,17.8,0.10,100,100,100,6,109.0,2.5,106.5,5.7,609.5
2023-01-03T02:00,17.4,86,15.0,17.2,0.10,100,100,91,4,80.9,1.1,79.8,2.0,795.0
2023-01-03T03:00,18.0,83,15.1,17.1,0.00,100,100,99,0,248.0,38.2,209.9,59.3,910.5
2023-01-03T04:00,18.0,82,14.9,17.3,0.10,100,100,99,0,277.5,39.5,238.0,58.9,948.1
2023-01-03T05:00,17.7,79,14.1,16.7,0.00,100,100,38,0,227.9,6.8,221.1,10.6,905.4
2023-01-03T06:00,17.5,77,13.5,16.2,0.10,100,100,96,0,220.4,53.5,166.9,96.4,785.1
2023-01-03T07:00,16.7,81,13.3,15.6,0.10,100,100,97,0,71.9,0.9,71.1,2.0,595.5
2023-01-03T08:00,16.4,82,13.3,15.4,0.00,100,100,68,0,41.1,0.7,40.3,3.0,349.5
2023-01-03T09:00,16.0,82,12.9,14.9,0.00,100,100,95,0,7.3,0.0,7.3,0.0,63.9
2023-01-03T10:00,15.5,85,12.9,14.6,0.00,100,100,100,0,0.0,0.0,0.0,0.0,0.0
2023-01-03T11:00,15.6,84,12.9,14.7,0.10,100,100,100,0,0.0,0.0,0.0,0.0,0.0
2023-01-03T12:00,15.5,84,12.7,14.2,0.00,100,100,100,0,0.0,0.0,0.0,0.0,0.0
2023-01-03T13:00,15.5,84,12.7,14.1,0.10,100,100,100,0,0.0,0.0,0.0,0.0,0.0
2023-01-03T14:00,15.5,83,12.7,14.3,0.10,100,100,100,0,0.0,0.0,0.0,0.0,0.0
2023-01-03T15:00,15.2,85,12.7,14.0,0.00,100,100,100,0,0.0,0.0,0.0,0.0,0.0
2023-01-03T16:00,15.2,85,12.7,14.1,0.00,100,100,100,0,0.0,0.0,0.0,0.0,0.0
2023-01-03T17:00,14.9,86,12.7,13.8,0.00,100,100,100,0,0.0,0.0,0.0,0.0,0.0
2023-01-03T18:00,15.0,86,12.7,13.8,0.00,100,100,100,0,0.0,0.0,0.0,0.0,0.0
2023-01-03T19:00,14.8,87,12.7,13.7,0.10,100,100,100,0,0.0,0.0,0.0,0.0,0.0
2023-01-03T20:00,15.0,85,12.5,13.8,0.10,100,100,100,0,0.0,0.0,0.0,0.0,0.0
2023-01-03T21:00,14.8,87,12.7,13.8,0.00,100,100,100,0,0.0,0.0,0.0,0.0,0.0
2023-01-03T22:00,15.2,85,12.7,14.1,0.00,100,100,100,0,0.0,0.0,0.0,0.0,0.0
2023-01-03T23:00,15.2,85,12.7,13.8,0.00,100,58,100,0,2.7,0.0,2.7,0.0,81.9
2023-01-04T00:00,15.6,85,13.1,14.2,0.10,100,89,100,0,50.1,3.2,46.9,12.5,366.0
2023-01-04T01:00,16.2,84,13.5,14.7,0.00,94,61,84,0,110.3,0.0,110.3,0.0,609.4
2023-01-04T02:00,16.8,81,13.6,14.9,0.00,100,97,98,0,184.3,13.5,170.8,24.0,795.5
2023-01-04T03:00,16.5,82,13.5,14.8,0.00,100,100,100,0,119.8,2.1,117.7,3.3,911.7
2023-01-04T04:00,16.4,84,13.7,14.9,0.10,100,92,97,0,81.1,0.0,81.1,0.0,950.0
2023-01-04T05:00,17.9,76,13.6,15.5,0.10,97,86,83,0,345.4,80.5,264.9,125.5,907.8
2023-01-04T06:00,18.1,74,13.4,15.8,0.00,93,87,47,0,258.3,32.3,226.0,58.0,788.1
2023-01-04T07:00,17.6,78,13.7,15.4,0.00,93,91,25,0,186.8,20.6,166.2,48.6,598.8
2023-01-04T08:00,17.4,79,13.7,15.5,0.00,96,96,19,0,95.6,9.6,86.0,38.3,353.0
2023-01-04T09:00,16.9,81,13.6,15.4,0.00,62,57,16,0,22.2,4.7,17.4,54.5,67.4
2023-01-04T10:00,16.5,83,13.6,15.2,0.00,94,94,14,0,0.0,0.0,0.0,0.0,0.0
2023-01-04T11:00,16.5,83,13.5,15.4,0.00,99,99,16,0,0.0,0.0,0.0,0.0,0.0
2023-01-04T12:00,17.1,83,14.2,16.5,0.00,48,41,20,0,0.0,0.0,0.0,0.0,0.0
2023-01-04T13:00,16.8,87,14.5,16.5,0.00,100,79,100,0,0.0,0.0,0.0,0.0,0.0
2023-01-04T14:00,17.5,86,15.0,17.2,0.00,100,77,100,0,0.0,0.0,0.0,0.0,0.0
2023-01-04T15:00,17.7,86,15.4,17.7,0.00,69,46,44,0,0.0,0.0,0.0,0.0,0.0
2023-01-04T16:00,17.0,91,15.5,17.1,0.00,58,51,15,0,0.0,0.0,0.0,0.0,0.0
2023-01-04T17:00,17.0,91,15.6,17.2,0.00,35,29,8,0,0.0,0.0,0.0,0.0,0.0
2023-01-04T18:00,16.5,94,15.5,17.0,0.00,22,21,1,0,0.0,0.0,0.0,0.0,0.0
2023-01-04T19:00,16.1,95,15.3,16.8,0.00,35,23,9,8,0.0,0.0,0.0,0.0,0.0
2023-01-04T20:00,16.1,96,15.4,17.0,0.00,100,86,100,0,0.0,0.0,0.0,0.0,0.0
2023-01-04T21:00,17.0,94,16.1,18.0,0.00,100,32,100,0,0.0,0.0,0.0,0.0,0.0
2023-01-04T22:00,16.2,97,15.7,17.4,0.00,65,43,8,33,0.0,0.0,0.0,0.0,0.0
2023-01-04T23:00,16.5,96,15.9,17.9,0.00,98,97,9,14,5.3,0.0,5.3,0.0,80.9
2023-01-05T00:00,18.5,89,16.7,19.4,0.00,47,2,2,0,103.6,8.1,95.5,31.3,365.4
2023-01-05T01:00,20.2,83,17.2,20.7,0.00,77,77,0,2,293.8,148.8,145.1,345.3,609.4
2023-01-05T02:00,20.8,81,17.4,21.4,0.10,68,68,0,0,336.2,102.3,233.9,181.8,796.2
2023-01-05T03:00,21.5,79,17.7,21.9,0.10,31,27,6,0,352.1,143.2,208.9,221.8,913.0
2023-01-05T04:00,21.9,77,17.6,22.2,0.10,44,43,1,0,569.6,392.3,177.4,582.9,952.0
2023-01-05T05:00,21.0,81,17.7,21.2,0.10,59,55,10,0,444.6,231.0,213.5,359.0,910.4
2023-01-05T06:00,20.7,82,17.6,21.0,0.10,87,83,21,0,287.1,96.0,191.1,171.7,791.1
2023-01-05T07:00,20.9,79,17.2,21.4,0.00,52,50,3,0,223.9,63.5,160.4,149.1,602.2
2023-01-05T08:00,20.3,82,17.2,20.9,0.00,80,80,2,0,128.3,48.7,79.6,193.1,356.6
2023-01-05T09:00,19.6,85,17.1,20.8,0.00,59,59,1,0,22.6,6.2,16.4,71.5,71.0
2023-01-05T10:00,18.8,89,17.0,20.3,0.00,82,82,1,0,0.0,0.0,0.0,0.0,0.0
2023-01-05T11:00,18.2,92,17.0,19.9,0.00,42,42,1,0,0.0,0.0,0.0,0.0,0.0
2023-01-05T12:00,18.5,92,17.2,20.2,0.00,90,100,0,0,0.0,0.0,0.0,0.0,0.0
2023-01-05T13:00,18.7,93,17.5,20.9,0.00,100,100,0,0,0.0,0.0,0.0,0.0,0.0
2023-01-05T14:00,18.4,94,17.4,20.5,0.00,100,100,0,0,0.0,0.0,0.0,0.0,0.0
2023-01-05T15:00,18.2,95,17.3,20.2,0.00,100,100,0,0,0.0,0.0,0.0,0.0,0.0
2023-01-05T16:00,18.3,93,17.2,20.6,0.00,100,100,0,0,0.0,0.0,0.0,0.0,0.0
2023-01-05T17:00,18.2,94,17.2,20.7,0.00,100,100,0,0,0.0,0.0,0.0,0.0,0.0
2023-01-05T18:00,18.2,93,17.1,20.4,0.10,100,100,0,0,0.0,0.0,0.0,0.0,0.0
2023-01-05T19:00,18.1,94,17.1,20.1,0.00,100,100,0,0,0.0,0.0,0.0,0.0,0.0
2023-01-05T20:00,18.1,94,17.1,20.3,0.00,100,100,0,18,0.0,0.0,0.0,0.0,0.0
2023-01-05T21:00,17.8,95,17.0,19.8,0.00,97,97,0,1,0.0,0.0,0.0,0.0,0.0
2023-01-05T22:00,17.4,94,16.5,19.0,0.00,100,100,0,0,0.0,0.0,0.0,0.0,0.0
2023-01-05T23:00,17.2,94,16.3,18.7,0.00,100,100,0,0,5.4,0.0,5.4,0.0,80.0
2023-01-06T00:00,18.6,92,17.2,20.6,0.00,100,100,3,0,77.8,0.0,77.8,0.0,365.0
2023-01-06T01:00,19.1,86,16.7,20.2,0.00,100,100,2,16,83.1,0.0,83.1,0.0,609.6
2023-01-06T02:00,19.4,83,16.3,20.2,0.00,100,100,1,9,177.7,0.0,177.7,0.0,797.0
2023-01-06T03:00,19.8,78,15.9,20.4,0.10,100,100,0,4,247.2,13.8,233.4,21.3,914.5
2023-01-06T04:00,19.7,78,15.8,20.0,0.00,100,100,2,0,243.3,7.1,236.2,10.5,954.1
2023-01-06T05:00,20.0,77,15.7,19.9,0.00,100,100,4,0,341.8,87.4,254.4,135.4,913.1
2023-01-06T06:00,19.2,77,15.1,18.9,0.00,100,100,7,3,236.4,35.1,201.3,62.5,794.3
2023-01-06T07:00,18.6,76,14.3,18.1,0.00,85,85,7,1,132.2,22.3,109.9,52.1,605.7
2023-01-06T08:00,18.2,76,13.8,17.8,0.00,100,100,8,0,108.7,26.6,82.1,104.5,360.2
2023-01-06T09:00,17.2,79,13.6,17.6,0.00,64,62,3,2,26.1,9.8,16.3,112.8,74.6
2023-01-06T10:00,15.7,88,13.6,15.8,0.00,13,10,1,1,0.0,0.0,0.0,0.0,0.0
2023-01-06T11:00,17.0,78,13.0,17.2,0.00,27,20,1,8,0.0,0.0,0.0,0.0,0.0
2023-01-06T12:00,15.6,88,13.6,15.7,0.00,3,2,0,2,0.0,0.0,0.0,0.0,0.0
2023-01-06T13:00,14.8,89,13.1,14.8,0.00,8,8,0,0,0.0,0.0,0.0,0.0,0.0
2023-01-06T14:00,13.7,91,12.3,13.2,0.00,0,0,0,0,0.0,0.0,0.0,0.0,0.0
2023-01-06T15:00,13.6,91,12.1,13.1,0.00,49,39,0,17,0.0,0.0,0.0,0.0,0.0
2023-01-06T16:00,14.7,87,12.5,14.4,0.00,17,17,0,1,0.0,0.0,0.0,0.0,0.0
2023-01-06T17:00,14.8,85,12.4,14.5,0.00,24,23,0,1,0.0,0.0,0.0,0.0,0.0
2023-01-06T18:00,13.7,89,11.8,13.0,0.00,42,39,2,4,0.0,0.0,0.0,0.0,0.0
2023-01-06T19:00,13.6,87,11.5,12.7,0.00,9,6,5,0,0.0,0.0,0.0,0.0,0.0
2023-01-06T20:00,13.8,82,10.9,12.9,0.00,8,6,2,0,0.0,0.0,0.0,0.0,0.0
2023-01-06T21:00,13.8,81,10.6,12.9,0.00,6,3,4,0,0.0,0.0,0.0,0.0,0.0
2023-01-06T22:00,14.1,79,10.5,13.2,0.00,21,21,0,0,0.0,0.0,0.0,0.0,0.0
2023-01-06T23:00,14.6,77,10.7,13.5,0.00,15,15,0,0,8.1,0.0,8.1,0.0,79.2
2023-01-07T00:00,16.7,72,11.6,15.2,0.00,7,17,8,2,165.7,84.5,81.2,327.6,364.7
2023-01-07T01:00,17.9,65,11.3,15.5,0.00,54,53,28,0,335.1,214.7,120.4,498.0,609.9
2023-01-07T02:00,18.4,62,11.0,15.7,0.00,12,9,4,0,450.0,283.5,166.5,502.6,797.9
2023-01-07T03:00,19.2,57,10.6,16.1,0.00,39,35,6,0,615.5,461.6,153.9,712.8,916.1
2023-01-07T04:00,18.9,59,10.7,15.9,0.00,56,52,9,0,471.6,234.3,237.3,346.5,956.3
2023-01-07T05:00,19.1,58,10.5,15.9,0.00,100,100,21,0,472.1,264.2,207.9,408.1,915.9
2023-01-07T06:00,17.8,65,11.2,14.9,0.00,100,100,31,0,303.1,127.5,175.6,226.2,797.5
2023-01-07T07:00,17.8,64,10.8,14.9,0.00,100,100,26,0,269.9,103.1,166.8,239.5,609.3
2023-01-07T08:00,17.3,66,10.8,14.8,0.00,85,78,30,4,162.4,62.3,100.1,242.1,364.0
2023-01-07T09:00,16.4,66,10.0,14.2,0.00,51,27,34,6,32.9,15.0,17.8,172.6,78.3
2023-01-07T10:00,15.9,66,9.5,13.7,0.00,58,17,51,0,0.0,0.0,0.0,0.0,0.0
2023-01-07T11:00,15.9,66,9.6,13.6,0.00,81,45,45,38,0.0,0.0,0.0,0.0,0.0
2023-01-07T12:00,16.0,68,10.1,13.8,0.00,68,33,39,75,0.0,0.0,0.0,0.0,0.0
2023-01-07T13:00,16.4,66,10.0,14.0,0.00,73,44,36,30,0.0,0.0,0.0,0.0,0.0
2023-01-07T14:00,16.3,66,9.8,14.0,0.00,40,25,28,0,0.0,0.0,0.0,0.0,0.0
2023-01-07T15:00,16.1,67,9.9,13.9,0.00,40,34,17,1,0.0,0.0,0.0,0.0,0.0
2023-01-07T16:00,16.0,69,10.4,13.9,0.00,63,30,7,47,0.0,0.0,0.0,0.0,0.0
2023-01-07T17:00,16.0,71,10.7,13.9,0.00,73,22,4,65,0.0,0.0,0.0,0.0,0.0
2023-01-07T18:00,16.3,70,10.9,14.1,0.00,38,13,5,29,0.0,0.0,0.0,0.0,0.0
2023-01-07T19:00,16.3,71,11.0,14.2,0.00,6,5,0,1,0.0,0.0,0.0,0.0,0.0
2023-01-07T20:00,16.3,72,11.2,14.3,0.00,45,10,0,39,0.0,0.0,0.0,0.0,0.0
2023-01-07T21:00,16.1,73,11.3,14.4,0.00,62,9,15,58,0.0,0.0,0.0,0.0,0.0
2023-01-07T22:00,15.9,75,11.4,14.4,0.00,16,16,0,0,0.0,0.0,0.0,0.0,0.0
2023-01-07T23:00,15.9,76,11.7,14.5,0.00,16,16,0,0,8.1,2.7,5.4,30.9,78.5
2023-01-08T00:00,17.7,73,12.9,16.5,0.00,24,0,1,0,180.6,102.5,78.1,397.7,364.5
2023-01-08T01:00,19.9,67,13.7,18.6,0.00,8,5,3,0,381.2,288.1,93.1,667.7,610.3
2023-01-08T02:00,21.0,64,13.9,19.2,0.00,8,8,0,0,545.8,441.1,104.7,781.0,799.0
2023-01-08T03:00,21.7,63,14.3,19.9,0.00,28,17,12,11,596.5,454.3,142.2,700.2,917.8
2023-01-08T04:00,22.1,62,14.6,20.7,0.00,16,13,0,4,625.9,464.6,161.3,685.6,958.7
2023-01-08T05:00,22.3,63,14.9,21.4,0.00,7,3,0,4,638.4,524.8,113.7,807.9,918.8
2023-01-08T06:00,22.2,64,15.0,21.0,0.00,5,5,0,0,552.9,448.4,104.5,792.1,800.9
2023-01-08T07:00,21.6,66,14.9,20.2,0.00,3,3,0,0,406.1,322.7,83.5,744.6,612.9
2023-01-08T08:00,20.7,70,14.9,19.7,0.00,8,2,0,6,222.3,164.3,58.0,632.1,367.8
2023-01-08T09:00,19.3,73,14.3,18.4,0.00,55,7,27,50,39.7,23.1,16.6,264.8,82.1
2023-01-08T10:00,18.5,75,13.9,17.6,0.00,68,6,66,8,0.0,0.0,0.0,0.0,0.0
2023-01-08T11:00,18.0,77,13.8,17.3,0.00,100,8,100,99,0.0,0.0,0.0,0.0,0.0
2023-01-08T12:00,18.7,74,14.0,18.3,0.00,47,2,18,38,0.0,0.0,0.0,0.0,0.0
2023-01-08T13:00,18.5,76,14.1,18.4,0.00,98,1,83,92,0.0,0.0,0.0,0.0,0.0
2023-01-08T14:00,18.9,75,14.3,18.9,0.00,100,2,95,100,0.0,0.0,0.0,0.0,0.0
2023-01-08T15:00,19.1,75,14.5,18.6,0.00,100,6,100,100,0.0,0.0,0.0,0.0,0.0
2023-01-08T16:00,19.3,75,14.7,19.2,0.00,84,3,81,33,0.0,0.0,0.0,0.0,0.0
2023-01-08T17:00,19.0,76,14.7,18.9,0.00,95,2,34,92,0.0,0.0,0.0,0.0,0.0
2023-01-08T18:00,18.0,80,14.6,18.3,0.00,98,2,84,97,0.0,0.0,0.0,0.0,0.0
2023-01-08T19:00,17.4,84,14.6,17.9,0.00,100,0,65,100,0.0,0.0,0.0,0.0,0.0
2023-01-08T20:00,17.7,83,14.8,18.3,0.00,100,1,100,85,0.0,0.0,0.0,0.0,0.0
2023-01-08T21:00,17.8,84,15.1,18.6,0.00,40,1,39,0,0.0,0.0,0.0,0.0,0.0
2023-01-08T22:00,18.5,79,14.7,19.2,0.00,27,0,10,22,0.0,0.0,0.0,0.0,0.0
2023-01-08T23:00,17.6,82,14.5,18.6,0.00,95,0,48,92,8.1,2.7,5.4,31.0,77.9
2023-01-09T00:00,18.4,86,16.1,20.0,0.00,100,0,37,0,140.1,60.3,79.8,233.9,364.4
2023-01-09T01:00,21.3,77,17.1,23.3,0.00,100,0,100,0,310.5,180.1,130.4,417.1,610.8
2023-01-09T02:00,21.4,77,17.1,22.8,0.00,100,0,100,0,175.6,0.0,175.6,0.0,800.1
2023-01-09T03:00,20.9,78,17.0,22.1,0.00,79,0,79,0,192.2,0.0,192.2,0.0,919.6
2023-01-09T04:00,21.4,76,17.1,23.1,0.00,90,0,90,0,383.6,178.6,205.0,262.8,961.1
2023-01-09T05:00,21.9,70,16.2,23.6,0.00,69,0,69,0,295.5,42.8,252.8,65.6,921.8
2023-01-09T06:00,23.6,63,16.2,25.7,0.00,6,0,6,0,454.2,284.9,169.3,501.1,804.3
2023-01-09T07:00,23.6,64,16.4,24.8,0.00,34,0,34,0,388.5,289.4,99.1,663.8,616.6
2023-01-09T08:00,21.6,78,17.6,22.8,0.00,56,2,55,0,185.7,113.3,72.3,431.4,371.6
2023-01-09T09:00,19.8,91,18.4,22.5,0.00,28,10,20,0,28.9,11.9,17.1,136.3,85.9
2023-01-09T10:00,18.7,94,17.7,20.8,0.00,100,9,100,0,0.0,0.0,0.0,0.0,0.0
2023-01-09T11:00,19.6,89,17.7,22.1,0.00,100,0,100,2,0.0,0.0,0.0,0.0,0.0
2023-01-09T12:00,18.3,94,17.3,20.2,0.00,90,8,100,0,0.0,0.0,0.0,0.0,0.0
2023-01-09T13:00,18.9,91,17.4,20.3,0.00,95,9,95,0,0.0,0.0,0.0,0.0,0.0
2023-01-09T14:00,19.3,90,17.5,20.5,0.20,100,5,100,12,0.0,0.0,0.0,0.0,0.0
2023-01-09T15:00,19.4,89,17.5,20.3,0.10,100,6,100,17,0.0,0.0,0.0,0.0,0.0
2023-01-09T16:00,19.4,89,17.5,20.1,0.20,100,22,100,65,0.0,0.0,0.0,0.0,0.0
2023-01-09T17:00,19.4,90,17.8,20.0,0.40,100,48,100,92,0.0,0.0,0.0,0.0,0.0
2023-01-09T18:00,19.4,90,17.7,19.7,0.50,100,94,97,0,0.0,0.0,0.0,0.0,0.0
2023-01-09T19:00,19.1,89,17.3,19.2,0.20,84,71,50,0,0.0,0.0,0.0,0.0,0.0
2023-01-09T20:00,18.9,89,17.0,19.0,0.10,100,53,100,0,0.0,0.0,0.0,0.0,0.0
2023-01-09T21:00,19.0,89,17.2,19.2,0.10,90,56,82,0,0.0,0.0,0.0,0.0,0.0
2023-01-09T22:00,19.0,89,17.1,19.0,0.00,100,58,100,0,0.0,0.0,0.0,0.0,0.0
2023-01-09T23:00,18.8,88,16.8,18.7,0.00,93,63,91,0,2.7,0.0,2.7,0.0,77.5
2023-01-10T00:00,19.0,90,17.3,19.7,0.00,100,15,22,0,78.3,19.6,58.7,75.9,364.5
2023-01-10T01:00,20.3,84,17.5,20.5,0.00,35,27,13,0,305.7,162.8,142.9,376.5,611.4
2023-01-10T02:00,21.2,78,17.3,21.2,0.00,31,23,16,0,414.3,254.5,159.9,449.1,801.4
2023-01-10T03:00,21.8,74,16.9,21.6,0.00,65,53,28,0,449.2,235.8,213.5,361.8,921.6
2023-01-10T04:00,22.0,73,16.9,21.7,0.00,42,29,18,0,470.0,269.0,201.0,394.8,963.7
2023-01-10T05:00,22.3,69,16.3,21.9,0.00,83,42,70,41,439.6,263.5,176.0,403.0,924.9
2023-01-10T06:00,21.7,72,16.4,21.3,0.00,68,29,55,0,270.3,113.9,156.4,199.3,807.8
2023-01-10T07:00,21.5,72,16.2,21.2,0.00,100,27,100,99,214.7,65.5,149.2,149.4,620.4
2023-01-10T08:00,20.7,75,16.1,20.7,0.00,100,15,100,100,62.1,0.0,62.1,0.0,375.5
2023-01-10T09:00,20.0,78,16.1,20.4,0.00,100,18,100,98,8.0,0.0,8.0,0.0,89.7
2023-01-10T10:00,19.5,82,16.3,19.8,0.10,100,7,100,0,0.0,0.0,0.0,0.0,0.0
2023-01-10T11:00,19.2,84,16.4,19.6,0.20,100,10,100,100,0.0,0.0,0.0,0.0,0.0
2023-01-10T12:00,18.8,88,16.9,19.1,0.10,100,6,94,23,0.0,0.0,0.0,0.0,0.0
2023-01-10T13:00,18.7,90,17.0,19.2,0.00,100,19,100,0,0.0,0.0,0.0,0.0,0.0
2023-01-10T14:00,18.5,91,17.0,19.0,0.00,100,47,100,21,0.0,0.0,0.0,0.0,0.0
2023-01-10T15:00,18.7,90,17.0,19.3,0.00,100,10,100,0,0.0,0.0,0.0,0.0,0.0
2023-01-10T16:00,18.7,89,16.8,19.2,0.00,100,10,100,0,0.0,0.0,0.0,0.0,0.0
2023-01-10T17:00,19.0,86,16.6,19.1,0.00,98,16,97,33,0.0,0.0,0.0,0.0,0.0
2023-01-10T18:00,18.9,87,16.6,19.3,0.00,93,12,72,72,0.0,0.0,0.0,0.0,0.0
2023-01-10T19:00,18.7,87,16.4,19.4,0.00,100,12,98,100,0.0,0.0,0.0,0.0,0.0
2023-01-10T20:00,18.5,88,16.5,19.6,0.00,56,15,48,0,0.0,0.0,0.0,0.0,0.0
2023-01-10T21:00,17.6,92,16.2,18.9,0.00,37,10,30,0,0.0,0.0,0.0,0.0,0.0
2023-01-10T22:00,16.5,93,15.4,17.5,0.00,51,24,41,1,0.0,0.0,0.0,0.0,0.0
2023-01-10T23:00,16.4,95,15.5,17.3,0.00,100,3,100,8,5.4,0.0,5.4,0.0,77.1
2023-01-11T00:00,18.9,90,17.2,20.1,0.10,100,28,100,77,66.9,6.5,60.4,25.3,364.7
2023-01-11T01:00,20.5,84,17.7,21.5,0.20,100,43,100,28,157.9,9.9,147.9,23.0,612.2
2023-01-11T02:00,20.3,87,18.2,21.6,0.20,100,33,100,0,118.2,4.5,113.7,7.9,802.8
2023-01-11T03:00,20.6,86,18.3,21.5,0.00,100,15,100,100,205.0,17.0,188.0,26.0,923.6
2023-01-11T04:00,20.6,86,18.2,21.0,0.00,100,43,100,0,169.6,6.1,163.5,8.9,966.3
2023-01-11T05:00,20.0,86,17.6,20.2,0.00,100,29,100,11,124.5,14.6,109.9,22.2,928.1
2023-01-11T06:00,21.1,80,17.5,21.1,0.00,93,65,81,0,182.5,13.9,168.6,24.2,811.4
2023-01-11T07:00,22.1,75,17.4,21.8,0.00,100,36,100,0,315.0,142.4,172.6,322.6,624.3
2023-01-11T08:00,21.2,77,17.0,21.0,0.00,100,43,99,0,80.2,4.5,75.7,16.8,379.5
2023-01-11T09:00,20.6,79,16.8,20.4,0.00,100,62,100,0,18.0,2.0,16.0,22.4,93.6
2023-01-11T10:00,20.1,82,17.0,20.0,0.00,98,70,92,0,0.0,0.0,0.0,0.0,0.0
2023-01-11T11:00,20.2,82,17.0,20.2,0.00,89,62,72,0,0.0,0.0,0.0,0.0,0.0
2023-01-11T12:00,20.6,83,17.5,21.0,0.00,66,56,100,0,0.0,0.0,0.0,0.0,0.0
2023-01-11T13:00,20.8,80,17.3,20.8,0.00,100,43,100,0,0.0,0.0,0.0,0.0,0.0
2023-01-11T14:00,20.7,81,17.3,20.8,0.00,100,71,100,0,0.0,0.0,0.0,0.0,0.0
2023-01-11T15:00,20.9,79,17.2,21.0,0.00,100,38,99,0,0.0,0.0,0.0,0.0,0.0
2023-01-11T16:00,21.0,77,16.8,20.3,0.00,100,33,100,0,0.0,0.0,0.0,0.0,0.0
2023-01-11T17:00,20.7,78,16.8,20.2,0.00,81,38,70,0,0.0,0.0,0.0,0.0,0.0
2023-01-11T18:00,20.6,78,16.7,20.6,0.00,56,29,38,0,0.0,0.0,0.0,0.0,0.0
2023-01-11T19:00,19.9,82,16.7,21.2,0.00,19,2,18,0,0.0,0.0,0.0,0.0,0.0
2023-01-11T20:00,20.3,79,16.5,21.6,0.00,13,4,10,0,0.0,0.0,0.0,0.0,0.0
2023-01-11T21:00,19.8,81,16.4,21.5,0.00,29,9,22,0,0.0,0.0,0.0,0.0,0.0
2023-01-11T22:00,19.4,83,16.4,21.2,0.00,18,5,13,0,0.0,0.0,0.0,0.0,0.0
2023-01-11T23:00,17.0,92,15.8,18.3,0.00,10,3,7,0,8.1,0.0,8.1,0.0,76.9
2023-01-12T00:00,18.6,92,17.4,20.6,0.00,95,1,7,0,168.2,94.7,73.5,367.0,365.0
2023-01-12T01:00,20.9,86,18.4,23.5,0.00,4,0,4,0,354.3,249.9,104.4,576.4,613.1
2023-01-12T02:00,22.8,80,19.1,25.9,0.00,7,1,7,0,490.0,357.1,132.9,627.8,804.4
2023-01-12T03:00,24.4,76,19.8,27.8,0.00,39,14,29,0,619.4,499.4,120.1,762.8,925.8
2023-01-12T04:00,25.2,72,19.7,28.7,0.00,92,24,90,0,627.6,455.0,172.7,664.0,969.1
2023-01-12T05:00,25.2,70,19.4,28.1,0.00,94,31,92,0,511.9,272.5,239.4,413.8,931.3
2023-01-12T06:00,25.0,73,19.8,27.8,0.00,86,37,77,0,417.0,205.7,211.3,356.9,815.0
2023-01-12T07:00,24.4,77,20.1,26.9,0.00,38,17,26,0,367.2,248.8,118.4,560.1,628.2
2023-01-12T08:00,22.5,83,19.4,24.5,0.00,48,15,38,0,186.4,107.5,78.9,396.5,383.4
2023-01-12T09:00,21.0,84,18.3,23.2,0.00,87,8,86,0,27.7,4.0,23.7,46.0,97.5
2023-01-12T10:00,20.1,89,18.3,22.7,0.00,91,4,91,1,0.0,0.0,0.0,0.0,0.0
2023-01-12T11:00,19.8,91,18.3,22.4,0.00,99,16,99,1,0.0,0.0,0.0,0.0,0.0
2023-01-12T12:00,19.1,90,17.4,21.4,0.00,99,11,100,0,0.0,0.0,0.0,0.0,0.0
2023-01-12T13:00,18.5,95,17.7,20.8,0.00,95,5,95,0,0.0,0.0,0.0,0.0,0.0
2023-01-12T14:00,18.8,95,17.9,21.0,0.00,77,1,75,11,0.0,0.0,0.0,0.0,0.0
2023-01-12T15:00,18.5,95,17.7,20.7,0.00,50,0,30,32,0.0,0.0,0.0,0.0,0.0
2023-01-12T16:00,17.6,97,17.0,19.4,0.00,44,0,42,4,0.0,0.0,0.0,0.0,0.0
2023-01-12T17:00,17.1,99,16.9,18.8,0.00,97,13,96,13,0.0,0.0,0.0,0.0,0.0
2023-01-12T18:00,17.2,100,17.2,19.2,0.00,100,100,94,3,0.0,0.0,0.0,0.0,0.0
2023-01-12T19:00,17.0,100,17.0,19.3,0.00,100,100,9,3,0.0,0.0,0.0,0.0,0.0
2023-01-12T20:00,16.4,100,16.4,18.3,0.00,100,100,0,5,0.0,0.0,0.0,0.0,0.0
2023-01-12T21:00,16.1,100,16.1,17.9,0.00,100,100,5,5,0.0,0.0,0.0,0.0,0.0
2023-01-12T22:00,16.1,100,16.1,17.9,0.00,100,100,12,4,0.0,0.0,0.0,0.0,0.0
2023-01-12T23:00,16.3,100,16.3,17.8,0.00,100,100,18,3,5.4,0.0,5.4,0.0,76.9
2023-01-13T00:00,17.4,98,17.1,19.7,0.00,64,100,11,0,137.2,57.2,80.1,221.3,365.4
2023-01-13T01:00,19.7,91,18.3,22.6,0.00,40,40,0,0,308.4,153.0,155.4,352.2,614.1
2023-01-13T02:00,21.8,83,18.8,24.9,0.00,7,7,0,0,501.3,371.8,129.6,652.3,806.0
2023-01-13T03:00,23.4,76,19.0,26.6,0.00,8,8,1,0,621.7,504.8,116.9,769.1,928.0
2023-01-13T04:00,24.8,71,19.1,28.2,0.00,36,0,14,34,655.2,529.3,126.0,770.0,971.9
2023-01-13T05:00,25.6,68,19.3,28.6,0.00,22,3,20,0,595.8,469.2,126.6,709.9,934.6
2023-01-13T06:00,25.9,65,18.7,28.0,0.00,33,0,33,0,493.2,369.9,123.3,638.9,818.7
2023-01-13T07:00,25.6,64,18.2,27.7,0.00,96,14,95,0,342.5,218.8,123.7,489.4,632.1
2023-01-13T08:00,24.6,67,18.0,26.9,0.00,93,18,91,0,122.1,33.9,88.2,123.8,387.4
2023-01-13T09:00,22.9,81,19.6,26.0,0.00,97,12,96,18,33.6,12.7,20.9,145.9,101.4
2023-01-13T10:00,23.5,67,16.9,25.6,0.00,44,0,43,9,0.0,0.0,0.0,0.0,0.0
2023-01-13T11:00,23.0,72,17.7,25.2,0.00,26,0,25,5,0.0,0.0,0.0,0.0,0.0
2023-01-13T12:00,22.6,79,18.7,25.4,0.00,81,2,94,2,0.0,0.0,0.0,0.0,0.0
2023-01-13T13:00,20.9,91,19.3,23.7,0.00,92,1,92,5,0.0,0.0,0.0,0.0,0.0
2023-01-13T14:00,20.8,88,18.8,23.8,0.00,56,0,56,3,0.0,0.0,0.0,0.0,0.0
2023-01-13T15:00,19.9,92,18.6,22.6,0.00,3,0,3,0,0.0,0.0,0.0,0.0,0.0
2023-01-13T16:00,21.3,86,18.8,24.0,0.00,100,5,100,45,0.0,0.0,0.0,0.0,0.0
2023-01-13T17:00,19.8,93,18.5,22.2,0.00,72,0,29,60,0.0,0.0,0.0,0.0,0.0
2023-01-13T18:00,18.5,95,17.7,20.8,0.00,74,0,70,23,0.0,0.0,0.0,0.0,0.0
2023-01-13T19:00,18.4,96,17.7,20.8,0.00,36,11,28,0,0.0,0.0,0.0,0.0,0.0
2023-01-13T20:00,18.1,94,17.2,20.0,0.00,13,2,11,0,0.0,0.0,0.0,0.0,0.0
2023-01-13T21:00,17.2,94,16.3,18.5,0.00,24,0,24,0,0.0,0.0,0.0,0.0,0.0
2023-01-13T22:00,17.1,94,16.1,18.3,0.00,100,0,100,0,0.0,0.0,0.0,0.0,0.0
2023-01-13T23:00,18.0,93,16.8,19.9,0.00,22,0,22,0,8.1,0.0,8.1,0.0,76.9
2023-01-14T00:00,21.4,84,18.5,24.2,0.00,14,0,2,1,166.7,93.1,73.5,359.8,366.0
2023-01-14T01:00,23.7,74,18.9,26.5,0.00,14,0,14,1,364.4,268.6,95.8,617.4,615.2
2023-01-14T02:00,24.7,72,19.3,27.0,0.00,8,1,7,0,513.8,397.8,116.1,696.2,807.8
2023-01-14T03:00,25.5,71,19.8,28.4,0.00,9,0,9,1,621.8,493.2,128.6,749.5,930.4
2023-01-14T04:00,25.9,70,19.9,28.4,0.00,59,55,8,0,644.2,508.0,136.2,736.9,974.9
2023-01-14T05:00,25.6,71,20.0,27.4,0.10,93,93,3,0,530.7,364.2,166.5,549.0,938.0
2023-01-14T06:00,24.4,77,20.2,26.6,0.00,82,81,5,0,247.7,64.9,182.7,111.6,822.5
2023-01-14T07:00,24.1,80,20.5,26.9,0.00,67,66,2,0,236.3,77.0,159.3,171.3,636.1
2023-01-14T08:00,23.7,83,20.7,26.7,0.00,34,32,2,0,138.3,43.1,95.2,155.6,391.5
2023-01-14T09:00,23.0,87,20.7,26.6,0.00,30,29,1,0,42.4,20.1,22.2,231.0,105.3
2023-01-14T10:00,22.2,89,20.3,25.5,0.00,100,100,13,0,0.0,0.0,0.0,0.0,0.0
2023-01-14T11:00,22.1,91,20.5,25.7,0.00,98,98,14,0,0.0,0.0,0.0,0.0,0.0
2023-01-14T12:00,21.1,96,20.4,24.3,0.00,100,60,28,0,0.0,0.0,0.0,0.0,0.0
2023-01-14T13:00,21.8,93,20.7,25.5,0.10,86,83,39,0,0.0,0.0,0.0,0.0,0.0
2023-01-14T14:00,21.5,95,20.7,24.9,0.10,100,100,72,0,0.0,0.0,0.0,0.0,0.0
2023-01-14T15:00,21.1,91,19.5,23.1,0.10,100,100,42,0,0.0,0.0,0.0,0.0,0.0
2023-01-14T16:00,19.7,86,17.2,19.6,0.30,100,100,43,0,0.0,0.0,0.0,0.0,0.0
2023-01-14T17:00,18.7,86,16.3,19.0,0.30,100,100,58,0,0.0,0.0,0.0,0.0,0.0
2023-01-14T18:00,17.8,85,15.3,18.0,0.10,100,100,34,0,0.0,0.0,0.0,0.0,0.0
2023-01-14T19:00,17.2,86,14.8,17.6,0.10,100,100,58,0,0.0,0.0,0.0,0.0,0.0
2023-01-14T20:00,16.8,86,14.4,17.2,0.10,100,100,55,0,0.0,0.0,0.0,0.0,0.0
2023-01-14T21:00,16.5,85,13.9,16.7,0.00,100,100,3,0,0.0,0.0,0.0,0.0,0.0
2023-01-14T22:00,16.2,85,13.6,16.2,0.10,100,100,1,0,0.0,0.0,0.0,0.0,0.0
2023-01-14T23:00,15.9,85,13.4,15.7,0.10,100,100,10,0,2.7,0.0,2.7,0.0,77.1
2023-01-15T00:00,15.9,85,13.3,15.2,0.10,100,100,2,0,45.7,0.0,45.7,0.0,366.7
2023-01-15T01:00,16.0,82,12.9,15.0,0.10,100,100,0,0,102.0,6.2,95.8,14.3,616.5
2023-01-15T02:00,15.9,82,12.9,14.9,0.10,100,100,1,0,145.4,12.4,133.0,21.6,809.6
2023-01-15T03:00,15.8,81,12.6,14.4,0.10,100,100,2,0,149.9,12.8,137.1,19.3,932.9
2023-01-15T04:00,15.8,80,12.3,14.3,0.00,100,100,9,0,210.4,28.5,181.9,41.1,977.9
2023-01-15T05:00,15.5,79,12.0,14.0,0.00,100,100,12,0,168.5,11.7,156.8,17.6,941.5
2023-01-15T06:00,15.2,79,11.7,13.5,0.00,100,100,8,0,142.0,4.6,137.4,7.9,826.3
2023-01-15T07:00,14.7,81,11.4,13.1,0.10,100,100,13,0,64.1,0.0,64.1,0.0,640.1
2023-01-15T08:00,14.5,80,11.0,12.7,0.10,100,100,17,0,53.0,2.3,50.8,8.1,395.5
2023-01-15T09:00,14.0,80,10.6,12.2,0.10,100,100,19,0,14.1,1.3,12.8,14.7,109.3
2023-01-15T10:00,13.6,81,10.4,12.0,0.20,100,100,35,0,0.0,0.0,0.0,0.0,0.0
2023-01-15T11:00,13.3,81,10.1,11.5,0.30,100,100,52,0,0.0,0.0,0.0,0.0,0.0
2023-01-15T12:00,13.4,80,10.1,11.6,0.20,100,100,48,0,0.0,0.0,0.0,0.0,0.0
2023-01-15T13:00,13.1,80,9.7,11.1,0.10,100,100,38,0,0.0,0.0,0.0,0.0,0.0
2023-01-15T14:00,12.8,80,9.5,11.0,0.10,100,100,12,0,0.0,0.0,0.0,0.0,0.0
2023-01-15T15:00,12.6,81,9.4,10.6,0.10,100,100,28,0,0.0,0.0,0.0,0.0,0.0
2023-01-15T16:00,12.5,80,9.2,10.3,0.10,100,100,21,0,0.0,0.0,0.0,0.0,0.0
2023-01-15T17:00,12.4,81,9.3,10.6,0.00,100,100,9,0,0.0,0.0,0.0,0.0,0.0
2023-01-15T18:00,12.4,81,9.2,10.8,0.00,100,100,72,0,0.0,0.0,0.0,0.0,0.0
2023-01-15T19:00,12.4,80,9.1,10.9,0.10,100,100,100,0,0.0,0.0,0.0,0.0,0.0
2023-01-15T20:00,12.3,81,9.0,10.7,0.10,100,100,100,0,0.0,0.0,0.0,0.0,0.0
2023-01-15T21:00,12.1,80,8.7,10.5,0.10,100,100,90,0,0.0,0.0,0.0,0.0,0.0
2023-01-15T22:00,11.7,80,8.4,9.8,0.10,100,100,85,0,0.0,0.0,0.0,0.0,0.0
2023-01-15T23:00,11.5,80,8.2,9.6,0.10,100,100,84,0,0.0,0.0,0.0,0.0,77.4
2023-01-16T00:00,11.8,80,8.4,9.8,0.10,100,100,95,0,29.4,0.0,29.4,0.0,367.5
2023-01-16T01:00,12.1,79,8.6,9.7,0.00,100,100,61,0,92.0,3.7,88.3,8.5,617.9
2023-01-16T02:00,12.5,77,8.6,9.7,0.00,100,100,26,0,171.3,11.3,160.0,19.6,811.6
2023-01-16T03:00,13.5,72,8.6,10.2,0.00,100,100,77,0,292.4,43.6,248.8,65.9,935.5
2023-01-16T04:00,13.6,72,8.6,10.6,0.00,100,100,100,0,211.4,43.7,167.7,63.0,981.0
2023-01-16T05:00,13.3,74,8.7,10.8,0.00,100,100,100,0,147.1,3.9,143.2,5.8,945.0
2023-01-16T06:00,12.9,76,8.9,10.4,0.00,100,100,54,0,111.4,1.9,109.6,3.2,830.1
2023-01-16T07:00,12.6,78,9.0,10.1,0.00,100,100,26,0,92.8,3.5,89.3,7.6,644.1
2023-01-16T08:00,12.5,78,8.8,9.9,0.00,100,100,25,0,69.1,2.3,66.8,8.1,399.5
2023-01-16T09:00,12.0,80,8.6,9.8,0.00,100,100,29,0,14.4,0.0,14.4,0.0,113.2
2023-01-16T10:00,12.0,80,8.6,10.1,0.00,100,100,43,0,0.0,0.0,0.0,0.0,0.0
2023-01-16T11:00,12.3,79,8.7,10.6,0.00,100,100,50,0,0.0,0.0,0.0,0.0,0.0
2023-01-16T12:00,12.3,81,9.2,10.5,0.00,100,100,65,0,0.0,0.0,0.0,0.0,0.0
2023-01-16T13:00,12.4,81,9.2,10.7,0.00,100,100,66,0,0.0,0.0,0.0,0.0,0.0
2023-01-16T14:00,12.7,78,9.0,11.1,0.00,100,100,100,0,0.0,0.0,0.0,0.0,0.0
2023-01-16T15:00,12.8,79,9.2,11.3,0.00,100,100,100,0,0.0,0.0,0.0,0.0,0.0
2023-01-16T16:00,13.0,79,9.3,11.9,0.00,100,100,100,0,0.0,0.0,0.0,0.0,0.0
2023-01-16T17:00,13.0,81,9.8,12.3,0.00,100,100,100,0,0.0,0.0,0.0,0.0,0.0
2023-01-16T18:00,13.1,82,10.1,12.6,0.00,100,100,100,0,0.0,0.0,0.0,0.0,0.0
2023-01-16T19:00,13.1,85,10.6,12.8,0.00,100,100,100,0,0.0,0.0,0.0,0.0,0.0
2023-01-16T20:00,13.2,87,11.1,12.8,0.00,100,100,100,0,0.0,0.0,0.0,0.0,0.0
2023-01-16T21:00,13.4,84,10.7,13.2,0.00,100,100,100,0,0.0,0.0,0.0,0.0,0.0
2023-01-16T22:00,13.4,83,10.6,13.1,0.00,100,100,100,0,0.0,0.0,0.0,0.0,0.0
2023-01-16T23:00,13.5,85,11.0,13.3,0.00,100,99,100,0,2.7,0.0,2.7,0.0,77.9
2023-01-17T00:00,15.2,81,11.9,14.6,0.00,100,58,25,0,45.7,0.0,45.7,0.0,368.5
2023-01-17T01:00,16.7,74,12.0,15.2,0.00,100,100,20,0,271.1,93.3,177.9,212.9,619.4
2023-01-17T02:00,16.9,73,11.9,15.5,0.00,100,100,24,0,226.6,24.8,201.8,43.1,813.7
2023-01-17T03:00,17.0,73,12.1,15.5,0.00,100,100,13,0,248.8,19.1,229.7,28.8,938.1
2023-01-17T04:00,16.5,75,12.0,15.0,0.00,100,100,17,0,184.0,9.2,174.9,13.1,984.1
2023-01-17T05:00,16.1,75,11.7,14.7,0.00,100,100,10,0,142.3,13.6,128.7,20.3,948.6
2023-01-17T06:00,16.2,74,11.6,14.5,0.00,100,100,13,0,152.4,15.8,136.6,26.8,834.0
2023-01-17T07:00,16.5,74,11.9,14.8,0.00,100,100,17,0,179.7,48.6,131.1,106.0,648.1
2023-01-17T08:00,15.7,76,11.6,14.2,0.00,100,100,6,0,68.5,3.0,65.5,10.7,403.6
2023-01-17T09:00,15.4,78,11.6,14.5,0.00,100,100,3,0,16.5,0.0,16.5,0.0,117.0
2023-01-17T10:00,14.9,81,11.6,14.1,0.00,100,100,5,0,0.0,0.0,0.0,0.0,0.0
2023-01-17T11:00,14.9,81,11.7,14.1,0.00,100,100,36,0,0.0,0.0,0.0,0.0,0.0
2023-01-17T12:00,14.6,86,12.3,14.4,0.00,100,100,86,0,0.0,0.0,0.0,0.0,0.0
2023-01-17T13:00,14.7,88,12.7,14.9,0.00,100,100,100,0,0.0,0.0,0.0,0.0,0.0
2023-01-17T14:00,15.0,85,12.5,15.0,0.00,100,100,100,0,0.0,0.0,0.0,0.0,0.0
2023-01-17T15:00,14.8,83,12.0,14.3,0.00,100,100,99,0,0.0,0.0,0.0,0.0,0.0
2023-01-17T16:00,14.6,82,11.6,14.0,0.00,98,98,11,0,0.0,0.0,0.0,0.0,0.0
2023-01-17T17:00,14.5,82,11.4,14.1,0.00,100,100,14,0,0.0,0.0,0.0,0.0,0.0
2023-01-17T18:00,14.3,83,11.4,14.0,0.00,100,100,7,0,0.0,0.0,0.0,0.0,0.0
2023-01-17T19:00,14.1,83,11.2,13.8,0.00,100,100,34,0,0.0,0.0,0.0,0.0,0.0
2023-01-17T20:00,14.0,83,11.1,13.4,0.00,100,100,31,0,0.0,0.0,0.0,0.0,0.0
2023-01-17T21:00,13.8,82,10.9,13.3,0.00,100,100,9,0,0.0,0.0,0.0,0.0,0.0
2023-01-17T22:00,13.7,82,10.6,13.1,0.00,100,100,44,0,0.0,0.0,0.0,0.0,0.0
2023-01-17T23:00,13.5,82,10.5,12.9,0.00,100,100,42,0,2.7,0.0,2.7,0.0,78.5
2023-01-18T00:00,13.5,79,9.9,12.2,0.00,100,100,15,0,27.7,0.0,27.7,0.0,369.6
2023-01-18T01:00,14.1,77,10.1,12.4,0.00,100,100,6,0,130.6,8.7,121.9,19.8,621.1
2023-01-18T02:00,14.6,75,10.2,12.6,0.00,100,100,12,0,173.6,15.8,157.8,27.3,816.0
2023-01-18T03:00,14.8,74,10.2,12.9,0.00,100,100,9,0,187.2,14.9,172.3,22.4,940.9
2023-01-18T04:00,15.0,73,10.2,13.0,0.00,100,100,4,0,224.7,14.2,210.5,20.4,987.4
2023-01-18T05:00,14.8,74,10.1,12.9,0.00,100,100,0,0,193.0,26.3,166.7,39.1,952.3
2023-01-18T06:00,14.3,75,9.9,12.5,0.00,100,100,0,0,106.9,0.0,106.9,0.0,837.9
2023-01-18T07:00,14.2,75,9.8,12.4,0.00,100,100,0,0,92.1,0.9,91.2,1.9,652.1
2023-01-18T08:00,14.0,75,9.6,12.2,0.00,100,100,0,0,64.9,2.3,62.6,7.9,407.6
2023-01-18T09:00,13.7,76,9.6,12.3,0.00,100,100,0,0,13.1,0.0,13.1,0.0,120.9
2023-01-18T10:00,13.5,78,9.7,12.1,0.00,100,100,0,0,0.0,0.0,0.0,0.0,0.0
2023-01-18T11:00,13.6,79,10.0,12.1,0.00,100,100,0,0,0.0,0.0,0.0,0.0,0.0
2023-01-18T12:00,14.1,78,10.4,12.5,0.00,100,100,0,0,0.0,0.0,0.0,0.0,0.0
2023-01-18T13:00,14.1,79,10.6,12.5,0.00,100,100,0,0,0.0,0.0,0.0,0.0,0.0
2023-01-18T14:00,14.1,81,10.8,12.3,0.00,100,100,7,0,0.0,0.0,0.0,0.0,0.0
2023-01-18T15:00,14.0,81,10.7,12.3,0.00,96,96,7,0,0.0,0.0,0.0,0.0,0.0
2023-01-18T16:00,13.9,82,10.8,12.4,0.00,100,100,1,0,0.0,0.0,0.0,0.0,0.0
2023-01-18T17:00,14.0,82,10.9,12.6,0.00,100,100,2,0,0.0,0.0,0.0,0.0,0.0
2023-01-18T18:00,14.1,81,10.8,12.9,0.00,100,100,2,0,0.0,0.0,0.0,0.0,0.0
2023-01-18T19:00,14.1,80,10.6,13.1,0.00,100,100,4,0,0.0,0.0,0.0,0.0,0.0
2023-01-18T20:00,13.9,80,10.5,13.1,0.00,100,100,1,1,0.0,0.0,0.0,0.0,0.0
2023-01-18T21:00,13.9,80,10.5,13.2,0.00,81,81,0,0,0.0,0.0,0.0,0.0,0.0
2023-01-18T22:00,13.4,83,10.6,12.8,0.00,92,92,0,0,0.0,0.0,0.0,0.0,0.0
2023-01-18T23:00,14.0,82,10.9,13.0,0.00,66,66,0,0,5.4,0.0,5.4,0.0,79.3
2023-01-19T00:00,15.3,80,11.8,13.8,0.00,39,21,0,0,132.0,32.6,99.4,124.2,370.8
2023-01-19T01:00,17.6,70,12.1,15.2,0.00,54,54,0,0,373.0,254.9,118.1,578.2,622.9
2023-01-19T02:00,18.6,69,12.7,16.4,0.00,68,68,0,0,381.0,154.4,226.6,266.7,818.3
2023-01-19T03:00,19.6,66,13.1,17.7,0.00,43,41,3,0,475.4,238.2,237.2,356.7,943.8
2023-01-19T04:00,20.4,65,13.5,18.8,0.00,54,52,4,0,539.1,343.8,195.3,490.3,990.7
2023-01-19T05:00,20.3,64,13.2,18.8,0.00,53,53,0,0,398.9,157.0,241.9,232.1,956.0
2023-01-19T06:00,20.0,66,13.6,18.8,0.00,66,66,0,0,274.3,44.6,229.7,74.9,841.9
2023-01-19T07:00,20.0,67,13.7,18.9,0.00,74,73,1,0,246.1,56.5,189.6,121.7,656.2
2023-01-19T08:00,19.4,71,14.1,18.4,0.00,54,52,4,0,178.2,97.1,81.1,333.4,411.7
2023-01-19T09:00,17.9,76,13.7,17.1,0.00,40,40,0,0,43.7,13.4,30.4,151.2,124.8
2023-01-19T10:00,17.0,78,13.2,16.2,0.00,48,48,0,0,0.0,0.0,0.0,0.0,0.0
2023-01-19T11:00,16.7,78,12.8,15.9,0.00,68,68,0,0,0.0,0.0,0.0,0.0,0.0
2023-01-19T12:00,16.9,81,13.6,15.9,0.00,100,27,0,0,0.0,0.0,0.0,0.0,0.0
2023-01-19T13:00,16.8,84,14.0,16.1,0.00,68,68,0,0,0.0,0.0,0.0,0.0,0.0
2023-01-19T14:00,16.5,85,14.0,15.8,0.00,75,75,0,0,0.0,0.0,0.0,0.0,0.0
2023-01-19T15:00,17.0,84,14.3,16.1,0.00,100,100,0,0,0.0,0.0,0.0,0.0,0.0
2023-01-19T16:00,17.0,85,14.5,16.1,0.00,100,100,0,0,0.0,0.0,0.0,0.0,0.0
2023-01-19T17:00,16.8,86,14.4,16.2,0.00,100,100,26,0,0.0,0.0,0.0,0.0,0.0
2023-01-19T18:00,16.6,86,14.2,16.0,0.10,100,100,100,0,0.0,0.0,0.0,0.0,0.0
2023-01-19T19:00,16.4,86,14.1,15.7,0.00,100,100,100,0,0.0,0.0,0.0,0.0,0.0
2023-01-19T20:00,16.2,85,13.7,15.5,0.00,100,100,100,0,0.0,0.0,0.0,0.0,0.0
2023-01-19T21:00,16.1,84,13.4,15.2,0.00,100,100,72,0,0.0,0.0,0.0,0.0,0.0
2023-01-19T22:00,16.1,83,13.3,15.4,0.00,100,100,100,0,0.0,0.0,0.0,0.0,0.0
2023-01-19T23:00,16.0,84,13.2,15.0,0.00,100,99,100,0,2.7,0.0,2.7,0.0,80.2
2023-01-20T00:00,16.3,83,13.4,15.1,0.00,100,96,55,0,52.1,0.0,52.1,0.0,372.2
2023-01-20T01:00,16.7,80,13.2,15.3,0.00,92,90,23,0,111.9,7.5,104.4,16.9,624.9
2023-01-20T02:00,17.5,74,12.9,15.3,0.00,88,85,21,0,267.1,29.3,237.8,50.4,820.8
2023-01-20T03:00,17.7,71,12.4,15.3,0.00,100,100,33,0,263.8,31.9,231.9,47.6,946.8
2023-01-20T04:00,17.8,69,12.0,15.2,0.00,100,100,29,0,256.4,2.0,254.3,2.9,994.2
2023-01-20T05:00,17.3,71,12.0,15.0,0.00,100,100,22,0,154.1,0.0,154.1,0.0,959.8
2023-01-20T06:00,17.2,72,12.1,14.6,0.00,100,100,10,0,197.2,16.7,180.5,28.0,846.0
2023-01-20T07:00,16.4,74,11.8,13.8,0.00,100,100,14,0,136.6,0.0,136.6,0.0,660.4
2023-01-20T08:00,15.9,75,11.5,13.5,0.00,100,100,8,0,56.0,0.0,56.0,0.0,415.8
2023-01-20T09:00,15.7,75,11.3,13.4,0.00,100,100,22,0,22.5,0.0,22.5,0.0,128.7
2023-01-20T10:00,15.5,75,11.1,13.2,0.00,100,100,100,0,0.0,0.0,0.0,0.0,0.0
2023-01-20T11:00,15.5,75,11.1,13.2,0.00,100,100,54,0,0.0,0.0,0.0,0.0,0.0
2023-01-20T12:00,15.5,75,11.2,13.2,0.00,100,100,100,0,0.0,0.0,0.0,0.0,0.0
2023-01-20T13:00,15.3,77,11.3,13.0,0.00,100,100,100,0,0.0,0.0,0.0,0.0,0.0
2023-01-20T14:00,15.0,80,11.7,12.7,0.10,100,100,100,0,0.0,0.0,0.0,0.0,0.0
2023-01-20T15:00,15.0,80,11.6,12.6,0.30,100,100,100,0,0.0,0.0,0.0,0.0,0.0
2023-01-20T16:00,14.9,81,11.7,12.8,0.30,100,98,100,0,0.0,0.0,0.0,0.0,0.0
2023-01-20T17:00,14.9,81,11.7,12.9,0.20,100,97,100,0,0.0,0.0,0.0,0.0,0.0
2023-01-20T18:00,14.9,81,11.7,13.0,0.10,100,96,100,0,0.0,0.0,0.0,0.0,0.0
2023-01-20T19:00,15.0,82,12.0,13.2,0.00,100,100,100,0,0.0,0.0,0.0,0.0,0.0
2023-01-20T20:00,15.2,82,12.1,13.3,0.00,94,89,43,0,0.0,0.0,0.0,0.0,0.0
2023-01-20T21:00,15.1,84,12.3,13.5,0.00,100,100,73,0,0.0,0.0,0.0,0.0,0.0
2023-01-20T22:00,15.5,84,12.7,14.2,0.60,100,100,100,0,0.0,0.0,0.0,0.0,0.0
2023-01-20T23:00,15.4,88,13.5,14.7,1.30,100,100,100,0,2.7,0.0,2.7,0.0,81.3
2023-01-21T00:00,15.8,88,13.8,14.9,1.20,100,56,100,0,32.5,0.0,32.5,0.0,373.8
2023-01-21T01:00,17.0,85,14.5,16.4,0.20,100,48,100,0,94.5,3.7,90.7,8.4,626.9
2023-01-21T02:00,16.7,87,14.6,15.9,0.20,100,100,100,0,65.4,0.0,65.4,0.0,823.5
2023-01-21T03:00,17.1,87,14.8,16.1,0.10,100,87,100,0,85.1,1.1,84.0,1.6,949.9
2023-01-21T04:00,17.4,87,15.1,16.5,0.40,100,42,100,0,109.9,1.0,108.9,1.4,997.8
2023-01-21T05:00,17.5,87,15.4,16.5,1.00,100,25,100,0,115.1,2.9,112.2,4.3,963.8
2023-01-21T06:00,18.5,85,15.9,17.7,0.10,100,54,100,0,156.4,7.4,148.9,12.4,850.1
2023-01-21T07:00,19.2,84,16.4,18.7,0.00,96,30,95,0,115.0,2.6,112.4,5.6,664.6
2023-01-21T08:00,19.5,82,16.3,18.7,0.00,96,71,87,0,137.5,31.5,106.0,105.9,420.0
2023-01-21T09:00,19.0,84,16.1,18.3,0.00,84,79,23,0,29.0,1.9,27.1,20.2,132.7
2023-01-21T10:00,18.7,84,15.9,18.1,0.00,76,71,17,0,0.0,0.0,0.0,0.0,0.0
2023-01-21T11:00,18.5,84,15.8,18.1,0.00,86,85,9,0,0.0,0.0,0.0,0.0,0.0
2023-01-21T12:00,18.7,81,15.4,18.3,0.00,42,10,1,0,0.0,0.0,0.0,0.0,0.0
2023-01-21T13:00,19.1,79,15.4,18.6,0.00,54,53,1,0,0.0,0.0,0.0,0.0,0.0
2023-01-21T14:00,18.6,81,15.2,18.8,0.00,16,12,4,0,0.0,0.0,0.0,0.0,0.0
2023-01-21T15:00,17.2,84,14.6,17.8,0.00,16,4,13,0,0.0,0.0,0.0,0.0,0.0
2023-01-21T16:00,18.0,78,14.1,18.9,0.00,22,8,16,0,0.0,0.0,0.0,0.0,0.0
2023-01-21T17:00,14.6,92,13.4,14.7,0.00,7,6,1,0,0.0,0.0,0.0,0.0,0.0
2023-01-21T18:00,14.6,94,13.6,14.7,0.00,11,6,5,0,0.0,0.0,0.0,0.0,0.0
2023-01-21T19:00,15.4,97,14.9,17.0,0.00,28,27,1,0,0.0,0.0,0.0,0.0,0.0
2023-01-21T20:00,13.0,99,12.9,13.3,0.00,36,30,10,0,0.0,0.0,0.0,0.0,0.0
2023-01-21T21:00,13.4,100,13.4,13.7,0.00,86,85,11,0,0.0,0.0,0.0,0.0,0.0
2023-01-21T22:00,13.7,100,13.7,13.9,0.00,100,100,9,0,0.0,0.0,0.0,0.0,0.0
2023-01-21T23:00,15.4,98,15.2,16.4,0.00,100,100,20,0,2.7,0.0,2.7,0.0,82.4
2023-01-22T00:00,16.0,94,15.0,16.3,0.10,100,100,24,0,35.7,0.0,35.7,0.0,375.5
2023-01-22T01:00,16.4,91,14.9,16.4,0.10,100,100,53,0,91.9,2.5,89.5,5.6,629.2
2023-01-22T02:00,17.3,86,15.0,18.3,0.00,89,88,10,0,160.0,0.0,160.0,0.0,826.2
2023-01-22T03:00,18.3,83,15.4,19.4,0.00,100,100,12,0,338.3,90.4,247.9,134.0,953.2
2023-01-22T04:00,19.9,78,15.9,21.4,0.00,63,56,15,0,489.4,194.4,295.1,274.1,1001.5
2023-01-22T05:00,21.6,72,16.3,23.2,0.00,43,38,8,0,556.3,326.0,230.3,475.7,967.8
2023-01-22T06:00,22.0,71,16.4,23.3,0.00,53,51,5,0,437.6,255.1,182.5,421.8,854.4
2023-01-22T07:00,21.9,71,16.4,23.4,0.00,35,34,1,0,277.2,87.2,190.1,184.1,668.9
2023-01-22T08:00,21.3,74,16.5,22.8,0.00,19,17,6,0,169.4,57.7,111.6,192.3,424.2
2023-01-22T09:00,19.9,81,16.6,21.7,0.00,31,23,18,0,63.2,34.8,28.5,358.9,136.8
2023-01-22T10:00,17.9,88,16.0,19.2,0.00,30,21,21,0,0.0,0.0,0.0,0.0,0.0
2023-01-22T11:00,17.9,89,16.1,19.3,0.00,23,1,22,0,0.0,0.0,0.0,0.0,0.0
2023-01-22T12:00,17.5,94,16.4,19.2,0.00,53,11,58,3,0.0,0.0,0.0,0.0,0.0
2023-01-22T13:00,16.9,95,16.1,17.9,0.00,38,25,22,0,0.0,0.0,0.0,0.0,0.0
2023-01-22T14:00,16.7,95,15.9,17.6,0.00,41,14,33,0,0.0,0.0,0.0,0.0,0.0
2023-01-22T15:00,16.6,95,15.9,17.7,0.00,91,80,54,0,0.0,0.0,0.0,0.0,0.0
2023-01-22T16:00,17.2,93,16.1,18.7,0.10,95,92,50,0,0.0,0.0,0.0,0.0,0.0
2023-01-22T17:00,16.7,96,16.0,18.1,0.10,87,79,40,0,0.0,0.0,0.0,0.0,0.0
2023-01-22T18:00,16.5,95,15.8,18.0,0.00,82,75,30,0,0.0,0.0,0.0,0.0,0.0
2023-01-22T19:00,16.9,94,16.0,18.9,0.00,100,100,57,0,0.0,0.0,0.0,0.0,0.0
2023-01-22T20:00,17.2,94,16.2,19.3,0.10,100,100,90,0,0.0,0.0,0.0,0.0,0.0
2023-01-22T21:00,17.9,88,16.0,19.7,0.30,100,100,100,0,0.0,0.0,0.0,0.0,0.0
2023-01-22T22:00,17.3,93,16.1,18.8,0.20,100,100,100,50,0.0,0.0,0.0,0.0,0.0
2023-01-22T23:00,17.4,91,15.8,18.7,0.10,100,100,100,0,2.6,0.0,2.6,0.0,83.7
2023-01-23T00:00,18.5,86,16.1,19.3,0.00,100,14,13,0,40.5,0.0,40.5,0.0,377.3
2023-01-23T01:00,19.5,81,16.2,19.3,0.00,84,82,43,0,270.7,95.6,175.1,213.8,631.5
2023-01-23T02:00,19.2,83,16.3,19.0,0.00,100,100,36,0,195.0,7.9,187.1,13.4,829.1
2023-01-23T03:00,19.6,81,16.3,19.5,0.00,100,100,23,7,266.0,56.4,209.6,83.2,956.6
2023-01-23T04:00,19.4,81,16.0,19.2,0.00,98,91,22,66,203.5,9.2,194.4,12.9,1005.3
2023-01-23T05:00,19.6,79,15.8,19.3,0.00,95,84,30,62,276.3,36.1,240.2,52.5,971.9
2023-01-23T06:00,19.1,79,15.4,18.9,0.00,99,83,23,91,172.3,0.0,172.3,0.0,858.6
2023-01-23T07:00,19.3,78,15.3,19.2,0.00,100,100,30,56,207.7,19.2,188.5,40.3,673.3
2023-01-23T08:00,18.7,78,14.7,18.5,0.00,100,100,100,71,95.7,4.6,91.0,15.3,428.5
2023-01-23T09:00,17.7,81,14.5,17.8,0.00,100,100,100,75,14.2,0.0,14.2,0.0,140.8
2023-01-23T10:00,17.2,85,14.6,18.0,0.00,100,100,92,65,0.0,0.0,0.0,0.0,0.0
2023-01-23T11:00,16.9,87,14.7,18.0,0.00,100,100,65,60,0.0,0.0,0.0,0.0,0.0
2023-01-23T12:00,17.1,91,15.5,18.2,0.00,100,100,13,0,0.0,0.0,0.0,0.0,0.0
2023-01-23T13:00,17.1,87,14.8,18.0,0.00,100,100,26,0,0.0,0.0,0.0,0.0,0.0
2023-01-23T14:00,16.8,85,14.2,17.1,0.00,100,100,12,0,0.0,0.0,0.0,0.0,0.0
2023-01-23T15:00,16.3,83,13.5,16.1,0.00,100,100,12,26,0.0,0.0,0.0,0.0,0.0
2023-01-23T16:00,15.9,83,13.1,15.5,0.10,100,100,21,0,0.0,0.0,0.0,0.0,0.0
2023-01-23T17:00,15.2,83,12.4,14.3,0.10,100,100,84,0,0.0,0.0,0.0,0.0,0.0
2023-01-23T18:00,14.6,83,11.8,13.4,0.10,100,100,100,0,0.0,0.0,0.0,0.0,0.0
2023-01-23T19:00,14.3,83,11.4,13.0,0.30,100,100,100,0,0.0,0.0,0.0,0.0,0.0
2023-01-23T20:00,13.7,82,10.8,12.2,0.40,100,100,100,0,0.0,0.0,0.0,0.0,0.0
2023-01-23T21:00,12.8,86,10.5,11.2,0.60,100,100,100,34,0.0,0.0,0.0,0.0,0.0
2023-01-23T22:00,12.1,85,9.6,10.3,0.40,100,100,100,0,0.0,0.0,0.0,0.0,0.0
2023-01-23T23:00,11.6,86,9.3,9.9,0.40,100,94,100,0,2.6,0.0,2.6,0.0,85.2
2023-01-24T00:00,11.6,81,8.5,9.6,0.60,100,96,100,0,25.9,0.0,25.9,0.0,379.2
2023-01-24T01:00,11.5,83,8.8,9.7,0.40,100,96,100,0,60.8,1.2,59.6,2.8,634.0
2023-01-24T02:00,11.1,84,8.5,9.1,0.50,100,94,100,0,60.8,0.0,60.8,0.0,832.1
2023-01-24T03:00,10.6,83,7.9,8.1,0.60,100,99,100,0,68.1,0.0,68.1,0.0,960.1
2023-01-24T04:00,10.4,75,6.2,7.1,0.10,100,94,100,0,104.8,0.0,104.8,0.0,1009.2
2023-01-24T05:00,10.1,71,5.1,6.4,0.00,100,100,15,0,123.0,0.0,123.0,0.0,976.1
2023-01-24T06:00,10.2,67,4.4,6.0,0.00,100,100,0,0,320.6,96.0,224.6,157.0,863.0
2023-01-24T07:00,9.4,66,3.4,5.3,0.00,98,98,0,0,172.0,20.1,152.0,41.8,677.7
2023-01-24T08:00,8.9,66,2.8,4.6,0.00,98,98,4,0,103.6,6.2,97.4,20.2,432.8
2023-01-24T09:00,8.2,67,2.3,4.0,0.00,99,99,5,17,24.8,2.0,22.8,19.4,144.9
2023-01-24T10:00,7.6,66,1.6,3.6,0.00,100,100,0,0,0.0,0.0,0.0,0.0,0.0
2023-01-24T11:00,7.5,63,1.0,3.1,0.00,99,99,0,0,0.0,0.0,0.0,0.0,0.0
2023-01-24T12:00,8.4,67,2.6,4.7,0.00,100,95,23,0,0.0,0.0,0.0,0.0,0.0
2023-01-24T13:00,8.5,59,1.0,4.1,0.00,100,100,25,0,0.0,0.0,0.0,0.0,0.0
2023-01-24T14:00,7.8,63,1.1,3.6,0.00,99,99,29,0,0.0,0.0,0.0,0.0,0.0
2023-01-24T15:00,7.6,63,1.0,3.3,0.00,96,96,24,0,0.0,0.0,0.0,0.0,0.0
2023-01-24T16:00,7.3,65,1.1,3.9,0.00,100,100,38,0,0.0,0.0,0.0,0.0,0.0
2023-01-24T17:00,7.7,63,1.1,4.6,0.00,98,98,56,0,0.0,0.0,0.0,0.0,0.0
2023-01-24T18:00,8.0,63,1.4,5.0,0.00,100,100,53,0,0.0,0.0,0.0,0.0,0.0
2023-01-24T19:00,8.4,64,1.9,5.3,0.00,97,97,73,0,0.0,0.0,0.0,0.0,0.0
2023-01-24T20:00,8.5,66,2.4,5.3,0.00,100,100,78,0,0.0,0.0,0.0,0.0,0.0
2023-01-24T21:00,8.8,65,2.6,5.0,0.00,93,92,57,0,0.0,0.0,0.0,0.0,0.0
2023-01-24T22:00,8.8,69,3.4,5.2,0.00,100,100,17,0,0.0,0.0,0.0,0.0,0.0
2023-01-24T23:00,9.4,64,2.9,5.6,0.00,100,100,27,0,5.2,0.0,5.2,0.0,86.8
2023-01-25T00:00,9.3,72,4.6,5.2,0.00,91,98,2,0,87.1,12.9,74.2,47.7,381.3
2023-01-25T01:00,10.5,61,3.4,6.1,0.00,100,100,1,0,225.8,79.4,146.4,176.1,636.6
2023-01-25T02:00,11.3,60,3.8,6.4,0.00,100,100,0,0,256.9,24.8,232.1,41.9,835.2
2023-01-25T03:00,12.4,59,4.7,7.6,0.00,100,100,0,0,449.0,150.0,298.9,219.7,963.6
2023-01-25T04:00,12.8,57,4.5,8.0,0.00,95,95,1,0,395.0,97.7,297.2,136.2,1013.1
2023-01-25T05:00,13.1,59,5.2,8.5,0.00,100,100,0,0,387.8,87.9,299.9,126.6,980.3
2023-01-25T06:00,13.4,60,5.7,9.1,0.00,100,100,3,0,345.9,100.7,245.2,163.8,867.4
2023-01-25T07:00,13.2,59,5.5,9.0,0.00,100,100,15,0,235.1,37.6,197.5,77.8,682.1
2023-01-25T08:00,12.9,62,5.9,9.1,0.00,100,100,20,0,115.5,9.3,106.2,30.0,437.1
2023-01-25T09:00,12.6,65,6.3,9.5,0.00,37,13,35,0,47.3,9.1,38.3,85.9,149.0
2023-01-25T10:00,11.5,69,6.0,8.8,0.00,64,48,30,0,0.0,0.0,0.0,0.0,0.0
2023-01-25T11:00,11.5,70,6.2,8.9,0.00,52,14,44,0,0.0,0.0,0.0,0.0,0.0
2023-01-25T12:00,12.9,68,7.1,10.2,0.00,35,5,95,0,0.0,0.0,0.0,0.0,0.0
2023-01-25T13:00,12.9,69,7.4,10.3,0.00,57,21,56,0,0.0,0.0,0.0,0.0,0.0
2023-01-25T14:00,12.3,73,7.7,9.7,0.00,100,22,100,0,0.0,0.0,0.0,0.0,0.0
2023-01-25T15:00,12.2,74,7.8,9.5,0.00,100,6,100,0,0.0,0.0,0.0,0.0,0.0
2023-01-25T16:00,13.2,71,8.1,10.5,0.00,100,11,100,0,0.0,0.0,0.0,0.0,0.0
2023-01-25T17:00,13.2,72,8.2,10.7,0.00,100,10,100,0,0.0,0.0,0.0,0.0,0.0
2023-01-25T18:00,12.8,75,8.4,11.0,0.00,63,24,62,0,0.0,0.0,0.0,0.0,0.0
2023-01-25T19:00,12.6,77,8.6,11.0,0.00,52,23,50,0,0.0,0.0,0.0,0.0,0.0
2023-01-25T20:00,12.4,78,8.6,11.0,0.00,100,20,100,10,0.0,0.0,0.0,0.0,0.0
2023-01-25T21:00,11.4,81,8.3,10.0,0.00,37,13,21,18,0.0,0.0,0.0,0.0,0.0
2023-01-25T22:00,10.1,82,7.3,8.1,0.00,54,9,33,25,0.0,0.0,0.0,0.0,0.0
2023-01-25T23:00,11.2,76,7.2,9.4,0.00,40,0,8,35,10.4,2.6,7.8,29.7,88.4
2023-01-26T00:00,14.1,72,9.2,13.5,0.00,53,0,6,9,188.2,111.0,77.2,408.4,383.5
2023-01-26T01:00,15.8,71,10.5,15.2,0.00,23,1,14,9,388.2,281.5,106.7,621.5,639.3
2023-01-26T02:00,17.0,66,10.6,16.0,0.00,5,2,3,0,545.2,423.6,121.7,713.0,838.4
2023-01-26T03:00,17.9,65,11.3,16.8,0.00,6,2,6,0,687.3,575.6,111.7,839.7,967.3
2023-01-26T04:00,18.3,69,12.5,17.9,0.00,63,11,0,59,700.4,546.7,153.7,758.5,1017.2
2023-01-26T05:00,18.1,73,13.1,17.6,0.00,92,32,0,88,579.3,422.0,157.3,604.9,984.6
2023-01-26T06:00,17.7,73,12.8,16.9,0.00,100,76,0,100,451.4,268.6,182.8,434.8,871.9
2023-01-26T07:00,17.2,73,12.3,16.3,0.00,98,73,0,93,333.3,209.9,123.3,431.5,686.6
2023-01-26T08:00,16.4,74,11.8,15.5,0.00,94,67,2,82,205.0,111.0,94.0,355.0,441.4
2023-01-26T09:00,15.4,76,11.2,14.6,0.00,68,6,1,66,49.5,9.7,39.8,89.3,153.1
2023-01-26T10:00,14.5,82,11.5,14.5,0.00,52,10,0,46,0.0,0.0,0.0,0.0,0.0
2023-01-26T11:00,12.8,89,11.1,12.4,0.00,26,26,0,0,0.0,0.0,0.0,0.0,0.0
2023-01-26T12:00,12.6,94,11.6,12.5,0.00,37,37,14,0,0.0,0.0,0.0,0.0,0.0
2023-01-26T13:00,12.5,95,11.7,12.5,0.00,27,19,20,0,0.0,0.0,0.0,0.0,0.0
2023-01-26T14:00,12.4,96,11.7,12.3,0.00,72,19,31,59,0.0,0.0,0.0,0.0,0.0
2023-01-26T15:00,11.6,97,11.2,11.2,0.00,34,20,22,14,0.0,0.0,0.0,0.0,0.0
2023-01-26T16:00,10.7,98,10.4,10.0,0.00,26,23,19,0,0.0,0.0,0.0,0.0,0.0
2023-01-26T17:00,11.5,97,11.0,11.1,0.00,54,14,1,46,0.0,0.0,0.0,0.0,0.0
2023-01-26T18:00,10.7,97,10.2,9.8,0.00,66,1,1,65,0.0,0.0,0.0,0.0,0.0
2023-01-26T19:00,10.3,97,9.9,9.5,0.00,88,2,0,87,0.0,0.0,0.0,0.0,0.0
2023-01-26T20:00,11.5,93,10.4,10.6,0.00,93,48,1,87,0.0,0.0,0.0,0.0,0.0
2023-01-26T21:00,12.4,91,10.9,11.8,0.00,100,100,35,100,0.0,0.0,0.0,0.0,0.0
2023-01-26T22:00,12.9,84,10.3,11.7,0.20,100,100,100,19,0.0,0.0,0.0,0.0,0.0
2023-01-26T23:00,12.2,78,8.5,9.7,0.20,100,100,100,0,2.6,0.0,2.6,0.0,90.3
2023-01-27T00:00,13.0,72,8.1,11.3,0.00,100,100,100,0,40.1,0.0,40.1,0.0,385.8
2023-01-27T01:00,13.3,67,7.2,11.0,0.00,100,100,90,0,102.9,2.5,100.4,5.4,642.1
2023-01-27T02:00,13.4,65,7.0,10.6,0.00,100,100,100,0,181.3,34.9,146.4,58.5,841.7
2023-01-27T03:00,12.3,67,6.2,8.8,0.00,100,100,100,0,128.7,2.1,126.6,3.1,971.1
2023-01-27T04:00,11.6,65,5.4,7.8,0.00,100,100,100,0,142.5,13.2,129.3,18.3,1021.3
2023-01-27T05:00,11.1,64,4.4,7.1,0.00,100,97,100,0,150.5,3.9,146.6,5.6,989.0
2023-01-27T06:00,10.2,65,3.8,6.3,0.00,100,74,100,19,130.6,21.5,109.2,34.6,876.4
2023-01-27T07:00,9.9,62,3.0,6.1,0.00,100,8,100,3,98.9,6.1,92.8,12.5,691.1
2023-01-27T08:00,9.8,58,1.9,5.7,0.00,99,47,98,0,60.7,0.8,59.9,2.5,445.8
2023-01-27T09:00,9.2,59,1.6,5.1,0.00,96,32,93,0,29.4,3.1,26.3,27.8,157.2
2023-01-27T10:00,8.9,59,1.3,5.4,0.00,95,40,91,0,0.0,0.0,0.0,0.0,0.0
2023-01-27T11:00,8.4,61,1.2,5.4,0.00,61,32,42,0,0.0,0.0,0.0,0.0,0.0
2023-01-27T12:00,8.2,68,2.6,5.2,0.00,58,22,7,22,0.0,0.0,0.0,0.0,0.0
2023-01-27T13:00,8.5,61,1.3,5.7,0.00,88,88,18,0,0.0,0.0,0.0,0.0,0.0
2023-01-27T14:00,9.3,57,1.2,5.9,0.00,74,67,38,18,0.0,0.0,0.0,0.0,0.0
2023-01-27T15:00,8.9,59,1.4,5.4,0.00,89,67,11,65,0.0,0.0,0.0,0.0,0.0
2023-01-27T16:00,8.5,58,0.8,5.1,0.00,38,14,0,27,0.0,0.0,0.0,0.0,0.0
2023-01-27T17:00,7.0,66,1.2,4.1,0.00,20,20,0,0,0.0,0.0,0.0,0.0,0.0
2023-01-27T18:00,6.4,71,1.5,3.2,0.00,51,51,0,0,0.0,0.0,0.0,0.0,0.0
2023-01-27T19:00,7.6,59,0.1,4.4,0.00,34,34,0,0,0.0,0.0,0.0,0.0,0.0
2023-01-27T20:00,7.0,65,0.9,4.0,0.00,55,55,3,0,0.0,0.0,0.0,0.0,0.0
2023-01-27T21:00,9.0,50,-0.8,6.2,0.00,97,84,9,79,0.0,0.0,0.0,0.0,0.0
2023-01-27T22:00,7.4,70,2.3,4.6,0.00,97,91,12,68,0.0,0.0,0.0,0.0,0.0
2023-01-27T23:00,7.9,65,1.8,5.2,0.00,100,99,19,100,7.7,0.0,7.7,0.0,92.2
2023-01-28T00:00,9.1,61,1.9,5.6,0.00,100,16,2,65,118.4,36.8,81.6,133.7,388.2
2023-01-28T01:00,9.6,59,2.0,5.6,0.00,100,98,0,81,249.0,59.5,189.5,130.0,645.0
2023-01-28T02:00,9.6,61,2.3,5.6,0.00,100,100,0,34,271.4,52.9,218.5,88.3,845.1
2023-01-28T03:00,9.6,62,2.7,5.8,0.10,100,100,11,86,323.4,80.9,242.6,117.0,974.9
2023-01-28T04:00,10.2,59,2.6,6.4,0.00,100,100,21,49,383.9,67.2,316.7,92.4,1025.5
2023-01-28T05:00,10.4,57,2.2,6.7,0.00,100,100,22,95,399.7,115.3,284.4,163.8,993.4
2023-01-28T06:00,10.2,57,2.0,6.4,0.00,99,87,7,89,354.7,123.2,231.5,197.3,880.9
2023-01-28T07:00,10.5,53,1.4,6.6,0.00,99,96,1,72,290.9,85.9,205.0,174.1,695.6
2023-01-28T08:00,9.9,58,2.0,6.0,0.00,100,100,0,81,225.3,110.7,114.6,346.9,450.2
2023-01-28T09:00,9.4,57,1.3,5.9,0.00,99,90,4,88,42.9,7.8,35.0,68.5,161.3
2023-01-28T10:00,8.7,62,1.8,6.1,0.00,100,100,6,76,0.0,0.0,0.0,0.0,0.0
2023-01-28T11:00,8.6,65,2.4,6.0,0.00,100,100,6,65,0.0,0.0,0.0,0.0,0.0
2023-01-28T12:00,9.2,64,2.8,6.3,0.00,100,100,0,90,0.0,0.0,0.0,0.0,0.0
2023-01-28T13:00,9.5,63,2.8,6.6,0.00,100,100,0,89,0.0,0.0,0.0,0.0,0.0
2023-01-28T14:00,9.9,64,3.4,6.8,0.00,100,100,1,85,0.0,0.0,0.0,0.0,0.0
2023-01-28T15:00,10.0,64,3.4,6.7,0.00,100,99,1,70,0.0,0.0,0.0,0.0,0.0
2023-01-28T16:00,9.9,66,3.8,6.9,0.00,100,100,0,64,0.0,0.0,0.0,0.0,0.0
2023-01-28T17:00,10.1,66,4.1,7.2,0.00,100,100,0,0,0.0,0.0,0.0,0.0,0.0
2023-01-28T18:00,10.3,68,4.5,7.5,0.00,100,100,0,0,0.0,0.0,0.0,0.0,0.0
2023-01-28T19:00,10.4,69,4.9,7.7,0.00,100,100,0,0,0.0,0.0,0.0,0.0,0.0
2023-01-28T20:00,10.6,65,4.4,7.8,0.00,69,69,0,0,0.0,0.0,0.0,0.0,0.0
2023-01-28T21:00,9.8,69,4.4,7.4,0.00,58,58,0,0,0.0,0.0,0.0,0.0,0.0
2023-01-28T22:00,9.3,72,4.5,7.0,0.00,52,52,0,0,0.0,0.0,0.0,0.0,0.0
2023-01-28T23:00,9.5,75,5.2,7.4,0.00,99,99,3,0,10.2,2.5,7.6,29.2,94.2
2023-01-29T00:00,11.8,74,7.3,10.0,0.00,53,6,0,0,126.0,31.9,94.1,115.1,390.7
2023-01-29T01:00,13.7,59,5.9,10.4,0.00,26,25,0,0,401.1,288.4,112.6,627.7,648.0
2023-01-29T02:00,14.8,55,5.8,11.2,0.00,100,100,0,0,511.1,333.2,177.9,553.8,848.6
2023-01-29T03:00,15.5,54,6.2,12.1,0.00,41,41,0,0,555.3,321.3,234.0,462.9,978.8
2023-01-29T04:00,16.4,52,6.6,13.6,0.00,100,100,0,0,610.0,362.5,247.5,496.5,1029.7
2023-01-29T05:00,16.7,53,7.1,14.2,0.00,100,100,0,0,627.6,436.0,191.6,616.2,997.9
2023-01-29T06:00,16.5,54,7.3,13.9,0.00,25,25,1,0,557.5,401.5,155.9,639.5,885.5
2023-01-29T07:00,15.9,56,7.2,12.9,0.00,65,64,4,0,418.2,264.8,153.4,533.3,700.2
2023-01-29T08:00,15.2,58,6.9,12.3,0.00,35,35,4,0,264.8,168.8,96.1,523.5,454.6
2023-01-29T09:00,13.9,63,7.0,11.5,0.00,35,35,1,0,83.0,46.5,36.5,396.6,165.4
2023-01-29T10:00,11.8,70,6.6,9.7,0.00,21,21,1,0,0.0,0.0,0.0,0.0,0.0
2023-01-29T11:00,10.4,77,6.6,8.5,0.00,18,18,1,0,0.0,0.0,0.0,0.0,0.0
2023-01-29T12:00,9.9,82,7.0,7.5,0.00,4,2,0,0,0.0,0.0,0.0,0.0,0.0
2023-01-29T13:00,9.8,83,7.0,7.8,0.00,0,0,0,0,0.0,0.0,0.0,0.0,0.0
2023-01-29T14:00,9.0,86,6.9,7.0,0.00,0,0,0,0,0.0,0.0,0.0,0.0,0.0
2023-01-29T15:00,8.8,87,6.8,6.8,0.00,0,0,0,0,0.0,0.0,0.0,0.0,0.0
2023-01-29T16:00,8.5,88,6.7,6.5,0.00,0,0,0,0,0.0,0.0,0.0,0.0,0.0
2023-01-29T17:00,8.2,90,6.6,6.1,0.00,0,0,0,0,0.0,0.0,0.0,0.0,0.0
2023-01-29T18:00,7.8,90,6.2,5.5,0.00,0,0,0,0,0.0,0.0,0.0,0.0,0.0
2023-01-29T19:00,7.5,90,5.9,5.1,0.00,1,1,0,0,0.0,0.0,0.0,0.0,0.0
2023-01-29T20:00,7.3,88,5.4,4.8,0.00,0,0,0,0,0.0,0.0,0.0,0.0,0.0
2023-01-29T21:00,7.2,87,5.1,4.6,0.00,0,0,0,0,0.0,0.0,0.0,0.0,0.0
2023-01-29T22:00,7.1,87,5.0,4.6,0.00,0,0,0,0,0.0,0.0,0.0,0.0,0.0
2023-01-29T23:00,7.9,85,5.6,5.7,0.00,0,0,0,0,12.6,2.5,10.1,29.0,96.4
2023-01-30T00:00,11.9,77,8.1,9.8,0.00,1,0,0,0,206.7,127.2,79.5,455.9,393.4
2023-01-30T01:00,14.6,61,7.0,11.4,0.00,0,0,0,0,424.3,324.1,100.2,701.8,651.2
2023-01-30T02:00,15.6,56,6.8,12.0,0.00,0,0,0,0,606.7,502.0,104.7,830.6,852.2
2023-01-30T03:00,16.2,55,7.2,13.2,0.00,0,0,0,0,726.5,618.0,108.5,886.7,982.8
2023-01-30T04:00,16.6,55,7.6,14.2,0.00,0,0,0,0,777.0,668.1,109.0,911.0,1034.0
2023-01-30T05:00,16.7,56,7.9,14.4,0.00,0,0,0,0,754.8,649.2,105.6,913.2,1002.4
2023-01-30T06:00,16.6,58,8.3,14.0,0.00,0,0,0,0,661.4,564.2,97.2,893.8,890.1
2023-01-30T07:00,16.2,60,8.4,13.0,0.00,0,0,0,0,507.2,422.9,84.2,846.2,704.7
2023-01-30T08:00,15.4,63,8.4,12.0,0.00,0,0,0,0,308.4,243.4,65.0,747.8,459.0
2023-01-30T09:00,14.2,67,8.3,11.4,0.00,0,0,0,0,96.7,66.3,30.5,551.1,169.5
2023-01-30T10:00,12.8,71,7.8,10.2,0.00,1,1,0,0,0.0,0.0,0.0,0.0,0.0
2023-01-30T11:00,12.2,74,7.8,9.6,0.00,0,0,0,0,0.0,0.0,0.0,0.0,0.0
2023-01-30T12:00,12.0,73,7.3,8.7,0.00,0,0,0,0,0.0,0.0,0.0,0.0,0.0
2023-01-30T13:00,12.2,72,7.3,8.7,0.00,0,0,0,0,0.0,0.0,0.0,0.0,0.0
2023-01-30T14:00,12.3,72,7.4,8.7,0.00,0,0,0,0,0.0,0.0,0.0,0.0,0.0
2023-01-30T15:00,12.3,74,7.7,8.7,0.00,0,0,0,0,0.0,0.0,0.0,0.0,0.0
2023-01-30T16:00,12.3,75,7.9,8.9,0.00,1,1,0,0,0.0,0.0,0.0,0.0,0.0
2023-01-30T17:00,12.4,76,8.3,9.1,0.00,8,8,0,0,0.0,0.0,0.0,0.0,0.0
2023-01-30T18:00,12.5,77,8.6,9.5,0.00,6,6,0,0,0.0,0.0,0.0,0.0,0.0
2023-01-30T19:00,12.4,78,8.6,9.8,0.00,7,7,0,0,0.0,0.0,0.0,0.0,0.0
2023-01-30T20:00,11.8,81,8.7,9.8,0.00,0,0,0,0,0.0,0.0,0.0,0.0,0.0
2023-01-30T21:00,10.8,86,8.6,9.3,0.00,0,0,0,0,0.0,0.0,0.0,0.0,0.0
2023-01-30T22:00,9.9,89,8.1,8.4,0.00,1,1,0,0,0.0,0.0,0.0,0.0,0.0
2023-01-30T23:00,9.6,90,8.0,8.0,0.00,0,0,0,0,12.6,5.0,7.5,57.7,98.7
2023-01-31T00:00,13.4,82,10.5,12.3,0.00,1,0,0,0,212.4,139.5,72.9,496.4,396.1
2023-01-31T01:00,16.4,73,11.6,15.9,0.00,1,1,0,0,431.4,337.5,93.9,726.9,654.4
2023-01-31T02:00,18.5,67,12.3,18.2,0.00,0,0,0,0,613.3,510.9,102.4,841.4,855.9
2023-01-31T03:00,19.9,63,12.6,20.4,0.00,0,0,0,0,732.9,627.6,105.3,896.4,986.8
2023-01-31T04:00,20.8,61,13.1,22.0,0.00,0,0,0,0,782.2,676.3,105.9,918.0,1038.3
2023-01-31T05:00,21.4,61,13.4,23.1,0.00,7,7,0,0,755.9,652.3,103.7,913.1,1006.9
2023-01-31T06:00,21.5,61,13.7,23.2,0.00,9,9,0,0,659.8,564.4,95.3,889.3,894.7
2023-01-31T07:00,21.2,62,13.6,22.1,0.00,10,10,0,0,504.0,421.5,82.5,837.7,709.3
2023-01-31T08:00,20.5,62,13.1,20.8,0.00,1,1,0,0,305.9,242.3,63.5,737.2,463.3
2023-01-31T09:00,18.4,71,13.1,18.7,0.00,1,1,0,0,90.2,56.7,33.5,460.4,173.6
2023-01-31T10:00,14.8,82,11.7,14.4,0.00,1,1,0,0,0.0,0.0,0.0,0.0,0.0
2023-01-31T11:00,13.2,87,11.0,12.4,0.00,0,0,0,0,0.0,0.0,0.0,0.0,0.0
2023-01-31T12:00,13.4,81,10.2,13.0,0.00,0,0,0,0,0.0,0.0,0.0,0.0,0.0
2023-01-31T13:00,12.3,85,9.9,11.6,0.00,0,0,0,0,0.0,0.0,0.0,0.0,0.0
2023-01-31T14:00,11.9,86,9.7,11.2,0.00,0,0,0,0,0.0,0.0,0.0,0.0,0.0
2023-01-31T15:00,13.1,80,9.7,12.7,0.00,0,0,0,0,0.0,0.0,0.0,0.0,0.0
2023-01-31T16:00,14.1,79,10.4,14.0,0.00,0,0,0,0,0.0,0.0,0.0,0.0,0.0
2023-01-31T17:00,13.1,85,10.7,12.8,0.00,0,0,0,0,0.0,0.0,0.0,0.0,0.0
2023-01-31T18:00,13.5,87,11.4,13.8,0.00,0,0,0,0,0.0,0.0,0.0,0.0,0.0
2023-01-31T19:00,13.1,89,11.4,13.2,0.00,0,0,0,0,0.0,0.0,0.0,0.0,0.0
2023-01-31T20:00,12.1,89,10.3,11.7,0.00,0,0,0,0,0.0,0.0,0.0,0.0,0.0
2023-01-31T21:00,12.7,86,10.5,12.4,0.00,0,0,0,0,0.0,0.0,0.0,0.0,0.0
2023-01-31T22:00,11.9,87,9.8,11.4,0.00,1,1,0,0,0.0,0.0,0.0,0.0,0.0
2023-01-31T23:00,10.1,92,8.8,9.1,0.00,3,1,2,0,12.5,5.0,7.5,57.3,101.1
2023-02-01T00:00,14.4,82,11.4,14.5,0.00,9,0,10,0,205.4,129.6,75.8,457.6,399.0
2023-02-01T01:00,18.0,68,12.1,18.4,0.00,26,0,26,0,400.2,297.7,102.5,637.9,657.7
2023-02-01T02:00,20.6,53,10.7,20.2,0.00,54,0,54,0,532.1,381.4,150.7,625.2,859.6
2023-02-01T03:00,22.4,43,9.3,21.7,0.00,59,9,59,0,466.9,293.6,173.4,417.5,990.9
2023-02-01T04:00,23.6,44,10.7,23.6,0.00,63,11,63,0,486.8,305.6,181.3,412.9,1042.7
2023-02-01T05:00,23.1,50,12.1,22.3,0.00,94,17,94,0,445.0,270.9,174.1,377.5,1011.4
2023-02-01T06:00,21.4,58,12.8,20.8,0.00,100,21,100,0,319.7,146.8,172.9,230.0,899.3
2023-02-01T07:00,20.5,63,13.3,20.8,0.00,100,15,100,0,143.2,0.0,143.2,0.0,713.8
2023-02-01T08:00,20.8,64,13.8,21.8,0.00,100,13,100,0,138.3,36.1,102.1,108.9,467.7
2023-02-01T09:00,20.2,72,14.9,21.4,0.00,100,39,100,0,50.2,19.6,30.6,155.8,177.7
2023-02-01T10:00,17.9,78,14.0,18.2,0.00,70,69,46,0,0.0,0.0,0.0,0.0,0.0
2023-02-01T11:00,17.1,79,13.5,17.4,0.00,26,5,25,0,0.0,0.0,0.0,0.0,0.0
2023-02-01T12:00,16.4,83,13.6,16.6,0.00,32,55,49,0,0.0,0.0,0.0,0.0,0.0
2023-02-01T13:00,16.9,78,13.1,17.0,0.00,100,30,100,0,0.0,0.0,0.0,0.0,0.0
2023-02-01T14:00,16.8,79,13.0,17.0,0.00,100,0,100,0,0.0,0.0,0.0,0.0,0.0
2023-02-01T15:00,16.9,81,13.7,17.5,0.00,100,0,100,0,0.0,0.0,0.0,0.0,0.0
2023-02-01T16:00,16.6,86,14.2,17.2,0.00,100,5,100,0,0.0,0.0,0.0,0.0,0.0
2023-02-01T17:00,17.3,89,15.4,18.1,0.00,100,18,100,0,0.0,0.0,0.0,0.0,0.0
2023-02-01T18:00,16.5,94,15.5,17.4,0.00,100,100,99,0,0.0,0.0,0.0,0.0,0.0
2023-02-01T19:00,16.9,94,15.9,18.2,0.00,100,100,65,0,0.0,0.0,0.0,0.0,0.0
2023-02-01T20:00,16.9,93,15.7,18.1,0.00,95,93,24,0,0.0,0.0,0.0,0.0,0.0
2023-02-01T21:00,17.2,89,15.4,18.1,0.00,99,99,15,0,0.0,0.0,0.0,0.0,0.0
2023-02-01T22:00,17.1,87,14.9,17.8,0.00,99,99,13,0,0.0,0.0,0.0,0.0,0.0
2023-02-01T23:00,17.1,87,14.9,17.8,0.00,100,100,17,0,5.0,0.0,5.0,0.0,103.6
2023-02-02T00:00,17.7,84,15.0,17.7,0.00,100,95,1,0,53.5,0.0,53.5,0.0,401.9
2023-02-02T01:00,18.3,80,14.7,17.7,0.00,66,66,0,0,150.6,11.1,139.5,23.7,661.1
2023-02-02T02:00,19.0,76,14.8,18.2,0.00,75,75,0,0,282.3,36.0,246.3,58.7,863.4
2023-02-02T03:00,19.5,74,14.8,18.5,0.00,100,100,0,0,421.1,122.3,298.8,173.2,995.0
2023-02-02T04:00,19.0,75,14.4,18.0,0.00,100,100,0,0,331.0,42.8,288.2,57.6,1047.1
2023-02-02T05:00,18.2,77,14.1,17.0,0.00,100,100,0,0,226.0,20.5,205.4,28.5,1016.0
2023-02-02T06:00,17.5,78,13.6,16.0,0.00,100,100,0,0,211.3,18.7,192.6,29.2,903.9
2023-02-02T07:00,17.2,77,13.2,15.7,0.00,100,100,0,0,172.4,13.2,159.2,25.9,718.3
2023-02-02T08:00,16.9,76,12.7,15.4,0.00,99,99,0,0,119.6,4.7,114.9,14.1,472.0
2023-02-02T09:00,16.4,78,12.5,15.3,0.00,98,98,2,0,36.9,1.1,35.8,8.5,181.8
2023-02-02T10:00,15.9,79,12.4,14.8,0.00,99,99,1,0,0.0,0.0,0.0,0.0,0.0
2023-02-02T11:00,15.6,81,12.4,14.6,0.00,100,100,0,0,0.0,0.0,0.0,0.0,0.0
2023-02-02T12:00,15.7,82,12.6,14.5,0.00,100,100,0,0,0.0,0.0,0.0,0.0,0.0
2023-02-02T13:00,15.7,82,12.6,14.4,0.00,100,100,0,0,0.0,0.0,0.0,0.0,0.0
2023-02-02T14:00,15.7,81,12.5,14.3,0.00,100,100,6,0,0.0,0.0,0.0,0.0,0.0
2023-02-02T15:00,15.5,82,12.5,14.1,0.00,100,100,5,0,0.0,0.0,0.0,0.0,0.0
2023-02-02T16:00,15.5,83,12.5,14.1,0.00,100,100,10,0,0.0,0.0,0.0,0.0,0.0
2023-02-02T17:00,15.5,83,12.6,14.2,0.00,100,100,16,0,0.0,0.0,0.0,0.0,0.0
2023-02-02T18:00,15.4,83,12.6,14.3,0.00,100,100,22,0,0.0,0.0,0.0,0.0,0.0
2023-02-02T19:00,15.3,83,12.5,14.4,0.00,100,100,23,0,0.0,0.0,0.0,0.0,0.0
2023-02-02T20:00,15.3,84,12.5,14.5,0.00,100,100,17,0,0.0,0.0,0.0,0.0,0.0
2023-02-02T21:00,15.2,84,12.5,14.5,0.00,100,100,8,0,0.0,0.0,0.0,0.0,0.0
2023-02-02T22:00,14.9,86,12.5,14.4,0.00,100,100,9,0,0.0,0.0,0.0,0.0,0.0
2023-02-02T23:00,15.3,84,12.6,15.0,0.00,100,100,5,0,7.4,0.0,7.4,0.0,106.2
2023-02-03T00:00,16.5,82,13.5,16.0,0.00,100,100,0,2,75.3,7.8,67.5,27.3,405.0
2023-02-03T01:00,17.9,75,13.5,16.6,0.00,100,100,0,2,246.6,70.3,176.3,149.0,664.6
2023-02-03T02:00,18.6,73,13.7,17.3,0.00,100,100,0,1,309.2,95.6,213.6,155.2,867.2
2023-02-03T03:00,18.6,73,13.7,17.4,0.00,100,100,8,6,271.2,18.1,253.1,25.5,999.2
2023-02-03T04:00,19.1,71,13.8,17.8,0.00,100,100,10,6,365.7,45.8,319.8,61.4,1051.5
2023-02-03T05:00,18.5,73,13.7,17.2,0.00,100,100,0,0,297.4,28.4,269.1,39.2,1020.6
2023-02-03T06:00,18.1,74,13.3,16.6,0.00,100,100,4,0,224.5,11.2,213.3,17.4,908.5
2023-02-03T07:00,17.7,74,13.1,16.3,0.00,100,100,51,0,139.0,0.0,139.0,0.0,722.8
2023-02-03T08:00,17.5,75,13.0,16.2,0.00,100,100,38,15,117.5,0.0,117.5,0.0,476.3
2023-02-03T09:00,16.7,78,12.9,15.3,0.00,100,100,48,56,28.9,1.1,27.8,8.4,185.8
2023-02-03T10:00,16.3,81,13.0,15.1,0.00,100,100,1,21,0.0,0.0,0.0,0.0,0.0
2023-02-03T11:00,16.2,80,12.8,14.9,0.00,100,100,7,23,0.0,0.0,0.0,0.0,0.0
2023-02-03T12:00,16.5,81,13.3,15.4,0.00,100,100,9,16,0.0,0.0,0.0,0.0,0.0
2023-02-03T13:00,16.5,81,13.3,15.3,0.00,97,97,14,7,0.0,0.0,0.0,0.0,0.0
2023-02-03T14:00,16.3,84,13.5,15.1,0.00,66,30,18,42,0.0,0.0,0.0,0.0,0.0
2023-02-03T15:00,15.8,86,13.6,14.8,0.00,98,69,20,92,0.0,0.0,0.0,0.0,0.0
2023-02-03T16:00,16.1,85,13.6,15.2,0.00,99,79,73,89,0.0,0.0,0.0,0.0,0.0
2023-02-03T17:00,16.2,84,13.6,15.2,0.00,100,45,56,100,0.0,0.0,0.0,0.0,0.0
2023-02-03T18:00,15.9,87,13.6,14.9,0.00,83,63,33,34,0.0,0.0,0.0,0.0,0.0
2023-02-03T19:00,16.0,87,13.9,15.2,0.00,99,90,86,18,0.0,0.0,0.0,0.0,0.0
2023-02-03T20:00,16.2,87,14.1,15.6,0.00,96,77,86,20,0.0,0.0,0.0,0.0,0.0
2023-02-03T21:00,16.5,87,14.3,15.9,0.00,100,100,100,44,0.0,0.0,0.0,0.0,0.0
2023-02-03T22:00,16.7,87,14.4,16.2,0.00,100,99,100,11,0.0,0.0,0.0,0.0,0.0
2023-02-03T23:00,16.7,87,14.6,16.4,0.00,100,100,93,100,2.5,0.0,2.5,0.0,108.9
2023-02-04T00:00,17.3,87,15.1,17.0,0.10,100,100,99,24,53.2,0.0,53.2,0.0,408.1
2023-02-04T01:00,17.8,85,15.2,17.0,0.00,100,100,100,95,119.5,3.7,115.8,7.8,668.1
2023-02-04T02:00,18.2,83,15.2,17.1,0.00,100,90,100,36,152.9,9.0,143.9,14.5,871.2
2023-02-04T03:00,18.2,83,15.3,17.2,0.10,100,85,100,100,126.5,5.3,121.2,7.5,1003.5
2023-02-04T04:00,18.3,83,15.5,17.4,0.40,100,59,100,100,151.8,6.1,145.7,8.1,1056.0
2023-02-04T05:00,18.7,83,15.8,17.9,0.40,100,68,100,100,217.2,14.7,202.6,20.2,1025.1
2023-02-04T06:00,18.6,82,15.5,17.8,0.20,100,63,100,100,228.3,15.9,212.4,24.5,913.0
2023-02-04T07:00,17.9,84,15.2,17.2,0.20,100,50,100,100,106.5,0.9,105.7,1.7,727.3
2023-02-04T08:00,17.6,85,15.1,16.9,0.20,100,45,100,100,61.6,0.0,61.6,0.0,480.6
2023-02-04T09:00,17.3,87,15.1,16.9,0.20,100,71,100,92,25.8,0.0,25.8,0.0,189.8
2023-02-04T10:00,16.8,89,15.0,16.4,0.30,100,46,100,46,0.0,0.0,0.0,0.0,0.0
2023-02-04T11:00,16.7,90,15.1,16.4,0.10,100,70,100,96,0.0,0.0,0.0,0.0,0.0
2023-02-04T12:00,16.9,90,15.3,16.8,0.10,100,100,100,100,0.0,0.0,0.0,0.0,0.0
2023-02-04T13:00,17.3,89,15.5,16.9,0.20,100,81,100,100,0.0,0.0,0.0,0.0,0.0
2023-02-04T14:00,17.2,91,15.7,16.8,0.40,100,91,100,100,0.0,0.0,0.0,0.0,0.0
2023-02-04T15:00,17.4,91,15.9,17.2,0.70,100,49,100,98,0.0,0.0,0.0,0.0,0.0
2023-02-04T16:00,17.3,92,16.0,17.1,0.40,100,100,100,100,0.0,0.0,0.0,0.0,0.0
2023-02-04T17:00,17.3,93,16.2,17.0,0.50,100,67,100,96,0.0,0.0,0.0,0.0,0.0
2023-02-04T18:00,17.3,94,16.3,17.3,0.30,100,99,100,88,0.0,0.0,0.0,0.0,0.0
2023-02-04T19:00,17.5,94,16.5,17.8,1.10,100,63,100,54,0.0,0.0,0.0,0.0,0.0
2023-02-04T20:00,17.7,94,16.7,18.1,0.30,100,50,100,100,0.0,0.0,0.0,0.0,0.0
2023-02-04T21:00,17.9,94,16.9,18.4,0.40,100,26,100,84,0.0,0.0,0.0,0.0,0.0
2023-02-04T22:00,18.0,94,17.0,19.0,0.30,100,47,100,100,0.0,0.0,0.0,0.0,0.0
2023-02-04T23:00,18.0,94,17.1,19.5,0.50,100,35,100,99,2.4,0.0,2.4,0.0,111.7
2023-02-05T00:00,17.4,97,16.8,19.2,0.50,100,31,100,100,31.2,0.0,31.2,0.0,411.3
2023-02-05T01:00,18.5,92,17.2,20.1,0.90,100,0,100,24,104.6,2.5,102.2,5.2,671.7
2023-02-05T02:00,18.9,89,17.0,21.1,0.50,100,0,100,95,107.9,0.0,107.9,0.0,875.1
2023-02-05T03:00,19.2,87,16.9,21.0,0.60,100,0,100,92,127.6,2.1,125.5,3.0,1007.7
2023-02-05T04:00,19.2,86,16.8,21.2,0.80,99,2,98,60,120.2,1.0,119.2,1.4,1060.5
2023-02-05T05:00,22.1,77,17.8,24.7,0.10,100,50,100,10,556.9,283.8,273.1,388.0,1029.7
2023-02-05T06:00,21.5,78,17.5,23.4,0.00,100,98,100,98,168.5,14.0,154.4,21.5,917.6
2023-02-05T07:00,20.2,89,18.3,22.7,0.70,100,80,100,91,47.6,0.0,47.6,0.0,731.8
2023-02-05T08:00,19.6,94,18.6,22.1,0.50,100,44,100,100,30.1,0.0,30.1,0.0,484.9
2023-02-05T09:00,18.9,95,18.2,21.6,1.60,100,54,100,100,7.9,0.0,7.9,0.0,193.7
2023-02-05T10:00,18.7,95,17.8,21.0,2.10,100,12,100,98,0.0,0.0,0.0,0.0,0.0
2023-02-05T11:00,18.5,95,17.7,20.6,0.90,100,100,100,91,0.0,0.0,0.0,0.0,0.0
2023-02-05T12:00,17.8,95,17.0,19.9,1.20,100,100,96,54,0.0,0.0,0.0,0.0,0.0
2023-02-05T13:00,17.5,96,16.8,19.4,0.70,100,100,100,100,0.0,0.0,0.0,0.0,0.0
2023-02-05T14:00,17.4,96,16.7,19.4,0.50,100,100,100,94,0.0,0.0,0.0,0.0,0.0
2023-02-05T15:00,17.0,96,16.4,18.6,0.40,100,100,100,51,0.0,0.0,0.0,0.0,0.0
2023-02-05T16:00,16.7,95,15.9,18.3,0.20,100,100,100,10,0.0,0.0,0.0,0.0,0.0
2023-02-05T17:00,16.4,96,15.8,17.6,0.50,100,100,91,69,0.0,0.0,0.0,0.0,0.0
2023-02-05T18:00,16.2,97,15.8,17.3,0.10,100,100,86,99,0.0,0.0,0.0,0.0,0.0
2023-02-05T19:00,16.0,97,15.6,17.1,1.90,100,100,100,100,0.0,0.0,0.0,0.0,0.0
2023-02-05T20:00,15.9,97,15.5,16.9,0.90,100,100,100,65,0.0,0.0,0.0,0.0,0.0
2023-02-05T21:00,15.6,98,15.3,16.5,3.60,100,100,100,6,0.0,0.0,0.0,0.0,0.0
2023-02-05T22:00,15.5,98,15.2,16.2,3.60,100,100,100,6,0.0,0.0,0.0,0.0,0.0
2023-02-05T23:00,15.5,98,15.2,16.3,3.30,100,59,100,0,2.4,0.0,2.4,0.0,114.6
2023-02-06T00:00,16.4,96,15.8,17.9,3.50,100,100,100,17,20.2,0.0,20.2,0.0,414.6
2023-02-06T01:00,17.0,93,15.8,18.9,1.70,100,96,100,12,119.3,3.7,115.6,7.7,675.4
2023-02-06T02:00,17.2,92,15.9,19.1,2.20,99,13,98,46,76.4,0.0,76.4,0.0,879.2
2023-02-06T03:00,18.9,86,16.5,19.9,0.70,100,57,100,100,328.5,130.7,197.7,181.8,1012.0
2023-02-06T04:00,18.6,88,16.5,20.3,0.30,86,40,63,41,246.5,33.6,212.9,44.4,1064.9
2023-02-06T05:00,19.5,85,16.9,20.4,0.10,100,100,100,17,449.3,203.6,245.7,277.0,1034.3
2023-02-06T06:00,19.1,85,16.5,20.8,0.00,76,29,66,0,206.9,22.5,184.5,34.3,922.1
2023-02-06T07:00,19.7,83,16.7,21.4,0.00,97,71,89,0,276.9,97.9,179.0,187.1,736.2
2023-02-06T08:00,19.5,83,16.4,20.8,0.00,100,38,99,0,153.7,32.5,121.2,93.5,489.0
2023-02-06T09:00,18.7,85,16.2,20.3,0.00,97,16,57,91,39.4,9.1,30.2,65.0,197.6
2023-02-06T10:00,17.0,95,16.1,18.6,0.60,88,3,78,41,0.0,0.0,0.0,0.0,0.0
2023-02-06T11:00,16.3,96,15.7,17.7,0.00,84,12,53,63,0.0,0.0,0.0,0.0,0.0
2023-02-06T12:00,17.1,97,16.5,18.7,0.20,91,7,30,6,0.0,0.0,0.0,0.0,0.0
2023-02-06T13:00,16.6,96,16.0,17.9,0.20,91,16,35,88,0.0,0.0,0.0,0.0,0.0
2023-02-06T14:00,16.3,96,15.7,17.5,0.00,39,0,39,0,0.0,0.0,0.0,0.0,0.0
2023-02-06T15:00,16.2,96,15.5,17.2,0.00,45,18,43,0,0.0,0.0,0.0,0.0,0.0
2023-02-06T16:00,16.2,96,15.5,17.0,0.00,73,39,60,0,0.0,0.0,0.0,0.0,0.0
2023-02-06T17:00,16.1,96,15.5,16.9,0.10,100,100,51,2,0.0,0.0,0.0,0.0,0.0
2023-02-06T18:00,16.1,97,15.7,17.6,0.10,100,100,73,47,0.0,0.0,0.0,0.0,0.0
2023-02-06T19:00,16.4,97,15.9,18.2,0.20,100,100,57,45,0.0,0.0,0.0,0.0,0.0
2023-02-06T20:00,16.6,96,15.9,18.4,0.30,99,95,87,9,0.0,0.0,0.0,0.0,0.0
2023-02-06T21:00,16.6,97,16.1,18.5,0.20,100,100,86,0,0.0,0.0,0.0,0.0,0.0
2023-02-06T22:00,16.7,97,16.2,18.6,0.10,100,100,97,0,0.0,0.0,0.0,0.0,0.0
2023-02-06T23:00,16.8,97,16.4,19.1,0.60,100,100,64,26,2.4,0.0,2.4,0.0,117.6
2023-02-07T00:00,18.7,93,17.6,20.7,0.20,92,25,3,0,72.7,17.0,55.7,57.2,418.0
2023-02-07T01:00,20.4,84,17.7,22.0,0.00,100,100,7,0,307.2,129.0,178.2,267.2,679.2
2023-02-07T02:00,20.8,82,17.6,22.2,0.10,100,100,15,0,273.9,14.6,259.4,23.2,883.2
2023-02-07T03:00,20.9,82,17.7,22.1,0.00,100,100,14,0,295.5,37.2,258.3,51.5,1016.3
2023-02-07T04:00,20.2,83,17.3,21.0,0.00,100,100,19,0,202.7,7.1,195.6,9.4,1069.4
2023-02-07T05:00,20.1,83,17.1,20.8,0.00,100,100,20,0,248.6,4.9,243.8,6.6,1038.8
2023-02-07T06:00,19.7,83,16.8,20.5,0.00,100,100,17,69,192.0,0.0,192.0,0.0,926.6
2023-02-07T07:00,19.4,83,16.4,19.9,0.00,100,100,10,4,133.2,0.0,133.2,0.0,740.5
2023-02-07T08:00,18.9,84,16.1,19.4,0.00,100,100,5,0,68.3,0.0,68.3,0.0,493.2
2023-02-07T09:00,18.5,84,15.7,18.6,0.00,100,100,2,0,27.0,0.0,27.0,0.0,201.5
2023-02-07T10:00,18.1,85,15.5,18.2,0.00,100,100,6,0,0.0,0.0,0.0,0.0,0.0
2023-02-07T11:00,18.0,85,15.5,18.1,0.00,100,100,4,0,0.0,0.0,0.0,0.0,0.0
2023-02-07T12:00,18.0,88,16.0,18.4,0.00,100,100,34,0,0.0,0.0,0.0,0.0,0.0
2023-02-07T13:00,18.0,87,15.9,18.4,0.00,100,100,58,0,0.0,0.0,0.0,0.0,0.0
2023-02-07T14:00,18.0,88,15.9,18.3,0.00,100,100,57,0,0.0,0.0,0.0,0.0,0.0
2023-02-07T15:00,18.0,87,15.8,18.2,0.00,100,100,68,0,0.0,0.0,0.0,0.0,0.0
2023-02-07T16:00,17.8,88,15.8,18.0,0.00,100,100,56,0,0.0,0.0,0.0,0.0,0.0
2023-02-07T17:00,17.7,89,15.9,17.8,0.00,100,100,51,0,0.0,0.0,0.0,0.0,0.0
2023-02-07T18:00,17.7,89,15.9,17.8,0.00,100,100,38,0,0.0,0.0,0.0,0.0,0.0
2023-02-07T19:00,17.7,88,15.8,17.8,0.00,100,100,57,0,0.0,0.0,0.0,0.0,0.0
2023-02-07T20:00,17.7,88,15.7,17.8,0.00,100,100,54,0,0.0,0.0,0.0,0.0,0.0
2023-02-07T21:00,17.7,88,15.7,17.7,0.20,100,100,48,0,0.0,0.0,0.0,0.0,0.0
2023-02-07T22:00,17.8,88,15.8,17.9,0.10,100,100,42,1,0.0,0.0,0.0,0.0,0.0
2023-02-07T23:00,17.9,89,16.0,18.0,0.00,100,100,24,0,7.2,0.0,7.2,0.0,120.7
2023-02-08T00:00,18.5,88,16.4,18.5,0.00,100,100,8,0,83.2,3.1,80.1,10.3,421.5
2023-02-08T01:00,19.6,83,16.7,19.0,0.00,85,84,6,0,227.1,49.1,178.0,101.1,683.0
2023-02-08T02:00,20.5,79,16.8,19.7,0.00,91,90,4,0,359.1,154.9,204.3,245.4,887.4
2023-02-08T03:00,21.2,76,16.9,20.5,0.00,94,94,4,0,411.3,161.5,249.7,222.5,1020.7
2023-02-08T04:00,21.0,78,17.0,20.3,0.00,100,100,6,0,354.5,114.1,240.4,149.4,1073.9
2023-02-08T05:00,21.5,76,17.1,20.9,0.00,89,88,7,0,384.8,131.2,253.6,176.8,1043.4
2023-02-08T06:00,21.5,77,17.4,21.0,0.00,94,94,10,0,354.1,155.5,198.6,234.9,931.1
2023-02-08T07:00,20.6,81,17.2,20.3,0.00,100,100,22,0,194.2,26.5,167.7,50.0,744.9
2023-02-08T08:00,20.0,83,17.1,19.8,0.00,100,100,34,0,113.7,6.4,107.3,18.0,497.3
2023-02-08T09:00,19.4,86,17.0,19.5,0.00,100,100,19,0,19.7,0.0,19.7,0.0,205.3
2023-02-08T10:00,19.2,88,17.1,19.5,0.00,99,99,13,0,0.0,0.0,0.0,0.0,0.0
2023-02-08T11:00,19.1,89,17.2,19.5,0.00,100,100,12,0,0.0,0.0,0.0,0.0,0.0
2023-02-08T12:00,19.0,89,17.2,19.2,0.00,100,94,2,0,0.0,0.0,0.0,0.0,0.0
2023-02-08T13:00,19.0,90,17.4,19.3,0.00,100,100,1,0,0.0,0.0,0.0,0.0,0.0
2023-02-08T14:00,19.2,90,17.6,19.9,0.00,71,69,5,0,0.0,0.0,0.0,0.0,0.0
2023-02-08T15:00,19.1,92,17.8,20.2,0.00,69,61,22,0,0.0,0.0,0.0,0.0,0.0
2023-02-08T16:00,18.8,94,17.9,20.4,0.00,78,68,31,0,0.0,0.0,0.0,0.0,0.0
2023-02-08T17:00,18.7,95,17.9,20.6,0.00,100,100,51,0,0.0,0.0,0.0,0.0,0.0
2023-02-08T18:00,18.4,97,17.8,20.4,0.10,100,100,61,0,0.0,0.0,0.0,0.0,0.0
2023-02-08T19:00,18.3,97,17.9,20.5,0.10,100,100,67,1,0.0,0.0,0.0,0.0,0.0
2023-02-08T20:00,18.1,97,17.7,20.3,0.00,100,100,56,0,0.0,0.0,0.0,0.0,0.0
2023-02-08T21:00,18.2,95,17.4,20.3,0.00,100,100,80,1,0.0,0.0,0.0,0.0,0.0
2023-02-08T22:00,18.2,94,17.2,20.3,0.00,100,100,37,0,0.0,0.0,0.0,0.0,0.0
2023-02-08T23:00,18.3,95,17.5,20.5,0.00,100,100,27,2,4.8,0.0,4.8,0.0,124.0
2023-02-09T00:00,18.8,94,17.8,21.1,0.00,100,100,13,0,55.2,0.0,55.2,0.0,425.2
2023-02-09T01:00,19.5,89,17.7,21.5,0.00,100,100,73,0,94.4,0.0,94.4,0.0,687.0
2023-02-09T02:00,20.0,88,17.9,22.6,0.00,100,100,6,1,135.7,0.0,135.7,0.0,891.6
2023-02-09T03:00,20.8,86,18.4,23.6,0.00,100,100,4,2,221.0,14.9,206.1,20.4,1025.2
2023-02-09T04:00,22.8,80,19.2,25.8,0.00,100,100,1,0,382.0,70.3,311.7,91.6,1078.5
2023-02-09T05:00,23.1,79,19.3,25.2,0.00,100,100,65,0,309.4,48.0,261.4,64.4,1048.0
2023-02-09T06:00,22.2,83,19.2,24.2,0.00,88,50,75,0,297.1,61.8,235.2,92.9,935.7
2023-02-09T07:00,20.4,87,18.2,21.9,0.00,21,8,15,0,151.9,5.3,146.6,9.9,749.3
2023-02-09T08:00,20.6,85,18.0,22.5,0.00,100,24,100,0,153.6,31.0,122.6,87.0,501.4
2023-02-09T09:00,19.4,89,17.5,21.2,0.00,36,36,1,0,32.7,0.0,32.7,0.0,209.1
2023-02-09T10:00,17.7,95,16.9,19.7,0.00,100,100,1,0,0.0,0.0,0.0,0.0,0.0
2023-02-09T11:00,16.6,98,16.4,18.4,0.00,100,100,1,0,0.0,0.0,0.0,0.0,0.0
2023-02-09T12:00,17.0,100,16.9,18.5,0.00,100,100,49,0,0.0,0.0,0.0,0.0,0.0
2023-02-09T13:00,17.1,100,17.0,18.8,0.00,100,100,76,0,0.0,0.0,0.0,0.0,0.0
2023-02-09T14:00,17.0,100,17.0,19.1,0.50,100,100,31,0,0.0,0.0,0.0,0.0,0.0
2023-02-09T15:00,17.0,100,16.9,19.2,0.10,100,100,26,0,0.0,0.0,0.0,0.0,0.0
2023-02-09T16:00,17.2,99,17.0,19.6,0.00,100,100,15,2,0.0,0.0,0.0,0.0,0.0
2023-02-09T17:00,16.9,99,16.8,19.2,0.00,100,100,17,6,0.0,0.0,0.0,0.0,0.0
2023-02-09T18:00,17.2,99,17.1,19.6,0.00,100,100,36,0,0.0,0.0,0.0,0.0,0.0
2023-02-09T19:00,17.3,99,17.2,19.7,0.00,100,100,29,0,0.0,0.0,0.0,0.0,0.0
2023-02-09T20:00,17.3,99,17.2,19.3,0.00,100,100,36,0,0.0,0.0,0.0,0.0,0.0
2023-02-09T21:00,17.5,97,17.0,19.5,0.00,100,100,23,0,0.0,0.0,0.0,0.0,0.0
2023-02-09T22:00,17.4,97,16.8,19.4,0.00,100,100,46,0,0.0,0.0,0.0,0.0,0.0
2023-02-09T23:00,17.4,96,16.7,19.7,0.00,100,100,43,0,4.7,0.0,4.7,0.0,127.4
2023-02-10T00:00,18.0,94,17.0,19.1,0.00,100,99,17,2,27.5,0.0,27.5,0.0,428.9
2023-02-10T01:00,19.1,87,16.8,19.6,0.00,100,100,59,0,149.4,6.1,143.3,12.5,691.1
2023-02-10T02:00,20.0,82,16.8,20.4,0.00,100,100,96,0,209.7,25.8,183.9,40.5,896.0
2023-02-10T03:00,18.9,85,16.4,19.3,0.40,100,100,59,0,87.1,0.0,87.1,0.0,1029.7
2023-02-10T04:00,18.5,86,16.1,18.6,0.10,100,98,84,0,130.4,0.0,130.4,0.0,1083.1
2023-02-10T05:00,19.0,84,16.2,18.5,0.00,94,48,89,0,279.1,64.6,214.4,86.3,1052.6
2023-02-10T06:00,19.4,79,15.8,18.8,0.20,100,100,92,0,284.9,45.9,239.0,68.6,940.2
2023-02-10T07:00,18.7,82,15.6,18.2,0.20,100,100,51,0,175.0,11.5,163.5,21.4,753.6
2023-02-10T08:00,17.8,85,15.2,17.3,0.00,100,100,99,0,70.2,0.0,70.2,0.0,505.5
2023-02-10T09:00,17.2,87,15.0,16.7,0.00,100,100,80,0,21.2,0.0,21.2,0.0,212.9
2023-02-10T10:00,17.0,86,14.6,16.3,0.00,100,100,77,3,0.0,0.0,0.0,0.0,0.0
2023-02-10T11:00,16.9,87,14.6,16.1,0.00,100,100,66,0,0.0,0.0,0.0,0.0,0.0
2023-02-10T12:00,16.9,88,14.9,16.3,0.00,100,100,91,0,0.0,0.0,0.0,0.0,0.0
2023-02-10T13:00,17.1,88,15.0,16.4,0.00,93,90,26,0,0.0,0.0,0.0,0.0,0.0
2023-02-10T14:00,17.1,89,15.2,16.4,0.00,96,95,22,0,0.0,0.0,0.0,0.0,0.0
2023-02-10T15:00,17.5,88,15.5,16.8,0.00,100,100,100,0,0.0,0.0,0.0,0.0,0.0
2023-02-10T16:00,17.8,88,15.8,17.4,0.00,100,100,100,0,0.0,0.0,0.0,0.0,0.0
2023-02-10T17:00,18.0,89,16.2,17.8,0.10,96,88,70,0,0.0,0.0,0.0,0.0,0.0
2023-02-10T18:00,18.3,89,16.5,18.3,0.40,99,60,99,0,0.0,0.0,0.0,0.0,0.0
2023-02-10T19:00,18.3,91,16.7,18.7,1.50,100,100,11,0,0.0,0.0,0.0,0.0,0.0
2023-02-10T20:00,18.5,91,17.0,18.9,0.00,61,57,15,0,0.0,0.0,0.0,0.0,0.0
2023-02-10T21:00,18.7,91,17.2,19.1,0.00,67,64,10,0,0.0,0.0,0.0,0.0,0.0
2023-02-10T22:00,18.6,92,17.3,19.5,0.00,73,66,24,0,0.0,0.0,0.0,0.0,0.0
2023-02-10T23:00,18.6,92,17.4,19.9,0.00,44,25,27,0,14.2,0.0,14.2,0.0,130.9
2023-02-11T00:00,20.6,86,18.2,22.1,0.00,98,20,6,0,167.4,63.9,103.5,207.5,432.8
2023-02-11T01:00,22.9,79,19.0,25.1,0.00,53,23,41,0,307.1,145.6,161.5,294.2,695.3
2023-02-11T02:00,24.3,73,19.2,27.1,0.00,3,0,3,0,520.1,323.9,196.1,505.4,900.4
2023-02-11T03:00,24.9,72,19.4,27.8,0.00,18,1,17,0,706.3,574.6,131.7,780.4,1034.3
2023-02-11T04:00,24.1,76,19.7,26.3,0.00,54,20,42,0,650.8,459.3,191.5,593.2,1087.8
2023-02-11T05:00,23.1,79,19.3,25.1,0.00,97,11,96,0,436.8,156.7,280.1,208.2,1057.2
2023-02-11T06:00,22.6,81,19.2,24.7,0.00,93,12,92,0,369.4,134.1,235.3,199.3,944.7
2023-02-11T07:00,21.9,83,19.0,24.0,0.00,18,18,0,0,274.1,68.1,206.0,126.2,758.0
2023-02-11T08:00,21.4,84,18.7,23.5,0.00,38,38,1,0,256.3,151.7,104.6,418.1,509.6
2023-02-11T09:00,20.4,86,18.0,22.6,0.00,28,28,0,0,89.9,40.2,49.7,260.9,216.6
2023-02-11T10:00,18.4,94,17.5,20.4,0.00,36,36,0,0,0.0,0.0,0.0,0.0,0.0
2023-02-11T11:00,18.6,92,17.4,20.7,0.00,55,55,0,0,0.0,0.0,0.0,0.0,0.0
2023-02-11T12:00,18.6,95,17.9,20.4,0.00,41,51,7,0,0.0,0.0,0.0,0.0,0.0
2023-02-11T13:00,18.4,96,17.7,19.8,0.00,56,56,0,0,0.0,0.0,0.0,0.0,0.0
2023-02-11T14:00,18.4,95,17.6,19.5,0.00,49,49,1,0,0.0,0.0,0.0,0.0,0.0
2023-02-11T15:00,18.6,95,17.7,19.4,0.00,11,10,0,0,0.0,0.0,0.0,0.0,0.0
2023-02-11T16:00,18.7,95,17.8,19.5,0.00,28,28,0,0,0.0,0.0,0.0,0.0,0.0
2023-02-11T17:00,18.9,95,18.0,19.8,0.00,85,85,0,0,0.0,0.0,0.0,0.0,0.0
2023-02-11T18:00,19.1,95,18.3,20.4,0.00,88,88,0,0,0.0,0.0,0.0,0.0,0.0
2023-02-11T19:00,19.3,95,18.5,21.2,0.00,77,77,0,0,0.0,0.0,0.0,0.0,0.0
2023-02-11T20:00,19.1,95,18.4,21.6,0.00,48,48,0,0,0.0,0.0,0.0,0.0,0.0
2023-02-11T21:00,19.3,95,18.6,22.0,0.00,6,6,0,0,0.0,0.0,0.0,0.0,0.0
2023-02-11T22:00,17.9,98,17.7,20.1,0.00,9,9,0,0,0.0,0.0,0.0,0.0,0.0
2023-02-11T23:00,17.3,100,17.3,19.6,0.00,100,100,0,0,18.8,4.7,14.1,49.0,134.6
2023-02-12T00:00,18.1,98,17.8,20.7,0.00,99,100,0,0,175.8,92.4,83.3,297.2,436.8
2023-02-12T01:00,19.9,91,18.3,22.7,0.00,100,100,0,0,310.4,107.6,202.9,215.9,699.6
2023-02-12T02:00,22.0,84,19.2,25.3,0.00,22,22,0,0,578.1,414.5,163.6,643.3,904.9
2023-02-12T03:00,24.6,74,19.7,29.2,0.00,0,0,0,0,726.3,607.4,118.9,821.0,1039.0
2023-02-12T04:00,26.9,66,19.9,31.5,0.00,1,1,0,0,754.6,616.1,138.5,792.0,1092.5
2023-02-12T05:00,27.8,58,18.7,30.7,0.00,3,3,0,0,707.1,540.6,166.5,714.9,1061.9
2023-02-12T06:00,24.6,78,20.5,27.0,0.00,41,36,8,0,585.2,429.5,155.7,635.3,949.3
2023-02-12T07:00,22.7,84,19.9,25.1,0.00,48,47,2,0,367.2,177.8,189.3,327.6,762.3
2023-02-12T08:00,21.9,85,19.4,24.4,0.00,63,54,19,0,212.6,86.3,126.3,236.0,513.7
2023-02-12T09:00,20.7,89,18.8,23.2,0.00,41,40,2,0,78.0,35.1,42.9,223.9,220.4
2023-02-12T10:00,19.3,95,18.4,22.0,0.00,68,48,37,0,0.0,0.0,0.0,0.0,0.0
2023-02-12T11:00,18.7,98,18.3,21.7,0.00,56,51,11,0,0.0,0.0,0.0,0.0,0.0
2023-02-12T12:00,19.0,99,18.9,22.1,0.00,100,100,0,0,0.0,0.0,0.0,0.0,0.0
2023-02-12T13:00,18.7,99,18.6,21.8,0.00,99,99,6,0,0.0,0.0,0.0,0.0,0.0
2023-02-12T14:00,18.5,99,18.3,21.3,0.00,83,82,6,0,0.0,0.0,0.0,0.0,0.0
2023-02-12T15:00,18.5,97,18.0,21.0,0.00,52,50,4,0,0.0,0.0,0.0,0.0,0.0
2023-02-12T16:00,18.0,99,17.8,20.4,0.00,100,100,0,0,0.0,0.0,0.0,0.0,0.0
2023-02-12T17:00,17.8,100,17.8,20.2,0.00,100,100,0,0,0.0,0.0,0.0,0.0,0.0
2023-02-12T18:00,18.1,99,17.9,20.5,0.00,100,100,0,0,0.0,0.0,0.0,0.0,0.0
2023-02-12T19:00,18.5,98,18.2,21.1,0.00,100,100,0,0,0.0,0.0,0.0,0.0,0.0
2023-02-12T20:00,18.8,98,18.4,21.7,0.00,64,64,0,0,0.0,0.0,0.0,0.0,0.0
2023-02-12T21:00,18.4,98,18.1,21.2,0.00,100,100,0,0,0.0,0.0,0.0,0.0,0.0
2023-02-12T22:00,18.9,97,18.5,21.9,0.00,100,100,0,0,0.0,0.0,0.0,0.0,0.0
2023-02-12T23:00,19.6,95,18.8,22.7,0.00,97,96,10,0,14.0,2.3,11.7,23.7,138.4
2023-02-13T00:00,21.3,91,19.9,24.8,0.00,72,53,5,0,128.3,42.2,86.0,134.5,440.9
2023-02-13T01:00,23.1,86,20.6,27.2,0.00,27,27,0,0,379.7,227.1,152.6,452.8,703.9
2023-02-13T02:00,24.9,79,21.1,28.6,0.00,11,10,0,0,585.6,438.9,146.7,677.5,909.5
2023-02-13T03:00,26.5,75,21.7,30.8,0.00,27,24,5,0,721.9,592.4,129.5,796.8,1043.7
2023-02-13T04:00,27.0,73,21.8,30.8,0.10,37,18,23,0,773.9,646.6,127.3,827.3,1097.2
2023-02-13T05:00,25.5,78,21.4,28.7,0.00,50,47,5,0,702.2,566.1,136.1,745.0,1066.6
2023-02-13T06:00,21.7,88,19.6,23.2,0.10,98,98,19,0,329.2,105.1,224.2,154.6,953.8
2023-02-13T07:00,19.5,84,16.7,19.4,0.10,100,100,35,0,103.6,0.0,103.6,0.0,766.6
2023-02-13T08:00,18.5,83,15.7,18.7,0.20,100,100,28,0,84.9,3.2,81.7,8.7,517.7
2023-02-13T09:00,17.7,84,14.9,18.0,0.30,100,100,29,0,24.6,0.6,24.0,3.8,224.1
2023-02-13T10:00,17.1,84,14.4,17.0,0.10,100,100,23,0,0.0,0.0,0.0,0.0,0.0
2023-02-13T11:00,16.6,84,13.9,16.3,0.00,100,100,31,0,0.0,0.0,0.0,0.0,0.0
2023-02-13T12:00,16.5,84,13.8,16.3,0.00,100,100,20,0,0.0,0.0,0.0,0.0,0.0
2023-02-13T13:00,16.0,83,13.1,15.4,0.00,100,100,34,0,0.0,0.0,0.0,0.0,0.0
2023-02-13T14:00,15.7,83,12.8,15.3,0.10,100,100,30,0,0.0,0.0,0.0,0.0,0.0
2023-02-13T15:00,15.4,83,12.6,15.1,0.10,100,100,40,0,0.0,0.0,0.0,0.0,0.0
2023-02-13T16:00,15.4,83,12.6,15.1,0.00,100,100,100,0,0.0,0.0,0.0,0.0,0.0
2023-02-13T17:00,15.2,84,12.5,14.8,0.00,100,100,96,0,0.0,0.0,0.0,0.0,0.0
2023-02-13T18:00,15.0,83,12.2,14.6,0.00,100,100,100,0,0.0,0.0,0.0,0.0,0.0
2023-02-13T19:00,14.6,83,11.8,13.9,0.20,100,100,97,0,0.0,0.0,0.0,0.0,0.0
2023-02-13T20:00,14.3,83,11.5,13.6,0.20,100,100,100,0,0.0,0.0,0.0,0.0,0.0
2023-02-13T21:00,14.1,82,11.1,13.2,0.20,100,100,100,0,0.0,0.0,0.0,0.0,0.0
2023-02-13T22:00,13.7,83,10.8,12.4,0.20,100,100,100,0,0.0,0.0,0.0,0.0,0.0
2023-02-13T23:00,13.4,82,10.4,12.1,0.10,100,100,100,0,4.6,0.0,4.6,0.0,142.3
2023-02-14T00:00,13.5,82,10.6,12.2,0.20,100,100,100,0,18.0,0.0,18.0,0.0,445.1
2023-02-14T01:00,13.5,81,10.4,12.1,0.10,100,100,100,0,51.2,0.0,51.2,0.0,708.4
2023-02-14T02:00,13.9,81,10.7,12.1,0.20,100,100,100,0,128.7,15.7,113.0,24.1,914.2
2023-02-14T03:00,13.8,81,10.5,11.9,0.10,98,95,67,0,143.3,2.1,141.2,2.8,1048.4
2023-02-14T04:00,14.1,80,10.6,11.9,0.00,100,100,46,0,213.8,7.1,206.7,9.1,1102.0
2023-02-14T05:00,14.0,78,10.3,11.9,0.00,100,100,33,0,207.6,12.7,194.9,16.7,1071.3
2023-02-14T06:00,13.8,77,9.9,11.5,0.00,100,100,33,0,214.8,15.9,198.9,23.4,958.3
2023-02-14T07:00,13.3,78,9.6,11.2,0.00,100,100,18,0,123.1,6.2,116.9,11.3,770.9
2023-02-14T08:00,13.1,79,9.6,10.9,0.00,100,100,4,0,90.6,2.4,88.2,6.5,521.7
2023-02-14T09:00,12.8,79,9.3,10.9,0.00,100,100,73,0,36.2,6.0,30.1,37.1,227.8
2023-02-14T10:00,12.6,79,9.1,11.0,0.00,100,100,54,0,0.0,0.0,0.0,0.0,0.0
2023-02-14T11:00,12.5,78,8.8,11.1,0.00,100,100,34,0,0.0,0.0,0.0,0.0,0.0
2023-02-14T12:00,13.2,80,9.8,12.0,0.00,100,100,75,0,0.0,0.0,0.0,0.0,0.0
2023-02-14T13:00,13.1,79,9.5,11.7,0.00,100,100,79,0,0.0,0.0,0.0,0.0,0.0
2023-02-14T14:00,12.9,78,9.2,11.5,0.00,100,100,100,0,0.0,0.0,0.0,0.0,0.0
2023-02-14T15:00,12.8,77,8.8,11.3,0.00,100,100,100,0,0.0,0.0,0.0,0.0,0.0
2023-02-14T16:00,12.6,76,8.4,10.9,0.00,100,100,83,0,0.0,0.0,0.0,0.0,0.0
2023-02-14T17:00,12.4,75,8.0,10.7,0.00,100,100,100,0,0.0,0.0,0.0,0.0,0.0
2023-02-14T18:00,12.2,72,7.2,10.1,0.00,100,100,99,0,0.0,0.0,0.0,0.0,0.0
2023-02-14T19:00,12.0,69,6.5,9.9,0.00,100,100,100,0,0.0,0.0,0.0,0.0,0.0
2023-02-14T20:00,11.9,68,6.2,9.9,0.00,96,95,29,0,0.0,0.0,0.0,0.0,0.0
2023-02-14T21:00,11.4,71,6.3,9.5,0.00,99,99,26,0,0.0,0.0,0.0,0.0,0.0
2023-02-14T22:00,11.1,70,5.9,9.2,0.00,67,55,27,0,0.0,0.0,0.0,0.0,0.0
2023-02-14T23:00,11.1,73,6.4,9.4,0.00,93,92,12,0,18.5,2.3,16.2,22.2,146.3
2023-02-15T00:00,12.3,64,5.7,9.2,0.00,100,100,7,0,133.1,43.4,89.8,135.4,449.4
2023-02-15T01:00,12.8,62,5.6,9.6,0.00,100,100,0,0,205.8,56.0,149.8,110.2,712.9
2023-02-15T02:00,13.4,62,6.2,10.2,0.00,100,100,0,0,356.8,116.3,240.5,177.6,918.9
2023-02-15T03:00,13.4,62,6.3,10.2,0.00,100,100,2,0,353.3,36.1,317.3,48.1,1053.2
2023-02-15T04:00,14.0,61,6.7,10.7,0.00,100,100,11,0,469.4,127.3,342.1,161.3,1106.8
2023-02-15T05:00,13.9,61,6.6,10.7,0.00,100,100,12,0,441.7,150.8,290.9,196.6,1076.0
2023-02-15T06:00,14.1,58,5.9,10.7,0.00,65,65,4,0,431.6,157.6,274.0,229.6,962.9
2023-02-15T07:00,13.9,59,6.1,10.4,0.00,79,79,0,0,398.7,205.6,193.2,372.0,775.2
2023-02-15T08:00,12.7,66,6.4,9.2,0.00,100,100,3,0,193.4,61.0,132.4,162.7,525.7
2023-02-15T09:00,12.4,63,5.6,9.3,0.00,69,69,1,0,56.4,7.9,48.5,47.8,231.4
2023-02-15T10:00,11.9,66,5.6,9.7,0.00,100,100,0,0,0.0,0.0,0.0,0.0,0.0
2023-02-15T11:00,12.2,65,5.7,10.0,0.00,97,97,3,0,0.0,0.0,0.0,0.0,0.0
2023-02-15T12:00,12.4,64,5.9,10.2,0.00,100,100,1,0,0.0,0.0,0.0,0.0,0.0
2023-02-15T13:00,12.6,63,5.8,10.1,0.00,80,80,4,0,0.0,0.0,0.0,0.0,0.0
2023-02-15T14:00,12.5,63,5.6,9.7,0.00,100,100,3,0,0.0,0.0,0.0,0.0,0.0
2023-02-15T15:00,12.6,63,5.9,9.8,0.00,100,100,3,0,0.0,0.0,0.0,0.0,0.0
2023-02-15T16:00,12.5,64,5.9,9.8,0.00,100,100,7,0,0.0,0.0,0.0,0.0,0.0
2023-02-15T17:00,12.8,64,6.1,9.9,0.00,100,100,11,0,0.0,0.0,0.0,0.0,0.0
2023-02-15T18:00,12.9,65,6.5,10.1,0.00,100,100,10,0,0.0,0.0,0.0,0.0,0.0
2023-02-15T19:00,12.7,67,6.7,10.1,0.00,100,100,12,0,0.0,0.0,0.0,0.0,0.0
2023-02-15T20:00,12.6,70,7.3,10.3,0.00,100,100,16,0,0.0,0.0,0.0,0.0,0.0
2023-02-15T21:00,12.8,69,7.2,10.2,0.00,87,87,12,0,0.0,0.0,0.0,0.0,0.0
2023-02-15T22:00,12.6,72,7.8,10.4,0.00,100,100,8,0,0.0,0.0,0.0,0.0,0.0
2023-02-15T23:00,12.6,76,8.4,10.0,0.00,84,84,9,0,16.1,0.0,16.1,0.0,150.4
2023-02-16T00:00,13.5,72,8.7,10.8,0.00,100,54,4,0,153.4,49.2,104.3,151.9,453.8
2023-02-16T01:00,14.9,64,8.1,11.2,0.00,72,72,4,0,364.9,176.4,188.5,344.7,717.5
2023-02-16T02:00,15.7,62,8.3,11.7,0.00,100,100,0,0,471.8,196.8,275.0,298.7,923.6
2023-02-16T03:00,16.2,63,9.1,12.4,0.00,100,100,0,0,454.0,124.1,329.9,164.5,1058.0
2023-02-16T04:00,16.6,61,9.1,13.0,0.00,100,100,0,0,424.5,124.2,300.3,156.7,1111.6
2023-02-16T05:00,16.9,60,9.2,13.3,0.00,100,100,0,0,486.8,157.7,329.1,204.6,1080.6
2023-02-16T06:00,17.0,61,9.4,13.5,0.00,100,100,0,0,416.7,108.9,307.8,157.8,967.3
2023-02-16T07:00,16.6,63,9.5,13.3,0.00,100,100,0,0,308.5,72.7,235.8,130.8,779.4
2023-02-16T08:00,16.0,67,10.0,13.1,0.00,100,100,1,0,176.0,35.4,140.6,93.6,529.6
2023-02-16T09:00,15.4,71,10.2,12.8,0.00,100,100,1,0,64.0,6.7,57.3,40.0,235.1
2023-02-16T10:00,14.8,74,10.2,12.6,0.00,100,100,2,0,0.0,0.0,0.0,0.0,0.0
2023-02-16T11:00,14.8,74,10.2,12.7,0.00,57,57,2,0,0.0,0.0,0.0,0.0,0.0
2023-02-16T12:00,15.2,71,10.0,12.6,0.00,25,64,3,0,0.0,0.0,0.0,0.0,0.0
2023-02-16T13:00,15.0,72,9.9,12.5,0.00,36,36,0,0,0.0,0.0,0.0,0.0,0.0
2023-02-16T14:00,14.7,73,9.9,12.5,0.00,22,22,1,0,0.0,0.0,0.0,0.0,0.0
2023-02-16T15:00,14.5,73,9.7,12.5,0.00,27,27,1,0,0.0,0.0,0.0,0.0,0.0
2023-02-16T16:00,14.6,72,9.6,12.6,0.00,21,19,6,0,0.0,0.0,0.0,0.0,0.0
2023-02-16T17:00,14.7,72,9.7,12.6,0.00,26,15,14,0,0.0,0.0,0.0,0.0,0.0
2023-02-16T18:00,14.4,74,9.8,12.4,0.00,14,3,12,0,0.0,0.0,0.0,0.0,0.0
2023-02-16T19:00,14.3,74,9.8,12.2,0.00,18,7,2,10,0.0,0.0,0.0,0.0,0.0
2023-02-16T20:00,14.4,76,10.2,12.3,0.00,8,6,2,0,0.0,0.0,0.0,0.0,0.0
2023-02-16T21:00,14.5,76,10.3,12.6,0.00,35,22,34,0,0.0,0.0,0.0,0.0,0.0
2023-02-16T22:00,14.3,77,10.4,12.7,0.00,58,50,54,7,0.0,0.0,0.0,0.0,0.0
2023-02-16T23:00,14.5,78,10.7,13.1,0.00,22,2,2,19,27.5,9.2,18.3,83.1,154.7
2023-02-17T00:00,16.4,73,11.6,15.5,0.00,18,0,12,0,231.3,139.4,91.9,426.4,458.3
2023-02-17T01:00,19.0,66,12.5,19.0,0.00,8,0,8,0,346.2,211.4,134.9,410.3,722.2
2023-02-17T02:00,20.6,61,12.9,20.3,0.00,1,0,1,0,598.9,451.4,147.5,681.6,928.4
2023-02-17T03:00,21.9,57,13.1,22.0,0.00,4,1,4,0,739.2,605.6,133.6,798.6,1062.8
2023-02-17T04:00,22.7,58,14.1,23.7,0.00,6,4,2,0,803.2,674.9,128.3,847.4,1116.3
2023-02-17T05:00,23.6,54,13.8,25.1,0.00,51,50,1,0,764.0,626.9,137.1,809.6,1085.3
2023-02-17T06:00,23.4,53,13.4,25.4,0.00,100,100,1,0,664.6,532.2,132.4,767.6,971.8
2023-02-17T07:00,22.5,60,14.2,23.5,0.00,17,12,6,0,385.8,204.9,180.9,366.4,783.6
2023-02-17T08:00,21.8,65,14.9,23.2,0.00,5,3,2,0,296.9,188.3,108.6,494.5,533.5
2023-02-17T09:00,20.4,75,15.9,22.1,0.00,3,1,2,0,127.0,81.6,45.4,479.0,238.7
2023-02-17T10:00,16.7,89,14.9,17.5,0.00,0,0,0,0,0.0,0.0,0.0,0.0,0.0
2023-02-17T11:00,15.2,93,14.1,15.7,0.00,1,0,0,1,0.0,0.0,0.0,0.0,0.0
2023-02-17T12:00,14.4,97,14.0,15.2,0.00,0,27,2,0,0.0,0.0,0.0,0.0,0.0
2023-02-17T13:00,15.0,95,14.2,15.4,0.00,3,3,0,0,0.0,0.0,0.0,0.0,0.0
2023-02-17T14:00,16.3,88,14.3,16.5,0.00,5,5,0,0,0.0,0.0,0.0,0.0,0.0
2023-02-17T15:00,16.7,88,14.7,17.2,0.00,3,3,0,0,0.0,0.0,0.0,0.0,0.0
2023-02-17T16:00,16.0,88,14.0,16.3,0.00,1,1,0,0,0.0,0.0,0.0,0.0,0.0
2023-02-17T17:00,15.1,88,13.1,15.2,0.00,2,2,0,0,0.0,0.0,0.0,0.0,0.0
2023-02-17T18:00,14.1,90,12.4,13.7,0.00,17,2,0,15,0.0,0.0,0.0,0.0,0.0
2023-02-17T19:00,14.1,87,11.9,13.5,0.00,2,2,0,0,0.0,0.0,0.0,0.0,0.0
2023-02-17T20:00,15.7,81,12.4,15.6,0.00,2,2,0,0,0.0,0.0,0.0,0.0,0.0
2023-02-17T21:00,15.5,82,12.4,16.1,0.00,3,3,0,0,0.0,0.0,0.0,0.0,0.0
2023-02-17T22:00,15.9,80,12.5,16.2,0.00,3,3,0,0,0.0,0.0,0.0,0.0,0.0
2023-02-17T23:00,14.9,86,12.5,14.7,0.00,2,2,0,0,32.0,11.4,20.5,100.6,158.9
2023-02-18T00:00,16.2,90,14.6,16.8,0.00,26,7,1,20,240.7,158.0,82.7,478.3,462.8
2023-02-18T01:00,19.7,76,15.2,20.8,0.00,23,6,1,18,425.9,300.9,125.0,580.0,726.9
2023-02-18T02:00,22.9,68,16.7,24.7,0.00,81,4,4,80,625.4,502.5,122.8,754.5,933.2
2023-02-18T03:00,24.9,60,16.5,27.1,0.00,59,7,8,55,735.8,591.6,144.2,776.4,1067.7
2023-02-18T04:00,25.9,56,16.4,28.3,0.00,63,0,9,59,775.6,609.7,165.9,761.9,1121.1
2023-02-18T05:00,26.2,54,16.2,28.8,0.00,80,10,2,77,759.2,603.4,155.7,775.6,1089.9
2023-02-18T06:00,26.2,54,16.1,29.0,0.00,14,12,2,0,663.8,507.0,156.8,727.6,976.2
2023-02-18T07:00,25.8,56,16.4,27.7,0.00,42,27,4,18,512.0,386.9,125.1,688.0,787.8
2023-02-18T08:00,24.9,62,17.0,26.6,0.00,24,16,0,10,327.8,239.2,88.6,623.6,537.4
2023-02-18T09:00,23.4,73,18.4,26.1,0.00,2,1,0,0,130.7,86.9,43.8,502.8,242.2
2023-02-18T10:00,20.7,76,16.3,21.7,0.00,1,0,0,0,0.0,0.0,0.0,0.0,0.0
2023-02-18T11:00,19.3,81,16.0,20.2,0.00,1,1,1,0,0.0,0.0,0.0,0.0,0.0
2023-02-18T12:00,18.2,88,16.1,19.3,0.00,1,0,0,0,0.0,0.0,0.0,0.0,0.0
2023-02-18T13:00,18.2,88,16.1,19.3,0.00,0,0,0,0,0.0,0.0,0.0,0.0,0.0
2023-02-18T14:00,17.7,89,15.9,18.8,0.00,23,0,0,23,0.0,0.0,0.0,0.0,0.0
2023-02-18T15:00,17.2,91,15.7,18.3,0.00,21,2,0,20,0.0,0.0,0.0,0.0,0.0
2023-02-18T16:00,16.0,94,15.0,16.6,0.00,5,5,0,0,0.0,0.0,0.0,0.0,0.0
2023-02-18T17:00,15.6,95,14.8,16.1,0.00,20,9,0,12,0.0,0.0,0.0,0.0,0.0
2023-02-18T18:00,16.8,93,15.6,18.3,0.00,81,11,0,78,0.0,0.0,0.0,0.0,0.0
2023-02-18T19:00,15.5,93,14.5,15.9,0.00,93,12,0,92,0.0,0.0,0.0,0.0,0.0
2023-02-18T20:00,13.5,100,13.5,13.6,0.00,45,13,0,36,0.0,0.0,0.0,0.0,0.0
2023-02-18T21:00,15.0,100,15.0,16.6,0.00,100,100,0,93,0.0,0.0,0.0,0.0,0.0
2023-02-18T22:00,15.0,97,14.4,16.1,0.00,100,94,0,100,0.0,0.0,0.0,0.0,0.0
2023-02-18T23:00,14.7,99,14.6,15.8,0.00,100,100,0,59,25.0,6.8,18.2,58.5,163.3
2023-02-19T00:00,16.3,98,15.9,17.6,0.00,100,100,0,98,158.8,63.2,95.6,189.4,467.4
2023-02-19T01:00,17.8,94,16.7,19.6,0.00,100,100,0,98,230.3,86.0,144.2,164.7,731.7
2023-02-19T02:00,19.9,84,17.2,21.7,0.10,99,90,7,89,181.9,19.0,163.0,28.3,938.0
2023-02-19T03:00,20.4,81,17.0,20.1,0.30,99,95,0,82,397.5,114.5,283.0,149.5,1072.5
2023-02-19T04:00,19.5,78,15.6,18.4,0.10,100,100,17,97,219.8,11.2,208.6,13.9,1125.9
2023-02-19T05:00,18.6,80,15.1,17.3,0.10,100,100,1,98,224.3,13.7,210.6,17.5,1094.5
2023-02-19T06:00,18.1,82,14.9,16.8,0.10,100,100,3,97,235.7,15.0,220.7,21.5,980.6
2023-02-19T07:00,17.8,81,14.5,16.4,0.10,100,100,3,98,197.9,8.0,190.0,14.1,791.9
2023-02-19T08:00,16.9,82,13.7,15.2,0.10,100,100,25,99,86.3,4.0,82.3,10.4,541.2
2023-02-19T09:00,16.4,83,13.4,14.8,0.10,100,100,42,100,40.3,3.1,37.2,17.7,245.7
2023-02-19T10:00,16.0,82,12.9,14.4,0.10,100,100,100,100,0.0,0.0,0.0,0.0,0.0
2023-02-19T11:00,15.8,83,13.0,14.4,0.10,100,100,100,100,0.0,0.0,0.0,0.0,0.0
2023-02-19T12:00,15.7,84,12.9,14.3,0.10,100,100,100,100,0.0,0.0,0.0,0.0,0.0
2023-02-19T13:00,15.8,82,12.7,14.4,0.10,100,100,100,98,0.0,0.0,0.0,0.0,0.0
2023-02-19T14:00,15.7,81,12.5,14.2,0.10,100,100,100,76,0.0,0.0,0.0,0.0,0.0
2023-02-19T15:00,15.6,80,12.1,13.9,0.00,100,100,100,99,0.0,0.0,0.0,0.0,0.0
2023-02-19T16:00,15.5,76,11.3,13.5,0.00,100,100,100,96,0.0,0.0,0.0,0.0,0.0
2023-02-19T17:00,15.4,73,10.5,13.1,0.00,100,100,100,99,0.0,0.0,0.0,0.0,0.0
2023-02-19T18:00,15.1,72,10.1,12.6,0.00,100,84,99,100,0.0,0.0,0.0,0.0,0.0
2023-02-19T19:00,14.7,71,9.5,12.3,0.00,100,97,100,100,0.0,0.0,0.0,0.0,0.0
2023-02-19T20:00,14.2,71,9.1,11.8,0.00,100,69,0,100,0.0,0.0,0.0,0.0,0.0
2023-02-19T21:00,13.8,70,8.3,11.4,0.00,100,43,25,100,0.0,0.0,0.0,0.0,0.0
2023-02-19T22:00,13.5,69,8.0,11.4,0.00,100,23,22,100,0.0,0.0,0.0,0.0,0.0
2023-02-19T23:00,13.2,72,8.3,11.3,0.00,99,40,17,98,29.4,4.5,24.9,37.8,167.7
2023-02-20T00:00,14.4,68,8.6,11.8,0.00,97,73,10,100,180.0,79.0,101.0,234.4,472.1
2023-02-20T01:00,15.1,64,8.4,11.8,0.00,100,73,4,100,306.2,135.6,170.7,257.7,736.4
2023-02-20T02:00,15.5,63,8.4,11.9,0.00,98,94,0,76,393.8,175.1,218.6,260.0,942.9
2023-02-20T03:00,16.1,62,8.7,12.6,0.00,100,100,0,90,512.9,181.2,331.7,235.5,1077.3
2023-02-20T04:00,16.1,62,8.8,12.4,0.00,100,100,0,30,458.9,127.2,331.7,157.5,1130.6
2023-02-20T05:00,15.7,64,8.8,12.1,0.00,100,100,0,22,292.9,49.0,243.9,62.4,1099.1
2023-02-20T06:00,15.9,64,9.0,12.2,0.00,100,100,0,65,364.4,95.8,268.6,136.1,985.0
2023-02-20T07:00,15.5,66,9.2,12.1,0.00,100,100,4,100,213.1,14.2,198.9,25.0,796.0
2023-02-20T08:00,15.4,67,9.3,12.1,0.00,100,100,11,100,153.4,29.9,123.5,76.7,545.0
2023-02-20T09:00,14.9,71,9.6,12.2,0.00,100,98,10,99,61.0,11.8,49.2,66.5,249.2
2023-02-20T10:00,14.3,73,9.6,12.0,0.00,100,100,17,99,0.0,0.0,0.0,0.0,0.0
2023-02-20T11:00,14.4,73,9.7,12.0,0.00,100,100,28,90,0.0,0.0,0.0,0.0,0.0
2023-02-20T12:00,14.1,74,9.5,11.7,0.00,100,100,32,95,0.0,0.0,0.0,0.0,0.0
2023-02-20T13:00,14.6,70,9.2,11.7,0.00,99,88,78,90,0.0,0.0,0.0,0.0,0.0
2023-02-20T14:00,14.2,72,9.3,11.5,0.00,100,100,82,100,0.0,0.0,0.0,0.0,0.0
2023-02-20T15:00,14.5,67,8.6,12.0,0.00,100,100,55,81,0.0,0.0,0.0,0.0,0.0
2023-02-20T16:00,14.0,73,9.3,11.9,0.10,100,100,81,73,0.0,0.0,0.0,0.0,0.0
2023-02-20T17:00,14.3,69,8.6,11.8,0.00,100,100,74,70,0.0,0.0,0.0,0.0,0.0
2023-02-20T18:00,13.9,73,9.1,11.3,0.00,100,100,98,79,0.0,0.0,0.0,0.0,0.0
2023-02-20T19:00,14.2,69,8.7,11.6,0.00,100,98,94,85,0.0,0.0,0.0,0.0,0.0
2023-02-20T20:00,13.4,80,10.1,11.4,0.10,100,100,91,54,0.0,0.0,0.0,0.0,0.0
2023-02-20T21:00,13.6,80,10.3,11.3,0.20,99,95,99,0,0.0,0.0,0.0,0.0,0.0
2023-02-20T22:00,13.6,80,10.3,11.1,0.10,97,95,67,23,0.0,0.0,0.0,0.0,0.0
2023-02-20T23:00,13.5,81,10.3,11.2,0.20,100,99,100,20,20.3,2.3,18.1,18.3,172.3
2023-02-21T00:00,14.0,75,9.6,11.2,0.00,63,86,81,60,72.9,0.0,72.9,0.0,476.8
2023-02-21T01:00,14.5,72,9.5,11.1,0.00,100,100,99,94,203.1,33.8,169.2,63.9,741.3
2023-02-21T02:00,14.7,70,9.3,10.7,0.10,100,96,98,96,200.7,25.6,175.0,37.9,947.8
2023-02-21T03:00,15.3,70,9.8,11.2,0.10,100,71,70,100,386.7,116.5,270.1,150.7,1082.2
2023-02-21T04:00,14.2,76,10.0,10.2,0.20,100,100,99,98,254.4,22.4,232.0,27.6,1135.3
2023-02-21T05:00,14.7,73,9.8,10.7,0.10,100,100,99,95,353.6,67.6,286.0,85.7,1103.7
2023-02-21T06:00,14.0,73,9.2,10.4,0.10,100,100,86,98,216.0,16.0,200.1,22.6,989.3
2023-02-21T07:00,13.5,71,8.4,9.7,0.10,100,100,87,97,140.4,11.5,128.8,20.2,800.0
2023-02-21T08:00,13.3,71,8.2,9.3,0.00,100,100,95,75,121.2,12.1,109.1,30.9,548.8
2023-02-21T09:00,12.9,75,8.5,9.9,0.00,100,100,98,67,38.2,0.0,38.2,0.0,252.7
2023-02-21T10:00,12.5,81,9.3,9.9,0.10,100,100,90,42,0.0,0.0,0.0,0.0,0.0
2023-02-21T11:00,12.7,79,9.1,9.8,0.10,100,100,100,0,0.0,0.0,0.0,0.0,0.0
2023-02-21T12:00,12.8,80,9.4,10.2,0.10,100,100,100,6,0.0,0.0,0.0,0.0,0.0
2023-02-21T13:00,12.9,82,9.8,10.4,0.10,100,100,100,5,0.0,0.0,0.0,0.0,0.0
2023-02-21T14:00,12.7,83,9.9,10.5,0.10,74,57,72,1,0.0,0.0,0.0,0.0,0.0
2023-02-21T15:00,13.2,77,9.4,10.8,0.00,100,100,38,0,0.0,0.0,0.0,0.0,0.0
2023-02-21T16:00,13.3,79,9.8,11.1,0.00,100,100,79,0,0.0,0.0,0.0,0.0,0.0
2023-02-21T17:00,13.4,79,9.8,11.3,0.00,100,100,93,0,0.0,0.0,0.0,0.0,0.0
2023-02-21T18:00,13.4,82,10.4,11.5,0.00,100,100,45,0,0.0,0.0,0.0,0.0,0.0
2023-02-21T19:00,13.9,79,10.2,12.1,0.00,100,100,16,0,0.0,0.0,0.0,0.0,0.0
2023-02-21T20:00,13.9,79,10.4,12.1,0.00,100,100,84,0,0.0,0.0,0.0,0.0,0.0
2023-02-21T21:00,14.0,80,10.6,12.6,0.00,100,100,90,0,0.0,0.0,0.0,0.0,0.0
2023-02-21T22:00,14.0,81,10.8,12.5,0.00,100,100,96,0,0.0,0.0,0.0,0.0,0.0
2023-02-21T23:00,14.4,81,11.2,13.0,0.00,100,100,97,0,11.2,0.0,11.2,0.0,176.8
2023-02-22T00:00,15.3,81,12.0,14.0,0.00,100,100,100,0,74.0,0.0,74.0,0.0,481.5
2023-02-22T01:00,16.3,78,12.4,14.9,0.00,100,100,33,0,144.9,16.9,128.0,31.7,746.1
2023-02-22T02:00,17.2,70,11.8,14.7,0.00,99,99,6,0,277.4,31.2,246.2,45.8,952.6
2023-02-22T03:00,18.2,66,11.8,15.2,0.00,100,100,20,0,404.6,67.8,336.8,87.2,1087.0
2023-02-22T04:00,18.3,67,12.0,15.7,0.00,100,100,6,0,293.0,39.7,253.3,48.7,1140.0
2023-02-22T05:00,18.9,67,12.6,16.6,0.00,100,100,6,0,404.6,114.6,290.0,144.7,1108.2
2023-02-22T06:00,17.6,76,13.3,15.8,0.10,100,100,68,0,190.7,16.9,173.8,23.8,993.5
2023-02-22T07:00,17.7,77,13.5,15.7,0.10,100,100,39,0,184.0,12.4,171.5,21.6,804.0
2023-02-22T08:00,17.5,79,13.8,15.9,0.00,96,96,37,0,124.6,8.1,116.5,20.5,552.5
2023-02-22T09:00,16.9,84,14.1,15.9,0.00,100,100,45,0,50.9,6.9,44.0,37.8,256.1
2023-02-22T10:00,16.6,85,14.0,15.9,0.00,100,100,45,0,0.0,0.0,0.0,0.0,0.0
2023-02-22T11:00,16.5,85,14.0,16.1,0.00,100,100,73,0,0.0,0.0,0.0,0.0,0.0
2023-02-22T12:00,16.6,87,14.4,16.7,0.00,100,93,42,0,0.0,0.0,0.0,0.0,0.0
2023-02-22T13:00,16.8,87,14.6,16.6,0.00,99,99,52,0,0.0,0.0,0.0,0.0,0.0
2023-02-22T14:00,16.8,87,14.7,16.7,0.10,100,100,13,0,0.0,0.0,0.0,0.0,0.0
2023-02-22T15:00,16.8,87,14.7,16.9,0.10,100,100,5,0,0.0,0.0,0.0,0.0,0.0
2023-02-22T16:00,16.9,88,14.8,16.7,0.10,97,97,5,0,0.0,0.0,0.0,0.0,0.0
2023-02-22T17:00,17.1,87,14.9,17.2,0.10,100,100,6,0,0.0,0.0,0.0,0.0,0.0
2023-02-22T18:00,17.1,88,15.2,17.5,0.10,99,99,13,0,0.0,0.0,0.0,0.0,0.0
2023-02-22T19:00,17.0,89,15.2,17.8,0.10,100,100,7,0,0.0,0.0,0.0,0.0,0.0
2023-02-22T20:00,17.0,89,15.2,17.7,0.10,100,100,64,0,0.0,0.0,0.0,0.0,0.0
2023-02-22T21:00,17.1,89,15.2,17.6,0.10,71,71,15,0,0.0,0.0,0.0,0.0,0.0
2023-02-22T22:00,17.1,89,15.3,17.5,0.00,71,71,2,0,0.0,0.0,0.0,0.0,0.0
2023-02-22T23:00,17.2,89,15.4,17.9,0.10,100,100,5,0,15.7,0.0,15.7,0.0,181.4
2023-02-23T00:00,17.6,88,15.6,18.1,0.10,100,99,2,0,65.0,2.9,62.1,8.3,486.3
2023-02-23T01:00,18.6,86,16.2,18.8,0.10,92,92,2,0,139.9,6.0,133.8,11.2,751.0
2023-02-23T02:00,19.0,85,16.4,18.8,0.10,93,93,17,0,233.9,25.6,208.2,37.4,957.5
2023-02-23T03:00,18.8,85,16.3,19.0,0.10,98,98,0,0,216.0,20.1,195.9,25.8,1091.8
2023-02-23T04:00,19.0,83,16.1,18.7,0.20,98,98,7,0,270.6,32.5,238.0,39.8,1144.7
2023-02-23T05:00,19.1,82,16.0,18.8,0.10,100,100,30,0,220.4,16.7,203.7,20.9,1112.6
2023-02-23T06:00,18.6,84,15.9,18.7,0.10,100,100,50,0,162.5,4.7,157.8,6.6,997.8
2023-02-23T07:00,18.9,82,15.8,19.0,0.00,93,93,35,0,184.0,16.0,168.0,27.7,807.9
2023-02-23T08:00,19.2,80,15.7,19.0,0.00,93,93,30,0,200.1,38.9,161.2,97.7,556.1
2023-02-23T09:00,18.5,84,15.7,19.1,0.00,99,99,45,0,61.9,10.1,51.8,54.5,259.4
2023-02-23T10:00,17.8,87,15.6,18.7,0.00,7,0,7,0,0.0,0.0,0.0,0.0,0.0
2023-02-23T11:00,17.7,89,15.8,18.8,0.00,100,100,44,0,0.0,0.0,0.0,0.0,0.0
2023-02-23T12:00,17.8,91,16.3,19.1,0.10,99,100,3,0,0.0,0.0,0.0,0.0,0.0
2023-02-23T13:00,18.4,89,16.5,19.3,0.10,100,100,10,0,0.0,0.0,0.0,0.0,0.0
2023-02-23T14:00,18.1,89,16.2,18.6,0.10,100,100,19,0,0.0,0.0,0.0,0.0,0.0
2023-02-23T15:00,17.8,90,16.1,18.2,0.00,100,100,6,0,0.0,0.0,0.0,0.0,0.0
2023-02-23T16:00,17.7,90,16.0,18.4,0.00,100,100,0,0,0.0,0.0,0.0,0.0,0.0
2023-02-23T17:00,17.7,89,15.9,18.5,0.10,100,100,0,0,0.0,0.0,0.0,0.0,0.0
2023-02-23T18:00,17.5,90,15.8,18.5,0.10,100,100,2,0,0.0,0.0,0.0,0.0,0.0
2023-02-23T19:00,17.1,91,15.6,18.3,0.00,100,100,2,0,0.0,0.0,0.0,0.0,0.0
2023-02-23T20:00,16.8,94,15.8,18.0,0.00,100,100,1,0,0.0,0.0,0.0,0.0,0.0
2023-02-23T21:00,16.8,92,15.5,18.1,0.00,100,100,1,0,0.0,0.0,0.0,0.0,0.0
2023-02-23T22:00,16.7,90,15.0,17.6,0.00,100,100,0,0,0.0,0.0,0.0,0.0,0.0
2023-02-23T23:00,16.7,88,14.8,17.4,0.00,99,99,0,0,15.6,0.0,15.6,0.0,186.1
2023-02-24T00:00,17.2,87,15.0,17.8,0.00,100,99,2,0,66.2,0.0,66.2,0.0,491.0
2023-02-24T01:00,17.8,84,15.1,17.7,0.00,100,100,1,0,152.9,6.0,146.9,11.1,755.8
2023-02-24T02:00,17.8,84,15.0,17.8,0.00,100,100,3,0,175.8,12.2,163.6,17.8,962.3
2023-02-24T03:00,17.6,83,14.6,17.3,0.00,100,100,9,0,192.6,8.5,184.2,10.8,1096.6
2023-02-24T04:00,17.3,81,14.0,16.7,0.00,100,100,9,0,230.9,0.0,230.9,0.0,1149.3
2023-02-24T05:00,16.7,81,13.5,15.9,0.00,100,100,13,0,164.6,2.9,161.6,3.7,1117.0
2023-02-24T06:00,16.1,82,13.0,15.3,0.00,100,100,21,0,111.8,4.7,107.1,6.6,1001.9
2023-02-24T07:00,15.9,81,12.6,14.9,0.10,100,100,30,0,121.0,15.1,105.8,26.0,811.8
2023-02-24T08:00,15.4,82,12.2,14.4,0.10,100,100,54,10,65.7,4.1,61.6,10.1,559.7
2023-02-24T09:00,15.0,82,12.0,14.1,0.10,100,100,100,11,21.6,0.0,21.6,0.0,262.7
2023-02-24T10:00,14.5,83,11.6,13.5,0.10,100,100,100,7,0.0,0.0,0.0,0.0,0.0
2023-02-24T11:00,14.1,82,11.1,13.0,0.10,100,100,100,0,0.0,0.0,0.0,0.0,0.0
2023-02-24T12:00,13.9,82,10.9,12.8,0.20,100,100,100,0,0.0,0.0,0.0,0.0,0.0
2023-02-24T13:00,14.0,81,10.8,13.2,0.20,100,100,100,0,0.0,0.0,0.0,0.0,0.0
2023-02-24T14:00,13.8,83,10.9,13.2,0.20,100,98,100,0,0.0,0.0,0.0,0.0,0.0
2023-02-24T15:00,13.8,86,11.5,13.8,0.20,100,100,100,0,0.0,0.0,0.0,0.0,0.0
2023-02-24T16:00,13.7,84,11.1,13.4,0.20,100,99,100,0,0.0,0.0,0.0,0.0,0.0
2023-02-24T17:00,13.6,83,10.7,12.5,0.10,100,100,100,0,0.0,0.0,0.0,0.0,0.0
2023-02-24T18:00,13.2,83,10.3,12.1,0.10,100,100,100,0,0.0,0.0,0.0,0.0,0.0
2023-02-24T19:00,13.0,88,11.1,12.7,0.10,100,100,100,0,0.0,0.0,0.0,0.0,0.0
2023-02-24T20:00,13.2,85,10.7,12.7,0.10,100,100,100,0,0.0,0.0,0.0,0.0,0.0
2023-02-24T21:00,13.1,84,10.5,12.6,0.10,100,100,100,0,0.0,0.0,0.0,0.0,0.0
2023-02-24T22:00,13.3,83,10.5,12.6,0.10,100,100,100,0,0.0,0.0,0.0,0.0,0.0
2023-02-24T23:00,13.4,83,10.5,12.3,0.10,100,100,100,0,11.1,0.0,11.1,0.0,190.8
2023-02-25T00:00,13.9,82,10.9,12.6,0.10,100,100,100,0,50.2,1.4,48.7,4.0,495.8
2023-02-25T01:00,14.5,78,10.7,12.7,0.10,100,100,100,0,140.7,13.2,127.5,24.3,760.7
2023-02-25T02:00,14.6,79,11.0,12.5,0.10,100,100,100,0,193.5,11.1,182.4,16.1,967.2
2023-02-25T03:00,14.8,76,10.7,12.3,0.10,100,98,100,0,224.3,14.8,209.5,18.8,1101.3
2023-02-25T04:00,14.8,74,10.2,12.1,0.10,100,99,100,0,227.8,12.2,215.6,14.8,1153.9
2023-02-25T05:00,14.4,76,10.2,11.5,0.10,100,97,100,0,223.3,27.4,195.9,34.2,1121.4
2023-02-25T06:00,14.0,76,9.8,11.3,0.10,100,100,100,0,150.4,16.9,133.5,23.5,1006.0
2023-02-25T07:00,13.7,77,9.8,11.0,0.10,100,94,100,0,137.0,2.7,134.4,4.6,815.6
2023-02-25T08:00,13.5,78,9.6,11.0,0.10,100,100,100,0,97.4,7.3,90.1,18.1,563.2
2023-02-25T09:00,13.0,78,9.3,10.5,0.10,100,99,100,0,47.1,4.5,42.7,23.4,266.0
2023-02-25T10:00,12.5,78,8.7,9.7,0.10,100,100,100,0,0.0,0.0,0.0,0.0,0.0
2023-02-25T11:00,12.3,77,8.4,9.3,0.20,100,99,100,0,0.0,0.0,0.0,0.0,0.0
2023-02-25T12:00,12.3,78,8.6,9.5,0.20,100,55,100,0,0.0,0.0,0.0,0.0,0.0
2023-02-25T13:00,12.2,78,8.5,9.3,0.30,100,90,100,0,0.0,0.0,0.0,0.0,0.0
2023-02-25T14:00,11.9,78,8.2,9.1,0.30,100,99,100,0,0.0,0.0,0.0,0.0,0.0
2023-02-25T15:00,11.6,79,8.0,9.0,0.20,100,98,100,0,0.0,0.0,0.0,0.0,0.0
2023-02-25T16:00,11.5,78,7.9,9.0,0.10,100,83,100,0,0.0,0.0,0.0,0.0,0.0
2023-02-25T17:00,11.3,79,7.8,8.9,0.10,100,100,100,0,0.0,0.0,0.0,0.0,0.0
2023-02-25T18:00,11.1,78,7.3,8.5,0.00,100,99,100,0,0.0,0.0,0.0,0.0,0.0
2023-02-25T19:00,10.9,77,7.1,8.2,0.00,100,98,100,0,0.0,0.0,0.0,0.0,0.0
2023-02-25T20:00,10.8,77,6.9,8.3,0.10,100,98,100,0,0.0,0.0,0.0,0.0,0.0
2023-02-25T21:00,10.8,77,7.0,8.3,0.10,100,100,100,0,0.0,0.0,0.0,0.0,0.0
2023-02-25T22:00,10.7,79,7.2,8.1,0.00,100,100,100,0,0.0,0.0,0.0,0.0,0.0
2023-02-25T23:00,11.1,74,6.6,8.5,0.00,100,99,100,0,11.1,0.0,11.1,0.0,195.5
2023-02-26T00:00,12.2,66,5.9,9.0,0.00,100,89,100,0,50.0,0.0,50.0,0.0,500.7
2023-02-26T01:00,11.9,69,6.3,8.5,0.00,100,100,100,0,98.5,1.2,97.3,2.2,765.5
2023-02-26T02:00,12.0,67,6.1,8.5,0.10,100,93,100,0,135.6,2.2,133.4,3.2,972.0
2023-02-26T03:00,11.8,70,6.6,8.5,0.20,100,96,100,0,120.6,3.2,117.4,4.0,1106.0
2023-02-26T04:00,12.1,69,6.6,8.8,0.20,100,92,100,0,180.0,10.2,169.8,12.3,1158.4
2023-02-26T05:00,12.0,69,6.5,8.5,0.10,100,98,100,0,155.7,8.8,146.9,10.9,1125.7
2023-02-26T06:00,12.0,69,6.5,8.8,0.10,100,98,100,0,159.8,14.1,145.7,19.5,1010.0
2023-02-26T07:00,12.0,70,6.7,9.2,0.00,100,96,100,0,70.3,0.0,70.3,0.0,819.4
2023-02-26T08:00,12.2,69,6.7,9.2,0.00,100,100,100,0,87.7,4.9,82.9,12.0,566.7
2023-02-26T09:00,12.1,69,6.6,9.3,0.00,100,99,100,0,36.5,0.6,35.8,3.3,269.3
2023-02-26T10:00,11.9,71,6.9,9.4,0.00,100,100,100,0,0.0,0.0,0.0,0.0,0.0
2023-02-26T11:00,12.3,66,6.2,9.5,0.00,100,100,100,0,0.0,0.0,0.0,0.0,0.0
2023-02-26T12:00,12.5,69,6.9,9.8,0.00,100,100,40,0,0.0,0.0,0.0,0.0,0.0
2023-02-26T13:00,12.6,69,7.0,9.7,0.00,100,100,29,0,0.0,0.0,0.0,0.0,0.0
2023-02-26T14:00,12.6,69,7.1,9.9,0.00,100,100,31,0,0.0,0.0,0.0,0.0,0.0
2023-02-26T15:00,12.5,70,7.2,9.6,0.00,97,97,14,0,0.0,0.0,0.0,0.0,0.0
2023-02-26T16:00,12.5,70,7.1,9.8,0.00,100,100,20,0,0.0,0.0,0.0,0.0,0.0
2023-02-26T17:00,12.7,68,7.0,9.9,0.00,86,86,18,0,0.0,0.0,0.0,0.0,0.0
2023-02-26T18:00,12.6,71,7.4,9.9,0.00,100,100,20,0,0.0,0.0,0.0,0.0,0.0
2023-02-26T19:00,12.7,70,7.3,10.2,0.00,79,78,6,0,0.0,0.0,0.0,0.0,0.0
2023-02-26T20:00,12.2,72,7.3,9.8,0.00,74,74,4,0,0.0,0.0,0.0,0.0,0.0
2023-02-26T21:00,12.3,73,7.6,10.2,0.00,41,41,2,0,0.0,0.0,0.0,0.0,0.0
2023-02-26T22:00,12.1,72,7.2,9.9,0.00,82,82,4,0,0.0,0.0,0.0,0.0,0.0
2023-02-26T23:00,12.8,76,8.7,10.8,0.00,57,57,0,0,37.6,8.9,28.8,61.7,200.2
2023-02-27T00:00,14.6,68,8.8,12.1,0.00,12,4,1,0,243.2,132.2,110.9,365.1,505.5
2023-02-27T01:00,16.8,53,7.2,13.5,0.00,30,30,0,0,508.6,397.1,111.6,719.4,770.3
2023-02-27T02:00,18.0,51,7.8,14.3,0.00,100,100,0,0,683.3,551.0,132.2,787.4,976.7
2023-02-27T03:00,18.0,54,8.5,14.3,0.00,100,100,10,0,648.2,345.8,302.4,434.5,1110.6
2023-02-27T04:00,17.9,56,9.1,14.1,0.00,100,100,2,0,524.6,204.3,320.2,245.2,1162.9
2023-02-27T05:00,18.9,55,9.7,16.1,0.00,100,100,4,0,687.6,388.9,298.7,480.3,1129.9
2023-02-27T06:00,18.5,58,10.2,15.3,0.10,100,100,18,0,434.3,165.4,268.8,227.7,1014.0
2023-02-27T07:00,18.1,65,11.5,15.6,0.00,64,57,15,0,357.9,140.7,217.3,238.5,823.1
2023-02-27T08:00,17.5,71,12.2,15.1,0.00,80,79,33,0,285.4,163.4,122.0,400.0,570.1
2023-02-27T09:00,16.8,76,12.5,15.1,0.00,64,61,7,0,113.7,52.7,61.0,269.7,272.4
2023-02-27T10:00,16.0,79,12.4,14.7,0.00,15,8,8,0,0.0,0.0,0.0,0.0,0.0
2023-02-27T11:00,15.4,83,12.5,14.5,0.00,34,30,6,0,0.0,0.0,0.0,0.0,0.0
2023-02-27T12:00,14.0,88,12.1,13.5,0.00,45,37,4,0,0.0,0.0,0.0,0.0,0.0
2023-02-27T13:00,14.7,86,12.3,14.1,0.00,19,16,4,0,0.0,0.0,0.0,0.0,0.0
2023-02-27T14:00,14.9,87,12.7,14.0,0.00,57,57,1,0,0.0,0.0,0.0,0.0,0.0
2023-02-27T15:00,15.2,86,13.0,14.0,0.00,26,26,0,0,0.0,0.0,0.0,0.0,0.0
2023-02-27T16:00,15.0,88,13.0,13.9,0.00,66,65,3,0,0.0,0.0,0.0,0.0,0.0
2023-02-27T17:00,14.7,89,12.8,13.7,0.00,63,63,0,0,0.0,0.0,0.0,0.0,0.0
2023-02-27T18:00,14.7,89,12.9,13.8,0.00,29,29,0,0,0.0,0.0,0.0,0.0,0.0
2023-02-27T19:00,14.6,90,13.0,14.0,0.00,10,10,0,0,0.0,0.0,0.0,0.0,0.0
2023-02-27T20:00,14.0,90,12.4,13.6,0.00,1,1,0,0,0.0,0.0,0.0,0.0,0.0
2023-02-27T21:00,13.5,88,11.6,13.0,0.00,0,0,0,0,0.0,0.0,0.0,0.0,0.0
2023-02-27T22:00,13.4,85,11.0,12.7,0.00,0,0,0,0,0.0,0.0,0.0,0.0,0.0
2023-02-27T23:00,14.8,80,11.4,13.9,0.00,0,0,0,0,53.0,22.1,30.9,150.3,205.0
2023-02-28T00:00,18.2,72,13.0,17.6,0.00,0,0,1,0,270.5,178.5,92.1,487.8,510.3
2023-02-28T01:00,20.8,62,13.3,20.0,0.00,2,2,1,0,487.6,372.6,115.0,670.5,775.2
2023-02-28T02:00,21.9,60,13.9,21.3,0.00,1,1,0,0,667.3,540.7,126.6,768.5,981.5
2023-02-28T03:00,23.1,58,14.3,22.9,0.00,52,52,0,0,773.8,633.2,140.6,792.0,1115.3
2023-02-28T04:00,23.4,58,14.7,23.2,0.00,58,58,0,0,695.2,493.0,202.3,589.1,1167.3
2023-02-28T05:00,23.9,58,15.2,24.3,0.00,23,23,0,0,738.5,526.9,211.6,648.1,1134.1
2023-02-28T06:00,23.7,57,14.7,23.3,0.00,1,1,0,0,614.8,407.1,207.8,557.8,1017.9
2023-02-28T07:00,23.2,60,15.1,22.3,0.00,3,0,2,0,496.1,348.3,147.9,587.6,826.7
2023-02-28T08:00,22.4,64,15.3,21.8,0.00,7,7,3,0,336.9,232.8,104.2,566.1,573.5
2023-02-28T09:00,21.1,70,15.4,21.0,0.00,20,20,0,0,145.0,93.5,51.6,473.1,275.6
2023-02-28T10:00,19.2,77,15.1,19.4,0.00,11,11,0,0,0.0,0.0,0.0,0.0,0.0
2023-02-28T11:00,17.9,84,15.1,18.4,0.00,2,1,1,0,0.0,0.0,0.0,0.0,0.0
2023-02-28T12:00,16.9,89,15.0,17.5,0.00,1,9,5,0,0.0,0.0,0.0,0.0,0.0
2023-02-28T13:00,15.7,91,14.2,16.0,0.00,8,7,1,0,0.0,0.0,0.0,0.0,0.0
2023-02-28T14:00,16.4,86,14.1,17.0,0.00,9,9,2,0,0.0,0.0,0.0,0.0,0.0
2023-02-28T15:00,16.6,86,14.3,17.7,0.00,7,4,5,0,0.0,0.0,0.0,0.0,0.0
2023-02-28T16:00,15.5,91,14.0,16.8,0.00,11,11,0,0,0.0,0.0,0.0,0.0,0.0
2023-02-28T17:00,14.4,97,13.9,15.4,0.00,12,12,0,0,0.0,0.0,0.0,0.0,0.0
2023-02-28T18:00,13.8,100,13.8,14.8,0.00,100,100,0,0,0.0,0.0,0.0,0.0,0.0
2023-02-28T19:00,13.1,100,13.1,13.6,0.00,100,100,0,0,0.0,0.0,0.0,0.0,0.0
2023-02-28T20:00,13.8,100,13.8,14.8,0.00,100,100,0,0,0.0,0.0,0.0,0.0,0.0
2023-02-28T21:00,14.1,100,14.0,15.3,0.00,100,100,0,0,0.0,0.0,0.0,0.0,0.0
2023-02-28T22:00,14.4,99,14.3,15.5,0.00,100,100,0,0,0.0,0.0,0.0,0.0,0.0
2023-02-28T23:00,15.3,96,14.7,16.1,0.00,100,100,0,0,15.4,0.0,15.4,0.0,209.9
2023-03-01T00:00,16.6,95,15.8,17.2,0.10,100,100,0,0,79.0,2.8,76.2,7.6,515.3
2023-03-01T01:00,17.6,88,15.6,18.0,0.10,100,100,0,0,198.6,37.1,161.5,66.3,780.1
2023-03-01T02:00,18.6,82,15.4,18.8,0.00,100,100,0,0,321.8,99.9,221.9,141.2,986.4
2023-03-01T03:00,20.2,75,15.5,20.6,0.00,100,100,0,0,632.0,388.9,243.1,484.2,1119.9
2023-03-01T04:00,21.2,70,15.6,22.0,0.00,42,42,0,0,687.0,439.0,248.0,522.4,1171.7
2023-03-01T05:00,21.2,72,15.9,22.4,0.00,50,50,0,0,713.0,478.0,235.1,585.4,1138.3
2023-03-01T06:00,20.3,76,16.0,20.7,0.00,53,53,0,0,539.7,284.9,254.8,388.7,1021.8
2023-03-01T07:00,19.6,77,15.4,19.9,0.00,68,68,0,0,317.2,88.2,229.0,148.1,830.3
2023-03-01T08:00,19.2,76,14.8,19.6,0.00,100,100,0,0,236.2,83.9,152.3,202.8,576.8
2023-03-01T09:00,18.3,78,14.3,18.7,0.00,13,13,0,0,64.7,0.6,64.0,3.2,278.7
2023-03-01T10:00,16.5,87,14.4,17.3,0.00,68,68,0,0,0.0,0.0,0.0,0.0,0.0
2023-03-01T11:00,16.0,89,14.2,16.7,0.00,35,35,0,0,0.0,0.0,0.0,0.0,0.0
2023-03-01T12:00,16.8,85,14.2,17.9,0.00,25,26,0,0,0.0,0.0,0.0,0.0,0.0
2023-03-01T13:00,15.8,89,14.1,16.8,0.00,43,43,0,0,0.0,0.0,0.0,0.0,0.0
2023-03-01T14:00,15.1,93,14.0,16.0,0.00,26,26,0,0,0.0,0.0,0.0,0.0,0.0
2023-03-01T15:00,14.7,94,13.8,15.7,0.00,29,29,0,0,0.0,0.0,0.0,0.0,0.0
2023-03-01T16:00,15.3,90,13.6,16.4,0.00,28,28,1,0,0.0,0.0,0.0,0.0,0.0
2023-03-01T17:00,15.9,85,13.3,16.6,0.00,10,10,2,0,0.0,0.0,0.0,0.0,0.0
2023-03-01T18:00,15.7,79,12.0,15.9,0.00,17,15,4,0,0.0,0.0,0.0,0.0,0.0
2023-03-01T19:00,15.6,73,10.8,15.3,0.00,29,28,3,0,0.0,0.0,0.0,0.0,0.0
2023-03-01T20:00,15.5,70,10.1,14.9,0.00,17,16,3,0,0.0,0.0,0.0,0.0,0.0
2023-03-01T21:00,15.5,63,8.5,14.2,0.00,37,20,21,0,0.0,0.0,0.0,0.0,0.0
2023-03-01T22:00,13.2,73,8.5,11.5,0.00,47,22,32,0,0.0,0.0,0.0,0.0,0.0
2023-03-01T23:00,13.8,79,10.2,12.9,0.00,90,87,22,0,48.3,15.4,32.9,99.7,214.9
2023-03-02T00:00,16.2,63,9.3,14.6,0.00,39,67,12,0,164.4,42.2,122.3,112.9,520.3
2023-03-02T01:00,16.5,63,9.5,14.0,0.00,82,82,2,0,305.9,114.7,191.2,203.6,785.1
2023-03-02T02:00,16.8,64,9.9,14.3,0.00,100,100,2,0,432.5,169.7,262.8,238.6,991.2
2023-03-02T03:00,17.1,61,9.5,14.6,0.00,100,100,0,0,507.1,189.1,318.0,234.3,1124.6
2023-03-02T04:00,17.4,59,9.2,14.8,0.00,76,76,0,0,595.4,232.7,362.7,275.7,1176.1
2023-03-02T05:00,17.4,58,8.9,14.8,0.00,89,89,0,0,618.0,327.1,290.9,399.0,1142.4
2023-03-02T06:00,16.5,60,8.7,13.5,0.00,51,51,0,0,419.4,155.1,264.2,210.8,1025.6
2023-03-02T07:00,16.4,60,8.5,13.2,0.00,70,70,0,0,418.9,210.3,208.6,351.5,833.8
2023-03-02T08:00,15.7,60,7.9,12.4,0.00,52,52,0,0,256.8,110.9,145.9,266.3,580.1
2023-03-02T09:00,15.0,61,7.6,12.0,0.00,5,5,0,0,103.9,24.0,79.9,118.8,281.7
2023-03-02T10:00,13.8,63,6.9,11.6,0.00,49,49,0,0,0.0,0.0,0.0,0.0,0.0
2023-03-02T11:00,13.6,63,6.8,11.4,0.00,34,34,0,0,0.0,0.0,0.0,0.0,0.0
2023-03-02T12:00,13.8,64,7.1,11.5,0.00,50,84,0,0,0.0,0.0,0.0,0.0,0.0
2023-03-02T13:00,14.1,63,7.1,11.8,0.00,89,89,0,0,0.0,0.0,0.0,0.0,0.0
2023-03-02T14:00,13.8,64,7.1,11.5,0.00,97,97,0,0,0.0,0.0,0.0,0.0,0.0
2023-03-02T15:00,13.8,64,7.1,11.4,0.00,73,73,0,0,0.0,0.0,0.0,0.0,0.0
2023-03-02T16:00,13.5,65,7.1,11.2,0.00,79,79,0,0,0.0,0.0,0.0,0.0,0.0
2023-03-02T17:00,13.5,65,7.1,11.3,0.00,55,55,0,0,0.0,0.0,0.0,0.0,0.0
2023-03-02T18:00,12.7,69,7.2,10.9,0.00,62,62,0,0,0.0,0.0,0.0,0.0,0.0
2023-03-02T19:00,13.1,67,7.1,11.2,0.00,92,92,0,0,0.0,0.0,0.0,0.0,0.0
2023-03-02T20:00,13.5,65,7.1,11.5,0.00,97,97,0,0,0.0,0.0,0.0,0.0,0.0
2023-03-02T21:00,13.8,68,8.0,11.6,0.00,31,31,0,0,0.0,0.0,0.0,0.0,0.0
2023-03-02T22:00,12.8,72,8.0,10.9,0.00,31,31,0,0,0.0,0.0,0.0,0.0,0.0
2023-03-02T23:00,13.0,74,8.5,11.4,0.00,12,12,0,0,57.0,24.1,32.9,152.6,220.0
2023-03-03T00:00,15.6,67,9.4,13.9,0.00,1,0,0,0,278.6,177.8,100.8,471.3,525.4
2023-03-03T01:00,17.4,57,8.7,14.5,0.00,58,58,1,0,512.0,396.2,115.8,698.5,790.1
2023-03-03T02:00,18.3,57,9.5,15.5,0.00,100,100,1,0,636.2,456.6,179.5,638.5,996.1
2023-03-03T03:00,18.1,61,10.4,15.4,0.00,100,100,0,0,497.4,167.9,329.5,207.1,1129.2
2023-03-03T04:00,18.4,61,10.8,15.9,0.00,100,100,0,0,535.4,186.9,348.5,220.6,1180.5
2023-03-03T05:00,18.1,62,10.7,15.4,0.00,100,100,0,0,457.3,132.2,325.1,160.6,1146.5
2023-03-03T06:00,18.3,60,10.5,15.6,0.00,89,89,1,0,491.8,201.2,290.6,272.3,1029.4
2023-03-03T07:00,18.6,59,10.4,16.2,0.00,95,95,3,0,485.0,271.9,213.1,452.3,837.3
2023-03-03T08:00,17.8,59,9.8,15.3,0.00,82,81,3,0,284.8,131.4,153.4,313.7,583.3
2023-03-03T09:00,16.9,64,10.0,14.8,0.00,33,33,1,0,143.3,74.3,69.1,363.4,284.7
2023-03-03T10:00,15.1,70,9.7,13.5,0.00,1,1,0,0,0.0,0.0,0.0,0.0,0.0
2023-03-03T11:00,14.2,74,9.7,12.7,0.00,2,1,1,0,0.0,0.0,0.0,0.0,0.0
2023-03-03T12:00,14.8,75,10.4,13.4,0.00,2,23,11,0,0.0,0.0,0.0,0.0,0.0
2023-03-03T13:00,14.9,75,10.5,13.6,0.00,54,7,50,0,0.0,0.0,0.0,0.0,0.0
2023-03-03T14:00,14.8,76,10.6,13.6,0.00,48,3,47,0,0.0,0.0,0.0,0.0,0.0
2023-03-03T15:00,14.8,76,10.7,13.5,0.00,18,2,16,0,0.0,0.0,0.0,0.0,0.0
2023-03-03T16:00,14.1,80,10.7,13.1,0.00,3,1,2,0,0.0,0.0,0.0,0.0,0.0
2023-03-03T17:00,13.4,84,10.7,12.5,0.00,2,1,1,0,0.0,0.0,0.0,0.0,0.0
2023-03-03T18:00,12.5,88,10.6,11.8,0.00,7,1,7,0,0.0,0.0,0.0,0.0,0.0
2023-03-03T19:00,11.8,91,10.4,10.9,0.00,13,5,9,0,0.0,0.0,0.0,0.0,0.0
2023-03-03T20:00,11.3,92,10.0,10.3,0.00,16,12,5,0,0.0,0.0,0.0,0.0,0.0
2023-03-03T21:00,12.2,90,10.6,11.7,0.00,100,26,100,0,0.0,0.0,0.0,0.0,0.0
2023-03-03T22:00,12.4,93,11.3,12.2,0.00,100,46,100,0,0.0,0.0,0.0,0.0,0.0
2023-03-03T23:00,14.0,90,12.4,14.3,0.00,99,58,98,0,13.1,0.0,13.1,0.0,225.2
2023-03-04T00:00,16.2,79,12.6,16.8,0.00,100,100,85,0,72.5,0.0,72.5,0.0,530.6
2023-03-04T01:00,17.4,69,11.6,16.8,0.00,100,100,100,0,156.1,23.8,132.3,41.7,795.2
2023-03-04T02:00,17.2,71,11.8,16.5,0.00,100,34,100,0,120.7,6.6,114.1,9.2,1001.0
2023-03-04T03:00,17.4,69,11.6,16.6,0.00,100,16,100,0,177.4,23.2,154.1,28.5,1133.9
2023-03-04T04:00,17.8,65,11.2,16.7,0.00,100,25,100,0,206.2,1.0,205.2,1.2,1184.9
2023-03-04T05:00,18.2,61,10.6,16.8,0.00,100,29,100,0,278.1,7.8,270.3,9.5,1150.5
2023-03-04T06:00,18.1,61,10.4,16.6,0.00,46,15,36,0,268.0,29.2,238.9,39.3,1033.2
2023-03-04T07:00,18.5,58,10.2,16.9,0.00,20,5,16,0,469.1,287.1,181.9,475.5,840.7
2023-03-04T08:00,18.0,61,10.3,16.5,0.00,12,3,12,0,354.4,253.1,101.3,600.9,586.5
2023-03-04T09:00,17.0,66,10.6,15.8,0.00,26,20,8,0,152.3,94.8,57.5,458.8,287.6
2023-03-04T10:00,14.2,77,10.3,13.3,0.00,6,4,2,0,0.0,0.0,0.0,0.0,0.0
2023-03-04T11:00,12.6,84,9.9,11.6,0.00,0,0,0,0,0.0,0.0,0.0,0.0,0.0
2023-03-04T12:00,12.5,83,9.6,11.2,0.00,0,0,0,0,0.0,0.0,0.0,0.0,0.0
2023-03-04T13:00,12.3,83,9.4,11.2,0.00,0,0,0,0,0.0,0.0,0.0,0.0,0.0
2023-03-04T14:00,11.6,85,9.2,10.3,0.00,0,0,0,0,0.0,0.0,0.0,0.0,0.0
2023-03-04T15:00,11.1,86,8.8,9.7,0.00,0,0,0,0,0.0,0.0,0.0,0.0,0.0
2023-03-04T16:00,10.4,88,8.4,8.9,0.00,0,0,0,0,0.0,0.0,0.0,0.0,0.0
2023-03-04T17:00,9.9,89,8.2,8.4,0.00,0,0,0,0,0.0,0.0,0.0,0.0,0.0
2023-03-04T18:00,9.2,91,7.8,7.5,0.00,0,0,0,0,0.0,0.0,0.0,0.0,0.0
2023-03-04T19:00,8.5,92,7.3,6.6,0.00,0,0,0,0,0.0,0.0,0.0,0.0,0.0
2023-03-04T20:00,9.5,90,8.0,8.1,0.00,0,0,0,0,0.0,0.0,0.0,0.0,0.0
2023-03-04T21:00,9.9,87,7.9,8.4,0.00,0,0,0,0,0.0,0.0,0.0,0.0,0.0
2023-03-04T22:00,10.6,84,8.0,9.1,0.00,0,0,0,0,0.0,0.0,0.0,0.0,0.0
2023-03-04T23:00,10.8,89,9.0,9.7,0.00,0,0,0,0,69.8,32.7,37.1,197.6,230.4
2023-03-05T00:00,14.7,77,10.8,14.2,0.00,0,0,0,0,295.8,200.0,95.8,519.5,535.8
2023-03-05T01:00,17.4,66,10.9,16.3,0.00,0,0,0,0,520.1,403.5,116.6,701.6,800.3
2023-03-05T02:00,18.5,58,10.1,17.3,0.00,0,0,0,0,705.1,576.7,128.4,797.8,1005.9
2023-03-05T03:00,19.2,54,9.6,18.5,0.00,0,0,0,0,826.3,692.3,134.0,846.1,1138.5
2023-03-05T04:00,19.5,52,9.4,19.0,0.00,0,0,0,0,879.5,747.4,132.0,874.6,1189.3
2023-03-05T05:00,19.4,53,9.6,18.9,0.00,0,0,0,0,854.8,727.5,127.3,876.8,1154.6
2023-03-05T06:00,19.1,54,9.6,18.2,0.00,0,0,0,0,757.1,638.6,118.5,857.0,1036.8
2023-03-05T07:00,18.7,55,9.3,16.9,0.00,0,0,0,0,596.7,493.3,103.5,813.1,844.1
2023-03-05T08:00,18.0,57,9.4,15.8,0.00,0,0,0,0,391.5,308.9,82.5,729.1,589.6
2023-03-05T09:00,17.0,62,9.5,15.2,0.00,0,0,0,0,167.9,118.0,49.8,565.4,290.5
2023-03-05T10:00,14.4,70,8.9,13.1,0.00,0,0,0,0,0.0,0.0,0.0,0.0,0.0
2023-03-05T11:00,12.6,78,8.9,11.1,0.00,0,0,0,0,0.0,0.0,0.0,0.0,0.0
2023-03-05T12:00,12.2,80,8.9,10.6,0.00,0,0,0,0,0.0,0.0,0.0,0.0,0.0
2023-03-05T13:00,12.3,79,8.8,11.0,0.00,0,0,0,0,0.0,0.0,0.0,0.0,0.0
2023-03-05T14:00,12.0,80,8.6,10.6,0.00,0,0,0,0,0.0,0.0,0.0,0.0,0.0
2023-03-05T15:00,11.5,81,8.4,10.0,0.00,0,0,0,0,0.0,0.0,0.0,0.0,0.0
2023-03-05T16:00,11.2,82,8.2,9.6,0.00,0,0,0,0,0.0,0.0,0.0,0.0,0.0
2023-03-05T17:00,11.0,82,8.1,9.3,0.00,0,0,0,0,0.0,0.0,0.0,0.0,0.0
2023-03-05T18:00,10.9,82,8.0,9.2,0.00,0,0,0,0,0.0,0.0,0.0,0.0,0.0
2023-03-05T19:00,10.8,83,8.0,9.1,0.00,0,0,0,0,0.0,0.0,0.0,0.0,0.0
2023-03-05T20:00,10.7,83,8.0,9.0,0.00,0,0,0,0,0.0,0.0,0.0,0.0,0.0
2023-03-05T21:00,10.6,84,8.0,8.9,0.00,0,0,0,0,0.0,0.0,0.0,0.0,0.0
2023-03-05T22:00,10.4,85,8.0,8.7,0.00,0,0,0,0,0.0,0.0,0.0,0.0,0.0
2023-03-05T23:00,11.9,81,8.7,10.3,0.00,0,0,0,0,74.0,34.8,39.2,205.4,235.7
2023-03-06T00:00,15.8,76,11.6,14.8,0.00,0,0,0,0,303.0,207.5,95.5,533.5,541.0
2023-03-06T01:00,18.7,60,10.9,17.0,0.00,0,0,0,0,529.0,413.7,115.3,714.4,805.4
2023-03-06T02:00,19.8,55,10.4,18.2,0.00,0,0,0,0,712.4,586.3,126.1,806.7,1010.8
2023-03-06T03:00,20.6,52,10.4,19.6,0.00,0,0,0,0,834.5,702.6,131.9,854.8,1143.2
2023-03-06T04:00,21.1,50,10.3,20.3,0.00,0,0,0,0,885.4,754.4,131.0,879.1,1193.6
2023-03-06T05:00,21.2,49,10.2,20.4,0.00,0,0,0,0,861.6,736.3,125.3,883.9,1158.5
2023-03-06T06:00,21.0,50,10.0,19.6,0.00,0,0,0,0,763.7,647.1,116.6,865.0,1040.5
2023-03-06T07:00,20.4,50,9.6,18.1,0.00,0,0,0,0,602.3,499.6,102.6,820.0,847.4
2023-03-06T08:00,19.7,52,9.4,16.8,0.00,0,0,0,0,394.2,312.4,81.8,733.2,592.6
2023-03-06T09:00,18.5,56,9.5,16.1,0.00,0,0,0,0,169.7,121.0,48.7,573.8,293.4
2023-03-06T10:00,16.7,59,8.6,14.4,0.00,0,0,0,0,0.0,0.0,0.0,0.0,0.0
2023-03-06T11:00,15.6,63,8.5,13.4,0.00,0,0,0,0,0.0,0.0,0.0,0.0,0.0
2023-03-06T12:00,14.7,66,8.5,12.6,0.00,0,0,0,0,0.0,0.0,0.0,0.0,0.0
2023-03-06T13:00,14.9,66,8.5,12.6,0.00,0,0,0,0,0.0,0.0,0.0,0.0,0.0
2023-03-06T14:00,14.9,65,8.5,12.7,0.00,0,0,0,0,0.0,0.0,0.0,0.0,0.0
2023-03-06T15:00,14.9,66,8.7,12.7,0.00,0,0,0,0,0.0,0.0,0.0,0.0,0.0
2023-03-06T16:00,14.9,66,8.7,12.6,0.00,0,0,0,0,0.0,0.0,0.0,0.0,0.0
2023-03-06T17:00,14.6,67,8.5,12.4,0.00,0,0,0,0,0.0,0.0,0.0,0.0,0.0
2023-03-06T18:00,14.3,67,8.3,12.1,0.00,0,0,0,0,0.0,0.0,0.0,0.0,0.0
2023-03-06T19:00,14.2,67,8.1,11.9,0.00,0,0,0,0,0.0,0.0,0.0,0.0,0.0
2023-03-06T20:00,14.0,66,7.9,11.7,0.00,0,0,0,0,0.0,0.0,0.0,0.0,0.0
2023-03-06T21:00,13.7,68,7.9,11.5,0.00,0,0,0,0,0.0,0.0,0.0,0.0,0.0
2023-03-06T22:00,13.4,69,7.9,11.4,0.00,0,0,0,0,0.0,0.0,0.0,0.0,0.0
2023-03-06T23:00,14.3,70,9.0,12.8,0.00,0,0,0,0,76.0,36.9,39.1,212.9,241.0
2023-03-07T00:00,17.5,68,11.5,16.5,0.00,0,0,0,0,300.5,206.7,93.7,526.1,546.3
2023-03-07T01:00,20.4,56,11.4,19.2,0.00,0,0,0,0,527.1,413.1,114.0,708.6,810.5
2023-03-07T02:00,21.6,49,10.6,20.2,0.00,0,0,0,0,710.8,585.9,124.9,801.9,1015.7
2023-03-07T03:00,22.4,48,10.7,21.9,0.00,0,0,0,0,832.1,702.4,129.7,850.7,1147.8
2023-03-07T04:00,22.9,48,11.4,23.0,0.00,0,0,0,0,882.2,752.2,129.9,873.0,1197.8
2023-03-07T05:00,23.0,50,12.0,22.9,0.00,0,0,0,0,853.7,726.4,127.3,868.7,1162.4
2023-03-07T06:00,23.0,49,11.8,22.8,0.00,1,1,0,0,756.2,638.7,117.6,850.3,1044.0
2023-03-07T07:00,22.6,50,11.7,21.8,0.00,16,16,0,0,589.9,481.0,108.9,786.0,850.7
2023-03-07T08:00,21.7,53,11.7,20.1,0.00,9,9,0,0,383.9,297.1,86.8,693.4,595.6
2023-03-07T09:00,19.9,59,11.7,18.5,0.00,0,0,0,0,162.3,109.5,52.8,514.1,296.2
2023-03-07T10:00,17.6,63,10.4,16.4,0.00,0,0,0,0,0.0,0.0,0.0,0.0,0.0
2023-03-07T11:00,16.7,63,9.7,15.2,0.00,0,0,0,0,0.0,0.0,0.0,0.0,0.0
2023-03-07T12:00,16.1,68,10.3,14.9,0.00,0,0,0,0,0.0,0.0,0.0,0.0,0.0
2023-03-07T13:00,16.2,67,10.0,15.0,0.00,0,0,0,0,0.0,0.0,0.0,0.0,0.0
2023-03-07T14:00,15.3,70,9.8,14.2,0.00,0,0,0,0,0.0,0.0,0.0,0.0,0.0
2023-03-07T15:00,14.0,76,9.7,12.9,0.00,0,0,0,0,0.0,0.0,0.0,0.0,0.0
2023-03-07T16:00,13.7,77,9.7,12.6,0.00,0,0,0,0,0.0,0.0,0.0,0.0,0.0
2023-03-07T17:00,14.0,78,10.1,12.9,0.00,0,0,0,0,0.0,0.0,0.0,0.0,0.0
2023-03-07T18:00,13.6,82,10.6,12.6,0.00,0,0,0,0,0.0,0.0,0.0,0.0,0.0
2023-03-07T19:00,12.3,85,9.9,10.9,0.00,0,0,0,0,0.0,0.0,0.0,0.0,0.0
2023-03-07T20:00,14.0,78,10.2,13.0,0.00,0,0,0,0,0.0,0.0,0.0,0.0,0.0
2023-03-07T21:00,14.0,79,10.4,13.4,0.00,0,0,0,0,0.0,0.0,0.0,0.0,0.0
2023-03-07T22:00,14.4,78,10.7,13.8,0.00,0,0,0,0,0.0,0.0,0.0,0.0,0.0
2023-03-07T23:00,13.9,87,11.8,13.6,0.00,0,0,0,0,75.8,36.8,39.0,207.7,246.4
2023-03-08T00:00,17.8,73,12.9,18.3,0.00,0,0,0,0,298.0,200.5,97.5,505.0,551.6
2023-03-08T01:00,20.4,63,13.1,21.1,0.00,0,0,0,0,519.3,401.9,117.4,684.7,815.7
2023-03-08T02:00,22.0,53,11.9,22.7,0.00,0,0,0,0,701.5,573.4,128.1,780.6,1020.5
2023-03-08T03:00,23.3,47,11.4,24.9,0.00,0,0,0,0,821.2,687.3,133.9,828.8,1152.3
2023-03-08T04:00,24.0,45,11.5,25.6,0.00,0,0,0,0,868.8,732.8,136.0,847.0,1202.0
2023-03-08T05:00,24.1,48,12.6,25.4,0.00,1,1,0,0,819.4,660.8,158.6,787.2,1166.3
2023-03-08T06:00,23.8,53,13.5,25.0,0.00,5,5,0,0,729.0,583.2,145.8,773.5,1047.5
2023-03-08T07:00,23.4,55,13.8,23.8,0.00,1,1,0,0,574.9,460.6,114.3,749.5,853.9
2023-03-08T08:00,23.0,57,14.0,22.6,0.00,4,4,0,0,354.7,256.4,98.3,595.1,598.5
2023-03-08T09:00,22.0,65,15.0,22.7,0.00,5,5,0,0,140.3,84.7,55.6,393.7,298.9
2023-03-08T10:00,21.2,65,14.4,22.5,0.00,1,1,0,0,0.0,0.0,0.0,0.0,0.0
2023-03-08T11:00,18.8,74,14.1,19.2,0.00,0,0,0,0,0.0,0.0,0.0,0.0,0.0
2023-03-08T12:00,18.0,78,14.2,18.8,0.00,0,0,0,0,0.0,0.0,0.0,0.0,0.0
2023-03-08T13:00,17.9,75,13.3,18.2,0.00,0,0,0,0,0.0,0.0,0.0,0.0,0.0
2023-03-08T14:00,16.5,77,12.5,16.5,0.00,0,0,0,0,0.0,0.0,0.0,0.0,0.0
2023-03-08T15:00,15.5,79,11.9,15.3,0.00,0,0,0,0,0.0,0.0,0.0,0.0,0.0
2023-03-08T16:00,17.2,69,11.5,17.2,0.00,0,0,0,0,0.0,0.0,0.0,0.0,0.0
2023-03-08T17:00,16.6,71,11.3,16.8,0.00,1,0,1,0,0.0,0.0,0.0,0.0,0.0
2023-03-08T18:00,12.8,91,11.3,12.0,0.00,7,0,7,0,0.0,0.0,0.0,0.0,0.0
2023-03-08T19:00,13.4,91,11.9,13.1,0.00,5,1,4,0,0.0,0.0,0.0,0.0,0.0
2023-03-08T20:00,11.9,96,11.3,11.7,0.00,23,0,22,0,0.0,0.0,0.0,0.0,0.0
2023-03-08T21:00,13.2,93,12.2,13.7,0.00,99,0,99,0,0.0,0.0,0.0,0.0,0.0
2023-03-08T22:00,13.5,95,12.7,14.2,0.00,100,0,100,0,0.0,0.0,0.0,0.0,0.0
2023-03-08T23:00,14.4,91,13.0,15.0,0.00,100,0,100,0,21.6,0.0,21.6,0.0,251.9
2023-03-09T00:00,15.9,85,13.4,16.7,0.00,100,0,100,0,53.4,8.2,45.1,20.5,556.9
2023-03-09T01:00,17.4,77,13.2,18.2,0.00,99,0,99,0,165.8,5.9,159.8,10.0,820.8
2023-03-09T02:00,19.5,69,13.8,20.5,0.00,78,0,78,0,382.0,71.8,310.2,97.2,1025.4
2023-03-09T03:00,21.5,62,13.9,21.8,0.00,23,0,23,0,546.9,190.7,356.2,229.0,1156.9
2023-03-09T04:00,23.1,54,13.2,24.7,0.00,25,0,25,0,826.0,638.3,187.7,734.8,1206.2
2023-03-09T05:00,23.6,51,12.9,25.2,0.00,1,0,1,0,823.2,656.8,166.4,779.5,1170.1
2023-03-09T06:00,23.4,53,13.2,24.8,0.00,1,0,1,0,746.9,619.0,127.9,817.8,1051.0
2023-03-09T07:00,22.8,55,13.3,23.2,0.00,17,0,16,0,585.7,474.1,111.6,768.2,857.0
2023-03-09T08:00,21.9,62,14.3,22.2,0.00,12,0,12,0,372.9,272.9,100.0,630.2,601.4
2023-03-09T09:00,20.8,70,15.1,21.6,0.00,0,0,0,0,162.6,108.2,54.4,498.0,301.7
2023-03-09T10:00,17.5,87,15.4,18.3,0.00,0,0,0,0,0.0,0.0,0.0,0.0,0.0
2023-03-09T11:00,16.4,91,15.0,17.1,0.00,3,3,0,0,0.0,0.0,0.0,0.0,0.0
2023-03-09T12:00,15.9,94,14.9,16.3,0.00,1,0,0,0,0.0,0.0,0.0,0.0,0.0
2023-03-09T13:00,15.9,94,15.0,16.8,0.00,1,1,0,0,0.0,0.0,0.0,0.0,0.0
2023-03-09T14:00,15.7,95,14.9,16.5,0.00,2,2,0,0,0.0,0.0,0.0,0.0,0.0
2023-03-09T15:00,15.6,94,14.7,16.2,0.00,2,2,0,0,0.0,0.0,0.0,0.0,0.0
2023-03-09T16:00,15.5,93,14.5,16.0,0.00,0,0,0,0,0.0,0.0,0.0,0.0,0.0
2023-03-09T17:00,15.2,93,14.1,15.6,0.00,0,0,0,0,0.0,0.0,0.0,0.0,0.0
2023-03-09T18:00,14.9,93,13.7,15.2,0.00,2,2,0,0,0.0,0.0,0.0,0.0,0.0
2023-03-09T19:00,14.9,92,13.6,15.0,0.00,1,1,0,0,0.0,0.0,0.0,0.0,0.0
2023-03-09T20:00,14.9,91,13.4,14.9,0.00,2,2,0,0,0.0,0.0,0.0,0.0,0.0
2023-03-09T21:00,15.2,90,13.6,15.1,0.00,2,2,0,0,0.0,0.0,0.0,0.0,0.0
2023-03-09T22:00,15.2,90,13.6,15.0,0.00,2,2,0,0,0.0,0.0,0.0,0.0,0.0
2023-03-09T23:00,16.5,88,14.4,16.5,0.00,0,0,0,0,84.2,41.0,43.2,221.2,257.3
2023-03-10T00:00,19.5,81,16.1,19.8,0.00,1,0,0,0,304.0,204.5,99.5,504.7,562.3
2023-03-10T01:00,21.7,67,15.2,20.9,0.00,12,12,0,0,527.4,404.4,123.0,679.7,825.9
2023-03-10T02:00,22.8,59,14.3,21.7,0.00,17,17,0,0,688.5,537.3,151.2,723.9,1030.2
2023-03-10T03:00,23.5,54,13.6,22.7,0.00,18,18,0,0,803.8,635.2,168.5,759.2,1161.3
2023-03-10T04:00,23.8,53,13.8,23.3,0.00,17,17,0,0,853.2,676.7,176.5,776.0,1210.3
2023-03-10T05:00,23.9,53,13.8,23.3,0.00,10,10,0,0,814.4,642.1,172.3,759.2,1173.8
2023-03-10T06:00,23.7,54,13.9,23.0,0.00,7,7,0,0,744.1,602.1,142.0,792.5,1054.4
2023-03-10T07:00,23.2,56,13.8,21.8,0.00,2,2,0,0,595.7,481.4,114.3,776.8,860.1
2023-03-10T08:00,22.4,59,13.9,20.4,0.00,9,1,0,8,394.5,308.4,86.1,708.3,604.3
2023-03-10T09:00,21.2,63,13.9,19.6,0.00,0,0,0,0,171.7,118.5,53.3,540.3,304.3
2023-03-10T10:00,19.7,67,13.4,18.5,0.00,1,1,0,0,0.0,0.0,0.0,0.0,0.0
2023-03-10T11:00,18.9,69,13.1,17.7,0.00,2,2,0,0,0.0,0.0,0.0,0.0,0.0
2023-03-10T12:00,18.9,72,13.7,18.0,0.00,5,3,0,0,0.0,0.0,0.0,0.0,0.0
2023-03-10T13:00,19.0,72,13.8,18.4,0.00,3,3,0,0,0.0,0.0,0.0,0.0,0.0
2023-03-10T14:00,18.4,74,13.7,18.1,0.00,53,3,0,52,0.0,0.0,0.0,0.0,0.0
2023-03-10T15:00,17.9,76,13.6,17.6,0.00,1,1,0,0,0.0,0.0,0.0,0.0,0.0
2023-03-10T16:00,17.5,78,13.6,17.4,0.00,3,3,0,0,0.0,0.0,0.0,0.0,0.0
2023-03-10T17:00,17.1,80,13.6,17.0,0.00,1,1,0,0,0.0,0.0,0.0,0.0,0.0
2023-03-10T18:00,16.9,80,13.5,16.7,0.00,1,1,0,0,0.0,0.0,0.0,0.0,0.0
2023-03-10T19:00,17.0,79,13.3,16.5,0.00,1,1,0,0,0.0,0.0,0.0,0.0,0.0
2023-03-10T20:00,17.2,77,13.1,16.4,0.00,0,0,0,0,0.0,0.0,0.0,0.0,0.0
2023-03-10T21:00,16.9,78,13.0,16.1,0.00,0,0,0,0,0.0,0.0,0.0,0.0,0.0
2023-03-10T22:00,16.9,77,12.9,15.8,0.00,0,0,0,0,0.0,0.0,0.0,0.0,0.0
2023-03-10T23:00,17.9,74,13.1,16.8,0.00,3,0,0,3,88.3,45.2,43.1,238.8,262.8
2023-03-11T00:00,20.2,68,14.0,19.6,0.00,0,0,0,2,311.0,213.2,97.8,521.2,567.6
2023-03-11T01:00,22.1,60,14.0,21.1,0.00,0,0,0,0,532.6,413.3,119.3,690.1,831.0
2023-03-11T02:00,23.4,54,13.4,22.5,0.00,0,0,0,0,712.3,584.4,127.9,783.3,1035.0
2023-03-11T03:00,24.3,49,12.8,24.0,0.00,0,0,0,0,829.8,695.0,134.8,827.1,1165.8
2023-03-11T04:00,24.7,49,13.3,25.0,0.00,1,0,0,1,877.4,742.5,134.9,848.2,1214.4
2023-03-11T05:00,24.8,50,13.8,25.4,0.00,2,0,0,2,850.5,719.3,131.1,847.5,1177.5
2023-03-11T06:00,24.7,52,14.1,25.1,0.00,78,0,0,77,750.7,628.4,122.3,824.2,1057.7
2023-03-11T07:00,24.1,54,14.3,23.6,0.00,52,0,1,52,580.6,459.2,121.5,737.9,863.1
2023-03-11T08:00,23.3,56,14.1,22.2,0.00,1,0,1,0,376.7,279.9,96.9,639.6,607.1
2023-03-11T09:00,21.9,61,14.0,21.2,0.00,0,0,0,0,166.2,112.1,54.1,506.7,307.0
2023-03-11T10:00,20.1,65,13.2,19.6,0.00,0,0,0,0,0.0,0.0,0.0,0.0,0.0
2023-03-11T11:00,19.1,66,12.7,18.6,0.00,32,0,0,32,0.0,0.0,0.0,0.0,0.0
2023-03-11T12:00,18.7,66,12.2,18.2,0.00,66,6,0,100,0.0,0.0,0.0,0.0,0.0
2023-03-11T13:00,19.0,63,11.8,18.5,0.00,51,4,0,49,0.0,0.0,0.0,0.0,0.0
2023-03-11T14:00,18.6,64,11.7,18.0,0.00,25,12,0,14,0.0,0.0,0.0,0.0,0.0
2023-03-11T15:00,18.3,65,11.5,17.6,0.00,2,1,0,1,0.0,0.0,0.0,0.0,0.0
2023-03-11T16:00,17.8,65,11.2,17.1,0.00,0,0,0,0,0.0,0.0,0.0,0.0,0.0
2023-03-11T17:00,16.7,70,11.2,16.0,0.00,0,0,0,0,0.0,0.0,0.0,0.0,0.0
2023-03-11T18:00,15.9,74,11.2,15.1,0.00,2,2,0,0,0.0,0.0,0.0,0.0,0.0
2023-03-11T19:00,17.3,67,11.0,16.8,0.00,1,1,0,0,0.0,0.0,0.0,0.0,0.0
2023-03-11T20:00,17.6,65,10.9,17.8,0.00,0,0,0,0,0.0,0.0,0.0,0.0,0.0
2023-03-11T21:00,16.9,68,10.9,17.0,0.00,0,0,0,0,0.0,0.0,0.0,0.0,0.0
2023-03-11T22:00,14.3,81,11.1,14.1,0.00,0,0,0,0,0.0,0.0,0.0,0.0,0.0
2023-03-11T23:00,16.2,79,12.5,16.7,0.00,0,0,0,0,86.0,40.9,45.2,211.2,268.3
2023-03-12T00:00,20.1,68,13.9,20.9,0.00,0,0,0,0,297.7,194.9,102.9,471.7,572.9
2023-03-12T01:00,22.2,61,14.4,23.3,0.00,0,0,0,0,513.1,386.9,126.2,641.6,836.0
2023-03-12T02:00,24.2,55,14.6,25.8,0.00,2,0,2,0,690.9,553.2,137.7,737.7,1039.7
2023-03-12T03:00,25.7,51,14.7,27.9,0.00,13,4,10,2,779.0,619.0,160.0,733.4,1170.1
2023-03-12T04:00,25.6,52,15.1,26.9,0.00,31,14,26,0,729.1,537.5,191.7,611.7,1218.3
2023-03-12T05:00,25.2,55,15.5,26.3,0.00,36,17,29,0,736.9,543.1,193.8,637.6,1181.1
2023-03-12T06:00,24.3,60,16.0,24.9,0.10,39,15,29,0,665.1,480.7,184.4,628.2,1060.9
2023-03-12T07:00,22.9,66,16.3,22.6,0.50,51,17,41,0,495.9,344.0,151.9,550.7,866.1
2023-03-12T08:00,21.3,72,16.0,20.9,0.10,57,33,47,1,278.4,156.1,122.4,354.8,609.8
2023-03-12T09:00,18.7,86,16.3,18.6,0.20,100,100,32,0,97.0,44.8,52.2,200.8,309.6
2023-03-12T10:00,17.9,85,15.4,17.4,0.10,100,100,51,0,0.0,0.0,0.0,0.0,0.0
2023-03-12T11:00,17.2,85,14.6,16.4,0.20,100,100,32,0,0.0,0.0,0.0,0.0,0.0
2023-03-12T12:00,16.1,83,13.1,14.5,0.40,100,100,99,0,0.0,0.0,0.0,0.0,0.0
2023-03-12T13:00,15.3,81,12.1,13.2,0.40,100,100,100,0,0.0,0.0,0.0,0.0,0.0
2023-03-12T14:00,14.6,82,11.7,13.0,0.30,100,100,100,0,0.0,0.0,0.0,0.0,0.0
2023-03-12T15:00,14.4,82,11.4,13.1,0.20,100,100,100,1,0.0,0.0,0.0,0.0,0.0
2023-03-12T16:00,14.3,83,11.4,13.6,0.20,100,100,100,4,0.0,0.0,0.0,0.0,0.0
2023-03-12T17:00,14.3,82,11.3,14.3,0.20,100,100,100,0,0.0,0.0,0.0,0.0,0.0
2023-03-12T18:00,14.2,82,11.1,13.8,0.20,100,100,100,0,0.0,0.0,0.0,0.0,0.0
2023-03-12T19:00,14.0,81,10.8,13.6,0.10,100,100,100,0,0.0,0.0,0.0,0.0,0.0
2023-03-12T20:00,13.8,80,10.4,12.9,0.10,100,100,100,0,0.0,0.0,0.0,0.0,0.0
2023-03-12T21:00,13.6,80,10.1,12.6,0.10,100,80,100,0,0.0,0.0,0.0,0.0,0.0
2023-03-12T22:00,13.5,78,9.7,12.1,0.10,100,88,100,0,0.0,0.0,0.0,0.0,0.0
2023-03-12T23:00,13.5,79,9.9,12.1,0.10,100,98,100,0,30.0,0.0,30.0,0.0,273.7
2023-03-13T00:00,14.1,78,10.3,13.0,0.00,100,100,100,0,116.0,14.8,101.2,35.6,578.2
2023-03-13T01:00,15.1,69,9.6,13.4,0.00,100,99,100,4,136.6,2.4,134.3,3.9,841.1
2023-03-13T02:00,15.8,65,9.2,13.3,0.00,100,99,100,51,230.1,12.1,218.0,16.1,1044.4
2023-03-13T03:00,15.9,65,9.3,13.3,0.00,100,100,100,3,205.2,9.5,195.7,11.2,1174.5
2023-03-13T04:00,15.7,68,9.7,12.9,0.00,100,100,100,0,194.7,0.0,194.7,0.0,1222.3
2023-03-13T05:00,15.6,69,9.9,13.1,0.00,100,100,100,20,159.5,0.0,159.5,0.0,1184.6
2023-03-13T06:00,15.3,70,9.9,12.6,0.00,100,98,100,19,182.5,20.7,161.8,27.0,1064.1
2023-03-13T07:00,15.1,70,9.7,12.5,0.00,100,94,100,93,162.6,3.6,159.1,5.7,869.0
2023-03-13T08:00,14.9,70,9.5,12.1,0.00,100,69,100,91,93.7,0.0,93.7,0.0,612.5
2023-03-13T09:00,14.6,71,9.5,12.1,0.00,100,71,100,97,53.7,0.7,53.0,3.0,312.2
2023-03-13T10:00,14.4,71,9.3,12.4,0.00,100,100,100,76,0.0,0.0,0.0,0.0,0.0
2023-03-13T11:00,14.5,71,9.4,12.6,0.00,100,38,100,78,0.0,0.0,0.0,0.0,0.0
2023-03-13T12:00,14.4,70,9.0,12.7,0.10,100,2,100,65,0.0,0.0,0.0,0.0,0.0
2023-03-13T13:00,14.5,72,9.6,13.3,0.00,100,15,100,56,0.0,0.0,0.0,0.0,0.0
2023-03-13T14:00,14.6,74,10.0,13.3,0.00,99,38,96,38,0.0,0.0,0.0,0.0,0.0
2023-03-13T15:00,14.3,80,10.9,13.3,0.00,100,6,100,24,0.0,0.0,0.0,0.0,0.0
2023-03-13T16:00,14.5,79,10.9,13.3,0.00,100,11,100,20,0.0,0.0,0.0,0.0,0.0
2023-03-13T17:00,14.4,78,10.6,13.2,0.10,100,6,100,48,0.0,0.0,0.0,0.0,0.0
2023-03-13T18:00,14.6,76,10.4,13.7,0.00,100,8,100,94,0.0,0.0,0.0,0.0,0.0
2023-03-13T19:00,14.3,80,10.8,13.8,0.00,100,16,100,23,0.0,0.0,0.0,0.0,0.0
2023-03-13T20:00,14.6,80,11.1,14.0,0.00,100,10,100,7,0.0,0.0,0.0,0.0,0.0
2023-03-13T21:00,14.5,81,11.3,13.9,0.00,100,10,100,95,0.0,0.0,0.0,0.0,0.0
2023-03-13T22:00,14.4,83,11.5,13.9,0.00,96,17,96,0,0.0,0.0,0.0,0.0,0.0
2023-03-13T23:00,15.2,82,12.2,14.7,0.00,100,0,94,94,66.4,15.0,51.4,74.4,279.2
2023-03-14T00:00,15.9,83,13.1,15.5,0.00,100,4,48,100,201.6,37.6,164.0,89.3,583.5
2023-03-14T01:00,18.1,69,12.4,16.2,0.00,100,100,9,100,417.7,192.9,224.7,315.9,846.1
2023-03-14T02:00,19.4,65,12.8,17.7,0.00,99,63,21,95,433.6,115.6,318.0,152.6,1049.1
2023-03-14T03:00,20.2,63,13.0,18.7,0.00,100,44,17,99,460.7,112.6,348.2,132.3,1178.7
2023-03-14T04:00,21.4,60,13.2,20.4,0.00,100,47,10,99,625.4,260.5,364.9,294.3,1226.1
2023-03-14T05:00,21.5,60,13.4,20.2,0.00,100,51,15,100,499.0,214.3,284.7,249.8,1188.1
2023-03-14T06:00,21.9,59,13.6,20.7,0.00,100,58,21,100,518.4,213.6,304.8,277.2,1067.2
2023-03-14T07:00,21.6,61,13.8,20.4,0.00,100,46,17,99,374.5,125.1,249.4,198.8,871.8
2023-03-14T08:00,20.6,65,13.9,19.3,0.00,69,14,5,62,230.3,66.6,163.7,150.0,615.1
2023-03-14T09:00,19.8,70,14.1,18.9,0.00,100,10,19,99,145.3,74.0,71.3,325.7,314.7
2023-03-14T10:00,18.4,76,14.1,17.9,0.00,96,11,66,88,0.0,0.0,0.0,0.0,0.0
2023-03-14T11:00,17.9,79,14.3,17.4,0.00,51,4,49,0,0.0,0.0,0.0,0.0,0.0
2023-03-14T12:00,18.1,80,14.5,17.8,0.00,57,3,100,0,0.0,0.0,0.0,0.0,0.0
2023-03-14T13:00,18.4,78,14.4,18.0,0.00,100,10,100,8,0.0,0.0,0.0,0.0,0.0
2023-03-14T14:00,18.1,79,14.4,18.0,0.00,98,3,95,62,0.0,0.0,0.0,0.0,0.0
2023-03-14T15:00,17.4,82,14.4,17.5,0.00,69,3,43,44,0.0,0.0,0.0,0.0,0.0
2023-03-14T16:00,16.6,86,14.3,17.0,0.00,49,0,16,39,0.0,0.0,0.0,0.0,0.0
2023-03-14T17:00,15.6,90,14.0,16.1,0.00,18,0,11,7,0.0,0.0,0.0,0.0,0.0
2023-03-14T18:00,15.4,89,13.6,15.7,0.00,7,0,7,0,0.0,0.0,0.0,0.0,0.0
2023-03-14T19:00,16.0,88,14.0,17.0,0.00,9,0,9,0,0.0,0.0,0.0,0.0,0.0
2023-03-14T20:00,15.2,90,13.7,16.1,0.00,5,0,5,0,0.0,0.0,0.0,0.0,0.0
2023-03-14T21:00,14.3,92,13.1,15.0,0.00,5,0,5,0,0.0,0.0,0.0,0.0,0.0
2023-03-14T22:00,13.9,92,12.7,14.4,0.00,5,0,5,0,0.0,0.0,0.0,0.0,0.0
2023-03-14T23:00,16.0,88,14.0,17.2,0.00,5,0,5,0,96.3,42.8,53.5,208.1,284.7
2023-03-15T00:00,18.8,76,14.5,19.9,0.00,1,3,1,87,302.8,194.3,108.5,456.8,588.7
2023-03-15T01:00,20.4,69,14.6,21.2,0.00,77,0,0,77,519.4,372.5,146.9,606.0,851.0
2023-03-15T02:00,21.8,69,15.7,23.3,0.00,38,1,0,37,678.6,486.1,192.5,638.7,1053.6
2023-03-15T03:00,23.4,64,16.3,26.3,0.00,41,1,1,40,821.2,659.3,161.9,771.6,1182.9
2023-03-15T04:00,24.7,58,16.0,27.8,0.00,91,11,10,90,827.0,677.0,150.0,762.0,1229.9
2023-03-15T05:00,25.1,57,16.0,27.1,0.00,100,19,10,100,737.7,531.2,206.4,617.2,1191.5
2023-03-15T06:00,24.8,58,16.0,26.4,0.00,15,5,10,5,663.3,458.2,205.1,592.6,1070.3
2023-03-15T07:00,24.1,62,16.4,25.2,0.00,29,9,13,17,496.2,361.2,135.0,571.7,874.6
2023-03-15T08:00,23.5,67,17.0,24.8,0.00,39,24,29,1,330.8,230.4,100.4,516.3,617.7
2023-03-15T09:00,22.8,71,17.2,24.1,0.00,44,21,30,0,147.7,84.3,63.4,367.9,317.2
2023-03-15T10:00,21.1,79,17.3,22.5,0.00,26,8,21,0,0.0,0.0,0.0,0.0,0.0
2023-03-15T11:00,19.8,86,17.4,21.1,0.00,23,13,12,0,0.0,0.0,0.0,0.0,0.0
2023-03-15T12:00,20.0,86,17.5,21.2,0.00,9,53,63,0,0.0,0.0,0.0,0.0,0.0
2023-03-15T13:00,19.4,88,17.4,20.8,0.00,27,2,27,0,0.0,0.0,0.0,0.0,0.0
2023-03-15T14:00,18.8,91,17.2,20.0,0.00,8,0,8,0,0.0,0.0,0.0,0.0,0.0
2023-03-15T15:00,18.3,92,17.0,19.4,0.00,2,1,1,0,0.0,0.0,0.0,0.0,0.0
2023-03-15T16:00,18.2,92,16.9,19.1,0.00,3,2,1,0,0.0,0.0,0.0,0.0,0.0
2023-03-15T17:00,18.0,92,16.8,19.0,0.00,2,2,0,0,0.0,0.0,0.0,0.0,0.0
2023-03-15T18:00,18.0,92,16.7,18.8,0.00,1,1,0,0,0.0,0.0,0.0,0.0,0.0
2023-03-15T19:00,18.1,92,16.8,18.9,0.00,23,23,0,0,0.0,0.0,0.0,0.0,0.0
2023-03-15T20:00,18.1,93,16.9,18.9,0.00,13,13,0,0,0.0,0.0,0.0,0.0,0.0
2023-03-15T21:00,18.0,93,16.9,19.1,0.00,10,10,0,0,0.0,0.0,0.0,0.0,0.0
2023-03-15T22:00,17.9,94,16.9,19.0,0.00,14,14,0,0,0.0,0.0,0.0,0.0,0.0
2023-03-15T23:00,18.8,92,17.5,19.9,0.00,94,94,0,0,83.3,25.6,57.7,122.3,290.1
2023-03-16T00:00,20.5,85,18.0,21.3,0.00,100,78,0,0,141.5,52.1,89.5,121.3,593.9
2023-03-16T01:00,22.3,78,18.2,22.6,0.00,100,100,0,0,335.6,105.6,230.0,170.8,855.8
2023-03-16T02:00,23.3,73,18.2,23.7,0.00,32,31,9,0,410.0,100.0,310.0,130.8,1058.1
2023-03-16T03:00,23.9,71,18.3,24.5,0.20,28,28,5,0,637.0,370.0,267.0,431.3,1187.0
2023-03-16T04:00,24.0,70,18.3,24.8,0.30,70,32,10,52,697.1,445.8,251.3,500.0,1233.6
2023-03-16T05:00,23.9,72,18.6,24.4,0.40,33,29,12,0,626.1,391.3,234.8,453.1,1194.8
2023-03-16T06:00,23.7,73,18.6,23.9,0.30,65,40,16,40,467.6,231.5,236.2,298.4,1073.2
2023-03-16T07:00,23.7,72,18.3,23.9,0.30,80,75,22,12,404.2,209.3,194.9,330.0,877.3
2023-03-16T08:00,22.9,77,18.7,23.5,0.50,58,43,17,11,183.6,59.3,124.3,132.2,620.3
2023-03-16T09:00,22.5,78,18.4,23.2,0.00,97,19,8,96,121.7,56.1,65.6,242.8,319.7
2023-03-16T10:00,21.3,82,18.1,22.4,0.00,91,27,6,86,0.0,0.0,0.0,0.0,0.0
2023-03-16T11:00,20.4,87,18.1,21.4,0.00,100,35,6,100,0.0,0.0,0.0,0.0,0.0
2023-03-16T12:00,20.0,90,18.3,21.4,0.00,71,28,16,41,0.0,0.0,0.0,0.0,0.0
2023-03-16T13:00,20.0,90,18.3,21.6,0.00,49,46,6,0,0.0,0.0,0.0,0.0,0.0
2023-03-16T14:00,19.5,93,18.3,21.3,0.00,37,28,5,8,0.0,0.0,0.0,0.0,0.0
2023-03-16T15:00,19.1,94,18.1,21.1,0.00,22,20,2,0,0.0,0.0,0.0,0.0,0.0
2023-03-16T16:00,18.2,96,17.6,20.2,0.00,20,14,1,7,0.0,0.0,0.0,0.0,0.0
2023-03-16T17:00,19.0,94,18.0,21.3,0.00,32,12,0,22,0.0,0.0,0.0,0.0,0.0
2023-03-16T18:00,18.3,98,17.9,21.0,0.00,30,30,0,0,0.0,0.0,0.0,0.0,0.0
2023-03-16T19:00,18.0,100,17.9,20.4,0.00,100,100,0,0,0.0,0.0,0.0,0.0,0.0
2023-03-16T20:00,17.7,100,17.7,20.4,0.00,100,100,0,4,0.0,0.0,0.0,0.0,0.0
2023-03-16T21:00,16.7,99,16.6,18.8,0.00,100,100,0,0,0.0,0.0,0.0,0.0,0.0
2023-03-16T22:00,17.0,98,16.7,19.1,0.00,100,100,0,0,0.0,0.0,0.0,0.0,0.0
2023-03-16T23:00,17.6,99,17.5,19.8,0.00,100,100,0,0,68.3,12.8,55.5,59.9,295.5
2023-03-17T00:00,19.5,93,18.4,21.3,0.00,100,100,0,2,163.7,24.0,139.8,55.3,599.0
2023-03-17T01:00,20.8,86,18.3,22.5,0.10,100,100,0,42,215.7,35.2,180.5,56.5,860.7
2023-03-17T02:00,22.1,79,18.3,23.9,0.00,67,67,0,2,448.2,185.6,262.5,241.6,1062.6
2023-03-17T03:00,23.1,74,18.3,24.9,0.00,54,54,1,0,532.7,231.2,301.6,268.4,1191.0
2023-03-17T04:00,23.8,71,18.1,25.1,0.00,39,39,3,0,576.4,300.9,275.6,336.3,1237.2
2023-03-17T05:00,24.0,70,18.1,25.7,0.00,48,48,9,0,593.7,271.9,321.8,313.9,1198.0
2023-03-17T06:00,24.4,67,17.9,26.0,0.00,61,60,20,0,582.4,359.4,223.0,461.8,1076.1
2023-03-17T07:00,23.7,71,18.1,25.1,0.00,65,65,14,0,440.1,255.8,184.2,402.0,879.9
2023-03-17T08:00,23.0,74,18.0,24.6,0.00,64,63,10,0,285.9,152.4,133.5,338.4,622.8
2023-03-17T09:00,22.2,76,17.8,24.2,0.00,35,31,16,0,133.5,61.0,72.5,261.8,322.2
2023-03-17T10:00,20.4,85,17.8,22.8,0.00,21,10,19,0,0.0,0.0,0.0,0.0,0.0
2023-03-17T11:00,20.4,84,17.6,22.7,0.00,25,0,25,0,0.0,0.0,0.0,0.0,0.0
2023-03-17T12:00,19.1,92,17.8,21.1,0.00,21,0,19,0,0.0,0.0,0.0,0.0,0.0
2023-03-17T13:00,18.5,95,17.6,20.6,0.00,3,0,3,0,0.0,0.0,0.0,0.0,0.0
2023-03-17T14:00,17.8,96,17.1,19.4,0.00,32,3,30,0,0.0,0.0,0.0,0.0,0.0
2023-03-17T15:00,17.6,96,16.9,19.2,0.00,45,5,42,0,0.0,0.0,0.0,0.0,0.0
2023-03-17T16:00,17.6,97,17.1,19.4,0.00,64,63,2,0,0.0,0.0,0.0,0.0,0.0
2023-03-17T17:00,17.6,94,16.7,19.1,0.00,100,100,9,0,0.0,0.0,0.0,0.0,0.0
2023-03-17T18:00,17.8,93,16.6,19.5,0.00,100,100,6,0,0.0,0.0,0.0,0.0,0.0
2023-03-17T19:00,18.3,88,16.4,19.7,0.00,100,100,1,0,0.0,0.0,0.0,0.0,0.0
2023-03-17T20:00,18.1,86,15.7,18.6,0.00,100,100,0,0,0.0,0.0,0.0,0.0,0.0
2023-03-17T21:00,17.8,84,15.1,17.7,0.00,100,100,2,0,0.0,0.0,0.0,0.0,0.0
2023-03-17T22:00,17.4,84,14.7,17.0,0.00,100,100,0,9,0.0,0.0,0.0,0.0,0.0
2023-03-17T23:00,17.3,84,14.5,16.8,0.00,100,100,0,1,32.0,0.0,32.0,0.0,300.8
2023-03-18T00:00,18.2,81,14.9,17.5,0.00,100,100,0,0,104.8,21.2,83.6,48.6,604.1
2023-03-18T01:00,19.1,76,14.8,18.0,0.00,86,86,0,0,243.5,30.4,213.1,48.6,865.4
2023-03-18T02:00,20.0,73,15.0,18.8,0.00,62,62,0,0,434.7,155.9,278.8,201.9,1066.9
2023-03-18T03:00,20.2,73,15.1,19.0,0.00,82,82,0,0,494.7,139.7,355.0,161.6,1194.9
2023-03-18T04:00,19.7,73,14.8,18.3,0.00,100,100,0,0,413.2,99.3,314.0,110.6,1240.7
2023-03-18T05:00,19.5,73,14.5,18.0,0.00,100,100,0,29,366.8,73.4,293.4,84.4,1201.1
2023-03-18T06:00,19.2,73,14.3,17.6,0.00,100,100,0,2,351.0,72.4,278.5,92.8,1079.0
2023-03-18T07:00,18.5,75,14.1,17.0,0.00,100,100,1,0,216.5,32.2,184.3,50.4,882.5
2023-03-18T08:00,18.2,76,13.9,16.8,0.00,100,100,1,0,131.9,9.9,122.0,21.9,625.2
2023-03-18T09:00,17.8,77,13.8,16.6,0.00,100,100,0,4,57.1,2.0,55.0,8.7,324.6
2023-03-18T10:00,17.4,80,13.9,16.8,0.00,100,100,1,0,0.1,0.0,0.1,0.0,1.1
2023-03-18T11:00,17.4,80,14.0,16.9,0.00,100,100,1,1,0.0,0.0,0.0,0.0,0.0
2023-03-18T12:00,17.4,83,14.5,17.1,0.00,100,100,31,3,0.0,0.0,0.0,0.0,0.0
2023-03-18T13:00,17.2,85,14.7,17.0,0.00,100,100,42,1,0.0,0.0,0.0,0.0,0.0
2023-03-18T14:00,17.5,84,14.8,17.5,0.00,100,100,46,0,0.0,0.0,0.0,0.0,0.0
2023-03-18T15:00,17.6,84,15.0,17.7,0.00,100,100,55,0,0.0,0.0,0.0,0.0,0.0
2023-03-18T16:00,17.6,86,15.3,17.9,0.00,100,100,92,0,0.0,0.0,0.0,0.0,0.0
2023-03-18T17:00,17.7,87,15.4,18.1,0.00,100,100,100,0,0.0,0.0,0.0,0.0,0.0
2023-03-18T18:00,17.7,87,15.5,18.0,0.00,100,100,100,0,0.0,0.0,0.0,0.0,0.0
2023-03-18T19:00,17.6,88,15.5,17.9,0.00,100,100,100,0,0.0,0.0,0.0,0.0,0.0
2023-03-18T20:00,17.7,87,15.5,18.0,0.00,100,100,100,0,0.0,0.0,0.0,0.0,0.0
2023-03-18T21:00,17.7,87,15.5,17.9,0.00,100,100,100,0,0.0,0.0,0.0,0.0,0.0
2023-03-18T22:00,17.7,87,15.5,17.9,0.10,100,100,100,0,0.0,0.0,0.0,0.0,0.0
2023-03-18T23:00,17.9,87,15.7,18.0,0.10,100,100,100,0,25.4,0.0,25.4,0.0,306.1
2023-03-19T00:00,19.1,83,16.1,19.0,0.00,100,22,74,0,86.0,0.0,86.0,0.0,609.1
2023-03-19T01:00,20.9,76,16.5,20.4,0.00,93,84,62,0,283.0,78.4,204.7,124.4,870.0
2023-03-19T02:00,22.0,71,16.6,21.7,0.00,99,99,50,0,350.0,53.8,296.2,69.3,1071.2
2023-03-19T03:00,22.5,70,16.9,22.5,0.00,94,62,27,81,366.5,66.2,300.3,76.2,1198.8
2023-03-19T04:00,22.7,71,17.2,22.9,0.00,88,31,46,67,431.4,145.8,285.6,161.9,1244.1
2023-03-19T05:00,22.8,72,17.5,22.9,0.00,75,24,48,45,446.9,108.6,338.4,124.5,1204.2
2023-03-19T06:00,22.6,73,17.5,23.0,0.00,79,72,62,6,331.2,36.7,294.5,46.9,1081.7
2023-03-19T07:00,21.9,77,17.6,22.2,0.00,46,24,36,0,234.4,34.9,199.5,54.5,885.1
2023-03-19T08:00,21.8,78,17.7,22.2,0.00,71,39,55,26,157.6,10.7,146.8,23.6,627.6
2023-03-19T09:00,21.1,80,17.5,21.5,0.00,34,6,25,7,76.3,18.4,57.9,77.7,327.0
2023-03-19T10:00,20.1,85,17.5,20.7,0.00,45,32,17,15,0.9,0.3,0.6,3.0,3.6
2023-03-19T11:00,19.4,88,17.4,20.1,0.00,69,60,18,12,0.0,0.0,0.0,0.0,0.0
2023-03-19T12:00,19.5,90,17.9,20.7,0.00,89,95,80,73,0.0,0.0,0.0,0.0,0.0
2023-03-19T13:00,19.6,90,17.9,20.7,0.00,93,28,86,33,0.0,0.0,0.0,0.0,0.0
2023-03-19T14:00,19.6,91,18.0,20.7,0.00,58,11,37,31,0.0,0.0,0.0,0.0,0.0
2023-03-19T15:00,18.9,95,18.0,21.1,0.00,71,10,39,55,0.0,0.0,0.0,0.0,0.0
2023-03-19T16:00,18.2,96,17.6,20.4,0.00,94,11,56,88,0.0,0.0,0.0,0.0,0.0
2023-03-19T17:00,17.1,98,16.8,18.8,0.00,60,41,36,9,0.0,0.0,0.0,0.0,0.0
2023-03-19T18:00,16.9,99,16.8,18.5,0.00,66,41,29,29,0.0,0.0,0.0,0.0,0.0
2023-03-19T19:00,17.6,99,17.4,19.9,0.00,91,57,36,67,0.0,0.0,0.0,0.0,0.0
2023-03-19T20:00,18.0,98,17.7,20.1,0.10,100,100,48,22,0.0,0.0,0.0,0.0,0.0
2023-03-19T21:00,18.1,99,17.9,20.4,0.10,100,100,36,19,0.0,0.0,0.0,0.0,0.0
2023-03-19T22:00,18.1,99,18.0,20.8,0.10,100,100,38,0,0.0,0.0,0.0,0.0,0.0
2023-03-19T23:00,18.4,96,17.8,20.7,0.10,100,100,13,0,39.4,4.1,35.2,18.4,311.3
2023-03-20T00:00,18.9,95,18.0,21.1,0.00,100,95,0,0,135.9,22.4,113.4,50.4,614.1
2023-03-20T01:00,20.7,85,18.1,22.6,0.00,100,100,3,0,378.5,153.0,225.4,241.5,874.7
2023-03-20T02:00,22.3,78,18.2,23.9,0.00,55,54,2,0,504.4,217.1,287.3,278.7,1075.4
2023-03-20T03:00,24.6,69,18.5,26.6,0.00,42,38,7,0,692.8,419.9,272.9,482.0,1202.5
2023-03-20T04:00,26.7,61,18.5,29.4,0.00,39,30,11,2,761.4,502.2,259.2,555.7,1247.5
2023-03-20T05:00,26.7,61,18.6,29.5,0.00,80,32,17,64,720.7,472.3,248.4,540.1,1207.2
2023-03-20T06:00,25.7,65,18.7,28.6,0.00,85,62,25,51,664.3,471.4,192.9,600.1,1084.4
2023-03-20T07:00,24.7,70,18.9,27.3,0.00,100,100,42,10,403.6,174.5,229.1,271.4,887.6
2023-03-20T08:00,23.9,73,18.7,26.6,0.00,98,98,38,0,225.4,85.8,139.5,188.1,630.0
2023-03-20T09:00,23.4,73,18.4,26.4,0.00,95,95,29,3,104.4,33.4,71.0,140.2,329.4
2023-03-20T10:00,22.5,82,19.2,25.5,0.00,100,97,46,85,1.4,0.4,1.0,4.6,6.1
2023-03-20T11:00,22.0,83,18.9,24.4,0.00,100,100,36,91,0.0,0.0,0.0,0.0,0.0
2023-03-20T12:00,20.5,89,18.6,22.4,0.00,64,26,17,24,0.0,0.0,0.0,0.0,0.0
2023-03-20T13:00,20.4,88,18.3,22.2,0.00,77,48,6,53,0.0,0.0,0.0,0.0,0.0
2023-03-20T14:00,20.4,88,18.4,22.4,0.00,100,63,8,100,0.0,0.0,0.0,0.0,0.0
2023-03-20T15:00,20.2,90,18.5,22.5,0.00,100,35,3,99,0.0,0.0,0.0,0.0,0.0
2023-03-20T16:00,18.8,95,17.9,20.9,0.00,46,22,2,30,0.0,0.0,0.0,0.0,0.0
2023-03-20T17:00,18.3,94,17.4,20.6,0.00,38,21,3,20,0.0,0.0,0.0,0.0,0.0
2023-03-20T18:00,18.7,91,17.2,21.0,0.00,23,20,2,2,0.0,0.0,0.0,0.0,0.0
2023-03-20T19:00,20.7,80,17.2,23.0,0.00,91,28,2,87,0.0,0.0,0.0,0.0,0.0
2023-03-20T20:00,20.6,80,17.1,22.8,0.00,100,22,0,100,0.0,0.0,0.0,0.0,0.0
2023-03-20T21:00,20.6,80,17.1,22.8,0.00,100,17,0,100,0.0,0.0,0.0,0.0,0.0
2023-03-20T22:00,18.4,90,16.8,20.0,0.00,100,8,1,100,0.0,0.0,0.0,0.0,0.0
2023-03-20T23:00,20.2,86,17.8,22.4,0.00,100,3,4,100,87.5,10.2,77.3,44.3,316.6
2023-03-21T00:00,21.4,83,18.3,23.9,0.00,100,0,0,100,276.2,123.6,152.6,275.6,619.1
2023-03-21T01:00,23.0,77,18.7,25.9,0.00,100,0,0,100,439.9,208.9,231.0,327.8,879.3
2023-03-21T02:00,23.8,72,18.6,26.5,0.00,100,0,0,100,467.9,131.5,336.4,168.1,1079.6
2023-03-21T03:00,25.0,68,18.6,27.8,0.00,100,0,0,100,585.5,235.0,350.5,268.9,1206.3
2023-03-21T04:00,26.9,63,19.2,30.4,0.00,100,34,2,100,810.8,580.0,230.8,639.8,1250.8
2023-03-21T05:00,27.6,62,19.6,29.7,0.00,100,48,0,100,579.8,198.5,381.3,226.3,1210.2
2023-03-21T06:00,27.3,65,20.2,29.9,0.00,100,100,7,100,627.6,356.6,271.0,452.6,1087.1
2023-03-21T07:00,25.8,73,20.5,27.9,0.10,100,100,9,100,332.1,94.0,238.1,145.7,890.0
2023-03-21T08:00,24.8,77,20.5,27.2,0.00,100,95,4,100,172.6,15.7,156.9,34.2,632.3
2023-03-21T09:00,24.2,78,20.2,26.8,0.00,92,29,0,89,86.2,21.9,64.3,91.1,331.7
2023-03-21T10:00,23.2,82,19.9,26.1,0.00,100,100,0,58,2.5,0.8,1.8,8.6,8.6
2023-03-21T11:00,22.2,87,19.9,25.3,0.00,100,100,0,4,0.0,0.0,0.0,0.0,0.0
2023-03-21T12:00,22.8,84,20.0,26.3,0.00,39,9,0,5,0.0,0.0,0.0,0.0,0.0
2023-03-21T13:00,22.0,88,19.9,25.6,0.00,3,0,1,2,0.0,0.0,0.0,0.0,0.0
2023-03-21T14:00,21.0,91,19.6,24.0,0.00,8,4,4,0,0.0,0.0,0.0,0.0,0.0
2023-03-21T15:00,20.6,92,19.2,23.4,0.00,51,2,4,49,0.0,0.0,0.0,0.0,0.0
2023-03-21T16:00,19.8,95,19.0,22.6,0.00,97,0,7,97,0.0,0.0,0.0,0.0,0.0
2023-03-21T17:00,19.5,96,18.8,21.9,0.00,100,0,2,100,0.0,0.0,0.0,0.0,0.0
2023-03-21T18:00,19.3,95,18.5,21.2,0.00,100,15,17,100,0.0,0.0,0.0,0.0,0.0
2023-03-21T19:00,19.5,96,18.8,21.7,0.00,97,18,1,97,0.0,0.0,0.0,0.0,0.0
2023-03-21T20:00,19.5,97,19.0,22.0,0.00,86,83,1,17,0.0,0.0,0.0,0.0,0.0
2023-03-21T21:00,19.8,96,19.2,22.8,0.00,100,100,0,91,0.0,0.0,0.0,0.0,0.0
2023-03-21T22:00,20.3,96,19.6,23.4,0.00,100,100,0,85,0.0,0.0,0.0,0.0,0.0
2023-03-21T23:00,21.5,93,20.4,24.7,0.00,100,78,0,100,71.9,18.0,54.0,77.0,322.0
2023-03-22T00:00,24.2,86,21.6,28.1,0.00,100,14,0,36,196.7,85.2,111.5,188.4,624.1
2023-03-22T01:00,26.0,74,21.1,30.0,0.00,89,79,0,46,444.0,250.6,193.5,391.0,883.9
2023-03-22T02:00,27.0,71,21.3,31.3,0.00,100,53,2,100,484.1,235.5,248.6,299.6,1083.7
2023-03-22T03:00,27.5,70,21.5,31.6,0.00,98,24,2,98,419.6,78.7,340.9,89.7,1210.0
2023-03-22T04:00,28.5,68,22.1,33.1,0.00,69,2,0,68,606.2,278.3,327.9,306.0,1254.1
2023-03-22T05:00,29.7,65,22.4,36.0,0.00,23,7,3,15,768.5,540.7,227.8,614.6,1213.0
2023-03-22T06:00,30.0,64,22.6,35.1,0.00,7,0,4,4,634.2,421.6,212.7,533.5,1089.7
2023-03-22T07:00,27.7,73,22.5,30.4,0.00,51,36,1,23,508.5,334.8,173.7,517.4,892.3
2023-03-22T08:00,26.1,74,21.0,28.3,0.00,95,53,3,90,304.9,180.2,124.8,391.5,634.6
2023-03-22T09:00,25.0,75,20.3,26.9,0.00,51,29,19,14,84.3,23.3,61.0,96.2,334.0
2023-03-22T10:00,24.1,77,19.9,25.9,0.00,58,12,6,49,3.2,1.1,2.1,13.1,11.0
2023-03-22T11:00,23.3,80,19.7,25.2,0.00,49,1,21,35,0.0,0.0,0.0,0.0,0.0
2023-03-22T12:00,22.2,87,19.9,25.2,0.00,100,0,0,46,0.0,0.0,0.0,0.0,0.0
2023-03-22T13:00,22.8,80,19.2,24.9,0.00,100,0,6,100,0.0,0.0,0.0,0.0,0.0
2023-03-22T14:00,22.6,83,19.5,25.5,0.00,54,0,3,52,0.0,0.0,0.0,0.0,0.0
2023-03-22T15:00,21.1,88,19.1,23.5,0.00,2,0,0,1,0.0,0.0,0.0,0.0,0.0
2023-03-22T16:00,19.7,92,18.4,21.6,0.00,7,0,0,7,0.0,0.0,0.0,0.0,0.0
2023-03-22T17:00,19.6,91,18.2,21.8,0.00,0,0,0,0,0.0,0.0,0.0,0.0,0.0
2023-03-22T18:00,18.9,92,17.5,20.9,0.00,99,0,0,99,0.0,0.0,0.0,0.0,0.0
2023-03-22T19:00,18.5,92,17.3,20.5,0.00,100,1,0,100,0.0,0.0,0.0,0.0,0.0
2023-03-22T20:00,18.6,92,17.3,20.7,0.00,92,1,0,92,0.0,0.0,0.0,0.0,0.0
2023-03-22T21:00,18.3,92,17.1,20.4,0.00,28,1,0,27,0.0,0.0,0.0,0.0,0.0
2023-03-22T22:00,17.6,95,16.9,19.5,0.00,100,1,0,100,0.0,0.0,0.0,0.0,3.8
2023-03-22T23:00,19.1,93,17.9,20.9,0.00,100,2,0,100,104.1,19.6,84.5,82.7,327.3
2023-03-23T00:00,21.3,89,19.5,23.8,0.00,100,13,0,99,193.6,19.6,173.9,43.0,629.1
2023-03-23T01:00,23.1,82,19.8,26.3,0.00,85,63,0,59,363.2,103.6,259.6,160.7,888.5
2023-03-23T02:00,25.8,76,21.2,30.5,0.00,64,19,0,55,703.8,488.2,215.6,618.5,1087.8
2023-03-23T03:00,28.9,67,22.1,32.8,0.00,98,19,0,98,614.5,340.8,273.7,387.0,1213.7
2023-03-23T04:00,30.9,60,22.1,37.0,0.00,100,21,0,100,777.1,492.8,284.3,540.1,1257.3
2023-03-23T05:00,28.3,67,21.6,31.2,0.00,100,65,0,99,676.5,313.8,362.7,355.7,1215.9
2023-03-23T06:00,27.3,69,21.0,30.9,0.00,89,60,0,72,630.5,396.2,234.3,499.9,1092.2
2023-03-23T07:00,26.6,72,21.1,29.6,0.00,100,97,0,100,295.5,120.0,175.5,184.8,894.6
2023-03-23T08:00,25.4,75,20.8,26.8,0.10,100,100,6,100,261.3,98.4,162.9,212.9,636.8
2023-03-23T09:00,23.8,83,20.7,26.0,0.10,100,100,4,100,59.1,0.0,59.1,0.0,336.2
2023-03-23T10:00,23.2,84,20.4,25.8,0.00,100,7,1,100,2.7,0.2,2.6,1.7,13.4
2023-03-23T11:00,22.0,86,19.6,25.0,0.00,100,8,1,100,0.0,0.0,0.0,0.0,0.0
2023-03-23T12:00,21.1,91,19.5,23.1,0.00,93,6,5,99,0.0,0.0,0.0,0.0,0.0
2023-03-23T13:00,20.8,93,19.6,23.6,0.00,100,1,1,100,0.0,0.0,0.0,0.0,0.0
2023-03-23T14:00,19.7,95,18.9,22.6,0.00,100,0,0,100,0.0,0.0,0.0,0.0,0.0
2023-03-23T15:00,19.3,97,18.8,21.7,0.00,93,9,2,92,0.0,0.0,0.0,0.0,0.0
2023-03-23T16:00,20.6,94,19.5,23.9,0.00,100,100,0,100,0.0,0.0,0.0,0.0,0.0
2023-03-23T17:00,20.5,94,19.5,23.8,0.00,100,100,0,78,0.0,0.0,0.0,0.0,0.0
2023-03-23T18:00,20.2,96,19.5,23.5,0.00,100,100,0,100,0.0,0.0,0.0,0.0,0.0
2023-03-23T19:00,20.1,94,19.2,22.6,0.00,100,100,0,100,0.0,0.0,0.0,0.0,0.0
2023-03-23T20:00,19.8,90,18.1,21.3,0.00,100,100,0,58,0.0,0.0,0.0,0.0,0.0
2023-03-23T21:00,19.6,90,17.9,20.9,0.00,100,93,0,95,0.0,0.0,0.0,0.0,0.0
2023-03-23T22:00,20.0,89,18.1,21.2,0.00,100,100,0,43,0.0,0.0,0.0,0.0,9.5
2023-03-23T23:00,21.1,85,18.5,22.3,0.00,100,100,0,73,54.1,0.0,54.1,0.0,332.7
2023-03-24T00:00,21.4,85,18.8,23.8,0.00,98,100,0,75,122.6,5.2,117.4,11.3,634.1
2023-03-24T01:00,21.7,84,18.9,24.1,0.10,100,100,2,77,137.2,8.1,129.1,12.6,893.0
2023-03-24T02:00,21.9,81,18.6,23.8,0.10,100,100,0,13,245.0,29.5,215.5,37.3,1091.9
2023-03-24T03:00,22.3,79,18.4,23.7,0.00,100,100,0,18,318.7,73.4,245.3,83.0,1217.3
2023-03-24T04:00,22.3,79,18.4,23.8,0.00,100,100,0,0,321.7,46.5,275.2,50.9,1260.5
2023-03-24T05:00,21.8,80,18.1,23.5,0.00,100,100,1,2,222.9,0.0,222.9,0.0,1218.6
2023-03-24T06:00,21.7,80,18.0,23.4,0.00,100,100,2,49,205.1,0.0,205.1,0.0,1094.6
2023-03-24T07:00,21.8,79,17.9,23.2,0.00,98,96,2,64,193.4,18.8,174.6,28.9,896.9
2023-03-24T08:00,21.8,78,17.8,23.2,0.00,77,33,6,65,180.4,31.4,148.9,67.8,638.9
2023-03-24T09:00,21.7,79,18.0,23.3,0.00,66,6,1,64,117.7,34.4,83.3,140.1,338.4
2023-03-24T10:00,20.5,85,17.8,22.3,0.00,99,27,0,98,5.4,2.1,3.3,24.3,15.7
2023-03-24T11:00,19.5,89,17.6,21.1,0.00,100,32,0,100,0.0,0.0,0.0,0.0,0.0
2023-03-24T12:00,19.7,88,17.6,21.0,0.00,100,46,1,100,0.0,0.0,0.0,0.0,0.0
2023-03-24T13:00,19.8,88,17.7,20.9,0.00,100,100,1,100,0.0,0.0,0.0,0.0,0.0
2023-03-24T14:00,20.0,86,17.6,21.1,0.00,100,100,0,100,0.0,0.0,0.0,0.0,0.0
2023-03-24T15:00,19.6,87,17.5,20.3,0.00,100,99,1,100,0.0,0.0,0.0,0.0,0.0
2023-03-24T16:00,19.5,88,17.4,20.1,0.00,100,100,0,100,0.0,0.0,0.0,0.0,0.0
2023-03-24T17:00,19.4,87,17.3,19.6,0.00,100,100,0,100,0.0,0.0,0.0,0.0,0.0
2023-03-24T18:00,19.3,87,17.2,19.5,0.00,100,100,2,100,0.0,0.0,0.0,0.0,0.0
2023-03-24T19:00,19.2,88,17.1,19.4,0.00,100,100,1,100,0.0,0.0,0.0,0.0,0.0
2023-03-24T20:00,19.2,87,17.1,19.7,0.00,100,100,3,100,0.0,0.0,0.0,0.0,0.0
2023-03-24T21:00,19.0,87,16.7,19.2,0.00,100,100,15,100,0.0,0.0,0.0,0.0,0.0
2023-03-24T22:00,18.7,87,16.4,19.1,0.00,100,100,32,99,0.0,0.0,0.0,0.0,15.2
2023-03-24T23:00,18.8,85,16.3,19.1,0.00,100,68,51,100,43.8,0.0,43.8,0.0,338.1
2023-03-25T00:00,19.6,81,16.3,18.9,0.00,100,100,10,27,160.0,14.3,145.7,30.8,639.1
2023-03-25T01:00,20.8,76,16.5,20.1,0.00,100,100,9,59,264.8,59.2,205.6,90.9,897.6
2023-03-25T02:00,21.6,75,17.0,21.5,0.00,100,100,61,100,312.7,72.2,240.5,90.6,1096.0
2023-03-25T03:00,21.8,76,17.4,21.9,0.00,100,63,19,100,240.0,12.6,227.4,14.2,1220.8
2023-03-25T04:00,23.8,69,17.8,24.1,0.00,100,53,16,100,515.8,138.6,377.3,151.0,1263.5
2023-03-25T05:00,23.4,71,17.9,23.6,0.00,89,33,33,76,372.4,70.4,302.0,79.3,1221.3
2023-03-25T06:00,23.6,72,18.3,24.0,0.00,100,74,98,99,409.3,133.6,275.7,167.7,1097.0
2023-03-25T07:00,22.2,78,18.1,22.5,0.10,100,95,89,100,282.2,87.8,194.4,134.4,899.1
2023-03-25T08:00,21.6,79,17.7,22.1,0.00,100,54,56,100,174.7,11.6,163.1,24.9,641.0
2023-03-25T09:00,20.6,81,17.3,21.2,0.20,100,100,52,100,53.1,0.0,53.1,0.0,340.6
2023-03-25T10:00,19.2,87,17.1,19.9,0.80,100,39,97,100,1.3,0.0,1.3,0.0,18.1
2023-03-25T11:00,18.5,92,17.1,19.8,2.80,100,9,95,100,0.0,0.0,0.0,0.0,0.0
2023-03-25T12:00,17.8,90,16.1,19.5,7.80,100,5,100,100,0.0,0.0,0.0,0.0,0.0
2023-03-25T13:00,17.8,92,16.5,19.2,1.50,100,5,86,100,0.0,0.0,0.0,0.0,0.0
2023-03-25T14:00,17.3,94,16.3,18.1,0.50,86,37,39,65,0.0,0.0,0.0,0.0,0.0
2023-03-25T15:00,17.1,95,16.2,17.9,0.00,100,0,93,100,0.0,0.0,0.0,0.0,0.0
2023-03-25T16:00,17.3,94,16.3,18.7,0.10,100,100,51,100,0.0,0.0,0.0,0.0,0.0
2023-03-25T17:00,18.1,88,16.1,19.7,0.20,100,100,100,100,0.0,0.0,0.0,0.0,0.0
2023-03-25T18:00,17.8,91,16.3,19.4,0.50,100,99,72,100,0.0,0.0,0.0,0.0,0.0
2023-03-25T19:00,17.3,91,15.8,18.5,0.80,100,54,99,100,0.0,0.0,0.0,0.0,0.0
2023-03-25T20:00,17.0,90,15.4,18.0,0.80,100,100,62,100,0.0,0.0,0.0,0.0,0.0
2023-03-25T21:00,16.8,89,15.0,17.6,0.20,100,100,56,100,0.0,0.0,0.0,0.0,0.0
2023-03-25T22:00,16.6,89,14.7,17.5,0.10,100,100,100,100,0.0,0.0,0.0,0.0,20.8
2023-03-25T23:00,16.5,89,14.6,17.0,0.60,100,47,92,100,28.1,0.0,28.1,0.0,343.5
2023-03-26T00:00,16.7,86,14.3,16.7,0.90,100,100,100,100,111.5,1.3,110.2,2.8,644.0
2023-03-26T01:00,16.2,88,14.2,16.1,0.70,100,100,100,100,118.3,4.6,113.7,7.1,902.1
2023-03-26T02:00,16.2,84,13.6,15.9,0.30,100,100,45,100,181.4,2.2,179.2,2.7,1100.0
2023-03-26T03:00,17.1,80,13.6,16.2,0.00,100,90,21,100,388.6,45.0,343.6,50.6,1224.3
2023-03-26T04:00,16.7,78,12.9,16.0,0.00,100,100,37,100,204.3,2.0,202.2,2.2,1266.6
2023-03-26T05:00,16.6,78,12.8,15.9,0.00,100,100,82,100,167.1,0.0,167.1,0.0,1223.9
2023-03-26T06:00,17.0,76,12.8,16.2,0.10,100,100,100,100,197.6,8.5,189.1,10.6,1099.3
2023-03-26T07:00,16.2,79,12.6,15.4,0.20,100,100,100,100,84.2,0.0,84.2,0.0,901.2
2023-03-26T08:00,16.0,79,12.5,15.1,0.10,100,100,100,100,64.6,0.0,64.6,0.0,643.1
2023-03-26T09:00,15.9,79,12.2,15.0,0.00,100,100,87,100,44.9,0.0,44.9,0.0,342.7
2023-03-26T10:00,15.5,80,12.2,14.9,0.00,100,100,86,100,1.3,0.0,1.3,0.0,20.4
2023-03-26T11:00,15.8,81,12.6,16.0,0.00,100,100,79,100,0.0,0.0,0.0,0.0,0.0
2023-03-26T12:00,15.5,84,12.8,15.5,0.00,100,100,60,100,0.0,0.0,0.0,0.0,0.0
2023-03-26T13:00,15.9,83,13.1,16.3,0.10,100,100,89,100,0.0,0.0,0.0,0.0,0.0
2023-03-26T14:00,16.0,84,13.4,16.5,0.10,100,100,85,100,0.0,0.0,0.0,0.0,0.0
2023-03-26T15:00,16.0,88,14.0,16.9,0.10,100,100,100,69,0.0,0.0,0.0,0.0,0.0
2023-03-26T16:00,16.0,91,14.6,16.8,0.00,100,100,59,40,0.0,0.0,0.0,0.0,0.0
2023-03-26T17:00,16.0,88,14.1,16.9,0.00,95,93,42,0,0.0,0.0,0.0,0.0,0.0
2023-03-26T18:00,15.7,92,14.4,16.5,0.10,100,100,66,0,0.0,0.0,0.0,0.0,0.0
2023-03-26T19:00,16.1,89,14.3,16.9,0.10,100,100,82,0,0.0,0.0,0.0,0.0,0.0
2023-03-26T20:00,16.2,89,14.4,17.1,0.00,100,100,100,0,0.0,0.0,0.0,0.0,0.0
2023-03-26T21:00,16.3,87,14.1,17.0,0.00,100,100,94,0,0.0,0.0,0.0,0.0,0.0
2023-03-26T22:00,16.3,86,14.0,16.4,0.00,100,100,35,0,0.0,0.0,0.0,0.0,26.5
2023-03-26T23:00,16.7,85,14.2,16.6,0.00,93,92,28,0,66.5,3.7,62.8,14.6,348.8
2023-03-27T00:00,17.2,86,14.8,16.9,0.00,100,100,32,23,155.2,14.2,141.0,30.2,649.0
2023-03-27T01:00,18.1,80,14.6,17.2,0.00,100,100,34,26,227.2,19.7,207.5,29.9,906.5
2023-03-27T02:00,19.1,73,14.3,17.6,0.00,100,100,20,15,298.1,6.6,291.6,8.2,1103.9
2023-03-27T03:00,20.0,71,14.7,18.5,0.00,100,100,10,49,439.8,108.9,330.9,122.0,1227.7
2023-03-27T04:00,20.5,69,14.7,19.1,0.00,100,100,16,100,437.8,103.1,334.6,111.7,1269.5
2023-03-27T05:00,19.6,74,14.8,18.3,0.00,100,100,18,100,319.5,45.0,274.6,50.4,1226.5
2023-03-27T06:00,19.0,76,14.6,17.7,0.00,100,100,41,100,202.3,22.6,179.7,28.2,1101.5
2023-03-27T07:00,18.8,74,14.1,17.4,0.00,100,100,28,50,174.7,4.5,170.2,6.8,903.2
2023-03-27T08:00,18.7,72,13.5,16.9,0.10,100,96,100,0,174.0,9.9,164.1,21.2,645.1
2023-03-27T09:00,18.0,77,13.8,17.1,0.00,100,89,100,0,49.9,0.0,49.9,0.0,344.8
2023-03-27T10:00,17.6,78,13.7,17.0,0.00,100,100,99,19,2.2,0.0,2.2,0.0,22.7
2023-03-27T11:00,17.1,82,13.9,16.7,0.20,100,100,100,21,0.0,0.0,0.0,0.0,0.0
2023-03-27T12:00,16.0,87,13.7,15.7,0.40,100,52,100,9,0.0,0.0,0.0,0.0,0.0
2023-03-27T13:00,15.8,89,13.9,15.4,1.40,100,26,100,0,0.0,0.0,0.0,0.0,0.0
2023-03-27T14:00,15.7,89,13.9,15.6,0.30,100,70,100,0,0.0,0.0,0.0,0.0,0.0
2023-03-27T15:00,15.6,90,14.0,15.7,0.40,100,100,100,0,0.0,0.0,0.0,0.0,0.0
2023-03-27T16:00,15.6,90,13.9,15.6,0.40,100,81,100,0,0.0,0.0,0.0,0.0,0.0
2023-03-27T17:00,15.7,86,13.4,15.2,0.00,93,23,91,0,0.0,0.0,0.0,0.0,0.0
2023-03-27T18:00,15.5,87,13.4,14.9,0.00,100,100,100,0,0.0,0.0,0.0,0.0,0.0
2023-03-27T19:00,15.5,88,13.4,14.8,0.00,100,100,100,0,0.0,0.0,0.0,0.0,0.0
2023-03-27T20:00,15.4,89,13.5,14.7,0.00,100,100,73,0,0.0,0.0,0.0,0.0,0.0
2023-03-27T21:00,15.6,87,13.5,15.1,0.00,100,100,44,0,0.0,0.0,0.0,0.0,0.0
2023-03-27T22:00,15.8,86,13.6,15.4,0.00,100,100,41,0,0.0,0.0,0.0,0.0,32.2
2023-03-27T23:00,16.7,85,14.1,16.2,0.00,100,100,13,0,62.0,3.6,58.3,14.2,354.2
2023-03-28T00:00,17.9,84,15.2,17.2,0.00,100,67,7,0,158.7,6.5,152.2,13.6,653.9
2023-03-28T01:00,19.4,75,14.9,17.9,0.00,100,100,19,0,339.2,103.0,236.2,155.5,910.9
2023-03-28T02:00,19.9,74,15.2,18.7,0.10,100,100,25,0,305.6,29.5,276.1,36.6,1107.8
2023-03-28T03:00,20.3,75,15.7,19.3,0.00,100,100,26,3,307.8,30.4,277.4,33.9,1231.1
2023-03-28T04:00,20.7,74,15.8,19.7,0.00,100,100,100,0,338.6,48.5,290.1,52.4,1272.4
2023-03-28T05:00,20.5,75,15.9,19.6,0.00,100,100,100,0,272.6,63.5,209.1,71.0,1228.9
2023-03-28T06:00,19.7,80,16.1,19.3,0.00,100,100,100,0,156.2,0.9,155.3,1.2,1103.7
2023-03-28T07:00,19.6,81,16.2,19.3,0.10,100,100,100,0,120.1,0.9,119.2,1.4,905.2
2023-03-28T08:00,19.4,83,16.4,19.4,0.10,100,35,100,0,87.9,4.1,83.7,8.8,647.1
2023-03-28T09:00,19.2,85,16.5,19.2,0.10,100,57,100,0,45.8,0.0,45.8,0.0,346.8
2023-03-28T10:00,18.8,87,16.5,18.9,0.00,100,50,100,0,2.8,0.0,2.8,0.0,25.0
2023-03-28T11:00,18.6,88,16.5,18.7,0.00,97,66,90,0,0.0,0.0,0.0,0.0,0.0
2023-03-28T12:00,18.8,88,16.8,19.1,0.00,99,93,83,0,0.0,0.0,0.0,0.0,0.0
2023-03-28T13:00,19.2,87,16.9,19.7,0.00,100,100,100,0,0.0,0.0,0.0,0.0,0.0
2023-03-28T14:00,19.1,89,17.3,19.9,0.00,100,100,55,0,0.0,0.0,0.0,0.0,0.0
2023-03-28T15:00,19.1,91,17.5,19.9,0.00,100,99,27,0,0.0,0.0,0.0,0.0,0.0
2023-03-28T16:00,19.0,91,17.6,19.9,0.00,100,99,72,0,0.0,0.0,0.0,0.0,0.0
2023-03-28T17:00,18.9,92,17.6,19.9,0.00,69,38,50,0,0.0,0.0,0.0,0.0,0.0
2023-03-28T18:00,18.6,94,17.6,19.7,0.00,71,57,34,0,0.0,0.0,0.0,0.0,0.0
2023-03-28T19:00,18.7,93,17.6,19.7,0.00,100,70,100,66,0.0,0.0,0.0,0.0,0.0
2023-03-28T20:00,19.1,91,17.7,20.2,0.00,100,39,100,92,0.0,0.0,0.0,0.0,0.0
2023-03-28T21:00,19.3,91,17.8,20.3,0.00,100,69,98,100,0.0,0.0,0.0,0.0,0.0
2023-03-28T22:00,19.5,90,17.8,20.4,0.00,100,54,60,98,0.0,0.0,0.0,0.0,37.9
2023-03-28T23:00,20.1,88,18.1,21.0,0.00,99,54,70,97,75.6,12.6,63.0,48.1,359.5
2023-03-29T00:00,21.9,83,19.0,23.5,0.00,100,57,56,95,221.3,65.6,155.7,136.8,658.7
2023-03-29T01:00,23.1,79,19.3,24.7,0.10,100,100,60,99,322.7,85.6,237.1,128.4,915.3
2023-03-29T02:00,23.6,78,19.6,25.8,0.00,100,100,48,100,240.0,20.7,219.2,25.6,1111.6
2023-03-29T03:00,24.5,75,19.7,27.3,0.10,100,55,96,100,291.9,8.4,283.6,9.3,1234.4
2023-03-29T04:00,24.8,75,20.0,27.7,0.20,100,35,69,99,451.7,108.1,343.6,116.5,1275.2
2023-03-29T05:00,22.6,84,19.7,24.5,0.10,100,57,87,100,412.3,192.5,219.8,214.7,1231.4
2023-03-29T06:00,22.6,84,19.8,25.2,0.20,100,43,100,100,267.2,54.6,212.7,67.8,1105.8
2023-03-29T07:00,21.3,88,19.3,23.6,0.50,100,39,100,99,124.6,2.7,121.9,4.1,907.2
2023-03-29T08:00,20.7,90,19.1,23.6,0.90,100,28,100,100,87.1,0.8,86.3,1.8,649.0
2023-03-29T09:00,20.3,93,19.1,23.1,0.70,100,99,100,100,32.0,0.0,32.0,0.0,348.9
2023-03-29T10:00,20.0,95,19.1,22.6,0.30,100,99,100,70,4.5,0.0,4.5,0.0,27.3
2023-03-29T11:00,19.5,97,19.0,22.1,0.10,100,23,100,0,0.0,0.0,0.0,0.0,0.0
2023-03-29T12:00,19.2,94,18.2,21.7,0.00,100,100,97,0,0.0,0.0,0.0,0.0,0.0
2023-03-29T13:00,19.3,94,18.2,21.6,0.10,100,100,21,66,0.0,0.0,0.0,0.0,0.0
2023-03-29T14:00,19.1,95,18.2,21.3,0.00,100,100,6,94,0.0,0.0,0.0,0.0,0.0
2023-03-29T15:00,18.8,95,18.1,21.2,0.00,100,100,66,100,0.0,0.0,0.0,0.0,0.0
2023-03-29T16:00,18.6,96,17.9,20.9,0.00,100,100,47,37,0.0,0.0,0.0,0.0,0.0
2023-03-29T17:00,18.4,95,17.6,20.5,0.00,100,100,100,92,0.0,0.0,0.0,0.0,0.0
2023-03-29T18:00,18.3,94,17.3,20.3,0.00,100,100,99,32,0.0,0.0,0.0,0.0,0.0
2023-03-29T19:00,18.1,94,17.1,19.9,0.00,100,100,74,26,0.0,0.0,0.0,0.0,0.0
2023-03-29T20:00,18.0,94,17.0,20.0,0.00,100,100,64,20,0.0,0.0,0.0,0.0,0.0
2023-03-29T21:00,18.0,93,16.9,20.1,0.00,100,100,100,0,0.0,0.0,0.0,0.0,0.0
2023-03-29T22:00,18.0,93,16.8,20.0,0.00,100,100,100,0,0.0,0.0,0.0,0.0,43.5
2023-03-29T23:00,18.2,91,16.7,20.1,0.00,100,100,98,0,24.9,0.0,24.9,0.0,364.7
2023-03-30T00:00,18.5,90,16.9,20.4,0.00,100,100,57,4,100.1,0.0,100.1,0.0,663.5
2023-03-30T01:00,19.6,85,16.9,21.0,0.10,100,100,1,0,223.0,8.1,214.9,12.1,919.5
2023-03-30T02:00,19.8,83,16.9,21.2,0.10,100,100,5,0,261.6,18.5,243.1,22.8,1115.3
2023-03-30T03:00,20.8,79,17.0,22.6,0.10,100,100,8,0,359.8,37.7,322.2,41.8,1237.6
2023-03-30T04:00,21.2,77,17.1,22.5,0.10,100,100,22,11,390.0,22.2,367.8,23.9,1277.9
2023-03-30T05:00,20.8,78,16.8,21.8,0.10,100,100,23,17,362.4,63.5,298.9,70.7,1233.7
2023-03-30T06:00,20.2,79,16.4,21.1,0.00,97,93,41,36,234.3,22.6,211.7,28.0,1107.9
2023-03-30T07:00,20.5,77,16.3,21.6,0.00,100,100,18,0,296.7,66.3,230.4,100.2,909.1
2023-03-30T08:00,19.9,78,16.0,21.1,0.00,100,100,4,16,181.7,30.7,151.0,64.8,650.9
2023-03-30T09:00,19.3,79,15.6,20.4,0.00,100,100,20,1,100.3,26.5,73.9,103.6,350.9
2023-03-30T10:00,18.2,82,15.0,18.7,0.00,100,100,15,0,5.1,0.5,4.6,5.3,29.6
2023-03-30T11:00,17.5,84,14.7,18.1,0.00,86,86,20,0,0.0,0.0,0.0,0.0,0.0
2023-03-30T12:00,17.6,86,15.2,18.6,0.00,86,100,46,94,0.0,0.0,0.0,0.0,0.0
2023-03-30T13:00,17.6,85,15.1,18.7,0.00,100,100,6,3,0.0,0.0,0.0,0.0,0.0
2023-03-30T14:00,17.5,86,15.1,18.9,0.00,100,100,93,95,0.0,0.0,0.0,0.0,0.0
2023-03-30T15:00,17.5,85,14.9,18.7,0.10,100,100,99,66,0.0,0.0,0.0,0.0,0.0
2023-03-30T16:00,17.4,86,15.1,19.0,0.10,100,100,97,44,0.0,0.0,0.0,0.0,0.0
2023-03-30T17:00,17.3,88,15.3,18.9,2.70,100,100,99,59,0.0,0.0,0.0,0.0,0.0
2023-03-30T18:00,17.1,89,15.3,18.9,0.50,100,100,100,100,0.0,0.0,0.0,0.0,0.0
2023-03-30T19:00,17.1,88,15.1,18.4,0.30,100,100,100,100,0.0,0.0,0.0,0.0,0.0
2023-03-30T20:00,16.8,90,15.2,18.3,0.20,100,100,96,9,0.0,0.0,0.0,0.0,0.0
2023-03-30T21:00,16.6,92,15.3,17.8,0.00,100,100,36,4,0.0,0.0,0.0,0.0,0.0
2023-03-30T22:00,17.0,83,14.2,18.0,0.00,100,100,86,16,3.4,0.0,3.4,0.0,49.1
2023-03-30T23:00,17.3,84,14.5,18.0,0.10,100,100,85,9,58.0,0.0,58.0,0.0,370.0
2023-03-31T00:00,18.1,81,14.9,18.5,0.00,100,74,15,0,122.9,1.3,121.6,2.6,668.3
2023-03-31T01:00,19.2,77,15.0,19.5,0.00,100,100,7,0,383.1,139.6,243.5,207.4,923.8
2023-03-31T02:00,20.2,73,15.2,20.6,0.00,100,100,85,100,527.3,211.4,315.9,259.1,1119.0
2023-03-31T03:00,20.3,73,15.2,20.7,0.00,100,64,100,76,390.0,52.3,337.8,57.8,1240.7
2023-03-31T04:00,20.2,74,15.5,20.7,0.00,85,68,63,0,411.1,70.7,340.4,75.8,1280.6
2023-03-31T05:00,20.9,72,15.6,21.7,0.00,100,91,100,28,545.0,206.1,338.9,228.8,1235.9
2023-03-31T06:00,20.6,72,15.3,21.4,0.10,100,66,100,100,352.9,71.5,281.4,88.4,1109.9
2023-03-31T07:00,19.4,76,15.1,20.0,0.80,100,100,100,100,127.3,1.8,125.5,2.7,910.9
2023-03-31T08:00,18.7,80,15.3,19.4,0.20,90,69,67,0,73.9,0.0,73.9,0.0,652.7
2023-03-31T09:00,18.8,79,15.0,19.3,0.00,85,73,57,0,140.3,62.8,77.5,244.2,352.9
2023-03-31T10:00,18.0,83,15.1,18.9,0.10,100,100,100,6,6.8,1.5,5.3,17.0,31.9
2023-03-31T11:00,17.7,85,15.1,18.6,0.00,52,17,49,4,0.0,0.0,0.0,0.0,0.0
2023-03-31T12:00,17.7,84,14.9,18.5,0.00,54,72,8,2,0.0,0.0,0.0,0.0,0.0
2023-03-31T13:00,17.3,87,15.2,18.4,0.00,100,69,73,100,0.0,0.0,0.0,0.0,0.0
2023-03-31T14:00,17.2,89,15.3,18.2,0.00,92,48,60,66,0.0,0.0,0.0,0.0,0.0
2023-03-31T15:00,16.6,92,15.4,17.8,0.10,91,9,91,0,0.0,0.0,0.0,0.0,0.0
2023-03-31T16:00,17.1,91,15.5,18.3,0.10,100,19,100,83,0.0,0.0,0.0,0.0,0.0
2023-03-31T17:00,17.1,91,15.6,18.4,0.40,100,13,100,100,0.0,0.0,0.0,0.0,0.0
2023-03-31T18:00,16.7,94,15.8,18.0,0.20,51,11,28,25,0.0,0.0,0.0,0.0,0.0
2023-03-31T19:00,16.0,95,15.2,16.9,0.00,45,6,33,14,0.0,0.0,0.0,0.0,0.0
2023-03-31T20:00,15.6,96,14.9,16.1,0.00,67,6,42,53,0.0,0.0,0.0,0.0,0.0
2023-03-31T21:00,15.9,95,15.2,16.7,0.10,83,12,47,69,0.0,0.0,0.0,0.0,0.0
2023-03-31T22:00,17.4,90,15.8,18.8,0.60,100,64,100,100,3.1,0.0,3.1,0.0,54.7
2023-03-31T23:00,17.3,93,16.2,19.0,0.60,88,37,43,71,26.0,0.0,26.0,0.0,375.1
2023-04-01T00:00,18.7,89,16.8,20.4,0.20,100,66,91,100,198.0,44.7,153.3,91.1,673.0
2023-04-01T01:00,19.2,89,17.3,20.9,1.60,100,35,100,92,122.2,4.6,117.6,6.8,927.9
2023-04-01T02:00,19.3,88,17.3,21.1,0.70,99,90,85,64,118.7,0.0,118.7,0.0,1122.6
2023-04-01T03:00,20.2,86,17.7,22.3,0.50,100,73,100,79,357.5,69.0,288.5,76.1,1243.7
2023-04-01T04:00,20.2,86,17.8,22.2,1.30,94,36,79,60,240.4,33.3,207.0,35.6,1283.1
2023-04-01T05:00,21.1,82,17.9,23.1,0.20,100,100,63,23,456.1,148.5,307.7,164.4,1238.1
2023-04-01T06:00,19.8,85,17.2,20.8,0.90,100,100,100,72,178.8,2.8,176.0,3.5,1111.8
2023-04-01T07:00,19.3,88,17.3,21.4,1.40,100,22,100,0,121.1,2.7,118.4,4.0,912.7
2023-04-01T08:00,19.2,88,17.3,21.7,0.90,100,100,100,0,69.0,0.0,69.0,0.0,654.5
2023-04-01T09:00,19.2,88,17.2,21.5,0.10,100,100,100,0,37.8,0.0,37.8,0.0,354.9
2023-04-01T10:00,18.9,89,17.1,20.7,0.00,100,100,100,0,5.4,0.0,5.4,0.0,34.1
2023-04-01T11:00,18.0,92,16.7,19.6,0.00,34,18,20,0,0.0,0.0,0.0,0.0,0.0
2023-04-01T12:00,18.2,92,16.8,19.9,0.00,22,100,100,0,0.0,0.0,0.0,0.0,0.0
2023-04-01T13:00,18.0,92,16.6,19.5,0.00,27,21,7,0,0.0,0.0,0.0,0.0,0.0
2023-04-01T14:00,16.9,95,16.1,18.2,0.00,27,11,18,0,0.0,0.0,0.0,0.0,0.0
2023-04-01T15:00,16.7,95,15.9,17.7,0.00,20,10,13,0,0.0,0.0,0.0,0.0,0.0
2023-04-01T16:00,16.5,96,15.8,17.6,0.00,25,21,15,0,0.0,0.0,0.0,0.0,0.0
2023-04-01T17:00,16.4,95,15.6,17.4,0.00,35,27,20,0,0.0,0.0,0.0,0.0,0.0
2023-04-01T18:00,16.3,95,15.5,17.3,0.00,43,40,24,0,0.0,0.0,0.0,0.0,0.0
2023-04-01T19:00,15.9,96,15.2,16.9,0.00,62,61,34,0,0.0,0.0,0.0,0.0,0.0
2023-04-01T20:00,15.5,97,14.9,16.2,0.00,100,100,84,0,0.0,0.0,0.0,0.0,0.0
2023-04-01T21:00,17.2,91,15.8,18.8,0.00,100,100,73,0,0.0,0.0,0.0,0.0,0.0
2023-04-01T22:00,16.8,96,16.1,18.4,0.00,100,100,37,0,3.0,0.0,3.0,0.0,60.2
2023-04-01T23:00,17.9,93,16.8,19.9,0.00,100,100,3,0,72.2,10.3,61.8,37.2,380.2
2023-04-02T00:00,19.7,85,17.0,21.5,0.00,100,100,0,0,191.1,48.4,142.7,97.9,677.6
2023-04-02T01:00,21.0,77,16.8,21.7,0.00,97,97,1,0,399.6,132.4,267.2,194.8,931.9
2023-04-02T02:00,21.6,76,17.1,22.4,0.00,37,36,1,0,473.4,130.6,342.8,158.9,1126.1
2023-04-02T03:00,22.4,70,16.6,23.5,0.00,9,9,0,0,689.7,318.7,371.0,350.4,1246.7
2023-04-02T04:00,22.9,67,16.4,24.7,0.00,90,2,0,90,877.5,678.5,198.9,723.3,1285.6
2023-04-02T05:00,23.0,65,16.0,24.6,0.00,100,3,0,100,857.4,679.7,177.7,751.0,1240.2
2023-04-02T06:00,22.7,64,15.5,23.5,0.00,90,0,0,90,705.7,463.0,242.8,569.7,1113.6
2023-04-02T07:00,22.3,64,15.2,22.4,0.00,100,0,0,100,578.5,410.8,167.7,615.5,914.5
2023-04-02T08:00,21.4,67,15.1,21.1,0.00,76,0,0,76,374.0,236.9,137.1,494.5,656.3
2023-04-02T09:00,20.4,71,14.9,20.1,0.00,99,0,0,99,173.1,86.2,86.9,331.0,356.8
2023-04-02T10:00,19.2,76,14.8,19.2,0.00,100,0,0,100,13.5,4.2,9.2,48.7,36.4
2023-04-02T11:00,18.4,80,14.9,18.3,0.00,100,0,0,100,0.0,0.0,0.0,0.0,0.0
2023-04-02T12:00,18.6,80,15.2,18.6,0.00,81,0,0,99,0.0,0.0,0.0,0.0,0.0
2023-04-02T13:00,18.7,80,15.1,18.5,0.00,60,4,0,58,0.0,0.0,0.0,0.0,0.0
2023-04-02T14:00,18.3,81,15.0,18.0,0.00,31,0,0,31,0.0,0.0,0.0,0.0,0.0
2023-04-02T15:00,17.9,83,14.9,17.5,0.00,4,0,0,4,0.0,0.0,0.0,0.0,0.0
2023-04-02T16:00,17.7,83,14.8,17.2,0.00,94,0,0,94,0.0,0.0,0.0,0.0,0.0
2023-04-02T17:00,17.6,83,14.6,17.1,0.00,6,0,0,6,0.0,0.0,0.0,0.0,0.0
2023-04-02T18:00,17.4,84,14.6,16.8,0.00,20,0,0,20,0.0,0.0,0.0,0.0,0.0
2023-04-02T19:00,17.4,83,14.5,16.9,0.00,44,1,0,43,0.0,0.0,0.0,0.0,0.0
2023-04-02T20:00,17.3,84,14.5,16.7,0.00,14,0,0,14,0.0,0.0,0.0,0.0,0.0
2023-04-02T21:00,17.2,84,14.5,16.6,0.00,1,1,0,1,0.0,0.0,0.0,0.0,0.0
2023-04-02T22:00,17.3,83,14.4,16.4,0.00,4,4,0,0,5.7,0.0,5.7,0.0,65.7
2023-04-02T23:00,18.9,79,15.2,18.0,0.00,0,0,0,0,153.0,76.5,76.5,272.0,385.3
2023-04-03T00:00,21.1,74,16.2,20.7,0.00,2,100,0,1,371.2,246.6,124.6,495.2,682.1
2023-04-03T01:00,22.5,68,16.4,22.0,0.00,87,87,0,0,411.9,136.9,275.0,200.4,935.9
2023-04-03T02:00,23.8,65,16.8,23.5,0.00,62,62,0,0,633.0,355.7,277.4,431.3,1129.5
2023-04-03T03:00,24.7,63,17.3,25.3,0.00,15,15,0,0,788.7,514.0,274.7,563.4,1249.6
2023-04-03T04:00,25.1,63,17.5,26.1,0.00,12,5,7,0,842.0,581.5,260.5,618.3,1288.0
2023-04-03T05:00,24.9,63,17.4,25.9,0.00,28,28,0,0,793.9,580.0,213.9,639.5,1242.3
2023-04-03T06:00,24.8,62,17.1,25.3,0.00,24,24,2,0,714.2,517.5,196.7,635.4,1115.4
2023-04-03T07:00,24.2,63,16.8,23.8,0.00,21,21,10,0,531.9,362.4,169.5,541.7,916.2
2023-04-03T08:00,23.4,64,16.2,22.6,0.00,66,65,27,0,347.6,222.9,124.7,463.8,658.1
2023-04-03T09:00,22.4,65,15.6,21.5,0.00,100,100,62,0,137.6,62.5,75.1,238.5,358.8
2023-04-03T10:00,21.7,66,15.1,20.8,0.00,100,100,23,0,9.5,2.5,7.0,28.9,38.7
2023-04-03T11:00,21.3,67,14.8,20.3,0.00,49,43,11,0,0.0,0.0,0.0,0.0,0.0
2023-04-03T12:00,21.2,67,14.8,20.7,0.00,32,91,33,0,0.0,0.0,0.0,0.0,0.0
2023-04-03T13:00,21.3,66,14.6,20.6,0.00,40,15,8,24,0.0,0.0,0.0,0.0,0.0
2023-04-03T14:00,20.8,65,14.0,20.1,0.00,100,3,7,100,0.0,0.0,0.0,0.0,0.0
2023-04-03T15:00,20.7,63,13.4,19.8,0.00,98,10,13,98,0.0,0.0,0.0,0.0,0.0
2023-04-03T16:00,20.5,62,13.1,19.2,0.00,25,3,6,19,0.0,0.0,0.0,0.0,0.0
2023-04-03T17:00,20.2,65,13.3,18.9,0.00,25,0,2,24,0.0,0.0,0.0,0.0,0.0
2023-04-03T18:00,20.2,67,13.8,19.0,0.00,1,0,1,0,0.0,0.0,0.0,0.0,0.0
2023-04-03T19:00,20.2,65,13.5,18.9,0.00,0,0,0,0,0.0,0.0,0.0,0.0,0.0
2023-04-03T20:00,20.2,64,13.3,19.0,0.00,1,1,1,0,0.0,0.0,0.0,0.0,0.0
2023-04-03T21:00,20.2,65,13.5,18.8,0.00,10,0,10,0,0.0,0.0,0.0,0.0,0.0
2023-04-03T22:00,20.1,68,13.9,18.7,0.00,13,2,11,0,5.6,0.0,5.6,0.0,71.1
2023-04-03T23:00,20.9,70,15.1,20.1,0.00,5,5,0,0,154.9,77.4,77.4,271.7,390.2
2023-04-04T00:00,23.0,67,16.5,23.3,0.00,1,9,11,0,366.6,242.3,124.3,483.1,686.5
2023-04-04T01:00,24.4,63,16.9,24.8,0.00,12,11,9,0,579.3,431.0,148.3,627.9,939.8
2023-04-04T02:00,25.6,61,17.4,26.8,0.00,10,9,8,0,736.0,557.7,178.3,673.9,1132.8
2023-04-04T03:00,26.4,58,17.6,28.2,0.00,27,26,14,0,804.1,584.8,219.3,639.2,1252.3
2023-04-04T04:00,26.5,58,17.4,27.4,0.00,33,32,16,0,694.4,450.2,244.3,477.5,1290.4
2023-04-04T05:00,26.5,57,17.2,27.5,0.00,22,21,6,0,710.8,457.9,252.9,503.8,1244.2
2023-04-04T06:00,26.6,57,17.4,27.6,0.00,100,100,47,0,613.5,399.0,214.5,488.8,1117.2
2023-04-04T07:00,25.8,59,17.3,26.1,0.00,94,93,64,0,367.8,135.5,232.4,202.0,917.8
2023-04-04T08:00,25.0,63,17.5,25.6,0.00,100,100,76,0,215.5,73.2,142.3,151.9,659.8
2023-04-04T09:00,24.1,64,16.9,24.6,0.00,75,74,38,0,107.6,42.2,65.4,160.1,360.7
2023-04-04T10:00,22.9,65,16.0,23.5,0.00,49,48,24,0,11.6,4.1,7.5,46.6,41.0
2023-04-04T11:00,22.1,65,15.2,22.3,0.00,39,38,23,0,0.0,0.0,0.0,0.0,0.0
2023-04-04T12:00,21.4,68,15.2,21.9,0.00,21,17,15,2,0.0,0.0,0.0,0.0,0.0
2023-04-04T13:00,21.5,67,15.1,21.7,0.00,56,10,9,51,0.0,0.0,0.0,0.0,0.0
2023-04-04T14:00,20.1,79,16.3,21.3,0.00,32,7,29,22,0.0,0.0,0.0,0.0,0.0
2023-04-04T15:00,19.7,83,16.7,21.3,0.00,6,1,4,0,0.0,0.0,0.0,0.0,0.0
2023-04-04T16:00,18.8,91,17.2,20.5,0.00,41,13,32,0,0.0,0.0,0.0,0.0,0.0
2023-04-04T17:00,18.4,96,17.7,20.4,0.00,55,21,43,3,0.0,0.0,0.0,0.0,0.0
2023-04-04T18:00,18.0,99,17.8,20.1,0.00,40,27,16,0,0.0,0.0,0.0,0.0,0.0
2023-04-04T19:00,17.7,100,17.7,20.3,0.00,100,52,84,100,0.0,0.0,0.0,0.0,0.0
2023-04-04T20:00,18.7,97,18.2,21.4,0.00,93,25,91,0,0.0,0.0,0.0,0.0,0.0
2023-04-04T21:00,18.2,98,18.0,20.7,0.00,100,56,99,100,0.0,0.0,0.0,0.0,0.0
2023-04-04T22:00,18.3,98,18.0,21.1,0.00,88,59,72,0,2.7,0.0,2.7,0.0,76.4
2023-04-04T23:00,19.7,92,18.3,22.4,0.10,99,13,99,98,96.7,15.0,81.7,52.0,395.1
2023-04-05T00:00,23.3,78,19.2,26.0,0.00,37,6,1,0,117.7,7.6,110.1,15.0,690.9
2023-04-05T01:00,26.0,68,19.6,29.0,0.00,49,11,41,29,573.0,414.6,158.5,601.1,943.6
2023-04-05T02:00,27.4,60,18.9,30.3,0.00,41,11,36,1,631.3,421.6,209.7,507.7,1136.0
2023-04-05T03:00,28.2,56,18.6,32.0,0.00,100,4,100,22,736.0,486.5,249.5,530.3,1255.0
2023-04-05T04:00,27.8,58,18.8,30.2,0.00,47,6,39,8,411.7,66.6,345.1,70.5,1292.6
2023-04-05T05:00,28.4,56,18.7,32.1,0.20,67,5,36,47,734.2,480.3,253.8,527.3,1246.1
2023-04-05T06:00,26.2,64,18.7,28.1,0.40,100,27,97,100,522.3,266.3,256.0,325.6,1118.8
2023-04-05T07:00,25.4,70,19.6,28.0,0.10,100,23,100,89,316.7,142.7,174.1,212.3,919.4
2023-04-05T08:00,24.8,72,19.5,27.7,0.00,100,12,100,81,143.2,14.2,129.0,29.3,661.5
2023-04-05T09:00,23.9,78,19.9,27.0,0.60,100,5,100,19,61.3,3.5,57.8,13.3,362.6
2023-04-05T10:00,22.7,91,21.1,26.8,0.20,100,11,100,100,4.2,0.0,4.2,0.0,43.2
2023-04-05T11:00,22.3,88,20.2,25.7,0.10,100,0,100,100,0.0,0.0,0.0,0.0,0.0
2023-04-05T12:00,22.4,88,20.2,25.6,0.10,100,1,100,86,0.0,0.0,0.0,0.0,0.0
2023-04-05T13:00,22.2,87,19.9,25.4,0.00,100,2,100,100,0.0,0.0,0.0,0.0,0.0
2023-04-05T14:00,22.3,87,20.0,25.0,0.30,100,2,100,96,0.0,0.0,0.0,0.0,0.0
2023-04-05T15:00,22.1,85,19.6,24.5,0.30,100,1,100,44,0.0,0.0,0.0,0.0,0.0
2023-04-05T16:00,21.8,84,19.0,24.3,0.00,100,7,100,0,0.0,0.0,0.0,0.0,0.0
2023-04-05T17:00,21.4,86,19.0,24.0,0.00,27,10,19,0,0.0,0.0,0.0,0.0,0.0
2023-04-05T18:00,20.2,91,18.7,22.9,0.00,37,27,18,0,0.0,0.0,0.0,0.0,0.0
2023-04-05T19:00,20.7,92,19.3,23.6,0.00,95,94,51,0,0.0,0.0,0.0,0.0,0.0
2023-04-05T20:00,20.9,91,19.4,23.6,0.00,100,100,99,99,0.0,0.0,0.0,0.0,0.0
2023-04-05T21:00,21.4,87,19.1,24.4,0.00,100,100,92,0,0.0,0.0,0.0,0.0,0.0
2023-04-05T22:00,21.4,86,19.0,24.4,0.00,100,88,100,82,2.6,0.0,2.6,0.0,81.7
2023-04-05T23:00,21.6,88,19.5,24.8,0.20,95,19,76,80,33.1,0.0,33.1,0.0,399.9
2023-04-06T00:00,22.3,90,20.6,26.2,0.10,93,46,68,73,197.0,42.9,154.1,84.5,695.1
2023-04-06T01:00,23.8,85,21.1,27.8,0.00,85,3,5,83,366.0,154.9,211.1,223.6,947.3
2023-04-06T02:00,25.7,76,21.1,29.4,0.00,96,24,41,93,699.4,495.2,204.2,594.4,1139.1
2023-04-06T03:00,26.9,70,20.9,29.5,0.10,66,37,31,22,676.3,442.5,233.8,481.1,1257.6
2023-04-06T04:00,27.4,68,20.9,30.2,0.00,81,80,10,0,700.2,399.6,300.7,421.9,1294.7
2023-04-06T05:00,27.3,70,21.3,30.3,0.10,85,85,10,0,740.0,510.6,229.4,559.4,1248.0
2023-04-06T06:00,26.5,73,21.3,28.6,0.00,63,61,10,0,506.3,256.9,249.4,313.5,1120.5
2023-04-06T07:00,25.6,76,21.0,27.7,0.00,100,100,2,0,320.4,131.0,189.4,194.5,921.0
2023-04-06T08:00,24.3,81,20.8,26.8,0.00,100,100,8,0,139.9,1.7,138.2,3.4,663.2
2023-04-06T09:00,23.4,83,20.4,26.2,0.00,100,100,12,0,58.6,0.0,58.6,0.0,364.5
2023-04-06T10:00,22.8,86,20.2,25.9,0.00,100,100,8,0,4.2,0.0,4.2,0.0,45.5
2023-04-06T11:00,22.2,88,20.1,25.3,0.00,100,100,1,0,0.0,0.0,0.0,0.0,0.0
2023-04-06T12:00,22.6,92,21.3,26.9,0.00,100,100,13,0,0.0,0.0,0.0,0.0,0.0
2023-04-06T13:00,22.5,93,21.2,26.8,0.00,19,8,10,2,0.0,0.0,0.0,0.0,0.0
2023-04-06T14:00,22.5,91,20.9,26.6,0.00,86,17,83,0,0.0,0.0,0.0,0.0,0.0
2023-04-06T15:00,21.7,96,21.0,25.6,0.00,100,58,100,1,0.0,0.0,0.0,0.0,0.0
2023-04-06T16:00,21.6,96,20.9,25.3,0.30,100,100,100,0,0.0,0.0,0.0,0.0,0.0
2023-04-06T17:00,21.2,95,20.5,23.9,1.50,100,100,100,0,0.0,0.0,0.0,0.0,0.0
2023-04-06T18:00,18.9,92,17.5,19.7,1.10,100,100,100,0,0.0,0.0,0.0,0.0,0.0
2023-04-06T19:00,18.3,91,16.8,19.7,0.40,100,100,99,15,0.0,0.0,0.0,0.0,0.0
2023-04-06T20:00,17.8,90,16.2,19.3,0.80,100,100,100,0,0.0,0.0,0.0,0.0,0.0
2023-04-06T21:00,17.6,89,15.8,18.9,1.50,100,100,100,1,0.0,0.0,0.0,0.0,0.0
2023-04-06T22:00,17.2,88,15.2,18.4,1.00,100,100,100,0,2.6,0.0,2.6,0.0,86.9
2023-04-06T23:00,17.0,87,14.8,18.1,2.00,100,100,90,0,18.0,0.0,18.0,0.0,404.6
2023-04-07T00:00,17.2,83,14.2,17.4,0.10,100,100,87,0,73.1,1.3,71.8,2.5,699.3
2023-04-07T01:00,17.6,79,14.0,17.4,0.00,100,100,93,0,123.8,0.0,123.8,0.0,950.8
2023-04-07T02:00,17.7,77,13.7,17.1,0.00,100,100,77,0,176.9,2.2,174.8,2.6,1142.1
2023-04-07T03:00,17.6,77,13.6,16.8,0.00,100,100,59,0,190.9,26.1,164.9,28.3,1260.1
2023-04-07T04:00,17.7,75,13.3,16.9,0.00,100,100,85,0,227.0,20.2,206.8,21.3,1296.8
2023-04-07T05:00,17.8,74,13.0,16.9,0.00,100,100,100,0,222.6,6.8,215.7,7.5,1249.7
2023-04-07T06:00,17.7,73,12.9,16.5,0.00,100,100,87,0,176.0,10.4,165.6,12.6,1122.0
2023-04-07T07:00,17.7,72,12.6,16.5,0.00,100,100,100,0,172.3,0.0,172.3,0.0,922.5
2023-04-07T08:00,17.5,71,12.1,16.1,0.00,100,100,43,0,136.6,2.5,134.1,5.1,664.8
2023-04-07T09:00,17.3,69,11.5,15.9,0.00,100,100,17,0,86.3,9.2,77.1,34.3,366.4
2023-04-07T10:00,17.2,68,11.4,16.5,0.00,100,100,100,0,7.8,0.0,7.8,0.0,47.8
2023-04-07T11:00,17.1,70,11.5,16.7,0.00,100,100,100,0,0.0,0.0,0.0,0.0,0.0
2023-04-07T12:00,17.2,73,12.3,16.9,0.00,100,82,94,0,0.0,0.0,0.0,0.0,0.0
2023-04-07T13:00,17.0,73,12.2,16.7,0.00,46,31,25,0,0.0,0.0,0.0,0.0,0.0
2023-04-07T14:00,16.4,74,11.7,15.7,0.00,17,13,4,0,0.0,0.0,0.0,0.0,0.0
2023-04-07T15:00,15.8,73,10.9,14.8,0.00,15,15,0,0,0.0,0.0,0.0,0.0,0.0
2023-04-07T16:00,15.0,72,10.1,14.0,0.00,57,57,0,0,0.0,0.0,0.0,0.0,0.0
2023-04-07T17:00,15.3,70,9.8,14.3,0.00,57,57,0,0,0.0,0.0,0.0,0.0,0.0
2023-04-07T18:00,14.7,71,9.6,13.7,0.00,32,29,4,0,0.0,0.0,0.0,0.0,0.0
2023-04-07T19:00,14.0,75,9.6,12.9,0.00,32,30,2,0,0.0,0.0,0.0,0.0,0.0
2023-04-07T20:00,13.9,77,10.0,12.9,0.00,41,33,11,0,0.0,0.0,0.0,0.0,0.0
2023-04-07T21:00,13.3,79,9.7,12.1,0.00,79,78,7,0,0.0,0.0,0.0,0.0,0.0
2023-04-07T22:00,14.4,79,10.8,13.7,0.00,76,76,4,0,7.7,0.0,7.7,0.0,91.9
2023-04-07T23:00,16.7,64,9.9,15.3,0.00,73,71,15,0,99.2,21.1,78.0,70.5,409.2
2023-04-08T00:00,17.7,57,9.0,14.5,0.00,100,79,5,0,288.1,123.3,164.8,239.4,703.3
2023-04-08T01:00,18.2,56,9.2,14.7,0.00,67,66,8,0,423.8,183.2,240.5,262.3,954.3
2023-04-08T02:00,19.1,52,9.0,15.6,0.00,60,59,10,0,605.4,319.0,286.4,380.5,1145.0
2023-04-08T03:00,19.4,51,9.0,16.0,0.00,100,100,31,0,643.6,286.9,356.7,310.3,1262.5
2023-04-08T04:00,18.9,54,9.4,15.7,0.00,100,100,29,0,533.6,149.3,384.3,157.0,1298.8
2023-04-08T05:00,18.8,54,9.3,15.6,0.00,90,89,29,0,467.5,124.9,342.6,136.3,1251.4
2023-04-08T06:00,18.4,54,8.9,15.2,0.00,52,39,23,0,475.2,156.2,319.0,189.9,1123.6
2023-04-08T07:00,18.4,51,7.9,15.1,0.00,23,2,22,0,527.9,336.6,191.2,497.5,924.0
2023-04-08T08:00,18.0,51,7.7,14.5,0.00,60,53,16,0,382.6,245.9,136.7,503.9,666.4
2023-04-08T09:00,17.2,56,8.3,14.1,0.00,32,27,7,0,187.0,105.5,81.5,391.3,368.3
2023-04-08T10:00,16.2,59,8.2,13.5,0.00,8,6,2,0,18.6,8.1,10.5,93.0,50.1
2023-04-08T11:00,15.8,59,7.8,13.1,0.00,17,11,6,0,0.0,0.0,0.0,0.0,0.0
2023-04-08T12:00,16.2,61,8.7,13.4,0.00,30,72,93,0,0.0,0.0,0.0,0.0,0.0
2023-04-08T13:00,16.3,60,8.4,13.4,0.00,82,47,66,0,0.0,0.0,0.0,0.0,0.0
2023-04-08T14:00,16.2,60,8.5,13.3,0.00,92,8,91,0,0.0,0.0,0.0,0.0,0.0
2023-04-08T15:00,16.1,61,8.7,13.2,0.00,89,7,88,0,0.0,0.0,0.0,0.0,0.0
2023-04-08T16:00,16.1,62,8.7,13.2,0.00,69,15,63,0,0.0,0.0,0.0,0.0,0.0
2023-04-08T17:00,15.9,61,8.5,13.2,0.00,79,4,78,0,0.0,0.0,0.0,0.0,0.0
2023-04-08T18:00,15.9,61,8.4,13.3,0.00,98,20,97,0,0.0,0.0,0.0,0.0,0.0
2023-04-08T19:00,16.1,60,8.4,13.7,0.00,85,37,83,0,0.0,0.0,0.0,0.0,0.0
2023-04-08T20:00,16.2,60,8.4,13.8,0.00,100,100,100,0,0.0,0.0,0.0,0.0,0.0
2023-04-08T21:00,16.7,59,8.6,14.3,0.00,100,100,100,0,0.0,0.0,0.0,0.0,0.0
2023-04-08T22:00,16.8,60,9.1,14.7,0.00,100,100,100,0,2.5,0.0,2.5,0.0,96.9
2023-04-08T23:00,17.0,64,10.2,15.4,0.00,100,100,100,0,30.6,0.0,30.6,0.0,413.7
2023-04-09T00:00,17.9,61,10.3,15.9,0.00,100,99,18,0,89.1,0.0,89.1,0.0,707.3
2023-04-09T01:00,19.2,55,10.1,17.0,0.00,100,100,3,0,336.4,60.6,275.8,86.4,957.7
2023-04-09T02:00,20.5,54,10.8,18.4,0.00,100,100,1,0,534.6,164.8,369.8,196.0,1147.8
2023-04-09T03:00,21.3,54,11.6,19.8,0.00,100,100,0,0,640.3,233.6,406.7,252.1,1264.8
2023-04-09T04:00,21.9,54,12.2,20.6,0.00,100,100,0,0,593.0,182.5,410.5,191.5,1300.7
2023-04-09T05:00,22.5,55,13.1,21.7,0.00,100,100,1,34,575.8,196.2,379.7,213.7,1253.0
2023-04-09T06:00,22.6,56,13.4,21.8,0.00,79,74,10,17,584.4,289.9,294.6,351.6,1125.0
2023-04-09T07:00,22.1,56,13.0,20.9,0.00,49,49,15,0,525.3,327.7,197.5,483.3,925.5
2023-04-09T08:00,21.4,57,12.7,19.9,0.00,42,42,14,0,339.5,201.0,138.5,410.6,668.0
2023-04-09T09:00,20.6,60,12.6,19.3,0.00,31,30,16,0,175.3,100.1,75.2,368.8,370.2
2023-04-09T10:00,19.2,64,12.2,18.1,0.00,10,9,9,0,19.5,8.9,10.6,102.0,52.4
2023-04-09T11:00,18.2,66,11.9,16.9,0.00,12,2,11,0,0.0,0.0,0.0,0.0,0.0
2023-04-09T12:00,18.0,66,11.6,16.1,0.00,14,2,1,0,0.0,0.0,0.0,0.0,0.0
2023-04-09T13:00,18.3,63,11.3,16.4,0.00,3,1,2,0,0.0,0.0,0.0,0.0,0.0
2023-04-09T14:00,18.4,62,11.0,16.4,0.00,1,1,0,0,0.0,0.0,0.0,0.0,0.0
2023-04-09T15:00,18.5,62,11.0,16.5,0.00,6,2,4,0,0.0,0.0,0.0,0.0,0.0
2023-04-09T16:00,18.3,63,11.2,16.7,0.00,14,11,11,0,0.0,0.0,0.0,0.0,0.0
2023-04-09T17:00,18.0,65,11.4,16.9,0.00,1,1,0,0,0.0,0.0,0.0,0.0,0.0
2023-04-09T18:00,16.5,74,11.7,16.0,0.00,3,3,0,0,0.0,0.0,0.0,0.0,0.0
2023-04-09T19:00,15.2,81,11.9,14.5,0.00,4,4,0,0,0.0,0.0,0.0,0.0,0.0
2023-04-09T20:00,14.9,83,12.0,14.3,0.00,6,6,0,0,0.0,0.0,0.0,0.0,0.0
2023-04-09T21:00,14.4,86,12.1,13.8,0.00,6,6,0,0,0.0,0.0,0.0,0.0,0.0
2023-04-09T22:00,15.1,85,12.6,15.2,0.00,2,2,0,0,9.9,2.5,7.5,28.5,101.9
2023-04-09T23:00,18.1,78,14.3,19.0,0.00,6,6,0,0,174.5,88.1,86.5,287.3,418.2
2023-04-10T00:00,21.2,69,15.3,22.4,0.00,8,13,1,0,388.4,254.4,134.1,487.9,711.2
2023-04-10T01:00,23.0,62,15.4,24.2,0.00,6,5,4,0,614.0,467.6,146.3,663.8,961.0
2023-04-10T02:00,24.6,58,15.7,27.1,0.00,100,100,3,0,760.9,582.1,178.9,690.1,1150.6
2023-04-10T03:00,25.2,56,15.9,26.3,0.00,100,100,1,0,593.2,220.0,373.2,236.8,1267.1
2023-04-10T04:00,25.7,57,16.5,26.9,0.00,100,100,0,0,651.4,305.5,345.9,320.0,1302.6
2023-04-10T05:00,26.1,54,15.9,27.1,0.00,30,30,0,0,607.0,237.2,369.9,257.9,1254.6
2023-04-10T06:00,26.1,52,15.4,26.3,0.00,52,52,3,0,552.4,268.2,284.2,324.8,1126.4
2023-04-10T07:00,25.2,56,15.7,24.8,0.00,76,76,14,0,504.7,316.1,188.6,465.2,926.9
2023-04-10T08:00,24.2,61,16.1,23.8,0.00,54,53,26,0,351.3,222.8,128.5,453.8,669.6
2023-04-10T09:00,23.2,64,15.9,23.0,0.00,63,61,43,0,148.6,66.1,82.5,242.3,372.1
2023-04-10T10:00,22.1,65,15.2,21.8,0.00,73,72,55,0,12.8,4.6,8.2,52.7,54.7
2023-04-10T11:00,21.3,68,15.1,21.2,0.00,83,82,58,0,0.0,0.0,0.0,0.0,0.0
2023-04-10T12:00,21.1,69,15.1,20.9,0.00,82,72,30,0,0.0,0.0,0.0,0.0,0.0
2023-04-10T13:00,21.1,67,14.7,20.7,0.00,58,58,7,0,0.0,0.0,0.0,0.0,0.0
2023-04-10T14:00,20.8,67,14.4,20.3,0.00,38,37,2,0,0.0,0.0,0.0,0.0,0.0
2023-04-10T15:00,20.3,68,14.2,20.1,0.00,18,17,1,0,0.0,0.0,0.0,0.0,0.0
2023-04-10T16:00,19.6,71,14.2,19.8,0.00,12,12,0,0,0.0,0.0,0.0,0.0,0.0
2023-04-10T17:00,17.9,82,14.8,18.3,0.00,17,17,0,0,0.0,0.0,0.0,0.0,0.0
2023-04-10T18:00,19.1,73,14.1,20.0,0.00,20,20,0,0,0.0,0.0,0.0,0.0,0.0
2023-04-10T19:00,18.4,77,14.3,19.5,0.00,7,5,1,0,0.0,0.0,0.0,0.0,0.0
2023-04-10T20:00,16.7,87,14.5,18.0,0.00,0,0,0,0,0.0,0.0,0.0,0.0,0.0
2023-04-10T21:00,15.8,92,14.5,17.0,0.00,0,0,0,0,0.0,0.0,0.0,0.0,0.0
2023-04-10T22:00,16.4,93,15.2,17.7,0.00,2,2,0,0,12.3,2.5,9.8,28.2,106.9
2023-04-10T23:00,18.9,87,16.7,20.7,0.00,70,2,69,0,176.4,89.0,87.4,287.1,422.6
2023-04-11T00:00,19.9,83,16.9,21.9,0.00,10,0,4,0,271.4,113.8,157.6,217.0,715.1
2023-04-11T01:00,22.5,73,17.4,24.8,0.00,18,3,15,0,597.5,444.4,153.1,628.3,964.3
2023-04-11T02:00,24.1,67,17.6,27.0,0.00,9,5,4,0,715.1,495.1,219.9,585.3,1153.3
2023-04-11T03:00,26.0,60,17.7,29.4,0.00,16,15,2,0,844.2,650.4,193.9,698.5,1269.3
2023-04-11T04:00,27.2,56,17.6,29.8,0.00,100,100,0,0,786.4,466.8,319.6,487.9,1304.3
2023-04-11T05:00,27.6,55,17.7,29.8,0.00,53,53,0,0,681.2,322.0,359.1,349.5,1256.1
2023-04-11T06:00,27.1,59,18.4,29.0,0.00,100,100,0,0,560.9,265.4,295.5,320.8,1127.8
2023-04-11T07:00,26.8,62,18.9,28.8,0.00,64,64,0,0,540.7,341.3,199.4,501.2,928.3
2023-04-11T08:00,26.2,64,18.9,27.9,0.00,8,7,0,0,329.8,185.3,144.4,376.5,671.1
2023-04-11T09:00,25.4,66,18.6,27.0,0.00,4,4,0,0,165.2,79.8,85.5,290.7,373.9
2023-04-11T10:00,23.3,79,19.4,26.2,0.00,3,3,0,0,21.9,10.3,11.6,117.8,56.9
2023-04-11T11:00,23.4,74,18.5,26.1,0.00,1,0,1,0,0.0,0.0,0.0,0.0,0.0
2023-04-11T12:00,22.7,75,18.0,25.4,0.00,9,0,1,0,0.0,0.0,0.0,0.0,0.0
2023-04-11T13:00,21.0,85,18.4,23.4,0.00,1,0,1,0,0.0,0.0,0.0,0.0,0.0
2023-04-11T14:00,20.8,81,17.5,22.7,0.00,3,0,3,0,0.0,0.0,0.0,0.0,0.0
2023-04-11T15:00,20.6,79,16.7,22.1,0.00,0,0,0,0,0.0,0.0,0.0,0.0,0.0
2023-04-11T16:00,19.8,82,16.7,21.3,0.00,1,1,0,0,0.0,0.0,0.0,0.0,0.0
2023-04-11T17:00,20.2,79,16.5,21.9,0.00,2,2,0,0,0.0,0.0,0.0,0.0,0.0
2023-04-11T18:00,20.0,80,16.4,21.8,0.00,4,4,0,0,0.0,0.0,0.0,0.0,0.0
2023-04-11T19:00,17.8,94,16.8,19.1,0.00,11,11,0,0,0.0,0.0,0.0,0.0,0.0
2023-04-11T20:00,19.3,88,17.2,21.5,0.00,11,11,0,0,0.0,0.0,0.0,0.0,0.0
2023-04-11T21:00,18.1,92,16.8,20.0,0.00,10,10,0,0,0.0,0.0,0.0,0.0,0.0
2023-04-11T22:00,17.6,95,16.8,19.3,0.00,14,14,0,0,12.2,2.4,9.7,27.9,111.8
2023-04-11T23:00,20.5,86,18.0,22.9,0.00,18,17,3,0,178.3,91.5,86.8,292.1,427.0
2023-04-12T00:00,22.8,76,18.4,25.8,0.00,12,21,13,0,390.7,259.7,131.1,492.2,718.9
2023-04-12T01:00,24.6,71,19.1,27.6,0.00,9,3,6,0,578.7,402.9,175.8,567.5,967.5
2023-04-12T02:00,26.3,66,19.3,30.4,0.00,15,13,3,0,754.8,567.5,187.4,668.9,1156.0
2023-04-12T03:00,28.3,58,19.3,32.9,0.00,65,65,0,0,831.5,601.2,230.3,644.3,1271.5
2023-04-12T04:00,26.4,68,19.9,28.0,0.00,88,88,0,0,648.1,317.5,330.6,331.2,1306.1
2023-04-12T05:00,26.0,70,20.0,27.6,0.00,100,100,10,0,767.0,517.2,249.8,560.3,1257.5
2023-04-12T06:00,25.4,72,20.0,26.2,0.00,92,91,20,0,588.2,310.6,277.6,374.8,1129.1
2023-04-12T07:00,23.8,79,20.0,24.5,0.00,100,100,16,6,318.0,45.8,272.2,67.1,929.6
2023-04-12T08:00,22.9,84,20.0,24.0,0.00,100,100,11,0,207.2,46.8,160.4,94.7,672.7
2023-04-12T09:00,22.1,86,19.7,23.1,0.00,100,100,11,0,93.5,23.5,69.9,85.3,375.8
2023-04-12T10:00,21.8,86,19.4,22.8,0.00,100,100,6,0,9.2,1.1,8.1,12.5,59.2
2023-04-12T11:00,21.6,88,19.6,22.9,0.10,100,100,2,1,0.0,0.0,0.0,0.0,0.0
2023-04-12T12:00,21.7,89,19.8,23.1,0.10,100,100,9,0,0.0,0.0,0.0,0.0,0.0
2023-04-12T13:00,21.7,88,19.7,22.9,0.00,78,77,6,0,0.0,0.0,0.0,0.0,0.0
2023-04-12T14:00,21.7,89,19.8,22.6,0.00,30,25,6,0,0.0,0.0,0.0,0.0,0.0
2023-04-12T15:00,21.7,89,19.8,22.5,0.00,48,43,9,0,0.0,0.0,0.0,0.0,0.0
2023-04-12T16:00,21.8,88,19.8,22.7,0.00,75,72,8,0,0.0,0.0,0.0,0.0,0.0
2023-04-12T17:00,21.8,88,19.7,22.9,0.00,67,66,3,0,0.0,0.0,0.0,0.0,0.0
2023-04-12T18:00,21.9,88,19.7,23.2,0.00,63,63,0,0,0.0,0.0,0.0,0.0,0.0
2023-04-12T19:00,21.9,88,19.8,23.4,0.00,76,76,0,0,0.0,0.0,0.0,0.0,0.0
2023-04-12T20:00,21.8,89,19.9,23.4,0.00,76,76,0,0,0.0,0.0,0.0,0.0,0.0
2023-04-12T21:00,21.9,88,19.8,23.5,0.00,87,87,0,0,0.0,0.0,0.0,0.0,0.0
2023-04-12T22:00,21.8,88,19.8,23.5,0.00,75,75,0,0,12.1,0.0,12.1,0.0,116.7
2023-04-12T23:00,22.9,84,20.1,24.4,0.00,66,66,0,0,133.2,32.9,100.3,103.9,431.4
2023-04-13T00:00,24.9,78,20.9,26.8,0.00,38,20,2,0,320.3,130.8,189.4,246.6,722.7
2023-04-13T01:00,26.4,70,20.6,27.7,0.00,30,30,0,0,538.3,343.3,195.0,481.6,970.7
2023-04-13T02:00,27.4,65,20.3,28.7,0.00,21,21,0,0,693.9,481.7,212.2,566.2,1158.6
2023-04-13T03:00,28.0,63,20.4,29.9,0.00,25,25,0,0,762.5,524.0,238.5,560.3,1273.5
2023-04-13T04:00,28.7,61,20.5,31.4,0.00,29,25,6,0,862.7,633.9,228.8,660.1,1307.7
2023-04-13T05:00,29.1,60,20.6,31.9,0.00,28,18,18,0,803.0,572.8,230.3,619.5,1258.9
2023-04-13T06:00,29.0,62,20.9,32.0,0.00,37,27,22,0,678.6,480.9,197.6,579.4,1130.4
2023-04-13T07:00,28.2,65,20.9,30.5,0.10,33,21,19,0,435.8,253.4,182.4,370.6,930.9
2023-04-13T08:00,27.2,68,20.9,29.5,0.10,24,14,12,0,322.6,182.2,140.4,368.0,674.1
2023-04-13T09:00,25.8,73,20.5,27.6,0.00,8,5,3,0,175.8,103.6,72.2,373.6,377.6
2023-04-13T10:00,24.2,77,20.0,26.0,0.00,14,11,3,0,22.3,9.8,12.6,112.1,61.5
2023-04-13T11:00,23.3,81,19.9,25.0,0.00,5,3,2,0,0.0,0.0,0.0,0.0,0.0
2023-04-13T12:00,23.6,82,20.3,26.2,0.00,11,21,4,0,0.0,0.0,0.0,0.0,0.0
2023-04-13T13:00,23.4,84,20.4,26.5,0.00,6,2,4,0,0.0,0.0,0.0,0.0,0.0
2023-04-13T14:00,22.0,91,20.4,25.2,0.00,24,12,1,13,0.0,0.0,0.0,0.0,0.0
2023-04-13T15:00,21.7,92,20.3,25.0,0.00,29,21,1,10,0.0,0.0,0.0,0.0,0.0
2023-04-13T16:00,21.7,92,20.3,25.0,0.00,42,17,2,30,0.0,0.0,0.0,0.0,0.0
2023-04-13T17:00,21.5,91,20.1,24.7,0.00,10,10,0,0,0.0,0.0,0.0,0.0,0.0
2023-04-13T18:00,22.0,88,19.9,25.4,0.00,63,13,0,58,0.0,0.0,0.0,0.0,0.0
2023-04-13T19:00,20.3,97,19.8,23.5,0.00,48,48,0,0,0.0,0.0,0.0,0.0,0.0
2023-04-13T20:00,19.9,99,19.7,23.3,0.00,55,55,0,0,0.0,0.0,0.0,0.0,0.0
2023-04-13T21:00,19.5,99,19.3,22.7,0.00,100,100,0,2,0.0,0.0,0.0,0.0,0.0
2023-04-13T22:00,19.6,99,19.5,22.8,0.00,100,100,0,2,12.0,2.4,9.6,26.8,121.6
2023-04-13T23:00,20.5,98,20.1,23.5,0.00,100,100,0,0,155.7,67.0,88.8,209.2,435.7
2023-04-14T00:00,21.9,92,20.5,25.0,0.00,100,100,0,0,312.2,129.4,182.9,242.4,726.4
2023-04-14T01:00,24.0,80,20.4,26.8,0.00,41,41,0,0,470.6,246.1,224.5,344.0,973.8
2023-04-14T02:00,26.4,69,20.2,28.9,0.00,49,49,0,0,657.8,360.3,297.5,422.4,1161.1
2023-04-14T03:00,28.4,62,20.3,31.7,0.00,33,33,0,0,809.2,544.6,264.5,581.2,1275.5
2023-04-14T04:00,29.1,59,20.3,32.5,0.00,38,38,0,0,811.2,550.2,261.0,571.9,1309.3
2023-04-14T05:00,29.0,61,20.7,31.9,0.00,62,58,0,8,669.3,384.4,284.9,415.1,1260.2
2023-04-14T06:00,28.7,63,20.9,31.3,0.00,67,67,2,0,454.6,193.9,260.7,233.2,1131.6
2023-04-14T07:00,28.8,61,20.6,31.4,0.00,100,100,2,0,394.5,167.1,227.4,244.0,932.2
2023-04-14T08:00,28.4,63,20.5,31.1,0.00,100,100,0,0,309.4,165.6,143.8,333.5,675.6
2023-04-14T09:00,27.4,66,20.5,30.7,0.00,21,21,0,0,143.2,66.6,76.6,238.8,379.4
2023-04-14T10:00,25.3,78,21.2,29.1,0.00,13,13,0,0,25.2,12.0,13.2,138.2,63.8
2023-04-14T11:00,23.9,83,20.8,27.2,0.00,34,33,0,1,0.0,0.0,0.0,0.0,0.0
2023-04-14T12:00,24.9,79,21.1,28.9,0.00,28,15,0,0,0.0,0.0,0.0,0.0,0.0
2023-04-14T13:00,24.6,80,21.0,28.9,0.00,12,6,6,1,0.0,0.0,0.0,0.0,0.0
2023-04-14T14:00,23.6,84,20.8,27.5,0.00,39,25,18,0,0.0,0.0,0.0,0.0,0.0
2023-04-14T15:00,23.8,82,20.5,27.5,0.00,100,100,9,3,0.0,0.0,0.0,0.0,0.0
2023-04-14T16:00,22.6,89,20.7,26.2,0.00,100,100,24,16,0.0,0.0,0.0,0.0,0.0
2023-04-14T17:00,22.1,88,20.1,25.3,0.10,100,98,100,0,0.0,0.0,0.0,0.0,0.0
2023-04-14T18:00,22.8,85,20.1,25.5,0.00,75,18,70,0,0.0,0.0,0.0,0.0,0.0
2023-04-14T19:00,22.4,87,20.0,25.0,0.00,62,22,40,21,0.0,0.0,0.0,0.0,0.0
2023-04-14T20:00,21.7,90,20.0,24.4,0.10,56,38,30,0,0.0,0.0,0.0,0.0,0.0
2023-04-14T21:00,21.7,92,20.3,24.0,0.00,76,40,57,7,0.0,0.0,0.0,0.0,0.0
2023-04-14T22:00,21.8,93,20.6,24.6,0.00,70,30,61,11,11.9,0.0,11.9,0.0,126.4
2023-04-14T23:00,22.2,93,21.0,24.5,1.90,100,100,100,8,117.6,37.1,80.5,114.8,440.0
2023-04-15T00:00,22.0,93,20.7,24.6,1.50,100,100,100,63,161.4,37.3,124.2,69.4,730.0
2023-04-15T01:00,22.5,92,21.1,25.4,2.90,100,100,74,4,200.4,36.4,164.0,50.7,976.8
2023-04-15T02:00,23.6,88,21.4,26.2,0.30,100,100,100,1,339.6,28.1,311.5,32.9,1163.5
2023-04-15T03:00,22.8,89,20.8,24.8,6.60,100,100,100,21,190.5,0.0,190.5,0.0,1277.5
2023-04-15T04:00,22.2,87,20.0,24.2,1.10,100,100,99,18,131.0,4.0,126.9,4.2,1310.9
2023-04-15T05:00,22.3,82,19.0,24.4,0.30,100,33,100,9,270.2,16.6,253.7,17.9,1261.5
2023-04-15T06:00,21.6,82,18.3,24.0,1.00,100,100,100,13,144.0,0.0,144.0,0.0,1132.7
2023-04-15T07:00,21.3,81,18.0,23.5,0.20,58,10,48,11,146.5,10.8,135.7,15.7,933.4
2023-04-15T08:00,22.2,76,17.9,24.5,0.00,49,15,38,6,313.7,162.3,151.4,326.0,677.0
2023-04-15T09:00,22.1,72,16.7,23.4,0.00,14,1,2,11,186.4,109.7,76.7,391.4,381.2
2023-04-15T10:00,20.5,78,16.5,22.1,0.00,87,11,31,79,24.7,10.3,14.4,118.2,66.0
2023-04-15T11:00,19.7,83,16.8,21.0,0.00,85,4,31,78,0.0,0.0,0.0,0.0,0.0
2023-04-15T12:00,18.9,89,17.1,19.9,0.00,100,0,2,99,0.0,0.0,0.0,0.0,0.0
2023-04-15T13:00,18.5,90,16.8,19.1,0.00,97,0,22,96,0.0,0.0,0.0,0.0,0.0
2023-04-15T14:00,18.5,86,16.2,18.7,0.00,81,0,53,60,0.0,0.0,0.0,0.0,0.0
2023-04-15T15:00,18.3,88,16.2,18.4,0.00,0,0,0,0,0.0,0.0,0.0,0.0,0.0
2023-04-15T16:00,17.9,90,16.3,18.2,0.00,0,0,0,0,0.0,0.0,0.0,0.0,0.0
2023-04-15T17:00,17.7,92,16.3,18.2,0.00,74,0,0,74,0.0,0.0,0.0,0.0,0.0
2023-04-15T18:00,17.5,92,16.2,18.3,0.00,0,0,0,0,0.0,0.0,0.0,0.0,0.0
2023-04-15T19:00,17.0,94,16.0,18.1,0.00,0,0,0,0,0.0,0.0,0.0,0.0,0.0
2023-04-15T20:00,16.0,96,15.3,17.1,0.00,0,0,0,0,0.0,0.0,0.0,0.0,0.0
2023-04-15T21:00,15.0,97,14.6,15.9,0.00,0,0,0,0,0.0,0.0,0.0,0.0,0.0
2023-04-15T22:00,16.0,95,15.2,17.5,0.00,0,0,0,0,18.9,4.7,14.1,48.9,131.2
2023-04-15T23:00,19.4,88,17.3,21.4,0.00,0,0,0,0,207.6,121.5,86.1,371.8,444.2
2023-04-16T00:00,23.5,65,16.6,25.5,0.00,0,0,0,0,438.8,322.3,116.5,597.3,733.6
2023-04-16T01:00,26.0,53,15.7,27.8,0.00,0,0,0,0,655.4,523.4,132.0,726.3,979.8
2023-04-16T02:00,27.4,49,15.9,29.5,0.00,0,0,0,0,824.8,684.3,140.5,797.9,1165.9
2023-04-16T03:00,28.3,49,16.5,31.5,0.00,0,0,0,0,932.6,786.9,145.7,836.2,1279.3
2023-04-16T04:00,29.0,49,17.4,33.1,0.00,0,0,0,0,967.1,822.0,145.1,851.5,1312.3
2023-04-16T05:00,29.4,50,17.8,33.5,0.00,7,0,0,7,928.7,788.2,140.5,848.6,1262.7
2023-04-16T06:00,29.4,50,18.0,33.1,0.00,9,0,0,9,819.8,689.0,130.8,826.0,1133.9
2023-04-16T07:00,29.0,51,17.9,31.9,0.00,14,0,0,14,649.9,533.1,116.9,775.4,934.6
2023-04-16T08:00,28.3,53,17.9,30.4,0.00,0,0,0,0,441.1,344.8,96.3,690.9,678.4
2023-04-16T09:00,27.4,60,18.9,30.1,0.00,8,0,0,8,219.1,154.4,64.6,548.1,383.0
2023-04-16T10:00,25.2,69,19.0,27.7,0.00,0,0,0,0,29.3,15.7,13.6,180.0,68.3
2023-04-16T11:00,25.3,63,17.7,27.7,0.00,0,0,0,0,0.0,0.0,0.0,0.0,0.0
2023-04-16T12:00,22.5,80,18.9,24.9,0.00,0,0,0,0,0.0,0.0,0.0,0.0,0.0
2023-04-16T13:00,21.1,87,18.8,23.5,0.00,0,0,0,0,0.0,0.0,0.0,0.0,0.0
2023-04-16T14:00,20.1,88,18.1,22.4,0.00,0,0,0,0,0.0,0.0,0.0,0.0,0.0
2023-04-16T15:00,19.5,87,17.3,21.6,0.00,0,0,0,0,0.0,0.0,0.0,0.0,0.0
2023-04-16T16:00,18.7,87,16.5,20.3,0.00,0,0,0,0,0.0,0.0,0.0,0.0,0.0
2023-04-16T17:00,17.9,87,15.7,19.1,0.00,0,0,0,0,0.0,0.0,0.0,0.0,0.0
2023-04-16T18:00,17.4,87,15.2,18.4,0.00,0,0,0,0,0.0,0.0,0.0,0.0,0.0
2023-04-16T19:00,17.5,85,14.9,18.4,0.00,0,0,0,0,0.0,0.0,0.0,0.0,0.0
2023-04-16T20:00,17.3,85,14.7,18.1,0.00,0,0,0,0,0.0,0.0,0.0,0.0,0.0
2023-04-16T21:00,17.9,81,14.7,19.1,0.00,0,0,0,0,0.0,0.0,0.0,0.0,0.0
2023-04-16T22:00,20.3,72,15.1,21.9,0.00,0,0,0,0,21.1,4.7,16.4,46.9,135.9
2023-04-16T23:00,21.5,74,16.6,23.8,0.00,0,0,0,0,210.9,122.3,88.7,370.7,448.3
2023-04-17T00:00,23.9,69,17.8,26.6,0.00,0,0,0,0,436.9,318.1,118.8,586.3,737.1
2023-04-17T01:00,25.9,66,19.0,29.0,0.00,0,0,0,0,644.6,510.5,134.2,705.9,982.6
2023-04-17T02:00,27.5,60,19.2,31.9,0.00,0,0,0,0,812.6,668.9,143.7,778.0,1168.2
2023-04-17T03:00,28.8,57,19.5,34.2,0.00,2,2,0,0,917.8,768.0,149.8,814.5,1281.1
2023-04-17T04:00,29.7,57,20.2,35.5,0.00,6,5,1,0,946.8,793.7,153.1,820.8,1313.7
2023-04-17T05:00,30.1,56,20.5,35.7,0.00,12,12,1,0,899.4,744.3,155.1,800.1,1263.9
2023-04-17T06:00,29.9,58,20.7,34.8,0.00,22,19,3,0,800.1,663.6,136.5,794.4,1134.9
2023-04-17T07:00,29.6,59,20.8,33.7,0.00,10,7,4,0,629.4,505.3,124.1,733.7,935.7
2023-04-17T08:00,28.9,62,20.9,32.1,0.00,5,1,4,0,417.0,314.0,103.0,627.5,679.8
2023-04-17T09:00,27.9,66,21.0,31.4,0.00,6,0,6,0,207.9,142.4,65.5,503.0,384.7
2023-04-17T10:00,26.8,68,20.3,30.4,0.00,6,0,5,0,28.7,14.5,14.2,166.6,70.5
2023-04-17T11:00,25.0,76,20.4,29.1,0.00,0,0,0,0,0.0,0.0,0.0,0.0,0.0
2023-04-17T12:00,24.4,81,20.9,28.4,0.00,100,0,6,100,0.0,0.0,0.0,0.0,0.0
2023-04-17T13:00,23.4,86,21.0,27.2,0.00,100,7,3,100,0.0,0.0,0.0,0.0,0.0
2023-04-17T14:00,22.8,89,20.8,26.4,0.00,100,4,0,100,0.0,0.0,0.0,0.0,0.0
2023-04-17T15:00,22.0,92,20.6,25.3,0.00,98,10,0,97,0.0,0.0,0.0,0.0,0.0
2023-04-17T16:00,21.2,93,19.9,24.0,0.00,5,5,0,0,0.0,0.0,0.0,0.0,0.0
2023-04-17T17:00,20.4,94,19.3,22.8,0.00,12,12,0,0,0.0,0.0,0.0,0.0,0.0
2023-04-17T18:00,20.6,92,19.2,23.2,0.00,51,15,0,42,0.0,0.0,0.0,0.0,0.0
2023-04-17T19:00,21.2,91,19.7,24.4,0.00,100,12,0,100,0.0,0.0,0.0,0.0,0.0
2023-04-17T20:00,20.2,95,19.3,23.2,0.00,100,14,0,100,0.0,0.0,0.0,0.0,0.0
2023-04-17T21:00,18.7,98,18.3,20.9,0.00,100,12,0,100,0.0,0.0,0.0,0.0,0.0
2023-04-17T22:00,20.1,93,18.9,22.7,0.00,100,18,0,100,21.0,2.3,18.6,22.5,140.5
2023-04-17T23:00,23.3,81,19.9,26.0,0.00,91,9,0,90,194.5,91.2,103.3,273.8,452.3
2023-04-18T00:00,26.2,74,21.2,29.1,0.00,85,2,0,36,415.2,286.7,128.5,525.7,740.5
2023-04-18T01:00,27.8,67,21.2,30.4,0.00,12,5,0,7,607.8,440.8,167.0,607.5,985.4
2023-04-18T02:00,29.6,61,21.2,33.1,0.00,28,1,0,27,798.2,647.0,151.2,750.7,1170.4
2023-04-18T03:00,31.1,55,21.0,35.5,0.00,83,0,0,83,897.8,733.4,164.4,776.4,1282.8
2023-04-18T04:00,32.1,51,20.8,37.8,0.00,86,0,2,86,922.5,742.2,180.3,766.4,1315.1
2023-04-18T05:00,32.2,51,20.7,38.6,0.00,32,0,3,30,862.3,693.5,168.7,744.5,1265.0
2023-04-18T06:00,31.7,54,21.2,37.2,0.00,100,0,3,100,771.9,615.6,156.3,735.9,1135.9
2023-04-18T07:00,30.9,57,21.5,34.9,0.00,95,0,6,94,568.3,377.7,190.6,547.4,936.8
2023-04-18T08:00,29.9,60,21.2,32.9,0.00,100,0,5,100,408.8,299.1,109.8,596.2,681.2
2023-04-18T09:00,28.4,64,21.0,31.4,0.00,100,0,1,100,188.1,100.9,87.2,354.4,386.5
2023-04-18T10:00,26.2,70,20.2,29.0,0.00,100,1,20,100,25.9,7.0,19.0,79.8,72.8
2023-04-18T11:00,24.4,78,20.3,27.6,0.00,100,0,9,100,0.0,0.0,0.0,0.0,0.0
2023-04-18T12:00,23.7,85,21.0,27.5,0.00,100,0,8,100,0.0,0.0,0.0,0.0,0.0
2023-04-18T13:00,24.3,80,20.6,28.4,0.00,100,1,26,100,0.0,0.0,0.0,0.0,0.0
2023-04-18T14:00,23.4,90,21.7,27.4,0.00,100,0,3,100,0.0,0.0,0.0,0.0,0.0
2023-04-18T15:00,23.0,90,21.3,27.2,0.00,100,0,2,100,0.0,0.0,0.0,0.0,0.0
2023-04-18T16:00,22.4,96,21.6,26.5,0.00,100,22,3,100,0.0,0.0,0.0,0.0,0.0
2023-04-18T17:00,22.7,95,21.9,27.3,0.00,100,44,4,100,0.0,0.0,0.0,0.0,0.0
2023-04-18T18:00,22.7,96,22.0,27.1,0.00,100,32,20,100,0.0,0.0,0.0,0.0,0.0
2023-04-18T19:00,22.6,96,21.9,26.9,0.00,100,15,5,100,0.0,0.0,0.0,0.0,0.0
2023-04-18T20:00,22.2,97,21.7,26.4,0.00,100,15,11,100,0.0,0.0,0.0,0.0,0.0
2023-04-18T21:00,22.3,96,21.7,26.5,0.00,81,26,5,73,0.0,0.0,0.0,0.0,0.0
2023-04-18T22:00,22.4,97,21.8,26.8,0.00,96,40,5,94,20.9,2.3,18.5,21.7,145.1
2023-04-18T23:00,24.3,89,22.4,29.0,0.00,99,30,28,98,160.2,34.8,125.5,103.4,456.3
2023-04-19T00:00,26.0,79,22.2,30.7,0.00,99,0,19,94,357.7,178.9,178.9,326.4,743.9
2023-04-19T01:00,27.5,71,21.8,31.6,0.00,97,0,2,97,501.8,290.6,211.2,399.2,988.1
2023-04-19T02:00,29.0,63,21.2,33.8,0.00,100,0,0,100,740.7,523.7,217.0,606.1,1172.5
2023-04-19T03:00,29.8,58,20.7,34.0,0.00,100,2,5,100,695.8,392.1,303.7,414.3,1284.5
2023-04-19T04:00,29.3,62,21.2,33.5,0.00,100,0,8,100,329.3,32.2,297.0,33.2,1316.3
2023-04-19T05:00,29.4,63,21.6,33.5,0.00,100,6,43,100,307.2,42.9,264.3,46.0,1266.0
2023-04-19T06:00,29.9,61,21.6,33.2,0.00,100,27,48,100,411.4,71.5,339.8,85.4,1136.9
2023-04-19T07:00,28.2,69,22.0,30.9,1.50,100,2,31,100,243.7,36.0,207.8,52.1,937.9
2023-04-19T08:00,26.2,77,21.8,27.9,0.10,100,13,17,100,188.6,12.6,176.0,25.0,682.5
2023-04-19T09:00,25.4,80,21.7,26.9,0.10,100,15,26,100,85.9,5.8,80.1,20.2,388.2
2023-04-19T10:00,24.3,82,21.0,26.1,0.00,100,6,15,100,14.9,0.3,14.5,3.7,75.1
2023-04-19T11:00,23.6,86,21.1,26.6,0.00,100,1,4,100,0.0,0.0,0.0,0.0,0.0
2023-04-19T12:00,22.6,92,21.2,24.5,0.00,100,25,75,100,0.0,0.0,0.0,0.0,0.0
2023-04-19T13:00,22.7,92,21.3,25.3,0.40,100,3,99,100,0.0,0.0,0.0,0.0,0.0
2023-04-19T14:00,22.5,92,21.0,25.7,0.10,90,1,62,73,0.0,0.0,0.0,0.0,0.0
2023-04-19T15:00,22.2,92,20.8,25.4,0.00,99,2,49,97,0.0,0.0,0.0,0.0,0.0
2023-04-19T16:00,21.9,92,20.5,25.5,0.10,100,0,55,100,0.0,0.0,0.0,0.0,0.0
2023-04-19T17:00,21.8,93,20.5,25.4,0.10,100,1,97,100,0.0,0.0,0.0,0.0,0.0
2023-04-19T18:00,21.5,95,20.6,25.2,0.90,100,1,62,100,0.0,0.0,0.0,0.0,0.0
2023-04-19T19:00,21.0,95,20.3,23.9,2.10,100,100,63,100,0.0,0.0,0.0,0.0,0.0
2023-04-19T20:00,21.0,96,20.4,23.9,0.60,100,67,41,100,0.0,0.0,0.0,0.0,0.0
2023-04-19T21:00,21.0,96,20.4,24.6,0.00,100,22,30,100,0.0,0.0,0.0,0.0,0.0
2023-04-19T22:00,21.2,95,20.4,24.1,0.30,100,26,94,100,18.5,0.0,18.5,0.0,149.6
2023-04-19T23:00,22.1,89,20.2,24.2,0.10,100,29,47,100,96.2,4.5,91.7,13.3,460.2
2023-04-20T00:00,24.1,85,21.5,25.8,0.00,100,31,44,100,203.2,27.1,176.1,49.2,747.1
2023-04-20T01:00,24.5,86,22.0,27.2,0.00,100,18,99,100,349.4,89.6,259.8,122.7,990.8
2023-04-20T02:00,23.8,86,21.4,27.0,0.00,100,75,19,100,223.4,3.2,220.2,3.7,1174.6
2023-04-20T03:00,23.3,88,21.2,26.5,0.10,100,100,38,100,315.1,45.8,269.3,48.3,1286.0
2023-04-20T04:00,23.3,86,20.9,26.4,0.40,100,100,4,95,315.1,22.1,293.0,22.8,1317.6
2023-04-20T05:00,22.9,85,20.3,25.4,0.10,100,100,73,93,216.5,0.0,216.5,0.0,1267.0
2023-04-20T06:00,23.1,84,20.3,26.2,0.00,93,91,6,20,209.0,5.6,203.3,6.7,1137.9
2023-04-20T07:00,24.5,78,20.5,27.1,0.10,70,4,58,27,416.5,124.1,292.4,179.3,939.0
2023-04-20T08:00,23.9,79,20.0,26.3,0.60,93,12,52,85,267.5,95.6,171.9,189.6,683.8
2023-04-20T09:00,22.8,83,19.7,25.3,0.00,100,100,11,9,95.4,16.6,78.8,57.8,390.0
2023-04-20T10:00,21.9,85,19.3,24.3,0.00,100,100,3,5,12.9,0.0,12.9,0.0,77.3
2023-04-20T11:00,21.5,86,19.0,24.1,0.00,100,100,0,1,0.0,0.0,0.0,0.0,0.0
2023-04-20T12:00,21.4,92,20.0,25.0,0.00,100,100,56,3,0.0,0.0,0.0,0.0,0.0
2023-04-20T13:00,21.6,89,19.6,24.9,0.50,100,100,34,18,0.0,0.0,0.0,0.0,0.0
2023-04-20T14:00,21.3,94,20.3,24.8,0.20,100,100,51,1,0.0,0.0,0.0,0.0,0.0
2023-04-20T15:00,21.3,91,19.7,24.4,0.10,100,100,16,0,0.0,0.0,0.0,0.0,0.0
2023-04-20T16:00,21.1,93,19.9,24.3,0.00,100,100,42,0,0.0,0.0,0.0,0.0,0.0
2023-04-20T17:00,21.0,95,20.3,24.3,0.50,100,100,58,0,0.0,0.0,0.0,0.0,0.0
2023-04-20T18:00,20.9,95,20.1,24.2,1.40,100,100,82,0,0.0,0.0,0.0,0.0,0.0
2023-04-20T19:00,20.8,95,20.0,23.9,1.10,100,100,98,0,0.0,0.0,0.0,0.0,0.0
2023-04-20T20:00,20.7,96,20.0,24.0,1.00,100,100,100,0,0.0,0.0,0.0,0.0,0.0
2023-04-20T21:00,20.5,97,20.0,23.5,0.70,100,100,93,0,0.0,0.0,0.0,0.0,0.0
2023-04-20T22:00,20.6,97,20.1,23.8,0.20,100,100,100,0,6.9,0.0,6.9,0.0,154.0
2023-04-20T23:00,21.1,92,19.7,24.2,0.10,100,100,46,0,47.9,0.0,47.9,0.0,464.0
2023-04-21T00:00,21.4,85,18.9,24.0,0.10,100,100,9,0,168.5,17.2,151.3,31.1,750.3
2023-04-21T01:00,22.0,83,18.9,24.6,0.00,100,100,48,0,180.3,7.9,172.3,10.8,993.3
2023-04-21T02:00,22.8,78,18.8,25.1,0.00,100,100,19,0,309.6,20.5,289.1,23.6,1176.6
2023-04-21T03:00,23.4,73,18.4,25.2,0.00,100,100,68,0,435.6,44.7,390.9,47.1,1287.5
2023-04-21T04:00,23.2,73,18.1,24.7,0.00,100,100,41,0,360.4,34.2,326.2,35.2,1318.7
2023-04-21T05:00,23.6,73,18.4,25.4,0.20,100,100,100,0,456.4,153.1,303.3,163.7,1267.9
2023-04-21T06:00,23.6,71,18.0,25.2,0.00,100,100,100,0,258.9,0.0,258.9,0.0,1138.8
2023-04-21T07:00,23.5,71,17.9,25.2,0.00,100,100,98,0,237.5,11.7,225.8,16.9,940.0
2023-04-21T08:00,23.3,72,17.9,24.9,0.00,100,100,91,0,200.5,19.3,181.2,38.2,685.2
2023-04-21T09:00,22.3,76,17.9,23.8,0.00,100,100,100,0,81.1,0.0,81.1,0.0,391.7
2023-04-21T10:00,21.5,79,17.7,23.1,0.00,100,100,100,0,13.8,1.0,12.8,11.6,79.6
2023-04-21T11:00,21.1,81,17.7,22.9,0.00,100,100,100,0,0.0,0.0,0.0,0.0,0.0
2023-04-21T12:00,20.8,84,18.0,22.7,0.00,100,93,98,0,0.0,0.0,0.0,0.0,0.0
2023-04-21T13:00,20.8,84,18.0,22.4,0.00,100,97,100,2,0.0,0.0,0.0,0.0,0.0
2023-04-21T14:00,20.4,86,17.9,22.1,0.00,12,1,10,1,0.0,0.0,0.0,0.0,0.0
2023-04-21T15:00,19.5,90,17.8,21.3,0.00,9,3,3,3,0.0,0.0,0.0,0.0,0.0
2023-04-21T16:00,19.0,92,17.7,20.8,0.00,40,3,7,33,0.0,0.0,0.0,0.0,0.0
2023-04-21T17:00,18.9,92,17.7,20.6,0.00,79,21,0,74,0.0,0.0,0.0,0.0,0.0
2023-04-21T18:00,18.7,94,17.7,20.5,0.00,37,35,5,0,0.0,0.0,0.0,0.0,0.0
2023-04-21T19:00,18.6,95,17.7,20.2,0.00,50,39,28,0,0.0,0.0,0.0,0.0,0.0
2023-04-21T20:00,18.9,92,17.6,20.4,0.00,100,78,100,0,0.0,0.0,0.0,0.0,0.0
2023-04-21T21:00,19.2,88,17.3,20.5,0.00,100,100,100,1,0.0,0.0,0.0,0.0,0.0
2023-04-21T22:00,19.7,85,17.1,20.8,0.00,100,100,100,43,6.9,0.0,6.9,0.0,158.3
2023-04-21T23:00,20.1,83,17.1,20.8,0.00,100,100,100,46,46.1,0.0,46.1,0.0,467.7
2023-04-22T00:00,21.0,76,16.6,21.0,0.10,100,78,100,1,90.9,3.7,87.2,6.6,753.4
2023-04-22T01:00,21.5,75,16.9,21.6,0.10,95,70,91,5,325.1,81.6,243.6,111.0,995.8
2023-04-22T02:00,22.2,73,17.0,22.6,0.10,92,47,83,6,435.7,148.8,286.9,171.1,1178.4
2023-04-22T03:00,23.4,68,17.0,24.1,0.10,66,24,43,32,619.5,320.1,299.3,336.5,1288.9
2023-04-22T04:00,23.4,68,17.1,24.1,0.20,96,79,93,1,585.8,261.7,324.1,268.7,1319.8
2023-04-22T05:00,23.5,67,17.1,24.4,0.00,73,6,72,0,599.8,275.0,324.7,293.7,1268.8
2023-04-22T06:00,23.6,68,17.2,24.7,0.00,44,20,32,0,628.9,331.4,297.5,394.0,1139.6
2023-04-22T07:00,23.5,68,17.2,24.5,0.00,19,18,2,0,599.4,434.7,164.7,625.8,941.0
2023-04-22T08:00,23.2,69,17.1,23.4,0.00,12,12,3,0,417.2,309.8,107.5,611.4,686.5
2023-04-22T09:00,22.4,72,17.0,22.7,0.00,21,20,1,0,195.1,110.3,84.9,379.7,393.4
2023-04-22T10:00,21.5,75,16.8,22.0,0.00,15,15,0,0,31.6,13.7,17.9,157.6,81.9
2023-04-22T11:00,20.8,77,16.6,21.3,0.00,9,7,2,0,0.0,0.0,0.0,0.0,0.0
2023-04-22T12:00,20.2,80,16.6,20.7,0.00,6,10,6,0,0.0,0.0,0.0,0.0,0.0
2023-04-22T13:00,20.2,80,16.6,20.9,0.00,18,14,14,0,0.0,0.0,0.0,0.0,0.0
2023-04-22T14:00,19.9,82,16.7,20.6,0.00,14,14,5,0,0.0,0.0,0.0,0.0,0.0
2023-04-22T15:00,19.7,85,17.1,20.6,0.00,30,16,27,0,0.0,0.0,0.0,0.0,0.0
2023-04-22T16:00,19.7,87,17.6,20.8,0.00,59,32,41,0,0.0,0.0,0.0,0.0,0.0
2023-04-22T17:00,19.8,88,17.7,21.0,0.00,11,10,0,0,0.0,0.0,0.0,0.0,0.0
2023-04-22T18:00,19.5,90,17.8,20.6,0.00,10,9,2,0,0.0,0.0,0.0,0.0,0.0
2023-04-22T19:00,19.5,90,17.9,20.6,0.00,20,18,13,0,0.0,0.0,0.0,0.0,0.0
2023-04-22T20:00,19.5,90,17.9,20.7,0.00,96,95,55,0,0.0,0.0,0.0,0.0,0.0
2023-04-22T21:00,19.9,88,17.9,21.2,0.00,100,100,99,0,0.0,0.0,0.0,0.0,0.0
2023-04-22T22:00,20.5,86,18.0,22.1,0.00,100,100,100,0,11.4,0.0,11.4,0.0,162.5
2023-04-22T23:00,21.5,83,18.4,23.1,0.00,100,100,100,0,72.6,0.0,72.6,0.0,471.3
2023-04-23T00:00,23.0,76,18.5,24.3,0.00,77,12,0,0,138.6,0.0,138.6,0.0,756.3
2023-04-23T01:00,24.7,71,19.1,26.5,0.00,55,55,1,0,584.2,367.9,216.2,499.2,998.1
2023-04-23T02:00,25.8,69,19.6,28.5,0.00,63,62,0,0,606.9,255.5,351.4,293.2,1180.2
2023-04-23T03:00,27.2,66,20.2,31.7,0.00,72,69,10,0,730.5,401.1,329.4,421.0,1290.3
2023-04-23T04:00,27.0,68,20.7,31.2,0.00,100,100,2,0,739.7,442.8,296.9,454.0,1320.8
2023-04-23T05:00,26.2,70,20.4,29.4,0.00,96,95,7,0,756.7,496.4,260.4,529.4,1269.7
2023-04-23T06:00,25.6,70,19.7,28.2,0.00,46,44,5,0,738.1,528.2,210.0,627.1,1140.4
2023-04-23T07:00,24.8,71,19.2,26.4,0.00,96,96,7,0,577.0,405.9,171.0,583.6,942.0
2023-04-23T08:00,23.7,73,18.6,24.5,0.00,100,100,7,0,296.5,99.1,197.4,195.1,687.7
2023-04-23T09:00,23.0,75,18.3,23.8,0.00,99,99,1,0,123.5,23.2,100.3,79.7,395.1
2023-04-23T10:00,22.5,76,18.1,23.4,0.00,25,25,1,0,23.5,5.6,17.9,64.3,84.1
2023-04-23T11:00,21.8,79,18.0,22.8,0.00,13,11,3,0,0.0,0.0,0.0,0.0,0.0
2023-04-23T12:00,21.6,80,18.1,22.4,0.00,13,9,11,0,0.0,0.0,0.0,0.0,0.0
2023-04-23T13:00,21.6,80,18.1,22.6,0.00,22,16,8,0,0.0,0.0,0.0,0.0,0.0
2023-04-23T14:00,21.3,83,18.3,22.3,0.00,17,15,8,0,0.0,0.0,0.0,0.0,0.0
2023-04-23T15:00,21.0,86,18.6,22.4,0.00,23,19,4,0,0.0,0.0,0.0,0.0,0.0
2023-04-23T16:00,20.7,89,18.9,22.5,0.00,44,25,5,25,0.0,0.0,0.0,0.0,0.0
2023-04-23T17:00,20.4,91,18.9,22.4,0.00,28,26,8,0,0.0,0.0,0.0,0.0,0.0
2023-04-23T18:00,20.2,91,18.8,22.2,0.00,39,25,22,0,0.0,0.0,0.0,0.0,0.0
2023-04-23T19:00,20.0,92,18.6,22.1,0.00,100,100,100,0,0.0,0.0,0.0,0.0,0.0
2023-04-23T20:00,20.6,88,18.6,22.9,0.00,100,100,50,0,0.0,0.0,0.0,0.0,0.0
2023-04-23T21:00,20.6,88,18.6,23.0,0.00,100,100,25,0,0.0,0.0,0.0,0.0,0.0
2023-04-23T22:00,21.2,86,18.7,23.3,0.00,100,100,21,0,13.6,0.0,13.6,0.0,166.6
2023-04-23T23:00,21.6,84,18.8,23.5,0.00,100,100,100,0,70.8,0.0,70.8,0.0,474.8
2023-04-24T00:00,22.3,84,19.6,24.2,0.10,100,36,92,29,77.2,0.0,77.2,0.0,759.2
2023-04-24T01:00,22.4,86,19.9,24.6,0.90,100,100,100,11,204.8,5.7,199.1,7.7,1000.4
2023-04-24T02:00,22.3,89,20.4,25.1,1.00,100,100,100,4,247.9,18.3,229.5,21.0,1181.9
2023-04-24T03:00,21.8,90,20.1,24.4,1.00,100,100,95,0,161.0,0.0,161.0,0.0,1291.5
2023-04-24T04:00,22.5,84,19.8,24.9,0.10,100,100,49,0,346.2,32.2,314.0,33.0,1321.7
2023-04-24T05:00,23.0,81,19.6,25.3,0.00,100,100,32,0,375.4,68.3,307.2,72.7,1270.4
2023-04-24T06:00,23.0,81,19.5,25.1,0.00,100,100,2,2,377.6,97.0,280.6,115.0,1141.2
2023-04-24T07:00,22.1,82,18.8,23.7,0.00,100,100,3,0,188.2,24.3,163.9,34.9,942.9
2023-04-24T08:00,21.3,82,18.0,22.3,0.00,100,100,2,0,126.0,0.8,125.2,1.7,689.0
2023-04-24T09:00,20.7,80,17.2,21.6,0.00,100,100,7,0,58.2,0.0,58.2,0.0,396.9
2023-04-24T10:00,20.2,81,16.8,21.2,0.00,100,100,5,0,12.8,0.0,12.8,0.0,86.4
2023-04-24T11:00,20.0,80,16.5,21.2,0.00,100,100,10,0,0.0,0.0,0.0,0.0,0.0
2023-04-24T12:00,20.2,81,16.7,21.5,0.00,100,100,2,0,0.0,0.0,0.0,0.0,0.0
2023-04-24T13:00,20.0,80,16.5,21.1,0.00,100,100,1,0,0.0,0.0,0.0,0.0,0.0
2023-04-24T14:00,19.9,80,16.3,21.1,0.00,100,100,1,0,0.0,0.0,0.0,0.0,0.0
2023-04-24T15:00,19.7,80,16.2,20.9,0.00,100,100,5,0,0.0,0.0,0.0,0.0,0.0
2023-04-24T16:00,19.4,83,16.4,20.9,0.00,93,92,14,0,0.0,0.0,0.0,0.0,0.0
2023-04-24T17:00,19.2,85,16.6,21.1,0.00,100,100,22,3,0.0,0.0,0.0,0.0,0.0
2023-04-24T18:00,19.3,86,16.9,21.4,0.00,100,100,26,36,0.0,0.0,0.0,0.0,0.0
2023-04-24T19:00,19.3,87,17.0,21.4,0.00,100,100,27,37,0.0,0.0,0.0,0.0,0.0
2023-04-24T20:00,19.2,86,16.8,21.1,0.00,100,100,2,14,0.0,0.0,0.0,0.0,0.0
2023-04-24T21:00,19.1,87,16.8,21.0,0.00,100,100,7,0,0.0,0.0,0.0,0.0,0.0
2023-04-24T22:00,19.3,86,16.9,20.7,0.00,100,100,2,1,18.1,0.0,18.1,0.0,170.7
2023-04-24T23:00,19.9,81,16.6,20.4,0.00,100,100,0,0,114.5,19.1,95.5,54.0,478.2
2023-04-25T00:00,20.6,79,16.9,21.0,0.00,100,100,6,0,259.3,55.0,204.3,97.7,762.0
2023-04-25T01:00,21.2,78,17.2,21.8,0.00,100,100,13,13,289.5,56.5,232.9,76.3,1002.5
2023-04-25T02:00,21.5,78,17.4,22.4,0.00,100,100,14,1,331.8,32.3,299.5,36.9,1183.6
2023-04-25T03:00,22.4,75,17.7,23.6,0.00,100,100,96,0,468.5,80.0,388.5,83.7,1292.7
2023-04-25T04:00,22.6,75,17.9,23.9,0.00,99,99,23,0,423.6,37.2,386.4,38.1,1322.6
2023-04-25T05:00,23.0,74,18.1,24.8,0.00,100,100,11,0,565.6,143.3,422.2,152.5,1271.2
2023-04-25T06:00,22.9,74,18.1,24.5,0.00,65,59,14,0,503.8,131.8,371.9,156.1,1142.0
2023-04-25T07:00,22.7,75,18.0,24.2,0.00,100,100,69,0,418.7,159.4,259.3,228.4,943.8
2023-04-25T08:00,21.9,76,17.5,23.1,0.00,100,100,100,0,211.0,27.7,183.3,54.4,690.3
2023-04-25T09:00,20.8,79,17.0,21.7,0.00,100,100,100,0,62.0,4.4,57.6,14.8,398.6
2023-04-25T10:00,20.2,81,16.8,21.4,0.30,100,100,100,0,6.2,0.0,6.2,0.0,88.7
2023-04-25T11:00,19.8,84,17.0,21.3,0.80,100,100,100,0,0.0,0.0,0.0,0.0,0.0
2023-04-25T12:00,19.4,87,17.2,21.0,0.50,100,100,88,0,0.0,0.0,0.0,0.0,0.0
2023-04-25T13:00,19.3,89,17.4,20.8,0.40,100,100,100,0,0.0,0.0,0.0,0.0,0.0
2023-04-25T14:00,19.2,91,17.6,20.8,0.10,100,100,100,0,0.0,0.0,0.0,0.0,0.0
2023-04-25T15:00,19.1,90,17.5,20.6,0.00,100,100,100,0,0.0,0.0,0.0,0.0,0.0
2023-04-25T16:00,19.1,89,17.3,20.9,0.30,100,100,100,0,0.0,0.0,0.0,0.0,0.0
2023-04-25T17:00,19.1,90,17.5,21.3,0.80,100,100,100,0,0.0,0.0,0.0,0.0,0.0
2023-04-25T18:00,19.0,91,17.6,21.3,0.40,100,100,100,0,0.0,0.0,0.0,0.0,0.0
2023-04-25T19:00,19.0,92,17.7,21.5,0.30,100,100,100,0,0.0,0.0,0.0,0.0,0.0
2023-04-25T20:00,19.0,92,17.7,21.4,0.20,100,100,100,0,0.0,0.0,0.0,0.0,0.0
2023-04-25T21:00,19.0,92,17.6,21.2,0.20,100,100,100,0,0.0,0.0,0.0,0.0,0.0
2023-04-25T22:00,18.9,90,17.1,20.5,1.30,100,100,100,0,6.8,0.0,6.8,0.0,174.6
2023-04-25T23:00,18.9,90,17.2,20.3,0.90,100,100,100,0,42.4,2.9,39.5,8.2,481.5
2023-04-26T00:00,18.8,86,16.4,19.1,0.40,100,99,98,0,108.7,2.4,106.3,4.3,764.6
2023-04-26T01:00,19.2,80,15.7,19.1,0.00,100,100,89,0,201.1,9.0,192.1,12.2,1004.6
2023-04-26T02:00,19.3,78,15.5,18.9,0.00,100,100,82,0,231.5,7.5,224.0,8.6,1185.1
2023-04-26T03:00,19.5,77,15.4,18.9,0.00,100,100,76,0,259.6,8.3,251.3,8.7,1293.8
2023-04-26T04:00,20.1,73,15.1,19.4,0.00,100,100,97,0,310.9,11.1,299.8,11.3,1323.4
2023-04-26T05:00,20.4,70,14.8,19.5,0.00,100,100,100,0,335.4,26.3,309.1,28.0,1271.9
2023-04-26T06:00,19.9,72,14.6,18.9,0.00,100,100,100,0,215.6,3.8,211.9,4.5,1142.7
2023-04-26T07:00,19.9,71,14.5,18.8,0.00,100,38,100,0,160.3,0.0,160.3,0.0,944.7
2023-04-26T08:00,19.5,76,15.1,18.6,0.00,100,100,100,0,121.1,0.8,120.3,1.6,691.5
2023-04-26T09:00,19.0,75,14.5,17.9,0.00,100,97,100,0,62.8,2.9,59.9,9.9,400.3
2023-04-26T10:00,19.0,72,13.7,17.8,0.00,100,100,100,0,14.4,0.0,14.4,0.0,91.0
2023-04-26T11:00,19.0,70,13.3,18.0,0.00,100,63,100,0,0.0,0.0,0.0,0.0,0.0
2023-04-26T12:00,18.9,71,13.5,17.9,0.00,63,20,97,0,0.0,0.0,0.0,0.0,0.0
2023-04-26T13:00,19.1,71,13.7,18.2,0.00,95,8,95,0,0.0,0.0,0.0,0.0,0.0
2023-04-26T14:00,18.8,73,13.9,18.0,0.00,100,100,72,0,0.0,0.0,0.0,0.0,0.0
2023-04-26T15:00,19.1,72,13.9,18.2,0.00,99,97,49,0,0.0,0.0,0.0,0.0,0.0
2023-04-26T16:00,19.1,73,14.0,18.2,0.00,95,93,35,0,0.0,0.0,0.0,0.0,0.0
2023-04-26T17:00,18.8,73,14.0,17.9,0.00,85,62,70,0,0.0,0.0,0.0,0.0,0.0
2023-04-26T18:00,18.9,73,14.0,17.9,0.00,100,100,81,0,0.0,0.0,0.0,0.0,0.0
2023-04-26T19:00,18.8,75,14.2,17.8,0.00,34,22,16,0,0.0,0.0,0.0,0.0,0.0
2023-04-26T20:00,19.0,75,14.5,18.2,0.00,33,10,25,0,0.0,0.0,0.0,0.0,0.0
2023-04-26T21:00,18.8,77,14.6,18.2,0.00,70,4,69,0,0.0,0.0,0.0,0.0,0.0
2023-04-26T22:00,19.1,77,15.0,18.6,0.00,67,36,49,0,24.8,6.8,18.0,51.2,178.3
2023-04-26T23:00,20.5,75,15.8,20.2,0.00,62,38,45,0,145.7,68.5,77.2,190.9,484.7
2023-04-27T00:00,21.1,72,15.9,20.7,0.00,15,100,45,0,286.7,169.6,117.1,298.7,767.1
2023-04-27T01:00,22.7,66,16.0,22.3,0.00,63,53,22,3,349.0,115.2,233.8,154.7,1006.5
2023-04-27T02:00,24.0,63,16.6,23.8,0.00,76,64,23,27,470.5,218.6,251.9,248.9,1186.5
2023-04-27T03:00,25.0,62,17.2,25.2,0.00,84,83,30,0,538.9,228.4,310.5,238.4,1294.8
2023-04-27T04:00,25.4,62,17.5,25.7,0.00,100,100,72,0,535.2,123.7,411.5,126.3,1324.2
2023-04-27T05:00,24.9,64,17.7,25.4,0.00,100,100,83,0,353.0,37.1,315.9,39.3,1272.5
2023-04-27T06:00,24.9,65,17.9,25.8,0.00,100,100,100,0,307.9,0.0,307.9,0.0,1143.4
2023-04-27T07:00,24.8,66,18.0,25.8,0.00,100,100,98,1,287.4,40.5,246.8,57.9,945.6
2023-04-27T08:00,23.8,71,18.3,24.9,0.00,90,90,65,0,146.4,7.6,138.9,14.8,692.8
2023-04-27T09:00,23.4,74,18.5,24.6,0.00,43,30,16,18,124.3,50.5,73.9,169.6,402.0
2023-04-27T10:00,22.5,76,18.1,23.6,0.00,98,25,20,98,26.3,10.1,16.1,116.3,93.2
2023-04-27T11:00,21.6,79,17.8,22.7,0.00,99,5,5,99,0.0,0.0,0.0,0.0,0.0
2023-04-27T12:00,21.0,82,17.9,22.1,0.00,89,6,3,85,0.0,0.0,0.0,0.0,0.0
2023-04-27T13:00,21.0,82,17.8,22.2,0.00,98,6,6,98,0.0,0.0,0.0,0.0,0.0
2023-04-27T14:00,20.9,83,17.9,22.3,0.00,100,8,18,100,0.0,0.0,0.0,0.0,0.0
2023-04-27T15:00,20.9,84,18.0,22.4,0.00,100,1,23,100,0.0,0.0,0.0,0.0,0.0
2023-04-27T16:00,20.5,86,18.1,22.5,0.00,100,1,14,100,0.0,0.0,0.0,0.0,0.0
2023-04-27T17:00,19.8,90,18.1,22.1,0.00,100,0,6,100,0.0,0.0,0.0,0.0,0.0
2023-04-27T18:00,19.8,90,18.0,22.2,0.00,100,1,6,100,0.0,0.0,0.0,0.0,0.0
2023-04-27T19:00,19.5,91,18.0,22.2,0.00,100,2,1,100,0.0,0.0,0.0,0.0,0.0
2023-04-27T20:00,18.2,95,17.4,20.3,0.00,100,4,0,100,0.0,0.0,0.0,0.0,0.0
2023-04-27T21:00,18.0,94,17.1,20.1,0.00,81,6,0,80,0.0,0.0,0.0,0.0,0.0
2023-04-27T22:00,19.3,92,17.9,22.1,0.00,100,6,0,100,35.9,9.0,27.0,66.7,182.0
2023-04-27T23:00,21.9,80,18.4,24.7,0.00,68,7,0,66,191.6,55.1,136.4,152.7,487.7
2023-04-28T00:00,24.3,71,18.8,27.5,0.00,43,0,1,0,447.2,319.3,128.0,560.3,769.6
2023-04-28T01:00,26.5,67,19.8,30.2,0.00,2,0,0,2,650.2,506.8,143.4,678.8,1008.4
2023-04-28T02:00,28.3,61,20.1,33.5,0.00,86,0,0,86,809.4,657.6,151.8,747.7,1187.9
2023-04-28T03:00,29.4,60,20.8,34.7,0.00,98,6,2,98,892.8,714.2,178.6,744.4,1295.8
2023-04-28T04:00,29.0,64,21.4,33.6,0.00,97,23,18,96,764.5,514.0,250.5,524.0,1324.9
2023-04-28T05:00,28.4,68,21.9,33.3,0.30,100,25,45,99,763.5,502.2,261.3,532.7,1273.1
2023-04-28T06:00,27.7,72,22.1,31.8,0.20,100,15,20,100,616.9,346.6,270.3,409.1,1144.0
2023-04-28T07:00,27.4,72,22.0,31.3,0.10,83,23,11,75,479.3,255.0,224.4,363.8,946.5
2023-04-28T08:00,26.9,73,21.7,31.3,0.10,64,41,10,36,299.8,175.1,124.6,340.8,694.0
2023-04-28T09:00,26.8,72,21.4,31.2,0.00,37,24,2,15,172.8,92.3,80.6,308.6,403.8
2023-04-28T10:00,25.6,85,23.0,30.7,0.00,9,7,3,2,33.2,13.0,20.2,148.9,95.5
2023-04-28T11:00,25.6,76,21.0,29.5,0.00,4,4,2,0,0.0,0.0,0.0,0.0,0.0
2023-04-28T12:00,23.0,95,22.1,27.6,0.00,5,28,6,17,0.0,0.0,0.0,0.0,0.0
2023-04-28T13:00,23.2,94,22.1,27.7,0.00,9,4,5,0,0.0,0.0,0.0,0.0,0.0
2023-04-28T14:00,22.4,94,21.4,26.3,0.00,9,3,5,2,0.0,0.0,0.0,0.0,0.0
2023-04-28T15:00,22.0,94,21.0,25.6,0.00,5,2,5,0,0.0,0.0,0.0,0.0,0.0
2023-04-28T16:00,21.6,94,20.6,24.9,0.00,4,4,0,0,0.0,0.0,0.0,0.0,0.0
2023-04-28T17:00,21.0,96,20.3,24.1,0.00,12,12,0,0,0.0,0.0,0.0,0.0,0.0
2023-04-28T18:00,22.1,93,20.9,26.2,0.00,8,8,0,0,0.0,0.0,0.0,0.0,0.0
2023-04-28T19:00,21.6,96,20.8,25.3,0.00,11,3,0,8,0.0,0.0,0.0,0.0,0.0
2023-04-28T20:00,21.3,95,20.6,25.4,0.00,100,2,0,100,0.0,0.0,0.0,0.0,0.0
2023-04-28T21:00,19.6,97,19.1,22.6,0.00,58,0,0,58,0.0,0.0,0.0,0.0,0.0
2023-04-28T22:00,20.8,95,20.1,24.6,0.00,23,1,0,23,38.1,11.2,26.9,81.5,185.5
2023-04-28T23:00,23.2,88,21.1,27.5,0.00,57,0,0,57,231.4,133.0,98.3,366.0,490.7
2023-04-29T00:00,25.3,78,21.3,29.4,0.00,91,0,0,100,446.7,309.2,137.5,540.7,771.9
2023-04-29T01:00,26.9,73,21.7,30.9,0.00,95,0,0,95,635.2,456.9,178.3,610.6,1010.1
2023-04-29T02:00,28.4,68,21.8,32.9,0.00,98,0,0,98,798.4,618.7,179.7,702.3,1189.1
2023-04-29T03:00,29.5,63,21.7,34.3,0.00,36,15,0,25,902.0,726.6,175.4,756.4,1296.7
2023-04-29T04:00,30.2,61,21.7,34.8,0.00,31,30,0,2,911.3,719.2,192.1,732.3,1325.5
2023-04-29T05:00,30.2,60,21.5,34.4,0.00,24,23,6,0,837.6,652.3,185.3,691.3,1273.7
2023-04-29T06:00,29.7,62,21.6,33.5,0.00,51,13,9,42,745.0,587.7,157.3,693.0,1144.7
2023-04-29T07:00,29.1,62,21.1,32.2,0.00,62,0,0,62,569.6,420.0,149.6,598.3,947.4
2023-04-29T08:00,28.4,64,21.0,31.4,0.00,83,4,2,82,390.1,269.6,120.5,523.4,695.3
2023-04-29T09:00,27.5,67,20.9,30.6,0.00,100,6,3,100,195.1,123.2,71.9,410.2,405.5
2023-04-29T10:00,25.9,73,20.7,29.2,0.00,94,9,4,93,34.1,9.7,24.4,111.2,97.8
2023-04-29T11:00,23.9,85,21.2,27.5,0.00,48,23,22,22,0.0,0.0,0.0,0.0,0.0
2023-04-29T12:00,23.8,84,21.0,27.4,0.00,75,100,19,15,0.0,0.0,0.0,0.0,0.0
2023-04-29T13:00,23.0,89,21.1,25.7,0.10,100,100,15,0,0.0,0.0,0.0,0.0,0.0
2023-04-29T14:00,22.5,90,20.7,24.9,0.00,100,100,10,36,0.0,0.0,0.0,0.0,0.0
2023-04-29T15:00,22.1,90,20.4,24.5,0.00,99,93,8,91,0.0,0.0,0.0,0.0,0.0
2023-04-29T16:00,21.9,89,20.0,23.7,0.00,99,85,12,96,0.0,0.0,0.0,0.0,0.0
2023-04-29T17:00,21.2,89,19.3,22.5,0.00,100,98,6,97,0.0,0.0,0.0,0.0,0.0
2023-04-29T18:00,20.9,90,19.2,22.6,0.00,100,100,8,100,0.0,0.0,0.0,0.0,0.0
2023-04-29T19:00,20.6,89,18.8,22.2,0.10,100,99,36,100,0.0,0.0,0.0,0.0,0.0
2023-04-29T20:00,20.3,89,18.4,21.7,0.00,100,100,57,81,0.0,0.0,0.0,0.0,0.0
2023-04-29T21:00,20.0,89,18.1,21.1,0.00,100,100,8,37,0.0,0.0,0.0,0.0,0.0
2023-04-29T22:00,19.9,89,17.9,21.0,0.00,100,100,18,3,11.2,0.0,11.2,0.0,189.0
2023-04-29T23:00,20.2,87,17.9,21.1,0.00,100,100,22,14,67.7,1.4,66.3,3.9,493.5
2023-04-30T00:00,20.4,84,17.5,20.8,0.00,100,100,29,99,136.2,10.9,125.2,19.1,774.2
2023-04-30T01:00,20.4,83,17.3,20.6,0.00,100,100,25,100,189.4,9.0,180.4,12.0,1011.8
2023-04-30T02:00,20.3,82,17.0,20.2,0.00,100,100,57,100,192.5,10.8,181.8,12.2,1190.3
2023-04-30T03:00,20.8,79,17.0,20.5,0.00,100,100,26,100,302.0,32.2,269.8,33.5,1297.5
2023-04-30T04:00,21.5,76,17.0,21.4,0.00,100,100,31,100,459.6,58.3,401.3,59.3,1326.1
2023-04-30T05:00,21.0,76,16.6,21.0,0.00,100,100,24,100,349.1,44.9,304.2,47.5,1274.2
2023-04-30T06:00,20.4,77,16.3,20.4,0.00,100,100,39,100,240.2,11.3,228.9,13.3,1145.3
2023-04-30T07:00,20.8,74,16.0,20.8,0.00,100,100,30,100,273.1,33.4,239.8,47.4,948.3
2023-04-30T08:00,20.4,74,15.7,20.4,0.00,100,100,3,88,148.4,7.6,140.8,14.7,696.5
2023-04-30T09:00,19.9,77,15.7,20.0,0.00,100,100,23,25,65.4,0.0,65.4,0.0,407.2
2023-04-30T10:00,19.5,78,15.6,19.8,0.00,100,100,57,89,9.1,0.0,9.1,0.0,100.1
2023-04-30T11:00,19.3,81,15.9,19.9,0.00,99,98,64,7,0.0,0.0,0.0,0.0,0.0
2023-04-30T12:00,18.9,88,16.8,19.8,0.10,96,1,79,62,0.0,0.0,0.0,0.0,0.0
2023-04-30T13:00,18.8,91,17.3,19.7,0.50,100,0,78,100,0.0,0.0,0.0,0.0,0.0
2023-04-30T14:00,18.7,92,17.3,19.8,0.20,100,21,100,79,0.0,0.0,0.0,0.0,0.0
2023-04-30T15:00,18.6,90,17.0,19.7,0.10,100,43,100,52,0.0,0.0,0.0,0.0,0.0
2023-04-30T16:00,18.7,90,17.0,19.9,0.00,100,35,100,100,0.0,0.0,0.0,0.0,0.0
2023-04-30T17:00,18.8,89,16.9,20.1,0.00,100,58,99,100,0.0,0.0,0.0,0.0,0.0
2023-04-30T18:00,18.8,88,16.8,20.1,0.00,100,44,100,100,0.0,0.0,0.0,0.0,0.0
2023-04-30T19:00,18.7,88,16.7,19.9,0.00,100,62,100,100,0.0,0.0,0.0,0.0,0.0
2023-04-30T20:00,18.7,88,16.6,19.7,0.00,100,0,97,100,0.0,0.0,0.0,0.0,0.0
2023-04-30T21:00,18.6,87,16.4,19.4,0.00,100,0,91,100,0.0,0.0,0.0,0.0,0.0
2023-04-30T22:00,18.8,85,16.3,19.5,0.00,100,0,88,100,22.3,0.0,22.3,0.0,192.4
2023-04-30T23:00,19.7,81,16.3,20.2,0.00,100,0,88,98,99.1,12.9,86.2,35.1,496.3
2023-05-01T00:00,20.8,72,15.6,20.5,0.00,100,1,42,94,210.1,47.4,162.8,82.3,776.3
2023-05-01T01:00,22.2,64,15.1,21.4,0.00,71,1,5,70,493.6,276.1,217.5,367.4,1013.4
2023-05-01T02:00,23.4,58,14.7,23.1,0.00,33,1,1,32,805.4,638.8,166.7,722.9,1191.5
2023-05-01T03:00,23.9,57,14.7,24.1,0.00,98,5,4,97,910.0,728.4,181.6,756.5,1298.3
2023-05-01T04:00,23.9,56,14.6,23.9,0.00,79,7,9,76,881.0,597.4,283.6,607.2,1326.7
2023-05-01T05:00,23.9,58,15.1,24.1,0.00,100,7,14,99,884.4,662.1,222.3,700.3,1274.7
2023-05-01T06:00,23.7,59,15.2,23.5,0.00,100,1,14,100,755.5,525.7,229.9,618.5,1145.9
2023-05-01T07:00,23.6,58,14.9,22.7,0.00,100,2,12,100,616.7,439.1,177.6,623.8,949.1
2023-05-01T08:00,23.2,59,14.7,21.6,0.00,100,0,9,100,426.7,295.2,131.6,570.4,697.8
2023-05-01T09:00,22.5,62,14.8,21.1,0.00,98,1,8,97,211.9,117.0,94.9,385.8,409.0
2023-05-01T10:00,21.6,65,14.9,20.6,0.00,91,2,7,91,39.2,13.2,26.0,151.3,102.5
2023-05-01T11:00,21.0,69,15.0,20.0,0.00,93,2,3,92,0.0,0.0,0.0,0.0,0.0
2023-05-01T12:00,20.9,70,15.2,20.3,0.00,59,3,3,4,0.0,0.0,0.0,0.0,0.0
2023-05-01T13:00,21.3,70,15.5,20.8,0.00,8,5,4,0,0.0,0.0,0.0,0.0,0.0
2023-05-01T14:00,21.3,71,15.8,21.1,0.00,2,0,2,0,0.0,0.0,0.0,0.0,0.0
2023-05-01T15:00,21.3,73,16.2,21.1,0.00,1,1,0,0,0.0,0.0,0.0,0.0,0.0
2023-05-01T16:00,21.4,73,16.3,21.3,0.00,11,11,0,0,0.0,0.0,0.0,0.0,0.0
2023-05-01T17:00,21.4,73,16.4,21.3,0.00,8,8,0,0,0.0,0.0,0.0,0.0,0.0
2023-05-01T18:00,21.2,76,16.8,21.1,0.00,9,5,4,0,0.0,0.0,0.0,0.0,0.0
2023-05-01T19:00,21.0,80,17.4,21.4,0.00,2,1,1,0,0.0,0.0,0.0,0.0,0.0
2023-05-01T20:00,20.8,84,18.0,21.9,0.00,3,1,3,0,0.0,0.0,0.0,0.0,0.0
2023-05-01T21:00,20.8,85,18.2,22.2,0.00,4,0,3,0,0.0,0.0,0.0,0.0,0.0
2023-05-01T22:00,21.3,83,18.3,22.6,0.00,2,0,2,0,44.5,13.4,31.2,92.0,195.8
2023-05-01T23:00,23.3,76,18.8,24.7,0.00,1,1,1,0,239.1,140.3,98.8,378.9,499.0
2023-05-02T00:00,25.8,73,20.7,27.8,0.00,0,0,0,0,464.7,332.4,132.2,575.6,778.4
2023-05-02T01:00,27.4,68,21.0,29.5,0.00,4,4,0,0,675.9,518.2,157.7,688.1,1015.0
2023-05-02T02:00,27.9,66,21.1,30.4,0.00,82,17,0,79,812.7,614.9,197.8,695.0,1192.5
2023-05-02T03:00,28.7,64,21.2,31.8,0.00,100,8,0,100,886.0,659.8,226.2,684.6,1299.0
2023-05-02T04:00,29.5,62,21.5,33.1,0.00,98,30,7,97,878.9,634.5,244.4,644.3,1327.2
2023-05-02T05:00,29.8,62,21.7,33.9,0.00,99,22,10,99,803.4,523.6,279.8,553.4,1275.2
2023-05-02T06:00,29.3,64,21.9,33.1,0.00,100,21,6,100,694.3,447.5,246.8,526.0,1146.5
2023-05-02T07:00,28.4,67,21.7,31.2,0.00,71,21,33,46,524.9,337.3,187.6,478.5,950.0
2023-05-02T08:00,27.9,69,21.8,31.0,0.00,99,17,63,95,316.4,177.2,139.2,341.6,699.0
2023-05-02T09:00,27.2,71,21.4,29.8,0.00,96,6,46,91,189.4,82.6,106.9,270.9,410.7
2023-05-02T10:00,25.8,76,21.3,28.4,0.00,100,6,100,100,30.4,5.3,25.1,60.5,104.8
2023-05-02T11:00,24.9,80,21.2,27.9,0.00,100,9,100,100,0.0,0.0,0.0,0.0,0.0
2023-05-02T12:00,24.6,83,21.5,27.8,0.00,100,4,100,99,0.0,0.0,0.0,0.0,0.0
2023-05-02T13:00,24.8,81,21.4,27.6,0.00,98,10,88,82,0.0,0.0,0.0,0.0,0.0
2023-05-02T14:00,24.3,84,21.4,27.2,0.00,73,45,12,45,0.0,0.0,0.0,0.0,0.0
2023-05-02T15:00,23.8,86,21.4,26.8,0.00,84,83,4,5,0.0,0.0,0.0,0.0,0.0
2023-05-02T16:00,23.7,87,21.4,26.8,0.00,69,68,0,4,0.0,0.0,0.0,0.0,0.0
2023-05-02T17:00,23.6,87,21.2,26.6,0.00,80,80,0,0,0.0,0.0,0.0,0.0,0.0
2023-05-02T18:00,23.3,87,21.1,26.7,0.00,81,81,0,0,0.0,0.0,0.0,0.0,0.0
2023-05-02T19:00,22.9,89,21.0,26.4,0.00,63,63,0,0,0.0,0.0,0.0,0.0,0.0
2023-05-02T20:00,22.6,90,20.9,26.1,0.00,46,46,0,0,0.0,0.0,0.0,0.0,0.0
2023-05-02T21:00,22.1,92,20.8,25.6,0.00,61,61,0,0,0.0,0.0,0.0,0.0,0.0
2023-05-02T22:00,23.0,89,21.0,26.8,0.00,45,45,0,0,42.2,11.1,31.1,75.2,199.0
2023-05-02T23:00,24.7,81,21.3,28.6,0.00,32,29,0,5,219.8,101.3,118.4,272.1,501.7
2023-05-03T00:00,26.7,74,21.8,31.1,0.00,98,10,0,14,455.7,326.0,129.7,562.8,780.5
2023-05-03T01:00,28.8,68,22.3,33.5,0.00,2,2,0,0,660.9,519.0,141.9,687.9,1016.5
2023-05-03T02:00,30.3,62,22.2,35.9,0.00,82,1,0,81,817.9,667.4,150.5,753.3,1193.6
2023-05-03T03:00,31.4,59,22.3,37.8,0.00,99,1,0,99,898.3,710.6,187.8,736.5,1299.7
2023-05-03T04:00,31.8,56,22.0,38.5,0.00,100,7,12,100,845.6,537.0,308.7,544.8,1327.7
2023-05-03T05:00,31.6,57,22.0,38.0,0.00,100,11,12,100,769.3,475.8,293.5,502.5,1275.6
2023-05-03T06:00,30.6,61,22.2,35.0,0.10,100,11,6,100,502.2,145.1,357.1,170.4,1147.0
2023-05-03T07:00,30.3,63,22.5,35.3,0.00,6,2,4,0,407.7,148.8,258.9,210.8,950.8
2023-05-03T08:00,30.2,64,22.6,34.8,0.00,5,4,1,0,429.7,324.2,105.5,623.6,700.2
2023-05-03T09:00,29.5,66,22.5,34.1,0.00,25,1,6,19,224.4,149.1,75.3,487.0,412.5
2023-05-03T10:00,27.9,73,22.6,32.4,0.00,100,3,6,100,46.1,24.3,21.8,278.4,107.1
2023-05-03T11:00,26.6,77,22.3,30.6,0.00,20,2,4,14,0.0,0.0,0.0,0.0,0.0
2023-05-03T12:00,25.8,81,22.3,29.7,0.00,55,17,5,13,0.0,0.0,0.0,0.0,0.0
2023-05-03T13:00,25.4,84,22.5,29.5,0.00,99,44,4,98,0.0,0.0,0.0,0.0,0.0
2023-05-03T14:00,24.8,87,22.6,29.2,0.00,97,32,4,95,0.0,0.0,0.0,0.0,0.0
2023-05-03T15:00,24.1,91,22.6,28.8,0.00,71,61,2,23,0.0,0.0,0.0,0.0,0.0
2023-05-03T16:00,23.2,95,22.3,27.7,0.00,86,51,3,71,0.0,0.0,0.0,0.0,0.0
2023-05-03T17:00,22.7,96,22.1,27.1,0.00,70,38,4,50,0.0,0.0,0.0,0.0,0.0
2023-05-03T18:00,22.5,96,21.8,26.9,0.00,35,33,0,4,0.0,0.0,0.0,0.0,0.0
2023-05-03T19:00,22.0,97,21.5,26.1,0.00,97,35,0,95,0.0,0.0,0.0,0.0,0.0
2023-05-03T20:00,22.0,97,21.4,25.9,0.00,42,37,0,7,0.0,0.0,0.0,0.0,0.0
2023-05-03T21:00,21.4,97,21.0,25.0,0.00,38,22,0,20,0.0,0.0,0.0,0.0,0.0
2023-05-03T22:00,23.0,94,21.9,27.3,0.00,11,10,0,1,46.6,15.5,31.1,103.5,202.2
2023-05-03T23:00,25.4,83,22.4,30.1,0.00,24,3,0,22,241.9,145.1,96.7,387.5,504.2
2023-05-04T00:00,27.1,71,21.3,31.5,0.00,36,1,0,63,463.8,340.2,123.5,585.5,782.4
2023-05-04T01:00,28.8,66,21.7,33.5,0.00,21,1,0,21,630.2,446.8,183.4,591.0,1017.9
2023-05-04T02:00,30.4,61,22.0,35.9,0.00,4,3,1,0,787.6,598.5,189.1,674.6,1194.5
2023-05-04T03:00,31.5,57,22.0,36.5,0.00,61,55,3,11,703.2,491.6,211.6,509.0,1300.3
2023-05-04T04:00,31.4,58,22.2,35.9,0.00,99,97,8,55,643.5,334.8,308.7,339.4,1328.1
2023-05-04T05:00,30.5,64,23.0,34.8,0.00,100,100,8,35,564.6,313.0,251.6,330.2,1276.0
2023-05-04T06:00,30.8,65,23.6,36.8,0.00,100,100,5,6,716.1,487.2,229.0,571.5,1147.6
2023-05-04T07:00,30.6,67,23.7,35.7,0.20,61,30,4,44,531.4,332.9,198.5,471.0,951.6
2023-05-04T08:00,30.5,66,23.5,35.6,0.20,59,34,5,37,396.2,263.6,132.6,505.8,701.5
2023-05-04T09:00,29.9,68,23.4,35.1,0.10,100,38,8,100,187.8,102.0,85.8,331.6,414.2
2023-05-04T10:00,28.3,75,23.5,33.6,0.00,94,12,7,93,35.4,7.5,27.9,86.1,109.4
2023-05-04T11:00,26.4,86,23.8,31.7,0.00,67,13,0,62,0.0,0.0,0.0,0.0,0.0
2023-05-04T12:00,25.5,90,23.7,30.7,0.00,86,36,9,87,0.0,0.0,0.0,0.0,0.0
2023-05-04T13:00,25.7,87,23.5,31.4,0.00,100,53,2,100,0.0,0.0,0.0,0.0,0.0
2023-05-04T14:00,25.4,86,22.9,30.7,0.00,82,10,0,80,0.0,0.0,0.0,0.0,0.0
2023-05-04T15:00,24.5,91,22.9,29.5,0.00,87,1,12,86,0.0,0.0,0.0,0.0,0.0
2023-05-04T16:00,24.0,92,22.5,28.7,0.00,99,1,17,99,0.0,0.0,0.0,0.0,0.0
2023-05-04T17:00,23.8,92,22.4,28.9,0.00,61,2,8,58,0.0,0.0,0.0,0.0,0.0
2023-05-04T18:00,23.4,92,21.9,27.8,0.00,84,1,2,84,0.0,0.0,0.0,0.0,0.0
2023-05-04T19:00,23.1,94,22.1,27.6,0.00,99,2,3,99,0.0,0.0,0.0,0.0,0.0
2023-05-04T20:00,22.8,96,22.1,27.5,0.00,100,0,0,100,0.0,0.0,0.0,0.0,0.0
2023-05-04T21:00,23.7,91,22.1,28.4,0.00,30,0,12,20,0.0,0.0,0.0,0.0,0.0
2023-05-04T22:00,23.6,92,22.2,28.2,0.00,46,0,25,34,48.7,15.5,33.2,101.7,205.3
2023-05-04T23:00,25.2,82,21.9,29.4,0.00,100,0,100,66,227.0,112.1,114.9,297.7,506.7
2023-05-05T00:00,27.0,74,22.0,31.7,0.00,71,3,26,11,369.0,194.8,174.2,334.2,784.3
2023-05-05T01:00,28.9,67,22.1,33.8,0.00,31,10,15,18,631.0,460.1,171.0,607.5,1019.2
2023-05-05T02:00,30.5,61,22.0,36.2,0.00,23,0,21,3,796.0,617.7,178.3,695.4,1195.4
2023-05-05T03:00,31.6,55,21.5,37.1,0.00,56,3,55,2,840.0,620.1,219.9,641.5,1300.9
2023-05-05T04:00,32.1,55,22.0,36.5,0.00,41,4,27,15,697.8,388.1,309.7,393.1,1328.5
2023-05-05T05:00,33.2,54,22.6,38.4,0.00,42,27,7,15,790.8,550.9,239.9,580.8,1276.4
2023-05-05T06:00,32.7,57,23.0,37.5,0.00,59,13,22,43,691.7,477.8,213.9,560.0,1148.1
2023-05-05T07:00,31.5,63,23.5,36.4,0.00,58,14,21,44,606.4,450.3,156.1,636.2,952.4
2023-05-05T08:00,29.2,69,23.0,33.3,1.80,100,38,62,98,400.6,269.6,131.0,516.3,702.7
2023-05-05T09:00,27.8,76,23.1,32.4,0.20,99,17,13,98,117.8,25.9,91.8,83.8,416.0
2023-05-05T10:00,27.4,78,23.2,32.6,0.00,99,7,10,99,36.3,8.9,27.5,101.8,111.8
2023-05-05T11:00,27.1,79,23.0,32.3,0.00,100,7,0,100,0.0,0.0,0.0,0.0,0.0
2023-05-05T12:00,25.9,85,23.2,30.8,0.00,100,5,0,22,0.0,0.0,0.0,0.0,0.0
2023-05-05T13:00,26.0,83,22.9,30.8,0.00,84,1,0,83,0.0,0.0,0.0,0.0,0.0
2023-05-05T14:00,25.5,86,23.0,30.4,0.00,98,0,9,98,0.0,0.0,0.0,0.0,0.0
2023-05-05T15:00,25.2,86,22.8,30.1,0.00,33,1,10,24,0.0,0.0,0.0,0.0,0.0
2023-05-05T16:00,24.8,88,22.7,29.7,0.00,100,6,14,100,0.0,0.0,0.0,0.0,0.0
2023-05-05T17:00,24.3,92,23.0,29.4,0.00,88,3,6,86,0.0,0.0,0.0,0.0,0.0
2023-05-05T18:00,23.9,93,22.7,29.2,0.00,99,0,3,99,0.0,0.0,0.0,0.0,0.0
2023-05-05T19:00,23.7,94,22.7,28.7,0.00,100,1,27,100,0.0,0.0,0.0,0.0,0.0
2023-05-05T20:00,24.4,90,22.7,29.5,0.00,100,1,32,100,0.0,0.0,0.0,0.0,0.0
2023-05-05T21:00,23.5,95,22.7,28.3,0.00,100,3,12,100,0.0,0.0,0.0,0.0,0.0
2023-05-05T22:00,24.3,93,23.1,29.3,0.00,100,0,0,100,28.8,0.0,28.8,0.0,208.3
2023-05-05T23:00,25.8,86,23.4,30.9,0.00,100,0,5,100,141.5,11.3,130.1,29.9,509.1
2023-05-06T00:00,26.8,80,23.0,32.1,0.00,100,0,97,100,197.0,14.5,182.5,24.8,786.1
2023-05-06T01:00,27.0,80,23.2,31.8,0.10,100,0,100,100,142.8,3.4,139.4,4.4,1020.5
2023-05-06T02:00,29.0,68,22.6,33.8,0.00,100,6,21,100,447.9,106.3,341.5,119.6,1196.2
2023-05-06T03:00,30.0,61,21.7,34.3,0.00,100,7,24,100,650.1,257.2,393.0,265.8,1301.4
2023-05-06T04:00,30.7,60,22.0,35.2,0.00,100,5,44,100,674.6,290.5,384.0,294.1,1328.8
2023-05-06T05:00,31.3,57,21.8,35.4,0.00,87,22,29,76,616.2,280.8,335.4,295.8,1276.7
2023-05-06T06:00,31.5,56,21.6,35.8,0.00,67,3,11,63,740.8,515.5,225.2,603.7,1148.6
2023-05-06T07:00,31.0,59,22.0,34.7,0.00,59,9,0,54,558.7,413.4,145.3,583.3,953.2
2023-05-06T08:00,30.8,60,22.1,34.4,0.00,77,2,1,76,428.7,307.8,120.9,588.1,703.9
2023-05-06T09:00,30.2,61,21.9,34.2,0.00,68,2,8,65,215.9,129.8,86.0,417.9,417.7
2023-05-06T10:00,28.8,68,22.4,33.0,0.00,65,7,16,55,44.5,16.7,27.8,191.6,114.1
2023-05-06T11:00,26.7,82,23.4,31.8,0.00,100,8,26,100,0.0,0.0,0.0,0.0,0.0
2023-05-06T12:00,26.8,79,22.9,31.2,0.00,100,22,24,100,0.0,0.0,0.0,0.0,0.0
2023-05-06T13:00,26.6,81,23.0,30.6,0.40,100,0,81,100,0.0,0.0,0.0,0.0,0.0
2023-05-06T14:00,25.3,90,23.6,29.7,2.70,100,2,100,100,0.0,0.0,0.0,0.0,0.0
2023-05-06T15:00,24.7,90,23.0,29.2,1.50,100,0,99,100,0.0,0.0,0.0,0.0,0.0
2023-05-06T16:00,24.4,91,22.9,29.3,1.30,100,0,100,99,0.0,0.0,0.0,0.0,0.0
2023-05-06T17:00,24.3,91,22.7,29.1,2.70,100,0,100,100,0.0,0.0,0.0,0.0,0.0
2023-05-06T18:00,24.5,88,22.3,29.2,3.80,100,0,55,100,0.0,0.0,0.0,0.0,0.0
2023-05-06T19:00,23.5,93,22.4,27.4,7.20,100,0,100,100,0.0,0.0,0.0,0.0,0.0
2023-05-06T20:00,23.5,94,22.5,28.6,2.40,92,0,71,73,0.0,0.0,0.0,0.0,0.0
2023-05-06T21:00,23.5,95,22.7,28.5,1.00,98,11,94,62,0.0,0.0,0.0,0.0,0.0
2023-05-06T22:00,23.4,94,22.5,27.8,0.20,81,12,79,5,24.3,4.4,19.9,28.1,211.2
2023-05-06T23:00,23.6,93,22.4,27.5,0.70,100,100,100,26,132.6,42.3,90.3,111.3,511.4
2023-05-07T00:00,26.6,79,22.6,31.1,4.90,85,14,28,100,225.8,30.2,195.6,51.5,787.8
2023-05-07T01:00,26.6,80,22.9,31.4,0.40,100,8,90,100,225.9,7.9,218.0,10.4,1021.7
2023-05-07T02:00,26.9,79,23.1,31.9,0.40,91,3,45,84,240.5,19.3,221.2,21.7,1197.0
2023-05-07T03:00,27.8,75,23.0,31.7,0.00,100,12,100,100,520.5,176.3,344.2,182.0,1301.9
2023-05-07T04:00,25.2,86,22.7,28.8,7.50,100,26,79,100,411.2,63.3,347.8,64.1,1329.2
2023-05-07T05:00,23.4,90,21.7,26.4,4.90,100,100,99,100,201.8,10.7,191.1,11.3,1277.0
2023-05-07T06:00,22.4,89,20.5,24.9,2.10,100,100,70,17,174.4,4.7,169.7,5.5,1149.1
2023-05-07T07:00,22.6,85,20.0,24.9,0.50,100,100,77,63,198.6,16.3,182.4,22.9,954.0
2023-05-07T08:00,22.1,85,19.4,24.5,0.30,100,100,84,100,134.5,5.9,128.6,11.3,705.1
2023-05-07T09:00,21.3,87,19.1,23.5,0.90,100,100,90,100,46.8,0.7,46.1,2.4,419.5
2023-05-07T10:00,21.0,88,18.9,23.4,0.40,100,100,88,97,14.7,0.0,14.7,0.0,116.4
2023-05-07T11:00,21.0,88,18.9,23.7,0.10,100,100,99,100,0.0,0.0,0.0,0.0,0.0
2023-05-07T12:00,20.8,86,18.4,22.7,0.10,100,100,84,100,0.0,0.0,0.0,0.0,0.0
2023-05-07T13:00,20.5,89,18.6,22.4,0.70,100,100,100,100,0.0,0.0,0.0,0.0,0.0
2023-05-07T14:00,20.2,90,18.5,22.0,3.40,100,100,100,100,0.0,0.0,0.0,0.0,0.0
2023-05-07T15:00,20.3,89,18.4,22.3,6.10,100,50,100,100,0.0,0.0,0.0,0.0,0.0
2023-05-07T16:00,20.2,89,18.3,22.1,3.30,100,55,100,100,0.0,0.0,0.0,0.0,0.0
2023-05-07T17:00,19.9,89,18.1,21.6,2.60,100,8,100,99,0.0,0.0,0.0,0.0,0.0
2023-05-07T18:00,19.8,89,18.0,21.6,2.00,100,51,100,100,0.0,0.0,0.0,0.0,0.0
2023-05-07T19:00,19.7,90,18.0,21.5,3.20,100,100,100,100,0.0,0.0,0.0,0.0,0.0
2023-05-07T20:00,19.6,90,17.9,21.5,1.90,100,100,100,100,0.0,0.0,0.0,0.0,0.0
2023-05-07T21:00,19.4,89,17.6,21.2,1.40,100,100,100,98,0.0,0.0,0.0,0.0,0.0
2023-05-07T22:00,19.4,90,17.6,21.4,1.00,100,1,100,36,6.6,0.0,6.6,0.0,214.0
2023-05-07T23:00,19.6,88,17.6,21.9,0.60,100,34,100,62,46.4,0.0,46.4,0.0,513.6
2023-05-08T00:00,20.1,83,17.1,22.1,3.30,100,100,100,12,45.8,0.0,45.8,0.0,789.4
2023-05-08T01:00,20.0,85,17.4,22.1,1.70,100,8,100,74,83.1,0.0,83.1,0.0,1022.8
2023-05-08T02:00,20.3,85,17.7,22.5,0.80,100,43,100,0,114.9,0.0,114.9,0.0,1197.7
2023-05-08T03:00,20.9,83,17.8,22.9,0.60,100,99,96,0,178.3,10.4,167.9,10.7,1302.3
2023-05-08T04:00,22.2,77,17.9,23.6,0.10,100,100,100,0,350.8,58.3,292.5,58.9,1329.4
2023-05-08T05:00,21.7,80,18.1,23.4,0.00,100,100,100,0,161.9,0.0,161.9,0.0,1277.3
2023-05-08T06:00,21.6,81,18.3,23.2,0.10,100,100,28,0,233.8,2.8,231.0,3.3,1149.5
2023-05-08T07:00,21.8,79,18.0,23.1,0.10,100,100,21,0,196.0,2.7,193.3,3.8,954.8
2023-05-08T08:00,21.5,80,17.8,22.8,0.10,100,100,17,0,143.9,10.2,133.8,19.3,706.4
2023-05-08T09:00,21.0,82,17.8,22.0,0.10,100,100,11,0,67.0,0.0,67.0,0.0,421.2
2023-05-08T10:00,20.6,83,17.6,21.7,0.00,100,100,9,0,18.4,0.0,18.4,0.0,118.8
2023-05-08T11:00,20.1,84,17.2,21.5,0.00,100,100,26,0,0.0,0.0,0.0,0.0,0.0
2023-05-08T12:00,20.0,83,17.1,21.4,0.10,100,88,27,0,0.0,0.0,0.0,0.0,0.0
2023-05-08T13:00,20.1,80,16.6,21.5,0.00,89,75,17,55,0.0,0.0,0.0,0.0,0.0
2023-05-08T14:00,18.7,88,16.6,20.3,0.00,52,43,3,13,0.0,0.0,0.0,0.0,0.0
2023-05-08T15:00,19.0,88,17.0,20.9,0.00,85,84,2,7,0.0,0.0,0.0,0.0,0.0
2023-05-08T16:00,18.9,90,17.2,20.9,0.00,85,84,0,10,0.0,0.0,0.0,0.0,0.0
2023-05-08T17:00,18.6,92,17.2,20.7,0.00,100,100,0,25,0.0,0.0,0.0,0.0,0.0
2023-05-08T18:00,18.4,94,17.3,20.5,0.00,100,100,0,2,0.0,0.0,0.0,0.0,0.0
2023-05-08T19:00,19.1,90,17.4,21.0,0.00,100,100,3,6,0.0,0.0,0.0,0.0,0.0
2023-05-08T20:00,19.2,83,16.3,20.8,0.00,100,100,9,0,0.0,0.0,0.0,0.0,0.0
2023-05-08T21:00,19.2,80,15.7,20.4,0.00,93,93,14,0,0.0,0.0,0.0,0.0,0.0
2023-05-08T22:00,19.1,82,15.9,20.3,0.00,90,90,10,2,39.7,8.8,30.9,54.6,216.7
2023-05-08T23:00,20.1,75,15.6,21.2,0.00,100,100,1,0,126.3,19.7,106.7,51.2,515.7
2023-05-09T00:00,20.7,69,14.8,20.2,0.00,100,100,6,0,237.5,62.7,174.8,106.4,791.0
2023-05-09T01:00,20.7,68,14.7,20.0,0.00,100,100,5,0,287.5,30.3,257.2,39.8,1023.8
2023-05-09T02:00,21.5,64,14.5,20.7,0.00,93,93,5,1,434.7,103.0,331.6,115.5,1198.3
2023-05-09T03:00,22.0,64,14.8,21.4,0.00,98,98,6,0,516.2,102.6,413.6,105.8,1302.6
2023-05-09T04:00,22.6,63,15.1,23.3,0.00,47,46,10,0,751.9,383.0,368.9,386.8,1329.7
2023-05-09T05:00,22.6,61,14.8,23.4,0.00,48,27,33,0,765.5,486.6,278.9,511.5,1277.6
2023-05-09T06:00,21.9,61,14.0,21.6,0.00,51,24,40,0,616.6,302.6,313.9,353.4,1150.0
2023-05-09T07:00,21.5,62,14.0,20.9,0.00,47,29,33,0,523.0,288.1,234.9,405.0,955.5
2023-05-09T08:00,21.2,62,13.6,20.4,0.00,31,18,30,0,398.1,250.7,147.4,475.8,707.6
2023-05-09T09:00,20.6,63,13.3,19.6,0.00,30,17,25,0,216.9,122.2,94.6,388.1,422.9
2023-05-09T10:00,19.7,66,13.2,19.5,0.00,31,12,23,0,50.6,24.4,26.2,270.9,121.1
2023-05-09T11:00,18.8,67,12.7,18.6,0.00,28,9,23,0,0.0,0.0,0.0,0.0,0.0
2023-05-09T12:00,18.1,73,13.2,18.0,0.00,25,6,24,0,0.0,0.0,0.0,0.0,0.0
2023-05-09T13:00,18.0,76,13.6,18.2,0.00,29,9,22,0,0.0,0.0,0.0,0.0,0.0
2023-05-09T14:00,17.6,79,13.8,17.9,0.00,33,5,29,0,0.0,0.0,0.0,0.0,0.0
2023-05-09T15:00,17.1,81,13.9,17.6,0.00,32,1,27,5,0.0,0.0,0.0,0.0,0.0
2023-05-09T16:00,16.8,83,13.9,17.2,0.00,61,0,17,53,0.0,0.0,0.0,0.0,0.0
2023-05-09T17:00,16.5,84,13.8,16.9,0.00,75,1,9,72,0.0,0.0,0.0,0.0,0.0
2023-05-09T18:00,16.4,84,13.8,16.7,0.00,47,1,9,41,0.0,0.0,0.0,0.0,0.0
2023-05-09T19:00,16.2,85,13.7,16.5,0.00,7,0,7,0,0.0,0.0,0.0,0.0,0.0
2023-05-09T20:00,16.1,85,13.6,16.4,0.00,8,5,7,0,0.0,0.0,0.0,0.0,0.0
2023-05-09T21:00,15.8,88,13.7,16.0,0.00,12,9,11,0,0.0,0.0,0.0,0.0,0.0
2023-05-09T22:00,17.6,83,14.7,18.4,0.00,9,7,9,0,59.4,22.0,37.4,134.7,219.3
2023-05-09T23:00,20.2,76,15.9,21.2,0.00,10,9,5,0,261.9,159.6,102.2,413.9,517.7
2023-05-10T00:00,22.0,64,14.8,21.3,0.00,7,11,3,2,487.8,362.5,125.3,614.2,792.5
2023-05-10T01:00,23.1,61,15.1,22.8,0.00,3,3,1,0,681.4,540.0,141.4,707.4,1024.8
2023-05-10T02:00,24.0,60,15.6,24.7,0.00,5,4,1,0,839.1,684.6,154.5,766.6,1198.9
2023-05-10T03:00,24.6,59,16.1,26.0,0.00,0,0,0,0,935.9,779.4,156.5,803.0,1302.9
2023-05-10T04:00,25.0,59,16.3,26.6,0.00,0,0,0,0,967.0,814.2,152.8,821.9,1329.9
2023-05-10T05:00,25.2,58,16.4,26.9,0.00,2,2,0,0,928.4,780.1,148.2,819.6,1277.8
2023-05-10T06:00,25.0,59,16.4,26.3,0.00,0,0,0,0,822.2,683.6,138.6,797.6,1150.4
2023-05-10T07:00,24.6,59,16.0,24.9,0.00,0,0,0,0,662.3,537.6,124.7,754.6,956.3
2023-05-10T08:00,24.1,59,15.6,23.4,0.00,0,0,0,0,464.4,363.6,100.8,688.5,708.8
2023-05-10T09:00,23.5,62,15.8,23.3,0.00,0,0,0,0,254.5,186.6,67.9,589.7,424.7
2023-05-10T10:00,22.3,66,15.7,22.6,0.00,0,0,0,0,58.9,34.1,24.7,371.4,123.4
2023-05-10T11:00,21.1,74,16.3,21.8,0.00,2,2,0,0,0.0,0.0,0.0,0.0,0.0
2023-05-10T12:00,20.1,79,16.4,21.0,0.00,0,0,0,0,0.0,0.0,0.0,0.0,0.0
2023-05-10T13:00,19.9,78,16.0,20.7,0.00,0,0,0,0,0.0,0.0,0.0,0.0,0.0
2023-05-10T14:00,19.7,80,16.1,20.5,0.00,0,0,0,0,0.0,0.0,0.0,0.0,0.0
2023-05-10T15:00,19.7,84,17.0,20.8,0.00,0,0,0,0,0.0,0.0,0.0,0.0,0.0
2023-05-10T16:00,19.7,90,18.0,21.0,0.00,11,11,0,0,0.0,0.0,0.0,0.0,0.0
2023-05-10T17:00,19.7,93,18.5,21.3,0.00,7,7,0,0,0.0,0.0,0.0,0.0,0.0
2023-05-10T18:00,19.5,94,18.5,21.3,0.00,0,0,0,0,0.0,0.0,0.0,0.0,0.0
2023-05-10T19:00,19.4,93,18.3,21.3,0.00,1,0,1,0,0.0,0.0,0.0,0.0,0.0
2023-05-10T20:00,19.4,93,18.2,21.3,0.00,18,0,16,3,0.0,0.0,0.0,0.0,0.0
2023-05-10T21:00,19.5,93,18.3,21.3,0.00,100,0,95,100,0.0,0.0,0.0,0.0,0.0
2023-05-10T22:00,20.7,89,18.8,22.7,0.00,97,0,96,59,24.2,0.0,24.2,0.0,221.9
2023-05-10T23:00,22.1,85,19.5,24.4,0.00,100,0,100,100,135.5,18.2,117.4,46.9,519.7
2023-05-11T00:00,23.7,80,20.0,25.9,0.00,98,0,100,0,140.8,7.2,133.6,12.2,793.8
2023-05-11T01:00,25.0,73,19.8,27.0,0.00,96,0,95,26,353.5,81.9,271.6,107.2,1025.7
2023-05-11T02:00,25.7,66,19.0,27.0,0.00,69,0,69,0,341.2,52.6,288.6,58.8,1199.4
2023-05-11T03:00,27.8,57,18.6,30.1,0.00,71,0,71,0,812.5,532.7,279.8,548.5,1303.2
2023-05-11T04:00,27.7,56,18.1,29.1,0.00,80,76,18,0,648.3,249.3,399.0,251.5,1330.0
2023-05-11T05:00,27.8,59,19.0,30.6,0.00,100,100,41,0,749.0,405.7,343.3,425.9,1278.0
2023-05-11T06:00,26.6,63,19.1,28.0,0.00,100,74,100,0,397.9,46.2,351.7,53.9,1150.8
2023-05-11T07:00,26.3,65,19.3,27.7,0.00,100,29,100,0,363.3,70.5,292.8,98.8,957.0
2023-05-11T08:00,25.3,69,19.2,26.6,0.00,35,6,31,0,228.9,106.8,122.1,201.9,710.0
2023-05-11T09:00,24.8,71,19.3,26.1,0.00,24,0,23,0,227.2,139.8,87.5,439.8,426.4
2023-05-11T10:00,23.8,74,18.9,25.2,0.00,24,0,24,0,53.2,25.4,27.7,271.6,125.7
2023-05-11T11:00,22.9,76,18.3,24.0,0.00,28,1,19,10,0.0,0.0,0.0,0.0,0.0
2023-05-11T12:00,22.6,74,17.7,23.6,0.00,32,4,21,26,0.0,0.0,0.0,0.0,0.0
2023-05-11T13:00,22.4,77,18.2,23.6,0.00,90,4,19,87,0.0,0.0,0.0,0.0,0.0
2023-05-11T14:00,22.2,79,18.4,23.3,0.00,63,4,17,54,0.0,0.0,0.0,0.0,0.0
2023-05-11T15:00,22.2,78,18.3,23.4,0.00,35,6,19,19,0.0,0.0,0.0,0.0,0.0
2023-05-11T16:00,21.8,80,18.2,23.3,0.00,24,1,6,18,0.0,0.0,0.0,0.0,0.0
2023-05-11T17:00,21.3,82,18.1,23.1,0.00,97,5,7,96,0.0,0.0,0.0,0.0,0.0
2023-05-11T18:00,20.8,84,18.0,22.8,0.00,96,8,18,95,0.0,0.0,0.0,0.0,0.0
2023-05-11T19:00,20.1,88,18.0,22.1,0.00,98,18,32,97,0.0,0.0,0.0,0.0,0.0
2023-05-11T20:00,20.1,87,17.9,22.3,0.00,99,2,17,99,0.0,0.0,0.0,0.0,0.0
2023-05-11T21:00,20.1,86,17.8,22.1,0.00,82,2,23,77,0.0,0.0,0.0,0.0,0.0
2023-05-11T22:00,21.2,84,18.5,23.9,0.00,47,10,36,15,59.3,17.6,41.7,105.1,224.3
2023-05-11T23:00,23.2,77,19.0,26.4,0.00,46,0,18,41,235.6,115.7,119.9,297.6,521.5
2023-05-12T00:00,24.6,71,19.1,27.6,0.00,99,2,90,76,443.8,273.0,170.8,460.5,795.2
2023-05-12T01:00,25.2,70,19.4,28.5,0.00,90,6,89,12,410.6,83.0,327.6,108.5,1026.5
2023-05-12T02:00,26.4,68,19.9,29.7,0.00,94,5,94,1,613.6,367.9,245.6,411.3,1199.9
2023-05-12T03:00,27.1,65,19.9,30.1,0.00,100,47,100,4,568.9,208.3,360.6,214.3,1303.4
2023-05-12T04:00,26.5,69,20.4,29.3,0.00,100,27,100,17,266.4,29.1,237.2,29.4,1330.1
2023-05-12T05:00,27.1,69,20.9,30.1,0.00,87,12,32,80,556.9,317.9,238.9,333.6,1278.2
2023-05-12T06:00,27.2,68,20.8,30.2,0.00,56,24,28,30,585.7,268.8,316.9,313.1,1151.2
2023-05-12T07:00,26.5,72,21.1,29.1,0.00,92,18,42,87,459.2,257.6,201.6,360.7,957.8
2023-05-12T08:00,25.6,76,21.0,28.3,0.00,100,13,24,100,317.3,134.9,182.4,254.4,711.1
2023-05-12T09:00,24.6,76,20.1,27.1,0.00,100,30,100,100,144.5,28.4,116.0,89.1,428.1
2023-05-12T10:00,23.9,81,20.3,27.2,0.00,100,41,100,100,21.6,0.0,21.6,0.0,128.0
2023-05-12T11:00,23.1,86,20.7,26.6,0.00,100,56,100,100,0.0,0.0,0.0,0.0,0.0
2023-05-12T12:00,23.2,90,21.5,27.2,0.00,100,16,97,100,0.0,0.0,0.0,0.0,0.0
2023-05-12T13:00,23.0,92,21.7,27.4,0.10,98,27,20,97,0.0,0.0,0.0,0.0,0.0
2023-05-12T14:00,22.1,97,21.6,26.4,0.00,100,24,35,100,0.0,0.0,0.0,0.0,0.0
2023-05-12T15:00,22.0,98,21.7,26.4,0.10,100,29,46,100,0.0,0.0,0.0,0.0,0.0
2023-05-12T16:00,21.8,98,21.5,26.1,0.00,98,44,79,85,0.0,0.0,0.0,0.0,0.0
2023-05-12T17:00,22.0,98,21.6,26.4,0.00,83,37,73,15,0.0,0.0,0.0,0.0,0.0
2023-05-12T18:00,21.9,97,21.4,26.1,0.00,100,97,100,95,0.0,0.0,0.0,0.0,0.0
2023-05-12T19:00,22.0,96,21.3,26.0,0.00,100,100,100,99,0.0,0.0,0.0,0.0,0.0
2023-05-12T20:00,21.9,96,21.3,26.0,0.00,100,71,91,100,0.0,0.0,0.0,0.0,0.0
2023-05-12T21:00,21.8,96,21.1,25.8,0.10,100,100,100,100,0.0,0.0,0.0,0.0,0.0
2023-05-12T22:00,22.0,94,21.0,25.9,0.30,100,100,100,100,11.0,0.0,11.0,0.0,226.6
2023-05-12T23:00,22.3,92,20.9,26.1,0.60,100,93,100,100,37.6,0.0,37.6,0.0,523.3
2023-05-13T00:00,22.4,91,20.9,26.6,0.60,100,60,99,35,68.5,0.0,68.5,0.0,796.4
2023-05-13T01:00,23.1,88,21.0,27.0,0.20,100,100,100,53,223.2,30.3,192.9,39.5,1027.3
2023-05-13T02:00,23.3,85,20.7,26.9,0.10,100,100,100,100,208.1,1.1,207.0,1.2,1200.3
2023-05-13T03:00,23.3,84,20.4,26.6,0.00,100,80,92,100,159.6,0.0,159.6,0.0,1303.6
2023-05-13T04:00,23.3,83,20.2,26.4,0.10,100,96,73,100,207.1,9.0,198.0,9.1,1330.2
2023-05-13T05:00,23.4,80,19.8,26.3,0.00,100,100,89,100,231.1,26.3,204.8,27.6,1278.4
2023-05-13T06:00,23.5,78,19.5,26.3,0.00,100,100,89,83,212.2,0.0,212.2,0.0,1151.6
2023-05-13T07:00,24.0,75,19.2,26.6,0.00,100,100,89,99,307.4,36.2,271.3,50.6,958.5
2023-05-13T08:00,23.3,74,18.5,25.5,0.00,100,100,93,100,114.6,0.0,114.6,0.0,712.3
2023-05-13T09:00,22.9,73,17.8,24.6,0.00,100,100,100,100,80.2,2.2,78.0,7.0,429.8
2023-05-13T10:00,22.3,76,17.9,24.4,0.00,100,100,100,100,9.3,0.0,9.3,0.0,130.3
2023-05-13T11:00,21.8,79,18.1,24.2,0.00,100,100,100,100,0.0,0.0,0.0,0.0,0.0
2023-05-13T12:00,21.4,83,18.4,23.9,0.00,100,100,100,100,0.0,0.0,0.0,0.0,0.0
2023-05-13T13:00,21.6,82,18.4,23.7,0.00,100,97,100,94,0.0,0.0,0.0,0.0,0.0
2023-05-13T14:00,21.6,82,18.4,23.7,0.00,100,100,100,100,0.0,0.0,0.0,0.0,0.0
2023-05-13T15:00,21.6,83,18.5,23.8,0.00,100,100,100,99,0.0,0.0,0.0,0.0,0.0
2023-05-13T16:00,21.4,83,18.4,23.5,0.00,100,90,100,100,0.0,0.0,0.0,0.0,0.0
2023-05-13T17:00,21.1,86,18.6,23.7,0.00,100,24,100,99,0.0,0.0,0.0,0.0,0.0
2023-05-13T18:00,20.8,89,19.0,23.7,0.00,100,32,100,100,0.0,0.0,0.0,0.0,0.0
2023-05-13T19:00,20.5,91,18.9,23.4,0.00,100,15,97,85,0.0,0.0,0.0,0.0,0.0
2023-05-13T20:00,20.4,92,19.1,23.2,0.00,100,3,100,93,0.0,0.0,0.0,0.0,0.0
2023-05-13T21:00,20.4,91,18.9,22.9,0.00,100,11,99,99,0.0,0.0,0.0,0.0,0.0
2023-05-13T22:00,20.7,89,18.9,23.1,0.00,100,8,100,46,26.3,0.0,26.3,0.0,228.9
2023-05-13T23:00,21.0,88,18.9,23.3,0.00,100,0,100,37,36.1,0.0,36.1,0.0,525.0
2023-05-14T00:00,22.6,81,19.2,24.4,0.00,100,0,100,100,140.5,1.2,139.3,2.0,797.5
2023-05-14T01:00,22.9,81,19.4,24.8,0.00,100,0,100,100,80.7,0.0,80.7,0.0,1028.0
2023-05-14T02:00,24.0,75,19.3,25.8,0.00,100,0,100,100,250.9,21.4,229.5,23.9,1200.6
2023-05-14T03:00,24.3,73,19.2,26.0,0.00,100,0,100,98,208.3,31.1,177.2,31.9,1303.7
2023-05-14T04:00,24.6,69,18.6,26.2,0.00,100,2,100,94,182.9,5.0,177.9,5.1,1330.3
2023-05-14T05:00,24.4,70,18.7,26.0,0.00,100,0,100,99,172.6,1.0,171.7,1.0,1278.5
2023-05-14T06:00,23.8,75,19.0,25.4,0.00,100,2,100,99,120.7,0.9,119.8,1.1,1152.0
2023-05-14T07:00,23.2,77,19.0,25.2,0.10,100,2,100,100,72.4,0.0,72.4,0.0,959.2
2023-05-14T08:00,22.9,80,19.3,25.2,0.20,100,1,100,100,69.6,0.0,69.6,0.0,713.5
2023-05-14T09:00,22.5,83,19.5,25.2,0.10,100,0,100,100,28.5,0.0,28.5,0.0,431.5
2023-05-14T10:00,22.3,83,19.3,24.9,0.00,100,0,100,99,12.7,0.0,12.7,0.0,132.5
2023-05-14T11:00,21.7,83,18.6,24.1,0.00,100,0,100,99,0.0,0.0,0.0,0.0,0.0
2023-05-14T12:00,21.6,71,16.1,22.5,0.00,100,0,100,100,0.0,0.0,0.0,0.0,0.0
2023-05-14T13:00,21.6,71,16.1,22.9,0.00,100,0,100,100,0.0,0.0,0.0,0.0,0.0
2023-05-14T14:00,21.1,79,17.2,23.0,0.10,100,0,100,100,0.0,0.0,0.0,0.0,0.0
2023-05-14T15:00,20.7,85,18.2,23.1,0.00,100,0,100,100,0.0,0.0,0.0,0.0,0.0
2023-05-14T16:00,20.5,90,18.8,22.9,0.00,100,0,93,100,0.0,0.0,0.0,0.0,0.0
2023-05-14T17:00,20.4,91,18.8,22.9,0.00,100,0,99,100,0.0,0.0,0.0,0.0,0.0
2023-05-14T18:00,21.0,88,18.8,23.6,0.00,100,0,100,100,0.0,0.0,0.0,0.0,0.0
2023-05-14T19:00,21.3,86,18.9,24.1,0.00,100,0,100,100,0.0,0.0,0.0,0.0,0.0
2023-05-14T20:00,20.5,91,19.0,23.4,0.00,100,0,100,100,0.0,0.0,0.0,0.0,0.0
2023-05-14T21:00,20.2,93,19.0,23.1,0.00,100,0,100,100,0.0,0.0,0.0,0.0,0.0
2023-05-14T22:00,20.7,92,19.3,23.9,0.00,100,0,99,100,19.7,0.0,19.7,0.0,231.0
2023-05-14T23:00,22.2,88,20.2,25.9,0.00,100,0,100,100,90.1,4.2,85.9,10.6,526.5
2023-05-15T00:00,23.0,75,18.4,25.6,0.00,100,0,83,100,148.8,1.2,147.6,2.0,798.6
2023-05-15T01:00,25.2,61,17.1,27.2,0.00,100,0,100,100,428.1,121.0,307.1,157.6,1028.6
2023-05-15T02:00,25.2,61,17.1,27.4,0.00,100,0,96,100,223.0,15.0,208.0,16.7,1200.9
2023-05-15T03:00,26.7,57,17.5,28.9,0.00,100,0,99,100,468.3,62.2,406.1,63.9,1303.8
2023-05-15T04:00,27.6,57,18.2,30.0,0.00,100,0,98,100,519.6,94.5,425.2,95.1,1330.3
2023-05-15T05:00,27.6,60,19.1,30.7,0.00,100,0,98,100,386.2,49.7,336.5,52.1,1278.6
2023-05-15T06:00,28.0,61,19.8,31.6,0.00,100,0,87,98,430.2,106.6,323.6,123.9,1152.3
2023-05-15T07:00,27.8,63,20.1,31.5,0.00,100,0,74,100,297.6,43.4,254.2,60.6,959.9
2023-05-15T08:00,27.5,65,20.4,31.1,0.00,100,0,49,100,260.0,63.7,196.3,119.4,714.7
2023-05-15T09:00,26.7,71,20.9,30.2,0.00,100,3,13,100,160.9,37.6,123.3,116.2,433.2
2023-05-15T10:00,25.1,84,22.2,29.7,0.00,100,6,0,100,47.8,9.5,38.4,94.1,134.8
2023-05-15T11:00,24.9,78,20.8,28.8,0.00,99,7,0,99,0.0,0.0,0.0,0.0,0.0
2023-05-15T12:00,23.9,85,21.2,28.2,0.00,91,0,0,97,0.0,0.0,0.0,0.0,0.0
2023-05-15T13:00,22.2,91,20.7,25.8,0.00,100,0,10,100,0.0,0.0,0.0,0.0,0.0
2023-05-15T14:00,21.6,91,20.1,24.8,0.00,100,0,7,100,0.0,0.0,0.0,0.0,0.0
2023-05-15T15:00,21.7,81,18.3,23.8,0.00,60,0,3,58,0.0,0.0,0.0,0.0,0.0
2023-05-15T16:00,21.5,77,17.4,23.0,0.00,100,0,3,100,0.0,0.0,0.0,0.0,0.0
2023-05-15T17:00,21.4,79,17.6,23.3,0.00,100,0,0,100,0.0,0.0,0.0,0.0,0.0
2023-05-15T18:00,20.9,83,17.8,22.9,0.00,99,1,0,99,0.0,0.0,0.0,0.0,0.0
2023-05-15T19:00,19.9,88,17.8,21.7,0.00,84,3,3,83,0.0,0.0,0.0,0.0,0.0
2023-05-15T20:00,19.7,89,17.8,21.7,0.00,17,4,2,12,0.0,0.0,0.0,0.0,0.0
2023-05-15T21:00,19.1,91,17.6,20.9,0.00,19,3,4,13,0.0,0.0,0.0,0.0,0.0
2023-05-15T22:00,21.0,85,18.4,23.5,0.00,49,2,0,48,70.0,28.5,41.6,163.5,233.0
2023-05-15T23:00,23.5,77,19.3,26.4,0.00,32,1,0,31,272.5,172.9,99.6,438.5,528.0
2023-05-16T00:00,25.6,69,19.5,27.7,0.00,11,0,2,59,489.4,364.7,124.7,610.6,799.5
2023-05-16T01:00,27.0,64,19.6,28.7,0.00,28,0,8,24,689.0,551.2,137.8,717.1,1029.1
2023-05-16T02:00,27.7,63,19.9,29.7,0.00,17,3,12,4,830.8,670.0,160.8,746.8,1201.1
2023-05-16T03:00,28.8,58,19.6,31.1,0.00,4,1,3,0,920.9,752.1,168.9,772.2,1303.9
2023-05-16T04:00,29.4,55,19.4,31.9,0.00,45,2,34,14,964.9,816.1,148.8,821.3,1330.3
2023-05-16T05:00,29.5,55,19.4,31.8,0.00,83,8,77,23,886.7,678.9,207.8,710.7,1278.8
2023-05-16T06:00,29.0,56,19.2,30.5,0.00,100,14,100,13,689.7,425.5,264.2,494.2,1152.6
2023-05-16T07:00,27.6,61,19.4,28.8,0.00,47,10,27,20,315.8,45.2,270.5,63.0,960.6
2023-05-16T08:00,27.7,61,19.6,29.2,0.00,82,10,3,79,438.7,312.0,126.7,583.5,715.8
2023-05-16T09:00,26.8,65,19.6,28.2,0.00,81,0,19,77,246.9,167.1,79.8,514.5,434.9
2023-05-16T10:00,25.2,69,19.0,26.1,0.00,69,0,39,50,54.0,21.0,33.0,205.5,137.0
2023-05-16T11:00,24.1,72,18.8,24.9,0.00,50,3,25,31,0.0,0.0,0.0,0.0,0.0
2023-05-16T12:00,23.7,78,19.5,25.1,0.00,42,39,25,0,0.0,0.0,0.0,0.0,0.0
2023-05-16T13:00,23.6,79,19.7,25.0,0.00,93,16,25,88,0.0,0.0,0.0,0.0,0.0
2023-05-16T14:00,23.4,79,19.6,24.9,0.00,53,13,19,33,0.0,0.0,0.0,0.0,0.0
2023-05-16T15:00,23.4,79,19.7,24.9,0.00,61,21,20,38,0.0,0.0,0.0,0.0,0.0
2023-05-16T16:00,23.3,81,19.8,25.4,0.00,74,43,3,53,0.0,0.0,0.0,0.0,0.0
2023-05-16T17:00,22.6,84,19.8,25.2,0.00,99,28,1,98,0.0,0.0,0.0,0.0,0.0
2023-05-16T18:00,22.5,85,19.9,25.1,0.00,99,17,6,99,0.0,0.0,0.0,0.0,0.0
2023-05-16T19:00,22.3,86,19.9,25.1,0.00,100,2,33,100,0.0,0.0,0.0,0.0,0.0
2023-05-16T20:00,22.6,86,20.0,25.4,0.00,99,15,81,95,0.0,0.0,0.0,0.0,0.0
2023-05-16T21:00,22.5,86,20.0,25.3,0.00,82,13,31,73,0.0,0.0,0.0,0.0,0.0
2023-05-16T22:00,23.0,85,20.3,25.8,0.00,91,16,8,89,45.9,13.1,32.8,74.8,234.9
2023-05-16T23:00,25.0,79,21.0,28.4,0.00,56,23,11,40,258.3,146.4,111.9,370.1,529.3
2023-05-17T00:00,27.0,74,22.0,31.0,0.00,31,13,11,21,389.6,218.2,171.4,364.8,800.4
2023-05-17T01:00,28.7,67,21.9,32.8,0.00,19,0,10,9,647.4,472.7,174.7,614.4,1029.6
2023-05-17T02:00,30.0,63,22.1,34.9,0.00,5,2,3,0,797.4,618.4,179.0,688.9,1201.3
2023-05-17T03:00,31.0,61,22.5,36.7,0.00,25,7,12,14,897.1,716.8,180.2,735.7,1303.9
2023-05-17T04:00,31.2,59,22.3,37.1,0.00,23,12,16,5,909.6,712.6,197.0,716.8,1330.3
2023-05-17T05:00,31.1,61,22.6,36.8,0.00,23,20,12,1,815.5,638.0,177.5,667.5,1278.8
2023-05-17T06:00,30.9,60,22.4,35.6,0.10,29,22,8,2,714.3,533.2,181.2,618.8,1153.0
2023-05-17T07:00,29.9,66,22.9,33.8,0.20,30,7,25,0,579.2,415.4,163.8,578.2,961.3
2023-05-17T08:00,29.4,69,23.1,33.7,0.00,100,43,100,36,401.5,258.6,142.9,482.6,717.0
2023-05-17T09:00,28.7,72,23.2,33.7,0.00,21,7,7,9,153.8,43.7,110.1,134.0,436.5
2023-05-17T10:00,27.8,82,24.5,34.0,0.00,35,13,9,21,60.8,31.8,28.9,306.1,139.2
2023-05-17T11:00,27.7,73,22.4,32.5,0.00,63,10,12,58,0.0,0.0,0.0,0.0,0.0
2023-05-17T12:00,25.7,88,23.5,30.7,0.00,59,1,14,18,0.0,0.0,0.0,0.0,0.0
2023-05-17T13:00,26.8,80,23.0,31.9,0.00,49,0,7,45,0.0,0.0,0.0,0.0,0.0
2023-05-17T14:00,26.5,80,22.7,31.7,0.00,99,0,1,99,0.0,0.0,0.0,0.0,0.0
2023-05-17T15:00,24.6,89,22.7,29.5,0.00,30,0,0,30,0.0,0.0,0.0,0.0,0.0
2023-05-17T16:00,23.8,93,22.6,28.4,0.00,3,0,3,0,0.0,0.0,0.0,0.0,0.0
2023-05-17T17:00,22.8,96,22.1,27.3,0.00,3,0,0,3,0.0,0.0,0.0,0.0,0.0
2023-05-17T18:00,24.0,91,22.4,29.1,0.00,100,0,5,100,0.0,0.0,0.0,0.0,0.0
2023-05-17T19:00,22.6,95,21.7,27.0,0.00,79,0,20,74,0.0,0.0,0.0,0.0,0.0
2023-05-17T20:00,22.4,94,21.4,26.8,0.00,100,0,18,100,0.0,0.0,0.0,0.0,0.0
2023-05-17T21:00,22.6,93,21.5,27.1,0.00,64,0,1,64,0.0,0.0,0.0,0.0,0.0
2023-05-17T22:00,24.0,87,21.8,28.4,0.00,100,0,1,100,72.1,21.9,50.3,123.6,236.7
2023-05-17T23:00,25.6,83,22.4,30.0,0.00,9,0,1,8,220.6,67.6,153.1,170.3,530.6
2023-05-18T00:00,28.3,70,22.4,33.1,0.00,90,0,0,77,493.7,375.0,118.6,626.2,801.2
2023-05-18T01:00,30.0,66,23.0,33.9,0.00,51,0,1,50,640.5,445.7,194.8,578.8,1030.0
2023-05-18T02:00,31.8,60,23.2,36.4,0.00,59,1,10,54,822.0,651.6,170.4,725.5,1201.4
2023-05-18T03:00,32.8,56,22.9,36.2,0.00,40,3,25,20,896.0,701.2,194.7,719.4,1303.8
2023-05-18T04:00,32.7,55,22.4,34.6,0.00,28,4,22,7,799.0,595.0,204.0,598.3,1330.3
2023-05-18T05:00,33.0,54,22.3,35.1,0.00,82,5,9,80,853.6,676.0,177.5,707.1,1278.9
2023-05-18T06:00,31.9,58,22.6,33.6,0.00,57,15,32,28,767.3,589.9,177.4,684.1,1153.3
2023-05-18T07:00,31.2,62,23.1,33.3,0.00,79,0,10,77,554.9,372.1,182.9,517.3,962.0
2023-05-18T08:00,31.1,63,23.1,33.2,0.00,42,5,6,36,424.7,280.0,144.7,521.5,718.1
2023-05-18T09:00,30.2,66,23.1,33.0,0.00,57,2,22,45,240.1,158.5,81.5,483.9,438.2
2023-05-18T10:00,29.6,64,22.0,31.2,0.00,66,6,18,58,56.5,25.8,30.7,244.1,141.4
2023-05-18T11:00,28.9,64,21.4,31.0,0.00,97,2,19,96,0.0,0.0,0.0,0.0,0.0
2023-05-18T12:00,28.2,67,21.4,31.1,0.00,100,0,41,99,0.0,0.0,0.0,0.0,0.0
2023-05-18T13:00,28.0,69,21.8,31.3,0.00,98,0,11,97,0.0,0.0,0.0,0.0,0.0
2023-05-18T14:00,26.9,77,22.6,31.3,0.00,35,0,6,31,0.0,0.0,0.0,0.0,0.0
2023-05-18T15:00,27.2,74,22.1,32.0,0.00,6,1,5,1,0.0,0.0,0.0,0.0,0.0
2023-05-18T16:00,24.9,87,22.5,29.7,0.00,11,5,11,0,0.0,0.0,0.0,0.0,0.0
2023-05-18T17:00,24.9,85,22.3,29.4,0.00,20,14,8,0,0.0,0.0,0.0,0.0,0.0
2023-05-18T18:00,24.6,85,22.0,29.0,0.00,34,13,33,0,0.0,0.0,0.0,0.0,0.0
2023-05-18T19:00,24.3,85,21.7,27.7,1.00,88,6,88,5,0.0,0.0,0.0,0.0,0.0
2023-05-18T20:00,24.0,92,22.6,28.2,1.20,81,33,58,42,0.0,0.0,0.0,0.0,0.0
2023-05-18T21:00,23.8,95,22.9,28.8,0.60,91,36,31,81,0.0,0.0,0.0,0.0,0.0
2023-05-18T22:00,23.4,94,22.4,27.3,0.50,100,42,87,100,32.8,6.6,26.2,36.8,238.4
2023-05-18T23:00,23.2,95,22.4,27.7,7.10,100,100,68,99,63.3,5.5,57.8,13.8,531.8
2023-05-19T00:00,24.5,90,22.8,29.1,1.30,100,100,42,100,104.2,7.2,97.0,12.0,801.9
2023-05-19T01:00,25.0,88,22.8,29.2,0.50,92,83,18,49,262.0,7.8,254.1,10.2,1030.3
2023-05-19T02:00,27.1,78,22.9,32.2,0.10,92,89,8,20,680.5,382.6,297.9,425.7,1201.5
2023-05-19T03:00,27.1,78,22.8,30.9,0.00,65,54,36,0,491.0,196.8,294.2,201.8,1303.8
2023-05-19T04:00,26.1,80,22.3,28.8,0.10,69,39,48,7,298.5,12.1,286.5,12.1,1330.2
2023-05-19T05:00,26.6,77,22.1,29.5,0.00,87,66,36,52,469.3,146.3,322.9,153.0,1279.0
2023-05-19T06:00,25.9,79,21.9,28.7,0.50,100,100,78,40,224.6,0.9,223.7,1.1,1153.6
2023-05-19T07:00,25.1,80,21.4,27.3,0.40,97,81,63,74,231.8,11.8,220.0,16.3,962.7
2023-05-19T08:00,24.1,81,20.7,26.1,0.40,91,53,69,56,218.0,52.8,165.2,98.1,719.3
2023-05-19T09:00,23.6,81,20.2,25.5,0.10,57,24,25,28,152.7,43.1,109.6,131.0,439.9
2023-05-19T10:00,23.2,82,19.9,25.3,0.00,24,6,20,4,52.1,21.6,30.4,201.2,143.6
2023-05-19T11:00,22.6,84,19.9,24.6,0.00,19,7,10,7,0.0,0.0,0.0,0.0,0.0
2023-05-19T12:00,22.2,86,19.8,24.1,0.00,22,34,0,0,0.0,0.0,0.0,0.0,0.0
2023-05-19T13:00,22.4,86,19.9,24.1,0.00,64,54,25,0,0.0,0.0,0.0,0.0,0.0
2023-05-19T14:00,22.4,86,19.9,24.0,0.00,33,14,22,0,0.0,0.0,0.0,0.0,0.0
2023-05-19T15:00,22.3,86,19.9,23.9,0.00,31,22,17,0,0.0,0.0,0.0,0.0,0.0
2023-05-19T16:00,22.1,87,19.9,23.7,0.00,29,22,9,7,0.0,0.0,0.0,0.0,0.0
2023-05-19T17:00,22.1,87,19.8,23.9,0.00,59,19,9,48,0.0,0.0,0.0,0.0,0.0
2023-05-19T18:00,22.1,87,19.8,24.1,0.00,34,22,16,11,0.0,0.0,0.0,0.0,0.0
2023-05-19T19:00,22.0,88,19.9,24.3,0.00,27,25,17,1,0.0,0.0,0.0,0.0,0.0
2023-05-19T20:00,22.0,88,20.0,24.6,0.00,43,25,30,0,0.0,0.0,0.0,0.0,0.0
2023-05-19T21:00,22.1,88,20.1,24.9,0.00,51,7,48,0,0.0,0.0,0.0,0.0,0.0
2023-05-19T22:00,22.8,88,20.7,26.1,0.00,56,12,50,0,61.1,19.7,41.5,109.5,239.9
2023-05-19T23:00,24.3,84,21.5,27.8,0.00,100,14,100,9,200.7,77.0,123.7,193.1,532.8
2023-05-20T00:00,25.6,79,21.6,28.2,0.00,58,25,58,57,286.1,108.9,177.2,181.4,802.5
2023-05-20T01:00,26.7,75,21.9,29.7,0.00,61,18,15,45,403.0,156.7,246.2,203.2,1030.6
2023-05-20T02:00,28.2,70,22.2,32.3,0.00,76,8,2,74,641.8,337.5,304.3,375.4,1201.5
2023-05-20T03:00,29.2,66,22.2,34.4,0.00,74,42,19,45,677.4,289.0,388.4,296.3,1303.7
2023-05-20T04:00,29.5,66,22.6,35.1,0.00,90,26,7,85,695.5,386.0,309.6,387.8,1330.1
2023-05-20T05:00,29.6,68,22.9,35.6,0.00,100,53,6,100,722.0,457.6,264.4,478.1,1279.0
2023-05-20T06:00,29.2,71,23.3,34.6,2.20,100,100,8,97,634.4,375.7,258.7,435.1,1154.0
2023-05-20T07:00,27.0,80,23.2,31.7,5.70,91,53,17,79,196.5,33.5,163.0,46.5,963.4
2023-05-20T08:00,27.6,79,23.5,32.7,0.00,97,23,1,96,311.8,136.3,175.5,252.8,720.5
2023-05-20T09:00,27.6,78,23.4,32.6,0.00,75,16,14,67,203.6,112.8,90.8,341.4,441.6
2023-05-20T10:00,26.6,80,23.0,31.4,0.00,100,62,10,99,59.9,28.2,31.7,258.8,145.8
2023-05-20T11:00,25.3,87,23.0,30.2,0.10,100,9,11,100,0.0,0.0,0.0,0.0,0.0
2023-05-20T12:00,24.9,91,23.3,30.0,0.00,48,2,2,47,0.0,0.0,0.0,0.0,0.0
2023-05-20T13:00,24.3,90,22.6,28.8,0.00,14,7,3,5,0.0,0.0,0.0,0.0,0.0
2023-05-20T14:00,23.8,90,22.2,28.1,0.00,6,1,1,4,0.0,0.0,0.0,0.0,0.0
2023-05-20T15:00,23.1,93,22.0,27.4,0.00,100,2,3,100,0.0,0.0,0.0,0.0,0.0
2023-05-20T16:00,22.6,95,21.8,26.7,0.00,87,1,3,87,0.0,0.0,0.0,0.0,0.0
2023-05-20T17:00,22.1,96,21.5,26.2,0.00,100,0,0,100,0.0,0.0,0.0,0.0,0.0
2023-05-20T18:00,22.0,97,21.5,26.3,0.00,94,0,8,94,0.0,0.0,0.0,0.0,0.0
2023-05-20T19:00,22.1,96,21.4,26.4,0.00,100,0,93,97,0.0,0.0,0.0,0.0,0.0
2023-05-20T20:00,23.7,90,21.9,28.2,0.00,99,18,72,97,0.0,0.0,0.0,0.0,0.0
2023-05-20T21:00,22.9,93,21.8,27.7,0.00,100,91,9,100,0.0,0.0,0.0,0.0,0.0
2023-05-20T22:00,23.8,92,22.5,28.7,0.00,100,4,100,100,54.6,13.1,41.5,72.5,241.4
2023-05-20T23:00,24.5,92,23.2,30.0,0.40,100,0,31,100,108.5,8.2,100.2,20.6,533.8
2023-05-21T00:00,25.5,88,23.3,31.1,0.00,57,2,100,99,262.0,57.4,204.6,95.5,803.1
2023-05-21T01:00,26.5,84,23.6,32.0,0.20,96,7,22,94,379.4,91.8,287.6,118.9,1030.8
2023-05-21T02:00,28.1,76,23.4,33.5,0.00,85,21,12,79,634.3,305.3,328.9,339.5,1201.5
2023-05-21T03:00,29.2,71,23.5,34.6,0.10,96,28,37,93,674.2,410.1,264.1,420.4,1303.5
2023-05-21T04:00,29.1,75,24.2,35.2,0.20,99,36,6,99,696.6,375.9,320.6,377.6,1330.0
2023-05-21T05:00,29.4,76,24.7,35.5,0.20,96,66,21,87,586.4,250.8,335.6,261.9,1279.1
2023-05-21T06:00,27.2,81,23.6,31.7,8.50,97,67,70,85,306.9,33.0,273.8,38.2,1154.3
2023-05-21T07:00,26.4,83,23.3,30.7,6.80,100,49,100,26,280.9,77.0,203.8,106.7,964.2
2023-05-21T08:00,26.9,81,23.5,31.9,0.30,97,71,41,83,235.2,69.0,166.2,127.8,721.6
2023-05-21T09:00,26.6,84,23.6,32.0,1.10,100,100,13,99,136.5,36.4,100.1,109.7,443.3
2023-05-21T10:00,26.1,88,24.0,32.2,0.20,100,14,1,100,42.5,11.5,31.0,103.7,148.0
2023-05-21T11:00,25.0,93,23.8,30.3,0.00,100,16,5,100,0.0,0.0,0.0,0.0,0.0
2023-05-21T12:00,25.6,88,23.5,30.4,0.00,91,0,1,16,0.0,0.0,0.0,0.0,0.0
2023-05-21T13:00,25.4,87,23.0,30.1,0.00,99,0,0,99,0.0,0.0,0.0,0.0,0.0
2023-05-21T14:00,24.5,89,22.5,28.9,0.00,34,0,1,33,0.0,0.0,0.0,0.0,0.0
2023-05-21T15:00,23.7,92,22.3,27.9,0.00,13,0,0,13,0.0,0.0,0.0,0.0,0.0
2023-05-21T16:00,23.4,93,22.2,27.8,0.00,100,0,2,100,0.0,0.0,0.0,0.0,0.0
2023-05-21T17:00,23.4,94,22.3,28.2,0.00,100,0,6,100,0.0,0.0,0.0,0.0,0.0
2023-05-21T18:00,23.3,94,22.2,28.1,0.00,100,0,3,100,0.0,0.0,0.0,0.0,0.0
2023-05-21T19:00,23.5,92,22.1,28.0,0.00,100,0,6,100,0.0,0.0,0.0,0.0,0.0
2023-05-21T20:00,23.6,91,22.1,28.3,0.00,91,0,5,90,0.0,0.0,0.0,0.0,0.0
2023-05-21T21:00,23.4,90,21.6,27.7,0.00,67,0,1,66,0.0,0.0,0.0,0.0,0.0
2023-05-21T22:00,24.5,86,22.1,29.2,0.00,90,0,0,90,76.3,24.0,52.4,132.0,242.8
2023-05-21T23:00,26.0,85,23.3,31.5,0.00,99,0,1,99,229.0,80.9,148.1,202.1,534.7
2023-05-22T00:00,27.7,77,23.3,33.0,0.00,100,0,77,100,437.7,254.7,183.0,423.4,803.5
2023-05-22T01:00,29.3,75,24.3,33.6,0.00,100,0,62,100,562.8,317.8,245.0,411.6,1030.9
2023-05-22T02:00,29.8,73,24.5,33.6,0.00,100,0,43,100,482.1,131.8,350.3,146.5,1201.4
2023-05-22T03:00,30.8,69,24.4,34.5,0.00,100,0,84,100,752.9,470.2,282.7,481.8,1303.4
2023-05-22T04:00,31.1,66,24.0,34.2,0.00,100,0,100,100,756.9,387.0,369.9,388.6,1329.9
2023-05-22T05:00,31.2,67,24.5,35.2,0.00,100,4,18,100,759.2,424.5,334.7,443.1,1279.2
2023-05-22T06:00,31.7,60,23.0,34.4,0.00,100,12,53,100,702.6,441.0,261.6,510.0,1154.7
2023-05-22T07:00,30.3,65,23.0,32.5,0.00,100,0,4,100,316.3,116.0,200.3,160.5,964.9
2023-05-22T08:00,30.3,63,22.5,32.5,0.00,100,5,28,100,301.9,79.3,222.6,146.5,722.9
2023-05-22T09:00,29.1,66,22.1,31.2,0.10,100,4,75,100,123.7,16.7,107.0,50.1,445.0
2023-05-22T10:00,26.5,78,22.4,28.8,2.70,100,24,100,100,24.2,0.0,24.2,0.0,150.2
2023-05-22T11:00,25.3,87,23.0,28.8,4.00,100,29,100,100,0.0,0.0,0.0,0.0,0.0
2023-05-22T12:00,26.2,80,22.5,30.2,3.90,100,15,30,100,0.0,0.0,0.0,0.0,0.0
2023-05-22T13:00,23.6,93,22.3,26.2,4.00,100,100,100,100,0.0,0.0,0.0,0.0,0.0
2023-05-22T14:00,22.7,90,21.0,25.6,3.00,100,100,100,100,0.0,0.0,0.0,0.0,0.0
2023-05-22T15:00,22.5,90,20.7,25.9,2.00,100,100,100,100,0.0,0.0,0.0,0.0,0.0
2023-05-22T16:00,22.2,91,20.7,25.7,0.50,100,100,100,100,0.0,0.0,0.0,0.0,0.0
2023-05-22T17:00,21.9,90,20.2,25.2,0.10,100,100,100,100,0.0,0.0,0.0,0.0,0.0
2023-05-22T18:00,21.5,90,19.9,24.2,0.90,100,100,100,100,0.0,0.0,0.0,0.0,0.0
2023-05-22T19:00,21.3,90,19.6,24.1,5.30,100,81,100,100,0.0,0.0,0.0,0.0,0.0
2023-05-22T20:00,20.9,90,19.2,23.5,4.60,100,100,70,95,0.0,0.0,0.0,0.0,0.0
2023-05-22T21:00,20.5,87,18.3,22.3,0.10,98,33,96,20,0.0,0.0,0.0,0.0,0.0
2023-05-22T22:00,20.9,85,18.3,23.1,0.00,100,100,100,19,45.8,4.4,41.4,23.9,244.0
2023-05-22T23:00,21.1,85,18.4,23.3,0.00,100,100,100,21,54.8,0.0,54.8,0.0,535.5
2023-05-23T00:00,21.2,82,18.0,22.6,0.00,100,99,77,25,76.5,0.0,76.5,0.0,803.9
2023-05-23T01:00,21.9,77,17.6,22.6,0.00,100,100,1,78,319.9,33.6,286.4,43.5,1031.0
2023-05-23T02:00,22.5,70,16.7,22.8,0.00,98,90,39,81,380.3,51.4,328.9,57.1,1201.3
2023-05-23T03:00,23.7,65,16.7,24.3,0.00,82,78,16,1,667.0,314.8,352.1,322.5,1303.2
2023-05-23T04:00,24.1,63,16.5,25.0,0.00,79,75,2,12,691.6,369.9,321.7,371.3,1329.7
2023-05-23T05:00,24.0,65,17.1,25.2,0.00,93,93,2,0,668.5,351.3,317.2,366.6,1279.2
2023-05-23T06:00,23.6,66,16.9,24.2,0.00,87,74,10,43,538.3,224.8,313.6,259.8,1155.0
2023-05-23T07:00,23.7,68,17.3,24.7,0.00,76,26,44,42,526.7,298.2,228.4,412.2,965.7
2023-05-23T08:00,23.4,66,16.8,24.1,0.00,98,20,86,82,411.3,258.5,152.7,476.6,724.1
2023-05-23T09:00,22.6,68,16.5,23.0,0.00,73,45,13,44,212.8,104.9,107.9,313.5,446.7
2023-05-23T10:00,21.7,72,16.4,22.4,0.00,81,57,44,24,58.4,22.3,36.1,195.7,152.4
2023-05-23T11:00,21.3,72,16.1,22.1,0.00,93,65,59,53,0.0,0.0,0.0,0.0,0.0
2023-05-23T12:00,20.9,75,16.2,21.8,0.00,100,45,41,46,0.0,0.0,0.0,0.0,0.0
2023-05-23T13:00,20.8,75,16.2,21.4,0.00,84,17,18,77,0.0,0.0,0.0,0.0,0.0
2023-05-23T14:00,20.4,77,16.3,21.3,0.00,90,3,17,87,0.0,0.0,0.0,0.0,0.0
2023-05-23T15:00,20.0,79,16.3,20.8,0.00,1,1,0,0,0.0,0.0,0.0,0.0,0.0
2023-05-23T16:00,19.8,81,16.3,20.3,0.00,10,0,4,6,0.0,0.0,0.0,0.0,0.0
2023-05-23T17:00,19.7,81,16.4,20.0,0.00,1,0,0,0,0.0,0.0,0.0,0.0,0.0
2023-05-23T18:00,19.8,81,16.4,19.8,0.00,33,0,0,32,0.0,0.0,0.0,0.0,0.0
2023-05-23T19:00,19.9,80,16.4,19.8,0.00,25,4,18,8,0.0,0.0,0.0,0.0,0.0
2023-05-23T20:00,20.2,78,16.3,19.9,0.00,21,15,20,0,0.0,0.0,0.0,0.0,0.0
2023-05-23T21:00,20.2,77,16.1,20.1,0.00,21,20,8,0,0.0,0.0,0.0,0.0,0.0
2023-05-23T22:00,20.7,78,16.8,21.0,0.00,18,18,8,0,80.6,32.7,48.0,177.9,245.2
2023-05-23T23:00,22.7,76,18.2,23.9,0.00,25,25,2,0,273.7,167.0,106.7,415.5,536.2
2023-05-24T00:00,24.8,70,18.9,26.3,0.00,100,31,12,0,447.0,266.5,180.5,442.2,804.2
2023-05-24T01:00,26.4,66,19.5,28.4,0.00,100,100,20,0,646.5,454.1,192.4,587.8,1031.0
2023-05-24T02:00,27.0,65,19.8,29.2,0.00,100,100,13,4,599.8,277.4,322.4,308.2,1201.1
2023-05-24T03:00,27.5,66,20.5,31.1,0.00,100,100,22,0,663.9,297.2,366.6,304.4,1302.9
2023-05-24T04:00,26.4,78,22.3,30.0,0.90,87,70,75,0,479.5,68.4,411.1,68.6,1329.6
2023-05-24T05:00,27.1,73,21.7,30.0,0.10,100,100,43,0,482.1,164.9,317.2,172.0,1279.3
2023-05-24T06:00,26.1,75,21.3,28.9,0.00,100,100,20,52,222.0,22.7,199.3,26.2,1155.4
2023-05-24T07:00,26.2,74,21.2,29.1,0.00,100,100,7,65,353.6,142.4,211.3,196.5,966.4
2023-05-24T08:00,25.7,74,20.8,28.2,0.30,100,53,76,100,347.5,128.1,219.4,235.6,725.3
2023-05-24T09:00,24.6,76,20.1,27.5,0.00,80,28,36,56,125.6,35.8,89.8,106.5,448.4
2023-05-24T10:00,24.1,83,21.1,28.4,0.00,51,30,6,30,56.3,18.9,37.4,163.4,154.6
2023-05-24T11:00,23.1,83,20.2,26.7,0.00,30,23,2,9,0.0,0.0,0.0,0.0,0.0
2023-05-24T12:00,22.5,90,20.9,26.5,0.00,49,100,28,39,0.0,0.0,0.0,0.0,0.0
2023-05-24T13:00,22.6,90,21.0,26.6,0.00,25,24,1,0,0.0,0.0,0.0,0.0,0.0
2023-05-24T14:00,21.7,93,20.5,25.1,0.00,24,23,9,0,0.0,0.0,0.0,0.0,0.0
2023-05-24T15:00,21.5,94,20.6,25.0,0.00,61,47,45,8,0.0,0.0,0.0,0.0,0.0
2023-05-24T16:00,21.5,96,20.8,24.9,0.00,94,92,37,5,0.0,0.0,0.0,0.0,0.0
2023-05-24T17:00,22.0,93,20.9,25.7,0.00,26,23,8,2,0.0,0.0,0.0,0.0,0.0
2023-05-24T18:00,21.7,93,20.6,25.4,0.00,62,15,57,0,0.0,0.0,0.0,0.0,0.0
2023-05-24T19:00,21.8,93,20.7,25.5,0.00,49,44,17,0,0.0,0.0,0.0,0.0,0.0
2023-05-24T20:00,21.5,94,20.5,24.9,0.00,90,87,20,4,0.0,0.0,0.0,0.0,0.0
2023-05-24T21:00,21.6,94,20.6,25.1,0.00,90,51,17,77,0.0,0.0,0.0,0.0,0.0
2023-05-24T22:00,22.5,92,21.1,26.4,0.00,46,45,2,0,63.2,15.3,47.9,82.6,246.3
2023-05-24T23:00,24.3,89,22.4,29.1,0.00,17,11,1,6,236.5,93.0,143.5,231.0,536.8
2023-05-25T00:00,24.8,84,21.9,29.2,0.00,7,62,9,0,481.5,336.9,144.6,558.6,804.5
2023-05-25T01:00,26.1,78,22.0,30.2,0.00,54,54,8,0,480.9,198.0,282.9,256.1,1031.0
2023-05-25T02:00,26.6,78,22.4,30.6,0.00,33,28,15,4,405.9,49.3,356.7,54.7,1200.9
2023-05-25T03:00,28.0,72,22.4,32.7,0.00,54,50,18,0,684.6,345.9,338.7,354.2,1302.7
2023-05-25T04:00,28.8,70,22.8,34.5,0.00,46,34,16,12,736.9,445.3,291.5,446.8,1329.4
2023-05-25T05:00,29.5,70,23.3,36.1,0.00,61,60,4,1,758.4,521.2,237.2,543.4,1279.3
2023-05-25T06:00,29.4,71,23.6,35.6,0.00,54,31,2,32,615.0,320.3,294.8,369.6,1155.8
2023-05-25T07:00,28.5,75,23.6,33.6,0.00,83,22,12,76,419.9,161.4,258.5,222.6,967.2
2023-05-25T08:00,28.1,76,23.5,32.3,0.40,37,14,3,25,386.1,234.9,151.2,431.2,726.5
2023-05-25T09:00,27.9,76,23.3,31.9,0.00,53,14,9,43,241.6,153.2,88.4,453.9,450.1
2023-05-25T10:00,26.9,80,23.1,31.2,0.00,62,5,5,59,66.0,32.5,33.5,276.3,156.8
2023-05-25T11:00,25.4,86,22.8,29.3,0.00,53,3,5,49,0.0,0.0,0.0,0.0,0.0
2023-05-25T12:00,24.9,90,23.1,29.1,0.00,53,4,3,49,0.0,0.0,0.0,0.0,0.0
2023-05-25T13:00,24.6,90,22.9,28.9,0.00,83,4,3,82,0.0,0.0,0.0,0.0,0.0
2023-05-25T14:00,24.5,90,22.7,28.7,0.00,71,8,1,69,0.0,0.0,0.0,0.0,0.0
2023-05-25T15:00,24.2,91,22.7,28.3,0.00,35,27,5,7,0.0,0.0,0.0,0.0,0.0
2023-05-25T16:00,24.0,92,22.7,28.2,0.00,100,80,7,100,0.0,0.0,0.0,0.0,0.0
2023-05-25T17:00,24.1,92,22.8,28.4,0.00,100,86,8,100,0.0,0.0,0.0,0.0,0.0
2023-05-25T18:00,24.2,92,22.8,28.6,0.00,100,81,2,100,0.0,0.0,0.0,0.0,0.0
2023-05-25T19:00,24.1,92,22.8,28.7,0.00,100,76,1,99,0.0,0.0,0.0,0.0,0.0
2023-05-25T20:00,24.0,92,22.7,28.6,0.00,68,66,0,7,0.0,0.0,0.0,0.0,0.0
2023-05-25T21:00,23.9,92,22.5,28.3,0.00,64,64,0,0,0.0,0.0,0.0,0.0,0.0
2023-05-25T22:00,24.7,89,22.7,29.2,0.00,77,77,2,0,63.2,13.1,50.1,70.5,247.3
2023-05-25T23:00,26.2,84,23.2,31.1,0.00,79,51,3,56,241.8,114.7,127.0,284.7,537.4
2023-05-26T00:00,27.2,81,23.7,31.7,0.00,88,58,10,61,482.5,342.8,139.7,568.0,804.7
2023-05-26T01:00,28.8,74,23.8,33.8,0.00,90,10,20,87,588.2,354.5,233.7,458.5,1030.9
2023-05-26T02:00,29.8,68,23.3,35.5,0.30,99,24,20,99,779.7,549.4,230.3,610.2,1200.7
2023-05-26T03:00,30.3,71,24.4,37.3,0.10,100,3,6,100,852.4,652.5,199.9,668.0,1302.4
2023-05-26T04:00,30.5,73,25.1,38.1,0.00,43,17,12,23,829.4,596.2,233.2,598.0,1329.3
2023-05-26T05:00,30.7,73,25.4,38.5,0.00,29,12,9,11,822.9,595.4,227.4,620.6,1279.4
2023-05-26T06:00,30.0,70,23.9,35.3,1.00,70,31,58,7,521.6,267.4,254.2,308.4,1156.1
2023-05-26T07:00,29.4,71,23.7,35.0,0.50,52,34,21,15,318.4,164.2,154.2,226.2,968.0
2023-05-26T08:00,29.4,71,23.6,34.1,0.70,99,95,37,84,319.6,159.8,159.8,292.8,727.8
2023-05-26T09:00,27.7,78,23.6,32.0,2.40,100,100,81,22,181.6,87.0,94.6,256.7,451.8
2023-05-26T10:00,26.8,83,23.6,31.2,0.40,73,46,24,38,55.1,18.2,36.9,152.5,159.0
2023-05-26T11:00,25.5,84,22.5,28.8,0.00,97,27,13,95,0.0,0.0,0.0,0.0,0.0
2023-05-26T12:00,25.1,85,22.4,28.1,0.00,93,71,7,97,0.0,0.0,0.0,0.0,0.0
2023-05-26T13:00,25.3,83,22.3,27.8,0.00,96,61,0,89,0.0,0.0,0.0,0.0,0.0
2023-05-26T14:00,24.9,84,22.0,27.3,0.00,100,27,0,100,0.0,0.0,0.0,0.0,0.0
2023-05-26T15:00,24.8,83,21.8,27.1,0.00,97,51,0,94,0.0,0.0,0.0,0.0,0.0
2023-05-26T16:00,24.7,84,21.7,27.0,0.00,94,36,0,91,0.0,0.0,0.0,0.0,0.0
2023-05-26T17:00,24.5,84,21.6,26.9,0.00,100,75,0,100,0.0,0.0,0.0,0.0,0.0
2023-05-26T18:00,24.4,84,21.6,26.9,0.00,100,78,0,100,0.0,0.0,0.0,0.0,0.0
2023-05-26T19:00,24.1,86,21.5,27.0,0.00,98,90,0,81,0.0,0.0,0.0,0.0,0.0
2023-05-26T20:00,24.0,86,21.4,27.1,0.00,100,74,0,100,0.0,0.0,0.0,0.0,0.0
2023-05-26T21:00,23.6,86,21.2,26.7,0.00,100,36,0,100,0.0,0.0,0.0,0.0,0.0
2023-05-26T22:00,24.2,85,21.4,27.2,0.00,100,11,0,100,71.9,17.4,54.4,93.6,248.2
2023-05-26T23:00,25.4,80,21.8,28.4,0.00,100,12,0,100,248.4,121.5,126.9,301.0,537.9
2023-05-27T00:00,26.6,75,21.8,29.2,0.00,82,9,0,6,470.4,321.2,149.3,532.0,804.8
2023-05-27T01:00,27.7,70,21.7,30.3,0.00,5,5,0,0,674.2,505.4,168.8,653.6,1030.8
2023-05-27T02:00,28.5,66,21.5,31.5,0.00,4,4,0,0,832.2,661.9,170.3,735.0,1200.4
2023-05-27T03:00,29.1,63,21.5,32.4,0.00,73,1,0,73,945.6,796.4,149.1,815.3,1302.1
2023-05-27T04:00,29.1,64,21.7,32.5,0.00,93,11,0,93,959.1,791.2,167.9,793.5,1329.1
2023-05-27T05:00,28.8,66,21.7,32.1,0.00,97,13,0,97,915.7,736.1,179.6,766.8,1279.4
2023-05-27T06:00,28.5,67,21.7,31.7,0.00,93,24,0,91,815.6,635.1,180.5,731.9,1156.5
2023-05-27T07:00,28.0,69,21.7,30.7,0.00,22,10,0,13,676.0,526.3,149.7,724.1,968.8
2023-05-27T08:00,27.3,71,21.6,29.1,0.00,7,7,0,0,465.1,330.0,135.1,603.4,729.0
2023-05-27T09:00,26.3,74,21.2,27.8,0.00,16,16,0,0,269.7,188.7,81.0,554.7,453.5
2023-05-27T10:00,24.9,76,20.4,26.2,0.00,12,12,0,0,80.6,48.7,31.9,402.5,161.2
2023-05-27T11:00,24.0,76,19.6,24.9,0.00,6,6,0,0,0.0,0.0,0.0,0.0,0.0
2023-05-27T12:00,23.8,77,19.6,25.0,0.00,9,12,0,0,0.0,0.0,0.0,0.0,0.0
2023-05-27T13:00,24.0,77,19.7,25.2,0.00,10,10,0,0,0.0,0.0,0.0,0.0,0.0
2023-05-27T14:00,23.8,78,19.7,24.9,0.00,2,2,0,0,0.0,0.0,0.0,0.0,0.0
2023-05-27T15:00,23.6,79,19.7,24.7,0.00,2,2,0,0,0.0,0.0,0.0,0.0,0.0
2023-05-27T16:00,23.5,78,19.5,24.6,0.00,0,0,0,0,0.0,0.0,0.0,0.0,0.0
2023-05-27T17:00,23.4,79,19.5,24.9,0.00,1,1,0,0,0.0,0.0,0.0,0.0,0.0
2023-05-27T18:00,23.2,81,19.8,25.0,0.00,1,1,0,0,0.0,0.0,0.0,0.0,0.0
2023-05-27T19:00,23.1,82,19.8,24.9,0.00,7,7,0,0,0.0,0.0,0.0,0.0,0.0
2023-05-27T20:00,22.9,83,19.9,25.1,0.00,15,15,0,0,0.0,0.0,0.0,0.0,0.0
2023-05-27T21:00,22.6,86,20.0,25.1,0.00,4,4,0,0,0.0,0.0,0.0,0.0,0.0
2023-05-27T22:00,23.4,85,20.7,26.2,0.00,4,4,0,0,91.4,45.7,45.7,244.7,249.0
2023-05-27T23:00,25.8,76,21.3,28.8,0.00,2,2,0,0,295.9,201.8,94.1,499.6,538.3
2023-05-28T00:00,27.8,75,22.9,31.4,0.00,2,6,0,0,516.9,405.9,111.0,671.9,804.8
2023-05-28T01:00,29.5,70,23.3,33.0,0.00,9,9,0,0,682.0,526.6,155.4,680.8,1030.6
2023-05-28T02:00,30.5,65,23.2,34.1,0.00,16,16,0,0,816.1,641.5,174.6,712.3,1200.1
2023-05-28T03:00,30.9,63,23.1,34.6,0.00,44,44,0,0,853.4,605.9,247.5,620.1,1301.8
2023-05-28T04:00,31.1,64,23.4,35.1,0.00,33,33,0,0,851.6,612.3,239.3,613.9,1328.9
2023-05-28T05:00,31.3,63,23.4,35.5,0.00,35,35,0,0,859.2,631.7,227.5,657.8,1279.4
2023-05-28T06:00,30.6,66,23.4,34.1,0.00,67,67,0,0,711.7,497.2,214.6,572.6,1156.9
2023-05-28T07:00,30.1,70,24.0,33.6,0.00,18,18,0,0,579.1,355.8,223.3,489.0,969.5
2023-05-28T08:00,29.5,70,23.5,32.4,0.00,10,10,0,0,456.8,346.5,110.4,632.2,730.2
2023-05-28T09:00,28.5,74,23.4,31.4,0.00,9,9,0,0,261.7,176.0,85.7,515.1,455.2
2023-05-28T10:00,27.3,78,23.2,30.4,0.00,21,21,0,0,71.7,37.9,33.7,309.6,163.3
2023-05-28T11:00,26.5,81,23.0,29.5,0.00,11,11,0,0,0.0,0.0,0.0,0.0,0.0
2023-05-28T12:00,25.9,87,23.6,29.1,0.00,62,66,0,0,0.0,0.0,0.0,0.0,0.0
2023-05-28T13:00,26.5,85,23.7,29.6,0.00,96,95,3,0,0.0,0.0,0.0,0.0,0.0
2023-05-28T14:00,26.3,86,23.9,29.5,0.00,43,43,8,0,0.0,0.0,0.0,0.0,0.0
2023-05-28T15:00,26.2,87,23.8,29.5,0.00,99,99,0,0,0.0,0.0,0.0,0.0,0.0
2023-05-28T16:00,26.2,87,23.8,29.7,0.00,100,100,0,0,0.0,0.0,0.0,0.0,0.0
2023-05-28T17:00,26.2,87,23.9,29.6,0.00,94,94,0,0,0.0,0.0,0.0,0.0,0.0
2023-05-28T18:00,25.7,90,23.9,29.3,0.00,90,90,0,0,0.0,0.0,0.0,0.0,0.0
2023-05-28T19:00,25.6,90,23.9,29.1,0.00,87,87,0,0,0.0,0.0,0.0,0.0,0.0
2023-05-28T20:00,25.3,92,23.9,28.9,0.00,93,93,0,0,0.0,0.0,0.0,0.0,0.0
2023-05-28T21:00,25.3,91,23.8,28.8,0.00,81,81,0,0,0.0,0.0,0.0,0.0,0.0
2023-05-28T22:00,25.6,90,23.9,28.9,0.00,71,71,0,0,67.5,17.4,50.1,92.9,249.7
2023-05-28T23:00,26.8,84,23.9,30.1,0.00,40,25,0,20,237.1,119.9,117.2,296.6,538.6
2023-05-29T00:00,28.2,79,24.2,31.6,0.00,74,39,0,78,449.9,315.1,134.9,521.4,804.8
2023-05-29T01:00,29.2,74,24.1,32.1,0.00,86,38,0,78,554.5,314.1,240.3,406.1,1030.3
2023-05-29T02:00,30.0,71,24.1,33.5,0.00,53,20,4,41,758.2,505.5,252.7,561.2,1199.7
2023-05-29T03:00,30.4,68,23.8,33.9,0.00,45,28,0,24,826.5,559.3,267.2,572.4,1301.5
2023-05-29T04:00,31.0,65,23.6,34.8,0.00,51,51,0,0,867.7,646.5,221.2,648.1,1328.7
2023-05-29T05:00,31.0,65,23.6,35.0,0.00,30,30,0,0,827.0,586.8,240.2,610.9,1279.5
2023-05-29T06:00,30.7,67,23.9,35.0,0.00,4,4,0,0,799.7,631.5,168.3,726.8,1157.2
2023-05-29T07:00,30.0,69,23.7,33.6,0.00,23,23,0,0,672.8,554.7,118.0,761.5,970.3
2023-05-29T08:00,29.3,70,23.3,31.7,0.00,35,35,0,0,433.9,301.3,132.7,548.6,731.4
2023-05-29T09:00,28.3,77,23.9,31.6,0.00,29,29,0,0,226.0,137.1,88.9,399.7,456.9
2023-05-29T10:00,27.4,81,23.8,31.0,0.00,76,76,0,0,61.5,26.0,35.5,209.3,165.4
2023-05-29T11:00,26.7,85,23.9,30.6,0.00,24,24,0,0,0.0,0.0,0.0,0.0,0.0
2023-05-29T12:00,26.4,91,24.8,30.9,0.00,96,100,2,0,0.0,0.0,0.0,0.0,0.0
2023-05-29T13:00,26.8,88,24.6,31.1,0.00,70,70,0,0,0.0,0.0,0.0,0.0,0.0
2023-05-29T14:00,26.3,90,24.5,30.7,0.00,71,71,0,0,0.0,0.0,0.0,0.0,0.0
2023-05-29T15:00,26.0,91,24.5,30.6,0.00,90,90,0,6,0.0,0.0,0.0,0.0,0.0
2023-05-29T16:00,25.8,92,24.4,30.3,0.00,96,96,0,4,0.0,0.0,0.0,0.0,0.0
2023-05-29T17:00,25.6,93,24.4,30.0,0.00,100,100,0,1,0.0,0.0,0.0,0.0,0.0
2023-05-29T18:00,25.7,92,24.3,30.0,0.00,97,97,4,0,0.0,0.0,0.0,0.0,0.0
2023-05-29T19:00,25.3,94,24.2,29.8,0.00,100,100,0,0,0.0,0.0,0.0,0.0,0.0
2023-05-29T20:00,25.3,94,24.2,29.9,0.00,100,100,1,8,0.0,0.0,0.0,0.0,0.0
2023-05-29T21:00,25.3,94,24.2,29.8,0.00,100,100,2,0,0.0,0.0,0.0,0.0,0.0
2023-05-29T22:00,25.7,92,24.3,29.9,0.00,63,63,0,0,43.5,0.0,43.5,0.0,250.4
2023-05-29T23:00,26.6,87,24.3,30.4,0.00,45,45,0,0,201.5,73.5,128.0,181.7,538.8
2023-05-30T00:00,27.6,82,24.2,31.0,0.10,30,31,4,0,369.9,218.4,151.5,361.3,804.8
2023-05-30T01:00,28.3,80,24.5,31.6,0.30,47,42,15,0,523.1,315.2,207.9,407.5,1030.1
2023-05-30T02:00,28.9,76,24.1,31.9,0.50,43,39,16,0,672.5,403.7,268.8,448.2,1199.4
2023-05-30T03:00,28.5,80,24.6,31.8,0.70,77,68,32,0,601.8,308.7,293.1,315.9,1301.1
2023-05-30T04:00,28.7,80,24.9,32.1,0.30,88,87,10,0,553.0,253.4,299.6,254.0,1328.5
2023-05-30T05:00,28.2,81,24.7,31.5,0.60,62,56,16,1,493.1,262.7,230.5,273.4,1279.5
2023-05-30T06:00,28.4,81,24.8,31.7,0.30,33,28,13,2,534.2,270.4,263.8,311.0,1157.6
2023-05-30T07:00,27.9,83,24.8,31.6,0.30,84,83,0,2,368.7,166.2,202.5,227.9,971.1
2023-05-30T08:00,27.5,84,24.6,30.9,0.20,51,46,8,0,268.9,126.7,142.1,230.3,732.6
2023-05-30T09:00,27.0,86,24.4,30.2,0.20,64,63,10,0,161.8,64.4,97.4,187.1,458.5
2023-05-30T10:00,26.3,87,24.0,29.9,0.30,96,95,17,0,45.4,15.0,30.4,118.9,167.5
2023-05-30T11:00,25.8,91,24.2,29.9,0.30,100,100,22,0,0.0,0.0,0.0,0.0,0.0
2023-05-30T12:00,26.0,91,24.5,30.5,0.10,100,82,20,0,0.0,0.0,0.0,0.0,0.0
2023-05-30T13:00,25.7,91,24.0,29.7,0.10,100,99,28,32,0.0,0.0,0.0,0.0,0.0
2023-05-30T14:00,25.2,91,23.6,29.0,0.50,100,99,57,18,0.0,0.0,0.0,0.0,0.0
2023-05-30T15:00,24.9,94,23.9,28.9,1.80,100,100,42,36,0.0,0.0,0.0,0.0,0.0
2023-05-30T16:00,24.4,94,23.4,29.1,5.20,100,100,50,52,0.0,0.0,0.0,0.0,0.0
2023-05-30T17:00,24.8,94,23.7,29.1,0.70,100,98,49,72,0.0,0.0,0.0,0.0,0.0
2023-05-30T18:00,25.0,93,23.8,29.4,0.90,100,100,8,20,0.0,0.0,0.0,0.0,0.0
2023-05-30T19:00,25.3,93,24.1,29.8,0.60,100,100,17,4,0.0,0.0,0.0,0.0,0.0
2023-05-30T20:00,25.6,94,24.5,30.1,0.10,92,91,21,0,0.0,0.0,0.0,0.0,0.0
2023-05-30T21:00,25.4,93,24.3,30.1,0.20,100,100,26,0,0.0,0.0,0.0,0.0,0.0
2023-05-30T22:00,25.5,91,23.9,29.9,0.30,100,100,22,0,52.2,15.2,37.0,80.8,250.9
2023-05-30T23:00,26.1,89,24.2,30.0,0.10,87,80,39,0,123.9,39.5,84.4,97.5,539.0
2023-05-31T00:00,27.1,85,24.4,30.6,0.50,87,12,30,21,237.4,75.2,162.2,124.3,804.7
2023-05-31T01:00,27.9,82,24.5,31.3,0.10,57,24,51,0,520.9,351.0,169.9,453.7,1029.8
2023-05-31T02:00,27.4,87,24.9,32.1,1.40,100,100,27,0,631.8,380.2,251.7,422.1,1199.0
2023-05-31T03:00,26.7,87,24.4,30.4,1.50,84,58,74,1,417.4,62.1,355.3,63.6,1300.8
2023-05-31T04:00,27.7,85,24.9,31.7,1.60,100,100,59,6,538.0,229.3,308.7,229.8,1328.3
2023-05-31T05:00,26.6,86,24.1,30.8,1.90,86,75,50,3,292.0,13.7,278.3,14.2,1279.5
2023-05-31T06:00,27.6,87,25.3,33.0,0.70,100,100,50,2,443.5,177.8,265.7,204.3,1158.0
2023-05-31T07:00,26.1,91,24.5,31.0,2.70,99,97,56,1,300.7,96.3,204.4,131.9,971.8
2023-05-31T08:00,26.3,90,24.5,30.6,0.80,99,96,61,4,171.3,25.7,145.6,46.6,733.8
2023-05-31T09:00,25.6,91,24.1,29.5,1.50,99,97,67,3,115.2,43.0,72.2,124.4,460.2
2023-05-31T10:00,25.4,91,23.7,29.8,1.20,100,100,72,2,32.2,2.7,29.6,21.1,169.5
2023-05-31T11:00,25.3,92,23.9,30.4,0.60,100,100,79,97,0.0,0.0,0.0,0.0,0.0
2023-05-31T12:00,25.2,90,23.4,29.8,0.40,100,100,78,99,0.0,0.0,0.0,0.0,0.0
2023-05-31T13:00,25.6,88,23.5,30.0,1.10,100,11,100,100,0.0,0.0,0.0,0.0,0.0
2023-05-31T14:00,25.3,91,23.6,30.4,0.00,100,100,100,100,0.0,0.0,0.0,0.0,0.0
2023-05-31T15:00,25.3,92,23.9,30.5,0.10,100,93,59,100,0.0,0.0,0.0,0.0,0.0
2023-05-31T16:00,25.1,92,23.6,30.2,0.30,100,100,56,97,0.0,0.0,0.0,0.0,0.0
2023-05-31T17:00,25.0,91,23.4,29.9,0.80,100,100,26,96,0.0,0.0,0.0,0.0,0.0
2023-05-31T18:00,25.2,91,23.5,30.6,0.40,100,100,8,96,0.0,0.0,0.0,0.0,0.0
2023-05-31T19:00,25.1,91,23.6,30.7,0.40,99,88,10,95,0.0,0.0,0.0,0.0,0.0
2023-05-31T20:00,25.1,91,23.6,30.3,0.60,100,100,28,99,0.0,0.0,0.0,0.0,0.0
2023-05-31T21:00,24.9,91,23.4,30.1,0.50,100,100,47,89,0.0,0.0,0.0,0.0,0.0
2023-05-31T22:00,25.2,90,23.5,30.4,0.40,72,57,31,8,34.8,0.0,34.8,0.0,251.4
2023-05-31T23:00,26.5,85,23.8,31.3,0.20,53,27,13,30,194.5,92.5,102.0,228.3,539.2
2023-06-01T00:00,26.8,82,23.4,30.9,0.90,100,25,65,0,287.5,115.7,171.8,191.4,804.5
2023-06-01T01:00,26.3,84,23.4,30.4,1.40,100,100,29,0,302.9,108.4,194.5,140.1,1029.4
2023-06-01T02:00,26.9,85,24.1,31.0,0.80,100,100,93,0,429.4,130.7,298.8,145.1,1198.6
2023-06-01T03:00,27.5,80,23.8,31.0,0.10,98,96,63,0,478.5,159.5,319.0,163.2,1300.4
2023-06-01T04:00,27.6,79,23.5,30.7,0.40,58,43,35,0,460.6,177.0,283.6,177.3,1328.0
2023-06-01T05:00,27.9,80,24.2,32.0,0.00,67,58,26,0,664.2,413.1,251.0,429.6,1279.6
2023-06-01T06:00,27.9,77,23.6,31.4,0.40,43,39,9,0,605.3,379.3,226.0,435.7,1158.3
2023-06-01T07:00,27.9,77,23.5,31.5,0.30,30,30,2,0,548.8,384.4,164.5,525.8,972.6
2023-06-01T08:00,27.9,77,23.4,31.5,0.30,50,50,0,0,416.6,280.3,136.3,507.4,735.0
2023-06-01T09:00,27.2,79,23.2,30.7,0.40,67,67,3,0,204.5,93.8,110.7,270.3,461.8
2023-06-01T10:00,26.2,86,23.7,30.1,0.00,29,29,2,0,64.3,28.7,35.7,222.3,171.5
2023-06-01T11:00,25.2,91,23.6,29.6,0.10,26,25,1,0,0.0,0.0,0.0,0.0,0.0
2023-06-01T12:00,24.8,95,23.9,29.9,0.00,30,29,2,0,0.0,0.0,0.0,0.0,0.0
2023-06-01T13:00,24.7,96,24.0,30.0,0.00,53,42,23,0,0.0,0.0,0.0,0.0,0.0
2023-06-01T14:00,24.8,94,23.8,29.6,0.00,33,21,18,0,0.0,0.0,0.0,0.0,0.0
2023-06-01T15:00,24.8,92,23.4,29.6,0.00,68,52,48,0,0.0,0.0,0.0,0.0,0.0
2023-06-01T16:00,24.6,93,23.4,29.5,0.20,75,69,22,0,0.0,0.0,0.0,0.0,0.0
2023-06-01T17:00,24.6,94,23.6,29.3,1.10,100,100,46,0,0.0,0.0,0.0,0.0,0.0
2023-06-01T18:00,24.4,96,23.8,28.8,1.80,100,100,37,0,0.0,0.0,0.0,0.0,0.0
2023-06-01T19:00,24.3,96,23.7,29.1,0.80,100,100,43,28,0.0,0.0,0.0,0.0,0.0
2023-06-01T20:00,24.2,97,23.6,29.1,0.30,100,95,100,57,0.0,0.0,0.0,0.0,0.0
2023-06-01T21:00,24.0,97,23.5,29.2,0.00,100,100,100,1,0.0,0.0,0.0,0.0,0.0
2023-06-01T22:00,24.4,96,23.6,29.5,0.00,100,73,100,0,32.6,0.0,32.6,0.0,251.8
2023-06-01T23:00,25.4,91,23.9,30.6,0.00,28,25,6,0,149.6,12.2,137.3,30.2,539.2
2023-06-02T00:00,26.3,91,24.7,32.0,0.00,59,99,88,0,480.6,348.2,132.4,576.0,804.3
2023-06-02T01:00,27.7,82,24.4,33.1,0.00,36,11,1,27,392.3,144.2,248.1,186.4,1029.1
2023-06-02T02:00,30.0,73,24.5,36.2,0.00,59,37,1,34,800.0,615.8,184.2,683.7,1198.1
2023-06-02T03:00,31.1,72,25.5,38.5,0.00,8,4,4,0,863.9,648.4,215.5,663.5,1300.0
2023-06-02T04:00,31.6,71,25.6,39.0,0.00,5,2,3,0,941.4,765.4,176.0,766.8,1327.8
2023-06-02T05:00,31.7,68,25.0,38.2,0.00,8,7,2,0,900.6,760.0,140.7,790.0,1279.6
2023-06-02T06:00,31.2,69,24.8,37.6,0.00,1,1,0,0,810.7,686.7,123.9,788.4,1158.7
2023-06-02T07:00,31.1,70,24.9,37.7,0.00,75,0,1,75,679.8,577.1,102.7,788.7,973.3
2023-06-02T08:00,30.8,69,24.4,36.4,0.00,63,0,0,63,483.7,395.3,88.3,714.3,736.1
2023-06-02T09:00,30.4,68,23.9,35.5,0.00,66,0,0,66,277.8,210.1,67.7,603.2,463.3
2023-06-02T10:00,28.7,78,24.5,34.0,0.00,19,14,0,7,85.4,53.3,32.1,408.6,173.5
2023-06-02T11:00,27.0,87,24.7,32.2,0.00,28,28,0,0,0.0,0.0,0.0,0.0,0.0
2023-06-02T12:00,26.5,87,24.2,31.4,0.00,97,8,2,86,0.0,0.0,0.0,0.0,0.0
2023-06-02T13:00,26.6,88,24.5,31.5,0.00,93,10,0,92,0.0,0.0,0.0,0.0,0.0
2023-06-02T14:00,26.3,90,24.6,31.3,0.00,99,0,0,99,0.0,0.0,0.0,0.0,0.0
2023-06-02T15:00,26.0,90,24.3,30.8,0.00,97,0,0,97,0.0,0.0,0.0,0.0,0.0
2023-06-02T16:00,25.8,89,23.9,30.4,0.00,93,1,0,93,0.0,0.0,0.0,0.0,0.0
2023-06-02T17:00,25.7,88,23.7,30.1,0.00,98,0,0,98,0.0,0.0,0.0,0.0,0.0
2023-06-02T18:00,25.6,88,23.4,29.7,0.00,98,0,0,98,0.0,0.0,0.0,0.0,0.0
2023-06-02T19:00,25.5,87,23.3,29.5,0.00,100,1,2,100,0.0,0.0,0.0,0.0,0.0
2023-06-02T20:00,25.4,88,23.2,29.5,0.00,55,6,5,51,0.0,0.0,0.0,0.0,0.0
2023-06-02T21:00,24.9,90,23.2,29.7,0.00,8,1,6,0,0.0,0.0,0.0,0.0,0.0
2023-06-02T22:00,25.5,89,23.5,31.2,0.00,15,0,3,12,89.2,41.3,47.9,218.0,252.1
2023-06-02T23:00,26.5,87,24.1,32.3,0.00,12,5,11,0,278.6,179.4,99.2,442.5,539.2
2023-06-03T00:00,28.5,80,24.7,34.0,0.00,78,6,2,0,474.6,336.3,138.3,556.2,804.1
2023-06-03T01:00,29.8,77,25.2,35.9,0.00,83,50,4,66,668.3,530.9,137.5,686.3,1028.7
2023-06-03T02:00,30.5,77,26.1,38.5,0.00,11,7,5,0,788.2,602.9,185.3,669.5,1197.7
2023-06-03T03:00,30.8,77,26.3,38.9,0.00,34,29,7,0,821.5,641.2,180.2,656.1,1299.6
2023-06-03T04:00,29.3,81,25.6,35.7,0.00,100,100,26,99,643.7,255.5,388.2,255.9,1327.6
2023-06-03T05:00,28.1,84,25.1,33.6,0.40,100,74,22,100,396.6,93.8,302.8,97.5,1279.6
2023-06-03T06:00,28.5,81,25.0,34.0,0.10,92,23,24,87,366.1,111.6,254.5,128.1,1159.0
2023-06-03T07:00,28.1,84,25.1,34.1,0.20,99,57,33,95,503.6,263.6,240.0,359.9,974.0
2023-06-03T08:00,28.3,81,24.8,33.9,0.70,98,17,43,96,278.0,121.8,156.1,219.7,737.3
2023-06-03T09:00,28.5,77,24.1,33.5,0.50,93,37,57,79,200.3,90.1,110.2,257.9,464.9
2023-06-03T10:00,27.6,84,24.6,32.5,0.10,46,8,40,6,62.9,32.3,30.6,244.6,175.4
2023-06-03T11:00,26.7,86,24.2,31.2,0.00,34,7,27,3,0.0,0.0,0.0,0.0,0.0
2023-06-03T12:00,26.4,87,24.2,30.8,0.00,20,5,4,46,0.0,0.0,0.0,0.0,0.0
2023-06-03T13:00,26.4,87,24.1,30.6,0.00,100,29,2,100,0.0,0.0,0.0,0.0,0.0
2023-06-03T14:00,26.1,88,24.0,30.1,0.00,96,22,7,95,0.0,0.0,0.0,0.0,0.0
2023-06-03T15:00,25.9,89,23.9,30.2,0.00,97,16,14,96,0.0,0.0,0.0,0.0,0.0
2023-06-03T16:00,25.8,89,23.8,30.3,0.00,66,16,12,57,0.0,0.0,0.0,0.0,0.0
2023-06-03T17:00,25.6,89,23.7,30.5,0.00,81,8,11,77,0.0,0.0,0.0,0.0,0.0
2023-06-03T18:00,25.1,91,23.6,30.2,0.00,92,10,10,91,0.0,0.0,0.0,0.0,0.0
2023-06-03T19:00,24.9,92,23.5,30.0,0.00,99,6,11,99,0.0,0.0,0.0,0.0,0.0
2023-06-03T20:00,24.6,93,23.3,29.6,0.00,91,17,7,89,0.0,0.0,0.0,0.0,0.0
2023-06-03T21:00,24.2,94,23.1,29.0,0.00,94,12,2,93,0.0,0.0,0.0,0.0,0.0
2023-06-03T22:00,25.6,90,23.8,30.7,0.00,83,10,5,80,78.3,32.6,45.7,171.9,252.4
2023-06-03T23:00,27.3,82,24.0,33.0,0.00,51,8,1,46,274.5,172.6,101.9,425.5,539.2
2023-06-04T00:00,28.5,77,24.1,34.3,0.00,62,6,4,2,413.8,248.0,165.7,410.2,803.8
2023-06-04T01:00,29.7,73,24.3,35.6,0.00,30,13,19,0,646.0,483.9,162.1,625.7,1028.2
2023-06-04T02:00,30.9,69,24.5,37.7,0.00,23,13,2,9,755.0,569.8,185.3,632.7,1197.2
2023-06-04T03:00,31.4,68,24.7,37.7,0.10,94,25,11,91,753.1,502.4,250.7,514.1,1299.2
2023-06-04T04:00,30.4,71,24.6,36.3,2.10,100,63,72,100,744.3,504.9,239.4,505.7,1327.3
2023-06-04T05:00,30.0,74,24.8,36.3,3.90,100,73,100,93,657.5,314.6,342.9,326.8,1279.6
2023-06-04T06:00,29.7,77,25.2,36.2,1.60,92,2,48,85,386.1,129.6,256.4,148.6,1159.4
2023-06-04T07:00,28.8,79,24.7,33.8,1.20,99,13,96,86,381.9,169.1,212.8,230.7,974.8
2023-06-04T08:00,28.6,78,24.4,33.4,0.10,96,5,50,92,258.4,110.7,147.6,199.3,738.4
2023-06-04T09:00,27.8,82,24.4,32.4,0.10,100,4,100,76,90.2,12.3,77.9,35.2,466.4
2023-06-04T10:00,26.9,86,24.3,31.7,0.60,100,7,100,38,30.2,6.0,24.2,45.4,177.2
2023-06-04T11:00,26.0,90,24.2,30.5,5.60,100,2,100,100,0.0,0.0,0.0,0.0,0.0
2023-06-04T12:00,26.0,89,24.0,30.7,3.20,100,0,85,67,0.0,0.0,0.0,0.0,0.0
2023-06-04T13:00,26.2,88,24.0,30.4,0.20,99,1,86,94,0.0,0.0,0.0,0.0,0.0
2023-06-04T14:00,25.9,90,24.1,30.4,0.40,100,0,100,100,0.0,0.0,0.0,0.0,0.0
2023-06-04T15:00,25.7,90,24.0,30.5,1.50,100,0,100,96,0.0,0.0,0.0,0.0,0.0
2023-06-04T16:00,25.7,91,24.1,30.6,0.60,100,2,100,99,0.0,0.0,0.0,0.0,0.0
2023-06-04T17:00,25.8,90,24.0,31.0,0.20,100,9,72,99,0.0,0.0,0.0,0.0,0.0
2023-06-04T18:00,25.3,93,24.1,30.9,0.00,100,3,42,100,0.0,0.0,0.0,0.0,0.0
2023-06-04T19:00,25.2,93,24.0,30.8,0.00,100,1,73,100,0.0,0.0,0.0,0.0,0.0
2023-06-04T20:00,25.4,93,24.2,31.1,0.00,100,12,73,100,0.0,0.0,0.0,0.0,0.0
2023-06-04T21:00,26.0,89,24.0,31.8,0.00,100,7,88,100,0.0,0.0,0.0,0.0,0.0
2023-06-04T22:00,26.0,89,24.0,31.7,0.00,100,0,26,100,54.4,15.2,39.2,80.1,252.5
2023-06-04T23:00,26.6,82,23.3,31.7,0.00,100,6,13,100,232.3,118.2,114.1,291.4,539.0
2023-06-05T00:00,27.4,79,23.4,32.9,0.00,100,5,2,94,460.2,306.4,153.8,506.9,803.4
2023-06-05T01:00,29.0,80,25.2,35.6,0.00,68,13,1,62,659.4,491.7,167.6,635.9,1027.8
2023-06-05T02:00,30.1,76,25.3,36.9,0.40,33,28,25,0,746.5,577.3,169.2,641.1,1196.7
2023-06-05T03:00,30.2,78,25.9,37.9,0.10,100,58,8,100,856.8,654.7,202.0,670.0,1298.8
2023-06-05T04:00,30.5,76,25.8,37.3,0.00,85,34,25,70,667.9,411.4,256.5,412.0,1327.1
2023-06-05T05:00,31.0,74,25.8,38.8,0.10,82,3,8,80,781.7,562.8,218.9,584.5,1279.7
2023-06-05T06:00,31.2,69,24.9,38.4,0.10,50,8,19,34,735.3,550.8,184.5,631.2,1159.7
2023-06-05T07:00,31.1,69,24.7,37.5,0.10,100,19,13,100,594.8,440.2,154.6,599.8,975.5
2023-06-05T08:00,30.5,68,23.9,35.8,2.40,100,42,20,100,456.0,336.6,119.4,604.9,739.5
2023-06-05T09:00,29.6,73,24.4,35.3,0.10,99,18,26,98,218.5,142.1,76.4,403.6,467.8
2023-06-05T10:00,27.9,82,24.6,33.3,0.10,59,22,13,41,54.7,14.9,39.8,110.7,179.0
2023-06-05T11:00,26.7,87,24.3,32.1,0.00,35,11,25,6,0.0,0.0,0.0,0.0,0.0
2023-06-05T12:00,27.4,81,23.9,32.4,0.00,41,5,33,10,0.0,0.0,0.0,0.0,0.0
2023-06-05T13:00,27.1,82,23.8,32.4,0.00,20,1,19,1,0.0,0.0,0.0,0.0,0.0
2023-06-05T14:00,26.4,87,24.1,32.1,0.00,39,0,3,37,0.0,0.0,0.0,0.0,0.0
2023-06-05T15:00,25.6,91,24.1,31.2,0.00,77,0,18,72,0.0,0.0,0.0,0.0,0.0
2023-06-05T16:00,26.5,85,23.8,32.3,0.00,61,0,11,57,0.0,0.0,0.0,0.0,0.0
2023-06-05T17:00,25.6,88,23.6,31.1,0.00,60,0,15,54,0.0,0.0,0.0,0.0,0.0
2023-06-05T18:00,25.2,89,23.3,30.3,0.00,88,0,4,88,0.0,0.0,0.0,0.0,0.0
2023-06-05T19:00,26.2,84,23.3,31.5,0.00,10,0,1,9,0.0,0.0,0.0,0.0,0.0
2023-06-05T20:00,25.7,85,23.0,30.8,0.00,35,0,2,34,0.0,0.0,0.0,0.0,0.0
2023-06-05T21:00,24.6,90,22.9,29.5,0.00,12,0,3,9,0.0,0.0,0.0,0.0,0.0
2023-06-05T22:00,25.4,89,23.5,30.9,0.00,19,0,1,18,91.4,43.5,47.9,228.8,252.6
2023-06-05T23:00,26.6,86,24.1,32.7,0.00,0,0,0,0,286.6,194.2,92.3,478.9,538.9
2023-06-06T00:00,28.8,76,24.2,34.2,0.00,10,4,0,9,498.4,383.9,114.5,635.2,803.1
2023-06-06T01:00,30.1,72,24.6,34.8,0.00,22,21,1,0,663.9,519.7,144.2,672.2,1027.3
2023-06-06T02:00,30.9,69,24.7,36.3,0.00,7,7,3,0,761.5,598.7,162.8,665.0,1196.2
2023-06-06T03:00,31.6,66,24.5,37.4,0.00,8,8,2,0,886.9,736.6,150.2,753.8,1298.4
2023-06-06T04:00,31.8,64,24.2,37.6,0.20,22,19,11,0,917.5,764.6,152.9,765.6,1326.9
2023-06-06T05:00,31.7,64,24.0,37.3,0.60,44,29,30,1,831.6,644.0,187.6,668.6,1279.7
2023-06-06T06:00,31.8,66,24.6,37.1,0.00,13,12,4,0,602.9,403.2,199.7,461.8,1160.0
2023-06-06T07:00,31.7,65,24.4,37.4,0.30,29,12,19,0,654.1,534.9,119.2,728.1,976.1
2023-06-06T08:00,30.2,71,24.3,34.9,0.60,26,16,14,0,397.7,276.6,121.1,496.3,740.5
2023-06-06T09:00,29.6,75,24.7,34.5,0.00,13,10,6,1,231.1,145.3,85.8,411.4,469.2
2023-06-06T10:00,28.9,80,25.1,34.9,0.00,14,5,2,9,85.5,52.7,32.7,387.6,180.7
2023-06-06T11:00,27.4,86,24.9,33.5,0.00,8,4,2,2,0.0,0.0,0.0,0.0,0.0
2023-06-06T12:00,27.0,86,24.6,32.9,0.00,73,2,0,97,0.0,0.0,0.0,0.0,0.0
2023-06-06T13:00,26.9,87,24.5,32.8,0.00,100,0,0,100,0.0,0.0,0.0,0.0,0.0
2023-06-06T14:00,26.3,89,24.4,32.0,0.00,100,0,1,100,0.0,0.0,0.0,0.0,0.0
2023-06-06T15:00,27.3,82,23.9,33.2,0.00,100,5,8,100,0.0,0.0,0.0,0.0,0.0
2023-06-06T16:00,26.2,88,24.0,32.0,0.00,100,0,6,100,0.0,0.0,0.0,0.0,0.0
2023-06-06T17:00,25.6,91,23.9,31.1,0.00,100,0,22,100,0.0,0.0,0.0,0.0,0.0
2023-06-06T18:00,25.5,90,23.7,30.9,0.00,100,0,2,100,0.0,0.0,0.0,0.0,0.0
2023-06-06T19:00,25.1,91,23.6,30.5,0.00,100,0,10,100,0.0,0.0,0.0,0.0,0.0
2023-06-06T20:00,24.7,94,23.6,30.2,0.00,100,0,10,100,0.0,0.0,0.0,0.0,0.0
2023-06-06T21:00,24.4,95,23.5,29.8,0.00,95,0,1,95,0.0,0.0,0.0,0.0,0.0
2023-06-06T22:00,25.5,93,24.2,31.3,0.00,79,0,1,79,87.0,30.5,56.6,160.1,252.7
2023-06-06T23:00,27.7,85,25.0,34.4,0.00,100,0,0,100,259.3,131.7,127.6,324.8,538.6
2023-06-07T00:00,29.7,72,24.0,35.3,0.00,99,0,0,99,457.8,288.5,169.3,477.5,802.7
2023-06-07T01:00,30.9,67,24.1,36.9,0.00,71,3,0,70,657.2,483.9,173.2,626.1,1026.8
2023-06-07T02:00,32.0,63,24.1,38.7,0.00,43,28,0,21,760.5,593.4,167.1,659.2,1195.7
2023-06-07T03:00,32.7,60,23.8,40.1,0.00,23,17,6,5,868.3,667.2,201.0,682.8,1298.0
2023-06-07T04:00,32.5,60,23.8,38.7,0.00,56,23,9,41,817.9,634.8,183.1,635.6,1326.6
2023-06-07T05:00,30.9,69,24.6,36.9,0.60,70,56,38,15,760.3,503.3,257.0,522.4,1279.7
2023-06-07T06:00,30.3,72,24.7,37.1,0.50,57,27,33,16,680.6,481.8,198.8,551.6,1160.4
2023-06-07T07:00,30.0,72,24.5,36.1,0.10,43,9,8,32,352.1,132.9,219.3,180.7,976.8
2023-06-07T08:00,30.1,72,24.6,36.0,0.10,74,22,16,63,434.8,303.4,131.5,543.4,741.5
2023-06-07T09:00,28.3,80,24.5,33.9,1.60,100,38,4,100,182.6,97.5,85.1,275.1,470.6
2023-06-07T10:00,27.9,82,24.5,33.9,0.00,89,14,11,86,73.6,25.1,48.5,182.7,182.4
2023-06-07T11:00,27.6,82,24.1,33.6,0.00,100,4,15,100,0.0,0.0,0.0,0.0,0.0
2023-06-07T12:00,27.0,87,24.7,33.4,0.00,100,0,23,62,0.0,0.0,0.0,0.0,0.0
2023-06-07T13:00,26.5,90,24.8,32.7,0.00,67,1,8,64,0.0,0.0,0.0,0.0,0.0
2023-06-07T14:00,27.2,83,24.1,33.0,0.00,98,5,4,97,0.0,0.0,0.0,0.0,0.0
2023-06-07T15:00,25.9,90,24.2,31.8,0.00,99,3,4,99,0.0,0.0,0.0,0.0,0.0
2023-06-07T16:00,26.0,91,24.3,31.9,0.00,100,3,12,100,0.0,0.0,0.0,0.0,0.0
2023-06-07T17:00,26.0,91,24.5,32.1,0.00,100,1,32,100,0.0,0.0,0.0,0.0,0.0
2023-06-07T18:00,25.7,92,24.2,31.6,0.00,100,0,9,100,0.0,0.0,0.0,0.0,0.0
2023-06-07T19:00,25.6,92,24.2,31.2,0.00,100,0,8,100,0.0,0.0,0.0,0.0,0.0
2023-06-07T20:00,25.0,94,24.0,30.6,0.00,100,0,1,100,0.0,0.0,0.0,0.0,0.0
2023-06-07T21:00,25.3,92,23.9,31.1,0.00,100,0,2,100,0.0,0.0,0.0,0.0,0.0
2023-06-07T22:00,26.6,87,24.4,32.7,0.00,14,0,3,11,80.5,21.8,58.7,114.3,252.6
2023-06-07T23:00,27.8,81,24.3,33.8,0.00,71,0,0,71,279.7,181.9,97.8,448.8,538.3
2023-06-08T00:00,28.6,76,24.0,34.4,0.00,100,0,2,94,490.0,366.0,124.0,605.9,802.2
2023-06-08T01:00,29.8,73,24.3,35.3,0.00,71,2,61,41,556.6,287.2,269.4,371.7,1026.2
2023-06-08T02:00,30.5,71,24.7,35.9,0.00,87,2,36,80,636.2,309.6,326.7,343.9,1195.2
2023-06-08T03:00,30.9,68,24.2,35.6,0.00,94,3,88,52,650.7,340.9,309.8,348.9,1297.6
2023-06-08T04:00,31.3,67,24.5,36.4,0.00,66,8,18,56,660.0,370.3,289.8,370.7,1326.4
2023-06-08T05:00,32.3,65,24.8,38.8,0.10,52,17,42,6,895.3,745.8,149.5,773.9,1279.7
2023-06-08T06:00,31.2,69,24.8,36.7,0.70,61,27,45,16,629.6,395.7,233.9,452.8,1160.7
2023-06-08T07:00,29.2,77,24.7,35.2,4.50,100,100,29,100,352.2,182.0,170.2,247.3,977.5
2023-06-08T08:00,29.3,77,24.9,35.7,0.40,100,65,20,100,201.2,44.7,156.5,79.9,742.5
2023-06-08T09:00,29.2,78,25.1,35.5,0.10,100,26,34,100,178.9,51.9,127.0,146.0,471.9
2023-06-08T10:00,28.3,82,25.0,34.7,0.00,100,30,74,100,54.3,10.1,44.2,72.7,184.0
2023-06-08T11:00,27.3,89,25.4,33.9,0.00,100,7,15,100,0.0,0.0,0.0,0.0,0.0
2023-06-08T12:00,26.6,92,25.2,33.1,0.00,100,1,11,100,0.0,0.0,0.0,0.0,0.0
2023-06-08T13:00,26.5,93,25.3,32.9,0.00,100,4,68,100,0.0,0.0,0.0,0.0,0.0
2023-06-08T14:00,26.8,93,25.5,33.5,1.90,100,4,99,100,0.0,0.0,0.0,0.0,0.0
2023-06-08T15:00,26.7,91,25.2,33.1,0.40,100,4,100,100,0.0,0.0,0.0,0.0,0.0
2023-06-08T16:00,26.4,91,24.8,32.4,0.00,100,11,55,100,0.0,0.0,0.0,0.0,0.0
2023-06-08T17:00,25.9,94,24.8,31.9,0.00,100,21,30,100,0.0,0.0,0.0,0.0,0.0
2023-06-08T18:00,25.6,95,24.8,31.7,0.00,100,3,2,100,0.0,0.0,0.0,0.0,0.0
2023-06-08T19:00,25.7,94,24.7,31.8,0.30,100,4,5,100,0.0,0.0,0.0,0.0,0.0
2023-06-08T20:00,25.4,96,24.8,31.7,0.20,100,7,11,100,0.0,0.0,0.0,0.0,0.0
2023-06-08T21:00,25.3,96,24.6,31.5,0.00,100,17,3,100,0.0,0.0,0.0,0.0,0.0
2023-06-08T22:00,25.7,94,24.6,32.1,0.10,100,100,28,100,56.6,6.5,50.0,34.3,252.5
2023-06-08T23:00,26.0,93,24.8,32.0,0.30,100,100,15,100,92.3,0.0,92.3,0.0,538.0
2023-06-09T00:00,26.3,93,25.1,32.1,0.30,100,100,37,100,162.1,4.8,157.4,7.9,801.7
2023-06-09T01:00,28.9,82,25.5,35.1,0.00,47,19,2,33,563.3,366.6,196.7,474.5,1025.7
2023-06-09T02:00,30.0,79,25.9,37.1,0.40,100,100,15,79,750.9,530.2,220.7,589.3,1194.6
2023-06-09T03:00,27.2,84,24.2,31.0,16.20,100,81,100,100,477.7,122.3,355.4,125.1,1297.1
2023-06-09T04:00,26.8,88,24.6,32.0,1.00,99,23,89,98,54.3,0.0,54.3,0.0,1326.2
2023-06-09T05:00,27.1,88,24.9,32.2,0.30,96,13,87,86,261.0,34.2,226.8,35.5,1279.7
2023-06-09T06:00,27.9,84,24.8,33.1,0.40,78,35,7,66,362.7,87.1,275.5,99.6,1161.0
2023-06-09T07:00,28.3,80,24.5,33.9,0.70,97,22,93,56,434.2,209.4,224.9,284.2,978.2
2023-06-09T08:00,27.6,83,24.4,33.2,0.10,100,18,75,100,186.6,40.4,146.2,72.2,743.6
2023-06-09T09:00,27.7,84,24.7,33.4,0.00,100,15,28,100,149.6,31.0,118.6,87.0,473.3
2023-06-09T10:00,27.4,87,24.9,33.7,0.00,100,21,30,100,51.2,4.5,46.7,32.2,185.7
2023-06-09T11:00,27.4,82,24.2,33.4,0.00,100,24,8,100,0.0,0.0,0.0,0.0,0.0
2023-06-09T12:00,25.8,93,24.5,31.5,0.10,100,21,26,100,0.0,0.0,0.0,0.0,0.0
2023-06-09T13:00,25.9,95,25.0,31.8,0.30,100,3,100,92,0.0,0.0,0.0,0.0,0.0
2023-06-09T14:00,25.8,94,24.7,32.3,2.40,100,6,100,100,0.0,0.0,0.0,0.0,0.0
2023-06-09T15:00,25.3,97,24.8,31.6,0.70,100,21,72,100,0.0,0.0,0.0,0.0,0.0
2023-06-09T16:00,25.1,98,24.8,31.3,0.70,100,8,95,100,0.0,0.0,0.0,0.0,0.0
2023-06-09T17:00,25.1,97,24.6,31.2,1.20,100,2,100,100,0.0,0.0,0.0,0.0,0.0
2023-06-09T18:00,25.0,96,24.3,30.9,0.80,100,0,88,100,0.0,0.0,0.0,0.0,0.0
2023-06-09T19:00,24.9,95,24.1,30.7,0.40,100,0,11,100,0.0,0.0,0.0,0.0,0.0
2023-06-09T20:00,24.6,93,23.4,29.9,0.00,100,0,70,100,0.0,0.0,0.0,0.0,0.0
2023-06-09T21:00,24.5,94,23.4,29.8,0.00,100,0,100,100,0.0,0.0,0.0,0.0,0.0
2023-06-09T22:00,24.6,96,24.0,30.4,0.00,100,0,99,100,21.8,0.0,21.8,0.0,252.2
2023-06-09T23:00,24.9,93,23.7,30.5,0.00,100,0,5,100,57.0,0.0,57.0,0.0,537.5
2023-06-10T00:00,28.0,81,24.4,34.1,0.00,100,0,2,100,234.9,26.2,208.7,43.5,801.1
2023-06-10T01:00,28.5,78,24.3,33.8,0.00,100,21,52,100,384.5,97.2,287.3,125.9,1025.0
2023-06-10T02:00,28.4,79,24.3,33.6,0.10,99,40,32,97,563.5,243.2,320.3,270.3,1194.1
2023-06-10T03:00,28.2,78,24.1,33.4,0.20,100,34,39,100,476.7,188.6,288.1,193.1,1296.7
2023-06-10T04:00,28.7,80,24.8,34.7,0.30,100,38,17,99,498.1,107.7,390.5,107.8,1325.9
2023-06-10T05:00,29.6,77,25.2,36.7,0.30,100,13,36,100,677.5,305.0,372.5,316.3,1279.8
2023-06-10T06:00,26.6,84,23.7,30.4,15.80,100,62,100,100,353.2,52.1,301.2,59.5,1161.4
2023-06-10T07:00,26.2,89,24.3,31.9,0.90,100,100,100,100,167.5,22.8,144.8,30.9,978.9
2023-06-10T08:00,26.2,90,24.5,31.9,0.50,100,100,100,100,196.2,15.5,180.7,27.6,744.6
2023-06-10T09:00,25.6,91,24.1,31.5,2.20,100,100,100,100,43.4,0.0,43.4,0.0,474.6
2023-06-10T10:00,25.7,90,23.9,31.6,0.30,100,51,48,100,26.0,2.3,23.7,16.0,187.3
2023-06-10T11:00,25.1,93,24.0,30.6,0.30,100,3,63,100,0.0,0.0,0.0,0.0,0.0
2023-06-10T12:00,25.1,96,24.4,31.2,0.00,100,50,100,100,0.0,0.0,0.0,0.0,0.0
2023-06-10T13:00,25.1,93,23.9,30.7,2.30,100,0,13,100,0.0,0.0,0.0,0.0,0.0
2023-06-10T14:00,25.0,94,24.0,30.4,1.10,100,10,21,100,0.0,0.0,0.0,0.0,0.0
2023-06-10T15:00,24.9,94,23.8,30.1,0.30,100,0,25,100,0.0,0.0,0.0,0.0,0.0
2023-06-10T16:00,24.6,94,23.6,29.6,0.00,99,0,16,99,0.0,0.0,0.0,0.0,0.0
2023-06-10T17:00,24.5,95,23.7,29.4,0.00,99,2,68,97,0.0,0.0,0.0,0.0,0.0
2023-06-10T18:00,24.5,96,23.8,29.9,1.10,98,4,97,33,0.0,0.0,0.0,0.0,0.0
2023-06-10T19:00,24.3,98,23.9,30.0,0.80,76,0,72,17,0.0,0.0,0.0,0.0,0.0
2023-06-10T20:00,24.0,98,23.6,29.6,0.20,94,9,88,53,0.0,0.0,0.0,0.0,0.0
2023-06-10T21:00,24.0,99,23.8,29.5,0.30,96,14,93,37,0.0,0.0,0.0,0.0,0.0
2023-06-10T22:00,24.3,98,23.9,30.2,0.30,98,19,95,52,41.3,8.7,32.6,45.9,251.9
2023-06-10T23:00,24.6,97,24.0,30.6,0.40,92,27,69,71,88.3,8.1,80.1,20.1,537.0
2023-06-11T00:00,26.1,90,24.4,31.1,0.20,99,59,53,95,239.7,47.7,192.0,79.1,800.4
2023-06-11T01:00,26.6,88,24.4,31.2,0.10,94,49,82,37,286.2,30.2,256.0,39.1,1024.3
2023-06-11T02:00,28.1,81,24.6,33.2,0.20,91,37,71,52,521.7,152.1,369.6,169.2,1193.5
2023-06-11T03:00,28.5,82,25.1,34.4,1.00,100,14,100,90,470.5,116.1,354.4,118.8,1296.2
2023-06-11T04:00,27.1,87,24.7,32.8,6.60,100,41,100,100,207.3,0.0,207.3,0.0,1325.7
2023-06-11T05:00,26.5,88,24.3,31.9,6.10,100,40,100,100,87.0,0.0,87.0,0.0,1279.8
2023-06-11T06:00,26.5,84,23.6,32.1,2.00,100,40,100,100,108.9,0.0,108.9,0.0,1161.8
2023-06-11T07:00,26.2,90,24.3,31.6,1.50,100,7,100,99,185.8,20.0,165.8,27.1,979.6
2023-06-11T08:00,25.6,93,24.4,31.4,2.40,100,0,100,100,87.8,0.0,87.8,0.0,745.7
2023-06-11T09:00,25.4,94,24.3,31.2,2.50,100,1,100,100,43.5,0.0,43.5,0.0,476.0
2023-06-11T10:00,25.4,94,24.3,31.3,0.80,100,0,100,100,24.9,0.6,24.4,4.0,188.9
2023-06-11T11:00,25.4,92,24.0,31.4,1.40,100,0,100,100,0.0,0.0,0.0,0.0,0.0
2023-06-11T12:00,25.6,95,24.7,31.3,2.90,100,1,50,48,0.0,0.0,0.0,0.0,0.0
2023-06-11T13:00,25.6,94,24.6,31.1,0.00,97,0,7,97,0.0,0.0,0.0,0.0,0.0
2023-06-11T14:00,25.3,94,24.3,30.2,0.00,100,0,27,99,0.0,0.0,0.0,0.0,0.0
2023-06-11T15:00,25.2,93,24.1,29.9,0.00,99,7,20,98,0.0,0.0,0.0,0.0,0.0
2023-06-11T16:00,25.2,93,23.9,29.6,0.30,91,10,86,38,0.0,0.0,0.0,0.0,0.0
2023-06-11T17:00,25.1,92,23.8,29.2,0.30,100,30,100,12,0.0,0.0,0.0,0.0,0.0
2023-06-11T18:00,24.8,94,23.7,29.1,2.40,100,18,100,51,0.0,0.0,0.0,0.0,0.0
2023-06-11T19:00,24.9,94,23.8,29.3,0.50,95,1,85,71,0.0,0.0,0.0,0.0,0.0
2023-06-11T20:00,24.8,94,23.9,29.5,0.20,100,37,94,96,0.0,0.0,0.0,0.0,0.0
2023-06-11T21:00,24.8,94,23.8,29.4,0.20,100,40,52,100,0.0,0.0,0.0,0.0,0.0
2023-06-11T22:00,24.6,95,23.8,29.1,0.30,100,77,99,100,41.3,0.0,41.3,0.0,251.4
2023-06-11T23:00,24.9,95,24.0,30.0,0.80,100,100,100,100,76.1,14.9,61.1,37.0,536.3
2023-06-12T00:00,26.2,87,23.8,30.7,1.00,100,21,73,5,97.8,0.0,97.8,0.0,799.7
2023-06-12T01:00,25.5,84,22.7,28.9,0.00,88,1,88,4,353.3,125.2,228.1,162.3,1023.6
2023-06-12T02:00,26.0,79,22.0,28.7,0.00,99,14,98,32,498.2,208.9,289.3,232.4,1192.8
2023-06-12T03:00,26.9,72,21.4,29.6,0.00,96,7,83,78,567.0,190.7,376.2,195.3,1295.8
2023-06-12T04:00,27.6,74,22.6,31.6,0.30,97,5,79,87,583.8,248.6,335.2,248.8,1325.5
2023-06-12T05:00,28.5,74,23.3,33.4,0.20,62,6,44,31,623.9,235.7,388.2,244.3,1279.9
2023-06-12T06:00,29.1,67,22.3,33.9,0.00,100,4,100,94,651.8,363.8,288.0,415.2,1162.2
2023-06-12T07:00,27.6,68,21.1,30.8,0.00,100,3,84,100,165.8,0.0,165.8,0.0,980.3
2023-06-12T08:00,25.7,64,18.3,26.7,0.00,100,6,76,100,225.6,35.3,190.3,62.7,746.7
2023-06-12T09:00,24.2,76,19.7,26.9,1.40,100,98,96,98,144.5,42.7,101.8,118.8,477.3
2023-06-12T10:00,23.6,84,20.6,26.6,1.80,100,0,89,99,18.8,0.0,18.8,0.0,190.4
2023-06-12T11:00,23.7,86,21.2,27.0,0.40,100,0,87,100,0.0,0.0,0.0,0.0,0.0
2023-06-12T12:00,24.7,75,20.1,27.1,0.20,100,9,100,100,0.0,0.0,0.0,0.0,0.0
2023-06-12T13:00,24.8,72,19.3,26.5,0.00,100,0,78,100,0.0,0.0,0.0,0.0,0.0
2023-06-12T14:00,24.3,75,19.6,26.3,0.00,100,0,98,100,0.0,0.0,0.0,0.0,0.0
2023-06-12T15:00,24.1,79,20.3,26.9,0.00,100,0,79,100,0.0,0.0,0.0,0.0,0.0
2023-06-12T16:00,23.7,82,20.4,26.4,0.00,100,0,28,100,0.0,0.0,0.0,0.0,0.0
2023-06-12T17:00,23.3,82,20.0,25.7,0.00,100,0,46,100,0.0,0.0,0.0,0.0,0.0
2023-06-12T18:00,23.0,85,20.4,26.4,0.00,100,0,100,100,0.0,0.0,0.0,0.0,0.0
2023-06-12T19:00,23.7,83,20.7,27.6,0.00,100,1,100,100,0.0,0.0,0.0,0.0,0.0
2023-06-12T20:00,23.4,90,21.6,27.7,0.00,100,0,52,100,0.0,0.0,0.0,0.0,0.0
2023-06-12T21:00,23.5,84,20.7,27.2,0.00,100,1,13,100,0.0,0.0,0.0,0.0,0.0
2023-06-12T22:00,23.8,85,21.1,27.7,0.00,100,12,25,100,78.4,19.6,58.8,103.6,250.9
2023-06-12T23:00,25.2,79,21.2,29.2,0.00,100,16,8,100,241.8,101.9,139.9,252.3,535.6
2023-06-13T00:00,27.0,77,22.7,31.1,0.00,100,0,0,100,456.8,275.5,181.3,457.4,799.0
2023-06-13T01:00,28.6,73,23.2,33.1,0.00,100,9,2,100,607.1,364.5,242.6,472.6,1022.9
2023-06-13T02:00,29.3,69,23.0,34.2,0.00,100,78,1,100,657.9,342.9,315.0,381.5,1192.2
2023-06-13T03:00,29.6,70,23.5,35.7,0.10,100,34,21,100,721.5,320.3,401.2,328.0,1295.3
2023-06-13T04:00,30.1,69,23.8,36.9,0.30,100,23,17,100,754.0,360.4,393.6,360.7,1325.3
2023-06-13T05:00,30.9,64,23.2,37.9,0.00,100,44,20,100,801.9,488.0,313.9,505.7,1280.0
2023-06-13T06:00,31.1,64,23.6,37.9,0.10,100,16,22,100,716.3,447.2,269.1,510.2,1162.6
2023-06-13T07:00,30.6,66,23.4,36.1,0.00,100,37,30,100,548.5,330.7,217.8,447.2,981.1
2023-06-13T08:00,30.0,69,23.7,35.3,0.00,100,13,11,100,449.6,315.3,134.4,559.2,747.8
2023-06-13T09:00,29.0,75,24.0,34.2,0.00,100,25,19,100,242.6,126.8,115.9,351.2,478.6
2023-06-13T10:00,27.4,82,24.0,32.0,0.00,100,20,9,100,76.0,26.3,49.7,181.6,192.0
2023-06-13T11:00,25.8,86,23.3,29.9,0.00,100,3,3,100,0.0,0.0,0.0,0.0,0.0
2023-06-13T12:00,25.9,86,23.4,29.9,0.00,100,0,5,100,0.0,0.0,0.0,0.0,0.0
2023-06-13T13:00,25.8,87,23.4,29.7,0.00,100,0,0,100,0.0,0.0,0.0,0.0,0.0
2023-06-13T14:00,25.4,88,23.3,29.3,0.00,100,1,0,100,0.0,0.0,0.0,0.0,0.0
2023-06-13T15:00,25.3,88,23.3,29.2,0.00,100,0,28,100,0.0,0.0,0.0,0.0,0.0
2023-06-13T16:00,25.4,88,23.3,29.6,0.00,100,0,23,100,0.0,0.0,0.0,0.0,0.0
2023-06-13T17:00,25.0,91,23.4,30.0,0.00,100,2,27,100,0.0,0.0,0.0,0.0,0.0
2023-06-13T18:00,24.9,92,23.5,30.1,0.00,100,14,40,100,0.0,0.0,0.0,0.0,0.0
2023-06-13T19:00,25.5,89,23.6,31.0,0.00,100,14,37,99,0.0,0.0,0.0,0.0,0.0
2023-06-13T20:00,24.8,92,23.5,30.4,0.00,100,13,77,100,0.0,0.0,0.0,0.0,0.0
2023-06-13T21:00,24.4,93,23.2,29.7,0.00,100,5,24,100,0.0,0.0,0.0,0.0,0.0
2023-06-13T22:00,25.3,91,23.7,30.6,0.00,91,7,23,90,58.8,17.4,41.4,92.3,250.3
2023-06-13T23:00,26.5,84,23.6,32.2,0.00,98,19,91,88,210.7,84.3,126.4,208.9,534.9
2023-06-14T00:00,27.4,79,23.5,33.0,0.00,49,63,96,72,287.5,106.2,181.3,176.4,798.2
2023-06-14T01:00,28.0,78,23.7,33.5,0.20,100,70,100,96,401.4,197.9,203.5,256.8,1022.1
2023-06-14T02:00,28.4,75,23.5,33.8,0.20,100,31,100,72,344.0,31.1,312.9,34.6,1191.5
2023-06-14T03:00,28.8,75,23.9,34.6,0.10,97,18,67,90,430.2,106.8,323.4,109.4,1294.8
2023-06-14T04:00,29.6,73,24.1,36.5,0.20,61,17,45,23,708.7,322.2,386.6,322.4,1325.1
2023-06-14T05:00,29.8,72,24.1,36.3,0.10,100,100,34,24,741.4,548.7,192.7,568.4,1280.1
2023-06-14T06:00,29.9,70,23.8,35.7,0.10,92,25,55,86,685.1,457.7,227.4,521.9,1163.0
2023-06-14T07:00,28.7,74,23.5,33.1,0.00,100,100,50,81,336.3,85.7,250.6,115.7,981.8
2023-06-14T08:00,28.5,74,23.5,33.0,0.10,97,10,69,90,373.1,212.8,160.3,376.9,748.8
2023-06-14T09:00,27.8,77,23.4,32.5,0.00,100,16,56,100,205.5,99.6,105.8,275.2,479.9
2023-06-14T10:00,27.0,80,23.4,31.8,0.00,100,11,65,100,50.5,11.5,39.0,78.6,193.5
2023-06-14T11:00,26.1,86,23.6,31.5,0.10,100,37,100,100,0.0,0.0,0.0,0.0,0.0
2023-06-14T12:00,25.7,86,23.3,30.8,1.30,100,6,100,75,0.0,0.0,0.0,0.0,0.0
2023-06-14T13:00,25.7,86,23.1,30.5,0.00,95,2,82,74,0.0,0.0,0.0,0.0,0.0
2023-06-14T14:00,25.1,87,22.9,29.6,0.00,100,1,94,99,0.0,0.0,0.0,0.0,0.0
2023-06-14T15:00,24.7,89,22.8,29.4,0.00,100,1,92,100,0.0,0.0,0.0,0.0,0.0
2023-06-14T16:00,24.9,89,22.9,29.5,0.00,49,1,27,29,0.0,0.0,0.0,0.0,0.0
2023-06-14T17:00,24.3,90,22.6,28.6,0.00,89,0,40,82,0.0,0.0,0.0,0.0,0.0
2023-06-14T18:00,24.4,90,22.7,28.9,0.00,100,3,69,100,0.0,0.0,0.0,0.0,0.0
2023-06-14T19:00,24.1,93,22.9,29.0,0.00,100,12,59,100,0.0,0.0,0.0,0.0,0.0
2023-06-14T20:00,25.0,87,22.7,30.1,0.00,100,56,95,100,0.0,0.0,0.0,0.0,0.0
2023-06-14T21:00,24.3,92,23.0,29.4,0.30,100,100,100,100,0.0,0.0,0.0,0.0,0.0
2023-06-14T22:00,24.6,91,23.0,29.6,1.20,100,62,100,97,13.1,0.0,13.1,0.0,249.6
2023-06-14T23:00,24.9,91,23.3,29.7,0.30,100,90,100,100,42.2,0.0,42.2,0.0,534.1
2023-06-15T00:00,25.1,85,22.4,29.0,0.10,100,32,59,89,130.1,4.8,125.3,7.9,797.3
2023-06-15T01:00,26.1,77,21.9,29.4,0.00,43,4,30,18,400.4,102.9,297.5,133.6,1021.3
2023-06-15T02:00,27.8,72,22.2,31.7,0.00,53,0,41,20,722.3,458.7,263.6,510.7,1190.9
2023-06-15T03:00,28.9,68,22.4,33.0,0.00,83,29,35,66,768.2,429.2,339.0,439.7,1294.4
2023-06-15T04:00,29.0,67,22.3,32.0,0.00,100,100,34,2,628.3,300.0,328.2,300.3,1324.8
2023-06-15T05:00,28.0,74,22.9,30.8,0.00,69,63,19,3,497.9,165.3,332.6,171.2,1280.2
2023-06-15T06:00,27.7,74,22.6,30.3,0.00,100,67,100,40,477.7,214.2,263.5,244.1,1163.4
2023-06-15T07:00,27.2,75,22.4,29.6,0.00,93,24,89,16,309.0,28.3,280.8,38.1,982.5
2023-06-15T08:00,26.9,77,22.4,29.4,0.00,61,35,33,30,256.9,57.8,199.1,102.1,749.9
2023-06-15T09:00,26.4,78,22.3,28.6,0.00,50,18,39,0,207.2,88.8,118.4,244.6,481.2
2023-06-15T10:00,25.6,81,22.1,28.1,0.00,61,14,54,2,58.7,20.1,38.6,137.0,195.0
2023-06-15T11:00,24.9,84,22.0,27.6,0.00,93,0,31,90,0.0,0.0,0.0,0.0,0.0
2023-06-15T12:00,24.3,86,21.8,27.0,0.00,100,81,69,78,0.0,0.0,0.0,0.0,0.0
2023-06-15T13:00,24.6,86,22.1,27.4,0.10,98,79,61,85,0.0,0.0,0.0,0.0,0.0
2023-06-15T14:00,24.6,86,22.2,27.9,0.10,100,69,84,99,0.0,0.0,0.0,0.0,0.0
2023-06-15T15:00,24.6,87,22.3,28.0,0.10,100,64,91,100,0.0,0.0,0.0,0.0,0.0
2023-06-15T16:00,24.6,88,22.6,27.9,1.20,100,12,100,100,0.0,0.0,0.0,0.0,0.0
2023-06-15T17:00,24.5,93,23.3,28.8,1.30,100,33,100,98,0.0,0.0,0.0,0.0,0.0
2023-06-15T18:00,24.6,94,23.6,30.0,0.20,100,20,99,99,0.0,0.0,0.0,0.0,0.0
2023-06-15T19:00,24.4,96,23.8,30.1,0.10,100,9,100,98,0.0,0.0,0.0,0.0,0.0
2023-06-15T20:00,24.4,96,23.7,30.0,0.00,100,8,100,99,0.0,0.0,0.0,0.0,0.0
2023-06-15T21:00,24.9,88,22.9,30.2,0.00,100,15,100,100,0.0,0.0,0.0,0.0,0.0
2023-06-15T22:00,24.8,89,22.9,29.9,0.00,100,3,91,100,58.8,19.6,39.2,104.4,248.8
2023-06-15T23:00,25.1,89,23.2,30.6,0.00,100,3,78,100,138.8,19.0,119.7,47.3,533.2
2023-06-16T00:00,26.6,88,24.5,32.6,0.00,100,8,58,100,315.1,158.7,156.3,264.2,796.4
2023-06-16T01:00,27.7,85,24.9,34.0,0.00,100,5,100,100,335.5,61.5,274.0,79.9,1020.5
2023-06-16T02:00,28.7,81,25.1,35.5,0.00,100,17,89,100,435.2,80.4,354.8,89.5,1190.2
2023-06-16T03:00,28.8,79,24.9,34.7,2.00,100,41,35,100,438.6,63.2,375.3,64.8,1293.9
2023-06-16T04:00,28.5,77,24.1,34.2,1.40,100,47,43,100,337.3,38.3,299.1,38.3,1324.6
2023-06-16T05:00,27.4,86,24.8,32.7,0.10,100,38,57,100,297.4,8.8,288.6,9.1,1280.3
2023-06-16T06:00,28.0,82,24.6,33.4,0.50,100,46,79,100,399.1,110.9,288.2,126.3,1163.8
2023-06-16T07:00,27.9,83,24.7,33.0,0.20,100,41,60,100,263.5,29.2,234.3,39.3,983.3
2023-06-16T08:00,26.7,89,24.6,31.3,0.40,100,100,83,92,161.2,39.7,121.6,70.0,750.9
2023-06-16T09:00,25.8,90,24.1,30.4,1.10,100,58,100,100,86.5,3.9,82.6,10.7,482.5
2023-06-16T10:00,25.3,93,24.0,30.9,0.70,100,19,100,100,16.7,0.0,16.7,0.0,196.4
2023-06-16T11:00,25.2,93,23.9,31.2,2.60,100,13,71,100,0.0,0.0,0.0,0.0,0.0
2023-06-16T12:00,26.0,94,25.0,32.3,1.90,100,1,84,100,0.0,0.0,0.0,0.0,0.0
2023-06-16T13:00,25.9,95,25.1,32.2,0.50,100,1,100,100,0.0,0.0,0.0,0.0,0.0
2023-06-16T14:00,25.6,97,25.1,32.2,0.40,100,2,46,100,0.0,0.0,0.0,0.0,0.0
2023-06-16T15:00,25.4,97,24.9,31.8,0.10,100,0,100,100,0.0,0.0,0.0,0.0,0.0
2023-06-16T16:00,25.1,98,24.7,31.4,0.00,100,1,27,100,0.0,0.0,0.0,0.0,0.0
2023-06-16T17:00,25.1,97,24.6,31.1,0.00,100,0,36,100,0.0,0.0,0.0,0.0,0.0
2023-06-16T18:00,24.7,98,24.3,30.7,0.00,100,46,45,100,0.0,0.0,0.0,0.0,0.0
2023-06-16T19:00,24.6,97,24.1,30.4,0.00,100,15,31,100,0.0,0.0,0.0,0.0,0.0
2023-06-16T20:00,24.3,96,23.6,29.9,0.00,100,0,39,100,0.0,0.0,0.0,0.0,0.0
2023-06-16T21:00,24.2,97,23.6,29.6,0.00,100,6,93,100,0.0,0.0,0.0,0.0,0.0
2023-06-16T22:00,24.8,95,23.9,30.3,0.00,100,3,96,100,37.0,0.0,37.0,0.0,248.0
2023-06-16T23:00,25.6,94,24.5,31.3,0.00,100,1,23,100,147.0,12.2,134.7,30.5,532.3
2023-06-17T00:00,25.9,90,24.1,32.1,0.00,100,0,100,100,243.5,43.0,200.5,71.6,795.5
2023-06-17T01:00,26.3,89,24.2,32.3,0.70,100,0,64,100,181.2,17.9,163.3,23.3,1019.7
2023-06-17T02:00,26.4,88,24.3,32.6,0.50,100,1,47,100,203.7,3.2,200.5,3.6,1189.5
2023-06-17T03:00,26.8,87,24.4,32.9,0.10,100,0,12,100,264.4,12.4,252.0,12.8,1293.4
2023-06-17T04:00,27.4,84,24.4,33.2,0.00,100,17,64,100,329.3,10.1,319.2,10.1,1324.5
2023-06-17T05:00,27.5,81,24.0,33.4,0.40,100,4,14,100,255.4,2.0,253.4,2.0,1280.4
2023-06-17T06:00,28.3,80,24.5,34.2,0.10,100,5,76,100,385.9,55.0,330.9,62.6,1164.3
2023-06-17T07:00,28.3,79,24.3,33.9,0.00,100,13,98,100,231.6,14.6,217.0,19.7,984.0
2023-06-17T08:00,28.0,81,24.5,33.8,0.00,100,16,100,100,124.2,6.9,117.3,12.2,751.9
2023-06-17T09:00,27.7,83,24.6,33.6,0.00,100,2,100,100,75.7,0.8,74.9,2.1,483.7
2023-06-17T10:00,26.9,91,25.3,33.5,0.00,100,0,98,100,19.7,0.0,19.7,0.0,197.7
2023-06-17T11:00,27.1,86,24.5,33.3,0.00,100,0,94,100,0.0,0.0,0.0,0.0,0.0
2023-06-17T12:00,26.7,91,25.2,32.9,0.00,100,2,36,100,0.0,0.0,0.0,0.0,0.0
2023-06-17T13:00,26.4,94,25.4,32.8,0.00,100,1,53,100,0.0,0.0,0.0,0.0,0.0
2023-06-17T14:00,26.1,95,25.3,32.5,0.00,100,0,10,100,0.0,0.0,0.0,0.0,0.0
2023-06-17T15:00,26.1,93,24.8,32.0,0.00,100,2,100,93,0.0,0.0,0.0,0.0,0.0
2023-06-17T16:00,26.1,92,24.7,32.3,0.00,100,0,96,100,0.0,0.0,0.0,0.0,0.0
2023-06-17T17:00,25.7,93,24.6,31.6,0.00,100,0,100,99,0.0,0.0,0.0,0.0,0.0
2023-06-17T18:00,25.1,94,24.1,30.7,0.00,100,0,31,100,0.0,0.0,0.0,0.0,0.0
2023-06-17T19:00,25.2,94,24.2,30.8,0.00,100,0,18,100,0.0,0.0,0.0,0.0,0.0
2023-06-17T20:00,24.7,95,23.9,30.1,0.00,100,4,20,100,0.0,0.0,0.0,0.0,0.0
2023-06-17T21:00,24.4,96,23.7,29.7,0.00,100,0,17,100,0.0,0.0,0.0,0.0,0.0
2023-06-17T22:00,26.1,92,24.7,32.4,0.00,100,1,6,100,87.2,34.9,52.3,187.0,247.1
2023-06-17T23:00,27.7,85,24.9,34.2,0.00,96,0,0,96,281.9,186.6,95.3,465.3,531.4
2023-06-18T00:00,29.2,79,25.1,35.5,0.00,92,0,8,95,496.7,386.8,109.8,645.2,794.6
2023-06-18T01:00,30.2,74,25.0,35.4,0.00,100,13,22,100,656.8,494.5,162.2,643.2,1018.8
2023-06-18T02:00,30.8,69,24.6,35.2,0.00,100,15,18,100,702.2,496.4,205.8,553.3,1188.8
2023-06-18T03:00,31.0,71,25.2,35.6,0.00,100,12,26,100,620.2,212.6,407.6,217.9,1293.0
2023-06-18T04:00,31.5,69,25.1,36.6,0.00,100,6,22,100,634.5,167.2,467.3,167.3,1324.3
2023-06-18T05:00,31.8,68,25.1,36.8,0.00,100,16,7,100,602.8,170.3,432.5,176.2,1280.5
2023-06-18T06:00,31.4,71,25.5,36.2,0.10,100,20,19,100,455.1,73.0,382.1,83.1,1164.7
2023-06-18T07:00,30.9,74,25.8,35.8,0.70,99,22,33,97,455.1,165.1,290.0,222.2,984.7
2023-06-18T08:00,30.8,75,25.7,35.9,0.20,95,38,26,90,348.6,229.5,119.1,404.0,752.8
2023-06-18T09:00,30.2,79,26.1,36.0,0.20,28,11,7,15,235.0,134.3,100.7,366.9,484.9
2023-06-18T10:00,29.3,79,25.2,34.7,0.00,23,6,7,12,85.4,45.3,40.1,301.6,199.0
2023-06-18T11:00,28.1,80,24.3,33.0,0.00,96,0,15,95,0.0,0.0,0.0,0.0,0.0
2023-06-18T12:00,27.3,84,24.3,32.7,0.00,100,1,30,2,0.0,0.0,0.0,0.0,0.0
2023-06-18T13:00,26.9,88,24.7,32.6,0.00,97,0,96,34,0.0,0.0,0.0,0.0,0.0
2023-06-18T14:00,27.4,85,24.7,33.7,0.00,98,0,71,95,0.0,0.0,0.0,0.0,0.0
2023-06-18T15:00,26.5,90,24.7,32.5,0.00,100,0,3,100,0.0,0.0,0.0,0.0,0.0
2023-06-18T16:00,25.9,92,24.5,31.7,0.00,87,0,45,79,0.0,0.0,0.0,0.0,0.0
2023-06-18T17:00,25.5,92,24.1,31.1,0.00,17,0,0,17,0.0,0.0,0.0,0.0,0.0
2023-06-18T18:00,24.8,93,23.5,30.2,0.00,99,0,0,99,0.0,0.0,0.0,0.0,0.0
2023-06-18T19:00,24.8,91,23.3,30.2,0.00,92,0,0,92,0.0,0.0,0.0,0.0,0.0
2023-06-18T20:00,26.8,82,23.5,32.4,0.00,100,0,8,100,0.0,0.0,0.0,0.0,0.0
2023-06-18T21:00,24.5,89,22.6,29.0,0.00,100,0,87,99,0.0,0.0,0.0,0.0,0.0
2023-06-18T22:00,26.2,81,22.6,30.6,0.00,100,0,100,97,80.7,30.5,50.1,164.3,246.2
2023-06-18T23:00,27.2,74,22.2,31.0,0.00,100,0,97,97,134.9,6.8,128.1,17.0,530.4
2023-06-19T00:00,28.2,75,23.3,32.6,0.00,100,0,100,58,255.6,40.6,215.0,67.8,793.6
2023-06-19T01:00,28.4,73,23.1,32.2,0.00,100,0,100,100,192.5,20.1,172.3,26.2,1017.9
2023-06-19T02:00,29.3,70,23.3,33.2,0.00,76,0,23,70,263.8,26.8,237.0,29.9,1188.1
2023-06-19T03:00,31.5,66,24.4,36.0,0.00,46,1,27,31,724.0,403.5,320.5,413.6,1292.5
2023-06-19T04:00,32.5,63,24.5,38.0,0.00,89,1,39,86,927.7,744.4,183.3,744.8,1324.1
2023-06-19T05:00,32.5,64,24.7,38.0,0.00,95,0,52,91,834.8,615.6,219.2,636.8,1280.6
2023-06-19T06:00,32.1,66,25.0,37.5,0.00,100,0,99,98,706.5,420.1,286.4,477.7,1165.1
2023-06-19T07:00,30.8,73,25.3,35.8,0.00,100,0,100,98,369.5,89.4,280.1,120.2,985.4
2023-06-19T08:00,29.8,77,25.3,35.2,0.00,100,0,94,99,220.1,29.3,190.7,51.6,753.8
2023-06-19T09:00,29.5,78,25.3,35.4,0.00,100,3,100,99,140.6,29.7,110.9,80.9,486.0
2023-06-19T10:00,29.0,78,24.8,34.4,0.00,100,0,99,96,47.8,9.3,38.4,61.6,200.3
2023-06-19T11:00,28.0,79,24.0,33.1,0.00,100,0,95,100,0.0,0.0,0.0,0.0,0.0
2023-06-19T12:00,27.1,83,24.1,32.2,0.00,99,2,66,100,0.0,0.0,0.0,0.0,0.0
2023-06-19T13:00,27.5,81,24.0,33.0,0.00,100,0,56,100,0.0,0.0,0.0,0.0,0.0
2023-06-19T14:00,26.8,84,23.8,32.1,0.00,99,0,24,99,0.0,0.0,0.0,0.0,0.0
2023-06-19T15:00,27.2,80,23.5,32.4,0.00,100,0,29,100,0.0,0.0,0.0,0.0,0.0
2023-06-19T16:00,26.1,85,23.4,31.3,0.00,75,0,0,75,0.0,0.0,0.0,0.0,0.0
2023-06-19T17:00,26.0,83,22.9,30.7,0.00,86,0,2,85,0.0,0.0,0.0,0.0,0.0
2023-06-19T18:00,25.2,86,22.6,29.4,0.00,100,0,3,100,0.0,0.0,0.0,0.0,0.0
2023-06-19T19:00,25.7,80,22.0,29.7,0.00,100,0,0,100,0.0,0.0,0.0,0.0,0.0
2023-06-19T20:00,26.0,78,21.9,29.9,0.00,100,0,0,100,0.0,0.0,0.0,0.0,0.0
2023-06-19T21:00,26.1,77,21.8,29.8,0.00,98,0,0,98,0.0,0.0,0.0,0.0,0.0
2023-06-19T22:00,26.9,77,22.5,30.7,0.00,51,0,0,51,89.4,43.6,45.8,235.7,245.2
2023-06-19T23:00,28.3,75,23.5,32.3,0.00,52,0,0,52,285.0,192.3,92.7,481.2,529.3
2023-06-20T00:00,29.4,74,24.4,33.5,0.00,88,0,0,98,494.6,379.9,114.7,634.9,792.6
2023-06-20T01:00,30.5,73,25.0,35.0,0.00,70,0,0,70,685.0,557.4,127.6,726.0,1017.1
2023-06-20T02:00,31.7,69,25.3,37.1,0.00,74,0,0,74,838.6,715.3,123.3,798.0,1187.4
2023-06-20T03:00,32.4,66,25.3,38.4,0.00,100,1,0,100,931.5,801.9,129.7,822.1,1292.1
2023-06-20T04:00,32.7,66,25.4,38.8,0.00,100,4,1,100,948.9,779.7,169.2,780.2,1323.9
2023-06-20T05:00,32.6,67,25.6,38.8,0.00,100,4,1,100,906.3,724.3,182.0,749.1,1280.7
2023-06-20T06:00,32.6,67,25.7,38.4,0.00,96,21,1,95,810.9,639.2,171.7,726.5,1165.5
2023-06-20T07:00,32.2,67,25.3,37.0,0.10,100,15,11,100,628.7,478.1,150.6,642.3,986.1
2023-06-20T08:00,31.5,71,25.6,36.2,0.20,100,13,3,100,445.5,342.8,102.7,601.6,754.7
2023-06-20T09:00,30.7,74,25.6,36.0,0.00,100,7,3,100,247.8,169.6,78.2,461.3,487.1
2023-06-20T10:00,29.9,78,25.6,35.8,0.00,100,3,1,100,95.8,55.5,40.3,364.8,201.5
2023-06-20T11:00,28.5,81,24.9,34.3,0.00,100,1,0,100,0.0,0.0,0.0,0.0,0.0
2023-06-20T12:00,27.7,87,25.3,33.6,0.00,100,1,0,100,0.0,0.0,0.0,0.0,0.0
2023-06-20T13:00,27.8,84,24.9,33.9,0.00,100,0,0,100,0.0,0.0,0.0,0.0,0.0
2023-06-20T14:00,27.3,85,24.5,33.1,0.00,100,0,0,100,0.0,0.0,0.0,0.0,0.0
2023-06-20T15:00,27.0,85,24.3,32.6,0.00,100,0,0,100,0.0,0.0,0.0,0.0,0.0
2023-06-20T16:00,26.4,88,24.3,32.1,0.00,100,0,0,100,0.0,0.0,0.0,0.0,0.0
2023-06-20T17:00,27.1,83,24.0,32.8,0.00,100,0,0,100,0.0,0.0,0.0,0.0,0.0
2023-06-20T18:00,25.7,89,23.7,31.0,0.00,100,0,0,100,0.0,0.0,0.0,0.0,0.0
2023-06-20T19:00,24.9,91,23.4,29.9,0.00,99,0,0,99,0.0,0.0,0.0,0.0,0.0
2023-06-20T20:00,25.1,88,23.0,29.9,0.00,100,0,0,100,0.0,0.0,0.0,0.0,0.0
2023-06-20T21:00,24.7,88,22.6,29.0,0.00,100,0,0,100,0.0,0.0,0.0,0.0,0.0
2023-06-20T22:00,26.5,82,23.1,31.5,0.00,100,0,0,100,85.1,30.5,54.5,165.7,244.2
2023-06-20T23:00,27.8,76,23.2,32.4,0.00,100,0,0,100,275.6,170.6,105.1,427.7,528.3
2023-06-21T00:00,29.0,73,23.7,34.0,0.00,100,0,1,99,497.1,387.2,109.9,647.8,791.6
2023-06-21T01:00,30.3,71,24.4,36.1,0.00,99,0,1,99,672.8,530.6,142.2,691.6,1016.2
2023-06-21T02:00,31.6,67,24.8,38.3,0.00,100,0,2,100,828.0,685.3,142.6,764.9,1186.7
2023-06-21T03:00,32.6,65,25.1,39.1,0.00,95,12,2,95,916.1,769.8,146.3,789.4,1291.6
2023-06-21T04:00,33.0,65,25.5,39.4,0.00,85,8,2,84,946.0,780.8,165.2,781.2,1323.7
2023-06-21T05:00,32.4,65,25.1,38.2,1.10,100,25,34,100,867.3,726.3,141.0,751.1,1280.9
2023-06-21T06:00,32.4,67,25.5,37.8,0.10,100,10,11,100,709.5,552.1,157.5,627.1,1165.9
2023-06-21T07:00,32.4,69,25.9,38.3,0.60,98,8,4,97,661.6,526.6,135.1,706.8,986.7
2023-06-21T08:00,31.7,69,25.4,36.3,0.00,98,6,2,98,469.8,349.8,120.0,613.1,755.5
2023-06-21T09:00,31.1,72,25.4,36.2,0.00,100,1,0,100,269.8,188.5,81.3,511.4,488.1
2023-06-21T10:00,30.1,76,25.4,35.9,0.00,100,5,0,100,93.1,44.5,48.6,290.9,202.6
2023-06-21T11:00,28.6,80,24.9,34.4,0.00,100,0,0,100,0.0,0.0,0.0,0.0,0.0
2023-06-21T12:00,29.8,72,24.1,35.5,0.00,100,0,0,100,0.0,0.0,0.0,0.0,0.0
2023-06-21T13:00,27.8,83,24.7,33.8,0.00,100,0,0,100,0.0,0.0,0.0,0.0,0.0
2023-06-21T14:00,27.2,88,25.0,33.4,0.00,100,4,0,100,0.0,0.0,0.0,0.0,0.0
2023-06-21T15:00,27.0,90,25.3,33.4,0.00,100,0,0,100,0.0,0.0,0.0,0.0,0.0
2023-06-21T16:00,26.4,94,25.3,32.7,0.00,100,0,0,100,0.0,0.0,0.0,0.0,0.0
2023-06-21T17:00,25.8,96,25.1,32.0,0.00,100,4,0,100,0.0,0.0,0.0,0.0,0.0
2023-06-21T18:00,25.6,96,25.0,31.8,0.00,100,11,0,100,0.0,0.0,0.0,0.0,0.0
2023-06-21T19:00,25.2,97,24.7,31.3,0.00,100,14,0,100,0.0,0.0,0.0,0.0,0.0
2023-06-21T20:00,25.0,97,24.5,31.0,0.00,100,13,0,100,0.0,0.0,0.0,0.0,0.0
2023-06-21T21:00,24.5,98,24.2,30.5,0.00,100,28,3,100,0.0,0.0,0.0,0.0,0.0
2023-06-21T22:00,26.0,94,24.9,32.1,0.00,98,37,2,97,80.8,26.2,54.6,142.7,243.1
2023-06-21T23:00,27.9,87,25.6,34.2,0.00,98,9,7,98,249.9,113.3,136.6,284.7,527.2
2023-06-22T00:00,29.5,76,24.8,35.1,0.00,97,0,6,2,395.7,180.5,215.2,302.4,790.6
2023-06-22T01:00,30.7,70,24.7,35.8,0.00,82,0,2,82,683.0,569.9,113.1,743.3,1015.3
2023-06-22T02:00,31.6,66,24.5,37.2,0.00,100,1,2,100,823.8,672.6,151.2,751.0,1186.1
2023-06-22T03:00,32.4,62,24.2,37.8,0.00,100,3,6,100,848.7,582.1,266.7,597.0,1291.2
2023-06-22T04:00,32.4,60,23.7,37.0,0.00,100,27,24,100,760.7,455.4,305.3,455.7,1323.6
2023-06-22T05:00,31.9,64,24.2,36.7,0.20,100,25,26,100,692.1,419.0,273.1,433.2,1281.0
2023-06-22T06:00,31.4,65,24.2,36.5,0.30,100,30,34,100,713.4,455.4,258.0,517.0,1166.3
2023-06-22T07:00,30.8,70,24.6,35.2,0.00,100,31,29,100,368.8,133.3,235.5,178.7,987.4
2023-06-22T08:00,31.2,70,25.0,36.2,0.00,100,4,8,100,410.3,261.7,148.6,458.3,756.4
2023-06-22T09:00,30.3,73,25.0,35.8,0.00,100,17,0,100,218.3,81.4,136.9,220.4,489.0
2023-06-22T10:00,29.3,81,25.6,35.4,0.00,100,11,1,100,66.9,17.0,49.9,110.7,203.6
2023-06-22T11:00,27.9,87,25.5,34.3,0.00,100,3,0,100,0.0,0.0,0.0,0.0,0.0
2023-06-22T12:00,27.2,91,25.7,34.1,0.00,100,72,41,100,0.0,0.0,0.0,0.0,0.0
2023-06-22T13:00,26.8,89,24.7,33.0,0.90,100,58,14,100,0.0,0.0,0.0,0.0,0.0
2023-06-22T14:00,26.3,90,24.6,31.8,0.00,100,17,22,100,0.0,0.0,0.0,0.0,0.0
2023-06-22T15:00,25.7,94,24.6,31.2,0.00,100,8,20,100,0.0,0.0,0.0,0.0,0.0
2023-06-22T16:00,25.5,95,24.6,31.0,0.00,100,6,8,100,0.0,0.0,0.0,0.0,0.0
2023-06-22T17:00,25.3,96,24.6,31.2,0.00,100,3,12,100,0.0,0.0,0.0,0.0,0.0
2023-06-22T18:00,25.2,95,24.3,30.9,0.00,100,1,7,100,0.0,0.0,0.0,0.0,0.0
2023-06-22T19:00,25.6,93,24.4,31.3,0.00,100,0,4,100,0.0,0.0,0.0,0.0,0.0
2023-06-22T20:00,25.9,91,24.2,31.7,0.00,100,1,0,100,0.0,0.0,0.0,0.0,0.0
2023-06-22T21:00,24.3,95,23.5,29.8,0.00,100,0,2,100,0.0,0.0,0.0,0.0,0.0
2023-06-22T22:00,26.0,91,24.4,32.0,0.00,100,6,3,100,67.7,10.9,56.8,59.7,242.0
2023-06-22T23:00,26.8,90,25.1,32.8,0.00,100,13,6,100,218.7,83.4,135.3,209.8,526.1
2023-06-23T00:00,28.3,83,25.1,34.6,0.00,100,2,3,100,314.5,102.8,211.6,172.5,789.6
2023-06-23T01:00,29.7,74,24.6,35.6,0.00,100,17,0,100,619.3,435.6,183.7,568.6,1014.4
2023-06-23T02:00,30.5,68,24.0,36.6,0.10,100,15,4,100,668.4,394.8,273.6,441.0,1185.4
2023-06-23T03:00,30.8,67,24.0,36.4,0.00,100,19,6,100,620.5,267.7,352.8,274.6,1290.8
2023-06-23T04:00,30.1,71,24.3,36.8,0.20,100,38,36,100,747.7,460.5,287.2,460.8,1323.4
2023-06-23T05:00,29.4,73,24.0,35.5,1.20,99,53,25,97,681.4,499.3,182.1,516.1,1281.1
2023-06-23T06:00,30.4,72,24.9,36.5,0.20,99,37,11,98,593.9,302.7,291.3,343.5,1166.7
2023-06-23T07:00,28.5,77,24.0,33.1,2.50,100,69,7,100,217.3,0.0,217.3,0.0,988.0
2023-06-23T08:00,29.2,75,24.3,35.0,0.00,100,2,9,100,239.3,42.3,197.0,74.0,757.1
2023-06-23T09:00,28.8,75,24.0,34.4,1.10,100,22,17,100,168.3,54.8,113.5,148.1,489.9
2023-06-23T10:00,27.6,83,24.4,33.3,0.00,100,0,5,100,43.5,3.5,40.0,22.8,204.5
2023-06-23T11:00,26.6,89,24.6,32.5,0.00,99,1,16,99,0.0,0.0,0.0,0.0,0.0
2023-06-23T12:00,27.0,85,24.3,32.5,0.00,100,5,23,100,0.0,0.0,0.0,0.0,0.0
2023-06-23T13:00,26.8,86,24.3,31.8,0.00,100,8,23,100,0.0,0.0,0.0,0.0,0.0
2023-06-23T14:00,26.6,87,24.3,31.6,0.00,100,0,12,100,0.0,0.0,0.0,0.0,0.0
2023-06-23T15:00,26.4,87,24.1,31.2,0.00,100,0,3,100,0.0,0.0,0.0,0.0,0.0
2023-06-23T16:00,25.9,88,23.9,31.0,0.00,100,0,3,100,0.0,0.0,0.0,0.0,0.0
2023-06-23T17:00,25.5,91,23.8,30.8,0.00,100,0,0,100,0.0,0.0,0.0,0.0,0.0
2023-06-23T18:00,25.0,94,23.9,30.4,0.00,100,0,0,100,0.0,0.0,0.0,0.0,0.0
2023-06-23T19:00,24.5,95,23.7,29.7,0.00,100,0,0,100,0.0,0.0,0.0,0.0,0.0
2023-06-23T20:00,24.4,95,23.6,29.7,0.00,100,0,0,100,0.0,0.0,0.0,0.0,0.0
2023-06-23T21:00,24.0,96,23.3,29.1,0.00,100,0,0,100,0.0,0.0,0.0,0.0,0.0
2023-06-23T22:00,25.7,93,24.4,31.8,0.00,100,0,0,100,85.2,30.6,54.6,168.1,240.8
2023-06-23T23:00,27.9,77,23.6,33.4,0.00,99,0,0,99,283.1,184.7,98.5,465.7,525.0
2023-06-24T00:00,29.2,71,23.4,34.7,0.00,97,0,0,87,503.6,398.3,105.3,668.8,788.5
2023-06-24T01:00,30.2,70,24.2,36.5,0.00,53,0,0,53,695.6,582.4,113.1,760.8,1013.6
2023-06-24T02:00,31.3,65,23.9,38.4,0.00,40,1,0,39,842.3,722.1,120.2,807.0,1184.7
2023-06-24T03:00,32.5,60,23.6,40.3,0.00,39,7,1,33,868.6,716.1,152.6,734.7,1290.4
2023-06-24T04:00,33.0,57,23.4,40.0,0.10,38,26,19,5,896.9,730.6,166.3,731.0,1323.3
2023-06-24T05:00,32.0,61,23.6,37.9,0.20,75,25,17,62,729.5,537.6,191.9,555.5,1281.2
2023-06-24T06:00,31.6,63,23.8,37.3,0.20,69,36,13,46,643.4,395.7,247.7,448.9,1167.0
2023-06-24T07:00,31.1,67,24.3,36.8,0.30,81,24,12,74,623.6,502.2,121.4,672.5,988.5
2023-06-24T08:00,29.4,78,25.2,34.6,0.20,97,32,2,96,412.2,287.8,124.4,502.7,757.9
2023-06-24T09:00,28.8,80,25.0,34.8,0.10,100,5,8,100,216.1,120.6,95.5,325.4,490.7
2023-06-24T10:00,28.1,80,24.2,33.5,0.40,100,46,22,100,64.8,23.6,41.2,151.8,205.4
2023-06-24T11:00,27.2,85,24.4,32.6,0.00,100,6,11,100,0.0,0.0,0.0,0.0,0.0
2023-06-24T12:00,25.6,90,23.8,30.7,0.00,100,27,22,100,0.0,0.0,0.0,0.0,0.0
2023-06-24T13:00,25.3,89,23.4,28.9,0.20,100,36,44,100,0.0,0.0,0.0,0.0,0.0
2023-06-24T14:00,25.0,86,22.4,29.0,0.30,99,2,16,99,0.0,0.0,0.0,0.0,0.0
2023-06-24T15:00,24.4,88,22.2,28.0,0.30,99,1,70,99,0.0,0.0,0.0,0.0,0.0
2023-06-24T16:00,24.5,91,23.0,29.1,0.20,100,0,27,100,0.0,0.0,0.0,0.0,0.0
2023-06-24T17:00,24.8,91,23.3,29.6,0.00,100,2,13,99,0.0,0.0,0.0,0.0,0.0
2023-06-24T18:00,25.0,89,23.1,29.4,0.00,99,0,14,99,0.0,0.0,0.0,0.0,0.0
2023-06-24T19:00,25.0,88,22.9,29.4,0.00,95,0,8,95,0.0,0.0,0.0,0.0,0.0
2023-06-24T20:00,24.7,89,22.8,29.1,0.00,72,0,0,71,0.0,0.0,0.0,0.0,0.0
2023-06-24T21:00,24.1,92,22.8,28.8,0.00,98,0,2,98,0.0,0.0,0.0,0.0,0.0
2023-06-24T22:00,25.2,91,23.6,30.2,0.00,100,0,4,100,85.2,37.1,48.1,205.2,239.6
2023-06-24T23:00,26.9,87,24.6,32.9,0.00,97,0,2,97,277.9,180.7,97.2,456.7,523.8
2023-06-25T00:00,29.3,73,23.9,35.3,0.00,100,0,0,20,467.9,359.0,108.9,603.4,787.5
2023-06-25T01:00,31.2,63,23.2,37.1,0.00,83,0,0,83,692.3,579.2,113.1,757.1,1012.7
2023-06-25T02:00,32.3,57,22.8,38.8,0.00,78,33,0,67,834.9,701.8,133.1,784.6,1184.1
2023-06-25T03:00,32.6,57,22.9,39.1,0.00,96,93,24,42,834.5,614.4,220.0,630.6,1290.0
2023-06-25T04:00,32.5,59,23.4,38.4,0.00,95,94,49,14,751.9,548.3,203.6,548.6,1323.1
2023-06-25T05:00,32.3,60,23.6,38.3,0.10,35,22,13,5,838.3,646.3,191.9,667.8,1281.3
2023-06-25T06:00,32.1,60,23.3,37.4,0.00,81,13,8,76,676.6,451.7,224.9,512.3,1167.4
2023-06-25T07:00,31.8,61,23.3,36.6,0.00,76,11,14,69,528.7,342.4,186.3,458.3,989.1
2023-06-25T08:00,31.8,61,23.3,36.4,0.00,68,0,11,64,452.9,312.9,140.0,546.1,758.5
2023-06-25T09:00,31.0,64,23.4,35.8,0.00,95,10,14,93,235.8,145.7,90.1,392.5,491.5
2023-06-25T10:00,30.2,74,25.0,36.5,0.00,100,7,16,100,67.8,28.9,38.9,185.6,206.1
2023-06-25T11:00,30.2,62,22.2,35.1,0.00,100,4,18,100,0.0,0.0,0.0,0.0,0.0
2023-06-25T12:00,28.3,80,24.6,34.2,0.00,100,3,16,100,0.0,0.0,0.0,0.0,0.0
2023-06-25T13:00,29.0,72,23.6,34.3,0.00,100,5,8,100,0.0,0.0,0.0,0.0,0.0
2023-06-25T14:00,26.9,85,24.2,32.3,0.00,100,7,6,100,0.0,0.0,0.0,0.0,0.0
2023-06-25T15:00,26.5,89,24.5,32.2,0.00,100,8,4,100,0.0,0.0,0.0,0.0,0.0
2023-06-25T16:00,25.8,92,24.5,31.6,0.00,100,0,2,100,0.0,0.0,0.0,0.0,0.0
2023-06-25T17:00,25.4,94,24.3,31.0,0.00,100,1,0,100,0.0,0.0,0.0,0.0,0.0
2023-06-25T18:00,24.9,95,24.1,30.5,0.00,100,0,1,100,0.0,0.0,0.0,0.0,0.0
2023-06-25T19:00,24.3,96,23.7,29.6,0.00,100,0,0,100,0.0,0.0,0.0,0.0,0.0
2023-06-25T20:00,25.4,95,24.5,31.5,0.00,100,0,0,100,0.0,0.0,0.0,0.0,0.0
2023-06-25T21:00,24.2,98,23.8,29.7,0.00,100,3,0,100,0.0,0.0,0.0,0.0,0.0
2023-06-25T22:00,25.5,93,24.3,31.1,0.00,98,2,1,98,83.1,35.0,48.1,194.2,238.4
2023-06-25T23:00,27.4,84,24.5,33.4,0.00,91,4,4,91,282.3,180.9,101.4,458.1,522.7
2023-06-26T00:00,29.4,76,24.7,35.1,0.00,72,14,0,84,489.6,368.7,120.9,620.5,786.5
2023-06-26T01:00,30.7,69,24.3,35.9,0.00,68,15,0,62,611.8,446.0,165.8,583.4,1011.9
2023-06-26T02:00,31.7,65,24.3,37.3,0.00,85,14,1,82,769.5,625.7,143.8,699.8,1183.5
2023-06-26T03:00,32.6,60,23.9,38.2,0.00,53,39,7,21,868.8,697.6,171.3,716.0,1289.6
2023-06-26T04:00,33.3,58,24.0,39.3,0.00,52,44,21,0,886.0,672.3,213.7,672.7,1323.0
2023-06-26T05:00,33.1,61,24.6,39.2,0.40,48,27,37,1,852.1,695.4,156.7,718.3,1281.4
2023-06-26T06:00,32.3,65,24.8,37.7,1.40,74,35,42,49,665.3,513.5,151.9,582.1,1167.7
2023-06-26T07:00,32.1,66,24.9,37.0,0.30,65,44,16,31,537.9,386.3,151.6,516.7,989.6
2023-06-26T08:00,31.6,68,24.9,36.3,0.00,43,23,10,20,445.2,312.1,133.1,544.2,759.1
2023-06-26T09:00,30.9,71,25.0,36.0,0.00,38,29,5,10,247.7,154.4,93.3,415.2,492.2
2023-06-26T10:00,29.9,74,24.8,35.3,0.00,17,10,5,4,96.2,58.5,37.8,374.2,206.8
2023-06-26T11:00,28.7,79,24.7,34.4,0.00,20,12,4,6,0.0,0.0,0.0,0.0,0.0
2023-06-26T12:00,27.3,84,24.4,32.4,0.00,8,1,31,45,0.0,0.0,0.0,0.0,0.0
2023-06-26T13:00,27.6,85,24.8,33.5,0.00,57,0,30,39,0.0,0.0,0.0,0.0,0.0
2023-06-26T14:00,27.0,89,25.1,33.2,0.00,46,0,36,15,0.0,0.0,0.0,0.0,0.0
2023-06-26T15:00,26.4,91,24.9,32.4,0.00,17,0,12,7,0.0,0.0,0.0,0.0,0.0
2023-06-26T16:00,25.8,93,24.6,31.6,0.00,16,0,9,8,0.0,0.0,0.0,0.0,0.0
2023-06-26T17:00,25.5,93,24.4,31.4,0.00,19,0,1,18,0.0,0.0,0.0,0.0,0.0
2023-06-26T18:00,25.4,93,24.2,31.2,0.00,47,0,0,47,0.0,0.0,0.0,0.0,0.0
2023-06-26T19:00,24.7,95,23.8,30.4,0.00,9,3,0,6,0.0,0.0,0.0,0.0,0.0
2023-06-26T20:00,24.5,95,23.7,30.0,0.00,59,12,0,53,0.0,0.0,0.0,0.0,0.0
2023-06-26T21:00,24.2,95,23.3,29.2,0.00,55,6,0,53,0.0,0.0,0.0,0.0,0.0
2023-06-26T22:00,25.6,90,23.9,31.1,0.00,8,0,0,8,85.3,41.6,43.7,231.9,237.2
2023-06-26T23:00,27.5,83,24.3,33.6,0.00,19,0,0,19,281.2,192.0,89.2,487.3,521.6
2023-06-27T00:00,30.4,70,24.2,35.6,0.00,0,0,0,28,501.7,399.9,101.8,673.9,785.5
2023-06-27T01:00,31.4,64,23.7,36.0,0.00,43,0,0,43,693.7,582.8,111.0,762.9,1011.1
2023-06-27T02:00,31.8,64,24.3,37.1,0.00,39,5,0,36,844.8,724.5,120.2,810.7,1182.9
2023-06-27T03:00,32.4,62,24.1,37.7,0.00,30,14,2,17,928.1,786.9,141.2,807.9,1289.2
2023-06-27T04:00,33.0,60,24.3,38.5,0.00,55,43,11,16,892.1,691.5,200.6,691.9,1322.9
2023-06-27T05:00,33.2,59,24.1,39.1,0.00,54,38,7,24,837.4,651.3,186.1,672.7,1281.5
2023-06-27T06:00,32.7,60,24.0,38.9,0.20,66,28,37,38,768.8,601.8,167.1,681.9,1168.0
2023-06-27T07:00,31.8,64,24.1,37.1,0.20,71,38,21,46,545.3,386.3,158.9,516.5,990.0
2023-06-27T08:00,30.7,70,24.5,35.8,0.10,88,38,18,79,331.2,176.4,154.8,307.3,759.7
2023-06-27T09:00,29.8,75,25.0,35.3,0.20,83,15,9,79,209.3,106.6,102.7,286.4,492.7
2023-06-27T10:00,29.4,78,25.1,35.7,0.00,68,6,4,64,73.9,29.0,44.9,184.9,207.3
2023-06-27T11:00,29.1,77,24.8,35.3,0.00,92,18,3,90,0.0,0.0,0.0,0.0,0.0
2023-06-27T12:00,27.9,87,25.4,34.3,0.00,35,57,19,20,0.0,0.0,0.0,0.0,0.0
2023-06-27T13:00,27.4,90,25.6,34.1,0.00,68,0,8,65,0.0,0.0,0.0,0.0,0.0
2023-06-27T14:00,27.0,91,25.4,33.3,0.00,100,1,3,100,0.0,0.0,0.0,0.0,0.0
2023-06-27T15:00,26.9,90,25.1,33.2,0.00,100,0,0,100,0.0,0.0,0.0,0.0,0.0
2023-06-27T16:00,26.4,93,25.1,32.5,0.00,24,2,0,23,0.0,0.0,0.0,0.0,0.0
2023-06-27T17:00,26.0,93,24.7,31.9,0.00,75,2,11,73,0.0,0.0,0.0,0.0,0.0
2023-06-27T18:00,25.6,95,24.7,31.5,0.00,99,3,25,99,0.0,0.0,0.0,0.0,0.0
2023-06-27T19:00,25.7,95,24.9,31.7,0.00,89,3,36,87,0.0,0.0,0.0,0.0,0.0
2023-06-27T20:00,25.5,96,24.8,31.4,0.00,76,3,49,69,0.0,0.0,0.0,0.0,0.0
2023-06-27T21:00,25.4,96,24.7,31.4,0.00,100,3,2,100,0.0,0.0,0.0,0.0,0.0
2023-06-27T22:00,26.0,94,25.0,32.4,0.00,9,2,1,7,30.6,2.2,28.4,12.3,236.0
2023-06-27T23:00,28.1,84,25.2,34.6,0.00,3,0,3,0,271.8,173.0,98.8,439.9,520.4
2023-06-28T00:00,29.5,77,25.0,35.5,0.00,21,1,15,91,483.9,372.5,111.4,628.5,784.5
2023-06-28T01:00,30.5,71,24.7,36.7,0.00,100,6,100,97,586.3,403.5,182.7,528.7,1010.2
2023-06-28T02:00,30.7,71,24.7,36.7,0.00,100,36,100,72,420.8,87.0,333.9,97.3,1182.3
2023-06-28T03:00,31.3,67,24.5,37.4,0.00,100,28,100,95,495.2,133.9,361.3,137.5,1288.9
2023-06-28T04:00,31.1,67,24.4,36.8,0.00,100,19,100,96,314.5,35.3,279.3,35.3,1322.7
2023-06-28T05:00,31.2,66,24.1,36.8,0.00,71,11,63,38,284.1,21.5,262.5,22.3,1281.6
2023-06-28T06:00,31.9,63,24.0,37.7,0.00,98,24,95,71,594.2,337.0,257.2,381.8,1168.3
2023-06-28T07:00,31.2,67,24.3,36.4,0.00,87,1,79,48,348.9,144.3,204.6,192.8,990.4
2023-06-28T08:00,31.2,68,24.6,36.6,0.00,38,0,5,34,298.3,115.9,182.5,201.7,760.2
2023-06-28T09:00,31.1,69,24.7,36.2,0.00,100,0,12,100,297.2,220.3,76.8,591.2,493.3
2023-06-28T10:00,30.0,73,24.7,35.3,0.00,100,1,20,100,103.5,63.9,39.6,406.9,207.8
2023-06-28T11:00,28.6,78,24.4,33.7,0.00,99,0,3,99,0.0,0.0,0.0,0.0,0.0
2023-06-28T12:00,29.2,79,25.1,35.4,0.00,98,0,8,100,0.0,0.0,0.0,0.0,0.0
2023-06-28T13:00,28.2,84,25.2,34.3,0.00,99,0,7,99,0.0,0.0,0.0,0.0,0.0
2023-06-28T14:00,27.3,88,25.1,33.2,0.00,100,2,0,100,0.0,0.0,0.0,0.0,0.0
2023-06-28T15:00,26.8,90,25.0,32.8,0.00,99,2,6,99,0.0,0.0,0.0,0.0,0.0
2023-06-28T16:00,26.3,93,25.0,32.5,0.00,56,1,17,49,0.0,0.0,0.0,0.0,0.0
2023-06-28T17:00,26.5,90,24.8,32.6,0.00,69,1,16,64,0.0,0.0,0.0,0.0,0.0
2023-06-28T18:00,26.4,90,24.6,32.7,0.00,33,0,0,33,0.0,0.0,0.0,0.0,0.0
2023-06-28T19:00,25.1,95,24.3,30.9,0.00,96,0,7,95,0.0,0.0,0.0,0.0,0.0
2023-06-28T20:00,25.1,95,24.3,30.9,0.00,100,1,7,100,0.0,0.0,0.0,0.0,0.0
2023-06-28T21:00,24.8,95,24.0,30.4,0.00,75,0,12,71,0.0,0.0,0.0,0.0,0.0
2023-06-28T22:00,26.6,91,24.9,32.8,0.00,98,0,17,97,78.8,35.0,43.8,197.6,234.6
2023-06-28T23:00,28.4,79,24.3,34.4,0.00,91,0,11,90,268.0,170.4,97.6,434.4,519.2
2023-06-29T00:00,29.7,71,23.9,35.5,0.00,95,0,12,54,484.1,369.1,115.0,623.5,783.4
2023-06-29T01:00,31.3,64,23.8,37.2,0.00,75,0,34,62,636.8,475.4,161.5,623.3,1009.4
2023-06-29T02:00,32.2,60,23.3,38.1,0.00,99,0,78,96,653.9,349.0,304.9,390.8,1181.7
2023-06-29T03:00,33.2,56,23.1,39.3,0.00,84,0,10,82,746.6,412.2,334.4,423.4,1288.5
2023-06-29T04:00,34.3,52,22.9,41.5,0.00,100,1,28,100,895.3,722.9,172.4,723.3,1322.6
2023-06-29T05:00,34.5,53,23.4,41.4,0.00,96,30,8,93,865.0,658.3,206.7,679.7,1281.7
2023-06-29T06:00,32.5,62,24.3,37.2,0.20,100,33,37,100,600.0,298.1,301.9,337.6,1168.6
2023-06-29T07:00,31.4,68,24.8,36.8,0.30,98,28,47,96,486.0,312.4,173.6,417.3,990.9
2023-06-29T08:00,31.1,68,24.5,36.2,0.10,44,25,23,2,255.1,113.3,141.8,197.1,760.7
2023-06-29T09:00,29.9,73,24.5,35.3,0.20,100,42,89,98,233.7,140.4,93.3,376.2,493.8
2023-06-29T10:00,29.5,76,24.7,35.6,0.00,97,0,16,97,53.3,17.8,35.5,112.9,208.3
2023-06-29T11:00,29.5,74,24.3,35.5,0.00,100,6,22,100,0.0,0.0,0.0,0.0,0.0
2023-06-29T12:00,28.4,85,25.5,35.1,0.00,100,1,17,100,0.0,0.0,0.0,0.0,0.0
2023-06-29T13:00,27.5,88,25.3,34.1,0.00,100,0,3,100,0.0,0.0,0.0,0.0,0.0
2023-06-29T14:00,27.2,86,24.7,33.4,0.00,100,0,2,100,0.0,0.0,0.0,0.0,0.0
2023-06-29T15:00,26.7,89,24.8,32.8,0.00,100,0,2,100,0.0,0.0,0.0,0.0,0.0
2023-06-29T16:00,26.1,92,24.7,32.4,0.00,100,1,1,100,0.0,0.0,0.0,0.0,0.0
2023-06-29T17:00,25.8,93,24.6,31.9,0.00,100,3,1,100,0.0,0.0,0.0,0.0,0.0
2023-06-29T18:00,25.8,91,24.3,31.7,0.00,100,3,0,100,0.0,0.0,0.0,0.0,0.0
2023-06-29T19:00,25.7,94,24.7,31.7,0.00,100,7,2,100,0.0,0.0,0.0,0.0,0.0
2023-06-29T20:00,25.6,96,24.8,31.7,0.00,100,5,0,100,0.0,0.0,0.0,0.0,0.0
2023-06-29T21:00,25.1,97,24.6,31.2,0.00,99,1,0,99,0.0,0.0,0.0,0.0,0.0
2023-06-29T22:00,26.2,92,24.7,32.3,0.00,100,0,0,100,74.5,28.5,46.0,161.6,233.2
2023-06-29T23:00,27.2,86,24.6,33.6,0.00,100,0,1,100,203.6,49.5,154.1,126.6,517.9
2023-06-30T00:00,29.3,73,24.0,35.1,0.00,100,0,4,100,392.0,171.4,220.6,290.0,782.3
2023-06-30T01:00,31.0,67,24.2,37.3,0.00,78,1,9,76,669.5,528.2,141.3,693.1,1008.5
2023-06-30T02:00,32.4,57,22.8,38.3,0.00,51,0,5,48,795.7,627.1,168.6,702.7,1181.0
2023-06-30T03:00,33.1,56,23.0,38.6,0.00,89,8,13,86,842.2,657.4,184.8,675.3,1288.1
2023-06-30T04:00,33.6,57,24.0,39.8,0.00,100,10,12,100,887.4,697.8,189.6,698.2,1322.5
2023-06-30T05:00,31.5,68,24.8,37.9,5.70,100,39,19,100,800.4,621.1,179.3,641.2,1281.8
2023-06-30T06:00,30.7,72,25.0,36.3,0.90,100,17,61,99,621.9,326.6,295.3,369.8,1168.9
2023-06-30T07:00,29.2,75,24.4,35.3,0.20,100,21,32,100,238.5,44.8,193.7,59.8,991.3
2023-06-30T08:00,29.8,74,24.7,35.6,0.10,100,6,34,100,318.3,138.4,179.9,240.6,761.2
2023-06-30T09:00,29.9,73,24.5,35.9,0.00,100,6,81,100,156.9,43.9,113.0,117.6,494.2
2023-06-30T10:00,29.4,76,24.7,35.7,0.20,100,0,87,100,38.5,0.0,38.5,0.0,208.7
2023-06-30T11:00,29.1,76,24.4,35.2,0.10,100,0,17,100,0.0,0.0,0.0,0.0,0.0
2023-06-30T12:00,27.8,88,25.6,34.4,0.00,100,0,6,100,0.0,0.0,0.0,0.0,0.0
2023-06-30T13:00,27.4,89,25.5,34.0,0.00,100,0,9,100,0.0,0.0,0.0,0.0,0.0
2023-06-30T14:00,27.5,88,25.4,33.9,0.00,100,0,12,100,0.0,0.0,0.0,0.0,0.0
2023-06-30T15:00,27.1,90,25.4,33.6,0.00,100,1,50,100,0.0,0.0,0.0,0.0,0.0
2023-06-30T16:00,26.8,92,25.3,33.4,0.00,100,1,4,100,0.0,0.0,0.0,0.0,0.0
2023-06-30T17:00,26.4,93,25.2,32.7,0.00,100,3,6,100,0.0,0.0,0.0,0.0,0.0
2023-06-30T18:00,26.2,93,25.0,32.5,0.00,100,26,0,100,0.0,0.0,0.0,0.0,0.0
2023-06-30T19:00,25.4,95,24.6,31.5,0.00,100,7,7,100,0.0,0.0,0.0,0.0,0.0
2023-06-30T20:00,25.6,96,25.0,31.8,0.00,100,15,7,100,0.0,0.0,0.0,0.0,0.0
2023-06-30T21:00,25.5,97,25.0,31.8,0.00,100,12,1,100,0.0,0.0,0.0,0.0,0.0
2023-06-30T22:00,26.1,96,25.3,32.3,0.00,100,5,17,100,41.6,0.0,41.6,0.0,231.8
2023-06-30T23:00,27.3,85,24.5,32.8,0.00,100,3,5,100,121.2,4.1,117.1,10.6,516.6
2023-07-01T00:00,29.5,76,24.8,35.8,0.00,74,25,9,100,381.4,158.3,223.1,268.2,781.2
2023-07-01T01:00,30.7,71,24.8,37.1,0.00,100,43,1,100,564.2,316.3,247.9,415.4,1007.6
2023-07-01T02:00,31.4,69,25.1,37.4,0.20,64,20,14,53,654.1,368.4,285.7,413.0,1180.4
2023-07-01T03:00,32.5,65,25.2,40.0,0.10,100,15,20,99,910.9,764.4,146.4,785.5,1287.8
2023-07-01T04:00,32.7,65,25.1,40.5,0.10,96,12,45,92,892.5,701.9,190.6,702.3,1322.4
2023-07-01T05:00,32.6,66,25.3,40.3,0.20,53,16,18,34,777.9,572.2,205.8,590.6,1282.0
2023-07-01T06:00,32.3,67,25.5,40.0,0.20,100,100,19,69,665.6,494.7,170.9,559.9,1169.1
2023-07-01T07:00,29.3,79,25.3,34.8,8.40,97,27,83,91,442.2,237.6,204.7,317.0,991.7
2023-07-01T08:00,28.8,81,25.3,35.3,0.20,48,8,22,34,125.4,6.9,118.5,12.0,761.6
2023-07-01T09:00,29.4,78,25.1,35.8,0.10,24,9,6,11,213.4,93.4,120.0,249.7,494.7
2023-07-01T10:00,29.3,80,25.4,36.1,0.00,92,0,36,91,83.6,39.7,43.9,251.4,209.0
2023-07-01T11:00,28.2,87,25.7,34.9,0.00,100,1,23,100,0.0,0.0,0.0,0.0,0.0
2023-07-01T12:00,28.0,91,26.3,35.0,0.00,100,0,17,100,0.0,0.0,0.0,0.0,0.0
2023-07-01T13:00,27.7,93,26.5,35.0,0.00,91,1,1,91,0.0,0.0,0.0,0.0,0.0
2023-07-01T14:00,27.5,93,26.3,34.6,0.00,97,0,2,97,0.0,0.0,0.0,0.0,0.0
2023-07-01T15:00,27.1,94,26.1,34.1,0.00,100,0,19,100,0.0,0.0,0.0,0.0,0.0
2023-07-01T16:00,26.7,95,25.9,33.5,0.00,98,1,1,98,0.0,0.0,0.0,0.0,0.0
2023-07-01T17:00,27.7,87,25.3,34.4,0.00,100,0,0,100,0.0,0.0,0.0,0.0,0.0
2023-07-01T18:00,26.1,94,25.1,32.3,0.00,100,0,2,100,0.0,0.0,0.0,0.0,0.0
2023-07-01T19:00,26.2,95,25.3,32.6,0.00,100,0,4,100,0.0,0.0,0.0,0.0,0.0
2023-07-01T20:00,26.0,97,25.4,32.6,0.00,100,0,0,100,0.0,0.0,0.0,0.0,0.0
2023-07-01T21:00,25.4,98,25.0,31.7,0.00,100,1,0,100,0.0,0.0,0.0,0.0,0.0
2023-07-01T22:00,26.8,95,26.0,33.8,0.00,50,0,0,50,68.0,17.5,50.4,100.8,230.2
2023-07-01T23:00,28.5,83,25.4,35.3,0.00,95,0,1,95,259.3,153.1,106.2,393.2,515.2
2023-07-02T00:00,30.2,75,25.2,36.7,0.00,95,9,1,54,481.2,369.6,111.6,626.9,780.0
2023-07-02T01:00,31.6,68,24.9,38.2,0.00,97,10,20,96,681.1,566.6,114.4,744.7,1006.7
2023-07-02T02:00,32.4,65,25.0,40.4,0.00,99,27,10,98,815.3,661.7,153.6,742.2,1179.8
2023-07-02T03:00,32.9,63,25.0,41.4,0.20,99,14,27,98,879.8,694.9,184.9,714.2,1287.4
2023-07-02T04:00,33.3,62,24.9,41.4,0.20,75,16,30,58,798.8,584.0,214.8,584.3,1322.3
2023-07-02T05:00,30.8,70,24.8,36.8,4.30,80,46,44,45,552.6,245.9,306.7,253.8,1282.1
2023-07-02T06:00,31.6,68,25.0,37.9,0.40,34,18,15,10,587.8,339.9,247.8,384.6,1169.4
2023-07-02T07:00,32.1,62,23.9,39.0,0.60,45,26,28,5,618.6,481.5,137.1,642.3,992.1
2023-07-02T08:00,31.7,66,24.7,37.6,0.00,19,1,4,16,380.7,245.7,135.0,426.6,762.0
2023-07-02T09:00,30.6,71,24.8,36.2,0.10,59,42,35,9,280.9,207.9,73.0,555.8,495.0
2023-07-02T10:00,28.7,81,25.0,34.2,0.10,53,48,22,2,79.4,33.8,45.7,213.7,209.2
2023-07-02T11:00,27.6,85,24.9,33.6,0.00,93,33,33,87,0.0,0.0,0.0,0.0,0.0
2023-07-02T12:00,27.8,90,25.9,34.7,0.00,98,4,17,67,0.0,0.0,0.0,0.0,0.0
2023-07-02T13:00,27.4,91,25.8,34.1,0.00,45,0,10,39,0.0,0.0,0.0,0.0,0.0
2023-07-02T14:00,27.1,89,25.1,33.3,0.00,90,0,2,90,0.0,0.0,0.0,0.0,0.0
2023-07-02T15:00,26.9,91,25.3,33.3,0.00,100,0,2,100,0.0,0.0,0.0,0.0,0.0
2023-07-02T16:00,26.6,91,25.0,32.8,0.00,99,0,8,99,0.0,0.0,0.0,0.0,0.0
2023-07-02T17:00,27.6,86,25.1,34.1,0.00,100,0,4,100,0.0,0.0,0.0,0.0,0.0
2023-07-02T18:00,26.3,90,24.6,32.4,0.00,55,0,0,55,0.0,0.0,0.0,0.0,0.0
2023-07-02T19:00,25.7,93,24.4,31.6,0.00,98,0,0,98,0.0,0.0,0.0,0.0,0.0
2023-07-02T20:00,26.0,93,24.9,32.2,0.00,100,1,0,100,0.0,0.0,0.0,0.0,0.0
2023-07-02T21:00,26.5,92,25.2,33.3,0.00,80,0,0,80,0.0,0.0,0.0,0.0,0.0
2023-07-02T22:00,26.6,93,25.5,33.5,0.00,50,1,0,50,74.6,32.9,41.7,190.5,228.6
2023-07-02T23:00,28.0,85,25.3,34.7,0.00,47,0,2,46,276.2,187.8,88.4,483.7,513.8
2023-07-03T00:00,30.0,75,25.0,36.6,0.00,78,11,6,99,474.2,353.0,121.3,599.6,778.9
2023-07-03T01:00,31.3,69,25.0,37.8,0.00,38,10,4,28,647.6,507.3,140.3,667.3,1005.8
2023-07-03T02:00,32.3,65,24.9,38.9,0.00,46,12,3,39,800.4,666.1,134.3,747.5,1179.2
2023-07-03T03:00,33.2,60,24.3,39.3,0.00,27,21,4,6,908.0,759.4,148.6,780.7,1287.1
2023-07-03T04:00,33.7,59,24.5,40.1,0.00,71,9,11,65,906.8,731.3,175.5,731.8,1322.2
2023-07-03T05:00,33.8,58,24.5,39.8,0.00,99,5,9,98,903.5,744.8,158.8,768.5,1282.2
2023-07-03T06:00,33.4,59,24.4,38.5,1.00,100,17,44,100,763.5,555.5,208.0,628.4,1169.7
2023-07-03T07:00,32.1,65,24.6,36.8,0.70,98,27,62,92,452.3,224.8,227.5,299.7,992.4
2023-07-03T08:00,32.1,67,25.2,37.7,0.40,89,12,16,85,403.2,279.5,123.7,485.0,762.4
2023-07-03T09:00,31.4,69,25.0,36.9,0.30,89,11,24,83,259.0,178.9,80.0,477.9,495.3
2023-07-03T10:00,30.6,71,24.8,36.4,0.00,99,39,5,99,83.0,40.3,42.7,254.8,209.4
2023-07-03T11:00,28.8,82,25.3,35.0,0.00,98,15,5,97,0.0,0.0,0.0,0.0,0.0
2023-07-03T12:00,29.4,76,24.7,35.4,0.00,99,4,19,82,0.0,0.0,0.0,0.0,0.0
2023-07-03T13:00,29.1,77,24.5,35.3,0.00,95,2,5,95,0.0,0.0,0.0,0.0,0.0
2023-07-03T14:00,27.2,86,24.6,33.0,0.00,100,1,3,100,0.0,0.0,0.0,0.0,0.0
2023-07-03T15:00,27.9,78,23.6,33.4,0.00,67,0,0,67,0.0,0.0,0.0,0.0,0.0
2023-07-03T16:00,26.1,87,23.7,31.7,0.00,41,0,0,41,0.0,0.0,0.0,0.0,0.0
2023-07-03T17:00,25.7,88,23.5,31.2,0.00,26,0,0,26,0.0,0.0,0.0,0.0,0.0
2023-07-03T18:00,25.3,89,23.3,30.5,0.00,100,0,0,100,0.0,0.0,0.0,0.0,0.0
2023-07-03T19:00,26.9,79,22.8,31.7,0.00,100,0,0,100,0.0,0.0,0.0,0.0,0.0
2023-07-03T20:00,25.6,84,22.7,30.0,0.00,100,0,0,100,0.0,0.0,0.0,0.0,0.0
2023-07-03T21:00,25.7,82,22.4,30.0,0.00,100,0,0,100,0.0,0.0,0.0,0.0,0.0
2023-07-03T22:00,26.8,78,22.5,31.4,0.00,69,0,0,69,74.6,32.9,41.7,192.0,227.0
2023-07-03T23:00,27.8,73,22.6,33.0,0.00,99,0,0,99,277.9,190.8,87.1,492.8,512.4
2023-07-04T00:00,29.4,71,23.5,33.5,0.00,98,0,8,100,487.7,377.2,110.5,641.7,777.7
2023-07-04T01:00,31.0,65,23.5,34.8,0.00,68,0,3,67,672.5,549.0,123.5,722.8,1004.9
2023-07-04T02:00,32.2,60,23.6,37.0,0.00,99,1,0,99,805.9,679.1,126.8,762.5,1178.5
2023-07-04T03:00,33.7,56,23.7,39.2,0.00,98,1,0,98,902.9,745.0,157.9,766.0,1286.7
2023-07-04T04:00,34.4,53,23.6,39.8,0.00,98,0,0,98,945.2,808.0,137.2,808.6,1322.1
2023-07-04T05:00,34.2,58,24.6,39.8,0.00,99,1,4,99,931.0,802.6,128.4,828.2,1282.3
2023-07-04T06:00,33.8,59,24.6,38.8,0.00,100,0,18,100,819.6,671.4,148.2,759.3,1170.0
2023-07-04T07:00,33.5,57,23.9,37.1,0.00,100,0,12,100,622.3,445.1,177.3,593.1,992.8
2023-07-04T08:00,32.8,61,24.3,36.2,0.00,100,0,9,100,474.1,347.8,126.3,603.3,762.8
2023-07-04T09:00,32.0,65,24.6,35.9,0.00,100,0,13,100,288.0,190.7,97.3,509.1,495.6
2023-07-04T10:00,31.1,65,23.9,34.6,0.00,98,0,15,98,103.8,65.8,38.0,415.6,209.5
2023-07-04T11:00,30.6,62,22.4,33.5,0.00,96,0,7,96,0.0,0.0,0.0,0.0,0.0
2023-07-04T12:00,28.7,76,23.9,33.6,0.00,82,0,3,100,0.0,0.0,0.0,0.0,0.0
2023-07-04T13:00,28.2,78,24.0,33.5,0.00,100,0,1,100,0.0,0.0,0.0,0.0,0.0
2023-07-04T14:00,29.2,68,22.6,34.0,0.00,97,0,9,97,0.0,0.0,0.0,0.0,0.0
2023-07-04T15:00,27.9,73,22.6,32.2,0.00,99,0,4,99,0.0,0.0,0.0,0.0,0.0
2023-07-04T16:00,27.7,72,22.2,31.8,0.00,100,0,3,100,0.0,0.0,0.0,0.0,0.0
2023-07-04T17:00,26.9,77,22.5,31.4,0.00,100,0,0,100,0.0,0.0,0.0,0.0,0.0
2023-07-04T18:00,26.9,77,22.5,31.2,0.00,100,0,0,100,0.0,0.0,0.0,0.0,0.0
2023-07-04T19:00,28.0,68,21.6,31.9,0.00,100,0,0,100,0.0,0.0,0.0,0.0,0.0
2023-07-04T20:00,26.0,76,21.4,29.4,0.00,100,0,0,100,0.0,0.0,0.0,0.0,0.0
2023-07-04T21:00,26.1,72,20.6,29.2,0.00,100,0,0,100,0.0,0.0,0.0,0.0,0.0
2023-07-04T22:00,27.8,66,21.0,30.6,0.00,99,0,0,99,72.5,26.4,46.1,154.8,225.3
2023-07-04T23:00,29.6,61,21.4,32.1,0.00,100,0,0,100,267.3,168.9,98.3,437.5,510.9
2023-07-05T00:00,31.4,58,22.2,34.1,0.00,100,0,0,100,473.5,337.7,135.8,575.4,776.5
2023-07-05T01:00,32.8,54,22.3,34.4,0.00,100,0,2,100,649.1,467.1,181.9,615.6,1004.0
2023-07-05T02:00,33.6,52,22.4,35.1,0.00,100,0,4,100,801.8,611.6,190.2,686.9,1177.9
2023-07-05T03:00,33.8,54,23.2,35.9,0.00,100,1,1,100,876.0,680.6,195.4,700.0,1286.4
2023-07-05T04:00,34.1,52,22.8,36.0,0.00,100,2,2,100,897.9,685.0,212.9,685.5,1322.0
2023-07-05T05:00,34.1,52,22.9,36.3,0.00,100,2,2,100,877.2,680.2,197.0,701.8,1282.4
2023-07-05T06:00,34.3,52,23.1,36.6,0.00,100,0,2,100,818.7,656.3,162.4,742.0,1170.2
2023-07-05T07:00,34.0,54,23.4,36.2,0.00,100,0,0,100,674.5,527.3,147.1,702.6,993.1
2023-07-05T08:00,33.5,53,22.5,34.9,0.00,100,0,2,100,497.5,372.1,125.5,645.1,763.1
2023-07-05T09:00,32.9,55,22.8,34.8,0.00,99,0,3,99,295.1,203.3,91.8,542.4,495.8
2023-07-05T10:00,32.1,57,22.4,34.7,0.00,99,0,4,99,106.7,65.8,40.9,415.5,209.6
2023-07-05T11:00,31.3,56,21.4,33.9,0.00,100,0,9,100,0.0,0.0,0.0,0.0,0.0
2023-07-05T12:00,30.1,60,21.5,33.6,0.00,100,0,0,100,0.0,0.0,0.0,0.0,0.0
2023-07-05T13:00,29.4,64,21.8,33.3,0.00,100,0,0,100,0.0,0.0,0.0,0.0,0.0
2023-07-05T14:00,28.5,71,22.8,32.7,0.00,100,0,0,100,0.0,0.0,0.0,0.0,0.0
2023-07-05T15:00,28.2,71,22.6,32.4,0.00,100,0,0,100,0.0,0.0,0.0,0.0,0.0
2023-07-05T16:00,27.5,76,22.8,31.9,0.00,100,0,2,100,0.0,0.0,0.0,0.0,0.0
2023-07-05T17:00,27.4,73,22.1,31.7,0.00,100,0,3,100,0.0,0.0,0.0,0.0,0.0
2023-07-05T18:00,27.0,74,22.0,31.2,0.00,100,0,1,100,0.0,0.0,0.0,0.0,0.0
2023-07-05T19:00,26.7,75,21.8,30.7,0.00,100,0,0,100,0.0,0.0,0.0,0.0,0.0
2023-07-05T20:00,26.8,73,21.6,30.6,0.00,100,0,0,100,0.0,0.0,0.0,0.0,0.0
2023-07-05T21:00,27.0,72,21.5,30.7,0.00,100,0,0,100,0.0,0.0,0.0,0.0,0.0
2023-07-05T22:00,27.7,72,22.1,31.4,0.00,100,0,0,100,66.0,15.4,50.6,91.1,223.6
2023-07-05T23:00,29.1,69,22.9,32.8,0.00,98,1,0,98,241.3,108.2,133.1,281.0,509.4
2023-07-06T00:00,30.9,63,23.1,34.3,0.00,21,0,3,39,482.2,365.5,116.6,623.9,775.2
2023-07-06T01:00,32.3,60,23.5,35.7,0.00,100,0,5,100,673.9,543.7,130.3,717.1,1003.0
2023-07-06T02:00,33.5,58,24.0,37.8,0.00,99,0,5,99,825.6,688.0,137.6,773.2,1177.3
2023-07-06T03:00,34.3,56,24.2,39.1,0.00,100,0,0,100,908.3,729.5,178.7,750.6,1286.1
2023-07-06T04:00,34.8,56,24.9,40.3,0.00,100,6,0,100,945.4,767.8,177.6,768.5,1322.0
2023-07-06T05:00,35.1,56,25.0,40.6,0.00,100,0,0,100,918.4,763.5,154.9,787.7,1282.5
2023-07-06T06:00,35.1,57,25.2,40.6,0.00,99,0,0,99,815.9,656.3,159.6,741.9,1170.5
2023-07-06T07:00,34.8,58,25.3,39.8,0.00,89,0,0,89,614.2,483.5,130.7,644.0,993.4
2023-07-06T08:00,34.3,59,25.1,38.6,0.00,46,1,0,46,480.2,365.2,115.1,632.9,763.3
2023-07-06T09:00,33.2,61,24.5,37.3,0.00,39,9,0,33,298.2,232.3,65.9,619.6,496.0
2023-07-06T10:00,31.4,64,23.8,35.2,0.00,92,0,0,92,100.8,59.3,41.5,374.2,209.6
2023-07-06T11:00,29.9,67,23.1,33.7,0.00,83,0,0,83,0.0,0.0,0.0,0.0,0.0
2023-07-06T12:00,29.2,71,23.3,34.0,0.00,66,1,0,70,0.0,0.0,0.0,0.0,0.0
2023-07-06T13:00,28.4,77,24.1,34.1,0.00,33,0,0,33,0.0,0.0,0.0,0.0,0.0
2023-07-06T14:00,27.9,80,24.2,33.6,0.00,48,0,0,48,0.0,0.0,0.0,0.0,0.0
2023-07-06T15:00,27.3,84,24.4,33.2,0.00,52,0,0,52,0.0,0.0,0.0,0.0,0.0
2023-07-06T16:00,26.7,88,24.5,32.7,0.00,42,0,0,42,0.0,0.0,0.0,0.0,0.0
2023-07-06T17:00,26.2,90,24.5,32.3,0.00,12,0,4,9,0.0,0.0,0.0,0.0,0.0
2023-07-06T18:00,25.8,91,24.1,31.6,0.00,10,0,7,3,0.0,0.0,0.0,0.0,0.0
2023-07-06T19:00,25.0,92,23.5,30.1,0.00,87,0,0,87,0.0,0.0,0.0,0.0,0.0
2023-07-06T20:00,24.8,90,23.1,29.6,0.00,91,0,0,91,0.0,0.0,0.0,0.0,0.0
2023-07-06T21:00,25.0,87,22.6,29.6,0.00,78,0,0,78,0.0,0.0,0.0,0.0,0.0
2023-07-06T22:00,26.6,80,22.8,31.5,0.00,84,0,0,84,74.8,37.4,37.4,223.1,221.8
2023-07-06T23:00,28.4,69,22.2,32.5,0.00,33,0,0,33,279.2,194.4,84.7,506.6,507.9
2023-07-07T00:00,30.8,62,22.6,33.8,0.00,85,0,6,84,495.7,397.0,98.7,678.7,774.0
2023-07-07T01:00,32.5,58,23.0,35.5,0.00,83,0,10,81,687.6,570.8,116.9,753.6,1002.1
2023-07-07T02:00,33.8,54,23.3,37.4,0.00,12,0,0,11,840.8,717.1,123.6,806.4,1176.7
2023-07-07T03:00,34.9,52,23.6,39.1,0.00,36,0,1,35,943.7,830.5,113.3,854.6,1285.7
2023-07-07T04:00,35.4,53,24.4,40.5,0.00,61,0,0,61,979.8,866.8,113.0,867.6,1321.9
2023-07-07T05:00,35.7,52,24.5,40.9,0.00,68,0,0,68,945.9,833.2,112.7,859.5,1282.6
2023-07-07T06:00,35.7,53,24.5,40.7,0.00,14,0,1,14,853.9,747.5,106.4,844.9,1170.7
2023-07-07T07:00,35.3,53,24.3,39.8,0.00,16,0,0,16,712.0,619.7,92.3,825.2,993.6
2023-07-07T08:00,34.3,56,24.2,38.1,0.00,39,0,0,38,524.4,443.9,80.5,769.2,763.5
2023-07-07T09:00,33.1,57,23.5,36.3,0.00,95,0,0,95,314.7,251.9,62.8,671.8,496.1
2023-07-07T10:00,31.5,60,22.9,34.8,0.00,60,0,0,60,112.6,77.6,35.0,490.3,209.4
2023-07-07T11:00,30.1,64,22.5,33.5,0.00,85,0,0,85,0.0,0.0,0.0,0.0,0.0
2023-07-07T12:00,29.3,64,21.8,33.1,0.00,87,0,1,91,0.0,0.0,0.0,0.0,0.0
2023-07-07T13:00,28.5,69,22.3,33.0,0.00,86,0,0,86,0.0,0.0,0.0,0.0,0.0
2023-07-07T14:00,28.2,70,22.2,32.6,0.00,0,0,0,0,0.0,0.0,0.0,0.0,0.0
2023-07-07T15:00,27.7,73,22.5,32.3,0.00,0,0,0,0,0.0,0.0,0.0,0.0,0.0
2023-07-07T16:00,26.8,78,22.6,31.6,0.00,17,0,0,17,0.0,0.0,0.0,0.0,0.0
2023-07-07T17:00,26.0,83,22.9,31.1,0.00,1,0,0,1,0.0,0.0,0.0,0.0,0.0
2023-07-07T18:00,25.5,84,22.6,30.4,0.00,9,0,0,9,0.0,0.0,0.0,0.0,0.0
2023-07-07T19:00,25.1,84,22.2,29.4,0.00,36,0,0,36,0.0,0.0,0.0,0.0,0.0
2023-07-07T20:00,25.6,77,21.2,29.3,0.00,39,0,0,39,0.0,0.0,0.0,0.0,0.0
2023-07-07T21:00,25.6,74,20.6,28.9,0.00,20,0,0,20,0.0,0.0,0.0,0.0,0.0
2023-07-07T22:00,27.2,71,21.5,30.8,0.00,0,0,0,0,74.9,39.6,35.2,238.3,220.0
2023-07-07T23:00,29.2,66,22.3,32.6,0.00,0,0,0,0,282.4,201.7,80.7,527.1,506.3
2023-07-08T00:00,31.1,62,22.9,33.7,0.00,0,0,0,5,500.8,404.5,96.3,692.5,772.8
2023-07-08T01:00,32.9,55,22.6,35.4,0.00,23,0,0,23,699.1,594.5,104.5,785.7,1001.2
2023-07-08T02:00,34.3,50,22.5,37.4,0.00,16,0,0,16,852.8,744.1,108.6,837.2,1176.0
2023-07-08T03:00,35.3,47,22.4,38.9,0.00,26,0,0,26,952.2,841.0,111.2,865.6,1285.4
2023-07-08T04:00,35.8,46,22.5,39.8,0.00,0,0,0,0,988.9,879.9,109.0,880.8,1321.8
2023-07-08T05:00,35.7,50,23.7,40.3,0.00,20,0,0,20,956.8,849.9,106.9,876.7,1282.7
2023-07-08T06:00,35.5,52,24.1,40.3,0.00,4,0,0,4,860.6,757.1,103.5,855.5,1170.9
2023-07-08T07:00,34.7,57,24.8,39.7,0.00,10,0,0,10,713.8,617.0,96.9,821.4,993.8
2023-07-08T08:00,33.8,60,25.0,38.5,0.00,3,0,0,3,521.8,437.8,83.9,758.6,763.7
2023-07-08T09:00,32.9,64,25.2,37.5,0.00,6,1,1,5,309.1,242.4,66.7,646.6,496.1
2023-07-08T10:00,31.6,68,24.9,36.2,0.00,8,6,1,1,108.9,72.2,36.7,456.7,209.3
2023-07-08T11:00,30.5,70,24.4,35.3,0.00,4,3,1,0,0.0,0.0,0.0,0.0,0.0
2023-07-08T12:00,29.6,73,24.2,35.1,0.00,1,0,4,7,0.0,0.0,0.0,0.0,0.0
2023-07-08T13:00,28.8,79,24.7,35.0,0.00,3,0,3,1,0.0,0.0,0.0,0.0,0.0
2023-07-08T14:00,28.6,79,24.6,34.5,0.00,2,0,2,0,0.0,0.0,0.0,0.0,0.0
2023-07-08T15:00,28.1,83,24.8,34.1,0.00,1,0,1,0,0.0,0.0,0.0,0.0,0.0
2023-07-08T16:00,27.3,88,25.1,33.7,0.00,1,0,1,0,0.0,0.0,0.0,0.0,0.0
2023-07-08T17:00,26.6,92,25.3,33.1,0.00,1,0,1,0,0.0,0.0,0.0,0.0,0.0
2023-07-08T18:00,27.1,91,25.4,33.7,0.00,0,0,0,0,0.0,0.0,0.0,0.0,0.0
2023-07-08T19:00,25.5,97,24.9,31.5,0.00,0,0,0,0,0.0,0.0,0.0,0.0,0.0
2023-07-08T20:00,25.1,97,24.6,31.2,0.00,0,0,0,0,0.0,0.0,0.0,0.0,0.0
2023-07-08T21:00,24.5,98,24.1,30.4,0.00,12,0,0,12,0.0,0.0,0.0,0.0,0.0
2023-07-08T22:00,25.7,93,24.6,31.8,0.00,95,0,0,95,72.7,37.5,35.3,227.1,218.2
2023-07-08T23:00,27.9,77,23.5,33.2,0.00,62,0,0,62,278.6,196.4,82.2,514.9,504.8
2023-07-09T00:00,29.5,70,23.5,35.1,0.00,50,0,0,54,496.2,399.9,96.4,685.8,771.5
2023-07-09T01:00,31.7,60,23.1,37.0,0.00,48,0,0,48,694.8,590.2,104.6,780.7,1000.3
2023-07-09T02:00,33.6,53,22.7,39.3,0.00,42,0,0,42,848.6,738.9,109.7,831.8,1175.4
2023-07-09T03:00,34.9,51,23.2,41.4,0.00,2,2,0,0,941.9,830.7,111.2,855.3,1285.1
2023-07-09T04:00,36.0,48,23.3,42.0,0.00,30,28,3,0,947.6,801.3,146.3,802.2,1321.7
2023-07-09T05:00,35.9,47,23.0,40.7,0.00,52,50,3,1,826.4,647.0,179.4,667.4,1282.8
2023-07-09T06:00,35.5,50,23.3,39.7,0.00,70,66,6,7,696.3,467.4,228.9,528.1,1171.1
2023-07-09T07:00,35.3,51,23.6,39.5,0.00,66,57,15,15,596.9,430.5,166.4,573.0,994.0
2023-07-09T08:00,34.7,53,23.8,38.7,0.00,69,65,9,2,379.0,244.0,135.0,422.7,763.8
2023-07-09T09:00,34.1,56,24.0,38.6,0.40,38,18,15,16,242.4,149.0,93.4,397.6,496.0
2023-07-09T10:00,33.5,58,24.2,38.5,0.40,38,18,17,13,91.7,53.2,38.4,337.1,209.0
2023-07-09T11:00,32.1,67,25.1,38.2,0.00,14,0,10,6,0.0,0.0,0.0,0.0,0.0
2023-07-09T12:00,30.2,79,26.3,37.1,0.00,7,1,8,3,0.0,0.0,0.0,0.0,0.0
2023-07-09T13:00,29.6,82,26.2,36.5,0.00,6,1,5,1,0.0,0.0,0.0,0.0,0.0
2023-07-09T14:00,28.6,87,26.3,35.6,0.00,5,1,4,0,0.0,0.0,0.0,0.0,0.0
2023-07-09T15:00,28.0,89,26.1,34.9,0.00,16,1,3,13,0.0,0.0,0.0,0.0,0.0
2023-07-09T16:00,27.4,93,26.1,34.1,0.00,2,1,1,0,0.0,0.0,0.0,0.0,0.0
2023-07-09T17:00,27.5,92,26.1,34.5,0.00,1,0,1,0,0.0,0.0,0.0,0.0,0.0
2023-07-09T18:00,27.7,92,26.3,35.2,0.00,0,0,0,0,0.0,0.0,0.0,0.0,0.0
2023-07-09T19:00,27.4,95,26.5,34.8,0.00,0,0,0,0,0.0,0.0,0.0,0.0,0.0
2023-07-09T20:00,27.1,95,26.1,34.3,0.00,0,0,0,0,0.0,0.0,0.0,0.0,0.0
2023-07-09T21:00,25.7,97,25.3,32.3,0.00,0,0,0,0,0.0,0.0,0.0,0.0,0.0
2023-07-09T22:00,26.9,92,25.5,33.3,0.00,0,0,0,0,70.6,35.3,35.3,215.7,216.4
2023-07-09T23:00,28.6,75,23.7,34.1,0.00,3,3,0,0,272.1,188.4,83.7,495.4,503.2
2023-07-10T00:00,29.8,68,23.3,35.3,0.00,5,1,0,0,483.3,379.6,103.6,652.1,770.3
2023-07-10T01:00,31.7,61,23.2,37.5,0.00,0,0,0,0,683.7,574.7,109.1,760.9,999.4
2023-07-10T02:00,33.4,55,23.1,39.9,0.00,7,7,0,0,819.7,691.7,128.0,779.0,1174.8
2023-07-10T03:00,35.1,50,23.2,42.1,0.00,27,27,1,0,889.0,729.9,159.1,751.7,1284.8
2023-07-10T04:00,35.6,48,23.1,41.5,0.00,3,2,2,0,855.9,651.0,204.9,651.8,1321.6
2023-07-10T05:00,34.5,52,23.3,40.2,1.20,68,29,52,18,854.9,707.9,147.1,730.1,1282.9
2023-07-10T06:00,32.6,61,24.2,38.1,0.80,64,36,36,23,583.3,367.6,215.6,415.4,1171.2
2023-07-10T07:00,32.9,62,24.7,39.0,0.10,32,23,15,1,576.7,410.4,166.4,546.2,994.2
2023-07-10T08:00,33.0,63,25.0,38.4,0.10,11,7,4,2,433.5,296.8,136.7,514.1,763.8
2023-07-10T09:00,32.1,66,25.1,37.5,0.00,16,15,9,0,255.7,175.7,80.0,468.8,495.9
2023-07-10T10:00,31.7,69,25.2,37.5,0.00,19,7,11,8,87.4,51.4,36.0,326.1,208.6
2023-07-10T11:00,30.9,73,25.4,37.5,0.00,9,0,7,4,0.0,0.0,0.0,0.0,0.0
2023-07-10T12:00,29.9,84,26.8,37.4,0.00,6,1,10,0,0.0,0.0,0.0,0.0,0.0
2023-07-10T13:00,29.2,90,27.3,36.9,0.00,1,0,1,0,0.0,0.0,0.0,0.0,0.0
2023-07-10T14:00,29.1,87,26.7,36.3,0.00,0,0,0,0,0.0,0.0,0.0,0.0,0.0
2023-07-10T15:00,28.6,87,26.2,35.4,0.00,4,4,0,0,0.0,0.0,0.0,0.0,0.0
2023-07-10T16:00,28.1,89,26.2,34.8,0.00,5,5,0,0,0.0,0.0,0.0,0.0,0.0
2023-07-10T17:00,27.2,94,26.2,34.2,0.00,4,4,0,0,0.0,0.0,0.0,0.0,0.0
2023-07-10T18:00,27.7,91,26.1,35.1,0.00,3,3,0,0,0.0,0.0,0.0,0.0,0.0
2023-07-10T19:00,27.2,94,26.2,34.3,0.00,29,29,0,0,0.0,0.0,0.0,0.0,0.0
2023-07-10T20:00,27.1,96,26.4,34.6,0.00,100,100,0,0,0.0,0.0,0.0,0.0,0.0
2023-07-10T21:00,26.4,97,26.0,33.6,0.10,100,100,0,0,0.0,0.0,0.0,0.0,0.0
2023-07-10T22:00,27.0,94,26.0,34.0,0.40,94,94,11,0,55.2,19.9,35.3,122.5,214.5
2023-07-10T23:00,28.2,88,26.0,35.3,0.10,19,18,5,0,181.7,76.9,104.8,202.8,501.7
2023-07-11T00:00,29.6,79,25.6,36.2,0.00,10,10,7,1,451.0,324.4,126.6,558.1,769.1
2023-07-11T01:00,31.8,66,24.8,37.6,0.00,8,6,3,2,601.8,474.7,127.1,629.1,998.5
2023-07-11T02:00,33.8,56,23.8,40.2,0.00,2,0,1,1,818.8,689.7,129.1,777.2,1174.3
2023-07-11T03:00,35.0,51,23.3,41.8,0.00,7,2,3,4,898.5,765.3,133.1,788.5,1284.5
2023-07-11T04:00,34.5,51,23.1,40.7,0.70,68,33,37,37,886.2,732.8,153.4,733.8,1321.5
2023-07-11T05:00,31.1,66,23.9,36.5,1.60,93,71,53,74,603.0,363.8,239.2,375.2,1283.0
2023-07-11T06:00,31.3,66,24.1,36.7,0.30,88,39,6,80,475.0,206.1,268.8,232.9,1171.3
2023-07-11T07:00,31.8,63,24.0,37.0,0.20,92,22,0,90,464.3,217.5,246.8,289.5,994.3
2023-07-11T08:00,31.2,65,24.0,36.7,0.00,89,0,0,88,292.4,116.8,175.6,202.3,763.8
2023-07-11T09:00,31.3,65,24.0,37.0,0.00,89,0,1,89,215.6,95.7,120.0,255.4,495.7
2023-07-11T10:00,31.1,66,24.0,36.9,0.00,98,4,1,98,89.7,38.4,51.3,243.8,208.1
2023-07-11T11:00,29.8,74,24.6,35.7,0.00,99,9,1,99,0.0,0.0,0.0,0.0,0.0
2023-07-11T12:00,29.1,81,25.4,35.5,0.00,99,1,0,100,0.0,0.0,0.0,0.0,0.0
2023-07-11T13:00,28.7,83,25.5,35.2,0.00,100,0,0,100,0.0,0.0,0.0,0.0,0.0
2023-07-11T14:00,28.6,84,25.6,35.0,0.00,23,0,0,23,0.0,0.0,0.0,0.0,0.0
2023-07-11T15:00,27.8,89,25.7,34.4,0.00,0,0,0,0,0.0,0.0,0.0,0.0,0.0
2023-07-11T16:00,27.2,92,25.8,33.9,0.00,1,1,0,0,0.0,0.0,0.0,0.0,0.0
2023-07-11T17:00,26.4,93,25.3,32.7,0.00,1,1,0,0,0.0,0.0,0.0,0.0,0.0
2023-07-11T18:00,25.8,96,25.1,32.1,0.00,4,4,0,0,0.0,0.0,0.0,0.0,0.0
2023-07-11T19:00,26.2,94,25.2,32.8,0.00,60,60,2,0,0.0,0.0,0.0,0.0,0.0
2023-07-11T20:00,26.1,95,25.2,32.4,0.00,86,86,4,0,0.0,0.0,0.0,0.0,0.0
2023-07-11T21:00,25.9,95,25.0,32.3,0.00,15,11,4,0,0.0,0.0,0.0,0.0,0.0
2023-07-11T22:00,26.9,89,24.9,33.1,0.00,3,3,1,0,53.0,19.9,33.1,123.7,212.7
2023-07-11T23:00,28.6,76,23.9,34.3,0.00,0,0,0,0,233.8,133.0,100.8,352.0,500.1
2023-07-12T00:00,30.5,66,23.5,35.9,0.00,7,0,0,3,480.2,376.4,103.8,648.8,767.8
2023-07-12T01:00,32.4,59,23.3,37.4,0.00,97,0,2,97,670.6,557.0,113.6,738.9,997.6
2023-07-12T02:00,33.8,53,23.0,39.8,0.00,47,3,6,42,803.9,671.5,132.4,757.1,1173.7
2023-07-12T03:00,33.9,54,23.2,40.6,0.00,53,18,18,37,844.5,676.0,168.5,696.6,1284.2
2023-07-12T04:00,31.2,67,24.2,36.8,1.50,100,100,88,67,702.6,459.3,243.3,460.0,1321.4
2023-07-12T05:00,32.2,63,24.4,38.4,0.00,100,16,15,100,555.0,275.5,279.4,284.2,1283.0
2023-07-12T06:00,33.0,60,24.1,38.6,0.00,100,18,9,100,653.6,431.3,222.3,487.2,1171.4
2023-07-12T07:00,32.5,59,23.6,37.2,0.10,87,1,0,87,452.4,228.5,223.9,304.1,994.3
2023-07-12T08:00,33.1,58,23.6,38.4,0.00,14,0,0,13,453.3,301.9,151.4,523.1,763.8
2023-07-12T09:00,33.1,57,23.5,38.7,0.00,18,3,1,15,301.8,236.0,65.8,630.3,495.4
2023-07-12T10:00,32.5,60,23.9,38.1,0.00,14,12,2,0,93.1,56.6,36.5,360.6,207.6
2023-07-12T11:00,30.6,73,25.1,36.8,0.00,45,44,2,0,0.0,0.0,0.0,0.0,0.0
2023-07-12T12:00,29.2,83,26.0,36.1,0.00,20,19,11,0,0.0,0.0,0.0,0.0,0.0
2023-07-12T13:00,28.7,86,26.2,35.9,0.00,7,2,4,0,0.0,0.0,0.0,0.0,0.0
2023-07-12T14:00,28.5,87,26.1,35.3,0.00,12,8,5,0,0.0,0.0,0.0,0.0,0.0
2023-07-12T15:00,28.1,86,25.6,34.6,0.00,13,3,3,8,0.0,0.0,0.0,0.0,0.0
2023-07-12T16:00,27.4,89,25.4,33.5,0.00,4,3,0,0,0.0,0.0,0.0,0.0,0.0
2023-07-12T17:00,26.5,93,25.3,32.8,0.00,1,1,0,0,0.0,0.0,0.0,0.0,0.0
2023-07-12T18:00,25.8,95,24.9,31.8,0.00,1,1,0,0,0.0,0.0,0.0,0.0,0.0
2023-07-12T19:00,26.2,91,24.7,32.3,0.00,1,1,0,0,0.0,0.0,0.0,0.0,0.0
2023-07-12T20:00,26.4,91,24.8,32.9,0.00,4,4,1,0,0.0,0.0,0.0,0.0,0.0
2023-07-12T21:00,26.2,92,24.8,32.6,0.00,4,2,0,1,0.0,0.0,0.0,0.0,0.0
2023-07-12T22:00,26.4,91,24.8,33.0,0.00,29,1,0,28,66.3,30.9,35.4,194.3,210.8
2023-07-12T23:00,27.9,83,24.7,34.1,0.00,31,4,0,28,267.9,182.3,85.6,484.0,498.6
2023-07-13T00:00,29.9,70,23.9,35.5,0.00,16,0,0,9,485.3,380.3,105.0,656.5,766.6
2023-07-13T01:00,31.9,61,23.4,37.7,0.00,55,0,0,55,683.2,572.9,110.3,760.7,996.7
2023-07-13T02:00,33.6,53,22.6,40.0,0.00,75,1,0,75,834.2,714.7,119.5,806.2,1173.1
2023-07-13T03:00,34.9,48,22.1,41.3,0.00,83,43,9,69,843.5,693.8,149.8,715.1,1283.9
2023-07-13T04:00,35.0,48,22.3,40.3,0.00,99,19,21,99,791.5,524.9,266.5,525.8,1321.4
2023-07-13T05:00,34.2,51,22.5,39.4,0.40,99,21,40,99,786.4,591.3,195.1,609.9,1283.0
2023-07-13T06:00,33.8,54,23.0,39.5,0.60,50,37,25,0,750.5,571.9,178.6,646.1,1171.5
2023-07-13T07:00,33.8,54,23.3,38.9,0.30,27,20,15,0,600.5,452.4,148.1,602.1,994.3
2023-07-13T08:00,33.5,54,23.0,37.6,0.10,22,20,6,0,453.2,327.8,125.4,568.2,763.6
2023-07-13T09:00,32.8,57,23.1,36.7,0.10,46,41,25,0,256.2,181.8,74.4,486.0,495.1
2023-07-13T10:00,31.1,65,23.8,34.7,0.20,10,4,5,2,94.1,57.1,37.1,364.9,206.9
2023-07-13T11:00,29.6,72,24.0,33.8,0.00,28,3,4,22,0.0,0.0,0.0,0.0,0.0
2023-07-13T12:00,29.2,76,24.5,34.0,0.00,14,1,5,95,0.0,0.0,0.0,0.0,0.0
2023-07-13T13:00,28.8,77,24.5,33.5,0.00,100,5,2,100,0.0,0.0,0.0,0.0,0.0
2023-07-13T14:00,28.7,75,23.9,33.0,0.00,100,1,0,100,0.0,0.0,0.0,0.0,0.0
2023-07-13T15:00,28.3,75,23.5,32.4,0.00,100,1,0,100,0.0,0.0,0.0,0.0,0.0
2023-07-13T16:00,27.7,77,23.3,32.0,0.00,99,1,0,99,0.0,0.0,0.0,0.0,0.0
2023-07-13T17:00,27.1,80,23.5,31.5,0.00,66,2,0,65,0.0,0.0,0.0,0.0,0.0
2023-07-13T18:00,26.6,84,23.8,31.6,0.00,71,10,0,68,0.0,0.0,0.0,0.0,0.0
2023-07-13T19:00,25.8,90,24.0,31.2,0.00,53,33,0,31,0.0,0.0,0.0,0.0,0.0
2023-07-13T20:00,25.2,92,23.8,30.5,0.00,100,28,0,100,0.0,0.0,0.0,0.0,0.0
2023-07-13T21:00,25.0,93,23.8,30.6,0.00,100,30,0,100,0.0,0.0,0.0,0.0,0.0
2023-07-13T22:00,26.6,86,24.1,32.4,0.00,100,35,0,100,59.7,17.7,42.0,112.1,208.9
2023-07-13T23:00,28.6,77,24.1,33.1,0.00,82,28,0,75,213.6,101.2,112.4,269.4,497.0
2023-07-14T00:00,30.4,69,24.1,35.0,0.00,27,9,2,23,463.9,351.5,112.3,607.8,765.4
2023-07-14T01:00,31.9,61,23.4,36.8,0.00,36,8,1,30,654.2,525.8,128.4,698.8,995.9
2023-07-14T02:00,33.3,55,22.9,39.4,0.00,43,3,0,42,825.7,698.7,127.0,788.6,1172.6
2023-07-14T03:00,34.8,48,22.2,41.3,0.00,84,13,5,82,896.7,744.8,151.9,768.0,1283.6
2023-07-14T04:00,36.3,44,22.0,42.6,0.00,57,29,22,38,883.4,682.5,200.9,683.6,1321.3
2023-07-14T05:00,37.1,40,21.4,42.4,0.00,53,4,50,5,788.4,528.5,259.9,545.2,1283.0
2023-07-14T06:00,36.6,44,22.2,40.8,0.00,69,65,59,4,707.8,514.9,192.9,581.7,1171.5
2023-07-14T07:00,35.1,52,23.9,40.3,0.10,36,25,32,3,674.5,552.0,122.5,734.8,994.3
2023-07-14T08:00,34.5,55,24.2,38.4,0.00,10,4,5,1,474.8,366.7,108.1,635.8,763.4
2023-07-14T09:00,33.0,59,24.0,36.2,0.00,21,2,1,18,296.9,225.6,71.3,603.7,494.6
2023-07-14T10:00,31.3,65,24.0,34.5,0.00,8,2,0,6,106.3,71.0,35.2,456.0,206.2
2023-07-14T11:00,30.1,69,23.9,33.6,0.00,8,1,0,7,0.0,0.0,0.0,0.0,0.0
2023-07-14T12:00,29.6,73,24.3,33.3,0.00,1,7,0,0,0.0,0.0,0.0,0.0,0.0
2023-07-14T13:00,29.6,72,24.1,33.2,0.00,13,13,0,0,0.0,0.0,0.0,0.0,0.0
2023-07-14T14:00,29.2,74,24.0,33.3,0.00,22,19,0,3,0.0,0.0,0.0,0.0,0.0
2023-07-14T15:00,29.1,74,24.0,33.5,0.00,33,9,2,25,0.0,0.0,0.0,0.0,0.0
2023-07-14T16:00,28.7,76,24.0,33.3,0.00,98,10,0,97,0.0,0.0,0.0,0.0,0.0
2023-07-14T17:00,28.2,78,24.1,33.4,0.00,97,4,0,97,0.0,0.0,0.0,0.0,0.0
2023-07-14T18:00,27.6,82,24.2,33.2,0.00,14,7,0,8,0.0,0.0,0.0,0.0,0.0
2023-07-14T19:00,27.0,86,24.4,32.9,0.00,12,4,0,9,0.0,0.0,0.0,0.0,0.0
2023-07-14T20:00,26.5,89,24.5,32.5,0.00,80,6,0,78,0.0,0.0,0.0,0.0,0.0
2023-07-14T21:00,26.0,92,24.6,31.9,0.00,83,8,2,81,0.0,0.0,0.0,0.0,0.0
2023-07-14T22:00,27.3,86,24.7,33.3,0.00,90,6,1,90,62.0,26.6,35.4,169.9,207.0
2023-07-14T23:00,29.2,76,24.4,34.9,0.00,92,2,0,92,257.6,170.3,87.3,454.9,495.5
2023-07-15T00:00,30.9,66,23.7,36.4,0.00,96,0,0,79,476.2,372.3,104.0,644.8,764.3
2023-07-15T01:00,33.1,58,23.7,38.5,0.00,93,1,0,93,676.9,567.6,109.2,755.1,995.0
2023-07-15T02:00,35.1,52,23.6,40.4,0.00,77,32,1,67,828.0,707.4,120.6,798.9,1172.1
2023-07-15T03:00,36.6,47,23.4,41.9,0.00,79,28,12,71,918.6,786.5,132.1,811.2,1283.3
2023-07-15T04:00,36.7,47,23.6,42.3,0.00,94,8,15,93,870.3,646.2,224.1,647.4,1321.2
2023-07-15T05:00,36.1,50,24.0,42.8,0.00,95,25,10,93,867.8,688.4,179.5,710.2,1283.0
2023-07-15T06:00,35.9,50,23.9,42.0,0.00,78,43,11,61,807.5,659.3,148.2,744.9,1171.5
2023-07-15T07:00,35.7,51,23.9,40.3,0.00,91,86,5,34,677.2,544.7,132.5,725.2,994.2
2023-07-15T08:00,34.5,54,23.9,37.6,0.00,97,60,4,93,441.9,310.4,131.4,538.5,763.1
2023-07-15T09:00,32.9,60,24.0,35.5,0.00,72,37,5,55,277.2,190.3,86.9,509.7,494.1
2023-07-15T10:00,31.3,65,24.0,34.2,0.00,29,21,4,9,92.0,49.8,42.2,321.0,205.3
2023-07-15T11:00,29.9,71,24.1,33.4,0.00,17,14,2,2,0.0,0.0,0.0,0.0,0.0
2023-07-15T12:00,29.5,71,23.8,33.0,0.00,12,2,0,0,0.0,0.0,0.0,0.0,0.0
2023-07-15T13:00,29.4,71,23.7,32.7,0.00,5,4,0,0,0.0,0.0,0.0,0.0,0.0
2023-07-15T14:00,29.3,70,23.2,32.8,0.00,4,4,0,0,0.0,0.0,0.0,0.0,0.0
2023-07-15T15:00,28.9,71,23.2,33.2,0.00,4,4,0,0,0.0,0.0,0.0,0.0,0.0
2023-07-15T16:00,28.5,73,23.2,33.2,0.00,5,5,2,0,0.0,0.0,0.0,0.0,0.0
2023-07-15T17:00,28.1,75,23.2,32.9,0.00,10,7,4,3,0.0,0.0,0.0,0.0,0.0
2023-07-15T18:00,27.6,77,23.2,32.5,0.00,12,4,2,8,0.0,0.0,0.0,0.0,0.0
2023-07-15T19:00,27.3,79,23.3,32.3,0.00,8,5,1,3,0.0,0.0,0.0,0.0,0.0
2023-07-15T20:00,27.0,80,23.3,31.9,0.00,4,4,1,0,0.0,0.0,0.0,0.0,0.0
2023-07-15T21:00,26.8,82,23.4,31.8,0.00,3,3,1,0,0.0,0.0,0.0,0.0,0.0
2023-07-15T22:00,27.6,79,23.6,32.5,0.00,5,5,1,0,57.6,26.6,31.0,171.6,205.2
2023-07-15T23:00,29.1,73,23.8,33.7,0.00,16,11,6,0,252.4,166.4,86.0,445.8,494.0
2023-07-16T00:00,31.5,63,23.7,34.4,0.00,4,1,1,0,440.2,315.7,124.6,547.6,763.1
2023-07-16T01:00,32.7,59,23.7,35.2,0.00,19,17,4,0,666.9,543.0,123.9,723.0,994.2
2023-07-16T02:00,33.5,56,23.5,36.3,0.00,12,11,1,0,730.1,548.1,182.0,619.3,1171.6
2023-07-16T03:00,34.2,54,23.5,37.2,0.00,19,19,1,0,891.7,745.0,146.7,768.6,1283.1
2023-07-16T04:00,34.3,53,23.4,37.2,0.00,14,13,1,0,897.6,704.8,192.9,706.2,1321.1
2023-07-16T05:00,34.3,54,23.6,37.2,0.00,24,24,2,0,883.6,727.6,155.9,750.7,1283.0
2023-07-16T06:00,33.2,59,24.0,35.6,0.10,35,31,6,0,774.3,584.3,190.0,660.2,1171.5
2023-07-16T07:00,33.0,58,23.6,35.8,0.10,29,19,13,0,462.4,238.5,223.9,317.6,994.0
2023-07-16T08:00,32.9,59,23.9,36.2,0.00,21,21,1,0,427.1,304.3,122.8,528.2,762.8
2023-07-16T09:00,31.9,62,23.7,34.9,0.00,24,23,5,0,295.8,224.6,71.2,602.6,493.4
2023-07-16T10:00,30.8,67,23.9,34.4,0.00,20,18,6,0,102.3,64.3,38.0,416.4,204.4
2023-07-16T11:00,29.7,71,23.9,33.7,0.00,20,18,4,0,0.0,0.0,0.0,0.0,0.0
2023-07-16T12:00,29.1,75,24.3,33.7,0.00,27,12,0,0,0.0,0.0,0.0,0.0,0.0
2023-07-16T13:00,28.6,78,24.4,33.2,0.00,13,13,1,0,0.0,0.0,0.0,0.0,0.0
2023-07-16T14:00,28.5,78,24.3,33.2,0.00,40,38,4,0,0.0,0.0,0.0,0.0,0.0
2023-07-16T15:00,28.2,79,24.2,33.4,0.00,6,4,2,0,0.0,0.0,0.0,0.0,0.0
2023-07-16T16:00,27.7,82,24.2,33.2,0.00,5,5,1,0,0.0,0.0,0.0,0.0,0.0
2023-07-16T17:00,27.3,84,24.3,32.8,0.00,10,9,6,0,0.0,0.0,0.0,0.0,0.0
2023-07-16T18:00,26.8,86,24.3,32.6,0.00,28,5,6,22,0.0,0.0,0.0,0.0,0.0
2023-07-16T19:00,26.5,88,24.4,32.2,0.00,7,1,1,6,0.0,0.0,0.0,0.0,0.0
2023-07-16T20:00,25.8,93,24.5,31.7,0.00,12,1,0,11,0.0,0.0,0.0,0.0,0.0
2023-07-16T21:00,25.7,92,24.4,31.6,0.00,4,1,3,0,0.0,0.0,0.0,0.0,0.0
2023-07-16T22:00,26.7,88,24.6,32.7,0.00,1,0,1,0,59.9,28.8,31.1,187.7,203.3
2023-07-16T23:00,29.3,72,23.7,35.0,0.00,55,0,12,48,261.3,178.0,83.3,478.4,492.5
2023-07-17T00:00,31.7,64,23.9,36.9,0.00,74,4,4,99,456.2,332.8,123.4,578.2,762.0
2023-07-17T01:00,33.5,56,23.5,38.0,0.00,100,6,19,100,653.6,508.2,145.4,677.3,993.4
2023-07-17T02:00,33.7,55,23.5,38.2,0.00,100,15,16,100,562.2,309.1,253.1,349.4,1171.1
2023-07-17T03:00,33.8,56,23.7,39.1,0.10,93,6,15,91,740.9,452.6,288.2,467.1,1282.8
2023-07-17T04:00,34.3,55,24.1,40.3,0.00,96,6,6,95,799.7,559.4,240.3,560.6,1321.0
2023-07-17T05:00,34.4,55,24.2,41.3,0.00,94,16,21,91,780.6,496.2,284.4,512.0,1283.0
2023-07-17T06:00,33.8,57,24.2,39.7,0.00,97,26,10,96,555.7,282.1,273.6,318.9,1171.4
2023-07-17T07:00,32.8,63,24.7,38.8,2.10,99,9,23,99,550.1,312.5,237.6,416.3,993.8
2023-07-17T08:00,29.9,76,25.1,35.2,5.00,99,4,23,99,309.4,126.2,183.2,219.2,762.3
2023-07-17T09:00,29.4,77,25.0,34.9,0.00,100,15,29,100,121.2,64.1,57.1,172.3,492.7
2023-07-17T10:00,29.6,76,24.9,35.2,0.00,99,5,58,99,67.6,23.9,43.7,155.6,203.3
2023-07-17T11:00,29.1,82,25.7,35.3,0.00,93,0,3,93,0.0,0.0,0.0,0.0,0.0
2023-07-17T12:00,27.3,89,25.3,34.0,0.00,100,0,32,100,0.0,0.0,0.0,0.0,0.0
2023-07-17T13:00,27.7,89,25.7,34.5,0.30,100,0,4,100,0.0,0.0,0.0,0.0,0.0
2023-07-17T14:00,27.4,91,25.8,34.5,0.00,100,0,9,100,0.0,0.0,0.0,0.0,0.0
2023-07-17T15:00,27.2,92,25.8,34.3,0.00,100,0,0,100,0.0,0.0,0.0,0.0,0.0
2023-07-17T16:00,27.0,93,25.8,34.0,0.00,100,0,0,100,0.0,0.0,0.0,0.0,0.0
2023-07-17T17:00,26.9,94,25.8,34.0,0.00,100,0,0,100,0.0,0.0,0.0,0.0,0.0
2023-07-17T18:00,26.8,93,25.6,33.5,0.00,100,1,1,100,0.0,0.0,0.0,0.0,0.0
2023-07-17T19:00,27.8,87,25.5,34.6,0.00,100,4,2,100,0.0,0.0,0.0,0.0,0.0
2023-07-17T20:00,27.4,89,25.4,34.1,0.00,100,5,15,100,0.0,0.0,0.0,0.0,0.0
2023-07-17T21:00,26.3,94,25.2,32.5,0.00,99,3,1,99,0.0,0.0,0.0,0.0,0.0
2023-07-17T22:00,27.8,88,25.6,34.3,0.00,100,3,5,100,55.5,15.5,40.0,102.1,201.5
2023-07-17T23:00,29.0,81,25.5,35.6,0.00,100,2,1,100,234.9,118.8,116.0,320.5,491.0
2023-07-18T00:00,29.9,77,25.4,36.4,0.00,100,32,11,100,411.7,226.4,185.3,394.0,760.9
2023-07-18T01:00,31.2,73,25.8,38.0,0.20,100,58,19,100,477.9,199.5,278.4,266.1,992.7
2023-07-18T02:00,32.1,67,25.2,38.8,0.10,100,92,7,100,643.1,388.9,254.2,439.8,1170.6
2023-07-18T03:00,33.1,64,25.2,40.5,0.10,100,95,27,100,786.7,533.8,252.9,551.1,1282.6
2023-07-18T04:00,33.6,60,24.8,39.9,0.20,100,98,72,97,742.2,401.9,340.3,402.9,1320.9
2023-07-18T05:00,30.2,74,25.0,36.7,5.00,100,95,25,100,423.6,105.9,317.7,109.3,1282.9
2023-07-18T06:00,30.5,71,24.7,36.8,0.40,99,10,4,99,283.1,19.9,263.1,22.6,1171.2
2023-07-18T07:00,31.6,67,24.7,37.8,0.00,94,18,13,93,423.9,152.6,271.3,203.3,993.5
2023-07-18T08:00,32.3,65,24.8,38.3,0.10,100,20,14,100,433.8,283.4,150.4,492.7,761.8
2023-07-18T09:00,31.1,69,24.7,36.8,0.50,100,23,22,100,222.8,87.5,135.2,235.7,491.8
2023-07-18T10:00,30.5,71,24.7,36.0,0.00,96,18,12,94,78.4,29.1,49.4,190.4,202.1
2023-07-18T11:00,29.1,77,24.7,34.6,0.10,91,21,1,89,0.0,0.0,0.0,0.0,0.0
2023-07-18T12:00,27.9,87,25.6,34.4,0.00,100,1,2,100,0.0,0.0,0.0,0.0,0.0
2023-07-18T13:00,28.4,79,24.5,34.6,0.00,80,0,2,79,0.0,0.0,0.0,0.0,0.0
2023-07-18T14:00,28.4,79,24.5,34.8,0.00,94,2,0,94,0.0,0.0,0.0,0.0,0.0
2023-07-18T15:00,28.3,79,24.4,34.5,0.00,97,1,2,96,0.0,0.0,0.0,0.0,0.0
2023-07-18T16:00,28.2,79,24.1,34.2,0.00,97,0,4,97,0.0,0.0,0.0,0.0,0.0
2023-07-18T17:00,27.4,82,24.1,33.2,0.00,99,0,4,99,0.0,0.0,0.0,0.0,0.0
2023-07-18T18:00,26.6,86,24.0,32.4,0.00,100,0,1,100,0.0,0.0,0.0,0.0,0.0
2023-07-18T19:00,26.9,84,23.9,32.7,0.00,100,0,7,100,0.0,0.0,0.0,0.0,0.0
2023-07-18T20:00,25.7,90,24.0,31.3,0.00,100,0,8,100,0.0,0.0,0.0,0.0,0.0
2023-07-18T21:00,26.8,84,24.0,32.6,0.00,81,0,33,74,0.0,0.0,0.0,0.0,0.0
2023-07-18T22:00,27.0,85,24.3,33.0,0.00,100,0,100,100,48.9,15.6,33.3,103.2,199.6
2023-07-18T23:00,27.5,85,24.7,34.0,0.00,100,0,100,99,123.3,11.3,112.0,30.7,489.5
2023-07-19T00:00,29.8,76,25.2,36.4,0.00,91,15,22,44,159.9,0.0,159.9,0.0,759.8
2023-07-19T01:00,31.3,71,25.3,38.2,0.10,97,22,15,96,598.7,453.3,145.5,605.1,991.9
2023-07-19T02:00,32.5,66,25.5,40.2,0.00,80,41,11,62,741.3,584.0,157.3,660.8,1170.1
2023-07-19T03:00,33.3,63,25.4,41.4,0.10,100,100,23,79,800.3,626.5,173.8,647.0,1282.3
2023-07-19T04:00,33.6,61,25.0,41.0,0.10,100,100,39,97,778.6,397.9,380.7,398.9,1320.7
2023-07-19T05:00,29.7,76,25.0,35.2,6.10,99,45,15,99,420.7,117.7,303.0,121.5,1282.8
2023-07-19T06:00,30.5,73,25.0,35.7,0.30,99,23,5,99,525.3,260.3,265.0,294.3,1171.1
2023-07-19T07:00,31.9,67,25.1,38.7,0.10,90,14,2,88,636.7,467.7,169.0,623.6,993.2
2023-07-19T08:00,32.6,65,25.2,38.8,0.10,89,6,5,88,462.2,351.6,110.6,611.7,761.2
2023-07-19T09:00,31.0,70,24.9,36.3,1.60,94,22,17,91,250.7,149.2,101.5,402.4,490.9
2023-07-19T10:00,29.3,79,25.3,35.3,0.20,10,0,3,8,66.6,20.9,45.8,137.5,200.8
2023-07-19T11:00,28.2,85,25.5,34.7,0.00,8,1,7,2,0.0,0.0,0.0,0.0,0.0
2023-07-19T12:00,28.6,89,26.5,35.7,0.00,12,0,2,95,0.0,0.0,0.0,0.0,0.0
2023-07-19T13:00,27.9,90,26.1,34.7,0.00,88,0,1,88,0.0,0.0,0.0,0.0,0.0
2023-07-19T14:00,28.9,84,25.9,35.7,0.00,83,0,0,83,0.0,0.0,0.0,0.0,0.0
2023-07-19T15:00,28.0,89,26.0,34.9,0.00,98,0,8,97,0.0,0.0,0.0,0.0,0.0
2023-07-19T16:00,27.0,92,25.7,33.7,0.00,100,9,1,100,0.0,0.0,0.0,0.0,0.0
2023-07-19T17:00,26.6,91,24.9,32.6,0.10,100,100,4,99,0.0,0.0,0.0,0.0,0.0
2023-07-19T18:00,25.3,96,24.6,31.2,1.20,100,62,44,100,0.0,0.0,0.0,0.0,0.0
2023-07-19T19:00,25.5,96,24.8,31.9,0.20,100,27,11,100,0.0,0.0,0.0,0.0,0.0
2023-07-19T20:00,25.7,93,24.5,32.0,0.00,100,0,6,100,0.0,0.0,0.0,0.0,0.0
2023-07-19T21:00,24.8,96,24.2,30.7,0.00,100,0,6,100,0.0,0.0,0.0,0.0,0.0
2023-07-19T22:00,25.6,94,24.6,31.6,0.00,100,1,1,100,53.4,17.8,35.6,119.2,197.7
2023-07-19T23:00,26.9,89,25.0,33.2,0.00,100,0,0,100,221.5,93.7,127.8,254.4,488.0
2023-07-20T00:00,28.6,81,25.0,35.1,0.00,100,0,0,100,403.7,207.3,196.4,361.9,758.6
2023-07-20T01:00,30.5,73,25.2,37.0,0.00,100,0,0,100,612.4,402.7,209.8,538.0,991.1
2023-07-20T02:00,32.0,67,25.0,39.3,0.00,100,1,0,100,759.7,583.0,176.7,660.1,1169.7
2023-07-20T03:00,33.4,59,24.4,41.1,0.00,100,6,5,100,871.2,711.9,159.2,735.4,1282.0
2023-07-20T04:00,34.3,54,23.8,42.5,0.00,95,14,13,94,889.7,666.5,223.2,668.4,1320.6
2023-07-20T05:00,33.1,58,23.6,39.3,0.30,94,43,31,87,715.9,408.9,306.9,422.2,1282.7
2023-07-20T06:00,32.3,63,24.3,39.3,1.00,100,32,61,99,766.5,557.6,209.0,630.7,1170.9
2023-07-20T07:00,29.8,74,24.7,35.3,0.50,100,40,69,100,273.1,87.7,185.4,117.0,992.8
2023-07-20T08:00,28.8,79,24.7,33.8,0.50,100,6,24,100,201.2,25.9,175.3,45.1,760.5
2023-07-20T09:00,28.2,82,24.8,33.5,0.30,100,0,28,100,170.9,35.9,135.0,97.1,489.9
2023-07-20T10:00,28.4,81,24.8,34.4,0.20,100,0,17,100,79.7,30.6,49.1,203.2,199.4
2023-07-20T11:00,27.7,88,25.5,34.4,0.10,98,0,13,98,0.0,0.0,0.0,0.0,0.0
2023-07-20T12:00,28.4,88,26.2,35.4,0.00,100,1,5,100,0.0,0.0,0.0,0.0,0.0
2023-07-20T13:00,27.8,90,26.1,34.7,0.00,100,0,14,100,0.0,0.0,0.0,0.0,0.0
2023-07-20T14:00,27.5,91,26.0,34.2,0.00,100,0,1,100,0.0,0.0,0.0,0.0,0.0
2023-07-20T15:00,28.5,83,25.3,35.2,0.00,100,0,1,100,0.0,0.0,0.0,0.0,0.0
2023-07-20T16:00,27.7,86,25.2,34.2,0.00,100,2,10,100,0.0,0.0,0.0,0.0,0.0
2023-07-20T17:00,26.6,93,25.3,33.1,0.00,100,32,20,99,0.0,0.0,0.0,0.0,0.0
2023-07-20T18:00,26.1,96,25.5,32.9,0.10,95,31,0,92,0.0,0.0,0.0,0.0,0.0
2023-07-20T19:00,26.3,96,25.7,33.1,0.00,95,21,6,93,0.0,0.0,0.0,0.0,0.0
2023-07-20T20:00,26.3,98,25.9,33.3,0.00,99,10,7,99,0.0,0.0,0.0,0.0,0.0
2023-07-20T21:00,25.6,96,25.0,31.9,0.00,92,3,5,91,0.0,0.0,0.0,0.0,0.0
2023-07-20T22:00,26.9,90,25.1,33.4,0.00,88,3,4,87,51.2,20.0,31.2,135.6,195.8
2023-07-20T23:00,28.0,83,24.8,34.5,0.00,96,2,3,96,247.6,159.4,88.2,433.9,486.5
2023-07-21T00:00,29.4,76,24.6,35.3,0.00,99,0,2,91,462.2,348.2,114.0,608.8,757.5
2023-07-21T01:00,31.0,69,24.6,36.9,0.00,99,10,4,99,651.0,525.8,125.2,703.2,990.4
2023-07-21T02:00,32.3,63,24.4,39.0,0.00,100,13,3,100,754.4,605.7,148.7,686.2,1169.2
2023-07-21T03:00,32.9,60,24.2,40.3,0.00,100,23,5,100,765.1,574.6,190.5,593.8,1281.8
2023-07-21T04:00,33.8,57,24.1,41.1,0.00,100,24,9,100,839.3,664.5,174.7,666.6,1320.4
2023-07-21T05:00,33.9,57,24.3,41.4,0.30,94,10,32,90,809.0,576.6,232.4,595.5,1282.5
2023-07-21T06:00,33.1,58,23.8,39.1,0.40,94,39,24,90,625.9,350.5,275.4,396.6,1170.6
2023-07-21T07:00,32.3,61,24.0,38.0,0.30,100,45,30,99,532.4,362.6,169.9,484.0,992.4
2023-07-21T08:00,31.4,66,24.2,37.3,0.10,100,98,23,83,335.0,166.6,168.4,290.5,759.8
2023-07-21T09:00,30.1,73,24.7,35.7,0.20,63,29,18,37,149.0,35.9,113.1,97.2,488.9
2023-07-21T10:00,29.3,78,25.0,35.0,0.00,98,15,19,97,47.2,11.5,35.7,77.0,197.9
2023-07-21T11:00,28.4,82,25.1,34.2,0.30,100,98,37,98,0.0,0.0,0.0,0.0,0.0
2023-07-21T12:00,28.7,88,26.6,36.0,0.00,99,7,3,100,0.0,0.0,0.0,0.0,0.0
2023-07-21T13:00,29.3,80,25.4,36.2,0.00,100,8,0,100,0.0,0.0,0.0,0.0,0.0
2023-07-21T14:00,27.7,90,26.0,34.6,0.00,100,1,1,100,0.0,0.0,0.0,0.0,0.0
2023-07-21T15:00,28.2,88,26.0,35.4,0.00,100,1,4,100,0.0,0.0,0.0,0.0,0.0
2023-07-21T16:00,28.3,88,26.0,35.6,0.00,100,13,5,100,0.0,0.0,0.0,0.0,0.0
2023-07-21T17:00,26.7,93,25.6,33.2,0.00,100,4,9,100,0.0,0.0,0.0,0.0,0.0
2023-07-21T18:00,27.7,86,25.2,34.3,0.00,100,2,4,100,0.0,0.0,0.0,0.0,0.0
2023-07-21T19:00,25.9,94,24.8,31.8,0.00,100,0,4,100,0.0,0.0,0.0,0.0,0.0
2023-07-21T20:00,25.7,94,24.7,31.7,0.00,100,1,1,100,0.0,0.0,0.0,0.0,0.0
2023-07-21T21:00,25.9,93,24.8,32.0,0.00,100,1,3,100,0.0,0.0,0.0,0.0,0.0
2023-07-21T22:00,27.0,91,25.5,33.5,0.00,100,4,11,100,46.8,11.1,35.7,76.2,193.8
2023-07-21T23:00,28.7,76,24.1,34.5,0.00,99,1,15,99,225.2,115.5,109.8,315.5,484.9
2023-07-22T00:00,30.2,69,23.9,36.0,0.00,90,1,1,100,404.2,250.1,154.2,438.0,756.4
2023-07-22T01:00,32.0,62,23.8,37.6,0.00,99,1,6,98,646.7,487.5,159.1,652.7,989.6
2023-07-22T02:00,33.2,56,23.1,38.6,0.00,100,6,11,100,776.1,592.9,183.2,672.0,1168.7
2023-07-22T03:00,33.9,53,22.8,39.2,0.00,100,12,11,100,804.7,581.9,222.8,601.6,1281.5
2023-07-22T04:00,33.5,54,22.9,38.5,0.10,100,17,11,100,768.6,555.5,213.1,557.4,1320.3
2023-07-22T05:00,33.3,57,23.7,38.9,0.20,100,69,47,100,730.6,473.7,256.9,489.3,1282.4
2023-07-22T06:00,33.6,60,24.8,40.8,0.30,100,19,8,100,752.2,529.0,223.2,598.8,1170.4
2023-07-22T07:00,33.3,61,24.8,40.1,0.00,100,98,15,99,586.2,409.1,177.1,546.4,991.9
2023-07-22T08:00,31.1,69,24.7,36.7,2.60,100,97,21,100,430.7,304.7,126.0,531.8,759.0
2023-07-22T09:00,28.7,80,24.9,34.5,1.30,99,0,31,99,148.8,41.3,107.5,112.2,487.7
2023-07-22T10:00,28.5,81,24.9,34.9,0.10,92,2,4,91,58.4,15.5,43.0,104.3,196.4
2023-07-22T11:00,28.1,86,25.5,34.7,0.00,97,1,2,97,0.0,0.0,0.0,0.0,0.0
2023-07-22T12:00,28.6,84,25.6,35.0,0.00,97,0,4,100,0.0,0.0,0.0,0.0,0.0
2023-07-22T13:00,28.3,85,25.6,34.6,0.00,100,0,4,100,0.0,0.0,0.0,0.0,0.0
2023-07-22T14:00,27.9,87,25.6,34.3,0.00,100,0,4,100,0.0,0.0,0.0,0.0,0.0
2023-07-22T15:00,27.4,89,25.5,33.8,0.00,95,0,4,95,0.0,0.0,0.0,0.0,0.0
2023-07-22T16:00,27.4,88,25.2,33.7,0.00,97,0,4,97,0.0,0.0,0.0,0.0,0.0
2023-07-22T17:00,27.8,84,24.9,34.1,0.00,97,0,5,97,0.0,0.0,0.0,0.0,0.0
2023-07-22T18:00,27.5,85,24.7,33.9,0.00,98,1,5,98,0.0,0.0,0.0,0.0,0.0
2023-07-22T19:00,27.3,84,24.4,33.3,0.00,100,2,1,100,0.0,0.0,0.0,0.0,0.0
2023-07-22T20:00,26.1,89,24.2,31.9,0.00,96,0,0,96,0.0,0.0,0.0,0.0,0.0
2023-07-22T21:00,25.6,92,24.2,31.3,0.00,97,0,1,97,0.0,0.0,0.0,0.0,0.0
2023-07-22T22:00,26.9,86,24.3,33.0,0.00,100,1,0,100,51.3,22.3,29.0,154.1,191.8
2023-07-22T23:00,28.1,80,24.2,34.1,0.00,100,1,1,100,251.4,165.7,85.7,454.2,483.4
2023-07-23T00:00,29.8,73,24.5,35.9,0.00,100,0,0,100,458.0,336.5,121.5,590.3,755.2
2023-07-23T01:00,31.9,63,24.0,37.6,0.00,100,0,0,100,648.0,499.0,149.0,668.6,988.8
2023-07-23T02:00,33.5,56,23.4,39.9,0.00,100,1,1,100,785.9,583.3,202.7,661.5,1168.2
2023-07-23T03:00,34.4,54,23.8,41.6,0.00,100,3,1,100,878.7,650.7,228.0,672.9,1281.2
2023-07-23T04:00,33.0,60,24.2,39.3,0.40,100,22,56,100,865.6,635.3,230.3,637.6,1320.1
2023-07-23T05:00,31.5,70,25.4,38.9,0.30,100,29,48,100,699.2,374.6,324.6,387.1,1282.2
2023-07-23T06:00,32.2,66,25.1,38.6,0.10,100,100,82,100,600.2,337.1,263.1,381.8,1170.0
2023-07-23T07:00,29.7,76,25.1,35.8,1.50,100,27,26,100,325.9,57.5,268.4,76.9,991.3
2023-07-23T08:00,29.1,77,24.7,35.4,0.00,100,2,19,100,227.8,53.5,174.3,93.5,758.1
2023-07-23T09:00,27.5,78,23.4,31.8,0.00,100,3,18,100,89.5,3.1,86.4,8.5,486.4
2023-07-23T10:00,27.7,77,23.3,33.0,0.00,100,0,4,100,51.3,5.1,46.2,34.9,194.7
2023-07-23T11:00,27.0,82,23.7,32.2,0.00,96,0,3,96,0.0,0.0,0.0,0.0,0.0
2023-07-23T12:00,27.9,80,24.1,33.6,0.00,89,4,5,29,0.0,0.0,0.0,0.0,0.0
2023-07-23T13:00,28.4,80,24.6,33.7,0.00,95,4,3,95,0.0,0.0,0.0,0.0,0.0
2023-07-23T14:00,28.3,83,25.1,33.5,0.00,78,2,1,77,0.0,0.0,0.0,0.0,0.0
2023-07-23T15:00,27.8,82,24.5,33.0,0.00,87,1,0,87,0.0,0.0,0.0,0.0,0.0
2023-07-23T16:00,27.0,85,24.2,32.4,0.00,95,13,0,94,0.0,0.0,0.0,0.0,0.0
2023-07-23T17:00,26.0,90,24.3,31.5,0.00,100,12,0,100,0.0,0.0,0.0,0.0,0.0
2023-07-23T18:00,27.2,83,24.0,32.8,0.00,100,9,0,100,0.0,0.0,0.0,0.0,0.0
2023-07-23T19:00,26.6,86,24.1,32.4,0.00,100,17,0,100,0.0,0.0,0.0,0.0,0.0
2023-07-23T20:00,25.7,91,24.1,31.1,0.10,100,31,3,100,0.0,0.0,0.0,0.0,0.0
2023-07-23T21:00,25.2,95,24.4,30.9,0.20,95,31,9,92,0.0,0.0,0.0,0.0,0.0
2023-07-23T22:00,26.3,92,25.0,32.8,0.10,100,14,4,100,44.7,11.2,33.5,78.0,189.8
2023-07-23T23:00,27.7,86,25.2,34.2,0.00,100,14,8,100,199.0,77.3,121.7,212.6,481.8
2023-07-24T00:00,29.2,79,25.1,35.8,0.00,100,1,0,100,368.3,158.0,210.3,277.7,754.1
2023-07-24T01:00,31.3,66,24.3,37.2,0.00,95,4,0,95,645.9,486.7,159.2,652.8,988.0
2023-07-24T02:00,32.9,59,23.9,39.3,0.00,95,3,0,95,767.7,554.2,213.5,629.0,1167.7
2023-07-24T03:00,34.3,53,23.2,40.4,0.00,100,4,8,100,855.9,629.9,225.9,651.7,1280.9
2023-07-24T04:00,35.0,49,22.5,40.6,0.00,100,11,7,100,856.5,512.1,344.4,514.1,1319.9
2023-07-24T05:00,35.4,45,21.7,40.7,0.00,100,8,10,100,816.8,463.8,353.0,479.5,1282.0
2023-07-24T06:00,35.5,44,21.5,39.8,0.00,100,2,0,100,645.7,301.0,344.7,341.1,1169.7
2023-07-24T07:00,35.3,45,21.4,38.7,0.00,100,15,6,100,587.9,316.8,271.1,423.7,990.7
2023-07-24T08:00,33.5,51,22.1,36.2,0.00,100,2,0,100,359.7,168.2,191.5,294.4,757.2
2023-07-24T09:00,32.1,58,22.9,35.1,0.00,100,3,0,100,226.4,94.9,131.5,259.3,485.1
2023-07-24T10:00,30.7,64,23.1,33.7,0.00,96,2,0,96,78.9,25.0,53.9,171.6,192.9
2023-07-24T11:00,29.5,70,23.5,32.9,0.00,62,3,0,61,0.0,0.0,0.0,0.0,0.0
2023-07-24T12:00,28.9,76,24.3,32.8,0.00,7,8,4,84,0.0,0.0,0.0,0.0,0.0
2023-07-24T13:00,28.8,77,24.4,32.3,0.00,91,13,3,89,0.0,0.0,0.0,0.0,0.0
2023-07-24T14:00,28.5,78,24.3,31.7,0.00,92,12,4,91,0.0,0.0,0.0,0.0,0.0
2023-07-24T15:00,28.1,78,23.8,31.2,0.00,90,4,2,90,0.0,0.0,0.0,0.0,0.0
2023-07-24T16:00,28.1,77,23.6,31.2,0.00,99,4,1,99,0.0,0.0,0.0,0.0,0.0
2023-07-24T17:00,27.9,77,23.4,31.2,0.00,51,1,1,50,0.0,0.0,0.0,0.0,0.0
2023-07-24T18:00,27.9,75,23.1,31.4,0.00,96,0,0,96,0.0,0.0,0.0,0.0,0.0
2023-07-24T19:00,27.6,75,22.8,31.1,0.00,100,0,1,100,0.0,0.0,0.0,0.0,0.0
2023-07-24T20:00,27.5,75,22.7,30.9,0.00,100,0,1,100,0.0,0.0,0.0,0.0,0.0
2023-07-24T21:00,27.3,77,23.0,30.7,0.00,100,0,2,100,0.0,0.0,0.0,0.0,0.0
2023-07-24T22:00,27.6,80,23.9,31.1,0.00,100,8,0,100,44.7,13.4,31.3,94.7,187.8
2023-07-24T23:00,29.4,72,23.9,32.7,0.00,100,17,4,99,236.7,132.0,104.7,364.2,480.3
2023-07-25T00:00,30.9,67,24.0,33.8,0.00,100,7,5,100,406.3,259.1,147.2,456.1,752.9
2023-07-25T01:00,32.2,60,23.4,34.7,0.00,100,19,18,100,645.0,493.6,151.4,662.7,987.3
2023-07-25T02:00,33.1,56,23.2,36.0,0.00,100,5,9,100,770.0,591.0,179.0,671.1,1167.3
2023-07-25T03:00,34.0,52,22.9,37.1,0.00,100,16,2,100,870.5,715.4,155.1,740.4,1280.7
2023-07-25T04:00,33.4,57,23.6,36.9,0.00,95,23,12,93,871.7,678.8,192.9,681.7,1319.7
2023-07-25T05:00,33.5,56,23.5,36.6,0.00,95,12,5,94,794.3,549.1,245.1,567.9,1281.7
2023-07-25T06:00,33.4,56,23.5,36.3,0.00,56,24,5,39,777.7,591.5,186.1,670.6,1169.3
2023-07-25T07:00,32.2,62,23.9,34.8,0.00,36,30,8,3,623.4,492.8,130.5,659.8,990.0
2023-07-25T08:00,31.5,65,24.0,33.5,0.00,26,19,13,0,437.1,315.6,121.6,553.2,756.2
2023-07-25T09:00,30.2,71,24.3,32.5,0.10,27,21,10,0,268.9,191.2,77.7,523.9,483.7
2023-07-25T10:00,28.2,77,23.7,30.5,0.10,91,81,19,44,84.7,43.5,41.2,301.8,191.0
2023-07-25T11:00,27.2,80,23.5,30.2,0.20,79,74,7,16,0.0,0.0,0.0,0.0,0.0
2023-07-25T12:00,27.9,79,24.0,31.3,0.10,74,23,10,98,0.0,0.0,0.0,0.0,0.0
2023-07-25T13:00,27.9,79,23.9,31.0,0.10,90,22,16,85,0.0,0.0,0.0,0.0,0.0
2023-07-25T14:00,27.2,80,23.5,30.1,0.20,82,50,22,58,0.0,0.0,0.0,0.0,0.0
2023-07-25T15:00,26.9,83,23.8,29.9,0.10,100,87,20,97,0.0,0.0,0.0,0.0,0.0
2023-07-25T16:00,26.4,84,23.5,29.5,0.10,99,41,18,98,0.0,0.0,0.0,0.0,0.0
2023-07-25T17:00,26.1,85,23.3,28.8,0.40,98,63,30,93,0.0,0.0,0.0,0.0,0.0
2023-07-25T18:00,25.8,85,23.1,28.4,0.40,98,64,19,93,0.0,0.0,0.0,0.0,0.0
2023-07-25T19:00,25.5,87,23.3,28.8,0.20,99,23,38,99,0.0,0.0,0.0,0.0,0.0
2023-07-25T20:00,25.6,88,23.5,28.3,0.60,100,78,39,99,0.0,0.0,0.0,0.0,0.0
2023-07-25T21:00,25.1,93,23.8,27.8,0.80,87,26,54,73,0.0,0.0,0.0,0.0,0.0
2023-07-25T22:00,25.6,92,24.2,28.4,1.60,98,91,56,67,22.4,2.2,20.2,16.0,185.8
2023-07-25T23:00,26.0,91,24.5,28.9,1.10,100,93,83,100,69.0,10.1,58.9,27.9,478.7
2023-07-26T00:00,27.3,87,24.9,30.4,0.90,100,78,29,100,138.8,3.7,135.1,6.4,751.8
2023-07-26T01:00,28.3,82,25.0,31.3,0.70,100,60,39,100,492.7,211.3,281.4,284.0,986.5
2023-07-26T02:00,29.0,79,24.9,32.4,0.40,100,85,39,98,503.7,157.5,346.2,178.9,1166.8
2023-07-26T03:00,29.6,75,24.7,32.4,0.50,100,100,87,100,710.2,393.6,316.6,407.6,1280.4
2023-07-26T04:00,28.8,80,25.0,31.2,0.40,94,77,53,60,364.6,57.6,307.1,57.8,1319.5
2023-07-26T05:00,29.5,77,25.1,32.5,0.60,98,80,35,88,580.5,239.3,341.2,247.5,1281.4
2023-07-26T06:00,28.3,80,24.6,30.9,0.60,100,100,22,66,349.4,107.3,242.1,121.7,1168.8
2023-07-26T07:00,28.5,81,24.9,31.3,0.60,100,100,38,72,335.8,59.3,276.5,79.5,989.3
2023-07-26T08:00,28.1,82,24.7,30.4,0.70,100,99,52,100,277.5,96.5,181.0,169.5,755.1
2023-07-26T09:00,27.5,83,24.4,29.9,0.90,100,98,16,100,187.1,59.0,128.1,162.2,482.2
2023-07-26T10:00,27.0,86,24.5,29.1,0.80,100,96,70,100,45.0,4.5,40.5,31.5,189.1
2023-07-26T11:00,26.3,91,24.7,28.7,0.90,100,89,36,100,0.0,0.0,0.0,0.0,0.0
2023-07-26T12:00,26.5,89,24.5,28.7,1.70,100,100,26,100,0.0,0.0,0.0,0.0,0.0
2023-07-26T13:00,27.0,86,24.5,28.7,0.70,100,100,42,100,0.0,0.0,0.0,0.0,0.0
2023-07-26T14:00,26.4,90,24.6,28.4,0.80,100,100,84,99,0.0,0.0,0.0,0.0,0.0
2023-07-26T15:00,26.4,91,24.8,28.8,1.40,100,93,29,100,0.0,0.0,0.0,0.0,0.0
2023-07-26T16:00,26.5,90,24.7,28.9,1.20,100,100,45,96,0.0,0.0,0.0,0.0,0.0
2023-07-26T17:00,26.1,90,24.3,27.6,1.20,100,100,96,65,0.0,0.0,0.0,0.0,0.0
2023-07-26T18:00,26.6,90,24.9,29.0,0.80,100,100,35,67,0.0,0.0,0.0,0.0,0.0
2023-07-26T19:00,26.4,87,24.0,28.0,1.00,99,86,36,95,0.0,0.0,0.0,0.0,0.0
2023-07-26T20:00,26.3,85,23.6,27.7,0.50,100,100,79,100,0.0,0.0,0.0,0.0,0.0
2023-07-26T21:00,26.1,86,23.7,27.3,0.30,100,100,30,100,0.0,0.0,0.0,0.0,0.0
2023-07-26T22:00,26.4,86,23.8,28.1,0.60,100,91,45,100,24.7,0.0,24.7,0.0,183.8
2023-07-26T23:00,26.9,84,24.0,28.3,0.40,100,100,59,100,129.6,8.6,121.0,24.0,477.1
2023-07-27T00:00,27.4,82,24.1,29.1,0.50,100,97,33,100,239.9,40.2,199.7,71.0,750.6
2023-07-27T01:00,27.8,80,24.0,29.1,0.40,100,100,26,100,258.8,21.5,237.4,28.9,985.7
2023-07-27T02:00,28.3,81,24.7,30.2,0.10,100,75,39,100,386.2,56.1,330.1,63.8,1166.3
2023-07-27T03:00,29.2,77,24.8,31.2,0.00,100,56,17,100,484.3,114.6,369.7,118.7,1280.0
2023-07-27T04:00,29.4,73,24.1,30.4,0.20,100,81,32,100,616.2,208.1,408.1,209.1,1319.2
2023-07-27T05:00,28.8,75,24.0,29.7,0.10,100,70,71,100,439.3,75.5,363.8,78.1,1281.1
2023-07-27T06:00,28.9,76,24.3,30.6,0.00,100,94,66,100,359.8,52.2,307.6,59.3,1168.3
2023-07-27T07:00,28.4,78,24.2,30.4,0.00,100,76,96,100,242.7,30.1,212.6,40.4,988.5
2023-07-27T08:00,27.9,80,24.2,30.1,0.20,100,29,50,100,145.6,6.0,139.6,10.6,754.0
2023-07-27T09:00,28.2,74,23.1,29.1,0.10,100,35,42,100,119.4,10.9,108.6,30.0,480.6
2023-07-27T10:00,28.0,73,22.7,28.5,0.00,100,30,33,100,33.0,0.0,33.0,0.0,187.0
2023-07-27T11:00,27.6,76,22.9,28.8,0.00,100,26,42,100,0.0,0.0,0.0,0.0,0.0
2023-07-27T12:00,28.2,69,21.9,28.7,0.00,100,5,57,100,0.0,0.0,0.0,0.0,0.0
2023-07-27T13:00,27.8,75,23.0,28.8,0.10,99,35,38,99,0.0,0.0,0.0,0.0,0.0
2023-07-27T14:00,27.7,74,22.6,28.1,0.00,100,10,39,99,0.0,0.0,0.0,0.0,0.0
2023-07-27T15:00,27.7,75,22.9,27.9,0.10,100,40,60,100,0.0,0.0,0.0,0.0,0.0
2023-07-27T16:00,27.5,75,22.8,27.3,0.30,100,70,35,100,0.0,0.0,0.0,0.0,0.0
2023-07-27T17:00,26.9,81,23.3,26.4,0.60,100,88,36,100,0.0,0.0,0.0,0.0,0.0
2023-07-27T18:00,27.3,81,23.6,26.4,0.30,100,100,23,100,0.0,0.0,0.0,0.0,0.0
2023-07-27T19:00,26.9,82,23.5,26.8,2.10,100,99,36,100,0.0,0.0,0.0,0.0,0.0
2023-07-27T20:00,27.1,81,23.6,27.5,2.40,100,71,71,100,0.0,0.0,0.0,0.0,0.0
2023-07-27T21:00,27.2,80,23.4,28.1,0.20,100,46,50,100,0.0,0.0,0.0,0.0,0.0
2023-07-27T22:00,27.3,79,23.2,28.0,0.10,100,20,67,100,6.7,0.0,6.7,0.0,181.7
2023-07-27T23:00,27.6,77,23.3,28.8,0.10,100,19,46,100,47.6,0.0,47.6,0.0,475.5
2023-07-28T00:00,27.7,72,22.1,28.7,0.00,100,60,59,100,95.1,2.4,92.6,4.3,749.5
2023-07-28T01:00,28.4,69,22.0,29.0,0.00,100,19,46,100,75.8,0.0,75.8,0.0,984.9
2023-07-28T02:00,28.4,70,22.3,30.6,0.00,100,8,42,100,96.0,0.0,96.0,0.0,1165.8
2023-07-28T03:00,28.8,77,24.4,33.8,0.10,100,54,47,100,241.6,3.1,238.5,3.2,1279.7
2023-07-28T04:00,28.3,81,24.7,34.4,0.40,100,48,64,100,147.5,0.0,147.5,0.0,1318.9
2023-07-28T05:00,28.6,79,24.6,34.7,0.00,100,17,64,100,175.5,4.9,170.6,5.1,1280.8
2023-07-28T06:00,28.6,78,24.3,34.2,0.00,100,10,85,100,142.4,0.0,142.4,0.0,1167.8
2023-07-28T07:00,28.3,81,24.7,33.9,0.00,100,18,78,100,84.8,0.9,83.9,1.2,987.7
2023-07-28T08:00,28.2,81,24.6,33.9,0.00,100,27,31,100,113.7,1.7,111.9,3.0,752.7
2023-07-28T09:00,27.6,85,24.8,33.5,0.00,100,15,37,100,52.7,0.0,52.7,0.0,478.9
2023-07-28T10:00,26.8,91,25.2,33.5,0.30,100,17,100,100,27.2,0.0,27.2,0.0,184.8
2023-07-28T11:00,25.9,95,25.0,32.4,0.70,100,15,91,100,0.0,0.0,0.0,0.0,0.0
2023-07-28T12:00,25.7,98,25.4,32.0,0.20,100,17,68,100,0.0,0.0,0.0,0.0,0.0
2023-07-28T13:00,25.5,96,24.7,31.3,0.00,100,8,100,100,0.0,0.0,0.0,0.0,0.0
2023-07-28T14:00,25.4,96,24.8,30.8,0.00,100,0,100,100,0.0,0.0,0.0,0.0,0.0
2023-07-28T15:00,25.2,98,24.9,30.9,0.00,100,0,100,100,0.0,0.0,0.0,0.0,0.0
2023-07-28T16:00,25.0,99,24.8,31.0,0.00,100,0,100,100,0.0,0.0,0.0,0.0,0.0
2023-07-28T17:00,25.3,98,25.0,31.4,0.00,100,8,100,100,0.0,0.0,0.0,0.0,0.0
2023-07-28T18:00,25.3,98,24.9,31.4,0.20,100,2,100,100,0.0,0.0,0.0,0.0,0.0
2023-07-28T19:00,25.4,96,24.8,31.4,0.20,100,3,100,100,0.0,0.0,0.0,0.0,0.0
2023-07-28T20:00,25.2,94,24.2,31.0,0.10,100,1,100,100,0.0,0.0,0.0,0.0,0.0
2023-07-28T21:00,24.9,95,24.0,30.7,0.00,100,0,32,100,0.0,0.0,0.0,0.0,0.0
2023-07-28T22:00,25.1,94,24.0,30.6,0.00,100,0,95,100,24.7,2.2,22.5,16.6,179.7
2023-07-28T23:00,25.5,94,24.4,31.2,0.00,100,0,98,100,72.3,7.2,65.1,20.2,474.0
2023-07-29T00:00,27.8,82,24.4,33.5,0.00,100,3,76,100,242.7,56.1,186.6,99.4,748.4
2023-07-29T01:00,28.9,76,24.3,34.7,0.00,100,1,58,100,367.6,102.9,264.7,138.7,984.2
2023-07-29T02:00,29.9,72,24.3,35.8,0.00,100,0,24,100,471.6,197.5,274.1,224.8,1165.3
2023-07-29T03:00,31.3,65,24.1,37.5,0.00,98,0,66,94,587.4,304.1,283.3,315.3,1279.4
2023-07-29T04:00,32.3,64,24.6,39.1,0.00,91,5,22,88,698.0,412.1,285.9,414.6,1318.6
2023-07-29T05:00,33.3,58,23.9,40.6,0.10,100,10,21,100,830.4,659.8,170.6,683.6,1280.4
2023-07-29T06:00,33.4,57,23.9,40.0,0.20,100,13,8,100,736.5,532.5,204.1,605.1,1167.2
2023-07-29T07:00,33.2,58,23.8,39.0,0.10,100,23,20,100,599.1,362.9,236.2,487.9,986.8
2023-07-29T08:00,31.6,62,23.6,36.6,0.40,100,29,60,100,354.6,168.7,185.9,297.8,751.4
2023-07-29T09:00,30.5,68,23.9,35.9,0.10,100,36,52,100,163.2,61.1,102.1,169.9,477.1
2023-07-29T10:00,29.2,75,24.4,35.0,0.00,100,100,63,100,29.8,0.0,29.8,0.0,182.6
2023-07-29T11:00,28.4,79,24.3,34.2,0.00,100,4,32,100,0.0,0.0,0.0,0.0,0.0
2023-07-29T12:00,28.4,82,25.0,34.2,0.00,100,6,12,100,0.0,0.0,0.0,0.0,0.0
2023-07-29T13:00,27.7,85,25.0,34.0,0.00,100,6,4,100,0.0,0.0,0.0,0.0,0.0
2023-07-29T14:00,28.3,79,24.3,34.2,0.00,100,2,6,100,0.0,0.0,0.0,0.0,0.0
2023-07-29T15:00,27.2,85,24.6,33.2,0.00,100,2,5,100,0.0,0.0,0.0,0.0,0.0
2023-07-29T16:00,26.7,91,25.1,33.1,0.00,100,2,3,100,0.0,0.0,0.0,0.0,0.0
2023-07-29T17:00,26.5,93,25.3,32.9,0.00,100,6,4,100,0.0,0.0,0.0,0.0,0.0
2023-07-29T18:00,26.4,95,25.4,32.8,0.00,100,7,1,100,0.0,0.0,0.0,0.0,0.0
2023-07-29T19:00,26.1,97,25.5,32.7,0.00,100,4,3,100,0.0,0.0,0.0,0.0,0.0
2023-07-29T20:00,25.7,99,25.4,32.2,0.00,100,6,1,100,0.0,0.0,0.0,0.0,0.0
2023-07-29T21:00,25.4,100,25.4,31.9,0.00,100,5,10,100,0.0,0.0,0.0,0.0,0.0
2023-07-29T22:00,26.5,92,25.1,33.1,0.00,100,4,12,100,33.8,2.3,31.5,16.8,177.6
2023-07-29T23:00,27.5,88,25.4,34.3,0.00,100,8,5,100,176.9,39.1,137.7,110.0,472.4
2023-07-30T00:00,29.0,76,24.3,35.1,0.00,100,15,29,100,336.8,117.2,219.7,208.0,747.2
2023-07-30T01:00,30.4,72,24.7,36.6,0.00,100,12,24,100,552.1,297.5,254.6,401.4,983.4
2023-07-30T02:00,31.4,66,24.3,38.0,0.20,100,16,22,100,705.9,460.9,245.0,525.0,1164.8
2023-07-30T03:00,31.5,66,24.3,38.0,0.30,100,29,30,100,764.6,418.7,345.8,434.4,1279.0
2023-07-30T04:00,31.7,65,24.4,37.6,0.10,100,13,18,100,617.2,225.3,391.9,226.7,1318.3
2023-07-30T05:00,31.8,64,24.2,37.7,0.00,100,15,25,100,588.2,162.7,425.5,168.7,1280.0
2023-07-30T06:00,32.0,62,23.9,37.3,0.00,100,22,24,100,465.0,129.1,335.9,146.8,1166.6
2023-07-30T07:00,29.6,70,23.4,34.5,0.70,100,82,69,100,320.0,79.3,240.7,106.8,985.8
2023-07-30T08:00,28.0,79,24.0,33.3,0.60,100,12,35,100,123.0,1.7,121.3,3.0,750.0
2023-07-30T09:00,27.9,80,24.1,33.7,0.10,99,13,37,98,112.0,9.3,102.8,25.9,475.3
2023-07-30T10:00,27.6,82,24.3,33.7,0.00,100,11,5,100,44.4,7.7,36.8,56.5,180.3
2023-07-30T11:00,26.6,89,24.7,32.9,0.00,100,4,1,100,0.0,0.0,0.0,0.0,0.0
2023-07-30T12:00,27.1,91,25.4,33.2,0.00,100,0,13,100,0.0,0.0,0.0,0.0,0.0
2023-07-30T13:00,27.0,89,25.1,32.6,0.00,98,0,5,98,0.0,0.0,0.0,0.0,0.0
2023-07-30T14:00,26.6,91,25.1,32.3,0.00,100,1,3,100,0.0,0.0,0.0,0.0,0.0
2023-07-30T15:00,26.8,92,25.3,32.7,0.00,100,0,1,100,0.0,0.0,0.0,0.0,0.0
2023-07-30T16:00,26.4,95,25.5,32.6,0.00,100,0,6,100,0.0,0.0,0.0,0.0,0.0
2023-07-30T17:00,26.2,96,25.5,32.5,0.00,100,0,13,100,0.0,0.0,0.0,0.0,0.0
2023-07-30T18:00,25.8,98,25.4,32.3,0.00,100,1,31,100,0.0,0.0,0.0,0.0,0.0
2023-07-30T19:00,26.3,97,25.7,33.2,0.00,100,0,58,100,0.0,0.0,0.0,0.0,0.0
2023-07-30T20:00,26.1,98,25.7,33.1,0.00,100,15,3,100,0.0,0.0,0.0,0.0,0.0
2023-07-30T21:00,25.3,99,25.2,31.8,0.00,96,30,13,94,0.0,0.0,0.0,0.0,0.0
2023-07-30T22:00,25.9,99,25.8,32.7,0.00,54,16,6,43,36.1,6.8,29.3,51.1,175.6
2023-07-30T23:00,27.3,92,25.9,34.6,0.00,100,31,24,100,199.1,95.9,103.2,270.3,470.8
2023-07-31T00:00,27.7,92,26.3,35.1,0.00,87,3,38,70,304.1,98.9,205.2,176.0,746.1
2023-07-31T01:00,28.8,86,26.3,36.0,0.00,66,9,51,24,238.8,44.1,194.6,59.6,982.6
2023-07-31T02:00,30.8,75,25.8,37.6,0.10,84,5,55,67,636.9,391.8,245.0,446.6,1164.3
2023-07-31T03:00,32.1,66,24.9,38.9,0.10,50,12,26,30,811.5,519.8,291.7,539.5,1278.7
2023-07-31T04:00,32.7,60,24.0,38.9,0.00,33,6,17,19,854.6,604.1,250.5,608.3,1318.0
2023-07-31T05:00,32.8,59,23.8,39.0,0.00,21,5,13,8,856.8,688.2,168.6,713.8,1279.5
2023-07-31T06:00,32.3,61,23.8,38.1,0.00,28,6,5,20,792.3,645.2,147.1,734.5,1165.9
2023-07-31T07:00,31.8,64,24.0,37.1,0.00,100,7,4,100,639.8,510.4,129.4,687.9,984.8
2023-07-31T08:00,31.3,66,24.3,36.3,0.00,100,3,5,100,446.2,294.9,151.3,522.9,748.6
2023-07-31T09:00,30.6,70,24.4,35.7,0.00,100,4,5,100,268.5,167.4,101.1,469.5,473.3
2023-07-31T10:00,29.3,77,24.8,35.1,0.00,100,3,9,100,68.1,28.3,39.8,211.4,177.8
2023-07-31T11:00,27.8,85,25.1,34.1,0.00,94,1,6,94,0.0,0.0,0.0,0.0,0.0
2023-07-31T12:00,26.9,92,25.4,33.1,0.00,15,1,8,2,0.0,0.0,0.0,0.0,0.0
2023-07-31T13:00,27.5,87,25.1,33.9,0.00,21,5,1,16,0.0,0.0,0.0,0.0,0.0
2023-07-31T14:00,26.8,91,25.2,33.3,0.00,17,12,8,0,0.0,0.0,0.0,0.0,0.0
2023-07-31T15:00,26.7,92,25.3,33.2,0.00,18,12,5,6,0.0,0.0,0.0,0.0,0.0
2023-07-31T16:00,25.2,99,25.0,31.7,0.00,15,10,0,5,0.0,0.0,0.0,0.0,0.0
2023-07-31T17:00,24.8,100,24.8,31.1,0.00,99,99,0,1,0.0,0.0,0.0,0.0,0.0
2023-07-31T18:00,24.6,100,24.6,30.6,0.10,98,98,9,0,0.0,0.0,0.0,0.0,0.0
2023-07-31T19:00,25.0,100,25.0,31.5,0.00,98,98,2,1,0.0,0.0,0.0,0.0,0.0
2023-07-31T20:00,25.0,98,24.6,30.9,0.60,94,82,20,59,0.0,0.0,0.0,0.0,0.0
2023-07-31T21:00,24.7,99,24.4,30.4,0.20,100,100,26,94,0.0,0.0,0.0,0.0,0.0
2023-07-31T22:00,24.9,99,24.6,30.6,0.20,99,87,4,90,27.1,4.5,22.6,34.5,173.5
2023-07-31T23:00,26.2,91,24.7,32.1,0.10,91,32,33,81,144.2,29.1,115.1,82.4,469.3
2023-08-01T00:00,27.4,86,24.9,33.5,0.30,92,61,24,13,311.6,171.1,140.5,304.9,745.0
2023-08-01T01:00,29.1,79,25.2,35.4,0.10,100,68,9,99,562.6,345.3,217.3,466.8,981.9
2023-08-01T02:00,29.8,76,25.1,36.1,0.10,100,31,17,100,637.0,277.5,359.5,316.5,1163.8
2023-08-01T03:00,30.5,72,24.9,36.9,0.10,100,62,22,100,700.1,349.0,351.1,362.4,1278.3
2023-08-01T04:00,31.4,68,24.8,37.9,0.10,100,28,12,100,746.5,404.0,342.4,407.1,1317.6
2023-08-01T05:00,30.7,67,23.9,36.1,0.30,100,43,44,100,643.1,282.3,360.7,293.0,1279.0
2023-08-01T06:00,30.2,70,24.2,35.4,0.30,100,30,17,100,484.8,184.1,300.7,209.7,1165.1
2023-08-01T07:00,29.4,75,24.5,34.5,0.50,100,42,56,100,449.2,189.5,259.7,255.8,983.7
2023-08-01T08:00,29.4,77,24.9,35.2,0.30,100,11,7,100,334.3,140.1,194.2,248.9,747.0
2023-08-01T09:00,29.0,78,24.8,34.8,0.10,65,38,10,37,188.8,57.8,131.0,162.8,471.3
2023-08-01T10:00,28.3,80,24.5,34.0,0.50,53,32,39,1,70.8,29.2,41.6,221.2,175.3
2023-08-01T11:00,27.2,87,24.8,33.6,0.20,45,29,19,4,0.0,0.0,0.0,0.0,0.0
2023-08-01T12:00,26.8,93,25.7,33.6,0.30,87,12,38,59,0.0,0.0,0.0,0.0,0.0
2023-08-01T13:00,26.9,91,25.3,33.3,0.20,93,6,14,91,0.0,0.0,0.0,0.0,0.0
2023-08-01T14:00,26.5,95,25.5,32.9,0.00,99,33,20,98,0.0,0.0,0.0,0.0,0.0
2023-08-01T15:00,26.1,97,25.6,32.4,0.10,94,37,15,89,0.0,0.0,0.0,0.0,0.0
2023-08-01T16:00,26.0,97,25.6,32.4,0.10,100,96,24,95,0.0,0.0,0.0,0.0,0.0
2023-08-01T17:00,26.2,97,25.7,32.3,0.60,100,100,67,14,0.0,0.0,0.0,0.0,0.0
2023-08-01T18:00,26.2,98,25.8,32.4,0.80,73,50,28,24,0.0,0.0,0.0,0.0,0.0
2023-08-01T19:00,25.1,98,24.8,30.4,1.90,100,100,57,69,0.0,0.0,0.0,0.0,0.0
2023-08-01T20:00,25.1,96,24.5,29.9,0.70,100,100,15,85,0.0,0.0,0.0,0.0,0.0
2023-08-01T21:00,25.5,96,24.9,31.0,0.50,99,98,30,40,0.0,0.0,0.0,0.0,0.0
2023-08-01T22:00,25.8,97,25.3,31.6,0.50,88,81,22,16,15.8,0.0,15.8,0.0,171.5
2023-08-01T23:00,26.7,92,25.3,32.2,0.40,98,97,14,5,97.8,0.0,97.8,0.0,467.7
2023-08-02T00:00,28.8,87,26.4,35.1,0.50,81,81,50,81,204.2,19.6,184.7,34.9,743.9
2023-08-02T01:00,29.0,83,25.9,34.8,0.90,100,99,7,90,340.8,108.7,232.1,147.1,981.1
2023-08-02T02:00,30.0,82,26.5,35.9,0.20,100,99,8,76,522.6,254.8,267.8,290.9,1163.3
2023-08-02T03:00,30.1,75,25.1,34.8,0.40,100,19,45,100,584.5,256.3,328.2,266.3,1277.9
2023-08-02T04:00,29.2,80,25.3,34.3,0.60,99,25,35,99,644.5,303.0,341.4,305.5,1317.2
2023-08-02T05:00,30.9,74,25.7,36.9,0.30,100,76,29,98,789.1,563.6,225.4,585.4,1278.5
2023-08-02T06:00,30.3,76,25.5,35.6,0.70,100,100,20,100,656.4,383.2,273.2,437.0,1164.3
2023-08-02T07:00,29.0,79,25.0,33.2,0.40,99,53,21,98,414.5,186.7,227.7,252.4,982.5
2023-08-02T08:00,28.8,80,25.0,33.4,0.60,99,81,25,95,370.2,220.7,149.4,393.2,745.4
2023-08-02T09:00,28.3,83,25.0,33.0,0.50,99,31,23,99,231.6,133.1,98.5,376.7,469.2
2023-08-02T10:00,27.7,86,25.1,32.4,0.20,100,20,6,100,60.6,16.6,44.0,127.9,172.7
2023-08-02T11:00,26.9,90,25.2,31.8,0.90,100,23,0,100,0.0,0.0,0.0,0.0,0.0
2023-08-02T12:00,27.1,88,25.0,32.1,0.30,100,0,0,100,0.0,0.0,0.0,0.0,0.0
2023-08-02T13:00,27.0,87,24.7,31.4,0.00,100,3,6,100,0.0,0.0,0.0,0.0,0.0
2023-08-02T14:00,27.1,85,24.3,31.1,0.10,100,22,97,100,0.0,0.0,0.0,0.0,0.0
2023-08-02T15:00,27.3,81,23.8,30.9,0.10,100,33,100,100,0.0,0.0,0.0,0.0,0.0
2023-08-02T16:00,27.1,81,23.5,30.2,0.40,100,42,97,99,0.0,0.0,0.0,0.0,0.0
2023-08-02T17:00,25.4,91,23.8,28.2,1.50,100,100,100,99,0.0,0.0,0.0,0.0,0.0
2023-08-02T18:00,25.2,93,23.9,28.1,1.80,100,70,100,96,0.0,0.0,0.0,0.0,0.0
2023-08-02T19:00,24.7,94,23.7,27.1,1.60,100,56,95,100,0.0,0.0,0.0,0.0,0.0
2023-08-02T20:00,24.2,96,23.4,26.7,2.10,100,100,99,100,0.0,0.0,0.0,0.0,0.0
2023-08-02T21:00,25.1,88,23.0,26.4,1.10,100,37,95,100,0.0,0.0,0.0,0.0,0.0
2023-08-02T22:00,25.4,87,23.0,26.4,0.50,100,24,99,100,15.8,0.0,15.8,0.0,169.5
2023-08-02T23:00,25.9,84,23.0,26.4,0.60,100,19,71,100,64.4,0.0,64.4,0.0,466.2
2023-08-03T00:00,25.3,86,22.8,25.9,0.40,100,6,100,100,160.3,6.1,154.2,10.9,742.8
2023-08-03T01:00,26.7,84,23.7,28.1,0.80,100,25,100,100,140.5,3.4,137.1,4.6,980.4
2023-08-03T02:00,26.5,88,24.4,28.5,1.90,100,60,100,100,180.3,4.3,176.0,4.9,1162.8
2023-08-03T03:00,26.2,91,24.5,29.0,3.70,100,100,100,100,162.5,1.0,161.5,1.1,1277.5
2023-08-03T04:00,26.8,90,25.1,29.9,6.50,100,99,100,100,258.6,8.1,250.5,8.2,1316.8
2023-08-03T05:00,26.8,88,24.7,29.4,7.90,100,99,100,100,129.4,0.0,129.4,0.0,1277.9
2023-08-03T06:00,27.0,86,24.6,28.7,2.40,100,31,15,100,126.1,0.0,126.1,0.0,1163.5
2023-08-03T07:00,27.9,84,24.8,29.5,0.10,100,27,62,100,228.6,34.6,194.0,46.8,981.3
2023-08-03T08:00,28.6,79,24.6,30.3,0.10,100,67,100,100,247.2,44.6,202.6,79.7,743.7
2023-08-03T09:00,27.8,76,23.2,29.2,0.50,100,97,56,100,84.5,0.0,84.5,0.0,467.0
2023-08-03T10:00,28.0,70,22.0,29.1,0.40,100,43,74,100,34.6,0.5,34.1,4.2,170.0
2023-08-03T11:00,28.7,66,21.6,29.7,0.00,100,11,95,100,0.0,0.0,0.0,0.0,0.0
2023-08-03T12:00,26.9,81,23.3,28.8,2.40,100,14,47,100,0.0,0.0,0.0,0.0,0.0
2023-08-03T13:00,27.4,81,23.8,28.6,0.00,100,8,29,100,0.0,0.0,0.0,0.0,0.0
2023-08-03T14:00,27.4,78,23.2,28.6,0.00,100,17,96,100,0.0,0.0,0.0,0.0,0.0
2023-08-03T15:00,28.0,73,22.6,28.1,1.90,100,10,100,100,0.0,0.0,0.0,0.0,0.0
2023-08-03T16:00,27.2,80,23.5,28.2,0.80,100,25,98,100,0.0,0.0,0.0,0.0,0.0
2023-08-03T17:00,26.9,85,24.2,27.3,0.70,100,13,93,100,0.0,0.0,0.0,0.0,0.0
2023-08-03T18:00,26.7,86,24.1,26.8,0.20,100,75,45,100,0.0,0.0,0.0,0.0,0.0
2023-08-03T19:00,27.0,85,24.2,27.2,0.30,100,3,39,100,0.0,0.0,0.0,0.0,0.0
2023-08-03T20:00,26.9,84,24.0,28.0,0.20,100,11,44,100,0.0,0.0,0.0,0.0,0.0
2023-08-03T21:00,26.9,83,23.8,27.7,1.40,100,40,32,99,0.0,0.0,0.0,0.0,0.0
2023-08-03T22:00,27.3,82,24.0,28.4,0.10,100,19,4,100,22.7,2.3,20.4,18.0,167.5
2023-08-03T23:00,27.9,82,24.5,29.4,0.10,100,13,7,100,168.6,39.6,129.0,113.2,464.7
2023-08-04T00:00,29.3,79,25.3,32.4,0.00,100,1,97,100,361.3,144.5,216.8,258.8,741.7
2023-08-04T01:00,30.1,75,25.1,32.8,0.00,100,0,100,100,267.4,100.8,166.6,136.7,979.6
2023-08-04T02:00,30.6,73,25.2,33.2,0.00,100,0,39,100,267.9,25.9,241.9,29.6,1162.3
2023-08-04T03:00,30.8,72,25.3,33.8,0.00,100,3,100,100,274.0,5.2,268.8,5.4,1277.1
2023-08-04T04:00,31.0,72,25.4,34.0,0.00,100,2,31,100,320.2,50.5,269.7,51.0,1316.4
2023-08-04T05:00,31.5,69,25.1,33.9,0.00,100,1,14,100,432.2,66.6,365.6,69.3,1277.3
2023-08-04T06:00,31.3,70,25.2,33.9,0.00,100,0,5,100,273.1,44.6,228.5,50.9,1162.6
2023-08-04T07:00,32.2,66,25.1,34.6,0.00,100,1,3,100,448.8,186.6,262.2,253.0,980.0
2023-08-04T08:00,31.8,67,24.9,34.4,0.00,100,1,34,100,409.2,211.9,197.3,379.4,742.0
2023-08-04T09:00,31.1,67,24.2,33.1,0.00,100,3,78,100,221.7,99.7,122.0,285.1,464.7
2023-08-04T10:00,30.2,68,23.7,32.0,0.00,100,5,95,100,57.5,7.4,50.1,58.7,167.2
2023-08-04T11:00,29.5,69,23.3,30.6,0.00,100,6,61,100,0.0,0.0,0.0,0.0,0.0
2023-08-04T12:00,30.2,69,23.8,31.7,0.00,100,8,14,100,0.0,0.0,0.0,0.0,0.0
2023-08-04T13:00,30.4,66,23.5,31.5,0.00,100,15,17,100,0.0,0.0,0.0,0.0,0.0
2023-08-04T14:00,30.1,67,23.4,31.4,0.00,100,6,3,100,0.0,0.0,0.0,0.0,0.0
2023-08-04T15:00,29.9,67,23.0,31.0,0.00,100,2,3,100,0.0,0.0,0.0,0.0,0.0
2023-08-04T16:00,29.8,66,22.7,30.7,0.00,100,15,10,100,0.0,0.0,0.0,0.0,0.0
2023-08-04T17:00,29.6,68,23.2,30.4,0.00,100,4,19,100,0.0,0.0,0.0,0.0,0.0
2023-08-04T18:00,29.4,69,23.0,29.9,0.00,100,16,26,100,0.0,0.0,0.0,0.0,0.0
2023-08-04T19:00,29.0,72,23.3,30.0,0.00,100,9,20,100,0.0,0.0,0.0,0.0,0.0
2023-08-04T20:00,28.3,77,23.8,29.8,2.30,100,16,24,100,0.0,0.0,0.0,0.0,0.0
2023-08-04T21:00,28.1,78,23.9,29.9,1.00,100,9,6,100,0.0,0.0,0.0,0.0,0.0
2023-08-04T22:00,28.1,79,24.2,30.1,0.20,100,8,17,100,22.7,0.0,22.7,0.0,165.5
2023-08-04T23:00,28.1,79,24.1,30.2,0.10,100,8,17,100,139.6,13.2,126.4,37.9,463.2
2023-08-05T00:00,30.3,73,24.9,33.3,0.00,100,5,5,100,258.6,40.4,218.1,72.6,740.6
2023-08-05T01:00,31.2,74,25.9,34.9,0.50,94,8,12,94,563.3,312.8,250.5,424.6,978.9
2023-08-05T02:00,32.3,70,26.1,36.1,0.70,100,6,8,100,667.6,367.3,300.3,420.1,1161.8
2023-08-05T03:00,32.7,65,25.2,36.2,0.00,100,4,3,100,786.7,469.9,316.8,489.1,1276.7
2023-08-05T04:00,33.1,64,25.5,36.9,0.00,100,0,0,100,772.7,411.1,361.6,415.1,1315.9
2023-08-05T05:00,33.3,64,25.5,37.2,0.00,100,0,1,100,817.3,511.5,305.7,532.5,1276.7
2023-08-05T06:00,33.3,64,25.6,37.4,0.00,100,0,1,100,836.2,723.4,112.8,827.6,1161.6
2023-08-05T07:00,33.0,66,25.7,36.6,0.00,99,1,4,99,663.5,532.4,131.1,723.0,978.6
2023-08-05T08:00,32.1,69,25.7,35.3,0.00,78,4,3,76,485.2,382.3,102.9,686.5,740.1
2023-08-05T09:00,31.3,69,24.9,34.5,0.00,12,1,3,9,284.9,220.6,64.3,634.0,462.4
2023-08-05T10:00,30.3,72,24.8,34.0,0.00,5,0,2,3,84.2,55.4,28.8,448.4,164.3
2023-08-05T11:00,29.6,71,23.8,33.2,0.00,2,0,2,0,0.0,0.0,0.0,0.0,0.0
2023-08-05T12:00,29.6,69,23.3,33.6,0.00,2,0,0,6,0.0,0.0,0.0,0.0,0.0
2023-08-05T13:00,29.5,68,23.0,33.5,0.00,100,0,1,100,0.0,0.0,0.0,0.0,0.0
2023-08-05T14:00,29.5,68,23.0,33.0,0.00,100,0,5,100,0.0,0.0,0.0,0.0,0.0
2023-08-05T15:00,29.4,68,23.0,32.6,0.00,100,0,13,100,0.0,0.0,0.0,0.0,0.0
2023-08-05T16:00,29.1,68,22.7,31.9,0.00,100,0,4,100,0.0,0.0,0.0,0.0,0.0
2023-08-05T17:00,29.0,69,22.6,31.2,0.00,95,1,40,92,0.0,0.0,0.0,0.0,0.0
2023-08-05T18:00,28.9,70,22.9,31.1,0.00,81,1,24,75,0.0,0.0,0.0,0.0,0.0
2023-08-05T19:00,29.0,70,22.9,30.8,0.00,95,3,13,94,0.0,0.0,0.0,0.0,0.0
2023-08-05T20:00,28.7,70,22.8,30.9,0.00,73,11,18,67,0.0,0.0,0.0,0.0,0.0
2023-08-05T21:00,28.6,70,22.6,31.4,0.00,25,9,7,17,0.0,0.0,0.0,0.0,0.0
2023-08-05T22:00,28.4,73,23.0,31.7,0.00,77,6,9,75,34.1,13.6,20.5,110.9,163.5
2023-08-05T23:00,29.3,73,23.8,33.0,0.00,47,7,6,43,229.8,144.4,85.4,415.6,461.7
2023-08-06T00:00,30.2,75,25.3,36.0,0.00,23,3,36,78,450.0,340.9,109.1,612.7,739.6
2023-08-06T01:00,30.9,74,25.8,36.4,0.50,69,13,49,39,543.0,352.6,190.5,479.1,978.2
2023-08-06T02:00,32.8,71,26.9,39.9,0.30,99,5,21,99,668.7,446.2,222.5,510.7,1161.2
2023-08-06T03:00,34.4,63,26.4,40.5,0.00,100,5,3,100,768.0,520.0,248.0,541.5,1276.3
2023-08-06T04:00,35.0,60,26.2,41.1,0.00,98,3,2,98,948.4,816.1,132.3,824.7,1315.4
2023-08-06T05:00,34.9,60,26.0,40.5,0.00,61,1,2,61,934.8,813.3,121.5,847.3,1276.0
2023-08-06T06:00,34.0,64,26.4,39.7,0.50,60,4,33,40,792.5,652.2,140.3,747.0,1160.6
2023-08-06T07:00,33.7,62,25.5,38.1,0.00,13,1,1,12,620.5,477.6,142.8,649.7,977.2
2023-08-06T08:00,33.4,64,25.6,37.5,0.00,25,2,1,23,484.0,387.2,96.8,697.3,738.2
2023-08-06T09:00,32.3,67,25.4,36.5,0.00,72,1,0,71,286.7,227.1,59.6,656.3,459.9
2023-08-06T10:00,30.9,70,24.9,35.2,0.00,71,0,0,71,83.9,56.5,27.5,465.3,161.3
2023-08-06T11:00,29.8,71,24.0,34.1,0.00,4,0,1,4,0.0,0.0,0.0,0.0,0.0
2023-08-06T12:00,29.8,75,24.9,34.9,0.00,0,4,0,100,0.0,0.0,0.0,0.0,0.0
2023-08-06T13:00,29.3,75,24.4,34.4,0.00,100,0,0,100,0.0,0.0,0.0,0.0,0.0
2023-08-06T14:00,28.8,74,23.6,33.6,0.00,100,0,0,100,0.0,0.0,0.0,0.0,0.0
2023-08-06T15:00,28.6,73,23.3,33.1,0.00,100,0,0,100,0.0,0.0,0.0,0.0,0.0
2023-08-06T16:00,28.7,71,22.9,32.7,0.00,100,0,0,100,0.0,0.0,0.0,0.0,0.0
2023-08-06T17:00,28.7,69,22.5,32.2,0.00,100,0,0,100,0.0,0.0,0.0,0.0,0.0
2023-08-06T18:00,28.6,69,22.3,31.8,0.00,100,0,0,100,0.0,0.0,0.0,0.0,0.0
2023-08-06T19:00,28.3,70,22.4,31.2,0.00,100,0,3,100,0.0,0.0,0.0,0.0,0.0
2023-08-06T20:00,28.1,72,22.6,31.0,0.00,100,0,2,100,0.0,0.0,0.0,0.0,0.0
2023-08-06T21:00,27.8,73,22.6,31.3,0.00,99,0,1,99,0.0,0.0,0.0,0.0,0.0
2023-08-06T22:00,27.8,75,23.0,31.5,0.00,38,0,0,38,34.2,11.4,22.8,93.7,161.6
2023-08-06T23:00,28.8,75,23.9,32.8,0.00,77,0,0,76,237.7,160.9,76.8,464.9,460.3
2023-08-07T00:00,30.5,69,24.2,34.9,0.00,91,1,3,23,454.0,346.0,108.0,622.9,738.5
2023-08-07T01:00,31.9,66,24.7,36.3,0.00,93,1,2,93,661.1,554.5,106.6,754.3,977.5
2023-08-07T02:00,33.2,62,24.9,38.3,0.00,98,1,1,98,823.3,708.8,114.5,811.9,1160.7
2023-08-07T03:00,33.9,61,25.4,39.7,0.00,97,0,1,97,894.1,743.0,151.1,774.3,1275.8
2023-08-07T04:00,34.5,61,25.7,40.7,0.00,100,0,8,100,960.5,842.3,118.2,851.8,1314.9
2023-08-07T05:00,34.3,63,26.2,40.4,0.00,100,1,8,100,898.4,754.4,144.0,786.6,1275.2
2023-08-07T06:00,33.9,65,26.4,39.9,0.00,98,0,3,98,832.1,721.2,110.9,827.1,1159.5
2023-08-07T07:00,33.4,66,26.1,38.6,0.00,100,0,0,100,627.5,514.8,112.8,701.5,975.7
2023-08-07T08:00,32.5,69,26.0,37.1,0.00,100,1,0,100,490.6,395.5,95.0,714.4,736.2
2023-08-07T09:00,31.4,73,26.0,36.3,0.00,100,0,0,100,267.1,187.0,80.1,543.7,457.4
2023-08-07T10:00,30.1,76,25.5,35.0,0.00,100,1,0,100,75.9,40.5,35.4,340.4,158.2
2023-08-07T11:00,29.2,78,24.9,33.7,0.00,100,2,3,100,0.0,0.0,0.0,0.0,0.0
2023-08-07T12:00,28.7,80,24.9,33.6,0.00,39,0,0,100,0.0,0.0,0.0,0.0,0.0
2023-08-07T13:00,28.4,80,24.6,33.7,0.00,100,0,3,100,0.0,0.0,0.0,0.0,0.0
2023-08-07T14:00,28.2,80,24.4,33.5,0.00,100,0,2,100,0.0,0.0,0.0,0.0,0.0
2023-08-07T15:00,28.0,80,24.2,33.3,0.00,100,0,1,100,0.0,0.0,0.0,0.0,0.0
2023-08-07T16:00,27.6,81,24.1,32.9,0.00,100,0,4,100,0.0,0.0,0.0,0.0,0.0
2023-08-07T17:00,27.8,79,23.8,32.6,0.00,100,0,0,100,0.0,0.0,0.0,0.0,0.0
2023-08-07T18:00,28.2,76,23.6,32.1,0.00,100,0,0,100,0.0,0.0,0.0,0.0,0.0
2023-08-07T19:00,28.2,75,23.3,32.0,0.00,100,0,4,100,0.0,0.0,0.0,0.0,0.0
2023-08-07T20:00,28.1,74,22.9,31.7,0.00,100,0,6,100,0.0,0.0,0.0,0.0,0.0
2023-08-07T21:00,27.9,74,22.8,31.7,0.00,100,0,3,100,0.0,0.0,0.0,0.0,0.0
2023-08-07T22:00,27.9,76,23.3,32.2,0.00,15,0,13,3,29.7,6.8,22.8,57.0,159.6
2023-08-07T23:00,29.0,75,24.2,34.0,0.00,34,0,16,22,204.2,115.4,88.8,334.6,458.8
2023-08-08T00:00,29.8,74,24.7,34.5,0.00,58,0,58,57,427.3,308.2,119.1,555.8,737.5
2023-08-08T01:00,30.7,72,25.1,35.7,0.20,97,1,89,74,532.0,346.0,186.0,471.1,976.7
2023-08-08T02:00,30.7,73,25.2,35.8,0.30,95,1,78,78,337.1,64.8,272.3,74.3,1160.2
2023-08-08T03:00,31.1,73,25.8,36.3,0.20,100,15,100,100,566.9,185.5,381.4,193.4,1275.3
2023-08-08T04:00,30.6,79,26.5,36.4,0.90,100,11,84,100,318.1,27.3,290.9,27.6,1314.3
2023-08-08T05:00,30.3,82,27.0,36.6,2.50,100,5,76,100,348.8,37.2,311.5,38.9,1274.4
2023-08-08T06:00,30.5,82,27.1,36.7,0.30,100,4,90,97,309.9,25.6,284.3,29.4,1158.4
2023-08-08T07:00,30.9,76,26.2,36.6,0.00,100,2,99,100,304.6,40.0,264.6,54.6,974.1
2023-08-08T08:00,30.7,77,26.3,36.7,0.00,100,4,80,100,189.9,12.0,177.9,21.7,734.1
2023-08-08T09:00,30.7,77,26.1,36.8,0.00,99,4,90,99,144.7,77.7,67.0,227.3,454.7
2023-08-08T10:00,29.6,78,25.4,35.7,0.00,100,5,96,100,37.0,15.2,21.8,130.6,155.0
2023-08-08T11:00,29.5,73,24.1,33.6,0.00,100,5,17,100,0.0,0.0,0.0,0.0,0.0
2023-08-08T12:00,29.5,70,23.3,33.6,0.00,100,3,48,60,0.0,0.0,0.0,0.0,0.0
2023-08-08T13:00,29.3,70,23.3,33.1,0.00,67,2,63,12,0.0,0.0,0.0,0.0,0.0
2023-08-08T14:00,28.7,75,23.7,33.2,0.10,89,16,85,28,0.0,0.0,0.0,0.0,0.0
2023-08-08T15:00,28.5,76,23.8,33.1,0.00,99,9,54,99,0.0,0.0,0.0,0.0,0.0
2023-08-08T16:00,28.3,75,23.5,32.9,0.00,100,14,23,100,0.0,0.0,0.0,0.0,0.0
2023-08-08T17:00,27.8,77,23.4,32.7,0.00,100,15,10,100,0.0,0.0,0.0,0.0,0.0
2023-08-08T18:00,27.8,75,23.0,32.3,0.00,100,26,29,100,0.0,0.0,0.0,0.0,0.0
2023-08-08T19:00,28.0,73,22.7,32.1,0.00,100,14,30,100,0.0,0.0,0.0,0.0,0.0
2023-08-08T20:00,27.8,74,22.7,31.7,0.00,86,6,8,85,0.0,0.0,0.0,0.0,0.0
2023-08-08T21:00,26.8,81,23.2,31.6,0.00,91,11,21,88,0.0,0.0,0.0,0.0,0.0
2023-08-08T22:00,27.1,85,24.4,32.9,0.00,15,6,4,9,29.7,9.1,20.6,77.1,157.7
2023-08-08T23:00,28.4,76,23.8,34.1,0.00,27,11,17,11,222.5,137.9,84.5,401.2,457.4
2023-08-09T00:00,30.0,72,24.3,34.9,0.00,23,5,14,18,416.5,297.3,119.2,537.1,736.5
2023-08-09T01:00,31.5,68,25.0,35.7,0.00,32,6,11,22,617.2,473.1,144.1,644.9,976.0
2023-08-09T02:00,33.0,63,24.9,37.8,0.00,48,5,9,43,807.3,681.9,125.4,782.3,1159.6
2023-08-09T03:00,33.7,61,25.0,39.0,0.00,64,4,3,62,907.7,753.4,154.2,786.3,1274.8
2023-08-09T04:00,34.1,57,24.4,39.0,0.00,44,1,5,41,907.9,758.4,149.5,768.1,1313.7
2023-08-09T05:00,34.4,55,24.2,39.0,0.00,69,1,9,66,861.0,675.9,185.1,706.1,1273.5
2023-08-09T06:00,33.9,59,24.8,38.7,0.10,98,6,56,96,772.1,616.7,155.4,709.1,1157.1
2023-08-09T07:00,33.0,65,25.5,38.3,0.70,100,2,47,100,599.8,413.5,186.3,565.8,972.4
2023-08-09T08:00,32.5,67,25.6,37.8,0.00,100,0,42,99,361.6,205.2,156.4,373.0,731.8
2023-08-09T09:00,31.5,72,26.0,37.2,0.00,95,0,13,95,210.6,130.0,80.6,382.8,451.9
2023-08-09T10:00,30.5,75,25.7,36.6,0.00,70,3,8,67,64.2,32.6,31.6,285.9,151.6
2023-08-09T11:00,29.3,78,25.1,35.4,0.00,83,7,7,80,0.0,0.0,0.0,0.0,0.0
2023-08-09T12:00,28.9,91,27.2,36.8,0.00,91,6,2,27,0.0,0.0,0.0,0.0,0.0
2023-08-09T13:00,28.3,94,27.3,36.3,0.00,8,7,3,0,0.0,0.0,0.0,0.0,0.0
2023-08-09T14:00,27.9,95,27.0,35.7,0.00,15,13,14,0,0.0,0.0,0.0,0.0,0.0
2023-08-09T15:00,28.0,90,26.2,35.2,0.00,15,14,10,0,0.0,0.0,0.0,0.0,0.0
2023-08-09T16:00,27.3,92,25.8,34.0,0.00,9,8,4,0,0.0,0.0,0.0,0.0,0.0
2023-08-09T17:00,26.9,92,25.6,33.6,0.00,1,1,0,0,0.0,0.0,0.0,0.0,0.0
2023-08-09T18:00,26.5,94,25.4,33.2,0.00,3,3,3,0,0.0,0.0,0.0,0.0,0.0
2023-08-09T19:00,26.5,94,25.4,33.1,0.00,8,4,6,0,0.0,0.0,0.0,0.0,0.0
2023-08-09T20:00,26.6,93,25.4,33.0,0.00,4,2,1,2,0.0,0.0,0.0,0.0,0.0
2023-08-09T21:00,25.8,96,25.2,32.3,0.00,1,0,1,0,0.0,0.0,0.0,0.0,0.0
2023-08-09T22:00,26.5,93,25.2,32.5,0.00,12,1,3,8,32.0,11.4,20.6,97.8,155.8
2023-08-09T23:00,28.0,84,24.9,34.6,0.00,20,2,3,16,223.0,139.7,83.3,407.9,455.9
2023-08-10T00:00,30.1,79,26.0,37.5,0.00,14,1,1,30,438.9,325.8,113.1,589.6,735.4
2023-08-10T01:00,31.7,72,26.0,39.1,0.00,14,1,3,11,646.9,533.4,113.5,727.8,975.3
2023-08-10T02:00,33.0,66,25.8,41.2,0.00,8,1,2,6,797.6,669.0,128.6,768.2,1159.1
2023-08-10T03:00,32.9,66,25.8,41.4,0.10,50,30,12,24,805.5,626.3,179.2,654.1,1274.3
2023-08-10T04:00,29.1,81,25.5,35.6,9.30,99,40,14,98,689.7,394.9,294.9,400.2,1313.0
2023-08-10T05:00,29.3,82,25.9,36.2,0.40,100,100,14,87,418.2,201.8,216.5,211.0,1272.6
2023-08-10T06:00,29.6,78,25.5,36.0,0.40,100,13,31,100,365.6,57.8,307.8,66.5,1155.8
2023-08-10T07:00,30.7,74,25.5,37.6,0.10,98,16,5,97,473.3,181.7,291.6,249.1,970.6
2023-08-10T08:00,30.7,74,25.5,37.2,0.10,78,18,12,72,397.2,215.3,181.9,392.7,729.5
2023-08-10T09:00,28.3,83,25.0,33.7,2.40,99,19,51,97,186.7,82.0,104.7,242.9,449.0
2023-08-10T10:00,28.0,85,25.2,33.9,0.00,83,9,11,81,36.1,8.9,27.2,80.0,148.2
2023-08-10T11:00,27.3,90,25.5,33.8,0.00,89,15,9,87,0.0,0.0,0.0,0.0,0.0
2023-08-10T12:00,26.5,89,24.6,32.6,0.00,99,0,2,98,0.0,0.0,0.0,0.0,0.0
2023-08-10T13:00,26.1,92,24.8,32.4,0.20,34,7,6,27,0.0,0.0,0.0,0.0,0.0
2023-08-10T14:00,25.9,95,25.1,32.3,0.00,87,5,3,86,0.0,0.0,0.0,0.0,0.0
2023-08-10T15:00,25.4,97,24.8,31.6,0.00,93,12,10,91,0.0,0.0,0.0,0.0,0.0
2023-08-10T16:00,25.7,94,24.6,31.9,0.00,98,6,4,97,0.0,0.0,0.0,0.0,0.0
2023-08-10T17:00,25.5,96,24.7,31.7,0.00,96,19,2,95,0.0,0.0,0.0,0.0,0.0
2023-08-10T18:00,25.2,99,25.0,31.5,0.00,100,24,11,100,0.0,0.0,0.0,0.0,0.0
2023-08-10T19:00,25.8,95,24.9,32.0,0.00,99,17,14,99,0.0,0.0,0.0,0.0,0.0
2023-08-10T20:00,25.0,97,24.4,30.8,0.00,98,16,19,98,0.0,0.0,0.0,0.0,0.0
2023-08-10T21:00,25.0,99,24.8,31.1,0.00,88,0,11,87,0.0,0.0,0.0,0.0,0.0
2023-08-10T22:00,25.8,99,25.6,32.5,0.00,58,14,25,42,27.5,4.6,22.9,39.7,153.8
2023-08-10T23:00,26.9,90,25.1,33.5,0.00,98,6,20,97,163.9,79.0,84.9,231.3,454.5
2023-08-11T00:00,25.9,89,24.0,30.8,0.00,98,8,65,98,362.9,221.4,141.5,401.4,734.4
2023-08-11T01:00,26.9,86,24.3,32.3,0.10,79,1,6,78,306.5,155.5,151.0,212.4,974.6
2023-08-11T02:00,29.6,78,25.3,36.5,0.10,69,0,0,69,736.1,540.5,195.6,621.1,1158.5
2023-08-11T03:00,31.4,70,25.3,39.6,0.10,90,3,6,89,899.4,759.7,139.6,794.1,1273.7
2023-08-11T04:00,31.8,69,25.5,40.0,0.20,100,7,3,100,846.2,624.1,222.2,633.1,1312.3
2023-08-11T05:00,31.2,71,25.2,38.2,0.40,100,35,10,100,698.2,396.6,301.6,415.2,1271.6
2023-08-11T06:00,27.1,88,24.9,33.3,10.90,100,100,88,100,114.6,0.0,114.6,0.0,1154.4
2023-08-11T07:00,27.0,89,25.1,33.0,1.60,100,6,20,100,99.9,0.0,99.9,0.0,968.7
2023-08-11T08:00,27.4,87,25.0,33.1,0.60,100,15,6,100,192.9,25.6,167.3,46.9,727.1
2023-08-11T09:00,26.8,89,24.8,32.6,0.20,100,29,30,100,82.5,6.1,76.5,18.1,446.0
2023-08-11T10:00,26.7,89,24.7,33.2,0.00,100,20,20,100,18.6,1.0,17.6,9.0,144.6
2023-08-11T11:00,26.0,94,25.0,32.4,0.20,100,1,1,100,0.0,0.0,0.0,0.0,0.0
2023-08-11T12:00,26.3,93,25.1,32.8,0.10,100,0,32,100,0.0,0.0,0.0,0.0,0.0
2023-08-11T13:00,26.0,94,25.0,32.5,0.10,100,0,4,100,0.0,0.0,0.0,0.0,0.0
2023-08-11T14:00,26.6,88,24.5,33.0,0.00,55,2,1,53,0.0,0.0,0.0,0.0,0.0
2023-08-11T15:00,25.7,93,24.5,31.8,0.00,90,1,5,90,0.0,0.0,0.0,0.0,0.0
2023-08-11T16:00,25.1,95,24.3,30.9,0.00,51,1,11,45,0.0,0.0,0.0,0.0,0.0
2023-08-11T17:00,25.6,96,24.9,31.7,0.00,18,1,2,17,0.0,0.0,0.0,0.0,0.0
2023-08-11T18:00,25.3,98,25.0,31.7,0.00,100,4,4,100,0.0,0.0,0.0,0.0,0.0
2023-08-11T19:00,24.7,99,24.5,30.8,0.00,99,2,9,99,0.0,0.0,0.0,0.0,0.0
2023-08-11T20:00,25.8,95,25.0,32.2,0.00,92,8,2,92,0.0,0.0,0.0,0.0,0.0
2023-08-11T21:00,25.7,96,25.0,32.3,0.00,75,5,2,73,0.0,0.0,0.0,0.0,0.0
2023-08-11T22:00,25.5,96,24.8,31.9,0.00,27,4,3,23,29.9,9.2,20.7,80.6,151.9
2023-08-11T23:00,27.0,89,25.0,33.4,0.00,21,1,8,19,221.1,134.4,86.6,395.1,453.0
2023-08-12T00:00,28.7,79,24.6,34.6,0.00,22,1,2,45,440.7,326.2,114.5,592.4,733.4
2023-08-12T01:00,30.1,73,24.7,36.6,0.00,87,26,4,82,650.6,534.8,115.8,731.4,973.8
2023-08-12T02:00,31.1,69,24.7,38.7,0.00,31,15,11,15,788.1,648.6,139.5,746.0,1157.9
2023-08-12T03:00,32.2,67,25.2,40.8,0.00,16,3,10,5,860.8,703.4,157.4,735.8,1273.1
2023-08-12T04:00,32.9,65,25.4,41.3,0.00,39,18,24,2,859.3,707.8,151.5,718.7,1311.6
2023-08-12T05:00,31.0,67,24.2,36.4,0.90,77,43,49,38,652.1,394.6,257.5,413.6,1270.6
2023-08-12T06:00,30.6,71,24.8,36.5,0.40,79,15,38,65,495.1,241.4,253.7,278.9,1153.0
2023-08-12T07:00,30.9,70,24.9,37.0,0.40,94,27,8,91,511.9,283.2,228.7,390.1,966.7
2023-08-12T08:00,28.4,81,24.7,34.4,3.90,100,7,15,100,282.3,85.3,197.0,156.8,724.6
2023-08-12T09:00,28.5,81,24.9,34.5,0.00,100,19,7,100,144.3,25.7,118.6,77.3,442.9
2023-08-12T10:00,28.2,85,25.5,34.9,0.00,100,17,24,100,38.5,4.3,34.2,41.0,141.0
2023-08-12T11:00,27.4,90,25.6,34.1,0.10,100,4,16,100,0.0,0.0,0.0,0.0,0.0
2023-08-12T12:00,27.3,93,26.1,34.5,0.00,97,19,21,37,0.0,0.0,0.0,0.0,0.0
2023-08-12T13:00,27.1,95,26.3,34.2,0.00,23,1,8,15,0.0,0.0,0.0,0.0,0.0
2023-08-12T14:00,27.2,89,25.2,33.5,0.00,7,0,6,2,0.0,0.0,0.0,0.0,0.0
2023-08-12T15:00,26.4,92,25.0,32.4,0.00,8,0,7,0,0.0,0.0,0.0,0.0,0.0
2023-08-12T16:00,26.0,94,24.9,32.0,0.00,8,1,8,0,0.0,0.0,0.0,0.0,0.0
2023-08-12T17:00,25.7,96,25.0,31.9,0.00,9,1,9,0,0.0,0.0,0.0,0.0,0.0
2023-08-12T18:00,25.7,97,25.2,32.1,0.00,7,1,6,1,0.0,0.0,0.0,0.0,0.0
2023-08-12T19:00,25.1,98,24.8,31.2,0.00,3,0,2,2,0.0,0.0,0.0,0.0,0.0
2023-08-12T20:00,25.0,99,24.8,31.2,0.00,3,0,0,3,0.0,0.0,0.0,0.0,0.0
2023-08-12T21:00,24.7,99,24.4,30.6,0.00,12,0,7,7,0.0,0.0,0.0,0.0,0.0
2023-08-12T22:00,25.7,97,25.2,32.3,0.00,14,0,5,12,27.6,9.2,18.4,81.8,149.9
2023-08-12T23:00,27.4,89,25.4,34.2,0.00,1,0,0,0,223.1,140.7,82.3,415.1,451.6
2023-08-13T00:00,28.7,82,25.4,35.4,0.00,20,0,3,0,447.2,344.9,102.2,627.4,732.4
2023-08-13T01:00,30.5,71,24.8,36.9,0.00,4,1,3,1,644.0,527.0,117.0,721.5,973.1
2023-08-13T02:00,31.8,64,24.3,37.7,0.00,22,17,7,0,810.8,690.8,120.0,795.2,1157.3
2023-08-13T03:00,32.7,63,24.8,39.4,0.00,15,14,2,0,879.6,728.5,151.1,762.6,1272.5
2023-08-13T04:00,33.1,63,25.0,40.0,0.50,29,10,9,16,900.6,744.1,156.5,756.3,1310.8
2023-08-13T05:00,31.2,73,25.7,38.6,2.50,71,12,6,66,680.4,464.1,216.4,487.0,1269.5
2023-08-13T06:00,31.8,70,25.7,38.0,0.00,64,10,1,60,531.0,238.5,292.5,276.0,1151.5
2023-08-13T07:00,30.6,73,25.1,37.1,8.40,96,29,10,94,578.8,378.3,200.5,522.5,964.7
2023-08-13T08:00,30.2,75,25.2,35.6,0.00,99,16,4,98,296.5,124.4,172.1,229.6,721.9
2023-08-13T09:00,29.7,78,25.4,35.7,0.00,99,28,4,99,177.9,81.4,96.5,246.7,439.7
2023-08-13T10:00,29.0,84,26.1,35.9,0.00,98,13,3,98,50.8,14.7,36.1,142.8,137.2
2023-08-13T11:00,28.2,87,25.9,35.0,0.00,98,6,2,98,0.0,0.0,0.0,0.0,0.0
2023-08-13T12:00,27.5,91,26.0,34.4,0.00,40,4,12,41,0.0,0.0,0.0,0.0,0.0
2023-08-13T13:00,27.4,93,26.1,34.4,0.00,34,3,1,32,0.0,0.0,0.0,0.0,0.0
2023-08-13T14:00,27.1,95,26.2,33.9,0.00,91,4,0,91,0.0,0.0,0.0,0.0,0.0
2023-08-13T15:00,26.8,95,25.8,33.4,0.00,96,2,5,95,0.0,0.0,0.0,0.0,0.0
2023-08-13T16:00,26.2,95,25.4,32.7,0.00,90,1,4,89,0.0,0.0,0.0,0.0,0.0
2023-08-13T17:00,25.8,96,25.2,32.3,0.00,6,1,5,0,0.0,0.0,0.0,0.0,0.0
2023-08-13T18:00,26.4,95,25.4,33.4,0.00,5,1,5,0,0.0,0.0,0.0,0.0,0.0
2023-08-13T19:00,26.5,94,25.4,33.2,0.00,24,0,2,22,0.0,0.0,0.0,0.0,0.0
2023-08-13T20:00,25.2,97,24.7,31.5,0.00,100,0,3,100,0.0,0.0,0.0,0.0,0.0
2023-08-13T21:00,25.4,97,24.9,31.7,0.00,97,0,3,97,0.0,0.0,0.0,0.0,0.0
2023-08-13T22:00,26.0,95,25.1,32.5,0.00,10,0,6,5,25.4,6.9,18.4,62.3,148.0
2023-08-13T23:00,27.0,86,24.4,32.8,0.00,27,0,14,15,220.6,139.6,81.0,413.2,450.2
2023-08-14T00:00,28.3,79,24.4,34.2,0.00,15,1,8,6,426.5,308.2,118.3,561.5,731.3
2023-08-14T01:00,30.2,72,24.7,36.1,0.00,2,0,2,0,631.6,505.5,126.1,692.9,972.3
2023-08-14T02:00,32.3,66,25.2,38.2,0.00,4,0,4,0,797.9,670.4,127.6,772.4,1156.7
2023-08-14T03:00,33.4,58,24.1,37.6,0.00,26,18,19,1,887.9,755.5,132.4,791.7,1271.8
2023-08-14T04:00,33.2,59,24.1,37.6,0.10,29,3,16,16,845.0,672.4,172.6,684.1,1309.9
2023-08-14T05:00,33.5,59,24.3,38.3,0.00,24,6,15,6,858.5,686.2,172.3,721.0,1268.3
2023-08-14T06:00,32.8,62,24.6,37.5,0.00,17,0,8,10,760.8,618.8,141.9,717.3,1149.9
2023-08-14T07:00,32.7,62,24.5,37.1,0.00,10,0,3,7,655.7,544.1,111.5,753.4,962.6
2023-08-14T08:00,32.7,60,23.8,35.7,0.00,12,0,5,7,472.5,385.6,86.8,714.6,719.2
2023-08-14T09:00,32.1,61,23.5,35.4,0.00,15,0,0,15,262.5,200.0,62.4,611.0,436.4
2023-08-14T10:00,31.0,60,22.4,34.1,0.00,23,0,6,18,64.9,40.1,24.7,401.3,133.3
2023-08-14T11:00,30.2,60,21.5,33.4,0.00,4,0,0,4,0.0,0.0,0.0,0.0,0.0
2023-08-14T12:00,28.9,69,22.7,32.9,0.00,4,0,5,0,0.0,0.0,0.0,0.0,0.0
2023-08-14T13:00,30.0,62,22.0,34.4,0.00,4,0,4,0,0.0,0.0,0.0,0.0,0.0
2023-08-14T14:00,28.0,78,23.9,33.8,0.00,3,0,3,0,0.0,0.0,0.0,0.0,0.0
2023-08-14T15:00,28.0,80,24.1,34.1,0.00,9,0,9,0,0.0,0.0,0.0,0.0,0.0
2023-08-14T16:00,28.2,76,23.6,33.4,0.00,43,0,16,32,0.0,0.0,0.0,0.0,0.0
2023-08-14T17:00,26.3,85,23.6,31.1,0.00,85,4,17,82,0.0,0.0,0.0,0.0,0.0
2023-08-14T18:00,26.4,85,23.7,31.5,0.00,37,4,14,27,0.0,0.0,0.0,0.0,0.0
2023-08-14T19:00,26.3,85,23.7,31.4,0.00,10,1,10,0,0.0,0.0,0.0,0.0,0.0
2023-08-14T20:00,26.4,84,23.4,31.3,0.00,69,0,10,65,0.0,0.0,0.0,0.0,0.0
2023-08-14T21:00,26.1,85,23.3,30.9,0.00,33,0,12,25,0.0,0.0,0.0,0.0,0.0
2023-08-14T22:00,26.7,84,23.7,31.8,0.00,56,0,5,53,25.4,9.2,16.2,84.3,146.1
2023-08-14T23:00,28.2,79,24.2,33.2,0.00,99,0,3,99,207.6,124.9,82.7,370.9,448.7
2023-08-15T00:00,29.9,73,24.6,34.7,0.00,100,0,10,52,431.7,302.2,129.5,551.6,730.3
2023-08-15T01:00,31.3,70,25.2,36.2,0.00,100,5,10,100,643.2,522.7,120.4,717.3,971.5
2023-08-15T02:00,32.5,66,25.4,37.5,0.00,100,10,1,100,772.1,595.8,176.3,687.1,1156.0
2023-08-15T03:00,33.5,63,25.5,38.9,0.00,100,5,2,100,859.8,629.4,230.3,660.2,1271.1
2023-08-15T04:00,34.0,60,25.2,39.4,0.00,97,2,3,97,897.5,699.6,197.9,712.5,1309.0
2023-08-15T05:00,34.0,61,25.3,39.3,0.00,96,11,23,94,762.4,570.6,191.8,600.4,1267.1
2023-08-15T06:00,33.9,61,25.4,39.5,0.10,26,6,6,17,785.2,653.7,131.5,759.0,1148.2
2023-08-15T07:00,33.6,58,24.3,37.8,0.00,49,0,2,48,616.4,484.9,131.4,673.2,960.4
2023-08-15T08:00,32.9,62,24.8,36.7,0.00,59,0,1,59,461.0,350.4,110.6,652.1,716.4
2023-08-15T09:00,32.0,66,24.9,36.3,0.00,96,0,1,96,250.6,177.0,73.5,545.2,433.0
2023-08-15T10:00,30.7,70,24.5,35.0,0.00,45,0,1,45,61.0,35.8,25.2,368.9,129.4
2023-08-15T11:00,29.9,72,24.2,34.2,0.00,96,0,0,96,0.0,0.0,0.0,0.0,0.0
2023-08-15T12:00,29.5,74,24.4,34.6,0.00,99,0,11,94,0.0,0.0,0.0,0.0,0.0
2023-08-15T13:00,29.2,74,24.1,34.0,0.00,98,0,15,98,0.0,0.0,0.0,0.0,0.0
2023-08-15T14:00,29.0,72,23.5,33.4,0.00,99,0,12,99,0.0,0.0,0.0,0.0,0.0
2023-08-15T15:00,28.6,73,23.2,33.1,0.00,100,0,9,100,0.0,0.0,0.0,0.0,0.0
2023-08-15T16:00,28.0,75,23.1,32.6,0.00,96,3,10,95,0.0,0.0,0.0,0.0,0.0
2023-08-15T17:00,27.3,78,23.1,32.1,0.00,96,7,26,94,0.0,0.0,0.0,0.0,0.0
2023-08-15T18:00,26.9,81,23.3,31.5,0.00,74,7,29,63,0.0,0.0,0.0,0.0,0.0
2023-08-15T19:00,27.0,79,23.0,31.6,0.00,83,7,34,76,0.0,0.0,0.0,0.0,0.0
2023-08-15T20:00,27.2,79,23.1,31.7,0.30,97,13,62,93,0.0,0.0,0.0,0.0,0.0
2023-08-15T21:00,27.3,78,23.1,31.0,0.10,97,9,16,96,0.0,0.0,0.0,0.0,0.0
2023-08-15T22:00,26.5,83,23.3,30.3,0.20,98,24,28,97,23.2,4.6,18.5,42.8,144.2
2023-08-15T23:00,26.2,89,24.3,30.3,2.00,100,100,100,99,188.5,86.0,102.5,256.3,447.3
2023-08-16T00:00,26.6,89,24.7,31.3,1.20,100,61,82,100,54.3,0.0,54.3,0.0,729.2
2023-08-16T01:00,26.7,89,24.8,31.0,2.70,100,52,35,100,188.7,23.9,164.8,32.8,970.7
2023-08-16T02:00,26.2,93,25.0,30.4,1.10,100,53,93,100,311.4,61.6,249.8,71.2,1155.3
2023-08-16T03:00,25.5,96,24.8,30.1,1.80,100,100,98,100,274.1,5.2,268.9,5.5,1270.4
2023-08-16T04:00,25.0,95,24.2,30.0,6.00,100,77,60,100,117.1,9.1,108.0,9.3,1308.1
2023-08-16T05:00,25.8,90,24.0,30.2,0.80,99,47,18,99,239.7,18.6,221.2,19.6,1265.8
2023-08-16T06:00,28.4,84,25.4,33.7,0.80,100,16,4,100,496.5,196.7,299.8,228.8,1146.4
2023-08-16T07:00,30.1,80,26.4,36.5,0.20,97,20,3,96,470.2,181.2,289.0,252.2,958.1
2023-08-16T08:00,30.4,76,25.7,36.0,0.20,100,12,12,100,309.3,106.2,203.1,198.5,713.6
2023-08-16T09:00,30.2,77,25.8,36.0,0.10,76,5,6,74,205.8,92.8,113.0,288.1,429.5
2023-08-16T10:00,28.0,82,24.5,32.3,1.50,100,78,79,100,55.4,27.0,28.4,287.7,125.3
2023-08-16T11:00,25.4,95,24.6,30.6,5.00,100,40,52,100,0.0,0.0,0.0,0.0,0.0
2023-08-16T12:00,25.6,93,24.5,31.6,1.00,100,5,10,6,0.0,0.0,0.0,0.0,0.0
2023-08-16T13:00,25.2,96,24.6,31.3,0.30,66,6,32,50,0.0,0.0,0.0,0.0,0.0
2023-08-16T14:00,25.5,97,25.0,31.8,0.20,82,20,49,61,0.0,0.0,0.0,0.0,0.0
2023-08-16T15:00,25.4,97,24.9,31.5,0.00,98,2,7,98,0.0,0.0,0.0,0.0,0.0
2023-08-16T16:00,25.2,98,24.9,31.4,0.00,98,7,4,98,0.0,0.0,0.0,0.0,0.0
2023-08-16T17:00,26.1,94,25.0,32.4,0.00,78,1,4,77,0.0,0.0,0.0,0.0,0.0
2023-08-16T18:00,26.2,94,25.1,33.0,0.00,94,1,2,94,0.0,0.0,0.0,0.0,0.0
2023-08-16T19:00,26.1,95,25.1,32.9,0.00,68,1,0,68,0.0,0.0,0.0,0.0,0.0
2023-08-16T20:00,25.2,97,24.7,31.4,0.00,16,8,4,7,0.0,0.0,0.0,0.0,0.0
2023-08-16T21:00,25.0,97,24.5,31.1,0.00,82,8,3,80,0.0,0.0,0.0,0.0,0.0
2023-08-16T22:00,25.7,96,25.1,32.2,0.00,33,15,9,18,23.2,4.6,18.6,43.5,142.3
2023-08-16T23:00,26.9,93,25.6,33.7,0.00,27,13,7,12,210.1,119.4,90.7,357.3,445.9
2023-08-17T00:00,28.5,84,25.6,35.5,0.20,77,34,20,42,391.5,269.2,122.3,493.3,728.2
2023-08-17T01:00,26.1,91,24.4,30.9,7.60,100,88,22,99,367.2,204.6,162.6,281.5,969.9
2023-08-17T02:00,27.6,85,24.9,33.9,0.40,21,5,9,11,403.4,104.9,298.5,121.2,1154.6
2023-08-17T03:00,29.9,76,25.2,38.4,0.10,93,51,2,86,873.3,693.0,180.3,728.2,1269.6
2023-08-17T04:00,30.5,76,25.7,38.1,0.40,100,100,6,96,761.0,437.0,324.0,446.1,1307.1
2023-08-17T05:00,26.4,89,24.4,31.8,9.00,100,50,22,100,511.7,184.9,326.8,195.1,1264.5
2023-08-17T06:00,28.1,82,24.7,34.4,0.10,88,47,5,77,364.9,139.0,226.0,162.0,1144.6
2023-08-17T07:00,29.8,75,24.9,36.9,0.00,100,52,5,100,580.4,408.4,172.1,570.1,955.7
2023-08-17T08:00,30.1,74,25.0,36.0,0.30,100,18,10,100,348.9,161.3,187.6,302.8,710.6
2023-08-17T09:00,25.8,88,23.7,31.4,6.70,100,91,6,100,129.1,29.9,99.3,93.5,426.0
2023-08-17T10:00,24.8,95,24.0,30.3,0.60,100,89,13,99,15.5,0.9,14.6,9.7,121.2
2023-08-17T11:00,24.7,93,23.5,30.5,0.10,100,43,12,100,0.0,0.0,0.0,0.0,0.0
2023-08-17T12:00,24.3,94,23.3,29.3,0.00,100,8,80,100,0.0,0.0,0.0,0.0,0.0
2023-08-17T13:00,24.0,95,23.1,28.8,0.90,100,10,0,100,0.0,0.0,0.0,0.0,0.0
2023-08-17T14:00,23.7,97,23.2,28.5,0.50,100,0,0,100,0.0,0.0,0.0,0.0,0.0
2023-08-17T15:00,24.0,98,23.7,29.4,0.20,100,13,16,100,0.0,0.0,0.0,0.0,0.0
2023-08-17T16:00,24.0,97,23.5,29.3,0.00,88,1,1,87,0.0,0.0,0.0,0.0,0.0
2023-08-17T17:00,24.0,97,23.5,29.0,0.00,97,3,0,97,0.0,0.0,0.0,0.0,0.0
2023-08-17T18:00,24.0,97,23.5,28.7,0.00,91,2,3,90,0.0,0.0,0.0,0.0,0.0
2023-08-17T19:00,23.9,98,23.5,29.0,0.00,98,9,2,98,0.0,0.0,0.0,0.0,0.0
2023-08-17T20:00,23.9,97,23.5,29.0,0.00,99,44,8,99,0.0,0.0,0.0,0.0,0.0
2023-08-17T21:00,23.3,99,23.1,28.3,0.00,61,6,20,49,0.0,0.0,0.0,0.0,0.0
2023-08-17T22:00,23.8,99,23.6,29.4,0.00,100,21,2,100,20.9,4.7,16.3,44.2,140.3
2023-08-17T23:00,24.5,94,23.5,29.5,0.00,100,7,10,100,153.1,54.6,98.5,163.8,444.4
2023-08-18T00:00,26.9,89,25.0,32.7,0.00,100,3,26,74,386.8,213.8,173.0,392.4,727.1
2023-08-18T01:00,28.6,82,25.3,34.7,0.00,100,0,65,100,491.2,244.5,246.8,336.7,969.1
2023-08-18T02:00,29.3,78,25.0,35.3,0.00,100,0,0,100,385.0,123.3,261.7,142.6,1153.9
2023-08-18T03:00,31.0,70,24.8,38.9,0.00,100,2,2,100,879.5,666.9,212.6,701.6,1268.8
2023-08-18T04:00,31.9,65,24.4,39.9,0.00,100,2,2,100,828.6,499.6,329.0,510.5,1306.1
2023-08-18T05:00,31.2,68,24.5,38.1,0.20,100,36,53,100,776.7,466.6,310.1,493.1,1263.1
2023-08-18T06:00,27.9,80,24.1,32.4,0.50,100,26,86,100,350.7,68.1,282.6,79.5,1142.8
2023-08-18T07:00,26.9,83,23.7,32.0,0.10,100,94,37,100,162.9,0.0,162.9,0.0,953.3
2023-08-18T08:00,27.1,83,23.9,32.9,0.20,100,2,2,100,215.4,29.7,185.7,56.0,707.6
2023-08-18T09:00,27.9,79,24.0,33.8,0.10,100,15,3,100,189.8,78.2,111.6,247.0,422.3
2023-08-18T10:00,27.2,87,24.8,33.6,0.00,100,16,8,99,33.3,4.3,29.0,49.4,117.0
2023-08-18T11:00,26.3,90,24.5,32.1,0.00,100,6,5,100,0.0,0.0,0.0,0.0,0.0
2023-08-18T12:00,26.7,92,25.3,33.0,0.00,100,5,7,99,0.0,0.0,0.0,0.0,0.0
2023-08-18T13:00,26.3,93,25.1,32.6,0.00,99,0,3,99,0.0,0.0,0.0,0.0,0.0
2023-08-18T14:00,25.9,95,25.0,32.1,0.00,97,0,1,97,0.0,0.0,0.0,0.0,0.0
2023-08-18T15:00,26.4,95,25.4,33.2,0.00,62,14,1,56,0.0,0.0,0.0,0.0,0.0
2023-08-18T16:00,26.0,97,25.4,32.4,0.00,25,8,13,11,0.0,0.0,0.0,0.0,0.0
2023-08-18T17:00,26.0,97,25.4,32.8,0.00,24,11,20,2,0.0,0.0,0.0,0.0,0.0
2023-08-18T18:00,25.7,99,25.5,32.6,0.00,15,12,1,2,0.0,0.0,0.0,0.0,0.0
2023-08-18T19:00,24.5,98,24.2,30.2,0.00,40,32,3,11,0.0,0.0,0.0,0.0,0.0
2023-08-18T20:00,24.5,97,24.0,30.1,0.10,91,88,11,18,0.0,0.0,0.0,0.0,0.0
2023-08-18T21:00,25.0,97,24.5,31.1,0.00,42,36,8,2,0.0,0.0,0.0,0.0,0.0
2023-08-18T22:00,24.8,99,24.5,30.9,0.00,45,22,1,29,21.0,4.7,16.3,44.9,138.4
2023-08-18T23:00,26.2,92,24.8,32.1,0.00,25,15,0,11,206.6,112.4,94.2,338.8,443.0
2023-08-19T00:00,28.3,80,24.6,33.9,0.10,34,1,0,96,405.6,289.4,116.2,532.1,726.1
2023-08-19T01:00,29.6,74,24.4,34.9,0.00,100,0,0,100,546.0,312.8,233.2,431.3,968.3
2023-08-19T02:00,30.9,70,24.7,36.4,0.00,81,3,5,80,669.6,372.1,297.5,430.8,1153.1
2023-08-19T03:00,32.0,65,24.7,38.3,0.00,92,13,16,90,864.9,695.1,169.9,731.9,1268.0
2023-08-19T04:00,32.3,62,24.1,38.3,0.00,100,13,21,100,752.8,518.7,234.1,530.7,1305.0
2023-08-19T05:00,31.0,66,23.9,36.1,0.00,100,27,78,100,420.6,64.6,356.0,68.3,1261.6
2023-08-19T06:00,28.5,79,24.4,33.4,0.50,100,24,35,100,281.6,14.2,267.4,16.6,1140.8
2023-08-19T07:00,27.3,85,24.7,32.9,2.60,100,100,24,100,207.2,0.0,207.2,0.0,950.8
2023-08-19T08:00,26.3,87,24.0,31.6,5.30,100,85,40,100,111.0,11.9,99.1,22.5,704.4
2023-08-19T09:00,26.2,89,24.2,31.9,0.20,100,100,11,100,41.6,0.0,41.6,0.0,418.6
2023-08-19T10:00,25.9,93,24.7,31.8,0.60,100,9,19,100,12.7,0.0,12.7,0.0,112.7
2023-08-19T11:00,25.6,96,24.9,32.0,0.20,100,100,10,98,0.0,0.0,0.0,0.0,0.0
2023-08-19T12:00,26.3,92,24.9,32.6,0.10,99,2,10,81,0.0,0.0,0.0,0.0,0.0
2023-08-19T13:00,25.6,93,24.4,31.5,0.20,93,0,13,93,0.0,0.0,0.0,0.0,0.0
2023-08-19T14:00,25.1,96,24.5,30.9,0.00,100,2,9,100,0.0,0.0,0.0,0.0,0.0
2023-08-19T15:00,25.6,97,25.1,31.9,0.00,100,11,7,100,0.0,0.0,0.0,0.0,0.0
2023-08-19T16:00,24.7,99,24.6,30.5,0.00,100,15,7,100,0.0,0.0,0.0,0.0,0.0
2023-08-19T17:00,24.8,98,24.5,30.8,0.00,67,11,7,60,0.0,0.0,0.0,0.0,0.0
2023-08-19T18:00,25.3,97,24.8,31.7,0.00,36,19,10,13,0.0,0.0,0.0,0.0,0.0
2023-08-19T19:00,23.9,99,23.7,29.1,0.00,100,34,3,100,0.0,0.0,0.0,0.0,0.0
2023-08-19T20:00,25.0,97,24.5,31.0,0.00,30,8,10,21,0.0,0.0,0.0,0.0,0.0
2023-08-19T21:00,24.9,99,24.7,31.3,0.00,73,15,11,65,0.0,0.0,0.0,0.0,0.0
2023-08-19T22:00,24.5,99,24.4,30.7,0.00,87,33,28,79,21.0,2.3,18.7,22.8,136.5
2023-08-19T23:00,25.4,95,24.5,31.7,0.00,100,46,19,100,162.9,38.1,124.9,115.1,441.6
2023-08-20T00:00,27.4,85,24.7,33.3,0.00,100,28,21,99,377.4,202.9,174.5,373.9,725.0
2023-08-20T01:00,28.8,78,24.5,34.1,0.00,99,42,19,99,539.3,329.9,209.3,455.5,967.4
2023-08-20T02:00,30.0,73,24.6,35.6,0.00,61,43,1,31,708.5,487.9,220.7,565.5,1152.3
2023-08-20T03:00,30.9,70,24.9,37.3,0.00,100,19,12,100,814.9,597.1,217.8,629.4,1267.1
2023-08-20T04:00,31.2,69,24.8,37.9,0.10,100,21,15,100,817.3,579.2,238.1,593.4,1303.8
2023-08-20T05:00,30.2,69,23.9,35.2,0.70,100,39,29,100,644.4,300.2,344.2,318.2,1260.1
2023-08-20T06:00,28.2,80,24.4,33.8,5.70,100,67,55,100,336.3,44.4,291.9,52.1,1138.8
2023-08-20T07:00,27.6,83,24.4,33.3,4.70,100,100,43,100,197.1,14.5,182.6,20.4,948.2
2023-08-20T08:00,27.1,86,24.5,33.0,1.30,100,97,100,100,190.4,44.8,145.5,85.4,701.3
2023-08-20T09:00,25.6,93,24.5,31.1,6.20,100,1,69,99,29.6,0.0,29.6,0.0,414.8
2023-08-20T10:00,25.8,93,24.5,31.6,0.20,100,3,10,100,17.8,0.0,17.8,0.0,108.4
2023-08-20T11:00,25.0,97,24.5,31.0,0.00,100,0,1,100,0.0,0.0,0.0,0.0,0.0
2023-08-20T12:00,26.1,93,24.8,32.3,0.00,100,1,5,99,0.0,0.0,0.0,0.0,0.0
2023-08-20T13:00,25.5,95,24.7,31.4,0.00,100,0,13,100,0.0,0.0,0.0,0.0,0.0
2023-08-20T14:00,26.3,89,24.4,32.1,0.00,100,0,5,100,0.0,0.0,0.0,0.0,0.0
2023-08-20T15:00,25.7,92,24.2,31.4,0.00,100,0,3,100,0.0,0.0,0.0,0.0,0.0
2023-08-20T16:00,25.1,94,24.0,30.6,0.00,100,0,1,100,0.0,0.0,0.0,0.0,0.0
2023-08-20T17:00,25.4,93,24.2,31.2,0.00,100,0,0,100,0.0,0.0,0.0,0.0,0.0
2023-08-20T18:00,26.6,88,24.5,32.6,0.00,9,0,2,7,0.0,0.0,0.0,0.0,0.0
2023-08-20T19:00,26.5,88,24.4,32.5,0.00,16,12,3,1,0.0,0.0,0.0,0.0,0.0
2023-08-20T20:00,26.2,90,24.5,32.5,0.00,19,19,1,0,0.0,0.0,0.0,0.0,0.0
2023-08-20T21:00,25.9,93,24.6,32.2,0.00,22,22,2,0,0.0,0.0,0.0,0.0,0.0
2023-08-20T22:00,25.6,94,24.6,32.0,0.00,24,23,2,0,21.1,4.7,16.4,46.5,134.6
2023-08-20T23:00,26.4,93,25.3,33.0,0.00,3,3,0,0,203.0,117.6,85.5,356.8,440.2
2023-08-21T00:00,27.4,87,25.1,34.0,0.00,3,0,1,1,433.4,323.2,110.2,596.5,723.9
2023-08-21T01:00,29.1,80,25.4,35.5,0.00,19,18,1,0,625.9,495.0,130.9,684.3,966.5
2023-08-21T02:00,30.4,74,25.3,36.9,0.10,13,12,0,0,733.5,555.0,178.5,644.0,1151.5
2023-08-21T03:00,31.6,69,25.2,38.7,0.00,10,8,2,1,831.5,669.0,162.6,706.0,1266.1
2023-08-21T04:00,32.2,67,25.3,39.7,0.00,10,7,5,0,882.8,733.5,149.3,752.4,1302.7
2023-08-21T05:00,32.2,67,25.4,39.6,0.00,15,10,7,1,835.9,695.1,140.8,738.1,1258.5
2023-08-21T06:00,31.6,70,25.4,38.4,0.30,71,21,23,52,707.3,550.5,156.8,647.2,1136.7
2023-08-21T07:00,30.9,71,25.0,37.7,0.70,86,30,14,79,519.6,322.6,197.0,455.9,945.5
2023-08-21T08:00,30.2,74,25.0,36.3,0.10,76,28,19,60,272.2,89.6,182.6,171.5,698.0
2023-08-21T09:00,30.1,75,25.1,36.3,0.10,62,22,3,51,181.5,93.0,88.6,302.4,411.0
2023-08-21T10:00,28.6,84,25.7,35.4,0.00,58,2,3,56,36.6,14.1,22.6,161.7,104.0
2023-08-21T11:00,28.6,81,25.0,35.0,0.00,64,2,5,62,0.0,0.0,0.0,0.0,0.0
2023-08-21T12:00,29.4,80,25.5,36.0,0.00,22,3,6,81,0.0,0.0,0.0,0.0,0.0
2023-08-21T13:00,29.2,81,25.5,35.8,0.00,91,3,1,91,0.0,0.0,0.0,0.0,0.0
2023-08-21T14:00,28.5,84,25.6,35.1,0.00,89,0,0,89,0.0,0.0,0.0,0.0,0.0
2023-08-21T15:00,26.6,94,25.5,33.1,0.00,32,4,0,29,0.0,0.0,0.0,0.0,0.0
2023-08-21T16:00,26.0,97,25.5,32.7,0.00,50,8,0,46,0.0,0.0,0.0,0.0,0.0
2023-08-21T17:00,26.2,97,25.6,33.0,0.00,44,3,0,42,0.0,0.0,0.0,0.0,0.0
2023-08-21T18:00,25.9,97,25.3,32.6,0.00,15,0,0,15,0.0,0.0,0.0,0.0,0.0
2023-08-21T19:00,25.2,96,24.6,31.2,0.00,3,0,0,3,0.0,0.0,0.0,0.0,0.0
2023-08-21T20:00,25.0,97,24.4,30.8,0.00,1,0,0,1,0.0,0.0,0.0,0.0,0.0
2023-08-21T21:00,24.9,96,24.3,30.7,0.00,0,0,0,0,0.0,0.0,0.0,0.0,0.0
2023-08-21T22:00,25.8,94,24.8,32.0,0.00,0,0,0,0,21.1,7.0,14.1,70.9,132.8
2023-08-21T23:00,27.3,86,24.8,33.5,0.00,0,0,0,0,217.3,139.3,78.1,424.3,438.7
2023-08-22T00:00,29.1,77,24.6,35.2,0.00,0,0,0,0,441.1,342.0,99.1,632.4,722.8
2023-08-22T01:00,30.3,72,24.7,36.3,0.00,2,2,0,0,646.5,535.0,111.5,740.5,965.7
2023-08-22T02:00,31.3,69,24.9,38.2,0.00,1,1,0,0,802.8,681.6,121.2,791.8,1150.6
2023-08-22T03:00,32.4,65,24.9,39.5,0.00,12,8,7,0,906.5,786.7,119.8,831.2,1265.2
2023-08-22T04:00,32.8,61,24.4,39.2,0.20,29,14,19,0,877.7,726.4,151.3,746.1,1301.4
2023-08-22T05:00,32.8,62,24.5,39.2,0.60,40,19,28,6,811.3,667.6,143.7,710.1,1256.9
2023-08-22T06:00,31.3,71,25.4,37.9,3.00,58,15,11,45,661.7,471.0,190.7,555.0,1134.6
2023-08-22T07:00,30.1,75,25.2,36.0,0.10,50,1,7,46,422.7,247.5,175.2,350.9,942.8
2023-08-22T08:00,30.8,71,24.9,36.8,0.00,21,0,1,21,362.2,214.5,147.8,412.7,694.7
2023-08-22T09:00,31.1,70,25.1,37.4,0.00,17,4,9,7,226.6,157.4,69.2,517.1,407.0
2023-08-22T10:00,30.5,74,25.4,37.4,0.00,43,1,9,37,38.0,19.6,18.4,224.8,99.5
2023-08-22T11:00,28.0,90,26.2,34.8,0.00,23,4,6,17,0.0,0.0,0.0,0.0,0.0
2023-08-22T12:00,27.5,91,25.9,34.3,0.00,20,0,5,5,0.0,0.0,0.0,0.0,0.0
2023-08-22T13:00,26.7,94,25.6,33.2,0.00,14,2,9,5,0.0,0.0,0.0,0.0,0.0
2023-08-22T14:00,26.3,95,25.4,32.9,0.00,10,2,8,1,0.0,0.0,0.0,0.0,0.0
2023-08-22T15:00,25.9,97,25.3,32.5,0.00,75,0,8,73,0.0,0.0,0.0,0.0,0.0
2023-08-22T16:00,25.9,95,25.1,32.4,0.00,100,7,7,100,0.0,0.0,0.0,0.0,0.0
2023-08-22T17:00,25.7,95,24.8,32.0,0.00,100,1,0,100,0.0,0.0,0.0,0.0,0.0
2023-08-22T18:00,25.5,96,24.7,31.7,0.00,100,0,4,100,0.0,0.0,0.0,0.0,0.0
2023-08-22T19:00,25.6,96,24.9,31.9,0.00,100,0,0,100,0.0,0.0,0.0,0.0,0.0
2023-08-22T20:00,25.4,97,24.9,31.6,0.00,100,4,0,100,0.0,0.0,0.0,0.0,0.0
2023-08-22T21:00,26.6,92,25.2,33.4,0.00,100,8,5,100,0.0,0.0,0.0,0.0,0.0
2023-08-22T22:00,25.8,97,25.2,32.4,0.00,100,7,1,100,18.8,2.4,16.5,24.0,130.9
2023-08-22T23:00,27.4,89,25.4,34.0,0.00,89,1,0,89,182.6,75.2,107.4,229.9,437.3
2023-08-23T00:00,29.3,77,24.8,35.8,0.00,100,0,12,100,424.0,293.8,130.2,544.4,721.7
2023-08-23T01:00,30.5,71,24.8,37.0,0.00,100,1,10,100,535.1,298.3,236.8,413.5,964.7
2023-08-23T02:00,31.3,67,24.5,37.4,0.00,100,8,11,100,573.4,238.0,335.4,276.9,1149.8
2023-08-23T03:00,31.8,67,24.9,38.4,0.20,87,9,25,84,643.9,302.2,341.8,319.7,1264.2
2023-08-23T04:00,32.3,66,25.2,39.8,0.10,75,12,18,69,740.4,444.9,295.6,457.6,1300.1
2023-08-23T05:00,31.5,71,25.5,39.5,0.90,96,21,54,92,758.4,519.9,238.5,554.0,1255.2
2023-08-23T06:00,29.5,76,24.9,35.8,4.90,100,29,69,100,428.4,129.3,299.1,152.7,1132.4
2023-08-23T07:00,29.6,76,24.9,35.7,0.00,100,10,54,100,219.3,50.5,168.8,71.9,940.0
2023-08-23T08:00,29.4,77,25.0,36.0,0.00,100,10,77,100,151.0,0.0,151.0,0.0,691.3
2023-08-23T09:00,29.4,78,25.1,35.8,0.00,100,15,9,100,110.0,5.9,104.1,19.5,403.0
2023-08-23T10:00,28.6,83,25.4,34.9,0.00,100,7,50,100,28.5,4.9,23.6,56.7,95.0
2023-08-23T11:00,28.4,81,24.8,34.8,0.00,100,0,18,100,0.0,0.0,0.0,0.0,0.0
2023-08-23T12:00,28.7,79,24.7,34.9,0.00,99,0,25,100,0.0,0.0,0.0,0.0,0.0
2023-08-23T13:00,29.1,76,24.3,35.1,0.00,100,0,12,100,0.0,0.0,0.0,0.0,0.0
2023-08-23T14:00,27.8,84,24.8,33.9,0.00,100,0,3,100,0.0,0.0,0.0,0.0,0.0
2023-08-23T15:00,26.9,89,24.9,33.0,0.00,86,0,6,86,0.0,0.0,0.0,0.0,0.0
2023-08-23T16:00,26.7,90,25.0,32.8,0.00,89,0,6,89,0.0,0.0,0.0,0.0,0.0
2023-08-23T17:00,26.9,90,25.0,33.2,0.00,91,0,2,91,0.0,0.0,0.0,0.0,0.0
2023-08-23T18:00,26.4,93,25.1,32.8,0.00,99,0,0,99,0.0,0.0,0.0,0.0,0.0
2023-08-23T19:00,25.9,95,25.1,32.3,0.00,100,0,0,100,0.0,0.0,0.0,0.0,0.0
2023-08-23T20:00,25.9,95,25.0,32.4,0.00,100,0,0,100,0.0,0.0,0.0,0.0,0.0
2023-08-23T21:00,25.6,96,24.9,32.0,0.00,100,1,1,100,0.0,0.0,0.0,0.0,0.0
2023-08-23T22:00,26.1,96,25.4,32.8,0.00,99,1,0,99,18.9,2.4,16.5,24.5,129.0
2023-08-23T23:00,27.9,87,25.6,34.7,0.00,100,0,1,100,183.0,81.5,101.5,250.2,435.9
2023-08-24T00:00,29.5,79,25.4,36.3,0.00,100,2,1,100,364.7,178.6,186.1,331.6,720.6
2023-08-24T01:00,30.8,72,25.1,37.3,0.00,100,1,2,100,531.8,287.0,244.8,398.3,963.8
2023-08-24T02:00,31.9,65,24.6,38.4,0.00,100,5,6,100,656.8,428.5,228.3,499.0,1148.9
2023-08-24T03:00,32.3,64,24.7,39.7,0.10,97,16,9,97,809.6,538.7,270.9,570.6,1263.1
2023-08-24T04:00,30.8,71,24.9,37.7,0.80,100,32,31,100,594.1,297.5,296.5,306.5,1298.8
2023-08-24T05:00,30.4,72,24.8,36.8,2.40,100,31,29,99,429.0,183.7,245.3,196.1,1253.4
2023-08-24T06:00,30.7,73,25.3,37.5,0.10,100,13,4,100,394.3,93.4,300.9,110.6,1130.1
2023-08-24T07:00,30.2,75,25.3,36.8,1.00,100,24,27,100,354.5,140.7,213.8,200.9,937.2
2023-08-24T08:00,30.5,75,25.5,37.5,0.10,100,24,17,100,353.8,174.4,179.4,339.2,687.8
2023-08-24T09:00,29.5,78,25.3,36.2,0.20,100,100,26,100,180.6,76.8,103.8,257.4,399.0
2023-08-24T10:00,26.8,88,24.7,32.6,7.40,100,100,8,99,9.6,0.0,9.6,0.0,90.4
2023-08-24T11:00,26.7,87,24.5,33.0,0.10,100,6,13,100,0.0,0.0,0.0,0.0,0.0
2023-08-24T12:00,26.2,92,24.9,32.5,0.00,100,0,0,98,0.0,0.0,0.0,0.0,0.0
2023-08-24T13:00,26.3,92,24.9,32.5,0.00,86,1,0,86,0.0,0.0,0.0,0.0,0.0
2023-08-24T14:00,26.2,93,25.0,32.3,0.00,100,0,1,100,0.0,0.0,0.0,0.0,0.0
2023-08-24T15:00,26.0,95,25.2,32.3,0.00,99,0,1,99,0.0,0.0,0.0,0.0,0.0
2023-08-24T16:00,26.0,95,25.1,31.9,0.00,100,0,0,100,0.0,0.0,0.0,0.0,0.0
2023-08-24T17:00,25.7,95,24.9,31.4,0.00,100,2,0,100,0.0,0.0,0.0,0.0,0.0
2023-08-24T18:00,25.4,96,24.7,31.0,0.00,83,0,0,83,0.0,0.0,0.0,0.0,0.0
2023-08-24T19:00,25.1,95,24.3,30.4,0.00,97,0,0,97,0.0,0.0,0.0,0.0,0.0
2023-08-24T20:00,24.7,96,24.0,30.2,0.00,94,0,0,94,0.0,0.0,0.0,0.0,0.0
2023-08-24T21:00,23.7,98,23.4,28.9,0.00,77,0,0,77,0.0,0.0,0.0,0.0,0.0
2023-08-24T22:00,24.1,99,24.0,30.0,0.00,99,0,0,99,21.3,7.1,14.2,74.7,127.1
2023-08-24T23:00,26.0,95,25.1,32.4,0.00,66,0,0,66,212.8,129.5,83.3,399.1,434.4
2023-08-25T00:00,28.2,83,25.1,34.8,0.00,41,1,0,89,438.2,332.7,105.5,618.8,719.5
2023-08-25T01:00,29.9,75,25.0,36.4,0.00,30,0,0,30,624.2,473.8,150.3,658.6,962.9
2023-08-25T02:00,31.6,68,24.9,39.3,0.00,47,6,3,43,798.6,667.7,130.9,778.5,1147.9
2023-08-25T03:00,32.8,62,24.6,40.1,0.00,87,10,7,85,850.2,696.0,154.2,738.2,1262.0
2023-08-25T04:00,33.2,62,25.0,40.3,0.00,62,11,10,56,855.2,700.9,154.3,723.1,1297.4
2023-08-25T05:00,33.3,62,25.1,39.6,0.00,48,10,6,41,755.2,570.5,184.6,610.1,1251.6
2023-08-25T06:00,33.1,62,24.8,38.8,0.80,53,23,15,33,720.5,568.7,151.8,674.9,1127.8
2023-08-25T07:00,31.6,71,25.6,37.0,1.30,76,19,20,63,574.3,438.2,136.1,627.8,934.3
2023-08-25T08:00,31.5,70,25.3,36.4,0.30,89,10,12,87,383.7,263.4,120.3,515.2,684.3
2023-08-25T09:00,30.6,74,25.4,35.5,0.00,100,2,1,100,213.5,155.9,57.6,528.5,394.9
2023-08-25T10:00,29.3,78,25.1,34.2,0.00,98,2,0,98,37.4,17.4,19.9,200.1,85.8
2023-08-25T11:00,28.1,83,24.9,33.2,0.00,100,1,0,100,0.0,0.0,0.0,0.0,0.0
2023-08-25T12:00,28.0,80,24.3,32.6,0.00,100,2,0,100,0.0,0.0,0.0,0.0,0.0
2023-08-25T13:00,27.8,81,24.3,32.4,0.00,100,3,2,100,0.0,0.0,0.0,0.0,0.0
2023-08-25T14:00,27.6,83,24.5,32.7,0.00,100,1,2,100,0.0,0.0,0.0,0.0,0.0
2023-08-25T15:00,27.1,86,24.7,32.8,0.00,99,0,0,99,0.0,0.0,0.0,0.0,0.0
2023-08-25T16:00,26.3,91,24.8,32.4,0.00,100,0,0,100,0.0,0.0,0.0,0.0,0.0
2023-08-25T17:00,26.2,93,24.9,32.2,0.00,100,5,1,100,0.0,0.0,0.0,0.0,0.0
2023-08-25T18:00,25.8,95,24.9,32.0,0.00,99,3,0,99,0.0,0.0,0.0,0.0,0.0
2023-08-25T19:00,25.4,97,24.9,31.3,0.00,100,2,1,100,0.0,0.0,0.0,0.0,0.0
2023-08-25T20:00,25.3,97,24.8,31.0,0.00,52,0,1,51,0.0,0.0,0.0,0.0,0.0
2023-08-25T21:00,25.1,97,24.7,30.7,0.00,73,0,1,73,0.0,0.0,0.0,0.0,0.0
2023-08-25T22:00,25.4,96,24.8,30.9,0.00,68,0,0,68,19.0,4.7,14.2,50.7,125.2
2023-08-25T23:00,27.3,90,25.6,33.4,0.00,41,0,0,40,208.7,117.5,91.2,363.3,433.0
2023-08-26T00:00,29.7,79,25.7,35.5,0.00,99,0,0,90,436.0,330.4,105.6,615.8,718.3
2023-08-26T01:00,31.2,73,25.8,36.9,0.00,98,5,1,98,634.5,511.5,123.0,712.1,961.9
2023-08-26T02:00,31.9,70,25.7,37.6,0.10,47,8,11,36,737.0,535.7,201.3,625.4,1146.9
2023-08-26T03:00,32.1,64,24.5,37.0,0.10,52,15,7,40,820.0,642.8,177.1,682.7,1260.9
2023-08-26T04:00,32.4,63,24.5,37.5,0.00,28,6,6,19,795.6,564.7,230.9,583.5,1296.0
2023-08-26T05:00,32.5,62,24.4,38.2,0.20,94,13,17,92,878.1,730.6,147.5,782.8,1249.8
2023-08-26T06:00,32.7,63,24.9,38.1,0.00,83,4,7,82,735.3,511.0,224.4,608.0,1125.4
2023-08-26T07:00,32.0,64,24.2,36.0,0.30,97,4,9,97,532.5,360.4,172.1,518.2,931.3
2023-08-26T08:00,31.5,66,24.5,36.4,0.00,74,2,4,72,372.3,251.3,121.0,494.3,680.8
2023-08-26T09:00,31.0,69,24.6,36.7,0.00,51,29,4,30,216.4,151.8,64.6,520.1,390.8
2023-08-26T10:00,29.2,83,26.0,36.3,0.00,91,21,10,88,35.6,19.9,15.8,228.1,81.1
2023-08-26T11:00,28.1,83,25.0,34.2,0.00,36,20,8,18,0.0,0.0,0.0,0.0,0.0
2023-08-26T12:00,27.6,82,24.3,33.4,0.00,16,1,2,15,0.0,0.0,0.0,0.0,0.0
2023-08-26T13:00,28.0,76,23.3,33.4,0.00,35,8,4,28,0.0,0.0,0.0,0.0,0.0
2023-08-26T14:00,26.7,86,24.2,32.6,0.00,44,7,5,39,0.0,0.0,0.0,0.0,0.0
2023-08-26T15:00,26.2,91,24.6,32.3,0.00,96,0,0,96,0.0,0.0,0.0,0.0,0.0
2023-08-26T16:00,25.8,93,24.7,32.0,0.00,95,0,0,95,0.0,0.0,0.0,0.0,0.0
2023-08-26T17:00,25.4,95,24.5,31.4,0.00,64,4,1,62,0.0,0.0,0.0,0.0,0.0
2023-08-26T18:00,25.1,97,24.6,31.3,0.00,25,9,0,18,0.0,0.0,0.0,0.0,0.0
2023-08-26T19:00,24.8,99,24.5,30.9,0.00,58,12,0,52,0.0,0.0,0.0,0.0,0.0
2023-08-26T20:00,24.4,99,24.3,30.3,0.00,85,15,0,82,0.0,0.0,0.0,0.0,0.0
2023-08-26T21:00,24.1,100,24.1,29.6,0.00,100,95,0,99,0.0,0.0,0.0,0.0,0.0
2023-08-26T22:00,24.4,98,24.1,29.8,0.00,98,11,0,98,19.0,4.8,14.3,51.6,123.4
2023-08-26T23:00,27.2,88,25.1,33.4,0.00,100,7,0,100,206.1,117.8,88.3,365.6,431.5
2023-08-27T00:00,30.0,73,24.5,35.6,0.00,98,0,0,97,420.1,294.6,125.5,550.2,717.2
2023-08-27T01:00,31.4,65,23.9,36.6,0.00,99,5,0,99,619.9,462.6,157.2,645.0,960.9
2023-08-27T02:00,32.5,59,23.6,38.4,0.00,99,16,8,99,769.5,575.7,193.7,673.1,1145.9
2023-08-27T03:00,33.1,59,24.1,39.9,0.00,13,9,4,1,865.8,688.7,177.1,732.4,1259.7
2023-08-27T04:00,33.6,59,24.4,41.5,0.00,24,12,11,4,897.4,738.1,159.3,763.8,1294.5
2023-08-27T05:00,33.0,63,25.1,40.9,0.00,100,100,12,22,845.7,701.1,144.5,752.7,1247.8
2023-08-27T06:00,29.7,77,25.3,36.4,10.40,47,33,17,18,648.4,398.6,249.7,475.6,1122.9
2023-08-27T07:00,29.4,77,25.0,35.9,0.20,18,0,7,15,403.4,269.2,134.2,388.6,928.3
2023-08-27T08:00,30.4,73,24.9,36.3,0.00,45,2,2,43,427.2,334.9,92.3,662.7,677.1
2023-08-27T09:00,30.8,69,24.4,36.8,0.00,23,19,1,4,203.3,138.2,65.1,479.0,386.5
2023-08-27T10:00,29.5,78,25.4,36.2,0.00,46,35,1,16,31.6,17.8,13.8,203.8,76.3
2023-08-27T11:00,28.3,84,25.4,34.6,0.00,29,7,2,22,0.0,0.0,0.0,0.0,0.0
2023-08-27T12:00,29.8,69,23.6,35.5,0.00,67,1,2,47,0.0,0.0,0.0,0.0,0.0
2023-08-27T13:00,29.4,72,23.8,35.1,0.00,84,2,1,84,0.0,0.0,0.0,0.0,0.0
2023-08-27T14:00,27.4,85,24.8,33.4,0.00,99,0,1,99,0.0,0.0,0.0,0.0,0.0
2023-08-27T15:00,28.1,81,24.5,34.3,0.00,92,0,0,92,0.0,0.0,0.0,0.0,0.0
2023-08-27T16:00,27.6,83,24.5,33.6,0.00,52,0,0,52,0.0,0.0,0.0,0.0,0.0
2023-08-27T17:00,26.6,88,24.5,32.6,0.00,20,0,0,20,0.0,0.0,0.0,0.0,0.0
2023-08-27T18:00,26.3,90,24.5,32.4,0.00,75,1,0,75,0.0,0.0,0.0,0.0,0.0
2023-08-27T19:00,25.8,92,24.4,31.7,0.00,65,0,0,64,0.0,0.0,0.0,0.0,0.0
2023-08-27T20:00,26.4,90,24.6,32.7,0.00,72,0,0,72,0.0,0.0,0.0,0.0,0.0
2023-08-27T21:00,25.8,92,24.4,31.8,0.00,9,0,0,9,0.0,0.0,0.0,0.0,0.0
2023-08-27T22:00,25.8,95,24.8,32.0,0.00,70,0,1,70,19.1,4.8,14.3,52.6,121.5
2023-08-27T23:00,27.8,83,24.6,33.9,0.00,12,0,3,9,208.2,130.5,77.7,406.7,430.1
2023-08-28T00:00,30.0,72,24.5,35.9,0.00,64,6,5,99,432.8,333.3,99.5,623.8,716.1
2023-08-28T01:00,31.4,66,24.2,36.7,0.10,100,12,8,99,615.4,485.5,129.9,677.9,959.9
2023-08-28T02:00,32.5,61,24.1,38.7,0.00,18,13,6,2,760.8,621.2,139.6,727.2,1144.9
2023-08-28T03:00,33.2,60,24.4,40.5,0.10,84,11,22,79,855.3,708.4,146.9,754.4,1258.5
2023-08-28T04:00,30.7,71,24.9,37.4,1.90,100,44,55,100,799.5,600.9,198.6,622.9,1292.9
2023-08-28T05:00,30.4,72,24.8,36.5,0.70,81,48,41,48,732.2,509.6,222.6,548.3,1245.8
2023-08-28T06:00,28.5,79,24.5,34.4,0.80,79,5,52,56,442.8,181.8,260.9,217.5,1120.4
2023-08-28T07:00,29.6,76,24.9,36.0,0.10,95,2,0,95,429.3,224.1,205.2,324.7,925.1
2023-08-28T08:00,30.8,70,24.7,37.2,0.00,19,3,5,12,399.0,299.3,99.8,595.8,673.3
2023-08-28T09:00,30.3,70,24.3,36.3,0.00,87,20,2,83,144.2,70.6,73.5,247.8,382.1
2023-08-28T10:00,29.0,83,25.8,35.8,0.00,16,10,6,1,30.5,15.7,14.8,180.2,71.4
2023-08-28T11:00,28.5,81,25.0,34.7,0.00,41,11,8,28,0.0,0.0,0.0,0.0,0.0
2023-08-28T12:00,29.4,77,24.9,35.9,0.00,11,1,8,85,0.0,0.0,0.0,0.0,0.0
2023-08-28T13:00,29.1,80,25.2,35.7,0.00,97,2,9,97,0.0,0.0,0.0,0.0,0.0
2023-08-28T14:00,29.0,80,25.1,35.7,0.00,100,2,2,100,0.0,0.0,0.0,0.0,0.0
2023-08-28T15:00,28.6,82,25.2,35.2,0.00,100,1,1,100,0.0,0.0,0.0,0.0,0.0
2023-08-28T16:00,28.3,84,25.2,35.0,0.00,100,2,0,100,0.0,0.0,0.0,0.0,0.0
2023-08-28T17:00,28.0,85,25.3,34.9,0.00,100,2,0,100,0.0,0.0,0.0,0.0,0.0
2023-08-28T18:00,27.9,86,25.3,34.8,0.00,99,2,2,99,0.0,0.0,0.0,0.0,0.0
2023-08-28T19:00,26.3,92,24.9,32.4,0.00,100,2,3,100,0.0,0.0,0.0,0.0,0.0
2023-08-28T20:00,25.8,94,24.8,31.8,0.00,100,1,9,100,0.0,0.0,0.0,0.0,0.0
2023-08-28T21:00,25.8,96,25.1,32.2,0.00,97,5,10,97,0.0,0.0,0.0,0.0,0.0
2023-08-28T22:00,25.9,98,25.5,32.4,0.00,84,8,6,81,14.3,2.4,12.0,26.8,119.7
2023-08-28T23:00,27.9,88,25.8,34.4,0.00,32,3,2,28,190.0,95.0,95.0,297.2,428.7
2023-08-29T00:00,29.8,73,24.5,35.5,0.00,66,3,0,7,409.4,297.4,112.0,557.8,714.9
2023-08-29T01:00,31.2,69,24.8,36.7,0.00,49,1,0,48,619.0,494.7,124.3,691.8,958.8
2023-08-29T02:00,32.5,64,24.7,38.3,0.00,70,4,2,68,798.8,674.3,124.5,790.5,1143.8
2023-08-29T03:00,33.3,60,24.4,38.9,0.00,94,4,0,94,895.9,762.5,133.3,813.3,1257.2
2023-08-29T04:00,33.4,59,24.4,38.4,0.00,94,5,1,94,924.4,750.0,174.4,778.8,1291.3
2023-08-29T05:00,32.8,61,24.2,37.2,0.00,89,9,1,88,842.3,714.5,127.9,770.3,1243.7
2023-08-29T06:00,32.6,60,23.8,36.2,0.00,65,4,11,59,766.5,619.6,146.9,743.4,1117.7
2023-08-29T07:00,31.7,66,24.5,35.3,0.00,96,13,11,95,616.0,499.1,116.9,726.1,921.8
2023-08-29T08:00,31.1,68,24.5,34.1,0.00,99,17,5,99,404.4,298.0,106.3,597.0,669.4
2023-08-29T09:00,30.2,72,24.6,33.5,0.00,97,23,18,96,209.7,147.9,61.8,525.2,377.7
2023-08-29T10:00,28.9,76,24.4,32.0,0.00,60,22,18,38,26.6,13.1,13.4,150.7,66.5
2023-08-29T11:00,27.9,80,24.2,30.9,0.00,97,37,93,31,0.0,0.0,0.0,0.0,0.0
2023-08-29T12:00,28.0,81,24.5,31.1,0.00,66,90,99,31,0.0,0.0,0.0,0.0,0.0
2023-08-29T13:00,28.2,79,24.1,31.0,0.00,97,47,40,90,0.0,0.0,0.0,0.0,0.0
2023-08-29T14:00,28.2,77,23.8,30.9,0.00,97,7,26,96,0.0,0.0,0.0,0.0,0.0
2023-08-29T15:00,28.5,73,23.3,31.3,0.00,99,0,29,98,0.0,0.0,0.0,0.0,0.0
2023-08-29T16:00,28.5,72,23.1,31.4,0.00,95,0,30,92,0.0,0.0,0.0,0.0,0.0
2023-08-29T17:00,28.7,72,23.0,31.4,0.00,93,5,55,92,0.0,0.0,0.0,0.0,0.0
2023-08-29T18:00,28.4,75,23.5,31.4,0.00,30,4,11,19,0.0,0.0,0.0,0.0,0.0
2023-08-29T19:00,27.7,80,23.9,30.9,0.00,87,7,11,84,0.0,0.0,0.0,0.0,0.0
2023-08-29T20:00,27.3,83,24.2,30.5,0.20,70,18,18,56,0.0,0.0,0.0,0.0,0.0
2023-08-29T21:00,26.9,85,24.3,30.3,0.20,91,16,16,88,0.0,0.0,0.0,0.0,0.0
2023-08-29T22:00,26.7,86,24.2,30.1,0.10,75,48,27,34,14.4,2.4,12.0,27.3,117.9
2023-08-29T23:00,27.8,83,24.5,31.2,0.10,58,27,7,40,176.5,82.8,93.7,259.9,427.3
2023-08-30T00:00,29.5,77,25.1,33.4,0.10,68,41,19,38,362.3,181.8,180.5,341.7,713.7
2023-08-30T01:00,30.3,74,25.3,33.9,0.00,48,35,17,11,575.8,382.0,193.8,535.0,957.8
2023-08-30T02:00,30.6,73,25.3,34.6,0.10,32,25,6,4,721.9,550.9,171.0,646.8,1142.7
2023-08-30T03:00,31.5,69,25.1,35.6,0.10,41,20,1,25,862.5,677.1,185.4,723.2,1255.9
2023-08-30T04:00,31.7,69,25.2,36.1,0.00,98,40,8,97,894.0,728.7,165.3,758.0,1289.6
2023-08-30T05:00,31.5,68,25.0,35.1,0.00,16,12,5,3,772.9,549.4,223.5,593.6,1241.5
2023-08-30T06:00,31.7,67,24.9,35.0,0.00,60,49,7,21,764.4,635.4,129.0,764.5,1115.0
2023-08-30T07:00,31.1,69,24.7,33.9,0.00,87,31,12,81,563.5,405.3,158.2,592.0,918.5
2023-08-30T08:00,30.4,72,24.9,33.3,0.00,63,31,11,45,369.5,248.3,121.2,500.6,665.4
2023-08-30T09:00,29.8,74,24.7,32.6,0.00,48,15,13,30,196.7,133.0,63.7,478.4,373.1
2023-08-30T10:00,28.3,80,24.5,31.2,0.10,96,17,9,94,24.5,12.1,12.4,139.0,61.4
2023-08-30T11:00,27.6,82,24.3,30.3,0.10,99,20,9,99,0.0,0.0,0.0,0.0,0.0
2023-08-30T12:00,27.2,84,24.3,30.1,0.00,100,31,13,100,0.0,0.0,0.0,0.0,0.0
2023-08-30T13:00,27.5,84,24.5,30.7,0.10,100,37,17,100,0.0,0.0,0.0,0.0,0.0
2023-08-30T14:00,27.3,85,24.6,30.7,0.00,100,67,7,100,0.0,0.0,0.0,0.0,0.0
2023-08-30T15:00,27.3,84,24.3,30.5,0.20,80,45,18,56,0.0,0.0,0.0,0.0,0.0
2023-08-30T16:00,27.0,84,24.1,30.2,0.20,86,51,6,69,0.0,0.0,0.0,0.0,0.0
2023-08-30T17:00,26.9,85,24.3,30.4,0.00,93,70,15,74,0.0,0.0,0.0,0.0,0.0
2023-08-30T18:00,26.8,86,24.2,30.2,0.10,94,40,15,89,0.0,0.0,0.0,0.0,0.0
2023-08-30T19:00,26.5,86,24.0,29.9,0.10,75,22,7,66,0.0,0.0,0.0,0.0,0.0
2023-08-30T20:00,26.3,87,24.1,29.6,0.10,48,23,8,30,0.0,0.0,0.0,0.0,0.0
2023-08-30T21:00,26.3,87,24.0,29.5,0.10,58,46,7,19,0.0,0.0,0.0,0.0,0.0
2023-08-30T22:00,26.2,88,24.0,29.6,0.00,100,44,5,100,14.4,2.4,12.0,27.6,116.1
2023-08-30T23:00,27.3,84,24.3,30.6,0.00,72,50,4,42,167.5,70.5,97.1,222.0,425.8
2023-08-31T00:00,28.9,79,24.8,32.5,0.00,57,14,23,6,368.8,218.0,150.7,410.6,712.6
2023-08-31T01:00,30.2,75,25.2,34.1,0.00,81,17,13,75,596.4,444.8,151.7,623.9,956.7
2023-08-31T02:00,30.7,70,24.6,34.0,0.50,93,27,29,88,687.3,464.4,223.0,545.9,1141.5
2023-08-31T03:00,30.8,73,25.4,35.1,0.10,100,6,3,100,732.3,460.4,271.9,492.6,1254.5
2023-08-31T04:00,30.7,71,24.9,34.7,1.00,100,88,29,100,788.1,534.1,254.0,556.6,1287.8
2023-08-31T05:00,30.2,69,23.9,32.9,0.40,100,32,9,100,594.1,232.2,361.9,251.5,1239.3
2023-08-31T06:00,30.3,72,24.7,33.7,0.70,100,60,31,100,606.0,330.3,275.7,398.6,1112.1
2023-08-31T07:00,29.7,73,24.3,32.9,0.50,100,16,39,100,423.0,181.4,241.6,266.1,915.0
2023-08-31T08:00,29.0,78,24.9,32.6,0.50,100,17,12,100,255.5,60.9,194.5,123.7,661.4
2023-08-31T09:00,28.4,81,24.7,32.0,0.10,100,6,17,100,157.4,54.8,102.6,199.8,368.4
2023-08-31T10:00,27.6,82,24.3,31.3,0.00,100,7,5,100,18.0,2.6,15.3,30.3,56.2
2023-08-31T11:00,27.0,85,24.3,31.0,0.00,100,35,10,100,0.0,0.0,0.0,0.0,0.0
2023-08-31T12:00,27.4,84,24.4,32.0,0.00,100,6,18,100,0.0,0.0,0.0,0.0,0.0
2023-08-31T13:00,26.7,86,24.3,31.2,0.00,100,47,12,100,0.0,0.0,0.0,0.0,0.0
2023-08-31T14:00,27.0,85,24.3,31.1,0.10,100,38,19,100,0.0,0.0,0.0,0.0,0.0
2023-08-31T15:00,26.4,86,23.8,30.1,0.10,100,70,23,99,0.0,0.0,0.0,0.0,0.0
2023-08-31T16:00,26.3,87,23.9,30.1,0.00,100,36,10,100,0.0,0.0,0.0,0.0,0.0
2023-08-31T17:00,26.5,86,24.1,30.2,0.00,100,6,11,100,0.0,0.0,0.0,0.0,0.0
2023-08-31T18:00,26.2,87,24.0,29.8,0.00,100,12,13,100,0.0,0.0,0.0,0.0,0.0
2023-08-31T19:00,26.1,87,23.8,29.7,0.00,92,6,10,91,0.0,0.0,0.0,0.0,0.0
2023-08-31T20:00,25.9,88,23.8,29.4,0.00,99,11,19,98,0.0,0.0,0.0,0.0,0.0
2023-08-31T21:00,25.9,89,24.0,29.5,0.00,100,12,19,100,0.0,0.0,0.0,0.0,0.0
2023-08-31T22:00,26.0,90,24.2,30.1,0.00,99,5,11,99,12.1,2.4,9.7,27.7,114.3
2023-08-31T23:00,27.4,85,24.7,31.4,0.00,99,45,2,98,152.3,64.4,87.9,203.6,424.4
2023-09-01T00:00,29.3,82,25.9,34.2,0.00,97,10,11,100,330.3,147.1,183.2,277.6,711.4
2023-09-01T01:00,30.1,77,25.6,34.4,0.10,100,22,23,100,506.4,278.3,228.1,391.1,955.6
2023-09-01T02:00,30.9,70,24.7,35.2,0.40,99,37,36,98,722.0,476.3,245.7,560.8,1140.3
2023-09-01T03:00,31.3,70,25.2,36.3,0.50,96,61,20,88,766.6,544.7,221.8,583.7,1253.0
2023-09-01T04:00,30.2,75,25.4,34.4,0.70,93,29,39,86,528.0,202.5,325.5,211.5,1286.0
2023-09-01T05:00,30.7,72,25.1,35.8,2.20,82,43,9,65,715.9,419.4,296.5,455.3,1236.9
2023-09-01T06:00,30.5,73,25.1,35.4,0.30,97,31,16,95,649.9,401.6,248.3,486.2,1109.2
2023-09-01T07:00,29.8,77,25.4,34.2,0.20,99,19,6,98,447.8,234.2,213.6,345.1,911.5
2023-09-01T08:00,29.0,79,25.0,33.3,0.20,100,53,19,99,277.6,100.0,177.6,204.4,657.2
2023-09-01T09:00,27.8,85,24.9,32.4,0.20,100,43,11,100,83.7,12.8,70.9,47.1,363.7
2023-09-01T10:00,27.2,86,24.7,32.0,0.10,100,82,22,100,15.7,2.7,13.0,30.9,51.0
2023-09-01T11:00,26.7,88,24.6,31.4,0.20,100,73,22,100,0.0,0.0,0.0,0.0,0.0
2023-09-01T12:00,26.2,93,25.0,32.2,0.30,100,100,15,100,0.0,0.0,0.0,0.0,0.0
2023-09-01T13:00,26.3,93,25.1,31.6,0.10,100,100,30,99,0.0,0.0,0.0,0.0,0.0
2023-09-01T14:00,25.2,96,24.6,30.1,4.60,100,87,39,100,0.0,0.0,0.0,0.0,0.0
2023-09-01T15:00,25.7,95,24.7,30.6,0.10,100,87,13,100,0.0,0.0,0.0,0.0,0.0
2023-09-01T16:00,26.0,94,25.0,31.1,0.10,100,65,8,100,0.0,0.0,0.0,0.0,0.0
2023-09-01T17:00,26.3,93,25.1,31.6,0.10,100,100,13,100,0.0,0.0,0.0,0.0,0.0
2023-09-01T18:00,26.4,93,25.2,31.6,0.10,100,10,5,100,0.0,0.0,0.0,0.0,0.0
2023-09-01T19:00,26.2,94,25.1,31.4,0.00,99,6,6,99,0.0,0.0,0.0,0.0,0.0
2023-09-01T20:00,26.0,94,25.0,31.2,0.00,100,46,4,100,0.0,0.0,0.0,0.0,0.0
2023-09-01T21:00,26.1,94,25.1,31.2,0.00,95,24,26,91,0.0,0.0,0.0,0.0,0.0
2023-09-01T22:00,26.1,95,25.1,31.5,0.00,94,13,9,93,12.1,2.4,9.7,27.8,112.5
2023-09-01T23:00,27.3,89,25.4,32.4,0.00,84,15,28,74,176.3,81.8,94.4,259.9,423.0
2023-09-02T00:00,27.8,88,25.5,33.2,0.40,98,16,32,97,379.2,245.7,133.5,464.8,710.2
2023-09-02T01:00,29.0,81,25.5,34.1,0.20,95,17,33,92,473.4,254.4,219.0,358.1,954.4
2023-09-02T02:00,30.7,77,26.2,36.6,0.10,100,80,17,100,696.0,474.1,221.9,559.2,1139.1
2023-09-02T03:00,30.1,77,25.6,35.2,0.40,99,21,7,98,652.0,381.2,270.8,409.2,1251.5
2023-09-02T04:00,30.7,77,26.2,35.8,0.00,99,77,5,96,554.1,157.2,396.9,164.4,1284.1
2023-09-02T05:00,30.7,76,26.0,35.8,0.30,58,14,15,48,550.9,266.2,284.7,289.7,1234.5
2023-09-02T06:00,30.2,74,25.0,34.6,0.90,98,46,39,95,708.9,565.0,143.8,686.3,1106.2
2023-09-02T07:00,29.2,83,26.1,34.4,0.40,100,97,9,95,381.1,130.0,251.1,192.4,907.8
2023-09-02T08:00,29.3,82,25.9,34.2,0.10,100,52,12,100,220.6,89.9,130.7,185.0,652.9
2023-09-02T09:00,28.6,83,25.5,33.5,0.30,100,34,39,100,117.2,34.6,82.6,129.5,358.8
2023-09-02T10:00,27.5,87,25.2,32.4,0.30,100,59,17,100,11.7,4.5,7.2,51.6,45.7
2023-09-02T11:00,27.0,90,25.3,33.1,0.10,98,27,15,96,0.0,0.0,0.0,0.0,0.0
2023-09-02T12:00,26.9,92,25.4,32.8,0.20,100,63,10,94,0.0,0.0,0.0,0.0,0.0
2023-09-02T13:00,26.6,93,25.4,31.3,0.90,59,28,41,7,0.0,0.0,0.0,0.0,0.0
2023-09-02T14:00,25.5,93,24.4,30.3,0.60,100,100,29,11,0.0,0.0,0.0,0.0,0.0
2023-09-02T15:00,25.8,94,24.8,31.3,0.50,100,100,21,16,0.0,0.0,0.0,0.0,0.0
2023-09-02T16:00,26.1,93,24.8,31.4,0.10,100,100,33,100,0.0,0.0,0.0,0.0,0.0
2023-09-02T17:00,26.2,93,24.9,31.5,0.30,100,100,46,100,0.0,0.0,0.0,0.0,0.0
2023-09-02T18:00,26.0,94,25.0,30.9,0.60,100,100,60,100,0.0,0.0,0.0,0.0,0.0
2023-09-02T19:00,25.8,93,24.6,29.4,0.70,100,100,19,100,0.0,0.0,0.0,0.0,0.0
2023-09-02T20:00,26.0,94,25.0,30.2,0.30,100,100,30,100,0.0,0.0,0.0,0.0,0.0
2023-09-02T21:00,26.2,91,24.6,29.7,0.20,100,100,21,100,0.0,0.0,0.0,0.0,0.0
2023-09-02T22:00,26.4,90,24.6,29.6,0.20,100,100,79,100,4.9,0.0,4.9,0.0,110.7
2023-09-02T23:00,26.6,90,24.7,29.4,0.60,100,100,11,100,34.7,0.0,34.7,0.0,421.6
2023-09-03T00:00,27.5,87,25.1,30.5,0.40,100,61,48,100,73.6,0.0,73.6,0.0,708.9
2023-09-03T01:00,27.5,86,25.0,30.1,0.20,100,16,29,100,156.3,29.7,126.7,41.8,953.2
2023-09-03T02:00,28.0,86,25.4,30.9,1.20,100,100,64,100,219.7,14.1,205.7,16.6,1137.8
2023-09-03T03:00,27.9,87,25.6,30.6,0.70,100,83,35,100,178.1,2.1,176.0,2.2,1249.9
2023-09-03T04:00,27.5,88,25.3,29.6,0.50,100,98,66,100,132.0,0.0,132.0,0.0,1282.1
2023-09-03T05:00,27.8,88,25.7,30.4,0.50,100,76,15,100,171.6,1.9,169.6,2.1,1232.0
2023-09-03T06:00,27.5,88,25.4,29.5,0.60,100,100,73,100,205.8,7.5,198.3,9.2,1103.1
2023-09-03T07:00,27.5,88,25.3,29.1,1.00,100,84,93,100,189.1,7.2,181.9,10.7,904.1
2023-09-03T08:00,26.8,92,25.3,27.9,2.00,100,100,100,100,103.1,1.7,101.4,3.4,648.6
2023-09-03T09:00,26.7,91,25.0,28.1,0.90,100,65,87,100,40.8,0.0,40.8,0.0,353.9
2023-09-03T10:00,26.6,93,25.3,28.1,0.70,100,100,52,100,3.1,0.0,3.1,0.0,40.3
2023-09-03T11:00,26.5,92,25.1,28.1,0.50,100,99,73,100,0.0,0.0,0.0,0.0,0.0
2023-09-03T12:00,26.3,90,24.6,27.9,0.60,100,100,29,100,0.0,0.0,0.0,0.0,0.0
2023-09-03T13:00,26.3,92,24.8,28.0,0.70,100,100,29,100,0.0,0.0,0.0,0.0,0.0
2023-09-03T14:00,26.3,92,24.8,28.0,0.60,100,99,50,100,0.0,0.0,0.0,0.0,0.0
2023-09-03T15:00,26.3,92,24.9,28.2,0.90,100,100,49,100,0.0,0.0,0.0,0.0,0.0
2023-09-03T16:00,26.3,91,24.8,28.0,0.70,100,98,48,100,0.0,0.0,0.0,0.0,0.0
2023-09-03T17:00,26.2,91,24.7,28.4,1.30,100,100,64,100,0.0,0.0,0.0,0.0,0.0
2023-09-03T18:00,26.4,91,24.8,28.6,1.00,100,99,94,100,0.0,0.0,0.0,0.0,0.0
2023-09-03T19:00,26.3,92,24.9,28.4,0.80,100,100,61,38,0.0,0.0,0.0,0.0,0.0
2023-09-03T20:00,26.2,91,24.6,28.0,1.00,100,99,100,90,0.0,0.0,0.0,0.0,0.0
2023-09-03T21:00,26.1,92,24.6,27.8,0.70,100,100,55,100,0.0,0.0,0.0,0.0,0.0
2023-09-03T22:00,25.9,92,24.5,27.7,0.70,100,100,68,100,4.9,0.0,4.9,0.0,108.9
2023-09-03T23:00,26.1,91,24.6,27.9,0.80,100,99,68,100,87.0,4.7,82.3,15.2,420.1
2023-09-04T00:00,26.7,88,24.6,28.6,0.50,100,100,50,100,187.3,42.5,144.9,80.7,707.7
2023-09-04T01:00,27.0,90,25.2,29.0,1.70,100,100,100,100,125.5,3.4,122.1,4.8,952.0
2023-09-04T02:00,27.2,91,25.5,29.1,1.60,100,100,34,100,226.2,9.7,216.5,11.5,1136.4
2023-09-04T03:00,27.0,90,25.3,29.0,3.10,100,100,95,100,156.2,1.0,155.2,1.1,1248.3
2023-09-04T04:00,27.6,88,25.4,29.9,0.70,100,100,5,100,165.2,0.0,165.2,0.0,1280.1
2023-09-04T05:00,28.2,84,25.3,30.6,0.30,100,100,16,100,334.3,17.5,316.7,19.2,1229.4
2023-09-04T06:00,28.3,84,25.4,31.0,0.20,100,99,15,100,342.9,33.8,309.1,41.3,1099.9
2023-09-04T07:00,28.1,85,25.3,30.7,0.20,100,100,3,100,263.3,50.1,213.1,74.9,900.3
2023-09-04T08:00,27.9,83,24.8,29.8,0.10,100,100,33,100,183.4,48.1,135.3,100.5,644.1
2023-09-04T09:00,27.5,84,24.5,29.0,0.10,100,97,38,100,69.2,3.5,65.7,13.5,349.0
2023-09-04T10:00,27.3,84,24.4,29.2,0.10,100,100,31,100,4.9,0.0,4.9,0.0,34.8
2023-09-04T11:00,27.0,85,24.3,29.3,0.10,100,100,47,100,0.0,0.0,0.0,0.0,0.0
2023-09-04T12:00,26.8,88,24.6,29.8,0.10,100,93,100,100,0.0,0.0,0.0,0.0,0.0
2023-09-04T13:00,27.0,86,24.5,30.0,0.10,100,100,100,100,0.0,0.0,0.0,0.0,0.0
2023-09-04T14:00,27.1,85,24.3,30.1,0.10,100,98,99,99,0.0,0.0,0.0,0.0,0.0
2023-09-04T15:00,27.1,85,24.4,30.9,0.10,100,94,98,90,0.0,0.0,0.0,0.0,0.0
2023-09-04T16:00,26.9,86,24.3,30.7,0.00,100,92,84,99,0.0,0.0,0.0,0.0,0.0
2023-09-04T17:00,26.8,86,24.2,31.1,0.00,100,95,23,100,0.0,0.0,0.0,0.0,0.0
2023-09-04T18:00,26.7,86,24.2,31.2,0.00,100,97,26,100,0.0,0.0,0.0,0.0,0.0
2023-09-04T19:00,26.7,86,24.1,31.2,0.00,100,98,30,100,0.0,0.0,0.0,0.0,0.0
2023-09-04T20:00,26.7,85,24.0,31.1,0.00,100,85,33,100,0.0,0.0,0.0,0.0,0.0
2023-09-04T21:00,26.5,85,23.9,31.2,0.00,100,34,2,100,0.0,0.0,0.0,0.0,0.0
2023-09-04T22:00,26.1,88,24.0,31.4,0.00,100,29,19,100,12.2,0.0,12.2,0.0,107.1
2023-09-04T23:00,27.1,86,24.5,32.4,0.00,100,37,21,100,136.4,36.5,99.9,117.2,418.7
2023-09-05T00:00,28.9,82,25.5,34.4,0.00,100,5,7,100,267.4,73.7,193.7,140.4,706.4
2023-09-05T01:00,30.3,77,25.7,36.1,0.00,100,9,11,100,584.4,420.1,164.4,594.4,950.8
2023-09-05T02:00,31.2,72,25.6,37.8,0.00,99,13,21,99,745.9,557.5,188.4,660.8,1135.0
2023-09-05T03:00,32.0,68,25.3,38.0,0.10,100,13,10,100,715.3,484.2,231.2,522.5,1246.6
2023-09-05T04:00,32.2,68,25.6,38.6,0.00,99,25,26,99,808.6,573.0,235.6,603.2,1277.9
2023-09-05T05:00,31.9,71,25.9,39.1,0.10,89,9,30,83,792.1,629.4,162.7,690.3,1226.8
2023-09-05T06:00,31.8,69,25.5,37.4,0.00,97,9,7,96,619.7,409.4,210.3,502.3,1096.7
2023-09-05T07:00,31.6,69,25.2,36.1,0.00,100,7,9,100,480.5,296.2,184.3,444.6,896.4
2023-09-05T08:00,30.7,73,25.3,35.5,0.30,100,12,10,100,294.2,140.0,154.1,294.6,639.7
2023-09-05T09:00,29.5,78,25.2,34.4,0.00,100,10,6,100,121.1,32.7,88.4,128.0,343.9
2023-09-05T10:00,28.4,82,25.0,33.1,0.00,100,12,8,100,8.9,1.9,7.0,21.6,29.3
2023-09-05T11:00,27.6,85,24.8,32.2,0.00,90,20,9,87,0.0,0.0,0.0,0.0,0.0
2023-09-05T12:00,27.0,88,24.9,31.9,0.00,98,27,19,91,0.0,0.0,0.0,0.0,0.0
2023-09-05T13:00,26.5,90,24.7,31.4,0.00,99,16,6,99,0.0,0.0,0.0,0.0,0.0
2023-09-05T14:00,26.2,91,24.7,31.3,0.00,72,28,3,60,0.0,0.0,0.0,0.0,0.0
2023-09-05T15:00,26.0,93,24.7,31.3,0.00,96,24,4,95,0.0,0.0,0.0,0.0,0.0
2023-09-05T16:00,25.8,94,24.8,31.2,0.00,100,40,1,100,0.0,0.0,0.0,0.0,0.0
2023-09-05T17:00,25.9,94,24.9,31.2,0.00,100,24,8,100,0.0,0.0,0.0,0.0,0.0
2023-09-05T18:00,25.7,96,24.9,31.4,0.00,100,13,6,100,0.0,0.0,0.0,0.0,0.0
2023-09-05T19:00,25.6,96,25.0,31.3,0.00,96,7,8,95,0.0,0.0,0.0,0.0,0.0
2023-09-05T20:00,25.6,96,25.0,31.3,0.00,95,11,11,94,0.0,0.0,0.0,0.0,0.0
2023-09-05T21:00,25.5,97,25.0,31.4,0.00,99,34,55,96,0.0,0.0,0.0,0.0,0.0
2023-09-05T22:00,25.6,97,25.1,31.6,0.00,79,10,21,71,9.8,0.0,9.8,0.0,105.3
2023-09-05T23:00,27.0,91,25.4,33.3,0.00,29,4,19,8,179.7,79.5,100.2,256.5,417.2
2023-09-06T00:00,28.7,86,26.2,35.5,0.00,87,20,9,64,386.3,242.6,143.8,463.0,705.1
2023-09-06T01:00,29.9,81,26.2,36.6,0.10,57,2,3,55,500.1,259.2,240.9,367.4,949.5
2023-09-06T02:00,30.5,77,26.1,36.8,0.00,85,8,4,83,562.9,313.9,249.0,372.8,1133.6
2023-09-06T03:00,29.8,78,25.5,35.9,1.30,100,37,17,100,675.7,368.6,307.1,398.5,1244.9
2023-09-06T04:00,29.1,84,26.0,34.9,0.10,100,31,36,100,426.9,75.5,351.4,79.7,1275.8
2023-09-06T05:00,29.2,80,25.5,35.2,0.40,100,96,95,100,453.9,79.9,374.0,87.8,1224.1
2023-09-06T06:00,29.2,78,24.9,34.3,0.60,99,9,34,98,367.9,72.3,295.6,89.0,1093.3
2023-09-06T07:00,28.1,84,25.2,33.3,1.00,98,2,43,97,158.3,0.0,158.3,0.0,892.5
2023-09-06T08:00,28.3,85,25.6,33.7,1.20,95,5,26,94,217.6,52.9,164.6,112.2,635.1
2023-09-06T09:00,27.6,87,25.2,32.5,2.30,99,6,2,99,121.9,36.0,85.9,143.1,338.8
2023-09-06T10:00,27.2,88,25.1,32.5,0.10,100,16,23,99,8.6,3.3,5.4,37.5,23.8
2023-09-06T11:00,26.7,90,25.0,31.8,0.00,100,4,29,100,0.0,0.0,0.0,0.0,0.0
2023-09-06T12:00,26.6,90,24.9,32.4,0.00,100,2,100,100,0.0,0.0,0.0,0.0,0.0
2023-09-06T13:00,26.2,93,25.1,31.9,1.00,100,0,100,100,0.0,0.0,0.0,0.0,0.0
2023-09-06T14:00,25.9,93,24.8,31.0,1.00,100,0,100,100,0.0,0.0,0.0,0.0,0.0
2023-09-06T15:00,25.7,94,24.7,30.8,2.10,100,0,16,100,0.0,0.0,0.0,0.0,0.0
2023-09-06T16:00,25.7,95,24.7,30.9,0.40,100,0,19,100,0.0,0.0,0.0,0.0,0.0
2023-09-06T17:00,25.6,95,24.7,30.8,0.60,100,0,100,100,0.0,0.0,0.0,0.0,0.0
2023-09-06T18:00,25.5,95,24.7,30.9,0.50,99,0,32,98,0.0,0.0,0.0,0.0,0.0
2023-09-06T19:00,25.5,95,24.6,31.0,0.10,99,3,33,99,0.0,0.0,0.0,0.0,0.0
2023-09-06T20:00,25.5,94,24.4,30.5,0.00,100,4,96,100,0.0,0.0,0.0,0.0,0.0
2023-09-06T21:00,25.6,93,24.3,30.8,0.00,100,4,84,100,0.0,0.0,0.0,0.0,0.0
2023-09-06T22:00,25.5,94,24.4,30.7,0.00,100,8,75,100,7.4,0.0,7.4,0.0,103.5
2023-09-06T23:00,26.1,93,24.8,31.4,0.00,100,17,100,96,68.6,0.0,68.6,0.0,415.7
2023-09-07T00:00,26.7,90,24.9,31.8,0.20,99,6,12,100,91.3,6.3,85.1,12.0,703.8
2023-09-07T01:00,28.2,82,24.8,32.6,0.10,100,8,16,100,408.8,122.2,286.6,173.5,948.2
2023-09-07T02:00,28.9,78,24.6,32.9,0.10,99,18,64,98,577.0,256.6,320.4,305.2,1132.1
2023-09-07T03:00,28.2,80,24.5,32.0,0.10,100,15,89,99,506.0,223.8,282.1,242.5,1243.1
2023-09-07T04:00,27.2,86,24.7,31.9,1.00,100,9,100,42,310.0,112.7,197.3,119.2,1273.5
2023-09-07T05:00,27.9,83,24.7,32.6,1.10,100,31,100,32,439.2,164.6,274.6,181.5,1221.3
2023-09-07T06:00,27.6,82,24.3,31.9,2.60,100,28,100,74,375.2,103.2,272.1,127.5,1089.9
2023-09-07T07:00,26.1,92,24.8,31.2,5.00,100,42,100,100,67.0,0.0,67.0,0.0,888.4
2023-09-07T08:00,25.6,93,24.4,30.2,8.60,100,3,100,100,28.1,0.0,28.1,0.0,630.5
2023-09-07T09:00,25.3,94,24.2,29.7,9.40,100,1,100,100,6.2,0.0,6.2,0.0,333.7
2023-09-07T10:00,25.2,94,24.1,29.3,7.70,100,4,100,100,0.4,0.0,0.4,0.0,18.2
2023-09-07T11:00,25.1,93,23.9,29.3,4.60,100,1,100,100,0.0,0.0,0.0,0.0,0.0
2023-09-07T12:00,25.5,90,23.7,29.7,4.80,100,0,28,90,0.0,0.0,0.0,0.0,0.0
2023-09-07T13:00,25.6,89,23.6,29.5,0.00,57,0,17,48,0.0,0.0,0.0,0.0,0.0
2023-09-07T14:00,25.6,87,23.3,29.0,0.00,55,3,18,44,0.0,0.0,0.0,0.0,0.0
2023-09-07T15:00,25.5,87,23.2,29.0,0.00,94,5,31,90,0.0,0.0,0.0,0.0,0.0
2023-09-07T16:00,25.4,88,23.3,29.1,0.00,47,1,28,24,0.0,0.0,0.0,0.0,0.0
2023-09-07T17:00,25.3,90,23.5,29.6,0.00,81,9,44,66,0.0,0.0,0.0,0.0,0.0
2023-09-07T18:00,25.1,93,23.8,29.7,0.00,100,7,45,100,0.0,0.0,0.0,0.0,0.0
2023-09-07T19:00,25.0,94,23.9,29.5,0.10,100,14,100,92,0.0,0.0,0.0,0.0,0.0
2023-09-07T20:00,25.0,92,23.6,29.2,0.00,100,18,100,25,0.0,0.0,0.0,0.0,0.0
2023-09-07T21:00,24.8,92,23.4,29.1,0.00,100,46,100,98,0.0,0.0,0.0,0.0,0.0
2023-09-07T22:00,25.0,91,23.5,28.9,0.10,99,89,20,87,5.0,0.0,5.0,0.0,101.7
2023-09-07T23:00,24.9,89,22.9,28.0,0.00,100,47,100,96,84.7,12.8,71.9,41.6,414.2
2023-09-08T00:00,26.4,87,24.1,30.5,0.00,100,28,32,98,209.0,26.3,182.8,50.4,702.4
2023-09-08T01:00,27.6,83,24.5,32.2,0.10,84,33,42,59,436.3,155.3,281.0,221.0,946.8
2023-09-08T02:00,28.6,80,24.8,33.1,0.00,97,11,94,45,599.8,295.6,304.2,352.2,1130.6
2023-09-08T03:00,29.3,76,24.7,34.2,0.10,93,65,24,76,614.2,284.2,330.0,308.5,1241.2
2023-09-08T04:00,28.2,79,24.3,32.6,0.20,100,87,100,69,334.1,13.1,321.1,13.9,1271.2
2023-09-08T05:00,28.1,78,24.0,32.0,0.40,57,29,25,27,394.3,136.3,258.0,150.7,1218.4
2023-09-08T06:00,28.8,79,24.8,33.6,0.20,26,1,21,7,466.0,225.0,241.0,279.1,1086.5
2023-09-08T07:00,28.9,77,24.4,33.0,0.70,35,13,21,6,443.7,285.7,158.0,435.3,884.4
2023-09-08T08:00,27.8,80,24.0,31.6,0.90,37,0,35,3,251.5,151.7,99.8,326.7,625.8
2023-09-08T09:00,27.3,82,23.9,31.1,0.10,8,1,7,0,165.1,93.9,71.2,385.0,328.5
2023-09-08T10:00,26.2,82,22.8,29.4,0.00,0,0,0,0,5.2,2.7,2.5,31.3,12.6
2023-09-08T11:00,25.4,82,22.1,28.4,0.00,2,0,2,0,0.0,0.0,0.0,0.0,0.0
2023-09-08T12:00,24.8,82,21.5,28.3,0.00,10,0,4,0,0.0,0.0,0.0,0.0,0.0
2023-09-08T13:00,24.6,82,21.4,27.9,0.00,2,0,2,0,0.0,0.0,0.0,0.0,0.0
2023-09-08T14:00,24.3,82,20.9,27.3,0.00,2,0,2,0,0.0,0.0,0.0,0.0,0.0
2023-09-08T15:00,24.1,79,20.3,26.9,0.00,11,0,10,0,0.0,0.0,0.0,0.0,0.0
2023-09-08T16:00,24.0,79,20.1,26.6,0.00,0,0,0,0,0.0,0.0,0.0,0.0,0.0
2023-09-08T17:00,23.3,83,20.3,26.4,0.00,0,0,0,0,0.0,0.0,0.0,0.0,0.0
2023-09-08T18:00,22.2,91,20.7,25.8,0.00,0,0,0,0,0.0,0.0,0.0,0.0,0.0
2023-09-08T19:00,21.6,95,20.7,25.3,0.00,7,0,7,0,0.0,0.0,0.0,0.0,0.0
2023-09-08T20:00,21.5,96,20.8,25.3,0.00,6,0,6,0,0.0,0.0,0.0,0.0,0.0
2023-09-08T21:00,21.8,96,21.1,25.8,0.00,6,0,6,0,0.0,0.0,0.0,0.0,0.0
2023-09-08T22:00,22.1,96,21.4,26.2,0.00,3,0,3,0,12.4,2.5,10.0,28.6,99.9
2023-09-08T23:00,24.7,89,22.7,29.6,0.00,9,0,8,0,202.0,121.8,80.2,398.0,412.7
2023-09-09T00:00,27.0,79,23.1,32.0,0.00,68,0,24,0,346.9,214.2,132.8,411.8,701.1
2023-09-09T01:00,28.3,74,23.2,32.8,0.00,65,4,64,0,579.1,422.7,156.5,602.7,945.4
2023-09-09T02:00,29.2,69,22.8,33.5,0.00,19,5,15,0,661.5,450.4,211.1,537.8,1129.0
2023-09-09T03:00,29.8,65,22.5,34.7,0.00,21,5,17,0,790.0,581.9,208.2,632.9,1239.3
2023-09-09T04:00,30.0,62,22.0,34.5,0.00,24,2,20,3,776.8,521.2,255.6,553.8,1268.8
2023-09-09T05:00,29.9,59,20.9,33.9,0.00,19,0,19,1,822.4,641.4,181.0,711.3,1215.5
2023-09-09T06:00,29.6,60,21.1,33.3,0.00,22,4,22,0,734.8,572.7,162.1,712.9,1083.0
2023-09-09T07:00,29.1,64,21.5,32.2,0.00,19,3,18,0,588.7,458.5,130.2,702.2,880.3
2023-09-09T08:00,28.4,67,21.8,31.0,0.00,31,1,31,0,383.6,279.0,104.5,605.7,621.1
2023-09-09T09:00,27.5,74,22.4,30.8,0.00,17,1,17,0,181.2,125.4,55.9,522.8,323.3
2023-09-09T10:00,26.5,77,22.2,30.1,0.00,95,1,10,95,2.7,1.3,1.5,14.5,7.0
2023-09-09T11:00,25.7,81,22.1,29.5,0.00,100,0,49,100,0.0,0.0,0.0,0.0,0.0
2023-09-09T12:00,25.2,78,21.2,28.3,0.00,100,0,0,76,0.0,0.0,0.0,0.0,0.0
2023-09-09T13:00,24.8,79,21.0,27.6,0.00,3,0,1,1,0.0,0.0,0.0,0.0,0.0
2023-09-09T14:00,24.1,82,20.8,26.9,0.00,9,0,6,3,0.0,0.0,0.0,0.0,0.0
2023-09-09T15:00,23.7,84,20.8,26.4,0.00,11,0,8,4,0.0,0.0,0.0,0.0,0.0
2023-09-09T16:00,23.3,86,20.9,26.3,0.00,11,0,5,6,0.0,0.0,0.0,0.0,0.0
2023-09-09T17:00,22.6,92,21.1,26.1,0.00,3,0,0,3,0.0,0.0,0.0,0.0,0.0
2023-09-09T18:00,22.1,94,21.2,25.6,0.00,1,0,0,1,0.0,0.0,0.0,0.0,0.0
2023-09-09T19:00,21.9,96,21.2,25.3,0.00,0,0,0,0,0.0,0.0,0.0,0.0,0.0
2023-09-09T20:00,21.7,96,21.1,25.2,0.00,2,0,0,2,0.0,0.0,0.0,0.0,0.0
2023-09-09T21:00,21.5,97,21.1,24.9,0.00,0,0,0,0,0.0,0.0,0.0,0.0,0.0
2023-09-09T22:00,21.7,98,21.3,25.1,0.00,0,0,0,0,12.5,2.5,10.0,28.7,98.1
2023-09-09T23:00,24.1,92,22.8,28.2,0.00,3,0,0,3,209.0,135.0,73.9,443.0,411.1
2023-09-10T00:00,26.7,83,23.6,31.2,0.00,17,0,0,19,442.4,347.2,95.2,669.2,699.6
2023-09-10T01:00,28.4,70,22.5,31.7,0.00,48,0,0,48,654.7,545.0,109.7,778.7,943.9
2023-09-10T02:00,29.3,66,22.3,33.3,0.00,57,0,0,57,814.2,690.7,123.4,826.4,1127.3
2023-09-10T03:00,29.9,63,22.1,34.2,0.00,85,0,0,85,905.5,757.7,147.8,826.0,1237.3
2023-09-10T04:00,30.2,63,22.3,35.1,0.00,69,0,0,69,939.7,799.8,139.8,851.9,1266.4
2023-09-10T05:00,30.4,62,22.4,35.3,0.00,94,4,0,94,889.3,735.5,153.7,818.2,1212.5
2023-09-10T06:00,30.1,64,22.5,34.5,0.00,92,5,0,91,741.0,548.0,193.0,684.9,1079.4
2023-09-10T07:00,29.9,64,22.3,33.4,0.00,15,2,0,13,602.5,489.3,113.2,753.3,876.1
2023-09-10T08:00,29.2,66,22.1,32.1,0.00,1,1,0,0,395.2,302.4,92.9,661.7,616.4
2023-09-10T09:00,28.2,71,22.5,31.7,0.00,1,1,0,0,185.6,133.4,52.2,566.0,318.0
2023-09-10T10:00,26.5,78,22.4,30.2,0.00,0,0,0,0,0.6,0.4,0.2,4.2,1.3
2023-09-10T11:00,25.5,83,22.3,29.0,0.00,0,0,0,0,0.0,0.0,0.0,0.0,0.0
2023-09-10T12:00,24.7,87,22.3,28.6,0.00,0,0,0,0,0.0,0.0,0.0,0.0,0.0
2023-09-10T13:00,24.3,88,22.1,28.0,0.00,0,0,0,0,0.0,0.0,0.0,0.0,0.0
2023-09-10T14:00,23.6,90,21.9,27.4,0.00,0,0,0,0,0.0,0.0,0.0,0.0,0.0
2023-09-10T15:00,23.1,92,21.7,26.8,0.00,0,0,0,0,0.0,0.0,0.0,0.0,0.0
2023-09-10T16:00,22.4,95,21.5,26.1,0.00,0,0,0,0,0.0,0.0,0.0,0.0,0.0
2023-09-10T17:00,21.6,97,21.1,25.5,0.00,0,0,0,0,0.0,0.0,0.0,0.0,0.0
2023-09-10T18:00,21.5,98,21.2,25.9,0.00,0,0,0,0,0.0,0.0,0.0,0.0,0.0
2023-09-10T19:00,20.9,99,20.7,24.7,0.00,2,0,0,2,0.0,0.0,0.0,0.0,0.0
2023-09-10T20:00,21.3,96,20.7,25.0,0.00,10,1,8,2,0.0,0.0,0.0,0.0,0.0
2023-09-10T21:00,21.0,95,20.2,24.3,0.00,27,4,24,0,0.0,0.0,0.0,0.0,0.0
2023-09-10T22:00,21.9,93,20.6,25.7,0.00,32,3,8,24,10.0,2.5,7.5,28.8,96.3
2023-09-10T23:00,24.2,87,22.0,28.6,0.00,29,0,0,29,199.9,122.5,77.4,403.6,409.6
2023-09-11T00:00,26.1,82,22.7,31.0,0.00,0,0,3,0,425.1,313.5,111.6,605.9,698.2
2023-09-11T01:00,27.9,74,22.8,32.9,0.00,92,0,0,92,650.2,539.4,110.8,772.3,942.4
2023-09-11T02:00,29.6,64,22.0,34.7,0.00,89,0,0,89,807.7,671.3,136.4,804.8,1125.6
2023-09-11T03:00,30.7,60,22.1,36.0,0.00,98,2,2,98,906.5,764.9,141.5,835.7,1235.3
2023-09-11T04:00,30.6,64,23.1,36.0,0.00,97,7,0,97,870.1,648.8,221.3,692.8,1263.9
2023-09-11T05:00,30.6,64,23.1,36.1,0.00,93,7,0,92,870.5,715.9,154.7,798.8,1209.5
2023-09-11T06:00,30.5,62,22.5,35.2,0.00,16,12,4,0,769.7,635.8,133.9,797.6,1075.8
2023-09-11T07:00,30.1,62,21.9,33.4,0.00,14,1,13,0,593.1,476.4,116.7,737.5,871.9
2023-09-11T08:00,29.4,63,21.7,32.1,0.00,11,0,11,0,389.6,301.8,87.8,666.1,611.6
2023-09-11T09:00,28.2,67,21.5,31.0,0.00,4,0,4,0,179.1,126.6,52.5,546.3,312.8
2023-09-11T10:00,26.5,71,20.9,29.1,0.00,4,0,4,0,0.0,0.0,0.0,0.0,0.0
2023-09-11T11:00,25.3,79,21.4,28.7,0.00,50,1,1,49,0.0,0.0,0.0,0.0,0.0
2023-09-11T12:00,24.9,83,21.8,28.6,0.00,51,5,2,21,0.0,0.0,0.0,0.0,0.0
2023-09-11T13:00,24.9,84,22.0,28.8,0.00,89,3,0,89,0.0,0.0,0.0,0.0,0.0
2023-09-11T14:00,24.4,88,22.3,28.7,0.00,62,2,4,59,0.0,0.0,0.0,0.0,0.0
2023-09-11T15:00,23.9,92,22.5,28.4,0.00,39,0,0,39,0.0,0.0,0.0,0.0,0.0
2023-09-11T16:00,23.5,94,22.5,28.0,0.00,45,0,0,45,0.0,0.0,0.0,0.0,0.0
2023-09-11T17:00,23.1,96,22.4,27.8,0.00,86,0,0,86,0.0,0.0,0.0,0.0,0.0
2023-09-11T18:00,22.9,96,22.2,27.4,0.00,100,0,0,100,0.0,0.0,0.0,0.0,0.0
2023-09-11T19:00,22.8,95,22.0,27.2,0.00,100,0,2,100,0.0,0.0,0.0,0.0,0.0
2023-09-11T20:00,22.5,96,21.8,26.9,0.00,100,0,0,100,0.0,0.0,0.0,0.0,0.0
2023-09-11T21:00,22.3,96,21.6,26.6,0.00,95,0,0,95,0.0,0.0,0.0,0.0,0.0
2023-09-11T22:00,22.4,96,21.7,26.7,0.00,84,0,0,84,10.1,2.5,7.6,29.0,94.4
2023-09-11T23:00,24.8,92,23.4,30.1,0.00,99,0,0,99,189.1,101.8,87.3,337.0,408.0
2023-09-12T00:00,27.6,76,22.9,32.2,0.00,16,0,0,34,399.0,257.2,141.8,498.5,696.7
2023-09-12T01:00,29.2,68,22.8,33.4,0.00,78,0,0,78,634.3,523.5,110.9,751.2,940.8
2023-09-12T02:00,30.5,62,22.4,35.0,0.00,9,0,0,9,796.9,677.8,119.1,814.3,1123.8
2023-09-12T03:00,31.4,57,21.9,36.2,0.00,41,0,0,41,898.1,779.4,118.6,853.4,1233.2
2023-09-12T04:00,31.8,55,21.6,36.7,0.00,25,0,0,25,927.3,806.6,120.7,863.5,1261.3
2023-09-12T05:00,32.0,53,21.3,36.7,0.00,37,0,0,37,882.9,765.3,117.7,856.5,1206.4
2023-09-12T06:00,32.0,54,21.4,36.7,0.00,87,0,0,87,771.2,661.7,109.5,833.4,1072.1
2023-09-12T07:00,31.6,56,21.8,35.4,0.00,48,9,0,44,545.4,407.5,137.9,634.2,867.6
2023-09-12T08:00,31.1,59,22.2,35.0,0.00,55,12,0,49,370.9,280.0,90.9,623.1,606.8
2023-09-12T09:00,29.7,68,23.2,34.7,0.00,97,3,0,97,162.0,112.4,49.5,493.8,307.5
2023-09-12T10:00,27.7,76,23.0,32.5,0.00,51,0,0,50,0.0,0.0,0.0,0.0,0.0
2023-09-12T11:00,25.6,86,23.1,30.4,0.00,10,1,0,8,0.0,0.0,0.0,0.0,0.0
2023-09-12T12:00,25.9,86,23.4,30.7,0.00,5,0,0,48,0.0,0.0,0.0,0.0,0.0
2023-09-12T13:00,25.6,88,23.6,30.3,0.00,100,1,0,100,0.0,0.0,0.0,0.0,0.0
2023-09-12T14:00,25.2,91,23.6,29.9,0.00,100,3,2,100,0.0,0.0,0.0,0.0,0.0
2023-09-12T15:00,24.9,93,23.6,29.7,0.00,69,4,2,68,0.0,0.0,0.0,0.0,0.0
2023-09-12T16:00,24.6,93,23.5,29.7,0.00,98,1,2,98,0.0,0.0,0.0,0.0,0.0
2023-09-12T17:00,24.6,93,23.4,29.5,0.00,100,2,1,100,0.0,0.0,0.0,0.0,0.0
2023-09-12T18:00,24.1,95,23.3,29.2,0.00,100,3,1,100,0.0,0.0,0.0,0.0,0.0
2023-09-12T19:00,23.5,96,22.9,28.5,0.00,100,2,3,100,0.0,0.0,0.0,0.0,0.0
2023-09-12T20:00,24.5,92,23.2,30.0,0.00,100,3,3,100,0.0,0.0,0.0,0.0,0.0
2023-09-12T21:00,24.4,92,23.1,29.8,0.00,100,0,2,100,0.0,0.0,0.0,0.0,0.0
2023-09-12T22:00,23.4,96,22.8,28.5,0.00,46,0,0,46,10.2,2.5,7.6,29.1,92.6
2023-09-12T23:00,25.5,89,23.6,30.9,0.00,39,0,0,39,192.9,116.7,76.2,388.1,406.3
2023-09-13T00:00,27.2,82,23.9,32.9,0.00,76,0,0,11,420.6,318.9,101.7,619.7,695.1
2023-09-13T01:00,29.1,73,23.8,34.6,0.00,14,0,0,14,625.3,511.0,114.3,734.9,939.2
2023-09-13T02:00,30.7,67,23.9,37.2,0.00,23,2,0,22,782.8,655.0,127.8,788.7,1122.0
2023-09-13T03:00,32.0,62,23.8,39.6,0.00,12,12,2,0,868.9,719.0,149.8,789.1,1231.0
2023-09-13T04:00,32.1,60,23.5,38.8,0.00,53,16,13,39,832.6,648.6,184.0,696.1,1258.7
2023-09-13T05:00,31.3,64,23.7,36.9,0.00,100,27,14,100,763.1,580.3,182.8,651.6,1203.3
2023-09-13T06:00,30.3,69,23.9,35.4,0.20,100,41,9,100,629.6,466.8,162.8,590.3,1068.4
2023-09-13T07:00,29.6,72,24.0,34.8,0.30,96,30,22,94,465.8,323.6,142.2,506.4,863.3
2023-09-13T08:00,29.3,72,23.7,35.0,0.20,99,33,12,98,294.2,178.2,116.1,399.9,602.0
2023-09-13T09:00,28.9,73,23.6,34.3,0.10,100,26,8,100,133.0,65.8,67.2,294.4,302.2
2023-09-13T10:00,27.6,81,24.1,33.3,0.00,100,4,9,100,0.0,0.0,0.0,0.0,0.0
2023-09-13T11:00,26.7,85,24.0,32.2,0.00,18,1,7,11,0.0,0.0,0.0,0.0,0.0
2023-09-13T12:00,26.8,85,24.1,32.2,0.00,94,0,4,51,0.0,0.0,0.0,0.0,0.0
2023-09-13T13:00,26.7,87,24.3,32.3,0.00,60,1,5,57,0.0,0.0,0.0,0.0,0.0
2023-09-13T14:00,26.2,90,24.4,31.8,0.00,99,1,4,99,0.0,0.0,0.0,0.0,0.0
2023-09-13T15:00,25.7,92,24.3,31.3,0.00,92,1,2,92,0.0,0.0,0.0,0.0,0.0
2023-09-13T16:00,25.1,94,24.1,30.7,0.00,30,0,0,30,0.0,0.0,0.0,0.0,0.0
2023-09-13T17:00,24.6,96,23.9,30.1,0.00,96,0,0,96,0.0,0.0,0.0,0.0,0.0
2023-09-13T18:00,23.9,97,23.4,29.2,0.00,88,0,0,88,0.0,0.0,0.0,0.0,0.0
2023-09-13T19:00,24.0,96,23.3,29.4,0.00,3,0,0,3,0.0,0.0,0.0,0.0,0.0
2023-09-13T20:00,24.3,93,23.1,29.6,0.00,7,2,0,5,0.0,0.0,0.0,0.0,0.0
2023-09-13T21:00,25.3,88,23.1,30.6,0.00,8,2,0,7,0.0,0.0,0.0,0.0,0.0
2023-09-13T22:00,25.2,87,22.9,30.4,0.00,0,0,0,0,10.2,2.6,7.7,29.3,90.7
2023-09-13T23:00,25.8,87,23.5,31.5,0.00,0,0,0,0,193.5,117.1,76.4,391.0,404.7
2023-09-14T00:00,27.6,82,24.2,33.5,0.00,0,0,0,1,422.1,321.6,100.5,626.8,693.5
2023-09-14T01:00,29.2,75,24.3,35.3,0.00,8,4,0,4,627.7,513.4,114.3,740.1,937.6
2023-09-14T02:00,30.7,67,23.9,37.5,0.00,9,8,0,1,782.8,656.1,126.7,791.7,1120.1
2023-09-14T03:00,32.2,60,23.3,39.1,0.00,14,14,0,0,849.0,691.9,157.1,761.1,1228.8
2023-09-14T04:00,32.8,56,22.8,38.9,0.00,23,17,21,0,844.5,666.6,178.0,717.3,1256.0
2023-09-14T05:00,32.4,58,23.1,37.8,0.10,30,19,20,0,766.8,575.3,191.4,648.0,1200.1
2023-09-14T06:00,32.3,58,22.9,37.0,0.10,19,16,4,0,677.0,513.3,163.6,651.8,1064.7
2023-09-14T07:00,31.6,60,22.9,35.4,0.00,1,0,1,0,570.3,471.7,98.6,742.2,859.0
2023-09-14T08:00,30.3,67,23.6,33.6,0.00,0,0,0,0,371.2,292.1,79.1,661.1,597.2
2023-09-14T09:00,29.5,70,23.5,33.2,0.00,6,5,0,0,164.6,117.0,47.6,532.5,296.9
2023-09-14T10:00,28.3,76,23.6,32.5,0.00,6,6,0,0,0.0,0.0,0.0,0.0,0.0
2023-09-14T11:00,27.2,84,24.3,31.9,0.00,1,0,0,0,0.0,0.0,0.0,0.0,0.0
2023-09-14T12:00,26.5,91,24.9,32.5,0.00,0,2,0,0,0.0,0.0,0.0,0.0,0.0
2023-09-14T13:00,26.4,92,25.0,32.3,0.00,1,1,0,0,0.0,0.0,0.0,0.0,0.0
2023-09-14T14:00,25.9,95,25.1,31.6,0.00,2,2,1,0,0.0,0.0,0.0,0.0,0.0
2023-09-14T15:00,25.7,96,25.0,31.3,0.00,5,4,1,1,0.0,0.0,0.0,0.0,0.0
2023-09-14T16:00,25.4,96,24.8,30.9,0.00,7,0,1,7,0.0,0.0,0.0,0.0,0.0
2023-09-14T17:00,25.2,96,24.5,30.6,0.00,11,0,5,6,0.0,0.0,0.0,0.0,0.0
2023-09-14T18:00,24.9,96,24.3,30.5,0.00,51,0,1,51,0.0,0.0,0.0,0.0,0.0
2023-09-14T19:00,24.2,98,23.9,29.7,0.00,100,2,1,100,0.0,0.0,0.0,0.0,0.0
2023-09-14T20:00,23.9,99,23.8,29.4,0.00,100,7,1,100,0.0,0.0,0.0,0.0,0.0
2023-09-14T21:00,23.8,99,23.7,29.4,0.00,52,6,3,47,0.0,0.0,0.0,0.0,0.0
2023-09-14T22:00,24.2,99,24.0,29.9,0.00,29,22,0,9,7.7,0.0,7.7,0.0,88.8
2023-09-14T23:00,26.2,91,24.6,32.2,0.00,21,5,0,17,174.5,83.2,91.3,279.1,403.0
2023-09-15T00:00,27.4,82,24.0,33.5,0.00,44,0,1,100,404.8,291.7,113.1,570.0,691.9
2023-09-15T01:00,28.8,78,24.6,34.5,0.00,93,1,16,91,444.9,179.5,265.3,259.4,935.9
2023-09-15T02:00,30.3,74,25.1,36.4,0.00,59,3,18,48,645.3,399.5,245.8,483.2,1118.2
2023-09-15T03:00,31.9,66,24.7,38.5,0.00,36,4,23,14,792.8,564.9,227.8,622.9,1226.5
2023-09-15T04:00,32.2,63,24.2,38.7,0.00,23,4,19,1,790.1,603.1,187.0,650.8,1253.3
2023-09-15T05:00,32.1,64,24.4,38.3,0.00,45,6,12,36,735.5,522.7,212.8,590.6,1196.8
2023-09-15T06:00,31.6,65,24.1,37.2,0.60,65,24,17,51,546.7,343.0,203.7,437.3,1060.9
2023-09-15T07:00,30.8,67,23.8,36.4,0.30,55,25,10,37,403.8,241.4,162.4,382.0,854.7
2023-09-15T08:00,30.1,70,24.1,35.5,0.00,25,8,12,11,294.8,190.5,104.2,435.1,592.3
2023-09-15T09:00,28.5,76,23.9,33.5,0.50,77,41,9,60,124.1,69.6,54.5,322.7,291.7
2023-09-15T10:00,26.0,85,23.3,30.7,0.00,81,7,12,77,0.0,0.0,0.0,0.0,0.0
2023-09-15T11:00,25.3,89,23.4,31.0,0.00,100,1,3,100,0.0,0.0,0.0,0.0,0.0
2023-09-15T12:00,25.1,95,24.3,31.2,0.00,100,0,2,100,0.0,0.0,0.0,0.0,0.0
2023-09-15T13:00,25.1,97,24.7,31.5,0.00,87,0,2,86,0.0,0.0,0.0,0.0,0.0
2023-09-15T14:00,25.1,96,24.5,31.3,0.00,69,0,0,69,0.0,0.0,0.0,0.0,0.0
2023-09-15T15:00,24.9,96,24.3,30.9,0.00,67,0,4,66,0.0,0.0,0.0,0.0,0.0
2023-09-15T16:00,25.0,95,24.1,30.8,0.00,7,0,1,6,0.0,0.0,0.0,0.0,0.0
2023-09-15T17:00,25.0,94,23.9,30.7,0.00,16,0,16,0,0.0,0.0,0.0,0.0,0.0
2023-09-15T18:00,24.5,93,23.3,29.7,0.00,13,0,10,3,0.0,0.0,0.0,0.0,0.0
2023-09-15T19:00,24.8,88,22.6,29.6,0.00,14,0,6,9,0.0,0.0,0.0,0.0,0.0
2023-09-15T20:00,26.4,79,22.5,31.2,0.00,14,0,1,12,0.0,0.0,0.0,0.0,0.0
2023-09-15T21:00,25.6,84,22.6,30.4,0.00,73,0,1,73,0.0,0.0,0.0,0.0,0.0
2023-09-15T22:00,24.1,92,22.7,28.8,0.00,93,0,3,93,7.8,2.6,5.2,29.7,86.9
2023-09-15T23:00,26.7,85,24.0,32.3,0.00,100,0,1,100,178.3,85.1,93.3,286.9,401.3
2023-09-16T00:00,27.4,81,24.0,33.4,0.00,99,0,1,85,391.2,254.1,137.1,498.1,690.2
2023-09-16T01:00,29.1,73,23.7,34.7,0.00,95,0,0,95,593.7,439.2,154.4,636.2,934.1
2023-09-16T02:00,30.5,64,22.8,36.2,0.00,100,0,0,100,764.5,609.6,154.8,739.0,1116.2
2023-09-16T03:00,31.5,57,21.9,37.0,0.00,100,0,0,100,812.5,599.2,213.3,662.3,1224.2
2023-09-16T04:00,32.4,53,21.6,38.1,0.00,40,0,0,40,869.4,647.2,222.1,700.3,1250.5
2023-09-16T05:00,32.9,53,22.1,39.1,0.00,75,2,5,74,857.6,726.5,131.1,823.7,1193.5
2023-09-16T06:00,32.1,58,22.7,37.6,0.10,100,13,11,100,713.7,557.7,156.0,713.9,1057.0
2023-09-16T07:00,31.5,60,22.8,36.3,0.00,100,2,0,100,517.9,387.5,130.3,616.7,850.3
2023-09-16T08:00,31.1,60,22.4,35.5,0.00,97,0,0,97,333.2,215.4,117.9,496.2,587.4
2023-09-16T09:00,30.0,66,22.8,34.7,0.00,100,1,0,100,146.1,84.8,61.3,400.6,286.3
2023-09-16T10:00,27.7,83,24.5,33.4,0.00,100,1,0,100,0.0,0.0,0.0,0.0,0.0
2023-09-16T11:00,28.3,75,23.3,33.8,0.00,93,0,0,93,0.0,0.0,0.0,0.0,0.0
2023-09-16T12:00,27.0,88,24.9,33.2,0.00,23,0,0,97,0.0,0.0,0.0,0.0,0.0
2023-09-16T13:00,26.7,92,25.3,33.3,0.00,31,0,0,31,0.0,0.0,0.0,0.0,0.0
2023-09-16T14:00,26.0,94,25.0,32.3,0.00,77,0,0,77,0.0,0.0,0.0,0.0,0.0
2023-09-16T15:00,27.5,84,24.5,33.8,0.00,100,0,1,100,0.0,0.0,0.0,0.0,0.0
2023-09-16T16:00,27.5,82,24.1,33.5,0.00,92,0,8,92,0.0,0.0,0.0,0.0,0.0
2023-09-16T17:00,26.2,87,24.0,32.0,0.00,3,0,3,0,0.0,0.0,0.0,0.0,0.0
2023-09-16T18:00,25.7,90,24.0,31.5,0.00,8,3,8,0,0.0,0.0,0.0,0.0,0.0
2023-09-16T19:00,25.4,92,24.0,31.2,0.00,3,2,2,0,0.0,0.0,0.0,0.0,0.0
2023-09-16T20:00,25.3,92,23.8,30.9,0.00,4,3,1,0,0.0,0.0,0.0,0.0,0.0
2023-09-16T21:00,25.5,90,23.8,31.3,0.00,5,0,5,0,0.0,0.0,0.0,0.0,0.0
2023-09-16T22:00,25.5,90,23.7,31.2,0.00,15,0,15,0,7.8,2.6,5.2,29.9,85.0
2023-09-16T23:00,27.0,84,24.0,33.0,0.00,15,1,15,0,178.9,98.5,80.4,333.6,399.5
2023-09-17T00:00,29.2,71,23.3,34.8,0.00,1,1,19,0,395.3,275.7,119.6,542.0,688.6
2023-09-17T01:00,30.4,66,23.3,35.5,0.00,0,0,0,0,591.5,448.5,143.0,651.2,932.3
2023-09-17T02:00,31.5,61,23.2,37.3,0.00,24,0,24,0,766.6,638.9,127.8,776.2,1114.2
2023-09-17T03:00,32.3,58,23.0,38.6,0.00,74,2,74,2,844.7,667.8,176.8,740.0,1221.8
2023-09-17T04:00,32.5,56,22.6,37.9,0.00,19,9,14,1,749.6,556.7,192.9,604.1,1247.7
2023-09-17T05:00,32.6,55,22.4,38.5,0.00,26,7,20,2,781.6,603.9,177.7,687.0,1190.1
2023-09-17T06:00,32.7,54,22.3,38.1,0.10,20,9,15,2,709.6,581.7,127.9,747.9,1053.1
2023-09-17T07:00,32.5,55,22.3,37.3,0.00,7,4,4,0,551.1,435.9,115.2,697.8,845.8
2023-09-17T08:00,32.0,57,22.3,36.7,0.00,8,2,4,2,346.4,258.0,88.4,599.7,582.4
2023-09-17T09:00,30.9,64,23.4,36.1,0.00,6,4,2,0,151.5,103.6,47.9,499.3,280.9
2023-09-17T10:00,28.8,75,23.9,34.0,0.00,3,0,3,0,0.0,0.0,0.0,0.0,0.0
2023-09-17T11:00,27.5,83,24.3,33.0,0.00,0,0,0,0,0.0,0.0,0.0,0.0,0.0
2023-09-17T12:00,27.4,82,24.1,32.4,0.00,1,0,0,0,0.0,0.0,0.0,0.0,0.0
2023-09-17T13:00,27.1,83,24.0,32.3,0.00,3,0,1,2,0.0,0.0,0.0,0.0,0.0
2023-09-17T14:00,26.8,85,24.1,32.1,0.00,2,0,1,1,0.0,0.0,0.0,0.0,0.0
2023-09-17T15:00,26.5,86,24.1,31.7,0.00,0,0,0,0,0.0,0.0,0.0,0.0,0.0
2023-09-17T16:00,26.2,87,23.9,31.3,0.00,17,0,4,14,0.0,0.0,0.0,0.0,0.0
2023-09-17T17:00,25.7,90,23.9,30.6,0.00,2,0,0,2,0.0,0.0,0.0,0.0,0.0
2023-09-17T18:00,25.6,90,23.7,30.3,0.00,18,0,1,17,0.0,0.0,0.0,0.0,0.0
2023-09-17T19:00,25.7,87,23.5,30.4,0.00,12,0,0,12,0.0,0.0,0.0,0.0,0.0
2023-09-17T20:00,25.3,89,23.4,30.3,0.00,2,0,0,2,0.0,0.0,0.0,0.0,0.0
2023-09-17T21:00,24.5,92,23.2,29.4,0.00,1,0,1,1,0.0,0.0,0.0,0.0,0.0
2023-09-17T22:00,25.3,90,23.5,31.0,0.00,2,0,2,0,7.9,2.6,5.2,30.1,83.0
2023-09-17T23:00,26.3,86,23.7,31.9,0.00,0,0,0,0,187.7,115.2,72.4,392.4,397.8
2023-09-18T00:00,28.3,76,23.7,34.0,0.00,0,0,0,0,410.6,309.9,100.8,611.1,686.8
2023-09-18T01:00,29.9,70,23.8,35.5,0.00,0,0,0,0,619.1,506.9,112.1,737.9,930.5
2023-09-18T02:00,31.4,64,23.7,38.1,0.00,0,0,0,0,777.5,659.5,118.0,803.2,1112.1
2023-09-18T03:00,32.9,57,23.3,40.2,0.00,0,0,0,0,872.7,751.0,121.7,834.3,1219.3
2023-09-18T04:00,33.7,53,22.7,40.9,0.00,2,0,1,1,882.1,751.5,130.6,817.8,1244.7
2023-09-18T05:00,33.4,54,22.9,39.9,0.00,21,6,15,3,753.2,589.2,164.0,672.6,1186.7
2023-09-18T06:00,31.9,61,23.5,36.8,0.50,66,32,51,3,559.9,354.6,205.3,457.9,1049.0
2023-09-18T07:00,30.7,69,24.4,35.7,0.50,32,5,28,0,439.9,308.9,131.0,497.5,841.2
2023-09-18T08:00,31.1,68,24.4,35.8,0.10,12,11,6,0,280.1,181.3,98.8,425.5,577.3
2023-09-18T09:00,30.3,67,23.6,34.3,0.00,5,4,4,0,142.7,96.4,46.3,474.1,275.4
2023-09-18T10:00,28.7,74,23.6,32.7,0.00,3,1,1,0,0.0,0.0,0.0,0.0,0.0
2023-09-18T11:00,27.7,79,23.8,31.8,0.00,0,0,0,0,0.0,0.0,0.0,0.0,0.0
2023-09-18T12:00,27.4,82,24.0,31.7,0.00,0,1,0,0,0.0,0.0,0.0,0.0,0.0
2023-09-18T13:00,27.1,83,24.1,31.3,0.00,1,1,0,0,0.0,0.0,0.0,0.0,0.0
2023-09-18T14:00,26.8,85,24.0,31.1,0.00,0,0,0,0,0.0,0.0,0.0,0.0,0.0
2023-09-18T15:00,26.6,85,23.8,30.9,0.00,0,0,0,0,0.0,0.0,0.0,0.0,0.0
2023-09-18T16:00,26.4,85,23.6,30.8,0.00,0,0,0,0,0.0,0.0,0.0,0.0,0.0
2023-09-18T17:00,25.8,87,23.5,30.6,0.00,0,0,0,0,0.0,0.0,0.0,0.0,0.0
2023-09-18T18:00,25.0,92,23.6,30.2,0.00,0,0,0,0,0.0,0.0,0.0,0.0,0.0
2023-09-18T19:00,24.1,96,23.4,29.1,0.00,0,0,0,0,0.0,0.0,0.0,0.0,0.0
2023-09-18T20:00,23.7,97,23.3,28.8,0.00,0,0,0,0,0.0,0.0,0.0,0.0,0.0
2023-09-18T21:00,23.8,98,23.5,29.2,0.00,0,0,0,0,0.0,0.0,0.0,0.0,0.0
2023-09-18T22:00,24.0,98,23.6,29.3,0.00,0,0,0,0,7.9,2.6,5.3,30.3,81.1
2023-09-18T23:00,26.3,88,24.1,31.8,0.00,1,1,0,0,188.3,115.6,72.7,395.6,396.0
2023-09-19T00:00,28.8,73,23.6,34.2,0.00,3,2,0,0,414.7,315.1,99.6,623.3,685.1
2023-09-19T01:00,30.7,65,23.3,35.7,0.00,1,1,0,0,614.6,499.0,115.6,728.3,928.6
2023-09-19T02:00,32.2,60,23.6,37.8,0.00,2,2,1,0,777.5,659.5,118.0,805.2,1109.9
2023-09-19T03:00,33.1,56,23.1,38.1,0.00,4,2,2,0,858.0,733.2,124.8,816.7,1216.7
2023-09-19T04:00,33.2,56,23.3,38.1,0.00,5,2,3,0,864.9,717.2,147.7,782.8,1241.7
2023-09-19T05:00,33.0,56,23.1,37.1,0.00,10,4,6,0,787.9,624.9,163.0,715.9,1183.1
2023-09-19T06:00,32.2,59,23.2,35.7,0.00,6,5,2,0,696.8,558.7,138.0,724.7,1044.9
2023-09-19T07:00,31.6,60,23.0,34.4,0.00,1,1,1,0,540.3,420.9,119.4,682.0,836.6
2023-09-19T08:00,30.9,62,22.6,33.1,0.00,4,4,0,0,361.9,286.0,75.9,677.5,572.2
2023-09-19T09:00,29.7,66,22.7,32.3,0.00,4,4,0,0,148.6,105.2,43.4,528.4,269.9
2023-09-19T10:00,28.5,71,22.8,31.9,0.00,3,3,0,0,0.0,0.0,0.0,0.0,0.0
2023-09-19T11:00,27.8,76,23.2,31.5,0.00,1,1,0,0,0.0,0.0,0.0,0.0,0.0
2023-09-19T12:00,27.2,81,23.6,31.6,0.00,1,3,1,0,0.0,0.0,0.0,0.0,0.0
2023-09-19T13:00,27.3,80,23.5,31.6,0.00,2,2,0,0,0.0,0.0,0.0,0.0,0.0
2023-09-19T14:00,26.9,80,23.2,31.1,0.00,2,2,0,0,0.0,0.0,0.0,0.0,0.0
2023-09-19T15:00,26.5,81,23.0,30.9,0.00,1,1,0,0,0.0,0.0,0.0,0.0,0.0
2023-09-19T16:00,25.8,84,22.9,30.5,0.00,1,1,0,0,0.0,0.0,0.0,0.0,0.0
2023-09-19T17:00,25.2,87,22.9,30.0,0.00,4,4,0,0,0.0,0.0,0.0,0.0,0.0
2023-09-19T18:00,24.3,92,22.9,29.1,0.00,12,12,0,0,0.0,0.0,0.0,0.0,0.0
2023-09-19T19:00,23.9,94,22.9,28.8,0.00,7,7,0,0,0.0,0.0,0.0,0.0,0.0
2023-09-19T20:00,23.7,96,23.0,28.7,0.00,16,16,1,0,0.0,0.0,0.0,0.0,0.0
2023-09-19T21:00,23.7,96,23.0,28.9,0.00,17,17,6,0,0.0,0.0,0.0,0.0,0.0
2023-09-19T22:00,24.2,93,23.0,29.3,0.00,14,13,7,0,8.0,0.0,8.0,0.0,79.2
2023-09-19T23:00,26.7,84,23.8,32.1,0.00,2,2,0,0,180.6,104.4,76.2,359.0,394.2
2023-09-20T00:00,29.0,73,23.7,34.5,0.00,0,1,0,0,404.9,300.2,104.7,595.7,683.3
2023-09-20T01:00,30.8,65,23.5,36.4,0.00,2,2,0,0,610.1,491.1,119.1,718.6,926.7
2023-09-20T02:00,32.1,57,22.6,38.2,0.00,1,0,1,0,755.9,625.9,129.9,766.2,1107.7
2023-09-20T03:00,33.2,54,22.5,39.8,0.00,7,3,6,0,820.5,682.2,138.3,762.0,1214.1
2023-09-20T04:00,33.7,52,22.4,40.4,0.00,13,8,9,0,810.5,659.8,150.6,722.4,1238.6
2023-09-20T05:00,33.4,53,22.5,39.2,0.00,19,14,11,0,751.8,593.7,158.1,682.6,1179.5
2023-09-20T06:00,32.0,59,22.9,36.8,0.10,30,26,11,0,541.6,361.7,179.9,471.4,1040.7
2023-09-20T07:00,32.0,60,23.2,36.9,0.00,29,19,13,0,357.8,196.1,161.7,319.8,831.8
2023-09-20T08:00,32.2,59,23.2,37.4,0.00,26,21,11,0,291.9,192.7,99.2,460.9,567.0
2023-09-20T09:00,31.1,63,23.4,36.2,0.00,5,1,4,0,112.0,63.9,48.1,327.8,264.3
2023-09-20T10:00,29.5,70,23.3,34.5,0.00,8,2,7,0,0.0,0.0,0.0,0.0,0.0
2023-09-20T11:00,28.7,74,23.5,33.5,0.00,6,0,6,0,0.0,0.0,0.0,0.0,0.0
2023-09-20T12:00,27.5,82,24.1,32.7,0.00,1,0,2,0,0.0,0.0,0.0,0.0,0.0
2023-09-20T13:00,27.3,83,24.1,32.4,0.00,2,0,2,0,0.0,0.0,0.0,0.0,0.0
2023-09-20T14:00,27.0,83,23.9,31.9,0.00,1,0,1,0,0.0,0.0,0.0,0.0,0.0
2023-09-20T15:00,26.7,84,23.7,31.6,0.00,1,0,1,0,0.0,0.0,0.0,0.0,0.0
2023-09-20T16:00,26.3,86,23.7,31.4,0.00,1,0,1,0,0.0,0.0,0.0,0.0,0.0
2023-09-20T17:00,25.6,90,23.8,31.0,0.00,0,0,0,0,0.0,0.0,0.0,0.0,0.0
2023-09-20T18:00,25.0,93,23.8,30.3,0.00,0,0,0,0,0.0,0.0,0.0,0.0,0.0
2023-09-20T19:00,25.9,89,24.0,31.8,0.00,0,0,0,0,0.0,0.0,0.0,0.0,0.0
2023-09-20T20:00,25.3,94,24.2,31.3,0.00,1,1,0,0,0.0,0.0,0.0,0.0,0.0
2023-09-20T21:00,24.3,97,23.8,30.0,0.00,11,11,0,0,0.0,0.0,0.0,0.0,0.0
2023-09-20T22:00,24.8,96,24.0,30.7,0.00,15,15,0,0,5.4,0.0,5.4,0.0,77.3
2023-09-20T23:00,26.7,86,24.2,32.6,0.00,12,12,0,0,176.2,99.7,76.5,344.7,392.4
2023-09-21T00:00,28.5,79,24.4,34.5,0.00,7,7,0,0,393.8,284.0,109.8,565.3,681.5
2023-09-21T01:00,30.1,72,24.6,36.0,0.00,19,19,0,0,553.0,423.6,129.4,621.6,924.7
2023-09-21T02:00,31.1,68,24.4,37.2,0.10,15,9,6,0,649.7,475.4,174.3,583.5,1105.4
2023-09-21T03:00,31.7,66,24.4,38.6,0.30,63,47,45,0,741.4,533.4,208.0,597.5,1211.4
2023-09-21T04:00,31.7,66,24.5,38.7,0.10,100,100,25,0,690.8,443.8,247.0,487.4,1235.4
2023-09-21T05:00,28.8,75,24.0,33.7,1.30,85,43,73,9,425.7,81.5,344.3,94.0,1175.7
2023-09-21T06:00,28.6,77,24.2,34.5,0.70,78,26,67,29,248.8,28.9,219.9,37.8,1036.4
2023-09-21T07:00,28.3,77,23.9,33.7,0.50,75,60,42,29,218.9,30.9,188.0,50.7,827.0
2023-09-21T08:00,28.4,79,24.4,34.0,0.10,72,50,24,30,138.4,56.3,82.1,136.0,561.7
2023-09-21T09:00,28.3,80,24.5,33.6,0.10,65,36,29,24,63.3,25.1,38.3,131.6,258.7
2023-09-21T10:00,27.8,82,24.4,33.0,0.00,12,1,11,0,0.0,0.0,0.0,0.0,0.0
2023-09-21T11:00,27.3,84,24.3,32.2,0.00,1,0,1,0,0.0,0.0,0.0,0.0,0.0
2023-09-21T12:00,27.3,84,24.3,32.0,0.00,0,0,1,0,0.0,0.0,0.0,0.0,0.0
2023-09-21T13:00,27.1,84,24.2,31.5,0.00,0,0,0,0,0.0,0.0,0.0,0.0,0.0
2023-09-21T14:00,26.9,85,24.1,31.2,0.00,1,1,0,0,0.0,0.0,0.0,0.0,0.0
2023-09-21T15:00,26.6,86,24.1,30.8,0.00,2,2,0,0,0.0,0.0,0.0,0.0,0.0
2023-09-21T16:00,26.3,88,24.1,30.3,0.00,9,7,0,2,0.0,0.0,0.0,0.0,0.0
2023-09-21T17:00,26.2,88,24.1,30.2,0.00,33,33,0,0,0.0,0.0,0.0,0.0,0.0
2023-09-21T18:00,26.0,88,23.9,30.1,0.00,14,11,0,4,0.0,0.0,0.0,0.0,0.0
2023-09-21T19:00,25.8,89,23.9,30.3,0.00,18,14,1,4,0.0,0.0,0.0,0.0,0.0
2023-09-21T20:00,25.3,92,23.9,30.2,0.00,13,5,1,7,0.0,0.0,0.0,0.0,0.0
2023-09-21T21:00,24.9,94,24.0,29.9,0.00,13,2,1,11,0.0,0.0,0.0,0.0,0.0
2023-09-21T22:00,24.8,96,24.0,29.8,0.00,5,0,1,4,5.4,0.0,5.4,0.0,75.4
2023-09-21T23:00,26.6,88,24.4,31.7,0.00,2,1,0,1,180.1,105.0,75.0,365.0,390.6
2023-09-22T00:00,29.1,78,24.9,33.9,0.00,14,11,3,0,391.5,282.9,108.6,565.0,679.6
2023-09-22T01:00,30.8,70,24.8,35.2,0.00,11,10,1,0,589.8,452.3,137.4,665.5,922.6
2023-09-22T02:00,31.7,66,24.5,36.2,0.10,20,15,9,0,705.0,555.5,149.4,683.7,1103.1
2023-09-22T03:00,32.3,61,23.8,36.4,0.10,17,10,11,0,733.0,535.5,197.6,601.4,1208.7
2023-09-22T04:00,32.8,58,23.5,36.8,0.00,17,13,8,0,798.1,637.5,160.6,702.4,1232.2
2023-09-22T05:00,32.6,60,23.8,36.5,0.10,18,13,10,0,754.2,611.7,142.5,708.6,1172.0
2023-09-22T06:00,32.2,62,24.0,35.9,0.10,12,10,4,0,674.2,556.0,118.3,731.3,1032.1
2023-09-22T07:00,31.4,63,23.5,34.1,0.50,39,22,28,0,509.7,402.1,107.6,664.0,822.2
2023-09-22T08:00,29.9,69,23.7,32.9,0.00,27,16,14,0,299.4,202.3,97.1,493.6,556.4
2023-09-22T09:00,28.9,73,23.6,32.1,0.10,39,27,19,0,102.6,55.3,47.3,297.0,253.0
2023-09-22T10:00,27.8,79,23.8,31.3,0.00,18,3,16,0,0.0,0.0,0.0,0.0,0.0
2023-09-22T11:00,27.2,82,23.9,31.1,0.00,26,16,15,0,0.0,0.0,0.0,0.0,0.0
2023-09-22T12:00,27.1,82,23.8,30.9,0.00,33,7,8,0,0.0,0.0,0.0,0.0,0.0
2023-09-22T13:00,27.3,82,24.0,30.9,0.00,20,7,18,0,0.0,0.0,0.0,0.0,0.0
2023-09-22T14:00,27.0,80,23.3,30.7,0.00,19,1,3,15,0.0,0.0,0.0,0.0,0.0
2023-09-22T15:00,26.4,83,23.2,30.2,0.00,13,1,7,6,0.0,0.0,0.0,0.0,0.0
2023-09-22T16:00,26.1,84,23.2,30.2,0.00,17,4,8,6,0.0,0.0,0.0,0.0,0.0
2023-09-22T17:00,25.9,86,23.3,30.0,0.00,2,0,0,2,0.0,0.0,0.0,0.0,0.0
2023-09-22T18:00,25.7,87,23.3,29.5,0.00,8,2,2,5,0.0,0.0,0.0,0.0,0.0
2023-09-22T19:00,25.6,88,23.4,29.4,0.00,1,1,1,0,0.0,0.0,0.0,0.0,0.0
2023-09-22T20:00,25.4,89,23.4,29.2,0.00,11,10,1,1,0.0,0.0,0.0,0.0,0.0
2023-09-22T21:00,25.3,90,23.5,29.2,0.00,8,7,1,0,0.0,0.0,0.0,0.0,0.0
2023-09-22T22:00,25.5,89,23.5,29.3,0.00,26,18,0,9,5.5,0.0,5.5,0.0,73.4
2023-09-22T23:00,27.1,82,23.8,30.8,0.00,25,7,0,19,164.0,87.0,77.0,303.9,388.8
2023-09-23T00:00,29.6,75,24.6,33.2,0.00,37,43,1,4,375.3,257.8,117.5,516.7,677.7
2023-09-23T01:00,31.0,69,24.5,34.4,0.00,18,15,3,2,517.7,363.1,154.6,535.7,920.6
2023-09-23T02:00,31.8,66,24.6,35.8,0.00,26,13,1,14,708.2,553.4,154.9,682.9,1100.7
2023-09-23T03:00,32.5,62,24.3,36.6,0.00,19,13,3,6,806.8,636.3,170.5,716.7,1205.9
2023-09-23T04:00,32.5,62,24.4,36.9,0.00,51,10,2,45,831.1,673.5,157.6,744.5,1228.9
2023-09-23T05:00,32.4,60,23.8,36.1,0.00,100,18,8,100,745.3,538.8,206.4,626.6,1168.1
2023-09-23T06:00,32.3,61,23.8,35.7,0.00,100,5,9,100,649.7,444.9,204.8,588.1,1027.7
2023-09-23T07:00,31.7,63,23.7,34.6,0.00,81,9,9,78,511.8,393.8,118.0,654.6,817.3
2023-09-23T08:00,30.9,66,23.7,34.0,0.00,11,3,3,5,306.8,213.9,92.9,527.2,551.1
2023-09-23T09:00,29.7,70,23.7,32.8,0.00,8,7,6,0,126.3,83.2,43.1,456.9,247.3
2023-09-23T10:00,28.5,75,23.7,31.8,0.00,9,6,4,0,0.0,0.0,0.0,0.0,0.0
2023-09-23T11:00,27.6,80,23.8,30.9,0.00,14,5,11,0,0.0,0.0,0.0,0.0,0.0
2023-09-23T12:00,27.7,80,23.9,31.6,0.00,19,1,0,7,0.0,0.0,0.0,0.0,0.0
2023-09-23T13:00,27.9,78,23.8,31.8,0.00,21,3,3,17,0.0,0.0,0.0,0.0,0.0
2023-09-23T14:00,27.7,79,23.7,31.5,0.00,62,3,1,61,0.0,0.0,0.0,0.0,0.0
2023-09-23T15:00,27.5,80,23.6,31.1,0.00,61,3,1,59,0.0,0.0,0.0,0.0,0.0
2023-09-23T16:00,27.2,80,23.6,31.1,0.00,31,1,1,29,0.0,0.0,0.0,0.0,0.0
2023-09-23T17:00,26.9,82,23.6,30.8,0.00,14,2,1,11,0.0,0.0,0.0,0.0,0.0
2023-09-23T18:00,26.6,83,23.6,30.6,0.00,16,2,1,14,0.0,0.0,0.0,0.0,0.0
2023-09-23T19:00,26.4,84,23.4,30.2,0.00,7,2,1,5,0.0,0.0,0.0,0.0,0.0
2023-09-23T20:00,26.2,85,23.4,30.2,0.00,5,4,1,0,0.0,0.0,0.0,0.0,0.0
2023-09-23T21:00,26.0,86,23.5,30.0,0.00,0,0,0,0,0.0,0.0,0.0,0.0,0.0
2023-09-23T22:00,25.9,87,23.6,30.4,0.00,2,2,0,0,5.5,0.0,5.5,0.0,71.5
2023-09-23T23:00,27.5,81,23.9,31.8,0.00,9,9,0,0,177.9,104.1,73.9,365.6,386.9
2023-09-24T00:00,29.5,71,23.7,33.7,0.00,4,3,0,0,397.1,290.9,106.2,584.9,675.8
2023-09-24T01:00,31.2,62,23.0,34.7,0.00,1,1,0,0,598.0,478.9,119.1,708.6,918.4
2023-09-24T02:00,32.4,56,22.5,36.1,0.00,3,3,0,0,753.7,624.9,128.9,773.3,1098.2
2023-09-24T03:00,33.2,53,22.5,37.3,0.00,1,1,0,0,851.4,709.0,142.4,801.0,1203.0
2023-09-24T04:00,33.6,53,22.6,37.9,0.00,4,4,0,0,871.1,733.6,137.5,813.6,1225.5
2023-09-24T05:00,33.6,53,22.8,37.8,0.00,5,4,0,1,823.5,689.8,133.7,805.3,1164.2
2023-09-24T06:00,33.4,54,22.9,37.1,0.00,7,6,0,0,713.5,598.2,115.4,794.5,1023.3
2023-09-24T07:00,32.6,58,23.2,35.6,0.00,6,6,0,0,538.6,437.4,101.2,731.9,812.3
2023-09-24T08:00,31.4,63,23.4,34.1,0.00,4,4,0,0,326.9,244.5,82.3,609.1,545.7
2023-09-24T09:00,30.0,67,23.3,32.8,0.00,9,9,1,0,123.9,81.8,42.1,460.2,241.6
2023-09-24T10:00,28.7,73,23.4,31.8,0.00,6,2,5,0,0.0,0.0,0.0,0.0,0.0
2023-09-24T11:00,27.9,78,23.7,31.4,0.00,1,0,0,0,0.0,0.0,0.0,0.0,0.0
2023-09-24T12:00,27.6,80,23.8,31.3,0.00,3,4,3,0,0.0,0.0,0.0,0.0,0.0
2023-09-24T13:00,27.6,81,23.9,31.4,0.00,6,6,5,0,0.0,0.0,0.0,0.0,0.0
2023-09-24T14:00,27.3,81,23.8,31.2,0.00,1,1,0,0,0.0,0.0,0.0,0.0,0.0
2023-09-24T15:00,26.9,83,23.8,30.8,0.00,1,1,0,0,0.0,0.0,0.0,0.0,0.0
2023-09-24T16:00,26.7,84,23.7,30.6,0.00,1,0,0,0,0.0,0.0,0.0,0.0,0.0
2023-09-24T17:00,26.4,84,23.5,30.3,0.00,2,0,0,1,0.0,0.0,0.0,0.0,0.0
2023-09-24T18:00,26.1,85,23.4,30.1,0.00,11,0,0,11,0.0,0.0,0.0,0.0,0.0
2023-09-24T19:00,25.8,86,23.3,29.9,0.00,1,0,0,1,0.0,0.0,0.0,0.0,0.0
2023-09-24T20:00,25.4,88,23.3,29.9,0.00,9,0,0,9,0.0,0.0,0.0,0.0,0.0
2023-09-24T21:00,25.0,91,23.4,29.7,0.00,0,0,0,0,0.0,0.0,0.0,0.0,0.0
2023-09-24T22:00,24.8,92,23.5,29.7,0.00,0,0,0,0,5.6,0.0,5.6,0.0,69.5
2023-09-24T23:00,26.8,85,24.2,32.0,0.00,1,0,0,0,178.6,106.1,72.4,374.8,385.0
2023-09-25T00:00,29.7,70,23.7,33.9,0.00,3,0,0,0,396.1,293.6,102.5,592.5,673.8
2023-09-25T01:00,31.4,61,23.0,34.9,0.00,8,7,3,0,598.1,483.6,114.6,717.7,916.2
2023-09-25T02:00,32.4,57,22.7,36.2,0.00,16,15,4,0,723.4,594.6,128.9,737.9,1095.7
2023-09-25T03:00,32.6,57,22.8,36.5,0.10,44,32,17,0,784.8,600.8,184.0,680.8,1200.0
2023-09-25T04:00,32.3,59,23.4,36.3,0.40,34,31,12,0,749.5,558.9,190.6,621.9,1222.0
2023-09-25T05:00,32.1,61,23.7,36.3,0.20,28,27,6,0,738.0,546.2,191.8,640.3,1160.2
2023-09-25T06:00,31.7,62,23.6,35.3,0.00,13,13,2,0,625.7,468.6,157.1,625.6,1018.7
2023-09-25T07:00,31.2,64,23.7,34.3,0.00,22,19,4,0,482.7,352.6,130.1,593.9,807.3
2023-09-25T08:00,30.4,67,23.6,33.4,0.00,19,15,9,0,293.4,201.7,91.7,507.8,540.3
2023-09-25T09:00,29.5,70,23.4,32.6,0.00,29,29,9,0,108.2,62.3,45.9,359.0,235.9
2023-09-25T10:00,28.7,74,23.6,32.3,0.00,10,10,3,0,0.0,0.0,0.0,0.0,0.0
2023-09-25T11:00,28.0,78,23.9,32.0,0.00,7,7,0,0,0.0,0.0,0.0,0.0,0.0
2023-09-25T12:00,27.7,80,24.0,32.0,0.00,5,4,1,0,0.0,0.0,0.0,0.0,0.0
2023-09-25T13:00,27.7,80,24.0,32.1,0.00,2,2,1,0,0.0,0.0,0.0,0.0,0.0
2023-09-25T14:00,27.3,81,23.9,31.9,0.00,1,1,0,0,0.0,0.0,0.0,0.0,0.0
2023-09-25T15:00,27.0,83,23.9,31.7,0.00,2,2,0,0,0.0,0.0,0.0,0.0,0.0
2023-09-25T16:00,26.6,85,23.8,31.5,0.00,3,3,3,0,0.0,0.0,0.0,0.0,0.0
2023-09-25T17:00,26.4,86,23.8,31.2,0.00,7,5,5,0,0.0,0.0,0.0,0.0,0.0
2023-09-25T18:00,26.4,86,23.8,31.1,0.00,21,8,15,0,0.0,0.0,0.0,0.0,0.0
2023-09-25T19:00,26.2,87,23.8,30.9,0.00,16,0,16,0,0.0,0.0,0.0,0.0,0.0
2023-09-25T20:00,26.0,87,23.7,30.8,0.00,17,9,12,0,0.0,0.0,0.0,0.0,0.0
2023-09-25T21:00,25.8,88,23.7,30.7,0.00,10,3,9,0,0.0,0.0,0.0,0.0,0.0
2023-09-25T22:00,25.6,89,23.7,30.4,0.00,10,6,9,0,5.7,0.0,5.7,0.0,67.5
2023-09-25T23:00,27.2,83,24.0,32.1,0.00,0,0,0,0,164.0,87.9,76.1,312.2,383.0
2023-09-26T00:00,29.6,72,24.1,33.8,0.00,15,14,0,0,391.3,287.5,103.8,582.2,671.8
2023-09-26T01:00,30.9,64,23.3,34.4,0.00,8,8,0,0,555.9,410.3,145.6,610.8,914.0
2023-09-26T02:00,31.8,59,22.7,35.6,0.00,8,8,1,0,723.5,588.1,135.4,732.0,1093.1
2023-09-26T03:00,32.4,55,22.2,36.6,0.00,6,6,1,0,820.1,688.1,132.0,782.1,1197.0
2023-09-26T04:00,32.4,56,22.6,37.0,0.00,11,11,2,0,849.7,701.2,148.5,783.0,1218.5
2023-09-26T05:00,32.3,57,22.8,36.6,0.00,2,2,1,0,757.1,588.7,168.5,692.8,1156.2
2023-09-26T06:00,32.1,58,22.7,35.9,0.00,16,16,1,0,696.0,573.4,122.7,769.3,1014.2
2023-09-26T07:00,31.1,62,22.9,34.0,0.00,16,16,1,0,497.1,383.8,113.3,651.0,802.3
2023-09-26T08:00,30.3,63,22.4,32.9,0.00,26,26,0,0,315.0,222.7,92.3,566.7,534.9
2023-09-26T09:00,29.5,66,22.5,32.4,0.00,21,21,0,0,107.7,63.4,44.3,375.0,230.1
2023-09-26T10:00,28.5,74,23.4,32.5,0.00,48,41,14,0,0.0,0.0,0.0,0.0,0.0
2023-09-26T11:00,27.5,80,23.7,31.8,0.10,69,65,16,0,0.0,0.0,0.0,0.0,0.0
2023-09-26T12:00,27.2,82,23.8,32.0,0.10,75,34,20,1,0.0,0.0,0.0,0.0,0.0
2023-09-26T13:00,27.1,84,24.1,31.6,0.10,63,50,31,10,0.0,0.0,0.0,0.0,0.0
2023-09-26T14:00,26.9,85,24.2,31.3,0.20,58,31,44,1,0.0,0.0,0.0,0.0,0.0
2023-09-26T15:00,26.8,86,24.2,31.2,0.10,50,25,41,0,0.0,0.0,0.0,0.0,0.0
2023-09-26T16:00,26.1,87,23.8,29.9,0.30,11,1,9,0,0.0,0.0,0.0,0.0,0.0
2023-09-26T17:00,25.5,91,23.8,30.1,0.20,46,36,21,0,0.0,0.0,0.0,0.0,0.0
2023-09-26T18:00,25.6,91,23.9,30.1,0.00,35,15,24,0,0.0,0.0,0.0,0.0,0.0
2023-09-26T19:00,25.5,91,23.9,29.8,0.00,6,2,4,0,0.0,0.0,0.0,0.0,0.0
2023-09-26T20:00,25.3,91,23.7,29.6,0.00,11,6,9,0,0.0,0.0,0.0,0.0,0.0
2023-09-26T21:00,25.1,91,23.5,29.5,0.00,26,7,21,0,0.0,0.0,0.0,0.0,0.0
2023-09-26T22:00,25.3,90,23.6,29.5,0.00,62,56,17,0,5.7,0.0,5.7,0.0,65.5
2023-09-26T23:00,26.3,86,23.8,30.3,0.00,22,11,14,0,118.8,40.7,78.0,145.5,381.1
2023-09-27T00:00,27.8,80,24.0,31.7,0.00,35,9,8,0,313.0,163.5,149.5,332.3,669.7
2023-09-27T01:00,29.4,73,24.2,33.3,0.00,5,3,2,0,546.8,393.2,153.6,587.2,911.6
2023-09-27T02:00,30.8,67,23.8,34.8,0.10,16,13,9,0,727.8,595.7,132.1,743.7,1090.5
2023-09-27T03:00,31.7,62,23.6,36.0,0.10,11,9,3,0,790.9,642.3,148.6,732.4,1193.9
2023-09-27T04:00,32.2,60,23.4,36.5,0.00,10,9,2,1,851.5,710.1,141.4,795.7,1214.9
2023-09-27T05:00,32.1,60,23.3,36.1,0.00,41,5,1,38,795.6,664.9,130.7,785.8,1152.1
2023-09-27T06:00,31.5,61,23.2,34.7,0.00,34,18,5,17,618.5,453.2,165.3,611.2,1009.6
2023-09-27T07:00,31.0,64,23.3,33.9,0.00,29,11,1,19,485.2,368.5,116.7,629.4,797.2
2023-09-27T08:00,30.2,67,23.3,33.2,0.00,66,18,0,58,301.6,213.5,88.1,549.0,529.4
2023-09-27T09:00,29.2,71,23.3,32.4,0.00,32,22,2,12,100.1,56.8,43.2,344.8,224.4
2023-09-27T10:00,28.2,75,23.5,31.9,0.00,38,37,18,0,0.0,0.0,0.0,0.0,0.0
2023-09-27T11:00,27.6,80,23.8,31.7,0.00,44,43,11,0,0.0,0.0,0.0,0.0,0.0
2023-09-27T12:00,27.5,80,23.7,31.7,0.00,25,5,1,0,0.0,0.0,0.0,0.0,0.0
2023-09-27T13:00,27.2,81,23.8,31.5,0.00,6,6,0,0,0.0,0.0,0.0,0.0,0.0
2023-09-27T14:00,26.8,84,23.8,31.3,0.00,20,18,10,2,0.0,0.0,0.0,0.0,0.0
2023-09-27T15:00,26.6,85,23.8,31.3,0.00,29,19,11,5,0.0,0.0,0.0,0.0,0.0
2023-09-27T16:00,26.4,85,23.7,31.4,0.00,15,12,4,1,0.0,0.0,0.0,0.0,0.0
2023-09-27T17:00,26.0,87,23.7,31.1,0.00,36,28,15,4,0.0,0.0,0.0,0.0,0.0
2023-09-27T18:00,26.0,87,23.7,30.7,0.00,75,52,37,16,0.0,0.0,0.0,0.0,0.0
2023-09-27T19:00,25.9,87,23.6,30.4,0.00,30,13,12,10,0.0,0.0,0.0,0.0,0.0
2023-09-27T20:00,25.4,90,23.6,30.0,0.00,80,63,39,15,0.0,0.0,0.0,0.0,0.0
2023-09-27T21:00,25.4,88,23.2,29.3,0.10,67,31,14,48,0.0,0.0,0.0,0.0,0.0
2023-09-27T22:00,24.8,89,22.9,29.1,0.00,53,35,5,26,2.9,0.0,2.9,0.0,63.4
2023-09-27T23:00,25.8,84,23.0,29.6,0.00,29,21,4,7,148.2,61.3,86.9,220.3,379.0
2023-09-28T00:00,28.6,76,24.1,32.6,0.00,73,67,7,3,338.6,202.9,135.7,414.0,667.5
2023-09-28T01:00,29.6,72,24.1,33.3,0.00,46,45,2,1,400.2,207.5,192.6,310.9,909.3
2023-09-28T02:00,31.1,66,24.0,34.9,0.00,12,10,4,0,673.7,479.8,193.9,600.8,1087.7
2023-09-28T03:00,31.6,64,23.9,35.7,0.00,18,18,0,0,765.9,594.4,171.5,680.0,1190.8
2023-09-28T04:00,32.2,61,23.8,36.4,0.00,28,20,10,0,778.1,626.7,151.4,704.8,1211.3
2023-09-28T05:00,31.9,63,23.9,35.7,0.00,18,5,14,1,692.8,508.9,183.8,603.9,1147.9
2023-09-28T06:00,32.0,61,23.6,35.4,0.00,21,9,3,11,653.5,514.2,139.2,697.1,1005.0
2023-09-28T07:00,31.7,61,23.2,34.2,0.00,18,7,1,11,490.9,367.3,123.6,631.6,792.2
2023-09-28T08:00,30.8,64,23.3,33.4,0.00,43,23,6,21,299.3,216.1,83.1,561.9,524.0
2023-09-28T09:00,29.4,71,23.7,32.4,0.00,18,4,11,6,102.5,60.3,42.2,375.7,218.7
2023-09-28T10:00,28.1,78,23.9,31.7,0.00,23,2,7,16,0.0,0.0,0.0,0.0,0.0
2023-09-28T11:00,27.4,82,24.0,31.5,0.00,9,7,5,1,0.0,0.0,0.0,0.0,0.0
2023-09-28T12:00,27.5,81,24.0,31.8,0.00,15,4,7,42,0.0,0.0,0.0,0.0,0.0
2023-09-28T13:00,27.6,81,24.1,31.8,0.00,18,1,4,14,0.0,0.0,0.0,0.0,0.0
2023-09-28T14:00,27.2,84,24.2,31.4,0.00,14,0,0,13,0.0,0.0,0.0,0.0,0.0
2023-09-28T15:00,26.8,85,24.1,31.4,0.00,17,5,1,12,0.0,0.0,0.0,0.0,0.0
2023-09-28T16:00,26.3,87,24.0,30.9,0.00,24,12,4,13,0.0,0.0,0.0,0.0,0.0
2023-09-28T17:00,26.0,89,24.1,31.0,0.00,13,5,9,0,0.0,0.0,0.0,0.0,0.0
2023-09-28T18:00,25.7,91,24.1,31.1,0.00,10,3,9,0,0.0,0.0,0.0,0.0,0.0
2023-09-28T19:00,25.5,92,24.1,30.8,0.00,10,3,3,4,0.0,0.0,0.0,0.0,0.0
2023-09-28T20:00,25.2,94,24.1,30.6,0.00,7,4,3,2,0.0,0.0,0.0,0.0,0.0
2023-09-28T21:00,24.8,96,24.1,30.3,0.00,15,14,0,0,0.0,0.0,0.0,0.0,0.0
2023-09-28T22:00,24.9,96,24.1,30.4,0.00,69,69,3,0,3.0,0.0,3.0,0.0,61.4
2023-09-28T23:00,27.0,84,24.1,31.6,0.00,48,46,5,0,116.2,37.6,78.6,136.0,377.0
2023-09-29T00:00,29.3,75,24.4,33.7,0.00,42,5,0,0,323.6,180.2,143.4,369.2,665.4
2023-09-29T01:00,31.0,66,24.0,34.9,0.00,14,12,3,0,553.9,418.6,135.3,629.1,906.8
2023-09-29T02:00,31.9,63,23.9,35.6,0.10,20,15,5,0,704.0,551.3,152.7,692.5,1085.0
2023-09-29T03:00,31.4,63,23.5,34.8,0.10,65,55,27,5,724.3,537.2,187.0,616.6,1187.6
2023-09-29T04:00,31.3,65,24.0,34.7,0.20,27,19,13,0,630.6,385.0,245.6,434.5,1207.6
2023-09-29T05:00,31.6,65,24.2,35.8,0.10,26,20,3,6,735.1,575.5,159.6,685.8,1143.8
2023-09-29T06:00,31.5,65,24.1,35.1,0.00,29,25,2,3,601.2,431.4,169.8,587.8,1000.3
2023-09-29T07:00,30.8,69,24.4,34.3,0.00,32,16,4,16,452.7,319.6,133.1,553.5,787.1
2023-09-29T08:00,29.5,75,24.6,33.2,0.10,49,37,9,10,283.5,188.0,95.6,494.1,518.6
2023-09-29T09:00,28.4,80,24.6,32.2,0.00,65,60,8,6,89.2,45.7,43.4,292.7,213.1
2023-09-29T10:00,27.3,85,24.5,31.4,0.00,85,81,12,10,0.0,0.0,0.0,0.0,0.0
2023-09-29T11:00,27.1,85,24.4,31.4,0.00,74,72,6,2,0.0,0.0,0.0,0.0,0.0
2023-09-29T12:00,27.2,85,24.5,31.4,0.00,75,46,11,7,0.0,0.0,0.0,0.0,0.0
2023-09-29T13:00,27.3,84,24.4,31.5,0.00,20,0,7,14,0.0,0.0,0.0,0.0,0.0
2023-09-29T14:00,26.7,86,24.2,30.8,0.00,24,17,4,4,0.0,0.0,0.0,0.0,0.0
2023-09-29T15:00,26.5,86,24.0,30.7,0.00,7,2,4,1,0.0,0.0,0.0,0.0,0.0
2023-09-29T16:00,26.2,86,23.8,30.5,0.00,4,2,2,0,0.0,0.0,0.0,0.0,0.0
2023-09-29T17:00,26.0,87,23.7,30.4,0.00,1,0,1,0,0.0,0.0,0.0,0.0,0.0
2023-09-29T18:00,25.7,89,23.7,30.1,0.00,3,0,3,0,0.0,0.0,0.0,0.0,0.0
2023-09-29T19:00,25.4,90,23.7,30.0,0.00,3,2,2,0,0.0,0.0,0.0,0.0,0.0
2023-09-29T20:00,25.3,92,23.8,30.0,0.00,4,2,4,0,0.0,0.0,0.0,0.0,0.0
2023-09-29T21:00,25.1,93,23.9,30.0,0.00,1,1,0,0,0.0,0.0,0.0,0.0,0.0
2023-09-29T22:00,25.0,94,24.1,30.1,0.00,1,1,0,0,3.0,0.0,3.0,0.0,59.3
2023-09-29T23:00,26.9,86,24.4,31.9,0.00,5,5,0,0,166.5,89.2,77.2,324.6,374.9
2023-09-30T00:00,29.3,75,24.4,33.5,0.00,9,9,1,0,376.0,262.9,113.0,540.7,663.1
2023-09-30T01:00,30.3,71,24.3,34.2,0.00,26,21,6,0,555.2,424.4,130.8,640.0,904.4
2023-09-30T02:00,30.8,68,24.3,34.9,0.10,22,20,11,0,631.5,392.1,239.4,494.1,1082.1
2023-09-30T03:00,31.7,64,24.1,36.1,0.10,12,10,6,0,687.8,458.2,229.6,527.6,1184.3
2023-09-30T04:00,32.4,60,23.6,37.2,0.00,11,10,2,0,810.9,640.5,170.4,725.6,1203.9
2023-09-30T05:00,32.3,59,23.4,36.8,0.00,8,7,1,0,759.0,605.3,153.7,724.4,1139.6
2023-09-30T06:00,32.0,60,23.2,36.1,0.00,13,9,0,4,661.1,522.0,139.1,715.0,995.7
2023-09-30T07:00,31.4,61,23.1,34.7,0.00,18,12,1,6,497.7,382.3,115.5,666.7,782.0
2023-09-30T08:00,30.7,64,23.0,33.6,0.00,34,10,1,27,309.6,235.6,74.1,626.1,513.2
2023-09-30T09:00,29.5,68,23.0,32.6,0.00,4,4,0,0,96.1,57.2,38.9,376.4,207.4
2023-09-30T10:00,28.4,75,23.4,32.0,0.00,8,8,0,0,0.0,0.0,0.0,0.0,0.0
2023-09-30T11:00,27.9,78,23.7,31.9,0.00,3,3,0,0,0.0,0.0,0.0,0.0,0.0
2023-09-30T12:00,27.7,79,23.7,31.8,0.00,1,1,0,0,0.0,0.0,0.0,0.0,0.0
2023-09-30T13:00,27.5,82,24.0,31.9,0.00,8,8,0,0,0.0,0.0,0.0,0.0,0.0
2023-09-30T14:00,27.3,84,24.3,31.7,0.00,10,10,7,0,0.0,0.0,0.0,0.0,0.0
2023-09-30T15:00,27.1,83,24.0,31.4,0.00,8,5,4,0,0.0,0.0,0.0,0.0,0.0
2023-09-30T16:00,26.7,85,23.9,31.0,0.00,35,34,2,0,0.0,0.0,0.0,0.0,0.0
2023-09-30T17:00,26.7,85,23.9,31.1,0.00,88,88,2,0,0.0,0.0,0.0,0.0,0.0
2023-09-30T18:00,26.7,84,23.8,31.0,0.00,52,52,0,0,0.0,0.0,0.0,0.0,0.0
2023-09-30T19:00,26.4,85,23.7,30.8,0.00,38,38,1,0,0.0,0.0,0.0,0.0,0.0
2023-09-30T20:00,26.2,86,23.6,30.6,0.00,10,10,0,0,0.0,0.0,0.0,0.0,0.0
2023-09-30T21:00,26.0,86,23.5,30.4,0.00,19,19,2,0,0.0,0.0,0.0,0.0,0.0
2023-09-30T22:00,25.9,87,23.5,30.4,0.00,9,9,3,0,3.1,0.0,3.1,0.0,57.1
2023-09-30T23:00,27.4,79,23.4,31.5,0.00,16,16,0,0,151.6,77.5,74.1,283.9,372.7
2023-10-01T00:00,29.5,66,22.5,32.6,0.00,23,9,0,40,349.6,230.1,119.5,475.0,660.8
2023-10-01T01:00,30.6,60,22.0,33.1,0.00,50,19,0,38,539.3,390.1,149.2,590.3,901.8
2023-10-01T02:00,31.7,55,21.5,34.4,0.00,84,33,0,77,712.7,571.9,140.8,723.1,1079.2
2023-10-01T03:00,31.8,57,22.1,35.3,0.00,75,39,27,57,768.8,583.9,184.9,674.6,1181.0
2023-10-01T04:00,30.6,63,22.7,33.7,0.00,58,29,12,33,596.3,341.7,254.6,388.6,1200.1
2023-10-01T05:00,29.9,67,23.2,33.3,0.20,44,30,30,0,629.3,449.5,179.8,540.2,1135.3
2023-10-01T06:00,29.3,70,23.2,32.0,0.20,50,45,14,0,526.4,274.3,252.1,377.7,991.0
2023-10-01T07:00,28.4,73,23.0,30.9,0.10,84,83,23,0,295.4,128.5,166.9,225.6,776.9
2023-10-01T08:00,28.1,75,23.2,31.0,0.40,50,28,33,0,160.3,76.2,84.1,204.9,507.8
2023-10-01T09:00,26.8,80,23.0,30.1,0.20,83,78,23,0,63.3,22.6,40.7,152.9,201.8
2023-10-01T10:00,25.8,84,22.9,29.8,0.10,74,57,38,0,0.0,0.0,0.0,0.0,0.0
2023-10-01T11:00,25.9,84,23.1,30.0,0.20,58,48,28,0,0.0,0.0,0.0,0.0,0.0
2023-10-01T12:00,25.9,83,22.7,29.4,0.20,52,25,10,0,0.0,0.0,0.0,0.0,0.0
2023-10-01T13:00,25.7,83,22.6,29.6,0.10,41,34,11,0,0.0,0.0,0.0,0.0,0.0
2023-10-01T14:00,25.5,84,22.6,29.6,0.10,95,95,4,0,0.0,0.0,0.0,0.0,0.0
2023-10-01T15:00,25.8,81,22.2,29.7,0.00,72,72,5,0,0.0,0.0,0.0,0.0,0.0
2023-10-01T16:00,25.6,78,21.5,29.3,0.00,16,16,4,0,0.0,0.0,0.0,0.0,0.0
2023-10-01T17:00,25.1,79,21.2,28.9,0.00,27,23,5,3,0.0,0.0,0.0,0.0,0.0
2023-10-01T18:00,25.2,79,21.3,28.9,0.00,45,43,4,0,0.0,0.0,0.0,0.0,0.0
2023-10-01T19:00,25.3,77,21.0,28.9,0.00,47,46,1,0,0.0,0.0,0.0,0.0,0.0
2023-10-01T20:00,25.0,78,20.9,28.8,0.00,100,100,0,0,0.0,0.0,0.0,0.0,0.0
2023-10-01T21:00,25.3,77,21.0,29.2,0.00,100,100,0,0,0.0,0.0,0.0,0.0,0.0
2023-10-01T22:00,25.4,77,21.1,29.3,0.00,100,100,0,0,3.1,0.0,3.1,0.0,55.0
2023-10-01T23:00,26.0,75,21.2,29.5,0.00,100,100,0,0,51.9,1.7,50.2,6.4,370.5
2023-10-02T00:00,27.3,72,21.7,30.9,0.00,100,96,9,0,128.5,17.8,110.7,36.9,658.5
2023-10-02T01:00,28.3,66,21.3,31.1,0.00,77,77,5,0,250.2,20.7,229.5,31.4,899.2
2023-10-02T02:00,29.1,60,20.7,31.2,0.00,98,98,6,0,355.3,68.2,287.1,86.6,1076.3
2023-10-02T03:00,29.4,59,20.6,31.1,0.00,89,89,14,0,497.6,194.3,303.3,225.2,1177.6
2023-10-02T04:00,29.1,60,20.6,30.6,0.00,100,100,16,0,418.8,67.1,351.7,76.6,1196.3
2023-10-02T05:00,28.6,61,20.3,30.0,0.00,100,100,20,0,374.0,71.5,302.5,86.3,1131.1
2023-10-02T06:00,27.7,62,19.9,29.2,0.00,100,100,12,0,186.2,3.7,182.5,5.1,986.3
2023-10-02T07:00,28.2,58,19.2,29.3,0.00,96,96,0,0,200.8,11.3,189.4,20.1,771.9
2023-10-02T08:00,27.9,57,18.7,28.8,0.00,73,73,0,0,167.8,33.7,134.0,91.6,502.4
2023-10-02T09:00,27.2,58,18.2,28.2,0.00,8,8,0,0,75.4,29.6,45.8,205.9,196.3
2023-10-02T10:00,25.9,63,18.3,28.0,0.00,4,4,0,0,0.0,0.0,0.0,0.0,0.0
2023-10-02T11:00,24.4,71,18.8,26.8,0.00,45,45,0,0,0.0,0.0,0.0,0.0,0.0
2023-10-02T12:00,24.1,75,19.4,27.2,0.00,37,23,0,83,0.0,0.0,0.0,0.0,0.0
2023-10-02T13:00,24.2,77,20.0,27.1,0.00,94,10,0,93,0.0,0.0,0.0,0.0,0.0
2023-10-02T14:00,23.5,78,19.5,26.2,0.00,80,8,0,78,0.0,0.0,0.0,0.0,0.0
2023-10-02T15:00,23.9,77,19.5,26.9,0.00,95,73,0,83,0.0,0.0,0.0,0.0,0.0
2023-10-02T16:00,23.8,78,19.7,26.9,0.00,80,32,0,71,0.0,0.0,0.0,0.0,0.0
2023-10-02T17:00,23.7,78,19.7,26.7,0.00,95,69,0,84,0.0,0.0,0.0,0.0,0.0
2023-10-02T18:00,23.7,76,19.2,26.3,0.00,87,12,0,86,0.0,0.0,0.0,0.0,0.0
2023-10-02T19:00,23.4,75,18.8,25.7,0.00,63,54,0,20,0.0,0.0,0.0,0.0,0.0
2023-10-02T20:00,23.2,77,18.9,25.7,0.00,65,65,0,1,0.0,0.0,0.0,0.0,0.0
2023-10-02T21:00,25.1,67,18.6,27.7,0.00,56,1,0,56,0.0,0.0,0.0,0.0,0.0
2023-10-02T22:00,23.2,78,19.1,25.8,0.00,95,49,0,89,3.2,0.0,3.2,0.0,52.7
2023-10-02T23:00,25.5,70,19.6,28.4,0.00,100,100,0,97,114.7,48.7,66.0,180.5,368.3
2023-10-03T00:00,26.0,65,18.8,27.8,0.00,100,100,10,97,188.4,15.3,173.2,31.8,656.1
2023-10-03T01:00,27.0,60,18.6,29.3,0.00,100,100,67,86,194.0,25.3,168.8,38.5,896.6
2023-10-03T02:00,27.7,65,20.6,31.1,0.00,100,100,14,86,214.5,19.5,195.0,24.8,1073.3
2023-10-03T03:00,29.4,62,21.2,31.8,0.00,100,100,35,88,469.5,251.4,218.1,292.5,1174.2
2023-10-03T04:00,28.7,64,21.3,31.4,0.00,69,54,26,31,140.3,0.0,140.3,0.0,1192.5
2023-10-03T05:00,30.3,60,21.6,32.1,0.00,100,100,0,1,509.1,270.5,238.6,327.9,1126.8
2023-10-03T06:00,29.0,68,22.6,31.6,0.10,99,98,81,0,300.9,64.8,236.1,90.2,981.6
2023-10-03T07:00,28.0,75,23.1,31.7,0.30,90,89,57,0,156.1,10.5,145.6,18.6,766.8
2023-10-03T08:00,27.7,77,23.4,32.4,0.20,100,100,100,0,126.7,21.1,105.6,58.0,497.1
2023-10-03T09:00,27.2,82,23.8,32.3,0.20,100,97,100,0,29.2,1.1,28.1,7.9,190.8
2023-10-03T10:00,26.8,84,23.8,31.4,0.70,100,100,100,0,0.0,0.0,0.0,0.0,0.0
2023-10-03T11:00,26.0,91,24.4,31.0,1.30,100,100,95,9,0.0,0.0,0.0,0.0,0.0
2023-10-03T12:00,26.2,88,24.1,31.7,1.80,100,100,100,0,0.0,0.0,0.0,0.0,0.0
2023-10-03T13:00,26.1,91,24.6,31.9,1.00,100,97,100,54,0.0,0.0,0.0,0.0,0.0
2023-10-03T14:00,25.8,93,24.7,31.8,1.40,100,100,99,63,0.0,0.0,0.0,0.0,0.0
2023-10-03T15:00,25.9,93,24.8,32.1,3.00,100,100,100,66,0.0,0.0,0.0,0.0,0.0
2023-10-03T16:00,25.8,93,24.5,30.9,4.50,100,100,100,87,0.0,0.0,0.0,0.0,0.0
2023-10-03T17:00,25.8,93,24.7,30.5,2.50,100,100,56,66,0.0,0.0,0.0,0.0,0.0
2023-10-03T18:00,25.8,93,24.6,30.4,0.50,100,100,32,2,0.0,0.0,0.0,0.0,0.0
2023-10-03T19:00,25.6,93,24.4,30.2,0.60,100,100,29,96,0.0,0.0,0.0,0.0,0.0
2023-10-03T20:00,25.5,93,24.3,29.9,0.50,100,100,50,93,0.0,0.0,0.0,0.0,0.0
2023-10-03T21:00,25.5,93,24.3,29.6,0.50,100,100,97,99,0.0,0.0,0.0,0.0,0.0
2023-10-03T22:00,25.5,93,24.4,29.4,1.40,100,100,100,96,0.0,0.0,0.0,0.0,50.5
2023-10-03T23:00,25.6,93,24.5,29.6,1.20,100,100,100,87,26.2,0.0,26.2,0.0,366.0
2023-10-04T00:00,26.7,87,24.4,30.5,1.10,100,100,74,89,34.4,0.0,34.4,0.0,653.6
2023-10-04T01:00,27.0,85,24.3,30.3,0.30,100,100,100,87,166.5,24.1,142.4,36.9,893.8
2023-10-04T02:00,26.7,87,24.4,30.0,0.60,100,100,100,100,79.1,0.0,79.1,0.0,1070.2
2023-10-04T03:00,26.4,91,24.7,30.0,1.00,100,100,100,99,184.9,14.5,170.4,17.0,1170.8
2023-10-04T04:00,25.9,92,24.5,29.4,1.80,100,100,99,100,136.2,0.0,136.2,0.0,1188.6
2023-10-04T05:00,25.7,93,24.4,29.5,2.10,100,100,97,100,94.6,0.0,94.6,0.0,1122.5
2023-10-04T06:00,25.8,92,24.4,29.5,1.00,100,100,73,100,112.9,0.0,112.9,0.0,977.0
2023-10-04T07:00,25.9,91,24.4,29.7,2.10,100,100,100,100,94.1,0.0,94.1,0.0,761.8
2023-10-04T08:00,25.8,92,24.3,28.6,2.20,100,100,64,100,51.5,0.0,51.5,0.0,491.9
2023-10-04T09:00,25.6,92,24.2,28.9,1.60,100,100,31,100,25.6,0.5,25.0,4.0,185.4
2023-10-04T10:00,25.3,93,24.1,29.0,0.80,100,100,93,100,0.0,0.0,0.0,0.0,0.0
2023-10-04T11:00,25.7,94,24.7,30.6,0.70,100,100,34,100,0.0,0.0,0.0,0.0,0.0
2023-10-04T12:00,26.0,93,24.7,31.6,0.30,100,100,19,100,0.0,0.0,0.0,0.0,0.0
2023-10-04T13:00,25.9,95,25.0,31.6,0.60,100,93,50,94,0.0,0.0,0.0,0.0,0.0
2023-10-04T14:00,26.0,94,25.0,31.3,0.30,100,99,71,98,0.0,0.0,0.0,0.0,0.0
2023-10-04T15:00,25.9,95,25.0,31.1,0.30,99,68,19,98,0.0,0.0,0.0,0.0,0.0
2023-10-04T16:00,26.0,94,24.9,31.0,0.10,100,63,42,100,0.0,0.0,0.0,0.0,0.0
2023-10-04T17:00,25.8,94,24.8,30.5,0.40,100,76,58,100,0.0,0.0,0.0,0.0,0.0
2023-10-04T18:00,25.5,94,24.5,29.9,0.20,100,70,35,100,0.0,0.0,0.0,0.0,0.0
2023-10-04T19:00,25.6,94,24.5,29.7,0.20,100,99,2,100,0.0,0.0,0.0,0.0,0.0
2023-10-04T20:00,25.6,93,24.3,29.2,0.10,100,98,60,100,0.0,0.0,0.0,0.0,0.0
2023-10-04T21:00,25.4,94,24.4,28.6,0.50,100,73,70,100,0.0,0.0,0.0,0.0,0.0
2023-10-04T22:00,25.8,91,24.3,28.7,0.20,100,80,42,100,3.4,0.0,3.4,0.0,48.2
2023-10-04T23:00,26.1,93,24.9,29.2,0.50,100,93,24,100,87.7,7.0,80.7,26.4,363.6
2023-10-05T00:00,26.2,91,24.7,29.5,0.30,100,97,90,100,209.2,35.7,173.5,75.0,651.1
2023-10-05T01:00,27.1,89,25.0,30.4,0.70,100,31,88,100,187.2,16.1,171.2,24.7,891.1
2023-10-05T02:00,28.4,84,25.4,31.8,0.30,100,95,50,100,416.0,105.1,311.0,134.7,1067.1
2023-10-05T03:00,28.2,80,24.4,30.2,0.30,100,100,17,100,315.8,64.4,251.4,75.4,1167.3
2023-10-05T04:00,28.0,80,24.3,30.0,0.50,100,100,10,100,247.4,20.0,227.3,23.1,1184.7
2023-10-05T05:00,29.5,75,24.5,31.4,0.20,100,28,58,100,630.4,324.4,306.0,396.7,1118.2
2023-10-05T06:00,29.3,75,24.5,30.8,0.30,100,75,32,99,483.6,206.2,277.4,290.1,972.3
2023-10-05T07:00,28.3,78,24.1,29.7,0.50,100,95,28,100,416.0,241.1,174.9,435.6,756.9
2023-10-05T08:00,27.5,81,24.0,29.0,0.70,100,96,34,100,182.8,64.6,118.3,181.5,486.6
2023-10-05T09:00,26.6,85,23.8,28.1,0.60,100,99,15,100,54.7,12.9,41.9,97.9,180.0
2023-10-05T10:00,25.9,88,23.7,27.2,0.60,100,99,100,100,0.0,0.0,0.0,0.0,0.0
2023-10-05T11:00,25.7,89,23.7,27.5,0.60,100,98,84,95,0.0,0.0,0.0,0.0,0.0
2023-10-05T12:00,25.4,90,23.5,27.3,0.70,100,45,17,100,0.0,0.0,0.0,0.0,0.0
2023-10-05T13:00,25.3,90,23.5,27.2,0.00,100,86,8,100,0.0,0.0,0.0,0.0,0.0
2023-10-05T14:00,25.2,90,23.5,27.1,0.10,100,86,12,100,0.0,0.0,0.0,0.0,0.0
2023-10-05T15:00,25.3,89,23.4,27.3,0.10,100,82,22,100,0.0,0.0,0.0,0.0,0.0
2023-10-05T16:00,25.2,89,23.3,27.0,0.10,98,87,14,83,0.0,0.0,0.0,0.0,0.0
2023-10-05T17:00,25.1,90,23.3,26.7,0.10,74,54,24,28,0.0,0.0,0.0,0.0,0.0
2023-10-05T18:00,25.4,88,23.2,26.8,0.10,78,72,18,5,0.0,0.0,0.0,0.0,0.0
2023-10-05T19:00,25.5,86,23.1,26.5,0.00,90,83,38,10,0.0,0.0,0.0,0.0,0.0
2023-10-05T20:00,25.5,84,22.6,25.6,0.00,98,91,49,67,0.0,0.0,0.0,0.0,0.0
2023-10-05T21:00,25.9,82,22.5,25.6,0.00,100,74,98,85,0.0,0.0,0.0,0.0,0.0
2023-10-05T22:00,26.3,80,22.5,26.4,0.00,100,35,100,77,0.0,0.0,0.0,0.0,45.9
2023-10-05T23:00,26.3,81,22.7,27.5,0.00,99,93,89,26,47.6,3.5,44.1,13.4,361.2
2023-10-06T00:00,27.3,82,24.0,31.4,0.00,100,1,89,98,95.7,8.9,86.8,18.9,648.5
2023-10-06T01:00,28.5,77,24.2,31.3,0.00,100,14,100,97,382.6,249.3,133.3,384.1,888.2
2023-10-06T02:00,28.3,80,24.4,31.5,0.00,98,22,26,96,367.3,125.7,241.6,161.7,1064.0
2023-10-06T03:00,29.0,77,24.5,32.4,0.30,95,37,18,90,710.4,532.8,177.6,626.5,1163.8
2023-10-06T04:00,28.2,81,24.6,31.4,0.30,94,30,9,91,623.8,327.4,296.4,379.5,1180.8
2023-10-06T05:00,28.7,77,24.3,31.8,0.20,84,54,10,62,643.7,343.6,300.2,422.1,1113.9
2023-10-06T06:00,29.0,75,24.2,31.9,0.00,100,36,8,100,594.3,363.2,231.1,513.7,967.6
2023-10-06T07:00,28.1,78,23.9,30.3,0.00,100,35,14,100,337.3,177.3,160.0,322.8,751.9
2023-10-06T08:00,27.1,82,23.8,29.5,0.00,100,26,15,100,111.0,5.4,105.5,15.4,481.4
2023-10-06T09:00,26.7,83,23.7,29.5,0.00,98,49,16,96,33.3,2.1,31.2,16.6,174.7
2023-10-06T10:00,26.4,84,23.5,29.8,0.00,45,29,8,16,0.0,0.0,0.0,0.0,0.0
2023-10-06T11:00,26.0,86,23.4,29.8,0.00,47,9,34,13,0.0,0.0,0.0,0.0,0.0
2023-10-06T12:00,25.7,91,24.2,30.6,0.00,69,48,29,100,0.0,0.0,0.0,0.0,0.0
2023-10-06T13:00,25.8,91,24.2,30.8,0.00,92,39,15,85,0.0,0.0,0.0,0.0,0.0
2023-10-06T14:00,25.5,91,24.0,30.3,0.00,85,26,33,70,0.0,0.0,0.0,0.0,0.0
2023-10-06T15:00,25.4,91,23.9,30.4,0.00,85,46,52,45,0.0,0.0,0.0,0.0,0.0
2023-10-06T16:00,25.3,92,23.8,30.4,0.10,99,79,32,96,0.0,0.0,0.0,0.0,0.0
2023-10-06T17:00,25.1,92,23.7,30.1,0.10,99,82,37,90,0.0,0.0,0.0,0.0,0.0
2023-10-06T18:00,24.8,93,23.6,29.9,0.00,89,4,31,84,0.0,0.0,0.0,0.0,0.0
2023-10-06T19:00,24.3,95,23.4,29.4,0.00,96,5,32,93,0.0,0.0,0.0,0.0,0.0
2023-10-06T20:00,24.2,95,23.4,29.1,0.00,100,5,97,100,0.0,0.0,0.0,0.0,0.0
2023-10-06T21:00,24.3,94,23.4,29.3,0.00,89,5,9,88,0.0,0.0,0.0,0.0,0.0
2023-10-06T22:00,24.1,95,23.2,29.1,0.00,100,6,100,83,3.7,0.0,3.7,0.0,43.5
2023-10-06T23:00,25.4,89,23.5,30.6,0.00,94,3,16,93,77.9,5.3,72.6,20.3,358.8
2023-10-07T00:00,26.7,82,23.4,32.1,0.00,87,6,100,70,314.3,172.5,141.8,365.7,645.9
2023-10-07T01:00,26.5,83,23.5,31.9,0.20,100,7,100,77,117.2,0.0,117.2,0.0,885.3
2023-10-07T02:00,26.7,81,23.3,32.0,0.10,67,2,52,42,181.0,28.2,152.8,36.4,1060.7
2023-10-07T03:00,28.8,71,22.9,34.3,0.00,88,7,11,87,621.1,372.8,248.2,440.0,1160.2
2023-10-07T04:00,30.4,62,22.4,36.5,0.00,83,6,16,80,772.9,568.7,204.2,661.7,1176.8
2023-10-07T05:00,30.7,62,22.5,35.4,0.00,54,5,31,36,597.2,329.0,268.2,406.0,1109.5
2023-10-07T06:00,30.7,65,23.3,35.3,0.00,98,11,93,62,511.7,290.1,221.7,412.5,962.9
2023-10-07T07:00,29.3,73,23.9,33.9,0.00,100,24,99,91,271.0,68.6,202.3,125.8,746.8
2023-10-07T08:00,28.2,80,24.5,33.1,0.20,100,11,100,100,94.4,12.4,82.0,35.6,476.2
2023-10-07T09:00,27.4,85,24.8,33.1,0.80,100,10,100,100,28.1,4.2,24.0,33.7,169.3
2023-10-07T10:00,26.6,90,24.8,32.5,0.40,94,18,72,82,0.0,0.0,0.0,0.0,0.0
2023-10-07T11:00,25.9,93,24.8,32.1,0.20,100,24,81,100,0.0,0.0,0.0,0.0,0.0
2023-10-07T12:00,25.7,91,24.2,31.3,0.10,100,100,73,100,0.0,0.0,0.0,0.0,0.0
2023-10-07T13:00,25.2,94,24.3,30.8,0.20,100,100,100,100,0.0,0.0,0.0,0.0,0.0
2023-10-07T14:00,25.3,94,24.2,31.0,0.80,100,73,100,100,0.0,0.0,0.0,0.0,0.0
2023-10-07T15:00,25.2,94,24.2,31.2,1.10,100,5,100,100,0.0,0.0,0.0,0.0,0.0
2023-10-07T16:00,25.0,94,24.0,31.0,0.40,100,47,100,100,0.0,0.0,0.0,0.0,0.0
2023-10-07T17:00,24.9,95,24.0,31.0,0.40,100,99,100,100,0.0,0.0,0.0,0.0,0.0
2023-10-07T18:00,24.8,95,24.0,30.9,0.70,100,100,59,99,0.0,0.0,0.0,0.0,0.0
2023-10-07T19:00,24.9,95,24.1,31.0,0.80,100,100,100,97,0.0,0.0,0.0,0.0,0.0
2023-10-07T20:00,24.9,95,24.1,30.8,0.10,100,100,59,99,0.0,0.0,0.0,0.0,0.0
2023-10-07T21:00,24.9,94,24.0,30.9,0.00,100,99,53,99,0.0,0.0,0.0,0.0,0.0
2023-10-07T22:00,24.8,95,24.0,30.8,0.10,100,100,87,98,0.0,0.0,0.0,0.0,41.2
2023-10-07T23:00,25.1,92,23.7,30.7,0.10,100,100,94,95,35.6,0.0,35.6,0.0,356.3
2023-10-08T00:00,25.7,89,23.8,30.7,0.20,100,83,35,91,55.0,0.0,55.0,0.0,643.2
2023-10-08T01:00,26.2,87,23.8,31.3,0.10,96,37,14,93,185.1,9.2,175.9,14.3,882.4
2023-10-08T02:00,26.9,84,23.9,31.6,0.10,96,50,17,91,369.5,103.0,266.6,133.4,1057.5
2023-10-08T03:00,27.1,81,23.5,31.2,0.10,96,25,14,93,351.0,113.2,237.8,134.1,1156.5
2023-10-08T04:00,27.8,77,23.5,31.8,0.10,96,35,26,93,530.5,276.3,254.3,322.8,1172.7
2023-10-08T05:00,28.1,75,23.2,31.8,0.00,100,77,28,99,464.9,185.2,279.7,229.6,1105.0
2023-10-08T06:00,27.6,77,23.1,31.2,0.00,100,73,35,100,355.4,112.6,242.8,161.1,958.1
2023-10-08T07:00,26.7,80,22.9,30.4,0.00,100,83,38,100,180.4,3.5,177.0,6.4,741.8
2023-10-08T08:00,26.3,81,22.7,30.0,0.00,100,75,44,100,105.8,9.3,96.5,27.0,470.9
2023-10-08T09:00,25.8,83,22.7,30.0,0.00,100,87,48,99,29.3,2.1,27.2,17.2,164.0
2023-10-08T10:00,25.2,87,22.9,29.8,0.10,100,83,42,100,0.0,0.0,0.0,0.0,0.0
2023-10-08T11:00,24.9,89,23.0,29.4,0.10,100,88,58,99,0.0,0.0,0.0,0.0,0.0
2023-10-08T12:00,24.7,90,22.9,29.3,5.10,100,100,100,100,0.0,0.0,0.0,0.0,0.0
2023-10-08T13:00,24.5,92,23.2,28.7,6.60,100,82,100,100,0.0,0.0,0.0,0.0,0.0
2023-10-08T14:00,24.1,94,23.0,28.5,6.60,100,89,43,99,0.0,0.0,0.0,0.0,0.0
2023-10-08T15:00,24.1,94,23.0,28.7,4.20,100,71,88,100,0.0,0.0,0.0,0.0,0.0
2023-10-08T16:00,24.0,94,23.0,28.8,2.80,100,76,100,100,0.0,0.0,0.0,0.0,0.0
2023-10-08T17:00,24.0,93,22.8,28.4,4.70,100,80,100,100,0.0,0.0,0.0,0.0,0.0
2023-10-08T18:00,24.0,94,23.0,28.2,1.80,100,79,99,100,0.0,0.0,0.0,0.0,0.0
2023-10-08T19:00,24.0,95,23.1,28.5,3.80,100,97,99,100,0.0,0.0,0.0,0.0,0.0
2023-10-08T20:00,24.0,94,23.0,28.2,1.10,100,100,100,100,0.0,0.0,0.0,0.0,0.0
2023-10-08T21:00,24.0,92,22.7,28.0,0.30,100,98,100,100,0.0,0.0,0.0,0.0,0.0
2023-10-08T22:00,24.0,93,22.8,28.4,0.10,100,100,100,100,0.0,0.0,0.0,0.0,38.8
2023-10-08T23:00,24.3,91,22.8,28.1,0.20,100,100,58,100,35.8,0.0,35.8,0.0,353.8
2023-10-09T00:00,24.7,92,23.3,28.4,0.50,100,100,71,91,84.5,0.0,84.5,0.0,640.5
2023-10-09T01:00,25.1,89,23.3,28.3,0.60,98,90,57,65,89.7,0.0,89.7,0.0,879.4
2023-10-09T02:00,25.6,89,23.6,28.9,1.30,95,87,54,36,159.3,5.4,153.9,7.0,1054.1
2023-10-09T03:00,25.8,88,23.6,29.0,0.10,99,98,37,2,242.0,56.1,185.9,66.7,1152.7
2023-10-09T04:00,26.2,85,23.4,28.8,0.20,100,100,28,0,344.3,125.1,219.2,146.8,1168.6
2023-10-09T05:00,26.2,83,23.1,28.4,0.20,99,99,41,16,415.6,173.6,242.0,216.2,1100.5
2023-10-09T06:00,25.9,83,22.9,28.5,0.30,100,100,89,10,285.1,86.7,198.4,124.7,953.2
2023-10-09T07:00,25.6,85,22.8,28.5,0.10,99,97,42,57,151.7,33.8,117.9,62.9,736.7
2023-10-09T08:00,25.1,86,22.7,27.9,0.10,99,95,28,56,89.3,11.5,77.8,34.0,465.6
2023-10-09T09:00,24.8,87,22.5,27.6,0.10,100,98,95,10,24.2,2.5,21.7,21.8,158.6
2023-10-09T10:00,24.4,88,22.2,27.0,0.10,99,78,91,62,0.0,0.0,0.0,0.0,0.0
2023-10-09T11:00,24.3,88,22.1,27.2,0.10,98,89,26,80,0.0,0.0,0.0,0.0,0.0
2023-10-09T12:00,23.9,92,22.5,27.3,0.10,100,100,84,29,0.0,0.0,0.0,0.0,0.0
2023-10-09T13:00,24.0,89,22.1,26.8,0.20,92,91,19,7,0.0,0.0,0.0,0.0,0.0
2023-10-09T14:00,23.8,89,21.9,27.7,0.20,100,100,61,32,0.0,0.0,0.0,0.0,0.0
2023-10-09T15:00,23.6,92,22.3,27.9,0.10,100,79,64,100,0.0,0.0,0.0,0.0,0.0
2023-10-09T16:00,23.6,95,22.7,28.4,0.10,100,98,100,100,0.0,0.0,0.0,0.0,0.0
2023-10-09T17:00,23.5,94,22.5,28.2,0.20,100,100,66,100,0.0,0.0,0.0,0.0,0.0
2023-10-09T18:00,23.6,92,22.3,28.5,0.70,100,100,55,100,0.0,0.0,0.0,0.0,0.0
2023-10-09T19:00,23.5,93,22.3,28.5,0.40,100,100,99,100,0.0,0.0,0.0,0.0,0.0
2023-10-09T20:00,23.2,94,22.2,28.0,0.30,100,100,100,98,0.0,0.0,0.0,0.0,0.0
2023-10-09T21:00,23.2,95,22.3,27.7,0.10,100,100,100,100,0.0,0.0,0.0,0.0,0.0
2023-10-09T22:00,23.1,98,22.7,27.8,0.40,100,100,100,99,0.0,0.0,0.0,0.0,36.4
2023-10-09T23:00,23.6,96,22.9,28.6,0.20,100,100,100,100,54.0,0.0,54.0,0.0,351.2
2023-10-10T00:00,24.7,88,22.5,28.3,0.30,100,95,4,100,71.8,0.0,71.8,0.0,637.7
2023-10-10T01:00,25.0,86,22.5,28.3,0.30,100,81,27,100,273.8,59.8,214.0,93.6,876.3
2023-10-10T02:00,25.6,82,22.3,28.9,0.10,100,100,61,100,353.4,65.0,288.3,84.9,1050.7
2023-10-10T03:00,25.7,81,22.2,28.6,0.10,100,56,36,100,270.0,35.3,234.7,42.1,1148.9
2023-10-10T04:00,25.9,81,22.3,28.6,0.10,100,100,90,100,375.3,43.0,332.2,50.7,1164.4
2023-10-10T05:00,25.5,83,22.4,28.3,0.10,98,47,61,90,177.4,19.3,158.1,24.1,1096.0
2023-10-10T06:00,26.1,79,22.3,28.4,0.10,89,77,49,30,353.2,114.4,238.9,165.4,948.3
2023-10-10T07:00,25.5,81,22.1,27.8,0.00,100,82,100,0,214.7,57.1,157.6,107.1,731.6
2023-10-10T08:00,24.7,85,22.1,27.4,0.10,100,59,100,0,69.9,0.8,69.1,2.3,460.4
2023-10-10T09:00,24.2,88,22.0,26.7,0.10,94,70,82,0,18.9,0.0,18.9,0.0,153.3
2023-10-10T10:00,23.9,88,21.8,26.8,0.10,73,70,43,0,0.0,0.0,0.0,0.0,0.0
2023-10-10T11:00,23.9,88,21.8,26.5,0.20,100,84,98,0,0.0,0.0,0.0,0.0,0.0
2023-10-10T12:00,24.0,86,21.6,26.2,0.30,78,84,61,3,0.0,0.0,0.0,0.0,0.0
2023-10-10T13:00,24.1,85,21.3,26.3,0.10,75,61,41,0,0.0,0.0,0.0,0.0,0.0
2023-10-10T14:00,24.0,84,21.0,26.3,0.10,97,73,89,1,0.0,0.0,0.0,0.0,0.0
2023-10-10T15:00,23.8,83,20.7,26.2,0.10,85,34,65,49,0.0,0.0,0.0,0.0,0.0
2023-10-10T16:00,23.7,82,20.4,26.5,0.10,100,95,99,91,0.0,0.0,0.0,0.0,0.0
2023-10-10T17:00,23.5,83,20.4,26.4,0.90,98,70,92,64,0.0,0.0,0.0,0.0,0.0
2023-10-10T18:00,22.7,89,20.8,25.9,3.20,100,36,100,12,0.0,0.0,0.0,0.0,0.0
2023-10-10T19:00,22.5,89,20.7,25.8,10.60,89,70,72,37,0.0,0.0,0.0,0.0,0.0
2023-10-10T20:00,22.4,90,20.6,25.6,2.20,77,64,37,0,0.0,0.0,0.0,0.0,0.0
2023-10-10T21:00,22.4,87,20.1,25.1,0.10,38,33,9,1,0.0,0.0,0.0,0.0,0.0
2023-10-10T22:00,22.3,88,20.2,25.3,0.00,93,93,36,0,0.0,0.0,0.0,0.0,33.9
2023-10-10T23:00,23.3,84,20.4,25.6,0.00,100,100,36,0,76.0,9.0,66.9,35.6,348.6
2023-10-11T00:00,23.2,80,19.6,25.3,0.00,100,100,18,0,133.4,3.8,129.6,8.3,634.9
2023-10-11T01:00,24.6,74,19.7,26.3,0.00,100,100,10,0,184.1,5.8,178.4,9.0,873.2
2023-10-11T02:00,24.8,72,19.3,25.9,0.00,100,100,3,0,202.7,0.0,202.7,0.0,1047.2
2023-10-11T03:00,25.3,69,19.1,25.9,0.00,100,100,54,0,282.4,4.2,278.3,5.0,1145.1
2023-10-11T04:00,25.4,65,18.4,25.8,0.00,100,100,32,0,251.1,5.0,246.1,5.9,1160.2
2023-10-11T05:00,25.8,62,18.1,26.2,0.00,100,100,35,0,345.9,26.0,319.9,32.7,1091.4
2023-10-11T06:00,26.0,64,18.5,26.4,0.00,99,99,40,0,321.7,68.2,253.5,99.2,943.4
2023-10-11T07:00,25.0,65,18.0,25.5,0.00,99,99,7,4,217.9,20.8,197.2,39.2,726.4
2023-10-11T08:00,24.9,68,18.6,26.1,0.00,99,99,27,4,173.8,58.2,115.6,175.5,455.1
2023-10-11T09:00,24.3,72,18.9,26.2,0.00,98,98,38,7,35.1,3.9,31.2,36.2,147.9
2023-10-11T10:00,23.8,76,19.3,25.9,0.00,93,93,62,0,0.0,0.0,0.0,0.0,0.0
2023-10-11T11:00,23.6,79,19.8,25.3,0.00,100,90,100,0,0.0,0.0,0.0,0.0,0.0
2023-10-11T12:00,23.5,81,20.1,25.6,0.00,100,64,93,0,0.0,0.0,0.0,0.0,0.0
2023-10-11T13:00,23.1,84,20.2,25.4,0.10,100,80,99,0,0.0,0.0,0.0,0.0,0.0
2023-10-11T14:00,23.1,84,20.2,25.5,0.10,86,62,62,0,0.0,0.0,0.0,0.0,0.0
2023-10-11T15:00,23.0,84,20.2,25.4,0.00,70,59,47,0,0.0,0.0,0.0,0.0,0.0
2023-10-11T16:00,22.8,85,20.1,25.4,0.00,99,34,99,0,0.0,0.0,0.0,0.0,0.0
2023-10-11T17:00,23.1,82,19.9,25.7,0.00,100,81,100,0,0.0,0.0,0.0,0.0,0.0
2023-10-11T18:00,23.1,81,19.7,25.7,0.00,96,94,30,0,0.0,0.0,0.0,0.0,0.0
2023-10-11T19:00,23.1,79,19.2,25.6,0.00,38,26,20,0,0.0,0.0,0.0,0.0,0.0
2023-10-11T20:00,22.1,81,18.7,24.5,0.00,28,13,21,0,0.0,0.0,0.0,0.0,0.0
2023-10-11T21:00,21.8,81,18.3,23.9,0.00,19,13,7,0,0.0,0.0,0.0,0.0,0.0
2023-10-11T22:00,21.6,85,18.9,23.9,0.00,19,16,4,0,0.0,0.0,0.0,0.0,31.4
2023-10-11T23:00,23.7,77,19.5,26.2,0.00,20,20,3,0,131.0,58.2,72.8,231.0,346.0
2023-10-12T00:00,25.6,71,19.9,27.5,0.00,32,25,4,0,342.9,226.0,116.9,491.0,632.0
2023-10-12T01:00,26.1,71,20.4,28.0,0.00,54,42,3,19,453.6,284.4,169.2,448.8,870.0
2023-10-12T02:00,26.6,69,20.4,28.6,0.00,80,55,10,53,535.6,288.4,247.2,379.4,1043.7
2023-10-12T03:00,27.0,68,20.5,29.4,0.00,70,54,19,33,638.6,390.4,248.2,469.8,1141.2
2023-10-12T04:00,26.5,70,20.6,28.7,0.00,99,79,38,94,497.2,214.1,283.1,254.3,1155.9
2023-10-12T05:00,26.4,70,20.4,28.3,0.00,90,87,48,22,400.8,129.1,271.7,163.1,1086.8
2023-10-12T06:00,26.5,69,20.2,28.3,0.00,88,86,44,0,374.0,127.1,246.9,186.0,938.5
2023-10-12T07:00,26.1,70,20.2,28.0,0.00,80,77,21,0,326.5,161.5,165.0,307.5,721.3
2023-10-12T08:00,25.5,72,20.0,27.3,0.00,47,45,7,0,193.9,93.9,100.0,286.7,449.8
2023-10-12T09:00,24.7,77,20.3,27.2,0.00,14,9,5,0,54.0,25.8,28.2,248.7,142.6
2023-10-12T10:00,23.7,79,19.8,26.4,0.00,8,6,2,0,0.0,0.0,0.0,0.0,0.0
2023-10-12T11:00,23.1,81,19.7,25.9,0.00,6,6,0,0,0.0,0.0,0.0,0.0,0.0
2023-10-12T12:00,22.5,87,20.2,25.3,0.00,4,10,0,0,0.0,0.0,0.0,0.0,0.0
2023-10-12T13:00,22.7,83,19.7,25.6,0.00,20,20,0,0,0.0,0.0,0.0,0.0,0.0
2023-10-12T14:00,22.7,82,19.6,25.6,0.00,24,24,0,0,0.0,0.0,0.0,0.0,0.0
2023-10-12T15:00,22.9,82,19.7,25.7,0.00,20,20,1,0,0.0,0.0,0.0,0.0,0.0
2023-10-12T16:00,22.8,83,19.7,25.5,0.00,20,20,1,0,0.0,0.0,0.0,0.0,0.0
2023-10-12T17:00,22.4,85,19.7,25.3,0.00,16,16,2,0,0.0,0.0,0.0,0.0,0.0
2023-10-12T18:00,22.3,85,19.7,25.2,0.00,23,23,2,0,0.0,0.0,0.0,0.0,0.0
2023-10-12T19:00,22.5,84,19.8,25.2,0.00,13,13,0,0,0.0,0.0,0.0,0.0,0.0
2023-10-12T20:00,22.4,86,19.9,25.1,0.00,21,21,1,0,0.0,0.0,0.0,0.0,0.0
2023-10-12T21:00,22.4,86,19.9,25.3,0.00,94,94,3,0,0.0,0.0,0.0,0.0,0.0
2023-10-12T22:00,22.8,83,19.8,25.6,0.00,96,96,4,0,0.0,0.0,0.0,0.0,28.9
2023-10-12T23:00,23.7,80,20.0,26.2,0.00,66,66,7,0,76.9,18.3,58.6,73.2,343.3
2023-10-13T00:00,25.6,70,19.7,27.2,0.00,78,13,2,0,243.0,92.6,150.4,202.1,629.1
2023-10-13T01:00,26.5,64,19.2,27.6,0.00,10,10,0,0,539.0,396.2,142.8,628.0,866.8
2023-10-13T02:00,27.1,62,19.2,28.6,0.00,24,24,0,0,676.6,525.8,150.7,694.6,1040.1
2023-10-13T03:00,27.5,61,19.3,29.6,0.00,25,25,0,0,744.5,562.8,181.7,679.9,1137.2
2023-10-13T04:00,27.7,60,19.3,30.0,0.00,33,33,0,0,743.1,542.1,201.0,646.8,1151.5
2023-10-13T05:00,27.3,61,19.1,28.8,0.00,37,36,0,0,616.4,395.8,220.5,502.6,1082.1
2023-10-13T06:00,27.0,62,19.0,28.6,0.00,15,15,0,0,594.8,427.2,167.6,628.8,933.6
2023-10-13T07:00,26.6,63,19.0,27.8,0.00,17,17,0,0,448.7,341.7,107.0,655.6,716.2
2023-10-13T08:00,25.9,65,18.9,27.2,0.00,26,26,0,0,257.3,184.2,73.1,569.4,444.6
2023-10-13T09:00,24.7,71,19.1,26.7,0.00,27,27,0,0,64.7,37.5,27.2,375.2,137.4
2023-10-13T10:00,23.4,75,18.8,25.7,0.00,9,9,0,0,0.0,0.0,0.0,0.0,0.0
2023-10-13T11:00,22.5,79,18.6,24.8,0.00,0,0,0,0,0.0,0.0,0.0,0.0,0.0
2023-10-13T12:00,21.3,90,19.6,24.0,0.00,0,0,0,0,0.0,0.0,0.0,0.0,0.0
2023-10-13T13:00,21.1,91,19.5,24.1,0.00,0,0,0,0,0.0,0.0,0.0,0.0,0.0
2023-10-13T14:00,20.6,93,19.4,23.6,0.00,5,5,0,0,0.0,0.0,0.0,0.0,0.0
2023-10-13T15:00,20.7,92,19.4,23.7,0.00,20,19,1,0,0.0,0.0,0.0,0.0,0.0
2023-10-13T16:00,20.9,91,19.3,23.8,0.00,17,9,0,9,0.0,0.0,0.0,0.0,0.0
2023-10-13T17:00,20.5,93,19.3,23.4,0.00,8,3,0,5,0.0,0.0,0.0,0.0,0.0
2023-10-13T18:00,20.2,95,19.3,23.0,0.00,73,1,0,73,0.0,0.0,0.0,0.0,0.0
2023-10-13T19:00,20.0,95,19.2,22.9,0.00,2,0,2,0,0.0,0.0,0.0,0.0,0.0
2023-10-13T20:00,19.7,96,19.1,22.6,0.00,6,0,6,0,0.0,0.0,0.0,0.0,0.0
2023-10-13T21:00,19.5,97,19.0,22.3,0.00,15,0,15,0,0.0,0.0,0.0,0.0,0.0
2023-10-13T22:00,19.3,98,18.9,22.0,0.00,32,0,32,0,0.0,0.0,0.0,0.0,26.4
2023-10-13T23:00,21.9,90,20.3,25.4,0.00,88,2,53,73,140.0,68.1,71.8,275.0,340.6
2023-10-14T00:00,24.7,80,21.1,28.8,0.00,57,4,33,6,306.3,171.2,135.1,375.7,626.1
2023-10-14T01:00,26.4,68,20.1,29.6,0.00,59,18,48,6,496.5,336.4,160.1,535.6,863.5
2023-10-14T02:00,26.9,66,20.0,30.0,0.10,78,30,65,10,596.4,386.0,210.4,512.0,1036.4
2023-10-14T03:00,26.1,70,20.2,29.0,0.00,96,48,93,6,534.7,269.9,264.8,327.5,1133.2
2023-10-14T04:00,25.9,74,20.9,29.0,0.30,79,61,42,43,537.0,248.0,289.0,297.2,1147.2
2023-10-14T05:00,26.1,76,21.6,30.1,0.30,99,84,41,90,616.2,355.3,260.9,453.3,1077.4
2023-10-14T06:00,25.6,76,21.2,28.7,0.20,99,98,54,40,485.9,296.3,189.6,438.7,928.7
2023-10-14T07:00,25.1,75,20.3,27.4,0.10,65,55,25,19,279.3,121.5,157.7,235.0,711.0
2023-10-14T08:00,24.5,76,19.9,26.5,0.00,91,80,46,28,154.1,53.1,100.9,166.3,439.4
2023-10-14T09:00,23.6,78,19.5,25.7,0.00,82,27,79,6,36.3,9.2,27.1,95.6,132.2
2023-10-14T10:00,23.1,79,19.2,25.7,0.00,98,47,97,0,0.0,0.0,0.0,0.0,0.0
2023-10-14T11:00,23.0,78,19.0,25.5,0.00,100,5,100,0,0.0,0.0,0.0,0.0,0.0
2023-10-14T12:00,22.7,77,18.5,25.1,0.00,100,2,94,0,0.0,0.0,0.0,0.0,0.0
2023-10-14T13:00,22.0,81,18.6,24.5,0.00,100,3,100,0,0.0,0.0,0.0,0.0,0.0
2023-10-14T14:00,22.1,83,19.0,24.9,0.00,100,3,100,0,0.0,0.0,0.0,0.0,0.0
2023-10-14T15:00,22.1,83,19.2,25.1,0.00,100,3,100,0,0.0,0.0,0.0,0.0,0.0
2023-10-14T16:00,21.6,86,19.2,24.5,0.00,71,1,70,0,0.0,0.0,0.0,0.0,0.0
2023-10-14T17:00,20.7,90,19.0,23.3,0.00,22,0,22,0,0.0,0.0,0.0,0.0,0.0
2023-10-14T18:00,19.9,94,18.8,22.4,0.00,25,0,25,0,0.0,0.0,0.0,0.0,0.0
2023-10-14T19:00,19.5,95,18.7,22.0,0.00,40,3,39,0,0.0,0.0,0.0,0.0,0.0
2023-10-14T20:00,19.4,96,18.8,21.9,0.00,49,0,35,22,0.0,0.0,0.0,0.0,0.0
2023-10-14T21:00,19.9,94,18.9,22.6,0.00,32,4,29,0,0.0,0.0,0.0,0.0,0.0
2023-10-14T22:00,19.5,96,18.8,22.0,0.00,27,3,25,0,0.0,0.0,0.0,0.0,23.8
2023-10-14T23:00,21.9,87,19.6,25.0,0.00,22,1,20,2,135.3,63.0,72.3,256.5,337.9
2023-10-15T00:00,24.1,69,18.1,26.2,0.00,32,0,34,11,309.2,172.6,136.6,381.0,623.1
2023-10-15T01:00,25.2,59,16.6,25.9,0.00,39,2,37,5,484.1,299.7,184.4,479.2,860.1
2023-10-15T02:00,26.0,57,16.8,26.9,0.00,72,3,71,3,672.4,499.9,172.4,665.9,1032.7
2023-10-15T03:00,26.4,56,16.8,27.7,0.00,57,0,55,23,768.3,593.9,174.4,723.4,1129.1
2023-10-15T04:00,26.3,55,16.6,27.3,0.00,49,3,40,17,677.9,394.0,284.0,474.2,1142.8
2023-10-15T05:00,26.1,56,16.5,27.0,0.00,67,3,44,44,618.9,369.6,249.3,473.9,1072.7
2023-10-15T06:00,26.1,56,16.5,26.5,0.00,89,2,83,48,519.6,317.3,202.3,472.5,923.7
2023-10-15T07:00,25.6,57,16.5,26.0,0.00,82,3,81,4,364.2,191.1,173.1,372.5,705.9
2023-10-15T08:00,24.7,61,16.6,25.3,0.00,37,6,35,0,196.8,82.5,114.3,261.4,434.2
2023-10-15T09:00,23.7,66,17.0,25.2,0.00,24,11,14,0,57.1,31.0,26.1,335.9,127.0
2023-10-15T10:00,22.3,72,16.9,23.9,0.00,21,10,12,0,0.0,0.0,0.0,0.0,0.0
2023-10-15T11:00,21.3,77,17.2,23.1,0.00,16,4,13,0,0.0,0.0,0.0,0.0,0.0
2023-10-15T12:00,21.0,81,17.7,22.9,0.00,16,0,11,0,0.0,0.0,0.0,0.0,0.0
2023-10-15T13:00,20.9,82,17.7,22.9,0.00,23,0,23,0,0.0,0.0,0.0,0.0,0.0
2023-10-15T14:00,20.8,82,17.7,22.7,0.00,31,0,31,0,0.0,0.0,0.0,0.0,0.0
2023-10-15T15:00,20.5,85,17.8,22.5,0.00,29,0,23,9,0.0,0.0,0.0,0.0,0.0
2023-10-15T16:00,19.9,89,18.1,22.1,0.00,39,0,38,2,0.0,0.0,0.0,0.0,0.0
2023-10-15T17:00,19.4,92,18.1,21.6,0.00,26,0,23,3,0.0,0.0,0.0,0.0,0.0
2023-10-15T18:00,19.4,92,18.0,21.5,0.00,42,0,42,0,0.0,0.0,0.0,0.0,0.0
2023-10-15T19:00,19.6,90,18.0,21.7,0.00,82,0,81,2,0.0,0.0,0.0,0.0,0.0
2023-10-15T20:00,20.6,85,18.1,22.7,0.00,94,10,94,0,0.0,0.0,0.0,0.0,0.0
2023-10-15T21:00,21.5,80,18.0,23.4,0.00,85,19,82,3,0.0,0.0,0.0,0.0,0.0
2023-10-15T22:00,21.6,78,17.7,23.3,0.00,43,37,28,7,0.0,0.0,0.0,0.0,21.2
2023-10-15T23:00,23.1,72,17.9,24.6,0.00,79,74,76,1,104.5,31.7,72.8,130.2,335.1
2023-10-16T00:00,24.5,68,18.2,25.7,0.00,76,66,12,0,218.0,69.6,148.3,154.6,620.1
2023-10-16T01:00,25.7,55,16.1,25.2,0.00,31,30,1,0,426.6,224.8,201.8,361.1,856.7
2023-10-16T02:00,26.5,51,15.6,25.7,0.00,35,23,11,15,657.3,461.0,196.3,616.5,1029.0
2023-10-16T03:00,26.8,50,15.5,26.3,0.00,30,15,16,10,749.6,537.8,211.8,657.9,1125.1
2023-10-16T04:00,27.0,50,15.6,26.8,0.00,38,38,0,0,788.8,614.8,174.0,743.4,1138.4
2023-10-16T05:00,26.9,50,15.5,26.7,0.00,25,13,8,7,731.3,567.7,163.6,731.6,1068.0
2023-10-16T06:00,26.6,49,15.1,25.9,0.00,92,3,15,91,613.1,475.2,137.9,711.9,918.8
2023-10-16T07:00,26.1,50,14.7,24.7,0.00,12,3,9,0,433.5,290.7,142.8,570.9,700.8
2023-10-16T08:00,25.3,53,15.1,24.3,0.00,43,2,2,42,266.4,197.7,68.7,634.2,429.0
2023-10-16T09:00,23.9,58,15.2,23.5,0.00,69,2,28,66,59.8,34.7,25.0,391.9,121.9
2023-10-16T10:00,23.1,59,14.7,22.6,0.00,35,2,1,33,0.0,0.0,0.0,0.0,0.0
2023-10-16T11:00,22.6,60,14.5,22.4,0.00,5,2,0,3,0.0,0.0,0.0,0.0,0.0
2023-10-16T12:00,21.5,63,14.2,21.5,0.00,4,1,0,0,0.0,0.0,0.0,0.0,0.0
2023-10-16T13:00,21.5,63,14.3,21.4,0.00,18,0,4,17,0.0,0.0,0.0,0.0,0.0
2023-10-16T14:00,21.4,63,14.2,21.2,0.00,2,1,0,0,0.0,0.0,0.0,0.0,0.0
2023-10-16T15:00,21.1,65,14.3,21.0,0.00,1,1,0,0,0.0,0.0,0.0,0.0,0.0
2023-10-16T16:00,20.9,67,14.7,20.9,0.00,43,1,0,43,0.0,0.0,0.0,0.0,0.0
2023-10-16T17:00,21.0,68,14.8,21.0,0.00,92,1,3,92,0.0,0.0,0.0,0.0,0.0
2023-10-16T18:00,20.9,69,15.1,21.1,0.00,95,4,8,95,0.0,0.0,0.0,0.0,0.0
2023-10-16T19:00,20.9,71,15.4,21.3,0.00,99,4,10,98,0.0,0.0,0.0,0.0,0.0
2023-10-16T20:00,20.7,72,15.5,21.2,0.00,100,7,11,100,0.0,0.0,0.0,0.0,0.0
2023-10-16T21:00,20.9,73,15.8,21.3,0.00,98,4,8,98,0.0,0.0,0.0,0.0,0.0
2023-10-16T22:00,21.0,72,15.7,21.3,0.00,98,25,6,97,0.0,0.0,0.0,0.0,18.6
2023-10-16T23:00,22.2,70,16.4,22.5,0.00,97,7,4,96,105.2,20.7,84.5,85.6,332.2
2023-10-17T00:00,23.5,67,16.9,23.6,0.00,94,60,0,100,335.7,207.9,127.8,464.0,616.9
2023-10-17T01:00,24.6,63,17.1,24.4,0.00,100,31,0,100,310.3,34.6,275.7,55.8,853.3
2023-10-17T02:00,26.2,57,17.1,25.8,0.00,91,42,0,85,649.8,410.0,239.7,550.7,1025.2
2023-10-17T03:00,27.2,54,17.1,27.2,0.00,96,48,0,92,688.3,401.8,286.5,493.6,1120.9
2023-10-17T04:00,27.2,55,17.3,27.3,0.00,99,97,0,82,678.7,473.8,204.9,575.4,1133.9
2023-10-17T05:00,26.9,58,17.9,27.0,0.00,37,27,0,13,602.2,289.5,312.6,375.0,1063.3
2023-10-17T06:00,26.7,58,17.7,26.9,0.00,70,21,7,59,609.1,446.5,162.6,672.9,913.9
2023-10-17T07:00,26.2,57,17.0,25.7,0.00,47,4,42,5,445.0,333.3,111.7,659.8,695.8
2023-10-17T08:00,25.6,60,17.1,25.5,0.00,50,2,45,7,221.9,130.2,91.8,422.8,424.0
2023-10-17T09:00,24.6,63,17.0,24.7,0.00,40,1,40,0,48.9,25.3,23.6,290.4,116.9
2023-10-17T10:00,23.8,64,16.5,23.6,0.00,75,1,71,13,0.0,0.0,0.0,0.0,0.0
2023-10-17T11:00,23.8,63,16.4,23.7,0.00,90,1,89,3,0.0,0.0,0.0,0.0,0.0
2023-10-17T12:00,24.0,65,17.0,24.2,0.00,16,1,98,95,0.0,0.0,0.0,0.0,0.0
2023-10-17T13:00,24.1,66,17.2,24.0,0.00,100,2,95,99,0.0,0.0,0.0,0.0,0.0
2023-10-17T14:00,24.3,68,18.0,24.4,0.00,71,4,0,70,0.0,0.0,0.0,0.0,0.0
2023-10-17T15:00,23.6,72,18.3,24.1,0.00,66,6,11,59,0.0,0.0,0.0,0.0,0.0
2023-10-17T16:00,23.3,75,18.7,23.8,0.00,81,2,81,1,0.0,0.0,0.0,0.0,0.0
2023-10-17T17:00,23.4,76,18.9,23.9,0.00,22,3,1,19,0.0,0.0,0.0,0.0,0.0
2023-10-17T18:00,23.2,78,19.2,23.8,0.00,20,4,13,4,0.0,0.0,0.0,0.0,0.0
2023-10-17T19:00,23.0,81,19.5,23.9,0.00,4,3,1,0,0.0,0.0,0.0,0.0,0.0
2023-10-17T20:00,22.7,84,19.8,24.0,0.00,25,17,10,0,0.0,0.0,0.0,0.0,0.0
2023-10-17T21:00,22.6,85,19.9,24.2,0.00,54,18,44,0,0.0,0.0,0.0,0.0,0.0
2023-10-17T22:00,22.6,85,19.9,24.3,0.00,95,13,94,0,0.0,0.0,0.0,0.0,15.9
2023-10-17T23:00,23.8,81,20.4,25.7,0.00,66,4,30,50,124.8,51.1,73.8,213.6,329.3
2023-10-18T00:00,25.8,80,22.1,28.5,0.00,41,10,6,26,342.6,236.6,106.0,531.1,613.8
2023-10-18T01:00,27.4,73,22.0,29.8,0.00,28,16,10,5,501.9,351.9,150.0,570.6,849.8
2023-10-18T02:00,28.6,68,22.0,31.2,0.00,39,7,15,22,673.7,520.7,153.0,702.5,1021.4
2023-10-18T03:00,29.4,64,21.8,32.6,0.00,21,1,20,1,758.9,600.1,158.8,740.3,1116.8
2023-10-18T04:00,29.9,61,21.6,33.1,0.00,71,4,69,0,765.6,596.7,168.9,727.9,1129.5
2023-10-18T05:00,29.9,61,21.7,33.0,0.00,82,2,79,10,704.9,540.5,164.4,703.5,1058.6
2023-10-18T06:00,29.4,64,21.8,31.6,0.00,82,2,82,0,532.6,361.8,170.8,548.5,909.0
2023-10-18T07:00,28.4,68,21.9,30.4,0.00,56,2,55,0,369.0,226.6,142.5,451.9,690.8
2023-10-18T08:00,27.5,72,21.9,29.7,0.00,26,7,21,0,228.0,149.3,78.8,491.0,418.9
2023-10-18T09:00,26.2,77,21.8,28.9,0.00,29,6,25,0,50.2,27.6,22.6,316.9,111.9
2023-10-18T10:00,25.1,81,21.6,28.3,0.00,17,2,14,1,0.0,0.0,0.0,0.0,0.0
2023-10-18T11:00,24.5,85,21.7,27.8,0.00,54,2,18,43,0.0,0.0,0.0,0.0,0.0
2023-10-18T12:00,23.9,89,22.0,27.8,0.00,83,4,19,95,0.0,0.0,0.0,0.0,0.0
2023-10-18T13:00,23.7,90,22.0,27.6,0.00,86,5,10,84,0.0,0.0,0.0,0.0,0.0
2023-10-18T14:00,23.5,91,22.0,27.3,0.00,100,4,1,100,0.0,0.0,0.0,0.0,0.0
2023-10-18T15:00,23.2,92,21.8,27.1,0.00,100,13,0,100,0.0,0.0,0.0,0.0,0.0
2023-10-18T16:00,23.0,92,21.6,26.9,0.00,98,20,0,97,0.0,0.0,0.0,0.0,0.0
2023-10-18T17:00,22.5,93,21.3,26.5,0.00,43,16,0,32,0.0,0.0,0.0,0.0,0.0
2023-10-18T18:00,22.1,93,21.0,26.0,0.00,20,8,0,12,0.0,0.0,0.0,0.0,0.0
2023-10-18T19:00,21.9,94,21.0,25.7,0.00,77,3,0,76,0.0,0.0,0.0,0.0,0.0
2023-10-18T20:00,21.7,95,20.8,25.4,0.00,70,2,0,69,0.0,0.0,0.0,0.0,0.0
2023-10-18T21:00,21.6,95,20.8,25.3,0.00,82,1,0,82,0.0,0.0,0.0,0.0,0.0
2023-10-18T22:00,21.5,96,20.7,25.0,0.00,9,0,0,9,0.0,0.0,0.0,0.0,13.2
2023-10-18T23:00,23.4,89,21.6,27.1,0.00,12,0,0,12,139.1,74.3,64.8,313.8,326.4
2023-10-19T00:00,25.7,81,22.3,29.7,0.00,46,2,0,92,345.6,242.1,103.6,546.5,610.6
2023-10-19T01:00,27.8,74,22.8,31.7,0.00,74,5,0,73,532.2,395.9,136.2,645.0,846.3
2023-10-19T02:00,29.4,67,22.6,33.0,0.00,73,0,0,73,678.2,519.7,158.4,704.2,1017.5
2023-10-19T03:00,30.5,60,21.9,34.4,0.00,67,1,0,66,770.3,613.6,156.8,760.3,1112.6
2023-10-19T04:00,31.0,57,21.5,34.8,0.00,67,1,0,67,783.5,633.6,149.9,776.5,1125.0
2023-10-19T05:00,31.0,58,21.6,34.4,0.00,97,1,0,96,742.2,616.3,125.9,806.2,1053.9
2023-10-19T06:00,30.5,59,21.6,33.3,0.00,98,1,1,98,605.7,462.6,143.2,705.4,904.1
2023-10-19T07:00,29.7,63,21.9,32.1,0.00,30,2,0,29,411.5,260.6,150.9,523.9,685.8
2023-10-19T08:00,28.8,67,22.0,31.4,0.00,30,1,1,29,240.8,171.3,69.6,570.4,414.0
2023-10-19T09:00,27.4,73,22.1,31.1,0.00,32,12,1,22,50.6,29.8,20.8,341.6,107.0
2023-10-19T10:00,25.3,85,22.5,29.8,0.00,98,31,14,96,0.0,0.0,0.0,0.0,0.0
2023-10-19T11:00,25.3,85,22.7,30.1,0.00,100,21,65,100,0.0,0.0,0.0,0.0,0.0
2023-10-19T12:00,25.0,88,23.0,29.6,0.00,100,21,66,100,0.0,0.0,0.0,0.0,0.0
2023-10-19T13:00,25.4,86,22.8,30.3,0.00,100,3,97,100,0.0,0.0,0.0,0.0,0.0
2023-10-19T14:00,25.1,88,23.1,30.2,0.00,100,4,100,100,0.0,0.0,0.0,0.0,0.0
2023-10-19T15:00,24.8,89,22.9,29.9,0.30,100,3,94,99,0.0,0.0,0.0,0.0,0.0
2023-10-19T16:00,24.4,92,23.1,29.6,0.20,100,0,100,75,0.0,0.0,0.0,0.0,0.0
2023-10-19T17:00,24.7,90,22.9,30.0,0.20,100,0,100,96,0.0,0.0,0.0,0.0,0.0
2023-10-19T18:00,24.1,92,22.8,29.2,0.00,100,0,100,94,0.0,0.0,0.0,0.0,0.0
2023-10-19T19:00,24.0,92,22.6,29.1,0.00,75,1,64,32,0.0,0.0,0.0,0.0,0.0
2023-10-19T20:00,23.2,93,22.0,27.8,0.00,38,0,32,11,0.0,0.0,0.0,0.0,0.0
2023-10-19T21:00,24.2,87,22.0,28.8,0.00,60,0,39,35,0.0,0.0,0.0,0.0,0.0
2023-10-19T22:00,24.6,86,22.1,29.2,0.00,36,1,22,21,0.0,0.0,0.0,0.0,10.5
2023-10-19T23:00,24.7,88,22.5,29.2,0.00,92,2,87,55,126.7,57.6,69.1,245.6,323.4
2023-10-20T00:00,25.5,89,23.6,30.9,0.00,100,21,37,98,273.5,121.8,151.6,276.7,607.3
2023-10-20T01:00,27.1,82,23.7,31.9,0.20,99,12,43,99,433.1,255.2,177.9,417.7,842.7
2023-10-20T02:00,27.9,77,23.4,31.9,0.10,100,26,47,100,557.8,321.2,236.6,437.1,1013.6
2023-10-20T03:00,27.7,71,21.8,30.6,0.00,80,11,28,69,392.4,96.6,295.9,120.2,1108.4
2023-10-20T04:00,27.6,70,21.6,31.3,0.20,87,41,65,41,696.5,523.6,172.9,644.6,1120.5
2023-10-20T05:00,25.4,79,21.5,27.8,0.40,100,99,55,88,315.3,91.3,223.9,120.1,1049.2
2023-10-20T06:00,24.3,83,21.3,26.6,1.40,100,93,100,76,189.9,33.9,155.9,52.1,899.3
2023-10-20T07:00,23.3,88,21.2,25.9,1.40,100,100,100,98,50.5,0.0,50.5,0.0,680.9
2023-10-20T08:00,22.8,91,21.3,25.8,0.40,100,100,100,100,23.9,0.0,23.9,0.0,409.1
2023-10-20T09:00,22.5,91,20.9,25.6,0.30,100,100,100,100,6.4,0.0,6.4,0.0,102.3
2023-10-20T10:00,22.2,91,20.6,25.3,0.30,100,98,100,100,0.0,0.0,0.0,0.0,0.0
2023-10-20T11:00,22.0,91,20.4,25.1,0.30,100,100,100,100,0.0,0.0,0.0,0.0,0.0
2023-10-20T12:00,22.1,87,19.7,24.9,0.20,100,91,100,100,0.0,0.0,0.0,0.0,0.0
2023-10-20T13:00,21.8,90,20.1,24.5,0.40,100,88,100,72,0.0,0.0,0.0,0.0,0.0
2023-10-20T14:00,21.6,91,20.0,24.4,0.30,100,46,100,100,0.0,0.0,0.0,0.0,0.0
2023-10-20T15:00,21.6,88,19.4,23.9,0.10,100,74,100,90,0.0,0.0,0.0,0.0,0.0
2023-10-20T16:00,21.6,87,19.4,24.0,0.10,100,97,100,100,0.0,0.0,0.0,0.0,0.0
2023-10-20T17:00,21.6,86,19.1,23.8,0.10,100,98,100,100,0.0,0.0,0.0,0.0,0.0
2023-10-20T18:00,21.4,86,19.0,23.7,0.00,100,95,100,78,0.0,0.0,0.0,0.0,0.0
2023-10-20T19:00,21.4,86,19.0,23.3,0.10,100,96,98,99,0.0,0.0,0.0,0.0,0.0
2023-10-20T20:00,21.3,86,18.9,23.3,0.10,100,92,100,31,0.0,0.0,0.0,0.0,0.0
2023-10-20T21:00,21.1,87,18.9,23.0,0.10,100,100,100,29,0.0,0.0,0.0,0.0,0.0
2023-10-20T22:00,21.0,88,18.9,23.1,0.10,100,100,100,100,0.0,0.0,0.0,0.0,7.7
2023-10-20T23:00,21.1,88,19.0,23.0,0.10,100,99,100,74,17.4,0.0,17.4,0.0,320.4
2023-10-21T00:00,21.6,86,19.1,23.8,0.10,100,99,100,0,50.6,0.0,50.6,0.0,604.0
2023-10-21T01:00,22.0,84,19.2,23.6,0.10,100,100,100,70,99.4,1.2,98.2,1.9,839.1
2023-10-21T02:00,22.3,83,19.2,23.6,0.00,100,100,100,85,140.0,1.1,138.9,1.5,1009.7
2023-10-21T03:00,22.7,81,19.2,23.8,0.10,100,100,100,90,150.5,0.0,150.5,0.0,1104.2
2023-10-21T04:00,23.5,75,18.8,24.1,0.00,100,100,100,86,328.7,35.0,293.7,43.2,1116.1
2023-10-21T05:00,23.0,76,18.5,23.8,0.00,100,34,100,87,140.3,0.0,140.3,0.0,1044.5
2023-10-21T06:00,22.7,76,18.4,23.4,0.20,100,49,100,86,110.9,0.0,110.9,0.0,894.5
2023-10-21T07:00,23.0,74,18.2,23.6,0.00,100,92,100,80,138.6,1.7,136.9,3.5,676.1
2023-10-21T08:00,22.5,77,18.4,23.4,0.00,100,100,100,78,55.8,0.0,55.8,0.0,404.3
2023-10-21T09:00,22.1,79,18.2,22.8,0.10,100,63,100,70,7.7,0.0,7.7,0.0,97.6
2023-10-21T10:00,21.9,79,18.1,22.6,0.00,100,38,100,77,0.0,0.0,0.0,0.0,0.0
2023-10-21T11:00,21.8,80,18.3,22.4,0.00,99,70,89,79,0.0,0.0,0.0,0.0,0.0
2023-10-21T12:00,21.6,87,19.4,22.3,0.00,89,41,38,25,0.0,0.0,0.0,0.0,0.0
2023-10-21T13:00,21.8,85,19.1,22.4,0.10,75,58,31,23,0.0,0.0,0.0,0.0,0.0
2023-10-21T14:00,21.9,81,18.4,22.1,0.00,97,68,38,86,0.0,0.0,0.0,0.0,0.0
2023-10-21T15:00,21.8,79,18.0,22.1,0.00,100,94,17,94,0.0,0.0,0.0,0.0,0.0
2023-10-21T16:00,22.0,77,17.7,22.5,0.00,100,95,48,95,0.0,0.0,0.0,0.0,0.0
2023-10-21T17:00,22.0,75,17.4,23.0,0.00,99,73,61,90,0.0,0.0,0.0,0.0,0.0
2023-10-21T18:00,22.0,77,17.8,22.6,0.00,96,28,56,87,0.0,0.0,0.0,0.0,0.0
2023-10-21T19:00,21.9,79,18.1,22.5,0.00,69,8,60,19,0.0,0.0,0.0,0.0,0.0
2023-10-21T20:00,21.8,80,18.2,22.7,0.10,59,19,46,11,0.0,0.0,0.0,0.0,0.0
2023-10-21T21:00,21.8,80,18.2,22.4,0.40,86,49,71,2,0.0,0.0,0.0,0.0,0.0
2023-10-21T22:00,21.6,83,18.6,22.1,0.70,75,48,54,1,0.0,0.0,0.0,0.0,4.9
2023-10-21T23:00,22.0,83,18.9,23.0,0.00,69,14,64,3,62.4,15.6,46.8,67.9,317.4
2023-10-22T00:00,22.4,86,19.8,23.8,0.30,100,52,99,67,219.6,91.0,128.7,209.1,600.7
2023-10-22T01:00,23.2,83,20.2,24.6,1.30,100,81,100,48,168.8,46.2,122.5,76.4,835.5
2023-10-22T02:00,23.7,83,20.6,25.2,0.20,86,60,63,7,178.0,14.1,163.9,19.4,1005.8
2023-10-22T03:00,24.5,79,20.6,26.1,1.20,100,52,100,2,312.5,50.9,261.6,63.9,1100.0
2023-10-22T04:00,24.0,83,20.9,25.5,1.20,87,4,86,0,254.8,43.0,211.8,53.4,1111.6
2023-10-22T05:00,24.5,80,20.8,25.8,0.70,99,31,99,1,351.6,144.1,207.5,191.4,1039.9
2023-10-22T06:00,24.4,80,20.8,25.7,1.00,100,50,100,0,292.3,126.5,165.9,196.3,889.8
2023-10-22T07:00,24.0,82,20.7,25.5,0.00,100,44,99,0,154.7,16.2,138.4,33.4,671.4
2023-10-22T08:00,23.9,79,20.1,25.1,0.00,74,22,67,0,97.8,17.0,80.8,58.9,399.6
2023-10-22T09:00,23.6,79,19.7,24.8,0.00,100,46,99,0,26.2,6.4,19.9,73.1,93.0
2023-10-22T10:00,23.3,79,19.4,24.3,0.00,99,11,99,0,0.0,0.0,0.0,0.0,0.0
2023-10-22T11:00,22.9,81,19.5,24.2,0.00,100,16,100,0,0.0,0.0,0.0,0.0,0.0
2023-10-22T12:00,22.8,83,19.8,23.7,0.00,70,31,4,0,0.0,0.0,0.0,0.0,0.0
2023-10-22T13:00,23.0,82,19.9,24.1,0.00,23,15,10,0,0.0,0.0,0.0,0.0,0.0
2023-10-22T14:00,22.9,85,20.2,24.1,0.00,38,32,8,0,0.0,0.0,0.0,0.0,0.0
2023-10-22T15:00,22.7,87,20.4,24.2,0.00,42,38,6,0,0.0,0.0,0.0,0.0,0.0
2023-10-22T16:00,22.7,87,20.5,24.5,0.00,42,38,6,0,0.0,0.0,0.0,0.0,0.0
2023-10-22T17:00,22.6,88,20.5,24.8,0.00,33,22,15,0,0.0,0.0,0.0,0.0,0.0
2023-10-22T18:00,22.5,90,20.7,24.9,0.00,41,9,35,0,0.0,0.0,0.0,0.0,0.0
2023-10-22T19:00,22.4,91,20.8,24.9,0.00,26,3,21,4,0.0,0.0,0.0,0.0,0.0
2023-10-22T20:00,22.4,91,20.9,25.0,0.00,82,13,80,0,0.0,0.0,0.0,0.0,0.0
2023-10-22T21:00,22.5,90,20.8,25.0,0.00,100,10,100,0,0.0,0.0,0.0,0.0,0.0
2023-10-22T22:00,22.6,90,20.8,25.1,0.00,100,16,100,0,0.0,0.0,0.0,0.0,2.0
2023-10-22T23:00,23.4,87,21.1,25.6,0.00,30,18,19,0,94.5,33.5,61.0,147.1,314.2
2023-10-23T00:00,25.3,80,21.6,27.5,0.00,31,18,76,0,304.5,167.9,136.6,388.3,597.3
2023-10-23T01:00,26.8,73,21.6,28.5,0.00,40,30,14,0,422.1,234.8,187.4,390.0,831.8
2023-10-23T02:00,27.7,68,21.4,29.1,0.00,46,24,30,0,603.7,422.4,181.3,582.5,1001.8
2023-10-23T03:00,28.2,65,20.9,29.4,0.00,39,25,18,0,626.1,404.9,221.1,510.6,1095.7
2023-10-23T04:00,28.5,64,20.9,29.9,0.00,86,39,77,0,620.3,372.6,247.7,465.0,1107.2
2023-10-23T05:00,27.9,67,21.2,29.0,0.00,76,29,67,0,500.4,209.4,291.0,279.4,1035.3
2023-10-23T06:00,27.8,66,21.0,28.8,0.00,99,18,22,98,442.4,228.1,214.3,356.1,885.1
2023-10-23T07:00,27.4,68,20.9,28.6,0.00,98,21,11,97,366.3,233.1,133.2,483.1,666.7
2023-10-23T08:00,26.6,71,20.9,28.1,0.00,91,21,2,88,206.9,121.2,85.7,424.0,395.0
2023-10-23T09:00,25.5,75,20.8,27.1,0.00,29,13,8,10,39.6,20.4,19.3,233.5,88.6
2023-10-23T10:00,24.5,79,20.6,25.8,0.00,15,7,9,0,0.0,0.0,0.0,0.0,0.0
2023-10-23T11:00,24.2,81,20.7,25.6,0.00,11,9,3,0,0.0,0.0,0.0,0.0,0.0
2023-10-23T12:00,24.2,81,20.8,26.1,0.00,18,8,3,0,0.0,0.0,0.0,0.0,0.0
2023-10-23T13:00,23.8,83,20.7,25.8,0.00,11,0,5,5,0.0,0.0,0.0,0.0,0.0
2023-10-23T14:00,23.6,84,20.6,25.8,0.00,10,3,8,0,0.0,0.0,0.0,0.0,0.0
2023-10-23T15:00,23.2,85,20.6,26.0,0.00,10,5,6,0,0.0,0.0,0.0,0.0,0.0
2023-10-23T16:00,22.9,87,20.7,26.2,0.00,4,3,1,0,0.0,0.0,0.0,0.0,0.0
2023-10-23T17:00,22.5,89,20.7,25.9,0.00,7,6,2,0,0.0,0.0,0.0,0.0,0.0
2023-10-23T18:00,22.3,91,20.7,25.6,0.00,8,4,4,0,0.0,0.0,0.0,0.0,0.0
2023-10-23T19:00,22.0,92,20.7,25.3,0.00,10,2,8,0,0.0,0.0,0.0,0.0,0.0
2023-10-23T20:00,21.7,94,20.6,25.1,0.00,14,4,10,0,0.0,0.0,0.0,0.0,0.0
2023-10-23T21:00,21.5,94,20.5,24.9,0.00,19,10,9,0,0.0,0.0,0.0,0.0,0.0
2023-10-23T22:00,21.2,95,20.4,24.6,0.00,16,15,0,0,0.0,0.0,0.0,0.0,0.0
2023-10-23T23:00,22.7,90,21.0,26.3,0.00,31,2,3,28,127.1,65.5,61.6,291.3,311.1
2023-10-24T00:00,25.0,81,21.6,29.3,0.00,53,0,15,19,327.1,220.2,106.9,512.7,593.8
2023-10-24T01:00,27.1,73,21.8,31.5,0.00,21,1,16,5,510.3,377.2,133.1,629.7,828.1
2023-10-24T02:00,28.9,66,21.8,33.7,0.00,18,3,12,5,653.8,502.8,151.0,696.6,997.8
2023-10-24T03:00,30.2,63,22.5,36.1,0.00,43,32,2,14,750.7,610.5,140.2,773.2,1091.5
2023-10-24T04:00,30.2,64,22.6,35.8,0.00,100,100,13,78,708.2,515.4,192.8,646.1,1102.8
2023-10-24T05:00,28.3,70,22.4,33.0,0.00,99,68,4,96,437.9,171.9,266.0,230.5,1030.8
2023-10-24T06:00,27.5,72,22.1,30.9,0.20,56,30,10,31,443.1,227.1,216.1,356.5,880.5
2023-10-24T07:00,27.6,71,22.0,31.2,0.30,86,63,3,59,358.2,232.8,125.4,486.2,662.1
2023-10-24T08:00,27.2,72,21.8,30.6,0.20,47,32,10,16,176.1,93.6,82.5,331.3,390.5
2023-10-24T09:00,25.7,81,22.2,29.3,0.00,26,15,14,0,32.4,15.5,16.9,177.7,84.3
2023-10-24T10:00,24.3,88,22.3,27.9,0.00,17,1,10,6,0.0,0.0,0.0,0.0,0.0
2023-10-24T11:00,23.9,92,22.5,27.7,0.00,24,10,15,0,0.0,0.0,0.0,0.0,0.0
2023-10-24T12:00,23.5,94,22.6,27.3,0.00,24,3,22,0,0.0,0.0,0.0,0.0,0.0
2023-10-24T13:00,23.9,95,23.1,28.0,0.00,25,4,23,0,0.0,0.0,0.0,0.0,0.0
2023-10-24T14:00,23.7,96,23.0,27.7,0.00,12,2,10,0,0.0,0.0,0.0,0.0,0.0
2023-10-24T15:00,23.4,96,22.8,27.5,0.00,16,4,12,0,0.0,0.0,0.0,0.0,0.0
2023-10-24T16:00,23.1,97,22.6,27.3,0.00,26,7,21,0,0.0,0.0,0.0,0.0,0.0
2023-10-24T17:00,22.9,98,22.5,27.2,0.00,19,6,14,0,0.0,0.0,0.0,0.0,0.0
2023-10-24T18:00,22.5,98,22.2,26.9,0.00,16,11,5,0,0.0,0.0,0.0,0.0,0.0
2023-10-24T19:00,22.0,99,21.9,26.2,0.00,45,45,0,0,0.0,0.0,0.0,0.0,0.0
2023-10-24T20:00,22.4,99,22.3,27.0,0.00,93,93,0,0,0.0,0.0,0.0,0.0,0.0
2023-10-24T21:00,22.3,99,22.2,26.9,0.00,100,100,0,0,0.0,0.0,0.0,0.0,0.0
2023-10-24T22:00,22.2,100,22.2,26.7,0.00,93,93,0,0,0.0,0.0,0.0,0.0,0.0
2023-10-24T23:00,23.3,96,22.7,27.9,0.00,12,12,0,0,94.2,26.1,68.2,117.1,307.9
2023-10-25T00:00,25.1,85,22.4,29.0,0.00,37,37,0,0,291.0,164.4,126.6,385.3,590.4
2023-10-25T01:00,27.1,75,22.3,30.4,0.00,10,10,0,0,488.5,347.3,141.2,582.7,824.3
2023-10-25T02:00,27.9,69,21.7,30.8,0.00,10,10,0,0,626.8,482.3,144.5,671.2,993.8
2023-10-25T03:00,28.6,65,21.4,31.8,0.00,8,7,2,0,755.9,623.0,132.9,792.5,1087.3
2023-10-25T04:00,28.8,64,21.3,31.9,0.00,11,6,6,0,740.1,597.3,142.8,752.2,1098.4
2023-10-25T05:00,28.4,65,21.2,31.0,0.00,16,5,12,0,681.6,539.5,142.1,727.2,1026.3
2023-10-25T06:00,27.8,66,20.8,29.7,0.00,17,11,7,0,550.9,417.3,133.6,659.0,876.0
2023-10-25T07:00,27.2,67,20.6,28.8,0.00,29,25,5,0,365.5,256.5,109.1,539.5,657.7
2023-10-25T08:00,26.4,70,20.5,28.1,0.00,24,20,5,0,202.1,131.5,70.5,471.2,386.2
2023-10-25T09:00,25.4,74,20.5,27.5,0.00,14,12,2,0,33.7,18.1,15.7,207.1,80.1
2023-10-25T10:00,24.4,79,20.5,26.8,0.00,32,11,0,23,0.0,0.0,0.0,0.0,0.0
2023-10-25T11:00,23.9,81,20.4,26.4,0.00,49,5,0,46,0.0,0.0,0.0,0.0,0.0
2023-10-25T12:00,23.5,82,20.3,25.9,0.00,33,2,0,32,0.0,0.0,0.0,0.0,0.0
2023-10-25T13:00,23.6,85,20.9,26.4,0.00,7,1,0,6,0.0,0.0,0.0,0.0,0.0
2023-10-25T14:00,23.5,85,20.8,26.2,0.00,82,1,0,82,0.0,0.0,0.0,0.0,0.0
2023-10-25T15:00,23.1,86,20.7,25.7,0.00,28,0,0,28,0.0,0.0,0.0,0.0,0.0
2023-10-25T16:00,22.8,87,20.6,25.2,0.00,26,2,1,24,0.0,0.0,0.0,0.0,0.0
2023-10-25T17:00,22.8,88,20.7,25.1,0.00,99,2,0,99,0.0,0.0,0.0,0.0,0.0
2023-10-25T18:00,22.5,90,20.7,24.9,0.00,95,0,0,95,0.0,0.0,0.0,0.0,0.0
2023-10-25T19:00,22.3,90,20.6,24.7,0.00,89,0,0,89,0.0,0.0,0.0,0.0,0.0
2023-10-25T20:00,22.1,91,20.6,24.7,0.00,100,0,0,100,0.0,0.0,0.0,0.0,0.0
2023-10-25T21:00,22.0,91,20.6,24.6,0.00,47,0,0,47,0.0,0.0,0.0,0.0,0.0
2023-10-25T22:00,21.9,92,20.6,24.6,0.00,1,0,0,0,0.0,0.0,0.0,0.0,0.0
2023-10-25T23:00,23.4,87,21.1,26.1,0.00,3,0,0,2,127.6,68.9,58.7,312.7,304.7
2023-10-26T00:00,25.4,79,21.5,28.2,0.00,34,7,1,29,328.1,226.1,102.0,533.2,586.9
2023-10-26T01:00,27.4,69,21.3,29.4,0.00,64,3,0,63,515.5,390.4,125.1,658.3,820.6
2023-10-26T02:00,28.3,63,20.7,30.4,0.00,89,3,0,89,664.9,544.3,120.6,761.1,989.8
2023-10-26T03:00,28.9,61,20.7,31.7,0.00,47,4,0,45,749.7,607.5,142.3,776.2,1083.1
2023-10-26T04:00,29.5,59,20.6,32.8,0.00,97,3,2,97,775.0,654.1,120.8,827.5,1094.0
2023-10-26T05:00,29.7,58,20.5,33.1,0.00,30,1,10,22,686.3,547.1,139.2,741.0,1021.8
2023-10-26T06:00,29.7,55,19.6,32.3,0.10,33,14,24,0,556.2,409.8,146.4,650.8,871.5
2023-10-26T07:00,28.0,64,20.6,29.9,0.00,31,4,29,1,309.0,200.9,108.1,425.7,653.2
2023-10-26T08:00,26.7,68,20.3,28.2,0.00,100,21,100,1,187.6,113.6,74.0,411.7,381.9
2023-10-26T09:00,25.7,71,20.1,27.5,0.00,100,15,100,7,14.1,1.3,12.8,15.1,76.0
2023-10-26T10:00,25.3,73,20.1,27.1,0.00,100,2,100,24,0.0,0.0,0.0,0.0,0.0
2023-10-26T11:00,24.9,74,20.1,26.9,0.00,100,1,100,8,0.0,0.0,0.0,0.0,0.0
2023-10-26T12:00,24.8,75,20.1,26.7,0.00,100,0,100,1,0.0,0.0,0.0,0.0,0.0
2023-10-26T13:00,24.4,78,20.3,26.9,0.00,100,0,100,0,0.0,0.0,0.0,0.0,0.0
2023-10-26T14:00,24.7,77,20.5,27.4,0.00,100,4,100,21,0.0,0.0,0.0,0.0,0.0
2023-10-26T15:00,24.5,80,20.8,27.3,0.00,100,6,100,4,0.0,0.0,0.0,0.0,0.0
2023-10-26T16:00,24.4,79,20.6,26.9,0.00,100,2,100,0,0.0,0.0,0.0,0.0,0.0
2023-10-26T17:00,24.2,79,20.3,26.9,0.00,100,0,100,1,0.0,0.0,0.0,0.0,0.0
2023-10-26T18:00,24.0,80,20.3,26.6,0.00,100,0,100,61,0.0,0.0,0.0,0.0,0.0
2023-10-26T19:00,23.7,83,20.5,26.6,0.20,100,0,100,81,0.0,0.0,0.0,0.0,0.0
2023-10-26T20:00,23.3,86,20.8,26.4,0.20,100,0,100,38,0.0,0.0,0.0,0.0,0.0
2023-10-26T21:00,23.2,87,21.0,26.3,0.00,100,0,100,64,0.0,0.0,0.0,0.0,0.0
2023-10-26T22:00,23.1,87,20.9,26.0,0.00,100,1,100,51,0.0,0.0,0.0,0.0,0.0
2023-10-26T23:00,23.4,86,21.0,26.3,0.40,94,1,94,0,32.7,0.0,32.7,0.0,301.4
2023-10-27T00:00,24.6,80,21.0,27.3,0.00,100,20,100,0,172.8,38.0,134.8,90.1,583.3
2023-10-27T01:00,25.2,77,20.8,27.2,0.00,89,22,86,2,390.6,201.7,188.9,341.9,816.7
2023-10-27T02:00,25.0,76,20.5,26.8,0.00,100,10,100,21,327.1,78.2,248.9,109.9,985.7
2023-10-27T03:00,24.1,80,20.4,26.1,0.00,100,10,100,0,142.3,3.1,139.2,4.0,1078.8
2023-10-27T04:00,24.5,77,20.2,26.1,0.10,96,27,93,16,269.6,33.0,236.7,41.9,1089.6
2023-10-27T05:00,25.3,74,20.4,26.9,0.10,72,20,59,19,431.8,178.5,253.3,242.9,1017.4
2023-10-27T06:00,25.4,73,20.2,27.1,0.00,96,20,95,22,412.4,205.7,206.6,328.6,867.0
2023-10-27T07:00,24.5,76,19.9,26.1,0.20,90,26,60,66,187.1,17.0,170.1,36.3,648.8
2023-10-27T08:00,23.8,79,20.0,25.5,0.00,89,59,66,21,129.3,41.6,87.7,152.7,377.6
2023-10-27T09:00,22.9,83,19.9,24.7,0.00,57,37,18,19,16.8,3.2,13.6,36.4,71.9
2023-10-27T10:00,22.1,87,19.8,24.0,0.00,77,7,12,72,0.0,0.0,0.0,0.0,0.0
2023-10-27T11:00,22.0,86,19.6,23.7,0.00,39,15,24,11,0.0,0.0,0.0,0.0,0.0
2023-10-27T12:00,22.3,83,19.3,23.9,0.00,66,12,65,0,0.0,0.0,0.0,0.0,0.0
2023-10-27T13:00,22.2,82,18.9,24.1,0.00,88,7,88,0,0.0,0.0,0.0,0.0,0.0
2023-10-27T14:00,22.7,78,18.6,24.4,0.00,94,4,94,0,0.0,0.0,0.0,0.0,0.0
2023-10-27T15:00,22.8,76,18.4,24.2,0.10,74,12,70,0,0.0,0.0,0.0,0.0,0.0
2023-10-27T16:00,22.5,77,18.4,23.7,0.00,77,0,77,0,0.0,0.0,0.0,0.0,0.0
2023-10-27T17:00,22.3,79,18.4,23.5,0.00,89,3,73,62,0.0,0.0,0.0,0.0,0.0
2023-10-27T18:00,22.1,81,18.6,24.0,0.40,99,5,99,10,0.0,0.0,0.0,0.0,0.0
2023-10-27T19:00,21.2,90,19.5,23.5,1.80,100,97,100,14,0.0,0.0,0.0,0.0,0.0
2023-10-27T20:00,21.0,89,19.2,22.7,1.00,100,100,100,4,0.0,0.0,0.0,0.0,0.0
2023-10-27T21:00,20.6,87,18.3,21.9,0.60,100,30,100,1,0.0,0.0,0.0,0.0,0.0
2023-10-27T22:00,20.6,89,18.6,22.0,0.10,100,100,100,37,0.0,0.0,0.0,0.0,0.0
2023-10-27T23:00,20.7,92,19.4,22.6,0.60,100,33,100,16,24.8,0.0,24.8,0.0,298.0
2023-10-28T00:00,20.9,93,19.6,22.7,9.60,91,7,90,0,42.0,0.0,42.0,0.0,579.7
2023-10-28T01:00,20.5,93,19.4,22.0,2.80,100,24,100,3,74.2,0.0,74.2,0.0,812.8
2023-10-28T02:00,21.5,87,19.2,22.4,1.30,100,50,100,0,233.7,39.1,194.6,55.2,981.6
2023-10-28T03:00,22.4,81,19.0,23.1,0.10,100,69,100,0,355.2,109.0,246.1,140.6,1074.5
2023-10-28T04:00,22.5,80,18.8,22.8,0.00,72,33,59,0,259.6,15.0,244.7,19.1,1085.2
2023-10-28T05:00,23.2,76,18.7,23.5,0.10,79,37,67,0,404.9,169.8,235.1,232.3,1012.9
2023-10-28T06:00,23.3,73,18.1,23.4,0.10,79,57,51,0,295.2,129.8,165.4,208.5,862.6
2023-10-28T07:00,23.4,67,17.0,23.1,0.00,44,24,34,0,252.3,102.0,150.4,219.2,644.4
2023-10-28T08:00,23.1,65,16.2,22.8,0.00,48,34,34,0,158.1,76.5,81.6,283.9,373.4
2023-10-28T09:00,22.5,66,15.9,22.6,0.00,35,15,24,0,19.5,7.3,12.2,84.0,67.9
2023-10-28T10:00,22.1,68,15.9,22.3,0.00,24,7,19,0,0.0,0.0,0.0,0.0,0.0
2023-10-28T11:00,21.6,70,15.8,22.1,0.00,14,2,13,0,0.0,0.0,0.0,0.0,0.0
2023-10-28T12:00,20.9,73,15.9,21.7,0.00,10,5,5,0,0.0,0.0,0.0,0.0,0.0
2023-10-28T13:00,21.1,76,16.7,21.2,0.00,34,13,23,0,0.0,0.0,0.0,0.0,0.0
2023-10-28T14:00,21.1,75,16.4,21.5,0.00,48,16,38,0,0.0,0.0,0.0,0.0,0.0
2023-10-28T15:00,20.9,74,16.2,21.5,0.00,41,11,34,0,0.0,0.0,0.0,0.0,0.0
2023-10-28T16:00,20.6,76,16.3,21.2,0.00,47,8,43,0,0.0,0.0,0.0,0.0,0.0
2023-10-28T17:00,20.2,83,17.3,21.2,0.00,63,3,62,0,0.0,0.0,0.0,0.0,0.0
2023-10-28T18:00,20.4,88,18.3,21.6,0.30,64,7,62,0,0.0,0.0,0.0,0.0,0.0
2023-10-28T19:00,20.7,90,19.0,22.1,0.20,88,3,88,0,0.0,0.0,0.0,0.0,0.0
2023-10-28T20:00,20.7,91,19.1,22.2,0.20,78,4,77,0,0.0,0.0,0.0,0.0,0.0
2023-10-28T21:00,20.6,91,19.2,22.2,0.20,68,4,67,0,0.0,0.0,0.0,0.0,0.0
2023-10-28T22:00,20.4,93,19.3,22.1,0.30,94,79,73,0,0.0,0.0,0.0,0.0,0.0
2023-10-28T23:00,21.2,90,19.5,22.8,0.10,99,97,70,0,48.1,14.6,33.5,68.9,294.7
2023-10-29T00:00,21.6,87,19.4,23.0,0.10,100,100,94,0,101.1,26.3,74.9,63.2,576.0
2023-10-29T01:00,22.6,79,18.7,23.2,0.00,98,96,47,0,246.0,87.0,159.0,149.1,808.9
2023-10-29T02:00,23.6,72,18.3,23.8,0.00,88,79,42,0,387.1,113.1,274.0,160.4,977.4
2023-10-29T03:00,23.5,73,18.3,23.8,0.00,78,67,34,0,338.6,73.7,264.8,95.5,1070.2
2023-10-29T04:00,23.8,70,17.9,23.8,0.00,95,91,39,0,374.4,66.9,307.5,85.8,1080.7
2023-10-29T05:00,23.6,68,17.5,23.5,0.00,97,95,45,0,331.9,81.5,250.4,112.1,1008.4
2023-10-29T06:00,23.7,67,17.3,23.7,0.00,58,42,28,1,298.7,37.5,261.3,60.5,858.1
2023-10-29T07:00,23.1,68,16.8,22.9,0.00,33,13,23,0,281.8,130.7,151.1,283.1,640.1
2023-10-29T08:00,22.2,71,16.8,22.2,0.00,28,8,22,0,170.7,96.6,74.1,362.8,369.3
2023-10-29T09:00,21.3,77,17.2,22.0,0.00,26,10,18,0,25.2,12.3,12.9,141.1,64.0
2023-10-29T10:00,20.7,80,17.1,21.7,0.00,18,3,16,0,0.0,0.0,0.0,0.0,0.0
2023-10-29T11:00,20.4,81,17.1,21.3,0.00,11,1,10,0,0.0,0.0,0.0,0.0,0.0
2023-10-29T12:00,20.2,83,17.2,21.4,0.00,2,0,2,0,0.0,0.0,0.0,0.0,0.0
2023-10-29T13:00,21.1,87,18.8,22.7,0.00,27,5,24,1,0.0,0.0,0.0,0.0,0.0
2023-10-29T14:00,21.0,84,18.1,22.1,0.00,29,8,23,4,0.0,0.0,0.0,0.0,0.0
2023-10-29T15:00,20.9,82,17.6,21.8,0.00,22,7,18,0,0.0,0.0,0.0,0.0,0.0
2023-10-29T16:00,20.6,82,17.3,21.5,0.00,12,5,8,0,0.0,0.0,0.0,0.0,0.0
2023-10-29T17:00,20.5,81,17.1,21.3,0.00,80,7,79,1,0.0,0.0,0.0,0.0,0.0
2023-10-29T18:00,20.7,80,17.1,21.7,0.00,100,12,64,100,0.0,0.0,0.0,0.0,0.0
2023-10-29T19:00,20.4,83,17.4,21.7,0.00,94,7,93,9,0.0,0.0,0.0,0.0,0.0
2023-10-29T20:00,20.6,84,17.8,22.2,0.00,61,24,57,0,0.0,0.0,0.0,0.0,0.0
2023-10-29T21:00,20.2,88,18.1,21.9,0.00,62,37,47,0,0.0,0.0,0.0,0.0,0.0
2023-10-29T22:00,20.5,88,18.4,22.5,0.00,80,57,55,0,0.0,0.0,0.0,0.0,0.0
2023-10-29T23:00,21.5,86,19.1,23.9,0.00,88,83,29,0,67.7,16.9,50.8,80.7,291.2
2023-10-30T00:00,23.0,79,19.2,25.0,0.00,51,36,28,0,223.7,90.8,132.9,220.0,572.3
2023-10-30T01:00,24.1,78,20.1,26.4,0.00,70,62,23,0,321.6,141.6,180.0,244.0,804.9
2023-10-30T02:00,24.2,78,20.1,26.8,0.30,88,83,28,0,273.0,63.1,209.9,89.9,973.3
2023-10-30T03:00,25.2,75,20.4,27.6,0.00,34,27,9,0,468.5,195.3,273.2,254.1,1065.8
2023-10-30T04:00,25.3,73,20.2,27.6,0.10,42,35,10,0,412.4,103.8,308.5,133.8,1076.3
2023-10-30T05:00,25.3,73,20.2,27.6,0.10,35,20,18,0,422.9,137.1,285.8,189.5,1003.9
2023-10-30T06:00,25.6,70,19.7,27.9,0.10,69,56,32,0,524.2,379.0,145.2,615.7,853.7
2023-10-30T07:00,24.7,74,19.7,27.1,0.20,44,34,19,0,261.2,139.1,122.1,303.4,635.8
2023-10-30T08:00,24.0,77,19.7,26.2,0.00,50,41,16,0,149.2,81.1,68.1,308.2,365.2
2023-10-30T09:00,23.1,81,19.6,25.6,0.00,20,13,7,0,21.9,9.5,12.3,109.3,60.1
2023-10-30T10:00,21.8,88,19.8,24.8,0.00,29,21,11,0,0.0,0.0,0.0,0.0,0.0
2023-10-30T11:00,21.4,92,20.0,24.6,0.00,42,16,30,0,0.0,0.0,0.0,0.0,0.0
2023-10-30T12:00,21.2,93,20.0,24.5,0.00,58,40,30,0,0.0,0.0,0.0,0.0,0.0
2023-10-30T13:00,21.2,91,19.7,23.8,0.00,63,55,17,0,0.0,0.0,0.0,0.0,0.0
2023-10-30T14:00,21.5,90,19.8,24.0,0.00,66,64,9,0,0.0,0.0,0.0,0.0,0.0
2023-10-30T15:00,21.7,89,19.8,23.8,0.00,96,96,14,0,0.0,0.0,0.0,0.0,0.0
2023-10-30T16:00,21.6,90,19.8,23.7,0.00,45,32,19,0,0.0,0.0,0.0,0.0,0.0
2023-10-30T17:00,21.2,91,19.8,23.3,0.00,26,5,25,0,0.0,0.0,0.0,0.0,0.0
2023-10-30T18:00,20.7,94,19.6,22.8,0.00,62,56,18,0,0.0,0.0,0.0,0.0,0.0
2023-10-30T19:00,21.0,92,19.6,23.0,0.00,49,40,24,0,0.0,0.0,0.0,0.0,0.0
2023-10-30T20:00,20.7,92,19.4,22.9,0.00,30,29,10,0,0.0,0.0,0.0,0.0,0.0
2023-10-30T21:00,20.8,92,19.4,22.9,0.00,59,56,16,0,0.0,0.0,0.0,0.0,0.0
2023-10-30T22:00,21.1,90,19.3,23.2,0.00,91,89,17,10,0.0,0.0,0.0,0.0,0.0
2023-10-30T23:00,21.8,85,19.2,23.1,0.00,34,11,4,25,70.2,17.0,53.2,82.0,287.7
2023-10-31T00:00,23.2,79,19.4,24.4,0.00,90,34,7,84,257.0,143.7,113.4,350.6,568.5
2023-10-31T01:00,24.5,75,19.8,25.3,0.00,14,14,2,0,392.7,195.2,197.5,338.1,800.9
2023-10-31T02:00,26.0,67,19.5,26.6,0.10,26,24,14,0,647.3,513.5,133.8,735.2,969.0
2023-10-31T03:00,26.0,72,20.5,27.2,0.40,87,85,28,0,681.4,506.9,174.5,662.7,1061.4
2023-10-31T04:00,25.9,68,19.6,26.3,0.10,16,4,13,0,507.2,220.7,286.6,285.7,1071.8
2023-10-31T05:00,26.2,64,18.8,26.4,0.10,95,15,13,94,604.1,455.5,148.6,632.4,999.5
2023-10-31T06:00,26.0,65,18.8,25.6,0.10,92,10,6,91,507.5,342.3,165.2,559.3,849.3
2023-10-31T07:00,25.5,67,18.8,25.2,0.00,98,15,6,97,397.4,300.8,96.6,660.9,631.6
2023-10-31T08:00,24.5,71,19.0,25.1,0.10,100,43,3,100,174.8,108.4,66.5,416.4,361.1
2023-10-31T09:00,23.8,74,18.8,24.5,0.00,100,14,8,100,19.0,9.6,9.4,110.5,56.4
2023-10-31T10:00,23.2,74,18.4,24.0,0.00,96,11,18,95,0.0,0.0,0.0,0.0,0.0
2023-10-31T11:00,22.9,75,18.3,23.9,0.00,56,6,6,51,0.0,0.0,0.0,0.0,0.0
2023-10-31T12:00,22.6,78,18.6,23.8,0.00,93,6,16,91,0.0,0.0,0.0,0.0,0.0
2023-10-31T13:00,22.5,85,19.9,23.9,0.20,66,2,65,2,0.0,0.0,0.0,0.0,0.0
2023-10-31T14:00,22.2,87,19.9,23.7,0.30,88,7,88,0,0.0,0.0,0.0,0.0,0.0
2023-10-31T15:00,22.1,87,19.8,23.3,0.10,19,12,10,0,0.0,0.0,0.0,0.0,0.0
2023-10-31T16:00,21.7,87,19.4,23.0,0.00,53,2,53,0,0.0,0.0,0.0,0.0,0.0
2023-10-31T17:00,21.3,89,19.4,22.8,0.00,89,4,88,0,0.0,0.0,0.0,0.0,0.0
2023-10-31T18:00,21.7,87,19.4,23.4,0.00,28,3,22,5,0.0,0.0,0.0,0.0,0.0
2023-10-31T19:00,21.6,87,19.3,23.3,0.00,27,4,19,7,0.0,0.0,0.0,0.0,0.0
2023-10-31T20:00,21.5,87,19.2,23.3,0.00,25,3,5,19,0.0,0.0,0.0,0.0,0.0
2023-10-31T21:00,21.1,88,19.1,23.3,0.00,47,5,1,43,0.0,0.0,0.0,0.0,0.0
2023-10-31T22:00,21.0,89,19.1,23.1,0.00,22,9,0,15,0.0,0.0,0.0,0.0,0.0
2023-10-31T23:00,22.3,84,19.5,24.2,0.00,30,8,0,25,108.5,48.9,59.6,239.1,284.2
2023-11-01T00:00,24.5,75,19.7,25.6,0.00,34,7,0,28,287.9,178.3,109.6,438.2,564.7
2023-11-01T01:00,25.9,66,19.1,26.4,0.00,64,12,1,59,449.9,272.0,177.9,473.9,796.9
2023-11-01T02:00,27.3,59,18.7,27.4,0.00,67,30,1,53,613.7,442.9,170.8,637.3,964.8
2023-11-01T03:00,27.7,58,18.6,28.1,0.00,51,39,1,20,638.9,450.9,188.0,592.2,1057.1
2023-11-01T04:00,27.8,58,18.8,28.2,0.00,64,25,0,52,623.0,432.3,190.7,562.3,1067.4
2023-11-01T05:00,27.6,59,18.9,28.3,0.00,15,12,3,0,603.0,431.4,171.6,602.0,995.0
2023-11-01T06:00,27.5,59,18.8,27.6,0.00,17,10,8,0,504.6,348.6,156.0,572.7,845.0
2023-11-01T07:00,27.0,61,19.0,27.3,0.00,23,13,13,0,365.7,257.3,108.4,569.5,627.4
2023-11-01T08:00,26.0,65,18.8,26.2,0.00,24,5,20,0,183.0,118.1,64.8,459.2,357.2
2023-11-01T09:00,24.5,72,19.0,25.1,0.00,25,6,21,0,21.1,9.9,11.2,114.0,52.7
2023-11-01T10:00,23.6,76,19.1,24.1,0.00,19,12,9,0,0.0,0.0,0.0,0.0,0.0
2023-11-01T11:00,23.5,78,19.4,24.1,0.00,66,28,54,0,0.0,0.0,0.0,0.0,0.0
2023-11-01T12:00,23.4,79,19.6,24.1,0.00,98,27,97,0,0.0,0.0,0.0,0.0,0.0
2023-11-01T13:00,23.9,79,20.0,24.8,0.00,33,25,10,0,0.0,0.0,0.0,0.0,0.0
2023-11-01T14:00,23.7,81,20.2,24.8,0.00,28,19,12,0,0.0,0.0,0.0,0.0,0.0
2023-11-01T15:00,23.2,83,20.2,24.6,0.00,66,9,5,61,0.0,0.0,0.0,0.0,0.0
2023-11-01T16:00,22.7,86,20.3,24.4,0.00,56,20,2,44,0.0,0.0,0.0,0.0,0.0
2023-11-01T17:00,22.4,88,20.3,24.7,0.00,77,10,4,73,0.0,0.0,0.0,0.0,0.0
2023-11-01T18:00,22.0,90,20.3,24.7,0.00,75,10,3,71,0.0,0.0,0.0,0.0,0.0
2023-11-01T19:00,21.8,91,20.3,24.5,0.00,88,6,3,87,0.0,0.0,0.0,0.0,0.0
2023-11-01T20:00,21.6,93,20.3,24.3,0.00,67,4,1,66,0.0,0.0,0.0,0.0,0.0
2023-11-01T21:00,21.3,93,20.2,24.1,0.00,57,3,0,55,0.0,0.0,0.0,0.0,0.0
2023-11-01T22:00,21.2,94,20.2,24.0,0.00,1,1,0,0,0.0,0.0,0.0,0.0,0.0
2023-11-01T23:00,22.5,88,20.4,25.2,0.00,1,1,0,0,115.0,57.5,57.5,284.6,280.7
2023-11-02T00:00,24.7,79,20.8,27.5,0.00,4,4,0,0,316.2,219.6,96.6,543.8,560.9
2023-11-02T01:00,26.8,72,21.3,29.8,0.00,2,2,1,0,503.7,389.7,114.0,682.8,792.8
2023-11-02T02:00,28.2,64,20.8,30.8,0.00,2,2,0,0,645.5,522.5,123.0,755.5,960.5
2023-11-02T03:00,29.0,60,20.5,32.0,0.00,4,4,0,0,740.8,623.4,117.4,822.6,1052.7
2023-11-02T04:00,29.8,56,20.2,32.9,0.00,4,1,3,0,746.8,630.0,116.8,823.3,1062.9
2023-11-02T05:00,29.9,56,20.1,32.8,0.00,17,4,16,0,668.1,546.4,121.7,766.2,990.6
2023-11-02T06:00,29.8,56,19.9,32.0,0.00,14,7,10,0,519.9,405.0,114.9,669.2,840.7
2023-11-02T07:00,29.3,57,19.9,31.4,0.00,13,6,8,0,371.3,277.4,93.9,618.3,623.3
2023-11-02T08:00,28.2,61,20.1,30.6,0.00,17,11,12,0,191.8,133.6,58.2,525.3,353.3
2023-11-02T09:00,26.7,69,20.5,29.7,0.00,11,2,10,0,20.5,11.1,9.4,127.6,49.1
2023-11-02T10:00,25.0,78,20.9,28.5,0.00,7,0,7,0,0.0,0.0,0.0,0.0,0.0
2023-11-02T11:00,23.8,85,21.1,27.4,0.00,13,0,3,10,0.0,0.0,0.0,0.0,0.0
2023-11-02T12:00,22.9,89,21.0,26.5,0.00,53,0,20,41,0.0,0.0,0.0,0.0,0.0
2023-11-02T13:00,23.0,91,21.5,26.9,0.00,35,0,35,0,0.0,0.0,0.0,0.0,0.0
2023-11-02T14:00,23.1,90,21.4,27.0,0.00,70,0,70,0,0.0,0.0,0.0,0.0,0.0
2023-11-02T15:00,23.0,90,21.3,26.8,0.00,71,0,71,0,0.0,0.0,0.0,0.0,0.0
2023-11-02T16:00,22.7,91,21.1,26.4,0.00,9,0,9,0,0.0,0.0,0.0,0.0,0.0
2023-11-02T17:00,21.8,93,20.7,25.4,0.00,5,0,4,0,0.0,0.0,0.0,0.0,0.0
2023-11-02T18:00,20.6,95,19.9,23.7,0.00,5,0,5,0,0.0,0.0,0.0,0.0,0.0
2023-11-02T19:00,20.9,94,19.9,24.3,0.00,6,0,6,0,0.0,0.0,0.0,0.0,0.0
2023-11-02T20:00,19.8,96,19.2,22.8,0.00,0,0,0,0,0.0,0.0,0.0,0.0,0.0
2023-11-02T21:00,19.4,96,18.7,22.1,0.00,0,0,0,0,0.0,0.0,0.0,0.0,0.0
2023-11-02T22:00,19.7,94,18.7,22.5,0.00,0,0,0,0,0.0,0.0,0.0,0.0,0.0
2023-11-02T23:00,21.8,88,19.8,25.2,0.00,1,0,0,1,117.3,64.0,53.3,320.8,277.1
2023-11-03T00:00,24.2,76,19.8,27.9,0.00,26,0,0,26,322.1,232.0,90.1,578.7,557.1
2023-11-03T01:00,26.1,67,19.4,29.5,0.00,0,0,0,0,520.3,417.9,102.4,736.4,788.7
2023-11-03T02:00,27.8,62,19.7,31.8,0.00,0,0,0,0,668.5,560.7,107.8,814.9,956.3
2023-11-03T03:00,29.3,54,19.2,33.9,0.00,0,0,0,0,753.4,645.3,108.1,855.5,1048.3
2023-11-03T04:00,30.1,50,18.6,34.5,0.00,1,1,0,0,743.8,625.0,118.8,820.6,1058.5
2023-11-03T05:00,30.2,50,18.7,33.6,0.00,24,14,2,12,638.3,514.7,123.6,725.3,986.3
2023-11-03T06:00,29.6,56,19.8,32.2,0.00,29,28,3,0,452.2,304.5,147.7,506.0,836.5
2023-11-03T07:00,28.9,60,20.2,31.5,0.10,27,21,19,0,323.6,222.2,101.4,498.8,619.3
2023-11-03T08:00,28.2,61,20.0,30.6,0.10,26,18,13,1,192.0,132.5,59.5,526.9,349.5
2023-11-03T09:00,26.7,66,19.9,29.2,0.00,17,9,11,1,18.5,9.1,9.4,104.9,45.6
2023-11-03T10:00,25.4,74,20.4,28.0,0.00,13,0,9,4,0.0,0.0,0.0,0.0,0.0
2023-11-03T11:00,24.2,82,20.9,27.2,0.00,19,0,7,12,0.0,0.0,0.0,0.0,0.0
2023-11-03T12:00,23.5,86,20.9,26.5,0.00,2,0,1,0,0.0,0.0,0.0,0.0,0.0
2023-11-03T13:00,23.2,90,21.4,26.8,0.00,0,0,0,0,0.0,0.0,0.0,0.0,0.0
2023-11-03T14:00,22.8,90,21.1,26.3,0.00,0,0,0,0,0.0,0.0,0.0,0.0,0.0
2023-11-03T15:00,22.4,91,20.9,25.8,0.00,0,0,0,0,0.0,0.0,0.0,0.0,0.0
2023-11-03T16:00,21.8,92,20.5,25.2,0.00,2,2,0,0,0.0,0.0,0.0,0.0,0.0
2023-11-03T17:00,21.2,93,20.0,24.4,0.00,5,1,4,0,0.0,0.0,0.0,0.0,0.0
2023-11-03T18:00,20.8,93,19.6,23.7,0.00,3,0,3,0,0.0,0.0,0.0,0.0,0.0
2023-11-03T19:00,20.5,93,19.3,23.2,0.00,0,0,0,0,0.0,0.0,0.0,0.0,0.0
2023-11-03T20:00,20.9,91,19.4,23.9,0.00,0,0,0,0,0.0,0.0,0.0,0.0,0.0
2023-11-03T21:00,20.4,93,19.2,23.4,0.00,1,1,0,0,0.0,0.0,0.0,0.0,0.0
2023-11-03T22:00,19.5,95,18.7,22.1,0.00,1,0,1,0,0.0,0.0,0.0,0.0,0.0
2023-11-03T23:00,21.9,88,19.9,25.0,0.00,2,0,2,0,111.0,57.6,53.4,293.0,273.5
2023-11-04T00:00,24.8,74,19.8,27.9,0.00,0,0,0,0,314.7,224.4,90.3,564.1,553.2
2023-11-04T01:00,27.5,65,20.3,30.4,0.00,0,0,0,0,512.5,411.2,101.3,728.7,784.6
2023-11-04T02:00,29.1,58,20.0,31.9,0.00,0,0,0,0,662.2,556.5,105.6,812.9,952.0
2023-11-04T03:00,30.0,52,19.2,33.1,0.00,1,1,0,0,745.1,635.0,110.2,845.8,1043.9
2023-11-04T04:00,30.6,50,19.1,34.2,0.00,1,1,0,0,743.8,620.0,123.8,817.8,1054.1
2023-11-04T05:00,31.0,48,18.8,35.0,0.00,6,1,5,0,682.3,573.1,109.2,811.5,982.0
2023-11-04T06:00,30.9,48,18.7,34.0,0.00,13,10,4,0,539.6,431.1,108.5,720.3,832.3
2023-11-04T07:00,30.2,53,19.5,33.0,0.00,28,12,3,17,368.1,276.9,91.2,625.9,615.3
2023-11-04T08:00,29.2,57,19.9,32.8,0.00,10,6,6,0,190.0,133.6,56.4,537.1,345.9
2023-11-04T09:00,28.1,60,19.7,31.5,0.00,8,6,2,0,18.3,10.1,8.2,116.2,42.2
2023-11-04T10:00,25.0,79,21.0,28.6,0.00,1,0,0,0,0.0,0.0,0.0,0.0,0.0
2023-11-04T11:00,24.2,81,20.8,27.8,0.00,1,0,1,0,0.0,0.0,0.0,0.0,0.0
2023-11-04T12:00,23.7,85,21.0,27.3,0.00,3,1,3,0,0.0,0.0,0.0,0.0,0.0
2023-11-04T13:00,23.6,89,21.6,27.4,0.00,23,1,0,22,0.0,0.0,0.0,0.0,0.0
2023-11-04T14:00,23.0,93,21.7,26.9,0.00,2,2,0,0,0.0,0.0,0.0,0.0,0.0
2023-11-04T15:00,22.8,94,21.7,26.6,0.00,43,3,0,42,0.0,0.0,0.0,0.0,0.0
2023-11-04T16:00,22.8,93,21.6,26.6,0.00,44,0,0,44,0.0,0.0,0.0,0.0,0.0
2023-11-04T17:00,22.7,92,21.4,26.5,0.00,19,1,0,18,0.0,0.0,0.0,0.0,0.0
2023-11-04T18:00,22.2,93,21.1,26.0,0.00,1,1,0,0,0.0,0.0,0.0,0.0,0.0
2023-11-04T19:00,21.8,94,20.8,25.4,0.00,1,1,0,1,0.0,0.0,0.0,0.0,0.0
2023-11-04T20:00,21.1,96,20.4,24.5,0.00,1,1,0,0,0.0,0.0,0.0,0.0,0.0
2023-11-04T21:00,20.5,98,20.2,23.9,0.00,1,1,0,0,0.0,0.0,0.0,0.0,0.0
2023-11-04T22:00,20.3,99,20.2,23.8,0.00,1,1,0,0,0.0,0.0,0.0,0.0,0.0
2023-11-04T23:00,22.0,97,21.5,26.2,0.00,1,1,0,0,102.6,51.3,51.3,264.4,269.9
2023-11-05T00:00,24.9,80,21.2,29.1,0.00,0,0,0,0,303.4,206.3,97.1,522.4,549.3
2023-11-05T01:00,27.1,71,21.4,31.5,0.00,0,0,0,0,500.1,397.5,102.6,708.5,780.5
2023-11-05T02:00,28.8,61,20.7,32.8,0.00,0,0,0,0,645.0,533.8,111.1,783.7,947.7
2023-11-05T03:00,30.2,53,19.6,34.0,0.00,0,0,0,0,727.6,614.3,113.3,822.1,1039.6
2023-11-05T04:00,31.3,47,18.5,34.7,0.00,0,0,0,0,737.8,625.0,112.8,828.3,1049.8
2023-11-05T05:00,31.4,48,19.0,34.5,0.00,1,1,0,0,660.2,544.2,115.9,774.4,977.7
2023-11-05T06:00,30.9,53,20.4,34.2,0.00,1,1,0,0,553.1,451.0,102.0,757.7,828.2
2023-11-05T07:00,30.6,55,20.6,33.8,0.00,6,6,2,0,383.9,300.3,83.5,683.4,611.5
2023-11-05T08:00,29.9,57,20.6,33.2,0.00,7,7,0,0,192.3,136.1,56.3,553.1,342.3
2023-11-05T09:00,27.6,71,21.8,31.8,0.00,6,6,0,0,17.4,9.9,7.5,113.7,38.9
2023-11-05T10:00,27.6,68,21.2,31.6,0.00,0,0,0,0,0.0,0.0,0.0,0.0,0.0
2023-11-05T11:00,26.1,77,21.8,30.6,0.00,0,0,0,0,0.0,0.0,0.0,0.0,0.0
2023-11-05T12:00,25.8,79,22.0,30.5,0.00,19,0,0,19,0.0,0.0,0.0,0.0,0.0
2023-11-05T13:00,24.6,84,21.7,29.0,0.00,58,0,0,58,0.0,0.0,0.0,0.0,0.0
2023-11-05T14:00,23.3,90,21.6,27.5,0.00,50,2,0,49,0.0,0.0,0.0,0.0,0.0
2023-11-05T15:00,22.6,93,21.4,26.8,0.00,95,7,0,94,0.0,0.0,0.0,0.0,0.0
2023-11-05T16:00,22.3,93,21.1,26.4,0.00,12,10,0,3,0.0,0.0,0.0,0.0,0.0
2023-11-05T17:00,21.8,94,20.8,25.6,0.00,15,8,0,8,0.0,0.0,0.0,0.0,0.0
2023-11-05T18:00,21.4,94,20.4,24.8,0.00,40,0,0,40,0.0,0.0,0.0,0.0,0.0
2023-11-05T19:00,21.8,91,20.2,25.2,0.00,25,0,0,25,0.0,0.0,0.0,0.0,0.0
2023-11-05T20:00,22.4,86,19.8,25.7,0.00,94,0,0,94,0.0,0.0,0.0,0.0,0.0
2023-11-05T21:00,21.8,86,19.3,24.7,0.00,7,0,0,7,0.0,0.0,0.0,0.0,0.0
2023-11-05T22:00,23.8,74,18.8,26.8,0.00,2,2,0,0,0.0,0.0,0.0,0.0,0.0
2023-11-05T23:00,23.8,75,19.0,26.9,0.00,0,0,0,0,102.7,53.5,49.2,279.7,266.2
2023-11-06T00:00,25.7,67,19.2,29.1,0.00,3,3,1,0,300.0,208.0,92.0,530.9,545.4
2023-11-06T01:00,28.6,55,18.7,31.2,0.00,0,0,0,0,494.6,390.8,103.8,700.6,776.3
2023-11-06T02:00,30.1,54,19.7,32.6,0.00,24,3,0,22,637.5,526.4,111.2,776.6,943.4
2023-11-06T03:00,31.4,51,20.0,34.4,0.00,23,11,6,11,719.4,606.0,113.3,814.9,1035.2
2023-11-06T04:00,31.9,49,19.9,35.0,0.00,31,13,7,16,704.9,582.1,122.8,774.9,1045.5
2023-11-06T05:00,31.2,51,19.7,33.8,0.00,26,5,16,11,650.5,539.4,111.1,771.2,973.5
2023-11-06T06:00,29.0,63,21.3,31.7,0.10,31,14,5,18,528.3,425.4,102.9,718.4,824.2
2023-11-06T07:00,28.1,68,21.7,31.5,0.10,39,34,6,5,362.5,261.3,101.2,598.6,607.7
2023-11-06T08:00,26.0,79,22.0,28.7,0.00,94,93,4,5,147.8,81.0,66.8,332.8,338.8
2023-11-06T09:00,24.6,84,21.7,27.6,0.10,99,98,2,28,7.0,1.9,5.1,21.7,35.8
2023-11-06T10:00,24.0,85,21.3,26.8,0.20,100,100,3,49,0.0,0.0,0.0,0.0,0.0
2023-11-06T11:00,23.6,86,21.0,25.9,0.20,100,100,4,50,0.0,0.0,0.0,0.0,0.0
2023-11-06T12:00,23.0,86,20.5,24.8,0.20,100,100,2,16,0.0,0.0,0.0,0.0,0.0
2023-11-06T13:00,22.7,88,20.6,24.9,0.30,100,100,1,38,0.0,0.0,0.0,0.0,0.0
2023-11-06T14:00,22.7,84,19.8,24.5,0.10,97,97,47,19,0.0,0.0,0.0,0.0,0.0
2023-11-06T15:00,22.7,83,19.7,24.2,0.00,100,100,77,21,0.0,0.0,0.0,0.0,0.0
2023-11-06T16:00,22.5,83,19.6,24.2,0.00,100,100,56,29,0.0,0.0,0.0,0.0,0.0
2023-11-06T17:00,22.4,83,19.4,24.0,0.10,99,99,61,8,0.0,0.0,0.0,0.0,0.0
2023-11-06T18:00,22.0,82,18.7,23.2,0.00,99,99,64,52,0.0,0.0,0.0,0.0,0.0
2023-11-06T19:00,21.8,76,17.4,22.3,0.00,100,99,64,77,0.0,0.0,0.0,0.0,0.0
2023-11-06T20:00,22.0,69,16.0,22.1,0.00,100,100,48,38,0.0,0.0,0.0,0.0,0.0
2023-11-06T21:00,21.8,67,15.5,21.7,0.00,100,100,24,67,0.0,0.0,0.0,0.0,0.0
2023-11-06T22:00,21.7,64,14.7,21.1,0.00,100,99,4,90,0.0,0.0,0.0,0.0,0.0
2023-11-06T23:00,21.8,63,14.4,21.2,0.00,98,86,1,89,38.6,0.0,38.6,0.0,262.6
2023-11-07T00:00,22.6,60,14.5,21.4,0.00,89,82,6,36,173.7,62.8,110.9,161.5,541.4
2023-11-07T01:00,23.3,56,14.1,21.4,0.00,86,27,1,81,430.8,290.7,140.1,524.2,772.2
2023-11-07T02:00,23.8,54,13.8,21.8,0.00,20,20,0,0,511.3,303.1,208.2,449.4,939.1
2023-11-07T03:00,24.3,52,13.9,22.8,0.00,74,23,0,66,624.9,418.0,206.9,564.6,1030.9
2023-11-07T04:00,24.7,53,14.6,23.9,0.00,62,14,2,55,700.9,557.1,143.8,745.1,1041.2
2023-11-07T05:00,24.7,51,13.9,23.4,0.00,54,30,4,32,645.6,503.9,141.8,723.9,969.3
2023-11-07T06:00,24.3,53,14.2,22.5,0.00,89,66,7,66,470.8,285.0,185.8,483.9,820.2
2023-11-07T07:00,23.9,55,14.2,22.1,0.00,38,23,0,20,292.3,142.4,149.9,328.2,604.0
2023-11-07T08:00,23.1,57,14.0,21.3,0.00,85,70,4,48,154.5,71.6,82.9,297.2,335.4
2023-11-07T09:00,22.3,61,14.4,21.1,0.00,24,5,20,0,12.1,4.7,7.4,54.5,32.7
2023-11-07T10:00,21.7,63,14.3,20.6,0.00,9,8,2,0,0.0,0.0,0.0,0.0,0.0
2023-11-07T11:00,21.5,64,14.3,20.4,0.00,1,1,0,0,0.0,0.0,0.0,0.0,0.0
2023-11-07T12:00,21.4,64,14.4,20.2,0.00,2,2,0,0,0.0,0.0,0.0,0.0,0.0
2023-11-07T13:00,21.6,63,14.2,20.4,0.00,25,1,0,24,0.0,0.0,0.0,0.0,0.0
2023-11-07T14:00,21.5,63,14.2,20.3,0.00,5,3,0,2,0.0,0.0,0.0,0.0,0.0
2023-11-07T15:00,21.6,63,14.3,20.2,0.00,5,1,4,0,0.0,0.0,0.0,0.0,0.0
2023-11-07T16:00,21.7,63,14.5,20.3,0.00,3,2,1,0,0.0,0.0,0.0,0.0,0.0
2023-11-07T17:00,21.7,65,14.9,20.5,0.00,73,2,0,72,0.0,0.0,0.0,0.0,0.0
2023-11-07T18:00,21.7,67,15.3,20.7,0.00,94,3,0,93,0.0,0.0,0.0,0.0,0.0
2023-11-07T19:00,21.8,68,15.7,20.8,0.00,90,1,0,90,0.0,0.0,0.0,0.0,0.0
2023-11-07T20:00,21.9,69,16.0,21.2,0.00,3,1,0,2,0.0,0.0,0.0,0.0,0.0
2023-11-07T21:00,21.8,71,16.3,21.5,0.00,21,0,0,21,0.0,0.0,0.0,0.0,0.0
2023-11-07T22:00,21.7,73,16.6,21.9,0.00,1,0,0,1,0.0,0.0,0.0,0.0,0.0
2023-11-07T23:00,22.6,71,17.1,22.9,0.00,12,0,10,6,96.5,49.3,47.2,265.6,258.9
2023-11-08T00:00,24.9,63,17.3,24.9,0.00,87,0,87,25,297.3,206.2,91.1,534.6,537.5
2023-11-08T01:00,26.5,61,18.2,26.9,0.00,0,0,0,0,489.5,385.5,104.0,699.4,768.0
2023-11-08T02:00,27.6,58,18.5,28.0,0.00,0,0,0,0,631.4,523.5,108.0,780.1,934.9
2023-11-08T03:00,28.4,55,18.6,29.3,0.00,3,1,2,0,713.3,601.0,112.3,815.7,1026.6
2023-11-08T04:00,28.8,54,18.6,29.9,0.00,16,1,15,0,721.9,606.0,115.8,814.3,1037.0
2023-11-08T05:00,28.7,54,18.5,29.3,0.00,19,1,18,0,650.4,519.1,131.2,749.4,965.3
2023-11-08T06:00,28.3,55,18.5,28.6,0.00,7,0,7,0,535.2,418.7,116.5,714.7,816.3
2023-11-08T07:00,27.7,57,18.5,28.0,0.00,22,0,14,9,373.7,284.5,89.2,660.2,600.4
2023-11-08T08:00,26.6,61,18.5,27.1,0.00,30,0,6,25,176.7,117.3,59.4,492.3,332.1
2023-11-08T09:00,25.3,66,18.4,26.3,0.00,41,0,12,33,12.4,6.4,6.0,72.9,29.8
2023-11-08T10:00,24.5,68,18.3,25.8,0.00,49,0,1,49,0.0,0.0,0.0,0.0,0.0
2023-11-08T11:00,24.0,70,18.2,25.3,0.00,38,0,0,38,0.0,0.0,0.0,0.0,0.0
2023-11-08T12:00,23.5,72,18.2,25.0,0.00,76,0,1,76,0.0,0.0,0.0,0.0,0.0
2023-11-08T13:00,23.2,77,18.9,25.0,0.00,77,4,1,76,0.0,0.0,0.0,0.0,0.0
2023-11-08T14:00,23.1,77,18.8,24.8,0.00,79,0,1,79,0.0,0.0,0.0,0.0,0.0
2023-11-08T15:00,23.0,77,18.7,25.0,0.00,100,0,0,100,0.0,0.0,0.0,0.0,0.0
2023-11-08T16:00,22.9,77,18.6,24.8,0.00,100,0,0,100,0.0,0.0,0.0,0.0,0.0
2023-11-08T17:00,22.6,78,18.6,24.8,0.00,100,0,0,100,0.0,0.0,0.0,0.0,0.0
2023-11-08T18:00,22.4,79,18.6,24.6,0.00,100,0,0,100,0.0,0.0,0.0,0.0,0.0
2023-11-08T19:00,22.1,81,18.7,24.4,0.00,73,0,0,73,0.0,0.0,0.0,0.0,0.0
2023-11-08T20:00,21.2,86,18.7,23.6,0.00,92,0,0,92,0.0,0.0,0.0,0.0,0.0
2023-11-08T21:00,20.7,88,18.7,22.9,0.00,65,0,0,65,0.0,0.0,0.0,0.0,0.0
2023-11-08T22:00,20.8,87,18.6,22.7,0.00,96,0,0,96,0.0,0.0,0.0,0.0,0.0
2023-11-08T23:00,22.6,79,18.7,24.3,0.00,71,0,0,71,81.6,23.6,58.0,129.1,255.2
2023-11-09T00:00,26.0,66,19.1,27.5,0.00,98,0,0,98,280.5,171.8,108.7,448.8,533.5
2023-11-09T01:00,27.8,60,19.4,29.1,0.00,50,1,0,50,454.8,311.0,143.8,567.5,763.9
2023-11-09T02:00,28.7,56,19.2,29.6,0.00,73,0,0,73,604.4,449.5,154.9,673.2,930.7
2023-11-09T03:00,29.4,56,19.7,31.1,0.00,47,2,0,46,690.6,538.7,151.8,734.5,1022.4
2023-11-09T04:00,30.4,54,20.1,33.1,0.00,20,0,0,19,710.9,575.1,135.8,776.2,1032.8
2023-11-09T05:00,31.1,52,20.1,34.2,0.00,5,0,3,2,653.2,529.6,123.5,768.1,961.2
2023-11-09T06:00,31.4,51,20.1,34.3,0.00,6,0,6,0,538.7,442.3,96.5,758.7,812.6
2023-11-09T07:00,31.0,52,20.0,34.2,0.00,13,6,7,0,371.8,290.2,81.6,677.7,596.9
2023-11-09T08:00,29.9,55,19.9,33.4,0.00,9,5,5,0,181.2,129.0,52.2,546.8,329.0
2023-11-09T09:00,28.9,58,19.7,32.5,0.00,10,1,10,0,11.4,6.3,5.1,72.3,27.0
2023-11-09T10:00,26.3,73,21.1,30.1,0.00,20,0,16,4,0.0,0.0,0.0,0.0,0.0
2023-11-09T11:00,25.1,79,21.1,28.7,0.00,3,0,3,0,0.0,0.0,0.0,0.0,0.0
2023-11-09T12:00,24.3,82,21.0,28.0,0.00,2,0,2,0,0.0,0.0,0.0,0.0,0.0
2023-11-09T13:00,24.0,86,21.5,27.9,0.00,13,0,13,0,0.0,0.0,0.0,0.0,0.0
2023-11-09T14:00,23.4,89,21.4,27.3,0.00,13,3,13,0,0.0,0.0,0.0,0.0,0.0
2023-11-09T15:00,22.9,91,21.3,26.8,0.00,2,0,2,0,0.0,0.0,0.0,0.0,0.0
2023-11-09T16:00,22.3,93,21.1,26.2,0.00,15,0,15,0,0.0,0.0,0.0,0.0,0.0
2023-11-09T17:00,22.3,93,21.1,26.3,0.00,90,0,89,40,0.0,0.0,0.0,0.0,0.0
2023-11-09T18:00,23.6,86,21.1,27.9,0.00,99,0,99,92,0.0,0.0,0.0,0.0,0.0
2023-11-09T19:00,24.4,80,20.7,28.5,0.00,97,0,97,68,0.0,0.0,0.0,0.0,0.0
2023-11-09T20:00,22.9,87,20.7,26.7,0.00,89,0,88,17,0.0,0.0,0.0,0.0,0.0
2023-11-09T21:00,22.5,91,21.0,26.5,0.00,98,1,98,79,0.0,0.0,0.0,0.0,0.0
2023-11-09T22:00,23.4,87,21.1,27.8,0.00,24,5,9,15,0.0,0.0,0.0,0.0,0.0
2023-11-09T23:00,23.5,87,21.3,27.9,0.00,61,7,59,0,79.6,34.4,45.2,190.9,251.4
2023-11-10T00:00,25.2,84,22.3,30.1,0.00,18,11,6,4,232.7,109.0,123.8,286.9,529.6
2023-11-10T01:00,27.5,74,22.5,32.4,0.00,12,4,8,4,464.6,347.5,117.0,637.9,759.8
2023-11-10T02:00,29.4,63,21.5,33.6,0.00,13,6,7,0,614.4,497.7,116.8,749.1,926.4
2023-11-10T03:00,30.5,55,20.4,34.5,0.10,16,10,9,0,635.6,497.2,138.3,681.1,1018.2
2023-11-10T04:00,30.3,55,20.2,33.6,0.10,26,17,17,0,634.1,474.3,159.8,643.0,1028.7
2023-11-10T05:00,28.7,65,21.4,32.0,0.50,74,15,20,62,543.0,396.5,146.5,577.6,957.3
2023-11-10T06:00,27.6,72,22.0,30.4,0.30,68,25,21,51,438.5,279.3,159.2,481.6,808.9
2023-11-10T07:00,26.1,76,21.6,28.6,0.20,98,75,35,87,256.4,116.8,139.5,274.5,593.6
2023-11-10T08:00,25.1,80,21.4,27.8,0.20,97,68,67,81,99.2,27.4,71.8,117.4,326.0
2023-11-10T09:00,24.0,84,21.1,26.9,0.10,100,100,100,93,3.7,0.0,3.7,0.0,24.3
2023-11-10T10:00,23.5,86,21.0,26.1,0.10,100,100,100,73,0.0,0.0,0.0,0.0,0.0
2023-11-10T11:00,23.3,87,21.0,25.9,0.10,100,100,99,78,0.0,0.0,0.0,0.0,0.0
2023-11-10T12:00,23.3,86,20.9,25.6,0.20,100,98,99,50,0.0,0.0,0.0,0.0,0.0
2023-11-10T13:00,22.8,87,20.6,24.7,0.40,100,100,97,38,0.0,0.0,0.0,0.0,0.0
2023-11-10T14:00,22.6,87,20.3,24.4,0.10,91,80,37,44,0.0,0.0,0.0,0.0,0.0
2023-11-10T15:00,22.3,87,20.0,24.3,0.10,98,75,95,0,0.0,0.0,0.0,0.0,0.0
2023-11-10T16:00,22.1,87,19.9,24.3,0.10,100,99,98,0,0.0,0.0,0.0,0.0,0.0
2023-11-10T17:00,22.0,87,19.8,24.5,0.00,100,100,92,0,0.0,0.0,0.0,0.0,0.0
2023-11-10T18:00,21.9,87,19.7,24.1,0.10,100,100,59,0,0.0,0.0,0.0,0.0,0.0
2023-11-10T19:00,21.8,87,19.6,24.0,0.10,90,89,8,0,0.0,0.0,0.0,0.0,0.0
2023-11-10T20:00,21.8,88,19.8,24.1,0.10,100,100,29,0,0.0,0.0,0.0,0.0,0.0
2023-11-10T21:00,21.8,88,19.7,23.9,0.10,100,100,22,0,0.0,0.0,0.0,0.0,0.0
2023-11-10T22:00,21.8,88,19.6,24.1,0.10,100,100,20,0,0.0,0.0,0.0,0.0,0.0
2023-11-10T23:00,22.1,86,19.6,24.0,0.10,100,100,6,0,23.7,0.0,23.7,0.0,247.7
2023-11-11T00:00,22.2,86,19.7,24.3,0.10,100,100,19,5,59.3,0.0,59.3,0.0,525.6
2023-11-11T01:00,23.1,81,19.7,24.6,0.00,88,87,55,0,213.1,22.3,190.9,41.1,755.7
2023-11-11T02:00,24.0,76,19.6,25.3,0.00,100,100,88,0,330.8,90.6,240.2,137.1,922.3
2023-11-11T03:00,23.4,79,19.5,25.0,0.00,94,94,7,0,196.6,6.2,190.4,8.6,1014.0
2023-11-11T04:00,24.1,75,19.3,25.0,0.00,93,93,16,0,350.5,78.9,271.6,107.4,1024.7
2023-11-11T05:00,23.5,77,19.1,24.5,0.00,100,100,66,0,242.3,46.0,196.3,67.3,953.5
2023-11-11T06:00,23.5,77,19.1,24.6,0.00,99,98,63,0,213.8,26.4,187.4,45.7,805.4
2023-11-11T07:00,23.2,78,19.1,24.3,0.00,100,98,82,0,131.0,6.7,124.3,15.9,590.3
2023-11-11T08:00,22.6,81,19.2,23.9,0.00,100,100,19,0,44.2,0.7,43.5,3.0,323.1
2023-11-11T09:00,22.1,85,19.5,24.1,0.00,100,100,99,0,2.1,0.0,2.1,0.0,21.8
2023-11-11T10:00,22.0,86,19.6,24.2,0.10,100,100,88,0,0.0,0.0,0.0,0.0,0.0
2023-11-11T11:00,21.4,85,18.9,23.0,0.10,100,100,26,0,0.0,0.0,0.0,0.0,0.0
2023-11-11T12:00,21.0,84,18.1,22.5,0.00,100,93,93,0,0.0,0.0,0.0,0.0,0.0
2023-11-11T13:00,21.5,88,19.4,23.6,0.00,83,81,12,0,0.0,0.0,0.0,0.0,0.0
2023-11-11T14:00,21.6,87,19.3,23.6,0.00,100,100,22,0,0.0,0.0,0.0,0.0,0.0
2023-11-11T15:00,21.5,87,19.2,23.5,0.10,100,100,46,0,0.0,0.0,0.0,0.0,0.0
2023-11-11T16:00,21.4,87,19.2,23.4,0.00,98,98,39,0,0.0,0.0,0.0,0.0,0.0
2023-11-11T17:00,21.4,86,19.0,23.4,0.00,100,100,50,0,0.0,0.0,0.0,0.0,0.0
2023-11-11T18:00,21.4,85,18.8,23.4,0.00,100,100,32,0,0.0,0.0,0.0,0.0,0.0
2023-11-11T19:00,21.2,87,18.9,23.4,0.00,100,100,25,0,0.0,0.0,0.0,0.0,0.0
2023-11-11T20:00,21.0,88,19.0,23.4,0.00,100,100,32,0,0.0,0.0,0.0,0.0,0.0
2023-11-11T21:00,21.0,87,18.8,23.2,0.10,100,100,88,0,0.0,0.0,0.0,0.0,0.0
2023-11-11T22:00,21.0,86,18.6,22.9,0.10,100,100,85,0,0.0,0.0,0.0,0.0,0.0
2023-11-11T23:00,20.9,87,18.6,22.8,0.10,100,100,67,0,19.4,0.0,19.4,0.0,244.0
2023-11-12T00:00,21.4,84,18.6,23.3,0.10,100,100,91,0,82.4,0.0,82.4,0.0,521.7
2023-11-12T01:00,22.2,83,19.1,23.4,0.10,61,53,27,0,131.3,10.5,120.7,19.6,751.6
2023-11-12T02:00,23.0,76,18.5,23.0,0.10,100,66,100,0,381.2,133.3,247.9,202.6,918.1
2023-11-12T03:00,23.1,75,18.4,23.4,0.00,99,91,91,0,337.2,61.4,275.8,84.9,1009.9
2023-11-12T04:00,23.1,71,17.4,22.8,0.10,100,100,99,0,299.6,47.9,251.7,65.6,1020.7
2023-11-12T05:00,22.0,76,17.6,22.2,0.10,100,96,100,0,140.8,2.9,137.9,4.2,949.8
2023-11-12T06:00,22.0,74,17.3,22.1,0.00,100,100,100,0,138.2,10.0,128.2,17.4,801.9
2023-11-12T07:00,21.7,76,17.3,21.8,0.00,100,100,100,0,97.4,10.1,87.3,23.9,587.2
2023-11-12T08:00,21.0,80,17.5,21.9,0.10,100,89,100,0,52.5,0.0,52.5,0.0,320.3
2023-11-12T09:00,20.5,83,17.6,21.2,0.20,100,96,100,0,1.7,0.0,1.7,0.0,19.4
2023-11-12T10:00,20.1,85,17.5,20.9,0.00,100,41,100,0,0.0,0.0,0.0,0.0,0.0
2023-11-12T11:00,19.8,85,17.2,20.9,0.10,100,99,100,0,0.0,0.0,0.0,0.0,0.0
2023-11-12T12:00,19.7,86,17.3,20.6,0.10,100,100,100,0,0.0,0.0,0.0,0.0,0.0
2023-11-12T13:00,19.7,86,17.3,20.3,0.20,100,100,100,0,0.0,0.0,0.0,0.0,0.0
2023-11-12T14:00,19.3,86,16.9,19.5,0.20,100,100,100,0,0.0,0.0,0.0,0.0,0.0
2023-11-12T15:00,19.0,85,16.4,19.2,0.20,100,98,100,0,0.0,0.0,0.0,0.0,0.0
2023-11-12T16:00,18.8,85,16.1,18.9,0.20,100,100,100,0,0.0,0.0,0.0,0.0,0.0
2023-11-12T17:00,18.4,86,16.0,18.6,0.20,100,100,100,0,0.0,0.0,0.0,0.0,0.0
2023-11-12T18:00,18.6,83,15.7,18.5,0.20,100,98,86,0,0.0,0.0,0.0,0.0,0.0
2023-11-12T19:00,18.3,83,15.4,18.0,0.10,100,87,100,0,0.0,0.0,0.0,0.0,0.0
2023-11-12T20:00,18.1,83,15.2,17.8,0.10,100,85,100,0,0.0,0.0,0.0,0.0,0.0
2023-11-12T21:00,18.0,83,15.0,17.6,0.10,100,100,100,0,0.0,0.0,0.0,0.0,0.0
2023-11-12T22:00,17.8,83,14.8,17.5,0.10,100,100,100,0,0.0,0.0,0.0,0.0,0.0
2023-11-12T23:00,17.8,82,14.8,17.4,0.10,100,100,100,0,17.3,0.0,17.3,0.0,240.3
2023-11-13T00:00,18.2,79,14.4,17.5,0.10,100,100,100,0,98.9,4.1,94.8,11.0,517.7
2023-11-13T01:00,18.4,75,13.9,16.9,0.00,100,100,92,0,134.9,8.2,126.7,15.3,747.5
2023-11-13T02:00,18.7,71,13.4,16.7,0.10,100,100,96,0,193.4,29.5,163.9,45.1,914.1
2023-11-13T03:00,18.2,73,13.3,16.2,0.00,100,100,86,0,140.5,1.0,139.5,1.4,1005.9
2023-11-13T04:00,18.7,68,12.6,16.4,0.00,100,100,77,0,242.7,27.0,215.7,37.0,1016.9
2023-11-13T05:00,18.6,66,12.0,16.1,0.00,100,100,61,0,221.2,28.7,192.5,42.4,946.2
2023-11-13T06:00,18.3,66,11.8,15.6,0.00,100,100,45,0,134.6,7.3,127.3,12.7,798.6
2023-11-13T07:00,18.7,64,11.6,16.3,0.00,97,97,41,2,129.2,3.4,125.8,8.0,584.3
2023-11-13T08:00,19.0,60,11.2,16.9,0.00,99,99,46,9,72.0,9.1,62.9,39.9,317.7
2023-11-13T09:00,18.3,65,11.6,16.6,0.00,97,95,52,23,2.6,0.0,2.6,0.0,17.2
2023-11-13T10:00,18.4,66,11.9,17.1,0.00,100,100,75,0,0.0,0.0,0.0,0.0,0.0
2023-11-13T11:00,18.1,70,12.5,17.1,0.00,100,100,96,0,0.0,0.0,0.0,0.0,0.0
2023-11-13T12:00,18.4,69,12.6,17.5,0.00,96,84,92,0,0.0,0.0,0.0,0.0,0.0
2023-11-13T13:00,18.1,75,13.6,17.5,0.00,99,97,92,0,0.0,0.0,0.0,0.0,0.0
2023-11-13T14:00,18.2,75,13.6,17.4,0.00,98,80,96,0,0.0,0.0,0.0,0.0,0.0
2023-11-13T15:00,18.3,75,13.8,17.7,0.00,98,61,95,0,0.0,0.0,0.0,0.0,0.0
2023-11-13T16:00,18.3,76,13.9,17.9,0.00,100,78,99,0,0.0,0.0,0.0,0.0,0.0
2023-11-13T17:00,18.2,77,14.1,17.9,0.00,100,85,100,0,0.0,0.0,0.0,0.0,0.0
2023-11-13T18:00,18.1,81,14.8,18.1,0.00,100,59,100,4,0.0,0.0,0.0,0.0,0.0
2023-11-13T19:00,18.1,82,15.1,18.1,0.10,100,95,100,10,0.0,0.0,0.0,0.0,0.0
2023-11-13T20:00,18.2,83,15.2,18.1,0.10,100,87,100,4,0.0,0.0,0.0,0.0,0.0
2023-11-13T21:00,18.1,84,15.3,18.3,0.10,100,87,100,2,0.0,0.0,0.0,0.0,0.0
2023-11-13T22:00,18.1,86,15.7,18.5,0.10,100,99,100,23,0.0,0.0,0.0,0.0,0.0
2023-11-13T23:00,18.2,86,15.9,18.8,0.10,100,100,100,0,10.8,0.0,10.8,0.0,236.5
2023-11-14T00:00,18.9,81,15.6,19.2,0.10,99,97,98,0,48.9,0.0,48.9,0.0,513.8
2023-11-14T01:00,20.5,75,16.0,20.2,0.00,100,99,86,0,198.4,31.7,166.7,59.6,743.5
2023-11-14T02:00,20.3,76,15.9,19.8,0.00,100,98,99,18,161.8,7.7,154.1,11.7,910.0
2023-11-14T03:00,20.6,74,15.8,20.2,0.00,100,100,100,0,186.3,9.4,177.0,13.1,1002.0
2023-11-14T04:00,20.5,74,15.6,20.1,0.10,100,65,100,52,154.8,3.0,151.8,4.1,1013.1
2023-11-14T05:00,20.4,74,15.6,20.0,0.10,100,51,100,0,173.3,8.6,164.7,12.8,942.7
2023-11-14T06:00,20.2,75,15.6,19.8,0.00,100,100,100,98,124.5,0.9,123.6,1.6,795.4
2023-11-14T07:00,20.1,76,15.7,19.9,0.10,100,93,100,55,79.7,0.0,79.7,0.0,581.4
2023-11-14T08:00,20.0,76,15.6,20.2,0.10,97,94,93,2,41.2,1.4,39.8,6.2,315.3
2023-11-14T09:00,19.8,77,15.6,20.2,0.00,100,85,100,0,2.7,0.2,2.5,2.1,15.1
2023-11-14T10:00,19.4,80,15.9,19.6,0.00,100,69,100,4,0.0,0.0,0.0,0.0,0.0
2023-11-14T11:00,19.3,81,16.0,19.7,0.00,98,70,92,27,0.0,0.0,0.0,0.0,0.0
2023-11-14T12:00,19.0,86,16.5,19.5,0.10,95,64,89,0,0.0,0.0,0.0,0.0,0.0
2023-11-14T13:00,19.3,83,16.4,19.7,0.00,99,84,92,0,0.0,0.0,0.0,0.0,0.0
2023-11-14T14:00,19.3,84,16.6,19.7,0.00,100,100,100,24,0.0,0.0,0.0,0.0,0.0
2023-11-14T15:00,19.3,86,16.9,19.9,0.00,100,78,100,75,0.0,0.0,0.0,0.0,0.0
2023-11-14T16:00,19.4,86,16.9,19.7,0.00,99,82,97,27,0.0,0.0,0.0,0.0,0.0
2023-11-14T17:00,19.5,84,16.8,19.9,0.00,94,61,85,0,0.0,0.0,0.0,0.0,0.0
2023-11-14T18:00,19.6,84,16.8,20.2,0.00,100,100,96,0,0.0,0.0,0.0,0.0,0.0
2023-11-14T19:00,19.6,84,16.7,20.2,0.00,100,100,98,0,0.0,0.0,0.0,0.0,0.0
2023-11-14T20:00,19.5,84,16.6,20.1,0.00,100,100,52,0,0.0,0.0,0.0,0.0,0.0
2023-11-14T21:00,19.5,84,16.7,20.0,0.00,91,81,69,0,0.0,0.0,0.0,0.0,0.0
2023-11-14T22:00,19.4,84,16.7,19.9,0.00,100,100,89,0,0.0,0.0,0.0,0.0,0.0
2023-11-14T23:00,19.8,83,16.7,20.1,0.00,100,100,100,0,21.7,0.0,21.7,0.0,232.8
2023-11-15T00:00,20.5,78,16.6,20.6,0.00,100,100,83,0,65.4,0.0,65.4,0.0,509.9
2023-11-15T01:00,21.4,75,16.8,21.3,0.00,85,81,25,0,137.5,0.0,137.5,0.0,739.5
2023-11-15T02:00,22.5,70,16.7,21.8,0.00,100,100,11,0,281.1,30.6,250.4,47.2,906.0
2023-11-15T03:00,23.4,64,16.3,22.0,0.00,100,100,5,0,378.0,65.6,312.4,91.9,998.1
2023-11-15T04:00,23.0,68,16.7,21.8,0.00,99,99,1,7,300.7,45.0,255.7,62.2,1009.4
2023-11-15T05:00,23.4,66,16.7,22.2,0.00,98,98,2,0,329.4,63.2,266.2,94.1,939.2
2023-11-15T06:00,23.4,67,16.8,22.3,0.00,91,91,1,0,269.9,69.1,200.9,121.9,792.3
2023-11-15T07:00,23.4,67,16.8,22.5,0.00,33,31,5,0,198.6,52.8,145.8,127.5,578.7
2023-11-15T08:00,22.7,70,16.9,22.0,0.00,72,69,11,2,116.3,35.5,80.8,158.6,313.0
2023-11-15T09:00,21.7,75,17.1,21.3,0.00,46,37,16,1,4.4,1.5,2.9,17.4,13.2
2023-11-15T10:00,20.9,80,17.3,20.6,0.00,36,31,10,0,0.0,0.0,0.0,0.0,0.0
2023-11-15T11:00,20.6,82,17.5,20.5,0.00,36,25,18,0,0.0,0.0,0.0,0.0,0.0
2023-11-15T12:00,20.9,82,17.7,21.1,0.00,42,37,9,0,0.0,0.0,0.0,0.0,0.0
2023-11-15T13:00,20.9,85,18.4,21.2,0.00,34,24,17,0,0.0,0.0,0.0,0.0,0.0
2023-11-15T14:00,20.9,86,18.5,21.6,0.00,38,32,11,0,0.0,0.0,0.0,0.0,0.0
2023-11-15T15:00,20.7,88,18.7,21.7,0.00,11,9,2,0,0.0,0.0,0.0,0.0,0.0
2023-11-15T16:00,20.6,89,18.7,21.7,0.00,27,21,7,0,0.0,0.0,0.0,0.0,0.0
2023-11-15T17:00,20.7,89,18.8,22.0,0.00,39,29,14,0,0.0,0.0,0.0,0.0,0.0
2023-11-15T18:00,20.6,90,18.9,22.4,0.00,59,33,39,0,0.0,0.0,0.0,0.0,0.0
2023-11-15T19:00,20.1,93,18.9,22.4,0.00,24,17,9,0,0.0,0.0,0.0,0.0,0.0
2023-11-15T20:00,19.0,96,18.4,21.4,0.00,41,10,36,0,0.0,0.0,0.0,0.0,0.0
2023-11-15T21:00,18.4,97,17.9,20.6,0.10,45,11,43,0,0.0,0.0,0.0,0.0,0.0
2023-11-15T22:00,19.1,96,18.4,21.7,0.00,68,8,66,0,0.0,0.0,0.0,0.0,0.0
2023-11-15T23:00,20.3,89,18.5,22.9,0.00,22,8,15,0,58.6,21.7,36.9,132.6,229.0
2023-11-16T00:00,22.5,78,18.5,24.1,0.00,87,35,81,0,262.1,162.5,99.7,449.0,505.9
2023-11-16T01:00,23.6,81,20.1,24.7,0.10,86,83,18,0,329.3,183.5,145.9,348.9,735.4
2023-11-16T02:00,23.8,77,19.5,25.0,0.10,100,100,66,0,317.3,144.4,172.9,223.9,902.0
2023-11-16T03:00,23.1,77,18.9,23.4,0.40,97,96,21,0,302.0,63.5,238.5,89.4,994.2
2023-11-16T04:00,22.9,77,18.6,23.4,0.10,98,93,75,0,262.7,34.0,228.8,47.2,1005.7
2023-11-16T05:00,22.2,81,18.7,23.0,0.60,100,100,100,38,234.6,68.0,166.6,101.6,935.9
2023-11-16T06:00,21.2,84,18.5,22.0,0.40,100,95,100,63,80.9,0.9,80.0,1.6,789.3
2023-11-16T07:00,20.6,84,17.9,21.0,0.30,100,99,100,12,77.9,5.9,72.0,14.2,576.1
2023-11-16T08:00,20.0,84,17.3,20.9,0.40,100,99,100,0,27.1,0.0,27.1,0.0,310.8
2023-11-16T09:00,19.5,85,16.9,20.6,0.50,100,100,100,0,1.0,0.0,1.0,0.0,11.3
2023-11-16T10:00,18.8,90,17.1,20.7,0.60,100,100,100,1,0.0,0.0,0.0,0.0,0.0
2023-11-16T11:00,18.8,80,15.4,20.1,0.20,100,100,100,14,0.0,0.0,0.0,0.0,0.0
2023-11-16T12:00,18.3,86,16.0,19.9,0.10,100,100,100,62,0.0,0.0,0.0,0.0,0.0
2023-11-16T13:00,18.1,91,16.6,19.8,0.60,100,100,100,58,0.0,0.0,0.0,0.0,0.0
2023-11-16T14:00,18.0,88,16.0,19.2,0.30,100,100,100,93,0.0,0.0,0.0,0.0,0.0
2023-11-16T15:00,17.6,83,14.6,18.0,0.10,100,100,100,95,0.0,0.0,0.0,0.0,0.0
2023-11-16T16:00,17.3,79,13.7,17.6,0.10,100,93,100,84,0.0,0.0,0.0,0.0,0.0
2023-11-16T17:00,16.7,79,13.1,17.1,0.00,100,90,100,97,0.0,0.0,0.0,0.0,0.0
2023-11-16T18:00,16.7,67,10.6,16.1,0.00,100,81,100,100,0.0,0.0,0.0,0.0,0.0
2023-11-16T19:00,16.4,64,9.6,15.6,0.00,100,73,100,81,0.0,0.0,0.0,0.0,0.0
2023-11-16T20:00,16.0,66,9.6,15.2,0.00,100,68,100,58,0.0,0.0,0.0,0.0,0.0
2023-11-16T21:00,15.6,67,9.5,14.8,0.00,99,49,92,82,0.0,0.0,0.0,0.0,0.0
2023-11-16T22:00,15.5,69,9.8,14.7,0.00,86,26,24,80,0.0,0.0,0.0,0.0,0.0
2023-11-16T23:00,15.6,71,10.3,15.1,0.00,93,22,0,91,63.1,19.6,43.5,121.6,225.2
2023-11-17T00:00,16.8,58,8.5,14.8,0.00,84,18,0,81,271.0,169.7,101.3,473.1,501.9
2023-11-17T01:00,18.5,56,9.5,16.7,0.00,100,35,0,100,482.7,375.6,107.1,718.4,731.4
2023-11-17T02:00,19.1,52,9.1,17.2,0.00,92,76,0,66,560.4,422.5,137.9,658.2,898.0
2023-11-17T03:00,19.4,50,8.6,17.5,0.00,100,40,0,100,599.0,413.6,185.4,584.3,990.3
2023-11-17T04:00,19.7,47,8.0,18.1,0.00,100,45,1,100,659.4,457.6,201.8,638.9,1002.1
2023-11-17T05:00,19.1,48,7.8,17.1,0.00,97,17,0,96,588.9,371.5,217.4,557.4,932.6
2023-11-17T06:00,18.6,51,8.1,16.6,0.00,99,9,0,99,508.8,360.7,148.1,641.8,786.4
2023-11-17T07:00,18.0,52,8.0,16.0,0.00,100,1,0,100,379.4,290.6,88.8,708.8,573.6
2023-11-17T08:00,17.1,54,7.7,15.2,0.00,98,0,0,98,188.8,134.0,54.8,607.2,308.7
2023-11-17T09:00,16.2,56,7.4,14.8,0.00,80,0,0,80,4.6,2.6,2.0,30.2,9.6
2023-11-17T10:00,15.6,58,7.5,14.8,0.00,82,0,0,82,0.0,0.0,0.0,0.0,0.0
2023-11-17T11:00,13.8,71,8.6,12.9,0.00,50,0,0,50,0.0,0.0,0.0,0.0,0.0
2023-11-17T12:00,12.7,81,9.5,11.6,0.00,78,0,0,78,0.0,0.0,0.0,0.0,0.0
2023-11-17T13:00,11.7,92,10.4,10.7,0.00,58,0,0,58,0.0,0.0,0.0,0.0,0.0
2023-11-17T14:00,11.4,92,10.2,10.5,0.00,82,0,0,82,0.0,0.0,0.0,0.0,0.0
2023-11-17T15:00,11.1,95,10.3,10.3,0.00,53,0,0,53,0.0,0.0,0.0,0.0,0.0
2023-11-17T16:00,11.5,97,11.1,11.1,0.00,81,0,0,81,0.0,0.0,0.0,0.0,0.0
2023-11-17T17:00,11.8,97,11.3,11.5,0.00,96,0,0,96,0.0,0.0,0.0,0.0,0.0
2023-11-17T18:00,12.0,96,11.3,11.7,0.00,47,0,0,47,0.0,0.0,0.0,0.0,0.0
2023-11-17T19:00,11.1,96,10.5,10.6,0.00,85,0,0,85,0.0,0.0,0.0,0.0,0.0
2023-11-17T20:00,10.6,94,9.8,9.7,0.00,15,3,0,12,0.0,0.0,0.0,0.0,0.0
2023-11-17T21:00,11.7,90,10.2,11.0,0.00,68,3,0,67,0.0,0.0,0.0,0.0,0.0
2023-11-17T22:00,10.9,91,9.5,9.9,0.00,83,5,0,82,0.0,0.0,0.0,0.0,0.0
2023-11-17T23:00,12.5,88,10.7,12.4,0.00,90,5,0,90,74.1,32.7,41.4,206.7,221.3
2023-11-18T00:00,15.7,72,10.6,15.1,0.00,92,7,0,91,275.9,174.3,101.6,490.0,497.9
2023-11-18T01:00,18.2,55,9.0,17.0,0.00,40,5,0,37,456.1,318.2,137.9,612.3,727.3
2023-11-18T02:00,19.6,44,7.2,16.8,0.00,10,3,4,2,614.3,478.6,135.8,749.2,894.0
2023-11-18T03:00,20.2,43,7.0,17.6,0.00,62,61,22,0,695.1,541.9,153.2,768.8,986.5
2023-11-18T04:00,20.0,44,7.5,17.3,0.00,64,63,18,0,640.5,416.7,223.8,584.1,998.5
2023-11-18T05:00,19.3,47,7.7,16.4,0.00,20,19,16,0,563.0,328.4,234.6,494.7,929.3
2023-11-18T06:00,18.5,46,6.8,15.7,0.00,79,4,2,78,547.9,444.3,103.6,793.6,783.6
2023-11-18T07:00,17.9,49,6.9,14.8,0.00,75,41,0,58,366.7,274.6,92.1,672.8,571.2
2023-11-18T08:00,17.1,51,6.9,14.1,0.00,100,14,1,100,161.5,94.3,67.2,430.1,306.7
2023-11-18T09:00,15.7,59,7.7,13.3,0.00,92,21,2,90,3.4,1.7,1.7,19.1,8.1
2023-11-18T10:00,15.1,61,7.7,13.0,0.00,100,18,3,99,0.0,0.0,0.0,0.0,0.0
2023-11-18T11:00,14.5,63,7.6,12.7,0.00,91,7,1,90,0.0,0.0,0.0,0.0,0.0
2023-11-18T12:00,13.5,71,8.3,12.2,0.00,99,13,1,99,0.0,0.0,0.0,0.0,0.0
2023-11-18T13:00,13.3,76,9.1,12.1,0.00,99,13,1,99,0.0,0.0,0.0,0.0,0.0
2023-11-18T14:00,14.1,71,9.0,12.8,0.00,74,20,2,68,0.0,0.0,0.0,0.0,0.0
2023-11-18T15:00,14.2,70,8.9,12.7,0.00,43,3,2,42,0.0,0.0,0.0,0.0,0.0
2023-11-18T16:00,12.3,81,9.1,11.0,0.00,5,5,0,0,0.0,0.0,0.0,0.0,0.0
2023-11-18T17:00,11.3,89,9.5,10.2,0.00,5,5,0,0,0.0,0.0,0.0,0.0,0.0
2023-11-18T18:00,10.9,92,9.6,10.0,0.00,1,1,0,0,0.0,0.0,0.0,0.0,0.0
2023-11-18T19:00,10.5,95,9.8,9.7,0.00,3,3,0,0,0.0,0.0,0.0,0.0,0.0
2023-11-18T20:00,10.9,95,10.2,10.2,0.00,6,6,0,0,0.0,0.0,0.0,0.0,0.0
2023-11-18T21:00,11.2,96,10.6,10.5,0.00,49,20,0,36,0.0,0.0,0.0,0.0,0.0
2023-11-18T22:00,11.0,95,10.2,10.0,0.00,67,9,0,63,0.0,0.0,0.0,0.0,0.0
2023-11-18T23:00,13.7,89,11.8,13.6,0.00,13,4,0,9,69.9,32.8,37.1,210.9,217.4
2023-11-19T00:00,17.5,73,12.6,17.6,0.00,8,1,0,6,287.7,202.4,85.4,573.7,493.9
2023-11-19T01:00,20.2,58,11.7,18.7,0.00,20,17,0,4,474.2,369.2,105.0,714.8,723.2
2023-11-19T02:00,21.7,50,10.8,19.6,0.00,56,56,0,0,599.3,463.5,135.9,729.1,890.0
2023-11-19T03:00,22.8,45,10.1,20.9,0.00,31,31,0,0,622.3,419.0,203.3,597.1,982.7
2023-11-19T04:00,23.5,41,9.3,21.5,0.00,100,100,0,61,627.6,417.8,209.9,587.9,995.0
2023-11-19T05:00,22.7,48,11.1,20.7,0.00,100,100,0,68,483.6,252.8,230.8,382.2,926.2
2023-11-19T06:00,22.1,51,11.6,20.3,0.00,85,40,0,75,393.4,169.0,224.4,303.0,780.9
2023-11-19T07:00,21.8,50,10.9,19.8,0.00,28,10,0,20,364.9,270.3,94.6,665.3,568.9
2023-11-19T08:00,21.0,50,10.1,18.9,0.00,4,4,0,0,182.7,132.9,49.8,610.4,304.9
2023-11-19T09:00,18.9,61,11.2,17.8,0.00,5,2,0,3,3.1,1.8,1.3,20.6,6.6
2023-11-19T10:00,17.3,72,12.1,16.7,0.00,33,0,0,33,0.0,0.0,0.0,0.0,0.0
2023-11-19T11:00,16.3,78,12.5,15.9,0.00,55,0,0,55,0.0,0.0,0.0,0.0,0.0
2023-11-19T12:00,15.6,82,12.5,15.4,0.00,0,0,0,0,0.0,0.0,0.0,0.0,0.0
2023-11-19T13:00,16.4,78,12.5,15.9,0.00,5,4,0,1,0.0,0.0,0.0,0.0,0.0
2023-11-19T14:00,16.4,79,12.7,16.0,0.00,4,4,0,0,0.0,0.0,0.0,0.0,0.0
2023-11-19T15:00,16.0,82,12.8,15.7,0.00,15,15,0,0,0.0,0.0,0.0,0.0,0.0
2023-11-19T16:00,15.7,83,12.8,15.4,0.00,9,9,0,0,0.0,0.0,0.0,0.0,0.0
2023-11-19T17:00,15.6,85,13.0,15.2,0.00,7,7,0,0,0.0,0.0,0.0,0.0,0.0
2023-11-19T18:00,16.0,84,13.4,15.6,0.00,7,7,0,0,0.0,0.0,0.0,0.0,0.0
2023-11-19T19:00,16.2,85,13.6,15.8,0.00,6,6,0,0,0.0,0.0,0.0,0.0,0.0
2023-11-19T20:00,16.3,84,13.5,15.9,0.00,13,13,0,0,0.0,0.0,0.0,0.0,0.0
2023-11-19T21:00,16.0,83,13.2,15.7,0.00,13,13,0,0,0.0,0.0,0.0,0.0,0.0
2023-11-19T22:00,15.3,85,12.8,15.1,0.00,7,7,0,0,0.0,0.0,0.0,0.0,0.0
2023-11-19T23:00,16.8,76,12.6,16.4,0.00,2,2,0,0,67.8,32.8,35.0,215.3,213.5
2023-11-20T00:00,20.3,64,13.4,19.7,0.00,11,4,8,0,276.1,187.8,88.4,537.0,489.8
2023-11-20T01:00,22.5,56,13.3,20.3,0.00,26,13,15,1,431.0,305.8,125.2,595.7,719.2
2023-11-20T02:00,23.4,53,13.2,21.2,0.00,30,13,20,0,530.5,347.5,183.1,549.4,886.0
2023-11-20T03:00,24.0,50,12.9,21.7,0.00,32,12,22,0,567.2,367.0,200.2,525.2,978.9
2023-11-20T04:00,24.5,48,12.7,22.6,0.00,29,15,17,0,631.7,449.8,181.9,635.5,991.6
2023-11-20T05:00,24.4,47,12.5,22.4,0.00,26,15,14,0,587.1,418.5,168.5,635.1,923.1
2023-11-20T06:00,24.1,47,12.1,21.7,0.00,27,18,15,0,466.0,319.8,146.3,575.6,778.2
2023-11-20T07:00,23.5,49,12.1,21.1,0.00,18,6,13,0,337.2,230.9,106.2,570.7,566.8
2023-11-20T08:00,22.4,52,12.1,20.2,0.00,14,8,7,0,165.2,107.1,58.1,495.1,303.1
2023-11-20T09:00,20.7,59,12.4,19.3,0.00,8,7,1,0,2.2,1.1,1.1,13.2,5.3
2023-11-20T10:00,19.8,61,12.1,18.3,0.00,5,5,1,0,0.0,0.0,0.0,0.0,0.0
2023-11-20T11:00,19.6,63,12.4,18.0,0.00,9,9,0,0,0.0,0.0,0.0,0.0,0.0
2023-11-20T12:00,19.6,64,12.5,17.9,0.00,4,4,1,0,0.0,0.0,0.0,0.0,0.0
2023-11-20T13:00,19.7,69,13.8,19.0,0.00,45,45,1,0,0.0,0.0,0.0,0.0,0.0
2023-11-20T14:00,19.9,67,13.5,19.1,0.00,4,4,0,0,0.0,0.0,0.0,0.0,0.0
2023-11-20T15:00,19.0,70,13.3,18.6,0.00,3,3,0,0,0.0,0.0,0.0,0.0,0.0
2023-11-20T16:00,18.7,71,13.4,18.4,0.00,8,8,0,0,0.0,0.0,0.0,0.0,0.0
2023-11-20T17:00,18.6,75,14.0,18.7,0.00,7,7,0,0,0.0,0.0,0.0,0.0,0.0
2023-11-20T18:00,17.8,80,14.3,18.0,0.00,5,5,0,0,0.0,0.0,0.0,0.0,0.0
2023-11-20T19:00,17.8,81,14.5,17.8,0.00,5,5,0,0,0.0,0.0,0.0,0.0,0.0
2023-11-20T20:00,18.0,82,14.9,18.0,0.00,6,5,1,0,0.0,0.0,0.0,0.0,0.0
2023-11-20T21:00,18.0,83,15.2,18.3,0.00,7,7,0,0,0.0,0.0,0.0,0.0,0.0
2023-11-20T22:00,17.6,86,15.3,18.1,0.00,10,10,0,0,0.0,0.0,0.0,0.0,0.0
2023-11-20T23:00,18.2,85,15.6,18.8,0.00,16,16,0,0,59.2,26.3,32.9,175.9,209.6
2023-11-21T00:00,21.2,73,16.1,21.8,0.00,17,17,0,0,245.1,151.0,94.2,435.5,485.8
2023-11-21T01:00,23.3,68,17.1,24.1,0.00,12,9,3,0,414.9,284.9,130.0,558.2,715.1
2023-11-21T02:00,24.7,61,16.6,24.3,0.00,34,34,0,0,580.2,445.3,134.9,707.4,882.1
2023-11-21T03:00,25.0,59,16.5,24.7,0.00,41,41,0,0,570.5,395.3,175.2,568.0,975.2
2023-11-21T04:00,25.2,58,16.4,24.6,0.00,52,52,0,0,543.9,360.9,183.0,511.8,988.2
2023-11-21T05:00,25.5,57,16.4,25.0,0.00,31,31,0,0,583.3,407.0,176.2,619.9,920.1
2023-11-21T06:00,25.2,57,16.0,24.3,0.00,38,38,0,0,421.5,274.3,147.2,495.7,775.7
2023-11-21T07:00,24.7,58,15.8,23.8,0.00,18,18,0,0,322.0,211.6,110.4,525.2,564.7
2023-11-21T08:00,23.5,61,15.6,22.6,0.00,40,40,1,0,153.3,90.4,62.8,420.4,301.5
2023-11-21T09:00,22.3,66,15.6,21.9,0.00,12,11,1,0,1.5,0.6,0.9,6.9,4.1
2023-11-21T10:00,21.3,70,15.6,21.2,0.00,28,28,1,0,0.0,0.0,0.0,0.0,0.0
2023-11-21T11:00,21.1,71,15.6,21.2,0.00,20,20,0,0,0.0,0.0,0.0,0.0,0.0
2023-11-21T12:00,20.4,73,15.5,20.7,0.00,2,2,0,0,0.0,0.0,0.0,0.0,0.0
2023-11-21T13:00,20.8,74,15.9,20.9,0.00,5,5,0,0,0.0,0.0,0.0,0.0,0.0
2023-11-21T14:00,20.4,76,16.1,20.6,0.00,1,1,0,0,0.0,0.0,0.0,0.0,0.0
2023-11-21T15:00,20.2,79,16.4,20.4,0.00,3,3,0,0,0.0,0.0,0.0,0.0,0.0
2023-11-21T16:00,19.9,81,16.6,20.3,0.00,3,3,0,0,0.0,0.0,0.0,0.0,0.0
2023-11-21T17:00,19.5,84,16.7,20.1,0.00,1,1,0,0,0.0,0.0,0.0,0.0,0.0
2023-11-21T18:00,19.0,87,16.7,19.9,0.00,1,1,0,0,0.0,0.0,0.0,0.0,0.0
2023-11-21T19:00,18.5,89,16.6,19.6,0.00,0,0,0,0,0.0,0.0,0.0,0.0,0.0
2023-11-21T20:00,18.0,91,16.5,19.3,0.00,0,0,0,0,0.0,0.0,0.0,0.0,0.0
2023-11-21T21:00,17.4,92,16.2,18.7,0.00,0,0,0,0,0.0,0.0,0.0,0.0,0.0
2023-11-21T22:00,17.0,93,15.9,18.3,0.00,0,0,0,0,0.0,0.0,0.0,0.0,0.0
2023-11-21T23:00,18.0,90,16.3,19.0,0.00,0,0,0,0,61.5,28.6,33.0,194.7,205.7
2023-11-22T00:00,21.9,76,17.5,23.5,0.00,0,0,0,0,270.9,184.8,86.1,537.7,481.7
2023-11-22T01:00,24.3,64,17.1,24.9,0.00,0,0,0,0,462.7,362.1,100.6,713.9,711.1
2023-11-22T02:00,25.6,57,16.4,25.5,0.00,0,0,0,0,599.1,482.8,116.3,770.8,878.2
2023-11-22T03:00,26.4,52,15.9,26.8,0.00,1,1,0,0,682.3,564.4,117.9,814.4,971.5
2023-11-22T04:00,26.9,50,15.6,27.6,0.00,0,0,0,0,709.0,599.0,110.0,852.6,984.9
2023-11-22T05:00,27.3,47,15.1,27.9,0.00,1,1,0,0,642.7,524.9,117.8,802.3,917.2
2023-11-22T06:00,27.2,47,15.1,27.4,0.00,0,0,0,0,533.2,431.5,101.7,782.3,773.2
2023-11-22T07:00,26.1,52,15.5,25.7,0.00,2,1,1,0,367.9,288.5,79.4,718.8,562.7
2023-11-22T08:00,24.6,57,15.5,24.1,0.00,6,4,3,0,176.6,127.6,49.0,596.3,300.0
2023-11-22T09:00,22.8,65,15.9,23.0,0.00,40,0,3,38,1.3,0.7,0.6,8.4,3.0
2023-11-22T10:00,21.4,71,15.9,21.6,0.00,27,1,2,25,0.0,0.0,0.0,0.0,0.0
2023-11-22T11:00,20.5,73,15.6,20.9,0.00,30,2,20,11,0.0,0.0,0.0,0.0,0.0
2023-11-22T12:00,20.0,75,15.5,20.5,0.00,77,3,31,65,0.0,0.0,0.0,0.0,0.0
2023-11-22T13:00,20.3,77,16.1,21.0,0.00,5,1,0,4,0.0,0.0,0.0,0.0,0.0
2023-11-22T14:00,19.6,80,16.1,20.5,0.00,21,0,0,20,0.0,0.0,0.0,0.0,0.0
2023-11-22T15:00,18.9,84,16.2,19.9,0.00,83,0,0,83,0.0,0.0,0.0,0.0,0.0
2023-11-22T16:00,18.3,87,16.1,19.4,0.00,44,0,0,43,0.0,0.0,0.0,0.0,0.0
2023-11-22T17:00,17.8,89,16.0,19.1,0.00,65,0,0,65,0.0,0.0,0.0,0.0,0.0
2023-11-22T18:00,17.3,91,15.8,18.6,0.00,88,0,0,88,0.0,0.0,0.0,0.0,0.0
2023-11-22T19:00,16.3,93,15.1,17.3,0.00,0,0,0,0,0.0,0.0,0.0,0.0,0.0
2023-11-22T20:00,15.8,93,14.6,16.9,0.00,65,0,0,65,0.0,0.0,0.0,0.0,0.0
2023-11-22T21:00,16.0,91,14.6,17.3,0.00,38,0,0,38,0.0,0.0,0.0,0.0,0.0
2023-11-22T22:00,16.0,91,14.5,17.4,0.00,50,3,0,49,0.0,0.0,0.0,0.0,0.0
2023-11-22T23:00,16.9,89,15.0,18.4,0.00,45,1,0,45,61.7,28.6,33.0,199.0,201.7
2023-11-23T00:00,20.4,77,16.3,22.2,0.00,1,0,0,1,267.6,181.2,86.4,531.9,477.7
2023-11-23T01:00,24.0,61,16.0,25.5,0.00,13,0,0,13,463.2,363.7,99.5,721.3,707.1
2023-11-23T02:00,26.0,54,15.8,26.7,0.00,3,3,0,0,611.5,506.1,105.4,811.9,874.3
2023-11-23T03:00,26.9,49,15.4,27.8,0.00,6,6,0,0,663.7,530.1,133.6,768.1,967.9
2023-11-23T04:00,27.3,48,15.4,28.3,0.00,31,31,1,0,684.1,557.1,127.0,795.9,981.6
2023-11-23T05:00,26.9,50,15.7,27.3,0.00,49,49,7,0,592.0,427.2,164.8,655.3,914.4
2023-11-23T06:00,25.8,55,16.0,25.7,0.00,66,41,3,42,528.7,422.4,106.3,768.5,770.9
2023-11-23T07:00,24.9,56,15.5,24.5,0.00,60,14,0,53,350.3,256.7,93.6,641.8,560.9
2023-11-23T08:00,23.7,61,15.7,23.5,0.00,25,1,0,25,176.4,125.4,51.0,589.0,298.6
2023-11-23T09:00,21.7,70,16.1,22.6,0.00,2,2,0,0,0.9,0.5,0.4,5.9,2.0
2023-11-23T10:00,20.2,79,16.5,21.5,0.00,1,1,0,0,0.0,0.0,0.0,0.0,0.0
2023-11-23T11:00,19.4,85,16.7,20.9,0.00,0,0,0,0,0.0,0.0,0.0,0.0,0.0
2023-11-23T12:00,18.3,90,16.7,19.9,0.00,1,1,0,0,0.0,0.0,0.0,0.0,0.0
2023-11-23T13:00,19.5,90,17.9,21.1,0.00,0,0,0,0,0.0,0.0,0.0,0.0,0.0
2023-11-23T14:00,18.8,93,17.6,20.5,0.00,1,0,0,1,0.0,0.0,0.0,0.0,0.0
2023-11-23T15:00,18.4,93,17.3,20.0,0.00,1,1,0,0,0.0,0.0,0.0,0.0,0.0
2023-11-23T16:00,18.1,93,16.9,19.6,0.00,3,3,0,0,0.0,0.0,0.0,0.0,0.0
2023-11-23T17:00,17.5,93,16.4,18.8,0.00,1,1,0,0,0.0,0.0,0.0,0.0,0.0
2023-11-23T18:00,17.4,91,15.9,18.4,0.00,8,8,0,0,0.0,0.0,0.0,0.0,0.0
2023-11-23T19:00,18.3,83,15.3,18.9,0.00,27,26,1,0,0.0,0.0,0.0,0.0,0.0
2023-11-23T20:00,19.0,74,14.3,18.8,0.00,56,55,31,0,0.0,0.0,0.0,0.0,0.0
2023-11-23T21:00,19.6,72,14.4,19.0,0.00,89,85,73,0,0.0,0.0,0.0,0.0,0.0
2023-11-23T22:00,20.0,69,14.2,19.0,0.00,84,83,49,0,0.0,0.0,0.0,0.0,0.0
2023-11-23T23:00,20.1,68,13.9,18.9,0.00,35,34,23,0,35.3,8.8,26.5,62.6,197.8
2023-11-24T00:00,21.3,64,14.1,19.3,0.00,46,27,34,0,211.1,107.7,103.5,318.8,473.7
2023-11-24T01:00,21.4,62,13.8,18.9,0.00,100,100,25,0,198.0,41.5,156.5,82.8,703.1
2023-11-24T02:00,21.6,58,13.0,18.8,0.00,100,96,100,0,229.6,0.0,229.6,0.0,870.5
2023-11-24T03:00,21.2,58,12.7,18.0,0.00,100,86,100,0,251.6,28.2,223.4,41.0,964.4
2023-11-24T04:00,21.0,58,12.4,17.6,0.00,100,93,100,0,244.1,25.0,219.1,35.9,978.5
2023-11-24T05:00,21.1,56,12.1,17.8,0.00,100,85,100,0,261.5,34.5,227.1,53.1,911.7
2023-11-24T06:00,20.1,64,13.1,17.2,0.00,100,100,100,0,160.8,7.3,153.5,13.3,768.7
2023-11-24T07:00,19.8,63,12.7,17.0,0.00,99,96,85,0,121.2,10.0,111.2,25.2,559.2
2023-11-24T08:00,19.4,64,12.4,16.7,0.00,100,100,21,62,57.1,0.0,57.1,0.0,297.4
2023-11-24T09:00,18.7,69,12.9,16.5,0.00,62,48,52,0,0.2,0.0,0.2,0.0,1.2
2023-11-24T10:00,18.5,70,13.0,16.3,0.00,65,58,25,0,0.0,0.0,0.0,0.0,0.0
2023-11-24T11:00,18.6,67,12.4,16.1,0.00,80,80,24,0,0.0,0.0,0.0,0.0,0.0
2023-11-24T12:00,18.6,69,12.7,16.5,0.00,50,49,19,0,0.0,0.0,0.0,0.0,0.0
2023-11-24T13:00,19.0,67,12.7,17.0,0.00,48,47,15,0,0.0,0.0,0.0,0.0,0.0
2023-11-24T14:00,19.2,66,12.6,17.3,0.00,56,55,16,0,0.0,0.0,0.0,0.0,0.0
2023-11-24T15:00,19.0,68,13.1,17.0,0.00,50,49,16,0,0.0,0.0,0.0,0.0,0.0
2023-11-24T16:00,19.1,67,12.9,17.3,0.00,55,40,50,0,0.0,0.0,0.0,0.0,0.0
2023-11-24T17:00,18.1,76,13.9,16.9,0.00,32,32,8,0,0.0,0.0,0.0,0.0,0.0
2023-11-24T18:00,17.8,79,14.1,16.8,0.00,42,41,21,0,0.0,0.0,0.0,0.0,0.0
2023-11-24T19:00,17.9,80,14.5,16.9,0.00,62,56,47,0,0.0,0.0,0.0,0.0,0.0
2023-11-24T20:00,17.9,79,14.2,16.8,0.00,76,74,72,0,0.0,0.0,0.0,0.0,0.0
2023-11-24T21:00,18.0,79,14.3,16.6,0.00,66,64,58,0,0.0,0.0,0.0,0.0,0.0
2023-11-24T22:00,17.7,81,14.4,16.5,0.00,41,34,33,0,0.0,0.0,0.0,0.0,0.0
2023-11-24T23:00,18.2,80,14.6,16.7,0.00,91,89,48,0,28.8,4.4,24.3,32.0,193.9
2023-11-25T00:00,18.7,78,14.7,17.2,0.00,69,68,28,0,117.8,16.8,101.0,50.3,469.7
2023-11-25T01:00,20.9,69,15.0,18.8,0.00,31,31,4,0,356.2,197.1,159.1,395.6,699.2
2023-11-25T02:00,20.8,68,14.7,18.8,0.10,85,75,61,0,371.5,195.6,175.9,316.8,866.7
2023-11-25T03:00,21.6,66,14.9,19.6,0.20,75,56,69,0,391.6,174.4,217.2,254.7,960.9
2023-11-25T04:00,21.9,64,14.8,19.7,0.20,100,100,96,0,383.2,102.1,281.2,146.9,975.4
2023-11-25T05:00,21.3,66,14.6,19.0,0.00,99,99,82,0,238.6,25.9,212.7,39.9,909.1
2023-11-25T06:00,20.5,72,15.2,18.7,0.00,83,74,33,0,228.9,53.6,175.3,98.1,766.6
2023-11-25T07:00,20.6,71,15.1,18.7,0.00,46,43,6,0,211.5,64.4,147.1,162.0,557.6
2023-11-25T08:00,20.0,75,15.4,18.6,0.00,78,78,8,0,128.0,56.4,71.6,267.3,296.2
2023-11-25T09:00,19.5,79,15.7,18.8,0.00,100,100,5,0,0.1,0.0,0.1,0.0,0.4
2023-11-25T10:00,19.7,78,15.7,19.4,0.00,100,100,0,0,0.0,0.0,0.0,0.0,0.0
2023-11-25T11:00,19.6,79,16.0,19.5,0.00,100,100,17,0,0.0,0.0,0.0,0.0,0.0
2023-11-25T12:00,19.4,82,16.3,19.4,0.10,100,100,5,0,0.0,0.0,0.0,0.0,0.0
2023-11-25T13:00,19.4,84,16.7,19.4,0.10,100,100,4,0,0.0,0.0,0.0,0.0,0.0
2023-11-25T14:00,19.3,84,16.5,19.2,0.00,6,6,0,0,0.0,0.0,0.0,0.0,0.0
2023-11-25T15:00,19.2,84,16.4,18.9,0.00,16,15,7,0,0.0,0.0,0.0,0.0,0.0
2023-11-25T16:00,18.8,86,16.5,19.0,0.00,66,65,7,0,0.0,0.0,0.0,0.0,0.0
2023-11-25T17:00,18.9,87,16.7,19.3,0.00,82,82,9,0,0.0,0.0,0.0,0.0,0.0
2023-11-25T18:00,18.9,88,16.9,19.5,0.00,99,99,43,0,0.0,0.0,0.0,0.0,0.0
2023-11-25T19:00,18.9,87,16.8,19.5,0.00,70,62,19,0,0.0,0.0,0.0,0.0,0.0
2023-11-25T20:00,18.9,87,16.7,19.6,0.00,95,93,24,0,0.0,0.0,0.0,0.0,0.0
2023-11-25T21:00,18.8,88,16.7,19.7,0.00,65,64,3,0,0.0,0.0,0.0,0.0,0.0
2023-11-25T22:00,18.6,88,16.6,19.9,0.00,86,86,22,0,0.0,0.0,0.0,0.0,0.0
2023-11-25T23:00,19.1,86,16.7,20.2,0.00,97,96,38,0,22.2,4.4,17.8,32.8,190.1
2023-11-26T00:00,19.8,82,16.7,20.5,0.10,63,63,4,0,67.6,0.0,67.6,0.0,465.8
2023-11-26T01:00,20.9,79,17.1,21.4,0.10,85,85,11,0,180.7,26.1,154.5,52.8,695.3
2023-11-26T02:00,21.3,76,16.8,21.2,0.00,99,99,1,0,238.6,40.7,197.9,66.2,863.1
2023-11-26T03:00,21.7,72,16.5,21.1,0.00,90,88,27,0,296.7,34.5,262.2,50.5,957.6
2023-11-26T04:00,21.7,72,16.4,21.0,0.00,100,100,9,0,249.2,26.0,223.2,37.6,972.4
2023-11-26T05:00,21.7,71,16.3,21.1,0.00,47,47,18,0,217.5,18.2,199.3,28.2,906.6
2023-11-26T06:00,21.9,70,16.2,21.2,0.00,81,80,46,0,268.9,73.6,195.3,135.1,764.6
2023-11-26T07:00,21.6,70,16.0,20.9,0.00,100,100,76,0,187.2,55.2,132.1,139.3,556.1
2023-11-26T08:00,20.7,74,15.8,20.3,0.00,96,96,69,1,56.4,4.1,52.3,19.6,295.2
2023-11-26T09:00,20.2,77,16.0,20.3,0.00,100,98,100,0,0.0,0.0,0.0,0.0,0.0
2023-11-26T10:00,20.1,78,16.2,20.3,0.00,97,97,93,1,0.0,0.0,0.0,0.0,0.0
2023-11-26T11:00,19.9,80,16.4,20.2,0.00,100,100,67,5,0.0,0.0,0.0,0.0,0.0
2023-11-26T12:00,19.9,78,16.0,20.1,0.00,80,78,15,6,0.0,0.0,0.0,0.0,0.0
2023-11-26T13:00,20.3,83,17.3,21.0,0.00,78,73,9,15,0.0,0.0,0.0,0.0,0.0
2023-11-26T14:00,20.2,83,17.2,21.0,0.00,96,95,7,8,0.0,0.0,0.0,0.0,0.0
2023-11-26T15:00,20.3,81,17.0,21.2,0.00,95,95,9,7,0.0,0.0,0.0,0.0,0.0
2023-11-26T16:00,20.4,80,16.9,21.3,0.00,86,86,2,0,0.0,0.0,0.0,0.0,0.0
2023-11-26T17:00,20.1,82,16.9,21.1,0.00,53,53,0,0,0.0,0.0,0.0,0.0,0.0
2023-11-26T18:00,19.5,85,17.0,20.9,0.00,7,7,1,0,0.0,0.0,0.0,0.0,0.0
2023-11-26T19:00,18.7,90,17.0,20.3,0.00,62,60,6,0,0.0,0.0,0.0,0.0,0.0
2023-11-26T20:00,17.8,93,16.7,19.3,0.00,76,74,6,0,0.0,0.0,0.0,0.0,0.0
2023-11-26T21:00,17.8,94,16.8,19.3,0.00,64,63,5,0,0.0,0.0,0.0,0.0,0.0
2023-11-26T22:00,18.0,94,17.0,19.6,0.00,42,42,3,0,0.0,0.0,0.0,0.0,0.0
2023-11-26T23:00,19.2,89,17.3,21.3,0.00,47,46,3,0,35.6,8.9,26.7,67.1,186.2
2023-11-27T00:00,21.7,76,17.3,23.1,0.00,30,30,0,0,196.3,83.3,113.0,253.4,461.9
2023-11-27T01:00,23.1,68,16.9,23.8,0.00,34,34,0,0,387.9,258.2,129.7,524.5,691.5
2023-11-27T02:00,24.0,64,16.7,24.4,0.00,64,64,0,0,494.0,309.2,184.9,505.3,859.4
2023-11-27T03:00,23.5,62,15.9,23.6,0.00,54,54,0,0,346.9,86.7,260.2,127.7,954.3
2023-11-27T04:00,24.6,57,15.6,24.7,0.00,47,46,2,0,542.5,302.3,240.2,437.9,969.6
2023-11-27T05:00,24.7,56,15.3,24.9,0.00,52,48,7,0,556.8,389.1,167.7,604.5,904.2
2023-11-27T06:00,24.3,56,15.1,24.3,0.00,68,66,6,0,460.7,329.8,130.8,607.4,762.7
2023-11-27T07:00,23.4,59,15.0,23.5,0.00,75,73,6,0,274.1,158.0,116.2,400.0,554.7
2023-11-27T08:00,22.4,66,15.7,22.9,0.00,5,1,4,0,160.2,105.9,54.3,505.2,294.3
2023-11-27T09:00,20.5,76,16.1,21.6,0.00,5,1,5,0,0.0,0.0,0.0,0.0,0.0
2023-11-27T10:00,18.8,86,16.4,20.4,0.00,8,5,3,0,0.0,0.0,0.0,0.0,0.0
2023-11-27T11:00,17.9,92,16.5,19.4,0.00,3,1,2,0,0.0,0.0,0.0,0.0,0.0
2023-11-27T12:00,17.3,94,16.2,18.6,0.00,6,5,2,0,0.0,0.0,0.0,0.0,0.0
2023-11-27T13:00,18.1,92,16.7,19.8,0.00,17,17,0,0,0.0,0.0,0.0,0.0,0.0
2023-11-27T14:00,18.0,92,16.6,19.5,0.00,14,14,0,0,0.0,0.0,0.0,0.0,0.0
2023-11-27T15:00,17.9,91,16.5,19.3,0.00,11,11,0,0,0.0,0.0,0.0,0.0,0.0
2023-11-27T16:00,18.1,91,16.6,19.4,0.00,8,8,0,0,0.0,0.0,0.0,0.0,0.0
2023-11-27T17:00,17.4,93,16.2,18.7,0.00,3,3,1,0,0.0,0.0,0.0,0.0,0.0
2023-11-27T18:00,17.2,93,16.0,18.3,0.00,3,3,0,0,0.0,0.0,0.0,0.0,0.0
2023-11-27T19:00,16.8,93,15.7,17.8,0.00,12,12,0,0,0.0,0.0,0.0,0.0,0.0
2023-11-27T20:00,16.6,92,15.3,17.4,0.00,12,12,0,0,0.0,0.0,0.0,0.0,0.0
2023-11-27T21:00,17.3,89,15.6,18.3,0.00,8,8,0,0,0.0,0.0,0.0,0.0,0.0
2023-11-27T22:00,17.3,82,14.1,17.5,0.00,0,0,0,0,0.0,0.0,0.0,0.0,0.0
2023-11-27T23:00,17.9,74,13.2,17.6,0.00,0,0,0,0,49.1,22.3,26.8,171.8,182.4
2023-11-28T00:00,20.8,59,12.6,19.4,0.00,0,0,0,0,257.9,174.3,83.6,534.7,458.0
2023-11-28T01:00,22.6,52,12.1,20.2,0.00,0,0,0,0,455.1,357.4,97.7,730.1,687.7
2023-11-28T02:00,23.6,46,11.3,20.7,0.00,0,0,0,0,606.6,503.1,103.5,825.9,855.9
2023-11-28T03:00,24.1,44,11.2,21.6,0.00,0,0,0,0,694.1,588.5,105.6,869.4,951.1
2023-11-28T04:00,24.4,44,11.5,22.1,0.00,0,0,0,0,711.9,607.7,104.1,883.2,966.8
2023-11-28T05:00,24.3,45,11.5,21.7,0.00,0,0,0,0,660.5,562.7,97.8,876.6,901.9
2023-11-28T06:00,23.9,46,11.6,20.8,0.00,0,0,0,0,545.2,458.0,87.2,845.7,761.0
2023-11-28T07:00,23.1,49,11.8,19.7,0.00,0,0,0,0,375.3,302.6,72.7,768.1,553.5
2023-11-28T08:00,22.2,52,12.0,19.0,0.00,0,0,0,0,178.0,130.6,47.4,625.0,293.6
2023-11-28T09:00,20.9,58,12.4,18.1,0.00,1,1,0,0,0.0,0.0,0.0,0.0,0.0
2023-11-28T10:00,20.2,61,12.6,17.6,0.00,4,4,0,0,0.0,0.0,0.0,0.0,0.0
2023-11-28T11:00,20.1,62,12.5,17.4,0.00,2,2,0,0,0.0,0.0,0.0,0.0,0.0
2023-11-28T12:00,20.1,62,12.5,17.4,0.00,3,3,0,0,0.0,0.0,0.0,0.0,0.0
2023-11-28T13:00,20.2,62,12.6,17.4,0.00,2,2,0,0,0.0,0.0,0.0,0.0,0.0
2023-11-28T14:00,20.2,61,12.5,17.6,0.00,2,2,0,0,0.0,0.0,0.0,0.0,0.0
2023-11-28T15:00,20.2,61,12.6,17.7,0.00,3,1,2,0,0.0,0.0,0.0,0.0,0.0
2023-11-28T16:00,20.2,61,12.5,18.0,0.00,9,1,8,0,0.0,0.0,0.0,0.0,0.0
2023-11-28T17:00,20.1,61,12.4,18.1,0.00,93,0,93,0,0.0,0.0,0.0,0.0,0.0
2023-11-28T18:00,20.3,61,12.5,18.6,0.00,100,0,100,0,0.0,0.0,0.0,0.0,0.0
2023-11-28T19:00,20.6,59,12.4,18.9,0.00,99,0,99,0,0.0,0.0,0.0,0.0,0.0
2023-11-28T20:00,20.5,58,12.0,19.0,0.00,95,0,95,0,0.0,0.0,0.0,0.0,0.0
2023-11-28T21:00,20.3,58,11.8,19.0,0.00,86,0,86,0,0.0,0.0,0.0,0.0,0.0
2023-11-28T22:00,20.2,58,11.8,19.3,0.00,97,9,97,1,0.0,0.0,0.0,0.0,0.0
2023-11-28T23:00,20.8,57,11.8,19.9,0.00,100,7,100,0,24.6,4.5,20.1,35.2,178.6
2023-11-29T00:00,21.6,56,12.6,21.2,0.00,96,0,96,0,81.1,8.5,72.5,26.4,454.2
2023-11-29T01:00,23.9,53,13.8,23.7,0.00,89,0,89,0,238.5,87.1,151.5,178.9,684.0
2023-11-29T02:00,25.7,49,14.1,25.4,0.00,93,0,93,0,373.4,195.0,178.5,321.5,852.4
2023-11-29T03:00,26.7,45,13.9,26.5,0.00,68,1,68,0,364.9,104.6,260.4,155.0,948.0
2023-11-29T04:00,27.9,43,14.2,28.2,0.00,36,0,36,0,548.8,351.5,197.3,512.4,964.1
2023-11-29T05:00,28.4,43,14.8,29.3,0.00,53,0,53,0,499.5,362.4,137.1,566.1,899.8
2023-11-29T06:00,28.8,42,14.5,29.9,0.00,37,0,37,0,385.3,239.0,146.3,442.4,759.3
2023-11-29T07:00,28.0,45,14.8,28.4,0.00,52,0,52,0,284.2,179.7,104.5,457.3,552.4
2023-11-29T08:00,26.5,55,16.7,27.6,0.00,35,0,35,0,127.1,66.0,61.2,316.5,293.0
2023-11-29T09:00,25.3,65,18.2,27.8,0.00,57,0,57,0,0.0,0.0,0.0,0.0,0.0
2023-11-29T10:00,23.4,71,17.9,25.4,0.00,77,0,77,0,0.0,0.0,0.0,0.0,0.0
2023-11-29T11:00,23.0,71,17.5,25.1,0.00,91,0,91,0,0.0,0.0,0.0,0.0,0.0
2023-11-29T12:00,22.8,73,17.8,24.9,0.00,100,0,100,2,0.0,0.0,0.0,0.0,0.0
2023-11-29T13:00,22.4,76,18.0,24.7,0.00,100,0,100,10,0.0,0.0,0.0,0.0,0.0
2023-11-29T14:00,22.0,79,18.1,24.6,0.00,100,0,100,28,0.0,0.0,0.0,0.0,0.0
2023-11-29T15:00,21.9,80,18.3,24.6,0.00,100,0,100,17,0.0,0.0,0.0,0.0,0.0
2023-11-29T16:00,21.6,84,18.7,24.2,0.00,100,0,100,6,0.0,0.0,0.0,0.0,0.0
2023-11-29T17:00,21.1,84,18.3,23.7,0.00,68,0,68,0,0.0,0.0,0.0,0.0,0.0
2023-11-29T18:00,21.1,83,18.1,23.5,0.00,100,0,100,0,0.0,0.0,0.0,0.0,0.0
2023-11-29T19:00,21.9,79,18.0,24.6,0.00,100,0,100,0,0.0,0.0,0.0,0.0,0.0
2023-11-29T20:00,21.8,79,18.0,24.5,0.00,89,0,89,0,0.0,0.0,0.0,0.0,0.0
2023-11-29T21:00,20.8,86,18.5,22.9,0.00,99,76,97,0,0.0,0.0,0.0,0.0,0.0
2023-11-29T22:00,20.9,87,18.7,22.7,0.00,100,100,86,7,0.0,0.0,0.0,0.0,0.0
2023-11-29T23:00,20.8,87,18.6,22.3,0.20,100,100,100,2,9.0,0.0,9.0,0.0,174.9
2023-11-30T00:00,20.5,85,17.8,21.2,0.40,100,100,100,0,31.4,0.0,31.4,0.0,450.5
2023-11-30T01:00,21.3,79,17.5,21.2,0.10,100,98,82,28,99.1,0.0,99.1,0.0,680.4
2023-11-30T02:00,21.9,72,16.6,20.9,0.00,97,93,40,22,209.4,57.3,152.1,94.9,849.1
2023-11-30T03:00,22.2,68,16.1,20.9,0.00,99,91,49,79,232.2,69.0,163.2,102.7,945.0
2023-11-30T04:00,22.7,64,15.5,21.2,0.00,98,90,74,15,276.5,30.1,246.4,43.9,961.6
2023-11-30T05:00,22.4,64,15.3,20.5,0.00,99,97,81,0,227.3,22.1,205.2,34.5,897.7
2023-11-30T06:00,22.1,65,15.3,20.5,0.00,100,100,97,0,175.4,24.5,150.9,45.5,757.8
2023-11-30T07:00,20.7,75,16.2,20.2,0.00,100,100,99,20,96.1,9.2,86.9,23.4,551.4
2023-11-30T08:00,19.9,81,16.5,19.8,0.10,100,100,100,0,32.3,0.0,32.3,0.0,292.4
2023-11-30T09:00,19.4,84,16.7,19.7,0.10,100,99,100,3,0.0,0.0,0.0,0.0,0.0
2023-11-30T10:00,19.2,85,16.5,19.6,0.10,100,100,100,4,0.0,0.0,0.0,0.0,0.0
2023-11-30T11:00,19.4,82,16.3,19.8,0.10,100,95,100,1,0.0,0.0,0.0,0.0,0.0
2023-11-30T12:00,19.3,82,16.1,19.4,0.10,100,100,100,17,0.0,0.0,0.0,0.0,0.0
2023-11-30T13:00,18.9,88,16.9,18.8,0.30,99,97,74,5,0.0,0.0,0.0,0.0,0.0
2023-11-30T14:00,18.9,88,16.8,19.1,0.80,100,100,100,78,0.0,0.0,0.0,0.0,0.0
2023-11-30T15:00,18.7,88,16.7,19.1,0.20,100,100,99,79,0.0,0.0,0.0,0.0,0.0
2023-11-30T16:00,18.2,92,16.8,19.2,2.70,100,99,96,17,0.0,0.0,0.0,0.0,0.0
2023-11-30T17:00,17.9,92,16.7,18.6,2.60,100,100,98,21,0.0,0.0,0.0,0.0,0.0
2023-11-30T18:00,17.6,92,16.3,17.9,0.60,100,99,95,7,0.0,0.0,0.0,0.0,0.0
2023-11-30T19:00,17.4,93,16.2,17.8,1.20,100,100,77,33,0.0,0.0,0.0,0.0,0.0
2023-11-30T20:00,17.3,92,15.9,17.6,1.70,100,100,100,4,0.0,0.0,0.0,0.0,0.0
2023-11-30T21:00,17.3,87,15.1,17.2,0.10,100,100,100,0,0.0,0.0,0.0,0.0,0.0
2023-11-30T22:00,17.0,86,14.6,16.7,0.10,100,100,100,0,0.0,0.0,0.0,0.0,0.0
2023-11-30T23:00,16.7,86,14.4,16.2,0.10,100,98,93,40,9.0,0.0,9.0,0.0,171.3
2023-12-01T00:00,16.9,84,14.2,16.4,0.10,100,100,94,49,58.7,2.9,55.9,9.0,446.8
2023-12-01T01:00,17.5,83,14.5,16.4,0.00,100,100,80,9,77.7,0.0,77.7,0.0,676.9
2023-12-01T02:00,17.9,81,14.6,17.0,0.40,100,100,96,19,147.8,7.7,140.1,12.8,845.8
2023-12-01T03:00,17.9,81,14.5,16.8,0.00,100,100,100,14,133.9,5.2,128.7,7.8,942.1
2023-12-01T04:00,17.5,79,13.9,16.2,0.00,100,100,94,46,105.2,0.0,105.2,0.0,959.2
2023-12-01T05:00,17.5,78,13.5,15.8,0.00,100,100,70,52,161.1,6.7,154.4,10.5,895.8
2023-12-01T06:00,17.2,76,12.9,15.0,0.00,100,100,98,94,155.5,8.2,147.3,15.2,756.5
2023-12-01T07:00,16.7,76,12.5,14.7,0.00,100,98,100,99,93.6,5.0,88.6,12.8,550.5
2023-12-01T08:00,16.2,79,12.6,14.4,0.20,100,100,100,28,26.8,0.0,26.8,0.0,292.1
2023-12-01T09:00,15.7,83,12.8,14.4,0.10,100,99,100,90,0.0,0.0,0.0,0.0,0.0
2023-12-01T10:00,15.7,82,12.5,14.1,0.00,100,97,100,100,0.0,0.0,0.0,0.0,0.0
2023-12-01T11:00,15.6,82,12.6,14.2,0.10,100,100,100,95,0.0,0.0,0.0,0.0,0.0
2023-12-01T12:00,15.6,83,12.8,14.3,0.00,100,100,96,90,0.0,0.0,0.0,0.0,0.0
2023-12-01T13:00,15.5,84,12.9,14.2,0.00,100,100,71,94,0.0,0.0,0.0,0.0,0.0
2023-12-01T14:00,15.8,81,12.6,14.2,0.00,100,100,43,79,0.0,0.0,0.0,0.0,0.0
2023-12-01T15:00,15.7,82,12.6,14.0,0.00,100,100,41,77,0.0,0.0,0.0,0.0,0.0
2023-12-01T16:00,15.7,83,12.8,14.2,0.00,98,97,43,0,0.0,0.0,0.0,0.0,0.0
2023-12-01T17:00,15.8,83,12.9,14.4,0.00,100,98,98,0,0.0,0.0,0.0,0.0,0.0
2023-12-01T18:00,15.8,83,12.8,14.5,0.00,100,100,100,1,0.0,0.0,0.0,0.0,0.0
2023-12-01T19:00,15.7,84,13.0,14.7,0.00,100,100,100,16,0.0,0.0,0.0,0.0,0.0
2023-12-01T20:00,15.8,84,13.1,14.8,0.10,100,76,100,34,0.0,0.0,0.0,0.0,0.0
2023-12-01T21:00,15.8,84,13.1,14.8,0.10,99,87,95,8,0.0,0.0,0.0,0.0,0.0
2023-12-01T22:00,15.4,87,13.3,14.4,1.10,100,25,100,43,0.0,0.0,0.0,0.0,0.0
2023-12-01T23:00,15.4,88,13.5,14.6,0.20,100,59,93,98,9.0,0.0,9.0,0.0,167.7
2023-12-02T00:00,15.9,86,13.6,15.2,1.00,100,31,98,98,54.6,2.9,51.7,9.1,443.2
2023-12-02T01:00,18.0,77,14.0,16.9,0.00,98,95,37,54,221.4,64.6,156.8,135.0,673.4
2023-12-02T02:00,19.0,72,13.9,17.2,0.00,100,100,98,22,291.3,58.5,232.8,97.6,842.7
2023-12-02T03:00,19.4,71,14.0,17.4,0.00,100,100,10,74,264.8,25.1,239.7,37.6,939.3
2023-12-02T04:00,20.0,68,14.0,18.3,0.00,100,100,100,3,233.5,33.1,200.4,48.6,956.9
2023-12-02T05:00,19.6,70,14.0,18.2,0.00,100,100,16,0,136.2,0.0,136.2,0.0,894.1
2023-12-02T06:00,19.5,73,14.6,18.4,0.00,100,100,34,0,154.6,16.4,138.2,30.5,755.2
2023-12-02T07:00,18.8,76,14.4,17.9,0.00,99,99,5,0,91.1,6.7,84.5,17.1,549.8
2023-12-02T08:00,18.3,79,14.6,17.5,0.00,100,100,8,9,47.4,3.4,44.0,16.6,291.8
2023-12-02T09:00,18.0,81,14.7,17.1,0.00,100,91,100,35,0.0,0.0,0.0,0.0,0.0
2023-12-02T10:00,17.9,82,14.7,16.9,0.00,100,98,74,59,0.0,0.0,0.0,0.0,0.0
2023-12-02T11:00,18.2,78,14.2,17.3,0.00,100,100,35,71,0.0,0.0,0.0,0.0,0.0
2023-12-02T12:00,18.2,80,14.6,17.4,0.00,99,97,22,58,0.0,0.0,0.0,0.0,0.0
2023-12-02T13:00,18.4,87,16.1,17.8,0.00,93,70,35,61,0.0,0.0,0.0,0.0,0.0
2023-12-02T14:00,18.3,87,16.2,17.7,0.00,99,96,44,71,0.0,0.0,0.0,0.0,0.0
2023-12-02T15:00,18.5,87,16.3,18.0,0.00,100,100,72,74,0.0,0.0,0.0,0.0,0.0
2023-12-02T16:00,18.6,87,16.4,18.2,0.10,92,44,58,68,0.0,0.0,0.0,0.0,0.0
2023-12-02T17:00,18.7,87,16.5,18.6,0.00,100,97,79,61,0.0,0.0,0.0,0.0,0.0
2023-12-02T18:00,18.8,87,16.6,19.1,0.00,98,81,87,48,0.0,0.0,0.0,0.0,0.0
2023-12-02T19:00,18.8,88,16.7,19.3,0.30,100,100,100,63,0.0,0.0,0.0,0.0,0.0
2023-12-02T20:00,18.7,90,16.9,19.5,0.60,100,100,100,25,0.0,0.0,0.0,0.0,0.0
2023-12-02T21:00,18.2,94,17.2,19.5,0.50,100,100,100,2,0.0,0.0,0.0,0.0,0.0
2023-12-02T22:00,18.2,92,16.9,19.3,0.20,100,98,100,1,0.0,0.0,0.0,0.0,0.0
2023-12-02T23:00,18.2,92,16.8,18.9,0.10,98,92,64,28,13.6,2.3,11.3,19.4,164.1
2023-12-03T00:00,18.7,89,16.8,19.1,0.00,100,99,100,0,80.8,14.4,66.3,46.2,439.7
2023-12-03T01:00,19.6,88,17.5,20.3,0.20,100,88,100,0,127.0,0.0,127.0,0.0,670.1
2023-12-03T02:00,19.0,90,17.4,19.7,0.70,100,86,100,0,128.1,0.0,128.1,0.0,839.6
2023-12-03T03:00,19.0,87,16.7,18.8,0.70,99,71,95,0,152.9,30.4,122.5,45.6,936.7
2023-12-03T04:00,19.5,82,16.4,19.4,0.10,94,85,61,0,263.6,78.2,185.5,115.3,954.7
2023-12-03T05:00,20.1,78,16.2,19.6,0.00,92,86,50,2,268.7,44.1,224.5,69.6,892.4
2023-12-03T06:00,19.9,78,16.0,19.5,0.00,100,100,100,100,213.7,23.6,190.1,44.1,754.2
2023-12-03T07:00,18.9,83,15.9,18.7,0.10,99,58,95,95,56.0,0.0,56.0,0.0,549.3
2023-12-03T08:00,18.7,85,16.2,18.6,0.10,100,83,100,85,44.7,0.0,44.7,0.0,291.7
2023-12-03T09:00,18.1,88,16.1,18.2,0.10,100,100,100,54,0.0,0.0,0.0,0.0,0.0
2023-12-03T10:00,18.0,88,16.0,18.0,0.10,100,67,100,3,0.0,0.0,0.0,0.0,0.0
2023-12-03T11:00,18.0,88,16.1,18.3,0.00,100,92,99,47,0.0,0.0,0.0,0.0,0.0
2023-12-03T12:00,18.2,89,16.3,18.3,0.20,100,98,82,26,0.0,0.0,0.0,0.0,0.0
2023-12-03T13:00,18.6,90,17.0,19.1,1.60,100,88,98,8,0.0,0.0,0.0,0.0,0.0
2023-12-03T14:00,18.7,91,17.2,19.2,0.00,97,89,34,59,0.0,0.0,0.0,0.0,0.0
2023-12-03T15:00,18.8,92,17.4,19.5,0.00,100,66,76,100,0.0,0.0,0.0,0.0,0.0
2023-12-03T16:00,19.0,91,17.6,20.1,0.00,100,79,80,100,0.0,0.0,0.0,0.0,0.0
2023-12-03T17:00,19.0,92,17.6,20.4,0.20,100,86,100,100,0.0,0.0,0.0,0.0,0.0
2023-12-03T18:00,18.8,94,17.8,20.1,0.40,100,89,96,93,0.0,0.0,0.0,0.0,0.0
2023-12-03T19:00,18.7,95,17.8,20.3,0.30,100,94,100,98,0.0,0.0,0.0,0.0,0.0
2023-12-03T20:00,18.7,95,17.9,20.2,0.30,100,92,100,100,0.0,0.0,0.0,0.0,0.0
2023-12-03T21:00,18.8,95,17.9,20.3,1.00,100,54,100,100,0.0,0.0,0.0,0.0,0.0
2023-12-03T22:00,18.8,95,18.0,20.9,1.20,100,63,100,100,0.0,0.0,0.0,0.0,0.0
2023-12-03T23:00,18.9,95,18.2,21.2,1.20,100,69,100,100,6.8,0.0,6.8,0.0,160.7
2023-12-04T00:00,19.2,95,18.5,21.5,2.70,100,91,100,99,28.9,0.0,28.9,0.0,436.3
2023-12-04T01:00,19.7,94,18.8,22.8,2.30,100,74,100,100,49.2,0.0,49.2,0.0,666.9
2023-12-04T02:00,19.9,93,18.8,23.0,4.50,100,68,100,96,58.6,0.0,58.6,0.0,836.7
2023-12-04T03:00,20.9,90,19.2,23.8,3.90,100,52,100,100,247.2,52.4,194.8,78.9,934.2
2023-12-04T04:00,20.8,89,18.9,23.5,1.80,100,100,97,100,141.4,1.0,140.4,1.5,952.7
2023-12-04T05:00,21.6,83,18.6,23.9,1.00,100,48,75,97,236.1,44.1,191.9,69.8,891.0
2023-12-04T06:00,21.6,84,18.8,24.4,0.30,100,64,100,99,181.9,15.5,166.5,28.9,753.2
2023-12-04T07:00,21.3,87,19.1,24.1,1.60,100,27,100,100,158.9,40.2,118.8,103.0,548.8
2023-12-04T08:00,20.6,91,19.1,23.5,0.40,100,100,100,92,48.9,2.1,46.8,10.0,291.7
2023-12-04T09:00,19.9,94,18.9,22.8,0.30,100,100,100,100,0.0,0.0,0.0,0.0,0.0
2023-12-04T10:00,19.6,95,18.7,22.4,0.10,100,5,72,100,0.0,0.0,0.0,0.0,0.0
2023-12-04T11:00,19.4,93,18.2,21.9,0.20,99,6,98,51,0.0,0.0,0.0,0.0,0.0
2023-12-04T12:00,19.2,94,18.2,21.8,2.00,100,98,100,69,0.0,0.0,0.0,0.0,0.0
2023-12-04T13:00,19.1,98,18.7,21.8,2.30,100,100,83,82,0.0,0.0,0.0,0.0,0.0
2023-12-04T14:00,19.0,98,18.6,21.9,0.10,100,99,55,8,0.0,0.0,0.0,0.0,0.0
2023-12-04T15:00,19.1,97,18.6,21.8,0.10,94,79,74,0,0.0,0.0,0.0,0.0,0.0
2023-12-04T16:00,19.0,97,18.5,21.7,0.10,100,70,99,9,0.0,0.0,0.0,0.0,0.0
2023-12-04T17:00,18.8,98,18.5,21.4,0.20,100,100,100,32,0.0,0.0,0.0,0.0,0.0
2023-12-04T18:00,18.9,98,18.5,21.7,0.30,100,99,100,12,0.0,0.0,0.0,0.0,0.0
2023-12-04T19:00,18.9,97,18.4,21.8,0.20,100,100,100,75,0.0,0.0,0.0,0.0,0.0
2023-12-04T20:00,18.8,97,18.4,21.7,0.10,100,100,100,24,0.0,0.0,0.0,0.0,0.0
2023-12-04T21:00,18.8,97,18.3,21.6,0.00,100,100,100,2,0.0,0.0,0.0,0.0,0.0
2023-12-04T22:00,18.8,96,18.2,21.6,0.00,100,100,100,42,0.0,0.0,0.0,0.0,0.0
2023-12-04T23:00,18.8,95,18.0,21.6,0.10,100,100,100,26,2.3,0.0,2.3,0.0,157.3
2023-12-05T00:00,19.1,91,17.6,21.6,0.10,100,100,35,15,24.7,0.0,24.7,0.0,432.9
2023-12-05T01:00,19.6,88,17.6,22.0,0.00,100,100,83,0,57.6,0.0,57.6,0.0,663.7
2023-12-05T02:00,19.8,86,17.4,21.8,0.00,100,100,5,3,117.2,0.0,117.2,0.0,833.8
2023-12-05T03:00,19.8,85,17.2,21.6,0.00,100,100,0,0,117.4,6.3,111.1,9.5,931.7
2023-12-05T04:00,20.2,81,16.8,21.5,0.00,100,100,3,0,179.5,8.0,171.5,11.9,950.8
2023-12-05T05:00,20.2,78,16.2,21.1,0.00,100,100,0,70,177.6,22.1,155.5,35.0,889.6
2023-12-05T06:00,19.7,79,15.9,20.5,0.00,100,100,0,68,103.7,0.0,103.7,0.0,752.4
2023-12-05T07:00,19.6,77,15.4,20.1,0.00,100,100,0,83,102.1,11.7,90.4,30.1,548.5
2023-12-05T08:00,19.2,78,15.3,19.9,0.00,98,98,6,2,42.0,0.7,41.3,3.3,291.9
2023-12-05T09:00,18.7,80,15.1,19.5,0.00,100,100,21,10,0.0,0.0,0.0,0.0,0.0
2023-12-05T10:00,18.4,82,15.3,19.5,0.00,100,100,19,12,0.0,0.0,0.0,0.0,0.0
2023-12-05T11:00,18.3,84,15.6,19.5,0.00,99,99,12,8,0.0,0.0,0.0,0.0,0.0
2023-12-05T12:00,18.4,85,15.8,19.5,0.00,98,93,22,64,0.0,0.0,0.0,0.0,0.0
2023-12-05T13:00,19.1,83,16.2,20.0,0.00,100,100,51,66,0.0,0.0,0.0,0.0,0.0
2023-12-05T14:00,19.3,84,16.5,20.2,0.00,100,100,99,76,0.0,0.0,0.0,0.0,0.0
2023-12-05T15:00,19.4,85,16.7,20.3,0.00,100,100,99,6,0.0,0.0,0.0,0.0,0.0
2023-12-05T16:00,19.3,86,16.9,20.4,0.10,95,80,84,20,0.0,0.0,0.0,0.0,0.0
2023-12-05T17:00,19.1,87,17.0,20.6,0.00,93,45,86,41,0.0,0.0,0.0,0.0,0.0
2023-12-05T18:00,18.8,89,17.0,20.4,0.00,97,70,92,21,0.0,0.0,0.0,0.0,0.0
2023-12-05T19:00,18.7,90,17.1,20.4,0.00,98,80,88,65,0.0,0.0,0.0,0.0,0.0
2023-12-05T20:00,18.7,91,17.2,20.7,0.00,100,99,90,64,0.0,0.0,0.0,0.0,0.0
2023-12-05T21:00,18.6,94,17.5,20.8,0.00,100,100,100,65,0.0,0.0,0.0,0.0,0.0
2023-12-05T22:00,18.6,94,17.6,21.4,0.10,100,100,100,58,0.0,0.0,0.0,0.0,0.0
2023-12-05T23:00,18.7,93,17.6,21.3,0.40,100,100,100,17,4.6,0.0,4.6,0.0,153.8
2023-12-06T00:00,19.0,94,18.0,21.6,0.70,100,100,100,80,19.0,0.0,19.0,0.0,429.6
2023-12-06T01:00,19.3,91,17.8,21.5,0.50,100,100,77,40,43.3,0.0,43.3,0.0,660.6
2023-12-06T02:00,19.7,84,17.0,21.1,0.20,100,100,100,82,168.1,8.8,159.3,15.0,831.0
2023-12-06T03:00,19.3,84,16.5,20.4,0.10,100,100,100,68,95.4,0.0,95.4,0.0,929.4
2023-12-06T04:00,19.2,82,16.0,20.3,0.10,100,100,100,91,104.3,1.0,103.3,1.5,949.0
2023-12-06T05:00,19.2,83,16.2,20.4,0.70,100,100,100,85,103.7,0.0,103.7,0.0,888.4
2023-12-06T06:00,18.8,87,16.6,20.7,0.60,100,100,100,93,80.1,0.0,80.1,0.0,751.7
2023-12-06T07:00,18.8,85,16.3,20.4,0.60,100,100,99,87,55.3,0.0,55.3,0.0,548.4
2023-12-06T08:00,18.5,90,16.9,20.4,0.30,100,35,100,98,57.9,8.3,49.6,39.9,292.2
2023-12-06T09:00,17.8,96,17.1,19.6,0.20,100,27,100,100,0.1,0.0,0.1,0.0,0.6
2023-12-06T10:00,17.4,96,16.8,19.2,0.10,94,13,87,87,0.0,0.0,0.0,0.0,0.0
2023-12-06T11:00,16.6,97,16.1,18.1,0.00,85,17,63,54,0.0,0.0,0.0,0.0,0.0
2023-12-06T12:00,17.1,91,15.6,18.4,0.00,100,18,100,99,0.0,0.0,0.0,0.0,0.0
2023-12-06T13:00,16.1,96,15.5,17.6,0.00,93,28,41,85,0.0,0.0,0.0,0.0,0.0
2023-12-06T14:00,16.8,96,16.2,18.5,0.00,89,29,44,72,0.0,0.0,0.0,0.0,0.0
2023-12-06T15:00,15.8,97,15.3,16.8,0.00,97,20,95,18,0.0,0.0,0.0,0.0,0.0
2023-12-06T16:00,15.4,98,15.1,16.7,0.00,89,17,86,5,0.0,0.0,0.0,0.0,0.0
2023-12-06T17:00,15.5,99,15.4,17.0,0.00,90,29,1,85,0.0,0.0,0.0,0.0,0.0
2023-12-06T18:00,14.9,100,14.9,16.0,0.00,99,94,0,80,0.0,0.0,0.0,0.0,0.0
2023-12-06T19:00,15.3,100,15.2,16.6,0.00,100,96,0,90,0.0,0.0,0.0,0.0,0.0
2023-12-06T20:00,14.5,99,14.4,15.4,0.00,97,90,1,69,0.0,0.0,0.0,0.0,0.0
2023-12-06T21:00,13.3,99,13.2,13.5,0.00,95,30,3,93,0.0,0.0,0.0,0.0,0.0
2023-12-06T22:00,13.5,97,13.1,13.8,0.00,67,2,2,65,0.0,0.0,0.0,0.0,0.0
2023-12-06T23:00,14.6,92,13.4,14.9,0.00,36,5,2,32,27.6,6.9,20.7,64.5,150.4
2023-12-07T00:00,17.3,86,14.9,17.8,0.00,25,18,0,9,212.2,125.9,86.4,416.1,426.2
2023-12-07T01:00,19.8,75,15.2,19.4,0.00,79,3,0,78,351.5,222.7,128.8,477.2,657.5
2023-12-07T02:00,20.9,65,14.1,19.4,0.00,50,22,0,36,556.7,441.6,115.1,751.2,828.3
2023-12-07T03:00,21.6,60,13.5,20.0,0.00,10,4,0,5,630.3,487.7,142.6,741.1,927.2
2023-12-07T04:00,21.9,58,13.1,20.4,0.00,10,10,0,0,654.3,528.9,125.4,786.7,947.3
2023-12-07T05:00,21.8,56,12.6,20.2,0.00,4,4,0,0,624.3,508.1,116.2,806.9,887.3
2023-12-07T06:00,21.5,55,12.2,19.4,0.00,3,0,0,3,518.0,420.6,97.4,788.8,751.2
2023-12-07T07:00,20.9,56,11.7,18.6,0.00,3,0,0,2,364.3,288.1,76.2,740.2,548.4
2023-12-07T08:00,20.0,59,11.8,18.0,0.00,4,0,0,4,175.9,127.6,48.3,614.4,292.7
2023-12-07T09:00,18.4,63,11.3,16.2,0.00,0,0,0,0,0.7,0.4,0.3,4.5,1.4
2023-12-07T10:00,17.6,66,11.2,15.3,0.00,0,0,0,0,0.0,0.0,0.0,0.0,0.0
2023-12-07T11:00,17.3,68,11.4,15.0,0.00,1,1,0,0,0.0,0.0,0.0,0.0,0.0
2023-12-07T12:00,17.2,69,11.5,15.0,0.00,1,1,0,0,0.0,0.0,0.0,0.0,0.0
2023-12-07T13:00,17.8,67,11.6,15.7,0.00,4,0,0,4,0.0,0.0,0.0,0.0,0.0
2023-12-07T14:00,17.6,67,11.5,15.6,0.00,2,0,0,2,0.0,0.0,0.0,0.0,0.0
2023-12-07T15:00,17.1,71,11.8,15.7,0.00,0,0,0,0,0.0,0.0,0.0,0.0,0.0
2023-12-07T16:00,16.6,75,12.1,15.6,0.00,0,0,0,0,0.0,0.0,0.0,0.0,0.0
2023-12-07T17:00,16.2,78,12.4,15.5,0.00,0,0,0,0,0.0,0.0,0.0,0.0,0.0
2023-12-07T18:00,15.7,81,12.5,15.2,0.00,4,4,0,0,0.0,0.0,0.0,0.0,0.0
2023-12-07T19:00,15.2,84,12.5,14.9,0.00,5,5,0,0,0.0,0.0,0.0,0.0,0.0
2023-12-07T20:00,14.8,86,12.4,14.6,0.00,4,4,0,0,0.0,0.0,0.0,0.0,0.0
2023-12-07T21:00,14.5,87,12.4,14.4,0.00,0,0,0,0,0.0,0.0,0.0,0.0,0.0
2023-12-07T22:00,14.4,88,12.4,14.3,0.00,0,0,0,0,0.0,0.0,0.0,0.0,0.0
2023-12-07T23:00,15.2,84,12.6,15.1,0.00,0,0,0,0,30.0,11.5,18.4,110.5,147.0
2023-12-08T00:00,18.4,78,14.4,18.7,0.00,0,0,0,0,223.3,144.0,79.3,479.8,422.9
2023-12-08T01:00,21.7,68,15.5,22.7,0.00,0,0,0,0,408.5,307.3,101.2,661.8,654.4
2023-12-08T02:00,23.6,63,16.1,24.5,0.00,0,0,0,0,559.3,454.1,105.2,775.1,825.7
2023-12-08T03:00,24.9,55,15.2,25.9,0.00,0,0,0,0,651.5,544.5,107.0,829.7,925.0
2023-12-08T04:00,25.7,50,14.6,27.1,0.00,0,0,0,0,675.6,570.2,105.4,849.8,945.7
2023-12-08T05:00,26.1,48,14.3,27.8,0.00,7,7,2,0,631.2,534.1,97.0,849.4,886.3
2023-12-08T06:00,25.6,52,14.9,26.4,0.00,24,23,5,0,467.1,347.8,119.3,652.9,750.8
2023-12-08T07:00,24.9,57,15.8,26.1,0.00,45,27,6,24,321.7,231.2,90.5,594.1,548.6
2023-12-08T08:00,24.0,67,17.5,26.2,0.00,48,45,6,4,156.1,102.9,53.2,494.5,293.3
2023-12-08T09:00,22.9,70,17.1,24.9,0.00,43,14,0,34,1.0,0.5,0.5,5.9,2.4
2023-12-08T10:00,21.3,77,17.2,23.4,0.00,35,6,0,31,0.0,0.0,0.0,0.0,0.0
2023-12-08T11:00,17.6,91,16.2,18.8,0.00,27,1,0,26,0.0,0.0,0.0,0.0,0.0
2023-12-08T12:00,17.5,90,15.8,18.8,0.00,20,3,0,18,0.0,0.0,0.0,0.0,0.0
2023-12-08T13:00,18.4,89,16.6,20.0,0.00,15,3,0,12,0.0,0.0,0.0,0.0,0.0
2023-12-08T14:00,18.2,88,16.1,19.5,0.00,10,5,0,6,0.0,0.0,0.0,0.0,0.0
2023-12-08T15:00,17.9,88,15.9,19.1,0.00,3,3,0,0,0.0,0.0,0.0,0.0,0.0
2023-12-08T16:00,17.6,89,15.8,18.9,0.00,2,2,0,0,0.0,0.0,0.0,0.0,0.0
2023-12-08T17:00,16.9,92,15.6,18.1,0.00,1,0,0,0,0.0,0.0,0.0,0.0,0.0
2023-12-08T18:00,15.9,95,15.0,16.7,0.00,1,0,1,0,0.0,0.0,0.0,0.0,0.0
2023-12-08T19:00,16.4,93,15.3,17.8,0.00,1,0,1,0,0.0,0.0,0.0,0.0,0.0
2023-12-08T20:00,15.9,95,15.1,17.5,0.00,2,1,1,0,0.0,0.0,0.0,0.0,0.0
2023-12-08T21:00,15.4,96,14.7,16.6,0.00,7,1,6,0,0.0,0.0,0.0,0.0,0.0
2023-12-08T22:00,15.6,95,14.8,16.8,0.00,9,1,8,0,0.0,0.0,0.0,0.0,0.0
2023-12-08T23:00,16.6,94,15.5,18.1,0.00,10,1,9,0,25.5,6.9,18.5,68.2,143.6
2023-12-09T00:00,19.6,85,17.0,21.7,0.00,5,0,4,0,196.2,103.3,92.9,346.9,419.7
2023-12-09T01:00,21.1,85,18.4,23.8,0.00,8,4,4,0,375.3,252.2,123.1,545.7,651.4
2023-12-09T02:00,22.6,79,18.8,25.7,0.00,12,5,8,0,518.6,387.8,130.8,664.3,823.1
2023-12-09T03:00,24.4,70,18.7,27.8,0.00,15,1,11,3,618.2,491.2,127.0,750.3,922.9
2023-12-09T04:00,26.0,63,18.3,29.4,0.00,20,1,19,0,641.7,519.2,122.5,775.2,944.2
2023-12-09T05:00,26.5,61,18.3,29.3,0.00,15,1,14,0,536.2,373.8,162.4,595.2,885.4
2023-12-09T06:00,26.7,59,17.9,29.6,0.00,30,2,29,0,432.7,264.2,168.5,496.2,750.6
2023-12-09T07:00,26.3,59,17.8,29.0,0.00,15,5,13,0,306.8,202.9,103.9,521.0,548.9
2023-12-09T08:00,25.6,63,18.2,28.5,0.00,21,6,18,0,140.4,81.6,58.8,391.2,294.1
2023-12-09T09:00,22.6,81,19.2,25.1,0.00,41,7,24,17,1.3,0.6,0.7,7.3,3.5
2023-12-09T10:00,21.7,86,19.3,24.5,0.00,41,3,31,14,0.0,0.0,0.0,0.0,0.0
2023-12-09T11:00,20.7,92,19.3,23.2,0.00,17,6,13,0,0.0,0.0,0.0,0.0,0.0
2023-12-09T12:00,19.8,95,19.0,22.1,0.00,23,18,7,0,0.0,0.0,0.0,0.0,0.0
2023-12-09T13:00,19.2,97,18.7,21.6,0.00,46,45,2,0,0.0,0.0,0.0,0.0,0.0
2023-12-09T14:00,18.9,98,18.6,21.1,0.00,63,63,1,0,0.0,0.0,0.0,0.0,0.0
2023-12-09T15:00,18.7,97,18.3,20.7,0.00,68,68,2,0,0.0,0.0,0.0,0.0,0.0
2023-12-09T16:00,18.5,97,18.0,20.4,0.00,65,64,4,0,0.0,0.0,0.0,0.0,0.0
2023-12-09T17:00,18.4,97,17.8,20.4,0.00,39,37,3,0,0.0,0.0,0.0,0.0,0.0
2023-12-09T18:00,18.1,96,17.5,20.3,0.00,29,25,5,0,0.0,0.0,0.0,0.0,0.0
2023-12-09T19:00,17.4,97,16.9,19.2,0.00,21,20,1,0,0.0,0.0,0.0,0.0,0.0
2023-12-09T20:00,17.3,98,17.0,19.2,0.00,15,13,3,0,0.0,0.0,0.0,0.0,0.0
2023-12-09T21:00,18.0,96,17.4,20.3,0.00,19,7,13,0,0.0,0.0,0.0,0.0,0.0
2023-12-09T22:00,18.1,95,17.3,20.7,0.00,84,6,83,0,0.0,0.0,0.0,0.0,0.0
2023-12-09T23:00,18.9,92,17.6,21.5,0.00,97,9,97,0,18.6,2.3,16.3,23.4,140.2
2023-12-10T00:00,20.5,86,18.1,23.2,0.00,33,9,26,0,90.3,10.4,80.0,35.1,416.4
2023-12-10T01:00,22.7,79,18.8,25.5,0.00,76,3,75,0,187.3,51.9,135.3,113.0,648.5
2023-12-10T02:00,25.4,70,19.5,28.4,0.00,52,1,51,0,409.2,200.7,208.5,344.9,820.6
2023-12-10T03:00,27.0,63,19.2,30.0,0.00,3,0,3,0,466.2,263.6,202.7,403.5,921.0
2023-12-10T04:00,28.6,58,19.5,32.4,0.00,3,0,3,0,652.0,548.5,103.5,820.3,942.8
2023-12-10T05:00,29.1,57,19.8,32.8,0.00,5,3,2,0,599.8,489.3,110.5,779.9,884.7
2023-12-10T06:00,29.0,59,20.3,32.1,0.00,16,7,9,0,482.9,381.8,101.1,717.4,750.5
2023-12-10T07:00,28.6,63,20.9,32.0,0.00,18,10,13,0,326.3,237.4,88.9,609.3,549.4
2023-12-10T08:00,27.8,68,21.4,31.5,0.00,13,3,11,0,155.1,101.8,53.3,486.7,295.0
2023-12-10T09:00,24.9,77,20.6,28.1,0.00,0,0,0,0,1.9,1.0,0.9,11.5,4.8
2023-12-10T10:00,22.8,85,20.1,25.6,0.00,10,1,10,0,0.0,0.0,0.0,0.0,0.0
2023-12-10T11:00,21.8,89,19.9,24.6,0.00,15,3,15,0,0.0,0.0,0.0,0.0,0.0
2023-12-10T12:00,21.3,91,19.8,24.3,0.00,26,6,26,0,0.0,0.0,0.0,0.0,0.0
2023-12-10T13:00,22.3,91,20.8,25.9,0.00,53,7,53,0,0.0,0.0,0.0,0.0,0.0
2023-12-10T14:00,22.2,91,20.7,25.8,0.00,66,0,66,0,0.0,0.0,0.0,0.0,0.0
2023-12-10T15:00,21.6,94,20.6,25.4,0.00,22,1,22,0,0.0,0.0,0.0,0.0,0.0
2023-12-10T16:00,20.9,96,20.2,24.5,0.00,15,3,14,0,0.0,0.0,0.0,0.0,0.0
2023-12-10T17:00,20.1,97,19.6,23.4,0.00,35,3,34,0,0.0,0.0,0.0,0.0,0.0
2023-12-10T18:00,19.9,96,19.3,23.2,0.00,8,4,6,0,0.0,0.0,0.0,0.0,0.0
2023-12-10T19:00,20.6,91,19.2,23.8,0.00,2,0,1,0,0.0,0.0,0.0,0.0,0.0
2023-12-10T20:00,21.2,89,19.4,24.6,0.00,2,1,1,0,0.0,0.0,0.0,0.0,0.0
2023-12-10T21:00,20.9,91,19.4,24.2,0.00,3,2,3,0,0.0,0.0,0.0,0.0,0.0
2023-12-10T22:00,20.0,94,19.0,23.1,0.00,3,1,2,0,0.0,0.0,0.0,0.0,0.0
2023-12-10T23:00,20.5,93,19.4,23.9,0.00,5,3,2,0,21.0,4.7,16.3,48.1,136.9
2023-12-11T00:00,22.0,90,20.3,25.6,0.00,17,17,1,0,162.1,83.3,78.8,284.2,413.2
2023-12-11T01:00,24.1,85,21.5,28.5,0.00,4,4,0,0,327.8,194.7,133.1,425.4,645.6
2023-12-11T02:00,25.8,78,21.7,30.1,0.00,2,2,0,0,514.8,385.0,129.8,663.7,818.1
2023-12-11T03:00,27.4,71,21.6,31.5,0.00,2,2,1,0,597.7,463.3,134.5,710.9,919.1
2023-12-11T04:00,28.6,66,21.6,32.7,0.00,4,3,2,0,625.0,499.4,125.6,748.1,941.6
2023-12-11T05:00,29.2,63,21.5,33.2,0.00,3,3,0,0,572.1,454.8,117.3,725.6,884.1
2023-12-11T06:00,29.4,62,21.5,33.1,0.00,6,5,2,0,484.0,387.4,96.6,728.1,750.5
2023-12-11T07:00,29.1,64,21.6,32.7,0.00,8,8,2,0,334.0,255.1,78.9,654.3,549.9
2023-12-11T08:00,27.9,70,22.0,31.6,0.00,11,11,3,0,158.2,106.1,52.0,505.7,296.1
2023-12-11T09:00,25.2,83,22.1,29.4,0.00,15,14,9,0,2.4,1.2,1.2,13.3,6.1
2023-12-11T10:00,24.4,86,21.8,28.8,0.00,22,22,4,0,0.0,0.0,0.0,0.0,0.0
2023-12-11T11:00,24.8,83,21.8,29.4,0.00,22,9,15,0,0.0,0.0,0.0,0.0,0.0
2023-12-11T12:00,23.6,88,21.5,27.7,0.00,53,44,17,0,0.0,0.0,0.0,0.0,0.0
2023-12-11T13:00,24.8,86,22.3,29.9,0.00,16,3,13,0,0.0,0.0,0.0,0.0,0.0
2023-12-11T14:00,24.2,89,22.2,29.0,0.00,15,5,13,0,0.0,0.0,0.0,0.0,0.0
2023-12-11T15:00,22.4,95,21.6,26.4,0.00,36,26,23,0,0.0,0.0,0.0,0.0,0.0
2023-12-11T16:00,21.8,97,21.3,25.4,0.00,41,34,21,0,0.0,0.0,0.0,0.0,0.0
2023-12-11T17:00,22.3,95,21.5,26.4,0.00,94,92,37,0,0.0,0.0,0.0,0.0,0.0
2023-12-11T18:00,22.2,96,21.5,26.6,0.40,100,100,42,0,0.0,0.0,0.0,0.0,0.0
2023-12-11T19:00,22.1,97,21.6,26.5,0.50,100,100,87,0,0.0,0.0,0.0,0.0,0.0
2023-12-11T20:00,21.9,96,21.2,25.7,1.20,100,100,100,0,0.0,0.0,0.0,0.0,0.0
2023-12-11T21:00,20.8,91,19.2,22.6,0.50,100,100,70,0,0.0,0.0,0.0,0.0,0.0
2023-12-11T22:00,20.4,90,18.8,22.5,0.10,100,100,77,0,0.0,0.0,0.0,0.0,0.0
2023-12-11T23:00,20.1,90,18.3,21.8,0.10,100,100,36,0,7.0,0.0,7.0,0.0,133.6
2023-12-12T00:00,20.1,89,18.2,21.9,0.00,100,100,50,0,62.7,4.5,58.2,15.4,410.1
2023-12-12T01:00,20.7,87,18.4,22.2,0.00,99,98,72,0,88.4,0.0,88.4,0.0,642.8
2023-12-12T02:00,21.4,83,18.3,22.4,0.00,99,99,78,0,227.6,42.2,185.4,73.0,815.8
2023-12-12T03:00,21.5,81,18.2,22.4,0.00,100,100,54,0,217.5,22.1,195.5,33.9,917.3
2023-12-12T04:00,21.2,81,17.7,21.8,0.00,100,100,70,0,188.0,9.0,178.9,13.6,940.5
2023-12-12T05:00,20.7,81,17.3,21.2,0.00,100,100,100,0,139.5,1.0,138.5,1.5,883.6
2023-12-12T06:00,20.2,82,16.9,20.5,0.00,100,100,100,0,105.8,0.0,105.8,0.0,750.6
2023-12-12T07:00,19.7,82,16.6,19.9,0.00,97,97,18,0,76.4,0.0,76.4,0.0,550.7
2023-12-12T08:00,19.5,82,16.3,19.5,0.00,98,98,9,0,52.8,1.4,51.4,6.6,297.2
2023-12-12T09:00,19.0,84,16.2,18.9,0.00,100,100,18,0,1.0,0.0,1.0,0.0,7.6
2023-12-12T10:00,18.7,84,16.0,18.5,0.00,100,100,43,0,0.0,0.0,0.0,0.0,0.0
2023-12-12T11:00,18.6,84,15.9,18.4,0.00,100,100,28,0,0.0,0.0,0.0,0.0,0.0
2023-12-12T12:00,18.5,85,15.9,18.3,0.00,100,100,24,0,0.0,0.0,0.0,0.0,0.0
2023-12-12T13:00,18.4,85,15.8,18.2,0.00,100,100,11,0,0.0,0.0,0.0,0.0,0.0
2023-12-12T14:00,18.3,85,15.8,18.0,0.00,100,100,10,0,0.0,0.0,0.0,0.0,0.0
2023-12-12T15:00,18.2,86,15.8,17.9,0.00,100,100,11,0,0.0,0.0,0.0,0.0,0.0
2023-12-12T16:00,18.2,86,15.8,18.0,0.00,100,100,8,0,0.0,0.0,0.0,0.0,0.0
2023-12-12T17:00,18.1,87,15.8,17.8,0.00,100,100,5,0,0.0,0.0,0.0,0.0,0.0
2023-12-12T18:00,18.0,87,15.8,17.6,0.00,100,100,4,0,0.0,0.0,0.0,0.0,0.0
2023-12-12T19:00,18.0,88,15.9,17.6,0.00,100,100,8,0,0.0,0.0,0.0,0.0,0.0
2023-12-12T20:00,18.1,87,15.9,17.8,0.00,100,100,16,0,0.0,0.0,0.0,0.0,0.0
2023-12-12T21:00,18.3,86,16.0,18.0,0.00,100,100,20,0,0.0,0.0,0.0,0.0,0.0
2023-12-12T22:00,18.4,86,16.0,18.0,0.00,81,79,17,0,0.0,0.0,0.0,0.0,0.0
2023-12-12T23:00,18.7,86,16.3,18.4,0.00,75,72,14,0,11.8,0.0,11.8,0.0,130.3
2023-12-13T00:00,19.6,83,16.6,19.1,0.00,48,43,11,0,124.4,31.5,93.0,109.1,407.1
2023-12-13T01:00,20.8,81,17.3,20.2,0.00,97,97,23,0,221.9,63.1,158.9,139.0,640.1
2023-12-13T02:00,21.6,78,17.5,21.2,0.00,91,89,29,0,266.6,66.7,200.0,115.6,813.6
2023-12-13T03:00,22.4,75,17.7,21.8,0.00,95,94,34,0,359.6,131.4,228.2,202.5,915.7
2023-12-13T04:00,23.0,72,17.7,22.3,0.00,80,77,29,0,386.1,108.6,277.5,163.1,939.4
2023-12-13T05:00,23.1,73,18.0,22.6,0.00,55,50,28,0,316.6,129.9,186.7,207.5,883.2
2023-12-13T06:00,23.4,72,18.1,23.0,0.00,46,36,32,0,343.9,173.3,170.6,325.7,750.9
2023-12-13T07:00,23.1,74,18.2,23.1,0.00,52,40,38,0,238.6,95.0,143.7,243.0,551.5
2023-12-13T08:00,22.6,77,18.4,22.9,0.00,38,29,31,0,112.1,38.3,73.8,181.0,298.5
2023-12-13T09:00,21.4,83,18.4,22.1,0.00,31,25,21,0,3.4,1.3,2.1,14.9,9.2
2023-12-13T10:00,20.6,87,18.4,21.4,0.00,22,20,11,0,0.0,0.0,0.0,0.0,0.0
2023-12-13T11:00,20.2,90,18.5,21.3,0.00,19,19,3,0,0.0,0.0,0.0,0.0,0.0
2023-12-13T12:00,19.9,91,18.4,21.3,0.00,12,12,0,0,0.0,0.0,0.0,0.0,0.0
2023-12-13T13:00,20.1,93,18.9,22.1,0.00,16,16,2,0,0.0,0.0,0.0,0.0,0.0
2023-12-13T14:00,20.0,93,18.8,22.0,0.00,14,14,1,0,0.0,0.0,0.0,0.0,0.0
2023-12-13T15:00,19.7,93,18.6,21.8,0.00,11,11,1,0,0.0,0.0,0.0,0.0,0.0
2023-12-13T16:00,19.5,94,18.4,21.5,0.00,11,10,0,0,0.0,0.0,0.0,0.0,0.0
2023-12-13T17:00,18.8,95,18.0,21.0,0.00,6,6,0,0,0.0,0.0,0.0,0.0,0.0
2023-12-13T18:00,18.0,97,17.5,20.1,0.00,2,2,0,0,0.0,0.0,0.0,0.0,0.0
2023-12-13T19:00,17.9,98,17.6,20.2,0.00,0,0,0,0,0.0,0.0,0.0,0.0,0.0
2023-12-13T20:00,17.6,98,17.3,19.7,0.00,0,0,0,0,0.0,0.0,0.0,0.0,0.0
2023-12-13T21:00,17.4,98,17.0,19.4,0.00,1,1,0,0,0.0,0.0,0.0,0.0,0.0
2023-12-13T22:00,17.3,98,17.0,19.3,0.00,2,2,0,0,0.0,0.0,0.0,0.0,0.0
2023-12-13T23:00,17.5,98,17.1,19.4,0.00,1,1,0,0,18.9,4.7,14.2,52.6,127.1
2023-12-14T00:00,20.3,89,18.3,22.6,0.00,0,0,0,0,177.6,90.3,87.3,315.5,404.1
2023-12-14T01:00,23.4,79,19.5,26.3,0.00,1,1,0,0,371.5,248.9,122.6,551.1,637.5
2023-12-14T02:00,25.8,72,20.5,28.9,0.00,1,1,0,0,534.7,425.8,108.9,740.6,811.4
2023-12-14T03:00,27.3,68,20.8,30.9,0.00,13,13,0,0,633.2,523.8,109.4,808.8,914.1
2023-12-14T04:00,28.0,65,20.7,32.0,0.00,35,35,0,0,652.9,528.1,124.7,794.2,938.5
2023-12-14T05:00,28.1,63,20.5,32.1,0.00,24,24,0,0,569.8,414.9,155.0,663.1,883.0
2023-12-14T06:00,27.5,65,20.3,30.5,0.00,44,44,0,0,453.6,321.3,132.3,603.5,751.3
2023-12-14T07:00,26.9,69,20.6,30.1,0.00,37,37,0,0,285.9,189.2,96.7,483.4,552.4
2023-12-14T08:00,26.2,73,20.9,29.7,0.00,13,13,0,0,159.0,101.8,57.2,479.2,299.9
2023-12-14T09:00,22.9,90,21.1,26.4,0.00,8,8,0,0,4.6,2.4,2.2,27.1,10.9
2023-12-14T10:00,23.2,86,20.6,26.9,0.00,12,12,0,0,0.0,0.0,0.0,0.0,0.0
2023-12-14T11:00,22.1,90,20.3,25.9,0.00,3,3,0,0,0.0,0.0,0.0,0.0,0.0
2023-12-14T12:00,19.7,96,19.0,22.4,0.00,5,5,0,0,0.0,0.0,0.0,0.0,0.0
2023-12-14T13:00,20.0,96,19.4,23.2,0.00,2,2,0,0,0.0,0.0,0.0,0.0,0.0
2023-12-14T14:00,20.1,97,19.6,23.3,0.00,12,12,0,0,0.0,0.0,0.0,0.0,0.0
2023-12-14T15:00,20.1,97,19.6,23.2,0.00,33,33,0,0,0.0,0.0,0.0,0.0,0.0
2023-12-14T16:00,19.6,98,19.3,22.7,0.00,26,26,0,0,0.0,0.0,0.0,0.0,0.0
2023-12-14T17:00,19.6,99,19.5,22.7,0.00,91,91,0,0,0.0,0.0,0.0,0.0,0.0
2023-12-14T18:00,19.8,100,19.8,23.3,0.00,99,99,0,0,0.0,0.0,0.0,0.0,0.0
2023-12-14T19:00,19.4,100,19.5,23.0,0.00,100,100,0,0,0.0,0.0,0.0,0.0,0.0
2023-12-14T20:00,18.3,100,18.3,21.1,0.00,100,100,0,0,0.0,0.0,0.0,0.0,0.0
2023-12-14T21:00,18.2,99,18.1,20.9,0.00,100,100,0,0,0.0,0.0,0.0,0.0,0.0
2023-12-14T22:00,18.5,100,18.4,21.3,0.00,100,100,0,0,0.0,0.0,0.0,0.0,0.0
2023-12-14T23:00,18.7,100,18.6,21.5,0.00,100,100,0,0,16.7,2.4,14.3,27.1,124.0
2023-12-15T00:00,19.6,98,19.3,22.9,0.00,100,100,0,0,130.0,25.7,104.3,90.4,401.2
2023-12-15T01:00,21.1,91,19.5,24.4,0.00,47,47,0,0,248.0,63.2,184.8,140.5,634.9
2023-12-15T02:00,23.6,80,20.0,27.5,0.00,4,4,0,0,506.1,352.6,153.5,615.0,809.4
2023-12-15T03:00,25.4,71,19.7,28.7,0.00,4,4,0,0,615.6,487.2,128.4,753.6,912.7
2023-12-15T04:00,26.5,65,19.5,29.6,0.00,2,2,0,0,634.0,503.2,130.8,757.4,937.8
2023-12-15T05:00,26.9,64,19.5,29.6,0.00,13,13,0,0,581.6,454.5,127.1,726.7,882.9
2023-12-15T06:00,27.3,61,19.2,29.5,0.00,19,7,0,13,500.4,398.1,102.3,747.5,751.8
2023-12-15T07:00,27.1,60,18.7,29.5,0.00,57,1,0,56,343.3,265.1,78.3,676.0,553.5
2023-12-15T08:00,26.6,64,19.4,29.8,0.00,46,0,0,46,171.2,120.2,51.0,563.0,301.4
2023-12-15T09:00,26.1,62,18.2,28.5,0.00,14,0,0,14,5.5,3.0,2.5,34.9,12.8
2023-12-15T10:00,25.2,65,18.1,28.2,0.00,2,2,0,0,0.0,0.0,0.0,0.0,0.0
2023-12-15T11:00,21.7,83,18.7,24.3,0.00,0,0,0,0,0.0,0.0,0.0,0.0,0.0
2023-12-15T12:00,20.1,92,18.8,22.6,0.00,4,4,0,0,0.0,0.0,0.0,0.0,0.0
2023-12-15T13:00,20.7,95,19.8,24.1,0.00,18,18,0,0,0.0,0.0,0.0,0.0,0.0
2023-12-15T14:00,20.2,97,19.7,23.6,0.00,22,22,0,0,0.0,0.0,0.0,0.0,0.0
2023-12-15T15:00,19.8,97,19.3,23.0,0.00,26,26,0,0,0.0,0.0,0.0,0.0,0.0
2023-12-15T16:00,20.8,92,19.5,24.2,0.00,43,37,14,0,0.0,0.0,0.0,0.0,0.0
2023-12-15T17:00,20.3,96,19.7,23.1,0.10,93,93,6,0,0.0,0.0,0.0,0.0,0.0
2023-12-15T18:00,20.8,91,19.2,22.4,0.40,100,100,12,0,0.0,0.0,0.0,0.0,0.0
2023-12-15T19:00,20.1,88,18.0,20.7,0.20,100,100,4,0,0.0,0.0,0.0,0.0,0.0
2023-12-15T20:00,19.2,86,16.7,18.6,0.20,99,98,63,0,0.0,0.0,0.0,0.0,0.0
2023-12-15T21:00,18.2,83,15.3,17.4,0.20,100,98,100,0,0.0,0.0,0.0,0.0,0.0
2023-12-15T22:00,17.1,83,14.2,16.2,0.10,100,100,100,0,0.0,0.0,0.0,0.0,0.0
2023-12-15T23:00,16.0,83,13.0,14.9,0.10,100,100,77,0,4.8,0.0,4.8,0.0,120.9
2023-12-16T00:00,15.1,81,11.8,13.6,0.10,100,100,80,0,47.1,0.0,47.1,0.0,398.3
2023-12-16T01:00,15.3,80,11.9,13.2,0.10,100,100,14,0,127.8,3.7,124.1,8.2,632.5
2023-12-16T02:00,15.1,80,11.7,13.0,0.20,100,100,18,0,113.5,3.3,110.2,5.8,807.5
2023-12-16T03:00,15.4,77,11.3,13.1,0.10,100,100,56,0,194.8,26.3,168.4,40.8,911.4
2023-12-16T04:00,15.0,78,11.1,12.9,0.10,100,100,62,0,128.9,0.0,128.9,0.0,937.1
2023-12-16T05:00,15.3,74,10.7,12.9,0.10,100,100,65,0,157.0,11.6,145.5,18.5,882.9
2023-12-16T06:00,14.8,76,10.7,12.2,0.10,100,100,59,0,145.2,6.4,138.8,12.0,752.5
2023-12-16T07:00,14.2,78,10.5,11.7,0.10,100,100,63,0,71.6,5.9,65.7,15.0,554.7
2023-12-16T08:00,13.6,79,10.0,11.2,0.20,100,100,77,0,34.3,1.4,32.9,6.5,303.1
2023-12-16T09:00,12.9,80,9.5,10.5,0.10,100,100,74,7,0.9,0.0,0.9,0.0,14.7
2023-12-16T10:00,12.5,82,9.5,10.4,0.10,100,100,57,0,0.0,0.0,0.0,0.0,0.0
2023-12-16T11:00,12.3,79,8.9,9.8,0.10,100,100,66,0,0.0,0.0,0.0,0.0,0.0
2023-12-16T12:00,12.4,79,8.8,9.7,0.10,100,100,89,0,0.0,0.0,0.0,0.0,0.0
2023-12-16T13:00,13.1,80,9.7,10.7,0.10,100,100,99,1,0.0,0.0,0.0,0.0,0.0
2023-12-16T14:00,13.0,79,9.4,10.6,0.10,100,100,100,21,0.0,0.0,0.0,0.0,0.0
2023-12-16T15:00,12.8,78,9.1,10.5,0.10,100,100,100,48,0.0,0.0,0.0,0.0,0.0
2023-12-16T16:00,12.7,80,9.2,10.2,0.10,100,100,100,56,0.0,0.0,0.0,0.0,0.0
2023-12-16T17:00,12.4,80,9.1,10.0,0.20,100,100,100,80,0.0,0.0,0.0,0.0,0.0
2023-12-16T18:00,12.1,81,8.9,9.7,0.40,100,98,100,81,0.0,0.0,0.0,0.0,0.0
2023-12-16T19:00,11.9,82,8.9,9.6,0.30,100,99,100,34,0.0,0.0,0.0,0.0,0.0
2023-12-16T20:00,11.9,81,8.8,9.5,0.10,100,82,100,45,0.0,0.0,0.0,0.0,0.0
2023-12-16T21:00,11.9,82,9.0,9.6,0.00,95,88,57,43,0.0,0.0,0.0,0.0,0.0
2023-12-16T22:00,12.0,81,8.8,9.7,0.00,100,100,29,34,0.0,0.0,0.0,0.0,0.0
2023-12-16T23:00,12.1,82,9.1,9.9,0.10,100,100,72,15,7.2,0.0,7.2,0.0,118.0
2023-12-17T00:00,12.4,81,9.1,10.2,0.00,100,100,92,12,48.8,0.0,48.8,0.0,395.6
2023-12-17T01:00,13.3,77,9.3,10.5,0.00,100,99,100,0,71.9,0.0,71.9,0.0,630.2
2023-12-17T02:00,14.0,75,9.5,10.9,0.00,91,75,67,0,172.6,13.4,159.3,23.4,805.7
2023-12-17T03:00,14.2,74,9.6,10.8,0.00,100,100,68,0,214.9,30.5,184.3,47.4,910.2
2023-12-17T04:00,14.4,71,9.2,10.9,0.00,100,100,51,0,230.6,26.2,204.4,39.5,936.6
2023-12-17T05:00,14.3,73,9.6,10.6,0.00,100,100,49,0,215.8,25.1,190.8,40.1,883.1
2023-12-17T06:00,14.1,74,9.6,10.8,0.00,100,100,41,0,159.9,14.6,145.3,27.4,753.3
2023-12-17T07:00,13.8,76,9.6,10.8,0.00,100,100,33,0,97.8,5.1,92.7,12.8,556.0
2023-12-17T08:00,14.0,75,9.6,11.0,0.00,100,100,45,0,54.7,0.0,54.7,0.0,304.8
2023-12-17T09:00,13.7,78,10.0,11.1,0.00,100,100,56,0,2.0,0.0,2.0,0.0,16.7
2023-12-17T10:00,13.9,78,10.1,11.1,0.00,100,100,26,0,0.0,0.0,0.0,0.0,0.0
2023-12-17T11:00,14.4,76,10.2,11.8,0.00,100,100,39,0,0.0,0.0,0.0,0.0,0.0
2023-12-17T12:00,14.4,79,10.8,11.9,0.10,100,100,70,0,0.0,0.0,0.0,0.0,0.0
2023-12-17T13:00,15.0,80,11.6,12.9,0.00,78,62,44,0,0.0,0.0,0.0,0.0,0.0
2023-12-17T14:00,15.1,81,11.8,13.1,0.00,100,100,84,0,0.0,0.0,0.0,0.0,0.0
2023-12-17T15:00,15.3,82,12.3,13.6,0.00,100,100,50,0,0.0,0.0,0.0,0.0,0.0
2023-12-17T16:00,15.5,84,12.7,14.0,0.10,100,100,32,0,0.0,0.0,0.0,0.0,0.0
2023-12-17T17:00,15.7,85,13.2,14.5,0.10,100,100,78,0,0.0,0.0,0.0,0.0,0.0
2023-12-17T18:00,15.9,86,13.6,14.9,0.10,100,88,100,0,0.0,0.0,0.0,0.0,0.0
2023-12-17T19:00,16.1,87,13.9,15.4,0.10,100,85,100,0,0.0,0.0,0.0,0.0,0.0
2023-12-17T20:00,16.2,89,14.3,15.6,0.00,99,72,97,0,0.0,0.0,0.0,0.0,0.0
2023-12-17T21:00,16.3,89,14.5,16.2,0.00,99,71,96,0,0.0,0.0,0.0,0.0,0.0
2023-12-17T22:00,16.3,90,14.6,16.4,0.00,81,75,24,0,0.0,0.0,0.0,0.0,0.0
2023-12-17T23:00,16.6,89,14.8,16.7,0.00,100,90,100,0,7.3,0.0,7.3,0.0,115.1
2023-12-18T00:00,17.0,89,15.2,16.8,0.00,88,60,69,0,26.0,0.0,26.0,0.0,393.0
2023-12-18T01:00,20.2,79,16.4,19.4,0.00,39,26,18,0,306.2,168.4,137.9,378.7,628.0
2023-12-18T02:00,21.3,72,16.2,20.2,0.00,60,59,3,0,346.6,151.6,195.0,266.3,804.0
2023-12-18T03:00,22.3,69,16.3,21.0,0.00,40,36,6,0,505.8,286.6,219.2,445.3,909.1
2023-12-18T04:00,23.1,65,16.2,21.7,0.00,45,37,13,0,513.8,292.1,221.6,440.8,936.2
2023-12-18T05:00,23.2,66,16.5,22.2,0.00,56,33,34,0,527.3,344.1,183.2,550.3,883.3
2023-12-18T06:00,22.2,72,16.8,21.7,0.00,35,7,30,0,300.8,126.2,174.6,236.3,754.1
2023-12-18T07:00,22.3,71,16.8,22.0,0.00,21,6,16,0,292.7,174.6,118.1,442.4,557.4
2023-12-18T08:00,21.7,73,16.7,21.7,0.00,14,2,12,0,154.0,94.3,59.8,434.2,306.6
2023-12-18T09:00,20.2,79,16.4,20.8,0.00,16,2,14,0,7.3,3.6,3.6,41.7,18.7
2023-12-18T10:00,18.6,87,16.4,19.8,0.00,16,1,15,0,0.0,0.0,0.0,0.0,0.0
2023-12-18T11:00,17.8,91,16.3,19.2,0.00,30,1,29,0,0.0,0.0,0.0,0.0,0.0
2023-12-18T12:00,17.3,92,16.0,18.8,0.00,33,3,32,0,0.0,0.0,0.0,0.0,0.0
2023-12-18T13:00,17.3,95,16.5,19.0,0.00,16,0,16,0,0.0,0.0,0.0,0.0,0.0
2023-12-18T14:00,16.7,94,15.8,18.0,0.00,8,0,7,0,0.0,0.0,0.0,0.0,0.0
2023-12-18T15:00,16.0,95,15.2,16.9,0.00,8,0,8,0,0.0,0.0,0.0,0.0,0.0
2023-12-18T16:00,16.6,92,15.3,18.1,0.00,2,1,2,0,0.0,0.0,0.0,0.0,0.0
2023-12-18T17:00,16.6,95,15.8,18.1,0.00,4,2,1,0,0.0,0.0,0.0,0.0,0.0
2023-12-18T18:00,16.1,97,15.7,17.4,0.00,24,22,2,0,0.0,0.0,0.0,0.0,0.0
2023-12-18T19:00,15.8,95,15.0,16.9,0.00,100,100,12,0,0.0,0.0,0.0,0.0,0.0
2023-12-18T20:00,17.0,93,15.9,19.0,0.10,100,100,8,0,0.0,0.0,0.0,0.0,0.0
2023-12-18T21:00,17.5,94,16.5,19.7,0.00,100,100,3,59,0.0,0.0,0.0,0.0,0.0
2023-12-18T22:00,17.5,95,16.7,19.6,0.00,100,100,0,0,0.0,0.0,0.0,0.0,0.0
2023-12-18T23:00,17.6,93,16.5,19.5,0.10,100,100,1,0,4.9,0.0,4.9,0.0,112.3
2023-12-19T00:00,18.0,88,16.0,19.3,0.00,100,100,0,0,46.1,3.1,43.0,11.1,390.5
2023-12-19T01:00,19.1,85,16.5,20.4,0.00,100,100,0,0,125.8,15.9,109.9,35.8,625.9
2023-12-19T02:00,19.8,81,16.4,20.9,0.00,100,100,1,0,217.5,36.8,180.7,64.8,802.4
2023-12-19T03:00,20.3,78,16.3,21.2,0.10,100,100,7,0,290.9,61.1,229.8,95.1,908.2
2023-12-19T04:00,20.0,78,16.1,20.8,0.10,100,100,38,0,199.5,26.2,173.3,39.6,935.9
2023-12-19T05:00,20.0,77,15.7,20.5,0.00,100,100,64,0,182.3,5.8,176.5,9.2,883.7
2023-12-19T06:00,19.2,78,15.3,19.2,0.00,100,100,58,0,115.3,6.4,108.9,12.0,755.1
2023-12-19T07:00,18.6,79,14.8,18.4,0.00,100,100,73,0,87.8,5.1,82.7,12.8,559.0
2023-12-19T08:00,17.5,80,14.1,17.1,0.00,100,100,86,0,38.1,0.0,38.1,0.0,308.5
2023-12-19T09:00,16.7,82,13.6,16.5,0.00,100,100,99,0,1.6,0.1,1.5,1.4,20.9
2023-12-19T10:00,16.6,82,13.6,17.3,0.00,100,100,95,0,0.0,0.0,0.0,0.0,0.0
2023-12-19T11:00,16.5,84,13.7,17.4,0.10,100,100,100,0,0.0,0.0,0.0,0.0,0.0
2023-12-19T12:00,16.4,83,13.5,17.2,0.20,100,100,95,37,0.0,0.0,0.0,0.0,0.0
2023-12-19T13:00,16.1,83,13.2,16.5,0.10,100,100,45,80,0.0,0.0,0.0,0.0,0.0
2023-12-19T14:00,16.1,83,13.3,17.1,0.00,100,100,38,89,0.0,0.0,0.0,0.0,0.0
2023-12-19T15:00,16.0,87,13.8,17.1,0.10,100,100,56,97,0.0,0.0,0.0,0.0,0.0
2023-12-19T16:00,15.9,86,13.5,16.7,0.10,100,100,93,80,0.0,0.0,0.0,0.0,0.0
2023-12-19T17:00,15.7,84,13.0,16.1,0.10,100,100,99,20,0.0,0.0,0.0,0.0,0.0
2023-12-19T18:00,15.5,84,12.8,15.9,0.10,100,100,100,2,0.0,0.0,0.0,0.0,0.0
2023-12-19T19:00,15.5,89,13.6,16.1,0.10,100,100,99,0,0.0,0.0,0.0,0.0,0.0
2023-12-19T20:00,15.4,89,13.6,15.9,0.20,100,100,100,0,0.0,0.0,0.0,0.0,0.0
2023-12-19T21:00,15.3,87,13.2,15.7,0.10,100,100,100,0,0.0,0.0,0.0,0.0,0.0
2023-12-19T22:00,15.4,82,12.3,15.0,0.10,100,100,100,0,0.0,0.0,0.0,0.0,0.0
2023-12-19T23:00,15.2,83,12.3,14.6,0.10,100,100,100,0,2.4,0.0,2.4,0.0,109.6
2023-12-20T00:00,15.3,83,12.4,14.7,0.10,100,100,100,0,27.8,0.0,27.8,0.0,388.1
2023-12-20T01:00,15.8,82,12.6,15.9,0.20,99,95,81,0,61.1,0.0,61.1,0.0,623.9
2023-12-20T02:00,16.4,80,12.9,16.3,0.10,100,100,74,0,127.2,13.4,113.8,23.6,801.0
2023-12-20T03:00,16.6,79,12.9,16.0,0.10,100,100,94,0,142.4,0.0,142.4,0.0,907.4
2023-12-20T04:00,16.4,79,12.8,15.8,0.10,100,98,100,0,148.2,2.0,146.2,3.0,935.8
2023-12-20T05:00,16.0,81,12.7,15.0,0.10,100,97,100,18,106.1,0.0,106.1,0.0,884.2
2023-12-20T06:00,15.8,80,12.4,14.5,0.20,100,100,100,0,84.2,0.0,84.2,0.0,756.2
2023-12-20T07:00,15.2,83,12.2,14.0,0.20,100,97,100,0,48.2,0.0,48.2,0.0,560.6
2023-12-20T08:00,14.7,82,11.6,13.2,0.10,100,100,96,0,38.2,0.0,38.2,0.0,310.5
2023-12-20T09:00,14.2,82,11.2,12.6,0.20,100,100,100,1,2.9,0.0,2.9,0.0,23.1
2023-12-20T10:00,13.8,82,10.8,12.0,0.20,100,72,100,11,0.0,0.0,0.0,0.0,0.0
2023-12-20T11:00,13.7,83,10.9,12.1,0.10,100,83,100,10,0.0,0.0,0.0,0.0,0.0
2023-12-20T12:00,13.7,83,10.9,12.2,0.10,100,72,100,14,0.0,0.0,0.0,0.0,0.0
2023-12-20T13:00,13.8,85,11.3,12.3,0.10,100,93,99,67,0.0,0.0,0.0,0.0,0.0
2023-12-20T14:00,13.9,83,11.1,12.4,0.10,100,99,100,56,0.0,0.0,0.0,0.0,0.0
2023-12-20T15:00,13.7,83,11.0,12.2,0.10,100,88,100,4,0.0,0.0,0.0,0.0,0.0
2023-12-20T16:00,13.7,82,10.7,11.9,0.10,100,99,100,9,0.0,0.0,0.0,0.0,0.0
2023-12-20T17:00,13.5,83,10.7,11.7,0.10,100,100,100,2,0.0,0.0,0.0,0.0,0.0
2023-12-20T18:00,13.3,83,10.5,11.6,0.10,100,100,100,4,0.0,0.0,0.0,0.0,0.0
2023-12-20T19:00,13.0,84,10.3,11.3,0.10,100,100,100,9,0.0,0.0,0.0,0.0,0.0
2023-12-20T20:00,12.8,83,10.0,10.9,0.10,100,100,100,0,0.0,0.0,0.0,0.0,0.0
2023-12-20T21:00,12.5,83,9.7,10.4,0.20,100,100,100,1,0.0,0.0,0.0,0.0,0.0
2023-12-20T22:00,12.3,83,9.4,9.9,0.20,100,100,100,0,0.0,0.0,0.0,0.0,0.0
2023-12-20T23:00,12.1,82,9.1,9.6,0.10,100,100,100,0,2.5,0.0,2.5,0.0,107.1
2023-12-21T00:00,11.9,82,8.9,9.4,0.10,100,100,100,0,27.9,0.0,27.9,0.0,385.8
2023-12-21T01:00,12.2,81,8.9,9.2,0.10,100,100,100,0,101.6,1.2,100.4,2.8,622.1
2023-12-21T02:00,12.3,80,8.9,8.9,0.10,100,100,97,0,127.3,6.7,120.6,11.8,799.7
2023-12-21T03:00,12.5,77,8.5,9.3,0.10,100,100,100,0,146.6,2.1,144.5,3.3,906.7
2023-12-21T04:00,12.4,77,8.5,9.3,0.10,100,100,100,0,135.1,1.0,134.1,1.5,935.7
2023-12-21T05:00,12.3,77,8.4,8.8,0.10,100,100,100,0,143.8,7.7,136.1,12.3,884.8
2023-12-21T06:00,11.7,77,7.8,7.9,0.10,100,100,100,0,112.6,3.7,109.0,6.8,757.5
2023-12-21T07:00,10.6,79,7.2,6.8,0.10,100,100,100,0,48.2,0.0,48.2,0.0,562.3
2023-12-21T08:00,10.3,79,6.8,6.9,0.10,100,100,100,0,27.6,0.0,27.6,0.0,312.6
2023-12-21T09:00,10.3,77,6.4,7.1,0.10,100,100,100,0,1.5,0.0,1.5,0.0,25.4
2023-12-21T10:00,10.1,78,6.4,7.0,0.10,100,100,100,0,0.0,0.0,0.0,0.0,0.0
2023-12-21T11:00,10.1,78,6.4,7.1,0.10,100,100,100,0,0.0,0.0,0.0,0.0,0.0
2023-12-21T12:00,9.7,79,6.3,6.5,0.20,100,100,100,0,0.0,0.0,0.0,0.0,0.0
2023-12-21T13:00,10.1,78,6.4,6.7,0.10,100,100,100,0,0.0,0.0,0.0,0.0,0.0
2023-12-21T14:00,9.7,78,6.1,6.4,0.20,100,100,100,0,0.0,0.0,0.0,0.0,0.0
2023-12-21T15:00,9.5,79,6.1,6.3,0.20,100,100,100,0,0.0,0.0,0.0,0.0,0.0
2023-12-21T16:00,9.0,80,5.8,5.5,0.20,100,100,83,9,0.0,0.0,0.0,0.0,0.0
2023-12-21T17:00,8.7,78,5.2,5.5,0.10,100,100,100,1,0.0,0.0,0.0,0.0,0.0
2023-12-21T18:00,8.4,77,4.7,4.9,0.00,100,100,100,0,0.0,0.0,0.0,0.0,0.0
2023-12-21T19:00,8.3,76,4.4,5.0,0.00,100,100,99,0,0.0,0.0,0.0,0.0,0.0
2023-12-21T20:00,8.3,76,4.4,5.3,0.00,100,100,91,0,0.0,0.0,0.0,0.0,0.0
2023-12-21T21:00,8.4,75,4.3,5.7,0.00,100,100,5,0,0.0,0.0,0.0,0.0,0.0
2023-12-21T22:00,8.7,69,3.4,6.2,0.00,100,100,11,0,0.0,0.0,0.0,0.0,0.0
2023-12-21T23:00,9.2,68,3.6,6.3,0.00,100,100,17,1,7.4,0.0,7.4,0.0,104.7
2023-12-22T00:00,9.9,69,4.4,7.1,0.00,100,100,25,0,73.0,12.4,60.6,45.8,383.7
2023-12-22T01:00,10.5,65,4.1,6.7,0.00,100,100,26,0,156.9,24.5,132.3,55.8,620.4
2023-12-22T02:00,10.5,69,5.0,6.2,0.00,100,100,33,0,215.6,46.9,168.7,83.0,798.6
2023-12-22T03:00,10.6,66,4.4,6.4,0.00,89,89,25,0,210.0,24.3,185.7,37.9,906.2
2023-12-22T04:00,11.6,61,4.3,6.9,0.00,100,100,22,18,306.7,62.5,244.1,94.5,935.9
2023-12-22T05:00,11.5,62,4.6,7.1,0.00,100,100,28,53,262.6,65.6,196.9,104.8,885.6
2023-12-22T06:00,11.4,65,5.0,7.1,0.00,100,100,24,65,217.1,24.7,192.4,46.1,758.8
2023-12-22T07:00,11.7,62,4.6,7.4,0.00,100,100,43,47,184.5,52.5,132.0,131.4,564.1
2023-12-22T08:00,11.3,63,4.6,7.5,0.00,100,100,54,41,64.6,12.8,51.8,57.4,314.8
2023-12-22T09:00,10.9,67,5.1,7.7,0.00,100,100,63,53,4.6,0.3,4.3,3.7,27.8
2023-12-22T10:00,11.2,68,5.5,8.0,0.00,100,100,62,0,0.0,0.0,0.0,0.0,0.0
2023-12-22T11:00,10.9,74,6.4,7.7,0.00,100,100,50,0,0.0,0.0,0.0,0.0,0.0
2023-12-22T12:00,11.3,72,6.3,8.6,0.00,93,91,68,23,0.0,0.0,0.0,0.0,0.0
2023-12-22T13:00,11.0,77,7.2,8.1,0.00,100,100,72,26,0.0,0.0,0.0,0.0,0.0
2023-12-22T14:00,11.7,70,6.5,8.6,0.00,88,79,65,40,0.0,0.0,0.0,0.0,0.0
2023-12-22T15:00,12.0,70,6.6,8.8,0.00,95,93,51,23,0.0,0.0,0.0,0.0,0.0
2023-12-22T16:00,12.3,69,6.8,9.2,0.00,74,27,65,0,0.0,0.0,0.0,0.0,0.0
2023-12-22T17:00,12.3,74,7.8,9.7,0.00,99,75,98,0,0.0,0.0,0.0,0.0,0.0
2023-12-22T18:00,12.6,75,8.4,10.1,0.00,100,74,100,0,0.0,0.0,0.0,0.0,0.0
2023-12-22T19:00,12.9,74,8.4,10.4,0.00,100,97,96,0,0.0,0.0,0.0,0.0,0.0
2023-12-22T20:00,13.0,74,8.5,10.8,0.00,100,69,100,0,0.0,0.0,0.0,0.0,0.0
2023-12-22T21:00,13.2,74,8.6,11.1,0.00,100,30,100,0,0.0,0.0,0.0,0.0,0.0
2023-12-22T22:00,13.2,75,8.9,11.3,0.00,100,49,100,0,0.0,0.0,0.0,0.0,0.0
2023-12-22T23:00,13.3,77,9.4,11.8,0.00,100,56,100,0,5.0,0.0,5.0,0.0,102.4
2023-12-23T00:00,14.0,77,10.0,12.5,0.10,100,87,98,0,51.5,0.0,51.5,0.0,381.7
2023-12-23T01:00,15.2,74,10.6,12.7,0.00,78,36,66,0,144.7,4.9,139.8,11.2,618.8
2023-12-23T02:00,16.4,66,10.0,13.3,0.00,100,10,100,0,326.4,117.4,209.0,208.0,797.6
2023-12-23T03:00,15.7,70,10.3,13.4,0.10,100,38,100,0,88.7,0.0,88.7,0.0,905.8
2023-12-23T04:00,16.8,69,11.0,14.5,0.00,100,49,100,0,178.6,24.2,154.4,36.6,936.1
2023-12-23T05:00,17.0,70,11.5,14.4,0.00,91,36,85,0,224.1,46.4,177.7,73.9,886.5
2023-12-23T06:00,17.2,71,11.8,14.9,0.00,100,73,100,7,199.8,20.2,179.6,37.5,760.2
2023-12-23T07:00,16.5,75,12.1,14.8,0.00,100,55,100,0,64.4,0.0,64.4,0.0,566.0
2023-12-23T08:00,16.0,78,12.2,14.3,0.10,100,71,100,0,45.5,6.4,39.1,28.6,317.0
2023-12-23T09:00,15.5,81,12.3,14.4,0.10,100,98,100,0,2.4,0.0,2.4,0.0,30.2
2023-12-23T10:00,15.4,83,12.6,14.8,0.10,100,100,98,0,0.0,0.0,0.0,0.0,0.0
2023-12-23T11:00,15.2,84,12.6,14.5,0.10,100,100,100,3,0.0,0.0,0.0,0.0,0.0
2023-12-23T12:00,15.1,85,12.6,14.7,0.20,100,87,100,0,0.0,0.0,0.0,0.0,0.0
2023-12-23T13:00,15.6,86,13.2,15.4,0.10,100,70,100,0,0.0,0.0,0.0,0.0,0.0
2023-12-23T14:00,15.4,86,13.2,15.4,0.00,100,77,100,0,0.0,0.0,0.0,0.0,0.0
2023-12-23T15:00,15.1,88,13.2,15.4,0.10,100,100,99,0,0.0,0.0,0.0,0.0,0.0
2023-12-23T16:00,15.6,86,13.3,15.9,0.10,100,100,100,0,0.0,0.0,0.0,0.0,0.0
2023-12-23T17:00,14.9,90,13.3,15.1,0.30,100,100,96,6,0.0,0.0,0.0,0.0,0.0
2023-12-23T18:00,14.8,90,13.2,15.0,0.20,100,100,100,0,0.0,0.0,0.0,0.0,0.0
2023-12-23T19:00,14.8,92,13.6,15.2,0.20,96,90,67,4,0.0,0.0,0.0,0.0,0.0
2023-12-23T20:00,14.7,92,13.4,15.1,0.10,100,100,98,5,0.0,0.0,0.0,0.0,0.0
2023-12-23T21:00,14.6,91,13.2,14.9,0.10,100,99,100,2,0.0,0.0,0.0,0.0,0.0
2023-12-23T22:00,14.5,92,13.2,14.8,0.10,100,100,100,0,0.0,0.0,0.0,0.0,0.0
2023-12-23T23:00,14.6,92,13.3,15.0,0.10,100,100,100,1,2.5,0.0,2.5,0.0,100.2
2023-12-24T00:00,15.5,82,12.5,15.4,0.10,100,100,86,23,42.3,3.1,39.1,11.6,379.9
2023-12-24T01:00,15.7,81,12.5,15.2,0.00,100,100,0,2,89.6,4.9,84.7,11.2,617.4
2023-12-24T02:00,16.0,79,12.5,15.0,0.00,100,100,31,37,151.0,14.5,136.4,25.8,796.7
2023-12-24T03:00,15.9,81,12.6,14.6,0.10,100,100,99,29,150.0,6.3,143.6,9.9,905.6
2023-12-24T04:00,15.9,78,12.0,13.9,0.10,100,100,100,45,240.3,14.1,226.1,21.3,936.5
2023-12-24T05:00,14.9,78,11.1,12.6,0.10,100,100,100,19,164.2,20.3,143.9,32.3,887.5
2023-12-24T06:00,14.4,77,10.5,12.0,0.10,100,100,100,92,124.7,9.2,115.5,17.0,761.8
2023-12-24T07:00,14.1,75,9.6,11.6,0.00,100,100,100,89,94.9,1.7,93.2,4.2,568.0
2023-12-24T08:00,13.7,74,9.1,11.3,0.00,100,98,100,63,42.8,1.4,41.4,6.3,319.3
2023-12-24T09:00,13.6,75,9.2,12.2,0.00,100,96,100,0,4.4,0.0,4.4,0.0,32.7
2023-12-24T10:00,13.5,72,8.7,11.6,0.00,100,100,100,14,0.0,0.0,0.0,0.0,0.0
2023-12-24T11:00,13.5,71,8.3,11.2,0.00,100,98,99,63,0.0,0.0,0.0,0.0,0.0
2023-12-24T12:00,13.6,68,7.8,11.2,0.00,100,93,96,86,0.0,0.0,0.0,0.0,0.0
2023-12-24T13:00,13.5,67,7.5,11.0,0.00,98,93,53,70,0.0,0.0,0.0,0.0,0.0
2023-12-24T14:00,13.5,66,7.2,11.1,0.00,97,82,33,81,0.0,0.0,0.0,0.0,0.0
2023-12-24T15:00,13.4,66,7.1,10.9,0.00,100,100,0,17,0.0,0.0,0.0,0.0,0.0
2023-12-24T16:00,13.4,66,7.2,10.8,0.00,97,84,1,78,0.0,0.0,0.0,0.0,0.0
2023-12-24T17:00,13.5,64,6.8,10.8,0.00,82,79,0,13,0.0,0.0,0.0,0.0,0.0
2023-12-24T18:00,13.3,64,6.6,10.7,0.00,67,67,0,0,0.0,0.0,0.0,0.0,0.0
2023-12-24T19:00,12.9,65,6.5,10.4,0.00,66,66,0,0,0.0,0.0,0.0,0.0,0.0
2023-12-24T20:00,12.9,66,6.6,10.4,0.00,66,66,0,0,0.0,0.0,0.0,0.0,0.0
2023-12-24T21:00,12.8,65,6.4,10.2,0.00,89,66,1,66,0.0,0.0,0.0,0.0,0.0
2023-12-24T22:00,12.1,68,6.4,9.7,0.00,46,36,1,14,0.0,0.0,0.0,0.0,0.0
2023-12-24T23:00,12.4,67,6.4,9.8,0.00,53,53,1,0,7.5,0.0,7.5,0.0,98.2
2023-12-25T00:00,13.3,64,6.7,10.5,0.00,82,79,5,16,124.0,48.7,75.4,182.0,378.1
2023-12-25T01:00,14.0,64,7.2,10.9,0.00,99,98,3,24,204.0,59.0,145.0,135.4,616.2
2023-12-25T02:00,14.4,62,7.2,10.8,0.00,93,93,3,0,275.2,92.9,182.4,164.9,796.0
2023-12-25T03:00,14.9,60,7.2,11.0,0.00,83,83,4,0,365.6,94.0,271.5,146.8,905.5
2023-12-25T04:00,15.2,58,7.0,11.4,0.00,59,58,3,3,446.3,207.0,239.3,312.3,937.1
2023-12-25T05:00,15.0,58,6.9,11.2,0.00,98,90,0,85,365.3,161.4,203.9,256.8,888.6
2023-12-25T06:00,15.2,57,6.8,11.2,0.00,99,90,0,94,362.4,149.5,212.8,276.9,763.5
2023-12-25T07:00,14.5,59,6.5,10.7,0.00,100,59,0,99,171.4,58.5,112.8,145.2,570.1
2023-12-25T08:00,14.4,57,6.0,10.8,0.00,98,44,0,97,120.9,42.2,78.7,185.4,321.8
2023-12-25T09:00,13.8,58,5.6,10.7,0.00,98,23,0,98,14.2,6.2,8.0,71.5,35.3
2023-12-25T10:00,12.9,61,5.5,10.2,0.00,89,19,0,87,0.0,0.0,0.0,0.0,0.0
2023-12-25T11:00,13.4,62,6.3,10.5,0.00,78,29,0,69,0.0,0.0,0.0,0.0,0.0
2023-12-25T12:00,13.2,63,6.3,10.4,0.00,60,16,0,52,0.0,0.0,0.0,0.0,0.0
2023-12-25T13:00,13.8,65,7.3,11.1,0.00,95,24,0,94,0.0,0.0,0.0,0.0,0.0
2023-12-25T14:00,13.6,67,7.7,11.1,0.00,65,11,0,60,0.0,0.0,0.0,0.0,0.0
2023-12-25T15:00,12.7,74,8.2,10.6,0.00,24,24,0,0,0.0,0.0,0.0,0.0,0.0
2023-12-25T16:00,12.9,74,8.4,10.8,0.00,28,28,0,0,0.0,0.0,0.0,0.0,0.0
2023-12-25T17:00,13.0,73,8.3,10.7,0.00,64,64,0,0,0.0,0.0,0.0,0.0,0.0
2023-12-25T18:00,14.0,71,8.8,11.6,0.00,15,15,0,0,0.0,0.0,0.0,0.0,0.0
2023-12-25T19:00,13.9,73,9.0,11.7,0.00,7,7,0,0,0.0,0.0,0.0,0.0,0.0
2023-12-25T20:00,13.2,77,9.2,11.4,0.00,17,17,0,0,0.0,0.0,0.0,0.0,0.0
2023-12-25T21:00,13.2,77,9.4,11.5,0.00,8,8,0,0,0.0,0.0,0.0,0.0,0.0
2023-12-25T22:00,12.8,80,9.5,11.2,0.00,8,8,0,0,0.0,0.0,0.0,0.0,0.0
2023-12-25T23:00,13.2,79,9.7,11.5,0.00,4,4,0,0,12.6,2.5,10.1,29.0,96.2
2023-12-26T00:00,15.8,72,10.9,13.9,0.00,3,3,0,0,182.7,100.8,81.9,378.6,376.5
2023-12-26T01:00,18.5,65,11.7,16.2,0.00,1,1,0,0,388.7,294.0,94.7,676.0,615.0
2023-12-26T02:00,19.9,59,11.7,17.2,0.00,0,0,0,0,550.7,450.0,100.7,799.9,795.4
2023-12-26T03:00,20.8,56,11.7,18.5,0.00,1,1,0,0,646.9,543.3,103.6,848.3,905.5
2023-12-26T04:00,21.4,53,11.5,19.2,0.00,4,3,1,0,668.7,558.6,110.1,842.3,937.7
2023-12-26T05:00,21.6,52,11.4,19.4,0.00,3,1,0,2,625.5,515.3,110.2,818.8,889.9
2023-12-26T06:00,21.6,52,11.2,19.1,0.00,7,2,1,4,520.4,415.8,104.6,768.2,765.3
2023-12-26T07:00,21.2,53,11.1,18.5,0.00,16,2,15,0,377.0,296.3,80.7,732.0,572.4
2023-12-26T08:00,20.4,56,11.4,18.2,0.00,25,0,25,0,187.1,129.8,57.4,565.8,324.3
2023-12-26T09:00,18.9,62,11.4,17.1,0.00,37,0,15,25,16.5,8.7,7.9,99.7,38.0
2023-12-26T10:00,17.8,65,11.2,16.0,0.00,44,0,5,41,0.0,0.0,0.0,0.0,0.0
2023-12-26T11:00,17.5,67,11.4,16.1,0.00,85,1,8,84,0.0,0.0,0.0,0.0,0.0
2023-12-26T12:00,17.6,68,11.6,16.0,0.00,16,0,8,11,0.0,0.0,0.0,0.0,0.0
2023-12-26T13:00,18.4,67,12.2,16.7,0.00,50,2,8,47,0.0,0.0,0.0,0.0,0.0
2023-12-26T14:00,18.1,69,12.3,16.7,0.00,73,0,67,32,0.0,0.0,0.0,0.0,0.0
2023-12-26T15:00,18.2,69,12.4,17.0,0.00,2,0,2,0,0.0,0.0,0.0,0.0,0.0
2023-12-26T16:00,17.3,73,12.5,16.6,0.00,31,0,16,23,0.0,0.0,0.0,0.0,0.0
2023-12-26T17:00,16.8,77,12.7,16.3,0.00,13,0,8,5,0.0,0.0,0.0,0.0,0.0
2023-12-26T18:00,16.0,81,12.7,16.0,0.00,32,1,6,28,0.0,0.0,0.0,0.0,0.0
2023-12-26T19:00,15.0,85,12.5,15.1,0.00,95,1,2,95,0.0,0.0,0.0,0.0,0.0
2023-12-26T20:00,15.2,84,12.5,15.3,0.00,35,0,12,33,0.0,0.0,0.0,0.0,0.0
2023-12-26T21:00,14.6,87,12.5,14.8,0.00,18,1,8,16,0.0,0.0,0.0,0.0,0.0
2023-12-26T22:00,13.7,89,12.0,13.6,0.00,6,0,4,2,0.0,0.0,0.0,0.0,0.0
2023-12-26T23:00,13.7,90,12.1,13.8,0.00,1,0,1,0,12.7,2.5,10.2,29.2,94.2
2023-12-27T00:00,16.9,83,14.0,17.4,0.00,0,0,0,0,178.6,102.7,75.9,387.4,374.9
2023-12-27T01:00,20.5,70,14.9,21.7,0.00,96,0,9,96,312.7,178.5,134.2,411.2,613.9
2023-12-27T02:00,23.1,58,14.5,24.0,0.00,76,0,5,74,486.0,323.7,162.4,575.7,794.9
2023-12-27T03:00,24.2,57,15.1,25.5,0.00,100,0,6,100,578.4,415.5,162.8,648.8,905.7
2023-12-27T04:00,25.1,54,15.1,26.7,0.00,28,2,26,0,581.1,383.0,198.1,577.0,938.6
2023-12-27T05:00,25.6,52,15.0,26.5,0.00,68,0,7,66,499.1,307.6,191.5,487.9,891.4
2023-12-27T06:00,25.5,52,14.8,26.3,0.00,67,28,43,19,405.9,249.8,156.1,460.4,767.3
2023-12-27T07:00,24.6,53,14.4,24.7,0.00,100,58,100,87,262.6,136.8,125.8,336.6,574.8
2023-12-27T08:00,22.6,70,16.8,23.1,0.00,100,3,100,100,76.2,4.3,71.9,18.6,327.1
2023-12-27T09:00,21.1,78,17.0,21.8,0.00,100,1,84,100,8.1,0.2,7.9,2.5,40.8
2023-12-27T10:00,20.1,82,17.0,21.0,0.00,99,3,93,95,0.0,0.0,0.0,0.0,0.0
2023-12-27T11:00,19.4,87,17.2,20.6,0.00,86,1,84,26,0.0,0.0,0.0,0.0,0.0
2023-12-27T12:00,18.7,91,17.2,20.0,0.00,96,1,38,94,0.0,0.0,0.0,0.0,0.0
2023-12-27T13:00,19.1,92,17.8,20.3,0.00,100,1,93,98,0.0,0.0,0.0,0.0,0.0
2023-12-27T14:00,19.2,92,17.8,20.3,0.00,100,1,100,100,0.0,0.0,0.0,0.0,0.0
2023-12-27T15:00,19.0,94,18.1,20.5,0.20,100,3,100,97,0.0,0.0,0.0,0.0,0.0
2023-12-27T16:00,18.8,95,18.0,20.7,0.20,100,6,100,100,0.0,0.0,0.0,0.0,0.0
2023-12-27T17:00,18.5,96,17.9,20.7,0.60,100,4,99,100,0.0,0.0,0.0,0.0,0.0
2023-12-27T18:00,18.2,97,17.8,20.5,1.30,100,23,96,99,0.0,0.0,0.0,0.0,0.0
2023-12-27T19:00,17.8,98,17.6,20.2,1.40,100,17,100,96,0.0,0.0,0.0,0.0,0.0
2023-12-27T20:00,17.9,98,17.6,20.4,1.70,100,51,100,100,0.0,0.0,0.0,0.0,0.0
2023-12-27T21:00,17.6,99,17.5,19.9,1.40,98,38,80,86,0.0,0.0,0.0,0.0,0.0
2023-12-27T22:00,17.7,98,17.4,20.0,0.40,98,76,52,88,0.0,0.0,0.0,0.0,0.0
2023-12-27T23:00,17.8,98,17.5,20.1,0.00,100,100,82,1,7.7,0.0,7.7,0.0,92.4
2023-12-28T00:00,19.0,95,18.2,21.8,0.00,100,100,100,24,63.4,4.8,58.7,18.0,373.5
2023-12-28T01:00,19.1,95,18.3,21.6,0.10,100,100,89,67,46.8,0.0,46.8,0.0,613.0
2023-12-28T02:00,20.0,92,18.6,23.1,0.00,100,100,99,35,117.6,3.4,114.3,6.0,794.6
2023-12-28T03:00,20.5,89,18.5,23.6,0.10,100,100,100,51,121.6,2.1,119.5,3.3,906.0
2023-12-28T04:00,20.4,89,18.5,23.2,0.30,100,100,100,33,86.9,1.0,85.9,1.5,939.5
2023-12-28T05:00,20.2,92,18.9,23.2,0.20,100,100,100,16,56.1,0.0,56.1,0.0,893.0
2023-12-28T06:00,20.3,88,18.2,23.3,0.10,100,100,100,21,62.5,0.0,62.5,0.0,769.4
2023-12-28T07:00,20.2,88,18.1,23.1,0.10,100,100,100,0,45.9,0.0,45.9,0.0,577.4
2023-12-28T08:00,19.9,90,18.2,22.6,0.10,100,100,82,0,17.3,0.0,17.3,0.0,329.9
2023-12-28T09:00,19.5,91,18.0,22.0,0.00,100,100,86,6,3.9,0.0,3.9,0.0,43.8
2023-12-28T10:00,19.1,95,18.2,21.6,0.10,100,100,84,0,0.0,0.0,0.0,0.0,0.0
2023-12-28T11:00,19.1,93,17.9,21.3,0.10,100,100,39,4,0.0,0.0,0.0,0.0,0.0
2023-12-28T12:00,18.9,91,17.4,20.9,0.00,100,100,63,4,0.0,0.0,0.0,0.0,0.0
2023-12-28T13:00,18.4,96,17.8,21.0,0.00,84,84,4,0,0.0,0.0,0.0,0.0,0.0
2023-12-28T14:00,18.3,96,17.6,20.7,0.00,99,99,11,0,0.0,0.0,0.0,0.0,0.0
2023-12-28T15:00,18.5,92,17.2,20.3,0.00,100,99,11,0,0.0,0.0,0.0,0.0,0.0
2023-12-28T16:00,17.8,93,16.7,19.2,0.00,94,93,17,0,0.0,0.0,0.0,0.0,0.0
2023-12-28T17:00,17.0,94,16.0,17.9,0.00,51,41,29,0,0.0,0.0,0.0,0.0,0.0
2023-12-28T18:00,16.7,94,15.8,17.7,0.00,40,39,27,0,0.0,0.0,0.0,0.0,0.0
2023-12-28T19:00,17.1,93,16.0,18.2,0.00,52,51,18,0,0.0,0.0,0.0,0.0,0.0
2023-12-28T20:00,17.2,94,16.1,18.4,0.00,64,63,7,0,0.0,0.0,0.0,0.0,0.0
2023-12-28T21:00,17.5,93,16.3,18.8,0.00,55,55,12,0,0.0,0.0,0.0,0.0,0.0
2023-12-28T22:00,17.0,94,16.0,18.1,0.00,65,65,11,0,0.0,0.0,0.0,0.0,0.0
2023-12-28T23:00,16.9,96,16.2,18.2,0.00,98,98,0,0,7.7,0.0,7.7,0.0,90.6
2023-12-29T00:00,19.1,89,17.3,21.0,0.00,100,100,0,0,85.9,17.5,68.4,66.5,372.1
2023-12-29T01:00,20.0,86,17.6,20.4,0.00,90,89,32,0,190.0,50.6,139.4,116.9,612.1
2023-12-29T02:00,20.6,82,17.3,20.8,0.00,93,90,33,0,289.2,93.0,196.2,165.7,794.3
2023-12-29T03:00,20.5,80,17.0,20.7,0.00,100,100,11,0,274.1,80.4,193.6,125.5,906.4
2023-12-29T04:00,20.3,81,17.0,20.4,0.00,90,90,1,0,203.3,20.2,183.0,30.4,940.6
2023-12-29T05:00,21.0,77,16.9,21.1,0.00,95,95,1,0,324.3,63.9,260.4,101.0,894.7
2023-12-29T06:00,20.4,79,16.7,20.4,0.00,89,89,1,0,214.2,43.2,171.0,79.2,771.7
2023-12-29T07:00,20.1,80,16.6,20.2,0.00,78,78,4,0,143.1,11.1,132.0,27.0,580.1
2023-12-29T08:00,19.8,82,16.6,20.1,0.00,100,100,5,0,86.0,11.6,74.4,49.1,332.9
2023-12-29T09:00,19.2,85,16.6,19.7,0.00,100,100,11,0,5.4,0.0,5.4,0.0,46.9
2023-12-29T10:00,18.9,87,16.6,19.6,0.00,100,100,11,0,0.0,0.0,0.0,0.0,0.0
2023-12-29T11:00,18.8,88,16.7,19.7,0.00,100,100,5,0,0.0,0.0,0.0,0.0,0.0
2023-12-29T12:00,18.9,88,16.8,20.0,0.00,100,100,3,0,0.0,0.0,0.0,0.0,0.0
2023-12-29T13:00,19.1,87,16.9,20.3,0.00,100,100,4,0,0.0,0.0,0.0,0.0,0.0
2023-12-29T14:00,19.3,87,17.1,20.7,0.00,100,100,4,0,0.0,0.0,0.0,0.0,0.0
2023-12-29T15:00,19.2,89,17.4,21.0,0.00,100,100,2,0,0.0,0.0,0.0,0.0,0.0
2023-12-29T16:00,19.1,91,17.6,21.3,0.00,100,100,2,0,0.0,0.0,0.0,0.0,0.0
2023-12-29T17:00,18.9,95,18.0,21.3,0.00,100,100,99,0,0.0,0.0,0.0,0.0,0.0
2023-12-29T18:00,19.4,90,17.8,21.9,0.00,100,100,7,1,0.0,0.0,0.0,0.0,0.0
2023-12-29T19:00,19.2,92,17.8,21.7,0.00,88,86,11,2,0.0,0.0,0.0,0.0,0.0
2023-12-29T20:00,19.2,91,17.7,21.8,0.00,94,80,67,1,0.0,0.0,0.0,0.0,0.0
2023-12-29T21:00,18.7,95,17.8,21.3,0.00,100,100,100,0,0.0,0.0,0.0,0.0,0.0
2023-12-29T22:00,18.7,95,17.8,21.3,0.00,100,100,83,1,0.0,0.0,0.0,0.0,0.0
2023-12-29T23:00,18.6,95,17.7,21.2,0.00,100,100,98,0,2.6,0.0,2.6,0.0,88.9
2023-12-30T00:00,19.1,90,17.4,21.2,0.00,100,100,100,21,31.9,3.2,28.7,12.2,370.8
2023-12-30T01:00,19.8,87,17.5,21.9,0.00,100,100,100,70,90.1,7.4,82.7,17.1,611.3
2023-12-30T02:00,20.6,83,17.7,22.6,0.00,87,52,66,20,189.5,10.1,179.4,18.0,794.2
2023-12-30T03:00,22.2,75,17.5,24.2,0.00,85,34,61,43,394.8,181.0,213.8,282.3,906.9
2023-12-30T04:00,23.2,70,17.4,25.8,0.00,68,31,16,44,455.2,188.2,267.1,282.6,941.8
2023-12-30T05:00,24.2,67,17.7,26.9,0.00,48,23,15,21,582.9,418.3,164.6,660.0,896.5
2023-12-30T06:00,24.2,68,17.9,26.3,0.00,79,8,22,71,494.9,374.4,120.5,684.1,774.1
2023-12-30T07:00,23.6,72,18.1,25.6,0.00,84,3,16,80,354.6,258.3,96.3,626.7,582.9
2023-12-30T08:00,22.2,78,18.3,24.2,0.00,39,2,6,33,172.5,106.5,66.0,448.6,335.9
2023-12-30T09:00,19.9,91,18.3,22.6,0.00,17,2,2,13,21.5,11.3,10.2,129.2,50.0
2023-12-30T10:00,18.8,92,17.6,21.0,0.00,91,3,15,89,0.0,0.0,0.0,0.0,0.0
2023-12-30T11:00,17.2,97,16.7,19.0,0.00,58,1,4,56,0.0,0.0,0.0,0.0,0.0
2023-12-30T12:00,17.9,97,17.4,20.2,0.00,39,1,2,37,0.0,0.0,0.0,0.0,0.0
2023-12-30T13:00,16.6,100,16.6,18.5,0.00,100,99,6,0,0.0,0.0,0.0,0.0,0.0
2023-12-30T14:00,16.7,100,16.7,18.7,0.00,99,97,57,0,0.0,0.0,0.0,0.0,0.0
2023-12-30T15:00,16.8,100,16.8,18.8,0.00,100,100,69,11,0.0,0.0,0.0,0.0,0.0
2023-12-30T16:00,17.1,100,17.1,19.0,0.00,100,100,92,45,0.0,0.0,0.0,0.0,0.0
2023-12-30T17:00,17.1,100,17.1,19.2,0.00,100,100,68,2,0.0,0.0,0.0,0.0,0.0
2023-12-30T18:00,17.3,99,17.1,19.7,0.00,100,100,64,0,0.0,0.0,0.0,0.0,0.0
2023-12-30T19:00,17.1,100,17.1,19.2,0.00,100,100,52,0,0.0,0.0,0.0,0.0,0.0
2023-12-30T20:00,16.9,100,16.9,19.0,0.00,100,100,39,0,0.0,0.0,0.0,0.0,0.0
2023-12-30T21:00,16.5,100,16.5,18.3,0.00,99,99,15,0,0.0,0.0,0.0,0.0,0.0
2023-12-30T22:00,15.6,100,15.6,17.2,0.00,98,94,56,0,0.0,0.0,0.0,0.0,0.0
2023-12-30T23:00,16.2,97,15.7,17.8,0.00,99,90,90,0,7.8,0.0,7.8,0.0,87.3
2023-12-31T00:00,17.8,91,16.3,19.5,0.00,78,74,17,0,135.9,54.4,81.6,208.1,369.6
2023-12-31T01:00,20.5,81,17.1,22.6,0.00,39,36,4,0,336.1,212.5,123.5,492.2,610.7
2023-12-31T02:00,22.1,70,16.4,23.0,0.00,48,41,12,0,492.6,369.1,123.4,657.5,794.2
2023-12-31T03:00,22.6,67,16.1,22.8,0.00,48,47,0,0,435.2,203.3,231.9,316.8,907.6
2023-12-31T04:00,22.1,67,15.7,21.4,0.00,100,100,8,0,425.0,176.1,248.9,264.1,943.2
2023-12-31T05:00,21.1,71,15.7,20.0,0.00,82,75,28,0,323.6,113.3,210.2,178.4,898.5
2023-12-31T06:00,20.5,74,15.6,19.5,0.00,56,44,22,0,283.5,71.8,211.7,130.8,776.6
2023-12-31T07:00,19.8,72,14.5,18.1,0.00,93,93,6,0,229.5,99.0,130.6,239.0,585.8
2023-12-31T08:00,18.7,72,13.5,16.7,0.00,97,97,4,0,93.0,10.2,82.9,42.4,339.1
2023-12-31T09:00,17.8,72,12.7,15.8,0.00,100,100,6,0,7.8,0.0,7.8,0.0,53.3
2023-12-31T10:00,17.6,70,12.1,15.4,0.00,100,100,9,0,0.0,0.0,0.0,0.0,0.0
2023-12-31T11:00,17.5,68,11.4,14.9,0.00,100,100,87,0,0.0,0.0,0.0,0.0,0.0
2023-12-31T12:00,17.2,66,10.7,14.4,0.00,99,93,81,0,0.0,0.0,0.0,0.0,0.0
2023-12-31T13:00,17.4,66,10.9,14.6,0.00,100,100,24,0,0.0,0.0,0.0,0.0,0.0
2023-12-31T14:00,17.1,66,10.6,14.3,0.00,100,100,12,0,0.0,0.0,0.0,0.0,0.0
2023-12-31T15:00,16.8,66,10.3,14.1,0.00,94,92,34,0,0.0,0.0,0.0,0.0,0.0
2023-12-31T16:00,16.5,67,10.4,14.0,0.00,85,81,23,0,0.0,0.0,0.0,0.0,0.0
2023-12-31T17:00,16.1,69,10.5,13.7,0.00,68,67,2,0,0.0,0.0,0.0,0.0,0.0
2023-12-31T18:00,15.9,70,10.5,13.6,0.00,69,69,1,0,0.0,0.0,0.0,0.0,0.0
2023-12-31T19:00,15.6,70,10.1,13.3,0.00,62,62,1,0,0.0,0.0,0.0,0.0,0.0
2023-12-31T20:00,15.5,70,10.0,13.4,0.00,66,65,0,0,0.0,0.0,0.0,0.0,0.0
2023-12-31T21:00,15.7,68,9.8,13.6,0.00,67,67,0,0,0.0,0.0,0.0,0.0,0.0
2023-12-31T22:00,15.8,67,9.6,13.8,0.00,85,85,0,0,0.0,0.0,0.0,0.0,0.0
2023-12-31T23:00,15.8,67,9.8,13.9,0.00,71,71,0,0,7.8,0.0,7.8,0.0,85.8
