time,temperature_2m (°C),relative_humidity_2m (%),dew_point_2m (°C),apparent_temperature (°C),rain (mm),cloud_cover (%),cloud_cover_low (%),cloud_cover_mid (%),cloud_cover_high (%)
2019-01-01T00:00,16.7,82,13.6,15.4,0.10,97,53,20,0
2019-01-01T01:00,17.2,85,14.6,16.0,0.10,100,100,42,0
2019-01-01T02:00,17.1,80,13.6,15.8,0.10,100,100,47,0
2019-01-01T03:00,18.0,77,14.0,16.6,0.00,100,100,43,0
2019-01-01T04:00,17.9,78,14.0,16.6,0.10,100,100,42,0
2019-01-01T05:00,17.5,81,14.2,15.9,0.10,100,100,59,0
2019-01-01T06:00,17.3,81,14.0,15.5,0.10,100,100,82,1
2019-01-01T07:00,17.1,81,13.7,15.9,0.20,100,100,89,0
2019-01-01T08:00,16.6,82,13.6,15.0,0.10,100,100,78,4
2019-01-01T09:00,16.6,83,13.7,14.9,0.10,100,100,63,44
2019-01-01T10:00,16.4,82,13.4,14.7,0.10,100,100,69,42
2019-01-01T11:00,16.3,83,13.5,14.8,0.10,100,100,61,36
2019-01-01T12:00,16.7,81,13.4,14.9,0.10,100,100,48,5
2019-01-01T13:00,16.8,79,13.1,14.7,0.00,100,100,55,0
2019-01-01T14:00,16.6,82,13.4,14.6,0.10,100,100,93,0
2019-01-01T15:00,16.4,82,13.4,14.4,0.10,100,100,92,0
2019-01-01T16:00,16.2,83,13.4,14.4,0.10,100,100,91,0
2019-01-01T17:00,16.2,83,13.3,14.5,0.00,100,99,89,0
2019-01-01T18:00,16.1,83,13.2,14.5,0.00,99,98,93,0
2019-01-01T19:00,16.0,84,13.3,14.6,0.10,99,98,95,0
2019-01-01T20:00,16.0,84,13.4,14.8,0.20,99,98,99,9
2019-01-01T21:00,15.9,86,13.5,14.8,0.30,100,100,100,0
2019-01-01T22:00,15.9,86,13.5,14.7,0.20,99,30,99,2
2019-01-01T23:00,15.7,88,13.7,14.7,0.40,99,35,99,0
2019-01-02T00:00,16.3,88,14.4,15.3,0.30,99,73,98,0
2019-01-02T01:00,17.0,86,14.6,15.6,0.10,95,18,94,0
2019-01-02T02:00,17.4,84,14.6,16.2,0.10,98,61,97,0
2019-01-02T03:00,17.4,85,14.9,16.5,0.10,98,96,78,1
2019-01-02T04:00,17.7,83,14.8,16.9,0.10,100,99,94,27
2019-01-02T05:00,17.7,85,15.1,17.1,0.10,99,98,95,0
2019-01-02T06:00,18.0,83,15.1,17.3,0.10,99,98,75,0
2019-01-02T07:00,17.8,85,15.2,17.0,0.10,99,99,94,0
2019-01-02T08:00,17.4,84,14.7,16.5,0.20,100,99,99,0
2019-01-02T09:00,17.3,85,14.8,16.5,0.40,100,100,97,0
2019-01-02T10:00,17.2,85,14.6,16.2,0.30,100,100,100,0
2019-01-02T11:00,17.2,86,14.8,16.3,0.30,100,97,100,0
2019-01-02T12:00,17.6,89,15.8,17.0,0.40,100,40,100,0
2019-01-02T13:00,17.6,90,16.0,16.9,0.50,100,77,100,0
2019-01-02T14:00,17.6,90,15.9,17.1,0.40,100,100,99,0
2019-01-02T15:00,17.5,90,15.8,17.2,0.50,100,100,100,0
2019-01-02T16:00,17.4,91,15.8,17.3,0.70,100,100,100,0
2019-01-02T17:00,17.2,90,15.6,16.9,0.50,100,100,100,0
2019-01-02T18:00,17.0,90,15.3,16.8,0.40,100,100,99,2
2019-01-02T19:00,17.0,90,15.3,17.1,0.60,94,84,93,0
2019-01-02T20:00,16.9,89,15.1,16.9,0.70,100,31,100,0
2019-01-02T21:00,16.8,90,15.1,16.7,0.40,100,32,100,0
2019-01-02T22:00,16.8,90,15.2,16.7,0.50,85,36,83,0
2019-01-02T23:00,17.0,87,14.7,16.5,0.10,100,6,100,0
2019-01-03T00:00,17.6,89,15.8,17.5,1.90,90,100,88,0
2019-01-03T01:00,18.1,89,16.2,17.7,1.50,64,1,63,0
2019-01-03T02:00,18.6,86,16.2,17.8,0.30,100,0,100,11
2019-01-03T03:00,18.1,89,16.2,17.4,0.70,100,16,100,0
2019-01-03T04:00,18.7,84,16.0,18.2,0.50,99,88,99,0
2019-01-03T05:00,18.2,88,16.3,18.1,0.40,100,97,100,0
2019-01-03T06:00,18.3,87,16.2,17.8,0.30,100,86,99,0
2019-01-03T07:00,17.9,89,16.0,17.3,0.30,100,96,100,0
2019-01-03T08:00,17.6,90,15.9,17.1,0.30,100,93,100,0
2019-01-03T09:00,17.6,88,15.7,17.1,0.20,98,35,98,0
2019-01-03T10:00,17.5,90,15.9,17.0,0.30,96,58,95,0
2019-01-03T11:00,18.0,85,15.5,16.9,0.20,91,1,91,0
2019-01-03T12:00,18.6,89,16.7,18.0,0.10,95,0,91,0
2019-01-03T13:00,19.0,88,16.9,18.4,0.00,85,51,82,0
2019-01-03T14:00,19.4,86,17.0,18.8,0.00,67,3,67,0
2019-01-03T15:00,19.6,87,17.3,19.3,0.00,70,70,2,0
2019-01-03T16:00,19.6,87,17.4,19.5,0.00,75,75,4,0
2019-01-03T17:00,20.0,86,17.6,20.0,0.00,55,54,5,0
2019-01-03T18:00,20.0,87,17.7,20.1,0.00,35,33,7,0
2019-01-03T19:00,20.1,87,18.0,20.6,0.00,41,40,6,0
2019-01-03T20:00,20.4,87,18.2,21.2,0.00,41,41,2,0
2019-01-03T21:00,20.4,88,18.4,21.5,0.00,25,24,3,0
2019-01-03T22:00,20.3,90,18.5,21.6,0.00,22,22,2,0
2019-01-03T23:00,20.5,89,18.7,22.1,0.00,53,53,0,0
2019-01-04T00:00,21.8,88,19.8,23.6,0.00,41,27,1,0
2019-01-04T01:00,23.6,84,20.7,25.6,0.00,0,0,0,0
2019-01-04T02:00,25.1,76,20.5,26.9,0.00,7,7,1,0
2019-01-04T03:00,26.2,70,20.2,28.5,0.00,35,34,3,0
2019-01-04T04:00,26.8,69,20.7,30.4,0.00,26,25,1,0
2019-01-04T05:00,26.9,67,20.3,30.3,0.00,14,12,4,0
2019-01-04T06:00,26.6,64,19.2,28.3,0.00,26,26,1,0
2019-01-04T07:00,25.2,69,19.0,26.2,0.00,28,25,6,0
2019-01-04T08:00,23.3,81,19.9,25.2,0.00,36,4,35,0
2019-01-04T09:00,21.7,90,19.9,24.2,0.00,8,3,7,0
2019-01-04T10:00,20.2,96,19.5,22.9,0.00,36,33,9,0
2019-01-04T11:00,19.6,98,19.2,22.3,0.00,96,96,16,0
2019-01-04T12:00,19.5,98,19.1,22.0,0.00,100,100,67,0
2019-01-04T13:00,19.2,98,18.8,21.5,0.00,100,100,81,0
2019-01-04T14:00,19.2,98,18.8,21.5,0.00,100,100,70,0
2019-01-04T15:00,19.2,97,18.7,21.3,0.00,100,100,64,0
2019-01-04T16:00,19.3,96,18.6,21.6,0.00,100,100,57,0
2019-01-04T17:00,19.1,97,18.6,21.8,0.00,100,100,43,0
2019-01-04T18:00,19.0,97,18.5,21.6,0.00,100,100,18,0
2019-01-04T19:00,18.9,97,18.4,21.5,0.00,97,97,26,0
2019-01-04T20:00,18.8,97,18.3,21.6,0.00,100,100,10,0
2019-01-04T21:00,18.8,97,18.3,21.4,0.00,100,100,13,1
2019-01-04T22:00,18.8,97,18.3,21.6,0.00,100,100,59,0
2019-01-04T23:00,18.7,98,18.3,21.7,0.00,97,96,46,0
2019-01-05T00:00,19.7,94,18.8,22.3,0.00,100,62,5,0
2019-01-05T01:00,21.2,85,18.6,23.6,0.10,73,72,6,0
2019-01-05T02:00,21.9,81,18.5,24.1,0.10,100,100,10,0
2019-01-05T03:00,22.0,81,18.5,24.1,0.10,100,100,14,0
2019-01-05T04:00,21.6,83,18.5,23.6,0.10,100,100,16,0
2019-01-05T05:00,20.6,83,17.6,21.6,0.10,97,97,12,0
2019-01-05T06:00,19.9,82,16.8,20.5,0.10,97,97,3,0
2019-01-05T07:00,19.5,82,16.3,20.3,0.00,100,100,23,0
2019-01-05T08:00,18.8,82,15.8,19.2,0.00,100,100,8,1
2019-01-05T09:00,18.4,83,15.4,19.2,0.00,100,100,9,0
2019-01-05T10:00,18.1,83,15.2,18.7,0.00,100,100,16,6
2019-01-05T11:00,18.0,84,15.2,18.8,0.10,100,100,25,8
2019-01-05T12:00,18.8,86,16.4,20.1,0.10,100,100,13,4
2019-01-05T13:00,19.1,86,16.7,20.5,0.00,100,100,45,10
2019-01-05T14:00,18.8,88,16.8,20.3,0.10,84,77,37,27
2019-01-05T15:00,18.5,92,17.1,20.5,0.10,100,100,39,33
2019-01-05T16:00,18.6,92,17.4,20.8,0.60,100,100,72,25
2019-01-05T17:00,18.3,93,17.1,20.1,1.50,100,100,100,22
2019-01-05T18:00,17.7,92,16.4,19.4,1.90,100,100,100,0
2019-01-05T19:00,16.8,91,15.3,17.8,0.90,100,100,100,0
2019-01-05T20:00,16.9,90,15.3,18.7,0.20,100,100,100,0
2019-01-05T21:00,16.7,95,15.8,18.0,0.20,100,100,97,0
2019-01-05T22:00,16.7,94,15.7,17.5,0.00,96,96,52,0
2019-01-05T23:00,16.8,94,15.7,17.5,0.00,100,100,41,0
2019-01-06T00:00,17.6,92,16.3,18.9,0.30,100,100,100,0
2019-01-06T01:00,18.2,91,16.7,20.0,0.60,100,100,100,0
2019-01-06T02:00,18.2,90,16.6,20.3,0.80,100,100,89,0
2019-01-06T03:00,18.3,85,15.8,19.1,0.20,100,100,70,0
2019-01-06T04:00,18.4,83,15.5,18.5,0.10,97,96,72,9
2019-01-06T05:00,18.5,81,15.2,18.3,0.10,100,100,92,62
2019-01-06T06:00,18.4,81,15.1,17.9,0.10,100,99,71,86
2019-01-06T07:00,18.4,81,15.0,17.9,0.00,100,100,59,87
2019-01-06T08:00,18.1,82,15.0,17.5,0.00,99,94,69,91
2019-01-06T09:00,17.8,82,14.8,17.1,0.00,100,100,78,89
2019-01-06T10:00,17.7,82,14.6,16.8,0.00,99,98,77,0
2019-01-06T11:00,17.8,82,14.7,16.9,0.00,100,100,70,20
2019-01-06T12:00,18.2,83,15.4,17.7,0.00,95,33,58,0
2019-01-06T13:00,18.1,85,15.5,17.6,0.00,91,90,34,0
2019-01-06T14:00,18.3,84,15.5,17.7,0.00,98,98,41,0
2019-01-06T15:00,18.2,85,15.6,17.8,0.00,100,100,80,16
2019-01-06T16:00,18.1,86,15.7,17.9,0.00,99,99,97,14
2019-01-06T17:00,18.1,85,15.6,17.7,0.10,100,99,100,19
2019-01-06T18:00,18.0,85,15.5,17.6,0.10,100,38,100,0
2019-01-06T19:00,17.8,86,15.4,17.3,0.10,100,43,100,3
2019-01-06T20:00,17.8,85,15.3,17.2,0.00,97,39,96,4
2019-01-06T21:00,17.7,86,15.2,17.1,0.00,72,45,69,3
2019-01-06T22:00,17.6,86,15.2,16.9,0.00,49,26,45,5
2019-01-06T23:00,17.9,85,15.4,17.4,0.00,85,80,67,19
2019-01-07T00:00,19.4,83,16.5,19.1,0.10,100,26,50,21
2019-01-07T01:00,20.8,80,17.1,20.7,0.00,62,11,42,38
2019-01-07T02:00,21.8,75,17.1,21.2,0.00,59,14,41,30
2019-01-07T03:00,22.4,72,17.0,21.6,0.00,98,52,97,30
2019-01-07T04:00,22.7,71,17.1,22.3,0.00,97,60,96,32
2019-01-07T05:00,22.5,73,17.5,22.6,0.00,53,22,46,12
2019-01-07T06:00,22.8,73,17.7,23.0,0.00,53,19,41,34
2019-01-07T07:00,22.6,74,17.8,23.1,0.00,38,22,32,1
2019-01-07T08:00,21.9,78,17.9,22.5,0.00,42,20,31,12
2019-01-07T09:00,21.0,81,17.6,21.7,0.00,41,15,33,9
2019-01-07T10:00,20.1,84,17.4,21.0,0.00,31,16,29,0
2019-01-07T11:00,19.7,87,17.5,20.8,0.00,37,22,35,0
2019-01-07T12:00,19.2,92,17.8,20.8,0.00,41,17,53,0
2019-01-07T13:00,19.6,91,18.1,21.6,0.00,55,16,52,1
2019-01-07T14:00,20.0,87,17.7,22.2,0.00,59,26,38,33
2019-01-07T15:00,20.5,84,17.7,23.1,0.00,50,24,48,0
2019-01-07T16:00,18.8,91,17.3,20.8,0.00,74,70,68,0
2019-01-07T17:00,18.6,93,17.5,20.8,0.00,98,97,74,0
2019-01-07T18:00,18.8,96,18.1,21.4,0.10,99,99,78,0
2019-01-07T19:00,18.4,98,18.2,21.0,0.10,100,100,79,0
2019-01-07T20:00,18.9,98,18.6,21.4,0.10,98,98,71,0
2019-01-07T21:00,19.1,97,18.6,21.9,0.20,100,100,72,0
2019-01-07T22:00,19.0,91,17.5,20.3,0.30,100,100,70,0
2019-01-07T23:00,18.5,89,16.7,18.9,0.10,91,87,70,0
2019-01-08T00:00,19.1,90,17.4,20.4,0.10,97,98,53,0
2019-01-08T01:00,19.7,86,17.3,20.5,0.10,81,78,42,0
2019-01-08T02:00,19.8,84,17.0,20.2,0.10,83,81,38,0
2019-01-08T03:00,19.8,82,16.6,20.0,0.10,94,93,44,0
2019-01-08T04:00,19.7,81,16.4,19.8,0.10,97,97,47,0
2019-01-08T05:00,19.6,82,16.3,19.8,0.20,99,98,60,0
2019-01-08T06:00,19.5,82,16.3,19.5,0.20,100,100,44,0
2019-01-08T07:00,19.0,84,16.2,19.3,0.10,99,98,39,20
2019-01-08T08:00,19.0,83,16.1,19.4,0.10,98,98,37,0
2019-01-08T09:00,18.4,85,15.8,18.5,0.10,100,100,42,0
2019-01-08T10:00,18.2,84,15.5,18.2,0.10,100,100,42,0
2019-01-08T11:00,17.9,85,15.4,17.7,0.10,100,100,47,0
2019-01-08T12:00,18.7,86,16.3,18.8,0.10,100,100,48,0
2019-01-08T13:00,18.9,85,16.4,19.1,0.10,97,96,35,0
2019-01-08T14:00,18.7,86,16.4,18.8,0.10,100,100,45,0
2019-01-08T15:00,18.5,86,16.1,18.5,0.10,100,100,48,0
2019-01-08T16:00,18.1,86,15.8,18.1,0.20,100,100,76,0
2019-01-08T17:00,17.7,85,15.2,17.3,0.20,100,100,86,0
2019-01-08T18:00,17.4,84,14.7,16.9,0.10,93,93,19,0
2019-01-08T19:00,17.2,84,14.5,16.6,0.10,100,99,26,0
2019-01-08T20:00,17.0,84,14.3,16.4,0.10,100,99,23,0
2019-01-08T21:00,16.8,85,14.3,16.1,0.00,100,99,22,0
2019-01-08T22:00,16.9,84,14.2,15.9,0.00,100,100,22,0
2019-01-08T23:00,17.0,84,14.2,16.1,0.00,100,100,20,0
2019-01-09T00:00,17.9,83,15.0,17.1,0.00,98,97,29,0
2019-01-09T01:00,18.6,81,15.2,17.5,0.00,25,6,25,0
2019-01-09T02:00,19.3,77,15.3,18.0,0.00,99,98,21,0
2019-01-09T03:00,20.0,75,15.3,18.5,0.00,99,99,20,0
2019-01-09T04:00,19.7,77,15.5,18.2,0.10,99,99,18,0
2019-01-09T05:00,19.4,79,15.7,18.1,0.10,97,97,19,0
2019-01-09T06:00,19.6,79,15.8,18.3,0.10,98,98,24,0
2019-01-09T07:00,19.1,82,15.9,18.2,0.00,99,99,18,0
2019-01-09T08:00,19.0,82,15.9,18.3,0.00,98,98,7,0
2019-01-09T09:00,18.6,83,15.6,17.5,0.00,99,99,2,0
2019-01-09T10:00,18.3,83,15.3,17.4,0.00,96,96,0,0
2019-01-09T11:00,18.9,81,15.6,18.3,0.00,96,96,2,0
2019-01-09T12:00,19.2,81,15.9,18.9,0.00,98,76,9,0
2019-01-09T13:00,19.4,83,16.4,19.0,0.00,64,64,17,0
2019-01-09T14:00,19.5,83,16.6,19.3,0.00,47,41,22,8
2019-01-09T15:00,19.3,85,16.7,19.2,0.00,45,42,20,0
2019-01-09T16:00,19.3,86,16.9,19.2,0.00,72,72,12,0
2019-01-09T17:00,19.4,86,17.0,19.3,0.00,12,10,8,0
2019-01-09T18:00,19.4,86,17.0,19.3,0.00,43,37,27,0
2019-01-09T19:00,19.6,85,17.0,19.6,0.00,77,9,77,0
2019-01-09T20:00,19.5,86,17.1,19.7,0.10,100,16,100,0
2019-01-09T21:00,19.7,86,17.3,20.1,0.30,100,8,100,0
2019-01-09T22:00,19.8,87,17.6,20.4,0.40,100,31,100,0
2019-01-09T23:00,19.8,89,17.9,20.6,0.30,100,82,100,0
2019-01-10T00:00,20.8,86,18.4,21.8,0.10,100,40,80,0
2019-01-10T01:00,22.2,82,19.0,23.6,0.00,82,44,81,0
2019-01-10T02:00,23.9,76,19.5,25.6,0.00,62,4,62,0
2019-01-10T03:00,25.0,71,19.5,26.9,0.00,81,2,81,0
2019-01-10T04:00,25.6,68,19.2,27.6,0.10,86,10,86,0
2019-01-10T05:00,25.1,71,19.5,27.2,0.10,64,37,60,0
2019-01-10T06:00,24.9,73,19.8,26.8,0.10,62,61,21,0
2019-01-10T07:00,24.7,74,19.9,26.7,0.00,17,12,16,0
2019-01-10T08:00,24.3,76,19.7,26.4,0.00,32,26,28,0
2019-01-10T09:00,22.9,82,19.7,25.0,0.00,37,29,35,0
2019-01-10T10:00,21.5,89,19.6,23.5,0.00,34,26,32,0
2019-01-10T11:00,20.8,92,19.4,22.9,0.00,23,21,21,0
2019-01-10T12:00,19.5,94,18.5,21.7,0.00,12,26,30,0
2019-01-10T13:00,20.2,92,18.9,23.1,0.00,32,25,27,6
2019-01-10T14:00,19.8,95,18.9,23.0,0.00,40,35,34,3
2019-01-10T15:00,19.2,96,18.6,22.2,0.00,43,40,35,0
2019-01-10T16:00,18.3,98,18.1,20.9,0.00,46,43,35,0
2019-01-10T17:00,18.4,99,18.3,21.0,0.00,46,44,29,0
2019-01-10T18:00,19.1,99,19.0,22.3,0.00,100,100,21,0
2019-01-10T19:00,19.1,99,19.0,22.1,0.00,85,85,14,0
2019-01-10T20:00,18.0,100,18.0,20.7,0.00,100,100,24,0
2019-01-10T21:00,18.1,100,18.0,20.5,0.00,100,100,26,0
2019-01-10T22:00,18.7,99,18.6,21.8,0.00,100,100,39,0
2019-01-10T23:00,18.4,100,18.4,21.1,0.00,100,100,50,0
2019-01-11T00:00,20.3,93,19.2,23.0,0.00,84,15,44,12
2019-01-11T01:00,22.5,85,19.9,26.1,0.00,44,28,30,0
2019-01-11T02:00,24.0,79,20.1,27.3,0.00,27,19,16,0
2019-01-11T03:00,24.7,77,20.3,27.3,0.00,22,22,2,0
2019-01-11T04:00,24.5,77,20.1,26.7,0.00,44,42,1,3
2019-01-11T05:00,23.6,82,20.3,26.2,0.00,64,59,3,12
2019-01-11T06:00,23.0,83,20.0,25.8,0.00,100,100,5,2
2019-01-11T07:00,22.6,84,19.7,25.5,0.00,69,69,5,0
2019-01-11T08:00,22.2,84,19.3,24.8,0.00,98,96,2,49
2019-01-11T09:00,21.3,86,18.9,23.8,0.00,69,17,3,63
2019-01-11T10:00,19.9,93,18.8,22.8,0.00,74,13,1,70
2019-01-11T11:00,18.5,97,18.1,20.9,0.00,78,17,0,74
2019-01-11T12:00,19.0,98,18.7,21.8,0.00,74,100,0,62
2019-01-11T13:00,19.1,98,18.7,22.2,0.00,100,100,1,0
2019-01-11T14:00,18.5,100,18.5,21.4,0.00,100,100,0,0
2019-01-11T15:00,18.4,100,18.3,21.2,0.00,100,100,0,0
2019-01-11T16:00,18.5,99,18.4,21.1,0.00,100,100,3,0
2019-01-11T17:00,18.4,99,18.2,20.8,0.00,100,100,21,0
2019-01-11T18:00,18.5,98,18.2,20.8,0.10,99,99,23,0
2019-01-11T19:00,18.5,97,17.9,20.6,0.00,100,100,18,0
2019-01-11T20:00,18.5,95,17.7,20.6,0.00,100,100,23,0
2019-01-11T21:00,18.4,94,17.4,20.4,0.10,100,100,37,0
2019-01-11T22:00,18.4,93,17.2,20.7,0.10,100,100,30,0
2019-01-11T23:00,18.3,93,17.2,20.6,0.10,100,100,26,0
2019-01-12T00:00,19.3,93,18.1,21.8,0.10,100,100,24,0
2019-01-12T01:00,19.6,90,18.0,22.0,0.10,100,100,14,0
2019-01-12T02:00,20.2,87,17.9,21.9,0.10,97,97,17,0
2019-01-12T03:00,20.3,84,17.6,21.6,0.00,100,100,33,0
2019-01-12T04:00,19.5,83,16.5,20.0,0.10,100,100,35,0
2019-01-12T05:00,19.1,81,15.8,19.1,0.10,100,100,29,0
2019-01-12T06:00,18.9,79,15.2,18.6,0.00,100,100,23,0
2019-01-12T07:00,18.6,78,14.7,18.4,0.10,100,100,18,0
2019-01-12T08:00,18.5,79,14.7,18.4,0.10,100,100,17,0
2019-01-12T09:00,18.1,80,14.6,18.2,0.10,100,100,14,0
2019-01-12T10:00,17.6,82,14.5,17.7,0.00,99,99,11,0
2019-01-12T11:00,17.5,82,14.4,17.5,0.00,91,90,14,0
2019-01-12T12:00,17.6,84,14.8,17.4,0.00,91,54,11,0
2019-01-12T13:00,17.5,84,14.7,17.3,0.00,33,30,12,0
2019-01-12T14:00,17.4,84,14.7,17.2,0.00,27,25,10,0
2019-01-12T15:00,17.1,85,14.6,17.1,0.00,72,70,12,0
2019-01-12T16:00,17.4,84,14.7,17.3,0.00,100,100,15,2
2019-01-12T17:00,17.5,84,14.7,17.5,0.00,100,100,15,2
2019-01-12T18:00,17.5,83,14.5,17.3,0.00,99,99,19,3
2019-01-12T19:00,17.3,83,14.4,17.1,0.00,96,96,20,2
2019-01-12T20:00,17.3,82,14.2,17.1,0.00,96,96,24,0
2019-01-12T21:00,17.2,82,14.2,17.2,0.00,57,53,27,0
2019-01-12T22:00,16.8,84,14.2,16.9,0.00,46,40,27,0
2019-01-12T23:00,17.0,84,14.3,16.8,0.00,62,61,13,0
2019-01-13T00:00,18.3,83,15.3,18.3,0.00,91,89,21,0
2019-01-13T01:00,19.0,79,15.2,18.3,0.00,91,91,22,0
2019-01-13T02:00,19.6,75,15.1,18.7,0.00,100,100,16,0
2019-01-13T03:00,19.7,74,15.0,18.6,0.00,99,99,7,0
2019-01-13T04:00,19.4,75,14.8,18.7,0.00,98,98,1,0
2019-01-13T05:00,19.2,76,14.8,18.3,0.00,99,99,0,0
2019-01-13T06:00,18.7,77,14.6,17.9,0.00,100,100,0,0
2019-01-13T07:00,18.3,78,14.3,17.4,0.00,100,100,0,0
2019-01-13T08:00,17.9,79,14.2,17.3,0.00,98,98,1,0
2019-01-13T09:00,17.5,81,14.2,17.1,0.00,66,66,1,0
2019-01-13T10:00,16.8,83,13.9,16.5,0.00,79,79,1,0
2019-01-13T11:00,16.9,83,14.0,16.5,0.00,99,99,1,0
2019-01-13T12:00,17.9,81,14.5,17.9,0.00,100,100,9,0
2019-01-13T13:00,17.8,83,14.8,17.5,0.00,100,100,15,0
2019-01-13T14:00,17.6,84,14.8,17.2,0.10,95,94,15,0
2019-01-13T15:00,17.5,83,14.6,17.0,0.10,100,100,20,0
2019-01-13T16:00,17.3,83,14.4,16.8,0.10,100,100,20,0
2019-01-13T17:00,17.1,84,14.3,16.6,0.10,99,99,19,0
2019-01-13T18:00,17.0,84,14.2,16.5,0.10,99,99,18,0
2019-01-13T19:00,16.9,84,14.2,16.5,0.00,99,99,17,0
2019-01-13T20:00,16.7,84,14.1,16.1,0.00,69,67,17,0
2019-01-13T21:00,16.5,86,14.1,16.1,0.00,58,56,17,0
2019-01-13T22:00,16.6,83,13.7,16.0,0.00,97,97,18,0
2019-01-13T23:00,16.7,82,13.5,15.8,0.00,10,6,8,0
2019-01-14T00:00,18.1,79,14.4,17.5,0.00,40,2,2,0
2019-01-14T01:00,20.0,66,13.5,18.3,0.00,41,40,3,0
2019-01-14T02:00,20.8,65,14.1,19.0,0.00,92,92,3,0
2019-01-14T03:00,20.6,67,14.3,18.8,0.00,100,100,7,0
2019-01-14T04:00,20.9,66,14.4,19.3,0.00,82,81,17,0
2019-01-14T05:00,21.7,63,14.3,20.0,0.00,80,76,28,0
2019-01-14T06:00,21.4,64,14.4,19.7,0.00,95,95,18,0
2019-01-14T07:00,20.8,67,14.5,19.3,0.00,95,94,26,0
2019-01-14T08:00,20.1,71,14.8,19.2,0.00,57,18,53,0
2019-01-14T09:00,19.7,72,14.6,18.8,0.00,81,5,78,13
2019-01-14T10:00,18.9,76,14.5,18.1,0.00,100,6,100,14
2019-01-14T11:00,19.1,77,15.0,18.2,0.00,99,5,99,0
2019-01-14T12:00,19.8,76,15.4,19.1,0.00,100,0,100,0
2019-01-14T13:00,19.7,78,15.8,18.8,0.00,100,0,100,0
2019-01-14T14:00,19.4,80,15.9,18.9,0.00,100,0,100,0
2019-01-14T15:00,19.5,80,15.9,19.0,0.00,99,0,99,0
2019-01-14T16:00,19.4,80,15.8,19.1,0.00,56,0,56,0
2019-01-14T17:00,19.2,79,15.6,18.9,0.00,68,4,68,0
2019-01-14T18:00,19.0,80,15.5,18.9,0.00,80,1,79,0
2019-01-14T19:00,18.9,81,15.5,19.0,0.00,68,5,68,0
2019-01-14T20:00,18.4,85,15.9,19.1,0.00,72,7,72,0
2019-01-14T21:00,18.2,88,16.2,19.3,0.00,86,1,86,0
2019-01-14T22:00,18.3,88,16.3,19.4,0.00,100,0,100,0
2019-01-14T23:00,18.5,88,16.4,19.8,0.00,100,0,100,0
2019-01-15T00:00,19.4,90,17.7,21.6,0.10,100,0,100,0
2019-01-15T01:00,19.8,89,18.0,22.5,1.10,100,0,100,0
2019-01-15T02:00,20.1,91,18.5,22.8,0.60,100,0,100,0
2019-01-15T03:00,21.0,85,18.4,23.3,0.20,100,0,100,0
2019-01-15T04:00,21.7,80,18.1,23.6,0.00,93,10,92,2
2019-01-15T05:00,21.4,82,18.2,23.5,0.00,93,9,88,44
2019-01-15T06:00,21.7,80,18.0,23.9,0.00,91,8,77,62
2019-01-15T07:00,21.2,82,18.0,22.8,0.00,78,22,52,57
2019-01-15T08:00,20.3,84,17.6,21.6,0.10,72,66,33,3
2019-01-15T09:00,19.5,88,17.4,20.9,0.10,100,100,39,0
2019-01-15T10:00,18.9,89,17.1,19.8,0.10,97,97,48,0
2019-01-15T11:00,18.7,89,16.9,19.2,0.10,69,32,57,22
2019-01-15T12:00,18.9,89,17.0,19.6,0.10,94,100,31,82
2019-01-15T13:00,18.7,88,16.7,18.9,0.30,89,48,36,78
2019-01-15T14:00,18.5,87,16.3,18.6,0.20,87,85,42,0
2019-01-15T15:00,18.2,86,15.7,18.0,0.20,96,95,66,0
2019-01-15T16:00,17.6,84,14.9,17.1,0.30,100,100,100,17
2019-01-15T17:00,17.3,84,14.6,17.0,0.20,100,98,100,17
2019-01-15T18:00,16.7,88,14.6,16.7,0.40,100,100,99,21
2019-01-15T19:00,16.4,88,14.4,16.4,0.30,99,67,99,3
2019-01-15T20:00,16.2,89,14.3,16.2,0.40,100,100,99,0
2019-01-15T21:00,16.1,89,14.2,16.3,0.60,100,100,100,0
2019-01-15T22:00,16.1,88,14.1,16.1,0.40,99,99,94,0
2019-01-15T23:00,15.8,88,13.9,15.6,0.30,98,97,95,0
2019-01-16T00:00,16.6,85,14.0,16.2,0.40,99,100,69,0
2019-01-16T01:00,16.6,87,14.5,16.1,2.50,100,99,100,5
2019-01-16T02:00,17.0,87,14.8,16.5,0.80,100,84,100,16
2019-01-16T03:00,17.1,85,14.6,16.6,0.70,90,86,67,1
2019-01-16T04:00,17.3,84,14.6,16.5,0.80,82,58,71,30
2019-01-16T05:00,17.6,81,14.3,16.3,0.30,99,99,90,30
2019-01-16T06:00,17.0,86,14.6,16.4,0.40,96,46,96,0
2019-01-16T07:00,16.9,86,14.5,16.4,0.30,99,85,99,2
2019-01-16T08:00,16.7,89,14.9,16.6,0.50,100,97,100,0
2019-01-16T09:00,16.2,89,14.3,15.9,0.60,100,100,99,0
2019-01-16T10:00,15.9,88,13.9,15.2,0.60,100,90,100,0
2019-01-16T11:00,15.7,88,13.8,15.1,0.30,100,87,100,0
2019-01-16T12:00,16.0,88,14.1,15.8,0.60,100,76,93,0
2019-01-16T13:00,16.1,89,14.3,16.2,0.30,100,99,93,0
2019-01-16T14:00,15.9,88,14.0,15.7,0.40,100,99,96,0
2019-01-16T15:00,15.6,88,13.5,15.1,0.30,100,100,98,0
2019-01-16T16:00,15.2,88,13.2,14.7,0.30,100,100,100,0
2019-01-16T17:00,14.9,87,12.7,14.2,0.30,99,97,98,0
2019-01-16T18:00,14.5,87,12.4,14.0,0.40,100,96,100,0
2019-01-16T19:00,14.3,87,12.1,14.0,0.80,100,57,100,0
2019-01-16T20:00,14.2,87,12.0,13.6,0.40,100,92,100,0
2019-01-16T21:00,14.1,87,12.0,13.8,0.30,98,92,95,0
2019-01-16T22:00,14.0,88,12.1,13.8,0.20,100,47,100,0
2019-01-16T23:00,14.1,88,12.1,13.8,0.20,100,100,79,0
2019-01-17T00:00,15.8,84,13.1,15.7,0.00,95,99,76,0
2019-01-17T01:00,16.0,81,12.8,15.4,0.10,99,99,74,0
2019-01-17T02:00,16.0,77,11.9,14.7,0.00,100,100,72,0
2019-01-17T03:00,16.1,73,11.3,14.5,0.00,99,99,34,0
2019-01-17T04:00,16.1,73,11.3,14.4,0.00,99,98,64,0
2019-01-17T05:00,16.1,72,11.2,14.4,0.00,97,96,37,0
2019-01-17T06:00,15.9,74,11.2,14.5,0.00,96,95,31,0
2019-01-17T07:00,15.5,73,10.6,14.0,0.00,100,100,20,0
2019-01-17T08:00,14.9,74,10.3,13.4,0.00,99,99,5,0
2019-01-17T09:00,14.7,74,10.1,13.6,0.00,99,99,4,0
2019-01-17T10:00,14.5,76,10.4,13.6,0.00,99,99,1,0
2019-01-17T11:00,14.4,76,10.2,13.2,0.00,99,99,0,0
2019-01-17T12:00,14.7,76,10.5,13.2,0.00,96,93,0,0
2019-01-17T13:00,14.6,77,10.7,13.1,0.00,98,98,1,0
2019-01-17T14:00,14.8,75,10.4,12.9,0.00,96,96,6,0
2019-01-17T15:00,14.6,74,10.1,12.3,0.00,55,55,8,0
2019-01-17T16:00,14.3,75,9.8,11.7,0.00,63,62,9,0
2019-01-17T17:00,14.1,71,8.9,11.3,0.00,64,64,9,0
2019-01-17T18:00,13.9,68,8.1,10.9,0.00,54,54,6,0
2019-01-17T19:00,13.7,68,7.8,10.6,0.00,43,43,4,0
2019-01-17T20:00,13.3,68,7.6,10.2,0.00,26,26,1,0
2019-01-17T21:00,13.3,69,7.7,10.1,0.00,29,29,0,0
2019-01-17T22:00,13.4,69,7.8,10.3,0.00,39,39,0,0
2019-01-17T23:00,13.6,72,8.5,10.6,0.00,34,34,0,0
2019-01-18T00:00,15.1,67,9.1,12.2,0.00,30,17,0,0
2019-01-18T01:00,16.8,60,9.0,13.2,0.00,25,25,0,0
2019-01-18T02:00,17.8,57,9.0,13.8,0.00,72,72,1,0
2019-01-18T03:00,18.4,56,9.4,14.5,0.00,61,61,1,0
2019-01-18T04:00,18.8,54,9.4,15.1,0.00,11,11,0,0
2019-01-18T05:00,19.3,55,9.9,16.4,0.00,4,4,1,0
2019-01-18T06:00,19.3,55,10.0,16.4,0.00,2,2,0,0
2019-01-18T07:00,19.2,54,9.7,15.9,0.00,0,0,0,0
2019-01-18T08:00,18.4,58,9.9,15.6,0.00,0,0,0,0
2019-01-18T09:00,17.1,62,9.8,14.4,0.00,0,0,0,0
2019-01-18T10:00,16.1,64,9.3,13.3,0.00,0,0,0,0
2019-01-18T11:00,15.9,63,9.0,13.1,0.00,1,0,1,0
2019-01-18T12:00,15.8,66,9.4,13.4,0.00,2,3,2,0
2019-01-18T13:00,16.1,66,9.7,13.9,0.00,5,5,1,0
2019-01-18T14:00,16.1,65,9.5,13.9,0.00,14,14,1,0
2019-01-18T15:00,16.0,63,8.9,13.6,0.00,21,21,0,0
2019-01-18T16:00,15.8,63,8.7,13.4,0.00,22,22,1,0
2019-01-18T17:00,15.8,63,8.8,13.5,0.00,21,21,0,0
2019-01-18T18:00,15.7,65,9.2,13.9,0.00,20,18,5,0
2019-01-18T19:00,15.5,68,9.7,14.1,0.00,18,13,11,0
2019-01-18T20:00,15.1,72,10.0,13.9,0.00,16,12,12,0
2019-01-18T21:00,14.2,77,10.3,13.1,0.00,35,11,33,0
2019-01-18T22:00,13.9,80,10.6,12.7,0.00,52,4,51,0
2019-01-18T23:00,15.5,73,10.6,14.7,0.00,66,2,66,0
2019-01-19T00:00,17.3,69,11.7,17.5,0.00,80,2,68,0
2019-01-19T01:00,19.2,66,12.6,19.9,0.00,64,0,64,0
2019-01-19T02:00,20.7,62,13.2,21.1,0.00,82,0,82,0
2019-01-19T03:00,21.5,61,13.7,21.6,0.00,57,0,57,0
2019-01-19T04:00,22.1,60,13.9,22.2,0.00,27,0,27,0
2019-01-19T05:00,22.7,56,13.5,23.0,0.00,36,3,35,0
2019-01-19T06:00,22.4,59,14.1,22.4,0.00,100,7,100,0
2019-01-19T07:00,20.8,75,16.1,21.5,0.00,100,7,100,0
2019-01-19T08:00,19.8,80,16.3,21.0,0.00,94,6,94,0
2019-01-19T09:00,19.1,86,16.6,21.0,0.00,39,3,38,0
2019-01-19T10:00,17.1,93,15.9,18.3,0.00,93,3,93,0
2019-01-19T11:00,17.6,91,16.2,19.2,0.00,98,1,98,0
2019-01-19T12:00,18.3,90,16.6,20.1,0.00,100,0,100,0
2019-01-19T13:00,18.4,88,16.4,20.0,0.00,100,0,100,0
2019-01-19T14:00,18.5,84,15.8,19.8,0.00,100,0,100,0
2019-01-19T15:00,18.6,79,14.9,19.6,0.00,100,0,100,0
2019-01-19T16:00,18.5,77,14.4,19.3,0.00,100,0,100,0
2019-01-19T17:00,19.0,73,14.2,20.2,0.00,99,0,99,0
2019-01-19T18:00,17.6,85,15.1,18.3,0.00,100,0,100,0
2019-01-19T19:00,17.5,90,15.8,18.8,0.00,100,0,100,0
2019-01-19T20:00,17.4,91,15.9,19.0,0.00,100,0,100,0
2019-01-19T21:00,17.1,94,16.1,18.8,0.10,100,16,100,0
2019-01-19T22:00,17.4,94,16.4,19.5,0.20,100,21,100,0
2019-01-19T23:00,18.1,90,16.4,20.0,0.00,92,20,92,0
2019-01-20T00:00,19.1,81,15.8,20.5,0.00,100,7,67,0
2019-01-20T01:00,20.8,77,16.7,22.4,0.00,73,24,70,0
2019-01-20T02:00,21.0,76,16.7,21.3,0.00,67,39,63,0
2019-01-20T03:00,20.3,79,16.5,20.1,0.10,87,83,83,0
2019-01-20T04:00,19.5,82,16.4,19.4,0.10,100,85,99,0
2019-01-20T05:00,18.5,85,15.9,18.5,0.20,100,99,99,0
2019-01-20T06:00,17.9,85,15.3,17.5,0.30,98,60,98,0
2019-01-20T07:00,17.4,84,14.8,17.0,0.30,99,42,98,15
2019-01-20T08:00,17.0,86,14.6,16.9,0.30,98,98,96,70
2019-01-20T09:00,16.6,84,13.8,16.3,0.30,98,92,94,91
2019-01-20T10:00,15.8,88,13.8,15.7,0.40,100,100,96,96
2019-01-20T11:00,15.5,87,13.4,15.3,0.50,100,96,98,100
2019-01-20T12:00,15.9,85,13.4,15.8,0.60,100,100,89,100
2019-01-20T13:00,15.8,87,13.6,15.6,0.40,98,82,83,95
2019-01-20T14:00,15.5,86,13.3,15.1,0.40,99,95,90,73
2019-01-20T15:00,15.2,86,12.9,14.8,0.30,100,98,100,19
2019-01-20T16:00,14.8,87,12.7,14.2,0.30,100,100,99,23
2019-01-20T17:00,14.5,86,12.2,13.8,0.30,97,61,97,14
2019-01-20T18:00,14.3,86,12.0,13.6,0.30,99,99,98,2
2019-01-20T19:00,14.0,86,11.7,13.3,0.30,100,69,100,2
2019-01-20T20:00,13.8,86,11.6,13.1,0.30,100,88,100,82
2019-01-20T21:00,13.7,86,11.5,13.0,0.30,100,9,100,83
2019-01-20T22:00,13.8,86,11.5,13.2,0.10,100,21,100,85
2019-01-20T23:00,14.2,82,11.1,13.3,0.10,100,96,99,76
2019-01-21T00:00,14.7,85,12.2,14.3,0.10,99,27,93,98
2019-01-21T01:00,15.5,84,12.8,15.4,0.10,97,21,96,83
2019-01-21T02:00,15.8,84,13.2,15.7,0.20,84,42,81,33
2019-01-21T03:00,16.6,76,12.4,15.0,0.10,98,73,97,0
2019-01-21T04:00,16.1,78,12.4,14.7,0.00,94,93,50,0
2019-01-21T05:00,16.6,76,12.3,14.6,0.00,100,100,53,0
2019-01-21T06:00,16.3,76,12.0,14.6,0.00,99,99,71,0
2019-01-21T07:00,15.9,78,12.1,14.5,0.00,100,100,63,0
2019-01-21T08:00,15.7,79,12.0,14.7,0.00,100,100,57,0
2019-01-21T09:00,15.4,80,12.1,15.0,0.10,100,100,58,0
2019-01-21T10:00,15.0,80,11.6,14.3,0.00,100,100,47,0
2019-01-21T11:00,14.8,82,11.7,14.4,0.00,100,100,37,0
2019-01-21T12:00,15.4,82,12.3,15.4,0.00,100,100,53,0
2019-01-21T13:00,15.5,81,12.3,15.6,0.10,100,100,83,0
2019-01-21T14:00,15.2,83,12.3,15.0,0.20,100,100,79,0
2019-01-21T15:00,14.9,84,12.3,14.8,0.10,100,100,76,0
2019-01-21T16:00,14.9,84,12.2,14.9,0.10,100,100,62,0
2019-01-21T17:00,14.8,85,12.3,15.0,0.10,100,100,72,0
2019-01-21T18:00,14.6,86,12.4,14.9,0.10,100,100,100,0
2019-01-21T19:00,14.4,85,11.9,14.3,0.20,100,100,92,0
2019-01-21T20:00,14.2,85,11.7,14.3,0.10,100,100,95,0
2019-01-21T21:00,14.0,85,11.4,14.2,0.10,100,99,91,0
2019-01-21T22:00,13.8,85,11.4,14.1,0.00,100,100,60,0
2019-01-21T23:00,13.7,86,11.5,13.9,0.00,100,100,50,0
2019-01-22T00:00,14.6,84,11.9,14.6,0.10,100,98,98,0
2019-01-22T01:00,14.7,80,11.4,14.6,0.20,100,100,92,0
2019-01-22T02:00,14.5,78,10.8,13.5,0.10,100,100,81,0
2019-01-22T03:00,14.8,73,10.0,13.3,0.00,100,100,73,0
2019-01-22T04:00,14.7,68,8.8,12.7,0.00,100,100,54,0
2019-01-22T05:00,14.4,67,8.3,12.6,0.00,100,100,51,0
2019-01-22T06:00,14.8,64,8.0,12.9,0.00,100,100,49,0
2019-01-22T07:00,14.8,64,7.9,13.0,0.00,100,100,56,0
2019-01-22T08:00,14.6,64,7.8,13.0,0.00,100,99,57,0
2019-01-22T09:00,14.4,69,8.9,13.7,0.00,100,100,41,0
2019-01-22T10:00,14.0,76,9.8,13.3,0.00,89,88,25,0
2019-01-22T11:00,13.8,73,9.0,13.0,0.00,61,59,25,0
2019-01-22T12:00,12.6,73,7.8,10.9,0.00,33,15,11,0
2019-01-22T13:00,11.3,80,8.0,9.5,0.00,8,1,8,0
2019-01-22T14:00,10.6,83,7.8,8.7,0.00,7,0,7,0
2019-01-22T15:00,10.4,83,7.7,8.6,0.00,6,1,6,0
2019-01-22T16:00,10.1,84,7.4,8.2,0.00,5,4,2,0
2019-01-22T17:00,9.7,84,7.2,7.7,0.00,4,4,1,0
2019-01-22T18:00,9.6,84,7.0,7.5,0.00,10,10,2,0
2019-01-22T19:00,9.6,84,7.0,7.5,0.00,29,29,4,0
2019-01-22T20:00,10.3,81,7.1,8.4,0.00,35,34,6,0
2019-01-22T21:00,10.8,78,7.1,9.0,0.00,24,23,8,0
2019-01-22T22:00,10.7,78,7.1,8.9,0.00,16,14,12,0
2019-01-22T23:00,11.2,79,7.6,9.5,0.00,16,8,15,0
2019-01-23T00:00,14.6,69,9.0,12.8,0.00,16,4,7,0
2019-01-23T01:00,16.7,62,9.3,14.2,0.00,8,4,7,0
2019-01-23T02:00,17.8,57,9.1,14.6,0.00,64,64,11,0
2019-01-23T03:00,18.3,57,9.6,15.5,0.00,100,100,16,0
2019-01-23T04:00,17.9,59,9.9,15.0,0.00,96,96,10,0
2019-01-23T05:00,18.1,59,10.0,15.4,0.00,88,88,11,0
2019-01-23T06:00,18.0,59,9.8,15.3,0.00,89,89,15,0
2019-01-23T07:00,17.2,61,9.7,14.6,0.00,83,82,22,0
2019-01-23T08:00,16.7,63,9.6,14.3,0.00,57,56,22,0
2019-01-23T09:00,15.8,67,9.6,14.0,0.00,62,62,17,0
2019-01-23T10:00,14.8,70,9.3,13.3,0.00,53,52,21,0
2019-01-23T11:00,14.2,73,9.5,13.0,0.00,49,42,43,0
2019-01-23T12:00,13.0,83,10.1,11.7,0.00,98,29,32,0
2019-01-23T13:00,13.6,80,10.1,12.6,0.00,36,26,32,0
2019-01-23T14:00,13.8,78,10.0,12.9,0.00,42,23,40,0
2019-01-23T15:00,15.0,71,9.9,13.8,0.00,57,29,55,0
2019-01-23T16:00,14.6,74,9.9,13.4,0.00,37,26,34,0
2019-01-23T17:00,14.1,76,10.0,13.0,0.00,42,17,40,0
2019-01-23T18:00,13.3,81,10.2,12.4,0.00,33,21,30,0
2019-01-23T19:00,13.8,79,10.2,12.8,0.00,32,23,27,0
2019-01-23T20:00,13.3,81,10.2,12.4,0.00,42,41,25,0
2019-01-23T21:00,12.8,84,10.1,11.8,0.00,39,38,24,0
2019-01-23T22:00,12.7,84,10.1,11.7,0.00,73,72,16,0
2019-01-23T23:00,13.9,79,10.4,13.0,0.00,80,79,8,0
2019-01-24T00:00,15.9,72,10.8,14.5,0.00,90,93,4,0
2019-01-24T01:00,16.7,68,10.7,14.8,0.00,91,91,2,0
2019-01-24T02:00,17.9,63,10.7,15.3,0.00,100,100,1,0
2019-01-24T03:00,18.2,63,11.0,15.7,0.00,100,100,0,0
2019-01-24T04:00,18.3,63,11.2,15.9,0.00,100,100,0,0
2019-01-24T05:00,18.7,63,11.6,16.5,0.00,100,100,0,0
2019-01-24T06:00,18.4,64,11.4,16.3,0.00,99,99,0,0
2019-01-24T07:00,18.7,62,11.3,16.6,0.00,100,100,0,0
2019-01-24T08:00,17.6,68,11.6,15.7,0.00,96,96,2,0
2019-01-24T09:00,17.0,69,11.3,15.6,0.00,76,76,4,0
2019-01-24T10:00,15.7,75,11.2,14.7,0.00,65,65,3,0
2019-01-24T11:00,15.6,76,11.4,14.7,0.00,66,66,0,0
2019-01-24T12:00,15.7,77,11.7,14.4,0.00,6,25,0,0
2019-01-24T13:00,15.2,81,11.9,13.9,0.00,3,3,0,0
2019-01-24T14:00,15.0,83,12.2,13.8,0.00,5,5,0,0
2019-01-24T15:00,15.0,84,12.4,13.8,0.00,2,2,0,0
2019-01-24T16:00,15.2,85,12.7,14.0,0.00,1,1,0,0
2019-01-24T17:00,15.0,88,13.0,14.2,0.00,1,1,0,0
2019-01-24T18:00,14.8,89,13.0,14.0,0.00,7,7,0,0
2019-01-24T19:00,15.1,89,13.3,14.2,0.00,4,4,0,0
2019-01-24T20:00,15.3,90,13.6,14.6,0.00,1,1,0,0
2019-01-24T21:00,14.9,91,13.4,14.3,0.00,4,4,0,0
2019-01-24T22:00,14.9,91,13.4,14.4,0.00,3,3,0,0
2019-01-24T23:00,15.2,90,13.6,14.8,0.00,16,16,0,0
2019-01-25T00:00,17.3,83,14.5,16.9,0.00,27,10,1,0
2019-01-25T01:00,19.3,76,15.1,19.0,0.00,10,7,6,0
2019-01-25T02:00,20.9,70,15.1,20.6,0.00,29,27,9,0
2019-01-25T03:00,21.0,69,15.0,20.6,0.10,17,14,9,0
2019-01-25T04:00,20.9,69,14.9,20.3,0.00,24,22,6,0
2019-01-25T05:00,21.4,66,14.7,21.1,0.00,25,23,7,0
2019-01-25T06:00,21.1,68,14.9,21.0,0.20,19,15,16,0
2019-01-25T07:00,20.3,68,14.1,19.6,0.00,8,8,1,0
2019-01-25T08:00,19.4,69,13.7,18.9,0.00,2,2,1,0
2019-01-25T09:00,18.0,76,13.7,18.2,0.00,6,5,2,0
2019-01-25T10:00,15.3,88,13.3,15.2,0.00,25,25,2,0
2019-01-25T11:00,15.6,85,13.0,15.5,0.00,49,49,2,0
2019-01-25T12:00,15.3,88,13.4,15.1,0.00,38,26,2,0
2019-01-25T13:00,16.2,83,13.4,16.4,0.00,33,33,1,0
2019-01-25T14:00,15.9,84,13.1,16.0,0.00,40,39,1,0
2019-01-25T15:00,15.6,85,13.0,15.7,0.00,40,39,1,0
2019-01-25T16:00,15.8,82,12.7,15.7,0.00,36,36,2,0
2019-01-25T17:00,15.0,81,11.7,14.5,0.00,28,27,2,0
2019-01-25T18:00,14.6,81,11.3,13.9,0.00,43,43,1,0
2019-01-25T19:00,14.0,81,10.8,13.4,0.00,58,58,1,0
2019-01-25T20:00,13.3,83,10.4,12.3,0.00,53,53,3,0
2019-01-25T21:00,12.6,83,9.8,11.5,0.00,88,88,11,0
2019-01-25T22:00,13.5,81,10.2,12.5,0.00,94,94,15,0
2019-01-25T23:00,13.6,83,10.8,13.2,0.10,100,100,41,0
2019-01-26T00:00,14.8,68,8.9,12.8,0.00,92,85,32,0
2019-01-26T01:00,15.2,62,7.9,12.4,0.00,36,35,28,0
2019-01-26T02:00,15.7,57,7.2,12.3,0.00,57,56,14,0
2019-01-26T03:00,15.9,57,7.5,12.6,0.00,99,99,18,0
2019-01-26T04:00,15.6,57,7.1,12.2,0.00,95,95,29,0
2019-01-26T05:00,15.2,62,8.0,12.0,0.00,88,87,39,0
2019-01-26T06:00,14.2,67,8.1,11.4,0.00,91,91,33,0
2019-01-26T07:00,14.4,62,7.2,11.3,0.00,95,95,26,0
2019-01-26T08:00,13.9,63,6.9,10.9,0.00,65,65,17,0
2019-01-26T09:00,13.2,67,7.1,10.8,0.00,96,96,11,0
2019-01-26T10:00,12.9,65,6.4,10.6,0.00,82,82,8,0
2019-01-26T11:00,12.9,65,6.6,10.6,0.00,84,84,9,0
2019-01-26T12:00,13.3,66,7.0,11.6,0.00,97,95,11,0
2019-01-26T13:00,14.0,61,6.5,11.6,0.00,92,92,8,0
2019-01-26T14:00,13.8,61,6.4,11.3,0.00,56,54,17,0
2019-01-26T15:00,13.0,65,6.6,10.6,0.00,47,19,46,0
2019-01-26T16:00,12.9,66,6.8,10.7,0.00,82,76,57,0
2019-01-26T17:00,13.3,65,6.9,10.7,0.00,83,78,69,0
2019-01-26T18:00,13.1,65,6.7,10.5,0.00,77,70,58,0
2019-01-26T19:00,12.8,67,6.8,10.8,0.00,91,89,48,0
2019-01-26T20:00,12.7,68,6.9,10.7,0.00,89,88,36,0
2019-01-26T21:00,12.8,67,6.9,11.0,0.00,82,81,31,0
2019-01-26T22:00,12.7,69,7.1,10.7,0.00,70,70,22,0
2019-01-26T23:00,12.7,70,7.4,10.8,0.00,52,52,12,0
2019-01-27T00:00,15.0,68,9.1,13.6,0.00,47,66,8,0
2019-01-27T01:00,16.5,59,8.5,14.4,0.00,31,30,8,0
2019-01-27T02:00,17.0,57,8.5,14.0,0.00,97,97,7,0
2019-01-27T03:00,17.1,57,8.4,13.9,0.00,91,91,12,0
2019-01-27T04:00,16.5,59,8.5,13.5,0.00,95,95,11,0
2019-01-27T05:00,17.6,56,8.7,14.6,0.00,100,100,6,0
2019-01-27T06:00,16.6,58,8.2,13.8,0.00,99,99,6,0
2019-01-27T07:00,17.0,55,7.9,14.2,0.00,100,100,5,0
2019-01-27T08:00,16.2,60,8.3,13.5,0.00,84,84,5,0
2019-01-27T09:00,15.4,67,9.2,12.9,0.00,25,25,6,0
2019-01-27T10:00,14.2,71,9.1,12.2,0.00,8,7,1,0
2019-01-27T11:00,13.2,75,8.9,11.5,0.00,4,4,0,0
2019-01-27T12:00,12.8,82,9.7,11.6,0.00,5,1,0,0
2019-01-27T13:00,12.5,83,9.6,11.3,0.00,1,0,0,0
2019-01-27T14:00,12.3,84,9.7,11.1,0.00,4,4,0,0
2019-01-27T15:00,12.6,84,10.0,11.3,0.00,0,0,0,0
2019-01-27T16:00,12.4,88,10.4,11.2,0.00,0,0,0,0
2019-01-27T17:00,12.6,88,10.6,11.4,0.00,1,1,0,0
2019-01-27T18:00,12.8,88,10.8,11.6,0.00,0,0,0,0
2019-01-27T19:00,12.5,89,10.7,11.5,0.00,1,1,0,0
2019-01-27T20:00,12.4,89,10.7,11.5,0.00,6,6,0,0
2019-01-27T21:00,12.1,91,10.7,11.3,0.00,2,2,0,0
2019-01-27T22:00,11.8,91,10.5,11.0,0.00,2,2,0,0
2019-01-27T23:00,12.1,91,10.7,11.4,0.00,1,1,0,0
2019-01-28T00:00,15.5,80,12.1,15.0,0.00,1,1,0,0
2019-01-28T01:00,18.5,69,12.7,18.0,0.00,0,0,0,0
2019-01-28T02:00,20.2,60,12.2,19.2,0.00,4,4,0,0
2019-01-28T03:00,21.2,56,12.0,20.5,0.00,10,10,0,0
2019-01-28T04:00,20.9,62,13.3,20.8,0.00,7,7,0,0
2019-01-28T05:00,20.5,63,13.1,20.0,0.00,1,1,0,0
2019-01-28T06:00,20.5,62,13.0,19.8,0.00,2,2,1,0
2019-01-28T07:00,19.9,63,12.6,18.6,0.00,37,36,4,0
2019-01-28T08:00,19.4,63,12.3,18.4,0.00,23,22,5,0
2019-01-28T09:00,18.3,69,12.4,17.9,0.00,27,15,23,0
2019-01-28T10:00,16.3,77,12.3,16.1,0.00,27,9,25,0
2019-01-28T11:00,15.4,82,12.3,15.2,0.00,15,6,13,0
2019-01-28T12:00,15.4,82,12.3,15.1,0.00,8,3,18,0
2019-01-28T13:00,15.4,82,12.4,15.0,0.00,10,3,9,0
2019-01-28T14:00,15.3,84,12.7,14.9,0.00,7,3,6,0
2019-01-28T15:00,15.0,88,13.0,14.6,0.00,7,6,5,0
2019-01-28T16:00,15.0,88,13.1,14.7,0.00,5,4,4,0
2019-01-28T17:00,14.8,89,13.0,14.4,0.00,5,4,3,0
2019-01-28T18:00,14.9,89,13.1,14.4,0.00,6,5,3,0
2019-01-28T19:00,15.2,88,13.3,14.7,0.00,12,12,2,0
2019-01-28T20:00,15.3,89,13.5,15.0,0.00,28,28,1,0
2019-01-28T21:00,15.7,88,13.7,15.5,0.00,94,94,3,0
2019-01-28T22:00,16.1,85,13.7,16.0,0.00,21,20,4,0
2019-01-28T23:00,15.9,87,13.6,15.8,0.00,4,0,4,0
2019-01-29T00:00,17.8,81,14.4,17.6,0.00,7,9,14,0
2019-01-29T01:00,19.4,71,14.1,18.2,0.00,11,3,10,0
2019-01-29T02:00,20.4,66,13.8,18.7,0.00,43,42,7,0
2019-01-29T03:00,20.8,65,13.9,19.1,0.00,84,84,25,0
2019-01-29T04:00,21.1,63,13.7,19.5,0.10,98,98,26,0
2019-01-29T05:00,21.0,64,14.0,19.7,0.00,94,94,24,0
2019-01-29T06:00,21.0,66,14.3,19.7,0.00,89,89,7,0
2019-01-29T07:00,21.3,64,14.1,19.8,0.00,18,18,0,0
2019-01-29T08:00,20.5,67,14.3,19.3,0.00,7,7,0,0
2019-01-29T09:00,19.5,71,14.2,18.6,0.00,3,3,0,0
2019-01-29T10:00,18.1,77,14.0,17.2,0.00,1,1,0,0
2019-01-29T11:00,17.4,81,14.1,16.6,0.00,1,1,1,0
2019-01-29T12:00,17.9,82,14.7,17.6,0.00,2,3,9,0
2019-01-29T13:00,18.2,76,13.9,17.7,0.00,9,3,8,0
2019-01-29T14:00,17.9,73,12.9,17.3,0.00,5,3,4,0
2019-01-29T15:00,17.5,70,12.1,16.8,0.00,3,2,2,0
2019-01-29T16:00,17.2,73,12.2,16.5,0.00,3,3,0,0
2019-01-29T17:00,17.4,72,12.4,16.8,0.00,4,4,0,0
2019-01-29T18:00,16.2,78,12.3,15.8,0.00,3,3,0,0
2019-01-29T19:00,15.0,82,12.0,14.3,0.00,2,2,0,0
2019-01-29T20:00,14.9,80,11.5,14.2,0.00,1,1,0,0
2019-01-29T21:00,16.9,73,12.0,16.6,0.00,1,1,0,0
2019-01-29T22:00,16.5,75,12.0,16.7,0.00,0,0,0,0
2019-01-29T23:00,15.5,80,12.0,15.5,0.00,0,0,0,0
2019-01-30T00:00,18.4,77,14.3,19.4,0.00,0,0,0,0
2019-01-30T01:00,21.2,67,14.8,22.6,0.00,0,0,0,0
2019-01-30T02:00,23.0,62,15.3,24.3,0.00,1,0,1,0
2019-01-30T03:00,24.2,58,15.5,25.9,0.00,2,0,2,0
2019-01-30T04:00,24.9,50,13.8,25.9,0.00,2,0,2,0
2019-01-30T05:00,24.9,51,14.0,25.6,0.00,1,1,1,0
2019-01-30T06:00,24.6,57,15.5,25.4,0.00,6,2,6,0
2019-01-30T07:00,24.1,61,16.2,24.7,0.00,11,2,11,0
2019-01-30T08:00,22.7,68,16.5,23.3,0.00,21,12,20,0
2019-01-30T09:00,21.0,73,16.0,22.0,0.00,28,18,27,0
2019-01-30T10:00,18.1,86,15.7,19.1,0.00,20,8,19,0
2019-01-30T11:00,17.7,83,14.8,18.9,0.00,9,3,8,0
2019-01-30T12:00,18.3,76,14.0,19.1,0.00,5,1,3,0
2019-01-30T13:00,16.3,87,14.2,16.7,0.00,1,0,1,0
2019-01-30T14:00,15.5,91,14.1,15.8,0.00,0,0,0,0
2019-01-30T15:00,14.8,93,13.7,15.0,0.00,0,0,0,0
2019-01-30T16:00,14.3,90,12.8,14.0,0.00,0,0,0,0
2019-01-30T17:00,14.9,83,12.1,14.5,0.00,0,0,0,0
2019-01-30T18:00,14.6,83,11.8,14.4,0.00,0,0,0,0
2019-01-30T19:00,15.4,80,11.9,15.5,0.00,0,0,0,0
2019-01-30T20:00,16.0,78,12.1,16.3,0.00,0,0,0,0
2019-01-30T21:00,17.0,73,12.1,17.6,0.00,0,0,0,0
2019-01-30T22:00,17.2,71,11.9,17.3,0.00,0,0,0,0
2019-01-30T23:00,17.5,65,10.9,17.6,0.00,2,0,2,0
2019-01-31T00:00,18.6,68,12.5,18.3,0.00,4,0,9,0
2019-01-31T01:00,19.7,66,13.2,19.5,0.00,16,1,16,0
2019-01-31T02:00,21.5,62,13.8,21.7,0.00,26,13,25,0
2019-01-31T03:00,22.8,61,14.8,23.5,0.00,21,14,19,0
2019-01-31T04:00,24.2,57,15.3,25.0,0.00,19,13,18,0
2019-01-31T05:00,24.6,55,15.0,25.0,0.00,30,15,29,0
2019-01-31T06:00,24.1,55,14.5,23.7,0.00,80,16,79,0
2019-01-31T07:00,22.2,63,14.7,22.0,0.00,94,10,94,0
2019-01-31T08:00,19.5,73,14.5,19.0,0.80,99,16,99,0
2019-01-31T09:00,16.7,88,14.7,15.9,2.20,100,100,100,0
2019-01-31T10:00,15.4,89,13.6,14.8,0.40,100,100,100,0
2019-01-31T11:00,15.0,87,12.8,14.2,0.30,100,100,93,0
2019-01-31T12:00,15.6,80,12.2,14.8,0.10,100,100,100,0
2019-01-31T13:00,15.6,80,12.1,14.4,0.10,100,100,96,0
2019-01-31T14:00,15.2,77,11.2,13.5,0.10,100,100,67,0
2019-01-31T15:00,14.7,77,10.8,13.2,0.00,100,100,24,0
2019-01-31T16:00,14.5,78,10.7,13.3,0.00,100,100,41,0
2019-01-31T17:00,14.4,78,10.6,13.3,0.10,100,100,35,0
2019-01-31T18:00,14.1,78,10.4,13.0,0.10,100,100,37,0
2019-01-31T19:00,13.8,79,10.2,12.5,0.10,100,100,34,0
2019-01-31T20:00,13.5,79,9.9,11.9,0.10,99,99,13,0
2019-01-31T21:00,13.5,78,9.7,12.0,0.00,100,100,6,0
2019-01-31T22:00,13.4,78,9.7,11.8,0.00,99,99,4,0
2019-01-31T23:00,13.4,78,9.7,11.8,0.00,99,99,3,0
2019-02-01T00:00,14.4,77,10.4,13.4,0.00,99,100,7,0
2019-02-01T01:00,14.9,71,9.6,12.7,0.00,100,100,12,0
2019-02-01T02:00,14.8,71,9.6,12.4,0.00,100,100,27,0
2019-02-01T03:00,15.1,69,9.3,12.6,0.00,100,100,38,0
2019-02-01T04:00,15.4,67,9.2,12.8,0.00,98,98,66,0
2019-02-01T05:00,15.2,67,9.2,12.7,0.00,100,100,62,0
2019-02-01T06:00,15.6,66,9.3,13.2,0.00,98,97,86,0
2019-02-01T07:00,15.5,66,9.3,12.9,0.00,99,21,99,0
2019-02-01T08:00,15.9,64,9.2,13.1,0.00,100,100,63,0
2019-02-01T09:00,15.3,70,9.8,13.1,0.00,100,11,100,0
2019-02-01T10:00,15.0,73,10.1,12.9,0.10,100,2,100,0
2019-02-01T11:00,15.0,75,10.7,13.0,0.20,100,3,100,0
2019-02-01T12:00,15.3,80,11.8,13.5,0.10,96,14,85,0
2019-02-01T13:00,15.6,80,12.2,13.8,0.00,87,7,87,0
2019-02-01T14:00,15.9,80,12.5,13.9,0.00,92,10,92,0
2019-02-01T15:00,16.0,81,12.6,14.2,0.00,73,10,73,0
2019-02-01T16:00,16.0,81,12.8,14.3,0.00,66,6,65,0
2019-02-01T17:00,15.9,83,13.0,14.4,0.00,38,4,38,0
2019-02-01T18:00,15.8,84,13.1,14.7,0.00,63,3,63,0
2019-02-01T19:00,16.1,83,13.3,15.3,0.00,98,5,98,0
2019-02-01T20:00,16.7,79,13.1,16.2,0.00,100,8,100,0
2019-02-01T21:00,17.0,77,12.8,16.5,0.00,100,33,100,0
2019-02-01T22:00,17.2,74,12.5,16.7,0.00,28,14,24,0
2019-02-01T23:00,16.5,77,12.5,16.1,0.00,32,28,15,0
2019-02-02T00:00,18.8,70,13.3,18.4,0.00,44,22,16,0
2019-02-02T01:00,20.6,64,13.6,20.3,0.00,26,22,23,0
2019-02-02T02:00,22.0,59,13.7,21.4,0.00,26,9,25,0
2019-02-02T03:00,23.3,55,13.8,22.3,0.00,19,0,18,0
2019-02-02T04:00,24.1,55,14.6,23.6,0.00,9,4,9,0
2019-02-02T05:00,24.4,55,14.7,23.9,0.00,8,2,7,0
2019-02-02T06:00,24.6,55,15.0,24.4,0.00,9,5,8,0
2019-02-02T07:00,24.2,58,15.5,24.2,0.00,19,17,16,0
2019-02-02T08:00,23.1,63,15.6,23.3,0.00,23,22,13,0
2019-02-02T09:00,21.5,67,15.1,21.6,0.00,26,26,8,0
2019-02-02T10:00,19.8,71,14.3,19.9,0.00,7,7,2,0
2019-02-02T11:00,19.0,72,13.8,19.0,0.00,2,2,0,0
2019-02-02T12:00,19.2,73,14.3,20.4,0.00,8,3,0,0
2019-02-02T13:00,18.5,77,14.4,19.6,0.00,3,2,1,0
2019-02-02T14:00,18.1,80,14.5,19.3,0.00,11,3,2,8
2019-02-02T15:00,16.4,89,14.5,17.5,0.00,14,7,0,7
2019-02-02T16:00,15.0,98,14.7,16.1,0.00,48,46,0,8
2019-02-02T17:00,14.1,100,14.1,15.0,0.00,100,100,0,9
2019-02-02T18:00,13.6,100,13.6,14.6,0.00,100,100,1,13
2019-02-02T19:00,13.8,100,13.8,14.9,0.00,100,100,1,0
2019-02-02T20:00,13.6,100,13.6,14.5,0.00,100,100,0,2
2019-02-02T21:00,13.5,100,13.5,14.5,0.00,100,100,6,20
2019-02-02T22:00,14.0,98,13.7,15.0,0.00,42,32,16,12
2019-02-02T23:00,14.5,96,13.9,15.4,0.00,29,21,13,1
2019-02-03T00:00,17.4,88,15.4,18.8,0.00,10,17,1,0
2019-02-03T01:00,20.2,79,16.4,22.2,0.00,12,3,12,0
2019-02-03T02:00,22.9,68,16.7,25.0,0.00,18,2,18,0
2019-02-03T03:00,24.9,62,17.0,27.2,0.00,18,3,18,0
2019-02-03T04:00,26.5,57,17.4,29.0,0.00,7,0,7,0
2019-02-03T05:00,26.3,60,17.8,28.3,0.00,10,0,9,0
2019-02-03T06:00,25.6,63,18.0,27.7,0.00,26,16,25,0
2019-02-03T07:00,25.2,64,17.9,27.2,0.00,48,39,44,0
2019-02-03T08:00,24.5,67,17.9,26.8,0.00,35,29,27,0
2019-02-03T09:00,23.2,76,18.7,26.1,0.00,75,72,36,0
2019-02-03T10:00,21.6,83,18.6,24.2,0.00,87,84,64,0
2019-02-03T11:00,21.1,85,18.5,23.8,0.00,60,55,32,0
2019-02-03T12:00,20.6,83,17.7,22.8,0.00,30,0,6,0
2019-02-03T13:00,20.2,84,17.5,22.4,0.00,25,1,16,14
2019-02-03T14:00,19.2,89,17.4,21.3,0.00,29,1,18,17
2019-02-03T15:00,19.3,87,17.1,21.1,0.00,29,2,24,9
2019-02-03T16:00,18.8,89,16.9,20.5,0.00,41,10,41,0
2019-02-03T17:00,18.8,87,16.7,20.5,0.00,50,20,49,0
2019-02-03T18:00,18.8,88,16.7,20.4,0.00,60,23,58,1
2019-02-03T19:00,20.5,77,16.3,21.9,0.00,80,75,69,8
2019-02-03T20:00,18.2,90,16.5,18.2,0.20,99,99,25,11
2019-02-03T21:00,17.7,86,15.4,17.3,0.10,99,99,58,6
2019-02-03T22:00,17.4,86,15.0,16.9,0.20,99,99,73,0
2019-02-03T23:00,17.1,86,14.7,16.5,0.30,100,100,87,0
2019-02-04T00:00,17.1,86,14.8,17.1,0.30,88,91,76,0
2019-02-04T01:00,17.6,85,15.0,16.9,0.20,100,100,81,0
2019-02-04T02:00,18.0,81,14.7,17.3,0.20,100,100,65,0
2019-02-04T03:00,18.1,81,14.8,17.5,0.10,99,99,55,0
2019-02-04T04:00,18.3,79,14.6,17.6,0.10,98,97,71,0
2019-02-04T05:00,18.3,77,14.3,17.3,0.10,100,100,86,0
2019-02-04T06:00,17.9,78,14.1,17.1,0.10,99,97,94,0
2019-02-04T07:00,18.0,79,14.2,16.9,0.10,97,94,87,0
2019-02-04T08:00,17.7,80,14.2,16.8,0.00,99,98,96,0
2019-02-04T09:00,17.4,83,14.4,16.9,0.30,98,95,96,40
2019-02-04T10:00,16.9,88,14.8,16.7,1.10,99,95,98,37
2019-02-04T11:00,16.9,89,15.1,17.0,0.00,100,94,100,43
2019-02-04T12:00,17.3,90,15.6,17.8,0.10,100,96,95,45
2019-02-04T13:00,17.7,88,15.7,18.2,0.00,100,100,97,3
2019-02-04T14:00,17.5,90,15.9,18.2,0.30,100,95,100,29
2019-02-04T15:00,17.3,91,15.9,18.2,0.20,81,0,73,46
2019-02-04T16:00,17.1,90,15.5,17.8,0.40,90,57,88,1
2019-02-04T17:00,17.0,92,15.7,18.1,0.10,92,91,86,0
2019-02-04T18:00,17.1,93,15.9,18.2,0.10,100,100,91,0
2019-02-04T19:00,17.2,92,16.0,18.5,0.20,100,100,56,0
2019-02-04T20:00,17.2,93,16.1,18.7,0.20,88,83,82,0
2019-02-04T21:00,17.2,94,16.1,18.8,0.30,100,100,93,0
2019-02-04T22:00,17.2,94,16.2,18.9,0.30,100,100,99,0
2019-02-04T23:00,17.4,95,16.6,19.2,0.30,100,100,100,0
2019-02-05T00:00,17.7,89,15.9,19.3,0.40,100,94,97,0
2019-02-05T01:00,18.0,89,16.1,19.5,0.40,94,66,93,0
2019-02-05T02:00,19.2,81,16.0,20.0,0.30,97,97,89,0
2019-02-05T03:00,19.6,81,16.2,20.3,0.30,100,100,70,0
2019-02-05T04:00,19.9,81,16.5,20.9,0.10,100,100,38,0
2019-02-05T05:00,20.9,76,16.6,22.2,0.00,97,97,44,0
2019-02-05T06:00,21.2,75,16.6,23.0,0.00,92,91,38,0
2019-02-05T07:00,21.6,74,16.7,23.7,0.00,78,75,27,0
2019-02-05T08:00,21.9,73,16.8,24.2,0.00,46,44,7,0
2019-02-05T09:00,21.0,78,17.0,23.1,0.00,42,42,4,0
2019-02-05T10:00,18.6,87,16.4,20.3,0.00,61,61,1,0
2019-02-05T11:00,17.5,91,16.0,18.9,0.00,85,85,1,0
2019-02-05T12:00,16.7,92,15.4,17.8,0.00,83,46,3,0
2019-02-05T13:00,16.3,94,15.4,17.8,0.00,41,39,9,0
2019-02-05T14:00,16.0,96,15.3,17.5,0.00,34,27,20,0
2019-02-05T15:00,15.6,98,15.2,16.6,0.00,45,41,14,0
2019-02-05T16:00,15.4,99,15.3,16.0,0.00,51,51,16,0
2019-02-05T17:00,15.3,99,15.1,16.6,0.00,56,55,10,0
2019-02-05T18:00,15.1,99,15.0,16.2,0.00,96,96,1,0
2019-02-05T19:00,14.4,100,14.4,15.4,0.00,100,100,0,0
2019-02-05T20:00,14.3,99,14.1,14.8,0.00,100,100,0,0
2019-02-05T21:00,13.8,99,13.7,14.4,0.00,100,100,0,0
2019-02-05T22:00,13.4,99,13.3,14.1,0.00,100,100,0,0
2019-02-05T23:00,13.9,99,13.7,14.2,0.00,100,100,0,0
2019-02-06T00:00,17.0,89,15.1,17.4,0.00,64,1,0,0
2019-02-06T01:00,20.0,79,16.2,20.9,0.00,0,0,0,0
2019-02-06T02:00,22.6,69,16.7,23.0,0.00,1,1,0,0
2019-02-06T03:00,24.0,69,17.9,25.1,0.00,13,13,0,0
2019-02-06T04:00,24.7,64,17.5,25.5,0.00,2,2,0,0
2019-02-06T05:00,24.5,65,17.6,25.1,0.00,5,5,0,0
2019-02-06T06:00,23.8,68,17.6,23.7,0.00,10,10,0,0
2019-02-06T07:00,24.0,65,17.1,23.0,0.00,15,15,3,0
2019-02-06T08:00,23.6,69,17.5,23.1,0.00,50,48,27,0
2019-02-06T09:00,22.5,74,17.7,23.1,0.00,38,33,34,0
2019-02-06T10:00,21.1,81,17.7,22.7,0.00,17,9,16,0
2019-02-06T11:00,19.3,90,17.6,20.9,0.00,12,10,5,0
2019-02-06T12:00,19.5,88,17.5,21.5,0.00,17,2,9,0
2019-02-06T13:00,18.6,92,17.3,20.6,0.00,23,3,23,0
2019-02-06T14:00,17.9,94,17.0,20.0,0.00,30,11,29,0
2019-02-06T15:00,17.7,95,16.9,19.9,0.00,26,1,26,0
2019-02-06T16:00,17.5,92,16.2,18.9,0.00,24,1,24,0
2019-02-06T17:00,17.2,91,15.6,18.4,0.00,6,5,5,0
2019-02-06T18:00,16.7,90,15.1,17.7,0.00,2,2,1,0
2019-02-06T19:00,15.9,92,14.5,16.6,0.00,13,13,0,0
2019-02-06T20:00,15.1,96,14.4,15.7,0.00,16,14,4,0
2019-02-06T21:00,14.6,98,14.3,15.1,0.00,15,14,3,0
2019-02-06T22:00,14.3,100,14.2,14.8,0.00,13,12,1,0
2019-02-06T23:00,15.2,100,15.1,16.5,0.00,6,6,1,0
2019-02-07T00:00,18.4,92,17.0,20.8,0.00,5,7,1,0
2019-02-07T01:00,20.9,79,17.2,23.2,0.00,2,1,1,0
2019-02-07T02:00,23.3,72,18.0,25.4,0.00,2,0,2,0
2019-02-07T03:00,25.7,63,18.3,28.1,0.00,4,0,4,0
2019-02-07T04:00,27.4,49,15.8,28.2,0.00,5,0,5,0
2019-02-07T05:00,27.9,42,13.9,28.0,0.00,4,0,4,0
2019-02-07T06:00,27.3,46,14.8,27.4,0.00,3,0,3,0
2019-02-07T07:00,24.2,69,18.1,25.4,0.00,2,0,2,0
2019-02-07T08:00,23.8,71,18.2,26.2,0.00,2,1,2,0
2019-02-07T09:00,23.2,75,18.5,25.9,0.00,14,13,3,0
2019-02-07T10:00,19.8,91,18.2,21.9,0.00,39,37,5,0
2019-02-07T11:00,18.2,88,16.1,18.1,0.30,66,66,18,0
2019-02-07T12:00,17.9,85,15.4,17.9,0.00,94,97,1,0
2019-02-07T13:00,17.5,83,14.6,17.2,0.00,100,100,1,0
2019-02-07T14:00,17.0,82,13.9,16.5,0.10,100,100,3,0
2019-02-07T15:00,16.8,82,13.6,16.3,0.00,100,100,2,0
2019-02-07T16:00,17.0,81,13.7,17.4,0.00,97,97,3,0
2019-02-07T17:00,17.1,82,13.9,17.4,0.00,99,99,5,0
2019-02-07T18:00,16.8,83,13.9,17.3,0.00,99,99,12,0
2019-02-07T19:00,16.6,83,13.7,17.2,0.00,97,97,10,0
2019-02-07T20:00,16.5,83,13.7,16.8,0.10,99,98,18,0
2019-02-07T21:00,16.4,84,13.6,16.6,0.00,99,99,16,0
2019-02-07T22:00,16.2,85,13.7,16.4,0.00,98,98,12,0
2019-02-07T23:00,16.3,85,13.7,16.5,0.00,98,97,9,0
2019-02-08T00:00,17.2,80,13.7,16.9,0.00,99,89,10,0
2019-02-08T01:00,17.3,79,13.6,16.6,0.00,99,99,10,0
2019-02-08T02:00,17.5,78,13.7,16.7,0.00,89,89,0,0
2019-02-08T03:00,18.0,76,13.7,16.8,0.00,99,99,0,0
2019-02-08T04:00,18.1,75,13.6,16.8,0.00,96,96,0,0
2019-02-08T05:00,17.9,75,13.4,16.6,0.00,93,93,0,0
2019-02-08T06:00,17.8,75,13.4,16.5,0.00,92,92,0,0
2019-02-08T07:00,18.0,74,13.2,16.4,0.00,93,93,0,0
2019-02-08T08:00,17.9,73,13.1,16.5,0.00,80,80,0,0
2019-02-08T09:00,17.5,76,13.2,16.2,0.00,34,34,0,0
2019-02-08T10:00,16.7,80,13.3,15.8,0.00,57,57,0,0
2019-02-08T11:00,16.3,84,13.5,15.7,0.00,77,77,0,0
2019-02-08T12:00,16.7,82,13.7,17.1,0.00,77,76,3,0
2019-02-08T13:00,16.7,84,14.0,17.4,0.00,45,45,6,0
2019-02-08T14:00,16.2,88,14.2,16.9,0.00,57,57,9,0
2019-02-08T15:00,16.1,92,14.8,16.9,0.00,86,86,14,0
2019-02-08T16:00,16.6,89,14.8,17.6,0.00,99,99,22,0
2019-02-08T17:00,16.3,92,15.0,17.4,0.00,91,91,8,0
2019-02-08T18:00,16.2,92,14.9,17.2,0.00,78,77,7,0
2019-02-08T19:00,16.6,85,14.1,17.6,0.00,84,84,8,0
2019-02-08T20:00,16.4,87,14.3,17.6,0.00,93,92,6,0
2019-02-08T21:00,16.3,90,14.6,17.4,0.00,98,98,5,0
2019-02-08T22:00,16.3,89,14.5,17.3,0.00,97,97,7,0
2019-02-08T23:00,16.3,90,14.6,17.4,0.10,98,98,6,0
2019-02-09T00:00,16.8,87,14.6,17.4,0.40,96,91,21,0
2019-02-09T01:00,17.0,83,14.0,16.7,0.10,90,87,51,0
2019-02-09T02:00,17.3,80,13.9,16.6,0.00,100,100,89,0
2019-02-09T03:00,18.2,79,14.5,18.0,0.30,100,100,88,0
2019-02-09T04:00,17.6,84,14.8,17.8,0.50,99,98,89,0
2019-02-09T05:00,17.5,84,14.8,18.0,0.40,97,95,94,0
2019-02-09T06:00,17.1,85,14.5,17.5,0.30,97,94,92,0
2019-02-09T07:00,16.8,84,14.2,17.2,0.20,100,100,90,0
2019-02-09T08:00,16.6,83,13.7,16.7,0.10,100,100,75,0
2019-02-09T09:00,16.5,84,13.7,16.5,0.00,100,100,69,0
2019-02-09T10:00,16.1,84,13.4,15.8,0.00,100,100,65,0
2019-02-09T11:00,15.8,85,13.3,15.3,0.10,100,100,66,0
2019-02-09T12:00,15.9,85,13.4,15.2,0.10,100,99,36,0
2019-02-09T13:00,15.6,84,13.0,14.8,0.00,100,100,40,0
2019-02-09T14:00,15.4,85,12.8,14.9,0.00,99,99,41,0
2019-02-09T15:00,15.4,84,12.8,14.9,0.10,100,100,31,0
2019-02-09T16:00,15.2,85,12.7,14.8,0.00,100,100,29,0
2019-02-09T17:00,15.2,84,12.6,14.6,0.00,100,100,30,0
2019-02-09T18:00,15.1,85,12.6,14.4,0.00,100,99,33,0
2019-02-09T19:00,15.0,85,12.5,14.5,0.00,100,100,40,0
2019-02-09T20:00,15.1,85,12.6,14.7,0.00,99,99,45,0
2019-02-09T21:00,15.3,84,12.7,14.7,0.00,97,97,40,0
2019-02-09T22:00,15.4,85,12.8,14.8,0.00,87,86,30,0
2019-02-09T23:00,15.7,85,13.2,15.0,0.00,80,80,19,0
2019-02-10T00:00,17.4,84,14.7,17.3,0.00,98,33,34,0
2019-02-10T01:00,18.5,79,14.9,17.8,0.00,90,89,28,0
2019-02-10T02:00,19.4,75,14.9,18.4,0.00,100,100,20,0
2019-02-10T03:00,19.7,75,15.1,18.7,0.00,97,97,11,0
2019-02-10T04:00,19.6,77,15.5,18.6,0.00,94,94,7,0
2019-02-10T05:00,20.2,75,15.6,19.3,0.00,93,93,7,0
2019-02-10T06:00,20.8,73,15.8,20.0,0.00,100,100,20,0
2019-02-10T07:00,19.7,77,15.6,19.0,0.10,100,100,26,0
2019-02-10T08:00,18.9,80,15.4,18.4,0.00,83,82,28,0
2019-02-10T09:00,18.3,83,15.4,18.2,0.00,48,43,34,0
2019-02-10T10:00,17.4,87,15.3,17.6,0.00,50,21,48,0
2019-02-10T11:00,17.1,89,15.4,17.7,0.00,92,23,91,0
2019-02-10T12:00,17.3,90,15.6,18.0,0.00,84,50,82,0
2019-02-10T13:00,17.2,90,15.5,17.9,0.10,87,83,68,0
2019-02-10T14:00,16.8,91,15.3,17.4,0.10,98,98,47,0
2019-02-10T15:00,16.6,90,15.0,17.0,0.00,99,99,51,0
2019-02-10T16:00,16.3,90,14.7,16.7,0.00,99,99,58,0
2019-02-10T17:00,16.2,90,14.5,16.7,0.00,97,97,40,0
2019-02-10T18:00,16.2,89,14.3,16.8,0.00,100,100,24,0
2019-02-10T19:00,15.8,88,13.9,16.3,0.00,100,100,17,0
2019-02-10T20:00,15.5,88,13.5,16.0,0.00,99,99,14,0
2019-02-10T21:00,15.4,87,13.3,15.8,0.00,100,100,12,0
2019-02-10T22:00,15.3,86,13.1,15.6,0.00,100,100,8,0
2019-02-10T23:00,15.3,86,13.0,15.5,0.00,100,100,5,0
2019-02-11T00:00,16.2,86,13.9,16.2,0.00,100,100,0,0
2019-02-11T01:00,16.8,83,14.0,16.0,0.00,100,100,0,0
2019-02-11T02:00,17.4,79,13.8,16.1,0.00,100,100,0,0
2019-02-11T03:00,17.3,79,13.7,16.5,0.00,100,100,1,0
2019-02-11T04:00,17.8,76,13.6,16.7,0.00,100,100,2,0
2019-02-11T05:00,17.1,78,13.3,16.0,0.10,100,100,1,0
2019-02-11T06:00,17.1,78,13.1,15.8,0.00,99,99,1,0
2019-02-11T07:00,17.3,76,13.1,15.9,0.00,100,100,1,0
2019-02-11T08:00,17.6,76,13.2,15.8,0.00,100,100,1,0
2019-02-11T09:00,16.8,81,13.4,15.9,0.00,100,100,0,0
2019-02-11T10:00,16.3,82,13.2,15.2,0.00,100,100,2,0
2019-02-11T11:00,16.3,82,13.3,15.3,0.00,100,100,2,0
2019-02-11T12:00,16.5,85,13.9,15.4,0.00,88,95,1,0
2019-02-11T13:00,16.7,85,14.1,15.4,0.00,50,50,2,0
2019-02-11T14:00,16.6,86,14.2,15.3,0.00,98,98,7,0
2019-02-11T15:00,17.1,85,14.5,15.9,0.00,100,100,7,0
2019-02-11T16:00,17.4,84,14.7,16.4,0.00,100,100,3,0
2019-02-11T17:00,17.4,85,14.9,16.6,0.00,100,100,3,0
2019-02-11T18:00,17.4,87,15.2,16.6,0.00,96,96,2,0
2019-02-11T19:00,17.5,87,15.3,16.8,0.00,94,94,2,0
2019-02-11T20:00,17.6,87,15.3,17.0,0.00,99,99,5,0
2019-02-11T21:00,17.7,86,15.4,17.2,0.00,99,99,6,0
2019-02-11T22:00,18.1,85,15.6,17.8,0.00,100,100,10,0
2019-02-11T23:00,18.3,85,15.7,17.9,0.00,99,99,16,0
2019-02-12T00:00,19.2,85,16.7,19.6,0.00,98,97,23,0
2019-02-12T01:00,20.3,82,17.2,20.8,0.00,97,96,36,0
2019-02-12T02:00,21.5,78,17.4,21.4,0.00,97,96,40,0
2019-02-12T03:00,22.4,74,17.6,22.1,0.00,87,85,32,0
2019-02-12T04:00,22.9,73,17.8,22.7,0.00,75,72,24,0
2019-02-12T05:00,22.9,73,17.8,22.8,0.00,88,88,17,0
2019-02-12T06:00,22.4,76,17.9,22.4,0.00,29,24,22,0
2019-02-12T07:00,22.6,75,17.9,22.4,0.00,41,0,41,0
2019-02-12T08:00,22.7,73,17.7,22.5,0.00,62,37,56,0
2019-02-12T09:00,21.9,78,17.9,22.6,0.00,34,2,33,0
2019-02-12T10:00,20.7,85,18.0,21.6,0.00,37,0,37,0
2019-02-12T11:00,20.1,88,18.1,21.4,0.00,21,1,21,0
2019-02-12T12:00,18.8,95,18.0,21.0,0.00,12,24,15,0
2019-02-12T13:00,18.1,98,17.7,20.3,0.00,100,100,20,0
2019-02-12T14:00,18.1,96,17.5,20.1,0.00,100,100,19,0
2019-02-12T15:00,18.2,94,17.3,20.5,0.00,93,93,12,0
2019-02-12T16:00,18.2,94,17.3,20.6,0.00,95,95,3,0
2019-02-12T17:00,17.4,98,17.1,19.5,0.00,67,67,2,0
2019-02-12T18:00,17.4,98,17.1,19.4,0.00,100,100,4,0
2019-02-12T19:00,17.2,98,16.9,18.9,0.00,78,78,6,0
2019-02-12T20:00,17.2,96,16.5,18.9,0.10,90,90,9,0
2019-02-12T21:00,17.1,95,16.3,18.9,0.10,94,94,5,0
2019-02-12T22:00,17.0,94,16.1,18.9,0.10,100,100,4,0
2019-02-12T23:00,17.0,94,15.9,18.7,0.00,100,100,11,0
2019-02-13T00:00,18.2,89,16.4,19.8,0.00,100,58,9,0
2019-02-13T01:00,19.1,84,16.3,20.1,0.00,98,98,9,0
2019-02-13T02:00,19.3,81,16.0,19.8,0.00,100,100,6,0
2019-02-13T03:00,19.1,80,15.6,19.2,0.00,100,100,5,0
2019-02-13T04:00,19.2,79,15.5,19.0,0.00,100,100,4,0
2019-02-13T05:00,19.4,77,15.2,19.1,0.00,100,100,2,0
2019-02-13T06:00,19.1,78,15.1,18.9,0.00,100,100,9,0
2019-02-13T07:00,18.6,79,15.0,18.5,0.10,98,97,26,0
2019-02-13T08:00,18.5,80,15.0,18.4,0.10,98,97,35,0
2019-02-13T09:00,18.4,82,15.2,18.7,0.10,99,98,22,0
2019-02-13T10:00,18.0,83,15.1,18.3,0.00,99,99,6,0
2019-02-13T11:00,17.9,84,15.2,18.4,0.00,100,100,4,0
2019-02-13T12:00,18.5,86,16.2,19.1,0.00,100,99,3,0
2019-02-13T13:00,18.6,88,16.6,19.3,0.00,97,97,4,0
2019-02-13T14:00,18.9,88,16.9,19.5,0.00,69,69,8,0
2019-02-13T15:00,18.8,90,17.0,19.7,0.00,35,35,15,0
2019-02-13T16:00,18.7,91,17.2,19.9,0.00,42,42,13,0
2019-02-13T17:00,18.7,92,17.3,20.1,0.00,37,36,17,0
2019-02-13T18:00,18.8,92,17.4,20.3,0.00,35,31,31,0
2019-02-13T19:00,17.8,96,17.1,19.5,0.00,69,49,66,0
2019-02-13T20:00,18.3,94,17.3,20.4,0.00,96,96,90,0
2019-02-13T21:00,18.0,96,17.3,20.3,0.00,99,98,90,0
2019-02-13T22:00,18.1,95,17.3,20.6,0.10,89,85,76,0
2019-02-13T23:00,18.3,94,17.3,20.7,0.30,100,100,63,0
2019-02-14T00:00,18.9,94,18.0,21.5,0.20,100,100,71,0
2019-02-14T01:00,19.0,94,18.0,20.9,0.50,100,100,48,0
2019-02-14T02:00,19.1,87,16.9,20.1,0.10,80,67,60,23
2019-02-14T03:00,19.8,83,16.9,20.7,0.20,99,88,96,74
2019-02-14T04:00,19.6,84,16.9,20.3,0.50,100,87,100,86
2019-02-14T05:00,19.1,84,16.3,19.7,0.30,100,100,99,89
2019-02-14T06:00,18.8,85,16.3,19.5,0.10,100,100,70,90
2019-02-14T07:00,18.8,85,16.2,19.4,0.10,100,100,36,91
2019-02-14T08:00,18.6,85,16.0,19.3,0.00,99,94,26,91
2019-02-14T09:00,18.2,86,15.8,19.0,0.00,99,95,17,86
2019-02-14T10:00,17.8,87,15.6,18.7,0.00,100,99,30,82
2019-02-14T11:00,17.7,88,15.8,18.9,0.00,100,100,41,75
2019-02-14T12:00,17.8,90,16.2,19.4,0.00,100,100,60,77
2019-02-14T13:00,18.0,90,16.4,19.4,0.00,100,100,56,81
2019-02-14T14:00,17.8,92,16.5,19.1,0.00,99,96,56,81
2019-02-14T15:00,18.1,92,16.8,19.9,0.00,100,100,54,77
2019-02-14T16:00,18.2,94,17.2,20.4,0.10,94,81,78,67
2019-02-14T17:00,18.2,94,17.3,20.5,0.10,99,96,92,71
2019-02-14T18:00,18.2,95,17.5,20.5,0.00,100,100,90,62
2019-02-14T19:00,18.3,96,17.7,20.7,0.00,100,100,60,85
2019-02-14T20:00,18.2,97,17.7,20.3,0.00,100,96,32,100
2019-02-14T21:00,18.0,98,17.6,20.3,0.00,78,58,25,52
2019-02-14T22:00,17.8,98,17.5,20.0,0.00,99,99,9,0
2019-02-14T23:00,18.3,95,17.5,20.6,0.00,99,99,2,0
2019-02-15T00:00,19.1,92,17.8,21.4,0.00,89,100,2,0
2019-02-15T01:00,20.2,87,18.0,22.6,0.00,100,100,0,0
2019-02-15T02:00,21.3,84,18.4,23.6,0.00,90,90,0,0
2019-02-15T03:00,22.2,79,18.4,24.2,0.00,83,83,0,0
2019-02-15T04:00,23.2,74,18.3,25.0,0.00,36,36,0,0
2019-02-15T05:00,24.1,69,18.1,25.9,0.00,21,19,9,0
2019-02-15T06:00,24.9,64,17.6,27.1,0.00,21,3,21,0
2019-02-15T07:00,24.7,65,17.8,26.5,0.00,24,5,23,0
2019-02-15T08:00,23.8,69,17.8,25.6,0.00,8,4,7,0
2019-02-15T09:00,22.3,74,17.5,24.2,0.00,11,9,4,0
2019-02-15T10:00,18.8,90,17.2,20.5,0.00,11,9,4,0
2019-02-15T11:00,18.4,92,17.1,20.3,0.00,17,16,1,0
2019-02-15T12:00,18.3,96,17.6,20.0,0.00,31,20,4,0
2019-02-15T13:00,18.2,93,17.0,19.4,0.00,21,21,1,0
2019-02-15T14:00,17.7,94,16.7,18.6,0.00,13,13,1,0
2019-02-15T15:00,17.3,95,16.5,18.2,0.00,57,57,0,0
2019-02-15T16:00,17.6,93,16.4,18.6,0.00,100,100,4,0
2019-02-15T17:00,17.7,92,16.3,18.6,0.00,100,100,5,0
2019-02-15T18:00,17.5,90,15.9,18.3,0.00,100,100,4,0
2019-02-15T19:00,17.3,90,15.6,18.3,0.10,99,99,28,0
2019-02-15T20:00,17.1,89,15.3,18.2,0.10,100,100,49,0
2019-02-15T21:00,17.0,89,15.1,17.9,0.10,100,100,48,0
2019-02-15T22:00,16.8,89,15.0,17.9,0.20,100,100,47,41
2019-02-15T23:00,16.7,89,15.0,17.7,0.10,99,98,28,31
2019-02-16T00:00,18.3,87,16.0,18.8,0.10,100,94,18,91
2019-02-16T01:00,18.7,84,16.0,19.1,0.00,99,98,18,95
2019-02-16T02:00,19.0,83,16.1,19.1,0.00,100,100,10,96
2019-02-16T03:00,19.0,81,15.8,18.9,0.00,100,99,13,98
2019-02-16T04:00,18.8,80,15.3,18.5,0.00,100,99,13,99
2019-02-16T05:00,18.2,80,14.7,17.5,0.10,100,99,7,98
2019-02-16T06:00,17.9,79,14.3,17.2,0.10,100,98,7,98
2019-02-16T07:00,17.4,80,13.9,16.7,0.10,100,99,11,97
2019-02-16T08:00,16.8,81,13.5,16.2,0.10,100,100,35,96
2019-02-16T09:00,16.3,82,13.2,15.7,0.10,100,100,39,98
2019-02-16T10:00,16.0,83,13.2,15.6,0.10,99,79,17,99
2019-02-16T11:00,15.9,85,13.3,15.3,0.00,98,65,3,97
2019-02-16T12:00,16.1,84,13.3,15.5,0.00,98,97,2,95
2019-02-16T13:00,16.4,82,13.4,15.8,0.00,100,100,1,97
2019-02-16T14:00,16.4,83,13.5,16.1,0.00,100,100,2,97
2019-02-16T15:00,16.5,83,13.6,16.3,0.00,100,100,4,99
2019-02-16T16:00,16.3,85,13.7,16.0,0.00,100,100,3,97
2019-02-16T17:00,15.9,85,13.5,15.4,0.10,100,100,3,94
2019-02-16T18:00,15.4,84,12.7,14.4,0.10,100,100,4,95
2019-02-16T19:00,15.0,83,12.1,13.8,0.10,100,100,23,98
2019-02-16T20:00,14.8,84,12.0,14.0,0.00,100,100,30,98
2019-02-16T21:00,14.7,84,12.0,13.9,0.00,100,100,37,97
2019-02-16T22:00,14.7,84,12.0,13.7,0.00,100,100,1,98
2019-02-16T23:00,14.7,85,12.2,13.7,0.00,100,100,3,98
2019-02-17T00:00,15.5,83,12.7,14.6,0.00,100,100,2,96
2019-02-17T01:00,16.0,80,12.5,14.1,0.00,100,100,3,88
2019-02-17T02:00,16.8,76,12.4,14.5,0.00,100,100,1,84
2019-02-17T03:00,17.1,75,12.6,14.6,0.00,100,100,1,96
2019-02-17T04:00,17.1,75,12.6,14.7,0.00,100,100,2,74
2019-02-17T05:00,17.3,74,12.7,14.9,0.00,100,100,17,92
2019-02-17T06:00,17.0,76,12.7,14.7,0.00,100,100,23,95
2019-02-17T07:00,17.2,75,12.7,15.0,0.00,100,100,20,90
2019-02-17T08:00,16.8,79,13.1,14.9,0.00,100,100,2,95
2019-02-17T09:00,16.7,81,13.4,15.2,0.00,100,100,1,100
2019-02-17T10:00,16.6,81,13.4,15.1,0.00,100,100,1,100
2019-02-17T11:00,16.6,82,13.5,15.4,0.00,100,100,1,99
2019-02-17T12:00,16.8,83,13.9,15.7,0.00,100,100,1,98
2019-02-17T13:00,17.1,83,14.2,16.1,0.00,100,100,3,98
2019-02-17T14:00,17.2,84,14.5,16.2,0.00,100,99,5,96
2019-02-17T15:00,17.3,86,14.9,16.7,0.00,100,100,7,100
2019-02-17T16:00,17.5,86,15.2,16.9,0.00,100,100,10,61
2019-02-17T17:00,17.5,88,15.5,16.7,0.00,92,0,28,89
2019-02-17T18:00,17.6,88,15.5,17.0,0.10,85,3,32,79
2019-02-17T19:00,17.9,88,15.8,17.8,0.00,82,2,27,76
2019-02-17T20:00,18.1,89,16.3,18.3,0.10,100,100,13,81
2019-02-17T21:00,18.2,90,16.5,18.4,0.10,100,100,58,100
2019-02-17T22:00,18.6,89,16.7,19.1,0.10,100,100,18,100
2019-02-17T23:00,19.0,89,17.1,19.7,0.10,37,14,27,11
2019-02-18T00:00,19.6,89,17.6,20.8,0.00,79,93,63,99
2019-02-18T01:00,20.4,88,18.3,22.1,0.20,99,66,78,97
2019-02-18T02:00,20.9,87,18.7,22.4,0.30,100,15,36,100
2019-02-18T03:00,21.4,86,18.9,23.4,0.20,100,31,100,40
2019-02-18T04:00,21.6,86,19.1,24.7,0.30,97,58,40,93
2019-02-18T05:00,22.6,82,19.3,24.5,0.00,100,81,20,100
2019-02-18T06:00,22.0,83,18.9,24.0,0.00,100,19,15,100
2019-02-18T07:00,21.6,82,18.4,23.3,0.00,91,25,32,86
2019-02-18T08:00,20.6,85,17.9,22.6,0.00,97,51,31,95
2019-02-18T09:00,20.0,86,17.6,21.6,0.00,80,64,22,41
2019-02-18T10:00,19.0,90,17.4,20.8,0.00,99,88,12,93
2019-02-18T11:00,18.5,93,17.3,20.2,0.00,100,100,12,71
2019-02-18T12:00,18.2,95,17.5,20.4,0.00,100,100,6,69
2019-02-18T13:00,18.6,93,17.5,20.4,0.00,100,100,4,100
2019-02-18T14:00,18.5,94,17.5,20.3,0.00,100,100,5,100
2019-02-18T15:00,18.3,95,17.5,20.6,0.00,98,94,21,69
2019-02-18T16:00,17.8,98,17.5,20.2,0.00,100,100,9,59
2019-02-18T17:00,17.9,98,17.5,20.1,0.00,100,100,9,17
2019-02-18T18:00,17.8,98,17.6,19.6,0.00,100,100,11,76
2019-02-18T19:00,17.7,98,17.4,19.3,0.10,100,100,100,76
2019-02-18T20:00,17.6,97,17.1,18.7,0.20,100,98,96,94
2019-02-18T21:00,17.3,98,16.9,18.9,0.10,88,11,55,79
2019-02-18T22:00,16.8,100,16.8,18.9,0.00,90,24,78,79
2019-02-18T23:00,17.1,98,16.7,19.2,0.00,87,63,67,73
2019-02-19T00:00,17.9,92,16.6,19.8,0.00,81,21,23,80
2019-02-19T01:00,21.0,80,17.4,23.3,0.00,74,14,10,69
2019-02-19T02:00,23.3,73,18.2,25.3,0.00,47,0,2,46
2019-02-19T03:00,24.5,73,19.4,27.0,0.00,64,5,1,63
2019-02-19T04:00,25.3,70,19.4,28.2,0.00,88,15,3,87
2019-02-19T05:00,25.4,69,19.4,28.2,0.00,88,29,46,80
2019-02-19T06:00,24.6,70,18.8,27.1,0.00,89,54,69,74
2019-02-19T07:00,23.9,74,18.9,26.8,0.00,83,60,69,44
2019-02-19T08:00,22.9,78,18.8,24.9,0.00,55,40,6,46
2019-02-19T09:00,21.3,80,17.6,22.2,0.00,62,53,0,45
2019-02-19T10:00,19.3,87,17.0,19.9,0.00,74,40,0,63
2019-02-19T11:00,18.9,88,17.0,19.3,0.00,35,10,0,30
2019-02-19T12:00,18.8,92,17.5,20.4,0.00,25,5,3,26
2019-02-19T13:00,18.9,92,17.6,20.7,0.00,42,6,1,39
2019-02-19T14:00,18.8,93,17.7,20.6,0.00,63,9,2,61
2019-02-19T15:00,18.7,94,17.7,20.6,0.00,69,13,1,66
2019-02-19T16:00,18.6,94,17.6,20.4,0.00,28,14,9,19
2019-02-19T17:00,18.5,94,17.6,20.3,0.00,20,10,16,0
2019-02-19T18:00,18.6,94,17.6,20.2,0.00,14,7,12,0
2019-02-19T19:00,18.6,94,17.6,20.4,0.00,6,5,3,0
2019-02-19T20:00,18.3,95,17.5,20.1,0.00,3,3,1,0
2019-02-19T21:00,17.2,97,16.8,18.7,0.00,8,8,0,0
2019-02-19T22:00,17.5,97,17.0,19.3,0.00,20,20,1,0
2019-02-19T23:00,18.0,98,17.6,20.3,0.00,56,54,5,0
2019-02-20T00:00,20.8,89,18.9,23.8,0.00,73,16,1,0
2019-02-20T01:00,23.4,81,20.0,26.5,0.00,9,9,0,0
2019-02-20T02:00,25.6,70,19.8,28.9,0.00,2,2,1,0
2019-02-20T03:00,27.2,63,19.6,31.0,0.00,5,2,5,0
2019-02-20T04:00,28.1,60,19.5,32.3,0.00,18,17,9,0
2019-02-20T05:00,27.5,63,19.8,30.8,0.10,34,31,27,0
2019-02-20T06:00,26.7,66,19.9,29.6,0.40,44,41,28,0
2019-02-20T07:00,26.1,69,19.9,29.2,0.40,37,35,15,0
2019-02-20T08:00,25.8,70,20.0,28.9,0.10,35,34,4,0
2019-02-20T09:00,24.7,77,20.3,28.0,0.00,31,30,1,0
2019-02-20T10:00,22.4,89,20.5,26.0,0.00,33,33,1,0
2019-02-20T11:00,21.4,94,20.4,25.0,0.00,56,56,2,0
2019-02-20T12:00,20.9,94,19.8,24.3,0.00,74,94,0,0
2019-02-20T13:00,20.9,93,19.7,24.0,0.00,99,99,4,0
2019-02-20T14:00,20.8,93,19.6,24.0,0.00,96,96,6,0
2019-02-20T15:00,20.7,93,19.5,24.0,0.10,100,100,2,0
2019-02-20T16:00,20.5,94,19.5,23.8,0.00,100,100,2,0
2019-02-20T17:00,20.4,94,19.4,23.7,0.10,100,100,1,0
2019-02-20T18:00,20.3,95,19.4,23.7,0.10,100,100,2,0
2019-02-20T19:00,20.2,95,19.3,23.2,0.10,100,100,3,0
2019-02-20T20:00,19.9,94,18.9,22.4,0.10,100,100,5,0
2019-02-20T21:00,19.4,92,18.0,21.1,0.10,91,91,1,0
2019-02-20T22:00,19.0,91,17.5,20.7,0.10,100,100,1,0
2019-02-20T23:00,19.0,92,17.6,20.8,0.00,100,100,1,0
2019-02-21T00:00,19.9,91,18.4,21.4,0.00,96,85,1,0
2019-02-21T01:00,21.4,84,18.5,22.6,0.00,67,67,5,0
2019-02-21T02:00,23.3,77,19.1,24.9,0.00,100,100,5,0
2019-02-21T03:00,22.8,81,19.3,24.7,0.30,100,100,36,0
2019-02-21T04:00,23.0,80,19.4,24.9,0.20,75,73,35,0
2019-02-21T05:00,22.8,81,19.4,24.9,0.10,95,95,28,0
2019-02-21T06:00,22.9,81,19.5,25.2,0.10,100,100,24,0
2019-02-21T07:00,22.5,82,19.3,25.2,0.00,100,100,41,0
2019-02-21T08:00,21.9,83,18.9,24.1,0.20,99,99,12,0
2019-02-21T09:00,20.9,84,18.1,22.7,0.00,89,89,6,0
2019-02-21T10:00,19.9,87,17.7,21.8,0.00,100,100,6,0
2019-02-21T11:00,19.7,88,17.7,21.7,0.00,98,98,11,0
2019-02-21T12:00,19.8,94,18.9,23.1,0.20,98,99,38,0
2019-02-21T13:00,19.8,93,18.7,22.6,0.10,100,100,61,0
2019-02-21T14:00,19.7,95,18.8,22.4,0.20,100,100,41,3
2019-02-21T15:00,19.5,95,18.7,22.1,0.30,100,100,15,1
2019-02-21T16:00,18.9,95,18.1,21.0,0.40,100,100,15,77
2019-02-21T17:00,18.5,94,17.4,20.4,0.20,100,100,13,71
2019-02-21T18:00,18.1,93,17.0,20.1,0.10,100,100,14,66
2019-02-21T19:00,17.7,93,16.5,19.3,0.30,100,100,7,0
2019-02-21T20:00,17.4,92,16.1,19.0,0.20,100,100,10,1
2019-02-21T21:00,17.1,93,15.9,18.6,0.20,100,100,31,0
2019-02-21T22:00,16.9,93,15.7,18.2,0.20,100,100,11,0
2019-02-21T23:00,16.7,91,15.3,18.2,0.20,100,100,55,23
2019-02-22T00:00,18.2,86,15.8,19.4,0.10,100,100,14,0
2019-02-22T01:00,18.5,83,15.6,19.6,0.10,100,100,1,1
2019-02-22T02:00,18.2,84,15.5,18.9,0.20,100,100,14,1
2019-02-22T03:00,19.0,80,15.5,19.7,0.10,100,100,3,1
2019-02-22T04:00,18.4,80,14.9,18.7,0.10,100,100,3,0
2019-02-22T05:00,18.3,78,14.4,18.4,0.10,100,100,1,1
2019-02-22T06:00,18.0,77,13.9,17.7,0.10,100,100,1,1
2019-02-22T07:00,17.7,75,13.3,17.1,0.10,100,100,1,0
2019-02-22T08:00,16.9,77,12.9,16.3,0.10,100,100,1,0
2019-02-22T09:00,16.4,78,12.6,15.9,0.10,100,100,2,0
2019-02-22T10:00,16.2,78,12.4,16.0,0.00,100,100,5,0
2019-02-22T11:00,16.0,78,12.2,15.7,0.00,100,100,7,0
2019-02-22T12:00,16.3,81,13.0,16.1,0.00,74,96,14,0
2019-02-22T13:00,15.9,79,12.2,15.1,0.00,98,98,15,0
2019-02-22T14:00,15.6,77,11.5,14.5,0.00,100,100,15,0
2019-02-22T15:00,15.3,78,11.5,14.2,0.00,100,100,16,0
2019-02-22T16:00,14.9,80,11.4,13.7,0.10,100,100,26,0
2019-02-22T17:00,14.7,79,11.1,13.6,0.10,100,100,22,0
2019-02-22T18:00,14.4,79,10.8,13.2,0.00,100,100,15,0
2019-02-22T19:00,14.1,78,10.3,13.0,0.00,100,100,33,0
2019-02-22T20:00,14.0,77,10.0,12.9,0.10,100,100,41,0
2019-02-22T21:00,13.8,77,9.9,12.7,0.00,100,100,33,0
2019-02-22T22:00,13.7,77,9.7,12.7,0.00,100,100,17,0
2019-02-22T23:00,13.7,77,9.8,12.4,0.00,100,100,20,0
2019-02-23T00:00,14.7,76,10.6,12.5,0.00,100,80,7,0
2019-02-23T01:00,15.9,69,10.3,12.9,0.00,100,100,10,2
2019-02-23T02:00,16.1,70,10.6,13.3,0.00,100,100,9,5
2019-02-23T03:00,16.4,70,10.8,13.9,0.00,100,100,9,8
2019-02-23T04:00,16.2,69,10.6,13.7,0.10,100,100,17,3
2019-02-23T05:00,15.6,71,10.4,13.2,0.10,100,100,26,0
2019-02-23T06:00,15.7,70,10.3,13.3,0.00,100,100,49,0
2019-02-23T07:00,15.3,72,10.4,12.8,0.00,100,99,68,67
2019-02-23T08:00,15.4,72,10.3,12.5,0.00,94,91,82,86
2019-02-23T09:00,15.1,76,10.9,12.9,0.00,98,40,92,94
2019-02-23T10:00,14.7,79,11.2,13.2,0.30,100,100,100,78
2019-02-23T11:00,14.2,87,12.0,13.2,3.50,97,77,94,80
2019-02-23T12:00,14.6,84,11.9,13.6,0.50,100,100,100,57
2019-02-23T13:00,14.5,86,12.2,13.4,0.40,100,80,100,97
2019-02-23T14:00,14.3,89,12.5,13.2,0.30,100,18,96,100
2019-02-23T15:00,14.2,87,12.2,13.1,0.50,97,88,95,4
2019-02-23T16:00,14.8,84,12.2,13.2,0.10,95,8,95,0
2019-02-23T17:00,15.0,84,12.3,13.8,0.10,99,19,99,0
2019-02-23T18:00,15.0,88,13.0,14.1,0.40,100,86,100,0
2019-02-23T19:00,15.0,90,13.3,14.5,0.30,99,99,58,12
2019-02-23T20:00,15.1,90,13.5,14.8,0.70,99,94,99,16
2019-02-23T21:00,15.0,90,13.3,14.7,0.50,99,99,94,40
2019-02-23T22:00,14.8,89,12.9,14.1,0.40,100,100,98,50
2019-02-23T23:00,14.7,90,13.0,14.4,1.50,100,98,100,36
2019-02-24T00:00,15.3,90,13.6,14.3,2.90,100,0,100,51
2019-02-24T01:00,15.7,93,14.5,15.4,2.80,100,30,100,60
2019-02-24T02:00,16.4,90,14.7,16.1,3.40,100,87,100,78
2019-02-24T03:00,16.4,87,14.2,15.9,1.20,100,0,100,27
2019-02-24T04:00,16.1,88,14.1,15.3,1.20,100,45,100,36
2019-02-24T05:00,16.6,86,14.3,16.1,1.90,100,90,100,99
2019-02-24T06:00,16.1,88,14.2,16.2,2.40,100,14,100,11
2019-02-24T07:00,16.4,88,14.4,16.3,2.30,100,1,100,24
2019-02-24T08:00,16.1,89,14.3,16.1,1.30,100,22,100,2
2019-02-24T09:00,15.6,90,14.0,15.6,1.30,91,81,87,0
2019-02-24T10:00,15.4,90,13.8,15.7,0.70,97,76,96,0
2019-02-24T11:00,15.3,90,13.7,15.6,0.20,91,25,90,0
2019-02-24T12:00,15.5,90,13.9,16.0,0.00,93,39,66,0
2019-02-24T13:00,15.6,89,13.8,15.9,0.00,89,86,52,0
2019-02-24T14:00,15.5,90,13.9,16.3,0.00,95,93,58,0
2019-02-24T15:00,15.7,92,14.3,16.6,0.00,100,99,54,0
2019-02-24T16:00,15.8,92,14.5,17.1,0.10,100,100,88,0
2019-02-24T17:00,15.7,93,14.6,17.1,0.20,100,100,75,0
2019-02-24T18:00,15.7,93,14.5,17.0,0.10,100,100,80,0
2019-02-24T19:00,15.6,94,14.7,16.9,0.00,98,97,86,0
2019-02-24T20:00,15.6,94,14.7,16.9,0.00,98,98,76,0
2019-02-24T21:00,15.6,94,14.7,16.9,0.00,100,100,84,0
2019-02-24T22:00,15.8,95,15.0,17.0,0.00,100,100,53,0
2019-02-24T23:00,16.0,94,15.1,16.9,0.00,100,100,42,0
2019-02-25T00:00,16.7,90,15.1,17.3,0.00,100,100,1,0
2019-02-25T01:00,17.7,86,15.3,19.1,0.00,100,100,1,0
2019-02-25T02:00,18.4,83,15.5,19.4,0.10,100,100,5,0
2019-02-25T03:00,18.7,81,15.4,19.3,0.10,100,100,16,0
2019-02-25T04:00,19.1,78,15.3,19.3,0.10,100,100,27,0
2019-02-25T05:00,19.0,78,15.0,19.1,0.10,100,100,30,0
2019-02-25T06:00,18.8,78,14.8,18.9,0.10,100,100,26,0
2019-02-25T07:00,18.6,78,14.6,18.7,0.00,100,100,25,0
2019-02-25T08:00,18.3,79,14.5,18.2,0.00,100,100,21,0
2019-02-25T09:00,17.8,81,14.4,18.0,0.00,98,98,15,0
2019-02-25T10:00,17.2,81,13.8,17.3,0.00,100,100,13,0
2019-02-25T11:00,17.0,81,13.7,17.1,0.00,100,100,6,0
2019-02-25T12:00,16.9,84,14.1,17.1,0.00,98,100,6,0
2019-02-25T13:00,17.0,83,14.0,17.0,0.00,99,99,8,0
2019-02-25T14:00,16.8,83,13.9,16.6,0.00,97,96,35,0
2019-02-25T15:00,16.8,83,13.9,16.7,0.00,100,100,32,0
2019-02-25T16:00,16.7,83,13.7,16.7,0.00,100,100,86,0
2019-02-25T17:00,16.6,82,13.5,16.8,0.10,96,95,27,0
2019-02-25T18:00,16.1,85,13.5,16.1,0.00,30,21,17,0
2019-02-25T19:00,15.7,88,13.7,15.5,0.00,95,94,33,0
2019-02-25T20:00,16.2,84,13.5,15.6,0.00,98,97,85,0
2019-02-25T21:00,16.3,82,13.2,15.7,0.00,95,93,83,0
2019-02-25T22:00,16.3,82,13.2,15.6,0.00,100,35,100,0
2019-02-25T23:00,16.3,83,13.4,15.5,0.00,100,8,100,0
2019-02-26T00:00,17.2,83,14.3,17.2,0.00,64,66,66,0
2019-02-26T01:00,17.8,80,14.3,16.8,0.00,64,30,59,0
2019-02-26T02:00,18.8,75,14.2,17.4,0.00,82,76,72,0
2019-02-26T03:00,18.8,75,14.4,17.6,0.00,100,97,100,0
2019-02-26T04:00,18.6,74,13.9,17.5,0.00,97,65,96,0
2019-02-26T05:00,19.5,71,14.1,18.5,0.00,81,78,35,0
2019-02-26T06:00,19.6,72,14.5,18.7,0.00,99,99,53,0
2019-02-26T07:00,19.3,71,14.0,18.2,0.00,99,70,98,0
2019-02-26T08:00,19.4,71,14.1,18.4,0.00,97,64,96,0
2019-02-26T09:00,18.9,74,14.3,18.0,0.00,38,25,29,0
2019-02-26T10:00,18.2,77,14.0,17.1,0.00,44,1,1,44
2019-02-26T11:00,17.4,81,14.0,16.4,0.00,95,9,0,95
2019-02-26T12:00,17.4,85,14.8,16.7,0.00,92,5,0,95
2019-02-26T13:00,17.8,85,15.2,17.4,0.00,98,1,0,98
2019-02-26T14:00,17.6,87,15.5,17.7,0.00,73,0,0,73
2019-02-26T15:00,17.1,91,15.6,17.6,0.00,5,0,1,4
2019-02-26T16:00,15.7,94,14.7,16.2,0.00,2,0,2,0
2019-02-26T17:00,17.1,89,15.4,18.8,0.00,3,2,2,0
2019-02-26T18:00,14.5,97,14.1,14.8,0.00,7,6,2,0
2019-02-26T19:00,14.0,99,13.8,14.2,0.00,29,28,2,1
2019-02-26T20:00,14.8,97,14.3,15.5,0.00,44,44,1,0
2019-02-26T21:00,15.4,95,14.6,15.9,0.00,100,100,0,0
2019-02-26T22:00,15.9,94,14.9,16.7,0.00,100,100,0,0
2019-02-26T23:00,16.3,94,15.3,17.2,0.00,89,89,3,0
2019-02-27T00:00,18.0,90,16.2,19.5,0.00,49,73,6,0
2019-02-27T01:00,19.7,83,16.8,21.6,0.00,66,64,14,0
2019-02-27T02:00,21.9,73,16.9,24.1,0.00,59,58,9,0
2019-02-27T03:00,23.4,68,17.2,25.8,0.00,79,79,2,0
2019-02-27T04:00,24.3,64,17.1,26.2,0.00,95,95,2,0
2019-02-27T05:00,24.7,65,17.7,27.7,0.00,18,18,1,0
2019-02-27T06:00,25.2,65,18.2,28.0,0.00,80,80,1,0
2019-02-27T07:00,25.6,64,18.3,28.2,0.00,98,98,1,0
2019-02-27T08:00,25.2,66,18.5,27.6,0.00,100,100,1,0
2019-02-27T09:00,23.7,74,18.9,26.1,0.00,94,94,1,0
2019-02-27T10:00,21.2,87,19.0,23.8,0.00,33,33,0,0
2019-02-27T11:00,19.6,95,18.8,22.3,0.00,19,19,0,0
2019-02-27T12:00,20.1,90,18.4,22.4,0.00,25,22,0,5
2019-02-27T13:00,19.9,89,18.1,22.6,0.00,17,8,0,12
2019-02-27T14:00,19.4,92,18.0,22.0,0.00,9,2,0,7
2019-02-27T15:00,18.9,94,18.0,21.4,0.00,23,16,2,9
2019-02-27T16:00,17.4,98,17.1,19.3,0.00,34,31,7,4
2019-02-27T17:00,16.9,99,16.8,18.7,0.00,30,29,9,3
2019-02-27T18:00,17.7,99,17.6,20.1,0.00,100,100,10,1
2019-02-27T19:00,17.7,99,17.6,20.2,0.00,100,100,10,0
2019-02-27T20:00,17.6,99,17.4,19.4,0.00,92,92,15,0
2019-02-27T21:00,17.8,91,16.3,18.8,0.00,100,100,21,0
2019-02-27T22:00,17.6,89,15.7,18.8,0.00,100,100,8,0
2019-02-27T23:00,17.6,88,15.6,18.6,0.00,100,100,3,0
2019-02-28T00:00,19.1,85,16.6,19.9,0.00,100,95,1,1
2019-02-28T01:00,20.1,80,16.6,20.5,0.00,100,100,1,2
2019-02-28T02:00,20.7,79,16.9,21.0,0.00,100,100,8,2
2019-02-28T03:00,20.4,80,16.9,20.8,0.10,100,100,19,0
2019-02-28T04:00,19.6,81,16.2,19.5,0.10,100,100,31,0
2019-02-28T05:00,19.0,81,15.6,18.7,0.00,81,81,21,0
2019-02-28T06:00,18.7,80,15.3,18.5,0.00,100,100,13,0
2019-02-28T07:00,18.5,80,14.9,18.1,0.00,100,100,32,0
2019-02-28T08:00,18.0,80,14.5,17.6,0.00,100,100,42,0
2019-02-28T09:00,17.8,79,14.0,17.1,0.00,100,100,33,0
2019-02-28T10:00,17.2,82,14.1,16.9,0.00,100,100,26,0
2019-02-28T11:00,17.0,83,14.1,16.8,0.00,100,100,20,0
2019-02-28T12:00,16.8,84,14.0,16.7,0.00,100,100,41,0
2019-02-28T13:00,16.8,84,14.2,16.7,0.00,98,97,52,0
2019-02-28T14:00,16.7,84,14.0,16.9,0.10,94,93,41,0
2019-02-28T15:00,16.6,86,14.2,16.9,0.00,86,84,32,0
2019-02-28T16:00,16.4,88,14.4,16.8,0.00,85,83,38,0
2019-02-28T17:00,16.6,87,14.4,16.9,0.00,95,95,25,0
2019-02-28T18:00,16.6,88,14.6,16.9,0.00,53,51,21,0
2019-02-28T19:00,16.7,88,14.7,17.1,0.00,98,98,23,0
2019-02-28T20:00,16.7,87,14.6,17.1,0.00,100,100,31,0
2019-02-28T21:00,16.9,86,14.5,17.3,0.00,100,100,37,0
2019-02-28T22:00,16.8,86,14.5,17.2,0.00,100,100,21,0
2019-02-28T23:00,17.0,86,14.7,17.1,0.00,100,100,10,0
2019-03-01T00:00,18.7,83,15.8,18.3,0.00,100,83,2,0
2019-03-01T01:00,20.1,78,16.0,19.1,0.00,100,100,1,0
2019-03-01T02:00,20.9,76,16.5,20.1,0.00,100,100,3,0
2019-03-01T03:00,22.1,72,16.9,21.7,0.00,100,100,8,0
2019-03-01T04:00,22.0,75,17.4,22.0,0.00,98,98,7,0
2019-03-01T05:00,21.2,79,17.4,21.4,0.00,100,100,4,0
2019-03-01T06:00,21.4,79,17.6,21.6,0.00,34,33,8,0
2019-03-01T07:00,21.4,78,17.5,21.5,0.00,98,98,11,0
2019-03-01T08:00,20.7,81,17.3,21.1,0.00,100,100,11,0
2019-03-01T09:00,19.9,83,17.0,20.3,0.00,69,69,19,0
2019-03-01T10:00,19.0,87,16.7,19.6,0.00,49,48,25,0
2019-03-01T11:00,18.8,88,16.8,19.6,0.00,37,35,27,0
2019-03-01T12:00,18.4,92,17.0,19.4,0.00,47,85,29,0
2019-03-01T13:00,18.8,91,17.2,20.3,0.00,98,98,39,0
2019-03-01T14:00,19.1,90,17.5,20.9,0.00,98,98,55,0
2019-03-01T15:00,18.8,90,17.1,20.4,0.10,99,99,71,0
2019-03-01T16:00,18.7,90,17.1,20.6,0.10,90,88,69,0
2019-03-01T17:00,18.5,91,17.1,20.5,0.10,81,76,56,0
2019-03-01T18:00,18.4,92,17.1,20.4,0.00,77,74,40,0
2019-03-01T19:00,18.2,94,17.2,20.2,0.00,82,79,39,0
2019-03-01T20:00,17.9,96,17.3,20.1,0.00,84,84,32,0
2019-03-01T21:00,17.7,97,17.2,19.6,0.00,97,97,24,0
2019-03-01T22:00,18.3,94,17.2,20.6,0.00,88,88,23,0
2019-03-01T23:00,18.4,94,17.5,20.8,0.00,82,82,16,0
2019-03-02T00:00,19.8,89,17.9,21.9,0.00,69,99,11,0
2019-03-02T01:00,21.3,83,18.3,23.8,0.00,78,78,6,0
2019-03-02T02:00,23.1,77,18.9,26.3,0.00,14,14,4,0
2019-03-02T03:00,25.0,71,19.4,28.6,0.00,6,6,2,0
2019-03-02T04:00,26.1,67,19.4,29.1,0.00,3,2,1,0
2019-03-02T05:00,25.0,73,19.9,27.8,0.00,27,26,10,0
2019-03-02T06:00,25.0,72,19.6,27.8,0.00,32,29,22,0
2019-03-02T07:00,24.0,75,19.4,26.0,0.00,46,45,20,0
2019-03-02T08:00,22.6,80,18.9,24.7,0.00,75,74,27,0
2019-03-02T09:00,21.7,82,18.5,24.1,0.00,63,62,18,0
2019-03-02T10:00,20.5,90,18.8,23.5,0.00,55,54,16,0
2019-03-02T11:00,20.4,87,18.3,23.3,0.00,59,58,18,0
2019-03-02T12:00,20.9,86,18.6,23.8,0.00,75,36,24,0
2019-03-02T13:00,20.3,92,18.9,23.1,0.00,56,49,30,0
2019-03-02T14:00,20.0,94,18.9,22.6,0.00,39,33,19,0
2019-03-02T15:00,20.1,93,18.9,23.1,0.00,67,63,23,0
2019-03-02T16:00,19.4,96,18.7,21.9,0.00,42,38,18,0
2019-03-02T17:00,18.8,98,18.4,21.2,0.00,85,84,23,0
2019-03-02T18:00,18.9,97,18.5,21.8,0.10,95,95,35,0
2019-03-02T19:00,19.1,95,18.3,21.8,0.30,99,99,32,0
2019-03-02T20:00,18.9,95,18.1,21.5,0.20,99,99,44,1
2019-03-02T21:00,18.7,96,18.1,21.3,0.20,100,100,62,1
2019-03-02T22:00,18.7,96,18.0,21.1,0.60,99,98,94,7
2019-03-02T23:00,18.9,96,18.2,21.3,0.20,96,94,81,10
2019-03-03T00:00,20.0,91,18.4,22.9,0.10,93,42,84,58
2019-03-03T01:00,21.0,87,18.8,23.7,0.20,99,23,99,31
2019-03-03T02:00,21.7,86,19.2,23.6,0.40,100,20,100,14
2019-03-03T03:00,20.5,90,18.7,21.2,0.40,99,99,99,20
2019-03-03T04:00,17.5,89,15.6,18.0,1.10,100,100,99,25
2019-03-03T05:00,17.7,91,16.2,18.4,4.30,100,99,100,93
2019-03-03T06:00,17.9,92,16.5,18.5,2.40,100,32,100,85
2019-03-03T07:00,18.0,92,16.7,19.1,1.20,100,44,100,99
2019-03-03T08:00,17.9,92,16.6,19.4,0.50,100,51,99,0
2019-03-03T09:00,17.8,91,16.3,19.7,0.20,100,18,100,0
2019-03-03T10:00,17.3,94,16.3,19.1,0.00,32,10,29,3
2019-03-03T11:00,17.1,91,15.6,18.6,0.00,75,16,73,0
2019-03-03T12:00,16.6,85,14.1,17.2,0.00,76,18,64,0
2019-03-03T13:00,16.6,87,14.3,17.1,0.00,25,17,16,0
2019-03-03T14:00,15.9,91,14.4,16.8,0.00,14,14,1,0
2019-03-03T15:00,15.1,95,14.3,16.1,0.00,39,39,1,0
2019-03-03T16:00,15.8,93,14.7,16.8,0.00,84,84,1,0
2019-03-03T17:00,15.9,95,15.0,17.0,0.00,100,100,12,0
2019-03-03T18:00,16.0,95,15.1,17.3,0.00,100,100,16,0
2019-03-03T19:00,15.8,95,15.0,17.4,0.00,98,98,6,0
2019-03-03T20:00,15.6,92,14.3,16.8,0.00,46,46,1,0
2019-03-03T21:00,15.0,91,13.6,15.7,0.00,28,28,0,0
2019-03-03T22:00,13.7,95,12.9,14.1,0.00,100,100,0,0
2019-03-03T23:00,15.2,90,13.6,15.6,0.00,100,100,0,0
2019-03-04T00:00,16.9,84,14.1,17.6,0.00,100,90,0,0
2019-03-04T01:00,17.9,77,13.8,17.5,0.00,100,100,0,0
2019-03-04T02:00,18.4,74,13.6,17.8,0.00,100,100,0,0
2019-03-04T03:00,18.4,71,13.1,17.3,0.00,96,96,0,0
2019-03-04T04:00,18.5,70,12.9,17.2,0.00,97,97,0,0
2019-03-04T05:00,18.9,70,13.2,17.3,0.00,93,93,0,0
2019-03-04T06:00,18.4,70,12.9,16.5,0.00,69,69,0,0
2019-03-04T07:00,18.0,70,12.4,15.8,0.00,55,55,0,0
2019-03-04T08:00,17.6,70,12.0,15.2,0.00,37,37,0,0
2019-03-04T09:00,16.8,71,11.6,14.3,0.00,6,6,0,0
2019-03-04T10:00,15.5,76,11.2,13.2,0.00,27,27,0,1
2019-03-04T11:00,15.0,77,11.0,12.6,0.00,11,9,0,3
2019-03-04T12:00,15.4,77,11.4,13.1,0.00,96,14,0,87
2019-03-04T13:00,15.9,76,11.6,13.6,0.00,82,2,0,82
2019-03-04T14:00,16.1,76,11.8,13.8,0.00,91,1,0,91
2019-03-04T15:00,16.4,75,12.1,14.2,0.00,95,23,5,93
2019-03-04T16:00,16.9,75,12.5,15.0,0.00,97,23,15,97
2019-03-04T17:00,16.9,77,12.8,15.0,0.00,98,29,12,98
2019-03-04T18:00,17.1,77,13.1,15.6,0.00,95,45,9,91
2019-03-04T19:00,17.2,77,13.2,15.6,0.00,100,42,6,100
2019-03-04T20:00,17.3,78,13.3,15.9,0.00,98,40,13,97
2019-03-04T21:00,17.3,78,13.5,16.0,0.00,97,47,12,95
2019-03-04T22:00,17.4,78,13.6,16.1,0.00,100,24,7,99
2019-03-04T23:00,17.9,79,14.3,16.9,0.00,99,17,16,99
2019-03-05T00:00,19.4,77,15.3,18.9,0.00,100,3,6,100
2019-03-05T01:00,20.5,75,16.0,20.1,0.00,100,5,13,100
2019-03-05T02:00,21.4,70,15.6,20.3,0.00,98,2,5,98
2019-03-05T03:00,22.2,69,16.2,21.2,0.00,38,1,12,34
2019-03-05T04:00,24.2,64,16.8,24.4,0.00,96,0,15,96
2019-03-05T05:00,23.5,68,17.2,23.2,0.10,65,1,65,0
2019-03-05T06:00,24.3,65,17.3,24.8,0.00,6,1,4,2
2019-03-05T07:00,24.2,66,17.4,24.6,0.00,10,9,2,0
2019-03-05T08:00,23.8,68,17.5,24.4,0.00,22,17,15,0
2019-03-05T09:00,22.9,73,17.9,24.3,0.00,42,5,40,0
2019-03-05T10:00,22.6,73,17.4,25.1,0.00,69,11,67,4
2019-03-05T11:00,20.4,85,17.7,21.6,0.00,65,26,59,21
2019-03-05T12:00,16.9,94,15.9,17.1,0.10,100,98,57,19
2019-03-05T13:00,16.3,92,15.1,16.7,0.20,33,27,19,13
2019-03-05T14:00,15.4,97,14.9,15.8,0.10,78,70,40,16
2019-03-05T15:00,15.6,95,14.8,16.9,0.10,63,26,57,20
2019-03-05T16:00,15.7,95,14.8,16.2,0.20,45,12,40,21
2019-03-05T17:00,15.5,96,14.8,15.7,0.50,96,12,53,94
2019-03-05T18:00,15.7,96,15.0,16.2,1.40,66,55,33,42
2019-03-05T19:00,15.6,97,15.2,15.9,0.20,56,9,53,1
2019-03-05T20:00,15.6,97,15.2,16.6,0.10,79,0,65,65
2019-03-05T21:00,15.1,98,14.8,15.7,0.00,76,0,31,72
2019-03-05T22:00,15.5,95,14.7,16.2,0.00,91,0,91,7
2019-03-05T23:00,16.2,95,15.4,17.2,0.00,91,10,90,13
2019-03-06T00:00,18.3,89,16.5,20.0,0.00,86,1,8,0
2019-03-06T01:00,20.3,82,17.2,21.6,0.00,14,1,14,0
2019-03-06T02:00,21.3,76,17.0,22.6,0.00,36,14,13,23
2019-03-06T03:00,21.2,76,16.8,22.4,0.00,76,65,6,39
2019-03-06T04:00,20.5,74,15.8,21.1,0.00,72,40,37,52
2019-03-06T05:00,20.3,73,15.4,20.8,0.00,90,62,24,84
2019-03-06T06:00,19.0,73,14.0,18.5,0.00,100,100,34,16
2019-03-06T07:00,18.1,74,13.4,17.3,0.00,98,97,59,0
2019-03-06T08:00,17.3,73,12.5,16.1,0.00,100,100,73,5
2019-03-06T09:00,16.7,74,12.1,15.8,0.10,100,100,86,93
2019-03-06T10:00,16.2,76,12.0,15.7,0.30,100,100,100,19
2019-03-06T11:00,15.4,86,13.1,15.7,1.10,100,90,100,94
2019-03-06T12:00,15.9,89,14.0,16.5,1.20,100,3,100,100
2019-03-06T13:00,15.7,87,13.6,16.4,2.10,100,2,100,100
2019-03-06T14:00,15.3,89,13.6,15.6,2.60,100,1,100,96
2019-03-06T15:00,15.3,90,13.6,16.0,1.30,100,44,96,100
2019-03-06T16:00,15.3,90,13.6,15.9,0.50,100,100,97,89
2019-03-06T17:00,15.2,84,12.5,14.8,0.10,98,92,97,0
2019-03-06T18:00,14.9,82,11.8,14.3,0.10,100,100,100,0
2019-03-06T19:00,14.5,86,12.1,14.4,0.30,100,99,100,32
2019-03-06T20:00,14.3,88,12.3,14.3,0.60,95,32,94,35
2019-03-06T21:00,14.0,88,12.1,14.0,0.20,97,96,75,7
2019-03-06T22:00,14.1,86,11.9,13.8,0.50,94,73,90,70
2019-03-06T23:00,14.2,85,11.8,13.7,0.40,100,27,100,96
2019-03-07T00:00,14.6,84,11.9,13.2,0.50,100,24,100,100
2019-03-07T01:00,14.5,85,12.0,13.5,1.80,100,19,100,94
2019-03-07T02:00,14.5,86,12.1,13.3,2.40,100,5,100,85
2019-03-07T03:00,14.3,84,11.7,12.6,2.00,100,15,100,86
2019-03-07T04:00,14.2,83,11.3,12.5,1.00,100,23,100,38
2019-03-07T05:00,14.1,83,11.3,12.5,0.50,100,78,100,7
2019-03-07T06:00,14.0,83,11.2,12.6,0.60,100,86,100,8
2019-03-07T07:00,13.8,84,11.2,12.3,0.80,100,5,100,99
2019-03-07T08:00,13.4,86,11.1,12.0,0.90,100,16,100,76
2019-03-07T09:00,13.0,84,10.3,11.2,0.80,100,14,100,61
2019-03-07T10:00,12.6,85,10.2,10.9,0.80,100,17,100,99
2019-03-07T11:00,12.5,86,10.3,10.7,0.80,100,28,100,28
2019-03-07T12:00,12.6,84,10.0,10.7,0.40,100,4,95,98
2019-03-07T13:00,12.6,89,10.7,10.7,0.60,96,21,96,34
2019-03-07T14:00,12.9,84,10.2,10.8,0.10,98,83,96,6
2019-03-07T15:00,13.2,80,9.9,11.2,0.00,100,100,100,43
2019-03-07T16:00,13.3,82,10.3,11.4,0.10,100,100,100,35
2019-03-07T17:00,13.2,84,10.5,11.1,0.40,100,20,100,100
2019-03-07T18:00,12.8,88,10.9,11.0,0.70,100,1,99,72
2019-03-07T19:00,12.7,89,10.9,10.8,0.50,99,24,97,72
2019-03-07T20:00,12.6,89,10.8,10.6,1.20,100,1,100,80
2019-03-07T21:00,12.8,89,11.0,10.9,1.90,91,11,83,67
2019-03-07T22:00,13.1,89,11.3,11.3,1.10,100,17,100,100
2019-03-07T23:00,13.4,90,11.8,11.6,4.40,92,1,86,82
2019-03-08T00:00,14.4,88,12.4,12.6,0.90,99,5,96,71
2019-03-08T01:00,15.3,88,13.4,14.0,1.10,100,91,100,52
2019-03-08T02:00,16.1,87,13.9,15.2,1.00,100,100,100,74
2019-03-08T03:00,16.0,87,13.8,14.8,1.60,100,99,100,48
2019-03-08T04:00,16.6,87,14.4,15.5,1.00,100,0,100,46
2019-03-08T05:00,16.3,87,14.2,15.1,0.70,100,12,100,2
2019-03-08T06:00,16.7,85,14.1,15.5,0.40,100,74,100,0
2019-03-08T07:00,17.4,84,14.8,16.7,0.10,95,83,91,0
2019-03-08T08:00,17.7,84,14.9,16.9,0.00,98,97,75,0
2019-03-08T09:00,17.5,85,15.0,16.7,0.10,97,95,67,0
2019-03-08T10:00,17.3,86,14.9,16.5,0.10,98,98,45,18
2019-03-08T11:00,17.3,87,15.1,16.6,0.00,85,56,74,45
2019-03-08T12:00,17.5,89,15.8,17.5,0.00,67,48,97,91
2019-03-08T13:00,17.6,90,16.0,17.7,0.10,100,54,99,99
2019-03-08T14:00,18.0,89,16.1,17.8,0.40,99,53,99,0
2019-03-08T15:00,18.0,90,16.3,17.7,0.30,99,20,99,0
2019-03-08T16:00,18.1,90,16.3,18.1,0.00,100,1,100,0
2019-03-08T17:00,18.0,91,16.5,18.3,0.20,100,0,100,89
2019-03-08T18:00,17.9,91,16.4,18.5,0.90,98,0,98,74
2019-03-08T19:00,17.8,90,16.0,18.7,0.80,100,1,100,55
2019-03-08T20:00,17.0,93,15.9,18.4,2.20,100,1,100,99
2019-03-08T21:00,17.4,91,15.9,18.9,2.20,100,0,100,100
2019-03-08T22:00,17.1,92,15.8,18.6,3.00,100,0,100,100
2019-03-08T23:00,16.7,94,15.8,18.3,3.70,100,2,100,100
2019-03-09T00:00,17.0,94,16.0,18.5,2.80,100,0,100,98
2019-03-09T01:00,17.8,95,16.9,19.0,5.70,100,0,100,95
2019-03-09T02:00,18.7,95,17.9,20.4,5.30,100,1,100,83
2019-03-09T03:00,19.4,94,18.4,21.6,3.30,98,1,95,63
2019-03-09T04:00,21.1,86,18.6,23.7,1.30,84,31,80,47
2019-03-09T05:00,21.7,84,18.8,24.1,0.70,94,28,93,39
2019-03-09T06:00,21.2,88,19.2,23.3,1.30,98,23,96,66
2019-03-09T07:00,20.1,92,18.7,21.9,2.30,100,99,99,100
2019-03-09T08:00,19.6,94,18.6,21.7,3.50,99,21,98,90
2019-03-09T09:00,18.9,96,18.3,20.8,1.60,100,26,99,93
2019-03-09T10:00,18.5,97,18.0,20.9,2.60,100,41,100,100
2019-03-09T11:00,18.1,98,17.8,20.6,1.20,100,79,100,99
2019-03-09T12:00,17.9,94,16.9,20.0,1.50,99,100,100,61
2019-03-09T13:00,17.9,95,17.1,19.9,1.30,100,99,100,0
2019-03-09T14:00,17.9,94,16.9,20.0,1.00,97,37,93,93
2019-03-09T15:00,17.7,94,16.8,19.4,3.90,100,100,100,65
2019-03-09T16:00,17.5,97,17.0,19.4,4.20,100,100,99,99
2019-03-09T17:00,17.4,97,17.0,19.3,2.40,100,100,98,99
2019-03-09T18:00,17.5,97,17.0,18.9,4.70,100,100,99,100
2019-03-09T19:00,17.3,95,16.6,19.0,5.60,99,66,99,62
2019-03-09T20:00,16.8,97,16.4,18.1,4.10,100,23,100,100
2019-03-09T21:00,16.6,97,16.2,17.8,1.50,100,95,100,28
2019-03-09T22:00,17.0,95,16.2,18.4,0.80,100,100,65,4
2019-03-09T23:00,16.8,93,15.7,17.7,0.10,99,99,21,4
2019-03-10T00:00,18.7,90,17.0,20.4,0.10,100,70,16,4
2019-03-10T01:00,18.4,88,16.4,19.4,0.00,75,72,14,4
2019-03-10T02:00,18.2,84,15.5,18.6,0.10,85,83,22,13
2019-03-10T03:00,18.4,81,15.0,18.8,0.10,92,90,29,2
2019-03-10T04:00,18.1,79,14.5,18.4,0.20,100,100,97,12
2019-03-10T05:00,17.6,79,13.9,18.0,0.40,100,100,100,10
2019-03-10T06:00,17.0,82,14.0,17.8,0.90,100,100,100,70
2019-03-10T07:00,17.3,83,14.4,18.1,0.90,100,69,99,56
2019-03-10T08:00,16.5,84,13.7,17.2,0.70,100,46,100,24
2019-03-10T09:00,16.2,83,13.4,16.9,0.50,100,41,99,68
2019-03-10T10:00,15.3,90,13.6,16.4,0.70,100,51,99,37
2019-03-10T11:00,14.8,91,13.4,15.3,0.30,98,37,97,1
2019-03-10T12:00,15.6,90,13.9,16.0,0.00,100,100,79,26
2019-03-10T13:00,15.8,87,13.7,15.9,0.00,94,91,68,9
2019-03-10T14:00,15.8,85,13.2,15.9,0.00,80,33,79,8
2019-03-10T15:00,15.3,85,12.7,15.3,0.00,94,28,93,0
2019-03-10T16:00,15.3,83,12.5,15.2,0.00,52,17,50,3
2019-03-10T17:00,14.6,85,12.2,14.4,0.00,86,22,84,6
2019-03-10T18:00,14.5,87,12.3,14.6,0.10,99,41,99,62
2019-03-10T19:00,15.1,85,12.5,15.0,0.20,94,30,93,66
2019-03-10T20:00,14.7,89,12.8,14.8,0.10,95,19,94,87
2019-03-10T21:00,14.6,89,12.8,14.5,0.20,92,21,92,15
2019-03-10T22:00,14.7,87,12.6,14.7,0.10,97,22,96,90
2019-03-10T23:00,15.1,86,12.8,14.8,0.10,81,16,79,40
2019-03-11T00:00,16.6,82,13.5,16.3,0.10,88,15,77,20
2019-03-11T01:00,17.2,76,13.0,16.1,0.00,81,11,80,29
2019-03-11T02:00,17.5,72,12.5,16.1,0.00,91,10,90,15
2019-03-11T03:00,17.8,70,12.3,16.1,0.00,91,12,91,3
2019-03-11T04:00,17.5,71,12.3,15.9,0.00,99,15,99,0
2019-03-11T05:00,17.8,69,12.1,16.2,0.00,89,4,89,0
2019-03-11T06:00,17.6,69,11.8,16.3,0.10,73,1,73,0
2019-03-11T07:00,17.8,67,11.6,16.6,0.00,58,0,58,0
2019-03-11T08:00,17.4,67,11.2,16.1,0.00,50,0,50,0
2019-03-11T09:00,16.6,71,11.3,15.9,0.00,85,1,85,0
2019-03-11T10:00,15.5,76,11.4,15.1,0.00,65,0,65,0
2019-03-11T11:00,15.0,81,11.7,14.7,0.00,100,2,100,0
2019-03-11T12:00,15.1,77,11.1,14.1,0.00,49,7,30,0
2019-03-11T13:00,15.0,78,11.1,14.0,0.00,22,7,22,0
2019-03-11T14:00,14.7,79,11.1,13.7,0.00,32,1,32,0
2019-03-11T15:00,14.7,79,11.1,13.8,0.00,36,0,36,0
2019-03-11T16:00,14.5,80,11.1,13.5,0.00,37,0,37,0
2019-03-11T17:00,14.5,80,11.1,13.8,0.00,38,0,38,0
2019-03-11T18:00,14.0,82,11.0,13.2,0.00,49,0,49,0
2019-03-11T19:00,13.8,83,10.9,13.1,0.00,48,0,48,0
2019-03-11T20:00,13.5,83,10.7,12.7,0.00,19,0,19,0
2019-03-11T21:00,13.0,84,10.3,12.0,0.00,3,0,3,0
2019-03-11T22:00,12.9,82,9.9,11.7,0.00,1,0,1,0
2019-03-11T23:00,14.6,78,10.7,13.5,0.00,1,1,1,0
2019-03-12T00:00,18.0,68,12.1,17.0,0.00,1,1,3,0
2019-03-12T01:00,20.1,59,11.7,18.1,0.00,2,0,2,0
2019-03-12T02:00,21.2,55,11.8,19.3,0.00,1,0,1,0
2019-03-12T03:00,22.4,52,12.2,21.4,0.00,1,0,1,0
2019-03-12T04:00,23.4,51,12.8,23.2,0.00,0,0,0,0
2019-03-12T05:00,23.7,53,13.5,24.3,0.00,1,0,1,0
2019-03-12T06:00,23.4,54,13.7,23.6,0.00,2,0,2,0
2019-03-12T07:00,22.7,56,13.4,21.9,0.00,2,0,2,0
2019-03-12T08:00,21.8,58,13.1,20.6,0.00,1,0,1,0
2019-03-12T09:00,20.5,62,13.0,19.6,0.00,0,0,0,0
2019-03-12T10:00,18.4,65,11.6,17.3,0.00,0,0,0,0
2019-03-12T11:00,17.4,67,11.2,16.0,0.00,0,0,0,0
2019-03-12T12:00,17.2,69,11.4,16.0,0.00,0,0,0,0
2019-03-12T13:00,17.6,67,11.5,16.4,0.00,0,0,0,0
2019-03-12T14:00,17.7,64,10.8,16.1,0.00,0,0,0,0
2019-03-12T15:00,17.7,64,10.8,16.1,0.00,0,0,0,0
2019-03-12T16:00,17.3,67,11.0,15.9,0.00,0,0,0,0
2019-03-12T17:00,16.9,68,10.9,15.5,0.00,0,0,0,0
2019-03-12T18:00,16.6,68,10.8,15.3,0.00,1,0,0,0
2019-03-12T19:00,16.4,71,11.1,15.3,0.00,1,0,1,0
2019-03-12T20:00,15.8,75,11.5,15.0,0.00,1,0,1,0
2019-03-12T21:00,15.5,78,11.6,14.8,0.00,1,0,1,0
2019-03-12T22:00,15.9,76,11.6,15.1,0.00,21,0,21,0
2019-03-12T23:00,17.7,72,12.6,16.8,0.00,39,0,39,0
2019-03-13T00:00,19.8,70,14.1,18.7,0.00,52,0,58,0
2019-03-13T01:00,21.3,68,15.2,20.2,0.00,30,0,30,0
2019-03-13T02:00,22.2,63,14.9,20.2,0.00,12,0,12,0
2019-03-13T03:00,22.4,63,15.1,21.3,0.00,32,0,32,0
2019-03-13T04:00,22.4,63,15.1,21.7,0.00,45,0,45,0
2019-03-13T05:00,22.2,62,14.7,21.2,0.00,39,0,39,0
2019-03-13T06:00,22.0,61,14.1,20.5,0.00,87,1,87,0
2019-03-13T07:00,20.9,64,14.0,19.3,0.00,52,1,52,0
2019-03-13T08:00,20.4,67,14.1,18.9,0.00,28,1,28,0
2019-03-13T09:00,19.8,71,14.4,18.4,0.00,22,0,22,0
2019-03-13T10:00,18.9,74,14.1,17.5,0.00,23,1,23,0
2019-03-13T11:00,18.6,73,13.7,17.0,0.00,34,0,34,0
2019-03-13T12:00,19.2,65,12.5,16.9,0.00,24,8,29,0
2019-03-13T13:00,19.2,66,12.6,16.8,0.00,16,8,16,0
2019-03-13T14:00,19.4,63,12.2,16.7,0.00,12,8,11,0
2019-03-13T15:00,19.4,62,12.0,16.5,0.00,30,7,29,0
2019-03-13T16:00,19.3,64,12.3,16.6,0.00,17,4,16,0
2019-03-13T17:00,19.0,68,12.9,16.8,0.00,20,1,20,0
2019-03-13T18:00,18.9,69,13.0,17.0,0.00,22,1,22,0
2019-03-13T19:00,18.8,68,12.8,16.8,0.00,25,14,24,0
2019-03-13T20:00,18.6,68,12.7,17.1,0.00,29,14,28,0
2019-03-13T21:00,18.4,69,12.7,17.3,0.00,25,18,23,0
2019-03-13T22:00,18.2,71,12.8,17.1,0.00,22,16,20,0
2019-03-13T23:00,18.5,73,13.6,17.8,0.00,20,16,18,0
2019-03-14T00:00,20.9,70,15.2,21.0,0.00,12,19,26,0
2019-03-14T01:00,22.5,64,15.4,22.4,0.00,15,12,13,0
2019-03-14T02:00,23.5,62,15.8,24.7,0.00,27,1,27,0
2019-03-14T03:00,23.3,65,16.4,23.9,0.10,66,12,63,3
2019-03-14T04:00,22.3,76,17.8,23.1,1.10,83,29,81,0
2019-03-14T05:00,22.1,75,17.4,22.1,0.10,39,6,39,0
2019-03-14T06:00,21.9,74,17.1,22.0,0.10,60,51,52,0
2019-03-14T07:00,21.0,79,17.3,22.0,0.00,53,53,1,0
2019-03-14T08:00,20.5,81,17.1,21.9,0.00,53,50,27,0
2019-03-14T09:00,19.5,83,16.5,20.7,0.00,84,35,83,0
2019-03-14T10:00,18.2,84,15.4,19.0,0.00,100,86,100,0
2019-03-14T11:00,17.6,86,15.1,18.1,0.00,100,88,99,0
2019-03-14T12:00,17.5,87,15.3,18.4,0.10,100,90,96,0
2019-03-14T13:00,17.6,85,15.0,18.2,0.10,99,87,98,7
2019-03-14T14:00,17.1,86,14.8,17.8,0.20,98,74,97,14
2019-03-14T15:00,16.9,87,14.6,17.6,0.10,92,85,88,4
2019-03-14T16:00,16.5,87,14.3,16.9,0.10,95,76,93,14
2019-03-14T17:00,16.3,87,14.2,16.9,0.50,100,55,100,78
2019-03-14T18:00,16.1,90,14.4,17.3,1.10,100,94,100,32
2019-03-14T19:00,15.9,87,13.7,16.7,1.00,100,100,100,44
2019-03-14T20:00,15.7,90,14.1,16.8,1.30,100,98,100,6
2019-03-14T21:00,15.5,90,13.9,16.6,1.10,100,93,100,0
2019-03-14T22:00,15.3,91,13.9,16.3,0.80,100,23,100,1
2019-03-14T23:00,15.4,90,13.7,16.0,0.20,98,43,97,0
2019-03-15T00:00,16.7,80,13.3,16.3,0.00,62,41,14,3
2019-03-15T01:00,17.9,74,13.2,17.3,0.00,44,42,6,1
2019-03-15T02:00,18.4,68,12.3,17.5,0.00,100,100,3,1
2019-03-15T03:00,18.4,67,12.1,17.2,0.00,88,87,22,9
2019-03-15T04:00,18.3,67,12.0,17.1,0.00,81,77,34,8
2019-03-15T05:00,18.3,66,11.7,17.1,0.00,60,24,57,1
2019-03-15T06:00,18.4,61,10.7,17.0,0.00,52,12,50,2
2019-03-15T07:00,17.7,63,10.5,16.2,0.00,74,7,72,1
2019-03-15T08:00,17.3,63,10.3,15.8,0.00,78,1,78,0
2019-03-15T09:00,16.7,67,10.4,15.5,0.00,59,0,59,0
2019-03-15T10:00,15.4,74,10.7,14.9,0.00,65,0,65,0
2019-03-15T11:00,14.8,77,10.8,14.3,0.00,83,0,83,0
2019-03-15T12:00,15.4,75,11.0,14.7,0.00,73,0,66,0
2019-03-15T13:00,15.1,75,10.7,14.2,0.00,74,0,74,0
2019-03-15T14:00,14.8,73,10.1,13.5,0.00,41,0,41,0
2019-03-15T15:00,14.5,72,9.5,13.0,0.00,15,0,15,0
2019-03-15T16:00,14.1,72,9.1,12.5,0.00,24,0,24,0
2019-03-15T17:00,14.0,72,9.0,12.4,0.00,32,0,32,0
2019-03-15T18:00,14.1,72,9.1,12.5,0.00,64,0,64,0
2019-03-15T19:00,14.7,68,9.0,13.1,0.00,83,0,83,0
2019-03-15T20:00,15.7,62,8.3,13.7,0.00,87,0,87,0
2019-03-15T21:00,16.1,56,7.3,13.7,0.00,96,0,96,0
2019-03-15T22:00,16.7,51,6.6,13.9,0.00,99,0,99,0
2019-03-15T23:00,16.9,55,7.8,14.5,0.00,95,0,95,0
2019-03-16T00:00,18.2,61,10.5,16.0,0.00,100,0,16,0
2019-03-16T01:00,20.4,54,10.9,17.9,0.00,100,0,100,0
2019-03-16T02:00,20.8,49,9.8,17.5,0.00,100,0,100,0
2019-03-16T03:00,20.5,51,10.1,17.5,0.00,100,1,100,0
2019-03-16T04:00,20.3,52,10.1,17.7,0.00,100,1,100,0
2019-03-16T05:00,20.2,54,10.5,17.9,0.00,100,1,100,0
2019-03-16T06:00,19.9,57,11.3,17.8,0.00,99,3,99,0
2019-03-16T07:00,20.2,58,11.8,18.1,0.00,71,2,71,0
2019-03-16T08:00,20.3,56,11.4,18.1,0.00,96,1,96,0
2019-03-16T09:00,19.2,59,10.9,16.9,0.00,100,17,100,1
2019-03-16T10:00,19.0,58,10.6,16.6,0.00,100,100,100,0
2019-03-16T11:00,19.1,58,10.7,16.8,0.00,100,26,100,0
2019-03-16T12:00,17.5,74,12.8,16.5,0.00,99,94,85,0
2019-03-16T13:00,17.9,75,13.5,17.2,0.30,96,24,96,0
2019-03-16T14:00,17.8,78,13.9,17.3,0.00,100,10,100,0
2019-03-16T15:00,17.9,79,14.2,17.5,0.00,100,4,100,0
2019-03-16T16:00,17.9,78,14.1,17.9,0.20,100,2,100,0
2019-03-16T17:00,17.7,80,14.2,18.0,0.30,100,0,100,0
2019-03-16T18:00,17.3,81,14.1,17.9,0.40,100,11,100,0
2019-03-16T19:00,16.9,87,14.7,17.6,0.20,100,27,100,0
2019-03-16T20:00,16.9,86,14.5,17.8,0.10,100,22,100,0
2019-03-16T21:00,17.0,85,14.5,17.8,0.00,79,13,78,0
2019-03-16T22:00,16.8,85,14.2,17.2,0.00,99,7,99,0
2019-03-16T23:00,17.6,84,14.9,18.1,0.00,83,6,83,0
2019-03-17T00:00,19.3,84,16.4,20.6,0.00,67,4,90,0
2019-03-17T01:00,20.7,79,16.9,22.2,0.00,35,6,35,0
2019-03-17T02:00,22.7,70,16.8,23.8,0.00,54,1,54,0
2019-03-17T03:00,23.8,64,16.6,25.1,0.00,39,10,38,0
2019-03-17T04:00,24.4,60,16.3,26.0,0.00,49,19,47,0
2019-03-17T05:00,24.3,61,16.2,25.6,0.00,60,20,58,0
2019-03-17T06:00,24.0,61,16.1,25.3,0.00,100,70,100,0
2019-03-17T07:00,23.2,68,17.0,24.4,0.00,52,12,51,0
2019-03-17T08:00,22.6,73,17.5,23.8,0.00,43,21,40,0
2019-03-17T09:00,21.8,77,17.6,23.0,0.00,55,37,52,0
2019-03-17T10:00,20.6,80,17.1,21.5,0.00,75,28,74,0
2019-03-17T11:00,20.1,82,17.0,20.9,0.00,53,14,53,0
2019-03-17T12:00,19.1,92,17.7,19.8,0.00,48,13,98,0
2019-03-17T13:00,19.1,92,17.7,19.8,0.10,92,10,92,0
2019-03-17T14:00,19.4,91,17.9,20.3,0.00,94,52,92,0
2019-03-17T15:00,19.8,90,18.1,20.9,0.00,97,50,97,1
2019-03-17T16:00,19.5,90,17.8,20.5,0.00,93,22,93,1
2019-03-17T17:00,19.2,90,17.6,20.3,0.00,83,10,83,0
2019-03-17T18:00,19.0,92,17.6,20.6,0.00,100,14,100,0
2019-03-17T19:00,18.5,95,17.7,20.4,0.30,100,4,100,0
2019-03-17T20:00,19.1,92,17.7,21.8,0.30,70,0,70,0
2019-03-17T21:00,18.6,94,17.6,20.9,0.00,62,1,62,0
2019-03-17T22:00,18.7,91,17.2,20.9,0.00,35,0,35,0
2019-03-17T23:00,18.6,92,17.3,21.0,0.00,11,0,11,0
2019-03-18T00:00,19.4,92,18.1,21.6,0.00,27,33,83,0
2019-03-18T01:00,20.8,88,18.7,22.8,0.10,65,56,50,0
2019-03-18T02:00,22.2,82,18.9,23.8,0.10,57,35,52,0
2019-03-18T03:00,23.3,79,19.4,25.2,0.10,47,46,7,0
2019-03-18T04:00,23.6,78,19.4,25.6,0.00,62,57,19,0
2019-03-18T05:00,23.4,78,19.2,25.6,0.00,67,67,2,0
2019-03-18T06:00,22.9,77,18.6,24.8,0.00,74,73,1,0
2019-03-18T07:00,22.5,77,18.3,23.9,0.00,62,62,2,0
2019-03-18T08:00,21.6,78,17.6,23.0,0.00,70,70,1,0
2019-03-18T09:00,20.9,80,17.3,22.8,0.00,52,52,1,0
2019-03-18T10:00,19.6,90,17.9,22.0,0.00,23,23,0,0
2019-03-18T11:00,19.3,87,17.0,21.5,0.00,15,15,0,0
2019-03-18T12:00,19.1,89,17.3,21.3,0.00,10,32,2,0
2019-03-18T13:00,19.1,89,17.2,21.4,0.00,21,21,1,0
2019-03-18T14:00,18.6,92,17.3,20.8,0.00,17,17,1,0
2019-03-18T15:00,17.2,97,16.8,19.0,0.00,14,13,2,0
2019-03-18T16:00,16.6,99,16.5,18.1,0.00,9,9,3,0
2019-03-18T17:00,16.7,100,16.7,18.6,0.00,53,52,4,0
2019-03-18T18:00,16.3,100,16.3,17.9,0.00,100,100,0,0
2019-03-18T19:00,16.1,100,16.1,17.7,0.00,100,100,0,0
2019-03-18T20:00,16.4,100,16.3,17.9,0.00,100,100,0,0
2019-03-18T21:00,16.4,100,16.3,17.9,0.00,100,100,3,0
2019-03-18T22:00,16.3,100,16.2,17.8,0.00,75,76,9,0
2019-03-18T23:00,17.5,96,16.9,19.3,0.00,92,92,0,0
2019-03-19T00:00,19.9,84,17.2,20.9,0.00,100,76,2,0
2019-03-19T01:00,21.4,77,17.1,22.1,0.00,80,80,4,0
2019-03-19T02:00,22.1,75,17.4,22.8,0.00,94,94,5,0
2019-03-19T03:00,22.4,75,17.7,23.0,0.00,100,100,4,0
2019-03-19T04:00,22.9,74,18.0,23.5,0.00,90,90,0,0
2019-03-19T05:00,22.9,74,18.0,23.3,0.00,98,98,0,0
2019-03-19T06:00,22.7,74,17.8,22.8,0.00,92,92,0,0
2019-03-19T07:00,22.6,74,17.8,22.6,0.00,86,86,0,0
2019-03-19T08:00,22.4,75,17.8,22.3,0.00,93,93,0,0
2019-03-19T09:00,21.6,78,17.5,21.4,0.00,37,37,0,0
2019-03-19T10:00,20.6,80,17.1,20.4,0.00,20,20,1,0
2019-03-19T11:00,20.2,82,17.0,20.0,0.00,1,1,0,0
2019-03-19T12:00,19.8,84,17.0,19.7,0.00,1,2,1,0
2019-03-19T13:00,20.1,84,17.2,20.1,0.00,1,0,1,0
2019-03-19T14:00,19.9,85,17.3,20.2,0.00,2,2,0,0
2019-03-19T15:00,19.8,86,17.4,20.4,0.00,8,8,0,0
2019-03-19T16:00,19.8,86,17.4,20.7,0.00,3,3,0,0
2019-03-19T17:00,19.6,87,17.4,20.7,0.00,2,2,0,0
2019-03-19T18:00,19.4,88,17.4,20.7,0.00,11,11,0,0
2019-03-19T19:00,19.1,90,17.3,20.4,0.00,10,10,0,0
2019-03-19T20:00,18.7,91,17.1,20.1,0.00,13,13,0,0
2019-03-19T21:00,18.6,90,17.0,20.0,0.00,14,14,0,0
2019-03-19T22:00,18.5,91,17.0,20.0,0.00,4,4,0,0
2019-03-19T23:00,20.3,89,18.4,22.4,0.00,1,1,0,0
2019-03-20T00:00,23.2,79,19.5,26.0,0.00,0,0,0,0
2019-03-20T01:00,25.2,71,19.5,28.1,0.00,0,0,0,0
2019-03-20T02:00,26.3,66,19.4,29.8,0.00,0,0,0,0
2019-03-20T03:00,27.1,64,19.8,31.2,0.00,10,0,0,10
2019-03-20T04:00,27.5,61,19.4,31.0,0.00,41,7,0,36
2019-03-20T05:00,27.2,65,20.2,30.5,0.00,57,24,0,45
2019-03-20T06:00,27.1,69,20.9,30.3,0.00,70,10,0,67
2019-03-20T07:00,26.6,72,21.2,29.7,0.00,57,14,0,51
2019-03-20T08:00,26.3,74,21.2,29.6,0.00,41,19,0,28
2019-03-20T09:00,25.7,78,21.6,30.0,0.00,18,18,0,0
2019-03-20T10:00,25.2,76,20.7,29.2,0.00,17,17,0,0
2019-03-20T11:00,22.5,89,20.6,26.2,0.00,13,13,0,0
2019-03-20T12:00,23.5,84,20.6,26.9,0.00,12,99,0,0
2019-03-20T13:00,23.4,85,20.8,27.3,0.00,86,86,0,0
2019-03-20T14:00,22.2,91,20.7,26.0,0.00,80,78,0,10
2019-03-20T15:00,21.8,93,20.7,25.4,0.00,70,69,0,6
2019-03-20T16:00,22.1,93,20.8,25.8,0.00,83,82,0,5
2019-03-20T17:00,21.8,94,20.8,25.9,0.00,72,69,0,8
2019-03-20T18:00,20.2,99,20.0,23.5,0.00,48,48,0,0
2019-03-20T19:00,19.5,100,19.5,22.6,0.00,39,39,0,0
2019-03-20T20:00,19.2,99,19.1,22.0,0.00,34,31,0,4
2019-03-20T21:00,18.8,99,18.7,21.5,0.00,42,23,0,26
2019-03-20T22:00,18.4,100,18.4,20.8,0.00,35,15,0,24
2019-03-20T23:00,20.9,95,20.0,23.9,0.00,23,6,0,19
2019-03-21T00:00,23.0,92,21.6,27.1,0.00,2,3,0,7
2019-03-21T01:00,25.6,76,21.1,29.2,0.00,1,1,0,0
2019-03-21T02:00,27.0,68,20.5,30.9,0.00,0,0,0,0
2019-03-21T03:00,28.2,62,20.1,32.6,0.00,8,8,0,0
2019-03-21T04:00,28.7,60,20.1,33.2,0.00,7,7,0,0
2019-03-21T05:00,29.4,58,20.4,34.7,0.00,20,20,0,0
2019-03-21T06:00,30.0,59,21.2,35.2,0.00,37,37,0,0
2019-03-21T07:00,29.7,61,21.3,33.6,0.00,71,71,0,0
2019-03-21T08:00,28.4,70,22.5,32.5,0.00,40,40,0,0
2019-03-21T09:00,27.0,80,23.3,31.7,0.00,36,36,0,0
2019-03-21T10:00,25.0,88,22.9,29.9,0.00,20,20,0,0
2019-03-21T11:00,23.6,93,22.3,28.1,0.00,21,21,0,0
2019-03-21T12:00,22.9,90,21.3,26.4,0.00,22,20,0,0
2019-03-21T13:00,22.5,94,21.5,26.5,0.00,32,31,8,0
2019-03-21T14:00,22.9,92,21.4,27.4,0.10,18,13,14,0
2019-03-21T15:00,21.7,96,21.1,25.7,0.00,65,65,6,0
2019-03-21T16:00,21.7,94,20.7,25.2,0.00,100,100,2,0
2019-03-21T17:00,21.5,93,20.3,24.9,0.10,100,100,0,0
2019-03-21T18:00,21.3,92,19.9,24.6,0.20,100,100,0,0
2019-03-21T19:00,21.2,93,20.0,24.9,0.10,95,95,0,0
2019-03-21T20:00,21.1,93,20.0,24.6,0.20,95,95,1,0
2019-03-21T21:00,20.9,95,20.1,24.6,0.20,85,84,2,0
2019-03-21T22:00,20.8,93,19.5,23.6,0.20,99,99,1,0
2019-03-21T23:00,20.3,89,18.4,21.8,0.20,94,94,1,0
2019-03-22T00:00,20.7,88,18.7,22.3,0.10,91,97,2,0
2019-03-22T01:00,21.4,85,18.7,22.2,0.00,60,59,7,0
2019-03-22T02:00,22.3,80,18.7,23.1,0.00,100,100,21,0
2019-03-22T03:00,21.7,81,18.3,22.6,0.10,99,99,32,0
2019-03-22T04:00,21.2,81,17.8,21.8,0.10,99,99,46,0
2019-03-22T05:00,20.2,82,17.0,20.5,0.20,100,100,68,0
2019-03-22T06:00,19.9,80,16.2,19.6,0.10,100,100,53,0
2019-03-22T07:00,19.2,79,15.5,19.0,0.10,100,100,55,0
2019-03-22T08:00,18.7,80,15.2,18.5,0.10,100,100,41,0
2019-03-22T09:00,18.2,81,15.0,18.2,0.00,100,100,26,0
2019-03-22T10:00,17.9,82,14.7,18.0,0.00,100,100,31,0
2019-03-22T11:00,17.6,83,14.7,17.8,0.10,100,100,34,0
2019-03-22T12:00,18.2,82,15.1,18.0,0.00,97,100,56,0
2019-03-22T13:00,17.9,82,14.8,17.5,0.00,96,95,66,0
2019-03-22T14:00,17.7,81,14.4,17.3,0.00,100,100,85,3
2019-03-22T15:00,17.5,82,14.4,17.3,0.00,100,100,34,0
2019-03-22T16:00,17.4,82,14.2,17.2,0.00,100,100,42,0
2019-03-22T17:00,17.2,81,14.0,17.1,0.00,100,100,85,0
2019-03-22T18:00,16.8,81,13.6,16.5,0.10,100,100,94,0
2019-03-22T19:00,16.5,81,13.3,16.1,0.10,100,100,73,0
2019-03-22T20:00,16.3,82,13.2,15.9,0.10,100,100,71,0
2019-03-22T21:00,16.1,81,12.9,15.7,0.10,100,100,73,0
2019-03-22T22:00,16.0,82,12.8,15.5,0.10,100,100,82,0
2019-03-22T23:00,15.9,84,13.2,15.6,0.40,68,62,49,0
2019-03-23T00:00,16.3,81,13.1,15.5,0.30,100,100,54,22
2019-03-23T01:00,16.6,78,12.8,15.5,0.00,100,100,12,30
2019-03-23T02:00,17.0,76,12.7,15.3,0.00,99,98,51,0
2019-03-23T03:00,17.3,73,12.4,15.6,0.00,100,100,30,0
2019-03-23T04:00,17.2,74,12.5,15.5,0.00,100,100,79,0
2019-03-23T05:00,17.4,72,12.2,15.7,0.00,100,100,70,0
2019-03-23T06:00,16.8,74,12.1,15.3,0.00,100,100,99,0
2019-03-23T07:00,16.5,74,11.8,15.1,0.00,100,100,84,0
2019-03-23T08:00,16.2,74,11.6,15.1,0.00,100,100,34,0
2019-03-23T09:00,15.9,76,11.6,15.0,0.10,100,100,27,0
2019-03-23T10:00,15.5,77,11.6,14.7,0.00,100,100,28,0
2019-03-23T11:00,15.4,75,11.1,14.3,0.10,100,100,53,0
2019-03-23T12:00,15.5,76,11.4,14.1,0.10,100,100,100,0
2019-03-23T13:00,15.6,76,11.4,14.0,0.10,100,100,98,0
2019-03-23T14:00,15.4,74,10.8,13.6,0.10,100,100,90,0
2019-03-23T15:00,15.3,73,10.4,13.2,0.00,100,100,72,0
2019-03-23T16:00,15.3,72,10.3,13.0,0.00,100,100,59,0
2019-03-23T17:00,15.2,73,10.4,13.1,0.00,100,99,98,0
2019-03-23T18:00,15.2,73,10.4,12.8,0.10,100,0,100,0
2019-03-23T19:00,15.2,75,10.7,12.8,0.40,98,14,98,0
2019-03-23T20:00,14.8,80,11.3,12.6,1.40,100,8,100,95
2019-03-23T21:00,14.2,87,12.1,12.4,1.20,100,20,100,0
2019-03-23T22:00,14.3,87,12.2,12.4,1.80,99,0,99,0
2019-03-23T23:00,15.0,84,12.3,13.1,0.40,99,20,98,97
2019-03-24T00:00,16.6,83,13.7,15.0,0.10,99,52,99,96
2019-03-24T01:00,17.5,80,14.1,15.9,0.20,100,70,100,100
2019-03-24T02:00,18.0,81,14.7,16.9,1.80,100,0,99,95
2019-03-24T03:00,18.2,86,15.8,17.8,2.20,100,44,100,99
2019-03-24T04:00,18.2,85,15.6,17.7,0.70,97,46,97,64
2019-03-24T05:00,19.3,84,16.5,18.9,0.40,100,45,100,61
2019-03-24T06:00,18.5,87,16.3,18.1,1.10,99,0,99,9
2019-03-24T07:00,18.7,88,16.6,18.7,0.50,87,11,87,0
2019-03-24T08:00,19.1,85,16.6,19.0,0.20,94,51,93,0
2019-03-24T09:00,18.8,86,16.5,18.8,0.10,99,26,99,1
2019-03-24T10:00,18.5,87,16.2,18.5,0.10,79,19,77,0
2019-03-24T11:00,18.1,87,15.9,18.1,0.00,70,5,69,0
2019-03-24T12:00,17.6,87,15.4,18.0,0.00,100,3,96,0
2019-03-24T13:00,17.9,85,15.4,18.3,0.00,74,8,73,0
2019-03-24T14:00,17.3,89,15.4,18.4,0.00,83,30,82,0
2019-03-24T15:00,17.7,86,15.2,18.7,0.00,83,44,82,0
2019-03-24T16:00,17.2,89,15.3,18.2,0.00,94,28,93,0
2019-03-24T17:00,17.0,91,15.5,18.3,0.40,99,0,99,3
2019-03-24T18:00,16.9,90,15.3,18.2,1.70,77,0,77,0
2019-03-24T19:00,16.6,92,15.3,18.0,0.00,97,4,97,0
2019-03-24T20:00,16.9,92,15.6,18.4,0.40,82,41,79,0
2019-03-24T21:00,17.0,90,15.4,18.6,0.10,83,82,14,0
2019-03-24T22:00,16.1,93,14.9,17.3,0.00,14,8,11,0
2019-03-24T23:00,17.7,89,15.8,19.3,0.00,18,2,18,0
2019-03-25T00:00,18.4,91,17.0,19.8,0.00,10,95,92,47
2019-03-25T01:00,18.8,94,17.9,20.4,1.20,100,100,97,9
2019-03-25T02:00,19.9,92,18.6,22.0,3.00,100,100,60,13
2019-03-25T03:00,19.8,90,18.2,21.3,0.40,100,100,54,32
2019-03-25T04:00,19.4,88,17.4,20.6,0.90,100,100,51,50
2019-03-25T05:00,19.1,89,17.3,20.0,0.90,100,100,76,43
2019-03-25T06:00,18.3,91,16.8,19.0,1.30,98,88,96,0
2019-03-25T07:00,18.4,90,16.7,19.1,0.80,99,97,97,0
2019-03-25T08:00,18.0,89,16.2,18.6,0.10,100,100,55,0
2019-03-25T09:00,17.8,89,15.9,18.5,0.00,100,100,0,0
2019-03-25T10:00,17.5,89,15.6,18.6,0.00,100,100,0,1
2019-03-25T11:00,17.3,89,15.5,18.6,0.00,100,100,0,2
2019-03-25T12:00,16.9,94,16.0,18.6,0.00,100,95,16,0
2019-03-25T13:00,17.3,93,16.2,19.1,0.00,78,78,26,0
2019-03-25T14:00,17.1,96,16.4,18.9,0.00,26,26,3,0
2019-03-25T15:00,16.5,96,15.9,17.8,0.00,100,100,0,0
2019-03-25T16:00,16.7,94,15.8,18.1,0.00,100,100,0,0
2019-03-25T17:00,17.0,91,15.4,18.1,0.00,88,88,0,0
2019-03-25T18:00,16.9,87,14.7,17.6,0.00,74,74,0,0
2019-03-25T19:00,16.8,86,14.5,17.2,0.00,66,66,1,0
2019-03-25T20:00,16.7,87,14.4,16.9,0.00,78,78,2,0
2019-03-25T21:00,16.6,86,14.3,16.8,0.00,72,72,1,0
2019-03-25T22:00,16.6,86,14.3,16.8,0.00,66,66,0,0
2019-03-25T23:00,17.5,84,14.8,17.4,0.00,24,24,0,0
2019-03-26T00:00,19.4,76,15.1,18.4,0.00,51,62,0,0
2019-03-26T01:00,20.6,71,15.1,19.3,0.00,88,85,0,18
2019-03-26T02:00,21.0,69,15.1,19.7,0.00,100,100,0,47
2019-03-26T03:00,21.6,68,15.4,20.4,0.00,100,100,0,63
2019-03-26T04:00,21.7,69,15.7,20.8,0.00,100,100,0,66
2019-03-26T05:00,22.2,68,15.9,21.5,0.00,100,100,0,2
2019-03-26T06:00,22.4,67,16.0,21.8,0.00,72,72,0,0
2019-03-26T07:00,21.8,70,16.1,20.9,0.00,24,24,0,0
2019-03-26T08:00,21.2,70,15.5,20.1,0.00,62,62,0,0
2019-03-26T09:00,20.4,72,15.2,19.6,0.00,37,37,0,0
2019-03-26T10:00,19.3,74,14.6,18.6,0.00,21,21,0,0
2019-03-26T11:00,18.8,76,14.4,18.0,0.00,7,7,0,0
2019-03-26T12:00,18.8,77,14.7,18.1,0.00,4,17,2,0
2019-03-26T13:00,19.2,78,15.3,18.5,0.00,10,10,0,0
2019-03-26T14:00,19.1,81,15.8,19.0,0.00,57,5,0,55
2019-03-26T15:00,18.9,83,15.9,19.1,0.00,44,3,0,42
2019-03-26T16:00,18.6,86,16.3,19.1,0.00,62,7,0,60
2019-03-26T17:00,18.3,89,16.4,19.2,0.00,68,7,0,67
2019-03-26T18:00,18.0,89,16.2,19.0,0.00,72,8,0,70
2019-03-26T19:00,17.3,90,15.7,18.3,0.00,75,17,0,70
2019-03-26T20:00,16.6,93,15.4,17.3,0.00,65,18,0,57
2019-03-26T21:00,16.1,94,15.1,16.9,0.00,76,15,0,73
2019-03-26T22:00,16.2,94,15.2,17.0,0.00,75,10,0,72
2019-03-26T23:00,19.1,87,16.9,20.7,0.00,52,8,0,49
2019-03-27T00:00,21.3,79,17.5,23.8,0.00,3,10,0,46
2019-03-27T01:00,22.7,75,18.0,24.9,0.00,47,8,0,43
2019-03-27T02:00,23.7,74,18.7,26.3,0.00,6,6,0,0
2019-03-27T03:00,25.2,68,18.9,28.4,0.00,38,38,0,0
2019-03-27T04:00,26.4,63,18.7,29.3,0.00,77,77,0,0
2019-03-27T05:00,26.0,68,19.6,28.9,0.00,31,31,0,0
2019-03-27T06:00,25.7,70,19.9,28.5,0.00,44,39,1,8
2019-03-27T07:00,25.7,70,19.8,28.4,0.00,40,37,1,5
2019-03-27T08:00,25.4,70,19.5,28.4,0.00,21,15,0,8
2019-03-27T09:00,24.8,74,19.8,28.2,0.00,14,11,0,3
2019-03-27T10:00,23.1,77,18.9,25.9,0.00,32,21,0,15
2019-03-27T11:00,22.0,81,18.6,24.4,0.00,39,10,0,32
2019-03-27T12:00,22.9,78,18.9,25.6,0.00,45,10,0,46
2019-03-27T13:00,22.1,81,18.8,24.7,0.00,6,6,0,0
2019-03-27T14:00,21.9,81,18.5,24.6,0.00,51,7,0,48
2019-03-27T15:00,21.6,81,18.2,24.3,0.00,64,2,0,63
2019-03-27T16:00,18.6,92,17.2,20.4,0.00,44,1,0,43
2019-03-27T17:00,18.6,91,17.1,20.5,0.00,46,11,0,40
2019-03-27T18:00,19.9,84,17.2,22.0,0.00,53,28,0,36
2019-03-27T19:00,19.7,86,17.2,21.8,0.00,100,100,0,39
2019-03-27T20:00,20.0,85,17.5,22.3,0.00,100,100,0,58
2019-03-27T21:00,20.2,87,18.1,22.6,0.00,100,100,0,69
2019-03-27T22:00,20.8,88,18.8,23.6,0.00,98,98,0,4
2019-03-27T23:00,21.2,91,19.6,24.8,0.00,80,80,1,0
2019-03-28T00:00,23.2,84,20.4,26.9,0.00,50,9,0,0
2019-03-28T01:00,25.2,77,20.9,28.5,0.00,18,18,1,0
2019-03-28T02:00,27.0,71,21.2,30.0,0.00,48,48,1,0
2019-03-28T03:00,28.1,66,21.2,31.5,0.00,63,63,0,0
2019-03-28T04:00,29.3,61,21.0,32.8,0.00,67,67,0,0
2019-03-28T05:00,29.3,63,21.6,32.7,0.00,69,69,0,0
2019-03-28T06:00,28.2,71,22.4,31.6,0.00,64,64,0,0
2019-03-28T07:00,27.8,72,22.4,31.1,0.00,58,58,0,0
2019-03-28T08:00,27.2,75,22.5,30.9,0.00,80,80,0,0
2019-03-28T09:00,26.3,80,22.6,31.0,0.00,100,100,0,0
2019-03-28T10:00,25.0,85,22.3,29.7,0.30,100,100,0,0
2019-03-28T11:00,23.9,90,22.2,28.4,0.10,91,91,0,0
2019-03-28T12:00,24.9,84,22.0,29.8,0.00,31,44,3,0
2019-03-28T13:00,23.8,89,21.9,28.2,0.00,21,21,3,0
2019-03-28T14:00,22.3,95,21.4,26.2,0.00,22,19,6,0
2019-03-28T15:00,22.1,96,21.5,26.1,0.00,29,28,1,0
2019-03-28T16:00,23.3,93,22.0,28.0,0.00,85,85,1,0
2019-03-28T17:00,22.6,95,21.8,27.3,0.10,100,100,0,0
2019-03-28T18:00,22.4,98,22.0,26.7,0.20,100,100,0,0
2019-03-28T19:00,22.6,97,22.1,26.2,0.20,69,69,0,0
2019-03-28T20:00,22.2,98,21.8,25.2,0.10,64,63,0,0
2019-03-28T21:00,21.3,98,21.1,24.2,0.20,100,100,2,0
2019-03-28T22:00,21.3,95,20.5,23.8,0.20,100,100,14,0
2019-03-28T23:00,21.6,94,20.5,24.1,0.10,100,100,18,0
2019-03-29T00:00,22.5,93,21.3,25.6,0.10,100,100,19,6
2019-03-29T01:00,22.9,90,21.1,26.0,0.20,100,100,37,58
2019-03-29T02:00,23.5,86,21.1,26.6,0.10,97,91,34,65
2019-03-29T03:00,23.5,85,20.8,26.4,0.20,99,96,31,67
2019-03-29T04:00,23.4,84,20.4,25.9,0.10,99,98,36,53
2019-03-29T05:00,23.6,82,20.3,26.2,0.00,100,100,26,4
2019-03-29T06:00,23.1,82,19.9,25.4,0.00,96,95,34,0
2019-03-29T07:00,22.6,82,19.4,24.8,0.00,70,70,30,0
2019-03-29T08:00,22.1,82,18.9,24.2,0.00,100,100,5,0
2019-03-29T09:00,21.7,83,18.7,24.0,0.00,100,100,9,0
2019-03-29T10:00,21.1,85,18.5,23.7,0.10,97,97,18,1
2019-03-29T11:00,20.6,86,18.3,23.1,0.30,96,89,25,65
2019-03-29T12:00,20.7,89,18.9,23.4,0.20,97,98,55,5
2019-03-29T13:00,20.5,90,18.9,23.2,0.20,99,99,77,0
2019-03-29T14:00,20.3,95,19.4,23.8,0.70,100,100,99,0
2019-03-29T15:00,20.0,94,19.0,22.2,6.40,100,100,100,52
2019-03-29T16:00,19.4,92,18.1,19.8,3.70,100,0,100,3
2019-03-29T17:00,18.9,93,17.8,20.7,0.70,95,0,94,52
2019-03-29T18:00,18.6,95,17.7,20.4,0.90,100,11,100,97
2019-03-29T19:00,18.7,95,17.8,21.1,0.60,100,19,93,100
2019-03-29T20:00,18.7,96,18.1,21.1,0.60,100,42,93,100
2019-03-29T21:00,18.6,97,18.1,21.1,0.20,94,7,55,93
2019-03-29T22:00,18.5,97,17.9,21.1,0.00,95,6,40,93
2019-03-29T23:00,19.2,93,18.1,21.5,0.00,98,28,78,94
2019-03-30T00:00,20.6,86,18.1,22.9,0.00,98,55,5,94
2019-03-30T01:00,21.7,80,18.1,23.7,0.00,97,50,4,96
2019-03-30T02:00,22.5,76,18.1,24.3,0.00,98,40,0,96
2019-03-30T03:00,23.0,74,18.2,24.7,0.00,96,40,0,94
2019-03-30T04:00,23.6,72,18.2,26.2,0.00,97,30,1,96
2019-03-30T05:00,23.3,69,17.2,25.4,0.00,98,46,1,95
2019-03-30T06:00,23.0,68,16.8,24.1,0.00,84,14,1,82
2019-03-30T07:00,22.4,70,16.7,23.0,0.00,63,14,1,57
2019-03-30T08:00,21.8,72,16.4,21.9,0.00,15,14,4,0
2019-03-30T09:00,20.9,75,16.4,21.1,0.00,16,10,14,0
2019-03-30T10:00,19.9,79,16.1,20.2,0.00,30,11,26,2
2019-03-30T11:00,19.5,82,16.2,19.9,0.00,78,5,34,66
2019-03-30T12:00,19.8,81,16.5,20.2,0.00,84,7,93,77
2019-03-30T13:00,20.4,78,16.4,20.4,0.00,85,11,27,79
2019-03-30T14:00,20.0,79,16.3,20.0,0.00,90,18,38,83
2019-03-30T15:00,19.9,80,16.4,19.8,0.00,100,100,61,85
2019-03-30T16:00,19.8,80,16.2,19.5,0.00,98,64,35,94
2019-03-30T17:00,19.6,80,16.1,19.3,0.00,100,48,100,66
2019-03-30T18:00,19.2,82,16.1,19.2,0.10,100,100,100,78
2019-03-30T19:00,18.9,83,16.0,18.9,0.50,100,99,100,84
2019-03-30T20:00,18.6,82,15.5,18.2,0.50,100,100,100,55
2019-03-30T21:00,18.3,82,15.2,17.7,0.20,89,71,87,1
2019-03-30T22:00,18.3,80,14.8,17.7,0.10,71,62,65,0
2019-03-30T23:00,18.0,84,15.2,17.3,0.10,67,64,33,0
2019-03-31T00:00,18.5,85,15.9,18.0,0.10,92,50,58,38
2019-03-31T01:00,18.8,81,15.5,17.8,0.00,99,98,31,0
2019-03-31T02:00,19.3,77,15.2,17.5,0.10,90,89,11,0
2019-03-31T03:00,19.3,76,14.9,17.3,0.10,97,97,3,0
2019-03-31T04:00,19.8,72,14.6,17.7,0.00,99,99,3,0
2019-03-31T05:00,20.2,70,14.6,18.0,0.00,100,100,6,0
2019-03-31T06:00,19.6,70,13.9,17.3,0.00,99,99,20,0
2019-03-31T07:00,18.9,70,13.4,16.8,0.00,99,99,24,0
2019-03-31T08:00,18.6,72,13.5,16.4,0.00,100,100,17,0
2019-03-31T09:00,18.1,73,13.1,16.0,0.00,98,98,17,0
2019-03-31T10:00,17.8,72,12.8,16.0,0.00,100,100,26,0
2019-03-31T11:00,17.4,76,13.1,15.6,0.00,99,99,36,0
2019-03-31T12:00,17.1,77,13.1,15.6,0.00,100,95,27,0
2019-03-31T13:00,17.2,78,13.3,15.6,0.00,100,100,23,0
2019-03-31T14:00,17.2,77,13.2,15.4,0.00,99,99,16,1
2019-03-31T15:00,17.0,79,13.4,15.5,0.00,99,99,26,1
2019-03-31T16:00,16.8,78,13.0,15.2,0.10,99,99,39,0
2019-03-31T17:00,16.6,79,12.9,14.9,0.10,100,100,52,0
2019-03-31T18:00,16.4,79,12.8,15.0,0.00,100,100,69,0
2019-03-31T19:00,16.2,81,12.8,14.9,0.10,100,100,87,0
2019-03-31T20:00,16.1,82,13.1,15.0,0.40,100,100,90,0
2019-03-31T21:00,15.9,85,13.4,14.9,0.30,100,61,100,0
2019-03-31T22:00,16.0,86,13.6,15.1,0.40,100,88,100,0
2019-03-31T23:00,15.8,89,13.9,15.0,0.90,100,100,100,0
2019-04-01T00:00,16.0,87,13.8,15.1,1.10,100,4,100,0
2019-04-01T01:00,16.6,87,14.5,15.6,0.70,100,9,100,7
2019-04-01T02:00,16.5,87,14.4,15.4,0.70,100,54,100,0
2019-04-01T03:00,17.3,82,14.2,15.5,0.30,99,85,99,0
2019-04-01T04:00,17.2,81,13.9,15.6,0.10,98,96,93,34
2019-04-01T05:00,17.1,80,13.6,15.4,0.10,100,100,87,72
2019-04-01T06:00,17.3,78,13.3,15.3,0.00,90,70,89,0
2019-04-01T07:00,17.1,76,12.8,15.4,0.00,100,22,100,0
2019-04-01T08:00,17.6,73,12.7,16.1,0.00,97,4,93,68
2019-04-01T09:00,17.2,74,12.6,15.5,0.00,93,18,83,73
2019-04-01T10:00,16.9,73,12.0,14.9,0.00,91,91,15,0
2019-04-01T11:00,17.0,71,11.7,14.8,0.00,99,99,18,18
2019-04-01T12:00,16.7,71,11.5,14.8,0.00,99,97,47,0
2019-04-01T13:00,17.0,72,11.8,15.1,0.00,96,85,94,24
2019-04-01T14:00,17.1,73,12.3,15.3,0.00,100,44,100,15
2019-04-01T15:00,17.3,74,12.6,15.7,0.00,100,97,100,38
2019-04-01T16:00,17.4,74,12.8,15.8,0.00,100,97,100,76
2019-04-01T17:00,17.6,76,13.3,16.2,0.10,100,93,100,79
2019-04-01T18:00,17.6,78,13.8,16.3,0.20,100,100,100,59
2019-04-01T19:00,17.6,82,14.4,16.6,0.50,100,100,100,0
2019-04-01T20:00,17.6,84,14.8,16.9,0.50,100,100,96,0
2019-04-01T21:00,17.6,86,15.3,17.0,0.40,98,97,87,0
2019-04-01T22:00,17.4,89,15.6,17.0,0.40,100,100,100,0
2019-04-01T23:00,18.1,87,15.9,17.7,0.20,100,100,100,0
2019-04-02T00:00,19.3,84,16.5,19.1,0.10,100,100,72,0
2019-04-02T01:00,20.5,81,17.1,20.6,0.10,100,100,87,0
2019-04-02T02:00,20.8,80,17.3,21.0,0.20,100,88,100,0
2019-04-02T03:00,21.7,75,17.1,21.5,0.10,96,95,79,0
2019-04-02T04:00,22.1,74,17.2,21.8,0.00,57,9,56,0
2019-04-02T05:00,22.6,72,17.3,22.4,0.00,72,23,71,0
2019-04-02T06:00,23.1,70,17.4,22.9,0.00,63,16,62,0
2019-04-02T07:00,22.7,73,17.6,22.8,0.40,78,2,78,0
2019-04-02T08:00,21.7,80,18.0,22.3,0.10,78,63,73,0
2019-04-02T09:00,21.3,81,18.0,22.5,0.30,91,46,90,0
2019-04-02T10:00,20.4,83,17.5,21.5,0.10,71,12,69,0
2019-04-02T11:00,19.9,85,17.3,21.0,0.20,88,35,85,0
2019-04-02T12:00,19.5,87,17.3,21.3,0.30,50,29,49,0
2019-04-02T13:00,19.3,88,17.2,21.2,0.00,45,35,37,0
2019-04-02T14:00,18.6,91,17.1,20.1,0.00,52,27,46,0
2019-04-02T15:00,20.1,82,16.8,22.3,0.00,57,27,55,0
2019-04-02T16:00,17.9,93,16.8,19.4,0.00,100,99,85,0
2019-04-02T17:00,18.3,95,17.5,20.5,0.00,100,100,100,0
2019-04-02T18:00,18.1,97,17.6,20.2,0.10,100,100,64,0
2019-04-02T19:00,18.8,96,18.2,21.0,0.10,92,91,49,0
2019-04-02T20:00,18.8,96,18.1,20.5,0.10,94,92,80,0
2019-04-02T21:00,18.5,96,17.8,20.4,0.10,100,89,100,0
2019-04-02T22:00,18.5,95,17.7,20.4,0.10,99,99,34,0
2019-04-02T23:00,18.8,94,17.8,20.6,0.10,98,98,26,0
2019-04-03T00:00,19.8,89,18.0,21.1,0.10,100,100,36,0
2019-04-03T01:00,20.6,85,18.0,21.8,0.10,100,100,48,0
2019-04-03T02:00,21.5,81,18.0,22.5,0.10,100,100,39,0
2019-04-03T03:00,22.2,77,17.9,23.0,0.00,97,96,43,0
2019-04-03T04:00,22.9,74,18.1,23.6,0.10,99,98,87,0
2019-04-03T05:00,23.0,74,18.1,23.8,0.10,100,100,39,0
2019-04-03T06:00,23.4,74,18.6,24.5,0.10,100,100,30,6
2019-04-03T07:00,22.8,79,18.9,24.4,0.10,94,94,20,0
2019-04-03T08:00,22.8,77,18.6,24.5,0.00,37,25,29,0
2019-04-03T09:00,22.5,78,18.5,24.3,0.00,27,19,24,0
2019-04-03T10:00,22.1,79,18.2,24.7,0.00,29,21,26,0
2019-04-03T11:00,19.8,91,18.3,22.2,0.00,32,27,23,0
2019-04-03T12:00,19.7,93,18.5,22.1,0.00,47,17,8,0
2019-04-03T13:00,19.3,95,18.5,21.7,0.00,37,31,11,5
2019-04-03T14:00,19.5,95,18.7,22.1,0.00,37,30,26,0
2019-04-03T15:00,19.5,94,18.6,21.6,0.00,40,36,17,0
2019-04-03T16:00,20.1,92,18.7,21.6,0.00,26,16,16,6
2019-04-03T17:00,20.2,93,18.9,21.5,0.00,30,24,24,0
2019-04-03T18:00,20.4,93,19.1,21.6,0.00,39,12,36,0
2019-04-03T19:00,20.5,90,18.9,21.7,0.00,32,8,30,0
2019-04-03T20:00,20.7,89,18.8,21.6,0.00,41,3,40,0
2019-04-03T21:00,20.6,89,18.8,21.6,0.00,57,32,53,0
2019-04-03T22:00,20.8,89,18.8,21.9,0.00,50,0,50,1
2019-04-03T23:00,21.6,87,19.4,23.5,0.00,36,8,34,0
2019-04-04T00:00,23.8,81,20.3,25.8,0.00,24,2,9,32
2019-04-04T01:00,25.6,74,20.6,28.0,0.00,31,0,31,0
2019-04-04T02:00,26.6,71,20.9,30.1,0.00,10,0,10,0
2019-04-04T03:00,27.3,69,21.0,32.1,0.00,16,6,14,0
2019-04-04T04:00,27.5,67,20.8,31.9,0.00,31,3,14,25
2019-04-04T05:00,27.6,67,21.0,31.9,0.00,11,5,10,0
2019-04-04T06:00,27.5,67,20.9,31.3,0.30,19,14,10,9
2019-04-04T07:00,26.8,71,21.0,29.4,0.20,74,19,8,69
2019-04-04T08:00,25.6,79,21.7,28.5,0.40,75,22,4,68
2019-04-04T09:00,23.8,88,21.6,26.9,0.00,51,36,3,38
2019-04-04T10:00,22.3,93,21.1,25.7,0.00,84,70,2,49
2019-04-04T11:00,21.8,94,20.9,25.0,0.00,95,95,0,6
2019-04-04T12:00,21.2,94,20.3,23.4,0.00,97,100,29,0
2019-04-04T13:00,21.0,92,19.6,23.4,0.00,98,97,41,12
2019-04-04T14:00,20.7,92,19.4,23.2,0.00,100,100,36,16
2019-04-04T15:00,20.4,94,19.4,23.0,0.00,100,100,0,84
2019-04-04T16:00,20.3,94,19.3,22.7,0.00,100,100,1,81
2019-04-04T17:00,20.1,95,19.2,22.6,0.00,100,100,0,44
2019-04-04T18:00,19.9,95,19.0,22.2,0.10,100,100,0,82
2019-04-04T19:00,19.7,94,18.7,21.8,0.10,100,100,1,57
2019-04-04T20:00,19.6,93,18.4,21.6,0.00,99,99,5,2
2019-04-04T21:00,19.5,92,18.2,21.5,0.00,98,98,19,0
2019-04-04T22:00,19.4,92,18.1,21.2,0.00,100,100,7,0
2019-04-04T23:00,19.7,90,18.1,21.2,0.00,100,100,6,0
2019-04-05T00:00,21.3,86,18.9,23.6,0.00,100,85,19,0
2019-04-05T01:00,22.1,83,19.1,24.1,0.00,87,84,26,0
2019-04-05T02:00,22.9,80,19.3,25.0,0.00,34,34,1,0
2019-04-05T03:00,24.1,75,19.4,26.9,0.00,24,23,2,0
2019-04-05T04:00,23.9,74,18.9,25.7,0.00,41,41,0,0
2019-04-05T05:00,24.0,71,18.4,26.0,0.00,43,43,0,0
2019-04-05T06:00,24.2,69,18.2,26.4,0.00,43,43,1,0
2019-04-05T07:00,23.8,70,17.9,25.6,0.00,41,41,1,0
2019-04-05T08:00,23.1,71,17.6,25.0,0.00,34,34,1,0
2019-04-05T09:00,21.7,75,17.1,22.9,0.00,22,22,0,0
2019-04-05T10:00,20.0,80,16.4,20.8,0.00,17,17,0,0
2019-04-05T11:00,19.1,82,16.0,20.0,0.00,12,12,0,0
2019-04-05T12:00,19.0,84,16.2,19.8,0.00,19,11,5,12
2019-04-05T13:00,19.3,83,16.3,19.9,0.00,45,7,2,41
2019-04-05T14:00,19.2,85,16.6,19.7,0.00,84,6,4,83
2019-04-05T15:00,19.0,87,16.7,19.5,0.00,80,10,6,78
2019-04-05T16:00,18.7,88,16.7,19.3,0.00,41,14,9,31
2019-04-05T17:00,18.6,89,16.7,19.3,0.00,46,19,14,33
2019-04-05T18:00,18.6,89,16.8,19.3,0.00,20,19,15,0
2019-04-05T19:00,18.5,90,16.9,19.3,0.00,20,19,13,0
2019-04-05T20:00,18.4,92,17.0,19.5,0.00,17,17,7,0
2019-04-05T21:00,18.2,94,17.2,19.7,0.00,14,14,4,0
2019-04-05T22:00,17.9,95,17.1,19.6,0.00,9,9,4,0
2019-04-05T23:00,19.8,91,18.2,22.1,0.00,7,7,4,0
2019-04-06T00:00,22.4,80,18.7,25.3,0.00,5,0,0,0
2019-04-06T01:00,24.5,67,18.0,27.4,0.00,0,0,0,0
2019-04-06T02:00,26.0,60,17.5,28.9,0.00,0,0,0,0
2019-04-06T03:00,26.7,59,18.0,30.1,0.00,13,0,0,13
2019-04-06T04:00,27.0,60,18.7,30.7,0.00,58,58,0,0
2019-04-06T05:00,26.8,64,19.4,30.2,0.00,75,67,0,25
2019-04-06T06:00,26.1,63,18.4,28.0,0.00,53,43,0,18
2019-04-06T07:00,25.8,63,18.1,27.7,0.00,61,61,0,0
2019-04-06T08:00,25.4,64,18.1,27.6,0.00,75,53,0,49
2019-04-06T09:00,24.3,72,18.9,26.9,0.00,47,18,0,35
2019-04-06T10:00,22.5,80,18.9,25.2,0.00,54,15,0,46
2019-04-06T11:00,20.6,89,18.8,23.0,0.00,88,18,0,85
2019-04-06T12:00,22.7,76,18.1,25.1,0.00,90,12,0,70
2019-04-06T13:00,21.6,83,18.6,24.3,0.00,46,4,0,44
2019-04-06T14:00,20.1,90,18.5,22.6,0.00,33,1,0,32
2019-04-06T15:00,19.6,93,18.4,22.0,0.00,38,1,0,37
2019-04-06T16:00,19.1,94,18.1,21.4,0.00,44,2,1,42
2019-04-06T17:00,18.6,95,17.8,20.9,0.00,55,1,0,54
2019-04-06T18:00,20.5,87,18.3,23.3,0.00,76,0,1,76
2019-04-06T19:00,20.9,85,18.3,23.6,0.00,90,0,1,90
2019-04-06T20:00,20.8,86,18.3,23.6,0.00,31,2,1,29
2019-04-06T21:00,19.1,91,17.7,21.4,0.00,10,6,2,3
2019-04-06T22:00,19.4,91,17.9,21.9,0.00,27,3,2,24
2019-04-06T23:00,21.4,87,19.1,24.6,0.00,39,3,2,36
2019-04-07T00:00,23.1,80,19.5,26.3,0.00,73,1,2,76
2019-04-07T01:00,24.5,77,20.2,27.1,0.00,74,17,7,68
2019-04-07T02:00,25.8,71,20.3,28.1,0.00,93,85,7,55
2019-04-07T03:00,27.2,65,20.0,28.8,0.00,100,100,4,15
2019-04-07T04:00,27.4,67,20.7,29.1,0.10,75,68,7,20
2019-04-07T05:00,27.3,70,21.2,29.1,0.10,60,32,9,42
2019-04-07T06:00,27.2,72,21.6,29.7,0.00,17,8,10,7
2019-04-07T07:00,27.5,69,21.3,30.2,0.00,77,8,10,74
2019-04-07T08:00,27.0,71,21.3,29.8,0.00,55,5,12,51
2019-04-07T09:00,26.2,76,21.6,29.7,0.00,52,3,9,48
2019-04-07T10:00,24.3,83,21.3,28.0,0.00,41,6,5,36
2019-04-07T11:00,22.5,91,20.9,25.9,0.00,26,7,3,19
2019-04-07T12:00,22.8,87,20.5,26.6,0.00,25,0,7,75
2019-04-07T13:00,22.3,91,20.7,25.9,0.00,77,0,3,77
2019-04-07T14:00,22.0,90,20.3,25.4,0.00,41,0,1,40
2019-04-07T15:00,21.4,91,20.0,24.4,0.00,32,0,0,31
2019-04-07T16:00,20.7,93,19.6,23.5,0.00,46,0,0,45
2019-04-07T17:00,20.4,94,19.4,23.0,0.00,72,0,1,72
2019-04-07T18:00,20.4,92,19.1,23.0,0.00,41,0,0,41
2019-04-07T19:00,20.6,91,19.0,23.5,0.00,7,0,0,7
2019-04-07T20:00,20.4,91,18.8,23.3,0.00,1,0,0,0
2019-04-07T21:00,19.9,92,18.6,22.7,0.00,1,0,0,0
2019-04-07T22:00,19.8,93,18.6,22.8,0.00,2,2,1,0
2019-04-07T23:00,21.9,89,19.9,25.6,0.00,3,3,3,0
2019-04-08T00:00,24.5,78,20.4,28.2,0.00,3,1,1,8
2019-04-08T01:00,26.7,69,20.5,30.5,0.00,23,1,1,22
2019-04-08T02:00,28.5,62,20.5,33.3,0.00,1,1,1,0
2019-04-08T03:00,30.0,56,20.4,35.7,0.00,11,8,9,0
2019-04-08T04:00,30.8,51,19.5,35.8,0.00,23,9,20,4
2019-04-08T05:00,30.9,48,18.5,34.6,0.00,19,0,19,0
2019-04-08T06:00,30.8,46,17.9,33.3,0.00,31,1,31,0
2019-04-08T07:00,29.7,54,19.3,31.5,0.00,26,0,16,13
2019-04-08T08:00,28.6,64,21.1,31.1,0.00,28,1,15,15
2019-04-08T09:00,27.4,69,21.2,30.0,0.00,26,5,20,8
2019-04-08T10:00,25.8,75,21.1,28.4,0.00,24,9,12,13
2019-04-08T11:00,24.6,80,20.9,27.5,0.00,14,10,11,2
2019-04-08T12:00,23.7,84,20.7,26.9,0.00,56,1,5,38
2019-04-08T13:00,23.5,85,20.9,27.1,0.00,77,5,5,76
2019-04-08T14:00,22.3,90,20.6,25.7,0.00,61,3,0,60
2019-04-08T15:00,21.9,90,20.2,25.2,0.00,77,2,0,76
2019-04-08T16:00,22.3,88,20.2,25.8,0.00,71,2,0,71
2019-04-08T17:00,22.5,87,20.2,26.3,0.00,44,3,0,43
2019-04-08T18:00,22.1,89,20.1,25.5,0.00,47,4,0,45
2019-04-08T19:00,21.9,91,20.3,25.6,0.00,49,5,0,47
2019-04-08T20:00,19.8,97,19.4,23.0,0.00,80,5,0,79
2019-04-08T21:00,20.2,97,19.8,23.7,0.00,18,5,0,15
2019-04-08T22:00,20.3,97,19.8,23.6,0.00,35,3,0,34
2019-04-08T23:00,22.3,92,20.9,26.0,0.00,30,2,0,29
2019-04-09T00:00,24.1,84,21.2,28.5,0.00,1,4,0,4
2019-04-09T01:00,25.9,77,21.6,30.6,0.00,2,2,0,0
2019-04-09T02:00,27.5,69,21.3,32.6,0.00,1,1,0,0
2019-04-09T03:00,29.2,62,21.3,35.1,0.00,1,1,0,0
2019-04-09T04:00,30.0,59,21.1,34.8,0.00,17,17,0,0
2019-04-09T05:00,30.0,59,21.0,34.2,0.00,27,27,0,0
2019-04-09T06:00,29.9,63,22.1,33.9,0.00,45,45,0,0
2019-04-09T07:00,29.7,67,22.9,33.7,0.00,90,90,0,0
2019-04-09T08:00,28.5,74,23.4,32.5,0.10,82,82,0,0
2019-04-09T09:00,27.2,79,23.2,31.5,0.00,38,38,0,0
2019-04-09T10:00,26.0,82,22.7,30.6,0.00,27,21,0,8
2019-04-09T11:00,24.8,86,22.4,29.4,0.00,24,19,0,7
2019-04-09T12:00,23.8,90,22.1,27.9,0.00,19,20,0,0
2019-04-09T13:00,24.4,85,21.7,28.3,0.00,14,14,0,0
2019-04-09T14:00,23.3,88,21.2,27.0,0.00,6,6,0,0
2019-04-09T15:00,21.6,95,20.7,25.5,0.00,3,3,0,0
2019-04-09T16:00,21.4,96,20.7,25.1,0.00,3,3,0,0
2019-04-09T17:00,20.8,97,20.4,24.5,0.00,1,1,0,0
2019-04-09T18:00,20.3,98,19.9,23.7,0.00,0,0,0,0
2019-04-09T19:00,20.0,98,19.7,23.3,0.00,0,0,0,0
2019-04-09T20:00,19.9,98,19.5,23.1,0.00,1,1,0,0
2019-04-09T21:00,20.1,95,19.2,23.2,0.00,1,0,0,0
2019-04-09T22:00,20.2,93,19.1,23.1,0.00,1,0,1,0
2019-04-09T23:00,23.6,84,20.8,27.0,0.00,1,1,1,0
2019-04-10T00:00,25.6,78,21.4,29.4,0.00,2,2,1,0
2019-04-10T01:00,27.7,71,21.8,31.2,0.00,3,2,2,0
2019-04-10T02:00,29.2,64,21.8,32.9,0.00,2,0,1,0
2019-04-10T03:00,29.5,65,22.4,34.0,0.00,30,0,0,30
2019-04-10T04:00,27.9,74,22.9,31.9,0.00,47,19,14,32
2019-04-10T05:00,26.1,78,21.9,29.3,0.00,78,72,1,26
2019-04-10T06:00,23.8,79,19.8,25.0,0.10,45,43,0,12
2019-04-10T07:00,22.7,78,18.7,23.4,0.10,62,60,0,5
2019-04-10T08:00,21.5,80,17.9,21.9,0.10,100,100,1,5
2019-04-10T09:00,20.9,80,17.3,21.2,0.10,100,100,3,5
2019-04-10T10:00,20.3,81,16.9,20.8,0.00,100,100,3,15
2019-04-10T11:00,20.0,82,16.7,20.5,0.10,100,100,1,7
2019-04-10T12:00,19.9,85,17.4,21.0,0.10,100,100,0,2
2019-04-10T13:00,20.1,85,17.5,21.1,0.10,100,100,1,0
2019-04-10T14:00,20.0,85,17.4,20.7,0.00,100,100,1,0
2019-04-10T15:00,19.9,85,17.4,20.7,0.10,100,100,2,2
2019-04-10T16:00,19.9,86,17.5,20.7,0.10,100,100,6,20
2019-04-10T17:00,19.8,86,17.4,20.5,0.00,97,96,2,19
2019-04-10T18:00,19.7,86,17.4,20.4,0.00,84,77,3,35
2019-04-10T19:00,19.6,87,17.3,20.3,0.00,45,25,2,35
2019-04-10T20:00,19.7,86,17.3,20.3,0.00,27,10,7,18
2019-04-10T21:00,19.7,87,17.4,20.4,0.00,21,18,7,2
2019-04-10T22:00,19.9,87,17.6,20.6,0.00,44,39,6,6
2019-04-10T23:00,20.9,85,18.3,21.9,0.00,42,41,5,0
2019-04-11T00:00,22.6,77,18.4,23.2,0.00,40,37,5,0
2019-04-11T01:00,24.7,70,18.9,25.8,0.00,34,33,4,0
2019-04-11T02:00,26.1,66,19.3,28.1,0.00,72,53,5,43
2019-04-11T03:00,26.8,65,19.6,29.6,0.10,92,78,6,71
2019-04-11T04:00,26.0,69,19.9,27.8,0.10,100,99,8,62
2019-04-11T05:00,25.1,74,20.2,27.3,0.00,100,100,6,21
2019-04-11T06:00,25.5,73,20.4,27.8,0.00,100,100,7,0
2019-04-11T07:00,24.6,76,20.1,26.9,0.10,100,100,12,0
2019-04-11T08:00,23.0,82,19.8,25.3,0.20,100,100,25,1
2019-04-11T09:00,21.5,85,18.8,23.4,0.20,100,100,24,0
2019-04-11T10:00,20.2,87,18.0,21.7,0.50,100,100,43,20
2019-04-11T11:00,19.2,87,17.1,20.4,0.70,100,100,85,73
2019-04-11T12:00,18.9,88,16.8,21.2,1.10,100,100,86,54
2019-04-11T13:00,18.7,92,17.4,21.0,1.10,91,90,65,45
2019-04-11T14:00,18.5,93,17.3,20.7,0.70,78,69,68,17
2019-04-11T15:00,18.5,91,17.0,20.7,0.10,100,100,100,11
2019-04-11T16:00,18.5,90,16.8,20.5,0.60,100,100,100,6
2019-04-11T17:00,18.3,88,16.4,19.9,0.40,100,100,85,4
2019-04-11T18:00,18.0,86,15.6,19.1,0.10,100,100,57,1
2019-04-11T19:00,17.7,84,15.0,18.7,0.10,100,100,49,2
2019-04-11T20:00,17.5,84,14.9,18.4,0.00,99,97,46,72
2019-04-11T21:00,17.4,84,14.7,18.2,0.00,82,80,36,16
2019-04-11T22:00,17.5,82,14.4,18.2,0.00,90,83,22,51
2019-04-11T23:00,17.9,81,14.6,18.6,0.00,99,99,22,19
2019-04-12T00:00,18.4,77,14.3,18.0,0.00,100,99,20,8
2019-04-12T01:00,18.9,74,14.1,17.9,0.00,100,100,12,8
2019-04-12T02:00,19.3,72,14.1,17.9,0.00,100,100,7,50
2019-04-12T03:00,20.4,69,14.5,19.0,0.00,100,100,10,4
2019-04-12T04:00,20.6,68,14.5,19.2,0.00,99,99,12,80
2019-04-12T05:00,20.9,67,14.6,19.4,0.00,100,100,13,75
2019-04-12T06:00,20.9,67,14.6,19.4,0.00,100,100,12,91
2019-04-12T07:00,21.1,66,14.6,19.5,0.00,100,100,12,100
2019-04-12T08:00,20.2,69,14.4,18.8,0.00,100,100,43,100
2019-04-12T09:00,19.8,72,14.7,18.7,0.00,98,94,76,97
2019-04-12T10:00,19.1,74,14.5,18.1,0.00,100,15,88,100
2019-04-12T11:00,18.6,78,14.6,17.5,0.40,100,6,87,100
2019-04-12T12:00,18.0,86,15.5,17.6,1.00,99,15,29,100
2019-04-12T13:00,18.7,84,15.9,18.4,0.10,100,16,99,100
2019-04-12T14:00,18.7,85,16.2,18.3,0.20,100,11,100,100
2019-04-12T15:00,18.5,88,16.5,18.5,0.70,100,7,100,100
2019-04-12T16:00,18.7,89,16.8,18.9,0.90,100,13,99,100
2019-04-12T17:00,18.6,90,16.9,18.7,0.90,100,16,100,100
2019-04-12T18:00,18.7,90,17.1,19.0,0.40,100,5,100,100
2019-04-12T19:00,18.9,90,17.3,19.6,0.40,100,26,100,89
2019-04-12T20:00,19.3,88,17.3,19.9,0.10,92,29,91,1
2019-04-12T21:00,19.3,89,17.4,19.9,0.00,96,94,38,0
2019-04-12T22:00,19.4,90,17.7,20.3,0.00,49,43,23,0
2019-04-12T23:00,20.5,88,18.5,21.7,0.00,53,32,39,19
2019-04-13T00:00,22.6,81,19.3,25.3,0.00,50,18,40,0
2019-04-13T01:00,24.5,74,19.6,27.3,0.00,48,6,46,1
2019-04-13T02:00,25.6,70,19.8,28.3,0.00,22,1,22,0
2019-04-13T03:00,27.4,64,19.9,31.5,0.00,73,4,36,66
2019-04-13T04:00,27.9,62,19.9,32.3,0.20,51,21,42,22
2019-04-13T05:00,26.4,71,20.6,29.4,1.40,94,0,72,88
2019-04-13T06:00,24.8,82,21.5,28.1,0.60,78,0,52,69
2019-04-13T07:00,24.2,85,21.5,27.7,0.30,77,1,79,39
2019-04-13T08:00,24.1,83,21.1,27.9,0.10,57,1,56,2
2019-04-13T09:00,23.9,83,20.7,27.5,0.00,83,6,80,27
2019-04-13T10:00,22.6,90,20.9,26.5,0.00,100,19,99,87
2019-04-13T11:00,22.1,92,20.7,25.9,0.00,95,38,55,92
2019-04-13T12:00,21.3,95,20.5,25.1,0.00,96,1,62,92
2019-04-13T13:00,22.0,91,20.5,25.8,0.20,99,3,60,99
2019-04-13T14:00,21.7,93,20.5,25.5,0.10,74,4,9,71
2019-04-13T15:00,21.2,95,20.4,24.9,0.00,61,6,13,55
2019-04-13T16:00,20.8,96,20.2,24.6,0.00,52,11,45,8
2019-04-13T17:00,19.6,99,19.4,22.7,0.00,100,26,44,100
2019-04-13T18:00,20.3,98,20.0,23.4,0.00,100,99,29,82
2019-04-13T19:00,20.3,98,19.9,23.3,0.00,100,100,34,9
2019-04-13T20:00,20.3,97,19.8,23.5,0.00,100,100,20,14
2019-04-13T21:00,20.3,97,19.8,23.6,0.00,100,100,31,14
2019-04-13T22:00,20.5,97,20.0,24.1,0.00,100,100,25,4
2019-04-13T23:00,21.3,93,20.2,24.9,0.10,71,65,39,1
2019-04-14T00:00,23.0,82,19.8,26.4,0.40,52,83,16,18
2019-04-14T01:00,24.3,78,20.1,27.9,0.00,92,91,27,20
2019-04-14T02:00,25.1,75,20.3,28.8,0.00,100,100,21,11
2019-04-14T03:00,25.9,72,20.5,29.4,0.10,60,54,28,21
2019-04-14T04:00,25.5,74,20.5,28.2,0.40,100,100,92,23
2019-04-14T05:00,23.8,84,21.0,26.9,0.80,98,98,97,33
2019-04-14T06:00,23.4,87,21.1,26.7,1.20,92,36,90,32
2019-04-14T07:00,23.7,86,21.2,27.1,0.40,86,60,40,74
2019-04-14T08:00,23.3,83,20.2,26.2,0.20,97,21,34,96
2019-04-14T09:00,22.4,84,19.6,24.9,0.40,87,21,24,83
2019-04-14T10:00,21.3,86,18.9,23.5,0.00,82,26,26,76
2019-04-14T11:00,20.6,87,18.5,22.7,0.10,98,43,27,96
2019-04-14T12:00,20.9,87,18.6,22.9,0.60,100,100,36,85
2019-04-14T13:00,20.9,87,18.6,22.6,0.50,100,100,55,91
2019-04-14T14:00,20.4,89,18.6,22.3,0.90,100,100,89,99
2019-04-14T15:00,20.0,89,18.1,21.4,1.60,100,100,87,96
2019-04-14T16:00,19.7,90,17.9,21.4,0.80,100,100,98,93
2019-04-14T17:00,19.2,88,17.3,20.5,1.20,100,100,100,89
2019-04-14T18:00,18.8,86,16.4,19.6,0.40,100,99,98,78
2019-04-14T19:00,18.9,81,15.7,19.3,0.00,100,100,96,0
2019-04-14T20:00,19.0,77,14.9,19.0,0.00,100,96,100,76
2019-04-14T21:00,18.7,77,14.6,18.8,0.00,99,98,68,83
2019-04-14T22:00,18.9,78,14.9,18.9,0.00,100,100,48,91
2019-04-14T23:00,19.6,77,15.4,19.6,0.00,99,99,32,26
2019-04-15T00:00,20.9,70,15.2,20.1,0.00,76,41,32,9
2019-04-15T01:00,21.5,67,15.1,20.1,0.00,80,74,27,18
2019-04-15T02:00,21.0,71,15.5,19.8,0.00,91,90,26,0
2019-04-15T03:00,21.7,68,15.6,20.2,0.00,100,100,26,0
2019-04-15T04:00,21.5,68,15.4,20.1,0.00,100,100,33,0
2019-04-15T05:00,22.0,65,15.2,20.4,0.00,100,100,35,0
2019-04-15T06:00,21.8,65,15.0,20.3,0.00,100,100,38,0
2019-04-15T07:00,21.7,66,15.0,20.2,0.00,59,44,47,0
2019-04-15T08:00,21.3,70,15.6,20.5,3.30,62,0,62,19
2019-04-15T09:00,20.1,75,15.6,19.9,0.80,96,1,96,20
2019-04-15T10:00,18.8,84,16.1,18.8,1.00,61,2,55,9
2019-04-15T11:00,18.4,86,16.1,18.3,0.90,91,1,91,3
2019-04-15T12:00,19.2,77,15.1,18.6,0.80,62,10,34,0
2019-04-15T13:00,19.1,81,15.8,18.4,2.00,65,1,65,0
2019-04-15T14:00,19.2,83,16.3,18.6,0.10,62,22,11,55
2019-04-15T15:00,19.1,85,16.5,18.7,0.00,64,23,17,57
2019-04-15T16:00,19.2,84,16.5,19.2,0.00,97,29,27,96
2019-04-15T17:00,19.3,84,16.5,19.2,0.00,99,33,52,98
2019-04-15T18:00,19.3,85,16.7,19.8,0.60,96,81,92,92
2019-04-15T19:00,19.0,89,17.1,20.5,0.50,100,99,88,86
2019-04-15T20:00,19.1,91,17.6,21.3,0.40,100,100,100,90
2019-04-15T21:00,19.2,92,17.9,21.7,0.40,100,100,100,91
2019-04-15T22:00,19.5,93,18.3,22.4,0.80,100,100,100,90
2019-04-15T23:00,19.8,93,18.6,22.5,0.90,100,100,98,13
2019-04-16T00:00,19.7,92,18.3,22.3,1.30,100,92,100,90
2019-04-16T01:00,19.9,92,18.6,22.1,5.00,99,0,98,86
2019-04-16T02:00,20.3,90,18.6,22.7,4.90,100,2,100,96
2019-04-16T03:00,21.8,84,19.0,24.4,2.50,98,48,93,89
2019-04-16T04:00,22.7,82,19.5,25.0,0.80,100,96,74,100
2019-04-16T05:00,22.3,85,19.6,24.6,1.40,100,3,100,100
2019-04-16T06:00,22.1,85,19.5,24.5,0.70,100,100,100,100
2019-04-16T07:00,21.8,85,19.3,23.9,0.20,100,99,61,97
2019-04-16T08:00,21.7,85,19.1,23.3,0.00,100,96,3,100
2019-04-16T09:00,20.5,87,18.3,21.7,0.30,100,100,100,100
2019-04-16T10:00,19.9,90,18.2,21.8,0.40,100,100,100,100
2019-04-16T11:00,19.6,92,18.3,21.7,0.10,100,100,97,100
2019-04-16T12:00,19.4,94,18.4,21.9,0.00,34,100,61,95
2019-04-16T13:00,19.4,94,18.4,21.9,0.00,36,35,18,0
2019-04-16T14:00,18.4,97,17.9,20.9,0.00,97,97,19,0
2019-04-16T15:00,18.3,97,17.9,20.6,0.00,99,99,27,0
2019-04-16T16:00,18.3,97,17.8,20.6,0.00,100,100,65,0
2019-04-16T17:00,18.9,95,18.1,21.1,0.10,100,100,92,0
2019-04-16T18:00,18.8,96,18.2,20.9,0.20,100,100,87,0
2019-04-16T19:00,18.8,96,18.2,21.0,0.10,100,100,72,0
2019-04-16T20:00,18.8,96,18.1,21.1,0.00,100,100,94,0
2019-04-16T21:00,18.9,95,18.1,21.1,0.00,99,98,97,0
2019-04-16T22:00,18.8,96,18.1,21.1,0.00,100,100,100,0
2019-04-16T23:00,19.5,92,18.1,21.7,0.00,100,100,100,0
2019-04-17T00:00,20.9,84,18.0,23.6,0.00,97,44,11,0
2019-04-17T01:00,22.6,74,17.6,24.9,0.00,37,37,12,0
2019-04-17T02:00,23.7,67,17.1,26.0,0.00,22,16,18,0
2019-04-17T03:00,24.3,64,16.9,27.0,0.00,20,19,13,0
2019-04-17T04:00,24.6,61,16.7,27.5,0.00,12,12,2,0
2019-04-17T05:00,24.6,60,16.4,27.2,0.00,9,9,1,0
2019-04-17T06:00,24.2,62,16.6,25.9,0.00,9,9,2,0
2019-04-17T07:00,23.5,66,16.7,24.3,0.00,15,15,5,0
2019-04-17T08:00,22.8,70,17.0,23.1,0.00,24,23,13,0
2019-04-17T09:00,22.1,74,17.3,22.6,0.00,22,21,12,0
2019-04-17T10:00,21.1,78,17.1,21.8,0.00,8,8,4,0
2019-04-17T11:00,20.3,80,16.7,20.6,0.00,4,4,1,0
2019-04-17T12:00,19.9,80,16.4,19.8,0.00,3,2,0,26
2019-04-17T13:00,19.8,79,16.1,19.6,0.00,28,2,0,27
2019-04-17T14:00,19.8,79,16.1,19.7,0.00,49,2,0,48
2019-04-17T15:00,19.7,80,16.1,19.9,0.00,9,4,0,5
2019-04-17T16:00,19.7,81,16.4,20.2,0.00,7,7,0,0
2019-04-17T17:00,19.4,83,16.4,20.3,0.00,8,8,0,0
2019-04-17T18:00,18.8,85,16.3,20.0,0.00,19,19,0,0
2019-04-17T19:00,18.2,89,16.3,19.4,0.00,29,29,0,0
2019-04-17T20:00,18.1,90,16.5,19.7,0.00,31,31,0,0
2019-04-17T21:00,18.1,92,16.8,20.0,0.00,36,36,0,0
2019-04-17T22:00,19.0,90,17.3,21.1,0.00,80,80,1,0
2019-04-17T23:00,21.3,84,18.5,23.6,0.00,89,89,4,0
2019-04-18T00:00,23.9,73,18.7,26.7,0.00,86,73,13,0
2019-04-18T01:00,24.6,73,19.5,27.7,0.00,29,29,9,0
2019-04-18T02:00,25.9,70,20.0,29.3,0.00,23,23,1,0
2019-04-18T03:00,27.0,65,19.9,31.1,0.00,16,16,1,0
2019-04-18T04:00,28.2,59,19.5,32.2,0.00,24,24,4,0
2019-04-18T05:00,29.1,55,19.2,33.5,0.00,58,57,6,0
2019-04-18T06:00,28.6,56,19.0,31.7,0.00,100,100,13,11
2019-04-18T07:00,28.1,58,19.1,31.3,0.00,99,97,33,96
2019-04-18T08:00,27.7,59,19.0,30.8,0.00,98,78,27,95
2019-04-18T09:00,26.4,75,21.6,30.9,0.00,98,54,33,95
2019-04-18T10:00,24.6,79,20.6,28.0,0.00,100,99,42,96
2019-04-18T11:00,24.2,73,19.1,26.8,0.00,88,71,45,67
2019-04-18T12:00,23.5,76,19.0,26.0,0.00,75,74,27,96
2019-04-18T13:00,23.3,76,18.9,25.5,0.00,97,41,24,95
2019-04-18T14:00,22.7,80,19.2,25.0,0.00,97,27,15,96
2019-04-18T15:00,22.6,83,19.6,25.1,0.00,95,22,11,94
2019-04-18T16:00,22.0,88,19.9,25.1,0.00,99,35,19,99
2019-04-18T17:00,21.3,92,20.0,24.3,0.00,100,17,7,100
2019-04-18T18:00,22.1,87,19.8,25.6,0.00,100,14,6,100
2019-04-18T19:00,20.4,94,19.4,23.5,0.00,100,19,55,100
2019-04-18T20:00,21.3,92,19.9,24.6,0.00,100,29,63,100
2019-04-18T21:00,21.5,89,19.7,24.4,0.00,100,5,64,100
2019-04-18T22:00,21.7,90,20.0,25.0,0.00,100,7,74,100
2019-04-18T23:00,22.5,89,20.6,26.0,0.00,100,0,40,100
2019-04-19T00:00,23.8,86,21.3,27.8,0.00,100,0,68,98
2019-04-19T01:00,24.7,82,21.4,28.4,0.00,99,0,96,96
2019-04-19T02:00,25.3,81,21.8,29.4,0.00,100,0,83,100
2019-04-19T03:00,26.6,76,22.0,31.2,0.00,100,3,96,100
2019-04-19T04:00,26.3,76,21.8,30.8,0.00,100,8,94,100
2019-04-19T05:00,26.7,75,21.9,30.9,0.00,100,16,26,100
2019-04-19T06:00,27.2,72,21.8,31.5,0.00,100,17,25,100
2019-04-19T07:00,26.6,75,21.9,30.6,0.00,100,22,33,100
2019-04-19T08:00,25.7,80,21.9,30.1,0.00,100,1,72,100
2019-04-19T09:00,25.0,83,21.9,29.6,0.30,100,0,99,100
2019-04-19T10:00,24.3,88,22.2,28.9,0.20,100,0,100,100
2019-04-19T11:00,23.9,88,21.9,28.2,0.10,100,0,99,100
2019-04-19T12:00,22.3,96,21.7,26.4,0.30,100,0,100,100
2019-04-19T13:00,22.5,95,21.7,26.7,2.70,100,0,100,100
2019-04-19T14:00,22.0,96,21.3,26.1,2.40,100,1,98,100
2019-04-19T15:00,22.0,96,21.2,26.0,0.90,100,74,100,100
2019-04-19T16:00,21.7,96,21.1,25.8,1.00,100,67,100,98
2019-04-19T17:00,21.4,98,21.0,25.5,0.90,100,9,100,98
2019-04-19T18:00,21.5,97,20.9,25.0,0.50,100,8,59,100
2019-04-19T19:00,21.4,95,20.6,24.5,0.40,97,23,71,93
2019-04-19T20:00,21.2,96,20.6,24.8,0.10,92,89,21,61
2019-04-19T21:00,21.4,95,20.6,24.9,0.00,77,76,33,10
2019-04-19T22:00,21.9,94,20.8,25.0,0.20,91,87,55,14
2019-04-19T23:00,22.2,94,21.3,24.8,1.10,100,100,100,31
2019-04-20T00:00,23.4,95,22.5,26.9,1.10,100,81,25,19
2019-04-20T01:00,24.0,92,22.6,27.1,0.10,46,42,28,0
2019-04-20T02:00,25.4,81,22.0,28.0,0.10,100,100,12,2
2019-04-20T03:00,26.3,80,22.6,29.6,0.20,100,100,3,1
2019-04-20T04:00,27.1,78,22.9,31.2,0.00,47,46,4,1
2019-04-20T05:00,26.9,78,22.8,31.3,0.00,36,27,29,4
2019-04-20T06:00,26.8,79,22.8,31.2,0.80,74,71,31,14
2019-04-20T07:00,26.3,79,22.5,30.3,0.30,63,48,25,38
2019-04-20T08:00,25.7,80,21.9,29.3,0.20,46,18,39,9
2019-04-20T09:00,25.2,82,21.9,29.1,0.00,42,8,25,25
2019-04-20T10:00,23.8,89,22.0,28.3,0.00,49,9,29,35
2019-04-20T11:00,23.7,87,21.4,28.0,0.00,82,10,6,80
2019-04-20T12:00,23.2,92,21.8,27.3,0.00,87,1,28,77
2019-04-20T13:00,22.7,95,21.8,26.8,0.00,96,6,54,95
2019-04-20T14:00,23.1,93,21.9,27.5,0.20,98,0,94,76
2019-04-20T15:00,22.3,97,21.7,26.6,0.20,97,6,96,29
2019-04-20T16:00,22.5,95,21.7,27.0,0.20,77,16,52,68
2019-04-20T17:00,22.0,97,21.5,26.5,0.30,74,63,42,54
2019-04-20T18:00,21.7,98,21.4,26.0,0.30,61,12,40,44
2019-04-20T19:00,21.9,98,21.5,26.2,0.00,70,45,44,43
2019-04-20T20:00,21.1,99,20.9,25.3,0.10,77,35,51,50
2019-04-20T21:00,21.3,98,21.1,25.6,0.20,70,28,52,49
2019-04-20T22:00,21.7,98,21.4,26.1,0.20,92,35,87,30
2019-04-20T23:00,22.6,95,21.7,27.1,0.10,52,11,32,33
2019-04-21T00:00,22.2,94,21.3,26.4,0.10,61,0,100,38
2019-04-21T01:00,23.4,88,21.3,27.6,1.80,100,3,100,14
2019-04-21T02:00,25.2,83,22.1,29.7,0.30,26,18,13,9
2019-04-21T03:00,27.0,76,22.4,31.8,0.00,49,46,16,1
2019-04-21T04:00,28.1,73,22.9,33.2,0.10,84,84,21,13
2019-04-21T05:00,26.4,81,22.9,30.0,1.70,56,45,47,2
2019-04-21T06:00,26.7,85,23.9,31.5,0.20,100,100,9,1
2019-04-21T07:00,26.7,87,24.4,31.6,0.20,93,92,12,7
2019-04-21T08:00,26.4,87,24.0,30.9,0.20,100,100,9,8
2019-04-21T09:00,25.4,88,23.3,29.9,0.50,100,100,29,39
2019-04-21T10:00,24.8,91,23.3,29.7,0.40,87,80,33,64
2019-04-21T11:00,24.2,94,23.1,28.8,0.10,69,31,24,56
2019-04-21T12:00,23.7,95,22.9,28.4,0.20,60,12,45,39
2019-04-21T13:00,23.6,96,22.9,28.6,1.20,52,16,24,43
2019-04-21T14:00,23.4,96,22.7,28.5,0.20,62,34,49,36
2019-04-21T15:00,23.5,94,22.5,28.3,1.00,95,27,93,47
2019-04-21T16:00,23.4,95,22.5,28.3,0.60,58,8,44,35
2019-04-21T17:00,23.3,93,22.1,28.0,0.20,87,5,41,81
2019-04-21T18:00,22.4,96,21.7,26.9,0.00,57,3,32,45
2019-04-21T19:00,22.1,96,21.3,26.3,0.00,18,1,11,11
2019-04-21T20:00,21.9,95,21.1,26.1,0.00,97,7,8,97
2019-04-21T21:00,22.1,95,21.2,26.1,0.00,89,8,10,87
2019-04-21T22:00,22.5,94,21.5,26.5,0.00,91,3,6,91
2019-04-21T23:00,24.7,88,22.6,29.3,0.00,14,6,5,9
2019-04-22T00:00,27.0,83,23.8,32.4,0.00,59,8,10,42
2019-04-22T01:00,28.6,69,22.3,33.6,0.00,19,7,17,3
2019-04-22T02:00,29.5,66,22.5,34.2,0.00,13,8,12,0
2019-04-22T03:00,29.9,67,23.0,35.0,0.10,32,29,20,1
2019-04-22T04:00,30.3,69,24.0,36.5,0.30,35,28,24,9
2019-04-22T05:00,29.6,73,24.2,35.4,4.30,35,18,9,28
2019-04-22T06:00,28.5,77,24.1,33.2,3.40,75,58,39,47
2019-04-22T07:00,27.0,84,24.1,32.2,1.60,71,34,12,64
2019-04-22T08:00,27.1,84,24.1,32.1,1.20,88,51,21,80
2019-04-22T09:00,25.7,87,23.5,30.7,3.10,97,66,42,95
2019-04-22T10:00,25.0,92,23.6,30.3,0.50,99,72,29,99
2019-04-22T11:00,24.5,92,23.2,29.2,0.20,98,83,22,96
2019-04-22T12:00,23.9,96,23.1,29.0,0.00,97,96,35,99
2019-04-22T13:00,23.8,95,23.0,28.7,0.50,99,97,22,98
2019-04-22T14:00,23.7,96,22.9,28.9,0.30,99,86,28,97
2019-04-22T15:00,23.9,94,22.8,29.2,0.10,97,50,20,96
2019-04-22T16:00,23.5,94,22.5,28.4,0.00,93,19,2,91
2019-04-22T17:00,23.1,95,22.2,27.5,0.00,94,2,38,95
2019-04-22T18:00,23.2,94,22.2,27.4,0.00,100,0,26,100
2019-04-22T19:00,23.0,95,22.1,27.4,0.00,26,7,7,21
2019-04-22T20:00,23.2,93,22.0,27.8,0.00,19,15,12,3
2019-04-22T21:00,23.1,94,22.0,27.6,0.00,26,14,12,11
2019-04-22T22:00,22.7,96,22.1,27.4,0.00,15,15,1,1
2019-04-22T23:00,24.2,93,23.0,29.3,0.00,20,20,0,0
2019-04-23T00:00,25.7,85,23.0,31.1,0.00,11,7,0,0
2019-04-23T01:00,27.0,82,23.6,31.9,0.00,4,4,0,0
2019-04-23T02:00,28.1,78,24.0,33.9,0.00,17,17,0,0
2019-04-23T03:00,29.8,71,24.0,35.8,0.00,36,36,0,0
2019-04-23T04:00,31.0,65,23.7,36.6,0.00,31,31,2,0
2019-04-23T05:00,30.8,66,23.8,36.4,0.00,18,14,12,2
2019-04-23T06:00,30.7,68,24.0,36.2,0.60,29,24,11,7
2019-04-23T07:00,30.3,70,24.2,35.4,0.80,40,32,7,18
2019-04-23T08:00,29.5,75,24.6,34.5,0.30,38,27,1,25
2019-04-23T09:00,28.4,78,24.2,33.5,0.00,58,39,1,40
2019-04-23T10:00,27.0,82,23.6,31.9,0.00,90,87,2,33
2019-04-23T11:00,26.2,83,23.0,30.8,0.00,64,41,2,40
2019-04-23T12:00,25.4,91,23.9,30.8,0.00,42,30,0,27
2019-04-23T13:00,25.4,92,24.0,31.0,0.00,68,16,1,65
2019-04-23T14:00,25.0,91,23.5,30.2,0.00,88,8,0,87
2019-04-23T15:00,24.1,94,23.1,29.0,0.00,88,5,0,87
2019-04-23T16:00,23.7,95,22.8,28.5,0.00,75,5,0,74
2019-04-23T17:00,23.2,95,22.4,27.8,0.00,91,3,0,91
2019-04-23T18:00,22.9,96,22.2,27.4,0.00,43,3,0,41
2019-04-23T19:00,23.1,94,22.1,27.6,0.00,4,3,0,0
2019-04-23T20:00,23.3,93,22.1,28.0,0.00,3,2,0,0
2019-04-23T21:00,22.1,96,21.5,26.2,0.00,2,2,0,0
2019-04-23T22:00,23.2,96,22.5,28.2,0.00,4,4,0,0
2019-04-23T23:00,24.9,91,23.3,30.4,0.00,8,8,0,0
2019-04-24T00:00,26.7,79,22.7,31.8,0.00,6,4,0,0
2019-04-24T01:00,27.9,75,23.1,32.8,0.00,1,1,0,0
2019-04-24T02:00,29.0,73,23.6,35.1,0.00,0,0,0,0
2019-04-24T03:00,30.3,68,23.8,36.5,0.00,2,2,0,0
2019-04-24T04:00,31.1,64,23.6,36.4,0.00,55,55,0,0
2019-04-24T05:00,31.4,65,24.2,37.3,0.00,17,17,0,0
2019-04-24T06:00,31.8,65,24.4,37.8,0.00,52,52,0,0
2019-04-24T07:00,31.3,67,24.5,36.5,0.00,100,100,0,1
2019-04-24T08:00,30.2,75,25.3,36.1,0.10,28,27,0,2
2019-04-24T09:00,29.3,78,25.2,35.4,0.10,55,55,0,0
2019-04-24T10:00,27.7,88,25.5,34.4,0.00,37,37,0,0
2019-04-24T11:00,26.0,94,24.9,32.0,0.00,100,100,0,36
2019-04-24T12:00,25.4,89,23.4,30.3,0.00,79,12,0,30
2019-04-24T13:00,24.7,92,23.4,29.7,0.00,20,3,0,18
2019-04-24T14:00,24.3,93,23.1,29.3,0.00,5,3,0,3
2019-04-24T15:00,23.5,95,22.6,28.0,0.00,3,3,0,0
2019-04-24T16:00,22.7,97,22.2,27.1,0.00,4,3,0,1
2019-04-24T17:00,22.4,98,22.0,26.6,0.00,10,4,0,6
2019-04-24T18:00,23.0,95,22.2,27.6,0.00,6,4,0,3
2019-04-24T19:00,22.4,98,22.0,26.8,0.00,34,33,0,1
2019-04-24T20:00,22.5,98,22.1,26.8,0.00,22,22,0,0
2019-04-24T21:00,22.7,92,21.3,26.0,0.00,19,19,0,0
2019-04-24T22:00,22.5,92,21.2,26.0,0.00,8,8,0,0
2019-04-24T23:00,23.9,89,21.9,27.8,0.00,7,7,0,0
2019-04-25T00:00,24.8,85,22.1,28.6,0.00,6,30,0,0
2019-04-25T01:00,26.3,78,22.3,30.5,0.00,24,24,0,0
2019-04-25T02:00,28.1,72,22.5,33.5,0.00,19,18,0,0
2019-04-25T03:00,29.6,67,22.9,35.7,0.00,56,7,0,53
2019-04-25T04:00,30.6,63,22.7,37.5,0.00,42,12,0,35
2019-04-25T05:00,31.0,62,23.0,37.5,0.00,54,4,1,52
2019-04-25T06:00,31.2,62,23.2,37.7,0.00,60,60,0,0
2019-04-25T07:00,31.0,62,22.8,35.8,0.00,77,77,0,0
2019-04-25T08:00,29.7,69,23.5,34.5,0.10,62,60,0,7
2019-04-25T09:00,28.7,73,23.4,33.7,0.00,32,12,4,23
2019-04-25T10:00,27.0,83,23.9,32.4,0.00,24,18,1,8
2019-04-25T11:00,25.2,91,23.6,30.5,0.00,18,15,5,0
2019-04-25T12:00,24.8,91,23.1,29.8,0.00,8,12,3,0
2019-04-25T13:00,25.5,87,23.1,30.0,0.00,46,11,33,19
2019-04-25T14:00,24.9,91,23.2,29.4,0.20,67,55,11,34
2019-04-25T15:00,24.9,90,23.2,29.7,0.10,73,64,12,23
2019-04-25T16:00,24.6,91,23.0,29.7,0.10,84,80,8,24
2019-04-25T17:00,24.4,93,23.2,29.9,0.00,88,86,10,12
2019-04-25T18:00,23.9,94,22.9,29.1,0.00,61,59,10,1
2019-04-25T19:00,23.5,96,22.8,28.4,0.00,47,45,6,0
2019-04-25T20:00,23.2,97,22.7,27.9,0.00,52,39,5,43
2019-04-25T21:00,23.2,96,22.5,27.8,0.00,59,55,6,8
2019-04-25T22:00,23.4,94,22.5,27.4,0.00,21,19,4,0
2019-04-25T23:00,24.3,89,22.5,27.8,0.00,34,29,7,6
2019-04-26T00:00,25.7,83,22.5,28.9,0.00,56,40,11,19
2019-04-26T01:00,26.6,79,22.7,29.9,0.00,49,42,14,29
2019-04-26T02:00,26.9,76,22.3,29.3,0.00,75,5,11,72
2019-04-26T03:00,27.1,72,21.7,29.4,0.00,74,9,8,71
2019-04-26T04:00,27.8,70,21.8,31.0,0.00,61,44,7,36
2019-04-26T05:00,27.8,71,22.1,31.1,0.00,96,96,14,4
2019-04-26T06:00,27.2,73,22.0,29.9,0.00,34,26,17,9
2019-04-26T07:00,27.5,72,22.0,30.2,0.00,49,47,15,10
2019-04-26T08:00,27.0,73,21.8,29.7,0.00,76,73,7,57
2019-04-26T09:00,25.9,76,21.5,28.6,0.00,100,35,13,100
2019-04-26T10:00,25.0,79,21.1,27.9,0.00,100,37,6,100
2019-04-26T11:00,24.6,83,21.4,27.6,0.00,98,42,3,97
2019-04-26T12:00,24.1,86,21.7,27.1,0.00,99,40,8,100
2019-04-26T13:00,24.4,86,21.9,27.3,0.00,100,70,64,100
2019-04-26T14:00,24.2,87,22.0,27.1,0.00,99,73,63,99
2019-04-26T15:00,23.8,89,22.0,26.6,0.20,100,41,100,100
2019-04-26T16:00,23.4,91,21.8,26.0,0.20,98,24,92,94
2019-04-26T17:00,23.1,92,21.7,25.9,0.20,86,14,68,69
2019-04-26T18:00,22.8,92,21.3,25.1,0.20,88,80,32,71
2019-04-26T19:00,22.4,90,20.6,24.1,0.20,98,96,13,42
2019-04-26T20:00,22.2,90,20.5,23.9,0.20,74,23,29,65
2019-04-26T21:00,22.1,90,20.4,23.7,0.10,97,10,35,97
2019-04-26T22:00,22.1,90,20.4,23.8,0.10,91,83,24,74
2019-04-26T23:00,22.3,89,20.3,23.6,0.10,71,18,23,64
2019-04-27T00:00,22.9,88,20.7,24.5,0.10,57,0,4,77
2019-04-27T01:00,23.9,82,20.6,24.4,0.10,65,44,2,58
2019-04-27T02:00,24.2,81,20.7,24.9,0.10,99,88,0,96
2019-04-27T03:00,24.8,77,20.6,25.5,0.00,55,11,20,42
2019-04-27T04:00,25.1,77,20.7,26.1,0.00,98,93,21,94
2019-04-27T05:00,24.4,78,20.3,24.8,0.10,100,100,16,98
2019-04-27T06:00,24.7,75,20.0,25.0,0.00,100,100,37,97
2019-04-27T07:00,24.2,79,20.4,25.4,0.00,100,100,54,98
2019-04-27T08:00,23.7,82,20.5,25.0,0.00,87,2,41,82
2019-04-27T09:00,23.6,84,20.7,25.0,0.00,49,2,10,45
2019-04-27T10:00,23.4,84,20.6,25.0,0.00,82,2,10,80
2019-04-27T11:00,22.9,87,20.5,24.6,0.00,98,6,15,98
2019-04-27T12:00,23.6,85,21.0,26.4,0.00,95,10,99,92
2019-04-27T13:00,23.3,87,21.0,26.1,0.30,97,61,74,95
2019-04-27T14:00,22.5,93,21.3,25.3,1.80,100,92,51,99
2019-04-27T15:00,22.4,95,21.5,25.2,1.20,99,0,29,98
2019-04-27T16:00,22.6,95,21.8,25.7,0.10,97,37,16,96
2019-04-27T17:00,22.5,95,21.7,24.9,1.80,82,29,36,75
2019-04-27T18:00,23.0,92,21.7,25.7,0.30,79,0,43,69
2019-04-27T19:00,23.0,91,21.5,25.8,0.00,72,0,6,71
2019-04-27T20:00,22.6,92,21.3,25.9,0.00,83,0,0,83
2019-04-27T21:00,22.2,93,21.0,25.8,0.00,97,0,0,97
2019-04-27T22:00,22.9,91,21.4,27.1,0.00,85,0,1,85
2019-04-27T23:00,23.9,90,22.2,28.5,0.00,76,0,0,76
2019-04-28T00:00,26.4,78,22.4,31.5,0.00,31,0,1,69
2019-04-28T01:00,27.5,75,22.7,31.4,0.00,89,0,1,89
2019-04-28T02:00,27.9,73,22.7,31.9,0.00,74,8,11,71
2019-04-28T03:00,28.0,73,22.7,32.4,1.60,72,66,24,50
2019-04-28T04:00,26.5,82,23.1,30.6,3.30,82,80,22,39
2019-04-28T05:00,26.6,80,22.8,30.4,3.00,49,45,14,29
2019-04-28T06:00,26.7,80,23.0,30.7,0.30,62,57,22,11
2019-04-28T07:00,26.7,80,23.0,30.5,0.40,100,100,32,12
2019-04-28T08:00,26.0,84,23.0,30.1,0.00,78,71,28,10
2019-04-28T09:00,25.7,85,23.0,30.0,0.00,48,36,24,2
2019-04-28T10:00,24.4,91,22.8,29.2,0.00,26,4,24,0
2019-04-28T11:00,23.2,94,22.3,27.6,0.00,18,5,13,4
2019-04-28T12:00,23.0,94,21.9,26.9,0.00,21,0,0,2
2019-04-28T13:00,23.1,93,21.9,27.3,0.00,1,0,0,0
2019-04-28T14:00,22.6,95,21.7,26.7,0.00,0,0,0,0
2019-04-28T15:00,22.1,95,21.3,26.0,0.00,0,0,0,0
2019-04-28T16:00,21.9,96,21.2,25.8,0.00,0,0,0,0
2019-04-28T17:00,21.9,96,21.3,25.5,0.00,16,16,0,0
2019-04-28T18:00,21.6,98,21.3,25.3,0.00,48,48,0,0
2019-04-28T19:00,21.4,99,21.3,25.3,0.00,56,56,0,0
2019-04-28T20:00,20.5,100,20.5,24.1,0.00,100,100,5,0
2019-04-28T21:00,21.3,100,21.3,25.5,0.00,100,100,8,0
2019-04-28T22:00,21.5,100,21.4,25.8,0.00,100,100,5,0
2019-04-28T23:00,23.0,92,21.6,27.3,0.00,60,60,1,0
2019-04-29T00:00,24.7,82,21.5,28.9,0.00,17,1,0,0
2019-04-29T01:00,26.5,77,22.2,31.3,0.00,0,0,0,0
2019-04-29T02:00,28.2,72,22.7,34.0,0.00,1,0,0,0
2019-04-29T03:00,29.5,67,22.7,35.6,0.00,16,3,6,12
2019-04-29T04:00,29.9,65,22.7,35.4,0.00,16,8,14,2
2019-04-29T05:00,29.5,69,23.2,35.2,0.00,42,17,23,29
2019-04-29T06:00,29.0,69,22.8,33.7,2.00,52,22,24,42
2019-04-29T07:00,29.1,71,23.2,33.9,0.10,27,24,18,2
2019-04-29T08:00,28.9,71,23.0,33.5,0.10,31,30,6,1
2019-04-29T09:00,28.5,73,23.2,33.7,0.00,24,24,7,0
2019-04-29T10:00,28.2,70,22.2,33.1,0.00,29,20,0,14
2019-04-29T11:00,26.8,77,22.5,31.6,0.00,12,12,0,0
2019-04-29T12:00,24.9,91,23.3,29.7,0.00,14,28,0,4
2019-04-29T13:00,24.8,91,23.3,29.9,0.00,10,6,0,4
2019-04-29T14:00,24.1,94,23.1,29.1,0.00,9,3,8,0
2019-04-29T15:00,23.5,95,22.6,28.3,0.00,11,3,8,1
2019-04-29T16:00,24.6,90,22.8,29.8,0.00,10,8,4,0
2019-04-29T17:00,24.3,91,22.7,29.3,0.00,18,17,1,0
2019-04-29T18:00,24.0,91,22.5,28.9,0.00,17,17,0,0
2019-04-29T19:00,22.7,95,21.8,27.2,0.00,18,17,2,0
2019-04-29T20:00,22.2,96,21.5,26.5,0.00,18,13,4,4
2019-04-29T21:00,22.4,95,21.5,26.9,0.00,12,5,5,5
2019-04-29T22:00,23.6,93,22.3,28.6,0.00,18,4,4,11
2019-04-29T23:00,25.1,88,23.0,30.3,0.00,18,6,3,14
2019-04-30T00:00,26.6,81,23.2,31.7,0.00,28,5,5,0
2019-04-30T01:00,27.8,75,23.0,32.6,0.00,12,9,3,6
2019-04-30T02:00,28.9,71,23.2,34.2,0.00,19,18,6,1
2019-04-30T03:00,30.3,65,23.0,34.7,0.00,39,38,4,1
2019-04-30T04:00,29.6,68,23.0,33.8,0.60,50,44,9,23
2019-04-30T05:00,29.9,75,25.0,35.4,0.70,84,82,4,31
2019-04-30T06:00,29.3,75,24.5,34.1,6.30,100,100,10,86
2019-04-30T07:00,28.1,82,24.8,33.5,1.40,96,76,15,88
2019-04-30T08:00,26.4,89,24.5,31.8,3.80,100,100,29,82
2019-04-30T09:00,25.1,95,24.2,30.0,4.60,97,90,17,94
2019-04-30T10:00,24.3,96,23.5,29.0,4.40,100,100,66,97
2019-04-30T11:00,24.3,94,23.3,29.0,0.90,97,82,34,95
2019-04-30T12:00,24.0,92,22.6,27.9,0.70,99,100,39,98
2019-04-30T13:00,24.0,93,22.8,29.0,0.30,100,100,48,100
2019-04-30T14:00,23.8,93,22.5,27.9,0.10,100,22,10,100
2019-04-30T15:00,23.1,96,22.4,27.4,0.10,95,16,52,92
2019-04-30T16:00,22.8,98,22.4,27.2,0.10,97,12,30,97
2019-04-30T17:00,22.6,98,22.3,26.8,0.20,97,7,22,96
2019-04-30T18:00,22.5,98,22.2,26.2,0.30,95,12,37,93
2019-04-30T19:00,22.7,95,21.8,26.6,0.40,96,1,90,94
2019-04-30T20:00,22.8,94,21.7,26.7,0.50,100,8,100,45
2019-04-30T21:00,22.5,95,21.7,26.3,0.60,97,24,93,91
2019-04-30T22:00,21.8,95,20.9,23.9,5.10,100,100,100,54
2019-04-30T23:00,20.6,90,18.9,23.4,5.30,100,37,100,31
2019-05-01T00:00,21.2,90,19.5,24.2,2.30,85,47,99,44
2019-05-01T01:00,21.2,85,18.6,23.1,2.80,93,89,89,40
2019-05-01T02:00,21.4,82,18.1,22.5,1.10,100,93,100,50
2019-05-01T03:00,21.0,85,18.3,22.4,2.00,92,18,91,2
2019-05-01T04:00,21.2,81,17.9,22.8,0.40,98,96,97,2
2019-05-01T05:00,21.8,80,18.1,23.4,0.40,97,93,89,0
2019-05-01T06:00,21.6,78,17.5,22.9,0.60,98,92,98,0
2019-05-01T07:00,21.0,78,17.1,22.6,0.70,100,11,100,0
2019-05-01T08:00,21.2,77,17.0,23.1,0.50,96,47,94,0
2019-05-01T09:00,21.0,78,17.1,22.7,0.20,100,100,100,0
2019-05-01T10:00,20.6,81,17.2,22.4,0.10,93,89,75,0
2019-05-01T11:00,20.2,76,15.8,21.3,0.00,97,11,97,0
2019-05-01T12:00,20.1,84,17.4,21.7,0.00,1,4,100,0
2019-05-01T13:00,20.4,81,17.1,21.5,0.00,98,2,98,0
2019-05-01T14:00,20.2,82,17.0,21.2,0.00,80,0,80,3
2019-05-01T15:00,19.4,84,16.7,20.4,0.00,39,0,23,30
2019-05-01T16:00,19.0,86,16.5,20.0,0.00,59,0,28,52
2019-05-01T17:00,18.9,86,16.5,20.0,0.00,84,0,45,76
2019-05-01T18:00,19.2,84,16.5,20.2,0.00,81,0,59,66
2019-05-01T19:00,19.5,82,16.4,20.2,0.00,91,1,76,78
2019-05-01T20:00,19.9,81,16.6,20.5,0.00,97,9,89,90
2019-05-01T21:00,20.2,80,16.7,20.8,0.00,96,17,92,77
2019-05-01T22:00,20.4,80,16.7,21.0,0.00,98,26,77,98
2019-05-01T23:00,21.1,77,17.0,21.8,1.10,100,17,100,66
2019-05-02T00:00,22.3,74,17.4,22.9,0.60,98,13,44,27
2019-05-02T01:00,23.1,71,17.5,23.3,0.70,83,3,78,25
2019-05-02T02:00,23.2,71,17.6,23.5,1.00,85,19,82,19
2019-05-02T03:00,23.2,67,16.7,23.1,0.50,97,13,97,20
2019-05-02T04:00,22.1,73,17.0,22.1,0.70,92,2,90,26
2019-05-02T05:00,22.2,76,17.9,22.3,0.90,99,1,99,23
2019-05-02T06:00,21.4,83,18.3,21.9,0.90,98,33,98,14
2019-05-02T07:00,20.7,86,18.3,21.3,1.50,100,35,100,11
2019-05-02T08:00,19.3,85,16.6,18.9,1.20,100,1,100,14
2019-05-02T09:00,19.1,87,16.8,18.9,1.00,100,3,100,36
2019-05-02T10:00,18.9,88,16.9,19.0,0.90,100,0,100,5
2019-05-02T11:00,18.3,88,16.2,17.9,1.10,100,0,100,26
2019-05-02T12:00,18.6,87,16.4,18.6,0.50,98,17,99,20
2019-05-02T13:00,18.9,86,16.6,19.1,0.20,100,61,100,8
2019-05-02T14:00,18.9,85,16.3,18.7,0.20,100,10,100,100
2019-05-02T15:00,19.0,85,16.4,19.2,0.10,98,9,95,95
2019-05-02T16:00,19.0,87,16.7,19.4,0.10,100,3,100,14
2019-05-02T17:00,19.1,88,17.0,19.7,0.00,100,7,100,41
2019-05-02T18:00,19.1,87,16.9,19.7,0.00,99,53,85,96
2019-05-02T19:00,19.2,86,16.8,20.2,0.30,91,69,48,81
2019-05-02T20:00,19.2,85,16.6,20.1,0.30,100,49,70,100
2019-05-02T21:00,18.8,87,16.7,19.8,0.50,100,76,100,100
2019-05-02T22:00,18.5,86,16.2,18.9,1.80,100,20,20,100
2019-05-02T23:00,19.4,84,16.6,19.8,0.30,100,7,100,77
2019-05-03T00:00,21.2,76,16.7,21.5,0.10,100,0,93,1
2019-05-03T01:00,22.0,68,15.9,21.6,0.00,86,4,85,0
2019-05-03T02:00,23.2,62,15.4,22.5,0.00,34,12,31,0
2019-05-03T03:00,24.2,59,15.7,24.4,0.00,100,100,21,0
2019-05-03T04:00,23.2,63,15.7,22.3,0.00,21,18,15,0
2019-05-03T05:00,23.8,60,15.6,23.8,0.00,14,13,11,0
2019-05-03T06:00,23.7,60,15.6,23.3,0.00,25,24,4,0
2019-05-03T07:00,23.4,62,15.6,22.9,0.00,0,0,0,0
2019-05-03T08:00,23.0,62,15.3,22.0,0.00,5,5,0,0
2019-05-03T09:00,22.3,65,15.4,21.8,0.00,0,0,0,0
2019-05-03T10:00,21.1,67,14.7,20.6,0.00,0,0,0,0
2019-05-03T11:00,20.5,66,13.9,19.8,0.00,0,0,0,0
2019-05-03T12:00,19.9,67,13.7,19.4,0.00,0,0,0,0
2019-05-03T13:00,20.1,65,13.3,19.2,0.00,0,0,0,0
2019-05-03T14:00,20.1,68,14.1,19.5,0.00,1,1,0,0
2019-05-03T15:00,20.4,73,15.3,20.2,0.00,8,7,2,0
2019-05-03T16:00,20.7,77,16.6,20.9,0.00,12,0,12,0
2019-05-03T17:00,20.4,81,17.1,21.1,0.00,48,2,41,12
2019-05-03T18:00,20.5,81,17.2,21.2,0.00,60,7,58,4
2019-05-03T19:00,20.4,83,17.4,21.2,0.00,67,5,66,1
2019-05-03T20:00,20.5,83,17.5,21.0,0.00,97,0,93,62
2019-05-03T21:00,20.6,83,17.5,21.0,0.00,100,4,100,75
2019-05-03T22:00,20.7,83,17.8,21.0,0.50,92,1,73,81
2019-05-03T23:00,21.7,82,18.4,22.4,0.80,91,5,52,84
2019-05-04T00:00,23.4,78,19.2,24.3,3.00,96,20,42,93
2019-05-04T01:00,23.9,74,19.0,24.4,0.00,47,8,41,15
2019-05-04T02:00,24.7,68,18.5,25.1,0.00,53,22,34,27
2019-05-04T03:00,25.2,64,17.8,25.7,0.00,64,20,61,0
2019-05-04T04:00,25.3,62,17.6,25.5,0.00,66,18,63,0
2019-05-04T05:00,25.1,62,17.2,24.8,0.00,84,21,82,0
2019-05-04T06:00,24.8,64,17.6,24.8,0.70,62,5,61,0
2019-05-04T07:00,24.8,62,17.1,24.8,0.00,96,36,95,0
2019-05-04T08:00,23.9,66,17.3,24.6,0.10,55,12,51,3
2019-05-04T09:00,23.1,68,17.0,23.6,0.10,98,0,98,1
2019-05-04T10:00,22.5,68,16.3,22.7,0.00,100,0,100,91
2019-05-04T11:00,22.2,67,15.8,21.9,0.00,100,0,95,100
2019-05-04T12:00,22.2,68,16.0,22.3,0.00,100,0,52,99
2019-05-04T13:00,22.3,68,16.2,22.6,0.00,62,1,37,49
2019-05-04T14:00,22.1,69,16.2,22.2,0.00,60,2,43,32
2019-05-04T15:00,21.9,71,16.5,21.9,0.00,68,2,37,53
2019-05-04T16:00,21.9,71,16.4,21.9,0.00,75,5,32,67
2019-05-04T17:00,21.8,71,16.3,22.0,0.00,84,8,21,81
2019-05-04T18:00,21.4,72,16.2,21.9,0.00,84,5,16,82
2019-05-04T19:00,21.3,74,16.4,21.8,0.00,83,2,19,80
2019-05-04T20:00,21.0,77,16.7,21.7,0.00,83,5,18,80
2019-05-04T21:00,21.0,78,17.0,21.7,0.00,65,3,15,60
2019-05-04T22:00,21.3,80,17.7,22.2,0.00,59,3,9,55
2019-05-04T23:00,22.9,79,19.1,24.2,0.00,53,2,7,49
2019-05-05T00:00,24.9,71,19.2,25.9,0.00,86,1,2,90
2019-05-05T01:00,25.6,66,18.7,26.0,0.00,92,3,0,92
2019-05-05T02:00,26.0,64,18.6,26.5,0.00,98,22,0,97
2019-05-05T03:00,26.2,63,18.5,26.6,0.00,95,42,0,92
2019-05-05T04:00,26.8,60,18.5,27.7,0.00,100,78,1,100
2019-05-05T05:00,26.5,63,18.8,26.9,0.00,100,100,0,100
2019-05-05T06:00,25.7,67,19.0,26.3,0.00,99,2,0,99
2019-05-05T07:00,25.2,68,18.9,26.0,0.00,98,8,0,98
2019-05-05T08:00,24.9,69,18.7,25.8,0.00,97,1,0,97
2019-05-05T09:00,24.1,69,18.1,25.1,0.00,99,0,7,99
2019-05-05T10:00,23.4,70,17.7,24.5,0.00,100,0,19,100
2019-05-05T11:00,22.9,73,17.8,24.0,0.00,100,0,41,100
2019-05-05T12:00,22.5,74,17.7,23.7,0.00,100,6,73,100
2019-05-05T13:00,22.5,76,18.0,23.7,0.10,100,33,98,100
2019-05-05T14:00,22.3,78,18.2,23.3,0.50,100,0,99,100
2019-05-05T15:00,21.7,82,18.4,22.5,0.70,100,1,100,100
2019-05-05T16:00,21.0,87,18.7,22.1,0.80,100,2,100,83
2019-05-05T17:00,21.0,88,18.9,22.5,0.40,100,5,100,19
2019-05-05T18:00,21.1,87,18.9,22.4,0.10,100,8,100,0
2019-05-05T19:00,20.9,89,19.1,22.4,0.20,100,5,100,0
2019-05-05T20:00,21.0,89,19.2,22.6,0.40,100,16,100,0
2019-05-05T21:00,20.9,89,19.1,22.4,0.60,100,34,100,0
2019-05-05T22:00,21.0,90,19.3,22.6,0.70,100,6,100,0
2019-05-05T23:00,21.2,90,19.5,22.7,1.00,100,43,100,4
2019-05-06T00:00,22.1,88,20.0,24.0,0.70,100,26,100,100
2019-05-06T01:00,22.4,88,20.4,24.5,0.70,100,10,100,85
2019-05-06T02:00,22.9,87,20.7,25.3,0.80,100,69,100,17
2019-05-06T03:00,22.8,81,19.5,24.0,0.40,100,13,100,95
2019-05-06T04:00,22.5,83,19.5,23.6,0.40,100,20,100,91
2019-05-06T05:00,21.1,89,19.3,22.0,1.10,100,100,100,34
2019-05-06T06:00,20.8,80,17.2,21.0,0.70,100,100,99,47
2019-05-06T07:00,20.7,78,16.7,20.7,0.30,99,79,98,30
2019-05-06T08:00,20.8,79,17.0,21.2,0.30,100,4,100,90
2019-05-06T09:00,20.9,82,17.8,21.3,0.50,100,9,100,93
2019-05-06T10:00,20.2,88,18.1,20.8,1.10,100,38,100,94
2019-05-06T11:00,20.1,87,18.0,20.6,2.00,100,1,100,96
2019-05-06T12:00,19.8,87,17.5,20.4,2.00,100,1,100,61
2019-05-06T13:00,19.8,88,17.8,20.8,0.60,100,1,100,88
2019-05-06T14:00,19.8,89,17.9,20.9,1.20,97,35,94,84
2019-05-06T15:00,19.8,88,17.8,21.0,1.00,100,54,100,96
2019-05-06T16:00,19.6,89,17.7,20.6,1.20,100,4,100,71
2019-05-06T17:00,19.7,89,17.9,20.6,1.20,100,18,100,99
2019-05-06T18:00,19.7,89,17.9,20.8,1.50,100,33,100,95
2019-05-06T19:00,19.6,89,17.8,20.7,1.20,100,99,100,51
2019-05-06T20:00,19.4,89,17.5,20.4,3.00,88,71,85,52
2019-05-06T21:00,19.4,89,17.5,20.5,1.00,100,100,100,0
2019-05-06T22:00,19.4,89,17.5,20.3,0.70,100,100,100,0
2019-05-06T23:00,19.3,88,17.4,20.2,0.70,96,94,94,0
2019-05-07T00:00,19.3,86,16.9,19.8,0.80,100,1,64,0
2019-05-07T01:00,19.9,83,17.0,20.1,0.90,94,91,80,0
2019-05-07T02:00,20.0,82,16.8,19.9,0.70,94,91,71,0
2019-05-07T03:00,20.2,79,16.5,19.9,0.60,85,80,55,0
2019-05-07T04:00,20.1,79,16.3,19.6,0.70,100,98,100,0
2019-05-07T05:00,20.0,79,16.1,19.6,0.20,100,64,100,0
2019-05-07T06:00,20.1,78,16.1,19.6,0.10,98,52,98,0
2019-05-07T07:00,20.2,76,15.9,19.7,0.00,90,73,88,0
2019-05-07T08:00,20.4,75,15.9,20.2,0.00,84,80,53,0
2019-05-07T09:00,20.3,78,16.4,20.8,0.00,100,100,76,0
2019-05-07T10:00,20.1,76,15.7,20.5,0.00,100,100,100,0
2019-05-07T11:00,20.0,77,15.9,20.4,0.00,94,35,94,0
2019-05-07T12:00,19.8,75,15.2,19.6,0.00,61,0,42,0
2019-05-07T13:00,19.2,78,15.3,19.0,0.00,49,45,14,0
2019-05-07T14:00,19.4,78,15.4,19.1,0.00,97,97,19,0
2019-05-07T15:00,19.9,77,15.7,20.0,0.00,69,67,18,0
2019-05-07T16:00,19.9,78,15.9,20.3,0.00,88,86,37,0
2019-05-07T17:00,20.1,78,16.1,20.7,0.00,98,72,97,0
2019-05-07T18:00,20.1,79,16.4,20.7,0.00,98,43,98,0
2019-05-07T19:00,20.0,81,16.6,21.0,0.10,98,98,91,1
2019-05-07T20:00,20.0,83,17.0,21.0,0.10,100,100,78,62
2019-05-07T21:00,20.2,85,17.5,21.7,0.10,100,100,100,5
2019-05-07T22:00,20.3,87,18.1,22.1,0.30,100,100,98,83
2019-05-07T23:00,20.6,89,18.7,22.6,0.40,100,97,100,98
2019-05-08T00:00,21.6,87,19.4,23.8,0.40,100,99,100,0
2019-05-08T01:00,21.7,89,19.8,24.0,1.10,100,97,100,0
2019-05-08T02:00,21.9,88,19.8,24.2,0.70,99,96,97,0
2019-05-08T03:00,23.1,83,20.0,24.7,0.10,68,66,45,0
2019-05-08T04:00,24.1,78,20.0,25.5,0.00,100,100,45,1
2019-05-08T05:00,23.5,80,19.9,25.1,0.10,99,99,53,19
2019-05-08T06:00,24.2,78,20.1,25.8,0.00,96,53,96,1
2019-05-08T07:00,24.0,79,20.1,25.8,0.00,81,75,62,1
2019-05-08T08:00,23.7,80,20.1,25.9,0.00,85,62,79,1
2019-05-08T09:00,23.4,83,20.2,26.1,0.00,73,29,68,0
2019-05-08T10:00,22.8,86,20.3,25.8,0.00,63,14,61,0
2019-05-08T11:00,22.1,89,20.1,24.9,0.00,22,6,20,0
2019-05-08T12:00,21.5,92,20.1,24.7,0.00,79,65,51,96
2019-05-08T13:00,21.5,94,20.5,25.0,0.00,94,88,16,72
2019-05-08T14:00,21.5,93,20.4,24.9,0.00,100,24,13,99
2019-05-08T15:00,21.9,91,20.3,25.7,0.10,98,97,71,43
2019-05-08T16:00,21.6,94,20.6,25.8,0.10,97,45,96,26
2019-05-08T17:00,22.0,89,20.1,25.6,0.00,98,94,72,87
2019-05-08T18:00,21.2,95,20.4,24.6,0.10,100,46,99,100
2019-05-08T19:00,21.7,89,19.8,25.2,0.90,100,23,100,100
2019-05-08T20:00,21.9,88,19.8,25.4,1.20,100,15,100,99
2019-05-08T21:00,21.1,94,20.0,24.9,1.30,100,30,100,100
2019-05-08T22:00,21.2,95,20.3,25.1,1.70,100,100,96,99
2019-05-08T23:00,22.2,91,20.7,26.2,0.20,97,81,96,7
2019-05-09T00:00,22.4,92,21.0,26.0,0.10,100,89,85,0
2019-05-09T01:00,23.1,88,20.9,25.8,0.10,93,91,58,0
2019-05-09T02:00,23.7,85,21.0,26.3,0.20,94,4,94,0
2019-05-09T03:00,23.9,84,21.1,26.5,0.20,100,96,99,0
2019-05-09T04:00,23.5,85,20.8,25.9,0.50,100,76,100,0
2019-05-09T05:00,22.9,87,20.7,25.4,1.30,99,6,99,0
2019-05-09T06:00,22.9,88,20.8,25.4,1.00,99,35,99,1
2019-05-09T07:00,22.7,89,20.7,25.9,1.20,96,2,96,8
2019-05-09T08:00,22.4,91,20.8,25.6,0.70,100,14,100,0
2019-05-09T09:00,22.0,91,20.5,24.9,0.80,96,7,96,11
2019-05-09T10:00,21.5,92,20.1,24.1,0.40,87,21,86,0
2019-05-09T11:00,21.3,92,20.0,23.7,0.30,91,22,90,18
2019-05-09T12:00,21.0,92,19.6,23.0,0.50,98,3,100,48
2019-05-09T13:00,20.9,93,19.6,22.5,0.60,100,6,100,24
2019-05-09T14:00,20.8,92,19.4,22.0,0.40,96,5,96,25
2019-05-09T15:00,20.8,92,19.4,22.3,0.50,100,4,100,0
2019-05-09T16:00,20.9,92,19.5,22.7,0.50,100,4,100,0
2019-05-09T17:00,21.0,92,19.7,22.7,0.30,84,16,84,0
2019-05-09T18:00,21.2,91,19.6,22.8,0.00,50,4,50,0
2019-05-09T19:00,21.2,91,19.6,22.7,0.00,72,24,72,0
2019-05-09T20:00,21.4,90,19.7,23.1,0.00,98,17,98,1
2019-05-09T21:00,21.4,90,19.7,22.9,0.10,100,15,100,2
2019-05-09T22:00,21.4,92,20.0,23.1,0.60,95,9,95,15
2019-05-09T23:00,21.8,92,20.4,23.9,1.40,74,2,72,20
2019-05-10T00:00,21.6,92,20.2,23.7,1.70,96,29,90,0
2019-05-10T01:00,22.8,86,20.4,24.7,0.10,85,68,82,0
2019-05-10T02:00,23.2,84,20.4,24.7,0.10,74,59,70,0
2019-05-10T03:00,23.4,83,20.4,24.8,0.00,75,44,69,0
2019-05-10T04:00,24.2,78,20.1,25.4,0.00,92,64,89,0
2019-05-10T05:00,23.4,80,19.8,24.4,0.00,65,58,38,0
2019-05-10T06:00,24.3,77,19.9,25.7,0.00,49,30,43,0
2019-05-10T07:00,24.2,76,19.8,25.3,0.00,31,25,12,0
2019-05-10T08:00,23.9,77,19.7,24.7,0.00,70,64,2,17
2019-05-10T09:00,23.7,79,19.7,24.6,0.00,72,72,3,0
2019-05-10T10:00,23.1,80,19.6,24.3,0.00,33,33,1,0
2019-05-10T11:00,22.4,83,19.5,23.8,0.00,39,38,4,0
2019-05-10T12:00,22.6,87,20.2,24.4,0.00,96,67,18,0
2019-05-10T13:00,22.8,87,20.5,24.9,0.00,93,93,12,0
2019-05-10T14:00,22.7,87,20.4,24.8,0.00,100,100,4,0
2019-05-10T15:00,22.6,85,19.9,24.3,0.00,100,100,4,0
2019-05-10T16:00,22.4,86,20.0,24.4,0.00,65,64,12,0
2019-05-10T17:00,22.4,87,20.2,24.5,0.00,22,15,18,0
2019-05-10T18:00,22.3,89,20.4,24.5,0.00,20,16,18,0
2019-05-10T19:00,22.3,90,20.6,24.6,0.00,20,17,18,0
2019-05-10T20:00,22.1,93,20.8,24.5,0.00,22,17,20,0
2019-05-10T21:00,22.1,93,20.9,24.6,0.00,27,20,26,0
2019-05-10T22:00,22.7,92,21.3,25.4,0.00,63,20,62,0
2019-05-10T23:00,24.3,87,22.1,27.3,0.00,95,27,95,0
2019-05-11T00:00,26.4,81,22.9,30.1,0.00,100,5,49,0
2019-05-11T01:00,27.7,74,22.7,32.0,0.00,42,10,41,0
2019-05-11T02:00,27.5,76,22.9,32.2,0.30,68,27,68,0
2019-05-11T03:00,26.6,83,23.6,30.9,0.60,42,20,36,0
2019-05-11T04:00,26.2,83,23.2,30.2,0.10,47,39,30,0
2019-05-11T05:00,26.0,84,23.1,29.3,0.20,49,41,29,2
2019-05-11T06:00,26.1,82,22.8,29.2,0.10,55,52,16,0
2019-05-11T07:00,25.6,83,22.5,27.9,0.10,46,40,14,0
2019-05-11T08:00,25.1,84,22.3,27.3,0.10,12,1,12,0
2019-05-11T09:00,24.6,85,22.0,26.8,0.00,25,24,6,0
2019-05-11T10:00,23.8,87,21.5,25.9,0.00,8,2,8,0
2019-05-11T11:00,23.4,88,21.3,25.5,0.00,8,7,3,0
2019-05-11T12:00,23.3,87,21.0,25.3,0.00,2,0,4,0
2019-05-11T13:00,23.2,87,20.9,25.2,0.00,6,1,6,0
2019-05-11T14:00,23.2,88,21.2,25.4,0.00,4,1,4,0
2019-05-11T15:00,23.2,91,21.6,26.0,0.00,2,0,2,0
2019-05-11T16:00,22.9,93,21.7,25.6,0.00,3,0,3,0
2019-05-11T17:00,22.9,93,21.7,25.6,0.00,2,1,1,0
2019-05-11T18:00,22.9,93,21.7,25.7,0.00,2,2,0,0
2019-05-11T19:00,22.9,93,21.7,25.8,0.00,2,2,0,0
2019-05-11T20:00,22.9,94,21.8,25.9,0.00,1,1,0,0
2019-05-11T21:00,22.8,95,21.9,25.9,0.00,1,1,0,0
2019-05-11T22:00,23.4,93,22.2,26.8,0.00,0,0,0,0
2019-05-11T23:00,25.4,87,23.1,29.4,0.00,1,1,0,0
2019-05-12T00:00,27.2,80,23.5,31.1,0.00,4,3,0,0
2019-05-12T01:00,28.8,72,23.3,32.3,0.00,4,4,0,0
2019-05-12T02:00,29.7,68,23.1,33.6,0.00,18,18,0,0
2019-05-12T03:00,30.1,67,23.2,34.7,0.00,20,20,0,0
2019-05-12T04:00,29.7,71,23.8,34.8,0.10,19,15,11,0
2019-05-12T05:00,28.7,73,23.5,33.1,0.60,58,51,28,0
2019-05-12T06:00,27.4,81,23.8,30.7,1.70,45,37,26,0
2019-05-12T07:00,27.4,83,24.3,30.9,0.60,36,22,30,0
2019-05-12T08:00,27.1,80,23.5,30.1,0.10,29,22,16,0
2019-05-12T09:00,26.4,83,23.3,29.6,0.00,18,14,10,0
2019-05-12T10:00,25.6,86,23.0,28.8,0.00,10,4,8,0
2019-05-12T11:00,24.7,88,22.6,27.8,0.00,9,2,6,3
2019-05-12T12:00,24.2,91,22.7,27.4,0.00,14,4,9,7
2019-05-12T13:00,24.3,91,22.7,27.6,0.00,28,2,4,26
2019-05-12T14:00,24.2,92,22.7,27.5,0.00,37,2,2,35
2019-05-12T15:00,24.1,92,22.7,27.4,0.00,44,10,3,40
2019-05-12T16:00,24.1,91,22.6,27.5,0.00,27,7,2,23
2019-05-12T17:00,23.9,92,22.5,27.4,0.00,15,5,1,11
2019-05-12T18:00,23.6,93,22.4,27.0,0.00,4,3,1,1
2019-05-12T19:00,23.5,93,22.4,27.1,0.00,1,1,0,0
2019-05-12T20:00,23.3,93,22.1,27.1,0.00,2,1,0,0
2019-05-12T21:00,22.8,94,21.7,26.8,0.00,1,0,0,0
2019-05-12T22:00,23.7,92,22.3,28.0,0.00,1,0,0,0
2019-05-12T23:00,25.9,84,22.9,30.7,0.00,0,0,0,0
2019-05-13T00:00,27.6,77,23.3,33.2,0.00,1,0,1,0
2019-05-13T01:00,29.1,72,23.6,35.0,0.00,2,1,1,0
2019-05-13T02:00,30.5,59,21.5,35.6,0.00,10,6,9,0
2019-05-13T03:00,30.6,61,22.1,35.5,0.00,30,10,16,18
2019-05-13T04:00,30.6,62,22.6,35.7,0.10,29,23,19,1
2019-05-13T05:00,30.2,69,23.9,36.1,0.10,33,28,23,0
2019-05-13T06:00,30.2,70,24.1,35.8,0.00,30,27,23,0
2019-05-13T07:00,30.3,63,22.6,34.6,0.00,12,11,9,0
2019-05-13T08:00,29.9,65,22.7,34.0,0.00,4,3,1,1
2019-05-13T09:00,28.8,74,23.8,33.7,0.00,5,1,0,4
2019-05-13T10:00,27.0,86,24.6,32.4,0.00,26,0,0,26
2019-05-13T11:00,25.1,94,24.1,30.5,0.00,46,9,0,41
2019-05-13T12:00,25.4,91,23.9,30.9,0.00,66,2,0,11
2019-05-13T13:00,24.1,94,23.1,29.3,0.00,7,4,0,3
2019-05-13T14:00,24.4,91,22.7,29.4,0.00,5,5,0,0
2019-05-13T15:00,25.1,87,22.7,30.3,0.00,3,3,1,0
2019-05-13T16:00,24.8,89,22.8,30.0,0.00,3,2,1,1
2019-05-13T17:00,24.6,89,22.8,30.0,0.00,2,2,1,0
2019-05-13T18:00,23.4,94,22.3,27.9,0.00,10,9,5,0
2019-05-13T19:00,23.1,96,22.3,27.4,0.00,13,13,2,0
2019-05-13T20:00,22.7,97,22.2,26.8,0.00,3,1,1,2
2019-05-13T21:00,22.2,99,22.0,26.5,0.00,6,4,1,2
2019-05-13T22:00,23.1,98,22.8,27.5,0.00,13,13,1,0
2019-05-13T23:00,24.6,91,23.0,28.6,0.00,38,38,0,0
2019-05-14T00:00,26.3,82,23.0,30.3,0.00,32,23,1,23
2019-05-14T01:00,27.8,75,22.9,31.3,0.00,60,54,2,29
2019-05-14T02:00,29.1,69,22.9,33.6,0.00,82,78,1,49
2019-05-14T03:00,29.8,68,23.3,34.8,0.00,99,99,0,43
2019-05-14T04:00,29.5,74,24.4,34.9,0.00,88,66,0,69
2019-05-14T05:00,29.3,74,24.2,35.0,0.00,72,27,0,67
2019-05-14T06:00,29.0,74,23.8,34.4,0.00,39,22,1,26
2019-05-14T07:00,28.6,74,23.5,33.2,0.00,47,34,5,20
2019-05-14T08:00,28.2,75,23.3,32.6,0.00,68,56,4,33
2019-05-14T09:00,27.5,78,23.4,32.3,0.00,50,45,6,10
2019-05-14T10:00,26.6,85,23.8,32.4,0.00,50,28,8,37
2019-05-14T11:00,25.2,90,23.4,30.5,0.00,59,33,8,52
2019-05-14T12:00,24.6,90,22.8,28.9,0.00,93,49,6,8
2019-05-14T13:00,24.2,91,22.6,28.2,0.00,96,44,5,95
2019-05-14T14:00,24.2,91,22.6,28.1,0.00,96,31,5,95
2019-05-14T15:00,24.0,92,22.6,28.0,0.00,96,21,2,95
2019-05-14T16:00,23.7,94,22.6,28.0,0.00,95,18,3,95
2019-05-14T17:00,23.3,96,22.6,28.0,0.00,72,26,5,62
2019-05-14T18:00,22.9,97,22.4,27.3,0.00,78,74,2,17
2019-05-14T19:00,23.0,97,22.6,27.8,0.00,96,95,0,15
2019-05-14T20:00,23.4,96,22.8,28.3,0.00,93,92,0,8
2019-05-14T21:00,23.3,97,22.8,28.4,0.00,98,98,0,5
2019-05-14T22:00,23.7,96,23.0,28.7,0.00,91,91,1,0
2019-05-14T23:00,24.8,91,23.2,30.3,0.10,82,81,3,0
2019-05-15T00:00,26.6,85,23.8,31.9,0.00,82,95,3,0
2019-05-15T01:00,27.7,80,24.0,32.7,0.20,67,65,8,1
2019-05-15T02:00,28.8,76,24.1,33.8,0.20,55,50,18,1
2019-05-15T03:00,29.5,73,24.0,34.8,0.20,47,41,24,0
2019-05-15T04:00,28.8,77,24.4,34.9,0.20,100,40,100,2
2019-05-15T05:00,28.1,82,24.7,34.5,0.40,90,71,79,11
2019-05-15T06:00,27.9,83,24.6,34.2,2.60,89,58,76,37
2019-05-15T07:00,27.0,85,24.3,33.1,4.50,97,37,96,15
2019-05-15T08:00,27.0,86,24.4,32.9,0.00,83,35,56,61
2019-05-15T09:00,27.3,84,24.3,32.8,0.00,100,61,81,99
2019-05-15T10:00,26.8,86,24.2,32.4,0.00,100,42,27,100
2019-05-15T11:00,25.7,90,23.9,31.2,0.00,95,36,77,85
2019-05-15T12:00,25.4,91,23.8,30.9,0.70,89,29,99,100
2019-05-15T13:00,25.5,91,23.9,31.2,0.00,100,29,99,97
2019-05-15T14:00,25.2,93,24.0,31.0,0.20,76,42,27,60
2019-05-15T15:00,25.2,92,23.8,31.0,0.10,92,87,21,44
2019-05-15T16:00,25.2,90,23.4,30.8,0.10,85,68,17,79
2019-05-15T17:00,25.5,87,23.1,30.8,0.10,100,100,14,83
2019-05-15T18:00,25.2,92,23.7,31.0,0.10,100,100,9,65
2019-05-15T19:00,25.0,94,24.0,30.7,0.30,100,100,29,20
2019-05-15T20:00,25.0,95,24.1,30.5,0.20,97,96,4,81
2019-05-15T21:00,25.0,94,24.1,30.4,0.10,91,82,11,85
2019-05-15T22:00,25.3,95,24.4,30.6,0.10,100,100,7,70
2019-05-15T23:00,26.1,92,24.6,31.7,0.00,90,27,10,88
2019-05-16T00:00,26.9,88,24.7,32.9,0.00,90,82,31,59
2019-05-16T01:00,28.6,80,24.8,33.6,0.00,80,44,2,76
2019-05-16T02:00,30.1,76,25.3,36.1,0.00,83,5,1,82
2019-05-16T03:00,31.5,68,24.9,37.1,0.00,88,4,3,87
2019-05-16T04:00,32.0,67,25.1,37.8,0.00,33,4,5,30
2019-05-16T05:00,31.4,72,25.7,37.9,0.20,48,7,12,42
2019-05-16T06:00,31.5,75,26.5,38.6,0.70,33,8,16,22
2019-05-16T07:00,31.1,75,26.1,37.3,0.40,51,3,21,46
2019-05-16T08:00,29.8,78,25.5,35.2,4.30,98,15,24,97
2019-05-16T09:00,28.8,84,25.9,35.0,0.00,98,9,20,97
2019-05-16T10:00,28.1,82,24.7,33.3,0.00,100,6,15,100
2019-05-16T11:00,27.1,85,24.3,32.6,0.00,99,8,17,99
2019-05-16T12:00,25.8,95,25.0,32.1,0.00,98,29,36,100
2019-05-16T13:00,26.0,91,24.5,32.2,1.90,99,33,75,98
2019-05-16T14:00,25.8,94,24.7,32.2,0.50,100,22,39,100
2019-05-16T15:00,25.1,96,24.5,31.5,0.90,100,20,96,99
2019-05-16T16:00,25.3,94,24.3,31.4,1.10,98,13,47,97
2019-05-16T17:00,25.2,93,24.1,31.0,0.20,100,11,57,100
2019-05-16T18:00,25.1,94,24.1,30.8,0.30,100,6,95,100
2019-05-16T19:00,24.7,95,23.9,30.3,0.50,100,6,99,100
2019-05-16T20:00,24.6,96,23.9,30.3,0.90,100,5,93,100
2019-05-16T21:00,24.5,96,23.8,30.0,2.40,100,1,36,100
2019-05-16T22:00,24.5,96,23.8,29.9,2.20,100,1,69,100
2019-05-16T23:00,25.0,94,24.1,30.6,0.70,100,1,76,100
2019-05-17T00:00,26.3,90,24.5,31.8,0.60,99,3,99,100
2019-05-17T01:00,27.2,86,24.6,33.0,0.90,100,6,100,99
2019-05-17T02:00,28.1,77,23.6,33.2,0.80,100,6,100,99
2019-05-17T03:00,27.6,80,23.7,33.1,1.90,99,13,80,98
2019-05-17T04:00,27.6,81,24.0,33.5,0.20,89,36,35,85
2019-05-17T05:00,28.5,79,24.6,34.9,0.10,90,27,16,88
2019-05-17T06:00,29.6,76,24.9,36.4,0.10,95,39,9,93
2019-05-17T07:00,30.4,73,25.1,36.8,0.60,86,24,25,82
2019-05-17T08:00,30.1,72,24.5,35.9,2.10,46,12,24,35
2019-05-17T09:00,29.1,79,25.0,34.5,0.00,75,1,13,73
2019-05-17T10:00,27.7,88,25.4,33.0,0.00,84,2,0,84
2019-05-17T11:00,26.2,93,25.0,31.2,0.00,99,1,2,99
2019-05-17T12:00,25.4,95,24.5,30.8,0.00,99,0,19,98
2019-05-17T13:00,25.4,94,24.4,30.4,0.00,97,0,3,97
2019-05-17T14:00,25.2,95,24.4,30.2,0.00,97,1,1,97
2019-05-17T15:00,25.1,95,24.3,30.1,0.00,97,3,11,97
2019-05-17T16:00,25.0,95,24.1,30.4,0.00,97,4,17,97
2019-05-17T17:00,24.8,93,23.6,29.9,0.00,98,5,20,98
2019-05-17T18:00,24.2,94,23.1,28.9,0.00,91,15,20,89
2019-05-17T19:00,24.0,95,23.1,29.1,0.00,97,22,27,96
2019-05-17T20:00,24.1,94,23.0,29.3,0.00,97,13,19,97
2019-05-17T21:00,24.6,89,22.6,29.2,0.00,90,14,20,88
2019-05-17T22:00,25.6,86,23.1,30.3,0.00,47,13,28,31
2019-05-17T23:00,26.8,84,23.8,31.6,0.00,82,6,7,81
2019-05-18T00:00,28.0,76,23.4,33.3,0.00,88,4,3,97
2019-05-18T01:00,28.1,81,24.5,33.2,0.00,97,11,16,97
2019-05-18T02:00,28.7,80,24.9,34.4,0.00,94,4,18,93
2019-05-18T03:00,30.4,74,25.2,37.5,0.00,89,2,32,84
2019-05-18T04:00,32.0,67,25.2,39.2,0.00,45,8,26,31
2019-05-18T05:00,31.2,73,25.9,38.0,1.40,53,10,40,23
2019-05-18T06:00,31.4,74,26.2,38.6,0.70,46,18,37,24
2019-05-18T07:00,30.6,76,26.0,37.7,1.70,88,16,46,82
2019-05-18T08:00,28.9,80,25.1,34.7,17.00,95,39,47,92
2019-05-18T09:00,26.6,88,24.5,31.0,7.70,99,25,65,98
2019-05-18T10:00,25.1,94,24.1,29.6,1.70,95,3,33,92
2019-05-18T11:00,24.9,95,24.1,29.8,0.00,93,17,23,91
2019-05-18T12:00,25.3,96,24.6,31.3,0.00,99,13,14,45
2019-05-18T13:00,25.3,96,24.7,31.3,0.00,70,0,3,69
2019-05-18T14:00,25.1,97,24.6,31.1,0.00,97,7,11,97
2019-05-18T15:00,25.2,95,24.4,30.9,0.00,97,7,17,97
2019-05-18T16:00,24.8,96,24.1,30.6,0.00,91,2,13,89
2019-05-18T17:00,24.6,96,23.8,30.1,0.00,94,0,13,93
2019-05-18T18:00,24.3,95,23.5,29.4,0.00,92,4,20,91
2019-05-18T19:00,24.2,95,23.3,29.3,0.00,90,11,28,87
2019-05-18T20:00,24.5,93,23.3,29.5,0.00,92,12,22,90
2019-05-18T21:00,24.5,93,23.3,29.6,0.00,94,5,20,93
2019-05-18T22:00,25.4,92,24.0,31.3,0.00,77,9,38,70
2019-05-18T23:00,27.3,82,23.9,33.2,0.00,91,9,5,90
2019-05-19T00:00,28.4,75,23.6,34.0,0.00,94,5,7,83
2019-05-19T01:00,29.7,73,24.3,35.3,0.00,84,2,12,82
2019-05-19T02:00,30.7,69,24.3,36.6,0.00,56,15,10,49
2019-05-19T03:00,31.7,68,24.9,38.8,0.00,64,16,12,58
2019-05-19T04:00,31.7,69,25.2,39.2,0.20,35,29,15,8
2019-05-19T05:00,32.1,70,25.9,40.1,0.30,45,37,22,21
2019-05-19T06:00,31.8,71,25.9,38.7,5.20,50,12,9,45
2019-05-19T07:00,31.1,72,25.6,37.3,0.90,86,18,84,13
2019-05-19T08:00,30.4,76,25.7,37.0,0.30,99,11,21,99
2019-05-19T09:00,29.1,80,25.4,34.6,0.10,100,12,14,100
2019-05-19T10:00,28.0,84,25.0,33.3,0.00,100,0,0,100
2019-05-19T11:00,26.9,86,24.4,32.3,0.00,100,1,1,100
2019-05-19T12:00,27.0,90,25.1,32.9,0.00,100,2,0,93
2019-05-19T13:00,26.6,91,24.9,32.6,0.00,93,1,0,92
2019-05-19T14:00,26.1,94,25.0,32.0,0.00,100,0,10,100
2019-05-19T15:00,25.7,95,24.8,31.5,0.00,100,0,18,100
2019-05-19T16:00,25.1,96,24.3,30.7,0.00,100,1,14,100
2019-05-19T17:00,25.0,96,24.3,31.0,0.00,100,2,14,100
2019-05-19T18:00,25.0,96,24.4,30.9,0.00,98,1,9,98
2019-05-19T19:00,24.4,98,24.0,30.1,0.00,63,2,9,61
2019-05-19T20:00,24.1,97,23.6,29.8,0.00,13,0,3,12
2019-05-19T21:00,24.2,96,23.5,29.7,0.00,91,1,4,91
2019-05-19T22:00,25.5,93,24.3,31.2,0.00,99,6,12,99
2019-05-19T23:00,26.6,86,24.0,32.1,0.00,89,13,24,86
2019-05-20T00:00,26.9,88,24.6,31.9,0.40,100,42,67,100
2019-05-20T01:00,25.7,95,24.8,30.8,3.40,100,91,45,100
2019-05-20T02:00,25.4,92,23.9,30.6,2.20,100,99,39,100
2019-05-20T03:00,24.7,91,23.1,27.7,1.50,100,100,56,100
2019-05-20T04:00,24.7,89,22.7,28.1,0.80,100,100,56,100
2019-05-20T05:00,25.0,85,22.3,28.6,0.60,100,98,30,100
2019-05-20T06:00,23.4,87,21.1,26.1,1.10,100,91,24,100
2019-05-20T07:00,23.2,86,20.7,26.1,1.20,100,100,61,100
2019-05-20T08:00,22.9,87,20.6,26.1,1.30,100,98,94,100
2019-05-20T09:00,22.9,87,20.7,26.2,0.50,100,100,100,99
2019-05-20T10:00,22.5,90,20.7,26.2,0.70,100,56,100,100
2019-05-20T11:00,22.4,90,20.6,26.2,0.50,100,36,100,100
2019-05-20T12:00,22.5,92,21.0,26.3,0.20,100,12,100,96
2019-05-20T13:00,22.2,91,20.6,26.1,0.80,100,12,85,98
2019-05-20T14:00,22.0,88,19.9,25.1,0.30,99,0,72,98
2019-05-20T15:00,21.8,88,19.7,24.6,0.00,94,12,67,82
2019-05-20T16:00,21.5,89,19.7,24.3,0.00,89,27,54,76
2019-05-20T17:00,21.3,89,19.5,23.9,0.00,84,33,55,63
2019-05-20T18:00,21.2,89,19.3,23.5,0.00,22,3,21,0
2019-05-20T19:00,20.9,87,18.6,22.9,0.00,76,2,74,10
2019-05-20T20:00,21.0,80,17.4,22.3,0.00,100,8,100,0
2019-05-20T21:00,21.1,79,17.3,22.1,0.00,45,1,45,0
2019-05-20T22:00,21.1,77,16.9,21.9,0.00,28,1,28,0
2019-05-20T23:00,22.2,74,17.4,23.0,0.00,33,1,32,0
2019-05-21T00:00,23.1,67,16.6,22.9,0.00,25,2,15,86
2019-05-21T01:00,23.7,62,16.1,23.1,0.00,62,8,12,56
2019-05-21T02:00,24.2,60,16.0,24.4,0.00,55,13,11,47
2019-05-21T03:00,24.5,56,15.2,24.9,0.00,36,1,26,13
2019-05-21T04:00,24.4,55,14.7,24.7,0.00,71,0,67,14
2019-05-21T05:00,24.5,53,14.3,24.9,0.00,97,0,97,11
2019-05-21T06:00,24.2,53,14.1,23.8,0.00,95,0,94,14
2019-05-21T07:00,23.9,54,14.0,22.9,0.00,40,0,4,38
2019-05-21T08:00,23.7,53,13.7,22.4,0.00,6,0,6,0
2019-05-21T09:00,22.9,59,14.5,22.2,0.00,21,0,21,0
2019-05-21T10:00,21.7,64,14.5,21.4,0.00,30,0,30,0
2019-05-21T11:00,21.2,62,13.7,20.5,0.00,38,0,38,0
2019-05-21T12:00,21.3,62,13.6,20.6,0.00,78,0,93,0
2019-05-21T13:00,21.4,61,13.5,20.5,0.00,100,0,100,0
2019-05-21T14:00,21.5,61,13.6,20.7,0.00,68,2,68,0
2019-05-21T15:00,21.0,64,13.9,20.5,0.00,100,4,100,0
2019-05-21T16:00,20.9,66,14.4,20.8,0.00,89,4,89,0
2019-05-21T17:00,20.9,67,14.6,20.9,0.00,98,2,98,0
2019-05-21T18:00,20.7,69,14.8,20.8,0.00,22,3,22,0
2019-05-21T19:00,20.0,72,14.9,20.2,0.00,9,7,9,0
2019-05-21T20:00,19.9,74,15.1,20.2,0.00,16,5,16,0
2019-05-21T21:00,19.8,76,15.4,20.3,0.00,16,11,16,0
2019-05-21T22:00,20.6,77,16.5,21.4,0.00,18,14,14,0
2019-05-21T23:00,22.8,73,17.7,24.1,0.00,27,6,25,0
2019-05-22T00:00,24.4,66,17.5,25.0,0.00,77,6,27,0
2019-05-22T01:00,25.7,62,17.8,26.8,0.00,38,2,38,0
2019-05-22T02:00,26.7,59,17.9,28.6,0.00,50,1,50,0
2019-05-22T03:00,27.1,58,18.2,29.0,0.00,100,0,100,0
2019-05-22T04:00,27.1,60,18.5,28.6,0.00,100,0,100,0
2019-05-22T05:00,27.4,59,18.8,29.4,0.00,92,0,92,0
2019-05-22T06:00,27.6,60,19.1,29.7,0.00,67,0,67,0
2019-05-22T07:00,26.7,62,18.9,28.0,0.00,94,1,94,2
2019-05-22T08:00,24.6,73,19.5,26.4,0.10,95,0,95,0
2019-05-22T09:00,23.8,75,19.2,25.3,0.20,97,1,97,0
2019-05-22T10:00,23.1,77,18.8,24.5,0.10,73,0,73,2
2019-05-22T11:00,22.4,77,18.2,23.4,0.00,100,3,100,2
2019-05-22T12:00,22.6,72,17.2,23.8,0.00,57,4,53,1
2019-05-22T13:00,22.3,74,17.4,23.9,0.00,24,10,23,6
2019-05-22T14:00,21.4,81,18.0,23.4,0.00,35,20,30,4
2019-05-22T15:00,21.2,84,18.3,23.3,0.00,56,37,49,0
2019-05-22T16:00,21.2,86,18.7,23.4,0.00,58,43,45,4
2019-05-22T17:00,22.6,74,17.8,25.1,0.10,70,50,64,14
2019-05-22T18:00,22.3,78,18.2,24.9,1.10,100,0,100,40
2019-05-22T19:00,21.8,81,18.4,24.7,5.40,99,0,99,9
2019-05-22T20:00,20.9,92,19.6,24.3,0.80,87,0,87,18
2019-05-22T21:00,20.6,93,19.5,24.1,0.60,97,95,74,43
2019-05-22T22:00,21.4,90,19.7,25.0,0.60,100,100,69,8
2019-05-22T23:00,21.8,90,20.1,25.7,0.80,100,100,100,18
2019-05-23T00:00,22.9,83,19.9,26.0,0.80,69,100,89,26
2019-05-23T01:00,22.8,87,20.5,25.7,1.10,100,100,100,9
2019-05-23T02:00,23.4,86,20.9,26.8,1.50,100,100,100,5
2019-05-23T03:00,23.9,88,21.8,27.4,1.60,100,100,100,7
2019-05-23T04:00,23.9,89,21.9,26.9,0.90,84,9,84,15
2019-05-23T05:00,24.5,86,22.0,27.4,0.80,86,17,84,23
2019-05-23T06:00,25.2,83,22.1,28.1,0.20,88,14,87,19
2019-05-23T07:00,24.9,82,21.6,27.3,0.10,55,2,55,0
2019-05-23T08:00,24.2,82,21.0,26.1,0.00,52,0,52,0
2019-05-23T09:00,23.9,82,20.6,25.6,0.00,52,4,51,0
2019-05-23T10:00,23.2,83,20.2,24.8,0.00,65,8,64,0
2019-05-23T11:00,22.7,84,19.9,24.1,0.00,22,9,21,0
2019-05-23T12:00,23.1,84,20.2,25.2,0.00,21,20,39,0
2019-05-23T13:00,23.3,84,20.4,25.2,0.00,28,7,28,0
2019-05-23T14:00,23.0,86,20.5,24.9,0.00,24,2,23,0
2019-05-23T15:00,22.8,87,20.5,24.7,0.00,19,2,19,0
2019-05-23T16:00,22.6,88,20.5,24.5,0.00,11,2,11,0
2019-05-23T17:00,22.5,88,20.5,24.6,0.00,10,5,8,0
2019-05-23T18:00,22.5,89,20.6,24.8,0.00,23,5,22,0
2019-05-23T19:00,22.6,88,20.6,24.8,0.00,41,9,26,18
2019-05-23T20:00,22.6,88,20.6,25.1,0.00,34,14,16,20
2019-05-23T21:00,22.6,88,20.6,25.2,0.00,52,8,11,46
2019-05-23T22:00,23.4,87,21.1,26.2,0.00,23,9,3,16
2019-05-23T23:00,24.7,83,21.7,27.8,0.00,23,13,3,12
2019-05-24T00:00,25.9,77,21.7,28.2,0.00,15,8,2,12
2019-05-24T01:00,26.9,72,21.5,28.8,0.00,7,6,2,0
2019-05-24T02:00,27.4,70,21.4,29.7,0.00,5,5,0,0
2019-05-24T03:00,27.7,69,21.4,30.5,0.00,4,4,1,0
2019-05-24T04:00,28.2,67,21.5,31.7,0.00,6,4,5,0
2019-05-24T05:00,28.3,66,21.3,31.5,0.00,6,2,5,0
2019-05-24T06:00,28.3,65,21.1,31.1,0.00,16,7,14,2
2019-05-24T07:00,27.8,67,21.0,30.0,0.00,20,11,18,0
2019-05-24T08:00,27.1,69,20.8,28.8,0.00,15,3,13,2
2019-05-24T09:00,26.1,73,20.9,28.1,0.00,20,4,12,10
2019-05-24T10:00,25.1,76,20.5,26.9,0.00,34,10,7,27
2019-05-24T11:00,24.3,78,20.1,26.0,0.00,27,8,5,19
2019-05-24T12:00,24.2,79,20.3,26.2,0.00,25,4,5,13
2019-05-24T13:00,24.5,76,20.0,26.6,0.00,22,4,7,16
2019-05-24T14:00,24.3,76,19.8,26.4,0.00,16,8,11,4
2019-05-24T15:00,24.2,77,19.9,26.3,0.00,30,10,15,17
2019-05-24T16:00,23.9,78,19.8,26.2,0.00,23,8,21,1
2019-05-24T17:00,23.6,79,19.8,26.2,0.00,42,6,32,15
2019-05-24T18:00,23.3,80,19.7,26.1,0.00,32,15,26,4
2019-05-24T19:00,23.1,81,19.7,25.9,0.00,54,19,17,44
2019-05-24T20:00,23.1,81,19.7,25.8,0.00,54,15,15,46
2019-05-24T21:00,23.1,81,19.7,25.8,0.00,26,14,14,16
2019-05-24T22:00,23.9,81,20.4,26.6,0.00,15,12,5,2
2019-05-24T23:00,25.3,78,21.3,28.3,0.00,95,12,9,95
2019-05-25T00:00,26.5,75,21.6,29.1,0.00,95,9,14,96
2019-05-25T01:00,27.7,70,21.8,30.0,0.00,95,5,14,94
2019-05-25T02:00,28.4,68,21.9,31.1,0.00,97,3,4,97
2019-05-25T03:00,28.7,68,22.1,31.9,0.00,100,4,6,100
2019-05-25T04:00,28.4,69,22.2,31.3,0.00,99,17,12,99
2019-05-25T05:00,28.6,69,22.3,31.9,0.00,100,27,35,100
2019-05-25T06:00,28.4,69,22.1,31.4,0.00,100,26,41,100
2019-05-25T07:00,27.1,71,21.5,28.4,0.00,100,3,29,100
2019-05-25T08:00,26.6,73,21.3,28.2,0.00,98,6,7,98
2019-05-25T09:00,25.9,75,21.1,27.8,0.00,99,1,7,99
2019-05-25T10:00,25.1,77,20.7,26.9,0.00,99,1,7,99
2019-05-25T11:00,24.4,77,20.2,26.5,0.00,99,0,3,99
2019-05-25T12:00,24.4,76,20.0,26.5,0.00,100,1,1,97
2019-05-25T13:00,24.5,76,19.9,26.5,0.00,100,0,0,100
2019-05-25T14:00,24.5,75,19.8,26.0,0.00,100,0,0,100
2019-05-25T15:00,24.3,76,19.8,25.6,0.00,100,3,0,100
2019-05-25T16:00,24.1,77,19.9,25.9,0.00,97,1,1,97
2019-05-25T17:00,23.4,81,19.9,26.1,0.00,99,1,0,99
2019-05-25T18:00,22.6,86,20.1,25.6,0.00,98,1,0,98
2019-05-25T19:00,22.3,87,20.1,25.3,0.00,91,1,0,91
2019-05-25T20:00,22.4,87,20.1,25.5,0.00,99,5,7,99
2019-05-25T21:00,22.6,87,20.2,25.8,0.00,99,5,40,99
2019-05-25T22:00,23.5,85,20.9,27.0,0.00,98,9,0,99
2019-05-25T23:00,24.9,80,21.3,29.0,0.00,100,14,0,100
2019-05-26T00:00,26.8,74,21.8,31.0,0.00,100,18,0,100
2019-05-26T01:00,27.9,69,21.7,32.0,0.00,99,12,0,99
2019-05-26T02:00,28.8,66,21.9,32.7,0.00,99,6,0,99
2019-05-26T03:00,29.6,65,22.2,33.9,0.00,99,3,0,99
2019-05-26T04:00,30.0,63,22.2,34.4,0.00,98,1,10,98
2019-05-26T05:00,30.2,62,22.2,34.9,0.00,99,7,27,98
2019-05-26T06:00,29.6,65,22.3,32.7,0.00,100,13,32,100
2019-05-26T07:00,29.3,65,22.1,32.1,0.00,99,10,25,98
2019-05-26T08:00,28.4,69,22.0,30.7,0.00,98,8,21,98
2019-05-26T09:00,27.4,72,21.8,29.8,0.00,87,10,18,86
2019-05-26T10:00,26.1,75,21.3,28.6,0.00,86,1,13,85
2019-05-26T11:00,25.5,75,20.8,28.2,0.00,99,2,24,99
2019-05-26T12:00,25.2,78,21.1,28.3,0.00,100,0,35,100
2019-05-26T13:00,25.3,78,21.2,28.1,0.00,99,0,24,99
2019-05-26T14:00,25.2,80,21.5,28.1,0.00,100,0,18,100
2019-05-26T15:00,24.8,83,21.8,28.4,0.00,99,0,23,99
2019-05-26T16:00,24.0,89,22.1,28.3,0.00,99,0,1,99
2019-05-26T17:00,23.3,93,22.1,27.6,0.00,99,0,6,99
2019-05-26T18:00,23.7,90,22.0,27.8,0.00,100,1,31,100
2019-05-26T19:00,23.2,93,22.1,27.5,0.00,100,2,72,100
2019-05-26T20:00,24.3,87,22.0,28.9,0.00,100,3,12,100
2019-05-26T21:00,24.6,85,21.9,29.1,0.10,98,8,3,98
2019-05-26T22:00,24.2,93,23.0,29.5,0.30,96,8,38,95
2019-05-26T23:00,24.9,89,23.0,29.9,0.20,96,3,88,93
2019-05-27T00:00,25.8,87,23.4,31.2,0.10,99,25,80,93
2019-05-27T01:00,27.1,85,24.4,32.9,0.10,97,30,68,97
2019-05-27T02:00,27.3,82,24.0,32.7,0.20,98,59,33,97
2019-05-27T03:00,28.4,77,24.0,33.8,0.30,70,33,21,58
2019-05-27T04:00,29.8,75,24.8,36.6,0.10,65,17,37,51
2019-05-27T05:00,28.6,79,24.7,34.4,1.20,83,42,44,74
2019-05-27T06:00,27.7,82,24.4,33.5,14.50,65,21,29,50
2019-05-27T07:00,27.3,83,24.2,33.0,4.40,77,15,52,65
2019-05-27T08:00,27.8,82,24.5,33.6,0.20,87,5,29,86
2019-05-27T09:00,27.2,84,24.2,33.2,0.10,94,20,32,91
2019-05-27T10:00,26.6,89,24.6,32.7,0.00,99,15,11,99
2019-05-27T11:00,26.1,89,24.2,32.0,0.00,99,7,4,99
2019-05-27T12:00,26.1,91,24.5,31.3,0.00,99,6,22,94
2019-05-27T13:00,25.8,88,23.7,30.9,0.00,86,4,11,85
2019-05-27T14:00,25.2,90,23.3,30.2,0.00,83,7,2,82
2019-05-27T15:00,25.3,88,23.2,30.5,0.00,69,18,21,63
2019-05-27T16:00,25.5,87,23.2,30.9,0.00,95,18,40,92
2019-05-27T17:00,25.4,88,23.2,30.8,0.00,94,1,28,93
2019-05-27T18:00,24.9,91,23.3,30.2,0.00,93,3,16,92
2019-05-27T19:00,24.8,93,23.6,30.2,0.00,83,8,25,80
2019-05-27T20:00,24.0,98,23.7,29.4,0.00,84,43,21,79
2019-05-27T21:00,23.9,98,23.5,29.2,0.40,100,100,37,17
2019-05-27T22:00,24.5,97,24.0,29.7,0.70,100,100,45,13
2019-05-27T23:00,25.0,94,24.0,30.0,0.60,99,99,46,13
2019-05-28T00:00,25.6,88,23.5,30.5,0.50,74,100,82,97
2019-05-28T01:00,25.1,92,23.7,30.7,1.40,100,48,100,87
2019-05-28T02:00,26.3,88,24.2,31.9,0.90,100,100,100,78
2019-05-28T03:00,25.5,93,24.3,31.5,1.50,100,100,100,100
2019-05-28T04:00,25.0,91,23.4,29.6,3.10,100,96,99,100
2019-05-28T05:00,24.7,90,22.9,28.2,3.20,100,100,97,100
2019-05-28T06:00,24.1,90,22.3,27.8,2.80,100,100,76,95
2019-05-28T07:00,23.7,90,22.0,27.9,2.00,100,100,48,87
2019-05-28T08:00,23.5,89,21.6,27.6,1.00,100,100,55,88
2019-05-28T09:00,23.1,90,21.3,26.9,0.50,100,100,93,92
2019-05-28T10:00,22.6,90,20.9,26.2,0.20,100,100,98,73
2019-05-28T11:00,22.3,91,20.7,25.8,0.10,100,100,92,26
2019-05-28T12:00,22.2,90,20.4,25.5,0.10,100,100,100,2
2019-05-28T13:00,22.0,88,20.0,24.7,0.10,99,96,93,0
2019-05-28T14:00,21.8,88,19.8,24.7,0.00,100,100,89,0
2019-05-28T15:00,21.8,88,19.7,24.7,0.00,100,100,39,0
2019-05-28T16:00,21.5,88,19.4,24.2,0.00,100,100,85,0
2019-05-28T17:00,21.3,88,19.2,23.8,0.00,100,99,95,0
2019-05-28T18:00,21.4,86,19.0,24.0,0.00,99,99,30,0
2019-05-28T19:00,21.4,86,19.0,24.0,0.00,100,99,40,4
2019-05-28T20:00,21.4,84,18.7,23.9,0.00,86,83,31,1
2019-05-28T21:00,21.3,83,18.2,23.5,0.00,58,55,12,2
2019-05-28T22:00,21.8,82,18.6,24.0,0.00,89,87,30,2
2019-05-28T23:00,22.6,79,18.7,24.6,0.00,97,96,55,6
2019-05-29T00:00,23.4,75,18.7,24.7,0.00,99,44,67,29
2019-05-29T01:00,24.1,72,18.7,25.1,0.20,92,21,88,61
2019-05-29T02:00,23.8,74,18.9,24.7,0.00,98,90,96,7
2019-05-29T03:00,23.6,73,18.6,24.3,0.00,91,44,89,9
2019-05-29T04:00,24.4,69,18.4,25.3,0.00,89,85,69,10
2019-05-29T05:00,23.4,73,18.3,24.1,0.00,73,32,72,10
2019-05-29T06:00,23.9,70,18.2,24.7,0.00,92,91,89,0
2019-05-29T07:00,24.1,69,18.1,25.0,0.00,37,4,37,0
2019-05-29T08:00,23.8,71,18.2,24.7,0.00,56,1,56,0
2019-05-29T09:00,23.2,74,18.3,24.2,0.00,44,5,42,0
2019-05-29T10:00,22.4,77,18.2,23.6,0.00,8,2,7,0
2019-05-29T11:00,21.6,79,17.8,22.8,0.00,10,5,9,0
2019-05-29T12:00,21.2,80,17.7,22.5,0.00,6,6,22,0
2019-05-29T13:00,21.2,80,17.6,22.4,0.00,19,0,19,0
2019-05-29T14:00,21.2,81,17.7,22.5,0.00,21,2,7,16
2019-05-29T15:00,21.2,81,17.9,22.4,0.00,24,6,5,20
2019-05-29T16:00,21.2,82,18.1,22.5,0.00,40,9,7,36
2019-05-29T17:00,21.4,84,18.6,22.8,0.00,48,8,8,44
2019-05-29T18:00,21.5,87,19.3,23.4,0.00,41,9,5,36
2019-05-29T19:00,21.6,88,19.6,23.6,0.00,38,11,5,31
2019-05-29T20:00,21.6,90,19.9,23.9,0.00,42,10,3,37
2019-05-29T21:00,21.7,91,20.1,24.1,0.00,45,17,2,36
2019-05-29T22:00,22.6,89,20.8,25.3,0.00,42,21,4,29
2019-05-29T23:00,24.3,84,21.5,27.2,0.00,52,35,4,33
2019-05-30T00:00,26.3,77,21.9,29.0,0.00,94,17,2,37
2019-05-30T01:00,27.6,72,22.2,30.8,0.00,71,9,2,69
2019-05-30T02:00,29.0,67,22.2,32.9,0.00,95,22,0,95
2019-05-30T03:00,29.7,65,22.4,34.1,0.00,62,52,2,40
2019-05-30T04:00,29.5,66,22.4,33.2,0.00,100,100,5,0
2019-05-30T05:00,29.7,67,22.8,34.4,0.10,54,52,25,0
2019-05-30T06:00,29.0,70,23.0,32.9,0.20,45,36,39,0
2019-05-30T07:00,28.8,72,23.2,32.8,0.20,58,53,39,0
2019-05-30T08:00,27.9,76,23.3,31.7,0.00,43,28,37,0
2019-05-30T09:00,27.2,79,23.2,31.1,0.00,25,2,25,0
2019-05-30T10:00,26.4,82,23.0,30.8,0.00,28,22,17,0
2019-05-30T11:00,25.2,84,22.3,29.3,0.00,15,3,14,0
2019-05-30T12:00,24.8,87,22.6,29.3,0.00,23,10,5,1
2019-05-30T13:00,24.8,88,22.6,29.4,0.00,9,3,7,4
2019-05-30T14:00,24.0,91,22.5,28.5,0.00,11,2,11,0
2019-05-30T15:00,24.4,88,22.3,29.1,0.00,16,1,16,0
2019-05-30T16:00,24.4,88,22.3,29.1,0.00,20,7,19,0
2019-05-30T17:00,24.4,89,22.4,29.0,0.00,17,17,1,0
2019-05-30T18:00,24.1,91,22.6,29.2,0.00,35,35,0,0
2019-05-30T19:00,23.9,92,22.6,29.2,0.00,41,41,1,0
2019-05-30T20:00,23.9,93,22.7,29.1,0.00,61,60,5,0
2019-05-30T21:00,23.9,93,22.7,29.0,0.00,92,91,8,0
2019-05-30T22:00,24.2,93,22.9,29.5,0.00,100,100,7,0
2019-05-30T23:00,24.9,91,23.3,30.0,0.00,100,100,12,0
2019-05-31T00:00,26.5,85,23.8,31.4,0.00,100,99,7,10
2019-05-31T01:00,27.7,80,24.0,32.9,0.00,78,76,9,1
2019-05-31T02:00,29.6,72,24.0,35.5,0.00,43,43,4,0
2019-05-31T03:00,31.3,65,23.9,38.2,0.00,11,9,6,2
2019-05-31T04:00,30.4,68,23.8,36.9,0.10,49,29,26,30
2019-05-31T05:00,29.4,75,24.6,35.6,0.30,74,25,71,11
2019-05-31T06:00,29.6,79,25.5,35.9,0.10,100,100,27,3
2019-05-31T07:00,29.2,81,25.6,35.7,1.40,95,95,16,17
2019-05-31T08:00,28.7,78,24.5,34.7,1.80,43,16,39,2
2019-05-31T09:00,27.9,80,24.2,33.7,0.10,24,18,12,1
2019-05-31T10:00,26.9,85,24.2,32.8,0.30,58,38,17,26
2019-05-31T11:00,25.4,93,24.1,31.0,0.00,78,7,10,76
2019-05-31T12:00,25.0,94,23.9,30.4,0.00,93,11,19,37
2019-05-31T13:00,25.0,94,23.9,30.4,0.00,88,13,34,80
2019-05-31T14:00,24.9,94,23.8,29.9,0.00,98,7,14,98
2019-05-31T15:00,24.6,95,23.8,29.5,0.00,98,2,11,97
2019-05-31T16:00,24.4,96,23.7,29.2,0.00,94,9,14,93
2019-05-31T17:00,24.3,96,23.6,29.2,0.00,58,21,45,38
2019-05-31T18:00,24.2,96,23.6,29.4,0.00,71,22,61,31
2019-05-31T19:00,24.0,97,23.4,29.1,0.00,95,14,83,75
2019-05-31T20:00,24.1,96,23.5,29.4,0.00,97,12,95,51
2019-05-31T21:00,24.2,96,23.5,29.4,0.10,82,4,75,66
2019-05-31T22:00,24.7,95,23.8,30.2,0.10,77,11,50,70
2019-05-31T23:00,25.9,90,24.1,31.8,0.00,58,16,50,14
2019-06-01T00:00,27.1,85,24.4,32.8,0.00,44,21,49,44
2019-06-01T01:00,27.6,79,23.6,32.5,0.40,79,50,10,72
2019-06-01T02:00,27.4,82,24.0,32.1,0.20,57,39,21,45
2019-06-01T03:00,27.0,84,24.2,31.9,0.20,71,59,30,58
2019-06-01T04:00,27.0,87,24.7,32.7,0.20,75,31,52,60
2019-06-01T05:00,26.9,88,24.7,32.8,0.20,78,73,35,26
2019-06-01T06:00,28.0,83,24.9,33.8,0.30,88,85,62,10
2019-06-01T07:00,26.9,86,24.4,31.6,4.70,96,87,31,74
2019-06-01T08:00,25.9,91,24.4,31.4,2.00,100,100,53,16
2019-06-01T09:00,26.5,88,24.4,31.7,0.40,73,46,39,39
2019-06-01T10:00,26.4,90,24.5,31.7,0.20,56,33,9,41
2019-06-01T11:00,25.7,92,24.3,31.1,0.10,100,61,6,100
2019-06-01T12:00,25.4,96,24.6,31.3,0.10,98,92,27,98
2019-06-01T13:00,25.6,95,24.8,31.3,0.20,97,92,16,95
2019-06-01T14:00,25.5,95,24.6,31.3,0.10,99,29,20,99
2019-06-01T15:00,25.2,96,24.6,31.1,0.00,100,15,22,100
2019-06-01T16:00,25.0,96,24.3,30.9,0.00,98,11,36,98
2019-06-01T17:00,24.9,95,24.1,30.7,0.00,97,16,26,96
2019-06-01T18:00,24.5,96,23.9,30.2,0.00,100,8,26,100
2019-06-01T19:00,24.7,95,23.8,30.5,0.10,100,1,96,100
2019-06-01T20:00,24.3,96,23.6,29.8,0.40,100,2,26,100
2019-06-01T21:00,23.9,97,23.4,29.3,0.30,99,1,52,99
2019-06-01T22:00,24.4,94,23.5,30.1,0.10,97,0,24,97
2019-06-01T23:00,25.3,90,23.6,30.9,0.00,98,1,19,98
2019-06-02T00:00,27.4,81,23.9,32.9,0.00,91,7,26,88
2019-06-02T01:00,29.1,75,24.3,34.6,0.00,69,0,51,45
2019-06-02T02:00,30.2,69,23.9,35.6,0.00,40,5,32,21
2019-06-02T03:00,30.7,72,25.1,37.4,0.10,39,6,24,24
2019-06-02T04:00,30.6,77,26.2,36.9,0.70,61,12,22,51
2019-06-02T05:00,29.6,83,26.5,35.3,7.10,93,11,22,91
2019-06-02T06:00,28.6,84,25.6,32.8,8.60,94,15,18,92
2019-06-02T07:00,29.0,83,25.9,34.0,0.20,96,2,86,93
2019-06-02T08:00,28.6,85,25.9,33.8,0.00,100,0,100,94
2019-06-02T09:00,28.7,79,24.7,33.6,0.00,100,0,100,72
2019-06-02T10:00,28.3,79,24.4,33.7,0.00,98,0,96,51
2019-06-02T11:00,28.6,72,23.1,33.5,0.00,92,0,81,79
2019-06-02T12:00,26.5,89,24.6,32.4,0.00,93,0,4,89
2019-06-02T13:00,26.6,90,24.8,32.3,0.00,100,0,100,100
2019-06-02T14:00,26.4,90,24.7,31.9,0.00,98,0,18,98
2019-06-02T15:00,25.9,91,24.3,31.1,0.00,85,0,12,83
2019-06-02T16:00,25.5,91,24.0,30.5,0.00,95,2,11,94
2019-06-02T17:00,25.3,92,23.8,30.6,0.00,93,1,6,93
2019-06-02T18:00,24.6,94,23.7,30.1,0.00,94,1,3,94
2019-06-02T19:00,24.4,95,23.6,30.0,0.00,95,1,4,94
2019-06-02T20:00,23.9,95,23.1,29.4,0.00,89,0,3,89
2019-06-02T21:00,24.1,92,22.7,29.0,0.00,52,0,2,52
2019-06-02T22:00,26.1,84,23.2,31.3,0.00,99,0,4,99
2019-06-02T23:00,27.0,78,22.8,32.0,0.00,98,0,4,98
2019-06-03T00:00,29.1,77,24.6,34.9,0.00,24,0,42,55
2019-06-03T01:00,30.0,68,23.6,35.7,0.00,97,2,91,95
2019-06-03T02:00,28.5,72,23.1,33.1,0.50,100,0,100,95
2019-06-03T03:00,27.8,75,23.0,33.1,0.10,100,0,99,79
2019-06-03T04:00,29.2,71,23.4,34.7,0.00,98,2,98,48
2019-06-03T05:00,29.4,70,23.4,35.0,0.00,97,16,91,86
2019-06-03T06:00,28.6,74,23.6,33.8,0.10,100,33,96,100
2019-06-03T07:00,28.2,79,24.2,33.7,0.90,100,38,62,99
2019-06-03T08:00,28.6,79,24.7,34.4,0.00,100,57,100,99
2019-06-03T09:00,28.0,85,25.3,33.6,0.00,99,29,9,99
2019-06-03T10:00,27.5,87,25.0,32.9,0.00,98,14,1,98
2019-06-03T11:00,26.5,90,24.7,32.3,0.00,97,9,24,97
2019-06-03T12:00,26.1,83,23.1,31.0,0.00,100,1,1,28
2019-06-03T13:00,25.5,89,23.6,31.0,0.00,26,1,6,22
2019-06-03T14:00,25.8,89,23.8,30.8,0.00,24,2,8,18
2019-06-03T15:00,25.8,89,23.9,31.0,0.00,100,2,13,100
2019-06-03T16:00,25.3,92,23.9,30.7,0.00,98,0,24,98
2019-06-03T17:00,25.7,90,24.0,31.2,0.00,45,1,34,20
2019-06-03T18:00,25.1,93,23.9,30.5,0.00,93,5,19,92
2019-06-03T19:00,24.3,96,23.6,29.7,0.00,93,5,20,91
2019-06-03T20:00,24.7,94,23.7,30.2,0.00,98,3,24,98
2019-06-03T21:00,25.6,90,23.8,31.4,0.00,97,2,12,97
2019-06-03T22:00,25.6,93,24.4,31.5,0.00,100,1,15,100
2019-06-03T23:00,25.7,90,23.9,30.7,0.10,100,0,46,100
2019-06-04T00:00,25.2,93,24.0,29.3,0.50,100,24,27,100
2019-06-04T01:00,26.2,87,23.9,30.0,0.10,99,44,18,99
2019-06-04T02:00,27.2,83,24.1,31.4,0.20,98,98,5,96
2019-06-04T03:00,27.6,87,25.2,32.8,0.40,100,44,20,100
2019-06-04T04:00,27.1,92,25.6,32.2,1.40,100,49,21,100
2019-06-04T05:00,27.5,87,25.2,32.7,0.70,99,37,14,98
2019-06-04T06:00,27.6,83,24.5,32.2,0.30,99,50,17,99
2019-06-04T07:00,28.1,82,24.7,33.0,0.00,100,50,2,100
2019-06-04T08:00,28.6,79,24.7,34.3,0.00,66,56,23,39
2019-06-04T09:00,28.8,79,24.7,34.7,0.20,92,35,30,88
2019-06-04T10:00,28.1,85,25.4,34.7,0.00,50,21,30,29
2019-06-04T11:00,26.6,88,24.4,32.3,0.00,31,9,23,7
2019-06-04T12:00,25.8,80,22.0,29.7,0.00,10,6,4,11
2019-06-04T13:00,25.4,82,22.0,29.3,0.00,9,7,3,2
2019-06-04T14:00,24.8,87,22.5,29.2,0.00,5,4,1,0
2019-06-04T15:00,24.4,91,22.7,29.0,0.00,4,3,3,0
2019-06-04T16:00,24.1,92,22.8,28.8,0.00,4,4,0,0
2019-06-04T17:00,23.8,94,22.8,28.5,0.00,4,4,1,0
2019-06-04T18:00,23.7,94,22.8,28.4,0.00,8,8,0,0
2019-06-04T19:00,23.3,95,22.5,27.7,0.00,8,8,0,0
2019-06-04T20:00,23.2,95,22.4,27.8,0.00,4,4,0,0
2019-06-04T21:00,22.6,96,22.0,26.9,0.00,3,2,3,0
2019-06-04T22:00,24.7,91,23.1,29.7,0.00,5,2,4,0
2019-06-04T23:00,27.1,84,24.1,33.0,0.00,6,6,3,0
2019-06-05T00:00,29.2,70,23.2,34.6,0.00,3,0,0,0
2019-06-05T01:00,30.5,67,23.6,36.4,0.00,1,1,0,0
2019-06-05T02:00,31.3,64,23.8,37.9,0.00,22,20,7,0
2019-06-05T03:00,31.8,62,23.7,38.9,0.10,28,23,19,0
2019-06-05T04:00,30.9,66,23.9,37.7,0.30,35,26,34,0
2019-06-05T05:00,31.1,67,24.2,38.5,0.30,45,38,28,0
2019-06-05T06:00,31.2,70,25.0,37.8,0.10,47,37,43,3
2019-06-05T07:00,29.1,76,24.5,34.6,1.10,40,26,35,7
2019-06-05T08:00,28.8,80,25.0,34.8,0.10,24,14,20,4
2019-06-05T09:00,28.7,82,25.2,34.8,0.00,28,0,27,2
2019-06-05T10:00,28.2,85,25.4,35.0,0.00,15,0,15,0
2019-06-05T11:00,27.7,85,24.9,34.1,0.00,13,0,11,2
2019-06-05T12:00,27.0,90,25.3,33.1,0.00,13,0,14,22
2019-06-05T13:00,27.0,91,25.4,33.1,0.00,62,0,9,59
2019-06-05T14:00,26.7,91,25.0,32.6,0.00,45,1,5,42
2019-06-05T15:00,26.2,90,24.3,31.7,0.00,97,3,6,97
2019-06-05T16:00,25.1,93,23.9,30.3,0.00,90,5,4,89
2019-06-05T17:00,26.3,85,23.7,31.9,0.00,98,2,3,98
2019-06-05T18:00,26.0,87,23.8,32.0,0.00,98,1,1,98
2019-06-05T19:00,24.6,94,23.5,30.1,0.00,91,0,2,91
2019-06-05T20:00,24.3,94,23.2,29.4,0.00,96,0,0,96
2019-06-05T21:00,24.6,92,23.3,29.8,0.00,88,0,0,88
2019-06-05T22:00,26.0,89,24.1,31.5,0.00,85,0,0,85
2019-06-05T23:00,27.9,81,24.3,33.8,0.00,75,0,0,75
2019-06-06T00:00,28.9,73,23.5,34.5,0.00,29,0,0,26
2019-06-06T01:00,30.0,73,24.7,36.3,0.00,0,0,0,0
2019-06-06T02:00,31.0,72,25.4,38.2,0.00,37,1,1,36
2019-06-06T03:00,31.8,68,25.3,38.4,0.00,32,21,11,20
2019-06-06T04:00,31.9,67,25.1,37.7,0.10,33,20,27,6
2019-06-06T05:00,31.2,71,25.3,37.1,0.70,51,33,30,25
2019-06-06T06:00,31.2,71,25.3,36.7,2.30,56,38,29,33
2019-06-06T07:00,31.0,72,25.5,36.0,0.40,62,34,18,49
2019-06-06T08:00,30.9,75,25.9,36.6,0.20,92,19,16,90
2019-06-06T09:00,30.2,76,25.6,36.7,1.50,96,24,10,95
2019-06-06T10:00,29.2,88,27.1,37.2,0.10,99,20,26,98
2019-06-06T11:00,28.0,89,26.1,35.0,0.00,100,18,40,100
2019-06-06T12:00,28.8,83,25.6,35.7,0.00,99,4,95,92
2019-06-06T13:00,27.9,89,25.9,34.8,0.00,96,5,92,94
2019-06-06T14:00,27.4,92,26.0,34.3,0.00,100,3,91,100
2019-06-06T15:00,26.8,95,25.9,33.7,0.00,100,5,97,100
2019-06-06T16:00,26.6,95,25.8,33.5,0.00,98,16,76,98
2019-06-06T17:00,26.5,95,25.6,33.3,0.00,99,13,52,99
2019-06-06T18:00,26.0,95,25.1,32.3,0.00,98,8,8,98
2019-06-06T19:00,25.7,94,24.7,31.7,0.00,97,1,8,97
2019-06-06T20:00,25.1,94,24.1,30.7,0.00,79,0,19,76
2019-06-06T21:00,25.7,93,24.5,31.5,0.00,66,0,20,63
2019-06-06T22:00,26.6,90,24.8,32.6,0.00,100,0,14,100
2019-06-06T23:00,27.6,82,24.3,33.5,0.00,99,0,8,99
2019-06-07T00:00,28.7,76,24.1,34.4,0.00,100,0,0,94
2019-06-07T01:00,29.3,76,24.6,35.0,0.00,91,4,0,90
2019-06-07T02:00,30.4,73,25.1,36.6,0.00,96,7,10,95
2019-06-07T03:00,31.4,69,25.0,37.3,0.00,66,9,8,64
2019-06-07T04:00,31.9,67,24.9,37.9,0.20,26,16,20,6
2019-06-07T05:00,31.9,67,25.1,37.8,0.10,38,24,18,21
2019-06-07T06:00,31.1,74,25.9,37.4,0.80,37,27,19,28
2019-06-07T07:00,29.9,76,25.2,35.2,1.70,100,32,8,100
2019-06-07T08:00,29.6,77,25.1,34.4,0.30,90,42,6,86
2019-06-07T09:00,29.3,81,25.7,36.0,0.00,99,14,2,99
2019-06-07T10:00,28.9,91,27.2,37.0,0.00,99,17,81,99
2019-06-07T11:00,28.1,87,25.6,34.5,0.00,99,7,10,99
2019-06-07T12:00,27.1,89,25.0,32.9,0.00,100,13,14,99
2019-06-07T13:00,27.1,86,24.6,32.8,0.00,97,5,18,97
2019-06-07T14:00,26.4,89,24.5,32.1,0.00,99,1,0,99
2019-06-07T15:00,26.0,90,24.2,31.7,0.00,93,0,1,93
2019-06-07T16:00,25.9,90,24.1,31.5,0.00,69,0,1,69
2019-06-07T17:00,24.9,93,23.8,30.6,0.00,98,0,0,98
2019-06-07T18:00,25.5,90,23.6,30.9,0.00,99,0,0,99
2019-06-07T19:00,25.1,92,23.7,30.5,0.00,99,0,0,99
2019-06-07T20:00,25.0,93,23.8,30.2,0.00,92,2,2,92
2019-06-07T21:00,24.9,94,23.9,30.3,0.00,99,4,4,99
2019-06-07T22:00,26.1,91,24.5,31.9,0.00,99,2,27,99
2019-06-07T23:00,26.9,87,24.5,32.9,0.00,97,4,91,89
2019-06-08T00:00,27.4,83,24.3,33.2,0.00,97,2,100,90
2019-06-08T01:00,27.4,83,24.2,33.4,0.00,99,0,97,82
2019-06-08T02:00,28.1,78,23.9,34.0,0.00,84,1,72,76
2019-06-08T03:00,30.0,71,24.3,36.1,0.00,97,11,3,97
2019-06-08T04:00,31.3,68,24.7,38.4,0.00,100,23,18,99
2019-06-08T05:00,32.0,66,24.7,38.5,0.00,98,7,5,98
2019-06-08T06:00,32.1,69,25.6,38.0,0.00,100,6,44,100
2019-06-08T07:00,31.5,71,25.7,36.8,0.00,99,2,30,99
2019-06-08T08:00,31.1,71,25.2,36.3,0.00,99,1,23,99
2019-06-08T09:00,30.4,73,25.1,36.1,0.00,100,0,38,100
2019-06-08T10:00,29.1,78,24.9,34.9,0.00,100,2,0,100
2019-06-08T11:00,27.8,81,24.2,33.2,0.00,100,3,0,100
2019-06-08T12:00,26.7,93,25.4,33.0,0.00,100,6,2,100
2019-06-08T13:00,26.6,93,25.5,32.8,0.00,100,2,2,100
2019-06-08T14:00,26.3,94,25.2,32.5,0.00,99,0,1,99
2019-06-08T15:00,25.9,94,24.8,31.9,0.00,99,0,2,99
2019-06-08T16:00,25.1,95,24.2,30.5,0.00,98,0,0,98
2019-06-08T17:00,24.8,96,24.1,30.4,0.00,99,1,0,99
2019-06-08T18:00,25.6,91,24.0,31.3,0.00,98,1,1,98
2019-06-08T19:00,24.6,92,23.3,29.6,0.00,97,4,1,97
2019-06-08T20:00,24.4,91,22.9,29.2,0.00,97,2,2,96
2019-06-08T21:00,25.5,85,22.8,30.0,0.00,99,1,1,99
2019-06-08T22:00,25.8,88,23.6,31.0,0.00,100,0,7,100
2019-06-08T23:00,27.5,78,23.3,31.7,0.00,99,0,37,99
2019-06-09T00:00,28.6,73,23.2,33.3,0.00,100,0,26,100
2019-06-09T01:00,29.7,70,23.7,34.2,0.00,100,0,4,100
2019-06-09T02:00,31.0,66,23.9,34.4,0.00,100,0,6,100
2019-06-09T03:00,31.5,64,23.9,34.7,0.00,100,1,1,100
2019-06-09T04:00,31.4,65,23.9,34.4,0.00,100,0,1,100
2019-06-09T05:00,30.7,66,23.6,33.0,0.00,100,0,0,100
2019-06-09T06:00,30.6,67,23.7,33.4,0.00,100,0,9,100
2019-06-09T07:00,30.1,70,24.1,33.1,0.00,100,0,0,100
2019-06-09T08:00,29.9,66,22.9,32.3,0.00,99,0,24,99
2019-06-09T09:00,29.4,67,22.7,32.1,0.00,99,0,42,98
2019-06-09T10:00,29.0,66,22.0,32.2,0.00,98,0,45,97
2019-06-09T11:00,28.1,68,21.6,31.7,0.00,100,0,59,100
2019-06-09T12:00,27.3,75,22.5,30.8,0.00,100,0,58,100
2019-06-09T13:00,28.2,63,20.5,31.3,0.00,100,0,95,100
2019-06-09T14:00,27.5,69,21.3,30.7,0.00,100,0,99,100
2019-06-09T15:00,27.7,66,20.8,30.8,0.00,100,0,98,99
2019-06-09T16:00,27.4,68,20.9,30.5,0.00,100,0,99,95
2019-06-09T17:00,26.7,74,21.6,30.2,0.00,91,0,79,73
2019-06-09T18:00,26.6,74,21.5,30.1,0.00,84,0,79,29
2019-06-09T19:00,26.5,75,21.6,30.1,0.00,92,0,41,89
2019-06-09T20:00,26.5,73,21.4,30.0,0.00,96,0,0,97
2019-06-09T21:00,26.8,73,21.6,30.2,0.00,100,0,83,100
2019-06-09T22:00,27.0,76,22.3,30.6,0.00,97,0,24,97
2019-06-09T23:00,27.5,75,22.8,31.3,0.00,97,0,58,96
2019-06-10T00:00,26.9,84,23.9,32.1,0.00,100,0,100,100
2019-06-10T01:00,27.1,77,22.8,32.4,0.10,100,0,100,100
2019-06-10T02:00,27.3,76,22.8,32.2,0.00,100,0,100,98
2019-06-10T03:00,27.9,72,22.4,32.8,0.00,100,0,100,98
2019-06-10T04:00,27.7,72,22.2,32.2,0.10,100,1,100,100
2019-06-10T05:00,27.4,75,22.5,32.1,0.10,100,1,100,100
2019-06-10T06:00,27.7,76,23.1,32.5,0.20,100,7,100,100
2019-06-10T07:00,27.2,79,23.3,32.5,0.70,100,5,99,97
2019-06-10T08:00,26.5,87,24.2,31.9,1.10,99,12,89,99
2019-06-10T09:00,26.6,90,24.7,32.4,1.60,99,1,68,99
2019-06-10T10:00,26.3,95,25.4,32.9,2.70,100,1,64,100
2019-06-10T11:00,25.8,96,25.2,32.2,3.10,100,1,18,100
2019-06-10T12:00,25.2,91,23.5,30.1,2.30,100,0,13,97
2019-06-10T13:00,25.1,93,23.8,30.6,0.00,100,0,23,100
2019-06-10T14:00,24.7,93,23.5,30.1,0.10,99,2,64,99
2019-06-10T15:00,24.9,91,23.3,30.3,0.20,98,3,60,96
2019-06-10T16:00,24.6,92,23.2,29.8,0.10,98,2,45,96
2019-06-10T17:00,24.4,93,23.3,29.4,0.10,98,3,92,94
2019-06-10T18:00,24.2,96,23.5,29.5,0.00,97,2,57,95
2019-06-10T19:00,23.9,96,23.2,28.9,0.10,98,18,3,98
2019-06-10T20:00,24.2,96,23.4,29.2,0.20,99,4,8,99
2019-06-10T21:00,24.1,95,23.3,29.0,0.00,100,8,25,100
2019-06-10T22:00,24.7,95,23.8,30.2,0.00,100,1,3,100
2019-06-10T23:00,25.2,94,24.1,31.2,0.90,100,7,100,100
2019-06-11T00:00,25.7,92,24.3,30.7,4.20,100,0,100,100
2019-06-11T01:00,25.5,93,24.3,30.4,16.00,100,0,100,100
2019-06-11T02:00,25.5,92,24.1,31.2,18.00,100,70,100,96
2019-06-11T03:00,24.9,91,23.3,28.7,11.90,100,100,100,95
2019-06-11T04:00,23.6,90,21.9,27.0,10.10,100,100,100,93
2019-06-11T05:00,23.8,90,22.2,27.6,13.60,100,86,100,100
2019-06-11T06:00,23.2,91,21.7,27.0,5.90,100,100,78,88
2019-06-11T07:00,24.0,83,21.0,26.8,1.20,98,0,97,94
2019-06-11T08:00,23.5,89,21.6,27.3,3.40,100,100,83,79
2019-06-11T09:00,24.0,87,21.7,28.1,0.40,100,98,89,99
2019-06-11T10:00,23.7,89,21.7,27.5,0.10,100,100,60,97
2019-06-11T11:00,23.2,91,21.6,27.0,0.00,100,100,25,97
2019-06-11T12:00,23.9,96,23.2,28.9,0.10,100,58,75,3
2019-06-11T13:00,23.9,94,22.9,28.9,0.40,97,34,96,1
2019-06-11T14:00,23.9,94,22.9,28.7,0.30,100,18,100,71
2019-06-11T15:00,23.9,95,23.1,29.0,0.00,81,25,14,77
2019-06-11T16:00,23.6,94,22.6,28.1,0.00,88,17,26,84
2019-06-11T17:00,23.5,91,21.9,27.2,0.00,87,32,19,82
2019-06-11T18:00,23.2,92,21.8,27.0,0.00,55,21,13,43
2019-06-11T19:00,23.0,94,22.0,27.0,0.00,41,29,19,13
2019-06-11T20:00,23.1,94,22.0,27.1,0.00,75,58,56,9
2019-06-11T21:00,23.5,92,22.1,27.4,1.50,67,1,47,56
2019-06-11T22:00,23.8,93,22.5,27.9,0.60,83,55,61,51
2019-06-11T23:00,24.3,91,22.8,28.2,0.10,71,65,32,9
2019-06-12T00:00,25.3,87,23.0,28.8,0.90,98,50,24,87
2019-06-12T01:00,26.3,82,23.1,29.6,0.00,98,24,56,97
2019-06-12T02:00,26.6,81,23.1,29.9,0.90,99,4,87,99
2019-06-12T03:00,25.9,87,23.5,29.5,4.90,100,21,100,98
2019-06-12T04:00,25.6,89,23.6,29.4,1.60,100,18,83,100
2019-06-12T05:00,25.8,88,23.7,29.8,1.40,100,12,100,100
2019-06-12T06:00,25.4,90,23.7,29.1,2.20,100,4,100,88
2019-06-12T07:00,25.1,92,23.7,28.9,2.10,100,92,100,48
2019-06-12T08:00,24.7,92,23.3,28.3,0.80,99,26,98,98
2019-06-12T09:00,24.2,92,22.8,27.7,2.90,100,0,100,100
2019-06-12T10:00,23.7,94,22.6,27.3,8.10,100,3,100,100
2019-06-12T11:00,23.7,93,22.5,27.6,8.80,100,0,100,100
2019-06-12T12:00,23.1,93,21.9,27.1,6.50,100,2,100,97
2019-06-12T13:00,23.0,94,22.0,26.9,3.30,100,100,100,99
2019-06-12T14:00,22.9,95,22.0,26.5,1.10,100,14,86,99
2019-06-12T15:00,23.1,94,22.1,26.3,0.20,99,7,48,99
2019-06-12T16:00,23.1,94,22.1,26.5,0.00,98,8,79,97
2019-06-12T17:00,23.0,95,22.1,26.2,0.00,99,8,93,97
2019-06-12T18:00,23.0,95,22.1,26.3,0.10,98,12,32,97
2019-06-12T19:00,23.2,95,22.3,27.0,0.00,100,23,77,100
2019-06-12T20:00,23.4,95,22.5,27.5,0.10,100,27,95,99
2019-06-12T21:00,23.4,96,22.7,28.2,0.10,100,39,79,99
2019-06-12T22:00,23.7,96,23.1,28.9,0.10,100,60,54,100
2019-06-12T23:00,24.2,94,23.1,29.4,0.10,98,97,90,87
2019-06-13T00:00,24.7,93,23.5,30.1,0.20,100,67,96,100
2019-06-13T01:00,25.5,87,23.2,30.4,0.20,100,90,100,98
2019-06-13T02:00,25.8,88,23.6,30.9,0.40,100,100,96,98
2019-06-13T03:00,25.8,88,23.6,30.3,0.30,100,100,100,99
2019-06-13T04:00,26.0,88,23.9,31.6,0.20,100,100,100,100
2019-06-13T05:00,25.6,90,23.8,30.6,0.20,100,100,68,100
2019-06-13T06:00,25.7,86,23.2,30.5,0.20,100,93,55,100
2019-06-13T07:00,26.1,84,23.2,31.0,0.20,98,84,27,98
2019-06-13T08:00,25.7,87,23.4,30.2,0.60,100,26,100,100
2019-06-13T09:00,24.9,91,23.4,30.1,1.30,100,40,100,100
2019-06-13T10:00,24.5,93,23.4,29.9,0.50,100,95,98,100
2019-06-13T11:00,24.1,94,23.2,29.3,1.10,100,100,100,100
2019-06-13T12:00,24.7,96,24.0,30.4,1.40,100,7,88,100
2019-06-13T13:00,24.9,95,24.0,30.6,1.30,100,0,99,100
2019-06-13T14:00,24.7,96,24.0,30.5,0.50,99,14,95,98
2019-06-13T15:00,24.7,96,23.9,30.5,0.30,100,4,15,100
2019-06-13T16:00,24.6,95,23.7,30.1,0.30,100,1,77,100
2019-06-13T17:00,24.7,95,23.8,30.2,0.10,99,1,3,99
2019-06-13T18:00,24.5,96,23.9,28.9,0.10,100,10,65,100
2019-06-13T19:00,24.0,95,23.2,27.9,0.40,98,60,19,96
2019-06-13T20:00,23.7,94,22.6,27.3,1.40,100,100,96,95
2019-06-13T21:00,23.1,93,21.9,27.0,6.60,100,82,100,92
2019-06-13T22:00,23.2,92,21.8,27.8,11.40,100,100,100,94
2019-06-13T23:00,23.1,93,21.9,26.7,5.60,99,99,14,68
2019-06-14T00:00,24.7,92,23.3,29.6,0.70,76,100,100,10
2019-06-14T01:00,24.7,91,23.2,28.9,1.20,100,100,100,24
2019-06-14T02:00,24.8,89,22.9,28.7,1.10,100,100,96,0
2019-06-14T03:00,25.4,86,22.9,29.6,0.90,100,100,100,3
2019-06-14T04:00,25.6,83,22.6,29.5,0.90,100,100,100,50
2019-06-14T05:00,25.4,83,22.3,29.0,0.40,100,100,100,92
2019-06-14T06:00,25.8,78,21.6,29.2,0.30,100,100,100,59
2019-06-14T07:00,25.1,79,21.3,28.6,0.30,100,99,100,0
2019-06-14T08:00,24.8,80,21.1,28.8,0.10,100,100,100,0
2019-06-14T09:00,24.8,79,21.0,29.0,0.30,100,72,100,0
2019-06-14T10:00,24.4,83,21.3,28.7,0.00,100,30,100,0
2019-06-14T11:00,23.2,91,21.6,27.5,0.00,99,37,99,0
2019-06-14T12:00,23.3,92,21.9,27.4,0.00,99,62,66,0
2019-06-14T13:00,23.2,94,22.1,27.7,0.00,72,26,69,0
2019-06-14T14:00,22.6,94,21.6,26.8,0.00,52,6,45,11
2019-06-14T15:00,21.7,95,20.8,25.2,0.00,33,24,23,5
2019-06-14T16:00,21.6,95,20.7,25.1,0.00,26,23,10,0
2019-06-14T17:00,21.3,95,20.4,24.7,0.00,24,23,3,0
2019-06-14T18:00,21.4,94,20.3,24.9,0.00,25,24,1,0
2019-06-14T19:00,21.1,94,20.1,24.3,0.00,25,24,2,0
2019-06-14T20:00,20.7,94,19.8,23.7,0.00,9,9,2,0
2019-06-14T21:00,20.4,94,19.5,23.2,0.00,3,3,2,0
2019-06-14T22:00,22.1,89,20.3,25.2,0.00,6,1,5,0
2019-06-14T23:00,23.8,80,20.0,26.8,0.00,7,0,7,0
2019-06-15T00:00,25.3,72,19.8,28.1,0.00,32,32,4,0
2019-06-15T01:00,26.2,67,19.7,29.0,0.00,20,19,2,0
2019-06-15T02:00,26.6,65,19.4,29.7,0.00,38,38,0,0
2019-06-15T03:00,26.9,64,19.4,30.3,0.00,0,0,0,0
2019-06-15T04:00,27.0,62,19.1,30.6,0.00,0,0,0,0
2019-06-15T05:00,27.1,61,19.0,30.7,0.00,19,0,0,19
2019-06-15T06:00,26.9,63,19.2,30.0,0.00,33,0,0,33
2019-06-15T07:00,26.6,64,19.3,28.9,0.00,0,0,0,0
2019-06-15T08:00,26.1,68,19.7,27.6,0.00,1,0,1,0
2019-06-15T09:00,25.4,72,19.9,26.8,0.00,1,0,1,0
2019-06-15T10:00,24.3,77,20.1,26.3,0.00,1,0,1,0
2019-06-15T11:00,23.2,80,19.5,24.8,0.00,1,0,1,0
2019-06-15T12:00,23.2,77,18.8,24.0,0.00,1,4,41,0
2019-06-15T13:00,23.6,75,18.9,24.6,0.00,64,8,64,0
2019-06-15T14:00,23.8,74,18.8,24.7,0.00,42,5,41,0
2019-06-15T15:00,23.6,74,18.6,24.4,0.00,24,4,23,0
2019-06-15T16:00,23.2,75,18.4,24.0,0.00,6,2,6,0
2019-06-15T17:00,22.7,75,18.1,23.6,0.00,8,3,7,0
2019-06-15T18:00,22.5,76,18.0,23.4,0.00,6,1,6,0
2019-06-15T19:00,22.3,79,18.4,23.6,0.00,4,0,4,0
2019-06-15T20:00,22.2,82,18.9,23.8,0.00,26,0,2,24
2019-06-15T21:00,21.9,84,19.2,24.0,0.00,35,0,1,34
2019-06-15T22:00,22.8,85,20.1,25.5,0.00,22,0,1,21
2019-06-15T23:00,24.9,79,21.1,28.3,0.00,49,0,1,48
2019-06-16T00:00,26.8,72,21.3,29.0,0.00,54,0,1,81
2019-06-16T01:00,27.8,68,21.4,30.1,0.00,92,0,0,92
2019-06-16T02:00,28.4,67,21.7,31.3,0.00,98,0,0,98
2019-06-16T03:00,29.2,64,21.7,32.8,0.00,98,0,0,98
2019-06-16T04:00,29.7,62,21.7,33.5,0.00,98,1,7,97
2019-06-16T05:00,29.5,63,21.8,33.1,0.00,98,0,11,98
2019-06-16T06:00,29.3,64,21.8,32.5,0.00,97,0,19,97
2019-06-16T07:00,28.7,67,21.9,31.3,0.00,99,0,32,98
2019-06-16T08:00,27.9,71,22.1,30.0,0.00,98,0,48,97
2019-06-16T09:00,27.1,73,21.9,29.4,0.00,99,0,46,98
2019-06-16T10:00,26.3,76,21.7,28.8,0.00,100,0,51,100
2019-06-16T11:00,25.8,77,21.5,28.6,0.00,99,2,11,99
2019-06-16T12:00,25.1,81,21.6,28.3,0.00,99,0,38,80
2019-06-16T13:00,25.3,82,21.9,28.5,0.00,82,0,66,52
2019-06-16T14:00,25.1,82,21.9,28.5,0.00,86,0,9,85
2019-06-16T15:00,24.8,83,21.7,28.4,0.00,89,0,9,88
2019-06-16T16:00,24.5,84,21.7,28.4,0.00,13,0,8,6
2019-06-16T17:00,24.2,86,21.8,28.3,0.00,17,2,16,1
2019-06-16T18:00,23.6,90,21.9,27.6,0.00,52,5,9,47
2019-06-16T19:00,24.1,87,21.8,28.3,0.00,45,1,28,30
2019-06-16T20:00,23.3,92,22.0,27.5,0.00,46,0,43,5
2019-06-16T21:00,23.2,93,22.0,27.6,0.00,45,3,44,0
2019-06-16T22:00,24.5,90,22.7,29.5,0.00,62,20,54,5
2019-06-16T23:00,25.7,85,23.0,30.9,0.00,98,18,35,97
2019-06-17T00:00,28.3,73,23.0,33.0,0.00,84,16,3,46
2019-06-17T01:00,29.8,69,23.5,35.5,0.00,51,9,0,48
2019-06-17T02:00,30.7,68,24.2,37.5,0.00,61,2,1,60
2019-06-17T03:00,31.2,67,24.2,37.6,0.00,85,28,14,81
2019-06-17T04:00,31.4,65,23.9,38.0,0.10,94,34,23,91
2019-06-17T05:00,30.6,68,24.0,36.2,0.30,97,33,39,95
2019-06-17T06:00,30.0,72,24.3,35.7,0.50,94,23,30,93
2019-06-17T07:00,30.0,74,24.8,36.8,0.10,99,12,47,98
2019-06-17T08:00,29.8,75,25.0,36.1,0.20,99,15,12,98
2019-06-17T09:00,28.9,79,24.8,35.3,0.70,98,34,15,97
2019-06-17T10:00,28.1,83,24.8,34.6,0.20,97,14,27,96
2019-06-17T11:00,26.7,93,25.4,33.2,0.00,46,7,28,30
2019-06-17T12:00,26.8,92,25.3,32.9,0.00,40,22,40,4
2019-06-17T13:00,26.7,90,24.9,32.8,0.00,91,0,49,86
2019-06-17T14:00,26.5,89,24.5,32.2,0.00,90,2,35,85
2019-06-17T15:00,26.1,90,24.2,31.7,0.00,88,3,51,80
2019-06-17T16:00,25.5,91,24.0,30.9,0.00,86,12,63,61
2019-06-17T17:00,25.5,92,24.0,30.9,0.00,100,16,99,79
2019-06-17T18:00,26.8,82,23.4,32.3,0.00,99,4,91,95
2019-06-17T19:00,26.9,81,23.4,32.3,0.00,95,4,69,91
2019-06-17T20:00,26.7,83,23.5,32.2,0.00,97,5,44,96
2019-06-17T21:00,26.4,85,23.7,31.8,0.00,88,4,22,85
2019-06-17T22:00,26.2,89,24.2,32.2,0.00,70,3,22,68
2019-06-17T23:00,26.8,89,24.9,33.4,0.00,70,4,15,65
2019-06-18T00:00,27.9,83,24.8,34.1,0.00,73,37,6,66
2019-06-18T01:00,29.4,78,25.2,35.1,0.00,91,74,14,85
2019-06-18T02:00,30.0,75,25.1,35.9,0.00,94,1,24,93
2019-06-18T03:00,31.2,69,24.8,37.5,0.00,74,16,19,71
2019-06-18T04:00,32.1,66,24.8,38.8,0.10,77,28,31,69
2019-06-18T05:00,30.3,76,25.7,36.0,0.10,75,31,50,54
2019-06-18T06:00,29.0,84,26.0,35.1,2.00,79,26,66,37
2019-06-18T07:00,29.4,83,26.3,36.5,0.10,32,26,18,4
2019-06-18T08:00,30.4,79,26.3,37.4,0.20,96,24,22,95
2019-06-18T09:00,29.3,84,26.2,35.6,0.70,91,26,40,85
2019-06-18T10:00,28.4,89,26.4,35.3,0.10,79,35,15,72
2019-06-18T11:00,27.2,96,26.5,34.4,0.10,52,27,35,32
2019-06-18T12:00,27.9,92,26.5,35.4,0.00,56,16,25,97
2019-06-18T13:00,28.8,86,26.3,36.4,0.00,93,15,22,91
2019-06-18T14:00,27.8,91,26.2,35.1,0.00,89,8,16,86
2019-06-18T15:00,26.9,94,25.9,33.7,0.00,80,4,8,78
2019-06-18T16:00,27.8,90,26.1,34.9,0.00,70,1,1,69
2019-06-18T17:00,26.3,95,25.4,32.8,0.00,73,2,0,72
2019-06-18T18:00,26.8,90,25.0,32.8,0.00,97,1,0,96
2019-06-18T19:00,26.8,91,25.1,33.4,0.00,97,4,0,97
2019-06-18T20:00,25.1,96,24.4,30.8,0.00,92,1,0,92
2019-06-18T21:00,25.9,91,24.3,31.3,0.00,98,1,0,98
2019-06-18T22:00,26.7,87,24.3,31.9,0.00,98,1,0,99
2019-06-18T23:00,28.0,83,24.8,33.4,0.00,99,0,6,99
2019-06-19T00:00,29.3,77,24.9,35.1,0.00,99,0,27,44
2019-06-19T01:00,30.5,74,25.4,36.4,0.00,57,0,5,56
2019-06-19T02:00,31.8,70,25.5,38.7,0.00,93,0,1,93
2019-06-19T03:00,32.6,67,25.6,39.3,0.00,93,9,0,92
2019-06-19T04:00,32.7,67,25.8,39.3,0.00,96,5,0,96
2019-06-19T05:00,32.5,70,26.2,39.1,0.00,98,0,0,98
2019-06-19T06:00,32.4,70,26.3,38.6,0.00,99,1,0,99
2019-06-19T07:00,31.8,72,26.0,37.1,0.00,98,1,0,97
2019-06-19T08:00,31.0,75,26.1,36.0,0.00,100,2,0,100
2019-06-19T09:00,30.1,79,26.0,35.5,0.00,100,1,0,100
2019-06-19T10:00,29.1,80,25.2,34.1,0.00,100,1,0,100
2019-06-19T11:00,28.3,81,24.7,33.7,0.00,100,2,4,100
2019-06-19T12:00,28.8,80,25.1,34.8,0.00,99,0,0,100
2019-06-19T13:00,27.5,89,25.5,34.1,0.00,100,0,5,100
2019-06-19T14:00,27.4,87,25.0,33.6,0.00,100,0,2,100
2019-06-19T15:00,26.9,89,25.0,33.2,0.00,100,0,2,100
2019-06-19T16:00,26.6,90,24.9,32.9,0.00,100,0,2,100
2019-06-19T17:00,26.4,91,24.7,32.5,0.00,99,0,3,99
2019-06-19T18:00,25.6,94,24.6,31.6,0.00,99,0,2,98
2019-06-19T19:00,25.4,94,24.3,31.3,0.00,91,0,4,91
2019-06-19T20:00,25.9,90,24.2,31.6,0.00,95,0,19,94
2019-06-19T21:00,26.0,88,23.9,31.5,0.00,96,0,24,95
2019-06-19T22:00,26.9,91,25.3,33.4,0.00,98,0,17,97
2019-06-19T23:00,28.2,79,24.2,34.0,0.00,100,0,5,100
2019-06-20T00:00,29.4,74,24.3,34.4,0.00,99,0,1,100
2019-06-20T01:00,30.5,71,24.7,35.5,0.00,97,0,4,97
2019-06-20T02:00,31.5,69,25.1,37.4,0.00,95,0,3,95
2019-06-20T03:00,32.3,67,25.5,39.0,0.00,97,3,3,97
2019-06-20T04:00,32.6,67,25.6,39.6,0.00,98,5,5,98
2019-06-20T05:00,32.6,68,25.9,39.8,0.00,100,5,5,100
2019-06-20T06:00,32.3,69,26.0,38.8,0.10,100,3,4,100
2019-06-20T07:00,31.9,69,25.6,37.0,0.40,100,3,5,100
2019-06-20T08:00,31.7,70,25.6,36.7,0.00,100,2,1,100
2019-06-20T09:00,30.9,73,25.6,36.6,0.00,98,0,1,98
2019-06-20T10:00,29.8,77,25.4,35.5,0.00,96,1,0,96
2019-06-20T11:00,28.6,79,24.6,33.9,0.00,98,2,0,97
2019-06-20T12:00,29.2,76,24.5,35.5,0.00,98,7,1,32
2019-06-20T13:00,28.0,85,25.2,34.3,0.00,62,8,0,59
2019-06-20T14:00,27.8,87,25.4,34.1,0.00,91,4,0,91
2019-06-20T15:00,27.3,87,25.0,33.3,0.00,95,1,0,95
2019-06-20T16:00,26.4,90,24.7,32.1,0.00,89,1,0,89
2019-06-20T17:00,26.2,90,24.3,32.0,0.00,95,0,0,95
2019-06-20T18:00,25.2,93,24.1,30.9,0.00,85,0,0,85
2019-06-20T19:00,26.9,85,24.1,32.5,0.00,90,0,0,90
2019-06-20T20:00,26.3,87,23.9,31.7,0.00,87,0,1,87
2019-06-20T21:00,24.6,94,23.6,29.9,0.00,52,0,3,51
2019-06-20T22:00,26.0,90,24.2,31.8,0.00,78,0,4,77
2019-06-20T23:00,27.4,83,24.4,33.2,0.00,54,0,2,53
2019-06-21T00:00,29.0,74,23.8,34.0,0.00,75,0,0,77
2019-06-21T01:00,30.4,69,24.0,35.3,0.00,73,0,0,73
2019-06-21T02:00,31.6,64,24.1,36.7,0.00,99,0,0,99
2019-06-21T03:00,32.6,61,24.1,37.8,0.00,98,0,0,98
2019-06-21T04:00,33.1,61,24.5,38.6,0.00,95,0,0,95
2019-06-21T05:00,33.0,62,24.9,38.7,0.00,99,0,0,99
2019-06-21T06:00,32.8,64,25.2,38.5,0.00,100,0,0,100
2019-06-21T07:00,32.5,67,25.5,37.9,0.00,100,0,0,100
2019-06-21T08:00,32.0,70,25.7,37.0,0.00,100,0,0,100
2019-06-21T09:00,31.1,74,25.9,36.6,0.00,100,0,0,100
2019-06-21T10:00,29.8,77,25.4,35.2,0.00,100,1,0,100
2019-06-21T11:00,28.9,77,24.6,33.8,0.00,100,0,1,100
2019-06-21T12:00,28.4,85,25.6,34.9,0.00,100,0,1,96
2019-06-21T13:00,28.3,83,25.2,34.7,0.00,97,0,0,97
2019-06-21T14:00,27.8,84,24.9,33.9,0.00,98,1,0,98
2019-06-21T15:00,27.2,87,24.9,33.4,0.00,99,0,1,99
2019-06-21T16:00,26.6,90,24.8,32.9,0.00,98,0,3,98
2019-06-21T17:00,26.3,90,24.6,32.4,0.00,97,1,2,97
2019-06-21T18:00,26.1,91,24.5,32.0,0.00,94,2,14,94
2019-06-21T19:00,26.2,90,24.4,31.9,0.00,100,1,29,100
2019-06-21T20:00,26.7,84,23.8,32.1,0.00,100,1,47,100
2019-06-21T21:00,27.3,78,23.1,32.4,0.00,100,1,49,100
2019-06-21T22:00,27.4,82,24.1,33.4,0.00,100,1,76,100
2019-06-21T23:00,27.9,75,23.1,32.7,0.00,100,0,100,100
2019-06-22T00:00,28.9,71,23.2,33.8,0.00,100,0,21,100
2019-06-22T01:00,30.1,67,23.3,35.3,0.00,100,0,16,100
2019-06-22T02:00,31.3,65,24.0,36.4,0.00,100,1,15,100
2019-06-22T03:00,31.8,63,23.8,36.2,0.00,100,3,25,100
2019-06-22T04:00,32.3,61,23.8,36.8,0.00,100,18,19,100
2019-06-22T05:00,32.6,61,24.0,37.2,0.00,100,23,27,100
2019-06-22T06:00,31.8,66,24.7,36.4,0.00,100,0,22,100
2019-06-22T07:00,31.2,71,25.4,36.1,0.00,100,0,14,100
2019-06-22T08:00,30.5,71,24.7,34.9,0.00,100,0,20,100
2019-06-22T09:00,30.1,73,24.6,35.0,0.00,100,0,7,100
2019-06-22T10:00,29.1,85,26.3,36.1,0.00,100,0,4,100
2019-06-22T11:00,28.2,83,25.1,33.8,0.00,100,1,2,100
2019-06-22T12:00,27.2,88,25.0,32.9,0.00,100,5,16,100
2019-06-22T13:00,27.0,92,25.5,33.3,0.00,100,21,0,100
2019-06-22T14:00,26.7,94,25.6,33.3,0.10,100,48,0,100
2019-06-22T15:00,26.3,96,25.6,33.1,0.20,100,47,10,100
2019-06-22T16:00,26.0,96,25.4,32.7,0.30,100,81,20,100
2019-06-22T17:00,25.8,97,25.3,32.5,0.40,100,96,19,100
2019-06-22T18:00,25.8,96,25.1,32.3,0.40,100,62,39,99
2019-06-22T19:00,25.6,97,25.2,31.7,0.40,100,47,46,100
2019-06-22T20:00,25.5,99,25.2,31.8,0.30,100,28,19,100
2019-06-22T21:00,25.2,99,25.0,31.4,0.20,99,14,49,99
2019-06-22T22:00,25.5,97,25.0,32.1,0.60,100,0,0,100
2019-06-22T23:00,25.8,95,24.9,32.0,1.00,100,2,57,100
2019-06-23T00:00,26.6,92,25.2,32.5,0.10,100,19,85,100
2019-06-23T01:00,26.8,92,25.5,32.3,2.10,100,12,98,100
2019-06-23T02:00,26.9,92,25.5,32.6,1.70,100,12,43,100
2019-06-23T03:00,27.1,92,25.7,32.7,1.70,100,10,98,100
2019-06-23T04:00,27.2,89,25.1,31.7,1.90,100,4,91,100
2019-06-23T05:00,27.7,86,25.2,32.4,1.00,100,4,61,100
2019-06-23T06:00,26.3,92,24.9,30.7,2.00,100,47,98,100
2019-06-23T07:00,25.2,91,23.7,29.2,2.30,100,56,100,100
2019-06-23T08:00,24.8,91,23.3,29.1,3.60,100,34,100,100
2019-06-23T09:00,24.3,92,22.8,28.5,3.40,100,97,98,100
2019-06-23T10:00,24.1,93,22.9,28.6,2.30,100,100,100,100
2019-06-23T11:00,23.9,94,22.8,28.3,2.00,100,98,97,100
2019-06-23T12:00,24.6,94,23.7,29.5,1.00,100,55,99,100
2019-06-23T13:00,24.4,96,23.6,28.9,0.90,100,36,97,100
2019-06-23T14:00,24.5,94,23.5,29.2,0.80,100,100,99,100
2019-06-23T15:00,24.5,95,23.6,29.5,1.20,100,55,96,100
2019-06-23T16:00,24.4,95,23.6,29.5,0.90,100,50,99,100
2019-06-23T17:00,24.4,95,23.6,29.2,0.80,100,23,98,100
2019-06-23T18:00,24.5,95,23.6,29.0,0.90,100,33,100,99
2019-06-23T19:00,24.3,95,23.5,28.5,1.20,100,98,72,100
2019-06-23T20:00,24.2,95,23.3,28.1,1.50,100,100,100,100
2019-06-23T21:00,23.9,95,23.0,27.8,1.20,100,99,98,100
2019-06-23T22:00,23.7,94,22.7,27.4,0.80,100,82,100,95
2019-06-23T23:00,23.6,94,22.6,27.3,0.30,100,56,99,96
2019-06-24T00:00,24.0,92,22.6,27.4,0.20,100,10,95,100
2019-06-24T01:00,24.8,88,22.7,28.4,0.60,100,12,100,100
2019-06-24T02:00,25.2,87,22.9,28.9,0.40,100,15,100,100
2019-06-24T03:00,25.5,86,23.0,29.2,0.40,100,44,100,100
2019-06-24T04:00,25.1,89,23.2,29.1,0.70,100,11,100,100
2019-06-24T05:00,25.3,89,23.4,29.6,1.20,100,2,100,100
2019-06-24T06:00,25.2,90,23.5,29.9,1.40,100,0,100,100
2019-06-24T07:00,25.6,89,23.7,30.5,1.20,100,4,90,100
2019-06-24T08:00,25.5,90,23.7,30.3,0.70,100,3,46,100
2019-06-24T09:00,25.2,90,23.5,29.7,0.30,100,0,86,100
2019-06-24T10:00,24.9,92,23.5,29.2,0.10,94,1,83,90
2019-06-24T11:00,24.4,93,23.2,28.6,0.10,100,3,80,100
2019-06-24T12:00,24.3,94,23.3,29.2,0.00,82,3,100,81
2019-06-24T13:00,24.4,94,23.4,29.1,0.50,100,2,100,98
2019-06-24T14:00,24.3,95,23.4,28.6,0.40,100,0,100,84
2019-06-24T15:00,24.4,94,23.4,28.5,0.60,100,0,100,42
2019-06-24T16:00,24.5,94,23.4,28.6,0.40,100,2,100,0
2019-06-24T17:00,24.6,93,23.3,28.6,0.00,100,2,100,64
2019-06-24T18:00,24.6,93,23.3,28.8,0.00,100,1,100,99
2019-06-24T19:00,24.6,93,23.3,28.7,0.00,100,4,100,99
2019-06-24T20:00,24.7,92,23.3,28.9,0.00,100,5,96,100
2019-06-24T21:00,24.8,91,23.3,29.2,0.00,100,8,93,100
2019-06-24T22:00,25.2,91,23.6,30.0,0.00,100,7,100,100
2019-06-24T23:00,26.1,90,24.3,31.0,0.00,100,5,83,100
2019-06-25T00:00,27.6,83,24.6,33.2,0.00,100,0,71,61
2019-06-25T01:00,28.8,80,25.1,34.5,0.00,93,0,35,90
2019-06-25T02:00,29.9,75,24.9,35.2,0.00,95,0,16,94
2019-06-25T03:00,31.2,69,24.7,37.6,0.00,76,6,7,75
2019-06-25T04:00,31.9,66,24.7,40.5,0.10,74,19,19,69
2019-06-25T05:00,29.1,77,24.7,34.8,2.00,65,27,45,40
2019-06-25T06:00,28.1,81,24.6,33.7,1.40,94,44,87,67
2019-06-25T07:00,27.1,85,24.4,32.9,0.60,97,43,83,91
2019-06-25T08:00,26.3,88,24.2,32.0,1.10,99,1,96,96
2019-06-25T09:00,26.0,89,24.1,31.4,0.80,96,0,44,96
2019-06-25T10:00,25.8,89,23.9,31.8,1.50,100,0,100,96
2019-06-25T11:00,25.5,92,24.1,31.4,1.60,99,0,99,90
2019-06-25T12:00,24.7,93,23.5,30.0,1.00,88,0,99,100
2019-06-25T13:00,24.8,94,23.7,30.4,1.50,98,0,95,98
2019-06-25T14:00,24.7,95,23.9,30.1,1.20,98,5,52,98
2019-06-25T15:00,24.6,95,23.7,30.0,0.40,93,1,19,93
2019-06-25T16:00,24.6,94,23.6,30.0,0.20,97,0,16,97
2019-06-25T17:00,24.4,94,23.4,29.7,0.00,100,0,6,100
2019-06-25T18:00,24.2,94,23.2,29.2,0.00,100,0,24,100
2019-06-25T19:00,24.1,96,23.4,29.3,0.00,100,2,13,100
2019-06-25T20:00,24.2,96,23.6,29.6,0.00,100,1,14,100
2019-06-25T21:00,24.0,96,23.4,29.2,0.00,100,2,0,100
2019-06-25T22:00,24.7,94,23.7,30.2,0.00,100,4,5,99
2019-06-25T23:00,25.7,90,24.0,31.0,0.00,100,1,38,100
2019-06-26T00:00,27.5,82,24.1,32.1,0.00,100,0,18,94
2019-06-26T01:00,28.8,75,23.9,33.7,0.00,72,1,65,25
2019-06-26T02:00,29.6,70,23.5,34.7,0.00,98,2,97,51
2019-06-26T03:00,29.7,70,23.6,34.8,0.00,60,7,48,24
2019-06-26T04:00,28.5,77,24.1,32.6,0.10,79,1,63,58
2019-06-26T05:00,27.8,82,24.5,32.5,0.50,100,13,100,61
2019-06-26T06:00,27.8,81,24.3,33.3,0.10,90,39,85,37
2019-06-26T07:00,28.2,78,23.9,34.1,0.00,97,4,94,44
2019-06-26T08:00,27.7,78,23.5,33.3,0.50,100,0,100,49
2019-06-26T09:00,27.5,79,23.6,32.9,0.50,79,0,72,40
2019-06-26T10:00,27.1,83,24.0,32.8,0.40,80,1,72,49
2019-06-26T11:00,25.8,92,24.4,31.6,0.00,60,8,12,55
2019-06-26T12:00,26.2,91,24.7,32.0,0.00,89,28,46,42
2019-06-26T13:00,25.8,94,24.8,31.9,0.50,80,51,59,60
2019-06-26T14:00,25.8,94,24.8,31.4,0.20,61,40,46,42
2019-06-26T15:00,25.7,94,24.6,31.2,0.10,75,65,45,20
2019-06-26T16:00,25.4,95,24.5,30.8,0.00,44,4,40,13
2019-06-26T17:00,25.2,96,24.5,30.5,0.00,30,0,30,3
2019-06-26T18:00,24.9,96,24.2,30.5,0.00,19,2,17,5
2019-06-26T19:00,24.6,95,23.8,30.3,0.00,20,0,11,12
2019-06-26T20:00,24.4,94,23.4,29.7,0.00,28,1,20,12
2019-06-26T21:00,24.4,94,23.4,29.6,0.00,36,2,28,21
2019-06-26T22:00,26.1,90,24.2,32.2,0.00,84,7,14,83
2019-06-26T23:00,26.8,84,23.9,32.5,0.00,94,12,19,93
2019-06-27T00:00,27.3,82,23.9,32.9,0.00,92,3,16,56
2019-06-27T01:00,28.3,79,24.3,34.5,0.00,50,1,17,45
2019-06-27T02:00,29.5,74,24.4,35.3,0.00,18,12,6,10
2019-06-27T03:00,30.4,72,24.8,36.7,0.10,47,31,19,30
2019-06-27T04:00,30.4,74,25.3,36.6,0.50,62,31,39,40
2019-06-27T05:00,29.6,76,25.0,35.7,2.70,88,7,68,78
2019-06-27T06:00,28.7,81,25.2,35.3,0.30,95,26,49,91
2019-06-27T07:00,29.2,79,25.1,35.7,1.00,89,17,32,86
2019-06-27T08:00,29.6,75,24.7,35.7,0.60,88,40,23,83
2019-06-27T09:00,29.6,75,24.6,35.4,0.10,76,15,30,69
2019-06-27T10:00,29.0,81,25.4,35.6,0.00,35,1,19,27
2019-06-27T11:00,29.4,73,24.1,35.1,0.00,30,1,8,26
2019-06-27T12:00,27.4,86,24.8,33.1,0.00,37,1,15,31
2019-06-27T13:00,26.9,88,24.7,32.7,0.00,19,4,14,6
2019-06-27T14:00,26.7,89,24.7,32.6,0.00,19,4,17,1
2019-06-27T15:00,26.0,92,24.6,31.8,0.00,10,1,10,0
2019-06-27T16:00,26.0,91,24.4,31.8,0.00,2,1,2,0
2019-06-27T17:00,25.8,91,24.3,31.6,0.00,1,0,1,0
2019-06-27T18:00,26.8,88,24.5,33.1,0.00,2,1,1,0
2019-06-27T19:00,26.6,89,24.6,32.8,0.00,2,1,1,0
2019-06-27T20:00,26.2,91,24.6,32.5,0.00,8,2,7,0
2019-06-27T21:00,24.6,95,23.8,29.9,0.00,12,2,11,0
2019-06-27T22:00,26.0,93,24.8,31.8,0.00,12,4,10,1
2019-06-27T23:00,28.0,84,25.0,34.3,0.00,13,6,7,5
2019-06-28T00:00,28.7,81,25.1,35.0,0.00,7,1,2,0
2019-06-28T01:00,30.2,76,25.6,37.3,0.00,2,1,1,0
2019-06-28T02:00,31.7,71,25.7,40.1,0.00,9,8,2,0
2019-06-28T03:00,32.8,66,25.6,41.3,0.10,24,17,12,5
2019-06-28T04:00,33.3,64,25.5,41.4,0.10,74,16,18,69
2019-06-28T05:00,32.9,64,25.2,41.0,0.10,58,21,31,41
2019-06-28T06:00,32.0,70,25.8,39.3,0.30,68,35,33,53
2019-06-28T07:00,31.0,75,26.1,37.0,0.60,61,12,33,55
2019-06-28T08:00,30.4,79,26.2,36.6,0.40,41,25,25,25
2019-06-28T09:00,29.5,82,26.2,35.9,0.80,52,43,19,33
2019-06-28T10:00,28.8,85,26.1,35.9,0.40,37,35,10,13
2019-06-28T11:00,28.6,85,25.8,35.9,0.00,38,4,5,36
2019-06-28T12:00,27.9,92,26.5,35.1,0.00,20,7,15,0
2019-06-28T13:00,27.7,93,26.4,34.8,0.00,12,0,12,0
2019-06-28T14:00,27.6,92,26.2,34.6,0.00,7,3,5,0
2019-06-28T15:00,27.2,93,26.0,34.0,0.00,1,1,0,0
2019-06-28T16:00,26.9,93,25.7,33.5,0.00,2,1,0,0
2019-06-28T17:00,27.7,90,25.9,34.8,0.00,5,5,0,0
2019-06-28T18:00,27.1,94,26.0,34.0,0.00,5,5,1,0
2019-06-28T19:00,26.7,95,25.8,33.7,0.00,5,5,1,0
2019-06-28T20:00,25.6,97,25.1,32.0,0.00,69,7,2,66
2019-06-28T21:00,25.9,97,25.3,32.4,0.00,98,1,1,98
2019-06-28T22:00,26.8,95,26.0,33.5,0.00,88,1,2,88
2019-06-28T23:00,28.3,87,25.9,35.3,0.00,73,4,2,73
2019-06-29T00:00,29.5,79,25.5,36.1,0.00,24,34,0,9
2019-06-29T01:00,30.6,75,25.5,37.6,0.00,59,54,10,12
2019-06-29T02:00,31.3,72,25.7,38.9,0.20,34,29,20,7
2019-06-29T03:00,31.5,73,26.0,39.6,0.20,44,34,25,18
2019-06-29T04:00,31.7,75,26.7,40.3,0.10,94,18,33,92
2019-06-29T05:00,31.9,76,27.0,40.9,0.10,93,22,14,92
2019-06-29T06:00,31.1,80,27.2,38.5,0.10,84,17,23,82
2019-06-29T07:00,30.2,80,26.3,37.4,0.80,81,0,6,81
2019-06-29T08:00,30.8,77,26.4,37.9,0.00,65,2,6,63
2019-06-29T09:00,31.3,75,26.3,38.7,0.00,45,16,13,39
2019-06-29T10:00,30.6,80,26.7,38.1,0.00,56,12,18,47
2019-06-29T11:00,28.9,89,27.0,36.4,0.00,73,8,9,70
2019-06-29T12:00,28.8,92,27.3,36.4,0.00,85,1,2,71
2019-06-29T13:00,28.4,93,27.2,36.1,0.00,86,2,2,85
2019-06-29T14:00,28.1,94,27.0,35.6,0.00,90,0,2,89
2019-06-29T15:00,28.0,95,27.1,35.7,0.00,87,0,1,86
2019-06-29T16:00,28.0,97,27.4,35.9,0.00,93,2,1,92
2019-06-29T17:00,27.8,97,27.3,36.0,0.00,92,6,0,91
2019-06-29T18:00,27.6,97,27.1,35.7,0.00,93,13,0,92
2019-06-29T19:00,26.2,98,25.9,33.0,0.00,92,22,0,91
2019-06-29T20:00,26.2,98,25.9,33.0,0.00,95,27,5,93
2019-06-29T21:00,26.4,98,26.1,33.5,0.00,89,40,28,81
2019-06-29T22:00,27.7,88,25.6,34.3,0.00,93,55,52,84
2019-06-29T23:00,28.1,85,25.2,34.6,0.00,87,7,35,80
2019-06-30T00:00,29.0,79,25.1,35.5,0.00,93,7,21,91
2019-06-30T01:00,30.2,76,25.5,36.6,0.00,77,6,20,71
2019-06-30T02:00,31.0,75,26.0,37.7,0.00,38,9,26,14
2019-06-30T03:00,31.8,71,25.9,38.8,0.10,69,14,25,58
2019-06-30T04:00,32.0,69,25.6,38.9,0.10,86,23,41,77
2019-06-30T05:00,31.3,74,26.1,38.1,0.20,88,46,56,77
2019-06-30T06:00,30.8,77,26.3,38.1,0.50,84,46,40,74
2019-06-30T07:00,29.5,81,25.9,36.2,0.90,82,23,56,70
2019-06-30T08:00,29.8,80,25.9,36.3,0.10,81,34,73,28
2019-06-30T09:00,29.3,80,25.6,35.7,0.40,77,0,63,57
2019-06-30T10:00,28.3,87,25.8,35.2,1.30,84,0,51,75
2019-06-30T11:00,27.7,93,26.6,35.4,1.30,85,1,53,78
2019-06-30T12:00,28.6,89,26.6,35.7,0.40,99,0,4,73
2019-06-30T13:00,28.7,87,26.4,35.1,0.00,84,0,5,83
2019-06-30T14:00,28.5,86,25.8,33.9,0.00,86,0,4,85
2019-06-30T15:00,27.9,86,25.3,33.5,0.00,97,0,6,97
2019-06-30T16:00,27.2,89,25.2,33.4,0.00,99,0,3,99
2019-06-30T17:00,26.3,93,25.1,32.3,0.00,97,0,2,97
2019-06-30T18:00,25.9,96,25.2,32.0,0.00,98,26,1,97
2019-06-30T19:00,26.1,95,25.3,32.4,0.10,100,43,0,99
2019-06-30T20:00,26.8,94,25.8,33.6,0.00,94,18,0,93
2019-06-30T21:00,26.4,97,25.9,33.3,0.00,95,18,3,93
2019-06-30T22:00,27.3,93,26.2,34.2,0.00,99,42,12,98
2019-06-30T23:00,28.1,89,26.1,34.9,0.00,99,65,24,96
2019-07-01T00:00,29.7,81,26.1,36.6,0.10,92,37,13,64
2019-07-01T01:00,30.7,76,25.9,37.2,0.20,90,44,9,87
2019-07-01T02:00,31.5,71,25.7,37.9,0.00,94,62,3,85
2019-07-01T03:00,32.3,68,25.7,39.5,0.10,99,94,7,80
2019-07-01T04:00,32.5,68,26.0,40.6,0.40,94,37,57,85
2019-07-01T05:00,32.7,67,25.6,40.2,0.40,94,40,36,91
2019-07-01T06:00,32.6,66,25.5,38.9,0.20,93,44,23,90
2019-07-01T07:00,32.2,67,25.2,37.6,0.00,92,8,7,91
2019-07-01T08:00,31.5,69,25.0,35.9,0.00,90,2,1,89
2019-07-01T09:00,30.7,74,25.5,35.6,0.00,86,4,6,85
2019-07-01T10:00,29.4,78,25.3,34.0,0.00,85,5,15,82
2019-07-01T11:00,28.5,82,25.0,32.7,0.00,8,1,7,3
2019-07-01T12:00,28.1,83,24.9,32.3,0.00,3,2,5,0
2019-07-01T13:00,28.1,82,24.8,32.0,0.00,1,0,1,0
2019-07-01T14:00,27.9,83,24.7,31.5,0.00,19,3,0,16
2019-07-01T15:00,27.7,83,24.5,31.0,0.00,42,1,2,41
2019-07-01T16:00,27.6,82,24.3,30.3,0.00,59,0,0,59
2019-07-01T17:00,27.3,83,24.1,29.7,0.00,75,3,3,74
2019-07-01T18:00,27.2,82,23.9,29.7,0.00,72,0,2,71
2019-07-01T19:00,27.1,83,23.9,29.7,0.00,43,0,2,42
2019-07-01T20:00,27.0,83,23.9,29.6,0.00,71,0,0,71
2019-07-01T21:00,26.9,84,24.1,29.4,0.00,90,5,0,90
2019-07-01T22:00,27.2,84,24.4,31.3,0.00,83,2,0,83
2019-07-01T23:00,28.5,80,24.6,34.1,0.00,71,12,10,65
2019-07-02T00:00,30.1,77,25.6,35.8,0.00,92,21,0,86
2019-07-02T01:00,31.2,70,25.0,36.4,0.00,97,82,13,93
2019-07-02T02:00,30.8,73,25.5,36.5,0.00,98,46,31,96
2019-07-02T03:00,31.3,73,25.8,37.8,0.10,97,14,30,96
2019-07-02T04:00,31.5,72,25.9,38.2,0.00,99,62,38,97
2019-07-02T05:00,31.3,74,26.1,38.5,0.80,98,39,59,96
2019-07-02T06:00,30.4,77,26.0,36.8,7.80,98,53,32,97
2019-07-02T07:00,29.5,79,25.5,35.6,3.30,99,58,60,99
2019-07-02T08:00,29.2,80,25.3,35.1,0.60,98,81,74,97
2019-07-02T09:00,28.2,86,25.7,34.8,3.30,100,100,100,97
2019-07-02T10:00,27.6,90,25.9,34.3,11.70,100,1,96,97
2019-07-02T11:00,27.4,93,26.2,34.2,5.70,97,20,43,95
2019-07-02T12:00,27.0,93,25.8,33.5,0.50,99,21,57,100
2019-07-02T13:00,27.1,90,25.3,33.3,0.10,100,65,44,99
2019-07-02T14:00,26.8,92,25.4,33.3,1.20,100,56,98,98
2019-07-02T15:00,26.4,94,25.4,31.8,2.80,100,100,100,96
2019-07-02T16:00,26.5,95,25.6,32.9,2.20,98,5,78,95
2019-07-02T17:00,26.5,95,25.5,32.8,0.50,98,16,59,97
2019-07-02T18:00,26.3,96,25.5,32.9,0.30,99,15,65,97
2019-07-02T19:00,26.6,93,25.4,33.3,0.10,97,5,46,97
2019-07-02T20:00,26.1,95,25.2,32.4,0.10,95,3,29,93
2019-07-02T21:00,25.7,96,25.0,31.9,0.00,96,1,31,95
2019-07-02T22:00,26.6,94,25.5,33.6,0.00,96,9,17,95
2019-07-02T23:00,27.8,88,25.7,34.7,0.00,97,9,10,97
2019-07-03T00:00,28.3,84,25.4,34.7,0.00,98,3,27,97
2019-07-03T01:00,29.8,74,24.8,35.7,0.00,98,3,54,97
2019-07-03T02:00,31.0,70,24.8,36.3,0.00,99,22,31,99
2019-07-03T03:00,31.5,68,24.9,37.2,0.00,99,69,23,99
2019-07-03T04:00,31.6,70,25.5,38.0,0.00,98,8,27,97
2019-07-03T05:00,31.4,70,25.2,38.1,0.50,99,23,61,98
2019-07-03T06:00,29.3,79,25.3,34.9,0.40,100,36,58,99
2019-07-03T07:00,28.6,83,25.4,34.8,0.10,100,20,97,99
2019-07-03T08:00,28.2,86,25.6,34.0,0.20,100,26,95,99
2019-07-03T09:00,28.2,87,25.8,34.8,0.00,100,21,99,100
2019-07-03T10:00,27.9,90,26.2,34.9,0.10,100,25,100,99
2019-07-03T11:00,27.3,95,26.3,34.5,0.20,100,3,92,100
2019-07-03T12:00,27.7,92,26.3,34.9,0.00,99,0,39,99
2019-07-03T13:00,27.3,92,25.8,34.0,0.10,100,0,28,100
2019-07-03T14:00,26.8,95,26.0,33.7,0.00,100,9,56,99
2019-07-03T15:00,26.6,96,25.8,33.4,0.00,100,7,87,99
2019-07-03T16:00,26.5,96,25.9,33.5,0.00,98,2,93,97
2019-07-03T17:00,26.4,97,25.8,33.4,0.10,100,1,100,93
2019-07-03T18:00,26.4,95,25.5,33.1,0.00,100,1,99,99
2019-07-03T19:00,26.3,95,25.5,33.0,0.00,100,1,97,100
2019-07-03T20:00,26.2,93,24.9,32.5,0.00,100,0,59,100
2019-07-03T21:00,25.9,94,24.8,32.0,0.00,100,0,17,100
2019-07-03T22:00,27.1,90,25.4,33.6,0.00,100,0,31,100
2019-07-03T23:00,28.2,87,25.8,35.0,0.00,100,1,49,100
2019-07-04T00:00,28.6,74,23.5,34.3,0.00,96,0,100,95
2019-07-04T01:00,29.5,73,24.2,35.4,0.00,99,0,86,98
2019-07-04T02:00,30.5,70,24.4,36.2,0.00,97,4,88,93
2019-07-04T03:00,31.2,68,24.5,37.2,0.00,98,7,90,98
2019-07-04T04:00,32.3,64,24.7,39.9,0.00,87,15,28,85
2019-07-04T05:00,32.3,64,24.6,38.8,0.00,73,23,21,67
2019-07-04T06:00,31.3,71,25.5,37.3,0.70,80,56,27,71
2019-07-04T07:00,30.3,76,25.6,36.6,5.00,95,39,29,93
2019-07-04T08:00,29.3,84,26.2,36.0,2.60,100,42,48,100
2019-07-04T09:00,28.7,89,26.7,35.3,0.80,95,26,24,94
2019-07-04T10:00,28.6,87,26.2,34.5,0.10,100,10,5,100
2019-07-04T11:00,27.8,85,25.1,33.3,0.00,100,10,12,100
2019-07-04T12:00,27.7,91,26.1,34.3,0.00,100,6,8,100
2019-07-04T13:00,27.4,91,25.8,33.9,0.00,100,8,2,100
2019-07-04T14:00,28.7,79,24.7,35.1,0.00,100,1,1,100
2019-07-04T15:00,28.5,80,24.8,34.9,0.00,100,6,2,100
2019-07-04T16:00,26.7,90,25.0,33.1,0.00,100,6,6,99
2019-07-04T17:00,26.6,89,24.7,32.7,0.00,99,2,11,99
2019-07-04T18:00,26.2,91,24.6,32.3,0.00,100,0,7,100
2019-07-04T19:00,25.7,91,24.2,31.5,0.00,100,0,9,100
2019-07-04T20:00,26.7,86,24.1,32.7,0.00,100,0,3,100
2019-07-04T21:00,26.6,83,23.5,31.9,0.00,100,0,11,99
2019-07-04T22:00,26.6,87,24.2,32.4,0.00,99,0,18,99
2019-07-04T23:00,27.7,82,24.3,33.7,0.00,96,0,9,96
2019-07-05T00:00,28.5,81,24.9,34.2,0.00,98,0,2,97
2019-07-05T01:00,30.1,75,25.2,35.4,0.00,99,0,2,99
2019-07-05T02:00,31.6,68,25.0,36.1,0.00,99,0,0,99
2019-07-05T03:00,32.6,63,24.6,36.9,0.00,99,2,0,99
2019-07-05T04:00,32.6,64,24.9,37.0,0.00,82,0,0,82
2019-07-05T05:00,32.6,66,25.4,37.4,0.00,76,0,0,76
2019-07-05T06:00,31.8,69,25.5,36.2,0.00,70,0,1,70
2019-07-05T07:00,31.0,73,25.5,34.8,0.00,80,0,6,79
2019-07-05T08:00,30.3,74,25.0,33.8,0.00,98,1,1,98
2019-07-05T09:00,29.9,72,24.2,32.4,0.00,100,0,1,100
2019-07-05T10:00,29.0,73,23.7,32.1,0.00,100,0,1,100
2019-07-05T11:00,28.8,69,22.7,32.2,0.00,100,0,0,100
2019-07-05T12:00,28.3,70,22.2,31.8,0.00,100,0,11,100
2019-07-05T13:00,28.1,72,22.5,32.1,0.00,100,0,1,100
2019-07-05T14:00,27.7,73,22.5,31.7,0.00,100,0,11,100
2019-07-05T15:00,27.5,73,22.3,31.5,0.00,100,0,21,100
2019-07-05T16:00,26.8,78,22.6,31.1,0.00,100,0,27,100
2019-07-05T17:00,26.8,79,22.7,31.1,0.00,92,0,24,91
2019-07-05T18:00,26.1,81,22.5,30.1,0.00,99,0,11,99
2019-07-05T19:00,27.6,69,21.4,31.3,0.00,100,0,8,100
2019-07-05T20:00,26.2,78,22.1,31.0,0.00,100,0,15,100
2019-07-05T21:00,26.6,75,21.8,31.4,0.00,100,1,5,100
2019-07-05T22:00,26.7,84,23.9,31.9,0.00,100,1,2,100
2019-07-05T23:00,27.5,78,23.3,32.1,0.00,100,0,3,100
2019-07-06T00:00,28.7,75,23.7,33.5,0.00,100,0,2,100
2019-07-06T01:00,29.5,73,24.1,34.9,0.00,99,0,2,99
2019-07-06T02:00,30.9,70,24.9,36.0,0.00,96,0,4,95
2019-07-06T03:00,32.1,67,25.1,37.9,0.00,99,4,19,99
2019-07-06T04:00,32.4,67,25.6,37.9,0.00,93,3,40,90
2019-07-06T05:00,32.1,69,25.8,38.2,0.20,92,5,42,89
2019-07-06T06:00,31.9,69,25.5,36.7,0.00,94,3,44,91
2019-07-06T07:00,31.7,69,25.3,36.8,0.10,96,5,56,93
2019-07-06T08:00,31.5,69,25.1,37.5,0.10,96,6,36,95
2019-07-06T09:00,30.4,76,25.6,36.7,0.00,98,7,20,98
2019-07-06T10:00,29.4,80,25.6,35.6,0.00,100,14,17,100
2019-07-06T11:00,28.4,82,25.0,34.0,0.00,100,8,18,100
2019-07-06T12:00,27.8,84,24.8,33.6,0.00,100,6,13,100
2019-07-06T13:00,27.4,85,24.8,33.4,0.00,100,1,0,100
2019-07-06T14:00,27.1,86,24.5,32.9,0.00,100,1,0,100
2019-07-06T15:00,26.8,87,24.4,32.5,0.00,100,0,0,100
2019-07-06T16:00,26.6,87,24.3,32.5,0.00,100,0,2,100
2019-07-06T17:00,26.5,85,23.9,32.3,0.00,99,0,10,99
2019-07-06T18:00,28.1,71,22.3,32.8,0.00,89,0,19,88
2019-07-06T19:00,28.1,70,22.2,32.4,0.00,18,0,17,1
2019-07-06T20:00,26.0,84,23.1,30.6,0.00,55,0,19,49
2019-07-06T21:00,25.8,85,23.1,30.5,0.00,92,1,10,91
2019-07-06T22:00,26.8,83,23.7,31.9,0.00,92,0,12,92
2019-07-06T23:00,28.2,79,24.2,33.4,0.00,98,0,11,97
2019-07-07T00:00,29.6,75,24.6,34.7,0.00,98,0,4,86
2019-07-07T01:00,30.5,74,25.4,35.7,0.00,92,0,2,92
2019-07-07T02:00,31.5,71,25.5,37.1,0.00,90,11,1,89
2019-07-07T03:00,32.2,69,25.7,38.0,0.00,93,11,2,93
2019-07-07T04:00,32.7,68,26.0,39.3,0.00,98,23,3,98
2019-07-07T05:00,32.6,66,25.5,38.4,0.00,99,41,13,99
2019-07-07T06:00,32.1,69,25.7,37.6,0.00,100,53,39,99
2019-07-07T07:00,31.4,73,26.0,37.3,0.20,100,30,23,100
2019-07-07T08:00,30.8,77,26.2,37.1,0.20,100,19,13,100
2019-07-07T09:00,30.1,78,25.9,35.1,0.30,100,14,8,100
2019-07-07T10:00,29.2,81,25.6,34.2,0.00,100,1,2,100
2019-07-07T11:00,28.4,80,24.6,33.4,0.00,100,0,3,100
2019-07-07T12:00,28.9,75,24.1,34.6,0.00,100,0,4,100
2019-07-07T13:00,27.1,88,24.9,33.3,0.00,97,0,1,97
2019-07-07T14:00,26.5,92,25.0,32.5,0.00,99,1,1,99
2019-07-07T15:00,26.8,89,24.9,33.0,0.00,100,1,0,100
2019-07-07T16:00,28.1,81,24.5,34.3,0.00,95,2,0,94
2019-07-07T17:00,26.1,91,24.6,32.0,0.00,91,0,0,91
2019-07-07T18:00,26.2,89,24.2,31.7,0.00,100,0,0,100
2019-07-07T19:00,25.9,88,23.7,31.2,0.00,100,1,0,100
2019-07-07T20:00,26.2,85,23.4,31.5,0.00,99,2,0,99
2019-07-07T21:00,26.8,79,22.9,31.8,0.00,100,3,2,100
2019-07-07T22:00,26.6,86,24.0,32.3,0.00,98,4,3,98
2019-07-07T23:00,27.3,83,24.2,32.9,0.00,86,6,3,86
2019-07-08T00:00,29.0,75,24.0,34.6,0.00,70,1,8,91
2019-07-08T01:00,30.3,72,24.6,35.9,0.00,43,1,4,41
2019-07-08T02:00,31.4,67,24.5,37.8,0.00,39,2,5,36
2019-07-08T03:00,32.2,65,24.8,38.8,0.00,82,17,12,80
2019-07-08T04:00,32.8,62,24.6,39.4,0.00,96,23,13,95
2019-07-08T05:00,31.3,69,25.0,37.1,0.50,99,32,32,99
2019-07-08T06:00,30.5,74,25.4,37.3,0.50,100,28,11,99
2019-07-08T07:00,29.9,77,25.5,35.8,0.30,100,14,10,100
2019-07-08T08:00,29.0,81,25.4,34.7,0.40,100,42,7,100
2019-07-08T09:00,28.6,82,25.2,34.1,0.00,100,4,4,100
2019-07-08T10:00,28.5,83,25.4,35.1,0.00,100,8,2,100
2019-07-08T11:00,28.9,78,24.7,34.8,0.00,100,3,1,100
2019-07-08T12:00,28.0,87,25.6,34.6,0.00,100,1,0,100
2019-07-08T13:00,28.6,83,25.3,35.2,0.00,99,1,0,99
2019-07-08T14:00,28.2,87,25.7,35.1,0.00,99,1,0,99
2019-07-08T15:00,28.2,88,26.0,35.4,0.00,93,1,0,93
2019-07-08T16:00,26.5,96,25.7,33.1,0.00,96,1,0,96
2019-07-08T17:00,26.3,97,25.8,33.0,0.00,100,0,0,100
2019-07-08T18:00,26.0,97,25.4,32.3,0.00,100,0,0,100
2019-07-08T19:00,27.0,90,25.1,33.4,0.00,96,0,0,96
2019-07-08T20:00,26.3,92,24.9,32.9,0.00,89,2,4,89
2019-07-08T21:00,25.1,96,24.4,31.0,0.00,96,2,1,96
2019-07-08T22:00,26.3,91,24.7,32.5,0.00,99,1,2,99
2019-07-08T23:00,27.6,80,23.8,33.0,0.00,96,2,8,96
2019-07-09T00:00,28.8,74,23.6,34.2,0.00,99,5,7,100
2019-07-09T01:00,28.7,75,23.8,34.0,0.00,98,6,8,98
2019-07-09T02:00,30.2,70,24.1,36.1,0.00,97,4,5,97
2019-07-09T03:00,31.4,68,24.9,37.9,0.00,100,10,3,100
2019-07-09T04:00,32.2,67,25.3,39.0,0.00,100,15,18,100
2019-07-09T05:00,32.6,65,25.2,39.2,0.10,100,15,10,100
2019-07-09T06:00,32.8,65,25.2,39.5,0.30,90,19,5,89
2019-07-09T07:00,32.7,65,25.2,39.1,0.20,100,37,24,100
2019-07-09T08:00,32.4,65,25.0,38.3,0.00,100,1,8,100
2019-07-09T09:00,30.9,76,26.1,37.4,0.10,100,1,9,100
2019-07-09T10:00,29.9,85,27.2,37.8,0.00,100,5,11,100
2019-07-09T11:00,28.3,92,26.8,35.8,0.00,100,6,9,100
2019-07-09T12:00,29.4,81,25.8,36.5,0.00,100,5,2,99
2019-07-09T13:00,28.2,88,26.1,35.3,0.00,99,5,2,99
2019-07-09T14:00,27.7,87,25.3,34.2,0.00,99,0,0,99
2019-07-09T15:00,27.3,86,24.7,33.5,0.00,98,0,0,98
2019-07-09T16:00,26.6,87,24.2,32.3,0.00,99,0,0,99
2019-07-09T17:00,26.0,87,23.7,31.5,0.00,98,0,2,98
2019-07-09T18:00,25.7,87,23.4,31.0,0.00,98,0,3,98
2019-07-09T19:00,25.3,90,23.6,30.7,0.00,97,0,1,96
2019-07-09T20:00,25.5,87,23.2,30.7,0.00,94,0,1,94
2019-07-09T21:00,25.3,87,23.0,30.3,0.00,96,0,1,96
2019-07-09T22:00,26.7,85,24.1,32.7,0.00,97,0,0,97
2019-07-09T23:00,28.1,74,22.9,33.4,0.00,94,0,0,94
2019-07-10T00:00,29.7,67,23.0,34.2,0.00,75,0,0,58
2019-07-10T01:00,30.7,65,23.4,36.2,0.00,47,0,0,47
2019-07-10T02:00,31.7,63,23.8,39.0,0.00,50,0,0,50
2019-07-10T03:00,32.5,64,24.7,39.9,0.00,46,6,4,43
2019-07-10T04:00,33.3,62,25.0,41.0,0.00,55,8,6,52
2019-07-10T05:00,34.0,60,25.0,41.7,0.00,25,10,12,18
2019-07-10T06:00,33.7,62,25.4,40.3,0.10,67,20,28,55
2019-07-10T07:00,31.9,70,25.7,37.4,1.00,80,20,17,76
2019-07-10T08:00,31.3,73,25.9,37.0,1.60,82,18,18,80
2019-07-10T09:00,30.6,75,25.7,35.5,0.00,81,1,7,80
2019-07-10T10:00,29.8,80,25.9,36.1,0.00,98,0,7,98
2019-07-10T11:00,29.5,79,25.5,36.5,0.00,100,2,4,100
2019-07-10T12:00,27.7,82,24.2,33.1,0.00,100,16,7,100
2019-07-10T13:00,27.4,84,24.6,33.2,0.00,99,12,7,99
2019-07-10T14:00,28.3,76,23.7,33.8,0.00,99,6,3,99
2019-07-10T15:00,27.2,84,24.4,33.4,0.00,99,10,2,99
2019-07-10T16:00,26.5,90,24.7,32.6,0.00,97,9,2,97
2019-07-10T17:00,26.7,89,24.8,33.0,0.00,97,7,1,97
2019-07-10T18:00,26.4,91,24.8,32.6,0.00,95,7,1,95
2019-07-10T19:00,25.7,95,24.8,31.7,0.00,94,10,1,94
2019-07-10T20:00,25.8,95,24.9,31.8,0.00,92,14,1,92
2019-07-10T21:00,25.5,96,24.8,31.5,0.00,94,16,3,93
2019-07-10T22:00,26.5,93,25.3,32.7,0.20,95,39,16,93
2019-07-10T23:00,27.3,87,24.8,33.6,0.30,99,32,30,99
2019-07-11T00:00,29.3,82,26.0,36.3,0.10,100,18,15,94
2019-07-11T01:00,30.6,80,26.7,38.1,0.00,96,16,17,96
2019-07-11T02:00,31.8,69,25.3,38.6,3.30,92,8,17,91
2019-07-11T03:00,30.6,70,24.6,36.3,1.50,95,28,35,94
2019-07-11T04:00,30.6,73,25.3,37.2,0.40,100,27,44,100
2019-07-11T05:00,30.0,76,25.4,36.4,2.70,100,38,12,100
2019-07-11T06:00,29.6,79,25.6,35.9,0.60,100,9,11,100
2019-07-11T07:00,29.6,79,25.5,35.8,0.10,100,36,20,100
2019-07-11T08:00,29.4,79,25.3,35.7,0.20,100,37,35,100
2019-07-11T09:00,28.8,81,25.3,35.1,0.20,99,7,15,99
2019-07-11T10:00,28.3,86,25.8,35.2,0.00,100,21,9,99
2019-07-11T11:00,27.2,91,25.7,33.8,0.00,100,1,9,100
2019-07-11T12:00,27.5,89,25.6,33.2,0.00,99,13,14,100
2019-07-11T13:00,27.4,89,25.4,33.2,0.00,98,6,4,98
2019-07-11T14:00,27.0,92,25.5,33.4,0.00,95,5,2,94
2019-07-11T15:00,26.3,96,25.5,32.7,0.00,94,10,7,93
2019-07-11T16:00,26.3,96,25.6,32.8,0.00,77,7,2,76
2019-07-11T17:00,26.9,95,26.1,34.0,0.00,85,9,2,84
2019-07-11T18:00,25.9,97,25.4,32.2,0.00,85,3,2,85
2019-07-11T19:00,26.6,95,25.8,33.7,0.00,82,2,2,82
2019-07-11T20:00,26.5,97,26.0,33.5,0.00,81,6,5,79
2019-07-11T21:00,26.5,97,26.0,33.8,0.00,89,9,6,88
2019-07-11T22:00,26.7,95,25.9,34.0,0.00,86,5,9,85
2019-07-11T23:00,27.7,87,25.3,34.4,0.00,94,0,15,93
2019-07-12T00:00,29.4,80,25.6,36.4,0.00,94,8,4,37
2019-07-12T01:00,30.9,74,25.8,38.3,0.00,46,4,3,43
2019-07-12T02:00,32.1,66,24.9,39.6,0.00,40,9,8,36
2019-07-12T03:00,32.8,62,24.5,39.9,0.00,42,15,15,33
2019-07-12T04:00,32.8,61,24.2,39.7,0.10,53,27,29,44
2019-07-12T05:00,31.4,68,24.8,38.6,0.40,71,22,26,64
2019-07-12T06:00,31.5,68,24.8,37.4,0.20,86,38,42,75
2019-07-12T07:00,30.9,71,25.1,37.1,0.70,79,28,27,71
2019-07-12T08:00,30.8,71,24.9,37.1,0.40,88,56,18,77
2019-07-12T09:00,30.3,74,25.2,36.6,0.20,76,27,17,71
2019-07-12T10:00,30.0,77,25.5,36.7,0.10,31,12,2,24
2019-07-12T11:00,29.7,78,25.4,36.4,0.00,32,23,2,18
2019-07-12T12:00,28.0,92,26.5,35.2,0.00,20,25,2,85
2019-07-12T13:00,27.5,93,26.3,34.4,0.00,31,15,4,20
2019-07-12T14:00,27.8,89,25.9,34.6,0.00,68,4,2,66
2019-07-12T15:00,28.4,86,25.8,35.5,0.00,94,1,1,94
2019-07-12T16:00,26.7,93,25.4,33.1,0.00,2,2,0,0
2019-07-12T17:00,25.9,93,24.8,31.7,0.00,15,3,2,12
2019-07-12T18:00,26.0,90,24.1,31.7,0.00,98,4,0,98
2019-07-12T19:00,25.3,92,23.9,31.0,0.00,98,5,0,98
2019-07-12T20:00,24.9,94,23.8,30.6,0.00,98,2,0,98
2019-07-12T21:00,24.5,94,23.5,30.0,0.00,97,1,0,97
2019-07-12T22:00,26.2,88,24.0,32.2,0.00,95,2,0,95
2019-07-12T23:00,27.5,83,24.4,33.7,0.00,88,1,0,88
2019-07-13T00:00,29.2,73,23.7,34.7,0.00,86,0,0,93
2019-07-13T01:00,30.3,69,24.0,36.3,0.00,94,0,0,94
2019-07-13T02:00,31.8,65,24.4,38.7,0.00,97,0,0,97
2019-07-13T03:00,33.3,61,24.7,40.2,0.00,100,2,0,100
2019-07-13T04:00,34.1,58,24.7,40.2,0.00,90,1,0,89
2019-07-13T05:00,34.1,59,24.9,39.9,0.00,86,0,0,86
2019-07-13T06:00,33.7,60,24.9,38.8,0.00,22,0,0,22
2019-07-13T07:00,33.2,62,24.9,37.7,0.00,98,0,0,98
2019-07-13T08:00,32.5,65,25.0,36.4,0.00,97,1,0,97
2019-07-13T09:00,31.5,67,24.7,35.1,0.00,99,0,0,99
2019-07-13T10:00,30.3,71,24.3,33.9,0.00,99,0,0,99
2019-07-13T11:00,29.5,71,23.7,33.4,0.00,98,1,0,97
2019-07-13T12:00,30.0,65,22.6,34.4,0.00,95,0,0,98
2019-07-13T13:00,28.3,79,24.4,33.8,0.00,99,0,0,99
2019-07-13T14:00,27.6,87,25.3,33.4,0.00,100,1,0,100
2019-07-13T15:00,26.9,90,25.2,32.8,0.00,99,0,0,99
2019-07-13T16:00,26.3,92,25.0,32.3,0.00,99,1,0,99
2019-07-13T17:00,25.9,93,24.7,31.9,0.00,100,0,0,100
2019-07-13T18:00,25.5,92,24.2,31.3,0.00,100,0,0,100
2019-07-13T19:00,25.7,85,23.0,30.5,0.00,100,0,0,100
2019-07-13T20:00,25.0,87,22.6,29.4,0.00,100,1,0,100
2019-07-13T21:00,25.2,85,22.5,29.6,0.00,99,1,0,99
2019-07-13T22:00,26.6,81,23.1,31.1,0.00,100,0,0,100
2019-07-13T23:00,28.1,77,23.7,32.6,0.00,97,0,0,97
2019-07-14T00:00,29.5,72,23.9,34.3,0.00,99,0,0,97
2019-07-14T01:00,30.9,68,24.2,35.8,0.00,96,0,0,96
2019-07-14T02:00,32.2,63,24.3,37.7,0.00,96,0,0,96
2019-07-14T03:00,32.9,61,24.4,38.5,0.00,100,2,0,100
2019-07-14T04:00,32.9,63,24.8,38.2,0.00,97,8,0,97
2019-07-14T05:00,32.3,67,25.3,37.5,0.00,87,6,2,87
2019-07-14T06:00,32.8,65,25.4,38.9,0.00,80,21,3,74
2019-07-14T07:00,32.6,65,25.2,37.9,0.00,60,37,12,48
2019-07-14T08:00,32.0,68,25.3,37.7,0.20,80,32,25,72
2019-07-14T09:00,30.9,72,25.3,37.2,0.40,92,14,41,88
2019-07-14T10:00,30.2,78,26.0,37.1,0.10,45,17,24,36
2019-07-14T11:00,28.8,86,26.2,35.7,0.10,77,21,27,71
2019-07-14T12:00,28.1,92,26.7,35.4,0.00,92,2,38,100
2019-07-14T13:00,28.3,91,26.6,35.3,0.00,99,1,16,98
2019-07-14T14:00,27.6,93,26.4,34.5,0.00,96,7,6,96
2019-07-14T15:00,27.2,94,26.2,34.2,0.00,93,10,14,92
2019-07-14T16:00,26.5,95,25.7,33.1,0.00,92,1,3,91
2019-07-14T17:00,27.2,92,25.7,34.1,0.00,78,1,0,77
2019-07-14T18:00,26.8,94,25.7,33.5,0.00,58,1,0,58
2019-07-14T19:00,26.5,95,25.7,33.3,0.00,57,6,0,54
2019-07-14T20:00,26.6,93,25.5,33.5,0.00,49,4,0,48
2019-07-14T21:00,26.5,93,25.3,32.9,0.00,36,7,0,32
2019-07-14T22:00,26.5,93,25.3,32.8,0.00,22,2,0,18
2019-07-14T23:00,28.0,86,25.4,34.7,0.00,53,0,0,53
2019-07-15T00:00,29.6,74,24.5,35.8,0.00,87,0,0,78
2019-07-15T01:00,30.5,71,24.7,36.9,0.00,78,0,0,78
2019-07-15T02:00,31.4,68,24.9,38.7,0.00,61,22,0,51
2019-07-15T03:00,32.6,63,24.7,40.2,0.00,71,41,0,51
2019-07-15T04:00,33.2,60,24.5,40.7,0.00,65,38,2,43
2019-07-15T05:00,32.9,61,24.4,39.8,0.00,56,23,26,37
2019-07-15T06:00,32.8,62,24.5,38.9,0.20,36,34,26,0
2019-07-15T07:00,31.5,68,24.9,36.9,0.50,86,83,40,52
2019-07-15T08:00,30.9,72,25.2,36.0,0.30,97,46,31,94
2019-07-15T09:00,30.6,73,25.2,35.7,0.10,83,39,25,73
2019-07-15T10:00,29.9,76,25.2,35.5,0.00,97,20,23,96
2019-07-15T11:00,29.0,79,25.0,34.5,0.00,98,9,17,97
2019-07-15T12:00,28.1,83,24.9,33.2,0.00,98,1,6,86
2019-07-15T13:00,27.8,84,24.9,33.3,0.00,94,1,3,94
2019-07-15T14:00,27.5,86,24.9,33.2,0.00,95,1,1,95
2019-07-15T15:00,26.9,89,24.9,32.8,0.00,99,0,0,99
2019-07-15T16:00,26.3,92,24.9,32.3,0.00,96,3,0,96
2019-07-15T17:00,25.5,94,24.6,31.2,0.00,83,12,0,80
2019-07-15T18:00,25.1,96,24.3,30.6,0.00,85,17,0,83
2019-07-15T19:00,24.7,97,24.1,30.1,0.00,92,17,0,90
2019-07-15T20:00,24.8,96,24.1,30.5,0.00,94,18,0,93
2019-07-15T21:00,25.1,96,24.4,31.0,0.00,95,22,0,94
2019-07-15T22:00,26.6,91,25.1,33.0,0.00,92,19,0,90
2019-07-15T23:00,28.7,80,24.9,35.0,0.00,86,2,0,86
2019-07-16T00:00,30.1,72,24.6,36.0,0.00,56,3,0,0
2019-07-16T01:00,31.4,68,24.9,37.5,0.00,6,6,0,0
2019-07-16T02:00,32.7,63,24.8,39.2,0.00,32,32,0,0
2019-07-16T03:00,33.8,57,24.2,39.8,0.00,57,57,0,0
2019-07-16T04:00,33.9,57,24.0,39.2,0.00,58,58,1,0
2019-07-16T05:00,33.2,62,24.8,38.9,0.00,0,0,0,0
2019-07-16T06:00,33.0,61,24.6,38.4,0.00,7,7,0,0
2019-07-16T07:00,31.7,64,23.9,35.8,0.00,4,4,0,0
2019-07-16T08:00,30.7,65,23.3,33.6,0.00,0,0,0,0
2019-07-16T09:00,29.7,70,23.5,32.4,0.00,0,0,0,0
2019-07-16T10:00,28.7,72,23.2,31.4,0.00,0,0,0,0
2019-07-16T11:00,27.8,77,23.5,31.0,0.00,96,0,0,96
2019-07-16T12:00,27.6,81,23.9,31.2,0.00,95,0,0,26
2019-07-16T13:00,27.6,83,24.5,31.3,0.00,6,0,0,6
2019-07-16T14:00,27.3,85,24.6,31.3,0.00,30,0,0,30
2019-07-16T15:00,27.2,86,24.7,31.1,0.00,1,1,0,0
2019-07-16T16:00,27.1,87,24.8,31.1,0.00,3,1,0,1
2019-07-16T17:00,27.0,88,24.7,30.8,0.00,46,2,4,44
2019-07-16T18:00,26.9,88,24.6,30.5,0.00,91,0,2,90
2019-07-16T19:00,26.7,88,24.6,30.5,0.00,97,0,0,97
2019-07-16T20:00,26.8,89,24.7,30.6,0.00,92,0,1,92
2019-07-16T21:00,26.7,89,24.7,30.6,0.00,94,0,0,91
2019-07-16T22:00,27.1,89,25.1,31.3,0.00,78,2,0,78
2019-07-16T23:00,28.7,84,25.7,33.2,0.00,79,19,10,75
2019-07-17T00:00,30.4,76,25.8,34.4,0.00,69,24,14,9
2019-07-17T01:00,30.9,74,25.6,34.8,0.00,41,28,30,9
2019-07-17T02:00,31.3,73,25.9,36.0,0.10,37,32,31,0
2019-07-17T03:00,31.9,71,26.0,37.0,0.20,42,31,36,5
2019-07-17T04:00,31.8,71,25.8,36.8,0.10,86,12,39,76
2019-07-17T05:00,30.9,76,26.2,35.9,0.20,54,14,43,18
2019-07-17T06:00,30.7,76,26.0,34.7,0.60,40,23,36,0
2019-07-17T07:00,30.7,77,26.2,35.0,0.60,28,18,24,0
2019-07-17T08:00,29.8,80,25.9,33.6,0.70,38,16,36,0
2019-07-17T09:00,29.1,83,25.9,33.3,0.60,37,24,32,0
2019-07-17T10:00,28.2,86,25.7,32.7,0.40,38,24,36,0
2019-07-17T11:00,27.6,90,25.8,32.5,0.20,13,0,13,0
2019-07-17T12:00,27.5,91,25.9,32.7,0.20,16,77,34,0
2019-07-17T13:00,27.7,90,25.9,33.0,0.40,29,25,16,0
2019-07-17T14:00,27.3,92,25.8,32.6,0.60,40,15,38,4
2019-07-17T15:00,27.2,93,26.0,32.6,0.20,97,97,17,0
2019-07-17T16:00,27.1,92,25.7,32.4,0.20,80,78,19,0
2019-07-17T17:00,26.9,94,25.9,32.6,0.30,74,71,30,0
2019-07-17T18:00,26.8,95,25.9,32.6,0.50,31,17,29,0
2019-07-17T19:00,26.8,93,25.6,32.5,0.30,47,40,44,0
2019-07-17T20:00,26.4,94,25.3,32.0,0.20,37,25,35,0
2019-07-17T21:00,26.2,95,25.3,32.1,0.20,32,11,31,0
2019-07-17T22:00,26.7,93,25.5,32.8,0.30,76,73,41,0
2019-07-17T23:00,27.5,90,25.7,34.1,0.20,28,13,27,0
2019-07-18T00:00,28.6,84,25.7,34.8,0.40,89,21,27,0
2019-07-18T01:00,29.8,82,26.4,36.6,0.80,38,32,27,0
2019-07-18T02:00,30.6,79,26.5,37.6,0.40,93,92,27,2
2019-07-18T03:00,29.4,80,25.7,35.2,1.60,71,61,52,1
2019-07-18T04:00,29.5,82,26.0,35.6,1.00,93,91,77,7
2019-07-18T05:00,30.1,83,26.9,37.4,1.20,87,25,67,69
2019-07-18T06:00,29.4,87,26.9,36.2,0.70,99,59,51,98
2019-07-18T07:00,28.9,83,25.7,34.3,0.90,99,38,36,98
2019-07-18T08:00,28.9,86,26.3,35.0,0.70,99,89,26,99
2019-07-18T09:00,28.0,89,26.1,33.8,3.20,99,50,31,99
2019-07-18T10:00,27.3,93,26.0,33.4,1.60,100,58,38,99
2019-07-18T11:00,27.0,95,26.1,33.2,0.30,100,34,3,100
2019-07-18T12:00,27.1,92,25.7,32.9,0.20,100,100,100,100
2019-07-18T13:00,27.0,92,25.6,32.5,0.40,100,100,77,100
2019-07-18T14:00,26.8,92,25.4,31.9,1.10,100,43,44,100
2019-07-18T15:00,26.4,93,25.2,31.4,0.80,100,69,47,99
2019-07-18T16:00,26.5,92,25.1,31.3,1.40,100,29,49,100
2019-07-18T17:00,26.3,93,25.2,31.2,1.70,100,36,45,100
2019-07-18T18:00,26.2,93,25.1,31.2,1.40,100,66,52,100
2019-07-18T19:00,26.1,92,24.7,31.2,1.70,100,60,60,100
2019-07-18T20:00,25.8,95,24.8,31.0,1.70,99,98,93,97
2019-07-18T21:00,25.9,94,24.8,31.5,1.10,100,100,92,94
2019-07-18T22:00,26.1,93,24.9,32.1,0.20,95,37,44,92
2019-07-18T23:00,27.4,86,24.9,33.4,0.00,99,98,59,89
2019-07-19T00:00,29.2,78,25.0,35.2,0.20,96,90,88,96
2019-07-19T01:00,30.5,72,24.9,36.8,0.00,93,0,47,87
2019-07-19T02:00,31.1,69,24.8,37.7,0.00,91,2,17,89
2019-07-19T03:00,32.0,66,24.8,39.1,0.00,94,21,18,93
2019-07-19T04:00,33.0,62,24.7,40.0,0.10,96,30,26,96
2019-07-19T05:00,32.4,65,25.0,38.7,0.30,90,24,43,82
2019-07-19T06:00,31.9,70,25.8,38.6,0.30,82,28,21,75
2019-07-19T07:00,31.9,69,25.5,37.5,0.10,92,12,13,90
2019-07-19T08:00,32.0,69,25.5,36.7,0.10,100,25,11,100
2019-07-19T09:00,31.0,73,25.6,36.1,0.00,100,7,0,100
2019-07-19T10:00,29.8,76,25.2,34.9,0.00,98,0,0,98
2019-07-19T11:00,28.6,79,24.7,33.9,0.00,100,0,0,100
2019-07-19T12:00,28.3,85,25.5,34.3,0.00,100,0,0,99
2019-07-19T13:00,29.0,80,25.3,35.7,0.00,100,0,0,100
2019-07-19T14:00,27.9,86,25.3,34.5,0.00,100,0,0,100
2019-07-19T15:00,27.6,88,25.4,34.1,0.00,100,0,0,100
2019-07-19T16:00,27.3,90,25.5,33.5,0.00,99,0,3,99
2019-07-19T17:00,27.2,89,25.2,33.0,0.00,99,0,1,99
2019-07-19T18:00,27.0,88,24.9,32.6,0.00,97,0,0,97
2019-07-19T19:00,26.7,90,25.0,32.7,0.00,99,0,4,99
2019-07-19T20:00,26.5,93,25.2,32.8,0.00,99,0,1,99
2019-07-19T21:00,26.5,92,25.1,32.6,0.00,100,0,5,100
2019-07-19T22:00,26.9,93,25.6,33.6,0.00,100,1,12,100
2019-07-19T23:00,28.6,86,26.1,35.4,0.00,99,1,18,98
2019-07-20T00:00,30.9,74,25.8,37.3,0.00,89,0,7,89
2019-07-20T01:00,31.9,71,25.9,37.9,0.00,66,0,2,65
2019-07-20T02:00,32.6,65,25.1,38.8,0.00,62,4,1,62
2019-07-20T03:00,33.5,60,24.7,40.9,0.00,40,20,11,32
2019-07-20T04:00,32.7,64,25.0,39.5,0.00,72,34,11,66
2019-07-20T05:00,31.0,76,26.2,37.7,1.50,84,44,16,80
2019-07-20T06:00,31.0,76,26.2,37.9,0.10,89,44,22,81
2019-07-20T07:00,30.1,79,26.0,37.2,0.10,95,17,8,95
2019-07-20T08:00,30.5,78,26.2,37.6,0.00,96,8,5,95
2019-07-20T09:00,30.3,77,25.8,37.2,0.00,85,7,5,85
2019-07-20T10:00,30.0,81,26.3,37.4,0.00,87,7,9,86
2019-07-20T11:00,29.1,84,26.1,36.2,0.00,86,8,14,84
2019-07-20T12:00,28.6,88,26.4,35.7,0.00,85,2,23,67
2019-07-20T13:00,28.0,90,26.2,35.0,0.00,81,0,22,78
2019-07-20T14:00,27.5,93,26.2,34.5,0.00,88,3,20,87
2019-07-20T15:00,27.5,92,26.1,34.4,0.00,87,10,26,85
2019-07-20T16:00,27.0,94,26.0,33.7,0.00,88,3,18,86
2019-07-20T17:00,27.3,91,25.8,34.1,0.00,90,0,18,88
2019-07-20T18:00,26.6,95,25.6,33.1,0.00,87,0,12,85
2019-07-20T19:00,26.0,96,25.3,32.2,0.00,87,0,10,86
2019-07-20T20:00,26.2,96,25.4,32.6,0.00,91,3,8,90
2019-07-20T21:00,26.0,97,25.4,32.3,0.00,91,8,4,90
2019-07-20T22:00,27.2,93,25.9,33.6,0.00,92,9,3,91
2019-07-20T23:00,28.9,85,26.2,35.8,0.00,94,10,7,93
2019-07-21T00:00,30.1,74,24.9,35.8,0.10,95,22,15,84
2019-07-21T01:00,30.7,70,24.7,36.6,0.00,90,19,17,88
2019-07-21T02:00,31.7,67,24.8,38.1,0.00,85,4,18,83
2019-07-21T03:00,31.8,65,24.4,37.2,0.20,90,18,16,88
2019-07-21T04:00,32.2,65,24.8,38.8,0.00,82,1,16,80
2019-07-21T05:00,32.1,66,24.9,38.0,0.00,90,3,10,90
2019-07-21T06:00,31.8,69,25.5,37.8,1.50,82,6,12,80
2019-07-21T07:00,31.9,67,25.0,38.0,0.40,50,7,26,42
2019-07-21T08:00,31.8,66,24.6,38.0,0.00,47,6,34,33
2019-07-21T09:00,31.4,67,24.6,37.6,0.00,63,8,48,52
2019-07-21T10:00,30.0,79,25.9,36.7,0.00,36,8,27,24
2019-07-21T11:00,28.5,87,26.2,35.4,0.00,21,3,17,11
2019-07-21T12:00,28.4,92,27.0,36.0,0.00,85,2,36,35
2019-07-21T13:00,29.0,87,26.6,36.7,0.00,71,0,16,70
2019-07-21T14:00,27.7,93,26.6,34.9,0.00,72,0,25,69
2019-07-21T15:00,27.5,95,26.5,34.6,0.00,31,0,30,9
2019-07-21T16:00,27.2,95,26.3,34.1,0.00,70,0,63,40
2019-07-21T17:00,27.3,93,26.1,33.9,0.00,72,0,54,65
2019-07-21T18:00,26.9,94,25.9,33.6,0.00,53,0,41,27
2019-07-21T19:00,26.5,94,25.5,32.9,0.00,77,0,65,59
2019-07-21T20:00,26.8,90,24.9,32.8,0.00,94,0,86,70
2019-07-21T21:00,26.9,82,23.5,31.4,0.00,85,0,76,48
2019-07-21T22:00,26.6,84,23.7,31.3,0.00,88,0,80,53
2019-07-21T23:00,27.4,81,23.9,32.4,0.00,94,0,93,11
2019-07-22T00:00,27.3,83,24.1,32.8,0.00,91,0,97,46
2019-07-22T01:00,28.0,77,23.6,33.2,0.10,95,0,93,45
2019-07-22T02:00,28.6,76,24.0,34.2,0.00,81,0,81,23
2019-07-22T03:00,29.0,73,23.7,34.5,0.00,100,0,100,1
2019-07-22T04:00,30.5,67,23.6,36.8,0.00,0,0,0,0
2019-07-22T05:00,31.7,62,23.4,39.8,0.00,2,0,2,0
2019-07-22T06:00,32.4,59,23.4,39.8,0.00,8,2,8,0
2019-07-22T07:00,32.4,61,24.0,38.9,0.00,39,16,36,6
2019-07-22T08:00,29.7,73,24.4,35.0,1.10,43,15,37,20
2019-07-22T09:00,29.2,77,24.9,34.8,0.60,53,1,52,8
2019-07-22T10:00,27.4,86,24.9,32.8,2.00,79,72,53,12
2019-07-22T11:00,26.5,91,25.0,32.6,1.10,55,8,54,1
2019-07-22T12:00,26.8,88,24.5,33.0,0.10,31,100,32,0
2019-07-22T13:00,26.1,93,24.9,32.3,0.10,36,29,20,0
2019-07-22T14:00,25.8,95,25.0,31.9,0.00,9,0,9,0
2019-07-22T15:00,25.6,95,24.7,31.5,0.00,37,1,4,34
2019-07-22T16:00,25.2,95,24.3,30.9,0.00,38,4,5,34
2019-07-22T17:00,25.8,91,24.3,31.6,0.00,39,10,4,31
2019-07-22T18:00,26.3,90,24.5,32.6,0.00,69,16,3,63
2019-07-22T19:00,26.0,92,24.5,32.2,0.00,46,2,1,44
2019-07-22T20:00,25.8,92,24.4,32.0,0.00,83,6,1,82
2019-07-22T21:00,25.6,92,24.3,31.5,0.00,71,6,2,69
2019-07-22T22:00,25.6,93,24.4,31.7,0.00,72,2,2,72
2019-07-22T23:00,26.7,87,24.4,32.7,0.00,69,0,2,69
2019-07-23T00:00,27.9,78,23.7,33.6,0.00,86,1,1,85
2019-07-23T01:00,29.3,74,24.1,35.3,0.00,85,1,1,85
2019-07-23T02:00,30.6,69,24.3,38.0,0.00,91,2,2,90
2019-07-23T03:00,31.8,63,23.9,39.3,0.00,93,19,17,92
2019-07-23T04:00,32.0,62,23.9,39.2,0.10,97,29,31,96
2019-07-23T05:00,30.7,69,24.3,36.3,0.40,96,35,35,95
2019-07-23T06:00,30.2,75,25.3,36.7,0.60,95,37,40,92
2019-07-23T07:00,29.2,77,24.7,34.9,1.90,88,48,45,79
2019-07-23T08:00,28.4,79,24.5,34.2,2.50,93,91,48,6
2019-07-23T09:00,28.8,79,24.7,34.5,0.50,65,61,19,3
2019-07-23T10:00,28.4,82,25.1,34.5,0.10,44,20,20,24
2019-07-23T11:00,27.3,90,25.5,33.9,0.10,36,10,27,10
2019-07-23T12:00,27.0,89,25.1,33.5,0.00,29,13,38,20
2019-07-23T13:00,26.4,92,25.1,32.7,0.00,67,1,18,60
2019-07-23T14:00,26.2,92,24.9,32.3,0.00,57,0,17,49
2019-07-23T15:00,26.1,93,24.8,32.0,0.00,11,0,11,2
2019-07-23T16:00,27.7,84,24.7,34.0,0.00,12,0,12,2
2019-07-23T17:00,27.3,86,24.7,33.4,0.00,20,0,13,10
2019-07-23T18:00,26.5,90,24.6,32.5,0.00,20,0,5,17
2019-07-23T19:00,25.0,95,24.2,30.7,0.00,12,0,3,10
2019-07-23T20:00,24.7,96,24.1,30.3,0.00,98,0,2,98
2019-07-23T21:00,26.4,90,24.7,32.9,0.00,97,2,1,97
2019-07-23T22:00,26.3,91,24.7,32.7,0.00,87,1,0,87
2019-07-23T23:00,27.2,86,24.7,33.6,0.00,71,2,0,71
2019-07-24T00:00,28.4,80,24.6,34.7,0.00,39,9,0,29
2019-07-24T01:00,29.9,75,24.9,36.6,0.00,16,14,1,3
2019-07-24T02:00,31.0,69,24.6,37.7,0.10,30,28,18,0
2019-07-24T03:00,31.9,65,24.6,38.8,0.10,33,26,27,1
2019-07-24T04:00,32.2,64,24.7,39.8,0.60,94,30,37,90
2019-07-24T05:00,31.1,70,24.9,37.2,0.40,56,19,43,24
2019-07-24T06:00,30.8,72,25.1,37.0,0.60,58,21,36,44
2019-07-24T07:00,29.5,76,24.8,35.2,1.00,92,12,51,87
2019-07-24T08:00,29.5,77,25.1,36.1,0.40,95,2,10,95
2019-07-24T09:00,29.0,80,25.2,35.2,0.20,96,19,12,95
2019-07-24T10:00,28.6,82,25.2,35.1,0.00,80,3,13,78
2019-07-24T11:00,27.4,90,25.7,34.1,0.00,79,2,9,78
2019-07-24T12:00,27.8,91,26.2,34.7,0.00,87,6,3,90
2019-07-24T13:00,27.6,92,26.2,34.7,0.00,95,4,1,95
2019-07-24T14:00,27.3,93,26.0,34.1,0.00,94,8,2,94
2019-07-24T15:00,28.5,87,26.1,35.8,0.00,97,15,7,96
2019-07-24T16:00,28.3,85,25.6,35.3,0.00,96,11,8,95
2019-07-24T17:00,28.1,87,25.7,35.0,0.00,95,8,6,95
2019-07-24T18:00,27.8,89,25.9,35.1,0.00,94,5,4,94
2019-07-24T19:00,27.6,91,26.0,34.7,0.00,97,1,0,97
2019-07-24T20:00,25.6,97,25.1,31.9,0.00,96,1,0,96
2019-07-24T21:00,25.3,96,24.6,31.2,0.00,94,4,0,94
2019-07-24T22:00,26.7,91,25.1,33.2,0.00,94,2,0,94
2019-07-24T23:00,27.6,85,24.9,34.0,0.00,91,0,0,91
2019-07-25T00:00,29.0,79,25.0,35.5,0.00,93,0,2,96
2019-07-25T01:00,30.3,75,25.3,36.8,0.00,98,6,2,98
2019-07-25T02:00,31.6,70,25.3,38.6,0.00,98,13,4,98
2019-07-25T03:00,32.5,65,25.2,39.8,0.10,97,16,10,97
2019-07-25T04:00,32.8,64,25.0,39.8,0.10,97,16,18,97
2019-07-25T05:00,31.4,70,25.2,37.5,0.20,98,24,39,98
2019-07-25T06:00,31.4,72,25.8,37.9,0.30,98,30,21,98
2019-07-25T07:00,30.7,74,25.5,36.5,0.90,99,73,33,98
2019-07-25T08:00,30.7,76,25.9,37.5,0.60,98,33,13,97
2019-07-25T09:00,30.3,76,25.7,36.3,0.30,96,17,14,95
2019-07-25T10:00,29.6,81,25.9,36.3,0.00,81,4,5,80
2019-07-25T11:00,28.6,84,25.7,35.1,0.00,6,2,5,1
2019-07-25T12:00,29.7,75,24.8,35.8,0.00,14,1,2,63
2019-07-25T13:00,29.5,76,24.9,36.1,0.00,58,1,3,56
2019-07-25T14:00,27.4,89,25.5,33.8,0.00,27,5,2,24
2019-07-25T15:00,27.1,91,25.5,33.6,0.00,40,6,2,37
2019-07-25T16:00,26.7,93,25.5,33.1,0.00,97,4,0,97
2019-07-25T17:00,27.2,91,25.6,33.9,0.00,96,1,1,96
2019-07-25T18:00,27.5,90,25.8,34.5,0.00,95,1,7,95
2019-07-25T19:00,27.3,92,25.9,34.4,0.00,97,0,1,97
2019-07-25T20:00,25.8,97,25.4,32.2,0.00,89,0,0,90
2019-07-25T21:00,25.2,99,24.9,31.3,0.00,91,0,0,91
2019-07-25T22:00,26.1,97,25.6,32.8,0.00,95,1,1,95
2019-07-25T23:00,27.4,87,25.1,33.8,0.00,96,0,2,96
2019-07-26T00:00,28.9,78,24.7,35.2,0.00,95,0,8,84
2019-07-26T01:00,30.3,73,25.0,36.6,0.00,91,3,7,90
2019-07-26T02:00,31.6,69,25.3,39.0,0.00,94,6,4,93
2019-07-26T03:00,32.5,66,25.3,40.1,0.00,93,11,9,92
2019-07-26T04:00,33.0,64,25.2,40.2,0.00,91,11,17,90
2019-07-26T05:00,33.6,63,25.6,42.4,0.10,94,9,35,93
2019-07-26T06:00,31.7,70,25.5,38.1,1.40,91,34,25,88
2019-07-26T07:00,31.8,69,25.4,38.9,0.10,89,20,12,88
2019-07-26T08:00,31.8,68,25.2,38.5,0.00,95,18,16,94
2019-07-26T09:00,29.0,82,25.5,34.7,2.00,95,2,31,93
2019-07-26T10:00,28.4,85,25.6,34.6,0.10,91,1,8,90
2019-07-26T11:00,27.7,90,26.0,34.6,0.00,90,0,6,90
2019-07-26T12:00,28.0,90,26.2,34.8,0.00,88,5,5,86
2019-07-26T13:00,27.9,89,25.9,34.5,0.00,82,0,1,82
2019-07-26T14:00,27.7,89,25.7,34.1,0.00,91,0,0,91
2019-07-26T15:00,27.4,88,25.2,33.6,0.00,92,0,4,92
2019-07-26T16:00,26.6,92,25.2,32.7,0.00,93,1,8,92
2019-07-26T17:00,27.6,88,25.4,34.1,0.00,84,1,3,84
2019-07-26T18:00,26.3,95,25.4,32.6,0.00,74,1,6,72
2019-07-26T19:00,26.9,93,25.7,34.0,0.00,34,5,7,28
2019-07-26T20:00,25.7,97,25.2,32.2,0.00,11,5,10,0
2019-07-26T21:00,25.8,96,25.2,32.2,0.00,17,7,0,11
2019-07-26T22:00,26.6,95,25.6,33.2,0.00,6,5,3,0
2019-07-26T23:00,28.6,83,25.5,35.1,0.00,7,6,3,0
2019-07-27T00:00,29.7,77,25.2,36.1,0.00,11,11,2,1
2019-07-27T01:00,30.9,71,25.1,37.3,0.00,17,5,1,13
2019-07-27T02:00,32.4,64,24.6,39.7,0.00,54,7,5,51
2019-07-27T03:00,32.3,63,24.3,38.7,0.10,62,29,24,52
2019-07-27T04:00,32.0,66,24.8,38.9,0.50,47,42,19,10
2019-07-27T05:00,32.5,66,25.4,40.1,0.20,74,68,57,11
2019-07-27T06:00,30.2,74,25.0,37.1,4.50,100,100,28,24
2019-07-27T07:00,29.7,77,25.2,35.4,1.70,54,47,8,16
2019-07-27T08:00,29.5,79,25.5,35.5,0.20,44,28,28,19
2019-07-27T09:00,28.6,79,24.6,34.1,1.30,100,100,19,35
2019-07-27T10:00,28.0,83,24.8,34.3,0.30,60,33,12,54
2019-07-27T11:00,27.1,92,25.6,33.8,0.00,59,34,8,44
2019-07-27T12:00,28.2,90,26.3,35.6,0.00,72,1,67,68
2019-07-27T13:00,27.2,93,26.0,34.1,0.00,51,18,0,41
2019-07-27T14:00,27.9,87,25.6,34.8,0.00,60,29,1,47
2019-07-27T15:00,26.3,94,25.3,32.7,0.00,36,10,1,30
2019-07-27T16:00,26.4,93,25.2,32.6,0.00,4,3,1,0
2019-07-27T17:00,25.9,93,24.7,31.8,0.00,3,3,1,0
2019-07-27T18:00,26.1,91,24.4,31.7,0.00,8,8,0,0
2019-07-27T19:00,26.1,90,24.4,31.9,0.00,20,20,0,0
2019-07-27T20:00,25.8,92,24.4,31.6,0.00,31,31,2,0
2019-07-27T21:00,26.4,90,24.6,32.6,0.00,23,23,5,0
2019-07-27T22:00,26.3,92,24.9,32.8,0.00,20,20,3,0
2019-07-27T23:00,27.3,85,24.5,33.5,0.00,22,22,5,0
2019-07-28T00:00,27.9,81,24.4,33.6,0.00,35,34,18,16
2019-07-28T01:00,28.9,78,24.8,34.9,0.00,45,30,18,23
2019-07-28T02:00,30.0,73,24.7,36.5,0.10,47,28,19,30
2019-07-28T03:00,30.6,71,24.7,37.5,0.20,33,26,23,9
2019-07-28T04:00,31.0,71,25.1,37.8,0.50,40,12,36,6
2019-07-28T05:00,29.9,76,25.1,36.3,0.50,46,22,27,25
2019-07-28T06:00,30.2,74,25.0,36.8,0.20,58,28,29,42
2019-07-28T07:00,30.2,74,25.2,36.5,0.30,55,35,35,36
2019-07-28T08:00,29.0,78,24.8,34.8,1.00,59,43,45,38
2019-07-28T09:00,29.2,77,24.8,35.1,0.60,62,50,30,20
2019-07-28T10:00,29.4,75,24.6,35.5,0.10,20,11,9,12
2019-07-28T11:00,27.6,85,24.9,33.6,0.00,13,7,7,6
2019-07-28T12:00,27.5,84,24.6,32.5,0.00,10,1,1,83
2019-07-28T13:00,27.5,84,24.6,32.4,0.00,87,5,0,87
2019-07-28T14:00,27.3,85,24.5,32.4,0.00,85,10,0,84
2019-07-28T15:00,26.9,87,24.6,32.5,0.00,71,9,0,68
2019-07-28T16:00,26.2,91,24.7,32.0,0.00,76,10,0,75
2019-07-28T17:00,27.0,86,24.6,33.0,0.00,89,12,0,88
2019-07-28T18:00,26.9,87,24.6,33.1,0.00,66,33,1,57
2019-07-28T19:00,26.7,89,24.6,32.8,0.10,81,72,5,52
2019-07-28T20:00,26.4,90,24.5,32.4,0.10,89,76,0,60
2019-07-28T21:00,26.5,89,24.5,32.5,0.00,85,74,5,63
2019-07-28T22:00,26.4,91,24.8,32.8,0.00,84,65,6,67
2019-07-28T23:00,27.5,85,24.8,33.6,0.00,87,44,5,80
2019-07-29T00:00,28.6,79,24.6,34.8,0.00,87,31,4,31
2019-07-29T01:00,29.8,75,25.0,36.4,0.00,45,24,1,28
2019-07-29T02:00,31.1,70,25.0,37.5,0.00,40,40,2,0
2019-07-29T03:00,32.1,66,24.9,38.5,0.00,65,65,4,0
2019-07-29T04:00,33.1,62,24.8,40.2,0.00,76,76,17,0
2019-07-29T05:00,33.3,62,24.9,40.1,0.00,87,87,17,0
2019-07-29T06:00,33.3,62,25.1,40.5,0.00,87,87,15,0
2019-07-29T07:00,32.8,65,25.3,39.0,0.00,96,96,1,0
2019-07-29T08:00,31.9,67,25.1,36.4,0.00,51,51,0,0
2019-07-29T09:00,30.8,71,25.0,34.9,0.00,52,51,11,0
2019-07-29T10:00,29.7,75,24.8,33.9,0.00,21,19,17,0
2019-07-29T11:00,28.7,79,24.6,33.1,0.00,8,7,3,0
2019-07-29T12:00,28.2,83,25.0,33.2,0.00,15,24,11,0
2019-07-29T13:00,28.0,84,25.1,33.6,0.10,45,44,13,0
2019-07-29T14:00,27.5,88,25.2,33.5,0.10,38,37,23,0
2019-07-29T15:00,27.3,88,25.1,33.0,0.00,30,29,16,0
2019-07-29T16:00,27.1,89,25.1,33.0,0.00,33,30,28,0
2019-07-29T17:00,26.8,91,25.2,33.0,0.00,24,22,21,0
2019-07-29T18:00,26.7,92,25.2,33.0,0.00,12,11,11,0
2019-07-29T19:00,26.4,93,25.2,32.7,0.00,7,6,5,0
2019-07-29T20:00,25.7,96,25.0,31.9,0.00,6,6,5,0
2019-07-29T21:00,25.2,96,24.6,31.0,0.00,6,6,5,0
2019-07-29T22:00,26.5,93,25.2,32.9,0.00,4,4,2,0
2019-07-29T23:00,28.2,85,25.4,34.7,0.00,3,3,1,0
2019-07-30T00:00,30.2,76,25.6,36.7,0.00,3,3,0,0
2019-07-30T01:00,31.6,70,25.5,38.2,0.00,2,2,0,0
2019-07-30T02:00,32.5,66,25.4,40.0,0.00,7,7,0,0
2019-07-30T03:00,33.4,62,25.2,41.1,0.00,31,31,0,0
2019-07-30T04:00,33.9,60,25.2,41.1,0.00,30,30,0,0
2019-07-30T05:00,33.4,62,25.1,39.7,0.00,5,5,2,0
2019-07-30T06:00,32.8,63,24.8,38.2,0.00,6,5,3,0
2019-07-30T07:00,32.4,63,24.6,36.7,0.00,10,10,4,0
2019-07-30T08:00,31.5,65,24.2,34.4,0.00,12,12,2,0
2019-07-30T09:00,30.5,69,24.2,33.8,0.00,12,12,7,0
2019-07-30T10:00,29.3,73,24.0,33.0,0.00,5,5,0,0
2019-07-30T11:00,28.4,75,23.6,32.0,0.00,3,3,0,0
2019-07-30T12:00,28.2,79,24.2,32.2,0.00,2,2,0,0
2019-07-30T13:00,28.3,77,23.8,31.8,0.00,1,1,0,0
2019-07-30T14:00,28.1,76,23.5,31.6,0.00,1,1,0,0
2019-07-30T15:00,27.6,79,23.6,31.9,0.00,2,2,0,0
2019-07-30T16:00,27.0,83,23.8,31.9,0.00,4,4,0,0
2019-07-30T17:00,26.3,86,23.7,31.4,0.00,5,5,0,0
2019-07-30T18:00,25.5,90,23.7,30.6,0.00,4,4,0,0
2019-07-30T19:00,25.3,91,23.7,30.4,0.00,14,14,7,0
2019-07-30T20:00,24.8,94,23.7,30.0,0.00,23,23,1,0
2019-07-30T21:00,25.2,92,23.8,30.5,0.00,20,20,4,0
2019-07-30T22:00,26.3,88,24.1,31.6,0.00,12,12,2,0
2019-07-30T23:00,28.1,81,24.5,33.4,0.00,8,6,2,0
2019-07-31T00:00,30.0,74,24.8,34.5,0.00,1,0,0,0
2019-07-31T01:00,31.0,67,24.3,34.7,0.00,1,1,0,0
2019-07-31T02:00,31.9,64,24.2,35.9,0.00,3,3,0,0
2019-07-31T03:00,32.3,63,24.2,36.5,0.00,22,2,0,20
2019-07-31T04:00,32.4,62,24.2,36.7,0.00,26,2,0,24
2019-07-31T05:00,32.4,61,24.0,36.7,0.00,24,0,0,24
2019-07-31T06:00,32.2,62,24.1,36.5,0.00,4,4,0,0
2019-07-31T07:00,31.9,64,24.3,35.8,0.00,1,1,0,0
2019-07-31T08:00,31.3,66,24.3,34.4,0.00,3,3,0,0
2019-07-31T09:00,30.5,69,24.2,34.0,0.00,3,3,0,0
2019-07-31T10:00,29.5,73,24.1,33.5,0.00,1,1,0,0
2019-07-31T11:00,28.6,76,24.0,33.0,0.00,3,3,0,0
2019-07-31T12:00,28.1,80,24.3,32.4,0.00,5,8,0,0
2019-07-31T13:00,28.2,79,24.1,32.0,0.00,6,6,0,0
2019-07-31T14:00,28.0,80,24.1,32.0,0.00,5,5,0,0
2019-07-31T15:00,27.6,80,23.9,32.3,0.00,2,2,0,0
2019-07-31T16:00,27.2,81,23.6,31.9,0.00,2,2,0,0
2019-07-31T17:00,26.8,83,23.6,31.5,0.00,7,7,1,0
2019-07-31T18:00,26.4,85,23.7,31.4,0.00,7,6,0,0
2019-07-31T19:00,26.1,86,23.6,31.3,0.00,8,4,1,5
2019-07-31T20:00,25.6,90,23.7,30.9,0.00,31,9,1,27
2019-07-31T21:00,25.4,90,23.5,30.5,0.00,19,14,1,10
2019-07-31T22:00,26.0,88,23.9,31.3,0.00,29,23,1,12
2019-07-31T23:00,27.9,81,24.2,33.5,0.00,27,21,2,12
2019-08-01T00:00,29.5,73,24.3,35.1,0.00,28,15,0,24
2019-08-01T01:00,31.0,66,24.0,35.8,0.00,46,42,0,9
2019-08-01T02:00,32.0,61,23.6,36.6,0.00,29,24,0,7
2019-08-01T03:00,32.6,60,23.9,37.7,0.00,7,5,2,2
2019-08-01T04:00,32.9,60,24.0,38.0,0.00,4,1,3,2
2019-08-01T05:00,32.9,60,24.0,37.3,0.00,1,0,1,0
2019-08-01T06:00,32.6,61,24.1,36.8,0.00,5,2,4,1
2019-08-01T07:00,31.9,63,24.0,35.4,0.00,9,3,8,0
2019-08-01T08:00,31.2,66,24.0,34.5,0.00,11,9,6,0
2019-08-01T09:00,30.3,70,24.1,33.7,0.00,6,4,4,1
2019-08-01T10:00,29.0,75,24.1,32.8,0.00,13,12,5,0
2019-08-01T11:00,28.1,77,23.8,32.0,0.00,11,10,3,1
2019-08-01T12:00,27.6,82,24.2,32.5,0.00,8,3,4,0
2019-08-01T13:00,27.5,82,24.2,32.5,0.00,5,4,3,0
2019-08-01T14:00,27.2,84,24.3,32.3,0.00,8,3,6,2
2019-08-01T15:00,26.9,85,24.2,32.0,0.00,11,4,9,0
2019-08-01T16:00,26.6,87,24.2,31.7,0.00,8,3,6,0
2019-08-01T17:00,26.3,88,24.2,31.3,0.00,7,3,5,0
2019-08-01T18:00,26.0,89,24.1,31.0,0.00,7,5,4,0
2019-08-01T19:00,25.7,91,24.0,30.9,0.00,9,8,2,0
2019-08-01T20:00,25.3,91,23.8,30.6,0.00,3,3,1,0
2019-08-01T21:00,24.8,93,23.6,30.0,0.00,12,2,0,10
2019-08-01T22:00,25.8,90,24.0,31.2,0.00,27,2,1,25
2019-08-01T23:00,27.5,83,24.3,33.0,0.00,23,2,0,21
2019-08-02T00:00,29.6,74,24.5,34.7,0.00,18,2,0,15
2019-08-02T01:00,31.0,66,23.9,35.0,0.00,31,6,5,26
2019-08-02T02:00,31.8,62,23.6,36.1,0.00,38,10,7,29
2019-08-02T03:00,32.3,60,23.5,36.7,0.00,39,12,14,28
2019-08-02T04:00,32.1,61,23.8,36.5,0.00,29,11,15,14
2019-08-02T05:00,31.9,62,23.7,36.1,0.00,35,10,17,22
2019-08-02T06:00,32.1,59,23.2,35.9,0.00,32,17,9,17
2019-08-02T07:00,31.8,61,23.4,35.3,0.00,63,12,12,58
2019-08-02T08:00,31.2,63,23.4,34.3,0.00,40,7,5,35
2019-08-02T09:00,30.2,69,23.8,33.5,0.00,30,0,5,27
2019-08-02T10:00,28.8,74,23.8,32.5,0.00,64,0,3,63
2019-08-02T11:00,27.7,79,23.7,31.9,0.00,67,1,1,67
2019-08-02T12:00,27.5,80,23.7,31.5,0.00,94,2,8,68
2019-08-02T13:00,27.3,82,23.9,31.7,0.00,47,6,6,43
2019-08-02T14:00,26.9,84,24.0,31.5,0.00,50,1,2,49
2019-08-02T15:00,26.6,86,24.1,31.3,0.00,62,1,6,60
2019-08-02T16:00,26.3,89,24.2,31.1,0.00,52,2,4,50
2019-08-02T17:00,26.0,90,24.3,30.8,0.00,39,1,1,38
2019-08-02T18:00,25.7,92,24.3,30.6,0.00,39,3,0,37
2019-08-02T19:00,25.5,93,24.3,30.5,0.00,24,7,0,19
2019-08-02T20:00,25.4,93,24.2,30.4,0.00,30,6,0,26
2019-08-02T21:00,25.2,94,24.1,30.4,0.00,13,7,0,7
2019-08-02T22:00,25.8,91,24.3,31.0,0.00,9,9,1,0
2019-08-02T23:00,27.7,83,24.6,32.6,0.00,28,28,3,0
2019-08-03T00:00,29.3,75,24.4,34.0,0.00,15,18,3,2
2019-08-03T01:00,30.3,68,23.8,34.6,0.00,22,22,2,0
2019-08-03T02:00,31.1,64,23.5,35.5,0.00,28,20,4,11
2019-08-03T03:00,31.3,64,23.6,36.3,0.00,38,22,25,12
2019-08-03T04:00,31.1,66,24.0,36.3,0.30,59,18,47,18
2019-08-03T05:00,31.1,66,24.1,36.0,0.20,43,24,30,16
2019-08-03T06:00,31.0,67,24.2,35.5,0.10,35,30,28,0
2019-08-03T07:00,30.7,68,24.2,34.6,0.10,32,28,24,0
2019-08-03T08:00,30.1,71,24.3,34.1,0.10,35,29,30,0
2019-08-03T09:00,29.6,73,24.3,33.8,0.00,35,27,33,0
2019-08-03T10:00,29.1,75,24.2,33.5,0.00,24,20,15,0
2019-08-03T11:00,28.3,78,24.2,33.0,0.00,11,2,11,0
2019-08-03T12:00,27.9,84,24.9,33.2,0.00,6,2,4,19
2019-08-03T13:00,27.9,85,25.2,33.4,0.00,26,3,5,20
2019-08-03T14:00,27.6,88,25.3,33.2,0.00,11,1,7,4
2019-08-03T15:00,27.2,89,25.3,32.6,0.00,11,4,8,3
2019-08-03T16:00,27.0,91,25.4,32.3,0.00,9,6,5,1
2019-08-03T17:00,26.8,92,25.4,31.9,0.00,13,7,11,1
2019-08-03T18:00,26.6,89,24.6,31.0,0.10,21,0,20,1
2019-08-03T19:00,26.5,89,24.4,31.3,0.00,4,2,1,2
2019-08-03T20:00,26.1,90,24.3,30.6,0.00,1,1,1,0
2019-08-03T21:00,25.8,91,24.3,30.0,0.00,19,1,0,19
2019-08-03T22:00,26.3,89,24.3,30.7,0.00,6,1,0,5
2019-08-03T23:00,27.9,83,24.7,32.9,0.00,22,8,0,16
2019-08-04T00:00,30.4,73,25.0,35.6,0.00,36,2,4,0
2019-08-04T01:00,31.8,67,24.9,36.6,0.00,2,2,0,0
2019-08-04T02:00,32.6,62,24.4,37.5,0.00,5,5,0,0
2019-08-04T03:00,33.3,59,24.2,38.6,0.00,4,4,0,0
2019-08-04T04:00,33.6,59,24.5,38.9,0.00,10,7,3,1
2019-08-04T05:00,33.4,58,24.1,37.7,0.00,4,0,1,3
2019-08-04T06:00,33.2,61,24.8,38.1,0.00,27,5,3,23
2019-08-04T07:00,32.6,62,24.5,36.6,0.00,41,16,9,33
2019-08-04T08:00,31.8,66,24.7,35.4,0.00,59,5,3,57
2019-08-04T09:00,30.7,70,24.6,34.5,0.00,48,13,8,42
2019-08-04T10:00,29.4,76,24.8,33.5,0.00,64,15,18,58
2019-08-04T11:00,28.3,80,24.6,32.6,0.00,85,0,1,85
2019-08-04T12:00,28.1,82,24.6,32.5,0.00,19,4,0,7
2019-08-04T13:00,28.1,83,25.0,33.0,0.00,34,4,0,32
2019-08-04T14:00,27.8,85,25.0,32.5,0.00,15,11,12,0
2019-08-04T15:00,27.7,85,24.8,32.1,0.00,13,10,5,0
2019-08-04T16:00,27.2,85,24.6,31.7,0.00,7,1,6,1
2019-08-04T17:00,26.9,87,24.6,31.5,0.00,6,0,4,3
2019-08-04T18:00,26.8,88,24.6,31.4,0.00,11,0,3,10
2019-08-04T19:00,26.6,88,24.5,31.2,0.00,18,3,3,16
2019-08-04T20:00,26.6,89,24.5,31.2,0.00,3,0,3,1
2019-08-04T21:00,26.4,90,24.5,30.9,0.00,4,0,2,2
2019-08-04T22:00,26.8,88,24.7,31.3,0.00,5,3,3,1
2019-08-04T23:00,28.5,82,25.1,33.2,0.00,7,5,4,1
2019-08-05T00:00,30.1,75,25.2,34.6,0.00,20,6,6,6
2019-08-05T01:00,31.4,68,24.8,35.6,0.00,29,21,7,11
2019-08-05T02:00,31.7,68,25.0,36.2,0.10,28,23,22,0
2019-08-05T03:00,31.7,70,25.5,36.8,0.10,34,26,27,3
2019-08-05T04:00,32.3,70,26.1,38.1,0.20,25,18,14,12
2019-08-05T05:00,32.0,68,25.3,36.9,1.30,49,24,33,22
2019-08-05T06:00,31.7,72,26.1,36.7,0.10,28,9,22,18
2019-08-05T07:00,31.4,70,25.3,35.8,0.30,41,16,24,26
2019-08-05T08:00,31.0,71,25.0,34.8,0.20,42,12,22,30
2019-08-05T09:00,30.2,73,24.9,34.4,0.00,62,11,2,59
2019-08-05T10:00,29.4,76,24.8,33.6,0.00,94,12,3,93
2019-08-05T11:00,28.4,80,24.6,32.7,0.00,98,9,0,97
2019-08-05T12:00,28.0,84,25.0,32.6,0.00,92,1,6,42
2019-08-05T13:00,28.0,84,25.0,32.7,0.00,27,2,8,20
2019-08-05T14:00,27.8,85,25.1,32.5,0.00,6,2,6,0
2019-08-05T15:00,27.6,86,25.0,32.3,0.00,6,1,4,1
2019-08-05T16:00,27.3,87,25.0,32.0,0.00,29,3,5,24
2019-08-05T17:00,27.1,88,24.9,31.8,0.00,61,0,5,60
2019-08-05T18:00,26.8,89,24.8,31.4,0.00,23,2,3,21
2019-08-05T19:00,26.7,90,24.9,31.4,0.00,18,1,17,1
2019-08-05T20:00,26.7,90,24.8,31.4,0.00,18,0,18,1
2019-08-05T21:00,26.4,91,24.8,31.2,0.00,17,1,15,2
2019-08-05T22:00,26.6,91,25.0,31.6,0.00,22,12,15,7
2019-08-05T23:00,28.0,85,25.2,33.1,0.00,21,11,11,9
2019-08-06T00:00,29.5,77,25.1,34.7,0.00,24,18,10,7
2019-08-06T01:00,30.6,70,24.5,35.2,0.00,35,17,3,22
2019-08-06T02:00,31.2,67,24.3,36.0,0.00,41,20,2,27
2019-08-06T03:00,31.8,62,23.7,36.5,0.00,27,6,1,22
2019-08-06T04:00,32.0,61,23.7,37.2,0.00,18,8,0,11
2019-08-06T05:00,31.8,62,23.7,36.9,0.00,6,5,0,1
2019-08-06T06:00,31.7,60,23.1,36.1,0.00,0,0,0,0
2019-08-06T07:00,31.1,63,23.2,34.9,0.00,1,0,0,0
2019-08-06T08:00,30.6,66,23.5,34.0,0.00,16,12,5,3
2019-08-06T09:00,29.7,72,24.0,33.3,0.00,32,17,27,3
2019-08-06T10:00,28.5,77,24.1,32.5,0.00,32,14,24,7
2019-08-06T11:00,28.0,79,24.0,32.2,0.00,24,18,9,7
2019-08-06T12:00,27.7,81,24.2,32.3,0.00,14,1,1,1
2019-08-06T13:00,27.4,83,24.3,32.2,0.00,4,4,0,0
2019-08-06T14:00,27.0,86,24.4,32.1,0.00,5,5,0,0
2019-08-06T15:00,26.7,89,24.6,31.9,0.00,5,5,0,0
2019-08-06T16:00,26.4,91,24.8,31.8,0.00,14,14,0,0
2019-08-06T17:00,26.4,91,24.8,31.9,0.00,3,3,0,0
2019-08-06T18:00,26.3,92,24.8,31.7,0.00,4,4,0,0
2019-08-06T19:00,26.1,93,24.8,31.5,0.00,5,5,0,0
2019-08-06T20:00,25.7,94,24.7,31.4,0.00,0,0,0,0
2019-08-06T21:00,25.7,94,24.7,31.4,0.00,5,5,1,0
2019-08-06T22:00,26.6,90,24.8,32.2,0.00,19,17,13,0
2019-08-06T23:00,28.3,82,24.9,33.5,0.00,36,21,31,0
2019-08-07T00:00,29.3,78,25.1,33.5,0.10,64,30,25,0
2019-08-07T01:00,30.0,76,25.3,34.3,0.20,25,21,11,0
2019-08-07T02:00,30.5,76,25.8,35.4,0.20,39,31,35,2
2019-08-07T03:00,30.5,76,25.8,35.6,0.70,51,34,29,20
2019-08-07T04:00,30.6,76,25.8,36.1,1.30,55,33,41,36
2019-08-07T05:00,30.6,78,26.3,36.2,1.20,48,22,36,33
2019-08-07T06:00,30.6,75,25.8,35.9,0.80,31,23,18,17
2019-08-07T07:00,31.1,73,25.8,36.1,0.10,30,26,1,7
2019-08-07T08:00,31.0,71,25.1,35.6,0.00,33,32,23,0
2019-08-07T09:00,29.4,77,25.0,33.4,0.40,48,22,41,0
2019-08-07T10:00,28.0,86,25.5,33.3,0.50,48,26,34,16
2019-08-07T11:00,26.5,93,25.2,31.9,2.50,88,84,42,42
2019-08-07T12:00,27.1,91,25.5,33.1,1.60,69,81,32,56
2019-08-07T13:00,27.2,92,25.9,33.7,0.80,81,70,21,52
2019-08-07T14:00,27.3,91,25.7,33.6,0.70,91,90,23,41
2019-08-07T15:00,27.0,93,25.7,33.3,0.30,92,90,29,32
2019-08-07T16:00,26.7,93,25.5,32.8,0.90,69,56,24,44
2019-08-07T17:00,26.4,94,25.4,33.0,0.80,77,59,37,55
2019-08-07T18:00,26.7,92,25.3,33.2,1.50,90,87,30,56
2019-08-07T19:00,26.8,91,25.2,32.9,0.70,96,89,37,89
2019-08-07T20:00,26.8,92,25.4,32.6,0.80,98,76,35,93
2019-08-07T21:00,26.7,92,25.3,32.5,0.70,98,97,22,94
2019-08-07T22:00,26.7,92,25.3,32.8,0.80,100,99,29,96
2019-08-07T23:00,27.3,89,25.3,33.1,0.40,96,93,19,94
2019-08-08T00:00,28.2,88,26.0,33.6,0.30,97,81,16,34
2019-08-08T01:00,29.3,84,26.3,34.5,0.50,73,60,21,36
2019-08-08T02:00,29.9,82,26.5,35.7,0.40,79,64,13,46
2019-08-08T03:00,30.1,80,26.3,35.4,0.20,80,33,57,71
2019-08-08T04:00,30.7,78,26.4,36.9,0.50,86,43,59,71
2019-08-08T05:00,29.2,81,25.6,33.8,0.80,92,35,49,84
2019-08-08T06:00,29.1,83,25.8,34.5,0.50,99,63,55,97
2019-08-08T07:00,29.1,84,26.1,34.8,0.40,100,46,54,100
2019-08-08T08:00,27.5,90,25.8,33.7,2.60,100,76,45,100
2019-08-08T09:00,27.1,92,25.8,33.8,1.20,100,98,87,100
2019-08-08T10:00,26.9,95,26.1,33.6,1.00,100,100,100,100
2019-08-08T11:00,26.8,96,26.1,33.5,0.90,100,100,94,100
2019-08-08T12:00,27.3,91,25.6,33.2,1.70,100,95,64,100
2019-08-08T13:00,27.4,89,25.5,33.0,0.50,100,100,39,100
2019-08-08T14:00,27.0,91,25.4,32.5,1.20,100,57,45,100
2019-08-08T15:00,27.0,91,25.4,32.8,0.20,100,1,98,100
2019-08-08T16:00,26.7,91,25.2,32.6,0.30,100,34,55,100
2019-08-08T17:00,26.5,93,25.3,32.2,0.50,100,73,57,100
2019-08-08T18:00,26.4,93,25.2,31.8,0.50,100,6,69,100
2019-08-08T19:00,26.5,93,25.3,31.8,0.20,100,79,97,100
2019-08-08T20:00,26.6,94,25.5,31.6,0.40,100,100,65,100
2019-08-08T21:00,26.7,94,25.6,31.3,0.60,100,100,100,100
2019-08-08T22:00,26.6,94,25.6,30.9,0.90,100,100,66,100
2019-08-08T23:00,26.7,93,25.4,30.2,0.90,100,100,94,100
2019-08-09T00:00,26.9,88,24.8,30.0,1.60,100,95,100,100
2019-08-09T01:00,26.7,91,25.2,29.8,4.10,100,65,99,100
2019-08-09T02:00,26.5,93,25.2,29.3,3.30,100,100,100,99
2019-08-09T03:00,26.7,92,25.3,29.2,3.60,100,100,93,99
2019-08-09T04:00,26.9,91,25.3,28.9,5.60,100,100,100,99
2019-08-09T05:00,27.1,88,25.0,28.8,3.00,100,100,92,100
2019-08-09T06:00,27.2,89,25.3,29.5,1.70,100,100,100,100
2019-08-09T07:00,26.8,88,24.6,28.6,1.90,100,100,100,100
2019-08-09T08:00,27.4,82,24.1,28.6,1.10,100,59,87,100
2019-08-09T09:00,27.6,80,23.9,28.4,0.30,100,13,97,100
2019-08-09T10:00,27.6,83,24.4,28.6,0.30,100,10,5,100
2019-08-09T11:00,27.5,82,24.2,28.4,0.30,100,3,3,100
2019-08-09T12:00,30.5,61,22.2,31.3,0.10,100,5,24,100
2019-08-09T13:00,31.2,58,21.9,32.4,0.00,100,3,93,100
2019-08-09T14:00,31.6,57,22.0,33.1,0.00,100,8,27,100
2019-08-09T15:00,31.5,56,21.6,32.5,0.00,100,7,31,100
2019-08-09T16:00,31.8,56,22.1,32.6,0.00,100,2,16,100
2019-08-09T17:00,31.8,60,23.0,33.0,0.00,100,0,34,100
2019-08-09T18:00,31.3,63,23.4,32.4,0.00,100,0,4,100
2019-08-09T19:00,31.0,65,23.7,32.6,0.00,100,0,4,100
2019-08-09T20:00,31.1,65,23.8,32.6,0.00,100,0,1,100
2019-08-09T21:00,31.0,65,23.6,32.5,0.00,100,0,0,100
2019-08-09T22:00,30.2,74,25.0,33.2,0.00,97,0,0,97
2019-08-09T23:00,30.2,76,25.6,33.2,0.00,92,0,0,92
2019-08-10T00:00,30.8,70,24.7,33.7,0.00,94,0,0,100
2019-08-10T01:00,32.1,69,25.7,36.7,0.00,100,0,1,100
2019-08-10T02:00,33.0,69,26.6,38.5,0.00,98,0,0,98
2019-08-10T03:00,33.3,66,26.0,38.4,0.00,98,0,0,98
2019-08-10T04:00,33.3,66,26.0,37.8,0.00,97,0,0,97
2019-08-10T05:00,32.8,70,26.5,37.2,0.00,97,0,0,97
2019-08-10T06:00,33.0,67,26.0,37.1,0.00,96,0,0,96
2019-08-10T07:00,32.7,70,26.4,36.8,0.00,98,0,0,98
2019-08-10T08:00,31.8,74,26.5,36.1,0.00,99,0,1,99
2019-08-10T09:00,31.2,69,25.0,33.9,0.00,99,0,0,99
2019-08-10T10:00,30.6,70,24.4,34.0,0.00,100,0,1,100
2019-08-10T11:00,30.3,65,22.9,34.3,0.00,100,0,0,100
2019-08-10T12:00,30.1,62,21.9,33.6,0.00,100,0,0,98
2019-08-10T13:00,29.8,69,23.4,35.1,0.00,91,0,0,91
2019-08-10T14:00,27.7,81,24.1,33.2,0.00,91,0,0,91
2019-08-10T15:00,30.0,61,21.5,34.0,0.00,95,0,0,95
2019-08-10T16:00,27.3,75,22.5,31.5,0.00,97,0,0,97
2019-08-10T17:00,28.1,74,23.0,32.4,0.00,97,0,0,97
2019-08-10T18:00,28.5,76,23.8,32.8,0.00,98,0,0,98
2019-08-10T19:00,28.8,76,24.1,32.4,0.00,99,0,3,99
2019-08-10T20:00,28.7,77,24.2,32.2,0.00,98,0,7,98
2019-08-10T21:00,28.5,78,24.2,32.1,0.00,99,0,3,99
2019-08-10T22:00,28.5,79,24.5,32.4,0.00,99,0,2,99
2019-08-10T23:00,29.6,79,25.5,34.3,0.00,100,0,7,100
2019-08-11T00:00,30.9,76,26.3,36.2,0.00,98,1,0,97
2019-08-11T01:00,31.9,74,26.6,36.7,0.00,94,0,2,94
2019-08-11T02:00,32.8,70,26.6,37.8,0.00,97,3,3,97
2019-08-11T03:00,33.1,68,26.3,38.2,0.00,97,1,2,97
2019-08-11T04:00,33.4,66,26.2,38.8,0.00,97,6,2,97
2019-08-11T05:00,33.5,65,26.0,38.9,0.00,96,7,3,95
2019-08-11T06:00,33.4,65,25.8,38.5,0.00,86,8,4,85
2019-08-11T07:00,33.1,67,26.1,38.3,0.00,73,2,3,72
2019-08-11T08:00,32.4,70,26.3,37.2,0.00,70,1,1,70
2019-08-11T09:00,31.9,71,26.0,37.6,0.00,40,1,0,40
2019-08-11T10:00,30.5,79,26.4,37.4,0.00,89,4,0,89
2019-08-11T11:00,29.2,79,25.3,35.4,0.00,89,5,0,89
2019-08-11T12:00,28.6,80,24.8,34.5,0.00,91,4,0,96
2019-08-11T13:00,28.3,80,24.6,33.9,0.00,98,2,0,98
2019-08-11T14:00,27.7,82,24.3,33.2,0.00,91,2,1,91
2019-08-11T15:00,27.2,83,24.0,32.6,0.00,95,1,1,95
2019-08-11T16:00,26.9,83,23.8,32.2,0.00,97,0,5,97
2019-08-11T17:00,26.2,89,24.2,31.9,0.00,98,1,8,97
2019-08-11T18:00,26.1,90,24.3,31.9,0.00,96,2,14,95
2019-08-11T19:00,26.2,91,24.5,32.3,0.00,98,3,18,97
2019-08-11T20:00,25.8,92,24.4,31.6,0.00,92,4,9,92
2019-08-11T21:00,25.8,91,24.3,31.4,0.00,80,4,9,78
2019-08-11T22:00,26.9,88,24.6,32.8,0.00,92,2,12,91
2019-08-11T23:00,28.5,81,24.9,34.5,0.00,52,2,23,44
2019-08-12T00:00,29.3,78,25.0,35.7,0.00,61,0,41,32
2019-08-12T01:00,30.6,76,25.8,36.9,0.00,42,2,24,23
2019-08-12T02:00,32.1,72,26.3,38.3,0.00,40,2,29,19
2019-08-12T03:00,32.9,67,26.1,39.2,0.00,38,2,35,7
2019-08-12T04:00,32.8,67,25.9,38.9,0.00,58,3,34,41
2019-08-12T05:00,32.6,69,26.1,39.1,1.20,68,3,53,54
2019-08-12T06:00,33.2,67,26.3,39.7,0.00,78,8,47,70
2019-08-12T07:00,31.5,75,26.5,38.1,2.70,93,26,59,84
2019-08-12T08:00,31.7,74,26.5,38.7,1.10,66,28,20,58
2019-08-12T09:00,30.4,78,26.2,37.7,7.50,78,20,68,44
2019-08-12T10:00,30.0,85,27.2,37.8,0.10,30,9,27,5
2019-08-12T11:00,28.7,94,27.6,36.7,0.10,31,9,29,3
2019-08-12T12:00,28.8,89,26.8,36.2,0.00,28,7,17,6
2019-08-12T13:00,28.0,91,26.3,34.8,0.00,24,8,23,2
2019-08-12T14:00,28.9,85,26.0,35.9,0.00,27,8,26,1
2019-08-12T15:00,27.8,91,26.3,34.9,0.00,24,5,24,0
2019-08-12T16:00,27.4,94,26.3,34.5,0.00,29,8,29,0
2019-08-12T17:00,27.9,93,26.8,35.7,0.00,14,8,13,1
2019-08-12T18:00,26.7,97,26.2,33.8,0.00,19,7,14,7
2019-08-12T19:00,26.7,97,26.1,33.6,0.00,23,5,13,12
2019-08-12T20:00,26.1,98,25.7,32.7,0.00,13,8,3,9
2019-08-12T21:00,26.0,98,25.6,32.7,0.00,15,7,3,11
2019-08-12T22:00,26.9,98,26.5,34.2,0.00,32,8,6,27
2019-08-12T23:00,28.1,92,26.7,35.6,0.00,55,4,2,54
2019-08-13T00:00,29.2,82,25.9,36.6,0.00,58,7,1,45
2019-08-13T01:00,30.6,78,26.2,37.5,0.00,73,1,1,72
2019-08-13T02:00,31.6,73,26.1,38.7,0.00,8,1,4,4
2019-08-13T03:00,32.4,67,25.6,39.0,0.00,18,14,8,6
2019-08-13T04:00,32.5,66,25.4,38.6,0.10,45,25,27,26
2019-08-13T05:00,32.6,66,25.5,39.0,0.30,59,27,42,37
2019-08-13T06:00,32.5,67,25.6,38.3,0.20,38,21,31,28
2019-08-13T07:00,31.9,72,26.2,37.8,0.10,39,22,10,27
2019-08-13T08:00,31.2,75,26.3,36.8,0.20,35,26,4,22
2019-08-13T09:00,30.2,81,26.5,36.2,0.00,20,2,0,19
2019-08-13T10:00,29.2,84,26.2,35.4,0.00,31,15,0,18
2019-08-13T11:00,28.3,86,25.8,34.6,0.00,23,12,0,14
2019-08-13T12:00,28.3,88,26.2,35.3,0.00,10,5,0,16
2019-08-13T13:00,28.1,88,25.9,34.8,0.00,15,1,0,14
2019-08-13T14:00,27.6,90,25.7,34.1,0.00,14,1,0,13
2019-08-13T15:00,27.0,92,25.6,33.3,0.00,20,2,0,18
2019-08-13T16:00,26.9,92,25.5,33.2,0.00,13,2,0,11
2019-08-13T17:00,26.2,95,25.3,32.5,0.00,8,3,0,6
2019-08-13T18:00,26.0,95,25.1,32.0,0.00,10,4,0,6
2019-08-13T19:00,27.3,88,25.1,33.4,0.00,12,9,0,4
2019-08-13T20:00,25.8,94,24.8,31.6,0.00,8,7,0,1
2019-08-13T21:00,25.7,95,24.7,31.6,0.00,8,7,0,1
2019-08-13T22:00,26.4,91,24.9,32.6,0.00,11,8,1,3
2019-08-13T23:00,27.8,85,24.9,33.7,0.00,8,7,3,0
2019-08-14T00:00,29.3,77,25.0,34.8,0.00,27,0,0,0
2019-08-14T01:00,30.7,73,25.3,36.1,0.00,2,0,2,0
2019-08-14T02:00,32.0,67,25.0,37.5,0.10,20,4,19,0
2019-08-14T03:00,32.5,66,25.3,38.3,0.00,10,3,9,0
2019-08-14T04:00,33.1,63,25.0,39.0,0.00,16,7,13,2
2019-08-14T05:00,33.3,63,25.3,39.4,0.00,12,2,10,2
2019-08-14T06:00,32.9,67,25.8,39.0,0.00,18,4,6,12
2019-08-14T07:00,32.4,68,25.7,38.3,0.00,14,3,4,10
2019-08-14T08:00,31.8,71,25.8,37.3,0.00,9,4,3,4
2019-08-14T09:00,30.9,77,26.4,37.1,0.00,20,3,3,16
2019-08-14T10:00,29.6,83,26.4,36.3,0.70,75,24,16,63
2019-08-14T11:00,28.7,86,26.2,34.6,0.20,82,19,2,80
2019-08-14T12:00,28.6,92,27.1,35.9,0.00,47,19,6,100
2019-08-14T13:00,28.5,89,26.6,35.7,0.00,100,6,1,100
2019-08-14T14:00,27.6,93,26.4,34.7,0.00,99,3,3,99
2019-08-14T15:00,27.4,93,26.2,34.3,0.00,100,5,3,100
2019-08-14T16:00,27.9,89,25.9,35.0,0.00,99,7,4,99
2019-08-14T17:00,26.5,95,25.6,33.0,0.00,100,8,10,100
2019-08-14T18:00,26.1,96,25.4,32.5,0.00,25,18,9,6
2019-08-14T19:00,26.1,97,25.5,32.6,0.10,28,18,17,3
2019-08-14T20:00,26.1,96,25.4,32.7,0.00,19,6,13,6
2019-08-14T21:00,26.3,93,25.1,32.4,0.00,34,12,25,7
2019-08-14T22:00,26.5,90,24.7,32.0,0.10,39,14,35,0
2019-08-14T23:00,27.4,85,24.6,33.0,0.00,27,0,27,0
2019-08-15T00:00,28.5,82,25.1,34.7,0.00,21,2,38,2
2019-08-15T01:00,29.8,75,24.9,36.2,0.00,93,0,22,91
2019-08-15T02:00,31.0,70,24.9,37.3,0.00,71,4,11,69
2019-08-15T03:00,32.3,66,25.1,39.8,0.00,75,6,15,72
2019-08-15T04:00,31.6,72,25.8,38.2,1.90,60,35,32,48
2019-08-15T05:00,31.0,73,25.7,38.3,0.40,74,22,37,65
2019-08-15T06:00,31.4,71,25.5,37.9,0.10,100,41,51,100
2019-08-15T07:00,30.0,78,25.7,36.3,7.00,98,15,21,97
2019-08-15T08:00,28.6,85,25.9,35.3,12.30,99,40,53,99
2019-08-15T09:00,27.7,88,25.5,34.5,1.50,97,15,53,96
2019-08-15T10:00,27.6,90,25.8,34.4,0.40,91,35,14,88
2019-08-15T11:00,27.2,93,26.0,33.9,0.10,92,20,15,90
2019-08-15T12:00,27.5,95,26.7,34.9,0.10,96,14,21,35
2019-08-15T13:00,27.6,93,26.4,34.4,0.00,39,10,19,27
2019-08-15T14:00,26.9,97,26.3,34.1,0.00,54,18,29,42
2019-08-15T15:00,26.8,96,26.2,33.7,0.10,95,16,34,94
2019-08-15T16:00,26.7,95,25.9,33.6,0.00,91,4,6,90
2019-08-15T17:00,26.2,95,25.4,32.7,0.00,83,7,2,82
2019-08-15T18:00,26.7,88,24.5,32.1,0.00,90,3,11,89
2019-08-15T19:00,26.6,86,24.1,31.5,0.00,89,2,9,88
2019-08-15T20:00,26.6,84,23.7,31.0,0.00,98,1,4,97
2019-08-15T21:00,25.9,87,23.5,30.8,0.00,85,0,1,85
2019-08-15T22:00,26.2,88,24.0,31.6,0.00,74,0,3,73
2019-08-15T23:00,27.8,82,24.4,34.0,0.00,54,0,6,52
2019-08-16T00:00,29.2,73,24.0,35.0,0.00,75,17,48,33
2019-08-16T01:00,28.8,74,23.8,34.3,0.90,75,5,73,30
2019-08-16T02:00,29.0,72,23.5,34.5,0.00,82,5,16,79
2019-08-16T03:00,30.9,66,23.7,37.8,0.00,53,4,22,45
2019-08-16T04:00,32.2,63,24.2,38.7,0.10,69,50,65,20
2019-08-16T05:00,29.2,81,25.7,35.1,3.50,85,45,75,53
2019-08-16T06:00,29.6,82,26.2,35.9,1.20,99,22,36,99
2019-08-16T07:00,29.1,83,25.8,35.8,1.70,99,47,41,98
2019-08-16T08:00,29.3,79,25.3,35.2,3.20,98,59,11,96
2019-08-16T09:00,28.5,84,25.5,35.4,0.40,97,14,11,97
2019-08-16T10:00,28.4,86,25.8,35.4,0.00,100,1,1,100
2019-08-16T11:00,27.3,94,26.3,34.4,0.00,100,3,1,100
2019-08-16T12:00,27.8,96,27.1,35.5,0.10,99,10,4,6
2019-08-16T13:00,27.3,93,26.2,34.0,0.70,64,62,23,17
2019-08-16T14:00,26.4,94,25.3,32.6,1.50,86,79,80,21
2019-08-16T15:00,26.4,93,25.2,32.8,0.20,73,2,69,19
2019-08-16T16:00,26.3,93,25.1,32.5,0.00,25,8,8,20
2019-08-16T17:00,26.4,87,24.1,31.5,0.00,42,1,2,41
2019-08-16T18:00,26.6,83,23.6,30.9,0.00,16,0,4,14
2019-08-16T19:00,26.9,81,23.4,30.7,0.00,12,0,10,6
2019-08-16T20:00,27.1,80,23.3,30.9,0.00,19,0,9,12
2019-08-16T21:00,27.2,78,22.9,30.9,0.00,21,0,2,19
2019-08-16T22:00,27.1,79,23.0,30.8,0.00,14,1,3,13
2019-08-16T23:00,28.4,79,24.3,33.1,0.00,13,0,1,12
2019-08-17T00:00,29.8,72,24.3,35.8,0.00,36,0,1,30
2019-08-17T01:00,31.4,68,24.9,37.4,0.00,11,0,2,10
2019-08-17T02:00,32.8,63,24.8,38.3,0.00,7,6,6,2
2019-08-17T03:00,32.8,64,25.1,38.3,0.00,9,4,5,4
2019-08-17T04:00,33.1,64,25.2,39.0,0.00,7,1,1,5
2019-08-17T05:00,32.9,64,25.2,38.9,0.10,21,3,4,19
2019-08-17T06:00,32.5,67,25.5,38.5,0.00,42,6,11,37
2019-08-17T07:00,31.4,72,25.8,37.0,1.10,74,11,24,67
2019-08-17T08:00,30.9,75,25.8,36.5,1.00,70,11,19,66
2019-08-17T09:00,30.1,79,26.1,36.3,1.60,80,13,14,77
2019-08-17T10:00,29.3,79,25.4,35.1,0.20,88,3,13,86
2019-08-17T11:00,28.5,81,25.0,34.3,0.00,88,2,10,88
2019-08-17T12:00,28.0,83,24.8,33.6,0.00,76,4,2,53
2019-08-17T13:00,27.6,84,24.7,33.1,0.00,77,3,2,76
2019-08-17T14:00,26.8,89,24.8,32.6,0.00,85,0,1,85
2019-08-17T15:00,26.5,90,24.8,32.4,0.00,63,2,1,62
2019-08-17T16:00,26.0,93,24.7,31.9,0.00,27,6,3,22
2019-08-17T17:00,25.3,95,24.4,31.0,0.00,24,5,4,20
2019-08-17T18:00,25.2,94,24.3,31.0,0.00,54,7,2,51
2019-08-17T19:00,25.2,94,24.2,30.9,0.00,19,10,1,14
2019-08-17T20:00,24.8,95,24.0,30.5,0.00,14,11,1,7
2019-08-17T21:00,24.6,96,23.9,30.3,0.00,37,16,9,28
2019-08-17T22:00,25.6,93,24.3,31.6,0.00,35,13,13,22
2019-08-17T23:00,26.7,87,24.4,32.8,0.00,27,8,19,11
2019-08-18T00:00,27.6,83,24.4,33.8,0.00,25,4,6,3
2019-08-18T01:00,29.2,78,24.9,35.4,0.00,44,7,20,28
2019-08-18T02:00,30.6,72,24.9,37.4,0.00,61,11,35,43
2019-08-18T03:00,31.5,69,25.2,38.2,0.00,82,12,55,67
2019-08-18T04:00,30.1,74,24.9,34.9,0.50,81,25,59,65
2019-08-18T05:00,30.2,75,25.2,35.5,0.70,92,57,65,83
2019-08-18T06:00,28.2,82,24.9,33.9,3.30,100,27,98,98
2019-08-18T07:00,28.4,80,24.7,34.8,0.50,100,22,100,97
2019-08-18T08:00,27.4,85,24.7,33.4,0.70,100,35,99,98
2019-08-18T09:00,26.7,90,25.0,32.6,0.50,99,21,95,98
2019-08-18T10:00,26.6,90,24.8,32.9,0.40,97,44,44,96
2019-08-18T11:00,26.4,91,24.7,32.8,0.50,88,59,50,75
2019-08-18T12:00,26.3,92,25.0,31.9,0.90,100,14,35,97
2019-08-18T13:00,26.2,93,25.0,32.2,0.10,98,2,47,97
2019-08-18T14:00,26.6,91,25.0,33.1,0.10,100,14,99,97
2019-08-18T15:00,26.3,95,25.4,32.8,0.40,98,5,63,98
2019-08-18T16:00,26.1,92,24.7,32.0,1.20,99,29,90,99
2019-08-18T17:00,25.6,96,25.0,31.6,1.80,100,30,83,100
2019-08-18T18:00,25.4,98,25.0,31.9,5.20,100,34,93,100
2019-08-18T19:00,25.4,97,24.9,31.5,5.90,100,4,96,100
2019-08-18T20:00,25.5,96,24.9,32.0,2.50,100,20,100,100
2019-08-18T21:00,25.8,94,24.8,32.3,1.20,100,7,97,100
2019-08-18T22:00,25.8,94,24.8,32.2,0.80,100,35,100,100
2019-08-18T23:00,26.2,92,24.8,32.7,1.00,100,93,98,100
2019-08-19T00:00,26.0,93,24.8,31.0,1.40,100,1,99,100
2019-08-19T01:00,26.7,93,25.5,32.4,1.40,96,0,61,96
2019-08-19T02:00,28.3,85,25.5,33.7,0.40,100,10,62,100
2019-08-19T03:00,29.7,81,26.1,36.0,0.20,100,11,45,99
2019-08-19T04:00,29.0,83,25.8,34.9,2.40,100,10,51,100
2019-08-19T05:00,28.6,80,24.8,33.2,1.80,100,1,45,99
2019-08-19T06:00,28.5,78,24.2,33.1,1.10,99,26,55,99
2019-08-19T07:00,27.9,82,24.5,32.4,0.70,100,16,45,100
2019-08-19T08:00,27.1,87,24.8,31.9,0.20,99,13,43,99
2019-08-19T09:00,27.2,87,24.8,32.2,0.10,100,1,26,100
2019-08-19T10:00,26.5,90,24.8,31.8,0.00,100,0,0,100
2019-08-19T11:00,26.1,92,24.6,31.2,0.60,100,0,0,100
2019-08-19T12:00,26.5,90,24.8,32.3,0.50,100,1,100,100
2019-08-19T13:00,26.3,91,24.7,32.2,0.20,100,0,98,100
2019-08-19T14:00,25.9,93,24.8,32.0,0.20,100,0,3,100
2019-08-19T15:00,25.1,96,24.4,30.8,0.10,67,0,17,62
2019-08-19T16:00,25.1,96,24.4,30.9,0.00,100,0,19,100
2019-08-19T17:00,26.0,93,24.8,32.5,0.00,100,3,2,100
2019-08-19T18:00,25.9,94,24.9,32.4,0.00,80,5,16,78
2019-08-19T19:00,25.8,96,25.1,32.5,0.00,82,15,19,77
2019-08-19T20:00,25.4,96,24.7,31.5,0.00,97,32,27,97
2019-08-19T21:00,24.7,95,23.9,30.0,0.00,96,17,24,96
2019-08-19T22:00,25.7,89,23.8,31.5,0.00,96,30,52,93
2019-08-19T23:00,26.2,87,23.9,32.1,0.40,95,43,26,92
2019-08-20T00:00,27.5,85,24.8,33.4,0.30,93,12,34,83
2019-08-20T01:00,28.7,81,25.1,35.1,0.10,97,92,36,80
2019-08-20T02:00,28.0,81,24.3,32.8,0.90,91,47,34,85
2019-08-20T03:00,28.5,84,25.5,34.3,0.30,92,13,54,87
2019-08-20T04:00,29.1,85,26.3,35.7,0.30,87,2,41,84
2019-08-20T05:00,28.5,84,25.6,34.3,3.90,89,19,40,84
2019-08-20T06:00,28.4,86,25.9,34.5,0.60,98,28,63,97
2019-08-20T07:00,27.7,84,24.8,33.1,0.30,99,40,59,97
2019-08-20T08:00,27.1,87,24.7,32.6,0.40,99,24,41,99
2019-08-20T09:00,26.7,89,24.7,32.1,0.50,96,25,54,95
2019-08-20T10:00,26.2,91,24.7,31.4,0.20,99,14,50,98
2019-08-20T11:00,25.9,93,24.7,31.1,0.10,100,10,84,100
2019-08-20T12:00,26.4,92,25.0,31.8,0.40,100,3,100,100
2019-08-20T13:00,26.5,92,25.1,32.1,0.40,100,0,85,100
2019-08-20T14:00,26.4,93,25.2,32.1,0.80,100,0,95,100
2019-08-20T15:00,26.3,92,25.0,31.8,1.40,100,0,100,100
2019-08-20T16:00,26.2,93,24.9,31.7,0.90,100,0,99,100
2019-08-20T17:00,26.0,94,24.9,32.1,0.50,98,0,85,97
2019-08-20T18:00,25.7,95,24.8,32.0,0.60,98,10,96,95
2019-08-20T19:00,25.3,98,24.9,31.3,0.50,63,23,52,24
2019-08-20T20:00,25.0,98,24.7,31.1,0.10,38,25,26,16
2019-08-20T21:00,25.1,97,24.6,31.0,0.00,58,25,32,35
2019-08-20T22:00,25.6,94,24.6,31.6,0.00,64,25,29,54
2019-08-20T23:00,26.3,92,24.8,32.4,0.00,73,15,33,62
2019-08-21T00:00,27.7,83,24.5,33.9,0.00,89,3,66,95
2019-08-21T01:00,28.7,79,24.8,34.8,0.00,99,3,25,98
2019-08-21T02:00,29.7,76,25.0,35.6,0.00,99,15,38,99
2019-08-21T03:00,30.5,73,25.2,36.5,0.00,98,8,21,98
2019-08-21T04:00,31.0,71,25.2,37.5,0.10,99,20,25,98
2019-08-21T05:00,30.6,73,25.3,36.6,1.20,99,20,48,98
2019-08-21T06:00,30.0,76,25.3,35.4,4.10,99,23,54,97
2019-08-21T07:00,30.3,72,24.6,35.3,0.10,99,24,23,98
2019-08-21T08:00,30.2,73,24.9,35.3,0.00,97,9,16,97
2019-08-21T09:00,29.8,76,25.0,34.9,0.00,98,58,30,95
2019-08-21T10:00,28.6,82,25.2,33.7,0.00,88,1,20,85
2019-08-21T11:00,27.6,85,24.8,32.8,0.00,80,1,4,79
2019-08-21T12:00,26.8,86,24.4,31.7,0.00,66,1,13,86
2019-08-21T13:00,26.5,88,24.3,31.6,0.00,85,0,0,85
2019-08-21T14:00,26.2,89,24.3,31.6,0.00,80,3,0,79
2019-08-21T15:00,25.7,92,24.4,31.4,0.00,84,16,1,81
2019-08-21T16:00,25.0,95,24.1,30.3,0.00,85,51,7,77
2019-08-21T17:00,25.3,94,24.2,30.9,0.00,71,41,17,50
2019-08-21T18:00,25.5,93,24.3,31.3,0.00,30,22,10,10
2019-08-21T19:00,25.5,94,24.5,31.4,0.00,30,16,7,17
2019-08-21T20:00,25.4,94,24.4,31.2,0.00,26,8,7,18
2019-08-21T21:00,25.2,94,24.3,30.8,0.00,23,7,7,16
2019-08-21T22:00,25.9,94,24.8,32.1,0.00,23,0,9,16
2019-08-21T23:00,27.5,87,25.1,33.8,0.00,30,0,6,26
2019-08-22T00:00,29.3,80,25.5,35.1,0.00,24,1,0,29
2019-08-22T01:00,30.7,73,25.4,36.0,0.00,21,7,0,15
2019-08-22T02:00,31.7,69,25.3,37.2,0.00,36,12,0,28
2019-08-22T03:00,31.9,68,25.1,36.6,0.00,5,5,2,0
2019-08-22T04:00,32.0,68,25.4,37.4,0.00,4,4,0,0
2019-08-22T05:00,32.1,66,25.0,36.7,0.00,6,6,3,0
2019-08-22T06:00,31.9,67,25.0,36.5,0.00,29,28,11,0
2019-08-22T07:00,31.5,69,25.1,35.7,0.00,7,6,2,0
2019-08-22T08:00,30.7,72,25.1,34.6,0.00,6,5,1,0
2019-08-22T09:00,29.7,76,25.1,34.1,0.00,5,3,4,0
2019-08-22T10:00,28.6,79,24.5,33.0,0.00,4,4,3,0
2019-08-22T11:00,27.8,81,24.2,32.4,0.00,9,8,2,0
2019-08-22T12:00,27.7,84,24.7,32.5,0.00,3,2,0,0
2019-08-22T13:00,27.8,83,24.7,32.3,0.00,0,0,0,0
2019-08-22T14:00,27.7,84,24.7,32.2,0.00,2,1,0,0
2019-08-22T15:00,27.5,84,24.5,31.9,0.00,0,0,0,0
2019-08-22T16:00,27.2,84,24.3,31.7,0.00,3,3,0,0
2019-08-22T17:00,26.9,85,24.2,31.4,0.00,1,1,0,0
2019-08-22T18:00,26.6,86,24.2,31.2,0.00,2,2,0,0
2019-08-22T19:00,26.4,89,24.4,31.2,0.00,1,1,0,0
2019-08-22T20:00,26.3,90,24.5,31.2,0.00,1,1,0,0
2019-08-22T21:00,26.1,91,24.6,30.9,0.00,0,0,0,0
2019-08-22T22:00,26.4,91,24.7,30.9,0.00,0,0,0,0
2019-08-22T23:00,28.1,85,25.3,32.8,0.00,7,7,0,0
2019-08-23T00:00,29.6,79,25.5,34.3,0.00,9,5,2,0
2019-08-23T01:00,30.7,72,25.0,34.6,0.00,4,4,1,0
2019-08-23T02:00,31.3,70,25.2,36.1,0.00,2,2,1,0
2019-08-23T03:00,31.3,71,25.4,36.5,0.00,14,3,13,0
2019-08-23T04:00,31.5,71,25.5,37.0,0.00,37,37,5,0
2019-08-23T05:00,30.9,73,25.5,36.0,0.00,43,35,39,0
2019-08-23T06:00,30.7,74,25.5,35.5,0.00,29,22,24,0
2019-08-23T07:00,30.5,73,25.2,34.8,0.00,27,27,1,0
2019-08-23T08:00,30.1,75,25.2,34.0,0.10,30,27,23,0
2019-08-23T09:00,29.2,80,25.3,33.4,0.10,31,30,23,0
2019-08-23T10:00,28.1,83,25.0,32.2,0.10,23,22,5,0
2019-08-23T11:00,27.5,86,25.0,31.4,0.10,41,0,9,37
2019-08-23T12:00,27.3,87,25.0,31.7,0.10,35,5,2,0
2019-08-23T13:00,27.6,87,25.2,32.1,0.00,1,0,1,0
2019-08-23T14:00,27.6,88,25.4,32.0,0.00,18,17,8,0
2019-08-23T15:00,27.6,87,25.3,31.8,0.10,38,14,29,14
2019-08-23T16:00,27.3,87,24.8,30.9,0.40,39,5,32,18
2019-08-23T17:00,27.1,87,24.7,30.9,0.30,21,1,14,10
2019-08-23T18:00,27.1,88,25.0,30.9,0.20,8,0,5,4
2019-08-23T19:00,27.0,87,24.6,30.3,0.30,13,5,11,2
2019-08-23T20:00,26.9,88,24.8,30.1,0.50,22,0,13,11
2019-08-23T21:00,27.1,88,24.9,30.1,0.20,20,1,6,16
2019-08-23T22:00,27.0,88,24.8,29.8,0.30,43,13,9,34
2019-08-23T23:00,27.8,87,25.5,30.7,0.30,60,25,17,49
2019-08-24T00:00,28.3,84,25.3,31.4,0.70,82,2,22,84
2019-08-24T01:00,28.8,80,25.0,30.9,0.60,97,78,33,94
2019-08-24T02:00,29.0,80,25.2,31.5,0.50,95,20,41,93
2019-08-24T03:00,29.9,75,24.9,31.9,1.10,96,13,34,95
2019-08-24T04:00,29.8,77,25.3,31.8,1.10,100,7,54,100
2019-08-24T05:00,29.7,78,25.3,31.6,0.60,100,32,65,100
2019-08-24T06:00,29.2,80,25.3,30.9,0.30,100,20,19,100
2019-08-24T07:00,29.2,80,25.4,30.8,0.60,100,27,45,100
2019-08-24T08:00,28.6,80,24.8,29.7,0.50,100,23,35,100
2019-08-24T09:00,28.3,82,24.9,29.4,0.20,100,57,26,100
2019-08-24T10:00,28.3,84,25.3,30.9,0.40,100,97,24,100
2019-08-24T11:00,28.4,83,25.3,31.3,0.70,100,100,27,100
2019-08-24T12:00,27.7,84,24.6,29.0,1.20,100,0,4,100
2019-08-24T13:00,27.7,82,24.4,28.8,1.10,100,0,2,100
2019-08-24T14:00,27.5,82,24.3,28.1,0.50,100,17,4,100
2019-08-24T15:00,27.4,82,24.1,27.7,0.40,100,31,1,100
2019-08-24T16:00,27.4,83,24.3,28.4,0.40,100,23,2,100
2019-08-24T17:00,27.5,83,24.4,28.1,0.60,100,46,0,100
2019-08-24T18:00,27.5,83,24.3,28.6,0.40,100,14,4,100
2019-08-24T19:00,27.1,84,24.2,30.5,0.10,100,15,8,100
2019-08-24T20:00,26.9,85,24.2,30.8,0.10,99,11,7,98
2019-08-24T21:00,26.8,86,24.2,30.9,0.10,98,5,4,98
2019-08-24T22:00,26.7,87,24.4,31.7,0.00,97,10,1,96
2019-08-24T23:00,27.5,87,25.1,33.2,0.10,99,46,2,99
2019-08-25T00:00,28.7,84,25.7,34.9,0.10,98,93,24,97
2019-08-25T01:00,29.8,79,25.8,35.8,0.00,99,91,27,98
2019-08-25T02:00,30.5,75,25.6,36.9,0.10,80,68,33,61
2019-08-25T03:00,31.3,72,25.6,38.7,0.10,96,68,44,92
2019-08-25T04:00,31.6,72,25.9,39.2,0.20,95,28,48,91
2019-08-25T05:00,32.3,69,25.9,40.5,0.10,92,32,30,88
2019-08-25T06:00,32.6,67,25.6,40.4,0.00,93,37,39,88
2019-08-25T07:00,32.4,67,25.5,38.8,0.10,95,41,44,91
2019-08-25T08:00,31.5,69,25.0,37.5,0.10,99,2,18,99
2019-08-25T09:00,31.0,72,25.4,37.3,0.00,96,1,14,96
2019-08-25T10:00,29.7,76,25.1,35.7,0.00,100,1,30,100
2019-08-25T11:00,29.9,74,24.8,36.0,0.00,98,0,33,97
2019-08-25T12:00,29.4,71,23.6,34.9,0.00,100,1,45,96
2019-08-25T13:00,28.3,80,24.5,34.1,0.00,97,2,20,96
2019-08-25T14:00,27.9,83,24.8,33.6,0.00,97,3,8,97
2019-08-25T15:00,27.5,87,25.2,33.4,0.00,76,5,7,75
2019-08-25T16:00,27.0,90,25.3,33.1,0.00,92,1,11,91
2019-08-25T17:00,27.4,88,25.3,34.2,0.00,96,34,12,95
2019-08-25T18:00,26.4,95,25.5,33.0,0.00,98,38,14,96
2019-08-25T19:00,26.5,93,25.3,33.0,0.00,95,13,17,94
2019-08-25T20:00,26.5,92,25.2,32.8,0.00,95,21,18,93
2019-08-25T21:00,26.3,92,24.9,32.3,0.00,97,5,7,97
2019-08-25T22:00,26.6,91,25.1,32.6,0.00,96,4,4,96
2019-08-25T23:00,28.0,87,25.5,34.4,0.00,94,5,7,94
2019-08-26T00:00,29.2,77,24.6,35.4,0.00,93,7,7,92
2019-08-26T01:00,30.4,72,24.7,36.4,0.00,95,10,7,95
2019-08-26T02:00,31.2,70,25.0,37.8,0.00,97,33,7,96
2019-08-26T03:00,31.2,70,25.0,37.2,0.20,87,31,40,77
2019-08-26T04:00,31.1,72,25.3,37.2,0.30,54,32,34,22
2019-08-26T05:00,31.2,71,25.2,37.3,0.30,66,49,43,49
2019-08-26T06:00,30.6,73,25.1,36.3,0.30,85,19,55,77
2019-08-26T07:00,30.9,71,25.0,36.6,0.20,76,57,69,38
2019-08-26T08:00,30.1,74,25.0,36.1,0.10,69,43,65,19
2019-08-26T09:00,29.9,75,25.0,36.1,0.00,89,3,42,86
2019-08-26T10:00,29.1,88,26.8,36.8,0.00,96,4,36,94
2019-08-26T11:00,29.2,76,24.6,35.4,0.00,92,6,6,91
2019-08-26T12:00,28.0,91,26.3,35.0,0.00,67,22,19,35
2019-08-26T13:00,28.4,85,25.7,35.4,0.00,20,20,12,0
2019-08-26T14:00,27.1,93,25.8,33.8,0.00,9,9,4,0
2019-08-26T15:00,27.0,90,25.2,33.1,0.00,3,1,2,0
2019-08-26T16:00,26.7,88,24.5,32.3,0.00,2,2,0,0
2019-08-26T17:00,26.4,89,24.3,31.9,0.00,6,6,0,0
2019-08-26T18:00,26.2,89,24.2,31.5,0.00,3,3,0,0
2019-08-26T19:00,25.9,90,24.1,31.2,0.00,2,2,0,0
2019-08-26T20:00,25.2,93,23.9,30.5,0.00,18,7,0,11
2019-08-26T21:00,24.5,95,23.6,29.5,0.00,28,10,0,20
2019-08-26T22:00,25.2,94,24.2,30.9,0.00,25,9,0,17
2019-08-26T23:00,27.4,85,24.7,33.0,0.00,30,1,0,29
2019-08-27T00:00,29.2,77,24.6,33.6,0.00,6,5,0,0
2019-08-27T01:00,30.2,72,24.5,34.4,0.00,5,5,0,0
2019-08-27T02:00,31.1,69,24.6,36.3,0.00,2,2,0,0
2019-08-27T03:00,31.8,66,24.6,37.8,0.00,0,0,0,0
2019-08-27T04:00,32.3,64,24.6,39.0,0.00,5,5,0,0
2019-08-27T05:00,32.3,64,24.6,38.6,0.00,54,7,0,51
2019-08-27T06:00,31.7,65,24.3,36.7,0.00,4,4,0,0
2019-08-27T07:00,30.6,67,23.9,34.1,0.00,1,1,0,0
2019-08-27T08:00,29.9,69,23.6,32.5,0.00,3,3,0,0
2019-08-27T09:00,29.0,74,23.8,32.2,0.00,1,1,0,0
2019-08-27T10:00,28.0,76,23.3,31.4,0.00,5,5,0,0
2019-08-27T11:00,27.2,81,23.6,31.1,0.00,4,4,0,0
2019-08-27T12:00,27.2,82,23.9,31.5,0.00,8,3,0,0
2019-08-27T13:00,27.4,81,23.8,31.5,0.00,10,10,0,0
2019-08-27T14:00,27.3,81,23.8,31.1,0.00,7,7,0,0
2019-08-27T15:00,27.3,81,23.8,31.2,0.00,18,18,0,0
2019-08-27T16:00,27.4,80,23.7,31.4,0.00,21,21,0,0
2019-08-27T17:00,27.2,81,23.7,31.8,0.00,11,11,0,0
2019-08-27T18:00,27.0,83,23.9,31.7,0.00,8,8,0,0
2019-08-27T19:00,27.1,83,24.0,31.6,0.00,8,8,0,0
2019-08-27T20:00,27.0,83,24.0,31.4,0.00,20,10,0,11
2019-08-27T21:00,26.9,84,23.9,31.2,0.00,9,9,0,0
2019-08-27T22:00,27.1,83,24.0,31.1,0.00,13,13,0,0
2019-08-27T23:00,28.4,79,24.5,32.5,0.00,25,24,0,2
2019-08-28T00:00,29.8,75,24.8,33.6,0.00,13,5,0,0
2019-08-28T01:00,30.9,71,25.0,34.8,0.00,2,2,0,0
2019-08-28T02:00,31.6,68,25.1,36.3,0.00,2,2,0,0
2019-08-28T03:00,31.9,68,25.2,36.6,0.00,4,4,0,0
2019-08-28T04:00,31.8,68,25.3,36.6,0.00,6,6,0,0
2019-08-28T05:00,31.7,69,25.3,36.0,0.00,2,2,0,0
2019-08-28T06:00,31.4,70,25.3,35.6,0.00,18,18,0,0
2019-08-28T07:00,31.1,71,25.3,34.8,0.00,21,21,0,0
2019-08-28T08:00,30.7,73,25.2,34.1,0.00,26,26,0,0
2019-08-28T09:00,30.0,75,25.0,34.2,0.00,12,12,0,0
2019-08-28T10:00,29.1,76,24.4,33.1,0.00,10,10,0,0
2019-08-28T11:00,28.5,79,24.5,32.7,0.00,13,13,0,0
2019-08-28T12:00,28.0,83,24.9,33.4,0.00,17,34,26,0
2019-08-28T13:00,28.1,83,25.0,33.8,0.10,46,41,40,0
2019-08-28T14:00,27.9,84,24.9,33.4,0.10,19,19,0,0
2019-08-28T15:00,27.6,85,24.9,32.8,0.00,19,19,3,0
2019-08-28T16:00,27.6,85,24.8,32.6,0.00,18,15,5,3
2019-08-28T17:00,27.5,84,24.6,32.5,0.00,33,20,5,16
2019-08-28T18:00,27.2,86,24.6,32.3,0.00,55,18,4,45
2019-08-28T19:00,26.7,89,24.7,32.1,0.00,36,13,6,26
2019-08-28T20:00,26.4,90,24.6,31.9,0.00,31,12,8,21
2019-08-28T21:00,25.9,93,24.6,31.5,0.00,10,9,8,0
2019-08-28T22:00,26.1,94,25.0,32.3,0.00,11,5,10,0
2019-08-28T23:00,27.5,87,25.2,33.9,0.00,11,1,11,0
2019-08-29T00:00,28.9,77,24.4,35.1,0.00,6,1,1,0
2019-08-29T01:00,30.7,71,24.8,37.2,0.00,2,1,1,0
2019-08-29T02:00,31.7,67,24.9,38.4,0.00,42,7,1,37
2019-08-29T03:00,32.3,67,25.3,38.6,0.10,66,21,30,49
2019-08-29T04:00,32.8,63,24.9,38.1,0.20,64,25,31,53
2019-08-29T05:00,32.1,66,25.0,36.6,0.20,47,29,40,11
2019-08-29T06:00,31.5,70,25.2,35.9,0.40,56,34,51,18
2019-08-29T07:00,30.6,73,25.2,34.7,0.30,76,57,70,20
2019-08-29T08:00,30.3,75,25.4,35.5,0.00,31,7,18,19
2019-08-29T09:00,30.2,76,25.6,36.2,0.00,28,5,8,22
2019-08-29T10:00,30.2,74,24.9,36.8,0.00,23,4,9,18
2019-08-29T11:00,28.2,87,25.9,34.8,0.00,27,13,12,16
2019-08-29T12:00,27.9,82,24.6,33.0,0.00,29,9,19,28
2019-08-29T13:00,27.7,84,24.6,32.8,0.00,41,11,27,25
2019-08-29T14:00,27.7,85,25.0,33.4,0.00,45,23,18,29
2019-08-29T15:00,27.3,89,25.3,33.6,0.00,30,14,22,13
2019-08-29T16:00,27.0,91,25.3,33.3,0.00,24,14,14,8
2019-08-29T17:00,27.6,87,25.2,34.3,0.00,18,11,7,6
2019-08-29T18:00,26.0,95,25.1,31.9,0.00,14,11,8,2
2019-08-29T19:00,26.2,92,24.8,31.9,0.50,100,99,100,13
2019-08-29T20:00,25.4,95,24.6,31.0,1.50,100,100,3,24
2019-08-29T21:00,25.4,96,24.7,31.9,0.10,95,94,11,35
2019-08-29T22:00,25.6,94,24.6,32.0,0.00,53,24,24,40
2019-08-29T23:00,26.6,90,24.8,33.0,0.00,68,36,14,60
2019-08-30T00:00,27.9,87,25.6,34.4,0.00,100,100,15,44
2019-08-30T01:00,28.9,87,26.5,36.2,0.10,98,89,8,97
2019-08-30T02:00,30.1,80,26.4,37.7,0.00,99,82,7,98
2019-08-30T03:00,28.7,81,25.1,33.8,2.30,100,98,98,96
2019-08-30T04:00,27.7,87,25.3,34.4,1.20,100,84,20,100
2019-08-30T05:00,27.5,87,25.1,33.9,1.90,100,44,12,100
2019-08-30T06:00,27.7,87,25.4,34.3,0.20,100,28,12,100
2019-08-30T07:00,28.3,86,25.6,35.1,1.00,100,85,56,100
2019-08-30T08:00,27.3,90,25.6,33.5,0.80,100,67,59,100
2019-08-30T09:00,27.0,89,24.9,33.3,1.20,100,1,13,100
2019-08-30T10:00,26.4,93,25.3,33.0,0.00,100,9,9,100
2019-08-30T11:00,26.1,93,24.9,32.3,0.00,100,22,16,100
2019-08-30T12:00,27.4,91,25.8,33.6,0.00,100,11,8,100
2019-08-30T13:00,27.1,92,25.7,32.8,0.00,97,1,2,97
2019-08-30T14:00,26.8,92,25.4,32.0,0.00,98,2,1,98
2019-08-30T15:00,26.7,91,25.1,31.7,0.00,96,0,4,96
2019-08-30T16:00,26.5,90,24.8,30.9,0.00,97,1,9,97
2019-08-30T17:00,26.4,90,24.6,30.7,0.00,98,0,10,98
2019-08-30T18:00,26.2,91,24.6,30.6,0.00,98,1,4,98
2019-08-30T19:00,26.0,92,24.5,30.4,0.00,97,1,5,97
2019-08-30T20:00,25.8,93,24.5,30.3,0.00,94,3,3,93
2019-08-30T21:00,26.1,91,24.5,30.4,0.00,52,6,2,49
2019-08-30T22:00,26.2,90,24.5,30.5,0.00,30,4,6,25
2019-08-30T23:00,27.4,87,25.1,31.9,0.00,26,2,5,23
2019-08-31T00:00,29.0,79,25.0,33.1,0.00,10,11,10,18
2019-08-31T01:00,29.9,74,24.7,33.4,0.00,33,9,11,24
2019-08-31T02:00,30.4,72,24.7,34.4,0.00,32,11,11,22
2019-08-31T03:00,30.9,71,24.9,35.4,0.00,11,9,10,0
2019-08-31T04:00,31.4,68,24.7,36.2,0.00,8,7,1,0
2019-08-31T05:00,31.3,68,24.7,36.0,0.00,45,6,0,42
2019-08-31T06:00,31.1,68,24.5,35.4,0.00,15,6,0,10
2019-08-31T07:00,30.6,70,24.5,34.3,0.00,48,8,0,45
2019-08-31T08:00,29.9,73,24.5,33.5,0.00,35,15,0,30
2019-08-31T09:00,29.1,76,24.4,32.8,0.00,94,11,0,94
2019-08-31T10:00,28.2,77,23.8,31.4,0.00,94,10,1,94
2019-08-31T11:00,27.5,80,23.8,30.7,0.00,92,0,1,92
2019-08-31T12:00,27.5,81,24.0,30.2,0.00,93,2,1,7
2019-08-31T13:00,27.5,81,23.9,30.3,0.00,49,2,0,48
2019-08-31T14:00,27.3,81,23.7,30.4,0.00,7,5,1,2
2019-08-31T15:00,27.1,81,23.6,30.4,0.00,37,3,1,35
2019-08-31T16:00,26.9,82,23.6,30.2,0.00,57,6,2,55
2019-08-31T17:00,26.8,82,23.5,29.7,0.00,46,17,3,37
2019-08-31T18:00,26.8,83,23.7,29.8,0.00,45,20,2,37
2019-08-31T19:00,26.7,84,23.8,29.9,0.00,20,18,1,4
2019-08-31T20:00,26.5,83,23.4,30.0,0.00,3,1,2,1
2019-08-31T21:00,26.1,84,23.2,30.0,0.00,5,3,2,0
2019-08-31T22:00,26.1,85,23.3,29.8,0.00,13,12,2,0
2019-08-31T23:00,27.5,81,24.0,31.2,0.00,9,4,8,0
2019-09-01T00:00,29.3,75,24.4,33.7,0.00,7,3,1,0
2019-09-01T01:00,30.4,71,24.6,34.2,0.00,8,8,1,0
2019-09-01T02:00,31.1,68,24.5,34.9,0.00,15,15,1,0
2019-09-01T03:00,31.3,67,24.5,35.1,0.00,23,21,5,0
2019-09-01T04:00,31.4,67,24.5,35.4,0.00,11,11,2,0
2019-09-01T05:00,31.1,69,24.7,34.9,0.00,9,8,3,0
2019-09-01T06:00,30.9,71,25.0,35.7,0.00,2,1,2,0
2019-09-01T07:00,30.7,70,24.6,34.2,0.00,17,15,3,1
2019-09-01T08:00,29.8,74,24.7,33.4,0.00,13,12,2,0
2019-09-01T09:00,29.0,77,24.6,33.0,0.00,24,23,2,2
2019-09-01T10:00,28.1,78,23.9,31.9,0.00,22,18,2,8
2019-09-01T11:00,27.6,80,23.8,31.3,0.00,33,21,1,20
2019-09-01T12:00,27.4,82,24.0,31.2,0.00,73,19,2,88
2019-09-01T13:00,27.6,80,23.8,31.3,0.00,90,21,1,89
2019-09-01T14:00,27.4,80,23.7,30.5,0.00,95,16,3,94
2019-09-01T15:00,27.0,81,23.5,30.4,0.00,59,21,3,51
2019-09-01T16:00,26.7,81,23.2,31.1,0.00,72,14,3,68
2019-09-01T17:00,26.0,85,23.3,30.8,0.00,69,11,1,66
2019-09-01T18:00,25.9,86,23.3,30.4,0.00,46,13,1,39
2019-09-01T19:00,25.8,86,23.3,30.4,0.00,63,17,1,57
2019-09-01T20:00,25.8,85,23.1,30.4,0.00,57,12,1,52
2019-09-01T21:00,25.9,85,23.2,30.4,0.00,65,14,3,60
2019-09-01T22:00,26.0,87,23.6,30.5,0.00,63,10,2,60
2019-09-01T23:00,27.4,83,24.2,32.1,0.00,74,19,1,69
2019-09-02T00:00,29.2,75,24.4,33.5,0.00,61,14,3,1
2019-09-02T01:00,30.5,69,24.1,34.0,0.00,31,3,1,29
2019-09-02T02:00,31.2,67,24.4,35.3,0.00,43,1,1,43
2019-09-02T03:00,31.5,66,24.5,35.9,0.00,29,3,2,27
2019-09-02T04:00,31.4,67,24.6,35.9,0.00,38,9,1,34
2019-09-02T05:00,31.6,66,24.5,36.2,0.00,17,8,0,10
2019-09-02T06:00,31.2,67,24.4,35.3,0.00,8,8,0,0
2019-09-02T07:00,30.9,68,24.3,34.5,0.00,16,15,0,3
2019-09-02T08:00,30.2,71,24.2,33.4,0.00,17,12,1,10
2019-09-02T09:00,29.4,74,24.2,33.2,0.00,27,15,0,19
2019-09-02T10:00,28.4,76,23.7,31.8,0.00,20,20,0,1
2019-09-02T11:00,27.8,79,23.9,31.3,0.00,9,9,1,0
2019-09-02T12:00,27.7,81,24.2,31.8,0.00,9,2,0,0
2019-09-02T13:00,27.7,80,23.9,31.6,0.00,3,3,0,0
2019-09-02T14:00,27.2,81,23.7,31.5,0.00,3,3,0,0
2019-09-02T15:00,26.8,83,23.6,31.4,0.00,4,2,1,1
2019-09-02T16:00,26.6,83,23.4,30.7,0.00,2,1,1,0
2019-09-02T17:00,26.6,82,23.3,30.4,0.00,11,8,1,2
2019-09-02T18:00,26.6,85,23.8,30.7,0.00,13,3,3,10
2019-09-02T19:00,26.6,86,24.0,30.6,0.00,16,2,7,11
2019-09-02T20:00,26.4,85,23.7,29.9,0.00,24,0,5,20
2019-09-02T21:00,26.4,85,23.7,29.7,0.00,69,2,5,67
2019-09-02T22:00,26.5,84,23.6,29.5,0.00,81,0,8,80
2019-09-02T23:00,27.4,83,24.3,30.9,0.00,86,13,7,84
2019-09-03T00:00,29.2,75,24.3,32.4,0.00,75,3,4,72
2019-09-03T01:00,29.9,72,24.3,32.7,0.00,70,5,3,68
2019-09-03T02:00,30.5,70,24.3,33.9,0.00,65,5,4,63
2019-09-03T03:00,31.0,68,24.5,35.3,0.00,78,23,14,72
2019-09-03T04:00,30.6,69,24.4,34.7,0.00,88,9,17,86
2019-09-03T05:00,30.4,70,24.4,33.9,0.00,81,12,18,77
2019-09-03T06:00,30.3,71,24.4,33.8,0.10,78,7,19,75
2019-09-03T07:00,29.7,74,24.6,33.0,0.10,82,7,10,82
2019-09-03T08:00,29.0,76,24.3,31.9,0.00,91,3,22,89
2019-09-03T09:00,28.0,81,24.3,31.5,0.10,82,3,8,81
2019-09-03T10:00,27.1,83,24.0,30.7,0.00,97,0,8,97
2019-09-03T11:00,26.6,85,24.0,30.2,0.00,100,2,9,100
2019-09-03T12:00,26.9,85,24.1,31.1,0.00,98,6,6,94
2019-09-03T13:00,27.0,85,24.2,31.3,0.00,99,10,10,99
2019-09-03T14:00,26.8,86,24.3,31.0,0.00,90,13,24,88
2019-09-03T15:00,26.6,86,24.0,30.6,0.00,94,6,6,94
2019-09-03T16:00,26.2,87,23.9,30.3,0.00,93,1,4,92
2019-09-03T17:00,25.9,88,23.8,30.1,0.00,96,2,5,96
2019-09-03T18:00,25.7,89,23.8,30.4,0.00,99,6,8,99
2019-09-03T19:00,25.7,90,23.9,30.0,0.10,94,17,47,91
2019-09-03T20:00,25.5,89,23.6,29.6,0.20,60,0,20,51
2019-09-03T21:00,25.2,91,23.7,29.5,0.10,58,0,22,47
2019-09-03T22:00,25.4,91,23.8,29.7,0.10,77,2,29,70
2019-09-03T23:00,26.5,87,24.2,30.8,0.10,89,2,37,84
2019-09-04T00:00,27.5,83,24.4,32.0,0.10,98,15,40,62
2019-09-04T01:00,28.8,79,24.8,33.5,0.00,34,0,22,22
2019-09-04T02:00,28.7,81,25.0,33.0,2.10,81,4,21,78
2019-09-04T03:00,28.8,80,25.0,33.7,1.30,59,1,26,51
2019-09-04T04:00,29.6,76,25.0,34.6,0.20,69,2,34,56
2019-09-04T05:00,29.4,79,25.3,34.7,1.20,93,12,42,92
2019-09-04T06:00,28.6,81,25.0,33.1,2.00,98,4,42,98
2019-09-04T07:00,27.1,86,24.5,31.0,0.60,96,5,48,94
2019-09-04T08:00,27.0,85,24.4,31.1,0.10,96,10,18,96
2019-09-04T09:00,26.9,86,24.4,31.5,0.00,99,62,23,98
2019-09-04T10:00,26.5,88,24.3,31.5,0.10,95,19,18,94
2019-09-04T11:00,26.1,89,24.2,31.2,0.10,97,22,23,97
2019-09-04T12:00,25.7,91,24.2,31.0,0.10,96,23,25,92
2019-09-04T13:00,25.6,92,24.2,30.7,0.00,83,16,29,78
2019-09-04T14:00,25.5,93,24.2,30.3,0.10,41,13,32,16
2019-09-04T15:00,25.2,94,24.2,30.3,0.10,53,14,41,28
2019-09-04T16:00,25.2,94,24.2,30.3,0.20,57,14,43,32
2019-09-04T17:00,25.0,94,24.0,30.4,0.20,52,8,42,27
2019-09-04T18:00,24.9,95,24.0,30.4,0.30,59,22,55,0
2019-09-04T19:00,25.3,94,24.4,31.3,0.50,83,77,45,2
2019-09-04T20:00,25.2,96,24.4,31.2,0.20,53,23,29,37
2019-09-04T21:00,24.9,96,24.3,30.9,0.30,94,79,32,85
2019-09-04T22:00,25.2,97,24.8,31.9,0.90,58,40,42,14
2019-09-04T23:00,26.1,91,24.6,32.4,0.50,45,23,41,1
2019-09-05T00:00,27.5,86,25.0,33.4,0.40,73,56,29,90
2019-09-05T01:00,28.1,83,25.0,34.0,0.80,92,63,41,85
2019-09-05T02:00,29.0,82,25.6,35.4,0.30,78,29,35,65
2019-09-05T03:00,29.0,84,26.0,35.2,0.60,97,53,31,95
2019-09-05T04:00,29.1,79,25.2,34.9,1.50,95,31,39,93
2019-09-05T05:00,28.4,84,25.5,34.4,2.00,91,50,26,86
2019-09-05T06:00,28.7,84,25.7,34.7,0.30,100,99,36,84
2019-09-05T07:00,27.9,83,24.7,33.2,1.70,97,38,65,95
2019-09-05T08:00,28.1,84,25.1,34.3,0.70,100,14,44,100
2019-09-05T09:00,27.8,87,25.4,33.9,0.10,91,69,15,86
2019-09-05T10:00,26.4,96,25.6,32.7,0.90,95,73,30,83
2019-09-05T11:00,26.1,97,25.7,32.4,0.60,97,85,41,84
2019-09-05T12:00,26.1,94,25.0,31.9,1.80,98,41,35,100
2019-09-05T13:00,25.6,96,24.9,31.0,0.80,100,17,29,100
2019-09-05T14:00,25.4,96,24.7,30.5,0.80,99,68,33,98
2019-09-05T15:00,25.4,96,24.7,30.8,0.90,98,50,28,97
2019-09-05T16:00,25.4,96,24.7,30.5,0.20,48,35,17,21
2019-09-05T17:00,25.1,96,24.5,30.0,0.30,99,41,14,98
2019-09-05T18:00,25.2,97,24.6,30.3,0.30,100,95,18,99
2019-09-05T19:00,25.2,96,24.5,30.0,0.40,100,100,30,99
2019-09-05T20:00,25.4,96,24.6,30.3,0.90,98,58,42,97
2019-09-05T21:00,25.2,94,24.3,30.2,1.10,99,46,44,98
2019-09-05T22:00,25.0,94,23.9,29.3,0.80,96,86,47,83
2019-09-05T23:00,25.5,94,24.5,30.0,1.40,100,100,82,49
2019-09-06T00:00,26.5,88,24.3,30.9,1.40,86,30,45,85
2019-09-06T01:00,27.7,83,24.5,32.2,0.20,87,23,44,75
2019-09-06T02:00,28.5,80,24.8,33.0,0.20,74,7,34,59
2019-09-06T03:00,29.3,77,24.8,34.4,0.40,68,15,15,61
2019-09-06T04:00,30.3,71,24.5,36.3,0.40,14,13,3,1
2019-09-06T05:00,30.6,68,24.1,36.6,0.00,0,0,0,0
2019-09-06T06:00,31.1,65,23.9,37.7,0.00,2,0,0,2
2019-09-06T07:00,31.1,65,23.8,37.7,0.00,48,0,0,48
2019-09-06T08:00,30.8,66,23.6,36.6,0.00,55,1,2,54
2019-09-06T09:00,30.7,65,23.3,36.2,0.00,78,0,0,78
2019-09-06T10:00,30.3,64,22.7,35.5,0.00,85,0,0,85
2019-09-06T11:00,28.0,80,24.1,33.4,0.00,83,0,0,83
2019-09-06T12:00,27.3,79,23.3,31.5,0.00,88,0,0,31
2019-09-06T13:00,27.0,80,23.4,31.5,0.00,77,0,0,77
2019-09-06T14:00,27.0,80,23.3,31.7,0.00,100,0,0,100
2019-09-06T15:00,26.6,83,23.6,31.6,0.00,100,0,0,100
2019-09-06T16:00,26.0,87,23.8,31.4,0.00,100,0,0,100
2019-09-06T17:00,25.8,90,24.1,31.2,0.00,79,0,4,79
2019-09-06T18:00,25.0,96,24.2,30.5,0.00,23,4,0,20
2019-09-06T19:00,25.4,95,24.6,31.3,0.00,25,10,0,17
2019-09-06T20:00,25.2,94,24.2,30.8,0.00,8,6,1,1
2019-09-06T21:00,24.8,94,23.8,30.1,0.00,11,11,1,1
2019-09-06T22:00,25.0,95,24.1,30.6,0.00,27,15,0,15
2019-09-06T23:00,26.7,87,24.4,32.2,0.00,54,13,3,48
2019-09-07T00:00,28.6,78,24.4,34.3,0.00,37,1,1,55
2019-09-07T01:00,29.9,74,24.7,36.0,0.00,47,0,1,47
2019-09-07T02:00,31.0,70,24.9,38.0,0.00,65,0,8,63
2019-09-07T03:00,32.1,66,24.8,39.4,0.00,81,3,11,80
2019-09-07T04:00,31.7,69,25.3,38.7,0.20,85,11,27,82
2019-09-07T05:00,31.8,67,25.0,38.4,0.10,100,34,100,34
2019-09-07T06:00,29.5,72,24.0,34.8,0.80,86,78,50,55
2019-09-07T07:00,29.1,75,24.3,34.5,0.30,82,3,71,63
2019-09-07T08:00,28.8,78,24.6,34.2,0.00,82,5,13,80
2019-09-07T09:00,28.8,79,24.8,34.8,0.00,82,3,4,82
2019-09-07T10:00,27.4,87,25.1,33.6,0.00,18,6,3,13
2019-09-07T11:00,26.7,89,24.8,32.6,0.00,17,7,7,12
2019-09-07T12:00,26.8,89,24.9,32.3,0.00,38,1,0,8
2019-09-07T13:00,26.5,90,24.7,31.9,0.00,10,0,1,10
2019-09-07T14:00,25.9,93,24.7,31.6,0.00,2,0,0,2
2019-09-07T15:00,25.3,96,24.6,31.2,0.00,56,0,1,56
2019-09-07T16:00,25.3,95,24.5,31.1,0.00,89,5,4,89
2019-09-07T17:00,25.9,94,24.8,32.3,0.00,70,9,12,68
2019-09-07T18:00,25.4,96,24.7,31.4,0.00,76,10,6,74
2019-09-07T19:00,24.6,99,24.3,30.3,0.00,22,12,14,15
2019-09-07T20:00,24.5,98,24.1,30.0,0.00,86,21,12,83
2019-09-07T21:00,24.5,98,24.1,29.6,0.00,61,47,14,23
2019-09-07T22:00,24.6,96,24.0,29.8,0.00,32,26,15,0
2019-09-07T23:00,25.3,93,24.0,30.3,0.00,32,30,7,0
2019-09-08T00:00,26.8,86,24.3,32.4,0.00,30,24,12,0
2019-09-08T01:00,28.2,82,24.8,34.0,0.00,21,19,6,0
2019-09-08T02:00,29.4,81,25.8,36.5,0.00,35,31,8,0
2019-09-08T03:00,29.7,82,26.3,37.3,0.10,69,65,12,7
2019-09-08T04:00,29.4,75,24.4,35.5,1.20,41,7,39,14
2019-09-08T05:00,29.9,74,24.6,36.3,0.10,26,15,21,4
2019-09-08T06:00,30.3,72,24.6,36.7,0.00,30,6,27,11
2019-09-08T07:00,30.7,72,25.0,36.9,0.00,28,12,23,10
2019-09-08T08:00,28.8,74,23.7,33.5,0.60,44,15,40,5
2019-09-08T09:00,28.2,79,24.3,33.3,0.30,25,2,23,2
2019-09-08T10:00,27.2,85,24.5,32.3,0.00,10,2,8,2
2019-09-08T11:00,26.3,88,24.2,31.1,0.00,3,1,3,0
2019-09-08T12:00,26.4,86,24.0,31.3,0.00,0,0,2,0
2019-09-08T13:00,26.1,89,24.0,31.0,0.00,0,0,0,0
2019-09-08T14:00,25.7,90,23.9,30.6,0.00,0,0,0,0
2019-09-08T15:00,25.2,91,23.7,30.1,0.00,1,1,0,0
2019-09-08T16:00,24.3,93,23.1,29.0,0.00,0,0,0,0
2019-09-08T17:00,23.2,95,22.4,27.4,0.00,0,0,0,0
2019-09-08T18:00,24.2,93,23.0,28.9,0.00,0,0,0,0
2019-09-08T19:00,24.9,92,23.5,30.4,0.00,0,0,0,0
2019-09-08T20:00,24.9,91,23.4,30.6,0.00,0,0,0,0
2019-09-08T21:00,24.1,92,22.7,29.2,0.00,0,0,0,0
2019-09-08T22:00,23.4,94,22.3,28.0,0.00,1,1,0,0
2019-09-08T23:00,25.9,86,23.3,31.2,0.00,1,1,0,0
2019-09-09T00:00,27.7,79,23.7,33.4,0.00,1,0,0,0
2019-09-09T01:00,29.2,73,23.9,34.8,0.00,1,0,1,0
2019-09-09T02:00,30.4,64,22.8,36.5,0.00,29,2,1,28
2019-09-09T03:00,31.0,61,22.7,37.4,0.00,57,3,3,55
2019-09-09T04:00,31.2,60,22.6,37.3,0.00,94,14,10,93
2019-09-09T05:00,30.6,64,23.0,35.5,0.10,95,31,32,92
2019-09-09T06:00,30.5,67,23.7,35.7,0.30,93,25,40,89
2019-09-09T07:00,30.7,67,23.8,35.9,0.00,82,3,38,75
2019-09-09T08:00,30.8,67,23.9,35.7,0.00,33,4,27,13
2019-09-09T09:00,29.6,72,24.0,34.1,0.00,22,6,14,14
2019-09-09T10:00,27.7,77,23.3,31.4,0.00,9,1,8,1
2019-09-09T11:00,26.8,80,23.0,30.5,0.00,4,0,4,0
2019-09-09T12:00,27.1,78,22.9,30.8,0.00,3,1,9,3
2019-09-09T13:00,26.8,76,22.3,30.4,0.00,21,0,19,17
2019-09-09T14:00,26.5,78,22.3,30.1,0.00,40,0,38,22
2019-09-09T15:00,26.4,79,22.4,30.1,0.00,46,0,45,16
2019-09-09T16:00,25.8,83,22.6,30.1,0.00,47,0,46,10
2019-09-09T17:00,24.9,88,22.8,29.4,0.00,43,0,42,10
2019-09-09T18:00,25.1,87,22.8,29.6,0.00,20,0,20,3
2019-09-09T19:00,26.0,85,23.2,31.1,0.00,25,0,24,2
2019-09-09T20:00,24.5,93,23.2,29.9,0.00,43,1,43,1
2019-09-09T21:00,26.2,85,23.5,31.8,0.00,44,7,41,0
2019-09-09T22:00,26.2,86,23.7,31.9,0.00,27,10,21,0
2019-09-09T23:00,27.0,86,24.4,33.2,0.00,12,11,2,0
2019-09-10T00:00,28.7,79,24.6,34.5,0.00,3,0,1,1
2019-09-10T01:00,30.1,69,23.9,35.3,0.00,14,2,14,0
2019-09-10T02:00,31.3,63,23.5,36.7,0.00,20,3,19,0
2019-09-10T03:00,32.1,60,23.4,37.4,0.00,23,7,22,1
2019-09-10T04:00,31.2,67,24.4,36.0,0.30,35,12,34,1
2019-09-10T05:00,30.9,69,24.5,35.6,0.00,17,3,17,4
2019-09-10T06:00,31.0,68,24.3,35.7,0.00,24,2,23,4
2019-09-10T07:00,30.3,70,24.2,34.0,0.00,30,1,30,2
2019-09-10T08:00,29.8,71,24.0,33.5,0.00,8,2,7,0
2019-09-10T09:00,29.2,73,23.8,32.8,0.00,1,1,1,0
2019-09-10T10:00,28.1,77,23.6,31.8,0.00,2,1,0,0
2019-09-10T11:00,27.2,81,23.7,31.2,0.00,2,2,0,0
2019-09-10T12:00,27.4,83,24.2,32.0,0.00,7,0,0,0
2019-09-10T13:00,27.5,82,24.2,31.6,0.00,1,1,0,0
2019-09-10T14:00,27.3,82,23.9,30.8,0.00,2,2,1,0
2019-09-10T15:00,27.1,82,23.9,30.6,0.00,0,0,0,0
2019-09-10T16:00,26.8,83,23.6,30.3,0.00,1,0,1,0
2019-09-10T17:00,26.5,84,23.6,30.8,0.00,1,0,1,0
2019-09-10T18:00,26.1,87,23.8,31.1,0.00,7,3,5,0
2019-09-10T19:00,26.1,87,23.9,31.1,0.00,4,2,3,0
2019-09-10T20:00,26.0,88,23.8,31.0,0.00,5,5,0,0
2019-09-10T21:00,26.0,88,23.8,30.9,0.00,2,2,0,0
2019-09-10T22:00,26.1,88,24.0,30.9,0.00,6,6,0,0
2019-09-10T23:00,27.5,84,24.5,32.5,0.00,5,5,0,0
2019-09-11T00:00,29.3,77,24.8,33.9,0.00,2,2,0,0
2019-09-11T01:00,30.6,70,24.6,34.6,0.00,3,3,0,0
2019-09-11T02:00,31.5,65,24.2,35.9,0.00,5,5,0,0
2019-09-11T03:00,31.9,64,24.3,36.9,0.00,3,3,0,0
2019-09-11T04:00,32.0,64,24.4,37.4,0.00,1,1,0,0
2019-09-11T05:00,32.0,64,24.2,37.2,0.00,1,1,0,0
2019-09-11T06:00,31.5,65,24.0,36.1,0.00,0,0,0,0
2019-09-11T07:00,31.3,63,23.5,34.7,0.00,10,10,0,0
2019-09-11T08:00,30.8,66,23.7,33.8,0.00,54,54,0,0
2019-09-11T09:00,29.6,75,24.8,33.8,0.00,17,17,1,0
2019-09-11T10:00,28.4,81,24.8,32.6,0.00,23,22,0,0
2019-09-11T11:00,27.6,86,25.0,31.8,0.00,6,6,1,0
2019-09-11T12:00,27.5,87,25.1,32.2,0.00,21,5,2,61
2019-09-11T13:00,27.4,87,25.1,32.0,0.00,68,7,6,65
2019-09-11T14:00,27.1,89,25.1,31.5,0.00,70,3,7,67
2019-09-11T15:00,26.9,89,24.9,31.2,0.00,40,5,3,37
2019-09-11T16:00,26.7,88,24.6,31.0,0.00,16,6,2,11
2019-09-11T17:00,26.6,89,24.6,31.0,0.00,11,9,1,2
2019-09-11T18:00,26.4,89,24.5,31.0,0.00,1,0,1,0
2019-09-11T19:00,26.2,90,24.4,30.9,0.00,2,0,1,1
2019-09-11T20:00,26.0,90,24.2,30.5,0.00,2,2,0,0
2019-09-11T21:00,25.9,90,24.2,30.3,0.00,2,2,0,0
2019-09-11T22:00,25.8,91,24.3,30.2,0.00,2,2,0,0
2019-09-11T23:00,27.3,86,24.8,32.0,0.00,4,4,0,0
2019-09-12T00:00,29.1,79,25.1,33.5,0.00,13,29,17,0
2019-09-12T01:00,29.9,75,25.0,34.1,0.00,39,39,17,0
2019-09-12T02:00,30.6,71,24.6,34.8,0.00,33,32,24,0
2019-09-12T03:00,30.4,71,24.7,35.0,0.00,37,24,34,0
2019-09-12T04:00,31.4,66,24.3,36.4,0.00,26,26,2,0
2019-09-12T05:00,31.7,62,23.6,36.4,0.00,3,3,0,0
2019-09-12T06:00,31.5,63,23.6,35.8,0.00,33,33,0,0
2019-09-12T07:00,31.4,63,23.4,34.6,0.00,82,82,0,0
2019-09-12T08:00,30.2,74,25.1,34.2,0.00,7,7,0,0
2019-09-12T09:00,29.1,80,25.2,33.5,0.00,7,7,0,0
2019-09-12T10:00,28.0,82,24.7,32.7,0.00,4,4,0,0
2019-09-12T11:00,27.2,86,24.6,31.9,0.00,9,9,4,0
2019-09-12T12:00,26.9,88,24.7,31.7,0.00,15,16,6,0
2019-09-12T13:00,27.3,88,25.1,32.0,0.00,16,13,9,0
2019-09-12T14:00,26.7,90,24.9,31.4,0.00,0,0,0,0
2019-09-12T15:00,26.3,91,24.7,30.9,0.00,3,3,0,0
2019-09-12T16:00,26.0,92,24.6,30.6,0.00,6,6,2,0
2019-09-12T17:00,25.8,93,24.6,30.5,0.00,1,0,1,0
2019-09-12T18:00,25.6,94,24.6,30.4,0.00,2,2,0,0
2019-09-12T19:00,25.4,95,24.6,30.3,0.00,4,4,1,0
2019-09-12T20:00,25.3,96,24.5,30.1,0.00,3,0,2,0
2019-09-12T21:00,25.2,96,24.5,30.1,0.00,4,3,3,0
2019-09-12T22:00,25.4,96,24.6,30.3,0.00,10,7,8,0
2019-09-12T23:00,26.8,90,25.1,31.9,0.00,14,12,9,0
2019-09-13T00:00,29.0,80,25.1,33.9,0.00,27,10,3,0
2019-09-13T01:00,30.4,72,24.9,34.9,0.00,43,43,7,0
2019-09-13T02:00,30.7,71,24.9,35.4,0.00,33,32,20,0
2019-09-13T03:00,30.9,69,24.6,35.6,0.00,25,24,10,0
2019-09-13T04:00,31.3,66,24.3,36.3,0.00,20,19,9,0
2019-09-13T05:00,31.2,65,24.0,36.0,0.00,6,6,4,0
2019-09-13T06:00,31.0,67,24.0,35.9,0.00,4,3,3,0
2019-09-13T07:00,30.5,69,24.0,34.7,0.00,6,6,1,0
2019-09-13T08:00,29.8,72,24.2,33.8,0.00,2,2,0,0
2019-09-13T09:00,28.7,77,24.4,33.2,0.00,7,7,3,0
2019-09-13T10:00,27.5,83,24.4,32.4,0.00,4,4,1,0
2019-09-13T11:00,26.7,89,24.7,32.0,0.00,8,8,0,0
2019-09-13T12:00,26.5,91,25.0,32.2,0.00,49,9,0,23
2019-09-13T13:00,26.7,89,24.8,32.3,0.00,72,1,0,72
2019-09-13T14:00,26.5,89,24.5,32.1,0.00,63,1,0,63
2019-09-13T15:00,26.1,90,24.4,31.5,0.00,93,2,0,92
2019-09-13T16:00,25.6,92,24.3,31.1,0.00,97,2,0,97
2019-09-13T17:00,25.2,95,24.3,30.8,0.00,77,2,0,77
2019-09-13T18:00,24.5,96,23.9,29.8,0.00,43,2,1,42
2019-09-13T19:00,24.7,96,24.0,30.2,0.00,18,11,1,15
2019-09-13T20:00,23.9,98,23.6,29.1,0.00,28,20,0,11
2019-09-13T21:00,24.0,98,23.7,29.5,0.00,28,22,0,8
2019-09-13T22:00,24.3,96,23.7,29.9,0.00,53,33,5,31
2019-09-13T23:00,26.0,88,23.9,31.7,0.00,56,19,9,46
2019-09-14T00:00,27.5,82,24.1,33.0,0.20,42,24,31,39
2019-09-14T01:00,28.3,76,23.8,33.5,0.30,52,18,42,14
2019-09-14T02:00,28.8,74,23.7,33.4,0.20,48,30,42,0
2019-09-14T03:00,29.3,71,23.6,34.2,0.20,38,33,30,0
2019-09-14T04:00,30.1,67,23.2,35.0,0.10,64,63,23,0
2019-09-14T05:00,30.4,65,23.0,34.6,0.00,30,29,10,0
2019-09-14T06:00,30.8,61,22.5,34.7,0.00,4,4,3,0
2019-09-14T07:00,30.2,67,23.3,34.2,0.00,31,31,6,0
2019-09-14T08:00,29.0,73,23.6,32.8,0.00,24,24,10,0
2019-09-14T09:00,28.5,75,23.6,32.7,0.00,26,25,19,0
2019-09-14T10:00,27.4,80,23.5,32.1,0.00,41,32,35,0
2019-09-14T11:00,26.4,87,24.0,31.3,0.10,52,49,34,0
2019-09-14T12:00,26.4,87,24.0,31.2,0.20,44,10,21,1
2019-09-14T13:00,26.2,89,24.2,31.4,0.10,42,21,40,0
2019-09-14T14:00,26.0,90,24.3,31.5,0.10,46,40,28,0
2019-09-14T15:00,25.8,91,24.3,31.3,0.10,39,26,34,0
2019-09-14T16:00,25.2,95,24.3,30.9,0.20,69,67,24,0
2019-09-14T17:00,25.3,95,24.4,31.3,0.20,96,95,28,0
2019-09-14T18:00,25.0,97,24.5,31.0,0.10,56,51,29,0
2019-09-14T19:00,25.0,95,24.1,30.8,0.20,50,47,20,0
2019-09-14T20:00,25.0,93,23.8,30.7,0.20,32,31,15,0
2019-09-14T21:00,24.9,91,23.2,30.1,0.20,46,43,16,0
2019-09-14T22:00,24.8,91,23.2,30.1,0.20,47,44,15,0
2019-09-14T23:00,25.9,86,23.4,31.4,0.10,29,28,12,0
2019-09-15T00:00,27.1,86,24.7,33.4,0.20,31,14,27,0
2019-09-15T01:00,27.3,85,24.6,32.4,0.20,45,19,40,0
2019-09-15T02:00,28.9,76,24.4,34.3,0.10,33,18,31,0
2019-09-15T03:00,29.4,77,25.1,35.6,0.10,27,14,24,0
2019-09-15T04:00,29.6,77,25.2,35.8,0.10,31,13,30,0
2019-09-15T05:00,28.9,76,24.2,34.2,0.50,49,27,44,0
2019-09-15T06:00,28.1,83,24.9,33.0,0.40,56,21,54,0
2019-09-15T07:00,28.0,83,24.9,33.1,0.30,48,4,47,0
2019-09-15T08:00,27.6,84,24.6,32.6,0.40,35,8,34,0
2019-09-15T09:00,26.9,84,23.9,31.4,0.30,50,26,48,0
2019-09-15T10:00,26.2,86,23.6,30.9,0.50,60,49,45,0
2019-09-15T11:00,25.9,90,24.2,31.6,0.10,45,19,41,0
2019-09-15T12:00,25.9,89,23.9,31.4,0.00,99,17,2,0
2019-09-15T13:00,25.7,90,23.9,31.2,0.00,11,9,3,0
2019-09-15T14:00,25.2,93,23.9,30.7,0.00,38,34,10,0
2019-09-15T15:00,25.3,92,23.9,30.8,0.00,50,38,32,0
2019-09-15T16:00,25.3,93,24.0,30.8,0.00,53,43,35,0
2019-09-15T17:00,25.1,93,24.0,30.7,0.10,56,47,48,7
2019-09-15T18:00,24.9,95,24.0,30.7,0.10,44,38,18,5
2019-09-15T19:00,24.7,95,23.9,30.4,0.00,37,29,25,0
2019-09-15T20:00,24.6,94,23.7,30.1,0.00,80,23,78,0
2019-09-15T21:00,24.6,94,23.7,30.1,0.00,65,26,60,0
2019-09-15T22:00,25.0,93,23.9,30.7,0.00,94,17,93,2
2019-09-15T23:00,26.2,89,24.1,31.9,0.00,75,20,72,0
2019-09-16T00:00,28.0,78,23.8,33.4,0.10,79,28,36,0
2019-09-16T01:00,28.8,73,23.5,33.0,0.30,44,25,40,0
2019-09-16T02:00,28.3,77,23.8,32.4,0.30,61,35,59,1
2019-09-16T03:00,29.0,72,23.6,32.8,0.40,73,34,72,0
2019-09-16T04:00,28.7,74,23.6,32.5,0.30,65,51,63,0
2019-09-16T05:00,27.9,78,23.6,31.3,0.60,63,56,58,0
2019-09-16T06:00,27.9,76,23.3,31.1,0.30,56,54,43,0
2019-09-16T07:00,27.8,73,22.5,30.8,0.00,14,9,13,0
2019-09-16T08:00,27.7,71,22.0,30.6,0.00,20,20,1,0
2019-09-16T09:00,26.7,74,21.7,29.9,0.00,11,11,0,0
2019-09-16T10:00,25.3,78,21.2,29.1,0.00,18,18,0,0
2019-09-16T11:00,24.7,80,20.9,28.4,0.00,51,51,0,0
2019-09-16T12:00,24.3,84,21.5,27.8,0.00,72,13,0,18
2019-09-16T13:00,24.3,83,21.3,28.1,0.00,68,28,0,56
2019-09-16T14:00,24.0,84,21.2,27.8,0.00,83,61,0,57
2019-09-16T15:00,24.6,82,21.3,28.7,0.00,82,60,0,57
2019-09-16T16:00,23.9,86,21.4,28.0,0.00,63,53,0,21
2019-09-16T17:00,24.2,83,21.2,28.2,0.00,55,55,0,0
2019-09-16T18:00,24.1,85,21.4,28.3,0.00,31,31,1,0
2019-09-16T19:00,23.8,88,21.7,27.9,0.00,18,18,0,0
2019-09-16T20:00,23.2,91,21.6,27.3,0.00,89,89,36,0
2019-09-16T21:00,24.1,91,22.5,28.5,0.10,99,99,58,0
2019-09-16T22:00,24.5,89,22.6,29.3,0.10,44,39,36,0
2019-09-16T23:00,25.4,86,23.0,30.1,0.10,51,27,47,0
2019-09-17T00:00,26.5,82,23.1,29.9,0.30,70,38,43,3
2019-09-17T01:00,27.2,79,23.3,30.6,0.40,46,26,40,3
2019-09-17T02:00,27.3,78,23.1,30.5,0.10,41,31,36,0
2019-09-17T03:00,28.4,72,22.8,31.2,0.20,61,53,50,0
2019-09-17T04:00,28.0,75,23.0,30.8,0.50,49,39,40,0
2019-09-17T05:00,28.0,73,22.7,30.6,0.10,48,45,36,0
2019-09-17T06:00,28.6,69,22.3,31.4,0.00,49,48,5,0
2019-09-17T07:00,28.3,67,21.7,30.4,0.00,12,12,0,0
2019-09-17T08:00,27.7,69,21.4,30.1,0.00,22,22,0,0
2019-09-17T09:00,26.9,73,21.5,30.1,0.00,69,28,0,57
2019-09-17T10:00,25.6,79,21.6,29.6,0.00,76,40,0,59
2019-09-17T11:00,25.0,81,21.6,29.1,0.00,56,29,0,38
2019-09-17T12:00,25.1,83,22.0,29.3,0.00,28,26,0,66
2019-09-17T13:00,24.9,84,22.0,29.0,0.00,68,28,0,55
2019-09-17T14:00,24.2,85,21.5,27.9,0.00,51,20,0,38
2019-09-17T15:00,23.9,85,21.3,27.7,0.00,11,5,0,6
2019-09-17T16:00,23.7,87,21.4,27.8,0.00,25,11,3,16
2019-09-17T17:00,23.2,91,21.6,27.1,0.10,96,88,51,65
2019-09-17T18:00,24.2,87,21.9,28.6,0.30,89,48,46,77
2019-09-17T19:00,23.8,91,22.2,28.7,0.10,97,78,88,67
2019-09-17T20:00,24.2,91,22.6,28.9,0.00,49,14,9,40
2019-09-17T21:00,23.8,94,22.8,28.7,0.00,69,68,7,4
2019-09-17T22:00,24.0,94,22.9,29.4,0.00,100,100,77,0
2019-09-17T23:00,25.1,86,22.7,29.7,0.00,59,57,53,0
2019-09-18T00:00,27.0,73,21.8,31.4,0.10,31,43,0,0
2019-09-18T01:00,28.1,66,21.1,31.0,0.00,54,52,42,0
2019-09-18T02:00,27.9,69,21.6,30.4,0.10,76,15,73,9
2019-09-18T03:00,27.3,72,21.9,29.9,0.50,72,37,63,17
2019-09-18T04:00,27.3,75,22.5,29.9,0.50,58,9,54,9
2019-09-18T05:00,28.0,70,22.0,30.4,0.30,60,9,46,25
2019-09-18T06:00,27.3,72,21.7,29.5,0.20,86,26,77,36
2019-09-18T07:00,26.7,76,22.1,28.8,1.20,56,45,54,0
2019-09-18T08:00,25.9,82,22.5,29.0,0.50,93,91,88,0
2019-09-18T09:00,25.5,79,21.7,28.2,0.30,97,94,97,0
2019-09-18T10:00,25.1,77,20.8,27.3,0.20,100,100,75,0
2019-09-18T11:00,25.5,71,19.9,27.3,0.00,15,14,6,0
2019-09-18T12:00,25.4,68,19.0,27.6,0.00,9,94,95,0
2019-09-18T13:00,25.9,63,18.2,27.2,0.00,41,10,40,0
2019-09-18T14:00,25.1,67,18.6,27.1,0.00,29,29,4,0
2019-09-18T15:00,24.2,74,19.4,26.8,0.00,66,42,10,41
2019-09-18T16:00,23.8,78,19.7,26.4,0.00,77,38,12,63
2019-09-18T17:00,25.6,63,18.0,27.7,0.00,73,72,17,0
2019-09-18T18:00,25.6,64,18.2,28.0,0.00,70,60,60,18
2019-09-18T19:00,25.0,69,18.9,28.1,0.00,97,97,61,13
2019-09-18T20:00,24.0,76,19.6,27.2,0.00,48,42,31,9
2019-09-18T21:00,23.6,78,19.5,27.0,0.00,57,52,52,2
2019-09-18T22:00,23.3,83,20.2,26.8,0.00,56,44,50,4
2019-09-18T23:00,25.0,75,20.2,28.6,0.00,48,42,46,0
2019-09-19T00:00,26.6,64,19.3,29.9,0.00,63,72,54,13
2019-09-19T01:00,27.4,56,17.8,28.0,0.00,81,74,67,20
2019-09-19T02:00,27.6,58,18.7,28.4,0.00,100,87,100,17
2019-09-19T03:00,27.5,59,18.7,28.2,0.00,92,69,90,17
2019-09-19T04:00,27.6,59,18.8,28.1,0.00,50,41,48,0
2019-09-19T05:00,27.4,59,18.7,28.7,0.00,79,37,78,0
2019-09-19T06:00,26.7,63,18.9,27.6,0.00,61,31,59,0
2019-09-19T07:00,26.4,63,18.9,27.5,0.00,55,53,43,0
2019-09-19T08:00,26.1,63,18.4,27.4,0.00,57,49,49,0
2019-09-19T09:00,25.6,68,19.2,28.5,0.00,63,59,60,0
2019-09-19T10:00,23.9,78,19.9,27.6,0.20,98,84,98,0
2019-09-19T11:00,24.2,79,20.4,27.9,0.20,97,82,96,0
2019-09-19T12:00,24.2,75,19.5,27.7,0.10,99,37,99,0
2019-09-19T13:00,24.5,76,20.0,27.5,0.00,79,8,79,0
2019-09-19T14:00,23.7,83,20.6,26.9,0.30,90,86,72,0
2019-09-19T15:00,23.5,86,21.0,26.9,0.20,100,100,77,0
2019-09-19T16:00,23.5,87,21.2,27.4,0.20,91,90,54,0
2019-09-19T17:00,23.5,84,20.6,27.6,0.20,100,54,100,0
2019-09-19T18:00,23.3,86,20.9,27.5,0.40,100,99,100,0
2019-09-19T19:00,23.0,93,21.7,27.2,0.70,100,99,100,0
2019-09-19T20:00,23.2,93,22.0,27.1,0.10,69,64,64,0
2019-09-19T21:00,22.8,96,22.2,26.8,0.20,100,93,100,0
2019-09-19T22:00,23.0,94,22.0,26.7,0.00,63,24,60,0
2019-09-19T23:00,23.4,95,22.6,27.6,0.00,98,18,98,0
2019-09-20T00:00,25.5,78,21.3,29.1,0.00,99,23,10,0
2019-09-20T01:00,26.9,60,18.3,28.6,0.00,32,31,10,0
2019-09-20T02:00,27.3,58,18.2,27.9,0.00,94,93,31,8
2019-09-20T03:00,26.6,61,18.5,27.5,0.00,95,63,93,0
2019-09-20T04:00,25.5,68,19.2,27.7,0.20,100,80,100,0
2019-09-20T05:00,25.6,70,19.7,27.7,0.10,100,100,97,4
2019-09-20T06:00,25.7,68,19.4,27.7,0.10,99,99,94,20
2019-09-20T07:00,25.3,73,20.0,28.2,0.20,100,100,64,49
2019-09-20T08:00,25.2,75,20.4,28.3,0.20,100,100,94,31
2019-09-20T09:00,24.5,74,19.7,26.8,0.20,95,91,79,31
2019-09-20T10:00,24.4,73,19.2,26.8,0.20,100,100,98,41
2019-09-20T11:00,24.1,76,19.6,26.9,1.00,100,100,100,54
2019-09-20T12:00,23.3,85,20.5,26.5,2.70,100,100,100,61
2019-09-20T13:00,23.5,87,21.3,27.1,2.90,100,100,100,25
2019-09-20T14:00,22.9,88,20.7,25.9,2.20,100,100,100,24
2019-09-20T15:00,22.7,85,20.0,25.4,1.20,100,100,99,28
2019-09-20T16:00,22.4,87,20.0,24.9,2.00,100,100,100,25
2019-09-20T17:00,22.1,89,20.2,24.6,2.40,100,100,100,4
2019-09-20T18:00,21.9,92,20.6,24.0,2.80,100,100,100,0
2019-09-20T19:00,22.2,91,20.7,24.6,2.30,100,100,100,22
2019-09-20T20:00,21.8,93,20.6,23.7,4.00,100,100,100,13
2019-09-20T21:00,21.9,93,20.8,23.7,5.10,100,100,100,18
2019-09-20T22:00,21.9,94,20.9,23.7,5.50,100,100,99,24
2019-09-20T23:00,22.0,94,20.9,23.7,7.00,100,100,100,59
2019-09-21T00:00,22.5,94,21.5,24.7,6.40,100,100,100,44
2019-09-21T01:00,22.7,95,21.9,25.1,4.20,100,100,100,0
2019-09-21T02:00,22.9,94,21.8,25.0,3.10,100,100,89,0
2019-09-21T03:00,23.1,91,21.6,25.0,3.20,100,100,99,1
2019-09-21T04:00,23.6,88,21.6,25.5,3.40,100,100,93,6
2019-09-21T05:00,23.0,92,21.6,24.8,2.40,100,100,100,1
2019-09-21T06:00,23.1,91,21.6,25.0,3.00,100,100,100,3
2019-09-21T07:00,23.1,91,21.6,25.6,2.90,100,100,87,1
2019-09-21T08:00,23.4,92,22.0,26.3,1.80,100,98,100,0
2019-09-21T09:00,23.3,91,21.7,26.3,0.90,100,100,92,0
2019-09-21T10:00,22.8,90,21.0,25.9,0.40,100,98,99,2
2019-09-21T11:00,22.9,90,21.1,26.6,0.50,100,89,100,0
2019-09-21T12:00,22.3,90,20.6,25.4,0.40,90,87,46,36
2019-09-21T13:00,22.4,88,20.3,25.2,0.00,90,27,45,80
2019-09-21T14:00,22.2,88,20.2,25.0,0.00,89,7,31,84
2019-09-21T15:00,21.7,88,19.7,24.7,0.00,98,9,22,97
2019-09-21T16:00,21.5,88,19.5,24.2,0.00,85,6,36,78
2019-09-21T17:00,21.5,88,19.4,24.3,0.00,80,9,25,73
2019-09-21T18:00,21.4,88,19.3,24.2,0.00,55,1,15,46
2019-09-21T19:00,20.8,88,18.8,23.3,0.00,32,2,16,18
2019-09-21T20:00,20.4,87,18.3,22.4,0.00,24,6,19,4
2019-09-21T21:00,22.2,80,18.5,24.7,0.00,15,12,9,0
2019-09-21T22:00,21.8,85,19.2,24.5,0.00,27,20,16,0
2019-09-21T23:00,22.5,84,19.8,25.2,0.00,30,13,26,0
2019-09-22T00:00,25.6,77,21.2,29.3,0.00,41,91,17,68
2019-09-22T01:00,26.6,71,21.0,29.9,0.00,85,36,26,76
2019-09-22T02:00,27.6,62,19.6,29.8,0.00,79,4,23,73
2019-09-22T03:00,27.7,61,19.5,30.4,0.00,83,9,11,81
2019-09-22T04:00,27.7,60,19.4,30.7,0.00,86,23,4,82
2019-09-22T05:00,27.6,63,19.8,31.1,0.00,76,21,1,69
2019-09-22T06:00,27.0,65,19.8,29.6,0.00,33,32,1,0
2019-09-22T07:00,26.5,64,19.1,28.3,0.00,21,21,0,0
2019-09-22T08:00,26.0,65,18.8,28.0,0.00,6,6,0,0
2019-09-22T09:00,25.0,72,19.7,27.9,0.00,1,0,1,0
2019-09-22T10:00,24.3,72,19.0,26.8,0.00,1,0,1,0
2019-09-22T11:00,22.8,81,19.4,25.8,0.00,1,0,1,0
2019-09-22T12:00,22.2,86,19.8,25.4,0.00,1,0,0,0
2019-09-22T13:00,22.1,86,19.6,24.7,0.00,11,11,1,0
2019-09-22T14:00,21.9,85,19.3,24.6,0.00,27,24,20,0
2019-09-22T15:00,21.9,87,19.6,25.0,0.00,34,32,16,0
2019-09-22T16:00,21.7,89,19.8,24.8,0.10,42,41,26,0
2019-09-22T17:00,21.8,89,19.8,25.0,0.00,29,29,21,0
2019-09-22T18:00,21.6,89,19.7,24.5,0.00,19,17,12,0
2019-09-22T19:00,21.4,90,19.7,24.4,0.00,50,48,8,3
2019-09-22T20:00,21.7,89,19.9,24.8,0.00,43,33,8,14
2019-09-22T21:00,21.6,89,19.7,24.6,0.00,48,23,8,32
2019-09-22T22:00,21.5,89,19.5,24.3,0.00,49,25,8,32
2019-09-22T23:00,23.0,82,19.8,25.5,0.00,51,25,4,34
2019-09-23T00:00,25.1,72,19.6,28.5,0.00,86,11,16,79
2019-09-23T01:00,25.9,63,18.4,27.8,0.00,92,60,16,80
2019-09-23T02:00,26.1,63,18.5,27.7,0.00,81,70,3,37
2019-09-23T03:00,26.5,62,18.6,28.3,0.00,66,40,2,43
2019-09-23T04:00,27.6,59,18.9,31.4,0.00,78,58,1,48
2019-09-23T05:00,27.5,58,18.6,30.6,0.00,100,100,1,1
2019-09-23T06:00,26.7,64,19.3,28.7,0.00,60,56,2,9
2019-09-23T07:00,26.4,65,19.3,28.4,0.00,23,20,1,3
2019-09-23T08:00,25.9,67,19.2,27.7,0.00,49,45,0,8
2019-09-23T09:00,24.9,72,19.5,27.4,0.00,58,53,0,27
2019-09-23T10:00,23.5,79,19.6,26.5,0.00,68,36,0,50
2019-09-23T11:00,22.8,84,20.0,26.1,0.00,82,39,1,70
2019-09-23T12:00,22.5,87,20.3,25.6,0.00,88,9,8,81
2019-09-23T13:00,22.9,85,20.1,26.2,0.00,85,8,7,84
2019-09-23T14:00,22.0,88,20.0,25.2,0.00,83,18,6,79
2019-09-23T15:00,21.9,89,20.1,25.2,0.00,76,23,6,73
2019-09-23T16:00,21.7,90,20.0,24.8,0.00,71,13,6,68
2019-09-23T17:00,21.9,89,20.0,25.0,0.00,72,22,6,65
2019-09-23T18:00,21.4,91,19.8,24.5,0.00,69,21,5,61
2019-09-23T19:00,21.4,91,19.9,24.4,0.00,64,46,6,33
2019-09-23T20:00,21.5,91,19.9,24.4,0.00,67,52,7,31
2019-09-23T21:00,21.8,88,19.7,24.8,0.00,56,34,12,34
2019-09-23T22:00,22.1,87,19.8,25.1,0.00,46,37,32,11
2019-09-23T23:00,23.6,81,20.1,26.5,0.00,50,29,45,4
2019-09-24T00:00,25.1,73,19.9,27.2,0.00,53,34,75,3
2019-09-24T01:00,25.6,69,19.5,27.0,0.00,100,32,100,7
2019-09-24T02:00,25.4,71,19.8,27.0,0.00,100,9,100,48
2019-09-24T03:00,25.4,71,19.8,26.9,0.00,100,85,99,58
2019-09-24T04:00,26.2,68,19.7,27.3,0.00,89,47,74,56
2019-09-24T05:00,25.8,67,19.2,26.8,0.00,88,83,17,28
2019-09-24T06:00,26.4,64,19.2,27.8,0.00,100,100,8,39
2019-09-24T07:00,25.7,65,18.6,26.3,0.00,18,0,4,14
2019-09-24T08:00,25.1,67,18.5,25.9,0.00,59,6,10,54
2019-09-24T09:00,24.3,72,18.8,26.0,0.00,26,11,17,8
2019-09-24T10:00,23.3,74,18.4,25.0,0.00,27,12,23,1
2019-09-24T11:00,22.7,76,18.2,24.5,0.00,51,1,27,34
2019-09-24T12:00,22.7,77,18.5,24.7,0.00,59,9,71,15
2019-09-24T13:00,23.0,76,18.5,25.2,0.00,71,9,64,18
2019-09-24T14:00,23.0,75,18.3,24.9,0.00,67,9,64,6
2019-09-24T15:00,22.7,75,18.0,24.5,0.00,66,8,64,4
2019-09-24T16:00,22.3,76,17.9,24.1,0.00,62,7,61,0
2019-09-24T17:00,22.0,79,18.2,24.1,0.00,64,6,63,0
2019-09-24T18:00,21.6,83,18.5,24.1,0.00,74,12,71,5
2019-09-24T19:00,21.6,83,18.6,23.9,0.00,45,13,42,0
2019-09-24T20:00,21.7,81,18.2,23.8,0.00,30,14,26,0
2019-09-24T21:00,21.5,81,18.1,23.5,0.00,22,15,19,0
2019-09-24T22:00,21.8,81,18.4,23.9,0.00,14,9,11,0
2019-09-24T23:00,23.4,78,19.4,25.6,0.00,9,8,5,0
2019-09-25T00:00,25.1,71,19.5,26.7,0.00,8,19,1,0
2019-09-25T01:00,25.9,67,19.3,27.0,0.00,18,18,0,0
2019-09-25T02:00,26.3,66,19.3,27.6,0.00,47,47,0,0
2019-09-25T03:00,26.5,64,19.2,28.4,0.00,32,32,0,0
2019-09-25T04:00,26.3,62,18.5,27.7,0.00,24,24,0,0
2019-09-25T05:00,26.4,61,18.1,28.1,0.00,8,8,0,0
2019-09-25T06:00,26.1,61,18.0,27.4,0.00,12,12,2,0
2019-09-25T07:00,25.5,62,17.8,26.1,0.00,8,3,7,0
2019-09-25T08:00,25.0,65,17.9,25.7,0.00,7,1,7,0
2019-09-25T09:00,24.0,69,18.0,25.5,0.00,9,1,9,0
2019-09-25T10:00,22.7,72,17.4,24.2,0.00,10,1,10,0
2019-09-25T11:00,22.0,76,17.6,23.7,0.00,10,1,10,0
2019-09-25T12:00,22.2,77,18.0,24.1,0.00,7,2,25,0
2019-09-25T13:00,22.2,78,18.2,24.4,0.00,55,5,54,0
2019-09-25T14:00,22.4,77,18.2,24.4,0.00,90,4,89,0
2019-09-25T15:00,22.9,77,18.7,25.0,0.00,93,1,93,0
2019-09-25T16:00,23.1,79,19.3,25.4,0.00,57,2,56,0
2019-09-25T17:00,22.8,82,19.7,25.3,0.00,31,15,28,0
2019-09-25T18:00,22.5,86,20.0,25.0,0.00,14,9,13,0
2019-09-25T19:00,22.4,88,20.3,25.1,0.00,16,13,10,0
2019-09-25T20:00,22.3,90,20.6,25.1,0.00,19,16,11,0
2019-09-25T21:00,22.4,91,20.9,25.4,0.00,16,14,8,0
2019-09-25T22:00,22.7,90,21.0,25.5,0.00,21,21,3,0
2019-09-25T23:00,24.2,86,21.7,27.4,0.00,35,35,2,0
2019-09-26T00:00,25.8,79,21.8,27.8,0.00,66,66,0,0
2019-09-26T01:00,26.5,77,22.1,28.7,0.00,41,41,4,0
2019-09-26T02:00,27.0,75,22.2,29.1,0.10,30,29,16,0
2019-09-26T03:00,27.4,74,22.3,29.8,0.10,30,28,23,0
2019-09-26T04:00,27.2,74,22.2,29.7,0.10,60,55,33,0
2019-09-26T05:00,27.1,74,22.1,29.2,0.10,47,36,42,0
2019-09-26T06:00,26.6,76,22.1,28.5,0.20,43,34,37,2
2019-09-26T07:00,26.2,77,21.8,28.0,0.10,47,29,42,4
2019-09-26T08:00,25.6,80,21.9,27.7,0.10,29,25,15,3
2019-09-26T09:00,25.1,83,21.9,27.6,0.00,21,13,12,7
2019-09-26T10:00,24.3,86,21.8,26.8,0.00,99,99,10,12
2019-09-26T11:00,24.1,86,21.7,26.7,0.00,7,2,5,2
2019-09-26T12:00,24.4,89,22.4,27.6,0.00,54,57,4,0
2019-09-26T13:00,24.7,87,22.4,27.6,0.10,53,4,7,48
2019-09-26T14:00,24.2,89,22.3,27.0,0.10,92,11,9,90
2019-09-26T15:00,24.0,90,22.2,27.3,0.00,99,87,14,95
2019-09-26T16:00,24.3,88,22.2,27.5,0.10,100,100,12,96
2019-09-26T17:00,24.3,88,22.1,27.2,0.00,100,100,9,96
2019-09-26T18:00,24.3,88,22.1,27.0,0.00,96,3,12,95
2019-09-26T19:00,24.1,88,22.0,26.8,0.00,90,2,7,89
2019-09-26T20:00,24.0,89,22.0,26.8,0.00,94,1,17,93
2019-09-26T21:00,24.0,88,22.0,27.1,0.00,95,0,22,94
2019-09-26T22:00,24.2,88,22.0,27.4,0.00,86,56,6,77
2019-09-26T23:00,25.1,86,22.5,28.4,0.00,100,100,19,95
2019-09-27T00:00,25.8,86,23.3,28.6,0.50,89,50,46,84
2019-09-27T01:00,26.4,85,23.7,29.4,0.40,99,94,39,86
2019-09-27T02:00,26.6,84,23.6,29.7,0.70,90,88,31,24
2019-09-27T03:00,26.7,84,23.9,29.9,0.70,76,21,37,65
2019-09-27T04:00,28.0,83,24.8,31.9,0.30,90,2,25,88
2019-09-27T05:00,27.4,84,24.4,31.1,1.60,98,45,26,97
2019-09-27T06:00,27.1,85,24.4,30.5,1.20,97,67,23,95
2019-09-27T07:00,26.5,84,23.5,29.8,2.50,100,99,28,100
2019-09-27T08:00,25.7,89,23.7,29.4,0.20,100,7,30,100
2019-09-27T09:00,25.4,90,23.6,28.9,0.00,100,87,22,100
2019-09-27T10:00,24.7,92,23.3,28.6,0.00,100,99,13,100
2019-09-27T11:00,24.8,92,23.5,29.0,0.10,100,100,32,100
2019-09-27T12:00,24.9,94,23.9,28.9,0.50,100,16,26,91
2019-09-27T13:00,24.8,93,23.6,28.6,0.10,97,4,24,97
2019-09-27T14:00,24.5,95,23.6,28.3,0.10,93,8,28,91
2019-09-27T15:00,24.5,94,23.5,28.4,0.20,97,12,48,95
2019-09-27T16:00,24.4,95,23.5,28.5,0.20,98,8,40,97
2019-09-27T17:00,24.1,95,23.2,28.1,0.10,98,10,39,96
2019-09-27T18:00,24.2,93,23.0,28.0,0.00,84,27,34,72
2019-09-27T19:00,24.0,92,22.7,27.6,0.00,62,28,42,26
2019-09-27T20:00,23.7,94,22.6,27.2,0.50,95,94,50,18
2019-09-27T21:00,23.5,94,22.4,26.7,2.00,99,99,98,11
2019-09-27T22:00,23.5,93,22.4,27.0,1.20,57,19,52,3
2019-09-27T23:00,24.6,92,23.1,28.6,0.00,32,10,27,1
2019-09-28T00:00,25.5,90,23.7,29.8,0.00,78,45,20,53
2019-09-28T01:00,26.7,89,24.7,31.5,0.10,41,17,34,14
2019-09-28T02:00,27.1,88,24.9,31.9,0.10,52,22,47,5
2019-09-28T03:00,27.7,86,25.1,32.7,0.20,64,26,61,5
2019-09-28T04:00,27.1,84,24.1,31.2,2.20,92,28,90,20
2019-09-28T05:00,27.1,85,24.4,31.5,1.60,100,16,100,12
2019-09-28T06:00,27.4,87,25.0,32.4,0.30,79,8,71,34
2019-09-28T07:00,26.6,84,23.8,30.6,2.20,73,28,34,58
2019-09-28T08:00,25.8,88,23.7,30.0,0.10,81,43,34,63
2019-09-28T09:00,25.3,90,23.6,29.9,0.10,69,61,31,47
2019-09-28T10:00,24.6,93,23.5,29.6,0.10,100,100,12,58
2019-09-28T11:00,24.7,93,23.4,29.4,0.00,65,40,11,56
2019-09-28T12:00,24.7,93,23.5,28.9,0.00,94,33,12,38
2019-09-28T13:00,24.5,92,23.2,28.4,0.00,63,11,26,54
2019-09-28T14:00,24.3,94,23.2,28.0,0.00,26,14,22,0
2019-09-28T15:00,24.2,93,23.1,27.4,0.10,21,0,21,0
2019-09-28T16:00,24.4,90,22.7,27.4,0.20,28,0,30,2
2019-09-28T17:00,24.3,91,22.7,27.5,0.10,40,21,31,1
2019-09-28T18:00,24.1,92,22.7,27.4,0.10,43,0,43,0
2019-09-28T19:00,24.1,92,22.8,27.6,0.00,34,3,28,9
2019-09-28T20:00,24.2,93,23.0,27.6,0.00,32,1,27,10
2019-09-28T21:00,24.2,94,23.2,27.6,0.00,33,2,33,0
2019-09-28T22:00,24.2,94,23.3,27.9,0.00,36,30,16,0
2019-09-28T23:00,25.6,91,24.1,29.8,0.00,81,79,16,0
2019-09-29T00:00,26.5,85,23.8,29.7,0.00,97,84,42,14
2019-09-29T01:00,27.4,82,24.1,30.8,0.10,78,40,72,52
2019-09-29T02:00,27.2,84,24.3,30.7,0.20,45,36,32,15
2019-09-29T03:00,28.3,85,25.5,32.9,0.40,97,96,32,23
2019-09-29T04:00,27.9,83,24.7,31.5,0.40,56,49,31,5
2019-09-29T05:00,28.1,80,24.3,31.5,0.20,45,35,34,6
2019-09-29T06:00,27.9,83,24.8,31.3,0.30,37,25,22,16
2019-09-29T07:00,27.5,86,24.9,31.0,0.60,39,26,26,20
2019-09-29T08:00,26.8,89,24.7,30.4,0.30,61,61,22,39
2019-09-29T09:00,26.3,89,24.4,30.0,0.20,49,47,19,5
2019-09-29T10:00,25.7,90,24.0,29.7,0.20,100,100,8,16
2019-09-29T11:00,25.6,91,24.0,29.3,0.30,99,99,21,14
2019-09-29T12:00,25.5,92,24.1,30.2,0.20,55,100,2,82
2019-09-29T13:00,25.9,90,24.2,29.8,0.30,88,86,26,51
2019-09-29T14:00,25.9,91,24.3,29.8,0.20,91,90,17,11
2019-09-29T15:00,25.7,91,24.1,29.3,0.40,81,79,24,26
2019-09-29T16:00,25.5,92,24.1,29.3,0.30,59,6,5,57
2019-09-29T17:00,25.4,93,24.1,29.3,0.20,100,99,6,98
2019-09-29T18:00,25.0,93,23.7,28.6,0.20,98,92,27,95
2019-09-29T19:00,25.0,93,23.7,28.4,0.10,98,91,9,97
2019-09-29T20:00,25.6,91,24.1,29.2,0.30,98,75,13,97
2019-09-29T21:00,25.7,91,24.2,29.2,0.20,98,69,29,97
2019-09-29T22:00,25.5,91,23.9,28.9,0.10,100,71,91,100
2019-09-29T23:00,26.0,91,24.5,29.7,0.20,100,99,45,100
2019-09-30T00:00,25.8,87,23.6,28.8,0.50,100,5,50,100
2019-09-30T01:00,26.0,88,23.9,28.9,2.80,100,1,88,100
2019-09-30T02:00,25.7,90,24.0,28.3,3.50,100,31,93,100
2019-09-30T03:00,25.8,90,24.0,28.5,2.30,100,5,20,100
2019-09-30T04:00,26.3,91,24.8,29.3,1.50,100,7,94,100
2019-09-30T05:00,26.0,93,24.8,29.3,3.40,100,99,93,100
2019-09-30T06:00,25.3,91,23.6,27.3,4.80,100,100,90,100
2019-09-30T07:00,25.3,92,23.9,26.9,8.40,100,97,98,100
2019-09-30T08:00,25.2,91,23.6,25.8,7.90,100,61,100,100
2019-09-30T09:00,24.8,91,23.3,25.9,9.70,100,97,99,100
2019-09-30T10:00,24.7,90,23.0,25.9,9.50,100,100,98,100
2019-09-30T11:00,25.0,90,23.3,25.4,9.70,100,100,100,100
2019-09-30T12:00,25.3,91,23.7,27.3,17.10,100,0,93,100
2019-09-30T13:00,24.8,91,23.2,25.5,13.60,100,80,100,100
2019-09-30T14:00,24.3,91,22.7,25.5,7.30,100,100,100,100
2019-09-30T15:00,24.7,90,22.9,24.7,7.50,100,1,100,100
2019-09-30T16:00,24.2,91,22.6,22.7,25.90,100,100,100,100
2019-09-30T17:00,24.3,90,22.5,23.9,12.00,100,100,99,100
2019-09-30T18:00,24.1,89,22.1,25.0,3.60,100,61,93,100
2019-09-30T19:00,24.1,91,22.5,24.8,5.70,100,100,100,100
2019-09-30T20:00,24.0,90,22.2,23.9,10.30,100,100,100,100
2019-09-30T21:00,23.6,90,21.8,23.5,24.40,100,100,100,100
2019-09-30T22:00,23.5,92,22.0,24.2,13.30,100,85,98,98
2019-09-30T23:00,23.8,89,21.8,24.5,1.40,100,100,43,86
2019-10-01T00:00,24.2,88,22.0,25.7,0.60,89,75,71,96
2019-10-01T01:00,25.7,79,21.8,26.9,0.10,77,0,40,74
2019-10-01T02:00,27.4,70,21.4,28.8,0.00,92,0,13,91
2019-10-01T03:00,29.1,63,21.4,30.4,0.00,61,0,19,55
2019-10-01T04:00,30.2,55,20.3,31.0,0.00,78,0,9,76
2019-10-01T05:00,30.7,55,20.6,32.3,0.00,74,0,1,74
2019-10-01T06:00,30.6,62,22.4,32.9,0.00,14,0,8,6
2019-10-01T07:00,30.2,69,23.9,33.6,0.00,37,0,1,37
2019-10-01T08:00,29.2,76,24.5,33.4,0.00,47,0,0,46
2019-10-01T09:00,27.7,77,23.3,31.4,0.00,71,0,0,71
2019-10-01T10:00,25.1,87,22.8,29.3,0.00,86,0,0,86
2019-10-01T11:00,24.5,88,22.4,29.1,0.00,77,0,1,77
2019-10-01T12:00,24.8,84,22.0,28.6,0.00,86,0,6,94
2019-10-01T13:00,25.0,76,20.5,27.6,0.00,92,0,5,91
2019-10-01T14:00,25.4,74,20.4,28.0,0.00,21,0,2,19
2019-10-01T15:00,25.2,77,20.8,28.2,0.00,25,0,6,20
2019-10-01T16:00,24.6,81,21.0,27.9,0.00,64,0,11,59
2019-10-01T17:00,23.6,86,21.1,26.7,0.00,25,0,14,13
2019-10-01T18:00,22.9,89,20.9,26.3,0.00,19,0,10,10
2019-10-01T19:00,22.6,89,20.7,25.5,0.00,23,0,0,23
2019-10-01T20:00,24.7,76,20.2,28.2,0.00,31,0,0,31
2019-10-01T21:00,21.9,89,20.0,25.2,0.00,28,0,1,27
2019-10-01T22:00,22.0,88,20.0,25.3,0.00,32,0,0,32
2019-10-01T23:00,24.8,78,20.8,28.6,0.00,37,1,2,36
2019-10-02T00:00,26.5,69,20.4,30.0,0.00,39,0,0,3
2019-10-02T01:00,28.3,63,20.6,32.0,0.00,0,0,0,0
2019-10-02T02:00,30.0,60,21.4,35.1,0.00,0,0,0,0
2019-10-02T03:00,31.7,58,22.5,37.8,0.00,28,0,0,28
2019-10-02T04:00,32.8,55,22.7,38.7,0.00,81,4,22,76
2019-10-02T05:00,32.4,57,22.9,37.9,0.00,70,0,39,51
2019-10-02T06:00,30.6,69,24.2,35.8,0.10,57,6,35,34
2019-10-02T07:00,30.0,72,24.4,36.0,0.00,56,7,14,49
2019-10-02T08:00,29.1,74,23.9,34.5,1.00,53,30,37,23
2019-10-02T09:00,28.3,80,24.6,34.3,0.10,38,2,9,33
2019-10-02T10:00,26.6,88,24.5,32.3,0.00,39,5,3,36
2019-10-02T11:00,26.0,91,24.5,31.6,0.00,39,1,2,38
2019-10-02T12:00,26.0,93,24.7,31.7,0.00,40,1,0,85
2019-10-02T13:00,26.0,91,24.4,31.5,0.00,6,0,2,4
2019-10-02T14:00,25.7,87,23.4,30.5,0.00,2,0,2,0
2019-10-02T15:00,25.3,87,23.0,29.7,0.00,2,0,2,0
2019-10-02T16:00,24.9,91,23.4,29.6,0.00,1,0,1,0
2019-10-02T17:00,23.6,95,22.8,28.0,0.00,0,0,0,0
2019-10-02T18:00,24.7,94,23.7,30.5,0.00,0,0,0,0
2019-10-02T19:00,23.4,98,23.1,28.2,0.00,0,0,0,0
2019-10-02T20:00,23.6,98,23.3,28.6,0.00,4,3,1,0
2019-10-02T21:00,23.4,100,23.3,28.7,0.00,17,14,7,0
2019-10-02T22:00,23.5,99,23.4,29.0,0.00,100,100,20,0
2019-10-02T23:00,24.7,96,24.0,30.3,0.00,59,51,31,0
2019-10-03T00:00,26.7,88,24.5,32.8,0.00,59,55,18,0
2019-10-03T01:00,28.2,84,25.2,34.8,0.10,59,55,13,1
2019-10-03T02:00,29.1,82,25.8,36.2,0.00,36,31,14,1
2019-10-03T03:00,30.1,80,26.3,38.5,0.10,41,36,11,5
2019-10-03T04:00,30.9,74,25.7,38.9,0.10,63,62,24,10
2019-10-03T05:00,30.1,70,24.0,35.9,0.70,59,33,29,45
2019-10-03T06:00,29.8,71,24.0,35.7,0.90,60,28,28,50
2019-10-03T07:00,29.6,73,24.2,35.5,0.20,62,54,27,30
2019-10-03T08:00,28.5,77,24.0,33.8,0.50,67,33,52,37
2019-10-03T09:00,28.0,82,24.6,33.5,0.00,43,19,29,12
2019-10-03T10:00,26.8,88,24.6,32.1,0.00,20,0,16,11
2019-10-03T11:00,26.0,89,24.1,30.8,0.00,9,0,8,3
2019-10-03T12:00,25.7,87,23.5,30.0,0.00,3,0,0,0
2019-10-03T13:00,25.6,88,23.5,30.1,0.00,1,1,0,1
2019-10-03T14:00,25.1,89,23.2,29.7,0.00,2,0,0,2
2019-10-03T15:00,23.5,93,22.2,27.4,0.00,1,1,0,1
2019-10-03T16:00,24.7,88,22.6,29.2,0.00,0,0,0,0
2019-10-03T17:00,23.4,92,22.1,27.6,0.00,1,1,0,0
2019-10-03T18:00,22.9,94,21.9,26.7,0.00,3,3,0,0
2019-10-03T19:00,23.1,94,22.1,27.1,0.00,1,1,0,0
2019-10-03T20:00,24.4,93,23.2,29.4,0.00,1,1,0,0
2019-10-03T21:00,24.1,96,23.4,29.3,0.00,2,2,0,0
2019-10-03T22:00,23.2,97,22.7,27.8,0.00,3,3,0,0
2019-10-03T23:00,25.3,89,23.4,30.5,0.00,3,3,0,0
2019-10-04T00:00,27.3,77,22.9,32.4,0.00,3,3,0,0
2019-10-04T01:00,28.5,73,23.1,34.0,0.00,1,1,0,0
2019-10-04T02:00,29.5,69,23.3,36.1,0.00,0,0,0,0
2019-10-04T03:00,30.5,66,23.6,37.5,0.00,12,5,11,0
2019-10-04T04:00,31.1,63,23.2,37.4,0.10,22,8,20,0
2019-10-04T05:00,30.8,65,23.4,36.4,0.00,30,9,30,0
2019-10-04T06:00,29.7,72,24.1,35.0,0.20,67,11,66,0
2019-10-04T07:00,29.4,73,24.0,34.8,0.20,70,23,68,0
2019-10-04T08:00,29.4,74,24.2,35.4,0.00,53,7,51,2
2019-10-04T09:00,28.3,74,23.2,32.7,0.10,34,4,31,4
2019-10-04T10:00,26.5,79,22.6,29.9,0.00,17,1,13,4
2019-10-04T11:00,25.3,86,22.8,28.9,0.00,8,0,5,4
2019-10-04T12:00,25.4,85,22.7,29.1,0.00,11,1,8,5
2019-10-04T13:00,25.2,86,22.7,29.0,0.00,19,1,4,15
2019-10-04T14:00,24.9,88,22.8,28.9,0.00,13,2,1,11
2019-10-04T15:00,24.5,90,22.7,28.8,0.00,9,1,0,9
2019-10-04T16:00,24.3,91,22.6,28.6,0.00,8,0,0,8
2019-10-04T17:00,24.2,91,22.6,28.3,0.00,8,0,0,8
2019-10-04T18:00,24.1,92,22.6,28.2,0.00,8,0,0,8
2019-10-04T19:00,23.9,92,22.6,28.1,0.00,1,0,0,1
2019-10-04T20:00,23.7,93,22.5,27.9,0.00,3,0,2,1
2019-10-04T21:00,23.6,94,22.5,27.6,0.00,3,0,3,0
2019-10-04T22:00,23.8,94,22.7,27.5,0.00,2,0,2,0
2019-10-04T23:00,25.5,88,23.3,29.3,0.00,6,1,5,0
2019-10-05T00:00,27.4,79,23.4,31.0,0.00,3,2,0,0
2019-10-05T01:00,28.6,71,22.9,31.7,0.00,0,0,0,0
2019-10-05T02:00,29.6,66,22.6,33.0,0.00,1,1,0,0
2019-10-05T03:00,30.1,64,22.5,34.0,0.00,1,1,0,0
2019-10-05T04:00,30.3,62,22.3,34.4,0.00,0,0,0,0
2019-10-05T05:00,30.2,63,22.3,34.0,0.00,1,1,0,0
2019-10-05T06:00,29.8,64,22.2,33.0,0.00,3,3,0,0
2019-10-05T07:00,29.2,65,21.9,31.6,0.00,3,3,0,0
2019-10-05T08:00,28.3,70,22.2,30.8,0.00,77,7,0,75
2019-10-05T09:00,27.0,78,22.8,30.1,0.00,83,7,0,82
2019-10-05T10:00,26.0,82,22.6,29.0,0.00,31,3,0,29
2019-10-05T11:00,25.5,85,22.8,28.8,0.00,11,3,1,8
2019-10-05T12:00,25.6,84,22.6,28.8,0.00,14,1,1,1
2019-10-05T13:00,25.8,82,22.5,28.8,0.00,5,4,4,1
2019-10-05T14:00,25.6,83,22.5,28.5,0.00,12,7,11,0
2019-10-05T15:00,25.4,84,22.5,28.3,0.00,24,4,9,17
2019-10-05T16:00,25.1,86,22.5,28.0,0.00,35,9,7,29
2019-10-05T17:00,25.0,86,22.5,27.9,0.00,98,14,13,98
2019-10-05T18:00,24.9,86,22.4,27.7,0.00,98,14,14,98
2019-10-05T19:00,24.7,85,22.1,27.4,0.00,95,13,14,94
2019-10-05T20:00,24.7,85,22.1,27.4,0.00,82,3,8,80
2019-10-05T21:00,24.6,86,22.0,27.3,0.00,90,5,10,89
2019-10-05T22:00,24.5,86,21.9,27.1,0.00,92,7,16,91
2019-10-05T23:00,25.4,83,22.4,28.1,0.00,80,5,17,76
2019-10-06T00:00,27.0,76,22.4,29.0,0.00,55,6,18,87
2019-10-06T01:00,27.7,72,22.2,29.1,0.00,85,13,14,82
2019-10-06T02:00,28.1,68,21.8,29.4,0.00,93,21,13,91
2019-10-06T03:00,28.6,66,21.5,30.5,0.00,94,20,7,94
2019-10-06T04:00,28.7,64,21.2,30.4,0.00,94,30,8,93
2019-10-06T05:00,28.9,63,21.1,30.6,0.00,92,40,3,88
2019-10-06T06:00,28.7,64,21.3,30.4,0.00,83,2,3,82
2019-10-06T07:00,28.4,65,21.1,29.9,0.00,75,3,3,74
2019-10-06T08:00,27.7,69,21.4,29.6,0.00,70,6,2,68
2019-10-06T09:00,26.7,73,21.4,29.1,0.00,60,7,2,57
2019-10-06T10:00,25.5,79,21.6,28.1,0.00,5,4,3,0
2019-10-06T11:00,24.9,84,22.0,27.6,0.00,5,4,3,0
2019-10-06T12:00,25.0,86,22.4,27.8,0.00,9,1,2,4
2019-10-06T13:00,25.1,86,22.5,27.9,0.00,3,1,1,2
2019-10-06T14:00,25.0,86,22.4,27.6,0.00,6,6,1,0
2019-10-06T15:00,24.7,87,22.4,27.3,0.00,7,7,1,0
2019-10-06T16:00,24.4,89,22.5,27.0,0.00,8,7,1,0
2019-10-06T17:00,24.2,89,22.3,26.9,0.00,3,1,3,0
2019-10-06T18:00,24.0,89,22.2,26.8,0.00,2,1,1,0
2019-10-06T19:00,23.9,90,22.2,26.9,0.00,5,5,1,0
2019-10-06T20:00,23.9,91,22.2,26.9,0.00,5,5,3,0
2019-10-06T21:00,23.8,91,22.2,26.9,0.00,4,2,4,0
2019-10-06T22:00,23.8,90,22.2,27.0,0.00,8,7,4,0
2019-10-06T23:00,25.1,87,22.7,28.5,0.00,12,11,7,0
2019-10-07T00:00,27.1,78,22.9,30.2,0.00,20,10,2,0
2019-10-07T01:00,28.2,69,22.0,30.6,0.00,5,4,2,0
2019-10-07T02:00,29.0,66,22.0,31.9,0.00,1,1,1,0
2019-10-07T03:00,29.5,63,21.7,32.9,0.00,0,0,0,0
2019-10-07T04:00,29.8,61,21.4,33.3,0.00,1,1,0,0
2019-10-07T05:00,29.8,61,21.5,33.0,0.00,9,9,0,0
2019-10-07T06:00,29.4,63,21.6,32.0,0.00,0,0,0,0
2019-10-07T07:00,28.6,72,23.0,31.4,0.00,1,1,0,0
2019-10-07T08:00,27.5,78,23.4,30.7,0.00,1,1,0,0
2019-10-07T09:00,26.4,82,23.2,29.8,0.00,0,0,0,0
2019-10-07T10:00,25.2,87,22.8,28.5,0.00,1,1,0,0
2019-10-07T11:00,24.6,89,22.8,28.0,0.00,5,5,0,0
2019-10-07T12:00,24.7,90,23.0,28.2,0.00,6,3,0,0
2019-10-07T13:00,24.7,91,23.1,28.2,0.00,8,8,0,0
2019-10-07T14:00,24.6,91,23.1,28.1,0.00,12,12,0,0
2019-10-07T15:00,24.5,91,23.0,27.9,0.00,19,19,2,0
2019-10-07T16:00,24.4,91,22.9,27.8,0.00,8,7,7,0
2019-10-07T17:00,24.2,92,22.8,27.6,0.00,11,10,7,0
2019-10-07T18:00,24.1,92,22.7,27.5,0.00,18,18,10,0
2019-10-07T19:00,24.1,92,22.7,27.6,0.00,29,28,12,0
2019-10-07T20:00,24.0,92,22.5,27.4,0.00,18,18,10,0
2019-10-07T21:00,23.8,92,22.3,27.1,0.00,19,19,8,0
2019-10-07T22:00,23.7,91,22.2,26.8,0.00,26,26,0,0
2019-10-07T23:00,24.7,88,22.6,27.6,0.00,29,29,0,0
2019-10-08T00:00,26.3,80,22.5,28.6,0.00,63,43,0,0
2019-10-08T01:00,26.9,74,22.0,28.6,0.00,67,67,0,0
2019-10-08T02:00,27.1,72,21.7,28.5,0.00,4,4,0,0
2019-10-08T03:00,28.0,66,21.0,30.2,0.00,15,15,0,0
2019-10-08T04:00,28.1,64,20.7,30.1,0.00,19,19,0,0
2019-10-08T05:00,27.6,67,20.8,29.2,0.00,6,6,0,0
2019-10-08T06:00,27.5,66,20.6,29.2,0.00,42,42,0,0
2019-10-08T07:00,26.9,68,20.5,27.8,0.00,3,3,0,0
2019-10-08T08:00,25.9,71,20.3,27.0,0.00,1,1,0,0
2019-10-08T09:00,25.1,73,20.0,26.8,0.00,3,3,0,0
2019-10-08T10:00,24.5,74,19.5,26.3,0.00,5,5,0,0
2019-10-08T11:00,24.1,76,19.6,26.2,0.00,2,2,0,0
2019-10-08T12:00,24.0,79,20.1,26.5,0.00,23,3,2,0
2019-10-08T13:00,24.3,78,20.2,26.7,0.00,16,15,10,0
2019-10-08T14:00,24.0,84,21.0,26.4,0.00,22,19,10,0
2019-10-08T15:00,23.6,88,21.4,26.4,0.10,41,26,36,0
2019-10-08T16:00,23.4,90,21.7,26.1,0.20,65,62,30,0
2019-10-08T17:00,23.3,91,21.7,26.1,0.10,39,19,36,0
2019-10-08T18:00,23.2,92,21.8,26.1,0.10,36,18,34,0
2019-10-08T19:00,23.4,91,21.9,26.3,0.10,26,21,23,0
2019-10-08T20:00,23.2,90,21.4,25.8,0.10,45,41,34,0
2019-10-08T21:00,23.2,90,21.4,26.0,0.10,43,32,38,0
2019-10-08T22:00,23.0,92,21.6,25.9,0.10,33,28,28,0
2019-10-08T23:00,24.0,88,21.9,26.9,0.10,62,60,34,0
2019-10-09T00:00,25.4,82,22.1,27.9,0.10,46,30,25,0
2019-10-09T01:00,26.3,77,21.8,28.3,0.10,52,30,47,0
2019-10-09T02:00,26.5,76,21.8,28.4,0.10,66,41,61,0
2019-10-09T03:00,26.7,75,21.8,28.7,0.10,52,48,39,0
2019-10-09T04:00,26.5,76,21.9,28.6,0.10,45,40,39,0
2019-10-09T05:00,26.5,75,21.6,28.1,0.10,32,31,11,0
2019-10-09T06:00,26.5,73,21.2,28.0,0.00,19,19,0,0
2019-10-09T07:00,26.2,72,20.8,27.5,0.00,45,45,0,0
2019-10-09T08:00,25.4,74,20.5,26.7,0.00,34,33,5,0
2019-10-09T09:00,24.5,77,20.1,26.3,0.00,10,9,7,0
2019-10-09T10:00,23.7,78,19.7,25.7,0.00,2,2,0,0
2019-10-09T11:00,23.2,81,19.7,25.3,0.00,3,3,0,0
2019-10-09T12:00,23.0,82,19.8,25.4,0.00,5,4,0,0
2019-10-09T13:00,23.2,82,19.9,25.6,0.00,19,19,0,0
2019-10-09T14:00,23.1,82,19.9,25.4,0.00,9,9,0,0
2019-10-09T15:00,22.6,83,19.5,24.9,0.00,3,3,0,0
2019-10-09T16:00,22.2,84,19.4,24.7,0.00,5,5,0,0
2019-10-09T17:00,21.8,87,19.4,24.4,0.00,1,1,0,0
2019-10-09T18:00,20.8,91,19.3,23.5,0.00,1,1,0,0
2019-10-09T19:00,20.2,93,19.0,22.6,0.00,18,18,0,0
2019-10-09T20:00,21.1,90,19.4,24.0,0.00,30,30,0,0
2019-10-09T21:00,21.1,91,19.6,24.2,0.00,55,55,0,0
2019-10-09T22:00,21.3,93,20.0,24.6,0.00,42,42,0,0
2019-10-09T23:00,23.2,85,20.5,27.1,0.00,16,16,0,0
2019-10-10T00:00,24.9,77,20.6,28.0,0.00,11,20,0,0
2019-10-10T01:00,25.8,73,20.6,28.8,0.00,11,11,0,0
2019-10-10T02:00,26.5,67,19.9,29.5,0.00,11,11,0,0
2019-10-10T03:00,27.0,64,19.6,30.8,0.00,0,0,0,0
2019-10-10T04:00,27.4,63,19.7,31.6,0.00,0,0,0,0
2019-10-10T05:00,27.5,62,19.7,31.5,0.00,0,0,0,0
2019-10-10T06:00,27.2,63,19.6,30.5,0.00,0,0,0,0
2019-10-10T07:00,26.6,64,19.3,28.7,0.00,0,0,0,0
2019-10-10T08:00,25.5,67,18.9,27.3,0.00,0,0,0,0
2019-10-10T09:00,24.2,73,19.0,26.4,0.00,0,0,0,0
2019-10-10T10:00,22.7,78,18.6,25.0,0.00,0,0,0,0
2019-10-10T11:00,22.0,81,18.6,24.3,0.00,0,0,0,0
2019-10-10T12:00,22.1,78,18.1,23.7,0.00,0,0,0,0
2019-10-10T13:00,22.1,78,18.1,23.7,0.00,0,0,0,0
2019-10-10T14:00,22.0,79,18.2,23.5,0.00,0,0,0,0
2019-10-10T15:00,21.8,82,18.5,23.4,0.00,0,0,0,0
2019-10-10T16:00,21.5,84,18.7,23.3,0.00,0,0,0,0
2019-10-10T17:00,21.1,87,18.8,23.2,0.00,0,0,0,0
2019-10-10T18:00,20.6,90,18.9,23.1,0.00,0,0,0,0
2019-10-10T19:00,20.1,93,18.9,22.7,0.00,0,0,0,0
2019-10-10T20:00,19.6,95,18.7,22.0,0.00,0,0,0,0
2019-10-10T21:00,19.3,95,18.5,21.5,0.00,0,0,0,0
2019-10-10T22:00,19.7,95,18.8,22.3,0.00,0,0,0,0
2019-10-10T23:00,22.1,88,20.0,25.5,0.00,0,0,0,0
2019-10-11T00:00,24.5,77,20.3,28.0,0.00,1,0,0,0
2019-10-11T01:00,25.8,73,20.7,29.6,0.00,5,5,0,0
2019-10-11T02:00,27.0,68,20.7,31.5,0.00,5,5,0,0
2019-10-11T03:00,27.8,67,21.2,33.2,0.00,4,4,0,0
2019-10-11T04:00,28.3,66,21.3,33.8,0.00,4,4,0,0
2019-10-11T05:00,28.4,65,21.3,33.5,0.00,1,1,0,0
2019-10-11T06:00,28.0,66,21.1,32.0,0.00,0,0,0,0
2019-10-11T07:00,27.1,69,20.8,29.8,0.00,0,0,0,0
2019-10-11T08:00,26.0,72,20.6,28.4,0.00,0,0,0,0
2019-10-11T09:00,24.6,78,20.5,27.4,0.00,0,0,0,0
2019-10-11T10:00,23.4,85,20.6,26.2,0.00,0,0,0,0
2019-10-11T11:00,22.9,88,20.7,25.6,0.00,0,0,0,0
2019-10-11T12:00,22.8,89,20.9,25.7,0.00,0,0,0,0
2019-10-11T13:00,22.8,88,20.7,25.7,0.00,0,0,0,0
2019-10-11T14:00,22.6,87,20.4,25.2,0.00,0,0,0,0
2019-10-11T15:00,22.3,87,20.1,24.8,0.00,0,0,0,0
2019-10-11T16:00,22.0,89,20.1,24.6,0.00,0,0,0,0
2019-10-11T17:00,21.6,93,20.3,24.5,0.00,0,0,0,0
2019-10-11T18:00,21.3,95,20.4,24.4,0.00,0,0,0,0
2019-10-11T19:00,21.0,96,20.3,24.2,0.00,0,0,0,0
2019-10-11T20:00,20.9,96,20.2,24.1,0.00,0,0,0,0
2019-10-11T21:00,20.7,96,20.1,23.8,0.00,0,0,0,0
2019-10-11T22:00,20.4,97,19.9,23.3,0.00,0,0,0,0
2019-10-11T23:00,23.3,89,21.4,27.3,0.00,3,3,1,0
2019-10-12T00:00,25.6,80,21.9,29.3,0.00,20,3,1,0
2019-10-12T01:00,26.9,74,21.9,30.3,0.00,6,6,2,0
2019-10-12T02:00,27.9,68,21.5,31.2,0.00,21,21,1,0
2019-10-12T03:00,28.5,66,21.6,32.1,0.00,31,31,0,0
2019-10-12T04:00,28.7,65,21.6,32.2,0.00,51,50,3,0
2019-10-12T05:00,28.6,66,21.5,31.7,0.00,65,65,3,0
2019-10-12T06:00,27.5,72,22.0,30.3,0.00,91,91,2,0
2019-10-12T07:00,27.2,73,21.9,30.0,0.00,50,50,0,0
2019-10-12T08:00,26.4,75,21.6,29.2,0.00,34,34,0,0
2019-10-12T09:00,25.4,80,21.6,28.5,0.00,41,41,0,0
2019-10-12T10:00,24.6,84,21.8,28.0,0.00,17,17,0,0
2019-10-12T11:00,24.1,87,21.8,27.7,0.00,11,11,0,0
2019-10-12T12:00,23.9,90,22.2,27.6,0.00,18,5,0,0
2019-10-12T13:00,24.0,91,22.4,27.9,0.00,4,4,0,0
2019-10-12T14:00,23.9,91,22.2,27.9,0.00,2,2,0,0
2019-10-12T15:00,23.2,93,22.0,27.3,0.00,2,2,0,0
2019-10-12T16:00,22.8,93,21.7,26.8,0.00,3,3,0,0
2019-10-12T17:00,22.6,93,21.4,26.5,0.00,29,29,4,0
2019-10-12T18:00,22.7,92,21.2,26.5,0.00,39,39,3,0
2019-10-12T19:00,22.7,91,21.1,26.4,0.00,37,37,0,0
2019-10-12T20:00,22.1,93,20.9,25.6,0.00,35,35,0,0
2019-10-12T21:00,21.8,93,20.7,25.2,0.00,49,49,0,0
2019-10-12T22:00,22.2,92,20.8,25.8,0.00,57,40,0,28
2019-10-12T23:00,23.8,85,21.2,27.5,0.00,58,30,0,40
2019-10-13T00:00,25.8,76,21.2,28.6,0.00,46,40,0,0
2019-10-13T01:00,26.2,73,21.0,28.5,0.00,48,48,0,0
2019-10-13T02:00,26.7,71,20.9,28.6,0.00,55,55,0,0
2019-10-13T03:00,27.1,64,19.8,28.7,0.00,14,14,0,0
2019-10-13T04:00,27.6,61,19.4,29.7,0.00,58,58,0,0
2019-10-13T05:00,26.8,65,19.7,28.3,0.00,15,15,0,0
2019-10-13T06:00,26.9,64,19.6,28.5,0.00,35,35,0,0
2019-10-13T07:00,26.6,65,19.6,28.1,0.00,46,46,1,0
2019-10-13T08:00,25.7,71,20.1,27.6,0.00,48,48,1,0
2019-10-13T09:00,24.9,74,19.9,27.2,0.00,3,3,0,0
2019-10-13T10:00,23.8,74,18.8,26.0,0.00,1,1,0,0
2019-10-13T11:00,23.0,78,18.9,25.5,0.00,9,9,0,0
2019-10-13T12:00,23.1,78,19.1,25.6,0.00,37,56,0,0
2019-10-13T13:00,23.8,79,19.8,26.4,0.00,61,54,0,15
2019-10-13T14:00,23.9,74,18.9,26.0,0.00,40,27,0,18
2019-10-13T15:00,23.0,75,18.4,25.1,0.00,33,33,0,0
2019-10-13T16:00,22.9,79,19.1,25.3,0.00,98,98,0,0
2019-10-13T17:00,23.5,77,19.2,25.8,0.00,35,35,0,0
2019-10-13T18:00,22.7,80,19.1,25.2,0.00,94,94,0,0
2019-10-13T19:00,22.9,79,19.1,25.5,0.00,88,88,0,0
2019-10-13T20:00,23.3,75,18.6,25.4,0.00,51,51,2,0
2019-10-13T21:00,23.0,75,18.3,24.8,0.00,62,61,6,0
2019-10-13T22:00,23.0,74,18.1,24.7,0.00,45,45,5,0
2019-10-13T23:00,23.4,76,19.0,25.2,0.00,76,75,27,0
2019-10-14T00:00,25.1,72,19.7,27.9,0.00,35,25,6,0
2019-10-14T01:00,26.2,65,19.1,26.9,0.00,59,59,26,0
2019-10-14T02:00,26.6,59,17.8,26.8,0.00,12,12,0,0
2019-10-14T03:00,26.8,58,17.9,27.5,0.00,40,40,0,0
2019-10-14T04:00,27.1,56,17.7,28.3,0.00,55,55,0,0
2019-10-14T05:00,26.4,58,17.5,26.7,0.00,47,47,0,0
2019-10-14T06:00,26.1,59,17.4,26.1,0.00,60,60,0,0
2019-10-14T07:00,25.3,61,17.2,25.3,0.00,52,52,1,0
2019-10-14T08:00,24.6,65,17.6,25.4,0.00,76,76,17,0
2019-10-14T09:00,24.0,66,17.3,25.3,0.00,77,77,18,0
2019-10-14T10:00,23.7,64,16.6,24.4,0.00,99,99,54,0
2019-10-14T11:00,23.7,65,16.7,24.3,0.00,62,61,35,0
2019-10-14T12:00,23.6,65,16.6,24.6,0.00,65,41,13,0
2019-10-14T13:00,23.6,63,16.0,24.2,0.00,94,94,61,0
2019-10-14T14:00,23.5,62,15.9,24.0,0.00,83,82,50,0
2019-10-14T15:00,23.6,61,15.5,23.9,0.00,74,73,55,0
2019-10-14T16:00,23.5,61,15.5,23.9,0.00,61,60,35,0
2019-10-14T17:00,22.4,73,17.3,23.7,0.10,54,39,49,0
2019-10-14T18:00,22.3,70,16.6,23.5,0.00,71,70,45,0
2019-10-14T19:00,22.7,62,15.2,23.4,0.00,5,4,3,0
2019-10-14T20:00,21.1,75,16.6,22.4,0.00,31,10,29,0
2019-10-14T21:00,20.9,82,17.7,22.8,0.10,88,43,86,0
2019-10-14T22:00,21.5,80,17.9,23.5,0.10,86,35,84,0
2019-10-14T23:00,22.6,76,18.0,23.9,0.00,41,27,36,0
2019-10-15T00:00,24.4,66,17.8,25.5,0.10,36,12,10,0
2019-10-15T01:00,24.6,65,17.5,24.0,0.00,31,27,16,0
2019-10-15T02:00,24.0,68,17.7,23.8,0.20,71,56,66,0
2019-10-15T03:00,24.1,68,17.9,24.4,0.20,98,83,98,0
2019-10-15T04:00,23.7,68,17.5,23.4,0.20,100,100,100,0
2019-10-15T05:00,23.4,68,17.1,23.1,0.00,100,64,100,0
2019-10-15T06:00,23.3,68,17.1,22.9,0.00,99,30,99,0
2019-10-15T07:00,22.9,70,17.2,22.7,0.00,99,0,99,0
2019-10-15T08:00,22.9,67,16.6,22.6,0.00,85,44,84,0
2019-10-15T09:00,22.5,68,16.3,22.3,0.00,74,20,73,0
2019-10-15T10:00,22.0,69,16.0,21.7,0.00,68,25,67,0
2019-10-15T11:00,21.6,71,16.1,21.7,0.00,73,25,72,0
2019-10-15T12:00,21.5,74,16.7,22.2,0.00,74,1,22,0
2019-10-15T13:00,21.4,75,16.7,22.3,0.00,77,53,74,0
2019-10-15T14:00,21.5,74,16.7,22.5,0.00,93,86,92,0
2019-10-15T15:00,21.9,69,16.1,22.4,0.00,92,92,84,0
2019-10-15T16:00,21.8,69,15.8,22.1,0.00,74,72,69,0
2019-10-15T17:00,21.2,73,16.1,21.7,0.00,24,8,23,0
2019-10-15T18:00,20.6,78,16.7,21.9,0.00,48,33,42,0
2019-10-15T19:00,20.0,82,16.8,21.7,0.00,32,28,25,0
2019-10-15T20:00,20.1,79,16.3,21.4,0.00,84,83,31,0
2019-10-15T21:00,20.5,77,16.4,21.8,0.00,91,91,35,0
2019-10-15T22:00,20.9,75,16.3,22.1,0.00,75,75,28,0
2019-10-15T23:00,21.4,75,16.9,22.9,0.00,62,61,17,0
2019-10-16T00:00,23.6,67,17.0,24.9,0.00,83,62,0,0
2019-10-16T01:00,24.6,60,16.2,24.5,0.00,84,84,0,0
2019-10-16T02:00,24.5,63,17.0,24.2,0.00,94,94,5,0
2019-10-16T03:00,24.4,63,16.9,24.4,0.00,93,93,8,0
2019-10-16T04:00,25.0,63,17.4,24.9,0.00,88,88,47,0
2019-10-16T05:00,24.1,69,18.0,24.2,0.00,87,85,68,12
2019-10-16T06:00,24.0,71,18.4,24.7,0.00,94,93,76,5
2019-10-16T07:00,23.6,75,19.0,24.9,0.00,100,100,83,5
2019-10-16T08:00,23.4,77,19.1,24.8,0.00,58,35,53,1
2019-10-16T09:00,22.6,80,19.0,24.9,0.00,39,33,32,0
2019-10-16T10:00,21.7,87,19.4,24.8,0.00,73,72,51,0
2019-10-16T11:00,22.1,84,19.2,24.8,0.00,45,10,44,0
2019-10-16T12:00,21.8,87,19.4,24.5,0.00,61,35,12,1
2019-10-16T13:00,22.1,85,19.5,24.9,0.00,33,32,8,0
2019-10-16T14:00,22.0,86,19.6,24.9,0.00,25,24,8,0
2019-10-16T15:00,22.2,83,19.1,24.5,0.00,11,8,7,2
2019-10-16T16:00,22.0,85,19.4,24.7,0.00,39,27,8,16
2019-10-16T17:00,21.8,85,19.1,24.4,0.00,50,50,19,0
2019-10-16T18:00,22.2,81,18.7,24.6,0.00,71,70,38,0
2019-10-16T19:00,22.4,80,18.8,24.5,0.00,53,52,35,0
2019-10-16T20:00,21.6,86,19.2,24.2,0.00,35,32,29,0
2019-10-16T21:00,21.9,82,18.7,24.3,0.00,88,87,27,0
2019-10-16T22:00,22.0,79,18.2,24.1,0.00,87,86,32,0
2019-10-16T23:00,23.0,76,18.4,25.1,0.00,77,77,37,0
2019-10-17T00:00,23.6,73,18.4,25.4,0.00,79,65,37,0
2019-10-17T01:00,24.7,65,17.7,25.5,0.00,35,33,32,0
2019-10-17T02:00,25.4,63,17.7,25.8,0.00,21,20,12,0
2019-10-17T03:00,25.8,60,17.5,26.6,0.00,40,39,2,0
2019-10-17T04:00,25.8,59,17.3,26.6,0.00,66,66,1,0
2019-10-17T05:00,25.5,59,17.0,25.7,0.00,76,75,18,0
2019-10-17T06:00,25.4,60,17.2,25.7,0.00,66,66,30,0
2019-10-17T07:00,24.6,63,17.1,24.9,0.00,81,80,65,0
2019-10-17T08:00,24.2,63,16.8,24.8,0.00,16,10,14,0
2019-10-17T09:00,23.2,69,17.3,24.9,0.00,20,20,2,0
2019-10-17T10:00,21.8,75,17.1,23.5,0.00,49,49,3,0
2019-10-17T11:00,21.5,75,16.9,22.9,0.00,37,37,1,0
2019-10-17T12:00,22.1,73,17.0,23.6,0.00,98,29,0,0
2019-10-17T13:00,21.1,78,17.1,22.5,0.00,59,59,8,0
2019-10-17T14:00,23.0,65,16.1,24.4,0.00,65,64,15,0
2019-10-17T15:00,21.0,78,17.0,22.5,0.00,84,84,15,0
2019-10-17T16:00,21.0,80,17.4,23.1,0.00,87,87,17,0
2019-10-17T17:00,21.0,81,17.6,23.2,0.00,60,60,13,0
2019-10-17T18:00,20.8,83,17.8,23.2,0.00,29,29,12,0
2019-10-17T19:00,20.3,82,17.2,22.5,0.00,24,24,8,0
2019-10-17T20:00,19.8,86,17.3,21.8,0.00,37,37,3,0
2019-10-17T21:00,19.9,87,17.7,22.2,0.00,64,64,6,0
2019-10-17T22:00,20.3,87,18.1,23.1,0.00,58,58,9,0
2019-10-17T23:00,22.0,76,17.7,24.4,0.00,85,85,21,0
2019-10-18T00:00,23.3,74,18.5,25.6,0.00,67,48,6,0
2019-10-18T01:00,24.2,70,18.4,25.4,0.00,57,57,14,0
2019-10-18T02:00,24.2,70,18.5,25.3,0.00,100,100,30,0
2019-10-18T03:00,25.0,66,18.3,25.8,0.00,85,84,29,0
2019-10-18T04:00,25.3,62,17.6,25.9,0.00,57,57,8,0
2019-10-18T05:00,25.5,60,17.1,26.3,0.00,64,64,1,0
2019-10-18T06:00,25.1,61,17.0,25.6,0.00,97,97,0,0
2019-10-18T07:00,24.1,67,17.5,24.7,0.00,93,93,2,0
2019-10-18T08:00,23.1,69,17.1,23.7,0.00,34,34,4,0
2019-10-18T09:00,22.1,70,16.3,23.2,0.00,2,2,0,0
2019-10-18T10:00,20.0,82,16.8,21.5,0.00,21,21,0,0
2019-10-18T11:00,20.3,80,16.6,22.1,0.00,78,78,0,0
2019-10-18T12:00,20.7,81,17.3,22.8,0.00,100,68,0,0
2019-10-18T13:00,21.7,77,17.6,23.5,0.00,79,79,8,0
2019-10-18T14:00,21.4,80,17.9,23.8,0.00,67,66,13,0
2019-10-18T15:00,21.6,80,18.0,24.0,0.00,83,82,14,0
2019-10-18T16:00,21.5,81,18.1,23.8,0.00,95,95,40,0
2019-10-18T17:00,21.6,84,18.7,24.3,0.00,100,100,48,0
2019-10-18T18:00,21.5,86,19.1,24.5,0.10,100,100,72,0
2019-10-18T19:00,21.4,88,19.3,24.5,0.10,100,100,83,0
2019-10-18T20:00,21.5,88,19.4,24.7,0.10,100,100,86,0
2019-10-18T21:00,21.5,86,19.0,24.4,0.10,100,100,85,0
2019-10-18T22:00,21.4,88,19.4,24.3,0.10,100,100,87,0
2019-10-18T23:00,22.0,84,19.1,24.8,0.00,100,100,79,0
2019-10-19T00:00,22.9,79,19.0,25.9,0.00,97,98,75,0
2019-10-19T01:00,22.9,79,19.1,25.2,0.00,99,99,69,0
2019-10-19T02:00,23.6,74,18.8,24.8,0.10,99,88,99,0
2019-10-19T03:00,24.1,71,18.6,24.8,0.00,100,90,100,0
2019-10-19T04:00,24.2,71,18.5,24.5,0.00,99,53,98,0
2019-10-19T05:00,24.0,70,18.3,24.4,0.00,82,78,78,0
2019-10-19T06:00,23.5,73,18.4,24.1,0.00,88,87,85,0
2019-10-19T07:00,23.4,74,18.5,24.1,0.00,84,65,81,0
2019-10-19T08:00,23.1,75,18.4,24.1,0.00,79,49,74,0
2019-10-19T09:00,22.6,76,18.1,24.1,0.00,99,99,50,0
2019-10-19T10:00,22.6,72,17.2,23.5,0.00,100,100,23,0
2019-10-19T11:00,22.7,67,16.2,23.4,0.00,39,36,17,0
2019-10-19T12:00,20.8,83,17.8,22.4,0.00,19,5,19,0
2019-10-19T13:00,21.4,79,17.7,23.3,0.00,89,89,8,0
2019-10-19T14:00,21.9,74,17.1,23.5,0.00,97,97,13,0
2019-10-19T15:00,21.9,72,16.7,23.5,0.00,42,41,20,0
2019-10-19T16:00,20.4,80,16.9,21.7,0.00,54,54,15,0
2019-10-19T17:00,21.0,75,16.5,22.3,0.00,63,63,20,0
2019-10-19T18:00,21.0,75,16.5,22.3,0.00,62,61,19,0
2019-10-19T19:00,20.7,78,16.7,22.7,0.00,77,77,21,0
2019-10-19T20:00,20.1,85,17.6,22.5,0.00,50,49,14,0
2019-10-19T21:00,20.0,84,17.3,22.5,0.00,45,45,11,0
2019-10-19T22:00,19.5,87,17.3,21.6,0.00,80,80,7,0
2019-10-19T23:00,21.6,78,17.6,23.9,0.00,99,99,10,0
2019-10-20T00:00,22.8,66,16.2,24.6,0.00,90,76,12,0
2019-10-20T01:00,23.3,65,16.3,23.5,0.10,94,94,10,0
2019-10-20T02:00,24.1,60,16.0,24.1,0.00,47,46,15,0
2019-10-20T03:00,24.5,58,15.7,24.6,0.00,74,74,8,0
2019-10-20T04:00,25.0,56,15.8,25.2,0.00,100,100,2,0
2019-10-20T05:00,23.8,61,16.0,23.8,0.00,95,95,7,0
2019-10-20T06:00,23.8,61,15.8,24.1,0.00,100,100,7,0
2019-10-20T07:00,23.4,65,16.4,24.3,0.00,100,100,11,0
2019-10-20T08:00,23.2,68,16.9,24.3,0.00,70,70,0,0
2019-10-20T09:00,22.6,74,17.7,24.9,0.00,93,93,12,0
2019-10-20T10:00,22.3,75,17.7,24.5,0.00,94,94,28,0
2019-10-20T11:00,22.2,76,17.7,24.5,0.00,96,96,36,0
2019-10-20T12:00,21.0,82,17.9,23.1,0.00,81,13,2,0
2019-10-20T13:00,21.3,83,18.2,23.6,0.00,54,53,4,0
2019-10-20T14:00,21.5,83,18.5,24.0,0.00,89,88,7,0
2019-10-20T15:00,21.8,80,18.1,24.0,0.00,86,86,9,0
2019-10-20T16:00,21.4,82,18.2,23.5,0.00,73,72,19,0
2019-10-20T17:00,21.0,87,18.7,23.6,0.00,67,66,23,0
2019-10-20T18:00,21.2,85,18.5,23.5,0.00,94,94,25,0
2019-10-20T19:00,21.3,85,18.6,23.6,0.00,99,99,20,0
2019-10-20T20:00,21.8,73,16.8,23.3,0.00,79,77,22,0
2019-10-20T21:00,22.0,70,16.2,23.6,0.00,86,83,51,0
2019-10-20T22:00,20.6,82,17.4,23.0,0.00,98,98,61,0
2019-10-20T23:00,21.7,77,17.5,23.6,0.00,94,93,49,0
2019-10-21T00:00,23.4,69,17.3,25.5,0.00,91,54,24,0
2019-10-21T01:00,24.1,65,17.0,24.8,0.10,100,100,17,0
2019-10-21T02:00,24.4,63,17.0,24.8,0.00,92,92,16,0
2019-10-21T03:00,24.8,62,17.1,25.4,0.00,85,84,20,0
2019-10-21T04:00,24.9,61,16.9,25.2,0.00,100,100,21,0
2019-10-21T05:00,24.9,60,16.6,25.3,0.00,100,100,18,0
2019-10-21T06:00,24.4,60,16.2,24.5,0.00,100,100,18,0
2019-10-21T07:00,24.0,60,15.6,23.9,0.00,100,100,21,0
2019-10-21T08:00,23.6,59,15.1,23.7,0.00,89,89,25,0
2019-10-21T09:00,22.7,66,15.9,23.8,0.00,65,62,23,0
2019-10-21T10:00,20.9,76,16.5,22.3,0.00,46,45,11,0
2019-10-21T11:00,20.6,78,16.5,22.1,0.00,23,16,19,0
2019-10-21T12:00,20.1,84,17.3,21.7,0.00,15,0,38,0
2019-10-21T13:00,20.0,83,17.0,21.7,0.00,23,7,21,0
2019-10-21T14:00,19.3,86,16.9,20.7,0.00,23,6,21,0
2019-10-21T15:00,18.8,88,16.7,20.2,0.00,29,6,28,0
2019-10-21T16:00,18.9,87,16.7,20.3,0.00,47,5,46,0
2019-10-21T17:00,19.4,84,16.7,20.9,0.00,54,3,53,0
2019-10-21T18:00,19.0,88,17.1,20.6,0.00,78,22,76,0
2019-10-21T19:00,19.5,89,17.5,21.4,0.00,94,35,93,0
2019-10-21T20:00,20.1,87,17.8,22.3,0.00,89,30,77,49
2019-10-21T21:00,19.8,89,17.9,21.9,0.00,97,26,77,86
2019-10-21T22:00,19.9,86,17.5,21.8,0.00,97,25,78,87
2019-10-21T23:00,21.7,73,16.8,23.1,0.00,75,21,12,68
2019-10-22T00:00,23.4,62,15.7,23.9,0.00,45,39,1,0
2019-10-22T01:00,24.6,55,15.0,24.7,0.00,35,35,4,0
2019-10-22T02:00,25.6,52,15.1,26.0,0.00,20,20,1,0
2019-10-22T03:00,26.2,54,16.0,27.2,0.00,88,88,1,0
2019-10-22T04:00,26.0,54,16.1,26.7,0.00,47,47,0,0
2019-10-22T05:00,26.1,53,15.9,27.2,0.00,22,22,3,0
2019-10-22T06:00,25.6,56,16.1,26.1,0.00,20,19,13,0
2019-10-22T07:00,25.1,55,15.3,24.9,0.00,15,14,12,0
2019-10-22T08:00,24.4,57,15.4,24.4,0.00,14,13,11,0
2019-10-22T09:00,23.2,64,16.1,24.3,0.00,18,18,9,0
2019-10-22T10:00,21.8,72,16.5,23.2,0.00,17,16,10,0
2019-10-22T11:00,21.2,77,16.9,22.7,0.00,12,11,9,0
2019-10-22T12:00,21.3,76,17.0,22.7,0.00,18,17,18,0
2019-10-22T13:00,21.7,76,17.2,23.1,0.00,28,21,25,0
2019-10-22T14:00,21.6,78,17.5,23.1,0.00,20,13,17,0
2019-10-22T15:00,21.3,79,17.6,23.0,0.00,59,56,30,0
2019-10-22T16:00,21.1,81,17.7,22.9,0.00,88,88,35,0
2019-10-22T17:00,21.6,79,17.7,23.2,0.00,19,17,17,0
2019-10-22T18:00,21.0,82,17.8,22.7,0.00,20,19,14,0
2019-10-22T19:00,20.7,84,17.8,22.5,0.00,27,19,24,1
2019-10-22T20:00,20.2,86,17.8,22.1,0.00,23,17,21,0
2019-10-22T21:00,19.6,90,17.9,21.6,0.00,23,21,14,0
2019-10-22T22:00,19.1,92,17.8,20.9,0.00,38,30,35,0
2019-10-22T23:00,21.7,81,18.3,24.2,0.00,40,28,37,0
2019-10-23T00:00,23.8,73,18.7,25.9,0.00,63,26,14,0
2019-10-23T01:00,25.0,67,18.5,26.5,0.00,31,30,16,0
2019-10-23T02:00,25.1,68,18.7,26.7,0.10,31,31,17,0
2019-10-23T03:00,25.1,69,18.9,26.7,0.20,39,39,7,0
2019-10-23T04:00,25.5,66,18.7,27.1,0.10,35,33,13,0
2019-10-23T05:00,25.5,67,18.9,27.1,0.10,39,37,11,0
2019-10-23T06:00,25.2,67,18.7,26.5,0.00,79,78,12,0
2019-10-23T07:00,24.7,66,18.0,25.9,0.00,95,95,21,0
2019-10-23T08:00,24.0,68,17.7,25.4,0.00,97,97,18,0
2019-10-23T09:00,23.3,72,17.9,25.2,0.00,71,71,14,0
2019-10-23T10:00,22.4,78,18.4,24.9,0.00,36,35,10,0
2019-10-23T11:00,21.9,83,18.9,24.7,0.00,35,26,23,0
2019-10-23T12:00,21.8,85,19.2,24.7,0.00,29,30,2,84
2019-10-23T13:00,22.1,83,19.1,24.9,0.00,97,25,5,96
2019-10-23T14:00,22.3,81,18.8,24.9,0.00,92,22,13,90
2019-10-23T15:00,21.9,82,18.7,24.4,0.00,22,12,9,11
2019-10-23T16:00,21.3,85,18.6,23.6,0.00,13,4,8,5
2019-10-23T17:00,20.9,87,18.6,23.2,0.00,10,8,6,0
2019-10-23T18:00,20.4,89,18.6,22.7,0.00,20,7,9,12
2019-10-23T19:00,20.1,90,18.4,22.4,0.00,27,3,25,16
2019-10-23T20:00,19.7,91,18.2,21.6,0.00,24,2,24,0
2019-10-23T21:00,20.1,88,18.0,22.0,0.00,40,2,40,0
2019-10-23T22:00,19.6,89,17.7,21.4,0.00,40,2,40,0
2019-10-23T23:00,22.3,76,17.9,24.5,0.00,99,14,99,0
2019-10-24T00:00,23.0,71,17.5,24.0,0.00,97,5,56,0
2019-10-24T01:00,23.9,63,16.4,24.9,0.00,91,1,91,0
2019-10-24T02:00,24.6,61,16.5,25.7,0.00,100,0,100,0
2019-10-24T03:00,24.8,62,17.1,26.1,0.00,23,21,5,0
2019-10-24T04:00,26.3,57,17.0,28.3,0.00,34,34,1,0
2019-10-24T05:00,26.5,54,16.4,27.7,0.00,64,64,0,0
2019-10-24T06:00,26.3,55,16.5,26.8,0.00,67,67,0,0
2019-10-24T07:00,25.1,63,17.6,25.9,0.00,96,96,0,0
2019-10-24T08:00,24.3,68,18.0,25.5,0.00,56,56,1,0
2019-10-24T09:00,23.2,74,18.3,24.8,0.00,58,58,2,0
2019-10-24T10:00,22.4,78,18.4,24.5,0.00,39,38,4,0
2019-10-24T11:00,22.1,80,18.5,24.3,0.00,36,36,2,0
2019-10-24T12:00,22.2,81,18.8,24.5,0.00,18,14,1,0
2019-10-24T13:00,22.1,80,18.5,24.1,0.00,4,4,2,0
2019-10-24T14:00,21.9,80,18.2,23.6,0.00,6,5,3,0
2019-10-24T15:00,21.4,82,18.2,23.2,0.00,14,13,4,0
2019-10-24T16:00,21.1,84,18.3,23.1,0.00,14,13,6,0
2019-10-24T17:00,21.0,84,18.2,23.0,0.00,2,2,1,0
2019-10-24T18:00,20.7,82,17.6,22.4,0.00,1,1,0,0
2019-10-24T19:00,20.0,84,17.3,21.6,0.00,1,1,0,0
2019-10-24T20:00,19.4,87,17.2,21.0,0.00,21,0,0,21
2019-10-24T21:00,19.1,88,17.1,20.7,0.00,1,1,0,0
2019-10-24T22:00,19.0,88,16.9,20.4,0.00,1,1,0,0
2019-10-24T23:00,21.3,78,17.3,22.6,0.00,6,0,6,0
2019-10-25T00:00,23.8,67,17.2,24.4,0.00,17,1,8,0
2019-10-25T01:00,24.8,60,16.6,24.8,0.00,27,23,11,0
2019-10-25T02:00,25.6,57,16.5,25.7,0.00,63,58,24,0
2019-10-25T03:00,25.9,57,16.6,26.6,0.00,38,31,18,0
2019-10-25T04:00,26.1,56,16.7,27.0,0.00,76,0,76,0
2019-10-25T05:00,25.6,57,16.4,26.0,0.00,23,0,23,0
2019-10-25T06:00,25.2,57,16.1,25.1,0.00,2,2,1,0
2019-10-25T07:00,24.8,57,15.7,24.2,0.00,4,4,0,0
2019-10-25T08:00,24.2,60,15.9,24.0,0.00,1,1,0,0
2019-10-25T09:00,23.2,64,15.9,24.1,0.00,1,1,0,0
2019-10-25T10:00,22.0,70,16.3,23.3,0.00,2,2,1,0
2019-10-25T11:00,21.2,75,16.6,22.8,0.00,12,11,4,0
2019-10-25T12:00,21.5,76,17.0,23.0,0.00,12,3,4,0
2019-10-25T13:00,21.3,77,17.1,23.0,0.00,3,2,2,0
2019-10-25T14:00,20.8,79,17.1,22.4,0.00,5,2,4,0
2019-10-25T15:00,20.7,80,17.1,22.3,0.00,10,5,8,0
2019-10-25T16:00,20.6,81,17.3,22.3,0.00,19,17,8,0
2019-10-25T17:00,20.5,83,17.5,22.3,0.00,24,22,8,0
2019-10-25T18:00,20.6,84,17.7,22.4,0.00,33,30,13,0
2019-10-25T19:00,21.0,84,18.2,22.8,0.00,19,16,10,0
2019-10-25T20:00,20.8,85,18.2,22.5,0.00,8,8,2,0
2019-10-25T21:00,20.4,87,18.2,22.0,0.00,6,5,2,0
2019-10-25T22:00,20.4,88,18.3,22.0,0.00,35,34,4,0
2019-10-25T23:00,21.8,81,18.3,23.3,0.00,29,29,2,0
2019-10-26T00:00,24.0,70,18.3,24.6,0.00,40,33,1,0
2019-10-26T01:00,24.7,66,17.9,24.7,0.00,66,58,1,18
2019-10-26T02:00,25.1,63,17.6,25.0,0.00,73,73,0,0
2019-10-26T03:00,25.3,63,17.8,25.2,0.00,59,59,0,0
2019-10-26T04:00,25.6,61,17.6,25.7,0.00,68,68,0,0
2019-10-26T05:00,24.9,64,17.6,24.9,0.00,97,97,2,0
2019-10-26T06:00,24.5,63,17.0,24.3,0.00,99,99,2,0
2019-10-26T07:00,24.1,64,16.8,23.9,0.00,99,99,3,0
2019-10-26T08:00,23.9,64,16.7,23.9,0.00,62,62,4,0
2019-10-26T09:00,23.2,67,16.7,23.7,0.00,63,61,11,0
2019-10-26T10:00,22.6,69,16.6,23.5,0.00,49,45,15,0
2019-10-26T11:00,22.3,69,16.4,23.3,0.00,100,100,15,0
2019-10-26T12:00,22.2,71,16.7,23.6,0.00,80,65,16,19
2019-10-26T13:00,22.3,72,16.9,23.6,0.00,33,25,23,0
2019-10-26T14:00,22.1,73,17.1,23.5,0.00,21,14,13,3
2019-10-26T15:00,21.2,77,17.1,22.9,0.00,18,13,14,0
2019-10-26T16:00,20.9,79,17.1,22.5,0.00,6,6,1,0
2019-10-26T17:00,20.4,81,17.1,22.0,0.00,5,4,4,0
2019-10-26T18:00,20.0,83,17.1,21.7,0.00,12,11,8,0
2019-10-26T19:00,19.6,86,17.2,21.3,0.00,19,16,15,0
2019-10-26T20:00,19.3,88,17.3,21.0,0.00,21,15,19,0
2019-10-26T21:00,19.1,89,17.3,20.7,0.00,20,15,19,0
2019-10-26T22:00,19.2,89,17.3,20.9,0.00,13,12,10,0
2019-10-26T23:00,21.6,81,18.1,23.4,0.00,3,3,0,0
2019-10-27T00:00,24.5,75,19.7,26.3,0.00,37,17,0,2
2019-10-27T01:00,25.8,68,19.4,26.9,0.00,72,64,0,26
2019-10-27T02:00,26.2,67,19.5,27.3,0.10,38,25,2,18
2019-10-27T03:00,25.6,72,20.2,27.0,0.20,40,20,0,25
2019-10-27T04:00,25.7,73,20.5,27.1,0.20,33,21,2,15
2019-10-27T05:00,25.9,72,20.4,27.6,0.10,48,26,2,30
2019-10-27T06:00,25.1,76,20.5,26.2,0.10,41,16,1,30
2019-10-27T07:00,24.5,76,20.0,25.3,0.10,13,11,7,0
2019-10-27T08:00,23.5,81,20.1,24.5,0.10,33,30,15,0
2019-10-27T09:00,22.7,84,19.9,24.0,0.10,48,31,33,16
2019-10-27T10:00,22.1,88,20.0,23.8,0.00,45,20,38,6
2019-10-27T11:00,22.0,88,19.9,24.0,0.00,41,22,36,0
2019-10-27T12:00,22.1,90,20.3,24.4,0.00,49,35,11,0
2019-10-27T13:00,22.3,89,20.3,24.5,0.00,72,11,12,68
2019-10-27T14:00,22.0,91,20.4,24.2,0.00,29,13,14,15
2019-10-27T15:00,21.8,92,20.5,24.0,0.00,17,1,4,14
2019-10-27T16:00,21.9,91,20.4,24.1,0.00,70,5,5,69
2019-10-27T17:00,22.0,90,20.2,24.0,0.00,74,5,4,73
2019-10-27T18:00,22.2,88,20.1,24.2,0.00,75,3,14,73
2019-10-27T19:00,22.3,87,20.1,24.8,0.00,81,1,13,79
2019-10-27T20:00,21.0,92,19.7,23.9,0.00,81,3,8,80
2019-10-27T21:00,22.3,87,20.0,26.1,0.00,86,7,15,84
2019-10-27T22:00,20.6,92,19.3,23.0,0.00,81,6,12,79
2019-10-27T23:00,22.3,87,20.0,24.9,0.00,67,24,9,61
2019-10-28T00:00,24.6,79,20.8,27.3,0.00,73,34,12,71
2019-10-28T01:00,26.6,70,20.8,28.5,0.00,68,57,1,26
2019-10-28T02:00,27.3,66,20.4,29.1,0.10,100,100,2,16
2019-10-28T03:00,26.3,75,21.5,28.8,0.10,58,37,7,32
2019-10-28T04:00,26.8,73,21.6,29.9,0.10,67,32,13,50
2019-10-28T05:00,26.5,74,21.5,29.2,0.10,67,44,11,41
2019-10-28T06:00,25.7,76,21.2,28.2,0.10,97,94,9,51
2019-10-28T07:00,25.3,76,20.9,28.1,0.00,55,41,6,25
2019-10-28T08:00,24.8,76,20.3,27.6,0.10,38,38,23,0
2019-10-28T09:00,23.7,79,19.8,26.6,0.00,89,88,43,0
2019-10-28T10:00,22.8,83,19.8,25.9,0.00,89,88,51,0
2019-10-28T11:00,22.5,85,19.8,25.8,0.10,85,84,49,0
2019-10-28T12:00,21.9,91,20.4,25.7,0.10,71,19,11,0
2019-10-28T13:00,21.8,91,20.2,25.5,0.00,49,49,6,0
2019-10-28T14:00,21.8,90,20.1,25.3,0.00,100,100,5,0
2019-10-28T15:00,21.8,90,20.0,25.0,0.00,97,97,4,0
2019-10-28T16:00,21.5,92,20.1,25.2,0.00,100,100,2,0
2019-10-28T17:00,21.7,91,20.2,25.4,0.00,100,100,3,0
2019-10-28T18:00,21.7,88,19.6,24.6,0.00,100,100,7,0
2019-10-28T19:00,21.5,89,19.7,24.5,0.00,100,100,17,0
2019-10-28T20:00,20.9,90,19.2,24.2,0.00,100,100,31,0
2019-10-28T21:00,21.2,87,19.0,24.1,0.00,100,100,36,0
2019-10-28T22:00,21.1,88,19.1,24.2,0.10,100,100,37,0
2019-10-28T23:00,21.2,87,19.0,24.4,0.20,100,100,67,0
2019-10-29T00:00,21.5,87,19.2,24.0,0.20,100,99,70,0
2019-10-29T01:00,22.3,81,18.8,23.8,0.10,100,100,77,0
2019-10-29T02:00,22.4,79,18.6,24.0,0.10,99,99,89,0
2019-10-29T03:00,22.7,77,18.4,23.8,0.10,100,100,82,0
2019-10-29T04:00,22.8,76,18.4,23.5,0.10,100,100,85,0
2019-10-29T05:00,22.7,76,18.3,23.4,0.10,100,100,85,0
2019-10-29T06:00,22.7,76,18.3,23.8,0.10,100,100,87,0
2019-10-29T07:00,22.4,78,18.3,23.8,0.10,100,100,86,0
2019-10-29T08:00,22.1,78,18.1,23.3,0.00,81,63,77,0
2019-10-29T09:00,21.6,82,18.3,23.6,0.00,88,83,79,0
2019-10-29T10:00,21.3,85,18.7,23.5,0.10,75,62,70,0
2019-10-29T11:00,21.0,88,18.8,23.4,0.10,68,55,61,0
2019-10-29T12:00,21.1,86,18.7,23.5,0.10,99,63,64,0
2019-10-29T13:00,21.5,86,19.0,23.5,0.10,72,67,45,0
2019-10-29T14:00,21.5,86,19.0,23.4,0.10,100,100,28,0
2019-10-29T15:00,21.5,87,19.2,23.5,0.10,100,100,24,0
2019-10-29T16:00,21.3,88,19.2,23.0,0.10,100,100,82,48
2019-10-29T17:00,21.3,87,19.1,23.1,0.20,100,99,98,72
2019-10-29T18:00,21.3,87,19.0,23.0,0.30,100,99,97,89
2019-10-29T19:00,21.2,86,18.9,22.9,0.20,100,96,76,96
2019-10-29T20:00,21.2,86,18.8,22.7,0.10,100,74,91,95
2019-10-29T21:00,21.0,85,18.4,22.4,0.10,100,99,91,93
2019-10-29T22:00,21.0,84,18.2,22.3,0.20,100,99,94,83
2019-10-29T23:00,21.1,85,18.4,22.4,0.30,100,100,98,2
2019-10-30T00:00,22.0,81,18.6,23.5,0.20,94,100,54,80
2019-10-30T01:00,23.1,78,19.0,24.4,0.00,99,94,17,78
2019-10-30T02:00,23.4,75,18.8,24.0,0.00,100,100,11,83
2019-10-30T03:00,23.8,75,19.0,24.4,0.00,100,100,7,17
2019-10-30T04:00,23.9,75,19.2,24.3,0.10,96,96,12,1
2019-10-30T05:00,24.2,73,19.1,24.1,0.00,88,87,22,0
2019-10-30T06:00,23.3,79,19.5,23.8,0.10,99,97,20,51
2019-10-30T07:00,23.0,81,19.6,23.7,0.10,74,63,30,52
2019-10-30T08:00,22.4,85,19.7,23.6,0.20,94,72,30,80
2019-10-30T09:00,22.0,87,19.8,23.7,0.20,97,70,15,91
2019-10-30T10:00,21.8,88,19.6,23.1,0.10,98,2,14,98
2019-10-30T11:00,21.8,88,19.6,23.1,0.10,98,69,24,94
2019-10-30T12:00,22.6,84,19.8,24.0,0.10,95,100,29,70
2019-10-30T13:00,22.8,83,19.8,24.2,0.10,100,100,29,89
2019-10-30T14:00,23.0,83,20.0,24.5,0.10,100,100,16,83
2019-10-30T15:00,22.9,84,20.0,24.2,0.20,100,100,15,90
2019-10-30T16:00,22.8,85,20.1,24.0,0.10,100,98,14,89
2019-10-30T17:00,22.7,86,20.1,23.9,0.00,99,83,13,95
2019-10-30T18:00,22.8,86,20.3,24.2,0.00,97,40,8,96
2019-10-30T19:00,22.7,87,20.4,24.2,0.00,97,45,7,95
2019-10-30T20:00,22.6,88,20.4,24.0,0.00,98,1,4,98
2019-10-30T21:00,22.6,87,20.3,23.8,0.10,99,13,4,99
2019-10-30T22:00,22.7,86,20.3,23.9,0.10,91,88,6,41
2019-10-30T23:00,23.3,84,20.4,24.5,0.10,100,71,51,100
2019-10-31T00:00,23.4,88,21.2,25.0,0.10,87,28,19,60
2019-10-31T01:00,24.1,84,21.2,25.1,0.20,94,87,40,72
2019-10-31T02:00,24.0,85,21.3,25.4,0.20,99,98,81,67
2019-10-31T03:00,23.9,86,21.4,25.6,0.30,100,99,86,85
2019-10-31T04:00,24.2,85,21.4,25.6,0.20,100,100,93,98
2019-10-31T05:00,24.2,85,21.4,25.9,0.20,100,99,100,93
2019-10-31T06:00,23.8,87,21.5,25.8,0.40,100,100,100,94
2019-10-31T07:00,23.5,88,21.4,25.4,0.40,100,100,100,96
2019-10-31T08:00,23.1,89,21.2,25.0,0.50,100,100,100,99
2019-10-31T09:00,22.9,90,21.1,24.7,0.30,91,0,5,90
2019-10-31T10:00,22.8,89,21.0,24.7,0.20,100,100,4,76
2019-10-31T11:00,22.8,90,21.0,24.7,0.20,100,100,3,34
2019-10-31T12:00,22.9,90,21.2,24.7,0.10,100,1,3,70
2019-10-31T13:00,23.0,89,21.1,24.5,0.10,91,85,18,73
2019-10-31T14:00,23.0,89,21.0,24.4,0.10,100,100,22,67
2019-10-31T15:00,22.9,88,20.8,24.2,0.10,100,100,5,91
2019-10-31T16:00,22.8,88,20.8,24.2,0.10,100,99,2,97
2019-10-31T17:00,22.9,88,20.8,24.2,0.10,100,99,1,92
2019-10-31T18:00,22.8,88,20.7,24.0,0.00,100,99,1,77
2019-10-31T19:00,23.0,87,20.7,24.3,0.00,99,98,2,33
2019-10-31T20:00,23.0,87,20.7,24.4,0.00,100,99,1,54
2019-10-31T21:00,23.0,86,20.6,24.6,0.00,100,100,1,96
2019-10-31T22:00,22.9,86,20.5,24.4,0.00,100,100,1,75
2019-10-31T23:00,23.1,85,20.4,24.5,0.00,98,93,1,66
2019-11-01T00:00,24.0,80,20.3,25.3,0.00,93,44,7,48
2019-11-01T01:00,24.8,75,20.1,25.7,0.00,95,46,5,90
2019-11-01T02:00,25.2,71,19.5,25.6,0.00,91,41,1,86
2019-11-01T03:00,25.3,69,19.2,25.4,0.00,74,53,1,46
2019-11-01T04:00,25.6,68,19.2,25.5,0.00,75,70,1,18
2019-11-01T05:00,25.1,69,18.9,24.9,0.00,89,86,0,27
2019-11-01T06:00,25.1,67,18.5,24.8,0.00,68,60,3,20
2019-11-01T07:00,24.7,68,18.5,24.6,0.00,84,63,4,59
2019-11-01T08:00,24.0,71,18.4,24.0,0.00,58,55,1,6
2019-11-01T09:00,23.1,73,18.1,23.2,0.00,81,26,1,74
2019-11-01T10:00,22.5,75,17.8,22.8,0.00,75,16,0,71
2019-11-01T11:00,22.3,76,17.8,22.5,0.00,73,10,1,70
2019-11-01T12:00,23.1,74,18.2,23.3,0.00,76,14,1,81
2019-11-01T13:00,22.8,76,18.2,22.9,0.00,83,8,0,81
2019-11-01T14:00,22.6,76,18.3,22.7,0.00,85,6,0,84
2019-11-01T15:00,22.6,76,18.2,22.8,0.00,89,7,0,88
2019-11-01T16:00,22.6,76,18.1,22.8,0.00,85,4,0,85
2019-11-01T17:00,22.6,75,17.9,22.8,0.00,70,3,0,70
2019-11-01T18:00,22.4,75,17.7,22.7,0.00,3,3,1,0
2019-11-01T19:00,22.2,76,17.7,22.8,0.00,52,5,1,49
2019-11-01T20:00,22.2,76,17.8,22.9,0.00,36,16,0,24
2019-11-01T21:00,22.1,77,17.8,22.9,0.00,77,31,1,67
2019-11-01T22:00,22.1,76,17.7,22.8,0.00,83,24,1,77
2019-11-01T23:00,23.0,74,18.1,23.7,0.00,93,49,2,87
2019-11-02T00:00,24.6,69,18.6,25.3,0.00,82,26,2,92
2019-11-02T01:00,25.4,66,18.6,25.3,0.00,98,94,1,76
2019-11-02T02:00,25.5,66,18.7,25.6,0.00,88,87,4,6
2019-11-02T03:00,25.5,65,18.5,25.5,0.00,95,94,4,15
2019-11-02T04:00,25.9,63,18.3,25.9,0.00,100,100,2,52
2019-11-02T05:00,26.1,62,18.2,26.1,0.00,99,98,1,44
2019-11-02T06:00,26.1,62,18.3,26.2,0.00,100,100,1,3
2019-11-02T07:00,25.0,66,18.3,25.3,0.00,100,100,1,39
2019-11-02T08:00,25.0,65,18.0,25.5,0.00,70,30,1,58
2019-11-02T09:00,24.0,70,18.2,24.9,0.00,57,13,1,51
2019-11-02T10:00,23.2,76,18.7,24.5,0.00,57,34,1,37
2019-11-02T11:00,23.3,75,18.7,24.4,0.00,36,36,1,0
2019-11-02T12:00,23.1,80,19.5,24.6,0.00,34,14,0,51
2019-11-02T13:00,23.1,80,19.5,24.6,0.00,75,12,1,72
2019-11-02T14:00,23.0,81,19.5,24.5,0.00,69,9,1,66
2019-11-02T15:00,22.8,80,19.1,24.2,0.00,45,9,0,40
2019-11-02T16:00,22.5,80,19.0,23.9,0.00,33,20,0,23
2019-11-02T17:00,22.4,81,18.9,23.7,0.00,24,24,0,1
2019-11-02T18:00,22.6,79,18.7,23.9,0.00,88,88,1,1
2019-11-02T19:00,22.8,77,18.6,24.0,0.00,96,96,1,0
2019-11-02T20:00,22.7,79,18.8,24.0,0.00,97,97,2,0
2019-11-02T21:00,22.6,81,19.1,24.2,0.00,99,99,2,0
2019-11-02T22:00,22.9,80,19.3,24.7,0.00,100,100,3,0
2019-11-02T23:00,23.1,81,19.7,24.9,0.00,100,100,2,0
2019-11-03T00:00,23.8,79,19.9,25.7,0.00,100,94,2,0
2019-11-03T01:00,23.8,77,19.5,25.1,0.00,82,82,6,0
2019-11-03T02:00,24.1,74,19.1,25.1,0.00,90,90,7,0
2019-11-03T03:00,24.1,73,18.9,24.8,0.00,98,97,9,40
2019-11-03T04:00,24.8,70,18.8,25.3,0.00,98,97,6,34
2019-11-03T05:00,24.3,72,18.9,25.0,0.00,97,97,3,0
2019-11-03T06:00,24.3,72,19.0,25.1,0.00,96,96,3,0
2019-11-03T07:00,24.2,74,19.2,25.4,0.00,99,99,1,0
2019-11-03T08:00,23.9,75,19.1,25.6,0.00,98,97,0,7
2019-11-03T09:00,23.1,78,19.1,25.0,0.00,100,100,0,30
2019-11-03T10:00,22.7,80,19.1,24.3,0.10,100,100,12,41
2019-11-03T11:00,22.6,81,19.1,24.3,0.10,98,98,37,3
2019-11-03T12:00,22.5,77,18.3,24.1,0.10,100,97,47,57
2019-11-03T13:00,22.4,78,18.3,23.5,0.00,98,94,43,67
2019-11-03T14:00,22.2,76,17.8,23.0,0.00,99,97,65,57
2019-11-03T15:00,22.1,73,17.1,22.9,0.00,100,100,61,63
2019-11-03T16:00,22.1,73,17.0,23.1,0.00,100,99,46,80
2019-11-03T17:00,22.2,72,16.9,23.1,0.00,100,100,58,87
2019-11-03T18:00,22.1,71,16.7,23.1,0.00,100,100,89,79
2019-11-03T19:00,21.9,70,16.3,22.9,0.00,100,100,100,78
2019-11-03T20:00,21.7,73,16.7,23.1,0.00,100,100,100,70
2019-11-03T21:00,21.6,73,16.6,23.2,0.00,100,95,99,96
2019-11-03T22:00,21.7,72,16.4,23.1,0.00,100,98,100,98
2019-11-03T23:00,22.0,75,17.3,23.4,0.00,100,23,100,88
2019-11-04T00:00,22.9,75,18.2,24.6,0.10,99,48,43,93
2019-11-04T01:00,23.3,73,18.1,24.3,0.00,80,64,31,59
2019-11-04T02:00,23.6,70,17.8,23.6,0.00,77,68,38,28
2019-11-04T03:00,24.0,67,17.5,23.8,0.00,74,53,60,31
2019-11-04T04:00,23.6,67,17.2,23.4,0.00,95,93,62,26
2019-11-04T05:00,22.9,69,17.0,22.7,0.00,91,81,78,62
2019-11-04T06:00,23.2,66,16.6,22.7,0.00,89,59,58,80
2019-11-04T07:00,22.8,68,16.6,22.3,0.00,83,73,56,42
2019-11-04T08:00,22.4,70,16.6,22.9,0.00,58,34,51,17
2019-11-04T09:00,22.0,69,16.1,22.6,0.00,99,99,42,1
2019-11-04T10:00,21.9,68,15.8,22.2,0.00,70,56,55,37
2019-11-04T11:00,21.5,72,16.3,22.0,0.00,99,99,53,51
2019-11-04T12:00,21.8,77,17.5,23.0,0.10,99,42,58,99
2019-11-04T13:00,21.7,79,17.9,22.8,0.00,98,26,52,96
2019-11-04T14:00,21.6,78,17.6,22.8,0.10,97,35,59,94
2019-11-04T15:00,21.4,79,17.7,22.9,0.10,100,80,99,96
2019-11-04T16:00,21.4,79,17.6,22.4,0.10,100,70,100,72
2019-11-04T17:00,21.1,82,17.9,22.1,0.10,100,57,100,74
2019-11-04T18:00,20.9,84,18.0,21.7,0.20,100,65,100,37
2019-11-04T19:00,20.8,83,17.8,21.2,0.10,100,1,100,66
2019-11-04T20:00,20.9,82,17.7,21.2,0.10,100,65,100,79
2019-11-04T21:00,20.9,81,17.5,21.3,0.10,100,66,100,7
2019-11-04T22:00,20.8,81,17.5,21.3,0.10,100,60,100,0
2019-11-04T23:00,20.9,81,17.5,21.2,0.10,100,75,100,19
2019-11-05T00:00,22.0,76,17.5,22.8,0.10,98,25,100,0
2019-11-05T01:00,22.1,74,17.3,22.3,0.10,98,18,98,3
2019-11-05T02:00,22.2,73,17.2,22.3,0.00,95,4,95,0
2019-11-05T03:00,23.2,67,16.7,22.0,0.00,94,17,93,0
2019-11-05T04:00,23.1,67,16.6,21.8,0.00,100,58,100,0
2019-11-05T05:00,22.6,68,16.5,21.7,0.00,100,49,100,0
2019-11-05T06:00,22.3,69,16.3,21.1,0.00,95,25,95,0
2019-11-05T07:00,22.1,69,16.2,21.2,0.00,89,1,89,0
2019-11-05T08:00,21.8,71,16.3,21.5,0.00,70,66,54,0
2019-11-05T09:00,21.4,71,15.9,21.0,0.00,97,97,82,0
2019-11-05T10:00,21.4,68,15.3,20.7,0.00,98,98,89,0
2019-11-05T11:00,21.3,68,15.2,20.5,0.00,100,100,70,0
2019-11-05T12:00,21.8,67,15.3,21.2,0.00,99,99,46,0
2019-11-05T13:00,21.9,66,15.3,21.2,0.00,82,81,56,0
2019-11-05T14:00,21.2,71,15.8,20.8,0.00,91,90,72,0
2019-11-05T15:00,21.1,72,15.9,20.9,0.00,95,95,86,0
2019-11-05T16:00,21.0,73,16.0,21.0,0.00,98,98,75,0
2019-11-05T17:00,20.7,75,16.1,20.6,0.00,88,87,73,0
2019-11-05T18:00,20.6,75,16.1,20.6,0.00,84,83,66,0
2019-11-05T19:00,20.5,76,16.1,20.6,0.00,91,90,75,0
2019-11-05T20:00,20.4,76,16.1,20.6,0.00,90,89,72,0
2019-11-05T21:00,20.5,76,16.1,20.7,0.00,97,96,73,0
2019-11-05T22:00,20.6,74,15.9,20.5,0.00,94,93,69,0
2019-11-05T23:00,20.8,75,16.2,21.0,0.00,85,84,68,0
2019-11-06T00:00,22.9,67,16.6,23.2,0.00,90,56,11,0
2019-11-06T01:00,24.0,60,15.8,22.9,0.00,87,87,7,0
2019-11-06T02:00,24.3,59,15.8,23.3,0.00,100,100,1,0
2019-11-06T03:00,24.7,58,15.8,23.7,0.00,100,100,1,0
2019-11-06T04:00,24.2,62,16.4,23.6,0.00,95,95,1,0
2019-11-06T05:00,24.5,60,16.3,23.7,0.00,96,96,1,0
2019-11-06T06:00,23.9,63,16.4,23.3,0.00,96,96,1,0
2019-11-06T07:00,23.4,66,16.7,23.0,0.00,93,93,1,0
2019-11-06T08:00,23.1,68,16.9,22.9,0.00,82,82,0,0
2019-11-06T09:00,22.2,72,16.8,22.5,0.00,32,32,1,0
2019-11-06T10:00,21.7,75,17.0,22.3,0.00,82,82,1,0
2019-11-06T11:00,21.5,76,17.1,22.4,0.00,76,76,0,0
2019-11-06T12:00,21.8,76,17.3,23.0,0.00,94,93,6,0
2019-11-06T13:00,22.0,74,17.2,23.2,0.00,79,79,12,0
2019-11-06T14:00,21.4,76,17.1,22.8,0.00,50,49,10,0
2019-11-06T15:00,20.8,78,16.9,22.3,0.00,43,43,7,0
2019-11-06T16:00,20.1,81,16.8,21.7,0.00,15,15,3,0
2019-11-06T17:00,20.2,81,16.8,21.7,0.00,65,65,2,0
2019-11-06T18:00,20.4,81,17.0,22.0,0.00,93,93,0,0
2019-11-06T19:00,20.5,82,17.3,22.1,0.00,92,92,0,0
2019-11-06T20:00,20.9,80,17.2,22.5,0.00,79,79,0,0
2019-11-06T21:00,20.9,78,17.0,22.4,0.00,66,50,0,32
2019-11-06T22:00,20.2,80,16.7,21.6,0.00,56,51,1,9
2019-11-06T23:00,21.8,74,16.9,23.1,0.00,95,93,12,31
2019-11-07T00:00,24.0,69,17.9,25.4,0.00,100,70,15,79
2019-11-07T01:00,24.6,66,17.7,24.7,0.00,82,17,30,75
2019-11-07T02:00,25.1,63,17.4,25.1,0.00,62,18,23,53
2019-11-07T03:00,25.5,59,17.0,25.3,0.00,47,29,32,17
2019-11-07T04:00,25.1,62,17.4,24.8,0.00,71,15,28,58
2019-11-07T05:00,23.8,70,18.0,23.5,0.00,44,41,21,0
2019-11-07T06:00,24.0,70,18.2,23.7,0.30,51,27,47,0
2019-11-07T07:00,23.2,71,17.6,22.8,0.00,73,22,50,43
2019-11-07T08:00,22.5,73,17.3,22.3,0.10,82,22,48,65
2019-11-07T09:00,21.4,78,17.4,21.7,0.10,77,32,38,62
2019-11-07T10:00,21.3,77,17.0,21.5,0.10,38,31,35,0
2019-11-07T11:00,21.1,75,16.6,21.2,0.10,42,25,42,0
2019-11-07T12:00,20.8,75,16.3,21.3,0.00,66,24,47,0
2019-11-07T13:00,20.5,78,16.6,20.9,0.10,71,51,70,0
2019-11-07T14:00,20.5,79,16.7,20.7,0.10,95,64,94,2
2019-11-07T15:00,20.4,77,16.2,20.9,0.00,89,0,88,0
2019-11-07T16:00,20.3,76,15.9,21.1,0.00,100,1,100,0
2019-11-07T17:00,20.1,77,16.0,21.0,0.00,97,7,96,0
2019-11-07T18:00,19.8,79,16.1,21.1,0.00,100,36,100,0
2019-11-07T19:00,19.8,78,15.9,21.0,0.00,80,21,79,0
2019-11-07T20:00,19.3,81,16.0,20.5,0.10,100,89,100,0
2019-11-07T21:00,19.6,81,16.3,20.7,0.10,100,33,100,0
2019-11-07T22:00,19.6,82,16.4,20.8,0.10,100,40,100,0
2019-11-07T23:00,19.9,81,16.6,20.9,0.20,89,46,88,0
2019-11-08T00:00,21.7,73,16.6,22.4,0.10,62,22,40,0
2019-11-08T01:00,22.8,63,15.5,22.4,0.10,47,22,43,0
2019-11-08T02:00,23.4,60,15.1,22.4,0.00,42,14,39,0
2019-11-08T03:00,23.9,57,15.0,22.9,0.00,42,14,39,0
2019-11-08T04:00,24.1,58,15.2,23.1,0.00,37,13,33,0
2019-11-08T05:00,23.2,62,15.4,22.4,0.00,35,26,33,0
2019-11-08T06:00,22.1,69,16.0,21.6,0.10,43,32,34,0
2019-11-08T07:00,21.5,78,17.5,22.1,0.20,58,29,55,0
2019-11-08T08:00,20.5,79,16.7,20.5,0.30,49,25,46,0
2019-11-08T09:00,19.9,82,16.7,20.3,0.10,41,15,40,0
2019-11-08T10:00,19.3,85,16.6,20.1,0.10,47,32,44,0
2019-11-08T11:00,19.5,83,16.5,20.3,0.10,43,28,41,0
2019-11-08T12:00,19.3,84,16.6,20.0,0.10,47,13,38,66
2019-11-08T13:00,19.9,80,16.4,20.2,0.10,47,26,40,12
2019-11-08T14:00,19.2,82,16.1,19.3,0.10,94,10,86,53
2019-11-08T15:00,18.9,83,16.0,19.2,0.10,85,23,82,14
2019-11-08T16:00,19.0,82,15.8,19.3,0.00,81,26,74,20
2019-11-08T17:00,18.9,80,15.4,19.2,0.00,97,30,85,74
2019-11-08T18:00,18.9,77,14.8,19.1,0.00,95,71,73,81
2019-11-08T19:00,19.0,73,14.1,18.9,0.00,96,45,86,67
2019-11-08T20:00,18.9,73,13.9,18.8,0.00,97,35,92,61
2019-11-08T21:00,18.9,72,13.6,19.1,0.00,85,65,77,31
2019-11-08T22:00,18.7,71,13.3,18.8,0.00,91,90,73,0
2019-11-08T23:00,19.5,68,13.3,19.6,0.00,99,94,83,89
2019-11-09T00:00,21.2,60,13.2,21.0,0.00,98,29,42,94
2019-11-09T01:00,21.9,53,12.0,20.0,0.00,95,27,28,93
2019-11-09T02:00,22.1,52,11.8,19.9,0.00,98,57,18,94
2019-11-09T03:00,22.6,49,11.4,20.5,0.00,95,27,13,93
2019-11-09T04:00,22.6,49,11.3,20.5,0.00,94,11,1,93
2019-11-09T05:00,23.3,46,11.1,21.7,0.00,94,66,12,82
2019-11-09T06:00,22.0,52,11.8,20.0,0.00,99,87,35,90
2019-11-09T07:00,21.9,51,11.3,19.8,0.00,97,63,17,93
2019-11-09T08:00,21.2,52,11.0,19.0,0.00,32,12,7,23
2019-11-09T09:00,19.6,62,12.2,18.6,0.00,1,0,1,0
2019-11-09T10:00,18.6,70,13.0,18.2,0.00,7,7,0,0
2019-11-09T11:00,18.2,70,12.6,17.8,0.00,90,34,0,86
2019-11-09T12:00,18.8,67,12.6,18.3,0.00,35,13,0,16
2019-11-09T13:00,18.7,69,13.0,18.3,0.00,24,24,0,0
2019-11-09T14:00,18.6,63,11.4,17.5,0.00,64,6,0,62
2019-11-09T15:00,17.6,61,10.0,16.1,0.00,71,1,0,71
2019-11-09T16:00,17.2,66,10.9,16.1,0.00,17,17,0,0
2019-11-09T17:00,17.8,70,12.3,17.2,0.00,92,16,3,91
2019-11-09T18:00,16.3,76,12.1,16.0,0.00,92,17,2,90
2019-11-09T19:00,15.7,79,12.1,15.4,0.00,73,8,0,70
2019-11-09T20:00,15.7,81,12.5,15.4,0.00,75,14,0,71
2019-11-09T21:00,15.6,83,12.7,15.4,0.00,88,9,0,87
2019-11-09T22:00,15.0,88,13.0,14.8,0.00,91,6,1,91
2019-11-09T23:00,17.7,80,14.1,18.0,0.00,93,11,3,93
2019-11-10T00:00,21.0,66,14.5,21.3,0.00,88,12,2,83
2019-11-10T01:00,22.6,53,12.4,21.5,0.00,90,6,2,89
2019-11-10T02:00,23.4,50,12.3,22.1,0.00,90,6,1,89
2019-11-10T03:00,23.9,51,13.1,23.4,0.00,91,4,0,91
2019-11-10T04:00,24.4,51,13.5,24.6,0.00,88,2,0,88
2019-11-10T05:00,24.6,51,13.8,24.8,0.00,93,0,0,93
2019-11-10T06:00,24.0,53,13.7,23.4,0.00,91,0,0,91
2019-11-10T07:00,23.1,54,13.1,21.9,0.00,87,0,0,87
2019-11-10T08:00,22.0,56,12.9,20.9,0.00,72,0,0,72
2019-11-10T09:00,20.3,64,13.3,19.8,0.00,2,2,0,0
2019-11-10T10:00,19.0,71,13.7,19.2,0.00,2,2,0,0
2019-11-10T11:00,18.1,77,14.0,18.6,0.00,2,1,1,0
2019-11-10T12:00,18.3,78,14.3,18.6,0.00,1,0,0,0
2019-11-10T13:00,18.2,78,14.3,18.4,0.00,0,0,0,0
2019-11-10T14:00,17.9,78,14.0,17.8,0.00,0,0,0,0
2019-11-10T15:00,17.3,80,13.8,17.2,0.00,0,0,0,0
2019-11-10T16:00,16.6,84,13.9,16.7,0.00,0,0,0,0
2019-11-10T17:00,16.1,88,14.1,16.4,0.00,0,0,0,0
2019-11-10T18:00,15.7,91,14.1,16.1,0.00,0,0,0,0
2019-11-10T19:00,15.2,93,14.0,15.5,0.00,0,0,0,0
2019-11-10T20:00,14.6,94,13.6,14.6,0.00,0,0,0,0
2019-11-10T21:00,14.6,94,13.6,14.6,0.00,0,0,0,0
2019-11-10T22:00,14.8,93,13.6,14.8,0.00,0,0,0,0
2019-11-10T23:00,17.8,83,14.9,18.3,0.00,5,2,0,3
2019-11-11T00:00,21.4,69,15.4,22.0,0.00,1,1,0,0
2019-11-11T01:00,23.0,58,14.4,22.3,0.00,21,21,0,0
2019-11-11T02:00,23.7,54,13.8,22.7,0.00,15,15,0,0
2019-11-11T03:00,24.2,51,13.3,23.5,0.00,3,3,0,0
2019-11-11T04:00,24.5,48,12.9,23.8,0.00,0,0,0,0
2019-11-11T05:00,24.4,49,13.1,23.6,0.00,0,0,0,0
2019-11-11T06:00,24.2,51,13.4,22.9,0.00,0,0,0,0
2019-11-11T07:00,23.6,53,13.5,21.9,0.00,0,0,0,0
2019-11-11T08:00,22.8,55,13.3,21.4,0.00,0,0,0,0
2019-11-11T09:00,21.1,62,13.5,20.2,0.00,0,0,0,0
2019-11-11T10:00,19.8,67,13.5,19.1,0.00,0,0,0,0
2019-11-11T11:00,19.2,69,13.5,18.6,0.00,0,0,0,0
2019-11-11T12:00,18.9,73,13.9,18.5,0.00,0,0,0,0
2019-11-11T13:00,19.0,73,13.9,18.6,0.00,42,0,0,42
2019-11-11T14:00,18.9,73,13.9,18.4,0.00,4,0,0,4
2019-11-11T15:00,18.8,73,13.9,18.3,0.00,0,0,0,0
2019-11-11T16:00,18.6,74,13.8,18.1,0.00,0,0,0,0
2019-11-11T17:00,18.3,75,13.9,17.9,0.00,90,0,0,90
2019-11-11T18:00,18.1,77,14.0,17.8,0.00,89,0,0,89
2019-11-11T19:00,17.9,78,14.0,17.6,0.00,8,0,0,8
2019-11-11T20:00,17.8,80,14.2,17.5,0.00,0,0,0,0
2019-11-11T21:00,17.7,81,14.4,17.4,0.00,0,0,0,0
2019-11-11T22:00,17.6,82,14.4,17.2,0.00,0,0,0,0
2019-11-11T23:00,19.0,75,14.6,18.5,0.00,0,0,0,0
2019-11-12T00:00,22.1,64,15.1,21.5,0.00,0,0,0,0
2019-11-12T01:00,23.6,58,14.8,22.2,0.00,0,0,0,0
2019-11-12T02:00,24.5,55,14.9,23.4,0.00,0,0,0,0
2019-11-12T03:00,25.3,53,15.1,24.9,0.00,6,0,0,6
2019-11-12T04:00,25.7,51,14.9,25.5,0.00,61,0,0,61
2019-11-12T05:00,25.8,50,14.6,25.2,0.00,0,0,0,0
2019-11-12T06:00,25.4,51,14.5,24.5,0.00,1,1,0,0
2019-11-12T07:00,24.8,53,14.5,23.5,0.00,1,1,0,0
2019-11-12T08:00,23.7,55,14.3,22.5,0.00,1,1,0,0
2019-11-12T09:00,22.2,61,14.4,21.5,0.00,0,0,0,0
2019-11-12T10:00,21.1,66,14.5,20.6,0.00,0,0,0,0
2019-11-12T11:00,20.6,68,14.4,20.1,0.00,0,0,0,0
2019-11-12T12:00,20.7,68,14.6,20.1,0.00,1,1,0,0
2019-11-12T13:00,20.9,67,14.5,20.0,0.00,1,1,0,0
2019-11-12T14:00,21.1,66,14.4,20.0,0.00,1,1,0,0
2019-11-12T15:00,21.1,65,14.3,20.1,0.00,0,0,0,0
2019-11-12T16:00,20.9,65,14.0,19.9,0.00,0,0,0,0
2019-11-12T17:00,20.5,66,13.9,19.7,0.00,0,0,0,0
2019-11-12T18:00,19.9,68,13.9,19.5,0.00,0,0,0,0
2019-11-12T19:00,19.4,71,14.1,19.3,0.00,0,0,0,0
2019-11-12T20:00,18.9,75,14.4,19.1,0.00,4,0,0,4
2019-11-12T21:00,18.6,78,14.7,19.0,0.00,0,0,0,0
2019-11-12T22:00,18.3,81,15.0,18.8,0.00,0,0,0,0
2019-11-12T23:00,19.8,77,15.6,20.4,0.00,0,0,0,0
2019-11-13T00:00,22.7,69,16.6,23.9,0.00,0,0,0,0
2019-11-13T01:00,24.9,61,16.9,26.1,0.00,0,0,0,0
2019-11-13T02:00,26.3,55,16.5,27.6,0.00,0,0,0,0
2019-11-13T03:00,27.0,53,16.7,29.1,0.00,7,7,0,0
2019-11-13T04:00,27.8,49,16.1,30.0,0.00,94,94,0,0
2019-11-13T05:00,27.9,50,16.6,29.5,0.00,91,91,0,0
2019-11-13T06:00,26.1,60,17.6,26.4,0.00,15,15,1,0
2019-11-13T07:00,25.0,56,15.7,24.4,0.00,18,18,0,0
2019-11-13T08:00,24.1,60,15.9,23.9,0.00,32,32,0,0
2019-11-13T09:00,22.8,68,16.5,23.7,0.00,68,8,0,65
2019-11-13T10:00,21.3,78,17.3,23.0,0.00,80,0,0,80
2019-11-13T11:00,20.1,87,17.8,22.1,0.00,83,2,0,83
2019-11-13T12:00,20.3,87,18.0,22.4,0.00,89,22,0,89
2019-11-13T13:00,20.7,84,18.0,22.7,0.00,92,23,0,90
2019-11-13T14:00,21.5,83,18.4,23.4,0.00,97,26,8,96
2019-11-13T15:00,20.9,84,18.1,22.7,0.10,99,16,24,99
2019-11-13T16:00,21.0,81,17.6,22.1,0.10,99,12,26,98
2019-11-13T17:00,20.6,80,17.0,21.5,0.10,96,21,21,95
2019-11-13T18:00,20.4,76,16.0,20.9,0.00,99,83,36,97
2019-11-13T19:00,20.4,69,14.5,20.1,0.00,98,33,14,97
2019-11-13T20:00,19.5,70,14.0,19.6,0.00,99,30,8,99
2019-11-13T21:00,18.9,75,14.3,19.4,0.00,100,98,13,99
2019-11-13T22:00,19.2,73,14.2,19.6,0.00,100,99,31,97
2019-11-13T23:00,19.6,76,15.2,20.4,0.10,100,100,52,98
2019-11-14T00:00,20.6,74,15.9,21.8,0.10,100,100,80,95
2019-11-14T01:00,21.5,62,14.0,21.2,0.00,100,97,42,92
2019-11-14T02:00,21.3,65,14.6,20.0,0.00,99,99,28,9
2019-11-14T03:00,22.2,58,13.6,20.1,0.00,95,89,38,53
2019-11-14T04:00,22.3,55,12.9,19.8,0.00,94,93,55,16
2019-11-14T05:00,21.7,61,13.9,19.5,0.00,98,95,51,63
2019-11-14T06:00,21.7,55,12.2,18.8,0.00,99,97,54,68
2019-11-14T07:00,21.6,53,11.7,19.0,0.00,93,70,58,76
2019-11-14T08:00,21.1,57,12.3,19.2,0.00,91,52,51,81
2019-11-14T09:00,20.5,56,11.6,19.0,0.00,85,24,27,79
2019-11-14T10:00,20.0,64,12.9,18.7,0.00,74,23,28,64
2019-11-14T11:00,19.9,62,12.3,18.4,0.00,74,22,14,66
2019-11-14T12:00,19.7,70,14.1,19.0,0.00,49,100,19,64
2019-11-14T13:00,19.9,70,14.3,19.3,0.00,80,60,33,48
2019-11-14T14:00,19.8,71,14.4,19.2,0.00,51,50,21,1
2019-11-14T15:00,19.6,70,14.0,19.0,0.00,6,6,1,0
2019-11-14T16:00,19.1,71,13.6,18.2,0.00,28,17,0,13
2019-11-14T17:00,18.8,72,13.6,17.7,0.00,50,50,0,0
2019-11-14T18:00,18.6,72,13.5,17.6,0.00,83,83,0,0
2019-11-14T19:00,19.0,67,12.7,17.8,0.00,82,82,0,0
2019-11-14T20:00,18.6,67,12.3,17.4,0.00,4,4,0,0
2019-11-14T21:00,18.1,70,12.5,16.9,0.00,9,9,0,0
2019-11-14T22:00,17.9,72,12.8,16.8,0.00,23,23,0,0
2019-11-14T23:00,19.0,68,13.0,17.8,0.00,15,9,0,7
2019-11-15T00:00,21.0,62,13.4,19.6,0.00,7,5,0,0
2019-11-15T01:00,22.0,56,12.8,19.7,0.00,57,57,0,0
2019-11-15T02:00,23.1,52,12.8,20.9,0.00,17,17,0,0
2019-11-15T03:00,23.7,51,12.9,22.0,0.00,6,6,0,0
2019-11-15T04:00,23.9,51,13.1,22.5,0.00,1,1,0,0
2019-11-15T05:00,24.1,50,13.2,22.9,0.00,6,6,0,0
2019-11-15T06:00,23.8,51,13.0,22.1,0.00,4,4,0,0
2019-11-15T07:00,23.3,52,12.8,21.2,0.00,3,3,0,0
2019-11-15T08:00,22.5,55,13.0,20.9,0.00,1,1,0,0
2019-11-15T09:00,20.8,64,13.7,20.0,0.00,0,0,0,0
2019-11-15T10:00,19.6,69,13.9,19.2,0.00,0,0,0,0
2019-11-15T11:00,18.9,73,13.9,18.7,0.00,0,0,0,0
2019-11-15T12:00,19.4,71,14.1,18.9,0.00,0,0,0,0
2019-11-15T13:00,19.7,69,13.7,18.8,0.00,1,1,0,0
2019-11-15T14:00,19.6,69,13.7,18.6,0.00,1,1,0,0
2019-11-15T15:00,19.4,73,14.3,18.8,0.00,3,3,0,0
2019-11-15T16:00,19.4,77,15.2,19.1,0.00,3,3,0,0
2019-11-15T17:00,19.4,78,15.4,19.2,0.00,2,2,0,0
2019-11-15T18:00,19.4,78,15.4,19.2,0.00,1,1,0,0
2019-11-15T19:00,19.2,79,15.5,19.2,0.00,1,1,0,0
2019-11-15T20:00,19.1,79,15.5,19.1,0.00,0,0,0,0
2019-11-15T21:00,19.0,80,15.4,18.9,0.00,1,1,0,0
2019-11-15T22:00,18.9,80,15.4,18.9,0.00,3,3,0,0
2019-11-15T23:00,20.0,78,16.0,20.0,0.00,1,1,0,0
2019-11-16T00:00,22.7,68,16.6,22.7,0.00,0,0,0,0
2019-11-16T01:00,24.2,62,16.4,23.4,0.00,0,0,0,0
2019-11-16T02:00,25.0,58,16.2,24.2,0.00,3,3,0,0
2019-11-16T03:00,25.6,56,16.1,25.2,0.00,2,2,0,0
2019-11-16T04:00,26.0,53,15.8,25.9,0.00,0,0,0,0
2019-11-16T05:00,26.2,52,15.5,25.7,0.00,0,0,0,0
2019-11-16T06:00,25.8,53,15.6,24.8,0.00,0,0,0,0
2019-11-16T07:00,25.2,55,15.6,23.7,0.00,1,1,0,0
2019-11-16T08:00,24.1,59,15.6,22.9,0.00,0,0,0,0
2019-11-16T09:00,22.7,64,15.5,21.9,0.00,0,0,0,0
2019-11-16T10:00,21.9,67,15.5,21.3,0.00,0,0,0,0
2019-11-16T11:00,21.5,69,15.6,21.0,0.00,0,0,0,0
2019-11-16T12:00,21.0,74,16.3,21.2,0.00,0,0,0,0
2019-11-16T13:00,21.1,72,15.9,21.3,0.00,0,0,0,0
2019-11-16T14:00,20.8,72,15.6,21.2,0.00,0,0,0,0
2019-11-16T15:00,20.3,76,15.8,21.0,0.00,0,0,0,0
2019-11-16T16:00,19.3,81,16.0,20.3,0.00,0,0,0,0
2019-11-16T17:00,18.0,88,16.0,19.1,0.00,0,0,0,0
2019-11-16T18:00,16.9,91,15.5,17.9,0.00,0,0,0,0
2019-11-16T19:00,16.3,92,15.0,17.2,0.00,0,0,0,0
2019-11-16T20:00,16.1,91,14.7,16.9,0.00,0,0,0,0
2019-11-16T21:00,16.1,91,14.6,17.0,0.00,0,0,0,0
2019-11-16T22:00,16.3,90,14.6,17.0,0.00,0,0,0,0
2019-11-16T23:00,18.9,81,15.5,19.5,0.00,0,0,0,0
2019-11-17T00:00,22.2,71,16.6,23.9,0.00,0,0,1,0
2019-11-17T01:00,25.4,58,16.5,26.7,0.00,2,0,2,0
2019-11-17T02:00,27.5,54,17.4,29.2,0.00,1,0,1,0
2019-11-17T03:00,28.9,50,17.5,31.0,0.00,0,0,0,0
2019-11-17T04:00,29.4,48,17.3,31.7,0.00,0,0,0,0
2019-11-17T05:00,29.7,46,16.9,32.0,0.00,0,0,0,0
2019-11-17T06:00,29.5,46,16.7,31.6,0.00,0,0,0,0
2019-11-17T07:00,29.0,47,16.6,30.8,0.00,1,0,1,0
2019-11-17T08:00,27.9,55,18.0,30.2,0.00,1,0,1,0
2019-11-17T09:00,26.1,61,18.1,28.4,0.00,2,1,2,0
2019-11-17T10:00,23.1,78,19.0,25.6,0.00,3,3,1,0
2019-11-17T11:00,21.4,90,19.6,24.1,0.00,1,1,0,0
2019-11-17T12:00,22.3,89,20.4,25.5,0.00,6,0,59,0
2019-11-17T13:00,22.9,89,20.9,26.0,0.00,61,0,61,0
2019-11-17T14:00,23.0,89,21.1,26.2,0.00,21,0,21,0
2019-11-17T15:00,22.3,94,21.3,25.5,0.00,51,0,51,0
2019-11-17T16:00,22.5,94,21.5,25.6,0.00,51,1,51,0
2019-11-17T17:00,22.2,94,21.2,25.2,0.00,66,0,66,0
2019-11-17T18:00,21.8,93,20.7,24.4,0.00,24,0,24,0
2019-11-17T19:00,21.5,85,18.9,23.1,0.00,60,0,40,33
2019-11-17T20:00,21.0,77,16.8,21.9,0.00,68,0,15,63
2019-11-17T21:00,20.7,73,15.7,21.1,0.00,86,0,49,73
2019-11-17T22:00,20.8,73,15.8,21.6,0.00,92,0,72,74
2019-11-17T23:00,21.6,70,15.9,22.4,0.00,87,0,70,59
2019-11-18T00:00,23.8,66,17.1,24.6,0.00,78,0,58,62
2019-11-18T01:00,25.4,55,15.8,25.9,0.00,78,3,67,31
2019-11-18T02:00,24.2,66,17.5,24.0,0.00,84,65,25,50
2019-11-18T03:00,23.6,77,19.4,24.4,0.40,99,97,34,56
2019-11-18T04:00,22.6,82,19.3,23.7,1.20,100,100,100,85
2019-11-18T05:00,21.7,83,18.7,22.5,0.40,100,100,39,90
2019-11-18T06:00,21.9,80,18.3,22.4,0.20,100,99,88,1
2019-11-18T07:00,21.1,84,18.3,22.0,0.60,100,100,100,0
2019-11-18T08:00,20.4,84,17.6,21.2,0.50,100,99,97,0
2019-11-18T09:00,19.6,87,17.4,20.6,0.40,100,100,100,0
2019-11-18T10:00,19.1,87,16.9,20.1,0.30,97,96,94,0
2019-11-18T11:00,18.9,87,16.7,20.0,0.30,100,96,93,100
2019-11-18T12:00,19.1,84,16.3,19.4,0.30,100,100,82,98
2019-11-18T13:00,18.8,87,16.5,19.3,0.40,100,82,100,100
2019-11-18T14:00,18.3,88,16.2,19.0,0.30,100,97,73,98
2019-11-18T15:00,18.1,88,16.0,18.8,0.30,100,100,83,94
2019-11-18T16:00,18.1,88,16.0,18.9,0.20,100,100,91,97
2019-11-18T17:00,18.0,88,16.0,18.6,0.20,100,97,93,98
2019-11-18T18:00,18.0,88,16.0,18.5,0.20,100,96,100,99
2019-11-18T19:00,17.9,86,15.5,17.9,0.20,100,94,99,99
2019-11-18T20:00,17.7,88,15.7,17.7,0.20,100,100,96,97
2019-11-18T21:00,17.7,84,14.9,17.2,0.20,100,98,97,100
2019-11-18T22:00,17.4,84,14.7,16.7,0.10,100,100,81,100
2019-11-18T23:00,17.6,83,14.7,17.0,0.10,100,98,93,100
2019-11-19T00:00,17.7,83,14.7,17.1,0.20,99,99,93,100
2019-11-19T01:00,18.2,80,14.7,17.6,0.20,100,99,93,100
2019-11-19T02:00,18.1,77,14.0,17.0,0.20,100,100,97,73
2019-11-19T03:00,18.2,76,13.9,16.8,0.10,100,100,99,100
2019-11-19T04:00,18.4,75,13.8,16.5,0.10,100,98,97,99
2019-11-19T05:00,18.6,71,13.3,16.8,0.10,100,98,100,100
2019-11-19T06:00,18.5,73,13.5,16.6,0.10,100,98,63,100
2019-11-19T07:00,18.7,69,12.9,16.6,0.00,100,99,65,100
2019-11-19T08:00,18.1,74,13.3,16.9,0.00,100,88,49,100
2019-11-19T09:00,17.9,76,13.6,16.8,0.10,100,99,61,100
2019-11-19T10:00,17.6,76,13.4,16.0,0.10,100,100,73,100
2019-11-19T11:00,17.3,79,13.7,16.0,0.20,100,99,88,98
2019-11-19T12:00,18.7,72,13.6,17.4,0.30,100,99,85,98
2019-11-19T13:00,18.5,77,14.4,17.2,0.30,100,98,82,99
2019-11-19T14:00,18.2,79,14.5,16.7,0.40,100,10,48,99
2019-11-19T15:00,17.7,80,14.1,15.8,0.20,100,40,59,100
2019-11-19T16:00,17.6,81,14.3,16.0,0.10,100,48,90,100
2019-11-19T17:00,17.6,82,14.4,16.4,0.10,100,100,100,99
2019-11-19T18:00,17.6,80,14.1,16.1,0.10,100,100,91,99
2019-11-19T19:00,17.7,78,13.9,16.3,0.10,100,99,70,96
2019-11-19T20:00,17.8,79,14.1,16.5,0.10,100,99,86,95
2019-11-19T21:00,17.7,78,13.8,16.4,0.10,100,100,77,92
2019-11-19T22:00,17.7,76,13.5,16.3,0.10,100,99,78,94
2019-11-19T23:00,17.8,78,14.0,16.4,0.00,100,100,85,1
2019-11-20T00:00,19.0,74,14.3,17.6,0.00,100,55,47,19
2019-11-20T01:00,20.3,70,14.5,18.8,0.00,97,95,63,33
2019-11-20T02:00,20.5,66,13.9,18.1,0.00,100,99,60,37
2019-11-20T03:00,20.2,68,14.0,18.3,0.00,100,100,91,35
2019-11-20T04:00,20.6,65,13.7,18.4,0.00,100,99,86,0
2019-11-20T05:00,19.8,71,14.4,17.9,0.00,99,99,89,0
2019-11-20T06:00,19.6,73,14.6,17.7,0.10,98,98,93,0
2019-11-20T07:00,19.4,76,15.2,18.8,0.10,98,98,96,0
2019-11-20T08:00,19.1,79,15.3,18.6,0.10,99,98,98,0
2019-11-20T09:00,18.8,78,14.9,17.4,0.10,100,88,100,0
2019-11-20T10:00,18.8,79,15.1,17.7,0.10,100,99,100,22
2019-11-20T11:00,18.8,81,15.4,17.6,0.10,100,98,100,78
2019-11-20T12:00,19.1,79,15.4,18.1,0.10,100,99,100,52
2019-11-20T13:00,19.5,78,15.5,18.6,0.20,100,94,100,94
2019-11-20T14:00,19.6,79,15.8,18.8,0.10,96,60,73,84
2019-11-20T15:00,19.4,81,16.0,19.1,0.20,100,100,99,93
2019-11-20T16:00,19.4,81,16.1,18.8,0.20,100,100,100,74
2019-11-20T17:00,19.6,78,15.8,18.9,0.10,100,100,66,99
2019-11-20T18:00,19.4,80,15.9,18.8,0.10,100,100,66,100
2019-11-20T19:00,19.6,79,15.8,19.1,0.10,100,100,99,100
2019-11-20T20:00,19.6,80,16.0,19.1,0.10,100,99,3,99
2019-11-20T21:00,20.0,75,15.5,19.3,0.00,100,99,1,96
2019-11-20T22:00,20.3,76,15.9,19.8,0.00,100,90,4,98
2019-11-20T23:00,20.4,80,16.8,20.2,0.00,96,96,16,12
2019-11-21T00:00,21.5,80,18.0,21.9,0.00,71,3,10,32
2019-11-21T01:00,22.8,74,17.9,22.7,0.00,55,4,10,50
2019-11-21T02:00,23.5,71,17.9,22.3,0.00,44,11,10,35
2019-11-21T03:00,23.6,71,18.1,23.1,0.10,60,2,17,52
2019-11-21T04:00,23.4,74,18.5,23.3,0.10,68,3,52,33
2019-11-21T05:00,23.6,73,18.5,23.4,0.10,91,88,69,13
2019-11-21T06:00,22.8,80,19.2,23.6,0.30,100,100,100,0
2019-11-21T07:00,22.1,86,19.7,23.8,0.30,100,1,100,0
2019-11-21T08:00,21.9,88,19.9,24.1,0.10,100,37,100,0
2019-11-21T09:00,21.6,90,19.9,23.7,0.00,100,56,100,0
2019-11-21T10:00,21.4,91,19.9,23.9,0.20,100,93,100,0
2019-11-21T11:00,21.5,89,19.7,23.8,1.00,96,96,92,0
2019-11-21T12:00,21.2,93,20.1,24.4,0.10,92,100,96,0
2019-11-21T13:00,21.2,95,20.4,24.4,0.40,100,100,82,0
2019-11-21T14:00,21.7,91,20.2,25.3,0.20,100,100,80,0
2019-11-21T15:00,21.6,90,19.9,25.1,0.50,98,97,73,0
2019-11-21T16:00,21.3,94,20.3,25.2,1.20,100,100,58,0
2019-11-21T17:00,21.3,95,20.4,25.2,0.50,100,100,35,0
2019-11-21T18:00,21.6,93,20.5,24.9,0.40,100,100,67,0
2019-11-21T19:00,21.5,93,20.2,24.4,0.30,100,100,66,0
2019-11-21T20:00,21.4,94,20.4,24.8,0.30,100,100,33,0
2019-11-21T21:00,21.3,94,20.4,24.6,0.50,100,100,39,0
2019-11-21T22:00,21.6,92,20.2,24.7,0.30,100,100,33,0
2019-11-21T23:00,21.6,91,20.2,24.6,0.10,94,94,24,0
2019-11-22T00:00,22.0,88,19.9,25.3,0.00,84,97,99,0
2019-11-22T01:00,22.3,91,20.7,26.2,0.30,100,100,71,0
2019-11-22T02:00,22.7,90,20.9,26.6,0.50,100,100,39,0
2019-11-22T03:00,23.3,88,21.3,27.2,0.60,100,100,79,0
2019-11-22T04:00,23.6,86,21.1,26.4,0.60,96,95,52,0
2019-11-22T05:00,23.4,85,20.7,25.8,0.20,97,93,96,0
2019-11-22T06:00,23.5,84,20.6,26.1,0.10,98,95,97,0
2019-11-22T07:00,23.3,85,20.6,26.4,0.10,100,99,100,0
2019-11-22T08:00,23.1,87,20.8,26.6,0.10,99,99,83,0
2019-11-22T09:00,22.3,91,20.7,25.9,0.10,97,87,96,0
2019-11-22T10:00,22.7,86,20.3,26.5,0.00,100,71,100,0
2019-11-22T11:00,21.8,93,20.6,25.7,0.00,92,89,89,0
2019-11-22T12:00,21.9,93,20.8,25.4,0.10,94,87,10,0
2019-11-22T13:00,22.0,93,20.8,25.6,0.00,100,100,1,0
2019-11-22T14:00,22.3,92,20.9,26.1,0.00,59,59,2,0
2019-11-22T15:00,22.4,91,20.9,26.2,0.00,53,53,3,0
2019-11-22T16:00,21.9,94,20.9,25.6,0.00,37,36,4,0
2019-11-22T17:00,20.5,98,20.2,23.8,0.00,92,89,5,24
2019-11-22T18:00,21.0,98,20.6,24.6,0.00,100,100,8,48
2019-11-22T19:00,20.9,98,20.5,24.4,0.00,100,100,9,52
2019-11-22T20:00,21.0,98,20.6,24.6,0.00,100,100,3,30
2019-11-22T21:00,21.9,94,20.9,25.8,0.00,100,100,1,20
2019-11-22T22:00,22.1,92,20.8,26.3,0.00,100,100,0,1
2019-11-22T23:00,22.1,94,21.0,26.0,0.00,100,100,0,0
2019-11-23T00:00,23.2,91,21.7,27.8,0.00,100,90,0,0
2019-11-23T01:00,24.3,86,21.9,28.8,0.00,60,60,0,0
2019-11-23T02:00,25.3,80,21.7,29.6,0.20,100,100,0,0
2019-11-23T03:00,25.8,77,21.5,29.7,0.30,82,82,1,0
2019-11-23T04:00,26.4,76,21.8,30.2,0.20,83,83,1,0
2019-11-23T05:00,26.9,74,21.8,30.4,0.10,61,61,1,0
2019-11-23T06:00,26.5,75,21.7,29.8,0.00,58,58,0,0
2019-11-23T07:00,25.3,77,21.0,28.1,0.00,58,58,0,0
2019-11-23T08:00,24.3,81,20.8,27.3,0.00,94,94,0,0
2019-11-23T09:00,23.3,84,20.5,26.7,0.00,93,93,1,0
2019-11-23T10:00,22.8,89,20.8,26.8,0.00,82,82,3,0
2019-11-23T11:00,22.4,90,20.7,26.5,0.00,41,37,14,0
2019-11-23T12:00,22.2,92,20.8,25.9,0.00,73,94,43,0
2019-11-23T13:00,22.6,94,21.7,27.2,0.00,100,100,42,0
2019-11-23T14:00,22.4,92,21.1,26.5,0.00,99,99,20,0
2019-11-23T15:00,21.8,96,21.2,25.8,0.00,72,71,16,0
2019-11-23T16:00,22.0,94,21.0,26.3,0.00,24,24,5,0
2019-11-23T17:00,21.3,98,20.9,25.5,0.00,40,40,5,0
2019-11-23T18:00,21.3,98,21.0,25.4,0.00,40,40,10,0
2019-11-23T19:00,21.3,98,21.0,25.3,0.10,93,93,8,0
2019-11-23T20:00,21.4,98,21.1,25.4,0.00,100,100,6,0
2019-11-23T21:00,21.5,97,21.1,25.6,0.00,100,100,6,0
2019-11-23T22:00,21.4,98,21.0,25.2,0.00,100,100,6,0
2019-11-23T23:00,21.6,96,20.9,25.4,0.00,100,100,7,0
2019-11-24T00:00,22.6,92,21.2,26.5,0.10,75,70,7,42
2019-11-24T01:00,24.2,82,20.9,27.9,0.10,71,60,6,30
2019-11-24T02:00,25.3,75,20.5,28.3,0.10,62,61,6,0
2019-11-24T03:00,26.2,70,20.2,28.9,0.00,48,48,4,0
2019-11-24T04:00,26.4,68,20.1,28.8,0.00,83,83,2,0
2019-11-24T05:00,26.3,69,20.2,28.5,0.00,62,61,3,0
2019-11-24T06:00,26.0,70,20.0,28.1,0.00,36,36,2,0
2019-11-24T07:00,25.2,72,19.8,27.1,0.00,38,37,2,0
2019-11-24T08:00,24.1,77,19.9,26.2,0.00,35,34,3,0
2019-11-24T09:00,22.7,85,20.0,25.2,0.00,29,28,3,0
2019-11-24T10:00,21.6,92,20.2,24.2,0.00,20,18,6,0
2019-11-24T11:00,21.8,91,20.2,24.2,0.00,29,28,3,0
2019-11-24T12:00,21.7,92,20.3,24.0,0.00,44,30,9,0
2019-11-24T13:00,21.9,91,20.3,24.1,0.00,43,41,7,0
2019-11-24T14:00,22.1,90,20.3,24.2,0.00,57,56,3,0
2019-11-24T15:00,22.0,89,20.1,24.0,0.00,75,74,2,0
2019-11-24T16:00,21.9,89,20.0,23.6,0.00,97,97,7,0
2019-11-24T17:00,21.9,89,19.9,23.5,0.00,98,98,16,0
2019-11-24T18:00,21.7,89,19.8,23.3,0.10,96,96,33,0
2019-11-24T19:00,21.4,88,19.4,22.5,0.10,87,84,47,0
2019-11-24T20:00,21.1,87,18.8,21.7,0.10,96,94,65,0
2019-11-24T21:00,21.0,85,18.3,21.4,0.10,92,90,89,7
2019-11-24T22:00,21.1,81,17.8,21.6,0.00,100,66,100,2
2019-11-24T23:00,21.3,81,17.9,22.0,0.00,96,50,96,0
2019-11-25T00:00,22.4,80,18.7,23.2,0.00,87,24,50,0
2019-11-25T01:00,23.1,76,18.5,23.1,0.00,61,18,59,0
2019-11-25T02:00,23.2,73,18.2,23.0,0.00,74,24,71,3
2019-11-25T03:00,23.3,71,17.8,23.2,0.00,74,31,63,52
2019-11-25T04:00,22.9,74,18.1,22.9,0.10,74,31,41,54
2019-11-25T05:00,22.3,76,17.8,22.2,0.10,72,40,53,37
2019-11-25T06:00,21.9,75,17.3,21.5,0.10,84,53,65,53
2019-11-25T07:00,20.9,78,17.0,20.7,0.10,93,70,75,68
2019-11-25T08:00,20.2,81,16.9,20.3,0.10,95,70,68,84
2019-11-25T09:00,19.7,84,16.8,19.8,0.20,99,91,72,88
2019-11-25T10:00,19.5,82,16.2,19.0,0.20,100,99,95,88
2019-11-25T11:00,19.4,81,16.1,18.8,0.20,100,100,46,84
2019-11-25T12:00,19.6,83,16.7,19.3,0.20,100,99,34,70
2019-11-25T13:00,19.5,84,16.8,19.1,0.20,100,100,34,59
2019-11-25T14:00,19.3,85,16.6,18.9,0.20,100,100,68,64
2019-11-25T15:00,19.1,84,16.4,18.8,0.30,100,100,83,10
2019-11-25T16:00,18.7,86,16.3,18.3,0.20,100,100,25,3
2019-11-25T17:00,18.8,84,16.1,18.5,0.20,100,100,46,8
2019-11-25T18:00,18.4,86,16.0,18.0,0.20,100,100,71,0
2019-11-25T19:00,18.1,88,16.0,17.6,0.10,96,96,24,0
2019-11-25T20:00,18.1,87,15.8,17.6,0.10,99,99,25,0
2019-11-25T21:00,18.3,85,15.6,17.7,0.10,100,100,27,0
2019-11-25T22:00,18.2,85,15.5,17.6,0.10,97,97,32,0
2019-11-25T23:00,18.2,86,15.8,17.6,0.10,94,94,42,0
2019-11-26T00:00,19.5,85,16.8,19.3,0.10,43,58,27,0
2019-11-26T01:00,20.9,76,16.5,20.2,0.00,98,98,0,0
2019-11-26T02:00,21.2,75,16.5,20.2,0.00,96,96,8,0
2019-11-26T03:00,21.5,71,16.1,20.1,0.00,100,100,12,0
2019-11-26T04:00,21.3,74,16.5,20.0,0.00,99,99,12,0
2019-11-26T05:00,21.4,75,16.7,20.1,0.00,92,91,8,0
2019-11-26T06:00,21.4,75,16.8,20.1,0.00,98,98,7,0
2019-11-26T07:00,21.1,78,17.0,20.5,0.00,100,99,4,0
2019-11-26T08:00,20.5,81,17.2,20.5,0.00,100,100,5,0
2019-11-26T09:00,20.1,83,17.1,20.0,0.00,100,100,4,0
2019-11-26T10:00,19.8,86,17.3,19.8,0.00,98,98,3,0
2019-11-26T11:00,19.8,86,17.3,19.8,0.10,100,100,3,0
2019-11-26T12:00,20.1,86,17.7,20.6,0.10,100,100,0,0
2019-11-26T13:00,20.2,86,17.7,20.6,0.20,100,100,3,0
2019-11-26T14:00,20.0,87,17.7,20.4,0.10,100,100,17,0
2019-11-26T15:00,20.0,87,17.7,20.4,0.10,100,100,28,0
2019-11-26T16:00,19.9,87,17.8,20.6,0.10,100,100,31,0
2019-11-26T17:00,20.0,87,17.7,20.7,0.10,100,100,26,0
2019-11-26T18:00,19.8,88,17.8,20.6,0.10,100,100,23,0
2019-11-26T19:00,19.8,88,17.8,20.6,0.10,99,99,22,0
2019-11-26T20:00,19.6,90,17.9,20.5,0.10,99,98,25,0
2019-11-26T21:00,19.7,89,17.8,20.5,0.10,98,98,23,0
2019-11-26T22:00,19.6,89,17.8,20.5,0.10,100,100,19,0
2019-11-26T23:00,19.7,89,17.8,20.5,0.10,99,99,10,0
2019-11-27T00:00,20.5,87,18.3,21.6,0.10,99,70,12,0
2019-11-27T01:00,21.5,83,18.4,22.0,0.00,48,46,13,0
2019-11-27T02:00,22.0,80,18.4,22.0,0.00,13,1,13,0
2019-11-27T03:00,22.8,75,18.2,22.6,0.00,64,62,11,0
2019-11-27T04:00,22.7,75,18.1,22.5,0.00,99,99,8,0
2019-11-27T05:00,22.1,78,18.1,22.1,0.00,100,100,4,0
2019-11-27T06:00,21.5,80,18.0,21.4,0.00,100,100,1,0
2019-11-27T07:00,21.3,80,17.8,21.1,0.10,99,99,1,0
2019-11-27T08:00,20.6,83,17.7,21.1,0.00,99,99,1,0
2019-11-27T09:00,20.2,84,17.5,20.7,0.00,93,93,1,0
2019-11-27T10:00,19.9,84,17.1,20.4,0.00,94,94,1,0
2019-11-27T11:00,19.7,83,16.6,20.1,0.00,90,90,1,0
2019-11-27T12:00,19.5,81,16.1,20.2,0.00,96,80,1,0
2019-11-27T13:00,19.7,80,16.1,20.4,0.00,96,96,3,0
2019-11-27T14:00,19.7,78,15.8,20.5,0.00,96,96,8,0
2019-11-27T15:00,19.4,81,16.0,20.3,0.10,98,98,11,0
2019-11-27T16:00,19.3,81,16.0,20.0,0.10,95,95,23,0
2019-11-27T17:00,19.0,83,16.1,20.0,0.10,100,100,40,0
2019-11-27T18:00,18.7,85,16.1,19.7,0.10,95,94,41,0
2019-11-27T19:00,18.5,83,15.7,18.9,0.10,95,95,28,0
2019-11-27T20:00,18.4,83,15.5,19.0,0.10,100,100,36,0
2019-11-27T21:00,18.2,83,15.3,18.4,0.10,100,100,68,0
2019-11-27T22:00,17.9,83,15.0,17.9,0.10,100,100,96,0
2019-11-27T23:00,18.0,82,14.9,18.2,0.10,99,97,98,0
2019-11-28T00:00,18.8,83,15.9,19.4,0.10,99,68,50,0
2019-11-28T01:00,19.0,80,15.5,18.9,0.20,96,96,61,0
2019-11-28T02:00,18.7,81,15.3,18.1,0.20,100,100,72,0
2019-11-28T03:00,18.6,80,15.1,17.9,0.20,96,96,87,0
2019-11-28T04:00,18.6,79,14.9,17.7,0.20,100,100,94,0
2019-11-28T05:00,18.3,79,14.5,17.4,0.20,100,98,100,0
2019-11-28T06:00,18.0,78,14.1,17.0,0.20,100,97,100,0
2019-11-28T07:00,17.8,79,14.1,17.8,0.20,100,97,100,0
2019-11-28T08:00,17.3,81,14.1,17.4,0.20,100,99,100,0
2019-11-28T09:00,16.9,80,13.5,16.6,0.20,99,99,94,0
2019-11-28T10:00,16.5,81,13.2,15.7,0.20,100,100,93,0
2019-11-28T11:00,16.4,79,12.7,15.7,0.10,99,99,96,0
2019-11-28T12:00,16.5,77,12.4,15.6,0.10,99,100,91,0
2019-11-28T13:00,16.6,76,12.4,15.4,0.00,99,99,89,0
2019-11-28T14:00,16.6,76,12.4,15.3,0.00,96,96,85,0
2019-11-28T15:00,16.5,78,12.7,15.3,0.00,85,83,79,0
2019-11-28T16:00,16.4,80,12.9,15.3,0.10,68,56,66,0
2019-11-28T17:00,16.3,79,12.6,15.5,0.10,100,100,76,0
2019-11-28T18:00,16.3,79,12.7,15.8,0.10,76,49,74,0
2019-11-28T19:00,16.2,79,12.5,16.0,0.00,90,82,88,0
2019-11-28T20:00,16.1,79,12.5,15.7,0.00,99,99,76,0
2019-11-28T21:00,16.3,78,12.5,15.9,0.00,99,99,65,0
2019-11-28T22:00,16.3,79,12.7,16.0,0.00,95,94,54,0
2019-11-28T23:00,16.6,78,12.6,16.0,0.00,69,68,49,0
2019-11-29T00:00,18.6,71,13.3,17.9,0.00,48,47,47,0
2019-11-29T01:00,20.0,60,12.0,18.0,0.00,27,1,27,0
2019-11-29T02:00,20.1,64,13.2,18.1,0.00,28,23,25,0
2019-11-29T03:00,20.7,61,12.9,18.7,0.00,46,46,2,0
2019-11-29T04:00,21.1,57,12.4,19.1,0.00,75,75,4,0
2019-11-29T05:00,20.9,58,12.4,18.8,0.00,62,62,13,0
2019-11-29T06:00,20.5,62,12.8,18.7,0.00,100,100,14,0
2019-11-29T07:00,20.3,63,13.1,18.7,0.00,65,64,20,0
2019-11-29T08:00,19.5,71,14.0,18.3,0.00,35,30,32,0
2019-11-29T09:00,18.5,77,14.3,18.0,0.00,64,63,16,0
2019-11-29T10:00,18.3,79,14.6,18.3,0.10,100,100,13,0
2019-11-29T11:00,18.0,82,14.9,18.2,0.00,27,23,14,0
2019-11-29T12:00,17.9,91,16.4,18.7,0.10,16,82,34,0
2019-11-29T13:00,18.5,90,16.8,19.0,0.20,51,48,17,0
2019-11-29T14:00,18.6,90,16.8,19.3,0.10,71,68,27,0
2019-11-29T15:00,18.6,90,17.0,19.3,0.20,27,10,27,0
2019-11-29T16:00,18.2,92,16.9,19.2,0.00,26,2,25,0
2019-11-29T17:00,18.2,93,17.1,19.2,0.20,91,89,54,0
2019-11-29T18:00,18.8,90,17.2,19.6,0.40,39,34,31,0
2019-11-29T19:00,18.4,90,16.8,18.9,0.10,43,39,25,0
2019-11-29T20:00,18.6,90,16.9,19.1,0.00,10,3,9,0
2019-11-29T21:00,18.4,91,16.9,18.9,0.00,12,5,12,0
2019-11-29T22:00,18.3,92,17.0,19.1,0.20,83,83,12,0
2019-11-29T23:00,19.4,88,17.4,19.9,0.10,83,81,56,0
2019-11-30T00:00,20.4,88,18.4,21.8,0.40,91,31,38,0
2019-11-30T01:00,22.0,84,19.1,23.2,0.10,24,12,23,0
2019-11-30T02:00,23.0,75,18.3,23.1,0.10,48,42,29,0
2019-11-30T03:00,22.8,73,17.8,22.8,0.10,40,38,14,0
2019-11-30T04:00,23.4,71,17.8,23.1,0.10,43,42,22,0
2019-11-30T05:00,23.5,68,17.3,23.2,0.10,27,24,21,0
2019-11-30T06:00,22.8,70,17.1,22.5,0.10,31,17,29,0
2019-11-30T07:00,22.5,70,16.9,22.1,0.00,48,9,47,0
2019-11-30T08:00,21.7,75,17.1,21.9,0.00,18,16,13,0
2019-11-30T09:00,20.9,75,16.2,20.6,0.00,16,15,7,0
2019-11-30T10:00,20.7,74,16.0,20.3,0.00,22,15,20,0
2019-11-30T11:00,20.4,76,16.0,20.2,0.00,17,10,16,0
2019-11-30T12:00,20.3,79,16.6,21.2,0.00,63,0,80,0
2019-11-30T13:00,20.7,78,16.7,21.1,0.00,32,3,32,0
2019-11-30T14:00,20.5,79,16.7,20.8,0.00,24,15,23,0
2019-11-30T15:00,20.2,79,16.4,20.8,0.00,34,19,32,0
2019-11-30T16:00,20.1,79,16.3,21.0,0.00,57,10,57,0
2019-11-30T17:00,19.8,80,16.3,21.0,0.00,94,16,94,0
2019-11-30T18:00,19.2,83,16.3,20.6,0.00,92,11,92,0
2019-11-30T19:00,18.7,86,16.3,20.0,0.00,73,2,73,0
2019-11-30T20:00,20.1,78,16.1,22.0,0.00,58,1,58,0
2019-11-30T21:00,18.7,87,16.5,20.1,0.00,54,0,54,0
2019-11-30T22:00,17.6,95,16.8,19.3,0.00,41,16,38,0
2019-11-30T23:00,17.6,96,17.0,19.5,0.00,55,52,18,0
2019-12-01T00:00,19.1,92,17.7,21.5,0.00,24,13,3,44
2019-12-01T01:00,21.7,80,18.1,24.3,0.00,24,5,2,20
2019-12-01T02:00,24.1,70,18.4,26.8,0.00,2,1,2,0
2019-12-01T03:00,25.8,58,17.0,28.2,0.00,3,1,1,2
2019-12-01T04:00,26.5,53,16.0,28.2,0.00,3,0,3,0
2019-12-01T05:00,25.4,66,18.5,27.0,0.00,14,0,14,0
2019-12-01T06:00,23.8,71,18.2,24.7,0.00,24,0,24,0
2019-12-01T07:00,22.9,71,17.3,23.8,0.00,7,1,6,0
2019-12-01T08:00,21.9,76,17.5,23.4,0.00,16,15,3,0
2019-12-01T09:00,19.9,87,17.7,22.1,0.00,53,53,1,0
2019-12-01T10:00,19.3,90,17.7,21.6,0.10,29,28,4,0
2019-12-01T11:00,18.8,94,17.8,21.2,0.00,22,20,9,0
2019-12-01T12:00,19.7,89,17.8,21.7,0.10,44,53,51,0
2019-12-01T13:00,19.4,86,17.0,20.4,0.30,84,79,60,0
2019-12-01T14:00,19.0,86,16.5,20.1,0.10,74,66,59,0
2019-12-01T15:00,18.8,85,16.2,19.2,0.10,76,75,42,0
2019-12-01T16:00,18.4,84,15.6,18.2,0.10,91,91,27,0
2019-12-01T17:00,17.7,84,15.0,17.2,0.10,99,99,51,0
2019-12-01T18:00,17.0,81,13.8,16.3,0.00,95,95,50,0
2019-12-01T19:00,16.8,79,13.1,16.1,0.00,97,97,24,0
2019-12-01T20:00,16.2,77,12.2,15.2,0.00,99,98,22,0
2019-12-01T21:00,15.7,76,11.5,14.6,0.00,100,100,7,0
2019-12-01T22:00,15.3,77,11.3,14.5,0.00,100,100,1,0
2019-12-01T23:00,15.2,76,11.0,14.9,0.10,100,100,0,0
2019-12-02T00:00,16.5,74,11.9,15.9,0.10,100,99,91,0
2019-12-02T01:00,16.6,73,11.7,15.4,0.10,100,100,100,0
2019-12-02T02:00,16.5,73,11.6,15.2,0.20,100,98,100,0
2019-12-02T03:00,16.6,70,11.2,14.8,0.10,99,99,99,0
2019-12-02T04:00,16.2,70,10.8,14.4,0.10,100,100,76,35
2019-12-02T05:00,15.8,69,10.2,13.8,0.10,100,100,61,26
2019-12-02T06:00,15.1,71,9.8,13.2,0.10,100,100,47,42
2019-12-02T07:00,14.9,68,9.1,12.9,0.00,100,99,48,46
2019-12-02T08:00,14.9,65,8.3,12.8,0.00,97,97,25,0
2019-12-02T09:00,14.4,65,7.8,12.3,0.00,98,98,12,0
2019-12-02T10:00,14.3,65,7.8,12.5,0.00,87,87,1,0
2019-12-02T11:00,14.4,63,7.5,12.7,0.00,94,94,0,0
2019-12-02T12:00,14.6,74,9.9,13.4,0.00,98,95,5,0
2019-12-02T13:00,15.3,62,8.1,13.7,0.00,96,96,31,0
2019-12-02T14:00,15.1,60,7.5,13.4,0.00,100,100,35,0
2019-12-02T15:00,15.0,60,7.3,13.2,0.00,100,100,44,0
2019-12-02T16:00,15.1,57,6.7,12.7,0.00,98,98,41,0
2019-12-02T17:00,14.8,59,6.8,12.6,0.00,98,98,28,0
2019-12-02T18:00,14.7,59,6.7,12.4,0.00,98,98,27,0
2019-12-02T19:00,14.6,60,6.9,12.5,0.00,100,98,20,77
2019-12-02T20:00,14.4,61,7.1,12.2,0.00,100,98,30,87
2019-12-02T21:00,14.4,63,7.4,12.1,0.00,100,99,47,65
2019-12-02T22:00,14.5,63,7.5,12.1,0.00,100,98,60,91
2019-12-02T23:00,14.6,66,8.3,12.5,0.00,99,94,42,89
2019-12-03T00:00,16.3,58,8.0,14.0,0.00,99,96,33,71
2019-12-03T01:00,17.1,52,7.1,13.7,0.00,98,86,36,87
2019-12-03T02:00,18.0,49,7.0,13.9,0.00,100,100,42,92
2019-12-03T03:00,18.2,49,7.2,14.1,0.00,100,100,51,95
2019-12-03T04:00,17.8,53,8.2,14.0,0.00,100,98,65,94
2019-12-03T05:00,18.2,52,8.1,14.4,0.00,100,100,61,87
2019-12-03T06:00,17.2,57,8.5,13.8,0.00,97,80,52,84
2019-12-03T07:00,17.1,58,8.7,13.8,0.00,91,1,49,82
2019-12-03T08:00,16.7,59,8.8,13.7,0.00,69,12,28,57
2019-12-03T09:00,15.7,63,8.6,13.1,0.00,62,0,15,55
2019-12-03T10:00,15.4,64,8.5,12.9,0.00,14,6,13,0
2019-12-03T11:00,15.3,65,8.7,12.8,0.00,19,16,18,0
2019-12-03T12:00,16.1,63,9.2,13.6,0.00,30,25,28,28
2019-12-03T13:00,16.3,63,9.3,13.8,0.00,17,8,17,0
2019-12-03T14:00,16.0,62,8.7,13.3,0.00,34,32,27,0
2019-12-03T15:00,15.8,64,9.0,13.1,0.00,56,28,27,39
2019-12-03T16:00,15.8,64,8.9,13.2,0.00,46,26,32,40
2019-12-03T17:00,15.7,65,9.2,13.4,0.00,43,2,12,36
2019-12-03T18:00,15.3,67,9.3,13.3,0.00,68,28,26,55
2019-12-03T19:00,15.5,66,9.2,13.2,0.00,58,18,24,45
2019-12-03T20:00,15.4,65,8.9,13.1,0.00,59,12,16,51
2019-12-03T21:00,15.3,66,9.0,13.0,0.00,93,57,31,84
2019-12-03T22:00,15.6,65,9.2,13.0,0.00,86,63,52,63
2019-12-03T23:00,16.0,64,9.3,13.4,0.00,76,64,53,53
2019-12-04T00:00,17.4,61,9.9,15.0,0.00,91,19,28,37
2019-12-04T01:00,18.1,55,9.0,14.5,0.00,78,76,22,0
2019-12-04T02:00,18.5,56,9.5,14.6,0.00,100,100,17,0
2019-12-04T03:00,18.0,55,9.0,14.4,0.00,100,100,14,39
2019-12-04T04:00,17.9,58,9.5,14.4,0.00,100,100,79,1
2019-12-04T05:00,17.9,58,9.4,14.1,0.00,100,100,59,42
2019-12-04T06:00,17.5,60,9.6,14.4,0.00,98,97,77,31
2019-12-04T07:00,17.4,60,9.5,14.4,0.00,100,94,96,90
2019-12-04T08:00,17.1,62,9.6,14.7,0.00,100,100,100,93
2019-12-04T09:00,16.5,66,10.0,14.3,0.00,100,100,98,96
2019-12-04T10:00,16.7,62,9.3,14.4,0.00,99,99,93,94
2019-12-04T11:00,16.5,65,9.8,14.4,0.00,100,99,100,34
2019-12-04T12:00,16.3,70,10.9,14.8,0.40,100,28,100,81
2019-12-04T13:00,16.1,76,11.8,14.4,0.70,100,1,100,100
2019-12-04T14:00,15.4,86,13.0,14.2,1.00,100,5,98,99
2019-12-04T15:00,15.4,86,13.1,14.5,1.20,95,0,75,93
2019-12-04T16:00,15.7,79,12.1,14.2,0.90,98,76,91,91
2019-12-04T17:00,15.2,83,12.3,14.2,0.30,100,62,100,95
2019-12-04T18:00,15.1,83,12.2,14.1,0.70,100,89,100,93
2019-12-04T19:00,14.8,85,12.3,13.6,0.60,100,100,100,97
2019-12-04T20:00,14.8,86,12.4,13.7,0.70,100,100,100,100
2019-12-04T21:00,14.8,86,12.4,13.7,1.50,100,93,100,100
2019-12-04T22:00,14.9,86,12.5,13.9,4.10,100,44,100,100
2019-12-04T23:00,14.6,86,12.4,13.4,1.90,100,100,100,82
2019-12-05T00:00,15.2,83,12.3,14.0,0.90,100,18,100,53
2019-12-05T01:00,16.1,81,12.9,14.8,0.20,100,35,100,63
2019-12-05T02:00,16.3,78,12.5,14.9,0.30,100,18,100,65
2019-12-05T03:00,17.1,78,13.1,15.7,0.30,100,72,100,42
2019-12-05T04:00,16.1,83,13.2,14.9,0.30,99,35,99,24
2019-12-05T05:00,16.2,83,13.4,15.3,0.30,100,45,100,98
2019-12-05T06:00,16.1,88,14.0,15.7,0.60,100,1,100,100
2019-12-05T07:00,15.8,89,14.0,15.4,0.80,100,50,100,93
2019-12-05T08:00,15.5,86,13.1,14.7,1.50,100,1,100,100
2019-12-05T09:00,15.3,87,13.1,14.4,1.80,100,2,100,99
2019-12-05T10:00,15.3,86,13.0,14.8,1.50,100,1,100,71
2019-12-05T11:00,15.2,88,13.2,14.6,1.70,100,58,100,15
2019-12-05T12:00,15.6,85,13.1,14.0,1.40,100,0,100,2
2019-12-05T13:00,15.4,88,13.5,14.3,1.10,100,54,100,1
2019-12-05T14:00,15.4,88,13.4,13.9,0.70,100,4,100,100
2019-12-05T15:00,15.3,87,13.2,13.8,1.10,100,0,100,77
2019-12-05T16:00,15.3,88,13.3,14.2,1.40,100,4,100,82
2019-12-05T17:00,15.4,89,13.6,14.8,0.50,100,3,100,97
2019-12-05T18:00,15.4,88,13.5,14.7,0.90,100,21,100,49
2019-12-05T19:00,15.5,88,13.6,15.0,1.20,100,70,100,99
2019-12-05T20:00,15.3,89,13.5,14.7,3.10,100,0,100,99
2019-12-05T21:00,15.4,89,13.5,14.5,1.70,99,0,98,85
2019-12-05T22:00,15.3,88,13.4,14.3,1.20,100,1,100,96
2019-12-05T23:00,15.6,88,13.5,14.5,1.30,100,1,100,100
2019-12-06T00:00,15.9,86,13.6,15.1,1.90,100,100,100,80
2019-12-06T01:00,15.9,87,13.7,14.9,1.50,100,72,100,94
2019-12-06T02:00,15.8,86,13.5,14.8,1.00,100,1,100,99
2019-12-06T03:00,15.8,88,13.9,15.4,1.30,100,51,100,99
2019-12-06T04:00,15.9,87,13.8,15.1,1.80,100,35,100,94
2019-12-06T05:00,16.1,87,13.9,15.4,2.00,100,9,100,89
2019-12-06T06:00,16.1,87,14.0,15.9,1.70,100,23,100,100
2019-12-06T07:00,16.0,88,14.0,15.5,1.70,100,2,100,100
2019-12-06T08:00,15.6,89,13.7,14.7,1.80,100,0,100,64
2019-12-06T09:00,15.4,89,13.5,14.4,1.50,100,0,100,99
2019-12-06T10:00,15.2,88,13.2,13.7,1.40,100,0,96,100
2019-12-06T11:00,15.0,87,12.8,13.5,1.00,100,0,99,80
2019-12-06T12:00,15.1,85,12.6,13.6,1.50,99,8,100,100
2019-12-06T13:00,14.8,86,12.5,13.3,1.70,100,72,99,35
2019-12-06T14:00,14.4,86,12.2,13.0,0.80,100,99,93,24
2019-12-06T15:00,14.1,87,12.0,12.7,0.60,100,100,97,28
2019-12-06T16:00,14.0,86,11.7,12.6,1.10,100,44,99,57
2019-12-06T17:00,13.6,87,11.5,12.2,1.20,99,5,99,76
2019-12-06T18:00,13.8,86,11.4,13.1,0.60,100,94,100,92
2019-12-06T19:00,13.4,87,11.3,12.8,0.50,98,37,98,12
2019-12-06T20:00,13.5,88,11.6,13.3,0.50,100,29,100,0
2019-12-06T21:00,13.4,88,11.4,13.0,0.50,100,3,100,0
2019-12-06T22:00,13.4,89,11.6,13.4,0.30,100,99,100,0
2019-12-06T23:00,13.4,86,11.2,13.0,0.20,100,96,100,0
2019-12-07T00:00,14.2,85,11.8,14.3,0.20,100,92,100,0
2019-12-07T01:00,14.6,84,12.0,14.7,0.10,100,65,100,0
2019-12-07T02:00,15.5,80,12.1,15.9,0.00,100,26,100,0
2019-12-07T03:00,16.2,72,11.2,16.0,0.00,100,3,100,0
2019-12-07T04:00,15.4,73,10.6,14.0,0.00,100,78,100,0
2019-12-07T05:00,15.7,70,10.3,14.6,0.00,100,98,100,0
2019-12-07T06:00,15.4,67,9.4,13.5,0.00,96,60,96,0
2019-12-07T07:00,15.4,66,9.1,13.6,0.00,100,67,100,0
2019-12-07T08:00,15.1,61,7.6,12.9,0.00,98,39,98,0
2019-12-07T09:00,14.3,62,7.1,12.7,0.00,92,13,92,0
2019-12-07T10:00,13.8,67,7.8,12.3,0.00,83,78,74,0
2019-12-07T11:00,13.5,68,7.8,11.6,0.00,56,44,54,0
2019-12-07T12:00,13.8,64,7.2,11.5,0.00,58,1,58,0
2019-12-07T13:00,13.4,66,7.2,11.4,0.00,84,44,83,0
2019-12-07T14:00,13.9,62,6.6,12.0,0.00,70,40,69,0
2019-12-07T15:00,13.6,60,6.1,11.6,0.00,57,30,55,0
2019-12-07T16:00,13.6,62,6.5,11.8,0.00,66,36,66,0
2019-12-07T17:00,12.7,77,8.7,11.1,0.00,59,45,56,0
2019-12-07T18:00,13.1,70,7.8,11.5,0.00,86,74,84,0
2019-12-07T19:00,13.6,67,7.5,11.7,0.00,54,33,53,0
2019-12-07T20:00,12.2,73,7.4,10.2,0.00,60,12,59,0
2019-12-07T21:00,12.4,77,8.4,11.0,0.00,47,41,45,0
2019-12-07T22:00,12.1,80,8.8,10.6,0.00,47,17,46,0
2019-12-07T23:00,12.9,79,9.4,11.8,0.00,52,40,46,0
2019-12-08T00:00,15.6,70,10.2,14.9,0.00,46,17,11,0
2019-12-08T01:00,17.3,59,9.1,15.9,0.00,14,2,14,0
2019-12-08T02:00,18.1,49,7.1,15.1,0.00,64,63,37,0
2019-12-08T03:00,18.1,52,8.0,15.1,0.00,100,100,87,0
2019-12-08T04:00,17.8,52,7.8,14.9,0.00,65,64,39,0
2019-12-08T05:00,18.4,49,7.4,15.8,0.00,22,21,16,0
2019-12-08T06:00,18.0,53,8.2,15.2,0.00,100,100,69,0
2019-12-08T07:00,17.6,53,8.0,15.1,0.00,22,4,7,16
2019-12-08T08:00,16.8,57,8.3,15.0,0.00,22,4,5,18
2019-12-08T09:00,14.5,65,7.9,12.8,0.00,4,0,4,0
2019-12-08T10:00,13.3,70,8.0,11.7,0.00,61,51,24,21
2019-12-08T11:00,14.7,65,8.3,13.0,0.00,48,43,12,9
2019-12-08T12:00,14.5,69,8.8,13.1,0.00,89,89,19,68
2019-12-08T13:00,14.5,70,9.1,13.2,0.00,100,99,14,65
2019-12-08T14:00,14.1,73,9.3,13.0,0.00,84,64,18,60
2019-12-08T15:00,14.4,71,9.1,13.1,0.00,74,42,17,57
2019-12-08T16:00,13.4,76,9.3,12.2,0.00,55,18,8,46
2019-12-08T17:00,12.8,80,9.4,11.6,0.00,100,100,9,74
2019-12-08T18:00,13.0,81,9.9,12.0,0.00,98,8,2,98
2019-12-08T19:00,12.7,83,9.9,11.6,0.00,53,1,0,52
2019-12-08T20:00,11.2,86,9.0,9.6,0.00,54,1,0,54
2019-12-08T21:00,11.0,86,8.7,9.3,0.00,56,4,1,54
2019-12-08T22:00,11.7,84,9.2,10.1,0.00,73,9,4,70
2019-12-08T23:00,13.5,81,10.3,12.7,0.00,52,7,4,48
2019-12-09T00:00,16.9,74,12.3,16.3,0.00,34,3,0,96
2019-12-09T01:00,18.8,69,13.0,18.1,0.00,62,16,0,56
2019-12-09T02:00,20.1,60,12.1,18.1,0.00,95,92,0,49
2019-12-09T03:00,20.6,58,12.1,18.5,0.00,98,93,3,73
2019-12-09T04:00,20.9,58,12.4,18.8,0.00,100,100,15,85
2019-12-09T05:00,20.5,61,12.7,18.8,0.00,98,89,17,89
2019-12-09T06:00,20.4,63,13.0,19.0,0.00,95,59,23,88
2019-12-09T07:00,19.8,67,13.5,18.9,0.00,68,23,14,59
2019-12-09T08:00,19.0,71,13.7,18.7,0.00,90,43,22,84
2019-12-09T09:00,18.2,73,13.3,17.7,0.00,89,9,45,86
2019-12-09T10:00,17.7,73,12.8,16.9,0.00,91,29,66,87
2019-12-09T11:00,17.3,75,12.8,17.0,0.00,71,48,50,40
2019-12-09T12:00,18.0,72,12.8,17.5,0.00,98,86,88,96
2019-12-09T13:00,18.6,71,13.2,18.0,0.00,100,21,78,100
2019-12-09T14:00,18.6,69,12.9,17.6,0.00,92,4,74,91
2019-12-09T15:00,18.6,67,12.4,17.5,0.00,84,7,30,82
2019-12-09T16:00,17.8,75,13.3,17.3,0.00,94,11,40,93
2019-12-09T17:00,17.6,78,13.7,17.3,0.00,88,8,25,87
2019-12-09T18:00,16.5,84,13.8,16.8,0.00,75,4,28,74
2019-12-09T19:00,15.9,87,13.6,16.1,0.00,64,10,28,61
2019-12-09T20:00,16.4,85,13.9,16.3,0.00,69,1,17,68
2019-12-09T21:00,15.7,89,14.0,15.9,0.00,74,0,8,74
2019-12-09T22:00,15.6,90,14.0,15.9,0.00,68,0,15,67
2019-12-09T23:00,15.9,91,14.5,16.6,0.00,46,0,14,44
2019-12-10T00:00,17.7,83,14.7,18.9,0.00,48,11,1,36
2019-12-10T01:00,19.9,74,15.2,21.5,0.00,39,15,1,31
2019-12-10T02:00,21.3,65,14.3,22.0,0.00,42,20,6,31
2019-12-10T03:00,21.8,60,13.7,21.8,0.00,57,45,8,28
2019-12-10T04:00,21.9,59,13.5,21.6,0.00,68,56,8,34
2019-12-10T05:00,21.9,60,13.7,21.9,0.00,94,93,0,25
2019-12-10T06:00,21.8,63,14.5,22.4,0.00,76,76,1,0
2019-12-10T07:00,21.9,67,15.4,22.9,0.00,41,41,2,0
2019-12-10T08:00,21.1,73,16.1,22.4,0.00,20,20,1,0
2019-12-10T09:00,19.2,85,16.6,20.8,0.00,22,22,1,0
2019-12-10T10:00,17.9,94,16.9,19.7,0.00,42,42,7,0
2019-12-10T11:00,17.1,96,16.4,18.7,0.00,38,38,13,0
2019-12-10T12:00,17.7,96,17.0,19.6,0.00,29,85,24,0
2019-12-10T13:00,17.7,96,17.0,19.5,0.00,99,99,32,0
2019-12-10T14:00,17.3,97,16.8,19.1,0.00,89,89,29,0
2019-12-10T15:00,17.2,97,16.7,18.6,0.00,59,57,23,0
2019-12-10T16:00,17.3,95,16.4,18.6,0.00,59,58,17,0
2019-12-10T17:00,17.3,96,16.6,18.7,0.00,55,53,19,0
2019-12-10T18:00,17.4,96,16.8,18.9,0.00,57,54,16,0
2019-12-10T19:00,17.6,96,17.0,19.4,0.10,47,46,28,0
2019-12-10T20:00,17.7,95,16.9,19.5,0.10,52,39,42,0
2019-12-10T21:00,17.3,96,16.7,19.1,0.10,75,74,29,0
2019-12-10T22:00,17.1,94,16.1,18.8,0.10,31,29,27,0
2019-12-10T23:00,17.7,94,16.6,19.8,0.00,33,30,21,0
2019-12-11T00:00,19.2,88,17.2,21.3,0.10,35,28,10,0
2019-12-11T01:00,20.2,81,16.9,21.7,0.00,5,5,2,0
2019-12-11T02:00,21.1,75,16.5,21.8,0.00,6,6,0,0
2019-12-11T03:00,22.0,67,15.6,21.8,0.00,67,67,0,0
2019-12-11T04:00,21.7,67,15.4,21.1,0.00,54,54,2,0
2019-12-11T05:00,21.4,68,15.3,20.9,0.00,72,72,10,0
2019-12-11T06:00,20.8,58,12.2,19.3,0.00,78,77,23,0
2019-12-11T07:00,20.1,64,13.0,19.1,0.00,95,95,32,0
2019-12-11T08:00,19.7,65,13.0,19.1,0.00,54,52,46,0
2019-12-11T09:00,17.9,70,12.4,17.8,0.00,27,15,26,0
2019-12-11T10:00,16.6,79,12.8,16.5,0.00,11,3,10,0
2019-12-11T11:00,16.8,77,12.7,16.6,0.00,21,11,20,0
2019-12-11T12:00,18.1,71,12.8,17.5,0.00,27,18,22,0
2019-12-11T13:00,17.9,73,13.0,17.1,0.00,5,5,4,0
2019-12-11T14:00,17.3,76,13.0,16.5,0.00,10,10,4,0
2019-12-11T15:00,17.2,73,12.4,16.1,0.00,14,14,6,0
2019-12-11T16:00,17.1,71,11.8,15.8,0.00,10,10,4,0
2019-12-11T17:00,16.8,70,11.4,15.3,0.00,4,3,1,0
2019-12-11T18:00,16.5,69,10.8,14.9,0.00,1,1,0,0
2019-12-11T19:00,16.1,69,10.5,14.5,0.00,1,1,0,0
2019-12-11T20:00,15.9,70,10.4,14.3,0.00,2,1,1,0
2019-12-11T21:00,15.7,71,10.5,14.1,0.00,2,1,2,0
2019-12-11T22:00,15.4,73,10.7,14.0,0.00,6,5,2,0
2019-12-11T23:00,15.7,75,11.4,14.4,0.00,27,26,3,0
2019-12-12T00:00,17.7,72,12.7,16.5,0.00,10,16,3,0
2019-12-12T01:00,18.9,64,12.0,16.4,0.00,61,61,2,0
2019-12-12T02:00,19.4,61,11.8,16.5,0.00,77,77,2,0
2019-12-12T03:00,19.6,61,11.9,16.8,0.00,77,77,2,0
2019-12-12T04:00,19.9,60,11.9,17.0,0.00,69,69,1,0
2019-12-12T05:00,20.0,61,12.3,17.3,0.00,82,82,1,0
2019-12-12T06:00,19.7,63,12.4,17.1,0.00,91,91,0,0
2019-12-12T07:00,19.4,63,12.3,17.1,0.00,18,18,0,0
2019-12-12T08:00,18.7,66,12.2,16.6,0.00,11,11,0,0
2019-12-12T09:00,17.6,67,11.4,15.8,0.00,3,3,1,0
2019-12-12T10:00,16.9,69,11.1,15.5,0.00,4,3,2,0
2019-12-12T11:00,16.7,70,11.2,15.2,0.00,6,6,2,0
2019-12-12T12:00,17.0,72,11.9,15.8,0.00,7,10,13,0
2019-12-12T13:00,17.3,73,12.4,16.1,0.00,26,20,23,0
2019-12-12T14:00,17.2,73,12.4,16.2,0.00,25,15,23,0
2019-12-12T15:00,17.3,74,12.5,16.5,0.00,12,9,11,0
2019-12-12T16:00,17.6,73,12.8,16.7,0.00,5,4,4,0
2019-12-12T17:00,17.1,77,13.1,16.3,0.00,2,2,1,0
2019-12-12T18:00,16.9,81,13.7,16.2,0.00,1,1,1,0
2019-12-12T19:00,16.3,85,13.8,16.0,0.00,3,2,1,0
2019-12-12T20:00,16.1,86,13.7,15.7,0.00,4,4,1,0
2019-12-12T21:00,15.8,88,13.9,15.6,0.00,5,4,2,0
2019-12-12T22:00,15.2,90,13.7,15.3,0.00,12,11,2,0
2019-12-12T23:00,15.8,89,14.0,16.1,0.00,18,18,2,0
2019-12-13T00:00,18.3,82,15.2,19.0,0.00,29,23,2,0
2019-12-13T01:00,20.7,73,15.6,21.3,0.00,18,17,2,0
2019-12-13T02:00,22.0,65,15.2,21.9,0.00,27,27,1,0
2019-12-13T03:00,22.7,63,15.3,22.6,0.00,56,56,1,0
2019-12-13T04:00,22.9,65,15.9,22.9,0.00,55,55,0,0
2019-12-13T05:00,22.6,67,16.2,22.4,0.00,49,49,0,0
2019-12-13T06:00,21.9,71,16.5,21.8,0.00,8,8,0,0
2019-12-13T07:00,21.6,72,16.4,21.5,0.00,6,6,0,0
2019-12-13T08:00,20.7,76,16.2,20.5,0.00,9,7,6,0
2019-12-13T09:00,19.2,82,16.0,19.5,0.00,11,10,9,0
2019-12-13T10:00,18.3,86,15.9,18.7,0.00,14,12,11,0
2019-12-13T11:00,18.1,86,15.8,18.4,0.00,17,17,12,0
2019-12-13T12:00,17.6,83,14.8,17.9,0.00,21,11,10,0
2019-12-13T13:00,17.8,85,15.2,18.2,0.00,15,15,9,0
2019-12-13T14:00,17.8,87,15.6,18.3,0.00,19,19,6,0
2019-12-13T15:00,18.4,86,15.9,18.9,0.00,36,36,4,0
2019-12-13T16:00,18.6,85,16.1,18.8,0.00,6,6,3,0
2019-12-13T17:00,18.2,88,16.2,18.4,0.00,35,35,2,0
2019-12-13T18:00,18.6,86,16.3,18.8,0.00,72,72,2,0
2019-12-13T19:00,18.8,86,16.4,19.2,0.00,54,54,2,0
2019-12-13T20:00,18.7,87,16.6,19.1,0.00,61,61,1,0
2019-12-13T21:00,18.7,88,16.7,19.1,0.00,82,82,1,0
2019-12-13T22:00,18.7,89,16.9,19.2,0.00,94,94,1,0
2019-12-13T23:00,18.9,89,17.0,19.4,0.00,99,99,0,0
2019-12-14T00:00,20.1,85,17.5,20.6,0.00,96,67,0,0
2019-12-14T01:00,21.1,81,17.7,21.5,0.00,48,48,0,0
2019-12-14T02:00,22.0,77,17.8,22.2,0.00,12,12,0,0
2019-12-14T03:00,22.6,75,17.9,22.4,0.00,19,19,0,0
2019-12-14T04:00,22.6,74,17.7,22.4,0.00,47,47,0,0
2019-12-14T05:00,21.7,76,17.3,21.3,0.00,53,53,1,0
2019-12-14T06:00,21.1,76,16.8,20.3,0.00,36,35,2,0
2019-12-14T07:00,20.5,77,16.4,19.6,0.00,29,29,2,0
2019-12-14T08:00,19.9,80,16.3,19.5,0.00,87,87,2,0
2019-12-14T09:00,19.2,80,15.8,18.7,0.00,58,58,2,0
2019-12-14T10:00,18.9,80,15.4,18.4,0.00,99,99,2,0
2019-12-14T11:00,18.8,79,15.1,18.1,0.00,22,22,1,0
2019-12-14T12:00,19.2,78,15.2,18.6,0.00,45,88,0,0
2019-12-14T13:00,19.5,74,14.8,18.6,0.00,77,77,0,0
2019-12-14T14:00,19.4,73,14.4,18.4,0.00,70,70,0,0
2019-12-14T15:00,19.0,73,14.2,17.9,0.00,21,21,0,0
2019-12-14T16:00,18.7,75,14.1,17.7,0.00,67,67,0,0
2019-12-14T17:00,18.5,77,14.3,17.6,0.00,29,29,0,0
2019-12-14T18:00,18.4,78,14.5,17.6,0.00,59,59,0,0
2019-12-14T19:00,18.8,77,14.8,18.1,0.00,18,18,0,0
2019-12-14T20:00,18.6,79,14.9,17.9,0.00,0,0,0,0
2019-12-14T21:00,18.2,81,14.9,17.6,0.00,0,0,0,0
2019-12-14T22:00,18.1,83,15.1,17.6,0.00,1,1,0,0
2019-12-14T23:00,18.3,83,15.4,17.9,0.00,1,1,0,0
2019-12-15T00:00,20.4,79,16.7,20.5,0.00,0,1,0,0
2019-12-15T01:00,21.9,73,16.9,21.6,0.00,4,4,1,0
2019-12-15T02:00,22.9,69,16.8,22.3,0.00,8,8,2,0
2019-12-15T03:00,23.5,66,16.8,23.0,0.00,11,11,1,0
2019-12-15T04:00,23.9,65,16.9,23.8,0.00,11,11,1,0
2019-12-15T05:00,24.0,65,16.9,24.0,0.00,9,9,0,0
2019-12-15T06:00,23.9,65,17.0,23.9,0.00,6,6,0,0
2019-12-15T07:00,23.4,68,17.1,23.4,0.00,4,4,0,0
2019-12-15T08:00,22.3,72,16.9,22.6,0.00,0,0,0,0
2019-12-15T09:00,20.6,75,15.9,20.5,0.00,0,0,0,0
2019-12-15T10:00,19.6,76,15.3,19.2,0.00,0,0,0,0
2019-12-15T11:00,19.2,77,15.0,18.7,0.00,1,1,0,0
2019-12-15T12:00,19.1,76,14.7,18.6,0.00,6,3,0,0
2019-12-15T13:00,19.3,74,14.6,18.5,0.00,8,8,0,0
2019-12-15T14:00,19.2,74,14.4,18.3,0.00,6,6,0,0
2019-12-15T15:00,19.0,75,14.5,18.3,0.00,4,4,0,0
2019-12-15T16:00,18.8,77,14.6,18.3,0.00,4,4,0,0
2019-12-15T17:00,18.4,79,14.8,18.2,0.00,4,4,0,0
2019-12-15T18:00,18.0,81,14.8,18.1,0.00,2,2,0,0
2019-12-15T19:00,17.6,82,14.5,17.8,0.00,0,0,0,0
2019-12-15T20:00,17.1,85,14.5,17.4,0.00,0,0,0,0
2019-12-15T21:00,16.3,88,14.3,16.6,0.00,0,0,0,0
2019-12-15T22:00,15.7,88,13.8,15.8,0.00,0,0,0,0
2019-12-15T23:00,16.8,87,14.6,17.6,0.00,0,0,0,0
2019-12-16T00:00,19.2,82,16.0,20.9,0.00,0,1,0,0
2019-12-16T01:00,21.8,71,16.2,23.7,0.00,1,1,0,0
2019-12-16T02:00,23.4,61,15.5,24.7,0.00,1,1,0,0
2019-12-16T03:00,24.4,57,15.3,25.8,0.00,0,0,0,0
2019-12-16T04:00,25.0,56,15.7,26.8,0.00,0,0,0,0
2019-12-16T05:00,25.3,57,16.2,27.2,0.00,0,0,0,0
2019-12-16T06:00,25.5,57,16.4,27.1,0.00,0,0,0,0
2019-12-16T07:00,25.5,58,16.7,27.2,0.00,0,0,0,0
2019-12-16T08:00,24.9,68,18.6,27.7,0.00,0,0,0,0
2019-12-16T09:00,24.6,60,16.2,26.6,0.00,0,0,0,0
2019-12-16T10:00,20.5,78,16.4,21.6,0.00,0,0,0,0
2019-12-16T11:00,18.4,86,16.1,19.4,0.00,0,0,0,0
2019-12-16T12:00,19.9,81,16.5,21.6,0.00,0,0,0,0
2019-12-16T13:00,17.5,95,16.7,19.0,0.00,0,0,0,0
2019-12-16T14:00,18.4,93,17.3,20.5,0.00,0,0,0,0
2019-12-16T15:00,16.7,97,16.1,18.2,0.00,0,0,0,0
2019-12-16T16:00,16.8,95,16.1,18.5,0.00,0,0,0,0
2019-12-16T17:00,17.0,94,15.9,18.6,0.00,0,0,0,0
2019-12-16T18:00,16.4,94,15.4,17.6,0.00,0,0,0,0
2019-12-16T19:00,16.0,93,14.9,16.9,0.00,0,0,0,0
2019-12-16T20:00,16.1,90,14.5,16.9,0.00,0,0,0,0
2019-12-16T21:00,17.2,84,14.4,18.2,0.00,2,2,0,0
2019-12-16T22:00,17.9,81,14.7,19.0,0.00,3,3,0,0
2019-12-16T23:00,16.4,92,15.1,17.8,0.00,3,3,0,0
2019-12-17T00:00,19.3,84,16.5,21.3,0.00,6,8,0,0
2019-12-17T01:00,21.1,80,17.5,23.6,0.00,11,11,0,0
2019-12-17T02:00,22.6,73,17.6,25.1,0.00,10,10,0,0
2019-12-17T03:00,24.4,65,17.3,26.7,0.00,3,3,0,0
2019-12-17T04:00,25.7,61,17.6,28.0,0.00,2,2,0,0
2019-12-17T05:00,26.5,60,18.2,28.6,0.00,22,4,1,19
2019-12-17T06:00,26.6,61,18.4,28.4,0.00,16,5,1,11
2019-12-17T07:00,26.2,63,18.6,28.2,0.00,25,9,0,18
2019-12-17T08:00,25.3,68,19.0,28.0,0.00,30,15,1,18
2019-12-17T09:00,24.3,68,18.0,26.6,0.00,34,15,0,22
2019-12-17T10:00,21.8,80,18.1,24.0,0.00,13,13,0,0
2019-12-17T11:00,20.1,89,18.2,22.2,0.00,13,13,0,0
2019-12-17T12:00,19.9,91,18.4,22.0,0.00,13,15,1,0
2019-12-17T13:00,20.0,92,18.6,22.5,0.00,12,12,1,0
2019-12-17T14:00,19.4,92,18.1,21.7,0.00,5,5,1,0
2019-12-17T15:00,18.9,93,17.7,21.1,0.00,2,2,1,0
2019-12-17T16:00,18.4,92,17.2,20.1,0.00,0,0,0,0
2019-12-17T17:00,18.0,92,16.8,19.6,0.00,1,0,1,0
2019-12-17T18:00,18.6,89,16.8,20.7,0.00,3,1,3,0
2019-12-17T19:00,17.7,93,16.6,18.7,0.00,10,10,2,0
2019-12-17T20:00,19.8,89,17.9,22.0,0.00,33,33,1,0
2019-12-17T21:00,18.5,95,17.6,20.5,0.00,100,100,5,0
2019-12-17T22:00,19.4,92,18.1,21.9,0.10,100,100,11,0
2019-12-17T23:00,20.0,92,18.7,22.3,0.20,100,100,7,0
2019-12-18T00:00,20.6,91,19.0,22.1,0.10,100,100,7,0
2019-12-18T01:00,20.8,88,18.7,21.6,0.10,94,94,5,0
2019-12-18T02:00,21.1,85,18.6,21.6,0.10,99,99,2,0
2019-12-18T03:00,21.1,85,18.4,21.4,0.10,28,28,2,0
2019-12-18T04:00,21.4,83,18.4,21.5,0.00,97,97,3,0
2019-12-18T05:00,21.6,81,18.1,21.6,0.00,78,78,7,0
2019-12-18T06:00,21.2,81,17.8,21.4,0.10,97,97,4,0
2019-12-18T07:00,20.5,83,17.4,20.8,0.10,98,98,11,0
2019-12-18T08:00,19.7,84,17.0,20.1,0.00,98,98,12,0
2019-12-18T09:00,19.3,86,16.9,20.0,0.10,100,100,9,0
2019-12-18T10:00,19.2,87,16.9,20.1,0.10,100,100,13,0
2019-12-18T11:00,19.2,87,17.0,20.1,0.10,100,100,7,1
2019-12-18T12:00,19.1,88,17.0,20.5,0.10,100,100,14,0
2019-12-18T13:00,19.2,87,17.0,20.6,0.10,100,100,12,0
2019-12-18T14:00,19.0,88,16.9,20.6,0.10,100,100,30,0
2019-12-18T15:00,19.1,87,16.9,20.5,0.10,100,100,41,0
2019-12-18T16:00,18.9,87,16.8,20.2,0.10,100,100,13,0
2019-12-18T17:00,18.8,88,16.8,20.1,0.10,100,100,4,0
2019-12-18T18:00,18.8,88,16.7,20.0,0.00,100,100,2,0
2019-12-18T19:00,18.7,89,16.8,20.0,0.00,99,99,2,0
2019-12-18T20:00,18.7,89,16.9,19.9,0.00,100,100,0,0
2019-12-18T21:00,18.6,90,16.9,20.0,0.00,100,100,0,0
2019-12-18T22:00,18.7,89,16.9,20.1,0.00,100,100,0,0
2019-12-18T23:00,18.8,89,16.9,20.2,0.00,100,100,1,0
2019-12-19T00:00,19.8,89,17.8,21.3,0.00,100,97,0,0
2019-12-19T01:00,20.5,84,17.6,21.1,0.00,100,100,0,0
2019-12-19T02:00,20.7,82,17.5,21.1,0.00,100,100,0,0
2019-12-19T03:00,20.7,81,17.4,21.3,0.00,100,100,2,0
2019-12-19T04:00,20.4,83,17.4,21.2,0.10,100,100,10,0
2019-12-19T05:00,20.0,84,17.2,20.9,0.10,100,100,0,0
2019-12-19T06:00,20.0,83,17.1,21.0,0.00,92,92,0,0
2019-12-19T07:00,19.6,82,16.5,20.1,0.00,96,96,0,0
2019-12-19T08:00,19.2,83,16.1,19.9,0.00,100,100,0,0
2019-12-19T09:00,18.6,85,16.0,19.3,0.10,100,100,0,0
2019-12-19T10:00,18.2,85,15.7,18.7,0.10,97,97,0,0
2019-12-19T11:00,18.0,85,15.3,18.2,0.10,96,96,3,0
2019-12-19T12:00,18.2,85,15.6,18.3,0.10,100,100,17,0
2019-12-19T13:00,17.8,84,15.1,17.6,0.10,100,100,28,20
2019-12-19T14:00,17.3,85,14.7,16.8,0.10,100,99,12,38
2019-12-19T15:00,17.0,84,14.2,16.4,0.10,98,98,4,2
2019-12-19T16:00,17.0,84,14.2,16.8,0.10,100,100,21,0
2019-12-19T17:00,16.8,84,14.1,16.8,0.10,100,100,47,0
2019-12-19T18:00,16.8,84,14.1,17.3,0.10,100,100,57,0
2019-12-19T19:00,16.8,85,14.2,17.2,0.20,100,100,52,0
2019-12-19T20:00,16.7,86,14.3,17.0,0.20,100,99,89,0
2019-12-19T21:00,16.6,86,14.3,16.7,0.10,100,100,64,0
2019-12-19T22:00,16.7,87,14.4,16.7,0.10,100,100,37,0
2019-12-19T23:00,16.7,88,14.7,16.6,0.10,100,100,18,0
2019-12-20T00:00,17.7,88,15.7,17.7,0.10,100,80,52,0
2019-12-20T01:00,18.6,86,16.2,18.3,0.10,82,77,35,0
2019-12-20T02:00,19.4,83,16.3,18.6,0.00,98,97,28,6
2019-12-20T03:00,19.8,81,16.5,18.9,0.10,89,87,24,0
2019-12-20T04:00,20.8,76,16.5,19.7,0.00,88,87,19,0
2019-12-20T05:00,20.7,77,16.6,19.7,0.10,87,85,39,31
2019-12-20T06:00,20.5,79,16.7,20.0,0.20,98,96,58,40
2019-12-20T07:00,20.1,81,16.8,19.6,0.10,80,63,37,54
2019-12-20T08:00,19.7,84,17.0,19.6,0.10,87,85,35,0
2019-12-20T09:00,19.1,86,16.8,19.1,0.20,100,70,100,0
2019-12-20T10:00,19.0,87,16.8,19.3,0.10,96,7,96,0
2019-12-20T11:00,18.9,89,17.0,19.4,0.20,75,0,75,3
2019-12-20T12:00,18.8,91,17.2,20.0,2.30,75,94,50,20
2019-12-20T13:00,18.6,92,17.4,19.9,1.20,95,0,94,36
2019-12-20T14:00,18.3,93,17.1,19.8,2.40,95,0,94,32
2019-12-20T15:00,18.1,93,16.9,19.4,1.60,75,6,73,13
2019-12-20T16:00,18.0,94,17.0,19.8,0.50,66,58,38,0
2019-12-20T17:00,18.3,94,17.2,20.0,0.10,100,100,39,0
2019-12-20T18:00,18.2,92,17.0,19.7,0.00,100,100,32,0
2019-12-20T19:00,18.3,92,17.0,19.8,0.00,100,100,27,0
2019-12-20T20:00,18.3,92,17.0,20.2,0.00,100,100,32,0
2019-12-20T21:00,18.4,92,17.1,20.3,0.00,100,100,16,0
2019-12-20T22:00,18.6,94,17.6,21.1,0.00,100,100,8,0
2019-12-20T23:00,18.7,94,17.7,21.2,0.00,100,100,9,0
2019-12-21T00:00,19.8,94,18.8,22.9,0.00,100,99,3,0
2019-12-21T01:00,20.7,89,18.9,23.6,0.00,100,100,3,0
2019-12-21T02:00,21.8,86,19.4,25.1,0.00,100,100,2,0
2019-12-21T03:00,23.4,79,19.5,26.7,0.00,69,69,1,0
2019-12-21T04:00,23.6,78,19.5,26.0,0.00,100,100,1,0
2019-12-21T05:00,23.5,80,19.8,26.0,0.20,27,26,20,0
2019-12-21T06:00,23.1,81,19.7,25.3,0.20,41,29,35,0
2019-12-21T07:00,22.4,83,19.4,24.6,0.10,30,22,25,0
2019-12-21T08:00,21.6,86,19.1,24.0,0.10,40,39,10,0
2019-12-21T09:00,20.4,91,18.9,23.3,0.00,56,54,21,0
2019-12-21T10:00,19.5,95,18.7,22.3,0.00,100,100,13,0
2019-12-21T11:00,19.9,92,18.5,22.8,0.00,97,97,10,0
2019-12-21T12:00,19.8,95,18.9,22.5,0.00,100,100,37,0
2019-12-21T13:00,19.6,95,18.7,22.3,0.00,100,100,78,0
2019-12-21T14:00,19.9,90,18.3,22.9,0.00,85,55,77,0
2019-12-21T15:00,19.0,96,18.4,21.8,0.00,92,61,86,0
2019-12-21T16:00,19.3,95,18.5,22.3,0.10,100,100,54,0
2019-12-21T17:00,19.0,97,18.5,21.6,0.50,93,89,72,0
2019-12-21T18:00,18.7,98,18.4,21.5,0.20,92,87,60,0
2019-12-21T19:00,18.6,98,18.4,21.4,0.10,100,100,61,0
2019-12-21T20:00,18.4,99,18.3,21.0,0.70,80,71,64,0
2019-12-21T21:00,18.2,99,18.1,20.5,1.60,100,100,71,0
2019-12-21T22:00,18.3,99,18.1,20.6,1.90,100,100,74,0
2019-12-21T23:00,18.6,98,18.2,20.8,0.10,86,83,46,0
2019-12-22T00:00,18.8,99,18.6,21.6,0.00,89,100,26,0
2019-12-22T01:00,19.9,92,18.5,22.2,0.00,76,67,61,0
2019-12-22T02:00,20.9,87,18.7,22.9,0.00,80,75,38,0
2019-12-22T03:00,22.4,81,18.9,24.3,0.00,88,86,52,0
2019-12-22T04:00,21.8,83,18.7,23.2,0.10,98,97,74,0
2019-12-22T05:00,21.0,84,18.2,22.4,0.10,99,98,98,0
2019-12-22T06:00,20.4,85,17.7,21.5,0.20,98,95,97,0
2019-12-22T07:00,19.3,84,16.6,20.0,0.10,100,99,89,0
2019-12-22T08:00,18.4,83,15.5,18.8,0.10,100,100,76,0
2019-12-22T09:00,17.9,83,14.9,19.0,0.10,100,100,74,0
2019-12-22T10:00,17.6,84,14.9,18.7,0.20,100,100,62,0
2019-12-22T11:00,17.1,83,14.2,17.5,0.10,98,97,89,0
2019-12-22T12:00,16.8,84,14.0,17.4,0.10,100,50,78,0
2019-12-22T13:00,16.6,84,14.0,17.3,0.10,72,70,62,0
2019-12-22T14:00,16.7,84,14.0,17.5,0.00,56,48,51,0
2019-12-22T15:00,16.0,89,14.2,16.8,0.00,50,50,35,0
2019-12-22T16:00,16.5,86,14.2,17.4,0.00,88,88,34,0
2019-12-22T17:00,16.7,88,14.7,17.8,0.00,91,91,29,0
2019-12-22T18:00,16.4,91,15.0,17.4,0.00,95,95,30,0
2019-12-22T19:00,17.0,88,15.0,18.2,0.00,95,94,34,0
2019-12-22T20:00,17.0,89,15.2,18.3,0.00,98,98,32,0
2019-12-22T21:00,17.0,90,15.4,18.3,0.00,94,94,36,0
2019-12-22T22:00,17.3,89,15.4,18.4,0.00,90,89,45,0
2019-12-22T23:00,17.1,90,15.4,18.2,0.00,51,47,41,0
2019-12-23T00:00,17.9,86,15.6,19.1,0.00,39,74,39,0
2019-12-23T01:00,19.0,80,15.4,19.2,0.00,47,46,13,0
2019-12-23T02:00,20.0,74,15.3,19.9,0.00,94,94,8,0
2019-12-23T03:00,20.3,74,15.4,20.3,0.00,100,100,11,0
2019-12-23T04:00,20.3,74,15.5,20.4,0.00,99,99,11,0
2019-12-23T05:00,20.9,72,15.7,21.2,0.00,100,100,6,0
2019-12-23T06:00,20.4,75,15.9,20.6,0.00,100,100,3,0
2019-12-23T07:00,20.1,77,15.9,20.2,0.00,71,71,1,0
2019-12-23T08:00,19.9,79,16.1,20.2,0.00,66,66,1,0
2019-12-23T09:00,19.2,82,16.1,19.4,0.00,9,9,1,0
2019-12-23T10:00,18.3,88,16.3,18.8,0.00,8,8,1,0
2019-12-23T11:00,17.7,93,16.6,18.4,0.00,10,9,3,0
2019-12-23T12:00,17.5,95,16.7,18.8,0.00,11,14,2,0
2019-12-23T13:00,17.7,95,16.9,18.7,0.00,10,10,2,0
2019-12-23T14:00,17.8,95,16.9,18.8,0.00,6,5,1,0
2019-12-23T15:00,17.7,94,16.7,18.6,0.00,4,3,1,0
2019-12-23T16:00,17.7,93,16.5,18.9,0.00,2,1,2,0
2019-12-23T17:00,17.0,94,16.0,18.3,0.00,3,2,2,0
2019-12-23T18:00,15.8,96,15.2,16.5,0.00,2,0,2,0
2019-12-23T19:00,17.5,94,16.6,19.5,0.00,3,1,2,0
2019-12-23T20:00,15.8,99,15.7,17.1,0.00,26,25,3,0
2019-12-23T21:00,15.8,100,15.8,17.3,0.00,100,100,5,0
2019-12-23T22:00,15.2,100,15.2,16.5,0.00,100,100,7,0
2019-12-23T23:00,15.6,100,15.6,17.2,0.00,100,100,7,0
2019-12-24T00:00,17.4,94,16.5,19.1,0.00,100,100,8,0
2019-12-24T01:00,19.2,92,17.8,20.8,0.00,100,100,11,0
2019-12-24T02:00,20.6,87,18.4,22.6,0.10,78,76,10,0
2019-12-24T03:00,21.2,83,18.2,23.1,0.10,71,70,5,0
2019-12-24T04:00,21.5,81,18.1,23.5,0.10,60,60,2,0
2019-12-24T05:00,21.2,82,18.0,22.6,0.00,87,86,1,0
2019-12-24T06:00,20.8,82,17.6,22.0,0.00,89,89,2,0
2019-12-24T07:00,20.6,81,17.1,21.8,0.00,98,98,11,0
2019-12-24T08:00,20.2,81,16.9,21.5,0.00,98,98,28,0
2019-12-24T09:00,19.4,87,17.1,21.4,0.00,100,100,32,0
2019-12-24T10:00,19.4,82,16.3,21.2,0.00,100,100,24,0
2019-12-24T11:00,19.2,84,16.5,21.3,0.00,92,92,18,0
2019-12-24T12:00,18.3,94,17.3,20.2,0.00,88,54,26,0
2019-12-24T13:00,17.9,95,17.1,19.9,0.00,57,55,29,0
2019-12-24T14:00,17.3,95,16.6,18.9,0.00,51,48,28,0
2019-12-24T15:00,17.1,95,16.3,18.5,0.00,47,47,24,0
2019-12-24T16:00,17.3,94,16.4,18.8,0.00,57,55,17,0
2019-12-24T17:00,17.2,94,16.3,18.6,0.00,47,46,9,0
2019-12-24T18:00,16.7,95,15.9,18.0,0.00,60,60,4,0
2019-12-24T19:00,16.7,95,16.0,18.1,0.00,49,49,2,0
2019-12-24T20:00,16.9,95,16.1,18.1,0.00,38,38,0,0
2019-12-24T21:00,16.8,95,16.1,17.8,0.00,32,21,0,14
2019-12-24T22:00,16.7,96,16.0,17.4,0.00,36,9,10,27
2019-12-24T23:00,16.9,95,16.1,17.3,0.00,30,6,15,17
2019-12-25T00:00,18.9,89,17.1,19.7,0.00,62,65,23,77
2019-12-25T01:00,20.3,81,16.9,20.5,0.00,100,100,23,63
2019-12-25T02:00,21.5,77,17.2,21.7,0.00,100,99,34,62
2019-12-25T03:00,22.6,72,17.3,22.8,0.00,81,61,48,38
2019-12-25T04:00,23.5,69,17.4,24.0,0.00,69,8,53,30
2019-12-25T05:00,24.4,64,17.3,25.0,0.00,100,0,100,0
2019-12-25T06:00,23.9,68,17.6,24.7,0.00,92,2,92,0
2019-12-25T07:00,23.2,74,18.3,24.3,0.00,61,7,55,15
2019-12-25T08:00,22.8,77,18.5,24.3,0.00,65,10,27,52
2019-12-25T09:00,21.2,82,18.1,23.0,0.00,33,16,27,7
2019-12-25T10:00,19.9,87,17.7,21.4,0.00,32,16,31,0
2019-12-25T11:00,19.1,90,17.5,21.0,0.00,27,9,26,0
2019-12-25T12:00,19.6,88,17.5,21.2,0.00,25,8,38,29
2019-12-25T13:00,19.5,87,17.3,21.3,0.00,78,4,12,75
2019-12-25T14:00,18.6,90,16.8,20.1,0.00,73,2,6,71
2019-12-25T15:00,17.5,91,16.0,18.6,0.00,47,1,7,43
2019-12-25T16:00,19.4,82,16.2,21.3,0.00,34,1,3,32
2019-12-25T17:00,18.9,84,16.1,20.7,0.00,41,1,3,39
2019-12-25T18:00,16.5,92,15.2,17.5,0.00,31,0,2,29
2019-12-25T19:00,16.1,95,15.3,17.2,0.00,36,1,1,35
2019-12-25T20:00,17.6,93,16.4,19.5,0.00,47,1,1,46
2019-12-25T21:00,17.4,95,16.6,19.5,0.00,22,5,1,18
2019-12-25T22:00,15.2,100,15.2,16.4,0.00,57,57,0,0
2019-12-25T23:00,16.5,100,16.5,18.4,0.00,100,100,1,0
2019-12-26T00:00,18.8,95,18.0,21.2,0.00,100,100,5,22
2019-12-26T01:00,20.9,88,18.8,23.2,0.00,100,100,2,4
2019-12-26T02:00,22.2,82,18.9,24.5,0.10,30,30,7,0
2019-12-26T03:00,23.4,77,19.1,25.8,0.00,26,23,19,0
2019-12-26T04:00,23.7,76,19.2,25.9,0.00,42,38,30,0
2019-12-26T05:00,23.2,75,18.6,25.1,0.00,60,33,53,7
2019-12-26T06:00,22.3,76,17.8,23.5,0.10,64,60,44,0
2019-12-26T07:00,20.8,79,17.1,21.4,0.10,98,98,21,0
2019-12-26T08:00,19.7,82,16.5,20.3,0.00,95,94,14,0
2019-12-26T09:00,18.5,81,15.3,18.1,0.00,100,100,7,0
2019-12-26T10:00,17.7,81,14.3,17.1,0.00,100,100,2,0
2019-12-26T11:00,17.4,79,13.7,16.4,0.10,100,100,4,0
2019-12-26T12:00,17.3,80,13.7,16.6,0.10,100,94,7,0
2019-12-26T13:00,17.0,83,14.0,16.6,0.10,100,100,29,0
2019-12-26T14:00,16.4,83,13.6,16.0,0.10,100,100,66,0
2019-12-26T15:00,16.1,82,13.0,15.8,0.10,100,100,93,0
2019-12-26T16:00,15.8,82,12.6,15.4,0.10,100,100,100,0
2019-12-26T17:00,15.4,82,12.4,15.0,0.20,100,100,100,0
2019-12-26T18:00,15.1,82,12.0,14.5,0.10,100,100,93,0
2019-12-26T19:00,14.8,81,11.6,14.1,0.10,100,100,99,0
2019-12-26T20:00,14.4,81,11.1,13.5,0.10,100,100,74,0
2019-12-26T21:00,14.0,80,10.7,13.1,0.10,100,100,68,0
2019-12-26T22:00,13.8,79,10.3,12.9,0.00,100,100,72,0
2019-12-26T23:00,13.8,79,10.2,13.1,0.00,100,100,55,11
2019-12-27T00:00,13.8,79,10.2,13.2,0.00,100,100,27,0
2019-12-27T01:00,14.5,73,9.7,13.0,0.00,100,100,15,11
2019-12-27T02:00,14.8,68,8.9,12.5,0.00,100,100,10,11
2019-12-27T03:00,15.1,65,8.5,12.5,0.00,100,100,23,0
2019-12-27T04:00,15.2,64,8.4,12.4,0.00,100,100,36,0
2019-12-27T05:00,15.1,64,8.4,12.3,0.00,100,100,22,15
2019-12-27T06:00,15.5,63,8.4,12.5,0.00,100,100,10,0
2019-12-27T07:00,15.3,63,8.4,12.3,0.00,98,98,2,0
2019-12-27T08:00,15.2,63,8.2,12.3,0.00,99,99,1,0
2019-12-27T09:00,14.8,65,8.3,12.3,0.00,92,92,0,1
2019-12-27T10:00,14.8,66,8.4,12.5,0.00,98,97,0,15
2019-12-27T11:00,15.1,65,8.6,12.8,0.00,74,69,0,30
2019-12-27T12:00,16.0,67,9.8,14.2,0.00,36,84,1,0
2019-12-27T13:00,16.1,68,10.1,14.3,0.00,72,72,2,0
2019-12-27T14:00,15.7,70,10.2,14.1,0.00,93,93,2,0
2019-12-27T15:00,16.0,69,10.3,14.1,0.00,96,96,2,0
2019-12-27T16:00,16.2,67,10.2,14.1,0.00,99,98,5,91
2019-12-27T17:00,16.3,67,10.2,14.1,0.00,94,94,6,0
2019-12-27T18:00,16.2,68,10.3,14.2,0.00,94,91,3,39
2019-12-27T19:00,16.3,69,10.5,14.4,0.00,96,96,1,6
2019-12-27T20:00,16.4,69,10.8,14.5,0.00,98,98,1,5
2019-12-27T21:00,16.3,72,11.3,14.4,0.00,68,67,0,3
2019-12-27T22:00,16.0,75,11.5,14.3,0.00,87,86,0,4
2019-12-27T23:00,16.2,76,11.9,14.5,0.00,79,78,0,5
2019-12-28T00:00,17.7,71,12.5,15.9,0.00,79,82,0,0
2019-12-28T01:00,18.8,71,13.3,16.8,0.00,90,90,0,0
2019-12-28T02:00,19.8,69,14.0,17.8,0.00,70,70,0,0
2019-12-28T03:00,20.3,68,14.2,18.0,0.00,37,37,1,0
2019-12-28T04:00,20.7,67,14.3,18.3,0.00,69,69,0,0
2019-12-28T05:00,20.8,67,14.4,18.5,0.00,64,49,0,30
2019-12-28T06:00,20.9,67,14.5,18.7,0.00,73,53,0,47
2019-12-28T07:00,20.4,71,14.9,18.7,0.00,56,39,0,36
2019-12-28T08:00,19.7,75,15.2,18.6,0.00,76,24,0,74
2019-12-28T09:00,18.9,78,15.0,17.7,0.00,19,6,1,15
2019-12-28T10:00,18.3,81,14.9,17.0,0.00,20,1,5,19
2019-12-28T11:00,18.4,80,14.9,17.2,0.00,26,0,12,25
2019-12-28T12:00,18.7,81,15.4,17.6,0.00,25,2,1,9
2019-12-28T13:00,19.0,81,15.6,18.0,0.00,5,2,3,3
2019-12-28T14:00,19.0,81,15.7,18.4,0.00,25,0,24,10
2019-12-28T15:00,18.9,81,15.7,18.4,0.00,11,0,11,1
2019-12-28T16:00,18.8,82,15.6,18.4,0.00,0,0,0,0
2019-12-28T17:00,18.7,81,15.3,18.4,0.00,15,0,15,0
2019-12-28T18:00,18.8,80,15.2,18.5,0.00,36,0,35,2
2019-12-28T19:00,18.9,80,15.4,18.9,0.00,89,0,89,10
2019-12-28T20:00,19.3,79,15.5,19.6,0.00,92,0,92,6
2019-12-28T21:00,18.9,82,15.7,19.9,0.00,100,0,100,18
2019-12-28T22:00,18.7,83,15.7,19.7,0.10,100,0,100,83
2019-12-28T23:00,19.9,77,15.8,21.1,0.30,99,0,99,58
2019-12-29T00:00,18.5,91,17.0,20.0,0.20,100,0,100,100
2019-12-29T01:00,19.8,87,17.5,21.6,2.00,100,0,100,100
2019-12-29T02:00,20.5,89,18.6,23.5,1.10,100,0,100,100
2019-12-29T03:00,20.4,90,18.7,23.1,1.10,100,0,100,100
2019-12-29T04:00,20.1,89,18.2,22.2,1.00,100,1,100,100
2019-12-29T05:00,19.7,90,18.0,22.0,1.40,100,0,100,100
2019-12-29T06:00,20.1,90,18.4,22.5,1.30,100,0,100,100
2019-12-29T07:00,20.5,91,19.1,22.7,1.20,100,4,100,100
2019-12-29T08:00,20.1,94,19.1,22.4,0.60,100,18,100,100
2019-12-29T09:00,19.2,97,18.7,22.1,0.90,100,13,100,100
2019-12-29T10:00,19.2,96,18.6,21.8,1.10,100,7,91,100
2019-12-29T11:00,18.9,97,18.5,21.7,1.60,100,0,99,100
2019-12-29T12:00,17.8,98,17.5,19.8,1.90,100,2,86,73
2019-12-29T13:00,18.1,97,17.6,19.9,1.40,100,0,100,77
2019-12-29T14:00,19.6,92,18.2,21.1,0.40,100,0,79,99
2019-12-29T15:00,20.5,90,18.8,22.3,0.10,97,1,56,96
2019-12-29T16:00,20.8,86,18.4,22.0,0.00,78,7,66,47
2019-12-29T17:00,20.3,85,17.7,21.1,0.00,87,14,79,37
2019-12-29T18:00,19.8,87,17.6,20.3,0.00,80,11,73,28
2019-12-29T19:00,19.5,88,17.5,20.4,0.20,59,3,51,21
2019-12-29T20:00,19.3,89,17.5,20.3,0.00,56,6,52,33
2019-12-29T21:00,19.1,91,17.6,20.4,0.20,60,5,54,29
2019-12-29T22:00,19.0,92,17.6,20.6,0.10,47,1,33,32
2019-12-29T23:00,18.9,92,17.5,20.9,0.00,95,0,31,94
2019-12-30T00:00,19.7,84,16.8,21.4,0.00,100,0,96,80
2019-12-30T01:00,21.2,79,17.4,22.4,0.00,93,0,93,17
2019-12-30T02:00,21.4,80,17.9,22.8,0.00,96,0,96,22
2019-12-30T03:00,22.3,80,18.6,24.2,0.30,90,0,89,53
2019-12-30T04:00,22.9,79,19.0,25.4,0.40,100,0,100,100
2019-12-30T05:00,22.7,82,19.4,25.9,0.20,100,3,92,100
2019-12-30T06:00,22.3,84,19.4,25.2,0.50,100,36,67,99
2019-12-30T07:00,20.8,90,19.2,22.8,1.30,100,100,100,97
2019-12-30T08:00,19.8,93,18.7,21.6,1.50,96,90,82,65
2019-12-30T09:00,19.7,93,18.6,21.7,0.70,100,100,96,100
2019-12-30T10:00,19.3,93,18.2,20.8,0.90,99,93,97,92
2019-12-30T11:00,19.0,93,17.8,20.4,0.60,82,49,66,60
2019-12-30T12:00,19.5,94,18.4,21.2,1.20,90,48,90,48
2019-12-30T13:00,19.1,93,17.9,20.3,0.40,98,91,96,78
2019-12-30T14:00,18.7,92,17.4,19.2,0.20,100,100,90,26
2019-12-30T15:00,18.3,91,16.8,18.6,0.20,99,73,99,21
2019-12-30T16:00,18.1,91,16.6,18.8,0.20,99,98,62,32
2019-12-30T17:00,17.8,91,16.3,18.6,0.20,100,100,95,53
2019-12-30T18:00,17.4,90,15.8,18.0,0.90,100,100,95,67
2019-12-30T19:00,17.1,89,15.2,17.4,0.50,100,100,100,52
2019-12-30T20:00,16.6,89,14.8,16.8,0.50,99,97,99,47
2019-12-30T21:00,16.3,88,14.4,16.6,0.30,100,100,100,0
2019-12-30T22:00,16.1,88,14.1,16.6,0.30,100,99,100,0
2019-12-30T23:00,16.1,88,14.1,16.7,0.20,100,97,100,0
2019-12-31T00:00,16.4,87,14.2,16.2,0.30,100,97,100,0
2019-12-31T01:00,16.2,86,13.8,15.6,0.40,100,96,100,0
2019-12-31T02:00,16.4,83,13.5,15.5,0.30,100,97,100,0
2019-12-31T03:00,16.3,81,13.1,14.9,0.20,100,100,100,0
2019-12-31T04:00,16.2,79,12.5,14.5,0.20,100,100,99,0
2019-12-31T05:00,15.7,80,12.3,13.8,0.10,100,100,93,0
2019-12-31T06:00,15.6,79,11.9,13.4,0.10,100,100,84,0
2019-12-31T07:00,15.4,78,11.5,13.4,0.10,100,100,81,0
2019-12-31T08:00,15.0,80,11.6,13.4,0.10,100,100,64,0
2019-12-31T09:00,14.7,81,11.5,13.2,0.10,100,100,61,0
2019-12-31T10:00,14.5,79,10.9,12.7,0.10,100,100,48,0
2019-12-31T11:00,14.5,79,10.9,12.7,0.00,100,100,52,0
2019-12-31T12:00,14.8,79,11.2,12.9,0.00,100,100,26,0
2019-12-31T13:00,14.8,78,11.0,12.8,0.00,100,100,7,0
2019-12-31T14:00,14.7,79,11.0,12.6,0.00,80,80,4,0
2019-12-31T15:00,14.6,80,11.2,12.8,0.00,99,99,7,0
2019-12-31T16:00,14.6,81,11.3,12.9,0.00,99,99,10,0
2019-12-31T17:00,14.9,80,11.4,13.3,0.00,100,100,11,0
2019-12-31T18:00,14.9,80,11.5,13.3,0.00,100,100,20,0
2019-12-31T19:00,14.8,81,11.5,13.3,0.00,100,100,49,0
2019-12-31T20:00,14.8,80,11.4,13.3,0.00,100,100,63,0
2019-12-31T21:00,14.6,82,11.6,13.1,0.00,95,94,61,0
2019-12-31T22:00,14.7,82,11.6,13.2,0.00,57,50,51,0
2019-12-31T23:00,14.8,83,11.8,13.4,0.00,88,85,64,0
