time,shortwave_radiation_instant (W/m²),direct_radiation_instant (W/m²),diffuse_radiation_instant (W/m²),direct_normal_irradiance_instant (W/m²),terrestrial_radiation_instant (W/m²)
2019-01-01T00:00,48.2,0.0,48.2,0.0,368.1
2019-01-01T01:00,128.6,16.1,112.5,46.1,609.9
2019-01-01T02:00,104.4,4.5,99.9,9.0,794.1
2019-01-01T03:00,187.5,7.4,180.1,12.2,908.4
2019-01-01T04:00,194.4,13.2,181.2,19.9,944.8
2019-01-01T05:00,164.8,17.4,147.3,26.5,900.9
2019-01-01T06:00,155.7,8.3,147.4,13.9,779.7
2019-01-01T07:00,74.3,6.0,68.3,12.3,589.4
2019-01-01T08:00,29.9,0.0,29.9,0.0,343.0
2019-01-01T09:00,7.9,0.0,7.9,0.0,57.3
2019-01-01T10:00,0.0,0.0,0.0,0.0,0.0
2019-01-01T11:00,0.0,0.0,0.0,0.0,0.0
2019-01-01T12:00,0.0,0.0,0.0,0.0,0.0
2019-01-01T13:00,0.0,0.0,0.0,0.0,0.0
2019-01-01T14:00,0.0,0.0,0.0,0.0,0.0
2019-01-01T15:00,0.0,0.0,0.0,0.0,0.0
2019-01-01T16:00,0.0,0.0,0.0,0.0,0.0
2019-01-01T17:00,0.0,0.0,0.0,0.0,0.0
2019-01-01T18:00,0.0,0.0,0.0,0.0,0.0
2019-01-01T19:00,0.0,0.0,0.0,0.0,0.0
2019-01-01T20:00,0.0,0.0,0.0,0.0,0.0
2019-01-01T21:00,0.0,0.0,0.0,0.0,0.0
2019-01-01T22:00,0.0,0.0,0.0,0.0,0.0
2019-01-01T23:00,2.6,0.0,2.6,0.0,84.0
2019-01-02T00:00,30.6,1.6,29.0,9.2,367.3
2019-01-02T01:00,69.3,2.5,66.8,7.1,609.6
2019-01-02T02:00,125.8,15.7,110.1,31.4,794.5
2019-01-02T03:00,106.0,4.2,101.7,7.0,909.3
2019-01-02T04:00,125.6,4.1,121.5,6.1,946.4
2019-01-02T05:00,89.2,1.9,87.3,2.9,903.1
2019-01-02T06:00,103.2,16.6,86.6,27.6,782.3
2019-01-02T07:00,82.1,0.0,82.1,0.0,592.4
2019-01-02T08:00,21.9,0.0,21.9,0.0,346.2
2019-01-02T09:00,3.8,0.0,3.8,0.0,60.5
2019-01-02T10:00,0.0,0.0,0.0,0.0,0.0
2019-01-02T11:00,0.0,0.0,0.0,0.0,0.0
2019-01-02T12:00,0.0,0.0,0.0,0.0,0.0
2019-01-02T13:00,0.0,0.0,0.0,0.0,0.0
2019-01-02T14:00,0.0,0.0,0.0,0.0,0.0
2019-01-02T15:00,0.0,0.0,0.0,0.0,0.0
2019-01-02T16:00,0.0,0.0,0.0,0.0,0.0
2019-01-02T17:00,0.0,0.0,0.0,0.0,0.0
2019-01-02T18:00,0.0,0.0,0.0,0.0,0.0
2019-01-02T19:00,0.0,0.0,0.0,0.0,0.0
2019-01-02T20:00,0.0,0.0,0.0,0.0,0.0
2019-01-02T21:00,0.0,0.0,0.0,0.0,0.0
2019-01-02T22:00,0.0,0.0,0.0,0.0,0.0
2019-01-02T23:00,2.6,0.0,2.6,0.0,82.8
2019-01-03T00:00,61.3,4.8,56.4,27.7,366.5
2019-01-03T01:00,117.6,23.5,94.1,67.6,609.4
2019-01-03T02:00,207.8,89.9,118.0,179.7,794.9
2019-01-03T03:00,120.8,15.9,104.9,26.2,910.4
2019-01-03T04:00,143.8,20.3,123.6,30.6,948.1
2019-01-03T05:00,84.4,5.8,78.6,8.8,905.4
2019-01-03T06:00,75.6,0.9,74.7,1.5,785.1
2019-01-03T07:00,45.4,0.0,45.4,0.0,595.6
2019-01-03T08:00,22.0,0.0,22.0,0.0,349.6
2019-01-03T09:00,4.9,0.0,4.9,0.0,63.9
2019-01-03T10:00,0.0,0.0,0.0,0.0,0.0
2019-01-03T11:00,0.0,0.0,0.0,0.0,0.0
2019-01-03T12:00,0.0,0.0,0.0,0.0,0.0
2019-01-03T13:00,0.0,0.0,0.0,0.0,0.0
2019-01-03T14:00,0.0,0.0,0.0,0.0,0.0
2019-01-03T15:00,0.0,0.0,0.0,0.0,0.0
2019-01-03T16:00,0.0,0.0,0.0,0.0,0.0
2019-01-03T17:00,0.0,0.0,0.0,0.0,0.0
2019-01-03T18:00,0.0,0.0,0.0,0.0,0.0
2019-01-03T19:00,0.0,0.0,0.0,0.0,0.0
2019-01-03T20:00,0.0,0.0,0.0,0.0,0.0
2019-01-03T21:00,0.0,0.0,0.0,0.0,0.0
2019-01-03T22:00,0.0,0.0,0.0,0.0,0.0
2019-01-03T23:00,8.0,0.0,8.0,0.0,81.8
2019-01-04T00:00,124.4,43.6,80.8,249.5,365.9
2019-01-04T01:00,262.7,115.2,147.5,331.5,609.3
2019-01-04T02:00,495.6,366.4,129.3,732.3,795.4
2019-01-04T03:00,540.8,393.4,147.4,647.2,911.6
2019-01-04T04:00,616.1,474.2,141.9,715.5,950.0
2019-01-04T05:00,595.8,472.5,123.2,714.5,907.8
2019-01-04T06:00,509.3,395.8,113.5,655.4,788.1
2019-01-04T07:00,339.3,215.1,124.3,435.4,598.8
2019-01-04T08:00,178.0,102.2,75.7,301.2,353.0
2019-01-04T09:00,27.2,11.7,15.5,66.7,67.4
2019-01-04T10:00,0.0,0.0,0.0,0.0,0.0
2019-01-04T11:00,0.0,0.0,0.0,0.0,0.0
2019-01-04T12:00,0.0,0.0,0.0,0.0,0.0
2019-01-04T13:00,0.0,0.0,0.0,0.0,0.0
2019-01-04T14:00,0.0,0.0,0.0,0.0,0.0
2019-01-04T15:00,0.0,0.0,0.0,0.0,0.0
2019-01-04T16:00,0.0,0.0,0.0,0.0,0.0
2019-01-04T17:00,0.0,0.0,0.0,0.0,0.0
2019-01-04T18:00,0.0,0.0,0.0,0.0,0.0
2019-01-04T19:00,0.0,0.0,0.0,0.0,0.0
2019-01-04T20:00,0.0,0.0,0.0,0.0,0.0
2019-01-04T21:00,0.0,0.0,0.0,0.0,0.0
2019-01-04T22:00,0.0,0.0,0.0,0.0,0.0
2019-01-04T23:00,2.7,0.0,2.7,0.0,80.8
2019-01-05T00:00,45.3,0.0,45.3,0.0,365.4
2019-01-05T01:00,195.9,52.1,143.8,149.9,609.3
2019-01-05T02:00,223.7,43.8,179.9,87.6,796.1
2019-01-05T03:00,204.7,22.3,182.4,36.6,913.0
2019-01-05T04:00,222.0,43.6,178.4,65.6,952.0
2019-01-05T05:00,196.1,15.5,180.5,23.4,910.4
2019-01-05T06:00,207.7,32.3,175.4,53.3,791.1
2019-01-05T07:00,128.7,31.7,96.9,64.0,602.2
2019-01-05T08:00,48.7,0.0,48.7,0.0,356.6
2019-01-05T09:00,10.8,0.7,10.2,3.7,71.0
2019-01-05T10:00,0.0,0.0,0.0,0.0,0.0
2019-01-05T11:00,0.0,0.0,0.0,0.0,0.0
2019-01-05T12:00,0.0,0.0,0.0,0.0,0.0
2019-01-05T13:00,0.0,0.0,0.0,0.0,0.0
2019-01-05T14:00,0.0,0.0,0.0,0.0,0.0
2019-01-05T15:00,0.0,0.0,0.0,0.0,0.0
2019-01-05T16:00,0.0,0.0,0.0,0.0,0.0
2019-01-05T17:00,0.0,0.0,0.0,0.0,0.0
2019-01-05T18:00,0.0,0.0,0.0,0.0,0.0
2019-01-05T19:00,0.0,0.0,0.0,0.0,0.0
2019-01-05T20:00,0.0,0.0,0.0,0.0,0.0
2019-01-05T21:00,0.0,0.0,0.0,0.0,0.0
2019-01-05T22:00,0.0,0.0,0.0,0.0,0.0
2019-01-05T23:00,2.7,0.0,2.7,0.0,79.9
2019-01-06T00:00,27.6,1.6,26.0,9.3,364.9
2019-01-06T01:00,69.5,0.0,69.5,0.0,609.5
2019-01-06T02:00,66.4,0.0,66.4,0.0,796.9
2019-01-06T03:00,109.3,5.3,104.0,8.7,914.5
2019-01-06T04:00,160.2,8.1,152.1,12.2,954.1
2019-01-06T05:00,187.4,8.7,178.7,13.1,913.1
2019-01-06T06:00,170.9,16.6,154.2,27.3,794.2
2019-01-06T07:00,92.7,4.3,88.4,8.6,605.7
2019-01-06T08:00,71.7,2.2,69.5,6.4,360.2
2019-01-06T09:00,11.5,0.3,11.2,1.9,74.6
2019-01-06T10:00,0.0,0.0,0.0,0.0,0.0
2019-01-06T11:00,0.0,0.0,0.0,0.0,0.0
2019-01-06T12:00,0.0,0.0,0.0,0.0,0.0
2019-01-06T13:00,0.0,0.0,0.0,0.0,0.0
2019-01-06T14:00,0.0,0.0,0.0,0.0,0.0
2019-01-06T15:00,0.0,0.0,0.0,0.0,0.0
2019-01-06T16:00,0.0,0.0,0.0,0.0,0.0
2019-01-06T17:00,0.0,0.0,0.0,0.0,0.0
2019-01-06T18:00,0.0,0.0,0.0,0.0,0.0
2019-01-06T19:00,0.0,0.0,0.0,0.0,0.0
2019-01-06T20:00,0.0,0.0,0.0,0.0,0.0
2019-01-06T21:00,0.0,0.0,0.0,0.0,0.0
2019-01-06T22:00,0.0,0.0,0.0,0.0,0.0
2019-01-06T23:00,5.4,0.0,5.4,0.0,79.1
2019-01-07T00:00,87.7,26.0,61.7,148.2,364.6
2019-01-07T01:00,230.8,95.6,135.3,275.1,609.8
2019-01-07T02:00,344.3,156.4,187.9,311.9,797.9
2019-01-07T03:00,393.7,199.5,194.2,326.9,916.0
2019-01-07T04:00,304.3,118.7,185.6,178.0,956.3
2019-01-07T05:00,266.2,123.4,142.8,185.1,915.9
2019-01-07T06:00,340.1,197.8,142.3,324.2,797.5
2019-01-07T07:00,249.3,128.9,120.3,257.3,609.3
2019-01-07T08:00,143.9,80.8,63.0,233.0,364.0
2019-01-07T09:00,28.3,12.6,15.7,71.8,78.3
2019-01-07T10:00,0.0,0.0,0.0,0.0,0.0
2019-01-07T11:00,0.0,0.0,0.0,0.0,0.0
2019-01-07T12:00,0.0,0.0,0.0,0.0,0.0
2019-01-07T13:00,0.0,0.0,0.0,0.0,0.0
2019-01-07T14:00,0.0,0.0,0.0,0.0,0.0
2019-01-07T15:00,0.0,0.0,0.0,0.0,0.0
2019-01-07T16:00,0.0,0.0,0.0,0.0,0.0
2019-01-07T17:00,0.0,0.0,0.0,0.0,0.0
2019-01-07T18:00,0.0,0.0,0.0,0.0,0.0
2019-01-07T19:00,0.0,0.0,0.0,0.0,0.0
2019-01-07T20:00,0.0,0.0,0.0,0.0,0.0
2019-01-07T21:00,0.0,0.0,0.0,0.0,0.0
2019-01-07T22:00,0.0,0.0,0.0,0.0,0.0
2019-01-07T23:00,2.7,0.0,2.7,0.0,78.4
2019-01-08T00:00,47.2,1.6,45.6,9.3,364.4
2019-01-08T01:00,121.7,7.5,114.2,21.4,610.2
2019-01-08T02:00,186.8,41.6,145.2,83.0,798.9
2019-01-08T03:00,207.0,26.5,180.5,43.4,917.8
2019-01-08T04:00,207.0,27.4,179.6,41.0,958.6
2019-01-08T05:00,155.5,12.6,142.8,18.9,918.8
2019-01-08T06:00,170.1,28.7,141.5,46.8,800.8
2019-01-08T07:00,79.2,5.2,74.0,10.3,612.9
2019-01-08T08:00,64.0,5.9,58.0,17.0,367.8
2019-01-08T09:00,8.7,0.0,8.7,0.0,82.1
2019-01-08T10:00,0.0,0.0,0.0,0.0,0.0
2019-01-08T11:00,0.0,0.0,0.0,0.0,0.0
2019-01-08T12:00,0.0,0.0,0.0,0.0,0.0
2019-01-08T13:00,0.0,0.0,0.0,0.0,0.0
2019-01-08T14:00,0.0,0.0,0.0,0.0,0.0
2019-01-08T15:00,0.0,0.0,0.0,0.0,0.0
2019-01-08T16:00,0.0,0.0,0.0,0.0,0.0
2019-01-08T17:00,0.0,0.0,0.0,0.0,0.0
2019-01-08T18:00,0.0,0.0,0.0,0.0,0.0
2019-01-08T19:00,0.0,0.0,0.0,0.0,0.0
2019-01-08T20:00,0.0,0.0,0.0,0.0,0.0
2019-01-08T21:00,0.0,0.0,0.0,0.0,0.0
2019-01-08T22:00,0.0,0.0,0.0,0.0,0.0
2019-01-08T23:00,2.7,0.0,2.7,0.0,77.9
2019-01-09T00:00,58.6,3.3,55.4,18.5,364.4
2019-01-09T01:00,154.0,22.4,131.7,64.3,610.7
2019-01-09T02:00,253.3,49.5,203.7,98.6,800.1
2019-01-09T03:00,322.8,56.3,266.5,91.9,919.6
2019-01-09T04:00,276.0,36.5,239.5,54.6,961.1
2019-01-09T05:00,178.9,1.0,177.9,1.5,921.8
2019-01-09T06:00,192.4,6.5,186.0,10.5,804.3
2019-01-09T07:00,122.3,9.5,112.8,18.7,616.6
2019-01-09T08:00,96.9,26.8,70.1,76.2,371.6
2019-01-09T09:00,23.0,4.5,18.6,25.4,85.9
2019-01-09T10:00,0.0,0.0,0.0,0.0,0.0
2019-01-09T11:00,0.0,0.0,0.0,0.0,0.0
2019-01-09T12:00,0.0,0.0,0.0,0.0,0.0
2019-01-09T13:00,0.0,0.0,0.0,0.0,0.0
2019-01-09T14:00,0.0,0.0,0.0,0.0,0.0
2019-01-09T15:00,0.0,0.0,0.0,0.0,0.0
2019-01-09T16:00,0.0,0.0,0.0,0.0,0.0
2019-01-09T17:00,0.0,0.0,0.0,0.0,0.0
2019-01-09T18:00,0.0,0.0,0.0,0.0,0.0
2019-01-09T19:00,0.0,0.0,0.0,0.0,0.0
2019-01-09T20:00,0.0,0.0,0.0,0.0,0.0
2019-01-09T21:00,0.0,0.0,0.0,0.0,0.0
2019-01-09T22:00,0.0,0.0,0.0,0.0,0.0
2019-01-09T23:00,2.7,0.0,2.7,0.0,77.4
2019-01-10T00:00,57.1,4.9,52.2,27.8,364.4
2019-01-10T01:00,149.1,27.3,121.8,78.6,611.3
2019-01-10T02:00,300.6,155.4,145.2,308.8,801.4
2019-01-10T03:00,366.4,178.4,188.0,290.8,921.5
2019-01-10T04:00,397.9,182.7,215.2,272.2,963.6
2019-01-10T05:00,369.5,142.0,227.6,211.2,924.9
2019-01-10T06:00,359.2,188.8,170.3,306.1,807.8
2019-01-10T07:00,298.3,163.0,135.4,320.3,620.4
2019-01-10T08:00,181.7,115.2,66.5,324.3,375.5
2019-01-10T09:00,31.7,15.3,16.4,87.0,89.8
2019-01-10T10:00,0.0,0.0,0.0,0.0,0.0
2019-01-10T11:00,0.0,0.0,0.0,0.0,0.0
2019-01-10T12:00,0.0,0.0,0.0,0.0,0.0
2019-01-10T13:00,0.0,0.0,0.0,0.0,0.0
2019-01-10T14:00,0.0,0.0,0.0,0.0,0.0
2019-01-10T15:00,0.0,0.0,0.0,0.0,0.0
2019-01-10T16:00,0.0,0.0,0.0,0.0,0.0
2019-01-10T17:00,0.0,0.0,0.0,0.0,0.0
2019-01-10T18:00,0.0,0.0,0.0,0.0,0.0
2019-01-10T19:00,0.0,0.0,0.0,0.0,0.0
2019-01-10T20:00,0.0,0.0,0.0,0.0,0.0
2019-01-10T21:00,0.0,0.0,0.0,0.0,0.0
2019-01-10T22:00,0.0,0.0,0.0,0.0,0.0
2019-01-10T23:00,5.4,0.0,5.4,0.0,77.1
2019-01-11T00:00,84.9,29.4,55.5,166.8,364.6
2019-01-11T01:00,234.9,100.7,134.2,289.2,612.1
2019-01-11T02:00,380.7,198.2,182.4,393.3,802.8
2019-01-11T03:00,444.0,287.9,156.2,468.3,923.6
2019-01-11T04:00,463.0,286.3,176.7,425.5,966.3
2019-01-11T05:00,382.3,205.3,177.1,304.3,928.0
2019-01-11T06:00,238.0,70.4,167.6,113.6,811.4
2019-01-11T07:00,155.4,40.6,114.8,79.3,624.3
2019-01-11T08:00,111.7,36.7,75.0,102.7,379.5
2019-01-11T09:00,27.8,9.0,18.8,51.3,93.7
2019-01-11T10:00,0.0,0.0,0.0,0.0,0.0
2019-01-11T11:00,0.0,0.0,0.0,0.0,0.0
2019-01-11T12:00,0.0,0.0,0.0,0.0,0.0
2019-01-11T13:00,0.0,0.0,0.0,0.0,0.0
2019-01-11T14:00,0.0,0.0,0.0,0.0,0.0
2019-01-11T15:00,0.0,0.0,0.0,0.0,0.0
2019-01-11T16:00,0.0,0.0,0.0,0.0,0.0
2019-01-11T17:00,0.0,0.0,0.0,0.0,0.0
2019-01-11T18:00,0.0,0.0,0.0,0.0,0.0
2019-01-11T19:00,0.0,0.0,0.0,0.0,0.0
2019-01-11T20:00,0.0,0.0,0.0,0.0,0.0
2019-01-11T21:00,0.0,0.0,0.0,0.0,0.0
2019-01-11T22:00,0.0,0.0,0.0,0.0,0.0
2019-01-11T23:00,2.7,0.0,2.7,0.0,76.8
2019-01-12T00:00,42.5,4.9,37.6,27.8,364.9
2019-01-12T01:00,58.4,0.0,58.4,0.0,613.0
2019-01-12T02:00,139.7,2.3,137.4,4.5,804.3
2019-01-12T03:00,171.1,0.0,171.1,0.0,925.7
2019-01-12T04:00,135.1,2.0,133.0,3.0,969.1
2019-01-12T05:00,161.5,6.8,154.7,10.1,931.3
2019-01-12T06:00,155.7,18.5,137.1,29.8,815.1
2019-01-12T07:00,91.6,0.0,91.6,0.0,628.2
2019-01-12T08:00,62.4,3.0,59.4,8.3,383.5
2019-01-12T09:00,13.6,1.2,12.4,6.9,97.6
2019-01-12T10:00,0.0,0.0,0.0,0.0,0.0
2019-01-12T11:00,0.0,0.0,0.0,0.0,0.0
2019-01-12T12:00,0.0,0.0,0.0,0.0,0.0
2019-01-12T13:00,0.0,0.0,0.0,0.0,0.0
2019-01-12T14:00,0.0,0.0,0.0,0.0,0.0
2019-01-12T15:00,0.0,0.0,0.0,0.0,0.0
2019-01-12T16:00,0.0,0.0,0.0,0.0,0.0
2019-01-12T17:00,0.0,0.0,0.0,0.0,0.0
2019-01-12T18:00,0.0,0.0,0.0,0.0,0.0
2019-01-12T19:00,0.0,0.0,0.0,0.0,0.0
2019-01-12T20:00,0.0,0.0,0.0,0.0,0.0
2019-01-12T21:00,0.0,0.0,0.0,0.0,0.0
2019-01-12T22:00,0.0,0.0,0.0,0.0,0.0
2019-01-12T23:00,2.7,0.0,2.7,0.0,76.8
2019-01-13T00:00,70.3,1.6,68.6,9.3,365.3
2019-01-13T01:00,165.4,14.9,150.5,42.7,614.0
2019-01-13T02:00,281.7,74.4,207.3,147.0,805.9
2019-01-13T03:00,334.8,93.5,241.2,151.4,928.0
2019-01-13T04:00,229.6,25.4,204.2,37.5,971.9
2019-01-13T05:00,246.3,23.4,222.9,34.4,934.7
2019-01-13T06:00,183.6,22.3,161.3,35.6,818.8
2019-01-13T07:00,127.1,11.2,115.9,21.7,632.2
2019-01-13T08:00,71.6,5.3,66.3,14.5,387.5
2019-01-13T09:00,18.1,1.2,16.8,7.0,101.5
2019-01-13T10:00,0.0,0.0,0.0,0.0,0.0
2019-01-13T11:00,0.0,0.0,0.0,0.0,0.0
2019-01-13T12:00,0.0,0.0,0.0,0.0,0.0
2019-01-13T13:00,0.0,0.0,0.0,0.0,0.0
2019-01-13T14:00,0.0,0.0,0.0,0.0,0.0
2019-01-13T15:00,0.0,0.0,0.0,0.0,0.0
2019-01-13T16:00,0.0,0.0,0.0,0.0,0.0
2019-01-13T17:00,0.0,0.0,0.0,0.0,0.0
2019-01-13T18:00,0.0,0.0,0.0,0.0,0.0
2019-01-13T19:00,0.0,0.0,0.0,0.0,0.0
2019-01-13T20:00,0.0,0.0,0.0,0.0,0.0
2019-01-13T21:00,0.0,0.0,0.0,0.0,0.0
2019-01-13T22:00,0.0,0.0,0.0,0.0,0.0
2019-01-13T23:00,2.7,0.0,2.7,0.0,76.8
2019-01-14T00:00,160.2,80.1,80.1,453.3,365.9
2019-01-14T01:00,357.0,248.8,108.2,711.1,615.1
2019-01-14T02:00,489.0,338.0,151.0,666.8,807.7
2019-01-14T03:00,378.4,163.7,214.7,264.4,930.4
2019-01-14T04:00,357.7,75.2,282.5,110.8,974.9
2019-01-14T05:00,385.6,110.0,275.6,161.5,938.1
2019-01-14T06:00,359.9,149.4,210.6,238.1,822.6
2019-01-14T07:00,245.8,107.3,138.5,206.5,636.2
2019-01-14T08:00,111.1,44.6,66.5,121.7,391.6
2019-01-14T09:00,36.5,16.4,20.1,92.1,105.5
2019-01-14T10:00,0.0,0.0,0.0,0.0,0.0
2019-01-14T11:00,0.0,0.0,0.0,0.0,0.0
2019-01-14T12:00,0.0,0.0,0.0,0.0,0.0
2019-01-14T13:00,0.0,0.0,0.0,0.0,0.0
2019-01-14T14:00,0.0,0.0,0.0,0.0,0.0
2019-01-14T15:00,0.0,0.0,0.0,0.0,0.0
2019-01-14T16:00,0.0,0.0,0.0,0.0,0.0
2019-01-14T17:00,0.0,0.0,0.0,0.0,0.0
2019-01-14T18:00,0.0,0.0,0.0,0.0,0.0
2019-01-14T19:00,0.0,0.0,0.0,0.0,0.0
2019-01-14T20:00,0.0,0.0,0.0,0.0,0.0
2019-01-14T21:00,0.0,0.0,0.0,0.0,0.0
2019-01-14T22:00,0.0,0.0,0.0,0.0,0.0
2019-01-14T23:00,2.7,0.0,2.7,0.0,77.0
2019-01-15T00:00,39.2,6.5,32.7,37.0,366.5
2019-01-15T01:00,53.5,3.7,49.8,10.6,616.4
2019-01-15T02:00,95.8,10.1,85.6,20.0,809.6
2019-01-15T03:00,174.3,18.1,156.3,29.1,932.9
2019-01-15T04:00,207.3,45.7,161.6,67.2,977.9
2019-01-15T05:00,135.4,11.7,123.7,17.1,941.6
2019-01-15T06:00,237.6,65.0,172.6,103.2,826.4
2019-01-15T07:00,188.0,68.5,119.6,131.0,640.2
2019-01-15T08:00,114.4,43.9,70.5,119.0,395.7
2019-01-15T09:00,20.1,3.9,16.3,21.4,109.4
2019-01-15T10:00,0.0,0.0,0.0,0.0,0.0
2019-01-15T11:00,0.0,0.0,0.0,0.0,0.0
2019-01-15T12:00,0.0,0.0,0.0,0.0,0.0
2019-01-15T13:00,0.0,0.0,0.0,0.0,0.0
2019-01-15T14:00,0.0,0.0,0.0,0.0,0.0
2019-01-15T15:00,0.0,0.0,0.0,0.0,0.0
2019-01-15T16:00,0.0,0.0,0.0,0.0,0.0
2019-01-15T17:00,0.0,0.0,0.0,0.0,0.0
2019-01-15T18:00,0.0,0.0,0.0,0.0,0.0
2019-01-15T19:00,0.0,0.0,0.0,0.0,0.0
2019-01-15T20:00,0.0,0.0,0.0,0.0,0.0
2019-01-15T21:00,0.0,0.0,0.0,0.0,0.0
2019-01-15T22:00,0.0,0.0,0.0,0.0,0.0
2019-01-15T23:00,2.7,0.0,2.7,0.0,77.3
2019-01-16T00:00,32.7,1.6,31.0,9.2,367.3
2019-01-16T01:00,72.1,0.0,72.1,0.0,617.8
2019-01-16T02:00,145.4,23.7,121.7,46.5,811.6
2019-01-16T03:00,158.4,34.0,124.4,54.7,935.4
2019-01-16T04:00,166.7,11.2,155.5,16.4,981.0
2019-01-16T05:00,248.5,66.3,182.2,96.6,945.1
2019-01-16T06:00,110.5,4.6,105.9,7.3,830.3
2019-01-16T07:00,89.3,9.5,79.8,18.2,644.3
2019-01-16T08:00,69.9,12.2,57.7,32.6,399.8
2019-01-16T09:00,8.7,0.0,8.7,0.0,113.4
2019-01-16T10:00,0.0,0.0,0.0,0.0,0.0
2019-01-16T11:00,0.0,0.0,0.0,0.0,0.0
2019-01-16T12:00,0.0,0.0,0.0,0.0,0.0
2019-01-16T13:00,0.0,0.0,0.0,0.0,0.0
2019-01-16T14:00,0.0,0.0,0.0,0.0,0.0
2019-01-16T15:00,0.0,0.0,0.0,0.0,0.0
2019-01-16T16:00,0.0,0.0,0.0,0.0,0.0
2019-01-16T17:00,0.0,0.0,0.0,0.0,0.0
2019-01-16T18:00,0.0,0.0,0.0,0.0,0.0
2019-01-16T19:00,0.0,0.0,0.0,0.0,0.0
2019-01-16T20:00,0.0,0.0,0.0,0.0,0.0
2019-01-16T21:00,0.0,0.0,0.0,0.0,0.0
2019-01-16T22:00,0.0,0.0,0.0,0.0,0.0
2019-01-16T23:00,2.7,0.0,2.7,0.0,77.7
2019-01-17T00:00,65.3,4.9,60.4,27.6,368.3
2019-01-17T01:00,111.9,10.0,102.0,28.2,619.3
2019-01-17T02:00,175.8,28.2,147.7,55.2,813.7
2019-01-17T03:00,192.5,13.8,178.6,22.1,938.1
2019-01-17T04:00,203.4,15.3,188.1,22.3,984.2
2019-01-17T05:00,202.7,16.6,186.2,24.1,948.7
2019-01-17T06:00,145.9,5.6,140.3,8.8,834.2
2019-01-17T07:00,119.8,3.5,116.3,6.6,648.3
2019-01-17T08:00,64.0,0.8,63.2,2.0,403.8
2019-01-17T09:00,20.5,0.9,19.6,4.8,117.3
2019-01-17T10:00,0.0,0.0,0.0,0.0,0.0
2019-01-17T11:00,0.0,0.0,0.0,0.0,0.0
2019-01-17T12:00,0.0,0.0,0.0,0.0,0.0
2019-01-17T13:00,0.0,0.0,0.0,0.0,0.0
2019-01-17T14:00,0.0,0.0,0.0,0.0,0.0
2019-01-17T15:00,0.0,0.0,0.0,0.0,0.0
2019-01-17T16:00,0.0,0.0,0.0,0.0,0.0
2019-01-17T17:00,0.0,0.0,0.0,0.0,0.0
2019-01-17T18:00,0.0,0.0,0.0,0.0,0.0
2019-01-17T19:00,0.0,0.0,0.0,0.0,0.0
2019-01-17T20:00,0.0,0.0,0.0,0.0,0.0
2019-01-17T21:00,0.0,0.0,0.0,0.0,0.0
2019-01-17T22:00,0.0,0.0,0.0,0.0,0.0
2019-01-17T23:00,8.1,0.0,8.1,0.0,78.3
2019-01-18T00:00,153.4,75.1,78.3,423.2,369.4
2019-01-18T01:00,350.7,233.8,116.9,661.9,621.0
2019-01-18T02:00,489.2,305.5,183.7,596.5,815.9
2019-01-18T03:00,579.6,337.1,242.5,538.5,940.9
2019-01-18T04:00,590.9,331.5,259.3,482.5,987.5
2019-01-18T05:00,658.2,505.1,153.1,730.7,952.4
2019-01-18T06:00,579.1,463.8,115.3,726.9,838.1
2019-01-18T07:00,459.6,377.1,82.5,709.8,652.4
2019-01-18T08:00,263.3,199.2,64.1,526.6,407.9
2019-01-18T09:00,65.3,42.6,22.7,225.3,121.2
2019-01-18T10:00,0.0,0.0,0.0,0.0,0.0
2019-01-18T11:00,0.0,0.0,0.0,0.0,0.0
2019-01-18T12:00,0.0,0.0,0.0,0.0,0.0
2019-01-18T13:00,0.0,0.0,0.0,0.0,0.0
2019-01-18T14:00,0.0,0.0,0.0,0.0,0.0
2019-01-18T15:00,0.0,0.0,0.0,0.0,0.0
2019-01-18T16:00,0.0,0.0,0.0,0.0,0.0
2019-01-18T17:00,0.0,0.0,0.0,0.0,0.0
2019-01-18T18:00,0.0,0.0,0.0,0.0,0.0
2019-01-18T19:00,0.0,0.0,0.0,0.0,0.0
2019-01-18T20:00,0.0,0.0,0.0,0.0,0.0
2019-01-18T21:00,0.0,0.0,0.0,0.0,0.0
2019-01-18T22:00,0.0,0.0,0.0,0.0,0.0
2019-01-18T23:00,5.4,0.0,5.4,0.0,79.0
2019-01-19T00:00,128.8,57.1,71.7,321.4,370.6
2019-01-19T01:00,245.0,121.9,123.1,343.9,622.7
2019-01-19T02:00,388.9,222.1,166.8,432.3,818.2
2019-01-19T03:00,427.6,204.2,223.4,325.2,943.8
2019-01-19T04:00,523.8,332.6,191.2,482.5,990.8
2019-01-19T05:00,583.2,434.0,149.2,625.6,956.1
2019-01-19T06:00,478.0,327.3,150.6,510.8,842.1
2019-01-19T07:00,200.9,45.2,155.7,84.6,656.5
2019-01-19T08:00,84.9,19.9,65.0,52.2,412.0
2019-01-19T09:00,25.8,10.6,15.2,55.2,125.1
2019-01-19T10:00,0.0,0.0,0.0,0.0,0.0
2019-01-19T11:00,0.0,0.0,0.0,0.0,0.0
2019-01-19T12:00,0.0,0.0,0.0,0.0,0.0
2019-01-19T13:00,0.0,0.0,0.0,0.0,0.0
2019-01-19T14:00,0.0,0.0,0.0,0.0,0.0
2019-01-19T15:00,0.0,0.0,0.0,0.0,0.0
2019-01-19T16:00,0.0,0.0,0.0,0.0,0.0
2019-01-19T17:00,0.0,0.0,0.0,0.0,0.0
2019-01-19T18:00,0.0,0.0,0.0,0.0,0.0
2019-01-19T19:00,0.0,0.0,0.0,0.0,0.0
2019-01-19T20:00,0.0,0.0,0.0,0.0,0.0
2019-01-19T21:00,0.0,0.0,0.0,0.0,0.0
2019-01-19T22:00,0.0,0.0,0.0,0.0,0.0
2019-01-19T23:00,2.7,0.0,2.7,0.0,79.9
2019-01-20T00:00,45.6,8.1,37.4,45.8,372.0
2019-01-20T01:00,218.8,113.1,105.7,318.2,624.7
2019-01-20T02:00,338.2,166.8,171.3,323.7,820.7
2019-01-20T03:00,300.0,157.4,142.5,249.9,946.7
2019-01-20T04:00,191.3,66.1,125.1,95.6,994.2
2019-01-20T05:00,97.6,1.0,96.6,1.4,959.9
2019-01-20T06:00,85.6,4.7,80.9,7.2,846.1
2019-01-20T07:00,74.0,1.7,72.2,3.2,660.6
2019-01-20T08:00,29.9,0.8,29.1,2.0,416.0
2019-01-20T09:00,12.7,0.0,12.7,0.0,129.0
2019-01-20T10:00,0.0,0.0,0.0,0.0,0.0
2019-01-20T11:00,0.0,0.0,0.0,0.0,0.0
2019-01-20T12:00,0.0,0.0,0.0,0.0,0.0
2019-01-20T13:00,0.0,0.0,0.0,0.0,0.0
2019-01-20T14:00,0.0,0.0,0.0,0.0,0.0
2019-01-20T15:00,0.0,0.0,0.0,0.0,0.0
2019-01-20T16:00,0.0,0.0,0.0,0.0,0.0
2019-01-20T17:00,0.0,0.0,0.0,0.0,0.0
2019-01-20T18:00,0.0,0.0,0.0,0.0,0.0
2019-01-20T19:00,0.0,0.0,0.0,0.0,0.0
2019-01-20T20:00,0.0,0.0,0.0,0.0,0.0
2019-01-20T21:00,0.0,0.0,0.0,0.0,0.0
2019-01-20T22:00,0.0,0.0,0.0,0.0,0.0
2019-01-20T23:00,2.7,0.0,2.7,0.0,81.0
2019-01-21T00:00,40.6,4.9,35.8,27.4,373.5
2019-01-21T01:00,67.1,7.5,59.7,20.9,626.7
2019-01-21T02:00,107.1,20.3,86.8,39.2,823.3
2019-01-21T03:00,271.3,105.3,165.9,166.6,949.9
2019-01-21T04:00,204.5,60.0,144.5,86.5,997.8
2019-01-21T05:00,270.3,46.8,223.5,67.0,963.8
2019-01-21T06:00,146.1,11.2,135.0,17.3,850.3
2019-01-21T07:00,95.0,2.6,92.3,4.8,664.8
2019-01-21T08:00,61.5,2.3,59.2,6.0,420.2
2019-01-21T09:00,19.5,1.0,18.6,4.8,133.0
2019-01-21T10:00,0.0,0.0,0.0,0.0,0.0
2019-01-21T11:00,0.0,0.0,0.0,0.0,0.0
2019-01-21T12:00,0.0,0.0,0.0,0.0,0.0
2019-01-21T13:00,0.0,0.0,0.0,0.0,0.0
2019-01-21T14:00,0.0,0.0,0.0,0.0,0.0
2019-01-21T15:00,0.0,0.0,0.0,0.0,0.0
2019-01-21T16:00,0.0,0.0,0.0,0.0,0.0
2019-01-21T17:00,0.0,0.0,0.0,0.0,0.0
2019-01-21T18:00,0.0,0.0,0.0,0.0,0.0
2019-01-21T19:00,0.0,0.0,0.0,0.0,0.0
2019-01-21T20:00,0.0,0.0,0.0,0.0,0.0
2019-01-21T21:00,0.0,0.0,0.0,0.0,0.0
2019-01-21T22:00,0.0,0.0,0.0,0.0,0.0
2019-01-21T23:00,2.7,0.0,2.7,0.0,82.1
2019-01-22T00:00,42.2,0.0,42.2,0.0,375.2
2019-01-22T01:00,57.2,5.0,52.2,13.9,628.9
2019-01-22T02:00,84.5,0.0,84.5,0.0,826.0
2019-01-22T03:00,176.6,14.9,161.7,23.5,953.1
2019-01-22T04:00,179.1,13.2,165.9,19.0,1001.4
2019-01-22T05:00,136.7,0.0,136.7,0.0,967.8
2019-01-22T06:00,166.7,9.3,157.4,14.3,854.5
2019-01-22T07:00,125.6,0.0,125.6,0.0,669.1
2019-01-22T08:00,65.5,1.5,63.9,3.9,424.4
2019-01-22T09:00,19.8,1.0,18.8,4.8,137.0
2019-01-22T10:00,0.0,0.0,0.0,0.0,0.0
2019-01-22T11:00,0.0,0.0,0.0,0.0,0.0
2019-01-22T12:00,0.0,0.0,0.0,0.0,0.0
2019-01-22T13:00,0.0,0.0,0.0,0.0,0.0
2019-01-22T14:00,0.0,0.0,0.0,0.0,0.0
2019-01-22T15:00,0.0,0.0,0.0,0.0,0.0
2019-01-22T16:00,0.0,0.0,0.0,0.0,0.0
2019-01-22T17:00,0.0,0.0,0.0,0.0,0.0
2019-01-22T18:00,0.0,0.0,0.0,0.0,0.0
2019-01-22T19:00,0.0,0.0,0.0,0.0,0.0
2019-01-22T20:00,0.0,0.0,0.0,0.0,0.0
2019-01-22T21:00,0.0,0.0,0.0,0.0,0.0
2019-01-22T22:00,0.0,0.0,0.0,0.0,0.0
2019-01-22T23:00,7.9,2.6,5.3,13.6,83.4
2019-01-23T00:00,179.8,102.1,77.8,572.6,377.0
2019-01-23T01:00,390.0,282.0,108.1,783.5,631.2
2019-01-23T02:00,562.4,445.2,117.2,854.7,828.9
2019-01-23T03:00,623.4,427.7,195.8,671.8,956.4
2019-01-23T04:00,472.2,236.1,236.1,337.6,1005.2
2019-01-23T05:00,474.5,166.9,307.5,236.8,971.9
2019-01-23T06:00,463.9,222.6,241.3,341.1,858.7
2019-01-23T07:00,235.6,25.3,210.3,46.3,673.4
2019-01-23T08:00,174.4,71.0,103.4,180.5,428.6
2019-01-23T09:00,49.5,22.1,27.5,108.3,141.0
2019-01-23T10:00,0.0,0.0,0.0,0.0,0.0
2019-01-23T11:00,0.0,0.0,0.0,0.0,0.0
2019-01-23T12:00,0.0,0.0,0.0,0.0,0.0
2019-01-23T13:00,0.0,0.0,0.0,0.0,0.0
2019-01-23T14:00,0.0,0.0,0.0,0.0,0.0
2019-01-23T15:00,0.0,0.0,0.0,0.0,0.0
2019-01-23T16:00,0.0,0.0,0.0,0.0,0.0
2019-01-23T17:00,0.0,0.0,0.0,0.0,0.0
2019-01-23T18:00,0.0,0.0,0.0,0.0,0.0
2019-01-23T19:00,0.0,0.0,0.0,0.0,0.0
2019-01-23T20:00,0.0,0.0,0.0,0.0,0.0
2019-01-23T21:00,0.0,0.0,0.0,0.0,0.0
2019-01-23T22:00,0.0,0.0,0.0,0.0,0.0
2019-01-23T23:00,5.3,0.0,5.3,0.0,84.9
2019-01-24T00:00,103.5,29.1,74.4,163.1,378.9
2019-01-24T01:00,201.1,45.9,155.2,127.1,633.7
2019-01-24T02:00,371.9,111.6,260.3,213.4,831.9
2019-01-24T03:00,396.8,97.9,299.0,153.2,959.9
2019-01-24T04:00,356.3,44.8,311.5,63.8,1009.1
2019-01-24T05:00,425.8,151.4,274.4,213.8,976.0
2019-01-24T06:00,263.7,29.8,233.9,45.5,863.1
2019-01-24T07:00,234.1,29.7,204.4,54.0,677.8
2019-01-24T08:00,123.7,27.8,95.9,70.2,432.9
2019-01-24T09:00,42.2,7.0,35.3,33.7,145.1
2019-01-24T10:00,0.0,0.0,0.0,0.0,0.0
2019-01-24T11:00,0.0,0.0,0.0,0.0,0.0
2019-01-24T12:00,0.0,0.0,0.0,0.0,0.0
2019-01-24T13:00,0.0,0.0,0.0,0.0,0.0
2019-01-24T14:00,0.0,0.0,0.0,0.0,0.0
2019-01-24T15:00,0.0,0.0,0.0,0.0,0.0
2019-01-24T16:00,0.0,0.0,0.0,0.0,0.0
2019-01-24T17:00,0.0,0.0,0.0,0.0,0.0
2019-01-24T18:00,0.0,0.0,0.0,0.0,0.0
2019-01-24T19:00,0.0,0.0,0.0,0.0,0.0
2019-01-24T20:00,0.0,0.0,0.0,0.0,0.0
2019-01-24T21:00,0.0,0.0,0.0,0.0,0.0
2019-01-24T22:00,0.0,0.0,0.0,0.0,0.0
2019-01-24T23:00,7.8,0.0,7.8,0.0,86.4
2019-01-25T00:00,143.6,61.3,82.3,343.2,381.0
2019-01-25T01:00,351.2,227.1,124.1,625.2,636.3
2019-01-25T02:00,535.2,397.7,137.5,757.6,835.0
2019-01-25T03:00,573.5,390.5,183.0,608.6,963.5
2019-01-25T04:00,517.1,304.4,212.8,431.7,1013.0
2019-01-25T05:00,559.7,401.5,158.2,564.6,980.3
2019-01-25T06:00,513.7,365.5,148.2,554.5,867.5
2019-01-25T07:00,403.8,303.3,100.5,548.5,682.2
2019-01-25T08:00,244.9,171.3,73.6,428.5,437.2
2019-01-25T09:00,71.5,41.3,30.2,196.9,149.2
2019-01-25T10:00,0.0,0.0,0.0,0.0,0.0
2019-01-25T11:00,0.0,0.0,0.0,0.0,0.0
2019-01-25T12:00,0.0,0.0,0.0,0.0,0.0
2019-01-25T13:00,0.0,0.0,0.0,0.0,0.0
2019-01-25T14:00,0.0,0.0,0.0,0.0,0.0
2019-01-25T15:00,0.0,0.0,0.0,0.0,0.0
2019-01-25T16:00,0.0,0.0,0.0,0.0,0.0
2019-01-25T17:00,0.0,0.0,0.0,0.0,0.0
2019-01-25T18:00,0.0,0.0,0.0,0.0,0.0
2019-01-25T19:00,0.0,0.0,0.0,0.0,0.0
2019-01-25T20:00,0.0,0.0,0.0,0.0,0.0
2019-01-25T21:00,0.0,0.0,0.0,0.0,0.0
2019-01-25T22:00,0.0,0.0,0.0,0.0,0.0
2019-01-25T23:00,5.2,0.0,5.2,0.0,88.1
2019-01-26T00:00,40.2,0.0,40.2,0.0,383.2
2019-01-26T01:00,192.3,49.6,142.6,135.9,639.0
2019-01-26T02:00,397.7,182.5,215.2,346.2,838.2
2019-01-26T03:00,502.2,240.4,261.7,373.3,967.1
2019-01-26T04:00,414.4,121.2,293.2,171.2,1017.1
2019-01-26T05:00,374.2,44.9,329.2,62.9,984.6
2019-01-26T06:00,246.2,54.1,192.1,81.7,871.9
2019-01-26T07:00,210.0,43.7,166.2,78.6,686.7
2019-01-26T08:00,127.4,22.5,104.8,55.9,441.6
2019-01-26T09:00,38.3,7.7,30.6,36.0,153.3
2019-01-26T10:00,0.0,0.0,0.0,0.0,0.0
2019-01-26T11:00,0.0,0.0,0.0,0.0,0.0
2019-01-26T12:00,0.0,0.0,0.0,0.0,0.0
2019-01-26T13:00,0.0,0.0,0.0,0.0,0.0
2019-01-26T14:00,0.0,0.0,0.0,0.0,0.0
2019-01-26T15:00,0.0,0.0,0.0,0.0,0.0
2019-01-26T16:00,0.0,0.0,0.0,0.0,0.0
2019-01-26T17:00,0.0,0.0,0.0,0.0,0.0
2019-01-26T18:00,0.0,0.0,0.0,0.0,0.0
2019-01-26T19:00,0.0,0.0,0.0,0.0,0.0
2019-01-26T20:00,0.0,0.0,0.0,0.0,0.0
2019-01-26T21:00,0.0,0.0,0.0,0.0,0.0
2019-01-26T22:00,0.0,0.0,0.0,0.0,0.0
2019-01-26T23:00,7.7,0.0,7.7,0.0,89.9
2019-01-27T00:00,139.6,53.0,86.7,295.9,385.5
2019-01-27T01:00,283.9,143.8,140.1,391.9,641.8
2019-01-27T02:00,470.8,288.4,182.5,544.6,841.5
2019-01-27T03:00,391.5,133.0,258.5,205.6,970.9
2019-01-27T04:00,304.4,12.2,292.2,17.2,1021.2
2019-01-27T05:00,496.4,231.6,264.8,322.9,988.9
2019-01-27T06:00,239.8,11.2,228.6,16.8,876.4
2019-01-27T07:00,249.5,61.3,188.2,109.5,691.2
2019-01-27T08:00,116.7,25.7,91.1,63.2,445.9
2019-01-27T09:00,63.6,19.6,43.9,90.9,157.4
2019-01-27T10:00,0.0,0.0,0.0,0.0,0.0
2019-01-27T11:00,0.0,0.0,0.0,0.0,0.0
2019-01-27T12:00,0.0,0.0,0.0,0.0,0.0
2019-01-27T13:00,0.0,0.0,0.0,0.0,0.0
2019-01-27T14:00,0.0,0.0,0.0,0.0,0.0
2019-01-27T15:00,0.0,0.0,0.0,0.0,0.0
2019-01-27T16:00,0.0,0.0,0.0,0.0,0.0
2019-01-27T17:00,0.0,0.0,0.0,0.0,0.0
2019-01-27T18:00,0.0,0.0,0.0,0.0,0.0
2019-01-27T19:00,0.0,0.0,0.0,0.0,0.0
2019-01-27T20:00,0.0,0.0,0.0,0.0,0.0
2019-01-27T21:00,0.0,0.0,0.0,0.0,0.0
2019-01-27T22:00,0.0,0.0,0.0,0.0,0.0
2019-01-27T23:00,10.3,2.6,7.7,13.7,91.9
2019-01-28T00:00,192.0,113.6,78.4,634.1,387.9
2019-01-28T01:00,392.7,286.2,106.5,775.7,644.7
2019-01-28T02:00,565.3,443.7,121.6,834.3,844.9
2019-01-28T03:00,644.7,492.6,152.1,758.4,974.7
2019-01-28T04:00,725.0,583.5,141.5,817.4,1025.3
2019-01-28T05:00,696.9,562.0,134.9,780.0,993.4
2019-01-28T06:00,602.1,482.6,119.5,721.4,880.9
2019-01-28T07:00,452.1,347.0,105.1,616.4,695.7
2019-01-28T08:00,240.2,150.5,89.7,367.6,450.3
2019-01-28T09:00,74.2,40.3,34.0,183.9,161.5
2019-01-28T10:00,0.0,0.0,0.0,0.0,0.0
2019-01-28T11:00,0.0,0.0,0.0,0.0,0.0
2019-01-28T12:00,0.0,0.0,0.0,0.0,0.0
2019-01-28T13:00,0.0,0.0,0.0,0.0,0.0
2019-01-28T14:00,0.0,0.0,0.0,0.0,0.0
2019-01-28T15:00,0.0,0.0,0.0,0.0,0.0
2019-01-28T16:00,0.0,0.0,0.0,0.0,0.0
2019-01-28T17:00,0.0,0.0,0.0,0.0,0.0
2019-01-28T18:00,0.0,0.0,0.0,0.0,0.0
2019-01-28T19:00,0.0,0.0,0.0,0.0,0.0
2019-01-28T20:00,0.0,0.0,0.0,0.0,0.0
2019-01-28T21:00,0.0,0.0,0.0,0.0,0.0
2019-01-28T22:00,0.0,0.0,0.0,0.0,0.0
2019-01-28T23:00,7.6,0.0,7.6,0.0,93.9
2019-01-29T00:00,162.8,68.6,94.1,382.5,390.4
2019-01-29T01:00,354.1,204.3,149.8,550.6,647.8
2019-01-29T02:00,541.6,382.8,158.8,716.5,848.4
2019-01-29T03:00,527.7,324.5,203.2,497.4,978.6
2019-01-29T04:00,495.9,204.7,291.3,285.5,1029.6
2019-01-29T05:00,366.6,87.0,279.6,120.2,997.8
2019-01-29T06:00,310.0,38.3,271.7,56.9,885.5
2019-01-29T07:00,366.5,176.2,190.3,311.2,700.2
2019-01-29T08:00,207.1,111.7,95.3,270.8,454.7
2019-01-29T09:00,79.9,46.5,33.3,209.6,165.6
2019-01-29T10:00,0.0,0.0,0.0,0.0,0.0
2019-01-29T11:00,0.0,0.0,0.0,0.0,0.0
2019-01-29T12:00,0.0,0.0,0.0,0.0,0.0
2019-01-29T13:00,0.0,0.0,0.0,0.0,0.0
2019-01-29T14:00,0.0,0.0,0.0,0.0,0.0
2019-01-29T15:00,0.0,0.0,0.0,0.0,0.0
2019-01-29T16:00,0.0,0.0,0.0,0.0,0.0
2019-01-29T17:00,0.0,0.0,0.0,0.0,0.0
2019-01-29T18:00,0.0,0.0,0.0,0.0,0.0
2019-01-29T19:00,0.0,0.0,0.0,0.0,0.0
2019-01-29T20:00,0.0,0.0,0.0,0.0,0.0
2019-01-29T21:00,0.0,0.0,0.0,0.0,0.0
2019-01-29T22:00,0.0,0.0,0.0,0.0,0.0
2019-01-29T23:00,12.7,2.5,10.1,13.7,96.1
2019-01-30T00:00,194.1,116.1,78.0,646.6,393.1
2019-01-30T01:00,398.4,295.7,102.7,792.5,650.9
2019-01-30T02:00,573.0,457.0,115.9,851.3,852.0
2019-01-30T03:00,687.2,567.0,120.2,865.5,982.6
2019-01-30T04:00,736.3,613.1,123.2,851.5,1033.9
2019-01-30T05:00,696.2,572.0,124.2,786.7,1002.3
2019-01-30T06:00,577.3,456.8,120.5,676.0,890.1
2019-01-30T07:00,441.4,342.2,99.2,600.8,704.8
2019-01-30T08:00,209.8,127.6,82.2,306.8,459.1
2019-01-30T09:00,75.9,43.3,32.6,192.4,169.7
2019-01-30T10:00,0.0,0.0,0.0,0.0,0.0
2019-01-30T11:00,0.0,0.0,0.0,0.0,0.0
2019-01-30T12:00,0.0,0.0,0.0,0.0,0.0
2019-01-30T13:00,0.0,0.0,0.0,0.0,0.0
2019-01-30T14:00,0.0,0.0,0.0,0.0,0.0
2019-01-30T15:00,0.0,0.0,0.0,0.0,0.0
2019-01-30T16:00,0.0,0.0,0.0,0.0,0.0
2019-01-30T17:00,0.0,0.0,0.0,0.0,0.0
2019-01-30T18:00,0.0,0.0,0.0,0.0,0.0
2019-01-30T19:00,0.0,0.0,0.0,0.0,0.0
2019-01-30T20:00,0.0,0.0,0.0,0.0,0.0
2019-01-30T21:00,0.0,0.0,0.0,0.0,0.0
2019-01-30T22:00,0.0,0.0,0.0,0.0,0.0
2019-01-30T23:00,12.6,2.5,10.1,13.8,98.4
2019-01-31T00:00,193.5,117.3,76.1,652.6,395.9
2019-01-31T01:00,363.5,262.1,101.4,698.3,654.1
2019-01-31T02:00,528.9,398.4,130.5,738.6,855.6
2019-01-31T03:00,635.0,476.5,158.5,724.2,986.6
2019-01-31T04:00,701.7,552.0,149.7,763.3,1038.2
2019-01-31T05:00,665.0,521.3,143.8,713.7,1006.8
2019-01-31T06:00,563.5,424.3,139.2,624.7,894.7
2019-01-31T07:00,373.2,209.9,163.3,366.2,709.3
2019-01-31T08:00,127.1,12.5,114.5,29.9,463.4
2019-01-31T09:00,17.3,2.2,15.1,9.5,173.8
2019-01-31T10:00,0.0,0.0,0.0,0.0,0.0
2019-01-31T11:00,0.0,0.0,0.0,0.0,0.0
2019-01-31T12:00,0.0,0.0,0.0,0.0,0.0
2019-01-31T13:00,0.0,0.0,0.0,0.0,0.0
2019-01-31T14:00,0.0,0.0,0.0,0.0,0.0
2019-01-31T15:00,0.0,0.0,0.0,0.0,0.0
2019-01-31T16:00,0.0,0.0,0.0,0.0,0.0
2019-01-31T17:00,0.0,0.0,0.0,0.0,0.0
2019-01-31T18:00,0.0,0.0,0.0,0.0,0.0
2019-01-31T19:00,0.0,0.0,0.0,0.0,0.0
2019-01-31T20:00,0.0,0.0,0.0,0.0,0.0
2019-01-31T21:00,0.0,0.0,0.0,0.0,0.0
2019-01-31T22:00,0.0,0.0,0.0,0.0,0.0
2019-01-31T23:00,5.0,0.0,5.0,0.0,100.8
2019-02-01T00:00,66.4,1.6,64.8,8.8,398.7
2019-02-01T01:00,122.3,9.9,112.4,26.2,657.5
2019-02-01T02:00,118.1,0.0,118.1,0.0,859.4
2019-02-01T03:00,179.8,14.9,164.9,22.5,990.8
2019-02-01T04:00,268.9,30.6,238.3,42.1,1042.6
2019-02-01T05:00,233.8,23.5,210.3,32.0,1011.4
2019-02-01T06:00,309.4,95.4,214.1,139.7,899.3
2019-02-01T07:00,181.0,23.7,157.3,41.2,713.9
2019-02-01T08:00,153.2,58.9,94.3,139.5,467.8
2019-02-01T09:00,40.9,7.6,33.3,33.1,177.9
2019-02-01T10:00,0.0,0.0,0.0,0.0,0.0
2019-02-01T11:00,0.0,0.0,0.0,0.0,0.0
2019-02-01T12:00,0.0,0.0,0.0,0.0,0.0
2019-02-01T13:00,0.0,0.0,0.0,0.0,0.0
2019-02-01T14:00,0.0,0.0,0.0,0.0,0.0
2019-02-01T15:00,0.0,0.0,0.0,0.0,0.0
2019-02-01T16:00,0.0,0.0,0.0,0.0,0.0
2019-02-01T17:00,0.0,0.0,0.0,0.0,0.0
2019-02-01T18:00,0.0,0.0,0.0,0.0,0.0
2019-02-01T19:00,0.0,0.0,0.0,0.0,0.0
2019-02-01T20:00,0.0,0.0,0.0,0.0,0.0
2019-02-01T21:00,0.0,0.0,0.0,0.0,0.0
2019-02-01T22:00,0.0,0.0,0.0,0.0,0.0
2019-02-01T23:00,12.4,2.5,9.9,13.7,103.3
2019-02-02T00:00,154.4,83.5,70.9,461.3,401.7
2019-02-02T01:00,314.8,197.5,117.3,519.7,660.9
2019-02-02T02:00,452.1,316.0,136.1,580.1,863.2
2019-02-02T03:00,591.3,436.0,155.3,656.7,994.9
2019-02-02T04:00,685.5,539.8,145.7,739.9,1047.0
2019-02-02T05:00,678.9,543.9,135.0,737.9,1016.0
2019-02-02T06:00,602.3,481.6,120.6,702.0,903.9
2019-02-02T07:00,452.0,351.8,100.3,606.6,718.4
2019-02-02T08:00,247.2,174.8,72.4,410.5,472.1
2019-02-02T09:00,81.6,49.1,32.5,209.4,181.9
2019-02-02T10:00,0.0,0.0,0.0,0.0,0.0
2019-02-02T11:00,0.0,0.0,0.0,0.0,0.0
2019-02-02T12:00,0.0,0.0,0.0,0.0,0.0
2019-02-02T13:00,0.0,0.0,0.0,0.0,0.0
2019-02-02T14:00,0.0,0.0,0.0,0.0,0.0
2019-02-02T15:00,0.0,0.0,0.0,0.0,0.0
2019-02-02T16:00,0.0,0.0,0.0,0.0,0.0
2019-02-02T17:00,0.0,0.0,0.0,0.0,0.0
2019-02-02T18:00,0.0,0.0,0.0,0.0,0.0
2019-02-02T19:00,0.0,0.0,0.0,0.0,0.0
2019-02-02T20:00,0.0,0.0,0.0,0.0,0.0
2019-02-02T21:00,0.0,0.0,0.0,0.0,0.0
2019-02-02T22:00,0.0,0.0,0.0,0.0,0.0
2019-02-02T23:00,12.3,2.5,9.9,13.8,105.9
2019-02-03T00:00,179.0,91.0,87.9,497.4,404.7
2019-02-03T01:00,378.6,259.0,119.6,677.2,664.3
2019-02-03T02:00,553.2,429.5,123.7,784.4,867.1
2019-02-03T03:00,643.4,494.5,148.9,741.3,999.1
2019-02-03T04:00,693.7,550.0,143.6,750.5,1051.5
2019-02-03T05:00,692.7,568.5,124.3,767.6,1020.6
2019-02-03T06:00,572.5,450.9,121.6,653.9,908.5
2019-02-03T07:00,415.4,306.2,109.1,525.0,722.9
2019-02-03T08:00,212.9,143.5,69.4,334.5,476.5
2019-02-03T09:00,62.9,33.9,28.9,143.0,186.0
2019-02-03T10:00,0.0,0.0,0.0,0.0,0.0
2019-02-03T11:00,0.0,0.0,0.0,0.0,0.0
2019-02-03T12:00,0.0,0.0,0.0,0.0,0.0
2019-02-03T13:00,0.0,0.0,0.0,0.0,0.0
2019-02-03T14:00,0.0,0.0,0.0,0.0,0.0
2019-02-03T15:00,0.0,0.0,0.0,0.0,0.0
2019-02-03T16:00,0.0,0.0,0.0,0.0,0.0
2019-02-03T17:00,0.0,0.0,0.0,0.0,0.0
2019-02-03T18:00,0.0,0.0,0.0,0.0,0.0
2019-02-03T19:00,0.0,0.0,0.0,0.0,0.0
2019-02-03T20:00,0.0,0.0,0.0,0.0,0.0
2019-02-03T21:00,0.0,0.0,0.0,0.0,0.0
2019-02-03T22:00,0.0,0.0,0.0,0.0,0.0
2019-02-03T23:00,4.9,0.0,4.9,0.0,108.6
2019-02-04T00:00,62.6,1.6,61.0,8.4,407.9
2019-02-04T01:00,101.0,13.6,87.5,35.2,667.9
2019-02-04T02:00,156.2,11.2,145.0,20.4,871.0
2019-02-04T03:00,140.4,0.0,140.4,0.0,1003.4
2019-02-04T04:00,206.8,5.1,201.7,6.9,1055.9
2019-02-04T05:00,218.2,30.3,187.9,40.8,1025.1
2019-02-04T06:00,127.3,0.0,127.3,0.0,913.1
2019-02-04T07:00,134.7,25.5,109.2,43.5,727.4
2019-02-04T08:00,74.3,3.2,71.1,7.3,480.8
2019-02-04T09:00,15.7,1.1,14.6,4.7,190.0
2019-02-04T10:00,0.0,0.0,0.0,0.0,0.0
2019-02-04T11:00,0.0,0.0,0.0,0.0,0.0
2019-02-04T12:00,0.0,0.0,0.0,0.0,0.0
2019-02-04T13:00,0.0,0.0,0.0,0.0,0.0
2019-02-04T14:00,0.0,0.0,0.0,0.0,0.0
2019-02-04T15:00,0.0,0.0,0.0,0.0,0.0
2019-02-04T16:00,0.0,0.0,0.0,0.0,0.0
2019-02-04T17:00,0.0,0.0,0.0,0.0,0.0
2019-02-04T18:00,0.0,0.0,0.0,0.0,0.0
2019-02-04T19:00,0.0,0.0,0.0,0.0,0.0
2019-02-04T20:00,0.0,0.0,0.0,0.0,0.0
2019-02-04T21:00,0.0,0.0,0.0,0.0,0.0
2019-02-04T22:00,0.0,0.0,0.0,0.0,0.0
2019-02-04T23:00,4.9,0.0,4.9,0.0,111.5
2019-02-05T00:00,37.4,0.0,37.4,0.0,411.1
2019-02-05T01:00,75.1,0.0,75.1,0.0,671.5
2019-02-05T02:00,182.0,23.6,158.4,42.6,875.0
2019-02-05T03:00,182.9,12.8,170.1,18.9,1007.7
2019-02-05T04:00,245.5,34.6,210.9,46.8,1060.4
2019-02-05T05:00,376.8,124.3,252.5,166.3,1029.7
2019-02-05T06:00,275.2,44.0,231.2,63.2,917.7
2019-02-05T07:00,237.9,73.1,164.8,123.9,731.9
2019-02-05T08:00,170.9,57.8,113.1,132.6,485.0
2019-02-05T09:00,64.0,23.8,40.2,97.7,193.9
2019-02-05T10:00,0.0,0.0,0.0,0.0,0.0
2019-02-05T11:00,0.0,0.0,0.0,0.0,0.0
2019-02-05T12:00,0.0,0.0,0.0,0.0,0.0
2019-02-05T13:00,0.0,0.0,0.0,0.0,0.0
2019-02-05T14:00,0.0,0.0,0.0,0.0,0.0
2019-02-05T15:00,0.0,0.0,0.0,0.0,0.0
2019-02-05T16:00,0.0,0.0,0.0,0.0,0.0
2019-02-05T17:00,0.0,0.0,0.0,0.0,0.0
2019-02-05T18:00,0.0,0.0,0.0,0.0,0.0
2019-02-05T19:00,0.0,0.0,0.0,0.0,0.0
2019-02-05T20:00,0.0,0.0,0.0,0.0,0.0
2019-02-05T21:00,0.0,0.0,0.0,0.0,0.0
2019-02-05T22:00,0.0,0.0,0.0,0.0,0.0
2019-02-05T23:00,12.1,0.0,12.1,0.0,114.4
2019-02-06T00:00,144.4,34.2,110.2,180.1,414.4
2019-02-06T01:00,419.4,312.4,107.0,800.8,675.3
2019-02-06T02:00,599.8,483.0,116.8,868.4,879.1
2019-02-06T03:00,718.6,593.2,125.4,876.8,1012.0
2019-02-06T04:00,716.1,501.2,214.9,674.6,1064.9
2019-02-06T05:00,744.9,613.7,131.2,817.3,1034.3
2019-02-06T06:00,644.2,514.1,130.2,734.4,922.2
2019-02-06T07:00,477.9,365.9,112.0,616.6,736.3
2019-02-06T08:00,275.8,190.2,85.6,433.5,489.2
2019-02-06T09:00,91.3,55.9,35.4,227.2,197.8
2019-02-06T10:00,0.0,0.0,0.0,0.0,0.0
2019-02-06T11:00,0.0,0.0,0.0,0.0,0.0
2019-02-06T12:00,0.0,0.0,0.0,0.0,0.0
2019-02-06T13:00,0.0,0.0,0.0,0.0,0.0
2019-02-06T14:00,0.0,0.0,0.0,0.0,0.0
2019-02-06T15:00,0.0,0.0,0.0,0.0,0.0
2019-02-06T16:00,0.0,0.0,0.0,0.0,0.0
2019-02-06T17:00,0.0,0.0,0.0,0.0,0.0
2019-02-06T18:00,0.0,0.0,0.0,0.0,0.0
2019-02-06T19:00,0.0,0.0,0.0,0.0,0.0
2019-02-06T20:00,0.0,0.0,0.0,0.0,0.0
2019-02-06T21:00,0.0,0.0,0.0,0.0,0.0
2019-02-06T22:00,0.0,0.0,0.0,0.0,0.0
2019-02-06T23:00,16.9,4.8,12.1,27.4,117.4
2019-02-07T00:00,199.5,116.0,83.5,604.1,417.8
2019-02-07T01:00,409.2,298.6,110.6,760.2,679.0
2019-02-07T02:00,592.8,473.8,119.0,847.4,883.2
2019-02-07T03:00,715.3,593.1,122.2,872.5,1016.3
2019-02-07T04:00,760.9,635.6,125.3,851.7,1069.4
2019-02-07T05:00,730.3,612.8,117.5,812.3,1038.9
2019-02-07T06:00,648.1,539.5,108.6,766.9,926.8
2019-02-07T07:00,506.4,413.8,92.6,693.3,740.7
2019-02-07T08:00,315.1,243.7,71.4,551.4,493.4
2019-02-07T09:00,105.9,68.5,37.4,274.7,201.7
2019-02-07T10:00,0.0,0.0,0.0,0.0,0.0
2019-02-07T11:00,0.0,0.0,0.0,0.0,0.0
2019-02-07T12:00,0.0,0.0,0.0,0.0,0.0
2019-02-07T13:00,0.0,0.0,0.0,0.0,0.0
2019-02-07T14:00,0.0,0.0,0.0,0.0,0.0
2019-02-07T15:00,0.0,0.0,0.0,0.0,0.0
2019-02-07T16:00,0.0,0.0,0.0,0.0,0.0
2019-02-07T17:00,0.0,0.0,0.0,0.0,0.0
2019-02-07T18:00,0.0,0.0,0.0,0.0,0.0
2019-02-07T19:00,0.0,0.0,0.0,0.0,0.0
2019-02-07T20:00,0.0,0.0,0.0,0.0,0.0
2019-02-07T21:00,0.0,0.0,0.0,0.0,0.0
2019-02-07T22:00,0.0,0.0,0.0,0.0,0.0
2019-02-07T23:00,4.8,0.0,4.8,0.0,120.5
2019-02-08T00:00,55.5,1.5,53.9,7.9,421.3
2019-02-08T01:00,124.0,3.7,120.3,9.3,682.9
2019-02-08T02:00,200.9,15.7,185.2,28.0,887.3
2019-02-08T03:00,280.6,54.2,226.4,79.4,1020.7
2019-02-08T04:00,307.6,79.5,228.2,106.0,1073.9
2019-02-08T05:00,218.3,18.6,199.7,24.5,1043.4
2019-02-08T06:00,188.3,15.0,173.3,21.2,931.3
2019-02-08T07:00,206.6,20.3,186.3,33.8,745.1
2019-02-08T08:00,141.5,11.9,129.6,26.8,497.5
2019-02-08T09:00,55.7,5.2,50.4,20.7,205.5
2019-02-08T10:00,0.0,0.0,0.0,0.0,0.0
2019-02-08T11:00,0.0,0.0,0.0,0.0,0.0
2019-02-08T12:00,0.0,0.0,0.0,0.0,0.0
2019-02-08T13:00,0.0,0.0,0.0,0.0,0.0
2019-02-08T14:00,0.0,0.0,0.0,0.0,0.0
2019-02-08T15:00,0.0,0.0,0.0,0.0,0.0
2019-02-08T16:00,0.0,0.0,0.0,0.0,0.0
2019-02-08T17:00,0.0,0.0,0.0,0.0,0.0
2019-02-08T18:00,0.0,0.0,0.0,0.0,0.0
2019-02-08T19:00,0.0,0.0,0.0,0.0,0.0
2019-02-08T20:00,0.0,0.0,0.0,0.0,0.0
2019-02-08T21:00,0.0,0.0,0.0,0.0,0.0
2019-02-08T22:00,0.0,0.0,0.0,0.0,0.0
2019-02-08T23:00,7.2,0.0,7.2,0.0,123.7
2019-02-09T00:00,59.9,0.0,59.9,0.0,424.9
2019-02-09T01:00,143.5,33.1,110.4,83.1,686.8
2019-02-09T02:00,127.9,6.7,121.2,11.9,891.5
2019-02-09T03:00,113.7,7.4,106.3,10.8,1025.1
2019-02-09T04:00,110.0,2.0,108.0,2.7,1078.5
2019-02-09T05:00,128.3,0.0,128.3,0.0,1048.0
2019-02-09T06:00,96.5,0.9,95.6,1.3,935.8
2019-02-09T07:00,78.6,2.6,76.0,4.4,749.4
2019-02-09T08:00,70.1,2.4,67.7,5.3,501.6
2019-02-09T09:00,31.5,1.2,30.4,4.6,209.3
2019-02-09T10:00,0.0,0.0,0.0,0.0,0.0
2019-02-09T11:00,0.0,0.0,0.0,0.0,0.0
2019-02-09T12:00,0.0,0.0,0.0,0.0,0.0
2019-02-09T13:00,0.0,0.0,0.0,0.0,0.0
2019-02-09T14:00,0.0,0.0,0.0,0.0,0.0
2019-02-09T15:00,0.0,0.0,0.0,0.0,0.0
2019-02-09T16:00,0.0,0.0,0.0,0.0,0.0
2019-02-09T17:00,0.0,0.0,0.0,0.0,0.0
2019-02-09T18:00,0.0,0.0,0.0,0.0,0.0
2019-02-09T19:00,0.0,0.0,0.0,0.0,0.0
2019-02-09T20:00,0.0,0.0,0.0,0.0,0.0
2019-02-09T21:00,0.0,0.0,0.0,0.0,0.0
2019-02-09T22:00,0.0,0.0,0.0,0.0,0.0
2019-02-09T23:00,9.5,0.0,9.5,0.0,127.1
2019-02-10T00:00,123.8,27.5,96.3,137.9,428.7
2019-02-10T01:00,234.0,79.6,154.4,198.5,690.8
2019-02-10T02:00,273.6,58.3,215.3,102.6,895.8
2019-02-10T03:00,231.6,3.2,228.4,4.6,1029.6
2019-02-10T04:00,255.7,26.5,229.2,35.0,1083.1
2019-02-10T05:00,301.6,35.3,266.4,46.1,1052.6
2019-02-10T06:00,337.4,88.1,249.3,123.4,940.3
2019-02-10T07:00,190.9,26.5,164.4,43.7,753.7
2019-02-10T08:00,114.0,8.0,106.0,17.7,505.7
2019-02-10T09:00,54.1,8.8,45.3,34.2,213.1
2019-02-10T10:00,0.0,0.0,0.0,0.0,0.0
2019-02-10T11:00,0.0,0.0,0.0,0.0,0.0
2019-02-10T12:00,0.0,0.0,0.0,0.0,0.0
2019-02-10T13:00,0.0,0.0,0.0,0.0,0.0
2019-02-10T14:00,0.0,0.0,0.0,0.0,0.0
2019-02-10T15:00,0.0,0.0,0.0,0.0,0.0
2019-02-10T16:00,0.0,0.0,0.0,0.0,0.0
2019-02-10T17:00,0.0,0.0,0.0,0.0,0.0
2019-02-10T18:00,0.0,0.0,0.0,0.0,0.0
2019-02-10T19:00,0.0,0.0,0.0,0.0,0.0
2019-02-10T20:00,0.0,0.0,0.0,0.0,0.0
2019-02-10T21:00,0.0,0.0,0.0,0.0,0.0
2019-02-10T22:00,0.0,0.0,0.0,0.0,0.0
2019-02-10T23:00,4.7,0.0,4.7,0.0,130.6
2019-02-11T00:00,47.2,0.0,47.2,0.0,432.5
2019-02-11T01:00,119.9,6.1,113.8,15.1,695.0
2019-02-11T02:00,214.1,13.5,200.6,23.5,900.2
2019-02-11T03:00,152.9,2.1,150.8,3.1,1034.2
2019-02-11T04:00,271.9,50.9,221.0,67.0,1087.7
2019-02-11T05:00,191.9,7.8,184.1,10.2,1057.2
2019-02-11T06:00,183.8,12.2,171.6,17.0,944.8
2019-02-11T07:00,140.6,18.6,122.0,30.4,758.1
2019-02-11T08:00,134.1,24.8,109.4,54.5,509.8
2019-02-11T09:00,27.8,1.2,26.6,4.5,216.9
2019-02-11T10:00,0.0,0.0,0.0,0.0,0.0
2019-02-11T11:00,0.0,0.0,0.0,0.0,0.0
2019-02-11T12:00,0.0,0.0,0.0,0.0,0.0
2019-02-11T13:00,0.0,0.0,0.0,0.0,0.0
2019-02-11T14:00,0.0,0.0,0.0,0.0,0.0
2019-02-11T15:00,0.0,0.0,0.0,0.0,0.0
2019-02-11T16:00,0.0,0.0,0.0,0.0,0.0
2019-02-11T17:00,0.0,0.0,0.0,0.0,0.0
2019-02-11T18:00,0.0,0.0,0.0,0.0,0.0
2019-02-11T19:00,0.0,0.0,0.0,0.0,0.0
2019-02-11T20:00,0.0,0.0,0.0,0.0,0.0
2019-02-11T21:00,0.0,0.0,0.0,0.0,0.0
2019-02-11T22:00,0.0,0.0,0.0,0.0,0.0
2019-02-11T23:00,7.0,0.0,7.0,0.0,134.3
2019-02-12T00:00,75.8,7.6,68.2,37.0,436.5
2019-02-12T01:00,139.4,14.7,124.7,36.0,699.3
2019-02-12T02:00,242.0,37.0,205.0,64.3,904.7
2019-02-12T03:00,307.9,55.2,252.7,79.3,1038.8
2019-02-12T04:00,425.7,112.0,313.7,146.7,1092.4
2019-02-12T05:00,362.4,70.5,291.9,91.3,1061.9
2019-02-12T06:00,268.2,68.5,199.7,95.0,949.3
2019-02-12T07:00,261.0,58.4,202.6,95.2,762.4
2019-02-12T08:00,227.1,131.1,95.9,286.5,513.8
2019-02-12T09:00,75.7,26.2,49.5,99.4,220.6
2019-02-12T10:00,0.0,0.0,0.0,0.0,0.0
2019-02-12T11:00,0.0,0.0,0.0,0.0,0.0
2019-02-12T12:00,0.0,0.0,0.0,0.0,0.0
2019-02-12T13:00,0.0,0.0,0.0,0.0,0.0
2019-02-12T14:00,0.0,0.0,0.0,0.0,0.0
2019-02-12T15:00,0.0,0.0,0.0,0.0,0.0
2019-02-12T16:00,0.0,0.0,0.0,0.0,0.0
2019-02-12T17:00,0.0,0.0,0.0,0.0,0.0
2019-02-12T18:00,0.0,0.0,0.0,0.0,0.0
2019-02-12T19:00,0.0,0.0,0.0,0.0,0.0
2019-02-12T20:00,0.0,0.0,0.0,0.0,0.0
2019-02-12T21:00,0.0,0.0,0.0,0.0,0.0
2019-02-12T22:00,0.0,0.0,0.0,0.0,0.0
2019-02-12T23:00,7.0,0.0,7.0,0.0,138.1
2019-02-13T00:00,64.9,4.5,60.4,21.8,440.6
2019-02-13T01:00,249.1,98.9,150.2,240.9,703.6
2019-02-13T02:00,302.4,43.7,258.7,75.5,909.3
2019-02-13T03:00,275.0,34.0,241.0,48.5,1043.5
2019-02-13T04:00,266.8,16.3,250.5,21.2,1097.1
2019-02-13T05:00,287.0,28.4,258.6,36.6,1066.5
2019-02-13T06:00,203.5,13.1,190.4,18.1,953.8
2019-02-13T07:00,92.1,0.0,92.1,0.0,766.7
2019-02-13T08:00,82.5,4.0,78.5,8.7,517.8
2019-02-13T09:00,26.4,0.6,25.8,2.2,224.3
2019-02-13T10:00,0.0,0.0,0.0,0.0,0.0
2019-02-13T11:00,0.0,0.0,0.0,0.0,0.0
2019-02-13T12:00,0.0,0.0,0.0,0.0,0.0
2019-02-13T13:00,0.0,0.0,0.0,0.0,0.0
2019-02-13T14:00,0.0,0.0,0.0,0.0,0.0
2019-02-13T15:00,0.0,0.0,0.0,0.0,0.0
2019-02-13T16:00,0.0,0.0,0.0,0.0,0.0
2019-02-13T17:00,0.0,0.0,0.0,0.0,0.0
2019-02-13T18:00,0.0,0.0,0.0,0.0,0.0
2019-02-13T19:00,0.0,0.0,0.0,0.0,0.0
2019-02-13T20:00,0.0,0.0,0.0,0.0,0.0
2019-02-13T21:00,0.0,0.0,0.0,0.0,0.0
2019-02-13T22:00,0.0,0.0,0.0,0.0,0.0
2019-02-13T23:00,4.6,0.0,4.6,0.0,141.9
2019-02-14T00:00,67.6,7.5,60.1,35.6,444.8
2019-02-14T01:00,101.2,6.1,95.1,14.7,708.1
2019-02-14T02:00,190.3,23.5,166.8,40.4,913.9
2019-02-14T03:00,349.2,91.3,257.9,129.7,1048.2
2019-02-14T04:00,283.1,50.9,232.2,66.0,1101.9
2019-02-14T05:00,218.4,21.5,196.9,27.6,1071.2
2019-02-14T06:00,198.9,21.6,177.3,29.6,958.3
2019-02-14T07:00,137.3,7.1,130.2,11.4,771.0
2019-02-14T08:00,115.4,3.2,112.2,6.9,521.8
2019-02-14T09:00,39.8,3.6,36.2,13.4,228.0
2019-02-14T10:00,0.0,0.0,0.0,0.0,0.0
2019-02-14T11:00,0.0,0.0,0.0,0.0,0.0
2019-02-14T12:00,0.0,0.0,0.0,0.0,0.0
2019-02-14T13:00,0.0,0.0,0.0,0.0,0.0
2019-02-14T14:00,0.0,0.0,0.0,0.0,0.0
2019-02-14T15:00,0.0,0.0,0.0,0.0,0.0
2019-02-14T16:00,0.0,0.0,0.0,0.0,0.0
2019-02-14T17:00,0.0,0.0,0.0,0.0,0.0
2019-02-14T18:00,0.0,0.0,0.0,0.0,0.0
2019-02-14T19:00,0.0,0.0,0.0,0.0,0.0
2019-02-14T20:00,0.0,0.0,0.0,0.0,0.0
2019-02-14T21:00,0.0,0.0,0.0,0.0,0.0
2019-02-14T22:00,0.0,0.0,0.0,0.0,0.0
2019-02-14T23:00,9.3,0.0,9.3,0.0,146.0
2019-02-15T00:00,88.3,3.0,85.3,14.0,449.1
2019-02-15T01:00,140.1,6.1,134.0,14.6,712.6
2019-02-15T02:00,288.6,44.7,243.9,76.4,918.6
2019-02-15T03:00,370.3,86.0,284.4,121.5,1053.0
2019-02-15T04:00,507.1,192.4,314.6,248.4,1106.6
2019-02-15T05:00,575.0,293.9,281.1,375.3,1075.9
2019-02-15T06:00,602.4,418.5,183.9,572.1,962.8
2019-02-15T07:00,447.5,332.3,115.2,532.7,775.2
2019-02-15T08:00,280.9,191.0,89.9,409.0,525.8
2019-02-15T09:00,112.2,69.2,43.1,254.2,231.6
2019-02-15T10:00,0.0,0.0,0.0,0.0,0.0
2019-02-15T11:00,0.0,0.0,0.0,0.0,0.0
2019-02-15T12:00,0.0,0.0,0.0,0.0,0.0
2019-02-15T13:00,0.0,0.0,0.0,0.0,0.0
2019-02-15T14:00,0.0,0.0,0.0,0.0,0.0
2019-02-15T15:00,0.0,0.0,0.0,0.0,0.0
2019-02-15T16:00,0.0,0.0,0.0,0.0,0.0
2019-02-15T17:00,0.0,0.0,0.0,0.0,0.0
2019-02-15T18:00,0.0,0.0,0.0,0.0,0.0
2019-02-15T19:00,0.0,0.0,0.0,0.0,0.0
2019-02-15T20:00,0.0,0.0,0.0,0.0,0.0
2019-02-15T21:00,0.0,0.0,0.0,0.0,0.0
2019-02-15T22:00,0.0,0.0,0.0,0.0,0.0
2019-02-15T23:00,6.9,0.0,6.9,0.0,150.1
2019-02-16T00:00,32.8,0.0,32.8,0.0,453.5
2019-02-16T01:00,103.4,0.0,103.4,0.0,717.2
2019-02-16T02:00,199.0,16.8,182.2,28.5,923.3
2019-02-16T03:00,219.6,35.0,184.6,49.2,1057.8
2019-02-16T04:00,196.5,0.0,196.5,0.0,1111.4
2019-02-16T05:00,175.3,5.9,169.5,7.5,1080.5
2019-02-16T06:00,167.1,4.7,162.4,6.4,967.3
2019-02-16T07:00,133.0,5.3,127.7,8.5,779.4
2019-02-16T08:00,63.5,0.0,63.5,0.0,529.7
2019-02-16T09:00,17.7,0.0,17.7,0.0,235.2
2019-02-16T10:00,0.0,0.0,0.0,0.0,0.0
2019-02-16T11:00,0.0,0.0,0.0,0.0,0.0
2019-02-16T12:00,0.0,0.0,0.0,0.0,0.0
2019-02-16T13:00,0.0,0.0,0.0,0.0,0.0
2019-02-16T14:00,0.0,0.0,0.0,0.0,0.0
2019-02-16T15:00,0.0,0.0,0.0,0.0,0.0
2019-02-16T16:00,0.0,0.0,0.0,0.0,0.0
2019-02-16T17:00,0.0,0.0,0.0,0.0,0.0
2019-02-16T18:00,0.0,0.0,0.0,0.0,0.0
2019-02-16T19:00,0.0,0.0,0.0,0.0,0.0
2019-02-16T20:00,0.0,0.0,0.0,0.0,0.0
2019-02-16T21:00,0.0,0.0,0.0,0.0,0.0
2019-02-16T22:00,0.0,0.0,0.0,0.0,0.0
2019-02-16T23:00,9.2,0.0,9.2,0.0,154.3
2019-02-17T00:00,60.8,1.5,59.3,6.7,457.9
2019-02-17T01:00,122.7,0.0,122.7,0.0,721.9
2019-02-17T02:00,231.3,20.1,211.2,33.9,928.1
2019-02-17T03:00,259.8,27.6,232.3,38.6,1062.6
2019-02-17T04:00,231.1,16.3,214.8,20.8,1116.2
2019-02-17T05:00,263.5,21.6,242.0,27.3,1085.2
2019-02-17T06:00,192.4,1.9,190.6,2.5,971.8
2019-02-17T07:00,149.0,3.5,145.5,5.6,783.6
2019-02-17T08:00,86.1,4.0,82.1,8.5,533.6
2019-02-17T09:00,43.6,1.8,41.7,6.6,238.8
2019-02-17T10:00,0.0,0.0,0.0,0.0,0.0
2019-02-17T11:00,0.0,0.0,0.0,0.0,0.0
2019-02-17T12:00,0.0,0.0,0.0,0.0,0.0
2019-02-17T13:00,0.0,0.0,0.0,0.0,0.0
2019-02-17T14:00,0.0,0.0,0.0,0.0,0.0
2019-02-17T15:00,0.0,0.0,0.0,0.0,0.0
2019-02-17T16:00,0.0,0.0,0.0,0.0,0.0
2019-02-17T17:00,0.0,0.0,0.0,0.0,0.0
2019-02-17T18:00,0.0,0.0,0.0,0.0,0.0
2019-02-17T19:00,0.0,0.0,0.0,0.0,0.0
2019-02-17T20:00,0.0,0.0,0.0,0.0,0.0
2019-02-17T21:00,0.0,0.0,0.0,0.0,0.0
2019-02-17T22:00,0.0,0.0,0.0,0.0,0.0
2019-02-17T23:00,13.7,0.0,13.7,0.0,158.6
2019-02-18T00:00,165.4,69.4,96.0,310.7,462.5
2019-02-18T01:00,111.6,3.6,108.0,8.5,726.6
2019-02-18T02:00,246.8,65.9,180.9,110.5,932.9
2019-02-18T03:00,335.1,73.2,261.9,101.8,1067.4
2019-02-18T04:00,260.6,42.8,217.8,54.4,1120.9
2019-02-18T05:00,357.5,88.2,269.4,111.0,1089.8
2019-02-18T06:00,281.7,42.2,239.4,56.9,976.2
2019-02-18T07:00,328.3,94.9,233.4,149.8,787.8
2019-02-18T08:00,158.7,30.6,128.1,64.3,537.5
2019-02-18T09:00,58.0,6.2,51.8,22.0,242.3
2019-02-18T10:00,0.0,0.0,0.0,0.0,0.0
2019-02-18T11:00,0.0,0.0,0.0,0.0,0.0
2019-02-18T12:00,0.0,0.0,0.0,0.0,0.0
2019-02-18T13:00,0.0,0.0,0.0,0.0,0.0
2019-02-18T14:00,0.0,0.0,0.0,0.0,0.0
2019-02-18T15:00,0.0,0.0,0.0,0.0,0.0
2019-02-18T16:00,0.0,0.0,0.0,0.0,0.0
2019-02-18T17:00,0.0,0.0,0.0,0.0,0.0
2019-02-18T18:00,0.0,0.0,0.0,0.0,0.0
2019-02-18T19:00,0.0,0.0,0.0,0.0,0.0
2019-02-18T20:00,0.0,0.0,0.0,0.0,0.0
2019-02-18T21:00,0.0,0.0,0.0,0.0,0.0
2019-02-18T22:00,0.0,0.0,0.0,0.0,0.0
2019-02-18T23:00,13.6,0.0,13.6,0.0,163.0
2019-02-19T00:00,110.3,25.0,85.3,110.3,467.1
2019-02-19T01:00,288.5,95.7,192.7,222.2,731.3
2019-02-19T02:00,444.3,211.0,233.3,351.7,937.8
2019-02-19T03:00,572.4,303.2,269.2,419.7,1072.3
2019-02-19T04:00,609.6,322.6,287.0,408.5,1125.7
2019-02-19T05:00,460.4,158.7,301.7,198.9,1094.4
2019-02-19T06:00,348.4,124.0,224.4,166.2,980.6
2019-02-19T07:00,263.6,104.7,158.9,164.4,791.9
2019-02-19T08:00,188.7,85.5,103.2,178.4,541.3
2019-02-19T09:00,101.0,46.5,54.5,164.2,245.8
2019-02-19T10:00,0.0,0.0,0.0,0.0,0.0
2019-02-19T11:00,0.0,0.0,0.0,0.0,0.0
2019-02-19T12:00,0.0,0.0,0.0,0.0,0.0
2019-02-19T13:00,0.0,0.0,0.0,0.0,0.0
2019-02-19T14:00,0.0,0.0,0.0,0.0,0.0
2019-02-19T15:00,0.0,0.0,0.0,0.0,0.0
2019-02-19T16:00,0.0,0.0,0.0,0.0,0.0
2019-02-19T17:00,0.0,0.0,0.0,0.0,0.0
2019-02-19T18:00,0.0,0.0,0.0,0.0,0.0
2019-02-19T19:00,0.0,0.0,0.0,0.0,0.0
2019-02-19T20:00,0.0,0.0,0.0,0.0,0.0
2019-02-19T21:00,0.0,0.0,0.0,0.0,0.0
2019-02-19T22:00,0.0,0.0,0.0,0.0,0.0
2019-02-19T23:00,27.2,6.8,20.4,38.8,167.4
2019-02-20T00:00,171.3,61.5,109.8,267.2,471.7
2019-02-20T01:00,392.2,262.7,129.5,604.6,736.2
2019-02-20T02:00,581.2,435.1,146.1,720.8,942.6
2019-02-20T03:00,644.3,437.7,206.6,602.8,1077.1
2019-02-20T04:00,741.8,564.8,177.1,711.7,1130.5
2019-02-20T05:00,638.7,458.5,180.2,572.0,1099.0
2019-02-20T06:00,525.9,362.5,163.4,483.9,984.9
2019-02-20T07:00,381.0,251.3,129.7,392.5,796.0
2019-02-20T08:00,258.4,149.4,109.0,309.7,545.1
2019-02-20T09:00,92.2,44.9,47.3,156.9,249.3
2019-02-20T10:00,0.0,0.0,0.0,0.0,0.0
2019-02-20T11:00,0.0,0.0,0.0,0.0,0.0
2019-02-20T12:00,0.0,0.0,0.0,0.0,0.0
2019-02-20T13:00,0.0,0.0,0.0,0.0,0.0
2019-02-20T14:00,0.0,0.0,0.0,0.0,0.0
2019-02-20T15:00,0.0,0.0,0.0,0.0,0.0
2019-02-20T16:00,0.0,0.0,0.0,0.0,0.0
2019-02-20T17:00,0.0,0.0,0.0,0.0,0.0
2019-02-20T18:00,0.0,0.0,0.0,0.0,0.0
2019-02-20T19:00,0.0,0.0,0.0,0.0,0.0
2019-02-20T20:00,0.0,0.0,0.0,0.0,0.0
2019-02-20T21:00,0.0,0.0,0.0,0.0,0.0
2019-02-20T22:00,0.0,0.0,0.0,0.0,0.0
2019-02-20T23:00,11.3,0.0,11.3,0.0,171.9
2019-02-21T00:00,78.7,1.5,77.3,6.2,476.5
2019-02-21T01:00,185.0,18.1,166.8,41.4,741.0
2019-02-21T02:00,355.7,80.3,275.4,132.2,947.5
2019-02-21T03:00,265.9,28.6,237.3,39.2,1082.0
2019-02-21T04:00,360.2,62.1,298.1,77.8,1135.2
2019-02-21T05:00,345.8,68.6,277.2,85.2,1103.6
2019-02-21T06:00,333.5,92.1,241.4,122.3,989.2
2019-02-21T07:00,273.6,81.7,191.9,127.0,800.0
2019-02-21T08:00,167.3,60.6,106.7,124.9,548.8
2019-02-21T09:00,53.2,7.5,45.7,26.0,252.7
2019-02-21T10:00,0.0,0.0,0.0,0.0,0.0
2019-02-21T11:00,0.0,0.0,0.0,0.0,0.0
2019-02-21T12:00,0.0,0.0,0.0,0.0,0.0
2019-02-21T13:00,0.0,0.0,0.0,0.0,0.0
2019-02-21T14:00,0.0,0.0,0.0,0.0,0.0
2019-02-21T15:00,0.0,0.0,0.0,0.0,0.0
2019-02-21T16:00,0.0,0.0,0.0,0.0,0.0
2019-02-21T17:00,0.0,0.0,0.0,0.0,0.0
2019-02-21T18:00,0.0,0.0,0.0,0.0,0.0
2019-02-21T19:00,0.0,0.0,0.0,0.0,0.0
2019-02-21T20:00,0.0,0.0,0.0,0.0,0.0
2019-02-21T21:00,0.0,0.0,0.0,0.0,0.0
2019-02-21T22:00,0.0,0.0,0.0,0.0,0.0
2019-02-21T23:00,11.2,0.0,11.2,0.0,176.5
2019-02-22T00:00,88.6,7.3,81.3,30.6,481.2
2019-02-22T01:00,125.6,22.9,102.6,51.9,745.8
2019-02-22T02:00,95.8,0.0,95.8,0.0,952.4
2019-02-22T03:00,314.5,55.1,259.5,75.1,1086.8
2019-02-22T04:00,282.8,24.4,258.4,30.5,1139.9
2019-02-22T05:00,296.8,35.3,261.6,43.6,1108.1
2019-02-22T06:00,215.1,31.9,183.2,42.2,993.5
2019-02-22T07:00,202.6,32.9,169.8,50.8,804.0
2019-02-22T08:00,74.4,0.0,74.4,0.0,552.5
2019-02-22T09:00,23.9,0.0,23.9,0.0,256.1
2019-02-22T10:00,0.0,0.0,0.0,0.0,0.0
2019-02-22T11:00,0.0,0.0,0.0,0.0,0.0
2019-02-22T12:00,0.0,0.0,0.0,0.0,0.0
2019-02-22T13:00,0.0,0.0,0.0,0.0,0.0
2019-02-22T14:00,0.0,0.0,0.0,0.0,0.0
2019-02-22T15:00,0.0,0.0,0.0,0.0,0.0
2019-02-22T16:00,0.0,0.0,0.0,0.0,0.0
2019-02-22T17:00,0.0,0.0,0.0,0.0,0.0
2019-02-22T18:00,0.0,0.0,0.0,0.0,0.0
2019-02-22T19:00,0.0,0.0,0.0,0.0,0.0
2019-02-22T20:00,0.0,0.0,0.0,0.0,0.0
2019-02-22T21:00,0.0,0.0,0.0,0.0,0.0
2019-02-22T22:00,0.0,0.0,0.0,0.0,0.0
2019-02-22T23:00,11.2,0.0,11.2,0.0,181.2
2019-02-23T00:00,70.8,5.8,65.1,24.0,486.0
2019-02-23T01:00,297.8,120.6,177.2,270.8,750.7
2019-02-23T02:00,288.4,55.7,232.7,90.6,957.3
2019-02-23T03:00,332.5,38.1,294.3,51.7,1091.6
2019-02-23T04:00,335.7,64.1,271.6,79.6,1144.6
2019-02-23T05:00,230.2,21.6,208.7,26.5,1112.5
2019-02-23T06:00,258.4,40.4,218.0,53.2,997.7
2019-02-23T07:00,154.7,11.6,143.1,17.8,807.9
2019-02-23T08:00,108.5,5.7,102.9,11.5,556.1
2019-02-23T09:00,39.8,2.5,37.3,8.6,259.5
2019-02-23T10:00,0.0,0.0,0.0,0.0,0.0
2019-02-23T11:00,0.0,0.0,0.0,0.0,0.0
2019-02-23T12:00,0.0,0.0,0.0,0.0,0.0
2019-02-23T13:00,0.0,0.0,0.0,0.0,0.0
2019-02-23T14:00,0.0,0.0,0.0,0.0,0.0
2019-02-23T15:00,0.0,0.0,0.0,0.0,0.0
2019-02-23T16:00,0.0,0.0,0.0,0.0,0.0
2019-02-23T17:00,0.0,0.0,0.0,0.0,0.0
2019-02-23T18:00,0.0,0.0,0.0,0.0,0.0
2019-02-23T19:00,0.0,0.0,0.0,0.0,0.0
2019-02-23T20:00,0.0,0.0,0.0,0.0,0.0
2019-02-23T21:00,0.0,0.0,0.0,0.0,0.0
2019-02-23T22:00,0.0,0.0,0.0,0.0,0.0
2019-02-23T23:00,8.9,0.0,8.9,0.0,185.8
2019-02-24T00:00,34.5,0.0,34.5,0.0,490.8
2019-02-24T01:00,67.4,0.0,67.4,0.0,755.6
2019-02-24T02:00,105.7,4.5,101.3,7.2,962.2
2019-02-24T03:00,167.2,5.3,161.9,7.1,1096.4
2019-02-24T04:00,148.5,2.0,146.5,2.5,1149.2
2019-02-24T05:00,174.4,1.0,173.4,1.2,1117.0
2019-02-24T06:00,61.1,0.0,61.1,0.0,1001.9
2019-02-24T07:00,103.2,2.7,100.5,4.1,811.8
2019-02-24T08:00,53.5,0.8,52.7,1.6,559.7
2019-02-24T09:00,17.1,0.0,17.1,0.0,262.8
2019-02-24T10:00,0.0,0.0,0.0,0.0,0.0
2019-02-24T11:00,0.0,0.0,0.0,0.0,0.0
2019-02-24T12:00,0.0,0.0,0.0,0.0,0.0
2019-02-24T13:00,0.0,0.0,0.0,0.0,0.0
2019-02-24T14:00,0.0,0.0,0.0,0.0,0.0
2019-02-24T15:00,0.0,0.0,0.0,0.0,0.0
2019-02-24T16:00,0.0,0.0,0.0,0.0,0.0
2019-02-24T17:00,0.0,0.0,0.0,0.0,0.0
2019-02-24T18:00,0.0,0.0,0.0,0.0,0.0
2019-02-24T19:00,0.0,0.0,0.0,0.0,0.0
2019-02-24T20:00,0.0,0.0,0.0,0.0,0.0
2019-02-24T21:00,0.0,0.0,0.0,0.0,0.0
2019-02-24T22:00,0.0,0.0,0.0,0.0,0.0
2019-02-24T23:00,11.1,0.0,11.1,0.0,190.6
2019-02-25T00:00,70.2,0.0,70.2,0.0,495.7
2019-02-25T01:00,138.3,0.0,138.3,0.0,760.5
2019-02-25T02:00,185.8,22.2,163.5,35.7,967.0
2019-02-25T03:00,184.1,24.3,159.8,32.7,1101.2
2019-02-25T04:00,275.6,16.3,259.3,20.0,1153.8
2019-02-25T05:00,250.8,31.3,219.4,38.2,1121.3
2019-02-25T06:00,218.0,32.9,185.1,42.9,1006.0
2019-02-25T07:00,147.7,8.0,139.7,12.2,815.6
2019-02-25T08:00,115.2,6.5,108.8,13.1,563.3
2019-02-25T09:00,44.0,0.0,44.0,0.0,266.1
2019-02-25T10:00,0.0,0.0,0.0,0.0,0.0
2019-02-25T11:00,0.0,0.0,0.0,0.0,0.0
2019-02-25T12:00,0.0,0.0,0.0,0.0,0.0
2019-02-25T13:00,0.0,0.0,0.0,0.0,0.0
2019-02-25T14:00,0.0,0.0,0.0,0.0,0.0
2019-02-25T15:00,0.0,0.0,0.0,0.0,0.0
2019-02-25T16:00,0.0,0.0,0.0,0.0,0.0
2019-02-25T17:00,0.0,0.0,0.0,0.0,0.0
2019-02-25T18:00,0.0,0.0,0.0,0.0,0.0
2019-02-25T19:00,0.0,0.0,0.0,0.0,0.0
2019-02-25T20:00,0.0,0.0,0.0,0.0,0.0
2019-02-25T21:00,0.0,0.0,0.0,0.0,0.0
2019-02-25T22:00,0.0,0.0,0.0,0.0,0.0
2019-02-25T23:00,17.8,0.0,17.8,0.0,195.3
2019-02-26T00:00,114.2,25.7,88.5,102.4,500.5
2019-02-26T01:00,224.6,50.4,174.2,110.5,765.4
2019-02-26T02:00,376.9,173.4,203.4,277.0,971.9
2019-02-26T03:00,309.9,71.9,238.0,96.1,1105.9
2019-02-26T04:00,194.2,12.2,182.0,15.0,1158.3
2019-02-26T05:00,289.0,31.3,257.6,38.1,1125.6
2019-02-26T06:00,327.1,81.8,245.3,106.2,1010.0
2019-02-26T07:00,274.1,43.6,230.5,66.1,819.4
2019-02-26T08:00,179.5,39.0,140.5,78.0,566.7
2019-02-26T09:00,64.6,14.1,50.5,46.7,269.3
2019-02-26T10:00,0.0,0.0,0.0,0.0,0.0
2019-02-26T11:00,0.0,0.0,0.0,0.0,0.0
2019-02-26T12:00,0.0,0.0,0.0,0.0,0.0
2019-02-26T13:00,0.0,0.0,0.0,0.0,0.0
2019-02-26T14:00,0.0,0.0,0.0,0.0,0.0
2019-02-26T15:00,0.0,0.0,0.0,0.0,0.0
2019-02-26T16:00,0.0,0.0,0.0,0.0,0.0
2019-02-26T17:00,0.0,0.0,0.0,0.0,0.0
2019-02-26T18:00,0.0,0.0,0.0,0.0,0.0
2019-02-26T19:00,0.0,0.0,0.0,0.0,0.0
2019-02-26T20:00,0.0,0.0,0.0,0.0,0.0
2019-02-26T21:00,0.0,0.0,0.0,0.0,0.0
2019-02-26T22:00,0.0,0.0,0.0,0.0,0.0
2019-02-26T23:00,17.7,0.0,17.7,0.0,200.1
2019-02-27T00:00,126.6,34.1,92.4,134.0,505.4
2019-02-27T01:00,233.9,68.4,165.5,148.6,770.3
2019-02-27T02:00,476.6,220.0,256.6,349.2,976.7
2019-02-27T03:00,492.8,241.1,251.7,320.4,1110.6
2019-02-27T04:00,504.2,213.5,290.7,260.5,1162.8
2019-02-27T05:00,652.3,373.2,279.2,451.5,1129.9
2019-02-27T06:00,545.2,324.3,220.9,419.6,1014.0
2019-02-27T07:00,432.7,239.5,193.2,361.6,823.1
2019-02-27T08:00,282.2,166.7,115.5,331.7,570.2
2019-02-27T09:00,112.4,50.7,61.6,166.8,272.5
2019-02-27T10:00,0.0,0.0,0.0,0.0,0.0
2019-02-27T11:00,0.0,0.0,0.0,0.0,0.0
2019-02-27T12:00,0.0,0.0,0.0,0.0,0.0
2019-02-27T13:00,0.0,0.0,0.0,0.0,0.0
2019-02-27T14:00,0.0,0.0,0.0,0.0,0.0
2019-02-27T15:00,0.0,0.0,0.0,0.0,0.0
2019-02-27T16:00,0.0,0.0,0.0,0.0,0.0
2019-02-27T17:00,0.0,0.0,0.0,0.0,0.0
2019-02-27T18:00,0.0,0.0,0.0,0.0,0.0
2019-02-27T19:00,0.0,0.0,0.0,0.0,0.0
2019-02-27T20:00,0.0,0.0,0.0,0.0,0.0
2019-02-27T21:00,0.0,0.0,0.0,0.0,0.0
2019-02-27T22:00,0.0,0.0,0.0,0.0,0.0
2019-02-27T23:00,11.0,0.0,11.0,0.0,204.9
2019-02-28T00:00,82.2,14.2,68.0,54.9,510.2
2019-02-28T01:00,214.5,27.6,186.9,59.4,775.1
2019-02-28T02:00,305.3,58.8,246.5,92.9,981.5
2019-02-28T03:00,266.4,7.4,259.0,9.8,1115.2
2019-02-28T04:00,273.4,64.0,209.4,77.8,1167.3
2019-02-28T05:00,276.2,27.4,248.8,33.0,1134.1
2019-02-28T06:00,251.0,35.7,215.3,46.0,1017.9
2019-02-28T07:00,177.2,25.8,151.4,38.8,826.7
2019-02-28T08:00,89.5,0.0,89.5,0.0,573.6
2019-02-28T09:00,43.8,0.0,43.8,0.0,275.6
2019-02-28T10:00,0.0,0.0,0.0,0.0,0.0
2019-02-28T11:00,0.0,0.0,0.0,0.0,0.0
2019-02-28T12:00,0.0,0.0,0.0,0.0,0.0
2019-02-28T13:00,0.0,0.0,0.0,0.0,0.0
2019-02-28T14:00,0.0,0.0,0.0,0.0,0.0
2019-02-28T15:00,0.0,0.0,0.0,0.0,0.0
2019-02-28T16:00,0.0,0.0,0.0,0.0,0.0
2019-02-28T17:00,0.0,0.0,0.0,0.0,0.0
2019-02-28T18:00,0.0,0.0,0.0,0.0,0.0
2019-02-28T19:00,0.0,0.0,0.0,0.0,0.0
2019-02-28T20:00,0.0,0.0,0.0,0.0,0.0
2019-02-28T21:00,0.0,0.0,0.0,0.0,0.0
2019-02-28T22:00,0.0,0.0,0.0,0.0,0.0
2019-02-28T23:00,15.4,0.0,15.4,0.0,209.7
2019-03-01T00:00,118.5,8.5,110.1,32.3,515.1
2019-03-01T01:00,268.0,85.0,183.1,181.7,780.0
2019-03-01T02:00,287.4,32.2,255.2,50.5,986.2
2019-03-01T03:00,365.7,86.7,279.0,114.0,1119.8
2019-03-01T04:00,368.9,76.2,292.7,92.2,1171.7
2019-03-01T05:00,240.0,22.5,217.4,27.0,1138.2
2019-03-01T06:00,382.7,91.2,291.5,117.0,1021.8
2019-03-01T07:00,307.4,90.9,216.5,136.0,830.3
2019-03-01T08:00,137.7,8.1,129.5,16.0,576.9
2019-03-01T09:00,58.9,4.5,54.3,14.7,278.7
2019-03-01T10:00,0.0,0.0,0.0,0.0,0.0
2019-03-01T11:00,0.0,0.0,0.0,0.0,0.0
2019-03-01T12:00,0.0,0.0,0.0,0.0,0.0
2019-03-01T13:00,0.0,0.0,0.0,0.0,0.0
2019-03-01T14:00,0.0,0.0,0.0,0.0,0.0
2019-03-01T15:00,0.0,0.0,0.0,0.0,0.0
2019-03-01T16:00,0.0,0.0,0.0,0.0,0.0
2019-03-01T17:00,0.0,0.0,0.0,0.0,0.0
2019-03-01T18:00,0.0,0.0,0.0,0.0,0.0
2019-03-01T19:00,0.0,0.0,0.0,0.0,0.0
2019-03-01T20:00,0.0,0.0,0.0,0.0,0.0
2019-03-01T21:00,0.0,0.0,0.0,0.0,0.0
2019-03-01T22:00,0.0,0.0,0.0,0.0,0.0
2019-03-01T23:00,28.6,6.6,22.0,35.9,214.7
2019-03-02T00:00,146.2,49.2,97.0,185.3,520.1
2019-03-02T01:00,253.3,64.5,188.8,136.9,784.9
2019-03-02T02:00,451.4,208.5,242.9,325.1,991.1
2019-03-02T03:00,673.0,479.6,193.3,628.0,1124.5
2019-03-02T04:00,746.8,558.9,188.0,672.9,1176.1
2019-03-02T05:00,656.2,459.3,196.9,548.8,1142.3
2019-03-02T06:00,590.5,408.1,182.4,521.4,1025.6
2019-03-02T07:00,427.8,284.3,143.5,423.5,833.9
2019-03-02T08:00,238.9,132.9,106.0,260.2,580.1
2019-03-02T09:00,76.0,24.7,51.3,79.2,281.8
2019-03-02T10:00,0.0,0.0,0.0,0.0,0.0
2019-03-02T11:00,0.0,0.0,0.0,0.0,0.0
2019-03-02T12:00,0.0,0.0,0.0,0.0,0.0
2019-03-02T13:00,0.0,0.0,0.0,0.0,0.0
2019-03-02T14:00,0.0,0.0,0.0,0.0,0.0
2019-03-02T15:00,0.0,0.0,0.0,0.0,0.0
2019-03-02T16:00,0.0,0.0,0.0,0.0,0.0
2019-03-02T17:00,0.0,0.0,0.0,0.0,0.0
2019-03-02T18:00,0.0,0.0,0.0,0.0,0.0
2019-03-02T19:00,0.0,0.0,0.0,0.0,0.0
2019-03-02T20:00,0.0,0.0,0.0,0.0,0.0
2019-03-02T21:00,0.0,0.0,0.0,0.0,0.0
2019-03-02T22:00,0.0,0.0,0.0,0.0,0.0
2019-03-02T23:00,15.3,2.2,13.1,11.9,219.7
2019-03-03T00:00,114.8,37.8,77.0,140.4,525.2
2019-03-03T01:00,169.5,51.3,118.2,108.0,789.9
2019-03-03T02:00,179.5,32.1,147.4,49.8,995.9
2019-03-03T03:00,144.7,8.4,136.2,11.0,1129.1
2019-03-03T04:00,157.5,32.5,125.0,39.0,1180.4
2019-03-03T05:00,120.5,5.9,114.6,7.0,1146.4
2019-03-03T06:00,138.2,12.2,126.0,15.6,1029.4
2019-03-03T07:00,101.6,0.0,101.6,0.0,837.4
2019-03-03T08:00,45.7,0.0,45.7,0.0,583.4
2019-03-03T09:00,26.1,0.7,25.4,2.1,284.8
2019-03-03T10:00,0.0,0.0,0.0,0.0,0.0
2019-03-03T11:00,0.0,0.0,0.0,0.0,0.0
2019-03-03T12:00,0.0,0.0,0.0,0.0,0.0
2019-03-03T13:00,0.0,0.0,0.0,0.0,0.0
2019-03-03T14:00,0.0,0.0,0.0,0.0,0.0
2019-03-03T15:00,0.0,0.0,0.0,0.0,0.0
2019-03-03T16:00,0.0,0.0,0.0,0.0,0.0
2019-03-03T17:00,0.0,0.0,0.0,0.0,0.0
2019-03-03T18:00,0.0,0.0,0.0,0.0,0.0
2019-03-03T19:00,0.0,0.0,0.0,0.0,0.0
2019-03-03T20:00,0.0,0.0,0.0,0.0,0.0
2019-03-03T21:00,0.0,0.0,0.0,0.0,0.0
2019-03-03T22:00,0.0,0.0,0.0,0.0,0.0
2019-03-03T23:00,39.3,8.7,30.6,47.0,224.9
2019-03-04T00:00,114.4,7.0,107.4,25.5,530.3
2019-03-04T01:00,292.0,118.0,174.0,246.3,795.0
2019-03-04T02:00,330.1,64.2,265.8,99.0,1000.8
2019-03-04T03:00,339.9,76.0,263.9,98.5,1133.7
2019-03-04T04:00,364.7,48.8,315.9,58.2,1184.8
2019-03-04T05:00,531.7,163.5,368.2,193.8,1150.5
2019-03-04T06:00,473.0,153.3,319.8,194.3,1033.1
2019-03-04T07:00,445.0,251.5,193.5,371.3,840.8
2019-03-04T08:00,331.6,213.1,118.4,413.1,586.5
2019-03-04T09:00,131.4,59.5,71.9,188.2,287.7
2019-03-04T10:00,0.0,0.0,0.0,0.0,0.0
2019-03-04T11:00,0.0,0.0,0.0,0.0,0.0
2019-03-04T12:00,0.0,0.0,0.0,0.0,0.0
2019-03-04T13:00,0.0,0.0,0.0,0.0,0.0
2019-03-04T14:00,0.0,0.0,0.0,0.0,0.0
2019-03-04T15:00,0.0,0.0,0.0,0.0,0.0
2019-03-04T16:00,0.0,0.0,0.0,0.0,0.0
2019-03-04T17:00,0.0,0.0,0.0,0.0,0.0
2019-03-04T18:00,0.0,0.0,0.0,0.0,0.0
2019-03-04T19:00,0.0,0.0,0.0,0.0,0.0
2019-03-04T20:00,0.0,0.0,0.0,0.0,0.0
2019-03-04T21:00,0.0,0.0,0.0,0.0,0.0
2019-03-04T22:00,0.0,0.0,0.0,0.0,0.0
2019-03-04T23:00,37.1,2.2,34.9,11.6,230.1
2019-03-05T00:00,155.6,29.2,126.4,105.3,535.5
2019-03-05T01:00,233.3,25.0,208.3,51.8,800.0
2019-03-05T02:00,316.6,39.8,276.7,61.0,1005.6
2019-03-05T03:00,420.0,108.7,311.3,140.2,1138.4
2019-03-05T04:00,770.8,579.9,190.9,689.2,1189.1
2019-03-05T05:00,475.9,131.2,344.7,154.9,1154.5
2019-03-05T06:00,592.5,381.8,210.7,482.0,1036.8
2019-03-05T07:00,529.0,404.1,124.9,594.1,844.2
2019-03-05T08:00,342.4,245.2,97.3,472.9,589.6
2019-03-05T09:00,124.6,68.9,55.8,216.3,290.6
2019-03-05T10:00,0.0,0.0,0.0,0.0,0.0
2019-03-05T11:00,0.0,0.0,0.0,0.0,0.0
2019-03-05T12:00,0.0,0.0,0.0,0.0,0.0
2019-03-05T13:00,0.0,0.0,0.0,0.0,0.0
2019-03-05T14:00,0.0,0.0,0.0,0.0,0.0
2019-03-05T15:00,0.0,0.0,0.0,0.0,0.0
2019-03-05T16:00,0.0,0.0,0.0,0.0,0.0
2019-03-05T17:00,0.0,0.0,0.0,0.0,0.0
2019-03-05T18:00,0.0,0.0,0.0,0.0,0.0
2019-03-05T19:00,0.0,0.0,0.0,0.0,0.0
2019-03-05T20:00,0.0,0.0,0.0,0.0,0.0
2019-03-05T21:00,0.0,0.0,0.0,0.0,0.0
2019-03-05T22:00,0.0,0.0,0.0,0.0,0.0
2019-03-05T23:00,43.5,13.1,30.5,69.2,235.3
2019-03-06T00:00,186.8,77.5,109.3,275.9,540.7
2019-03-06T01:00,416.1,244.9,171.2,503.0,805.1
2019-03-06T02:00,643.8,492.3,151.6,749.5,1010.5
2019-03-06T03:00,621.4,372.4,249.0,478.1,1143.0
2019-03-06T04:00,397.0,55.8,341.2,66.1,1193.4
2019-03-06T05:00,396.6,148.8,247.7,175.0,1158.4
2019-03-06T06:00,230.4,3.8,226.7,4.7,1040.4
2019-03-06T07:00,174.0,10.7,163.3,15.7,847.5
2019-03-06T08:00,83.4,2.5,81.0,4.7,592.7
2019-03-06T09:00,27.6,0.0,27.6,0.0,293.5
2019-03-06T10:00,0.0,0.0,0.0,0.0,0.0
2019-03-06T11:00,0.0,0.0,0.0,0.0,0.0
2019-03-06T12:00,0.0,0.0,0.0,0.0,0.0
2019-03-06T13:00,0.0,0.0,0.0,0.0,0.0
2019-03-06T14:00,0.0,0.0,0.0,0.0,0.0
2019-03-06T15:00,0.0,0.0,0.0,0.0,0.0
2019-03-06T16:00,0.0,0.0,0.0,0.0,0.0
2019-03-06T17:00,0.0,0.0,0.0,0.0,0.0
2019-03-06T18:00,0.0,0.0,0.0,0.0,0.0
2019-03-06T19:00,0.0,0.0,0.0,0.0,0.0
2019-03-06T20:00,0.0,0.0,0.0,0.0,0.0
2019-03-06T21:00,0.0,0.0,0.0,0.0,0.0
2019-03-06T22:00,0.0,0.0,0.0,0.0,0.0
2019-03-06T23:00,10.9,0.0,10.9,0.0,240.7
2019-03-07T00:00,51.0,2.8,48.3,9.7,546.0
2019-03-07T01:00,72.4,0.0,72.4,0.0,810.2
2019-03-07T02:00,82.9,1.1,81.8,1.7,1015.4
2019-03-07T03:00,127.6,1.1,126.6,1.3,1147.6
2019-03-07T04:00,142.1,4.1,138.1,4.8,1197.7
2019-03-07T05:00,111.6,0.0,111.6,0.0,1162.4
2019-03-07T06:00,98.8,0.0,98.8,0.0,1044.0
2019-03-07T07:00,71.4,0.9,70.5,1.3,850.7
2019-03-07T08:00,52.4,0.8,51.6,1.6,595.7
2019-03-07T09:00,19.8,0.0,19.8,0.0,296.3
2019-03-07T10:00,0.0,0.0,0.0,0.0,0.0
2019-03-07T11:00,0.0,0.0,0.0,0.0,0.0
2019-03-07T12:00,0.0,0.0,0.0,0.0,0.0
2019-03-07T13:00,0.0,0.0,0.0,0.0,0.0
2019-03-07T14:00,0.0,0.0,0.0,0.0,0.0
2019-03-07T15:00,0.0,0.0,0.0,0.0,0.0
2019-03-07T16:00,0.0,0.0,0.0,0.0,0.0
2019-03-07T17:00,0.0,0.0,0.0,0.0,0.0
2019-03-07T18:00,0.0,0.0,0.0,0.0,0.0
2019-03-07T19:00,0.0,0.0,0.0,0.0,0.0
2019-03-07T20:00,0.0,0.0,0.0,0.0,0.0
2019-03-07T21:00,0.0,0.0,0.0,0.0,0.0
2019-03-07T22:00,0.0,0.0,0.0,0.0,0.0
2019-03-07T23:00,4.3,0.0,4.3,0.0,246.1
2019-03-08T00:00,39.8,1.4,38.5,4.8,551.3
2019-03-08T01:00,97.2,8.3,88.9,16.8,815.3
2019-03-08T02:00,121.5,6.6,114.9,10.0,1020.3
2019-03-08T03:00,103.3,3.2,100.2,4.0,1152.1
2019-03-08T04:00,185.7,5.1,180.7,6.0,1201.9
2019-03-08T05:00,161.5,26.4,135.1,30.8,1166.2
2019-03-08T06:00,119.5,5.6,113.8,7.0,1047.5
2019-03-08T07:00,151.8,16.1,135.7,23.3,853.9
2019-03-08T08:00,116.3,31.9,84.4,60.7,598.6
2019-03-08T09:00,46.3,2.0,44.4,6.1,299.1
2019-03-08T10:00,0.0,0.0,0.0,0.0,0.0
2019-03-08T11:00,0.0,0.0,0.0,0.0,0.0
2019-03-08T12:00,0.0,0.0,0.0,0.0,0.0
2019-03-08T13:00,0.0,0.0,0.0,0.0,0.0
2019-03-08T14:00,0.0,0.0,0.0,0.0,0.0
2019-03-08T15:00,0.0,0.0,0.0,0.0,0.0
2019-03-08T16:00,0.0,0.0,0.0,0.0,0.0
2019-03-08T17:00,0.0,0.0,0.0,0.0,0.0
2019-03-08T18:00,0.0,0.0,0.0,0.0,0.0
2019-03-08T19:00,0.0,0.0,0.0,0.0,0.0
2019-03-08T20:00,0.0,0.0,0.0,0.0,0.0
2019-03-08T21:00,0.0,0.0,0.0,0.0,0.0
2019-03-08T22:00,0.0,0.0,0.0,0.0,0.0
2019-03-08T23:00,6.5,0.0,6.5,0.0,251.5
2019-03-09T00:00,23.3,0.0,23.3,0.0,556.6
2019-03-09T01:00,46.2,7.1,39.1,14.2,820.5
2019-03-09T02:00,53.0,3.3,49.7,5.0,1025.1
2019-03-09T03:00,71.7,2.1,69.6,2.7,1156.6
2019-03-09T04:00,274.0,59.9,214.1,70.0,1206.1
2019-03-09T05:00,434.6,148.8,285.8,172.9,1170.0
2019-03-09T06:00,423.3,179.7,243.6,223.3,1051.0
2019-03-09T07:00,169.7,27.7,142.0,40.0,857.1
2019-03-09T08:00,85.3,1.6,83.6,3.1,601.5
2019-03-09T09:00,21.9,2.0,19.9,6.1,301.8
2019-03-09T10:00,0.0,0.0,0.0,0.0,0.0
2019-03-09T11:00,0.0,0.0,0.0,0.0,0.0
2019-03-09T12:00,0.0,0.0,0.0,0.0,0.0
2019-03-09T13:00,0.0,0.0,0.0,0.0,0.0
2019-03-09T14:00,0.0,0.0,0.0,0.0,0.0
2019-03-09T15:00,0.0,0.0,0.0,0.0,0.0
2019-03-09T16:00,0.0,0.0,0.0,0.0,0.0
2019-03-09T17:00,0.0,0.0,0.0,0.0,0.0
2019-03-09T18:00,0.0,0.0,0.0,0.0,0.0
2019-03-09T19:00,0.0,0.0,0.0,0.0,0.0
2019-03-09T20:00,0.0,0.0,0.0,0.0,0.0
2019-03-09T21:00,0.0,0.0,0.0,0.0,0.0
2019-03-09T22:00,0.0,0.0,0.0,0.0,0.0
2019-03-09T23:00,19.4,0.0,19.4,0.0,256.9
2019-03-10T00:00,50.4,1.4,49.1,4.6,561.9
2019-03-10T01:00,139.5,8.3,131.3,16.5,825.6
2019-03-10T02:00,227.3,34.2,193.1,50.9,1029.9
2019-03-10T03:00,326.6,44.2,282.3,55.7,1161.1
2019-03-10T04:00,268.9,65.9,202.9,76.7,1210.2
2019-03-10T05:00,180.1,3.9,176.2,4.5,1173.7
2019-03-10T06:00,123.2,0.0,123.2,0.0,1054.4
2019-03-10T07:00,258.1,42.0,216.1,60.5,860.1
2019-03-10T08:00,76.3,1.6,74.6,3.1,604.4
2019-03-10T09:00,37.9,0.7,37.3,2.0,304.5
2019-03-10T10:00,0.0,0.0,0.0,0.0,0.0
2019-03-10T11:00,0.0,0.0,0.0,0.0,0.0
2019-03-10T12:00,0.0,0.0,0.0,0.0,0.0
2019-03-10T13:00,0.0,0.0,0.0,0.0,0.0
2019-03-10T14:00,0.0,0.0,0.0,0.0,0.0
2019-03-10T15:00,0.0,0.0,0.0,0.0,0.0
2019-03-10T16:00,0.0,0.0,0.0,0.0,0.0
2019-03-10T17:00,0.0,0.0,0.0,0.0,0.0
2019-03-10T18:00,0.0,0.0,0.0,0.0,0.0
2019-03-10T19:00,0.0,0.0,0.0,0.0,0.0
2019-03-10T20:00,0.0,0.0,0.0,0.0,0.0
2019-03-10T21:00,0.0,0.0,0.0,0.0,0.0
2019-03-10T22:00,0.0,0.0,0.0,0.0,0.0
2019-03-10T23:00,23.7,2.2,21.5,11.0,262.4
2019-03-11T00:00,118.2,35.3,82.9,117.4,567.2
2019-03-11T01:00,215.0,69.7,145.3,137.5,830.7
2019-03-11T02:00,272.4,82.7,189.7,122.3,1034.7
2019-03-11T03:00,329.6,100.0,229.6,125.4,1165.6
2019-03-11T04:00,287.1,83.2,203.9,96.4,1214.2
2019-03-11T05:00,349.4,92.0,257.4,106.1,1177.4
2019-03-11T06:00,291.6,80.0,211.7,98.7,1057.7
2019-03-11T07:00,331.4,167.9,163.5,241.1,863.2
2019-03-11T08:00,254.5,123.1,131.3,230.9,607.2
2019-03-11T09:00,116.8,53.4,63.4,161.0,307.1
2019-03-11T10:00,0.0,0.0,0.0,0.0,0.0
2019-03-11T11:00,0.0,0.0,0.0,0.0,0.0
2019-03-11T12:00,0.0,0.0,0.0,0.0,0.0
2019-03-11T13:00,0.0,0.0,0.0,0.0,0.0
2019-03-11T14:00,0.0,0.0,0.0,0.0,0.0
2019-03-11T15:00,0.0,0.0,0.0,0.0,0.0
2019-03-11T16:00,0.0,0.0,0.0,0.0,0.0
2019-03-11T17:00,0.0,0.0,0.0,0.0,0.0
2019-03-11T18:00,0.0,0.0,0.0,0.0,0.0
2019-03-11T19:00,0.0,0.0,0.0,0.0,0.0
2019-03-11T20:00,0.0,0.0,0.0,0.0,0.0
2019-03-11T21:00,0.0,0.0,0.0,0.0,0.0
2019-03-11T22:00,0.0,0.0,0.0,0.0,0.0
2019-03-11T23:00,88.2,40.9,47.3,207.0,267.9
2019-03-12T00:00,300.5,194.9,105.6,639.1,572.5
2019-03-12T01:00,515.5,385.7,129.8,754.9,835.7
2019-03-12T02:00,699.7,555.4,144.4,816.4,1039.5
2019-03-12T03:00,824.3,674.8,149.5,841.9,1169.9
2019-03-12T04:00,873.2,725.1,148.1,837.0,1218.2
2019-03-12T05:00,848.5,704.6,143.9,809.5,1181.0
2019-03-12T06:00,746.0,612.5,133.6,753.0,1060.9
2019-03-12T07:00,583.5,464.6,118.8,664.6,866.1
2019-03-12T08:00,381.1,288.3,92.8,538.3,609.9
2019-03-12T09:00,167.3,112.5,54.9,336.9,309.7
2019-03-12T10:00,0.0,0.0,0.0,0.0,0.0
2019-03-12T11:00,0.0,0.0,0.0,0.0,0.0
2019-03-12T12:00,0.0,0.0,0.0,0.0,0.0
2019-03-12T13:00,0.0,0.0,0.0,0.0,0.0
2019-03-12T14:00,0.0,0.0,0.0,0.0,0.0
2019-03-12T15:00,0.0,0.0,0.0,0.0,0.0
2019-03-12T16:00,0.0,0.0,0.0,0.0,0.0
2019-03-12T17:00,0.0,0.0,0.0,0.0,0.0
2019-03-12T18:00,0.0,0.0,0.0,0.0,0.0
2019-03-12T19:00,0.0,0.0,0.0,0.0,0.0
2019-03-12T20:00,0.0,0.0,0.0,0.0,0.0
2019-03-12T21:00,0.0,0.0,0.0,0.0,0.0
2019-03-12T22:00,0.0,0.0,0.0,0.0,0.0
2019-03-12T23:00,81.6,32.2,49.4,161.8,273.4
2019-03-13T00:00,226.6,112.0,114.7,362.3,577.9
2019-03-13T01:00,386.4,208.5,177.9,404.9,840.8
2019-03-13T02:00,632.1,435.0,197.1,635.8,1044.2
2019-03-13T03:00,773.5,597.7,175.7,742.3,1174.3
2019-03-13T04:00,819.2,640.8,178.5,736.7,1222.1
2019-03-13T05:00,746.6,503.0,243.7,575.8,1184.6
2019-03-13T06:00,629.4,433.7,195.7,531.4,1064.1
2019-03-13T07:00,273.5,98.3,175.2,140.1,869.0
2019-03-13T08:00,194.0,91.2,102.7,169.6,612.6
2019-03-13T09:00,126.2,64.4,61.7,191.9,312.3
2019-03-13T10:00,0.0,0.0,0.0,0.0,0.0
2019-03-13T11:00,0.0,0.0,0.0,0.0,0.0
2019-03-13T12:00,0.0,0.0,0.0,0.0,0.0
2019-03-13T13:00,0.0,0.0,0.0,0.0,0.0
2019-03-13T14:00,0.0,0.0,0.0,0.0,0.0
2019-03-13T15:00,0.0,0.0,0.0,0.0,0.0
2019-03-13T16:00,0.0,0.0,0.0,0.0,0.0
2019-03-13T17:00,0.0,0.0,0.0,0.0,0.0
2019-03-13T18:00,0.0,0.0,0.0,0.0,0.0
2019-03-13T19:00,0.0,0.0,0.0,0.0,0.0
2019-03-13T20:00,0.0,0.0,0.0,0.0,0.0
2019-03-13T21:00,0.0,0.0,0.0,0.0,0.0
2019-03-13T22:00,0.0,0.0,0.0,0.0,0.0
2019-03-13T23:00,81.4,32.1,49.3,160.3,278.9
2019-03-14T00:00,264.8,156.0,108.9,498.0,583.1
2019-03-14T01:00,447.1,294.1,153.0,566.8,845.8
2019-03-14T02:00,615.2,451.2,164.0,655.8,1048.8
2019-03-14T03:00,631.2,418.7,212.5,517.6,1178.5
2019-03-14T04:00,573.8,315.3,258.5,361.0,1226.0
2019-03-14T05:00,548.9,327.8,221.1,373.9,1188.0
2019-03-14T06:00,509.9,334.0,175.9,407.8,1067.2
2019-03-14T07:00,400.5,228.8,171.6,324.9,871.9
2019-03-14T08:00,305.1,166.1,139.0,307.6,615.2
2019-03-14T09:00,113.0,47.8,65.3,141.4,314.9
2019-03-14T10:00,0.0,0.0,0.0,0.0,0.0
2019-03-14T11:00,0.0,0.0,0.0,0.0,0.0
2019-03-14T12:00,0.0,0.0,0.0,0.0,0.0
2019-03-14T13:00,0.0,0.0,0.0,0.0,0.0
2019-03-14T14:00,0.0,0.0,0.0,0.0,0.0
2019-03-14T15:00,0.0,0.0,0.0,0.0,0.0
2019-03-14T16:00,0.0,0.0,0.0,0.0,0.0
2019-03-14T17:00,0.0,0.0,0.0,0.0,0.0
2019-03-14T18:00,0.0,0.0,0.0,0.0,0.0
2019-03-14T19:00,0.0,0.0,0.0,0.0,0.0
2019-03-14T20:00,0.0,0.0,0.0,0.0,0.0
2019-03-14T21:00,0.0,0.0,0.0,0.0,0.0
2019-03-14T22:00,0.0,0.0,0.0,0.0,0.0
2019-03-14T23:00,30.0,0.0,30.0,0.0,284.3
2019-03-15T00:00,135.3,20.1,115.2,63.4,588.4
2019-03-15T01:00,400.7,219.7,181.0,420.2,850.7
2019-03-15T02:00,433.3,162.8,270.6,235.3,1053.4
2019-03-15T03:00,383.8,98.8,285.0,121.7,1182.7
2019-03-15T04:00,432.8,139.9,292.9,159.6,1229.8
2019-03-15T05:00,374.7,130.1,244.6,147.9,1191.4
2019-03-15T06:00,504.3,271.9,232.4,330.9,1070.3
2019-03-15T07:00,446.1,236.9,209.2,335.3,874.6
2019-03-15T08:00,291.3,129.2,162.1,238.2,617.8
2019-03-15T09:00,120.7,42.5,78.3,125.0,317.4
2019-03-15T10:00,0.0,0.0,0.0,0.0,0.0
2019-03-15T11:00,0.0,0.0,0.0,0.0,0.0
2019-03-15T12:00,0.0,0.0,0.0,0.0,0.0
2019-03-15T13:00,0.0,0.0,0.0,0.0,0.0
2019-03-15T14:00,0.0,0.0,0.0,0.0,0.0
2019-03-15T15:00,0.0,0.0,0.0,0.0,0.0
2019-03-15T16:00,0.0,0.0,0.0,0.0,0.0
2019-03-15T17:00,0.0,0.0,0.0,0.0,0.0
2019-03-15T18:00,0.0,0.0,0.0,0.0,0.0
2019-03-15T19:00,0.0,0.0,0.0,0.0,0.0
2019-03-15T20:00,0.0,0.0,0.0,0.0,0.0
2019-03-15T21:00,0.0,0.0,0.0,0.0,0.0
2019-03-15T22:00,0.0,0.0,0.0,0.0,0.0
2019-03-15T23:00,27.8,2.1,25.6,10.5,289.8
2019-03-16T00:00,129.6,36.1,93.5,112.3,593.6
2019-03-16T01:00,466.0,318.1,147.9,603.7,855.6
2019-03-16T02:00,439.7,183.6,256.1,263.9,1057.9
2019-03-16T03:00,303.8,44.1,259.6,54.1,1186.8
2019-03-16T04:00,213.8,19.3,194.6,21.9,1233.5
2019-03-16T05:00,178.0,10.8,167.3,12.2,1194.7
2019-03-16T06:00,139.3,12.2,127.0,14.8,1073.3
2019-03-16T07:00,203.0,45.6,157.4,64.3,877.4
2019-03-16T08:00,242.1,100.5,141.6,184.5,620.4
2019-03-16T09:00,60.2,11.5,48.7,33.6,319.8
2019-03-16T10:00,0.0,0.0,0.0,0.0,0.0
2019-03-16T11:00,0.0,0.0,0.0,0.0,0.0
2019-03-16T12:00,0.0,0.0,0.0,0.0,0.0
2019-03-16T13:00,0.0,0.0,0.0,0.0,0.0
2019-03-16T14:00,0.0,0.0,0.0,0.0,0.0
2019-03-16T15:00,0.0,0.0,0.0,0.0,0.0
2019-03-16T16:00,0.0,0.0,0.0,0.0,0.0
2019-03-16T17:00,0.0,0.0,0.0,0.0,0.0
2019-03-16T18:00,0.0,0.0,0.0,0.0,0.0
2019-03-16T19:00,0.0,0.0,0.0,0.0,0.0
2019-03-16T20:00,0.0,0.0,0.0,0.0,0.0
2019-03-16T21:00,0.0,0.0,0.0,0.0,0.0
2019-03-16T22:00,0.0,0.0,0.0,0.0,0.0
2019-03-16T23:00,34.1,4.3,29.9,20.8,295.2
2019-03-17T00:00,129.1,39.9,89.2,122.8,598.8
2019-03-17T01:00,207.5,57.4,150.1,108.2,860.4
2019-03-17T02:00,535.0,364.7,170.3,521.5,1062.4
2019-03-17T03:00,621.0,386.7,234.3,471.8,1190.9
2019-03-17T04:00,634.2,422.5,211.7,478.4,1237.1
2019-03-17T05:00,500.8,316.9,183.9,357.8,1198.0
2019-03-17T06:00,357.5,192.9,164.7,233.2,1076.2
2019-03-17T07:00,195.0,59.9,135.1,84.2,880.0
2019-03-17T08:00,189.5,75.0,114.5,137.2,622.9
2019-03-17T09:00,110.5,55.6,54.9,161.7,322.3
2019-03-17T10:00,0.0,0.0,0.0,0.0,0.0
2019-03-17T11:00,0.0,0.0,0.0,0.0,0.0
2019-03-17T12:00,0.0,0.0,0.0,0.0,0.0
2019-03-17T13:00,0.0,0.0,0.0,0.0,0.0
2019-03-17T14:00,0.0,0.0,0.0,0.0,0.0
2019-03-17T15:00,0.0,0.0,0.0,0.0,0.0
2019-03-17T16:00,0.0,0.0,0.0,0.0,0.0
2019-03-17T17:00,0.0,0.0,0.0,0.0,0.0
2019-03-17T18:00,0.0,0.0,0.0,0.0,0.0
2019-03-17T19:00,0.0,0.0,0.0,0.0,0.0
2019-03-17T20:00,0.0,0.0,0.0,0.0,0.0
2019-03-17T21:00,0.0,0.0,0.0,0.0,0.0
2019-03-17T22:00,0.0,0.0,0.0,0.0,0.0
2019-03-17T23:00,87.3,34.1,53.3,164.6,300.6
2019-03-18T00:00,278.7,156.6,122.1,475.7,603.9
2019-03-18T01:00,254.1,66.7,187.3,124.8,865.2
2019-03-18T02:00,389.7,207.5,182.2,295.1,1066.8
2019-03-18T03:00,618.7,333.0,285.7,404.6,1194.8
2019-03-18T04:00,654.3,387.9,266.4,437.7,1240.6
2019-03-18T05:00,649.5,382.4,267.0,430.4,1201.1
2019-03-18T06:00,590.9,339.7,251.2,409.3,1079.0
2019-03-18T07:00,459.8,268.4,191.4,375.9,882.6
2019-03-18T08:00,291.1,160.8,130.3,293.0,625.3
2019-03-18T09:00,116.9,52.3,64.6,151.3,324.7
2019-03-18T10:00,0.4,0.1,0.2,0.7,1.3
2019-03-18T11:00,0.0,0.0,0.0,0.0,0.0
2019-03-18T12:00,0.0,0.0,0.0,0.0,0.0
2019-03-18T13:00,0.0,0.0,0.0,0.0,0.0
2019-03-18T14:00,0.0,0.0,0.0,0.0,0.0
2019-03-18T15:00,0.0,0.0,0.0,0.0,0.0
2019-03-18T16:00,0.0,0.0,0.0,0.0,0.0
2019-03-18T17:00,0.0,0.0,0.0,0.0,0.0
2019-03-18T18:00,0.0,0.0,0.0,0.0,0.0
2019-03-18T19:00,0.0,0.0,0.0,0.0,0.0
2019-03-18T20:00,0.0,0.0,0.0,0.0,0.0
2019-03-18T21:00,0.0,0.0,0.0,0.0,0.0
2019-03-18T22:00,0.0,0.0,0.0,0.0,0.0
2019-03-18T23:00,76.1,19.0,57.1,91.7,305.9
2019-03-19T00:00,209.1,70.1,138.9,210.5,608.9
2019-03-19T01:00,363.7,147.4,216.4,273.7,869.9
2019-03-19T02:00,426.8,94.4,332.4,133.5,1071.1
2019-03-19T03:00,436.8,74.6,362.3,90.2,1198.7
2019-03-19T04:00,532.7,127.6,405.1,143.5,1244.1
2019-03-19T05:00,474.3,83.1,391.2,93.3,1204.2
2019-03-19T06:00,384.8,71.5,313.3,85.9,1081.8
2019-03-19T07:00,302.4,70.7,231.8,98.7,885.2
2019-03-19T08:00,260.7,93.2,167.5,169.2,627.7
2019-03-19T09:00,126.0,47.7,78.3,137.1,327.1
2019-03-19T10:00,1.1,0.4,0.7,1.9,3.8
2019-03-19T11:00,0.0,0.0,0.0,0.0,0.0
2019-03-19T12:00,0.0,0.0,0.0,0.0,0.0
2019-03-19T13:00,0.0,0.0,0.0,0.0,0.0
2019-03-19T14:00,0.0,0.0,0.0,0.0,0.0
2019-03-19T15:00,0.0,0.0,0.0,0.0,0.0
2019-03-19T16:00,0.0,0.0,0.0,0.0,0.0
2019-03-19T17:00,0.0,0.0,0.0,0.0,0.0
2019-03-19T18:00,0.0,0.0,0.0,0.0,0.0
2019-03-19T19:00,0.0,0.0,0.0,0.0,0.0
2019-03-19T20:00,0.0,0.0,0.0,0.0,0.0
2019-03-19T21:00,0.0,0.0,0.0,0.0,0.0
2019-03-19T22:00,0.0,0.0,0.0,0.0,0.0
2019-03-19T23:00,109.9,49.8,60.1,242.4,311.2
2019-03-20T00:00,312.7,200.5,112.1,595.0,613.9
2019-03-20T01:00,521.0,384.3,136.7,708.8,874.5
2019-03-20T02:00,698.5,548.3,150.2,771.9,1075.3
2019-03-20T03:00,815.6,657.1,158.5,791.9,1202.5
2019-03-20T04:00,793.8,580.1,213.6,650.0,1247.5
2019-03-20T05:00,636.6,356.9,279.7,399.1,1207.2
2019-03-20T06:00,632.3,406.5,225.8,486.9,1084.5
2019-03-20T07:00,458.2,247.0,211.2,343.8,887.6
2019-03-20T08:00,303.8,165.1,138.7,298.6,630.1
2019-03-20T09:00,125.6,56.0,69.6,160.1,329.5
2019-03-20T10:00,1.9,0.7,1.2,3.5,6.2
2019-03-20T11:00,0.0,0.0,0.0,0.0,0.0
2019-03-20T12:00,0.0,0.0,0.0,0.0,0.0
2019-03-20T13:00,0.0,0.0,0.0,0.0,0.0
2019-03-20T14:00,0.0,0.0,0.0,0.0,0.0
2019-03-20T15:00,0.0,0.0,0.0,0.0,0.0
2019-03-20T16:00,0.0,0.0,0.0,0.0,0.0
2019-03-20T17:00,0.0,0.0,0.0,0.0,0.0
2019-03-20T18:00,0.0,0.0,0.0,0.0,0.0
2019-03-20T19:00,0.0,0.0,0.0,0.0,0.0
2019-03-20T20:00,0.0,0.0,0.0,0.0,0.0
2019-03-20T21:00,0.0,0.0,0.0,0.0,0.0
2019-03-20T22:00,0.0,0.0,0.0,0.0,0.0
2019-03-20T23:00,101.8,32.6,69.2,160.1,316.4
2019-03-21T00:00,285.5,160.5,125.0,470.7,618.8
2019-03-21T01:00,506.4,347.7,158.7,636.9,879.1
2019-03-21T02:00,702.5,551.2,151.2,772.2,1079.4
2019-03-21T03:00,801.7,627.5,174.2,753.3,1206.2
2019-03-21T04:00,751.1,529.4,221.7,591.2,1250.8
2019-03-21T05:00,726.5,477.2,249.3,532.0,1210.2
2019-03-21T06:00,679.4,477.1,202.3,569.7,1087.1
2019-03-21T07:00,518.3,364.3,154.0,505.5,890.1
2019-03-21T08:00,315.5,196.6,118.9,354.2,632.4
2019-03-21T09:00,137.5,73.9,63.6,210.2,331.8
2019-03-21T10:00,2.5,0.9,1.6,4.6,8.7
2019-03-21T11:00,0.0,0.0,0.0,0.0,0.0
2019-03-21T12:00,0.0,0.0,0.0,0.0,0.0
2019-03-21T13:00,0.0,0.0,0.0,0.0,0.0
2019-03-21T14:00,0.0,0.0,0.0,0.0,0.0
2019-03-21T15:00,0.0,0.0,0.0,0.0,0.0
2019-03-21T16:00,0.0,0.0,0.0,0.0,0.0
2019-03-21T17:00,0.0,0.0,0.0,0.0,0.0
2019-03-21T18:00,0.0,0.0,0.0,0.0,0.0
2019-03-21T19:00,0.0,0.0,0.0,0.0,0.0
2019-03-21T20:00,0.0,0.0,0.0,0.0,0.0
2019-03-21T21:00,0.0,0.0,0.0,0.0,0.0
2019-03-21T22:00,0.0,0.0,0.0,0.0,0.0
2019-03-21T23:00,36.0,2.0,34.0,9.9,321.7
2019-03-22T00:00,116.7,19.7,97.1,57.1,623.8
2019-03-22T01:00,166.7,33.8,132.9,61.5,883.7
2019-03-22T02:00,323.1,92.0,231.1,128.2,1083.5
2019-03-22T03:00,194.1,22.0,172.0,26.3,1209.9
2019-03-22T04:00,241.9,54.7,187.2,60.8,1254.0
2019-03-22T05:00,194.6,2.9,191.6,3.3,1213.0
2019-03-22T06:00,242.8,34.8,208.0,41.5,1089.7
2019-03-22T07:00,139.7,3.6,136.1,5.0,892.4
2019-03-22T08:00,86.8,5.0,81.8,8.9,634.7
2019-03-22T09:00,41.1,1.4,39.8,3.9,334.1
2019-03-22T10:00,1.2,0.1,1.2,0.3,11.1
2019-03-22T11:00,0.0,0.0,0.0,0.0,0.0
2019-03-22T12:00,0.0,0.0,0.0,0.0,0.0
2019-03-22T13:00,0.0,0.0,0.0,0.0,0.0
2019-03-22T14:00,0.0,0.0,0.0,0.0,0.0
2019-03-22T15:00,0.0,0.0,0.0,0.0,0.0
2019-03-22T16:00,0.0,0.0,0.0,0.0,0.0
2019-03-22T17:00,0.0,0.0,0.0,0.0,0.0
2019-03-22T18:00,0.0,0.0,0.0,0.0,0.0
2019-03-22T19:00,0.0,0.0,0.0,0.0,0.0
2019-03-22T20:00,0.0,0.0,0.0,0.0,0.0
2019-03-22T21:00,0.0,0.0,0.0,0.0,0.0
2019-03-22T22:00,0.0,0.0,0.0,0.0,3.5
2019-03-22T23:00,27.5,2.0,25.6,9.8,327.0
2019-03-23T00:00,115.1,5.2,109.9,15.0,628.8
2019-03-23T01:00,143.2,2.3,140.9,4.2,888.2
2019-03-23T02:00,240.8,26.3,214.5,36.4,1087.7
2019-03-23T03:00,270.5,27.3,243.3,32.5,1213.5
2019-03-23T04:00,256.0,33.4,222.6,37.0,1257.2
2019-03-23T05:00,260.1,27.4,232.7,30.3,1215.9
2019-03-23T06:00,144.0,2.8,141.2,3.4,1092.2
2019-03-23T07:00,98.5,2.7,95.8,3.7,894.7
2019-03-23T08:00,59.5,0.0,59.5,0.0,636.9
2019-03-23T09:00,39.2,0.7,38.5,1.9,336.3
2019-03-23T10:00,0.9,0.0,0.9,0.0,13.5
2019-03-23T11:00,0.0,0.0,0.0,0.0,0.0
2019-03-23T12:00,0.0,0.0,0.0,0.0,0.0
2019-03-23T13:00,0.0,0.0,0.0,0.0,0.0
2019-03-23T14:00,0.0,0.0,0.0,0.0,0.0
2019-03-23T15:00,0.0,0.0,0.0,0.0,0.0
2019-03-23T16:00,0.0,0.0,0.0,0.0,0.0
2019-03-23T17:00,0.0,0.0,0.0,0.0,0.0
2019-03-23T18:00,0.0,0.0,0.0,0.0,0.0
2019-03-23T19:00,0.0,0.0,0.0,0.0,0.0
2019-03-23T20:00,0.0,0.0,0.0,0.0,0.0
2019-03-23T21:00,0.0,0.0,0.0,0.0,0.0
2019-03-23T22:00,0.0,0.0,0.0,0.0,9.1
2019-03-23T23:00,21.3,0.0,21.3,0.0,332.4
2019-03-24T00:00,67.8,0.0,67.8,0.0,633.8
2019-03-24T01:00,143.0,5.8,137.2,10.4,892.8
2019-03-24T02:00,146.6,4.4,142.2,6.0,1091.7
2019-03-24T03:00,179.3,3.1,176.1,3.7,1217.1
2019-03-24T04:00,119.4,0.0,119.4,0.0,1260.4
2019-03-24T05:00,195.5,21.5,174.0,23.8,1218.6
2019-03-24T06:00,81.9,0.0,81.9,0.0,1094.6
2019-03-24T07:00,104.8,9.9,94.9,13.5,897.0
2019-03-24T08:00,110.9,39.7,71.2,70.8,639.1
2019-03-24T09:00,37.2,4.1,33.1,11.6,338.6
2019-03-24T10:00,1.2,0.2,1.1,0.9,15.9
2019-03-24T11:00,0.0,0.0,0.0,0.0,0.0
2019-03-24T12:00,0.0,0.0,0.0,0.0,0.0
2019-03-24T13:00,0.0,0.0,0.0,0.0,0.0
2019-03-24T14:00,0.0,0.0,0.0,0.0,0.0
2019-03-24T15:00,0.0,0.0,0.0,0.0,0.0
2019-03-24T16:00,0.0,0.0,0.0,0.0,0.0
2019-03-24T17:00,0.0,0.0,0.0,0.0,0.0
2019-03-24T18:00,0.0,0.0,0.0,0.0,0.0
2019-03-24T19:00,0.0,0.0,0.0,0.0,0.0
2019-03-24T20:00,0.0,0.0,0.0,0.0,0.0
2019-03-24T21:00,0.0,0.0,0.0,0.0,0.0
2019-03-24T22:00,0.0,0.0,0.0,0.0,14.8
2019-03-24T23:00,110.5,41.9,68.6,212.3,337.7
2019-03-25T00:00,283.6,160.0,123.6,448.6,638.7
2019-03-25T01:00,159.1,12.8,146.4,22.8,897.3
2019-03-25T02:00,173.8,30.6,143.2,42.1,1095.7
2019-03-25T03:00,231.6,25.1,206.4,29.7,1220.6
2019-03-25T04:00,220.5,9.1,211.4,10.0,1263.5
2019-03-25T05:00,222.9,9.8,213.1,10.8,1221.3
2019-03-25T06:00,190.1,5.6,184.4,6.7,1097.0
2019-03-25T07:00,218.6,27.8,190.8,38.1,899.2
2019-03-25T08:00,86.9,0.8,86.1,1.5,641.2
2019-03-25T09:00,53.8,6.9,46.9,19.2,340.7
2019-03-25T10:00,2.0,0.0,2.0,0.0,18.3
2019-03-25T11:00,0.0,0.0,0.0,0.0,0.0
2019-03-25T12:00,0.0,0.0,0.0,0.0,0.0
2019-03-25T13:00,0.0,0.0,0.0,0.0,0.0
2019-03-25T14:00,0.0,0.0,0.0,0.0,0.0
2019-03-25T15:00,0.0,0.0,0.0,0.0,0.0
2019-03-25T16:00,0.0,0.0,0.0,0.0,0.0
2019-03-25T17:00,0.0,0.0,0.0,0.0,0.0
2019-03-25T18:00,0.0,0.0,0.0,0.0,0.0
2019-03-25T19:00,0.0,0.0,0.0,0.0,0.0
2019-03-25T20:00,0.0,0.0,0.0,0.0,0.0
2019-03-25T21:00,0.0,0.0,0.0,0.0,0.0
2019-03-25T22:00,0.0,0.0,0.0,0.0,20.4
2019-03-25T23:00,95.7,31.9,63.8,162.6,343.1
2019-03-26T00:00,295.8,147.9,147.9,410.1,643.7
2019-03-26T01:00,482.7,276.2,206.5,489.0,901.7
2019-03-26T02:00,464.4,142.0,322.3,194.2,1099.7
2019-03-26T03:00,570.9,198.0,372.9,233.1,1224.1
2019-03-26T04:00,575.4,228.5,346.9,251.1,1266.5
2019-03-26T05:00,597.1,241.4,355.7,265.2,1223.9
2019-03-26T06:00,581.6,296.4,285.1,349.1,1099.3
2019-03-26T07:00,473.0,262.5,210.5,359.0,901.3
2019-03-26T08:00,352.0,192.2,159.9,340.4,643.3
2019-03-26T09:00,162.5,84.4,78.1,234.1,342.9
2019-03-26T10:00,7.6,3.0,4.5,15.5,20.6
2019-03-26T11:00,0.0,0.0,0.0,0.0,0.0
2019-03-26T12:00,0.0,0.0,0.0,0.0,0.0
2019-03-26T13:00,0.0,0.0,0.0,0.0,0.0
2019-03-26T14:00,0.0,0.0,0.0,0.0,0.0
2019-03-26T15:00,0.0,0.0,0.0,0.0,0.0
2019-03-26T16:00,0.0,0.0,0.0,0.0,0.0
2019-03-26T17:00,0.0,0.0,0.0,0.0,0.0
2019-03-26T18:00,0.0,0.0,0.0,0.0,0.0
2019-03-26T19:00,0.0,0.0,0.0,0.0,0.0
2019-03-26T20:00,0.0,0.0,0.0,0.0,0.0
2019-03-26T21:00,0.0,0.0,0.0,0.0,0.0
2019-03-26T22:00,0.0,0.0,0.0,0.0,26.1
2019-03-26T23:00,127.7,55.5,72.2,284.3,348.4
2019-03-27T00:00,333.8,210.9,122.9,578.5,648.6
2019-03-27T01:00,537.8,390.6,147.2,687.1,906.2
2019-03-27T02:00,680.3,504.5,175.8,686.5,1103.7
2019-03-27T03:00,799.0,601.1,197.9,705.1,1227.5
2019-03-27T04:00,785.6,558.1,227.5,611.2,1269.4
2019-03-27T05:00,701.7,458.3,243.3,502.2,1226.4
2019-03-27T06:00,574.0,384.9,189.1,452.1,1101.6
2019-03-27T07:00,440.0,267.9,172.0,365.4,903.3
2019-03-27T08:00,315.7,212.1,103.6,374.6,645.3
2019-03-27T09:00,161.4,98.4,63.1,271.7,345.0
2019-03-27T10:00,7.7,3.5,4.2,17.7,22.9
2019-03-27T11:00,0.0,0.0,0.0,0.0,0.0
2019-03-27T12:00,0.0,0.0,0.0,0.0,0.0
2019-03-27T13:00,0.0,0.0,0.0,0.0,0.0
2019-03-27T14:00,0.0,0.0,0.0,0.0,0.0
2019-03-27T15:00,0.0,0.0,0.0,0.0,0.0
2019-03-27T16:00,0.0,0.0,0.0,0.0,0.0
2019-03-27T17:00,0.0,0.0,0.0,0.0,0.0
2019-03-27T18:00,0.0,0.0,0.0,0.0,0.0
2019-03-27T19:00,0.0,0.0,0.0,0.0,0.0
2019-03-27T20:00,0.0,0.0,0.0,0.0,0.0
2019-03-27T21:00,0.0,0.0,0.0,0.0,0.0
2019-03-27T22:00,0.0,0.0,0.0,0.0,31.8
2019-03-27T23:00,80.3,20.1,60.2,103.3,353.7
2019-03-28T00:00,251.6,113.5,138.1,308.2,653.5
2019-03-28T01:00,538.4,386.7,151.7,675.8,910.6
2019-03-28T02:00,710.5,546.8,163.7,740.5,1107.5
2019-03-28T03:00,755.8,541.2,214.6,632.6,1230.9
2019-03-28T04:00,803.6,591.3,212.3,645.6,1272.3
2019-03-28T05:00,771.0,554.0,216.9,605.4,1228.9
2019-03-28T06:00,597.6,405.6,192.0,475.2,1103.8
2019-03-28T07:00,455.3,309.2,146.1,420.6,905.3
2019-03-28T08:00,310.1,193.2,116.9,340.1,647.2
2019-03-28T09:00,97.9,42.3,55.5,116.4,347.0
2019-03-28T10:00,4.7,1.9,2.8,9.7,25.2
2019-03-28T11:00,0.0,0.0,0.0,0.0,0.0
2019-03-28T12:00,0.0,0.0,0.0,0.0,0.0
2019-03-28T13:00,0.0,0.0,0.0,0.0,0.0
2019-03-28T14:00,0.0,0.0,0.0,0.0,0.0
2019-03-28T15:00,0.0,0.0,0.0,0.0,0.0
2019-03-28T16:00,0.0,0.0,0.0,0.0,0.0
2019-03-28T17:00,0.0,0.0,0.0,0.0,0.0
2019-03-28T18:00,0.0,0.0,0.0,0.0,0.0
2019-03-28T19:00,0.0,0.0,0.0,0.0,0.0
2019-03-28T20:00,0.0,0.0,0.0,0.0,0.0
2019-03-28T21:00,0.0,0.0,0.0,0.0,0.0
2019-03-28T22:00,0.0,0.0,0.0,0.0,37.4
2019-03-28T23:00,41.4,3.6,37.8,18.6,359.0
2019-03-29T00:00,117.1,9.0,108.1,24.2,658.3
2019-03-29T01:00,160.8,12.7,148.0,22.1,914.9
2019-03-29T02:00,247.6,65.4,182.2,88.2,1111.3
2019-03-29T03:00,225.0,47.1,177.9,54.8,1234.2
2019-03-29T04:00,291.1,40.4,250.6,44.0,1275.1
2019-03-29T05:00,410.3,65.5,344.9,71.3,1231.3
2019-03-29T06:00,318.1,67.8,250.3,79.2,1105.9
2019-03-29T07:00,242.0,52.0,190.0,70.5,907.3
2019-03-29T08:00,170.9,36.5,134.4,64.1,649.2
2019-03-29T09:00,80.7,18.8,61.9,51.4,349.1
2019-03-29T10:00,3.2,0.7,2.5,3.7,27.5
2019-03-29T11:00,0.0,0.0,0.0,0.0,0.0
2019-03-29T12:00,0.0,0.0,0.0,0.0,0.0
2019-03-29T13:00,0.0,0.0,0.0,0.0,0.0
2019-03-29T14:00,0.0,0.0,0.0,0.0,0.0
2019-03-29T15:00,0.0,0.0,0.0,0.0,0.0
2019-03-29T16:00,0.0,0.0,0.0,0.0,0.0
2019-03-29T17:00,0.0,0.0,0.0,0.0,0.0
2019-03-29T18:00,0.0,0.0,0.0,0.0,0.0
2019-03-29T19:00,0.0,0.0,0.0,0.0,0.0
2019-03-29T20:00,0.0,0.0,0.0,0.0,0.0
2019-03-29T21:00,0.0,0.0,0.0,0.0,0.0
2019-03-29T22:00,0.0,0.0,0.0,0.0,43.1
2019-03-29T23:00,89.0,23.1,65.8,120.0,364.3
2019-03-30T00:00,197.7,44.9,152.8,119.4,663.1
2019-03-30T01:00,387.0,160.6,226.4,277.1,919.2
2019-03-30T02:00,524.4,237.7,286.7,319.0,1115.1
2019-03-30T03:00,553.4,266.8,286.6,309.6,1237.4
2019-03-30T04:00,755.8,446.6,309.2,484.7,1277.8
2019-03-30T05:00,794.2,588.1,206.1,639.3,1233.7
2019-03-30T06:00,656.8,451.7,205.1,526.6,1107.9
2019-03-30T07:00,536.1,394.4,141.6,533.9,909.2
2019-03-30T08:00,360.2,260.6,99.6,456.0,651.0
2019-03-30T09:00,168.7,105.2,63.4,286.7,351.1
2019-03-30T10:00,9.8,4.5,5.3,23.2,29.8
2019-03-30T11:00,0.0,0.0,0.0,0.0,0.0
2019-03-30T12:00,0.0,0.0,0.0,0.0,0.0
2019-03-30T13:00,0.0,0.0,0.0,0.0,0.0
2019-03-30T14:00,0.0,0.0,0.0,0.0,0.0
2019-03-30T15:00,0.0,0.0,0.0,0.0,0.0
2019-03-30T16:00,0.0,0.0,0.0,0.0,0.0
2019-03-30T17:00,0.0,0.0,0.0,0.0,0.0
2019-03-30T18:00,0.0,0.0,0.0,0.0,0.0
2019-03-30T19:00,0.0,0.0,0.0,0.0,0.0
2019-03-30T20:00,0.0,0.0,0.0,0.0,0.0
2019-03-30T21:00,0.0,0.0,0.0,0.0,0.0
2019-03-30T22:00,0.0,0.0,0.0,0.0,48.7
2019-03-30T23:00,66.8,21.1,45.7,109.8,369.5
2019-03-31T00:00,233.1,103.7,129.3,272.9,667.9
2019-03-31T01:00,206.6,16.2,190.4,27.7,923.4
2019-03-31T02:00,369.3,129.7,239.7,173.2,1118.7
2019-03-31T03:00,372.3,106.7,265.6,123.4,1240.5
2019-03-31T04:00,465.7,107.1,358.6,115.9,1280.5
2019-03-31T05:00,493.3,112.3,381.0,121.8,1235.9
2019-03-31T06:00,364.2,65.9,298.3,76.6,1109.9
2019-03-31T07:00,240.3,19.7,220.6,26.6,911.0
2019-03-31T08:00,219.2,36.5,182.7,63.7,652.9
2019-03-31T09:00,88.0,12.6,75.4,34.1,353.1
2019-03-31T10:00,4.5,0.0,4.5,0.0,32.1
2019-03-31T11:00,0.0,0.0,0.0,0.0,0.0
2019-03-31T12:00,0.0,0.0,0.0,0.0,0.0
2019-03-31T13:00,0.0,0.0,0.0,0.0,0.0
2019-03-31T14:00,0.0,0.0,0.0,0.0,0.0
2019-03-31T15:00,0.0,0.0,0.0,0.0,0.0
2019-03-31T16:00,0.0,0.0,0.0,0.0,0.0
2019-03-31T17:00,0.0,0.0,0.0,0.0,0.0
2019-03-31T18:00,0.0,0.0,0.0,0.0,0.0
2019-03-31T19:00,0.0,0.0,0.0,0.0,0.0
2019-03-31T20:00,0.0,0.0,0.0,0.0,0.0
2019-03-31T21:00,0.0,0.0,0.0,0.0,0.0
2019-03-31T22:00,0.0,0.0,0.0,0.0,54.3
2019-03-31T23:00,17.4,0.0,17.4,0.0,374.7
2019-04-01T00:00,42.2,0.0,42.2,0.0,672.6
2019-04-01T01:00,116.4,8.1,108.4,13.8,927.6
2019-04-01T02:00,106.7,1.1,105.6,1.4,1122.3
2019-04-01T03:00,203.9,15.7,188.2,18.1,1243.6
2019-04-01T04:00,193.9,0.0,193.9,0.0,1283.0
2019-04-01T05:00,156.3,0.0,156.3,0.0,1238.1
2019-04-01T06:00,232.4,24.5,208.0,28.4,1111.8
2019-04-01T07:00,140.8,6.3,134.5,8.5,912.8
2019-04-01T08:00,132.9,9.1,123.8,15.9,654.7
2019-04-01T09:00,64.4,8.4,56.0,22.7,355.0
2019-04-01T10:00,7.5,1.4,6.1,7.2,34.3
2019-04-01T11:00,0.0,0.0,0.0,0.0,0.0
2019-04-01T12:00,0.0,0.0,0.0,0.0,0.0
2019-04-01T13:00,0.0,0.0,0.0,0.0,0.0
2019-04-01T14:00,0.0,0.0,0.0,0.0,0.0
2019-04-01T15:00,0.0,0.0,0.0,0.0,0.0
2019-04-01T16:00,0.0,0.0,0.0,0.0,0.0
2019-04-01T17:00,0.0,0.0,0.0,0.0,0.0
2019-04-01T18:00,0.0,0.0,0.0,0.0,0.0
2019-04-01T19:00,0.0,0.0,0.0,0.0,0.0
2019-04-01T20:00,0.0,0.0,0.0,0.0,0.0
2019-04-01T21:00,0.0,0.0,0.0,0.0,0.0
2019-04-01T22:00,3.0,0.0,3.0,0.0,59.8
2019-04-01T23:00,36.1,0.0,36.1,0.0,379.8
2019-04-02T00:00,76.5,1.3,75.2,3.3,677.2
2019-04-02T01:00,287.9,81.8,206.2,138.6,931.6
2019-04-02T02:00,237.3,30.5,206.8,40.4,1125.8
2019-04-02T03:00,404.4,162.0,242.5,186.1,1246.5
2019-04-02T04:00,403.9,124.2,279.7,133.7,1285.5
2019-04-02T05:00,480.5,207.0,273.5,223.4,1240.2
2019-04-02T06:00,485.6,207.0,278.5,239.7,1113.7
2019-04-02T07:00,406.3,238.6,167.7,320.6,914.6
2019-04-02T08:00,204.5,87.3,117.2,151.4,656.5
2019-04-02T09:00,116.3,48.4,68.0,130.1,357.0
2019-04-02T10:00,5.9,2.0,3.9,10.5,36.6
2019-04-02T11:00,0.0,0.0,0.0,0.0,0.0
2019-04-02T12:00,0.0,0.0,0.0,0.0,0.0
2019-04-02T13:00,0.0,0.0,0.0,0.0,0.0
2019-04-02T14:00,0.0,0.0,0.0,0.0,0.0
2019-04-02T15:00,0.0,0.0,0.0,0.0,0.0
2019-04-02T16:00,0.0,0.0,0.0,0.0,0.0
2019-04-02T17:00,0.0,0.0,0.0,0.0,0.0
2019-04-02T18:00,0.0,0.0,0.0,0.0,0.0
2019-04-02T19:00,0.0,0.0,0.0,0.0,0.0
2019-04-02T20:00,0.0,0.0,0.0,0.0,0.0
2019-04-02T21:00,0.0,0.0,0.0,0.0,0.0
2019-04-02T22:00,2.9,0.0,2.9,0.0,65.3
2019-04-02T23:00,76.6,15.3,61.3,80.3,384.9
2019-04-03T00:00,208.5,47.0,161.5,120.2,681.8
2019-04-03T01:00,257.7,64.4,193.3,108.5,935.6
2019-04-03T02:00,379.6,115.3,264.3,152.1,1129.2
2019-04-03T03:00,386.5,85.7,300.9,98.1,1249.4
2019-04-03T04:00,540.1,234.2,305.9,251.5,1288.0
2019-04-03T05:00,390.6,80.1,310.5,86.2,1242.3
2019-04-03T06:00,456.4,164.7,291.7,190.3,1115.5
2019-04-03T07:00,291.5,108.5,183.0,145.5,916.3
2019-04-03T08:00,226.2,67.4,158.8,116.5,658.2
2019-04-03T09:00,142.5,73.0,69.5,195.6,358.9
2019-04-03T10:00,11.9,4.7,7.2,24.1,38.8
2019-04-03T11:00,0.0,0.0,0.0,0.0,0.0
2019-04-03T12:00,0.0,0.0,0.0,0.0,0.0
2019-04-03T13:00,0.0,0.0,0.0,0.0,0.0
2019-04-03T14:00,0.0,0.0,0.0,0.0,0.0
2019-04-03T15:00,0.0,0.0,0.0,0.0,0.0
2019-04-03T16:00,0.0,0.0,0.0,0.0,0.0
2019-04-03T17:00,0.0,0.0,0.0,0.0,0.0
2019-04-03T18:00,0.0,0.0,0.0,0.0,0.0
2019-04-03T19:00,0.0,0.0,0.0,0.0,0.0
2019-04-03T20:00,0.0,0.0,0.0,0.0,0.0
2019-04-03T21:00,0.0,0.0,0.0,0.0,0.0
2019-04-03T22:00,2.8,0.0,2.8,0.0,70.7
2019-04-03T23:00,101.1,37.1,64.0,194.7,389.9
2019-04-04T00:00,290.5,151.0,139.5,382.0,686.2
2019-04-04T01:00,516.1,334.5,181.6,560.3,939.5
2019-04-04T02:00,658.8,445.7,213.1,585.7,1132.6
2019-04-04T03:00,787.5,599.5,188.0,684.4,1252.2
2019-04-04T04:00,821.6,631.9,189.8,676.6,1290.3
2019-04-04T05:00,762.6,523.4,239.2,562.2,1244.2
2019-04-04T06:00,687.9,511.0,176.9,589.1,1117.2
2019-04-04T07:00,532.9,386.7,146.2,517.3,917.9
2019-04-04T08:00,330.3,211.3,119.0,364.7,659.9
2019-04-04T09:00,133.6,56.3,77.4,150.1,360.8
2019-04-04T10:00,11.2,3.9,7.3,20.1,41.1
2019-04-04T11:00,0.0,0.0,0.0,0.0,0.0
2019-04-04T12:00,0.0,0.0,0.0,0.0,0.0
2019-04-04T13:00,0.0,0.0,0.0,0.0,0.0
2019-04-04T14:00,0.0,0.0,0.0,0.0,0.0
2019-04-04T15:00,0.0,0.0,0.0,0.0,0.0
2019-04-04T16:00,0.0,0.0,0.0,0.0,0.0
2019-04-04T17:00,0.0,0.0,0.0,0.0,0.0
2019-04-04T18:00,0.0,0.0,0.0,0.0,0.0
2019-04-04T19:00,0.0,0.0,0.0,0.0,0.0
2019-04-04T20:00,0.0,0.0,0.0,0.0,0.0
2019-04-04T21:00,0.0,0.0,0.0,0.0,0.0
2019-04-04T22:00,2.7,0.0,2.7,0.0,76.1
2019-04-04T23:00,41.7,0.0,41.7,0.0,394.8
2019-04-05T00:00,141.8,17.7,124.0,44.4,690.6
2019-04-05T01:00,310.1,83.8,226.2,139.6,943.3
2019-04-05T02:00,500.9,201.0,299.9,263.1,1135.8
2019-04-05T03:00,684.9,353.9,331.0,402.8,1254.9
2019-04-05T04:00,551.0,250.3,300.7,267.3,1292.5
2019-04-05T05:00,539.9,279.2,260.7,299.3,1246.1
2019-04-05T06:00,568.4,356.7,211.7,410.3,1118.9
2019-04-05T07:00,469.3,291.6,177.7,389.3,919.5
2019-04-05T08:00,313.8,186.5,127.4,320.9,661.6
2019-04-05T09:00,157.1,86.0,71.2,228.4,362.8
2019-04-05T10:00,14.7,6.2,8.5,32.0,43.4
2019-04-05T11:00,0.0,0.0,0.0,0.0,0.0
2019-04-05T12:00,0.0,0.0,0.0,0.0,0.0
2019-04-05T13:00,0.0,0.0,0.0,0.0,0.0
2019-04-05T14:00,0.0,0.0,0.0,0.0,0.0
2019-04-05T15:00,0.0,0.0,0.0,0.0,0.0
2019-04-05T16:00,0.0,0.0,0.0,0.0,0.0
2019-04-05T17:00,0.0,0.0,0.0,0.0,0.0
2019-04-05T18:00,0.0,0.0,0.0,0.0,0.0
2019-04-05T19:00,0.0,0.0,0.0,0.0,0.0
2019-04-05T20:00,0.0,0.0,0.0,0.0,0.0
2019-04-05T21:00,0.0,0.0,0.0,0.0,0.0
2019-04-05T22:00,5.3,0.0,5.3,0.0,81.4
2019-04-05T23:00,155.5,74.4,81.0,392.0,399.6
2019-04-06T00:00,354.9,231.1,123.8,574.5,694.9
2019-04-06T01:00,590.9,445.2,145.7,737.4,947.1
2019-04-06T02:00,763.5,604.9,158.6,788.7,1138.9
2019-04-06T03:00,866.3,696.2,170.1,790.0,1257.5
2019-04-06T04:00,905.1,730.5,174.6,778.4,1294.7
2019-04-06T05:00,765.4,562.3,203.1,601.4,1248.0
2019-04-06T06:00,559.9,357.6,202.3,410.6,1120.5
2019-04-06T07:00,442.4,278.2,164.2,370.6,921.1
2019-04-06T08:00,326.5,204.0,122.4,350.3,663.3
2019-04-06T09:00,124.2,62.8,61.4,166.3,364.6
2019-04-06T10:00,14.6,5.8,8.9,29.9,45.6
2019-04-06T11:00,0.0,0.0,0.0,0.0,0.0
2019-04-06T12:00,0.0,0.0,0.0,0.0,0.0
2019-04-06T13:00,0.0,0.0,0.0,0.0,0.0
2019-04-06T14:00,0.0,0.0,0.0,0.0,0.0
2019-04-06T15:00,0.0,0.0,0.0,0.0,0.0
2019-04-06T16:00,0.0,0.0,0.0,0.0,0.0
2019-04-06T17:00,0.0,0.0,0.0,0.0,0.0
2019-04-06T18:00,0.0,0.0,0.0,0.0,0.0
2019-04-06T19:00,0.0,0.0,0.0,0.0,0.0
2019-04-06T20:00,0.0,0.0,0.0,0.0,0.0
2019-04-06T21:00,0.0,0.0,0.0,0.0,0.0
2019-04-06T22:00,7.8,0.0,7.8,0.0,86.6
2019-04-06T23:00,157.4,72.1,85.3,380.4,404.4
2019-04-07T00:00,355.5,225.6,129.8,556.0,699.1
2019-04-07T01:00,582.3,425.3,157.0,700.8,950.7
2019-04-07T02:00,630.7,407.1,223.6,528.7,1142.0
2019-04-07T03:00,598.9,283.8,315.1,321.2,1260.0
2019-04-07T04:00,630.5,300.6,329.9,319.6,1296.8
2019-04-07T05:00,598.4,307.5,290.9,328.2,1249.7
2019-04-07T06:00,572.2,403.7,168.4,462.6,1122.1
2019-04-07T07:00,544.8,392.2,152.6,521.4,922.6
2019-04-07T08:00,352.5,217.5,135.0,372.4,664.9
2019-04-07T09:00,176.8,104.7,72.1,275.9,366.5
2019-04-07T10:00,16.8,6.9,9.9,36.0,47.9
2019-04-07T11:00,0.0,0.0,0.0,0.0,0.0
2019-04-07T12:00,0.0,0.0,0.0,0.0,0.0
2019-04-07T13:00,0.0,0.0,0.0,0.0,0.0
2019-04-07T14:00,0.0,0.0,0.0,0.0,0.0
2019-04-07T15:00,0.0,0.0,0.0,0.0,0.0
2019-04-07T16:00,0.0,0.0,0.0,0.0,0.0
2019-04-07T17:00,0.0,0.0,0.0,0.0,0.0
2019-04-07T18:00,0.0,0.0,0.0,0.0,0.0
2019-04-07T19:00,0.0,0.0,0.0,0.0,0.0
2019-04-07T20:00,0.0,0.0,0.0,0.0,0.0
2019-04-07T21:00,0.0,0.0,0.0,0.0,0.0
2019-04-07T22:00,7.7,0.0,7.7,0.0,91.7
2019-04-07T23:00,162.6,78.1,84.6,412.0,409.0
2019-04-08T00:00,361.0,232.7,128.3,568.6,703.2
2019-04-08T01:00,581.8,430.6,151.2,706.0,954.2
2019-04-08T02:00,750.8,585.9,164.9,758.3,1144.9
2019-04-08T03:00,862.7,692.6,170.0,781.6,1262.5
2019-04-08T04:00,863.4,695.0,168.4,737.1,1298.8
2019-04-08T05:00,787.7,613.0,174.7,653.0,1251.4
2019-04-08T06:00,680.4,523.2,157.2,598.5,1123.6
2019-04-08T07:00,502.7,357.3,145.4,474.0,924.1
2019-04-08T08:00,368.5,250.1,118.4,427.2,666.5
2019-04-08T09:00,171.4,106.3,65.2,279.0,368.4
2019-04-08T10:00,16.2,7.2,9.1,37.4,50.2
2019-04-08T11:00,0.0,0.0,0.0,0.0,0.0
2019-04-08T12:00,0.0,0.0,0.0,0.0,0.0
2019-04-08T13:00,0.0,0.0,0.0,0.0,0.0
2019-04-08T14:00,0.0,0.0,0.0,0.0,0.0
2019-04-08T15:00,0.0,0.0,0.0,0.0,0.0
2019-04-08T16:00,0.0,0.0,0.0,0.0,0.0
2019-04-08T17:00,0.0,0.0,0.0,0.0,0.0
2019-04-08T18:00,0.0,0.0,0.0,0.0,0.0
2019-04-08T19:00,0.0,0.0,0.0,0.0,0.0
2019-04-08T20:00,0.0,0.0,0.0,0.0,0.0
2019-04-08T21:00,0.0,0.0,0.0,0.0,0.0
2019-04-08T22:00,10.1,0.0,10.1,0.0,96.8
2019-04-08T23:00,163.0,75.8,87.1,400.5,413.5
2019-04-09T00:00,375.4,244.8,130.6,593.4,707.1
2019-04-09T01:00,585.9,433.7,152.2,707.5,957.6
2019-04-09T02:00,752.6,587.8,164.8,758.1,1147.8
2019-04-09T03:00,859.3,686.2,173.1,772.2,1264.8
2019-04-09T04:00,801.8,557.7,244.1,590.2,1300.7
2019-04-09T05:00,660.8,372.8,287.9,396.4,1253.0
2019-04-09T06:00,581.6,351.0,230.6,400.8,1125.0
2019-04-09T07:00,516.3,345.7,170.6,457.7,925.5
2019-04-09T08:00,264.4,115.1,149.3,196.1,668.1
2019-04-09T09:00,110.0,41.9,68.1,109.5,370.3
2019-04-09T10:00,14.3,4.7,9.6,24.5,52.5
2019-04-09T11:00,0.0,0.0,0.0,0.0,0.0
2019-04-09T12:00,0.0,0.0,0.0,0.0,0.0
2019-04-09T13:00,0.0,0.0,0.0,0.0,0.0
2019-04-09T14:00,0.0,0.0,0.0,0.0,0.0
2019-04-09T15:00,0.0,0.0,0.0,0.0,0.0
2019-04-09T16:00,0.0,0.0,0.0,0.0,0.0
2019-04-09T17:00,0.0,0.0,0.0,0.0,0.0
2019-04-09T18:00,0.0,0.0,0.0,0.0,0.0
2019-04-09T19:00,0.0,0.0,0.0,0.0,0.0
2019-04-09T20:00,0.0,0.0,0.0,0.0,0.0
2019-04-09T21:00,0.0,0.0,0.0,0.0,0.0
2019-04-09T22:00,9.9,2.5,7.5,13.8,101.7
2019-04-09T23:00,174.6,89.7,84.9,468.8,418.0
2019-04-10T00:00,388.5,264.4,124.1,635.7,711.0
2019-04-10T01:00,593.4,449.3,144.1,729.4,960.9
2019-04-10T02:00,756.6,597.3,159.3,767.7,1150.5
2019-04-10T03:00,868.4,702.7,165.8,788.7,1267.0
2019-04-10T04:00,914.6,746.2,168.4,787.9,1302.5
2019-04-10T05:00,644.1,419.7,224.5,445.3,1254.6
2019-04-10T06:00,350.1,77.2,272.9,87.9,1126.5
2019-04-10T07:00,354.7,120.3,234.4,159.0,926.9
2019-04-10T08:00,179.4,40.1,139.4,68.1,669.7
2019-04-10T09:00,76.1,6.4,69.7,16.7,372.2
2019-04-10T10:00,6.4,0.0,6.4,0.0,54.7
2019-04-10T11:00,0.0,0.0,0.0,0.0,0.0
2019-04-10T12:00,0.0,0.0,0.0,0.0,0.0
2019-04-10T13:00,0.0,0.0,0.0,0.0,0.0
2019-04-10T14:00,0.0,0.0,0.0,0.0,0.0
2019-04-10T15:00,0.0,0.0,0.0,0.0,0.0
2019-04-10T16:00,0.0,0.0,0.0,0.0,0.0
2019-04-10T17:00,0.0,0.0,0.0,0.0,0.0
2019-04-10T18:00,0.0,0.0,0.0,0.0,0.0
2019-04-10T19:00,0.0,0.0,0.0,0.0,0.0
2019-04-10T20:00,0.0,0.0,0.0,0.0,0.0
2019-04-10T21:00,0.0,0.0,0.0,0.0,0.0
2019-04-10T22:00,9.8,0.0,9.8,0.0,106.7
2019-04-10T23:00,135.1,38.2,97.0,195.8,422.4
2019-04-11T00:00,312.7,166.4,146.3,396.9,714.9
2019-04-11T01:00,429.5,201.1,228.5,324.8,964.1
2019-04-11T02:00,550.4,267.6,282.8,342.8,1153.2
2019-04-11T03:00,562.8,288.7,274.1,323.2,1269.2
2019-04-11T04:00,394.2,38.3,355.9,40.4,1304.3
2019-04-11T05:00,285.0,47.8,237.1,50.6,1256.1
2019-04-11T06:00,351.0,87.5,263.5,99.6,1127.8
2019-04-11T07:00,208.4,65.6,142.8,86.5,928.3
2019-04-11T08:00,121.1,0.8,120.2,1.4,671.2
2019-04-11T09:00,41.3,2.1,39.2,5.5,374.0
2019-04-11T10:00,3.7,0.0,3.7,0.0,57.0
2019-04-11T11:00,0.0,0.0,0.0,0.0,0.0
2019-04-11T12:00,0.0,0.0,0.0,0.0,0.0
2019-04-11T13:00,0.0,0.0,0.0,0.0,0.0
2019-04-11T14:00,0.0,0.0,0.0,0.0,0.0
2019-04-11T15:00,0.0,0.0,0.0,0.0,0.0
2019-04-11T16:00,0.0,0.0,0.0,0.0,0.0
2019-04-11T17:00,0.0,0.0,0.0,0.0,0.0
2019-04-11T18:00,0.0,0.0,0.0,0.0,0.0
2019-04-11T19:00,0.0,0.0,0.0,0.0,0.0
2019-04-11T20:00,0.0,0.0,0.0,0.0,0.0
2019-04-11T21:00,0.0,0.0,0.0,0.0,0.0
2019-04-11T22:00,7.3,0.0,7.3,0.0,111.6
2019-04-11T23:00,80.5,3.2,77.4,15.9,426.8
2019-04-12T00:00,207.3,67.4,139.8,159.6,718.7
2019-04-12T01:00,254.5,42.2,212.3,67.9,967.3
2019-04-12T02:00,315.1,37.9,277.2,48.4,1155.8
2019-04-12T03:00,490.8,161.5,329.3,180.4,1271.3
2019-04-12T04:00,436.5,56.4,380.0,59.4,1306.0
2019-04-12T05:00,451.8,93.7,358.1,99.0,1257.5
2019-04-12T06:00,430.1,73.4,356.7,83.4,1129.1
2019-04-12T07:00,455.5,182.4,273.1,240.1,929.7
2019-04-12T08:00,174.6,10.0,164.6,17.0,672.7
2019-04-12T09:00,110.6,11.4,99.2,29.5,375.8
2019-04-12T10:00,11.4,0.5,10.9,2.8,59.3
2019-04-12T11:00,0.0,0.0,0.0,0.0,0.0
2019-04-12T12:00,0.0,0.0,0.0,0.0,0.0
2019-04-12T13:00,0.0,0.0,0.0,0.0,0.0
2019-04-12T14:00,0.0,0.0,0.0,0.0,0.0
2019-04-12T15:00,0.0,0.0,0.0,0.0,0.0
2019-04-12T16:00,0.0,0.0,0.0,0.0,0.0
2019-04-12T17:00,0.0,0.0,0.0,0.0,0.0
2019-04-12T18:00,0.0,0.0,0.0,0.0,0.0
2019-04-12T19:00,0.0,0.0,0.0,0.0,0.0
2019-04-12T20:00,0.0,0.0,0.0,0.0,0.0
2019-04-12T21:00,0.0,0.0,0.0,0.0,0.0
2019-04-12T22:00,9.6,0.0,9.6,0.0,116.5
2019-04-12T23:00,117.6,45.5,72.1,225.2,431.1
2019-04-13T00:00,267.9,125.9,142.1,295.7,722.4
2019-04-13T01:00,446.0,271.5,174.5,434.5,970.5
2019-04-13T02:00,520.7,318.3,202.4,405.0,1158.4
2019-04-13T03:00,810.4,592.7,217.7,660.3,1273.4
2019-04-13T04:00,769.0,527.1,241.9,553.2,1307.7
2019-04-13T05:00,578.6,363.0,215.6,383.1,1258.9
2019-04-13T06:00,434.8,144.0,290.8,163.3,1130.4
2019-04-13T07:00,296.5,116.8,179.7,153.5,930.9
2019-04-13T08:00,224.8,101.1,123.7,170.7,674.2
2019-04-13T09:00,130.1,58.6,71.5,151.0,377.7
2019-04-13T10:00,9.5,2.5,7.0,13.2,61.5
2019-04-13T11:00,0.0,0.0,0.0,0.0,0.0
2019-04-13T12:00,0.0,0.0,0.0,0.0,0.0
2019-04-13T13:00,0.0,0.0,0.0,0.0,0.0
2019-04-13T14:00,0.0,0.0,0.0,0.0,0.0
2019-04-13T15:00,0.0,0.0,0.0,0.0,0.0
2019-04-13T16:00,0.0,0.0,0.0,0.0,0.0
2019-04-13T17:00,0.0,0.0,0.0,0.0,0.0
2019-04-13T18:00,0.0,0.0,0.0,0.0,0.0
2019-04-13T19:00,0.0,0.0,0.0,0.0,0.0
2019-04-13T20:00,0.0,0.0,0.0,0.0,0.0
2019-04-13T21:00,0.0,0.0,0.0,0.0,0.0
2019-04-13T22:00,7.2,0.0,7.2,0.0,121.3
2019-04-13T23:00,68.5,4.7,63.9,22.8,435.4
2019-04-14T00:00,195.3,42.3,153.0,98.6,726.1
2019-04-14T01:00,336.2,87.8,248.4,139.8,973.6
2019-04-14T02:00,366.8,75.7,291.1,96.1,1160.9
2019-04-14T03:00,503.0,136.4,366.6,151.6,1275.4
2019-04-14T04:00,576.4,293.2,283.2,307.2,1309.3
2019-04-14T05:00,226.4,33.2,193.2,35.0,1260.2
2019-04-14T06:00,206.1,0.0,206.1,0.0,1131.6
2019-04-14T07:00,355.9,134.8,221.1,176.8,932.2
2019-04-14T08:00,258.4,109.5,148.8,184.5,675.6
2019-04-14T09:00,99.5,26.5,73.0,68.0,379.5
2019-04-14T10:00,14.3,2.6,11.8,13.6,63.8
2019-04-14T11:00,0.0,0.0,0.0,0.0,0.0
2019-04-14T12:00,0.0,0.0,0.0,0.0,0.0
2019-04-14T13:00,0.0,0.0,0.0,0.0,0.0
2019-04-14T14:00,0.0,0.0,0.0,0.0,0.0
2019-04-14T15:00,0.0,0.0,0.0,0.0,0.0
2019-04-14T16:00,0.0,0.0,0.0,0.0,0.0
2019-04-14T17:00,0.0,0.0,0.0,0.0,0.0
2019-04-14T18:00,0.0,0.0,0.0,0.0,0.0
2019-04-14T19:00,0.0,0.0,0.0,0.0,0.0
2019-04-14T20:00,0.0,0.0,0.0,0.0,0.0
2019-04-14T21:00,0.0,0.0,0.0,0.0,0.0
2019-04-14T22:00,9.5,0.0,9.5,0.0,126.1
2019-04-14T23:00,114.5,15.5,99.1,74.1,439.7
2019-04-15T00:00,239.7,64.6,175.1,149.5,729.8
2019-04-15T01:00,428.2,241.4,186.8,382.9,976.6
2019-04-15T02:00,362.3,91.9,270.4,116.3,1163.4
2019-04-15T03:00,505.0,159.3,345.7,176.6,1277.3
2019-04-15T04:00,388.9,48.4,340.5,50.6,1310.8
2019-04-15T05:00,488.8,119.0,369.8,125.2,1261.5
2019-04-15T06:00,417.0,105.4,311.5,119.1,1132.7
2019-04-15T07:00,374.8,113.3,261.6,148.3,933.4
2019-04-15T08:00,297.0,168.2,128.8,282.6,677.1
2019-04-15T09:00,105.4,46.6,58.8,119.2,381.2
2019-04-15T10:00,9.1,2.1,7.1,10.9,66.1
2019-04-15T11:00,0.0,0.0,0.0,0.0,0.0
2019-04-15T12:00,0.0,0.0,0.0,0.0,0.0
2019-04-15T13:00,0.0,0.0,0.0,0.0,0.0
2019-04-15T14:00,0.0,0.0,0.0,0.0,0.0
2019-04-15T15:00,0.0,0.0,0.0,0.0,0.0
2019-04-15T16:00,0.0,0.0,0.0,0.0,0.0
2019-04-15T17:00,0.0,0.0,0.0,0.0,0.0
2019-04-15T18:00,0.0,0.0,0.0,0.0,0.0
2019-04-15T19:00,0.0,0.0,0.0,0.0,0.0
2019-04-15T20:00,0.0,0.0,0.0,0.0,0.0
2019-04-15T21:00,0.0,0.0,0.0,0.0,0.0
2019-04-15T22:00,2.4,0.0,2.4,0.0,130.9
2019-04-15T23:00,32.3,0.0,32.3,0.0,443.9
2019-04-16T00:00,57.0,1.2,55.8,2.8,733.3
2019-04-16T01:00,71.7,0.0,71.7,0.0,979.5
2019-04-16T02:00,114.6,11.9,102.7,15.0,1165.7
2019-04-16T03:00,316.4,59.3,257.1,65.6,1279.2
2019-04-16T04:00,349.6,72.5,277.0,75.7,1312.3
2019-04-16T05:00,267.3,26.3,241.0,27.7,1262.7
2019-04-16T06:00,247.6,13.2,234.4,14.9,1133.9
2019-04-16T07:00,190.6,12.6,178.0,16.5,934.6
2019-04-16T08:00,221.8,39.3,182.5,66.0,678.5
2019-04-16T09:00,58.9,0.7,58.2,1.8,383.0
2019-04-16T10:00,6.0,0.0,6.0,0.0,68.3
2019-04-16T11:00,0.0,0.0,0.0,0.0,0.0
2019-04-16T12:00,0.0,0.0,0.0,0.0,0.0
2019-04-16T13:00,0.0,0.0,0.0,0.0,0.0
2019-04-16T14:00,0.0,0.0,0.0,0.0,0.0
2019-04-16T15:00,0.0,0.0,0.0,0.0,0.0
2019-04-16T16:00,0.0,0.0,0.0,0.0,0.0
2019-04-16T17:00,0.0,0.0,0.0,0.0,0.0
2019-04-16T18:00,0.0,0.0,0.0,0.0,0.0
2019-04-16T19:00,0.0,0.0,0.0,0.0,0.0
2019-04-16T20:00,0.0,0.0,0.0,0.0,0.0
2019-04-16T21:00,0.0,0.0,0.0,0.0,0.0
2019-04-16T22:00,4.7,0.0,4.7,0.0,135.6
2019-04-16T23:00,56.6,0.0,56.6,0.0,448.0
2019-04-17T00:00,97.8,0.0,97.8,0.0,736.8
2019-04-17T01:00,554.8,349.1,205.8,548.9,982.4
2019-04-17T02:00,708.9,486.3,222.6,611.3,1168.0
2019-04-17T03:00,834.6,618.1,216.4,682.3,1281.0
2019-04-17T04:00,888.4,672.8,215.5,700.9,1313.7
2019-04-17T05:00,852.6,647.7,204.9,679.2,1263.8
2019-04-17T06:00,743.6,563.8,179.8,635.3,1134.9
2019-04-17T07:00,594.3,444.2,150.2,579.8,935.7
2019-04-17T08:00,385.2,270.5,114.7,452.6,679.9
2019-04-17T09:00,184.2,113.0,71.2,286.9,384.8
2019-04-17T10:00,25.6,11.4,14.2,60.4,70.6
2019-04-17T11:00,0.0,0.0,0.0,0.0,0.0
2019-04-17T12:00,0.0,0.0,0.0,0.0,0.0
2019-04-17T13:00,0.0,0.0,0.0,0.0,0.0
2019-04-17T14:00,0.0,0.0,0.0,0.0,0.0
2019-04-17T15:00,0.0,0.0,0.0,0.0,0.0
2019-04-17T16:00,0.0,0.0,0.0,0.0,0.0
2019-04-17T17:00,0.0,0.0,0.0,0.0,0.0
2019-04-17T18:00,0.0,0.0,0.0,0.0,0.0
2019-04-17T19:00,0.0,0.0,0.0,0.0,0.0
2019-04-17T20:00,0.0,0.0,0.0,0.0,0.0
2019-04-17T21:00,0.0,0.0,0.0,0.0,0.0
2019-04-17T22:00,16.3,2.3,14.0,13.3,140.2
2019-04-17T23:00,146.0,56.3,89.7,256.9,452.1
2019-04-18T00:00,283.0,124.8,158.2,282.9,740.3
2019-04-18T01:00,406.7,206.8,200.0,323.8,985.2
2019-04-18T02:00,647.0,434.2,212.8,544.3,1170.2
2019-04-18T03:00,738.6,515.0,223.7,567.2,1282.7
2019-04-18T04:00,695.9,404.8,291.0,421.0,1315.0
2019-04-18T05:00,753.0,456.5,296.5,478.0,1264.9
2019-04-18T06:00,553.5,289.9,263.6,326.2,1135.9
2019-04-18T07:00,479.3,260.8,218.5,339.9,936.8
2019-04-18T08:00,305.0,140.8,164.2,235.0,681.2
2019-04-18T09:00,143.4,49.7,93.7,125.9,386.5
2019-04-18T10:00,18.3,3.2,15.2,16.7,72.8
2019-04-18T11:00,0.0,0.0,0.0,0.0,0.0
2019-04-18T12:00,0.0,0.0,0.0,0.0,0.0
2019-04-18T13:00,0.0,0.0,0.0,0.0,0.0
2019-04-18T14:00,0.0,0.0,0.0,0.0,0.0
2019-04-18T15:00,0.0,0.0,0.0,0.0,0.0
2019-04-18T16:00,0.0,0.0,0.0,0.0,0.0
2019-04-18T17:00,0.0,0.0,0.0,0.0,0.0
2019-04-18T18:00,0.0,0.0,0.0,0.0,0.0
2019-04-18T19:00,0.0,0.0,0.0,0.0,0.0
2019-04-18T20:00,0.0,0.0,0.0,0.0,0.0
2019-04-18T21:00,0.0,0.0,0.0,0.0,0.0
2019-04-18T22:00,9.3,0.0,9.3,0.0,144.8
2019-04-18T23:00,51.4,0.0,51.4,0.0,456.0
2019-04-19T00:00,125.8,3.7,122.1,8.3,743.6
2019-04-19T01:00,260.0,28.4,231.6,44.3,987.9
2019-04-19T02:00,258.1,86.4,171.7,108.0,1172.4
2019-04-19T03:00,481.6,207.0,274.6,227.5,1284.3
2019-04-19T04:00,174.2,0.0,174.2,0.0,1316.3
2019-04-19T05:00,322.8,127.8,195.1,133.6,1266.0
2019-04-19T06:00,471.6,157.2,314.4,176.6,1136.9
2019-04-19T07:00,304.0,44.1,259.9,57.4,937.9
2019-04-19T08:00,173.5,8.4,165.1,14.0,682.5
2019-04-19T09:00,65.7,2.2,63.5,5.5,388.2
2019-04-19T10:00,9.4,0.0,9.4,0.0,75.1
2019-04-19T11:00,0.0,0.0,0.0,0.0,0.0
2019-04-19T12:00,0.0,0.0,0.0,0.0,0.0
2019-04-19T13:00,0.0,0.0,0.0,0.0,0.0
2019-04-19T14:00,0.0,0.0,0.0,0.0,0.0
2019-04-19T15:00,0.0,0.0,0.0,0.0,0.0
2019-04-19T16:00,0.0,0.0,0.0,0.0,0.0
2019-04-19T17:00,0.0,0.0,0.0,0.0,0.0
2019-04-19T18:00,0.0,0.0,0.0,0.0,0.0
2019-04-19T19:00,0.0,0.0,0.0,0.0,0.0
2019-04-19T20:00,0.0,0.0,0.0,0.0,0.0
2019-04-19T21:00,0.0,0.0,0.0,0.0,0.0
2019-04-19T22:00,9.2,0.0,9.2,0.0,149.3
2019-04-19T23:00,40.6,7.5,33.1,33.4,459.9
2019-04-20T00:00,155.2,17.2,138.0,38.6,746.9
2019-04-20T01:00,310.9,121.4,189.5,188.6,990.6
2019-04-20T02:00,548.3,338.9,209.4,422.5,1174.4
2019-04-20T03:00,627.0,286.0,341.1,313.7,1285.9
2019-04-20T04:00,669.5,305.1,364.5,316.2,1317.5
2019-04-20T05:00,632.0,349.2,282.8,364.6,1267.0
2019-04-20T06:00,595.9,403.9,192.0,453.2,1137.9
2019-04-20T07:00,362.5,197.9,164.6,257.2,939.0
2019-04-20T08:00,260.0,109.9,150.1,182.7,683.9
2019-04-20T09:00,143.2,65.1,78.1,163.6,390.0
2019-04-20T10:00,23.8,8.9,14.8,47.2,77.3
2019-04-20T11:00,0.0,0.0,0.0,0.0,0.0
2019-04-20T12:00,0.0,0.0,0.0,0.0,0.0
2019-04-20T13:00,0.0,0.0,0.0,0.0,0.0
2019-04-20T14:00,0.0,0.0,0.0,0.0,0.0
2019-04-20T15:00,0.0,0.0,0.0,0.0,0.0
2019-04-20T16:00,0.0,0.0,0.0,0.0,0.0
2019-04-20T17:00,0.0,0.0,0.0,0.0,0.0
2019-04-20T18:00,0.0,0.0,0.0,0.0,0.0
2019-04-20T19:00,0.0,0.0,0.0,0.0,0.0
2019-04-20T20:00,0.0,0.0,0.0,0.0,0.0
2019-04-20T21:00,0.0,0.0,0.0,0.0,0.0
2019-04-20T22:00,13.8,2.3,11.5,13.1,153.7
2019-04-20T23:00,88.3,22.4,65.8,98.2,463.8
2019-04-21T00:00,244.8,93.5,151.3,207.8,750.1
2019-04-21T01:00,131.5,10.2,121.3,15.8,993.1
2019-04-21T02:00,436.9,209.3,227.6,260.2,1176.4
2019-04-21T03:00,651.8,393.0,258.9,430.2,1287.4
2019-04-21T04:00,684.5,455.0,229.5,470.9,1318.6
2019-04-21T05:00,527.6,278.0,249.7,289.8,1267.9
2019-04-21T06:00,467.0,192.1,274.9,215.2,1138.7
2019-04-21T07:00,490.4,289.7,200.6,375.9,940.0
2019-04-21T08:00,302.9,178.7,124.2,296.7,685.2
2019-04-21T09:00,107.9,32.6,75.3,81.7,391.7
2019-04-21T10:00,9.8,1.3,8.4,7.1,79.6
2019-04-21T11:00,0.0,0.0,0.0,0.0,0.0
2019-04-21T12:00,0.0,0.0,0.0,0.0,0.0
2019-04-21T13:00,0.0,0.0,0.0,0.0,0.0
2019-04-21T14:00,0.0,0.0,0.0,0.0,0.0
2019-04-21T15:00,0.0,0.0,0.0,0.0,0.0
2019-04-21T16:00,0.0,0.0,0.0,0.0,0.0
2019-04-21T17:00,0.0,0.0,0.0,0.0,0.0
2019-04-21T18:00,0.0,0.0,0.0,0.0,0.0
2019-04-21T19:00,0.0,0.0,0.0,0.0,0.0
2019-04-21T20:00,0.0,0.0,0.0,0.0,0.0
2019-04-21T21:00,0.0,0.0,0.0,0.0,0.0
2019-04-21T22:00,25.2,2.3,22.9,13.0,158.0
2019-04-21T23:00,195.1,90.8,104.2,392.0,467.5
2019-04-22T00:00,395.5,249.3,146.2,550.9,753.1
2019-04-22T01:00,554.0,377.3,176.7,581.7,995.6
2019-04-22T02:00,661.1,482.1,179.0,597.9,1178.3
2019-04-22T03:00,723.4,516.6,206.8,564.4,1288.8
2019-04-22T04:00,734.8,506.3,228.5,523.2,1319.7
2019-04-22T05:00,715.8,505.2,210.6,526.1,1268.8
2019-04-22T06:00,436.8,221.2,215.6,247.6,1139.6
2019-04-22T07:00,352.8,157.5,195.3,204.1,941.0
2019-04-22T08:00,290.5,157.8,132.6,261.5,686.5
2019-04-22T09:00,108.1,30.5,77.6,76.1,393.4
2019-04-22T10:00,16.8,2.7,14.1,14.6,81.8
2019-04-22T11:00,0.0,0.0,0.0,0.0,0.0
2019-04-22T12:00,0.0,0.0,0.0,0.0,0.0
2019-04-22T13:00,0.0,0.0,0.0,0.0,0.0
2019-04-22T14:00,0.0,0.0,0.0,0.0,0.0
2019-04-22T15:00,0.0,0.0,0.0,0.0,0.0
2019-04-22T16:00,0.0,0.0,0.0,0.0,0.0
2019-04-22T17:00,0.0,0.0,0.0,0.0,0.0
2019-04-22T18:00,0.0,0.0,0.0,0.0,0.0
2019-04-22T19:00,0.0,0.0,0.0,0.0,0.0
2019-04-22T20:00,0.0,0.0,0.0,0.0,0.0
2019-04-22T21:00,0.0,0.0,0.0,0.0,0.0
2019-04-22T22:00,25.1,4.6,20.5,25.9,162.3
2019-04-22T23:00,189.7,91.9,97.8,391.4,471.1
2019-04-23T00:00,394.9,246.5,148.4,541.5,756.1
2019-04-23T01:00,600.1,431.4,168.7,662.7,998.0
2019-04-23T02:00,732.0,543.4,188.7,672.2,1180.1
2019-04-23T03:00,854.2,664.0,190.2,724.2,1290.2
2019-04-23T04:00,845.4,626.0,219.4,646.0,1320.7
2019-04-23T05:00,761.6,579.3,182.4,602.5,1269.6
2019-04-23T06:00,632.7,453.8,178.9,507.3,1140.4
2019-04-23T07:00,532.9,375.3,157.5,485.7,941.9
2019-04-23T08:00,356.1,225.9,130.2,373.6,687.7
2019-04-23T09:00,167.1,93.0,74.1,231.5,395.1
2019-04-23T10:00,23.4,7.0,16.4,37.2,84.1
2019-04-23T11:00,0.0,0.0,0.0,0.0,0.0
2019-04-23T12:00,0.0,0.0,0.0,0.0,0.0
2019-04-23T13:00,0.0,0.0,0.0,0.0,0.0
2019-04-23T14:00,0.0,0.0,0.0,0.0,0.0
2019-04-23T15:00,0.0,0.0,0.0,0.0,0.0
2019-04-23T16:00,0.0,0.0,0.0,0.0,0.0
2019-04-23T17:00,0.0,0.0,0.0,0.0,0.0
2019-04-23T18:00,0.0,0.0,0.0,0.0,0.0
2019-04-23T19:00,0.0,0.0,0.0,0.0,0.0
2019-04-23T20:00,0.0,0.0,0.0,0.0,0.0
2019-04-23T21:00,0.0,0.0,0.0,0.0,0.0
2019-04-23T22:00,29.5,6.8,22.7,38.6,166.4
2019-04-23T23:00,205.1,107.7,97.4,453.1,474.6
2019-04-24T00:00,412.8,276.8,136.0,604.6,759.0
2019-04-24T01:00,623.4,468.4,155.0,717.2,1000.2
2019-04-24T02:00,781.3,608.9,172.4,751.5,1181.8
2019-04-24T03:00,873.7,689.9,183.9,751.1,1291.4
2019-04-24T04:00,842.3,654.1,188.2,674.1,1321.7
2019-04-24T05:00,777.2,567.5,209.7,589.6,1270.4
2019-04-24T06:00,667.6,464.2,203.4,518.3,1141.2
2019-04-24T07:00,425.8,226.0,199.9,292.0,942.9
2019-04-24T08:00,340.3,207.6,132.8,342.6,689.0
2019-04-24T09:00,182.7,104.8,77.9,260.0,396.8
2019-04-24T10:00,27.4,11.4,16.0,60.7,86.4
2019-04-24T11:00,0.0,0.0,0.0,0.0,0.0
2019-04-24T12:00,0.0,0.0,0.0,0.0,0.0
2019-04-24T13:00,0.0,0.0,0.0,0.0,0.0
2019-04-24T14:00,0.0,0.0,0.0,0.0,0.0
2019-04-24T15:00,0.0,0.0,0.0,0.0,0.0
2019-04-24T16:00,0.0,0.0,0.0,0.0,0.0
2019-04-24T17:00,0.0,0.0,0.0,0.0,0.0
2019-04-24T18:00,0.0,0.0,0.0,0.0,0.0
2019-04-24T19:00,0.0,0.0,0.0,0.0,0.0
2019-04-24T20:00,0.0,0.0,0.0,0.0,0.0
2019-04-24T21:00,0.0,0.0,0.0,0.0,0.0
2019-04-24T22:00,27.2,6.8,20.4,38.3,170.5
2019-04-24T23:00,201.2,104.3,96.9,433.5,478.1
2019-04-25T00:00,419.5,282.5,137.0,613.7,761.8
2019-04-25T01:00,586.9,417.2,169.6,636.7,1002.4
2019-04-25T02:00,718.6,515.0,203.6,634.1,1183.5
2019-04-25T03:00,786.3,525.6,260.7,571.3,1292.6
2019-04-25T04:00,876.4,664.1,212.3,683.4,1322.5
2019-04-25T05:00,830.8,626.0,204.8,649.6,1271.1
2019-04-25T06:00,732.6,533.9,198.7,595.5,1141.9
2019-04-25T07:00,537.6,392.6,145.0,506.6,943.8
2019-04-25T08:00,343.9,195.1,148.8,321.3,690.2
2019-04-25T09:00,185.1,110.1,75.1,272.2,398.5
2019-04-25T10:00,29.4,10.2,19.2,54.1,88.6
2019-04-25T11:00,0.0,0.0,0.0,0.0,0.0
2019-04-25T12:00,0.0,0.0,0.0,0.0,0.0
2019-04-25T13:00,0.0,0.0,0.0,0.0,0.0
2019-04-25T14:00,0.0,0.0,0.0,0.0,0.0
2019-04-25T15:00,0.0,0.0,0.0,0.0,0.0
2019-04-25T16:00,0.0,0.0,0.0,0.0,0.0
2019-04-25T17:00,0.0,0.0,0.0,0.0,0.0
2019-04-25T18:00,0.0,0.0,0.0,0.0,0.0
2019-04-25T19:00,0.0,0.0,0.0,0.0,0.0
2019-04-25T20:00,0.0,0.0,0.0,0.0,0.0
2019-04-25T21:00,0.0,0.0,0.0,0.0,0.0
2019-04-25T22:00,18.1,0.0,18.1,0.0,174.4
2019-04-25T23:00,171.1,71.7,99.5,294.5,481.4
2019-04-26T00:00,354.3,194.2,160.0,419.6,764.5
2019-04-26T01:00,488.2,274.6,213.6,417.7,1004.5
2019-04-26T02:00,594.5,306.9,287.5,377.1,1185.0
2019-04-26T03:00,653.2,284.6,368.7,308.8,1293.8
2019-04-26T04:00,756.6,484.9,271.6,498.4,1323.4
2019-04-26T05:00,706.9,371.5,335.4,385.1,1271.8
2019-04-26T06:00,561.2,275.0,286.3,306.3,1142.7
2019-04-26T07:00,495.4,288.2,207.1,371.4,944.7
2019-04-26T08:00,285.2,122.0,163.2,200.6,691.5
2019-04-26T09:00,143.1,54.0,89.1,133.2,400.3
2019-04-26T10:00,22.1,1.8,20.3,9.8,90.9
2019-04-26T11:00,0.0,0.0,0.0,0.0,0.0
2019-04-26T12:00,0.0,0.0,0.0,0.0,0.0
2019-04-26T13:00,0.0,0.0,0.0,0.0,0.0
2019-04-26T14:00,0.0,0.0,0.0,0.0,0.0
2019-04-26T15:00,0.0,0.0,0.0,0.0,0.0
2019-04-26T16:00,0.0,0.0,0.0,0.0,0.0
2019-04-26T17:00,0.0,0.0,0.0,0.0,0.0
2019-04-26T18:00,0.0,0.0,0.0,0.0,0.0
2019-04-26T19:00,0.0,0.0,0.0,0.0,0.0
2019-04-26T20:00,0.0,0.0,0.0,0.0,0.0
2019-04-26T21:00,0.0,0.0,0.0,0.0,0.0
2019-04-26T22:00,18.0,0.0,18.0,0.0,178.2
2019-04-26T23:00,87.4,8.7,78.7,35.5,484.6
2019-04-27T00:00,224.5,29.3,195.2,62.9,767.1
2019-04-27T01:00,433.7,158.1,275.6,239.8,1006.5
2019-04-27T02:00,482.3,190.6,291.8,233.7,1186.5
2019-04-27T03:00,598.1,172.4,425.7,186.8,1294.8
2019-04-27T04:00,652.9,231.4,421.5,237.5,1324.1
2019-04-27T05:00,459.3,119.9,339.3,124.2,1272.5
2019-04-27T06:00,416.2,99.8,316.4,111.1,1143.3
2019-04-27T07:00,230.6,19.8,210.8,25.5,945.6
2019-04-27T08:00,137.2,5.9,131.3,9.7,692.7
2019-04-27T09:00,113.3,33.6,79.7,82.7,402.0
2019-04-27T10:00,31.9,9.4,22.5,50.1,93.2
2019-04-27T11:00,0.0,0.0,0.0,0.0,0.0
2019-04-27T12:00,0.0,0.0,0.0,0.0,0.0
2019-04-27T13:00,0.0,0.0,0.0,0.0,0.0
2019-04-27T14:00,0.0,0.0,0.0,0.0,0.0
2019-04-27T15:00,0.0,0.0,0.0,0.0,0.0
2019-04-27T16:00,0.0,0.0,0.0,0.0,0.0
2019-04-27T17:00,0.0,0.0,0.0,0.0,0.0
2019-04-27T18:00,0.0,0.0,0.0,0.0,0.0
2019-04-27T19:00,0.0,0.0,0.0,0.0,0.0
2019-04-27T20:00,0.0,0.0,0.0,0.0,0.0
2019-04-27T21:00,0.0,0.0,0.0,0.0,0.0
2019-04-27T22:00,33.7,4.5,29.2,25.1,181.9
2019-04-27T23:00,209.0,88.5,120.5,355.9,487.7
2019-04-28T00:00,422.9,268.1,154.8,573.4,769.5
2019-04-28T01:00,579.1,378.1,200.9,571.7,1008.3
2019-04-28T02:00,672.7,414.4,258.3,507.1,1187.8
2019-04-28T03:00,688.3,337.4,350.9,365.1,1295.8
2019-04-28T04:00,596.5,337.0,259.5,345.5,1324.8
2019-04-28T05:00,504.1,295.4,208.7,305.6,1273.1
2019-04-28T06:00,547.2,331.5,215.7,368.6,1144.0
2019-04-28T07:00,444.2,287.4,156.8,369.5,946.5
2019-04-28T08:00,264.4,136.4,128.0,223.5,694.0
2019-04-28T09:00,180.9,86.4,94.5,211.7,403.7
2019-04-28T10:00,32.4,14.1,18.3,75.4,95.4
2019-04-28T11:00,0.0,0.0,0.0,0.0,0.0
2019-04-28T12:00,0.0,0.0,0.0,0.0,0.0
2019-04-28T13:00,0.0,0.0,0.0,0.0,0.0
2019-04-28T14:00,0.0,0.0,0.0,0.0,0.0
2019-04-28T15:00,0.0,0.0,0.0,0.0,0.0
2019-04-28T16:00,0.0,0.0,0.0,0.0,0.0
2019-04-28T17:00,0.0,0.0,0.0,0.0,0.0
2019-04-28T18:00,0.0,0.0,0.0,0.0,0.0
2019-04-28T19:00,0.0,0.0,0.0,0.0,0.0
2019-04-28T20:00,0.0,0.0,0.0,0.0,0.0
2019-04-28T21:00,0.0,0.0,0.0,0.0,0.0
2019-04-28T22:00,33.6,9.0,24.6,49.8,185.5
2019-04-28T23:00,188.0,89.7,98.3,356.8,490.6
2019-04-29T00:00,417.5,270.2,147.3,575.3,771.9
2019-04-29T01:00,644.2,489.6,154.6,738.2,1010.1
2019-04-29T02:00,800.5,634.8,165.7,775.4,1189.1
2019-04-29T03:00,881.2,707.9,173.3,764.9,1296.7
2019-04-29T04:00,802.6,601.5,201.2,616.1,1325.5
2019-04-29T05:00,741.0,539.2,201.8,557.2,1273.6
2019-04-29T06:00,620.7,454.0,166.7,504.2,1144.6
2019-04-29T07:00,528.1,351.5,176.6,451.3,947.3
2019-04-29T08:00,374.9,257.0,117.9,420.3,695.2
2019-04-29T09:00,173.8,105.6,68.2,258.0,405.4
2019-04-29T10:00,33.3,14.3,19.0,76.6,97.7
2019-04-29T11:00,0.0,0.0,0.0,0.0,0.0
2019-04-29T12:00,0.0,0.0,0.0,0.0,0.0
2019-04-29T13:00,0.0,0.0,0.0,0.0,0.0
2019-04-29T14:00,0.0,0.0,0.0,0.0,0.0
2019-04-29T15:00,0.0,0.0,0.0,0.0,0.0
2019-04-29T16:00,0.0,0.0,0.0,0.0,0.0
2019-04-29T17:00,0.0,0.0,0.0,0.0,0.0
2019-04-29T18:00,0.0,0.0,0.0,0.0,0.0
2019-04-29T19:00,0.0,0.0,0.0,0.0,0.0
2019-04-29T20:00,0.0,0.0,0.0,0.0,0.0
2019-04-29T21:00,0.0,0.0,0.0,0.0,0.0
2019-04-29T22:00,35.8,8.9,26.8,49.5,189.0
2019-04-29T23:00,207.5,108.1,99.4,425.9,493.5
2019-04-30T00:00,414.6,274.8,139.8,582.3,774.1
2019-04-30T01:00,631.4,475.8,155.6,715.5,1011.8
2019-04-30T02:00,758.3,574.4,183.9,700.3,1190.3
2019-04-30T03:00,757.6,555.2,202.4,599.1,1297.5
2019-04-30T04:00,740.2,530.0,210.2,542.3,1326.1
2019-04-30T05:00,628.9,437.8,191.1,452.0,1274.1
2019-04-30T06:00,543.5,306.1,237.4,339.7,1145.3
2019-04-30T07:00,238.9,65.8,173.1,84.4,948.2
2019-04-30T08:00,181.2,58.2,123.1,95.0,696.4
2019-04-30T09:00,54.4,3.7,50.7,8.9,407.1
2019-04-30T10:00,7.1,0.0,7.1,0.0,100.0
2019-04-30T11:00,0.0,0.0,0.0,0.0,0.0
2019-04-30T12:00,0.0,0.0,0.0,0.0,0.0
2019-04-30T13:00,0.0,0.0,0.0,0.0,0.0
2019-04-30T14:00,0.0,0.0,0.0,0.0,0.0
2019-04-30T15:00,0.0,0.0,0.0,0.0,0.0
2019-04-30T16:00,0.0,0.0,0.0,0.0,0.0
2019-04-30T17:00,0.0,0.0,0.0,0.0,0.0
2019-04-30T18:00,0.0,0.0,0.0,0.0,0.0
2019-04-30T19:00,0.0,0.0,0.0,0.0,0.0
2019-04-30T20:00,0.0,0.0,0.0,0.0,0.0
2019-04-30T21:00,0.0,0.0,0.0,0.0,0.0
2019-04-30T22:00,11.2,0.0,11.2,0.0,192.4
2019-04-30T23:00,31.6,0.0,31.6,0.0,496.3
2019-05-01T00:00,103.2,2.4,100.8,5.1,776.3
2019-05-01T01:00,170.2,10.1,160.0,15.2,1013.4
2019-05-01T02:00,324.8,78.5,246.3,95.5,1191.4
2019-05-01T03:00,296.8,27.0,269.8,29.1,1298.3
2019-05-01T04:00,279.6,40.2,239.3,41.1,1326.6
2019-05-01T05:00,418.3,138.5,279.8,142.8,1274.6
2019-05-01T06:00,356.1,100.8,255.3,111.7,1145.8
2019-05-01T07:00,173.1,23.4,149.7,30.0,949.0
2019-05-01T08:00,189.8,43.0,146.7,70.1,697.7
2019-05-01T09:00,100.1,25.0,75.1,60.7,408.9
2019-05-01T10:00,16.0,1.6,14.4,8.4,102.3
2019-05-01T11:00,0.0,0.0,0.0,0.0,0.0
2019-05-01T12:00,0.0,0.0,0.0,0.0,0.0
2019-05-01T13:00,0.0,0.0,0.0,0.0,0.0
2019-05-01T14:00,0.0,0.0,0.0,0.0,0.0
2019-05-01T15:00,0.0,0.0,0.0,0.0,0.0
2019-05-01T16:00,0.0,0.0,0.0,0.0,0.0
2019-05-01T17:00,0.0,0.0,0.0,0.0,0.0
2019-05-01T18:00,0.0,0.0,0.0,0.0,0.0
2019-05-01T19:00,0.0,0.0,0.0,0.0,0.0
2019-05-01T20:00,0.0,0.0,0.0,0.0,0.0
2019-05-01T21:00,0.0,0.0,0.0,0.0,0.0
2019-05-01T22:00,26.7,2.2,24.5,12.2,195.7
2019-05-01T23:00,85.9,7.2,78.7,27.7,499.0
2019-05-02T00:00,120.1,25.5,94.6,53.5,778.4
2019-05-02T01:00,367.2,155.5,211.8,232.5,1014.9
2019-05-02T02:00,401.0,202.1,198.9,245.6,1192.5
2019-05-02T03:00,415.0,214.8,200.2,231.2,1299.0
2019-05-02T04:00,247.4,27.2,220.2,27.7,1327.1
2019-05-02T05:00,365.6,111.2,254.5,114.5,1275.1
2019-05-02T06:00,197.8,14.1,183.7,15.7,1146.4
2019-05-02T07:00,134.4,15.3,119.0,19.6,949.9
2019-05-02T08:00,51.5,0.0,51.5,0.0,698.9
2019-05-02T09:00,34.6,0.0,34.6,0.0,410.6
2019-05-02T10:00,8.1,0.0,8.1,0.0,104.7
2019-05-02T11:00,0.0,0.0,0.0,0.0,0.0
2019-05-02T12:00,0.0,0.0,0.0,0.0,0.0
2019-05-02T13:00,0.0,0.0,0.0,0.0,0.0
2019-05-02T14:00,0.0,0.0,0.0,0.0,0.0
2019-05-02T15:00,0.0,0.0,0.0,0.0,0.0
2019-05-02T16:00,0.0,0.0,0.0,0.0,0.0
2019-05-02T17:00,0.0,0.0,0.0,0.0,0.0
2019-05-02T18:00,0.0,0.0,0.0,0.0,0.0
2019-05-02T19:00,0.0,0.0,0.0,0.0,0.0
2019-05-02T20:00,0.0,0.0,0.0,0.0,0.0
2019-05-02T21:00,0.0,0.0,0.0,0.0,0.0
2019-05-02T22:00,8.9,0.0,8.9,0.0,198.9
2019-05-02T23:00,108.5,11.4,97.0,43.8,501.6
2019-05-03T00:00,181.8,31.5,150.3,65.9,780.4
2019-05-03T01:00,396.3,147.5,248.8,220.1,1016.4
2019-05-03T02:00,544.9,253.6,291.3,307.7,1193.5
2019-05-03T03:00,803.9,567.4,236.5,610.1,1299.6
2019-05-03T04:00,558.1,325.8,232.3,332.4,1327.6
2019-05-03T05:00,747.9,576.2,171.6,593.3,1275.5
2019-05-03T06:00,643.5,471.1,172.4,521.3,1147.0
2019-05-03T07:00,606.1,436.6,169.6,557.9,950.7
2019-05-03T08:00,437.3,325.0,112.3,527.9,700.1
2019-05-03T09:00,231.8,155.8,76.0,375.6,412.4
2019-05-03T10:00,47.3,24.7,22.6,127.6,107.0
2019-05-03T11:00,0.0,0.0,0.0,0.0,0.0
2019-05-03T12:00,0.0,0.0,0.0,0.0,0.0
2019-05-03T13:00,0.0,0.0,0.0,0.0,0.0
2019-05-03T14:00,0.0,0.0,0.0,0.0,0.0
2019-05-03T15:00,0.0,0.0,0.0,0.0,0.0
2019-05-03T16:00,0.0,0.0,0.0,0.0,0.0
2019-05-03T17:00,0.0,0.0,0.0,0.0,0.0
2019-05-03T18:00,0.0,0.0,0.0,0.0,0.0
2019-05-03T19:00,0.0,0.0,0.0,0.0,0.0
2019-05-03T20:00,0.0,0.0,0.0,0.0,0.0
2019-05-03T21:00,0.0,0.0,0.0,0.0,0.0
2019-05-03T22:00,24.4,2.2,22.2,12.1,202.1
2019-05-03T23:00,101.0,15.7,85.4,59.5,504.1
2019-05-04T00:00,204.6,55.7,148.9,116.1,782.4
2019-05-04T01:00,390.5,129.4,261.1,192.7,1017.8
2019-05-04T02:00,647.9,406.2,241.8,491.9,1194.5
2019-05-04T03:00,744.7,478.1,266.6,513.5,1300.3
2019-05-04T04:00,634.4,366.0,268.5,373.1,1328.1
2019-05-04T05:00,552.9,317.9,235.0,327.0,1275.9
2019-05-04T06:00,471.1,275.1,196.0,304.2,1147.5
2019-05-04T07:00,365.4,218.3,147.1,278.7,951.5
2019-05-04T08:00,196.0,79.4,116.6,128.7,701.4
2019-05-04T09:00,109.4,41.4,68.0,99.5,414.1
2019-05-04T10:00,22.1,5.0,17.1,25.7,109.3
2019-05-04T11:00,0.0,0.0,0.0,0.0,0.0
2019-05-04T12:00,0.0,0.0,0.0,0.0,0.0
2019-05-04T13:00,0.0,0.0,0.0,0.0,0.0
2019-05-04T14:00,0.0,0.0,0.0,0.0,0.0
2019-05-04T15:00,0.0,0.0,0.0,0.0,0.0
2019-05-04T16:00,0.0,0.0,0.0,0.0,0.0
2019-05-04T17:00,0.0,0.0,0.0,0.0,0.0
2019-05-04T18:00,0.0,0.0,0.0,0.0,0.0
2019-05-04T19:00,0.0,0.0,0.0,0.0,0.0
2019-05-04T20:00,0.0,0.0,0.0,0.0,0.0
2019-05-04T21:00,0.0,0.0,0.0,0.0,0.0
2019-05-04T22:00,48.7,13.3,35.5,72.2,205.1
2019-05-04T23:00,234.1,124.8,109.2,470.6,506.6
2019-05-05T00:00,456.1,312.1,144.0,647.9,784.2
2019-05-05T01:00,601.8,369.0,232.9,548.1,1019.1
2019-05-05T02:00,647.8,324.4,323.3,392.4,1195.3
2019-05-05T03:00,613.9,185.6,428.3,199.1,1300.8
2019-05-05T04:00,662.6,249.3,413.2,253.9,1328.4
2019-05-05T05:00,538.2,151.1,387.1,155.4,1276.3
2019-05-05T06:00,412.8,62.2,350.6,68.7,1148.0
2019-05-05T07:00,323.1,61.4,261.7,78.2,952.3
2019-05-05T08:00,252.7,54.9,197.8,88.9,702.6
2019-05-05T09:00,110.3,23.7,86.6,56.8,415.9
2019-05-05T10:00,15.2,0.4,14.8,2.1,111.7
2019-05-05T11:00,0.0,0.0,0.0,0.0,0.0
2019-05-05T12:00,0.0,0.0,0.0,0.0,0.0
2019-05-05T13:00,0.0,0.0,0.0,0.0,0.0
2019-05-05T14:00,0.0,0.0,0.0,0.0,0.0
2019-05-05T15:00,0.0,0.0,0.0,0.0,0.0
2019-05-05T16:00,0.0,0.0,0.0,0.0,0.0
2019-05-05T17:00,0.0,0.0,0.0,0.0,0.0
2019-05-05T18:00,0.0,0.0,0.0,0.0,0.0
2019-05-05T19:00,0.0,0.0,0.0,0.0,0.0
2019-05-05T20:00,0.0,0.0,0.0,0.0,0.0
2019-05-05T21:00,0.0,0.0,0.0,0.0,0.0
2019-05-05T22:00,8.8,0.0,8.8,0.0,208.1
2019-05-05T23:00,46.7,0.0,46.7,0.0,509.0
2019-05-06T00:00,74.9,8.5,66.5,17.5,786.0
2019-05-06T01:00,143.9,6.7,137.2,10.0,1020.4
2019-05-06T02:00,207.3,9.7,197.6,11.7,1196.2
2019-05-06T03:00,276.9,46.7,230.2,50.0,1301.3
2019-05-06T04:00,236.3,5.0,231.2,5.1,1328.8
2019-05-06T05:00,141.4,1.0,140.4,1.0,1276.7
2019-05-06T06:00,108.4,0.0,108.4,0.0,1148.5
2019-05-06T07:00,111.9,0.0,111.9,0.0,953.1
2019-05-06T08:00,83.7,16.1,67.6,26.0,703.8
2019-05-06T09:00,53.4,1.5,51.9,3.5,417.6
2019-05-06T10:00,10.7,0.0,10.7,0.0,114.0
2019-05-06T11:00,0.0,0.0,0.0,0.0,0.0
2019-05-06T12:00,0.0,0.0,0.0,0.0,0.0
2019-05-06T13:00,0.0,0.0,0.0,0.0,0.0
2019-05-06T14:00,0.0,0.0,0.0,0.0,0.0
2019-05-06T15:00,0.0,0.0,0.0,0.0,0.0
2019-05-06T16:00,0.0,0.0,0.0,0.0,0.0
2019-05-06T17:00,0.0,0.0,0.0,0.0,0.0
2019-05-06T18:00,0.0,0.0,0.0,0.0,0.0
2019-05-06T19:00,0.0,0.0,0.0,0.0,0.0
2019-05-06T20:00,0.0,0.0,0.0,0.0,0.0
2019-05-06T21:00,0.0,0.0,0.0,0.0,0.0
2019-05-06T22:00,8.8,0.0,8.8,0.0,211.0
2019-05-06T23:00,35.3,0.0,35.3,0.0,511.3
2019-05-07T00:00,95.4,3.6,91.8,7.5,787.7
2019-05-07T01:00,224.8,32.6,192.2,48.2,1021.6
2019-05-07T02:00,270.6,46.2,224.4,55.7,1196.9
2019-05-07T03:00,304.8,61.2,243.6,65.5,1301.8
2019-05-07T04:00,282.5,25.1,257.4,25.6,1329.1
2019-05-07T05:00,262.3,43.9,218.4,45.0,1277.0
2019-05-07T06:00,231.9,34.9,197.0,38.5,1149.0
2019-05-07T07:00,192.3,23.5,168.8,29.9,953.9
2019-05-07T08:00,179.4,45.7,133.7,73.7,705.1
2019-05-07T09:00,84.7,0.0,84.7,0.0,419.4
2019-05-07T10:00,13.9,3.0,10.8,15.2,116.3
2019-05-07T11:00,0.0,0.0,0.0,0.0,0.0
2019-05-07T12:00,0.0,0.0,0.0,0.0,0.0
2019-05-07T13:00,0.0,0.0,0.0,0.0,0.0
2019-05-07T14:00,0.0,0.0,0.0,0.0,0.0
2019-05-07T15:00,0.0,0.0,0.0,0.0,0.0
2019-05-07T16:00,0.0,0.0,0.0,0.0,0.0
2019-05-07T17:00,0.0,0.0,0.0,0.0,0.0
2019-05-07T18:00,0.0,0.0,0.0,0.0,0.0
2019-05-07T19:00,0.0,0.0,0.0,0.0,0.0
2019-05-07T20:00,0.0,0.0,0.0,0.0,0.0
2019-05-07T21:00,0.0,0.0,0.0,0.0,0.0
2019-05-07T22:00,15.4,0.0,15.4,0.0,213.8
2019-05-07T23:00,36.6,0.0,36.6,0.0,513.5
2019-05-08T00:00,95.3,3.6,91.7,7.4,789.3
2019-05-08T01:00,105.6,0.0,105.6,0.0,1022.7
2019-05-08T02:00,132.0,3.2,128.8,3.9,1197.6
2019-05-08T03:00,306.9,58.1,248.8,62.1,1302.2
2019-05-08T04:00,482.5,103.5,379.0,105.2,1329.4
2019-05-08T05:00,261.3,44.9,216.5,46.0,1277.3
2019-05-08T06:00,366.7,76.4,290.3,84.1,1149.5
2019-05-08T07:00,303.4,71.3,232.1,90.7,954.7
2019-05-08T08:00,176.1,38.9,137.1,62.7,706.3
2019-05-08T09:00,108.6,32.7,75.9,77.7,421.1
2019-05-08T10:00,31.1,9.2,21.9,45.8,118.7
2019-05-08T11:00,0.0,0.0,0.0,0.0,0.0
2019-05-08T12:00,0.0,0.0,0.0,0.0,0.0
2019-05-08T13:00,0.0,0.0,0.0,0.0,0.0
2019-05-08T14:00,0.0,0.0,0.0,0.0,0.0
2019-05-08T15:00,0.0,0.0,0.0,0.0,0.0
2019-05-08T16:00,0.0,0.0,0.0,0.0,0.0
2019-05-08T17:00,0.0,0.0,0.0,0.0,0.0
2019-05-08T18:00,0.0,0.0,0.0,0.0,0.0
2019-05-08T19:00,0.0,0.0,0.0,0.0,0.0
2019-05-08T20:00,0.0,0.0,0.0,0.0,0.0
2019-05-08T21:00,0.0,0.0,0.0,0.0,0.0
2019-05-08T22:00,6.6,0.0,6.6,0.0,216.6
2019-05-08T23:00,71.6,2.8,68.8,10.3,515.6
2019-05-09T00:00,102.5,6.0,96.4,12.3,790.9
2019-05-09T01:00,170.7,9.0,161.7,13.2,1023.7
2019-05-09T02:00,250.1,38.6,211.4,46.5,1198.3
2019-05-09T03:00,268.5,27.0,241.5,28.8,1302.6
2019-05-09T04:00,216.1,13.1,203.1,13.3,1329.6
2019-05-09T05:00,172.6,1.0,171.6,1.0,1277.5
2019-05-09T06:00,180.1,15.1,165.0,16.6,1149.9
2019-05-09T07:00,84.9,3.6,81.3,4.6,955.5
2019-05-09T08:00,63.5,0.8,62.7,1.4,707.5
2019-05-09T09:00,31.3,3.7,27.6,8.8,422.9
2019-05-09T10:00,9.3,0.4,8.9,2.2,121.0
2019-05-09T11:00,0.0,0.0,0.0,0.0,0.0
2019-05-09T12:00,0.0,0.0,0.0,0.0,0.0
2019-05-09T13:00,0.0,0.0,0.0,0.0,0.0
2019-05-09T14:00,0.0,0.0,0.0,0.0,0.0
2019-05-09T15:00,0.0,0.0,0.0,0.0,0.0
2019-05-09T16:00,0.0,0.0,0.0,0.0,0.0
2019-05-09T17:00,0.0,0.0,0.0,0.0,0.0
2019-05-09T18:00,0.0,0.0,0.0,0.0,0.0
2019-05-09T19:00,0.0,0.0,0.0,0.0,0.0
2019-05-09T20:00,0.0,0.0,0.0,0.0,0.0
2019-05-09T21:00,0.0,0.0,0.0,0.0,0.0
2019-05-09T22:00,17.6,0.0,17.6,0.0,219.2
2019-05-09T23:00,44.8,2.8,42.0,10.2,517.6
2019-05-10T00:00,184.3,66.2,118.0,135.2,792.4
2019-05-10T01:00,231.3,59.5,171.8,87.5,1024.7
2019-05-10T02:00,340.2,68.7,271.5,82.5,1198.8
2019-05-10T03:00,429.1,130.6,298.5,139.5,1302.9
2019-05-10T04:00,560.9,186.0,374.9,188.7,1329.8
2019-05-10T05:00,445.7,103.4,342.3,105.9,1277.8
2019-05-10T06:00,606.3,294.2,312.1,323.7,1150.4
2019-05-10T07:00,529.5,286.4,243.0,363.2,956.3
2019-05-10T08:00,337.3,141.5,195.8,227.2,708.7
2019-05-10T09:00,177.6,71.6,106.0,169.0,424.6
2019-05-10T10:00,39.5,12.6,26.9,61.5,123.3
2019-05-10T11:00,0.0,0.0,0.0,0.0,0.0
2019-05-10T12:00,0.0,0.0,0.0,0.0,0.0
2019-05-10T13:00,0.0,0.0,0.0,0.0,0.0
2019-05-10T14:00,0.0,0.0,0.0,0.0,0.0
2019-05-10T15:00,0.0,0.0,0.0,0.0,0.0
2019-05-10T16:00,0.0,0.0,0.0,0.0,0.0
2019-05-10T17:00,0.0,0.0,0.0,0.0,0.0
2019-05-10T18:00,0.0,0.0,0.0,0.0,0.0
2019-05-10T19:00,0.0,0.0,0.0,0.0,0.0
2019-05-10T20:00,0.0,0.0,0.0,0.0,0.0
2019-05-10T21:00,0.0,0.0,0.0,0.0,0.0
2019-05-10T22:00,48.4,15.4,33.0,81.8,221.7
2019-05-10T23:00,171.9,67.1,104.8,242.1,519.5
2019-05-11T00:00,202.2,60.2,142.0,122.5,793.7
2019-05-11T01:00,475.8,262.6,213.2,385.5,1025.6
2019-05-11T02:00,515.0,274.7,240.3,329.7,1199.3
2019-05-11T03:00,541.0,182.4,358.6,194.6,1303.2
2019-05-11T04:00,605.1,323.7,281.4,328.2,1330.0
2019-05-11T05:00,570.5,234.0,336.4,239.6,1278.0
2019-05-11T06:00,611.0,326.3,284.8,358.7,1150.8
2019-05-11T07:00,477.2,287.4,189.8,364.1,957.0
2019-05-11T08:00,284.0,119.6,164.5,191.6,709.9
2019-05-11T09:00,177.9,71.8,106.1,168.8,426.3
2019-05-11T10:00,37.2,12.3,25.0,59.5,125.6
2019-05-11T11:00,0.0,0.0,0.0,0.0,0.0
2019-05-11T12:00,0.0,0.0,0.0,0.0,0.0
2019-05-11T13:00,0.0,0.0,0.0,0.0,0.0
2019-05-11T14:00,0.0,0.0,0.0,0.0,0.0
2019-05-11T15:00,0.0,0.0,0.0,0.0,0.0
2019-05-11T16:00,0.0,0.0,0.0,0.0,0.0
2019-05-11T17:00,0.0,0.0,0.0,0.0,0.0
2019-05-11T18:00,0.0,0.0,0.0,0.0,0.0
2019-05-11T19:00,0.0,0.0,0.0,0.0,0.0
2019-05-11T20:00,0.0,0.0,0.0,0.0,0.0
2019-05-11T21:00,0.0,0.0,0.0,0.0,0.0
2019-05-11T22:00,63.7,22.0,41.7,116.3,224.1
2019-05-11T23:00,257.9,154.8,103.2,555.1,521.4
2019-05-12T00:00,457.0,298.3,158.8,605.2,795.0
2019-05-12T01:00,627.1,434.1,192.9,636.4,1026.4
2019-05-12T02:00,765.9,561.0,204.9,672.7,1199.8
2019-05-12T03:00,857.0,589.6,267.4,628.7,1303.4
2019-05-12T04:00,865.4,664.4,201.0,673.4,1330.1
2019-05-12T05:00,777.3,576.4,200.9,589.8,1278.2
2019-05-12T06:00,537.6,342.3,195.2,376.1,1151.2
2019-05-12T07:00,488.1,323.6,164.5,409.6,957.8
2019-05-12T08:00,369.0,252.0,117.1,403.1,711.1
2019-05-12T09:00,198.4,122.0,76.4,286.1,428.1
2019-05-12T10:00,50.5,23.9,26.6,114.9,127.9
2019-05-12T11:00,0.0,0.0,0.0,0.0,0.0
2019-05-12T12:00,0.0,0.0,0.0,0.0,0.0
2019-05-12T13:00,0.0,0.0,0.0,0.0,0.0
2019-05-12T14:00,0.0,0.0,0.0,0.0,0.0
2019-05-12T15:00,0.0,0.0,0.0,0.0,0.0
2019-05-12T16:00,0.0,0.0,0.0,0.0,0.0
2019-05-12T17:00,0.0,0.0,0.0,0.0,0.0
2019-05-12T18:00,0.0,0.0,0.0,0.0,0.0
2019-05-12T19:00,0.0,0.0,0.0,0.0,0.0
2019-05-12T20:00,0.0,0.0,0.0,0.0,0.0
2019-05-12T21:00,0.0,0.0,0.0,0.0,0.0
2019-05-12T22:00,65.8,24.1,41.7,127.4,226.5
2019-05-12T23:00,263.0,160.0,103.0,570.5,523.2
2019-05-13T00:00,479.5,348.5,131.0,705.3,796.3
2019-05-13T01:00,679.6,536.0,143.5,784.6,1027.2
2019-05-13T02:00,805.4,653.1,152.3,782.4,1200.2
2019-05-13T03:00,798.9,624.8,174.1,665.8,1303.6
2019-05-13T04:00,807.1,604.1,203.0,611.9,1330.2
2019-05-13T05:00,776.3,593.9,182.4,607.4,1278.4
2019-05-13T06:00,627.2,431.0,196.2,473.3,1151.6
2019-05-13T07:00,551.5,412.3,139.2,521.4,958.5
2019-05-13T08:00,418.5,307.3,111.2,490.8,712.3
2019-05-13T09:00,245.9,172.4,73.5,403.1,429.8
2019-05-13T10:00,58.9,32.0,26.9,152.9,130.2
2019-05-13T11:00,0.0,0.0,0.0,0.0,0.0
2019-05-13T12:00,0.0,0.0,0.0,0.0,0.0
2019-05-13T13:00,0.0,0.0,0.0,0.0,0.0
2019-05-13T14:00,0.0,0.0,0.0,0.0,0.0
2019-05-13T15:00,0.0,0.0,0.0,0.0,0.0
2019-05-13T16:00,0.0,0.0,0.0,0.0,0.0
2019-05-13T17:00,0.0,0.0,0.0,0.0,0.0
2019-05-13T18:00,0.0,0.0,0.0,0.0,0.0
2019-05-13T19:00,0.0,0.0,0.0,0.0,0.0
2019-05-13T20:00,0.0,0.0,0.0,0.0,0.0
2019-05-13T21:00,0.0,0.0,0.0,0.0,0.0
2019-05-13T22:00,65.8,24.1,41.7,126.9,228.7
2019-05-13T23:00,222.2,94.4,127.8,334.8,524.8
2019-05-14T00:00,419.2,242.6,176.6,489.7,797.4
2019-05-14T01:00,612.1,404.7,207.4,591.5,1027.9
2019-05-14T02:00,769.9,522.2,247.7,625.0,1200.6
2019-05-14T03:00,791.6,551.2,240.4,587.0,1303.7
2019-05-14T04:00,739.8,429.2,310.6,434.5,1330.3
2019-05-14T05:00,767.6,453.5,314.1,463.6,1278.5
2019-05-14T06:00,731.1,518.8,212.2,569.3,1151.9
2019-05-14T07:00,560.7,408.8,151.9,516.4,959.2
2019-05-14T08:00,367.7,223.4,144.4,356.2,713.5
2019-05-14T09:00,139.6,69.1,70.6,161.0,431.5
2019-05-14T10:00,37.0,13.6,23.4,64.5,132.5
2019-05-14T11:00,0.0,0.0,0.0,0.0,0.0
2019-05-14T12:00,0.0,0.0,0.0,0.0,0.0
2019-05-14T13:00,0.0,0.0,0.0,0.0,0.0
2019-05-14T14:00,0.0,0.0,0.0,0.0,0.0
2019-05-14T15:00,0.0,0.0,0.0,0.0,0.0
2019-05-14T16:00,0.0,0.0,0.0,0.0,0.0
2019-05-14T17:00,0.0,0.0,0.0,0.0,0.0
2019-05-14T18:00,0.0,0.0,0.0,0.0,0.0
2019-05-14T19:00,0.0,0.0,0.0,0.0,0.0
2019-05-14T20:00,0.0,0.0,0.0,0.0,0.0
2019-05-14T21:00,0.0,0.0,0.0,0.0,0.0
2019-05-14T22:00,35.1,4.4,30.7,23.0,230.8
2019-05-14T23:00,135.8,20.8,115.0,73.3,526.4
2019-05-15T00:00,264.1,97.2,166.8,195.8,798.4
2019-05-15T01:00,394.5,172.6,221.9,251.9,1028.5
2019-05-15T02:00,526.4,227.3,299.1,271.8,1200.8
2019-05-15T03:00,657.9,442.4,215.5,470.8,1303.8
2019-05-15T04:00,646.3,406.1,240.2,410.9,1330.3
2019-05-15T05:00,398.9,160.9,238.0,164.4,1278.6
2019-05-15T06:00,243.4,33.0,210.4,36.2,1152.3
2019-05-15T07:00,134.8,0.0,134.8,0.0,959.9
2019-05-15T08:00,125.8,4.2,121.5,6.8,714.7
2019-05-15T09:00,133.8,48.9,85.0,113.6,433.2
2019-05-15T10:00,37.9,6.2,31.7,29.0,134.7
2019-05-15T11:00,0.0,0.0,0.0,0.0,0.0
2019-05-15T12:00,0.0,0.0,0.0,0.0,0.0
2019-05-15T13:00,0.0,0.0,0.0,0.0,0.0
2019-05-15T14:00,0.0,0.0,0.0,0.0,0.0
2019-05-15T15:00,0.0,0.0,0.0,0.0,0.0
2019-05-15T16:00,0.0,0.0,0.0,0.0,0.0
2019-05-15T17:00,0.0,0.0,0.0,0.0,0.0
2019-05-15T18:00,0.0,0.0,0.0,0.0,0.0
2019-05-15T19:00,0.0,0.0,0.0,0.0,0.0
2019-05-15T20:00,0.0,0.0,0.0,0.0,0.0
2019-05-15T21:00,0.0,0.0,0.0,0.0,0.0
2019-05-15T22:00,26.3,2.2,24.1,11.4,232.9
2019-05-15T23:00,141.1,44.3,96.8,155.4,527.9
2019-05-16T00:00,340.7,172.7,167.9,347.0,799.4
2019-05-16T01:00,531.1,276.7,254.3,403.4,1029.0
2019-05-16T02:00,726.8,488.8,238.0,584.1,1201.1
2019-05-16T03:00,808.0,499.3,308.7,531.1,1303.8
2019-05-16T04:00,832.2,476.4,355.8,481.9,1330.3
2019-05-16T05:00,827.2,642.8,184.4,656.4,1278.7
2019-05-16T06:00,721.8,550.1,171.7,602.8,1152.7
2019-05-16T07:00,573.7,406.3,167.4,512.3,960.6
2019-05-16T08:00,358.8,206.6,152.2,328.4,715.8
2019-05-16T09:00,112.2,18.8,93.4,43.6,434.9
2019-05-16T10:00,33.0,1.4,31.6,6.7,137.0
2019-05-16T11:00,0.0,0.0,0.0,0.0,0.0
2019-05-16T12:00,0.0,0.0,0.0,0.0,0.0
2019-05-16T13:00,0.0,0.0,0.0,0.0,0.0
2019-05-16T14:00,0.0,0.0,0.0,0.0,0.0
2019-05-16T15:00,0.0,0.0,0.0,0.0,0.0
2019-05-16T16:00,0.0,0.0,0.0,0.0,0.0
2019-05-16T17:00,0.0,0.0,0.0,0.0,0.0
2019-05-16T18:00,0.0,0.0,0.0,0.0,0.0
2019-05-16T19:00,0.0,0.0,0.0,0.0,0.0
2019-05-16T20:00,0.0,0.0,0.0,0.0,0.0
2019-05-16T21:00,0.0,0.0,0.0,0.0,0.0
2019-05-16T22:00,8.7,0.0,8.7,0.0,234.8
2019-05-16T23:00,42.8,0.0,42.8,0.0,529.2
2019-05-17T00:00,91.1,0.0,91.1,0.0,800.3
2019-05-17T01:00,150.1,0.0,150.1,0.0,1029.5
2019-05-17T02:00,410.5,109.3,301.2,130.5,1201.3
2019-05-17T03:00,308.7,36.3,272.4,38.5,1303.8
2019-05-17T04:00,364.8,69.4,295.5,70.1,1330.3
2019-05-17T05:00,589.2,263.4,325.8,268.8,1278.8
2019-05-17T06:00,606.8,335.9,270.8,367.9,1153.0
2019-05-17T07:00,531.3,307.7,223.6,387.7,961.3
2019-05-17T08:00,324.1,168.4,155.7,267.3,717.0
2019-05-17T09:00,178.7,95.8,82.9,221.3,436.6
2019-05-17T10:00,48.7,15.0,33.8,69.4,139.2
2019-05-17T11:00,0.0,0.0,0.0,0.0,0.0
2019-05-17T12:00,0.0,0.0,0.0,0.0,0.0
2019-05-17T13:00,0.0,0.0,0.0,0.0,0.0
2019-05-17T14:00,0.0,0.0,0.0,0.0,0.0
2019-05-17T15:00,0.0,0.0,0.0,0.0,0.0
2019-05-17T16:00,0.0,0.0,0.0,0.0,0.0
2019-05-17T17:00,0.0,0.0,0.0,0.0,0.0
2019-05-17T18:00,0.0,0.0,0.0,0.0,0.0
2019-05-17T19:00,0.0,0.0,0.0,0.0,0.0
2019-05-17T20:00,0.0,0.0,0.0,0.0,0.0
2019-05-17T21:00,0.0,0.0,0.0,0.0,0.0
2019-05-17T22:00,63.4,15.3,48.1,79.6,236.6
2019-05-17T23:00,227.5,120.0,107.6,417.2,530.5
2019-05-18T00:00,430.2,263.6,166.6,527.4,801.1
2019-05-18T01:00,379.6,88.5,291.2,128.7,1029.9
2019-05-18T02:00,587.3,255.1,332.2,304.4,1201.4
2019-05-18T03:00,776.9,442.3,334.6,470.0,1303.8
2019-05-18T04:00,770.9,454.3,316.6,459.1,1330.2
2019-05-18T05:00,715.1,512.2,202.9,522.5,1278.9
2019-05-18T06:00,588.0,387.9,200.1,424.6,1153.3
2019-05-18T07:00,440.9,273.4,167.5,344.1,962.0
2019-05-18T08:00,254.5,131.9,122.5,209.1,718.1
2019-05-18T09:00,124.6,43.8,80.8,100.9,438.2
2019-05-18T10:00,29.2,5.8,23.4,26.9,141.4
2019-05-18T11:00,0.0,0.0,0.0,0.0,0.0
2019-05-18T12:00,0.0,0.0,0.0,0.0,0.0
2019-05-18T13:00,0.0,0.0,0.0,0.0,0.0
2019-05-18T14:00,0.0,0.0,0.0,0.0,0.0
2019-05-18T15:00,0.0,0.0,0.0,0.0,0.0
2019-05-18T16:00,0.0,0.0,0.0,0.0,0.0
2019-05-18T17:00,0.0,0.0,0.0,0.0,0.0
2019-05-18T18:00,0.0,0.0,0.0,0.0,0.0
2019-05-18T19:00,0.0,0.0,0.0,0.0,0.0
2019-05-18T20:00,0.0,0.0,0.0,0.0,0.0
2019-05-18T21:00,0.0,0.0,0.0,0.0,0.0
2019-05-18T22:00,50.2,8.7,41.5,45.3,238.3
2019-05-18T23:00,192.8,71.6,121.2,247.9,531.7
2019-05-19T00:00,349.7,153.3,196.4,306.1,801.8
2019-05-19T01:00,547.5,312.4,235.1,453.9,1030.3
2019-05-19T02:00,677.2,411.5,265.8,490.7,1201.5
2019-05-19T03:00,813.1,594.5,218.5,631.6,1303.7
2019-05-19T04:00,795.0,539.7,255.3,545.3,1330.2
2019-05-19T05:00,751.2,521.0,230.2,531.3,1279.0
2019-05-19T06:00,615.4,403.0,212.4,440.9,1153.6
2019-05-19T07:00,395.7,227.3,168.4,285.8,962.7
2019-05-19T08:00,282.7,153.3,129.4,242.6,719.3
2019-05-19T09:00,189.0,80.1,108.9,184.1,439.9
2019-05-19T10:00,40.8,4.9,35.8,22.5,143.5
2019-05-19T11:00,0.0,0.0,0.0,0.0,0.0
2019-05-19T12:00,0.0,0.0,0.0,0.0,0.0
2019-05-19T13:00,0.0,0.0,0.0,0.0,0.0
2019-05-19T14:00,0.0,0.0,0.0,0.0,0.0
2019-05-19T15:00,0.0,0.0,0.0,0.0,0.0
2019-05-19T16:00,0.0,0.0,0.0,0.0,0.0
2019-05-19T17:00,0.0,0.0,0.0,0.0,0.0
2019-05-19T18:00,0.0,0.0,0.0,0.0,0.0
2019-05-19T19:00,0.0,0.0,0.0,0.0,0.0
2019-05-19T20:00,0.0,0.0,0.0,0.0,0.0
2019-05-19T21:00,0.0,0.0,0.0,0.0,0.0
2019-05-19T22:00,67.7,17.5,50.2,90.4,239.9
2019-05-19T23:00,121.0,31.6,89.4,109.1,532.8
2019-05-20T00:00,293.3,95.8,197.5,190.9,802.5
2019-05-20T01:00,70.5,0.0,70.5,0.0,1030.5
2019-05-20T02:00,58.9,0.0,58.9,0.0,1201.5
2019-05-20T03:00,184.4,1.0,183.3,1.1,1303.6
2019-05-20T04:00,268.4,21.1,247.3,21.3,1330.1
2019-05-20T05:00,400.0,61.5,338.6,62.7,1279.0
2019-05-20T06:00,175.6,1.9,173.7,2.1,1154.0
2019-05-20T07:00,179.3,6.3,173.0,8.0,963.4
2019-05-20T08:00,98.0,0.9,97.1,1.3,720.4
2019-05-20T09:00,83.3,4.5,78.7,10.4,441.5
2019-05-20T10:00,9.9,0.0,9.9,0.0,145.7
2019-05-20T11:00,0.0,0.0,0.0,0.0,0.0
2019-05-20T12:00,0.0,0.0,0.0,0.0,0.0
2019-05-20T13:00,0.0,0.0,0.0,0.0,0.0
2019-05-20T14:00,0.0,0.0,0.0,0.0,0.0
2019-05-20T15:00,0.0,0.0,0.0,0.0,0.0
2019-05-20T16:00,0.0,0.0,0.0,0.0,0.0
2019-05-20T17:00,0.0,0.0,0.0,0.0,0.0
2019-05-20T18:00,0.0,0.0,0.0,0.0,0.0
2019-05-20T19:00,0.0,0.0,0.0,0.0,0.0
2019-05-20T20:00,0.0,0.0,0.0,0.0,0.0
2019-05-20T21:00,0.0,0.0,0.0,0.0,0.0
2019-05-20T22:00,56.7,19.6,37.1,101.4,241.3
2019-05-20T23:00,237.6,129.1,108.5,443.7,533.8
2019-05-21T00:00,434.3,278.8,155.5,555.0,803.0
2019-05-21T01:00,626.7,445.4,181.3,646.1,1030.7
2019-05-21T02:00,806.7,617.1,189.6,735.2,1201.4
2019-05-21T03:00,887.6,683.6,204.0,725.6,1303.5
2019-05-21T04:00,840.3,635.2,205.0,641.4,1330.0
2019-05-21T05:00,841.1,556.2,284.9,566.8,1279.1
2019-05-21T06:00,678.9,406.9,271.9,444.7,1154.3
2019-05-21T07:00,531.8,265.5,266.4,333.2,964.2
2019-05-21T08:00,475.6,366.5,109.1,578.3,721.6
2019-05-21T09:00,256.2,176.6,79.6,403.6,443.2
2019-05-21T10:00,67.4,37.0,30.5,166.7,147.9
2019-05-21T11:00,0.0,0.0,0.0,0.0,0.0
2019-05-21T12:00,0.0,0.0,0.0,0.0,0.0
2019-05-21T13:00,0.0,0.0,0.0,0.0,0.0
2019-05-21T14:00,0.0,0.0,0.0,0.0,0.0
2019-05-21T15:00,0.0,0.0,0.0,0.0,0.0
2019-05-21T16:00,0.0,0.0,0.0,0.0,0.0
2019-05-21T17:00,0.0,0.0,0.0,0.0,0.0
2019-05-21T18:00,0.0,0.0,0.0,0.0,0.0
2019-05-21T19:00,0.0,0.0,0.0,0.0,0.0
2019-05-21T20:00,0.0,0.0,0.0,0.0,0.0
2019-05-21T21:00,0.0,0.0,0.0,0.0,0.0
2019-05-21T22:00,74.2,28.4,45.8,146.1,242.7
2019-05-21T23:00,255.1,149.5,105.6,512.2,534.7
2019-05-22T00:00,473.6,324.1,149.5,644.3,803.5
2019-05-22T01:00,665.7,487.8,177.9,707.1,1030.9
2019-05-22T02:00,788.5,563.5,225.0,671.1,1201.4
2019-05-22T03:00,712.6,401.8,310.7,426.4,1303.3
2019-05-22T04:00,580.0,147.8,432.2,149.1,1329.9
2019-05-22T05:00,645.0,254.7,390.3,259.4,1279.1
2019-05-22T06:00,636.5,330.5,306.0,360.9,1154.7
2019-05-22T07:00,465.8,228.4,237.4,286.4,964.9
2019-05-22T08:00,154.4,40.9,113.4,64.5,722.8
2019-05-22T09:00,106.3,17.5,88.8,39.8,444.9
2019-05-22T10:00,25.7,2.5,23.2,11.3,150.1
2019-05-22T11:00,0.0,0.0,0.0,0.0,0.0
2019-05-22T12:00,0.0,0.0,0.0,0.0,0.0
2019-05-22T13:00,0.0,0.0,0.0,0.0,0.0
2019-05-22T14:00,0.0,0.0,0.0,0.0,0.0
2019-05-22T15:00,0.0,0.0,0.0,0.0,0.0
2019-05-22T16:00,0.0,0.0,0.0,0.0,0.0
2019-05-22T17:00,0.0,0.0,0.0,0.0,0.0
2019-05-22T18:00,0.0,0.0,0.0,0.0,0.0
2019-05-22T19:00,0.0,0.0,0.0,0.0,0.0
2019-05-22T20:00,0.0,0.0,0.0,0.0,0.0
2019-05-22T21:00,0.0,0.0,0.0,0.0,0.0
2019-05-22T22:00,28.3,0.0,28.3,0.0,244.0
2019-05-22T23:00,84.9,1.4,83.6,4.7,535.5
2019-05-23T00:00,125.5,8.4,117.2,16.6,803.9
2019-05-23T01:00,155.5,5.6,149.9,8.1,1031.0
2019-05-23T02:00,170.3,19.3,151.0,23.0,1201.3
2019-05-23T03:00,228.9,11.4,217.5,12.1,1303.1
2019-05-23T04:00,274.4,56.3,218.1,56.8,1329.7
2019-05-23T05:00,445.0,192.2,252.8,195.8,1279.2
2019-05-23T06:00,452.4,193.6,258.8,211.3,1155.0
2019-05-23T07:00,326.3,146.8,179.5,184.0,965.6
2019-05-23T08:00,254.3,119.5,134.8,187.9,724.0
2019-05-23T09:00,193.1,107.9,85.1,245.2,446.6
2019-05-23T10:00,46.7,18.3,28.4,81.3,152.3
2019-05-23T11:00,0.0,0.0,0.0,0.0,0.0
2019-05-23T12:00,0.0,0.0,0.0,0.0,0.0
2019-05-23T13:00,0.0,0.0,0.0,0.0,0.0
2019-05-23T14:00,0.0,0.0,0.0,0.0,0.0
2019-05-23T15:00,0.0,0.0,0.0,0.0,0.0
2019-05-23T16:00,0.0,0.0,0.0,0.0,0.0
2019-05-23T17:00,0.0,0.0,0.0,0.0,0.0
2019-05-23T18:00,0.0,0.0,0.0,0.0,0.0
2019-05-23T19:00,0.0,0.0,0.0,0.0,0.0
2019-05-23T20:00,0.0,0.0,0.0,0.0,0.0
2019-05-23T21:00,0.0,0.0,0.0,0.0,0.0
2019-05-23T22:00,58.9,17.4,41.4,89.5,245.2
2019-05-23T23:00,231.3,106.7,124.5,363.6,536.2
2019-05-24T00:00,401.6,258.1,143.4,511.9,804.2
2019-05-24T01:00,605.1,438.5,166.7,634.8,1031.0
2019-05-24T02:00,743.4,549.5,193.9,653.9,1201.1
2019-05-24T03:00,857.5,685.6,171.9,727.2,1302.9
2019-05-24T04:00,942.9,780.1,162.8,787.0,1329.6
2019-05-24T05:00,873.5,704.6,168.8,717.3,1279.2
2019-05-24T06:00,767.9,610.2,157.7,665.7,1155.4
2019-05-24T07:00,566.7,411.6,155.0,515.3,966.4
2019-05-24T08:00,418.3,286.0,132.3,449.2,725.2
2019-05-24T09:00,220.0,148.4,71.5,336.2,448.3
2019-05-24T10:00,62.4,31.2,31.2,137.9,154.5
2019-05-24T11:00,0.0,0.0,0.0,0.0,0.0
2019-05-24T12:00,0.0,0.0,0.0,0.0,0.0
2019-05-24T13:00,0.0,0.0,0.0,0.0,0.0
2019-05-24T14:00,0.0,0.0,0.0,0.0,0.0
2019-05-24T15:00,0.0,0.0,0.0,0.0,0.0
2019-05-24T16:00,0.0,0.0,0.0,0.0,0.0
2019-05-24T17:00,0.0,0.0,0.0,0.0,0.0
2019-05-24T18:00,0.0,0.0,0.0,0.0,0.0
2019-05-24T19:00,0.0,0.0,0.0,0.0,0.0
2019-05-24T20:00,0.0,0.0,0.0,0.0,0.0
2019-05-24T21:00,0.0,0.0,0.0,0.0,0.0
2019-05-24T22:00,63.2,24.0,39.2,122.8,246.3
2019-05-24T23:00,218.7,116.2,102.5,394.8,536.8
2019-05-25T00:00,325.0,146.9,178.0,291.1,804.5
2019-05-25T01:00,564.8,302.0,262.8,437.0,1031.0
2019-05-25T02:00,733.7,467.0,266.7,555.6,1200.9
2019-05-25T03:00,850.3,573.8,276.5,608.5,1302.7
2019-05-25T04:00,745.9,445.3,300.6,449.2,1329.4
2019-05-25T05:00,758.4,497.8,260.6,506.6,1279.3
2019-05-25T06:00,745.4,534.7,210.7,583.0,1155.7
2019-05-25T07:00,455.3,238.5,216.8,298.3,967.2
2019-05-25T08:00,369.0,203.3,165.7,318.8,726.5
2019-05-25T09:00,194.3,97.6,96.8,220.3,450.0
2019-05-25T10:00,69.1,30.4,38.7,133.4,156.7
2019-05-25T11:00,0.0,0.0,0.0,0.0,0.0
2019-05-25T12:00,0.0,0.0,0.0,0.0,0.0
2019-05-25T13:00,0.0,0.0,0.0,0.0,0.0
2019-05-25T14:00,0.0,0.0,0.0,0.0,0.0
2019-05-25T15:00,0.0,0.0,0.0,0.0,0.0
2019-05-25T16:00,0.0,0.0,0.0,0.0,0.0
2019-05-25T17:00,0.0,0.0,0.0,0.0,0.0
2019-05-25T18:00,0.0,0.0,0.0,0.0,0.0
2019-05-25T19:00,0.0,0.0,0.0,0.0,0.0
2019-05-25T20:00,0.0,0.0,0.0,0.0,0.0
2019-05-25T21:00,0.0,0.0,0.0,0.0,0.0
2019-05-25T22:00,61.0,4.4,56.6,22.3,247.2
2019-05-25T23:00,177.6,26.0,151.6,88.0,537.4
2019-05-26T00:00,249.6,41.8,207.8,82.7,804.6
2019-05-26T01:00,459.6,170.0,289.6,245.9,1030.9
2019-05-26T02:00,573.0,217.4,355.6,258.6,1200.7
2019-05-26T03:00,684.6,251.7,432.9,266.8,1302.4
2019-05-26T04:00,758.0,341.8,416.2,344.7,1329.2
2019-05-26T05:00,784.8,527.1,257.7,536.3,1279.3
2019-05-26T06:00,497.0,235.3,261.7,256.4,1156.1
2019-05-26T07:00,546.1,333.8,212.3,417.2,967.9
2019-05-26T08:00,366.6,216.2,150.4,338.5,727.7
2019-05-26T09:00,208.3,114.5,93.9,257.8,451.7
2019-05-26T10:00,58.7,27.0,31.7,117.7,158.9
2019-05-26T11:00,0.0,0.0,0.0,0.0,0.0
2019-05-26T12:00,0.0,0.0,0.0,0.0,0.0
2019-05-26T13:00,0.0,0.0,0.0,0.0,0.0
2019-05-26T14:00,0.0,0.0,0.0,0.0,0.0
2019-05-26T15:00,0.0,0.0,0.0,0.0,0.0
2019-05-26T16:00,0.0,0.0,0.0,0.0,0.0
2019-05-26T17:00,0.0,0.0,0.0,0.0,0.0
2019-05-26T18:00,0.0,0.0,0.0,0.0,0.0
2019-05-26T19:00,0.0,0.0,0.0,0.0,0.0
2019-05-26T20:00,0.0,0.0,0.0,0.0,0.0
2019-05-26T21:00,0.0,0.0,0.0,0.0,0.0
2019-05-26T22:00,28.3,2.2,26.1,11.1,248.1
2019-05-26T23:00,103.7,15.0,88.7,50.8,537.8
2019-05-27T00:00,171.9,21.5,150.4,42.5,804.8
2019-05-27T01:00,363.4,74.9,288.5,108.3,1030.7
2019-05-27T02:00,265.6,36.4,229.2,43.3,1200.4
2019-05-27T03:00,458.8,113.9,344.9,120.8,1302.1
2019-05-27T04:00,708.8,416.2,292.6,419.7,1329.1
2019-05-27T05:00,394.4,83.0,311.4,84.4,1279.4
2019-05-27T06:00,345.9,131.4,214.5,143.1,1156.5
2019-05-27T07:00,253.2,65.3,187.8,81.6,968.7
2019-05-27T08:00,278.7,159.9,118.8,250.0,728.9
2019-05-27T09:00,128.4,32.9,95.5,73.8,453.4
2019-05-27T10:00,37.1,5.2,31.9,22.6,161.0
2019-05-27T11:00,0.0,0.0,0.0,0.0,0.0
2019-05-27T12:00,0.0,0.0,0.0,0.0,0.0
2019-05-27T13:00,0.0,0.0,0.0,0.0,0.0
2019-05-27T14:00,0.0,0.0,0.0,0.0,0.0
2019-05-27T15:00,0.0,0.0,0.0,0.0,0.0
2019-05-27T16:00,0.0,0.0,0.0,0.0,0.0
2019-05-27T17:00,0.0,0.0,0.0,0.0,0.0
2019-05-27T18:00,0.0,0.0,0.0,0.0,0.0
2019-05-27T19:00,0.0,0.0,0.0,0.0,0.0
2019-05-27T20:00,0.0,0.0,0.0,0.0,0.0
2019-05-27T21:00,0.0,0.0,0.0,0.0,0.0
2019-05-27T22:00,41.4,6.5,34.8,33.3,248.9
2019-05-27T23:00,96.8,12.3,84.5,41.4,538.2
2019-05-28T00:00,177.9,65.7,112.2,129.8,804.8
2019-05-28T01:00,118.5,0.0,118.5,0.0,1030.6
2019-05-28T02:00,288.1,36.4,251.7,43.3,1200.1
2019-05-28T03:00,139.8,0.0,139.8,0.0,1301.8
2019-05-28T04:00,86.5,0.0,86.5,0.0,1328.9
2019-05-28T05:00,141.6,0.0,141.6,0.0,1279.4
2019-05-28T06:00,182.4,0.9,181.5,1.0,1156.8
2019-05-28T07:00,133.4,3.6,129.8,4.5,969.5
2019-05-28T08:00,89.8,2.6,87.3,4.0,730.1
2019-05-28T09:00,52.8,0.8,52.0,1.7,455.1
2019-05-28T10:00,14.7,0.0,14.7,0.0,163.2
2019-05-28T11:00,0.0,0.0,0.0,0.0,0.0
2019-05-28T12:00,0.0,0.0,0.0,0.0,0.0
2019-05-28T13:00,0.0,0.0,0.0,0.0,0.0
2019-05-28T14:00,0.0,0.0,0.0,0.0,0.0
2019-05-28T15:00,0.0,0.0,0.0,0.0,0.0
2019-05-28T16:00,0.0,0.0,0.0,0.0,0.0
2019-05-28T17:00,0.0,0.0,0.0,0.0,0.0
2019-05-28T18:00,0.0,0.0,0.0,0.0,0.0
2019-05-28T19:00,0.0,0.0,0.0,0.0,0.0
2019-05-28T20:00,0.0,0.0,0.0,0.0,0.0
2019-05-28T21:00,0.0,0.0,0.0,0.0,0.0
2019-05-28T22:00,50.1,13.1,37.0,66.5,249.7
2019-05-28T23:00,147.2,24.5,122.6,82.7,538.6
2019-05-29T00:00,205.3,17.9,187.4,35.4,804.8
2019-05-29T01:00,480.7,220.2,260.5,318.3,1030.3
2019-05-29T02:00,447.7,152.1,295.6,180.8,1199.7
2019-05-29T03:00,427.8,165.7,262.0,175.7,1301.5
2019-05-29T04:00,595.2,216.2,379.1,217.9,1328.7
2019-05-29T05:00,337.8,43.9,293.9,44.7,1279.5
2019-05-29T06:00,441.5,189.1,252.4,205.7,1157.2
2019-05-29T07:00,369.5,92.6,276.9,115.4,970.3
2019-05-29T08:00,280.7,146.4,134.4,228.1,731.4
2019-05-29T09:00,175.4,76.6,98.8,171.1,456.8
2019-05-29T10:00,58.3,21.7,36.6,92.9,165.3
2019-05-29T11:00,0.0,0.0,0.0,0.0,0.0
2019-05-29T12:00,0.0,0.0,0.0,0.0,0.0
2019-05-29T13:00,0.0,0.0,0.0,0.0,0.0
2019-05-29T14:00,0.0,0.0,0.0,0.0,0.0
2019-05-29T15:00,0.0,0.0,0.0,0.0,0.0
2019-05-29T16:00,0.0,0.0,0.0,0.0,0.0
2019-05-29T17:00,0.0,0.0,0.0,0.0,0.0
2019-05-29T18:00,0.0,0.0,0.0,0.0,0.0
2019-05-29T19:00,0.0,0.0,0.0,0.0,0.0
2019-05-29T20:00,0.0,0.0,0.0,0.0,0.0
2019-05-29T21:00,0.0,0.0,0.0,0.0,0.0
2019-05-29T22:00,76.2,28.3,47.9,144.0,250.3
2019-05-29T23:00,234.2,118.5,115.8,398.8,538.8
2019-05-30T00:00,362.7,202.8,159.9,400.5,804.8
2019-05-30T01:00,535.4,315.2,220.2,455.5,1030.1
2019-05-30T02:00,688.6,419.8,268.8,499.1,1199.4
2019-05-30T03:00,667.0,268.3,398.8,284.3,1301.1
2019-05-30T04:00,534.9,184.0,350.9,185.5,1328.5
2019-05-30T05:00,704.1,376.0,328.1,382.0,1279.5
2019-05-30T06:00,492.6,207.1,285.5,225.2,1157.6
2019-05-30T07:00,518.6,306.0,212.5,381.1,971.0
2019-05-30T08:00,332.2,183.2,149.0,285.2,732.6
2019-05-30T09:00,208.6,125.8,82.8,280.2,458.5
2019-05-30T10:00,62.5,30.4,32.0,129.2,167.4
2019-05-30T11:00,0.0,0.0,0.0,0.0,0.0
2019-05-30T12:00,0.0,0.0,0.0,0.0,0.0
2019-05-30T13:00,0.0,0.0,0.0,0.0,0.0
2019-05-30T14:00,0.0,0.0,0.0,0.0,0.0
2019-05-30T15:00,0.0,0.0,0.0,0.0,0.0
2019-05-30T16:00,0.0,0.0,0.0,0.0,0.0
2019-05-30T17:00,0.0,0.0,0.0,0.0,0.0
2019-05-30T18:00,0.0,0.0,0.0,0.0,0.0
2019-05-30T19:00,0.0,0.0,0.0,0.0,0.0
2019-05-30T20:00,0.0,0.0,0.0,0.0,0.0
2019-05-30T21:00,0.0,0.0,0.0,0.0,0.0
2019-05-30T22:00,45.7,10.9,34.8,55.3,250.8
2019-05-30T23:00,81.7,0.0,81.7,0.0,539.0
2019-05-31T00:00,151.5,0.0,151.5,0.0,804.6
2019-05-31T01:00,421.4,114.0,307.4,164.7,1029.8
2019-05-31T02:00,666.1,304.1,362.0,361.6,1199.0
2019-05-31T03:00,812.0,535.5,276.6,567.6,1300.8
2019-05-31T04:00,796.4,565.1,231.3,569.5,1328.2
2019-05-31T05:00,613.3,344.7,268.6,350.2,1279.5
2019-05-31T06:00,561.7,376.4,185.3,409.1,1157.9
2019-05-31T07:00,436.0,240.7,195.3,299.5,971.8
2019-05-31T08:00,288.7,149.9,138.8,233.0,733.8
2019-05-31T09:00,181.2,101.4,79.9,225.2,460.1
2019-05-31T10:00,65.0,34.4,30.6,145.1,169.4
2019-05-31T11:00,0.0,0.0,0.0,0.0,0.0
2019-05-31T12:00,0.0,0.0,0.0,0.0,0.0
2019-05-31T13:00,0.0,0.0,0.0,0.0,0.0
2019-05-31T14:00,0.0,0.0,0.0,0.0,0.0
2019-05-31T15:00,0.0,0.0,0.0,0.0,0.0
2019-05-31T16:00,0.0,0.0,0.0,0.0,0.0
2019-05-31T17:00,0.0,0.0,0.0,0.0,0.0
2019-05-31T18:00,0.0,0.0,0.0,0.0,0.0
2019-05-31T19:00,0.0,0.0,0.0,0.0,0.0
2019-05-31T20:00,0.0,0.0,0.0,0.0,0.0
2019-05-31T21:00,0.0,0.0,0.0,0.0,0.0
2019-05-31T22:00,30.5,6.5,23.9,33.2,251.3
2019-05-31T23:00,174.1,66.7,107.5,223.9,539.1
2019-06-01T00:00,381.7,211.1,170.6,416.6,804.5
2019-06-01T01:00,450.4,244.8,205.7,353.7,1029.4
2019-06-01T02:00,373.8,48.2,325.6,57.3,1198.6
2019-06-01T03:00,354.2,124.3,230.0,131.7,1300.4
2019-06-01T04:00,365.1,123.7,241.4,124.6,1328.0
2019-06-01T05:00,261.8,48.8,212.9,49.6,1279.6
2019-06-01T06:00,452.1,174.0,278.1,189.1,1158.3
2019-06-01T07:00,249.0,87.2,161.7,108.4,972.6
2019-06-01T08:00,124.3,14.6,109.7,22.6,735.0
2019-06-01T09:00,116.1,31.5,84.6,69.8,461.7
2019-06-01T10:00,52.4,18.9,33.5,79.3,171.4
2019-06-01T11:00,0.0,0.0,0.0,0.0,0.0
2019-06-01T12:00,0.0,0.0,0.0,0.0,0.0
2019-06-01T13:00,0.0,0.0,0.0,0.0,0.0
2019-06-01T14:00,0.0,0.0,0.0,0.0,0.0
2019-06-01T15:00,0.0,0.0,0.0,0.0,0.0
2019-06-01T16:00,0.0,0.0,0.0,0.0,0.0
2019-06-01T17:00,0.0,0.0,0.0,0.0,0.0
2019-06-01T18:00,0.0,0.0,0.0,0.0,0.0
2019-06-01T19:00,0.0,0.0,0.0,0.0,0.0
2019-06-01T20:00,0.0,0.0,0.0,0.0,0.0
2019-06-01T21:00,0.0,0.0,0.0,0.0,0.0
2019-06-01T22:00,28.3,2.2,26.1,11.0,251.7
2019-06-01T23:00,156.4,32.6,123.7,109.5,539.1
2019-06-02T00:00,374.5,138.3,236.1,272.9,804.3
2019-06-02T01:00,487.3,233.6,253.7,337.5,1029.0
2019-06-02T02:00,578.3,293.4,284.9,348.9,1198.1
2019-06-02T03:00,771.7,503.4,268.3,533.6,1300.0
2019-06-02T04:00,750.3,502.9,247.4,506.7,1327.8
2019-06-02T05:00,592.9,269.6,323.3,273.8,1279.6
2019-06-02T06:00,337.7,121.1,216.6,131.5,1158.7
2019-06-02T07:00,286.3,132.7,153.6,164.8,973.3
2019-06-02T08:00,250.4,80.6,169.8,124.9,736.1
2019-06-02T09:00,69.3,13.9,55.4,30.6,463.3
2019-06-02T10:00,51.1,19.0,32.1,79.3,173.4
2019-06-02T11:00,0.0,0.0,0.0,0.0,0.0
2019-06-02T12:00,0.0,0.0,0.0,0.0,0.0
2019-06-02T13:00,0.0,0.0,0.0,0.0,0.0
2019-06-02T14:00,0.0,0.0,0.0,0.0,0.0
2019-06-02T15:00,0.0,0.0,0.0,0.0,0.0
2019-06-02T16:00,0.0,0.0,0.0,0.0,0.0
2019-06-02T17:00,0.0,0.0,0.0,0.0,0.0
2019-06-02T18:00,0.0,0.0,0.0,0.0,0.0
2019-06-02T19:00,0.0,0.0,0.0,0.0,0.0
2019-06-02T20:00,0.0,0.0,0.0,0.0,0.0
2019-06-02T21:00,0.0,0.0,0.0,0.0,0.0
2019-06-02T22:00,87.0,34.8,52.2,176.6,252.0
2019-06-02T23:00,235.2,100.6,134.6,337.3,539.1
2019-06-03T00:00,399.5,184.8,214.7,364.6,804.0
2019-06-03T01:00,506.3,317.4,188.9,458.6,1028.6
2019-06-03T02:00,259.2,17.1,242.0,20.4,1197.7
2019-06-03T03:00,204.1,18.6,185.4,19.8,1299.6
2019-06-03T04:00,467.7,124.7,343.0,125.7,1327.6
2019-06-03T05:00,382.9,44.9,338.0,45.6,1279.6
2019-06-03T06:00,264.9,45.4,219.5,49.3,1159.0
2019-06-03T07:00,143.6,7.3,136.4,9.0,974.0
2019-06-03T08:00,288.3,87.5,200.8,135.4,737.3
2019-06-03T09:00,74.0,0.8,73.2,1.7,464.8
2019-06-03T10:00,36.6,2.2,34.4,9.1,175.3
2019-06-03T11:00,0.0,0.0,0.0,0.0,0.0
2019-06-03T12:00,0.0,0.0,0.0,0.0,0.0
2019-06-03T13:00,0.0,0.0,0.0,0.0,0.0
2019-06-03T14:00,0.0,0.0,0.0,0.0,0.0
2019-06-03T15:00,0.0,0.0,0.0,0.0,0.0
2019-06-03T16:00,0.0,0.0,0.0,0.0,0.0
2019-06-03T17:00,0.0,0.0,0.0,0.0,0.0
2019-06-03T18:00,0.0,0.0,0.0,0.0,0.0
2019-06-03T19:00,0.0,0.0,0.0,0.0,0.0
2019-06-03T20:00,0.0,0.0,0.0,0.0,0.0
2019-06-03T21:00,0.0,0.0,0.0,0.0,0.0
2019-06-03T22:00,50.0,4.4,45.7,22.1,252.3
2019-06-03T23:00,76.1,5.4,70.7,18.2,539.1
2019-06-04T00:00,73.9,0.0,73.9,0.0,803.7
2019-06-04T01:00,254.8,15.6,239.2,22.6,1028.2
2019-06-04T02:00,437.0,102.8,334.1,122.3,1197.2
2019-06-04T03:00,541.8,199.9,341.9,211.9,1299.2
2019-06-04T04:00,382.2,58.3,323.9,58.8,1327.3
2019-06-04T05:00,371.3,48.9,322.4,49.6,1279.6
2019-06-04T06:00,231.8,0.0,231.8,0.0,1159.4
2019-06-04T07:00,311.0,38.2,272.8,47.4,974.8
2019-06-04T08:00,306.4,106.4,200.0,164.5,738.4
2019-06-04T09:00,209.0,116.5,92.6,256.1,466.3
2019-06-04T10:00,61.0,20.9,40.1,86.1,177.2
2019-06-04T11:00,0.0,0.0,0.0,0.0,0.0
2019-06-04T12:00,0.0,0.0,0.0,0.0,0.0
2019-06-04T13:00,0.0,0.0,0.0,0.0,0.0
2019-06-04T14:00,0.0,0.0,0.0,0.0,0.0
2019-06-04T15:00,0.0,0.0,0.0,0.0,0.0
2019-06-04T16:00,0.0,0.0,0.0,0.0,0.0
2019-06-04T17:00,0.0,0.0,0.0,0.0,0.0
2019-06-04T18:00,0.0,0.0,0.0,0.0,0.0
2019-06-04T19:00,0.0,0.0,0.0,0.0,0.0
2019-06-04T20:00,0.0,0.0,0.0,0.0,0.0
2019-06-04T21:00,0.0,0.0,0.0,0.0,0.0
2019-06-04T22:00,89.2,41.3,47.9,209.5,252.4
2019-06-04T23:00,282.6,186.1,96.5,623.5,538.9
2019-06-05T00:00,498.4,378.0,120.4,745.6,803.4
2019-06-05T01:00,701.9,570.0,131.9,823.8,1027.7
2019-06-05T02:00,796.8,639.4,157.4,760.5,1196.7
2019-06-05T03:00,803.9,615.4,188.6,652.4,1298.8
2019-06-05T04:00,759.5,561.3,198.2,565.5,1327.1
2019-06-05T05:00,729.9,508.1,221.8,515.6,1279.7
2019-06-05T06:00,637.8,437.2,200.6,474.2,1159.7
2019-06-05T07:00,350.2,201.9,148.3,250.2,975.5
2019-06-05T08:00,326.3,200.9,125.4,310.1,739.5
2019-06-05T09:00,212.3,133.6,78.8,293.0,467.8
2019-06-05T10:00,72.4,39.2,33.1,160.8,179.0
2019-06-05T11:00,0.0,0.0,0.0,0.0,0.0
2019-06-05T12:00,0.0,0.0,0.0,0.0,0.0
2019-06-05T13:00,0.0,0.0,0.0,0.0,0.0
2019-06-05T14:00,0.0,0.0,0.0,0.0,0.0
2019-06-05T15:00,0.0,0.0,0.0,0.0,0.0
2019-06-05T16:00,0.0,0.0,0.0,0.0,0.0
2019-06-05T17:00,0.0,0.0,0.0,0.0,0.0
2019-06-05T18:00,0.0,0.0,0.0,0.0,0.0
2019-06-05T19:00,0.0,0.0,0.0,0.0,0.0
2019-06-05T20:00,0.0,0.0,0.0,0.0,0.0
2019-06-05T21:00,0.0,0.0,0.0,0.0,0.0
2019-06-05T22:00,78.3,17.4,60.9,88.2,252.5
2019-06-05T23:00,259.4,131.7,127.7,441.3,538.8
2019-06-06T00:00,480.5,337.4,143.1,665.7,803.0
2019-06-06T01:00,689.6,552.1,137.5,798.1,1027.2
2019-06-06T02:00,840.8,696.2,144.6,828.2,1196.2
2019-06-06T03:00,878.6,697.3,181.3,739.3,1298.4
2019-06-06T04:00,803.8,590.5,213.3,594.9,1326.9
2019-06-06T05:00,665.5,468.1,197.4,474.9,1279.7
2019-06-06T06:00,566.0,395.6,170.4,428.9,1160.1
2019-06-06T07:00,494.0,323.0,171.0,399.9,976.2
2019-06-06T08:00,347.1,178.7,168.4,275.4,740.5
2019-06-06T09:00,181.6,65.7,115.9,143.8,469.2
2019-06-06T10:00,27.8,1.1,26.6,4.5,180.7
2019-06-06T11:00,0.0,0.0,0.0,0.0,0.0
2019-06-06T12:00,0.0,0.0,0.0,0.0,0.0
2019-06-06T13:00,0.0,0.0,0.0,0.0,0.0
2019-06-06T14:00,0.0,0.0,0.0,0.0,0.0
2019-06-06T15:00,0.0,0.0,0.0,0.0,0.0
2019-06-06T16:00,0.0,0.0,0.0,0.0,0.0
2019-06-06T17:00,0.0,0.0,0.0,0.0,0.0
2019-06-06T18:00,0.0,0.0,0.0,0.0,0.0
2019-06-06T19:00,0.0,0.0,0.0,0.0,0.0
2019-06-06T20:00,0.0,0.0,0.0,0.0,0.0
2019-06-06T21:00,0.0,0.0,0.0,0.0,0.0
2019-06-06T22:00,82.7,34.8,47.9,176.3,252.6
2019-06-06T23:00,258.0,134.4,123.6,450.3,538.5
2019-06-07T00:00,419.7,224.1,195.5,442.3,802.6
2019-06-07T01:00,555.5,295.1,260.4,426.6,1026.7
2019-06-07T02:00,680.1,373.8,306.3,444.8,1195.7
2019-06-07T03:00,790.6,535.7,254.9,568.0,1298.0
2019-06-07T04:00,787.8,535.2,252.5,539.2,1326.6
2019-06-07T05:00,737.9,545.3,192.5,553.2,1279.7
2019-06-07T06:00,688.2,519.7,168.5,563.1,1160.4
2019-06-07T07:00,483.2,310.3,172.9,383.9,976.9
2019-06-07T08:00,282.7,136.6,146.1,210.3,741.6
2019-06-07T09:00,102.1,16.2,85.9,35.5,470.6
2019-06-07T10:00,38.5,2.8,35.7,11.3,182.4
2019-06-07T11:00,0.0,0.0,0.0,0.0,0.0
2019-06-07T12:00,0.0,0.0,0.0,0.0,0.0
2019-06-07T13:00,0.0,0.0,0.0,0.0,0.0
2019-06-07T14:00,0.0,0.0,0.0,0.0,0.0
2019-06-07T15:00,0.0,0.0,0.0,0.0,0.0
2019-06-07T16:00,0.0,0.0,0.0,0.0,0.0
2019-06-07T17:00,0.0,0.0,0.0,0.0,0.0
2019-06-07T18:00,0.0,0.0,0.0,0.0,0.0
2019-06-07T19:00,0.0,0.0,0.0,0.0,0.0
2019-06-07T20:00,0.0,0.0,0.0,0.0,0.0
2019-06-07T21:00,0.0,0.0,0.0,0.0,0.0
2019-06-07T22:00,65.3,8.7,56.6,44.1,252.5
2019-06-07T23:00,148.0,13.6,134.4,45.5,538.3
2019-06-08T00:00,212.2,37.0,175.3,73.0,802.1
2019-06-08T01:00,133.0,17.9,115.1,25.9,1026.2
2019-06-08T02:00,199.2,0.0,199.2,0.0,1195.2
2019-06-08T03:00,656.9,296.3,360.6,314.3,1297.6
2019-06-08T04:00,873.4,598.7,274.7,603.1,1326.4
2019-06-08T05:00,820.0,583.5,236.5,591.8,1279.7
2019-06-08T06:00,715.8,463.9,251.8,502.5,1160.7
2019-06-08T07:00,544.3,297.6,246.6,368.0,977.5
2019-06-08T08:00,400.6,186.6,214.1,286.8,742.6
2019-06-08T09:00,217.6,83.6,134.0,182.2,471.9
2019-06-08T10:00,63.3,11.2,52.1,45.3,184.0
2019-06-08T11:00,0.0,0.0,0.0,0.0,0.0
2019-06-08T12:00,0.0,0.0,0.0,0.0,0.0
2019-06-08T13:00,0.0,0.0,0.0,0.0,0.0
2019-06-08T14:00,0.0,0.0,0.0,0.0,0.0
2019-06-08T15:00,0.0,0.0,0.0,0.0,0.0
2019-06-08T16:00,0.0,0.0,0.0,0.0,0.0
2019-06-08T17:00,0.0,0.0,0.0,0.0,0.0
2019-06-08T18:00,0.0,0.0,0.0,0.0,0.0
2019-06-08T19:00,0.0,0.0,0.0,0.0,0.0
2019-06-08T20:00,0.0,0.0,0.0,0.0,0.0
2019-06-08T21:00,0.0,0.0,0.0,0.0,0.0
2019-06-08T22:00,80.5,21.8,58.7,110.2,252.4
2019-06-08T23:00,236.3,100.5,135.8,336.7,537.9
2019-06-09T00:00,387.5,195.5,192.0,386.1,801.6
2019-06-09T01:00,441.5,131.9,309.6,190.8,1025.6
2019-06-09T02:00,618.1,294.6,323.5,350.7,1194.6
2019-06-09T03:00,761.6,420.7,340.9,446.2,1297.1
2019-06-09T04:00,707.4,270.7,436.7,272.7,1326.2
2019-06-09T05:00,485.8,83.1,402.7,84.3,1279.7
2019-06-09T06:00,435.6,59.7,375.9,64.6,1161.0
2019-06-09T07:00,311.3,39.1,272.2,48.4,978.2
2019-06-09T08:00,224.5,29.2,195.2,44.9,743.6
2019-06-09T09:00,108.5,18.6,89.9,40.4,473.3
2019-06-09T10:00,57.9,11.2,46.7,45.2,185.6
2019-06-09T11:00,0.0,0.0,0.0,0.0,0.0
2019-06-09T12:00,0.0,0.0,0.0,0.0,0.0
2019-06-09T13:00,0.0,0.0,0.0,0.0,0.0
2019-06-09T14:00,0.0,0.0,0.0,0.0,0.0
2019-06-09T15:00,0.0,0.0,0.0,0.0,0.0
2019-06-09T16:00,0.0,0.0,0.0,0.0,0.0
2019-06-09T17:00,0.0,0.0,0.0,0.0,0.0
2019-06-09T18:00,0.0,0.0,0.0,0.0,0.0
2019-06-09T19:00,0.0,0.0,0.0,0.0,0.0
2019-06-09T20:00,0.0,0.0,0.0,0.0,0.0
2019-06-09T21:00,0.0,0.0,0.0,0.0,0.0
2019-06-09T22:00,19.6,0.0,19.6,0.0,252.2
2019-06-09T23:00,108.6,12.2,96.4,41.0,537.5
2019-06-10T00:00,228.9,35.8,193.2,70.7,801.1
2019-06-10T01:00,69.3,0.0,69.3,0.0,1025.0
2019-06-10T02:00,157.5,0.0,157.5,0.0,1194.1
2019-06-10T03:00,257.0,20.7,236.3,22.0,1296.7
2019-06-10T04:00,267.7,16.1,251.6,16.2,1325.9
2019-06-10T05:00,186.7,2.9,183.8,3.0,1279.8
2019-06-10T06:00,260.4,18.9,241.5,20.5,1161.4
2019-06-10T07:00,153.9,3.6,150.2,4.5,978.9
2019-06-10T08:00,94.6,3.4,91.2,5.3,744.6
2019-06-10T09:00,80.7,4.7,76.0,10.1,474.6
2019-06-10T10:00,24.3,1.1,23.2,4.5,187.2
2019-06-10T11:00,0.0,0.0,0.0,0.0,0.0
2019-06-10T12:00,0.0,0.0,0.0,0.0,0.0
2019-06-10T13:00,0.0,0.0,0.0,0.0,0.0
2019-06-10T14:00,0.0,0.0,0.0,0.0,0.0
2019-06-10T15:00,0.0,0.0,0.0,0.0,0.0
2019-06-10T16:00,0.0,0.0,0.0,0.0,0.0
2019-06-10T17:00,0.0,0.0,0.0,0.0,0.0
2019-06-10T18:00,0.0,0.0,0.0,0.0,0.0
2019-06-10T19:00,0.0,0.0,0.0,0.0,0.0
2019-06-10T20:00,0.0,0.0,0.0,0.0,0.0
2019-06-10T21:00,0.0,0.0,0.0,0.0,0.0
2019-06-10T22:00,28.3,0.0,28.3,0.0,251.9
2019-06-10T23:00,69.3,0.0,69.3,0.0,537.0
2019-06-11T00:00,32.2,0.0,32.2,0.0,800.4
2019-06-11T01:00,33.5,2.2,31.3,3.2,1024.4
2019-06-11T02:00,30.0,0.0,30.0,0.0,1193.5
2019-06-11T03:00,148.2,5.2,143.0,5.5,1296.2
2019-06-11T04:00,205.3,0.0,205.3,0.0,1325.7
2019-06-11T05:00,180.9,17.6,163.3,17.8,1279.8
2019-06-11T06:00,35.0,0.0,35.0,0.0,1161.8
2019-06-11T07:00,223.1,48.3,174.9,59.6,979.6
2019-06-11T08:00,79.2,0.0,79.2,0.0,745.6
2019-06-11T09:00,97.0,18.6,78.4,40.3,475.9
2019-06-11T10:00,33.4,4.5,28.9,18.1,188.8
2019-06-11T11:00,0.0,0.0,0.0,0.0,0.0
2019-06-11T12:00,0.0,0.0,0.0,0.0,0.0
2019-06-11T13:00,0.0,0.0,0.0,0.0,0.0
2019-06-11T14:00,0.0,0.0,0.0,0.0,0.0
2019-06-11T15:00,0.0,0.0,0.0,0.0,0.0
2019-06-11T16:00,0.0,0.0,0.0,0.0,0.0
2019-06-11T17:00,0.0,0.0,0.0,0.0,0.0
2019-06-11T18:00,0.0,0.0,0.0,0.0,0.0
2019-06-11T19:00,0.0,0.0,0.0,0.0,0.0
2019-06-11T20:00,0.0,0.0,0.0,0.0,0.0
2019-06-11T21:00,0.0,0.0,0.0,0.0,0.0
2019-06-11T22:00,28.3,2.2,26.1,11.0,251.5
2019-06-11T23:00,91.0,6.8,84.2,22.8,536.4
2019-06-12T00:00,252.8,90.6,162.2,179.3,799.8
2019-06-12T01:00,390.2,126.3,263.8,183.0,1023.7
2019-06-12T02:00,433.9,120.0,313.9,143.0,1192.9
2019-06-12T03:00,309.9,41.5,268.4,44.0,1295.8
2019-06-12T04:00,182.2,8.1,174.1,8.1,1325.5
2019-06-12T05:00,317.8,46.9,270.9,47.6,1279.9
2019-06-12T06:00,216.9,8.5,208.4,9.2,1162.1
2019-06-12T07:00,183.1,13.7,169.4,16.8,980.3
2019-06-12T08:00,105.9,21.5,84.4,32.9,746.7
2019-06-12T09:00,57.5,0.8,56.7,1.7,477.2
2019-06-12T10:00,1.7,0.0,1.7,0.0,190.3
2019-06-12T11:00,0.0,0.0,0.0,0.0,0.0
2019-06-12T12:00,0.0,0.0,0.0,0.0,0.0
2019-06-12T13:00,0.0,0.0,0.0,0.0,0.0
2019-06-12T14:00,0.0,0.0,0.0,0.0,0.0
2019-06-12T15:00,0.0,0.0,0.0,0.0,0.0
2019-06-12T16:00,0.0,0.0,0.0,0.0,0.0
2019-06-12T17:00,0.0,0.0,0.0,0.0,0.0
2019-06-12T18:00,0.0,0.0,0.0,0.0,0.0
2019-06-12T19:00,0.0,0.0,0.0,0.0,0.0
2019-06-12T20:00,0.0,0.0,0.0,0.0,0.0
2019-06-12T21:00,0.0,0.0,0.0,0.0,0.0
2019-06-12T22:00,19.6,0.0,19.6,0.0,251.0
2019-06-12T23:00,73.4,1.4,72.0,4.6,535.7
2019-06-13T00:00,137.2,26.2,110.9,52.0,799.0
2019-06-13T01:00,299.6,55.9,243.7,81.0,1022.9
2019-06-13T02:00,345.0,53.6,291.4,63.9,1192.2
2019-06-13T03:00,230.1,7.3,222.9,7.7,1295.3
2019-06-13T04:00,161.1,0.0,161.1,0.0,1325.3
2019-06-13T05:00,150.6,0.0,150.6,0.0,1280.0
2019-06-13T06:00,198.0,6.6,191.4,7.2,1162.5
2019-06-13T07:00,240.5,25.5,215.0,31.4,981.0
2019-06-13T08:00,141.3,0.9,140.4,1.3,747.7
2019-06-13T09:00,45.1,0.0,45.1,0.0,478.5
2019-06-13T10:00,13.1,0.0,13.1,0.0,191.9
2019-06-13T11:00,0.0,0.0,0.0,0.0,0.0
2019-06-13T12:00,0.0,0.0,0.0,0.0,0.0
2019-06-13T13:00,0.0,0.0,0.0,0.0,0.0
2019-06-13T14:00,0.0,0.0,0.0,0.0,0.0
2019-06-13T15:00,0.0,0.0,0.0,0.0,0.0
2019-06-13T16:00,0.0,0.0,0.0,0.0,0.0
2019-06-13T17:00,0.0,0.0,0.0,0.0,0.0
2019-06-13T18:00,0.0,0.0,0.0,0.0,0.0
2019-06-13T19:00,0.0,0.0,0.0,0.0,0.0
2019-06-13T20:00,0.0,0.0,0.0,0.0,0.0
2019-06-13T21:00,0.0,0.0,0.0,0.0,0.0
2019-06-13T22:00,23.9,0.0,23.9,0.0,250.4
2019-06-13T23:00,63.9,2.7,61.2,9.2,535.0
2019-06-14T00:00,183.7,13.1,170.6,26.0,798.2
2019-06-14T01:00,180.0,7.8,172.2,11.4,1022.2
2019-06-14T02:00,231.5,0.0,231.5,0.0,1191.6
2019-06-14T03:00,371.1,8.3,362.8,8.8,1294.9
2019-06-14T04:00,432.9,78.5,354.4,79.1,1325.0
2019-06-14T05:00,314.9,41.1,273.9,41.6,1280.0
2019-06-14T06:00,415.0,94.8,320.3,102.4,1162.9
2019-06-14T07:00,166.8,0.0,166.8,0.0,981.7
2019-06-14T08:00,87.9,0.0,87.9,0.0,748.7
2019-06-14T09:00,78.6,0.0,78.6,0.0,479.8
2019-06-14T10:00,48.2,12.0,36.1,47.3,193.3
2019-06-14T11:00,0.0,0.0,0.0,0.0,0.0
2019-06-14T12:00,0.0,0.0,0.0,0.0,0.0
2019-06-14T13:00,0.0,0.0,0.0,0.0,0.0
2019-06-14T14:00,0.0,0.0,0.0,0.0,0.0
2019-06-14T15:00,0.0,0.0,0.0,0.0,0.0
2019-06-14T16:00,0.0,0.0,0.0,0.0,0.0
2019-06-14T17:00,0.0,0.0,0.0,0.0,0.0
2019-06-14T18:00,0.0,0.0,0.0,0.0,0.0
2019-06-14T19:00,0.0,0.0,0.0,0.0,0.0
2019-06-14T20:00,0.0,0.0,0.0,0.0,0.0
2019-06-14T21:00,0.0,0.0,0.0,0.0,0.0
2019-06-14T22:00,93.6,45.7,47.9,232.5,249.7
2019-06-14T23:00,292.3,203.9,88.4,688.2,534.2
2019-06-15T00:00,507.1,397.3,109.8,788.2,797.4
2019-06-15T01:00,685.5,544.6,140.9,790.6,1021.4
2019-06-15T02:00,800.6,600.2,200.4,716.1,1190.9
2019-06-15T03:00,900.9,713.3,187.7,757.5,1294.4
2019-06-15T04:00,981.6,837.7,144.0,844.0,1324.8
2019-06-15T05:00,965.5,853.0,112.5,864.1,1280.1
2019-06-15T06:00,871.0,760.1,110.9,821.0,1163.3
2019-06-15T07:00,710.1,601.6,108.5,740.0,982.4
2019-06-15T08:00,514.6,428.4,86.2,653.0,749.7
2019-06-15T09:00,306.1,242.2,63.9,519.9,481.1
2019-06-15T10:00,106.4,74.2,32.2,290.5,194.8
2019-06-15T11:00,0.0,0.0,0.0,0.0,0.0
2019-06-15T12:00,0.0,0.0,0.0,0.0,0.0
2019-06-15T13:00,0.0,0.0,0.0,0.0,0.0
2019-06-15T14:00,0.0,0.0,0.0,0.0,0.0
2019-06-15T15:00,0.0,0.0,0.0,0.0,0.0
2019-06-15T16:00,0.0,0.0,0.0,0.0,0.0
2019-06-15T17:00,0.0,0.0,0.0,0.0,0.0
2019-06-15T18:00,0.0,0.0,0.0,0.0,0.0
2019-06-15T19:00,0.0,0.0,0.0,0.0,0.0
2019-06-15T20:00,0.0,0.0,0.0,0.0,0.0
2019-06-15T21:00,0.0,0.0,0.0,0.0,0.0
2019-06-15T22:00,93.7,50.1,43.6,254.9,249.0
2019-06-15T23:00,292.4,208.1,84.3,703.6,533.3
2019-06-16T00:00,496.4,395.0,101.4,784.5,796.5
2019-06-16T01:00,710.2,599.5,110.7,870.9,1020.6
2019-06-16T02:00,850.0,707.4,142.6,844.4,1190.2
2019-06-16T03:00,937.3,760.0,177.3,807.3,1293.9
2019-06-16T04:00,965.6,799.5,166.1,805.6,1324.6
2019-06-16T05:00,923.5,744.5,179.0,754.1,1280.2
2019-06-16T06:00,785.8,612.3,173.5,661.1,1163.8
2019-06-16T07:00,591.7,411.2,180.5,505.4,983.1
2019-06-16T08:00,392.3,237.1,155.2,361.0,750.7
2019-06-16T09:00,224.5,112.2,112.2,240.4,482.3
2019-06-16T10:00,61.8,15.6,46.2,60.8,196.2
2019-06-16T11:00,0.0,0.0,0.0,0.0,0.0
2019-06-16T12:00,0.0,0.0,0.0,0.0,0.0
2019-06-16T13:00,0.0,0.0,0.0,0.0,0.0
2019-06-16T14:00,0.0,0.0,0.0,0.0,0.0
2019-06-16T15:00,0.0,0.0,0.0,0.0,0.0
2019-06-16T16:00,0.0,0.0,0.0,0.0,0.0
2019-06-16T17:00,0.0,0.0,0.0,0.0,0.0
2019-06-16T18:00,0.0,0.0,0.0,0.0,0.0
2019-06-16T19:00,0.0,0.0,0.0,0.0,0.0
2019-06-16T20:00,0.0,0.0,0.0,0.0,0.0
2019-06-16T21:00,0.0,0.0,0.0,0.0,0.0
2019-06-16T22:00,67.5,28.3,39.2,144.3,248.1
2019-06-16T23:00,125.2,39.5,85.7,133.7,532.4
2019-06-17T00:00,383.2,204.1,179.0,405.8,795.6
2019-06-17T01:00,622.0,483.2,138.7,702.6,1019.8
2019-06-17T02:00,807.2,672.1,135.1,802.7,1189.6
2019-06-17T03:00,757.0,554.8,202.2,589.5,1293.5
2019-06-17T04:00,695.9,468.3,227.6,471.9,1324.4
2019-06-17T05:00,545.9,226.0,319.9,228.9,1280.3
2019-06-17T06:00,456.0,235.1,220.9,253.7,1164.2
2019-06-17T07:00,550.8,338.3,212.5,415.6,983.9
2019-06-17T08:00,315.7,124.2,191.5,188.9,751.7
2019-06-17T09:00,187.2,78.0,109.2,166.8,483.5
2019-06-17T10:00,61.9,19.7,42.3,76.4,197.5
2019-06-17T11:00,0.0,0.0,0.0,0.0,0.0
2019-06-17T12:00,0.0,0.0,0.0,0.0,0.0
2019-06-17T13:00,0.0,0.0,0.0,0.0,0.0
2019-06-17T14:00,0.0,0.0,0.0,0.0,0.0
2019-06-17T15:00,0.0,0.0,0.0,0.0,0.0
2019-06-17T16:00,0.0,0.0,0.0,0.0,0.0
2019-06-17T17:00,0.0,0.0,0.0,0.0,0.0
2019-06-17T18:00,0.0,0.0,0.0,0.0,0.0
2019-06-17T19:00,0.0,0.0,0.0,0.0,0.0
2019-06-17T20:00,0.0,0.0,0.0,0.0,0.0
2019-06-17T21:00,0.0,0.0,0.0,0.0,0.0
2019-06-17T22:00,74.1,26.2,47.9,133.4,247.3
2019-06-17T23:00,243.7,132.1,111.7,448.4,531.5
2019-06-18T00:00,402.4,250.7,151.6,499.2,794.7
2019-06-18T01:00,604.2,419.6,184.6,610.5,1018.9
2019-06-18T02:00,620.7,374.2,246.6,447.1,1188.9
2019-06-18T03:00,684.5,458.4,226.1,487.2,1293.0
2019-06-18T04:00,801.7,577.1,224.6,581.6,1324.3
2019-06-18T05:00,513.7,328.8,184.9,332.9,1280.4
2019-06-18T06:00,497.8,249.4,248.4,269.0,1164.6
2019-06-18T07:00,354.8,213.4,141.4,262.0,984.6
2019-06-18T08:00,393.4,279.5,113.9,424.6,752.7
2019-06-18T09:00,173.3,71.8,101.5,153.2,484.7
2019-06-18T10:00,45.3,18.6,26.7,71.9,198.8
2019-06-18T11:00,0.0,0.0,0.0,0.0,0.0
2019-06-18T12:00,0.0,0.0,0.0,0.0,0.0
2019-06-18T13:00,0.0,0.0,0.0,0.0,0.0
2019-06-18T14:00,0.0,0.0,0.0,0.0,0.0
2019-06-18T15:00,0.0,0.0,0.0,0.0,0.0
2019-06-18T16:00,0.0,0.0,0.0,0.0,0.0
2019-06-18T17:00,0.0,0.0,0.0,0.0,0.0
2019-06-18T18:00,0.0,0.0,0.0,0.0,0.0
2019-06-18T19:00,0.0,0.0,0.0,0.0,0.0
2019-06-18T20:00,0.0,0.0,0.0,0.0,0.0
2019-06-18T21:00,0.0,0.0,0.0,0.0,0.0
2019-06-18T22:00,67.6,8.7,58.9,44.5,246.3
2019-06-18T23:00,209.8,57.2,152.6,194.7,530.5
2019-06-19T00:00,379.8,154.1,225.7,307.1,793.7
2019-06-19T01:00,611.0,420.7,190.2,612.7,1018.0
2019-06-19T02:00,814.9,666.9,148.0,797.4,1188.2
2019-06-19T03:00,908.6,761.3,147.3,809.4,1292.6
2019-06-19T04:00,925.7,751.4,174.3,757.3,1324.1
2019-06-19T05:00,884.7,704.6,180.1,713.4,1280.6
2019-06-19T06:00,798.5,641.0,157.4,691.3,1165.0
2019-06-19T07:00,603.0,366.7,236.3,449.8,985.3
2019-06-19T08:00,451.4,283.9,167.4,430.8,753.6
2019-06-19T09:00,220.2,82.0,138.2,174.7,485.8
2019-06-19T10:00,49.5,3.5,46.0,13.5,200.1
2019-06-19T11:00,0.0,0.0,0.0,0.0,0.0
2019-06-19T12:00,0.0,0.0,0.0,0.0,0.0
2019-06-19T13:00,0.0,0.0,0.0,0.0,0.0
2019-06-19T14:00,0.0,0.0,0.0,0.0,0.0
2019-06-19T15:00,0.0,0.0,0.0,0.0,0.0
2019-06-19T16:00,0.0,0.0,0.0,0.0,0.0
2019-06-19T17:00,0.0,0.0,0.0,0.0,0.0
2019-06-19T18:00,0.0,0.0,0.0,0.0,0.0
2019-06-19T19:00,0.0,0.0,0.0,0.0,0.0
2019-06-19T20:00,0.0,0.0,0.0,0.0,0.0
2019-06-19T21:00,0.0,0.0,0.0,0.0,0.0
2019-06-19T22:00,61.1,15.3,45.8,78.1,245.3
2019-06-19T23:00,226.3,88.6,137.7,302.3,529.5
2019-06-20T00:00,395.4,203.1,192.3,405.4,792.7
2019-06-20T01:00,644.6,467.8,176.8,681.9,1017.2
2019-06-20T02:00,798.9,596.2,202.7,713.2,1187.5
2019-06-20T03:00,915.9,762.4,153.5,810.8,1292.1
2019-06-20T04:00,960.0,811.9,148.1,818.4,1323.9
2019-06-20T05:00,893.6,705.7,187.9,714.4,1280.7
2019-06-20T06:00,707.5,506.5,201.1,546.0,1165.4
2019-06-20T07:00,478.1,276.5,201.6,338.9,985.9
2019-06-20T08:00,440.3,290.1,150.2,439.7,754.5
2019-06-20T09:00,254.8,171.1,83.6,363.9,486.9
2019-06-20T10:00,96.9,51.4,45.5,197.4,201.2
2019-06-20T11:00,0.0,0.0,0.0,0.0,0.0
2019-06-20T12:00,0.0,0.0,0.0,0.0,0.0
2019-06-20T13:00,0.0,0.0,0.0,0.0,0.0
2019-06-20T14:00,0.0,0.0,0.0,0.0,0.0
2019-06-20T15:00,0.0,0.0,0.0,0.0,0.0
2019-06-20T16:00,0.0,0.0,0.0,0.0,0.0
2019-06-20T17:00,0.0,0.0,0.0,0.0,0.0
2019-06-20T18:00,0.0,0.0,0.0,0.0,0.0
2019-06-20T19:00,0.0,0.0,0.0,0.0,0.0
2019-06-20T20:00,0.0,0.0,0.0,0.0,0.0
2019-06-20T21:00,0.0,0.0,0.0,0.0,0.0
2019-06-20T22:00,82.9,34.9,48.0,178.7,244.3
2019-06-20T23:00,277.0,182.8,94.1,625.3,528.4
2019-06-21T00:00,489.9,378.8,111.1,757.2,791.7
2019-06-21T01:00,685.1,567.5,117.5,827.9,1016.3
2019-06-21T02:00,835.5,712.1,123.3,852.4,1186.8
2019-06-21T03:00,923.3,783.3,140.1,833.2,1291.7
2019-06-21T04:00,957.1,822.1,135.0,828.7,1323.7
2019-06-21T05:00,921.1,784.1,137.0,793.6,1280.8
2019-06-21T06:00,826.2,681.1,145.1,733.9,1165.8
2019-06-21T07:00,673.5,539.3,134.1,660.7,986.6
2019-06-21T08:00,487.0,367.0,120.0,555.7,755.4
2019-06-21T09:00,272.9,166.6,106.3,353.5,487.9
2019-06-21T10:00,86.0,33.4,52.7,127.7,202.3
2019-06-21T11:00,0.0,0.0,0.0,0.0,0.0
2019-06-21T12:00,0.0,0.0,0.0,0.0,0.0
2019-06-21T13:00,0.0,0.0,0.0,0.0,0.0
2019-06-21T14:00,0.0,0.0,0.0,0.0,0.0
2019-06-21T15:00,0.0,0.0,0.0,0.0,0.0
2019-06-21T16:00,0.0,0.0,0.0,0.0,0.0
2019-06-21T17:00,0.0,0.0,0.0,0.0,0.0
2019-06-21T18:00,0.0,0.0,0.0,0.0,0.0
2019-06-21T19:00,0.0,0.0,0.0,0.0,0.0
2019-06-21T20:00,0.0,0.0,0.0,0.0,0.0
2019-06-21T21:00,0.0,0.0,0.0,0.0,0.0
2019-06-21T22:00,43.6,2.2,41.5,11.2,243.2
2019-06-21T23:00,121.5,4.1,117.4,14.0,527.3
2019-06-22T00:00,151.8,3.6,148.2,7.2,790.7
2019-06-22T01:00,452.3,117.6,334.8,171.7,1015.4
2019-06-22T02:00,621.1,261.7,359.3,313.4,1186.1
2019-06-22T03:00,587.3,201.3,386.0,214.2,1291.2
2019-06-22T04:00,598.5,178.3,420.2,179.8,1323.6
2019-06-22T05:00,612.8,218.3,394.5,221.0,1280.9
2019-06-22T06:00,434.5,101.5,333.0,109.3,1166.2
2019-06-22T07:00,314.9,31.0,283.9,38.0,987.2
2019-06-22T08:00,213.4,23.3,190.0,35.3,756.2
2019-06-22T09:00,105.6,5.5,100.1,11.6,488.8
2019-06-22T10:00,34.0,0.6,33.4,2.2,203.4
2019-06-22T11:00,0.0,0.0,0.0,0.0,0.0
2019-06-22T12:00,0.0,0.0,0.0,0.0,0.0
2019-06-22T13:00,0.0,0.0,0.0,0.0,0.0
2019-06-22T14:00,0.0,0.0,0.0,0.0,0.0
2019-06-22T15:00,0.0,0.0,0.0,0.0,0.0
2019-06-22T16:00,0.0,0.0,0.0,0.0,0.0
2019-06-22T17:00,0.0,0.0,0.0,0.0,0.0
2019-06-22T18:00,0.0,0.0,0.0,0.0,0.0
2019-06-22T19:00,0.0,0.0,0.0,0.0,0.0
2019-06-22T20:00,0.0,0.0,0.0,0.0,0.0
2019-06-22T21:00,0.0,0.0,0.0,0.0,0.0
2019-06-22T22:00,45.9,4.4,41.5,22.4,242.1
2019-06-22T23:00,101.1,9.6,91.6,32.9,526.2
2019-06-23T00:00,117.2,3.6,113.6,7.2,789.7
2019-06-23T01:00,152.3,15.7,136.6,22.9,1014.5
2019-06-23T02:00,128.7,0.0,128.7,0.0,1185.5
2019-06-23T03:00,128.7,0.0,128.7,0.0,1290.8
2019-06-23T04:00,147.1,0.0,147.1,0.0,1323.4
2019-06-23T05:00,206.6,8.8,197.8,8.9,1281.0
2019-06-23T06:00,152.8,0.9,151.8,1.0,1166.6
2019-06-23T07:00,111.4,0.0,111.4,0.0,987.8
2019-06-23T08:00,84.7,0.0,84.7,0.0,757.0
2019-06-23T09:00,45.4,0.8,44.6,1.7,489.7
2019-06-23T10:00,15.3,0.0,15.3,0.0,204.3
2019-06-23T11:00,0.0,0.0,0.0,0.0,0.0
2019-06-23T12:00,0.0,0.0,0.0,0.0,0.0
2019-06-23T13:00,0.0,0.0,0.0,0.0,0.0
2019-06-23T14:00,0.0,0.0,0.0,0.0,0.0
2019-06-23T15:00,0.0,0.0,0.0,0.0,0.0
2019-06-23T16:00,0.0,0.0,0.0,0.0,0.0
2019-06-23T17:00,0.0,0.0,0.0,0.0,0.0
2019-06-23T18:00,0.0,0.0,0.0,0.0,0.0
2019-06-23T19:00,0.0,0.0,0.0,0.0,0.0
2019-06-23T20:00,0.0,0.0,0.0,0.0,0.0
2019-06-23T21:00,0.0,0.0,0.0,0.0,0.0
2019-06-23T22:00,10.9,0.0,10.9,0.0,240.9
2019-06-23T23:00,38.3,0.0,38.3,0.0,525.1
2019-06-24T00:00,90.9,7.2,83.7,14.4,788.6
2019-06-24T01:00,170.2,2.2,168.0,3.3,1013.7
2019-06-24T02:00,186.7,8.6,178.1,10.3,1184.8
2019-06-24T03:00,233.5,5.2,228.3,5.5,1290.4
2019-06-24T04:00,162.3,0.0,162.3,0.0,1323.3
2019-06-24T05:00,207.6,14.7,192.9,14.9,1281.2
2019-06-24T06:00,128.1,0.0,128.1,0.0,1167.0
2019-06-24T07:00,157.0,0.0,157.0,0.0,988.4
2019-06-24T08:00,140.9,5.2,135.7,7.8,757.7
2019-06-24T09:00,101.8,2.3,99.5,5.0,490.6
2019-06-24T10:00,41.2,0.6,40.6,2.2,205.2
2019-06-24T11:00,0.0,0.0,0.0,0.0,0.0
2019-06-24T12:00,0.0,0.0,0.0,0.0,0.0
2019-06-24T13:00,0.0,0.0,0.0,0.0,0.0
2019-06-24T14:00,0.0,0.0,0.0,0.0,0.0
2019-06-24T15:00,0.0,0.0,0.0,0.0,0.0
2019-06-24T16:00,0.0,0.0,0.0,0.0,0.0
2019-06-24T17:00,0.0,0.0,0.0,0.0,0.0
2019-06-24T18:00,0.0,0.0,0.0,0.0,0.0
2019-06-24T19:00,0.0,0.0,0.0,0.0,0.0
2019-06-24T20:00,0.0,0.0,0.0,0.0,0.0
2019-06-24T21:00,0.0,0.0,0.0,0.0,0.0
2019-06-24T22:00,37.1,2.2,35.0,11.3,239.7
2019-06-24T23:00,130.1,6.8,123.2,23.7,523.9
2019-06-25T00:00,244.1,52.6,191.4,105.9,787.6
2019-06-25T01:00,357.4,156.8,200.5,229.7,1012.8
2019-06-25T02:00,531.2,241.4,289.7,289.7,1184.2
2019-06-25T03:00,833.4,561.5,271.9,598.1,1290.0
2019-06-25T04:00,943.4,774.0,169.3,780.6,1323.1
2019-06-25T05:00,689.4,510.2,179.2,516.2,1281.3
2019-06-25T06:00,506.8,260.0,246.7,279.8,1167.3
2019-06-25T07:00,158.9,0.9,158.0,1.1,989.0
2019-06-25T08:00,81.2,0.9,80.4,1.3,758.4
2019-06-25T09:00,86.2,2.4,83.8,5.0,491.4
2019-06-25T10:00,38.3,5.9,32.4,22.3,206.0
2019-06-25T11:00,0.0,0.0,0.0,0.0,0.0
2019-06-25T12:00,0.0,0.0,0.0,0.0,0.0
2019-06-25T13:00,0.0,0.0,0.0,0.0,0.0
2019-06-25T14:00,0.0,0.0,0.0,0.0,0.0
2019-06-25T15:00,0.0,0.0,0.0,0.0,0.0
2019-06-25T16:00,0.0,0.0,0.0,0.0,0.0
2019-06-25T17:00,0.0,0.0,0.0,0.0,0.0
2019-06-25T18:00,0.0,0.0,0.0,0.0,0.0
2019-06-25T19:00,0.0,0.0,0.0,0.0,0.0
2019-06-25T20:00,0.0,0.0,0.0,0.0,0.0
2019-06-25T21:00,0.0,0.0,0.0,0.0,0.0
2019-06-25T22:00,41.5,2.2,39.3,11.3,238.5
2019-06-25T23:00,149.4,12.3,137.0,42.8,522.8
2019-06-26T00:00,302.8,111.3,191.5,224.2,786.6
2019-06-26T01:00,493.0,290.2,202.8,425.4,1011.9
2019-06-26T02:00,536.6,328.4,208.2,394.2,1183.5
2019-06-26T03:00,486.8,222.1,264.7,236.7,1289.6
2019-06-26T04:00,509.0,270.1,238.9,272.4,1323.0
2019-06-26T05:00,519.1,212.5,306.5,215.0,1281.4
2019-06-26T06:00,450.8,131.9,318.9,141.9,1167.6
2019-06-26T07:00,422.8,166.2,256.6,203.1,989.5
2019-06-26T08:00,223.0,97.7,125.4,147.3,759.0
2019-06-26T09:00,170.8,58.0,112.8,122.3,492.0
2019-06-26T10:00,61.4,23.0,38.4,87.0,206.7
2019-06-26T11:00,0.0,0.0,0.0,0.0,0.0
2019-06-26T12:00,0.0,0.0,0.0,0.0,0.0
2019-06-26T13:00,0.0,0.0,0.0,0.0,0.0
2019-06-26T14:00,0.0,0.0,0.0,0.0,0.0
2019-06-26T15:00,0.0,0.0,0.0,0.0,0.0
2019-06-26T16:00,0.0,0.0,0.0,0.0,0.0
2019-06-26T17:00,0.0,0.0,0.0,0.0,0.0
2019-06-26T18:00,0.0,0.0,0.0,0.0,0.0
2019-06-26T19:00,0.0,0.0,0.0,0.0,0.0
2019-06-26T20:00,0.0,0.0,0.0,0.0,0.0
2019-06-26T21:00,0.0,0.0,0.0,0.0,0.0
2019-06-26T22:00,65.6,28.4,37.2,147.0,237.3
2019-06-26T23:00,194.8,65.8,128.9,229.1,521.6
2019-06-27T00:00,275.4,92.2,183.2,186.0,785.5
2019-06-27T01:00,523.4,355.3,168.1,521.2,1011.1
2019-06-27T02:00,581.8,384.3,197.5,461.5,1182.9
2019-06-27T03:00,731.9,555.4,176.5,591.9,1289.2
2019-06-27T04:00,583.7,329.6,254.0,332.5,1322.9
2019-06-27T05:00,541.6,297.8,243.9,301.2,1281.5
2019-06-27T06:00,354.0,123.4,230.6,132.7,1167.9
2019-06-27T07:00,298.7,80.4,218.3,98.1,989.9
2019-06-27T08:00,259.4,79.5,179.8,119.8,759.6
2019-06-27T09:00,169.3,61.9,107.4,130.4,492.7
2019-06-27T10:00,65.6,26.0,39.6,98.1,207.3
2019-06-27T11:00,0.0,0.0,0.0,0.0,0.0
2019-06-27T12:00,0.0,0.0,0.0,0.0,0.0
2019-06-27T13:00,0.0,0.0,0.0,0.0,0.0
2019-06-27T14:00,0.0,0.0,0.0,0.0,0.0
2019-06-27T15:00,0.0,0.0,0.0,0.0,0.0
2019-06-27T16:00,0.0,0.0,0.0,0.0,0.0
2019-06-27T17:00,0.0,0.0,0.0,0.0,0.0
2019-06-27T18:00,0.0,0.0,0.0,0.0,0.0
2019-06-27T19:00,0.0,0.0,0.0,0.0,0.0
2019-06-27T20:00,0.0,0.0,0.0,0.0,0.0
2019-06-27T21:00,0.0,0.0,0.0,0.0,0.0
2019-06-27T22:00,76.6,37.2,39.4,192.7,236.0
2019-06-27T23:00,249.9,162.0,87.9,565.5,520.4
2019-06-28T00:00,444.4,331.8,112.6,670.5,784.5
2019-06-28T01:00,673.7,557.1,116.6,818.1,1010.3
2019-06-28T02:00,800.9,663.5,137.4,797.3,1182.3
2019-06-28T03:00,884.6,750.6,133.9,800.3,1288.9
2019-06-28T04:00,855.9,707.7,148.2,713.9,1322.7
2019-06-28T05:00,778.7,586.7,192.0,593.5,1281.6
2019-06-28T06:00,674.0,518.3,155.7,557.4,1168.2
2019-06-28T07:00,514.3,355.3,158.9,433.7,990.4
2019-06-28T08:00,348.5,192.0,156.5,289.0,760.1
2019-06-28T09:00,202.3,122.3,80.0,257.4,493.2
2019-06-28T10:00,60.9,26.6,34.3,100.3,207.7
2019-06-28T11:00,0.0,0.0,0.0,0.0,0.0
2019-06-28T12:00,0.0,0.0,0.0,0.0,0.0
2019-06-28T13:00,0.0,0.0,0.0,0.0,0.0
2019-06-28T14:00,0.0,0.0,0.0,0.0,0.0
2019-06-28T15:00,0.0,0.0,0.0,0.0,0.0
2019-06-28T16:00,0.0,0.0,0.0,0.0,0.0
2019-06-28T17:00,0.0,0.0,0.0,0.0,0.0
2019-06-28T18:00,0.0,0.0,0.0,0.0,0.0
2019-06-28T19:00,0.0,0.0,0.0,0.0,0.0
2019-06-28T20:00,0.0,0.0,0.0,0.0,0.0
2019-06-28T21:00,0.0,0.0,0.0,0.0,0.0
2019-06-28T22:00,74.4,26.3,48.2,136.3,234.7
2019-06-28T23:00,265.2,171.8,93.4,601.6,519.3
2019-06-29T00:00,457.8,349.9,107.8,708.2,783.5
2019-06-29T01:00,569.6,390.2,179.4,573.5,1009.4
2019-06-29T02:00,706.5,516.5,190.0,621.0,1181.7
2019-06-29T03:00,737.2,505.7,231.6,539.3,1288.5
2019-06-29T04:00,692.7,461.8,230.9,465.9,1322.6
2019-06-29T05:00,687.7,391.8,295.8,396.3,1281.7
2019-06-29T06:00,529.7,292.4,237.3,314.4,1168.5
2019-06-29T07:00,443.1,273.1,169.9,333.3,990.8
2019-06-29T08:00,406.5,275.9,130.6,415.1,760.6
2019-06-29T09:00,277.6,204.7,72.9,430.3,493.7
2019-06-29T10:00,88.8,50.3,38.5,189.3,208.2
2019-06-29T11:00,0.0,0.0,0.0,0.0,0.0
2019-06-29T12:00,0.0,0.0,0.0,0.0,0.0
2019-06-29T13:00,0.0,0.0,0.0,0.0,0.0
2019-06-29T14:00,0.0,0.0,0.0,0.0,0.0
2019-06-29T15:00,0.0,0.0,0.0,0.0,0.0
2019-06-29T16:00,0.0,0.0,0.0,0.0,0.0
2019-06-29T17:00,0.0,0.0,0.0,0.0,0.0
2019-06-29T18:00,0.0,0.0,0.0,0.0,0.0
2019-06-29T19:00,0.0,0.0,0.0,0.0,0.0
2019-06-29T20:00,0.0,0.0,0.0,0.0,0.0
2019-06-29T21:00,0.0,0.0,0.0,0.0,0.0
2019-06-29T22:00,65.7,26.3,39.4,136.6,233.3
2019-06-29T23:00,218.7,132.1,86.7,464.1,518.0
2019-06-30T00:00,386.0,233.8,152.3,474.0,782.4
2019-06-30T01:00,589.9,420.5,169.3,618.8,1008.6
2019-06-30T02:00,723.8,525.1,198.7,631.8,1181.1
2019-06-30T03:00,711.4,505.7,205.6,539.5,1288.2
2019-06-30T04:00,656.4,421.5,234.9,425.3,1322.5
2019-06-30T05:00,558.4,271.4,287.0,274.5,1281.8
2019-06-30T06:00,417.7,185.1,232.6,199.0,1168.8
2019-06-30T07:00,363.6,144.3,219.3,176.1,991.2
2019-06-30T08:00,303.6,188.6,115.0,283.6,761.1
2019-06-30T09:00,156.1,49.4,106.7,103.8,494.1
2019-06-30T10:00,14.8,0.0,14.8,0.0,208.5
2019-06-30T11:00,0.0,0.0,0.0,0.0,0.0
2019-06-30T12:00,0.0,0.0,0.0,0.0,0.0
2019-06-30T13:00,0.0,0.0,0.0,0.0,0.0
2019-06-30T14:00,0.0,0.0,0.0,0.0,0.0
2019-06-30T15:00,0.0,0.0,0.0,0.0,0.0
2019-06-30T16:00,0.0,0.0,0.0,0.0,0.0
2019-06-30T17:00,0.0,0.0,0.0,0.0,0.0
2019-06-30T18:00,0.0,0.0,0.0,0.0,0.0
2019-06-30T19:00,0.0,0.0,0.0,0.0,0.0
2019-06-30T20:00,0.0,0.0,0.0,0.0,0.0
2019-06-30T21:00,0.0,0.0,0.0,0.0,0.0
2019-06-30T22:00,61.4,19.7,41.6,102.7,231.9
2019-06-30T23:00,144.6,37.2,107.4,131.2,516.7
2019-07-01T00:00,295.0,161.9,133.1,328.9,781.3
2019-07-01T01:00,567.6,409.4,158.2,603.0,1007.7
2019-07-01T02:00,539.2,307.2,232.0,369.8,1180.5
2019-07-01T03:00,694.8,393.6,301.2,420.1,1287.8
2019-07-01T04:00,775.5,552.6,222.9,557.6,1322.4
2019-07-01T05:00,640.8,263.6,377.2,266.5,1281.9
2019-07-01T06:00,542.2,363.6,178.5,390.8,1169.1
2019-07-01T07:00,608.5,458.7,149.8,559.2,991.6
2019-07-01T08:00,455.0,341.7,113.3,513.6,761.5
2019-07-01T09:00,267.5,193.8,73.7,406.8,494.5
2019-07-01T10:00,100.1,62.8,37.3,235.8,208.8
2019-07-01T11:00,0.0,0.0,0.0,0.0,0.0
2019-07-01T12:00,0.0,0.0,0.0,0.0,0.0
2019-07-01T13:00,0.0,0.0,0.0,0.0,0.0
2019-07-01T14:00,0.0,0.0,0.0,0.0,0.0
2019-07-01T15:00,0.0,0.0,0.0,0.0,0.0
2019-07-01T16:00,0.0,0.0,0.0,0.0,0.0
2019-07-01T17:00,0.0,0.0,0.0,0.0,0.0
2019-07-01T18:00,0.0,0.0,0.0,0.0,0.0
2019-07-01T19:00,0.0,0.0,0.0,0.0,0.0
2019-07-01T20:00,0.0,0.0,0.0,0.0,0.0
2019-07-01T21:00,0.0,0.0,0.0,0.0,0.0
2019-07-01T22:00,76.7,35.1,41.7,183.1,230.4
2019-07-01T23:00,270.3,183.4,86.9,649.3,515.4
2019-07-02T00:00,398.4,291.6,106.8,593.4,780.2
2019-07-02T01:00,629.4,513.9,115.6,757.7,1006.8
2019-07-02T02:00,530.7,276.1,254.6,332.6,1179.9
2019-07-02T03:00,683.5,469.5,214.0,501.2,1287.5
2019-07-02T04:00,663.6,374.2,289.4,377.6,1322.3
2019-07-02T05:00,683.0,411.5,271.4,416.2,1282.0
2019-07-02T06:00,492.8,201.3,291.5,216.3,1169.3
2019-07-02T07:00,254.9,75.8,179.1,92.4,991.9
2019-07-02T08:00,186.9,20.8,166.1,31.2,761.9
2019-07-02T09:00,96.5,3.1,93.4,6.6,494.9
2019-07-02T10:00,16.0,0.6,15.4,2.2,209.1
2019-07-02T11:00,0.0,0.0,0.0,0.0,0.0
2019-07-02T12:00,0.0,0.0,0.0,0.0,0.0
2019-07-02T13:00,0.0,0.0,0.0,0.0,0.0
2019-07-02T14:00,0.0,0.0,0.0,0.0,0.0
2019-07-02T15:00,0.0,0.0,0.0,0.0,0.0
2019-07-02T16:00,0.0,0.0,0.0,0.0,0.0
2019-07-02T17:00,0.0,0.0,0.0,0.0,0.0
2019-07-02T18:00,0.0,0.0,0.0,0.0,0.0
2019-07-02T19:00,0.0,0.0,0.0,0.0,0.0
2019-07-02T20:00,0.0,0.0,0.0,0.0,0.0
2019-07-02T21:00,0.0,0.0,0.0,0.0,0.0
2019-07-02T22:00,52.7,13.2,39.5,68.9,228.8
2019-07-02T23:00,205.7,92.5,113.2,328.8,514.0
2019-07-03T00:00,333.7,154.9,178.9,315.8,779.0
2019-07-03T01:00,461.3,167.2,294.0,246.8,1005.9
2019-07-03T02:00,513.6,157.9,355.6,190.4,1179.2
2019-07-03T03:00,478.9,112.2,366.7,119.8,1287.1
2019-07-03T04:00,457.9,90.8,367.1,91.6,1322.2
2019-07-03T05:00,559.5,188.1,371.4,190.3,1282.1
2019-07-03T06:00,353.3,18.0,335.2,19.4,1169.6
2019-07-03T07:00,236.7,27.4,209.3,33.4,992.3
2019-07-03T08:00,150.5,6.1,144.5,9.1,762.3
2019-07-03T09:00,109.9,18.0,91.8,37.8,495.2
2019-07-03T10:00,26.1,0.0,26.1,0.0,209.3
2019-07-03T11:00,0.0,0.0,0.0,0.0,0.0
2019-07-03T12:00,0.0,0.0,0.0,0.0,0.0
2019-07-03T13:00,0.0,0.0,0.0,0.0,0.0
2019-07-03T14:00,0.0,0.0,0.0,0.0,0.0
2019-07-03T15:00,0.0,0.0,0.0,0.0,0.0
2019-07-03T16:00,0.0,0.0,0.0,0.0,0.0
2019-07-03T17:00,0.0,0.0,0.0,0.0,0.0
2019-07-03T18:00,0.0,0.0,0.0,0.0,0.0
2019-07-03T19:00,0.0,0.0,0.0,0.0,0.0
2019-07-03T20:00,0.0,0.0,0.0,0.0,0.0
2019-07-03T21:00,0.0,0.0,0.0,0.0,0.0
2019-07-03T22:00,46.1,4.4,41.7,23.0,227.2
2019-07-03T23:00,161.8,27.7,134.1,98.7,512.6
2019-07-04T00:00,331.5,109.3,222.2,223.3,777.9
2019-07-04T01:00,349.1,94.3,254.8,139.4,1005.0
2019-07-04T02:00,415.9,119.3,296.6,143.9,1178.6
2019-07-04T03:00,464.4,140.3,324.2,149.8,1286.8
2019-07-04T04:00,809.0,446.9,362.1,451.1,1322.1
2019-07-04T05:00,640.9,390.0,250.9,394.4,1282.3
2019-07-04T06:00,497.6,317.2,180.4,340.7,1169.9
2019-07-04T07:00,329.9,137.1,192.8,167.0,992.6
2019-07-04T08:00,161.8,45.0,116.8,67.5,762.6
2019-07-04T09:00,69.1,17.3,51.8,36.2,495.4
2019-07-04T10:00,62.2,28.5,33.8,106.6,209.4
2019-07-04T11:00,0.0,0.0,0.0,0.0,0.0
2019-07-04T12:00,0.0,0.0,0.0,0.0,0.0
2019-07-04T13:00,0.0,0.0,0.0,0.0,0.0
2019-07-04T14:00,0.0,0.0,0.0,0.0,0.0
2019-07-04T15:00,0.0,0.0,0.0,0.0,0.0
2019-07-04T16:00,0.0,0.0,0.0,0.0,0.0
2019-07-04T17:00,0.0,0.0,0.0,0.0,0.0
2019-07-04T18:00,0.0,0.0,0.0,0.0,0.0
2019-07-04T19:00,0.0,0.0,0.0,0.0,0.0
2019-07-04T20:00,0.0,0.0,0.0,0.0,0.0
2019-07-04T21:00,0.0,0.0,0.0,0.0,0.0
2019-07-04T22:00,63.7,15.4,48.3,80.8,225.5
2019-07-04T23:00,254.8,156.5,98.3,560.7,511.1
2019-07-05T00:00,413.4,280.0,133.4,573.2,776.7
2019-07-05T01:00,546.8,324.5,222.3,480.1,1004.1
2019-07-05T02:00,655.6,369.7,285.9,446.3,1178.0
2019-07-05T03:00,828.2,536.2,292.0,573.0,1286.4
2019-07-05T04:00,824.2,475.2,349.1,479.7,1322.0
2019-07-05T05:00,902.6,692.9,209.7,700.7,1282.4
2019-07-05T06:00,770.2,571.7,198.5,614.0,1170.1
2019-07-05T07:00,533.7,281.5,252.2,342.8,992.9
2019-07-05T08:00,308.0,107.3,200.7,161.0,762.9
2019-07-05T09:00,195.4,62.8,132.6,131.5,495.6
2019-07-05T10:00,64.0,6.5,57.5,24.4,209.4
2019-07-05T11:00,0.0,0.0,0.0,0.0,0.0
2019-07-05T12:00,0.0,0.0,0.0,0.0,0.0
2019-07-05T13:00,0.0,0.0,0.0,0.0,0.0
2019-07-05T14:00,0.0,0.0,0.0,0.0,0.0
2019-07-05T15:00,0.0,0.0,0.0,0.0,0.0
2019-07-05T16:00,0.0,0.0,0.0,0.0,0.0
2019-07-05T17:00,0.0,0.0,0.0,0.0,0.0
2019-07-05T18:00,0.0,0.0,0.0,0.0,0.0
2019-07-05T19:00,0.0,0.0,0.0,0.0,0.0
2019-07-05T20:00,0.0,0.0,0.0,0.0,0.0
2019-07-05T21:00,0.0,0.0,0.0,0.0,0.0
2019-07-05T22:00,35.2,0.0,35.2,0.0,223.8
2019-07-05T23:00,149.7,18.0,131.7,64.9,509.6
2019-07-06T00:00,236.9,55.3,181.6,113.5,775.4
2019-07-06T01:00,292.0,59.5,232.5,88.2,1003.2
2019-07-06T02:00,549.3,221.4,327.9,267.5,1177.4
2019-07-06T03:00,858.4,607.9,250.5,649.9,1286.1
2019-07-06T04:00,795.0,522.6,272.4,527.7,1322.0
2019-07-06T05:00,796.9,563.6,233.3,569.9,1282.5
2019-07-06T06:00,584.1,321.0,263.1,344.7,1170.4
2019-07-06T07:00,432.3,238.5,193.8,290.4,993.2
2019-07-06T08:00,313.2,157.5,155.7,236.2,763.1
2019-07-06T09:00,153.0,53.4,99.7,111.7,495.8
2019-07-06T10:00,73.5,23.1,50.4,86.5,209.4
2019-07-06T11:00,0.0,0.0,0.0,0.0,0.0
2019-07-06T12:00,0.0,0.0,0.0,0.0,0.0
2019-07-06T13:00,0.0,0.0,0.0,0.0,0.0
2019-07-06T14:00,0.0,0.0,0.0,0.0,0.0
2019-07-06T15:00,0.0,0.0,0.0,0.0,0.0
2019-07-06T16:00,0.0,0.0,0.0,0.0,0.0
2019-07-06T17:00,0.0,0.0,0.0,0.0,0.0
2019-07-06T18:00,0.0,0.0,0.0,0.0,0.0
2019-07-06T19:00,0.0,0.0,0.0,0.0,0.0
2019-07-06T20:00,0.0,0.0,0.0,0.0,0.0
2019-07-06T21:00,0.0,0.0,0.0,0.0,0.0
2019-07-06T22:00,57.2,19.8,37.4,104.5,222.1
2019-07-06T23:00,229.1,112.5,116.6,406.7,508.1
2019-07-07T00:00,423.5,281.5,142.0,578.7,774.2
2019-07-07T01:00,651.6,516.8,134.8,766.5,1002.3
2019-07-07T02:00,811.7,663.4,148.4,801.9,1176.8
2019-07-07T03:00,824.2,661.0,163.2,707.0,1285.8
2019-07-07T04:00,903.1,726.5,176.6,733.7,1321.9
2019-07-07T05:00,713.6,436.2,277.4,441.1,1282.6
2019-07-07T06:00,499.6,301.1,198.5,323.3,1170.6
2019-07-07T07:00,449.7,242.2,207.5,294.8,993.5
2019-07-07T08:00,222.4,49.3,173.1,74.0,763.4
2019-07-07T09:00,142.8,19.6,123.2,41.1,495.9
2019-07-07T10:00,53.3,3.0,50.3,11.1,209.3
2019-07-07T11:00,0.0,0.0,0.0,0.0,0.0
2019-07-07T12:00,0.0,0.0,0.0,0.0,0.0
2019-07-07T13:00,0.0,0.0,0.0,0.0,0.0
2019-07-07T14:00,0.0,0.0,0.0,0.0,0.0
2019-07-07T15:00,0.0,0.0,0.0,0.0,0.0
2019-07-07T16:00,0.0,0.0,0.0,0.0,0.0
2019-07-07T17:00,0.0,0.0,0.0,0.0,0.0
2019-07-07T18:00,0.0,0.0,0.0,0.0,0.0
2019-07-07T19:00,0.0,0.0,0.0,0.0,0.0
2019-07-07T20:00,0.0,0.0,0.0,0.0,0.0
2019-07-07T21:00,0.0,0.0,0.0,0.0,0.0
2019-07-07T22:00,59.4,13.2,46.2,69.9,220.3
2019-07-07T23:00,194.7,57.0,137.7,207.1,506.6
2019-07-08T00:00,414.1,234.7,179.3,483.6,773.0
2019-07-08T01:00,638.3,470.9,167.5,699.3,1001.4
2019-07-08T02:00,767.8,637.7,130.1,771.4,1176.2
2019-07-08T03:00,829.5,646.6,182.9,691.8,1285.5
2019-07-08T04:00,743.7,514.6,229.1,519.8,1321.8
2019-07-08T05:00,374.5,67.6,306.8,68.4,1282.7
2019-07-08T06:00,283.1,27.5,255.5,29.6,1170.8
2019-07-08T07:00,248.6,51.2,197.4,62.3,993.7
2019-07-08T08:00,193.8,31.1,162.7,46.7,763.5
2019-07-08T09:00,113.8,16.5,97.3,34.5,495.9
2019-07-08T10:00,59.2,5.9,53.3,22.2,209.1
2019-07-08T11:00,0.0,0.0,0.0,0.0,0.0
2019-07-08T12:00,0.0,0.0,0.0,0.0,0.0
2019-07-08T13:00,0.0,0.0,0.0,0.0,0.0
2019-07-08T14:00,0.0,0.0,0.0,0.0,0.0
2019-07-08T15:00,0.0,0.0,0.0,0.0,0.0
2019-07-08T16:00,0.0,0.0,0.0,0.0,0.0
2019-07-08T17:00,0.0,0.0,0.0,0.0,0.0
2019-07-08T18:00,0.0,0.0,0.0,0.0,0.0
2019-07-08T19:00,0.0,0.0,0.0,0.0,0.0
2019-07-08T20:00,0.0,0.0,0.0,0.0,0.0
2019-07-08T21:00,0.0,0.0,0.0,0.0,0.0
2019-07-08T22:00,66.1,26.4,39.7,140.3,218.5
2019-07-08T23:00,247.9,144.9,103.1,528.7,505.0
2019-07-09T00:00,436.0,281.8,154.2,581.9,771.7
2019-07-09T01:00,304.7,91.1,213.6,135.4,1000.4
2019-07-09T02:00,615.2,314.1,301.1,380.2,1175.6
2019-07-09T03:00,750.6,394.0,356.6,421.7,1285.1
2019-07-09T04:00,780.1,511.7,268.4,516.9,1321.7
2019-07-09T05:00,722.5,401.0,321.5,405.5,1282.8
2019-07-09T06:00,669.7,396.1,273.6,425.2,1171.0
2019-07-09T07:00,638.9,504.5,134.4,613.9,993.9
2019-07-09T08:00,377.2,220.6,156.6,330.8,763.6
2019-07-09T09:00,182.0,52.6,129.4,110.0,495.8
2019-07-09T10:00,58.5,7.7,50.8,28.8,208.8
2019-07-09T11:00,0.0,0.0,0.0,0.0,0.0
2019-07-09T12:00,0.0,0.0,0.0,0.0,0.0
2019-07-09T13:00,0.0,0.0,0.0,0.0,0.0
2019-07-09T14:00,0.0,0.0,0.0,0.0,0.0
2019-07-09T15:00,0.0,0.0,0.0,0.0,0.0
2019-07-09T16:00,0.0,0.0,0.0,0.0,0.0
2019-07-09T17:00,0.0,0.0,0.0,0.0,0.0
2019-07-09T18:00,0.0,0.0,0.0,0.0,0.0
2019-07-09T19:00,0.0,0.0,0.0,0.0,0.0
2019-07-09T20:00,0.0,0.0,0.0,0.0,0.0
2019-07-09T21:00,0.0,0.0,0.0,0.0,0.0
2019-07-09T22:00,57.3,11.0,46.3,58.6,216.6
2019-07-09T23:00,247.0,132.5,114.4,486.0,503.4
2019-07-10T00:00,436.2,265.1,171.1,548.7,770.5
2019-07-10T01:00,682.6,569.0,113.6,847.1,999.5
2019-07-10T02:00,833.7,707.8,125.9,857.5,1175.0
2019-07-10T03:00,904.6,740.3,164.3,792.7,1284.8
2019-07-10T04:00,884.1,731.7,152.4,739.4,1321.6
2019-07-10T05:00,869.6,697.1,172.5,704.9,1282.8
2019-07-10T06:00,738.1,563.3,174.8,604.6,1171.1
2019-07-10T07:00,484.4,311.7,172.7,379.2,994.0
2019-07-10T08:00,340.0,210.2,129.8,315.2,763.7
2019-07-10T09:00,217.2,104.3,112.9,218.3,495.7
2019-07-10T10:00,72.1,31.3,40.8,117.4,208.4
2019-07-10T11:00,0.0,0.0,0.0,0.0,0.0
2019-07-10T12:00,0.0,0.0,0.0,0.0,0.0
2019-07-10T13:00,0.0,0.0,0.0,0.0,0.0
2019-07-10T14:00,0.0,0.0,0.0,0.0,0.0
2019-07-10T15:00,0.0,0.0,0.0,0.0,0.0
2019-07-10T16:00,0.0,0.0,0.0,0.0,0.0
2019-07-10T17:00,0.0,0.0,0.0,0.0,0.0
2019-07-10T18:00,0.0,0.0,0.0,0.0,0.0
2019-07-10T19:00,0.0,0.0,0.0,0.0,0.0
2019-07-10T20:00,0.0,0.0,0.0,0.0,0.0
2019-07-10T21:00,0.0,0.0,0.0,0.0,0.0
2019-07-10T22:00,57.4,15.4,41.9,82.4,214.7
2019-07-10T23:00,159.3,46.1,113.2,169.9,501.9
2019-07-11T00:00,329.2,137.5,191.7,285.1,769.2
2019-07-11T01:00,616.4,422.9,193.5,630.4,998.6
2019-07-11T02:00,704.7,418.5,286.2,507.4,1174.4
2019-07-11T03:00,409.7,211.1,198.6,226.1,1284.5
2019-07-11T04:00,476.4,178.7,297.8,180.6,1321.5
2019-07-11T05:00,284.3,24.5,259.8,24.8,1282.9
2019-07-11T06:00,231.8,6.6,225.1,7.1,1171.2
2019-07-11T07:00,290.6,24.7,266.0,30.0,994.1
2019-07-11T08:00,195.5,13.0,182.5,19.5,763.7
2019-07-11T09:00,117.6,6.3,111.3,13.1,495.5
2019-07-11T10:00,38.3,0.6,37.8,2.2,208.0
2019-07-11T11:00,0.0,0.0,0.0,0.0,0.0
2019-07-11T12:00,0.0,0.0,0.0,0.0,0.0
2019-07-11T13:00,0.0,0.0,0.0,0.0,0.0
2019-07-11T14:00,0.0,0.0,0.0,0.0,0.0
2019-07-11T15:00,0.0,0.0,0.0,0.0,0.0
2019-07-11T16:00,0.0,0.0,0.0,0.0,0.0
2019-07-11T17:00,0.0,0.0,0.0,0.0,0.0
2019-07-11T18:00,0.0,0.0,0.0,0.0,0.0
2019-07-11T19:00,0.0,0.0,0.0,0.0,0.0
2019-07-11T20:00,0.0,0.0,0.0,0.0,0.0
2019-07-11T21:00,0.0,0.0,0.0,0.0,0.0
2019-07-11T22:00,59.6,24.3,35.3,129.9,212.9
2019-07-11T23:00,233.8,145.6,88.2,539.1,500.3
2019-07-12T00:00,472.9,364.4,108.6,757.5,768.0
2019-07-12T01:00,660.5,543.5,117.0,811.1,997.7
2019-07-12T02:00,786.6,648.9,137.7,787.2,1173.8
2019-07-12T03:00,774.8,596.9,177.8,639.7,1284.2
2019-07-12T04:00,753.0,554.2,198.9,560.2,1321.4
2019-07-12T05:00,659.9,363.8,296.1,367.9,1283.0
2019-07-12T06:00,484.5,185.2,299.2,198.8,1171.3
2019-07-12T07:00,468.9,256.8,212.0,312.4,994.2
2019-07-12T08:00,267.3,114.2,153.1,171.2,763.6
2019-07-12T09:00,188.1,82.3,105.8,172.4,495.3
2019-07-12T10:00,76.6,39.5,37.1,148.3,207.4
2019-07-12T11:00,0.0,0.0,0.0,0.0,0.0
2019-07-12T12:00,0.0,0.0,0.0,0.0,0.0
2019-07-12T13:00,0.0,0.0,0.0,0.0,0.0
2019-07-12T14:00,0.0,0.0,0.0,0.0,0.0
2019-07-12T15:00,0.0,0.0,0.0,0.0,0.0
2019-07-12T16:00,0.0,0.0,0.0,0.0,0.0
2019-07-12T17:00,0.0,0.0,0.0,0.0,0.0
2019-07-12T18:00,0.0,0.0,0.0,0.0,0.0
2019-07-12T19:00,0.0,0.0,0.0,0.0,0.0
2019-07-12T20:00,0.0,0.0,0.0,0.0,0.0
2019-07-12T21:00,0.0,0.0,0.0,0.0,0.0
2019-07-12T22:00,64.1,28.7,35.4,154.0,211.0
2019-07-12T23:00,267.8,183.7,84.1,683.6,498.7
2019-07-13T00:00,486.5,389.9,96.6,812.4,766.8
2019-07-13T01:00,682.1,569.5,112.6,851.0,996.8
2019-07-13T02:00,835.2,716.8,118.4,870.3,1173.2
2019-07-13T03:00,936.1,814.4,121.7,873.1,1283.9
2019-07-13T04:00,966.1,840.9,125.2,850.2,1321.4
2019-07-13T05:00,912.9,737.4,175.5,745.8,1283.0
2019-07-13T06:00,807.5,685.9,121.6,736.2,1171.4
2019-07-13T07:00,682.7,580.3,102.4,706.0,994.2
2019-07-13T08:00,513.8,428.1,85.6,641.9,763.5
2019-07-13T09:00,310.3,246.0,64.3,515.5,494.9
2019-07-13T10:00,108.2,70.6,37.6,265.6,206.8
2019-07-13T11:00,0.0,0.0,0.0,0.0,0.0
2019-07-13T12:00,0.0,0.0,0.0,0.0,0.0
2019-07-13T13:00,0.0,0.0,0.0,0.0,0.0
2019-07-13T14:00,0.0,0.0,0.0,0.0,0.0
2019-07-13T15:00,0.0,0.0,0.0,0.0,0.0
2019-07-13T16:00,0.0,0.0,0.0,0.0,0.0
2019-07-13T17:00,0.0,0.0,0.0,0.0,0.0
2019-07-13T18:00,0.0,0.0,0.0,0.0,0.0
2019-07-13T19:00,0.0,0.0,0.0,0.0,0.0
2019-07-13T20:00,0.0,0.0,0.0,0.0,0.0
2019-07-13T21:00,0.0,0.0,0.0,0.0,0.0
2019-07-13T22:00,64.2,28.8,35.4,154.5,209.1
2019-07-13T23:00,264.1,177.0,87.1,661.9,497.2
2019-07-14T00:00,488.0,389.0,99.1,812.3,765.6
2019-07-14T01:00,682.3,567.4,114.8,849.0,996.0
2019-07-14T02:00,834.3,713.7,120.6,867.1,1172.7
2019-07-14T03:00,931.0,806.2,124.8,864.6,1283.6
2019-07-14T04:00,869.2,710.7,158.5,718.8,1321.3
2019-07-14T05:00,757.0,642.3,114.7,649.7,1283.0
2019-07-14T06:00,832.2,714.4,117.8,766.8,1171.5
2019-07-14T07:00,564.8,426.8,138.0,519.3,994.2
2019-07-14T08:00,410.8,292.3,118.5,438.3,763.3
2019-07-14T09:00,218.5,142.6,76.0,298.9,494.5
2019-07-14T10:00,79.2,42.8,36.4,161.5,206.1
2019-07-14T11:00,0.0,0.0,0.0,0.0,0.0
2019-07-14T12:00,0.0,0.0,0.0,0.0,0.0
2019-07-14T13:00,0.0,0.0,0.0,0.0,0.0
2019-07-14T14:00,0.0,0.0,0.0,0.0,0.0
2019-07-14T15:00,0.0,0.0,0.0,0.0,0.0
2019-07-14T16:00,0.0,0.0,0.0,0.0,0.0
2019-07-14T17:00,0.0,0.0,0.0,0.0,0.0
2019-07-14T18:00,0.0,0.0,0.0,0.0,0.0
2019-07-14T19:00,0.0,0.0,0.0,0.0,0.0
2019-07-14T20:00,0.0,0.0,0.0,0.0,0.0
2019-07-14T21:00,0.0,0.0,0.0,0.0,0.0
2019-07-14T22:00,59.8,26.6,33.2,143.1,207.2
2019-07-14T23:00,260.3,171.7,88.7,645.2,495.6
2019-07-15T00:00,483.5,381.9,101.5,799.4,764.4
2019-07-15T01:00,679.1,563.1,116.0,843.5,995.1
2019-07-15T02:00,805.4,656.8,148.6,798.5,1172.1
2019-07-15T03:00,844.7,639.8,204.9,686.5,1283.4
2019-07-15T04:00,798.6,525.0,273.6,531.1,1321.2
2019-07-15T05:00,711.9,478.5,233.4,484.1,1283.0
2019-07-15T06:00,621.3,418.0,203.3,448.7,1171.5
2019-07-15T07:00,537.3,398.4,138.9,484.8,994.1
2019-07-15T08:00,384.8,268.9,115.9,403.4,763.0
2019-07-15T09:00,226.3,148.0,78.3,310.4,493.9
2019-07-15T10:00,80.2,47.4,32.8,179.2,205.2
2019-07-15T11:00,0.0,0.0,0.0,0.0,0.0
2019-07-15T12:00,0.0,0.0,0.0,0.0,0.0
2019-07-15T13:00,0.0,0.0,0.0,0.0,0.0
2019-07-15T14:00,0.0,0.0,0.0,0.0,0.0
2019-07-15T15:00,0.0,0.0,0.0,0.0,0.0
2019-07-15T16:00,0.0,0.0,0.0,0.0,0.0
2019-07-15T17:00,0.0,0.0,0.0,0.0,0.0
2019-07-15T18:00,0.0,0.0,0.0,0.0,0.0
2019-07-15T19:00,0.0,0.0,0.0,0.0,0.0
2019-07-15T20:00,0.0,0.0,0.0,0.0,0.0
2019-07-15T21:00,0.0,0.0,0.0,0.0,0.0
2019-07-15T22:00,48.8,13.3,35.5,71.8,205.3
2019-07-15T23:00,265.0,179.0,86.0,676.2,494.1
2019-07-16T00:00,481.3,373.7,107.6,783.9,763.2
2019-07-16T01:00,688.3,583.6,104.8,875.2,994.3
2019-07-16T02:00,808.7,665.5,143.2,809.7,1171.6
2019-07-16T03:00,855.2,646.1,209.1,693.5,1283.1
2019-07-16T04:00,867.3,628.0,239.3,635.4,1321.1
2019-07-16T05:00,880.6,704.1,176.5,712.4,1283.0
2019-07-16T06:00,858.8,755.2,103.5,810.8,1171.4
2019-07-16T07:00,717.3,625.9,91.4,761.8,994.0
2019-07-16T08:00,528.2,446.1,82.1,669.4,762.7
2019-07-16T09:00,324.0,266.1,57.9,558.7,493.3
2019-07-16T10:00,116.3,84.7,31.5,320.8,204.3
2019-07-16T11:00,0.0,0.0,0.0,0.0,0.0
2019-07-16T12:00,0.0,0.0,0.0,0.0,0.0
2019-07-16T13:00,0.0,0.0,0.0,0.0,0.0
2019-07-16T14:00,0.0,0.0,0.0,0.0,0.0
2019-07-16T15:00,0.0,0.0,0.0,0.0,0.0
2019-07-16T16:00,0.0,0.0,0.0,0.0,0.0
2019-07-16T17:00,0.0,0.0,0.0,0.0,0.0
2019-07-16T18:00,0.0,0.0,0.0,0.0,0.0
2019-07-16T19:00,0.0,0.0,0.0,0.0,0.0
2019-07-16T20:00,0.0,0.0,0.0,0.0,0.0
2019-07-16T21:00,0.0,0.0,0.0,0.0,0.0
2019-07-16T22:00,59.9,24.4,35.5,132.1,203.4
2019-07-16T23:00,234.4,127.1,107.3,482.4,492.6
2019-07-17T00:00,413.9,268.7,145.2,564.8,762.1
2019-07-17T01:00,574.7,424.8,149.9,638.0,993.5
2019-07-17T02:00,715.2,549.3,165.9,668.8,1171.1
2019-07-17T03:00,807.5,619.1,188.3,664.8,1282.8
2019-07-17T04:00,807.8,585.7,222.1,592.7,1321.0
2019-07-17T05:00,781.6,542.3,239.3,548.8,1282.9
2019-07-17T06:00,628.9,418.9,209.9,449.8,1171.3
2019-07-17T07:00,595.7,463.2,132.5,563.9,993.7
2019-07-17T08:00,429.6,312.9,116.7,469.7,762.2
2019-07-17T09:00,255.0,172.1,82.9,361.7,492.6
2019-07-17T10:00,85.7,47.8,37.9,181.4,203.2
2019-07-17T11:00,0.0,0.0,0.0,0.0,0.0
2019-07-17T12:00,0.0,0.0,0.0,0.0,0.0
2019-07-17T13:00,0.0,0.0,0.0,0.0,0.0
2019-07-17T14:00,0.0,0.0,0.0,0.0,0.0
2019-07-17T15:00,0.0,0.0,0.0,0.0,0.0
2019-07-17T16:00,0.0,0.0,0.0,0.0,0.0
2019-07-17T17:00,0.0,0.0,0.0,0.0,0.0
2019-07-17T18:00,0.0,0.0,0.0,0.0,0.0
2019-07-17T19:00,0.0,0.0,0.0,0.0,0.0
2019-07-17T20:00,0.0,0.0,0.0,0.0,0.0
2019-07-17T21:00,0.0,0.0,0.0,0.0,0.0
2019-07-17T22:00,37.7,8.9,28.9,48.2,201.6
2019-07-17T23:00,144.3,41.0,103.3,156.5,491.1
2019-07-18T00:00,279.7,109.0,170.7,229.6,760.9
2019-07-18T01:00,509.5,340.4,169.1,511.8,992.7
2019-07-18T02:00,602.2,369.5,232.7,450.2,1170.6
2019-07-18T03:00,533.8,170.7,363.2,183.3,1282.6
2019-07-18T04:00,541.3,232.3,309.0,235.1,1320.9
2019-07-18T05:00,643.3,353.0,290.3,357.3,1282.9
2019-07-18T06:00,533.9,272.6,261.2,292.8,1171.2
2019-07-18T07:00,530.8,270.4,260.4,329.3,993.5
2019-07-18T08:00,303.3,110.6,192.7,166.1,761.7
2019-07-18T09:00,157.1,32.8,124.3,69.1,491.8
2019-07-18T10:00,55.2,8.1,47.1,31.0,202.0
2019-07-18T11:00,0.0,0.0,0.0,0.0,0.0
2019-07-18T12:00,0.0,0.0,0.0,0.0,0.0
2019-07-18T13:00,0.0,0.0,0.0,0.0,0.0
2019-07-18T14:00,0.0,0.0,0.0,0.0,0.0
2019-07-18T15:00,0.0,0.0,0.0,0.0,0.0
2019-07-18T16:00,0.0,0.0,0.0,0.0,0.0
2019-07-18T17:00,0.0,0.0,0.0,0.0,0.0
2019-07-18T18:00,0.0,0.0,0.0,0.0,0.0
2019-07-18T19:00,0.0,0.0,0.0,0.0,0.0
2019-07-18T20:00,0.0,0.0,0.0,0.0,0.0
2019-07-18T21:00,0.0,0.0,0.0,0.0,0.0
2019-07-18T22:00,17.8,0.0,17.8,0.0,199.7
2019-07-18T23:00,182.8,80.8,102.0,309.7,489.6
2019-07-19T00:00,235.1,59.4,175.7,125.4,759.8
2019-07-19T01:00,570.5,365.3,205.2,549.9,992.0
2019-07-19T02:00,677.7,504.2,173.5,614.8,1170.2
2019-07-19T03:00,734.8,556.8,178.0,598.4,1282.3
2019-07-19T04:00,847.3,617.0,230.2,624.7,1320.7
2019-07-19T05:00,783.5,523.7,259.9,530.1,1282.8
2019-07-19T06:00,718.1,496.8,221.3,533.6,1171.1
2019-07-19T07:00,521.6,362.7,159.0,441.7,993.1
2019-07-19T08:00,463.9,342.1,121.8,514.2,761.2
2019-07-19T09:00,250.0,154.7,95.3,325.9,490.9
2019-07-19T10:00,86.9,31.3,55.6,119.5,200.8
2019-07-19T11:00,0.0,0.0,0.0,0.0,0.0
2019-07-19T12:00,0.0,0.0,0.0,0.0,0.0
2019-07-19T13:00,0.0,0.0,0.0,0.0,0.0
2019-07-19T14:00,0.0,0.0,0.0,0.0,0.0
2019-07-19T15:00,0.0,0.0,0.0,0.0,0.0
2019-07-19T16:00,0.0,0.0,0.0,0.0,0.0
2019-07-19T17:00,0.0,0.0,0.0,0.0,0.0
2019-07-19T18:00,0.0,0.0,0.0,0.0,0.0
2019-07-19T19:00,0.0,0.0,0.0,0.0,0.0
2019-07-19T20:00,0.0,0.0,0.0,0.0,0.0
2019-07-19T21:00,0.0,0.0,0.0,0.0,0.0
2019-07-19T22:00,28.9,2.2,26.7,12.1,197.8
2019-07-19T23:00,137.7,24.1,113.6,93.0,488.1
2019-07-20T00:00,231.6,101.8,129.7,215.5,758.7
2019-07-20T01:00,642.9,499.7,143.2,753.0,991.2
2019-07-20T02:00,822.2,703.7,118.5,858.5,1169.7
2019-07-20T03:00,872.2,708.8,163.4,762.1,1282.1
2019-07-20T04:00,700.9,510.0,190.9,516.5,1320.6
2019-07-20T05:00,621.7,307.9,313.8,311.8,1282.7
2019-07-20T06:00,584.2,306.8,277.4,329.6,1170.9
2019-07-20T07:00,326.1,101.4,224.7,123.5,992.8
2019-07-20T08:00,347.2,153.7,193.5,231.2,760.5
2019-07-20T09:00,222.5,110.1,112.4,232.2,489.9
2019-07-20T10:00,88.9,46.8,42.1,179.2,199.4
2019-07-20T11:00,0.0,0.0,0.0,0.0,0.0
2019-07-20T12:00,0.0,0.0,0.0,0.0,0.0
2019-07-20T13:00,0.0,0.0,0.0,0.0,0.0
2019-07-20T14:00,0.0,0.0,0.0,0.0,0.0
2019-07-20T15:00,0.0,0.0,0.0,0.0,0.0
2019-07-20T16:00,0.0,0.0,0.0,0.0,0.0
2019-07-20T17:00,0.0,0.0,0.0,0.0,0.0
2019-07-20T18:00,0.0,0.0,0.0,0.0,0.0
2019-07-20T19:00,0.0,0.0,0.0,0.0,0.0
2019-07-20T20:00,0.0,0.0,0.0,0.0,0.0
2019-07-20T21:00,0.0,0.0,0.0,0.0,0.0
2019-07-20T22:00,51.2,20.0,31.2,109.5,195.9
2019-07-20T23:00,214.8,120.9,93.9,468.3,486.6
2019-07-21T00:00,391.8,265.7,126.2,563.5,757.6
2019-07-21T01:00,461.4,290.0,171.5,437.5,990.4
2019-07-21T02:00,649.9,421.4,228.5,514.5,1169.2
2019-07-21T03:00,626.6,365.4,261.3,393.0,1281.8
2019-07-21T04:00,783.7,583.7,200.0,591.4,1320.5
2019-07-21T05:00,640.4,394.2,246.1,399.3,1282.5
2019-07-21T06:00,568.9,265.0,303.9,284.8,1170.6
2019-07-21T07:00,513.3,294.1,219.2,358.5,992.3
2019-07-21T08:00,398.0,256.4,141.6,386.0,759.8
2019-07-21T09:00,223.1,134.2,88.9,283.5,488.8
2019-07-21T10:00,51.8,23.0,28.8,88.5,197.9
2019-07-21T11:00,0.0,0.0,0.0,0.0,0.0
2019-07-21T12:00,0.0,0.0,0.0,0.0,0.0
2019-07-21T13:00,0.0,0.0,0.0,0.0,0.0
2019-07-21T14:00,0.0,0.0,0.0,0.0,0.0
2019-07-21T15:00,0.0,0.0,0.0,0.0,0.0
2019-07-21T16:00,0.0,0.0,0.0,0.0,0.0
2019-07-21T17:00,0.0,0.0,0.0,0.0,0.0
2019-07-21T18:00,0.0,0.0,0.0,0.0,0.0
2019-07-21T19:00,0.0,0.0,0.0,0.0,0.0
2019-07-21T20:00,0.0,0.0,0.0,0.0,0.0
2019-07-21T21:00,0.0,0.0,0.0,0.0,0.0
2019-07-21T22:00,26.7,8.9,17.8,48.8,193.9
2019-07-21T23:00,131.1,42.8,88.4,166.5,485.0
2019-07-22T00:00,151.7,21.9,129.9,46.5,756.4
2019-07-22T01:00,232.5,84.6,147.8,127.9,989.7
2019-07-22T02:00,273.8,31.3,242.5,38.2,1168.8
2019-07-22T03:00,355.0,124.9,230.1,134.4,1281.5
2019-07-22T04:00,735.3,332.3,403.0,336.7,1320.3
2019-07-22T05:00,938.5,824.7,113.8,835.5,1282.4
2019-07-22T06:00,826.3,709.5,116.8,762.7,1170.4
2019-07-22T07:00,630.1,509.5,120.5,621.5,991.8
2019-07-22T08:00,344.4,237.4,107.0,357.6,759.0
2019-07-22T09:00,230.7,158.2,72.5,334.9,487.7
2019-07-22T10:00,72.2,37.8,34.4,146.1,196.3
2019-07-22T11:00,0.0,0.0,0.0,0.0,0.0
2019-07-22T12:00,0.0,0.0,0.0,0.0,0.0
2019-07-22T13:00,0.0,0.0,0.0,0.0,0.0
2019-07-22T14:00,0.0,0.0,0.0,0.0,0.0
2019-07-22T15:00,0.0,0.0,0.0,0.0,0.0
2019-07-22T16:00,0.0,0.0,0.0,0.0,0.0
2019-07-22T17:00,0.0,0.0,0.0,0.0,0.0
2019-07-22T18:00,0.0,0.0,0.0,0.0,0.0
2019-07-22T19:00,0.0,0.0,0.0,0.0,0.0
2019-07-22T20:00,0.0,0.0,0.0,0.0,0.0
2019-07-22T21:00,0.0,0.0,0.0,0.0,0.0
2019-07-22T22:00,51.3,22.3,29.0,122.5,192.0
2019-07-22T23:00,252.8,170.0,82.8,665.3,483.5
2019-07-23T00:00,467.7,364.4,103.2,776.5,755.3
2019-07-23T01:00,649.1,527.2,121.9,797.4,988.9
2019-07-23T02:00,816.1,695.4,120.7,850.2,1168.3
2019-07-23T03:00,890.1,759.0,131.2,817.1,1281.3
2019-07-23T04:00,876.7,708.0,168.7,717.7,1320.1
2019-07-23T05:00,686.4,406.0,280.5,411.4,1282.2
2019-07-23T06:00,592.6,297.2,295.3,319.7,1170.0
2019-07-23T07:00,422.7,178.0,244.7,217.3,991.3
2019-07-23T08:00,290.8,124.3,166.5,187.4,758.1
2019-07-23T09:00,201.7,129.3,72.4,274.1,486.4
2019-07-23T10:00,62.2,26.8,35.4,104.0,194.7
2019-07-23T11:00,0.0,0.0,0.0,0.0,0.0
2019-07-23T12:00,0.0,0.0,0.0,0.0,0.0
2019-07-23T13:00,0.0,0.0,0.0,0.0,0.0
2019-07-23T14:00,0.0,0.0,0.0,0.0,0.0
2019-07-23T15:00,0.0,0.0,0.0,0.0,0.0
2019-07-23T16:00,0.0,0.0,0.0,0.0,0.0
2019-07-23T17:00,0.0,0.0,0.0,0.0,0.0
2019-07-23T18:00,0.0,0.0,0.0,0.0,0.0
2019-07-23T19:00,0.0,0.0,0.0,0.0,0.0
2019-07-23T20:00,0.0,0.0,0.0,0.0,0.0
2019-07-23T21:00,0.0,0.0,0.0,0.0,0.0
2019-07-23T22:00,46.9,13.4,33.5,73.8,190.0
2019-07-23T23:00,239.0,143.1,95.9,563.2,481.9
2019-07-24T00:00,453.4,327.0,126.4,698.3,754.2
2019-07-24T01:00,659.5,538.6,120.8,815.8,988.1
2019-07-24T02:00,738.6,585.5,153.1,716.4,1167.8
2019-07-24T03:00,754.9,586.2,168.7,631.4,1281.0
2019-07-24T04:00,800.9,589.9,211.1,598.2,1319.9
2019-07-24T05:00,605.0,392.2,212.8,397.6,1282.0
2019-07-24T06:00,535.6,291.5,244.0,313.6,1169.7
2019-07-24T07:00,356.9,194.4,162.5,237.4,990.7
2019-07-24T08:00,267.4,81.9,185.4,123.7,757.2
2019-07-24T09:00,196.8,74.7,122.1,158.7,485.1
2019-07-24T10:00,75.5,24.4,51.1,95.2,192.9
2019-07-24T11:00,0.0,0.0,0.0,0.0,0.0
2019-07-24T12:00,0.0,0.0,0.0,0.0,0.0
2019-07-24T13:00,0.0,0.0,0.0,0.0,0.0
2019-07-24T14:00,0.0,0.0,0.0,0.0,0.0
2019-07-24T15:00,0.0,0.0,0.0,0.0,0.0
2019-07-24T16:00,0.0,0.0,0.0,0.0,0.0
2019-07-24T17:00,0.0,0.0,0.0,0.0,0.0
2019-07-24T18:00,0.0,0.0,0.0,0.0,0.0
2019-07-24T19:00,0.0,0.0,0.0,0.0,0.0
2019-07-24T20:00,0.0,0.0,0.0,0.0,0.0
2019-07-24T21:00,0.0,0.0,0.0,0.0,0.0
2019-07-24T22:00,42.5,8.9,33.5,49.3,188.0
2019-07-24T23:00,222.3,106.1,116.2,419.9,480.4
2019-07-25T00:00,397.7,233.5,164.2,499.9,753.0
2019-07-25T01:00,584.0,351.3,232.7,532.7,987.3
2019-07-25T02:00,770.0,548.9,221.1,672.2,1167.3
2019-07-25T03:00,835.1,603.9,231.2,650.8,1280.7
2019-07-25T04:00,795.9,489.9,306.0,497.0,1319.7
2019-07-25T05:00,639.3,281.4,357.9,285.4,1281.7
2019-07-25T06:00,545.0,280.1,264.9,301.5,1169.3
2019-07-25T07:00,418.9,151.5,267.4,185.1,990.0
2019-07-25T08:00,307.8,106.1,201.8,160.3,756.2
2019-07-25T09:00,225.4,91.7,133.7,195.3,483.7
2019-07-25T10:00,68.9,22.6,46.3,88.6,191.0
2019-07-25T11:00,0.0,0.0,0.0,0.0,0.0
2019-07-25T12:00,0.0,0.0,0.0,0.0,0.0
2019-07-25T13:00,0.0,0.0,0.0,0.0,0.0
2019-07-25T14:00,0.0,0.0,0.0,0.0,0.0
2019-07-25T15:00,0.0,0.0,0.0,0.0,0.0
2019-07-25T16:00,0.0,0.0,0.0,0.0,0.0
2019-07-25T17:00,0.0,0.0,0.0,0.0,0.0
2019-07-25T18:00,0.0,0.0,0.0,0.0,0.0
2019-07-25T19:00,0.0,0.0,0.0,0.0,0.0
2019-07-25T20:00,0.0,0.0,0.0,0.0,0.0
2019-07-25T21:00,0.0,0.0,0.0,0.0,0.0
2019-07-25T22:00,44.8,13.4,31.3,74.3,185.9
2019-07-25T23:00,212.7,106.4,106.4,423.2,478.8
2019-07-26T00:00,440.6,300.6,140.0,645.1,751.9
2019-07-26T01:00,635.0,476.8,158.2,724.0,986.6
2019-07-26T02:00,778.8,613.7,165.0,752.1,1166.8
2019-07-26T03:00,883.1,694.6,188.5,748.9,1280.4
2019-07-26T04:00,765.6,528.3,237.4,536.1,1319.5
2019-07-26T05:00,829.5,649.1,180.4,658.5,1281.4
2019-07-26T06:00,595.3,345.6,249.7,372.2,1168.8
2019-07-26T07:00,554.8,353.1,201.7,431.8,989.3
2019-07-26T08:00,317.2,191.3,125.8,289.5,755.1
2019-07-26T09:00,125.8,31.8,93.9,67.9,482.2
2019-07-26T10:00,58.4,19.1,39.3,75.3,189.1
2019-07-26T11:00,0.0,0.0,0.0,0.0,0.0
2019-07-26T12:00,0.0,0.0,0.0,0.0,0.0
2019-07-26T13:00,0.0,0.0,0.0,0.0,0.0
2019-07-26T14:00,0.0,0.0,0.0,0.0,0.0
2019-07-26T15:00,0.0,0.0,0.0,0.0,0.0
2019-07-26T16:00,0.0,0.0,0.0,0.0,0.0
2019-07-26T17:00,0.0,0.0,0.0,0.0,0.0
2019-07-26T18:00,0.0,0.0,0.0,0.0,0.0
2019-07-26T19:00,0.0,0.0,0.0,0.0,0.0
2019-07-26T20:00,0.0,0.0,0.0,0.0,0.0
2019-07-26T21:00,0.0,0.0,0.0,0.0,0.0
2019-07-26T22:00,44.8,20.2,24.7,111.8,183.9
2019-07-26T23:00,240.5,159.9,80.7,639.7,477.2
2019-07-27T00:00,451.8,349.5,102.3,751.9,750.7
2019-07-27T01:00,645.4,525.6,119.8,799.0,985.8
2019-07-27T02:00,811.2,686.1,125.1,841.4,1166.3
2019-07-27T03:00,793.6,606.1,187.5,653.8,1280.1
2019-07-27T04:00,730.3,510.1,220.2,517.9,1319.2
2019-07-27T05:00,737.3,512.8,224.5,520.4,1281.1
2019-07-27T06:00,596.2,391.1,205.1,421.4,1168.3
2019-07-27T07:00,509.1,335.7,173.3,410.8,988.5
2019-07-27T08:00,434.2,293.8,140.4,445.1,753.9
2019-07-27T09:00,239.6,156.6,83.0,335.2,480.6
2019-07-27T10:00,67.1,35.2,31.9,139.5,187.0
2019-07-27T11:00,0.0,0.0,0.0,0.0,0.0
2019-07-27T12:00,0.0,0.0,0.0,0.0,0.0
2019-07-27T13:00,0.0,0.0,0.0,0.0,0.0
2019-07-27T14:00,0.0,0.0,0.0,0.0,0.0
2019-07-27T15:00,0.0,0.0,0.0,0.0,0.0
2019-07-27T16:00,0.0,0.0,0.0,0.0,0.0
2019-07-27T17:00,0.0,0.0,0.0,0.0,0.0
2019-07-27T18:00,0.0,0.0,0.0,0.0,0.0
2019-07-27T19:00,0.0,0.0,0.0,0.0,0.0
2019-07-27T20:00,0.0,0.0,0.0,0.0,0.0
2019-07-27T21:00,0.0,0.0,0.0,0.0,0.0
2019-07-27T22:00,38.2,15.7,22.4,87.3,181.9
2019-07-27T23:00,206.4,125.6,80.8,505.3,475.7
2019-07-28T00:00,376.6,258.4,118.2,557.1,749.6
2019-07-28T01:00,488.4,321.1,167.3,488.8,985.0
2019-07-28T02:00,672.2,472.6,199.6,580.0,1165.9
2019-07-28T03:00,653.0,439.5,213.5,474.4,1279.8
2019-07-28T04:00,720.2,442.4,277.8,449.4,1319.0
2019-07-28T05:00,559.8,371.6,188.3,377.3,1280.8
2019-07-28T06:00,600.9,377.8,223.1,407.3,1167.8
2019-07-28T07:00,429.6,285.5,144.1,349.7,987.7
2019-07-28T08:00,131.7,6.9,124.9,10.5,752.7
2019-07-28T09:00,182.0,70.5,111.5,151.2,478.9
2019-07-28T10:00,74.5,40.6,33.9,161.7,184.9
2019-07-28T11:00,0.0,0.0,0.0,0.0,0.0
2019-07-28T12:00,0.0,0.0,0.0,0.0,0.0
2019-07-28T13:00,0.0,0.0,0.0,0.0,0.0
2019-07-28T14:00,0.0,0.0,0.0,0.0,0.0
2019-07-28T15:00,0.0,0.0,0.0,0.0,0.0
2019-07-28T16:00,0.0,0.0,0.0,0.0,0.0
2019-07-28T17:00,0.0,0.0,0.0,0.0,0.0
2019-07-28T18:00,0.0,0.0,0.0,0.0,0.0
2019-07-28T19:00,0.0,0.0,0.0,0.0,0.0
2019-07-28T20:00,0.0,0.0,0.0,0.0,0.0
2019-07-28T21:00,0.0,0.0,0.0,0.0,0.0
2019-07-28T22:00,38.2,11.2,27.0,62.6,179.8
2019-07-28T23:00,193.8,102.7,91.1,415.7,474.1
2019-07-29T00:00,336.6,175.6,161.0,379.6,748.5
2019-07-29T01:00,522.5,334.8,187.7,510.3,984.3
2019-07-29T02:00,644.2,379.8,264.4,466.6,1165.4
2019-07-29T03:00,647.9,312.5,335.4,337.4,1279.4
2019-07-29T04:00,702.0,420.2,281.8,427.0,1318.7
2019-07-29T05:00,742.2,602.0,140.2,611.5,1280.4
2019-07-29T06:00,828.6,699.5,129.1,754.5,1167.2
2019-07-29T07:00,662.0,549.9,112.2,674.1,986.8
2019-07-29T08:00,445.0,351.2,93.8,533.6,751.4
2019-07-29T09:00,259.9,198.0,61.9,426.0,477.1
2019-07-29T10:00,91.1,60.2,30.9,241.5,182.6
2019-07-29T11:00,0.0,0.0,0.0,0.0,0.0
2019-07-29T12:00,0.0,0.0,0.0,0.0,0.0
2019-07-29T13:00,0.0,0.0,0.0,0.0,0.0
2019-07-29T14:00,0.0,0.0,0.0,0.0,0.0
2019-07-29T15:00,0.0,0.0,0.0,0.0,0.0
2019-07-29T16:00,0.0,0.0,0.0,0.0,0.0
2019-07-29T17:00,0.0,0.0,0.0,0.0,0.0
2019-07-29T18:00,0.0,0.0,0.0,0.0,0.0
2019-07-29T19:00,0.0,0.0,0.0,0.0,0.0
2019-07-29T20:00,0.0,0.0,0.0,0.0,0.0
2019-07-29T21:00,0.0,0.0,0.0,0.0,0.0
2019-07-29T22:00,40.5,18.0,22.5,100.4,177.8
2019-07-29T23:00,242.1,162.4,79.7,660.9,472.5
2019-07-30T00:00,458.9,360.0,98.9,780.0,747.3
2019-07-30T01:00,666.3,561.1,105.2,856.4,983.5
2019-07-30T02:00,823.5,711.2,112.2,874.3,1164.9
2019-07-30T03:00,915.6,790.6,125.0,854.3,1279.1
2019-07-30T04:00,926.3,784.9,141.4,797.9,1318.3
2019-07-30T05:00,899.0,771.6,127.4,784.1,1280.0
2019-07-30T06:00,784.8,630.1,154.7,680.2,1166.6
2019-07-30T07:00,668.2,555.2,113.0,681.3,985.8
2019-07-30T08:00,471.4,382.8,88.6,582.6,750.0
2019-07-30T09:00,265.0,201.7,63.4,435.0,475.3
2019-07-30T10:00,94.9,64.7,30.2,261.4,180.3
2019-07-30T11:00,0.0,0.0,0.0,0.0,0.0
2019-07-30T12:00,0.0,0.0,0.0,0.0,0.0
2019-07-30T13:00,0.0,0.0,0.0,0.0,0.0
2019-07-30T14:00,0.0,0.0,0.0,0.0,0.0
2019-07-30T15:00,0.0,0.0,0.0,0.0,0.0
2019-07-30T16:00,0.0,0.0,0.0,0.0,0.0
2019-07-30T17:00,0.0,0.0,0.0,0.0,0.0
2019-07-30T18:00,0.0,0.0,0.0,0.0,0.0
2019-07-30T19:00,0.0,0.0,0.0,0.0,0.0
2019-07-30T20:00,0.0,0.0,0.0,0.0,0.0
2019-07-30T21:00,0.0,0.0,0.0,0.0,0.0
2019-07-30T22:00,40.6,18.0,22.5,100.8,175.7
2019-07-30T23:00,226.7,149.7,77.0,612.7,471.0
2019-07-31T00:00,462.8,363.9,98.9,790.4,746.2
2019-07-31T01:00,674.5,572.6,101.8,875.1,982.7
2019-07-31T02:00,833.3,722.1,111.2,888.5,1164.4
2019-07-31T03:00,937.5,819.8,117.7,886.3,1278.7
2019-07-31T04:00,978.8,865.7,113.1,880.5,1318.0
2019-07-31T05:00,938.2,816.6,121.6,830.3,1279.5
2019-07-31T06:00,848.3,738.2,110.1,797.4,1165.9
2019-07-31T07:00,709.1,621.6,87.5,763.5,984.8
2019-07-31T08:00,496.1,416.1,80.0,634.4,748.6
2019-07-31T09:00,293.2,223.8,69.4,484.2,473.3
2019-07-31T10:00,91.5,62.1,29.4,252.6,177.8
2019-07-31T11:00,0.0,0.0,0.0,0.0,0.0
2019-07-31T12:00,0.0,0.0,0.0,0.0,0.0
2019-07-31T13:00,0.0,0.0,0.0,0.0,0.0
2019-07-31T14:00,0.0,0.0,0.0,0.0,0.0
2019-07-31T15:00,0.0,0.0,0.0,0.0,0.0
2019-07-31T16:00,0.0,0.0,0.0,0.0,0.0
2019-07-31T17:00,0.0,0.0,0.0,0.0,0.0
2019-07-31T18:00,0.0,0.0,0.0,0.0,0.0
2019-07-31T19:00,0.0,0.0,0.0,0.0,0.0
2019-07-31T20:00,0.0,0.0,0.0,0.0,0.0
2019-07-31T21:00,0.0,0.0,0.0,0.0,0.0
2019-07-31T22:00,38.4,15.8,22.6,88.5,173.7
2019-07-31T23:00,206.8,126.7,80.1,521.7,469.4
2019-08-01T00:00,369.1,253.0,116.1,550.7,745.1
2019-08-01T01:00,571.7,415.4,156.2,635.7,982.0
2019-08-01T02:00,751.4,595.9,155.5,733.8,1163.9
2019-08-01T03:00,870.9,714.6,156.3,773.1,1278.4
2019-08-01T04:00,878.8,664.7,214.1,676.4,1317.6
2019-08-01T05:00,839.1,675.4,163.7,687.1,1279.0
2019-08-01T06:00,778.9,621.4,157.5,671.7,1165.1
2019-08-01T07:00,604.1,469.3,134.9,577.0,983.7
2019-08-01T08:00,438.3,344.6,93.7,526.2,747.0
2019-08-01T09:00,267.4,197.3,70.1,428.2,471.3
2019-08-01T10:00,87.6,55.7,31.9,228.2,175.3
2019-08-01T11:00,0.0,0.0,0.0,0.0,0.0
2019-08-01T12:00,0.0,0.0,0.0,0.0,0.0
2019-08-01T13:00,0.0,0.0,0.0,0.0,0.0
2019-08-01T14:00,0.0,0.0,0.0,0.0,0.0
2019-08-01T15:00,0.0,0.0,0.0,0.0,0.0
2019-08-01T16:00,0.0,0.0,0.0,0.0,0.0
2019-08-01T17:00,0.0,0.0,0.0,0.0,0.0
2019-08-01T18:00,0.0,0.0,0.0,0.0,0.0
2019-08-01T19:00,0.0,0.0,0.0,0.0,0.0
2019-08-01T20:00,0.0,0.0,0.0,0.0,0.0
2019-08-01T21:00,0.0,0.0,0.0,0.0,0.0
2019-08-01T22:00,40.7,18.1,22.6,101.5,171.7
2019-08-01T23:00,240.8,160.5,80.3,665.0,467.9
2019-08-02T00:00,456.1,360.8,95.4,787.3,744.0
2019-08-02T01:00,651.1,539.0,112.1,825.9,981.2
2019-08-02T02:00,812.0,684.6,127.4,843.6,1163.3
2019-08-02T03:00,886.6,755.3,131.3,817.6,1278.0
2019-08-02T04:00,874.8,722.2,152.5,735.4,1317.2
2019-08-02T05:00,796.9,652.8,144.1,664.6,1278.5
2019-08-02T06:00,725.7,575.8,149.9,622.9,1164.3
2019-08-02T07:00,601.2,454.6,146.7,559.6,982.5
2019-08-02T08:00,482.7,395.1,87.6,604.4,745.4
2019-08-02T09:00,267.8,205.4,62.3,447.4,469.2
2019-08-02T10:00,87.5,56.9,30.6,234.8,172.7
2019-08-02T11:00,0.0,0.0,0.0,0.0,0.0
2019-08-02T12:00,0.0,0.0,0.0,0.0,0.0
2019-08-02T13:00,0.0,0.0,0.0,0.0,0.0
2019-08-02T14:00,0.0,0.0,0.0,0.0,0.0
2019-08-02T15:00,0.0,0.0,0.0,0.0,0.0
2019-08-02T16:00,0.0,0.0,0.0,0.0,0.0
2019-08-02T17:00,0.0,0.0,0.0,0.0,0.0
2019-08-02T18:00,0.0,0.0,0.0,0.0,0.0
2019-08-02T19:00,0.0,0.0,0.0,0.0,0.0
2019-08-02T20:00,0.0,0.0,0.0,0.0,0.0
2019-08-02T21:00,0.0,0.0,0.0,0.0,0.0
2019-08-02T22:00,36.2,13.6,22.6,76.4,169.6
2019-08-02T23:00,226.7,146.3,80.5,609.4,466.3
2019-08-03T00:00,427.1,319.4,107.7,698.7,742.9
2019-08-03T01:00,589.0,429.3,159.7,658.6,980.5
2019-08-03T02:00,700.8,532.4,168.5,656.6,1162.8
2019-08-03T03:00,817.9,646.0,171.9,699.6,1277.6
2019-08-03T04:00,799.0,598.0,201.0,609.2,1316.8
2019-08-03T05:00,721.4,510.6,210.7,520.2,1277.9
2019-08-03T06:00,607.9,422.1,185.9,457.0,1163.5
2019-08-03T07:00,506.3,359.7,146.6,443.4,981.3
2019-08-03T08:00,337.3,230.9,106.4,353.9,743.7
2019-08-03T09:00,203.6,133.7,69.9,292.1,467.0
2019-08-03T10:00,62.8,35.1,27.7,146.1,170.0
2019-08-03T11:00,0.0,0.0,0.0,0.0,0.0
2019-08-03T12:00,0.0,0.0,0.0,0.0,0.0
2019-08-03T13:00,0.0,0.0,0.0,0.0,0.0
2019-08-03T14:00,0.0,0.0,0.0,0.0,0.0
2019-08-03T15:00,0.0,0.0,0.0,0.0,0.0
2019-08-03T16:00,0.0,0.0,0.0,0.0,0.0
2019-08-03T17:00,0.0,0.0,0.0,0.0,0.0
2019-08-03T18:00,0.0,0.0,0.0,0.0,0.0
2019-08-03T19:00,0.0,0.0,0.0,0.0,0.0
2019-08-03T20:00,0.0,0.0,0.0,0.0,0.0
2019-08-03T21:00,0.0,0.0,0.0,0.0,0.0
2019-08-03T22:00,36.3,13.6,22.7,76.6,167.6
2019-08-03T23:00,228.7,139.3,89.4,583.7,464.8
2019-08-04T00:00,447.0,336.8,110.2,738.5,741.8
2019-08-04T01:00,651.5,537.0,114.4,825.1,979.7
2019-08-04T02:00,816.5,694.5,122.0,857.3,1162.3
2019-08-04T03:00,907.5,770.0,137.5,834.5,1277.2
2019-08-04T04:00,957.5,832.3,125.2,848.4,1316.4
2019-08-04T05:00,855.6,710.5,145.0,724.3,1277.3
2019-08-04T06:00,826.0,716.9,109.1,776.9,1162.6
2019-08-04T07:00,630.9,485.2,145.7,598.9,980.0
2019-08-04T08:00,468.4,359.4,108.9,552.1,742.0
2019-08-04T09:00,242.4,151.9,90.5,333.1,464.7
2019-08-04T10:00,76.0,43.3,32.7,181.5,167.2
2019-08-04T11:00,0.0,0.0,0.0,0.0,0.0
2019-08-04T12:00,0.0,0.0,0.0,0.0,0.0
2019-08-04T13:00,0.0,0.0,0.0,0.0,0.0
2019-08-04T14:00,0.0,0.0,0.0,0.0,0.0
2019-08-04T15:00,0.0,0.0,0.0,0.0,0.0
2019-08-04T16:00,0.0,0.0,0.0,0.0,0.0
2019-08-04T17:00,0.0,0.0,0.0,0.0,0.0
2019-08-04T18:00,0.0,0.0,0.0,0.0,0.0
2019-08-04T19:00,0.0,0.0,0.0,0.0,0.0
2019-08-04T20:00,0.0,0.0,0.0,0.0,0.0
2019-08-04T21:00,0.0,0.0,0.0,0.0,0.0
2019-08-04T22:00,36.3,13.6,22.7,76.9,165.6
2019-08-04T23:00,232.2,152.8,79.4,644.2,463.3
2019-08-05T00:00,416.6,308.8,107.8,678.8,740.7
2019-08-05T01:00,612.0,466.9,145.1,718.3,979.0
2019-08-05T02:00,688.1,532.5,155.5,657.9,1161.8
2019-08-05T03:00,747.1,568.9,178.2,617.0,1276.7
2019-08-05T04:00,822.2,644.4,177.8,657.3,1315.9
2019-08-05T05:00,776.1,603.6,172.5,615.7,1276.7
2019-08-05T06:00,643.8,472.2,171.6,512.1,1161.6
2019-08-05T07:00,567.9,435.0,132.9,537.6,978.6
2019-08-05T08:00,434.6,330.1,104.6,508.1,740.1
2019-08-05T09:00,236.7,161.6,75.1,355.7,462.4
2019-08-05T10:00,71.6,36.1,35.6,152.7,164.3
2019-08-05T11:00,0.0,0.0,0.0,0.0,0.0
2019-08-05T12:00,0.0,0.0,0.0,0.0,0.0
2019-08-05T13:00,0.0,0.0,0.0,0.0,0.0
2019-08-05T14:00,0.0,0.0,0.0,0.0,0.0
2019-08-05T15:00,0.0,0.0,0.0,0.0,0.0
2019-08-05T16:00,0.0,0.0,0.0,0.0,0.0
2019-08-05T17:00,0.0,0.0,0.0,0.0,0.0
2019-08-05T18:00,0.0,0.0,0.0,0.0,0.0
2019-08-05T19:00,0.0,0.0,0.0,0.0,0.0
2019-08-05T20:00,0.0,0.0,0.0,0.0,0.0
2019-08-05T21:00,0.0,0.0,0.0,0.0,0.0
2019-08-05T22:00,31.8,11.4,20.5,64.3,163.6
2019-08-05T23:00,203.3,117.8,85.4,499.5,461.8
2019-08-06T00:00,413.2,304.1,109.1,670.1,739.6
2019-08-06T01:00,569.1,426.2,142.8,656.6,978.2
2019-08-06T02:00,727.0,552.0,175.0,682.6,1161.3
2019-08-06T03:00,806.5,621.0,185.5,674.0,1276.3
2019-08-06T04:00,937.3,782.8,154.5,798.9,1315.4
2019-08-06T05:00,901.5,753.5,148.0,769.2,1276.0
2019-08-06T06:00,834.2,706.2,128.0,766.8,1160.6
2019-08-06T07:00,678.7,552.2,126.5,683.5,977.2
2019-08-06T08:00,504.6,414.6,90.0,639.7,738.2
2019-08-06T09:00,268.4,203.4,65.0,449.5,459.9
2019-08-06T10:00,71.0,41.4,29.5,176.9,161.3
2019-08-06T11:00,0.0,0.0,0.0,0.0,0.0
2019-08-06T12:00,0.0,0.0,0.0,0.0,0.0
2019-08-06T13:00,0.0,0.0,0.0,0.0,0.0
2019-08-06T14:00,0.0,0.0,0.0,0.0,0.0
2019-08-06T15:00,0.0,0.0,0.0,0.0,0.0
2019-08-06T16:00,0.0,0.0,0.0,0.0,0.0
2019-08-06T17:00,0.0,0.0,0.0,0.0,0.0
2019-08-06T18:00,0.0,0.0,0.0,0.0,0.0
2019-08-06T19:00,0.0,0.0,0.0,0.0,0.0
2019-08-06T20:00,0.0,0.0,0.0,0.0,0.0
2019-08-06T21:00,0.0,0.0,0.0,0.0,0.0
2019-08-06T22:00,34.2,11.4,22.8,64.5,161.7
2019-08-06T23:00,184.5,78.2,106.3,333.6,460.3
2019-08-07T00:00,359.5,212.3,147.2,468.9,738.6
2019-08-07T01:00,454.7,259.7,195.0,400.5,977.5
2019-08-07T02:00,674.2,502.4,171.8,621.8,1160.8
2019-08-07T03:00,694.0,488.7,205.3,530.7,1275.8
2019-08-07T04:00,724.2,422.2,302.0,431.2,1314.9
2019-08-07T05:00,680.0,402.7,277.3,411.4,1275.2
2019-08-07T06:00,662.5,462.5,200.0,502.7,1159.5
2019-08-07T07:00,569.3,394.7,174.6,489.2,975.7
2019-08-07T08:00,417.8,311.6,106.2,481.9,736.2
2019-08-07T09:00,210.7,135.1,75.6,299.8,457.4
2019-08-07T10:00,62.5,33.3,29.2,143.6,158.2
2019-08-07T11:00,0.0,0.0,0.0,0.0,0.0
2019-08-07T12:00,0.0,0.0,0.0,0.0,0.0
2019-08-07T13:00,0.0,0.0,0.0,0.0,0.0
2019-08-07T14:00,0.0,0.0,0.0,0.0,0.0
2019-08-07T15:00,0.0,0.0,0.0,0.0,0.0
2019-08-07T16:00,0.0,0.0,0.0,0.0,0.0
2019-08-07T17:00,0.0,0.0,0.0,0.0,0.0
2019-08-07T18:00,0.0,0.0,0.0,0.0,0.0
2019-08-07T19:00,0.0,0.0,0.0,0.0,0.0
2019-08-07T20:00,0.0,0.0,0.0,0.0,0.0
2019-08-07T21:00,0.0,0.0,0.0,0.0,0.0
2019-08-07T22:00,16.0,0.0,16.0,0.0,159.7
2019-08-07T23:00,71.0,0.0,71.0,0.0,458.9
2019-08-08T00:00,149.8,6.1,143.7,13.6,737.6
2019-08-08T01:00,415.1,186.0,229.1,287.3,976.8
2019-08-08T02:00,441.9,176.1,265.8,218.2,1160.2
2019-08-08T03:00,550.2,264.7,285.5,287.6,1275.4
2019-08-08T04:00,655.5,333.3,322.2,340.6,1314.3
2019-08-08T05:00,432.0,145.0,287.0,148.2,1274.4
2019-08-08T06:00,386.6,98.5,288.1,107.2,1158.4
2019-08-08T07:00,269.1,80.0,189.1,99.3,974.1
2019-08-08T08:00,112.1,0.0,112.1,0.0,734.1
2019-08-08T09:00,31.2,0.0,31.2,0.0,454.7
2019-08-08T10:00,6.1,0.0,6.1,0.0,155.0
2019-08-08T11:00,0.0,0.0,0.0,0.0,0.0
2019-08-08T12:00,0.0,0.0,0.0,0.0,0.0
2019-08-08T13:00,0.0,0.0,0.0,0.0,0.0
2019-08-08T14:00,0.0,0.0,0.0,0.0,0.0
2019-08-08T15:00,0.0,0.0,0.0,0.0,0.0
2019-08-08T16:00,0.0,0.0,0.0,0.0,0.0
2019-08-08T17:00,0.0,0.0,0.0,0.0,0.0
2019-08-08T18:00,0.0,0.0,0.0,0.0,0.0
2019-08-08T19:00,0.0,0.0,0.0,0.0,0.0
2019-08-08T20:00,0.0,0.0,0.0,0.0,0.0
2019-08-08T21:00,0.0,0.0,0.0,0.0,0.0
2019-08-08T22:00,6.9,0.0,6.9,0.0,157.8
2019-08-08T23:00,40.0,0.0,40.0,0.0,457.4
2019-08-09T00:00,29.5,0.0,29.5,0.0,736.5
2019-08-09T01:00,76.0,0.0,76.0,0.0,976.1
2019-08-09T02:00,65.9,0.0,65.9,0.0,1159.7
2019-08-09T03:00,118.8,0.0,118.8,0.0,1274.8
2019-08-09T04:00,157.5,0.0,157.5,0.0,1313.7
2019-08-09T05:00,167.5,0.0,167.5,0.0,1273.6
2019-08-09T06:00,270.0,16.1,253.9,17.5,1157.2
2019-08-09T07:00,182.7,0.0,182.7,0.0,972.4
2019-08-09T08:00,135.1,0.0,135.1,0.0,731.9
2019-08-09T09:00,97.3,29.7,67.7,66.4,451.9
2019-08-09T10:00,37.6,5.5,32.1,24.2,151.7
2019-08-09T11:00,0.0,0.0,0.0,0.0,0.0
2019-08-09T12:00,0.0,0.0,0.0,0.0,0.0
2019-08-09T13:00,0.0,0.0,0.0,0.0,0.0
2019-08-09T14:00,0.0,0.0,0.0,0.0,0.0
2019-08-09T15:00,0.0,0.0,0.0,0.0,0.0
2019-08-09T16:00,0.0,0.0,0.0,0.0,0.0
2019-08-09T17:00,0.0,0.0,0.0,0.0,0.0
2019-08-09T18:00,0.0,0.0,0.0,0.0,0.0
2019-08-09T19:00,0.0,0.0,0.0,0.0,0.0
2019-08-09T20:00,0.0,0.0,0.0,0.0,0.0
2019-08-09T21:00,0.0,0.0,0.0,0.0,0.0
2019-08-09T22:00,20.6,2.3,18.3,13.0,155.8
2019-08-09T23:00,178.4,59.5,118.9,258.0,456.0
2019-08-10T00:00,368.8,191.8,177.0,426.6,735.5
2019-08-10T01:00,509.5,224.7,284.8,347.9,975.3
2019-08-10T02:00,694.9,378.3,316.7,469.4,1159.1
2019-08-10T03:00,724.3,364.7,359.5,397.0,1274.3
2019-08-10T04:00,806.9,476.7,330.2,487.9,1313.0
2019-08-10T05:00,751.2,402.5,348.7,412.3,1272.6
2019-08-10T06:00,735.9,450.8,285.1,491.7,1155.9
2019-08-10T07:00,576.0,333.4,242.6,415.3,970.6
2019-08-10T08:00,404.9,217.0,187.9,338.1,729.6
2019-08-10T09:00,223.1,116.1,107.0,261.1,449.1
2019-08-10T10:00,59.4,18.8,40.6,83.6,148.3
2019-08-10T11:00,0.0,0.0,0.0,0.0,0.0
2019-08-10T12:00,0.0,0.0,0.0,0.0,0.0
2019-08-10T13:00,0.0,0.0,0.0,0.0,0.0
2019-08-10T14:00,0.0,0.0,0.0,0.0,0.0
2019-08-10T15:00,0.0,0.0,0.0,0.0,0.0
2019-08-10T16:00,0.0,0.0,0.0,0.0,0.0
2019-08-10T17:00,0.0,0.0,0.0,0.0,0.0
2019-08-10T18:00,0.0,0.0,0.0,0.0,0.0
2019-08-10T19:00,0.0,0.0,0.0,0.0,0.0
2019-08-10T20:00,0.0,0.0,0.0,0.0,0.0
2019-08-10T21:00,0.0,0.0,0.0,0.0,0.0
2019-08-10T22:00,29.8,6.9,22.9,39.1,153.9
2019-08-10T23:00,220.5,129.6,90.9,565.6,454.6
2019-08-11T00:00,419.5,285.4,134.1,636.4,734.5
2019-08-11T01:00,633.4,481.3,152.1,746.3,974.6
2019-08-11T02:00,778.2,591.3,187.0,734.4,1158.6
2019-08-11T03:00,856.6,699.3,157.4,761.6,1273.8
2019-08-11T04:00,908.8,766.4,142.4,785.1,1312.3
2019-08-11T05:00,874.5,730.6,144.0,749.0,1271.7
2019-08-11T06:00,799.2,686.5,112.7,749.7,1154.5
2019-08-11T07:00,648.4,548.5,99.9,684.5,968.8
2019-08-11T08:00,456.6,370.4,86.2,578.9,727.1
2019-08-11T09:00,256.7,193.1,63.6,436.4,446.1
2019-08-11T10:00,70.9,45.9,24.9,206.5,144.7
2019-08-11T11:00,0.0,0.0,0.0,0.0,0.0
2019-08-11T12:00,0.0,0.0,0.0,0.0,0.0
2019-08-11T13:00,0.0,0.0,0.0,0.0,0.0
2019-08-11T14:00,0.0,0.0,0.0,0.0,0.0
2019-08-11T15:00,0.0,0.0,0.0,0.0,0.0
2019-08-11T16:00,0.0,0.0,0.0,0.0,0.0
2019-08-11T17:00,0.0,0.0,0.0,0.0,0.0
2019-08-11T18:00,0.0,0.0,0.0,0.0,0.0
2019-08-11T19:00,0.0,0.0,0.0,0.0,0.0
2019-08-11T20:00,0.0,0.0,0.0,0.0,0.0
2019-08-11T21:00,0.0,0.0,0.0,0.0,0.0
2019-08-11T22:00,25.3,6.9,18.4,39.3,152.0
2019-08-11T23:00,192.7,115.0,77.7,504.7,453.1
2019-08-12T00:00,386.5,265.9,120.6,594.3,733.5
2019-08-12T01:00,468.9,315.7,153.3,490.1,973.9
2019-08-12T02:00,657.3,458.3,198.9,569.8,1158.0
2019-08-12T03:00,762.8,588.8,174.0,641.8,1273.2
2019-08-12T04:00,690.7,471.5,219.1,483.5,1311.6
2019-08-12T05:00,619.8,426.9,192.9,438.1,1270.6
2019-08-12T06:00,620.1,454.4,165.7,496.9,1153.0
2019-08-12T07:00,515.6,349.5,166.1,437.0,966.8
2019-08-12T08:00,311.3,175.7,135.6,275.4,724.6
2019-08-12T09:00,174.5,89.9,84.6,204.3,443.0
2019-08-12T10:00,40.0,17.8,22.2,81.1,141.1
2019-08-12T11:00,0.0,0.0,0.0,0.0,0.0
2019-08-12T12:00,0.0,0.0,0.0,0.0,0.0
2019-08-12T13:00,0.0,0.0,0.0,0.0,0.0
2019-08-12T14:00,0.0,0.0,0.0,0.0,0.0
2019-08-12T15:00,0.0,0.0,0.0,0.0,0.0
2019-08-12T16:00,0.0,0.0,0.0,0.0,0.0
2019-08-12T17:00,0.0,0.0,0.0,0.0,0.0
2019-08-12T18:00,0.0,0.0,0.0,0.0,0.0
2019-08-12T19:00,0.0,0.0,0.0,0.0,0.0
2019-08-12T20:00,0.0,0.0,0.0,0.0,0.0
2019-08-12T21:00,0.0,0.0,0.0,0.0,0.0
2019-08-12T22:00,27.6,9.2,18.4,52.5,150.1
2019-08-12T23:00,209.6,127.2,82.3,561.8,451.7
2019-08-13T00:00,436.1,328.9,107.2,736.8,732.4
2019-08-13T01:00,649.6,537.2,112.4,835.2,973.1
2019-08-13T02:00,808.7,690.8,117.8,859.7,1157.4
2019-08-13T03:00,893.1,769.1,124.0,839.1,1272.5
2019-08-13T04:00,842.1,695.7,146.4,713.9,1310.8
2019-08-13T05:00,812.6,645.2,167.4,662.8,1269.5
2019-08-13T06:00,679.6,488.4,191.2,534.8,1151.5
2019-08-13T07:00,575.2,432.8,142.4,542.2,964.8
2019-08-13T08:00,442.2,340.0,102.2,534.5,722.0
2019-08-13T09:00,239.0,174.1,64.8,397.7,439.8
2019-08-13T10:00,64.1,38.4,25.6,177.0,137.3
2019-08-13T11:00,0.0,0.0,0.0,0.0,0.0
2019-08-13T12:00,0.0,0.0,0.0,0.0,0.0
2019-08-13T13:00,0.0,0.0,0.0,0.0,0.0
2019-08-13T14:00,0.0,0.0,0.0,0.0,0.0
2019-08-13T15:00,0.0,0.0,0.0,0.0,0.0
2019-08-13T16:00,0.0,0.0,0.0,0.0,0.0
2019-08-13T17:00,0.0,0.0,0.0,0.0,0.0
2019-08-13T18:00,0.0,0.0,0.0,0.0,0.0
2019-08-13T19:00,0.0,0.0,0.0,0.0,0.0
2019-08-13T20:00,0.0,0.0,0.0,0.0,0.0
2019-08-13T21:00,0.0,0.0,0.0,0.0,0.0
2019-08-13T22:00,25.4,9.2,16.1,52.6,148.1
2019-08-13T23:00,214.6,133.5,81.0,593.1,450.3
2019-08-14T00:00,433.9,326.6,107.2,733.5,731.4
2019-08-14T01:00,650.9,539.6,111.3,840.1,972.4
2019-08-14T02:00,806.6,690.9,115.7,860.6,1156.7
2019-08-14T03:00,853.5,729.5,124.0,796.6,1271.9
2019-08-14T04:00,905.6,770.3,135.3,791.2,1310.0
2019-08-14T05:00,873.1,736.1,137.0,757.1,1268.4
2019-08-14T06:00,772.1,634.0,138.1,695.3,1149.9
2019-08-14T07:00,649.3,541.4,107.9,679.7,962.6
2019-08-14T08:00,461.4,373.7,87.7,589.5,719.3
2019-08-14T09:00,252.0,192.5,59.4,442.2,436.5
2019-08-14T10:00,57.9,35.5,22.4,165.6,133.4
2019-08-14T11:00,0.0,0.0,0.0,0.0,0.0
2019-08-14T12:00,0.0,0.0,0.0,0.0,0.0
2019-08-14T13:00,0.0,0.0,0.0,0.0,0.0
2019-08-14T14:00,0.0,0.0,0.0,0.0,0.0
2019-08-14T15:00,0.0,0.0,0.0,0.0,0.0
2019-08-14T16:00,0.0,0.0,0.0,0.0,0.0
2019-08-14T17:00,0.0,0.0,0.0,0.0,0.0
2019-08-14T18:00,0.0,0.0,0.0,0.0,0.0
2019-08-14T19:00,0.0,0.0,0.0,0.0,0.0
2019-08-14T20:00,0.0,0.0,0.0,0.0,0.0
2019-08-14T21:00,0.0,0.0,0.0,0.0,0.0
2019-08-14T22:00,23.1,6.9,16.2,39.6,146.2
2019-08-14T23:00,177.5,100.8,76.7,450.2,448.9
2019-08-15T00:00,334.2,236.8,97.4,533.1,730.4
2019-08-15T01:00,535.2,381.8,153.4,595.2,971.6
2019-08-15T02:00,612.0,462.8,149.2,577.1,1156.1
2019-08-15T03:00,797.2,670.1,127.1,732.4,1271.2
2019-08-15T04:00,837.9,629.9,208.0,647.6,1309.1
2019-08-15T05:00,713.5,510.9,202.6,526.1,1267.2
2019-08-15T06:00,358.5,147.6,211.0,162.1,1148.2
2019-08-15T07:00,252.0,30.8,221.2,38.8,960.4
2019-08-15T08:00,144.6,17.9,126.7,28.3,716.5
2019-08-15T09:00,61.5,3.0,58.5,6.9,433.1
2019-08-15T10:00,30.8,5.5,25.2,26.0,129.5
2019-08-15T11:00,0.0,0.0,0.0,0.0,0.0
2019-08-15T12:00,0.0,0.0,0.0,0.0,0.0
2019-08-15T13:00,0.0,0.0,0.0,0.0,0.0
2019-08-15T14:00,0.0,0.0,0.0,0.0,0.0
2019-08-15T15:00,0.0,0.0,0.0,0.0,0.0
2019-08-15T16:00,0.0,0.0,0.0,0.0,0.0
2019-08-15T17:00,0.0,0.0,0.0,0.0,0.0
2019-08-15T18:00,0.0,0.0,0.0,0.0,0.0
2019-08-15T19:00,0.0,0.0,0.0,0.0,0.0
2019-08-15T20:00,0.0,0.0,0.0,0.0,0.0
2019-08-15T21:00,0.0,0.0,0.0,0.0,0.0
2019-08-15T22:00,25.5,6.9,18.5,39.7,144.3
2019-08-15T23:00,200.5,101.0,99.5,453.9,447.4
2019-08-16T00:00,422.1,293.7,128.4,662.8,729.4
2019-08-16T01:00,385.3,233.0,152.3,363.8,970.8
2019-08-16T02:00,440.1,229.3,210.9,286.2,1155.4
2019-08-16T03:00,791.0,551.3,239.7,603.1,1270.5
2019-08-16T04:00,721.7,510.8,211.0,525.6,1308.2
2019-08-16T05:00,638.0,416.9,221.2,429.8,1265.9
2019-08-16T06:00,413.3,153.2,260.1,168.5,1146.5
2019-08-16T07:00,205.7,44.4,161.3,56.0,958.1
2019-08-16T08:00,294.8,114.7,180.1,182.2,713.6
2019-08-16T09:00,116.7,22.5,94.3,52.2,429.6
2019-08-16T10:00,32.5,5.9,26.6,28.1,125.4
2019-08-16T11:00,0.0,0.0,0.0,0.0,0.0
2019-08-16T12:00,0.0,0.0,0.0,0.0,0.0
2019-08-16T13:00,0.0,0.0,0.0,0.0,0.0
2019-08-16T14:00,0.0,0.0,0.0,0.0,0.0
2019-08-16T15:00,0.0,0.0,0.0,0.0,0.0
2019-08-16T16:00,0.0,0.0,0.0,0.0,0.0
2019-08-16T17:00,0.0,0.0,0.0,0.0,0.0
2019-08-16T18:00,0.0,0.0,0.0,0.0,0.0
2019-08-16T19:00,0.0,0.0,0.0,0.0,0.0
2019-08-16T20:00,0.0,0.0,0.0,0.0,0.0
2019-08-16T21:00,0.0,0.0,0.0,0.0,0.0
2019-08-16T22:00,25.5,9.3,16.2,53.1,142.4
2019-08-16T23:00,217.6,137.5,80.1,621.7,446.0
2019-08-17T00:00,438.4,334.7,103.7,757.1,728.3
2019-08-17T01:00,635.5,515.0,120.5,805.2,970.0
2019-08-17T02:00,791.6,662.9,128.7,828.4,1154.7
2019-08-17T03:00,872.2,736.8,135.5,806.8,1269.7
2019-08-17T04:00,920.5,784.3,136.3,807.9,1307.2
2019-08-17T05:00,880.6,740.6,139.9,764.6,1264.5
2019-08-17T06:00,728.0,576.7,151.3,635.5,1144.7
2019-08-17T07:00,513.4,323.3,190.2,408.7,955.8
2019-08-17T08:00,280.1,134.1,146.0,213.7,710.7
2019-08-17T09:00,173.2,79.1,94.0,184.9,426.0
2019-08-17T10:00,47.3,19.4,27.8,94.6,121.3
2019-08-17T11:00,0.0,0.0,0.0,0.0,0.0
2019-08-17T12:00,0.0,0.0,0.0,0.0,0.0
2019-08-17T13:00,0.0,0.0,0.0,0.0,0.0
2019-08-17T14:00,0.0,0.0,0.0,0.0,0.0
2019-08-17T15:00,0.0,0.0,0.0,0.0,0.0
2019-08-17T16:00,0.0,0.0,0.0,0.0,0.0
2019-08-17T17:00,0.0,0.0,0.0,0.0,0.0
2019-08-17T18:00,0.0,0.0,0.0,0.0,0.0
2019-08-17T19:00,0.0,0.0,0.0,0.0,0.0
2019-08-17T20:00,0.0,0.0,0.0,0.0,0.0
2019-08-17T21:00,0.0,0.0,0.0,0.0,0.0
2019-08-17T22:00,23.2,7.0,16.3,39.9,140.5
2019-08-17T23:00,190.9,107.6,83.3,489.2,444.6
2019-08-18T00:00,397.9,279.3,118.6,633.3,727.3
2019-08-18T01:00,612.9,483.3,129.6,756.7,969.2
2019-08-18T02:00,738.7,565.7,173.1,707.6,1154.0
2019-08-18T03:00,746.1,509.6,236.6,558.6,1268.9
2019-08-18T04:00,564.2,325.0,239.2,335.2,1306.1
2019-08-18T05:00,440.2,199.6,240.6,206.3,1263.1
2019-08-18T06:00,193.8,24.6,169.2,27.1,1142.8
2019-08-18T07:00,124.0,0.0,124.0,0.0,953.3
2019-08-18T08:00,67.8,0.0,67.8,0.0,707.6
2019-08-18T09:00,23.8,0.0,23.8,0.0,422.4
2019-08-18T10:00,13.4,0.0,13.4,0.0,117.1
2019-08-18T11:00,0.0,0.0,0.0,0.0,0.0
2019-08-18T12:00,0.0,0.0,0.0,0.0,0.0
2019-08-18T13:00,0.0,0.0,0.0,0.0,0.0
2019-08-18T14:00,0.0,0.0,0.0,0.0,0.0
2019-08-18T15:00,0.0,0.0,0.0,0.0,0.0
2019-08-18T16:00,0.0,0.0,0.0,0.0,0.0
2019-08-18T17:00,0.0,0.0,0.0,0.0,0.0
2019-08-18T18:00,0.0,0.0,0.0,0.0,0.0
2019-08-18T19:00,0.0,0.0,0.0,0.0,0.0
2019-08-18T20:00,0.0,0.0,0.0,0.0,0.0
2019-08-18T21:00,0.0,0.0,0.0,0.0,0.0
2019-08-18T22:00,4.7,0.0,4.7,0.0,138.6
2019-08-18T23:00,38.0,0.0,38.0,0.0,443.2
2019-08-19T00:00,77.9,0.0,77.9,0.0,726.2
2019-08-19T01:00,78.5,0.0,78.5,0.0,968.4
2019-08-19T02:00,388.3,180.6,207.7,226.2,1153.2
2019-08-19T03:00,696.1,388.7,307.4,426.5,1268.1
2019-08-19T04:00,670.1,259.4,410.7,267.8,1305.0
2019-08-19T05:00,528.1,165.3,362.9,171.1,1261.7
2019-08-19T06:00,330.7,20.8,309.9,23.0,1140.8
2019-08-19T07:00,277.7,42.5,235.2,54.0,950.8
2019-08-19T08:00,164.3,7.6,156.7,12.2,704.5
2019-08-19T09:00,125.4,23.0,102.4,54.5,418.7
2019-08-19T10:00,6.8,0.0,6.8,0.0,112.8
2019-08-19T11:00,0.0,0.0,0.0,0.0,0.0
2019-08-19T12:00,0.0,0.0,0.0,0.0,0.0
2019-08-19T13:00,0.0,0.0,0.0,0.0,0.0
2019-08-19T14:00,0.0,0.0,0.0,0.0,0.0
2019-08-19T15:00,0.0,0.0,0.0,0.0,0.0
2019-08-19T16:00,0.0,0.0,0.0,0.0,0.0
2019-08-19T17:00,0.0,0.0,0.0,0.0,0.0
2019-08-19T18:00,0.0,0.0,0.0,0.0,0.0
2019-08-19T19:00,0.0,0.0,0.0,0.0,0.0
2019-08-19T20:00,0.0,0.0,0.0,0.0,0.0
2019-08-19T21:00,0.0,0.0,0.0,0.0,0.0
2019-08-19T22:00,16.3,0.0,16.3,0.0,136.7
2019-08-19T23:00,155.3,53.3,102.0,245.3,441.8
2019-08-20T00:00,258.6,89.1,169.5,203.0,725.2
2019-08-20T01:00,499.4,271.9,227.5,427.0,967.6
2019-08-20T02:00,353.7,117.9,235.8,147.8,1152.4
2019-08-20T03:00,471.0,199.0,272.0,218.6,1267.2
2019-08-20T04:00,591.3,273.5,317.9,282.7,1303.9
2019-08-20T05:00,449.8,105.6,344.2,109.5,1260.1
2019-08-20T06:00,335.3,100.1,235.2,110.9,1138.8
2019-08-20T07:00,215.2,51.5,163.6,65.6,948.2
2019-08-20T08:00,123.5,24.5,99.0,39.6,701.3
2019-08-20T09:00,88.8,8.9,79.9,21.2,414.8
2019-08-20T10:00,24.0,7.0,16.9,35.8,108.4
2019-08-20T11:00,0.0,0.0,0.0,0.0,0.0
2019-08-20T12:00,0.0,0.0,0.0,0.0,0.0
2019-08-20T13:00,0.0,0.0,0.0,0.0,0.0
2019-08-20T14:00,0.0,0.0,0.0,0.0,0.0
2019-08-20T15:00,0.0,0.0,0.0,0.0,0.0
2019-08-20T16:00,0.0,0.0,0.0,0.0,0.0
2019-08-20T17:00,0.0,0.0,0.0,0.0,0.0
2019-08-20T18:00,0.0,0.0,0.0,0.0,0.0
2019-08-20T19:00,0.0,0.0,0.0,0.0,0.0
2019-08-20T20:00,0.0,0.0,0.0,0.0,0.0
2019-08-20T21:00,0.0,0.0,0.0,0.0,0.0
2019-08-20T22:00,16.4,2.3,14.0,13.4,134.9
2019-08-20T23:00,180.1,80.9,99.2,374.6,440.4
2019-08-21T00:00,293.4,159.7,133.7,364.9,724.1
2019-08-21T01:00,425.6,227.6,198.0,357.9,966.7
2019-08-21T02:00,507.4,217.4,289.9,272.9,1151.6
2019-08-21T03:00,594.0,304.3,289.7,334.6,1266.2
2019-08-21T04:00,631.6,309.7,321.9,320.6,1302.7
2019-08-21T05:00,608.1,330.5,277.7,343.0,1258.6
2019-08-21T06:00,475.0,165.2,309.7,183.4,1136.7
2019-08-21T07:00,362.4,169.0,193.4,215.8,945.5
2019-08-21T08:00,351.6,210.5,141.2,340.6,698.0
2019-08-21T09:00,177.1,95.9,81.2,230.2,411.0
2019-08-21T10:00,33.0,10.9,22.2,56.3,104.0
2019-08-21T11:00,0.0,0.0,0.0,0.0,0.0
2019-08-21T12:00,0.0,0.0,0.0,0.0,0.0
2019-08-21T13:00,0.0,0.0,0.0,0.0,0.0
2019-08-21T14:00,0.0,0.0,0.0,0.0,0.0
2019-08-21T15:00,0.0,0.0,0.0,0.0,0.0
2019-08-21T16:00,0.0,0.0,0.0,0.0,0.0
2019-08-21T17:00,0.0,0.0,0.0,0.0,0.0
2019-08-21T18:00,0.0,0.0,0.0,0.0,0.0
2019-08-21T19:00,0.0,0.0,0.0,0.0,0.0
2019-08-21T20:00,0.0,0.0,0.0,0.0,0.0
2019-08-21T21:00,0.0,0.0,0.0,0.0,0.0
2019-08-21T22:00,18.8,4.7,14.1,26.9,133.0
2019-08-21T23:00,206.5,123.9,82.6,577.4,438.9
2019-08-22T00:00,421.2,315.9,105.3,723.6,723.0
2019-08-22T01:00,643.1,524.7,118.4,826.5,965.8
2019-08-22T02:00,787.6,648.0,139.6,814.4,1150.8
2019-08-22T03:00,751.3,482.4,268.8,531.1,1265.3
2019-08-22T04:00,895.9,706.2,189.7,731.8,1301.5
2019-08-22T05:00,825.0,596.3,228.7,619.9,1256.9
2019-08-22T06:00,754.2,562.6,191.6,625.8,1134.6
2019-08-22T07:00,588.8,466.0,122.8,596.8,942.8
2019-08-22T08:00,421.3,325.1,96.3,528.2,694.7
2019-08-22T09:00,222.2,156.7,65.5,378.6,407.0
2019-08-22T10:00,44.7,26.6,18.0,140.2,99.5
2019-08-22T11:00,0.0,0.0,0.0,0.0,0.0
2019-08-22T12:00,0.0,0.0,0.0,0.0,0.0
2019-08-22T13:00,0.0,0.0,0.0,0.0,0.0
2019-08-22T14:00,0.0,0.0,0.0,0.0,0.0
2019-08-22T15:00,0.0,0.0,0.0,0.0,0.0
2019-08-22T16:00,0.0,0.0,0.0,0.0,0.0
2019-08-22T17:00,0.0,0.0,0.0,0.0,0.0
2019-08-22T18:00,0.0,0.0,0.0,0.0,0.0
2019-08-22T19:00,0.0,0.0,0.0,0.0,0.0
2019-08-22T20:00,0.0,0.0,0.0,0.0,0.0
2019-08-22T21:00,0.0,0.0,0.0,0.0,0.0
2019-08-22T22:00,21.2,7.1,14.1,40.4,131.1
2019-08-22T23:00,219.3,142.6,76.7,668.7,437.5
2019-08-23T00:00,430.1,324.8,105.4,745.8,721.9
2019-08-23T01:00,642.1,524.8,117.3,828.0,964.9
2019-08-23T02:00,808.2,679.5,128.8,855.0,1149.9
2019-08-23T03:00,861.7,700.2,161.5,771.7,1264.3
2019-08-23T04:00,891.7,729.3,162.4,756.7,1300.2
2019-08-23T05:00,794.5,622.5,172.0,648.2,1255.2
2019-08-23T06:00,679.4,496.4,183.1,553.2,1132.4
2019-08-23T07:00,565.0,430.5,134.5,552.9,940.0
2019-08-23T08:00,409.0,305.3,103.7,498.2,691.2
2019-08-23T09:00,205.3,143.0,62.3,348.0,403.0
2019-08-23T10:00,39.5,22.1,17.5,117.1,94.9
2019-08-23T11:00,0.0,0.0,0.0,0.0,0.0
2019-08-23T12:00,0.0,0.0,0.0,0.0,0.0
2019-08-23T13:00,0.0,0.0,0.0,0.0,0.0
2019-08-23T14:00,0.0,0.0,0.0,0.0,0.0
2019-08-23T15:00,0.0,0.0,0.0,0.0,0.0
2019-08-23T16:00,0.0,0.0,0.0,0.0,0.0
2019-08-23T17:00,0.0,0.0,0.0,0.0,0.0
2019-08-23T18:00,0.0,0.0,0.0,0.0,0.0
2019-08-23T19:00,0.0,0.0,0.0,0.0,0.0
2019-08-23T20:00,0.0,0.0,0.0,0.0,0.0
2019-08-23T21:00,0.0,0.0,0.0,0.0,0.0
2019-08-23T22:00,18.9,4.7,14.1,27.0,129.2
2019-08-23T23:00,166.1,75.3,90.7,355.4,436.1
2019-08-24T00:00,358.5,193.5,165.0,445.5,720.8
2019-08-24T01:00,520.4,308.6,211.8,487.6,964.0
2019-08-24T02:00,445.8,148.2,297.6,186.8,1149.0
2019-08-24T03:00,749.1,431.4,317.8,476.0,1263.2
2019-08-24T04:00,722.2,383.3,338.9,398.2,1298.9
2019-08-24T05:00,608.7,346.9,261.9,361.8,1253.5
2019-08-24T06:00,413.2,85.8,327.3,95.9,1130.1
2019-08-24T07:00,449.2,168.7,280.5,217.3,937.1
2019-08-24T08:00,185.3,43.0,142.4,70.4,687.8
2019-08-24T09:00,76.0,4.4,71.6,10.8,398.9
2019-08-24T10:00,18.0,0.7,17.3,3.9,90.3
2019-08-24T11:00,0.0,0.0,0.0,0.0,0.0
2019-08-24T12:00,0.0,0.0,0.0,0.0,0.0
2019-08-24T13:00,0.0,0.0,0.0,0.0,0.0
2019-08-24T14:00,0.0,0.0,0.0,0.0,0.0
2019-08-24T15:00,0.0,0.0,0.0,0.0,0.0
2019-08-24T16:00,0.0,0.0,0.0,0.0,0.0
2019-08-24T17:00,0.0,0.0,0.0,0.0,0.0
2019-08-24T18:00,0.0,0.0,0.0,0.0,0.0
2019-08-24T19:00,0.0,0.0,0.0,0.0,0.0
2019-08-24T20:00,0.0,0.0,0.0,0.0,0.0
2019-08-24T21:00,0.0,0.0,0.0,0.0,0.0
2019-08-24T22:00,14.2,0.0,14.2,0.0,127.4
2019-08-24T23:00,140.3,27.7,112.5,131.7,434.7
2019-08-25T00:00,288.0,88.1,199.8,203.4,719.7
2019-08-25T01:00,441.9,205.0,236.9,324.5,963.0
2019-08-25T02:00,571.3,269.4,301.9,339.9,1148.1
2019-08-25T03:00,735.6,467.8,267.8,516.9,1262.1
2019-08-25T04:00,658.6,445.8,212.8,463.8,1297.5
2019-08-25T05:00,708.3,485.5,222.7,507.2,1251.6
2019-08-25T06:00,624.3,460.2,164.1,515.1,1127.7
2019-08-25T07:00,488.6,339.9,148.8,439.0,934.2
2019-08-25T08:00,270.9,150.6,120.3,247.9,684.2
2019-08-25T09:00,179.2,102.0,77.2,251.9,394.8
2019-08-25T10:00,30.2,10.3,19.9,54.7,85.7
2019-08-25T11:00,0.0,0.0,0.0,0.0,0.0
2019-08-25T12:00,0.0,0.0,0.0,0.0,0.0
2019-08-25T13:00,0.0,0.0,0.0,0.0,0.0
2019-08-25T14:00,0.0,0.0,0.0,0.0,0.0
2019-08-25T15:00,0.0,0.0,0.0,0.0,0.0
2019-08-25T16:00,0.0,0.0,0.0,0.0,0.0
2019-08-25T17:00,0.0,0.0,0.0,0.0,0.0
2019-08-25T18:00,0.0,0.0,0.0,0.0,0.0
2019-08-25T19:00,0.0,0.0,0.0,0.0,0.0
2019-08-25T20:00,0.0,0.0,0.0,0.0,0.0
2019-08-25T21:00,0.0,0.0,0.0,0.0,0.0
2019-08-25T22:00,14.2,2.4,11.9,13.5,125.5
2019-08-25T23:00,190.1,89.6,100.5,428.1,433.2
2019-08-26T00:00,362.6,219.8,142.8,508.7,718.6
2019-08-26T01:00,562.8,426.1,136.7,675.5,962.1
2019-08-26T02:00,637.4,456.7,180.7,576.9,1147.1
2019-08-26T03:00,561.6,336.5,225.0,372.3,1261.0
2019-08-26T04:00,635.3,393.3,242.0,409.8,1296.0
2019-08-26T05:00,621.2,388.7,232.5,406.8,1249.8
2019-08-26T06:00,477.0,273.4,203.6,306.7,1125.4
2019-08-26T07:00,452.3,245.1,207.2,317.5,931.2
2019-08-26T08:00,269.8,153.8,116.0,254.3,680.7
2019-08-26T09:00,164.1,103.8,60.3,258.4,390.6
2019-08-26T10:00,21.6,8.6,13.0,45.3,81.0
2019-08-26T11:00,0.0,0.0,0.0,0.0,0.0
2019-08-26T12:00,0.0,0.0,0.0,0.0,0.0
2019-08-26T13:00,0.0,0.0,0.0,0.0,0.0
2019-08-26T14:00,0.0,0.0,0.0,0.0,0.0
2019-08-26T15:00,0.0,0.0,0.0,0.0,0.0
2019-08-26T16:00,0.0,0.0,0.0,0.0,0.0
2019-08-26T17:00,0.0,0.0,0.0,0.0,0.0
2019-08-26T18:00,0.0,0.0,0.0,0.0,0.0
2019-08-26T19:00,0.0,0.0,0.0,0.0,0.0
2019-08-26T20:00,0.0,0.0,0.0,0.0,0.0
2019-08-26T21:00,0.0,0.0,0.0,0.0,0.0
2019-08-26T22:00,19.0,7.1,11.9,40.7,123.6
2019-08-26T23:00,213.8,141.0,72.8,677.7,431.8
2019-08-27T00:00,448.6,351.7,96.9,816.1,717.4
2019-08-27T01:00,649.5,535.5,113.9,850.5,961.1
2019-08-27T02:00,819.2,701.3,118.0,887.1,1146.1
2019-08-27T03:00,905.3,770.9,134.4,854.1,1259.8
2019-08-27T04:00,952.8,821.7,131.1,857.4,1294.5
2019-08-27T05:00,899.3,731.4,168.0,766.8,1247.9
2019-08-27T06:00,769.0,630.4,138.5,708.8,1122.9
2019-08-27T07:00,610.5,506.1,104.5,657.7,928.2
2019-08-27T08:00,438.1,357.6,80.6,593.9,677.0
2019-08-27T09:00,230.1,178.7,51.4,448.2,386.4
2019-08-27T10:00,37.1,23.7,13.5,125.1,76.3
2019-08-27T11:00,0.0,0.0,0.0,0.0,0.0
2019-08-27T12:00,0.0,0.0,0.0,0.0,0.0
2019-08-27T13:00,0.0,0.0,0.0,0.0,0.0
2019-08-27T14:00,0.0,0.0,0.0,0.0,0.0
2019-08-27T15:00,0.0,0.0,0.0,0.0,0.0
2019-08-27T16:00,0.0,0.0,0.0,0.0,0.0
2019-08-27T17:00,0.0,0.0,0.0,0.0,0.0
2019-08-27T18:00,0.0,0.0,0.0,0.0,0.0
2019-08-27T19:00,0.0,0.0,0.0,0.0,0.0
2019-08-27T20:00,0.0,0.0,0.0,0.0,0.0
2019-08-27T21:00,0.0,0.0,0.0,0.0,0.0
2019-08-27T22:00,16.7,4.8,11.9,27.2,121.8
2019-08-27T23:00,206.6,124.3,82.3,601.1,430.3
2019-08-28T00:00,419.1,304.7,114.4,708.8,716.3
2019-08-28T01:00,649.6,535.6,114.0,852.2,960.0
2019-08-28T02:00,811.7,685.1,126.6,867.8,1145.0
2019-08-28T03:00,891.7,736.5,155.2,817.1,1258.6
2019-08-28T04:00,929.5,771.2,158.3,806.0,1293.0
2019-08-28T05:00,881.6,720.5,161.1,756.7,1245.9
2019-08-28T06:00,780.9,646.2,134.7,728.3,1120.4
2019-08-28T07:00,614.6,475.1,139.5,619.5,925.1
2019-08-28T08:00,403.2,292.6,110.7,488.3,673.3
2019-08-28T09:00,204.0,134.1,69.9,339.0,382.1
2019-08-28T10:00,27.9,15.1,12.9,79.5,71.4
2019-08-28T11:00,0.0,0.0,0.0,0.0,0.0
2019-08-28T12:00,0.0,0.0,0.0,0.0,0.0
2019-08-28T13:00,0.0,0.0,0.0,0.0,0.0
2019-08-28T14:00,0.0,0.0,0.0,0.0,0.0
2019-08-28T15:00,0.0,0.0,0.0,0.0,0.0
2019-08-28T16:00,0.0,0.0,0.0,0.0,0.0
2019-08-28T17:00,0.0,0.0,0.0,0.0,0.0
2019-08-28T18:00,0.0,0.0,0.0,0.0,0.0
2019-08-28T19:00,0.0,0.0,0.0,0.0,0.0
2019-08-28T20:00,0.0,0.0,0.0,0.0,0.0
2019-08-28T21:00,0.0,0.0,0.0,0.0,0.0
2019-08-28T22:00,16.7,4.8,12.0,27.2,119.9
2019-08-28T23:00,193.1,119.9,73.2,583.7,428.9
2019-08-29T00:00,394.4,291.2,103.3,679.2,715.1
2019-08-29T01:00,628.1,516.4,111.7,823.0,959.0
2019-08-29T02:00,768.4,640.7,127.7,812.8,1143.9
2019-08-29T03:00,836.5,678.2,158.3,753.4,1257.3
2019-08-29T04:00,723.8,507.0,216.7,530.7,1291.4
2019-08-29T05:00,623.7,410.9,212.8,432.4,1243.8
2019-08-29T06:00,612.1,453.9,158.2,512.8,1117.7
2019-08-29T07:00,409.2,263.5,145.7,344.7,921.8
2019-08-29T08:00,277.9,148.2,129.8,248.5,669.4
2019-08-29T09:00,181.0,119.2,61.8,303.9,377.7
2019-08-29T10:00,26.3,14.6,11.6,77.0,66.5
2019-08-29T11:00,0.0,0.0,0.0,0.0,0.0
2019-08-29T12:00,0.0,0.0,0.0,0.0,0.0
2019-08-29T13:00,0.0,0.0,0.0,0.0,0.0
2019-08-29T14:00,0.0,0.0,0.0,0.0,0.0
2019-08-29T15:00,0.0,0.0,0.0,0.0,0.0
2019-08-29T16:00,0.0,0.0,0.0,0.0,0.0
2019-08-29T17:00,0.0,0.0,0.0,0.0,0.0
2019-08-29T18:00,0.0,0.0,0.0,0.0,0.0
2019-08-29T19:00,0.0,0.0,0.0,0.0,0.0
2019-08-29T20:00,0.0,0.0,0.0,0.0,0.0
2019-08-29T21:00,0.0,0.0,0.0,0.0,0.0
2019-08-29T22:00,12.0,2.4,9.6,13.6,118.1
2019-08-29T23:00,160.8,73.4,87.4,359.5,427.5
2019-08-30T00:00,341.1,196.7,144.4,460.2,713.9
2019-08-30T01:00,485.7,278.2,207.5,444.2,957.9
2019-08-30T02:00,654.8,386.4,268.4,490.9,1142.8
2019-08-30T03:00,605.2,367.7,237.5,409.1,1256.0
2019-08-30T04:00,179.4,0.0,179.4,0.0,1289.7
2019-08-30T05:00,259.6,56.6,203.0,59.7,1241.6
2019-08-30T06:00,180.7,0.0,180.7,0.0,1115.0
2019-08-30T07:00,174.3,5.4,169.0,7.1,918.5
2019-08-30T08:00,108.7,0.0,108.7,0.0,665.5
2019-08-30T09:00,61.5,0.0,61.5,0.0,373.1
2019-08-30T10:00,9.0,0.3,8.7,1.5,61.4
2019-08-30T11:00,0.0,0.0,0.0,0.0,0.0
2019-08-30T12:00,0.0,0.0,0.0,0.0,0.0
2019-08-30T13:00,0.0,0.0,0.0,0.0,0.0
2019-08-30T14:00,0.0,0.0,0.0,0.0,0.0
2019-08-30T15:00,0.0,0.0,0.0,0.0,0.0
2019-08-30T16:00,0.0,0.0,0.0,0.0,0.0
2019-08-30T17:00,0.0,0.0,0.0,0.0,0.0
2019-08-30T18:00,0.0,0.0,0.0,0.0,0.0
2019-08-30T19:00,0.0,0.0,0.0,0.0,0.0
2019-08-30T20:00,0.0,0.0,0.0,0.0,0.0
2019-08-30T21:00,0.0,0.0,0.0,0.0,0.0
2019-08-30T22:00,14.4,2.4,12.0,13.7,116.3
2019-08-30T23:00,194.1,109.6,84.5,540.2,426.1
2019-08-31T00:00,408.6,296.5,112.1,695.5,712.8
2019-08-31T01:00,577.0,424.2,152.8,678.5,956.8
2019-08-31T02:00,738.2,583.4,154.8,742.3,1141.7
2019-08-31T03:00,828.1,670.8,157.3,747.4,1254.6
2019-08-31T04:00,876.7,733.6,143.1,770.4,1287.9
2019-08-31T05:00,856.6,735.6,121.0,777.2,1239.4
2019-08-31T06:00,766.9,621.0,145.8,705.2,1112.2
2019-08-31T07:00,591.8,465.2,126.6,612.8,915.1
2019-08-31T08:00,393.2,300.6,92.7,509.3,661.4
2019-08-31T09:00,186.6,126.8,59.8,329.0,368.5
2019-08-31T10:00,21.4,10.0,11.4,52.6,56.3
2019-08-31T11:00,0.0,0.0,0.0,0.0,0.0
2019-08-31T12:00,0.0,0.0,0.0,0.0,0.0
2019-08-31T13:00,0.0,0.0,0.0,0.0,0.0
2019-08-31T14:00,0.0,0.0,0.0,0.0,0.0
2019-08-31T15:00,0.0,0.0,0.0,0.0,0.0
2019-08-31T16:00,0.0,0.0,0.0,0.0,0.0
2019-08-31T17:00,0.0,0.0,0.0,0.0,0.0
2019-08-31T18:00,0.0,0.0,0.0,0.0,0.0
2019-08-31T19:00,0.0,0.0,0.0,0.0,0.0
2019-08-31T20:00,0.0,0.0,0.0,0.0,0.0
2019-08-31T21:00,0.0,0.0,0.0,0.0,0.0
2019-08-31T22:00,14.5,4.8,9.7,27.4,114.5
2019-08-31T23:00,197.7,122.4,75.3,607.3,424.6
2019-09-01T00:00,396.4,291.7,104.7,686.1,711.6
2019-09-01T01:00,617.1,491.6,125.5,787.7,955.7
2019-09-01T02:00,763.1,621.3,141.8,791.8,1140.5
2019-09-01T03:00,857.2,702.0,155.2,783.4,1253.1
2019-09-01T04:00,844.4,647.9,196.5,681.6,1286.1
2019-09-01T05:00,758.8,559.8,199.0,592.7,1237.0
2019-09-01T06:00,697.0,529.5,167.4,602.9,1109.3
2019-09-01T07:00,565.4,440.7,124.7,582.6,911.5
2019-09-01T08:00,360.2,251.8,108.4,428.9,657.2
2019-09-01T09:00,186.5,122.0,64.5,319.4,363.8
2019-09-01T10:00,19.9,10.1,9.8,52.6,51.1
2019-09-01T11:00,0.0,0.0,0.0,0.0,0.0
2019-09-01T12:00,0.0,0.0,0.0,0.0,0.0
2019-09-01T13:00,0.0,0.0,0.0,0.0,0.0
2019-09-01T14:00,0.0,0.0,0.0,0.0,0.0
2019-09-01T15:00,0.0,0.0,0.0,0.0,0.0
2019-09-01T16:00,0.0,0.0,0.0,0.0,0.0
2019-09-01T17:00,0.0,0.0,0.0,0.0,0.0
2019-09-01T18:00,0.0,0.0,0.0,0.0,0.0
2019-09-01T19:00,0.0,0.0,0.0,0.0,0.0
2019-09-01T20:00,0.0,0.0,0.0,0.0,0.0
2019-09-01T21:00,0.0,0.0,0.0,0.0,0.0
2019-09-01T22:00,12.1,2.4,9.7,13.7,112.7
2019-09-01T23:00,165.2,59.8,105.4,298.6,423.2
2019-09-02T00:00,358.0,194.6,163.4,458.9,710.3
2019-09-02T01:00,584.1,439.2,144.9,705.1,954.6
2019-09-02T02:00,764.2,633.2,131.0,808.3,1139.2
2019-09-02T03:00,844.6,672.8,171.8,752.0,1251.6
2019-09-02T04:00,856.3,688.1,168.2,725.2,1284.2
2019-09-02T05:00,879.5,737.2,142.4,782.2,1234.6
2019-09-02T06:00,755.0,613.9,141.0,701.0,1106.3
2019-09-02T07:00,599.1,472.6,126.5,627.2,907.9
2019-09-02T08:00,385.4,279.7,105.7,479.1,653.0
2019-09-02T09:00,199.8,139.8,60.0,369.5,358.9
2019-09-02T10:00,19.6,11.3,8.3,58.7,45.8
2019-09-02T11:00,0.0,0.0,0.0,0.0,0.0
2019-09-02T12:00,0.0,0.0,0.0,0.0,0.0
2019-09-02T13:00,0.0,0.0,0.0,0.0,0.0
2019-09-02T14:00,0.0,0.0,0.0,0.0,0.0
2019-09-02T15:00,0.0,0.0,0.0,0.0,0.0
2019-09-02T16:00,0.0,0.0,0.0,0.0,0.0
2019-09-02T17:00,0.0,0.0,0.0,0.0,0.0
2019-09-02T18:00,0.0,0.0,0.0,0.0,0.0
2019-09-02T19:00,0.0,0.0,0.0,0.0,0.0
2019-09-02T20:00,0.0,0.0,0.0,0.0,0.0
2019-09-02T21:00,0.0,0.0,0.0,0.0,0.0
2019-09-02T22:00,14.6,2.4,12.1,13.7,110.9
2019-09-02T23:00,187.7,112.0,75.7,562.9,421.8
2019-09-03T00:00,381.9,250.8,131.0,593.3,709.1
2019-09-03T01:00,592.2,450.7,141.5,724.9,953.4
2019-09-03T02:00,740.4,566.1,174.3,723.8,1137.9
2019-09-03T03:00,886.2,731.1,155.2,818.5,1250.1
2019-09-03T04:00,809.8,611.4,198.4,645.6,1282.2
2019-09-03T05:00,678.5,549.8,128.7,584.7,1232.1
2019-09-03T06:00,671.9,527.2,144.7,603.7,1103.2
2019-09-03T07:00,577.1,461.5,115.6,614.8,904.2
2019-09-03T08:00,366.6,281.0,85.6,483.9,648.7
2019-09-03T09:00,170.1,103.3,66.8,275.7,354.0
2019-09-03T10:00,16.7,7.8,9.0,40.3,40.4
2019-09-03T11:00,0.0,0.0,0.0,0.0,0.0
2019-09-03T12:00,0.0,0.0,0.0,0.0,0.0
2019-09-03T13:00,0.0,0.0,0.0,0.0,0.0
2019-09-03T14:00,0.0,0.0,0.0,0.0,0.0
2019-09-03T15:00,0.0,0.0,0.0,0.0,0.0
2019-09-03T16:00,0.0,0.0,0.0,0.0,0.0
2019-09-03T17:00,0.0,0.0,0.0,0.0,0.0
2019-09-03T18:00,0.0,0.0,0.0,0.0,0.0
2019-09-03T19:00,0.0,0.0,0.0,0.0,0.0
2019-09-03T20:00,0.0,0.0,0.0,0.0,0.0
2019-09-03T21:00,0.0,0.0,0.0,0.0,0.0
2019-09-03T22:00,12.2,2.4,9.8,13.7,109.1
2019-09-03T23:00,150.2,60.1,90.1,304.0,420.3
2019-09-04T00:00,324.7,191.1,133.6,453.2,707.9
2019-09-04T01:00,477.0,305.8,171.2,492.9,952.2
2019-09-04T02:00,624.6,437.3,187.3,560.1,1136.6
2019-09-04T03:00,619.6,359.3,260.3,402.9,1248.5
2019-09-04T04:00,680.8,438.1,242.7,463.5,1280.2
2019-09-04T05:00,665.6,426.9,238.8,455.0,1229.5
2019-09-04T06:00,434.0,197.3,236.7,226.5,1100.0
2019-09-04T07:00,331.3,103.9,227.5,138.9,900.4
2019-09-04T08:00,233.2,94.6,138.6,163.9,644.3
2019-09-04T09:00,131.5,46.2,85.3,124.4,349.1
2019-09-04T10:00,9.3,1.6,7.6,8.4,35.0
2019-09-04T11:00,0.0,0.0,0.0,0.0,0.0
2019-09-04T12:00,0.0,0.0,0.0,0.0,0.0
2019-09-04T13:00,0.0,0.0,0.0,0.0,0.0
2019-09-04T14:00,0.0,0.0,0.0,0.0,0.0
2019-09-04T15:00,0.0,0.0,0.0,0.0,0.0
2019-09-04T16:00,0.0,0.0,0.0,0.0,0.0
2019-09-04T17:00,0.0,0.0,0.0,0.0,0.0
2019-09-04T18:00,0.0,0.0,0.0,0.0,0.0
2019-09-04T19:00,0.0,0.0,0.0,0.0,0.0
2019-09-04T20:00,0.0,0.0,0.0,0.0,0.0
2019-09-04T21:00,0.0,0.0,0.0,0.0,0.0
2019-09-04T22:00,9.8,0.0,9.8,0.0,107.3
2019-09-04T23:00,126.8,46.0,80.9,234.2,418.9
2019-09-05T00:00,272.4,121.2,151.2,288.3,706.6
2019-09-05T01:00,299.1,125.6,173.5,202.8,950.9
2019-09-05T02:00,506.6,245.7,260.9,315.3,1135.2
2019-09-05T03:00,458.1,186.4,271.8,209.4,1246.8
2019-09-05T04:00,665.6,354.4,311.1,375.7,1278.1
2019-09-05T05:00,461.8,110.1,351.7,117.6,1226.9
2019-09-05T06:00,352.1,69.5,282.6,80.0,1096.8
2019-09-05T07:00,235.3,26.8,208.5,36.0,896.5
2019-09-05T08:00,265.2,112.7,152.5,196.4,639.8
2019-09-05T09:00,112.1,22.3,89.8,60.6,344.0
2019-09-05T10:00,6.1,0.8,5.3,4.0,29.5
2019-09-05T11:00,0.0,0.0,0.0,0.0,0.0
2019-09-05T12:00,0.0,0.0,0.0,0.0,0.0
2019-09-05T13:00,0.0,0.0,0.0,0.0,0.0
2019-09-05T14:00,0.0,0.0,0.0,0.0,0.0
2019-09-05T15:00,0.0,0.0,0.0,0.0,0.0
2019-09-05T16:00,0.0,0.0,0.0,0.0,0.0
2019-09-05T17:00,0.0,0.0,0.0,0.0,0.0
2019-09-05T18:00,0.0,0.0,0.0,0.0,0.0
2019-09-05T19:00,0.0,0.0,0.0,0.0,0.0
2019-09-05T20:00,0.0,0.0,0.0,0.0,0.0
2019-09-05T21:00,0.0,0.0,0.0,0.0,0.0
2019-09-05T22:00,7.4,0.0,7.4,0.0,105.5
2019-09-05T23:00,98.6,22.3,76.3,114.1,417.4
2019-09-06T00:00,161.3,27.5,133.8,65.6,705.3
2019-09-06T01:00,424.7,212.3,212.3,343.6,949.6
2019-09-06T02:00,541.3,324.8,216.5,417.4,1133.7
2019-09-06T03:00,682.0,460.2,221.8,518.0,1245.0
2019-09-06T04:00,840.7,656.4,184.2,697.2,1275.9
2019-09-06T05:00,776.3,635.1,141.2,680.2,1224.2
2019-09-06T06:00,767.7,652.3,115.4,753.7,1093.5
2019-09-06T07:00,618.7,523.1,95.7,705.3,892.6
2019-09-06T08:00,412.0,333.4,78.6,584.5,635.2
2019-09-06T09:00,189.1,130.2,58.9,358.1,338.9
2019-09-06T10:00,10.0,5.0,5.0,25.6,23.9
2019-09-06T11:00,0.0,0.0,0.0,0.0,0.0
2019-09-06T12:00,0.0,0.0,0.0,0.0,0.0
2019-09-06T13:00,0.0,0.0,0.0,0.0,0.0
2019-09-06T14:00,0.0,0.0,0.0,0.0,0.0
2019-09-06T15:00,0.0,0.0,0.0,0.0,0.0
2019-09-06T16:00,0.0,0.0,0.0,0.0,0.0
2019-09-06T17:00,0.0,0.0,0.0,0.0,0.0
2019-09-06T18:00,0.0,0.0,0.0,0.0,0.0
2019-09-06T19:00,0.0,0.0,0.0,0.0,0.0
2019-09-06T20:00,0.0,0.0,0.0,0.0,0.0
2019-09-06T21:00,0.0,0.0,0.0,0.0,0.0
2019-09-06T22:00,12.3,2.5,9.9,13.8,103.7
2019-09-06T23:00,175.3,90.9,84.5,468.9,415.9
2019-09-07T00:00,380.3,247.7,132.6,592.7,704.0
2019-09-07T01:00,608.6,478.4,130.2,775.8,948.3
2019-09-07T02:00,778.4,647.4,131.0,833.6,1132.3
2019-09-07T03:00,843.3,678.8,164.5,765.5,1243.2
2019-09-07T04:00,798.2,636.2,162.1,677.1,1273.6
2019-09-07T05:00,651.5,452.8,198.7,486.2,1221.4
2019-09-07T06:00,421.2,232.7,188.6,269.7,1090.1
2019-09-07T07:00,277.8,76.8,201.0,104.0,888.6
2019-09-07T08:00,204.0,89.2,114.8,157.3,630.6
2019-09-07T09:00,121.2,54.4,66.8,151.3,333.8
2019-09-07T10:00,7.6,3.5,4.0,18.0,18.3
2019-09-07T11:00,0.0,0.0,0.0,0.0,0.0
2019-09-07T12:00,0.0,0.0,0.0,0.0,0.0
2019-09-07T13:00,0.0,0.0,0.0,0.0,0.0
2019-09-07T14:00,0.0,0.0,0.0,0.0,0.0
2019-09-07T15:00,0.0,0.0,0.0,0.0,0.0
2019-09-07T16:00,0.0,0.0,0.0,0.0,0.0
2019-09-07T17:00,0.0,0.0,0.0,0.0,0.0
2019-09-07T18:00,0.0,0.0,0.0,0.0,0.0
2019-09-07T19:00,0.0,0.0,0.0,0.0,0.0
2019-09-07T20:00,0.0,0.0,0.0,0.0,0.0
2019-09-07T21:00,0.0,0.0,0.0,0.0,0.0
2019-09-07T22:00,7.4,0.0,7.4,0.0,101.9
2019-09-07T23:00,159.8,81.5,78.3,423.6,414.4
2019-09-08T00:00,339.2,222.8,116.4,534.7,702.6
2019-09-08T01:00,525.3,360.9,164.5,586.4,946.9
2019-09-08T02:00,696.1,509.9,186.2,657.8,1130.7
2019-09-08T03:00,749.5,510.1,239.4,576.3,1241.4
2019-09-08T04:00,650.2,418.7,231.5,446.6,1271.3
2019-09-08T05:00,645.4,494.5,150.9,532.4,1218.5
2019-09-08T06:00,622.6,492.3,130.3,572.4,1086.6
2019-09-08T07:00,514.2,392.8,121.4,534.2,884.5
2019-09-08T08:00,248.2,139.3,108.8,247.4,626.0
2019-09-08T09:00,128.1,69.9,58.2,196.4,328.6
2019-09-08T10:00,4.7,2.5,2.2,12.8,12.7
2019-09-08T11:00,0.0,0.0,0.0,0.0,0.0
2019-09-08T12:00,0.0,0.0,0.0,0.0,0.0
2019-09-08T13:00,0.0,0.0,0.0,0.0,0.0
2019-09-08T14:00,0.0,0.0,0.0,0.0,0.0
2019-09-08T15:00,0.0,0.0,0.0,0.0,0.0
2019-09-08T16:00,0.0,0.0,0.0,0.0,0.0
2019-09-08T17:00,0.0,0.0,0.0,0.0,0.0
2019-09-08T18:00,0.0,0.0,0.0,0.0,0.0
2019-09-08T19:00,0.0,0.0,0.0,0.0,0.0
2019-09-08T20:00,0.0,0.0,0.0,0.0,0.0
2019-09-08T21:00,0.0,0.0,0.0,0.0,0.0
2019-09-08T22:00,12.4,2.5,10.0,13.8,100.1
2019-09-08T23:00,203.5,128.2,75.3,670.8,412.9
2019-09-09T00:00,432.1,333.1,98.9,802.0,701.2
2019-09-09T01:00,638.5,527.7,110.8,859.4,945.5
2019-09-09T02:00,778.4,653.9,124.5,845.2,1129.1
2019-09-09T03:00,777.5,613.1,164.5,694.1,1239.4
2019-09-09T04:00,722.5,514.2,208.3,549.7,1268.9
2019-09-09T05:00,610.2,372.7,237.5,402.3,1215.6
2019-09-09T06:00,495.8,226.8,269.0,264.6,1083.1
2019-09-09T07:00,365.7,188.2,177.5,257.1,880.4
2019-09-09T08:00,331.7,221.4,110.3,395.6,621.2
2019-09-09T09:00,161.5,109.7,51.8,311.6,323.4
2019-09-09T10:00,2.9,1.6,1.3,7.9,7.1
2019-09-09T11:00,0.0,0.0,0.0,0.0,0.0
2019-09-09T12:00,0.0,0.0,0.0,0.0,0.0
2019-09-09T13:00,0.0,0.0,0.0,0.0,0.0
2019-09-09T14:00,0.0,0.0,0.0,0.0,0.0
2019-09-09T15:00,0.0,0.0,0.0,0.0,0.0
2019-09-09T16:00,0.0,0.0,0.0,0.0,0.0
2019-09-09T17:00,0.0,0.0,0.0,0.0,0.0
2019-09-09T18:00,0.0,0.0,0.0,0.0,0.0
2019-09-09T19:00,0.0,0.0,0.0,0.0,0.0
2019-09-09T20:00,0.0,0.0,0.0,0.0,0.0
2019-09-09T21:00,0.0,0.0,0.0,0.0,0.0
2019-09-09T22:00,7.5,2.5,5.0,13.8,98.3
2019-09-09T23:00,189.6,109.3,80.4,575.8,411.3
2019-09-10T00:00,403.5,295.7,107.8,714.3,699.8
2019-09-10T01:00,613.5,490.1,123.4,799.9,944.1
2019-09-10T02:00,720.0,565.1,154.8,731.9,1127.5
2019-09-10T03:00,801.4,652.6,148.8,740.3,1237.4
2019-09-10T04:00,785.8,630.8,154.9,675.9,1266.5
2019-09-10T05:00,725.8,546.8,179.0,591.8,1212.6
2019-09-10T06:00,681.1,549.0,132.1,642.6,1079.5
2019-09-10T07:00,494.6,378.8,115.9,519.7,876.2
2019-09-10T08:00,321.3,228.4,92.9,410.7,616.5
2019-09-10T09:00,163.9,113.1,50.8,325.0,318.1
2019-09-10T10:00,0.6,0.3,0.3,1.7,1.4
2019-09-10T11:00,0.0,0.0,0.0,0.0,0.0
2019-09-10T12:00,0.0,0.0,0.0,0.0,0.0
2019-09-10T13:00,0.0,0.0,0.0,0.0,0.0
2019-09-10T14:00,0.0,0.0,0.0,0.0,0.0
2019-09-10T15:00,0.0,0.0,0.0,0.0,0.0
2019-09-10T16:00,0.0,0.0,0.0,0.0,0.0
2019-09-10T17:00,0.0,0.0,0.0,0.0,0.0
2019-09-10T18:00,0.0,0.0,0.0,0.0,0.0
2019-09-10T19:00,0.0,0.0,0.0,0.0,0.0
2019-09-10T20:00,0.0,0.0,0.0,0.0,0.0
2019-09-10T21:00,0.0,0.0,0.0,0.0,0.0
2019-09-10T22:00,10.0,2.5,7.5,13.8,96.5
2019-09-10T23:00,190.2,114.4,75.7,603.4,409.8
2019-09-11T00:00,410.0,308.5,101.6,747.4,698.4
2019-09-11T01:00,625.0,511.9,113.1,837.5,942.6
2019-09-11T02:00,767.6,614.9,152.7,798.1,1125.8
2019-09-11T03:00,873.2,730.6,142.6,830.6,1235.4
2019-09-11T04:00,916.4,782.6,133.8,840.5,1264.0
2019-09-11T05:00,882.2,763.5,118.7,828.6,1209.6
2019-09-11T06:00,770.6,658.3,112.4,773.2,1075.9
2019-09-11T07:00,605.5,505.8,99.7,697.2,871.9
2019-09-11T08:00,389.6,303.5,86.1,549.3,611.7
2019-09-11T09:00,162.3,107.1,55.2,311.1,312.8
2019-09-11T10:00,0.0,0.0,0.0,0.0,0.0
2019-09-11T11:00,0.0,0.0,0.0,0.0,0.0
2019-09-11T12:00,0.0,0.0,0.0,0.0,0.0
2019-09-11T13:00,0.0,0.0,0.0,0.0,0.0
2019-09-11T14:00,0.0,0.0,0.0,0.0,0.0
2019-09-11T15:00,0.0,0.0,0.0,0.0,0.0
2019-09-11T16:00,0.0,0.0,0.0,0.0,0.0
2019-09-11T17:00,0.0,0.0,0.0,0.0,0.0
2019-09-11T18:00,0.0,0.0,0.0,0.0,0.0
2019-09-11T19:00,0.0,0.0,0.0,0.0,0.0
2019-09-11T20:00,0.0,0.0,0.0,0.0,0.0
2019-09-11T21:00,0.0,0.0,0.0,0.0,0.0
2019-09-11T22:00,10.1,2.5,7.6,13.8,94.6
2019-09-11T23:00,197.2,122.8,74.3,647.6,408.2
2019-09-12T00:00,396.5,291.1,105.4,707.6,696.9
2019-09-12T01:00,536.0,393.2,142.9,644.7,941.0
2019-09-12T02:00,676.7,493.7,183.0,642.1,1124.0
2019-09-12T03:00,731.6,525.5,206.0,598.7,1233.3
2019-09-12T04:00,831.7,650.7,181.0,700.5,1261.4
2019-09-12T05:00,839.2,695.3,143.9,756.6,1206.5
2019-09-12T06:00,769.3,662.6,106.7,781.1,1072.2
2019-09-12T07:00,578.3,444.9,133.5,616.0,867.7
2019-09-12T08:00,327.5,202.2,125.3,368.5,606.9
2019-09-12T09:00,162.6,104.4,58.2,306.9,307.5
2019-09-12T10:00,0.0,0.0,0.0,0.0,0.0
2019-09-12T11:00,0.0,0.0,0.0,0.0,0.0
2019-09-12T12:00,0.0,0.0,0.0,0.0,0.0
2019-09-12T13:00,0.0,0.0,0.0,0.0,0.0
2019-09-12T14:00,0.0,0.0,0.0,0.0,0.0
2019-09-12T15:00,0.0,0.0,0.0,0.0,0.0
2019-09-12T16:00,0.0,0.0,0.0,0.0,0.0
2019-09-12T17:00,0.0,0.0,0.0,0.0,0.0
2019-09-12T18:00,0.0,0.0,0.0,0.0,0.0
2019-09-12T19:00,0.0,0.0,0.0,0.0,0.0
2019-09-12T20:00,0.0,0.0,0.0,0.0,0.0
2019-09-12T21:00,0.0,0.0,0.0,0.0,0.0
2019-09-12T22:00,10.1,2.5,7.6,13.8,92.8
2019-09-12T23:00,171.8,90.8,81.0,478.5,406.5
2019-09-13T00:00,376.6,252.3,124.3,615.5,695.3
2019-09-13T01:00,584.1,450.4,133.7,740.3,939.4
2019-09-13T02:00,646.4,463.4,183.0,604.0,1122.2
2019-09-13T03:00,685.7,470.3,215.4,537.0,1231.1
2019-09-13T04:00,781.3,522.9,258.4,564.3,1258.8
2019-09-13T05:00,766.0,544.4,221.6,594.1,1203.3
2019-09-13T06:00,714.7,560.4,154.4,662.8,1068.5
2019-09-13T07:00,553.8,408.9,144.9,568.9,863.4
2019-09-13T08:00,367.8,280.3,87.5,514.2,602.0
2019-09-13T09:00,149.0,88.5,60.5,263.0,302.2
2019-09-13T10:00,0.0,0.0,0.0,0.0,0.0
2019-09-13T11:00,0.0,0.0,0.0,0.0,0.0
2019-09-13T12:00,0.0,0.0,0.0,0.0,0.0
2019-09-13T13:00,0.0,0.0,0.0,0.0,0.0
2019-09-13T14:00,0.0,0.0,0.0,0.0,0.0
2019-09-13T15:00,0.0,0.0,0.0,0.0,0.0
2019-09-13T16:00,0.0,0.0,0.0,0.0,0.0
2019-09-13T17:00,0.0,0.0,0.0,0.0,0.0
2019-09-13T18:00,0.0,0.0,0.0,0.0,0.0
2019-09-13T19:00,0.0,0.0,0.0,0.0,0.0
2019-09-13T20:00,0.0,0.0,0.0,0.0,0.0
2019-09-13T21:00,0.0,0.0,0.0,0.0,0.0
2019-09-13T22:00,7.7,0.0,7.7,0.0,90.9
2019-09-13T23:00,139.8,66.6,73.1,351.3,404.9
2019-09-14T00:00,356.8,239.9,116.8,587.2,693.7
2019-09-14T01:00,476.8,308.7,168.1,508.7,937.8
2019-09-14T02:00,578.2,393.0,185.1,513.4,1120.3
2019-09-14T03:00,630.5,436.0,194.6,498.9,1228.9
2019-09-14T04:00,676.6,461.5,215.2,499.2,1256.1
2019-09-14T05:00,653.1,399.4,253.6,437.2,1200.1
2019-09-14T06:00,653.6,475.0,178.6,563.9,1064.7
2019-09-14T07:00,546.3,429.0,117.2,599.7,859.0
2019-09-14T08:00,283.9,185.2,98.7,342.0,597.1
2019-09-14T09:00,138.1,85.2,52.9,256.5,296.9
2019-09-14T10:00,0.0,0.0,0.0,0.0,0.0
2019-09-14T11:00,0.0,0.0,0.0,0.0,0.0
2019-09-14T12:00,0.0,0.0,0.0,0.0,0.0
2019-09-14T13:00,0.0,0.0,0.0,0.0,0.0
2019-09-14T14:00,0.0,0.0,0.0,0.0,0.0
2019-09-14T15:00,0.0,0.0,0.0,0.0,0.0
2019-09-14T16:00,0.0,0.0,0.0,0.0,0.0
2019-09-14T17:00,0.0,0.0,0.0,0.0,0.0
2019-09-14T18:00,0.0,0.0,0.0,0.0,0.0
2019-09-14T19:00,0.0,0.0,0.0,0.0,0.0
2019-09-14T20:00,0.0,0.0,0.0,0.0,0.0
2019-09-14T21:00,0.0,0.0,0.0,0.0,0.0
2019-09-14T22:00,5.1,0.0,5.1,0.0,89.0
2019-09-14T23:00,128.8,62.0,66.8,326.5,403.2
2019-09-15T00:00,310.5,199.9,110.6,490.9,692.1
2019-09-15T01:00,403.7,242.4,161.2,400.5,936.1
2019-09-15T02:00,599.8,415.8,184.1,544.4,1118.4
2019-09-15T03:00,667.9,474.4,193.5,544.2,1226.6
2019-09-15T04:00,667.5,355.8,311.6,385.9,1253.4
2019-09-15T05:00,660.6,420.7,240.0,461.8,1196.9
2019-09-15T06:00,519.6,313.1,206.5,373.0,1060.9
2019-09-15T07:00,386.9,227.2,159.7,319.1,854.7
2019-09-15T08:00,237.0,105.0,131.9,195.3,592.3
2019-09-15T09:00,95.8,47.3,48.6,143.9,291.6
2019-09-15T10:00,0.0,0.0,0.0,0.0,0.0
2019-09-15T11:00,0.0,0.0,0.0,0.0,0.0
2019-09-15T12:00,0.0,0.0,0.0,0.0,0.0
2019-09-15T13:00,0.0,0.0,0.0,0.0,0.0
2019-09-15T14:00,0.0,0.0,0.0,0.0,0.0
2019-09-15T15:00,0.0,0.0,0.0,0.0,0.0
2019-09-15T16:00,0.0,0.0,0.0,0.0,0.0
2019-09-15T17:00,0.0,0.0,0.0,0.0,0.0
2019-09-15T18:00,0.0,0.0,0.0,0.0,0.0
2019-09-15T19:00,0.0,0.0,0.0,0.0,0.0
2019-09-15T20:00,0.0,0.0,0.0,0.0,0.0
2019-09-15T21:00,0.0,0.0,0.0,0.0,0.0
2019-09-15T22:00,5.2,0.0,5.2,0.0,87.1
2019-09-15T23:00,98.1,27.8,70.3,146.5,401.5
2019-09-16T00:00,206.3,65.4,140.9,161.2,690.4
2019-09-16T01:00,485.0,321.4,163.6,532.4,934.3
2019-09-16T02:00,534.9,338.9,196.0,444.8,1116.4
2019-09-16T03:00,565.9,316.2,249.7,363.6,1224.3
2019-09-16T04:00,565.8,306.5,259.3,333.3,1250.6
2019-09-16T05:00,440.0,149.6,290.4,164.7,1193.6
2019-09-16T06:00,399.8,219.5,180.3,262.5,1057.0
2019-09-16T07:00,311.2,133.9,177.3,189.0,850.3
2019-09-16T08:00,331.6,240.6,91.0,450.5,587.4
2019-09-16T09:00,138.9,85.4,53.5,263.2,286.3
2019-09-16T10:00,0.0,0.0,0.0,0.0,0.0
2019-09-16T11:00,0.0,0.0,0.0,0.0,0.0
2019-09-16T12:00,0.0,0.0,0.0,0.0,0.0
2019-09-16T13:00,0.0,0.0,0.0,0.0,0.0
2019-09-16T14:00,0.0,0.0,0.0,0.0,0.0
2019-09-16T15:00,0.0,0.0,0.0,0.0,0.0
2019-09-16T16:00,0.0,0.0,0.0,0.0,0.0
2019-09-16T17:00,0.0,0.0,0.0,0.0,0.0
2019-09-16T18:00,0.0,0.0,0.0,0.0,0.0
2019-09-16T19:00,0.0,0.0,0.0,0.0,0.0
2019-09-16T20:00,0.0,0.0,0.0,0.0,0.0
2019-09-16T21:00,0.0,0.0,0.0,0.0,0.0
2019-09-16T22:00,2.6,0.0,2.6,0.0,85.2
2019-09-16T23:00,139.4,70.5,68.9,371.6,399.7
2019-09-17T00:00,256.8,125.9,130.9,311.4,688.7
2019-09-17T01:00,406.1,223.1,183.0,370.5,932.5
2019-09-17T02:00,513.3,305.4,207.9,401.7,1114.4
2019-09-17T03:00,635.6,406.7,228.8,468.8,1221.9
2019-09-17T04:00,580.8,337.6,243.2,368.1,1247.8
2019-09-17T05:00,512.7,240.8,271.9,266.0,1190.2
2019-09-17T06:00,576.1,383.7,192.3,460.6,1053.1
2019-09-17T07:00,454.5,293.2,161.2,415.9,845.8
2019-09-17T08:00,308.3,210.1,98.2,396.2,582.4
2019-09-17T09:00,127.5,75.7,51.8,236.4,280.9
2019-09-17T10:00,0.0,0.0,0.0,0.0,0.0
2019-09-17T11:00,0.0,0.0,0.0,0.0,0.0
2019-09-17T12:00,0.0,0.0,0.0,0.0,0.0
2019-09-17T13:00,0.0,0.0,0.0,0.0,0.0
2019-09-17T14:00,0.0,0.0,0.0,0.0,0.0
2019-09-17T15:00,0.0,0.0,0.0,0.0,0.0
2019-09-17T16:00,0.0,0.0,0.0,0.0,0.0
2019-09-17T17:00,0.0,0.0,0.0,0.0,0.0
2019-09-17T18:00,0.0,0.0,0.0,0.0,0.0
2019-09-17T19:00,0.0,0.0,0.0,0.0,0.0
2019-09-17T20:00,0.0,0.0,0.0,0.0,0.0
2019-09-17T21:00,0.0,0.0,0.0,0.0,0.0
2019-09-17T22:00,5.2,0.0,5.2,0.0,83.2
2019-09-17T23:00,64.2,0.0,64.2,0.0,398.0
2019-09-18T00:00,253.2,115.9,137.3,287.7,687.0
2019-09-18T01:00,462.3,319.2,143.0,531.7,930.7
2019-09-18T02:00,577.2,350.8,226.3,462.6,1112.3
2019-09-18T03:00,475.3,250.7,224.7,289.6,1219.4
2019-09-18T04:00,472.2,180.8,291.4,197.7,1244.8
2019-09-18T05:00,505.7,281.5,224.2,311.9,1186.8
2019-09-18T06:00,464.7,278.1,186.6,335.1,1049.1
2019-09-18T07:00,312.5,149.6,162.9,213.2,841.3
2019-09-18T08:00,146.5,62.3,84.2,118.4,577.4
2019-09-18T09:00,52.7,14.8,37.9,46.7,275.5
2019-09-18T10:00,0.0,0.0,0.0,0.0,0.0
2019-09-18T11:00,0.0,0.0,0.0,0.0,0.0
2019-09-18T12:00,0.0,0.0,0.0,0.0,0.0
2019-09-18T13:00,0.0,0.0,0.0,0.0,0.0
2019-09-18T14:00,0.0,0.0,0.0,0.0,0.0
2019-09-18T15:00,0.0,0.0,0.0,0.0,0.0
2019-09-18T16:00,0.0,0.0,0.0,0.0,0.0
2019-09-18T17:00,0.0,0.0,0.0,0.0,0.0
2019-09-18T18:00,0.0,0.0,0.0,0.0,0.0
2019-09-18T19:00,0.0,0.0,0.0,0.0,0.0
2019-09-18T20:00,0.0,0.0,0.0,0.0,0.0
2019-09-18T21:00,0.0,0.0,0.0,0.0,0.0
2019-09-18T22:00,5.3,0.0,5.3,0.0,81.3
2019-09-18T23:00,113.9,51.2,62.7,269.5,396.2
2019-09-19T00:00,286.1,152.5,133.6,380.1,685.3
2019-09-19T01:00,446.3,244.9,201.4,409.0,928.8
2019-09-19T02:00,594.5,325.9,268.5,430.9,1110.1
2019-09-19T03:00,548.1,254.8,293.3,295.2,1216.9
2019-09-19T04:00,566.5,231.0,335.5,253.3,1241.8
2019-09-19T05:00,672.5,386.2,286.3,429.3,1183.2
2019-09-19T06:00,430.9,192.1,238.8,232.5,1045.0
2019-09-19T07:00,322.8,163.6,159.2,234.4,836.7
2019-09-19T08:00,210.9,85.6,125.2,163.9,572.3
2019-09-19T09:00,92.5,34.4,58.0,110.3,270.0
2019-09-19T10:00,0.0,0.0,0.0,0.0,0.0
2019-09-19T11:00,0.0,0.0,0.0,0.0,0.0
2019-09-19T12:00,0.0,0.0,0.0,0.0,0.0
2019-09-19T13:00,0.0,0.0,0.0,0.0,0.0
2019-09-19T14:00,0.0,0.0,0.0,0.0,0.0
2019-09-19T15:00,0.0,0.0,0.0,0.0,0.0
2019-09-19T16:00,0.0,0.0,0.0,0.0,0.0
2019-09-19T17:00,0.0,0.0,0.0,0.0,0.0
2019-09-19T18:00,0.0,0.0,0.0,0.0,0.0
2019-09-19T19:00,0.0,0.0,0.0,0.0,0.0
2019-09-19T20:00,0.0,0.0,0.0,0.0,0.0
2019-09-19T21:00,0.0,0.0,0.0,0.0,0.0
2019-09-19T22:00,2.7,0.0,2.7,0.0,79.4
2019-09-19T23:00,69.6,13.2,56.3,69.8,394.4
2019-09-20T00:00,204.3,50.4,153.9,126.2,683.5
2019-09-20T01:00,433.8,224.4,209.5,375.8,926.8
2019-09-20T02:00,555.5,292.4,263.1,387.5,1107.9
2019-09-20T03:00,484.6,222.5,262.1,258.5,1214.3
2019-09-20T04:00,230.0,21.1,208.9,23.2,1238.7
2019-09-20T05:00,304.6,54.3,250.3,60.6,1179.6
2019-09-20T06:00,234.9,34.5,200.4,41.9,1040.9
2019-09-20T07:00,126.3,2.7,123.7,3.8,832.0
2019-09-20T08:00,101.6,4.0,97.6,7.8,567.1
2019-09-20T09:00,22.1,0.0,22.1,0.0,264.4
2019-09-20T10:00,0.0,0.0,0.0,0.0,0.0
2019-09-20T11:00,0.0,0.0,0.0,0.0,0.0
2019-09-20T12:00,0.0,0.0,0.0,0.0,0.0
2019-09-20T13:00,0.0,0.0,0.0,0.0,0.0
2019-09-20T14:00,0.0,0.0,0.0,0.0,0.0
2019-09-20T15:00,0.0,0.0,0.0,0.0,0.0
2019-09-20T16:00,0.0,0.0,0.0,0.0,0.0
2019-09-20T17:00,0.0,0.0,0.0,0.0,0.0
2019-09-20T18:00,0.0,0.0,0.0,0.0,0.0
2019-09-20T19:00,0.0,0.0,0.0,0.0,0.0
2019-09-20T20:00,0.0,0.0,0.0,0.0,0.0
2019-09-20T21:00,0.0,0.0,0.0,0.0,0.0
2019-09-20T22:00,0.0,0.0,0.0,0.0,77.4
2019-09-20T23:00,26.6,0.0,26.6,0.0,392.6
2019-09-21T00:00,73.2,1.3,71.9,3.2,681.6
2019-09-21T01:00,112.2,3.4,108.8,5.8,924.8
2019-09-21T02:00,137.5,7.6,129.9,10.1,1105.6
2019-09-21T03:00,204.9,2.1,202.8,2.4,1211.6
2019-09-21T04:00,353.4,29.1,324.3,32.1,1235.6
2019-09-21T05:00,216.3,13.6,202.7,15.2,1175.9
2019-09-21T06:00,227.4,13.0,214.3,15.9,1036.6
2019-09-21T07:00,129.8,9.7,120.0,14.1,827.2
2019-09-21T08:00,109.4,4.8,104.6,9.4,561.9
2019-09-21T09:00,52.1,3.1,48.9,10.3,258.8
2019-09-21T10:00,0.0,0.0,0.0,0.0,0.0
2019-09-21T11:00,0.0,0.0,0.0,0.0,0.0
2019-09-21T12:00,0.0,0.0,0.0,0.0,0.0
2019-09-21T13:00,0.0,0.0,0.0,0.0,0.0
2019-09-21T14:00,0.0,0.0,0.0,0.0,0.0
2019-09-21T15:00,0.0,0.0,0.0,0.0,0.0
2019-09-21T16:00,0.0,0.0,0.0,0.0,0.0
2019-09-21T17:00,0.0,0.0,0.0,0.0,0.0
2019-09-21T18:00,0.0,0.0,0.0,0.0,0.0
2019-09-21T19:00,0.0,0.0,0.0,0.0,0.0
2019-09-21T20:00,0.0,0.0,0.0,0.0,0.0
2019-09-21T21:00,0.0,0.0,0.0,0.0,0.0
2019-09-21T22:00,5.4,0.0,5.4,0.0,75.5
2019-09-21T23:00,155.0,83.4,71.7,438.7,390.8
2019-09-22T00:00,309.4,190.7,118.7,480.9,679.8
2019-09-22T01:00,402.0,161.5,240.5,272.0,922.8
2019-09-22T02:00,616.2,403.9,212.3,538.2,1103.3
2019-09-22T03:00,745.5,545.9,199.6,637.4,1208.8
2019-09-22T04:00,797.1,653.6,143.6,722.8,1232.3
2019-09-22T05:00,760.1,578.8,181.3,649.9,1172.1
2019-09-22T06:00,559.7,286.8,272.9,351.3,1032.3
2019-09-22T07:00,481.5,299.8,181.7,436.5,822.4
2019-09-22T08:00,329.2,243.3,85.9,476.4,556.6
2019-09-22T09:00,137.4,93.3,44.2,311.1,253.2
2019-09-22T10:00,0.0,0.0,0.0,0.0,0.0
2019-09-22T11:00,0.0,0.0,0.0,0.0,0.0
2019-09-22T12:00,0.0,0.0,0.0,0.0,0.0
2019-09-22T13:00,0.0,0.0,0.0,0.0,0.0
2019-09-22T14:00,0.0,0.0,0.0,0.0,0.0
2019-09-22T15:00,0.0,0.0,0.0,0.0,0.0
2019-09-22T16:00,0.0,0.0,0.0,0.0,0.0
2019-09-22T17:00,0.0,0.0,0.0,0.0,0.0
2019-09-22T18:00,0.0,0.0,0.0,0.0,0.0
2019-09-22T19:00,0.0,0.0,0.0,0.0,0.0
2019-09-22T20:00,0.0,0.0,0.0,0.0,0.0
2019-09-22T21:00,0.0,0.0,0.0,0.0,0.0
2019-09-22T22:00,5.5,0.0,5.5,0.0,73.5
2019-09-22T23:00,148.9,66.9,82.0,352.1,388.9
2019-09-23T00:00,338.7,235.1,103.6,595.2,677.9
2019-09-23T01:00,467.3,304.7,162.6,514.8,920.7
2019-09-23T02:00,553.4,380.1,173.3,507.9,1100.8
2019-09-23T03:00,562.5,322.3,240.2,377.4,1206.0
2019-09-23T04:00,866.2,708.6,157.6,786.1,1229.0
2019-09-23T05:00,783.1,617.3,165.7,695.7,1168.3
2019-09-23T06:00,600.4,392.8,207.6,483.2,1027.9
2019-09-23T07:00,533.0,426.4,106.6,624.2,817.5
2019-09-23T08:00,330.0,232.3,97.7,458.6,551.3
2019-09-23T09:00,113.4,60.4,53.0,204.3,247.5
2019-09-23T10:00,0.0,0.0,0.0,0.0,0.0
2019-09-23T11:00,0.0,0.0,0.0,0.0,0.0
2019-09-23T12:00,0.0,0.0,0.0,0.0,0.0
2019-09-23T13:00,0.0,0.0,0.0,0.0,0.0
2019-09-23T14:00,0.0,0.0,0.0,0.0,0.0
2019-09-23T15:00,0.0,0.0,0.0,0.0,0.0
2019-09-23T16:00,0.0,0.0,0.0,0.0,0.0
2019-09-23T17:00,0.0,0.0,0.0,0.0,0.0
2019-09-23T18:00,0.0,0.0,0.0,0.0,0.0
2019-09-23T19:00,0.0,0.0,0.0,0.0,0.0
2019-09-23T20:00,0.0,0.0,0.0,0.0,0.0
2019-09-23T21:00,0.0,0.0,0.0,0.0,0.0
2019-09-23T22:00,5.5,0.0,5.5,0.0,71.6
2019-09-23T23:00,132.6,62.1,70.5,326.7,387.0
2019-09-24T00:00,289.6,160.6,129.0,408.3,675.9
2019-09-24T01:00,366.6,143.2,223.4,242.7,918.5
2019-09-24T02:00,424.5,138.6,285.9,185.7,1098.4
2019-09-24T03:00,427.3,119.6,307.7,140.4,1203.1
2019-09-24T04:00,536.9,192.7,344.2,214.4,1225.6
2019-09-24T05:00,378.8,61.0,317.8,69.0,1164.4
2019-09-24T06:00,629.8,361.9,267.9,447.1,1023.5
2019-09-24T07:00,408.4,198.9,209.5,292.8,812.5
2019-09-24T08:00,310.1,209.4,100.7,416.7,545.9
2019-09-24T09:00,116.6,72.7,44.0,249.4,241.8
2019-09-24T10:00,0.0,0.0,0.0,0.0,0.0
2019-09-24T11:00,0.0,0.0,0.0,0.0,0.0
2019-09-24T12:00,0.0,0.0,0.0,0.0,0.0
2019-09-24T13:00,0.0,0.0,0.0,0.0,0.0
2019-09-24T14:00,0.0,0.0,0.0,0.0,0.0
2019-09-24T15:00,0.0,0.0,0.0,0.0,0.0
2019-09-24T16:00,0.0,0.0,0.0,0.0,0.0
2019-09-24T17:00,0.0,0.0,0.0,0.0,0.0
2019-09-24T18:00,0.0,0.0,0.0,0.0,0.0
2019-09-24T19:00,0.0,0.0,0.0,0.0,0.0
2019-09-24T20:00,0.0,0.0,0.0,0.0,0.0
2019-09-24T21:00,0.0,0.0,0.0,0.0,0.0
2019-09-24T22:00,5.6,0.0,5.6,0.0,69.6
2019-09-24T23:00,163.4,82.5,80.8,434.1,385.1
2019-09-25T00:00,377.1,258.2,119.0,659.2,673.9
2019-09-25T01:00,542.0,386.2,155.8,656.6,916.3
2019-09-25T02:00,641.1,427.8,213.3,574.9,1095.8
2019-09-25T03:00,768.2,563.4,204.8,663.5,1200.2
2019-09-25T04:00,739.5,509.7,229.8,569.0,1222.2
2019-09-25T05:00,805.8,639.2,166.6,725.5,1160.4
2019-09-25T06:00,687.1,532.8,154.3,661.1,1019.0
2019-09-25T07:00,518.8,408.0,110.8,604.1,807.5
2019-09-25T08:00,324.5,236.0,88.5,473.6,540.5
2019-09-25T09:00,125.2,84.0,41.1,292.7,236.1
2019-09-25T10:00,0.0,0.0,0.0,0.0,0.0
2019-09-25T11:00,0.0,0.0,0.0,0.0,0.0
2019-09-25T12:00,0.0,0.0,0.0,0.0,0.0
2019-09-25T13:00,0.0,0.0,0.0,0.0,0.0
2019-09-25T14:00,0.0,0.0,0.0,0.0,0.0
2019-09-25T15:00,0.0,0.0,0.0,0.0,0.0
2019-09-25T16:00,0.0,0.0,0.0,0.0,0.0
2019-09-25T17:00,0.0,0.0,0.0,0.0,0.0
2019-09-25T18:00,0.0,0.0,0.0,0.0,0.0
2019-09-25T19:00,0.0,0.0,0.0,0.0,0.0
2019-09-25T20:00,0.0,0.0,0.0,0.0,0.0
2019-09-25T21:00,0.0,0.0,0.0,0.0,0.0
2019-09-25T22:00,5.7,0.0,5.7,0.0,67.6
2019-09-25T23:00,157.2,79.4,77.8,417.7,383.1
2019-09-26T00:00,321.7,193.8,127.9,496.8,671.9
2019-09-26T01:00,439.0,244.1,194.8,416.4,914.1
2019-09-26T02:00,589.2,385.6,203.6,519.7,1093.3
2019-09-26T03:00,651.7,406.4,245.3,480.1,1197.2
2019-09-26T04:00,633.0,453.4,179.6,507.8,1218.7
2019-09-26T05:00,602.2,395.0,207.2,450.0,1156.4
2019-09-26T06:00,502.7,336.4,166.3,419.3,1014.4
2019-09-26T07:00,363.6,241.5,122.1,359.7,802.5
2019-09-26T08:00,239.5,163.1,76.4,329.9,535.1
2019-09-26T09:00,85.0,47.9,37.1,169.3,230.4
2019-09-26T10:00,0.0,0.0,0.0,0.0,0.0
2019-09-26T11:00,0.0,0.0,0.0,0.0,0.0
2019-09-26T12:00,0.0,0.0,0.0,0.0,0.0
2019-09-26T13:00,0.0,0.0,0.0,0.0,0.0
2019-09-26T14:00,0.0,0.0,0.0,0.0,0.0
2019-09-26T15:00,0.0,0.0,0.0,0.0,0.0
2019-09-26T16:00,0.0,0.0,0.0,0.0,0.0
2019-09-26T17:00,0.0,0.0,0.0,0.0,0.0
2019-09-26T18:00,0.0,0.0,0.0,0.0,0.0
2019-09-26T19:00,0.0,0.0,0.0,0.0,0.0
2019-09-26T20:00,0.0,0.0,0.0,0.0,0.0
2019-09-26T21:00,0.0,0.0,0.0,0.0,0.0
2019-09-26T22:00,2.9,0.0,2.9,0.0,65.6
2019-09-26T23:00,115.4,37.3,78.0,196.2,381.1
2019-09-27T00:00,174.9,24.1,150.8,62.0,669.8
2019-09-27T01:00,301.5,107.8,193.7,184.4,911.8
2019-09-27T02:00,288.1,61.7,226.4,83.5,1090.6
2019-09-27T03:00,317.0,97.7,219.3,115.8,1194.1
2019-09-27T04:00,550.6,246.7,303.9,277.2,1215.1
2019-09-27T05:00,477.2,174.2,302.9,199.2,1152.3
2019-09-27T06:00,369.7,103.1,266.6,129.1,1009.8
2019-09-27T07:00,243.9,48.3,195.7,72.3,797.5
2019-09-27T08:00,87.3,2.4,84.9,4.9,529.7
2019-09-27T09:00,60.4,3.6,56.9,12.8,224.7
2019-09-27T10:00,0.0,0.0,0.0,0.0,0.0
2019-09-27T11:00,0.0,0.0,0.0,0.0,0.0
2019-09-27T12:00,0.0,0.0,0.0,0.0,0.0
2019-09-27T13:00,0.0,0.0,0.0,0.0,0.0
2019-09-27T14:00,0.0,0.0,0.0,0.0,0.0
2019-09-27T15:00,0.0,0.0,0.0,0.0,0.0
2019-09-27T16:00,0.0,0.0,0.0,0.0,0.0
2019-09-27T17:00,0.0,0.0,0.0,0.0,0.0
2019-09-27T18:00,0.0,0.0,0.0,0.0,0.0
2019-09-27T19:00,0.0,0.0,0.0,0.0,0.0
2019-09-27T20:00,0.0,0.0,0.0,0.0,0.0
2019-09-27T21:00,0.0,0.0,0.0,0.0,0.0
2019-09-27T22:00,2.9,0.0,2.9,0.0,63.5
2019-09-27T23:00,124.3,49.4,74.9,259.5,379.1
2019-09-28T00:00,289.1,164.9,124.3,426.5,667.6
2019-09-28T01:00,381.8,186.9,194.9,321.0,909.4
2019-09-28T02:00,421.3,189.5,231.8,257.0,1087.9
2019-09-28T03:00,517.5,308.6,208.9,366.9,1190.9
2019-09-28T04:00,427.2,167.5,259.7,188.8,1211.5
2019-09-28T05:00,443.1,175.1,268.0,201.0,1148.1
2019-09-28T06:00,422.4,156.9,265.5,197.4,1005.2
2019-09-28T07:00,308.5,114.8,193.7,173.0,792.4
2019-09-28T08:00,138.6,50.7,87.9,104.3,524.2
2019-09-28T09:00,63.3,17.6,45.7,64.1,219.0
2019-09-28T10:00,0.0,0.0,0.0,0.0,0.0
2019-09-28T11:00,0.0,0.0,0.0,0.0,0.0
2019-09-28T12:00,0.0,0.0,0.0,0.0,0.0
2019-09-28T13:00,0.0,0.0,0.0,0.0,0.0
2019-09-28T14:00,0.0,0.0,0.0,0.0,0.0
2019-09-28T15:00,0.0,0.0,0.0,0.0,0.0
2019-09-28T16:00,0.0,0.0,0.0,0.0,0.0
2019-09-28T17:00,0.0,0.0,0.0,0.0,0.0
2019-09-28T18:00,0.0,0.0,0.0,0.0,0.0
2019-09-28T19:00,0.0,0.0,0.0,0.0,0.0
2019-09-28T20:00,0.0,0.0,0.0,0.0,0.0
2019-09-28T21:00,0.0,0.0,0.0,0.0,0.0
2019-09-28T22:00,2.9,0.0,2.9,0.0,61.5
2019-09-28T23:00,121.4,46.1,75.2,242.5,377.1
2019-09-29T00:00,159.9,41.9,118.0,108.9,665.5
2019-09-29T01:00,379.6,168.6,211.0,290.5,907.0
2019-09-29T02:00,343.3,107.2,236.1,145.9,1085.1
2019-09-29T03:00,686.8,463.4,223.4,552.6,1187.7
2019-09-29T04:00,472.2,218.6,253.6,247.3,1207.8
2019-09-29T05:00,637.4,385.9,251.5,444.8,1144.0
2019-09-29T06:00,496.3,342.3,154.0,432.7,1000.5
2019-09-29T07:00,361.6,165.5,196.1,250.9,787.3
2019-09-29T08:00,209.3,124.0,85.3,257.3,518.8
2019-09-29T09:00,75.9,33.0,42.9,122.3,213.3
2019-09-29T10:00,0.0,0.0,0.0,0.0,0.0
2019-09-29T11:00,0.0,0.0,0.0,0.0,0.0
2019-09-29T12:00,0.0,0.0,0.0,0.0,0.0
2019-09-29T13:00,0.0,0.0,0.0,0.0,0.0
2019-09-29T14:00,0.0,0.0,0.0,0.0,0.0
2019-09-29T15:00,0.0,0.0,0.0,0.0,0.0
2019-09-29T16:00,0.0,0.0,0.0,0.0,0.0
2019-09-29T17:00,0.0,0.0,0.0,0.0,0.0
2019-09-29T18:00,0.0,0.0,0.0,0.0,0.0
2019-09-29T19:00,0.0,0.0,0.0,0.0,0.0
2019-09-29T20:00,0.0,0.0,0.0,0.0,0.0
2019-09-29T21:00,0.0,0.0,0.0,0.0,0.0
2019-09-29T22:00,3.0,0.0,3.0,0.0,59.4
2019-09-29T23:00,30.9,0.0,30.9,0.0,375.0
2019-09-30T00:00,101.6,8.9,92.7,23.2,663.2
2019-09-30T01:00,89.5,0.0,89.5,0.0,904.5
2019-09-30T02:00,133.2,0.0,133.2,0.0,1082.3
2019-09-30T03:00,163.1,0.0,163.1,0.0,1184.5
2019-09-30T04:00,319.8,21.0,298.7,23.9,1204.1
2019-09-30T05:00,326.8,25.1,301.7,29.1,1139.7
2019-09-30T06:00,78.8,0.0,78.8,0.0,995.9
2019-09-30T07:00,50.7,0.0,50.7,0.0,782.2
2019-09-30T08:00,12.6,0.0,12.6,0.0,513.4
2019-09-30T09:00,9.7,0.0,9.7,0.0,207.6
2019-09-30T10:00,0.0,0.0,0.0,0.0,0.0
2019-09-30T11:00,0.0,0.0,0.0,0.0,0.0
2019-09-30T12:00,0.0,0.0,0.0,0.0,0.0
2019-09-30T13:00,0.0,0.0,0.0,0.0,0.0
2019-09-30T14:00,0.0,0.0,0.0,0.0,0.0
2019-09-30T15:00,0.0,0.0,0.0,0.0,0.0
2019-09-30T16:00,0.0,0.0,0.0,0.0,0.0
2019-09-30T17:00,0.0,0.0,0.0,0.0,0.0
2019-09-30T18:00,0.0,0.0,0.0,0.0,0.0
2019-09-30T19:00,0.0,0.0,0.0,0.0,0.0
2019-09-30T20:00,0.0,0.0,0.0,0.0,0.0
2019-09-30T21:00,0.0,0.0,0.0,0.0,0.0
2019-09-30T22:00,0.0,0.0,0.0,0.0,57.2
2019-09-30T23:00,48.2,3.4,44.8,18.1,372.8
2019-10-01T00:00,256.8,94.1,162.7,246.8,660.9
2019-10-01T01:00,221.5,110.2,111.3,191.2,901.9
2019-10-01T02:00,425.7,196.1,229.6,268.5,1079.4
2019-10-01T03:00,557.9,322.1,235.8,386.6,1181.1
2019-10-01T04:00,695.5,459.0,236.5,523.0,1200.3
2019-10-01T05:00,792.6,645.7,146.9,750.1,1135.5
2019-10-01T06:00,646.9,517.1,129.7,659.8,991.2
2019-10-01T07:00,498.1,386.2,111.9,592.7,777.1
2019-10-01T08:00,315.9,247.6,68.4,522.7,507.9
2019-10-01T09:00,108.6,73.5,35.1,281.0,202.0
2019-10-01T10:00,0.0,0.0,0.0,0.0,0.0
2019-10-01T11:00,0.0,0.0,0.0,0.0,0.0
2019-10-01T12:00,0.0,0.0,0.0,0.0,0.0
2019-10-01T13:00,0.0,0.0,0.0,0.0,0.0
2019-10-01T14:00,0.0,0.0,0.0,0.0,0.0
2019-10-01T15:00,0.0,0.0,0.0,0.0,0.0
2019-10-01T16:00,0.0,0.0,0.0,0.0,0.0
2019-10-01T17:00,0.0,0.0,0.0,0.0,0.0
2019-10-01T18:00,0.0,0.0,0.0,0.0,0.0
2019-10-01T19:00,0.0,0.0,0.0,0.0,0.0
2019-10-01T20:00,0.0,0.0,0.0,0.0,0.0
2019-10-01T21:00,0.0,0.0,0.0,0.0,0.0
2019-10-01T22:00,3.1,0.0,3.1,0.0,55.1
2019-10-01T23:00,166.1,95.2,70.9,499.4,370.6
2019-10-02T00:00,381.6,278.6,103.0,734.6,658.6
2019-10-02T01:00,594.5,483.2,111.3,841.8,899.3
2019-10-02T02:00,750.7,635.9,114.8,873.6,1076.4
2019-10-02T03:00,842.5,725.1,117.4,873.2,1177.8
2019-10-02T04:00,860.7,742.5,118.2,849.0,1196.5
2019-10-02T05:00,744.1,611.7,132.4,713.4,1131.2
2019-10-02T06:00,540.9,375.1,165.8,480.9,986.5
2019-10-02T07:00,455.7,337.8,117.8,521.6,772.0
2019-10-02T08:00,268.9,199.9,69.0,425.8,502.6
2019-10-02T09:00,89.4,53.1,36.3,206.1,196.4
2019-10-02T10:00,0.0,0.0,0.0,0.0,0.0
2019-10-02T11:00,0.0,0.0,0.0,0.0,0.0
2019-10-02T12:00,0.0,0.0,0.0,0.0,0.0
2019-10-02T13:00,0.0,0.0,0.0,0.0,0.0
2019-10-02T14:00,0.0,0.0,0.0,0.0,0.0
2019-10-02T15:00,0.0,0.0,0.0,0.0,0.0
2019-10-02T16:00,0.0,0.0,0.0,0.0,0.0
2019-10-02T17:00,0.0,0.0,0.0,0.0,0.0
2019-10-02T18:00,0.0,0.0,0.0,0.0,0.0
2019-10-02T19:00,0.0,0.0,0.0,0.0,0.0
2019-10-02T20:00,0.0,0.0,0.0,0.0,0.0
2019-10-02T21:00,0.0,0.0,0.0,0.0,0.0
2019-10-02T22:00,3.2,0.0,3.2,0.0,52.9
2019-10-02T23:00,100.8,36.5,64.3,191.4,368.4
2019-10-03T00:00,243.2,101.9,141.3,269.9,656.2
2019-10-03T01:00,485.6,320.3,165.3,560.2,896.7
2019-10-03T02:00,633.7,458.2,175.5,631.7,1073.4
2019-10-03T03:00,749.0,600.4,148.5,725.5,1174.4
2019-10-03T04:00,691.3,507.9,183.3,582.9,1192.6
2019-10-03T05:00,560.3,326.5,233.8,382.4,1126.9
2019-10-03T06:00,457.3,266.6,190.7,343.4,981.7
2019-10-03T07:00,380.2,245.9,134.3,382.0,767.0
2019-10-03T08:00,197.1,122.8,74.3,263.8,497.2
2019-10-03T09:00,73.9,42.5,31.4,167.6,190.9
2019-10-03T10:00,0.0,0.0,0.0,0.0,0.0
2019-10-03T11:00,0.0,0.0,0.0,0.0,0.0
2019-10-03T12:00,0.0,0.0,0.0,0.0,0.0
2019-10-03T13:00,0.0,0.0,0.0,0.0,0.0
2019-10-03T14:00,0.0,0.0,0.0,0.0,0.0
2019-10-03T15:00,0.0,0.0,0.0,0.0,0.0
2019-10-03T16:00,0.0,0.0,0.0,0.0,0.0
2019-10-03T17:00,0.0,0.0,0.0,0.0,0.0
2019-10-03T18:00,0.0,0.0,0.0,0.0,0.0
2019-10-03T19:00,0.0,0.0,0.0,0.0,0.0
2019-10-03T20:00,0.0,0.0,0.0,0.0,0.0
2019-10-03T21:00,0.0,0.0,0.0,0.0,0.0
2019-10-03T22:00,3.3,0.0,3.3,0.0,50.6
2019-10-03T23:00,160.6,92.5,68.1,485.0,366.1
2019-10-04T00:00,370.8,266.3,104.5,709.5,653.7
2019-10-04T01:00,574.2,457.0,117.1,802.4,894.0
2019-10-04T02:00,738.9,616.4,122.4,852.8,1070.4
2019-10-04T03:00,825.8,707.4,118.4,857.7,1170.9
2019-10-04T04:00,777.3,640.1,137.2,737.2,1188.7
2019-10-04T05:00,671.2,553.3,117.8,650.7,1122.6
2019-10-04T06:00,538.5,405.2,133.2,524.6,977.0
2019-10-04T07:00,427.7,329.3,98.4,514.7,761.9
2019-10-04T08:00,223.1,155.2,67.9,336.5,491.9
2019-10-04T09:00,81.6,50.1,31.6,200.8,185.4
2019-10-04T10:00,0.0,0.0,0.0,0.0,0.0
2019-10-04T11:00,0.0,0.0,0.0,0.0,0.0
2019-10-04T12:00,0.0,0.0,0.0,0.0,0.0
2019-10-04T13:00,0.0,0.0,0.0,0.0,0.0
2019-10-04T14:00,0.0,0.0,0.0,0.0,0.0
2019-10-04T15:00,0.0,0.0,0.0,0.0,0.0
2019-10-04T16:00,0.0,0.0,0.0,0.0,0.0
2019-10-04T17:00,0.0,0.0,0.0,0.0,0.0
2019-10-04T18:00,0.0,0.0,0.0,0.0,0.0
2019-10-04T19:00,0.0,0.0,0.0,0.0,0.0
2019-10-04T20:00,0.0,0.0,0.0,0.0,0.0
2019-10-04T21:00,0.0,0.0,0.0,0.0,0.0
2019-10-04T22:00,3.4,0.0,3.4,0.0,48.3
2019-10-04T23:00,166.6,96.4,70.1,505.3,363.7
2019-10-05T00:00,383.9,284.4,99.5,761.7,651.2
2019-10-05T01:00,590.4,477.8,112.6,842.3,891.2
2019-10-05T02:00,755.2,645.7,109.4,896.5,1067.3
2019-10-05T03:00,845.5,731.2,114.3,889.8,1167.4
2019-10-05T04:00,869.3,760.1,109.2,878.7,1184.8
2019-10-05T05:00,819.6,716.3,103.3,845.8,1118.3
2019-10-05T06:00,693.5,593.7,99.9,772.2,972.3
2019-10-05T07:00,521.3,436.0,85.3,685.6,756.9
2019-10-05T08:00,304.2,232.6,71.6,508.7,486.7
2019-10-05T09:00,91.2,56.4,34.9,229.8,180.0
2019-10-05T10:00,0.0,0.0,0.0,0.0,0.0
2019-10-05T11:00,0.0,0.0,0.0,0.0,0.0
2019-10-05T12:00,0.0,0.0,0.0,0.0,0.0
2019-10-05T13:00,0.0,0.0,0.0,0.0,0.0
2019-10-05T14:00,0.0,0.0,0.0,0.0,0.0
2019-10-05T15:00,0.0,0.0,0.0,0.0,0.0
2019-10-05T16:00,0.0,0.0,0.0,0.0,0.0
2019-10-05T17:00,0.0,0.0,0.0,0.0,0.0
2019-10-05T18:00,0.0,0.0,0.0,0.0,0.0
2019-10-05T19:00,0.0,0.0,0.0,0.0,0.0
2019-10-05T20:00,0.0,0.0,0.0,0.0,0.0
2019-10-05T21:00,0.0,0.0,0.0,0.0,0.0
2019-10-05T22:00,3.5,0.0,3.5,0.0,46.0
2019-10-05T23:00,135.7,67.0,68.7,350.6,361.4
2019-10-06T00:00,343.4,237.4,106.0,639.4,648.7
2019-10-06T01:00,518.2,351.6,166.6,622.3,888.4
2019-10-06T02:00,642.5,474.6,167.9,661.3,1064.1
2019-10-06T03:00,756.1,571.2,184.9,697.6,1163.9
2019-10-06T04:00,729.0,497.7,231.3,577.5,1180.9
2019-10-06T05:00,723.8,531.8,192.1,630.5,1114.0
2019-10-06T06:00,622.9,440.9,182.1,576.2,967.7
2019-10-06T07:00,506.8,408.6,98.2,646.5,751.9
2019-10-06T08:00,296.4,221.9,74.5,489.6,481.5
2019-10-06T09:00,85.7,53.4,32.3,221.5,174.7
2019-10-06T10:00,0.0,0.0,0.0,0.0,0.0
2019-10-06T11:00,0.0,0.0,0.0,0.0,0.0
2019-10-06T12:00,0.0,0.0,0.0,0.0,0.0
2019-10-06T13:00,0.0,0.0,0.0,0.0,0.0
2019-10-06T14:00,0.0,0.0,0.0,0.0,0.0
2019-10-06T15:00,0.0,0.0,0.0,0.0,0.0
2019-10-06T16:00,0.0,0.0,0.0,0.0,0.0
2019-10-06T17:00,0.0,0.0,0.0,0.0,0.0
2019-10-06T18:00,0.0,0.0,0.0,0.0,0.0
2019-10-06T19:00,0.0,0.0,0.0,0.0,0.0
2019-10-06T20:00,0.0,0.0,0.0,0.0,0.0
2019-10-06T21:00,0.0,0.0,0.0,0.0,0.0
2019-10-06T22:00,3.7,0.0,3.7,0.0,43.7
2019-10-06T23:00,143.4,74.4,69.1,389.1,358.9
2019-10-07T00:00,346.3,230.0,116.3,622.8,646.0
2019-10-07T01:00,547.1,405.7,141.4,721.0,885.5
2019-10-07T02:00,721.7,596.0,125.7,833.5,1060.9
2019-10-07T03:00,822.5,697.9,124.6,855.3,1160.3
2019-10-07T04:00,850.0,733.8,116.1,854.8,1176.9
2019-10-07T05:00,790.2,671.5,118.7,799.5,1109.6
2019-10-07T06:00,635.5,472.9,162.6,621.2,963.0
2019-10-07T07:00,494.1,399.5,94.7,636.0,746.9
2019-10-07T08:00,290.3,215.9,74.3,480.6,476.3
2019-10-07T09:00,85.5,52.7,32.8,222.0,169.4
2019-10-07T10:00,0.0,0.0,0.0,0.0,0.0
2019-10-07T11:00,0.0,0.0,0.0,0.0,0.0
2019-10-07T12:00,0.0,0.0,0.0,0.0,0.0
2019-10-07T13:00,0.0,0.0,0.0,0.0,0.0
2019-10-07T14:00,0.0,0.0,0.0,0.0,0.0
2019-10-07T15:00,0.0,0.0,0.0,0.0,0.0
2019-10-07T16:00,0.0,0.0,0.0,0.0,0.0
2019-10-07T17:00,0.0,0.0,0.0,0.0,0.0
2019-10-07T18:00,0.0,0.0,0.0,0.0,0.0
2019-10-07T19:00,0.0,0.0,0.0,0.0,0.0
2019-10-07T20:00,0.0,0.0,0.0,0.0,0.0
2019-10-07T21:00,0.0,0.0,0.0,0.0,0.0
2019-10-07T22:00,3.9,0.0,3.9,0.0,41.3
2019-10-07T23:00,144.1,69.4,74.7,362.9,356.4
2019-10-08T00:00,317.2,190.6,126.6,518.9,643.4
2019-10-08T01:00,438.0,259.8,178.2,463.7,882.5
2019-10-08T02:00,534.3,286.1,248.2,401.6,1057.6
2019-10-08T03:00,819.4,684.4,135.0,841.8,1156.6
2019-10-08T04:00,761.8,552.5,209.2,646.1,1172.9
2019-10-08T05:00,641.4,417.6,223.8,499.4,1105.2
2019-10-08T06:00,642.6,485.6,157.0,641.1,958.2
2019-10-08T07:00,462.4,321.9,140.5,515.7,741.9
2019-10-08T08:00,264.8,186.8,78.0,419.5,471.0
2019-10-08T09:00,83.7,52.4,31.3,224.5,164.1
2019-10-08T10:00,0.0,0.0,0.0,0.0,0.0
2019-10-08T11:00,0.0,0.0,0.0,0.0,0.0
2019-10-08T12:00,0.0,0.0,0.0,0.0,0.0
2019-10-08T13:00,0.0,0.0,0.0,0.0,0.0
2019-10-08T14:00,0.0,0.0,0.0,0.0,0.0
2019-10-08T15:00,0.0,0.0,0.0,0.0,0.0
2019-10-08T16:00,0.0,0.0,0.0,0.0,0.0
2019-10-08T17:00,0.0,0.0,0.0,0.0,0.0
2019-10-08T18:00,0.0,0.0,0.0,0.0,0.0
2019-10-08T19:00,0.0,0.0,0.0,0.0,0.0
2019-10-08T20:00,0.0,0.0,0.0,0.0,0.0
2019-10-08T21:00,0.0,0.0,0.0,0.0,0.0
2019-10-08T22:00,0.0,0.0,0.0,0.0,38.9
2019-10-08T23:00,114.5,50.1,64.4,261.7,353.9
2019-10-09T00:00,263.7,135.7,128.0,371.7,640.7
2019-10-09T01:00,463.5,326.6,136.9,585.4,879.5
2019-10-09T02:00,513.7,331.6,182.1,467.3,1054.3
2019-10-09T03:00,607.5,378.0,229.5,466.7,1152.9
2019-10-09T04:00,645.5,445.4,200.2,522.8,1168.8
2019-10-09T05:00,550.6,378.0,172.6,453.9,1100.7
2019-10-09T06:00,532.4,358.0,174.4,475.0,953.4
2019-10-09T07:00,455.8,338.9,117.0,546.4,736.8
2019-10-09T08:00,252.5,162.4,90.1,368.1,465.8
2019-10-09T09:00,72.7,42.4,30.3,185.0,158.8
2019-10-09T10:00,0.0,0.0,0.0,0.0,0.0
2019-10-09T11:00,0.0,0.0,0.0,0.0,0.0
2019-10-09T12:00,0.0,0.0,0.0,0.0,0.0
2019-10-09T13:00,0.0,0.0,0.0,0.0,0.0
2019-10-09T14:00,0.0,0.0,0.0,0.0,0.0
2019-10-09T15:00,0.0,0.0,0.0,0.0,0.0
2019-10-09T16:00,0.0,0.0,0.0,0.0,0.0
2019-10-09T17:00,0.0,0.0,0.0,0.0,0.0
2019-10-09T18:00,0.0,0.0,0.0,0.0,0.0
2019-10-09T19:00,0.0,0.0,0.0,0.0,0.0
2019-10-09T20:00,0.0,0.0,0.0,0.0,0.0
2019-10-09T21:00,0.0,0.0,0.0,0.0,0.0
2019-10-09T22:00,0.0,0.0,0.0,0.0,36.5
2019-10-09T23:00,125.9,48.6,77.3,253.4,351.4
2019-10-10T00:00,329.3,217.8,111.5,600.2,637.9
2019-10-10T01:00,543.0,405.0,138.1,729.0,876.5
2019-10-10T02:00,683.9,525.7,158.2,743.7,1050.8
2019-10-10T03:00,793.3,632.4,161.0,783.8,1149.1
2019-10-10T04:00,838.6,717.5,121.1,845.6,1164.6
2019-10-10T05:00,787.5,674.8,112.8,813.9,1096.2
2019-10-10T06:00,667.7,565.3,102.4,754.0,948.5
2019-10-10T07:00,493.5,406.0,87.4,658.9,731.7
2019-10-10T08:00,285.6,221.1,64.5,505.7,460.5
2019-10-10T09:00,78.4,51.1,27.3,227.0,153.4
2019-10-10T10:00,0.0,0.0,0.0,0.0,0.0
2019-10-10T11:00,0.0,0.0,0.0,0.0,0.0
2019-10-10T12:00,0.0,0.0,0.0,0.0,0.0
2019-10-10T13:00,0.0,0.0,0.0,0.0,0.0
2019-10-10T14:00,0.0,0.0,0.0,0.0,0.0
2019-10-10T15:00,0.0,0.0,0.0,0.0,0.0
2019-10-10T16:00,0.0,0.0,0.0,0.0,0.0
2019-10-10T17:00,0.0,0.0,0.0,0.0,0.0
2019-10-10T18:00,0.0,0.0,0.0,0.0,0.0
2019-10-10T19:00,0.0,0.0,0.0,0.0,0.0
2019-10-10T20:00,0.0,0.0,0.0,0.0,0.0
2019-10-10T21:00,0.0,0.0,0.0,0.0,0.0
2019-10-10T22:00,0.0,0.0,0.0,0.0,34.0
2019-10-10T23:00,157.3,90.4,66.9,471.4,348.8
2019-10-11T00:00,374.6,275.8,98.8,764.4,635.1
2019-10-11T01:00,576.6,463.8,112.8,838.7,873.3
2019-10-11T02:00,724.1,597.3,126.8,848.3,1047.4
2019-10-11T03:00,812.0,678.1,133.9,843.7,1145.3
2019-10-11T04:00,837.4,717.4,120.1,848.9,1160.4
2019-10-11T05:00,784.4,670.7,113.7,812.6,1091.6
2019-10-11T06:00,662.7,559.5,103.2,750.0,943.7
2019-10-11T07:00,490.3,403.0,87.3,658.3,726.6
2019-10-11T08:00,282.5,218.2,64.3,503.6,455.3
2019-10-11T09:00,75.6,48.8,26.8,220.4,148.1
2019-10-11T10:00,0.0,0.0,0.0,0.0,0.0
2019-10-11T11:00,0.0,0.0,0.0,0.0,0.0
2019-10-11T12:00,0.0,0.0,0.0,0.0,0.0
2019-10-11T13:00,0.0,0.0,0.0,0.0,0.0
2019-10-11T14:00,0.0,0.0,0.0,0.0,0.0
2019-10-11T15:00,0.0,0.0,0.0,0.0,0.0
2019-10-11T16:00,0.0,0.0,0.0,0.0,0.0
2019-10-11T17:00,0.0,0.0,0.0,0.0,0.0
2019-10-11T18:00,0.0,0.0,0.0,0.0,0.0
2019-10-11T19:00,0.0,0.0,0.0,0.0,0.0
2019-10-11T20:00,0.0,0.0,0.0,0.0,0.0
2019-10-11T21:00,0.0,0.0,0.0,0.0,0.0
2019-10-11T22:00,0.0,0.0,0.0,0.0,31.6
2019-10-11T23:00,151.0,83.7,67.3,435.7,346.2
2019-10-12T00:00,363.4,260.7,102.7,726.9,632.2
2019-10-12T01:00,561.8,440.9,120.9,801.0,870.2
2019-10-12T02:00,696.0,551.8,144.2,786.9,1043.8
2019-10-12T03:00,722.7,524.4,198.3,655.0,1141.4
2019-10-12T04:00,685.2,431.2,254.1,512.3,1156.1
2019-10-12T05:00,614.6,356.4,258.2,433.8,1087.0
2019-10-12T06:00,458.8,211.0,247.8,284.3,938.8
2019-10-12T07:00,419.8,283.3,136.5,465.9,721.5
2019-10-12T08:00,220.6,130.6,90.1,304.2,450.0
2019-10-12T09:00,57.4,27.8,29.7,127.7,142.9
2019-10-12T10:00,0.0,0.0,0.0,0.0,0.0
2019-10-12T11:00,0.0,0.0,0.0,0.0,0.0
2019-10-12T12:00,0.0,0.0,0.0,0.0,0.0
2019-10-12T13:00,0.0,0.0,0.0,0.0,0.0
2019-10-12T14:00,0.0,0.0,0.0,0.0,0.0
2019-10-12T15:00,0.0,0.0,0.0,0.0,0.0
2019-10-12T16:00,0.0,0.0,0.0,0.0,0.0
2019-10-12T17:00,0.0,0.0,0.0,0.0,0.0
2019-10-12T18:00,0.0,0.0,0.0,0.0,0.0
2019-10-12T19:00,0.0,0.0,0.0,0.0,0.0
2019-10-12T20:00,0.0,0.0,0.0,0.0,0.0
2019-10-12T21:00,0.0,0.0,0.0,0.0,0.0
2019-10-12T22:00,0.0,0.0,0.0,0.0,29.1
2019-10-12T23:00,120.8,53.1,67.7,275.9,343.5
2019-10-13T00:00,303.3,192.8,110.5,541.1,629.3
2019-10-13T01:00,439.9,275.2,164.7,502.3,866.9
2019-10-13T02:00,507.4,314.4,193.0,450.2,1040.3
2019-10-13T03:00,617.8,415.3,202.5,520.9,1137.4
2019-10-13T04:00,756.2,563.1,193.0,671.9,1151.8
2019-10-13T05:00,561.5,313.0,248.5,382.7,1082.3
2019-10-13T06:00,519.3,332.4,186.9,450.3,933.8
2019-10-13T07:00,415.1,274.4,140.7,454.2,716.4
2019-10-13T08:00,206.3,101.3,105.1,238.1,444.8
2019-10-13T09:00,57.3,28.6,28.6,134.2,137.6
2019-10-13T10:00,0.0,0.0,0.0,0.0,0.0
2019-10-13T11:00,0.0,0.0,0.0,0.0,0.0
2019-10-13T12:00,0.0,0.0,0.0,0.0,0.0
2019-10-13T13:00,0.0,0.0,0.0,0.0,0.0
2019-10-13T14:00,0.0,0.0,0.0,0.0,0.0
2019-10-13T15:00,0.0,0.0,0.0,0.0,0.0
2019-10-13T16:00,0.0,0.0,0.0,0.0,0.0
2019-10-13T17:00,0.0,0.0,0.0,0.0,0.0
2019-10-13T18:00,0.0,0.0,0.0,0.0,0.0
2019-10-13T19:00,0.0,0.0,0.0,0.0,0.0
2019-10-13T20:00,0.0,0.0,0.0,0.0,0.0
2019-10-13T21:00,0.0,0.0,0.0,0.0,0.0
2019-10-13T22:00,0.0,0.0,0.0,0.0,26.5
2019-10-13T23:00,110.5,53.4,57.1,277.3,340.8
2019-10-14T00:00,239.3,99.1,140.3,279.8,626.3
2019-10-14T01:00,475.8,304.1,171.7,557.7,863.7
2019-10-14T02:00,580.1,347.0,233.1,498.9,1036.6
2019-10-14T03:00,719.5,533.7,185.8,672.0,1133.4
2019-10-14T04:00,791.0,643.0,148.0,770.5,1147.4
2019-10-14T05:00,639.3,426.5,212.8,523.9,1077.7
2019-10-14T06:00,520.9,319.3,201.5,434.9,928.9
2019-10-14T07:00,330.1,193.1,137.1,321.7,711.3
2019-10-14T08:00,190.5,101.7,88.8,241.5,439.6
2019-10-14T09:00,40.9,12.9,28.0,61.4,132.4
2019-10-14T10:00,0.0,0.0,0.0,0.0,0.0
2019-10-14T11:00,0.0,0.0,0.0,0.0,0.0
2019-10-14T12:00,0.0,0.0,0.0,0.0,0.0
2019-10-14T13:00,0.0,0.0,0.0,0.0,0.0
2019-10-14T14:00,0.0,0.0,0.0,0.0,0.0
2019-10-14T15:00,0.0,0.0,0.0,0.0,0.0
2019-10-14T16:00,0.0,0.0,0.0,0.0,0.0
2019-10-14T17:00,0.0,0.0,0.0,0.0,0.0
2019-10-14T18:00,0.0,0.0,0.0,0.0,0.0
2019-10-14T19:00,0.0,0.0,0.0,0.0,0.0
2019-10-14T20:00,0.0,0.0,0.0,0.0,0.0
2019-10-14T21:00,0.0,0.0,0.0,0.0,0.0
2019-10-14T22:00,0.0,0.0,0.0,0.0,24.0
2019-10-14T23:00,72.2,18.5,53.7,96.1,338.0
2019-10-15T00:00,265.4,154.6,110.8,439.4,623.3
2019-10-15T01:00,501.3,346.9,154.4,639.2,860.3
2019-10-15T02:00,503.2,278.7,224.5,402.5,1032.9
2019-10-15T03:00,393.5,143.3,250.2,181.2,1129.4
2019-10-15T04:00,289.0,11.0,278.0,13.2,1143.0
2019-10-15T05:00,201.2,0.0,201.2,0.0,1073.0
2019-10-15T06:00,241.9,42.3,199.6,57.9,924.0
2019-10-15T07:00,163.6,31.0,132.6,52.0,706.2
2019-10-15T08:00,140.8,47.7,93.1,114.3,434.4
2019-10-15T09:00,24.7,1.8,22.9,8.8,127.2
2019-10-15T10:00,0.0,0.0,0.0,0.0,0.0
2019-10-15T11:00,0.0,0.0,0.0,0.0,0.0
2019-10-15T12:00,0.0,0.0,0.0,0.0,0.0
2019-10-15T13:00,0.0,0.0,0.0,0.0,0.0
2019-10-15T14:00,0.0,0.0,0.0,0.0,0.0
2019-10-15T15:00,0.0,0.0,0.0,0.0,0.0
2019-10-15T16:00,0.0,0.0,0.0,0.0,0.0
2019-10-15T17:00,0.0,0.0,0.0,0.0,0.0
2019-10-15T18:00,0.0,0.0,0.0,0.0,0.0
2019-10-15T19:00,0.0,0.0,0.0,0.0,0.0
2019-10-15T20:00,0.0,0.0,0.0,0.0,0.0
2019-10-15T21:00,0.0,0.0,0.0,0.0,0.0
2019-10-15T22:00,0.0,0.0,0.0,0.0,21.4
2019-10-15T23:00,85.8,24.2,61.5,125.5,335.2
2019-10-16T00:00,219.2,85.1,134.1,243.6,620.2
2019-10-16T01:00,389.7,207.5,182.2,384.2,857.0
2019-10-16T02:00,419.7,149.7,270.1,217.1,1029.2
2019-10-16T03:00,323.9,33.2,290.7,42.2,1125.3
2019-10-16T04:00,444.9,130.0,314.9,157.1,1138.6
2019-10-16T05:00,357.9,68.3,289.6,84.7,1068.3
2019-10-16T06:00,291.4,34.9,256.5,48.1,919.0
2019-10-16T07:00,174.6,20.6,154.0,34.9,701.1
2019-10-16T08:00,147.9,56.6,91.3,137.0,429.3
2019-10-16T09:00,25.9,4.8,21.1,24.0,122.1
2019-10-16T10:00,0.0,0.0,0.0,0.0,0.0
2019-10-16T11:00,0.0,0.0,0.0,0.0,0.0
2019-10-16T12:00,0.0,0.0,0.0,0.0,0.0
2019-10-16T13:00,0.0,0.0,0.0,0.0,0.0
2019-10-16T14:00,0.0,0.0,0.0,0.0,0.0
2019-10-16T15:00,0.0,0.0,0.0,0.0,0.0
2019-10-16T16:00,0.0,0.0,0.0,0.0,0.0
2019-10-16T17:00,0.0,0.0,0.0,0.0,0.0
2019-10-16T18:00,0.0,0.0,0.0,0.0,0.0
2019-10-16T19:00,0.0,0.0,0.0,0.0,0.0
2019-10-16T20:00,0.0,0.0,0.0,0.0,0.0
2019-10-16T21:00,0.0,0.0,0.0,0.0,0.0
2019-10-16T22:00,0.0,0.0,0.0,0.0,18.7
2019-10-16T23:00,69.5,7.5,62.0,38.8,332.4
2019-10-17T00:00,222.1,111.0,111.0,319.9,617.1
2019-10-17T01:00,341.4,133.8,207.6,249.0,853.5
2019-10-17T02:00,543.4,349.3,194.2,508.8,1025.4
2019-10-17T03:00,667.6,422.5,245.0,538.8,1121.2
2019-10-17T04:00,660.7,404.8,255.9,491.4,1134.2
2019-10-17T05:00,505.0,226.1,279.0,281.6,1063.5
2019-10-17T06:00,524.6,354.6,170.0,490.9,914.1
2019-10-17T07:00,238.0,69.6,168.4,118.3,696.0
2019-10-17T08:00,194.9,119.6,75.2,292.3,424.2
2019-10-17T09:00,49.4,26.2,23.2,132.3,117.1
2019-10-17T10:00,0.0,0.0,0.0,0.0,0.0
2019-10-17T11:00,0.0,0.0,0.0,0.0,0.0
2019-10-17T12:00,0.0,0.0,0.0,0.0,0.0
2019-10-17T13:00,0.0,0.0,0.0,0.0,0.0
2019-10-17T14:00,0.0,0.0,0.0,0.0,0.0
2019-10-17T15:00,0.0,0.0,0.0,0.0,0.0
2019-10-17T16:00,0.0,0.0,0.0,0.0,0.0
2019-10-17T17:00,0.0,0.0,0.0,0.0,0.0
2019-10-17T18:00,0.0,0.0,0.0,0.0,0.0
2019-10-17T19:00,0.0,0.0,0.0,0.0,0.0
2019-10-17T20:00,0.0,0.0,0.0,0.0,0.0
2019-10-17T21:00,0.0,0.0,0.0,0.0,0.0
2019-10-17T22:00,0.0,0.0,0.0,0.0,16.1
2019-10-17T23:00,87.0,28.4,58.6,146.3,329.5
2019-10-18T00:00,177.1,49.1,128.0,142.5,614.0
2019-10-18T01:00,380.8,229.6,151.2,429.4,850.0
2019-10-18T02:00,417.7,235.4,182.3,344.4,1021.6
2019-10-18T03:00,500.4,277.2,223.2,355.0,1117.0
2019-10-18T04:00,522.7,229.9,292.8,280.2,1129.7
2019-10-18T05:00,603.9,403.9,200.0,505.5,1058.8
2019-10-18T06:00,520.7,342.5,178.1,476.7,909.2
2019-10-18T07:00,284.9,133.9,151.0,229.1,691.0
2019-10-18T08:00,153.0,68.3,84.8,168.4,419.1
2019-10-18T09:00,49.4,26.8,22.6,138.1,112.1
2019-10-18T10:00,0.0,0.0,0.0,0.0,0.0
2019-10-18T11:00,0.0,0.0,0.0,0.0,0.0
2019-10-18T12:00,0.0,0.0,0.0,0.0,0.0
2019-10-18T13:00,0.0,0.0,0.0,0.0,0.0
2019-10-18T14:00,0.0,0.0,0.0,0.0,0.0
2019-10-18T15:00,0.0,0.0,0.0,0.0,0.0
2019-10-18T16:00,0.0,0.0,0.0,0.0,0.0
2019-10-18T17:00,0.0,0.0,0.0,0.0,0.0
2019-10-18T18:00,0.0,0.0,0.0,0.0,0.0
2019-10-18T19:00,0.0,0.0,0.0,0.0,0.0
2019-10-18T20:00,0.0,0.0,0.0,0.0,0.0
2019-10-18T21:00,0.0,0.0,0.0,0.0,0.0
2019-10-18T22:00,0.0,0.0,0.0,0.0,13.4
2019-10-18T23:00,30.5,0.0,30.5,0.0,326.6
2019-10-19T00:00,90.6,2.6,88.0,7.6,610.8
2019-10-19T01:00,102.7,0.0,102.7,0.0,846.5
2019-10-19T02:00,201.8,33.6,168.2,49.4,1017.8
2019-10-19T03:00,291.7,26.0,265.8,33.4,1112.8
2019-10-19T04:00,369.8,117.9,251.8,144.4,1125.2
2019-10-19T05:00,268.2,30.8,237.5,38.7,1054.1
2019-10-19T06:00,179.0,33.0,145.9,46.2,904.3
2019-10-19T07:00,180.9,66.9,114.0,115.2,686.0
2019-10-19T08:00,103.2,18.7,84.5,46.6,414.2
2019-10-19T09:00,19.2,3.7,15.5,19.3,107.2
2019-10-19T10:00,0.0,0.0,0.0,0.0,0.0
2019-10-19T11:00,0.0,0.0,0.0,0.0,0.0
2019-10-19T12:00,0.0,0.0,0.0,0.0,0.0
2019-10-19T13:00,0.0,0.0,0.0,0.0,0.0
2019-10-19T14:00,0.0,0.0,0.0,0.0,0.0
2019-10-19T15:00,0.0,0.0,0.0,0.0,0.0
2019-10-19T16:00,0.0,0.0,0.0,0.0,0.0
2019-10-19T17:00,0.0,0.0,0.0,0.0,0.0
2019-10-19T18:00,0.0,0.0,0.0,0.0,0.0
2019-10-19T19:00,0.0,0.0,0.0,0.0,0.0
2019-10-19T20:00,0.0,0.0,0.0,0.0,0.0
2019-10-19T21:00,0.0,0.0,0.0,0.0,0.0
2019-10-19T22:00,0.0,0.0,0.0,0.0,10.7
2019-10-19T23:00,72.9,30.7,42.2,157.6,323.6
2019-10-20T00:00,155.5,44.1,111.5,129.6,607.5
2019-10-20T01:00,356.8,155.9,200.9,294.6,842.9
2019-10-20T02:00,438.4,219.2,219.2,323.6,1013.9
2019-10-20T03:00,507.7,259.5,248.1,335.3,1108.6
2019-10-20T04:00,575.6,269.8,305.8,331.8,1120.7
2019-10-20T05:00,282.6,32.7,249.9,41.3,1049.4
2019-10-20T06:00,274.3,30.3,244.0,42.6,899.5
2019-10-20T07:00,131.9,0.0,131.9,0.0,681.1
2019-10-20T08:00,82.0,6.7,75.3,16.9,409.3
2019-10-20T09:00,33.0,10.7,22.2,57.4,102.4
2019-10-20T10:00,0.0,0.0,0.0,0.0,0.0
2019-10-20T11:00,0.0,0.0,0.0,0.0,0.0
2019-10-20T12:00,0.0,0.0,0.0,0.0,0.0
2019-10-20T13:00,0.0,0.0,0.0,0.0,0.0
2019-10-20T14:00,0.0,0.0,0.0,0.0,0.0
2019-10-20T15:00,0.0,0.0,0.0,0.0,0.0
2019-10-20T16:00,0.0,0.0,0.0,0.0,0.0
2019-10-20T17:00,0.0,0.0,0.0,0.0,0.0
2019-10-20T18:00,0.0,0.0,0.0,0.0,0.0
2019-10-20T19:00,0.0,0.0,0.0,0.0,0.0
2019-10-20T20:00,0.0,0.0,0.0,0.0,0.0
2019-10-20T21:00,0.0,0.0,0.0,0.0,0.0
2019-10-20T22:00,0.0,0.0,0.0,0.0,7.9
2019-10-20T23:00,60.0,23.2,36.8,118.9,320.6
2019-10-21T00:00,151.8,28.5,123.3,84.6,604.2
2019-10-21T01:00,414.8,209.1,205.7,397.3,839.3
2019-10-21T02:00,415.7,137.8,277.9,204.5,1009.9
2019-10-21T03:00,504.6,265.8,238.8,344.8,1104.4
2019-10-21T04:00,529.5,321.7,207.8,397.4,1116.3
2019-10-21T05:00,555.4,352.7,202.8,447.7,1044.7
2019-10-21T06:00,390.6,241.1,149.4,341.1,894.7
2019-10-21T07:00,264.3,116.3,148.0,203.2,676.3
2019-10-21T08:00,138.3,53.5,84.8,135.8,404.4
2019-10-21T09:00,29.0,9.3,19.7,50.0,97.7
2019-10-21T10:00,0.0,0.0,0.0,0.0,0.0
2019-10-21T11:00,0.0,0.0,0.0,0.0,0.0
2019-10-21T12:00,0.0,0.0,0.0,0.0,0.0
2019-10-21T13:00,0.0,0.0,0.0,0.0,0.0
2019-10-21T14:00,0.0,0.0,0.0,0.0,0.0
2019-10-21T15:00,0.0,0.0,0.0,0.0,0.0
2019-10-21T16:00,0.0,0.0,0.0,0.0,0.0
2019-10-21T17:00,0.0,0.0,0.0,0.0,0.0
2019-10-21T18:00,0.0,0.0,0.0,0.0,0.0
2019-10-21T19:00,0.0,0.0,0.0,0.0,0.0
2019-10-21T20:00,0.0,0.0,0.0,0.0,0.0
2019-10-21T21:00,0.0,0.0,0.0,0.0,0.0
2019-10-21T22:00,0.0,0.0,0.0,0.0,5.1
2019-10-21T23:00,76.1,17.6,58.5,89.6,317.6
2019-10-22T00:00,285.9,150.7,135.1,450.1,600.9
2019-10-22T01:00,470.4,309.8,160.7,591.7,835.7
2019-10-22T02:00,654.6,484.2,170.4,721.5,1006.0
2019-10-22T03:00,708.1,510.8,197.3,665.6,1100.2
2019-10-22T04:00,665.3,393.6,271.7,488.4,1111.8
2019-10-22T05:00,718.6,579.3,139.3,738.9,1040.1
2019-10-22T06:00,590.2,470.1,120.0,668.6,889.9
2019-10-22T07:00,398.2,283.7,114.5,498.7,671.5
2019-10-22T08:00,213.5,138.6,74.9,355.0,399.7
2019-10-22T09:00,41.6,23.6,18.0,127.6,93.1
2019-10-22T10:00,0.0,0.0,0.0,0.0,0.0
2019-10-22T11:00,0.0,0.0,0.0,0.0,0.0
2019-10-22T12:00,0.0,0.0,0.0,0.0,0.0
2019-10-22T13:00,0.0,0.0,0.0,0.0,0.0
2019-10-22T14:00,0.0,0.0,0.0,0.0,0.0
2019-10-22T15:00,0.0,0.0,0.0,0.0,0.0
2019-10-22T16:00,0.0,0.0,0.0,0.0,0.0
2019-10-22T17:00,0.0,0.0,0.0,0.0,0.0
2019-10-22T18:00,0.0,0.0,0.0,0.0,0.0
2019-10-22T19:00,0.0,0.0,0.0,0.0,0.0
2019-10-22T20:00,0.0,0.0,0.0,0.0,0.0
2019-10-22T21:00,0.0,0.0,0.0,0.0,0.0
2019-10-22T22:00,0.0,0.0,0.0,0.0,2.2
2019-10-22T23:00,104.3,53.1,51.1,270.3,314.5
2019-10-23T00:00,257.6,152.2,105.4,458.0,597.5
2019-10-23T01:00,454.5,325.0,129.5,624.1,832.0
2019-10-23T02:00,465.8,286.6,179.2,429.1,1002.0
2019-10-23T03:00,465.1,242.9,222.2,318.0,1095.9
2019-10-23T04:00,574.4,342.6,231.7,427.1,1107.3
2019-10-23T05:00,476.4,290.0,186.3,371.7,1035.5
2019-10-23T06:00,367.3,109.9,257.4,157.2,885.2
2019-10-23T07:00,245.0,86.2,158.8,152.6,666.8
2019-10-23T08:00,109.4,34.7,74.6,89.8,395.1
2019-10-23T09:00,19.3,5.1,14.2,27.5,88.6
2019-10-23T10:00,0.0,0.0,0.0,0.0,0.0
2019-10-23T11:00,0.0,0.0,0.0,0.0,0.0
2019-10-23T12:00,0.0,0.0,0.0,0.0,0.0
2019-10-23T13:00,0.0,0.0,0.0,0.0,0.0
2019-10-23T14:00,0.0,0.0,0.0,0.0,0.0
2019-10-23T15:00,0.0,0.0,0.0,0.0,0.0
2019-10-23T16:00,0.0,0.0,0.0,0.0,0.0
2019-10-23T17:00,0.0,0.0,0.0,0.0,0.0
2019-10-23T18:00,0.0,0.0,0.0,0.0,0.0
2019-10-23T19:00,0.0,0.0,0.0,0.0,0.0
2019-10-23T20:00,0.0,0.0,0.0,0.0,0.0
2019-10-23T21:00,0.0,0.0,0.0,0.0,0.0
2019-10-23T22:00,0.0,0.0,0.0,0.0,0.0
2019-10-23T23:00,103.2,45.7,57.6,231.6,311.3
2019-10-24T00:00,165.5,28.7,136.8,86.9,594.1
2019-10-24T01:00,352.9,179.3,173.6,346.3,828.3
2019-10-24T02:00,383.4,109.7,273.7,165.0,998.0
2019-10-24T03:00,366.5,41.5,325.0,54.6,1091.7
2019-10-24T04:00,755.1,585.3,169.8,732.8,1102.9
2019-10-24T05:00,663.5,473.4,190.1,609.6,1030.9
2019-10-24T06:00,532.8,340.6,192.3,489.6,880.6
2019-10-24T07:00,322.4,174.8,147.5,311.4,662.2
2019-10-24T08:00,185.0,112.0,73.0,292.2,390.5
2019-10-24T09:00,26.4,10.6,15.8,57.1,84.2
2019-10-24T10:00,0.0,0.0,0.0,0.0,0.0
2019-10-24T11:00,0.0,0.0,0.0,0.0,0.0
2019-10-24T12:00,0.0,0.0,0.0,0.0,0.0
2019-10-24T13:00,0.0,0.0,0.0,0.0,0.0
2019-10-24T14:00,0.0,0.0,0.0,0.0,0.0
2019-10-24T15:00,0.0,0.0,0.0,0.0,0.0
2019-10-24T16:00,0.0,0.0,0.0,0.0,0.0
2019-10-24T17:00,0.0,0.0,0.0,0.0,0.0
2019-10-24T18:00,0.0,0.0,0.0,0.0,0.0
2019-10-24T19:00,0.0,0.0,0.0,0.0,0.0
2019-10-24T20:00,0.0,0.0,0.0,0.0,0.0
2019-10-24T21:00,0.0,0.0,0.0,0.0,0.0
2019-10-24T22:00,0.0,0.0,0.0,0.0,0.0
2019-10-24T23:00,132.2,72.1,60.1,364.5,308.2
2019-10-25T00:00,328.8,228.4,100.5,697.9,590.6
2019-10-25T01:00,516.3,394.8,121.6,766.6,824.6
2019-10-25T02:00,626.7,482.3,144.5,728.9,994.0
2019-10-25T03:00,706.0,532.7,173.4,703.5,1087.5
2019-10-25T04:00,725.1,547.3,177.8,688.3,1098.5
2019-10-25T05:00,621.1,398.4,222.7,515.4,1026.4
2019-10-25T06:00,544.5,404.5,140.0,584.5,876.0
2019-10-25T07:00,426.0,333.1,92.9,597.1,657.6
2019-10-25T08:00,225.6,166.8,58.8,439.1,386.1
2019-10-25T09:00,37.1,21.8,15.3,117.9,80.0
2019-10-25T10:00,0.0,0.0,0.0,0.0,0.0
2019-10-25T11:00,0.0,0.0,0.0,0.0,0.0
2019-10-25T12:00,0.0,0.0,0.0,0.0,0.0
2019-10-25T13:00,0.0,0.0,0.0,0.0,0.0
2019-10-25T14:00,0.0,0.0,0.0,0.0,0.0
2019-10-25T15:00,0.0,0.0,0.0,0.0,0.0
2019-10-25T16:00,0.0,0.0,0.0,0.0,0.0
2019-10-25T17:00,0.0,0.0,0.0,0.0,0.0
2019-10-25T18:00,0.0,0.0,0.0,0.0,0.0
2019-10-25T19:00,0.0,0.0,0.0,0.0,0.0
2019-10-25T20:00,0.0,0.0,0.0,0.0,0.0
2019-10-25T21:00,0.0,0.0,0.0,0.0,0.0
2019-10-25T22:00,0.0,0.0,0.0,0.0,0.0
2019-10-25T23:00,103.2,42.5,60.7,213.9,304.9
2019-10-26T00:00,256.2,141.1,115.0,434.8,587.1
2019-10-26T01:00,426.2,271.0,155.2,529.3,820.8
2019-10-26T02:00,470.4,254.2,216.2,386.1,990.0
2019-10-26T03:00,439.2,157.8,281.4,209.4,1083.2
2019-10-26T04:00,493.3,159.8,333.6,201.9,1094.1
2019-10-26T05:00,313.9,22.1,291.8,28.7,1021.9
2019-10-26T06:00,261.6,28.4,233.3,41.2,871.5
2019-10-26T07:00,173.6,6.0,167.7,10.7,653.2
2019-10-26T08:00,112.8,22.0,90.9,58.4,381.8
2019-10-26T09:00,19.4,5.9,13.5,32.0,75.9
2019-10-26T10:00,0.0,0.0,0.0,0.0,0.0
2019-10-26T11:00,0.0,0.0,0.0,0.0,0.0
2019-10-26T12:00,0.0,0.0,0.0,0.0,0.0
2019-10-26T13:00,0.0,0.0,0.0,0.0,0.0
2019-10-26T14:00,0.0,0.0,0.0,0.0,0.0
2019-10-26T15:00,0.0,0.0,0.0,0.0,0.0
2019-10-26T16:00,0.0,0.0,0.0,0.0,0.0
2019-10-26T17:00,0.0,0.0,0.0,0.0,0.0
2019-10-26T18:00,0.0,0.0,0.0,0.0,0.0
2019-10-26T19:00,0.0,0.0,0.0,0.0,0.0
2019-10-26T20:00,0.0,0.0,0.0,0.0,0.0
2019-10-26T21:00,0.0,0.0,0.0,0.0,0.0
2019-10-26T22:00,0.0,0.0,0.0,0.0,0.0
2019-10-26T23:00,116.5,57.2,59.3,286.8,301.7
2019-10-27T00:00,320.7,218.6,102.1,678.9,583.6
2019-10-27T01:00,439.2,307.1,132.1,603.2,817.0
2019-10-27T02:00,584.6,370.6,214.1,565.5,985.9
2019-10-27T03:00,561.8,354.1,207.7,471.9,1079.0
2019-10-27T04:00,558.2,288.6,269.6,366.2,1089.7
2019-10-27T05:00,626.6,419.3,207.3,547.7,1017.5
2019-10-27T06:00,501.0,342.0,159.1,499.3,867.1
2019-10-27T07:00,335.9,203.2,132.7,368.9,648.8
2019-10-27T08:00,176.8,111.1,65.8,297.6,377.6
2019-10-27T09:00,25.0,11.7,13.3,63.5,71.9
2019-10-27T10:00,0.0,0.0,0.0,0.0,0.0
2019-10-27T11:00,0.0,0.0,0.0,0.0,0.0
2019-10-27T12:00,0.0,0.0,0.0,0.0,0.0
2019-10-27T13:00,0.0,0.0,0.0,0.0,0.0
2019-10-27T14:00,0.0,0.0,0.0,0.0,0.0
2019-10-27T15:00,0.0,0.0,0.0,0.0,0.0
2019-10-27T16:00,0.0,0.0,0.0,0.0,0.0
2019-10-27T17:00,0.0,0.0,0.0,0.0,0.0
2019-10-27T18:00,0.0,0.0,0.0,0.0,0.0
2019-10-27T19:00,0.0,0.0,0.0,0.0,0.0
2019-10-27T20:00,0.0,0.0,0.0,0.0,0.0
2019-10-27T21:00,0.0,0.0,0.0,0.0,0.0
2019-10-27T22:00,0.0,0.0,0.0,0.0,0.0
2019-10-27T23:00,103.3,43.4,59.9,216.4,298.3
2019-10-28T00:00,270.1,150.8,119.3,472.2,580.0
2019-10-28T01:00,468.5,329.3,139.1,650.6,813.1
2019-10-28T02:00,494.6,276.1,218.5,423.4,981.8
2019-10-28T03:00,517.2,324.0,193.2,433.8,1074.7
2019-10-28T04:00,634.1,437.4,196.7,557.5,1085.3
2019-10-28T05:00,561.3,381.8,179.4,501.1,1013.0
2019-10-28T06:00,353.7,151.7,202.0,222.7,862.6
2019-10-28T07:00,264.2,109.6,154.6,200.2,644.5
2019-10-28T08:00,164.7,100.5,64.1,271.8,373.4
2019-10-28T09:00,18.3,5.8,12.5,31.4,67.9
2019-10-28T10:00,0.0,0.0,0.0,0.0,0.0
2019-10-28T11:00,0.0,0.0,0.0,0.0,0.0
2019-10-28T12:00,0.0,0.0,0.0,0.0,0.0
2019-10-28T13:00,0.0,0.0,0.0,0.0,0.0
2019-10-28T14:00,0.0,0.0,0.0,0.0,0.0
2019-10-28T15:00,0.0,0.0,0.0,0.0,0.0
2019-10-28T16:00,0.0,0.0,0.0,0.0,0.0
2019-10-28T17:00,0.0,0.0,0.0,0.0,0.0
2019-10-28T18:00,0.0,0.0,0.0,0.0,0.0
2019-10-28T19:00,0.0,0.0,0.0,0.0,0.0
2019-10-28T20:00,0.0,0.0,0.0,0.0,0.0
2019-10-28T21:00,0.0,0.0,0.0,0.0,0.0
2019-10-28T22:00,0.0,0.0,0.0,0.0,0.0
2019-10-28T23:00,25.1,0.0,25.1,0.0,294.9
2019-10-29T00:00,64.3,1.3,63.0,4.1,576.3
2019-10-29T01:00,178.7,10.4,168.2,20.8,809.2
2019-10-29T02:00,171.8,1.1,170.7,1.7,977.7
2019-10-29T03:00,261.7,37.4,224.3,50.3,1070.4
2019-10-29T04:00,269.6,62.9,206.7,80.6,1080.9
2019-10-29T05:00,239.8,15.3,224.5,20.2,1008.6
2019-10-29T06:00,196.4,24.7,171.7,36.4,858.2
2019-10-29T07:00,133.3,1.7,131.6,3.1,640.2
2019-10-29T08:00,74.1,1.5,72.6,4.0,369.3
2019-10-29T09:00,12.0,2.0,10.0,11.1,64.0
2019-10-29T10:00,0.0,0.0,0.0,0.0,0.0
2019-10-29T11:00,0.0,0.0,0.0,0.0,0.0
2019-10-29T12:00,0.0,0.0,0.0,0.0,0.0
2019-10-29T13:00,0.0,0.0,0.0,0.0,0.0
2019-10-29T14:00,0.0,0.0,0.0,0.0,0.0
2019-10-29T15:00,0.0,0.0,0.0,0.0,0.0
2019-10-29T16:00,0.0,0.0,0.0,0.0,0.0
2019-10-29T17:00,0.0,0.0,0.0,0.0,0.0
2019-10-29T18:00,0.0,0.0,0.0,0.0,0.0
2019-10-29T19:00,0.0,0.0,0.0,0.0,0.0
2019-10-29T20:00,0.0,0.0,0.0,0.0,0.0
2019-10-29T21:00,0.0,0.0,0.0,0.0,0.0
2019-10-29T22:00,0.0,0.0,0.0,0.0,0.0
2019-10-29T23:00,27.5,0.0,27.5,0.0,291.5
2019-10-30T00:00,56.6,0.0,56.6,0.0,572.6
2019-10-30T01:00,164.9,4.6,160.2,9.3,805.2
2019-10-30T02:00,207.7,16.3,191.4,25.3,973.5
2019-10-30T03:00,223.3,9.3,214.0,12.6,1066.1
2019-10-30T04:00,232.6,0.0,232.6,0.0,1076.5
2019-10-30T05:00,325.1,42.2,282.9,55.9,1004.1
2019-10-30T06:00,178.1,6.4,171.7,9.5,853.8
2019-10-30T07:00,149.3,28.0,121.3,51.8,635.9
2019-10-30T08:00,52.9,0.0,52.9,0.0,365.2
2019-10-30T09:00,8.1,0.6,7.6,3.0,60.2
2019-10-30T10:00,0.0,0.0,0.0,0.0,0.0
2019-10-30T11:00,0.0,0.0,0.0,0.0,0.0
2019-10-30T12:00,0.0,0.0,0.0,0.0,0.0
2019-10-30T13:00,0.0,0.0,0.0,0.0,0.0
2019-10-30T14:00,0.0,0.0,0.0,0.0,0.0
2019-10-30T15:00,0.0,0.0,0.0,0.0,0.0
2019-10-30T16:00,0.0,0.0,0.0,0.0,0.0
2019-10-30T17:00,0.0,0.0,0.0,0.0,0.0
2019-10-30T18:00,0.0,0.0,0.0,0.0,0.0
2019-10-30T19:00,0.0,0.0,0.0,0.0,0.0
2019-10-30T20:00,0.0,0.0,0.0,0.0,0.0
2019-10-30T21:00,0.0,0.0,0.0,0.0,0.0
2019-10-30T22:00,0.0,0.0,0.0,0.0,0.0
2019-10-30T23:00,68.0,19.1,48.9,94.5,288.1
2019-10-31T00:00,151.6,29.0,122.6,93.2,568.9
2019-10-31T01:00,238.1,63.9,174.3,128.5,801.2
2019-10-31T02:00,206.7,12.0,194.7,18.6,969.3
2019-10-31T03:00,164.1,0.0,164.1,0.0,1061.7
2019-10-31T04:00,224.6,6.0,218.7,7.7,1072.1
2019-10-31T05:00,165.9,1.9,164.0,2.6,999.7
2019-10-31T06:00,103.1,0.0,103.1,0.0,849.5
2019-10-31T07:00,61.0,0.8,60.2,1.6,631.7
2019-10-31T08:00,31.1,0.0,31.1,0.0,361.2
2019-10-31T09:00,10.7,2.7,8.0,14.5,56.4
2019-10-31T10:00,0.0,0.0,0.0,0.0,0.0
2019-10-31T11:00,0.0,0.0,0.0,0.0,0.0
2019-10-31T12:00,0.0,0.0,0.0,0.0,0.0
2019-10-31T13:00,0.0,0.0,0.0,0.0,0.0
2019-10-31T14:00,0.0,0.0,0.0,0.0,0.0
2019-10-31T15:00,0.0,0.0,0.0,0.0,0.0
2019-10-31T16:00,0.0,0.0,0.0,0.0,0.0
2019-10-31T17:00,0.0,0.0,0.0,0.0,0.0
2019-10-31T18:00,0.0,0.0,0.0,0.0,0.0
2019-10-31T19:00,0.0,0.0,0.0,0.0,0.0
2019-10-31T20:00,0.0,0.0,0.0,0.0,0.0
2019-10-31T21:00,0.0,0.0,0.0,0.0,0.0
2019-10-31T22:00,0.0,0.0,0.0,0.0,0.0
2019-10-31T23:00,29.8,0.0,29.8,0.0,284.5
2019-11-01T00:00,145.2,11.9,133.3,38.5,565.1
2019-11-01T01:00,351.1,205.7,145.3,416.5,797.2
2019-11-01T02:00,426.5,203.5,223.1,318.5,965.1
2019-11-01T03:00,474.8,213.0,261.8,290.5,1057.3
2019-11-01T04:00,564.1,309.5,254.6,401.9,1067.6
2019-11-01T05:00,419.0,168.7,250.2,225.7,995.3
2019-11-01T06:00,378.7,133.2,245.5,199.7,845.2
2019-11-01T07:00,257.3,96.5,160.8,180.7,627.6
2019-11-01T08:00,162.8,74.9,87.9,209.7,357.3
2019-11-01T09:00,18.9,6.6,12.2,35.8,52.8
2019-11-01T10:00,0.0,0.0,0.0,0.0,0.0
2019-11-01T11:00,0.0,0.0,0.0,0.0,0.0
2019-11-01T12:00,0.0,0.0,0.0,0.0,0.0
2019-11-01T13:00,0.0,0.0,0.0,0.0,0.0
2019-11-01T14:00,0.0,0.0,0.0,0.0,0.0
2019-11-01T15:00,0.0,0.0,0.0,0.0,0.0
2019-11-01T16:00,0.0,0.0,0.0,0.0,0.0
2019-11-01T17:00,0.0,0.0,0.0,0.0,0.0
2019-11-01T18:00,0.0,0.0,0.0,0.0,0.0
2019-11-01T19:00,0.0,0.0,0.0,0.0,0.0
2019-11-01T20:00,0.0,0.0,0.0,0.0,0.0
2019-11-01T21:00,0.0,0.0,0.0,0.0,0.0
2019-11-01T22:00,0.0,0.0,0.0,0.0,0.0
2019-11-01T23:00,98.0,42.6,55.4,212.6,281.0
2019-11-02T00:00,269.8,142.8,127.0,467.6,561.2
2019-11-02T01:00,416.4,235.0,181.5,478.7,793.1
2019-11-02T02:00,364.6,103.4,261.2,162.7,960.8
2019-11-02T03:00,340.8,66.5,274.3,91.1,1053.0
2019-11-02T04:00,366.4,57.9,308.5,75.5,1063.2
2019-11-02T05:00,349.9,102.6,247.3,137.8,990.9
2019-11-02T06:00,343.9,99.4,244.4,149.8,840.9
2019-11-02T07:00,177.6,27.1,150.5,51.0,623.5
2019-11-02T08:00,114.9,14.4,100.6,40.6,353.4
2019-11-02T09:00,16.7,6.3,10.4,34.0,49.2
2019-11-02T10:00,0.0,0.0,0.0,0.0,0.0
2019-11-02T11:00,0.0,0.0,0.0,0.0,0.0
2019-11-02T12:00,0.0,0.0,0.0,0.0,0.0
2019-11-02T13:00,0.0,0.0,0.0,0.0,0.0
2019-11-02T14:00,0.0,0.0,0.0,0.0,0.0
2019-11-02T15:00,0.0,0.0,0.0,0.0,0.0
2019-11-02T16:00,0.0,0.0,0.0,0.0,0.0
2019-11-02T17:00,0.0,0.0,0.0,0.0,0.0
2019-11-02T18:00,0.0,0.0,0.0,0.0,0.0
2019-11-02T19:00,0.0,0.0,0.0,0.0,0.0
2019-11-02T20:00,0.0,0.0,0.0,0.0,0.0
2019-11-02T21:00,0.0,0.0,0.0,0.0,0.0
2019-11-02T22:00,0.0,0.0,0.0,0.0,0.0
2019-11-02T23:00,36.3,0.0,36.3,0.0,277.4
2019-11-03T00:00,91.4,10.6,80.8,35.0,557.4
2019-11-03T01:00,132.7,0.0,132.7,0.0,789.0
2019-11-03T02:00,194.9,10.9,184.0,17.2,956.6
2019-11-03T03:00,202.6,7.3,195.4,10.0,1048.6
2019-11-03T04:00,311.5,45.9,265.6,60.2,1058.8
2019-11-03T05:00,218.5,18.2,200.3,24.6,986.5
2019-11-03T06:00,173.2,2.7,170.5,4.1,836.7
2019-11-03T07:00,148.7,9.3,139.4,17.6,619.5
2019-11-03T08:00,71.6,3.6,68.1,10.2,349.7
2019-11-03T09:00,5.5,0.0,5.5,0.0,45.7
2019-11-03T10:00,0.0,0.0,0.0,0.0,0.0
2019-11-03T11:00,0.0,0.0,0.0,0.0,0.0
2019-11-03T12:00,0.0,0.0,0.0,0.0,0.0
2019-11-03T13:00,0.0,0.0,0.0,0.0,0.0
2019-11-03T14:00,0.0,0.0,0.0,0.0,0.0
2019-11-03T15:00,0.0,0.0,0.0,0.0,0.0
2019-11-03T16:00,0.0,0.0,0.0,0.0,0.0
2019-11-03T17:00,0.0,0.0,0.0,0.0,0.0
2019-11-03T18:00,0.0,0.0,0.0,0.0,0.0
2019-11-03T19:00,0.0,0.0,0.0,0.0,0.0
2019-11-03T20:00,0.0,0.0,0.0,0.0,0.0
2019-11-03T21:00,0.0,0.0,0.0,0.0,0.0
2019-11-03T22:00,0.0,0.0,0.0,0.0,0.0
2019-11-03T23:00,27.8,0.0,27.8,0.0,273.8
2019-11-04T00:00,81.0,6.6,74.4,22.1,553.5
2019-11-04T01:00,213.2,33.8,179.4,69.7,784.9
2019-11-04T02:00,355.0,150.3,204.7,239.0,952.3
2019-11-04T03:00,477.0,227.6,249.4,315.0,1044.2
2019-11-04T04:00,416.3,204.7,211.7,269.5,1054.4
2019-11-04T05:00,237.7,35.5,202.2,48.1,982.2
2019-11-04T06:00,282.6,97.5,185.0,148.5,832.5
2019-11-04T07:00,173.1,33.8,139.3,64.4,615.5
2019-11-04T08:00,72.2,18.6,53.6,53.3,346.0
2019-11-04T09:00,10.8,3.9,6.9,21.0,42.3
2019-11-04T10:00,0.0,0.0,0.0,0.0,0.0
2019-11-04T11:00,0.0,0.0,0.0,0.0,0.0
2019-11-04T12:00,0.0,0.0,0.0,0.0,0.0
2019-11-04T13:00,0.0,0.0,0.0,0.0,0.0
2019-11-04T14:00,0.0,0.0,0.0,0.0,0.0
2019-11-04T15:00,0.0,0.0,0.0,0.0,0.0
2019-11-04T16:00,0.0,0.0,0.0,0.0,0.0
2019-11-04T17:00,0.0,0.0,0.0,0.0,0.0
2019-11-04T18:00,0.0,0.0,0.0,0.0,0.0
2019-11-04T19:00,0.0,0.0,0.0,0.0,0.0
2019-11-04T20:00,0.0,0.0,0.0,0.0,0.0
2019-11-04T21:00,0.0,0.0,0.0,0.0,0.0
2019-11-04T22:00,0.0,0.0,0.0,0.0,0.0
2019-11-04T23:00,23.5,2.1,21.4,10.8,270.2
2019-11-05T00:00,89.1,0.0,89.1,0.0,549.6
2019-11-05T01:00,128.2,0.0,128.2,0.0,780.8
2019-11-05T02:00,147.1,0.0,147.1,0.0,948.0
2019-11-05T03:00,413.7,119.5,294.1,166.2,1039.8
2019-11-05T04:00,363.4,79.9,283.5,105.6,1050.1
2019-11-05T05:00,281.7,29.7,252.0,40.5,977.9
2019-11-05T06:00,176.8,0.9,175.9,1.4,828.4
2019-11-05T07:00,169.6,19.4,150.2,37.2,611.6
2019-11-05T08:00,137.5,43.5,94.0,125.8,342.4
2019-11-05T09:00,10.1,2.2,7.9,12.0,39.0
2019-11-05T10:00,0.0,0.0,0.0,0.0,0.0
2019-11-05T11:00,0.0,0.0,0.0,0.0,0.0
2019-11-05T12:00,0.0,0.0,0.0,0.0,0.0
2019-11-05T13:00,0.0,0.0,0.0,0.0,0.0
2019-11-05T14:00,0.0,0.0,0.0,0.0,0.0
2019-11-05T15:00,0.0,0.0,0.0,0.0,0.0
2019-11-05T16:00,0.0,0.0,0.0,0.0,0.0
2019-11-05T17:00,0.0,0.0,0.0,0.0,0.0
2019-11-05T18:00,0.0,0.0,0.0,0.0,0.0
2019-11-05T19:00,0.0,0.0,0.0,0.0,0.0
2019-11-05T20:00,0.0,0.0,0.0,0.0,0.0
2019-11-05T21:00,0.0,0.0,0.0,0.0,0.0
2019-11-05T22:00,0.0,0.0,0.0,0.0,0.0
2019-11-05T23:00,44.9,4.3,40.7,21.8,266.5
2019-11-06T00:00,118.7,16.0,102.7,54.4,545.6
2019-11-06T01:00,405.9,246.1,159.8,514.5,776.6
2019-11-06T02:00,418.5,162.4,256.1,261.0,943.7
2019-11-06T03:00,414.8,110.2,304.6,154.0,1035.5
2019-11-06T04:00,289.5,25.0,264.6,33.2,1045.7
2019-11-06T05:00,356.4,62.3,294.1,85.3,973.7
2019-11-06T06:00,226.8,15.5,211.3,23.8,824.4
2019-11-06T07:00,152.6,27.8,124.8,53.7,607.8
2019-11-06T08:00,113.7,24.9,88.8,72.6,338.9
2019-11-06T09:00,13.5,6.1,7.4,32.6,35.9
2019-11-06T10:00,0.0,0.0,0.0,0.0,0.0
2019-11-06T11:00,0.0,0.0,0.0,0.0,0.0
2019-11-06T12:00,0.0,0.0,0.0,0.0,0.0
2019-11-06T13:00,0.0,0.0,0.0,0.0,0.0
2019-11-06T14:00,0.0,0.0,0.0,0.0,0.0
2019-11-06T15:00,0.0,0.0,0.0,0.0,0.0
2019-11-06T16:00,0.0,0.0,0.0,0.0,0.0
2019-11-06T17:00,0.0,0.0,0.0,0.0,0.0
2019-11-06T18:00,0.0,0.0,0.0,0.0,0.0
2019-11-06T19:00,0.0,0.0,0.0,0.0,0.0
2019-11-06T20:00,0.0,0.0,0.0,0.0,0.0
2019-11-06T21:00,0.0,0.0,0.0,0.0,0.0
2019-11-06T22:00,0.0,0.0,0.0,0.0,0.0
2019-11-06T23:00,75.0,30.0,45.0,153.7,262.8
2019-11-07T00:00,167.0,58.8,108.2,201.9,541.7
2019-11-07T01:00,354.9,198.5,156.4,417.6,772.5
2019-11-07T02:00,496.0,334.7,161.3,540.8,939.4
2019-11-07T03:00,534.4,366.0,168.4,513.8,1031.2
2019-11-07T04:00,535.1,347.4,187.7,463.8,1041.4
2019-11-07T05:00,507.7,322.8,184.9,444.2,969.6
2019-11-07T06:00,451.6,314.1,137.5,485.6,820.4
2019-11-07T07:00,230.0,122.1,107.8,237.2,604.2
2019-11-07T08:00,121.9,73.0,48.9,214.8,335.5
2019-11-07T09:00,9.2,4.1,5.1,21.8,32.8
2019-11-07T10:00,0.0,0.0,0.0,0.0,0.0
2019-11-07T11:00,0.0,0.0,0.0,0.0,0.0
2019-11-07T12:00,0.0,0.0,0.0,0.0,0.0
2019-11-07T13:00,0.0,0.0,0.0,0.0,0.0
2019-11-07T14:00,0.0,0.0,0.0,0.0,0.0
2019-11-07T15:00,0.0,0.0,0.0,0.0,0.0
2019-11-07T16:00,0.0,0.0,0.0,0.0,0.0
2019-11-07T17:00,0.0,0.0,0.0,0.0,0.0
2019-11-07T18:00,0.0,0.0,0.0,0.0,0.0
2019-11-07T19:00,0.0,0.0,0.0,0.0,0.0
2019-11-07T20:00,0.0,0.0,0.0,0.0,0.0
2019-11-07T21:00,0.0,0.0,0.0,0.0,0.0
2019-11-07T22:00,0.0,0.0,0.0,0.0,0.0
2019-11-07T23:00,42.9,6.4,36.5,33.2,259.1
2019-11-08T00:00,135.2,45.5,89.7,157.9,537.7
2019-11-08T01:00,351.6,220.8,130.8,467.8,768.3
2019-11-08T02:00,465.7,317.3,148.3,515.6,935.2
2019-11-08T03:00,561.5,387.9,173.7,547.2,1026.9
2019-11-08T04:00,569.1,393.4,175.7,527.6,1037.2
2019-11-08T05:00,538.3,382.2,156.1,528.3,965.5
2019-11-08T06:00,457.0,324.1,132.9,503.4,816.5
2019-11-08T07:00,292.1,195.3,96.8,381.3,600.6
2019-11-08T08:00,100.4,43.1,57.3,127.9,332.3
2019-11-08T09:00,9.5,4.4,5.1,23.7,29.9
2019-11-08T10:00,0.0,0.0,0.0,0.0,0.0
2019-11-08T11:00,0.0,0.0,0.0,0.0,0.0
2019-11-08T12:00,0.0,0.0,0.0,0.0,0.0
2019-11-08T13:00,0.0,0.0,0.0,0.0,0.0
2019-11-08T14:00,0.0,0.0,0.0,0.0,0.0
2019-11-08T15:00,0.0,0.0,0.0,0.0,0.0
2019-11-08T16:00,0.0,0.0,0.0,0.0,0.0
2019-11-08T17:00,0.0,0.0,0.0,0.0,0.0
2019-11-08T18:00,0.0,0.0,0.0,0.0,0.0
2019-11-08T19:00,0.0,0.0,0.0,0.0,0.0
2019-11-08T20:00,0.0,0.0,0.0,0.0,0.0
2019-11-08T21:00,0.0,0.0,0.0,0.0,0.0
2019-11-08T22:00,0.0,0.0,0.0,0.0,0.0
2019-11-08T23:00,60.1,19.3,40.8,100.2,255.4
2019-11-09T00:00,169.1,81.9,87.2,286.9,533.8
2019-11-09T01:00,406.9,260.7,146.1,556.0,764.2
2019-11-09T02:00,469.1,289.1,180.0,472.3,930.9
2019-11-09T03:00,553.3,365.0,188.2,517.5,1022.6
2019-11-09T04:00,576.1,448.3,127.8,604.0,1033.0
2019-11-09T05:00,669.5,529.6,139.8,735.5,961.5
2019-11-09T06:00,354.0,181.1,172.9,282.7,812.8
2019-11-09T07:00,280.1,117.8,162.3,231.2,597.1
2019-11-09T08:00,129.8,48.0,81.8,143.3,329.1
2019-11-09T09:00,12.6,7.5,5.1,40.3,27.1
2019-11-09T10:00,0.0,0.0,0.0,0.0,0.0
2019-11-09T11:00,0.0,0.0,0.0,0.0,0.0
2019-11-09T12:00,0.0,0.0,0.0,0.0,0.0
2019-11-09T13:00,0.0,0.0,0.0,0.0,0.0
2019-11-09T14:00,0.0,0.0,0.0,0.0,0.0
2019-11-09T15:00,0.0,0.0,0.0,0.0,0.0
2019-11-09T16:00,0.0,0.0,0.0,0.0,0.0
2019-11-09T17:00,0.0,0.0,0.0,0.0,0.0
2019-11-09T18:00,0.0,0.0,0.0,0.0,0.0
2019-11-09T19:00,0.0,0.0,0.0,0.0,0.0
2019-11-09T20:00,0.0,0.0,0.0,0.0,0.0
2019-11-09T21:00,0.0,0.0,0.0,0.0,0.0
2019-11-09T22:00,0.0,0.0,0.0,0.0,0.0
2019-11-09T23:00,96.8,49.5,47.3,257.7,251.7
2019-11-10T00:00,286.5,191.0,95.5,676.2,529.8
2019-11-10T01:00,456.3,332.3,124.0,713.5,760.0
2019-11-10T02:00,612.2,478.0,134.2,785.1,926.7
2019-11-10T03:00,712.5,572.1,140.4,814.9,1018.4
2019-11-10T04:00,746.9,631.1,115.8,854.1,1028.9
2019-11-10T05:00,693.4,590.9,102.5,824.2,957.5
2019-11-10T06:00,569.5,476.7,92.8,747.7,809.1
2019-11-10T07:00,396.7,319.4,77.3,630.7,593.7
2019-11-10T08:00,193.5,140.7,52.8,423.5,326.1
2019-11-10T09:00,11.3,6.6,4.7,35.4,24.4
2019-11-10T10:00,0.0,0.0,0.0,0.0,0.0
2019-11-10T11:00,0.0,0.0,0.0,0.0,0.0
2019-11-10T12:00,0.0,0.0,0.0,0.0,0.0
2019-11-10T13:00,0.0,0.0,0.0,0.0,0.0
2019-11-10T14:00,0.0,0.0,0.0,0.0,0.0
2019-11-10T15:00,0.0,0.0,0.0,0.0,0.0
2019-11-10T16:00,0.0,0.0,0.0,0.0,0.0
2019-11-10T17:00,0.0,0.0,0.0,0.0,0.0
2019-11-10T18:00,0.0,0.0,0.0,0.0,0.0
2019-11-10T19:00,0.0,0.0,0.0,0.0,0.0
2019-11-10T20:00,0.0,0.0,0.0,0.0,0.0
2019-11-10T21:00,0.0,0.0,0.0,0.0,0.0
2019-11-10T22:00,0.0,0.0,0.0,0.0,0.0
2019-11-10T23:00,92.6,49.5,43.1,259.4,247.9
2019-11-11T00:00,297.9,204.9,93.0,733.0,525.8
2019-11-11T01:00,491.9,384.1,107.7,830.3,755.9
2019-11-11T02:00,610.3,471.6,138.7,778.8,922.5
2019-11-11T03:00,713.7,573.3,140.5,820.5,1014.2
2019-11-11T04:00,749.9,645.1,104.8,877.0,1024.9
2019-11-11T05:00,694.3,594.7,99.6,833.2,953.7
2019-11-11T06:00,573.0,483.0,90.0,761.0,805.5
2019-11-11T07:00,399.8,325.9,73.9,647.0,590.4
2019-11-11T08:00,196.5,146.7,49.8,444.7,323.2
2019-11-11T09:00,10.3,6.1,4.1,32.8,21.9
2019-11-11T10:00,0.0,0.0,0.0,0.0,0.0
2019-11-11T11:00,0.0,0.0,0.0,0.0,0.0
2019-11-11T12:00,0.0,0.0,0.0,0.0,0.0
2019-11-11T13:00,0.0,0.0,0.0,0.0,0.0
2019-11-11T14:00,0.0,0.0,0.0,0.0,0.0
2019-11-11T15:00,0.0,0.0,0.0,0.0,0.0
2019-11-11T16:00,0.0,0.0,0.0,0.0,0.0
2019-11-11T17:00,0.0,0.0,0.0,0.0,0.0
2019-11-11T18:00,0.0,0.0,0.0,0.0,0.0
2019-11-11T19:00,0.0,0.0,0.0,0.0,0.0
2019-11-11T20:00,0.0,0.0,0.0,0.0,0.0
2019-11-11T21:00,0.0,0.0,0.0,0.0,0.0
2019-11-11T22:00,0.0,0.0,0.0,0.0,0.0
2019-11-11T23:00,92.8,49.6,43.1,261.2,244.2
2019-11-12T00:00,304.1,218.9,85.1,791.3,521.8
2019-11-12T01:00,498.1,398.5,99.6,867.2,751.8
2019-11-12T02:00,644.4,540.6,103.8,897.6,918.3
2019-11-12T03:00,729.5,622.3,107.2,894.9,1010.1
2019-11-12T04:00,743.0,637.1,105.9,870.0,1020.9
2019-11-12T05:00,684.7,584.1,100.5,822.0,949.9
2019-11-12T06:00,566.5,480.1,86.4,760.0,802.0
2019-11-12T07:00,395.4,324.9,70.5,648.2,587.3
2019-11-12T08:00,193.3,145.0,48.3,442.5,320.4
2019-11-12T09:00,8.9,5.3,3.6,28.4,19.5
2019-11-12T10:00,0.0,0.0,0.0,0.0,0.0
2019-11-12T11:00,0.0,0.0,0.0,0.0,0.0
2019-11-12T12:00,0.0,0.0,0.0,0.0,0.0
2019-11-12T13:00,0.0,0.0,0.0,0.0,0.0
2019-11-12T14:00,0.0,0.0,0.0,0.0,0.0
2019-11-12T15:00,0.0,0.0,0.0,0.0,0.0
2019-11-12T16:00,0.0,0.0,0.0,0.0,0.0
2019-11-12T17:00,0.0,0.0,0.0,0.0,0.0
2019-11-12T18:00,0.0,0.0,0.0,0.0,0.0
2019-11-12T19:00,0.0,0.0,0.0,0.0,0.0
2019-11-12T20:00,0.0,0.0,0.0,0.0,0.0
2019-11-12T21:00,0.0,0.0,0.0,0.0,0.0
2019-11-12T22:00,0.0,0.0,0.0,0.0,0.0
2019-11-12T23:00,86.4,45.4,41.1,240.1,240.4
2019-11-13T00:00,292.6,205.9,86.7,752.1,517.9
2019-11-13T01:00,484.5,385.9,98.5,845.6,747.7
2019-11-13T02:00,629.4,523.4,106.0,873.6,914.2
2019-11-13T03:00,710.9,602.6,108.2,870.7,1006.1
2019-11-13T04:00,710.1,587.2,122.8,805.4,1017.0
2019-11-13T05:00,635.8,522.8,113.0,738.9,946.3
2019-11-13T06:00,490.1,340.0,150.0,540.6,798.7
2019-11-13T07:00,324.7,216.5,108.2,434.1,584.3
2019-11-13T08:00,146.1,86.7,59.4,266.3,317.8
2019-11-13T09:00,6.9,3.7,3.2,19.5,17.2
2019-11-13T10:00,0.0,0.0,0.0,0.0,0.0
2019-11-13T11:00,0.0,0.0,0.0,0.0,0.0
2019-11-13T12:00,0.0,0.0,0.0,0.0,0.0
2019-11-13T13:00,0.0,0.0,0.0,0.0,0.0
2019-11-13T14:00,0.0,0.0,0.0,0.0,0.0
2019-11-13T15:00,0.0,0.0,0.0,0.0,0.0
2019-11-13T16:00,0.0,0.0,0.0,0.0,0.0
2019-11-13T17:00,0.0,0.0,0.0,0.0,0.0
2019-11-13T18:00,0.0,0.0,0.0,0.0,0.0
2019-11-13T19:00,0.0,0.0,0.0,0.0,0.0
2019-11-13T20:00,0.0,0.0,0.0,0.0,0.0
2019-11-13T21:00,0.0,0.0,0.0,0.0,0.0
2019-11-13T22:00,0.0,0.0,0.0,0.0,0.0
2019-11-13T23:00,34.6,4.3,30.3,23.0,236.7
2019-11-14T00:00,81.5,2.7,78.8,10.0,513.9
2019-11-14T01:00,102.1,0.0,102.1,0.0,743.7
2019-11-14T02:00,230.6,39.4,191.3,66.0,910.1
2019-11-14T03:00,368.5,87.4,281.1,126.9,1002.1
2019-11-14T04:00,335.6,46.9,288.7,64.7,1013.2
2019-11-14T05:00,294.0,65.1,228.8,92.4,942.7
2019-11-14T06:00,209.1,30.0,179.1,47.9,795.5
2019-11-14T07:00,202.9,67.9,135.0,136.9,581.5
2019-11-14T08:00,122.8,62.8,60.0,194.1,315.3
2019-11-14T09:00,4.9,2.4,2.4,13.0,15.1
2019-11-14T10:00,0.0,0.0,0.0,0.0,0.0
2019-11-14T11:00,0.0,0.0,0.0,0.0,0.0
2019-11-14T12:00,0.0,0.0,0.0,0.0,0.0
2019-11-14T13:00,0.0,0.0,0.0,0.0,0.0
2019-11-14T14:00,0.0,0.0,0.0,0.0,0.0
2019-11-14T15:00,0.0,0.0,0.0,0.0,0.0
2019-11-14T16:00,0.0,0.0,0.0,0.0,0.0
2019-11-14T17:00,0.0,0.0,0.0,0.0,0.0
2019-11-14T18:00,0.0,0.0,0.0,0.0,0.0
2019-11-14T19:00,0.0,0.0,0.0,0.0,0.0
2019-11-14T20:00,0.0,0.0,0.0,0.0,0.0
2019-11-14T21:00,0.0,0.0,0.0,0.0,0.0
2019-11-14T22:00,0.0,0.0,0.0,0.0,0.0
2019-11-14T23:00,73.7,34.7,39.0,185.4,232.9
2019-11-15T00:00,264.1,167.5,96.7,624.8,510.0
2019-11-15T01:00,481.8,376.0,105.8,835.1,739.6
2019-11-15T02:00,635.4,512.9,122.5,865.2,906.1
2019-11-15T03:00,716.4,589.4,127.0,859.4,998.2
2019-11-15T04:00,711.2,567.4,143.8,784.8,1009.5
2019-11-15T05:00,697.1,603.2,93.8,859.6,939.3
2019-11-15T06:00,569.0,481.7,87.3,772.4,792.4
2019-11-15T07:00,397.3,327.7,69.6,663.4,578.7
2019-11-15T08:00,192.9,145.5,47.4,452.7,313.0
2019-11-15T09:00,6.2,3.7,2.5,19.9,13.1
2019-11-15T10:00,0.0,0.0,0.0,0.0,0.0
2019-11-15T11:00,0.0,0.0,0.0,0.0,0.0
2019-11-15T12:00,0.0,0.0,0.0,0.0,0.0
2019-11-15T13:00,0.0,0.0,0.0,0.0,0.0
2019-11-15T14:00,0.0,0.0,0.0,0.0,0.0
2019-11-15T15:00,0.0,0.0,0.0,0.0,0.0
2019-11-15T16:00,0.0,0.0,0.0,0.0,0.0
2019-11-15T17:00,0.0,0.0,0.0,0.0,0.0
2019-11-15T18:00,0.0,0.0,0.0,0.0,0.0
2019-11-15T19:00,0.0,0.0,0.0,0.0,0.0
2019-11-15T20:00,0.0,0.0,0.0,0.0,0.0
2019-11-15T21:00,0.0,0.0,0.0,0.0,0.0
2019-11-15T22:00,0.0,0.0,0.0,0.0,0.0
2019-11-15T23:00,78.2,39.1,39.1,209.9,229.2
2019-11-16T00:00,292.1,208.8,83.3,787.7,506.1
2019-11-16T01:00,486.9,389.3,97.6,870.4,735.6
2019-11-16T02:00,633.5,527.3,106.1,894.3,902.1
2019-11-16T03:00,703.0,576.0,127.1,843.7,994.3
2019-11-16T04:00,734.3,629.4,104.9,874.2,1005.8
2019-11-16T05:00,680.8,583.1,97.7,834.3,935.9
2019-11-16T06:00,560.7,473.5,87.2,762.3,789.4
2019-11-16T07:00,387.9,315.0,72.9,640.6,576.1
2019-11-16T08:00,187.0,138.3,48.7,432.8,310.8
2019-11-16T09:00,5.3,3.1,2.1,16.5,11.3
2019-11-16T10:00,0.0,0.0,0.0,0.0,0.0
2019-11-16T11:00,0.0,0.0,0.0,0.0,0.0
2019-11-16T12:00,0.0,0.0,0.0,0.0,0.0
2019-11-16T13:00,0.0,0.0,0.0,0.0,0.0
2019-11-16T14:00,0.0,0.0,0.0,0.0,0.0
2019-11-16T15:00,0.0,0.0,0.0,0.0,0.0
2019-11-16T16:00,0.0,0.0,0.0,0.0,0.0
2019-11-16T17:00,0.0,0.0,0.0,0.0,0.0
2019-11-16T18:00,0.0,0.0,0.0,0.0,0.0
2019-11-16T19:00,0.0,0.0,0.0,0.0,0.0
2019-11-16T20:00,0.0,0.0,0.0,0.0,0.0
2019-11-16T21:00,0.0,0.0,0.0,0.0,0.0
2019-11-16T22:00,0.0,0.0,0.0,0.0,0.0
2019-11-16T23:00,78.3,41.3,37.0,223.1,225.4
2019-11-17T00:00,286.1,205.3,80.8,782.9,502.1
2019-11-17T01:00,480.3,387.3,93.0,872.0,731.6
2019-11-17T02:00,627.2,527.6,99.6,899.5,898.1
2019-11-17T03:00,704.2,601.1,103.1,884.5,990.5
2019-11-17T04:00,709.4,594.5,114.9,829.1,1002.2
2019-11-17T05:00,645.4,540.0,105.3,775.7,932.6
2019-11-17T06:00,540.6,451.6,89.0,730.0,786.5
2019-11-17T07:00,379.4,309.0,70.3,631.1,573.6
2019-11-17T08:00,179.8,132.6,47.2,417.0,308.7
2019-11-17T09:00,4.3,2.5,1.8,13.3,9.6
2019-11-17T10:00,0.0,0.0,0.0,0.0,0.0
2019-11-17T11:00,0.0,0.0,0.0,0.0,0.0
2019-11-17T12:00,0.0,0.0,0.0,0.0,0.0
2019-11-17T13:00,0.0,0.0,0.0,0.0,0.0
2019-11-17T14:00,0.0,0.0,0.0,0.0,0.0
2019-11-17T15:00,0.0,0.0,0.0,0.0,0.0
2019-11-17T16:00,0.0,0.0,0.0,0.0,0.0
2019-11-17T17:00,0.0,0.0,0.0,0.0,0.0
2019-11-17T18:00,0.0,0.0,0.0,0.0,0.0
2019-11-17T19:00,0.0,0.0,0.0,0.0,0.0
2019-11-17T20:00,0.0,0.0,0.0,0.0,0.0
2019-11-17T21:00,0.0,0.0,0.0,0.0,0.0
2019-11-17T22:00,0.0,0.0,0.0,0.0,0.0
2019-11-17T23:00,34.9,8.7,26.1,47.3,221.5
2019-11-18T00:00,108.4,46.7,61.8,179.9,498.1
2019-11-18T01:00,262.8,167.3,95.5,379.3,727.5
2019-11-18T02:00,380.0,232.2,147.8,397.9,894.2
2019-11-18T03:00,403.3,203.2,200.1,300.4,986.6
2019-11-18T04:00,229.8,37.0,192.9,51.8,998.7
2019-11-18T05:00,131.2,10.5,120.7,15.2,929.4
2019-11-18T06:00,189.9,23.6,166.3,38.3,783.7
2019-11-18T07:00,56.9,0.0,56.9,0.0,571.3
2019-11-18T08:00,18.0,0.0,18.0,0.0,306.7
2019-11-18T09:00,0.5,0.1,0.5,0.3,8.0
2019-11-18T10:00,0.0,0.0,0.0,0.0,0.0
2019-11-18T11:00,0.0,0.0,0.0,0.0,0.0
2019-11-18T12:00,0.0,0.0,0.0,0.0,0.0
2019-11-18T13:00,0.0,0.0,0.0,0.0,0.0
2019-11-18T14:00,0.0,0.0,0.0,0.0,0.0
2019-11-18T15:00,0.0,0.0,0.0,0.0,0.0
2019-11-18T16:00,0.0,0.0,0.0,0.0,0.0
2019-11-18T17:00,0.0,0.0,0.0,0.0,0.0
2019-11-18T18:00,0.0,0.0,0.0,0.0,0.0
2019-11-18T19:00,0.0,0.0,0.0,0.0,0.0
2019-11-18T20:00,0.0,0.0,0.0,0.0,0.0
2019-11-18T21:00,0.0,0.0,0.0,0.0,0.0
2019-11-18T22:00,0.0,0.0,0.0,0.0,0.0
2019-11-18T23:00,24.0,0.0,24.0,0.0,217.7
2019-11-19T00:00,61.9,1.4,60.6,5.4,494.1
2019-11-19T01:00,110.9,1.2,109.7,2.7,723.5
2019-11-19T02:00,132.6,4.4,128.2,7.6,890.2
2019-11-19T03:00,170.9,3.1,167.8,4.6,982.9
2019-11-19T04:00,228.9,27.0,201.9,37.9,995.2
2019-11-19T05:00,187.7,9.6,178.1,13.9,926.3
2019-11-19T06:00,155.4,2.7,152.6,4.4,780.9
2019-11-19T07:00,113.8,0.0,113.8,0.0,569.0
2019-11-19T08:00,49.8,0.7,49.1,2.2,304.9
2019-11-19T09:00,1.2,0.2,1.0,0.9,6.6
2019-11-19T10:00,0.0,0.0,0.0,0.0,0.0
2019-11-19T11:00,0.0,0.0,0.0,0.0,0.0
2019-11-19T12:00,0.0,0.0,0.0,0.0,0.0
2019-11-19T13:00,0.0,0.0,0.0,0.0,0.0
2019-11-19T14:00,0.0,0.0,0.0,0.0,0.0
2019-11-19T15:00,0.0,0.0,0.0,0.0,0.0
2019-11-19T16:00,0.0,0.0,0.0,0.0,0.0
2019-11-19T17:00,0.0,0.0,0.0,0.0,0.0
2019-11-19T18:00,0.0,0.0,0.0,0.0,0.0
2019-11-19T19:00,0.0,0.0,0.0,0.0,0.0
2019-11-19T20:00,0.0,0.0,0.0,0.0,0.0
2019-11-19T21:00,0.0,0.0,0.0,0.0,0.0
2019-11-19T22:00,0.0,0.0,0.0,0.0,0.0
2019-11-19T23:00,15.3,0.0,15.3,0.0,213.8
2019-11-20T00:00,84.2,5.5,78.7,21.8,490.1
2019-11-20T01:00,177.1,33.1,144.1,76.0,719.4
2019-11-20T02:00,263.1,40.6,222.5,70.3,886.2
2019-11-20T03:00,171.0,6.3,164.7,9.3,979.1
2019-11-20T04:00,192.9,3.0,189.9,4.2,991.7
2019-11-20T05:00,184.8,23.0,161.8,33.4,923.2
2019-11-20T06:00,173.5,19.1,154.4,31.2,778.3
2019-11-20T07:00,89.5,2.5,87.0,5.2,566.8
2019-11-20T08:00,50.5,9.0,41.5,28.7,303.1
2019-11-20T09:00,0.5,0.0,0.5,0.0,5.3
2019-11-20T10:00,0.0,0.0,0.0,0.0,0.0
2019-11-20T11:00,0.0,0.0,0.0,0.0,0.0
2019-11-20T12:00,0.0,0.0,0.0,0.0,0.0
2019-11-20T13:00,0.0,0.0,0.0,0.0,0.0
2019-11-20T14:00,0.0,0.0,0.0,0.0,0.0
2019-11-20T15:00,0.0,0.0,0.0,0.0,0.0
2019-11-20T16:00,0.0,0.0,0.0,0.0,0.0
2019-11-20T17:00,0.0,0.0,0.0,0.0,0.0
2019-11-20T18:00,0.0,0.0,0.0,0.0,0.0
2019-11-20T19:00,0.0,0.0,0.0,0.0,0.0
2019-11-20T20:00,0.0,0.0,0.0,0.0,0.0
2019-11-20T21:00,0.0,0.0,0.0,0.0,0.0
2019-11-20T22:00,0.0,0.0,0.0,0.0,0.0
2019-11-20T23:00,21.9,0.0,21.9,0.0,209.9
2019-11-21T00:00,109.4,4.2,105.2,16.6,486.0
2019-11-21T01:00,310.9,135.9,174.9,314.7,715.4
2019-11-21T02:00,480.4,281.9,198.5,490.9,882.3
2019-11-21T03:00,425.5,152.3,273.2,228.1,975.4
2019-11-21T04:00,419.9,128.0,291.9,181.4,988.4
2019-11-21T05:00,421.4,213.6,207.8,311.5,920.3
2019-11-21T06:00,198.9,44.5,154.4,73.0,775.8
2019-11-21T07:00,72.8,1.7,71.1,3.5,564.8
2019-11-21T08:00,52.5,15.9,36.6,51.0,301.5
2019-11-21T09:00,0.5,0.1,0.5,0.3,4.1
2019-11-21T10:00,0.0,0.0,0.0,0.0,0.0
2019-11-21T11:00,0.0,0.0,0.0,0.0,0.0
2019-11-21T12:00,0.0,0.0,0.0,0.0,0.0
2019-11-21T13:00,0.0,0.0,0.0,0.0,0.0
2019-11-21T14:00,0.0,0.0,0.0,0.0,0.0
2019-11-21T15:00,0.0,0.0,0.0,0.0,0.0
2019-11-21T16:00,0.0,0.0,0.0,0.0,0.0
2019-11-21T17:00,0.0,0.0,0.0,0.0,0.0
2019-11-21T18:00,0.0,0.0,0.0,0.0,0.0
2019-11-21T19:00,0.0,0.0,0.0,0.0,0.0
2019-11-21T20:00,0.0,0.0,0.0,0.0,0.0
2019-11-21T21:00,0.0,0.0,0.0,0.0,0.0
2019-11-21T22:00,0.0,0.0,0.0,0.0,0.0
2019-11-21T23:00,13.2,0.0,13.2,0.0,205.9
2019-11-22T00:00,90.3,18.1,72.2,72.9,482.0
2019-11-22T01:00,82.8,0.0,82.8,0.0,711.4
2019-11-22T02:00,76.8,0.0,76.8,0.0,878.4
2019-11-22T03:00,142.9,4.2,138.7,6.3,971.8
2019-11-22T04:00,188.0,22.0,166.0,31.3,985.1
2019-11-22T05:00,140.8,1.9,138.9,2.8,917.4
2019-11-22T06:00,145.3,33.6,111.7,55.3,773.4
2019-11-22T07:00,111.2,28.4,82.8,59.2,562.8
2019-11-22T08:00,44.8,6.2,38.6,20.0,300.0
2019-11-22T09:00,0.5,0.1,0.4,0.4,3.0
2019-11-22T10:00,0.0,0.0,0.0,0.0,0.0
2019-11-22T11:00,0.0,0.0,0.0,0.0,0.0
2019-11-22T12:00,0.0,0.0,0.0,0.0,0.0
2019-11-22T13:00,0.0,0.0,0.0,0.0,0.0
2019-11-22T14:00,0.0,0.0,0.0,0.0,0.0
2019-11-22T15:00,0.0,0.0,0.0,0.0,0.0
2019-11-22T16:00,0.0,0.0,0.0,0.0,0.0
2019-11-22T17:00,0.0,0.0,0.0,0.0,0.0
2019-11-22T18:00,0.0,0.0,0.0,0.0,0.0
2019-11-22T19:00,0.0,0.0,0.0,0.0,0.0
2019-11-22T20:00,0.0,0.0,0.0,0.0,0.0
2019-11-22T21:00,0.0,0.0,0.0,0.0,0.0
2019-11-22T22:00,0.0,0.0,0.0,0.0,0.0
2019-11-22T23:00,13.2,0.0,13.2,0.0,202.0
2019-11-23T00:00,71.1,0.0,71.1,0.0,478.0
2019-11-23T01:00,168.2,11.8,156.4,27.8,707.3
2019-11-23T02:00,270.1,72.5,197.6,127.6,874.5
2019-11-23T03:00,275.5,39.7,235.8,59.9,968.2
2019-11-23T04:00,417.0,169.0,248.0,241.5,981.8
2019-11-23T05:00,468.4,299.8,168.6,440.4,914.6
2019-11-23T06:00,384.3,229.8,154.4,379.8,771.1
2019-11-23T07:00,206.5,93.6,112.9,195.7,561.0
2019-11-23T08:00,94.4,37.9,56.5,122.6,298.7
2019-11-23T09:00,0.5,0.2,0.3,0.8,2.0
2019-11-23T10:00,0.0,0.0,0.0,0.0,0.0
2019-11-23T11:00,0.0,0.0,0.0,0.0,0.0
2019-11-23T12:00,0.0,0.0,0.0,0.0,0.0
2019-11-23T13:00,0.0,0.0,0.0,0.0,0.0
2019-11-23T14:00,0.0,0.0,0.0,0.0,0.0
2019-11-23T15:00,0.0,0.0,0.0,0.0,0.0
2019-11-23T16:00,0.0,0.0,0.0,0.0,0.0
2019-11-23T17:00,0.0,0.0,0.0,0.0,0.0
2019-11-23T18:00,0.0,0.0,0.0,0.0,0.0
2019-11-23T19:00,0.0,0.0,0.0,0.0,0.0
2019-11-23T20:00,0.0,0.0,0.0,0.0,0.0
2019-11-23T21:00,0.0,0.0,0.0,0.0,0.0
2019-11-23T22:00,0.0,0.0,0.0,0.0,0.0
2019-11-23T23:00,22.1,4.4,17.7,24.6,198.1
2019-11-24T00:00,104.8,25.2,79.7,104.1,473.9
2019-11-24T01:00,278.7,137.6,141.1,325.4,703.4
2019-11-24T02:00,372.4,207.6,164.8,367.4,870.7
2019-11-24T03:00,460.4,251.6,208.8,382.0,964.6
2019-11-24T04:00,470.1,254.1,216.1,364.4,978.7
2019-11-24T05:00,465.6,260.6,205.0,384.1,911.9
2019-11-24T06:00,403.3,256.2,147.2,424.7,768.8
2019-11-24T07:00,273.4,156.3,117.0,327.8,559.3
2019-11-24T08:00,119.1,62.0,57.2,201.3,297.4
2019-11-24T09:00,0.4,0.2,0.2,0.9,1.2
2019-11-24T10:00,0.0,0.0,0.0,0.0,0.0
2019-11-24T11:00,0.0,0.0,0.0,0.0,0.0
2019-11-24T12:00,0.0,0.0,0.0,0.0,0.0
2019-11-24T13:00,0.0,0.0,0.0,0.0,0.0
2019-11-24T14:00,0.0,0.0,0.0,0.0,0.0
2019-11-24T15:00,0.0,0.0,0.0,0.0,0.0
2019-11-24T16:00,0.0,0.0,0.0,0.0,0.0
2019-11-24T17:00,0.0,0.0,0.0,0.0,0.0
2019-11-24T18:00,0.0,0.0,0.0,0.0,0.0
2019-11-24T19:00,0.0,0.0,0.0,0.0,0.0
2019-11-24T20:00,0.0,0.0,0.0,0.0,0.0
2019-11-24T21:00,0.0,0.0,0.0,0.0,0.0
2019-11-24T22:00,0.0,0.0,0.0,0.0,0.0
2019-11-24T23:00,22.1,0.0,22.1,0.0,194.2
2019-11-25T00:00,74.3,8.4,65.9,35.2,469.9
2019-11-25T01:00,280.2,147.2,133.0,350.7,699.4
2019-11-25T02:00,311.0,167.1,144.0,297.2,867.0
2019-11-25T03:00,315.4,115.9,199.4,176.7,961.2
2019-11-25T04:00,357.2,152.1,205.1,218.9,975.6
2019-11-25T05:00,344.0,195.5,148.5,289.1,909.3
2019-11-25T06:00,260.7,65.4,195.3,108.8,766.7
2019-11-25T07:00,124.5,20.9,103.6,44.0,557.7
2019-11-25T08:00,46.1,7.6,38.5,24.7,296.3
2019-11-25T09:00,0.0,0.0,0.0,0.0,0.5
2019-11-25T10:00,0.0,0.0,0.0,0.0,0.0
2019-11-25T11:00,0.0,0.0,0.0,0.0,0.0
2019-11-25T12:00,0.0,0.0,0.0,0.0,0.0
2019-11-25T13:00,0.0,0.0,0.0,0.0,0.0
2019-11-25T14:00,0.0,0.0,0.0,0.0,0.0
2019-11-25T15:00,0.0,0.0,0.0,0.0,0.0
2019-11-25T16:00,0.0,0.0,0.0,0.0,0.0
2019-11-25T17:00,0.0,0.0,0.0,0.0,0.0
2019-11-25T18:00,0.0,0.0,0.0,0.0,0.0
2019-11-25T19:00,0.0,0.0,0.0,0.0,0.0
2019-11-25T20:00,0.0,0.0,0.0,0.0,0.0
2019-11-25T21:00,0.0,0.0,0.0,0.0,0.0
2019-11-25T22:00,0.0,0.0,0.0,0.0,0.0
2019-11-25T23:00,17.7,0.0,17.7,0.0,190.3
2019-11-26T00:00,105.5,14.1,91.5,59.7,466.0
2019-11-26T01:00,248.4,97.5,150.9,233.8,695.5
2019-11-26T02:00,248.5,49.5,199.0,88.5,863.3
2019-11-26T03:00,267.4,10.4,257.0,16.0,957.8
2019-11-26T04:00,228.2,0.0,228.2,0.0,972.6
2019-11-26T05:00,290.4,52.7,237.7,78.2,906.8
2019-11-26T06:00,261.7,70.0,191.7,116.7,764.8
2019-11-26T07:00,139.6,3.3,136.2,7.1,556.2
2019-11-26T08:00,46.1,0.0,46.1,0.0,295.3
2019-11-26T09:00,0.0,0.0,0.0,0.0,0.0
2019-11-26T10:00,0.0,0.0,0.0,0.0,0.0
2019-11-26T11:00,0.0,0.0,0.0,0.0,0.0
2019-11-26T12:00,0.0,0.0,0.0,0.0,0.0
2019-11-26T13:00,0.0,0.0,0.0,0.0,0.0
2019-11-26T14:00,0.0,0.0,0.0,0.0,0.0
2019-11-26T15:00,0.0,0.0,0.0,0.0,0.0
2019-11-26T16:00,0.0,0.0,0.0,0.0,0.0
2019-11-26T17:00,0.0,0.0,0.0,0.0,0.0
2019-11-26T18:00,0.0,0.0,0.0,0.0,0.0
2019-11-26T19:00,0.0,0.0,0.0,0.0,0.0
2019-11-26T20:00,0.0,0.0,0.0,0.0,0.0
2019-11-26T21:00,0.0,0.0,0.0,0.0,0.0
2019-11-26T22:00,0.0,0.0,0.0,0.0,0.0
2019-11-26T23:00,13.3,0.0,13.3,0.0,186.4
2019-11-27T00:00,62.1,0.0,62.1,0.0,462.1
2019-11-27T01:00,203.5,39.3,164.2,94.9,691.7
2019-11-27T02:00,331.2,95.7,235.5,172.1,859.6
2019-11-27T03:00,418.0,186.0,232.0,286.0,954.5
2019-11-27T04:00,360.3,97.1,263.3,140.8,969.7
2019-11-27T05:00,233.9,25.9,208.0,38.5,904.4
2019-11-27T06:00,168.1,0.0,168.1,0.0,762.9
2019-11-27T07:00,141.3,18.4,122.9,38.9,554.9
2019-11-27T08:00,39.9,0.7,39.2,2.3,294.5
2019-11-27T09:00,0.0,0.0,0.0,0.0,0.0
2019-11-27T10:00,0.0,0.0,0.0,0.0,0.0
2019-11-27T11:00,0.0,0.0,0.0,0.0,0.0
2019-11-27T12:00,0.0,0.0,0.0,0.0,0.0
2019-11-27T13:00,0.0,0.0,0.0,0.0,0.0
2019-11-27T14:00,0.0,0.0,0.0,0.0,0.0
2019-11-27T15:00,0.0,0.0,0.0,0.0,0.0
2019-11-27T16:00,0.0,0.0,0.0,0.0,0.0
2019-11-27T17:00,0.0,0.0,0.0,0.0,0.0
2019-11-27T18:00,0.0,0.0,0.0,0.0,0.0
2019-11-27T19:00,0.0,0.0,0.0,0.0,0.0
2019-11-27T20:00,0.0,0.0,0.0,0.0,0.0
2019-11-27T21:00,0.0,0.0,0.0,0.0,0.0
2019-11-27T22:00,0.0,0.0,0.0,0.0,0.0
2019-11-27T23:00,11.2,0.0,11.2,0.0,182.6
2019-11-28T00:00,89.3,11.3,77.9,49.3,458.2
2019-11-28T01:00,135.8,8.3,127.5,20.3,687.9
2019-11-28T02:00,133.2,13.2,120.0,23.9,856.1
2019-11-28T03:00,172.5,11.5,161.0,17.8,951.3
2019-11-28T04:00,227.3,22.0,205.2,32.0,967.0
2019-11-28T05:00,201.3,40.3,161.0,60.1,902.1
2019-11-28T06:00,191.7,47.3,144.5,79.3,761.1
2019-11-28T07:00,118.7,14.2,104.5,30.1,553.6
2019-11-28T08:00,35.7,3.4,32.3,11.3,293.7
2019-11-28T09:00,0.0,0.0,0.0,0.0,0.0
2019-11-28T10:00,0.0,0.0,0.0,0.0,0.0
2019-11-28T11:00,0.0,0.0,0.0,0.0,0.0
2019-11-28T12:00,0.0,0.0,0.0,0.0,0.0
2019-11-28T13:00,0.0,0.0,0.0,0.0,0.0
2019-11-28T14:00,0.0,0.0,0.0,0.0,0.0
2019-11-28T15:00,0.0,0.0,0.0,0.0,0.0
2019-11-28T16:00,0.0,0.0,0.0,0.0,0.0
2019-11-28T17:00,0.0,0.0,0.0,0.0,0.0
2019-11-28T18:00,0.0,0.0,0.0,0.0,0.0
2019-11-28T19:00,0.0,0.0,0.0,0.0,0.0
2019-11-28T20:00,0.0,0.0,0.0,0.0,0.0
2019-11-28T21:00,0.0,0.0,0.0,0.0,0.0
2019-11-28T22:00,0.0,0.0,0.0,0.0,0.0
2019-11-28T23:00,22.4,2.2,20.1,12.7,178.8
2019-11-29T00:00,153.6,55.5,98.1,243.9,454.3
2019-11-29T01:00,357.8,237.3,120.4,581.4,684.2
2019-11-29T02:00,495.7,348.1,147.6,632.1,852.6
2019-11-29T03:00,512.4,285.5,226.9,442.5,948.1
2019-11-29T04:00,587.8,387.6,200.3,565.7,964.3
2019-11-29T05:00,423.8,162.0,261.7,242.6,900.0
2019-11-29T06:00,260.8,67.3,193.6,113.1,759.5
2019-11-29T07:00,224.9,85.3,139.6,181.3,552.5
2019-11-29T08:00,125.8,46.0,79.7,151.8,293.1
2019-11-29T09:00,0.0,0.0,0.0,0.0,0.0
2019-11-29T10:00,0.0,0.0,0.0,0.0,0.0
2019-11-29T11:00,0.0,0.0,0.0,0.0,0.0
2019-11-29T12:00,0.0,0.0,0.0,0.0,0.0
2019-11-29T13:00,0.0,0.0,0.0,0.0,0.0
2019-11-29T14:00,0.0,0.0,0.0,0.0,0.0
2019-11-29T15:00,0.0,0.0,0.0,0.0,0.0
2019-11-29T16:00,0.0,0.0,0.0,0.0,0.0
2019-11-29T17:00,0.0,0.0,0.0,0.0,0.0
2019-11-29T18:00,0.0,0.0,0.0,0.0,0.0
2019-11-29T19:00,0.0,0.0,0.0,0.0,0.0
2019-11-29T20:00,0.0,0.0,0.0,0.0,0.0
2019-11-29T21:00,0.0,0.0,0.0,0.0,0.0
2019-11-29T22:00,0.0,0.0,0.0,0.0,0.0
2019-11-29T23:00,22.4,4.5,17.9,25.6,175.0
2019-11-30T00:00,161.2,72.8,88.5,324.0,450.6
2019-11-30T01:00,273.4,160.0,113.4,394.6,680.5
2019-11-30T02:00,470.6,320.7,149.9,585.3,849.2
2019-11-30T03:00,358.8,202.9,155.9,315.8,945.1
2019-11-30T04:00,550.9,421.7,129.2,617.6,961.7
2019-11-30T05:00,545.6,396.0,149.6,594.7,897.9
2019-11-30T06:00,371.8,247.2,124.5,416.8,758.0
2019-11-30T07:00,309.3,219.9,89.4,468.6,551.5
2019-11-30T08:00,140.9,88.0,52.9,290.5,292.6
2019-11-30T09:00,0.0,0.0,0.0,0.0,0.0
2019-11-30T10:00,0.0,0.0,0.0,0.0,0.0
2019-11-30T11:00,0.0,0.0,0.0,0.0,0.0
2019-11-30T12:00,0.0,0.0,0.0,0.0,0.0
2019-11-30T13:00,0.0,0.0,0.0,0.0,0.0
2019-11-30T14:00,0.0,0.0,0.0,0.0,0.0
2019-11-30T15:00,0.0,0.0,0.0,0.0,0.0
2019-11-30T16:00,0.0,0.0,0.0,0.0,0.0
2019-11-30T17:00,0.0,0.0,0.0,0.0,0.0
2019-11-30T18:00,0.0,0.0,0.0,0.0,0.0
2019-11-30T19:00,0.0,0.0,0.0,0.0,0.0
2019-11-30T20:00,0.0,0.0,0.0,0.0,0.0
2019-11-30T21:00,0.0,0.0,0.0,0.0,0.0
2019-11-30T22:00,0.0,0.0,0.0,0.0,0.0
2019-11-30T23:00,31.5,9.0,22.5,51.5,171.3
2019-12-01T00:00,173.3,85.9,87.4,387.2,446.9
2019-12-01T01:00,398.0,271.3,126.7,673.8,677.0
2019-12-01T02:00,544.8,426.8,118.0,782.6,845.9
2019-12-01T03:00,650.9,542.0,108.8,846.7,942.2
2019-12-01T04:00,670.3,564.1,106.2,828.7,959.3
2019-12-01T05:00,584.1,479.6,104.5,722.0,896.0
2019-12-01T06:00,486.4,387.3,99.1,654.5,756.6
2019-12-01T07:00,328.6,248.3,80.3,530.3,550.7
2019-12-01T08:00,151.2,99.7,51.6,329.7,292.2
2019-12-01T09:00,0.0,0.0,0.0,0.0,0.0
2019-12-01T10:00,0.0,0.0,0.0,0.0,0.0
2019-12-01T11:00,0.0,0.0,0.0,0.0,0.0
2019-12-01T12:00,0.0,0.0,0.0,0.0,0.0
2019-12-01T13:00,0.0,0.0,0.0,0.0,0.0
2019-12-01T14:00,0.0,0.0,0.0,0.0,0.0
2019-12-01T15:00,0.0,0.0,0.0,0.0,0.0
2019-12-01T16:00,0.0,0.0,0.0,0.0,0.0
2019-12-01T17:00,0.0,0.0,0.0,0.0,0.0
2019-12-01T18:00,0.0,0.0,0.0,0.0,0.0
2019-12-01T19:00,0.0,0.0,0.0,0.0,0.0
2019-12-01T20:00,0.0,0.0,0.0,0.0,0.0
2019-12-01T21:00,0.0,0.0,0.0,0.0,0.0
2019-12-01T22:00,0.0,0.0,0.0,0.0,0.0
2019-12-01T23:00,9.0,0.0,9.0,0.0,167.7
2019-12-02T00:00,37.4,1.4,35.9,6.6,443.2
2019-12-02T01:00,92.1,10.8,81.4,26.9,673.5
2019-12-02T02:00,139.0,9.9,129.1,18.3,842.7
2019-12-02T03:00,240.8,30.4,210.4,47.6,939.4
2019-12-02T04:00,194.4,14.0,180.4,20.7,957.0
2019-12-02T05:00,192.8,18.2,174.6,27.5,894.2
2019-12-02T06:00,91.8,0.9,90.9,1.5,755.4
2019-12-02T07:00,78.6,5.0,73.6,10.7,550.0
2019-12-02T08:00,52.3,2.8,49.5,9.1,292.0
2019-12-02T09:00,0.0,0.0,0.0,0.0,0.0
2019-12-02T10:00,0.0,0.0,0.0,0.0,0.0
2019-12-02T11:00,0.0,0.0,0.0,0.0,0.0
2019-12-02T12:00,0.0,0.0,0.0,0.0,0.0
2019-12-02T13:00,0.0,0.0,0.0,0.0,0.0
2019-12-02T14:00,0.0,0.0,0.0,0.0,0.0
2019-12-02T15:00,0.0,0.0,0.0,0.0,0.0
2019-12-02T16:00,0.0,0.0,0.0,0.0,0.0
2019-12-02T17:00,0.0,0.0,0.0,0.0,0.0
2019-12-02T18:00,0.0,0.0,0.0,0.0,0.0
2019-12-02T19:00,0.0,0.0,0.0,0.0,0.0
2019-12-02T20:00,0.0,0.0,0.0,0.0,0.0
2019-12-02T21:00,0.0,0.0,0.0,0.0,0.0
2019-12-02T22:00,0.0,0.0,0.0,0.0,0.0
2019-12-02T23:00,15.9,2.3,13.6,13.0,164.1
2019-12-03T00:00,145.7,50.5,95.2,233.1,439.7
2019-12-03T01:00,216.9,50.3,166.5,126.6,670.1
2019-12-03T02:00,413.0,167.8,245.1,310.6,839.6
2019-12-03T03:00,388.5,110.0,278.6,173.0,936.7
2019-12-03T04:00,356.9,90.2,266.7,133.3,954.8
2019-12-03T05:00,461.5,200.5,261.0,303.4,892.5
2019-12-03T06:00,260.1,100.0,160.1,169.8,754.3
2019-12-03T07:00,215.8,92.8,123.0,198.9,549.4
2019-12-03T08:00,114.2,40.6,73.6,134.6,291.8
2019-12-03T09:00,0.0,0.0,0.0,0.0,0.0
2019-12-03T10:00,0.0,0.0,0.0,0.0,0.0
2019-12-03T11:00,0.0,0.0,0.0,0.0,0.0
2019-12-03T12:00,0.0,0.0,0.0,0.0,0.0
2019-12-03T13:00,0.0,0.0,0.0,0.0,0.0
2019-12-03T14:00,0.0,0.0,0.0,0.0,0.0
2019-12-03T15:00,0.0,0.0,0.0,0.0,0.0
2019-12-03T16:00,0.0,0.0,0.0,0.0,0.0
2019-12-03T17:00,0.0,0.0,0.0,0.0,0.0
2019-12-03T18:00,0.0,0.0,0.0,0.0,0.0
2019-12-03T19:00,0.0,0.0,0.0,0.0,0.0
2019-12-03T20:00,0.0,0.0,0.0,0.0,0.0
2019-12-03T21:00,0.0,0.0,0.0,0.0,0.0
2019-12-03T22:00,0.0,0.0,0.0,0.0,0.0
2019-12-03T23:00,20.4,2.3,18.2,13.1,160.6
2019-12-04T00:00,140.4,46.3,94.1,216.4,436.2
2019-12-04T01:00,331.1,213.5,117.6,540.7,666.8
2019-12-04T02:00,407.7,213.2,194.4,396.4,836.7
2019-12-04T03:00,225.2,10.5,214.8,16.5,934.2
2019-12-04T04:00,260.7,40.1,220.6,59.4,952.7
2019-12-04T05:00,239.9,36.5,203.5,55.3,891.0
2019-12-04T06:00,152.8,6.4,146.4,10.8,753.3
2019-12-04T07:00,126.3,11.7,114.6,25.1,548.9
2019-12-04T08:00,35.8,0.0,35.8,0.0,291.9
2019-12-04T09:00,0.0,0.0,0.0,0.0,0.0
2019-12-04T10:00,0.0,0.0,0.0,0.0,0.0
2019-12-04T11:00,0.0,0.0,0.0,0.0,0.0
2019-12-04T12:00,0.0,0.0,0.0,0.0,0.0
2019-12-04T13:00,0.0,0.0,0.0,0.0,0.0
2019-12-04T14:00,0.0,0.0,0.0,0.0,0.0
2019-12-04T15:00,0.0,0.0,0.0,0.0,0.0
2019-12-04T16:00,0.0,0.0,0.0,0.0,0.0
2019-12-04T17:00,0.0,0.0,0.0,0.0,0.0
2019-12-04T18:00,0.0,0.0,0.0,0.0,0.0
2019-12-04T19:00,0.0,0.0,0.0,0.0,0.0
2019-12-04T20:00,0.0,0.0,0.0,0.0,0.0
2019-12-04T21:00,0.0,0.0,0.0,0.0,0.0
2019-12-04T22:00,0.0,0.0,0.0,0.0,0.0
2019-12-04T23:00,4.6,0.0,4.6,0.0,157.2
2019-12-05T00:00,26.2,0.0,26.2,0.0,432.9
2019-12-05T01:00,84.1,1.2,82.9,3.1,663.7
2019-12-05T02:00,86.2,0.0,86.2,0.0,833.8
2019-12-05T03:00,216.9,66.0,150.9,104.6,931.8
2019-12-05T04:00,105.3,0.0,105.3,0.0,950.8
2019-12-05T05:00,98.9,2.9,96.0,4.4,889.7
2019-12-05T06:00,74.6,0.0,74.6,0.0,752.5
2019-12-05T07:00,50.2,0.0,50.2,0.0,548.6
2019-12-05T08:00,15.8,0.0,15.8,0.0,292.0
2019-12-05T09:00,0.0,0.0,0.0,0.0,0.0
2019-12-05T10:00,0.0,0.0,0.0,0.0,0.0
2019-12-05T11:00,0.0,0.0,0.0,0.0,0.0
2019-12-05T12:00,0.0,0.0,0.0,0.0,0.0
2019-12-05T13:00,0.0,0.0,0.0,0.0,0.0
2019-12-05T14:00,0.0,0.0,0.0,0.0,0.0
2019-12-05T15:00,0.0,0.0,0.0,0.0,0.0
2019-12-05T16:00,0.0,0.0,0.0,0.0,0.0
2019-12-05T17:00,0.0,0.0,0.0,0.0,0.0
2019-12-05T18:00,0.0,0.0,0.0,0.0,0.0
2019-12-05T19:00,0.0,0.0,0.0,0.0,0.0
2019-12-05T20:00,0.0,0.0,0.0,0.0,0.0
2019-12-05T21:00,0.0,0.0,0.0,0.0,0.0
2019-12-05T22:00,0.0,0.0,0.0,0.0,0.0
2019-12-05T23:00,4.6,0.0,4.6,0.0,153.8
2019-12-06T00:00,23.3,0.0,23.3,0.0,429.6
2019-12-06T01:00,37.3,1.2,36.1,3.1,660.6
2019-12-06T02:00,90.7,1.1,89.6,2.1,831.1
2019-12-06T03:00,93.3,3.1,90.2,5.0,929.4
2019-12-06T04:00,58.2,0.0,58.2,0.0,949.0
2019-12-06T05:00,78.7,2.9,75.9,4.4,888.4
2019-12-06T06:00,64.6,1.8,62.8,3.1,751.8
2019-12-06T07:00,33.5,0.0,33.5,0.0,548.5
2019-12-06T08:00,12.4,0.0,12.4,0.0,292.3
2019-12-06T09:00,0.0,0.0,0.0,0.0,0.7
2019-12-06T10:00,0.0,0.0,0.0,0.0,0.0
2019-12-06T11:00,0.0,0.0,0.0,0.0,0.0
2019-12-06T12:00,0.0,0.0,0.0,0.0,0.0
2019-12-06T13:00,0.0,0.0,0.0,0.0,0.0
2019-12-06T14:00,0.0,0.0,0.0,0.0,0.0
2019-12-06T15:00,0.0,0.0,0.0,0.0,0.0
2019-12-06T16:00,0.0,0.0,0.0,0.0,0.0
2019-12-06T17:00,0.0,0.0,0.0,0.0,0.0
2019-12-06T18:00,0.0,0.0,0.0,0.0,0.0
2019-12-06T19:00,0.0,0.0,0.0,0.0,0.0
2019-12-06T20:00,0.0,0.0,0.0,0.0,0.0
2019-12-06T21:00,0.0,0.0,0.0,0.0,0.0
2019-12-06T22:00,0.0,0.0,0.0,0.0,0.0
2019-12-06T23:00,4.6,0.0,4.6,0.0,150.4
2019-12-07T00:00,32.2,0.0,32.2,0.0,426.3
2019-12-07T01:00,68.6,0.0,68.6,0.0,657.5
2019-12-07T02:00,139.5,6.6,132.8,12.5,828.4
2019-12-07T03:00,144.7,3.1,141.6,5.0,927.2
2019-12-07T04:00,202.7,20.1,182.7,30.0,947.3
2019-12-07T05:00,143.1,31.7,111.4,48.3,887.3
2019-12-07T06:00,85.6,0.0,85.6,0.0,751.3
2019-12-07T07:00,90.4,15.9,74.5,34.2,548.5
2019-12-07T08:00,35.2,3.4,31.7,11.5,292.7
2019-12-07T09:00,0.2,0.0,0.1,0.3,1.5
2019-12-07T10:00,0.0,0.0,0.0,0.0,0.0
2019-12-07T11:00,0.0,0.0,0.0,0.0,0.0
2019-12-07T12:00,0.0,0.0,0.0,0.0,0.0
2019-12-07T13:00,0.0,0.0,0.0,0.0,0.0
2019-12-07T14:00,0.0,0.0,0.0,0.0,0.0
2019-12-07T15:00,0.0,0.0,0.0,0.0,0.0
2019-12-07T16:00,0.0,0.0,0.0,0.0,0.0
2019-12-07T17:00,0.0,0.0,0.0,0.0,0.0
2019-12-07T18:00,0.0,0.0,0.0,0.0,0.0
2019-12-07T19:00,0.0,0.0,0.0,0.0,0.0
2019-12-07T20:00,0.0,0.0,0.0,0.0,0.0
2019-12-07T21:00,0.0,0.0,0.0,0.0,0.0
2019-12-07T22:00,0.0,0.0,0.0,0.0,0.0
2019-12-07T23:00,25.4,6.9,18.4,39.9,147.0
2019-12-08T00:00,145.5,63.2,82.3,309.3,423.0
2019-12-08T01:00,330.2,161.5,168.7,419.1,654.5
2019-12-08T02:00,553.7,427.5,126.2,808.0,825.7
2019-12-08T03:00,527.7,304.3,223.5,486.4,925.1
2019-12-08T04:00,395.5,114.4,281.1,171.2,945.7
2019-12-08T05:00,549.5,380.4,169.1,581.2,886.3
2019-12-08T06:00,442.5,276.8,165.7,473.1,750.9
2019-12-08T07:00,256.4,105.6,150.8,227.2,548.6
2019-12-08T08:00,160.2,101.5,58.7,336.9,293.3
2019-12-08T09:00,1.1,0.6,0.5,3.2,2.4
2019-12-08T10:00,0.0,0.0,0.0,0.0,0.0
2019-12-08T11:00,0.0,0.0,0.0,0.0,0.0
2019-12-08T12:00,0.0,0.0,0.0,0.0,0.0
2019-12-08T13:00,0.0,0.0,0.0,0.0,0.0
2019-12-08T14:00,0.0,0.0,0.0,0.0,0.0
2019-12-08T15:00,0.0,0.0,0.0,0.0,0.0
2019-12-08T16:00,0.0,0.0,0.0,0.0,0.0
2019-12-08T17:00,0.0,0.0,0.0,0.0,0.0
2019-12-08T18:00,0.0,0.0,0.0,0.0,0.0
2019-12-08T19:00,0.0,0.0,0.0,0.0,0.0
2019-12-08T20:00,0.0,0.0,0.0,0.0,0.0
2019-12-08T21:00,0.0,0.0,0.0,0.0,0.0
2019-12-08T22:00,0.0,0.0,0.0,0.0,0.0
2019-12-08T23:00,25.5,4.6,20.8,26.7,143.7
2019-12-09T00:00,208.0,113.6,94.4,562.6,419.8
2019-12-09T01:00,277.5,105.0,172.5,274.1,651.5
2019-12-09T02:00,480.9,281.5,199.5,534.1,823.2
2019-12-09T03:00,413.5,132.3,281.3,212.0,923.0
2019-12-09T04:00,436.8,137.6,299.3,206.3,944.3
2019-12-09T05:00,312.3,82.6,229.7,126.4,885.5
2019-12-09T06:00,248.7,32.8,215.9,56.1,750.6
2019-12-09T07:00,191.1,63.7,127.4,137.2,548.9
2019-12-09T08:00,89.9,27.7,62.2,91.7,294.1
2019-12-09T09:00,0.9,0.2,0.7,1.1,3.5
2019-12-09T10:00,0.0,0.0,0.0,0.0,0.0
2019-12-09T11:00,0.0,0.0,0.0,0.0,0.0
2019-12-09T12:00,0.0,0.0,0.0,0.0,0.0
2019-12-09T13:00,0.0,0.0,0.0,0.0,0.0
2019-12-09T14:00,0.0,0.0,0.0,0.0,0.0
2019-12-09T15:00,0.0,0.0,0.0,0.0,0.0
2019-12-09T16:00,0.0,0.0,0.0,0.0,0.0
2019-12-09T17:00,0.0,0.0,0.0,0.0,0.0
2019-12-09T18:00,0.0,0.0,0.0,0.0,0.0
2019-12-09T19:00,0.0,0.0,0.0,0.0,0.0
2019-12-09T20:00,0.0,0.0,0.0,0.0,0.0
2019-12-09T21:00,0.0,0.0,0.0,0.0,0.0
2019-12-09T22:00,0.0,0.0,0.0,0.0,0.0
2019-12-09T23:00,23.2,4.6,18.6,26.8,140.3
2019-12-10T00:00,198.4,100.7,97.7,504.7,416.5
2019-12-10T01:00,364.8,233.2,131.7,612.3,648.6
2019-12-10T02:00,485.7,331.5,154.1,631.6,820.7
2019-12-10T03:00,507.2,345.5,161.7,555.4,921.0
2019-12-10T04:00,487.2,308.4,178.8,463.3,942.9
2019-12-10T05:00,353.7,132.7,221.1,203.2,884.7
2019-12-10T06:00,255.1,43.7,211.4,74.9,750.5
2019-12-10T07:00,285.2,169.4,115.7,364.8,549.3
2019-12-10T08:00,132.3,76.9,55.4,254.5,295.0
2019-12-10T09:00,1.1,0.6,0.6,3.0,4.7
2019-12-10T10:00,0.0,0.0,0.0,0.0,0.0
2019-12-10T11:00,0.0,0.0,0.0,0.0,0.0
2019-12-10T12:00,0.0,0.0,0.0,0.0,0.0
2019-12-10T13:00,0.0,0.0,0.0,0.0,0.0
2019-12-10T14:00,0.0,0.0,0.0,0.0,0.0
2019-12-10T15:00,0.0,0.0,0.0,0.0,0.0
2019-12-10T16:00,0.0,0.0,0.0,0.0,0.0
2019-12-10T17:00,0.0,0.0,0.0,0.0,0.0
2019-12-10T18:00,0.0,0.0,0.0,0.0,0.0
2019-12-10T19:00,0.0,0.0,0.0,0.0,0.0
2019-12-10T20:00,0.0,0.0,0.0,0.0,0.0
2019-12-10T21:00,0.0,0.0,0.0,0.0,0.0
2019-12-10T22:00,0.0,0.0,0.0,0.0,0.0
2019-12-10T23:00,16.3,2.3,14.0,13.5,137.0
2019-12-11T00:00,148.7,69.9,78.8,354.4,413.4
2019-12-11T01:00,308.4,177.8,130.6,469.7,645.7
2019-12-11T02:00,507.0,367.3,139.8,702.4,818.3
2019-12-11T03:00,593.5,430.7,162.8,694.3,919.2
2019-12-11T04:00,486.4,270.3,216.1,406.9,941.7
2019-12-11T05:00,414.4,171.2,243.3,262.6,884.1
2019-12-11T06:00,311.7,142.2,169.5,243.6,750.5
2019-12-11T07:00,203.9,83.9,120.0,180.6,549.9
2019-12-11T08:00,126.2,54.8,71.4,181.1,296.0
2019-12-11T09:00,2.1,1.0,1.2,5.1,6.1
2019-12-11T10:00,0.0,0.0,0.0,0.0,0.0
2019-12-11T11:00,0.0,0.0,0.0,0.0,0.0
2019-12-11T12:00,0.0,0.0,0.0,0.0,0.0
2019-12-11T13:00,0.0,0.0,0.0,0.0,0.0
2019-12-11T14:00,0.0,0.0,0.0,0.0,0.0
2019-12-11T15:00,0.0,0.0,0.0,0.0,0.0
2019-12-11T16:00,0.0,0.0,0.0,0.0,0.0
2019-12-11T17:00,0.0,0.0,0.0,0.0,0.0
2019-12-11T18:00,0.0,0.0,0.0,0.0,0.0
2019-12-11T19:00,0.0,0.0,0.0,0.0,0.0
2019-12-11T20:00,0.0,0.0,0.0,0.0,0.0
2019-12-11T21:00,0.0,0.0,0.0,0.0,0.0
2019-12-11T22:00,0.0,0.0,0.0,0.0,0.0
2019-12-11T23:00,23.4,7.0,16.4,40.5,133.7
2019-12-12T00:00,203.0,119.4,83.6,613.0,410.3
2019-12-12T01:00,374.2,250.7,123.5,666.1,643.0
2019-12-12T02:00,438.5,244.2,194.3,468.9,815.9
2019-12-12T03:00,491.8,260.6,231.2,421.2,917.4
2019-12-12T04:00,508.6,303.6,205.1,457.8,940.5
2019-12-12T05:00,493.4,252.0,241.4,387.0,883.6
2019-12-12T06:00,369.3,155.9,213.4,267.2,750.6
2019-12-12T07:00,283.8,136.9,146.9,294.5,550.6
2019-12-12T08:00,148.0,90.3,57.7,298.0,297.2
2019-12-12T09:00,3.0,1.4,1.6,7.7,7.6
2019-12-12T10:00,0.0,0.0,0.0,0.0,0.0
2019-12-12T11:00,0.0,0.0,0.0,0.0,0.0
2019-12-12T12:00,0.0,0.0,0.0,0.0,0.0
2019-12-12T13:00,0.0,0.0,0.0,0.0,0.0
2019-12-12T14:00,0.0,0.0,0.0,0.0,0.0
2019-12-12T15:00,0.0,0.0,0.0,0.0,0.0
2019-12-12T16:00,0.0,0.0,0.0,0.0,0.0
2019-12-12T17:00,0.0,0.0,0.0,0.0,0.0
2019-12-12T18:00,0.0,0.0,0.0,0.0,0.0
2019-12-12T19:00,0.0,0.0,0.0,0.0,0.0
2019-12-12T20:00,0.0,0.0,0.0,0.0,0.0
2019-12-12T21:00,0.0,0.0,0.0,0.0,0.0
2019-12-12T22:00,0.0,0.0,0.0,0.0,0.0
2019-12-12T23:00,21.2,4.7,16.5,27.1,130.5
2019-12-13T00:00,185.9,98.9,86.9,513.8,407.2
2019-12-13T01:00,346.8,229.2,117.6,612.4,640.3
2019-12-13T02:00,494.4,358.8,135.5,691.3,813.7
2019-12-13T03:00,525.7,354.3,171.4,574.0,915.8
2019-12-13T04:00,532.0,346.9,185.0,524.0,939.5
2019-12-13T05:00,458.0,256.9,201.1,394.9,883.3
2019-12-13T06:00,353.0,181.5,171.5,311.2,750.9
2019-12-13T07:00,313.4,218.5,94.9,469.7,551.5
2019-12-13T08:00,155.9,94.7,61.3,311.6,298.5
2019-12-13T09:00,3.7,1.9,1.8,10.2,9.2
2019-12-13T10:00,0.0,0.0,0.0,0.0,0.0
2019-12-13T11:00,0.0,0.0,0.0,0.0,0.0
2019-12-13T12:00,0.0,0.0,0.0,0.0,0.0
2019-12-13T13:00,0.0,0.0,0.0,0.0,0.0
2019-12-13T14:00,0.0,0.0,0.0,0.0,0.0
2019-12-13T15:00,0.0,0.0,0.0,0.0,0.0
2019-12-13T16:00,0.0,0.0,0.0,0.0,0.0
2019-12-13T17:00,0.0,0.0,0.0,0.0,0.0
2019-12-13T18:00,0.0,0.0,0.0,0.0,0.0
2019-12-13T19:00,0.0,0.0,0.0,0.0,0.0
2019-12-13T20:00,0.0,0.0,0.0,0.0,0.0
2019-12-13T21:00,0.0,0.0,0.0,0.0,0.0
2019-12-13T22:00,0.0,0.0,0.0,0.0,0.0
2019-12-13T23:00,9.5,2.4,7.1,13.6,127.3
2019-12-14T00:00,82.8,22.6,60.2,118.6,404.3
2019-12-14T01:00,224.6,100.8,123.8,270.8,637.6
2019-12-14T02:00,362.4,205.7,156.7,397.6,811.6
2019-12-14T03:00,554.3,365.0,189.3,592.7,914.2
2019-12-14T04:00,498.9,287.7,211.2,435.2,938.6
2019-12-14T05:00,355.2,129.0,226.2,198.4,883.1
2019-12-14T06:00,333.1,164.3,168.8,281.7,751.3
2019-12-14T07:00,229.5,112.7,116.9,242.1,552.4
2019-12-14T08:00,126.2,64.9,61.4,212.9,299.9
2019-12-14T09:00,3.4,1.1,2.3,6.0,10.9
2019-12-14T10:00,0.0,0.0,0.0,0.0,0.0
2019-12-14T11:00,0.0,0.0,0.0,0.0,0.0
2019-12-14T12:00,0.0,0.0,0.0,0.0,0.0
2019-12-14T13:00,0.0,0.0,0.0,0.0,0.0
2019-12-14T14:00,0.0,0.0,0.0,0.0,0.0
2019-12-14T15:00,0.0,0.0,0.0,0.0,0.0
2019-12-14T16:00,0.0,0.0,0.0,0.0,0.0
2019-12-14T17:00,0.0,0.0,0.0,0.0,0.0
2019-12-14T18:00,0.0,0.0,0.0,0.0,0.0
2019-12-14T19:00,0.0,0.0,0.0,0.0,0.0
2019-12-14T20:00,0.0,0.0,0.0,0.0,0.0
2019-12-14T21:00,0.0,0.0,0.0,0.0,0.0
2019-12-14T22:00,0.0,0.0,0.0,0.0,0.0
2019-12-14T23:00,21.4,7.1,14.3,40.9,124.2
2019-12-15T00:00,202.5,122.4,80.1,650.7,401.3
2019-12-15T01:00,396.3,296.6,99.7,801.3,635.1
2019-12-15T02:00,532.8,418.2,114.6,811.2,809.6
2019-12-15T03:00,588.2,435.6,152.6,709.0,912.8
2019-12-15T04:00,596.7,451.8,144.9,684.4,937.8
2019-12-15T05:00,562.3,419.8,142.5,646.3,882.9
2019-12-15T06:00,487.6,378.0,109.6,648.0,751.9
2019-12-15T07:00,350.0,268.4,81.6,576.1,553.5
2019-12-15T08:00,173.3,123.0,50.3,402.6,301.4
2019-12-15T09:00,5.6,3.1,2.5,16.9,12.7
2019-12-15T10:00,0.0,0.0,0.0,0.0,0.0
2019-12-15T11:00,0.0,0.0,0.0,0.0,0.0
2019-12-15T12:00,0.0,0.0,0.0,0.0,0.0
2019-12-15T13:00,0.0,0.0,0.0,0.0,0.0
2019-12-15T14:00,0.0,0.0,0.0,0.0,0.0
2019-12-15T15:00,0.0,0.0,0.0,0.0,0.0
2019-12-15T16:00,0.0,0.0,0.0,0.0,0.0
2019-12-15T17:00,0.0,0.0,0.0,0.0,0.0
2019-12-15T18:00,0.0,0.0,0.0,0.0,0.0
2019-12-15T19:00,0.0,0.0,0.0,0.0,0.0
2019-12-15T20:00,0.0,0.0,0.0,0.0,0.0
2019-12-15T21:00,0.0,0.0,0.0,0.0,0.0
2019-12-15T22:00,0.0,0.0,0.0,0.0,0.0
2019-12-15T23:00,21.5,7.2,14.3,41.0,121.1
2019-12-16T00:00,203.3,129.0,74.4,693.5,398.5
2019-12-16T01:00,390.7,296.9,93.7,806.5,632.7
2019-12-16T02:00,540.9,439.7,101.3,855.5,807.6
2019-12-16T03:00,633.8,529.5,104.2,863.5,911.5
2019-12-16T04:00,660.4,555.7,104.7,842.7,937.2
2019-12-16T05:00,619.4,519.2,100.2,799.7,883.0
2019-12-16T06:00,514.3,424.8,89.5,728.0,752.5
2019-12-16T07:00,360.4,285.5,74.9,611.9,554.7
2019-12-16T08:00,175.8,127.4,48.3,415.9,303.0
2019-12-16T09:00,6.5,3.7,2.8,20.3,14.6
2019-12-16T10:00,0.0,0.0,0.0,0.0,0.0
2019-12-16T11:00,0.0,0.0,0.0,0.0,0.0
2019-12-16T12:00,0.0,0.0,0.0,0.0,0.0
2019-12-16T13:00,0.0,0.0,0.0,0.0,0.0
2019-12-16T14:00,0.0,0.0,0.0,0.0,0.0
2019-12-16T15:00,0.0,0.0,0.0,0.0,0.0
2019-12-16T16:00,0.0,0.0,0.0,0.0,0.0
2019-12-16T17:00,0.0,0.0,0.0,0.0,0.0
2019-12-16T18:00,0.0,0.0,0.0,0.0,0.0
2019-12-16T19:00,0.0,0.0,0.0,0.0,0.0
2019-12-16T20:00,0.0,0.0,0.0,0.0,0.0
2019-12-16T21:00,0.0,0.0,0.0,0.0,0.0
2019-12-16T22:00,0.0,0.0,0.0,0.0,0.0
2019-12-16T23:00,19.2,4.8,14.4,27.4,118.2
2019-12-17T00:00,192.0,114.3,77.7,621.3,395.8
2019-12-17T01:00,371.6,271.7,99.9,741.7,630.3
2019-12-17T02:00,515.7,404.3,111.4,789.1,805.8
2019-12-17T03:00,617.2,503.4,113.7,822.5,910.3
2019-12-17T04:00,642.5,529.7,112.8,804.2,936.7
2019-12-17T05:00,594.5,485.7,108.9,748.4,883.1
2019-12-17T06:00,478.9,370.1,108.8,634.1,753.3
2019-12-17T07:00,325.3,245.2,80.1,524.9,556.0
2019-12-17T08:00,160.0,104.6,55.4,340.1,304.7
2019-12-17T09:00,6.3,3.2,3.2,17.3,16.6
2019-12-17T10:00,0.0,0.0,0.0,0.0,0.0
2019-12-17T11:00,0.0,0.0,0.0,0.0,0.0
2019-12-17T12:00,0.0,0.0,0.0,0.0,0.0
2019-12-17T13:00,0.0,0.0,0.0,0.0,0.0
2019-12-17T14:00,0.0,0.0,0.0,0.0,0.0
2019-12-17T15:00,0.0,0.0,0.0,0.0,0.0
2019-12-17T16:00,0.0,0.0,0.0,0.0,0.0
2019-12-17T17:00,0.0,0.0,0.0,0.0,0.0
2019-12-17T18:00,0.0,0.0,0.0,0.0,0.0
2019-12-17T19:00,0.0,0.0,0.0,0.0,0.0
2019-12-17T20:00,0.0,0.0,0.0,0.0,0.0
2019-12-17T21:00,0.0,0.0,0.0,0.0,0.0
2019-12-17T22:00,0.0,0.0,0.0,0.0,0.0
2019-12-17T23:00,4.8,0.0,4.8,0.0,115.3
2019-12-18T00:00,39.8,0.0,39.8,0.0,393.2
2019-12-18T01:00,106.1,12.2,93.9,33.5,628.1
2019-12-18T02:00,211.7,58.0,153.8,113.4,804.1
2019-12-18T03:00,206.5,15.8,190.7,25.9,909.2
2019-12-18T04:00,309.3,57.4,251.8,87.3,936.3
2019-12-18T05:00,348.0,87.7,260.3,135.2,883.4
2019-12-18T06:00,239.5,45.7,193.8,78.3,754.2
2019-12-18T07:00,122.3,16.0,106.3,34.2,557.4
2019-12-18T08:00,45.0,0.0,45.0,0.0,306.6
2019-12-18T09:00,2.4,0.1,2.3,0.6,18.7
2019-12-18T10:00,0.0,0.0,0.0,0.0,0.0
2019-12-18T11:00,0.0,0.0,0.0,0.0,0.0
2019-12-18T12:00,0.0,0.0,0.0,0.0,0.0
2019-12-18T13:00,0.0,0.0,0.0,0.0,0.0
2019-12-18T14:00,0.0,0.0,0.0,0.0,0.0
2019-12-18T15:00,0.0,0.0,0.0,0.0,0.0
2019-12-18T16:00,0.0,0.0,0.0,0.0,0.0
2019-12-18T17:00,0.0,0.0,0.0,0.0,0.0
2019-12-18T18:00,0.0,0.0,0.0,0.0,0.0
2019-12-18T19:00,0.0,0.0,0.0,0.0,0.0
2019-12-18T20:00,0.0,0.0,0.0,0.0,0.0
2019-12-18T21:00,0.0,0.0,0.0,0.0,0.0
2019-12-18T22:00,0.0,0.0,0.0,0.0,0.0
2019-12-18T23:00,7.3,0.0,7.3,0.0,112.5
2019-12-19T00:00,58.4,1.5,56.8,8.5,390.6
2019-12-19T01:00,157.6,29.3,128.2,80.8,626.0
2019-12-19T02:00,172.8,15.6,157.2,30.6,802.6
2019-12-19T03:00,195.0,11.6,183.4,19.0,908.3
2019-12-19T04:00,152.2,1.0,151.2,1.5,936.0
2019-12-19T05:00,128.3,3.9,124.4,5.9,883.8
2019-12-19T06:00,147.3,4.6,142.7,7.8,755.2
2019-12-19T07:00,115.6,14.3,101.3,30.6,559.0
2019-12-19T08:00,45.8,3.5,42.3,11.4,308.5
2019-12-19T09:00,2.2,0.1,2.1,0.7,20.9
2019-12-19T10:00,0.0,0.0,0.0,0.0,0.0
2019-12-19T11:00,0.0,0.0,0.0,0.0,0.0
2019-12-19T12:00,0.0,0.0,0.0,0.0,0.0
2019-12-19T13:00,0.0,0.0,0.0,0.0,0.0
2019-12-19T14:00,0.0,0.0,0.0,0.0,0.0
2019-12-19T15:00,0.0,0.0,0.0,0.0,0.0
2019-12-19T16:00,0.0,0.0,0.0,0.0,0.0
2019-12-19T17:00,0.0,0.0,0.0,0.0,0.0
2019-12-19T18:00,0.0,0.0,0.0,0.0,0.0
2019-12-19T19:00,0.0,0.0,0.0,0.0,0.0
2019-12-19T20:00,0.0,0.0,0.0,0.0,0.0
2019-12-19T21:00,0.0,0.0,0.0,0.0,0.0
2019-12-19T22:00,0.0,0.0,0.0,0.0,0.0
2019-12-19T23:00,4.9,0.0,4.9,0.0,109.8
2019-12-20T00:00,52.4,1.5,50.9,8.7,388.2
2019-12-20T01:00,139.4,20.8,118.6,57.5,624.0
2019-12-20T02:00,254.4,59.1,195.3,116.4,801.1
2019-12-20T03:00,264.7,64.3,200.4,105.6,907.5
2019-12-20T04:00,368.0,140.1,227.8,213.3,935.8
2019-12-20T05:00,296.2,106.1,190.0,163.6,884.3
2019-12-20T06:00,201.3,40.3,161.1,68.9,756.3
2019-12-20T07:00,115.7,11.8,103.9,25.2,560.6
2019-12-20T08:00,49.5,0.0,49.5,0.0,310.5
2019-12-20T09:00,3.4,0.3,3.1,1.5,23.1
2019-12-20T10:00,0.0,0.0,0.0,0.0,0.0
2019-12-20T11:00,0.0,0.0,0.0,0.0,0.0
2019-12-20T12:00,0.0,0.0,0.0,0.0,0.0
2019-12-20T13:00,0.0,0.0,0.0,0.0,0.0
2019-12-20T14:00,0.0,0.0,0.0,0.0,0.0
2019-12-20T15:00,0.0,0.0,0.0,0.0,0.0
2019-12-20T16:00,0.0,0.0,0.0,0.0,0.0
2019-12-20T17:00,0.0,0.0,0.0,0.0,0.0
2019-12-20T18:00,0.0,0.0,0.0,0.0,0.0
2019-12-20T19:00,0.0,0.0,0.0,0.0,0.0
2019-12-20T20:00,0.0,0.0,0.0,0.0,0.0
2019-12-20T21:00,0.0,0.0,0.0,0.0,0.0
2019-12-20T22:00,0.0,0.0,0.0,0.0,0.0
2019-12-20T23:00,4.9,0.0,4.9,0.0,107.2
2019-12-21T00:00,40.2,1.5,38.7,8.8,385.9
2019-12-21T01:00,86.9,0.0,86.9,0.0,622.2
2019-12-21T02:00,213.2,38.0,175.3,74.9,799.8
2019-12-21T03:00,368.2,112.9,255.3,185.6,906.8
2019-12-21T04:00,285.4,30.3,255.1,46.1,935.8
2019-12-21T05:00,395.7,182.4,213.3,281.1,884.9
2019-12-21T06:00,412.9,298.5,114.5,509.9,757.5
2019-12-21T07:00,263.8,164.9,98.9,350.3,562.3
2019-12-21T08:00,111.2,54.5,56.7,174.6,312.6
2019-12-21T09:00,6.8,2.5,4.3,14.0,25.4
2019-12-21T10:00,0.0,0.0,0.0,0.0,0.0
2019-12-21T11:00,0.0,0.0,0.0,0.0,0.0
2019-12-21T12:00,0.0,0.0,0.0,0.0,0.0
2019-12-21T13:00,0.0,0.0,0.0,0.0,0.0
2019-12-21T14:00,0.0,0.0,0.0,0.0,0.0
2019-12-21T15:00,0.0,0.0,0.0,0.0,0.0
2019-12-21T16:00,0.0,0.0,0.0,0.0,0.0
2019-12-21T17:00,0.0,0.0,0.0,0.0,0.0
2019-12-21T18:00,0.0,0.0,0.0,0.0,0.0
2019-12-21T19:00,0.0,0.0,0.0,0.0,0.0
2019-12-21T20:00,0.0,0.0,0.0,0.0,0.0
2019-12-21T21:00,0.0,0.0,0.0,0.0,0.0
2019-12-21T22:00,0.0,0.0,0.0,0.0,0.0
2019-12-21T23:00,7.4,0.0,7.4,0.0,104.7
2019-12-22T00:00,76.1,12.4,63.7,71.1,383.8
2019-12-22T01:00,181.4,42.9,138.5,119.7,620.4
2019-12-22T02:00,231.2,79.3,151.9,156.8,798.6
2019-12-22T03:00,357.8,156.2,201.6,257.1,906.3
2019-12-22T04:00,281.5,55.5,226.0,84.5,935.9
2019-12-22T05:00,216.2,54.1,162.2,83.3,885.7
2019-12-22T06:00,143.8,17.4,126.4,29.7,758.9
2019-12-22T07:00,70.2,0.8,69.4,1.8,564.2
2019-12-22T08:00,41.9,5.7,36.2,18.1,314.8
2019-12-22T09:00,3.0,0.0,3.0,0.0,27.8
2019-12-22T10:00,0.0,0.0,0.0,0.0,0.0
2019-12-22T11:00,0.0,0.0,0.0,0.0,0.0
2019-12-22T12:00,0.0,0.0,0.0,0.0,0.0
2019-12-22T13:00,0.0,0.0,0.0,0.0,0.0
2019-12-22T14:00,0.0,0.0,0.0,0.0,0.0
2019-12-22T15:00,0.0,0.0,0.0,0.0,0.0
2019-12-22T16:00,0.0,0.0,0.0,0.0,0.0
2019-12-22T17:00,0.0,0.0,0.0,0.0,0.0
2019-12-22T18:00,0.0,0.0,0.0,0.0,0.0
2019-12-22T19:00,0.0,0.0,0.0,0.0,0.0
2019-12-22T20:00,0.0,0.0,0.0,0.0,0.0
2019-12-22T21:00,0.0,0.0,0.0,0.0,0.0
2019-12-22T22:00,0.0,0.0,0.0,0.0,0.0
2019-12-22T23:00,7.5,0.0,7.5,0.0,102.4
2019-12-23T00:00,118.5,42.1,76.4,242.8,381.7
2019-12-23T01:00,213.4,73.6,139.8,206.2,618.8
2019-12-23T02:00,344.2,176.6,167.7,349.8,797.6
2019-12-23T03:00,267.1,28.5,238.6,47.0,905.9
2019-12-23T04:00,231.1,12.1,219.0,18.5,936.2
2019-12-23T05:00,257.9,19.3,238.5,29.7,886.5
2019-12-23T06:00,169.6,2.7,166.8,4.7,760.3
2019-12-23T07:00,133.0,0.8,132.1,1.8,566.1
2019-12-23T08:00,55.5,0.7,54.8,2.3,317.1
2019-12-23T09:00,8.3,2.8,5.5,15.3,30.3
2019-12-23T10:00,0.0,0.0,0.0,0.0,0.0
2019-12-23T11:00,0.0,0.0,0.0,0.0,0.0
2019-12-23T12:00,0.0,0.0,0.0,0.0,0.0
2019-12-23T13:00,0.0,0.0,0.0,0.0,0.0
2019-12-23T14:00,0.0,0.0,0.0,0.0,0.0
2019-12-23T15:00,0.0,0.0,0.0,0.0,0.0
2019-12-23T16:00,0.0,0.0,0.0,0.0,0.0
2019-12-23T17:00,0.0,0.0,0.0,0.0,0.0
2019-12-23T18:00,0.0,0.0,0.0,0.0,0.0
2019-12-23T19:00,0.0,0.0,0.0,0.0,0.0
2019-12-23T20:00,0.0,0.0,0.0,0.0,0.0
2019-12-23T21:00,0.0,0.0,0.0,0.0,0.0
2019-12-23T22:00,0.0,0.0,0.0,0.0,0.0
2019-12-23T23:00,7.5,0.0,7.5,0.0,100.2
2019-12-24T00:00,95.5,26.6,68.9,153.3,379.8
2019-12-24T01:00,116.7,6.1,110.5,17.3,617.4
2019-12-24T02:00,191.2,21.2,170.0,42.2,796.7
2019-12-24T03:00,286.2,109.8,176.4,181.1,905.6
2019-12-24T04:00,327.1,127.2,199.9,193.8,936.6
2019-12-24T05:00,271.5,98.5,172.9,151.6,887.5
2019-12-24T06:00,219.2,72.4,146.7,123.3,761.9
2019-12-24T07:00,128.0,8.5,119.5,17.9,568.1
2019-12-24T08:00,70.6,2.9,67.8,9.0,319.4
2019-12-24T09:00,6.4,0.9,5.5,5.1,32.8
2019-12-24T10:00,0.0,0.0,0.0,0.0,0.0
2019-12-24T11:00,0.0,0.0,0.0,0.0,0.0
2019-12-24T12:00,0.0,0.0,0.0,0.0,0.0
2019-12-24T13:00,0.0,0.0,0.0,0.0,0.0
2019-12-24T14:00,0.0,0.0,0.0,0.0,0.0
2019-12-24T15:00,0.0,0.0,0.0,0.0,0.0
2019-12-24T16:00,0.0,0.0,0.0,0.0,0.0
2019-12-24T17:00,0.0,0.0,0.0,0.0,0.0
2019-12-24T18:00,0.0,0.0,0.0,0.0,0.0
2019-12-24T19:00,0.0,0.0,0.0,0.0,0.0
2019-12-24T20:00,0.0,0.0,0.0,0.0,0.0
2019-12-24T21:00,0.0,0.0,0.0,0.0,0.0
2019-12-24T22:00,0.0,0.0,0.0,0.0,0.0
2019-12-24T23:00,12.6,2.5,10.1,13.8,98.1
2019-12-25T00:00,166.4,84.8,81.6,488.6,378.1
2019-12-25T01:00,175.8,44.2,131.5,124.8,616.1
2019-12-25T02:00,226.0,40.3,185.7,80.0,796.0
2019-12-25T03:00,275.8,41.2,234.6,68.0,905.5
2019-12-25T04:00,384.8,203.0,181.8,309.3,937.1
2019-12-25T05:00,411.7,264.8,146.9,407.2,888.7
2019-12-25T06:00,256.0,76.1,179.8,129.4,763.5
2019-12-25T07:00,147.6,44.1,103.5,92.8,570.2
2019-12-25T08:00,119.4,57.2,62.2,179.8,321.8
2019-12-25T09:00,12.7,6.6,6.0,37.1,35.3
2019-12-25T10:00,0.0,0.0,0.0,0.0,0.0
2019-12-25T11:00,0.0,0.0,0.0,0.0,0.0
2019-12-25T12:00,0.0,0.0,0.0,0.0,0.0
2019-12-25T13:00,0.0,0.0,0.0,0.0,0.0
2019-12-25T14:00,0.0,0.0,0.0,0.0,0.0
2019-12-25T15:00,0.0,0.0,0.0,0.0,0.0
2019-12-25T16:00,0.0,0.0,0.0,0.0,0.0
2019-12-25T17:00,0.0,0.0,0.0,0.0,0.0
2019-12-25T18:00,0.0,0.0,0.0,0.0,0.0
2019-12-25T19:00,0.0,0.0,0.0,0.0,0.0
2019-12-25T20:00,0.0,0.0,0.0,0.0,0.0
2019-12-25T21:00,0.0,0.0,0.0,0.0,0.0
2019-12-25T22:00,0.0,0.0,0.0,0.0,0.0
2019-12-25T23:00,10.1,2.5,7.6,13.7,96.1
2019-12-26T00:00,91.4,9.5,81.9,54.4,376.5
2019-12-26T01:00,214.1,49.2,164.8,139.2,615.0
2019-12-26T02:00,259.7,32.5,227.2,64.6,795.4
2019-12-26T03:00,474.6,270.6,204.0,446.6,905.5
2019-12-26T04:00,513.2,350.5,162.6,533.9,937.7
2019-12-26T05:00,464.1,310.3,153.7,476.7,889.9
2019-12-26T06:00,328.6,206.5,122.1,350.2,765.3
2019-12-26T07:00,198.7,89.2,109.5,187.0,572.4
2019-12-26T08:00,85.3,27.2,58.1,85.2,324.3
2019-12-26T09:00,8.1,2.7,5.4,15.1,38.0
2019-12-26T10:00,0.0,0.0,0.0,0.0,0.0
2019-12-26T11:00,0.0,0.0,0.0,0.0,0.0
2019-12-26T12:00,0.0,0.0,0.0,0.0,0.0
2019-12-26T13:00,0.0,0.0,0.0,0.0,0.0
2019-12-26T14:00,0.0,0.0,0.0,0.0,0.0
2019-12-26T15:00,0.0,0.0,0.0,0.0,0.0
2019-12-26T16:00,0.0,0.0,0.0,0.0,0.0
2019-12-26T17:00,0.0,0.0,0.0,0.0,0.0
2019-12-26T18:00,0.0,0.0,0.0,0.0,0.0
2019-12-26T19:00,0.0,0.0,0.0,0.0,0.0
2019-12-26T20:00,0.0,0.0,0.0,0.0,0.0
2019-12-26T21:00,0.0,0.0,0.0,0.0,0.0
2019-12-26T22:00,0.0,0.0,0.0,0.0,0.0
2019-12-26T23:00,2.5,0.0,2.5,0.0,94.3
2019-12-27T00:00,52.1,1.6,50.6,9.1,374.9
2019-12-27T01:00,107.1,8.6,98.5,24.4,613.9
2019-12-27T02:00,169.1,12.3,156.8,24.5,794.9
2019-12-27T03:00,205.1,12.7,192.4,20.9,905.7
2019-12-27T04:00,233.4,17.2,216.3,26.2,938.5
2019-12-27T05:00,184.7,12.6,172.2,19.3,891.4
2019-12-27T06:00,251.6,24.8,226.8,42.0,767.3
2019-12-27T07:00,164.0,34.0,130.0,71.1,574.8
2019-12-27T08:00,114.3,29.5,84.8,91.6,327.0
2019-12-27T09:00,7.7,0.9,6.8,4.9,40.8
2019-12-27T10:00,0.0,0.0,0.0,0.0,0.0
2019-12-27T11:00,0.0,0.0,0.0,0.0,0.0
2019-12-27T12:00,0.0,0.0,0.0,0.0,0.0
2019-12-27T13:00,0.0,0.0,0.0,0.0,0.0
2019-12-27T14:00,0.0,0.0,0.0,0.0,0.0
2019-12-27T15:00,0.0,0.0,0.0,0.0,0.0
2019-12-27T16:00,0.0,0.0,0.0,0.0,0.0
2019-12-27T17:00,0.0,0.0,0.0,0.0,0.0
2019-12-27T18:00,0.0,0.0,0.0,0.0,0.0
2019-12-27T19:00,0.0,0.0,0.0,0.0,0.0
2019-12-27T20:00,0.0,0.0,0.0,0.0,0.0
2019-12-27T21:00,0.0,0.0,0.0,0.0,0.0
2019-12-27T22:00,0.0,0.0,0.0,0.0,0.0
2019-12-27T23:00,7.7,0.0,7.7,0.0,92.4
2019-12-28T00:00,131.6,42.8,88.8,246.2,373.5
2019-12-28T01:00,244.0,76.4,167.6,217.2,613.0
2019-12-28T02:00,378.7,155.7,223.0,310.6,794.6
2019-12-28T03:00,408.3,187.2,221.1,309.1,905.9
2019-12-28T04:00,459.9,179.9,280.0,273.8,939.5
2019-12-28T05:00,419.0,158.7,260.3,243.2,892.9
2019-12-28T06:00,387.8,180.1,207.7,304.2,769.4
2019-12-28T07:00,257.8,126.8,131.0,264.2,577.3
2019-12-28T08:00,128.3,58.4,69.9,180.4,329.8
2019-12-28T09:00,16.9,7.6,9.2,42.9,43.7
2019-12-28T10:00,0.0,0.0,0.0,0.0,0.0
2019-12-28T11:00,0.0,0.0,0.0,0.0,0.0
2019-12-28T12:00,0.0,0.0,0.0,0.0,0.0
2019-12-28T13:00,0.0,0.0,0.0,0.0,0.0
2019-12-28T14:00,0.0,0.0,0.0,0.0,0.0
2019-12-28T15:00,0.0,0.0,0.0,0.0,0.0
2019-12-28T16:00,0.0,0.0,0.0,0.0,0.0
2019-12-28T17:00,0.0,0.0,0.0,0.0,0.0
2019-12-28T18:00,0.0,0.0,0.0,0.0,0.0
2019-12-28T19:00,0.0,0.0,0.0,0.0,0.0
2019-12-28T20:00,0.0,0.0,0.0,0.0,0.0
2019-12-28T21:00,0.0,0.0,0.0,0.0,0.0
2019-12-28T22:00,0.0,0.0,0.0,0.0,0.0
2019-12-28T23:00,2.6,0.0,2.6,0.0,90.7
2019-12-29T00:00,41.3,3.2,38.2,18.3,372.1
2019-12-29T01:00,58.0,0.0,58.0,0.0,612.1
2019-12-29T02:00,87.4,0.0,87.4,0.0,794.3
2019-12-29T03:00,86.8,0.0,86.8,0.0,906.4
2019-12-29T04:00,140.6,3.0,137.5,4.6,940.6
2019-12-29T05:00,105.5,0.0,105.5,0.0,894.6
2019-12-29T06:00,88.3,0.0,88.3,0.0,771.6
2019-12-29T07:00,88.6,0.0,88.6,0.0,580.0
2019-12-29T08:00,48.4,0.0,48.4,0.0,332.8
2019-12-29T09:00,6.3,0.0,6.3,0.0,46.7
2019-12-29T10:00,0.0,0.0,0.0,0.0,0.0
2019-12-29T11:00,0.0,0.0,0.0,0.0,0.0
2019-12-29T12:00,0.0,0.0,0.0,0.0,0.0
2019-12-29T13:00,0.0,0.0,0.0,0.0,0.0
2019-12-29T14:00,0.0,0.0,0.0,0.0,0.0
2019-12-29T15:00,0.0,0.0,0.0,0.0,0.0
2019-12-29T16:00,0.0,0.0,0.0,0.0,0.0
2019-12-29T17:00,0.0,0.0,0.0,0.0,0.0
2019-12-29T18:00,0.0,0.0,0.0,0.0,0.0
2019-12-29T19:00,0.0,0.0,0.0,0.0,0.0
2019-12-29T20:00,0.0,0.0,0.0,0.0,0.0
2019-12-29T21:00,0.0,0.0,0.0,0.0,0.0
2019-12-29T22:00,0.0,0.0,0.0,0.0,0.0
2019-12-29T23:00,7.8,0.0,7.8,0.0,89.0
2019-12-30T00:00,127.6,51.0,76.5,293.2,370.8
2019-12-30T01:00,129.6,3.7,125.9,10.6,611.4
2019-12-30T02:00,102.1,7.9,94.2,15.7,794.2
2019-12-30T03:00,196.9,30.7,166.2,50.7,906.9
2019-12-30T04:00,250.9,80.9,169.9,122.9,941.8
2019-12-30T05:00,132.7,0.0,132.7,0.0,896.4
2019-12-30T06:00,119.6,29.4,90.1,49.5,774.0
2019-12-30T07:00,60.5,4.3,56.3,8.8,582.8
2019-12-30T08:00,27.5,5.8,21.7,17.7,335.8
2019-12-30T09:00,5.9,0.3,5.6,1.4,49.9
2019-12-30T10:00,0.0,0.0,0.0,0.0,0.0
2019-12-30T11:00,0.0,0.0,0.0,0.0,0.0
2019-12-30T12:00,0.0,0.0,0.0,0.0,0.0
2019-12-30T13:00,0.0,0.0,0.0,0.0,0.0
2019-12-30T14:00,0.0,0.0,0.0,0.0,0.0
2019-12-30T15:00,0.0,0.0,0.0,0.0,0.0
2019-12-30T16:00,0.0,0.0,0.0,0.0,0.0
2019-12-30T17:00,0.0,0.0,0.0,0.0,0.0
2019-12-30T18:00,0.0,0.0,0.0,0.0,0.0
2019-12-30T19:00,0.0,0.0,0.0,0.0,0.0
2019-12-30T20:00,0.0,0.0,0.0,0.0,0.0
2019-12-30T21:00,0.0,0.0,0.0,0.0,0.0
2019-12-30T22:00,0.0,0.0,0.0,0.0,0.0
2019-12-30T23:00,2.6,0.0,2.6,0.0,87.4
2019-12-31T00:00,30.4,1.6,28.8,9.2,369.7
2019-12-31T01:00,64.2,1.2,63.0,3.5,610.7
2019-12-31T02:00,140.2,7.9,132.4,15.7,794.2
2019-12-31T03:00,221.3,24.4,196.9,40.2,907.6
2019-12-31T04:00,225.7,21.2,204.4,32.2,943.1
2019-12-31T05:00,175.3,15.5,159.8,23.6,898.4
2019-12-31T06:00,181.3,20.2,161.1,33.9,776.5
2019-12-31T07:00,122.9,11.9,110.9,24.6,585.7
2019-12-31T08:00,53.1,5.1,48.0,15.4,339.0
2019-12-31T09:00,6.7,0.3,6.4,1.5,53.1
2019-12-31T10:00,0.0,0.0,0.0,0.0,0.0
2019-12-31T11:00,0.0,0.0,0.0,0.0,0.0
2019-12-31T12:00,0.0,0.0,0.0,0.0,0.0
2019-12-31T13:00,0.0,0.0,0.0,0.0,0.0
2019-12-31T14:00,0.0,0.0,0.0,0.0,0.0
2019-12-31T15:00,0.0,0.0,0.0,0.0,0.0
2019-12-31T16:00,0.0,0.0,0.0,0.0,0.0
2019-12-31T17:00,0.0,0.0,0.0,0.0,0.0
2019-12-31T18:00,0.0,0.0,0.0,0.0,0.0
2019-12-31T19:00,0.0,0.0,0.0,0.0,0.0
2019-12-31T20:00,0.0,0.0,0.0,0.0,0.0
2019-12-31T21:00,0.0,0.0,0.0,0.0,0.0
2019-12-31T22:00,0.0,0.0,0.0,0.0,0.0
2019-12-31T23:00,5.2,0.0,5.2,0.0,85.9
