KW,TEMPERATURE,GHI
359.32428,,
308.62632,,
284.16535,,
252.00179,,
263.32707,,
245.14642,,
236.46667,,
264.95952,,
289.26537,,
366.17778,,
430.89311,,
410.14059,,
421.73308,,
427.56544,,
441.64319,,
433.72241,,
414.68276,,
403.3922,,
371.8711,,
368.24575,,
373.8886,,
327.74604,,
338.00097,,
326.21196,,
313.45872,,
295.95382,,
278.01551,,
245.48101,,
234.25559,,
230.92032,,
225.51095,,
248.95481,,
299.72114,,
370.75185,,
393.82275,,
404.0528,,
423.46724,,
445.58887,,
422.28782,,
409.94812,,
409.70236,,
409.22069,,
380.10301,,
346.32239,,
361.34846,,
354.36957,,
351.41112,,
329.76252,,
322.21441,,
304.43553,,
282.99936,,
251.36001,,
245.11358,,
242.16483,,
241.85928,,
270.86954,,
325.29851,,
366.24561,,
393.82758,,
408.59635,,
376.73361,,
397.54421,,
405.89437,,
405.8017,,
403.64253,,
386.28552,,
368.80692,,
341.02223,,
340.66077,,
328.7711,,
308.15829,,
310.23917,,
321.1681,,
287.8492,,
266.14072,,
248.91554,,
238.00517,,
246.11025,,
234.62403,,
246.85351,,
290.25054,,
302.89247,,
304.63859,,
320.32057,,
322.90057,,
344.67449,,
337.54253,,
349.97663,,
338.52417,,
339.20828,,
315.90905,,
302.65706,,
331.08384,,
319.96532,,
304.19092,,
323.86088,,
309.50807,,
290.10462,,
264.27543,,
242.43227,,
252.23498,,
248.90743,,
233.82881,,
263.68872,,
264.11822,,
293.00516,,
301.1757,,
297.59396,,
307.04962,,
317.22264,,
303.62054,,
330.52775,,
322.75744,,
316.54658,,
320.67433,,
312.69269,,
301.33413,,
308.1693,,
302.63032,,
328.96635,,
305.46156,,
270.46664,,
265.9355,,
254.88694,,
234.99947,,
224.9797,,
231.19838,,
243.62288,,
316.36897,,
369.12477,,
377.79295,,
380.49111,,
399.16806,,
423.17854,,
411.67364,,
411.07818,,
391.10044,,
381.39867,,
389.92353,,
367.73239,,
364.22239,,
351.40905,,
345.60394,,
347.67384,,
346.01254,,
332.38043,,
293.55011,,
254.90245,,
270.41287,,
264.25978,,
266.42092,,
260.62902,,
287.04564,,
347.5642,,
352.83116,,
415.78877,,
410.28238,,
414.06374,,
422.76797,,
389.9387,,
411.65127,,
384.60183,,
387.2914,,
371.1229,,
376.26279,,
342.41636,,
331.75321,,
345.02435,,
326.32073,,
306.27806,,
265.71331,,
262.67843,,
253.23905,,
239.1168,,
242.64256,,
243.77087,,
308.42204,,
367.84943,,
414.59134,,
411.4407,,
392.41939,,
392.56904,,
387.32756,,
405.54866,,
375.65151,,
391.82815,,
391.53348,,
363.46996,,
350.68993,,
343.2348,,
344.17512,,
328.95557,,
310.27238,,
300.86491,,
281.92553,,
240.46505,,
252.69836,,
236.62697,,
236.71862,,
248.34339,,
291.58719,,
378.74197,,
393.59331,,
357.51116,,
386.59122,,
433.17615,,
378.55107,,
396.2612,,
390.03285,,
338.3653,,
334.70274,,
333.05974,,
287.49703,,
284.57704,,
280.38128,,
273.34044,,
270.67425,,
248.02495,,
218.1236,,
213.88622,,
214.8401,,
211.9425,,
214.96872,,
244.4551,,
245.77605,,
268.9811,,
290.07997,,
289.86852,,
364.44634,,
378.64037,,
280.44117,,
272.33166,,
285.49353,,
291.34274,,
267.82972,,
252.67774,,
268.74131,,
250.28713,,
245.62447,,
252.11158,,
283.97164,,
265.71185,,
248.5926,,
198.67889,,
189.97505,,
231.7887,,
233.80654,,
244.04787,,
255.79442,,
262.45209,,
283.61587,,
242.5293,,
245.83074,,
291.5296,,
287.75423,,
291.28698,,
287.71498,,
294.48732,,
286.41895,,
219.87762,,
268.19884,,
225.92435,,
229.92515,,
236.56111,,
215.42282,,
211.51379,,
203.15744,,
193.78565,,
220.72967,,
214.29568,,
220.75035,,
199.45065,,
200.70403,,
253.13568,,
276.11788,,
276.34756,,
271.01783,,
274.45286,,
211.63143,,
273.38827,,
274.34873,,
300.34888,,
293.38552,,
274.21349,,
228.24475,,
261.45587,,
264.13717,,
275.13781,,
251.01561,,
252.30608,,
233.92036,,
222.87971,,
223.51654,,
216.21341,,
211.59729,,
233.72503,,
249.06985,,
205.34161,,
310.62122,,
301.3285,,
353.61506,,
335.71281,,
331.94619,,
316.4433,,
220.72477,,
295.19964,,
211.97889,,
268.73682,,
287.98213,,
225.8273,,
255.70058,,
278.8675,,
211.50086,,
236.42589,,
179.68819,,
228.52999,,
226.74403,,
181.33747,,
178.51969,,
233.01357,,
254.44595,,
266.02066,,
288.26713,,
212.12041,,
298.78663,,
320.89762,,
205.48348,,
323.84869,,
214.79353,,
292.57363,,
271.26165,,
204.39841,,
283.09619,,
261.07674,,
268.72745,,
268.16969,,
220.50266,,
213.71353,,
233.60819,,
227.99716,,
222.27242,,
187.30907,,
178.40728,,
239.68786,,
212.98535,,
200.81088,,
307.11341,,
220.87729,,
308.88266,,
222.2906,,
216.81896,,
323.30814,,
313.99609,,
306.78271,,
318.23065,,
295.80205,,
289.16914,,
280.54747,,
289.67656,,
267.40201,,
259.40717,,
247.12875,,
238.88021,,
187.2281,,
189.57234,,
218.40898,,
190.85186,,
241.6923,,
201.34102,,
288.34206,,
317.40037,,
238.53358,,
313.90605,,
333.99935,,
328.51255,,
230.81797,,
325.74129,,
326.79659,,
248.2543,,
235.92771,,
238.96146,,
218.40742,,
219.08211,,
223.28657,,
213.11942,,
198.32074,,
236.191,,
182.72972,,
190.66367,,
194.32634,,
185.82942,,
183.0736,,
191.99451,,
275.81143,,
302.87239,,
235.13646,,
233.35132,,
330.80268,,
219.96136,,
212.13692,,
211.04975,,
315.33408,,
315.82986,,
225.91985,,
235.69026,,
262.51538,,
228.98459,,
262.3125,,
212.6282,,
204.84885,,
232.05554,,
222.97542,,
180.81413,,
182.01071,,
220.22515,,
185.62644,,
199.02162,,
266.9329,,
289.17307,,
275.77134,,
250.46423,,
246.70866,,
293.19243,,
308.43235,,
227.56883,,
234.87413,,
253.95185,,
245.3467,,
241.18363,,
240.58426,,
223.95899,,
269.44566,,
262.80079,,
208.14562,,
225.12024,,
220.64463,,
233.85123,,
182.81005,,
186.6089,,
220.00213,,
249.39301,,
250.31058,,
280.65364,,
241.27611,,
245.66387,,
238.06461,,
224.65891,,
228.58235,,
233.64055,,
287.52209,,
286.64033,,
268.8081,,
257.10853,,
248.73643,,
243.20062,,
306.78655,,
253.01855,,
261.57145,,
249.44501,,
228.29776,,
229.09302,,
195.31126,,
188.90069,,
214.16545,,
245.60517,,
355.23442,,
346.73438,,
380.19175,,
373.2726,,
415.09788,,
410.37256,,
327.07147,,
336.66962,,
367.21905,,
329.11233,,
303.60531,,
308.63702,,
280.03143,,
314.90924,,
323.34422,,
303.97538,,
286.80963,,
248.84308,,
238.69097,,
247.0373,,
229.41817,,
237.99452,,
241.95993,,
303.1402,,
317.31258,,
376.89288,,
391.79924,,
400.07562,,
441.67243,,
440.14382,,
398.60722,,
409.52788,,
394.43763,,
404.96044,,
380.2194,,
367.95542,,
343.66097,,
318.27136,,
320.83521,,
298.71099,,
260.8829,,
246.88772,,
260.28317,,
241.63955,,
247.80005,,
248.77102,,
273.98843,,
312.46036,,
371.60029,,
410.38687,,
456.02604,,
441.62757,,
482.72482,,
467.04941,,
425.22089,,
440.47073,,
410.90544,,
418.79437,,
370.3382,,
366.26015,,
362.53629,,
376.94407,,
341.20299,,
305.42128,,
301.66713,,
277.11749,,
258.72978,,
250.44461,,
247.23489,,
235.28324,,
276.49471,,
321.08502,,
374.97777,,
379.14083,,
412.15053,,
409.47693,,
440.38455,,
425.93884,,
387.21973,,
407.25674,,
432.43569,,
367.44234,,
367.53758,,
353.00727,,
343.1237,,
341.52602,,
343.6646,,
333.76821,,
306.28233,,
267.9139,,
256.06628,,
244.43889,,
243.643,,
242.68239,,
277.3907,,
305.09661,,
396.9229,,
398.05527,,
428.5777,,
440.22371,,
461.3472,,
453.23148,,
444.90318,,
435.38028,,
418.85973,,
410.7823,,
378.95541,,
363.9271,,
352.41384,,
349.6405,,
350.81996,,
318.59481,,
308.1076,,
259.94308,,
272.59569,,
255.45742,,
248.73297,,
249.60675,,
253.80885,,
291.8212,,
323.92923,,
322.44849,,
390.42546,,
360.17374,,
359.65113,,
379.92969,,
332.03737,,
368.02293,,
367.52939,,
388.27345,,
344.27886,,
359.24889,,
380.11355,,
375.019,,
361.89177,,
349.37465,,
271.283,,
276.48893,,
269.65735,,
254.05421,,
214.73152,,
229.98933,,
254.05719,,
299.73267,,
306.23347,,
308.45737,,
339.4613,,
344.40765,,
351.24525,,
396.57191,,
404.50854,,
357.61998,,
371.57788,,
363.82903,,
374.93435,,
386.27033,,
388.2892,,
417.18827,,
388.78328,,
381.53935,,
315.92271,,
282.94477,,
256.34944,,
261.87524,,
247.55094,,
248.11491,,
297.0945,,
385.45894,,
411.35964,,
434.01333,,
469.63222,,
469.65103,,
476.45854,,
439.00166,,
467.22838,,
459.1524,,
445.8601,,
436.19735,,
458.90262,,
437.50895,,
474.09873,,
450.62164,,
453.73329,,
413.26189,,
334.38424,,
270.96702,,
245.79079,,
254.80328,,
243.75912,,
262.51567,,
284.98081,,
404.48234,,
385.54783,,
428.91233,,
448.68643,,
452.68539,,
445.88214,,
445.3512,,
448.53317,,
465.13217,,
483.77087,,
457.13307,,
446.34511,,
429.31409,,
464.58624,,
465.62361,,
452.59426,,
395.32179,,
346.52308,,
306.15269,,
265.67543,,
243.1158,,
258.56853,,
265.85909,,
294.75438,,
370.44516,,
426.59906,,
490.79005,,
557.81025,,
576.22616,,
540.73774,,
582.77068,,
617.14632,,
589.44213,,
494.6132,,
489.22158,,
483.57157,,
478.85674,,
494.47718,,
496.15886,,
423.23115,,
418.88263,,
362.70694,,
310.19473,,
280.68294,,
271.89329,,
279.16309,,
258.23492,,
296.48998,,
369.57621,,
408.03171,,
446.47935,,
483.80414,,
488.27438,,
474.35887,,
512.6588,,
464.69729,,
488.30807,,
487.27505,,
434.40283,,
428.39465,,
462.32749,,
485.36278,,
474.50439,,
449.3956,,
423.57669,,
351.18334,,
322.51593,,
300.36507,,
285.69602,,
272.62783,,
271.64454,,
323.18032,,
379.79909,,
441.02175,,
456.06818,,
484.05616,,
440.40465,,
464.13526,,
449.62102,,
491.64457,,
494.27575,,
453.1864,,
489.06432,,
429.11412,,
437.48978,,
423.51309,,
418.69412,,
420.29613,,
403.68037,,
359.63552,,
331.28103,,
284.0815,,
249.266,,
263.14505,,
269.10504,,
288.05013,,
324.89757,,
350.17156,,
415.25255,,
419.74396,,
448.22631,,
445.6975,,
414.33219,,
415.10011,,
412.90689,,
395.93857,,
398.38828,,
400.61103,,
403.69561,,
388.87162,,
427.64198,,
420.43738,,
370.02765,,
324.66955,,
293.61406,,
252.6598,,
257.86459,,
246.53815,,
263.42028,,
253.32549,,
269.91306,,
328.42695,,
342.97226,,
358.56506,,
373.06799,,
355.46073,,
361.01136,,
376.45238,,
382.99092,,
387.03011,,
406.07039,,
391.07502,,
421.69559,,
424.29694,,
440.65848,,
427.76786,,
403.10637,,
312.19955,,
289.74916,,
268.37197,,
252.63884,,
230.16351,,
253.69079,,
267.35227,,
344.73288,,
397.2108,,
412.21928,,
411.76412,,
453.19032,,
449.88502,,
433.34733,,
443.47001,,
408.21217,,
408.79447,,
419.37609,,
398.52811,,
440.51111,,
495.54427,,
489.12985,,
474.81807,,
438.5485,,
351.50729,,
313.98921,,
275.63462,,
278.11759,,
269.1296,,
257.45156,,
305.76932,,
409.53298,,
421.63896,,
404.86265,,
444.88311,,
475.25151,,
464.6129,,
457.90294,,
458.5833,,
461.18911,,
438.98068,,
437.12283,,
430.22325,,
429.78893,,
462.54909,,
449.1041,,
436.98511,,
402.29789,,
340.32792,,
284.82159,,
268.51778,,
240.59589,,
263.54833,,
245.05289,,
291.54644,,
353.76507,,
397.03439,,
448.07117,,
461.9174,,
484.6467,,
443.58815,,
469.6563,,
496.41067,,
466.58143,,
450.19499,,
450.98796,,
435.93702,,
434.03892,,
427.23664,,
442.18488,,
419.53896,,
406.82348,,
352.80212,,
317.60957,,
285.89401,,
288.23616,,
271.45552,,
269.78173,,
287.64388,,
318.48777,,
342.74743,,
372.4578,,
375.23307,,
391.77907,,
426.04665,,
370.40986,,
368.20834,,
437.50632,,
340.03885,,
362.3324,,
355.59084,,
363.93181,,
374.66787,,
389.28842,,
356.26761,,
389.59054,,
338.80711,,
304.6396,,
282.80156,,
269.50789,,
257.44974,,
257.27741,,
289.53787,,
287.02836,,
312.53431,,
323.08997,,
354.53396,,
419.01752,,
355.48602,,
344.70754,,
342.55834,,
340.78186,,
359.85755,,
355.29448,,
394.11031,,
374.95345,,
371.21077,,
381.9685,,
374.23714,,
364.32309,,
334.6052,,
332.53099,,
272.28589,,
275.49352,,
274.87631,,
274.9331,,
287.39123,,
297.93912,,
316.8964,,
326.71133,,
356.45181,,
368.57853,,
356.03295,,
354.97085,,
372.34061,,
340.19378,,
349.21928,,
358.17655,,
354.91696,,
373.6395,,
366.28721,,
389.46735,,
387.52101,,
384.81076,,
336.7266,,
279.83062,,
260.30251,,
279.89355,,
274.55319,,
286.43418,,
280.32199,,
283.18753,,
323.9651,,
328.78347,,
360.72916,,
346.06312,,
359.19291,,
411.63432,,
376.42239,,
427.27034,,
371.53978,,
385.24378,,
404.24589,,
416.30579,,
407.29082,,
443.97691,,
412.2461,,
409.15267,,
353.09265,,
313.24365,,
290.20718,,
270.96227,,
271.50989,,
264.20378,,
300.04062,,
388.06712,,
411.75644,,
454.68619,,
470.16427,,
491.08348,,
460.15881,,
428.18925,,
495.37969,,
507.71703,,
498.9642,,
477.54758,,
465.32506,,
491.01289,,
490.75156,,
484.45462,,
482.41626,,
446.40631,,
350.51452,,
311.94026,,
291.43834,,
272.63049,,
273.09959,,
280.74124,,
307.13433,,
399.0529,,
450.34057,,
456.4797,,
484.28235,,
532.35276,,
555.2848,,
529.72311,,
527.40076,,
539.10356,,
536.20353,,
497.6778,,
498.74436,,
492.29813,,
503.70703,,
512.54603,,
470.68232,,
429.23088,,
367.69316,,
332.94114,,
301.56939,,
293.2051,,
264.15927,,
277.93994,,
371.38361,,
389.75298,,
457.8469,,
457.17217,,
526.75362,,
537.60216,,
500.0435,,
518.7592,,
533.79455,,
488.95578,,
481.5831,,
489.95815,,
493.33364,,
507.89996,,
496.95297,,
501.1044,,
475.27635,,
432.84252,,
367.56063,,
303.38719,,
280.25063,,
272.49776,,
277.05236,,
295.3827,,
311.05454,,
399.50669,,
471.6759,,
511.37185,,
542.50297,,
529.2203,,
555.12149,,
507.23547,,
472.11883,,
483.90499,,
496.2239,,
488.8036,,
477.98761,,
477.34865,,
528.91945,,
471.06079,,
461.83348,,
438.59555,,
373.25189,,
318.86778,,
278.33067,,
280.857,,
283.26923,,
289.88055,,
290.28089,,
383.1148,,
386.66663,,
457.92411,,
511.08448,,
472.54933,,
491.53375,,
480.47806,,
476.3065,,
488.30313,,
460.80177,,
449.62238,,
431.08596,,
419.66676,,
437.18708,,
418.25524,,
416.87989,,
393.07343,,
374.76832,,
324.35753,,
315.69675,,
277.79317,,
271.54978,,
281.5518,,
287.31059,,
316.3424,,
354.24559,,
392.10523,,
415.7717,,
431.55679,,
400.31203,,
464.3507,,
455.75035,,
448.90357,,
439.73203,,
421.21594,,
424.78236,,
426.04753,,
460.01123,,
453.20151,,
427.86945,,
410.85876,,
365.86075,,
331.3308,,
294.5911,,
288.43541,,
281.34075,,
270.12837,,
291.48608,,
315.56555,,
364.0944,,
357.50253,,
357.58027,,
411.7002,,
398.73509,,
408.48682,,
406.63896,,
405.34153,,
429.59821,,
455.31775,,
440.11366,,
438.78917,,
464.42548,,
490.28448,,
431.32181,,
424.8782,,
356.24887,,
307.63016,,
279.53618,,
258.53611,,
256.30857,,
270.75537,,
284.59756,,
359.13212,,
446.2776,,
445.22508,,
452.95867,,
507.07191,,
510.40937,,
475.93818,,
497.51346,,
508.70339,,
476.71071,,
499.12912,,
510.06324,,
492.71162,,
474.45982,,
472.61085,,
464.24457,,
419.99318,,
366.53585,,
314.47682,,
282.29302,,
260.20772,,
275.23632,,
306.44385,,
293.85295,,
379.47798,,
456.93168,,
522.90116,,
482.71918,,
521.56321,,
562.67251,,
518.34969,,
507.89423,,
495.65639,,
471.81192,,
506.95324,,
496.17077,,
513.31846,,
523.74292,,
510.31019,,
478.1424,,
438.53988,,
391.67211,,
344.37871,,
305.53896,,
278.61713,,
274.81897,,
295.63139,,
328.17877,,
385.98562,,
436.95164,,
449.89608,,
465.61886,,
503.62374,,
516.54633,,
540.59436,,
563.66829,,
510.5107,,
515.14304,,
468.94849,,
487.45191,,
480.60535,,
501.99692,,
474.83007,,
464.85641,,
452.12444,,
391.60822,,
333.89631,,
313.93071,,
294.09135,,
289.34679,,
295.17271,,
319.00967,,
404.26049,,
480.56576,,
485.28984,,
475.69039,,
544.86028,,
528.61472,,
567.26513,,
534.80025,,
541.93748,,
506.21067,,
523.04356,,
450.44603,,
467.47413,,
479.19949,,
503.35151,,
489.24019,,
442.28824,,
379.43246,,
325.82032,,
299.59331,,
288.60002,,
294.65105,,
283.99399,,
309.9109,,
365.16526,,
412.81655,,
461.24158,,
469.75231,,
479.15992,,
464.73649,,
428.10971,,
442.79107,,
464.64829,,
420.02632,,
403.31566,,
421.77595,,
396.29576,,
411.26947,,
402.21139,,
428.6412,,
403.64209,,
351.57029,,
286.00156,,
275.29925,,
244.85007,,
246.22302,,
233.31851,,
253.97616,,
304.91909,,
319.48659,,
367.70975,,
408.83675,,
379.45857,,
383.89842,,
373.64548,,
377.89569,,
377.63071,,
384.47913,,
390.23675,,
379.57343,,
380.25536,,
385.71821,,
379.1022,,
381.80383,,
365.58542,,
328.73284,,
290.30126,,
249.06417,,
235.16787,,
224.55139,,
223.27764,,
236.59032,,
287.46622,,
362.76438,,
384.78776,,
394.85617,,
420.36525,,
425.57121,,
452.09512,,
459.50173,,
464.30152,,
461.21124,,
461.63901,,
450.22894,,
462.0951,,
480.5526,,
501.8421,,
498.03785,,
467.97115,,
406.91426,,
362.7406,,
315.61812,,
297.6518,,
294.00781,,
288.7408,,
320.2925,,
395.52968,,
427.17785,,
432.62517,,
451.80669,,
511.06446,,
524.25603,,
414.56639,,
529.95125,,
527.50626,,
510.77672,,
468.18024,,
505.41048,,
506.66567,,
522.31358,,
492.4208,,
526.38109,,
493.56107,,
409.88944,,
389.49305,,
322.66329,,
310.62699,,
301.0893,,
321.40822,,
330.24286,,
390.64292,,
390.2229,,
420.48792,,
492.7654,,
462.47028,,
534.84367,,
516.10047,,
482.83011,,
540.00728,,
476.91705,,
477.26728,,
482.50592,,
480.1126,,
516.60257,,
534.29334,,
523.69358,,
497.11105,,
425.39872,,
374.95401,,
347.48822,,
330.48194,,
323.06653,,
312.53047,,
346.89474,,
364.4028,,
436.59739,,
484.79151,,
501.57752,,
531.19866,,
544.52947,,
557.81862,,
554.79819,,
515.48482,,
522.57869,,
517.22442,,
506.24541,,
513.83053,,
518.86047,,
507.69084,,
513.541,,
485.16072,,
433.78614,,
388.47831,,
340.79159,,
321.61745,,
326.28317,,
317.15017,,
336.08064,,
393.5774,,
481.97608,,
537.78994,,
554.70161,,
549.33986,,
583.60332,,
623.40299,,
618.18321,,
589.94299,,
589.74387,,
563.72148,,
539.51313,,
540.00501,,
538.76098,,
534.54851,,
532.33293,,
503.71479,,
450.55289,,
400.55002,,
361.77859,,
350.40843,,
331.17861,,
319.47649,,
334.47768,,
382.58459,,
427.63828,,
485.96199,,
513.64947,,
559.24587,,
538.89038,,
511.25149,,
523.15843,,
529.93075,,
542.46967,,
513.63002,,
459.85974,,
447.10572,,
436.81402,,
459.54175,,
465.63367,,
429.98983,,
379.30173,,
341.98941,,
303.39057,,
287.32186,,
294.62882,,
277.79649,,
308.04436,,
361.6201,,
401.82754,,
394.8818,,
410.64152,,
406.17425,,
398.09417,,
423.53672,,
423.21441,,
394.61569,,
400.03282,,
394.96892,,
393.87326,,
438.78594,,
422.26167,,
420.54394,,
415.12724,,
399.65869,,
350.75362,,
312.26473,,
265.65509,,
258.0547,,
257.70849,,
243.57144,,
268.05794,,
284.37506,,
320.59281,,
340.37401,,
345.03577,,
374.95624,,
369.26436,,
409.2551,,
425.72577,,
424.22798,,
406.93527,,
412.55034,,
419.40064,,
417.87099,,
423.26972,,
435.68727,,
440.42801,,
403.15133,,
333.85574,,
314.45441,,
278.39766,,
263.81855,,
251.6861,,
257.68071,,
287.28554,,
363.80059,,
406.13011,,
451.8907,,
455.06436,,
513.90852,,
485.94964,,
477.08236,,
469.10502,,
501.8942,,
491.87966,,
513.63643,,
471.59423,,
473.94153,,
485.22091,,
475.73,,
471.62825,,
438.9462,,
365.49533,,
312.75547,,
283.89643,,
279.03291,,
274.7608,,
281.77845,,
313.54937,,
386.68749,,
380.04881,,
382.2142,,
461.73101,,
476.05519,,
503.43311,,
473.43845,,
482.44859,,
513.18244,,
451.69359,,
498.51173,,
509.09213,,
497.00842,,
507.0197,,
498.57585,,
462.93621,,
452.98045,,
368.00439,,
322.00205,,
287.69025,,
289.47647,,
271.48517,,
272.61536,,
316.68668,,
367.69413,,
410.69493,,
463.33222,,
456.53758,,
495.26602,,
514.95791,,
499.20498,,
511.23954,,
507.79511,,
498.67803,,
507.78782,,
510.54894,,
509.7377,,
520.88823,,
493.3802,,
488.51542,,
456.82173,,
410.40914,,
357.95512,,
318.32968,,
303.05598,,
310.00848,,
334.21646,,
317.58758,,
375.27751,,
470.90189,,
536.02013,,
541.34941,,
567.16339,,
631.65769,,
598.51827,,
613.70138,,
584.25799,,
575.28482,,
563.28471,,
547.92804,,
527.53698,,
558.697,,
539.82909,,
537.15902,,
533.64352,,
462.38549,,
414.14274,,
358.6627,,
358.88206,,
349.35524,,
350.11296,,
357.25093,,
411.08124,,
454.78414,,
526.20094,,
584.48708,,
570.43897,,
606.96134,,
607.59066,,
581.34043,,
557.53796,,
550.79098,,
523.97575,,
503.45572,,
497.92638,,
472.27042,,
505.53537,,
502.70897,,
465.66504,,
406.84051,,
367.26508,,
343.26123,,
306.39562,,
318.12842,,
331.63041,,
313.5761,,
350.34326,,
371.32883,,
396.98159,,
412.63261,,
436.35015,,
429.97888,,
434.17956,,
440.84086,,
444.67756,,
428.27821,,
447.66558,,
424.59589,,
405.72836,,
432.76686,,
433.88167,,
444.39465,,
414.96255,,
378.2661,,
337.77895,,
300.82978,,
292.88441,,
290.87134,,
275.71849,,
296.74565,,
311.63057,,
311.07452,,
349.99982,,
345.61502,,
380.2942,,
398.12687,,
403.71025,,
402.14002,,
396.61502,,
413.62879,,
386.99076,,
392.78489,,
426.8577,,
427.82606,,
424.43508,,
428.22109,,
425.03353,,
372.93165,,
299.10157,,
298.19411,,
257.60315,,
267.2168,,
261.04914,,
289.04245,,
369.21864,,
394.14,,
399.25927,,
454.31469,,
474.553,,
507.86785,,
514.44574,,
486.2867,,
478.10042,,
476.76487,,
421.11251,,
464.64054,,
449.27971,,
406.57449,,
369.44122,,
423.48623,,
392.82636,,
336.64067,,
289.41308,,
276.35792,,
260.17433,,
265.30521,,
243.59358,,
288.73351,,
341.83351,,
365.5058,,
334.48127,,
412.48845,,
416.08328,,
479.3547,,
421.54906,,
363.02407,,
435.34857,,
382.33799,,
371.3402,,
345.52054,,
338.70161,,
350.37578,,
377.43544,,
376.89924,,
345.22444,,
335.63144,,
289.53363,,
279.73416,,
269.15112,,
246.5265,,
272.36212,,
263.13701,,
278.9697,,
268.88567,,
334.96976,,
420.07024,,
364.99318,,
446.41986,,
358.96391,,
449.89392,,
339.93442,,
340.32363,,
359.18925,,
334.64791,,
322.85382,,
382.82744,,
330.43684,,
377.00715,,
338.3901,,
345.74289,,
313.81415,,
263.18019,,
292.41818,,
277.75604,,
284.34488,,
273.82091,,
265.77957,,
266.92944,,
290.06483,,
315.22223,,
327.34527,,
440.70326,,
449.33915,,
454.81679,,
350.5066,,
428.41787,,
347.3125,,
353.04439,,
341.22449,,
335.40095,,
338.78793,,
336.12662,,
352.57466,,
333.81287,,
288.80811,,
307.45751,,
263.42159,,
254.16925,,
237.81982,,
248.75534,,
307.24144,,
275.25016,,
382.74889,,
280.01329,,
320.76784,,
397.2505,,
310.42606,,
383.00118,,
294.02926,,
372.87562,,
318.69478,,
306.58557,,
380.56463,,
335.52322,,
372.00784,,
371.93103,,
369.65136,,
312.72286,,
307.5851,,
253.18686,,
250.06982,,
246.79371,,
239.50498,,
246.30453,,
238.93635,,
260.02387,,
290.59465,,
307.74071,,
322.75617,,
344.89638,,
326.78606,,
319.17864,,
325.25975,,
336.72021,,
346.8413,,
378.6177,,
370.45043,,
350.43057,,
375.21453,,
357.32331,,
345.92222,,
314.57152,,
309.18743,,
276.01706,,
283.82312,,
248.08331,,
255.22798,,
249.88466,,
275.28615,,
296.19553,,
329.79063,,
314.34895,,
338.61225,,
344.20394,,
395.97437,,
405.66155,,
396.49777,,
408.33445,,
423.04911,,
437.31866,,
428.62755,,
468.59524,,
489.13306,,
481.69369,,
481.33161,,
395.16378,,
365.67003,,
342.1596,,
317.18051,,
311.82675,,
322.11064,,
319.10891,,
386.10829,,
513.44994,,
508.65435,,
520.78741,,
592.50737,,
575.41654,,
569.36438,,
586.5007,,
597.74054,,
550.0417,,
563.34832,,
572.73555,,
585.45453,,
603.16083,,
604.84062,,
607.61252,,
567.84574,,
514.01209,,
460.31279,,
414.40261,,
389.67337,,
373.76749,,
365.60045,,
378.62635,,
453.56652,,
529.84901,,
568.59378,,
575.63015,,
614.08223,,
691.13659,,
632.99012,,
636.32627,,
634.67472,,
598.10801,,
610.7166,,
654.43323,,
693.05916,,
672.71464,,
653.25218,,
684.74784,,
649.95157,,
593.55143,,
516.35734,,
484.58428,,
439.01644,,
423.12702,,
416.00484,,
462.74402,,
509.37731,,
647.32243,,
603.21841,,
596.93514,,
678.55557,,
607.47397,,
636.99013,,
677.93901,,
600.60861,,
610.36107,,
579.85013,,
565.49597,,
576.98553,,
594.82572,,
573.54664,,
546.20775,,
494.55172,,
443.58184,,
389.81159,,
368.00914,,
347.39938,,
335.0099,,
341.4002,,
353.44328,,
396.98716,,
447.82584,,
512.68171,,
569.0119,,
559.74649,,
571.87501,,
580.41474,,
558.71933,,
524.27213,,
514.30958,,
497.6579,,
508.76322,,
500.94498,,
515.04415,,
503.82059,,
489.58473,,
463.81991,,
401.94764,,
378.84557,,
332.16447,,
320.42326,,
315.91526,,
301.45607,,
325.20305,,
404.23185,,
414.64649,,
461.88802,,
479.27263,,
488.09006,,
515.04501,,
479.71807,,
468.89123,,
489.70148,,
504.48704,,
471.13807,,
464.42439,,
496.7945,,
482.53447,,
453.13635,,
452.96096,,
470.55016,,
405.64499,,
360.10008,,
315.66652,,
305.50022,,
295.50796,,
301.57347,,
302.37152,,
325.50438,,
354.99688,,
399.96723,,
425.40685,,
443.90492,,
435.68827,,
489.28266,,
475.81301,,
454.63621,,
469.59497,,
451.53797,,
427.14476,,
451.30632,,
483.60382,,
475.75336,,
454.73644,,
446.82619,,
419.64232,,
381.50691,,
350.50693,,
335.79451,,
330.21922,,
313.93015,,
331.05754,,
341.78054,,
375.44347,,
391.72683,,
396.86557,,
447.97576,,
434.54335,,
449.95903,,
451.3556,,
448.27097,,
455.12516,,
448.3517,,
467.79447,,
479.96334,,
491.51341,,
502.71082,,
489.73324,,
470.41853,,
446.08112,,
363.58895,,
353.08685,,
325.93884,,
315.67473,,
301.00477,,
355.62618,,
380.17243,,
424.3078,,
453.90879,,
483.59338,,
490.19295,,
526.12001,,
467.71269,,
488.55202,,
487.40763,,
494.08423,,
490.02981,,
496.80803,,
490.99567,,
494.56915,,
506.52256,,
490.30579,,
450.26301,,
396.87868,,
348.18748,,
320.1477,,
310.01198,,
303.24439,,
289.0335,,
307.39323,,
384.70418,,
443.23987,,
478.27983,,
482.05458,,
515.07627,,
504.71909,,
518.81767,,
493.22774,,
481.76794,,
494.20831,,
477.36553,,
482.87532,,
508.17822,,
520.68853,,
504.19099,,
460.96053,,
437.78712,,
391.93366,,
346.49668,,
313.23296,,
310.22409,,
293.62436,,
297.92812,,
317.87721,,
354.95339,,
447.78011,,
451.05553,,
488.5816,,
496.10672,,
507.15696,,
570.43578,,
520.47328,,
539.89239,,
525.81072,,
522.35944,,
536.29399,,
526.50992,,
545.97934,,
523.9917,,
534.3047,,
475.19271,,
415.50603,,
377.49328,,
344.18098,,
340.25439,,
321.52595,,
320.97558,,
346.52564,,
410.8739,,
441.77806,,
518.94722,,
571.00843,,
551.19686,,
564.57476,,
572.21914,,
609.83772,,
612.41846,,
597.55001,,
543.00043,,
528.53138,,
533.31707,,
521.51008,,
539.46978,,
539.51238,,
537.17206,,
473.00554,,
444.28692,,
383.27951,,
374.7051,,
363.14976,,
346.21969,,
377.3931,,
414.24388,,
504.38645,,
532.77987,,
582.59402,,
603.88148,,
578.94022,,
620.39887,,
555.50847,,
597.78481,,
567.97531,,
566.27055,,
511.66775,,
525.66064,,
514.32524,,
541.59434,,
550.16368,,
527.17559,,
504.18387,,
440.98169,,
398.83945,,
377.93548,,
357.10192,,
352.80304,,
353.54993,,
377.18109,,
379.25887,,
394.75033,,
440.07988,,
481.3659,,
506.40616,,
515.81453,,
515.02628,,
473.41616,,
484.43298,,
505.10176,,
475.70705,,
468.38723,,
498.068,,
513.80835,,
529.70287,,
532.08565,,
494.32989,,
448.34028,,
407.61544,,
373.53681,,
353.26177,,
346.77852,,
360.99022,,
379.44195,,
389.25458,,
426.62711,,
429.48633,,
420.36775,,
473.82178,,
490.62562,,
485.95417,,
485.11079,,
489.83077,,
481.56933,,
501.6022,,
527.35796,,
553.93995,,
579.32662,,
606.30476,,
590.69425,,
511.49558,,
452.3582,,
431.30874,,
396.17672,,
383.50022,,
372.59064,,
393.78874,,
466.94429,,
556.11606,,
562.16025,,
602.82928,,
657.82506,,
658.61183,,
672.08425,,
673.7857,,
617.34971,,
617.17365,,
621.32771,,
626.60815,,
628.67589,,
657.39838,,
662.8174,,
681.73099,,
673.32162,,
595.25122,,
528.12247,,
484.04477,,
461.76328,,
436.80521,,
412.28889,,
423.85188,,
480.95673,,
597.46095,,
586.12226,,
619.81266,,
720.7677,,
759.2347,,
686.8022,,
704.93839,,
754.30406,,
664.80148,,
684.98473,,
626.23647,,
672.50514,,
692.92664,,
730.41553,,
734.8148,,
720.31805,,
671.83116,,
583.85577,,
528.56164,,
491.81798,,
479.04227,,
463.36206,,
489.55747,,
554.94059,,
608.90532,,
639.19671,,
649.55934,,
668.14956,,
643.98169,,
703.24844,,
712.65768,,
699.81122,,
678.85813,,
690.59405,,
690.54105,,
657.41299,,
711.09199,,
735.0121,,
756.43154,,
756.65372,,
686.28924,,
607.44423,,
565.01103,,
547.11828,,
501.45539,,
486.8861,,
507.19967,,
516.38507,,
659.35109,,
601.59135,,
691.83207,,
656.68666,,
744.61765,,
670.33379,,
771.52776,,
728.0872,,
699.62657,,
629.2152,,
656.5455,,
674.2283,,
690.32173,,
728.42285,,
780.50615,,
747.10447,,
673.15853,,
617.3889,,
551.09152,,
515.45561,,
491.04476,,
462.00751,,
461.91859,,
511.33144,,
572.39791,,
589.60392,,
649.20107,,
607.23822,,
675.75531,,
706.99404,,
707.66792,,
694.04098,,
725.87679,,
625.54855,,
599.49576,,
608.30319,,
602.66924,,
606.22998,,
654.89377,,
637.17631,,
602.54168,,
541.02319,,
515.78845,,
476.55938,,
448.11801,,
426.21058,,
415.59929,,
457.95075,,
449.91461,,
462.35138,,
485.58885,,
503.13517,,
497.60255,,
508.15177,,
489.90097,,
457.79117,,
471.82609,,
478.32487,,
461.69109,,
470.44562,,
504.94937,,
524.86207,,
540.90251,,
523.81346,,
508.17298,,
485.77993,,
425.8796,,
414.74838,,
396.89741,,
383.92797,,
390.62901,,
416.85209,,
426.30023,,
480.14186,,
454.29839,,
473.4947,,
468.97453,,
509.24691,,
518.00183,,
493.2234,,
506.42189,,
503.38338,,
528.41827,,
529.44974,,
570.39474,,
588.40627,,
592.70545,,
589.35075,,
517.21737,,
474.10959,,
435.71959,,
420.2718,,
387.48321,,
384.2755,,
422.53081,,
498.82603,,
531.18284,,
601.60004,,
634.99032,,
691.93351,,
684.77332,,
692.08169,,
672.6627,,
648.0187,,
658.88768,,
600.26763,,
645.32039,,
617.02833,,
660.64687,,
691.22018,,
703.61701,,
683.13087,,
609.01834,,
550.83682,,
503.28651,,
469.22057,,
440.43695,,
448.69052,,
463.07694,,
533.01994,,
601.69748,,
629.79001,,
684.67043,,
715.91691,,
719.20676,,
711.61082,,
722.9645,,
695.82119,,
675.63231,,
687.90709,,
674.28474,,
645.39436,,
653.54624,,
711.59356,,
700.97726,,
662.51725,,
617.66504,,
545.41686,,
489.62398,,
463.0307,,
439.59331,,
418.38757,,
427.32676,,
443.53156,,
487.45033,,
543.30832,,
554.73971,,
599.30554,,
589.11975,,
580.80074,,
572.61543,,
544.15692,,
522.23825,,
524.85848,,
550.25383,,
528.20761,,
529.41745,,
516.42458,,
524.30031,,
519.41098,,
464.66182,,
400.72705,,
361.3992,,
360.97248,,
333.73217,,
393.48832,,
386.56127,,
426.36438,,
481.67309,,
507.5068,,
590.18131,,
538.15076,,
577.61915,,
556.59869,,
600.08939,,
544.54083,,
542.73904,,
520.66281,,
507.65371,,
480.68381,,
471.60847,,
499.30777,,
469.12108,,
438.06564,,
409.58904,,
360.45742,,
337.6392,,
318.72536,,
299.16606,,
291.2117,,
322.2516,,
358.97652,,
443.40961,,
454.16344,,
468.41449,,
501.7195,,
463.93514,,
475.97842,,
504.88671,,
525.20513,,
481.29473,,
454.24019,,
441.60833,,
420.80231,,
455.77332,,
471.64686,,
476.24535,,
414.86314,,
395.28081,,
353.89886,,
335.1564,,
315.18055,,
312.20523,,
308.11028,,
304.97604,,
328.03427,,
371.54476,,
357.28668,,
387.95813,,
412.38098,,
414.34259,,
443.05805,,
422.0016,,
451.05885,,
450.14572,,
439.59928,,
427.10437,,
434.43651,,
441.79549,,
450.12338,,
469.78405,,
444.35627,,
399.84886,,
378.59352,,
320.67628,,
304.45052,,
293.40219,,
293.72213,,
307.07878,,
309.82549,,
339.75919,,
332.37771,,
360.36567,,
420.17563,,
425.74106,,
421.20211,,
440.90237,,
461.16537,,
457.98052,,
488.79353,,
486.84151,,
492.52467,,
485.13395,,
524.39611,,
522.99737,,
481.50431,,
446.31397,,
393.36762,,
348.68586,,
347.98184,,
328.49389,,
315.75968,,
350.55131,,
391.231,,
449.45221,,
467.88845,,
516.01855,,
563.066,,
544.88578,,
517.60874,,
531.80815,,
485.73657,,
514.22333,,
499.04615,,
492.92729,,
480.30012,,
496.4823,,
504.2573,,
497.23783,,
477.26692,,
409.20387,,
371.71721,,
335.72637,,
323.54743,,
316.26951,,
315.12382,,
330.87652,,
395.38754,,
437.62952,,
480.91231,,
512.24256,,
514.0677,,
534.70398,,
516.69149,,
511.74568,,
507.40177,,
478.56541,,
489.57612,,
478.36836,,
497.80459,,
510.48972,,
499.99891,,
474.21534,,
446.53514,,
398.59182,,
359.67741,,
350.21957,,
314.29309,,
286.69883,,
290.50933,,
311.83081,,
380.77082,,
432.98844,,
452.12995,,
490.3484,,
503.43808,,
528.86794,,
559.74671,,
542.77795,,
530.11035,,
507.48883,,
515.08259,,
504.23598,,
504.6269,,
490.039,,
506.70131,,
512.01897,,
486.32217,,
441.80187,,
374.66804,,
346.36182,,
323.11416,,
323.15177,,
313.35568,,
342.62187,,
406.88327,,
461.66719,,
489.50226,,
511.40559,,
526.1939,,
566.99034,,
573.9614,,
564.67311,,
527.53602,,
511.59424,,
494.15601,,
493.49812,,
496.86058,,
510.17271,,
494.05245,,
516.69092,,
474.14812,,
427.60509,,
379.20973,,
348.63208,,
330.64916,,
317.59451,,
312.13943,,
335.256,,
368.68888,,
429.77842,,
478.12982,,
514.51104,,
513.74525,,
539.72892,,
516.0545,,
533.86115,,
526.95141,,
476.417,,
448.46477,,
435.31876,,
436.08625,,
436.94146,,
462.02085,,
437.26546,,
456.03253,,
416.53219,,
369.66267,,
341.72653,,
322.25877,,
312.73765,,
303.17625,,
294.40251,,
310.874,,
348.93503,,
372.3485,,
383.00178,,
413.95078,,
418.58598,,
429.64043,,
433.93159,,
413.43818,,
431.18322,,
404.22862,,
403.49439,,
400.10131,,
400.91834,,
428.83497,,
416.18203,,
426.7694,,
379.59159,,
376.17946,,
327.38306,,
310.1595,,
316.18188,,
298.12185,,
313.19725,,
317.03858,,
335.10919,,
357.09402,,
354.01939,,
413.18846,,
417.40393,,
461.43543,,
483.73209,,
485.79185,,
488.14273,,
457.86526,,
459.16981,,
497.42523,,
507.30094,,
534.28003,,
544.21338,,
562.00122,,
502.18949,,
437.14905,,
415.51172,,
398.53198,,
376.83398,,
382.34254,,
383.96136,,
493.84394,,
520.95641,,
562.48643,,
657.27722,,
754.28115,,
729.46019,,
733.78209,,
693.23797,,
733.28008,,
684.85094,,
666.14882,,
634.36824,,
644.07587,,
655.00148,,
687.12536,,
702.64449,,
687.80007,,
607.31979,,
553.02644,,
511.56914,,
475.05073,,
456.7894,,
430.20521,,
439.47273,,
565.96358,,
559.55582,,
647.2771,,
652.64399,,
673.03145,,
744.90567,,
668.29733,,
715.65808,,
716.39048,,
715.26541,,
616.16764,,
599.0274,,
607.39649,,
623.36298,,
634.2388,,
647.73644,,
648.68354,,
583.85283,,
527.31223,,
501.32708,,
459.34007,,
443.1581,,
432.04845,,
444.18944,,
487.08986,,
591.96343,,
652.87362,,
693.1045,,
653.00515,,
680.48938,,
747.93682,,
695.53895,,
675.19253,,
594.60566,,
584.03791,,
604.44099,,
628.3817,,
625.43365,,
638.50536,,
685.56361,,
695.48528,,
622.69853,,
572.05844,,
544.94713,,
479.7002,,
458.70876,,
445.74459,,
466.37543,,
547.96668,,
619.82457,,
715.96336,,
701.24735,,
676.82377,,
736.85426,,
733.73882,,
815.4077,,
778.7106,,
686.22614,,
692.03744,,
673.846,,
663.91406,,
740.03671,,
786.88302,,
732.88691,,
742.18937,,
674.4629,,
616.56894,,
549.38108,,
525.52675,,
500.40695,,
476.1089,,
501.35677,,
568.98396,,
559.18509,,
575.32499,,
610.11577,,
638.40219,,
632.50151,,
624.34746,,
653.65526,,
718.97486,,
663.00044,,
607.10576,,
560.59161,,
549.76346,,
569.30773,,
616.52272,,
666.15313,,
662.62688,,
611.5606,,
565.19308,,
498.34113,,
483.24358,,
456.11223,,
434.41173,,
449.46637,,
488.86401,,
485.93554,,
554.62362,,
528.99082,,
514.73932,,
610.83687,,
612.53453,,
614.55855,,
566.89626,,
602.79519,,
563.22871,,
532.1693,,
547.40037,,
603.20775,,
605.55074,,
685.6243,,
664.72056,,
637.22558,,
602.15787,,
532.91316,,
508.52127,,
495.85872,,
468.16336,,
457.55297,,
456.82832,,
469.29813,,
505.23783,,
551.80326,,
539.59718,,
551.87637,,
602.14664,,
646.13718,,
647.78684,,
648.45857,,
604.73411,,
579.73428,,
628.14809,,
629.96216,,
714.99225,,
754.2947,,
729.36083,,
655.85121,,
617.51714,,
558.45073,,
521.31845,,
502.51508,,
470.6527,,
482.15535,,
503.00917,,
562.29392,,
583.01834,,
606.54272,,
638.51043,,
607.84979,,
607.72298,,
622.01582,,
574.02401,,
555.4721,,
581.03187,,
551.1623,,
567.81605,,
574.5733,,
537.77665,,
564.23958,,
548.34208,,
500.29593,,
446.56518,,
406.74075,,
385.99449,,
372.04508,,
354.48688,,
381.33772,,
446.10903,,
479.41541,,
492.3506,,
516.82571,,
580.81109,,
590.99385,,
564.83004,,
544.85201,,
525.16369,,
533.78626,,
483.65846,,
479.94912,,
506.50641,,
508.83782,,
509.4212,,
519.49459,,
467.76103,,
422.79032,,
382.66476,,
346.71487,,
329.41849,,
310.46608,,
313.55429,,
343.13603,,
395.76229,,
443.15927,,
505.8416,,
488.88876,,
519.94842,,
567.62541,,
559.86375,,
551.93805,,
545.65995,,
519.26512,,
505.36595,,
501.65428,,
527.00563,,
504.43236,,
505.49344,,
507.15004,,
499.89674,,
447.67794,,
378.40778,,
362.18006,,
347.95524,,
344.15186,,
329.54814,,
352.85899,,
408.08235,,
521.28869,,
519.3803,,
529.78493,,
501.17246,,
554.44404,,
580.4184,,
619.34176,,
575.03446,,
575.2281,,
559.94424,,
515.40405,,
535.65241,,
511.71422,,
556.29995,,
543.92851,,
519.81501,,
489.32023,,
426.60908,,
407.48166,,
374.48761,,
368.54457,,
355.91293,,
370.60139,,
435.82023,,
497.26331,,
545.50907,,
567.14971,,
580.02439,,
623.32793,,
659.62424,,
657.65807,,
647.61274,,
630.48527,,
570.67105,,
511.01539,,
526.93483,,
568.76084,,
572.30273,,
538.26161,,
581.43022,,
545.62784,,
511.27657,,
461.20872,,
441.27615,,
389.55134,,
389.78596,,
420.27483,,
460.31409,,
434.80908,,
432.71659,,
500.18474,,
489.86742,,
508.49352,,
509.32889,,
580.68967,,
500.1032,,
537.48057,,
495.19154,,
483.39723,,
514.12379,,
554.50367,,
588.52799,,
597.21561,,
552.32162,,
542.30364,,
527.64562,,
478.70724,,
456.6111,,
434.20761,,
410.1226,,
417.19044,,
429.52795,,
461.98504,,
484.35503,,
483.29011,,
485.88279,,
497.17522,,
585.75053,,
573.37249,,
592.14219,,
540.39975,,
529.5122,,
540.39334,,
543.72383,,
583.60281,,
623.66508,,
667.11988,,
627.96312,,
601.60524,,
536.7856,,
502.69728,,
470.50462,,
460.47621,,
426.67683,,
444.54782,,
521.74489,,
575.16747,,
656.97065,,
664.15684,,
702.46612,,
694.93013,,
682.92065,,
648.25044,,
643.45542,,
671.6108,,
637.83839,,
649.37563,,
645.80342,,
658.55938,,
671.24928,,
687.64756,,
669.62853,,
606.92662,,
556.55753,,
512.83861,,
474.05729,,
456.92668,,
434.02011,,
457.70656,,
501.26582,,
573.79668,,
546.86145,,
580.72026,,
609.97088,,
628.35381,,
605.87396,,
588.01627,,
587.36948,,
565.07456,,
540.49888,,
544.589,,
527.94767,,
536.55637,,
551.95084,,
535.36025,,
509.65924,,
467.80433,,
413.01661,,
398.11738,,
371.8367,,
346.67296,,
338.92904,,
362.16628,,
398.53931,,
475.25666,,
499.94672,,
528.94018,,
518.67414,,
552.96415,,
580.51008,,
533.84283,,
525.3489,,
512.65296,,
495.51673,,
478.88336,,
498.16179,,
522.23367,,
468.43977,,
505.47324,,
518.96085,,
459.23305,,
391.84616,,
368.31288,,
351.83001,,
328.93796,,
345.82273,,
355.75998,,
424.764,,
470.99478,,
518.70535,,
555.92579,,
592.04325,,
632.96032,,
655.72159,,
661.90517,,
628.50501,,
609.1579,,
575.52459,,
558.84918,,
557.61621,,
595.35109,,
600.51286,,
612.7772,,
580.52003,,
558.98354,,
494.26812,,
487.38354,,
433.72127,,
410.83622,,
399.40125,,
408.31179,,
485.70216,,
540.67632,,
616.10189,,
657.09109,,
652.96772,,
670.15373,,
673.17501,,
711.25532,,
687.76829,,
657.13646,,
596.37057,,
558.34439,,
565.51621,,
592.28614,,
620.2304,,
659.31678,,
684.25064,,
627.3608,,
558.68344,,
519.15037,,
489.78598,,
466.7511,,
436.15328,,
461.09963,,
514.1443,,
508.78077,,
511.38661,,
561.40215,,
573.83429,,
593.43302,,
616.70088,,
592.72078,,
586.47674,,
581.58401,,
547.27589,,
538.7623,,
567.4224,,
614.91442,,
599.69749,,
634.41985,,
640.73699,,
615.43503,,
546.46998,,
500.4058,,
474.66956,,
456.20453,,
444.86894,,
446.40901,,
459.86475,,
475.39878,,
501.55792,,
520.46071,,
558.72149,,
570.9406,,
583.71359,,
583.40861,,
571.39222,,
580.35799,,
561.61601,,
574.88585,,
612.99974,,
642.30967,,
720.43027,,
737.48228,,
722.70695,,
651.89723,,
591.73059,,
536.08139,,
502.52679,,
482.00923,,
470.95127,,
525.0598,,
595.09788,,
646.84377,,
696.82661,,
701.18425,,
748.68435,,
736.67791,,
749.06603,,
747.51846,,
698.08493,,
703.57389,,
680.22847,,
659.74661,,
669.80036,,
659.99532,,
701.77212,,
723.93362,,
727.631,,
651.23478,,
580.33167,,
523.86976,,
508.72844,,
472.16581,,
449.04835,,
503.05673,,
546.11037,,
629.5544,,
651.10586,,
645.63257,,
668.10364,,
688.05766,,
686.87371,,
699.54393,,
712.22426,,
705.73912,,
662.32695,,
638.16234,,
647.52128,,
665.51112,,
704.53253,,
714.54469,,
693.67683,,
631.68119,,
574.57369,,
537.55612,,
494.80899,,
475.07144,,
431.647,,
459.68901,,
535.8445,,
634.48435,,
729.20052,,
736.92117,,
770.67883,,
793.1826,,
794.42121,,
778.61147,,
756.46557,,
732.7031,,
710.81024,,
717.10977,,
685.64901,,
705.7779,,
721.53863,,
761.44503,,
733.9957,,
666.16379,,
608.11973,,
537.94966,,
508.3005,,
486.77723,,
476.2503,,
514.35523,,
590.42914,,
685.43082,,
740.54185,,
779.16126,,
805.8867,,
820.75478,,
850.80803,,
809.65461,,
768.39889,,
713.34207,,
689.08105,,
646.54357,,
651.64725,,
670.93005,,
693.72453,,
692.16032,,
688.07299,,
656.98624,,
598.97605,,
552.731,,
517.00547,,
507.26565,,
463.83666,,
474.46745,,
500.6522,,
534.53585,,
598.06357,,
618.86861,,
610.4764,,
633.68935,,
638.53732,,
555.14288,,
590.83537,,
586.54927,,
558.97414,,
535.53105,,
548.18628,,
563.18449,,
577.06903,,
623.71816,,
596.66161,,
573.7994,,
543.04367,,
513.28236,,
481.59221,,
438.4589,,
445.2611,,
435.69465,,
477.02731,,
487.67898,,
506.31562,,
509.4243,,
546.06443,,
544.74542,,
548.86472,,
568.83091,,
562.14649,,
545.64108,,
535.75556,,
530.74997,,
578.96903,,
564.51603,,
612.54365,,
646.82047,,
643.52297,,
621.76273,,
540.8831,,
514.4795,,
489.52083,,
456.94313,,
434.1477,,
442.44004,,
476.86921,,
459.61325,,
484.60573,,
514.675,,
514.23309,,
530.00136,,
551.35253,,
544.32692,,
552.74023,,
568.47195,,
556.48585,,
577.31844,,
620.17093,,
671.34486,,
673.11145,,
727.16858,,
732.29895,,
676.58248,,
607.7918,,
557.54106,,
519.59671,,
503.34105,,
482.34064,,
485.44694,,
594.72924,,
669.33466,,
719.48315,,
759.37638,,
757.68817,,
737.63661,,
700.51008,,
730.57549,,
676.07776,,
672.34326,,
689.15197,,
695.04972,,
635.541,,
667.8249,,
685.63476,,
714.87197,,
683.11023,,
642.47751,,
585.35219,,
524.13687,,
495.23036,,
464.0337,,
452.69446,,
464.09592,,
500.00456,,
575.53972,,
625.23792,,
645.38233,,
659.12594,,
626.26295,,
609.14683,,
622.117,,
586.66684,,
584.57989,,
566.73933,,
573.84247,,
567.876,,
569.19901,,
571.46002,,
563.29982,,
563.88264,,
505.6633,,
475.86386,,
434.6551,,
404.50836,,
376.51661,,
374.48442,,
384.02215,,
475.74753,,
505.19298,,
559.29767,,
587.5887,,
605.73553,,
577.72575,,
570.11749,,
567.15379,,
548.52604,,
524.3079,,
535.47375,,
572.10755,,
552.5528,,
537.0142,,
537.49988,,
553.76009,,
547.09326,,
499.55235,,
459.39947,,
420.58081,,
388.0242,,
369.10843,,
358.32995,,
377.32434,,
441.68703,,
488.83753,,
546.11786,,
574.51428,,
592.45585,,
591.5822,,
594.97786,,
609.7271,,
613.2902,,
576.68558,,
572.72551,,
563.54239,,
578.05858,,
570.15933,,
579.65641,,
598.92645,,
576.18104,,
538.99914,,
496.56646,,
460.62024,,
424.8961,,
386.19958,,
376.46751,,
385.69889,,
447.79717,,
488.42267,,
529.58472,,
561.299,,
577.25569,,
591.03545,,
610.60621,,
575.37323,,
551.27204,,
541.10262,,
518.15377,,
508.97394,,
495.84703,,
511.24051,,
528.02455,,
517.53059,,
543.41592,,
494.22437,,
481.45034,,
431.31885,,
399.58698,,
372.76576,,
356.39747,,
377.53219,,
386.72126,,
387.08316,,
444.96047,,
464.06772,,
486.25998,,
515.02459,,
500.69726,,
514.83801,,
515.52207,,
503.98949,,
498.48457,,
476.67512,,
475.59006,,
491.09514,,
513.7356,,
501.27665,,
501.17576,,
500.22782,,
454.50523,,
419.24717,,
379.58356,,
364.01148,,
350.7225,,
352.29671,,
390.30655,,
395.14712,,
403.59464,,
438.14942,,
480.61662,,
506.50448,,
520.59919,,
560.52292,,
567.43618,,
566.17196,,
539.22738,,
541.26245,,
546.08712,,
583.31704,,
607.96678,,
632.60304,,
611.65676,,
577.95389,,
544.22157,,
484.7334,,
456.10206,,
435.3718,,
421.59831,,
438.63637,,
512.26005,,
593.73513,,
659.81869,,
718.44987,,
766.34695,,
741.59121,,
730.96663,,
712.15477,,
724.06376,,
725.726,,
679.46915,,
702.31508,,
716.33171,,
681.7203,,
679.37143,,
682.85947,,
689.42439,,
613.51313,,
558.3301,,
530.73706,,
488.92977,,
474.54652,,
460.1653,,
471.06844,,
534.9636,,
642.07224,,
684.18601,,
742.6456,,
759.81024,,
764.53908,,
748.81559,,
745.16272,,
717.41647,,
714.5619,,
722.11221,,
711.8667,,
700.03281,,
706.94247,,
721.06691,,
725.30577,,
703.74688,,
655.09544,,
619.63387,,
550.31545,,
511.44077,,
486.92906,,
457.35893,,
457.72754,,
542.43381,,
633.24821,,
717.59215,,
754.98969,,
785.71003,,
802.41652,,
819.95489,,
836.11838,,
823.27817,,
804.96453,,
752.36937,,
747.9305,,
736.90735,,
744.73958,,
794.23046,,
797.08111,,
791.32234,,
775.21895,,
701.03149,,
626.97246,,
579.09769,,
544.43996,,
516.96076,,
547.67529,,
629.8688,,
728.97066,,
796.42602,,
875.50871,,
862.38349,,
898.58776,,
934.80282,,
968.94322,,
938.05882,,
843.53861,,
821.14066,,
777.18377,,
763.55632,,
778.26159,,
769.06439,,
781.43352,,
769.30765,,
737.82645,,
650.25323,,
601.29559,,
581.76248,,
555.78746,,
525.23535,,
524.487,,
642.76622,,
718.54586,,
776.34267,,
849.12315,,
848.34694,,
857.04859,,
904.54179,,
943.13139,,
918.30722,,
846.66351,,
779.93897,,
713.61437,,
690.68853,,
714.26753,,
725.88304,,
818.94719,,
801.79209,,
757.49151,,
697.32451,,
639.84804,,
584.69792,,
541.31337,,
501.73807,,
508.5508,,
570.57279,,
584.74371,,
623.17396,,
642.88753,,
629.58507,,
651.4244,,
652.93351,,
609.12057,,
618.6079,,
601.07758,,
571.96992,,
552.64838,,
533.95929,,
577.76668,,
630.06735,,
637.83404,,
632.35199,,
611.31712,,
559.32225,,
516.499,,
495.08766,,
479.0023,,
455.89899,,
458.61431,,
434.58523,,
449.0949,,
477.43837,,
484.08669,,
503.4557,,
534.44698,,
522.92267,,
524.43958,,
514.73403,,
520.72096,,
495.99393,,
487.68702,,
490.01861,,
499.19734,,
496.87351,,
523.79019,,
510.2207,,
493.32001,,
464.96683,,
419.48176,,
404.4115,,
379.09409,,
376.24281,,
391.00129,,
455.65248,,
482.6863,,
551.79927,,
602.81495,,
577.6463,,
571.83269,,
581.72495,,
608.90167,,
583.55656,,
565.04792,,
526.06279,,
484.18693,,
480.1774,,
469.82584,,
449.06467,,
455.98828,,
470.20531,,
420.60791,,
395.24668,,
375.4325,,
356.1081,,
340.10827,,
351.7578,,
365.22936,,
430.65463,,
500.40261,,
573.93783,,
595.21611,,
598.785,,
604.94084,,
646.44763,,
619.09898,,
610.84241,,
567.63797,,
556.00707,,
529.09637,,
521.63812,,
492.60129,,
489.1359,,
480.99925,,
439.74481,,
424.05831,,
404.81082,,
371.39342,,
364.85666,,
345.75118,,
330.08952,,
359.8693,,
423.61081,,
555.48373,,
634.28465,,
616.04373,,
631.75691,,
656.52448,,
643.21996,,
650.92816,,
630.04577,,
602.7665,,
536.06626,,
496.67823,,
518.43845,,
502.70504,,
493.88957,,
514.87967,,
483.95273,,
446.44223,,
410.09238,,
394.91283,,
371.76476,,
364.5899,,
352.57861,,
374.72327,,
454.69946,,
585.48053,,
611.0732,,
655.25285,,
656.59994,,
647.39197,,
652.47566,,
658.39123,,
664.90085,,
597.69814,,
541.4853,,
522.85675,,
514.23906,,
481.14335,,
475.15961,,
490.21788,,
483.457,,
492.92492,,
436.75179,,
404.4808,,
391.12414,,
368.65672,,
354.39203,,
377.77718,,
448.09024,,
542.79366,,
592.03937,,
636.01011,,
649.84598,,
660.74139,,
661.4439,,
639.54882,,
628.0571,,
595.038,,
544.68172,,
518.1328,,
523.4836,,
523.99234,,
524.07385,,
568.53017,,
548.85657,,
506.71963,,
465.41928,,
444.72545,,
427.67658,,
407.92154,,
402.36839,,
401.25157,,
396.41193,,
427.96392,,
442.46142,,
475.71157,,
465.84522,,
512.50905,,
525.86863,,
518.39044,,
519.87111,,
507.18008,,
491.18886,,
488.12762,,
474.69751,,
480.99002,,
517.4405,,
544.571,,
553.76389,,
523.27125,,
489.68744,,
465.06237,,
429.21898,,
411.5727,,
395.41038,,
397.35612,,
410.12054,,
419.39698,,
457.64849,,
478.06918,,
510.25904,,
504.52186,,
519.24723,,
529.77743,,
535.41729,,
516.11458,,
503.41311,,
494.0989,,
527.4572,,
592.60498,,
609.53681,,
634.5854,,
634.11743,,
571.74019,,
520.57173,,
478.61401,,
446.32956,,
430.50264,,
417.39048,,
430.09733,,
498.27403,,
625.39992,,
690.20116,,
702.07181,,
677.7063,,
705.33882,,
726.17069,,
711.80737,,
699.81412,,
682.32783,,
620.44522,,
585.0113,,
574.55001,,
630.07137,,
637.13289,,
649.58353,,
653.67007,,
599.85299,,
571.42207,,
531.47041,,
519.52641,,
478.96207,,
455.42185,,
457.32322,,
509.25351,,
599.15755,,
660.58148,,
697.5268,,
684.66827,,
700.40344,,
711.08295,,
689.12195,,
654.94166,,
636.42182,,
577.63745,,
560.42312,,
549.01128,,
572.5053,,
589.24009,,
566.06549,,
555.9297,,
537.97369,,
494.43027,,
454.84584,,
421.26238,,
410.17038,,
401.62441,,
429.95017,,
485.10216,,
549.23747,,
605.70428,,
617.64565,,
643.73323,,
671.51546,,
740.36421,,
715.54174,,
655.98884,,
655.23418,,
662.93117,,
624.73402,,
570.42202,,
570.79989,,
602.84904,,
623.87066,,
589.98504,,
559.52062,,
514.22749,,
474.63978,,
449.84253,,
436.82209,,
417.65886,,
433.30114,,
524.72303,,
601.52807,,
652.5603,,
672.72726,,
656.37108,,
648.18385,,
662.90898,,
650.85842,,
625.94652,,
617.54338,,
587.23289,,
548.36775,,
531.66674,,
562.52662,,
595.59784,,
617.10879,,
609.21626,,
592.28157,,
519.70785,,
462.51015,,
443.31322,,
428.82313,,
410.41988,,
417.73138,,
485.4213,,
569.79086,,
658.75821,,
669.5027,,
666.34053,,
675.80611,,
687.88953,,
697.65765,,
676.1724,,
657.88877,,
595.89425,,
555.75794,,
512.25792,,
513.95796,,
569.87206,,
590.80409,,
581.97205,,
563.16769,,
517.4154,,
477.89714,,
436.72481,,
422.35136,,
419.03974,,
420.02192,,
430.64227,,
449.95218,,
476.22026,,
478.46159,,
459.25033,,
466.56753,,
463.90413,,
482.12219,,
460.96419,,
467.63813,,
450.44553,,
480.4098,,
498.06663,,
478.32965,,
541.39613,,
589.77889,,
591.48745,,
563.23142,,
514.76306,,
478.37381,,
457.03139,,
422.58345,,
407.66513,,
428.23059,,
420.43446,,
392.17309,,
387.63359,,
395.04306,,
456.18478,,
467.90069,,
485.69604,,
470.42925,,
490.60586,,
505.49169,,
505.02411,,
510.22175,,
522.72718,,
567.06252,,
606.70192,,
637.8386,,
632.8904,,
582.16741,,
542.02202,,
500.34633,,
469.38762,,
455.73261,,
429.02554,,
454.62548,,
527.6266,,
619.99125,,
687.82319,,
696.67446,,
678.75806,,
711.61741,,
765.8713,,
730.31012,,
711.3879,,
679.11345,,
630.98923,,
611.84205,,
599.75175,,
620.6491,,
623.69169,,
636.69652,,
639.66578,,
606.11655,,
538.16185,,
493.9801,,
471.88742,,
455.96033,,
438.51341,,
447.51537,,
530.55146,,
684.94436,,
741.0798,,
748.61115,,
754.72777,,
776.80146,,
794.40839,,
771.40677,,
751.05253,,
711.34422,,
666.76364,,
630.59764,,
589.88473,,
594.70439,,
623.25347,,
642.1392,,
610.03501,,
589.51413,,
525.8189,,
487.88879,,
464.21332,,
446.18177,,
413.42229,,
451.4106,,
539.70468,,
629.91207,,
695.03543,,
707.74919,,
718.03152,,
721.76511,,
724.42035,,
711.87248,,
701.99417,,
665.99161,,
647.6201,,
611.53321,,
575.63871,,
571.13962,,
590.93536,,
607.62927,,
622.77143,,
561.32257,,
512.18325,,
480.04893,,
454.41205,,
451.52338,,
450.43392,,
453.35889,,
530.55935,,
630.83203,,
717.81988,,
767.2109,,
756.63556,,
727.33049,,
727.95208,,
725.55882,,
696.19595,,
663.75996,,
634.21526,,
609.77355,,
581.93505,,
592.67737,,
624.80352,,
631.72954,,
648.14705,,
608.51155,,
567.39367,,
513.52546,,
492.89114,,
470.72695,,
464.00617,,
468.44614,,
508.07158,,
616.37454,,
667.23553,,
674.34554,,
682.67752,,
678.90056,,
657.72396,,
631.62024,,
626.71009,,
612.64214,,
593.91467,,
588.78227,,
564.42612,,
529.79144,,
537.32736,,
550.38013,,
560.95717,,
538.23084,,
531.12662,,
486.51656,,
450.22683,,
441.06588,,
425.39055,,
418.37571,,
417.37293,,
448.53773,,
486.70986,,
504.64431,,
497.36378,,
536.46474,,
581.8663,,
566.06189,,
546.71213,,
526.23921,,
495.12856,,
482.34401,,
510.21357,,
511.48878,,
551.78342,,
579.90586,,
579.8937,,
536.91143,,
484.25191,,
473.10161,,
447.50189,,
432.01864,,
417.09545,,
407.32618,,
401.53865,,
409.45575,,
445.85146,,
474.79437,,
522.9048,,
555.70255,,
563.35449,,
549.68688,,
552.58435,,
566.11827,,
527.70715,,
527.10576,,
520.22329,,
533.3091,,
551.73505,,
579.19836,,
585.24303,,
542.33133,,
505.39489,,
465.35483,,
451.25356,,
438.52198,,
413.12394,,
416.05557,,
499.75091,,
628.65877,,
657.71082,,
668.23163,,
679.65897,,
714.14401,,
745.9166,,
762.96492,,
712.35828,,
696.47609,,
650.74086,,
601.85825,,
592.1648,,
600.42563,,
627.36426,,
626.12541,,
612.79686,,
569.74651,,
554.42655,,
521.64915,,
480.27581,,
468.65632,,
436.06335,,
448.01517,,
520.38216,,
644.22194,,
711.0768,,
711.69127,,
693.90797,,
715.85039,,
753.81455,,
743.49361,,
746.64042,,
708.66004,,
674.46155,,
650.48469,,
631.39172,,
645.59433,,
652.14596,,
646.9176,,
644.10612,,
624.55836,,
575.04418,,
520.17172,,
518.88723,,
501.72826,,
489.02721,,
506.96269,,
563.05164,,
646.65954,,
711.35654,,
732.88752,,
718.75931,,
714.66429,,
731.12744,,
733.5302,,
745.46948,,
696.74005,,
641.1213,,
636.42781,,
626.51612,,
635.14681,,
649.84869,,
669.95246,,
676.93761,,
643.4735,,
585.29237,,
530.33815,,
501.74792,,
471.67222,,
446.85664,,
451.7697,,
529.90633,,
640.64214,,
682.41986,,
702.40043,,
708.07574,,
733.28679,,
735.63612,,
747.84344,,
714.90377,,
668.40569,,
636.56258,,
629.9965,,
618.33574,,
622.23108,,
614.81577,,
608.06273,,
584.96732,,
565.43306,,
509.53117,,
479.02007,,
456.71657,,
449.03745,,
420.94812,,
462.67882,,
541.18979,,
625.02658,,
662.57651,,
678.91683,,
668.20529,,
669.00878,,
670.47556,,
672.99485,,
674.31623,,
643.0782,,
598.11143,,
580.31956,,
559.93606,,
544.0209,,
578.51792,,
590.68551,,
570.07676,,
552.34151,,
506.13724,,
476.93726,,
459.97633,,
458.88034,,
438.34386,,
429.24408,,
447.82298,,
476.61736,,
503.75715,,
521.28518,,
519.8406,,
545.17766,,
534.52318,,
549.00261,,
514.61133,,
489.16624,,
484.7211,,
498.8413,,
492.04374,,
512.47055,,
539.05614,,
562.80021,,
558.56604,,
543.74278,,
501.90637,,
483.1782,,
455.18185,,
442.677,,
416.13622,,
411.81941,,
422.73588,,
438.3321,,
458.63744,,
481.89361,,
481.73189,,
512.64181,,
525.66752,,
518.96461,,
485.97156,,
486.48621,,
487.2372,,
503.53072,,
494.89419,,
522.57056,,
551.18231,,
588.66061,,
577.60116,,
530.19747,,
510.26691,,
453.23809,,
438.22063,,
421.96072,,
402.48865,,
416.69758,,
478.65911,,
604.45628,,
660.23308,,
708.00562,,
721.64349,,
758.21565,,
750.43324,,
724.39698,,
672.5561,,
656.66561,,
617.67473,,
559.51485,,
533.19778,,
538.5657,,
569.45499,,
555.35874,,
547.73972,,
505.05097,,
459.42997,,
428.70767,,
405.4187,,
377.5229,,
371.25575,,
395.29808,,
473.38152,,
579.06736,,
639.89674,,
664.06816,,
690.2769,,
703.94599,,
716.86118,,
710.94419,,
693.52561,,
664.50586,,
629.25126,,
606.05891,,
588.49405,,
591.44855,,
605.11263,,
563.96434,,
499.00724,,
460.54156,,
413.44187,,
389.93083,,
364.02041,,
341.99782,,
320.21929,,
345.58611,,
432.12109,,
580.2991,,
643.54466,,
707.29202,,
728.18803,,
734.32817,,
768.12337,,
741.97451,,
702.19526,,
639.93586,,
602.46382,,
602.11893,,
550.10055,,
527.72811,,
555.18218,,
562.38545,,
540.8827,,
511.64472,,
457.0995,,
424.53278,,
413.67593,,
416.89128,,
375.68228,,
403.2289,,
497.79079,,
603.29649,,
645.69865,,
679.67391,,
701.59693,,
750.39545,,
745.82556,,
729.00423,,
692.5674,,
615.7359,,
579.29765,,
549.79771,,
530.29973,,
541.99151,,
580.66068,,
588.72466,,
580.57032,,
533.52796,,
466.92554,,
444.94361,,
426.63937,,
407.6195,,
395.86129,,
426.1109,,
479.49389,,
556.82792,,
626.05261,,
644.16067,,
646.88908,,
675.26457,,
692.51496,,
648.405,,
597.99955,,
578.68753,,
575.09274,,
537.66891,,
504.60289,,
493.71244,,
516.85308,,
551.19648,,
523.98735,,
504.82349,,
472.41203,,
447.31609,,
417.25149,,
405.58308,,
398.251,,
406.72749,,
424.80513,,
418.13815,,
439.56247,,
466.79032,,
478.37542,,
475.04047,,
446.16249,,
460.24344,,
450.26304,,
449.04481,,
451.4995,,
467.48094,,
436.83677,,
459.2803,,
503.1488,,
540.59239,,
532.94572,,
490.88231,,
446.97119,,
449.19355,,
425.03158,,
401.40078,,
379.12893,,
387.65924,,
408.74952,,
408.15735,,
416.90728,,
458.84683,,
464.31989,,
468.38631,,
483.66253,,
482.81414,,
498.67778,,
498.31727,,
482.94009,,
478.63786,,
486.74777,,
498.64927,,
519.8417,,
555.78592,,
521.76222,,
495.0071,,
466.37602,,
443.3888,,
423.73546,,
408.64712,,
394.90849,,
406.8713,,
480.01908,,
583.78292,,
642.62073,,
659.75578,,
662.4761,,
698.57148,,
691.34441,,
705.39843,,
656.1015,,
627.42038,,
598.27559,,
612.03617,,
585.78856,,
548.87353,,
573.74077,,
579.25979,,
568.99514,,
554.02477,,
499.33275,,
472.21673,,
427.77359,,
417.40744,,
387.45973,,
411.42073,,
491.48218,,
597.59715,,
645.40826,,
668.97877,,
707.57562,,
737.94295,,
762.10126,,
768.64927,,
756.8849,,
698.68939,,
670.21579,,
622.83043,,
579.41989,,
584.52246,,
576.60636,,
605.88294,,
591.69758,,
550.39425,,
517.42147,,
486.46585,,
465.84518,,
450.32795,,
424.59512,,
450.09919,,
556.8007,,
610.01977,,
721.07544,,
747.71025,,
768.17798,,
769.21763,,
777.08473,,
782.46649,,
776.63226,,
739.43101,,
664.15208,,
608.21681,,
591.41963,,
563.08827,,
590.86115,,
595.05798,,
598.27372,,
558.85483,,
522.66932,,
493.74172,,
464.62207,,
430.14566,,
406.57361,,
424.40578,,
532.13256,,
681.93292,,
715.12897,,
722.53429,,
705.19824,,
722.79633,,
746.88355,,
772.87662,,
738.83757,,
668.86038,,
633.17844,,
574.52052,,
581.84203,,
550.53148,,
561.68611,,
565.18655,,
584.62084,,
560.60151,,
511.13411,,
478.68856,,
466.17874,,
434.35887,,
430.66082,,
446.17429,,
500.93065,,
592.42985,,
639.36515,,
625.0762,,
626.25244,,
652.19688,,
663.5747,,
687.85017,,
667.57279,,
634.61015,,
592.10825,,
569.23117,,
535.54312,,
512.0223,,
538.72339,,
577.10603,,
590.66907,,
554.89268,,
497.67623,,
465.08261,,
454.72567,,
437.7303,,
417.81094,,
443.36114,,
457.62532,,
454.37751,,
450.51872,,
480.07662,,
506.36995,,
520.23818,,
496.84535,,
530.61266,,
536.14141,,
501.98628,,
484.75744,,
469.04473,,
459.68171,,
469.74176,,
507.32346,,
547.06469,,
551.34624,,
545.58812,,
511.98312,,
490.67083,,
462.22471,,
449.45058,,
424.25674,,
413.23859,,
430.01689,,
450.72693,,
440.30999,,
433.40799,,
465.38158,,
504.54472,,
496.63215,,
503.33283,,
502.3952,,
490.27633,,
448.10871,,
469.58854,,
454.6883,,
480.36592,,
521.81003,,
580.03168,,
586.42417,,
534.53792,,
498.59155,,
471.13511,,
459.46829,,
436.52691,,
424.4494,,
450.88239,,
538.70841,,
650.72312,,
722.50863,,
739.90337,,
703.54404,,
723.99089,,
759.26575,,
754.81816,,
754.92348,,
702.16505,,
671.13861,,
614.93408,,
576.81551,,
569.27047,,
598.02951,,
626.44291,,
612.35266,,
590.85743,,
555.63564,,
513.69965,,
494.61497,,
491.50029,,
450.50579,,
454.73185,,
532.3778,,
641.01013,,
682.07646,,
707.90018,,
703.87555,,
745.04957,,
745.7964,,
737.51091,,
696.92158,,
657.06707,,
585.30771,,
551.11457,,
535.73261,,
536.75442,,
557.4533,,
577.79895,,
599.66559,,
572.21451,,
545.50552,,
507.4972,,
499.95715,,
479.12886,,
453.854,,
444.74112,,
522.17228,,
649.81554,,
687.68463,,
683.31893,,
666.00445,,
690.65072,,
693.10983,,
691.27381,,
722.7726,,
647.45058,,
588.32917,,
552.80814,,
536.36605,,
530.85301,,
542.63879,,
611.10128,,
595.60366,,
559.3718,,
521.78832,,
484.65479,,
482.2012,,
470.61856,,
427.16236,,
433.66198,,
501.60095,,
569.26105,,
665.92101,,
706.5909,,
685.80795,,
657.54853,,
668.73772,,
705.57438,,
652.95556,,
581.27174,,
521.74568,,
477.58301,,
450.15098,,
463.05838,,
468.31561,,
480.80629,,
503.27804,,
539.88276,,
480.35232,,
448.54824,,
438.31478,,
438.37804,,
414.51587,,
411.02721,,
385.00011,,
390.99749,,
396.35781,,
409.41707,,
412.63654,,
406.23343,,
381.84473,,
480.60315,,
392.01302,,
406.31664,,
404.21052,,
389.85313,,
389.78518,,
385.19109,,
404.47747,,
454.3872,,
458.98151,,
450.66487,,
419.65957,,
425.58262,,
406.24084,,
400.65173,,
392.47801,,
380.49502,,
398.13834,,
443.27083,,
473.48245,,
484.39914,,
457.93384,,
491.40223,,
504.65852,,
512.85605,,
511.93714,,
493.42573,,
474.10351,,
461.00686,,
486.30335,,
475.93158,,
507.02319,,
529.03967,,
532.02149,,
488.25323,,
457.28047,,
430.14436,,
415.45674,,
405.67445,,
383.2915,,
388.40012,,
401.86018,,
419.31865,,
432.29711,,
425.52057,,
445.43994,,
470.97431,,
504.54702,,
535.3456,,
513.68304,,
487.74853,,
470.89638,,
468.48197,,
457.70662,,
467.75741,,
524.94583,,
569.65038,,
561.73717,,
523.25139,,
495.5727,,
473.14149,,
439.90317,,
426.38489,,
408.42808,,
419.75355,,
500.95254,,
616.65735,,
689.09792,,
697.94853,,
681.87657,,
719.58176,,
686.4343,,
673.51121,,
660.10256,,
629.75212,,
597.48272,,
579.66986,,
568.34267,,
545.6746,,
565.7527,,
608.15019,,
622.3544,,
567.33124,,
529.10276,,
476.84093,,
464.02924,,
441.86105,,
419.37686,,
436.56199,,
530.52982,,
600.73483,,
667.64437,,
681.28228,,
672.18897,,
679.6116,,
710.12448,,
713.33669,,
701.66495,,
660.35705,,
610.94083,,
592.17063,,
562.43203,,
547.54519,,
567.59381,,
586.2246,,
566.84325,,
545.2022,,
494.68423,,
465.00203,,
447.71739,,
421.05469,,
408.25778,,
427.33057,,
569.75118,,
618.43449,,
702.06106,,
716.40879,,
682.79242,,
720.09721,,
761.39894,,
730.60621,,
703.50506,,
642.34199,,
618.37431,,
601.61699,,
584.59613,,
573.91202,,
629.35622,,
662.75957,,
648.76041,,
603.41983,,
564.0587,,
516.02452,,
490.89213,,
461.86759,,
445.19991,,
516.29369,,
562.15017,,
611.79924,,
715.60048,,
741.95359,,
719.92497,,
735.74062,,
759.89245,,
757.11676,,
707.1014,,
667.3404,,
625.63833,,
586.93549,,
543.26679,,
533.88904,,
564.95262,,
603.79945,,
573.7334,,
545.99907,,
508.96608,,
487.01776,,
460.80322,,
445.71933,,
431.0442,,
431.93047,,
500.12237,,
532.39243,,
614.92818,,
638.86302,,
613.66754,,
650.82621,,
671.32337,,
683.72458,,
666.3717,,
628.43254,,
603.14973,,
588.59981,,
536.44637,,
534.78242,,
544.36509,,
617.31287,,
593.36733,,
542.15368,,
509.47342,,
467.50115,,
445.97118,,
435.66513,,
390.11995,,
410.20734,,
454.00899,,
461.44527,,
471.75879,,
493.36857,,
509.92714,,
547.35798,,
535.01937,,
526.11389,,
524.70204,,
529.90346,,
467.23158,,
492.00249,,
490.01105,,
512.17828,,
548.11833,,
575.01291,,
574.34658,,
549.14756,,
500.72947,,
474.57785,,
448.22807,,
429.23083,,
409.87478,,
412.16276,,
423.37109,,
428.80136,,
446.04381,,
464.08614,,
491.20444,,
511.50598,,
523.39954,,
527.54988,,
525.96707,,
526.02506,,
507.15,,
512.07447,,
521.24735,,
550.7717,,
580.37598,,
615.16319,,
606.96899,,
561.72603,,
522.5006,,
480.27785,,
455.53957,,
438.00846,,
421.90433,,
439.55707,,
516.52094,,
611.1154,,
670.73848,,
695.85607,,
696.00267,,
710.83622,,
717.06399,,
714.75979,,
686.27517,,
667.32833,,
632.87811,,
609.65134,,
593.86014,,
593.89971,,
610.0918,,
623.57003,,
620.72233,,
574.61946,,
529.70656,,
490.24916,,
464.7748,,
443.88405,,
424.75115,,
441.30154,,
509.06286,,
608.57293,,
662.02105,,
682.63047,,
690.2769,,
703.94599,,
716.86118,,
710.94419,,
693.52561,,
664.50586,,
629.25126,,
606.05891,,
588.49405,,
591.57532,,
605.23645,,
606.64934,,
588.03052,,
554.26334,,
512.83897,,
473.24749,,
450.68345,,
430.44164,,
409.50728,,
428.8535,,
513.30367,,
601.16247,,
673.34882,,
691.68688,,
701.77893,,
713.82618,,
729.39478,,
721.82521,,
706.07938,,
668.35158,,
632.70105,,
615.57108,,
593.50971,,
587.53677,,
609.89364,,
632.72024,,
620.87077,,
580.4532,,
532.36019,,
489.49058,,
464.05282,,
445.85967,,
424.88066,,
448.19075,,
526.86797,,
620.72832,,
680.84619,,
677.6678,,
684.5504,,
708.64599,,
735.13914,,
722.16994,,
708.0811,,
661.99595,,
615.1375,,
555.55719,,
505.13865,,
513.60699,,
523.11889,,
525.68433,,
516.64638,,
485.82573,,
439.58354,,
445.09225,,
422.93745,,
420.13232,,
404.66762,,
424.79891,,
484.71362,,
532.02424,,
615.81049,,
640.16386,,
610.17026,,
601.16262,,
619.5788,,
641.73672,,
627.81323,,
605.38782,,
572.21214,,
546.24793,,
525.53502,,
520.51415,,
539.11207,,
574.16371,,
575.97597,,
545.21637,,
508.83123,,
475.19682,,
447.72964,,
430.07137,,
414.02276,,
421.06586,,
443.68785,,
459.07524,,
483.23981,,
506.16636,,
509.95139,,
531.15111,,
532.66464,,
537.22195,,
528.46332,,
516.60204,,
496.20632,,
494.34543,,
499.46556,,
512.17828,,
548.11833,,
575.01291,,
574.34658,,
549.14756,,
500.72947,,
474.57785,,
448.22807,,
429.23083,,
409.87478,,
412.16276,,
423.37109,,
428.80136,,
446.04381,,
464.08614,,
491.20444,,
511.50598,,
523.39954,,
527.54988,,
525.96707,,
526.02506,,
507.15,,
512.07447,,
521.24735,,
550.7717,,
580.37598,,
615.16319,,
606.96899,,
561.72603,,
522.5006,,
480.27785,,
455.53957,,
438.00846,,
421.90433,,
439.55707,,
516.52094,,
611.1154,,
670.73848,,
695.85607,,
696.00267,,
710.83622,,
717.06399,,
714.75979,,
686.27517,,
667.32833,,
632.87811,,
609.65134,,
593.86014,,
593.89971,,
610.0918,,
623.57003,,
620.72233,,
574.61946,,
529.70656,,
490.24916,,
464.7748,,
443.88405,,
424.75115,,
441.30154,,
509.06286,,
608.57293,,
662.02105,,
682.63047,,
690.2769,,
703.94599,,
716.86118,,
710.94419,,
693.52561,,
664.50586,,
629.25126,,
606.05891,,
588.49405,,
591.57532,,
605.23645,,
606.64934,,
588.03052,,
554.26334,,
512.83897,,
473.24749,,
450.68345,,
430.44164,,
409.50728,,
428.8535,,
513.30367,,
601.16247,,
673.34882,,
691.68688,,
701.77893,,
713.82618,,
729.39478,,
721.82521,,
706.07938,,
668.35158,,
632.70105,,
615.57108,,
593.50971,,
587.53677,,
609.89364,,
632.72024,,
620.87077,,
580.4532,,
532.36019,,
489.49058,,
464.05282,,
445.85967,,
424.88066,,
448.19075,,
526.86797,,
620.72832,,
680.84619,,
712.93301,,
711.29057,,
720.18706,,
734.67,,
738.14323,,
710.10317,,
656.34815,,
621.45341,,
586.88819,,
570.84476,,
573.41723,,
587.62967,,
598.65338,,
593.1832,,
571.56665,,
515.51182,,
481.53947,,
460.21522,,
442.72542,,
424.33798,,
437.61071,,
493.68743,,
558.34683,,
583.50003,,
596.79639,,
569.45124,,
585.13506,,
579.75367,,
561.6159,,
544.13123,,
533.64456,,
502.31543,,
468.51014,,
445.21721,,
420.00641,,
424.158,,
429.36604,,
432.69959,,
421.94234,,
414.9843,,
382.40031,,
366.02845,,
361.7894,,
358.94359,,
381.29465,,
392.64854,,
419.38845,,
451.80969,,
497.64346,,
498.71798,,
505.57909,,
516.59618,,
552.97189,,
522.0675,,
518.95044,,
498.1201,,
488.39691,,
489.25725,,
509.61434,,
554.20425,,
586.05125,,
568.01429,,
565.73902,,
507.37848,,
490.35118,,
458.48918,,
436.7372,,
419.03098,,
438.01357,,
442.70575,,
448.77245,,
475.4863,,
484.17492,,
506.11393,,
542.29688,,
562.76202,,
582.1931,,
601.85993,,
568.04543,,
557.31578,,
553.15915,,
577.95928,,
563.13432,,
624.17666,,
663.76059,,
640.46519,,
606.59767,,
574.4583,,
529.18196,,
505.15401,,
489.29457,,
473.16109,,
502.35125,,
553.6652,,
648.20614,,
696.1651,,
719.84145,,
696.64623,,
727.36248,,
737.13418,,
761.38086,,
750.90854,,
700.19362,,
645.72383,,
601.01475,,
612.30305,,
656.4946,,
706.09067,,
729.23207,,
700.64184,,
639.7044,,
590.04148,,
559.3685,,
535.53547,,
507.75151,,
487.79424,,
523.50203,,
591.42926,,
636.89339,,
666.25765,,
709.69298,,
732.44406,,
755.83607,,
778.2543,,
814.82974,,
752.04016,,
670.36217,,
627.80742,,
589.58633,,
639.999,,
675.48336,,
696.39964,,
720.08863,,
712.63107,,
645.96955,,
595.57233,,
557.24392,,
519.28859,,
500.07525,,
489.61394,,
502.12031,,
563.11665,,
603.27604,,
684.61907,,
701.41808,,
668.82865,,
663.95899,,
684.77027,,
681.58942,,
672.68941,,
647.7326,,
597.88839,,
570.96755,,
605.20767,,
642.55935,,
684.34724,,
682.85429,,
636.21767,,
585.35327,,
529.32863,,
499.93268,,
476.36751,,
452.61425,,
434.44569,,
465.64283,,
537.88826,,
529.53634,,
579.29193,,
610.48095,,
608.19649,,
628.42627,,
650.46524,,
653.0122,,
653.34605,,
674.95169,,
604.27484,,
559.90013,,
578.58268,,
613.52036,,
623.17435,,
628.8099,,
591.73729,,
526.95037,,
489.94402,,
456.8298,,
441.24064,,
434.95461,,
410.48856,,
446.21757,,
520.83407,,
599.9396,,
638.10032,,
664.80604,,
653.38487,,
658.44197,,
654.97994,,
685.20732,,
695.32644,,
671.96419,,
595.13056,,
540.11395,,
574.79397,,
611.80165,,
651.2219,,
671.30394,,
638.73196,,
552.99117,,
514.08757,,
477.86948,,
462.98947,,
438.42759,,
428.02721,,
451.70616,,
450.16929,,
453.14687,,
511.34596,,
541.28794,,
538.61507,,
528.8687,,
528.526,,
519.65364,,
538.12274,,
509.02674,,
504.64221,,
499.90098,,
549.90191,,
576.84158,,
619.57869,,
636.72809,,
597.73826,,
535.73613,,
487.25593,,
460.71023,,
445.58795,,
428.74153,,
409.79622,,
419.62082,,
447.70398,,
472.64413,,
488.19771,,
475.27945,,
463.05806,,
507.87341,,
492.339,,
512.99147,,
527.58609,,
524.56571,,
526.16854,,
536.89967,,
546.56342,,
568.37756,,
598.63101,,
618.13494,,
578.1641,,
479.58699,,
437.28712,,
393.7534,,
379.59975,,
375.78375,,
369.43672,,
412.83671,,
532.51266,,
634.64423,,
633.96763,,
669.51949,,
667.83925,,
694.03124,,
709.76054,,
718.04441,,
691.68456,,
653.69248,,
654.15363,,
645.18655,,
664.43411,,
698.8772,,
750.72165,,
748.43896,,
661.9117,,
555.65295,,
504.22657,,
480.18446,,
452.91183,,
433.91669,,
426.03668,,
466.48833,,
562.34524,,
639.08459,,
697.01914,,
747.23376,,
761.70453,,
735.67244,,
772.73323,,
803.97086,,
803.14239,,
790.62301,,
775.56544,,
699.37642,,
720.48443,,
725.56395,,
766.67172,,
769.55452,,
695.73974,,
618.50657,,
553.60703,,
510.61733,,
476.08084,,
470.52026,,
455.05446,,
498.24454,,
592.35797,,
692.01984,,
772.07228,,
783.88292,,
815.04159,,
660.99243,,
555.28169,,
585.76651,,
576.19811,,
687.02632,,
699.20554,,
674.45732,,
691.86164,,
725.80801,,
775.283,,
810.24295,,
745.59233,,
651.75433,,
585.24606,,
539.54895,,
520.82202,,
498.57372,,
481.36558,,
561.93134,,
683.89524,,
750.34628,,
738.60936,,
768.82323,,
788.42048,,
739.43804,,
730.61569,,
754.45676,,
738.36488,,
711.38002,,
640.48669,,
578.05381,,
571.04735,,
585.4072,,
610.2422,,
676.39273,,
637.03484,,
564.31539,,
536.38403,,
503.85035,,
487.83634,,
461.4814,,
427.45939,,
452.33943,,
452.96582,,
441.01536,,
477.09245,,
493.1055,,
462.86946,,
433.77492,,
459.67946,,
458.44135,,
455.82005,,
448.0172,,
446.91178,,
453.94267,,
454.48851,,
443.20648,,
495.42175,,
545.81184,,
542.36055,,
505.09224,,
449.38697,,
413.57415,,
407.52232,,
388.25135,,
369.75341,,
367.19149,,
390.06705,,
380.30213,,
394.42407,,
395.45062,,
403.58827,,
441.37614,,
449.62302,,
439.2152,,
433.22541,,
415.43515,,
416.97572,,
390.16829,,
407.99358,,
447.85284,,
499.93895,,
540.14288,,
533.43406,,
512.45343,,
462.41435,,
421.22534,,
412.74442,,
390.6119,,
372.47495,,
378.98333,,
375.11685,,
371.0234,,
392.01848,,
395.69564,,
399.76913,,
402.76864,,
422.00583,,
413.35337,,
409.61525,,
422.89196,,
431.0197,,
483.0233,,
484.39474,,
541.20811,,
568.21563,,
652.86422,,
602.99106,,
533.40968,,
482.22011,,
457.89498,,
442.36803,,
434.51906,,
416.00821,,
476.18319,,
562.16165,,
646.83138,,
665.49128,,
706.46098,,
702.72304,,
712.97272,,
723.22972,,
689.16184,,
641.92496,,
592.18182,,
587.28932,,
584.65086,,
572.57662,,
625.818,,
645.47662,,
653.99936,,
605.40328,,
528.45913,,
482.86532,,
460.57683,,
430.39323,,
407.01612,,
387.74355,,
445.93425,,
520.50582,,
577.07243,,
618.71768,,
658.11552,,
684.79471,,
693.84643,,
689.38906,,
707.69388,,
707.69604,,
675.70331,,
621.96476,,
574.29529,,
568.67557,,
612.98695,,
660.76573,,
665.21853,,
598.57161,,
510.57224,,
468.66751,,
443.60912,,
424.06774,,
402.9779,,
398.63484,,
436.60195,,
542.06711,,
580.7635,,
619.03833,,
610.21812,,
628.32314,,
609.43617,,
591.87117,,
608.32563,,
586.74434,,
590.21384,,
575.33137,,
543.03833,,
549.56899,,
591.41526,,
619.03818,,
645.01946,,
589.92062,,
502.38729,,
448.60373,,
426.87045,,
402.34577,,
396.28089,,
378.83291,,
413.4055,,
520.25005,,
582.27373,,
589.25904,,
601.99567,,
613.37063,,
602.21801,,
585.64939,,
585.8867,,
568.75394,,
569.93211,,
577.45557,,
550.74855,,
573.9645,,
566.76579,,
596.83949,,
626.20825,,
554.27754,,
507.89193,,
432.12742,,
408.85278,,
394.18192,,
384.56653,,
373.6296,,
403.18822,,
474.34009,,
484.81388,,
520.42622,,
523.00115,,
539.8574,,
549.83416,,
546.64187,,
551.17637,,
555.81411,,
544.72731,,
514.31454,,
494.0348,,
492.25303,,
488.8236,,
508.07001,,
479.87066,,
424.85098,,
385.69165,,
321.88768,,
303.6911,,
293.19739,,
278.55175,,
275.12712,,
281.04822,,
328.97129,,
341.66625,,
382.90073,,
404.787,,
405.65501,,
403.57504,,
413.28179,,
388.11377,,
396.96518,,
380.42984,,
382.54816,,
399.44859,,
409.28136,,
463.26612,,
408.82227,,
432.96761,,
397.07073,,
347.39842,,
318.03993,,
292.53588,,
260.89436,,
266.03973,,
264.22558,,
275.39797,,
311.30452,,
351.52333,,
339.88465,,
354.37345,,
357.49088,,
373.63679,,
394.22816,,
392.01249,,
398.0522,,
406.30758,,
389.09978,,
396.92216,,
423.27714,,
449.5497,,
482.96941,,
480.4307,,
440.45283,,
385.70993,,
327.25206,,
303.91041,,
293.16783,,
287.20285,,
285.46737,,
326.84053,,
435.99278,,
471.0107,,
514.52262,,
515.63816,,
540.52825,,
573.36133,,
542.47877,,
557.04239,,
532.95208,,
564.98171,,
536.06965,,
530.87998,,
530.54311,,
527.12171,,
553.05453,,
552.39972,,
511.01864,,
432.75738,,
370.62651,,
361.04321,,
337.14853,,
328.65899,,
335.75673,,
366.11052,,
445.10608,,
501.45175,,
527.43506,,
509.93819,,
532.12171,,
552.26732,,
570.21822,,
545.81907,,
570.46074,,
529.91204,,
524.02189,,
524.07643,,
532.60809,,
540.37396,,
551.99819,,
535.51669,,
490.56184,,
414.932,,
379.69507,,
346.21694,,
330.54942,,
329.28797,,
330.45361,,
360.83638,,
446.22675,,
561.43914,,
558.31981,,
597.25549,,
597.03951,,
597.48863,,
627.30531,,
665.15158,,
634.72409,,
611.341,,
611.57456,,
580.37351,,
543.89571,,
579.01331,,
566.77887,,
562.96528,,
532.44345,,
457.12834,,
411.1501,,
402.9208,,
395.55711,,
369.61064,,
361.80561,,
385.68188,,
464.11043,,
550.83274,,
617.77739,,
615.9535,,
612.76049,,
610.88268,,
617.24206,,
577.2072,,
619.37232,,
620.3211,,
591.11864,,
562.38121,,
579.06004,,
613.29937,,
632.81204,,
624.50438,,
558.32808,,
491.8721,,
430.80333,,
400.04473,,
383.63152,,
372.24112,,
360.63697,,
416.33756,,
486.44953,,
574.46814,,
600.63164,,
607.93486,,
640.96497,,
616.02716,,
599.52211,,
633.57035,,
649.09447,,
626.2817,,
581.31562,,
565.083,,
537.1371,,
544.13901,,
556.31215,,
569.65665,,
511.7434,,
445.3214,,
403.58149,,
372.95976,,
357.99695,,
349.94419,,
354.59992,,
366.67909,,
416.64548,,
445.11083,,
440.11797,,
472.96888,,
458.79743,,
469.37915,,
499.47269,,
499.85521,,
456.63869,,
428.8833,,
463.38947,,
462.25953,,
455.59115,,
479.2809,,
487.64639,,
482.90803,,
479.28916,,
435.84548,,
397.26999,,
378.40109,,
357.46609,,
354.50864,,
341.08731,,
369.67436,,
399.27886,,
388.06553,,
422.79385,,
442.96569,,
466.06739,,
494.53899,,
481.82949,,
479.62014,,
483.11282,,
503.41094,,
493.7208,,
514.85168,,
561.42409,,
567.26218,,
618.9561,,
627.76468,,
596.50669,,
531.45998,,
488.10564,,
449.15181,,
414.25519,,
421.56156,,
407.96717,,
391.21239,,
423.33164,,
453.0377,,
472.45067,,
508.48766,,
497.29903,,
482.18055,,
504.84083,,
476.56542,,
497.26174,,
504.15397,,
498.62565,,
514.96526,,
527.13434,,
518.62773,,
535.95388,,
545.30991,,
511.93726,,
432.8556,,
391.42721,,
385.21675,,
362.80673,,
357.65181,,
350.40799,,
369.3573,,
467.25634,,
516.93036,,
561.87352,,
600.92079,,
623.05964,,
650.28319,,
657.08049,,
654.40172,,
666.8359,,
654.38569,,
613.05342,,
621.45079,,
601.50753,,
608.63047,,
647.30502,,
641.45737,,
580.77729,,
511.44466,,
451.76765,,
421.89384,,
389.34843,,
382.09589,,
379.74741,,
425.49647,,
525.84955,,
582.95864,,
627.16095,,
664.36236,,
667.6333,,
682.53346,,
727.42548,,
730.79492,,
706.17497,,
657.89172,,
655.4093,,
628.68182,,
656.45848,,
646.45054,,
704.07392,,
692.30134,,
663.23464,,
566.11178,,
523.35591,,
482.99111,,
458.10242,,
438.61524,,
419.65901,,
458.34823,,
534.47315,,
650.96361,,
672.61595,,
676.85583,,
690.96076,,
721.51779,,
731.59907,,
732.44504,,
681.51277,,
654.28917,,
682.63523,,
655.88951,,
661.66234,,
639.074,,
671.07638,,
691.99908,,
640.25811,,
576.19594,,
483.15528,,
452.62613,,
432.44748,,
409.41812,,
400.45583,,
447.32998,,
534.5454,,
581.69323,,
592.0915,,
609.15543,,
669.2467,,
699.79337,,
716.94199,,
702.14721,,
688.69524,,
700.79659,,
661.79289,,
615.17955,,
623.31369,,
588.8377,,
622.54768,,
623.24856,,
603.14777,,
547.80093,,
506.58491,,
462.71027,,
431.83995,,
408.25748,,
407.40486,,
457.5364,,
555.68314,,
626.26602,,
650.70325,,
674.20666,,
669.4496,,
664.8097,,
680.34018,,
704.65656,,
662.5076,,
605.50677,,
582.63971,,
563.37748,,
537.63033,,
586.60522,,
619.40105,,
626.39163,,
631.79529,,
570.87627,,
499.83068,,
482.25504,,
459.00498,,
436.81652,,
411.31449,,
425.37612,,
464.68686,,
518.07227,,
487.65732,,
501.23674,,
511.5621,,
531.30013,,
530.32046,,
551.00312,,
547.39162,,
540.09568,,
550.80922,,
536.98395,,
552.64934,,
577.52684,,
620.00492,,
631.78502,,
614.90938,,
530.58918,,
470.53787,,
440.22546,,
415.86114,,
414.68308,,
402.37772,,
450.26472,,
566.7104,,
677.18701,,
678.14176,,
668.91452,,
701.0298,,
748.8895,,
724.48451,,
707.12314,,
694.0173,,
659.0608,,
667.8889,,
674.786,,
667.73415,,
672.04674,,
673.50546,,
717.59382,,
668.41157,,
586.37181,,
537.32738,,
497.2387,,
456.69276,,
431.63751,,
441.73813,,
488.42857,,
562.55829,,
600.98372,,
615.68685,,
618.32636,,
669.22676,,
709.92874,,
680.68061,,
686.61306,,
691.43644,,
659.06003,,
619.59128,,
591.53745,,
598.97076,,
623.85047,,
680.96088,,
653.49588,,
618.70837,,
565.80568,,
482.14844,,
447.05547,,
438.64501,,
420.04274,,
405.33492,,
449.25133,,
521.68774,,
602.11412,,
612.11238,,
624.02438,,
656.22899,,
641.61858,,
653.51214,,
653.4946,,
602.42774,,
602.46547,,
570.33843,,
520.96403,,
529.18707,,
515.26261,,
526.22883,,
532.24034,,
501.37967,,
441.5068,,
417.06938,,
380.87995,,
354.022,,
353.93182,,
353.49007,,
371.12009,,
403.24077,,
407.21795,,
410.18334,,
433.39083,,
424.04332,,
415.70506,,
435.68121,,
451.99179,,
450.35302,,
437.05553,,
461.90674,,
419.11664,,
419.91057,,
405.89677,,
405.83349,,
445.80442,,
448.55962,,
403.68566,,
362.76575,,
338.48406,,
329.83432,,
318.39311,,
321.12388,,
333.22789,,
347.82604,,
360.54019,,
392.47199,,
422.37853,,
411.17385,,
400.96075,,
415.90084,,
438.71911,,
443.32832,,
448.80124,,
419.18303,,
399.75415,,
426.25062,,
431.04748,,
416.3635,,
419.13677,,
421.13842,,
393.2406,,
368.72665,,
341.54313,,
327.53251,,
321.2642,,
314.23087,,
342.52858,,
364.58758,,
371.87551,,
398.6228,,
405.15052,,
407.3016,,
425.14729,,
442.7025,,
424.73674,,
436.25,,
441.17447,,
426.21075,,
416.06375,,
424.04843,,
427.92479,,
443.92725,,
467.13424,,
424.58987,,
413.58175,,
383.67633,,
367.1537,,
349.55545,,
337.04477,,
325.64316,,
347.76203,,
358.71024,,
379.45644,,
409.62921,,
416.98627,,
402.93604,,
425.87894,,
440.61762,,
462.53755,,
443.62205,,
455.01344,,
489.59528,,
479.6197,,
499.86334,,
499.18893,,
534.40085,,
548.69136,,
507.62755,,
441.39371,,
396.52087,,
370.32647,,
356.15164,,
341.91842,,
343.45122,,
374.30606,,
450.98822,,
526.67983,,
540.9612,,
550.30438,,
573.00264,,
609.40624,,
591.77426,,
596.8108,,
580.13187,,
568.87648,,
538.93449,,
558.87607,,
546.06696,,
519.01121,,
547.54422,,
550.65215,,
502.43818,,
432.56976,,
384.88255,,
345.78638,,
338.27875,,
329.95376,,
349.60489,,
383.56207,,
480.9036,,
548.20399,,
544.78663,,
561.36759,,
574.46881,,
566.62994,,
585.89531,,
588.24996,,
567.99736,,
573.80813,,
573.76817,,
545.52667,,
534.77692,,
518.96537,,
575.87191,,
533.68527,,
476.51748,,
404.14975,,
355.03852,,
333.19457,,
322.87657,,
328.42469,,
309.79047,,
342.35695,,
445.67141,,
513.05923,,
578.39145,,
558.66594,,
571.0512,,
594.18395,,
557.77616,,
550.22387,,
530.71002,,
518.1482,,
546.10578,,
542.14468,,
521.6754,,
530.08623,,
510.92661,,
516.15633,,
498.62876,,
422.96613,,
380.22651,,
353.86689,,
345.6119,,
332.92141,,
317.74113,,
366.56813,,
453.2322,,
551.29018,,
568.4854,,
570.92476,,
571.16876,,
583.81037,,
545.9619,,
567.76631,,
586.51199,,
557.46198,,
539.89725,,
550.50039,,
529.29683,,
511.58107,,
510.70146,,
523.37884,,
502.16469,,
447.50543,,
370.20023,,
336.3606,,
331.42392,,
315.34986,,
313.78761,,
336.79346,,
440.30261,,
539.0793,,
566.98043,,
548.84506,,
586.41118,,
596.96008,,
589.35493,,
593.69179,,
611.18584,,
593.33763,,
533.6062,,
501.10038,,
499.84225,,
474.04481,,
516.43304,,
516.05333,,
489.03982,,
421.63205,,
389.02366,,
345.95156,,
340.52393,,
330.22894,,
326.52588,,
348.09308,,
375.07239,,
426.89171,,
458.51347,,
448.692,,
451.00748,,
451.10517,,
442.51719,,
476.51552,,
478.91633,,
461.38428,,
446.94022,,
434.53449,,
431.40358,,
458.40928,,
464.8215,,
464.5398,,
454.03732,,
402.28478,,
352.73776,,
329.16098,,
322.959,,
298.3342,,
296.50786,,
311.82805,,
334.29792,,
362.28265,,
403.32104,,
424.02132,,
422.80751,,
426.86546,,
427.91306,,
448.77054,,
479.74304,,
498.26965,,
448.75157,,
495.76045,,
488.15932,,
499.28094,,
498.94831,,
506.921,,
479.50816,,
421.03607,,
366.07448,,
329.15823,,
313.40025,,
301.93484,,
304.72922,,
335.50831,,
400.84099,,
495.46091,,
547.6231,,
539.63395,,
561.00009,,
603.95162,,
635.18674,,
579.71014,,
556.48278,,
509.47307,,
518.89793,,
512.44349,,
529.30288,,
511.8497,,
524.89825,,
508.74867,,
477.7327,,
407.99436,,
349.47237,,
323.25597,,
309.09841,,
296.46375,,
292.76698,,
337.65733,,
423.42322,,
501.70972,,
510.07978,,
525.88676,,
542.09525,,
561.37209,,
558.5534,,
560.63938,,
549.36014,,
544.71975,,
543.50538,,
528.89246,,
538.5242,,
520.38227,,
522.19649,,
512.65093,,
491.47523,,
435.76029,,
376.31459,,
354.35036,,
325.39226,,
310.41063,,
306.32011,,
352.13699,,
436.9205,,
535.32504,,
582.01968,,
583.24954,,
586.06256,,
619.6586,,
619.39916,,
623.26279,,
609.75284,,
574.23577,,
543.3978,,
543.32282,,
534.75977,,
527.67861,,
581.56251,,
551.71949,,
506.45551,,
468.02965,,
391.99198,,
363.02413,,
352.72415,,
343.51381,,
359.07379,,
370.47018,,
473.20167,,
526.63211,,
542.95636,,
558.31506,,
502.39966,,
574.95869,,
544.83707,,
557.02248,,
572.9966,,
552.83117,,
553.88051,,
558.50722,,
537.70293,,
525.81851,,
558.88798,,
552.77448,,
516.096,,
446.47298,,
399.47475,,
370.45759,,
332.65218,,
332.24946,,
323.73592,,
344.08453,,
511.70321,,
531.93557,,
527.40827,,
535.15178,,
565.75781,,
611.4228,,
574.51099,,
590.934,,
591.74197,,
528.96647,,
529.52239,,
520.29741,,
489.33441,,
516.82548,,
513.76196,,
523.30133,,
484.72085,,
458.28651,,
389.95743,,
368.01773,,
339.24952,,
335.90615,,
323.1492,,
346.31464,,
388.46724,,
403.39352,,
440.14067,,
470.16171,,
431.23788,,
471.81692,,
492.68312,,
447.29628,,
445.19379,,
462.70576,,
449.56324,,
441.43501,,
432.24794,,
456.82492,,
452.68258,,
481.85862,,
434.02705,,
408.91695,,
364.07116,,
316.74588,,
309.34603,,
323.76436,,
313.64268,,
342.85811,,
379.25255,,
393.76738,,
402.85289,,
425.17774,,
422.97696,,
445.09936,,
459.0512,,
459.01807,,
443.94498,,
462.31364,,
509.83665,,
486.62243,,
484.33321,,
477.68587,,
508.06729,,
509.53086,,
498.89474,,
427.76609,,
365.03611,,
351.57669,,
336.37118,,
326.61793,,
339.02875,,
364.07269,,
459.81297,,
540.85816,,
555.15493,,
577.68966,,
600.38569,,
615.5385,,
630.06208,,
611.45721,,
593.3521,,
552.04567,,
539.863,,
557.64934,,
530.80596,,
535.74447,,
519.89,,
529.4828,,
502.93655,,
442.5606,,
393.36125,,
362.37444,,
346.85238,,
328.95484,,
328.57371,,
355.2344,,
469.94541,,
511.96312,,
512.63199,,
551.65941,,
542.05532,,
569.10644,,
542.29561,,
536.41585,,
538.40172,,
538.45955,,
543.66087,,
522.4081,,
536.50511,,
511.5868,,
521.72176,,
519.84213,,
492.74883,,
412.59375,,
369.24599,,
332.25008,,
318.65679,,
304.11068,,
312.20099,,
371.63255,,
461.66868,,
519.1904,,
535.12135,,
537.97748,,
546.3753,,
582.66052,,
588.97205,,
582.65897,,
579.31406,,
574.3476,,
563.20073,,
558.57121,,
571.72465,,
547.41785,,
525.22179,,
526.2719,,
484.5622,,
419.72899,,
362.24872,,
347.61479,,
323.34616,,
316.48133,,
310.06339,,
367.28135,,
460.34236,,
521.70954,,
551.3076,,
625.17809,,
617.28804,,
616.71672,,
592.70639,,
581.62702,,
594.89469,,
590.78233,,
582.55513,,
549.14274,,
556.57841,,
534.85012,,
536.81568,,
529.35066,,
520.19007,,
460.10702,,
395.74575,,
368.82895,,
352.26702,,
335.9391,,
335.11548,,
374.34399,,
464.80028,,
513.59643,,
520.05828,,
541.43468,,
558.15257,,
566.11134,,
555.26993,,
552.52422,,
529.14855,,
546.7865,,
513.11803,,
506.66665,,
497.06107,,
499.40121,,
514.56846,,
491.2485,,
449.99477,,
417.14709,,
379.76221,,
345.35485,,
346.14699,,
328.52445,,
323.21082,,
334.12652,,
377.29247,,
399.83568,,
438.00609,,
436.17843,,
445.87952,,
468.7505,,
464.28052,,
457.31031,,
492.99721,,
474.93784,,
459.62673,,
465.82717,,
475.57744,,
484.91731,,
488.63523,,
475.22803,,
469.82862,,
438.66252,,
379.31464,,
367.66135,,
346.8609,,
327.64507,,
315.71033,,
345.46591,,
382.0316,,
400.78762,,
447.82678,,
459.39995,,
456.39057,,
483.3822,,
475.68596,,
491.31587,,
514.37516,,
472.95542,,
446.85404,,
485.67942,,
493.88085,,
527.47717,,
535.06416,,
518.83744,,
458.23147,,
400.91121,,
363.19751,,
332.52539,,
317.50763,,
314.47884,,
322.49323,,
343.71076,,
465.95708,,
545.65349,,
542.90085,,
555.05521,,
531.8559,,
560.10097,,
558.50757,,
571.37651,,
537.85788,,
528.57101,,
536.54761,,
531.54649,,
519.91564,,
504.89047,,
497.75598,,
519.90645,,
463.05422,,
394.96459,,
339.73015,,
333.90767,,
298.91258,,
300.43826,,
293.72679,,
330.05164,,
427.25778,,
540.57629,,
520.41786,,
513.07648,,
530.65223,,
563.23152,,
535.05568,,
552.7893,,
526.69443,,
544.85226,,
514.00705,,
506.72308,,
524.14489,,
510.2906,,
508.27014,,
496.55517,,
455.42399,,
380.76953,,
329.9162,,
311.59803,,
293.81716,,
280.28594,,
289.01202,,
318.60904,,
423.26897,,
507.81532,,
539.62006,,
546.51341,,
553.91079,,
578.92586,,
576.07906,,
575.25573,,
567.04283,,
555.56651,,
502.5299,,
515.01535,,
535.47424,,
502.64779,,
515.67671,,
481.96859,,
462.90364,,
423.16211,,
352.77908,,
314.19516,,
309.89609,,
295.83999,,
302.32209,,
352.15768,,
409.98535,,
488.03766,,
525.0946,,
519.17719,,
524.37474,,
542.14369,,
532.67579,,
565.14374,,
552.68754,,
544.08522,,
540.98459,,
524.58714,,
528.82876,,
515.73974,,
520.98256,,
503.12865,,
463.82551,,
392.28017,,
360.03319,,
319.58598,,
297.80621,,
303.12493,,
290.32396,,
317.93684,,
420.88408,,
490.48921,,
487.26276,,
489.87623,,
513.37123,,
541.76412,,
550.1283,,
531.65328,,
543.97787,,
515.75896,,
504.65739,,
473.77974,,
465.76788,,
456.76604,,
463.42724,,
442.41585,,
410.37923,,
359.02689,,
322.80318,,
291.62342,,
285.79464,,
283.31776,,
281.95176,,
281.81245,,
317.08911,,
344.40446,,
383.52006,,
395.22304,,
389.11605,,
421.52051,,
422.11273,,
430.89139,,
429.05726,,
421.64813,,
421.44007,,
402.58101,,
406.10121,,
400.53266,,
409.86319,,
420.49995,,
387.32865,,
368.82837,,
334.95481,,
290.03819,,
265.8459,,
269.77117,,
260.5979,,
283.35799,,
308.87983,,
337.15982,,
341.19873,,
352.79771,,
361.39092,,
401.00265,,
425.43033,,
404.69519,,
421.41614,,
426.25941,,
408.58516,,
428.28098,,
426.96657,,
420.29742,,
451.87627,,
464.53799,,
412.78367,,
348.28541,,
306.24985,,
279.09823,,
268.48255,,
263.09728,,
269.26355,,
293.86269,,
373.64076,,
423.607,,
393.2498,,
427.91158,,
470.63436,,
561.16023,,
488.64796,,
517.22423,,
493.50145,,
497.93412,,
518.26409,,
508.40355,,
499.86442,,
516.72645,,
531.12538,,
485.00046,,
439.0692,,
379.68417,,
337.33759,,
300.27447,,
295.46002,,
283.88956,,
294.95662,,
330.4195,,
435.32686,,
490.52382,,
481.9007,,
494.82091,,
503.9825,,
540.76918,,
530.6557,,
536.9526,,
539.60897,,
538.70101,,
513.2497,,
517.06061,,
548.24949,,
533.7928,,
522.72458,,
519.41404,,
485.92538,,
407.85563,,
342.97388,,
328.70112,,
314.53332,,
301.03349,,
324.95021,,
353.64558,,
427.94265,,
490.87102,,
509.54885,,
508.40112,,
529.92786,,
573.41957,,
552.32646,,
552.84461,,
550.17184,,
558.2092,,
541.43445,,
532.39749,,
533.27906,,
522.30078,,
507.05265,,
517.57388,,
484.00005,,
413.30976,,
371.67043,,
336.21421,,
314.68172,,
312.08786,,
309.10565,,
349.24217,,
452.27643,,
499.77765,,
485.30238,,
494.99543,,
508.022,,
500.92962,,
503.28918,,
508.21081,,
531.16939,,
474.05765,,
462.47782,,
443.12396,,
436.3007,,
462.33742,,
500.48883,,
481.05191,,
446.60552,,
387.03183,,
335.86687,,
309.98881,,
293.80882,,
291.28386,,
297.05335,,
329.53732,,
413.80595,,
428.62562,,
419.12282,,
441.08905,,
458.2997,,
479.33083,,
465.42156,,
471.33388,,
476.43819,,
480.36836,,
443.50645,,
445.30998,,
459.10321,,
420.5212,,
435.89997,,
462.3713,,
415.7522,,
363.27356,,
324.11847,,
291.79241,,
277.80991,,
275.13592,,
276.5906,,
311.63957,,
347.26775,,
358.57465,,
380.65638,,
371.59097,,
398.95096,,
458.45099,,
439.30357,,
437.8647,,
431.30335,,
439.5104,,
417.7594,,
386.426,,
404.97543,,
448.74789,,
449.96308,,
429.01953,,
403.05754,,
377.77078,,
337.86099,,
302.25636,,
279.42474,,
275.22434,,
273.85889,,
278.75059,,
337.45985,,
346.06771,,
372.24959,,
372.10057,,
371.62366,,
408.77767,,
432.04857,,
431.18391,,
429.81593,,
441.11945,,
455.89804,,
438.44081,,
439.25074,,
471.93968,,
510.95502,,
528.54431,,
488.78716,,
412.20275,,
366.65509,,
329.33546,,
320.48614,,
310.31976,,
318.91281,,
348.87849,,
431.58205,,
517.04358,,
528.42991,,
535.2398,,
529.8523,,
569.55884,,
556.46726,,
543.72959,,
519.07003,,
511.62042,,
503.31144,,
493.40877,,
508.48051,,
495.34047,,
515.58689,,
519.11762,,
467.43392,,
413.05383,,
326.38568,,
295.94581,,
279.95068,,
281.85708,,
274.58415,,
317.77549,,
395.07299,,
477.47744,,
481.73654,,
474.2192,,
487.66896,,
509.16337,,
529.92111,,
478.46774,,
453.27595,,
464.43629,,
474.14497,,
439.43071,,
432.1147,,
463.45597,,
473.76852,,
437.91946,,
404.65833,,
354.54879,,
288.30452,,
267.40169,,
252.0132,,
252.61229,,
248.33317,,
296.08706,,
443.644,,
500.1444,,
501.50338,,
492.53912,,
500.37401,,
530.94623,,
495.94643,,
511.15164,,
512.58592,,
479.37209,,
462.51729,,
442.55837,,
423.93726,,
468.13083,,
477.21443,,
454.71182,,
420.48833,,
364.63973,,
309.90182,,
296.71897,,
267.10201,,
256.32606,,
263.18242,,
301.28487,,
393.69574,,
452.60101,,
443.12289,,
434.52598,,
488.27088,,
468.68463,,
455.25544,,
475.72886,,
465.24322,,
462.61765,,
479.68434,,
456.12363,,
466.03292,,
453.11341,,
467.92579,,
464.41434,,
440.73855,,
384.09129,,
314.14551,,
281.67896,,
271.31531,,
274.58346,,
275.95774,,
322.63924,,
398.76123,,
460.44696,,
468.94853,,
475.13154,,
513.23823,,
521.66086,,
511.21287,,
500.93326,,
509.24138,,
515.758,,
492.48392,,
451.56219,,
433.07242,,
465.3648,,
480.49502,,
502.32261,,
470.41502,,
401.5726,,
361.90791,,
322.09172,,
303.75502,,
292.32074,,
294.99679,,
313.81312,,
375.86881,,
389.09894,,
397.96183,,
439.3218,,
424.64251,,
459.72217,,
470.92683,,
452.6181,,
469.13363,,
452.154,,
453.25613,,
435.98294,,
428.70461,,
446.72173,,
441.47858,,
474.95666,,
438.82614,,
403.15613,,
352.70672,,
315.93388,,
307.84858,,
304.83014,,
299.045,,
315.06966,,
356.54244,,
373.87165,,
373.18776,,
375.74125,,
389.31966,,
427.22551,,
450.7448,,
437.24204,,
451.62222,,
457.47784,,
446.86981,,
425.79528,,
459.36634,,
468.20869,,
476.69822,,
489.4239,,
460.73305,,
380.48586,,
337.55925,,
315.19958,,
299.08214,,
287.74243,,
289.98971,,
339.99357,,
417.31099,,
518.37984,,
527.82768,,
544.04086,,
560.04599,,
602.58591,,
589.55551,,
565.31945,,
525.61344,,
526.87769,,
509.86715,,
514.60083,,
501.48763,,
521.30884,,
515.17682,,
488.26991,,
451.98078,,
387.64921,,
344.32972,,
309.33297,,
284.69067,,
268.83435,,
267.28514,,
315.74447,,
399.4027,,
512.4079,,
480.60789,,
476.19433,,
485.82926,,
518.8851,,
529.77998,,
521.55537,,
498.89709,,
523.2848,,
506.50876,,
479.85961,,
469.81003,,
454.30742,,
494.83044,,
499.74897,,
429.45579,,
389.20051,,
332.49675,,
301.14466,,
282.82734,,
282.8666,,
275.39318,,
315.9316,,
427.57338,,
484.4042,,
507.00613,,
497.98912,,
502.93666,,
501.5715,,
512.97322,,
530.53433,,
517.23369,,
513.08606,,
506.45224,,
475.50809,,
513.23688,,
474.89069,,
491.09724,,
474.20719,,
448.16707,,
393.04169,,
331.21031,,
304.00083,,
281.17393,,
268.90259,,
273.01227,,
290.81234,,
411.80511,,
498.25171,,
480.17064,,
475.37679,,
467.67998,,
481.5541,,
472.5353,,
500.02128,,
483.74695,,
479.2391,,
487.16679,,
463.71342,,
479.86679,,
453.1386,,
481.95212,,
469.51798,,
419.5252,,
392.39167,,
337.1962,,
292.4511,,
256.13696,,
257.58471,,
260.93903,,
300.35203,,
413.87661,,
457.73427,,
462.71219,,
447.1052,,
445.41821,,
471.76185,,
466.77947,,
454.96066,,
475.77088,,
459.89084,,
450.54637,,
455.62796,,
446.87127,,
413.92726,,
430.38747,,
417.30314,,
413.47314,,
370.73556,,
328.21689,,
283.2121,,
270.92663,,
270.78889,,
270.46592,,
287.04689,,
336.5163,,
382.24391,,
359.46036,,
382.39543,,
405.97843,,
421.1797,,
423.20705,,
423.29488,,
404.20263,,
406.00065,,
388.59169,,
410.4351,,
386.56279,,
403.38332,,
398.0732,,
397.99557,,
396.20474,,
357.6759,,
310.47264,,
276.81225,,
281.0074,,
255.67079,,
268.37943,,
260.60587,,
313.32665,,
346.93668,,
352.06031,,
376.85699,,
388.82849,,
410.83764,,
410.3385,,
446.6859,,
435.32806,,
422.19858,,
449.9702,,
436.71642,,
426.67229,,
430.37491,,
467.72406,,
469.46586,,
446.53438,,
364.82836,,
310.61502,,
269.46833,,
270.77925,,
277.6756,,
275.25896,,
300.89878,,
392.08502,,
477.2387,,
461.51852,,
448.78553,,
505.22574,,
526.72279,,
509.87292,,
482.55177,,
487.40081,,
482.36433,,
456.95495,,
467.04874,,
476.49413,,
472.91485,,
473.1791,,
458.17255,,
411.27386,,
362.82328,,
301.47481,,
269.98968,,
257.89096,,
247.86215,,
261.47009,,
300.29766,,
383.79282,,
446.19403,,
443.42729,,
452.09415,,
444.36363,,
489.1673,,
463.17722,,
483.90374,,
459.40122,,
466.5366,,
476.05257,,
480.26117,,
485.40586,,
466.78068,,
497.69823,,
480.56958,,
405.88895,,
378.8588,,
305.9128,,
265.57185,,
248.34616,,
250.06405,,
264.68504,,
295.18175,,
384.8095,,
429.82556,,
473.31258,,
465.08243,,
444.5484,,
472.91899,,
481.575,,
492.85306,,
453.91695,,
467.38255,,
464.26148,,
457.86177,,
457.457,,
442.81221,,
440.39706,,
453.67233,,
417.48247,,
376.40364,,
317.03813,,
280.00627,,
261.7934,,
263.10646,,
259.07032,,
288.21534,,
377.25043,,
434.87083,,
479.45785,,
479.62591,,
465.94613,,
522.79934,,
521.67683,,
502.95683,,
491.2446,,
476.37508,,
470.37187,,
440.7366,,
461.35242,,
453.98714,,
476.87001,,
458.57272,,
421.82768,,
380.98924,,
312.44334,,
273.45673,,
271.04764,,
257.90823,,
265.66562,,
287.50196,,
352.39612,,
459.54807,,
487.5762,,
491.25892,,
474.13535,,
496.86291,,
498.9677,,
483.007,,
478.27526,,
464.76359,,
443.32263,,
415.99248,,
430.58575,,
423.1499,,
437.44691,,
394.27444,,
381.86344,,
350.35865,,
315.90897,,
289.45885,,
264.47487,,
266.66574,,
265.42361,,
268.25341,,
320.97336,,
385.06137,,
394.28406,,
403.7158,,
403.43739,,
412.3712,,
407.75584,,
428.06408,,
421.52284,,
382.7091,,
396.33812,,
392.39019,,
390.5739,,
398.85177,,
403.2839,,
423.61141,,
415.82916,,
358.56347,,
289.20194,,
262.00941,,
256.46252,,
253.09132,,
256.96927,,
278.17049,,
288.32903,,
315.8612,,
344.95778,,
331.16662,,
353.61837,,
368.5472,,
383.88073,,
388.30048,,
395.60887,,
403.86719,,
393.72152,,
390.92929,,
388.27504,,
418.04835,,
445.20175,,
462.61723,,
407.51151,,
354.96185,,
301.19226,,
264.02291,,
244.71728,,
262.51967,,
278.73823,,
290.79567,,
375.02844,,
454.15318,,
438.22878,,
428.90587,,
465.63475,,
505.06197,,
509.44739,,
498.94185,,
496.80632,,
483.24392,,
479.13789,,
473.8057,,
458.68146,,
485.92218,,
488.06715,,
468.86117,,
426.42636,,
370.67009,,
318.12139,,
271.55353,,
263.81332,,
257.73872,,
267.59417,,
306.38667,,
381.85638,,
431.09626,,
433.031,,
437.1308,,
429.64083,,
465.68755,,
481.74227,,
467.86807,,
458.45568,,
469.4992,,
470.8109,,
453.77813,,
477.80563,,
461.95507,,
468.83216,,
450.09767,,
425.58119,,
369.50162,,
306.34234,,
278.55659,,
257.78468,,
265.2079,,
261.81783,,
302.11596,,
387.15336,,
437.97285,,
479.50117,,
506.09099,,
517.85265,,
499.9026,,
483.19301,,
508.226,,
475.87551,,
459.59731,,
449.92086,,
428.99676,,
434.76992,,
417.41966,,
462.16216,,
440.31391,,
428.24956,,
372.18131,,
305.21719,,
279.55706,,
266.85125,,
257.62435,,
272.74455,,
285.94569,,
378.77329,,
457.87751,,
458.82985,,
451.89235,,
468.52847,,
466.73042,,
449.64136,,
473.14483,,
500.82569,,
450.5512,,
469.5304,,
464.78987,,
452.24786,,
460.26309,,
474.08067,,
463.66525,,
441.96252,,
381.6326,,
326.37114,,
285.74525,,
262.70768,,
256.71122,,
273.94589,,
307.42263,,
415.80705,,
461.14657,,
467.91585,,
479.595,,
494.52508,,
498.48578,,
493.68026,,
527.56202,,
490.19168,,
493.89633,,
476.47201,,
442.87504,,
459.24995,,
454.75624,,
485.9359,,
491.66371,,
449.82741,,
380.14329,,
352.25872,,
318.9735,,
306.99137,,
295.73947,,
308.69686,,
315.5428,,
338.66356,,
393.01273,,
401.72022,,
416.68226,,
403.63296,,
423.29953,,
406.75973,,
416.99736,,
412.06964,,
410.95917,,
420.93784,,
396.41729,,
415.21552,,
411.97242,,
416.89355,,
433.51647,,
420.40647,,
370.96025,,
345.80589,,
295.40974,,
276.89536,,
267.48198,,
279.45642,,
299.10714,,
277.78447,,
298.84152,,
302.4119,,
322.39796,,
331.0428,,
371.79463,,
427.29364,,
427.05128,,
422.39721,,
442.01374,,
421.1154,,
417.45164,,
445.31648,,
447.77234,,
455.22905,,
457.05194,,
426.1051,,
366.80732,,
326.59091,,
278.21516,,
267.37073,,
252.69934,,
262.00064,,
295.20647,,
403.52224,,
434.72219,,
438.53503,,
443.52785,,
458.4932,,
546.03984,,
565.8092,,
552.91761,,
525.14124,,
479.1823,,
537.58768,,
508.22553,,
522.16025,,
521.23849,,
547.28442,,
512.36622,,
466.64545,,
378.25177,,
345.16257,,
317.3884,,
311.63947,,
293.73817,,
291.85851,,
335.99294,,
414.21589,,
494.39512,,
494.65225,,
491.37568,,
508.1129,,
574.978,,
571.19638,,
562.66445,,
555.21776,,
561.75087,,
530.34132,,
526.38542,,
517.88564,,
531.08707,,
580.86325,,
550.25346,,
470.66975,,
432.11874,,
380.65059,,
329.69768,,
320.35857,,
311.78217,,
315.88742,,
357.41776,,
455.47216,,
535.14128,,
565.71752,,
518.68484,,
521.65051,,
552.37109,,
550.51651,,
555.01535,,
512.94507,,
517.14814,,
515.22416,,
500.15873,,
498.86561,,
467.68796,,
511.92958,,
470.65084,,
458.85016,,
417.62865,,
368.61674,,
338.74759,,
305.77622,,
296.72612,,
307.88321,,
332.0542,,
420.53902,,
501.34999,,
511.28902,,
534.47906,,
532.33713,,
504.65474,,
526.93417,,
524.2777,,
517.64526,,
535.15248,,
507.59863,,
481.22993,,
478.60039,,
461.21335,,
490.04428,,
487.13361,,
462.48704,,
420.21617,,
365.05729,,
320.21704,,
298.92321,,
298.90551,,
289.39525,,
336.54647,,
416.73836,,
482.16937,,
491.11108,,
470.09436,,
509.36554,,
545.73755,,
530.64059,,
518.78763,,
542.23355,,
534.2721,,
509.35628,,
467.69938,,
454.32209,,
435.1827,,
439.67841,,
452.09339,,
440.10338,,
377.6808,,
326.10896,,
306.0472,,
291.67149,,
274.94668,,
277.86635,,
306.24141,,
332.74738,,
373.58453,,
364.33414,,
391.37893,,
396.09769,,
411.04165,,
417.27799,,
431.88937,,
411.42941,,
402.32338,,
410.66757,,
402.97126,,
423.85229,,
414.08169,,
418.54158,,
412.83495,,
422.1917,,
361.53166,,
340.95183,,
314.17884,,
283.13816,,
283.77789,,
266.43656,,
281.01444,,
320.41539,,
344.55147,,
363.4014,,
399.42253,,
414.26454,,
410.87499,,
410.9306,,
423.93688,,
404.36625,,
418.44389,,
434.62794,,
432.68869,,
420.94646,,
434.05898,,
449.48183,,
464.34247,,
422.35878,,
356.62601,,
325.73538,,
297.35258,,
273.5966,,
265.35992,,
284.77677,,
306.11986,,
398.72528,,
486.20821,,
496.93604,,
484.5783,,
496.43207,,
519.90177,,
518.19492,,
524.42196,,
492.56259,,
488.89995,,
490.40615,,
478.8395,,
475.38902,,
477.81494,,
469.33976,,
467.7839,,
438.32988,,
371.08058,,
343.82217,,
305.17237,,
281.4819,,
265.22994,,
280.3783,,
312.93022,,
410.49466,,
448.4537,,
467.50084,,
468.49929,,
482.49544,,
493.98979,,
504.03306,,
503.71937,,
500.10008,,
515.72889,,
507.60973,,
480.84087,,
479.89758,,
490.95422,,
484.49434,,
477.2145,,
431.10738,,
385.20048,,
339.56648,,
308.37609,,
289.97802,,
292.5423,,
294.85045,,
318.63829,,
412.75891,,
477.38442,,
491.29081,,
498.64799,,
484.61063,,
495.66469,,
516.3701,,
530.21342,,
528.4281,,
491.50459,,
498.86345,,
499.43761,,
489.79281,,
476.62976,,
472.99516,,
469.69908,,
439.25524,,
402.42734,,
325.59284,,
292.23392,,
271.93734,,
264.73873,,
275.43322,,
320.78659,,
372.06753,,
487.07665,,
491.70893,,
494.48952,,
506.28396,,
510.01982,,
497.72027,,
514.68449,,
503.92173,,
537.28967,,
514.42748,,
493.02851,,
499.35661,,
496.42056,,
500.67885,,
514.65395,,
478.68742,,
405.90019,,
324.801,,
297.04214,,
272.55863,,
264.6817,,
273.6624,,
332.41704,,
382.05487,,
448.55481,,
467.03391,,
501.38282,,
493.59133,,
533.213,,
529.6328,,
492.4581,,
462.94274,,
458.41241,,
479.39321,,
435.55509,,
394.79461,,
401.67585,,
441.87463,,
407.39354,,
398.56658,,
347.71505,,
315.51926,,
269.37494,,
261.48043,,
248.64678,,
252.90863,,
286.99692,,
321.45703,,
325.05852,,
353.04873,,
365.06145,,
358.98907,,
368.8283,,
398.7457,,
407.41254,,
420.93604,,
400.93145,,
396.50488,,
381.05189,,
401.45414,,
406.25814,,
395.98778,,
383.86588,,
366.78494,,
334.62312,,
299.67006,,
270.26173,,
241.73285,,
227.85935,,
242.6474,,
258.44881,,
286.15822,,
318.04911,,
334.19488,,
350.60213,,
365.569,,
376.35646,,
402.55795,,
400.91707,,
397.30201,,
379.32022,,
409.76181,,
388.99694,,
403.14184,,
397.90373,,
426.45024,,
434.92916,,
404.5651,,
343.5805,,
301.82522,,
274.15497,,
254.17848,,
244.69743,,
252.85528,,
279.75532,,
337.54615,,
408.62296,,
439.37019,,
462.68735,,
473.81807,,
459.26973,,
476.06148,,
500.26468,,
475.63033,,
470.95981,,
464.85918,,
464.51416,,
456.68232,,
473.84173,,
471.3876,,
453.62175,,
421.00445,,
377.60913,,
323.18204,,
270.08226,,
259.98339,,
260.36035,,
264.95578,,
306.63035,,
394.44371,,
439.22858,,
422.31598,,
442.07229,,
445.63095,,
472.1403,,
473.50458,,
460.57869,,
467.71321,,
459.3644,,
453.98617,,
416.51523,,
413.42494,,
399.26216,,
387.49466,,
353.22873,,
346.02216,,
364.13926,,
380.47132,,
356.61836,,
290.52472,,
269.06911,,
263.5492,,
265.59933,,
274.59971,,
280.82457,,
297.06632,,
343.02512,,
355.97176,,
389.8625,,
408.36656,,
395.83453,,
413.10603,,
440.97499,,
415.79255,,
407.48338,,
403.60866,,
438.24158,,
434.257,,
440.24496,,
,14.3,0.0
,14.2,0.0
,14.1,0.0
,14.1,0.0
,14.1,0.0
,14.1,0.0
,14.1,0.0
,15.5,25.0
,16.6,84.0
,17.3,398.0
,17.8,454.0
,18.3,405.0
,18.6,179.0
,18.8,169.0
,18.8,207.0
,18.5,128.0
,18.0,37.0
,16.9,9.0
,16.6,0.0
,16.5,0.0
,16.4,0.0
,16.4,0.0
,16.4,0.0
,16.3,0.0
,16.3,0.0
,16.3,0.0
,16.3,0.0
,16.4,0.0
,16.4,0.0
,16.6,0.0
,16.6,0.0
,17.4,18.0
,18.1,190.0
,18.7,383.0
,19.1,544.0
,19.4,665.0
,19.6,705.0
,19.7,677.0
,19.6,577.0
,19.3,426.0
,18.7,237.0
,17.8,51.0
,17.5,0.0
,17.4,0.0
,17.3,0.0
,17.2,0.0
,17.1,0.0
,17.1,0.0
,17.2,0.0
,17.2,0.0
,17.2,0.0
,17.3,0.0
,17.3,0.0
,17.4,0.0
,17.3,0.0
,18.5,27.0
,19.6,92.0
,20.3,398.0
,20.9,560.0
,21.2,668.0
,21.2,709.0
,21.1,679.0
,20.7,580.0
,20.0,426.0
,19.1,238.0
,18.2,50.0
,18.0,0.0
,17.9,0.0
,17.8,0.0
,17.8,0.0
,17.7,0.0
,17.6,0.0
,17.3,0.0
,16.9,0.0
,16.6,0.0
,16.3,0.0
,16.0,0.0
,15.9,0.0
,15.7,0.0
,15.7,12.0
,15.7,83.0
,15.8,319.0
,15.7,50.0
,15.5,61.0
,15.4,65.0
,15.3,62.0
,15.2,53.0
,15.0,42.0
,14.7,24.0
,14.5,17.0
,14.5,0.0
,14.5,0.0
,14.6,0.0
,14.6,0.0
,14.7,0.0
,14.7,0.0
,14.6,0.0
,14.5,0.0
,14.5,0.0
,14.4,0.0
,14.4,0.0
,14.4,0.0
,14.5,0.0
,15.1,12.0
,15.8,76.0
,16.4,83.0
,16.9,161.0
,17.2,60.0
,17.4,203.0
,17.5,556.0
,17.4,403.0
,17.2,237.0
,16.9,262.0
,16.1,67.0
,15.8,0.0
,15.7,0.0
,15.6,0.0
,15.6,0.0
,15.6,0.0
,15.6,0.0
,15.6,0.0
,15.6,0.0
,15.6,0.0
,15.6,0.0
,15.7,0.0
,15.8,0.0
,15.9,0.0
,17.0,36.0
,18.2,224.0
,19.1,424.0
,19.6,590.0
,20.0,708.0
,20.2,753.0
,20.2,723.0
,20.0,624.0
,19.7,387.0
,19.0,163.0
,17.9,36.0
,17.7,0.0
,17.7,0.0
,17.8,0.0
,17.8,0.0
,17.8,0.0
,17.7,0.0
,17.6,0.0
,17.6,0.0
,17.7,0.0
,17.7,0.0
,17.8,0.0
,17.8,0.0
,17.8,0.0
,18.7,24.0
,19.5,217.0
,20.1,318.0
,20.5,582.0
,20.8,700.0
,21.1,742.0
,21.1,445.0
,21.1,410.0
,20.9,281.0
,20.5,177.0
,19.6,44.0
,19.3,0.0
,19.3,0.0
,19.2,0.0
,19.2,0.0
,19.2,0.0
,19.2,0.0
,19.2,0.0
,19.2,0.0
,19.1,0.0
,19.1,0.0
,19.0,0.0
,18.9,0.0
,18.9,0.0
,20.2,37.0
,21.3,224.0
,22.2,299.0
,22.8,465.0
,23.1,704.0
,23.2,745.0
,23.0,446.0
,22.6,342.0
,22.0,241.0
,21.2,59.0
,20.1,13.0
,19.9,0.0
,20.0,0.0
,20.0,0.0
,19.9,0.0
,20.1,0.0
,20.3,0.0
,20.3,0.0
,20.3,0.0
,20.1,0.0
,20.0,0.0
,19.8,0.0
,19.3,0.0
,18.9,0.0
,20.1,41.0
,21.2,141.0
,22.1,203.0
,23.1,602.0
,23.8,708.0
,24.1,746.0
,24.1,713.0
,23.6,191.0
,22.4,38.0
,20.4,63.0
,18.3,35.0
,17.1,0.0
,16.4,0.0
,16.0,0.0
,15.8,0.0
,15.7,0.0
,15.5,0.0
,15.3,0.0
,15.1,0.0
,14.9,0.0
,14.8,0.0
,14.8,0.0
,14.8,0.0
,14.8,0.0
,14.9,27.0
,15.1,27.0
,15.3,69.0
,15.6,72.0
,15.7,61.0
,15.9,66.0
,16.1,63.0
,16.3,116.0
,16.4,138.0
,16.4,66.0
,16.0,10.0
,16.0,0.0
,16.2,0.0
,16.4,0.0
,16.5,0.0
,16.7,0.0
,16.9,0.0
,17.1,0.0
,17.3,0.0
,17.4,0.0
,17.6,0.0
,17.7,0.0
,17.9,0.0
,18.1,0.0
,19.7,14.0
,20.8,84.0
,21.7,270.0
,22.5,405.0
,23.0,711.0
,23.2,752.0
,23.2,722.0
,22.9,615.0
,22.4,329.0
,21.5,144.0
,20.5,36.0
,19.8,0.0
,19.6,0.0
,19.5,0.0
,19.5,0.0
,19.6,0.0
,19.5,0.0
,19.5,0.0
,19.6,0.0
,19.8,0.0
,19.9,0.0
,20.0,0.0
,19.8,0.0
,19.7,0.0
,20.9,18.0
,22.1,107.0
,23.5,430.0
,24.3,596.0
,24.6,703.0
,24.5,738.0
,24.3,591.0
,23.8,610.0
,23.1,452.0
,22.4,125.0
,21.7,38.0
,21.4,0.0
,21.5,0.0
,21.5,0.0
,21.5,0.0
,21.7,0.0
,21.9,0.0
,21.8,0.0
,21.2,0.0
,20.3,0.0
,19.6,0.0
,18.5,0.0
,17.8,0.0
,17.5,0.0
,17.7,4.0
,18.1,17.0
,18.5,57.0
,18.9,79.0
,19.1,81.0
,19.0,92.0
,18.9,70.0
,18.7,54.0
,18.5,43.0
,18.2,21.0
,18.0,6.0
,17.9,0.0
,18.0,0.0
,18.0,0.0
,18.1,0.0
,18.1,0.0
,18.1,0.0
,18.2,0.0
,18.2,0.0
,18.2,0.0
,18.2,0.0
,18.1,0.0
,18.1,0.0
,18.2,0.0
,19.0,4.0
,19.7,17.0
,20.3,79.0
,20.8,564.0
,21.0,304.0
,20.9,296.0
,20.8,284.0
,20.6,603.0
,20.2,233.0
,19.5,60.0
,18.4,77.0
,17.9,0.0
,17.8,0.0
,17.8,0.0
,17.7,0.0
,17.7,0.0
,17.7,0.0
,17.7,0.0
,17.6,0.0
,17.6,0.0
,17.6,0.0
,17.6,0.0
,17.6,0.0
,17.7,0.0
,18.7,39.0
,19.8,233.0
,20.6,440.0
,21.4,613.0
,22.1,743.0
,22.7,791.0
,23.0,762.0
,22.9,664.0
,22.6,499.0
,21.9,293.0
,20.9,87.0
,20.5,0.0
,20.4,0.0
,20.5,0.0
,20.5,0.0
,20.3,0.0
,20.1,0.0
,20.0,0.0
,19.9,0.0
,19.6,0.0
,19.2,0.0
,18.9,0.0
,18.7,0.0
,18.9,0.0
,20.6,34.0
,22.1,245.0
,23.7,452.0
,24.7,624.0
,25.2,745.0
,25.5,789.0
,25.4,761.0
,24.9,661.0
,24.0,500.0
,22.8,297.0
,21.1,23.0
,20.2,0.0
,19.7,0.0
,18.9,0.0
,18.3,0.0
,18.0,0.0
,17.9,0.0
,17.9,0.0
,17.9,0.0
,17.9,0.0
,17.9,0.0
,17.8,0.0
,17.7,0.0
,17.6,0.0
,17.9,18.0
,18.3,93.0
,18.5,36.0
,18.7,69.0
,18.8,149.0
,18.7,209.0
,18.6,131.0
,18.4,210.0
,18.1,122.0
,17.7,47.0
,17.3,30.0
,17.2,0.0
,17.3,0.0
,17.3,0.0
,17.4,0.0
,17.4,0.0
,17.4,0.0
,17.4,0.0
,17.4,0.0
,17.3,0.0
,17.2,0.0
,17.2,0.0
,17.1,0.0
,17.1,0.0
,17.6,15.0
,17.9,80.0
,18.2,36.0
,18.4,112.0
,18.4,62.0
,18.2,66.0
,17.9,64.0
,17.6,55.0
,17.2,83.0
,16.8,22.0
,16.6,7.0
,16.6,0.0
,16.6,0.0
,16.7,0.0
,16.9,0.0
,17.0,0.0
,17.1,0.0
,17.1,0.0
,17.2,0.0
,17.1,0.0
,17.1,0.0
,17.1,0.0
,17.0,0.0
,17.0,0.0
,17.4,20.0
,17.9,77.0
,18.5,98.0
,19.1,232.0
,19.6,345.0
,20.0,158.0
,20.1,175.0
,19.9,133.0
,19.5,42.0
,18.8,23.0
,18.2,7.0
,18.0,0.0
,17.9,0.0
,17.8,0.0
,17.7,0.0
,17.5,0.0
,17.4,0.0
,17.4,0.0
,17.2,0.0
,17.1,0.0
,17.0,0.0
,16.9,0.0
,16.8,0.0
,16.7,0.0
,16.9,22.0
,17.2,116.0
,17.7,292.0
,18.1,307.0
,18.4,477.0
,18.6,359.0
,18.5,390.0
,18.0,318.0
,17.6,343.0
,17.3,208.0
,17.1,67.0
,17.1,0.0
,17.3,0.0
,17.6,0.0
,17.8,0.0
,18.0,0.0
,18.1,0.0
,18.3,0.0
,18.3,0.0
,18.3,0.0
,18.3,0.0
,18.3,0.0
,18.3,0.0
,18.4,0.0
,18.9,51.0
,19.5,184.0
,20.1,444.0
,20.8,612.0
,21.5,730.0
,21.8,775.0
,22.0,750.0
,22.0,661.0
,21.8,502.0
,21.4,302.0
,20.6,97.0
,20.2,0.0
,20.0,0.0
,20.0,0.0
,19.9,0.0
,19.5,0.0
,19.1,0.0
,18.6,0.0
,18.3,0.0
,17.9,0.0
,17.7,0.0
,17.6,0.0
,17.5,0.0
,17.5,0.0
,18.1,5.0
,18.6,18.0
,18.9,112.0
,19.1,122.0
,19.2,108.0
,19.3,247.0
,19.4,300.0
,19.5,254.0
,19.4,186.0
,19.2,277.0
,19.0,18.0
,18.9,0.0
,18.9,0.0
,18.9,0.0
,19.0,0.0
,19.0,0.0
,19.0,0.0
,19.0,0.0
,19.0,0.0
,19.0,0.0
,19.0,0.0
,19.0,0.0
,19.0,0.0
,19.1,0.0
,19.9,16.0
,20.4,11.0
,20.8,90.0
,20.8,159.0
,20.7,212.0
,20.5,165.0
,20.3,273.0
,19.9,94.0
,19.5,169.0
,19.2,152.0
,18.9,22.0
,18.8,0.0
,18.9,0.0
,19.0,0.0
,18.9,0.0
,18.9,0.0
,18.9,0.0
,18.8,0.0
,18.8,0.0
,18.7,0.0
,18.6,0.0
,18.5,0.0
,18.4,0.0
,18.5,0.0
,19.3,50.0
,20.0,242.0
,20.9,221.0
,21.8,389.0
,22.5,743.0
,22.8,785.0
,23.1,762.0
,23.0,477.0
,22.6,267.0
,21.7,71.0
,20.4,58.0
,19.7,0.0
,19.5,0.0
,19.4,0.0
,19.3,0.0
,19.0,0.0
,18.8,0.0
,18.4,0.0
,18.2,0.0
,18.0,0.0
,17.9,0.0
,17.6,0.0
,17.3,0.0
,17.2,0.0
,17.6,32.0
,18.1,13.0
,18.7,366.0
,19.3,333.0
,19.6,294.0
,19.6,106.0
,19.3,109.0
,18.8,252.0
,18.3,106.0
,17.7,15.0
,17.4,44.0
,17.3,0.0
,17.3,0.0
,17.3,0.0
,17.3,0.0
,17.3,0.0
,17.3,0.0
,17.2,0.0
,17.2,0.0
,17.1,0.0
,17.0,0.0
,16.8,0.0
,16.6,0.0
,16.5,0.0
,16.6,29.0
,16.9,116.0
,17.3,300.0
,17.8,395.0
,18.3,419.0
,18.7,369.0
,18.7,503.0
,18.6,295.0
,18.4,314.0
,18.1,152.0
,17.9,43.0
,18.0,0.0
,18.3,0.0
,18.6,0.0
,18.9,0.0
,19.1,0.0
,19.2,0.0
,19.3,0.0
,19.4,0.0
,19.5,0.0
,19.6,0.0
,19.8,0.0
,19.9,0.0
,20.1,0.0
,20.6,24.0
,21.2,13.0
,21.8,332.0
,22.4,244.0
,22.9,263.0
,23.2,305.0
,23.3,373.0
,23.4,236.0
,23.0,334.0
,22.3,49.0
,21.2,87.0
,20.5,0.0
,19.9,0.0
,19.5,0.0
,19.3,0.0
,19.3,0.0
,19.3,0.0
,19.4,0.0
,19.4,0.0
,19.5,0.0
,19.5,0.0
,19.5,0.0
,19.5,0.0
,19.7,0.0
,21.0,42.0
,22.1,41.0
,23.6,129.0
,24.4,375.0
,24.3,47.0
,23.8,53.0
,23.3,131.0
,23.0,358.0
,22.8,496.0
,22.4,248.0
,21.6,91.0
,21.3,0.0
,21.3,0.0
,21.3,0.0
,21.2,0.0
,21.1,0.0
,21.0,0.0
,20.9,0.0
,20.8,0.0
,20.7,0.0
,20.6,0.0
,20.6,0.0
,20.6,0.0
,20.6,0.0
,21.5,62.0
,22.3,258.0
,23.2,459.0
,24.0,628.0
,24.5,755.0
,24.7,800.0
,24.7,532.0
,24.5,671.0
,24.1,512.0
,23.4,44.0
,22.4,111.0
,21.7,0.0
,21.3,0.0
,21.1,0.0
,21.0,0.0
,20.8,0.0
,20.6,0.0
,20.4,0.0
,20.2,0.0
,20.0,0.0
,19.9,0.0
,19.8,0.0
,19.7,0.0
,19.8,0.0
,20.5,34.0
,20.9,257.0
,21.5,186.0
,22.0,366.0
,22.4,117.0
,22.7,602.0
,22.7,598.0
,22.5,232.0
,22.2,185.0
,21.7,300.0
,21.0,93.0
,20.6,0.0
,20.5,0.0
,20.3,0.0
,20.2,0.0
,20.0,0.0
,19.9,0.0
,19.7,0.0
,19.5,0.0
,19.1,0.0
,18.6,0.0
,18.2,0.0
,17.9,0.0
,17.8,0.0
,18.0,6.0
,18.7,12.0
,19.5,24.0
,20.1,103.0
,20.2,94.0
,19.9,91.0
,19.4,73.0
,18.8,93.0
,18.1,56.0
,17.5,38.0
,17.0,10.0
,16.9,0.0
,16.9,0.0
,17.0,0.0
,17.0,0.0
,16.9,0.0
,16.7,0.0
,16.5,0.0
,16.3,0.0
,16.1,0.0
,15.9,0.0
,15.8,0.0
,15.6,0.0
,15.5,0.0
,15.6,20.0
,15.9,63.0
,16.2,137.0
,16.6,141.0
,17.0,75.0
,17.1,71.0
,17.0,70.0
,16.7,100.0
,16.5,101.0
,16.4,15.0
,16.3,6.0
,16.3,0.0
,16.5,0.0
,16.6,0.0
,16.7,0.0
,16.8,0.0
,16.9,0.0
,17.0,0.0
,17.0,0.0
,17.1,0.0
,17.2,0.0
,17.3,0.0
,17.4,0.0
,17.4,0.0
,17.5,6.0
,17.7,12.0
,17.8,63.0
,18.0,47.0
,18.1,50.0
,18.1,178.0
,18.1,53.0
,18.1,85.0
,18.0,97.0
,17.7,90.0
,17.5,9.0
,17.5,0.0
,17.5,0.0
,17.5,0.0
,17.4,0.0
,17.4,0.0
,17.4,0.0
,17.4,0.0
,17.4,0.0
,17.4,0.0
,17.4,0.0
,17.4,0.0
,17.5,0.0
,17.7,0.0
,18.4,70.0
,18.9,63.0
,19.4,65.0
,19.8,146.0
,20.0,213.0
,20.2,555.0
,20.3,611.0
,20.1,460.0
,19.8,367.0
,19.4,74.0
,18.8,117.0
,18.5,0.0
,18.4,0.0
,18.4,0.0
,18.3,0.0
,18.2,0.0
,18.2,0.0
,18.1,0.0
,18.0,0.0
,18.0,0.0
,17.9,0.0
,17.9,0.0
,17.8,0.0
,17.9,0.0
,18.6,24.0
,19.3,23.0
,19.9,306.0
,20.6,288.0
,21.0,137.0
,21.2,295.0
,21.0,178.0
,20.7,541.0
,20.2,524.0
,19.6,329.0
,18.9,120.0
,18.5,0.0
,18.4,0.0
,18.3,0.0
,18.4,0.0
,18.6,0.0
,18.9,0.0
,19.2,0.0
,19.5,0.0
,19.5,0.0
,19.1,0.0
,18.7,0.0
,18.2,0.0
,18.4,0.0
,19.1,77.0
,19.7,142.0
,20.8,153.0
,22.0,171.0
,23.0,318.0
,23.5,429.0
,23.5,414.0
,23.3,488.0
,22.8,528.0
,22.1,228.0
,21.1,79.0
,20.6,0.0
,20.5,0.0
,20.4,0.0
,20.4,0.0
,20.3,0.0
,20.0,0.0
,19.6,0.0
,19.2,0.0
,18.9,0.0
,18.6,0.0
,18.3,0.0
,18.4,0.0
,18.4,0.0
,18.9,69.0
,19.3,270.0
,19.9,323.0
,20.2,251.0
,20.2,138.0
,20.0,133.0
,19.5,194.0
,18.9,152.0
,18.4,92.0
,17.9,53.0
,17.6,17.0
,17.5,0.0
,17.6,0.0
,17.7,0.0
,17.6,0.0
,17.6,0.0
,17.5,0.0
,17.5,0.0
,17.5,0.0
,17.6,0.0
,17.6,0.0
,17.6,0.0
,17.6,0.0
,17.9,0.0
,18.8,80.0
,19.7,142.0
,20.7,343.0
,21.6,660.0
,22.1,539.0
,22.4,679.0
,22.6,523.0
,22.4,217.0
,22.0,151.0
,21.2,27.0
,20.3,27.0
,19.9,0.0
,19.8,0.0
,19.7,0.0
,19.6,0.0
,19.5,0.0
,19.5,0.0
,19.4,0.0
,19.4,0.0
,19.3,0.0
,19.3,0.0
,19.3,0.0
,19.3,0.0
,19.7,0.0
,20.8,44.0
,21.9,302.0
,23.1,276.0
,24.2,682.0
,24.7,817.0
,24.8,857.0
,24.4,822.0
,23.9,728.0
,23.3,202.0
,22.5,63.0
,21.6,36.0
,20.9,0.0
,20.7,0.0
,20.6,0.0
,20.6,0.0
,20.7,0.0
,20.8,0.0
,20.5,0.0
,20.3,0.0
,20.3,0.0
,20.7,0.0
,21.0,0.0
,20.9,0.0
,21.0,0.0
,21.9,21.0
,22.3,40.0
,22.5,44.0
,22.2,66.0
,21.6,152.0
,20.7,150.0
,19.6,56.0
,18.5,63.0
,18.0,50.0
,17.9,29.0
,17.9,81.0
,17.8,0.0
,17.9,0.0
,18.0,0.0
,17.8,0.0
,17.7,0.0
,17.5,0.0
,17.3,0.0
,17.2,0.0
,17.2,0.0
,17.2,0.0
,17.1,0.0
,17.0,0.0
,17.3,0.0
,18.3,96.0
,18.7,175.0
,19.4,303.0
,19.9,514.0
,20.1,839.0
,20.2,883.0
,20.1,715.0
,20.0,758.0
,19.6,589.0
,19.1,375.0
,18.3,61.0
,17.8,0.0
,17.6,0.0
,17.6,0.0
,17.6,0.0
,17.6,0.0
,17.7,0.0
,17.9,0.0
,18.1,0.0
,18.3,0.0
,18.4,0.0
,18.6,0.0
,18.8,0.0
,19.3,0.0
,20.3,32.0
,21.3,286.0
,22.5,365.0
,23.5,511.0
,24.2,653.0
,24.9,399.0
,25.1,539.0
,25.1,622.0
,24.6,465.0
,23.9,258.0
,22.8,32.0
,21.8,0.0
,21.2,0.0
,20.7,0.0
,20.3,0.0
,20.0,0.0
,19.9,0.0
,19.7,0.0
,19.3,0.0
,18.9,0.0
,18.7,0.0
,18.5,0.0
,18.5,0.0
,18.6,0.0
,19.1,94.0
,19.8,59.0
,20.8,75.0
,21.6,149.0
,21.6,141.0
,21.0,72.0
,20.3,121.0
,19.8,90.0
,19.2,215.0
,18.5,137.0
,17.8,36.0
,17.4,0.0
,17.2,0.0
,17.1,0.0
,17.1,0.0
,17.1,0.0
,17.1,0.0
,17.0,0.0
,16.8,0.0
,16.7,0.0
,16.5,0.0
,16.3,0.0
,16.1,0.0
,16.0,0.0
,16.3,6.0
,16.8,14.0
,17.2,34.0
,17.2,53.0
,17.1,57.0
,17.0,73.0
,16.8,124.0
,16.6,62.0
,16.4,50.0
,16.1,61.0
,15.8,47.0
,15.7,0.0
,15.6,0.0
,15.6,0.0
,15.5,0.0
,15.1,0.0
,14.8,0.0
,14.6,0.0
,14.5,0.0
,14.5,0.0
,14.6,0.0
,14.7,0.0
,14.9,0.0
,15.2,0.0
,15.8,9.0
,16.5,26.0
,17.3,143.0
,17.6,67.0
,18.1,204.0
,18.5,63.0
,18.6,79.0
,18.6,161.0
,18.4,30.0
,18.0,71.0
,17.8,26.0
,17.9,0.0
,18.1,0.0
,18.4,0.0
,18.8,0.0
,19.3,0.0
,19.7,0.0
,20.0,0.0
,20.3,0.0
,20.3,0.0
,19.9,0.0
,19.9,0.0
,20.0,0.0
,20.2,0.0
,20.9,6.0
,21.4,14.0
,22.0,28.0
,22.7,46.0
,22.9,85.0
,23.0,197.0
,22.9,90.0
,22.0,145.0
,20.2,30.0
,18.7,30.0
,18.2,23.0
,18.2,0.0
,18.5,0.0
,18.6,0.0
,18.7,0.0
,18.6,0.0
,18.6,0.0
,18.5,0.0
,18.5,0.0
,18.5,0.0
,18.4,0.0
,18.1,0.0
,18.0,0.0
,18.2,0.0
,18.7,113.0
,19.2,15.0
,19.7,47.0
,20.2,75.0
,20.4,168.0
,20.3,97.0
,19.8,72.0
,19.3,129.0
,18.6,50.0
,17.9,30.0
,17.4,11.0
,17.4,0.0
,17.4,0.0
,17.4,0.0
,17.5,0.0
,17.5,0.0
,17.4,0.0
,17.3,0.0
,17.1,0.0
,17.1,0.0
,17.2,0.0
,17.3,0.0
,17.3,0.0
,17.6,0.0
,18.1,9.0
,18.5,34.0
,18.8,70.0
,18.9,104.0
,19.1,101.0
,19.1,357.0
,19.2,306.0
,19.2,207.0
,19.2,120.0
,18.9,75.0
,18.4,11.0
,18.0,0.0
,17.9,0.0
,17.9,0.0
,17.9,0.0
,17.9,0.0
,17.8,0.0
,17.7,0.0
,17.6,0.0
,17.6,0.0
,17.5,0.0
,17.6,0.0
,17.6,0.0
,18.1,0.0
,20.1,127.0
,21.3,351.0
,22.2,562.0
,22.8,734.0
,23.2,860.0
,23.3,901.0
,23.2,866.0
,23.1,769.0
,22.7,599.0
,22.2,386.0
,21.0,159.0
,20.2,0.0
,20.1,0.0
,20.0,0.0
,20.0,0.0
,19.9,0.0
,19.8,0.0
,19.7,0.0
,19.7,0.0
,19.6,0.0
,19.6,0.0
,19.5,0.0
,19.5,0.0
,20.1,0.0
,21.6,10.0
,22.4,192.0
,22.9,535.0
,23.2,697.0
,23.4,810.0
,23.5,846.0
,23.5,759.0
,23.5,425.0
,23.3,145.0
,22.7,90.0
,21.9,127.0
,21.3,0.0
,21.1,0.0
,20.9,0.0
,20.8,0.0
,20.7,0.0
,20.7,0.0
,20.6,0.0
,20.6,0.0
,20.6,0.0
,20.5,0.0
,20.5,0.0
,20.5,0.0
,20.8,0.0
,21.8,99.0
,22.5,310.0
,23.2,282.0
,23.6,609.0
,23.6,198.0
,23.1,624.0
,22.5,277.0
,21.6,226.0
,20.4,306.0
,19.4,331.0
,18.5,14.0
,17.9,0.0
,17.7,0.0
,17.6,0.0
,17.6,0.0
,17.6,0.0
,17.6,0.0
,17.6,0.0
,17.6,0.0
,17.6,0.0
,17.5,0.0
,17.4,0.0
,17.4,0.0
,17.4,0.0
,17.7,16.0
,18.0,112.0
,18.3,76.0
,18.5,384.0
,18.7,272.0
,18.8,522.0
,18.9,733.0
,19.0,647.0
,19.0,157.0
,18.8,327.0
,18.0,59.0
,17.4,0.0
,17.3,0.0
,17.3,0.0
,17.4,0.0
,17.5,0.0
,17.8,0.0
,18.0,0.0
,18.1,0.0
,18.3,0.0
,18.5,0.0
,18.6,0.0
,18.6,0.0
,19.0,0.0
,20.1,63.0
,20.7,55.0
,21.2,50.0
,21.7,66.0
,21.9,149.0
,22.1,74.0
,22.1,134.0
,22.1,87.0
,21.9,76.0
,21.5,31.0
,20.8,12.0
,20.4,0.0
,20.4,0.0
,20.3,0.0
,20.2,0.0
,20.1,0.0
,20.1,0.0
,20.0,0.0
,20.0,0.0
,20.0,0.0
,20.0,0.0
,20.0,0.0
,19.8,0.0
,19.8,0.0
,20.3,11.0
,20.6,96.0
,21.0,124.0
,21.3,287.0
,21.6,363.0
,21.8,131.0
,22.0,226.0
,22.1,198.0
,22.1,225.0
,21.9,75.0
,21.4,49.0
,21.0,0.0
,21.0,0.0
,20.9,0.0
,21.0,0.0
,21.0,0.0
,21.1,0.0
,21.1,0.0
,21.2,0.0
,21.4,0.0
,21.5,0.0
,21.4,0.0
,21.3,0.0
,21.7,0.0
,22.7,11.0
,23.4,30.0
,23.8,252.0
,23.3,244.0
,22.9,302.0
,22.7,841.0
,22.6,813.0
,22.6,207.0
,22.8,349.0
,22.6,82.0
,21.7,147.0
,20.6,0.0
,20.2,0.0
,20.0,0.0
,19.9,0.0
,19.7,0.0
,19.7,0.0
,19.6,0.0
,19.5,0.0
,19.3,0.0
,19.2,0.0
,19.2,0.0
,19.1,0.0
,19.6,0.0
,20.5,133.0
,21.1,159.0
,21.7,226.0
,22.2,512.0
,22.7,595.0
,23.0,674.0
,23.2,591.0
,23.1,736.0
,22.8,575.0
,22.3,373.0
,21.7,156.0
,21.4,0.0
,21.4,0.0
,21.5,0.0
,21.5,0.0
,21.6,0.0
,21.6,0.0
,21.6,0.0
,21.7,0.0
,21.8,0.0
,21.9,0.0
,22.0,0.0
,22.0,0.0
,22.7,0.0
,24.1,139.0
,25.1,358.0
,25.9,562.0
,26.2,728.0
,26.4,825.0
,26.5,854.0
,26.5,816.0
,26.5,717.0
,26.2,381.0
,25.7,149.0
,24.8,149.0
,24.0,0.0
,23.7,0.0
,23.5,0.0
,23.3,0.0
,23.1,0.0
,23.0,0.0
,22.9,0.0
,22.8,0.0
,22.8,0.0
,22.7,0.0
,22.7,0.0
,22.6,0.0
,23.2,0.0
,24.5,141.0
,25.6,355.0
,26.7,560.0
,27.5,725.0
,28.0,834.0
,28.4,871.0
,28.6,835.0
,28.4,732.0
,27.8,566.0
,26.8,365.0
,25.5,152.0
,24.3,0.0
,23.9,0.0
,23.9,0.0
,23.8,0.0
,23.6,0.0
,23.6,0.0
,23.5,0.0
,23.3,0.0
,22.9,0.0
,22.6,0.0
,22.4,0.0
,22.1,0.0
,22.3,0.0
,22.6,148.0
,22.8,49.0
,23.1,124.0
,23.2,288.0
,23.0,106.0
,22.6,160.0
,22.1,129.0
,21.4,67.0
,20.8,182.0
,20.1,32.0
,19.5,12.0
,19.2,0.0
,19.1,0.0
,19.1,0.0
,19.1,0.0
,19.1,0.0
,19.1,0.0
,19.0,0.0
,18.8,0.0
,18.6,0.0
,18.2,0.0
,17.9,0.0
,17.6,0.0
,17.4,0.0
,17.4,70.0
,17.5,106.0
,17.7,68.0
,18.0,67.0
,18.2,78.0
,18.4,130.0
,18.3,118.0
,18.0,115.0
,17.8,114.0
,17.6,80.0
,17.4,21.0
,17.2,0.0
,17.1,0.0
,17.2,0.0
,17.2,0.0
,17.2,0.0
,17.2,0.0
,17.2,0.0
,17.3,0.0
,17.4,0.0
,17.5,0.0
,17.6,0.0
,17.7,0.0
,18.0,0.0
,18.7,25.0
,19.3,65.0
,19.7,93.0
,20.1,68.0
,20.5,132.0
,20.7,76.0
,21.0,66.0
,21.2,220.0
,21.2,54.0
,21.0,143.0
,20.6,13.0
,20.4,1.0
,20.5,0.0
,20.5,0.0
,20.5,0.0
,20.6,0.0
,20.8,0.0
,20.9,0.0
,20.8,0.0
,20.9,0.0
,21.0,0.0
,20.9,0.0
,20.7,0.0
,21.2,2.0
,21.7,54.0
,21.4,57.0
,20.6,53.0
,20.0,67.0
,19.9,200.0
,20.1,143.0
,20.2,74.0
,20.3,181.0
,20.8,195.0
,21.0,125.0
,20.5,42.0
,19.6,3.0
,19.2,0.0
,19.0,0.0
,18.9,0.0
,18.7,0.0
,18.7,0.0
,18.7,0.0
,18.6,0.0
,18.6,0.0
,18.6,0.0
,18.6,0.0
,18.6,0.0
,19.1,4.0
,19.7,168.0
,20.3,192.0
,20.9,305.0
,21.6,599.0
,22.1,902.0
,22.3,933.0
,22.3,888.0
,22.2,776.0
,21.8,601.0
,21.4,389.0
,20.8,167.0
,20.3,4.0
,20.4,0.0
,20.5,0.0
,20.6,0.0
,20.7,0.0
,20.8,0.0
,20.9,0.0
,21.1,0.0
,21.3,0.0
,21.4,0.0
,21.3,0.0
,21.2,0.0
,21.7,5.0
,23.0,161.0
,24.0,379.0
,24.8,582.0
,25.4,744.0
,25.6,859.0
,25.7,891.0
,25.6,637.0
,25.3,372.0
,24.8,314.0
,24.1,202.0
,23.5,86.0
,22.9,4.0
,23.0,0.0
,23.2,0.0
,23.1,0.0
,23.0,0.0
,22.7,0.0
,22.5,0.0
,22.4,0.0
,22.3,0.0
,22.2,0.0
,22.1,0.0
,22.0,0.0
,22.8,4.0
,24.0,154.0
,25.1,368.0
,26.3,573.0
,27.2,737.0
,27.8,841.0
,28.3,874.0
,28.4,830.0
,28.2,722.0
,27.6,387.0
,26.7,355.0
,25.4,145.0
,24.3,3.0
,23.9,0.0
,23.6,0.0
,23.5,0.0
,23.4,0.0
,23.1,0.0
,22.8,0.0
,22.5,0.0
,22.3,0.0
,22.1,0.0
,22.0,0.0
,21.9,0.0
,22.5,5.0
,23.7,159.0
,24.4,118.0
,24.6,363.0
,24.7,307.0
,24.5,274.0
,24.2,647.0
,23.7,212.0
,23.2,286.0
,22.7,77.0
,22.3,375.0
,21.8,64.0
,21.1,4.0
,21.0,0.0
,20.9,0.0
,20.8,0.0
,20.9,0.0
,20.8,0.0
,20.8,0.0
,20.8,0.0
,20.7,0.0
,20.2,0.0
,19.7,0.0
,19.4,0.0
,19.7,3.0
,20.4,9.0
,21.3,70.0
,22.1,394.0
,22.7,542.0
,23.1,580.0
,23.3,695.0
,23.3,486.0
,23.1,433.0
,22.7,275.0
,22.3,62.0
,21.8,28.0
,21.4,2.0
,21.3,0.0
,21.3,0.0
,21.3,0.0
,21.3,0.0
,21.3,0.0
,21.2,0.0
,21.1,0.0
,21.0,0.0
,20.8,0.0
,20.6,0.0
,20.4,0.0
,20.5,2.0
,20.7,15.0
,20.9,63.0
,21.2,578.0
,21.4,739.0
,21.5,314.0
,21.5,239.0
,21.4,188.0
,21.2,281.0
,20.8,270.0
,20.3,147.0
,19.7,33.0
,19.3,3.0
,19.1,0.0
,19.0,0.0
,18.9,0.0
,18.8,0.0
,18.8,0.0
,18.6,0.0
,18.3,0.0
,18.0,0.0
,17.6,0.0
,17.4,0.0
,17.2,0.0
,17.3,2.0
,17.5,15.0
,17.8,115.0
,18.0,90.0
,18.4,70.0
,18.6,76.0
,18.9,138.0
,19.0,88.0
,19.0,181.0
,19.0,74.0
,19.0,181.0
,18.9,14.0
,18.8,2.0
,18.8,0.0
,18.8,0.0
,18.9,0.0
,18.9,0.0
,19.0,0.0
,19.1,0.0
,19.1,0.0
,19.1,0.0
,19.2,0.0
,19.2,0.0
,19.3,0.0
,20.1,7.0
,21.1,66.0
,21.8,44.0
,22.5,56.0
,23.1,69.0
,23.7,156.0
,24.2,196.0
,24.5,301.0
,24.4,249.0
,24.0,158.0
,23.4,53.0
,22.7,14.0
,22.0,2.0
,21.8,0.0
,21.7,0.0
,21.5,0.0
,21.5,0.0
,21.4,0.0
,21.3,0.0
,21.2,0.0
,21.1,0.0
,20.9,0.0
,20.8,0.0
,20.7,0.0
,21.1,7.0
,21.5,74.0
,21.8,152.0
,22.2,210.0
,22.5,197.0
,22.7,214.0
,22.6,112.0
,22.2,103.0
,22.0,122.0
,21.8,150.0
,21.6,183.0
,21.4,35.0
,21.3,3.0
,21.4,0.0
,21.5,0.0
,21.5,0.0
,21.5,0.0
,21.5,0.0
,21.3,0.0
,21.3,0.0
,21.4,0.0
,21.6,0.0
,21.8,0.0
,22.0,0.0
,22.6,13.0
,23.4,145.0
,24.3,234.0
,25.2,549.0
,26.0,669.0
,26.5,852.0
,26.6,673.0
,26.2,711.0
,26.0,570.0
,25.5,575.0
,24.8,376.0
,23.9,55.0
,23.1,4.0
,22.8,0.0
,22.5,0.0
,22.1,0.0
,21.6,0.0
,21.3,0.0
,21.0,0.0
,20.8,0.0
,20.7,0.0
,20.6,0.0
,20.5,0.0
,20.4,0.0
,21.0,10.0
,21.7,196.0
,22.6,114.0
,23.5,143.0
,24.1,189.0
,24.4,372.0
,24.4,287.0
,24.1,654.0
,23.6,255.0
,22.9,314.0
,22.2,408.0
,21.5,186.0
,21.0,11.0
,20.9,0.0
,20.9,0.0
,21.0,0.0
,21.1,0.0
,21.1,0.0
,21.0,0.0
,21.0,0.0
,20.9,0.0
,20.9,0.0
,20.9,0.0
,20.9,0.0
,21.9,24.0
,23.0,215.0
,24.0,439.0
,25.0,645.0
,25.7,806.0
,26.1,921.0
,26.3,711.0
,26.2,217.0
,26.1,141.0
,25.7,255.0
,25.1,132.0
,24.3,107.0
,23.3,10.0
,23.0,0.0
,23.1,0.0
,23.1,0.0
,23.0,0.0
,22.9,0.0
,22.9,0.0
,22.9,0.0
,22.7,0.0
,22.6,0.0
,22.4,0.0
,22.4,0.0
,23.2,19.0
,24.3,200.0
,25.4,323.0
,26.3,437.0
,26.9,386.0
,27.2,573.0
,27.2,908.0
,26.9,860.0
,26.4,676.0
,25.9,575.0
,25.4,143.0
,24.8,57.0
,24.3,5.0
,24.0,0.0
,24.0,0.0
,23.9,0.0
,23.9,0.0
,23.9,0.0
,24.0,0.0
,24.0,0.0
,23.9,0.0
,23.8,0.0
,23.6,0.0
,23.5,0.0
,24.0,20.0
,25.1,203.0
,26.0,420.0
,26.9,618.0
,27.6,775.0
,27.9,887.0
,28.0,914.0
,27.9,870.0
,27.7,759.0
,27.3,589.0
,26.7,384.0
,25.9,166.0
,25.2,6.0
,25.0,0.0
,24.8,0.0
,24.6,0.0
,24.5,0.0
,24.3,0.0
,24.2,0.0
,24.1,0.0
,24.0,0.0
,24.0,0.0
,23.9,0.0
,23.9,0.0
,24.6,21.0
,25.5,202.0
,26.4,371.0
,27.3,434.0
,28.0,684.0
,28.4,853.0
,28.6,883.0
,28.6,845.0
,28.5,746.0
,28.2,318.0
,27.8,177.0
,26.9,133.0
,25.8,9.0
,25.3,0.0
,24.9,0.0
,24.7,0.0
,24.5,0.0
,24.3,0.0
,24.2,0.0
,24.0,0.0
,23.8,0.0
,23.7,0.0
,23.6,0.0
,23.7,0.0
,24.8,29.0
,26.1,218.0
,26.9,432.0
,27.1,626.0
,26.6,778.0
,25.8,875.0
,25.2,896.0
,24.8,850.0
,24.3,742.0
,23.5,379.0
,22.6,373.0
,21.8,53.0
,21.3,5.0
,21.1,0.0
,21.2,0.0
,21.2,0.0
,21.2,0.0
,21.3,0.0
,21.2,0.0
,21.2,0.0
,21.2,0.0
,21.2,0.0
,21.2,0.0
,21.3,0.0
,22.0,12.0
,22.9,206.0
,24.0,139.0
,25.2,130.0
,26.4,599.0
,27.1,620.0
,27.0,376.0
,26.5,173.0
,25.2,68.0
,23.3,103.0
,21.8,35.0
,20.8,15.0
,20.4,4.0
,20.3,0.0
,20.2,0.0
,20.2,0.0
,20.2,0.0
,20.2,0.0
,20.2,0.0
,20.2,0.0
,20.0,0.0
,19.9,0.0
,19.8,0.0
,19.7,0.0
,19.7,7.0
,19.9,216.0
,20.2,93.0
,20.7,191.0
,21.2,212.0
,21.6,411.0
,21.9,269.0
,22.1,511.0
,22.1,341.0
,22.0,262.0
,21.7,229.0
,21.3,62.0
,20.9,9.0
,20.8,0.0
,20.9,0.0
,21.0,0.0
,21.2,0.0
,21.3,0.0
,21.5,0.0
,21.5,0.0
,21.5,0.0
,21.5,0.0
,21.5,0.0
,21.6,0.0
,22.6,28.0
,23.4,217.0
,24.3,316.0
,25.2,173.0
,25.7,451.0
,26.0,491.0
,26.1,210.0
,25.9,74.0
,25.5,68.0
,25.0,309.0
,24.3,192.0
,23.5,15.0
,23.0,2.0
,22.9,0.0
,22.9,0.0
,22.9,0.0
,22.7,0.0
,22.5,0.0
,22.3,0.0
,22.1,0.0
,22.1,0.0
,22.0,0.0
,21.8,0.0
,21.8,0.0
,22.3,33.0
,23.1,225.0
,23.9,297.0
,24.5,302.0
,24.8,627.0
,24.7,519.0
,24.2,632.0
,23.6,679.0
,23.4,215.0
,23.0,230.0
,22.5,298.0
,22.3,180.0
,22.1,5.0
,22.1,0.0
,22.1,0.0
,22.1,0.0
,22.1,0.0
,22.0,0.0
,21.9,0.0
,21.8,0.0
,21.5,0.0
,21.2,0.0
,20.9,0.0
,20.6,0.0
,20.7,7.0
,21.2,45.0
,21.7,137.0
,22.2,73.0
,22.7,143.0
,23.0,123.0
,23.2,191.0
,23.2,407.0
,23.1,362.0
,22.7,430.0
,22.3,57.0
,21.7,21.0
,21.1,3.0
,20.9,0.0
,21.0,0.0
,21.1,0.0
,21.2,0.0
,21.3,0.0
,21.5,0.0
,21.4,0.0
,21.4,0.0
,21.4,0.0
,21.5,0.0
,21.6,0.0
,22.0,4.0
,22.5,17.0
,22.7,52.0
,22.9,228.0
,22.9,69.0
,22.8,197.0
,22.9,90.0
,22.9,143.0
,22.5,304.0
,22.0,68.0
,21.6,78.0
,21.3,27.0
,21.1,6.0
,21.0,0.0
,20.8,0.0
,20.7,0.0
,20.7,0.0
,20.7,0.0
,20.5,0.0
,20.5,0.0
,20.5,0.0
,20.5,0.0
,20.4,0.0
,20.3,0.0
,21.0,17.0
,21.7,54.0
,22.5,340.0
,23.2,670.0
,23.8,831.0
,24.1,963.0
,24.3,554.0
,24.3,774.0
,24.2,846.0
,24.0,669.0
,23.6,452.0
,23.0,219.0
,22.3,25.0
,22.1,0.0
,22.1,0.0
,22.2,0.0
,22.2,0.0
,22.2,0.0
,22.1,0.0
,22.1,0.0
,22.0,0.0
,22.0,0.0
,22.1,0.0
,22.1,0.0
,23.4,55.0
,24.5,259.0
,25.6,484.0
,26.3,683.0
,26.8,836.0
,27.2,947.0
,27.3,625.0
,27.3,812.0
,27.0,804.0
,26.6,631.0
,26.2,422.0
,25.6,11.0
,24.8,18.0
,24.6,0.0
,24.6,0.0
,24.6,0.0
,24.6,0.0
,24.6,0.0
,24.6,0.0
,24.5,0.0
,24.5,0.0
,24.4,0.0
,24.3,0.0
,24.4,0.0
,25.0,14.0
,25.5,56.0
,25.7,172.0
,25.5,195.0
,25.4,621.0
,25.4,635.0
,25.9,875.0
,26.3,424.0
,25.9,244.0
,25.4,195.0
,25.3,40.0
,25.3,58.0
,25.2,10.0
,25.1,0.0
,25.0,0.0
,24.9,0.0
,24.8,0.0
,24.6,0.0
,24.4,0.0
,24.3,0.0
,24.0,0.0
,23.8,0.0
,23.6,0.0
,23.4,0.0
,23.6,33.0
,24.2,235.0
,25.1,239.0
,25.8,139.0
,26.0,203.0
,26.0,375.0
,26.0,556.0
,25.7,613.0
,25.2,274.0
,25.3,363.0
,25.6,313.0
,25.3,113.0
,24.5,13.0
,24.1,0.0
,24.0,0.0
,24.0,0.0
,23.9,0.0
,23.8,0.0
,23.9,0.0
,24.0,0.0
,23.8,0.0
,23.5,0.0
,23.5,0.0
,23.7,0.0
,24.3,44.0
,25.2,242.0
,25.9,458.0
,26.4,182.0
,26.8,241.0
,27.3,402.0
,27.8,611.0
,28.1,627.0
,28.1,186.0
,27.8,284.0
,27.1,240.0
,26.4,15.0
,25.8,12.0
,25.5,0.0
,25.4,0.0
,25.4,0.0
,25.3,0.0
,25.4,0.0
,25.3,0.0
,25.2,0.0
,25.1,0.0
,25.1,0.0
,25.2,0.0
,25.2,0.0
,25.9,49.0
,26.9,243.0
,27.9,454.0
,28.2,642.0
,28.3,784.0
,28.3,897.0
,28.1,795.0
,27.8,801.0
,27.8,205.0
,28.0,90.0
,27.9,36.0
,27.4,16.0
,26.4,4.0
,25.9,0.0
,25.8,0.0
,25.7,0.0
,25.6,0.0
,25.6,0.0
,25.5,0.0
,25.5,0.0
,25.6,0.0
,25.7,0.0
,25.7,0.0
,25.6,0.0
,26.4,51.0
,27.2,245.0
,28.0,459.0
,28.8,649.0
,29.3,795.0
,29.8,891.0
,30.2,916.0
,30.3,873.0
,30.2,758.0
,29.8,597.0
,29.1,400.0
,28.3,186.0
,27.3,16.0
,26.8,0.0
,26.6,0.0
,26.4,0.0
,26.2,0.0
,26.1,0.0
,25.9,0.0
,25.9,0.0
,25.9,0.0
,25.9,0.0
,25.9,0.0
,25.8,0.0
,26.4,57.0
,27.5,255.0
,28.5,471.0
,29.2,666.0
,29.8,552.0
,30.2,908.0
,30.3,936.0
,30.3,896.0
,30.2,774.0
,29.8,616.0
,29.1,418.0
,28.1,203.0
,27.0,24.0
,26.6,0.0
,26.4,0.0
,26.3,0.0
,26.2,0.0
,26.2,0.0
,26.1,0.0
,25.9,0.0
,25.8,0.0
,25.5,0.0
,25.2,0.0
,25.0,0.0
,25.8,69.0
,26.6,276.0
,27.7,500.0
,28.8,700.0
,29.5,728.0
,30.0,781.0
,30.3,904.0
,30.4,936.0
,30.3,822.0
,29.8,651.0
,28.8,339.0
,27.6,180.0
,26.5,25.0
,26.1,0.0
,26.0,0.0
,25.9,0.0
,25.8,0.0
,25.5,0.0
,25.2,0.0
,24.8,0.0
,24.5,0.0
,24.4,0.0
,24.3,0.0
,24.2,0.0
,24.7,53.0
,25.2,252.0
,26.0,463.0
,26.7,518.0
,27.1,582.0
,27.3,672.0
,27.4,948.0
,27.2,531.0
,27.0,706.0
,26.6,619.0
,26.1,413.0
,25.7,198.0
,25.4,21.0
,25.4,0.0
,25.4,0.0
,25.3,0.0
,25.2,0.0
,25.1,0.0
,24.9,0.0
,24.8,0.0
,24.7,0.0
,24.5,0.0
,24.3,0.0
,24.1,0.0
,24.1,35.0
,24.3,152.0
,24.6,330.0
,24.8,389.0
,24.8,242.0
,24.7,235.0
,24.6,362.0
,24.6,276.0
,24.5,679.0
,24.6,553.0
,24.5,304.0
,24.4,186.0
,24.2,15.0
,24.2,0.0
,24.3,0.0
,24.4,0.0
,24.6,0.0
,24.8,0.0
,24.9,0.0
,25.0,0.0
,25.1,0.0
,25.1,0.0
,25.0,0.0
,25.0,0.0
,25.6,69.0
,26.1,269.0
,26.7,467.0
,26.8,581.0
,26.9,162.0
,26.9,712.0
,26.7,696.0
,26.5,348.0
,26.2,451.0
,26.0,267.0
,25.7,412.0
,25.4,200.0
,25.1,20.0
,24.9,0.0
,24.9,0.0
,24.8,0.0
,24.8,0.0
,24.8,0.0
,24.8,0.0
,25.0,0.0
,25.2,0.0
,25.1,0.0
,24.9,0.0
,24.9,0.0
,25.8,72.0
,26.5,274.0
,27.2,490.0
,28.0,683.0
,28.6,830.0
,28.9,909.0
,29.2,931.0
,29.2,618.0
,29.1,364.0
,28.7,125.0
,28.2,404.0
,27.6,69.0
,26.9,19.0
,26.6,0.0
,26.6,0.0
,26.5,0.0
,26.5,0.0
,26.3,0.0
,26.2,0.0
,26.1,0.0
,26.0,0.0
,25.9,0.0
,25.8,0.0
,25.7,0.0
,26.6,71.0
,27.4,271.0
,28.2,485.0
,28.8,675.0
,29.2,819.0
,29.4,918.0
,29.5,543.0
,29.2,509.0
,28.7,153.0
,28.1,74.0
,27.4,87.0
,26.7,126.0
,25.9,18.0
,25.4,0.0
,25.0,0.0
,24.7,0.0
,24.5,0.0
,24.2,0.0
,24.0,0.0
,23.9,0.0
,23.8,0.0
,23.8,0.0
,23.7,0.0
,23.3,0.0
,23.0,26.0
,22.5,22.0
,22.1,43.0
,22.1,61.0
,22.4,73.0
,22.7,118.0
,22.7,185.0
,22.5,210.0
,22.2,119.0
,22.0,55.0
,22.0,75.0
,22.0,16.0
,22.0,4.0
,22.1,0.0
,22.3,0.0
,22.4,0.0
,22.5,0.0
,22.6,0.0
,22.5,0.0
,22.5,0.0
,22.5,0.0
,22.5,0.0
,22.6,0.0
,22.6,0.0
,22.9,6.0
,23.2,15.0
,23.4,26.0
,23.4,62.0
,23.4,71.0
,23.5,75.0
,23.6,124.0
,23.5,259.0
,23.0,137.0
,22.3,131.0
,21.9,107.0
,21.8,20.0
,21.7,4.0
,21.7,0.0
,21.8,0.0
,21.7,0.0
,21.7,0.0
,21.6,0.0
,21.6,0.0
,21.7,0.0
,21.6,0.0
,21.6,0.0
,21.5,0.0
,21.5,0.0
,22.1,82.0
,22.6,87.0
,23.1,132.0
,23.7,446.0
,24.4,761.0
,24.9,616.0
,25.1,806.0
,25.1,937.0
,25.0,825.0
,24.7,660.0
,24.4,331.0
,23.8,228.0
,23.0,36.0
,22.8,0.0
,22.8,0.0
,22.8,0.0
,22.8,0.0
,22.8,0.0
,22.8,0.0
,22.8,0.0
,22.8,0.0
,22.9,0.0
,23.0,0.0
,23.1,0.0
,24.0,18.0
,24.5,63.0
,24.9,185.0
,25.3,167.0
,25.5,257.0
,25.7,233.0
,25.8,356.0
,25.7,74.0
,25.6,69.0
,25.6,149.0
,25.4,306.0
,24.9,109.0
,24.5,21.0
,24.3,0.0
,24.2,0.0
,24.1,0.0
,24.1,0.0
,24.1,0.0
,24.0,0.0
,23.9,0.0
,23.9,0.0
,23.9,0.0
,23.9,0.0
,24.0,0.0
,24.8,83.0
,25.6,286.0
,26.2,502.0
,26.5,547.0
,26.9,694.0
,27.4,830.0
,27.7,814.0
,27.6,651.0
,27.3,455.0
,26.6,531.0
,26.0,88.0
,25.4,33.0
,24.9,9.0
,24.7,0.0
,24.5,0.0
,24.3,0.0
,24.1,0.0
,23.9,0.0
,23.6,0.0
,23.4,0.0
,23.3,0.0
,23.3,0.0
,23.3,0.0
,23.3,0.0
,23.7,8.0
,24.1,25.0
,24.3,102.0
,24.4,121.0
,24.7,142.0
,25.0,124.0
,25.1,97.0
,24.9,73.0
,24.6,105.0
,24.1,56.0
,23.5,139.0
,23.2,132.0
,22.9,11.0
,22.7,0.0
,22.6,0.0
,22.5,0.0
,22.4,0.0
,22.3,0.0
,22.3,0.0
,22.3,0.0
,22.2,0.0
,22.1,0.0
,21.9,0.0
,21.7,0.0
,21.6,7.0
,21.7,44.0
,21.8,54.0
,22.1,185.0
,22.3,106.0
,22.4,92.0
,22.6,175.0
,22.7,190.0
,22.7,202.0
,22.6,71.0
,22.3,53.0
,21.9,35.0
,21.5,7.0
,21.5,0.0
,21.5,0.0
,21.6,0.0
,21.6,0.0
,21.7,0.0
,21.8,0.0
,21.9,0.0
,22.1,0.0
,22.2,0.0
,22.3,0.0
,22.4,0.0
,22.9,7.0
,23.0,30.0
,23.1,47.0
,23.1,61.0
,23.3,70.0
,23.5,645.0
,23.8,82.0
,24.1,123.0
,24.1,201.0
,23.9,96.0
,23.6,317.0
,23.3,64.0
,23.0,19.0
,23.0,0.0
,23.0,0.0
,23.0,0.0
,23.0,0.0
,23.0,0.0
,23.0,0.0
,23.0,0.0
,23.0,0.0
,23.0,0.0
,23.1,0.0
,23.1,0.0
,23.5,21.0
,23.7,23.0
,24.1,71.0
,24.4,61.0
,24.6,139.0
,24.7,271.0
,24.6,251.0
,24.3,236.0
,23.9,398.0
,23.6,126.0
,23.2,50.0
,23.0,43.0
,22.8,11.0
,22.8,0.0
,22.9,0.0
,23.0,0.0
,23.0,0.0
,23.0,0.0
,23.0,0.0
,23.0,0.0
,23.1,0.0
,23.1,0.0
,23.0,0.0
,23.1,0.0
,23.6,21.0
,24.0,122.0
,24.3,238.0
,24.5,505.0
,24.7,225.0
,25.1,143.0
,25.3,461.0
,25.4,356.0
,25.3,272.0
,25.1,262.0
,24.8,97.0
,24.4,73.0
,24.0,36.0
,23.8,0.0
,23.8,0.0
,23.8,0.0
,23.9,0.0
,23.9,0.0
,23.9,0.0
,23.9,0.0
,23.9,0.0
,23.9,0.0
,24.0,0.0
,24.2,0.0
,25.1,96.0
,25.7,177.0
,26.3,451.0
,26.8,424.0
,27.1,418.0
,27.3,552.0
,27.3,633.0
,27.1,332.0
,26.9,439.0
,26.5,282.0
,26.0,335.0
,25.6,93.0
,25.1,22.0
,24.9,0.0
,24.9,0.0
,24.9,0.0
,24.9,0.0
,24.9,0.0
,24.8,0.0
,24.8,0.0
,24.8,0.0
,24.7,0.0
,24.7,0.0
,24.9,0.0
,25.8,93.0
,26.4,295.0
,27.0,505.0
,27.6,695.0
,28.0,845.0
,28.4,932.0
,28.6,957.0
,28.5,914.0
,28.3,784.0
,27.9,623.0
,27.3,331.0
,26.7,125.0
,26.2,20.0
,26.1,0.0
,26.1,0.0
,26.1,0.0
,26.0,0.0
,26.0,0.0
,25.9,0.0
,25.9,0.0
,25.8,0.0
,25.7,0.0
,25.7,0.0
,25.8,0.0
,26.5,99.0
,27.0,302.0
,27.6,512.0
,28.2,701.0
,28.7,849.0
,29.2,764.0
,29.5,950.0
,29.4,755.0
,29.1,597.0
,28.6,485.0
,28.1,438.0
,27.6,227.0
,26.9,42.0
,26.7,0.0
,26.5,0.0
,26.3,0.0
,26.2,0.0
,26.0,0.0
,25.9,0.0
,25.6,0.0
,25.4,0.0
,25.0,0.0
,24.6,0.0
,24.6,0.0
,25.4,95.0
,26.2,297.0
,27.2,457.0
,27.9,531.0
,28.5,470.0
,28.7,738.0
,28.6,596.0
,28.4,524.0
,28.1,404.0
,27.5,630.0
,26.9,434.0
,26.2,223.0
,25.4,38.0
,25.0,0.0
,24.8,0.0
,24.7,0.0
,24.6,0.0
,24.6,0.0
,24.5,0.0
,24.5,0.0
,24.5,0.0
,24.6,0.0
,24.8,0.0
,24.9,0.0
,25.6,23.0
,26.7,79.0
,27.5,44.0
,28.2,274.0
,28.5,328.0
,28.8,446.0
,28.8,350.0
,28.5,455.0
,28.1,286.0
,27.7,253.0
,27.3,122.0
,27.0,77.0
,26.6,32.0
,26.4,0.0
,26.3,0.0
,26.2,0.0
,26.2,0.0
,26.1,0.0
,26.2,0.0
,26.1,0.0
,26.1,0.0
,26.0,0.0
,25.9,0.0
,26.1,0.0
,27.1,63.0
,28.0,160.0
,28.2,289.0
,28.2,525.0
,28.3,701.0
,28.6,413.0
,28.5,306.0
,28.1,423.0
,27.9,369.0
,27.8,178.0
,27.8,262.0
,27.7,160.0
,27.2,23.0
,27.0,0.0
,26.7,0.0
,26.5,0.0
,26.4,0.0
,26.4,0.0
,26.3,0.0
,26.3,0.0
,26.2,0.0
,26.2,0.0
,26.1,0.0
,26.1,0.0
,26.4,6.0
,26.7,15.0
,27.0,36.0
,27.6,51.0
,28.0,72.0
,28.1,90.0
,28.0,111.0
,28.1,201.0
,28.3,58.0
,28.4,518.0
,28.3,396.0
,28.0,198.0
,27.6,28.0
,27.2,0.0
,27.0,0.0
,26.7,0.0
,26.5,0.0
,26.4,0.0
,26.4,0.0
,26.3,0.0
,26.3,0.0
,26.3,0.0
,26.2,0.0
,26.3,0.0
,27.1,103.0
,27.9,304.0
,28.9,514.0
,29.7,604.0
,30.4,470.0
,30.7,307.0
,30.7,586.0
,30.3,299.0
,29.9,256.0
,29.5,278.0
,28.9,368.0
,28.3,181.0
,27.7,49.0
,27.3,0.0
,27.2,0.0
,27.0,0.0
,26.9,0.0
,26.8,0.0
,26.8,0.0
,26.7,0.0
,26.6,0.0
,26.4,0.0
,26.4,0.0
,26.5,0.0
,27.3,107.0
,28.0,312.0
,28.6,525.0
,29.1,713.0
,29.6,592.0
,30.0,184.0
,30.2,524.0
,30.3,534.0
,30.3,404.0
,30.1,604.0
,29.6,410.0
,29.1,234.0
,28.3,45.0
,28.0,0.0
,27.9,0.0
,27.8,0.0
,27.7,0.0
,27.6,0.0
,27.5,0.0
,27.2,0.0
,27.1,0.0
,27.2,0.0
,27.5,0.0
,27.3,0.0
,27.7,8.0
,28.2,15.0
,28.0,30.0
,27.0,51.0
,26.0,73.0
,25.2,90.0
,24.7,94.0
,24.6,89.0
,24.7,69.0
,24.5,46.0
,24.2,27.0
,23.9,81.0
,23.7,24.0
,23.6,0.0
,23.6,0.0
,23.7,0.0
,23.8,0.0
,23.8,0.0
,23.7,0.0
,23.7,0.0
,23.7,0.0
,23.5,0.0
,23.4,0.0
,23.2,0.0
,23.7,54.0
,24.1,131.0
,24.4,245.0
,24.8,295.0
,25.1,454.0
,25.3,646.0
,25.4,799.0
,25.4,695.0
,25.3,452.0
,25.0,190.0
,24.6,242.0
,24.0,169.0
,23.5,50.0
,23.4,0.0
,23.4,0.0
,23.4,0.0
,23.4,0.0
,23.4,0.0
,23.5,0.0
,23.6,0.0
,23.7,0.0
,23.7,0.0
,23.8,0.0
,23.8,0.0
,24.6,27.0
,25.3,65.0
,26.0,123.0
,26.6,170.0
,27.1,392.0
,27.3,432.0
,27.2,320.0
,26.9,179.0
,26.3,127.0
,25.5,226.0
,24.9,90.0
,24.6,102.0
,24.4,23.0
,24.4,0.0
,24.5,0.0
,24.6,0.0
,24.7,0.0
,24.8,0.0
,24.7,0.0
,24.5,0.0
,24.3,0.0
,24.0,0.0
,23.7,0.0
,23.1,0.0
,23.2,22.0
,23.2,64.0
,23.3,187.0
,23.6,70.0
,24.1,85.0
,24.7,85.0
,25.2,250.0
,25.4,817.0
,25.6,620.0
,25.6,637.0
,25.4,446.0
,25.1,238.0
,24.7,52.0
,24.5,0.0
,24.5,0.0
,24.5,0.0
,24.5,0.0
,24.5,0.0
,24.5,0.0
,24.4,0.0
,24.4,0.0
,24.4,0.0
,24.4,0.0
,24.5,0.0
,25.2,112.0
,26.0,317.0
,26.7,528.0
,27.3,715.0
,27.8,860.0
,28.2,955.0
,28.4,975.0
,28.4,928.0
,28.3,403.0
,28.0,652.0
,27.6,454.0
,27.1,242.0
,26.5,39.0
,26.2,0.0
,26.1,0.0
,26.0,0.0
,25.9,0.0
,25.8,0.0
,25.6,0.0
,25.5,0.0
,25.4,0.0
,25.4,0.0
,25.3,0.0
,25.4,0.0
,26.1,102.0
,26.8,297.0
,27.4,496.0
,27.8,674.0
,28.0,703.0
,28.3,802.0
,28.4,896.0
,28.4,859.0
,28.1,778.0
,27.7,585.0
,27.3,238.0
,26.9,159.0
,26.5,8.0
,26.3,0.0
,26.2,0.0
,26.1,0.0
,26.0,0.0
,25.9,0.0
,25.7,0.0
,25.5,0.0
,25.4,0.0
,25.3,0.0
,25.2,0.0
,25.4,0.0
,26.4,86.0
,27.4,277.0
,28.0,505.0
,28.5,623.0
,28.7,697.0
,28.8,755.0
,28.8,845.0
,28.8,737.0
,28.6,661.0
,28.2,476.0
,27.8,266.0
,27.4,149.0
,27.1,37.0
,26.9,0.0
,26.9,0.0
,26.9,0.0
,26.9,0.0
,26.8,0.0
,26.8,0.0
,26.7,0.0
,26.7,0.0
,26.6,0.0
,26.5,0.0
,26.5,0.0
,27.0,57.0
,27.5,189.0
,27.9,242.0
,28.1,345.0
,28.1,620.0
,28.1,707.0
,28.1,513.0
,28.0,331.0
,27.8,91.0
,27.5,166.0
,27.4,380.0
,27.2,229.0
,27.0,49.0
,26.9,0.0
,26.9,0.0
,26.9,0.0
,27.1,0.0
,27.0,0.0
,26.7,0.0
,26.6,0.0
,26.5,0.0
,26.4,0.0
,26.3,0.0
,26.4,0.0
,27.0,28.0
,27.2,105.0
,27.3,31.0
,27.2,51.0
,27.1,99.0
,26.8,90.0
,26.3,293.0
,25.7,369.0
,25.1,156.0
,24.8,214.0
,24.6,273.0
,24.3,60.0
,24.0,11.0
,23.8,0.0
,23.6,0.0
,23.3,0.0
,23.1,0.0
,22.9,0.0
,22.7,0.0
,22.6,0.0
,22.5,0.0
,22.5,0.0
,22.5,0.0
,22.5,0.0
,22.7,52.0
,22.9,106.0
,23.1,222.0
,23.3,224.0
,23.5,232.0
,23.5,186.0
,23.5,250.0
,23.5,162.0
,23.5,300.0
,23.4,149.0
,23.3,138.0
,23.2,95.0
,23.0,19.0
,22.9,0.0
,23.0,0.0
,23.1,0.0
,23.2,0.0
,23.3,0.0
,23.4,0.0
,23.5,0.0
,23.7,0.0
,23.8,0.0
,24.0,0.0
,24.3,0.0
,25.0,60.0
,25.6,167.0
,26.1,294.0
,26.7,457.0
,27.2,736.0
,27.6,929.0
,27.9,831.0
,27.9,641.0
,27.9,156.0
,27.7,59.0
,27.4,328.0
,27.1,181.0
,26.6,60.0
,26.4,0.0
,26.4,0.0
,26.4,0.0
,26.5,0.0
,26.5,0.0
,26.4,0.0
,26.3,0.0
,26.0,0.0
,25.9,0.0
,25.8,0.0
,25.8,0.0
,26.1,106.0
,26.5,302.0
,27.1,503.0
,27.5,682.0
,27.7,825.0
,27.7,932.0
,27.6,690.0
,27.5,654.0
,27.5,283.0
,27.3,300.0
,26.9,206.0
,26.6,60.0
,26.3,21.0
,26.2,0.0
,26.1,0.0
,26.1,0.0
,26.1,0.0
,26.0,0.0
,26.0,0.0
,26.0,0.0
,26.0,0.0
,26.1,0.0
,26.2,0.0
,26.3,0.0
,26.8,53.0
,27.2,167.0
,27.5,325.0
,27.9,300.0
,28.2,362.0
,28.3,442.0
,28.3,621.0
,28.2,577.0
,28.0,422.0
,27.9,453.0
,27.7,86.0
,27.4,35.0
,27.1,5.0
,26.8,0.0
,26.6,0.0
,26.6,0.0
,26.5,0.0
,26.5,0.0
,26.5,0.0
,26.5,0.0
,26.4,0.0
,26.5,0.0
,26.5,0.0
,26.7,0.0
,27.2,9.0
,27.6,92.0
,28.2,288.0
,28.9,645.0
,29.6,719.0
,30.0,816.0
,30.2,898.0
,30.1,395.0
,29.8,199.0
,29.6,199.0
,29.3,191.0
,28.9,27.0
,28.2,33.0
,27.8,0.0
,27.6,0.0
,27.5,0.0
,27.4,0.0
,27.2,0.0
,27.1,0.0
,27.1,0.0
,26.9,0.0
,26.8,0.0
,26.7,0.0
,26.8,0.0
,27.5,121.0
,28.1,153.0
,28.9,139.0
,29.4,61.0
,29.9,501.0
,30.2,377.0
,30.3,626.0
,30.3,139.0
,30.2,413.0
,29.8,247.0
,29.3,378.0
,28.7,146.0
,28.1,17.0
,27.7,0.0
,27.4,0.0
,27.3,0.0
,27.3,0.0
,27.4,0.0
,27.5,0.0
,27.5,0.0
,27.3,0.0
,27.1,0.0
,26.9,0.0
,26.9,0.0
,27.4,89.0
,27.9,243.0
,28.5,87.0
,28.9,61.0
,29.2,138.0
,29.4,109.0
,29.5,99.0
,29.5,196.0
,29.4,665.0
,29.3,403.0
,29.1,448.0
,28.8,245.0
,28.4,61.0
,28.2,0.0
,27.8,0.0
,27.6,0.0
,27.4,0.0
,27.2,0.0
,27.0,0.0
,27.0,0.0
,27.0,0.0
,27.0,0.0
,27.0,0.0
,26.9,0.0
,27.9,116.0
,28.9,317.0
,29.6,523.0
,30.0,703.0
,30.2,838.0
,30.3,740.0
,30.4,956.0
,30.3,909.0
,30.1,203.0
,29.9,653.0
,29.7,315.0
,29.4,94.0
,29.0,68.0
,28.7,0.0
,28.6,0.0
,28.5,0.0
,28.3,0.0
,28.1,0.0
,28.0,0.0
,28.0,0.0
,28.0,0.0
,27.9,0.0
,27.8,0.0
,27.9,0.0
,28.4,119.0
,29.0,307.0
,29.6,530.0
,30.1,714.0
,30.3,854.0
,30.5,433.0
,30.5,783.0
,30.4,337.0
,30.2,711.0
,29.9,122.0
,29.6,110.0
,29.3,42.0
,28.7,6.0
,28.4,0.0
,28.3,0.0
,28.3,0.0
,28.2,0.0
,28.0,0.0
,27.9,0.0
,27.8,0.0
,27.7,0.0
,27.6,0.0
,27.6,0.0
,27.7,0.0
,28.4,125.0
,28.9,310.0
,29.7,541.0
,30.3,650.0
,30.5,780.0
,30.7,468.0
,30.8,681.0
,30.7,719.0
,30.7,448.0
,30.4,491.0
,29.9,120.0
,29.5,138.0
,28.8,17.0
,28.5,0.0
,28.3,0.0
,28.2,0.0
,28.0,0.0
,27.9,0.0
,27.8,0.0
,27.6,0.0
,27.4,0.0
,27.3,0.0
,27.2,0.0
,27.3,0.0
,27.8,37.0
,28.3,204.0
,29.4,372.0
,30.3,467.0
,30.8,558.0
,31.1,596.0
,31.2,766.0
,31.3,766.0
,31.2,645.0
,31.0,464.0
,30.5,285.0
,30.0,146.0
,29.1,65.0
,28.5,0.0
,28.3,0.0
,28.1,0.0
,27.9,0.0
,27.7,0.0
,27.5,0.0
,27.4,0.0
,27.2,0.0
,27.0,0.0
,26.9,0.0
,27.1,0.0
,27.7,95.0
,28.3,164.0
,29.0,328.0
,29.5,589.0
,30.0,481.0
,30.3,753.0
,30.3,726.0
,30.3,657.0
,30.3,453.0
,30.2,285.0
,30.1,233.0
,29.7,47.0
,29.0,24.0
,28.6,0.0
,28.4,0.0
,28.4,0.0
,28.3,0.0
,28.2,0.0
,28.1,0.0
,27.9,0.0
,27.6,0.0
,27.4,0.0
,27.4,0.0
,27.3,0.0
,27.5,34.0
,27.8,63.0
,28.4,198.0
,29.0,190.0
,29.6,319.0
,29.9,229.0
,30.1,242.0
,30.1,171.0
,30.0,309.0
,29.7,185.0
,29.3,94.0
,28.7,13.0
,28.2,6.0
,27.9,0.0
,27.8,0.0
,27.8,0.0
,27.7,0.0
,27.6,0.0
,27.4,0.0
,27.3,0.0
,27.2,0.0
,27.1,0.0
,26.9,0.0
,26.9,0.0
,27.1,7.0
,27.2,16.0
,27.4,79.0
,27.7,246.0
,27.9,264.0
,27.7,189.0
,27.4,82.0
,27.4,98.0
,27.3,223.0
,27.0,50.0
,26.7,85.0
,26.4,71.0
,26.0,6.0
,25.8,0.0
,25.7,0.0
,25.7,0.0
,25.6,0.0
,25.5,0.0
,25.5,0.0
,25.4,0.0
,25.4,0.0
,25.4,0.0
,25.5,0.0
,25.6,0.0
,26.0,97.0
,26.3,99.0
,26.6,180.0
,27.0,414.0
,27.2,440.0
,27.2,507.0
,26.8,194.0
,26.5,226.0
,26.5,427.0
,26.4,249.0
,26.1,153.0
,25.7,79.0
,25.4,6.0
,25.2,0.0
,25.1,0.0
,25.0,0.0
,24.9,0.0
,25.0,0.0
,25.1,0.0
,25.2,0.0
,25.5,0.0
,25.5,0.0
,25.4,0.0
,25.4,0.0
,25.8,20.0
,26.0,20.0
,26.2,253.0
,26.5,244.0
,26.7,201.0
,27.0,271.0
,27.2,120.0
,27.5,135.0
,27.7,140.0
,27.9,278.0
,27.8,128.0
,27.6,24.0
,27.3,7.0
,27.2,0.0
,27.2,0.0
,27.2,0.0
,27.1,0.0
,27.0,0.0
,26.8,0.0
,26.6,0.0
,26.8,0.0
,27.2,0.0
,27.4,0.0
,27.2,0.0
,26.7,83.0
,26.3,25.0
,26.0,29.0
,26.1,303.0
,26.4,273.0
,26.6,264.0
,26.7,441.0
,26.5,492.0
,26.2,183.0
,26.0,329.0
,25.7,108.0
,25.5,28.0
,25.1,5.0
,24.9,0.0
,24.7,0.0
,24.6,0.0
,24.5,0.0
,24.3,0.0
,24.2,0.0
,24.2,0.0
,24.1,0.0
,24.1,0.0
,24.1,0.0
,24.4,0.0
,25.3,112.0
,25.8,311.0
,26.2,518.0
,26.6,703.0
,26.9,848.0
,27.1,969.0
,27.1,995.0
,27.1,953.0
,26.9,682.0
,26.6,692.0
,26.3,431.0
,25.8,284.0
,25.3,86.0
,25.0,0.0
,25.0,0.0
,25.0,0.0
,25.0,0.0
,25.0,0.0
,25.0,0.0
,25.0,0.0
,25.0,0.0
,25.1,0.0
,25.1,0.0
,25.5,0.0
,26.7,115.0
,27.5,314.0
,28.3,520.0
,28.9,668.0
,29.4,800.0
,29.7,797.0
,29.9,917.0
,29.9,858.0
,29.6,822.0
,29.2,666.0
,28.7,416.0
,28.2,266.0
,27.8,60.0
,27.5,0.0
,27.5,0.0
,27.4,0.0
,27.4,0.0
,27.2,0.0
,27.0,0.0
,26.8,0.0
,26.7,0.0
,26.7,0.0
,26.7,0.0
,26.9,0.0
,27.8,103.0
,28.8,295.0
,29.2,492.0
,29.4,666.0
,29.4,802.0
,29.5,806.0
,29.6,815.0
,29.8,854.0
,29.7,667.0
,29.5,403.0
,29.1,191.0
,28.7,140.0
,28.4,76.0
,28.1,0.0
,28.1,0.0
,28.0,0.0
,27.9,0.0
,27.8,0.0
,27.7,0.0
,27.7,0.0
,27.7,0.0
,27.7,0.0
,27.7,0.0
,27.9,0.0
,28.6,106.0
,29.3,242.0
,30.0,393.0
,30.5,703.0
,30.6,716.0
,30.5,467.0
,30.3,346.0
,30.0,633.0
,29.8,378.0
,29.5,272.0
,29.2,321.0
,28.9,240.0
,28.7,61.0
,28.6,0.0
,28.5,0.0
,28.4,0.0
,28.4,0.0
,28.3,0.0
,28.1,0.0
,28.0,0.0
,27.9,0.0
,27.7,0.0
,27.6,0.0
,27.8,0.0
,28.6,121.0
,29.2,324.0
,29.9,518.0
,30.4,719.0
,30.8,790.0
,31.1,552.0
,31.2,878.0
,31.3,871.0
,31.3,763.0
,31.1,630.0
,30.6,492.0
,30.1,200.0
,29.4,68.0
,29.0,0.0
,28.7,0.0
,28.5,0.0
,28.4,0.0
,28.3,0.0
,28.1,0.0
,27.9,0.0
,27.7,0.0
,27.7,0.0
,27.7,0.0
,27.8,0.0
,28.7,97.0
,29.5,255.0
,30.0,492.0
,30.2,715.0
,30.4,857.0
,30.5,813.0
,30.6,880.0
,30.5,708.0
,30.5,641.0
,30.6,374.0
,30.6,486.0
,30.2,279.0
,29.5,86.0
,29.1,0.0
,28.9,0.0
,28.7,0.0
,28.6,0.0
,28.4,0.0
,28.2,0.0
,28.1,0.0
,28.0,0.0
,28.0,0.0
,27.9,0.0
,28.0,0.0
,28.8,109.0
,29.8,320.0
,30.5,529.0
,31.0,714.0
,31.3,812.0
,31.4,824.0
,31.5,837.0
,31.5,814.0
,31.5,717.0
,31.4,642.0
,31.1,466.0
,30.6,228.0
,29.9,52.0
,29.4,0.0
,29.1,0.0
,29.0,0.0
,28.8,0.0
,28.6,0.0
,28.4,0.0
,28.3,0.0
,28.2,0.0
,28.1,0.0
,27.9,0.0
,28.0,0.0
,28.7,23.0
,29.4,88.0
,30.0,138.0
,30.6,290.0
,31.0,294.0
,31.3,273.0
,31.4,212.0
,31.2,112.0
,30.9,83.0
,30.7,82.0
,30.5,29.0
,29.9,94.0
,29.3,39.0
,28.8,0.0
,28.6,0.0
,28.5,0.0
,28.3,0.0
,28.1,0.0
,27.9,0.0
,27.8,0.0
,27.4,0.0
,27.2,0.0
,27.2,0.0
,27.2,0.0
,27.5,6.0
,27.8,38.0
,28.2,198.0
,28.6,219.0
,29.0,243.0
,29.2,534.0
,29.3,366.0
,29.4,506.0
,29.3,233.0
,29.1,132.0
,28.8,56.0
,28.3,17.0
,27.8,29.0
,27.6,0.0
,27.5,0.0
,27.3,0.0
,27.2,0.0
,27.2,0.0
,27.0,0.0
,26.7,0.0
,26.5,0.0
,26.3,0.0
,26.2,0.0
,26.1,0.0
,26.2,40.0
,26.3,90.0
,26.4,78.0
,26.6,135.0
,26.9,259.0
,27.2,290.0
,27.2,227.0
,27.2,302.0
,27.2,251.0
,27.1,142.0
,27.0,34.0
,26.9,92.0
,26.7,6.0
,26.5,0.0
,26.5,0.0
,26.5,0.0
,26.5,0.0
,26.5,0.0
,26.5,0.0
,26.6,0.0
,26.7,0.0
,26.7,0.0
,26.7,0.0
,26.9,0.0
,27.4,90.0
,27.7,101.0
,28.2,302.0
,28.8,619.0
,29.2,783.0
,29.2,585.0
,29.1,801.0
,29.2,923.0
,29.4,775.0
,29.0,248.0
,28.6,28.0
,28.3,14.0
,27.9,14.0
,27.5,0.0
,27.4,0.0
,27.3,0.0
,27.3,0.0
,27.2,0.0
,27.2,0.0
,27.3,0.0
,27.3,0.0
,27.3,0.0
,27.3,0.0
,27.4,0.0
,28.1,112.0
,28.7,313.0
,29.3,489.0
,29.7,699.0
,29.9,521.0
,30.0,91.0
,30.0,791.0
,29.9,320.0
,29.7,407.0
,29.4,239.0
,29.0,304.0
,28.6,166.0
,28.2,42.0
,28.0,0.0
,28.0,0.0
,28.0,0.0
,27.9,0.0
,27.9,0.0
,27.8,0.0
,27.7,0.0
,27.6,0.0
,27.5,0.0
,27.4,0.0
,27.5,0.0
,28.2,104.0
,29.1,301.0
,29.8,507.0
,30.4,601.0
,30.7,832.0
,30.8,686.0
,30.9,159.0
,30.8,189.0
,30.7,503.0
,30.5,47.0
,30.3,424.0
,29.8,25.0
,29.3,74.0
,29.0,0.0
,29.0,0.0
,28.9,0.0
,28.9,0.0
,28.8,0.0
,28.7,0.0
,28.5,0.0
,28.5,0.0
,28.5,0.0
,28.5,0.0
,28.6,0.0
,29.2,103.0
,29.6,300.0
,30.1,505.0
,30.6,689.0
,30.9,831.0
,31.2,936.0
,31.2,960.0
,31.2,769.0
,31.0,510.0
,30.7,480.0
,30.3,42.0
,30.0,113.0
,29.7,88.0
,29.3,0.0
,29.2,0.0
,29.1,0.0
,29.1,0.0
,29.2,0.0
,29.0,0.0
,28.8,0.0
,28.6,0.0
,28.5,0.0
,28.5,0.0
,28.7,0.0
,29.3,107.0
,30.1,306.0
,30.8,457.0
,31.1,568.0
,31.3,693.0
,31.6,623.0
,31.9,539.0
,31.9,339.0
,31.7,453.0
,31.4,495.0
,31.1,390.0
,30.7,279.0
,30.2,88.0
,29.8,0.0
,29.7,0.0
,29.5,0.0
,29.4,0.0
,29.3,0.0
,29.1,0.0
,29.0,0.0
,28.9,0.0
,28.8,0.0
,28.8,0.0
,29.0,0.0
,29.6,37.0
,30.0,120.0
,30.3,503.0
,30.7,246.0
,31.1,519.0
,31.3,315.0
,31.3,622.0
,31.1,613.0
,30.9,494.0
,30.6,559.0
,30.4,216.0
,30.1,273.0
,29.8,84.0
,29.7,0.0
,29.6,0.0
,29.5,0.0
,29.4,0.0
,29.3,0.0
,29.2,0.0
,29.1,0.0
,29.0,0.0
,28.9,0.0
,28.9,0.0
,29.0,0.0
,29.5,105.0
,29.8,165.0
,30.2,243.0
,30.5,456.0
,30.9,492.0
,31.3,793.0
,31.5,617.0
,31.6,256.0
,31.4,242.0
,30.9,567.0
,30.5,502.0
,30.2,294.0
,29.7,97.0
,29.4,0.0
,29.4,0.0
,29.3,0.0
,29.3,0.0
,29.2,0.0
,29.1,0.0
,29.1,0.0
,29.2,0.0
,29.2,0.0
,29.3,0.0
,29.3,0.0
,29.5,105.0
,29.9,296.0
,30.5,290.0
,30.8,563.0
,30.7,470.0
,30.6,844.0
,30.6,699.0
,30.5,429.0
,30.4,280.0
,30.3,96.0
,30.0,46.0
,29.7,74.0
,29.3,8.0
,29.1,0.0
,29.0,0.0
,28.9,0.0
,28.8,0.0
,28.8,0.0
,28.7,0.0
,28.7,0.0
,28.8,0.0
,28.8,0.0
,28.7,0.0
,28.8,0.0
,29.3,60.0
,29.6,229.0
,29.9,167.0
,30.0,334.0
,30.1,604.0
,30.1,706.0
,30.2,757.0
,30.3,683.0
,30.3,626.0
,30.3,608.0
,30.2,134.0
,29.9,106.0
,29.5,53.0
,29.3,0.0
,29.2,0.0
,29.1,0.0
,28.9,0.0
,28.8,0.0
,28.7,0.0
,28.6,0.0
,28.5,0.0
,28.4,0.0
,28.4,0.0
,28.6,0.0
,29.3,80.0
,30.0,230.0
,30.4,419.0
,30.8,607.0
,30.9,671.0
,30.9,611.0
,30.7,491.0
,30.4,538.0
,30.2,341.0
,30.0,397.0
,29.8,237.0
,29.5,140.0
,29.2,38.0
,29.0,0.0
,28.9,0.0
,28.8,0.0
,28.7,0.0
,28.5,0.0
,28.4,0.0
,28.3,0.0
,28.2,0.0
,28.1,0.0
,28.1,0.0
,28.3,0.0
,28.7,93.0
,29.1,240.0
,29.7,377.0
,30.3,319.0
,30.8,570.0
,31.0,744.0
,31.0,725.0
,31.0,748.0
,31.0,695.0
,30.9,508.0
,30.9,393.0
,30.6,211.0
,29.8,60.0
,29.3,0.0
,29.1,0.0
,28.9,0.0
,28.8,0.0
,28.6,0.0
,28.6,0.0
,28.6,0.0
,28.7,0.0
,28.8,0.0
,28.7,0.0
,28.7,0.0
,29.2,75.0
,29.7,255.0
,30.1,381.0
,30.5,434.0
,30.7,418.0
,31.0,741.0
,31.2,654.0
,31.3,473.0
,31.3,487.0
,31.1,548.0
,30.8,296.0
,30.3,176.0
,29.6,54.0
,29.2,0.0
,29.0,0.0
,28.9,0.0
,28.8,0.0
,28.8,0.0
,28.6,0.0
,28.5,0.0
,28.4,0.0
,28.4,0.0
,28.4,0.0
,28.5,0.0
,29.0,99.0
,29.4,296.0
,29.8,503.0
,30.3,601.0
,30.6,786.0
,30.9,927.0
,31.0,881.0
,31.1,577.0
,31.1,625.0
,30.9,463.0
,30.6,339.0
,30.1,246.0
,29.7,95.0
,29.3,0.0
,29.1,0.0
,28.9,0.0
,28.8,0.0
,28.6,0.0
,28.5,0.0
,28.4,0.0
,28.3,0.0
,28.2,0.0
,28.1,0.0
,28.2,0.0
,28.8,100.0
,29.5,261.0
,30.0,489.0
,30.4,637.0
,30.6,736.0
,30.7,659.0
,30.8,360.0
,30.8,678.0
,30.7,581.0
,30.8,416.0
,30.8,404.0
,30.4,146.0
,29.7,46.0
,29.3,0.0
,28.9,0.0
,28.6,0.0
,28.4,0.0
,28.2,0.0
,28.1,0.0
,27.9,0.0
,27.8,0.0
,27.8,0.0
,27.7,0.0
,27.9,0.0
,28.9,31.0
,29.9,53.0
,30.5,284.0
,31.1,528.0
,31.5,555.0
,31.8,756.0
,31.9,766.0
,32.0,734.0
,31.9,689.0
,31.6,604.0
,31.1,411.0
,30.5,181.0
,29.8,8.0
,29.4,0.0
,29.2,0.0
,29.1,0.0
,28.9,0.0
,28.8,0.0
,28.6,0.0
,28.5,0.0
,28.4,0.0
,28.3,0.0
,28.3,0.0
,28.5,0.0
,29.3,90.0
,29.8,281.0
,30.5,507.0
,31.0,640.0
,31.5,726.0
,31.8,779.0
,31.9,818.0
,31.8,714.0
,31.5,540.0
,31.2,443.0
,30.7,296.0
,30.3,219.0
,29.8,44.0
,29.5,0.0
,29.3,0.0
,29.1,0.0
,29.0,0.0
,28.8,0.0
,28.7,0.0
,28.6,0.0
,28.4,0.0
,28.3,0.0
,28.2,0.0
,28.3,0.0
,28.9,69.0
,29.5,166.0
,30.3,497.0
,30.8,639.0
,30.9,147.0
,31.1,368.0
,31.0,361.0
,30.9,316.0
,30.7,406.0
,30.5,120.0
,30.1,188.0
,29.8,60.0
,29.4,28.0
,29.3,0.0
,29.2,0.0
,29.0,0.0
,28.8,0.0
,28.7,0.0
,28.6,0.0
,28.5,0.0
,28.3,0.0
,28.2,0.0
,28.1,0.0
,28.2,0.0
,28.9,97.0
,29.6,296.0
,30.2,499.0
,30.6,694.0
,31.0,840.0
,31.2,567.0
,31.3,404.0
,31.3,601.0
,31.1,94.0
,30.8,108.0
,30.4,29.0
,30.1,26.0
,29.6,12.0
,29.3,0.0
,29.2,0.0
,29.0,0.0
,28.9,0.0
,28.7,0.0
,28.6,0.0
,28.4,0.0
,28.2,0.0
,28.0,0.0
,27.9,0.0
,28.0,0.0
,28.8,103.0
,29.4,309.0
,30.3,492.0
,31.0,712.0
,31.5,804.0
,31.8,952.0
,32.1,894.0
,32.2,804.0
,32.1,692.0
,31.9,638.0
,31.5,470.0
,31.0,256.0
,30.1,93.0
,29.7,0.0
,29.5,0.0
,29.3,0.0
,29.1,0.0
,28.9,0.0
,28.6,0.0
,28.4,0.0
,28.1,0.0
,28.0,0.0
,27.8,0.0
,28.0,0.0
,28.7,93.0
,29.4,227.0
,30.3,514.0
,31.1,703.0
,31.6,850.0
,31.9,945.0
,31.9,974.0
,31.9,939.0
,31.8,849.0
,31.4,472.0
,31.1,309.0
,30.7,36.0
,29.9,5.0
,29.3,0.0
,29.0,0.0
,28.8,0.0
,28.7,0.0
,28.6,0.0
,28.6,0.0
,28.6,0.0
,28.5,0.0
,28.4,0.0
,28.3,0.0
,28.4,0.0
,28.9,94.0
,29.6,268.0
,30.2,390.0
,30.8,583.0
,31.3,840.0
,31.5,862.0
,31.5,963.0
,31.4,924.0
,31.2,814.0
,30.9,226.0
,30.5,276.0
,30.1,118.0
,29.6,85.0
,29.3,0.0
,29.2,0.0
,29.1,0.0
,29.0,0.0
,28.9,0.0
,28.6,0.0
,28.5,0.0
,28.5,0.0
,28.6,0.0
,28.6,0.0
,28.6,0.0
,29.1,91.0
,29.6,291.0
,30.2,505.0
,30.6,699.0
,31.0,854.0
,31.2,958.0
,31.3,996.0
,31.2,967.0
,30.9,872.0
,30.5,719.0
,30.0,473.0
,29.6,302.0
,29.1,96.0
,28.9,0.0
,28.7,0.0
,28.7,0.0
,28.6,0.0
,28.6,0.0
,28.6,0.0
,28.6,0.0
,28.6,0.0
,28.6,0.0
,28.7,0.0
,28.8,0.0
,29.3,91.0
,29.7,291.0
,30.1,503.0
,30.5,563.0
,30.7,688.0
,30.8,940.0
,30.8,971.0
,30.8,694.0
,30.7,690.0
,30.6,260.0
,30.4,204.0
,30.0,289.0
,29.6,90.0
,29.3,0.0
,29.2,0.0
,29.1,0.0
,29.1,0.0
,29.0,0.0
,29.0,0.0
,29.2,0.0
,29.3,0.0
,29.2,0.0
,29.1,0.0
,29.0,0.0
,29.2,82.0
,29.5,275.0
,29.9,483.0
,30.2,673.0
,30.4,823.0
,30.4,358.0
,30.4,515.0
,30.2,614.0
,30.0,392.0
,29.8,442.0
,29.4,291.0
,29.0,141.0
,28.7,45.0
,28.6,0.0
,28.6,0.0
,28.6,0.0
,28.6,0.0
,28.4,0.0
,28.3,0.0
,28.2,0.0
,28.1,0.0
,28.1,0.0
,28.1,0.0
,28.3,0.0
,28.9,92.0
,29.6,294.0
,30.3,304.0
,30.9,698.0
,31.2,640.0
,31.4,697.0
,31.4,293.0
,31.3,580.0
,31.2,386.0
,31.0,286.0
,30.7,260.0
,30.3,133.0
,29.8,41.0
,29.5,0.0
,29.4,0.0
,29.3,0.0
,29.2,0.0
,29.1,0.0
,29.0,0.0
,29.0,0.0
,29.0,0.0
,29.0,0.0
,28.9,0.0
,29.0,0.0
,29.6,28.0
,30.3,190.0
,30.9,406.0
,31.2,591.0
,31.2,833.0
,31.3,938.0
,31.4,887.0
,31.6,258.0
,31.6,101.0
,31.3,226.0
,31.1,150.0
,30.7,18.0
,30.1,6.0
,29.8,0.0
,29.6,0.0
,29.4,0.0
,29.1,0.0
,29.0,0.0
,29.1,0.0
,28.9,0.0
,28.9,0.0
,28.7,0.0
,28.7,0.0
,28.9,0.0
,29.3,55.0
,29.6,68.0
,30.1,351.0
,30.4,321.0
,30.7,818.0
,30.9,912.0
,31.0,665.0
,31.1,711.0
,31.0,548.0
,31.0,362.0
,30.9,257.0
,30.4,205.0
,29.8,56.0
,29.4,0.0
,29.3,0.0
,29.1,0.0
,28.9,0.0
,28.7,0.0
,28.6,0.0
,28.6,0.0
,28.5,0.0
,28.4,0.0
,28.4,0.0
,28.5,0.0
,29.2,50.0
,29.7,14.0
,30.0,106.0
,30.3,421.0
,30.6,781.0
,30.8,814.0
,31.0,958.0
,31.0,277.0
,30.8,817.0
,30.6,663.0
,30.3,236.0
,29.9,220.0
,29.4,57.0
,29.0,0.0
,28.8,0.0
,28.7,0.0
,28.6,0.0
,28.5,0.0
,28.4,0.0
,28.3,0.0
,28.2,0.0
,28.1,0.0
,28.1,0.0
,28.2,0.0
,28.9,88.0
,29.5,288.0
,29.9,499.0
,30.2,628.0
,30.6,756.0
,30.8,727.0
,31.0,342.0
,31.1,503.0
,30.8,349.0
,30.4,257.0
,30.0,185.0
,29.6,141.0
,29.2,10.0
,29.0,0.0
,28.9,0.0
,28.9,0.0
,28.9,0.0
,28.8,0.0
,28.7,0.0
,28.6,0.0
,28.5,0.0
,28.4,0.0
,28.4,0.0
,28.4,0.0
,29.1,83.0
,29.6,262.0
,30.1,485.0
,30.6,608.0
,31.1,737.0
,31.3,936.0
,31.5,964.0
,31.5,640.0
,31.4,452.0
,31.0,302.0
,30.5,135.0
,30.1,12.0
,29.7,79.0
,29.6,0.0
,29.6,0.0
,29.5,0.0
,29.4,0.0
,29.2,0.0
,29.0,0.0
,28.8,0.0
,28.5,0.0
,28.3,0.0
,28.3,0.0
,28.4,0.0
,29.0,81.0
,29.7,261.0
,30.5,412.0
,31.2,638.0
,31.6,777.0
,31.6,843.0
,31.6,799.0
,31.6,773.0
,31.5,629.0
,31.2,444.0
,30.9,313.0
,30.5,244.0
,29.9,61.0
,29.7,0.0
,29.6,0.0
,29.4,0.0
,29.3,0.0
,29.1,0.0
,29.1,0.0
,29.0,0.0
,28.9,0.0
,28.9,0.0
,28.8,0.0
,28.8,0.0
,29.1,76.0
,29.6,270.0
,30.3,480.0
,31.0,669.0
,31.3,817.0
,31.5,927.0
,31.5,956.0
,31.5,709.0
,31.4,513.0
,31.2,453.0
,31.0,92.0
,30.7,272.0
,30.0,68.0
,29.7,0.0
,29.5,0.0
,29.4,0.0
,29.3,0.0
,29.3,0.0
,29.2,0.0
,29.1,0.0
,29.1,0.0
,29.1,0.0
,29.1,0.0
,29.1,0.0
,29.5,72.0
,29.9,263.0
,30.4,469.0
,31.0,660.0
,31.3,813.0
,31.4,935.0
,31.5,550.0
,31.3,724.0
,31.1,742.0
,30.8,672.0
,30.5,482.0
,30.1,270.0
,29.6,75.0
,29.3,0.0
,29.2,0.0
,29.0,0.0
,28.8,0.0
,28.7,0.0
,28.6,0.0
,28.5,0.0
,28.4,0.0
,28.4,0.0
,28.3,0.0
,28.5,0.0
,29.1,78.0
,29.6,186.0
,30.0,358.0
,30.3,494.0
,30.6,543.0
,30.7,312.0
,30.7,543.0
,30.6,417.0
,30.6,374.0
,30.6,676.0
,30.6,485.0
,30.3,273.0
,29.7,72.0
,29.4,0.0
,29.2,0.0
,29.1,0.0
,29.0,0.0
,28.8,0.0
,28.7,0.0
,28.6,0.0
,28.4,0.0
,28.3,0.0
,28.3,0.0
,28.4,0.0
,29.3,81.0
,30.0,283.0
,30.5,499.0
,30.9,693.0
,31.3,847.0
,31.5,955.0
,31.5,626.0
,31.5,295.0
,31.2,855.0
,30.7,368.0
,30.2,503.0
,29.8,286.0
,29.5,83.0
,29.3,0.0
,29.3,0.0
,29.2,0.0
,29.1,0.0
,29.0,0.0
,28.9,0.0
,28.8,0.0
,28.7,0.0
,28.7,0.0
,28.6,0.0
,28.7,0.0
,29.6,81.0
,30.5,284.0
,30.9,500.0
,31.2,694.0
,31.4,847.0
,31.6,952.0
,31.6,982.0
,31.5,948.0
,31.2,853.0
,30.8,698.0
,30.4,504.0
,29.9,288.0
,29.3,84.0
,29.1,0.0
,29.0,0.0
,28.9,0.0
,28.9,0.0
,28.8,0.0
,28.6,0.0
,28.5,0.0
,28.4,0.0
,28.4,0.0
,28.4,0.0
,28.4,0.0
,29.1,79.0
,29.7,282.0
,30.3,499.0
,30.8,695.0
,31.2,849.0
,31.4,954.0
,31.4,986.0
,31.3,951.0
,31.2,853.0
,31.0,698.0
,30.7,501.0
,30.3,283.0
,29.7,79.0
,29.5,0.0
,29.5,0.0
,29.4,0.0
,29.3,0.0
,29.2,0.0
,29.0,0.0
,28.9,0.0
,28.8,0.0
,28.7,0.0
,28.7,0.0
,28.7,0.0
,29.2,74.0
,29.8,273.0
,30.6,487.0
,30.9,680.0
,30.9,832.0
,31.0,940.0
,31.1,970.0
,31.1,935.0
,31.0,838.0
,30.8,681.0
,30.6,484.0
,30.2,268.0
,29.8,71.0
,29.6,0.0
,29.5,0.0
,29.5,0.0
,29.3,0.0
,29.2,0.0
,29.0,0.0
,28.8,0.0
,28.7,0.0
,28.7,0.0
,28.6,0.0
,28.6,0.0
,29.1,72.0
,29.5,269.0
,29.8,484.0
,29.9,680.0
,30.0,623.0
,30.2,943.0
,30.4,780.0
,30.5,939.0
,30.6,854.0
,30.5,696.0
,30.3,496.0
,29.8,276.0
,29.1,74.0
,28.9,0.0
,28.7,0.0
,28.6,0.0
,28.6,0.0
,28.5,0.0
,28.4,0.0
,28.3,0.0
,28.2,0.0
,28.1,0.0
,28.1,0.0
,28.2,0.0
,28.8,68.0
,29.2,263.0
,29.6,476.0
,30.0,670.0
,30.3,823.0
,30.5,941.0
,30.5,971.0
,30.6,935.0
,30.6,840.0
,30.4,685.0
,30.2,490.0
,29.8,271.0
,29.4,71.0
,29.3,0.0
,29.2,0.0
,29.1,0.0
,29.1,0.0
,29.1,0.0
,29.1,0.0
,29.1,0.0
,29.1,0.0
,29.1,0.0
,29.1,0.0
,29.1,0.0
,29.5,72.0
,29.9,272.0
,30.5,487.0
,30.9,681.0
,31.2,627.0
,31.5,944.0
,31.6,759.0
,31.6,661.0
,31.4,837.0
,31.3,683.0
,31.0,375.0
,30.5,242.0
,29.9,71.0
,29.7,0.0
,29.6,0.0
,29.5,0.0
,29.5,0.0
,29.4,0.0
,29.2,0.0
,29.1,0.0
,29.0,0.0
,29.0,0.0
,28.9,0.0
,29.0,0.0
,29.5,72.0
,29.8,275.0
,30.2,493.0
,30.7,689.0
,31.0,641.0
,31.1,753.0
,31.2,831.0
,31.2,942.0
,31.2,840.0
,30.9,415.0
,30.5,492.0
,30.1,275.0
,29.7,62.0
,29.6,0.0
,29.5,0.0
,29.5,0.0
,29.5,0.0
,29.4,0.0
,29.2,0.0
,29.1,0.0
,29.0,0.0
,28.9,0.0
,28.9,0.0
,28.9,0.0
,29.3,74.0
,29.6,280.0
,30.0,503.0
,30.3,703.0
,30.6,860.0
,30.8,960.0
,31.0,992.0
,31.0,956.0
,30.9,855.0
,30.8,696.0
,30.4,494.0
,29.9,272.0
,29.3,70.0
,29.0,0.0
,28.9,0.0
,28.8,0.0
,28.7,0.0
,28.6,0.0
,28.6,0.0
,28.5,0.0
,28.5,0.0
,28.5,0.0
,28.5,0.0
,28.6,0.0
,29.2,68.0
,29.7,269.0
,30.2,486.0
,30.6,296.0
,30.8,315.0
,30.9,438.0
,30.9,177.0
,30.8,553.0
,30.7,417.0
,30.4,609.0
,30.1,470.0
,29.7,254.0
,29.3,61.0
,29.2,0.0
,29.2,0.0
,29.2,0.0
,29.3,0.0
,29.3,0.0
,29.3,0.0
,29.3,0.0
,29.3,0.0
,29.2,0.0
,29.2,0.0
,29.2,0.0
,29.5,12.0
,29.8,73.0
,30.0,145.0
,30.3,415.0
,30.4,491.0
,30.4,569.0
,30.3,803.0
,30.2,170.0
,30.0,65.0
,29.9,45.0
,29.8,254.0
,29.6,215.0
,29.4,54.0
,29.3,0.0
,29.2,0.0
,29.2,0.0
,29.2,0.0
,29.2,0.0
,29.1,0.0
,29.0,0.0
,29.0,0.0
,28.9,0.0
,28.9,0.0
,28.9,0.0
,29.0,11.0
,29.1,58.0
,29.3,29.0
,29.5,232.0
,29.8,256.0
,30.2,151.0
,30.4,292.0
,30.7,337.0
,31.0,260.0
,31.1,394.0
,30.9,302.0
,30.6,136.0
,30.3,34.0
,30.3,0.0
,30.2,0.0
,30.2,0.0
,30.2,0.0
,30.4,0.0
,30.6,0.0
,30.7,0.0
,30.7,0.0
,30.6,0.0
,30.5,0.0
,30.6,0.0
,30.9,14.0
,31.3,45.0
,31.7,138.0
,32.1,404.0
,32.4,725.0
,32.6,695.0
,32.7,853.0
,32.7,791.0
,32.5,772.0
,32.2,670.0
,31.9,472.0
,31.3,254.0
,30.8,59.0
,30.7,0.0
,30.6,0.0
,30.7,0.0
,30.6,0.0
,30.5,0.0
,30.4,0.0
,30.4,0.0
,30.2,0.0
,30.0,0.0
,29.9,0.0
,29.9,0.0
,30.2,52.0
,30.6,195.0
,31.0,406.0
,31.4,588.0
,31.6,732.0
,31.7,810.0
,31.8,817.0
,31.9,897.0
,31.9,740.0
,31.7,588.0
,31.2,399.0
,30.7,201.0
,30.2,48.0
,29.9,0.0
,29.7,0.0
,29.6,0.0
,29.4,0.0
,29.3,0.0
,29.1,0.0
,29.0,0.0
,28.9,0.0
,28.8,0.0
,28.8,0.0
,28.8,0.0
,29.3,5.0
,30.0,117.0
,30.8,162.0
,31.1,322.0
,31.0,431.0
,30.9,211.0
,30.9,418.0
,30.8,743.0
,30.6,317.0
,30.4,357.0
,30.2,369.0
,30.0,157.0
,29.7,39.0
,29.5,0.0
,29.3,0.0
,29.2,0.0
,29.1,0.0
,29.0,0.0
,29.0,0.0
,28.9,0.0
,28.8,0.0
,28.6,0.0
,28.5,0.0
,28.4,0.0
,29.1,53.0
,30.0,244.0
,31.0,456.0
,31.5,629.0
,31.8,803.0
,32.0,905.0
,32.1,936.0
,32.0,897.0
,31.8,806.0
,31.5,621.0
,31.1,451.0
,30.7,237.0
,29.9,47.0
,29.5,0.0
,29.2,0.0
,29.0,0.0
,28.8,0.0
,28.8,0.0
,28.7,0.0
,28.6,0.0
,28.4,0.0
,28.3,0.0
,28.2,0.0
,28.2,0.0
,29.0,57.0
,29.8,251.0
,30.7,466.0
,31.3,661.0
,31.7,815.0
,32.0,920.0
,32.3,952.0
,32.3,916.0
,32.2,576.0
,31.9,657.0
,31.4,457.0
,30.9,240.0
,30.1,48.0
,29.8,0.0
,29.6,0.0
,29.4,0.0
,29.4,0.0
,29.2,0.0
,29.0,0.0
,28.8,0.0
,28.7,0.0
,28.6,0.0
,28.4,0.0
,28.3,0.0
,29.1,54.0
,30.0,192.0
,30.9,431.0
,31.5,305.0
,31.9,560.0
,32.1,456.0
,32.2,123.0
,32.1,454.0
,31.8,689.0
,31.5,522.0
,31.1,236.0
,30.6,62.0
,30.1,11.0
,29.9,0.0
,29.7,0.0
,29.5,0.0
,29.3,0.0
,29.1,0.0
,29.0,0.0
,28.8,0.0
,28.7,0.0
,28.6,0.0
,28.5,0.0
,28.5,0.0
,28.9,21.0
,29.3,199.0
,30.0,400.0
,30.7,349.0
,31.1,645.0
,31.3,540.0
,31.4,640.0
,31.4,759.0
,31.2,691.0
,30.9,398.0
,30.7,296.0
,30.3,224.0
,29.8,39.0
,29.6,0.0
,29.4,0.0
,29.2,0.0
,29.0,0.0
,28.8,0.0
,28.7,0.0
,28.6,0.0
,28.5,0.0
,28.5,0.0
,28.5,0.0
,28.6,0.0
,29.2,33.0
,29.7,234.0
,30.4,407.0
,31.0,484.0
,31.4,784.0
,31.6,888.0
,31.7,914.0
,31.7,872.0
,31.5,782.0
,31.2,448.0
,30.8,370.0
,30.2,126.0
,29.6,31.0
,29.3,0.0
,29.1,0.0
,29.0,0.0
,28.8,0.0
,28.5,0.0
,28.3,0.0
,28.1,0.0
,27.9,0.0
,27.8,0.0
,27.7,0.0
,27.8,0.0
,28.5,49.0
,29.2,237.0
,30.2,445.0
,30.7,632.0
,30.7,427.0
,30.6,547.0
,30.3,74.0
,30.1,360.0
,29.9,225.0
,29.6,222.0
,29.2,185.0
,28.9,55.0
,28.5,16.0
,28.3,0.0
,28.1,0.0
,28.0,0.0
,27.9,0.0
,27.8,0.0
,27.7,0.0
,27.6,0.0
,27.6,0.0
,27.6,0.0
,27.6,0.0
,27.6,0.0
,27.9,31.0
,28.2,148.0
,28.6,118.0
,28.9,390.0
,29.0,564.0
,29.0,622.0
,28.9,627.0
,28.8,687.0
,28.6,384.0
,28.5,229.0
,28.3,24.0
,28.1,59.0
,27.9,19.0
,27.9,0.0
,27.9,0.0
,27.9,0.0
,27.8,0.0
,27.7,0.0
,27.6,0.0
,27.4,0.0
,27.3,0.0
,27.2,0.0
,27.2,0.0
,27.2,0.0
,27.8,36.0
,28.3,158.0
,28.8,412.0
,29.2,651.0
,29.4,136.0
,29.6,368.0
,29.5,761.0
,29.3,421.0
,29.2,230.0
,29.0,515.0
,28.7,318.0
,28.5,94.0
,28.2,23.0
,28.0,0.0
,28.0,0.0
,27.9,0.0
,27.9,0.0
,27.7,0.0
,27.6,0.0
,27.5,0.0
,27.3,0.0
,27.3,0.0
,27.2,0.0
,27.3,0.0
,27.9,19.0
,28.3,236.0
,28.4,381.0
,28.6,595.0
,28.7,689.0
,28.8,791.0
,28.8,338.0
,28.9,704.0
,28.8,223.0
,28.8,482.0
,28.7,400.0
,28.5,195.0
,28.2,22.0
,28.3,0.0
,28.3,0.0
,28.3,0.0
,28.2,0.0
,28.2,0.0
,28.2,0.0
,28.2,0.0
,28.1,0.0
,28.1,0.0
,28.1,0.0
,28.1,0.0
,28.7,48.0
,29.6,242.0
,30.1,459.0
,30.5,659.0
,30.9,816.0
,31.0,935.0
,31.1,963.0
,31.0,922.0
,30.7,818.0
,30.3,305.0
,29.8,449.0
,29.4,228.0
,28.9,37.0
,28.8,0.0
,28.8,0.0
,28.7,0.0
,28.7,0.0
,28.6,0.0
,28.4,0.0
,28.1,0.0
,28.0,0.0
,28.0,0.0
,28.0,0.0
,28.0,0.0
,28.9,54.0
,29.5,252.0
,30.0,471.0
,30.5,670.0
,30.8,826.0
,30.9,931.0
,31.0,960.0
,30.9,918.0
,30.7,195.0
,30.4,648.0
,30.0,200.0
,29.6,222.0
,29.2,34.0
,29.0,0.0
,29.0,0.0
,29.0,0.0
,28.9,0.0
,28.8,0.0
,28.7,0.0
,28.6,0.0
,28.5,0.0
,28.6,0.0
,28.6,0.0
,28.7,0.0
,28.9,45.0
,29.1,228.0
,29.4,381.0
,29.8,599.0
,30.0,381.0
,30.1,580.0
,30.2,795.0
,30.1,578.0
,30.0,536.0
,29.8,330.0
,29.6,213.0
,29.4,80.0
,29.2,15.0
,29.1,0.0
,29.1,0.0
,29.0,0.0
,29.0,0.0
,29.0,0.0
,29.0,0.0
,28.9,0.0
,28.9,0.0
,28.9,0.0
,28.7,0.0
,28.5,0.0
,28.9,49.0
,29.4,143.0
,30.1,266.0
,30.7,483.0
,31.0,455.0
,31.0,494.0
,30.8,741.0
,30.8,606.0
,30.7,706.0
,30.5,505.0
,30.1,392.0
,29.7,204.0
,29.3,23.0
,29.1,0.0
,29.0,0.0
,28.9,0.0
,28.9,0.0
,28.8,0.0
,28.7,0.0
,28.6,0.0
,28.5,0.0
,28.4,0.0
,28.3,0.0
,28.2,0.0
,28.7,48.0
,29.3,226.0
,29.9,413.0
,30.2,632.0
,30.3,736.0
,30.4,846.0
,30.6,571.0
,30.8,398.0
,30.7,796.0
,30.5,631.0
,30.1,428.0
,29.7,207.0
,29.3,25.0
,29.1,0.0
,29.0,0.0
,28.9,0.0
,28.8,0.0
,28.6,0.0
,28.4,0.0
,28.3,0.0
,28.1,0.0
,28.0,0.0
,27.9,0.0
,27.7,0.0
,28.4,54.0
,29.0,262.0
,29.8,490.0
,30.4,692.0
,30.8,847.0
,31.0,947.0
,31.1,973.0
,30.9,929.0
,30.6,822.0
,30.2,655.0
,29.8,447.0
,29.2,223.0
,28.6,30.0
,28.4,0.0
,28.3,0.0
,28.2,0.0
,28.1,0.0
,28.1,0.0
,28.0,0.0
,28.0,0.0
,27.9,0.0
,27.8,0.0
,27.8,0.0
,27.8,0.0
,28.5,51.0
,29.2,254.0
,29.9,477.0
,30.5,677.0
,30.9,832.0
,31.2,933.0
,31.3,963.0
,31.3,922.0
,31.2,813.0
,31.0,647.0
,30.6,440.0
,29.9,215.0
,29.3,27.0
,29.0,0.0
,28.9,0.0
,28.8,0.0
,28.7,0.0
,28.6,0.0
,28.5,0.0
,28.4,0.0
,28.3,0.0
,28.3,0.0
,28.2,0.0
,28.3,0.0
,29.0,47.0
,29.9,242.0
,30.5,458.0
,30.8,653.0
,31.2,504.0
,31.4,897.0
,31.6,782.0
,31.6,610.0
,31.3,400.0
,30.9,90.0
,30.5,53.0
,30.0,195.0
,29.5,19.0
,29.4,0.0
,29.3,0.0
,29.2,0.0
,29.1,0.0
,29.0,0.0
,28.8,0.0
,28.6,0.0
,28.5,0.0
,28.6,0.0
,28.5,0.0
,28.5,0.0
,28.8,42.0
,29.2,10.0
,29.5,118.0
,29.6,59.0
,29.5,94.0
,29.5,879.0
,29.4,730.0
,29.3,80.0
,29.3,61.0
,29.2,49.0
,29.1,74.0
,28.9,14.0
,28.7,4.0
,28.5,0.0
,28.4,0.0
,28.3,0.0
,28.1,0.0
,28.0,0.0
,27.9,0.0
,27.9,0.0
,27.8,0.0
,27.7,0.0
,27.7,0.0
,27.8,0.0
,28.3,44.0
,28.7,242.0
,29.0,464.0
,29.3,666.0
,29.7,824.0
,29.9,926.0
,30.0,955.0
,30.0,913.0
,30.0,804.0
,29.8,637.0
,29.6,430.0
,29.2,206.0
,28.8,21.0
,28.6,0.0
,28.5,0.0
,28.4,0.0
,28.3,0.0
,28.3,0.0
,28.2,0.0
,28.1,0.0
,28.0,0.0
,27.9,0.0
,27.9,0.0
,27.8,0.0
,28.4,44.0
,29.0,242.0
,29.8,464.0
,30.2,663.0
,30.5,817.0
,30.7,917.0
,30.9,590.0
,30.8,575.0
,30.5,791.0
,30.1,624.0
,29.7,417.0
,29.2,174.0
,28.8,17.0
,28.6,0.0
,28.5,0.0
,28.3,0.0
,28.2,0.0
,28.1,0.0
,28.0,0.0
,27.9,0.0
,27.8,0.0
,27.7,0.0
,27.7,0.0
,27.6,0.0
,28.0,46.0
,28.6,248.0
,29.2,471.0
,29.7,672.0
,30.0,827.0
,30.2,925.0
,30.3,953.0
,30.4,910.0
,30.2,801.0
,29.9,633.0
,29.5,424.0
,29.0,199.0
,28.7,18.0
,28.6,0.0
,28.5,0.0
,28.4,0.0
,28.4,0.0
,28.3,0.0
,28.2,0.0
,28.1,0.0
,28.1,0.0
,28.0,0.0
,28.0,0.0
,28.0,0.0
,28.4,45.0
,28.9,245.0
,29.4,400.0
,29.8,553.0
,30.1,824.0
,30.3,919.0
,30.5,848.0
,30.5,900.0
,30.3,784.0
,30.1,595.0
,29.7,408.0
,29.2,161.0
,28.8,13.0
,28.7,0.0
,28.6,0.0
,28.5,0.0
,28.4,0.0
,28.3,0.0
,28.1,0.0
,28.0,0.0
,27.9,0.0
,27.8,0.0
,27.8,0.0
,27.7,0.0
,28.2,18.0
,28.7,112.0
,29.1,441.0
,29.4,219.0
,29.6,166.0
,29.7,227.0
,29.7,585.0
,29.6,473.0
,29.4,427.0
,29.1,89.0
,28.7,31.0
,28.3,66.0
,28.1,4.0
,28.1,0.0
,28.0,0.0
,28.0,0.0
,27.9,0.0
,27.8,0.0
,27.8,0.0
,27.7,0.0
,27.7,0.0
,27.6,0.0
,27.6,0.0
,27.5,0.0
,27.8,31.0
,28.1,189.0
,28.5,76.0
,29.0,107.0
,29.2,246.0
,29.4,284.0
,29.4,220.0
,29.3,78.0
,29.1,179.0
,28.9,208.0
,28.6,239.0
,28.3,153.0
,28.0,10.0
,27.9,0.0
,27.8,0.0
,27.8,0.0
,27.7,0.0
,27.7,0.0
,27.7,0.0
,27.7,0.0
,27.6,0.0
,27.6,0.0
,27.6,0.0
,27.6,0.0
,28.0,37.0
,28.5,231.0
,28.9,173.0
,29.3,442.0
,29.7,642.0
,30.0,782.0
,30.3,844.0
,30.5,739.0
,30.5,791.0
,30.5,622.0
,30.5,379.0
,30.3,186.0
,29.6,11.0
,29.3,0.0
,29.0,0.0
,28.8,0.0
,28.5,0.0
,28.4,0.0
,28.3,0.0
,28.2,0.0
,28.1,0.0
,27.9,0.0
,27.8,0.0
,27.7,0.0
,28.2,37.0
,28.9,229.0
,29.4,448.0
,29.9,645.0
,30.2,742.0
,30.4,794.0
,30.5,816.0
,30.4,667.0
,30.2,278.0
,29.9,113.0
,29.6,314.0
,29.2,76.0
,28.6,7.0
,28.5,0.0
,28.3,0.0
,28.2,0.0
,28.1,0.0
,28.0,0.0
,28.1,0.0
,28.2,0.0
,28.0,0.0
,27.7,0.0
,27.5,0.0
,27.4,0.0
,27.9,34.0
,28.9,17.0
,29.4,441.0
,29.9,637.0
,30.2,592.0
,30.5,360.0
,30.5,710.0
,30.3,648.0
,30.0,296.0
,29.7,415.0
,29.3,67.0
,28.8,22.0
,28.3,0.0
,28.0,0.0
,27.8,0.0
,27.6,0.0
,27.5,0.0
,27.4,0.0
,27.3,0.0
,27.2,0.0
,27.2,0.0
,27.1,0.0
,27.1,0.0
,27.1,0.0
,27.8,37.0
,29.0,233.0
,29.8,455.0
,30.1,655.0
,30.4,808.0
,30.6,910.0
,30.7,829.0
,30.6,173.0
,30.5,768.0
,30.2,328.0
,29.8,313.0
,29.3,136.0
,28.7,0.0
,28.5,0.0
,28.4,0.0
,28.3,0.0
,28.3,0.0
,28.2,0.0
,28.0,0.0
,27.8,0.0
,27.7,0.0
,27.6,0.0
,27.5,0.0
,27.5,0.0
,28.0,37.0
,29.0,232.0
,30.0,453.0
,30.3,652.0
,30.6,805.0
,30.9,905.0
,31.0,929.0
,31.0,704.0
,30.9,768.0
,30.6,597.0
,30.2,389.0
,29.6,168.0
,29.0,0.0
,28.9,0.0
,28.8,0.0
,28.8,0.0
,28.8,0.0
,28.7,0.0
,28.6,0.0
,28.5,0.0
,28.5,0.0
,28.4,0.0
,28.3,0.0
,28.2,0.0
,28.7,39.0
,29.4,241.0
,30.1,468.0
,30.6,671.0
,30.9,828.0
,31.0,925.0
,31.0,949.0
,30.9,903.0
,30.6,787.0
,30.2,615.0
,29.6,402.0
,29.1,174.0
,28.7,0.0
,28.7,0.0
,28.7,0.0
,28.6,0.0
,28.6,0.0
,28.4,0.0
,28.3,0.0
,28.1,0.0
,28.0,0.0
,27.9,0.0
,27.8,0.0
,27.7,0.0
,28.3,41.0
,28.9,248.0
,29.4,478.0
,30.0,680.0
,30.4,837.0
,30.6,679.0
,30.7,958.0
,30.6,910.0
,30.4,788.0
,30.1,611.0
,29.7,395.0
,29.1,167.0
,28.6,0.0
,28.5,0.0
,28.4,0.0
,28.4,0.0
,28.3,0.0
,28.2,0.0
,28.1,0.0
,28.0,0.0
,27.9,0.0
,27.8,0.0
,27.7,0.0
,27.7,0.0
,28.3,38.0
,29.0,240.0
,29.5,465.0
,30.0,666.0
,30.3,821.0
,30.5,917.0
,30.6,937.0
,30.5,886.0
,30.3,767.0
,30.0,591.0
,29.5,376.0
,28.9,153.0
,28.5,0.0
,28.3,0.0
,28.2,0.0
,28.0,0.0
,27.8,0.0
,27.6,0.0
,27.5,0.0
,27.4,0.0
,27.3,0.0
,27.1,0.0
,27.0,0.0
,26.8,0.0
,27.5,30.0
,28.1,221.0
,28.6,441.0
,29.1,86.0
,29.4,522.0
,29.6,905.0
,29.8,929.0
,29.8,879.0
,29.8,757.0
,29.6,515.0
,29.3,368.0
,28.8,146.0
,28.4,0.0
,28.3,0.0
,28.3,0.0
,28.2,0.0
,28.1,0.0
,27.9,0.0
,27.7,0.0
,27.5,0.0
,27.3,0.0
,27.2,0.0
,27.1,0.0
,27.0,0.0
,27.7,32.0
,28.3,88.0
,28.8,71.0
,29.3,79.0
,29.5,69.0
,29.6,167.0
,29.5,126.0
,29.4,141.0
,29.2,745.0
,29.0,160.0
,28.6,270.0
,28.2,45.0
,27.9,0.0
,27.8,0.0
,27.8,0.0
,27.7,0.0
,27.7,0.0
,27.6,0.0
,27.6,0.0
,27.5,0.0
,27.5,0.0
,27.4,0.0
,27.4,0.0
,27.3,0.0
,27.7,30.0
,28.1,221.0
,28.5,36.0
,28.9,489.0
,29.1,94.0
,29.2,651.0
,29.1,236.0
,28.8,92.0
,28.6,223.0
,28.3,167.0
,28.0,131.0
,27.4,141.0
,26.8,0.0
,26.7,0.0
,26.6,0.0
,26.5,0.0
,26.4,0.0
,26.5,0.0
,26.6,0.0
,26.7,0.0
,26.8,0.0
,26.9,0.0
,26.9,0.0
,27.0,0.0
,27.4,28.0
,27.9,43.0
,28.3,115.0
,28.7,631.0
,28.9,211.0
,29.0,138.0
,29.0,179.0
,28.9,300.0
,28.7,738.0
,28.4,563.0
,27.9,353.0
,27.3,135.0
,26.9,0.0
,26.8,0.0
,26.7,0.0
,26.6,0.0
,26.5,0.0
,26.4,0.0
,26.4,0.0
,26.3,0.0
,26.5,0.0
,26.6,0.0
,26.6,0.0
,26.5,0.0
,26.7,12.0
,27.2,93.0
,27.7,432.0
,28.3,538.0
,28.6,437.0
,28.7,73.0
,28.7,77.0
,28.5,158.0
,28.3,148.0
,28.0,49.0
,27.6,28.0
,27.2,10.0
,26.8,0.0
,26.6,0.0
,26.5,0.0
,26.4,0.0
,26.2,0.0
,26.0,0.0
,25.8,0.0
,25.7,0.0
,25.6,0.0
,25.5,0.0
,25.5,0.0
,25.5,0.0
,25.8,19.0
,26.3,202.0
,26.8,192.0
,27.2,607.0
,27.5,365.0
,27.6,368.0
,27.6,202.0
,27.5,451.0
,27.3,176.0
,26.9,120.0
,26.4,78.0
,25.9,29.0
,25.7,0.0
,25.6,0.0
,25.5,0.0
,25.4,0.0
,25.4,0.0
,25.4,0.0
,25.4,0.0
,25.4,0.0
,25.4,0.0
,25.4,0.0
,25.3,0.0
,25.3,0.0
,25.4,18.0
,25.8,16.0
,26.1,36.0
,26.2,55.0
,26.3,67.0
,26.3,66.0
,26.2,309.0
,26.1,71.0
,26.0,64.0
,25.8,48.0
,25.6,27.0
,25.3,9.0
,25.0,0.0
,25.0,0.0
,25.0,0.0
,25.0,0.0
,24.8,0.0
,24.5,0.0
,24.2,0.0
,23.9,0.0
,23.8,0.0
,23.9,0.0
,24.1,0.0
,24.2,0.0
,24.3,3.0
,24.6,16.0
,24.8,36.0
,25.0,55.0
,25.3,148.0
,25.4,72.0
,25.5,108.0
,25.5,71.0
,25.5,97.0
,25.4,91.0
,25.2,47.0
,24.9,14.0
,24.8,0.0
,24.9,0.0
,24.9,0.0
,25.0,0.0
,25.1,0.0
,25.1,0.0
,25.1,0.0
,25.0,0.0
,24.8,0.0
,24.6,0.0
,24.4,0.0
,24.3,0.0
,24.8,27.0
,25.6,71.0
,26.1,97.0
,26.5,120.0
,26.9,140.0
,27.0,294.0
,26.9,337.0
,26.8,298.0
,26.7,374.0
,26.4,244.0
,26.1,91.0
,25.4,121.0
,24.8,0.0
,24.8,0.0
,24.8,0.0
,24.8,0.0
,24.8,0.0
,24.7,0.0
,24.6,0.0
,24.5,0.0
,24.4,0.0
,24.4,0.0
,24.3,0.0
,24.2,0.0
,24.6,11.0
,25.3,104.0
,25.8,420.0
,26.2,349.0
,26.5,116.0
,26.7,263.0
,26.8,728.0
,26.7,631.0
,26.5,166.0
,26.2,538.0
,25.8,326.0
,25.2,112.0
,24.7,0.0
,24.7,0.0
,24.7,0.0
,24.7,0.0
,24.7,0.0
,24.7,0.0
,24.7,0.0
,24.7,0.0
,24.7,0.0
,24.7,0.0
,24.7,0.0
,24.6,0.0
,25.0,10.0
,25.6,79.0
,26.0,214.0
,26.3,129.0
,26.6,104.0
,26.7,85.0
,26.6,134.0
,26.6,180.0
,26.4,163.0
,26.1,548.0
,25.7,332.0
,25.0,114.0
,24.5,0.0
,24.4,0.0
,24.3,0.0
,24.2,0.0
,24.1,0.0
,24.0,0.0
,23.9,0.0
,23.8,0.0
,23.7,0.0
,23.6,0.0
,23.6,0.0
,23.6,0.0
,24.1,10.0
,25.1,79.0
,25.7,442.0
,26.3,645.0
,26.7,800.0
,27.0,893.0
,27.2,912.0
,27.2,855.0
,27.0,731.0
,26.7,550.0
,26.4,334.0
,25.7,114.0
,25.0,0.0
,24.9,0.0
,24.8,0.0
,24.7,0.0
,24.6,0.0
,24.6,0.0
,24.6,0.0
,24.6,0.0
,24.7,0.0
,24.6,0.0
,24.6,0.0
,24.6,0.0
,25.1,25.0
,25.9,216.0
,26.6,438.0
,27.2,240.0
,27.6,581.0
,28.0,81.0
,28.1,169.0
,28.1,260.0
,27.8,701.0
,27.5,525.0
,27.0,316.0
,26.5,103.0
,26.2,0.0
,26.1,0.0
,26.1,0.0
,26.0,0.0
,26.0,0.0
,25.9,0.0
,25.9,0.0
,25.9,0.0
,25.9,0.0
,26.0,0.0
,26.0,0.0
,26.0,0.0
,26.2,22.0
,26.6,94.0
,27.0,367.0
,27.5,413.0
,27.9,348.0
,28.1,132.0
,28.2,72.0
,28.2,63.0
,28.1,59.0
,27.8,100.0
,27.3,34.0
,26.9,20.0
,26.7,0.0
,26.7,0.0
,26.8,0.0
,26.8,0.0
,26.8,0.0
,26.7,0.0
,26.7,0.0
,26.6,0.0
,26.5,0.0
,26.4,0.0
,26.3,0.0
,26.2,0.0
,26.4,15.0
,26.7,119.0
,27.1,22.0
,27.4,52.0
,27.7,61.0
,27.9,191.0
,28.1,296.0
,28.0,99.0
,27.8,46.0
,27.6,29.0
,27.2,191.0
,26.7,6.0
,26.3,0.0
,26.2,0.0
,26.2,0.0
,26.1,0.0
,26.2,0.0
,26.3,0.0
,26.4,0.0
,26.5,0.0
,26.5,0.0
,26.6,0.0
,26.6,0.0
,26.6,0.0
,26.7,3.0
,27.1,10.0
,27.3,140.0
,27.6,312.0
,27.8,786.0
,28.1,680.0
,28.2,394.0
,28.2,675.0
,28.0,177.0
,27.8,114.0
,27.6,23.0
,27.3,28.0
,27.2,0.0
,27.2,0.0
,27.2,0.0
,27.1,0.0
,27.1,0.0
,27.1,0.0
,27.1,0.0
,27.1,0.0
,27.1,0.0
,27.0,0.0
,27.0,0.0
,26.9,0.0
,26.8,8.0
,26.8,53.0
,27.0,183.0
,27.1,121.0
,27.3,190.0
,27.2,331.0
,27.0,359.0
,27.0,520.0
,27.1,311.0
,27.1,68.0
,27.0,47.0
,26.8,22.0
,26.5,0.0
,26.5,0.0
,26.6,0.0
,26.9,0.0
,27.0,0.0
,27.2,0.0
,27.2,0.0
,27.1,0.0
,26.9,0.0
,26.8,0.0
,26.4,0.0
,26.0,0.0
,26.0,7.0
,26.4,87.0
,27.0,127.0
,27.8,482.0
,28.6,672.0
,29.2,762.0
,29.6,736.0
,29.8,758.0
,29.9,658.0
,29.8,525.0
,29.4,309.0
,28.4,93.0
,27.6,0.0
,27.3,0.0
,27.1,0.0
,26.9,0.0
,26.8,0.0
,26.8,0.0
,26.9,0.0
,26.9,0.0
,26.7,0.0
,26.4,0.0
,26.1,0.0
,25.9,0.0
,26.4,15.0
,27.7,202.0
,28.9,419.0
,29.8,613.0
,30.2,757.0
,30.5,851.0
,30.5,858.0
,30.4,796.0
,30.2,671.0
,29.8,492.0
,29.4,282.0
,28.6,78.0
,27.9,0.0
,27.3,0.0
,26.9,0.0
,26.6,0.0
,26.5,0.0
,26.4,0.0
,26.3,0.0
,26.2,0.0
,26.1,0.0
,26.1,0.0
,26.0,0.0
,26.0,0.0
,26.4,13.0
,27.6,185.0
,28.4,394.0
,28.9,582.0
,29.2,725.0
,29.4,809.0
,29.5,822.0
,29.4,378.0
,29.2,187.0
,28.9,471.0
,28.4,220.0
,27.7,68.0
,27.0,0.0
,26.7,0.0
,26.6,0.0
,26.4,0.0
,26.2,0.0
,26.1,0.0
,25.9,0.0
,25.8,0.0
,25.7,0.0
,25.6,0.0
,25.6,0.0
,25.6,0.0
,26.0,14.0
,27.3,189.0
,28.1,401.0
,28.7,592.0
,29.2,737.0
,29.4,832.0
,29.4,845.0
,29.3,787.0
,29.0,666.0
,28.6,489.0
,28.0,281.0
,27.3,68.0
,26.7,0.0
,26.5,0.0
,26.4,0.0
,26.3,0.0
,26.2,0.0
,26.0,0.0
,25.9,0.0
,25.8,0.0
,25.7,0.0
,25.6,0.0
,25.6,0.0
,25.6,0.0
,26.0,17.0
,27.0,197.0
,27.7,414.0
,28.2,611.0
,28.6,761.0
,28.9,855.0
,29.2,870.0
,29.1,811.0
,28.9,680.0
,28.6,500.0
,28.1,286.0
,27.3,78.0
,26.9,0.0
,26.8,0.0
,26.8,0.0
,26.7,0.0
,26.7,0.0
,26.6,0.0
,26.5,0.0
,26.4,0.0
,26.3,0.0
,26.2,0.0
,26.1,0.0
,26.1,0.0
,26.4,14.0
,27.0,189.0
,27.5,342.0
,27.9,523.0
,28.2,548.0
,28.4,652.0
,28.4,773.0
,28.3,740.0
,28.1,659.0
,27.7,481.0
,27.1,272.0
,26.6,69.0
,26.4,0.0
,26.4,0.0
,26.3,0.0
,26.3,0.0
,26.3,0.0
,26.3,0.0
,26.1,0.0
,26.0,0.0
,25.9,0.0
,25.7,0.0
,25.6,0.0
,25.6,0.0
,25.9,12.0
,26.8,184.0
,27.4,394.0
,28.0,585.0
,28.4,730.0
,28.7,822.0
,28.9,836.0
,28.9,779.0
,28.7,653.0
,28.4,477.0
,27.8,269.0
,27.0,68.0
,26.4,0.0
,26.2,0.0
,26.1,0.0
,26.0,0.0
,25.9,0.0
,25.9,0.0
,25.8,0.0
,25.7,0.0
,25.7,0.0
,25.6,0.0
,25.6,0.0
,25.6,0.0
,25.9,14.0
,26.6,191.0
,27.1,409.0
,27.6,604.0
,27.9,749.0
,28.1,621.0
,28.1,856.0
,28.0,794.0
,27.8,669.0
,27.4,485.0
,27.0,270.0
,26.3,64.0
,26.0,0.0
,25.9,0.0
,25.8,0.0
,25.7,0.0
,25.7,0.0
,25.6,0.0
,25.5,0.0
,25.5,0.0
,25.4,0.0
,25.4,0.0
,25.4,0.0
,25.3,0.0
,25.5,5.0
,26.0,175.0
,26.5,183.0
,26.9,257.0
,27.3,426.0
,27.5,311.0
,27.5,341.0
,27.2,754.0
,26.9,646.0
,26.6,352.0
,26.1,262.0
,25.5,62.0
,25.2,0.0
,25.0,0.0
,24.8,0.0
,24.6,0.0
,24.5,0.0
,24.4,0.0
,24.3,0.0
,24.1,0.0
,24.0,0.0
,23.9,0.0
,23.8,0.0
,23.8,0.0
,24.2,11.0
,25.4,180.0
,26.0,389.0
,26.5,575.0
,26.8,716.0
,27.1,822.0
,27.3,836.0
,27.3,777.0
,27.2,658.0
,26.8,479.0
,26.4,267.0
,25.5,64.0
,25.0,0.0
,24.9,0.0
,24.8,0.0
,24.7,0.0
,24.7,0.0
,24.7,0.0
,24.5,0.0
,24.4,0.0
,24.3,0.0
,24.1,0.0
,24.0,0.0
,23.9,0.0
,24.2,14.0
,25.3,193.0
,26.0,411.0
,26.5,606.0
,26.9,752.0
,27.2,842.0
,27.4,853.0
,27.5,793.0
,27.4,669.0
,27.1,489.0
,26.7,274.0
,25.8,65.0
,25.3,0.0
,25.3,0.0
,25.3,0.0
,25.3,0.0
,25.3,0.0
,25.3,0.0
,25.2,0.0
,25.1,0.0
,24.9,0.0
,24.8,0.0
,24.7,0.0
,24.5,0.0
,24.8,10.0
,26.0,178.0
,26.7,385.0
,27.1,568.0
,27.5,702.0
,27.7,778.0
,27.8,784.0
,27.7,719.0
,27.5,596.0
,27.1,423.0
,26.6,222.0
,26.0,34.0
,25.6,0.0
,25.5,0.0
,25.4,0.0
,25.3,0.0
,25.2,0.0
,25.0,0.0
,24.9,0.0
,24.7,0.0
,24.6,0.0
,24.5,0.0
,24.4,0.0
,24.3,0.0
,24.7,7.0
,25.5,166.0
,26.0,370.0
,26.4,327.0
,26.7,245.0
,27.0,545.0
,27.2,354.0
,27.1,228.0
,27.0,628.0
,26.7,450.0
,26.2,126.0
,25.6,49.0
,25.2,0.0
,25.1,0.0
,25.0,0.0
,24.8,0.0
,24.7,0.0
,24.5,0.0
,24.5,0.0
,24.4,0.0
,24.4,0.0
,24.4,0.0
,24.4,0.0
,24.4,0.0
,24.6,6.0
,25.3,170.0
,25.8,378.0
,26.2,57.0
,26.5,710.0
,26.6,812.0
,26.6,387.0
,26.4,761.0
,26.0,482.0
,25.7,352.0
,25.2,240.0
,24.7,24.0
,24.5,0.0
,24.4,0.0
,24.3,0.0
,24.2,0.0
,24.1,0.0
,24.1,0.0
,24.0,0.0
,24.0,0.0
,23.9,0.0
,23.9,0.0
,23.9,0.0
,23.9,0.0
,24.0,7.0
,24.4,113.0
,24.8,374.0
,25.0,388.0
,25.2,483.0
,25.2,75.0
,25.0,174.0
,24.8,72.0
,24.6,55.0
,24.2,38.0
,23.8,18.0
,23.3,6.0
,23.2,0.0
,23.1,0.0
,23.0,0.0
,22.9,0.0
,22.9,0.0
,22.8,0.0
,22.7,0.0
,22.7,0.0
,22.6,0.0
,22.5,0.0
,22.5,0.0
,22.5,0.0
,22.6,6.0
,23.4,20.0
,24.1,36.0
,24.7,50.0
,25.3,63.0
,25.6,130.0
,25.8,155.0
,25.8,98.0
,25.5,55.0
,25.3,55.0
,25.0,80.0
,24.6,12.0
,24.2,0.0
,24.1,0.0
,23.9,0.0
,23.8,0.0
,23.7,0.0
,23.7,0.0
,23.8,0.0
,23.9,0.0
,24.0,0.0
,24.0,0.0
,24.0,0.0
,24.0,0.0
,24.0,6.0
,24.4,26.0
,24.8,76.0
,25.1,140.0
,25.3,353.0
,25.4,551.0
,25.5,575.0
,25.4,566.0
,25.1,342.0
,24.8,259.0
,24.4,17.0
,23.9,44.0
,23.6,0.0
,23.5,0.0
,23.4,0.0
,23.3,0.0
,23.1,0.0
,23.0,0.0
,22.9,0.0
,22.8,0.0
,22.7,0.0
,22.6,0.0
,22.5,0.0
,22.6,0.0
,22.8,8.0
,23.7,174.0
,24.2,386.0
,24.7,91.0
,25.0,262.0
,25.2,524.0
,25.3,467.0
,25.2,762.0
,25.0,628.0
,24.7,447.0
,24.3,236.0
,23.6,41.0
,23.2,0.0
,23.1,0.0
,23.1,0.0
,23.0,0.0
,23.1,0.0
,23.1,0.0
,23.1,0.0
,23.1,0.0
,23.1,0.0
,23.0,0.0
,23.0,0.0
,23.0,0.0
,23.1,0.0
,23.8,42.0
,24.3,60.0
,24.7,126.0
,25.0,257.0
,25.1,169.0
,25.1,144.0
,25.1,293.0
,24.8,83.0
,24.6,70.0
,24.3,17.0
,23.9,4.0
,23.7,0.0
,23.6,0.0
,23.4,0.0
,23.2,0.0
,23.1,0.0
,23.0,0.0
,22.9,0.0
,22.8,0.0
,22.7,0.0
,22.7,0.0
,22.6,0.0
,22.6,0.0
,22.7,0.0
,23.4,168.0
,23.9,214.0
,24.3,395.0
,24.5,392.0
,24.6,564.0
,24.7,507.0
,24.7,583.0
,24.6,491.0
,24.4,432.0
,24.1,101.0
,23.7,16.0
,23.4,0.0
,23.4,0.0
,23.3,0.0
,23.2,0.0
,23.1,0.0
,23.0,0.0
,22.9,0.0
,22.8,0.0
,22.7,0.0
,22.6,0.0
,22.5,0.0
,22.4,0.0
,22.5,0.0
,23.2,164.0
,23.7,76.0
,24.1,247.0
,24.5,312.0
,24.7,251.0
,24.7,362.0
,24.6,514.0
,24.4,186.0
,24.0,60.0
,23.5,98.0
,22.9,36.0
,22.6,0.0
,22.6,0.0
,22.5,0.0
,22.4,0.0
,22.4,0.0
,22.3,0.0
,22.1,0.0
,22.0,0.0
,21.9,0.0
,21.9,0.0
,21.8,0.0
,21.8,0.0
,22.0,0.0
,23.4,169.0
,24.1,382.0
,24.6,573.0
,25.1,718.0
,25.4,803.0
,25.5,810.0
,25.4,744.0
,25.1,612.0
,24.7,426.0
,24.3,100.0
,23.6,15.0
,23.3,0.0
,23.3,0.0
,23.3,0.0
,23.3,0.0
,23.3,0.0
,23.3,0.0
,23.3,0.0
,23.3,0.0
,23.3,0.0
,23.3,0.0
,23.3,0.0
,23.3,0.0
,23.5,0.0
,24.8,157.0
,25.4,361.0
,25.7,547.0
,25.9,368.0
,26.0,770.0
,26.0,779.0
,25.8,342.0
,25.5,463.0
,25.2,92.0
,24.7,211.0
,24.2,29.0
,23.9,0.0
,23.8,0.0
,23.7,0.0
,23.5,0.0
,23.4,0.0
,23.4,0.0
,23.3,0.0
,23.3,0.0
,23.3,0.0
,23.2,0.0
,23.2,0.0
,23.1,0.0
,23.2,0.0
,23.8,105.0
,24.2,264.0
,24.6,486.0
,25.1,687.0
,25.5,615.0
,25.6,577.0
,25.6,724.0
,25.4,597.0
,25.1,420.0
,24.6,214.0
,24.0,29.0
,23.8,0.0
,23.7,0.0
,23.7,0.0
,23.6,0.0
,23.5,0.0
,23.4,0.0
,23.3,0.0
,23.1,0.0
,23.0,0.0
,22.9,0.0
,22.8,0.0
,22.8,0.0
,22.9,0.0
,23.9,157.0
,24.6,364.0
,25.1,550.0
,25.5,596.0
,25.8,774.0
,25.9,720.0
,25.8,717.0
,25.5,587.0
,25.0,408.0
,24.6,106.0
,23.9,25.0
,23.6,0.0
,23.5,0.0
,23.4,0.0
,23.3,0.0
,23.2,0.0
,23.0,0.0
,23.0,0.0
,22.9,0.0
,22.9,0.0
,22.8,0.0
,22.7,0.0
,22.7,0.0
,22.8,0.0
,23.5,152.0
,24.1,81.0
,24.7,109.0
,25.1,348.0
,25.3,406.0
,25.5,503.0
,25.5,703.0
,25.4,583.0
,25.1,320.0
,24.7,201.0
,23.9,23.0
,23.6,0.0
,23.4,0.0
,23.3,0.0
,23.2,0.0
,23.0,0.0
,22.9,0.0
,22.8,0.0
,22.8,0.0
,22.8,0.0
,22.8,0.0
,22.8,0.0
,22.8,0.0
,23.1,0.0
,24.1,100.0
,24.8,347.0
,25.2,530.0
,25.5,669.0
,25.6,748.0
,25.5,757.0
,25.4,696.0
,25.1,562.0
,24.8,132.0
,24.3,189.0
,23.8,16.0
,23.6,0.0
,23.6,0.0
,23.6,0.0
,23.6,0.0
,23.6,0.0
,23.7,0.0
,23.7,0.0
,23.8,0.0
,23.8,0.0
,23.8,0.0
,23.9,0.0
,23.8,0.0
,23.8,0.0
,24.7,87.0
,25.3,198.0
,25.9,356.0
,26.4,333.0
,26.8,366.0
,26.8,522.0
,26.4,424.0
,25.8,135.0
,25.0,131.0
,24.0,14.0
,23.3,3.0
,23.1,0.0
,23.1,0.0
,23.1,0.0
,23.1,0.0
,23.0,0.0
,23.0,0.0
,22.9,0.0
,22.9,0.0
,22.8,0.0
,22.6,0.0
,22.5,0.0
,22.4,0.0
,22.4,0.0
,22.7,39.0
,23.1,148.0
,23.6,107.0
,24.1,167.0
,24.2,111.0
,24.1,194.0
,24.0,288.0
,23.8,132.0
,23.5,80.0
,23.2,46.0
,23.0,14.0
,23.0,0.0
,23.0,0.0
,23.1,0.0
,23.0,0.0
,23.0,0.0
,23.0,0.0
,22.9,0.0
,22.9,0.0
,22.9,0.0
,22.8,0.0
,22.7,0.0
,22.7,0.0
,22.7,0.0
,23.0,35.0
,23.4,158.0
,23.8,228.0
,24.1,213.0
,24.4,177.0
,24.7,173.0
,24.7,87.0
,24.7,123.0
,24.4,57.0
,24.1,33.0
,23.6,7.0
,23.5,0.0
,23.4,0.0
,23.4,0.0
,23.4,0.0
,23.3,0.0
,23.3,0.0
,23.3,0.0
,23.4,0.0
,23.4,0.0
,23.5,0.0
,23.6,0.0
,23.6,0.0
,23.7,0.0
,24.0,7.0
,24.2,83.0
,24.5,74.0
,24.7,46.0
,25.0,116.0
,25.1,228.0
,25.1,151.0
,25.1,202.0
,24.9,146.0
,24.7,65.0
,24.5,9.0
,24.5,0.0
,24.4,0.0
,24.4,0.0
,24.4,0.0
,24.4,0.0
,24.5,0.0
,24.5,0.0
,24.5,0.0
,24.5,0.0
,24.4,0.0
,24.3,0.0
,24.2,0.0
,24.2,0.0
,24.4,45.0
,24.7,136.0
,25.0,313.0
,25.3,38.0
,25.5,480.0
,25.5,105.0
,25.5,326.0
,25.3,413.0
,24.9,279.0
,24.5,55.0
,24.0,17.0
,23.7,0.0
,23.7,0.0
,23.6,0.0
,23.6,0.0
,23.6,0.0
,23.6,0.0
,23.5,0.0
,23.4,0.0
,23.3,0.0
,23.2,0.0
,23.1,0.0
,23.0,0.0
,23.1,0.0
,23.9,46.0
,24.5,103.0
,25.1,189.0
,25.6,104.0
,25.9,298.0
,26.1,406.0
,26.1,293.0
,25.9,394.0
,25.5,396.0
,25.0,191.0
,24.4,17.0
,24.2,0.0
,24.2,0.0
,24.1,0.0
,24.1,0.0
,24.1,0.0
,24.0,0.0
,24.0,0.0
,24.0,0.0
,24.0,0.0
,23.9,0.0
,23.9,0.0
,23.9,0.0
,23.9,0.0
,24.2,131.0
,24.5,149.0
,24.7,80.0
,24.9,57.0
,25.0,233.0
,25.0,237.0
,24.9,226.0
,24.8,170.0
,24.5,362.0
,24.0,102.0
,23.7,10.0
,23.5,0.0
,23.4,0.0
,23.2,0.0
,23.0,0.0
,22.8,0.0
,22.6,0.0
,22.5,0.0
,22.3,0.0
,22.3,0.0
,22.2,0.0
,22.2,0.0
,22.3,0.0
,22.4,0.0
,23.0,16.0
,23.5,62.0
,23.9,34.0
,24.3,57.0
,24.4,172.0
,24.4,171.0
,24.3,162.0
,24.1,398.0
,23.8,17.0
,23.5,13.0
,23.1,3.0
,23.1,0.0
,23.2,0.0
,23.2,0.0
,23.3,0.0
,23.3,0.0
,23.3,0.0
,23.2,0.0
,23.1,0.0
,22.9,0.0
,22.8,0.0
,22.6,0.0
,22.5,0.0
,22.5,0.0
,22.7,37.0
,23.1,46.0
,23.4,44.0
,23.6,57.0
,23.7,65.0
,23.7,114.0
,23.7,77.0
,23.7,182.0
,23.5,112.0
,23.0,25.0
,22.5,3.0
,22.3,0.0
,22.1,0.0
,22.0,0.0
,22.0,0.0
,22.0,0.0
,22.0,0.0
,22.0,0.0
,21.9,0.0
,21.8,0.0
,21.7,0.0
,21.7,0.0
,21.7,0.0
,21.8,0.0
,22.7,139.0
,23.4,173.0
,24.0,538.0
,24.5,681.0
,24.8,540.0
,25.1,528.0
,25.2,703.0
,25.1,567.0
,24.8,206.0
,24.3,184.0
,23.3,14.0
,23.0,0.0
,22.9,0.0
,22.8,0.0
,22.7,0.0
,22.6,0.0
,22.5,0.0
,22.4,0.0
,22.4,0.0
,22.3,0.0
,22.3,0.0
,22.3,0.0
,22.3,0.0
,22.5,0.0
,23.6,134.0
,24.3,321.0
,24.7,523.0
,25.0,589.0
,25.2,569.0
,25.3,745.0
,25.1,498.0
,24.9,452.0
,24.5,373.0
,24.0,89.0
,23.5,10.0
,23.2,0.0
,23.0,0.0
,22.7,0.0
,22.5,0.0
,22.3,0.0
,22.1,0.0
,22.0,0.0
,21.9,0.0
,21.9,0.0
,21.8,0.0
,21.9,0.0
,22.0,0.0
,22.1,0.0
,22.7,37.0
,23.2,247.0
,23.7,260.0
,23.9,453.0
,24.0,330.0
,24.0,749.0
,23.9,154.0
,23.8,298.0
,23.4,87.0
,23.1,169.0
,22.6,8.0
,22.3,0.0
,22.0,0.0
,21.9,0.0
,21.8,0.0
,21.6,0.0
,21.5,0.0
,21.4,0.0
,21.2,0.0
,21.0,0.0
,20.8,0.0
,20.6,0.0
,20.6,0.0
,20.5,0.0
,21.0,127.0
,21.5,206.0
,21.8,520.0
,22.3,664.0
,22.5,752.0
,22.6,621.0
,22.5,524.0
,22.4,168.0
,22.1,392.0
,21.6,184.0
,20.9,12.0
,20.7,0.0
,20.6,0.0
,20.5,0.0
,20.5,0.0
,20.4,0.0
,20.3,0.0
,20.3,0.0
,20.2,0.0
,20.0,0.0
,19.9,0.0
,19.9,0.0
,19.9,0.0
,19.9,0.0
,21.2,130.0
,22.0,336.0
,22.6,270.0
,23.2,420.0
,23.6,750.0
,23.9,759.0
,23.9,695.0
,23.9,567.0
,23.6,387.0
,22.9,180.0
,21.6,12.0
,21.2,0.0
,21.2,0.0
,21.3,0.0
,21.4,0.0
,21.5,0.0
,21.4,0.0
,21.3,0.0
,21.1,0.0
,20.8,0.0
,20.3,0.0
,20.1,0.0
,19.8,0.0
,19.8,0.0
,21.3,129.0
,22.5,335.0
,23.2,524.0
,23.7,666.0
,24.1,751.0
,24.3,760.0
,24.3,699.0
,24.2,577.0
,23.8,396.0
,23.2,187.0
,21.8,13.0
,21.4,0.0
,21.2,0.0
,21.1,0.0
,21.0,0.0
,20.9,0.0
,20.9,0.0
,20.8,0.0
,20.8,0.0
,20.7,0.0
,20.6,0.0
,20.5,0.0
,20.5,0.0
,20.5,0.0
,22.2,121.0
,23.3,321.0
,24.1,504.0
,24.6,643.0
,25.0,723.0
,25.3,730.0
,25.2,667.0
,25.0,539.0
,24.6,364.0
,24.0,165.0
,23.0,7.0
,22.7,0.0
,22.5,0.0
,22.5,0.0
,22.4,0.0
,22.4,0.0
,22.3,0.0
,22.2,0.0
,22.1,0.0
,22.0,0.0
,22.0,0.0
,22.2,0.0
,22.2,0.0
,22.3,0.0
,23.5,114.0
,24.7,309.0
,25.4,489.0
,25.9,626.0
,26.2,709.0
,26.3,716.0
,26.2,655.0
,25.9,535.0
,25.3,363.0
,24.6,166.0
,23.6,9.0
,23.2,0.0
,23.1,0.0
,23.0,0.0
,22.9,0.0
,22.8,0.0
,22.6,0.0
,22.3,0.0
,22.0,0.0
,21.8,0.0
,21.6,0.0
,21.6,0.0
,21.5,0.0
,21.4,0.0
,21.6,25.0
,21.9,34.0
,22.1,50.0
,22.4,54.0
,22.5,79.0
,22.4,92.0
,22.2,57.0
,21.9,45.0
,21.5,31.0
,21.1,20.0
,20.7,0.0
,20.7,0.0
,20.7,0.0
,20.6,0.0
,20.6,0.0
,20.6,0.0
,20.5,0.0
,20.4,0.0
,20.2,0.0
,20.0,0.0
,19.9,0.0
,19.9,0.0
,19.9,0.0
,19.9,0.0
,21.0,114.0
,21.8,222.0
,22.5,316.0
,23.0,651.0
,23.4,734.0
,23.7,745.0
,23.8,684.0
,23.7,557.0
,23.4,199.0
,22.8,79.0
,21.9,0.0
,21.6,0.0
,21.4,0.0
,21.3,0.0
,21.2,0.0
,21.2,0.0
,21.1,0.0
,21.0,0.0
,20.9,0.0
,20.8,0.0
,20.6,0.0
,20.5,0.0
,20.5,0.0
,20.6,0.0
,22.2,119.0
,23.4,326.0
,24.2,517.0
,24.8,660.0
,25.2,743.0
,25.5,756.0
,25.5,695.0
,25.3,567.0
,24.9,385.0
,24.2,177.0
,22.9,0.0
,22.5,0.0
,22.4,0.0
,22.3,0.0
,22.2,0.0
,22.1,0.0
,22.0,0.0
,21.9,0.0
,21.8,0.0
,21.7,0.0
,21.7,0.0
,21.7,0.0
,21.7,0.0
,21.7,0.0
,23.2,111.0
,24.6,312.0
,25.8,497.0
,26.7,636.0
,27.3,715.0
,27.6,723.0
,27.6,661.0
,27.4,531.0
,26.9,357.0
,26.1,160.0
,24.9,0.0
,24.4,0.0
,24.2,0.0
,24.0,0.0
,23.9,0.0
,23.9,0.0
,23.8,0.0
,23.8,0.0
,23.8,0.0
,23.7,0.0
,23.6,0.0
,23.6,0.0
,23.6,0.0
,23.6,0.0
,24.5,52.0
,24.8,293.0
,24.8,319.0
,24.7,115.0
,24.5,59.0
,24.1,41.0
,23.6,128.0
,22.9,60.0
,22.1,27.0
,21.2,11.0
,20.5,0.0
,20.2,0.0
,20.1,0.0
,20.0,0.0
,19.9,0.0
,19.8,0.0
,19.8,0.0
,19.7,0.0
,19.7,0.0
,19.6,0.0
,19.5,0.0
,19.5,0.0
,19.5,0.0
,19.4,0.0
,19.5,6.0
,19.5,20.0
,19.6,27.0
,19.6,145.0
,19.7,62.0
,19.8,133.0
,19.9,153.0
,20.0,193.0
,20.0,176.0
,20.0,11.0
,20.0,0.0
,20.0,0.0
,20.0,0.0
,20.0,0.0
,20.0,0.0
,20.0,0.0
,20.0,0.0
,20.0,0.0
,20.0,0.0
,19.9,0.0
,19.9,0.0
,19.9,0.0
,20.0,0.0
,20.0,0.0
,20.3,11.0
,20.7,45.0
,21.1,199.0
,21.3,140.0
,21.4,339.0
,21.5,293.0
,21.5,434.0
,21.4,317.0
,21.3,172.0
,21.1,53.0
,20.9,0.0
,20.9,0.0
,21.0,0.0
,21.1,0.0
,21.1,0.0
,21.1,0.0
,21.2,0.0
,21.3,0.0
,21.4,0.0
,21.4,0.0
,21.4,0.0
,21.4,0.0
,21.5,0.0
,21.6,0.0
,22.1,23.0
,22.8,133.0
,23.3,111.0
,23.6,402.0
,23.8,401.0
,23.7,208.0
,23.6,240.0
,23.3,201.0
,22.9,43.0
,22.5,18.0
,22.3,0.0
,22.3,0.0
,22.2,0.0
,22.2,0.0
,22.1,0.0
,22.1,0.0
,22.1,0.0
,22.1,0.0
,22.2,0.0
,22.3,0.0
,22.4,0.0
,22.5,0.0
,22.6,0.0
,22.6,0.0
,22.9,18.0
,23.3,266.0
,23.6,68.0
,24.0,141.0
,24.2,260.0
,24.3,278.0
,24.3,273.0
,24.2,222.0
,23.9,88.0
,23.4,53.0
,23.0,0.0
,23.0,0.0
,23.0,0.0
,23.0,0.0
,22.9,0.0
,22.8,0.0
,22.6,0.0
,22.5,0.0
,22.4,0.0
,22.3,0.0
,22.2,0.0
,22.2,0.0
,22.2,0.0
,22.2,0.0
,23.1,91.0
,23.7,280.0
,24.2,461.0
,24.9,601.0
,25.4,312.0
,25.6,426.0
,25.5,360.0
,25.2,522.0
,24.5,50.0
,23.7,156.0
,23.0,0.0
,22.7,0.0
,22.5,0.0
,22.4,0.0
,22.3,0.0
,22.2,0.0
,22.0,0.0
,21.9,0.0
,21.9,0.0
,21.9,0.0
,21.8,0.0
,21.8,0.0
,21.8,0.0
,21.9,0.0
,22.7,5.0
,23.2,142.0
,23.9,171.0
,24.6,532.0
,25.0,689.0
,25.1,698.0
,25.0,640.0
,24.7,520.0
,24.3,350.0
,23.7,157.0
,23.0,0.0
,22.9,0.0
,22.8,0.0
,22.8,0.0
,22.7,0.0
,22.7,0.0
,22.7,0.0
,22.7,0.0
,22.6,0.0
,22.6,0.0
,22.5,0.0
,22.4,0.0
,22.3,0.0
,22.3,0.0
,22.7,19.0
,23.2,44.0
,23.7,84.0
,23.8,50.0
,23.7,59.0
,23.4,193.0
,23.0,80.0
,22.5,42.0
,21.9,24.0
,21.4,11.0
,21.1,0.0
,20.9,0.0
,20.8,0.0
,20.7,0.0
,20.6,0.0
,20.5,0.0
,20.5,0.0
,20.5,0.0
,20.4,0.0
,20.4,0.0
,20.4,0.0
,20.4,0.0
,20.4,0.0
,20.4,0.0
,20.7,69.0
,21.2,127.0
,21.6,337.0
,22.0,264.0
,22.3,172.0
,22.4,276.0
,22.4,444.0
,22.3,348.0
,22.1,70.0
,21.7,41.0
,21.4,0.0
,21.3,0.0
,21.4,0.0
,21.4,0.0
,21.4,0.0
,21.4,0.0
,21.4,0.0
,21.3,0.0
,21.3,0.0
,21.2,0.0
,21.2,0.0
,21.2,0.0
,21.2,0.0
,21.2,0.0
,21.6,23.0
,22.2,81.0
,22.7,130.0
,23.0,365.0
,23.3,429.0
,23.5,517.0
,23.5,465.0
,23.3,174.0
,22.8,137.0
,22.3,70.0
,21.7,0.0
,21.5,0.0
,21.4,0.0
,21.2,0.0
,21.0,0.0
,20.8,0.0
,20.7,0.0
,20.6,0.0
,20.5,0.0
,20.4,0.0
,20.3,0.0
,20.3,0.0
,20.2,0.0
,20.1,0.0
,20.2,10.0
,20.3,39.0
,20.4,38.0
,20.2,56.0
,20.0,88.0
,19.6,95.0
,19.3,137.0
,19.0,91.0
,18.7,30.0
,18.5,11.0
,18.2,0.0
,18.2,0.0
,18.2,0.0
,18.2,0.0
,18.2,0.0
,18.3,0.0
,18.3,0.0
,18.3,0.0
,18.4,0.0
,18.4,0.0
,18.4,0.0
,18.4,0.0
,18.5,0.0
,18.5,0.0
,18.9,17.0
,19.5,58.0
,20.1,152.0
,20.7,384.0
,21.1,672.0
,21.2,439.0
,21.2,458.0
,21.1,229.0
,21.1,213.0
,21.0,76.0
,21.1,0.0
,21.3,0.0
,21.4,0.0
,21.4,0.0
,21.4,0.0
,21.3,0.0
,21.3,0.0
,21.3,0.0
,21.4,0.0
,21.4,0.0
,21.5,0.0
,21.6,0.0
,21.7,0.0
,21.7,0.0
,22.2,54.0
,22.9,255.0
,23.5,168.0
,24.1,345.0
,24.5,383.0
,24.7,299.0
,24.8,218.0
,24.7,318.0
,24.4,140.0
,23.8,11.0
,23.1,0.0
,22.7,0.0
,22.5,0.0
,22.4,0.0
,22.3,0.0
,22.2,0.0
,22.0,0.0
,21.9,0.0
,21.9,0.0
,21.8,0.0
,21.6,0.0
,21.5,0.0
,21.5,0.0
,21.5,0.0
,22.7,78.0
,23.9,266.0
,24.8,448.0
,25.3,587.0
,25.5,672.0
,25.5,688.0
,25.3,504.0
,24.9,518.0
,24.1,203.0
,23.0,63.0
,21.7,0.0
,21.1,0.0
,20.6,0.0
,20.3,0.0
,20.0,0.0
,19.7,0.0
,19.4,0.0
,19.0,0.0
,18.5,0.0
,18.1,0.0
,17.7,0.0
,17.3,0.0
,17.0,0.0
,16.9,0.0
,16.8,7.0
,16.9,26.0
,16.9,36.0
,17.0,50.0
,17.0,58.0
,17.0,59.0
,16.9,65.0
,16.8,43.0
,16.6,27.0
,16.3,11.0
,15.9,0.0
,15.8,0.0
,15.9,0.0
,16.0,0.0
,16.1,0.0
,16.3,0.0
,16.3,0.0
,16.2,0.0
,16.2,0.0
,16.2,0.0
,16.2,0.0
,16.3,0.0
,16.4,0.0
,16.6,0.0
,16.9,47.0
,17.4,247.0
,17.9,425.0
,18.5,502.0
,18.9,471.0
,18.8,205.0
,18.6,174.0
,18.5,134.0
,18.4,226.0
,18.1,87.0
,17.9,0.0
,18.0,0.0
,18.0,0.0
,18.1,0.0
,18.1,0.0
,18.1,0.0
,18.1,0.0
,18.0,0.0
,17.9,0.0
,17.9,0.0
,17.9,0.0
,17.9,0.0
,17.9,0.0
,17.9,0.0
,18.2,33.0
,18.6,61.0
,19.1,206.0
,19.2,63.0
,19.4,126.0
,19.6,112.0
,19.5,93.0
,19.4,108.0
,19.1,43.0
,18.7,7.0
,18.5,0.0
,18.4,0.0
,18.3,0.0
,18.2,0.0
,18.1,0.0
,18.1,0.0
,18.0,0.0
,18.0,0.0
,18.0,0.0
,17.8,0.0
,17.6,0.0
,17.3,0.0
,17.0,0.0
,16.9,0.0
,17.0,5.0
,17.2,10.0
,17.4,248.0
,17.7,208.0
,17.9,133.0
,18.0,37.0
,18.1,63.0
,18.0,63.0
,17.9,97.0
,17.8,10.0
,17.7,0.0
,17.7,0.0
,17.6,0.0
,17.5,0.0
,17.5,0.0
,17.4,0.0
,17.4,0.0
,17.3,0.0
,17.3,0.0
,17.3,0.0
,17.2,0.0
,17.2,0.0
,17.1,0.0
,17.1,0.0
,17.2,5.0
,17.4,10.0
,17.6,34.0
,17.9,61.0
,18.0,35.0
,18.2,135.0
,18.4,32.0
,18.3,114.0
,18.0,14.0
,17.7,90.0
,17.3,0.0
,17.1,0.0
,16.9,0.0
,16.6,0.0
,16.3,0.0
,16.1,0.0
,16.0,0.0
,15.8,0.0
,15.8,0.0
,15.8,0.0
,15.9,0.0
,16.1,0.0
,16.2,0.0
,16.3,0.0
,16.6,5.0
,16.9,18.0
,17.2,35.0
,17.3,49.0
,17.5,57.0
,17.6,59.0
,17.6,54.0
,17.5,43.0
,17.3,27.0
,16.9,11.0
,16.5,0.0
,16.5,0.0
,16.5,0.0
,16.4,0.0
,16.3,0.0
,16.3,0.0
,16.3,0.0
,16.2,0.0
,16.2,0.0
,16.0,0.0
,15.9,0.0
,15.8,0.0
,15.9,0.0
,15.9,0.0
,16.7,38.0
,17.5,266.0
,18.0,455.0
,18.4,272.0
,18.8,681.0
,19.0,244.0
,19.0,644.0
,18.9,530.0
,18.7,359.0
,18.2,161.0
,17.2,0.0
,17.0,0.0
,16.9,0.0
,16.8,0.0
,16.7,0.0
,16.8,0.0
,16.9,0.0
,17.0,0.0
,17.1,0.0
,17.2,0.0
,17.3,0.0
,17.3,0.0
,17.3,0.0
,17.3,0.0
,18.3,26.0
,19.4,216.0
,20.1,371.0
,20.6,463.0
,20.8,357.0
,20.9,573.0
,20.8,484.0
,20.6,409.0
,20.1,184.0
,19.7,83.0
,19.0,0.0
,19.0,0.0
,19.0,0.0
,19.1,0.0
,19.3,0.0
,19.4,0.0
,19.5,0.0
,19.7,0.0
,19.8,0.0
,19.8,0.0
,19.8,0.0
,19.8,0.0
,19.8,0.0
,19.6,0.0
,20.5,46.0
,21.4,149.0
,21.8,304.0
,21.9,361.0
,22.1,320.0
,22.2,283.0
,22.1,605.0
,21.8,495.0
,21.3,139.0
,20.6,18.0
,19.9,0.0
,19.7,0.0
,19.6,0.0
,19.4,0.0
,19.3,0.0
,19.2,0.0
,19.1,0.0
,19.1,0.0
,19.2,0.0
,19.2,0.0
,19.2,0.0
,19.1,0.0
,19.0,0.0
,19.0,0.0
,19.7,56.0
,20.3,240.0
,20.8,423.0
,21.2,571.0
,21.6,673.0
,21.7,281.0
,21.6,374.0
,21.5,518.0
,21.2,352.0
,20.6,81.0
,19.6,0.0
,19.4,0.0
,19.2,0.0
,19.0,0.0
,18.9,0.0
,18.7,0.0
,18.6,0.0
,18.4,0.0
,18.2,0.0
,18.0,0.0
,17.8,0.0
,17.6,0.0
,17.4,0.0
,17.2,0.0
,18.0,37.0
,19.1,205.0
,19.7,382.0
,20.2,522.0
,20.5,641.0
,20.8,659.0
,20.9,456.0
,20.8,259.0
,20.6,345.0
,20.0,104.0
,19.2,0.0
,19.1,0.0
,19.1,0.0
,19.1,0.0
,19.1,0.0
,19.0,0.0
,19.0,0.0
,19.0,0.0
,19.0,0.0
,18.9,0.0
,18.8,0.0
,18.7,0.0
,18.7,0.0
,18.7,0.0
,19.4,33.0
,20.3,222.0
,20.8,321.0
,21.2,544.0
,21.6,647.0
,21.8,668.0
,21.9,620.0
,21.7,389.0
,21.3,345.0
,20.8,155.0
,20.0,0.0
,19.8,0.0
,19.7,0.0
,19.7,0.0
,19.7,0.0
,19.7,0.0
,19.7,0.0
,19.7,0.0
,19.7,0.0
,19.7,0.0
,19.7,0.0
,19.7,0.0
,19.7,0.0
,19.7,0.0
,20.6,18.0
,21.5,135.0
,22.0,416.0
,22.4,558.0
,22.7,423.0
,22.7,528.0
,22.5,385.0
,22.3,289.0
,21.9,180.0
,21.3,158.0
,20.6,0.0
,20.4,0.0
,20.3,0.0
,20.2,0.0
,20.2,0.0
,20.1,0.0
,20.0,0.0
,20.0,0.0
,19.9,0.0
,19.7,0.0
,19.6,0.0
,19.5,0.0
,19.5,0.0
,19.4,0.0
,20.5,31.0
,21.7,167.0
,22.4,425.0
,23.0,572.0
,23.4,666.0
,23.7,686.0
,23.7,636.0
,23.5,525.0
,23.0,360.0
,22.1,168.0
,20.9,0.0
,20.6,0.0
,20.4,0.0
,20.2,0.0
,20.1,0.0
,20.0,0.0
,19.9,0.0
,19.8,0.0
,19.7,0.0
,19.6,0.0
,19.5,0.0
,19.5,0.0
,19.5,0.0
,19.5,0.0
,20.7,55.0
,22.0,240.0
,23.0,425.0
,23.8,569.0
,24.5,660.0
,24.7,679.0
,24.7,629.0
,24.5,519.0
,24.0,354.0
,23.1,164.0
,21.9,0.0
,21.7,0.0
,21.6,0.0
,21.6,0.0
,21.6,0.0
,21.5,0.0
,21.4,0.0
,21.2,0.0
,21.1,0.0
,20.8,0.0
,20.5,0.0
,20.3,0.0
,20.2,0.0
,20.1,0.0
,21.1,52.0
,22.6,235.0
,23.7,417.0
,24.4,561.0
,24.9,651.0
,25.3,673.0
,25.4,626.0
,25.4,516.0
,25.0,133.0
,24.1,31.0
,23.0,10.0
,22.8,0.0
,22.7,0.0
,22.5,0.0
,22.4,0.0
,22.3,0.0
,22.3,0.0
,22.3,0.0
,22.4,0.0
,22.3,0.0
,21.8,0.0
,21.2,0.0
,20.8,0.0
,20.6,0.0
,21.3,43.0
,21.7,16.0
,21.8,31.0
,21.9,45.0
,22.1,153.0
,22.0,55.0
,21.9,66.0
,21.6,47.0
,21.3,70.0
,20.8,33.0
,20.5,3.0
,20.5,0.0
,20.4,0.0
,20.4,0.0
,20.3,0.0
,20.2,0.0
,20.1,0.0
,20.1,0.0
,20.1,0.0
,20.0,0.0
,19.9,0.0
,19.9,0.0
,19.8,0.0
,19.8,0.0
,20.1,32.0
,20.5,40.0
,20.8,78.0
,21.1,255.0
,21.3,314.0
,21.4,371.0
,21.2,367.0
,20.9,135.0
,20.5,130.0
,20.0,40.0
,19.6,5.0
,19.4,0.0
,19.2,0.0
,18.9,0.0
,18.6,0.0
,18.4,0.0
,18.2,0.0
,18.0,0.0
,17.9,0.0
,17.9,0.0
,17.9,0.0
,17.9,0.0
,18.0,0.0
,18.1,0.0
,18.4,4.0
,18.9,9.0
,19.4,20.0
,20.0,66.0
,20.5,247.0
,20.9,257.0
,21.2,125.0
,21.1,315.0
,20.8,98.0
,20.4,56.0
,20.0,3.0
,19.9,0.0
,19.8,0.0
,19.8,0.0
,19.8,0.0
,19.7,0.0
,19.7,0.0
,19.8,0.0
,19.8,0.0
,19.8,0.0
,19.8,0.0
,19.8,0.0
,19.8,0.0
,19.7,0.0
,20.1,38.0
,20.5,205.0
,21.0,80.0
,21.6,194.0
,22.0,337.0
,22.0,81.0
,21.8,331.0
,21.5,98.0
,21.0,54.0
,20.4,45.0
,19.9,10.0
,19.8,0.0
,19.7,0.0
,19.6,0.0
,19.5,0.0
,19.4,0.0
,19.4,0.0
,19.5,0.0
,19.6,0.0
,19.5,0.0
,19.4,0.0
,19.3,0.0
,19.3,0.0
,19.4,0.0
,19.9,40.0
,20.2,207.0
,20.4,297.0
,20.5,226.0
,20.6,86.0
,20.5,56.0
,20.5,51.0
,20.3,42.0
,19.8,27.0
,19.2,12.0
,18.7,1.0
,18.5,0.0
,18.4,0.0
,18.4,0.0
,18.4,0.0
,18.4,0.0
,18.4,0.0
,18.4,0.0
,18.4,0.0
,18.4,0.0
,18.4,0.0
,18.5,0.0
,18.5,0.0
,18.5,0.0
,19.1,37.0
,19.7,207.0
,20.2,221.0
,20.7,45.0
,21.1,212.0
,21.3,336.0
,21.3,469.0
,21.1,359.0
,20.8,351.0
,20.3,121.0
,19.8,12.0
,19.8,0.0
,19.8,0.0
,19.8,0.0
,19.9,0.0
,19.9,0.0
,19.9,0.0
,20.0,0.0
,20.1,0.0
,20.2,0.0
,20.2,0.0
,20.0,0.0
,19.8,0.0
,19.5,0.0
,20.4,39.0
,21.1,76.0
,21.5,390.0
,21.8,325.0
,22.0,265.0
,22.0,288.0
,21.9,380.0
,21.5,299.0
,20.8,99.0
,20.1,168.0
,19.5,2.0
,19.4,0.0
,19.4,0.0
,19.3,0.0
,19.3,0.0
,19.4,0.0
,19.3,0.0
,19.3,0.0
,19.2,0.0
,19.2,0.0
,19.1,0.0
,19.1,0.0
,19.0,0.0
,18.9,0.0
,19.8,11.0
,20.5,58.0
,21.3,175.0
,22.1,212.0
,22.7,318.0
,23.1,668.0
,23.2,624.0
,23.0,517.0
,22.6,358.0
,21.9,173.0
,21.0,15.0
,20.8,0.0
,20.8,0.0
,20.8,0.0
,20.9,0.0
,21.0,0.0
,21.3,0.0
,21.5,0.0
,21.2,0.0
,20.9,0.0
,20.5,0.0
,20.2,0.0
,20.0,0.0
,19.9,0.0
,20.8,35.0
,21.5,204.0
,22.1,115.0
,22.5,45.0
,22.4,76.0
,22.1,336.0
,21.6,56.0
,21.1,507.0
,20.6,171.0
,19.9,163.0
,19.3,9.0
,18.9,0.0
,18.6,0.0
,18.3,0.0
,17.9,0.0
,17.6,0.0
,17.2,0.0
,16.8,0.0
,16.5,0.0
,16.3,0.0
,16.2,0.0
,16.1,0.0
,16.0,0.0
,15.8,0.0
,15.8,4.0
,16.0,15.0
,16.2,31.0
,16.4,117.0
,16.4,55.0
,16.5,60.0
,16.6,62.0
,16.6,49.0
,16.5,107.0
,16.4,18.0
,16.3,3.0
,16.4,0.0
,16.5,0.0
,16.6,0.0
,16.7,0.0
,16.8,0.0
,17.0,0.0
,17.2,0.0
,17.3,0.0
,17.2,0.0
,17.2,0.0
,17.2,0.0
,17.3,0.0
,17.4,0.0
,17.9,34.0
,18.6,207.0
,19.4,170.0
,20.1,337.0
,20.6,405.0
,20.9,499.0
,21.2,441.0
,21.3,337.0
,21.2,306.0
,20.7,126.0
,19.9,13.0
,19.9,0.0
,20.0,0.0
,20.1,0.0
,20.2,0.0
,20.3,0.0
,20.4,0.0
,20.5,0.0
,20.7,0.0
,20.8,0.0
,20.9,0.0
,21.0,0.0
,20.8,0.0
,20.7,0.0
,20.9,8.0
,21.5,26.0
,22.2,18.0
,22.5,25.0
,22.5,37.0
,22.5,40.0
,22.6,36.0
,22.5,27.0
,22.2,17.0
,21.7,51.0
,21.0,7.0
,20.9,0.0
,20.9,0.0
,20.8,0.0
,20.7,0.0
,20.6,0.0
,20.6,0.0
,20.7,0.0
,20.7,0.0
,20.6,0.0
,20.4,0.0
,20.4,0.0
,20.5,0.0
,20.5,0.0
,20.9,3.0
,21.2,9.0
,21.3,142.0
,21.3,25.0
,21.1,53.0
,21.0,257.0
,20.9,35.0
,21.0,108.0
,20.8,162.0
,20.3,18.0
,20.0,4.0
,20.0,0.0
,19.9,0.0
,19.9,0.0
,19.9,0.0
,19.9,0.0
,19.7,0.0
,19.2,0.0
,18.6,0.0
,18.1,0.0
,17.8,0.0
,17.7,0.0
,17.9,0.0
,18.0,0.0
,18.0,3.0
,17.8,14.0
,17.5,36.0
,17.4,113.0
,17.3,62.0
,17.0,73.0
,16.7,98.0
,16.5,43.0
,16.4,29.0
,16.3,13.0
,16.2,2.0
,16.2,0.0
,16.3,0.0
,16.3,0.0
,16.3,0.0
,16.3,0.0
,16.3,0.0
