time,temperature_2m (°C),relative_humidity_2m (%),dew_point_2m (°C),apparent_temperature (°C),rain (mm),cloud_cover (%),cloud_cover_low (%),cloud_cover_mid (%),cloud_cover_high (%),et0_fao_evapotranspiration (mm),vapour_pressure_deficit (kPa),shortwave_radiation_instant (W/m²),direct_radiation_instant (W/m²),diffuse_radiation_instant (W/m²),direct_normal_irradiance_instant (W/m²),terrestrial_radiation_instant (W/m²),sun
2019-01-23 00:00:00,10.1,84,7.4,8.2,0.0,5,4,2,0,0.0,0.2,0.0,0.0,0.0,0.0,0.0,0
2019-01-23 01:00:00,9.7,84,7.2,7.7,0.0,4,4,1,0,0.0,0.19,0.0,0.0,0.0,0.0,0.0,0
2019-01-23 02:00:00,9.6,84,7.0,7.5,0.0,10,10,2,0,0.0,0.19,0.0,0.0,0.0,0.0,0.0,0
2019-01-23 03:00:00,9.6,84,7.0,7.5,0.0,29,29,4,0,0.0,0.19,0.0,0.0,0.0,0.0,0.0,0
2019-01-23 04:00:00,10.3,81,7.1,8.4,0.0,35,34,6,0,0.0,0.24,0.0,0.0,0.0,0.0,0.0,0
2019-01-23 05:00:00,10.8,78,7.1,9.0,0.0,24,23,8,0,0.0,0.28,0.0,0.0,0.0,0.0,0.0,0
2019-01-23 06:00:00,10.7,78,7.1,8.9,0.0,16,14,12,0,0.0,0.28,0.0,0.0,0.0,0.0,0.0,0
2019-01-23 07:00:00,11.2,79,7.6,9.5,0.0,16,8,15,0,0.03,0.29,7.9,2.6,5.3,13.6,83.4,1
2019-01-23 08:00:00,14.6,69,9.0,12.8,0.0,16,4,7,0,0.08,0.52,179.8,102.1,77.8,572.6,377.0,1
2019-01-23 09:00:00,16.7,62,9.3,14.2,0.0,8,4,7,0,0.19,0.73,390.0,282.0,108.1,783.5,631.2,1
2019-01-23 10:00:00,17.8,57,9.1,14.6,0.0,64,64,11,0,0.29,0.88,562.4,445.2,117.2,854.7,828.9,1
2019-01-23 11:00:00,18.3,57,9.6,15.5,0.0,100,100,16,0,0.34,0.9,623.4,427.7,195.8,671.8,956.4,1
2019-01-23 12:00:00,17.9,59,9.9,15.0,0.0,96,96,10,0,0.29,0.83,472.2,236.1,236.1,337.6,1005.2,1
2019-01-23 13:00:00,18.1,59,10.0,15.4,0.0,88,88,11,0,0.3,0.86,474.5,166.9,307.5,236.8,971.9,1
2019-01-23 14:00:00,18.0,59,9.8,15.3,0.0,89,89,15,0,0.3,0.85,463.9,222.6,241.3,341.1,858.7,1
2019-01-23 15:00:00,17.2,61,9.7,14.6,0.0,83,82,22,0,0.2,0.76,235.6,25.3,210.3,46.3,673.4,1
2019-01-23 16:00:00,16.7,63,9.6,14.3,0.0,57,56,22,0,0.16,0.7,174.4,71.0,103.4,180.5,428.6,1
2019-01-23 17:00:00,15.8,67,9.6,14.0,0.0,62,62,17,0,0.09,0.6,49.5,22.1,27.5,108.3,141.0,1
2019-01-23 18:00:00,14.8,70,9.3,13.3,0.0,53,52,21,0,0.05,0.51,0.0,0.0,0.0,0.0,0.0,0
2019-01-23 19:00:00,14.2,73,9.5,13.0,0.0,49,42,43,0,0.01,0.43,0.0,0.0,0.0,0.0,0.0,0
2019-01-23 20:00:00,13.0,83,10.1,11.7,0.0,98,29,32,0,0.01,0.26,0.0,0.0,0.0,0.0,0.0,0
2019-01-23 21:00:00,13.6,80,10.1,12.6,0.0,36,26,32,0,0.0,0.32,0.0,0.0,0.0,0.0,0.0,0
2019-01-23 22:00:00,13.8,78,10.0,12.9,0.0,42,23,40,0,0.01,0.36,0.0,0.0,0.0,0.0,0.0,0
2019-01-23 23:00:00,15.0,71,9.9,13.8,0.0,57,29,55,0,0.02,0.49,0.0,0.0,0.0,0.0,0.0,0
2019-01-24 00:00:00,14.6,74,9.9,13.4,0.0,37,26,34,0,0.01,0.44,0.0,0.0,0.0,0.0,0.0,0
2019-01-24 01:00:00,14.1,76,10.0,13.0,0.0,42,17,40,0,0.01,0.38,0.0,0.0,0.0,0.0,0.0,0
2019-01-24 02:00:00,13.3,81,10.2,12.4,0.0,33,21,30,0,0.0,0.29,0.0,0.0,0.0,0.0,0.0,0
2019-01-24 03:00:00,13.8,79,10.2,12.8,0.0,32,23,27,0,0.0,0.33,0.0,0.0,0.0,0.0,0.0,0
2019-01-24 04:00:00,13.3,81,10.2,12.4,0.0,42,41,25,0,0.0,0.28,0.0,0.0,0.0,0.0,0.0,0
2019-01-24 05:00:00,12.8,84,10.1,11.8,0.0,39,38,24,0,0.0,0.24,0.0,0.0,0.0,0.0,0.0,0
2019-01-24 06:00:00,12.7,84,10.1,11.7,0.0,73,72,16,0,0.0,0.24,0.0,0.0,0.0,0.0,0.0,0
2019-01-24 07:00:00,13.9,79,10.4,13.0,0.0,80,79,8,0,0.03,0.33,5.3,0.0,5.3,0.0,84.9,1
2019-01-24 08:00:00,15.9,72,10.8,14.5,0.0,90,93,4,0,0.07,0.51,103.5,29.1,74.4,163.1,378.9,1
2019-01-24 09:00:00,16.7,68,10.7,14.8,0.0,91,91,2,0,0.13,0.62,201.1,45.9,155.2,127.1,633.7,1
2019-01-24 10:00:00,17.9,63,10.7,15.3,0.0,100,100,1,0,0.22,0.77,371.9,111.6,260.3,213.4,831.9,1
2019-01-24 11:00:00,18.2,63,11.0,15.7,0.0,100,100,0,0,0.25,0.78,396.8,97.9,299.0,153.2,959.9,1
2019-01-24 12:00:00,18.3,63,11.2,15.9,0.0,100,100,0,0,0.24,0.77,356.3,44.8,311.5,63.8,1009.1,1
2019-01-24 13:00:00,18.7,63,11.6,16.5,0.0,100,100,0,0,0.28,0.8,425.8,151.4,274.4,213.8,976.0,1
2019-01-24 14:00:00,18.4,64,11.4,16.3,0.0,99,99,0,0,0.21,0.77,263.7,29.8,233.9,45.5,863.1,1
2019-01-24 15:00:00,18.7,62,11.3,16.6,0.0,100,100,0,0,0.21,0.82,234.1,29.7,204.4,54.0,677.8,1
2019-01-24 16:00:00,17.6,68,11.6,15.7,0.0,96,96,2,0,0.14,0.65,123.7,27.8,95.9,70.2,432.9,1
2019-01-24 17:00:00,17.0,69,11.3,15.6,0.0,76,76,4,0,0.09,0.6,42.2,7.0,35.3,33.7,145.1,1
2019-01-24 18:00:00,15.7,75,11.2,14.7,0.0,65,65,3,0,0.04,0.45,0.0,0.0,0.0,0.0,0.0,0
2019-01-24 19:00:00,15.6,76,11.4,14.7,0.0,66,66,0,0,0.02,0.42,0.0,0.0,0.0,0.0,0.0,0
2019-01-24 20:00:00,15.7,77,11.7,14.4,0.0,6,25,0,0,0.02,0.41,0.0,0.0,0.0,0.0,0.0,0
2019-01-24 21:00:00,15.2,81,11.9,13.9,0.0,3,3,0,0,0.02,0.33,0.0,0.0,0.0,0.0,0.0,0
2019-01-24 22:00:00,15.0,83,12.2,13.8,0.0,5,5,0,0,0.01,0.28,0.0,0.0,0.0,0.0,0.0,0
2019-01-24 23:00:00,15.0,84,12.4,13.8,0.0,2,2,0,0,0.01,0.27,0.0,0.0,0.0,0.0,0.0,0
2019-01-25 00:00:00,15.2,85,12.7,14.0,0.0,1,1,0,0,0.01,0.25,0.0,0.0,0.0,0.0,0.0,0
2019-01-25 01:00:00,15.0,88,13.0,14.2,0.0,1,1,0,0,0.0,0.2,0.0,0.0,0.0,0.0,0.0,0
2019-01-25 02:00:00,14.8,89,13.0,14.0,0.0,7,7,0,0,0.0,0.18,0.0,0.0,0.0,0.0,0.0,0
2019-01-25 03:00:00,15.1,89,13.3,14.2,0.0,4,4,0,0,0.0,0.19,0.0,0.0,0.0,0.0,0.0,0
2019-01-25 04:00:00,15.3,90,13.6,14.6,0.0,1,1,0,0,0.0,0.18,0.0,0.0,0.0,0.0,0.0,0
2019-01-25 05:00:00,14.9,91,13.4,14.3,0.0,4,4,0,0,0.0,0.15,0.0,0.0,0.0,0.0,0.0,0
2019-01-25 06:00:00,14.9,91,13.4,14.4,0.0,3,3,0,0,0.0,0.16,0.0,0.0,0.0,0.0,0.0,0
2019-01-25 07:00:00,15.2,90,13.6,14.8,0.0,16,16,0,0,0.02,0.17,7.8,0.0,7.8,0.0,86.4,1
2019-01-25 08:00:00,17.3,83,14.5,16.9,0.0,27,10,1,0,0.06,0.33,143.6,61.3,82.3,343.2,381.0,1
2019-01-25 09:00:00,19.3,76,15.1,19.0,0.0,10,7,6,0,0.17,0.53,351.2,227.1,124.1,625.2,636.3,1
2019-01-25 10:00:00,20.9,70,15.1,20.6,0.0,29,27,9,0,0.28,0.75,535.2,397.7,137.5,757.6,835.0,1
2019-01-25 11:00:00,21.0,69,15.0,20.6,0.1,17,14,9,0,0.33,0.78,573.5,390.5,183.0,608.6,963.5,1
2019-01-25 12:00:00,20.9,69,14.9,20.3,0.0,24,22,6,0,0.31,0.77,517.1,304.4,212.8,431.7,1013.0,1
2019-01-25 13:00:00,21.4,66,14.7,21.1,0.0,25,23,7,0,0.36,0.87,559.7,401.5,158.2,564.6,980.3,1
2019-01-25 14:00:00,21.1,68,14.9,21.0,0.2,19,15,16,0,0.34,0.81,513.7,365.5,148.2,554.5,867.5,1
2019-01-25 15:00:00,20.3,68,14.1,19.6,0.0,8,8,1,0,0.28,0.77,403.8,303.3,100.5,548.5,682.2,1
2019-01-25 16:00:00,19.4,69,13.7,18.9,0.0,2,2,1,0,0.2,0.69,244.9,171.3,73.6,428.5,437.2,1
2019-01-25 17:00:00,18.0,76,13.7,18.2,0.0,6,5,2,0,0.08,0.49,71.5,41.3,30.2,196.9,149.2,1
2019-01-25 18:00:00,15.3,88,13.3,15.2,0.0,25,25,2,0,0.02,0.21,0.0,0.0,0.0,0.0,0.0,0
2019-01-25 19:00:00,15.6,85,13.0,15.5,0.0,49,49,2,0,0.0,0.27,0.0,0.0,0.0,0.0,0.0,0
2019-01-25 20:00:00,15.3,88,13.4,15.1,0.0,38,26,2,0,0.0,0.21,0.0,0.0,0.0,0.0,0.0,0
2019-01-25 21:00:00,16.2,83,13.4,16.4,0.0,33,33,1,0,0.0,0.3,0.0,0.0,0.0,0.0,0.0,0
2019-01-25 22:00:00,15.9,84,13.1,16.0,0.0,40,39,1,0,0.0,0.29,0.0,0.0,0.0,0.0,0.0,0
2019-01-25 23:00:00,15.6,85,13.0,15.7,0.0,40,39,1,0,0.0,0.27,0.0,0.0,0.0,0.0,0.0,0
2019-01-26 00:00:00,15.8,82,12.7,15.7,0.0,36,36,2,0,0.0,0.33,0.0,0.0,0.0,0.0,0.0,0
2019-01-26 01:00:00,15.0,81,11.7,14.5,0.0,28,27,2,0,0.0,0.33,0.0,0.0,0.0,0.0,0.0,0
2019-01-26 02:00:00,14.6,81,11.3,13.9,0.0,43,43,1,0,0.0,0.32,0.0,0.0,0.0,0.0,0.0,0
2019-01-26 03:00:00,14.0,81,10.8,13.4,0.0,58,58,1,0,0.0,0.31,0.0,0.0,0.0,0.0,0.0,0
2019-01-26 04:00:00,13.3,83,10.4,12.3,0.0,53,53,3,0,0.0,0.27,0.0,0.0,0.0,0.0,0.0,0
2019-01-26 05:00:00,12.6,83,9.8,11.5,0.0,88,88,11,0,0.0,0.25,0.0,0.0,0.0,0.0,0.0,0
2019-01-26 06:00:00,13.5,81,10.2,12.5,0.0,94,94,15,0,0.0,0.3,0.0,0.0,0.0,0.0,0.0,0
2019-01-26 07:00:00,13.6,83,10.8,13.2,0.1,100,100,41,0,0.02,0.26,5.2,0.0,5.2,0.0,88.1,1
2019-01-26 08:00:00,14.8,68,8.9,12.8,0.0,92,85,32,0,0.07,0.55,40.2,0.0,40.2,0.0,383.2,1
2019-01-26 09:00:00,15.2,62,7.9,12.4,0.0,36,35,28,0,0.13,0.66,192.3,49.6,142.6,135.9,639.0,1
2019-01-26 10:00:00,15.7,57,7.2,12.3,0.0,57,56,14,0,0.22,0.76,397.7,182.5,215.2,346.2,838.2,1
2019-01-26 11:00:00,15.9,57,7.5,12.6,0.0,99,99,18,0,0.27,0.78,502.2,240.4,261.7,373.3,967.1,1
2019-01-26 12:00:00,15.6,57,7.1,12.2,0.0,95,95,29,0,0.25,0.77,414.4,121.2,293.2,171.2,1017.1,1
2019-01-26 13:00:00,15.2,62,8.0,12.0,0.0,88,87,39,0,0.23,0.65,374.2,44.9,329.2,62.9,984.6,1
2019-01-26 14:00:00,14.2,67,8.1,11.4,0.0,91,91,33,0,0.17,0.54,246.2,54.1,192.1,81.7,871.9,1
2019-01-26 15:00:00,14.4,62,7.2,11.3,0.0,95,95,26,0,0.17,0.62,210.0,43.7,166.2,78.6,686.7,1
2019-01-26 16:00:00,13.9,63,6.9,10.9,0.0,65,65,17,0,0.13,0.59,127.4,22.5,104.8,55.9,441.6,1
2019-01-26 17:00:00,13.2,67,7.1,10.8,0.0,96,96,11,0,0.08,0.51,38.3,7.7,30.6,36.0,153.3,1
2019-01-26 18:00:00,12.9,65,6.4,10.6,0.0,82,82,8,0,0.05,0.52,0.0,0.0,0.0,0.0,0.0,0
2019-01-26 19:00:00,12.9,65,6.6,10.6,0.0,84,84,9,0,0.03,0.52,0.0,0.0,0.0,0.0,0.0,0
2019-01-26 20:00:00,13.3,66,7.0,11.6,0.0,97,95,11,0,0.02,0.52,0.0,0.0,0.0,0.0,0.0,0
2019-01-26 21:00:00,14.0,61,6.5,11.6,0.0,92,92,8,0,0.04,0.63,0.0,0.0,0.0,0.0,0.0,0
2019-01-26 22:00:00,13.8,61,6.4,11.3,0.0,56,54,17,0,0.04,0.61,0.0,0.0,0.0,0.0,0.0,0
2019-01-26 23:00:00,13.0,65,6.6,10.6,0.0,47,19,46,0,0.03,0.52,0.0,0.0,0.0,0.0,0.0,0
2019-01-27 00:00:00,12.9,66,6.8,10.7,0.0,82,76,57,0,0.03,0.5,0.0,0.0,0.0,0.0,0.0,0
2019-01-27 01:00:00,13.3,65,6.9,10.7,0.0,83,78,69,0,0.04,0.53,0.0,0.0,0.0,0.0,0.0,0
2019-01-27 02:00:00,13.1,65,6.7,10.5,0.0,77,70,58,0,0.04,0.53,0.0,0.0,0.0,0.0,0.0,0
2019-01-27 03:00:00,12.8,67,6.8,10.8,0.0,91,89,48,0,0.02,0.49,0.0,0.0,0.0,0.0,0.0,0
2019-01-27 04:00:00,12.7,68,6.9,10.7,0.0,89,88,36,0,0.02,0.48,0.0,0.0,0.0,0.0,0.0,0
2019-01-27 05:00:00,12.8,67,6.9,11.0,0.0,82,81,31,0,0.02,0.48,0.0,0.0,0.0,0.0,0.0,0
2019-01-27 06:00:00,12.7,69,7.1,10.7,0.0,70,70,22,0,0.02,0.46,0.0,0.0,0.0,0.0,0.0,0
2019-01-27 07:00:00,12.7,70,7.4,10.8,0.0,52,52,12,0,0.04,0.44,7.7,0.0,7.7,0.0,89.9,1
2019-01-27 08:00:00,15.0,68,9.1,13.6,0.0,47,66,8,0,0.07,0.55,139.6,53.0,86.7,295.9,385.5,1
2019-01-27 09:00:00,16.5,59,8.5,14.4,0.0,31,30,8,0,0.16,0.77,283.9,143.8,140.1,391.9,641.8,1
2019-01-27 10:00:00,17.0,57,8.5,14.0,0.0,97,97,7,0,0.26,0.83,470.8,288.4,182.5,544.6,841.5,1
2019-01-27 11:00:00,17.1,57,8.4,13.9,0.0,91,91,12,0,0.25,0.85,391.5,133.0,258.5,205.6,970.9,1
2019-01-27 12:00:00,16.5,59,8.5,13.5,0.0,95,95,11,0,0.22,0.76,304.4,12.2,292.2,17.2,1021.2,1
2019-01-27 13:00:00,17.6,56,8.7,14.6,0.0,100,100,6,0,0.31,0.89,496.4,231.6,264.8,322.9,988.9,1
2019-01-27 14:00:00,16.6,58,8.2,13.8,0.0,99,99,6,0,0.2,0.8,239.8,11.2,228.6,16.8,876.4,1
2019-01-27 15:00:00,17.0,55,7.9,14.2,0.0,100,100,5,0,0.21,0.87,249.5,61.3,188.2,109.5,691.2,1
2019-01-27 16:00:00,16.2,60,8.3,13.5,0.0,84,84,5,0,0.15,0.75,116.7,25.7,91.1,63.2,445.9,1
2019-01-27 17:00:00,15.4,67,9.2,12.9,0.0,25,25,6,0,0.1,0.59,63.6,19.6,43.9,90.9,157.4,1
2019-01-27 18:00:00,14.2,71,9.1,12.2,0.0,8,7,1,0,0.05,0.46,0.0,0.0,0.0,0.0,0.0,0
2019-01-27 19:00:00,13.2,75,8.9,11.5,0.0,4,4,0,0,0.02,0.38,0.0,0.0,0.0,0.0,0.0,0
2019-01-27 20:00:00,12.8,82,9.7,11.6,0.0,5,1,0,0,0.0,0.27,0.0,0.0,0.0,0.0,0.0,0
2019-01-27 21:00:00,12.5,83,9.6,11.3,0.0,1,0,0,0,0.0,0.25,0.0,0.0,0.0,0.0,0.0,0
2019-01-27 22:00:00,12.3,84,9.7,11.1,0.0,4,4,0,0,0.0,0.23,0.0,0.0,0.0,0.0,0.0,0
2019-01-27 23:00:00,12.6,84,10.0,11.3,0.0,0,0,0,0,0.0,0.24,0.0,0.0,0.0,0.0,0.0,0
2019-01-28 00:00:00,12.4,88,10.4,11.2,0.0,0,0,0,0,0.0,0.18,0.0,0.0,0.0,0.0,0.0,0
2019-01-28 01:00:00,12.6,88,10.6,11.4,0.0,1,1,0,0,0.0,0.18,0.0,0.0,0.0,0.0,0.0,0
2019-01-28 02:00:00,12.8,88,10.8,11.6,0.0,0,0,0,0,0.0,0.18,0.0,0.0,0.0,0.0,0.0,0
2019-01-28 03:00:00,12.5,89,10.7,11.5,0.0,1,1,0,0,0.0,0.16,0.0,0.0,0.0,0.0,0.0,0
2019-01-28 04:00:00,12.4,89,10.7,11.5,0.0,6,6,0,0,0.0,0.15,0.0,0.0,0.0,0.0,0.0,0
2019-01-28 05:00:00,12.1,91,10.7,11.3,0.0,2,2,0,0,0.0,0.13,0.0,0.0,0.0,0.0,0.0,0
2019-01-28 06:00:00,11.8,91,10.5,11.0,0.0,2,2,0,0,0.0,0.12,0.0,0.0,0.0,0.0,0.0,0
2019-01-28 07:00:00,12.1,91,10.7,11.4,0.0,1,1,0,0,0.02,0.13,10.3,2.6,7.7,13.7,91.9,1
2019-01-28 08:00:00,15.5,80,12.1,15.0,0.0,1,1,0,0,0.06,0.34,192.0,113.6,78.4,634.1,387.9,1
2019-01-28 09:00:00,18.5,69,12.7,18.0,0.0,0,0,0,0,0.18,0.67,392.7,286.2,106.5,775.7,644.7,1
2019-01-28 10:00:00,20.2,60,12.2,19.2,0.0,4,4,0,0,0.31,0.95,565.3,443.7,121.6,834.3,844.9,1
2019-01-28 11:00:00,21.2,56,12.0,20.5,0.0,10,10,0,0,0.38,1.11,644.7,492.6,152.1,758.4,974.7,1
2019-01-28 12:00:00,20.9,62,13.3,20.8,0.0,7,7,0,0,0.42,0.94,725.0,583.5,141.5,817.4,1025.3,1
2019-01-28 13:00:00,20.5,63,13.1,20.0,0.0,1,1,0,0,0.41,0.91,696.9,562.0,134.9,780.0,993.4,1
2019-01-28 14:00:00,20.5,62,13.0,19.8,0.0,2,2,1,0,0.38,0.91,602.1,482.6,119.5,721.4,880.9,1
2019-01-28 15:00:00,19.9,63,12.6,18.6,0.0,37,36,4,0,0.31,0.86,452.1,347.0,105.1,616.4,695.7,1
2019-01-28 16:00:00,19.4,63,12.3,18.4,0.0,23,22,5,0,0.2,0.83,240.2,150.5,89.7,367.6,450.3,1
2019-01-28 17:00:00,18.3,69,12.4,17.9,0.0,27,15,23,0,0.09,0.66,74.2,40.3,34.0,183.9,161.5,1
2019-01-28 18:00:00,16.3,77,12.3,16.1,0.0,27,9,25,0,0.03,0.42,0.0,0.0,0.0,0.0,0.0,0
2019-01-28 19:00:00,15.4,82,12.3,15.2,0.0,15,6,13,0,0.0,0.31,0.0,0.0,0.0,0.0,0.0,0
2019-01-28 20:00:00,15.4,82,12.3,15.1,0.0,8,3,18,0,0.0,0.32,0.0,0.0,0.0,0.0,0.0,0
2019-01-28 21:00:00,15.4,82,12.4,15.0,0.0,10,3,9,0,0.0,0.31,0.0,0.0,0.0,0.0,0.0,0
2019-01-28 22:00:00,15.3,84,12.7,14.9,0.0,7,3,6,0,0.0,0.27,0.0,0.0,0.0,0.0,0.0,0
2019-01-28 23:00:00,15.0,88,13.0,14.6,0.0,7,6,5,0,0.0,0.21,0.0,0.0,0.0,0.0,0.0,0
2019-01-29 00:00:00,15.0,88,13.1,14.7,0.0,5,4,4,0,0.0,0.2,0.0,0.0,0.0,0.0,0.0,0
2019-01-29 01:00:00,14.8,89,13.0,14.4,0.0,5,4,3,0,0.0,0.19,0.0,0.0,0.0,0.0,0.0,0
2019-01-29 02:00:00,14.9,89,13.1,14.4,0.0,6,5,3,0,0.0,0.19,0.0,0.0,0.0,0.0,0.0,0
2019-01-29 03:00:00,15.2,88,13.3,14.7,0.0,12,12,2,0,0.0,0.2,0.0,0.0,0.0,0.0,0.0,0
2019-01-29 04:00:00,15.3,89,13.5,15.0,0.0,28,28,1,0,0.0,0.19,0.0,0.0,0.0,0.0,0.0,0
2019-01-29 05:00:00,15.7,88,13.7,15.5,0.0,94,94,3,0,0.0,0.22,0.0,0.0,0.0,0.0,0.0,0
2019-01-29 06:00:00,16.1,85,13.7,16.0,0.0,21,20,4,0,0.0,0.27,0.0,0.0,0.0,0.0,0.0,0
2019-01-29 07:00:00,15.9,87,13.6,15.8,0.0,4,0,4,0,0.03,0.24,7.6,0.0,7.6,0.0,93.9,1
2019-01-29 08:00:00,17.8,81,14.4,17.6,0.0,7,9,14,0,0.07,0.4,162.8,68.6,94.1,382.5,390.4,1
2019-01-29 09:00:00,19.4,71,14.1,18.2,0.0,11,3,10,0,0.18,0.64,354.1,204.3,149.8,550.6,647.8,1
2019-01-29 10:00:00,20.4,66,13.8,18.7,0.0,43,42,7,0,0.29,0.83,541.6,382.8,158.8,716.5,848.4,1
2019-01-29 11:00:00,20.8,65,13.9,19.1,0.0,84,84,25,0,0.31,0.87,527.7,324.5,203.2,497.4,978.6,1
2019-01-29 12:00:00,21.1,63,13.7,19.5,0.1,98,98,26,0,0.32,0.94,495.9,204.7,291.3,285.5,1029.6,1
2019-01-29 13:00:00,21.0,64,14.0,19.7,0.0,94,94,24,0,0.27,0.88,366.6,87.0,279.6,120.2,997.8,1
2019-01-29 14:00:00,21.0,66,14.3,19.7,0.0,89,89,7,0,0.25,0.86,310.0,38.3,271.7,56.9,885.5,1
2019-01-29 15:00:00,21.3,64,14.1,19.8,0.0,18,18,0,0,0.28,0.92,366.5,176.2,190.3,311.2,700.2,1
2019-01-29 16:00:00,20.5,67,14.3,19.3,0.0,7,7,0,0,0.2,0.79,207.1,111.7,95.3,270.8,454.7,1
2019-01-29 17:00:00,19.5,71,14.2,18.6,0.0,3,3,0,0,0.12,0.65,79.9,46.5,33.3,209.6,165.6,1
2019-01-29 18:00:00,18.1,77,14.0,17.2,0.0,1,1,0,0,0.05,0.48,0.0,0.0,0.0,0.0,0.0,0
2019-01-29 19:00:00,17.4,81,14.1,16.6,0.0,1,1,1,0,0.02,0.38,0.0,0.0,0.0,0.0,0.0,0
2019-01-29 20:00:00,17.9,82,14.7,17.6,0.0,2,3,9,0,0.02,0.37,0.0,0.0,0.0,0.0,0.0,0
2019-01-29 21:00:00,18.2,76,13.9,17.7,0.0,9,3,8,0,0.03,0.5,0.0,0.0,0.0,0.0,0.0,0
2019-01-29 22:00:00,17.9,73,12.9,17.3,0.0,5,3,4,0,0.03,0.56,0.0,0.0,0.0,0.0,0.0,0
2019-01-29 23:00:00,17.5,70,12.1,16.8,0.0,3,2,2,0,0.03,0.59,0.0,0.0,0.0,0.0,0.0,0
2019-01-30 00:00:00,17.2,73,12.2,16.5,0.0,3,3,0,0,0.02,0.54,0.0,0.0,0.0,0.0,0.0,0
2019-01-30 01:00:00,17.4,72,12.4,16.8,0.0,4,4,0,0,0.02,0.55,0.0,0.0,0.0,0.0,0.0,0
2019-01-30 02:00:00,16.2,78,12.3,15.8,0.0,3,3,0,0,0.01,0.41,0.0,0.0,0.0,0.0,0.0,0
2019-01-30 03:00:00,15.0,82,12.0,14.3,0.0,2,2,0,0,0.01,0.3,0.0,0.0,0.0,0.0,0.0,0
2019-01-30 04:00:00,14.9,80,11.5,14.2,0.0,1,1,0,0,0.01,0.34,0.0,0.0,0.0,0.0,0.0,0
2019-01-30 05:00:00,16.9,73,12.0,16.6,0.0,1,1,0,0,0.01,0.52,0.0,0.0,0.0,0.0,0.0,0
2019-01-30 06:00:00,16.5,75,12.0,16.7,0.0,0,0,0,0,0.0,0.48,0.0,0.0,0.0,0.0,0.0,0
2019-01-30 07:00:00,15.5,80,12.0,15.5,0.0,0,0,0,0,0.02,0.36,12.7,2.5,10.1,13.7,96.1,1
2019-01-30 08:00:00,18.4,77,14.3,19.4,0.0,0,0,0,0,0.06,0.49,194.1,116.1,78.0,646.6,393.1,1
2019-01-30 09:00:00,21.2,67,14.8,22.6,0.0,0,0,0,0,0.19,0.83,398.4,295.7,102.7,792.5,650.9,1
2019-01-30 10:00:00,23.0,62,15.3,24.3,0.0,1,0,1,0,0.32,1.07,573.0,457.0,115.9,851.3,852.0,1
2019-01-30 11:00:00,24.2,58,15.5,25.9,0.0,2,0,2,0,0.42,1.25,687.2,567.0,120.2,865.5,982.6,1
2019-01-30 12:00:00,24.9,50,13.8,25.9,0.0,2,0,2,0,0.49,1.57,736.3,613.1,123.2,851.5,1033.9,1
2019-01-30 13:00:00,24.9,51,14.0,25.6,0.0,1,1,1,0,0.49,1.55,696.2,572.0,124.2,786.7,1002.3,1
2019-01-30 14:00:00,24.6,57,15.5,25.4,0.0,6,2,6,0,0.42,1.33,577.3,456.8,120.5,676.0,890.1,1
2019-01-30 15:00:00,24.1,61,16.2,24.7,0.0,11,2,11,0,0.34,1.16,441.4,342.2,99.2,600.8,704.8,1
2019-01-30 16:00:00,22.7,68,16.5,23.3,0.0,21,12,20,0,0.2,0.89,209.8,127.6,82.2,306.8,459.1,1
2019-01-30 17:00:00,21.0,73,16.0,22.0,0.0,28,18,27,0,0.1,0.66,75.9,43.3,32.6,192.4,169.7,1
2019-01-30 18:00:00,18.1,86,15.7,19.1,0.0,20,8,19,0,0.02,0.29,0.0,0.0,0.0,0.0,0.0,0
2019-01-30 19:00:00,17.7,83,14.8,18.9,0.0,9,3,8,0,0.0,0.35,0.0,0.0,0.0,0.0,0.0,0
2019-01-30 20:00:00,18.3,76,14.0,19.1,0.0,5,1,3,0,0.0,0.51,0.0,0.0,0.0,0.0,0.0,0
2019-01-30 21:00:00,16.3,87,14.2,16.7,0.0,1,0,1,0,0.0,0.23,0.0,0.0,0.0,0.0,0.0,0
2019-01-30 22:00:00,15.5,91,14.1,15.8,0.0,0,0,0,0,0.0,0.16,0.0,0.0,0.0,0.0,0.0,0
2019-01-30 23:00:00,14.8,93,13.7,15.0,0.0,0,0,0,0,0.0,0.12,0.0,0.0,0.0,0.0,0.0,0
2019-01-31 00:00:00,14.3,90,12.8,14.0,0.0,0,0,0,0,0.0,0.16,0.0,0.0,0.0,0.0,0.0,0
2019-01-31 01:00:00,14.9,83,12.1,14.5,0.0,0,0,0,0,0.0,0.28,0.0,0.0,0.0,0.0,0.0,0
2019-01-31 02:00:00,14.6,83,11.8,14.4,0.0,0,0,0,0,0.0,0.28,0.0,0.0,0.0,0.0,0.0,0
2019-01-31 03:00:00,15.4,80,11.9,15.5,0.0,0,0,0,0,0.0,0.35,0.0,0.0,0.0,0.0,0.0,0
2019-01-31 04:00:00,16.0,78,12.1,16.3,0.0,0,0,0,0,0.0,0.41,0.0,0.0,0.0,0.0,0.0,0
2019-01-31 05:00:00,17.0,73,12.1,17.6,0.0,0,0,0,0,0.0,0.53,0.0,0.0,0.0,0.0,0.0,0
2019-01-31 06:00:00,17.2,71,11.9,17.3,0.0,0,0,0,0,0.0,0.57,0.0,0.0,0.0,0.0,0.0,0
2019-01-31 07:00:00,17.5,65,10.9,17.6,0.0,2,0,2,0,0.02,0.7,12.6,2.5,10.1,13.8,98.4,1
2019-01-31 08:00:00,18.6,68,12.5,18.3,0.0,4,0,9,0,0.08,0.69,193.5,117.3,76.1,652.6,395.9,1
2019-01-31 09:00:00,19.7,66,13.2,19.5,0.0,16,1,16,0,0.18,0.78,363.5,262.1,101.4,698.3,654.1,1
2019-01-31 10:00:00,21.5,62,13.8,21.7,0.0,26,13,25,0,0.3,0.98,528.9,398.4,130.5,738.6,855.6,1
2019-01-31 11:00:00,22.8,61,14.8,23.5,0.0,21,14,19,0,0.38,1.09,635.0,476.5,158.5,724.2,986.6,1
2019-01-31 12:00:00,24.2,57,15.3,25.0,0.0,19,13,18,0,0.46,1.29,701.7,552.0,149.7,763.3,1038.2,1
2019-01-31 13:00:00,24.6,55,15.0,25.0,0.0,30,15,29,0,0.46,1.39,665.0,521.3,143.8,713.7,1006.8,1
2019-01-31 14:00:00,24.1,55,14.5,23.7,0.0,80,16,79,0,0.42,1.35,563.5,424.3,139.2,624.7,894.7,1
2019-01-31 15:00:00,22.2,63,14.7,22.0,0.0,94,10,94,0,0.29,1.01,373.2,209.9,163.3,366.2,709.3,1
2019-01-31 16:00:00,19.5,73,14.5,19.0,0.8,99,16,99,0,0.13,0.62,127.1,12.5,114.5,29.9,463.4,1
2019-01-31 17:00:00,16.7,88,14.7,15.9,2.2,100,100,100,0,0.05,0.23,17.3,2.2,15.1,9.5,173.8,1
2019-01-31 18:00:00,15.4,89,13.6,14.8,0.4,100,100,100,0,0.03,0.2,0.0,0.0,0.0,0.0,0.0,0
2019-01-31 19:00:00,15.0,87,12.8,14.2,0.3,100,100,93,0,0.0,0.22,0.0,0.0,0.0,0.0,0.0,0
2019-01-31 20:00:00,15.6,80,12.2,14.8,0.1,100,100,100,0,0.01,0.35,0.0,0.0,0.0,0.0,0.0,0
2019-01-31 21:00:00,15.6,80,12.1,14.4,0.1,100,100,96,0,0.02,0.36,0.0,0.0,0.0,0.0,0.0,0
2019-01-31 22:00:00,15.2,77,11.2,13.5,0.1,100,100,67,0,0.03,0.4,0.0,0.0,0.0,0.0,0.0,0
2019-01-31 23:00:00,14.7,77,10.8,13.2,0.0,100,100,24,0,0.02,0.38,0.0,0.0,0.0,0.0,0.0,0
2019-02-01 00:00:00,14.5,78,10.7,13.3,0.0,100,100,41,0,0.02,0.37,0.0,0.0,0.0,0.0,0.0,0
2019-02-01 01:00:00,14.4,78,10.6,13.3,0.1,100,100,35,0,0.01,0.36,0.0,0.0,0.0,0.0,0.0,0
2019-02-01 02:00:00,14.1,78,10.4,13.0,0.1,100,100,37,0,0.01,0.35,0.0,0.0,0.0,0.0,0.0,0
2019-02-01 03:00:00,13.8,79,10.2,12.5,0.1,100,100,34,0,0.01,0.34,0.0,0.0,0.0,0.0,0.0,0
2019-02-01 04:00:00,13.5,79,9.9,11.9,0.1,99,99,13,0,0.02,0.33,0.0,0.0,0.0,0.0,0.0,0
2019-02-01 05:00:00,13.5,78,9.7,12.0,0.0,100,100,6,0,0.01,0.34,0.0,0.0,0.0,0.0,0.0,0
2019-02-01 06:00:00,13.4,78,9.7,11.8,0.0,99,99,4,0,0.01,0.33,0.0,0.0,0.0,0.0,0.0,0
2019-02-01 07:00:00,13.4,78,9.7,11.8,0.0,99,99,3,0,0.04,0.34,5.0,0.0,5.0,0.0,100.8,1
2019-02-01 08:00:00,14.4,77,10.4,13.4,0.0,99,100,7,0,0.05,0.38,66.4,1.6,64.8,8.8,398.7,1
2019-02-01 09:00:00,14.9,71,9.6,12.7,0.0,100,100,12,0,0.1,0.5,122.3,9.9,112.4,26.2,657.5,1
2019-02-01 10:00:00,14.8,71,9.6,12.4,0.0,100,100,27,0,0.11,0.49,118.1,0.0,118.1,0.0,859.4,1
2019-02-01 11:00:00,15.1,69,9.3,12.6,0.0,100,100,38,0,0.14,0.54,179.8,14.9,164.9,22.5,990.8,1
2019-02-01 12:00:00,15.4,67,9.2,12.8,0.0,98,98,66,0,0.18,0.58,268.9,30.6,238.3,42.1,1042.6,1
2019-02-01 13:00:00,15.2,67,9.2,12.7,0.0,100,100,62,0,0.17,0.57,233.8,23.5,210.3,32.0,1011.4,1
2019-02-01 14:00:00,15.6,66,9.3,13.2,0.0,98,97,86,0,0.21,0.61,309.4,95.4,214.1,139.7,899.3,1
2019-02-01 15:00:00,15.5,66,9.3,12.9,0.0,99,21,99,0,0.16,0.59,181.0,23.7,157.3,41.2,713.9,1
2019-02-01 16:00:00,15.9,64,9.2,13.1,0.0,100,100,63,0,0.15,0.64,153.2,58.9,94.3,139.5,467.8,1
2019-02-01 17:00:00,15.3,70,9.8,13.1,0.0,100,11,100,0,0.09,0.53,40.9,7.6,33.3,33.1,177.9,1
2019-02-01 18:00:00,15.0,73,10.1,12.9,0.1,100,2,100,0,0.06,0.47,0.0,0.0,0.0,0.0,0.0,0
2019-02-01 19:00:00,15.0,75,10.7,13.0,0.2,100,3,100,0,0.03,0.42,0.0,0.0,0.0,0.0,0.0,0
2019-02-01 20:00:00,15.3,80,11.8,13.5,0.1,96,14,85,0,0.03,0.35,0.0,0.0,0.0,0.0,0.0,0
2019-02-01 21:00:00,15.6,80,12.2,13.8,0.0,87,7,87,0,0.03,0.35,0.0,0.0,0.0,0.0,0.0,0
2019-02-01 22:00:00,15.9,80,12.5,13.9,0.0,92,10,92,0,0.03,0.36,0.0,0.0,0.0,0.0,0.0,0
2019-02-01 23:00:00,16.0,81,12.6,14.2,0.0,73,10,73,0,0.03,0.35,0.0,0.0,0.0,0.0,0.0,0
2019-02-02 00:00:00,16.0,81,12.8,14.3,0.0,66,6,65,0,0.03,0.34,0.0,0.0,0.0,0.0,0.0,0
2019-02-02 01:00:00,15.9,83,13.0,14.4,0.0,38,4,38,0,0.02,0.31,0.0,0.0,0.0,0.0,0.0,0
2019-02-02 02:00:00,15.8,84,13.1,14.7,0.0,63,3,63,0,0.02,0.29,0.0,0.0,0.0,0.0,0.0,0
2019-02-02 03:00:00,16.1,83,13.3,15.3,0.0,98,5,98,0,0.01,0.3,0.0,0.0,0.0,0.0,0.0,0
2019-02-02 04:00:00,16.7,79,13.1,16.2,0.0,100,8,100,0,0.02,0.39,0.0,0.0,0.0,0.0,0.0,0
2019-02-02 05:00:00,17.0,77,12.8,16.5,0.0,100,33,100,0,0.02,0.45,0.0,0.0,0.0,0.0,0.0,0
2019-02-02 06:00:00,17.2,74,12.5,16.7,0.0,28,14,24,0,0.02,0.51,0.0,0.0,0.0,0.0,0.0,0
2019-02-02 07:00:00,16.5,77,12.5,16.1,0.0,32,28,15,0,0.04,0.42,12.4,2.5,9.9,13.7,103.3,1
2019-02-02 08:00:00,18.8,70,13.3,18.4,0.0,44,22,16,0,0.08,0.65,154.4,83.5,70.9,461.3,401.7,1
2019-02-02 09:00:00,20.6,64,13.6,20.3,0.0,26,22,23,0,0.18,0.87,314.8,197.5,117.3,519.7,660.9,1
2019-02-02 10:00:00,22.0,59,13.7,21.4,0.0,26,9,25,0,0.28,1.08,452.1,316.0,136.1,580.1,863.2,1
2019-02-02 11:00:00,23.3,55,13.8,22.3,0.0,19,0,18,0,0.39,1.28,591.3,436.0,155.3,656.7,994.9,1
2019-02-02 12:00:00,24.1,55,14.6,23.6,0.0,9,4,9,0,0.46,1.34,685.5,539.8,145.7,739.9,1047.0,1
2019-02-02 13:00:00,24.4,55,14.7,23.9,0.0,8,2,7,0,0.47,1.38,678.9,543.9,135.0,737.9,1016.0,1
2019-02-02 14:00:00,24.6,55,15.0,24.4,0.0,9,5,8,0,0.44,1.38,602.3,481.6,120.6,702.0,903.9,1
2019-02-02 15:00:00,24.2,58,15.5,24.2,0.0,19,17,16,0,0.36,1.27,452.0,351.8,100.3,606.6,718.4,1
2019-02-02 16:00:00,23.1,63,15.6,23.3,0.0,23,22,13,0,0.23,1.05,247.2,174.8,72.4,410.5,472.1,1
2019-02-02 17:00:00,21.5,67,15.1,21.6,0.0,26,26,8,0,0.12,0.84,81.6,49.1,32.5,209.4,181.9,1
2019-02-02 18:00:00,19.8,71,14.3,19.9,0.0,7,7,2,0,0.05,0.68,0.0,0.0,0.0,0.0,0.0,0
2019-02-02 19:00:00,19.0,72,13.8,19.0,0.0,2,2,0,0,0.02,0.61,0.0,0.0,0.0,0.0,0.0,0
2019-02-02 20:00:00,19.2,73,14.3,20.4,0.0,8,3,0,0,0.0,0.59,0.0,0.0,0.0,0.0,0.0,0
2019-02-02 21:00:00,18.5,77,14.4,19.6,0.0,3,2,1,0,0.0,0.5,0.0,0.0,0.0,0.0,0.0,0
2019-02-02 22:00:00,18.1,80,14.5,19.3,0.0,11,3,2,8,0.0,0.42,0.0,0.0,0.0,0.0,0.0,0
2019-02-02 23:00:00,16.4,89,14.5,17.5,0.0,14,7,0,7,0.0,0.21,0.0,0.0,0.0,0.0,0.0,0
2019-02-03 00:00:00,15.0,98,14.7,16.1,0.0,48,46,0,8,0.0,0.04,0.0,0.0,0.0,0.0,0.0,0
2019-02-03 01:00:00,14.1,100,14.1,15.0,0.0,100,100,0,9,0.0,0.0,0.0,0.0,0.0,0.0,0.0,0
2019-02-03 02:00:00,13.6,100,13.6,14.6,0.0,100,100,1,13,0.0,0.0,0.0,0.0,0.0,0.0,0.0,0
2019-02-03 03:00:00,13.8,100,13.8,14.9,0.0,100,100,1,0,0.0,0.0,0.0,0.0,0.0,0.0,0.0,0
2019-02-03 04:00:00,13.6,100,13.6,14.5,0.0,100,100,0,2,0.0,0.0,0.0,0.0,0.0,0.0,0.0,0
2019-02-03 05:00:00,13.5,100,13.5,14.5,0.0,100,100,6,20,0.0,0.0,0.0,0.0,0.0,0.0,0.0,0
2019-02-03 06:00:00,14.0,98,13.7,15.0,0.0,42,32,16,12,0.0,0.03,0.0,0.0,0.0,0.0,0.0,0
2019-02-03 07:00:00,14.5,96,13.9,15.4,0.0,29,21,13,1,0.01,0.07,12.3,2.5,9.9,13.8,105.9,1
2019-02-03 08:00:00,17.4,88,15.4,18.8,0.0,10,17,1,0,0.05,0.23,179.0,91.0,87.9,497.4,404.7,1
2019-02-03 09:00:00,20.2,79,16.4,22.2,0.0,12,3,12,0,0.18,0.5,378.6,259.0,119.6,677.2,664.3,1
2019-02-03 10:00:00,22.9,68,16.7,25.0,0.0,18,2,18,0,0.31,0.89,553.2,429.5,123.7,784.4,867.1,1
2019-02-03 11:00:00,24.9,62,17.0,27.2,0.0,18,3,18,0,0.41,1.2,643.4,494.5,148.9,741.3,999.1,1
2019-02-03 12:00:00,26.5,57,17.4,29.0,0.0,7,0,7,0,0.47,1.47,693.7,550.0,143.6,750.5,1051.5,1
2019-02-03 13:00:00,26.3,60,17.8,28.3,0.0,10,0,9,0,0.49,1.38,692.7,568.5,124.3,767.6,1020.6,1
2019-02-03 14:00:00,25.6,63,18.0,27.7,0.0,26,16,25,0,0.42,1.22,572.5,450.9,121.6,653.9,908.5,1
2019-02-03 15:00:00,25.2,64,17.9,27.2,0.0,48,39,44,0,0.32,1.15,415.4,306.2,109.1,525.0,722.9,1
2019-02-03 16:00:00,24.5,67,17.9,26.8,0.0,35,29,27,0,0.19,1.02,212.9,143.5,69.4,334.5,476.5,1
2019-02-03 17:00:00,23.2,76,18.7,26.1,0.0,75,72,36,0,0.08,0.68,62.9,33.9,28.9,143.0,186.0,1
2019-02-03 18:00:00,21.6,83,18.6,24.2,0.0,87,84,64,0,0.03,0.44,0.0,0.0,0.0,0.0,0.0,0
2019-02-03 19:00:00,21.1,85,18.5,23.8,0.0,60,55,32,0,0.0,0.37,0.0,0.0,0.0,0.0,0.0,0
2019-02-03 20:00:00,20.6,83,17.7,22.8,0.0,30,0,6,0,0.0,0.4,0.0,0.0,0.0,0.0,0.0,0
2019-02-03 21:00:00,20.2,84,17.5,22.4,0.0,25,1,16,14,0.0,0.37,0.0,0.0,0.0,0.0,0.0,0
2019-02-03 22:00:00,19.2,89,17.4,21.3,0.0,29,1,18,17,0.0,0.24,0.0,0.0,0.0,0.0,0.0,0
2019-02-03 23:00:00,19.3,87,17.1,21.1,0.0,29,2,24,9,0.0,0.29,0.0,0.0,0.0,0.0,0.0,0
2019-02-04 00:00:00,18.8,89,16.9,20.5,0.0,41,10,41,0,0.0,0.25,0.0,0.0,0.0,0.0,0.0,0
2019-02-04 01:00:00,18.8,87,16.7,20.5,0.0,50,20,49,0,0.0,0.28,0.0,0.0,0.0,0.0,0.0,0
2019-02-04 02:00:00,18.8,88,16.7,20.4,0.0,60,23,58,1,0.0,0.26,0.0,0.0,0.0,0.0,0.0,0
2019-02-04 03:00:00,20.5,77,16.3,21.9,0.0,80,75,69,8,0.01,0.56,0.0,0.0,0.0,0.0,0.0,0
2019-02-04 04:00:00,18.2,90,16.5,18.2,0.2,99,99,25,11,0.01,0.21,0.0,0.0,0.0,0.0,0.0,0
2019-02-04 05:00:00,17.7,86,15.4,17.3,0.1,99,99,58,6,0.01,0.28,0.0,0.0,0.0,0.0,0.0,0
2019-02-04 06:00:00,17.4,86,15.0,16.9,0.2,99,99,73,0,0.01,0.29,0.0,0.0,0.0,0.0,0.0,0
2019-02-04 07:00:00,17.1,86,14.7,16.5,0.3,100,100,87,0,0.04,0.28,4.9,0.0,4.9,0.0,108.6,1
2019-02-04 08:00:00,17.1,86,14.8,17.1,0.3,88,91,76,0,0.05,0.27,62.6,1.6,61.0,8.4,407.9,1
2019-02-04 09:00:00,17.6,85,15.0,16.9,0.2,100,100,81,0,0.08,0.31,101.0,13.6,87.5,35.2,667.9,1
2019-02-04 10:00:00,18.0,81,14.7,17.3,0.2,100,100,65,0,0.11,0.39,156.2,11.2,145.0,20.4,871.0,1
2019-02-04 11:00:00,18.1,81,14.8,17.5,0.1,99,99,55,0,0.11,0.39,140.4,0.0,140.4,0.0,1003.4,1
2019-02-04 12:00:00,18.3,79,14.6,17.6,0.1,98,97,71,0,0.14,0.44,206.8,5.1,201.7,6.9,1055.9,1
2019-02-04 13:00:00,18.3,77,14.3,17.3,0.1,100,100,86,0,0.16,0.48,218.2,30.3,187.9,40.8,1025.1,1
2019-02-04 14:00:00,17.9,78,14.1,17.1,0.1,99,97,94,0,0.12,0.44,127.3,0.0,127.3,0.0,913.1,1
2019-02-04 15:00:00,18.0,79,14.2,16.9,0.1,97,94,87,0,0.12,0.44,134.7,25.5,109.2,43.5,727.4,1
2019-02-04 16:00:00,17.7,80,14.2,16.8,0.0,99,98,96,0,0.09,0.4,74.3,3.2,71.1,7.3,480.8,1
2019-02-04 17:00:00,17.4,83,14.4,16.9,0.3,98,95,96,40,0.05,0.34,15.7,1.1,14.6,4.7,190.0,1
2019-02-04 18:00:00,16.9,88,14.8,16.7,1.1,99,95,98,37,0.03,0.24,0.0,0.0,0.0,0.0,0.0,0
2019-02-04 19:00:00,16.9,89,15.1,17.0,0.0,100,94,100,43,0.0,0.21,0.0,0.0,0.0,0.0,0.0,0
2019-02-04 20:00:00,17.3,90,15.6,17.8,0.1,100,96,95,45,0.0,0.2,0.0,0.0,0.0,0.0,0.0,0
2019-02-04 21:00:00,17.7,88,15.7,18.2,0.0,100,100,97,3,0.0,0.24,0.0,0.0,0.0,0.0,0.0,0
2019-02-04 22:00:00,17.5,90,15.9,18.2,0.3,100,95,100,29,0.0,0.19,0.0,0.0,0.0,0.0,0.0,0
2019-02-04 23:00:00,17.3,91,15.9,18.2,0.2,81,0,73,46,0.0,0.17,0.0,0.0,0.0,0.0,0.0,0
2019-02-05 00:00:00,17.1,90,15.5,17.8,0.4,90,57,88,1,0.0,0.19,0.0,0.0,0.0,0.0,0.0,0
2019-02-05 01:00:00,17.0,92,15.7,18.1,0.1,92,91,86,0,0.0,0.15,0.0,0.0,0.0,0.0,0.0,0
2019-02-05 02:00:00,17.1,93,15.9,18.2,0.1,100,100,91,0,0.0,0.14,0.0,0.0,0.0,0.0,0.0,0
2019-02-05 03:00:00,17.2,92,16.0,18.5,0.2,100,100,56,0,0.0,0.15,0.0,0.0,0.0,0.0,0.0,0
2019-02-05 04:00:00,17.2,93,16.1,18.7,0.2,88,83,82,0,0.0,0.13,0.0,0.0,0.0,0.0,0.0,0
2019-02-05 05:00:00,17.2,94,16.1,18.8,0.3,100,100,93,0,0.0,0.13,0.0,0.0,0.0,0.0,0.0,0
2019-02-05 06:00:00,17.2,94,16.2,18.9,0.3,100,100,99,0,0.0,0.13,0.0,0.0,0.0,0.0,0.0,0
2019-02-05 07:00:00,17.4,95,16.6,19.2,0.3,100,100,100,0,0.02,0.1,4.9,0.0,4.9,0.0,111.5,1
2019-02-05 08:00:00,17.7,89,15.9,19.3,0.4,100,94,97,0,0.03,0.21,37.4,0.0,37.4,0.0,411.1,1
2019-02-05 09:00:00,18.0,89,16.1,19.5,0.4,94,66,93,0,0.05,0.23,75.1,0.0,75.1,0.0,671.5,1
2019-02-05 10:00:00,19.2,81,16.0,20.0,0.3,97,97,89,0,0.12,0.41,182.0,23.6,158.4,42.6,875.0,1
2019-02-05 11:00:00,19.6,81,16.2,20.3,0.3,100,100,70,0,0.13,0.44,182.9,12.8,170.1,18.9,1007.7,1
2019-02-05 12:00:00,19.9,81,16.5,20.9,0.1,100,100,38,0,0.16,0.45,245.5,34.6,210.9,46.8,1060.4,1
2019-02-05 13:00:00,20.9,76,16.6,22.2,0.0,97,97,44,0,0.25,0.58,376.8,124.3,252.5,166.3,1029.7,1
2019-02-05 14:00:00,21.2,75,16.6,23.0,0.0,92,91,38,0,0.2,0.63,275.2,44.0,231.2,63.2,917.7,1
2019-02-05 15:00:00,21.6,74,16.7,23.7,0.0,78,75,27,0,0.18,0.68,237.9,73.1,164.8,123.9,731.9,1
2019-02-05 16:00:00,21.9,73,16.8,24.2,0.0,46,44,7,0,0.14,0.71,170.9,57.8,113.1,132.6,485.0,1
2019-02-05 17:00:00,21.0,78,17.0,23.1,0.0,42,42,4,0,0.07,0.56,64.0,23.8,40.2,97.7,193.9,1
2019-02-05 18:00:00,18.6,87,16.4,20.3,0.0,61,61,1,0,0.02,0.28,0.0,0.0,0.0,0.0,0.0,0
2019-02-05 19:00:00,17.5,91,16.0,18.9,0.0,85,85,1,0,0.0,0.18,0.0,0.0,0.0,0.0,0.0,0
2019-02-05 20:00:00,16.7,92,15.4,17.8,0.0,83,46,3,0,0.0,0.15,0.0,0.0,0.0,0.0,0.0,0
2019-02-05 21:00:00,16.3,94,15.4,17.8,0.0,41,39,9,0,0.0,0.11,0.0,0.0,0.0,0.0,0.0,0
2019-02-05 22:00:00,16.0,96,15.3,17.5,0.0,34,27,20,0,0.0,0.07,0.0,0.0,0.0,0.0,0.0,0
2019-02-05 23:00:00,15.6,98,15.2,16.6,0.0,45,41,14,0,0.0,0.04,0.0,0.0,0.0,0.0,0.0,0
2019-02-06 00:00:00,15.4,99,15.3,16.0,0.0,51,51,16,0,0.0,0.01,0.0,0.0,0.0,0.0,0.0,0
2019-02-06 01:00:00,15.3,99,15.1,16.6,0.0,56,55,10,0,0.0,0.02,0.0,0.0,0.0,0.0,0.0,0
2019-02-06 02:00:00,15.1,99,15.0,16.2,0.0,96,96,1,0,0.0,0.01,0.0,0.0,0.0,0.0,0.0,0
2019-02-06 03:00:00,14.4,100,14.4,15.4,0.0,100,100,0,0,0.0,0.01,0.0,0.0,0.0,0.0,0.0,0
2019-02-06 04:00:00,14.3,99,14.1,14.8,0.0,100,100,0,0,0.0,0.02,0.0,0.0,0.0,0.0,0.0,0
2019-02-06 05:00:00,13.8,99,13.7,14.4,0.0,100,100,0,0,0.0,0.01,0.0,0.0,0.0,0.0,0.0,0
2019-02-06 06:00:00,13.4,99,13.3,14.1,0.0,100,100,0,0,0.0,0.01,0.0,0.0,0.0,0.0,0.0,0
2019-02-06 07:00:00,13.9,99,13.7,14.2,0.0,100,100,0,0,0.01,0.02,12.1,0.0,12.1,0.0,114.4,1
2019-02-06 08:00:00,17.0,89,15.1,17.4,0.0,64,1,0,0,0.05,0.22,144.4,34.2,110.2,180.1,414.4,1
2019-02-06 09:00:00,20.0,79,16.2,20.9,0.0,0,0,0,0,0.19,0.5,419.4,312.4,107.0,800.8,675.3,1
2019-02-06 10:00:00,22.6,69,16.7,23.0,0.0,1,1,0,0,0.33,0.84,599.8,483.0,116.8,868.4,879.1,1
2019-02-06 11:00:00,24.0,69,17.9,25.1,0.0,13,13,0,0,0.42,0.93,718.6,593.2,125.4,876.8,1012.0,1
2019-02-06 12:00:00,24.7,64,17.5,25.5,0.0,2,2,0,0,0.46,1.11,716.1,501.2,214.9,674.6,1064.9,1
2019-02-06 13:00:00,24.5,65,17.6,25.1,0.0,5,5,0,0,0.47,1.06,744.9,613.7,131.2,817.3,1034.3,1
2019-02-06 14:00:00,23.8,68,17.6,23.7,0.0,10,10,0,0,0.42,0.94,644.2,514.1,130.2,734.4,922.2,1
2019-02-06 15:00:00,24.0,65,17.1,23.0,0.0,15,15,3,0,0.36,1.04,477.9,365.9,112.0,616.6,736.3,1
2019-02-06 16:00:00,23.6,69,17.5,23.1,0.0,50,48,27,0,0.25,0.91,275.8,190.2,85.6,433.5,489.2,1
2019-02-06 17:00:00,22.5,74,17.7,23.1,0.0,38,33,34,0,0.13,0.71,91.3,55.9,35.4,227.2,197.8,1
2019-02-06 18:00:00,21.1,81,17.7,22.7,0.0,17,9,16,0,0.04,0.47,0.0,0.0,0.0,0.0,0.0,0
2019-02-06 19:00:00,19.3,90,17.6,20.9,0.0,12,10,5,0,0.0,0.23,0.0,0.0,0.0,0.0,0.0,0
2019-02-06 20:00:00,19.5,88,17.5,21.5,0.0,17,2,9,0,0.0,0.27,0.0,0.0,0.0,0.0,0.0,0
2019-02-06 21:00:00,18.6,92,17.3,20.6,0.0,23,3,23,0,0.0,0.17,0.0,0.0,0.0,0.0,0.0,0
2019-02-06 22:00:00,17.9,94,17.0,20.0,0.0,30,11,29,0,0.0,0.12,0.0,0.0,0.0,0.0,0.0,0
2019-02-06 23:00:00,17.7,95,16.9,19.9,0.0,26,1,26,0,0.0,0.1,0.0,0.0,0.0,0.0,0.0,0
2019-02-07 00:00:00,17.5,92,16.2,18.9,0.0,24,1,24,0,0.0,0.15,0.0,0.0,0.0,0.0,0.0,0
2019-02-07 01:00:00,17.2,91,15.6,18.4,0.0,6,5,5,0,0.0,0.18,0.0,0.0,0.0,0.0,0.0,0
2019-02-07 02:00:00,16.7,90,15.1,17.7,0.0,2,2,1,0,0.0,0.19,0.0,0.0,0.0,0.0,0.0,0
2019-02-07 03:00:00,15.9,92,14.5,16.6,0.0,13,13,0,0,0.0,0.15,0.0,0.0,0.0,0.0,0.0,0
2019-02-07 04:00:00,15.1,96,14.4,15.7,0.0,16,14,4,0,0.0,0.08,0.0,0.0,0.0,0.0,0.0,0
2019-02-07 05:00:00,14.6,98,14.3,15.1,0.0,15,14,3,0,0.0,0.03,0.0,0.0,0.0,0.0,0.0,0
2019-02-07 06:00:00,14.3,100,14.2,14.8,0.0,13,12,1,0,0.0,0.01,0.0,0.0,0.0,0.0,0.0,0
2019-02-07 07:00:00,15.2,100,15.1,16.5,0.0,6,6,1,0,0.01,0.01,16.9,4.8,12.1,27.4,117.4,1
2019-02-07 08:00:00,18.4,92,17.0,20.8,0.0,5,7,1,0,0.06,0.18,199.5,116.0,83.5,604.1,417.8,1
2019-02-07 09:00:00,20.9,79,17.2,23.2,0.0,2,1,1,0,0.19,0.52,409.2,298.6,110.6,760.2,679.0,1
2019-02-07 10:00:00,23.3,72,18.0,25.4,0.0,2,0,2,0,0.33,0.81,592.8,473.8,119.0,847.4,883.2,1
2019-02-07 11:00:00,25.7,63,18.3,28.1,0.0,4,0,4,0,0.45,1.21,715.3,593.1,122.2,872.5,1016.3,1
2019-02-07 12:00:00,27.4,49,15.8,28.2,0.0,5,0,5,0,0.54,1.85,760.9,635.6,125.3,851.7,1069.4,1
2019-02-07 13:00:00,27.9,42,13.9,28.0,0.0,4,0,4,0,0.57,2.17,730.3,612.8,117.5,812.3,1038.9,1
2019-02-07 14:00:00,27.3,46,14.8,27.4,0.0,3,0,3,0,0.52,1.94,648.1,539.5,108.6,766.9,926.8,1
2019-02-07 15:00:00,24.2,69,18.1,25.4,0.0,2,0,2,0,0.37,0.94,506.4,413.8,92.6,693.3,740.7,1
2019-02-07 16:00:00,23.8,71,18.2,26.2,0.0,2,1,2,0,0.25,0.85,315.1,243.7,71.4,551.4,493.4,1
2019-02-07 17:00:00,23.2,75,18.5,25.9,0.0,14,13,3,0,0.11,0.72,105.9,68.5,37.4,274.7,201.7,1
2019-02-07 18:00:00,19.8,91,18.2,21.9,0.0,39,37,5,0,0.02,0.21,0.0,0.0,0.0,0.0,0.0,0
2019-02-07 19:00:00,18.2,88,16.1,18.1,0.3,66,66,18,0,0.01,0.26,0.0,0.0,0.0,0.0,0.0,0
2019-02-07 20:00:00,17.9,85,15.4,17.9,0.0,94,97,1,0,0.01,0.3,0.0,0.0,0.0,0.0,0.0,0
2019-02-07 21:00:00,17.5,83,14.6,17.2,0.0,100,100,1,0,0.01,0.34,0.0,0.0,0.0,0.0,0.0,0
2019-02-07 22:00:00,17.0,82,13.9,16.5,0.1,100,100,3,0,0.02,0.35,0.0,0.0,0.0,0.0,0.0,0
2019-02-07 23:00:00,16.8,82,13.6,16.3,0.0,100,100,2,0,0.01,0.35,0.0,0.0,0.0,0.0,0.0,0
2019-02-08 00:00:00,17.0,81,13.7,17.4,0.0,97,97,3,0,0.0,0.38,0.0,0.0,0.0,0.0,0.0,0
2019-02-08 01:00:00,17.1,82,13.9,17.4,0.0,99,99,5,0,0.0,0.36,0.0,0.0,0.0,0.0,0.0,0
2019-02-08 02:00:00,16.8,83,13.9,17.3,0.0,99,99,12,0,0.0,0.33,0.0,0.0,0.0,0.0,0.0,0
2019-02-08 03:00:00,16.6,83,13.7,17.2,0.0,97,97,10,0,0.0,0.32,0.0,0.0,0.0,0.0,0.0,0
2019-02-08 04:00:00,16.5,83,13.7,16.8,0.1,99,98,18,0,0.0,0.32,0.0,0.0,0.0,0.0,0.0,0
2019-02-08 05:00:00,16.4,84,13.6,16.6,0.0,99,99,16,0,0.0,0.3,0.0,0.0,0.0,0.0,0.0,0
2019-02-08 06:00:00,16.2,85,13.7,16.4,0.0,98,98,12,0,0.0,0.28,0.0,0.0,0.0,0.0,0.0,0
2019-02-08 07:00:00,16.3,85,13.7,16.5,0.0,98,97,9,0,0.03,0.28,4.8,0.0,4.8,0.0,120.5,1
2019-02-08 08:00:00,17.2,80,13.7,16.9,0.0,99,89,10,0,0.05,0.39,55.5,1.5,53.9,7.9,421.3,1
2019-02-08 09:00:00,17.3,79,13.6,16.6,0.0,99,99,10,0,0.09,0.42,124.0,3.7,120.3,9.3,682.9,1
2019-02-08 10:00:00,17.5,78,13.7,16.7,0.0,89,89,0,0,0.13,0.43,200.9,15.7,185.2,28.0,887.3,1
2019-02-08 11:00:00,18.0,76,13.7,16.8,0.0,99,99,0,0,0.17,0.5,280.6,54.2,226.4,79.4,1020.7,1
2019-02-08 12:00:00,18.1,75,13.6,16.8,0.0,96,96,0,0,0.19,0.53,307.6,79.5,228.2,106.0,1073.9,1
2019-02-08 13:00:00,17.9,75,13.4,16.6,0.0,93,93,0,0,0.16,0.51,218.3,18.6,199.7,24.5,1043.4,1
2019-02-08 14:00:00,17.8,75,13.4,16.5,0.0,92,92,0,0,0.15,0.5,188.3,15.0,173.3,21.2,931.3,1
2019-02-08 15:00:00,18.0,74,13.2,16.4,0.0,93,93,0,0,0.16,0.54,206.6,20.3,186.3,33.8,745.1,1
2019-02-08 16:00:00,17.9,73,13.1,16.5,0.0,80,80,0,0,0.14,0.55,141.5,11.9,129.6,26.8,497.5,1
2019-02-08 17:00:00,17.5,76,13.2,16.2,0.0,34,34,0,0,0.09,0.48,55.7,5.2,50.4,20.7,205.5,1
2019-02-08 18:00:00,16.7,80,13.3,15.8,0.0,57,57,0,0,0.05,0.37,0.0,0.0,0.0,0.0,0.0,0
2019-02-08 19:00:00,16.3,84,13.5,15.7,0.0,77,77,0,0,0.01,0.31,0.0,0.0,0.0,0.0,0.0,0
2019-02-08 20:00:00,16.7,82,13.7,17.1,0.0,77,76,3,0,0.0,0.33,0.0,0.0,0.0,0.0,0.0,0
2019-02-08 21:00:00,16.7,84,14.0,17.4,0.0,45,45,6,0,0.0,0.3,0.0,0.0,0.0,0.0,0.0,0
2019-02-08 22:00:00,16.2,88,14.2,16.9,0.0,57,57,9,0,0.0,0.22,0.0,0.0,0.0,0.0,0.0,0
2019-02-08 23:00:00,16.1,92,14.8,16.9,0.0,86,86,14,0,0.0,0.15,0.0,0.0,0.0,0.0,0.0,0
2019-02-09 00:00:00,16.6,89,14.8,17.6,0.0,99,99,22,0,0.0,0.21,0.0,0.0,0.0,0.0,0.0,0
2019-02-09 01:00:00,16.3,92,15.0,17.4,0.0,91,91,8,0,0.0,0.15,0.0,0.0,0.0,0.0,0.0,0
2019-02-09 02:00:00,16.2,92,14.9,17.2,0.0,78,77,7,0,0.0,0.14,0.0,0.0,0.0,0.0,0.0,0
2019-02-09 03:00:00,16.6,85,14.1,17.6,0.0,84,84,8,0,0.0,0.28,0.0,0.0,0.0,0.0,0.0,0
2019-02-09 04:00:00,16.4,87,14.3,17.6,0.0,93,92,6,0,0.0,0.24,0.0,0.0,0.0,0.0,0.0,0
2019-02-09 05:00:00,16.3,90,14.6,17.4,0.0,98,98,5,0,0.0,0.19,0.0,0.0,0.0,0.0,0.0,0
2019-02-09 06:00:00,16.3,89,14.5,17.3,0.0,97,97,7,0,0.0,0.2,0.0,0.0,0.0,0.0,0.0,0
2019-02-09 07:00:00,16.3,90,14.6,17.4,0.1,98,98,6,0,0.02,0.19,7.2,0.0,7.2,0.0,123.7,1
2019-02-09 08:00:00,16.8,87,14.6,17.4,0.4,96,91,21,0,0.04,0.26,59.9,0.0,59.9,0.0,424.9,1
2019-02-09 09:00:00,17.0,83,14.0,16.7,0.1,90,87,51,0,0.09,0.33,143.5,33.1,110.4,83.1,686.8,1
2019-02-09 10:00:00,17.3,80,13.9,16.6,0.0,100,100,89,0,0.1,0.39,127.9,6.7,121.2,11.9,891.5,1
2019-02-09 11:00:00,18.2,79,14.5,18.0,0.3,100,100,88,0,0.1,0.44,113.7,7.4,106.3,10.8,1025.1,1
2019-02-09 12:00:00,17.6,84,14.8,17.8,0.5,99,98,89,0,0.09,0.33,110.0,2.0,108.0,2.7,1078.5,1
2019-02-09 13:00:00,17.5,84,14.8,18.0,0.4,97,95,94,0,0.1,0.32,128.3,0.0,128.3,0.0,1048.0,1
2019-02-09 14:00:00,17.1,85,14.5,17.5,0.3,97,94,92,0,0.08,0.3,96.5,0.9,95.6,1.3,935.8,1
2019-02-09 15:00:00,16.8,84,14.2,17.2,0.2,100,100,90,0,0.07,0.3,78.6,2.6,76.0,4.4,749.4,1
2019-02-09 16:00:00,16.6,83,13.7,16.7,0.1,100,100,75,0,0.07,0.33,70.1,2.4,67.7,5.3,501.6,1
2019-02-09 17:00:00,16.5,84,13.7,16.5,0.0,100,100,69,0,0.05,0.3,31.5,1.2,30.4,4.6,209.3,1
2019-02-09 18:00:00,16.1,84,13.4,15.8,0.0,100,100,65,0,0.04,0.29,0.0,0.0,0.0,0.0,0.0,0
2019-02-09 19:00:00,15.8,85,13.3,15.3,0.1,100,100,66,0,0.01,0.27,0.0,0.0,0.0,0.0,0.0,0
2019-02-09 20:00:00,15.9,85,13.4,15.2,0.1,100,99,36,0,0.01,0.27,0.0,0.0,0.0,0.0,0.0,0
2019-02-09 21:00:00,15.6,84,13.0,14.8,0.0,100,100,40,0,0.01,0.28,0.0,0.0,0.0,0.0,0.0,0
2019-02-09 22:00:00,15.4,85,12.8,14.9,0.0,99,99,41,0,0.01,0.27,0.0,0.0,0.0,0.0,0.0,0
2019-02-09 23:00:00,15.4,84,12.8,14.9,0.1,100,100,31,0,0.0,0.27,0.0,0.0,0.0,0.0,0.0,0
2019-02-10 00:00:00,15.2,85,12.7,14.8,0.0,100,100,29,0,0.0,0.26,0.0,0.0,0.0,0.0,0.0,0
2019-02-10 01:00:00,15.2,84,12.6,14.6,0.0,100,100,30,0,0.01,0.27,0.0,0.0,0.0,0.0,0.0,0
2019-02-10 02:00:00,15.1,85,12.6,14.4,0.0,100,99,33,0,0.01,0.26,0.0,0.0,0.0,0.0,0.0,0
2019-02-10 03:00:00,15.0,85,12.5,14.5,0.0,100,100,40,0,0.0,0.26,0.0,0.0,0.0,0.0,0.0,0
2019-02-10 04:00:00,15.1,85,12.6,14.7,0.0,99,99,45,0,0.0,0.26,0.0,0.0,0.0,0.0,0.0,0
2019-02-10 05:00:00,15.3,84,12.7,14.7,0.0,97,97,40,0,0.01,0.27,0.0,0.0,0.0,0.0,0.0,0
2019-02-10 06:00:00,15.4,85,12.8,14.8,0.0,87,86,30,0,0.01,0.27,0.0,0.0,0.0,0.0,0.0,0
2019-02-10 07:00:00,15.7,85,13.2,15.0,0.0,80,80,19,0,0.03,0.27,9.5,0.0,9.5,0.0,127.1,1
2019-02-10 08:00:00,17.4,84,14.7,17.3,0.0,98,33,34,0,0.06,0.32,123.8,27.5,96.3,137.9,428.7,1
2019-02-10 09:00:00,18.5,79,14.9,17.8,0.0,90,89,28,0,0.13,0.44,234.0,79.6,154.4,198.5,690.8,1
2019-02-10 10:00:00,19.4,75,14.9,18.4,0.0,100,100,20,0,0.17,0.57,273.6,58.3,215.3,102.6,895.8,1
2019-02-10 11:00:00,19.7,75,15.1,18.7,0.0,97,97,11,0,0.17,0.57,231.6,3.2,228.4,4.6,1029.6,1
2019-02-10 12:00:00,19.6,77,15.5,18.6,0.0,94,94,7,0,0.18,0.52,255.7,26.5,229.2,35.0,1083.1,1
2019-02-10 13:00:00,20.2,75,15.6,19.3,0.0,93,93,7,0,0.21,0.6,301.6,35.3,266.4,46.1,1052.6,1
2019-02-10 14:00:00,20.8,73,15.8,20.0,0.0,100,100,20,0,0.24,0.66,337.4,88.1,249.3,123.4,940.3,1
2019-02-10 15:00:00,19.7,77,15.6,19.0,0.1,100,100,26,0,0.16,0.52,190.9,26.5,164.4,43.7,753.7,1
2019-02-10 16:00:00,18.9,80,15.4,18.4,0.0,83,82,28,0,0.11,0.43,114.0,8.0,106.0,17.7,505.7,1
2019-02-10 17:00:00,18.3,83,15.4,18.2,0.0,48,43,34,0,0.07,0.35,54.1,8.8,45.3,34.2,213.1,1
2019-02-10 18:00:00,17.4,87,15.3,17.6,0.0,50,21,48,0,0.03,0.26,0.0,0.0,0.0,0.0,0.0,0
2019-02-10 19:00:00,17.1,89,15.4,17.7,0.0,92,23,91,0,0.0,0.21,0.0,0.0,0.0,0.0,0.0,0
2019-02-10 20:00:00,17.3,90,15.6,18.0,0.0,84,50,82,0,0.0,0.2,0.0,0.0,0.0,0.0,0.0,0
2019-02-10 21:00:00,17.2,90,15.5,17.9,0.1,87,83,68,0,0.0,0.2,0.0,0.0,0.0,0.0,0.0,0
2019-02-10 22:00:00,16.8,91,15.3,17.4,0.1,98,98,47,0,0.0,0.18,0.0,0.0,0.0,0.0,0.0,0
2019-02-10 23:00:00,16.6,90,15.0,17.0,0.0,99,99,51,0,0.0,0.18,0.0,0.0,0.0,0.0,0.0,0
2019-02-11 00:00:00,16.3,90,14.7,16.7,0.0,99,99,58,0,0.0,0.18,0.0,0.0,0.0,0.0,0.0,0
2019-02-11 01:00:00,16.2,90,14.5,16.7,0.0,97,97,40,0,0.0,0.19,0.0,0.0,0.0,0.0,0.0,0
2019-02-11 02:00:00,16.2,89,14.3,16.8,0.0,100,100,24,0,0.0,0.21,0.0,0.0,0.0,0.0,0.0,0
2019-02-11 03:00:00,15.8,88,13.9,16.3,0.0,100,100,17,0,0.0,0.21,0.0,0.0,0.0,0.0,0.0,0
2019-02-11 04:00:00,15.5,88,13.5,16.0,0.0,99,99,14,0,0.0,0.22,0.0,0.0,0.0,0.0,0.0,0
2019-02-11 05:00:00,15.4,87,13.3,15.8,0.0,100,100,12,0,0.0,0.23,0.0,0.0,0.0,0.0,0.0,0
2019-02-11 06:00:00,15.3,86,13.1,15.6,0.0,100,100,8,0,0.0,0.24,0.0,0.0,0.0,0.0,0.0,0
2019-02-11 07:00:00,15.3,86,13.0,15.5,0.0,100,100,5,0,0.03,0.24,4.7,0.0,4.7,0.0,130.6,1
2019-02-11 08:00:00,16.2,86,13.9,16.2,0.0,100,100,0,0,0.04,0.25,47.2,0.0,47.2,0.0,432.5,1
2019-02-11 09:00:00,16.8,83,14.0,16.0,0.0,100,100,0,0,0.08,0.32,119.9,6.1,113.8,15.1,695.0,1
2019-02-11 10:00:00,17.4,79,13.8,16.1,0.0,100,100,0,0,0.13,0.42,214.1,13.5,200.6,23.5,900.2,1
2019-02-11 11:00:00,17.3,79,13.7,16.5,0.0,100,100,1,0,0.11,0.41,152.9,2.1,150.8,3.1,1034.2,1
2019-02-11 12:00:00,17.8,76,13.6,16.7,0.0,100,100,2,0,0.18,0.48,271.9,50.9,221.0,67.0,1087.7,1
2019-02-11 13:00:00,17.1,78,13.3,16.0,0.1,100,100,1,0,0.14,0.43,191.9,7.8,184.1,10.2,1057.2,1
2019-02-11 14:00:00,17.1,78,13.1,15.8,0.0,99,99,1,0,0.14,0.44,183.8,12.2,171.6,17.0,944.8,1
2019-02-11 15:00:00,17.3,76,13.1,15.9,0.0,100,100,1,0,0.13,0.47,140.6,18.6,122.0,30.4,758.1,1
2019-02-11 16:00:00,17.6,76,13.2,15.8,0.0,100,100,1,0,0.13,0.49,134.1,24.8,109.4,54.5,509.8,1
2019-02-11 17:00:00,16.8,81,13.4,15.9,0.0,100,100,0,0,0.06,0.37,27.8,1.2,26.6,4.5,216.9,1
2019-02-11 18:00:00,16.3,82,13.2,15.2,0.0,100,100,2,0,0.05,0.33,0.0,0.0,0.0,0.0,0.0,0
2019-02-11 19:00:00,16.3,82,13.3,15.3,0.0,100,100,2,0,0.02,0.33,0.0,0.0,0.0,0.0,0.0,0
2019-02-11 20:00:00,16.5,85,13.9,15.4,0.0,88,95,1,0,0.02,0.29,0.0,0.0,0.0,0.0,0.0,0
2019-02-11 21:00:00,16.7,85,14.1,15.4,0.0,50,50,2,0,0.02,0.29,0.0,0.0,0.0,0.0,0.0,0
2019-02-11 22:00:00,16.6,86,14.2,15.3,0.0,98,98,7,0,0.02,0.26,0.0,0.0,0.0,0.0,0.0,0
2019-02-11 23:00:00,17.1,85,14.5,15.9,0.0,100,100,7,0,0.02,0.3,0.0,0.0,0.0,0.0,0.0,0
2019-02-12 00:00:00,17.4,84,14.7,16.4,0.0,100,100,3,0,0.02,0.31,0.0,0.0,0.0,0.0,0.0,0
2019-02-12 01:00:00,17.4,85,14.9,16.6,0.0,100,100,3,0,0.02,0.29,0.0,0.0,0.0,0.0,0.0,0
2019-02-12 02:00:00,17.4,87,15.2,16.6,0.0,96,96,2,0,0.02,0.26,0.0,0.0,0.0,0.0,0.0,0
2019-02-12 03:00:00,17.5,87,15.3,16.8,0.0,94,94,2,0,0.01,0.26,0.0,0.0,0.0,0.0,0.0,0
2019-02-12 04:00:00,17.6,87,15.3,17.0,0.0,99,99,5,0,0.01,0.27,0.0,0.0,0.0,0.0,0.0,0
2019-02-12 05:00:00,17.7,86,15.4,17.2,0.0,99,99,6,0,0.02,0.28,0.0,0.0,0.0,0.0,0.0,0
2019-02-12 06:00:00,18.1,85,15.6,17.8,0.0,100,100,10,0,0.02,0.3,0.0,0.0,0.0,0.0,0.0,0
2019-02-12 07:00:00,18.3,85,15.7,17.9,0.0,99,99,16,0,0.04,0.31,7.0,0.0,7.0,0.0,134.3,1
2019-02-12 08:00:00,19.2,85,16.7,19.6,0.0,98,97,23,0,0.06,0.33,75.8,7.6,68.2,37.0,436.5,1
2019-02-12 09:00:00,20.3,82,17.2,20.8,0.0,97,96,36,0,0.1,0.42,139.4,14.7,124.7,36.0,699.3,1
2019-02-12 10:00:00,21.5,78,17.4,21.4,0.0,97,96,40,0,0.17,0.58,242.0,37.0,205.0,64.3,904.7,1
2019-02-12 11:00:00,22.4,74,17.6,22.1,0.0,87,85,32,0,0.22,0.7,307.9,55.2,252.7,79.3,1038.8,1
2019-02-12 12:00:00,22.9,73,17.8,22.7,0.0,75,72,24,0,0.28,0.76,425.7,112.0,313.7,146.7,1092.4,1
2019-02-12 13:00:00,22.9,73,17.8,22.8,0.0,88,88,17,0,0.26,0.76,362.4,70.5,291.9,91.3,1061.9,1
2019-02-12 14:00:00,22.4,76,17.9,22.4,0.0,29,24,22,0,0.21,0.66,268.2,68.5,199.7,95.0,949.3,1
2019-02-12 15:00:00,22.6,75,17.9,22.4,0.0,41,0,41,0,0.22,0.69,261.0,58.4,202.6,95.2,762.4,1
2019-02-12 16:00:00,22.7,73,17.7,22.5,0.0,62,37,56,0,0.21,0.74,227.1,131.1,95.9,286.5,513.8,1
2019-02-12 17:00:00,21.9,78,17.9,22.6,0.0,34,2,33,0,0.11,0.58,75.7,26.2,49.5,99.4,220.6,1
2019-02-12 18:00:00,20.7,85,18.0,21.6,0.0,37,0,37,0,0.04,0.38,0.0,0.0,0.0,0.0,0.0,0
2019-02-12 19:00:00,20.1,88,18.1,21.4,0.0,21,1,21,0,0.01,0.28,0.0,0.0,0.0,0.0,0.0,0
2019-02-12 20:00:00,18.8,95,18.0,21.0,0.0,12,24,15,0,0.0,0.11,0.0,0.0,0.0,0.0,0.0,0
2019-02-12 21:00:00,18.1,98,17.7,20.3,0.0,100,100,20,0,0.0,0.05,0.0,0.0,0.0,0.0,0.0,0
2019-02-12 22:00:00,18.1,96,17.5,20.1,0.0,100,100,19,0,0.0,0.08,0.0,0.0,0.0,0.0,0.0,0
2019-02-12 23:00:00,18.2,94,17.3,20.5,0.0,93,93,12,0,0.0,0.12,0.0,0.0,0.0,0.0,0.0,0
2019-02-13 00:00:00,18.2,94,17.3,20.6,0.0,95,95,3,0,0.0,0.12,0.0,0.0,0.0,0.0,0.0,0
2019-02-13 01:00:00,17.4,98,17.1,19.5,0.0,67,67,2,0,0.0,0.04,0.0,0.0,0.0,0.0,0.0,0
2019-02-13 02:00:00,17.4,98,17.1,19.4,0.0,100,100,4,0,0.0,0.04,0.0,0.0,0.0,0.0,0.0,0
2019-02-13 03:00:00,17.2,98,16.9,18.9,0.0,78,78,6,0,0.0,0.04,0.0,0.0,0.0,0.0,0.0,0
2019-02-13 04:00:00,17.2,96,16.5,18.9,0.1,90,90,9,0,0.0,0.09,0.0,0.0,0.0,0.0,0.0,0
2019-02-13 05:00:00,17.1,95,16.3,18.9,0.1,94,94,5,0,0.0,0.1,0.0,0.0,0.0,0.0,0.0,0
2019-02-13 06:00:00,17.0,94,16.1,18.9,0.1,100,100,4,0,0.0,0.11,0.0,0.0,0.0,0.0,0.0,0
2019-02-13 07:00:00,17.0,94,15.9,18.7,0.0,100,100,11,0,0.02,0.13,7.0,0.0,7.0,0.0,138.1,1
2019-02-13 08:00:00,18.2,89,16.4,19.8,0.0,100,58,9,0,0.04,0.23,64.9,4.5,60.4,21.8,440.6,1
2019-02-13 09:00:00,19.1,84,16.3,20.1,0.0,98,98,9,0,0.13,0.36,249.1,98.9,150.2,240.9,703.6,1
2019-02-13 10:00:00,19.3,81,16.0,19.8,0.0,100,100,6,0,0.17,0.43,302.4,43.7,258.7,75.5,909.3,1
2019-02-13 11:00:00,19.1,80,15.6,19.2,0.0,100,100,5,0,0.17,0.43,275.0,34.0,241.0,48.5,1043.5,1
2019-02-13 12:00:00,19.2,79,15.5,19.0,0.0,100,100,4,0,0.17,0.46,266.8,16.3,250.5,21.2,1097.1,1
2019-02-13 13:00:00,19.4,77,15.2,19.1,0.0,100,100,2,0,0.19,0.53,287.0,28.4,258.6,36.6,1066.5,1
2019-02-13 14:00:00,19.1,78,15.1,18.9,0.0,100,100,9,0,0.16,0.49,203.5,13.1,190.4,18.1,953.8,1
2019-02-13 15:00:00,18.6,79,15.0,18.5,0.1,98,97,26,0,0.1,0.44,92.1,0.0,92.1,0.0,766.7,1
2019-02-13 16:00:00,18.5,80,15.0,18.4,0.1,98,97,35,0,0.09,0.42,82.5,4.0,78.5,8.7,517.8,1
2019-02-13 17:00:00,18.4,82,15.2,18.7,0.1,99,98,22,0,0.06,0.39,26.4,0.6,25.8,2.2,224.3,1
2019-02-13 18:00:00,18.0,83,15.1,18.3,0.0,99,99,6,0,0.04,0.34,0.0,0.0,0.0,0.0,0.0,0
2019-02-13 19:00:00,17.9,84,15.2,18.4,0.0,100,100,4,0,0.0,0.32,0.0,0.0,0.0,0.0,0.0,0
2019-02-13 20:00:00,18.5,86,16.2,19.1,0.0,100,99,3,0,0.01,0.29,0.0,0.0,0.0,0.0,0.0,0
2019-02-13 21:00:00,18.6,88,16.6,19.3,0.0,97,97,4,0,0.0,0.25,0.0,0.0,0.0,0.0,0.0,0
2019-02-13 22:00:00,18.9,88,16.9,19.5,0.0,69,69,8,0,0.01,0.26,0.0,0.0,0.0,0.0,0.0,0
2019-02-13 23:00:00,18.8,90,17.0,19.7,0.0,35,35,15,0,0.0,0.23,0.0,0.0,0.0,0.0,0.0,0
2019-02-14 00:00:00,18.7,91,17.2,19.9,0.0,42,42,13,0,0.0,0.2,0.0,0.0,0.0,0.0,0.0,0
2019-02-14 01:00:00,18.7,92,17.3,20.1,0.0,37,36,17,0,0.0,0.18,0.0,0.0,0.0,0.0,0.0,0
2019-02-14 02:00:00,18.8,92,17.4,20.3,0.0,35,31,31,0,0.0,0.18,0.0,0.0,0.0,0.0,0.0,0
2019-02-14 03:00:00,17.8,96,17.1,19.5,0.0,69,49,66,0,0.0,0.09,0.0,0.0,0.0,0.0,0.0,0
2019-02-14 04:00:00,18.3,94,17.3,20.4,0.0,96,96,90,0,0.0,0.12,0.0,0.0,0.0,0.0,0.0,0
2019-02-14 05:00:00,18.0,96,17.3,20.3,0.0,99,98,90,0,0.0,0.09,0.0,0.0,0.0,0.0,0.0,0
2019-02-14 06:00:00,18.1,95,17.3,20.6,0.1,89,85,76,0,0.0,0.1,0.0,0.0,0.0,0.0,0.0,0
2019-02-14 07:00:00,18.3,94,17.3,20.7,0.3,100,100,63,0,0.02,0.13,4.6,0.0,4.6,0.0,141.9,1
2019-02-14 08:00:00,18.9,94,18.0,21.5,0.2,100,100,71,0,0.04,0.13,67.6,7.5,60.1,35.6,444.8,1
2019-02-14 09:00:00,19.0,94,18.0,20.9,0.5,100,100,48,0,0.06,0.14,101.2,6.1,95.1,14.7,708.1,1
2019-02-14 10:00:00,19.1,87,16.9,20.1,0.1,80,67,60,23,0.11,0.28,190.3,23.5,166.8,40.4,913.9,1
2019-02-14 11:00:00,19.8,83,16.9,20.7,0.2,99,88,96,74,0.2,0.39,349.2,91.3,257.9,129.7,1048.2,1
2019-02-14 12:00:00,19.6,84,16.9,20.3,0.5,100,87,100,86,0.18,0.36,283.1,50.9,232.2,66.0,1101.9,1
2019-02-14 13:00:00,19.1,84,16.3,19.7,0.3,100,100,99,89,0.15,0.36,218.4,21.5,196.9,27.6,1071.2,1
2019-02-14 14:00:00,18.8,85,16.3,19.5,0.1,100,100,70,90,0.14,0.32,198.9,21.6,177.3,29.6,958.3,1
2019-02-14 15:00:00,18.8,85,16.2,19.4,0.1,100,100,36,91,0.11,0.33,137.3,7.1,130.2,11.4,771.0,1
2019-02-14 16:00:00,18.6,85,16.0,19.3,0.0,99,94,26,91,0.1,0.32,115.4,3.2,112.2,6.9,521.8,1
2019-02-14 17:00:00,18.2,86,15.8,19.0,0.0,99,95,17,86,0.06,0.3,39.8,3.6,36.2,13.4,228.0,1
2019-02-14 18:00:00,17.8,87,15.6,18.7,0.0,100,99,30,82,0.03,0.27,0.0,0.0,0.0,0.0,0.0,0
2019-02-14 19:00:00,17.7,88,15.8,18.9,0.0,100,100,41,75,0.0,0.24,0.0,0.0,0.0,0.0,0.0,0
2019-02-14 20:00:00,17.8,90,16.2,19.4,0.0,100,100,60,77,0.0,0.2,0.0,0.0,0.0,0.0,0.0,0
2019-02-14 21:00:00,18.0,90,16.4,19.4,0.0,100,100,56,81,0.0,0.2,0.0,0.0,0.0,0.0,0.0,0
2019-02-14 22:00:00,17.8,92,16.5,19.1,0.0,99,96,56,81,0.0,0.16,0.0,0.0,0.0,0.0,0.0,0
2019-02-14 23:00:00,18.1,92,16.8,19.9,0.0,100,100,54,77,0.0,0.16,0.0,0.0,0.0,0.0,0.0,0
2019-02-15 00:00:00,18.2,94,17.2,20.4,0.1,94,81,78,67,0.0,0.13,0.0,0.0,0.0,0.0,0.0,0
2019-02-15 01:00:00,18.2,94,17.3,20.5,0.1,99,96,92,71,0.0,0.12,0.0,0.0,0.0,0.0,0.0,0
2019-02-15 02:00:00,18.2,95,17.5,20.5,0.0,100,100,90,62,0.0,0.1,0.0,0.0,0.0,0.0,0.0,0
2019-02-15 03:00:00,18.3,96,17.7,20.7,0.0,100,100,60,85,0.0,0.08,0.0,0.0,0.0,0.0,0.0,0
2019-02-15 04:00:00,18.2,97,17.7,20.3,0.0,100,96,32,100,0.0,0.06,0.0,0.0,0.0,0.0,0.0,0
2019-02-15 05:00:00,18.0,98,17.6,20.3,0.0,78,58,25,52,0.0,0.05,0.0,0.0,0.0,0.0,0.0,0
2019-02-15 06:00:00,17.8,98,17.5,20.0,0.0,99,99,9,0,0.0,0.04,0.0,0.0,0.0,0.0,0.0,0
2019-02-15 07:00:00,18.3,95,17.5,20.6,0.0,99,99,2,0,0.02,0.1,9.3,0.0,9.3,0.0,146.0,1
2019-02-15 08:00:00,19.1,92,17.8,21.4,0.0,89,100,2,0,0.04,0.18,88.3,3.0,85.3,14.0,449.1,1
2019-02-15 09:00:00,20.2,87,18.0,22.6,0.0,100,100,0,0,0.08,0.3,140.1,6.1,134.0,14.6,712.6,1
2019-02-15 10:00:00,21.3,84,18.4,23.6,0.0,90,90,0,0,0.17,0.42,288.6,44.7,243.9,76.4,918.6,1
2019-02-15 11:00:00,22.2,79,18.4,24.2,0.0,83,83,0,0,0.23,0.55,370.3,86.0,284.4,121.5,1053.0,1
2019-02-15 12:00:00,23.2,74,18.3,25.0,0.0,36,36,0,0,0.33,0.74,507.1,192.4,314.6,248.4,1106.6,1
2019-02-15 13:00:00,24.1,69,18.1,25.9,0.0,21,19,9,0,0.39,0.92,575.0,293.9,281.1,375.3,1075.9,1
2019-02-15 14:00:00,24.9,64,17.6,27.1,0.0,21,3,21,0,0.43,1.14,602.4,418.5,183.9,572.1,962.8,1
2019-02-15 15:00:00,24.7,65,17.8,26.5,0.0,24,5,23,0,0.34,1.07,447.5,332.3,115.2,532.7,775.2,1
2019-02-15 16:00:00,23.8,69,17.8,25.6,0.0,8,4,7,0,0.24,0.92,280.9,191.0,89.9,409.0,525.8,1
2019-02-15 17:00:00,22.3,74,17.5,24.2,0.0,11,9,4,0,0.12,0.69,112.2,69.2,43.1,254.2,231.6,1
2019-02-15 18:00:00,18.8,90,17.2,20.5,0.0,11,9,4,0,0.02,0.21,0.0,0.0,0.0,0.0,0.0,0
2019-02-15 19:00:00,18.4,92,17.1,20.3,0.0,17,16,1,0,0.0,0.17,0.0,0.0,0.0,0.0,0.0,0
2019-02-15 20:00:00,18.3,96,17.6,20.0,0.0,31,20,4,0,0.0,0.09,0.0,0.0,0.0,0.0,0.0,0
2019-02-15 21:00:00,18.2,93,17.0,19.4,0.0,21,21,1,0,0.0,0.15,0.0,0.0,0.0,0.0,0.0,0
2019-02-15 22:00:00,17.7,94,16.7,18.6,0.0,13,13,1,0,0.0,0.12,0.0,0.0,0.0,0.0,0.0,0
2019-02-15 23:00:00,17.3,95,16.5,18.2,0.0,57,57,0,0,0.0,0.09,0.0,0.0,0.0,0.0,0.0,0
2019-02-16 00:00:00,17.6,93,16.4,18.6,0.0,100,100,4,0,0.0,0.14,0.0,0.0,0.0,0.0,0.0,0
2019-02-16 01:00:00,17.7,92,16.3,18.6,0.0,100,100,5,0,0.0,0.17,0.0,0.0,0.0,0.0,0.0,0
2019-02-16 02:00:00,17.5,90,15.9,18.3,0.0,100,100,4,0,0.0,0.19,0.0,0.0,0.0,0.0,0.0,0
2019-02-16 03:00:00,17.3,90,15.6,18.3,0.1,99,99,28,0,0.0,0.2,0.0,0.0,0.0,0.0,0.0,0
2019-02-16 04:00:00,17.1,89,15.3,18.2,0.1,100,100,49,0,0.0,0.21,0.0,0.0,0.0,0.0,0.0,0
2019-02-16 05:00:00,17.0,89,15.1,17.9,0.1,100,100,48,0,0.0,0.22,0.0,0.0,0.0,0.0,0.0,0
2019-02-16 06:00:00,16.8,89,15.0,17.9,0.2,100,100,47,41,0.0,0.21,0.0,0.0,0.0,0.0,0.0,0
2019-02-16 07:00:00,16.7,89,15.0,17.7,0.1,99,98,28,31,0.02,0.2,6.9,0.0,6.9,0.0,150.1,1
2019-02-16 08:00:00,18.3,87,16.0,18.8,0.1,100,94,18,91,0.04,0.28,32.8,0.0,32.8,0.0,453.5,1
2019-02-16 09:00:00,18.7,84,16.0,19.1,0.0,99,98,18,95,0.08,0.34,103.4,0.0,103.4,0.0,717.2,1
2019-02-16 10:00:00,19.0,83,16.1,19.1,0.0,100,100,10,96,0.12,0.37,199.0,16.8,182.2,28.5,923.3,1
2019-02-16 11:00:00,19.0,81,15.8,18.9,0.0,100,99,13,98,0.14,0.41,219.6,35.0,184.6,49.2,1057.8,1
2019-02-16 12:00:00,18.8,80,15.3,18.5,0.0,100,99,13,99,0.14,0.43,196.5,0.0,196.5,0.0,1111.4,1
2019-02-16 13:00:00,18.2,80,14.7,17.5,0.1,100,99,7,98,0.13,0.42,175.3,5.9,169.5,7.5,1080.5,1
2019-02-16 14:00:00,17.9,79,14.3,17.2,0.1,100,98,7,98,0.13,0.43,167.1,4.7,162.4,6.4,967.3,1
2019-02-16 15:00:00,17.4,80,13.9,16.7,0.1,100,99,11,97,0.11,0.41,133.0,5.3,127.7,8.5,779.4,1
2019-02-16 16:00:00,16.8,81,13.5,16.2,0.1,100,100,35,96,0.08,0.37,63.5,0.0,63.5,0.0,529.7,1
2019-02-16 17:00:00,16.3,82,13.2,15.7,0.1,100,100,39,98,0.05,0.34,17.7,0.0,17.7,0.0,235.2,1
2019-02-16 18:00:00,16.0,83,13.2,15.6,0.1,99,79,17,99,0.04,0.3,0.0,0.0,0.0,0.0,0.0,0
2019-02-16 19:00:00,15.9,85,13.3,15.3,0.0,98,65,3,97,0.01,0.28,0.0,0.0,0.0,0.0,0.0,0
2019-02-16 20:00:00,16.1,84,13.3,15.5,0.0,98,97,2,95,0.01,0.3,0.0,0.0,0.0,0.0,0.0,0
2019-02-16 21:00:00,16.4,82,13.4,15.8,0.0,100,100,1,97,0.01,0.33,0.0,0.0,0.0,0.0,0.0,0
2019-02-16 22:00:00,16.4,83,13.5,16.1,0.0,100,100,2,97,0.01,0.32,0.0,0.0,0.0,0.0,0.0,0
2019-02-16 23:00:00,16.5,83,13.6,16.3,0.0,100,100,4,99,0.01,0.32,0.0,0.0,0.0,0.0,0.0,0
2019-02-17 00:00:00,16.3,85,13.7,16.0,0.0,100,100,3,97,0.01,0.28,0.0,0.0,0.0,0.0,0.0,0
2019-02-17 01:00:00,15.9,85,13.5,15.4,0.1,100,100,3,94,0.01,0.26,0.0,0.0,0.0,0.0,0.0,0
2019-02-17 02:00:00,15.4,84,12.7,14.4,0.1,100,100,4,95,0.01,0.28,0.0,0.0,0.0,0.0,0.0,0
2019-02-17 03:00:00,15.0,83,12.1,13.8,0.1,100,100,23,98,0.01,0.29,0.0,0.0,0.0,0.0,0.0,0
2019-02-17 04:00:00,14.8,84,12.0,14.0,0.0,100,100,30,98,0.01,0.28,0.0,0.0,0.0,0.0,0.0,0
2019-02-17 05:00:00,14.7,84,12.0,13.9,0.0,100,100,37,97,0.01,0.27,0.0,0.0,0.0,0.0,0.0,0
2019-02-17 06:00:00,14.7,84,12.0,13.7,0.0,100,100,1,98,0.01,0.28,0.0,0.0,0.0,0.0,0.0,0
2019-02-17 07:00:00,14.7,85,12.2,13.7,0.0,100,100,3,98,0.03,0.25,9.2,0.0,9.2,0.0,154.3,1
2019-02-17 08:00:00,15.5,83,12.7,14.6,0.0,100,100,2,96,0.05,0.29,60.8,1.5,59.3,6.7,457.9,1
2019-02-17 09:00:00,16.0,80,12.5,14.1,0.0,100,100,3,88,0.09,0.37,122.7,0.0,122.7,0.0,721.9,1
2019-02-17 10:00:00,16.8,76,12.4,14.5,0.0,100,100,1,84,0.15,0.47,231.3,20.1,211.2,33.9,928.1,1
2019-02-17 11:00:00,17.1,75,12.6,14.6,0.0,100,100,1,96,0.17,0.49,259.8,27.6,232.3,38.6,1062.6,1
2019-02-17 12:00:00,17.1,75,12.6,14.7,0.0,100,100,2,74,0.16,0.49,231.1,16.3,214.8,20.8,1116.2,1
2019-02-17 13:00:00,17.3,74,12.7,14.9,0.0,100,100,17,92,0.18,0.51,263.5,21.6,242.0,27.3,1085.2,1
2019-02-17 14:00:00,17.0,76,12.7,14.7,0.0,100,100,23,95,0.15,0.46,192.4,1.9,190.6,2.5,971.8,1
2019-02-17 15:00:00,17.2,75,12.7,15.0,0.0,100,100,20,90,0.14,0.49,149.0,3.5,145.5,5.6,783.6,1
2019-02-17 16:00:00,16.8,79,13.1,14.9,0.0,100,100,2,95,0.1,0.41,86.1,4.0,82.1,8.5,533.6,1
2019-02-17 17:00:00,16.7,81,13.4,15.2,0.0,100,100,1,100,0.08,0.37,43.6,1.8,41.7,6.6,238.8,1
2019-02-17 18:00:00,16.6,81,13.4,15.1,0.0,100,100,1,100,0.05,0.35,0.0,0.0,0.0,0.0,0.0,0
2019-02-17 19:00:00,16.6,82,13.5,15.4,0.0,100,100,1,99,0.02,0.34,0.0,0.0,0.0,0.0,0.0,0
2019-02-17 20:00:00,16.8,83,13.9,15.7,0.0,100,100,1,98,0.02,0.32,0.0,0.0,0.0,0.0,0.0,0
2019-02-17 21:00:00,17.1,83,14.2,16.1,0.0,100,100,3,98,0.02,0.33,0.0,0.0,0.0,0.0,0.0,0
2019-02-17 22:00:00,17.2,84,14.5,16.2,0.0,100,99,5,96,0.02,0.31,0.0,0.0,0.0,0.0,0.0,0
2019-02-17 23:00:00,17.3,86,14.9,16.7,0.0,100,100,7,100,0.02,0.29,0.0,0.0,0.0,0.0,0.0,0
2019-02-18 00:00:00,17.5,86,15.2,16.9,0.0,100,100,10,61,0.02,0.28,0.0,0.0,0.0,0.0,0.0,0
2019-02-18 01:00:00,17.5,88,15.5,16.7,0.0,92,0,28,89,0.01,0.24,0.0,0.0,0.0,0.0,0.0,0
2019-02-18 02:00:00,17.6,88,15.5,17.0,0.1,85,3,32,79,0.01,0.25,0.0,0.0,0.0,0.0,0.0,0
2019-02-18 03:00:00,17.9,88,15.8,17.8,0.0,82,2,27,76,0.01,0.26,0.0,0.0,0.0,0.0,0.0,0
2019-02-18 04:00:00,18.1,89,16.3,18.3,0.1,100,100,13,81,0.01,0.22,0.0,0.0,0.0,0.0,0.0,0
2019-02-18 05:00:00,18.2,90,16.5,18.4,0.1,100,100,58,100,0.0,0.21,0.0,0.0,0.0,0.0,0.0,0
2019-02-18 06:00:00,18.6,89,16.7,19.1,0.1,100,100,18,100,0.01,0.24,0.0,0.0,0.0,0.0,0.0,0
2019-02-18 07:00:00,19.0,89,17.1,19.7,0.1,37,14,27,11,0.03,0.24,13.7,0.0,13.7,0.0,158.6,1
2019-02-18 08:00:00,19.6,89,17.6,20.8,0.0,79,93,63,99,0.07,0.26,165.4,69.4,96.0,310.7,462.5,1
2019-02-18 09:00:00,20.4,88,18.3,22.1,0.2,99,66,78,97,0.08,0.29,111.6,3.6,108.0,8.5,726.6,1
2019-02-18 10:00:00,20.9,87,18.7,22.4,0.3,100,15,36,100,0.14,0.32,246.8,65.9,180.9,110.5,932.9,1
2019-02-18 11:00:00,21.4,86,18.9,23.4,0.2,100,31,100,40,0.2,0.36,335.1,73.2,261.9,101.8,1067.4,1
2019-02-18 12:00:00,21.6,86,19.1,24.7,0.3,97,58,40,93,0.18,0.36,260.6,42.8,217.8,54.4,1120.9,1
2019-02-18 13:00:00,22.6,82,19.3,24.5,0.0,100,81,20,100,0.24,0.5,357.5,88.2,269.4,111.0,1089.8,1
2019-02-18 14:00:00,22.0,83,18.9,24.0,0.0,100,19,15,100,0.2,0.45,281.7,42.2,239.4,56.9,976.2,1
2019-02-18 15:00:00,21.6,82,18.4,23.3,0.0,91,25,32,86,0.23,0.46,328.3,94.9,233.4,149.8,787.8,1
2019-02-18 16:00:00,20.6,85,17.9,22.6,0.0,97,51,31,95,0.13,0.37,158.7,30.6,128.1,64.3,537.5,1
2019-02-18 17:00:00,20.0,86,17.6,21.6,0.0,80,64,22,41,0.07,0.33,58.0,6.2,51.8,22.0,242.3,1
2019-02-18 18:00:00,19.0,90,17.4,20.8,0.0,99,88,12,93,0.02,0.21,0.0,0.0,0.0,0.0,0.0,0
2019-02-18 19:00:00,18.5,93,17.3,20.2,0.0,100,100,12,71,0.0,0.16,0.0,0.0,0.0,0.0,0.0,0
2019-02-18 20:00:00,18.2,95,17.5,20.4,0.0,100,100,6,69,0.0,0.1,0.0,0.0,0.0,0.0,0.0,0
2019-02-18 21:00:00,18.6,93,17.5,20.4,0.0,100,100,4,100,0.0,0.14,0.0,0.0,0.0,0.0,0.0,0
2019-02-18 22:00:00,18.5,94,17.5,20.3,0.0,100,100,5,100,0.0,0.13,0.0,0.0,0.0,0.0,0.0,0
2019-02-18 23:00:00,18.3,95,17.5,20.6,0.0,98,94,21,69,0.0,0.1,0.0,0.0,0.0,0.0,0.0,0
2019-02-19 00:00:00,17.8,98,17.5,20.2,0.0,100,100,9,59,0.0,0.04,0.0,0.0,0.0,0.0,0.0,0
2019-02-19 01:00:00,17.9,98,17.5,20.1,0.0,100,100,9,17,0.0,0.05,0.0,0.0,0.0,0.0,0.0,0
2019-02-19 02:00:00,17.8,98,17.6,19.6,0.0,100,100,11,76,0.0,0.03,0.0,0.0,0.0,0.0,0.0,0
2019-02-19 03:00:00,17.7,98,17.4,19.3,0.1,100,100,100,76,0.0,0.04,0.0,0.0,0.0,0.0,0.0,0
2019-02-19 04:00:00,17.6,97,17.1,18.7,0.2,100,98,96,94,0.0,0.07,0.0,0.0,0.0,0.0,0.0,0
2019-02-19 05:00:00,17.3,98,16.9,18.9,0.1,88,11,55,79,0.0,0.04,0.0,0.0,0.0,0.0,0.0,0
2019-02-19 06:00:00,16.8,100,16.8,18.9,0.0,90,24,78,79,0.0,0.0,0.0,0.0,0.0,0.0,0.0,0
2019-02-19 07:00:00,17.1,98,16.7,19.2,0.0,87,63,67,73,0.01,0.04,13.6,0.0,13.6,0.0,163.0,1
2019-02-19 08:00:00,17.9,92,16.6,19.8,0.0,81,21,23,80,0.05,0.16,110.3,25.0,85.3,110.3,467.1,1
2019-02-19 09:00:00,21.0,80,17.4,23.3,0.0,74,14,10,69,0.15,0.49,288.5,95.7,192.7,222.2,731.3,1
2019-02-19 10:00:00,23.3,73,18.2,25.3,0.0,47,0,2,46,0.27,0.77,444.3,211.0,233.3,351.7,937.8,1
2019-02-19 11:00:00,24.5,73,19.4,27.0,0.0,64,5,1,63,0.36,0.82,572.4,303.2,269.2,419.7,1072.3,1
2019-02-19 12:00:00,25.3,70,19.4,28.2,0.0,88,15,3,87,0.41,0.97,609.6,322.6,287.0,408.5,1125.7,1
2019-02-19 13:00:00,25.4,69,19.4,28.2,0.0,88,29,46,80,0.33,0.99,460.4,158.7,301.7,198.9,1094.4,1
2019-02-19 14:00:00,24.6,70,18.8,27.1,0.0,89,54,69,74,0.27,0.92,348.4,124.0,224.4,166.2,980.6,1
2019-02-19 15:00:00,23.9,74,18.9,26.8,0.0,83,60,69,44,0.21,0.78,263.6,104.7,158.9,164.4,791.9,1
2019-02-19 16:00:00,22.9,78,18.8,24.9,0.0,55,40,6,46,0.17,0.62,188.7,85.5,103.2,178.4,541.3,1
2019-02-19 17:00:00,21.3,80,17.6,22.2,0.0,62,53,0,45,0.11,0.51,101.0,46.5,54.5,164.2,245.8,1
2019-02-19 18:00:00,19.3,87,17.0,19.9,0.0,74,40,0,63,0.04,0.29,0.0,0.0,0.0,0.0,0.0,0
2019-02-19 19:00:00,18.9,88,17.0,19.3,0.0,35,10,0,30,0.01,0.25,0.0,0.0,0.0,0.0,0.0,0
2019-02-19 20:00:00,18.8,92,17.5,20.4,0.0,25,5,3,26,0.0,0.18,0.0,0.0,0.0,0.0,0.0,0
2019-02-19 21:00:00,18.9,92,17.6,20.7,0.0,42,6,1,39,0.0,0.16,0.0,0.0,0.0,0.0,0.0,0
2019-02-19 22:00:00,18.8,93,17.7,20.6,0.0,63,9,2,61,0.0,0.14,0.0,0.0,0.0,0.0,0.0,0
2019-02-19 23:00:00,18.7,94,17.7,20.6,0.0,69,13,1,66,0.0,0.12,0.0,0.0,0.0,0.0,0.0,0
2019-02-20 00:00:00,18.6,94,17.6,20.4,0.0,28,14,9,19,0.0,0.12,0.0,0.0,0.0,0.0,0.0,0
2019-02-20 01:00:00,18.5,94,17.6,20.3,0.0,20,10,16,0,0.0,0.12,0.0,0.0,0.0,0.0,0.0,0
2019-02-20 02:00:00,18.6,94,17.6,20.2,0.0,14,7,12,0,0.0,0.13,0.0,0.0,0.0,0.0,0.0,0
2019-02-20 03:00:00,18.6,94,17.6,20.4,0.0,6,5,3,0,0.0,0.12,0.0,0.0,0.0,0.0,0.0,0
2019-02-20 04:00:00,18.3,95,17.5,20.1,0.0,3,3,1,0,0.0,0.1,0.0,0.0,0.0,0.0,0.0,0
2019-02-20 05:00:00,17.2,97,16.8,18.7,0.0,8,8,0,0,0.0,0.06,0.0,0.0,0.0,0.0,0.0,0
2019-02-20 06:00:00,17.5,97,17.0,19.3,0.0,20,20,1,0,0.0,0.06,0.0,0.0,0.0,0.0,0.0,0
2019-02-20 07:00:00,18.0,98,17.6,20.3,0.0,56,54,5,0,0.01,0.05,27.2,6.8,20.4,38.8,167.4,1
2019-02-20 08:00:00,20.8,89,18.9,23.8,0.0,73,16,1,0,0.07,0.28,171.3,61.5,109.8,267.2,471.7,1
2019-02-20 09:00:00,23.4,81,20.0,26.5,0.0,9,9,0,0,0.21,0.54,392.2,262.7,129.5,604.6,736.2,1
2019-02-20 10:00:00,25.6,70,19.8,28.9,0.0,2,2,1,0,0.35,0.98,581.2,435.1,146.1,720.8,942.6,1
2019-02-20 11:00:00,27.2,63,19.6,31.0,0.0,5,2,5,0,0.43,1.34,644.3,437.7,206.6,602.8,1077.1,1
2019-02-20 12:00:00,28.1,60,19.5,32.3,0.0,18,17,9,0,0.52,1.53,741.8,564.8,177.1,711.7,1130.5,1
2019-02-20 13:00:00,27.5,63,19.8,30.8,0.1,34,31,27,0,0.47,1.36,638.7,458.5,180.2,572.0,1099.0,1
2019-02-20 14:00:00,26.7,66,19.9,29.6,0.4,44,41,28,0,0.4,1.18,525.9,362.5,163.4,483.9,984.9,1
2019-02-20 15:00:00,26.1,69,19.9,29.2,0.4,37,35,15,0,0.3,1.05,381.0,251.3,129.7,392.5,796.0,1
2019-02-20 16:00:00,25.8,70,20.0,28.9,0.1,35,34,4,0,0.23,0.98,258.4,149.4,109.0,309.7,545.1,1
2019-02-20 17:00:00,24.7,77,20.3,28.0,0.0,31,30,1,0,0.11,0.73,92.2,44.9,47.3,156.9,249.3,1
2019-02-20 18:00:00,22.4,89,20.5,26.0,0.0,33,33,1,0,0.02,0.31,0.0,0.0,0.0,0.0,0.0,0
2019-02-20 19:00:00,21.4,94,20.4,25.0,0.0,56,56,2,0,0.0,0.15,0.0,0.0,0.0,0.0,0.0,0
2019-02-20 20:00:00,20.9,94,19.8,24.3,0.0,74,94,0,0,0.0,0.16,0.0,0.0,0.0,0.0,0.0,0
2019-02-20 21:00:00,20.9,93,19.7,24.0,0.0,99,99,4,0,0.0,0.18,0.0,0.0,0.0,0.0,0.0,0
2019-02-20 22:00:00,20.8,93,19.6,24.0,0.0,96,96,6,0,0.0,0.18,0.0,0.0,0.0,0.0,0.0,0
2019-02-20 23:00:00,20.7,93,19.5,24.0,0.1,100,100,2,0,0.0,0.17,0.0,0.0,0.0,0.0,0.0,0
2019-02-21 00:00:00,20.5,94,19.5,23.8,0.0,100,100,2,0,0.0,0.15,0.0,0.0,0.0,0.0,0.0,0
2019-02-21 01:00:00,20.4,94,19.4,23.7,0.1,100,100,1,0,0.0,0.15,0.0,0.0,0.0,0.0,0.0,0
2019-02-21 02:00:00,20.3,95,19.4,23.7,0.1,100,100,2,0,0.0,0.13,0.0,0.0,0.0,0.0,0.0,0
2019-02-21 03:00:00,20.2,95,19.3,23.2,0.1,100,100,3,0,0.0,0.13,0.0,0.0,0.0,0.0,0.0,0
2019-02-21 04:00:00,19.9,94,18.9,22.4,0.1,100,100,5,0,0.0,0.14,0.0,0.0,0.0,0.0,0.0,0
2019-02-21 05:00:00,19.4,92,18.0,21.1,0.1,91,91,1,0,0.0,0.19,0.0,0.0,0.0,0.0,0.0,0
2019-02-21 06:00:00,19.0,91,17.5,20.7,0.1,100,100,1,0,0.0,0.2,0.0,0.0,0.0,0.0,0.0,0
2019-02-21 07:00:00,19.0,92,17.6,20.8,0.0,100,100,1,0,0.02,0.18,11.3,0.0,11.3,0.0,171.9,1
2019-02-21 08:00:00,19.9,91,18.4,21.4,0.0,96,85,1,0,0.05,0.21,78.7,1.5,77.3,6.2,476.5,1
2019-02-21 09:00:00,21.4,84,18.5,22.6,0.0,67,67,5,0,0.12,0.42,185.0,18.1,166.8,41.4,741.0,1
2019-02-21 10:00:00,23.3,77,19.1,24.9,0.0,100,100,5,0,0.22,0.65,355.7,80.3,275.4,132.2,947.5,1
2019-02-21 11:00:00,22.8,81,19.3,24.7,0.3,100,100,36,0,0.18,0.54,265.9,28.6,237.3,39.2,1082.0,1
2019-02-21 12:00:00,23.0,80,19.4,24.9,0.2,75,73,35,0,0.24,0.56,360.2,62.1,298.1,77.8,1135.2,1
2019-02-21 13:00:00,22.8,81,19.4,24.9,0.1,95,95,28,0,0.24,0.53,345.8,68.6,277.2,85.2,1103.6,1
2019-02-21 14:00:00,22.9,81,19.5,25.2,0.1,100,100,24,0,0.24,0.53,333.5,92.1,241.4,122.3,989.2,1
2019-02-21 15:00:00,22.5,82,19.3,25.2,0.0,100,100,41,0,0.21,0.49,273.6,81.7,191.9,127.0,800.0,1
2019-02-21 16:00:00,21.9,83,18.9,24.1,0.2,99,99,12,0,0.14,0.44,167.3,60.6,106.7,124.9,548.8,1
2019-02-21 17:00:00,20.9,84,18.1,22.7,0.0,89,89,6,0,0.07,0.39,53.2,7.5,45.7,26.0,252.7,1
2019-02-21 18:00:00,19.9,87,17.7,21.8,0.0,100,100,6,0,0.03,0.29,0.0,0.0,0.0,0.0,0.0,0
2019-02-21 19:00:00,19.7,88,17.7,21.7,0.0,98,98,11,0,0.0,0.28,0.0,0.0,0.0,0.0,0.0,0
2019-02-21 20:00:00,19.8,94,18.9,23.1,0.2,98,99,38,0,0.0,0.13,0.0,0.0,0.0,0.0,0.0,0
2019-02-21 21:00:00,19.8,93,18.7,22.6,0.1,100,100,61,0,0.0,0.16,0.0,0.0,0.0,0.0,0.0,0
2019-02-21 22:00:00,19.7,95,18.8,22.4,0.2,100,100,41,3,0.0,0.13,0.0,0.0,0.0,0.0,0.0,0
2019-02-21 23:00:00,19.5,95,18.7,22.1,0.3,100,100,15,1,0.0,0.11,0.0,0.0,0.0,0.0,0.0,0
2019-02-22 00:00:00,18.9,95,18.1,21.0,0.4,100,100,15,77,0.0,0.11,0.0,0.0,0.0,0.0,0.0,0
2019-02-22 01:00:00,18.5,94,17.4,20.4,0.2,100,100,13,71,0.0,0.14,0.0,0.0,0.0,0.0,0.0,0
2019-02-22 02:00:00,18.1,93,17.0,20.1,0.1,100,100,14,66,0.0,0.14,0.0,0.0,0.0,0.0,0.0,0
2019-02-22 03:00:00,17.7,93,16.5,19.3,0.3,100,100,7,0,0.0,0.15,0.0,0.0,0.0,0.0,0.0,0
2019-02-22 04:00:00,17.4,92,16.1,19.0,0.2,100,100,10,1,0.0,0.15,0.0,0.0,0.0,0.0,0.0,0
2019-02-22 05:00:00,17.1,93,15.9,18.6,0.2,100,100,31,0,0.0,0.14,0.0,0.0,0.0,0.0,0.0,0
2019-02-22 06:00:00,16.9,93,15.7,18.2,0.2,100,100,11,0,0.0,0.14,0.0,0.0,0.0,0.0,0.0,0
2019-02-22 07:00:00,16.7,91,15.3,18.2,0.2,100,100,55,23,0.02,0.17,11.2,0.0,11.2,0.0,176.5,1
2019-02-22 08:00:00,18.2,86,15.8,19.4,0.1,100,100,14,0,0.05,0.29,88.6,7.3,81.3,30.6,481.2,1
2019-02-22 09:00:00,18.5,83,15.6,19.6,0.1,100,100,1,1,0.08,0.36,125.6,22.9,102.6,51.9,745.8,1
2019-02-22 10:00:00,18.2,84,15.5,18.9,0.2,100,100,14,1,0.08,0.33,95.8,0.0,95.8,0.0,952.4,1
2019-02-22 11:00:00,19.0,80,15.5,19.7,0.1,100,100,3,1,0.19,0.43,314.5,55.1,259.5,75.1,1086.8,1
2019-02-22 12:00:00,18.4,80,14.9,18.7,0.1,100,100,3,0,0.18,0.43,282.8,24.4,258.4,30.5,1139.9,1
2019-02-22 13:00:00,18.3,78,14.4,18.4,0.1,100,100,1,1,0.19,0.47,296.8,35.3,261.6,43.6,1108.1,1
2019-02-22 14:00:00,18.0,77,13.9,17.7,0.1,100,100,1,1,0.16,0.48,215.1,31.9,183.2,42.2,993.5,1
2019-02-22 15:00:00,17.7,75,13.3,17.1,0.1,100,100,1,0,0.16,0.5,202.6,32.9,169.8,50.8,804.0,1
2019-02-22 16:00:00,16.9,77,12.9,16.3,0.1,100,100,1,0,0.09,0.44,74.4,0.0,74.4,0.0,552.5,1
2019-02-22 17:00:00,16.4,78,12.6,15.9,0.1,100,100,2,0,0.06,0.41,23.9,0.0,23.9,0.0,256.1,1
2019-02-22 18:00:00,16.2,78,12.4,16.0,0.0,100,100,5,0,0.04,0.4,0.0,0.0,0.0,0.0,0.0,0
2019-02-22 19:00:00,16.0,78,12.2,15.7,0.0,100,100,7,0,0.0,0.39,0.0,0.0,0.0,0.0,0.0,0
2019-02-22 20:00:00,16.3,81,13.0,16.1,0.0,74,96,14,0,0.01,0.36,0.0,0.0,0.0,0.0,0.0,0
2019-02-22 21:00:00,15.9,79,12.2,15.1,0.0,98,98,15,0,0.02,0.39,0.0,0.0,0.0,0.0,0.0,0
2019-02-22 22:00:00,15.6,77,11.5,14.5,0.0,100,100,15,0,0.02,0.41,0.0,0.0,0.0,0.0,0.0,0
2019-02-22 23:00:00,15.3,78,11.5,14.2,0.0,100,100,16,0,0.02,0.38,0.0,0.0,0.0,0.0,0.0,0
2019-02-23 00:00:00,14.9,80,11.4,13.7,0.1,100,100,26,0,0.01,0.35,0.0,0.0,0.0,0.0,0.0,0
2019-02-23 01:00:00,14.7,79,11.1,13.6,0.1,100,100,22,0,0.01,0.35,0.0,0.0,0.0,0.0,0.0,0
2019-02-23 02:00:00,14.4,79,10.8,13.2,0.0,100,100,15,0,0.01,0.35,0.0,0.0,0.0,0.0,0.0,0
2019-02-23 03:00:00,14.1,78,10.3,13.0,0.0,100,100,33,0,0.01,0.36,0.0,0.0,0.0,0.0,0.0,0
2019-02-23 04:00:00,14.0,77,10.0,12.9,0.1,100,100,41,0,0.01,0.37,0.0,0.0,0.0,0.0,0.0,0
2019-02-23 05:00:00,13.8,77,9.9,12.7,0.0,100,100,33,0,0.01,0.36,0.0,0.0,0.0,0.0,0.0,0
2019-02-23 06:00:00,13.7,77,9.7,12.7,0.0,100,100,17,0,0.01,0.37,0.0,0.0,0.0,0.0,0.0,0
2019-02-23 07:00:00,13.7,77,9.8,12.4,0.0,100,100,20,0,0.04,0.36,11.2,0.0,11.2,0.0,181.2,1
2019-02-23 08:00:00,14.7,76,10.6,12.5,0.0,100,80,7,0,0.07,0.4,70.8,5.8,65.1,24.0,486.0,1
2019-02-23 09:00:00,15.9,69,10.3,12.9,0.0,100,100,10,2,0.16,0.56,297.8,120.6,177.2,270.8,750.7,1
2019-02-23 10:00:00,16.1,70,10.6,13.3,0.0,100,100,9,5,0.17,0.55,288.4,55.7,232.7,90.6,957.3,1
2019-02-23 11:00:00,16.4,70,10.8,13.9,0.0,100,100,9,8,0.2,0.57,332.5,38.1,294.3,51.7,1091.6,1
2019-02-23 12:00:00,16.2,69,10.6,13.7,0.1,100,100,17,3,0.21,0.56,335.7,64.1,271.6,79.6,1144.6,1
2019-02-23 13:00:00,15.6,71,10.4,13.2,0.1,100,100,26,0,0.16,0.51,230.2,21.6,208.7,26.5,1112.5,1
2019-02-23 14:00:00,15.7,70,10.3,13.3,0.0,100,100,49,0,0.18,0.53,258.4,40.4,218.0,53.2,997.7,1
2019-02-23 15:00:00,15.3,72,10.4,12.8,0.0,100,99,68,67,0.13,0.48,154.7,11.6,143.1,17.8,807.9,1
2019-02-23 16:00:00,15.4,72,10.3,12.5,0.0,94,91,82,86,0.12,0.5,108.5,5.7,102.9,11.5,556.1,1
2019-02-23 17:00:00,15.1,76,10.9,12.9,0.0,98,40,92,94,0.08,0.41,39.8,2.5,37.3,8.6,259.5,1
2019-02-23 18:00:00,14.7,79,11.2,13.2,0.3,100,100,100,78,0.05,0.35,0.0,0.0,0.0,0.0,0.0,0
2019-02-23 19:00:00,14.2,87,12.0,13.2,3.5,97,77,94,80,0.0,0.22,0.0,0.0,0.0,0.0,0.0,0
2019-02-23 20:00:00,14.6,84,11.9,13.6,0.5,100,100,100,57,0.01,0.27,0.0,0.0,0.0,0.0,0.0,0
2019-02-23 21:00:00,14.5,86,12.2,13.4,0.4,100,80,100,97,0.01,0.24,0.0,0.0,0.0,0.0,0.0,0
2019-02-23 22:00:00,14.3,89,12.5,13.2,0.3,100,18,96,100,0.0,0.18,0.0,0.0,0.0,0.0,0.0,0
2019-02-23 23:00:00,14.2,87,12.2,13.1,0.5,97,88,95,4,0.01,0.2,0.0,0.0,0.0,0.0,0.0,0
2019-02-24 00:00:00,14.8,84,12.2,13.2,0.1,95,8,95,0,0.02,0.26,0.0,0.0,0.0,0.0,0.0,0
2019-02-24 01:00:00,15.0,84,12.3,13.8,0.1,99,19,99,0,0.01,0.27,0.0,0.0,0.0,0.0,0.0,0
2019-02-24 02:00:00,15.0,88,13.0,14.1,0.4,100,86,100,0,0.0,0.21,0.0,0.0,0.0,0.0,0.0,0
2019-02-24 03:00:00,15.0,90,13.3,14.5,0.3,99,99,58,12,0.0,0.18,0.0,0.0,0.0,0.0,0.0,0
2019-02-24 04:00:00,15.1,90,13.5,14.8,0.7,99,94,99,16,0.0,0.17,0.0,0.0,0.0,0.0,0.0,0
2019-02-24 05:00:00,15.0,90,13.3,14.7,0.5,99,99,94,40,0.0,0.18,0.0,0.0,0.0,0.0,0.0,0
2019-02-24 06:00:00,14.8,89,12.9,14.1,0.4,100,100,98,50,0.0,0.19,0.0,0.0,0.0,0.0,0.0,0
2019-02-24 07:00:00,14.7,90,13.0,14.4,1.5,100,98,100,36,0.03,0.17,8.9,0.0,8.9,0.0,185.8,1
2019-02-24 08:00:00,15.3,90,13.6,14.3,2.9,100,0,100,51,0.04,0.18,34.5,0.0,34.5,0.0,490.8,1
2019-02-24 09:00:00,15.7,93,14.5,15.4,2.8,100,30,100,60,0.05,0.13,67.4,0.0,67.4,0.0,755.6,1
2019-02-24 10:00:00,16.4,90,14.7,16.1,3.4,100,87,100,78,0.07,0.19,105.7,4.5,101.3,7.2,962.2,1
2019-02-24 11:00:00,16.4,87,14.2,15.9,1.2,100,0,100,27,0.1,0.25,167.2,5.3,161.9,7.1,1096.4,1
2019-02-24 12:00:00,16.1,88,14.1,15.3,1.2,100,45,100,36,0.1,0.22,148.5,2.0,146.5,2.5,1149.2,1
2019-02-24 13:00:00,16.6,86,14.3,16.1,1.9,100,90,100,99,0.12,0.27,174.4,1.0,173.4,1.2,1117.0,1
2019-02-24 14:00:00,16.1,88,14.2,16.2,2.4,100,14,100,11,0.06,0.22,61.1,0.0,61.1,0.0,1001.9,1
2019-02-24 15:00:00,16.4,88,14.4,16.3,2.3,100,1,100,24,0.08,0.23,103.2,2.7,100.5,4.1,811.8,1
2019-02-24 16:00:00,16.1,89,14.3,16.1,1.3,100,22,100,2,0.06,0.19,53.5,0.8,52.7,1.6,559.7,1
2019-02-24 17:00:00,15.6,90,14.0,15.6,1.3,91,81,87,0,0.04,0.17,17.1,0.0,17.1,0.0,262.8,1
2019-02-24 18:00:00,15.4,90,13.8,15.7,0.7,97,76,96,0,0.03,0.18,0.0,0.0,0.0,0.0,0.0,0
2019-02-24 19:00:00,15.3,90,13.7,15.6,0.2,91,25,90,0,0.0,0.17,0.0,0.0,0.0,0.0,0.0,0
2019-02-24 20:00:00,15.5,90,13.9,16.0,0.0,93,39,66,0,0.0,0.17,0.0,0.0,0.0,0.0,0.0,0
2019-02-24 21:00:00,15.6,89,13.8,15.9,0.0,89,86,52,0,0.0,0.19,0.0,0.0,0.0,0.0,0.0,0
2019-02-24 22:00:00,15.5,90,13.9,16.3,0.0,95,93,58,0,0.0,0.17,0.0,0.0,0.0,0.0,0.0,0
2019-02-24 23:00:00,15.7,92,14.3,16.6,0.0,100,99,54,0,0.0,0.15,0.0,0.0,0.0,0.0,0.0,0
2019-02-25 00:00:00,15.8,92,14.5,17.1,0.1,100,100,88,0,0.0,0.14,0.0,0.0,0.0,0.0,0.0,0
2019-02-25 01:00:00,15.7,93,14.6,17.1,0.2,100,100,75,0,0.0,0.12,0.0,0.0,0.0,0.0,0.0,0
2019-02-25 02:00:00,15.7,93,14.5,17.0,0.1,100,100,80,0,0.0,0.13,0.0,0.0,0.0,0.0,0.0,0
2019-02-25 03:00:00,15.6,94,14.7,16.9,0.0,98,97,86,0,0.0,0.1,0.0,0.0,0.0,0.0,0.0,0
2019-02-25 04:00:00,15.6,94,14.7,16.9,0.0,98,98,76,0,0.0,0.11,0.0,0.0,0.0,0.0,0.0,0
2019-02-25 05:00:00,15.6,94,14.7,16.9,0.0,100,100,84,0,0.0,0.11,0.0,0.0,0.0,0.0,0.0,0
2019-02-25 06:00:00,15.8,95,15.0,17.0,0.0,100,100,53,0,0.0,0.09,0.0,0.0,0.0,0.0,0.0,0
2019-02-25 07:00:00,16.0,94,15.1,16.9,0.0,100,100,42,0,0.02,0.11,11.1,0.0,11.1,0.0,190.6,1
2019-02-25 08:00:00,16.7,90,15.1,17.3,0.0,100,100,1,0,0.04,0.19,70.2,0.0,70.2,0.0,495.7,1
2019-02-25 09:00:00,17.7,86,15.3,19.1,0.0,100,100,1,0,0.08,0.28,138.3,0.0,138.3,0.0,760.5,1
2019-02-25 10:00:00,18.4,83,15.5,19.4,0.1,100,100,5,0,0.12,0.36,185.8,22.2,163.5,35.7,967.0,1
2019-02-25 11:00:00,18.7,81,15.4,19.3,0.1,100,100,16,0,0.13,0.41,184.1,24.3,159.8,32.7,1101.2,1
2019-02-25 12:00:00,19.1,78,15.3,19.3,0.1,100,100,27,0,0.18,0.48,275.6,16.3,259.3,20.0,1153.8,1
2019-02-25 13:00:00,19.0,78,15.0,19.1,0.1,100,100,30,0,0.17,0.49,250.8,31.3,219.4,38.2,1121.3,1
2019-02-25 14:00:00,18.8,78,14.8,18.9,0.1,100,100,26,0,0.16,0.49,218.0,32.9,185.1,42.9,1006.0,1
2019-02-25 15:00:00,18.6,78,14.6,18.7,0.0,100,100,25,0,0.13,0.48,147.7,8.0,139.7,12.2,815.6,1
2019-02-25 16:00:00,18.3,79,14.5,18.2,0.0,100,100,21,0,0.11,0.45,115.2,6.5,108.8,13.1,563.3,1
2019-02-25 17:00:00,17.8,81,14.4,18.0,0.0,98,98,15,0,0.07,0.39,44.0,0.0,44.0,0.0,266.1,1
2019-02-25 18:00:00,17.2,81,13.8,17.3,0.0,100,100,13,0,0.04,0.38,0.0,0.0,0.0,0.0,0.0,0
2019-02-25 19:00:00,17.0,81,13.7,17.1,0.0,100,100,6,0,0.0,0.36,0.0,0.0,0.0,0.0,0.0,0
2019-02-25 20:00:00,16.9,84,14.1,17.1,0.0,98,100,6,0,0.0,0.32,0.0,0.0,0.0,0.0,0.0,0
2019-02-25 21:00:00,17.0,83,14.0,17.0,0.0,99,99,8,0,0.01,0.33,0.0,0.0,0.0,0.0,0.0,0
2019-02-25 22:00:00,16.8,83,13.9,16.6,0.0,97,96,35,0,0.01,0.33,0.0,0.0,0.0,0.0,0.0,0
2019-02-25 23:00:00,16.8,83,13.9,16.7,0.0,100,100,32,0,0.01,0.32,0.0,0.0,0.0,0.0,0.0,0
2019-02-26 00:00:00,16.7,83,13.7,16.7,0.0,100,100,86,0,0.0,0.33,0.0,0.0,0.0,0.0,0.0,0
2019-02-26 01:00:00,16.6,82,13.5,16.8,0.1,96,95,27,0,0.0,0.34,0.0,0.0,0.0,0.0,0.0,0
2019-02-26 02:00:00,16.1,85,13.5,16.1,0.0,30,21,17,0,0.0,0.28,0.0,0.0,0.0,0.0,0.0,0
2019-02-26 03:00:00,15.7,88,13.7,15.5,0.0,95,94,33,0,0.0,0.22,0.0,0.0,0.0,0.0,0.0,0
2019-02-26 04:00:00,16.2,84,13.5,15.6,0.0,98,97,85,0,0.01,0.29,0.0,0.0,0.0,0.0,0.0,0
2019-02-26 05:00:00,16.3,82,13.2,15.7,0.0,95,93,83,0,0.01,0.34,0.0,0.0,0.0,0.0,0.0,0
2019-02-26 06:00:00,16.3,82,13.2,15.6,0.0,100,35,100,0,0.01,0.34,0.0,0.0,0.0,0.0,0.0,0
2019-02-26 07:00:00,16.3,83,13.4,15.5,0.0,100,8,100,0,0.04,0.31,17.8,0.0,17.8,0.0,195.3,1
2019-02-26 08:00:00,17.2,83,14.3,17.2,0.0,64,66,66,0,0.06,0.34,114.2,25.7,88.5,102.4,500.5,1
2019-02-26 09:00:00,17.8,80,14.3,16.8,0.0,64,30,59,0,0.13,0.41,224.6,50.4,174.2,110.5,765.4,1
2019-02-26 10:00:00,18.8,75,14.2,17.4,0.0,82,76,72,0,0.21,0.55,376.9,173.4,203.4,277.0,971.9,1
2019-02-26 11:00:00,18.8,75,14.4,17.6,0.0,100,97,100,0,0.19,0.54,309.9,71.9,238.0,96.1,1105.9,1
2019-02-26 12:00:00,18.6,74,13.9,17.5,0.0,97,65,96,0,0.15,0.56,194.2,12.2,182.0,15.0,1158.3,1
2019-02-26 13:00:00,19.5,71,14.1,18.5,0.0,81,78,35,0,0.21,0.66,289.0,31.3,257.6,38.1,1125.6,1
2019-02-26 14:00:00,19.6,72,14.5,18.7,0.0,99,99,53,0,0.23,0.63,327.1,81.8,245.3,106.2,1010.0,1
2019-02-26 15:00:00,19.3,71,14.0,18.2,0.0,99,70,98,0,0.21,0.64,274.1,43.6,230.5,66.1,819.4,1
2019-02-26 16:00:00,19.4,71,14.1,18.4,0.0,97,64,96,0,0.17,0.65,179.5,39.0,140.5,78.0,566.7,1
2019-02-26 17:00:00,18.9,74,14.3,18.0,0.0,38,25,29,0,0.1,0.56,64.6,14.1,50.5,46.7,269.3,1
2019-02-26 18:00:00,18.2,77,14.0,17.1,0.0,44,1,1,44,0.06,0.49,0.0,0.0,0.0,0.0,0.0,0
2019-02-26 19:00:00,17.4,81,14.0,16.4,0.0,95,9,0,95,0.03,0.38,0.0,0.0,0.0,0.0,0.0,0
2019-02-26 20:00:00,17.4,85,14.8,16.7,0.0,92,5,0,95,0.02,0.3,0.0,0.0,0.0,0.0,0.0,0
2019-02-26 21:00:00,17.8,85,15.2,17.4,0.0,98,1,0,98,0.02,0.31,0.0,0.0,0.0,0.0,0.0,0
2019-02-26 22:00:00,17.6,87,15.5,17.7,0.0,73,0,0,73,0.01,0.26,0.0,0.0,0.0,0.0,0.0,0
2019-02-26 23:00:00,17.1,91,15.6,17.6,0.0,5,0,1,4,0.0,0.18,0.0,0.0,0.0,0.0,0.0,0
2019-02-27 00:00:00,15.7,94,14.7,16.2,0.0,2,0,2,0,0.0,0.11,0.0,0.0,0.0,0.0,0.0,0
2019-02-27 01:00:00,17.1,89,15.4,18.8,0.0,3,2,2,0,0.0,0.21,0.0,0.0,0.0,0.0,0.0,0
2019-02-27 02:00:00,14.5,97,14.1,14.8,0.0,7,6,2,0,0.0,0.04,0.0,0.0,0.0,0.0,0.0,0
2019-02-27 03:00:00,14.0,99,13.8,14.2,0.0,29,28,2,1,0.0,0.02,0.0,0.0,0.0,0.0,0.0,0
2019-02-27 04:00:00,14.8,97,14.3,15.5,0.0,44,44,1,0,0.0,0.05,0.0,0.0,0.0,0.0,0.0,0
2019-02-27 05:00:00,15.4,95,14.6,15.9,0.0,100,100,0,0,0.0,0.09,0.0,0.0,0.0,0.0,0.0,0
2019-02-27 06:00:00,15.9,94,14.9,16.7,0.0,100,100,0,0,0.0,0.11,0.0,0.0,0.0,0.0,0.0,0
2019-02-27 07:00:00,16.3,94,15.3,17.2,0.0,89,89,3,0,0.02,0.12,17.7,0.0,17.7,0.0,200.1,1
2019-02-27 08:00:00,18.0,90,16.2,19.5,0.0,49,73,6,0,0.06,0.22,126.6,34.1,92.4,134.0,505.4,1
2019-02-27 09:00:00,19.7,83,16.8,21.6,0.0,66,64,14,0,0.13,0.39,233.9,68.4,165.5,148.6,770.3,1
2019-02-27 10:00:00,21.9,73,16.9,24.1,0.0,59,58,9,0,0.28,0.7,476.6,220.0,256.6,349.2,976.7,1
2019-02-27 11:00:00,23.4,68,17.2,25.8,0.0,79,79,2,0,0.32,0.91,492.8,241.1,251.7,320.4,1110.6,1
2019-02-27 12:00:00,24.3,64,17.1,26.2,0.0,95,95,2,0,0.35,1.08,504.2,213.5,290.7,260.5,1162.8,1
2019-02-27 13:00:00,24.7,65,17.7,27.7,0.0,18,18,1,0,0.45,1.09,652.3,373.2,279.2,451.5,1129.9,1
2019-02-27 14:00:00,25.2,65,18.2,28.0,0.0,80,80,1,0,0.4,1.12,545.2,324.3,220.9,419.6,1014.0,1
2019-02-27 15:00:00,25.6,64,18.3,28.2,0.0,98,98,1,0,0.34,1.19,432.7,239.5,193.2,361.6,823.1,1
2019-02-27 16:00:00,25.2,66,18.5,27.6,0.0,100,100,1,0,0.24,1.08,282.2,166.7,115.5,331.7,570.2,1
2019-02-27 17:00:00,23.7,74,18.9,26.1,0.0,94,94,1,0,0.13,0.76,112.4,50.7,61.6,166.8,272.5,1
2019-02-27 18:00:00,21.2,87,19.0,23.8,0.0,33,33,0,0,0.03,0.33,0.0,0.0,0.0,0.0,0.0,0
2019-02-27 19:00:00,19.6,95,18.8,22.3,0.0,19,19,0,0,0.0,0.12,0.0,0.0,0.0,0.0,0.0,0
2019-02-27 20:00:00,20.1,90,18.4,22.4,0.0,25,22,0,5,0.0,0.23,0.0,0.0,0.0,0.0,0.0,0
2019-02-27 21:00:00,19.9,89,18.1,22.6,0.0,17,8,0,12,0.0,0.25,0.0,0.0,0.0,0.0,0.0,0
2019-02-27 22:00:00,19.4,92,18.0,22.0,0.0,9,2,0,7,0.0,0.19,0.0,0.0,0.0,0.0,0.0,0
2019-02-27 23:00:00,18.9,94,18.0,21.4,0.0,23,16,2,9,0.0,0.13,0.0,0.0,0.0,0.0,0.0,0
2019-02-28 00:00:00,17.4,98,17.1,19.3,0.0,34,31,7,4,0.0,0.04,0.0,0.0,0.0,0.0,0.0,0
2019-02-28 01:00:00,16.9,99,16.8,18.7,0.0,30,29,9,3,0.0,0.02,0.0,0.0,0.0,0.0,0.0,0
2019-02-28 02:00:00,17.7,99,17.6,20.1,0.0,100,100,10,1,0.0,0.01,0.0,0.0,0.0,0.0,0.0,0
2019-02-28 03:00:00,17.7,99,17.6,20.2,0.0,100,100,10,0,0.0,0.02,0.0,0.0,0.0,0.0,0.0,0
2019-02-28 04:00:00,17.6,99,17.4,19.4,0.0,92,92,15,0,0.0,0.02,0.0,0.0,0.0,0.0,0.0,0
2019-02-28 05:00:00,17.8,91,16.3,18.8,0.0,100,100,21,0,0.0,0.18,0.0,0.0,0.0,0.0,0.0,0
2019-02-28 06:00:00,17.6,89,15.7,18.8,0.0,100,100,8,0,0.0,0.23,0.0,0.0,0.0,0.0,0.0,0
2019-02-28 07:00:00,17.6,88,15.6,18.6,0.0,100,100,3,0,0.03,0.24,11.0,0.0,11.0,0.0,204.9,1
2019-02-28 08:00:00,19.1,85,16.6,19.9,0.0,100,95,1,1,0.06,0.33,82.2,14.2,68.0,54.9,510.2,1
2019-02-28 09:00:00,20.1,80,16.6,20.5,0.0,100,100,1,2,0.13,0.46,214.5,27.6,186.9,59.4,775.1,1
2019-02-28 10:00:00,20.7,79,16.9,21.0,0.0,100,100,8,2,0.18,0.52,305.3,58.8,246.5,92.9,981.5,1
2019-02-28 11:00:00,20.4,80,16.9,20.8,0.1,100,100,19,0,0.17,0.47,266.4,7.4,259.0,9.8,1115.2,1
2019-02-28 12:00:00,19.6,81,16.2,19.5,0.1,100,100,31,0,0.18,0.44,273.4,64.0,209.4,77.8,1167.3,1
2019-02-28 13:00:00,19.0,81,15.6,18.7,0.0,81,81,21,0,0.18,0.42,276.2,27.4,248.8,33.0,1134.1,1
2019-02-28 14:00:00,18.7,80,15.3,18.5,0.0,100,100,13,0,0.17,0.42,251.0,35.7,215.3,46.0,1017.9,1
2019-02-28 15:00:00,18.5,80,14.9,18.1,0.0,100,100,32,0,0.14,0.43,177.2,25.8,151.4,38.8,826.7,1
2019-02-28 16:00:00,18.0,80,14.5,17.6,0.0,100,100,42,0,0.1,0.41,89.5,0.0,89.5,0.0,573.6,1
2019-02-28 17:00:00,17.8,79,14.0,17.1,0.0,100,100,33,0,0.08,0.43,43.8,0.0,43.8,0.0,275.6,1
2019-02-28 18:00:00,17.2,82,14.1,16.9,0.0,100,100,26,0,0.04,0.35,0.0,0.0,0.0,0.0,0.0,0
2019-02-28 19:00:00,17.0,83,14.1,16.8,0.0,100,100,20,0,0.01,0.32,0.0,0.0,0.0,0.0,0.0,0
2019-02-28 20:00:00,16.8,84,14.0,16.7,0.0,100,100,41,0,0.01,0.31,0.0,0.0,0.0,0.0,0.0,0
2019-02-28 21:00:00,16.8,84,14.2,16.7,0.0,98,97,52,0,0.01,0.3,0.0,0.0,0.0,0.0,0.0,0
2019-02-28 22:00:00,16.7,84,14.0,16.9,0.1,94,93,41,0,0.0,0.3,0.0,0.0,0.0,0.0,0.0,0
2019-02-28 23:00:00,16.6,86,14.2,16.9,0.0,86,84,32,0,0.0,0.27,0.0,0.0,0.0,0.0,0.0,0
2019-03-01 00:00:00,16.4,88,14.4,16.8,0.0,85,83,38,0,0.0,0.23,0.0,0.0,0.0,0.0,0.0,0
2019-03-01 01:00:00,16.6,87,14.4,16.9,0.0,95,95,25,0,0.0,0.25,0.0,0.0,0.0,0.0,0.0,0
2019-03-01 02:00:00,16.6,88,14.6,16.9,0.0,53,51,21,0,0.0,0.23,0.0,0.0,0.0,0.0,0.0,0
2019-03-01 03:00:00,16.7,88,14.7,17.1,0.0,98,98,23,0,0.0,0.23,0.0,0.0,0.0,0.0,0.0,0
2019-03-01 04:00:00,16.7,87,14.6,17.1,0.0,100,100,31,0,0.0,0.24,0.0,0.0,0.0,0.0,0.0,0
2019-03-01 05:00:00,16.9,86,14.5,17.3,0.0,100,100,37,0,0.0,0.27,0.0,0.0,0.0,0.0,0.0,0
2019-03-01 06:00:00,16.8,86,14.5,17.2,0.0,100,100,21,0,0.0,0.27,0.0,0.0,0.0,0.0,0.0,0
2019-03-01 07:00:00,17.0,86,14.7,17.1,0.0,100,100,10,0,0.03,0.27,15.4,0.0,15.4,0.0,209.7,1
2019-03-01 08:00:00,18.7,83,15.8,18.3,0.0,100,83,2,0,0.08,0.36,118.5,8.5,110.1,32.3,515.1,1
2019-03-01 09:00:00,20.1,78,16.0,19.1,0.0,100,100,1,0,0.16,0.53,268.0,85.0,183.1,181.7,780.0,1
2019-03-01 10:00:00,20.9,76,16.5,20.1,0.0,100,100,3,0,0.19,0.59,287.4,32.2,255.2,50.5,986.2,1
2019-03-01 11:00:00,22.1,72,16.9,21.7,0.0,100,100,8,0,0.25,0.74,365.7,86.7,279.0,114.0,1119.8,1
2019-03-01 12:00:00,22.0,75,17.4,22.0,0.0,98,98,7,0,0.25,0.66,368.9,76.2,292.7,92.2,1171.7,1
2019-03-01 13:00:00,21.2,79,17.4,21.4,0.0,100,100,4,0,0.18,0.53,240.0,22.5,217.4,27.0,1138.2,1
2019-03-01 14:00:00,21.4,79,17.6,21.6,0.0,34,33,8,0,0.25,0.54,382.7,91.2,291.5,117.0,1021.8,1
2019-03-01 15:00:00,21.4,78,17.5,21.5,0.0,98,98,11,0,0.22,0.55,307.4,90.9,216.5,136.0,830.3,1
2019-03-01 16:00:00,20.7,81,17.3,21.1,0.0,100,100,11,0,0.13,0.47,137.7,8.1,129.5,16.0,576.9,1
2019-03-01 17:00:00,19.9,83,17.0,20.3,0.0,69,69,19,0,0.08,0.39,58.9,4.5,54.3,14.7,278.7,1
2019-03-01 18:00:00,19.0,87,16.7,19.6,0.0,49,48,25,0,0.04,0.3,0.0,0.0,0.0,0.0,0.0,0
2019-03-01 19:00:00,18.8,88,16.8,19.6,0.0,37,35,27,0,0.0,0.26,0.0,0.0,0.0,0.0,0.0,0
2019-03-01 20:00:00,18.4,92,17.0,19.4,0.0,47,85,29,0,0.0,0.18,0.0,0.0,0.0,0.0,0.0,0
2019-03-01 21:00:00,18.8,91,17.2,20.3,0.0,98,98,39,0,0.0,0.2,0.0,0.0,0.0,0.0,0.0,0
2019-03-01 22:00:00,19.1,90,17.5,20.9,0.0,98,98,55,0,0.0,0.22,0.0,0.0,0.0,0.0,0.0,0
2019-03-01 23:00:00,18.8,90,17.1,20.4,0.1,99,99,71,0,0.0,0.22,0.0,0.0,0.0,0.0,0.0,0
2019-03-02 00:00:00,18.7,90,17.1,20.6,0.1,90,88,69,0,0.0,0.21,0.0,0.0,0.0,0.0,0.0,0
2019-03-02 01:00:00,18.5,91,17.1,20.5,0.1,81,76,56,0,0.0,0.19,0.0,0.0,0.0,0.0,0.0,0
2019-03-02 02:00:00,18.4,92,17.1,20.4,0.0,77,74,40,0,0.0,0.17,0.0,0.0,0.0,0.0,0.0,0
2019-03-02 03:00:00,18.2,94,17.2,20.2,0.0,82,79,39,0,0.0,0.13,0.0,0.0,0.0,0.0,0.0,0
2019-03-02 04:00:00,17.9,96,17.3,20.1,0.0,84,84,32,0,0.0,0.08,0.0,0.0,0.0,0.0,0.0,0
2019-03-02 05:00:00,17.7,97,17.2,19.6,0.0,97,97,24,0,0.0,0.06,0.0,0.0,0.0,0.0,0.0,0
2019-03-02 06:00:00,18.3,94,17.2,20.6,0.0,88,88,23,0,0.0,0.13,0.0,0.0,0.0,0.0,0.0,0
2019-03-02 07:00:00,18.4,94,17.5,20.8,0.0,82,82,16,0,0.02,0.12,28.6,6.6,22.0,35.9,214.7,1
2019-03-02 08:00:00,19.8,89,17.9,21.9,0.0,69,99,11,0,0.07,0.26,146.2,49.2,97.0,185.3,520.1,1
2019-03-02 09:00:00,21.3,83,18.3,23.8,0.0,78,78,6,0,0.14,0.43,253.3,64.5,188.8,136.9,784.9,1
2019-03-02 10:00:00,23.1,77,18.9,26.3,0.0,14,14,4,0,0.27,0.64,451.4,208.5,242.9,325.1,991.1,1
2019-03-02 11:00:00,25.0,71,19.4,28.6,0.0,6,6,2,0,0.43,0.92,673.0,479.6,193.3,628.0,1124.5,1
2019-03-02 12:00:00,26.1,67,19.4,29.1,0.0,3,2,1,0,0.5,1.12,746.8,558.9,188.0,672.9,1176.1,1
2019-03-02 13:00:00,25.0,73,19.9,27.8,0.0,27,26,10,0,0.44,0.84,656.2,459.3,196.9,548.8,1142.3,1
2019-03-02 14:00:00,25.0,72,19.6,27.8,0.0,32,29,22,0,0.42,0.9,590.5,408.1,182.4,521.4,1025.6,1
2019-03-02 15:00:00,24.0,75,19.4,26.0,0.0,46,45,20,0,0.31,0.74,427.8,284.3,143.5,423.5,833.9,1
2019-03-02 16:00:00,22.6,80,18.9,24.7,0.0,75,74,27,0,0.19,0.56,238.9,132.9,106.0,260.2,580.1,1
2019-03-02 17:00:00,21.7,82,18.5,24.1,0.0,63,62,18,0,0.09,0.47,76.0,24.7,51.3,79.2,281.8,1
2019-03-02 18:00:00,20.5,90,18.8,23.5,0.0,55,54,16,0,0.02,0.23,0.0,0.0,0.0,0.0,0.0,0
2019-03-02 19:00:00,20.4,87,18.3,23.3,0.0,59,58,18,0,0.0,0.3,0.0,0.0,0.0,0.0,0.0,0
2019-03-02 20:00:00,20.9,86,18.6,23.8,0.0,75,36,24,0,0.0,0.34,0.0,0.0,0.0,0.0,0.0,0
2019-03-02 21:00:00,20.3,92,18.9,23.1,0.0,56,49,30,0,0.0,0.2,0.0,0.0,0.0,0.0,0.0,0
2019-03-02 22:00:00,20.0,94,18.9,22.6,0.0,39,33,19,0,0.0,0.15,0.0,0.0,0.0,0.0,0.0,0
2019-03-02 23:00:00,20.1,93,18.9,23.1,0.0,67,63,23,0,0.0,0.18,0.0,0.0,0.0,0.0,0.0,0
2019-03-03 00:00:00,19.4,96,18.7,21.9,0.0,42,38,18,0,0.0,0.09,0.0,0.0,0.0,0.0,0.0,0
2019-03-03 01:00:00,18.8,98,18.4,21.2,0.0,85,84,23,0,0.0,0.05,0.0,0.0,0.0,0.0,0.0,0
2019-03-03 02:00:00,18.9,97,18.5,21.8,0.1,95,95,35,0,0.0,0.06,0.0,0.0,0.0,0.0,0.0,0
2019-03-03 03:00:00,19.1,95,18.3,21.8,0.3,99,99,32,0,0.0,0.11,0.0,0.0,0.0,0.0,0.0,0
2019-03-03 04:00:00,18.9,95,18.1,21.5,0.2,99,99,44,1,0.0,0.11,0.0,0.0,0.0,0.0,0.0,0
2019-03-03 05:00:00,18.7,96,18.1,21.3,0.2,100,100,62,1,0.0,0.08,0.0,0.0,0.0,0.0,0.0,0
2019-03-03 06:00:00,18.7,96,18.0,21.1,0.6,99,98,94,7,0.0,0.09,0.0,0.0,0.0,0.0,0.0,0
2019-03-03 07:00:00,18.9,96,18.2,21.3,0.2,96,94,81,10,0.02,0.09,15.3,2.2,13.1,11.9,219.7,1
2019-03-03 08:00:00,20.0,91,18.4,22.9,0.1,93,42,84,58,0.06,0.22,114.8,37.8,77.0,140.4,525.2,1
2019-03-03 09:00:00,21.0,87,18.8,23.7,0.2,99,23,99,31,0.1,0.32,169.5,51.3,118.2,108.0,789.9,1
2019-03-03 10:00:00,21.7,86,19.2,23.6,0.4,100,20,100,14,0.12,0.37,179.5,32.1,147.4,49.8,995.9,1
2019-03-03 11:00:00,20.5,90,18.7,21.2,0.4,99,99,99,20,0.1,0.25,144.7,8.4,136.2,11.0,1129.1,1
2019-03-03 12:00:00,17.5,89,15.6,18.0,1.1,100,100,99,25,0.1,0.23,157.5,32.5,125.0,39.0,1180.4,1
2019-03-03 13:00:00,17.7,91,16.2,18.4,4.3,100,99,100,93,0.09,0.18,120.5,5.9,114.6,7.0,1146.4,1
2019-03-03 14:00:00,17.9,92,16.5,18.5,2.4,100,32,100,85,0.1,0.17,138.2,12.2,126.0,15.6,1029.4,1
2019-03-03 15:00:00,18.0,92,16.7,19.1,1.2,100,44,100,99,0.08,0.17,101.6,0.0,101.6,0.0,837.4,1
2019-03-03 16:00:00,17.9,92,16.6,19.4,0.5,100,51,99,0,0.05,0.17,45.7,0.0,45.7,0.0,583.4,1
2019-03-03 17:00:00,17.8,91,16.3,19.7,0.2,100,18,100,0,0.04,0.19,26.1,0.7,25.4,2.1,284.8,1
2019-03-03 18:00:00,17.3,94,16.3,19.1,0.0,32,10,29,3,0.02,0.13,0.0,0.0,0.0,0.0,0.0,0
2019-03-03 19:00:00,17.1,91,15.6,18.6,0.0,75,16,73,0,0.0,0.18,0.0,0.0,0.0,0.0,0.0,0
2019-03-03 20:00:00,16.6,85,14.1,17.2,0.0,76,18,64,0,0.0,0.28,0.0,0.0,0.0,0.0,0.0,0
2019-03-03 21:00:00,16.6,87,14.3,17.1,0.0,25,17,16,0,0.0,0.25,0.0,0.0,0.0,0.0,0.0,0
2019-03-03 22:00:00,15.9,91,14.4,16.8,0.0,14,14,1,0,0.0,0.17,0.0,0.0,0.0,0.0,0.0,0
2019-03-03 23:00:00,15.1,95,14.3,16.1,0.0,39,39,1,0,0.0,0.09,0.0,0.0,0.0,0.0,0.0,0
2019-03-04 00:00:00,15.8,93,14.7,16.8,0.0,84,84,1,0,0.0,0.12,0.0,0.0,0.0,0.0,0.0,0
2019-03-04 01:00:00,15.9,95,15.0,17.0,0.0,100,100,12,0,0.0,0.1,0.0,0.0,0.0,0.0,0.0,0
2019-03-04 02:00:00,16.0,95,15.1,17.3,0.0,100,100,16,0,0.0,0.1,0.0,0.0,0.0,0.0,0.0,0
2019-03-04 03:00:00,15.8,95,15.0,17.4,0.0,98,98,6,0,0.0,0.09,0.0,0.0,0.0,0.0,0.0,0
2019-03-04 04:00:00,15.6,92,14.3,16.8,0.0,46,46,1,0,0.0,0.14,0.0,0.0,0.0,0.0,0.0,0
2019-03-04 05:00:00,15.0,91,13.6,15.7,0.0,28,28,0,0,0.0,0.15,0.0,0.0,0.0,0.0,0.0,0
2019-03-04 06:00:00,13.7,95,12.9,14.1,0.0,100,100,0,0,0.0,0.08,0.0,0.0,0.0,0.0,0.0,0
2019-03-04 07:00:00,15.2,90,13.6,15.6,0.0,100,100,0,0,0.02,0.17,39.3,8.7,30.6,47.0,224.9,1
2019-03-04 08:00:00,16.9,84,14.1,17.6,0.0,100,90,0,0,0.06,0.32,114.4,7.0,107.4,25.5,530.3,1
2019-03-04 09:00:00,17.9,77,13.8,17.5,0.0,100,100,0,0,0.15,0.47,292.0,118.0,174.0,246.3,795.0,1
2019-03-04 10:00:00,18.4,74,13.6,17.8,0.0,100,100,0,0,0.19,0.56,330.1,64.2,265.8,99.0,1000.8,1
2019-03-04 11:00:00,18.4,71,13.1,17.3,0.0,96,96,0,0,0.21,0.62,339.9,76.0,263.9,98.5,1133.7,1
2019-03-04 12:00:00,18.5,70,12.9,17.2,0.0,97,97,0,0,0.23,0.64,364.7,48.8,315.9,58.2,1184.8,1
2019-03-04 13:00:00,18.9,70,13.2,17.3,0.0,93,93,0,0,0.31,0.67,531.7,163.5,368.2,193.8,1150.5,1
2019-03-04 14:00:00,18.4,70,12.9,16.5,0.0,69,69,0,0,0.29,0.63,473.0,153.3,319.8,194.3,1033.1,1
2019-03-04 15:00:00,18.0,70,12.4,15.8,0.0,55,55,0,0,0.28,0.63,445.0,251.5,193.5,371.3,840.8,1
2019-03-04 16:00:00,17.6,70,12.0,15.2,0.0,37,37,0,0,0.23,0.61,331.6,213.1,118.4,413.1,586.5,1
2019-03-04 17:00:00,16.8,71,11.6,14.3,0.0,6,6,0,0,0.14,0.55,131.4,59.5,71.9,188.2,287.7,1
2019-03-04 18:00:00,15.5,76,11.2,13.2,0.0,27,27,0,1,0.06,0.43,0.0,0.0,0.0,0.0,0.0,0
2019-03-04 19:00:00,15.0,77,11.0,12.6,0.0,11,9,0,3,0.04,0.4,0.0,0.0,0.0,0.0,0.0,0
2019-03-04 20:00:00,15.4,77,11.4,13.1,0.0,96,14,0,87,0.04,0.4,0.0,0.0,0.0,0.0,0.0,0
2019-03-04 21:00:00,15.9,76,11.6,13.6,0.0,82,2,0,82,0.04,0.44,0.0,0.0,0.0,0.0,0.0,0
2019-03-04 22:00:00,16.1,76,11.8,13.8,0.0,91,1,0,91,0.04,0.45,0.0,0.0,0.0,0.0,0.0,0
2019-03-04 23:00:00,16.4,75,12.1,14.2,0.0,95,23,5,93,0.04,0.46,0.0,0.0,0.0,0.0,0.0,0
2019-03-05 00:00:00,16.9,75,12.5,15.0,0.0,97,23,15,97,0.04,0.48,0.0,0.0,0.0,0.0,0.0,0
2019-03-05 01:00:00,16.9,77,12.8,15.0,0.0,98,29,12,98,0.04,0.45,0.0,0.0,0.0,0.0,0.0,0
2019-03-05 02:00:00,17.1,77,13.1,15.6,0.0,95,45,9,91,0.04,0.44,0.0,0.0,0.0,0.0,0.0,0
2019-03-05 03:00:00,17.2,77,13.2,15.6,0.0,100,42,6,100,0.04,0.45,0.0,0.0,0.0,0.0,0.0,0
2019-03-05 04:00:00,17.3,78,13.3,15.9,0.0,98,40,13,97,0.03,0.44,0.0,0.0,0.0,0.0,0.0,0
2019-03-05 05:00:00,17.3,78,13.5,16.0,0.0,97,47,12,95,0.03,0.43,0.0,0.0,0.0,0.0,0.0,0
2019-03-05 06:00:00,17.4,78,13.6,16.1,0.0,100,24,7,99,0.03,0.43,0.0,0.0,0.0,0.0,0.0,0
2019-03-05 07:00:00,17.9,79,14.3,16.9,0.0,99,17,16,99,0.05,0.42,37.1,2.2,34.9,11.6,230.1,1
2019-03-05 08:00:00,19.4,77,15.3,18.9,0.0,100,3,6,100,0.1,0.51,155.6,29.2,126.4,105.3,535.5,1
2019-03-05 09:00:00,20.5,75,16.0,20.1,0.0,100,5,13,100,0.15,0.6,233.3,25.0,208.3,51.8,800.0,1
2019-03-05 10:00:00,21.4,70,15.6,20.3,0.0,98,2,5,98,0.22,0.78,316.6,39.8,276.7,61.0,1005.6,1
2019-03-05 11:00:00,22.2,69,16.2,21.2,0.0,38,1,12,34,0.28,0.84,420.0,108.7,311.3,140.2,1138.4,1
2019-03-05 12:00:00,24.2,64,16.8,24.4,0.0,96,0,15,96,0.48,1.1,770.8,579.9,190.9,689.2,1189.1,1
2019-03-05 13:00:00,23.5,68,17.2,23.2,0.1,65,1,65,0,0.34,0.93,475.9,131.2,344.7,154.9,1154.5,1
2019-03-05 14:00:00,24.3,65,17.3,24.8,0.0,6,1,4,2,0.42,1.07,592.5,381.8,210.7,482.0,1036.8,1
2019-03-05 15:00:00,24.2,66,17.4,24.6,0.0,10,9,2,0,0.39,1.03,529.0,404.1,124.9,594.1,844.2,1
2019-03-05 16:00:00,23.8,68,17.5,24.4,0.0,22,17,15,0,0.29,0.95,342.4,245.2,97.3,472.9,589.6,1
2019-03-05 17:00:00,22.9,73,17.9,24.3,0.0,42,5,40,0,0.14,0.74,124.6,68.9,55.8,216.3,290.6,1
2019-03-05 18:00:00,22.6,73,17.4,25.1,0.0,69,11,67,4,0.02,0.75,0.0,0.0,0.0,0.0,0.0,0
2019-03-05 19:00:00,20.4,85,17.7,21.6,0.0,65,26,59,21,0.01,0.37,0.0,0.0,0.0,0.0,0.0,0
2019-03-05 20:00:00,16.9,94,15.9,17.1,0.1,100,98,57,19,0.0,0.12,0.0,0.0,0.0,0.0,0.0,0
2019-03-05 21:00:00,16.3,92,15.1,16.7,0.2,33,27,19,13,0.0,0.14,0.0,0.0,0.0,0.0,0.0,0
2019-03-05 22:00:00,15.4,97,14.9,15.8,0.1,78,70,40,16,0.0,0.05,0.0,0.0,0.0,0.0,0.0,0
2019-03-05 23:00:00,15.6,95,14.8,16.9,0.1,63,26,57,20,0.0,0.09,0.0,0.0,0.0,0.0,0.0,0
2019-03-06 00:00:00,15.7,95,14.8,16.2,0.2,45,12,40,21,0.0,0.09,0.0,0.0,0.0,0.0,0.0,0
2019-03-06 01:00:00,15.5,96,14.8,15.7,0.5,96,12,53,94,0.0,0.08,0.0,0.0,0.0,0.0,0.0,0
2019-03-06 02:00:00,15.7,96,15.0,16.2,1.4,66,55,33,42,0.0,0.08,0.0,0.0,0.0,0.0,0.0,0
2019-03-06 03:00:00,15.6,97,15.2,15.9,0.2,56,9,53,1,0.0,0.04,0.0,0.0,0.0,0.0,0.0,0
2019-03-06 04:00:00,15.6,97,15.2,16.6,0.1,79,0,65,65,0.0,0.04,0.0,0.0,0.0,0.0,0.0,0
2019-03-06 05:00:00,15.1,98,14.8,15.7,0.0,76,0,31,72,0.0,0.04,0.0,0.0,0.0,0.0,0.0,0
2019-03-06 06:00:00,15.5,95,14.7,16.2,0.0,91,0,91,7,0.0,0.09,0.0,0.0,0.0,0.0,0.0,0
2019-03-06 07:00:00,16.2,95,15.4,17.2,0.0,91,10,90,13,0.02,0.09,43.5,13.1,30.5,69.2,235.3,1
2019-03-06 08:00:00,18.3,89,16.5,20.0,0.0,86,1,8,0,0.08,0.23,186.8,77.5,109.3,275.9,540.7,1
2019-03-06 09:00:00,20.3,82,17.2,21.6,0.0,14,1,14,0,0.2,0.43,416.1,244.9,171.2,503.0,805.1,1
2019-03-06 10:00:00,21.3,76,17.0,22.6,0.0,36,14,13,23,0.34,0.6,643.8,492.3,151.6,749.5,1010.5,1
2019-03-06 11:00:00,21.2,76,16.8,22.4,0.0,76,65,6,39,0.35,0.61,621.4,372.4,249.0,478.1,1143.0,1
2019-03-06 12:00:00,20.5,74,15.8,21.1,0.0,72,40,37,52,0.25,0.62,397.0,55.8,341.2,66.1,1193.4,1
2019-03-06 13:00:00,20.3,73,15.4,20.8,0.0,90,62,24,84,0.26,0.64,396.6,148.8,247.7,175.0,1158.4,1
2019-03-06 14:00:00,19.0,73,14.0,18.5,0.0,100,100,34,16,0.18,0.59,230.4,3.8,226.7,4.7,1040.4,1
2019-03-06 15:00:00,18.1,74,13.4,17.3,0.0,98,97,59,0,0.15,0.55,174.0,10.7,163.3,15.7,847.5,1
2019-03-06 16:00:00,17.3,73,12.5,16.1,0.0,100,100,73,5,0.1,0.53,83.4,2.5,81.0,4.7,592.7,1
2019-03-06 17:00:00,16.7,74,12.1,15.8,0.1,100,100,86,93,0.07,0.49,27.6,0.0,27.6,0.0,293.5,1
2019-03-06 18:00:00,16.2,76,12.0,15.7,0.3,100,100,100,19,0.04,0.43,0.0,0.0,0.0,0.0,0.0,0
2019-03-06 19:00:00,15.4,86,13.1,15.7,1.1,100,90,100,94,0.0,0.24,0.0,0.0,0.0,0.0,0.0,0
2019-03-06 20:00:00,15.9,89,14.0,16.5,1.2,100,3,100,100,0.0,0.2,0.0,0.0,0.0,0.0,0.0,0
2019-03-06 21:00:00,15.7,87,13.6,16.4,2.1,100,2,100,100,0.0,0.23,0.0,0.0,0.0,0.0,0.0,0
2019-03-06 22:00:00,15.3,89,13.6,15.6,2.6,100,1,100,96,0.0,0.19,0.0,0.0,0.0,0.0,0.0,0
2019-03-06 23:00:00,15.3,90,13.6,16.0,1.3,100,44,96,100,0.0,0.18,0.0,0.0,0.0,0.0,0.0,0
2019-03-07 00:00:00,15.3,90,13.6,15.9,0.5,100,100,97,89,0.0,0.18,0.0,0.0,0.0,0.0,0.0,0
2019-03-07 01:00:00,15.2,84,12.5,14.8,0.1,98,92,97,0,0.0,0.28,0.0,0.0,0.0,0.0,0.0,0
2019-03-07 02:00:00,14.9,82,11.8,14.3,0.1,100,100,100,0,0.0,0.31,0.0,0.0,0.0,0.0,0.0,0
2019-03-07 03:00:00,14.5,86,12.1,14.4,0.3,100,99,100,32,0.0,0.23,0.0,0.0,0.0,0.0,0.0,0
2019-03-07 04:00:00,14.3,88,12.3,14.3,0.6,95,32,94,35,0.0,0.2,0.0,0.0,0.0,0.0,0.0,0
2019-03-07 05:00:00,14.0,88,12.1,14.0,0.2,97,96,75,7,0.0,0.19,0.0,0.0,0.0,0.0,0.0,0
2019-03-07 06:00:00,14.1,86,11.9,13.8,0.5,94,73,90,70,0.0,0.22,0.0,0.0,0.0,0.0,0.0,0
2019-03-07 07:00:00,14.2,85,11.8,13.7,0.4,100,27,100,96,0.03,0.24,10.9,0.0,10.9,0.0,240.7,1
2019-03-07 08:00:00,14.6,84,11.9,13.2,0.5,100,24,100,100,0.05,0.27,51.0,2.8,48.3,9.7,546.0,1
2019-03-07 09:00:00,14.5,85,12.0,13.5,1.8,100,19,100,94,0.06,0.25,72.4,0.0,72.4,0.0,810.2,1
2019-03-07 10:00:00,14.5,86,12.1,13.3,2.4,100,5,100,85,0.07,0.23,82.9,1.1,81.8,1.7,1015.4,1
2019-03-07 11:00:00,14.3,84,11.7,12.6,2.0,100,15,100,86,0.09,0.25,127.6,1.1,126.6,1.3,1147.6,1
2019-03-07 12:00:00,14.2,83,11.3,12.5,1.0,100,23,100,38,0.1,0.28,142.1,4.1,138.1,4.8,1197.7,1
2019-03-07 13:00:00,14.1,83,11.3,12.5,0.5,100,78,100,7,0.09,0.27,111.6,0.0,111.6,0.0,1162.4,1
2019-03-07 14:00:00,14.0,83,11.2,12.6,0.6,100,86,100,8,0.08,0.27,98.8,0.0,98.8,0.0,1044.0,1
2019-03-07 15:00:00,13.8,84,11.2,12.3,0.8,100,5,100,99,0.07,0.25,71.4,0.9,70.5,1.3,850.7,1
2019-03-07 16:00:00,13.4,86,11.1,12.0,0.9,100,16,100,76,0.06,0.22,52.4,0.8,51.6,1.6,595.7,1
2019-03-07 17:00:00,13.0,84,10.3,11.2,0.8,100,14,100,61,0.05,0.24,19.8,0.0,19.8,0.0,296.3,1
2019-03-07 18:00:00,12.6,85,10.2,10.9,0.8,100,17,100,99,0.04,0.22,0.0,0.0,0.0,0.0,0.0,0
2019-03-07 19:00:00,12.5,86,10.3,10.7,0.8,100,28,100,28,0.01,0.2,0.0,0.0,0.0,0.0,0.0,0
2019-03-07 20:00:00,12.6,84,10.0,10.7,0.4,100,4,95,98,0.01,0.23,0.0,0.0,0.0,0.0,0.0,0
2019-03-07 21:00:00,12.6,89,10.7,10.7,0.6,96,21,96,34,0.0,0.17,0.0,0.0,0.0,0.0,0.0,0
2019-03-07 22:00:00,12.9,84,10.2,10.8,0.1,98,83,96,6,0.01,0.24,0.0,0.0,0.0,0.0,0.0,0
2019-03-07 23:00:00,13.2,80,9.9,11.2,0.0,100,100,100,43,0.02,0.3,0.0,0.0,0.0,0.0,0.0,0
2019-03-08 00:00:00,13.3,82,10.3,11.4,0.1,100,100,100,35,0.02,0.28,0.0,0.0,0.0,0.0,0.0,0
2019-03-08 01:00:00,13.2,84,10.5,11.1,0.4,100,20,100,100,0.02,0.25,0.0,0.0,0.0,0.0,0.0,0
2019-03-08 02:00:00,12.8,88,10.9,11.0,0.7,100,1,99,72,0.01,0.17,0.0,0.0,0.0,0.0,0.0,0
2019-03-08 03:00:00,12.7,89,10.9,10.8,0.5,99,24,97,72,0.01,0.16,0.0,0.0,0.0,0.0,0.0,0
2019-03-08 04:00:00,12.6,89,10.8,10.6,1.2,100,1,100,80,0.01,0.16,0.0,0.0,0.0,0.0,0.0,0
2019-03-08 05:00:00,12.8,89,11.0,10.9,1.9,91,11,83,67,0.01,0.17,0.0,0.0,0.0,0.0,0.0,0
2019-03-08 06:00:00,13.1,89,11.3,11.3,1.1,100,17,100,100,0.0,0.16,0.0,0.0,0.0,0.0,0.0,0
2019-03-08 07:00:00,13.4,90,11.8,11.6,4.4,92,1,86,82,0.03,0.16,4.3,0.0,4.3,0.0,246.1,1
2019-03-08 08:00:00,14.4,88,12.4,12.6,0.9,99,5,96,71,0.04,0.2,39.8,1.4,38.5,4.8,551.3,1
2019-03-08 09:00:00,15.3,88,13.4,14.0,1.1,100,91,100,52,0.07,0.21,97.2,8.3,88.9,16.8,815.3,1
2019-03-08 10:00:00,16.1,87,13.9,15.2,1.0,100,100,100,74,0.08,0.24,121.5,6.6,114.9,10.0,1020.3,1
2019-03-08 11:00:00,16.0,87,13.8,14.8,1.6,100,99,100,48,0.08,0.24,103.3,3.2,100.2,4.0,1152.1,1
2019-03-08 12:00:00,16.6,87,14.4,15.5,1.0,100,0,100,46,0.11,0.25,185.7,5.1,180.7,6.0,1201.9,1
2019-03-08 13:00:00,16.3,87,14.2,15.1,0.7,100,12,100,2,0.11,0.23,161.5,26.4,135.1,30.8,1166.2,1
2019-03-08 14:00:00,16.7,85,14.1,15.5,0.4,100,74,100,0,0.1,0.29,119.5,5.6,113.8,7.0,1047.5,1
2019-03-08 15:00:00,17.4,84,14.8,16.7,0.1,95,83,91,0,0.12,0.31,151.8,16.1,135.7,23.3,853.9,1
2019-03-08 16:00:00,17.7,84,14.9,16.9,0.0,98,97,75,0,0.1,0.33,116.3,31.9,84.4,60.7,598.6,1
2019-03-08 17:00:00,17.5,85,15.0,16.7,0.1,97,95,67,0,0.07,0.29,46.3,2.0,44.4,6.1,299.1,1
2019-03-08 18:00:00,17.3,86,14.9,16.5,0.1,98,98,45,18,0.04,0.28,0.0,0.0,0.0,0.0,0.0,0
2019-03-08 19:00:00,17.3,87,15.1,16.6,0.0,85,56,74,45,0.01,0.26,0.0,0.0,0.0,0.0,0.0,0
2019-03-08 20:00:00,17.5,89,15.8,17.5,0.0,67,48,97,91,0.0,0.21,0.0,0.0,0.0,0.0,0.0,0
2019-03-08 21:00:00,17.6,90,16.0,17.7,0.1,100,54,99,99,0.0,0.2,0.0,0.0,0.0,0.0,0.0,0
2019-03-08 22:00:00,18.0,89,16.1,17.8,0.4,99,53,99,0,0.01,0.23,0.0,0.0,0.0,0.0,0.0,0
2019-03-08 23:00:00,18.0,90,16.3,17.7,0.3,99,20,99,0,0.01,0.21,0.0,0.0,0.0,0.0,0.0,0
2019-03-09 00:00:00,18.1,90,16.3,18.1,0.0,100,1,100,0,0.01,0.22,0.0,0.0,0.0,0.0,0.0,0
2019-03-09 01:00:00,18.0,91,16.5,18.3,0.2,100,0,100,89,0.0,0.19,0.0,0.0,0.0,0.0,0.0,0
2019-03-09 02:00:00,17.9,91,16.4,18.5,0.9,98,0,98,74,0.0,0.19,0.0,0.0,0.0,0.0,0.0,0
2019-03-09 03:00:00,17.8,90,16.0,18.7,0.8,100,1,100,55,0.0,0.21,0.0,0.0,0.0,0.0,0.0,0
2019-03-09 04:00:00,17.0,93,15.9,18.4,2.2,100,1,100,99,0.0,0.14,0.0,0.0,0.0,0.0,0.0,0
2019-03-09 05:00:00,17.4,91,15.9,18.9,2.2,100,0,100,100,0.0,0.18,0.0,0.0,0.0,0.0,0.0,0
2019-03-09 06:00:00,17.1,92,15.8,18.6,3.0,100,0,100,100,0.0,0.15,0.0,0.0,0.0,0.0,0.0,0
2019-03-09 07:00:00,16.7,94,15.8,18.3,3.7,100,2,100,100,0.02,0.11,6.5,0.0,6.5,0.0,251.5,1
2019-03-09 08:00:00,17.0,94,16.0,18.5,2.8,100,0,100,98,0.03,0.12,23.3,0.0,23.3,0.0,556.6,1
2019-03-09 09:00:00,17.8,95,16.9,19.0,5.7,100,0,100,95,0.04,0.11,46.2,7.1,39.1,14.2,820.5,1
2019-03-09 10:00:00,18.7,95,17.9,20.4,5.3,100,1,100,83,0.05,0.11,53.0,3.3,49.7,5.0,1025.1,1
2019-03-09 11:00:00,19.4,94,18.4,21.6,3.3,98,1,95,63,0.06,0.14,71.7,2.1,69.6,2.7,1156.6,1
2019-03-09 12:00:00,21.1,86,18.6,23.7,1.3,84,31,80,47,0.18,0.36,274.0,59.9,214.1,70.0,1206.1,1
2019-03-09 13:00:00,21.7,84,18.8,24.1,0.7,94,28,93,39,0.28,0.43,434.6,148.8,285.8,172.9,1170.0,1
2019-03-09 14:00:00,21.2,88,19.2,23.3,1.3,98,23,96,66,0.27,0.29,423.3,179.7,243.6,223.3,1051.0,1
2019-03-09 15:00:00,20.1,92,18.7,21.9,2.3,100,99,99,100,0.12,0.2,169.7,27.7,142.0,40.0,857.1,1
2019-03-09 16:00:00,19.6,94,18.6,21.7,3.5,99,21,98,90,0.07,0.14,85.3,1.6,83.6,3.1,601.5,1
2019-03-09 17:00:00,18.9,96,18.3,20.8,1.6,100,26,99,93,0.03,0.08,21.9,2.0,19.9,6.1,301.8,1
2019-03-09 18:00:00,18.5,97,18.0,20.9,2.6,100,41,100,100,0.02,0.07,0.0,0.0,0.0,0.0,0.0,0
2019-03-09 19:00:00,18.1,98,17.8,20.6,1.2,100,79,100,99,0.0,0.04,0.0,0.0,0.0,0.0,0.0,0
2019-03-09 20:00:00,17.9,94,16.9,20.0,1.5,99,100,100,61,0.0,0.12,0.0,0.0,0.0,0.0,0.0,0
2019-03-09 21:00:00,17.9,95,17.1,19.9,1.3,100,99,100,0,0.0,0.11,0.0,0.0,0.0,0.0,0.0,0
2019-03-09 22:00:00,17.9,94,16.9,20.0,1.0,97,37,93,93,0.0,0.12,0.0,0.0,0.0,0.0,0.0,0
2019-03-09 23:00:00,17.7,94,16.8,19.4,3.9,100,100,100,65,0.0,0.11,0.0,0.0,0.0,0.0,0.0,0
2019-03-10 00:00:00,17.5,97,17.0,19.4,4.2,100,100,99,99,0.0,0.06,0.0,0.0,0.0,0.0,0.0,0
2019-03-10 01:00:00,17.4,97,17.0,19.3,2.4,100,100,98,99,0.0,0.06,0.0,0.0,0.0,0.0,0.0,0
2019-03-10 02:00:00,17.5,97,17.0,18.9,4.7,100,100,99,100,0.0,0.06,0.0,0.0,0.0,0.0,0.0,0
2019-03-10 03:00:00,17.3,95,16.6,19.0,5.6,99,66,99,62,0.0,0.09,0.0,0.0,0.0,0.0,0.0,0
2019-03-10 04:00:00,16.8,97,16.4,18.1,4.1,100,23,100,100,0.0,0.05,0.0,0.0,0.0,0.0,0.0,0
2019-03-10 05:00:00,16.6,97,16.2,17.8,1.5,100,95,100,28,0.0,0.05,0.0,0.0,0.0,0.0,0.0,0
2019-03-10 06:00:00,17.0,95,16.2,18.4,0.8,100,100,65,4,0.0,0.09,0.0,0.0,0.0,0.0,0.0,0
2019-03-10 07:00:00,16.8,93,15.7,17.7,0.1,99,99,21,4,0.02,0.13,19.4,0.0,19.4,0.0,256.9,1
2019-03-10 08:00:00,18.7,90,17.0,20.4,0.1,100,70,16,4,0.04,0.23,50.4,1.4,49.1,4.6,561.9,1
2019-03-10 09:00:00,18.4,88,16.4,19.4,0.0,75,72,14,4,0.08,0.25,139.5,8.3,131.3,16.5,825.6,1
2019-03-10 10:00:00,18.2,84,15.5,18.6,0.1,85,83,22,13,0.13,0.33,227.3,34.2,193.1,50.9,1029.9,1
2019-03-10 11:00:00,18.4,81,15.0,18.8,0.1,92,90,29,2,0.19,0.41,326.6,44.2,282.3,55.7,1161.1,1
2019-03-10 12:00:00,18.1,79,14.5,18.4,0.2,100,100,97,12,0.17,0.43,268.9,65.9,202.9,76.7,1210.2,1
2019-03-10 13:00:00,17.6,79,13.9,18.0,0.4,100,100,100,10,0.13,0.43,180.1,3.9,176.2,4.5,1173.7,1
2019-03-10 14:00:00,17.0,82,14.0,17.8,0.9,100,100,100,70,0.1,0.35,123.2,0.0,123.2,0.0,1054.4,1
2019-03-10 15:00:00,17.3,83,14.4,18.1,0.9,100,69,99,56,0.18,0.33,258.1,42.0,216.1,60.5,860.1,1
2019-03-10 16:00:00,16.5,84,13.7,17.2,0.7,100,46,100,24,0.07,0.31,76.3,1.6,74.6,3.1,604.4,1
2019-03-10 17:00:00,16.2,83,13.4,16.9,0.5,100,41,99,68,0.05,0.3,37.9,0.7,37.3,2.0,304.5,1
2019-03-10 18:00:00,15.3,90,13.6,16.4,0.7,100,51,99,37,0.02,0.18,0.0,0.0,0.0,0.0,0.0,0
2019-03-10 19:00:00,14.8,91,13.4,15.3,0.3,98,37,97,1,0.0,0.15,0.0,0.0,0.0,0.0,0.0,0
2019-03-10 20:00:00,15.6,90,13.9,16.0,0.0,100,100,79,26,0.0,0.18,0.0,0.0,0.0,0.0,0.0,0
2019-03-10 21:00:00,15.8,87,13.7,15.9,0.0,94,91,68,9,0.0,0.23,0.0,0.0,0.0,0.0,0.0,0
2019-03-10 22:00:00,15.8,85,13.2,15.9,0.0,80,33,79,8,0.0,0.28,0.0,0.0,0.0,0.0,0.0,0
2019-03-10 23:00:00,15.3,85,12.7,15.3,0.0,94,28,93,0,0.0,0.27,0.0,0.0,0.0,0.0,0.0,0
2019-03-11 00:00:00,15.3,83,12.5,15.2,0.0,52,17,50,3,0.0,0.29,0.0,0.0,0.0,0.0,0.0,0
2019-03-11 01:00:00,14.6,85,12.2,14.4,0.0,86,22,84,6,0.0,0.25,0.0,0.0,0.0,0.0,0.0,0
2019-03-11 02:00:00,14.5,87,12.3,14.6,0.1,99,41,99,62,0.0,0.22,0.0,0.0,0.0,0.0,0.0,0
2019-03-11 03:00:00,15.1,85,12.5,15.0,0.2,94,30,93,66,0.0,0.26,0.0,0.0,0.0,0.0,0.0,0
2019-03-11 04:00:00,14.7,89,12.8,14.8,0.1,95,19,94,87,0.0,0.19,0.0,0.0,0.0,0.0,0.0,0
2019-03-11 05:00:00,14.6,89,12.8,14.5,0.2,92,21,92,15,0.0,0.19,0.0,0.0,0.0,0.0,0.0,0
2019-03-11 06:00:00,14.7,87,12.6,14.7,0.1,97,22,96,90,0.0,0.22,0.0,0.0,0.0,0.0,0.0,0
2019-03-11 07:00:00,15.1,86,12.8,14.8,0.1,81,16,79,40,0.03,0.24,23.7,2.2,21.5,11.0,262.4,1
2019-03-11 08:00:00,16.6,82,13.5,16.3,0.1,88,15,77,20,0.07,0.34,118.2,35.3,82.9,117.4,567.2,1
2019-03-11 09:00:00,17.2,76,13.0,16.1,0.0,81,11,80,29,0.13,0.46,215.0,69.7,145.3,137.5,830.7,1
2019-03-11 10:00:00,17.5,72,12.5,16.1,0.0,91,10,90,15,0.17,0.55,272.4,82.7,189.7,122.3,1034.7,1
2019-03-11 11:00:00,17.8,70,12.3,16.1,0.0,91,12,91,3,0.21,0.61,329.6,100.0,229.6,125.4,1165.6,1
2019-03-11 12:00:00,17.5,71,12.3,15.9,0.0,99,15,99,0,0.19,0.58,287.1,83.2,203.9,96.4,1214.2,1
2019-03-11 13:00:00,17.8,69,12.1,16.2,0.0,89,4,89,0,0.23,0.63,349.4,92.0,257.4,106.1,1177.4,1
2019-03-11 14:00:00,17.6,69,11.8,16.3,0.1,73,1,73,0,0.21,0.63,291.6,80.0,211.7,98.7,1057.7,1
2019-03-11 15:00:00,17.8,67,11.6,16.6,0.0,58,0,58,0,0.23,0.68,331.4,167.9,163.5,241.1,863.2,1
2019-03-11 16:00:00,17.4,67,11.2,16.1,0.0,50,0,50,0,0.2,0.66,254.5,123.1,131.3,230.9,607.2,1
2019-03-11 17:00:00,16.6,71,11.3,15.9,0.0,85,1,85,0,0.11,0.56,116.8,53.4,63.4,161.0,307.1,1
2019-03-11 18:00:00,15.5,76,11.4,15.1,0.0,65,0,65,0,0.04,0.42,0.0,0.0,0.0,0.0,0.0,0
2019-03-11 19:00:00,15.0,81,11.7,14.7,0.0,100,2,100,0,0.0,0.33,0.0,0.0,0.0,0.0,0.0,0
2019-03-11 20:00:00,15.1,77,11.1,14.1,0.0,49,7,30,0,0.02,0.4,0.0,0.0,0.0,0.0,0.0,0
2019-03-11 21:00:00,15.0,78,11.1,14.0,0.0,22,7,22,0,0.01,0.38,0.0,0.0,0.0,0.0,0.0,0
2019-03-11 22:00:00,14.7,79,11.1,13.7,0.0,32,1,32,0,0.01,0.35,0.0,0.0,0.0,0.0,0.0,0
2019-03-11 23:00:00,14.7,79,11.1,13.8,0.0,36,0,36,0,0.01,0.35,0.0,0.0,0.0,0.0,0.0,0
2019-03-12 00:00:00,14.5,80,11.1,13.5,0.0,37,0,37,0,0.01,0.33,0.0,0.0,0.0,0.0,0.0,0
2019-03-12 01:00:00,14.5,80,11.1,13.8,0.0,38,0,38,0,0.01,0.33,0.0,0.0,0.0,0.0,0.0,0
2019-03-12 02:00:00,14.0,82,11.0,13.2,0.0,49,0,49,0,0.0,0.29,0.0,0.0,0.0,0.0,0.0,0
2019-03-12 03:00:00,13.8,83,10.9,13.1,0.0,48,0,48,0,0.0,0.27,0.0,0.0,0.0,0.0,0.0,0
2019-03-12 04:00:00,13.5,83,10.7,12.7,0.0,19,0,19,0,0.0,0.26,0.0,0.0,0.0,0.0,0.0,0
2019-03-12 05:00:00,13.0,84,10.3,12.0,0.0,3,0,3,0,0.0,0.25,0.0,0.0,0.0,0.0,0.0,0
2019-03-12 06:00:00,12.9,82,9.9,11.7,0.0,1,0,1,0,0.0,0.27,0.0,0.0,0.0,0.0,0.0,0
2019-03-12 07:00:00,14.6,78,10.7,13.5,0.0,1,1,1,0,0.04,0.37,88.2,40.9,47.3,207.0,267.9,1
2019-03-12 08:00:00,18.0,68,12.1,17.0,0.0,1,1,3,0,0.14,0.65,300.5,194.9,105.6,639.1,572.5,1
2019-03-12 09:00:00,20.1,59,11.7,18.1,0.0,2,0,2,0,0.28,0.97,515.5,385.7,129.8,754.9,835.7,1
2019-03-12 10:00:00,21.2,55,11.8,19.3,0.0,1,0,1,0,0.4,1.14,699.7,555.4,144.4,816.4,1039.5,1
2019-03-12 11:00:00,22.4,52,12.2,21.4,0.0,1,0,1,0,0.5,1.3,824.3,674.8,149.5,841.9,1169.9,1
2019-03-12 12:00:00,23.4,51,12.8,23.2,0.0,0,0,0,0,0.55,1.4,873.2,725.1,148.1,837.0,1218.2,1
2019-03-12 13:00:00,23.7,53,13.5,24.3,0.0,1,0,1,0,0.56,1.39,848.5,704.6,143.9,809.5,1181.0,1
2019-03-12 14:00:00,23.4,54,13.7,23.6,0.0,2,0,2,0,0.51,1.32,746.0,612.5,133.6,753.0,1060.9,1
2019-03-12 15:00:00,22.7,56,13.4,21.9,0.0,2,0,2,0,0.42,1.22,583.5,464.6,118.8,664.6,866.1,1
2019-03-12 16:00:00,21.8,58,13.1,20.6,0.0,1,0,1,0,0.31,1.11,381.1,288.3,92.8,538.3,609.9,1
2019-03-12 17:00:00,20.5,62,13.0,19.6,0.0,0,0,0,0,0.18,0.91,167.3,112.5,54.9,336.9,309.7,1
2019-03-12 18:00:00,18.4,65,11.6,17.3,0.0,0,0,0,0,0.07,0.75,0.0,0.0,0.0,0.0,0.0,0
2019-03-12 19:00:00,17.4,67,11.2,16.0,0.0,0,0,0,0,0.04,0.66,0.0,0.0,0.0,0.0,0.0,0
2019-03-12 20:00:00,17.2,69,11.4,16.0,0.0,0,0,0,0,0.03,0.61,0.0,0.0,0.0,0.0,0.0,0
2019-03-12 21:00:00,17.6,67,11.5,16.4,0.0,0,0,0,0,0.04,0.66,0.0,0.0,0.0,0.0,0.0,0
2019-03-12 22:00:00,17.7,64,10.8,16.1,0.0,0,0,0,0,0.05,0.73,0.0,0.0,0.0,0.0,0.0,0
2019-03-12 23:00:00,17.7,64,10.8,16.1,0.0,0,0,0,0,0.05,0.73,0.0,0.0,0.0,0.0,0.0,0
2019-03-13 00:00:00,17.3,67,11.0,15.9,0.0,0,0,0,0,0.04,0.66,0.0,0.0,0.0,0.0,0.0,0
2019-03-13 01:00:00,16.9,68,10.9,15.5,0.0,0,0,0,0,0.04,0.63,0.0,0.0,0.0,0.0,0.0,0
2019-03-13 02:00:00,16.6,68,10.8,15.3,0.0,1,0,0,0,0.03,0.6,0.0,0.0,0.0,0.0,0.0,0
2019-03-13 03:00:00,16.4,71,11.1,15.3,0.0,1,0,1,0,0.03,0.54,0.0,0.0,0.0,0.0,0.0,0
2019-03-13 04:00:00,15.8,75,11.5,15.0,0.0,1,0,1,0,0.01,0.44,0.0,0.0,0.0,0.0,0.0,0
2019-03-13 05:00:00,15.5,78,11.6,14.8,0.0,1,0,1,0,0.01,0.39,0.0,0.0,0.0,0.0,0.0,0
2019-03-13 06:00:00,15.9,76,11.6,15.1,0.0,21,0,21,0,0.02,0.44,0.0,0.0,0.0,0.0,0.0,0
2019-03-13 07:00:00,17.7,72,12.6,16.8,0.0,39,0,39,0,0.06,0.57,81.6,32.2,49.4,161.8,273.4,1
2019-03-13 08:00:00,19.8,70,14.1,18.7,0.0,52,0,58,0,0.14,0.7,226.6,112.0,114.7,362.3,577.9,1
2019-03-13 09:00:00,21.3,68,15.2,20.2,0.0,30,0,30,0,0.23,0.81,386.4,208.5,177.9,404.9,840.8,1
2019-03-13 10:00:00,22.2,63,14.9,20.2,0.0,12,0,12,0,0.37,0.98,632.1,435.0,197.1,635.8,1044.2,1
2019-03-13 11:00:00,22.4,63,15.1,21.3,0.0,32,0,32,0,0.44,1.0,773.5,597.7,175.7,742.3,1174.3,1
2019-03-13 12:00:00,22.4,63,15.1,21.7,0.0,45,0,45,0,0.48,0.99,819.2,640.8,178.5,736.7,1222.1,1
2019-03-13 13:00:00,22.2,62,14.7,21.2,0.0,39,0,39,0,0.46,1.01,746.6,503.0,243.7,575.8,1184.6,1
2019-03-13 14:00:00,22.0,61,14.1,20.5,0.0,87,1,87,0,0.42,1.04,629.4,433.7,195.7,531.4,1064.1,1
2019-03-13 15:00:00,20.9,64,14.0,19.3,0.0,52,1,52,0,0.24,0.88,273.5,98.3,175.2,140.1,869.0,1
2019-03-13 16:00:00,20.4,67,14.1,18.9,0.0,28,1,28,0,0.19,0.79,194.0,91.2,102.7,169.6,612.6,1
2019-03-13 17:00:00,19.8,71,14.4,18.4,0.0,22,0,22,0,0.15,0.68,126.2,64.4,61.7,191.9,312.3,1
2019-03-13 18:00:00,18.9,74,14.1,17.5,0.0,23,1,23,0,0.08,0.57,0.0,0.0,0.0,0.0,0.0,0
2019-03-13 19:00:00,18.6,73,13.7,17.0,0.0,34,0,34,0,0.05,0.57,0.0,0.0,0.0,0.0,0.0,0
2019-03-13 20:00:00,19.2,65,12.5,16.9,0.0,24,8,29,0,0.08,0.77,0.0,0.0,0.0,0.0,0.0,0
2019-03-13 21:00:00,19.2,66,12.6,16.8,0.0,16,8,16,0,0.08,0.77,0.0,0.0,0.0,0.0,0.0,0
2019-03-13 22:00:00,19.4,63,12.2,16.7,0.0,12,8,11,0,0.1,0.83,0.0,0.0,0.0,0.0,0.0,0
2019-03-13 23:00:00,19.4,62,12.0,16.5,0.0,30,7,29,0,0.1,0.85,0.0,0.0,0.0,0.0,0.0,0
2019-03-14 00:00:00,19.3,64,12.3,16.6,0.0,17,4,16,0,0.09,0.81,0.0,0.0,0.0,0.0,0.0,0
2019-03-14 01:00:00,19.0,68,12.9,16.8,0.0,20,1,20,0,0.07,0.7,0.0,0.0,0.0,0.0,0.0,0
2019-03-14 02:00:00,18.9,69,13.0,17.0,0.0,22,1,22,0,0.07,0.69,0.0,0.0,0.0,0.0,0.0,0
2019-03-14 03:00:00,18.8,68,12.8,16.8,0.0,25,14,24,0,0.07,0.69,0.0,0.0,0.0,0.0,0.0,0
2019-03-14 04:00:00,18.6,68,12.7,17.1,0.0,29,14,28,0,0.06,0.68,0.0,0.0,0.0,0.0,0.0,0
2019-03-14 05:00:00,18.4,69,12.7,17.3,0.0,25,18,23,0,0.04,0.65,0.0,0.0,0.0,0.0,0.0,0
2019-03-14 06:00:00,18.2,71,12.8,17.1,0.0,22,16,20,0,0.04,0.61,0.0,0.0,0.0,0.0,0.0,0
2019-03-14 07:00:00,18.5,73,13.6,17.8,0.0,20,16,18,0,0.06,0.58,81.4,32.1,49.3,160.3,278.9,1
2019-03-14 08:00:00,20.9,70,15.2,21.0,0.0,12,19,26,0,0.14,0.74,264.8,156.0,108.9,498.0,583.1,1
2019-03-14 09:00:00,22.5,64,15.4,22.4,0.0,15,12,13,0,0.26,0.97,447.1,294.1,153.0,566.8,845.8,1
2019-03-14 10:00:00,23.5,62,15.8,24.7,0.0,27,1,27,0,0.37,1.1,615.2,451.2,164.0,655.8,1048.8,1
2019-03-14 11:00:00,23.3,65,16.4,23.9,0.1,66,12,63,3,0.39,1.0,631.2,418.7,212.5,517.6,1178.5,1
2019-03-14 12:00:00,22.3,76,17.8,23.1,1.1,83,29,81,0,0.35,0.66,573.8,315.3,258.5,361.0,1226.0,1
2019-03-14 13:00:00,22.1,75,17.4,22.1,0.1,39,6,39,0,0.34,0.67,548.9,327.8,221.1,373.9,1188.0,1
2019-03-14 14:00:00,21.9,74,17.1,22.0,0.1,60,51,52,0,0.33,0.69,509.9,334.0,175.9,407.8,1067.2,1
2019-03-14 15:00:00,21.0,79,17.3,22.0,0.0,53,53,1,0,0.27,0.52,400.5,228.8,171.6,324.9,871.9,1
2019-03-14 16:00:00,20.5,81,17.1,21.9,0.0,53,50,27,0,0.22,0.46,305.1,166.1,139.0,307.6,615.2,1
2019-03-14 17:00:00,19.5,83,16.5,20.7,0.0,84,35,83,0,0.11,0.4,113.0,47.8,65.3,141.4,314.9,1
2019-03-14 18:00:00,18.2,84,15.4,19.0,0.0,100,86,100,0,0.04,0.34,0.0,0.0,0.0,0.0,0.0,0
2019-03-14 19:00:00,17.6,86,15.1,18.1,0.0,100,88,99,0,0.0,0.29,0.0,0.0,0.0,0.0,0.0,0
2019-03-14 20:00:00,17.5,87,15.3,18.4,0.1,100,90,96,0,0.0,0.26,0.0,0.0,0.0,0.0,0.0,0
2019-03-14 21:00:00,17.6,85,15.0,18.2,0.1,99,87,98,7,0.0,0.31,0.0,0.0,0.0,0.0,0.0,0
2019-03-14 22:00:00,17.1,86,14.8,17.8,0.2,98,74,97,14,0.0,0.27,0.0,0.0,0.0,0.0,0.0,0
2019-03-14 23:00:00,16.9,87,14.6,17.6,0.1,92,85,88,4,0.0,0.26,0.0,0.0,0.0,0.0,0.0,0
2019-03-15 00:00:00,16.5,87,14.3,16.9,0.1,95,76,93,14,0.0,0.25,0.0,0.0,0.0,0.0,0.0,0
2019-03-15 01:00:00,16.3,87,14.2,16.9,0.5,100,55,100,78,0.0,0.24,0.0,0.0,0.0,0.0,0.0,0
2019-03-15 02:00:00,16.1,90,14.4,17.3,1.1,100,94,100,32,0.0,0.18,0.0,0.0,0.0,0.0,0.0,0
2019-03-15 03:00:00,15.9,87,13.7,16.7,1.0,100,100,100,44,0.0,0.23,0.0,0.0,0.0,0.0,0.0,0
2019-03-15 04:00:00,15.7,90,14.1,16.8,1.3,100,98,100,6,0.0,0.17,0.0,0.0,0.0,0.0,0.0,0
2019-03-15 05:00:00,15.5,90,13.9,16.6,1.1,100,93,100,0,0.0,0.17,0.0,0.0,0.0,0.0,0.0,0
2019-03-15 06:00:00,15.3,91,13.9,16.3,0.8,100,23,100,1,0.0,0.16,0.0,0.0,0.0,0.0,0.0,0
2019-03-15 07:00:00,15.4,90,13.7,16.0,0.2,98,43,97,0,0.02,0.18,30.0,0.0,30.0,0.0,284.3,1
2019-03-15 08:00:00,16.7,80,13.3,16.3,0.0,62,41,14,3,0.08,0.37,135.3,20.1,115.2,63.4,588.4,1
2019-03-15 09:00:00,17.9,74,13.2,17.3,0.0,44,42,6,1,0.2,0.54,400.7,219.7,181.0,420.2,850.7,1
2019-03-15 10:00:00,18.4,68,12.3,17.5,0.0,100,100,3,1,0.24,0.68,433.3,162.8,270.6,235.3,1053.4,1
2019-03-15 11:00:00,18.4,67,12.1,17.2,0.0,88,87,22,9,0.24,0.7,383.8,98.8,285.0,121.7,1182.7,1
2019-03-15 12:00:00,18.3,67,12.0,17.1,0.0,81,77,34,8,0.27,0.7,432.8,139.9,292.9,159.6,1229.8,1
2019-03-15 13:00:00,18.3,66,11.7,17.1,0.0,60,24,57,1,0.25,0.72,374.7,130.1,244.6,147.9,1191.4,1
2019-03-15 14:00:00,18.4,61,10.7,17.0,0.0,52,12,50,2,0.33,0.83,504.3,271.9,232.4,330.9,1070.3,1
2019-03-15 15:00:00,17.7,63,10.5,16.2,0.0,74,7,72,1,0.29,0.75,446.1,236.9,209.2,335.3,874.6,1
2019-03-15 16:00:00,17.3,63,10.3,15.8,0.0,78,1,78,0,0.22,0.72,291.3,129.2,162.1,238.2,617.8,1
2019-03-15 17:00:00,16.7,67,10.4,15.5,0.0,59,0,59,0,0.12,0.64,120.7,42.5,78.3,125.0,317.4,1
2019-03-15 18:00:00,15.4,74,10.7,14.9,0.0,65,0,65,0,0.04,0.46,0.0,0.0,0.0,0.0,0.0,0
2019-03-15 19:00:00,14.8,77,10.8,14.3,0.0,83,0,83,0,0.0,0.39,0.0,0.0,0.0,0.0,0.0,0
2019-03-15 20:00:00,15.4,75,11.0,14.7,0.0,73,0,66,0,0.01,0.43,0.0,0.0,0.0,0.0,0.0,0
2019-03-15 21:00:00,15.1,75,10.7,14.2,0.0,74,0,74,0,0.01,0.43,0.0,0.0,0.0,0.0,0.0,0
2019-03-15 22:00:00,14.8,73,10.1,13.5,0.0,41,0,41,0,0.02,0.45,0.0,0.0,0.0,0.0,0.0,0
2019-03-15 23:00:00,14.5,72,9.5,13.0,0.0,15,0,15,0,0.02,0.46,0.0,0.0,0.0,0.0,0.0,0
2019-03-16 00:00:00,14.1,72,9.1,12.5,0.0,24,0,24,0,0.02,0.46,0.0,0.0,0.0,0.0,0.0,0
2019-03-16 01:00:00,14.0,72,9.0,12.4,0.0,32,0,32,0,0.02,0.46,0.0,0.0,0.0,0.0,0.0,0
2019-03-16 02:00:00,14.1,72,9.1,12.5,0.0,64,0,64,0,0.02,0.45,0.0,0.0,0.0,0.0,0.0,0
2019-03-16 03:00:00,14.7,68,9.0,13.1,0.0,83,0,83,0,0.03,0.53,0.0,0.0,0.0,0.0,0.0,0
2019-03-16 04:00:00,15.7,62,8.3,13.7,0.0,87,0,87,0,0.04,0.68,0.0,0.0,0.0,0.0,0.0,0
2019-03-16 05:00:00,16.1,56,7.3,13.7,0.0,96,0,96,0,0.06,0.81,0.0,0.0,0.0,0.0,0.0,0
2019-03-16 06:00:00,16.7,51,6.6,13.9,0.0,99,0,99,0,0.08,0.93,0.0,0.0,0.0,0.0,0.0,0
2019-03-16 07:00:00,16.9,55,7.8,14.5,0.0,95,0,95,0,0.09,0.87,27.8,2.1,25.6,10.5,289.8,1
2019-03-16 08:00:00,18.2,61,10.5,16.0,0.0,100,0,16,0,0.13,0.83,129.6,36.1,93.5,112.3,593.6,1
2019-03-16 09:00:00,20.4,54,10.9,17.9,0.0,100,0,100,0,0.29,1.1,466.0,318.1,147.9,603.7,855.6,1
2019-03-16 10:00:00,20.8,49,9.8,17.5,0.0,100,0,100,0,0.32,1.24,439.7,183.6,256.1,263.9,1057.9,1
2019-03-16 11:00:00,20.5,51,10.1,17.5,0.0,100,1,100,0,0.27,1.17,303.8,44.1,259.6,54.1,1186.8,1
2019-03-16 12:00:00,20.3,52,10.1,17.7,0.0,100,1,100,0,0.23,1.15,213.8,19.3,194.6,21.9,1233.5,1
2019-03-16 13:00:00,20.2,54,10.5,17.9,0.0,100,1,100,0,0.21,1.1,178.0,10.8,167.3,12.2,1194.7,1
2019-03-16 14:00:00,19.9,57,11.3,17.8,0.0,99,3,99,0,0.18,0.99,139.3,12.2,127.0,14.8,1073.3,1
2019-03-16 15:00:00,20.2,58,11.8,18.1,0.0,71,2,71,0,0.21,0.98,203.0,45.6,157.4,64.3,877.4,1
2019-03-16 16:00:00,20.3,56,11.4,18.1,0.0,96,1,96,0,0.24,1.04,242.1,100.5,141.6,184.5,620.4,1
2019-03-16 17:00:00,19.2,59,10.9,16.9,0.0,100,17,100,1,0.14,0.92,60.2,11.5,48.7,33.6,319.8,1
2019-03-16 18:00:00,19.0,58,10.6,16.6,0.0,100,100,100,0,0.11,0.91,0.0,0.0,0.0,0.0,0.0,0
2019-03-16 19:00:00,19.1,58,10.7,16.8,0.0,100,26,100,0,0.08,0.92,0.0,0.0,0.0,0.0,0.0,0
2019-03-16 20:00:00,17.5,74,12.8,16.5,0.0,99,94,85,0,0.03,0.52,0.0,0.0,0.0,0.0,0.0,0
2019-03-16 21:00:00,17.9,75,13.5,17.2,0.3,96,24,96,0,0.03,0.51,0.0,0.0,0.0,0.0,0.0,0
2019-03-16 22:00:00,17.8,78,13.9,17.3,0.0,100,10,100,0,0.02,0.46,0.0,0.0,0.0,0.0,0.0,0
2019-03-16 23:00:00,17.9,79,14.2,17.5,0.0,100,4,100,0,0.02,0.43,0.0,0.0,0.0,0.0,0.0,0
2019-03-17 00:00:00,17.9,78,14.1,17.9,0.2,100,2,100,0,0.02,0.44,0.0,0.0,0.0,0.0,0.0,0
2019-03-17 01:00:00,17.7,80,14.2,18.0,0.3,100,0,100,0,0.01,0.41,0.0,0.0,0.0,0.0,0.0,0
2019-03-17 02:00:00,17.3,81,14.1,17.9,0.4,100,11,100,0,0.0,0.37,0.0,0.0,0.0,0.0,0.0,0
2019-03-17 03:00:00,16.9,87,14.7,17.6,0.2,100,27,100,0,0.0,0.25,0.0,0.0,0.0,0.0,0.0,0
2019-03-17 04:00:00,16.9,86,14.5,17.8,0.1,100,22,100,0,0.0,0.27,0.0,0.0,0.0,0.0,0.0,0
2019-03-17 05:00:00,17.0,85,14.5,17.8,0.0,79,13,78,0,0.0,0.29,0.0,0.0,0.0,0.0,0.0,0
2019-03-17 06:00:00,16.8,85,14.2,17.2,0.0,99,7,99,0,0.0,0.29,0.0,0.0,0.0,0.0,0.0,0
2019-03-17 07:00:00,17.6,84,14.9,18.1,0.0,83,6,83,0,0.04,0.32,34.1,4.3,29.9,20.8,295.2,1
2019-03-17 08:00:00,19.3,84,16.4,20.6,0.0,67,4,90,0,0.07,0.37,129.1,39.9,89.2,122.8,598.8,1
2019-03-17 09:00:00,20.7,79,16.9,22.2,0.0,35,6,35,0,0.13,0.51,207.5,57.4,150.1,108.2,860.4,1
2019-03-17 10:00:00,22.7,70,16.8,23.8,0.0,54,1,54,0,0.32,0.84,535.0,364.7,170.3,521.5,1062.4,1
2019-03-17 11:00:00,23.8,64,16.6,25.1,0.0,39,10,38,0,0.4,1.05,621.0,386.7,234.3,471.8,1190.9,1
2019-03-17 12:00:00,24.4,60,16.3,26.0,0.0,49,19,47,0,0.43,1.21,634.2,422.5,211.7,478.4,1237.1,1
2019-03-17 13:00:00,24.3,61,16.2,25.6,0.0,60,20,58,0,0.36,1.2,500.8,316.9,183.9,357.8,1198.0,1
2019-03-17 14:00:00,24.0,61,16.1,25.3,0.0,100,70,100,0,0.28,1.16,357.5,192.9,164.7,233.2,1076.2,1
2019-03-17 15:00:00,23.2,68,17.0,24.4,0.0,52,12,51,0,0.18,0.9,195.0,59.9,135.1,84.2,880.0,1
2019-03-17 16:00:00,22.6,73,17.5,23.8,0.0,43,21,40,0,0.18,0.74,189.5,75.0,114.5,137.2,622.9,1
2019-03-17 17:00:00,21.8,77,17.6,23.0,0.0,55,37,52,0,0.12,0.59,110.5,55.6,54.9,161.7,322.3,1
2019-03-17 18:00:00,20.6,80,17.1,21.5,0.0,75,28,74,0,0.05,0.48,0.0,0.0,0.0,0.0,0.0,0
2019-03-17 19:00:00,20.1,82,17.0,20.9,0.0,53,14,53,0,0.02,0.41,0.0,0.0,0.0,0.0,0.0,0
2019-03-17 20:00:00,19.1,92,17.7,19.8,0.0,48,13,98,0,0.0,0.19,0.0,0.0,0.0,0.0,0.0,0
2019-03-17 21:00:00,19.1,92,17.7,19.8,0.1,92,10,92,0,0.0,0.19,0.0,0.0,0.0,0.0,0.0,0
2019-03-17 22:00:00,19.4,91,17.9,20.3,0.0,94,52,92,0,0.0,0.2,0.0,0.0,0.0,0.0,0.0,0
2019-03-17 23:00:00,19.8,90,18.1,20.9,0.0,97,50,97,1,0.01,0.24,0.0,0.0,0.0,0.0,0.0,0
2019-03-18 00:00:00,19.5,90,17.8,20.5,0.0,93,22,93,1,0.0,0.23,0.0,0.0,0.0,0.0,0.0,0
2019-03-18 01:00:00,19.2,90,17.6,20.3,0.0,83,10,83,0,0.0,0.21,0.0,0.0,0.0,0.0,0.0,0
2019-03-18 02:00:00,19.0,92,17.6,20.6,0.0,100,14,100,0,0.0,0.19,0.0,0.0,0.0,0.0,0.0,0
2019-03-18 03:00:00,18.5,95,17.7,20.4,0.3,100,4,100,0,0.0,0.1,0.0,0.0,0.0,0.0,0.0,0
2019-03-18 04:00:00,19.1,92,17.7,21.8,0.3,70,0,70,0,0.0,0.19,0.0,0.0,0.0,0.0,0.0,0
2019-03-18 05:00:00,18.6,94,17.6,20.9,0.0,62,1,62,0,0.0,0.14,0.0,0.0,0.0,0.0,0.0,0
2019-03-18 06:00:00,18.7,91,17.2,20.9,0.0,35,0,35,0,0.0,0.19,0.0,0.0,0.0,0.0,0.0,0
2019-03-18 07:00:00,18.6,92,17.3,21.0,0.0,11,0,11,0,0.02,0.17,87.3,34.1,53.3,164.6,300.6,1
2019-03-18 08:00:00,19.4,92,18.1,21.6,0.0,27,33,83,0,0.11,0.18,278.7,156.6,122.1,475.7,603.9,1
2019-03-18 09:00:00,20.8,88,18.7,22.8,0.1,65,56,50,0,0.14,0.3,254.1,66.7,187.3,124.8,865.2,1
2019-03-18 10:00:00,22.2,82,18.9,23.8,0.1,57,35,52,0,0.23,0.49,389.7,207.5,182.2,295.1,1066.8,1
2019-03-18 11:00:00,23.3,79,19.4,25.2,0.1,47,46,7,0,0.36,0.6,618.7,333.0,285.7,404.6,1194.8,1
2019-03-18 12:00:00,23.6,78,19.4,25.6,0.0,62,57,19,0,0.4,0.65,654.3,387.9,266.4,437.7,1240.6,1
2019-03-18 13:00:00,23.4,78,19.2,25.6,0.0,67,67,2,0,0.41,0.65,649.5,382.4,267.0,430.4,1201.1,1
2019-03-18 14:00:00,22.9,77,18.6,24.8,0.0,74,73,1,0,0.39,0.66,590.9,339.7,251.2,409.3,1079.0,1
2019-03-18 15:00:00,22.5,77,18.3,23.9,0.0,62,62,2,0,0.32,0.62,459.8,268.4,191.4,375.9,882.6,1
2019-03-18 16:00:00,21.6,78,17.6,23.0,0.0,70,70,1,0,0.22,0.56,291.1,160.8,130.3,293.0,625.3,1
2019-03-18 17:00:00,20.9,80,17.3,22.8,0.0,52,52,1,0,0.11,0.5,116.9,52.3,64.6,151.3,324.7,1
2019-03-18 18:00:00,19.6,90,17.9,22.0,0.0,23,23,0,0,0.03,0.23,0.4,0.1,0.2,0.7,1.3,1
2019-03-18 19:00:00,19.3,87,17.0,21.5,0.0,15,15,0,0,0.0,0.29,0.0,0.0,0.0,0.0,0.0,0
2019-03-18 20:00:00,19.1,89,17.3,21.3,0.0,10,32,2,0,0.0,0.24,0.0,0.0,0.0,0.0,0.0,0
2019-03-18 21:00:00,19.1,89,17.2,21.4,0.0,21,21,1,0,0.0,0.25,0.0,0.0,0.0,0.0,0.0,0
2019-03-18 22:00:00,18.6,92,17.3,20.8,0.0,17,17,1,0,0.0,0.17,0.0,0.0,0.0,0.0,0.0,0
2019-03-18 23:00:00,17.2,97,16.8,19.0,0.0,14,13,2,0,0.0,0.06,0.0,0.0,0.0,0.0,0.0,0
2019-03-19 00:00:00,16.6,99,16.5,18.1,0.0,9,9,3,0,0.0,0.01,0.0,0.0,0.0,0.0,0.0,0
2019-03-19 01:00:00,16.7,100,16.7,18.6,0.0,53,52,4,0,0.0,0.0,0.0,0.0,0.0,0.0,0.0,0
2019-03-19 02:00:00,16.3,100,16.3,17.9,0.0,100,100,0,0,0.0,0.0,0.0,0.0,0.0,0.0,0.0,0
2019-03-19 03:00:00,16.1,100,16.1,17.7,0.0,100,100,0,0,0.0,0.0,0.0,0.0,0.0,0.0,0.0,0
2019-03-19 04:00:00,16.4,100,16.3,17.9,0.0,100,100,0,0,0.0,0.01,0.0,0.0,0.0,0.0,0.0,0
2019-03-19 05:00:00,16.4,100,16.3,17.9,0.0,100,100,3,0,0.0,0.01,0.0,0.0,0.0,0.0,0.0,0
2019-03-19 06:00:00,16.3,100,16.2,17.8,0.0,75,76,9,0,0.0,0.01,0.0,0.0,0.0,0.0,0.0,0
2019-03-19 07:00:00,17.5,96,16.9,19.3,0.0,92,92,0,0,0.02,0.08,76.1,19.0,57.1,91.7,305.9,1
2019-03-19 08:00:00,19.9,84,17.2,20.9,0.0,100,76,2,0,0.1,0.36,209.1,70.1,138.9,210.5,608.9,1
2019-03-19 09:00:00,21.4,77,17.1,22.1,0.0,80,80,4,0,0.2,0.59,363.7,147.4,216.4,273.7,869.9,1
2019-03-19 10:00:00,22.1,75,17.4,22.8,0.0,94,94,5,0,0.26,0.67,426.8,94.4,332.4,133.5,1071.1,1
2019-03-19 11:00:00,22.4,75,17.7,23.0,0.0,100,100,4,0,0.28,0.68,436.8,74.6,362.3,90.2,1198.7,1
2019-03-19 12:00:00,22.9,74,18.0,23.5,0.0,90,90,0,0,0.34,0.72,532.7,127.6,405.1,143.5,1244.1,1
2019-03-19 13:00:00,22.9,74,18.0,23.3,0.0,98,98,0,0,0.32,0.72,474.3,83.1,391.2,93.3,1204.2,1
2019-03-19 14:00:00,22.7,74,17.8,22.8,0.0,92,92,0,0,0.28,0.71,384.8,71.5,313.3,85.9,1081.8,1
2019-03-19 15:00:00,22.6,74,17.8,22.6,0.0,86,86,0,0,0.24,0.7,302.4,70.7,231.8,98.7,885.2,1
2019-03-19 16:00:00,22.4,75,17.8,22.3,0.0,93,93,0,0,0.22,0.68,260.7,93.2,167.5,169.2,627.7,1
2019-03-19 17:00:00,21.6,78,17.5,21.4,0.0,37,37,0,0,0.14,0.58,126.0,47.7,78.3,137.1,327.1,1
2019-03-19 18:00:00,20.6,80,17.1,20.4,0.0,20,20,1,0,0.07,0.48,1.1,0.4,0.7,1.9,3.8,1
2019-03-19 19:00:00,20.2,82,17.0,20.0,0.0,1,1,0,0,0.03,0.42,0.0,0.0,0.0,0.0,0.0,0
2019-03-19 20:00:00,19.8,84,17.0,19.7,0.0,1,2,1,0,0.03,0.37,0.0,0.0,0.0,0.0,0.0,0
2019-03-19 21:00:00,20.1,84,17.2,20.1,0.0,1,0,1,0,0.03,0.38,0.0,0.0,0.0,0.0,0.0,0
2019-03-19 22:00:00,19.9,85,17.3,20.2,0.0,2,2,0,0,0.02,0.36,0.0,0.0,0.0,0.0,0.0,0
2019-03-19 23:00:00,19.8,86,17.4,20.4,0.0,8,8,0,0,0.01,0.32,0.0,0.0,0.0,0.0,0.0,0
2019-03-20 00:00:00,19.8,86,17.4,20.7,0.0,3,3,0,0,0.01,0.32,0.0,0.0,0.0,0.0,0.0,0
2019-03-20 01:00:00,19.6,87,17.4,20.7,0.0,2,2,0,0,0.01,0.29,0.0,0.0,0.0,0.0,0.0,0
2019-03-20 02:00:00,19.4,88,17.4,20.7,0.0,11,11,0,0,0.0,0.27,0.0,0.0,0.0,0.0,0.0,0
2019-03-20 03:00:00,19.1,90,17.3,20.4,0.0,10,10,0,0,0.0,0.23,0.0,0.0,0.0,0.0,0.0,0
2019-03-20 04:00:00,18.7,91,17.1,20.1,0.0,13,13,0,0,0.0,0.2,0.0,0.0,0.0,0.0,0.0,0
2019-03-20 05:00:00,18.6,90,17.0,20.0,0.0,14,14,0,0,0.0,0.21,0.0,0.0,0.0,0.0,0.0,0
2019-03-20 06:00:00,18.5,91,17.0,20.0,0.0,4,4,0,0,0.0,0.19,0.0,0.0,0.0,0.0,0.0,0
2019-03-20 07:00:00,20.3,89,18.4,22.4,0.0,1,1,0,0,0.03,0.27,109.9,49.8,60.1,242.4,311.2,1
2019-03-20 08:00:00,23.2,79,19.5,26.0,0.0,0,0,0,0,0.15,0.59,312.7,200.5,112.1,595.0,613.9,1
2019-03-20 09:00:00,25.2,71,19.5,28.1,0.0,0,0,0,0,0.3,0.94,521.0,384.3,136.7,708.8,874.5,1
2019-03-20 10:00:00,26.3,66,19.4,29.8,0.0,0,0,0,0,0.44,1.18,698.5,548.3,150.2,771.9,1075.3,1
2019-03-20 11:00:00,27.1,64,19.8,31.2,0.0,10,0,0,10,0.54,1.28,815.6,657.1,158.5,791.9,1202.5,1
2019-03-20 12:00:00,27.5,61,19.4,31.0,0.0,41,7,0,36,0.55,1.42,793.8,580.1,213.6,650.0,1247.5,1
2019-03-20 13:00:00,27.2,65,20.2,30.5,0.0,57,24,0,45,0.47,1.25,636.6,356.9,279.7,399.1,1207.2,1
2019-03-20 14:00:00,27.1,69,20.9,30.3,0.0,70,10,0,67,0.47,1.11,632.3,406.5,225.8,486.9,1084.5,1
2019-03-20 15:00:00,26.6,72,21.2,29.7,0.0,57,14,0,51,0.36,0.97,458.2,247.0,211.2,343.8,887.6,1
2019-03-20 16:00:00,26.3,74,21.2,29.6,0.0,41,19,0,28,0.26,0.91,303.8,165.1,138.7,298.6,630.1,1
2019-03-20 17:00:00,25.7,78,21.6,30.0,0.0,18,18,0,0,0.13,0.71,125.6,56.0,69.6,160.1,329.5,1
2019-03-20 18:00:00,25.2,76,20.7,29.2,0.0,17,17,0,0,0.04,0.77,1.9,0.7,1.2,3.5,6.2,1
2019-03-20 19:00:00,22.5,89,20.6,26.2,0.0,13,13,0,0,0.0,0.3,0.0,0.0,0.0,0.0,0.0,0
2019-03-20 20:00:00,23.5,84,20.6,26.9,0.0,12,99,0,0,0.0,0.47,0.0,0.0,0.0,0.0,0.0,0
2019-03-20 21:00:00,23.4,85,20.8,27.3,0.0,86,86,0,0,0.0,0.42,0.0,0.0,0.0,0.0,0.0,0
2019-03-20 22:00:00,22.2,91,20.7,26.0,0.0,80,78,0,10,0.0,0.24,0.0,0.0,0.0,0.0,0.0,0
2019-03-20 23:00:00,21.8,93,20.7,25.4,0.0,70,69,0,6,0.0,0.17,0.0,0.0,0.0,0.0,0.0,0
2019-03-21 00:00:00,22.1,93,20.8,25.8,0.0,83,82,0,5,0.0,0.2,0.0,0.0,0.0,0.0,0.0,0
2019-03-21 01:00:00,21.8,94,20.8,25.9,0.0,72,69,0,8,0.0,0.16,0.0,0.0,0.0,0.0,0.0,0
2019-03-21 02:00:00,20.2,99,20.0,23.5,0.0,48,48,0,0,0.0,0.03,0.0,0.0,0.0,0.0,0.0,0
2019-03-21 03:00:00,19.5,100,19.5,22.6,0.0,39,39,0,0,0.0,0.0,0.0,0.0,0.0,0.0,0.0,0
2019-03-21 04:00:00,19.2,99,19.1,22.0,0.0,34,31,0,4,0.0,0.01,0.0,0.0,0.0,0.0,0.0,0
2019-03-21 05:00:00,18.8,99,18.7,21.5,0.0,42,23,0,26,0.0,0.02,0.0,0.0,0.0,0.0,0.0,0
2019-03-21 06:00:00,18.4,100,18.4,20.8,0.0,35,15,0,24,0.0,0.01,0.0,0.0,0.0,0.0,0.0,0
2019-03-21 07:00:00,20.9,95,20.0,23.9,0.0,23,6,0,19,0.03,0.13,101.8,32.6,69.2,160.1,316.4,1
2019-03-21 08:00:00,23.0,92,21.6,27.1,0.0,2,3,0,7,0.13,0.23,285.5,160.5,125.0,470.7,618.8,1
2019-03-21 09:00:00,25.6,76,21.1,29.2,0.0,1,1,0,0,0.29,0.78,506.4,347.7,158.7,636.9,879.1,1
2019-03-21 10:00:00,27.0,68,20.5,30.9,0.0,0,0,0,0,0.45,1.16,702.5,551.2,151.2,772.2,1079.4,1
2019-03-21 11:00:00,28.2,62,20.1,32.6,0.0,8,8,0,0,0.55,1.46,801.7,627.5,174.2,753.3,1206.2,1
2019-03-21 12:00:00,28.7,60,20.1,33.2,0.0,7,7,0,0,0.54,1.59,751.1,529.4,221.7,591.2,1250.8,1
2019-03-21 13:00:00,29.4,58,20.4,34.7,0.0,20,20,0,0,0.55,1.71,726.5,477.2,249.3,532.0,1210.2,1
2019-03-21 14:00:00,30.0,59,21.2,35.2,0.0,37,37,0,0,0.53,1.72,679.4,477.1,202.3,569.7,1087.1,1
2019-03-21 15:00:00,29.7,61,21.3,33.6,0.0,71,71,0,0,0.44,1.65,518.3,364.3,154.0,505.5,890.1,1
2019-03-21 16:00:00,28.4,70,22.5,32.5,0.0,40,40,0,0,0.29,1.15,315.5,196.6,118.9,354.2,632.4,1
2019-03-21 17:00:00,27.0,80,23.3,31.7,0.0,36,36,0,0,0.15,0.7,137.5,73.9,63.6,210.2,331.8,1
2019-03-21 18:00:00,25.0,88,22.9,29.9,0.0,20,20,0,0,0.04,0.37,2.5,0.9,1.6,4.6,8.7,1
2019-03-21 19:00:00,23.6,93,22.3,28.1,0.0,21,21,0,0,0.0,0.21,0.0,0.0,0.0,0.0,0.0,0
2019-03-21 20:00:00,22.9,90,21.3,26.4,0.0,22,20,0,0,0.0,0.27,0.0,0.0,0.0,0.0,0.0,0
2019-03-21 21:00:00,22.5,94,21.5,26.5,0.0,32,31,8,0,0.0,0.17,0.0,0.0,0.0,0.0,0.0,0
2019-03-21 22:00:00,22.9,92,21.4,27.4,0.1,18,13,14,0,0.0,0.24,0.0,0.0,0.0,0.0,0.0,0
2019-03-21 23:00:00,21.7,96,21.1,25.7,0.0,65,65,6,0,0.0,0.1,0.0,0.0,0.0,0.0,0.0,0
2019-03-22 00:00:00,21.7,94,20.7,25.2,0.0,100,100,2,0,0.0,0.15,0.0,0.0,0.0,0.0,0.0,0
2019-03-22 01:00:00,21.5,93,20.3,24.9,0.1,100,100,0,0,0.0,0.18,0.0,0.0,0.0,0.0,0.0,0
2019-03-22 02:00:00,21.3,92,19.9,24.6,0.2,100,100,0,0,0.0,0.21,0.0,0.0,0.0,0.0,0.0,0
2019-03-22 03:00:00,21.2,93,20.0,24.9,0.1,95,95,0,0,0.0,0.17,0.0,0.0,0.0,0.0,0.0,0
2019-03-22 04:00:00,21.1,93,20.0,24.6,0.2,95,95,1,0,0.0,0.16,0.0,0.0,0.0,0.0,0.0,0
2019-03-22 05:00:00,20.9,95,20.1,24.6,0.2,85,84,2,0,0.0,0.12,0.0,0.0,0.0,0.0,0.0,0
2019-03-22 06:00:00,20.8,93,19.5,23.6,0.2,99,99,1,0,0.0,0.18,0.0,0.0,0.0,0.0,0.0,0
2019-03-22 07:00:00,20.3,89,18.4,21.8,0.2,94,94,1,0,0.04,0.27,36.0,2.0,34.0,9.9,321.7,1
2019-03-22 08:00:00,20.7,88,18.7,22.3,0.1,91,97,2,0,0.07,0.29,116.7,19.7,97.1,57.1,623.8,1
2019-03-22 09:00:00,21.4,85,18.7,22.2,0.0,60,59,7,0,0.11,0.39,166.7,33.8,132.9,61.5,883.7,1
2019-03-22 10:00:00,22.3,80,18.7,23.1,0.0,100,100,21,0,0.2,0.54,323.1,92.0,231.1,128.2,1083.5,1
2019-03-22 11:00:00,21.7,81,18.3,22.6,0.1,99,99,32,0,0.15,0.49,194.1,22.0,172.0,26.3,1209.9,1
2019-03-22 12:00:00,21.2,81,17.8,21.8,0.1,99,99,46,0,0.17,0.49,241.9,54.7,187.2,60.8,1254.0,1
2019-03-22 13:00:00,20.2,82,17.0,20.5,0.2,100,100,68,0,0.15,0.43,194.6,2.9,191.6,3.3,1213.0,1
2019-03-22 14:00:00,19.9,80,16.2,19.6,0.1,100,100,53,0,0.18,0.48,242.8,34.8,208.0,41.5,1089.7,1
2019-03-22 15:00:00,19.2,79,15.5,19.0,0.1,100,100,55,0,0.13,0.46,139.7,3.6,136.1,5.0,892.4,1
2019-03-22 16:00:00,18.7,80,15.2,18.5,0.1,100,100,41,0,0.1,0.44,86.8,5.0,81.8,8.9,634.7,1
2019-03-22 17:00:00,18.2,81,15.0,18.2,0.0,100,100,26,0,0.07,0.39,41.1,1.4,39.8,3.9,334.1,1
2019-03-22 18:00:00,17.9,82,14.7,18.0,0.0,100,100,31,0,0.04,0.38,1.2,0.1,1.2,0.3,11.1,1
2019-03-22 19:00:00,17.6,83,14.7,17.8,0.1,100,100,34,0,0.01,0.35,0.0,0.0,0.0,0.0,0.0,0
2019-03-22 20:00:00,18.2,82,15.1,18.0,0.0,97,100,56,0,0.02,0.37,0.0,0.0,0.0,0.0,0.0,0
2019-03-22 21:00:00,17.9,82,14.8,17.5,0.0,96,95,66,0,0.02,0.37,0.0,0.0,0.0,0.0,0.0,0
2019-03-22 22:00:00,17.7,81,14.4,17.3,0.0,100,100,85,3,0.02,0.38,0.0,0.0,0.0,0.0,0.0,0
2019-03-22 23:00:00,17.5,82,14.4,17.3,0.0,100,100,34,0,0.02,0.37,0.0,0.0,0.0,0.0,0.0,0
2019-03-23 00:00:00,17.4,82,14.2,17.2,0.0,100,100,42,0,0.01,0.36,0.0,0.0,0.0,0.0,0.0,0
2019-03-23 01:00:00,17.2,81,14.0,17.1,0.0,100,100,85,0,0.01,0.37,0.0,0.0,0.0,0.0,0.0,0
2019-03-23 02:00:00,16.8,81,13.6,16.5,0.1,100,100,94,0,0.01,0.36,0.0,0.0,0.0,0.0,0.0,0
2019-03-23 03:00:00,16.5,81,13.3,16.1,0.1,100,100,73,0,0.01,0.35,0.0,0.0,0.0,0.0,0.0,0
2019-03-23 04:00:00,16.3,82,13.2,15.9,0.1,100,100,71,0,0.01,0.34,0.0,0.0,0.0,0.0,0.0,0
2019-03-23 05:00:00,16.1,81,12.9,15.7,0.1,100,100,73,0,0.01,0.34,0.0,0.0,0.0,0.0,0.0,0
2019-03-23 06:00:00,16.0,82,12.8,15.5,0.1,100,100,82,0,0.01,0.34,0.0,0.0,0.0,0.0,3.5,1
2019-03-23 07:00:00,15.9,84,13.2,15.6,0.4,68,62,49,0,0.04,0.29,27.5,2.0,25.6,9.8,327.0,1
2019-03-23 08:00:00,16.3,81,13.1,15.5,0.3,100,100,54,22,0.08,0.35,115.1,5.2,109.9,15.0,628.8,1
2019-03-23 09:00:00,16.6,78,12.8,15.5,0.0,100,100,12,30,0.1,0.42,143.2,2.3,140.9,4.2,888.2,1
2019-03-23 10:00:00,17.0,76,12.7,15.3,0.0,99,98,51,0,0.15,0.46,240.8,26.3,214.5,36.4,1087.7,1
2019-03-23 11:00:00,17.3,73,12.4,15.6,0.0,100,100,30,0,0.18,0.53,270.5,27.3,243.3,32.5,1213.5,1
2019-03-23 12:00:00,17.2,74,12.5,15.5,0.0,100,100,79,0,0.17,0.51,256.0,33.4,222.6,37.0,1257.2,1
2019-03-23 13:00:00,17.4,72,12.2,15.7,0.0,100,100,70,0,0.18,0.56,260.1,27.4,232.7,30.3,1215.9,1
2019-03-23 14:00:00,16.8,74,12.1,15.3,0.0,100,100,99,0,0.13,0.5,144.0,2.8,141.2,3.4,1092.2,1
2019-03-23 15:00:00,16.5,74,11.8,15.1,0.0,100,100,84,0,0.11,0.5,98.5,2.7,95.8,3.7,894.7,1
2019-03-23 16:00:00,16.2,74,11.6,15.1,0.0,100,100,34,0,0.08,0.48,59.5,0.0,59.5,0.0,636.9,1
2019-03-23 17:00:00,15.9,76,11.6,15.0,0.1,100,100,27,0,0.07,0.44,39.2,0.7,38.5,1.9,336.3,1
2019-03-23 18:00:00,15.5,77,11.6,14.7,0.0,100,100,28,0,0.05,0.4,0.9,0.0,0.9,0.0,13.5,1
2019-03-23 19:00:00,15.4,75,11.1,14.3,0.1,100,100,53,0,0.02,0.43,0.0,0.0,0.0,0.0,0.0,0
2019-03-23 20:00:00,15.5,76,11.4,14.1,0.1,100,100,100,0,0.02,0.42,0.0,0.0,0.0,0.0,0.0,0
2019-03-23 21:00:00,15.6,76,11.4,14.0,0.1,100,100,98,0,0.03,0.43,0.0,0.0,0.0,0.0,0.0,0
2019-03-23 22:00:00,15.4,74,10.8,13.6,0.1,100,100,90,0,0.03,0.46,0.0,0.0,0.0,0.0,0.0,0
2019-03-23 23:00:00,15.3,73,10.4,13.2,0.0,100,100,72,0,0.04,0.48,0.0,0.0,0.0,0.0,0.0,0
2019-03-24 00:00:00,15.3,72,10.3,13.0,0.0,100,100,59,0,0.04,0.48,0.0,0.0,0.0,0.0,0.0,0
2019-03-24 01:00:00,15.2,73,10.4,13.1,0.0,100,99,98,0,0.04,0.47,0.0,0.0,0.0,0.0,0.0,0
2019-03-24 02:00:00,15.2,73,10.4,12.8,0.1,100,0,100,0,0.04,0.46,0.0,0.0,0.0,0.0,0.0,0
2019-03-24 03:00:00,15.2,75,10.7,12.8,0.4,98,14,98,0,0.04,0.44,0.0,0.0,0.0,0.0,0.0,0
2019-03-24 04:00:00,14.8,80,11.3,12.6,1.4,100,8,100,95,0.03,0.34,0.0,0.0,0.0,0.0,0.0,0
2019-03-24 05:00:00,14.2,87,12.1,12.4,1.2,100,20,100,0,0.01,0.21,0.0,0.0,0.0,0.0,0.0,0
2019-03-24 06:00:00,14.3,87,12.2,12.4,1.8,99,0,99,0,0.01,0.2,0.0,0.0,0.0,0.0,9.1,1
2019-03-24 07:00:00,15.0,84,12.3,13.1,0.4,99,20,98,97,0.05,0.28,21.3,0.0,21.3,0.0,332.4,1
2019-03-24 08:00:00,16.6,83,13.7,15.0,0.1,99,52,99,96,0.07,0.32,67.8,0.0,67.8,0.0,633.8,1
2019-03-24 09:00:00,17.5,80,14.1,15.9,0.2,100,70,100,100,0.11,0.39,143.0,5.8,137.2,10.4,892.8,1
2019-03-24 10:00:00,18.0,81,14.7,16.9,1.8,100,0,99,95,0.11,0.39,146.6,4.4,142.2,6.0,1091.7,1
2019-03-24 11:00:00,18.2,86,15.8,17.8,2.2,100,44,100,99,0.12,0.3,179.3,3.1,176.1,3.7,1217.1,1
2019-03-24 12:00:00,18.2,85,15.6,17.7,0.7,97,46,97,64,0.1,0.32,119.4,0.0,119.4,0.0,1260.4,1
2019-03-24 13:00:00,19.3,84,16.5,18.9,0.4,100,45,100,61,0.14,0.36,195.5,21.5,174.0,23.8,1218.6,1
2019-03-24 14:00:00,18.5,87,16.3,18.1,1.1,99,0,99,9,0.08,0.27,81.9,0.0,81.9,0.0,1094.6,1
2019-03-24 15:00:00,18.7,88,16.6,18.7,0.5,87,11,87,0,0.09,0.27,104.8,9.9,94.9,13.5,897.0,1
2019-03-24 16:00:00,19.1,85,16.6,19.0,0.2,94,51,93,0,0.1,0.32,110.9,39.7,71.2,70.8,639.1,1
2019-03-24 17:00:00,18.8,86,16.5,18.8,0.1,99,26,99,1,0.06,0.3,37.2,4.1,33.1,11.6,338.6,1
2019-03-24 18:00:00,18.5,87,16.2,18.5,0.1,79,19,77,0,0.04,0.28,1.2,0.2,1.1,0.9,15.9,1
2019-03-24 19:00:00,18.1,87,15.9,18.1,0.0,70,5,69,0,0.01,0.27,0.0,0.0,0.0,0.0,0.0,0
2019-03-24 20:00:00,17.6,87,15.4,18.0,0.0,100,3,96,0,0.0,0.26,0.0,0.0,0.0,0.0,0.0,0
2019-03-24 21:00:00,17.9,85,15.4,18.3,0.0,74,8,73,0,0.01,0.31,0.0,0.0,0.0,0.0,0.0,0
2019-03-24 22:00:00,17.3,89,15.4,18.4,0.0,83,30,82,0,0.0,0.23,0.0,0.0,0.0,0.0,0.0,0
2019-03-24 23:00:00,17.7,86,15.2,18.7,0.0,83,44,82,0,0.0,0.29,0.0,0.0,0.0,0.0,0.0,0
2019-03-25 00:00:00,17.2,89,15.3,18.2,0.0,94,28,93,0,0.0,0.22,0.0,0.0,0.0,0.0,0.0,0
2019-03-25 01:00:00,17.0,91,15.5,18.3,0.4,99,0,99,3,0.0,0.18,0.0,0.0,0.0,0.0,0.0,0
2019-03-25 02:00:00,16.9,90,15.3,18.2,1.7,77,0,77,0,0.0,0.19,0.0,0.0,0.0,0.0,0.0,0
2019-03-25 03:00:00,16.6,92,15.3,18.0,0.0,97,4,97,0,0.0,0.15,0.0,0.0,0.0,0.0,0.0,0
2019-03-25 04:00:00,16.9,92,15.6,18.4,0.4,82,41,79,0,0.0,0.15,0.0,0.0,0.0,0.0,0.0,0
2019-03-25 05:00:00,17.0,90,15.4,18.6,0.1,83,82,14,0,0.0,0.19,0.0,0.0,0.0,0.0,0.0,0
2019-03-25 06:00:00,16.1,93,14.9,17.3,0.0,14,8,11,0,0.0,0.13,0.0,0.0,0.0,0.0,14.8,1
2019-03-25 07:00:00,17.7,89,15.8,19.3,0.0,18,2,18,0,0.03,0.23,110.5,41.9,68.6,212.3,337.7,1
2019-03-25 08:00:00,18.4,91,17.0,19.8,0.0,10,95,92,47,0.12,0.19,283.6,160.0,123.6,448.6,638.7,1
2019-03-25 09:00:00,18.8,94,17.9,20.4,1.2,100,100,97,9,0.09,0.13,159.1,12.8,146.4,22.8,897.3,1
2019-03-25 10:00:00,19.9,92,18.6,22.0,3.0,100,100,60,13,0.11,0.18,173.8,30.6,143.2,42.1,1095.7,1
2019-03-25 11:00:00,19.8,90,18.2,21.3,0.4,100,100,54,32,0.14,0.23,231.6,25.1,206.4,29.7,1220.6,1
2019-03-25 12:00:00,19.4,88,17.4,20.6,0.9,100,100,51,50,0.14,0.26,220.5,9.1,211.4,10.0,1263.5,1
2019-03-25 13:00:00,19.1,89,17.3,20.0,0.9,100,100,76,43,0.14,0.24,222.9,9.8,213.1,10.8,1221.3,1
2019-03-25 14:00:00,18.3,91,16.8,19.0,1.3,98,88,96,0,0.12,0.18,190.1,5.6,184.4,6.7,1097.0,1
2019-03-25 15:00:00,18.4,90,16.7,19.1,0.8,99,97,97,0,0.14,0.22,218.6,27.8,190.8,38.1,899.2,1
2019-03-25 16:00:00,18.0,89,16.2,18.6,0.1,100,100,55,0,0.08,0.23,86.9,0.8,86.1,1.5,641.2,1
2019-03-25 17:00:00,17.8,89,15.9,18.5,0.0,100,100,0,0,0.06,0.23,53.8,6.9,46.9,19.2,340.7,1
2019-03-25 18:00:00,17.5,89,15.6,18.6,0.0,100,100,0,1,0.03,0.23,2.0,0.0,2.0,0.0,18.3,1
2019-03-25 19:00:00,17.3,89,15.5,18.6,0.0,100,100,0,2,0.0,0.21,0.0,0.0,0.0,0.0,0.0,0
2019-03-25 20:00:00,16.9,94,16.0,18.6,0.0,100,95,16,0,0.0,0.11,0.0,0.0,0.0,0.0,0.0,0
2019-03-25 21:00:00,17.3,93,16.2,19.1,0.0,78,78,26,0,0.0,0.13,0.0,0.0,0.0,0.0,0.0,0
2019-03-25 22:00:00,17.1,96,16.4,18.9,0.0,26,26,3,0,0.0,0.08,0.0,0.0,0.0,0.0,0.0,0
2019-03-25 23:00:00,16.5,96,15.9,17.8,0.0,100,100,0,0,0.0,0.07,0.0,0.0,0.0,0.0,0.0,0
2019-03-26 00:00:00,16.7,94,15.8,18.1,0.0,100,100,0,0,0.0,0.11,0.0,0.0,0.0,0.0,0.0,0
2019-03-26 01:00:00,17.0,91,15.4,18.1,0.0,88,88,0,0,0.0,0.18,0.0,0.0,0.0,0.0,0.0,0
2019-03-26 02:00:00,16.9,87,14.7,17.6,0.0,74,74,0,0,0.0,0.25,0.0,0.0,0.0,0.0,0.0,0
2019-03-26 03:00:00,16.8,86,14.5,17.2,0.0,66,66,1,0,0.0,0.26,0.0,0.0,0.0,0.0,0.0,0
2019-03-26 04:00:00,16.7,87,14.4,16.9,0.0,78,78,2,0,0.0,0.26,0.0,0.0,0.0,0.0,0.0,0
2019-03-26 05:00:00,16.6,86,14.3,16.8,0.0,72,72,1,0,0.0,0.26,0.0,0.0,0.0,0.0,0.0,0
2019-03-26 06:00:00,16.6,86,14.3,16.8,0.0,66,66,0,0,0.03,0.27,0.0,0.0,0.0,0.0,20.4,1
2019-03-26 07:00:00,17.5,84,14.8,17.4,0.0,24,24,0,0,0.05,0.31,95.7,31.9,63.8,162.6,343.1,1
2019-03-26 08:00:00,19.4,76,15.1,18.4,0.0,51,62,0,0,0.15,0.54,295.8,147.9,147.9,410.1,643.7,1
2019-03-26 09:00:00,20.6,71,15.1,19.3,0.0,88,85,0,18,0.26,0.7,482.7,276.2,206.5,489.0,901.7,1
2019-03-26 10:00:00,21.0,69,15.1,19.7,0.0,100,100,0,47,0.28,0.76,464.4,142.0,322.3,194.2,1099.7,1
2019-03-26 11:00:00,21.6,68,15.4,20.4,0.0,100,100,0,63,0.34,0.82,570.9,198.0,372.9,233.1,1224.1,1
2019-03-26 12:00:00,21.7,69,15.7,20.8,0.0,100,100,0,66,0.36,0.82,575.4,228.5,346.9,251.1,1266.5,1
2019-03-26 13:00:00,22.2,68,15.9,21.5,0.0,100,100,0,2,0.38,0.87,597.1,241.4,355.7,265.2,1223.9,1
2019-03-26 14:00:00,22.4,67,16.0,21.8,0.0,72,72,0,0,0.39,0.88,581.6,296.4,285.1,349.1,1099.3,1
2019-03-26 15:00:00,21.8,70,16.1,20.9,0.0,24,24,0,0,0.33,0.78,473.0,262.5,210.5,359.0,901.3,1
2019-03-26 16:00:00,21.2,70,15.5,20.1,0.0,62,62,0,0,0.27,0.75,352.0,192.2,159.9,340.4,643.3,1
2019-03-26 17:00:00,20.4,72,15.2,19.6,0.0,37,37,0,0,0.17,0.66,162.5,84.4,78.1,234.1,342.9,1
2019-03-26 18:00:00,19.3,74,14.6,18.6,0.0,21,21,0,0,0.08,0.58,7.6,3.0,4.5,15.5,20.6,1
2019-03-26 19:00:00,18.8,76,14.4,18.0,0.0,7,7,0,0,0.06,0.53,0.0,0.0,0.0,0.0,0.0,0
2019-03-26 20:00:00,18.8,77,14.7,18.1,0.0,4,17,2,0,0.04,0.5,0.0,0.0,0.0,0.0,0.0,0
2019-03-26 21:00:00,19.2,78,15.3,18.5,0.0,10,10,0,0,0.04,0.49,0.0,0.0,0.0,0.0,0.0,0
2019-03-26 22:00:00,19.1,81,15.8,19.0,0.0,57,5,0,55,0.03,0.42,0.0,0.0,0.0,0.0,0.0,0
2019-03-26 23:00:00,18.9,83,15.9,19.1,0.0,44,3,0,42,0.02,0.37,0.0,0.0,0.0,0.0,0.0,0
2019-03-27 00:00:00,18.6,86,16.3,19.1,0.0,62,7,0,60,0.01,0.29,0.0,0.0,0.0,0.0,0.0,0
2019-03-27 01:00:00,18.3,89,16.4,19.2,0.0,68,7,0,67,0.0,0.23,0.0,0.0,0.0,0.0,0.0,0
2019-03-27 02:00:00,18.0,89,16.2,19.0,0.0,72,8,0,70,0.0,0.23,0.0,0.0,0.0,0.0,0.0,0
2019-03-27 03:00:00,17.3,90,15.7,18.3,0.0,75,17,0,70,0.0,0.19,0.0,0.0,0.0,0.0,0.0,0
2019-03-27 04:00:00,16.6,93,15.4,17.3,0.0,65,18,0,57,0.0,0.14,0.0,0.0,0.0,0.0,0.0,0
2019-03-27 05:00:00,16.1,94,15.1,16.9,0.0,76,15,0,73,0.0,0.11,0.0,0.0,0.0,0.0,0.0,0
2019-03-27 06:00:00,16.2,94,15.2,17.0,0.0,75,10,0,72,0.01,0.11,0.0,0.0,0.0,0.0,26.1,1
2019-03-27 07:00:00,19.1,87,16.9,20.7,0.0,52,8,0,49,0.04,0.28,127.7,55.5,72.2,284.3,348.4,1
2019-03-27 08:00:00,21.3,79,17.5,23.8,0.0,3,10,0,46,0.15,0.53,333.8,210.9,122.9,578.5,648.6,1
2019-03-27 09:00:00,22.7,75,18.0,24.9,0.0,47,8,0,43,0.29,0.7,537.8,390.6,147.2,687.1,906.2,1
2019-03-27 10:00:00,23.7,74,18.7,26.3,0.0,6,6,0,0,0.4,0.77,680.3,504.5,175.8,686.5,1103.7,1
2019-03-27 11:00:00,25.2,68,18.9,28.4,0.0,38,38,0,0,0.5,1.02,799.0,601.1,197.9,705.1,1227.5,1
2019-03-27 12:00:00,26.4,63,18.7,29.3,0.0,77,77,0,0,0.54,1.28,785.6,558.1,227.5,611.2,1269.4,1
2019-03-27 13:00:00,26.0,68,19.6,28.9,0.0,31,31,0,0,0.49,1.09,701.7,458.3,243.3,502.2,1226.4,1
2019-03-27 14:00:00,25.7,70,19.9,28.5,0.0,44,39,1,8,0.42,0.99,574.0,384.9,189.1,452.1,1101.6,1
2019-03-27 15:00:00,25.7,70,19.8,28.4,0.0,40,37,1,5,0.34,0.99,440.0,267.9,172.0,365.4,903.3,1
2019-03-27 16:00:00,25.4,70,19.5,28.4,0.0,21,15,0,8,0.26,0.97,315.7,212.1,103.6,374.6,645.3,1
2019-03-27 17:00:00,24.8,74,19.8,28.2,0.0,14,11,0,3,0.15,0.81,161.4,98.4,63.1,271.7,345.0,1
2019-03-27 18:00:00,23.1,77,18.9,25.9,0.0,32,21,0,15,0.05,0.65,7.7,3.5,4.2,17.7,22.9,1
2019-03-27 19:00:00,22.0,81,18.6,24.4,0.0,39,10,0,32,0.03,0.5,0.0,0.0,0.0,0.0,0.0,0
2019-03-27 20:00:00,22.9,78,18.9,25.6,0.0,45,10,0,46,0.0,0.62,0.0,0.0,0.0,0.0,0.0,0
2019-03-27 21:00:00,22.1,81,18.8,24.7,0.0,6,6,0,0,0.0,0.5,0.0,0.0,0.0,0.0,0.0,0
2019-03-27 22:00:00,21.9,81,18.5,24.6,0.0,51,7,0,48,0.0,0.5,0.0,0.0,0.0,0.0,0.0,0
2019-03-27 23:00:00,21.6,81,18.2,24.3,0.0,64,2,0,63,0.0,0.5,0.0,0.0,0.0,0.0,0.0,0
2019-03-28 00:00:00,18.6,92,17.2,20.4,0.0,44,1,0,43,0.0,0.18,0.0,0.0,0.0,0.0,0.0,0
2019-03-28 01:00:00,18.6,91,17.1,20.5,0.0,46,11,0,40,0.0,0.19,0.0,0.0,0.0,0.0,0.0,0
2019-03-28 02:00:00,19.9,84,17.2,22.0,0.0,53,28,0,36,0.0,0.36,0.0,0.0,0.0,0.0,0.0,0
2019-03-28 03:00:00,19.7,86,17.2,21.8,0.0,100,100,0,39,0.0,0.33,0.0,0.0,0.0,0.0,0.0,0
2019-03-28 04:00:00,20.0,85,17.5,22.3,0.0,100,100,0,58,0.0,0.35,0.0,0.0,0.0,0.0,0.0,0
2019-03-28 05:00:00,20.2,87,18.1,22.6,0.0,100,100,0,69,0.0,0.3,0.0,0.0,0.0,0.0,0.0,0
2019-03-28 06:00:00,20.8,88,18.8,23.6,0.0,98,98,0,4,0.02,0.29,0.0,0.0,0.0,0.0,31.8,1
2019-03-28 07:00:00,21.2,91,19.6,24.8,0.0,80,80,1,0,0.03,0.24,80.3,20.1,60.2,103.3,353.7,1
2019-03-28 08:00:00,23.2,84,20.4,26.9,0.0,50,9,0,0,0.13,0.45,251.6,113.5,138.1,308.2,653.5,1
2019-03-28 09:00:00,25.2,77,20.9,28.5,0.0,18,18,1,0,0.31,0.73,538.4,386.7,151.7,675.8,910.6,1
2019-03-28 10:00:00,27.0,71,21.2,30.0,0.0,48,48,1,0,0.44,1.04,710.5,546.8,163.7,740.5,1107.5,1
2019-03-28 11:00:00,28.1,66,21.2,31.5,0.0,63,63,0,0,0.51,1.29,755.8,541.2,214.6,632.6,1230.9,1
2019-03-28 12:00:00,29.3,61,21.0,32.8,0.0,67,67,0,0,0.58,1.58,803.6,591.3,212.3,645.6,1272.3,1
2019-03-28 13:00:00,29.3,63,21.6,32.7,0.0,69,69,0,0,0.57,1.5,771.0,554.0,216.9,605.4,1228.9,1
2019-03-28 14:00:00,28.2,71,22.4,31.6,0.0,64,64,0,0,0.45,1.11,597.6,405.6,192.0,475.2,1103.8,1
2019-03-28 15:00:00,27.8,72,22.4,31.1,0.0,58,58,0,0,0.37,1.03,455.3,309.2,146.1,420.6,905.3,1
2019-03-28 16:00:00,27.2,75,22.5,30.9,0.0,80,80,0,0,0.27,0.89,310.1,193.2,116.9,340.1,647.2,1
2019-03-28 17:00:00,26.3,80,22.6,31.0,0.0,100,100,0,0,0.11,0.69,97.9,42.3,55.5,116.4,347.0,1
2019-03-28 18:00:00,25.0,85,22.3,29.7,0.3,100,100,0,0,0.03,0.48,4.7,1.9,2.8,9.7,25.2,1
2019-03-28 19:00:00,23.9,90,22.2,28.4,0.1,91,91,0,0,0.02,0.3,0.0,0.0,0.0,0.0,0.0,0
2019-03-28 20:00:00,24.9,84,22.0,29.8,0.0,31,44,3,0,0.0,0.5,0.0,0.0,0.0,0.0,0.0,0
2019-03-28 21:00:00,23.8,89,21.9,28.2,0.0,21,21,3,0,0.0,0.31,0.0,0.0,0.0,0.0,0.0,0
2019-03-28 22:00:00,22.3,95,21.4,26.2,0.0,22,19,6,0,0.0,0.14,0.0,0.0,0.0,0.0,0.0,0
2019-03-28 23:00:00,22.1,96,21.5,26.1,0.0,29,28,1,0,0.0,0.1,0.0,0.0,0.0,0.0,0.0,0
2019-03-29 00:00:00,23.3,93,22.0,28.0,0.0,85,85,1,0,0.0,0.21,0.0,0.0,0.0,0.0,0.0,0
2019-03-29 01:00:00,22.6,95,21.8,27.3,0.1,100,100,0,0,0.0,0.13,0.0,0.0,0.0,0.0,0.0,0
2019-03-29 02:00:00,22.4,98,22.0,26.7,0.2,100,100,0,0,0.0,0.07,0.0,0.0,0.0,0.0,0.0,0
2019-03-29 03:00:00,22.6,97,22.1,26.2,0.2,69,69,0,0,0.0,0.07,0.0,0.0,0.0,0.0,0.0,0
2019-03-29 04:00:00,22.2,98,21.8,25.2,0.1,64,63,0,0,0.0,0.06,0.0,0.0,0.0,0.0,0.0,0
2019-03-29 05:00:00,21.3,98,21.1,24.2,0.2,100,100,2,0,0.0,0.04,0.0,0.0,0.0,0.0,0.0,0
2019-03-29 06:00:00,21.3,95,20.5,23.8,0.2,100,100,14,0,0.02,0.12,0.0,0.0,0.0,0.0,37.4,1
2019-03-29 07:00:00,21.6,94,20.5,24.1,0.1,100,100,18,0,0.03,0.16,41.4,3.6,37.8,18.6,359.0,1
2019-03-29 08:00:00,22.5,93,21.3,25.6,0.1,100,100,19,6,0.07,0.19,117.1,9.0,108.1,24.2,658.3,1
2019-03-29 09:00:00,22.9,90,21.1,26.0,0.2,100,100,37,58,0.1,0.28,160.8,12.7,148.0,22.1,914.9,1
2019-03-29 10:00:00,23.5,86,21.1,26.6,0.1,97,91,34,65,0.16,0.4,247.6,65.4,182.2,88.2,1111.3,1
2019-03-29 11:00:00,23.5,85,20.8,26.4,0.2,99,96,31,67,0.16,0.45,225.0,47.1,177.9,54.8,1234.2,1
2019-03-29 12:00:00,23.4,84,20.4,25.9,0.1,99,98,36,53,0.2,0.47,291.1,40.4,250.6,44.0,1275.1,1
2019-03-29 13:00:00,23.6,82,20.3,26.2,0.0,100,100,26,4,0.28,0.53,410.3,65.5,344.9,71.3,1231.3,1
2019-03-29 14:00:00,23.1,82,19.9,25.4,0.0,96,95,34,0,0.23,0.5,318.1,67.8,250.3,79.2,1105.9,1
2019-03-29 15:00:00,22.6,82,19.4,24.8,0.0,70,70,30,0,0.19,0.49,242.0,52.0,190.0,70.5,907.3,1
2019-03-29 16:00:00,22.1,82,18.9,24.2,0.0,100,100,5,0,0.15,0.48,170.9,36.5,134.4,64.1,649.2,1
2019-03-29 17:00:00,21.7,83,18.7,24.0,0.0,100,100,9,0,0.09,0.44,80.7,18.8,61.9,51.4,349.1,1
2019-03-29 18:00:00,21.1,85,18.5,23.7,0.1,97,97,18,1,0.03,0.37,3.2,0.7,2.5,3.7,27.5,1
2019-03-29 19:00:00,20.6,86,18.3,23.1,0.3,96,89,25,65,0.02,0.33,0.0,0.0,0.0,0.0,0.0,0
2019-03-29 20:00:00,20.7,89,18.9,23.4,0.2,97,98,55,5,0.0,0.26,0.0,0.0,0.0,0.0,0.0,0
2019-03-29 21:00:00,20.5,90,18.9,23.2,0.2,99,99,77,0,0.0,0.24,0.0,0.0,0.0,0.0,0.0,0
2019-03-29 22:00:00,20.3,95,19.4,23.8,0.7,100,100,99,0,0.0,0.13,0.0,0.0,0.0,0.0,0.0,0
2019-03-29 23:00:00,20.0,94,19.0,22.2,6.4,100,100,100,52,0.0,0.13,0.0,0.0,0.0,0.0,0.0,0
2019-03-30 00:00:00,19.4,92,18.1,19.8,3.7,100,0,100,3,0.01,0.18,0.0,0.0,0.0,0.0,0.0,0
2019-03-30 01:00:00,18.9,93,17.8,20.7,0.7,95,0,94,52,0.0,0.15,0.0,0.0,0.0,0.0,0.0,0
2019-03-30 02:00:00,18.6,95,17.7,20.4,0.9,100,11,100,97,0.0,0.11,0.0,0.0,0.0,0.0,0.0,0
2019-03-30 03:00:00,18.7,95,17.8,21.1,0.6,100,19,93,100,0.0,0.12,0.0,0.0,0.0,0.0,0.0,0
2019-03-30 04:00:00,18.7,96,18.1,21.1,0.6,100,42,93,100,0.0,0.08,0.0,0.0,0.0,0.0,0.0,0
2019-03-30 05:00:00,18.6,97,18.1,21.1,0.2,94,7,55,93,0.0,0.07,0.0,0.0,0.0,0.0,0.0,0
2019-03-30 06:00:00,18.5,97,17.9,21.1,0.0,95,6,40,93,0.01,0.07,0.0,0.0,0.0,0.0,43.1,1
2019-03-30 07:00:00,19.2,93,18.1,21.5,0.0,98,28,78,94,0.03,0.15,89.0,23.1,65.8,120.0,364.3,1
2019-03-30 08:00:00,20.6,86,18.1,22.9,0.0,98,55,5,94,0.1,0.34,197.7,44.9,152.8,119.4,663.1,1
2019-03-30 09:00:00,21.7,80,18.1,23.7,0.0,97,50,4,96,0.21,0.51,387.0,160.6,226.4,277.1,919.2,1
2019-03-30 10:00:00,22.5,76,18.1,24.3,0.0,98,40,0,96,0.31,0.65,524.4,237.7,286.7,319.0,1115.1,1
2019-03-30 11:00:00,23.0,74,18.2,24.7,0.0,96,40,0,94,0.35,0.73,553.4,266.8,286.6,309.6,1237.4,1
2019-03-30 12:00:00,23.6,72,18.2,26.2,0.0,97,30,1,96,0.47,0.82,755.8,446.6,309.2,484.7,1277.8,1
2019-03-30 13:00:00,23.3,69,17.2,25.4,0.0,98,46,1,95,0.5,0.9,794.2,588.1,206.1,639.3,1233.7,1
2019-03-30 14:00:00,23.0,68,16.8,24.1,0.0,84,14,1,82,0.44,0.89,656.8,451.7,205.1,526.6,1107.9,1
2019-03-30 15:00:00,22.4,70,16.7,23.0,0.0,63,14,1,57,0.37,0.81,536.1,394.4,141.6,533.9,909.2,1
2019-03-30 16:00:00,21.8,72,16.4,21.9,0.0,15,14,4,0,0.27,0.74,360.2,260.6,99.6,456.0,651.0,1
2019-03-30 17:00:00,20.9,75,16.4,21.1,0.0,16,10,14,0,0.16,0.61,168.7,105.2,63.4,286.7,351.1,1
2019-03-30 18:00:00,19.9,79,16.1,20.2,0.0,30,11,26,2,0.06,0.5,9.8,4.5,5.3,23.2,29.8,1
2019-03-30 19:00:00,19.5,82,16.2,19.9,0.0,78,5,34,66,0.04,0.42,0.0,0.0,0.0,0.0,0.0,0
2019-03-30 20:00:00,19.8,81,16.5,20.2,0.0,84,7,93,77,0.02,0.44,0.0,0.0,0.0,0.0,0.0,0
2019-03-30 21:00:00,20.4,78,16.4,20.4,0.0,85,11,27,79,0.03,0.53,0.0,0.0,0.0,0.0,0.0,0
2019-03-30 22:00:00,20.0,79,16.3,20.0,0.0,90,18,38,83,0.03,0.48,0.0,0.0,0.0,0.0,0.0,0
2019-03-30 23:00:00,19.9,80,16.4,19.8,0.0,100,100,61,85,0.03,0.46,0.0,0.0,0.0,0.0,0.0,0
2019-03-31 00:00:00,19.8,80,16.2,19.5,0.0,98,64,35,94,0.03,0.47,0.0,0.0,0.0,0.0,0.0,0
2019-03-31 01:00:00,19.6,80,16.1,19.3,0.0,100,48,100,66,0.03,0.45,0.0,0.0,0.0,0.0,0.0,0
2019-03-31 02:00:00,19.2,82,16.1,19.2,0.1,100,100,100,78,0.02,0.4,0.0,0.0,0.0,0.0,0.0,0
2019-03-31 03:00:00,18.9,83,16.0,18.9,0.5,100,99,100,84,0.02,0.37,0.0,0.0,0.0,0.0,0.0,0
2019-03-31 04:00:00,18.6,82,15.5,18.2,0.5,100,100,100,55,0.02,0.38,0.0,0.0,0.0,0.0,0.0,0
2019-03-31 05:00:00,18.3,82,15.2,17.7,0.2,89,71,87,1,0.02,0.38,0.0,0.0,0.0,0.0,0.0,0
2019-03-31 06:00:00,18.3,80,14.8,17.7,0.1,71,62,65,0,0.05,0.42,0.0,0.0,0.0,0.0,48.7,1
2019-03-31 07:00:00,18.0,84,15.2,17.3,0.1,67,64,33,0,0.06,0.34,66.8,21.1,45.7,109.8,369.5,1
2019-03-31 08:00:00,18.5,85,15.9,18.0,0.1,92,50,58,38,0.11,0.33,233.1,103.7,129.3,272.9,667.9,1
2019-03-31 09:00:00,18.8,81,15.5,17.8,0.0,99,98,31,0,0.13,0.41,206.6,16.2,190.4,27.7,923.4,1
2019-03-31 10:00:00,19.3,77,15.2,17.5,0.1,90,89,11,0,0.21,0.52,369.3,129.7,239.7,173.2,1118.7,1
2019-03-31 11:00:00,19.3,76,14.9,17.3,0.1,97,97,3,0,0.22,0.55,372.3,106.7,265.6,123.4,1240.5,1
2019-03-31 12:00:00,19.8,72,14.6,17.7,0.0,99,99,3,0,0.28,0.65,465.7,107.1,358.6,115.9,1280.5,1
2019-03-31 13:00:00,20.2,70,14.6,18.0,0.0,100,100,6,0,0.31,0.71,493.3,112.3,381.0,121.8,1235.9,1
2019-03-31 14:00:00,19.6,70,13.9,17.3,0.0,99,99,20,0,0.25,0.69,364.2,65.9,298.3,76.6,1109.9,1
2019-03-31 15:00:00,18.9,70,13.4,16.8,0.0,99,99,24,0,0.2,0.65,240.3,19.7,220.6,26.6,911.0,1
2019-03-31 16:00:00,18.6,72,13.5,16.4,0.0,100,100,17,0,0.18,0.6,219.2,36.5,182.7,63.7,652.9,1
2019-03-31 17:00:00,18.1,73,13.1,16.0,0.0,98,98,17,0,0.12,0.57,88.0,12.6,75.4,34.1,353.1,1
2019-03-31 18:00:00,17.8,72,12.8,16.0,0.0,100,100,26,0,0.08,0.57,4.5,0.0,4.5,0.0,32.1,1
2019-03-31 19:00:00,17.4,76,13.1,15.6,0.0,99,99,36,0,0.06,0.48,0.0,0.0,0.0,0.0,0.0,0
2019-03-31 20:00:00,17.1,77,13.1,15.6,0.0,100,95,27,0,0.04,0.45,0.0,0.0,0.0,0.0,0.0,0
2019-03-31 21:00:00,17.2,78,13.3,15.6,0.0,100,100,23,0,0.04,0.43,0.0,0.0,0.0,0.0,0.0,0
2019-03-31 22:00:00,17.2,77,13.2,15.4,0.0,99,99,16,1,0.04,0.45,0.0,0.0,0.0,0.0,0.0,0
2019-03-31 23:00:00,17.0,79,13.4,15.5,0.0,99,99,26,1,0.03,0.41,0.0,0.0,0.0,0.0,0.0,0
2019-04-01 00:00:00,16.8,78,13.0,15.2,0.1,99,99,39,0,0.03,0.42,0.0,0.0,0.0,0.0,0.0,0
2019-04-01 01:00:00,16.6,79,12.9,14.9,0.1,100,100,52,0,0.03,0.4,0.0,0.0,0.0,0.0,0.0,0
2019-04-01 02:00:00,16.4,79,12.8,15.0,0.0,100,100,69,0,0.03,0.39,0.0,0.0,0.0,0.0,0.0,0
2019-04-01 03:00:00,16.2,81,12.8,14.9,0.1,100,100,87,0,0.02,0.36,0.0,0.0,0.0,0.0,0.0,0
2019-04-01 04:00:00,16.1,82,13.1,15.0,0.4,100,100,90,0,0.02,0.32,0.0,0.0,0.0,0.0,0.0,0
2019-04-01 05:00:00,15.9,85,13.4,14.9,0.3,100,61,100,0,0.01,0.27,0.0,0.0,0.0,0.0,0.0,0
2019-04-01 06:00:00,16.0,86,13.6,15.1,0.4,100,88,100,0,0.03,0.26,0.0,0.0,0.0,0.0,54.3,1
2019-04-01 07:00:00,15.8,89,13.9,15.0,0.9,100,100,100,0,0.04,0.2,17.4,0.0,17.4,0.0,374.7,1
2019-04-01 08:00:00,16.0,87,13.8,15.1,1.1,100,4,100,0,0.05,0.24,42.2,0.0,42.2,0.0,672.6,1
2019-04-01 09:00:00,16.6,87,14.5,15.6,0.7,100,9,100,7,0.08,0.24,116.4,8.1,108.4,13.8,927.6,1
2019-04-01 10:00:00,16.5,87,14.4,15.4,0.7,100,54,100,0,0.08,0.24,106.7,1.1,105.6,1.4,1122.3,1
2019-04-01 11:00:00,17.3,82,14.2,15.5,0.3,99,85,99,0,0.13,0.36,203.9,15.7,188.2,18.1,1243.6,1
2019-04-01 12:00:00,17.2,81,13.9,15.6,0.1,98,96,93,34,0.13,0.38,193.9,0.0,193.9,0.0,1283.0,1
2019-04-01 13:00:00,17.1,80,13.6,15.4,0.1,100,100,87,72,0.12,0.39,156.3,0.0,156.3,0.0,1238.1,1
2019-04-01 14:00:00,17.3,78,13.3,15.3,0.0,90,70,89,0,0.16,0.44,232.4,24.5,208.0,28.4,1111.8,1
2019-04-01 15:00:00,17.1,76,12.8,15.4,0.0,100,22,100,0,0.13,0.47,140.8,6.3,134.5,8.5,912.8,1
2019-04-01 16:00:00,17.6,73,12.7,16.1,0.0,97,4,93,68,0.13,0.55,132.9,9.1,123.8,15.9,654.7,1
2019-04-01 17:00:00,17.2,74,12.6,15.5,0.0,93,18,83,73,0.1,0.5,64.4,8.4,56.0,22.7,355.0,1
2019-04-01 18:00:00,16.9,73,12.0,14.9,0.0,91,91,15,0,0.08,0.53,7.5,1.4,6.1,7.2,34.3,1
2019-04-01 19:00:00,17.0,71,11.7,14.8,0.0,99,99,18,18,0.07,0.56,0.0,0.0,0.0,0.0,0.0,0
2019-04-01 20:00:00,16.7,71,11.5,14.8,0.0,99,97,47,0,0.05,0.55,0.0,0.0,0.0,0.0,0.0,0
2019-04-01 21:00:00,17.0,72,11.8,15.1,0.0,96,85,94,24,0.05,0.55,0.0,0.0,0.0,0.0,0.0,0
2019-04-01 22:00:00,17.1,73,12.3,15.3,0.0,100,44,100,15,0.04,0.52,0.0,0.0,0.0,0.0,0.0,0
2019-04-01 23:00:00,17.3,74,12.6,15.7,0.0,100,97,100,38,0.04,0.51,0.0,0.0,0.0,0.0,0.0,0
2019-04-02 00:00:00,17.4,74,12.8,15.8,0.0,100,97,100,76,0.04,0.51,0.0,0.0,0.0,0.0,0.0,0
2019-04-02 01:00:00,17.6,76,13.3,16.2,0.1,100,93,100,79,0.04,0.49,0.0,0.0,0.0,0.0,0.0,0
2019-04-02 02:00:00,17.6,78,13.8,16.3,0.2,100,100,100,59,0.04,0.44,0.0,0.0,0.0,0.0,0.0,0
2019-04-02 03:00:00,17.6,82,14.4,16.6,0.5,100,100,100,0,0.03,0.37,0.0,0.0,0.0,0.0,0.0,0
2019-04-02 04:00:00,17.6,84,14.8,16.9,0.5,100,100,96,0,0.02,0.33,0.0,0.0,0.0,0.0,0.0,0
2019-04-02 05:00:00,17.6,86,15.3,17.0,0.4,98,97,87,0,0.02,0.28,0.0,0.0,0.0,0.0,0.0,0
2019-04-02 06:00:00,17.4,89,15.6,17.0,0.4,100,100,100,0,0.03,0.22,3.0,0.0,3.0,0.0,59.8,1
2019-04-02 07:00:00,18.1,87,15.9,17.7,0.2,100,100,100,0,0.05,0.27,36.1,0.0,36.1,0.0,379.8,1
2019-04-02 08:00:00,19.3,84,16.5,19.1,0.1,100,100,72,0,0.07,0.36,76.5,1.3,75.2,3.3,677.2,1
2019-04-02 09:00:00,20.5,81,17.1,20.6,0.1,100,100,87,0,0.17,0.47,287.9,81.8,206.2,138.6,931.6,1
2019-04-02 10:00:00,20.8,80,17.3,21.0,0.2,100,88,100,0,0.16,0.48,237.3,30.5,206.8,40.4,1125.8,1
2019-04-02 11:00:00,21.7,75,17.1,21.5,0.1,96,95,79,0,0.26,0.64,404.4,162.0,242.5,186.1,1246.5,1
2019-04-02 12:00:00,22.1,74,17.2,21.8,0.0,57,9,56,0,0.27,0.7,403.9,124.2,279.7,133.7,1285.5,1
2019-04-02 13:00:00,22.6,72,17.3,22.4,0.0,72,23,71,0,0.32,0.77,480.5,207.0,273.5,223.4,1240.2,1
2019-04-02 14:00:00,23.1,70,17.4,22.9,0.0,63,16,62,0,0.34,0.84,485.6,207.0,278.5,239.7,1113.7,1
2019-04-02 15:00:00,22.7,73,17.6,22.8,0.4,78,2,78,0,0.29,0.74,406.3,238.6,167.7,320.6,914.6,1
2019-04-02 16:00:00,21.7,80,18.0,22.3,0.1,78,63,73,0,0.17,0.53,204.5,87.3,117.2,151.4,656.5,1
2019-04-02 17:00:00,21.3,81,18.0,22.5,0.3,91,46,90,0,0.12,0.47,116.3,48.4,68.0,130.1,357.0,1
2019-04-02 18:00:00,20.4,83,17.5,21.5,0.1,71,12,69,0,0.05,0.4,5.9,2.0,3.9,10.5,36.6,1
2019-04-02 19:00:00,19.9,85,17.3,21.0,0.2,88,35,85,0,0.03,0.36,0.0,0.0,0.0,0.0,0.0,0
2019-04-02 20:00:00,19.5,87,17.3,21.3,0.3,50,29,49,0,0.0,0.29,0.0,0.0,0.0,0.0,0.0,0
2019-04-02 21:00:00,19.3,88,17.2,21.2,0.0,45,35,37,0,0.0,0.28,0.0,0.0,0.0,0.0,0.0,0
2019-04-02 22:00:00,18.6,91,17.1,20.1,0.0,52,27,46,0,0.0,0.19,0.0,0.0,0.0,0.0,0.0,0
2019-04-02 23:00:00,20.1,82,16.8,22.3,0.0,57,27,55,0,0.0,0.43,0.0,0.0,0.0,0.0,0.0,0
2019-04-03 00:00:00,17.9,93,16.8,19.4,0.0,100,99,85,0,0.0,0.14,0.0,0.0,0.0,0.0,0.0,0
2019-04-03 01:00:00,18.3,95,17.5,20.5,0.0,100,100,100,0,0.0,0.11,0.0,0.0,0.0,0.0,0.0,0
2019-04-03 02:00:00,18.1,97,17.6,20.2,0.1,100,100,64,0,0.0,0.06,0.0,0.0,0.0,0.0,0.0,0
2019-04-03 03:00:00,18.8,96,18.2,21.0,0.1,92,91,49,0,0.0,0.08,0.0,0.0,0.0,0.0,0.0,0
2019-04-03 04:00:00,18.8,96,18.1,20.5,0.1,94,92,80,0,0.0,0.09,0.0,0.0,0.0,0.0,0.0,0
2019-04-03 05:00:00,18.5,96,17.8,20.4,0.1,100,89,100,0,0.0,0.09,0.0,0.0,0.0,0.0,0.0,0
2019-04-03 06:00:00,18.5,95,17.7,20.4,0.1,99,99,34,0,0.02,0.1,2.9,0.0,2.9,0.0,65.3,1
2019-04-03 07:00:00,18.8,94,17.8,20.6,0.1,98,98,26,0,0.03,0.13,76.6,15.3,61.3,80.3,384.9,1
2019-04-03 08:00:00,19.8,89,18.0,21.1,0.1,100,100,36,0,0.1,0.25,208.5,47.0,161.5,120.2,681.8,1
2019-04-03 09:00:00,20.6,85,18.0,21.8,0.1,100,100,48,0,0.15,0.37,257.7,64.4,193.3,108.5,935.6,1
2019-04-03 10:00:00,21.5,81,18.0,22.5,0.1,100,100,39,0,0.22,0.49,379.6,115.3,264.3,152.1,1129.2,1
2019-04-03 11:00:00,22.2,77,17.9,23.0,0.0,97,96,43,0,0.25,0.63,386.5,85.7,300.9,98.1,1249.4,1
2019-04-03 12:00:00,22.9,74,18.1,23.6,0.1,99,98,87,0,0.34,0.72,540.1,234.2,305.9,251.5,1288.0,1
2019-04-03 13:00:00,23.0,74,18.1,23.8,0.1,100,100,39,0,0.28,0.73,390.6,80.1,310.5,86.2,1242.3,1
2019-04-03 14:00:00,23.4,74,18.6,24.5,0.1,100,100,30,6,0.32,0.74,456.4,164.7,291.7,190.3,1115.5,1
2019-04-03 15:00:00,22.8,79,18.9,24.4,0.1,94,94,20,0,0.22,0.59,291.5,108.5,183.0,145.5,916.3,1
2019-04-03 16:00:00,22.8,77,18.6,24.5,0.0,37,25,29,0,0.19,0.63,226.2,67.4,158.8,116.5,658.2,1
2019-04-03 17:00:00,22.5,78,18.5,24.3,0.0,27,19,24,0,0.14,0.59,142.5,73.0,69.5,195.6,358.9,1
2019-04-03 18:00:00,22.1,79,18.2,24.7,0.0,29,21,26,0,0.04,0.56,11.9,4.7,7.2,24.1,38.8,1
2019-04-03 19:00:00,19.8,91,18.3,22.2,0.0,32,27,23,0,0.02,0.21,0.0,0.0,0.0,0.0,0.0,0
2019-04-03 20:00:00,19.7,93,18.5,22.1,0.0,47,17,8,0,0.0,0.16,0.0,0.0,0.0,0.0,0.0,0
2019-04-03 21:00:00,19.3,95,18.5,21.7,0.0,37,31,11,5,0.0,0.12,0.0,0.0,0.0,0.0,0.0,0
2019-04-03 22:00:00,19.5,95,18.7,22.1,0.0,37,30,26,0,0.0,0.11,0.0,0.0,0.0,0.0,0.0,0
2019-04-03 23:00:00,19.5,94,18.6,21.6,0.0,40,36,17,0,0.0,0.13,0.0,0.0,0.0,0.0,0.0,0
2019-04-04 00:00:00,20.1,92,18.7,21.6,0.0,26,16,16,6,0.0,0.2,0.0,0.0,0.0,0.0,0.0,0
2019-04-04 01:00:00,20.2,93,18.9,21.5,0.0,30,24,24,0,0.0,0.18,0.0,0.0,0.0,0.0,0.0,0
2019-04-04 02:00:00,20.4,93,19.1,21.6,0.0,39,12,36,0,0.0,0.18,0.0,0.0,0.0,0.0,0.0,0
2019-04-04 03:00:00,20.5,90,18.9,21.7,0.0,32,8,30,0,0.01,0.24,0.0,0.0,0.0,0.0,0.0,0
2019-04-04 04:00:00,20.7,89,18.8,21.6,0.0,41,3,40,0,0.01,0.26,0.0,0.0,0.0,0.0,0.0,0
2019-04-04 05:00:00,20.6,89,18.8,21.6,0.0,57,32,53,0,0.01,0.26,0.0,0.0,0.0,0.0,0.0,0
2019-04-04 06:00:00,20.8,89,18.8,21.9,0.0,50,0,50,1,0.04,0.28,2.8,0.0,2.8,0.0,70.7,1
2019-04-04 07:00:00,21.6,87,19.4,23.5,0.0,36,8,34,0,0.05,0.33,101.1,37.1,64.0,194.7,389.9,1
2019-04-04 08:00:00,23.8,81,20.3,25.8,0.0,24,2,9,32,0.16,0.56,290.5,151.0,139.5,382.0,686.2,1
2019-04-04 09:00:00,25.6,74,20.6,28.0,0.0,31,0,31,0,0.31,0.85,516.1,334.5,181.6,560.3,939.5,1
2019-04-04 10:00:00,26.6,71,20.9,30.1,0.0,10,0,10,0,0.42,1.01,658.8,445.7,213.1,585.7,1132.6,1
2019-04-04 11:00:00,27.3,69,21.0,32.1,0.0,16,6,14,0,0.53,1.14,787.5,599.5,188.0,684.4,1252.2,1
2019-04-04 12:00:00,27.5,67,20.8,31.9,0.0,31,3,14,25,0.57,1.23,821.6,631.9,189.8,676.6,1290.3,1
2019-04-04 13:00:00,27.6,67,21.0,31.9,0.0,11,5,10,0,0.55,1.21,762.6,523.4,239.2,562.2,1244.2,1
2019-04-04 14:00:00,27.5,67,20.9,31.3,0.3,19,14,10,9,0.51,1.21,687.9,511.0,176.9,589.1,1117.2,1
2019-04-04 15:00:00,26.8,71,21.0,29.4,0.2,74,19,8,69,0.41,1.04,532.9,386.7,146.2,517.3,917.9,1
2019-04-04 16:00:00,25.6,79,21.7,28.5,0.4,75,22,4,68,0.27,0.69,330.3,211.3,119.0,364.7,659.9,1
2019-04-04 17:00:00,23.8,88,21.6,26.9,0.0,51,36,3,38,0.13,0.37,133.6,56.3,77.4,150.1,360.8,1
2019-04-04 18:00:00,22.3,93,21.1,25.7,0.0,84,70,2,49,0.04,0.19,11.2,3.9,7.3,20.1,41.1,1
2019-04-04 19:00:00,21.8,94,20.9,25.0,0.0,95,95,0,6,0.02,0.15,0.0,0.0,0.0,0.0,0.0,0
2019-04-04 20:00:00,21.2,94,20.3,23.4,0.0,97,100,29,0,0.0,0.14,0.0,0.0,0.0,0.0,0.0,0
2019-04-04 21:00:00,21.0,92,19.6,23.4,0.0,98,97,41,12,0.0,0.21,0.0,0.0,0.0,0.0,0.0,0
2019-04-04 22:00:00,20.7,92,19.4,23.2,0.0,100,100,36,16,0.0,0.19,0.0,0.0,0.0,0.0,0.0,0
2019-04-04 23:00:00,20.4,94,19.4,23.0,0.0,100,100,0,84,0.0,0.15,0.0,0.0,0.0,0.0,0.0,0
2019-04-05 00:00:00,20.3,94,19.3,22.7,0.0,100,100,1,81,0.0,0.14,0.0,0.0,0.0,0.0,0.0,0
2019-04-05 01:00:00,20.1,95,19.2,22.6,0.0,100,100,0,44,0.0,0.12,0.0,0.0,0.0,0.0,0.0,0
2019-04-05 02:00:00,19.9,95,19.0,22.2,0.1,100,100,0,82,0.0,0.12,0.0,0.0,0.0,0.0,0.0,0
2019-04-05 03:00:00,19.7,94,18.7,21.8,0.1,100,100,1,57,0.0,0.14,0.0,0.0,0.0,0.0,0.0,0
2019-04-05 04:00:00,19.6,93,18.4,21.6,0.0,99,99,5,2,0.0,0.16,0.0,0.0,0.0,0.0,0.0,0
2019-04-05 05:00:00,19.5,92,18.2,21.5,0.0,98,98,19,0,0.0,0.18,0.0,0.0,0.0,0.0,0.0,0
2019-04-05 06:00:00,19.4,92,18.1,21.2,0.0,100,100,7,0,0.02,0.17,2.7,0.0,2.7,0.0,76.1,1
2019-04-05 07:00:00,19.7,90,18.1,21.2,0.0,100,100,6,0,0.04,0.22,41.7,0.0,41.7,0.0,394.8,1
2019-04-05 08:00:00,21.3,86,18.9,23.6,0.0,100,85,19,0,0.09,0.36,141.8,17.7,124.0,44.4,690.6,1
2019-04-05 09:00:00,22.1,83,19.1,24.1,0.0,87,84,26,0,0.18,0.45,310.1,83.8,226.2,139.6,943.3,1
2019-04-05 10:00:00,22.9,80,19.3,25.0,0.0,34,34,1,0,0.29,0.56,500.9,201.0,299.9,263.1,1135.8,1
2019-04-05 11:00:00,24.1,75,19.4,26.9,0.0,24,23,2,0,0.42,0.75,684.9,353.9,331.0,402.8,1254.9,1
2019-04-05 12:00:00,23.9,74,18.9,25.7,0.0,41,41,0,0,0.36,0.78,551.0,250.3,300.7,267.3,1292.5,1
2019-04-05 13:00:00,24.0,71,18.4,26.0,0.0,43,43,0,0,0.38,0.87,539.9,279.2,260.7,299.3,1246.1,1
2019-04-05 14:00:00,24.2,69,18.2,26.4,0.0,43,43,1,0,0.41,0.93,568.4,356.7,211.7,410.3,1118.9,1
2019-04-05 15:00:00,23.8,70,17.9,25.6,0.0,41,41,1,0,0.35,0.9,469.3,291.6,177.7,389.3,919.5,1
2019-04-05 16:00:00,23.1,71,17.6,25.0,0.0,34,34,1,0,0.25,0.82,313.8,186.5,127.4,320.9,661.6,1
2019-04-05 17:00:00,21.7,75,17.1,22.9,0.0,22,22,0,0,0.15,0.65,157.1,86.0,71.2,228.4,362.8,1
2019-04-05 18:00:00,20.0,80,16.4,20.8,0.0,17,17,0,0,0.06,0.47,14.7,6.2,8.5,32.0,43.4,1
2019-04-05 19:00:00,19.1,82,16.0,20.0,0.0,12,12,0,0,0.03,0.39,0.0,0.0,0.0,0.0,0.0,0
2019-04-05 20:00:00,19.0,84,16.2,19.8,0.0,19,11,5,12,0.01,0.35,0.0,0.0,0.0,0.0,0.0,0
2019-04-05 21:00:00,19.3,83,16.3,19.9,0.0,45,7,2,41,0.01,0.39,0.0,0.0,0.0,0.0,0.0,0
2019-04-05 22:00:00,19.2,85,16.6,19.7,0.0,84,6,4,83,0.01,0.34,0.0,0.0,0.0,0.0,0.0,0
2019-04-05 23:00:00,19.0,87,16.7,19.5,0.0,80,10,6,78,0.01,0.29,0.0,0.0,0.0,0.0,0.0,0
2019-04-06 00:00:00,18.7,88,16.7,19.3,0.0,41,14,9,31,0.01,0.26,0.0,0.0,0.0,0.0,0.0,0
2019-04-06 01:00:00,18.6,89,16.7,19.3,0.0,46,19,14,33,0.0,0.24,0.0,0.0,0.0,0.0,0.0,0
2019-04-06 02:00:00,18.6,89,16.8,19.3,0.0,20,19,15,0,0.0,0.23,0.0,0.0,0.0,0.0,0.0,0
2019-04-06 03:00:00,18.5,90,16.9,19.3,0.0,20,19,13,0,0.0,0.2,0.0,0.0,0.0,0.0,0.0,0
2019-04-06 04:00:00,18.4,92,17.0,19.5,0.0,17,17,7,0,0.0,0.18,0.0,0.0,0.0,0.0,0.0,0
2019-04-06 05:00:00,18.2,94,17.2,19.7,0.0,14,14,4,0,0.0,0.13,0.0,0.0,0.0,0.0,0.0,0
2019-04-06 06:00:00,17.9,95,17.1,19.6,0.0,9,9,4,0,0.02,0.09,5.3,0.0,5.3,0.0,81.4,1
2019-04-06 07:00:00,19.8,91,18.2,22.1,0.0,7,7,4,0,0.05,0.22,155.5,74.4,81.0,392.0,399.6,1
2019-04-06 08:00:00,22.4,80,18.7,25.3,0.0,5,0,0,0,0.17,0.55,354.9,231.1,123.8,574.5,694.9,1
2019-04-06 09:00:00,24.5,67,18.0,27.4,0.0,0,0,0,0,0.34,1.01,590.9,445.2,145.7,737.4,947.1,1
2019-04-06 10:00:00,26.0,60,17.5,28.9,0.0,0,0,0,0,0.48,1.35,763.5,604.9,158.6,788.7,1138.9,1
2019-04-06 11:00:00,26.7,59,18.0,30.1,0.0,13,0,0,13,0.57,1.45,866.3,696.2,170.1,790.0,1257.5,1
2019-04-06 12:00:00,27.0,60,18.7,30.7,0.0,58,58,0,0,0.62,1.41,905.1,730.5,174.6,778.4,1294.7,1
2019-04-06 13:00:00,26.8,64,19.4,30.2,0.0,75,67,0,25,0.54,1.28,765.4,562.3,203.1,601.4,1248.0,1
2019-04-06 14:00:00,26.1,63,18.4,28.0,0.0,53,43,0,18,0.43,1.26,559.9,357.6,202.3,410.6,1120.5,1
2019-04-06 15:00:00,25.8,63,18.1,27.7,0.0,61,61,0,0,0.36,1.24,442.4,278.2,164.2,370.6,921.1,1
2019-04-06 16:00:00,25.4,64,18.1,27.6,0.0,75,53,0,49,0.28,1.17,326.5,204.0,122.4,350.3,663.3,1
2019-04-06 17:00:00,24.3,72,18.9,26.9,0.0,47,18,0,35,0.13,0.86,124.2,62.8,61.4,166.3,364.6,1
2019-04-06 18:00:00,22.5,80,18.9,25.2,0.0,54,15,0,46,0.05,0.54,14.6,5.8,8.9,29.9,45.6,1
2019-04-06 19:00:00,20.6,89,18.8,23.0,0.0,88,18,0,85,0.02,0.26,0.0,0.0,0.0,0.0,0.0,0
2019-04-06 20:00:00,22.7,76,18.1,25.1,0.0,90,12,0,70,0.0,0.68,0.0,0.0,0.0,0.0,0.0,0
2019-04-06 21:00:00,21.6,83,18.6,24.3,0.0,46,4,0,44,0.0,0.44,0.0,0.0,0.0,0.0,0.0,0
2019-04-06 22:00:00,20.1,90,18.5,22.6,0.0,33,1,0,32,0.0,0.23,0.0,0.0,0.0,0.0,0.0,0
2019-04-06 23:00:00,19.6,93,18.4,22.0,0.0,38,1,0,37,0.0,0.16,0.0,0.0,0.0,0.0,0.0,0
2019-04-07 00:00:00,19.1,94,18.1,21.4,0.0,44,2,1,42,0.0,0.13,0.0,0.0,0.0,0.0,0.0,0
2019-04-07 01:00:00,18.6,95,17.8,20.9,0.0,55,1,0,54,0.0,0.11,0.0,0.0,0.0,0.0,0.0,0
2019-04-07 02:00:00,20.5,87,18.3,23.3,0.0,76,0,1,76,0.0,0.31,0.0,0.0,0.0,0.0,0.0,0
2019-04-07 03:00:00,20.9,85,18.3,23.6,0.0,90,0,1,90,0.0,0.37,0.0,0.0,0.0,0.0,0.0,0
2019-04-07 04:00:00,20.8,86,18.3,23.6,0.0,31,2,1,29,0.0,0.35,0.0,0.0,0.0,0.0,0.0,0
2019-04-07 05:00:00,19.1,91,17.7,21.4,0.0,10,6,2,3,0.0,0.19,0.0,0.0,0.0,0.0,0.0,0
2019-04-07 06:00:00,19.4,91,17.9,21.9,0.0,27,3,2,24,0.02,0.2,7.8,0.0,7.8,0.0,86.6,1
2019-04-07 07:00:00,21.4,87,19.1,24.6,0.0,39,3,2,36,0.05,0.33,157.4,72.1,85.3,380.4,404.4,1
2019-04-07 08:00:00,23.1,80,19.5,26.3,0.0,73,1,2,76,0.18,0.56,355.5,225.6,129.8,556.0,699.1,1
2019-04-07 09:00:00,24.5,77,20.2,27.1,0.0,74,17,7,68,0.33,0.71,582.3,425.3,157.0,700.8,950.7,1
2019-04-07 10:00:00,25.8,71,20.3,28.1,0.0,93,85,7,55,0.39,0.95,630.7,407.1,223.6,528.7,1142.0,1
2019-04-07 11:00:00,27.2,65,20.0,28.8,0.0,100,100,4,15,0.42,1.27,598.9,283.8,315.1,321.2,1260.0,1
2019-04-07 12:00:00,27.4,67,20.7,29.1,0.1,75,68,7,20,0.45,1.22,630.5,300.6,329.9,319.6,1296.8,1
2019-04-07 13:00:00,27.3,70,21.2,29.1,0.1,60,32,9,42,0.43,1.1,598.4,307.5,290.9,328.2,1249.7,1
2019-04-07 14:00:00,27.2,72,21.6,29.7,0.0,17,8,10,7,0.42,1.03,572.2,403.7,168.4,462.6,1122.1,1
2019-04-07 15:00:00,27.5,69,21.3,30.2,0.0,77,8,10,74,0.43,1.15,544.8,392.2,152.6,521.4,922.6,1
2019-04-07 16:00:00,27.0,71,21.3,29.8,0.0,55,5,12,51,0.31,1.04,352.5,217.5,135.0,372.4,664.9,1
2019-04-07 17:00:00,26.2,76,21.6,29.7,0.0,52,3,9,48,0.18,0.83,176.8,104.7,72.1,275.9,366.5,1
2019-04-07 18:00:00,24.3,83,21.3,28.0,0.0,41,6,5,36,0.06,0.51,16.8,6.9,9.9,36.0,47.9,1
2019-04-07 19:00:00,22.5,91,20.9,25.9,0.0,26,7,3,19,0.02,0.25,0.0,0.0,0.0,0.0,0.0,0
2019-04-07 20:00:00,22.8,87,20.5,26.6,0.0,25,0,7,75,0.0,0.36,0.0,0.0,0.0,0.0,0.0,0
2019-04-07 21:00:00,22.3,91,20.7,25.9,0.0,77,0,3,77,0.0,0.25,0.0,0.0,0.0,0.0,0.0,0
2019-04-07 22:00:00,22.0,90,20.3,25.4,0.0,41,0,1,40,0.0,0.26,0.0,0.0,0.0,0.0,0.0,0
2019-04-07 23:00:00,21.4,91,20.0,24.4,0.0,32,0,0,31,0.0,0.22,0.0,0.0,0.0,0.0,0.0,0
2019-04-08 00:00:00,20.7,93,19.6,23.5,0.0,46,0,0,45,0.0,0.16,0.0,0.0,0.0,0.0,0.0,0
2019-04-08 01:00:00,20.4,94,19.4,23.0,0.0,72,0,1,72,0.0,0.14,0.0,0.0,0.0,0.0,0.0,0
2019-04-08 02:00:00,20.4,92,19.1,23.0,0.0,41,0,0,41,0.0,0.19,0.0,0.0,0.0,0.0,0.0,0
2019-04-08 03:00:00,20.6,91,19.0,23.5,0.0,7,0,0,7,0.0,0.23,0.0,0.0,0.0,0.0,0.0,0
2019-04-08 04:00:00,20.4,91,18.8,23.3,0.0,1,0,0,0,0.0,0.22,0.0,0.0,0.0,0.0,0.0,0
2019-04-08 05:00:00,19.9,92,18.6,22.7,0.0,1,0,0,0,0.0,0.18,0.0,0.0,0.0,0.0,0.0,0
2019-04-08 06:00:00,19.8,93,18.6,22.8,0.0,2,2,1,0,0.01,0.17,7.7,0.0,7.7,0.0,91.7,1
2019-04-08 07:00:00,21.9,89,19.9,25.6,0.0,3,3,3,0,0.05,0.3,162.6,78.1,84.6,412.0,409.0,1
2019-04-08 08:00:00,24.5,78,20.4,28.2,0.0,3,1,1,8,0.19,0.68,361.0,232.7,128.3,568.6,703.2,1
2019-04-08 09:00:00,26.7,69,20.5,30.5,0.0,23,1,1,22,0.35,1.08,581.8,430.6,151.2,706.0,954.2,1
2019-04-08 10:00:00,28.5,62,20.5,33.3,0.0,1,1,1,0,0.5,1.48,750.8,585.9,164.9,758.3,1144.9,1
2019-04-08 11:00:00,30.0,56,20.4,35.7,0.0,11,8,9,0,0.61,1.85,862.7,692.6,170.0,781.6,1262.5,1
2019-04-08 12:00:00,30.8,51,19.5,35.8,0.0,23,9,20,4,0.64,2.17,863.4,695.0,168.4,737.1,1298.8,1
2019-04-08 13:00:00,30.9,48,18.5,34.6,0.0,19,0,19,0,0.62,2.35,787.7,613.0,174.7,653.0,1251.4,1
2019-04-08 14:00:00,30.8,46,17.9,33.3,0.0,31,1,31,0,0.57,2.39,680.4,523.2,157.2,598.5,1123.6,1
2019-04-08 15:00:00,29.7,54,19.3,31.5,0.0,26,0,16,13,0.45,1.94,502.7,357.3,145.4,474.0,924.1,1
2019-04-08 16:00:00,28.6,64,21.1,31.1,0.0,28,1,15,15,0.35,1.41,368.5,250.1,118.4,427.2,666.5,1
2019-04-08 17:00:00,27.4,69,21.2,30.0,0.0,26,5,20,8,0.2,1.12,171.4,106.3,65.2,279.0,368.4,1
2019-04-08 18:00:00,25.8,75,21.1,28.4,0.0,24,9,12,13,0.09,0.83,16.2,7.2,9.1,37.4,50.2,1
2019-04-08 19:00:00,24.6,80,20.9,27.5,0.0,14,10,11,2,0.05,0.62,0.0,0.0,0.0,0.0,0.0,0
2019-04-08 20:00:00,23.7,84,20.7,26.9,0.0,56,1,5,38,0.01,0.48,0.0,0.0,0.0,0.0,0.0,0
2019-04-08 21:00:00,23.5,85,20.9,27.1,0.0,77,5,5,76,0.0,0.42,0.0,0.0,0.0,0.0,0.0,0
2019-04-08 22:00:00,22.3,90,20.6,25.7,0.0,61,3,0,60,0.0,0.27,0.0,0.0,0.0,0.0,0.0,0
2019-04-08 23:00:00,21.9,90,20.2,25.2,0.0,77,2,0,76,0.0,0.26,0.0,0.0,0.0,0.0,0.0,0
2019-04-09 00:00:00,22.3,88,20.2,25.8,0.0,71,2,0,71,0.0,0.33,0.0,0.0,0.0,0.0,0.0,0
2019-04-09 01:00:00,22.5,87,20.2,26.3,0.0,44,3,0,43,0.0,0.37,0.0,0.0,0.0,0.0,0.0,0
2019-04-09 02:00:00,22.1,89,20.1,25.5,0.0,47,4,0,45,0.0,0.3,0.0,0.0,0.0,0.0,0.0,0
2019-04-09 03:00:00,21.9,91,20.3,25.6,0.0,49,5,0,47,0.0,0.25,0.0,0.0,0.0,0.0,0.0,0
2019-04-09 04:00:00,19.8,97,19.4,23.0,0.0,80,5,0,79,0.0,0.06,0.0,0.0,0.0,0.0,0.0,0
2019-04-09 05:00:00,20.2,97,19.8,23.7,0.0,18,5,0,15,0.0,0.07,0.0,0.0,0.0,0.0,0.0,0
2019-04-09 06:00:00,20.3,97,19.8,23.6,0.0,35,3,0,34,0.01,0.07,10.1,0.0,10.1,0.0,96.8,1
2019-04-09 07:00:00,22.3,92,20.9,26.0,0.0,30,2,0,29,0.06,0.22,163.0,75.8,87.1,400.5,413.5,1
2019-04-09 08:00:00,24.1,84,21.2,28.5,0.0,1,4,0,4,0.19,0.49,375.4,244.8,130.6,593.4,707.1,1
2019-04-09 09:00:00,25.9,77,21.6,30.6,0.0,2,2,0,0,0.35,0.77,585.9,433.7,152.2,707.5,957.6,1
2019-04-09 10:00:00,27.5,69,21.3,32.6,0.0,1,1,0,0,0.49,1.15,752.6,587.8,164.8,758.1,1147.8,1
2019-04-09 11:00:00,29.2,62,21.3,35.1,0.0,1,1,0,0,0.6,1.52,859.3,686.2,173.1,772.2,1264.8,1
2019-04-09 12:00:00,30.0,59,21.1,34.8,0.0,17,17,0,0,0.59,1.73,801.8,557.7,244.1,590.2,1300.7,1
2019-04-09 13:00:00,30.0,59,21.0,34.2,0.0,27,27,0,0,0.52,1.75,660.8,372.8,287.9,396.4,1253.0,1
2019-04-09 14:00:00,29.9,63,22.1,33.9,0.0,45,45,0,0,0.47,1.56,581.6,351.0,230.6,400.8,1125.0,1
2019-04-09 15:00:00,29.7,67,22.9,33.7,0.0,90,90,0,0,0.43,1.38,516.3,345.7,170.6,457.7,925.5,1
2019-04-09 16:00:00,28.5,74,23.4,32.5,0.1,82,82,0,0,0.25,1.0,264.4,115.1,149.3,196.1,668.1,1
2019-04-09 17:00:00,27.2,79,23.2,31.5,0.0,38,38,0,0,0.13,0.77,110.0,41.9,68.1,109.5,370.3,1
2019-04-09 18:00:00,26.0,82,22.7,30.6,0.0,27,21,0,8,0.05,0.6,14.3,4.7,9.6,24.5,52.5,1
2019-04-09 19:00:00,24.8,86,22.4,29.4,0.0,24,19,0,7,0.02,0.43,0.0,0.0,0.0,0.0,0.0,0
2019-04-09 20:00:00,23.8,90,22.1,27.9,0.0,19,20,0,0,0.0,0.3,0.0,0.0,0.0,0.0,0.0,0
2019-04-09 21:00:00,24.4,85,21.7,28.3,0.0,14,14,0,0,0.0,0.47,0.0,0.0,0.0,0.0,0.0,0
2019-04-09 22:00:00,23.3,88,21.2,27.0,0.0,6,6,0,0,0.0,0.34,0.0,0.0,0.0,0.0,0.0,0
2019-04-09 23:00:00,21.6,95,20.7,25.5,0.0,3,3,0,0,0.0,0.14,0.0,0.0,0.0,0.0,0.0,0
2019-04-10 00:00:00,21.4,96,20.7,25.1,0.0,3,3,0,0,0.0,0.11,0.0,0.0,0.0,0.0,0.0,0
2019-04-10 01:00:00,20.8,97,20.4,24.5,0.0,1,1,0,0,0.0,0.07,0.0,0.0,0.0,0.0,0.0,0
2019-04-10 02:00:00,20.3,98,19.9,23.7,0.0,0,0,0,0,0.0,0.06,0.0,0.0,0.0,0.0,0.0,0
2019-04-10 03:00:00,20.0,98,19.7,23.3,0.0,0,0,0,0,0.0,0.04,0.0,0.0,0.0,0.0,0.0,0
2019-04-10 04:00:00,19.9,98,19.5,23.1,0.0,1,1,0,0,0.0,0.05,0.0,0.0,0.0,0.0,0.0,0
2019-04-10 05:00:00,20.1,95,19.2,23.2,0.0,1,0,0,0,0.0,0.12,0.0,0.0,0.0,0.0,0.0,0
2019-04-10 06:00:00,20.2,93,19.1,23.1,0.0,1,0,1,0,0.02,0.16,9.9,2.5,7.5,13.8,101.7,1
2019-04-10 07:00:00,23.6,84,20.8,27.0,0.0,1,1,1,0,0.07,0.47,174.6,89.7,84.9,468.8,418.0,1
2019-04-10 08:00:00,25.6,78,21.4,29.4,0.0,2,2,1,0,0.21,0.74,388.5,264.4,124.1,635.7,711.0,1
2019-04-10 09:00:00,27.7,71,21.8,31.2,0.0,3,2,2,0,0.37,1.09,593.4,449.3,144.1,729.4,960.9,1
2019-04-10 10:00:00,29.2,64,21.8,32.9,0.0,2,0,1,0,0.51,1.44,756.6,597.3,159.3,767.7,1150.5,1
2019-04-10 11:00:00,29.5,65,22.4,34.0,0.0,30,0,0,30,0.6,1.43,868.4,702.7,165.8,788.7,1267.0,1
2019-04-10 12:00:00,27.9,74,22.9,31.9,0.0,47,19,14,32,0.58,0.98,914.6,746.2,168.4,787.9,1302.5,1
2019-04-10 13:00:00,26.1,78,21.9,29.3,0.0,78,72,1,26,0.43,0.75,644.1,419.7,224.5,445.3,1254.6,1
2019-04-10 14:00:00,23.8,79,19.8,25.0,0.1,45,43,0,12,0.26,0.63,350.1,77.2,272.9,87.9,1126.5,1
2019-04-10 15:00:00,22.7,78,18.7,23.4,0.1,62,60,0,5,0.26,0.61,354.7,120.3,234.4,159.0,926.9,1
2019-04-10 16:00:00,21.5,80,17.9,21.9,0.1,100,100,1,5,0.16,0.51,179.4,40.1,139.4,68.1,669.7,1
2019-04-10 17:00:00,20.9,80,17.3,21.2,0.1,100,100,3,5,0.1,0.5,76.1,6.4,69.7,16.7,372.2,1
2019-04-10 18:00:00,20.3,81,16.9,20.8,0.0,100,100,3,15,0.06,0.46,6.4,0.0,6.4,0.0,54.7,1
2019-04-10 19:00:00,20.0,82,16.7,20.5,0.1,100,100,1,7,0.04,0.43,0.0,0.0,0.0,0.0,0.0,0
2019-04-10 20:00:00,19.9,85,17.4,21.0,0.1,100,100,0,2,0.01,0.34,0.0,0.0,0.0,0.0,0.0,0
2019-04-10 21:00:00,20.1,85,17.5,21.1,0.1,100,100,1,0,0.01,0.36,0.0,0.0,0.0,0.0,0.0,0
2019-04-10 22:00:00,20.0,85,17.4,20.7,0.0,100,100,1,0,0.02,0.36,0.0,0.0,0.0,0.0,0.0,0
2019-04-10 23:00:00,19.9,85,17.4,20.7,0.1,100,100,2,2,0.01,0.34,0.0,0.0,0.0,0.0,0.0,0
2019-04-11 00:00:00,19.9,86,17.5,20.7,0.1,100,100,6,20,0.01,0.32,0.0,0.0,0.0,0.0,0.0,0
2019-04-11 01:00:00,19.8,86,17.4,20.5,0.0,97,96,2,19,0.01,0.32,0.0,0.0,0.0,0.0,0.0,0
2019-04-11 02:00:00,19.7,86,17.4,20.4,0.0,84,77,3,35,0.01,0.31,0.0,0.0,0.0,0.0,0.0,0
2019-04-11 03:00:00,19.6,87,17.3,20.3,0.0,45,25,2,35,0.01,0.31,0.0,0.0,0.0,0.0,0.0,0
2019-04-11 04:00:00,19.7,86,17.3,20.3,0.0,27,10,7,18,0.01,0.32,0.0,0.0,0.0,0.0,0.0,0
2019-04-11 05:00:00,19.7,87,17.4,20.4,0.0,21,18,7,2,0.01,0.3,0.0,0.0,0.0,0.0,0.0,0
2019-04-11 06:00:00,19.9,87,17.6,20.6,0.0,44,39,6,6,0.04,0.31,9.8,0.0,9.8,0.0,106.7,1
2019-04-11 07:00:00,20.9,85,18.3,21.9,0.0,42,41,5,0,0.07,0.37,135.1,38.2,97.0,195.8,422.4,1
2019-04-11 08:00:00,22.6,77,18.4,23.2,0.0,40,37,5,0,0.18,0.62,312.7,166.4,146.3,396.9,714.9,1
2019-04-11 09:00:00,24.7,70,18.9,25.8,0.0,34,33,4,0,0.27,0.92,429.5,201.1,228.5,324.8,964.1,1
2019-04-11 10:00:00,26.1,66,19.3,28.1,0.0,72,53,5,43,0.37,1.15,550.4,267.6,282.8,342.8,1153.2,1
2019-04-11 11:00:00,26.8,65,19.6,29.6,0.1,92,78,6,71,0.4,1.25,562.8,288.7,274.1,323.2,1269.2,1
2019-04-11 12:00:00,26.0,69,19.9,27.8,0.1,100,99,8,62,0.3,1.04,394.2,38.3,355.9,40.4,1304.3,1
2019-04-11 13:00:00,25.1,74,20.2,27.3,0.0,100,100,6,21,0.23,0.82,285.0,47.8,237.1,50.6,1256.1,1
2019-04-11 14:00:00,25.5,73,20.4,27.8,0.0,100,100,7,0,0.28,0.87,351.0,87.5,263.5,99.6,1127.8,1
2019-04-11 15:00:00,24.6,76,20.1,26.9,0.1,100,100,12,0,0.19,0.75,208.4,65.6,142.8,86.5,928.3,1
2019-04-11 16:00:00,23.0,82,19.8,25.3,0.2,100,100,25,1,0.12,0.5,121.1,0.8,120.2,1.4,671.2,1
2019-04-11 17:00:00,21.5,85,18.8,23.4,0.2,100,100,24,0,0.07,0.39,41.3,2.1,39.2,5.5,374.0,1
2019-04-11 18:00:00,20.2,87,18.0,21.7,0.5,100,100,43,20,0.04,0.31,3.7,0.0,3.7,0.0,57.0,1
2019-04-11 19:00:00,19.2,87,17.1,20.4,0.7,100,100,85,73,0.03,0.28,0.0,0.0,0.0,0.0,0.0,0
2019-04-11 20:00:00,18.9,88,16.8,21.2,1.1,100,100,86,54,0.0,0.27,0.0,0.0,0.0,0.0,0.0,0
2019-04-11 21:00:00,18.7,92,17.4,21.0,1.1,91,90,65,45,0.0,0.18,0.0,0.0,0.0,0.0,0.0,0
2019-04-11 22:00:00,18.5,93,17.3,20.7,0.7,78,69,68,17,0.0,0.15,0.0,0.0,0.0,0.0,0.0,0
2019-04-11 23:00:00,18.5,91,17.0,20.7,0.1,100,100,100,11,0.0,0.19,0.0,0.0,0.0,0.0,0.0,0
2019-04-12 00:00:00,18.5,90,16.8,20.5,0.6,100,100,100,6,0.0,0.22,0.0,0.0,0.0,0.0,0.0,0
2019-04-12 01:00:00,18.3,88,16.4,19.9,0.4,100,100,85,4,0.0,0.24,0.0,0.0,0.0,0.0,0.0,0
2019-04-12 02:00:00,18.0,86,15.6,19.1,0.1,100,100,57,1,0.0,0.29,0.0,0.0,0.0,0.0,0.0,0
2019-04-12 03:00:00,17.7,84,15.0,18.7,0.1,100,100,49,2,0.0,0.32,0.0,0.0,0.0,0.0,0.0,0
2019-04-12 04:00:00,17.5,84,14.9,18.4,0.0,99,97,46,72,0.0,0.31,0.0,0.0,0.0,0.0,0.0,0
2019-04-12 05:00:00,17.4,84,14.7,18.2,0.0,82,80,36,16,0.0,0.32,0.0,0.0,0.0,0.0,0.0,0
2019-04-12 06:00:00,17.5,82,14.4,18.2,0.0,90,83,22,51,0.03,0.35,7.3,0.0,7.3,0.0,111.6,1
2019-04-12 07:00:00,17.9,81,14.6,18.6,0.0,99,99,22,19,0.05,0.4,80.5,3.2,77.4,15.9,426.8,1
2019-04-12 08:00:00,18.4,77,14.3,18.0,0.0,100,99,20,8,0.12,0.48,207.3,67.4,139.8,159.6,718.7,1
2019-04-12 09:00:00,18.9,74,14.1,17.9,0.0,100,100,12,8,0.16,0.57,254.5,42.2,212.3,67.9,967.3,1
2019-04-12 10:00:00,19.3,72,14.1,17.9,0.0,100,100,7,50,0.21,0.63,315.1,37.9,277.2,48.4,1155.8,1
2019-04-12 11:00:00,20.4,69,14.5,19.0,0.0,100,100,10,4,0.3,0.75,490.8,161.5,329.3,180.4,1271.3,1
2019-04-12 12:00:00,20.6,68,14.5,19.2,0.0,99,99,12,80,0.29,0.78,436.5,56.4,380.0,59.4,1306.0,1
2019-04-12 13:00:00,20.9,67,14.6,19.4,0.0,100,100,13,75,0.31,0.81,451.8,93.7,358.1,99.0,1257.5,1
2019-04-12 14:00:00,20.9,67,14.6,19.4,0.0,100,100,12,91,0.3,0.81,430.1,73.4,356.7,83.4,1129.1,1
2019-04-12 15:00:00,21.1,66,14.6,19.5,0.0,100,100,12,100,0.32,0.84,455.5,182.4,273.1,240.1,929.7,1
2019-04-12 16:00:00,20.2,69,14.4,18.8,0.0,100,100,43,100,0.18,0.73,174.6,10.0,164.6,17.0,672.7,1
2019-04-12 17:00:00,19.8,72,14.7,18.7,0.0,98,94,76,97,0.14,0.64,110.6,11.4,99.2,29.5,375.8,1
2019-04-12 18:00:00,19.1,74,14.5,18.1,0.0,100,15,88,100,0.08,0.57,11.4,0.5,10.9,2.8,59.3,1
2019-04-12 19:00:00,18.6,78,14.6,17.5,0.4,100,6,87,100,0.06,0.48,0.0,0.0,0.0,0.0,0.0,0
2019-04-12 20:00:00,18.0,86,15.5,17.6,1.0,99,15,29,100,0.02,0.3,0.0,0.0,0.0,0.0,0.0,0
2019-04-12 21:00:00,18.7,84,15.9,18.4,0.1,100,16,99,100,0.02,0.34,0.0,0.0,0.0,0.0,0.0,0
2019-04-12 22:00:00,18.7,85,16.2,18.3,0.2,100,11,100,100,0.02,0.32,0.0,0.0,0.0,0.0,0.0,0
2019-04-12 23:00:00,18.5,88,16.5,18.5,0.7,100,7,100,100,0.01,0.25,0.0,0.0,0.0,0.0,0.0,0
2019-04-13 00:00:00,18.7,89,16.8,18.9,0.9,100,13,99,100,0.01,0.24,0.0,0.0,0.0,0.0,0.0,0
2019-04-13 01:00:00,18.6,90,16.9,18.7,0.9,100,16,100,100,0.01,0.22,0.0,0.0,0.0,0.0,0.0,0
2019-04-13 02:00:00,18.7,90,17.1,19.0,0.4,100,5,100,100,0.01,0.21,0.0,0.0,0.0,0.0,0.0,0
2019-04-13 03:00:00,18.9,90,17.3,19.6,0.4,100,26,100,89,0.0,0.22,0.0,0.0,0.0,0.0,0.0,0
2019-04-13 04:00:00,19.3,88,17.3,19.9,0.1,92,29,91,1,0.01,0.26,0.0,0.0,0.0,0.0,0.0,0
2019-04-13 05:00:00,19.3,89,17.4,19.9,0.0,96,94,38,0,0.01,0.25,0.0,0.0,0.0,0.0,0.0,0
2019-04-13 06:00:00,19.4,90,17.7,20.3,0.0,49,43,23,0,0.03,0.22,9.6,0.0,9.6,0.0,116.5,1
2019-04-13 07:00:00,20.5,88,18.5,21.7,0.0,53,32,39,19,0.06,0.28,117.6,45.5,72.1,225.2,431.1,1
2019-04-13 08:00:00,22.6,81,19.3,25.3,0.0,50,18,40,0,0.14,0.51,267.9,125.9,142.1,295.7,722.4,1
2019-04-13 09:00:00,24.5,74,19.6,27.3,0.0,48,6,46,1,0.27,0.79,446.0,271.5,174.5,434.5,970.5,1
2019-04-13 10:00:00,25.6,70,19.8,28.3,0.0,22,1,22,0,0.34,0.98,520.7,318.3,202.4,405.0,1158.4,1
2019-04-13 11:00:00,27.4,64,19.9,31.5,0.0,73,4,36,66,0.55,1.33,810.4,592.7,217.7,660.3,1273.4,1
2019-04-13 12:00:00,27.9,62,19.9,32.3,0.2,51,21,42,22,0.55,1.43,769.0,527.1,241.9,553.2,1307.7,1
2019-04-13 13:00:00,26.4,71,20.6,29.4,1.4,94,0,72,88,0.42,1.01,578.6,363.0,215.6,383.1,1258.9,1
2019-04-13 14:00:00,24.8,82,21.5,28.1,0.6,78,0,52,69,0.31,0.57,434.8,144.0,290.8,163.3,1130.4,1
2019-04-13 15:00:00,24.2,85,21.5,27.7,0.3,77,1,79,39,0.23,0.46,296.5,116.8,179.7,153.5,930.9,1
2019-04-13 16:00:00,24.1,83,21.1,27.9,0.1,57,1,56,2,0.19,0.5,224.8,101.1,123.7,170.7,674.2,1
2019-04-13 17:00:00,23.9,83,20.7,27.5,0.0,83,6,80,27,0.13,0.52,130.1,58.6,71.5,151.0,377.7,1
2019-04-13 18:00:00,22.6,90,20.9,26.5,0.0,100,19,99,87,0.03,0.27,9.5,2.5,7.0,13.2,61.5,1
2019-04-13 19:00:00,22.1,92,20.7,25.9,0.0,95,38,55,92,0.01,0.21,0.0,0.0,0.0,0.0,0.0,0
2019-04-13 20:00:00,21.3,95,20.5,25.1,0.0,96,1,62,92,0.0,0.13,0.0,0.0,0.0,0.0,0.0,0
2019-04-13 21:00:00,22.0,91,20.5,25.8,0.2,99,3,60,99,0.0,0.23,0.0,0.0,0.0,0.0,0.0,0
2019-04-13 22:00:00,21.7,93,20.5,25.5,0.1,74,4,9,71,0.0,0.19,0.0,0.0,0.0,0.0,0.0,0
2019-04-13 23:00:00,21.2,95,20.4,24.9,0.0,61,6,13,55,0.0,0.11,0.0,0.0,0.0,0.0,0.0,0
2019-04-14 00:00:00,20.8,96,20.2,24.6,0.0,52,11,45,8,0.0,0.09,0.0,0.0,0.0,0.0,0.0,0
2019-04-14 01:00:00,19.6,99,19.4,22.7,0.0,100,26,44,100,0.0,0.02,0.0,0.0,0.0,0.0,0.0,0
2019-04-14 02:00:00,20.3,98,20.0,23.4,0.0,100,99,29,82,0.0,0.04,0.0,0.0,0.0,0.0,0.0,0
2019-04-14 03:00:00,20.3,98,19.9,23.3,0.0,100,100,34,9,0.0,0.06,0.0,0.0,0.0,0.0,0.0,0
2019-04-14 04:00:00,20.3,97,19.8,23.5,0.0,100,100,20,14,0.0,0.07,0.0,0.0,0.0,0.0,0.0,0
2019-04-14 05:00:00,20.3,97,19.8,23.6,0.0,100,100,31,14,0.0,0.07,0.0,0.0,0.0,0.0,0.0,0
2019-04-14 06:00:00,20.5,97,20.0,24.1,0.0,100,100,25,4,0.01,0.07,7.2,0.0,7.2,0.0,121.3,1
2019-04-14 07:00:00,21.3,93,20.2,24.9,0.1,71,65,39,1,0.04,0.17,68.5,4.7,63.9,22.8,435.4,1
2019-04-14 08:00:00,23.0,82,19.8,26.4,0.4,52,83,16,18,0.11,0.49,195.3,42.3,153.0,98.6,726.1,1
2019-04-14 09:00:00,24.3,78,20.1,27.9,0.0,92,91,27,20,0.21,0.68,336.2,87.8,248.4,139.8,973.6,1
2019-04-14 10:00:00,25.1,75,20.3,28.8,0.0,100,100,21,11,0.25,0.81,366.8,75.7,291.1,96.1,1160.9,1
2019-04-14 11:00:00,25.9,72,20.5,29.4,0.1,60,54,28,21,0.35,0.93,503.0,136.4,366.6,151.6,1275.4,1
2019-04-14 12:00:00,25.5,74,20.5,28.2,0.4,100,100,92,23,0.39,0.84,576.4,293.2,283.2,307.2,1309.3,1
2019-04-14 13:00:00,23.8,84,21.0,26.9,0.8,98,98,97,33,0.17,0.46,226.4,33.2,193.2,35.0,1260.2,1
2019-04-14 14:00:00,23.4,87,21.1,26.7,1.2,92,36,90,32,0.16,0.38,206.1,0.0,206.1,0.0,1131.6,1
2019-04-14 15:00:00,23.7,86,21.2,27.1,0.4,86,60,40,74,0.26,0.42,355.9,134.8,221.1,176.8,932.2,1
2019-04-14 16:00:00,23.3,83,20.2,26.2,0.2,97,21,34,96,0.21,0.49,258.4,109.5,148.8,184.5,675.6,1
2019-04-14 17:00:00,22.4,84,19.6,24.9,0.4,87,21,24,83,0.1,0.42,99.5,26.5,73.0,68.0,379.5,1
2019-04-14 18:00:00,21.3,86,18.9,23.5,0.0,82,26,26,76,0.05,0.34,14.3,2.6,11.8,13.6,63.8,1
2019-04-14 19:00:00,20.6,87,18.5,22.7,0.1,98,43,27,96,0.03,0.3,0.0,0.0,0.0,0.0,0.0,0
2019-04-14 20:00:00,20.9,87,18.6,22.9,0.6,100,100,36,85,0.0,0.33,0.0,0.0,0.0,0.0,0.0,0
2019-04-14 21:00:00,20.9,87,18.6,22.6,0.5,100,100,55,91,0.01,0.33,0.0,0.0,0.0,0.0,0.0,0
2019-04-14 22:00:00,20.4,89,18.6,22.3,0.9,100,100,89,99,0.0,0.26,0.0,0.0,0.0,0.0,0.0,0
2019-04-14 23:00:00,20.0,89,18.1,21.4,1.6,100,100,87,96,0.0,0.26,0.0,0.0,0.0,0.0,0.0,0
2019-04-15 00:00:00,19.7,90,17.9,21.4,0.8,100,100,98,93,0.0,0.24,0.0,0.0,0.0,0.0,0.0,0
2019-04-15 01:00:00,19.2,88,17.3,20.5,1.2,100,100,100,89,0.0,0.26,0.0,0.0,0.0,0.0,0.0,0
2019-04-15 02:00:00,18.8,86,16.4,19.6,0.4,100,99,98,78,0.01,0.31,0.0,0.0,0.0,0.0,0.0,0
2019-04-15 03:00:00,18.9,81,15.7,19.3,0.0,100,100,96,0,0.01,0.41,0.0,0.0,0.0,0.0,0.0,0
2019-04-15 04:00:00,19.0,77,14.9,19.0,0.0,100,96,100,76,0.02,0.5,0.0,0.0,0.0,0.0,0.0,0
2019-04-15 05:00:00,18.7,77,14.6,18.8,0.0,99,98,68,83,0.02,0.5,0.0,0.0,0.0,0.0,0.0,0
2019-04-15 06:00:00,18.9,78,14.9,18.9,0.0,100,100,48,91,0.05,0.48,9.5,0.0,9.5,0.0,126.1,1
2019-04-15 07:00:00,19.6,77,15.4,19.6,0.0,99,99,32,26,0.08,0.53,114.5,15.5,99.1,74.1,439.7,1
2019-04-15 08:00:00,20.9,70,15.2,20.1,0.0,76,41,32,9,0.16,0.74,239.7,64.6,175.1,149.5,729.8,1
2019-04-15 09:00:00,21.5,67,15.1,20.1,0.0,80,74,27,18,0.26,0.85,428.2,241.4,186.8,382.9,976.6,1
2019-04-15 10:00:00,21.0,71,15.5,19.8,0.0,91,90,26,0,0.24,0.73,362.3,91.9,270.4,116.3,1163.4,1
2019-04-15 11:00:00,21.7,68,15.6,20.2,0.0,100,100,26,0,0.32,0.83,505.0,159.3,345.7,176.6,1277.3,1
2019-04-15 12:00:00,21.5,68,15.4,20.1,0.0,100,100,33,0,0.28,0.82,388.9,48.4,340.5,50.6,1310.8,1
2019-04-15 13:00:00,22.0,65,15.2,20.4,0.0,100,100,35,0,0.34,0.92,488.8,119.0,369.8,125.2,1261.5,1
2019-04-15 14:00:00,21.8,65,15.0,20.3,0.0,100,100,38,0,0.31,0.91,417.0,105.4,311.5,119.1,1132.7,1
2019-04-15 15:00:00,21.7,66,15.0,20.2,0.0,59,44,47,0,0.29,0.89,374.8,113.3,261.6,148.3,933.4,1
2019-04-15 16:00:00,21.3,70,15.6,20.5,3.3,62,0,62,19,0.24,0.75,297.0,168.2,128.8,282.6,677.1,1
2019-04-15 17:00:00,20.1,75,15.6,19.9,0.8,96,1,96,20,0.12,0.59,105.4,46.6,58.8,119.2,381.2,1
2019-04-15 18:00:00,18.8,84,16.1,18.8,1.0,61,2,55,9,0.05,0.34,9.1,2.1,7.1,10.9,66.1,1
2019-04-15 19:00:00,18.4,86,16.1,18.3,0.9,91,1,91,3,0.04,0.29,0.0,0.0,0.0,0.0,0.0,0
2019-04-15 20:00:00,19.2,77,15.1,18.6,0.8,62,10,34,0,0.04,0.51,0.0,0.0,0.0,0.0,0.0,0
2019-04-15 21:00:00,19.1,81,15.8,18.4,2.0,65,1,65,0,0.03,0.42,0.0,0.0,0.0,0.0,0.0,0
2019-04-15 22:00:00,19.2,83,16.3,18.6,0.1,62,22,11,55,0.03,0.38,0.0,0.0,0.0,0.0,0.0,0
2019-04-15 23:00:00,19.1,85,16.5,18.7,0.0,64,23,17,57,0.02,0.34,0.0,0.0,0.0,0.0,0.0,0
2019-04-16 00:00:00,19.2,84,16.5,19.2,0.0,97,29,27,96,0.02,0.35,0.0,0.0,0.0,0.0,0.0,0
2019-04-16 01:00:00,19.3,84,16.5,19.2,0.0,99,33,52,98,0.02,0.36,0.0,0.0,0.0,0.0,0.0,0
2019-04-16 02:00:00,19.3,85,16.7,19.8,0.6,96,81,92,92,0.01,0.33,0.0,0.0,0.0,0.0,0.0,0
2019-04-16 03:00:00,19.0,89,17.1,20.5,0.5,100,99,88,86,0.0,0.25,0.0,0.0,0.0,0.0,0.0,0
2019-04-16 04:00:00,19.1,91,17.6,21.3,0.4,100,100,100,90,0.0,0.21,0.0,0.0,0.0,0.0,0.0,0
2019-04-16 05:00:00,19.2,92,17.9,21.7,0.4,100,100,100,91,0.0,0.18,0.0,0.0,0.0,0.0,0.0,0
2019-04-16 06:00:00,19.5,93,18.3,22.4,0.8,100,100,100,90,0.02,0.16,2.4,0.0,2.4,0.0,130.9,1
2019-04-16 07:00:00,19.8,93,18.6,22.5,0.9,100,100,98,13,0.03,0.17,32.3,0.0,32.3,0.0,443.9,1
2019-04-16 08:00:00,19.7,92,18.3,22.3,1.3,100,92,100,90,0.04,0.19,57.0,1.2,55.8,2.8,733.3,1
2019-04-16 09:00:00,19.9,92,18.6,22.1,5.0,99,0,98,86,0.06,0.19,71.7,0.0,71.7,0.0,979.5,1
2019-04-16 10:00:00,20.3,90,18.6,22.7,4.9,100,2,100,96,0.08,0.24,114.6,11.9,102.7,15.0,1165.7,1
2019-04-16 11:00:00,21.8,84,19.0,24.4,2.5,98,48,93,89,0.21,0.41,316.4,59.3,257.1,65.6,1279.2,1
2019-04-16 12:00:00,22.7,82,19.5,25.0,0.8,100,96,74,100,0.24,0.49,349.6,72.5,277.0,75.7,1312.3,1
2019-04-16 13:00:00,22.3,85,19.6,24.6,1.4,100,3,100,100,0.19,0.41,267.3,26.3,241.0,27.7,1262.7,1
2019-04-16 14:00:00,22.1,85,19.5,24.5,0.7,100,100,100,100,0.18,0.39,247.6,13.2,234.4,14.9,1133.9,1
2019-04-16 15:00:00,21.8,85,19.3,23.9,0.2,100,99,61,97,0.15,0.38,190.6,12.6,178.0,16.5,934.6,1
2019-04-16 16:00:00,21.7,85,19.1,23.3,0.0,100,96,3,100,0.17,0.38,221.8,39.3,182.5,66.0,678.5,1
2019-04-16 17:00:00,20.5,87,18.3,21.7,0.3,100,100,100,100,0.07,0.31,58.9,0.7,58.2,1.8,383.0,1
2019-04-16 18:00:00,19.9,90,18.2,21.8,0.4,100,100,100,100,0.03,0.23,6.0,0.0,6.0,0.0,68.3,1
2019-04-16 19:00:00,19.6,92,18.3,21.7,0.1,100,100,97,100,0.02,0.18,0.0,0.0,0.0,0.0,0.0,0
2019-04-16 20:00:00,19.4,94,18.4,21.9,0.0,34,100,61,95,0.0,0.14,0.0,0.0,0.0,0.0,0.0,0
2019-04-16 21:00:00,19.4,94,18.4,21.9,0.0,36,35,18,0,0.0,0.13,0.0,0.0,0.0,0.0,0.0,0
2019-04-16 22:00:00,18.4,97,17.9,20.9,0.0,97,97,19,0,0.0,0.06,0.0,0.0,0.0,0.0,0.0,0
2019-04-16 23:00:00,18.3,97,17.9,20.6,0.0,99,99,27,0,0.0,0.06,0.0,0.0,0.0,0.0,0.0,0
2019-04-17 00:00:00,18.3,97,17.8,20.6,0.0,100,100,65,0,0.0,0.06,0.0,0.0,0.0,0.0,0.0,0
2019-04-17 01:00:00,18.9,95,18.1,21.1,0.1,100,100,92,0,0.0,0.1,0.0,0.0,0.0,0.0,0.0,0
2019-04-17 02:00:00,18.8,96,18.2,20.9,0.2,100,100,87,0,0.0,0.09,0.0,0.0,0.0,0.0,0.0,0
2019-04-17 03:00:00,18.8,96,18.2,21.0,0.1,100,100,72,0,0.0,0.09,0.0,0.0,0.0,0.0,0.0,0
2019-04-17 04:00:00,18.8,96,18.1,21.1,0.0,100,100,94,0,0.0,0.09,0.0,0.0,0.0,0.0,0.0,0
2019-04-17 05:00:00,18.9,95,18.1,21.1,0.0,99,98,97,0,0.0,0.11,0.0,0.0,0.0,0.0,0.0,0
2019-04-17 06:00:00,18.8,96,18.1,21.1,0.0,100,100,100,0,0.02,0.09,4.7,0.0,4.7,0.0,135.6,1
2019-04-17 07:00:00,19.5,92,18.1,21.7,0.0,100,100,100,0,0.04,0.19,56.6,0.0,56.6,0.0,448.0,1
2019-04-17 08:00:00,20.9,84,18.0,23.6,0.0,97,44,11,0,0.06,0.4,97.8,0.0,97.8,0.0,736.8,1
2019-04-17 09:00:00,22.6,74,17.6,24.9,0.0,37,37,12,0,0.31,0.72,554.8,349.1,205.8,548.9,982.4,1
2019-04-17 10:00:00,23.7,67,17.1,26.0,0.0,22,16,18,0,0.43,0.97,708.9,486.3,222.6,611.3,1168.0,1
2019-04-17 11:00:00,24.3,64,16.9,27.0,0.0,20,19,13,0,0.53,1.11,834.6,618.1,216.4,682.3,1281.0,1
2019-04-17 12:00:00,24.6,61,16.7,27.5,0.0,12,12,2,0,0.58,1.2,888.4,672.8,215.5,700.9,1313.7,1
2019-04-17 13:00:00,24.6,60,16.4,27.2,0.0,9,9,1,0,0.57,1.23,852.6,647.7,204.9,679.2,1263.8,1
2019-04-17 14:00:00,24.2,62,16.6,25.9,0.0,9,9,2,0,0.51,1.14,743.6,563.8,179.8,635.3,1134.9,1
2019-04-17 15:00:00,23.5,66,16.7,24.3,0.0,15,15,5,0,0.42,0.99,594.3,444.2,150.2,579.8,935.7,1
2019-04-17 16:00:00,22.8,70,17.0,23.1,0.0,24,23,13,0,0.3,0.84,385.2,270.5,114.7,452.6,679.9,1
2019-04-17 17:00:00,22.1,74,17.3,22.6,0.0,22,21,12,0,0.18,0.69,184.2,113.0,71.2,286.9,384.8,1
2019-04-17 18:00:00,21.1,78,17.1,21.8,0.0,8,8,4,0,0.08,0.55,25.6,11.4,14.2,60.4,70.6,1
2019-04-17 19:00:00,20.3,80,16.7,20.6,0.0,4,4,1,0,0.05,0.47,0.0,0.0,0.0,0.0,0.0,0
2019-04-17 20:00:00,19.9,80,16.4,19.8,0.0,3,2,0,26,0.03,0.46,0.0,0.0,0.0,0.0,0.0,0
2019-04-17 21:00:00,19.8,79,16.1,19.6,0.0,28,2,0,27,0.03,0.48,0.0,0.0,0.0,0.0,0.0,0
2019-04-17 22:00:00,19.8,79,16.1,19.7,0.0,49,2,0,48,0.03,0.48,0.0,0.0,0.0,0.0,0.0,0
2019-04-17 23:00:00,19.7,80,16.1,19.9,0.0,9,4,0,5,0.03,0.47,0.0,0.0,0.0,0.0,0.0,0
2019-04-18 00:00:00,19.7,81,16.4,20.2,0.0,7,7,0,0,0.02,0.43,0.0,0.0,0.0,0.0,0.0,0
2019-04-18 01:00:00,19.4,83,16.4,20.3,0.0,8,8,0,0,0.01,0.39,0.0,0.0,0.0,0.0,0.0,0
2019-04-18 02:00:00,18.8,85,16.3,20.0,0.0,19,19,0,0,0.0,0.32,0.0,0.0,0.0,0.0,0.0,0
2019-04-18 03:00:00,18.2,89,16.3,19.4,0.0,29,29,0,0,0.0,0.23,0.0,0.0,0.0,0.0,0.0,0
2019-04-18 04:00:00,18.1,90,16.5,19.7,0.0,31,31,0,0,0.0,0.2,0.0,0.0,0.0,0.0,0.0,0
2019-04-18 05:00:00,18.1,92,16.8,20.0,0.0,36,36,0,0,0.0,0.17,0.0,0.0,0.0,0.0,0.0,0
2019-04-18 06:00:00,19.0,90,17.3,21.1,0.0,80,80,1,0,0.02,0.23,16.3,2.3,14.0,13.3,140.2,1
2019-04-18 07:00:00,21.3,84,18.5,23.6,0.0,89,89,4,0,0.07,0.4,146.0,56.3,89.7,256.9,452.1,1
2019-04-18 08:00:00,23.9,73,18.7,26.7,0.0,86,73,13,0,0.16,0.8,283.0,124.8,158.2,282.9,740.3,1
2019-04-18 09:00:00,24.6,73,19.5,27.7,0.0,29,29,9,0,0.25,0.83,406.7,206.8,200.0,323.8,985.2,1
2019-04-18 10:00:00,25.9,70,20.0,29.3,0.0,23,23,1,0,0.41,1.0,647.0,434.2,212.8,544.3,1170.2,1
2019-04-18 11:00:00,27.0,65,19.9,31.1,0.0,16,16,1,0,0.5,1.25,738.6,515.0,223.7,567.2,1282.7,1
2019-04-18 12:00:00,28.2,59,19.5,32.2,0.0,24,24,4,0,0.51,1.55,695.9,404.8,291.0,421.0,1315.0,1
2019-04-18 13:00:00,29.1,55,19.2,33.5,0.0,58,57,6,0,0.57,1.8,753.0,456.5,296.5,478.0,1264.9,1
2019-04-18 14:00:00,28.6,56,19.0,31.7,0.0,100,100,13,11,0.44,1.71,553.5,289.9,263.6,326.2,1135.9,1
2019-04-18 15:00:00,28.1,58,19.1,31.3,0.0,99,97,33,96,0.39,1.6,479.3,260.8,218.5,339.9,936.8,1
2019-04-18 16:00:00,27.7,59,19.0,30.8,0.0,98,78,27,95,0.27,1.51,305.0,140.8,164.2,235.0,681.2,1
2019-04-18 17:00:00,26.4,75,21.6,30.9,0.0,98,54,33,95,0.14,0.87,143.4,49.7,93.7,125.9,386.5,1
2019-04-18 18:00:00,24.6,79,20.6,28.0,0.0,100,99,42,96,0.06,0.66,18.3,3.2,15.2,16.7,72.8,1
2019-04-18 19:00:00,24.2,73,19.1,26.8,0.0,88,71,45,67,0.04,0.8,0.0,0.0,0.0,0.0,0.0,0
2019-04-18 20:00:00,23.5,76,19.0,26.0,0.0,75,74,27,96,0.01,0.71,0.0,0.0,0.0,0.0,0.0,0
2019-04-18 21:00:00,23.3,76,18.9,25.5,0.0,97,41,24,95,0.02,0.68,0.0,0.0,0.0,0.0,0.0,0
2019-04-18 22:00:00,22.7,80,19.2,25.0,0.0,97,27,15,96,0.01,0.54,0.0,0.0,0.0,0.0,0.0,0
2019-04-18 23:00:00,22.6,83,19.6,25.1,0.0,95,22,11,94,0.01,0.46,0.0,0.0,0.0,0.0,0.0,0
2019-04-19 00:00:00,22.0,88,19.9,25.1,0.0,99,35,19,99,0.0,0.32,0.0,0.0,0.0,0.0,0.0,0
2019-04-19 01:00:00,21.3,92,20.0,24.3,0.0,100,17,7,100,0.0,0.19,0.0,0.0,0.0,0.0,0.0,0
2019-04-19 02:00:00,22.1,87,19.8,25.6,0.0,100,14,6,100,0.0,0.34,0.0,0.0,0.0,0.0,0.0,0
2019-04-19 03:00:00,20.4,94,19.4,23.5,0.0,100,19,55,100,0.0,0.14,0.0,0.0,0.0,0.0,0.0,0
2019-04-19 04:00:00,21.3,92,19.9,24.6,0.0,100,29,63,100,0.0,0.21,0.0,0.0,0.0,0.0,0.0,0
2019-04-19 05:00:00,21.5,89,19.7,24.4,0.0,100,5,64,100,0.0,0.28,0.0,0.0,0.0,0.0,0.0,0
2019-04-19 06:00:00,21.7,90,20.0,25.0,0.0,100,7,74,100,0.02,0.26,9.3,0.0,9.3,0.0,144.8,1
2019-04-19 07:00:00,22.5,89,20.6,26.0,0.0,100,0,40,100,0.04,0.3,51.4,0.0,51.4,0.0,456.0,1
2019-04-19 08:00:00,23.8,86,21.3,27.8,0.0,100,0,68,98,0.08,0.42,125.8,3.7,122.1,8.3,743.6,1
2019-04-19 09:00:00,24.7,82,21.4,28.4,0.0,99,0,96,96,0.17,0.55,260.0,28.4,231.6,44.3,987.9,1
2019-04-19 10:00:00,25.3,81,21.8,29.4,0.0,100,0,83,100,0.18,0.62,258.1,86.4,171.7,108.0,1172.4,1
2019-04-19 11:00:00,26.6,76,22.0,31.2,0.0,100,3,96,100,0.34,0.84,481.6,207.0,274.6,227.5,1284.3,1
2019-04-19 12:00:00,26.3,76,21.8,30.8,0.0,100,8,94,100,0.14,0.81,174.2,0.0,174.2,0.0,1316.3,1
2019-04-19 13:00:00,26.7,75,21.9,30.9,0.0,100,16,26,100,0.25,0.88,322.8,127.8,195.1,133.6,1266.0,1
2019-04-19 14:00:00,27.2,72,21.8,31.5,0.0,100,17,25,100,0.37,1.0,471.6,157.2,314.4,176.6,1136.9,1
2019-04-19 15:00:00,26.6,75,21.9,30.6,0.0,100,22,33,100,0.25,0.86,304.0,44.1,259.9,57.4,937.9,1
2019-04-19 16:00:00,25.7,80,21.9,30.1,0.0,100,1,72,100,0.16,0.68,173.5,8.4,165.1,14.0,682.5,1
2019-04-19 17:00:00,25.0,83,21.9,29.6,0.3,100,0,99,100,0.08,0.54,65.7,2.2,63.5,5.5,388.2,1
2019-04-19 18:00:00,24.3,88,22.2,28.9,0.2,100,0,100,100,0.03,0.36,9.4,0.0,9.4,0.0,75.1,1
2019-04-19 19:00:00,23.9,88,21.9,28.2,0.1,100,0,99,100,0.02,0.35,0.0,0.0,0.0,0.0,0.0,0
2019-04-19 20:00:00,22.3,96,21.7,26.4,0.3,100,0,100,100,0.0,0.1,0.0,0.0,0.0,0.0,0.0,0
2019-04-19 21:00:00,22.5,95,21.7,26.7,2.7,100,0,100,100,0.0,0.13,0.0,0.0,0.0,0.0,0.0,0
2019-04-19 22:00:00,22.0,96,21.3,26.1,2.4,100,1,98,100,0.0,0.11,0.0,0.0,0.0,0.0,0.0,0
2019-04-19 23:00:00,22.0,96,21.2,26.0,0.9,100,74,100,100,0.0,0.12,0.0,0.0,0.0,0.0,0.0,0
2019-04-20 00:00:00,21.7,96,21.1,25.8,1.0,100,67,100,98,0.0,0.09,0.0,0.0,0.0,0.0,0.0,0
2019-04-20 01:00:00,21.4,98,21.0,25.5,0.9,100,9,100,98,0.0,0.06,0.0,0.0,0.0,0.0,0.0,0
2019-04-20 02:00:00,21.5,97,20.9,25.0,0.5,100,8,59,100,0.0,0.09,0.0,0.0,0.0,0.0,0.0,0
2019-04-20 03:00:00,21.4,95,20.6,24.5,0.4,97,23,71,93,0.0,0.13,0.0,0.0,0.0,0.0,0.0,0
2019-04-20 04:00:00,21.2,96,20.6,24.8,0.1,92,89,21,61,0.0,0.09,0.0,0.0,0.0,0.0,0.0,0
2019-04-20 05:00:00,21.4,95,20.6,24.9,0.0,77,76,33,10,0.0,0.12,0.0,0.0,0.0,0.0,0.0,0
2019-04-20 06:00:00,21.9,94,20.8,25.0,0.2,91,87,55,14,0.02,0.16,9.2,0.0,9.2,0.0,149.3,1
2019-04-20 07:00:00,22.2,94,21.3,24.8,1.1,100,100,100,31,0.03,0.15,40.6,7.5,33.1,33.4,459.9,1
2019-04-20 08:00:00,23.4,95,22.5,26.9,1.1,100,81,25,19,0.08,0.15,155.2,17.2,138.0,38.6,746.9,1
2019-04-20 09:00:00,24.0,92,22.6,27.1,0.1,46,42,28,0,0.17,0.24,310.9,121.4,189.5,188.6,990.6,1
2019-04-20 10:00:00,25.4,81,22.0,28.0,0.1,100,100,12,2,0.33,0.61,548.3,338.9,209.4,422.5,1174.4,1
2019-04-20 11:00:00,26.3,80,22.6,29.6,0.2,100,100,3,1,0.39,0.68,627.0,286.0,341.1,313.7,1285.9,1
2019-04-20 12:00:00,27.1,78,22.9,31.2,0.0,47,46,4,1,0.45,0.8,669.5,305.1,364.5,316.2,1317.5,1
2019-04-20 13:00:00,26.9,78,22.8,31.3,0.0,36,27,29,4,0.44,0.78,632.0,349.2,282.8,364.6,1267.0,1
2019-04-20 14:00:00,26.8,79,22.8,31.2,0.8,74,71,31,14,0.43,0.76,595.9,403.9,192.0,453.2,1137.9,1
2019-04-20 15:00:00,26.3,79,22.5,30.3,0.3,63,48,25,38,0.29,0.71,362.5,197.9,164.6,257.2,939.0,1
2019-04-20 16:00:00,25.7,80,21.9,29.3,0.2,46,18,39,9,0.22,0.67,260.0,109.9,150.1,182.7,683.9,1
2019-04-20 17:00:00,25.2,82,21.9,29.1,0.0,42,8,25,25,0.14,0.58,143.2,65.1,78.1,163.6,390.0,1
2019-04-20 18:00:00,23.8,89,22.0,28.3,0.0,49,9,29,35,0.05,0.31,23.8,8.9,14.8,47.2,77.3,1
2019-04-20 19:00:00,23.7,87,21.4,28.0,0.0,82,10,6,80,0.02,0.37,0.0,0.0,0.0,0.0,0.0,0
2019-04-20 20:00:00,23.2,92,21.8,27.3,0.0,87,1,28,77,0.0,0.23,0.0,0.0,0.0,0.0,0.0,0
2019-04-20 21:00:00,22.7,95,21.8,26.8,0.0,96,6,54,95,0.0,0.14,0.0,0.0,0.0,0.0,0.0,0
2019-04-20 22:00:00,23.1,93,21.9,27.5,0.2,98,0,94,76,0.0,0.19,0.0,0.0,0.0,0.0,0.0,0
2019-04-20 23:00:00,22.3,97,21.7,26.6,0.2,97,6,96,29,0.0,0.09,0.0,0.0,0.0,0.0,0.0,0
2019-04-21 00:00:00,22.5,95,21.7,27.0,0.2,77,16,52,68,0.0,0.13,0.0,0.0,0.0,0.0,0.0,0
2019-04-21 01:00:00,22.0,97,21.5,26.5,0.3,74,63,42,54,0.0,0.09,0.0,0.0,0.0,0.0,0.0,0
2019-04-21 02:00:00,21.7,98,21.4,26.0,0.3,61,12,40,44,0.0,0.06,0.0,0.0,0.0,0.0,0.0,0
2019-04-21 03:00:00,21.9,98,21.5,26.2,0.0,70,45,44,43,0.0,0.06,0.0,0.0,0.0,0.0,0.0,0
2019-04-21 04:00:00,21.1,99,20.9,25.3,0.1,77,35,51,50,0.0,0.02,0.0,0.0,0.0,0.0,0.0,0
2019-04-21 05:00:00,21.3,98,21.1,25.6,0.2,70,28,52,49,0.0,0.04,0.0,0.0,0.0,0.0,0.0,0
2019-04-21 06:00:00,21.7,98,21.4,26.1,0.2,92,35,87,30,0.01,0.06,13.8,2.3,11.5,13.1,153.7,1
2019-04-21 07:00:00,22.6,95,21.7,27.1,0.1,52,11,32,33,0.04,0.14,88.3,22.4,65.8,98.2,463.8,1
2019-04-21 08:00:00,22.2,94,21.3,26.4,0.1,61,0,100,38,0.13,0.15,244.8,93.5,151.3,207.8,750.1,1
2019-04-21 09:00:00,23.4,88,21.3,27.6,1.8,100,3,100,14,0.09,0.35,131.5,10.2,121.3,15.8,993.1,1
2019-04-21 10:00:00,25.2,83,22.1,29.7,0.3,26,18,13,9,0.28,0.54,436.9,209.3,227.6,260.2,1176.4,1
2019-04-21 11:00:00,27.0,76,22.4,31.8,0.0,49,46,16,1,0.44,0.87,651.8,393.0,258.9,430.2,1287.4,1
2019-04-21 12:00:00,28.1,73,22.9,33.2,0.1,84,84,21,13,0.49,1.01,684.5,455.0,229.5,470.9,1318.6,1
2019-04-21 13:00:00,26.4,81,22.9,30.0,1.7,56,45,47,2,0.37,0.65,527.6,278.0,249.7,289.8,1267.9,1
2019-04-21 14:00:00,26.7,85,23.9,31.5,0.2,100,100,9,1,0.34,0.54,467.0,192.1,274.9,215.2,1138.7,1
2019-04-21 15:00:00,26.7,87,24.4,31.6,0.2,93,92,12,7,0.36,0.45,490.4,289.7,200.6,375.9,940.0,1
2019-04-21 16:00:00,26.4,87,24.0,30.9,0.2,100,100,9,8,0.24,0.46,302.9,178.7,124.2,296.7,685.2,1
2019-04-21 17:00:00,25.4,88,23.3,29.9,0.5,100,100,29,39,0.11,0.38,107.9,32.6,75.3,81.7,391.7,1
2019-04-21 18:00:00,24.8,91,23.3,29.7,0.4,87,80,33,64,0.03,0.28,9.8,1.3,8.4,7.1,79.6,1
2019-04-21 19:00:00,24.2,94,23.1,28.8,0.1,69,31,24,56,0.02,0.19,0.0,0.0,0.0,0.0,0.0,0
2019-04-21 20:00:00,23.7,95,22.9,28.4,0.2,60,12,45,39,0.0,0.14,0.0,0.0,0.0,0.0,0.0,0
2019-04-21 21:00:00,23.6,96,22.9,28.6,1.2,52,16,24,43,0.0,0.13,0.0,0.0,0.0,0.0,0.0,0
2019-04-21 22:00:00,23.4,96,22.7,28.5,0.2,62,34,49,36,0.0,0.12,0.0,0.0,0.0,0.0,0.0,0
2019-04-21 23:00:00,23.5,94,22.5,28.3,1.0,95,27,93,47,0.0,0.16,0.0,0.0,0.0,0.0,0.0,0
2019-04-22 00:00:00,23.4,95,22.5,28.3,0.6,58,8,44,35,0.0,0.14,0.0,0.0,0.0,0.0,0.0,0
2019-04-22 01:00:00,23.3,93,22.1,28.0,0.2,87,5,41,81,0.0,0.2,0.0,0.0,0.0,0.0,0.0,0
2019-04-22 02:00:00,22.4,96,21.7,26.9,0.0,57,3,32,45,0.0,0.11,0.0,0.0,0.0,0.0,0.0,0
2019-04-22 03:00:00,22.1,96,21.3,26.3,0.0,18,1,11,11,0.0,0.12,0.0,0.0,0.0,0.0,0.0,0
2019-04-22 04:00:00,21.9,95,21.1,26.1,0.0,97,7,8,97,0.0,0.13,0.0,0.0,0.0,0.0,0.0,0
2019-04-22 05:00:00,22.1,95,21.2,26.1,0.0,89,8,10,87,0.0,0.14,0.0,0.0,0.0,0.0,0.0,0
2019-04-22 06:00:00,22.5,94,21.5,26.5,0.0,91,3,6,91,0.01,0.15,25.2,2.3,22.9,13.0,158.0,1
2019-04-22 07:00:00,24.7,88,22.6,29.3,0.0,14,6,5,9,0.08,0.37,195.1,90.8,104.2,392.0,467.5,1
2019-04-22 08:00:00,27.0,83,23.8,32.4,0.0,59,8,10,42,0.22,0.62,395.5,249.3,146.2,550.9,753.1,1
2019-04-22 09:00:00,28.6,69,22.3,33.6,0.0,19,7,17,3,0.35,1.23,554.0,377.3,176.7,581.7,995.6,1
2019-04-22 10:00:00,29.5,66,22.5,34.2,0.0,13,8,12,0,0.46,1.39,661.1,482.1,179.0,597.9,1178.3,1
2019-04-22 11:00:00,29.9,67,23.0,35.0,0.1,32,29,20,1,0.52,1.41,723.4,516.6,206.8,564.4,1288.8,1
2019-04-22 12:00:00,30.3,69,24.0,36.5,0.3,35,28,24,9,0.55,1.34,734.8,506.3,228.5,523.2,1319.7,1
2019-04-22 13:00:00,29.6,73,24.2,35.4,4.3,35,18,9,28,0.53,1.14,715.8,505.2,210.6,526.1,1268.8,1
2019-04-22 14:00:00,28.5,77,24.1,33.2,3.4,75,58,39,47,0.34,0.89,436.8,221.2,215.6,247.6,1139.6,1
2019-04-22 15:00:00,27.0,84,24.1,32.2,1.6,71,34,12,64,0.28,0.56,352.8,157.5,195.3,204.1,941.0,1
2019-04-22 16:00:00,27.1,84,24.1,32.1,1.2,88,51,21,80,0.24,0.59,290.5,157.8,132.6,261.5,686.5,1
2019-04-22 17:00:00,25.7,87,23.5,30.7,3.1,97,66,42,95,0.11,0.42,108.1,30.5,77.6,76.1,393.4,1
2019-04-22 18:00:00,25.0,92,23.6,30.3,0.5,99,72,29,99,0.04,0.26,16.8,2.7,14.1,14.6,81.8,1
2019-04-22 19:00:00,24.5,92,23.2,29.2,0.2,98,83,22,96,0.02,0.23,0.0,0.0,0.0,0.0,0.0,0
2019-04-22 20:00:00,23.9,96,23.1,29.0,0.0,97,96,35,99,0.0,0.13,0.0,0.0,0.0,0.0,0.0,0
2019-04-22 21:00:00,23.8,95,23.0,28.7,0.5,99,97,22,98,0.0,0.14,0.0,0.0,0.0,0.0,0.0,0
2019-04-22 22:00:00,23.7,96,22.9,28.9,0.3,99,86,28,97,0.0,0.13,0.0,0.0,0.0,0.0,0.0,0
2019-04-22 23:00:00,23.9,94,22.8,29.2,0.1,97,50,20,96,0.0,0.19,0.0,0.0,0.0,0.0,0.0,0
2019-04-23 00:00:00,23.5,94,22.5,28.4,0.0,93,19,2,91,0.0,0.16,0.0,0.0,0.0,0.0,0.0,0
2019-04-23 01:00:00,23.1,95,22.2,27.5,0.0,94,2,38,95,0.0,0.14,0.0,0.0,0.0,0.0,0.0,0
2019-04-23 02:00:00,23.2,94,22.2,27.4,0.0,100,0,26,100,0.0,0.17,0.0,0.0,0.0,0.0,0.0,0
2019-04-23 03:00:00,23.0,95,22.1,27.4,0.0,26,7,7,21,0.0,0.15,0.0,0.0,0.0,0.0,0.0,0
2019-04-23 04:00:00,23.2,93,22.0,27.8,0.0,19,15,12,3,0.0,0.19,0.0,0.0,0.0,0.0,0.0,0
2019-04-23 05:00:00,23.1,94,22.0,27.6,0.0,26,14,12,11,0.0,0.18,0.0,0.0,0.0,0.0,0.0,0
2019-04-23 06:00:00,22.7,96,22.1,27.4,0.0,15,15,1,1,0.01,0.1,25.1,4.6,20.5,25.9,162.3,1
2019-04-23 07:00:00,24.2,93,23.0,29.3,0.0,20,20,0,0,0.08,0.21,189.7,91.9,97.8,391.4,471.1,1
2019-04-23 08:00:00,25.7,85,23.0,31.1,0.0,11,7,0,0,0.22,0.48,394.9,246.5,148.4,541.5,756.1,1
2019-04-23 09:00:00,27.0,82,23.6,31.9,0.0,4,4,0,0,0.36,0.64,600.1,431.4,168.7,662.7,998.0,1
2019-04-23 10:00:00,28.1,78,24.0,33.9,0.0,17,17,0,0,0.47,0.83,732.0,543.4,188.7,672.2,1180.1,1
2019-04-23 11:00:00,29.8,71,24.0,35.8,0.0,36,36,0,0,0.59,1.21,854.2,664.0,190.2,724.2,1290.2,1
2019-04-23 12:00:00,31.0,65,23.7,36.6,0.0,31,31,2,0,0.62,1.56,845.4,626.0,219.4,646.0,1320.7,1
2019-04-23 13:00:00,30.8,66,23.8,36.4,0.0,18,14,12,2,0.58,1.51,761.6,579.3,182.4,602.5,1269.6,1
2019-04-23 14:00:00,30.7,68,24.0,36.2,0.6,29,24,11,7,0.51,1.44,632.7,453.8,178.9,507.3,1140.4,1
2019-04-23 15:00:00,30.3,70,24.2,35.4,0.8,40,32,7,18,0.45,1.3,532.9,375.3,157.5,485.7,941.9,1
2019-04-23 16:00:00,29.5,75,24.6,34.5,0.3,38,27,1,25,0.32,1.03,356.1,225.9,130.2,373.6,687.7,1
2019-04-23 17:00:00,28.4,78,24.2,33.5,0.0,58,39,1,40,0.18,0.85,167.1,93.0,74.1,231.5,395.1,1
2019-04-23 18:00:00,27.0,82,23.6,31.9,0.0,90,87,2,33,0.06,0.65,23.4,7.0,16.4,37.2,84.1,1
2019-04-23 19:00:00,26.2,83,23.0,30.8,0.0,64,41,2,40,0.03,0.58,0.0,0.0,0.0,0.0,0.0,0
2019-04-23 20:00:00,25.4,91,23.9,30.8,0.0,42,30,0,27,0.0,0.29,0.0,0.0,0.0,0.0,0.0,0
2019-04-23 21:00:00,25.4,92,24.0,31.0,0.0,68,16,1,65,0.0,0.25,0.0,0.0,0.0,0.0,0.0,0
2019-04-23 22:00:00,25.0,91,23.5,30.2,0.0,88,8,0,87,0.0,0.28,0.0,0.0,0.0,0.0,0.0,0
2019-04-23 23:00:00,24.1,94,23.1,29.0,0.0,88,5,0,87,0.0,0.18,0.0,0.0,0.0,0.0,0.0,0
2019-04-24 00:00:00,23.7,95,22.8,28.5,0.0,75,5,0,74,0.0,0.15,0.0,0.0,0.0,0.0,0.0,0
2019-04-24 01:00:00,23.2,95,22.4,27.8,0.0,91,3,0,91,0.0,0.13,0.0,0.0,0.0,0.0,0.0,0
2019-04-24 02:00:00,22.9,96,22.2,27.4,0.0,43,3,0,41,0.0,0.11,0.0,0.0,0.0,0.0,0.0,0
2019-04-24 03:00:00,23.1,94,22.1,27.6,0.0,4,3,0,0,0.0,0.17,0.0,0.0,0.0,0.0,0.0,0
2019-04-24 04:00:00,23.3,93,22.1,28.0,0.0,3,2,0,0,0.0,0.2,0.0,0.0,0.0,0.0,0.0,0
2019-04-24 05:00:00,22.1,96,21.5,26.2,0.0,2,2,0,0,0.0,0.1,0.0,0.0,0.0,0.0,0.0,0
2019-04-24 06:00:00,23.2,96,22.5,28.2,0.0,4,4,0,0,0.01,0.13,29.5,6.8,22.7,38.6,166.4,1
2019-04-24 07:00:00,24.9,91,23.3,30.4,0.0,8,8,0,0,0.09,0.29,205.1,107.7,97.4,453.1,474.6,1
2019-04-24 08:00:00,26.7,79,22.7,31.8,0.0,6,4,0,0,0.23,0.75,412.8,276.8,136.0,604.6,759.0,1
2019-04-24 09:00:00,27.9,75,23.1,32.8,0.0,1,1,0,0,0.39,0.94,623.4,468.4,155.0,717.2,1000.2,1
2019-04-24 10:00:00,29.0,73,23.6,35.1,0.0,0,0,0,0,0.52,1.1,781.3,608.9,172.4,751.5,1181.8,1
2019-04-24 11:00:00,30.3,68,23.8,36.5,0.0,2,2,0,0,0.61,1.38,873.7,689.9,183.9,751.1,1291.4,1
2019-04-24 12:00:00,31.1,64,23.6,36.4,0.0,55,55,0,0,0.62,1.6,842.3,654.1,188.2,674.1,1321.7,1
2019-04-24 13:00:00,31.4,65,24.2,37.3,0.0,17,17,0,0,0.6,1.59,777.2,567.5,209.7,589.6,1270.4,1
2019-04-24 14:00:00,31.8,65,24.4,37.8,0.0,52,52,0,0,0.55,1.65,667.6,464.2,203.4,518.3,1141.2,1
2019-04-24 15:00:00,31.3,67,24.5,36.5,0.0,100,100,0,1,0.38,1.5,425.8,226.0,199.9,292.0,942.9,1
2019-04-24 16:00:00,30.2,75,25.3,36.1,0.1,28,27,0,2,0.31,1.08,340.3,207.6,132.8,342.6,689.0,1
2019-04-24 17:00:00,29.3,78,25.2,35.4,0.1,55,55,0,0,0.19,0.88,182.7,104.8,77.9,260.0,396.8,1
2019-04-24 18:00:00,27.7,88,25.5,34.4,0.0,37,37,0,0,0.06,0.46,27.4,11.4,16.0,60.7,86.4,1
2019-04-24 19:00:00,26.0,94,24.9,32.0,0.0,100,100,0,36,0.02,0.2,0.0,0.0,0.0,0.0,0.0,0
2019-04-24 20:00:00,25.4,89,23.4,30.3,0.0,79,12,0,30,0.0,0.37,0.0,0.0,0.0,0.0,0.0,0
2019-04-24 21:00:00,24.7,92,23.4,29.7,0.0,20,3,0,18,0.0,0.23,0.0,0.0,0.0,0.0,0.0,0
2019-04-24 22:00:00,24.3,93,23.1,29.3,0.0,5,3,0,3,0.0,0.22,0.0,0.0,0.0,0.0,0.0,0
2019-04-24 23:00:00,23.5,95,22.6,28.0,0.0,3,3,0,0,0.0,0.15,0.0,0.0,0.0,0.0,0.0,0
2019-04-25 00:00:00,22.7,97,22.2,27.1,0.0,4,3,0,1,0.0,0.09,0.0,0.0,0.0,0.0,0.0,0
2019-04-25 01:00:00,22.4,98,22.0,26.6,0.0,10,4,0,6,0.0,0.07,0.0,0.0,0.0,0.0,0.0,0
2019-04-25 02:00:00,23.0,95,22.2,27.6,0.0,6,4,0,3,0.0,0.13,0.0,0.0,0.0,0.0,0.0,0
2019-04-25 03:00:00,22.4,98,22.0,26.8,0.0,34,33,0,1,0.0,0.06,0.0,0.0,0.0,0.0,0.0,0
2019-04-25 04:00:00,22.5,98,22.1,26.8,0.0,22,22,0,0,0.0,0.07,0.0,0.0,0.0,0.0,0.0,0
2019-04-25 05:00:00,22.7,92,21.3,26.0,0.0,19,19,0,0,0.0,0.23,0.0,0.0,0.0,0.0,0.0,0
2019-04-25 06:00:00,22.5,92,21.2,26.0,0.0,8,8,0,0,0.02,0.21,27.2,6.8,20.4,38.3,170.5,1
2019-04-25 07:00:00,23.9,89,21.9,27.8,0.0,7,7,0,0,0.09,0.33,201.2,104.3,96.9,433.5,478.1,1
2019-04-25 08:00:00,24.8,85,22.1,28.6,0.0,6,30,0,0,0.22,0.47,419.5,282.5,137.0,613.7,761.8,1
2019-04-25 09:00:00,26.3,78,22.3,30.5,0.0,24,24,0,0,0.35,0.74,586.9,417.2,169.6,636.7,1002.4,1
2019-04-25 10:00:00,28.1,72,22.5,33.5,0.0,19,18,0,0,0.48,1.08,718.6,515.0,203.6,634.1,1183.5,1
2019-04-25 11:00:00,29.6,67,22.9,35.7,0.0,56,7,0,53,0.56,1.37,786.3,525.6,260.7,571.3,1292.6,1
2019-04-25 12:00:00,30.6,63,22.7,37.5,0.0,42,12,0,35,0.65,1.64,876.4,664.1,212.3,683.4,1322.5,1
2019-04-25 13:00:00,31.0,62,23.0,37.5,0.0,54,4,1,52,0.64,1.68,830.8,626.0,204.8,649.6,1271.1,1
2019-04-25 14:00:00,31.2,62,23.2,37.7,0.0,60,60,0,0,0.59,1.71,732.6,533.9,198.7,595.5,1141.9,1
2019-04-25 15:00:00,31.0,62,22.8,35.8,0.0,77,77,0,0,0.46,1.73,537.6,392.6,145.0,506.6,943.8,1
2019-04-25 16:00:00,29.7,69,23.5,34.5,0.1,62,60,0,7,0.31,1.27,343.9,195.1,148.8,321.3,690.2,1
2019-04-25 17:00:00,28.7,73,23.4,33.7,0.0,32,12,4,23,0.19,1.07,185.1,110.1,75.1,272.2,398.5,1
2019-04-25 18:00:00,27.0,83,23.9,32.4,0.0,24,18,1,8,0.06,0.61,29.4,10.2,19.2,54.1,88.6,1
2019-04-25 19:00:00,25.2,91,23.6,30.5,0.0,18,15,5,0,0.02,0.3,0.0,0.0,0.0,0.0,0.0,0
2019-04-25 20:00:00,24.8,91,23.1,29.8,0.0,8,12,3,0,0.0,0.3,0.0,0.0,0.0,0.0,0.0,0
2019-04-25 21:00:00,25.5,87,23.1,30.0,0.0,46,11,33,19,0.0,0.44,0.0,0.0,0.0,0.0,0.0,0
2019-04-25 22:00:00,24.9,91,23.2,29.4,0.2,67,55,11,34,0.0,0.3,0.0,0.0,0.0,0.0,0.0,0
2019-04-25 23:00:00,24.9,90,23.2,29.7,0.1,73,64,12,23,0.0,0.31,0.0,0.0,0.0,0.0,0.0,0
2019-04-26 00:00:00,24.6,91,23.0,29.7,0.1,84,80,8,24,0.0,0.28,0.0,0.0,0.0,0.0,0.0,0
2019-04-26 01:00:00,24.4,93,23.2,29.9,0.0,88,86,10,12,0.0,0.21,0.0,0.0,0.0,0.0,0.0,0
2019-04-26 02:00:00,23.9,94,22.9,29.1,0.0,61,59,10,1,0.0,0.17,0.0,0.0,0.0,0.0,0.0,0
2019-04-26 03:00:00,23.5,96,22.8,28.4,0.0,47,45,6,0,0.0,0.11,0.0,0.0,0.0,0.0,0.0,0
2019-04-26 04:00:00,23.2,97,22.7,27.9,0.0,52,39,5,43,0.0,0.09,0.0,0.0,0.0,0.0,0.0,0
2019-04-26 05:00:00,23.2,96,22.5,27.8,0.0,59,55,6,8,0.0,0.12,0.0,0.0,0.0,0.0,0.0,0
2019-04-26 06:00:00,23.4,94,22.5,27.4,0.0,21,19,4,0,0.02,0.16,18.1,0.0,18.1,0.0,174.4,1
2019-04-26 07:00:00,24.3,89,22.5,27.8,0.0,34,29,7,6,0.08,0.32,171.1,71.7,99.5,294.5,481.4,1
2019-04-26 08:00:00,25.7,83,22.5,28.9,0.0,56,40,11,19,0.2,0.57,354.3,194.2,160.0,419.6,764.5,1
2019-04-26 09:00:00,26.6,79,22.7,29.9,0.0,49,42,14,29,0.3,0.73,488.2,274.6,213.6,417.7,1004.5,1
2019-04-26 10:00:00,26.9,76,22.3,29.3,0.0,75,5,11,72,0.38,0.85,594.5,306.9,287.5,377.1,1185.0,1
2019-04-26 11:00:00,27.1,72,21.7,29.4,0.0,74,9,8,71,0.43,1.0,653.2,284.6,368.7,308.8,1293.8,1
2019-04-26 12:00:00,27.8,70,21.8,31.0,0.0,61,44,7,36,0.52,1.12,756.6,484.9,271.6,498.4,1323.4,1
2019-04-26 13:00:00,27.8,71,22.1,31.1,0.0,96,96,14,4,0.5,1.08,706.9,371.5,335.4,385.1,1271.8,1
2019-04-26 14:00:00,27.2,73,22.0,29.9,0.0,34,26,17,9,0.41,0.97,561.2,275.0,286.3,306.3,1142.7,1
2019-04-26 15:00:00,27.5,72,22.0,30.2,0.0,49,47,15,10,0.39,1.03,495.4,288.2,207.1,371.4,944.7,1
2019-04-26 16:00:00,27.0,73,21.8,29.7,0.0,76,73,7,57,0.26,0.95,285.2,122.0,163.2,200.6,691.5,1
2019-04-26 17:00:00,25.9,76,21.5,28.6,0.0,100,35,13,100,0.16,0.79,143.1,54.0,89.1,133.2,400.3,1
2019-04-26 18:00:00,25.0,79,21.1,27.9,0.0,100,37,6,100,0.08,0.67,22.1,1.8,20.3,9.8,90.9,1
2019-04-26 19:00:00,24.6,83,21.4,27.6,0.0,98,42,3,97,0.05,0.54,0.0,0.0,0.0,0.0,0.0,0
2019-04-26 20:00:00,24.1,86,21.7,27.1,0.0,99,40,8,100,0.01,0.41,0.0,0.0,0.0,0.0,0.0,0
2019-04-26 21:00:00,24.4,86,21.9,27.3,0.0,100,70,64,100,0.02,0.43,0.0,0.0,0.0,0.0,0.0,0
2019-04-26 22:00:00,24.2,87,22.0,27.1,0.0,99,73,63,99,0.02,0.38,0.0,0.0,0.0,0.0,0.0,0
2019-04-26 23:00:00,23.8,89,22.0,26.6,0.2,100,41,100,100,0.01,0.31,0.0,0.0,0.0,0.0,0.0,0
2019-04-27 00:00:00,23.4,91,21.8,26.0,0.2,98,24,92,94,0.01,0.27,0.0,0.0,0.0,0.0,0.0,0
2019-04-27 01:00:00,23.1,92,21.7,25.9,0.2,86,14,68,69,0.0,0.22,0.0,0.0,0.0,0.0,0.0,0
2019-04-27 02:00:00,22.8,92,21.3,25.1,0.2,88,80,32,71,0.01,0.23,0.0,0.0,0.0,0.0,0.0,0
2019-04-27 03:00:00,22.4,90,20.6,24.1,0.2,98,96,13,42,0.01,0.28,0.0,0.0,0.0,0.0,0.0,0
2019-04-27 04:00:00,22.2,90,20.5,23.9,0.2,74,23,29,65,0.01,0.26,0.0,0.0,0.0,0.0,0.0,0
2019-04-27 05:00:00,22.1,90,20.4,23.7,0.1,97,10,35,97,0.01,0.27,0.0,0.0,0.0,0.0,0.0,0
2019-04-27 06:00:00,22.1,90,20.4,23.8,0.1,91,83,24,74,0.04,0.26,18.0,0.0,18.0,0.0,178.2,1
2019-04-27 07:00:00,22.3,89,20.3,23.6,0.1,71,18,23,64,0.06,0.3,87.4,8.7,78.7,35.5,484.6,1
2019-04-27 08:00:00,22.9,88,20.7,24.5,0.1,57,0,4,77,0.13,0.34,224.5,29.3,195.2,62.9,767.1,1
2019-04-27 09:00:00,23.9,82,20.6,24.4,0.1,65,44,2,58,0.24,0.53,433.7,158.1,275.6,239.8,1006.5,1
2019-04-27 10:00:00,24.2,81,20.7,24.9,0.1,99,88,0,96,0.28,0.58,482.3,190.6,291.8,233.7,1186.5,1
2019-04-27 11:00:00,24.8,77,20.6,25.5,0.0,55,11,20,42,0.36,0.71,598.1,172.4,425.7,186.8,1294.8,1
2019-04-27 12:00:00,25.1,77,20.7,26.1,0.0,98,93,21,94,0.4,0.75,652.9,231.4,421.5,237.5,1324.1,1
2019-04-27 13:00:00,24.4,78,20.3,24.8,0.1,100,100,16,98,0.31,0.68,459.3,119.9,339.3,124.2,1272.5,1
2019-04-27 14:00:00,24.7,75,20.0,25.0,0.0,100,100,37,97,0.3,0.78,416.2,99.8,316.4,111.1,1143.3,1
2019-04-27 15:00:00,24.2,79,20.4,25.4,0.0,100,100,54,98,0.2,0.63,230.6,19.8,210.8,25.5,945.6,1
2019-04-27 16:00:00,23.7,82,20.5,25.0,0.0,87,2,41,82,0.14,0.52,137.2,5.9,131.3,9.7,692.7,1
2019-04-27 17:00:00,23.6,84,20.7,25.0,0.0,49,2,10,45,0.12,0.46,113.3,33.6,79.7,82.7,402.0,1
2019-04-27 18:00:00,23.4,84,20.6,25.0,0.0,82,2,10,80,0.08,0.46,31.9,9.4,22.5,50.1,93.2,1
2019-04-27 19:00:00,22.9,87,20.5,24.6,0.0,98,6,15,98,0.04,0.37,0.0,0.0,0.0,0.0,0.0,0
2019-04-27 20:00:00,23.6,85,21.0,26.4,0.0,95,10,99,92,0.01,0.43,0.0,0.0,0.0,0.0,0.0,0
2019-04-27 21:00:00,23.3,87,21.0,26.1,0.3,97,61,74,95,0.01,0.37,0.0,0.0,0.0,0.0,0.0,0
2019-04-27 22:00:00,22.5,93,21.3,25.3,1.8,100,92,51,99,0.0,0.2,0.0,0.0,0.0,0.0,0.0,0
2019-04-27 23:00:00,22.4,95,21.5,25.2,1.2,99,0,29,98,0.0,0.14,0.0,0.0,0.0,0.0,0.0,0
2019-04-28 00:00:00,22.6,95,21.8,25.7,0.1,97,37,16,96,0.0,0.14,0.0,0.0,0.0,0.0,0.0,0
2019-04-28 01:00:00,22.5,95,21.7,24.9,1.8,82,29,36,75,0.0,0.14,0.0,0.0,0.0,0.0,0.0,0
2019-04-28 02:00:00,23.0,92,21.7,25.7,0.3,79,0,43,69,0.0,0.21,0.0,0.0,0.0,0.0,0.0,0
2019-04-28 03:00:00,23.0,91,21.5,25.8,0.0,72,0,6,71,0.0,0.25,0.0,0.0,0.0,0.0,0.0,0
2019-04-28 04:00:00,22.6,92,21.3,25.9,0.0,83,0,0,83,0.0,0.22,0.0,0.0,0.0,0.0,0.0,0
2019-04-28 05:00:00,22.2,93,21.0,25.8,0.0,97,0,0,97,0.0,0.19,0.0,0.0,0.0,0.0,0.0,0
2019-04-28 06:00:00,22.9,91,21.4,27.1,0.0,85,0,1,85,0.02,0.25,33.7,4.5,29.2,25.1,181.9,1
2019-04-28 07:00:00,23.9,90,22.2,28.5,0.0,76,0,0,76,0.09,0.3,209.0,88.5,120.5,355.9,487.7,1
2019-04-28 08:00:00,26.4,78,22.4,31.5,0.0,31,0,1,69,0.23,0.74,422.9,268.1,154.8,573.4,769.5,1
2019-04-28 09:00:00,27.5,75,22.7,31.4,0.0,89,0,1,89,0.36,0.91,579.1,378.1,200.9,571.7,1008.3,1
2019-04-28 10:00:00,27.9,73,22.7,31.9,0.0,74,8,11,71,0.44,1.0,672.7,414.4,258.3,507.1,1187.8,1
2019-04-28 11:00:00,28.0,73,22.7,32.4,1.6,72,66,24,50,0.47,1.02,688.3,337.4,350.9,365.1,1295.8,1
2019-04-28 12:00:00,26.5,82,23.1,30.6,3.3,82,80,22,39,0.4,0.64,596.5,337.0,259.5,345.5,1324.8,1
2019-04-28 13:00:00,26.6,80,22.8,30.4,3.0,49,45,14,29,0.36,0.71,504.1,295.4,208.7,305.6,1273.1,1
2019-04-28 14:00:00,26.7,80,23.0,30.7,0.3,62,57,22,11,0.39,0.68,547.2,331.5,215.7,368.6,1144.0,1
2019-04-28 15:00:00,26.7,80,23.0,30.5,0.4,100,100,32,12,0.34,0.69,444.2,287.4,156.8,369.5,946.5,1
2019-04-28 16:00:00,26.0,84,23.0,30.1,0.0,78,71,28,10,0.22,0.54,264.4,136.4,128.0,223.5,694.0,1
2019-04-28 17:00:00,25.7,85,23.0,30.0,0.0,48,36,24,2,0.17,0.5,180.9,86.4,94.5,211.7,403.7,1
2019-04-28 18:00:00,24.4,91,22.8,29.2,0.0,26,4,24,0,0.06,0.29,32.4,14.1,18.3,75.4,95.4,1
2019-04-28 19:00:00,23.2,94,22.3,27.6,0.0,18,5,13,4,0.02,0.16,0.0,0.0,0.0,0.0,0.0,0
2019-04-28 20:00:00,23.0,94,21.9,26.9,0.0,21,0,0,2,0.0,0.17,0.0,0.0,0.0,0.0,0.0,0
2019-04-28 21:00:00,23.1,93,21.9,27.3,0.0,1,0,0,0,0.0,0.2,0.0,0.0,0.0,0.0,0.0,0
2019-04-28 22:00:00,22.6,95,21.7,26.7,0.0,0,0,0,0,0.0,0.14,0.0,0.0,0.0,0.0,0.0,0
2019-04-28 23:00:00,22.1,95,21.3,26.0,0.0,0,0,0,0,0.0,0.13,0.0,0.0,0.0,0.0,0.0,0
2019-04-29 00:00:00,21.9,96,21.2,25.8,0.0,0,0,0,0,0.0,0.12,0.0,0.0,0.0,0.0,0.0,0
2019-04-29 01:00:00,21.9,96,21.3,25.5,0.0,16,16,0,0,0.0,0.09,0.0,0.0,0.0,0.0,0.0,0
2019-04-29 02:00:00,21.6,98,21.3,25.3,0.0,48,48,0,0,0.0,0.05,0.0,0.0,0.0,0.0,0.0,0
2019-04-29 03:00:00,21.4,99,21.3,25.3,0.0,56,56,0,0,0.0,0.02,0.0,0.0,0.0,0.0,0.0,0
2019-04-29 04:00:00,20.5,100,20.5,24.1,0.0,100,100,5,0,0.0,0.0,0.0,0.0,0.0,0.0,0.0,0
2019-04-29 05:00:00,21.3,100,21.3,25.5,0.0,100,100,8,0,0.0,0.0,0.0,0.0,0.0,0.0,0.0,0
2019-04-29 06:00:00,21.5,100,21.4,25.8,0.0,100,100,5,0,0.01,0.01,33.6,9.0,24.6,49.8,185.5,1
2019-04-29 07:00:00,23.0,92,21.6,27.3,0.0,60,60,1,0,0.08,0.23,188.0,89.7,98.3,356.8,490.6,1
2019-04-29 08:00:00,24.7,82,21.5,28.9,0.0,17,1,0,0,0.22,0.56,417.5,270.2,147.3,575.3,771.9,1
2019-04-29 09:00:00,26.5,77,22.2,31.3,0.0,0,0,0,0,0.39,0.8,644.2,489.6,154.6,738.2,1010.1,1
2019-04-29 10:00:00,28.2,72,22.7,34.0,0.0,1,0,0,0,0.53,1.07,800.5,634.8,165.7,775.4,1189.1,1
2019-04-29 11:00:00,29.5,67,22.7,35.6,0.0,16,3,6,12,0.61,1.37,881.2,707.9,173.3,764.9,1296.7,1
2019-04-29 12:00:00,29.9,65,22.7,35.4,0.0,16,8,14,2,0.59,1.46,802.6,601.5,201.2,616.1,1325.5,1
2019-04-29 13:00:00,29.5,69,23.2,35.2,0.0,42,17,23,29,0.56,1.29,741.0,539.2,201.8,557.2,1273.6,1
2019-04-29 14:00:00,29.0,69,22.8,33.7,2.0,52,22,24,42,0.48,1.22,620.7,454.0,166.7,504.2,1144.6,1
2019-04-29 15:00:00,29.1,71,23.2,33.9,0.1,27,24,18,2,0.43,1.18,528.1,351.5,176.6,451.3,947.3,1
2019-04-29 16:00:00,28.9,71,23.0,33.5,0.1,31,30,6,1,0.33,1.17,374.9,257.0,117.9,420.3,695.2,1
2019-04-29 17:00:00,28.5,73,23.2,33.7,0.0,24,24,7,0,0.17,1.04,173.8,105.6,68.2,258.0,405.4,1
2019-04-29 18:00:00,28.2,70,22.2,33.1,0.0,29,20,0,14,0.06,1.16,33.3,14.3,19.0,76.6,97.7,1
2019-04-29 19:00:00,26.8,77,22.5,31.6,0.0,12,12,0,0,0.03,0.81,0.0,0.0,0.0,0.0,0.0,0
2019-04-29 20:00:00,24.9,91,23.3,29.7,0.0,14,28,0,4,0.0,0.29,0.0,0.0,0.0,0.0,0.0,0
2019-04-29 21:00:00,24.8,91,23.3,29.9,0.0,10,6,0,4,0.0,0.28,0.0,0.0,0.0,0.0,0.0,0
2019-04-29 22:00:00,24.1,94,23.1,29.1,0.0,9,3,8,0,0.0,0.18,0.0,0.0,0.0,0.0,0.0,0
2019-04-29 23:00:00,23.5,95,22.6,28.3,0.0,11,3,8,1,0.0,0.14,0.0,0.0,0.0,0.0,0.0,0
2019-04-30 00:00:00,24.6,90,22.8,29.8,0.0,10,8,4,0,0.0,0.31,0.0,0.0,0.0,0.0,0.0,0
2019-04-30 01:00:00,24.3,91,22.7,29.3,0.0,18,17,1,0,0.0,0.28,0.0,0.0,0.0,0.0,0.0,0
2019-04-30 02:00:00,24.0,91,22.5,28.9,0.0,17,17,0,0,0.0,0.27,0.0,0.0,0.0,0.0,0.0,0
2019-04-30 03:00:00,22.7,95,21.8,27.2,0.0,18,17,2,0,0.0,0.15,0.0,0.0,0.0,0.0,0.0,0
2019-04-30 04:00:00,22.2,96,21.5,26.5,0.0,18,13,4,4,0.0,0.11,0.0,0.0,0.0,0.0,0.0,0
2019-04-30 05:00:00,22.4,95,21.5,26.9,0.0,12,5,5,5,0.0,0.15,0.0,0.0,0.0,0.0,0.0,0
2019-04-30 06:00:00,23.6,93,22.3,28.6,0.0,18,4,4,11,0.01,0.21,35.8,8.9,26.8,49.5,189.0,1
2019-04-30 07:00:00,25.1,88,23.0,30.3,0.0,18,6,3,14,0.09,0.37,207.5,108.1,99.4,425.9,493.5,1
2019-04-30 08:00:00,26.6,81,23.2,31.7,0.0,28,5,5,0,0.23,0.65,414.6,274.8,139.8,582.3,774.1,1
2019-04-30 09:00:00,27.8,75,23.0,32.6,0.0,12,9,3,6,0.39,0.93,631.4,475.8,155.6,715.5,1011.8,1
2019-04-30 10:00:00,28.9,71,23.2,34.2,0.0,19,18,6,1,0.5,1.14,758.3,574.4,183.9,700.3,1190.3,1
2019-04-30 11:00:00,30.3,65,23.0,34.7,0.0,39,38,4,1,0.55,1.51,757.6,555.2,202.4,599.1,1297.5,1
2019-04-30 12:00:00,29.6,68,23.0,33.8,0.6,50,44,9,23,0.54,1.34,740.2,530.0,210.2,542.3,1326.1,1
2019-04-30 13:00:00,29.9,75,25.0,35.4,0.7,84,82,4,31,0.47,1.05,628.9,437.8,191.1,452.0,1274.1,1
2019-04-30 14:00:00,29.3,75,24.5,34.1,6.3,100,100,10,86,0.42,1.01,543.5,306.1,237.4,339.7,1145.3,1
2019-04-30 15:00:00,28.1,82,24.8,33.5,1.4,96,76,15,88,0.21,0.67,238.9,65.8,173.1,84.4,948.2,1
2019-04-30 16:00:00,26.4,89,24.5,31.8,3.8,100,100,29,82,0.16,0.37,181.2,58.2,123.1,95.0,696.4,1
2019-04-30 17:00:00,25.1,95,24.2,30.0,4.6,97,90,17,94,0.06,0.16,54.4,3.7,50.7,8.9,407.1,1
2019-04-30 18:00:00,24.3,96,23.5,29.0,4.4,100,100,66,97,0.03,0.13,7.1,0.0,7.1,0.0,100.0,1
2019-04-30 19:00:00,24.3,94,23.3,29.0,0.9,97,82,34,95,0.02,0.17,0.0,0.0,0.0,0.0,0.0,0
2019-04-30 20:00:00,24.0,92,22.6,27.9,0.7,99,100,39,98,0.0,0.23,0.0,0.0,0.0,0.0,0.0,0
2019-04-30 21:00:00,24.0,93,22.8,29.0,0.3,100,100,48,100,0.0,0.21,0.0,0.0,0.0,0.0,0.0,0
2019-04-30 22:00:00,23.8,93,22.5,27.9,0.1,100,22,10,100,0.0,0.21,0.0,0.0,0.0,0.0,0.0,0
2019-04-30 23:00:00,23.1,96,22.4,27.4,0.1,95,16,52,92,0.0,0.11,0.0,0.0,0.0,0.0,0.0,0
2019-05-01 00:00:00,22.8,98,22.4,27.2,0.1,97,12,30,97,0.0,0.07,0.0,0.0,0.0,0.0,0.0,0
2019-05-01 01:00:00,22.6,98,22.3,26.8,0.2,97,7,22,96,0.0,0.05,0.0,0.0,0.0,0.0,0.0,0
2019-05-01 02:00:00,22.5,98,22.2,26.2,0.3,95,12,37,93,0.0,0.05,0.0,0.0,0.0,0.0,0.0,0
2019-05-01 03:00:00,22.7,95,21.8,26.6,0.4,96,1,90,94,0.0,0.14,0.0,0.0,0.0,0.0,0.0,0
2019-05-01 04:00:00,22.8,94,21.7,26.7,0.5,100,8,100,45,0.0,0.17,0.0,0.0,0.0,0.0,0.0,0
2019-05-01 05:00:00,22.5,95,21.7,26.3,0.6,97,24,93,91,0.0,0.14,0.0,0.0,0.0,0.0,0.0,0
2019-05-01 06:00:00,21.8,95,20.9,23.9,5.1,100,100,100,54,0.02,0.14,11.2,0.0,11.2,0.0,192.4,1
2019-05-01 07:00:00,20.6,90,18.9,23.4,5.3,100,37,100,31,0.03,0.24,31.6,0.0,31.6,0.0,496.3,1
2019-05-01 08:00:00,21.2,90,19.5,24.2,2.3,85,47,99,44,0.07,0.25,103.2,2.4,100.8,5.1,776.3,1
2019-05-01 09:00:00,21.2,85,18.6,23.1,2.8,93,89,89,40,0.11,0.37,170.2,10.1,160.0,15.2,1013.4,1
2019-05-01 10:00:00,21.4,82,18.1,22.5,1.1,100,93,100,50,0.2,0.47,324.8,78.5,246.3,95.5,1191.4,1
2019-05-01 11:00:00,21.0,85,18.3,22.4,2.0,92,18,91,2,0.19,0.38,296.8,27.0,269.8,29.1,1298.3,1
2019-05-01 12:00:00,21.2,81,17.9,22.8,0.4,98,96,97,2,0.19,0.47,279.6,40.2,239.3,41.1,1326.6,1
2019-05-01 13:00:00,21.8,80,18.1,23.4,0.4,97,93,89,0,0.28,0.53,418.3,138.5,279.8,142.8,1274.6,1
2019-05-01 14:00:00,21.6,78,17.5,22.9,0.6,98,92,98,0,0.25,0.57,356.1,100.8,255.3,111.7,1145.8,1
2019-05-01 15:00:00,21.0,78,17.1,22.6,0.7,100,11,100,0,0.14,0.54,173.1,23.4,149.7,30.0,949.0,1
2019-05-01 16:00:00,21.2,77,17.0,23.1,0.5,96,47,94,0,0.16,0.58,189.8,43.0,146.7,70.1,697.7,1
2019-05-01 17:00:00,21.0,78,17.1,22.7,0.2,100,100,100,0,0.1,0.54,100.1,25.0,75.1,60.7,408.9,1
2019-05-01 18:00:00,20.6,81,17.2,22.4,0.1,93,89,75,0,0.05,0.47,16.0,1.6,14.4,8.4,102.3,1
2019-05-01 19:00:00,20.2,76,15.8,21.3,0.0,97,11,97,0,0.04,0.57,0.0,0.0,0.0,0.0,0.0,0
2019-05-01 20:00:00,20.1,84,17.4,21.7,0.0,1,4,100,0,0.0,0.37,0.0,0.0,0.0,0.0,0.0,0
2019-05-01 21:00:00,20.4,81,17.1,21.5,0.0,98,2,98,0,0.01,0.45,0.0,0.0,0.0,0.0,0.0,0
2019-05-01 22:00:00,20.2,82,17.0,21.2,0.0,80,0,80,3,0.01,0.44,0.0,0.0,0.0,0.0,0.0,0
2019-05-01 23:00:00,19.4,84,16.7,20.4,0.0,39,0,23,30,0.01,0.35,0.0,0.0,0.0,0.0,0.0,0
2019-05-02 00:00:00,19.0,86,16.5,20.0,0.0,59,0,28,52,0.0,0.31,0.0,0.0,0.0,0.0,0.0,0
2019-05-02 01:00:00,18.9,86,16.5,20.0,0.0,84,0,45,76,0.0,0.31,0.0,0.0,0.0,0.0,0.0,0
2019-05-02 02:00:00,19.2,84,16.5,20.2,0.0,81,0,59,66,0.01,0.35,0.0,0.0,0.0,0.0,0.0,0
2019-05-02 03:00:00,19.5,82,16.4,20.2,0.0,91,1,76,78,0.01,0.41,0.0,0.0,0.0,0.0,0.0,0
2019-05-02 04:00:00,19.9,81,16.6,20.5,0.0,97,9,89,90,0.02,0.44,0.0,0.0,0.0,0.0,0.0,0
2019-05-02 05:00:00,20.2,80,16.7,20.8,0.0,96,17,92,77,0.02,0.47,0.0,0.0,0.0,0.0,0.0,0
2019-05-02 06:00:00,20.4,80,16.7,21.0,0.0,98,26,77,98,0.05,0.49,26.7,2.2,24.5,12.2,195.7,1
2019-05-02 07:00:00,21.1,77,17.0,21.8,1.1,100,17,100,66,0.08,0.57,85.9,7.2,78.7,27.7,499.0,1
2019-05-02 08:00:00,22.3,74,17.4,22.9,0.6,98,13,44,27,0.12,0.71,120.1,25.5,94.6,53.5,778.4,1
2019-05-02 09:00:00,23.1,71,17.5,23.3,0.7,83,3,78,25,0.24,0.82,367.2,155.5,211.8,232.5,1014.9,1
2019-05-02 10:00:00,23.2,71,17.6,23.5,1.0,85,19,82,19,0.27,0.83,401.0,202.1,198.9,245.6,1192.5,1
2019-05-02 11:00:00,23.2,67,16.7,23.1,0.5,97,13,97,20,0.3,0.95,415.0,214.8,200.2,231.2,1299.0,1
2019-05-02 12:00:00,22.1,73,17.0,22.1,0.7,92,2,90,26,0.2,0.72,247.4,27.2,220.2,27.7,1327.1,1
2019-05-02 13:00:00,22.2,76,17.9,22.3,0.9,99,1,99,23,0.25,0.63,365.6,111.2,254.5,114.5,1275.1,1
2019-05-02 14:00:00,21.4,83,18.3,21.9,0.9,98,33,98,14,0.16,0.45,197.8,14.1,183.7,15.7,1146.4,1
2019-05-02 15:00:00,20.7,86,18.3,21.3,1.5,100,35,100,11,0.11,0.33,134.4,15.3,119.0,19.6,949.9,1
2019-05-02 16:00:00,19.3,85,16.6,18.9,1.2,100,1,100,14,0.08,0.34,51.5,0.0,51.5,0.0,698.9,1
2019-05-02 17:00:00,19.1,87,16.8,18.9,1.0,100,3,100,36,0.06,0.3,34.6,0.0,34.6,0.0,410.6,1
2019-05-02 18:00:00,18.9,88,16.9,19.0,0.9,100,0,100,5,0.04,0.26,8.1,0.0,8.1,0.0,104.7,1
2019-05-02 19:00:00,18.3,88,16.2,17.9,1.1,100,0,100,26,0.04,0.26,0.0,0.0,0.0,0.0,0.0,0
2019-05-02 20:00:00,18.6,87,16.4,18.6,0.5,98,17,99,20,0.01,0.28,0.0,0.0,0.0,0.0,0.0,0
2019-05-02 21:00:00,18.9,86,16.6,19.1,0.2,100,61,100,8,0.01,0.3,0.0,0.0,0.0,0.0,0.0,0
2019-05-02 22:00:00,18.9,85,16.3,18.7,0.2,100,10,100,100,0.02,0.33,0.0,0.0,0.0,0.0,0.0,0
2019-05-02 23:00:00,19.0,85,16.4,19.2,0.1,98,9,95,95,0.02,0.33,0.0,0.0,0.0,0.0,0.0,0
2019-05-03 00:00:00,19.0,87,16.7,19.4,0.1,100,3,100,14,0.01,0.29,0.0,0.0,0.0,0.0,0.0,0
2019-05-03 01:00:00,19.1,88,17.0,19.7,0.0,100,7,100,41,0.01,0.27,0.0,0.0,0.0,0.0,0.0,0
2019-05-03 02:00:00,19.1,87,16.9,19.7,0.0,99,53,85,96,0.01,0.29,0.0,0.0,0.0,0.0,0.0,0
2019-05-03 03:00:00,19.2,86,16.8,20.2,0.3,91,69,48,81,0.01,0.32,0.0,0.0,0.0,0.0,0.0,0
2019-05-03 04:00:00,19.2,85,16.6,20.1,0.3,100,49,70,100,0.01,0.34,0.0,0.0,0.0,0.0,0.0,0
2019-05-03 05:00:00,18.8,87,16.7,19.8,0.5,100,76,100,100,0.0,0.28,0.0,0.0,0.0,0.0,0.0,0
2019-05-03 06:00:00,18.5,86,16.2,18.9,1.8,100,20,20,100,0.04,0.29,8.9,0.0,8.9,0.0,198.9,1
2019-05-03 07:00:00,19.4,84,16.6,19.8,0.3,100,7,100,77,0.07,0.37,108.5,11.4,97.0,43.8,501.6,1
2019-05-03 08:00:00,21.2,76,16.7,21.5,0.1,100,0,93,1,0.13,0.62,181.8,31.5,150.3,65.9,780.4,1
2019-05-03 09:00:00,22.0,68,15.9,21.6,0.0,86,4,85,0,0.25,0.84,396.3,147.5,248.8,220.1,1016.4,1
2019-05-03 10:00:00,23.2,62,15.4,22.5,0.0,34,12,31,0,0.36,1.1,544.9,253.6,291.3,307.7,1193.5,1
2019-05-03 11:00:00,24.2,59,15.7,24.4,0.0,100,100,21,0,0.51,1.24,803.9,567.4,236.5,610.1,1299.6,1
2019-05-03 12:00:00,23.2,63,15.7,22.3,0.0,21,18,15,0,0.38,1.07,558.1,325.8,232.3,332.4,1327.6,1
2019-05-03 13:00:00,23.8,60,15.6,23.8,0.0,14,13,11,0,0.5,1.18,747.9,576.2,171.6,593.3,1275.5,1
2019-05-03 14:00:00,23.7,60,15.6,23.3,0.0,25,24,4,0,0.45,1.16,643.5,471.1,172.4,521.3,1147.0,1
2019-05-03 15:00:00,23.4,62,15.6,22.9,0.0,0,0,0,0,0.43,1.1,606.1,436.6,169.6,557.9,950.7,1
2019-05-03 16:00:00,23.0,62,15.3,22.0,0.0,5,5,0,0,0.35,1.07,437.3,325.0,112.3,527.9,700.1,1
2019-05-03 17:00:00,22.3,65,15.4,21.8,0.0,0,0,0,0,0.23,0.95,231.8,155.8,76.0,375.6,412.4,1
2019-05-03 18:00:00,21.1,67,14.7,20.6,0.0,0,0,0,0,0.11,0.83,47.3,24.7,22.6,127.6,107.0,1
2019-05-03 19:00:00,20.5,66,13.9,19.8,0.0,0,0,0,0,0.08,0.83,0.0,0.0,0.0,0.0,0.0,0
2019-05-03 20:00:00,19.9,67,13.7,19.4,0.0,0,0,0,0,0.05,0.76,0.0,0.0,0.0,0.0,0.0,0
2019-05-03 21:00:00,20.1,65,13.3,19.2,0.0,0,0,0,0,0.06,0.83,0.0,0.0,0.0,0.0,0.0,0
2019-05-03 22:00:00,20.1,68,14.1,19.5,0.0,1,1,0,0,0.05,0.74,0.0,0.0,0.0,0.0,0.0,0
2019-05-03 23:00:00,20.4,73,15.3,20.2,0.0,8,7,2,0,0.04,0.66,0.0,0.0,0.0,0.0,0.0,0
2019-05-04 00:00:00,20.7,77,16.6,20.9,0.0,12,0,12,0,0.03,0.55,0.0,0.0,0.0,0.0,0.0,0
2019-05-04 01:00:00,20.4,81,17.1,21.1,0.0,48,2,41,12,0.02,0.45,0.0,0.0,0.0,0.0,0.0,0
2019-05-04 02:00:00,20.5,81,17.2,21.2,0.0,60,7,58,4,0.02,0.45,0.0,0.0,0.0,0.0,0.0,0
2019-05-04 03:00:00,20.4,83,17.4,21.2,0.0,67,5,66,1,0.02,0.4,0.0,0.0,0.0,0.0,0.0,0
2019-05-04 04:00:00,20.5,83,17.5,21.0,0.0,97,0,93,62,0.02,0.41,0.0,0.0,0.0,0.0,0.0,0
2019-05-04 05:00:00,20.6,83,17.5,21.0,0.0,100,4,100,75,0.03,0.42,0.0,0.0,0.0,0.0,0.0,0
2019-05-04 06:00:00,20.7,83,17.8,21.0,0.5,92,1,73,81,0.05,0.41,24.4,2.2,22.2,12.1,202.1,1
2019-05-04 07:00:00,21.7,82,18.4,22.4,0.8,91,5,52,84,0.08,0.47,101.0,15.7,85.4,59.5,504.1,1
2019-05-04 08:00:00,23.4,78,19.2,24.3,3.0,96,20,42,93,0.15,0.65,204.6,55.7,148.9,116.1,782.4,1
2019-05-04 09:00:00,23.9,74,19.0,24.4,0.0,47,8,41,15,0.25,0.77,390.5,129.4,261.1,192.7,1017.8,1
2019-05-04 10:00:00,24.7,68,18.5,25.1,0.0,53,22,34,27,0.4,0.99,647.9,406.2,241.8,491.9,1194.5,1
2019-05-04 11:00:00,25.2,64,17.8,25.7,0.0,64,20,61,0,0.48,1.17,744.7,478.1,266.6,513.5,1300.3,1
2019-05-04 12:00:00,25.3,62,17.6,25.5,0.0,66,18,63,0,0.44,1.21,634.4,366.0,268.5,373.1,1328.1,1
2019-05-04 13:00:00,25.1,62,17.2,24.8,0.0,84,21,82,0,0.41,1.22,552.9,317.9,235.0,327.0,1275.9,1
2019-05-04 14:00:00,24.8,64,17.6,24.8,0.7,62,5,61,0,0.37,1.12,471.1,275.1,196.0,304.2,1147.5,1
2019-05-04 15:00:00,24.8,62,17.1,24.8,0.0,96,36,95,0,0.32,1.18,365.4,218.3,147.1,278.7,951.5,1
2019-05-04 16:00:00,23.9,66,17.3,24.6,0.1,55,12,51,3,0.2,1.0,196.0,79.4,116.6,128.7,701.4,1
2019-05-04 17:00:00,23.1,68,17.0,23.6,0.1,98,0,98,1,0.15,0.9,109.4,41.4,68.0,99.5,414.1,1
2019-05-04 18:00:00,22.5,68,16.3,22.7,0.0,100,0,100,91,0.1,0.87,22.1,5.0,17.1,25.7,109.3,1
2019-05-04 19:00:00,22.2,67,15.8,21.9,0.0,100,0,95,100,0.09,0.88,0.0,0.0,0.0,0.0,0.0,0
2019-05-04 20:00:00,22.2,68,16.0,22.3,0.0,100,0,52,99,0.05,0.85,0.0,0.0,0.0,0.0,0.0,0
2019-05-04 21:00:00,22.3,68,16.2,22.6,0.0,62,1,37,49,0.05,0.86,0.0,0.0,0.0,0.0,0.0,0
2019-05-04 22:00:00,22.1,69,16.2,22.2,0.0,60,2,43,32,0.05,0.81,0.0,0.0,0.0,0.0,0.0,0
2019-05-04 23:00:00,21.9,71,16.5,21.9,0.0,68,2,37,53,0.05,0.76,0.0,0.0,0.0,0.0,0.0,0
2019-05-05 00:00:00,21.9,71,16.4,21.9,0.0,75,5,32,67,0.05,0.76,0.0,0.0,0.0,0.0,0.0,0
2019-05-05 01:00:00,21.8,71,16.3,22.0,0.0,84,8,21,81,0.05,0.75,0.0,0.0,0.0,0.0,0.0,0
2019-05-05 02:00:00,21.4,72,16.2,21.9,0.0,84,5,16,82,0.04,0.7,0.0,0.0,0.0,0.0,0.0,0
2019-05-05 03:00:00,21.3,74,16.4,21.8,0.0,83,2,19,80,0.03,0.66,0.0,0.0,0.0,0.0,0.0,0
2019-05-05 04:00:00,21.0,77,16.7,21.7,0.0,83,5,18,80,0.03,0.58,0.0,0.0,0.0,0.0,0.0,0
2019-05-05 05:00:00,21.0,78,17.0,21.7,0.0,65,3,15,60,0.03,0.55,0.0,0.0,0.0,0.0,0.0,0
2019-05-05 06:00:00,21.3,80,17.7,22.2,0.0,59,3,9,55,0.05,0.5,48.7,13.3,35.5,72.2,205.1,1
2019-05-05 07:00:00,22.9,79,19.1,24.2,0.0,53,2,7,49,0.12,0.59,234.1,124.8,109.2,470.6,506.6,1
2019-05-05 08:00:00,24.9,71,19.2,25.9,0.0,86,1,2,90,0.27,0.92,456.1,312.1,144.0,647.9,784.2,1
2019-05-05 09:00:00,25.6,66,18.7,26.0,0.0,92,3,0,92,0.38,1.13,601.8,369.0,232.9,548.1,1019.1,1
2019-05-05 10:00:00,26.0,64,18.6,26.5,0.0,98,22,0,97,0.43,1.21,647.8,324.4,323.3,392.4,1195.3,1
2019-05-05 11:00:00,26.2,63,18.5,26.6,0.0,95,42,0,92,0.43,1.26,613.9,185.6,428.3,199.1,1300.8,1
2019-05-05 12:00:00,26.8,60,18.5,27.7,0.0,100,78,1,100,0.48,1.39,662.6,249.3,413.2,253.9,1328.4,1
2019-05-05 13:00:00,26.5,63,18.8,26.9,0.0,100,100,0,100,0.42,1.28,538.2,151.1,387.1,155.4,1276.3,1
2019-05-05 14:00:00,25.7,67,19.0,26.3,0.0,99,2,0,99,0.34,1.1,412.8,62.2,350.6,68.7,1148.0,1
2019-05-05 15:00:00,25.2,68,18.9,26.0,0.0,98,8,0,98,0.28,1.03,323.1,61.4,261.7,78.2,952.3,1
2019-05-05 16:00:00,24.9,69,18.7,25.8,0.0,97,1,0,97,0.24,0.99,252.7,54.9,197.8,88.9,702.6,1
2019-05-05 17:00:00,24.1,69,18.1,25.1,0.0,99,0,7,99,0.15,0.93,110.3,23.7,86.6,56.8,415.9,1
2019-05-05 18:00:00,23.4,70,17.7,24.5,0.0,100,0,19,100,0.09,0.85,15.2,0.4,14.8,2.1,111.7,1
2019-05-05 19:00:00,22.9,73,17.8,24.0,0.0,100,0,41,100,0.07,0.76,0.0,0.0,0.0,0.0,0.0,0
2019-05-05 20:00:00,22.5,74,17.7,23.7,0.0,100,6,73,100,0.03,0.7,0.0,0.0,0.0,0.0,0.0,0
2019-05-05 21:00:00,22.5,76,18.0,23.7,0.1,100,33,98,100,0.03,0.66,0.0,0.0,0.0,0.0,0.0,0
2019-05-05 22:00:00,22.3,78,18.2,23.3,0.5,100,0,99,100,0.03,0.6,0.0,0.0,0.0,0.0,0.0,0
2019-05-05 23:00:00,21.7,82,18.4,22.5,0.7,100,1,100,100,0.03,0.48,0.0,0.0,0.0,0.0,0.0,0
2019-05-06 00:00:00,21.0,87,18.7,22.1,0.8,100,2,100,83,0.02,0.33,0.0,0.0,0.0,0.0,0.0,0
2019-05-06 01:00:00,21.0,88,18.9,22.5,0.4,100,5,100,19,0.01,0.3,0.0,0.0,0.0,0.0,0.0,0
2019-05-06 02:00:00,21.1,87,18.9,22.4,0.1,100,8,100,0,0.01,0.32,0.0,0.0,0.0,0.0,0.0,0
2019-05-06 03:00:00,20.9,89,19.1,22.4,0.2,100,5,100,0,0.01,0.26,0.0,0.0,0.0,0.0,0.0,0
2019-05-06 04:00:00,21.0,89,19.2,22.6,0.4,100,16,100,0,0.01,0.26,0.0,0.0,0.0,0.0,0.0,0
2019-05-06 05:00:00,20.9,89,19.1,22.4,0.6,100,34,100,0,0.01,0.27,0.0,0.0,0.0,0.0,0.0,0
2019-05-06 06:00:00,21.0,90,19.3,22.6,0.7,100,6,100,0,0.03,0.26,8.8,0.0,8.8,0.0,208.1,1
2019-05-06 07:00:00,21.2,90,19.5,22.7,1.0,100,43,100,4,0.05,0.26,46.7,0.0,46.7,0.0,509.0,1
2019-05-06 08:00:00,22.1,88,20.0,24.0,0.7,100,26,100,100,0.07,0.32,74.9,8.5,66.5,17.5,786.0,1
2019-05-06 09:00:00,22.4,88,20.4,24.5,0.7,100,10,100,85,0.1,0.31,143.9,6.7,137.2,10.0,1020.4,1
2019-05-06 10:00:00,22.9,87,20.7,25.3,0.8,100,69,100,17,0.14,0.35,207.3,9.7,197.6,11.7,1196.2,1
2019-05-06 11:00:00,22.8,81,19.5,24.0,0.4,100,13,100,95,0.19,0.52,276.9,46.7,230.2,50.0,1301.3,1
2019-05-06 12:00:00,22.5,83,19.5,23.6,0.4,100,20,100,91,0.17,0.46,236.3,5.0,231.2,5.1,1328.8,1
2019-05-06 13:00:00,21.1,89,19.3,22.0,1.1,100,100,100,34,0.11,0.26,141.4,1.0,140.4,1.0,1276.7,1
2019-05-06 14:00:00,20.8,80,17.2,21.0,0.7,100,100,99,47,0.12,0.5,108.4,0.0,108.4,0.0,1148.5,1
2019-05-06 15:00:00,20.7,78,16.7,20.7,0.3,99,79,98,30,0.12,0.54,111.9,0.0,111.9,0.0,953.1,1
2019-05-06 16:00:00,20.8,79,17.0,21.2,0.3,100,4,100,90,0.1,0.52,83.7,16.1,67.6,26.0,703.8,1
2019-05-06 17:00:00,20.9,82,17.8,21.3,0.5,100,9,100,93,0.09,0.43,53.4,1.5,51.9,3.5,417.6,1
2019-05-06 18:00:00,20.2,88,18.1,20.8,1.1,100,38,100,94,0.05,0.29,10.7,0.0,10.7,0.0,114.0,1
2019-05-06 19:00:00,20.1,87,18.0,20.6,2.0,100,1,100,96,0.04,0.3,0.0,0.0,0.0,0.0,0.0,0
2019-05-06 20:00:00,19.8,87,17.5,20.4,2.0,100,1,100,61,0.01,0.3,0.0,0.0,0.0,0.0,0.0,0
2019-05-06 21:00:00,19.8,88,17.8,20.8,0.6,100,1,100,88,0.01,0.27,0.0,0.0,0.0,0.0,0.0,0
2019-05-06 22:00:00,19.8,89,17.9,20.9,1.2,97,35,94,84,0.01,0.27,0.0,0.0,0.0,0.0,0.0,0
2019-05-06 23:00:00,19.8,88,17.8,21.0,1.0,100,54,100,96,0.01,0.28,0.0,0.0,0.0,0.0,0.0,0
2019-05-07 00:00:00,19.6,89,17.7,20.6,1.2,100,4,100,71,0.01,0.26,0.0,0.0,0.0,0.0,0.0,0
2019-05-07 01:00:00,19.7,89,17.9,20.6,1.2,100,18,100,99,0.01,0.24,0.0,0.0,0.0,0.0,0.0,0
2019-05-07 02:00:00,19.7,89,17.9,20.8,1.5,100,33,100,95,0.0,0.24,0.0,0.0,0.0,0.0,0.0,0
2019-05-07 03:00:00,19.6,89,17.8,20.7,1.2,100,99,100,51,0.0,0.25,0.0,0.0,0.0,0.0,0.0,0
2019-05-07 04:00:00,19.4,89,17.5,20.4,3.0,88,71,85,52,0.01,0.25,0.0,0.0,0.0,0.0,0.0,0
2019-05-07 05:00:00,19.4,89,17.5,20.5,1.0,100,100,100,0,0.0,0.26,0.0,0.0,0.0,0.0,0.0,0
2019-05-07 06:00:00,19.4,89,17.5,20.3,0.7,100,100,100,0,0.03,0.25,8.8,0.0,8.8,0.0,211.0,1
2019-05-07 07:00:00,19.3,88,17.4,20.2,0.7,96,94,94,0,0.04,0.26,35.3,0.0,35.3,0.0,511.3,1
2019-05-07 08:00:00,19.3,86,16.9,19.8,0.8,100,1,64,0,0.07,0.31,95.4,3.6,91.8,7.5,787.7,1
2019-05-07 09:00:00,19.9,83,17.0,20.1,0.9,94,91,80,0,0.14,0.39,224.8,32.6,192.2,48.2,1021.6,1
2019-05-07 10:00:00,20.0,82,16.8,19.9,0.7,94,91,71,0,0.17,0.43,270.6,46.2,224.4,55.7,1196.9,1
2019-05-07 11:00:00,20.2,79,16.5,19.9,0.6,85,80,55,0,0.2,0.49,304.8,61.2,243.6,65.5,1301.8,1
2019-05-07 12:00:00,20.1,79,16.3,19.6,0.7,100,98,100,0,0.19,0.5,282.5,25.1,257.4,25.6,1329.1,1
2019-05-07 13:00:00,20.0,79,16.1,19.6,0.2,100,64,100,0,0.19,0.5,262.3,43.9,218.4,45.0,1277.0,1
2019-05-07 14:00:00,20.1,78,16.1,19.6,0.1,98,52,98,0,0.18,0.52,231.9,34.9,197.0,38.5,1149.0,1
2019-05-07 15:00:00,20.2,76,15.9,19.7,0.0,90,73,88,0,0.16,0.56,192.3,23.5,168.8,29.9,953.9,1
2019-05-07 16:00:00,20.4,75,15.9,20.2,0.0,84,80,53,0,0.16,0.6,179.4,45.7,133.7,73.7,705.1,1
2019-05-07 17:00:00,20.3,78,16.4,20.8,0.0,100,100,76,0,0.1,0.52,84.7,0.0,84.7,0.0,419.4,1
2019-05-07 18:00:00,20.1,76,15.7,20.5,0.0,100,100,100,0,0.07,0.57,13.9,3.0,10.8,15.2,116.3,1
2019-05-07 19:00:00,20.0,77,15.9,20.4,0.0,94,35,94,0,0.06,0.54,0.0,0.0,0.0,0.0,0.0,0
2019-05-07 20:00:00,19.8,75,15.2,19.6,0.0,61,0,42,0,0.03,0.58,0.0,0.0,0.0,0.0,0.0,0
2019-05-07 21:00:00,19.2,78,15.3,19.0,0.0,49,45,14,0,0.03,0.48,0.0,0.0,0.0,0.0,0.0,0
2019-05-07 22:00:00,19.4,78,15.4,19.1,0.0,97,97,19,0,0.03,0.5,0.0,0.0,0.0,0.0,0.0,0
2019-05-07 23:00:00,19.9,77,15.7,20.0,0.0,69,67,18,0,0.03,0.54,0.0,0.0,0.0,0.0,0.0,0
2019-05-08 00:00:00,19.9,78,15.9,20.3,0.0,88,86,37,0,0.02,0.52,0.0,0.0,0.0,0.0,0.0,0
2019-05-08 01:00:00,20.1,78,16.1,20.7,0.0,98,72,97,0,0.02,0.53,0.0,0.0,0.0,0.0,0.0,0
2019-05-08 02:00:00,20.1,79,16.4,20.7,0.0,98,43,98,0,0.02,0.49,0.0,0.0,0.0,0.0,0.0,0
2019-05-08 03:00:00,20.0,81,16.6,21.0,0.1,98,98,91,1,0.01,0.44,0.0,0.0,0.0,0.0,0.0,0
2019-05-08 04:00:00,20.0,83,17.0,21.0,0.1,100,100,78,62,0.01,0.4,0.0,0.0,0.0,0.0,0.0,0
2019-05-08 05:00:00,20.2,85,17.5,21.7,0.1,100,100,100,5,0.0,0.36,0.0,0.0,0.0,0.0,0.0,0
2019-05-08 06:00:00,20.3,87,18.1,22.1,0.3,100,100,98,83,0.03,0.31,15.4,0.0,15.4,0.0,213.8,1
2019-05-08 07:00:00,20.6,89,18.7,22.6,0.4,100,97,100,98,0.04,0.28,36.6,0.0,36.6,0.0,513.5,1
2019-05-08 08:00:00,21.6,87,19.4,23.8,0.4,100,99,100,0,0.07,0.33,95.3,3.6,91.7,7.4,789.3,1
2019-05-08 09:00:00,21.7,89,19.8,24.0,1.1,100,97,100,0,0.08,0.29,105.6,0.0,105.6,0.0,1022.7,1
2019-05-08 10:00:00,21.9,88,19.8,24.2,0.7,99,96,97,0,0.1,0.31,132.0,3.2,128.8,3.9,1197.6,1
2019-05-08 11:00:00,23.1,83,20.0,24.7,0.1,68,66,45,0,0.2,0.49,306.9,58.1,248.8,62.1,1302.2,1
2019-05-08 12:00:00,24.1,78,20.0,25.5,0.0,100,100,45,1,0.32,0.67,482.5,103.5,379.0,105.2,1329.4,1
2019-05-08 13:00:00,23.5,80,19.9,25.1,0.1,99,99,53,19,0.2,0.58,261.3,44.9,216.5,46.0,1277.3,1
2019-05-08 14:00:00,24.2,78,20.1,25.8,0.0,96,53,96,1,0.27,0.67,366.7,76.4,290.3,84.1,1149.5,1
2019-05-08 15:00:00,24.0,79,20.1,25.8,0.0,81,75,62,1,0.24,0.64,303.4,71.3,232.1,90.7,954.7,1
2019-05-08 16:00:00,23.7,80,20.1,25.9,0.0,85,62,79,1,0.16,0.59,176.1,38.9,137.1,62.7,706.3,1
2019-05-08 17:00:00,23.4,83,20.2,26.1,0.0,73,29,68,0,0.11,0.5,108.6,32.7,75.9,77.7,421.1,1
2019-05-08 18:00:00,22.8,86,20.3,25.8,0.0,63,14,61,0,0.06,0.39,31.1,9.2,21.9,45.8,118.7,1
2019-05-08 19:00:00,22.1,89,20.1,24.9,0.0,22,6,20,0,0.03,0.3,0.0,0.0,0.0,0.0,0.0,0
2019-05-08 20:00:00,21.5,92,20.1,24.7,0.0,79,65,51,96,0.0,0.2,0.0,0.0,0.0,0.0,0.0,0
2019-05-08 21:00:00,21.5,94,20.5,25.0,0.0,94,88,16,72,0.0,0.16,0.0,0.0,0.0,0.0,0.0,0
2019-05-08 22:00:00,21.5,93,20.4,24.9,0.0,100,24,13,99,0.0,0.17,0.0,0.0,0.0,0.0,0.0,0
2019-05-08 23:00:00,21.9,91,20.3,25.7,0.1,98,97,71,43,0.0,0.25,0.0,0.0,0.0,0.0,0.0,0
2019-05-09 00:00:00,21.6,94,20.6,25.8,0.1,97,45,96,26,0.0,0.15,0.0,0.0,0.0,0.0,0.0,0
2019-05-09 01:00:00,22.0,89,20.1,25.6,0.0,98,94,72,87,0.0,0.3,0.0,0.0,0.0,0.0,0.0,0
2019-05-09 02:00:00,21.2,95,20.4,24.6,0.1,100,46,99,100,0.0,0.12,0.0,0.0,0.0,0.0,0.0,0
2019-05-09 03:00:00,21.7,89,19.8,25.2,0.9,100,23,100,100,0.0,0.29,0.0,0.0,0.0,0.0,0.0,0
2019-05-09 04:00:00,21.9,88,19.8,25.4,1.2,100,15,100,99,0.0,0.31,0.0,0.0,0.0,0.0,0.0,0
2019-05-09 05:00:00,21.1,94,20.0,24.9,1.3,100,30,100,100,0.0,0.16,0.0,0.0,0.0,0.0,0.0,0
2019-05-09 06:00:00,21.2,95,20.3,25.1,1.7,100,100,96,99,0.02,0.14,6.6,0.0,6.6,0.0,216.6,1
2019-05-09 07:00:00,22.2,91,20.7,26.2,0.2,97,81,96,7,0.04,0.23,71.6,2.8,68.8,10.3,515.6,1
2019-05-09 08:00:00,22.4,92,21.0,26.0,0.1,100,89,85,0,0.07,0.23,102.5,6.0,96.4,12.3,790.9,1
2019-05-09 09:00:00,23.1,88,20.9,25.8,0.1,93,91,58,0,0.12,0.35,170.7,9.0,161.7,13.2,1023.7,1
2019-05-09 10:00:00,23.7,85,21.0,26.3,0.2,94,4,94,0,0.17,0.44,250.1,38.6,211.4,46.5,1198.3,1
2019-05-09 11:00:00,23.9,84,21.1,26.5,0.2,100,96,99,0,0.19,0.46,268.5,27.0,241.5,28.8,1302.6,1
2019-05-09 12:00:00,23.5,85,20.8,25.9,0.5,100,76,100,0,0.16,0.44,216.1,13.1,203.1,13.3,1329.6,1
2019-05-09 13:00:00,22.9,87,20.7,25.4,1.3,99,6,99,0,0.13,0.35,172.6,1.0,171.6,1.0,1277.5,1
2019-05-09 14:00:00,22.9,88,20.8,25.4,1.0,99,35,99,1,0.14,0.34,180.1,15.1,165.0,16.6,1149.9,1
2019-05-09 15:00:00,22.7,89,20.7,25.9,1.2,96,2,96,8,0.08,0.31,84.9,3.6,81.3,4.6,955.5,1
2019-05-09 16:00:00,22.4,91,20.8,25.6,0.7,100,14,100,0,0.07,0.25,63.5,0.8,62.7,1.4,707.5,1
2019-05-09 17:00:00,22.0,91,20.5,24.9,0.8,96,7,96,11,0.05,0.23,31.3,3.7,27.6,8.8,422.9,1
2019-05-09 18:00:00,21.5,92,20.1,24.1,0.4,87,21,86,0,0.03,0.21,9.3,0.4,8.9,2.2,121.0,1
2019-05-09 19:00:00,21.3,92,20.0,23.7,0.3,91,22,90,18,0.03,0.19,0.0,0.0,0.0,0.0,0.0,0
2019-05-09 20:00:00,21.0,92,19.6,23.0,0.5,98,3,100,48,0.0,0.21,0.0,0.0,0.0,0.0,0.0,0
2019-05-09 21:00:00,20.9,93,19.6,22.5,0.6,100,6,100,24,0.0,0.18,0.0,0.0,0.0,0.0,0.0,0
2019-05-09 22:00:00,20.8,92,19.4,22.0,0.4,96,5,96,25,0.0,0.2,0.0,0.0,0.0,0.0,0.0,0
2019-05-09 23:00:00,20.8,92,19.4,22.3,0.5,100,4,100,0,0.0,0.2,0.0,0.0,0.0,0.0,0.0,0
2019-05-10 00:00:00,20.9,92,19.5,22.7,0.5,100,4,100,0,0.0,0.21,0.0,0.0,0.0,0.0,0.0,0
2019-05-10 01:00:00,21.0,92,19.7,22.7,0.3,84,16,84,0,0.0,0.2,0.0,0.0,0.0,0.0,0.0,0
2019-05-10 02:00:00,21.2,91,19.6,22.8,0.0,50,4,50,0,0.01,0.23,0.0,0.0,0.0,0.0,0.0,0
2019-05-10 03:00:00,21.2,91,19.6,22.7,0.0,72,24,72,0,0.01,0.23,0.0,0.0,0.0,0.0,0.0,0
2019-05-10 04:00:00,21.4,90,19.7,23.1,0.0,98,17,98,1,0.01,0.25,0.0,0.0,0.0,0.0,0.0,0
2019-05-10 05:00:00,21.4,90,19.7,22.9,0.1,100,15,100,2,0.01,0.25,0.0,0.0,0.0,0.0,0.0,0
2019-05-10 06:00:00,21.4,92,20.0,23.1,0.6,95,9,95,15,0.03,0.21,17.6,0.0,17.6,0.0,219.2,1
2019-05-10 07:00:00,21.8,92,20.4,23.9,1.4,74,2,72,20,0.04,0.21,44.8,2.8,42.0,10.2,517.6,1
2019-05-10 08:00:00,21.6,92,20.2,23.7,1.7,96,29,90,0,0.1,0.21,184.3,66.2,118.0,135.2,792.4,1
2019-05-10 09:00:00,22.8,86,20.4,24.7,0.1,85,68,82,0,0.15,0.38,231.3,59.5,171.8,87.5,1024.7,1
2019-05-10 10:00:00,23.2,84,20.4,24.7,0.1,74,59,70,0,0.21,0.45,340.2,68.7,271.5,82.5,1198.8,1
2019-05-10 11:00:00,23.4,83,20.4,24.8,0.0,75,44,69,0,0.26,0.49,429.1,130.6,298.5,139.5,1302.9,1
2019-05-10 12:00:00,24.2,78,20.1,25.4,0.0,92,64,89,0,0.35,0.68,560.9,186.0,374.9,188.7,1329.8,1
2019-05-10 13:00:00,23.4,80,19.8,24.4,0.0,65,58,38,0,0.29,0.57,445.7,103.4,342.3,105.9,1277.8,1
2019-05-10 14:00:00,24.3,77,19.9,25.7,0.0,49,30,43,0,0.39,0.71,606.3,294.2,312.1,323.7,1150.4,1
2019-05-10 15:00:00,24.2,76,19.8,25.3,0.0,31,25,12,0,0.36,0.71,529.5,286.4,243.0,363.2,956.3,1
2019-05-10 16:00:00,23.9,77,19.7,24.7,0.0,70,64,2,17,0.26,0.67,337.3,141.5,195.8,227.2,708.7,1
2019-05-10 17:00:00,23.7,79,19.7,24.6,0.0,72,72,3,0,0.17,0.63,177.6,71.6,106.0,169.0,424.6,1
2019-05-10 18:00:00,23.1,80,19.6,24.3,0.0,33,33,1,0,0.09,0.55,39.5,12.6,26.9,61.5,123.3,1
2019-05-10 19:00:00,22.4,83,19.5,23.8,0.0,39,38,4,0,0.05,0.45,0.0,0.0,0.0,0.0,0.0,0
2019-05-10 20:00:00,22.6,87,20.2,24.4,0.0,96,67,18,0,0.02,0.37,0.0,0.0,0.0,0.0,0.0,0
2019-05-10 21:00:00,22.8,87,20.5,24.9,0.0,93,93,12,0,0.01,0.36,0.0,0.0,0.0,0.0,0.0,0
2019-05-10 22:00:00,22.7,87,20.4,24.8,0.0,100,100,4,0,0.02,0.37,0.0,0.0,0.0,0.0,0.0,0
2019-05-10 23:00:00,22.6,85,19.9,24.3,0.0,100,100,4,0,0.02,0.41,0.0,0.0,0.0,0.0,0.0,0
2019-05-11 00:00:00,22.4,86,20.0,24.4,0.0,65,64,12,0,0.01,0.38,0.0,0.0,0.0,0.0,0.0,0
2019-05-11 01:00:00,22.4,87,20.2,24.5,0.0,22,15,18,0,0.01,0.35,0.0,0.0,0.0,0.0,0.0,0
2019-05-11 02:00:00,22.3,89,20.4,24.5,0.0,20,16,18,0,0.01,0.3,0.0,0.0,0.0,0.0,0.0,0
2019-05-11 03:00:00,22.3,90,20.6,24.6,0.0,20,17,18,0,0.01,0.27,0.0,0.0,0.0,0.0,0.0,0
2019-05-11 04:00:00,22.1,93,20.8,24.5,0.0,22,17,20,0,0.0,0.2,0.0,0.0,0.0,0.0,0.0,0
2019-05-11 05:00:00,22.1,93,20.9,24.6,0.0,27,20,26,0,0.0,0.19,0.0,0.0,0.0,0.0,0.0,0
2019-05-11 06:00:00,22.7,92,21.3,25.4,0.0,63,20,62,0,0.03,0.22,48.4,15.4,33.0,81.8,221.7,1
2019-05-11 07:00:00,24.3,87,22.1,27.3,0.0,95,27,95,0,0.09,0.39,171.9,67.1,104.8,242.1,519.5,1
2019-05-11 08:00:00,26.4,81,22.9,30.1,0.0,100,5,49,0,0.14,0.65,202.2,60.2,142.0,122.5,793.7,1
2019-05-11 09:00:00,27.7,74,22.7,32.0,0.0,42,10,41,0,0.31,0.97,475.8,262.6,213.2,385.5,1025.6,1
2019-05-11 10:00:00,27.5,76,22.9,32.2,0.3,68,27,68,0,0.35,0.88,515.0,274.7,240.3,329.7,1199.3,1
2019-05-11 11:00:00,26.6,83,23.6,30.9,0.6,42,20,36,0,0.36,0.58,541.0,182.4,358.6,194.6,1303.2,1
2019-05-11 12:00:00,26.2,83,23.2,30.2,0.1,47,39,30,0,0.39,0.57,605.1,323.7,281.4,328.2,1330.0,1
2019-05-11 13:00:00,26.0,84,23.1,29.3,0.2,49,41,29,2,0.37,0.53,570.5,234.0,336.4,239.6,1278.0,1
2019-05-11 14:00:00,26.1,82,22.8,29.2,0.1,55,52,16,0,0.4,0.62,611.0,326.3,284.8,358.7,1150.8,1
2019-05-11 15:00:00,25.6,83,22.5,27.9,0.1,46,40,14,0,0.33,0.57,477.2,287.4,189.8,364.1,957.0,1
2019-05-11 16:00:00,25.1,84,22.3,27.3,0.1,12,1,12,0,0.22,0.5,284.0,119.6,164.5,191.6,709.9,1
2019-05-11 17:00:00,24.6,85,22.0,26.8,0.0,25,24,6,0,0.16,0.45,177.9,71.8,106.1,168.8,426.3,1
2019-05-11 18:00:00,23.8,87,21.5,25.9,0.0,8,2,8,0,0.07,0.38,37.2,12.3,25.0,59.5,125.6,1
2019-05-11 19:00:00,23.4,88,21.3,25.5,0.0,8,7,3,0,0.04,0.34,0.0,0.0,0.0,0.0,0.0,0
2019-05-11 20:00:00,23.3,87,21.0,25.3,0.0,2,0,4,0,0.02,0.37,0.0,0.0,0.0,0.0,0.0,0
2019-05-11 21:00:00,23.2,87,20.9,25.2,0.0,6,1,6,0,0.02,0.37,0.0,0.0,0.0,0.0,0.0,0
2019-05-11 22:00:00,23.2,88,21.2,25.4,0.0,4,1,4,0,0.02,0.33,0.0,0.0,0.0,0.0,0.0,0
2019-05-11 23:00:00,23.2,91,21.6,26.0,0.0,2,0,2,0,0.01,0.26,0.0,0.0,0.0,0.0,0.0,0
2019-05-12 00:00:00,22.9,93,21.7,25.6,0.0,3,0,3,0,0.0,0.2,0.0,0.0,0.0,0.0,0.0,0
2019-05-12 01:00:00,22.9,93,21.7,25.6,0.0,2,1,1,0,0.0,0.2,0.0,0.0,0.0,0.0,0.0,0
2019-05-12 02:00:00,22.9,93,21.7,25.7,0.0,2,2,0,0,0.0,0.19,0.0,0.0,0.0,0.0,0.0,0
2019-05-12 03:00:00,22.9,93,21.7,25.8,0.0,2,2,0,0,0.0,0.19,0.0,0.0,0.0,0.0,0.0,0
2019-05-12 04:00:00,22.9,94,21.8,25.9,0.0,1,1,0,0,0.0,0.17,0.0,0.0,0.0,0.0,0.0,0
2019-05-12 05:00:00,22.8,95,21.9,25.9,0.0,1,1,0,0,0.0,0.15,0.0,0.0,0.0,0.0,0.0,0
2019-05-12 06:00:00,23.4,93,22.2,26.8,0.0,0,0,0,0,0.02,0.19,63.7,22.0,41.7,116.3,224.1,1
2019-05-12 07:00:00,25.4,87,23.1,29.4,0.0,1,1,0,0,0.12,0.42,257.9,154.8,103.2,555.1,521.4,1
2019-05-12 08:00:00,27.2,80,23.5,31.1,0.0,4,3,0,0,0.26,0.72,457.0,298.3,158.8,605.2,795.0,1
2019-05-12 09:00:00,28.8,72,23.3,32.3,0.0,4,4,0,0,0.4,1.09,627.1,434.1,192.9,636.4,1026.4,1
2019-05-12 10:00:00,29.7,68,23.1,33.6,0.0,18,18,0,0,0.52,1.34,765.9,561.0,204.9,672.7,1199.8,1
2019-05-12 11:00:00,30.1,67,23.2,34.7,0.0,20,20,0,0,0.6,1.42,857.0,589.6,267.4,628.7,1303.4,1
2019-05-12 12:00:00,29.7,71,23.8,34.8,0.1,19,15,11,0,0.6,1.22,865.4,664.4,201.0,673.4,1330.1,1
2019-05-12 13:00:00,28.7,73,23.5,33.1,0.6,58,51,28,0,0.54,1.05,777.3,576.4,200.9,589.8,1278.2,1
2019-05-12 14:00:00,27.4,81,23.8,30.7,1.7,45,37,26,0,0.38,0.71,537.6,342.3,195.2,376.1,1151.2,1
2019-05-12 15:00:00,27.4,83,24.3,30.9,0.6,36,22,30,0,0.35,0.61,488.1,323.6,164.5,409.6,957.8,1
2019-05-12 16:00:00,27.1,80,23.5,30.1,0.1,29,22,16,0,0.3,0.7,369.0,252.0,117.1,403.1,711.1,1
2019-05-12 17:00:00,26.4,83,23.3,29.6,0.0,18,14,10,0,0.19,0.59,198.4,122.0,76.4,286.1,428.1,1
2019-05-12 18:00:00,25.6,86,23.0,28.8,0.0,10,4,8,0,0.09,0.46,50.5,23.9,26.6,114.9,127.9,1
2019-05-12 19:00:00,24.7,88,22.6,27.8,0.0,9,2,6,3,0.04,0.37,0.0,0.0,0.0,0.0,0.0,0
2019-05-12 20:00:00,24.2,91,22.7,27.4,0.0,14,4,9,7,0.01,0.26,0.0,0.0,0.0,0.0,0.0,0
2019-05-12 21:00:00,24.3,91,22.7,27.6,0.0,28,2,4,26,0.01,0.28,0.0,0.0,0.0,0.0,0.0,0
2019-05-12 22:00:00,24.2,92,22.7,27.5,0.0,37,2,2,35,0.01,0.25,0.0,0.0,0.0,0.0,0.0,0
2019-05-12 23:00:00,24.1,92,22.7,27.4,0.0,44,10,3,40,0.01,0.24,0.0,0.0,0.0,0.0,0.0,0
2019-05-13 00:00:00,24.1,91,22.6,27.5,0.0,27,7,2,23,0.0,0.26,0.0,0.0,0.0,0.0,0.0,0
2019-05-13 01:00:00,23.9,92,22.5,27.4,0.0,15,5,1,11,0.0,0.24,0.0,0.0,0.0,0.0,0.0,0
2019-05-13 02:00:00,23.6,93,22.4,27.0,0.0,4,3,1,1,0.0,0.2,0.0,0.0,0.0,0.0,0.0,0
2019-05-13 03:00:00,23.5,93,22.4,27.1,0.0,1,1,0,0,0.0,0.2,0.0,0.0,0.0,0.0,0.0,0
2019-05-13 04:00:00,23.3,93,22.1,27.1,0.0,2,1,0,0,0.0,0.2,0.0,0.0,0.0,0.0,0.0,0
2019-05-13 05:00:00,22.8,94,21.7,26.8,0.0,1,0,0,0,0.0,0.17,0.0,0.0,0.0,0.0,0.0,0
2019-05-13 06:00:00,23.7,92,22.3,28.0,0.0,1,0,0,0,0.02,0.25,65.8,24.1,41.7,127.4,226.5,1
2019-05-13 07:00:00,25.9,84,22.9,30.7,0.0,0,0,0,0,0.12,0.55,263.0,160.0,103.0,570.5,523.2,1
2019-05-13 08:00:00,27.6,77,23.3,33.2,0.0,1,0,1,0,0.28,0.83,479.5,348.5,131.0,705.3,796.3,1
2019-05-13 09:00:00,29.1,72,23.6,35.0,0.0,2,1,1,0,0.44,1.12,679.6,536.0,143.5,784.6,1027.2,1
2019-05-13 10:00:00,30.5,59,21.5,35.6,0.0,10,6,9,0,0.56,1.79,805.4,653.1,152.3,782.4,1200.2,1
2019-05-13 11:00:00,30.6,61,22.1,35.5,0.0,30,10,16,18,0.58,1.72,798.9,624.8,174.1,665.8,1303.6,1
2019-05-13 12:00:00,30.6,62,22.6,35.7,0.1,29,23,19,1,0.6,1.65,807.1,604.1,203.0,611.9,1330.2,1
2019-05-13 13:00:00,30.2,69,23.9,36.1,0.1,33,28,23,0,0.58,1.32,776.3,593.9,182.4,607.4,1278.4,1
2019-05-13 14:00:00,30.2,70,24.1,35.8,0.0,30,27,23,0,0.5,1.28,627.2,431.0,196.2,473.3,1151.6,1
2019-05-13 15:00:00,30.3,63,22.6,34.6,0.0,12,11,9,0,0.47,1.59,551.5,412.3,139.2,521.4,958.5,1
2019-05-13 16:00:00,29.9,65,22.7,34.0,0.0,4,3,1,1,0.37,1.46,418.5,307.3,111.2,490.8,712.3,1
2019-05-13 17:00:00,28.8,74,23.8,33.7,0.0,5,1,0,4,0.24,1.02,245.9,172.4,73.5,403.1,429.8,1
2019-05-13 18:00:00,27.0,86,24.6,32.4,0.0,26,0,0,26,0.09,0.48,58.9,32.0,26.9,152.9,130.2,1
2019-05-13 19:00:00,25.1,94,24.1,30.5,0.0,46,9,0,41,0.01,0.18,0.0,0.0,0.0,0.0,0.0,0
2019-05-13 20:00:00,25.4,91,23.9,30.9,0.0,66,2,0,11,0.0,0.28,0.0,0.0,0.0,0.0,0.0,0
2019-05-13 21:00:00,24.1,94,23.1,29.3,0.0,7,4,0,3,0.0,0.17,0.0,0.0,0.0,0.0,0.0,0
2019-05-13 22:00:00,24.4,91,22.7,29.4,0.0,5,5,0,0,0.0,0.29,0.0,0.0,0.0,0.0,0.0,0
2019-05-13 23:00:00,25.1,87,22.7,30.3,0.0,3,3,1,0,0.0,0.42,0.0,0.0,0.0,0.0,0.0,0
2019-05-14 00:00:00,24.8,89,22.8,30.0,0.0,3,2,1,1,0.0,0.35,0.0,0.0,0.0,0.0,0.0,0
2019-05-14 01:00:00,24.6,89,22.8,30.0,0.0,2,2,1,0,0.0,0.33,0.0,0.0,0.0,0.0,0.0,0
2019-05-14 02:00:00,23.4,94,22.3,27.9,0.0,10,9,5,0,0.0,0.19,0.0,0.0,0.0,0.0,0.0,0
2019-05-14 03:00:00,23.1,96,22.3,27.4,0.0,13,13,2,0,0.0,0.13,0.0,0.0,0.0,0.0,0.0,0
2019-05-14 04:00:00,22.7,97,22.2,26.8,0.0,3,1,1,2,0.0,0.08,0.0,0.0,0.0,0.0,0.0,0
2019-05-14 05:00:00,22.2,99,22.0,26.5,0.0,6,4,1,2,0.0,0.03,0.0,0.0,0.0,0.0,0.0,0
2019-05-14 06:00:00,23.1,98,22.8,27.5,0.0,13,13,1,0,0.02,0.05,65.8,24.1,41.7,126.9,228.7,1
2019-05-14 07:00:00,24.6,91,23.0,28.6,0.0,38,38,0,0,0.1,0.28,222.2,94.4,127.8,334.8,524.8,1
2019-05-14 08:00:00,26.3,82,23.0,30.3,0.0,32,23,1,23,0.24,0.6,419.2,242.6,176.6,489.7,797.4,1
2019-05-14 09:00:00,27.8,75,22.9,31.3,0.0,60,54,2,29,0.38,0.95,612.1,404.7,207.4,591.5,1027.9,1
2019-05-14 10:00:00,29.1,69,22.9,33.6,0.0,82,78,1,49,0.51,1.25,769.9,522.2,247.7,625.0,1200.6,1
2019-05-14 11:00:00,29.8,68,23.3,34.8,0.0,99,99,0,43,0.56,1.34,791.6,551.2,240.4,587.0,1303.7,1
2019-05-14 12:00:00,29.5,74,24.4,34.9,0.0,88,66,0,69,0.53,1.07,739.8,429.2,310.6,434.5,1330.3,1
2019-05-14 13:00:00,29.3,74,24.2,35.0,0.0,72,27,0,67,0.55,1.06,767.6,453.5,314.1,463.6,1278.5,1
2019-05-14 14:00:00,29.0,74,23.8,34.4,0.0,39,22,1,26,0.54,1.05,731.1,518.8,212.2,569.3,1151.9,1
2019-05-14 15:00:00,28.6,74,23.5,33.2,0.0,47,34,5,20,0.44,1.01,560.7,408.8,151.9,516.4,959.2,1
2019-05-14 16:00:00,28.2,75,23.3,32.6,0.0,68,56,4,33,0.31,0.95,367.7,223.4,144.4,356.2,713.5,1
2019-05-14 17:00:00,27.5,78,23.4,32.3,0.0,50,45,6,10,0.15,0.79,139.6,69.1,70.6,161.0,431.5,1
2019-05-14 18:00:00,26.6,85,23.8,32.4,0.0,50,28,8,37,0.06,0.54,37.0,13.6,23.4,64.5,132.5,1
2019-05-14 19:00:00,25.2,90,23.4,30.5,0.0,59,33,8,52,0.02,0.34,0.0,0.0,0.0,0.0,0.0,0
2019-05-14 20:00:00,24.6,90,22.8,28.9,0.0,93,49,6,8,0.0,0.32,0.0,0.0,0.0,0.0,0.0,0
2019-05-14 21:00:00,24.2,91,22.6,28.2,0.0,96,44,5,95,0.0,0.28,0.0,0.0,0.0,0.0,0.0,0
2019-05-14 22:00:00,24.2,91,22.6,28.1,0.0,96,31,5,95,0.0,0.28,0.0,0.0,0.0,0.0,0.0,0
2019-05-14 23:00:00,24.0,92,22.6,28.0,0.0,96,21,2,95,0.0,0.23,0.0,0.0,0.0,0.0,0.0,0
2019-05-15 00:00:00,23.7,94,22.6,28.0,0.0,95,18,3,95,0.0,0.18,0.0,0.0,0.0,0.0,0.0,0
2019-05-15 01:00:00,23.3,96,22.6,28.0,0.0,72,26,5,62,0.0,0.12,0.0,0.0,0.0,0.0,0.0,0
2019-05-15 02:00:00,22.9,97,22.4,27.3,0.0,78,74,2,17,0.0,0.08,0.0,0.0,0.0,0.0,0.0,0
2019-05-15 03:00:00,23.0,97,22.6,27.8,0.0,96,95,0,15,0.0,0.08,0.0,0.0,0.0,0.0,0.0,0
2019-05-15 04:00:00,23.4,96,22.8,28.3,0.0,93,92,0,8,0.0,0.11,0.0,0.0,0.0,0.0,0.0,0
2019-05-15 05:00:00,23.3,97,22.8,28.4,0.0,98,98,0,5,0.0,0.09,0.0,0.0,0.0,0.0,0.0,0
2019-05-15 06:00:00,23.7,96,23.0,28.7,0.0,91,91,1,0,0.02,0.12,35.1,4.4,30.7,23.0,230.8,1
2019-05-15 07:00:00,24.8,91,23.2,30.3,0.1,82,81,3,0,0.07,0.28,135.8,20.8,115.0,73.3,526.4,1
2019-05-15 08:00:00,26.6,85,23.8,31.9,0.0,82,95,3,0,0.16,0.53,264.1,97.2,166.8,195.8,798.4,1
2019-05-15 09:00:00,27.7,80,24.0,32.7,0.2,67,65,8,1,0.26,0.73,394.5,172.6,221.9,251.9,1028.5,1
2019-05-15 10:00:00,28.8,76,24.1,33.8,0.2,55,50,18,1,0.36,0.97,526.4,227.3,299.1,271.8,1200.8,1
2019-05-15 11:00:00,29.5,73,24.0,34.8,0.2,47,41,24,0,0.47,1.13,657.9,442.4,215.5,470.8,1303.8,1
2019-05-15 12:00:00,28.8,77,24.4,34.9,0.2,100,40,100,2,0.47,0.91,646.3,406.1,240.2,410.9,1330.3,1
2019-05-15 13:00:00,28.1,82,24.7,34.5,0.4,90,71,79,11,0.31,0.69,398.9,160.9,238.0,164.4,1278.6,1
2019-05-15 14:00:00,27.9,83,24.6,34.2,2.6,89,58,76,37,0.2,0.66,243.4,33.0,210.4,36.2,1152.3,1
2019-05-15 15:00:00,27.0,85,24.3,33.1,4.5,97,37,96,15,0.12,0.53,134.8,0.0,134.8,0.0,959.9,1
2019-05-15 16:00:00,27.0,86,24.4,32.9,0.0,83,35,56,61,0.12,0.51,125.8,4.2,121.5,6.8,714.7,1
2019-05-15 17:00:00,27.3,84,24.3,32.8,0.0,100,61,81,99,0.14,0.58,133.8,48.9,85.0,113.6,433.2,1
2019-05-15 18:00:00,26.8,86,24.2,32.4,0.0,100,42,27,100,0.06,0.49,37.9,6.2,31.7,29.0,134.7,1
2019-05-15 19:00:00,25.7,90,23.9,31.2,0.0,95,36,77,85,0.02,0.34,0.0,0.0,0.0,0.0,0.0,0
2019-05-15 20:00:00,25.4,91,23.8,30.9,0.7,89,29,99,100,0.0,0.29,0.0,0.0,0.0,0.0,0.0,0
2019-05-15 21:00:00,25.5,91,23.9,31.2,0.0,100,29,99,97,0.0,0.3,0.0,0.0,0.0,0.0,0.0,0
2019-05-15 22:00:00,25.2,93,24.0,31.0,0.2,76,42,27,60,0.0,0.22,0.0,0.0,0.0,0.0,0.0,0
2019-05-15 23:00:00,25.2,92,23.8,31.0,0.1,92,87,21,44,0.0,0.26,0.0,0.0,0.0,0.0,0.0,0
2019-05-16 00:00:00,25.2,90,23.4,30.8,0.1,85,68,17,79,0.0,0.33,0.0,0.0,0.0,0.0,0.0,0
2019-05-16 01:00:00,25.5,87,23.1,30.8,0.1,100,100,14,83,0.0,0.44,0.0,0.0,0.0,0.0,0.0,0
2019-05-16 02:00:00,25.2,92,23.7,31.0,0.1,100,100,9,65,0.0,0.27,0.0,0.0,0.0,0.0,0.0,0
2019-05-16 03:00:00,25.0,94,24.0,30.7,0.3,100,100,29,20,0.0,0.17,0.0,0.0,0.0,0.0,0.0,0
2019-05-16 04:00:00,25.0,95,24.1,30.5,0.2,97,96,4,81,0.0,0.17,0.0,0.0,0.0,0.0,0.0,0
2019-05-16 05:00:00,25.0,94,24.1,30.4,0.1,91,82,11,85,0.0,0.18,0.0,0.0,0.0,0.0,0.0,0
2019-05-16 06:00:00,25.3,95,24.4,30.6,0.1,100,100,7,70,0.02,0.17,26.3,2.2,24.1,11.4,232.9,1
2019-05-16 07:00:00,26.1,92,24.6,31.7,0.0,90,27,10,88,0.08,0.28,141.1,44.3,96.8,155.4,527.9,1
2019-05-16 08:00:00,26.9,88,24.7,32.9,0.0,90,82,31,59,0.2,0.43,340.7,172.7,167.9,347.0,799.4,1
2019-05-16 09:00:00,28.6,80,24.8,33.6,0.0,80,44,2,76,0.34,0.78,531.1,276.7,254.3,403.4,1029.0,1
2019-05-16 10:00:00,30.1,76,25.3,36.1,0.0,83,5,1,82,0.49,1.04,726.8,488.8,238.0,584.1,1201.1,1
2019-05-16 11:00:00,31.5,68,24.9,37.1,0.0,88,4,3,87,0.58,1.46,808.0,499.3,308.7,531.1,1303.8,1
2019-05-16 12:00:00,32.0,67,25.1,37.8,0.0,33,4,5,30,0.62,1.56,832.2,476.4,355.8,481.9,1330.3,1
2019-05-16 13:00:00,31.4,72,25.7,37.9,0.2,48,7,12,42,0.62,1.28,827.2,642.8,184.4,656.4,1278.7,1
2019-05-16 14:00:00,31.5,75,26.5,38.6,0.7,33,8,16,22,0.56,1.16,721.8,550.1,171.7,602.8,1152.7,1
2019-05-16 15:00:00,31.1,75,26.1,37.3,0.4,51,3,21,46,0.47,1.14,573.7,406.3,167.4,512.3,960.6,1
2019-05-16 16:00:00,29.8,78,25.5,35.2,4.3,98,15,24,97,0.32,0.93,358.8,206.6,152.2,328.4,715.8,1
2019-05-16 17:00:00,28.8,84,25.9,35.0,0.0,98,9,20,97,0.13,0.62,112.2,18.8,93.4,43.6,434.9,1
2019-05-16 18:00:00,28.1,82,24.7,33.3,0.0,100,6,15,100,0.08,0.69,33.0,1.4,31.6,6.7,137.0,1
2019-05-16 19:00:00,27.1,85,24.3,32.6,0.0,99,8,17,99,0.03,0.55,0.0,0.0,0.0,0.0,0.0,0
2019-05-16 20:00:00,25.8,95,25.0,32.1,0.0,98,29,36,100,0.0,0.15,0.0,0.0,0.0,0.0,0.0,0
2019-05-16 21:00:00,26.0,91,24.5,32.2,1.9,99,33,75,98,0.0,0.29,0.0,0.0,0.0,0.0,0.0,0
2019-05-16 22:00:00,25.8,94,24.7,32.2,0.5,100,22,39,100,0.0,0.21,0.0,0.0,0.0,0.0,0.0,0
2019-05-16 23:00:00,25.1,96,24.5,31.5,0.9,100,20,96,99,0.0,0.12,0.0,0.0,0.0,0.0,0.0,0
2019-05-17 00:00:00,25.3,94,24.3,31.4,1.1,98,13,47,97,0.0,0.2,0.0,0.0,0.0,0.0,0.0,0
2019-05-17 01:00:00,25.2,93,24.1,31.0,0.2,100,11,57,100,0.0,0.21,0.0,0.0,0.0,0.0,0.0,0
2019-05-17 02:00:00,25.1,94,24.1,30.8,0.3,100,6,95,100,0.0,0.18,0.0,0.0,0.0,0.0,0.0,0
2019-05-17 03:00:00,24.7,95,23.9,30.3,0.5,100,6,99,100,0.0,0.15,0.0,0.0,0.0,0.0,0.0,0
2019-05-17 04:00:00,24.6,96,23.9,30.3,0.9,100,5,93,100,0.0,0.14,0.0,0.0,0.0,0.0,0.0,0
2019-05-17 05:00:00,24.5,96,23.8,30.0,2.4,100,1,36,100,0.0,0.14,0.0,0.0,0.0,0.0,0.0,0
2019-05-17 06:00:00,24.5,96,23.8,29.9,2.2,100,1,69,100,0.02,0.14,8.7,0.0,8.7,0.0,234.8,1
2019-05-17 07:00:00,25.0,94,24.1,30.6,0.7,100,1,76,100,0.03,0.18,42.8,0.0,42.8,0.0,529.2,1
2019-05-17 08:00:00,26.3,90,24.5,31.8,0.6,99,3,99,100,0.07,0.35,91.1,0.0,91.1,0.0,800.3,1
2019-05-17 09:00:00,27.2,86,24.6,33.0,0.9,100,6,100,99,0.11,0.51,150.1,0.0,150.1,0.0,1029.5,1
2019-05-17 10:00:00,28.1,77,23.6,33.2,0.8,100,6,100,99,0.29,0.89,410.5,109.3,301.2,130.5,1201.3,1
2019-05-17 11:00:00,27.6,80,23.7,33.1,1.9,99,13,80,98,0.23,0.75,308.7,36.3,272.4,38.5,1303.8,1
2019-05-17 12:00:00,27.6,81,24.0,33.5,0.2,89,36,35,85,0.27,0.7,364.8,69.4,295.5,70.1,1330.3,1
2019-05-17 13:00:00,28.5,79,24.6,34.9,0.1,90,27,16,88,0.44,0.8,589.2,263.4,325.8,268.8,1278.8,1
2019-05-17 14:00:00,29.6,76,24.9,36.4,0.1,95,39,9,93,0.48,1.0,606.8,335.9,270.8,367.9,1153.0,1
2019-05-17 15:00:00,30.4,73,25.1,36.8,0.6,86,24,25,82,0.44,1.17,531.3,307.7,223.6,387.7,961.3,1
2019-05-17 16:00:00,30.1,72,24.5,35.9,2.1,46,12,24,35,0.29,1.18,324.1,168.4,155.7,267.3,717.0,1
2019-05-17 17:00:00,29.1,79,25.0,34.5,0.0,75,1,13,73,0.19,0.86,178.7,95.8,82.9,221.3,436.6,1
2019-05-17 18:00:00,27.7,88,25.4,33.0,0.0,84,2,0,84,0.08,0.46,48.7,15.0,33.8,69.4,139.2,1
2019-05-17 19:00:00,26.2,93,25.0,31.2,0.0,99,1,2,99,0.02,0.22,0.0,0.0,0.0,0.0,0.0,0
2019-05-17 20:00:00,25.4,95,24.5,30.8,0.0,99,0,19,98,0.0,0.17,0.0,0.0,0.0,0.0,0.0,0
2019-05-17 21:00:00,25.4,94,24.4,30.4,0.0,97,0,3,97,0.0,0.19,0.0,0.0,0.0,0.0,0.0,0
2019-05-17 22:00:00,25.2,95,24.4,30.2,0.0,97,1,1,97,0.0,0.16,0.0,0.0,0.0,0.0,0.0,0
2019-05-17 23:00:00,25.1,95,24.3,30.1,0.0,97,3,11,97,0.0,0.15,0.0,0.0,0.0,0.0,0.0,0
2019-05-18 00:00:00,25.0,95,24.1,30.4,0.0,97,4,17,97,0.0,0.16,0.0,0.0,0.0,0.0,0.0,0
2019-05-18 01:00:00,24.8,93,23.6,29.9,0.0,98,5,20,98,0.0,0.21,0.0,0.0,0.0,0.0,0.0,0
2019-05-18 02:00:00,24.2,94,23.1,28.9,0.0,91,15,20,89,0.0,0.18,0.0,0.0,0.0,0.0,0.0,0
2019-05-18 03:00:00,24.0,95,23.1,29.1,0.0,97,22,27,96,0.0,0.16,0.0,0.0,0.0,0.0,0.0,0
2019-05-18 04:00:00,24.1,94,23.0,29.3,0.0,97,13,19,97,0.0,0.18,0.0,0.0,0.0,0.0,0.0,0
2019-05-18 05:00:00,24.6,89,22.6,29.2,0.0,90,14,20,88,0.0,0.34,0.0,0.0,0.0,0.0,0.0,0
2019-05-18 06:00:00,25.6,86,23.1,30.3,0.0,47,13,28,31,0.03,0.45,63.4,15.3,48.1,79.6,236.6,1
2019-05-18 07:00:00,26.8,84,23.8,31.6,0.0,82,6,7,81,0.12,0.57,227.5,120.0,107.6,417.2,530.5,1
2019-05-18 08:00:00,28.0,76,23.4,33.3,0.0,88,4,3,97,0.25,0.89,430.2,263.6,166.6,527.4,801.1,1
2019-05-18 09:00:00,28.1,81,24.5,33.2,0.0,97,11,16,97,0.25,0.74,379.6,88.5,291.2,128.7,1029.9,1
2019-05-18 10:00:00,28.7,80,24.9,34.4,0.0,94,4,18,93,0.4,0.8,587.3,255.1,332.2,304.4,1201.4,1
2019-05-18 11:00:00,30.4,74,25.2,37.5,0.0,89,2,32,84,0.55,1.13,776.9,442.3,334.6,470.0,1303.8,1
2019-05-18 12:00:00,32.0,67,25.2,39.2,0.0,45,8,26,31,0.59,1.55,770.9,454.3,316.6,459.1,1330.2,1
2019-05-18 13:00:00,31.2,73,25.9,38.0,1.4,53,10,40,23,0.55,1.21,715.1,512.2,202.9,522.5,1278.9,1
2019-05-18 14:00:00,31.4,74,26.2,38.6,0.7,46,18,37,24,0.48,1.18,588.0,387.9,200.1,424.6,1153.3,1
2019-05-18 15:00:00,30.6,76,26.0,37.7,1.7,88,16,46,82,0.37,1.04,440.9,273.4,167.5,344.1,962.0,1
2019-05-18 16:00:00,28.9,80,25.1,34.7,17.0,95,39,47,92,0.23,0.8,254.5,131.9,122.5,209.1,718.1,1
2019-05-18 17:00:00,26.6,88,24.5,31.0,7.7,99,25,65,98,0.13,0.41,124.6,43.8,80.8,100.9,438.2,1
2019-05-18 18:00:00,25.1,94,24.1,29.6,1.7,95,3,33,92,0.05,0.19,29.2,5.8,23.4,26.9,141.4,1
2019-05-18 19:00:00,24.9,95,24.1,29.8,0.0,93,17,23,91,0.02,0.16,0.0,0.0,0.0,0.0,0.0,0
2019-05-18 20:00:00,25.3,96,24.6,31.3,0.0,99,13,14,45,0.0,0.13,0.0,0.0,0.0,0.0,0.0,0
2019-05-18 21:00:00,25.3,96,24.7,31.3,0.0,70,0,3,69,0.0,0.12,0.0,0.0,0.0,0.0,0.0,0
2019-05-18 22:00:00,25.1,97,24.6,31.1,0.0,97,7,11,97,0.0,0.1,0.0,0.0,0.0,0.0,0.0,0
2019-05-18 23:00:00,25.2,95,24.4,30.9,0.0,97,7,17,97,0.0,0.15,0.0,0.0,0.0,0.0,0.0,0
2019-05-19 00:00:00,24.8,96,24.1,30.6,0.0,91,2,13,89,0.0,0.14,0.0,0.0,0.0,0.0,0.0,0
2019-05-19 01:00:00,24.6,96,23.8,30.1,0.0,94,0,13,93,0.0,0.14,0.0,0.0,0.0,0.0,0.0,0
2019-05-19 02:00:00,24.3,95,23.5,29.4,0.0,92,4,20,91,0.0,0.14,0.0,0.0,0.0,0.0,0.0,0
2019-05-19 03:00:00,24.2,95,23.3,29.3,0.0,90,11,28,87,0.0,0.16,0.0,0.0,0.0,0.0,0.0,0
2019-05-19 04:00:00,24.5,93,23.3,29.5,0.0,92,12,22,90,0.0,0.21,0.0,0.0,0.0,0.0,0.0,0
2019-05-19 05:00:00,24.5,93,23.3,29.6,0.0,94,5,20,93,0.0,0.21,0.0,0.0,0.0,0.0,0.0,0
2019-05-19 06:00:00,25.4,92,24.0,31.3,0.0,77,9,38,70,0.02,0.27,50.2,8.7,41.5,45.3,238.3,1
2019-05-19 07:00:00,27.3,82,23.9,33.2,0.0,91,9,5,90,0.1,0.66,192.8,71.6,121.2,247.9,531.7,1
2019-05-19 08:00:00,28.4,75,23.6,34.0,0.0,94,5,7,83,0.21,0.97,349.7,153.3,196.4,306.1,801.8,1
2019-05-19 09:00:00,29.7,73,24.3,35.3,0.0,84,2,12,82,0.36,1.13,547.5,312.4,235.1,453.9,1030.3,1
2019-05-19 10:00:00,30.7,69,24.3,36.6,0.0,56,15,10,49,0.48,1.38,677.2,411.5,265.8,490.7,1201.5,1
2019-05-19 11:00:00,31.7,68,24.9,38.8,0.0,64,16,12,58,0.6,1.52,813.1,594.5,218.5,631.6,1303.7,1
2019-05-19 12:00:00,31.7,69,25.2,39.2,0.2,35,29,15,8,0.6,1.46,795.0,539.7,255.3,545.3,1330.2,1
2019-05-19 13:00:00,32.1,70,25.9,40.1,0.3,45,37,22,21,0.59,1.45,751.2,521.0,230.2,531.3,1279.0,1
2019-05-19 14:00:00,31.8,71,25.9,38.7,5.2,50,12,9,45,0.5,1.36,615.4,403.0,212.4,440.9,1153.6,1
2019-05-19 15:00:00,31.1,72,25.6,37.3,0.9,86,18,84,13,0.35,1.25,395.7,227.3,168.4,285.8,962.7,1
2019-05-19 16:00:00,30.4,76,25.7,37.0,0.3,99,11,21,99,0.26,1.04,282.7,153.3,129.4,242.6,719.3,1
2019-05-19 17:00:00,29.1,80,25.4,34.6,0.1,100,12,14,100,0.19,0.8,189.0,80.1,108.9,184.1,439.9,1
2019-05-19 18:00:00,28.0,84,25.0,33.3,0.0,100,0,0,100,0.08,0.61,40.8,4.9,35.8,22.5,143.5,1
2019-05-19 19:00:00,26.9,86,24.4,32.3,0.0,100,1,1,100,0.03,0.48,0.0,0.0,0.0,0.0,0.0,0
2019-05-19 20:00:00,27.0,90,25.1,32.9,0.0,100,2,0,93,0.0,0.37,0.0,0.0,0.0,0.0,0.0,0
2019-05-19 21:00:00,26.6,91,24.9,32.6,0.0,93,1,0,92,0.0,0.32,0.0,0.0,0.0,0.0,0.0,0
2019-05-19 22:00:00,26.1,94,25.0,32.0,0.0,100,0,10,100,0.0,0.2,0.0,0.0,0.0,0.0,0.0,0
2019-05-19 23:00:00,25.7,95,24.8,31.5,0.0,100,0,18,100,0.0,0.17,0.0,0.0,0.0,0.0,0.0,0
2019-05-20 00:00:00,25.1,96,24.3,30.7,0.0,100,1,14,100,0.0,0.14,0.0,0.0,0.0,0.0,0.0,0
2019-05-20 01:00:00,25.0,96,24.3,31.0,0.0,100,2,14,100,0.0,0.13,0.0,0.0,0.0,0.0,0.0,0
2019-05-20 02:00:00,25.0,96,24.4,30.9,0.0,98,1,9,98,0.0,0.12,0.0,0.0,0.0,0.0,0.0,0
2019-05-20 03:00:00,24.4,98,24.0,30.1,0.0,63,2,9,61,0.0,0.07,0.0,0.0,0.0,0.0,0.0,0
2019-05-20 04:00:00,24.1,97,23.6,29.8,0.0,13,0,3,12,0.0,0.09,0.0,0.0,0.0,0.0,0.0,0
2019-05-20 05:00:00,24.2,96,23.5,29.7,0.0,91,1,4,91,0.0,0.12,0.0,0.0,0.0,0.0,0.0,0
2019-05-20 06:00:00,25.5,93,24.3,31.2,0.0,99,6,12,99,0.02,0.23,67.7,17.5,50.2,90.4,239.9,1
2019-05-20 07:00:00,26.6,86,24.0,32.1,0.0,89,13,24,86,0.07,0.49,121.0,31.6,89.4,109.1,532.8,1
2019-05-20 08:00:00,26.9,88,24.6,31.9,0.4,100,42,67,100,0.17,0.44,293.3,95.8,197.5,190.9,802.5,1
2019-05-20 09:00:00,25.7,95,24.8,30.8,3.4,100,91,45,100,0.06,0.17,70.5,0.0,70.5,0.0,1030.5,1
2019-05-20 10:00:00,25.4,92,23.9,30.6,2.2,100,99,39,100,0.06,0.27,58.9,0.0,58.9,0.0,1201.5,1
2019-05-20 11:00:00,24.7,91,23.1,27.7,1.5,100,100,56,100,0.13,0.29,184.4,1.0,183.3,1.1,1303.6,1
2019-05-20 12:00:00,24.7,89,22.7,28.1,0.8,100,100,56,100,0.19,0.35,268.4,21.1,247.3,21.3,1330.1,1
2019-05-20 13:00:00,25.0,85,22.3,28.6,0.6,100,98,30,100,0.28,0.48,400.0,61.5,338.6,62.7,1279.0,1
2019-05-20 14:00:00,23.4,87,21.1,26.1,1.1,100,91,24,100,0.14,0.38,175.6,1.9,173.7,2.1,1154.0,1
2019-05-20 15:00:00,23.2,86,20.7,26.1,1.2,100,100,61,100,0.15,0.41,179.3,6.3,173.0,8.0,963.4,1
2019-05-20 16:00:00,22.9,87,20.6,26.1,1.3,100,98,94,100,0.09,0.37,98.0,0.9,97.1,1.3,720.4,1
2019-05-20 17:00:00,22.9,87,20.7,26.2,0.5,100,100,100,99,0.09,0.36,83.3,4.5,78.7,10.4,441.5,1
2019-05-20 18:00:00,22.5,90,20.7,26.2,0.7,100,56,100,100,0.03,0.28,9.9,0.0,9.9,0.0,145.7,1
2019-05-20 19:00:00,22.4,90,20.6,26.2,0.5,100,36,100,100,0.02,0.27,0.0,0.0,0.0,0.0,0.0,0
2019-05-20 20:00:00,22.5,92,21.0,26.3,0.2,100,12,100,96,0.0,0.23,0.0,0.0,0.0,0.0,0.0,0
2019-05-20 21:00:00,22.2,91,20.6,26.1,0.8,100,12,85,98,0.0,0.25,0.0,0.0,0.0,0.0,0.0,0
2019-05-20 22:00:00,22.0,88,19.9,25.1,0.3,99,0,72,98,0.0,0.32,0.0,0.0,0.0,0.0,0.0,0
2019-05-20 23:00:00,21.8,88,19.7,24.6,0.0,94,12,67,82,0.0,0.32,0.0,0.0,0.0,0.0,0.0,0
2019-05-21 00:00:00,21.5,89,19.7,24.3,0.0,89,27,54,76,0.0,0.28,0.0,0.0,0.0,0.0,0.0,0
2019-05-21 01:00:00,21.3,89,19.5,23.9,0.0,84,33,55,63,0.0,0.27,0.0,0.0,0.0,0.0,0.0,0
2019-05-21 02:00:00,21.2,89,19.3,23.5,0.0,22,3,21,0,0.0,0.28,0.0,0.0,0.0,0.0,0.0,0
2019-05-21 03:00:00,20.9,87,18.6,22.9,0.0,76,2,74,10,0.0,0.32,0.0,0.0,0.0,0.0,0.0,0
2019-05-21 04:00:00,21.0,80,17.4,22.3,0.0,100,8,100,0,0.01,0.5,0.0,0.0,0.0,0.0,0.0,0
2019-05-21 05:00:00,21.1,79,17.3,22.1,0.0,45,1,45,0,0.02,0.53,0.0,0.0,0.0,0.0,0.0,0
2019-05-21 06:00:00,21.1,77,16.9,21.9,0.0,28,1,28,0,0.05,0.58,56.7,19.6,37.1,101.4,241.3,1
2019-05-21 07:00:00,22.2,74,17.4,23.0,0.0,33,1,32,0,0.13,0.68,237.6,129.1,108.5,443.7,533.8,1
2019-05-21 08:00:00,23.1,67,16.6,22.9,0.0,25,2,15,86,0.26,0.93,434.3,278.8,155.5,555.0,803.0,1
2019-05-21 09:00:00,23.7,62,16.1,23.1,0.0,62,8,12,56,0.38,1.1,626.7,445.4,181.3,646.1,1030.7,1
2019-05-21 10:00:00,24.2,60,16.0,24.4,0.0,55,13,11,47,0.49,1.2,806.7,617.1,189.6,735.2,1201.4,1
2019-05-21 11:00:00,24.5,56,15.2,24.9,0.0,36,1,26,13,0.56,1.35,887.6,683.6,204.0,725.6,1303.5,1
2019-05-21 12:00:00,24.4,55,14.7,24.7,0.0,71,0,67,14,0.55,1.38,840.3,635.2,205.0,641.4,1330.0,1
2019-05-21 13:00:00,24.5,53,14.3,24.9,0.0,97,0,97,11,0.57,1.44,841.1,556.2,284.9,566.8,1279.1,1
2019-05-21 14:00:00,24.2,53,14.1,23.8,0.0,95,0,94,14,0.49,1.41,678.9,406.9,271.9,444.7,1154.3,1
2019-05-21 15:00:00,23.9,54,14.0,22.9,0.0,40,0,4,38,0.42,1.36,531.8,265.5,266.4,333.2,964.2,1
2019-05-21 16:00:00,23.7,53,13.7,22.4,0.0,6,0,6,0,0.39,1.36,475.6,366.5,109.1,578.3,721.6,1
2019-05-21 17:00:00,22.9,59,14.5,22.2,0.0,21,0,21,0,0.25,1.14,256.2,176.6,79.6,403.6,443.2,1
2019-05-21 18:00:00,21.7,64,14.5,21.4,0.0,30,0,30,0,0.12,0.95,67.4,37.0,30.5,166.7,147.9,1
2019-05-21 19:00:00,21.2,62,13.7,20.5,0.0,38,0,38,0,0.08,0.95,0.0,0.0,0.0,0.0,0.0,0
2019-05-21 20:00:00,21.3,62,13.6,20.6,0.0,78,0,93,0,0.06,0.97,0.0,0.0,0.0,0.0,0.0,0
2019-05-21 21:00:00,21.4,61,13.5,20.5,0.0,100,0,100,0,0.07,1.0,0.0,0.0,0.0,0.0,0.0,0
2019-05-21 22:00:00,21.5,61,13.6,20.7,0.0,68,2,68,0,0.07,1.01,0.0,0.0,0.0,0.0,0.0,0
2019-05-21 23:00:00,21.0,64,13.9,20.5,0.0,100,4,100,0,0.05,0.89,0.0,0.0,0.0,0.0,0.0,0
2019-05-22 00:00:00,20.9,66,14.4,20.8,0.0,89,4,89,0,0.04,0.83,0.0,0.0,0.0,0.0,0.0,0
2019-05-22 01:00:00,20.9,67,14.6,20.9,0.0,98,2,98,0,0.04,0.8,0.0,0.0,0.0,0.0,0.0,0
2019-05-22 02:00:00,20.7,69,14.8,20.8,0.0,22,3,22,0,0.04,0.77,0.0,0.0,0.0,0.0,0.0,0
2019-05-22 03:00:00,20.0,72,14.9,20.2,0.0,9,7,9,0,0.03,0.65,0.0,0.0,0.0,0.0,0.0,0
2019-05-22 04:00:00,19.9,74,15.1,20.2,0.0,16,5,16,0,0.02,0.61,0.0,0.0,0.0,0.0,0.0,0
2019-05-22 05:00:00,19.8,76,15.4,20.3,0.0,16,11,16,0,0.02,0.57,0.0,0.0,0.0,0.0,0.0,0
2019-05-22 06:00:00,20.6,77,16.5,21.4,0.0,18,14,14,0,0.05,0.55,74.2,28.4,45.8,146.1,242.7,1
2019-05-22 07:00:00,22.8,73,17.7,24.1,0.0,27,6,25,0,0.14,0.75,255.1,149.5,105.6,512.2,534.7,1
2019-05-22 08:00:00,24.4,66,17.5,25.0,0.0,77,6,27,0,0.28,1.05,473.6,324.1,149.5,644.3,803.5,1
2019-05-22 09:00:00,25.7,62,17.8,26.8,0.0,38,2,38,0,0.41,1.27,665.7,487.8,177.9,707.1,1030.9,1
2019-05-22 10:00:00,26.7,59,17.9,28.6,0.0,50,1,50,0,0.52,1.46,788.5,563.5,225.0,671.1,1201.4,1
2019-05-22 11:00:00,27.1,58,18.2,29.0,0.0,100,0,100,0,0.5,1.5,712.6,401.8,310.7,426.4,1303.3,1
2019-05-22 12:00:00,27.1,60,18.5,28.6,0.0,100,0,100,0,0.44,1.45,580.0,147.8,432.2,149.1,1329.9,1
2019-05-22 13:00:00,27.4,59,18.8,29.4,0.0,92,0,92,0,0.49,1.48,645.0,254.7,390.3,259.4,1279.1,1
2019-05-22 14:00:00,27.6,60,19.1,29.7,0.0,67,0,67,0,0.49,1.47,636.5,330.5,306.0,360.9,1154.7,1
2019-05-22 15:00:00,26.7,62,18.9,28.0,0.0,94,1,94,2,0.39,1.32,465.8,228.4,237.4,286.4,964.9,1
2019-05-22 16:00:00,24.6,73,19.5,26.4,0.1,95,0,95,0,0.17,0.83,154.4,40.9,113.4,64.5,722.8,1
2019-05-22 17:00:00,23.8,75,19.2,25.3,0.2,97,1,97,0,0.13,0.72,106.3,17.5,88.8,39.8,444.9,1
2019-05-22 18:00:00,23.1,77,18.8,24.5,0.1,73,0,73,2,0.08,0.66,25.7,2.5,23.2,11.3,150.1,1
2019-05-22 19:00:00,22.4,77,18.2,23.4,0.0,100,3,100,2,0.06,0.62,0.0,0.0,0.0,0.0,0.0,0
2019-05-22 20:00:00,22.6,72,17.2,23.8,0.0,57,4,53,1,0.03,0.78,0.0,0.0,0.0,0.0,0.0,0
2019-05-22 21:00:00,22.3,74,17.4,23.9,0.0,24,10,23,6,0.02,0.71,0.0,0.0,0.0,0.0,0.0,0
2019-05-22 22:00:00,21.4,81,18.0,23.4,0.0,35,20,30,4,0.0,0.48,0.0,0.0,0.0,0.0,0.0,0
2019-05-22 23:00:00,21.2,84,18.3,23.3,0.0,56,37,49,0,0.0,0.41,0.0,0.0,0.0,0.0,0.0,0
2019-05-23 00:00:00,21.2,86,18.7,23.4,0.0,58,43,45,4,0.0,0.35,0.0,0.0,0.0,0.0,0.0,0
2019-05-23 01:00:00,22.6,74,17.8,25.1,0.1,70,50,64,14,0.0,0.71,0.0,0.0,0.0,0.0,0.0,0
2019-05-23 02:00:00,22.3,78,18.2,24.9,1.1,100,0,100,40,0.0,0.6,0.0,0.0,0.0,0.0,0.0,0
2019-05-23 03:00:00,21.8,81,18.4,24.7,5.4,99,0,99,9,0.0,0.49,0.0,0.0,0.0,0.0,0.0,0
2019-05-23 04:00:00,20.9,92,19.6,24.3,0.8,87,0,87,18,0.0,0.19,0.0,0.0,0.0,0.0,0.0,0
2019-05-23 05:00:00,20.6,93,19.5,24.1,0.6,97,95,74,43,0.0,0.17,0.0,0.0,0.0,0.0,0.0,0
2019-05-23 06:00:00,21.4,90,19.7,25.0,0.6,100,100,69,8,0.02,0.25,28.3,0.0,28.3,0.0,244.0,1
2019-05-23 07:00:00,21.8,90,20.1,25.7,0.8,100,100,100,18,0.05,0.27,84.9,1.4,83.6,4.7,535.5,1
2019-05-23 08:00:00,22.9,83,19.9,26.0,0.8,69,100,89,26,0.09,0.47,125.5,8.4,117.2,16.6,803.9,1
2019-05-23 09:00:00,22.8,87,20.5,25.7,1.1,100,100,100,9,0.11,0.37,155.5,5.6,149.9,8.1,1031.0,1
2019-05-23 10:00:00,23.4,86,20.9,26.8,1.5,100,100,100,5,0.12,0.41,170.3,19.3,151.0,23.0,1201.3,1
2019-05-23 11:00:00,23.9,88,21.8,27.4,1.6,100,100,100,7,0.16,0.36,228.9,11.4,217.5,12.1,1303.1,1
2019-05-23 12:00:00,23.9,89,21.9,26.9,0.9,84,9,84,15,0.19,0.34,274.4,56.3,218.1,56.8,1329.7,1
2019-05-23 13:00:00,24.5,86,22.0,27.4,0.8,86,17,84,23,0.29,0.43,445.0,192.2,252.8,195.8,1279.2,1
2019-05-23 14:00:00,25.2,83,22.1,28.1,0.2,88,14,87,19,0.31,0.54,452.4,193.6,258.8,211.3,1155.0,1
2019-05-23 15:00:00,24.9,82,21.6,27.3,0.1,55,2,55,0,0.25,0.56,326.3,146.8,179.5,184.0,965.6,1
2019-05-23 16:00:00,24.2,82,21.0,26.1,0.0,52,0,52,0,0.2,0.53,254.3,119.5,134.8,187.9,724.0,1
2019-05-23 17:00:00,23.9,82,20.6,25.6,0.0,52,4,51,0,0.17,0.54,193.1,107.9,85.1,245.2,446.6,1
2019-05-23 18:00:00,23.2,83,20.2,24.8,0.0,65,8,64,0,0.09,0.48,46.7,18.3,28.4,81.3,152.3,1
2019-05-23 19:00:00,22.7,84,19.9,24.1,0.0,22,9,21,0,0.05,0.44,0.0,0.0,0.0,0.0,0.0,0
2019-05-23 20:00:00,23.1,84,20.2,25.2,0.0,21,20,39,0,0.02,0.46,0.0,0.0,0.0,0.0,0.0,0
2019-05-23 21:00:00,23.3,84,20.4,25.2,0.0,28,7,28,0,0.02,0.46,0.0,0.0,0.0,0.0,0.0,0
2019-05-23 22:00:00,23.0,86,20.5,24.9,0.0,24,2,23,0,0.02,0.4,0.0,0.0,0.0,0.0,0.0,0
2019-05-23 23:00:00,22.8,87,20.5,24.7,0.0,19,2,19,0,0.02,0.36,0.0,0.0,0.0,0.0,0.0,0
2019-05-24 00:00:00,22.6,88,20.5,24.5,0.0,11,2,11,0,0.01,0.33,0.0,0.0,0.0,0.0,0.0,0
2019-05-24 01:00:00,22.5,88,20.5,24.6,0.0,10,5,8,0,0.01,0.32,0.0,0.0,0.0,0.0,0.0,0
2019-05-24 02:00:00,22.5,89,20.6,24.8,0.0,23,5,22,0,0.01,0.31,0.0,0.0,0.0,0.0,0.0,0
2019-05-24 03:00:00,22.6,88,20.6,24.8,0.0,41,9,26,18,0.01,0.32,0.0,0.0,0.0,0.0,0.0,0
2019-05-24 04:00:00,22.6,88,20.6,25.1,0.0,34,14,16,20,0.01,0.32,0.0,0.0,0.0,0.0,0.0,0
2019-05-24 05:00:00,22.6,88,20.6,25.2,0.0,52,8,11,46,0.01,0.32,0.0,0.0,0.0,0.0,0.0,0
2019-05-24 06:00:00,23.4,87,21.1,26.2,0.0,23,9,3,16,0.04,0.38,58.9,17.4,41.4,89.5,245.2,1
2019-05-24 07:00:00,24.7,83,21.7,27.8,0.0,23,13,3,12,0.12,0.52,231.3,106.7,124.5,363.6,536.2,1
2019-05-24 08:00:00,25.9,77,21.7,28.2,0.0,15,8,2,12,0.24,0.76,401.6,258.1,143.4,511.9,804.2,1
2019-05-24 09:00:00,26.9,72,21.5,28.8,0.0,7,6,2,0,0.37,0.98,605.1,438.5,166.7,634.8,1031.0,1
2019-05-24 10:00:00,27.4,70,21.4,29.7,0.0,5,5,0,0,0.47,1.09,743.4,549.5,193.9,653.9,1201.1,1
2019-05-24 11:00:00,27.7,69,21.4,30.5,0.0,4,4,1,0,0.55,1.16,857.5,685.6,171.9,727.2,1302.9,1
2019-05-24 12:00:00,28.2,67,21.5,31.7,0.0,6,4,5,0,0.63,1.26,942.9,780.1,162.8,787.0,1329.6,1
2019-05-24 13:00:00,28.3,66,21.3,31.5,0.0,6,2,5,0,0.61,1.31,873.5,704.6,168.8,717.3,1279.2,1
2019-05-24 14:00:00,28.3,65,21.1,31.1,0.0,16,7,14,2,0.56,1.34,767.9,610.2,157.7,665.7,1155.4,1
2019-05-24 15:00:00,27.8,67,21.0,30.0,0.0,20,11,18,0,0.45,1.25,566.7,411.6,155.0,515.3,966.4,1
2019-05-24 16:00:00,27.1,69,20.8,28.8,0.0,15,3,13,2,0.36,1.12,418.3,286.0,132.3,449.2,725.2,1
2019-05-24 17:00:00,26.1,73,20.9,28.1,0.0,20,4,12,10,0.22,0.92,220.0,148.4,71.5,336.2,448.3,1
2019-05-24 18:00:00,25.1,76,20.5,26.9,0.0,34,10,7,27,0.12,0.77,62.4,31.2,31.2,137.9,154.5,1
2019-05-24 19:00:00,24.3,78,20.1,26.0,0.0,27,8,5,19,0.06,0.68,0.0,0.0,0.0,0.0,0.0,0
2019-05-24 20:00:00,24.2,79,20.3,26.2,0.0,25,4,5,13,0.04,0.64,0.0,0.0,0.0,0.0,0.0,0
2019-05-24 21:00:00,24.5,76,20.0,26.6,0.0,22,4,7,16,0.04,0.74,0.0,0.0,0.0,0.0,0.0,0
2019-05-24 22:00:00,24.3,76,19.8,26.4,0.0,16,8,11,4,0.03,0.72,0.0,0.0,0.0,0.0,0.0,0
2019-05-24 23:00:00,24.2,77,19.9,26.3,0.0,30,10,15,17,0.03,0.7,0.0,0.0,0.0,0.0,0.0,0
2019-05-25 00:00:00,23.9,78,19.8,26.2,0.0,23,8,21,1,0.02,0.67,0.0,0.0,0.0,0.0,0.0,0
2019-05-25 01:00:00,23.6,79,19.8,26.2,0.0,42,6,32,15,0.01,0.6,0.0,0.0,0.0,0.0,0.0,0
2019-05-25 02:00:00,23.3,80,19.7,26.1,0.0,32,15,26,4,0.01,0.57,0.0,0.0,0.0,0.0,0.0,0
2019-05-25 03:00:00,23.1,81,19.7,25.9,0.0,54,19,17,44,0.01,0.53,0.0,0.0,0.0,0.0,0.0,0
2019-05-25 04:00:00,23.1,81,19.7,25.8,0.0,54,15,15,46,0.01,0.53,0.0,0.0,0.0,0.0,0.0,0
2019-05-25 05:00:00,23.1,81,19.7,25.8,0.0,26,14,14,16,0.01,0.53,0.0,0.0,0.0,0.0,0.0,0
2019-05-25 06:00:00,23.9,81,20.4,26.6,0.0,15,12,5,2,0.04,0.56,63.2,24.0,39.2,122.8,246.3,1
2019-05-25 07:00:00,25.3,78,21.3,28.3,0.0,95,12,9,95,0.13,0.7,218.7,116.2,102.5,394.8,536.8,1
2019-05-25 08:00:00,26.5,75,21.6,29.1,0.0,95,9,14,96,0.22,0.88,325.0,146.9,178.0,291.1,804.5,1
2019-05-25 09:00:00,27.7,70,21.8,30.0,0.0,95,5,14,94,0.37,1.1,564.8,302.0,262.8,437.0,1031.0,1
2019-05-25 10:00:00,28.4,68,21.9,31.1,0.0,97,3,4,97,0.49,1.24,733.7,467.0,266.7,555.6,1200.9,1
2019-05-25 11:00:00,28.7,68,22.1,31.9,0.0,100,4,6,100,0.57,1.27,850.3,573.8,276.5,608.5,1302.7,1
2019-05-25 12:00:00,28.4,69,22.2,31.3,0.0,99,17,12,99,0.52,1.2,745.9,445.3,300.6,449.2,1329.4,1
2019-05-25 13:00:00,28.6,69,22.3,31.9,0.0,100,27,35,100,0.54,1.23,758.4,497.8,260.6,506.6,1279.3,1
2019-05-25 14:00:00,28.4,69,22.1,31.4,0.0,100,26,41,100,0.54,1.21,745.4,534.7,210.7,583.0,1155.7,1
2019-05-25 15:00:00,27.1,71,21.5,28.4,0.0,100,3,29,100,0.36,1.03,455.3,238.5,216.8,298.3,967.2,1
2019-05-25 16:00:00,26.6,73,21.3,28.2,0.0,98,6,7,98,0.31,0.96,369.0,203.3,165.7,318.8,726.5,1
2019-05-25 17:00:00,25.9,75,21.1,27.8,0.0,99,1,7,99,0.2,0.83,194.3,97.6,96.8,220.3,450.0,1
2019-05-25 18:00:00,25.1,77,20.7,26.9,0.0,99,1,7,99,0.12,0.74,69.1,30.4,38.7,133.4,156.7,1
2019-05-25 19:00:00,24.4,77,20.2,26.5,0.0,99,0,3,99,0.06,0.7,0.0,0.0,0.0,0.0,0.0,0
2019-05-25 20:00:00,24.4,76,20.0,26.5,0.0,100,1,1,97,0.04,0.73,0.0,0.0,0.0,0.0,0.0,0
2019-05-25 21:00:00,24.5,76,19.9,26.5,0.0,100,0,0,100,0.04,0.75,0.0,0.0,0.0,0.0,0.0,0
2019-05-25 22:00:00,24.5,75,19.8,26.0,0.0,100,0,0,100,0.05,0.76,0.0,0.0,0.0,0.0,0.0,0
2019-05-25 23:00:00,24.3,76,19.8,25.6,0.0,100,3,0,100,0.05,0.74,0.0,0.0,0.0,0.0,0.0,0
2019-05-26 00:00:00,24.1,77,19.9,25.9,0.0,97,1,1,97,0.04,0.68,0.0,0.0,0.0,0.0,0.0,0
2019-05-26 01:00:00,23.4,81,19.9,26.1,0.0,99,1,0,99,0.01,0.55,0.0,0.0,0.0,0.0,0.0,0
2019-05-26 02:00:00,22.6,86,20.1,25.6,0.0,98,1,0,98,0.0,0.38,0.0,0.0,0.0,0.0,0.0,0
2019-05-26 03:00:00,22.3,87,20.1,25.3,0.0,91,1,0,91,0.0,0.35,0.0,0.0,0.0,0.0,0.0,0
2019-05-26 04:00:00,22.4,87,20.1,25.5,0.0,99,5,7,99,0.0,0.36,0.0,0.0,0.0,0.0,0.0,0
2019-05-26 05:00:00,22.6,87,20.2,25.8,0.0,99,5,40,99,0.0,0.37,0.0,0.0,0.0,0.0,0.0,0
2019-05-26 06:00:00,23.5,85,20.9,27.0,0.0,98,9,0,99,0.03,0.42,61.0,4.4,56.6,22.3,247.2,1
2019-05-26 07:00:00,24.9,80,21.3,29.0,0.0,100,14,0,100,0.09,0.62,177.6,26.0,151.6,88.0,537.4,1
2019-05-26 08:00:00,26.8,74,21.8,31.0,0.0,100,18,0,100,0.16,0.91,249.6,41.8,207.8,82.7,804.6,1
2019-05-26 09:00:00,27.9,69,21.7,32.0,0.0,99,12,0,99,0.31,1.17,459.6,170.0,289.6,245.9,1030.9,1
2019-05-26 10:00:00,28.8,66,21.9,32.7,0.0,99,6,0,99,0.4,1.34,573.0,217.4,355.6,258.6,1200.7,1
2019-05-26 11:00:00,29.6,65,22.2,33.9,0.0,99,3,0,99,0.5,1.47,684.6,251.7,432.9,266.8,1302.4,1
2019-05-26 12:00:00,30.0,63,22.2,34.4,0.0,98,1,10,98,0.56,1.56,758.0,341.8,416.2,344.7,1329.2,1
2019-05-26 13:00:00,30.2,62,22.2,34.9,0.0,99,7,27,98,0.6,1.63,784.8,527.1,257.7,536.3,1279.3,1
2019-05-26 14:00:00,29.6,65,22.3,32.7,0.0,100,13,32,100,0.42,1.45,497.0,235.3,261.7,256.4,1156.1,1
2019-05-26 15:00:00,29.3,65,22.1,32.1,0.0,99,10,25,98,0.46,1.43,546.1,333.8,212.3,417.2,967.9,1
2019-05-26 16:00:00,28.4,69,22.0,30.7,0.0,98,8,21,98,0.34,1.22,366.6,216.2,150.4,338.5,727.7,1
2019-05-26 17:00:00,27.4,72,21.8,29.8,0.0,87,10,18,86,0.23,1.03,208.3,114.5,93.9,257.8,451.7,1
2019-05-26 18:00:00,26.1,75,21.3,28.6,0.0,86,1,13,85,0.12,0.84,58.7,27.0,31.7,117.7,158.9,1
2019-05-26 19:00:00,25.5,75,20.8,28.2,0.0,99,2,24,99,0.06,0.81,0.0,0.0,0.0,0.0,0.0,0
2019-05-26 20:00:00,25.2,78,21.1,28.3,0.0,100,0,35,100,0.02,0.7,0.0,0.0,0.0,0.0,0.0,0
2019-05-26 21:00:00,25.3,78,21.2,28.1,0.0,99,0,24,99,0.03,0.71,0.0,0.0,0.0,0.0,0.0,0
2019-05-26 22:00:00,25.2,80,21.5,28.1,0.0,100,0,18,100,0.03,0.63,0.0,0.0,0.0,0.0,0.0,0
2019-05-26 23:00:00,24.8,83,21.8,28.4,0.0,99,0,23,99,0.01,0.52,0.0,0.0,0.0,0.0,0.0,0
2019-05-27 00:00:00,24.0,89,22.1,28.3,0.0,99,0,1,99,0.0,0.32,0.0,0.0,0.0,0.0,0.0,0
2019-05-27 01:00:00,23.3,93,22.1,27.6,0.0,99,0,6,99,0.0,0.2,0.0,0.0,0.0,0.0,0.0,0
2019-05-27 02:00:00,23.7,90,22.0,27.8,0.0,100,1,31,100,0.0,0.29,0.0,0.0,0.0,0.0,0.0,0
2019-05-27 03:00:00,23.2,93,22.1,27.5,0.0,100,2,72,100,0.0,0.19,0.0,0.0,0.0,0.0,0.0,0
2019-05-27 04:00:00,24.3,87,22.0,28.9,0.0,100,3,12,100,0.0,0.4,0.0,0.0,0.0,0.0,0.0,0
2019-05-27 05:00:00,24.6,85,21.9,29.1,0.1,98,8,3,98,0.0,0.47,0.0,0.0,0.0,0.0,0.0,0
2019-05-27 06:00:00,24.2,93,23.0,29.5,0.3,96,8,38,95,0.02,0.21,28.3,2.2,26.1,11.1,248.1,1
2019-05-27 07:00:00,24.9,89,23.0,29.9,0.2,96,3,88,93,0.06,0.34,103.7,15.0,88.7,50.8,537.8,1
2019-05-27 08:00:00,25.8,87,23.4,31.2,0.1,99,25,80,93,0.11,0.44,171.9,21.5,150.4,42.5,804.8,1
2019-05-27 09:00:00,27.1,85,24.4,32.9,0.1,97,30,68,97,0.24,0.54,363.4,74.9,288.5,108.3,1030.7,1
2019-05-27 10:00:00,27.3,82,24.0,32.7,0.2,98,59,33,97,0.19,0.64,265.6,36.4,229.2,43.3,1200.4,1
2019-05-27 11:00:00,28.4,77,24.0,33.8,0.3,70,33,21,58,0.33,0.9,458.8,113.9,344.9,120.8,1302.1,1
2019-05-27 12:00:00,29.8,75,24.8,36.6,0.1,65,17,37,51,0.52,1.06,708.8,416.2,292.6,419.7,1329.1,1
2019-05-27 13:00:00,28.6,79,24.7,34.4,1.2,83,42,44,74,0.31,0.81,394.4,83.0,311.4,84.4,1279.4,1
2019-05-27 14:00:00,27.7,82,24.4,33.5,14.5,65,21,29,50,0.27,0.67,345.9,131.4,214.5,143.1,1156.5,1
2019-05-27 15:00:00,27.3,83,24.2,33.0,4.4,77,15,52,65,0.21,0.61,253.2,65.3,187.8,81.6,968.7,1
2019-05-27 16:00:00,27.8,82,24.5,33.6,0.2,87,5,29,86,0.24,0.66,278.7,159.9,118.8,250.0,728.9,1
2019-05-27 17:00:00,27.2,84,24.2,33.2,0.1,94,20,32,91,0.13,0.59,128.4,32.9,95.5,73.8,453.4,1
2019-05-27 18:00:00,26.6,89,24.6,32.7,0.0,99,15,11,99,0.06,0.4,37.1,5.2,31.9,22.6,161.0,1
2019-05-27 19:00:00,26.1,89,24.2,32.0,0.0,99,7,4,99,0.02,0.37,0.0,0.0,0.0,0.0,0.0,0
2019-05-27 20:00:00,26.1,91,24.5,31.3,0.0,99,6,22,94,0.0,0.31,0.0,0.0,0.0,0.0,0.0,0
2019-05-27 21:00:00,25.8,88,23.7,30.9,0.0,86,4,11,85,0.0,0.4,0.0,0.0,0.0,0.0,0.0,0
2019-05-27 22:00:00,25.2,90,23.3,30.2,0.0,83,7,2,82,0.0,0.34,0.0,0.0,0.0,0.0,0.0,0
2019-05-27 23:00:00,25.3,88,23.2,30.5,0.0,69,18,21,63,0.0,0.38,0.0,0.0,0.0,0.0,0.0,0
2019-05-28 00:00:00,25.5,87,23.2,30.9,0.0,95,18,40,92,0.0,0.43,0.0,0.0,0.0,0.0,0.0,0
2019-05-28 01:00:00,25.4,88,23.2,30.8,0.0,94,1,28,93,0.0,0.39,0.0,0.0,0.0,0.0,0.0,0
2019-05-28 02:00:00,24.9,91,23.3,30.2,0.0,93,3,16,92,0.0,0.3,0.0,0.0,0.0,0.0,0.0,0
2019-05-28 03:00:00,24.8,93,23.6,30.2,0.0,83,8,25,80,0.0,0.22,0.0,0.0,0.0,0.0,0.0,0
2019-05-28 04:00:00,24.0,98,23.7,29.4,0.0,84,43,21,79,0.0,0.06,0.0,0.0,0.0,0.0,0.0,0
2019-05-28 05:00:00,23.9,98,23.5,29.2,0.4,100,100,37,17,0.0,0.06,0.0,0.0,0.0,0.0,0.0,0
2019-05-28 06:00:00,24.5,97,24.0,29.7,0.7,100,100,45,13,0.02,0.1,41.4,6.5,34.8,33.3,248.9,1
2019-05-28 07:00:00,25.0,94,24.0,30.0,0.6,99,99,46,13,0.06,0.18,96.8,12.3,84.5,41.4,538.2,1
2019-05-28 08:00:00,25.6,88,23.5,30.5,0.5,74,100,82,97,0.11,0.39,177.9,65.7,112.2,129.8,804.8,1
2019-05-28 09:00:00,25.1,92,23.7,30.7,1.4,100,48,100,87,0.09,0.27,118.5,0.0,118.5,0.0,1030.6,1
2019-05-28 10:00:00,26.3,88,24.2,31.9,0.9,100,100,100,78,0.2,0.41,288.1,36.4,251.7,43.3,1200.1,1
2019-05-28 11:00:00,25.5,93,24.3,31.5,1.5,100,100,100,100,0.11,0.23,139.8,0.0,139.8,0.0,1301.8,1
2019-05-28 12:00:00,25.0,91,23.4,29.6,3.1,100,96,99,100,0.08,0.28,86.5,0.0,86.5,0.0,1328.9,1
2019-05-28 13:00:00,24.7,90,22.9,28.2,3.2,100,100,97,100,0.12,0.31,141.6,0.0,141.6,0.0,1279.4,1
2019-05-28 14:00:00,24.1,90,22.3,27.8,2.8,100,100,76,95,0.14,0.31,182.4,0.9,181.5,1.0,1156.8,1
2019-05-28 15:00:00,23.7,90,22.0,27.9,2.0,100,100,48,87,0.11,0.28,133.4,3.6,129.8,4.5,969.5,1
2019-05-28 16:00:00,23.5,89,21.6,27.6,1.0,100,100,55,88,0.09,0.32,89.8,2.6,87.3,4.0,730.1,1
2019-05-28 17:00:00,23.1,90,21.3,26.9,0.5,100,100,93,92,0.06,0.29,52.8,0.8,52.0,1.7,455.1,1
2019-05-28 18:00:00,22.6,90,20.9,26.2,0.2,100,100,98,73,0.04,0.27,14.7,0.0,14.7,0.0,163.2,1
2019-05-28 19:00:00,22.3,91,20.7,25.8,0.1,100,100,92,26,0.02,0.25,0.0,0.0,0.0,0.0,0.0,0
2019-05-28 20:00:00,22.2,90,20.4,25.5,0.1,100,100,100,2,0.0,0.28,0.0,0.0,0.0,0.0,0.0,0
2019-05-28 21:00:00,22.0,88,20.0,24.7,0.1,99,96,93,0,0.0,0.31,0.0,0.0,0.0,0.0,0.0,0
2019-05-28 22:00:00,21.8,88,19.8,24.7,0.0,100,100,89,0,0.0,0.3,0.0,0.0,0.0,0.0,0.0,0
2019-05-28 23:00:00,21.8,88,19.7,24.7,0.0,100,100,39,0,0.0,0.32,0.0,0.0,0.0,0.0,0.0,0
2019-05-29 00:00:00,21.5,88,19.4,24.2,0.0,100,100,85,0,0.0,0.31,0.0,0.0,0.0,0.0,0.0,0
2019-05-29 01:00:00,21.3,88,19.2,23.8,0.0,100,99,95,0,0.0,0.31,0.0,0.0,0.0,0.0,0.0,0
2019-05-29 02:00:00,21.4,86,19.0,24.0,0.0,99,99,30,0,0.0,0.35,0.0,0.0,0.0,0.0,0.0,0
2019-05-29 03:00:00,21.4,86,19.0,24.0,0.0,100,99,40,4,0.0,0.35,0.0,0.0,0.0,0.0,0.0,0
2019-05-29 04:00:00,21.4,84,18.7,23.9,0.0,86,83,31,1,0.0,0.4,0.0,0.0,0.0,0.0,0.0,0
2019-05-29 05:00:00,21.3,83,18.2,23.5,0.0,58,55,12,2,0.0,0.44,0.0,0.0,0.0,0.0,0.0,0
2019-05-29 06:00:00,21.8,82,18.6,24.0,0.0,89,87,30,2,0.03,0.47,50.1,13.1,37.0,66.5,249.7,1
2019-05-29 07:00:00,22.6,79,18.7,24.6,0.0,97,96,55,6,0.09,0.58,147.2,24.5,122.6,82.7,538.6,1
2019-05-29 08:00:00,23.4,75,18.7,24.7,0.0,99,44,67,29,0.15,0.73,205.3,17.9,187.4,35.4,804.8,1
2019-05-29 09:00:00,24.1,72,18.7,25.1,0.2,92,21,88,61,0.3,0.85,480.7,220.2,260.5,318.3,1030.3,1
2019-05-29 10:00:00,23.8,74,18.9,24.7,0.0,98,90,96,7,0.29,0.77,447.7,152.1,295.6,180.8,1199.7,1
2019-05-29 11:00:00,23.6,73,18.6,24.3,0.0,91,44,89,9,0.29,0.78,427.8,165.7,262.0,175.7,1301.5,1
2019-05-29 12:00:00,24.4,69,18.4,25.3,0.0,89,85,69,10,0.4,0.93,595.2,216.2,379.1,217.9,1328.7,1
2019-05-29 13:00:00,23.4,73,18.3,24.1,0.0,73,32,72,10,0.26,0.77,337.8,43.9,293.9,44.7,1279.5,1
2019-05-29 14:00:00,23.9,70,18.2,24.7,0.0,92,91,89,0,0.33,0.88,441.5,189.1,252.4,205.7,1157.2,1
2019-05-29 15:00:00,24.1,69,18.1,25.0,0.0,37,4,37,0,0.3,0.93,369.5,92.6,276.9,115.4,970.3,1
2019-05-29 16:00:00,23.8,71,18.2,24.7,0.0,56,1,56,0,0.24,0.87,280.7,146.4,134.4,228.1,731.4,1
2019-05-29 17:00:00,23.2,74,18.3,24.2,0.0,44,5,42,0,0.17,0.73,175.4,76.6,98.8,171.1,456.8,1
2019-05-29 18:00:00,22.4,77,18.2,23.6,0.0,8,2,7,0,0.1,0.62,58.3,21.7,36.6,92.9,165.3,1
2019-05-29 19:00:00,21.6,79,17.8,22.8,0.0,10,5,9,0,0.05,0.55,0.0,0.0,0.0,0.0,0.0,0
2019-05-29 20:00:00,21.2,80,17.7,22.5,0.0,6,6,22,0,0.02,0.5,0.0,0.0,0.0,0.0,0.0,0
2019-05-29 21:00:00,21.2,80,17.6,22.4,0.0,19,0,19,0,0.02,0.51,0.0,0.0,0.0,0.0,0.0,0
2019-05-29 22:00:00,21.2,81,17.7,22.5,0.0,21,2,7,16,0.02,0.49,0.0,0.0,0.0,0.0,0.0,0
2019-05-29 23:00:00,21.2,81,17.9,22.4,0.0,24,6,5,20,0.02,0.47,0.0,0.0,0.0,0.0,0.0,0
2019-05-30 00:00:00,21.2,82,18.1,22.5,0.0,40,9,7,36,0.02,0.45,0.0,0.0,0.0,0.0,0.0,0
2019-05-30 01:00:00,21.4,84,18.6,22.8,0.0,48,8,8,44,0.02,0.41,0.0,0.0,0.0,0.0,0.0,0
2019-05-30 02:00:00,21.5,87,19.3,23.4,0.0,41,9,5,36,0.01,0.33,0.0,0.0,0.0,0.0,0.0,0
2019-05-30 03:00:00,21.6,88,19.6,23.6,0.0,38,11,5,31,0.01,0.3,0.0,0.0,0.0,0.0,0.0,0
2019-05-30 04:00:00,21.6,90,19.9,23.9,0.0,42,10,3,37,0.0,0.26,0.0,0.0,0.0,0.0,0.0,0
2019-05-30 05:00:00,21.7,91,20.1,24.1,0.0,45,17,2,36,0.0,0.24,0.0,0.0,0.0,0.0,0.0,0
2019-05-30 06:00:00,22.6,89,20.8,25.3,0.0,42,21,4,29,0.03,0.29,76.2,28.3,47.9,144.0,250.3,1
2019-05-30 07:00:00,24.3,84,21.5,27.2,0.0,52,35,4,33,0.12,0.47,234.2,118.5,115.8,398.8,538.8,1
2019-05-30 08:00:00,26.3,77,21.9,29.0,0.0,94,17,2,37,0.22,0.79,362.7,202.8,159.9,400.5,804.8,1
2019-05-30 09:00:00,27.6,72,22.2,30.8,0.0,71,9,2,69,0.35,1.02,535.4,315.2,220.2,455.5,1030.1,1
2019-05-30 10:00:00,29.0,67,22.2,32.9,0.0,95,22,0,95,0.47,1.33,688.6,419.8,268.8,499.1,1199.4,1
2019-05-30 11:00:00,29.7,65,22.4,34.1,0.0,62,52,2,40,0.49,1.47,667.0,268.3,398.8,284.3,1301.1,1
2019-05-30 12:00:00,29.5,66,22.4,33.2,0.0,100,100,5,0,0.42,1.41,534.9,184.0,350.9,185.5,1328.5,1
2019-05-30 13:00:00,29.7,67,22.8,34.4,0.1,54,52,25,0,0.53,1.4,704.1,376.0,328.1,382.0,1279.5,1
2019-05-30 14:00:00,29.0,70,23.0,32.9,0.2,45,36,39,0,0.4,1.21,492.6,207.1,285.5,225.2,1157.6,1
2019-05-30 15:00:00,28.8,72,23.2,32.8,0.2,58,53,39,0,0.42,1.12,518.6,306.0,212.5,381.1,971.0,1
2019-05-30 16:00:00,27.9,76,23.3,31.7,0.0,43,28,37,0,0.29,0.9,332.2,183.2,149.0,285.2,732.6,1
2019-05-30 17:00:00,27.2,79,23.2,31.1,0.0,25,2,25,0,0.2,0.77,208.6,125.8,82.8,280.2,458.5,1
2019-05-30 18:00:00,26.4,82,23.0,30.8,0.0,28,22,17,0,0.09,0.63,62.5,30.4,32.0,129.2,167.4,1
2019-05-30 19:00:00,25.2,84,22.3,29.3,0.0,15,3,14,0,0.03,0.51,0.0,0.0,0.0,0.0,0.0,0
2019-05-30 20:00:00,24.8,87,22.6,29.3,0.0,23,10,5,1,0.0,0.4,0.0,0.0,0.0,0.0,0.0,0
2019-05-30 21:00:00,24.8,88,22.6,29.4,0.0,9,3,7,4,0.0,0.39,0.0,0.0,0.0,0.0,0.0,0
2019-05-30 22:00:00,24.0,91,22.5,28.5,0.0,11,2,11,0,0.0,0.26,0.0,0.0,0.0,0.0,0.0,0
2019-05-30 23:00:00,24.4,88,22.3,29.1,0.0,16,1,16,0,0.0,0.37,0.0,0.0,0.0,0.0,0.0,0
2019-05-31 00:00:00,24.4,88,22.3,29.1,0.0,20,7,19,0,0.0,0.37,0.0,0.0,0.0,0.0,0.0,0
2019-05-31 01:00:00,24.4,89,22.4,29.0,0.0,17,17,1,0,0.0,0.35,0.0,0.0,0.0,0.0,0.0,0
2019-05-31 02:00:00,24.1,91,22.6,29.2,0.0,35,35,0,0,0.0,0.26,0.0,0.0,0.0,0.0,0.0,0
2019-05-31 03:00:00,23.9,92,22.6,29.2,0.0,41,41,1,0,0.0,0.22,0.0,0.0,0.0,0.0,0.0,0
2019-05-31 04:00:00,23.9,93,22.7,29.1,0.0,61,60,5,0,0.0,0.21,0.0,0.0,0.0,0.0,0.0,0
2019-05-31 05:00:00,23.9,93,22.7,29.0,0.0,92,91,8,0,0.0,0.21,0.0,0.0,0.0,0.0,0.0,0
2019-05-31 06:00:00,24.2,93,22.9,29.5,0.0,100,100,7,0,0.02,0.22,45.7,10.9,34.8,55.3,250.8,1
2019-05-31 07:00:00,24.9,91,23.3,30.0,0.0,100,100,12,0,0.05,0.3,81.7,0.0,81.7,0.0,539.0,1
2019-05-31 08:00:00,26.5,85,23.8,31.4,0.0,100,99,7,10,0.11,0.51,151.5,0.0,151.5,0.0,804.6,1
2019-05-31 09:00:00,27.7,80,24.0,32.9,0.0,78,76,9,1,0.27,0.73,421.4,114.0,307.4,164.7,1029.8,1
2019-05-31 10:00:00,29.6,72,24.0,35.5,0.0,43,43,4,0,0.46,1.17,666.1,304.1,362.0,361.6,1199.0,1
2019-05-31 11:00:00,31.3,65,23.9,38.2,0.0,11,9,6,2,0.59,1.6,812.0,535.5,276.6,567.6,1300.8,1
2019-05-31 12:00:00,30.4,68,23.8,36.9,0.1,49,29,26,30,0.59,1.38,796.4,565.1,231.3,569.5,1328.2,1
2019-05-31 13:00:00,29.4,75,24.6,35.6,0.3,74,25,71,11,0.47,1.02,613.3,344.7,268.6,350.2,1279.5,1
2019-05-31 14:00:00,29.6,79,25.5,35.9,0.1,100,100,27,3,0.44,0.88,561.7,376.4,185.3,409.1,1157.9,1
2019-05-31 15:00:00,29.2,81,25.6,35.7,1.4,95,95,16,17,0.36,0.77,436.0,240.7,195.3,299.5,971.8,1
2019-05-31 16:00:00,28.7,78,24.5,34.7,1.8,43,16,39,2,0.25,0.85,288.7,149.9,138.8,233.0,733.8,1
2019-05-31 17:00:00,27.9,80,24.2,33.7,0.1,24,18,12,1,0.17,0.75,181.2,101.4,79.9,225.2,460.1,1
2019-05-31 18:00:00,26.9,85,24.2,32.8,0.3,58,38,17,26,0.08,0.53,65.0,34.4,30.6,145.1,169.4,1
2019-05-31 19:00:00,25.4,93,24.1,31.0,0.0,78,7,10,76,0.02,0.24,0.0,0.0,0.0,0.0,0.0,0
2019-05-31 20:00:00,25.0,94,23.9,30.4,0.0,93,11,19,37,0.0,0.2,0.0,0.0,0.0,0.0,0.0,0
2019-05-31 21:00:00,25.0,94,23.9,30.4,0.0,88,13,34,80,0.0,0.2,0.0,0.0,0.0,0.0,0.0,0
2019-05-31 22:00:00,24.9,94,23.8,29.9,0.0,98,7,14,98,0.0,0.2,0.0,0.0,0.0,0.0,0.0,0
2019-05-31 23:00:00,24.6,95,23.8,29.5,0.0,98,2,11,97,0.0,0.14,0.0,0.0,0.0,0.0,0.0,0
2019-06-01 00:00:00,24.4,96,23.7,29.2,0.0,94,9,14,93,0.0,0.13,0.0,0.0,0.0,0.0,0.0,0
2019-06-01 01:00:00,24.3,96,23.6,29.2,0.0,58,21,45,38,0.0,0.12,0.0,0.0,0.0,0.0,0.0,0
2019-06-01 02:00:00,24.2,96,23.6,29.4,0.0,71,22,61,31,0.0,0.11,0.0,0.0,0.0,0.0,0.0,0
2019-06-01 03:00:00,24.0,97,23.4,29.1,0.0,95,14,83,75,0.0,0.1,0.0,0.0,0.0,0.0,0.0,0
2019-06-01 04:00:00,24.1,96,23.5,29.4,0.0,97,12,95,51,0.0,0.11,0.0,0.0,0.0,0.0,0.0,0
2019-06-01 05:00:00,24.2,96,23.5,29.4,0.1,82,4,75,66,0.0,0.12,0.0,0.0,0.0,0.0,0.0,0
2019-06-01 06:00:00,24.7,95,23.8,30.2,0.1,77,11,50,70,0.02,0.16,30.5,6.5,23.9,33.2,251.3,1
2019-06-01 07:00:00,25.9,90,24.1,31.8,0.0,58,16,50,14,0.09,0.35,174.1,66.7,107.5,223.9,539.1,1
2019-06-01 08:00:00,27.1,85,24.4,32.8,0.0,44,21,49,44,0.22,0.52,381.7,211.1,170.6,416.6,804.5,1
2019-06-01 09:00:00,27.6,79,23.6,32.5,0.4,79,50,10,72,0.29,0.78,450.4,244.8,205.7,353.7,1029.4,1
2019-06-01 10:00:00,27.4,82,24.0,32.1,0.2,57,39,21,45,0.26,0.67,373.8,48.2,325.6,57.3,1198.6,1
2019-06-01 11:00:00,27.0,84,24.2,31.9,0.2,71,59,30,58,0.25,0.56,354.2,124.3,230.0,131.7,1300.4,1
2019-06-01 12:00:00,27.0,87,24.7,32.7,0.2,75,31,52,60,0.26,0.45,365.1,123.7,241.4,124.6,1328.0,1
2019-06-01 13:00:00,26.9,88,24.7,32.8,0.2,78,73,35,26,0.2,0.43,261.8,48.8,212.9,49.6,1279.6,1
2019-06-01 14:00:00,28.0,83,24.9,33.8,0.3,88,85,62,10,0.35,0.63,452.1,174.0,278.1,189.1,1158.3,1
2019-06-01 15:00:00,26.9,86,24.4,31.6,4.7,96,87,31,74,0.2,0.49,249.0,87.2,161.7,108.4,972.6,1
2019-06-01 16:00:00,25.9,91,24.4,31.4,2.0,100,100,53,16,0.11,0.3,124.3,14.6,109.7,22.6,735.0,1
2019-06-01 17:00:00,26.5,88,24.4,31.7,0.4,73,46,39,39,0.12,0.42,116.1,31.5,84.6,69.8,461.7,1
2019-06-01 18:00:00,26.4,90,24.5,31.7,0.2,56,33,9,41,0.07,0.36,52.4,18.9,33.5,79.3,171.4,1
2019-06-01 19:00:00,25.7,92,24.3,31.1,0.1,100,61,6,100,0.02,0.27,0.0,0.0,0.0,0.0,0.0,0
2019-06-01 20:00:00,25.4,96,24.6,31.3,0.1,98,92,27,98,0.0,0.14,0.0,0.0,0.0,0.0,0.0,0
2019-06-01 21:00:00,25.6,95,24.8,31.3,0.2,97,92,16,95,0.0,0.16,0.0,0.0,0.0,0.0,0.0,0
2019-06-01 22:00:00,25.5,95,24.6,31.3,0.1,99,29,20,99,0.0,0.17,0.0,0.0,0.0,0.0,0.0,0
2019-06-01 23:00:00,25.2,96,24.6,31.1,0.0,100,15,22,100,0.0,0.12,0.0,0.0,0.0,0.0,0.0,0
2019-06-02 00:00:00,25.0,96,24.3,30.9,0.0,98,11,36,98,0.0,0.13,0.0,0.0,0.0,0.0,0.0,0
2019-06-02 01:00:00,24.9,95,24.1,30.7,0.0,97,16,26,96,0.0,0.15,0.0,0.0,0.0,0.0,0.0,0
2019-06-02 02:00:00,24.5,96,23.9,30.2,0.0,100,8,26,100,0.0,0.11,0.0,0.0,0.0,0.0,0.0,0
2019-06-02 03:00:00,24.7,95,23.8,30.5,0.1,100,1,96,100,0.0,0.16,0.0,0.0,0.0,0.0,0.0,0
2019-06-02 04:00:00,24.3,96,23.6,29.8,0.4,100,2,26,100,0.0,0.13,0.0,0.0,0.0,0.0,0.0,0
2019-06-02 05:00:00,23.9,97,23.4,29.3,0.3,99,1,52,99,0.0,0.09,0.0,0.0,0.0,0.0,0.0,0
2019-06-02 06:00:00,24.4,94,23.5,30.1,0.1,97,0,24,97,0.02,0.17,28.3,2.2,26.1,11.0,251.7,1
2019-06-02 07:00:00,25.3,90,23.6,30.9,0.0,98,1,19,98,0.08,0.31,156.4,32.6,123.7,109.5,539.1,1
2019-06-02 08:00:00,27.4,81,23.9,32.9,0.0,91,7,26,88,0.22,0.69,374.5,138.3,236.1,272.9,804.3,1
2019-06-02 09:00:00,29.1,75,24.3,34.6,0.0,69,0,51,45,0.32,1.0,487.3,233.6,253.7,337.5,1029.0,1
2019-06-02 10:00:00,30.2,69,23.9,35.6,0.0,40,5,32,21,0.41,1.32,578.3,293.4,284.9,348.9,1198.1,1
2019-06-02 11:00:00,30.7,72,25.1,37.4,0.1,39,6,24,24,0.55,1.22,771.7,503.4,268.3,533.6,1300.0,1
2019-06-02 12:00:00,30.6,77,26.2,36.9,0.7,61,12,22,51,0.53,1.0,750.3,502.9,247.4,506.7,1327.8,1
2019-06-02 13:00:00,29.6,83,26.5,35.3,7.1,93,11,22,91,0.42,0.7,592.9,269.6,323.3,273.8,1279.6,1
2019-06-02 14:00:00,28.6,84,25.6,32.8,8.6,94,15,18,92,0.26,0.63,337.7,121.1,216.6,131.5,1158.7,1
2019-06-02 15:00:00,29.0,83,25.9,34.0,0.2,96,2,86,93,0.24,0.68,286.3,132.7,153.6,164.8,973.3,1
2019-06-02 16:00:00,28.6,85,25.9,33.8,0.0,100,0,100,94,0.22,0.57,250.4,80.6,169.8,124.9,736.1,1
2019-06-02 17:00:00,28.7,79,24.7,33.6,0.0,100,0,100,72,0.11,0.83,69.3,13.9,55.4,30.6,463.3,1
2019-06-02 18:00:00,28.3,79,24.4,33.7,0.0,98,0,96,51,0.09,0.79,51.1,19.0,32.1,79.3,173.4,1
2019-06-02 19:00:00,28.6,72,23.1,33.5,0.0,92,0,81,79,0.04,1.09,0.0,0.0,0.0,0.0,0.0,0
2019-06-02 20:00:00,26.5,89,24.6,32.4,0.0,93,0,4,89,0.0,0.38,0.0,0.0,0.0,0.0,0.0,0
2019-06-02 21:00:00,26.6,90,24.8,32.3,0.0,100,0,100,100,0.0,0.36,0.0,0.0,0.0,0.0,0.0,0
2019-06-02 22:00:00,26.4,90,24.7,31.9,0.0,98,0,18,98,0.0,0.34,0.0,0.0,0.0,0.0,0.0,0
2019-06-02 23:00:00,25.9,91,24.3,31.1,0.0,85,0,12,83,0.0,0.3,0.0,0.0,0.0,0.0,0.0,0
2019-06-03 00:00:00,25.5,91,24.0,30.5,0.0,95,2,11,94,0.0,0.29,0.0,0.0,0.0,0.0,0.0,0
2019-06-03 01:00:00,25.3,92,23.8,30.6,0.0,93,1,6,93,0.0,0.27,0.0,0.0,0.0,0.0,0.0,0
2019-06-03 02:00:00,24.6,94,23.7,30.1,0.0,94,1,3,94,0.0,0.17,0.0,0.0,0.0,0.0,0.0,0
2019-06-03 03:00:00,24.4,95,23.6,30.0,0.0,95,1,4,94,0.0,0.14,0.0,0.0,0.0,0.0,0.0,0
2019-06-03 04:00:00,23.9,95,23.1,29.4,0.0,89,0,3,89,0.0,0.14,0.0,0.0,0.0,0.0,0.0,0
2019-06-03 05:00:00,24.1,92,22.7,29.0,0.0,52,0,2,52,0.0,0.24,0.0,0.0,0.0,0.0,0.0,0
2019-06-03 06:00:00,26.1,84,23.2,31.3,0.0,99,0,4,99,0.03,0.53,87.0,34.8,52.2,176.6,252.0,1
2019-06-03 07:00:00,27.0,78,22.8,32.0,0.0,98,0,4,98,0.12,0.79,235.2,100.6,134.6,337.3,539.1,1
2019-06-03 08:00:00,29.1,77,24.6,34.9,0.0,24,0,42,55,0.25,0.94,399.5,184.8,214.7,364.6,804.0,1
2019-06-03 09:00:00,30.0,68,23.6,35.7,0.0,97,2,91,95,0.34,1.34,506.3,317.4,188.9,458.6,1028.6,1
2019-06-03 10:00:00,28.5,72,23.1,33.1,0.5,100,0,100,95,0.21,1.08,259.2,17.1,242.0,20.4,1197.7,1
2019-06-03 11:00:00,27.8,75,23.0,33.1,0.1,100,0,99,79,0.16,0.93,204.1,18.6,185.4,19.8,1299.6,1
2019-06-03 12:00:00,29.2,71,23.4,34.7,0.0,98,2,98,48,0.36,1.19,467.7,124.7,343.0,125.7,1327.6,1
2019-06-03 13:00:00,29.4,70,23.4,35.0,0.0,97,16,91,86,0.3,1.21,382.9,44.9,338.0,45.6,1279.6,1
2019-06-03 14:00:00,28.6,74,23.6,33.8,0.1,100,33,96,100,0.23,1.0,264.9,45.4,219.5,49.3,1159.0,1
2019-06-03 15:00:00,28.2,79,24.2,33.7,0.9,100,38,62,99,0.14,0.8,143.6,7.3,136.4,9.0,974.0,1
2019-06-03 16:00:00,28.6,79,24.7,34.4,0.0,100,57,100,99,0.25,0.8,288.3,87.5,200.8,135.4,737.3,1
2019-06-03 17:00:00,28.0,85,25.3,33.6,0.0,99,29,9,99,0.09,0.55,74.0,0.8,73.2,1.7,464.8,1
2019-06-03 18:00:00,27.5,87,25.0,32.9,0.0,98,14,1,98,0.07,0.49,36.6,2.2,34.4,9.1,175.3,1
2019-06-03 19:00:00,26.5,90,24.7,32.3,0.0,97,9,24,97,0.02,0.34,0.0,0.0,0.0,0.0,0.0,0
2019-06-03 20:00:00,26.1,83,23.1,31.0,0.0,100,1,1,28,0.0,0.56,0.0,0.0,0.0,0.0,0.0,0
2019-06-03 21:00:00,25.5,89,23.6,31.0,0.0,26,1,6,22,0.0,0.35,0.0,0.0,0.0,0.0,0.0,0
2019-06-03 22:00:00,25.8,89,23.8,30.8,0.0,24,2,8,18,0.0,0.37,0.0,0.0,0.0,0.0,0.0,0
2019-06-03 23:00:00,25.8,89,23.9,31.0,0.0,100,2,13,100,0.0,0.36,0.0,0.0,0.0,0.0,0.0,0
2019-06-04 00:00:00,25.3,92,23.9,30.7,0.0,98,0,24,98,0.0,0.27,0.0,0.0,0.0,0.0,0.0,0
2019-06-04 01:00:00,25.7,90,24.0,31.2,0.0,45,1,34,20,0.0,0.32,0.0,0.0,0.0,0.0,0.0,0
2019-06-04 02:00:00,25.1,93,23.9,30.5,0.0,93,5,19,92,0.0,0.22,0.0,0.0,0.0,0.0,0.0,0
2019-06-04 03:00:00,24.3,96,23.6,29.7,0.0,93,5,20,91,0.0,0.12,0.0,0.0,0.0,0.0,0.0,0
2019-06-04 04:00:00,24.7,94,23.7,30.2,0.0,98,3,24,98,0.0,0.18,0.0,0.0,0.0,0.0,0.0,0
2019-06-04 05:00:00,25.6,90,23.8,31.4,0.0,97,2,12,97,0.0,0.33,0.0,0.0,0.0,0.0,0.0,0
2019-06-04 06:00:00,25.6,93,24.4,31.5,0.0,100,1,15,100,0.02,0.23,50.0,4.4,45.7,22.1,252.3,1
2019-06-04 07:00:00,25.7,90,23.9,30.7,0.1,100,0,46,100,0.06,0.35,76.1,5.4,70.7,18.2,539.1,1
2019-06-04 08:00:00,25.2,93,24.0,29.3,0.5,100,24,27,100,0.06,0.21,73.9,0.0,73.9,0.0,803.7,1
2019-06-04 09:00:00,26.2,87,23.9,30.0,0.1,99,44,18,99,0.17,0.45,254.8,15.6,239.2,22.6,1028.2,1
2019-06-04 10:00:00,27.2,83,24.1,31.4,0.2,98,98,5,96,0.29,0.62,437.0,102.8,334.1,122.3,1197.2,1
2019-06-04 11:00:00,27.6,87,25.2,32.8,0.4,100,44,20,100,0.35,0.49,541.8,199.9,341.9,211.9,1299.2,1
2019-06-04 12:00:00,27.1,92,25.6,32.2,1.4,100,49,21,100,0.25,0.29,382.2,58.3,323.9,58.8,1327.3,1
2019-06-04 13:00:00,27.5,87,25.2,32.7,0.7,99,37,14,98,0.27,0.47,371.3,48.9,322.4,49.6,1279.6,1
2019-06-04 14:00:00,27.6,83,24.5,32.2,0.3,99,50,17,99,0.2,0.61,231.8,0.0,231.8,0.0,1159.4,1
2019-06-04 15:00:00,28.1,82,24.7,33.0,0.0,100,50,2,100,0.26,0.69,311.0,38.2,272.8,47.4,974.8,1
2019-06-04 16:00:00,28.6,79,24.7,34.3,0.0,66,56,23,39,0.27,0.8,306.4,106.4,200.0,164.5,738.4,1
2019-06-04 17:00:00,28.8,79,24.7,34.7,0.2,92,35,30,88,0.2,0.85,209.0,116.5,92.6,256.1,466.3,1
2019-06-04 18:00:00,28.1,85,25.4,34.7,0.0,50,21,30,29,0.08,0.56,61.0,20.9,40.1,86.1,177.2,1
2019-06-04 19:00:00,26.6,88,24.4,32.3,0.0,31,9,23,7,0.02,0.43,0.0,0.0,0.0,0.0,0.0,0
2019-06-04 20:00:00,25.8,80,22.0,29.7,0.0,10,6,4,11,0.01,0.68,0.0,0.0,0.0,0.0,0.0,0
2019-06-04 21:00:00,25.4,82,22.0,29.3,0.0,9,7,3,2,0.01,0.59,0.0,0.0,0.0,0.0,0.0,0
2019-06-04 22:00:00,24.8,87,22.5,29.2,0.0,5,4,1,0,0.0,0.4,0.0,0.0,0.0,0.0,0.0,0
2019-06-04 23:00:00,24.4,91,22.7,29.0,0.0,4,3,3,0,0.0,0.29,0.0,0.0,0.0,0.0,0.0,0
2019-06-05 00:00:00,24.1,92,22.8,28.8,0.0,4,4,0,0,0.0,0.23,0.0,0.0,0.0,0.0,0.0,0
2019-06-05 01:00:00,23.8,94,22.8,28.5,0.0,4,4,1,0,0.0,0.17,0.0,0.0,0.0,0.0,0.0,0
2019-06-05 02:00:00,23.7,94,22.8,28.4,0.0,8,8,0,0,0.0,0.16,0.0,0.0,0.0,0.0,0.0,0
2019-06-05 03:00:00,23.3,95,22.5,27.7,0.0,8,8,0,0,0.0,0.14,0.0,0.0,0.0,0.0,0.0,0
2019-06-05 04:00:00,23.2,95,22.4,27.8,0.0,4,4,0,0,0.0,0.13,0.0,0.0,0.0,0.0,0.0,0
2019-06-05 05:00:00,22.6,96,22.0,26.9,0.0,3,2,3,0,0.0,0.1,0.0,0.0,0.0,0.0,0.0,0
2019-06-05 06:00:00,24.7,91,23.1,29.7,0.0,5,2,4,0,0.02,0.29,89.2,41.3,47.9,209.5,252.4,1
2019-06-05 07:00:00,27.1,84,24.1,33.0,0.0,6,6,3,0,0.14,0.58,282.6,186.1,96.5,623.5,538.9,1
2019-06-05 08:00:00,29.2,70,23.2,34.6,0.0,3,0,0,0,0.3,1.21,498.4,378.0,120.4,745.6,803.4,1
2019-06-05 09:00:00,30.5,67,23.6,36.4,0.0,1,1,0,0,0.46,1.45,701.9,570.0,131.9,823.8,1027.7,1
2019-06-05 10:00:00,31.3,64,23.8,37.9,0.0,22,20,7,0,0.56,1.63,796.8,639.4,157.4,760.5,1196.7,1
2019-06-05 11:00:00,31.8,62,23.7,38.9,0.1,28,23,19,0,0.59,1.77,803.9,615.4,188.6,652.4,1298.8,1
2019-06-05 12:00:00,30.9,66,23.9,37.7,0.3,35,26,34,0,0.57,1.5,759.5,561.3,198.2,565.5,1327.1,1
2019-06-05 13:00:00,31.1,67,24.2,38.5,0.3,45,38,28,0,0.57,1.51,729.9,508.1,221.8,515.6,1279.7,1
2019-06-05 14:00:00,31.2,70,25.0,37.8,0.1,47,37,43,3,0.51,1.38,637.8,437.2,200.6,474.2,1159.7,1
2019-06-05 15:00:00,29.1,76,24.5,34.6,1.1,40,26,35,7,0.3,0.96,350.2,201.9,148.3,250.2,975.5,1
2019-06-05 16:00:00,28.8,80,25.0,34.8,0.1,24,14,20,4,0.28,0.79,326.3,200.9,125.4,310.1,739.5,1
2019-06-05 17:00:00,28.7,82,25.2,34.8,0.0,28,0,27,2,0.2,0.72,212.3,133.6,78.8,293.0,467.8,1
2019-06-05 18:00:00,28.2,85,25.4,35.0,0.0,15,0,15,0,0.09,0.57,72.4,39.2,33.1,160.8,179.0,1
2019-06-05 19:00:00,27.7,85,24.9,34.1,0.0,13,0,11,2,0.02,0.58,0.0,0.0,0.0,0.0,0.0,0
2019-06-05 20:00:00,27.0,90,25.3,33.1,0.0,13,0,14,22,0.0,0.34,0.0,0.0,0.0,0.0,0.0,0
2019-06-05 21:00:00,27.0,91,25.4,33.1,0.0,62,0,9,59,0.0,0.32,0.0,0.0,0.0,0.0,0.0,0
2019-06-05 22:00:00,26.7,91,25.0,32.6,0.0,45,1,5,42,0.0,0.33,0.0,0.0,0.0,0.0,0.0,0
2019-06-05 23:00:00,26.2,90,24.3,31.7,0.0,97,3,6,97,0.0,0.35,0.0,0.0,0.0,0.0,0.0,0
2019-06-06 00:00:00,25.1,93,23.9,30.3,0.0,90,5,4,89,0.0,0.23,0.0,0.0,0.0,0.0,0.0,0
2019-06-06 01:00:00,26.3,85,23.7,31.9,0.0,98,2,3,98,0.0,0.5,0.0,0.0,0.0,0.0,0.0,0
2019-06-06 02:00:00,26.0,87,23.8,32.0,0.0,98,1,1,98,0.0,0.42,0.0,0.0,0.0,0.0,0.0,0
2019-06-06 03:00:00,24.6,94,23.5,30.1,0.0,91,0,2,91,0.0,0.2,0.0,0.0,0.0,0.0,0.0,0
2019-06-06 04:00:00,24.3,94,23.2,29.4,0.0,96,0,0,96,0.0,0.19,0.0,0.0,0.0,0.0,0.0,0
2019-06-06 05:00:00,24.6,92,23.3,29.8,0.0,88,0,0,88,0.0,0.24,0.0,0.0,0.0,0.0,0.0,0
2019-06-06 06:00:00,26.0,89,24.1,31.5,0.0,85,0,0,85,0.03,0.37,78.3,17.4,60.9,88.2,252.5,1
2019-06-06 07:00:00,27.9,81,24.3,33.8,0.0,75,0,0,75,0.13,0.72,259.4,131.7,127.7,441.3,538.8,1
2019-06-06 08:00:00,28.9,73,23.5,34.5,0.0,29,0,0,26,0.28,1.08,480.5,337.4,143.1,665.7,803.0,1
2019-06-06 09:00:00,30.0,73,24.7,36.3,0.0,0,0,0,0,0.45,1.13,689.6,552.1,137.5,798.1,1027.2,1
2019-06-06 10:00:00,31.0,72,25.4,38.2,0.0,37,1,1,36,0.58,1.24,840.8,696.2,144.6,828.2,1196.2,1
2019-06-06 11:00:00,31.8,68,25.3,38.4,0.0,32,21,11,20,0.63,1.49,878.6,697.3,181.3,739.3,1298.4,1
2019-06-06 12:00:00,31.9,67,25.1,37.7,0.1,33,20,27,6,0.6,1.54,803.8,590.5,213.3,594.9,1326.9,1
2019-06-06 13:00:00,31.2,71,25.3,37.1,0.7,51,33,30,25,0.52,1.31,665.5,468.1,197.4,474.9,1279.7,1
2019-06-06 14:00:00,31.2,71,25.3,36.7,2.3,56,38,29,33,0.46,1.31,566.0,395.6,170.4,428.9,1160.1,1
2019-06-06 15:00:00,31.0,72,25.5,36.0,0.4,62,34,18,49,0.42,1.24,494.0,323.0,171.0,399.9,976.2,1
2019-06-06 16:00:00,30.9,75,25.9,36.6,0.2,92,19,16,90,0.32,1.12,347.1,178.7,168.4,275.4,740.5,1
2019-06-06 17:00:00,30.2,76,25.6,36.7,1.5,96,24,10,95,0.19,1.01,181.6,65.7,115.9,143.8,469.2,1
2019-06-06 18:00:00,29.2,88,27.1,37.2,0.1,99,20,26,98,0.05,0.47,27.8,1.1,26.6,4.5,180.7,1
2019-06-06 19:00:00,28.0,89,26.1,35.0,0.0,100,18,40,100,0.02,0.41,0.0,0.0,0.0,0.0,0.0,0
2019-06-06 20:00:00,28.8,83,25.6,35.7,0.0,99,4,95,92,0.0,0.68,0.0,0.0,0.0,0.0,0.0,0
2019-06-06 21:00:00,27.9,89,25.9,34.8,0.0,96,5,92,94,0.0,0.41,0.0,0.0,0.0,0.0,0.0,0
2019-06-06 22:00:00,27.4,92,26.0,34.3,0.0,100,3,91,100,0.0,0.28,0.0,0.0,0.0,0.0,0.0,0
2019-06-06 23:00:00,26.8,95,25.9,33.7,0.0,100,5,97,100,0.0,0.19,0.0,0.0,0.0,0.0,0.0,0
2019-06-07 00:00:00,26.6,95,25.8,33.5,0.0,98,16,76,98,0.0,0.17,0.0,0.0,0.0,0.0,0.0,0
2019-06-07 01:00:00,26.5,95,25.6,33.3,0.0,99,13,52,99,0.0,0.18,0.0,0.0,0.0,0.0,0.0,0
2019-06-07 02:00:00,26.0,95,25.1,32.3,0.0,98,8,8,98,0.0,0.17,0.0,0.0,0.0,0.0,0.0,0
2019-06-07 03:00:00,25.7,94,24.7,31.7,0.0,97,1,8,97,0.0,0.19,0.0,0.0,0.0,0.0,0.0,0
2019-06-07 04:00:00,25.1,94,24.1,30.7,0.0,79,0,19,76,0.0,0.18,0.0,0.0,0.0,0.0,0.0,0
2019-06-07 05:00:00,25.7,93,24.5,31.5,0.0,66,0,20,63,0.0,0.23,0.0,0.0,0.0,0.0,0.0,0
2019-06-07 06:00:00,26.6,90,24.8,32.6,0.0,100,0,14,100,0.03,0.36,82.7,34.8,47.9,176.3,252.6,1
2019-06-07 07:00:00,27.6,82,24.3,33.5,0.0,99,0,8,99,0.13,0.67,258.0,134.4,123.6,450.3,538.5,1
2019-06-07 08:00:00,28.7,76,24.1,34.4,0.0,100,0,0,94,0.25,0.94,419.7,224.1,195.5,442.3,802.6,1
2019-06-07 09:00:00,29.3,76,24.6,35.0,0.0,91,4,0,90,0.36,0.98,555.5,295.1,260.4,426.6,1026.7,1
2019-06-07 10:00:00,30.4,73,25.1,36.6,0.0,96,7,10,95,0.47,1.16,680.1,373.8,306.3,444.8,1195.7,1
2019-06-07 11:00:00,31.4,69,25.0,37.3,0.0,66,9,8,64,0.57,1.43,790.6,535.7,254.9,568.0,1298.0,1
2019-06-07 12:00:00,31.9,67,24.9,37.9,0.2,26,16,20,6,0.6,1.58,787.8,535.2,252.5,539.2,1326.6,1
2019-06-07 13:00:00,31.9,67,25.1,37.8,0.1,38,24,18,21,0.58,1.55,737.9,545.3,192.5,553.2,1279.7,1
2019-06-07 14:00:00,31.1,74,25.9,37.4,0.8,37,27,19,28,0.53,1.18,688.2,519.7,168.5,563.1,1160.4,1
2019-06-07 15:00:00,29.9,76,25.2,35.2,1.7,100,32,8,100,0.4,1.02,483.2,310.3,172.9,383.9,976.9,1
2019-06-07 16:00:00,29.6,77,25.1,34.4,0.3,90,42,6,86,0.26,0.96,282.7,136.6,146.1,210.3,741.6,1
2019-06-07 17:00:00,29.3,81,25.7,36.0,0.0,99,14,2,99,0.11,0.78,102.1,16.2,85.9,35.5,470.6,1
2019-06-07 18:00:00,28.9,91,27.2,37.0,0.0,99,17,81,99,0.06,0.38,38.5,2.8,35.7,11.3,182.4,1
2019-06-07 19:00:00,28.1,87,25.6,34.5,0.0,99,7,10,99,0.03,0.51,0.0,0.0,0.0,0.0,0.0,0
2019-06-07 20:00:00,27.1,89,25.0,32.9,0.0,100,13,14,99,0.0,0.41,0.0,0.0,0.0,0.0,0.0,0
2019-06-07 21:00:00,27.1,86,24.6,32.8,0.0,97,5,18,97,0.0,0.5,0.0,0.0,0.0,0.0,0.0,0
2019-06-07 22:00:00,26.4,89,24.5,32.1,0.0,99,1,0,99,0.0,0.37,0.0,0.0,0.0,0.0,0.0,0
2019-06-07 23:00:00,26.0,90,24.2,31.7,0.0,93,0,1,93,0.0,0.35,0.0,0.0,0.0,0.0,0.0,0
2019-06-08 00:00:00,25.9,90,24.1,31.5,0.0,69,0,1,69,0.0,0.35,0.0,0.0,0.0,0.0,0.0,0
2019-06-08 01:00:00,24.9,93,23.8,30.6,0.0,98,0,0,98,0.0,0.21,0.0,0.0,0.0,0.0,0.0,0
2019-06-08 02:00:00,25.5,90,23.6,30.9,0.0,99,0,0,99,0.0,0.34,0.0,0.0,0.0,0.0,0.0,0
2019-06-08 03:00:00,25.1,92,23.7,30.5,0.0,99,0,0,99,0.0,0.26,0.0,0.0,0.0,0.0,0.0,0
2019-06-08 04:00:00,25.0,93,23.8,30.2,0.0,92,2,2,92,0.0,0.21,0.0,0.0,0.0,0.0,0.0,0
2019-06-08 05:00:00,24.9,94,23.9,30.3,0.0,99,4,4,99,0.0,0.19,0.0,0.0,0.0,0.0,0.0,0
2019-06-08 06:00:00,26.1,91,24.5,31.9,0.0,99,2,27,99,0.02,0.31,65.3,8.7,56.6,44.1,252.5,1
2019-06-08 07:00:00,26.9,87,24.5,32.9,0.0,97,4,91,89,0.08,0.47,148.0,13.6,134.4,45.5,538.3,1
2019-06-08 08:00:00,27.4,83,24.3,33.2,0.0,97,2,100,90,0.14,0.61,212.2,37.0,175.3,73.0,802.1,1
2019-06-08 09:00:00,27.4,83,24.2,33.4,0.0,99,0,97,82,0.1,0.63,133.0,17.9,115.1,25.9,1026.2,1
2019-06-08 10:00:00,28.1,78,23.9,34.0,0.0,84,1,72,76,0.15,0.84,199.2,0.0,199.2,0.0,1195.2,1
2019-06-08 11:00:00,30.0,71,24.3,36.1,0.0,97,11,3,97,0.48,1.22,656.9,296.3,360.6,314.3,1297.6,1
2019-06-08 12:00:00,31.3,68,24.7,38.4,0.0,100,23,18,99,0.65,1.45,873.4,598.7,274.7,603.1,1326.4,1
2019-06-08 13:00:00,32.0,66,24.7,38.5,0.0,98,7,5,98,0.64,1.63,820.0,583.5,236.5,591.8,1279.7,1
2019-06-08 14:00:00,32.1,69,25.6,38.0,0.0,100,6,44,100,0.57,1.5,715.8,463.9,251.8,502.5,1160.7,1
2019-06-08 15:00:00,31.5,71,25.7,36.8,0.0,99,2,30,99,0.46,1.33,544.3,297.6,246.6,368.0,977.5,1
2019-06-08 16:00:00,31.1,71,25.2,36.3,0.0,99,1,23,99,0.37,1.32,400.6,186.6,214.1,286.8,742.6,1
2019-06-08 17:00:00,30.4,73,25.1,36.1,0.0,100,0,38,100,0.23,1.15,217.6,83.6,134.0,182.2,471.9,1
2019-06-08 18:00:00,29.1,78,24.9,34.9,0.0,100,2,0,100,0.1,0.88,63.3,11.2,52.1,45.3,184.0,1
2019-06-08 19:00:00,27.8,81,24.2,33.2,0.0,100,3,0,100,0.03,0.72,0.0,0.0,0.0,0.0,0.0,0
2019-06-08 20:00:00,26.7,93,25.4,33.0,0.0,100,6,2,100,0.0,0.26,0.0,0.0,0.0,0.0,0.0,0
2019-06-08 21:00:00,26.6,93,25.5,32.8,0.0,100,2,2,100,0.0,0.23,0.0,0.0,0.0,0.0,0.0,0
2019-06-08 22:00:00,26.3,94,25.2,32.5,0.0,99,0,1,99,0.0,0.22,0.0,0.0,0.0,0.0,0.0,0
2019-06-08 23:00:00,25.9,94,24.8,31.9,0.0,99,0,2,99,0.0,0.21,0.0,0.0,0.0,0.0,0.0,0
2019-06-09 00:00:00,25.1,95,24.2,30.5,0.0,98,0,0,98,0.0,0.16,0.0,0.0,0.0,0.0,0.0,0
2019-06-09 01:00:00,24.8,96,24.1,30.4,0.0,99,1,0,99,0.0,0.14,0.0,0.0,0.0,0.0,0.0,0
2019-06-09 02:00:00,25.6,91,24.0,31.3,0.0,98,1,1,98,0.0,0.3,0.0,0.0,0.0,0.0,0.0,0
2019-06-09 03:00:00,24.6,92,23.3,29.6,0.0,97,4,1,97,0.0,0.23,0.0,0.0,0.0,0.0,0.0,0
2019-06-09 04:00:00,24.4,91,22.9,29.2,0.0,97,2,2,96,0.0,0.26,0.0,0.0,0.0,0.0,0.0,0
2019-06-09 05:00:00,25.5,85,22.8,30.0,0.0,99,1,1,99,0.0,0.5,0.0,0.0,0.0,0.0,0.0,0
2019-06-09 06:00:00,25.8,88,23.6,31.0,0.0,100,0,7,100,0.03,0.41,80.5,21.8,58.7,110.2,252.4,1
2019-06-09 07:00:00,27.5,78,23.3,31.7,0.0,99,0,37,99,0.14,0.82,236.3,100.5,135.8,336.7,537.9,1
2019-06-09 08:00:00,28.6,73,23.2,33.3,0.0,100,0,26,100,0.24,1.07,387.5,195.5,192.0,386.1,801.6,1
2019-06-09 09:00:00,29.7,70,23.7,34.2,0.0,100,0,4,100,0.31,1.24,441.5,131.9,309.6,190.8,1025.6,1
2019-06-09 10:00:00,31.0,66,23.9,34.4,0.0,100,0,6,100,0.46,1.52,618.1,294.6,323.5,350.7,1194.6,1
2019-06-09 11:00:00,31.5,64,23.9,34.7,0.0,100,1,1,100,0.57,1.67,761.6,420.7,340.9,446.2,1297.1,1
2019-06-09 12:00:00,31.4,65,23.9,34.4,0.0,100,0,1,100,0.55,1.62,707.4,270.7,436.7,272.7,1326.2,1
2019-06-09 13:00:00,30.7,66,23.6,33.0,0.0,100,0,0,100,0.42,1.51,485.8,83.1,402.7,84.3,1279.7,1
2019-06-09 14:00:00,30.6,67,23.7,33.4,0.0,100,0,9,100,0.4,1.46,435.6,59.7,375.9,64.6,1161.0,1
2019-06-09 15:00:00,30.1,70,24.1,33.1,0.0,100,0,0,100,0.31,1.27,311.3,39.1,272.2,48.4,978.2,1
2019-06-09 16:00:00,29.9,66,22.9,32.3,0.0,99,0,24,99,0.27,1.43,224.5,29.2,195.2,44.9,743.6,1
2019-06-09 17:00:00,29.4,67,22.7,32.1,0.0,99,0,42,98,0.19,1.35,108.5,18.6,89.9,40.4,473.3,1
2019-06-09 18:00:00,29.0,66,22.0,32.2,0.0,98,0,45,97,0.14,1.35,57.9,11.2,46.7,45.2,185.6,1
2019-06-09 19:00:00,28.1,68,21.6,31.7,0.0,100,0,59,100,0.06,1.21,0.0,0.0,0.0,0.0,0.0,0
2019-06-09 20:00:00,27.3,75,22.5,30.8,0.0,100,0,58,100,0.04,0.89,0.0,0.0,0.0,0.0,0.0,0
2019-06-09 21:00:00,28.2,63,20.5,31.3,0.0,100,0,95,100,0.04,1.42,0.0,0.0,0.0,0.0,0.0,0
2019-06-09 22:00:00,27.5,69,21.3,30.7,0.0,100,0,99,100,0.04,1.14,0.0,0.0,0.0,0.0,0.0,0
2019-06-09 23:00:00,27.7,66,20.8,30.8,0.0,100,0,98,99,0.04,1.26,0.0,0.0,0.0,0.0,0.0,0
2019-06-10 00:00:00,27.4,68,20.9,30.5,0.0,100,0,99,95,0.04,1.18,0.0,0.0,0.0,0.0,0.0,0
2019-06-10 01:00:00,26.7,74,21.6,30.2,0.0,91,0,79,73,0.03,0.93,0.0,0.0,0.0,0.0,0.0,0
2019-06-10 02:00:00,26.6,74,21.5,30.1,0.0,84,0,79,29,0.03,0.91,0.0,0.0,0.0,0.0,0.0,0
2019-06-10 03:00:00,26.5,75,21.6,30.1,0.0,92,0,41,89,0.02,0.88,0.0,0.0,0.0,0.0,0.0,0
2019-06-10 04:00:00,26.5,73,21.4,30.0,0.0,96,0,0,97,0.02,0.92,0.0,0.0,0.0,0.0,0.0,0
2019-06-10 05:00:00,26.8,73,21.6,30.2,0.0,100,0,83,100,0.03,0.95,0.0,0.0,0.0,0.0,0.0,0
2019-06-10 06:00:00,27.0,76,22.3,30.6,0.0,97,0,24,97,0.06,0.87,19.6,0.0,19.6,0.0,252.2,1
2019-06-10 07:00:00,27.5,75,22.8,31.3,0.0,97,0,58,96,0.1,0.91,108.6,12.2,96.4,41.0,537.5,1
2019-06-10 08:00:00,26.9,84,23.9,32.1,0.0,100,0,100,100,0.15,0.58,228.9,35.8,193.2,70.7,801.1,1
2019-06-10 09:00:00,27.1,77,22.8,32.4,0.1,100,0,100,100,0.06,0.82,69.3,0.0,69.3,0.0,1025.0,1
2019-06-10 10:00:00,27.3,76,22.8,32.2,0.0,100,0,100,98,0.13,0.85,157.5,0.0,157.5,0.0,1194.1,1
2019-06-10 11:00:00,27.9,72,22.4,32.8,0.0,100,0,100,98,0.2,1.04,257.0,20.7,236.3,22.0,1296.7,1
2019-06-10 12:00:00,27.7,72,22.2,32.2,0.1,100,1,100,100,0.22,1.04,267.7,16.1,251.6,16.2,1325.9,1
2019-06-10 13:00:00,27.4,75,22.5,32.1,0.1,100,1,100,100,0.16,0.93,186.7,2.9,183.8,3.0,1279.8,1
2019-06-10 14:00:00,27.7,76,23.1,32.5,0.2,100,7,100,100,0.22,0.9,260.4,18.9,241.5,20.5,1161.4,1
2019-06-10 15:00:00,27.2,79,23.3,32.5,0.7,100,5,99,97,0.14,0.75,153.9,3.6,150.2,4.5,978.9,1
2019-06-10 16:00:00,26.5,87,24.2,31.9,1.1,99,12,89,99,0.1,0.45,94.6,3.4,91.2,5.3,744.6,1
2019-06-10 17:00:00,26.6,90,24.7,32.4,1.6,99,1,68,99,0.09,0.36,80.7,4.7,76.0,10.1,474.6,1
2019-06-10 18:00:00,26.3,95,25.4,32.9,2.7,100,1,64,100,0.04,0.18,24.3,1.1,23.2,4.5,187.2,1
2019-06-10 19:00:00,25.8,96,25.2,32.2,3.1,100,1,18,100,0.02,0.13,0.0,0.0,0.0,0.0,0.0,0
2019-06-10 20:00:00,25.2,91,23.5,30.1,2.3,100,0,13,97,0.0,0.3,0.0,0.0,0.0,0.0,0.0,0
2019-06-10 21:00:00,25.1,93,23.8,30.6,0.0,100,0,23,100,0.0,0.24,0.0,0.0,0.0,0.0,0.0,0
2019-06-10 22:00:00,24.7,93,23.5,30.1,0.1,99,2,64,99,0.0,0.23,0.0,0.0,0.0,0.0,0.0,0
2019-06-10 23:00:00,24.9,91,23.3,30.3,0.2,98,3,60,96,0.0,0.29,0.0,0.0,0.0,0.0,0.0,0
2019-06-11 00:00:00,24.6,92,23.2,29.8,0.1,98,2,45,96,0.0,0.26,0.0,0.0,0.0,0.0,0.0,0
2019-06-11 01:00:00,24.4,93,23.3,29.4,0.1,98,3,92,94,0.0,0.2,0.0,0.0,0.0,0.0,0.0,0
2019-06-11 02:00:00,24.2,96,23.5,29.5,0.0,97,2,57,95,0.0,0.13,0.0,0.0,0.0,0.0,0.0,0
2019-06-11 03:00:00,23.9,96,23.2,28.9,0.1,98,18,3,98,0.0,0.11,0.0,0.0,0.0,0.0,0.0,0
2019-06-11 04:00:00,24.2,96,23.4,29.2,0.2,99,4,8,99,0.0,0.13,0.0,0.0,0.0,0.0,0.0,0
2019-06-11 05:00:00,24.1,95,23.3,29.0,0.0,100,8,25,100,0.0,0.14,0.0,0.0,0.0,0.0,0.0,0
2019-06-11 06:00:00,24.7,95,23.8,30.2,0.0,100,1,3,100,0.02,0.16,28.3,0.0,28.3,0.0,251.9,1
2019-06-11 07:00:00,25.2,94,24.1,31.2,0.9,100,7,100,100,0.04,0.2,69.3,0.0,69.3,0.0,537.0,1
2019-06-11 08:00:00,25.7,92,24.3,30.7,4.2,100,0,100,100,0.04,0.26,32.2,0.0,32.2,0.0,800.4,1
2019-06-11 09:00:00,25.5,93,24.3,30.4,16.0,100,0,100,100,0.04,0.22,33.5,2.2,31.3,3.2,1024.4,1
2019-06-11 10:00:00,25.5,92,24.1,31.2,18.0,100,70,100,96,0.04,0.25,30.0,0.0,30.0,0.0,1193.5,1
2019-06-11 11:00:00,24.9,91,23.3,28.7,11.9,100,100,100,95,0.11,0.28,148.2,5.2,143.0,5.5,1296.2,1
2019-06-11 12:00:00,23.6,90,21.9,27.0,10.1,100,100,100,93,0.15,0.29,205.3,0.0,205.3,0.0,1325.7,1
2019-06-11 13:00:00,23.8,90,22.2,27.6,13.6,100,86,100,100,0.14,0.28,180.9,17.6,163.3,17.8,1279.8,1
2019-06-11 14:00:00,23.2,91,21.7,27.0,5.9,100,100,78,88,0.05,0.25,35.0,0.0,35.0,0.0,1161.8,1
2019-06-11 15:00:00,24.0,83,21.0,26.8,1.2,98,0,97,94,0.18,0.5,223.1,48.3,174.9,59.6,979.6,1
2019-06-11 16:00:00,23.5,89,21.6,27.3,3.4,100,100,83,79,0.08,0.32,79.2,0.0,79.2,0.0,745.6,1
2019-06-11 17:00:00,24.0,87,21.7,28.1,0.4,100,98,89,99,0.1,0.4,97.0,18.6,78.4,40.3,475.9,1
2019-06-11 18:00:00,23.7,89,21.7,27.5,0.1,100,100,60,97,0.05,0.33,33.4,4.5,28.9,18.1,188.8,1
2019-06-11 19:00:00,23.2,91,21.6,27.0,0.0,100,100,25,97,0.02,0.26,0.0,0.0,0.0,0.0,0.0,0
2019-06-11 20:00:00,23.9,96,23.2,28.9,0.1,100,58,75,3,0.0,0.12,0.0,0.0,0.0,0.0,0.0,0
2019-06-11 21:00:00,23.9,94,22.9,28.9,0.4,97,34,96,1,0.0,0.18,0.0,0.0,0.0,0.0,0.0,0
2019-06-11 22:00:00,23.9,94,22.9,28.7,0.3,100,18,100,71,0.0,0.17,0.0,0.0,0.0,0.0,0.0,0
2019-06-11 23:00:00,23.9,95,23.1,29.0,0.0,81,25,14,77,0.0,0.15,0.0,0.0,0.0,0.0,0.0,0
2019-06-12 00:00:00,23.6,94,22.6,28.1,0.0,88,17,26,84,0.0,0.17,0.0,0.0,0.0,0.0,0.0,0
2019-06-12 01:00:00,23.5,91,21.9,27.2,0.0,87,32,19,82,0.0,0.26,0.0,0.0,0.0,0.0,0.0,0
2019-06-12 02:00:00,23.2,92,21.8,27.0,0.0,55,21,13,43,0.0,0.24,0.0,0.0,0.0,0.0,0.0,0
2019-06-12 03:00:00,23.0,94,22.0,27.0,0.0,41,29,19,13,0.0,0.17,0.0,0.0,0.0,0.0,0.0,0
2019-06-12 04:00:00,23.1,94,22.0,27.1,0.0,75,58,56,9,0.0,0.18,0.0,0.0,0.0,0.0,0.0,0
2019-06-12 05:00:00,23.5,92,22.1,27.4,1.5,67,1,47,56,0.0,0.23,0.0,0.0,0.0,0.0,0.0,0
2019-06-12 06:00:00,23.8,93,22.5,27.9,0.6,83,55,61,51,0.02,0.21,28.3,2.2,26.1,11.0,251.5,1
2019-06-12 07:00:00,24.3,91,22.8,28.2,0.1,71,65,32,9,0.06,0.26,91.0,6.8,84.2,22.8,536.4,1
2019-06-12 08:00:00,25.3,87,23.0,28.8,0.9,98,50,24,87,0.15,0.42,252.8,90.6,162.2,179.3,799.8,1
2019-06-12 09:00:00,26.3,82,23.1,29.6,0.0,98,24,56,97,0.24,0.6,390.2,126.3,263.8,183.0,1023.7,1
2019-06-12 10:00:00,26.6,81,23.1,29.9,0.9,99,4,87,99,0.28,0.66,433.9,120.0,313.9,143.0,1192.9,1
2019-06-12 11:00:00,25.9,87,23.5,29.5,4.9,100,21,100,98,0.21,0.45,309.9,41.5,268.4,44.0,1295.8,1
2019-06-12 12:00:00,25.6,89,23.6,29.4,1.6,100,18,83,100,0.14,0.37,182.2,8.1,174.1,8.1,1325.5,1
2019-06-12 13:00:00,25.8,88,23.7,29.8,1.4,100,12,100,100,0.22,0.39,317.8,46.9,270.9,47.6,1279.9,1
2019-06-12 14:00:00,25.4,90,23.7,29.1,2.2,100,4,100,88,0.16,0.31,216.9,8.5,208.4,9.2,1162.1,1
2019-06-12 15:00:00,25.1,92,23.7,28.9,2.1,100,92,100,48,0.14,0.27,183.1,13.7,169.4,16.8,980.3,1
2019-06-12 16:00:00,24.7,92,23.3,28.3,0.8,99,26,98,98,0.1,0.25,105.9,21.5,84.4,32.9,746.7,1
2019-06-12 17:00:00,24.2,92,22.8,27.7,2.9,100,0,100,100,0.07,0.24,57.5,0.8,56.7,1.7,477.2,1
2019-06-12 18:00:00,23.7,94,22.6,27.3,8.1,100,3,100,100,0.03,0.19,1.7,0.0,1.7,0.0,190.3,1
2019-06-12 19:00:00,23.7,93,22.5,27.6,8.8,100,0,100,100,0.02,0.2,0.0,0.0,0.0,0.0,0.0,0
2019-06-12 20:00:00,23.1,93,21.9,27.1,6.5,100,2,100,97,0.0,0.2,0.0,0.0,0.0,0.0,0.0,0
2019-06-12 21:00:00,23.0,94,22.0,26.9,3.3,100,100,100,99,0.0,0.17,0.0,0.0,0.0,0.0,0.0,0
2019-06-12 22:00:00,22.9,95,22.0,26.5,1.1,100,14,86,99,0.0,0.15,0.0,0.0,0.0,0.0,0.0,0
2019-06-12 23:00:00,23.1,94,22.1,26.3,0.2,99,7,48,99,0.0,0.17,0.0,0.0,0.0,0.0,0.0,0
2019-06-13 00:00:00,23.1,94,22.1,26.5,0.0,98,8,79,97,0.0,0.17,0.0,0.0,0.0,0.0,0.0,0
2019-06-13 01:00:00,23.0,95,22.1,26.2,0.0,99,8,93,97,0.0,0.14,0.0,0.0,0.0,0.0,0.0,0
2019-06-13 02:00:00,23.0,95,22.1,26.3,0.1,98,12,32,97,0.0,0.15,0.0,0.0,0.0,0.0,0.0,0
2019-06-13 03:00:00,23.2,95,22.3,27.0,0.0,100,23,77,100,0.0,0.15,0.0,0.0,0.0,0.0,0.0,0
2019-06-13 04:00:00,23.4,95,22.5,27.5,0.1,100,27,95,99,0.0,0.15,0.0,0.0,0.0,0.0,0.0,0
2019-06-13 05:00:00,23.4,96,22.7,28.2,0.1,100,39,79,99,0.0,0.11,0.0,0.0,0.0,0.0,0.0,0
2019-06-13 06:00:00,23.7,96,23.1,28.9,0.1,100,60,54,100,0.02,0.1,19.6,0.0,19.6,0.0,251.0,1
2019-06-13 07:00:00,24.2,94,23.1,29.4,0.1,98,97,90,87,0.05,0.19,73.4,1.4,72.0,4.6,535.7,1
2019-06-13 08:00:00,24.7,93,23.5,30.1,0.2,100,67,96,100,0.09,0.23,137.2,26.2,110.9,52.0,799.0,1
2019-06-13 09:00:00,25.5,87,23.2,30.4,0.2,100,90,100,98,0.19,0.41,299.6,55.9,243.7,81.0,1022.9,1
2019-06-13 10:00:00,25.8,88,23.6,30.9,0.4,100,100,96,98,0.23,0.4,345.0,53.6,291.4,63.9,1192.2,1
2019-06-13 11:00:00,25.8,88,23.6,30.3,0.3,100,100,100,99,0.17,0.4,230.1,7.3,222.9,7.7,1295.3,1
2019-06-13 12:00:00,26.0,88,23.9,31.6,0.2,100,100,100,100,0.13,0.4,161.1,0.0,161.1,0.0,1325.3,1
2019-06-13 13:00:00,25.6,90,23.8,30.6,0.2,100,100,68,100,0.12,0.33,150.6,0.0,150.6,0.0,1280.0,1
2019-06-13 14:00:00,25.7,86,23.2,30.5,0.2,100,93,55,100,0.16,0.46,198.0,6.6,191.4,7.2,1162.5,1
2019-06-13 15:00:00,26.1,84,23.2,31.0,0.2,98,84,27,98,0.2,0.55,240.5,25.5,215.0,31.4,981.0,1
2019-06-13 16:00:00,25.7,87,23.4,30.2,0.6,100,26,100,100,0.13,0.42,141.3,0.9,140.4,1.3,747.7,1
2019-06-13 17:00:00,24.9,91,23.4,30.1,1.3,100,40,100,100,0.05,0.27,45.1,0.0,45.1,0.0,478.5,1
2019-06-13 18:00:00,24.5,93,23.4,29.9,0.5,100,95,98,100,0.03,0.21,13.1,0.0,13.1,0.0,191.9,1
2019-06-13 19:00:00,24.1,94,23.2,29.3,1.1,100,100,100,100,0.02,0.17,0.0,0.0,0.0,0.0,0.0,0
2019-06-13 20:00:00,24.7,96,24.0,30.4,1.4,100,7,88,100,0.0,0.14,0.0,0.0,0.0,0.0,0.0,0
2019-06-13 21:00:00,24.9,95,24.0,30.6,1.3,100,0,99,100,0.0,0.16,0.0,0.0,0.0,0.0,0.0,0
2019-06-13 22:00:00,24.7,96,24.0,30.5,0.5,99,14,95,98,0.0,0.13,0.0,0.0,0.0,0.0,0.0,0
2019-06-13 23:00:00,24.7,96,23.9,30.5,0.3,100,4,15,100,0.0,0.14,0.0,0.0,0.0,0.0,0.0,0
2019-06-14 00:00:00,24.6,95,23.7,30.1,0.3,100,1,77,100,0.0,0.15,0.0,0.0,0.0,0.0,0.0,0
2019-06-14 01:00:00,24.7,95,23.8,30.2,0.1,99,1,3,99,0.0,0.16,0.0,0.0,0.0,0.0,0.0,0
2019-06-14 02:00:00,24.5,96,23.9,28.9,0.1,100,10,65,100,0.0,0.11,0.0,0.0,0.0,0.0,0.0,0
2019-06-14 03:00:00,24.0,95,23.2,27.9,0.4,98,60,19,96,0.0,0.14,0.0,0.0,0.0,0.0,0.0,0
2019-06-14 04:00:00,23.7,94,22.6,27.3,1.4,100,100,96,95,0.0,0.19,0.0,0.0,0.0,0.0,0.0,0
2019-06-14 05:00:00,23.1,93,21.9,27.0,6.6,100,82,100,92,0.0,0.21,0.0,0.0,0.0,0.0,0.0,0
2019-06-14 06:00:00,23.2,92,21.8,27.8,11.4,100,100,100,94,0.02,0.24,23.9,0.0,23.9,0.0,250.4,1
2019-06-14 07:00:00,23.1,93,21.9,26.7,5.6,99,99,14,68,0.05,0.21,63.9,2.7,61.2,9.2,535.0,1
2019-06-14 08:00:00,24.7,92,23.3,29.6,0.7,76,100,100,10,0.11,0.24,183.7,13.1,170.6,26.0,798.2,1
2019-06-14 09:00:00,24.7,91,23.2,28.9,1.2,100,100,100,24,0.12,0.27,180.0,7.8,172.2,11.4,1022.2,1
2019-06-14 10:00:00,24.8,89,22.9,28.7,1.1,100,100,96,0,0.15,0.33,231.5,0.0,231.5,0.0,1191.6,1
2019-06-14 11:00:00,25.4,86,22.9,29.6,0.9,100,100,100,3,0.25,0.45,371.1,8.3,362.8,8.8,1294.9,1
2019-06-14 12:00:00,25.6,83,22.6,29.5,0.9,100,100,100,50,0.3,0.55,432.9,78.5,354.4,79.1,1325.0,1
2019-06-14 13:00:00,25.4,83,22.3,29.0,0.4,100,100,100,92,0.23,0.55,314.9,41.1,273.9,41.6,1280.0,1
2019-06-14 14:00:00,25.8,78,21.6,29.2,0.3,100,100,100,59,0.31,0.73,415.0,94.8,320.3,102.4,1162.9,1
2019-06-14 15:00:00,25.1,79,21.3,28.6,0.3,100,99,100,0,0.15,0.66,166.8,0.0,166.8,0.0,981.7,1
2019-06-14 16:00:00,24.8,80,21.1,28.8,0.1,100,100,100,0,0.09,0.63,87.9,0.0,87.9,0.0,748.7,1
2019-06-14 17:00:00,24.8,79,21.0,29.0,0.3,100,72,100,0,0.08,0.64,78.6,0.0,78.6,0.0,479.8,1
2019-06-14 18:00:00,24.4,83,21.3,28.7,0.0,100,30,100,0,0.06,0.52,48.2,12.0,36.1,47.3,193.3,1
2019-06-14 19:00:00,23.2,91,21.6,27.5,0.0,99,37,99,0,0.02,0.26,0.0,0.0,0.0,0.0,0.0,0
2019-06-14 20:00:00,23.3,92,21.9,27.4,0.0,99,62,66,0,0.0,0.23,0.0,0.0,0.0,0.0,0.0,0
2019-06-14 21:00:00,23.2,94,22.1,27.7,0.0,72,26,69,0,0.0,0.18,0.0,0.0,0.0,0.0,0.0,0
2019-06-14 22:00:00,22.6,94,21.6,26.8,0.0,52,6,45,11,0.0,0.17,0.0,0.0,0.0,0.0,0.0,0
2019-06-14 23:00:00,21.7,95,20.8,25.2,0.0,33,24,23,5,0.0,0.13,0.0,0.0,0.0,0.0,0.0,0
2019-06-15 00:00:00,21.6,95,20.7,25.1,0.0,26,23,10,0,0.0,0.13,0.0,0.0,0.0,0.0,0.0,0
2019-06-15 01:00:00,21.3,95,20.4,24.7,0.0,24,23,3,0,0.0,0.14,0.0,0.0,0.0,0.0,0.0,0
2019-06-15 02:00:00,21.4,94,20.3,24.9,0.0,25,24,1,0,0.0,0.16,0.0,0.0,0.0,0.0,0.0,0
2019-06-15 03:00:00,21.1,94,20.1,24.3,0.0,25,24,2,0,0.0,0.14,0.0,0.0,0.0,0.0,0.0,0
2019-06-15 04:00:00,20.7,94,19.8,23.7,0.0,9,9,2,0,0.0,0.14,0.0,0.0,0.0,0.0,0.0,0
2019-06-15 05:00:00,20.4,94,19.5,23.2,0.0,3,3,2,0,0.0,0.14,0.0,0.0,0.0,0.0,0.0,0
2019-06-15 06:00:00,22.1,89,20.3,25.2,0.0,6,1,5,0,0.03,0.29,93.6,45.7,47.9,232.5,249.7,1
2019-06-15 07:00:00,23.8,80,20.0,26.8,0.0,7,0,7,0,0.13,0.6,292.3,203.9,88.4,688.2,534.2,1
2019-06-15 08:00:00,25.3,72,19.8,28.1,0.0,32,32,4,0,0.28,0.91,507.1,397.3,109.8,788.2,797.4,1
2019-06-15 09:00:00,26.2,67,19.7,29.0,0.0,20,19,2,0,0.42,1.11,685.5,544.6,140.9,790.6,1021.4,1
2019-06-15 10:00:00,26.6,65,19.4,29.7,0.0,38,38,0,0,0.51,1.22,800.6,600.2,200.4,716.1,1190.9,1
2019-06-15 11:00:00,26.9,64,19.4,30.3,0.0,0,0,0,0,0.59,1.28,900.9,713.3,187.7,757.5,1294.4,1
2019-06-15 12:00:00,27.0,62,19.1,30.6,0.0,0,0,0,0,0.65,1.35,981.6,837.7,144.0,844.0,1324.8,1
2019-06-15 13:00:00,27.1,61,19.0,30.7,0.0,19,0,0,19,0.66,1.39,965.5,853.0,112.5,864.1,1280.1,1
2019-06-15 14:00:00,26.9,63,19.2,30.0,0.0,33,0,0,33,0.61,1.33,871.0,760.1,110.9,821.0,1163.3,1
2019-06-15 15:00:00,26.6,64,19.3,28.9,0.0,0,0,0,0,0.52,1.24,710.1,601.6,108.5,740.0,982.4,1
2019-06-15 16:00:00,26.1,68,19.7,27.6,0.0,1,0,1,0,0.4,1.09,514.6,428.4,86.2,653.0,749.7,1
2019-06-15 17:00:00,25.4,72,19.9,26.8,0.0,1,0,1,0,0.27,0.91,306.1,242.2,63.9,519.9,481.1,1
2019-06-15 18:00:00,24.3,77,20.1,26.3,0.0,1,0,1,0,0.13,0.69,106.4,74.2,32.2,290.5,194.8,1
2019-06-15 19:00:00,23.2,80,19.5,24.8,0.0,1,0,1,0,0.05,0.58,0.0,0.0,0.0,0.0,0.0,0
2019-06-15 20:00:00,23.2,77,18.8,24.0,0.0,1,4,41,0,0.05,0.67,0.0,0.0,0.0,0.0,0.0,0
2019-06-15 21:00:00,23.6,75,18.9,24.6,0.0,64,8,64,0,0.05,0.73,0.0,0.0,0.0,0.0,0.0,0
2019-06-15 22:00:00,23.8,74,18.8,24.7,0.0,42,5,41,0,0.05,0.78,0.0,0.0,0.0,0.0,0.0,0
2019-06-15 23:00:00,23.6,74,18.6,24.4,0.0,24,4,23,0,0.05,0.77,0.0,0.0,0.0,0.0,0.0,0
2019-06-16 00:00:00,23.2,75,18.4,24.0,0.0,6,2,6,0,0.05,0.72,0.0,0.0,0.0,0.0,0.0,0
2019-06-16 01:00:00,22.7,75,18.1,23.6,0.0,8,3,7,0,0.04,0.68,0.0,0.0,0.0,0.0,0.0,0
2019-06-16 02:00:00,22.5,76,18.0,23.4,0.0,6,1,6,0,0.04,0.66,0.0,0.0,0.0,0.0,0.0,0
2019-06-16 03:00:00,22.3,79,18.4,23.6,0.0,4,0,4,0,0.03,0.58,0.0,0.0,0.0,0.0,0.0,0
2019-06-16 04:00:00,22.2,82,18.9,23.8,0.0,26,0,2,24,0.02,0.49,0.0,0.0,0.0,0.0,0.0,0
2019-06-16 05:00:00,21.9,84,19.2,24.0,0.0,35,0,1,34,0.01,0.41,0.0,0.0,0.0,0.0,0.0,0
2019-06-16 06:00:00,22.8,85,20.1,25.5,0.0,22,0,1,21,0.04,0.42,93.7,50.1,43.6,254.9,249.0,1
2019-06-16 07:00:00,24.9,79,21.1,28.3,0.0,49,0,1,48,0.14,0.65,292.4,208.1,84.3,703.6,533.3,1
2019-06-16 08:00:00,26.8,72,21.3,29.0,0.0,54,0,1,81,0.3,0.99,496.4,395.0,101.4,784.5,796.5,1
2019-06-16 09:00:00,27.8,68,21.4,30.1,0.0,92,0,0,92,0.44,1.18,710.2,599.5,110.7,870.9,1020.6,1
2019-06-16 10:00:00,28.4,67,21.7,31.3,0.0,98,0,0,98,0.54,1.27,850.0,707.4,142.6,844.4,1190.2,1
2019-06-16 11:00:00,29.2,64,21.7,32.8,0.0,98,0,0,98,0.63,1.47,937.3,760.0,177.3,807.3,1293.9,1
2019-06-16 12:00:00,29.7,62,21.7,33.5,0.0,98,1,7,97,0.67,1.57,965.6,799.5,166.1,805.6,1324.6,1
2019-06-16 13:00:00,29.5,63,21.8,33.1,0.0,98,0,11,98,0.66,1.51,923.5,744.5,179.0,754.1,1280.2,1
2019-06-16 14:00:00,29.3,64,21.8,32.5,0.0,97,0,19,97,0.59,1.46,785.8,612.3,173.5,661.1,1163.8,1
2019-06-16 15:00:00,28.7,67,21.9,31.3,0.0,99,0,32,98,0.47,1.31,591.7,411.2,180.5,505.4,983.1,1
2019-06-16 16:00:00,27.9,71,22.1,30.0,0.0,98,0,48,97,0.34,1.1,392.3,237.1,155.2,361.0,750.7,1
2019-06-16 17:00:00,27.1,73,21.9,29.4,0.0,99,0,46,98,0.23,0.96,224.5,112.2,112.2,240.4,482.3,1
2019-06-16 18:00:00,26.3,76,21.7,28.8,0.0,100,0,51,100,0.12,0.82,61.8,15.6,46.2,60.8,196.2,1
2019-06-16 19:00:00,25.8,77,21.5,28.6,0.0,99,2,11,99,0.06,0.77,0.0,0.0,0.0,0.0,0.0,0
2019-06-16 20:00:00,25.1,81,21.6,28.3,0.0,99,0,38,80,0.02,0.61,0.0,0.0,0.0,0.0,0.0,0
2019-06-16 21:00:00,25.3,82,21.9,28.5,0.0,82,0,66,52,0.02,0.59,0.0,0.0,0.0,0.0,0.0,0
2019-06-16 22:00:00,25.1,82,21.9,28.5,0.0,86,0,9,85,0.02,0.57,0.0,0.0,0.0,0.0,0.0,0
2019-06-16 23:00:00,24.8,83,21.7,28.4,0.0,89,0,9,88,0.01,0.53,0.0,0.0,0.0,0.0,0.0,0
2019-06-17 00:00:00,24.5,84,21.7,28.4,0.0,13,0,8,6,0.0,0.48,0.0,0.0,0.0,0.0,0.0,0
2019-06-17 01:00:00,24.2,86,21.8,28.3,0.0,17,2,16,1,0.0,0.42,0.0,0.0,0.0,0.0,0.0,0
2019-06-17 02:00:00,23.6,90,21.9,27.6,0.0,52,5,9,47,0.0,0.29,0.0,0.0,0.0,0.0,0.0,0
2019-06-17 03:00:00,24.1,87,21.8,28.3,0.0,45,1,28,30,0.0,0.4,0.0,0.0,0.0,0.0,0.0,0
2019-06-17 04:00:00,23.3,92,22.0,27.5,0.0,46,0,43,5,0.0,0.22,0.0,0.0,0.0,0.0,0.0,0
2019-06-17 05:00:00,23.2,93,22.0,27.6,0.0,45,3,44,0,0.0,0.19,0.0,0.0,0.0,0.0,0.0,0
2019-06-17 06:00:00,24.5,90,22.7,29.5,0.0,62,20,54,5,0.02,0.32,67.5,28.3,39.2,144.3,248.1,1
2019-06-17 07:00:00,25.7,85,23.0,30.9,0.0,98,18,35,97,0.07,0.5,125.2,39.5,85.7,133.7,532.4,1
2019-06-17 08:00:00,28.3,73,23.0,33.0,0.0,84,16,3,46,0.24,1.04,383.2,204.1,179.0,405.8,795.6,1
2019-06-17 09:00:00,29.8,69,23.5,35.5,0.0,51,9,0,48,0.41,1.29,622.0,483.2,138.7,702.6,1019.8,1
2019-06-17 10:00:00,30.7,68,24.2,37.5,0.0,61,2,1,60,0.56,1.4,807.2,672.1,135.1,802.7,1189.6,1
2019-06-17 11:00:00,31.2,67,24.2,37.6,0.0,85,28,14,81,0.55,1.51,757.0,554.8,202.2,589.5,1293.5,1
2019-06-17 12:00:00,31.4,65,23.9,38.0,0.1,94,34,23,91,0.53,1.62,695.9,468.3,227.6,471.9,1324.4,1
2019-06-17 13:00:00,30.6,68,24.0,36.2,0.3,97,33,39,95,0.43,1.42,545.9,226.0,319.9,228.9,1280.3,1
2019-06-17 14:00:00,30.0,72,24.3,35.7,0.5,94,23,30,93,0.37,1.21,456.0,235.1,220.9,253.7,1164.2,1
2019-06-17 15:00:00,30.0,74,24.8,36.8,0.1,99,12,47,98,0.45,1.11,550.8,338.3,212.5,415.6,983.9,1
2019-06-17 16:00:00,29.8,75,25.0,36.1,0.2,99,15,12,98,0.28,1.03,315.7,124.2,191.5,188.9,751.7,1
2019-06-17 17:00:00,28.9,79,24.8,35.3,0.7,98,34,15,97,0.18,0.85,187.2,78.0,109.2,166.8,483.5,1
2019-06-17 18:00:00,28.1,83,24.8,34.6,0.2,97,14,27,96,0.08,0.66,61.9,19.7,42.3,76.4,197.5,1
2019-06-17 19:00:00,26.7,93,25.4,33.2,0.0,46,7,28,30,0.02,0.26,0.0,0.0,0.0,0.0,0.0,0
2019-06-17 20:00:00,26.8,92,25.3,32.9,0.0,40,22,40,4,0.0,0.29,0.0,0.0,0.0,0.0,0.0,0
2019-06-17 21:00:00,26.7,90,24.9,32.8,0.0,91,0,49,86,0.0,0.35,0.0,0.0,0.0,0.0,0.0,0
2019-06-17 22:00:00,26.5,89,24.5,32.2,0.0,90,2,35,85,0.0,0.38,0.0,0.0,0.0,0.0,0.0,0
2019-06-17 23:00:00,26.1,90,24.2,31.7,0.0,88,3,51,80,0.0,0.35,0.0,0.0,0.0,0.0,0.0,0
2019-06-18 00:00:00,25.5,91,24.0,30.9,0.0,86,12,63,61,0.0,0.29,0.0,0.0,0.0,0.0,0.0,0
2019-06-18 01:00:00,25.5,92,24.0,30.9,0.0,100,16,99,79,0.0,0.27,0.0,0.0,0.0,0.0,0.0,0
2019-06-18 02:00:00,26.8,82,23.4,32.3,0.0,99,4,91,95,0.0,0.65,0.0,0.0,0.0,0.0,0.0,0
2019-06-18 03:00:00,26.9,81,23.4,32.3,0.0,95,4,69,91,0.0,0.67,0.0,0.0,0.0,0.0,0.0,0
2019-06-18 04:00:00,26.7,83,23.5,32.2,0.0,97,5,44,96,0.0,0.61,0.0,0.0,0.0,0.0,0.0,0
2019-06-18 05:00:00,26.4,85,23.7,31.8,0.0,88,4,22,85,0.0,0.5,0.0,0.0,0.0,0.0,0.0,0
2019-06-18 06:00:00,26.2,89,24.2,32.2,0.0,70,3,22,68,0.02,0.39,74.1,26.2,47.9,133.4,247.3,1
2019-06-18 07:00:00,26.8,89,24.9,33.4,0.0,70,4,15,65,0.12,0.39,243.7,132.1,111.7,448.4,531.5,1
2019-06-18 08:00:00,27.9,83,24.8,34.1,0.0,73,37,6,66,0.24,0.63,402.4,250.7,151.6,499.2,794.7,1
2019-06-18 09:00:00,29.4,78,25.2,35.1,0.0,91,74,14,85,0.39,0.9,604.2,419.6,184.6,610.5,1018.9,1
2019-06-18 10:00:00,30.0,75,25.1,35.9,0.0,94,1,24,93,0.43,1.06,620.7,374.2,246.6,447.1,1188.9,1
2019-06-18 11:00:00,31.2,69,24.8,37.5,0.0,74,16,19,71,0.51,1.4,684.5,458.4,226.1,487.2,1293.0,1
2019-06-18 12:00:00,32.1,66,24.8,38.8,0.1,77,28,31,69,0.61,1.64,801.7,577.1,224.6,581.6,1324.3,1
2019-06-18 13:00:00,30.3,76,25.7,36.0,0.1,75,31,50,54,0.4,1.02,513.7,328.8,184.9,332.9,1280.4,1
2019-06-18 14:00:00,29.0,84,26.0,35.1,2.0,79,26,66,37,0.38,0.65,497.8,249.4,248.4,269.0,1164.6,1
2019-06-18 15:00:00,29.4,83,26.3,36.5,0.1,32,26,18,4,0.29,0.68,354.8,213.4,141.4,262.0,984.6,1
2019-06-18 16:00:00,30.4,79,26.3,37.4,0.2,96,24,22,95,0.34,0.93,393.4,279.5,113.9,424.6,752.7,1
2019-06-18 17:00:00,29.3,84,26.2,35.6,0.7,91,26,40,85,0.17,0.66,173.3,71.8,101.5,153.2,484.7,1
2019-06-18 18:00:00,28.4,89,26.4,35.3,0.1,79,35,15,72,0.07,0.43,45.3,18.6,26.7,71.9,198.8,1
2019-06-18 19:00:00,27.2,96,26.5,34.4,0.1,52,27,35,32,0.02,0.15,0.0,0.0,0.0,0.0,0.0,0
2019-06-18 20:00:00,27.9,92,26.5,35.4,0.0,56,16,25,97,0.0,0.29,0.0,0.0,0.0,0.0,0.0,0
2019-06-18 21:00:00,28.8,86,26.3,36.4,0.0,93,15,22,91,0.0,0.54,0.0,0.0,0.0,0.0,0.0,0
2019-06-18 22:00:00,27.8,91,26.2,35.1,0.0,89,8,16,86,0.0,0.32,0.0,0.0,0.0,0.0,0.0,0
2019-06-18 23:00:00,26.9,94,25.9,33.7,0.0,80,4,8,78,0.0,0.2,0.0,0.0,0.0,0.0,0.0,0
2019-06-19 00:00:00,27.8,90,26.1,34.9,0.0,70,1,1,69,0.0,0.37,0.0,0.0,0.0,0.0,0.0,0
2019-06-19 01:00:00,26.3,95,25.4,32.8,0.0,73,2,0,72,0.0,0.19,0.0,0.0,0.0,0.0,0.0,0
2019-06-19 02:00:00,26.8,90,25.0,32.8,0.0,97,1,0,96,0.0,0.35,0.0,0.0,0.0,0.0,0.0,0
2019-06-19 03:00:00,26.8,91,25.1,33.4,0.0,97,4,0,97,0.0,0.33,0.0,0.0,0.0,0.0,0.0,0
2019-06-19 04:00:00,25.1,96,24.4,30.8,0.0,92,1,0,92,0.0,0.13,0.0,0.0,0.0,0.0,0.0,0
2019-06-19 05:00:00,25.9,91,24.3,31.3,0.0,98,1,0,98,0.0,0.3,0.0,0.0,0.0,0.0,0.0,0
2019-06-19 06:00:00,26.7,87,24.3,31.9,0.0,98,1,0,99,0.04,0.47,67.6,8.7,58.9,44.5,246.3,1
2019-06-19 07:00:00,28.0,83,24.8,33.4,0.0,99,0,6,99,0.12,0.64,209.8,57.2,152.6,194.7,530.5,1
2019-06-19 08:00:00,29.3,77,24.9,35.1,0.0,99,0,27,44,0.24,0.93,379.8,154.1,225.7,307.1,793.7,1
2019-06-19 09:00:00,30.5,74,25.4,36.4,0.0,57,0,5,56,0.41,1.13,611.0,420.7,190.2,612.7,1018.0,1
2019-06-19 10:00:00,31.8,70,25.5,38.7,0.0,93,0,1,93,0.57,1.43,814.9,666.9,148.0,797.4,1188.2,1
2019-06-19 11:00:00,32.6,67,25.6,39.3,0.0,93,9,0,92,0.66,1.64,908.6,761.3,147.3,809.4,1292.6,1
2019-06-19 12:00:00,32.7,67,25.8,39.3,0.0,96,5,0,96,0.69,1.63,925.7,751.4,174.3,757.3,1324.1,1
2019-06-19 13:00:00,32.5,70,26.2,39.1,0.0,98,0,0,98,0.67,1.49,884.7,704.6,180.1,713.4,1280.6,1
2019-06-19 14:00:00,32.4,70,26.3,38.6,0.0,99,1,0,99,0.62,1.44,798.5,641.0,157.4,691.3,1165.0,1
2019-06-19 15:00:00,31.8,72,26.0,37.1,0.0,98,1,0,97,0.5,1.33,603.0,366.7,236.3,449.8,985.3,1
2019-06-19 16:00:00,31.0,75,26.1,36.0,0.0,100,2,0,100,0.39,1.11,451.4,283.9,167.4,430.8,753.6,1
2019-06-19 17:00:00,30.1,79,26.0,35.5,0.0,100,1,0,100,0.23,0.91,220.2,82.0,138.2,174.7,485.8,1
2019-06-19 18:00:00,29.1,80,25.2,34.1,0.0,100,1,0,100,0.1,0.82,49.5,3.5,46.0,13.5,200.1,1
2019-06-19 19:00:00,28.3,81,24.7,33.7,0.0,100,2,4,100,0.04,0.73,0.0,0.0,0.0,0.0,0.0,0
2019-06-19 20:00:00,28.8,80,25.1,34.8,0.0,99,0,0,100,0.01,0.77,0.0,0.0,0.0,0.0,0.0,0
2019-06-19 21:00:00,27.5,89,25.5,34.1,0.0,100,0,5,100,0.0,0.42,0.0,0.0,0.0,0.0,0.0,0
2019-06-19 22:00:00,27.4,87,25.0,33.6,0.0,100,0,2,100,0.0,0.48,0.0,0.0,0.0,0.0,0.0,0
2019-06-19 23:00:00,26.9,89,25.0,33.2,0.0,100,0,2,100,0.0,0.38,0.0,0.0,0.0,0.0,0.0,0
2019-06-20 00:00:00,26.6,90,24.9,32.9,0.0,100,0,2,100,0.0,0.33,0.0,0.0,0.0,0.0,0.0,0
2019-06-20 01:00:00,26.4,91,24.7,32.5,0.0,99,0,3,99,0.0,0.32,0.0,0.0,0.0,0.0,0.0,0
2019-06-20 02:00:00,25.6,94,24.6,31.6,0.0,99,0,2,98,0.0,0.2,0.0,0.0,0.0,0.0,0.0,0
2019-06-20 03:00:00,25.4,94,24.3,31.3,0.0,91,0,4,91,0.0,0.2,0.0,0.0,0.0,0.0,0.0,0
2019-06-20 04:00:00,25.9,90,24.2,31.6,0.0,95,0,19,94,0.0,0.32,0.0,0.0,0.0,0.0,0.0,0
2019-06-20 05:00:00,26.0,88,23.9,31.5,0.0,96,0,24,95,0.0,0.4,0.0,0.0,0.0,0.0,0.0,0
2019-06-20 06:00:00,26.9,91,25.3,33.4,0.0,98,0,17,97,0.02,0.31,61.1,15.3,45.8,78.1,245.3,1
2019-06-20 07:00:00,28.2,79,24.2,34.0,0.0,100,0,5,100,0.12,0.8,226.3,88.6,137.7,302.3,529.5,1
2019-06-20 08:00:00,29.4,74,24.3,34.4,0.0,99,0,1,100,0.25,1.05,395.4,203.1,192.3,405.4,792.7,1
2019-06-20 09:00:00,30.5,71,24.7,35.5,0.0,97,0,4,97,0.43,1.26,644.6,467.8,176.8,681.9,1017.2,1
2019-06-20 10:00:00,31.5,69,25.1,37.4,0.0,95,0,3,95,0.56,1.43,798.9,596.2,202.7,713.2,1187.5,1
2019-06-20 11:00:00,32.3,67,25.5,39.0,0.0,97,3,3,97,0.66,1.57,915.9,762.4,153.5,810.8,1292.1,1
2019-06-20 12:00:00,32.6,67,25.6,39.6,0.0,98,5,5,98,0.71,1.65,960.0,811.9,148.1,818.4,1323.9,1
2019-06-20 13:00:00,32.6,68,25.9,39.8,0.0,100,5,5,100,0.68,1.57,893.6,705.7,187.9,714.4,1280.7,1
2019-06-20 14:00:00,32.3,69,26.0,38.8,0.1,100,3,4,100,0.57,1.47,707.5,506.5,201.1,546.0,1165.4,1
2019-06-20 15:00:00,31.9,69,25.6,37.0,0.4,100,3,5,100,0.42,1.46,478.1,276.5,201.6,338.9,985.9,1
2019-06-20 16:00:00,31.7,70,25.6,36.7,0.0,100,2,1,100,0.4,1.4,440.3,290.1,150.2,439.7,754.5,1
2019-06-20 17:00:00,30.9,73,25.6,36.6,0.0,98,0,1,98,0.26,1.19,254.8,171.1,83.6,363.9,486.9,1
2019-06-20 18:00:00,29.8,77,25.4,35.5,0.0,96,1,0,96,0.14,0.95,96.9,51.4,45.5,197.4,201.2,1
2019-06-20 19:00:00,28.6,79,24.6,33.9,0.0,98,2,0,97,0.05,0.83,0.0,0.0,0.0,0.0,0.0,0
2019-06-20 20:00:00,29.2,76,24.5,35.5,0.0,98,7,1,32,0.0,0.98,0.0,0.0,0.0,0.0,0.0,0
2019-06-20 21:00:00,28.0,85,25.2,34.3,0.0,62,8,0,59,0.0,0.59,0.0,0.0,0.0,0.0,0.0,0
2019-06-20 22:00:00,27.8,87,25.4,34.1,0.0,91,4,0,91,0.0,0.5,0.0,0.0,0.0,0.0,0.0,0
2019-06-20 23:00:00,27.3,87,25.0,33.3,0.0,95,1,0,95,0.0,0.46,0.0,0.0,0.0,0.0,0.0,0
2019-06-21 00:00:00,26.4,90,24.7,32.1,0.0,89,1,0,89,0.0,0.33,0.0,0.0,0.0,0.0,0.0,0
2019-06-21 01:00:00,26.2,90,24.3,32.0,0.0,95,0,0,95,0.0,0.35,0.0,0.0,0.0,0.0,0.0,0
2019-06-21 02:00:00,25.2,93,24.1,30.9,0.0,85,0,0,85,0.0,0.21,0.0,0.0,0.0,0.0,0.0,0
2019-06-21 03:00:00,26.9,85,24.1,32.5,0.0,90,0,0,90,0.0,0.53,0.0,0.0,0.0,0.0,0.0,0
2019-06-21 04:00:00,26.3,87,23.9,31.7,0.0,87,0,1,87,0.0,0.45,0.0,0.0,0.0,0.0,0.0,0
2019-06-21 05:00:00,24.6,94,23.6,29.9,0.0,52,0,3,51,0.0,0.18,0.0,0.0,0.0,0.0,0.0,0
2019-06-21 06:00:00,26.0,90,24.2,31.8,0.0,78,0,4,77,0.02,0.33,82.9,34.9,48.0,178.7,244.3,1
2019-06-21 07:00:00,27.4,83,24.4,33.2,0.0,54,0,2,53,0.14,0.6,277.0,182.8,94.1,625.3,528.4,1
2019-06-21 08:00:00,29.0,74,23.8,34.0,0.0,75,0,0,77,0.3,1.05,489.9,378.8,111.1,757.2,791.7,1
2019-06-21 09:00:00,30.4,69,24.0,35.3,0.0,73,0,0,73,0.45,1.36,685.1,567.5,117.5,827.9,1016.3,1
2019-06-21 10:00:00,31.6,64,24.1,36.7,0.0,99,0,0,99,0.59,1.66,835.5,712.1,123.3,852.4,1186.8,1
2019-06-21 11:00:00,32.6,61,24.1,37.8,0.0,98,0,0,98,0.68,1.91,923.3,783.3,140.1,833.2,1291.7,1
2019-06-21 12:00:00,33.1,61,24.5,38.6,0.0,95,0,0,95,0.73,1.97,957.1,822.1,135.0,828.7,1323.7,1
2019-06-21 13:00:00,33.0,62,24.9,38.7,0.0,99,0,0,99,0.72,1.89,921.1,784.1,137.0,793.6,1280.8,1
2019-06-21 14:00:00,32.8,64,25.2,38.5,0.0,100,0,0,100,0.66,1.77,826.2,681.1,145.1,733.9,1165.8,1
2019-06-21 15:00:00,32.5,67,25.5,37.9,0.0,100,0,0,100,0.57,1.63,673.5,539.3,134.1,660.7,986.6,1
2019-06-21 16:00:00,32.0,70,25.7,37.0,0.0,100,0,0,100,0.44,1.44,487.0,367.0,120.0,555.7,755.4,1
2019-06-21 17:00:00,31.1,74,25.9,36.6,0.0,100,0,0,100,0.28,1.18,272.9,166.6,106.3,353.5,487.9,1
2019-06-21 18:00:00,29.8,77,25.4,35.2,0.0,100,1,0,100,0.13,0.95,86.0,33.4,52.7,127.7,202.3,1
2019-06-21 19:00:00,28.9,77,24.6,33.8,0.0,100,0,1,100,0.06,0.9,0.0,0.0,0.0,0.0,0.0,0
2019-06-21 20:00:00,28.4,85,25.6,34.9,0.0,100,0,1,96,0.0,0.59,0.0,0.0,0.0,0.0,0.0,0
2019-06-21 21:00:00,28.3,83,25.2,34.7,0.0,97,0,0,97,0.0,0.64,0.0,0.0,0.0,0.0,0.0,0
2019-06-21 22:00:00,27.8,84,24.9,33.9,0.0,98,1,0,98,0.0,0.6,0.0,0.0,0.0,0.0,0.0,0
2019-06-21 23:00:00,27.2,87,24.9,33.4,0.0,99,0,1,99,0.0,0.47,0.0,0.0,0.0,0.0,0.0,0
2019-06-22 00:00:00,26.6,90,24.8,32.9,0.0,98,0,3,98,0.0,0.35,0.0,0.0,0.0,0.0,0.0,0
2019-06-22 01:00:00,26.3,90,24.6,32.4,0.0,97,1,2,97,0.0,0.33,0.0,0.0,0.0,0.0,0.0,0
2019-06-22 02:00:00,26.1,91,24.5,32.0,0.0,94,2,14,94,0.0,0.3,0.0,0.0,0.0,0.0,0.0,0
2019-06-22 03:00:00,26.2,90,24.4,31.9,0.0,100,1,29,100,0.0,0.34,0.0,0.0,0.0,0.0,0.0,0
2019-06-22 04:00:00,26.7,84,23.8,32.1,0.0,100,1,47,100,0.0,0.55,0.0,0.0,0.0,0.0,0.0,0
2019-06-22 05:00:00,27.3,78,23.1,32.4,0.0,100,1,49,100,0.0,0.8,0.0,0.0,0.0,0.0,0.0,0
2019-06-22 06:00:00,27.4,82,24.1,33.4,0.0,100,1,76,100,0.02,0.64,43.6,2.2,41.5,11.2,243.2,1
2019-06-22 07:00:00,27.9,75,23.1,32.7,0.0,100,0,100,100,0.09,0.92,121.5,4.1,117.4,14.0,527.3,1
2019-06-22 08:00:00,28.9,71,23.2,33.8,0.0,100,0,21,100,0.12,1.14,151.8,3.6,148.2,7.2,790.7,1
2019-06-22 09:00:00,30.1,67,23.3,35.3,0.0,100,0,16,100,0.31,1.41,452.3,117.6,334.8,171.7,1015.4,1
2019-06-22 10:00:00,31.3,65,24.0,36.4,0.0,100,1,15,100,0.45,1.6,621.1,261.7,359.3,313.4,1186.1,1
2019-06-22 11:00:00,31.8,63,23.8,36.2,0.0,100,3,25,100,0.46,1.75,587.3,201.3,386.0,214.2,1291.2,1
2019-06-22 12:00:00,32.3,61,23.8,36.8,0.0,100,18,19,100,0.49,1.88,598.5,178.3,420.2,179.8,1323.6,1
2019-06-22 13:00:00,32.6,61,24.0,37.2,0.0,100,23,27,100,0.52,1.94,612.8,218.3,394.5,221.0,1280.9,1
2019-06-22 14:00:00,31.8,66,24.7,36.4,0.0,100,0,22,100,0.39,1.58,434.5,101.5,333.0,109.3,1166.2,1
2019-06-22 15:00:00,31.2,71,25.4,36.1,0.0,100,0,14,100,0.3,1.3,314.9,31.0,283.9,38.0,987.2,1
2019-06-22 16:00:00,30.5,71,24.7,34.9,0.0,100,0,20,100,0.24,1.25,213.4,23.3,190.0,35.3,756.2,1
2019-06-22 17:00:00,30.1,73,24.6,35.0,0.0,100,0,7,100,0.15,1.16,105.6,5.5,100.1,11.6,488.8,1
2019-06-22 18:00:00,29.1,85,26.3,36.1,0.0,100,0,4,100,0.06,0.61,34.0,0.6,33.4,2.2,203.4,1
2019-06-22 19:00:00,28.2,83,25.1,33.8,0.0,100,1,2,100,0.04,0.65,0.0,0.0,0.0,0.0,0.0,0
2019-06-22 20:00:00,27.2,88,25.0,32.9,0.0,100,5,16,100,0.0,0.43,0.0,0.0,0.0,0.0,0.0,0
2019-06-22 21:00:00,27.0,92,25.5,33.3,0.0,100,21,0,100,0.0,0.3,0.0,0.0,0.0,0.0,0.0,0
2019-06-22 22:00:00,26.7,94,25.6,33.3,0.1,100,48,0,100,0.0,0.22,0.0,0.0,0.0,0.0,0.0,0
2019-06-22 23:00:00,26.3,96,25.6,33.1,0.2,100,47,10,100,0.0,0.14,0.0,0.0,0.0,0.0,0.0,0
2019-06-23 00:00:00,26.0,96,25.4,32.7,0.3,100,81,20,100,0.0,0.13,0.0,0.0,0.0,0.0,0.0,0
2019-06-23 01:00:00,25.8,97,25.3,32.5,0.4,100,96,19,100,0.0,0.1,0.0,0.0,0.0,0.0,0.0,0
2019-06-23 02:00:00,25.8,96,25.1,32.3,0.4,100,62,39,99,0.0,0.15,0.0,0.0,0.0,0.0,0.0,0
2019-06-23 03:00:00,25.6,97,25.2,31.7,0.4,100,47,46,100,0.0,0.09,0.0,0.0,0.0,0.0,0.0,0
2019-06-23 04:00:00,25.5,99,25.2,31.8,0.3,100,28,19,100,0.0,0.05,0.0,0.0,0.0,0.0,0.0,0
2019-06-23 05:00:00,25.2,99,25.0,31.4,0.2,99,14,49,99,0.0,0.05,0.0,0.0,0.0,0.0,0.0,0
2019-06-23 06:00:00,25.5,97,25.0,32.1,0.6,100,0,0,100,0.02,0.09,45.9,4.4,41.5,22.4,242.1,1
2019-06-23 07:00:00,25.8,95,24.9,32.0,1.0,100,2,57,100,0.06,0.17,101.1,9.6,91.6,32.9,526.2,1
2019-06-23 08:00:00,26.6,92,25.2,32.5,0.1,100,19,85,100,0.08,0.27,117.2,3.6,113.6,7.2,789.7,1
2019-06-23 09:00:00,26.8,92,25.5,32.3,2.1,100,12,98,100,0.11,0.27,152.3,15.7,136.6,22.9,1014.5,1
2019-06-23 10:00:00,26.9,92,25.5,32.6,1.7,100,12,43,100,0.1,0.28,128.7,0.0,128.7,0.0,1185.5,1
2019-06-23 11:00:00,27.1,92,25.7,32.7,1.7,100,10,98,100,0.1,0.28,128.7,0.0,128.7,0.0,1290.8,1
2019-06-23 12:00:00,27.2,89,25.1,31.7,1.9,100,4,91,100,0.13,0.41,147.1,0.0,147.1,0.0,1323.4,1
2019-06-23 13:00:00,27.7,86,25.2,32.4,1.0,100,4,61,100,0.17,0.52,206.6,8.8,197.8,8.9,1281.0,1
2019-06-23 14:00:00,26.3,92,24.9,30.7,2.0,100,47,98,100,0.12,0.26,152.8,0.9,151.8,1.0,1166.6,1
2019-06-23 15:00:00,25.2,91,23.7,29.2,2.3,100,56,100,100,0.1,0.28,111.4,0.0,111.4,0.0,987.8,1
2019-06-23 16:00:00,24.8,91,23.3,29.1,3.6,100,34,100,100,0.08,0.27,84.7,0.0,84.7,0.0,757.0,1
2019-06-23 17:00:00,24.3,92,22.8,28.5,3.4,100,97,98,100,0.06,0.25,45.4,0.8,44.6,1.7,489.7,1
2019-06-23 18:00:00,24.1,93,22.9,28.6,2.3,100,100,100,100,0.03,0.21,15.3,0.0,15.3,0.0,204.3,1
2019-06-23 19:00:00,23.9,94,22.8,28.3,2.0,100,98,97,100,0.02,0.18,0.0,0.0,0.0,0.0,0.0,0
2019-06-23 20:00:00,24.6,94,23.7,29.5,1.0,100,55,99,100,0.0,0.17,0.0,0.0,0.0,0.0,0.0,0
2019-06-23 21:00:00,24.4,96,23.6,28.9,0.9,100,36,97,100,0.0,0.13,0.0,0.0,0.0,0.0,0.0,0
2019-06-23 22:00:00,24.5,94,23.5,29.2,0.8,100,100,99,100,0.0,0.17,0.0,0.0,0.0,0.0,0.0,0
2019-06-23 23:00:00,24.5,95,23.6,29.5,1.2,100,55,96,100,0.0,0.16,0.0,0.0,0.0,0.0,0.0,0
2019-06-24 00:00:00,24.4,95,23.6,29.5,0.9,100,50,99,100,0.0,0.15,0.0,0.0,0.0,0.0,0.0,0
2019-06-24 01:00:00,24.4,95,23.6,29.2,0.8,100,23,98,100,0.0,0.15,0.0,0.0,0.0,0.0,0.0,0
2019-06-24 02:00:00,24.5,95,23.6,29.0,0.9,100,33,100,99,0.0,0.16,0.0,0.0,0.0,0.0,0.0,0
2019-06-24 03:00:00,24.3,95,23.5,28.5,1.2,100,98,72,100,0.0,0.15,0.0,0.0,0.0,0.0,0.0,0
2019-06-24 04:00:00,24.2,95,23.3,28.1,1.5,100,100,100,100,0.0,0.16,0.0,0.0,0.0,0.0,0.0,0
2019-06-24 05:00:00,23.9,95,23.0,27.8,1.2,100,99,98,100,0.0,0.15,0.0,0.0,0.0,0.0,0.0,0
2019-06-24 06:00:00,23.7,94,22.7,27.4,0.8,100,82,100,95,0.02,0.16,10.9,0.0,10.9,0.0,240.9,1
2019-06-24 07:00:00,23.6,94,22.6,27.3,0.3,100,56,99,96,0.04,0.18,38.3,0.0,38.3,0.0,525.1,1
2019-06-24 08:00:00,24.0,92,22.6,27.4,0.2,100,10,95,100,0.07,0.25,90.9,7.2,83.7,14.4,788.6,1
2019-06-24 09:00:00,24.8,88,22.7,28.4,0.6,100,12,100,100,0.12,0.36,170.2,2.2,168.0,3.3,1013.7,1
2019-06-24 10:00:00,25.2,87,22.9,28.9,0.4,100,15,100,100,0.14,0.4,186.7,8.6,178.1,10.3,1184.8,1
2019-06-24 11:00:00,25.5,86,23.0,29.2,0.4,100,44,100,100,0.17,0.46,233.5,5.2,228.3,5.5,1290.4,1
2019-06-24 12:00:00,25.1,89,23.2,29.1,0.7,100,11,100,100,0.13,0.33,162.3,0.0,162.3,0.0,1323.3,1
2019-06-24 13:00:00,25.3,89,23.4,29.6,1.2,100,2,100,100,0.16,0.35,207.6,14.7,192.9,14.9,1281.2,1
2019-06-24 14:00:00,25.2,90,23.5,29.9,1.4,100,0,100,100,0.11,0.32,128.1,0.0,128.1,0.0,1167.0,1
2019-06-24 15:00:00,25.6,89,23.7,30.5,1.2,100,4,90,100,0.13,0.36,157.0,0.0,157.0,0.0,988.4,1
2019-06-24 16:00:00,25.5,90,23.7,30.3,0.7,100,3,46,100,0.12,0.32,140.9,5.2,135.7,7.8,757.7,1
2019-06-24 17:00:00,25.2,90,23.5,29.7,0.3,100,0,86,100,0.1,0.31,101.8,2.3,99.5,5.0,490.6,1
2019-06-24 18:00:00,24.9,92,23.5,29.2,0.1,94,1,83,90,0.06,0.25,41.2,0.6,40.6,2.2,205.2,1
2019-06-24 19:00:00,24.4,93,23.2,28.6,0.1,100,3,80,100,0.02,0.2,0.0,0.0,0.0,0.0,0.0,0
2019-06-24 20:00:00,24.3,94,23.3,29.2,0.0,82,3,100,81,0.0,0.19,0.0,0.0,0.0,0.0,0.0,0
2019-06-24 21:00:00,24.4,94,23.4,29.1,0.5,100,2,100,98,0.0,0.18,0.0,0.0,0.0,0.0,0.0,0
2019-06-24 22:00:00,24.3,95,23.4,28.6,0.4,100,0,100,84,0.0,0.16,0.0,0.0,0.0,0.0,0.0,0
2019-06-24 23:00:00,24.4,94,23.4,28.5,0.6,100,0,100,42,0.0,0.17,0.0,0.0,0.0,0.0,0.0,0
2019-06-25 00:00:00,24.5,94,23.4,28.6,0.4,100,2,100,0,0.0,0.19,0.0,0.0,0.0,0.0,0.0,0
2019-06-25 01:00:00,24.6,93,23.3,28.6,0.0,100,2,100,64,0.0,0.22,0.0,0.0,0.0,0.0,0.0,0
2019-06-25 02:00:00,24.6,93,23.3,28.8,0.0,100,1,100,99,0.0,0.22,0.0,0.0,0.0,0.0,0.0,0
2019-06-25 03:00:00,24.6,93,23.3,28.7,0.0,100,4,100,99,0.0,0.22,0.0,0.0,0.0,0.0,0.0,0
2019-06-25 04:00:00,24.7,92,23.3,28.9,0.0,100,5,96,100,0.0,0.25,0.0,0.0,0.0,0.0,0.0,0
2019-06-25 05:00:00,24.8,91,23.3,29.2,0.0,100,8,93,100,0.0,0.27,0.0,0.0,0.0,0.0,0.0,0
2019-06-25 06:00:00,25.2,91,23.6,30.0,0.0,100,7,100,100,0.03,0.28,37.1,2.2,35.0,11.3,239.7,1
2019-06-25 07:00:00,26.1,90,24.3,31.0,0.0,100,5,83,100,0.08,0.34,130.1,6.8,123.2,23.7,523.9,1
2019-06-25 08:00:00,27.6,83,24.6,33.2,0.0,100,0,71,61,0.16,0.61,244.1,52.6,191.4,105.9,787.6,1
2019-06-25 09:00:00,28.8,80,25.1,34.5,0.0,93,0,35,90,0.24,0.77,357.4,156.8,200.5,229.7,1012.8,1
2019-06-25 10:00:00,29.9,75,24.9,35.2,0.0,95,0,16,94,0.38,1.07,531.2,241.4,289.7,289.7,1184.2,1
2019-06-25 11:00:00,31.2,69,24.7,37.6,0.0,76,6,7,75,0.6,1.42,833.4,561.5,271.9,598.1,1290.0,1
2019-06-25 12:00:00,31.9,66,24.7,40.5,0.1,74,19,19,69,0.71,1.63,943.4,774.0,169.3,780.6,1323.1,1
2019-06-25 13:00:00,29.1,77,24.7,34.8,2.0,65,27,45,40,0.5,0.91,689.4,510.2,179.2,516.2,1281.3,1
2019-06-25 14:00:00,28.1,81,24.6,33.7,1.4,94,44,87,67,0.39,0.71,506.8,260.0,246.7,279.8,1167.3,1
2019-06-25 15:00:00,27.1,85,24.4,32.9,0.6,97,43,83,91,0.14,0.53,158.9,0.9,158.0,1.1,989.0,1
2019-06-25 16:00:00,26.3,88,24.2,32.0,1.1,99,1,96,96,0.08,0.4,81.2,0.9,80.4,1.3,758.4,1
2019-06-25 17:00:00,26.0,89,24.1,31.4,0.8,96,0,44,96,0.09,0.36,86.2,2.4,83.8,5.0,491.4,1
2019-06-25 18:00:00,25.8,89,23.9,31.8,1.5,100,0,100,96,0.05,0.36,38.3,5.9,32.4,22.3,206.0,1
2019-06-25 19:00:00,25.5,92,24.1,31.4,1.6,99,0,99,90,0.02,0.26,0.0,0.0,0.0,0.0,0.0,0
2019-06-25 20:00:00,24.7,93,23.5,30.0,1.0,88,0,99,100,0.0,0.23,0.0,0.0,0.0,0.0,0.0,0
2019-06-25 21:00:00,24.8,94,23.7,30.4,1.5,98,0,95,98,0.0,0.19,0.0,0.0,0.0,0.0,0.0,0
2019-06-25 22:00:00,24.7,95,23.9,30.1,1.2,98,5,52,98,0.0,0.15,0.0,0.0,0.0,0.0,0.0,0
2019-06-25 23:00:00,24.6,95,23.7,30.0,0.4,93,1,19,93,0.0,0.16,0.0,0.0,0.0,0.0,0.0,0
2019-06-26 00:00:00,24.6,94,23.6,30.0,0.2,97,0,16,97,0.0,0.18,0.0,0.0,0.0,0.0,0.0,0
2019-06-26 01:00:00,24.4,94,23.4,29.7,0.0,100,0,6,100,0.0,0.17,0.0,0.0,0.0,0.0,0.0,0
2019-06-26 02:00:00,24.2,94,23.2,29.2,0.0,100,0,24,100,0.0,0.18,0.0,0.0,0.0,0.0,0.0,0
2019-06-26 03:00:00,24.1,96,23.4,29.3,0.0,100,2,13,100,0.0,0.12,0.0,0.0,0.0,0.0,0.0,0
2019-06-26 04:00:00,24.2,96,23.6,29.6,0.0,100,1,14,100,0.0,0.12,0.0,0.0,0.0,0.0,0.0,0
2019-06-26 05:00:00,24.0,96,23.4,29.2,0.0,100,2,0,100,0.0,0.11,0.0,0.0,0.0,0.0,0.0,0
2019-06-26 06:00:00,24.7,94,23.7,30.2,0.0,100,4,5,99,0.02,0.17,41.5,2.2,39.3,11.3,238.5,1
2019-06-26 07:00:00,25.7,90,24.0,31.0,0.0,100,1,38,100,0.08,0.32,149.4,12.3,137.0,42.8,522.8,1
2019-06-26 08:00:00,27.5,82,24.1,32.1,0.0,100,0,18,94,0.19,0.67,302.8,111.3,191.5,224.2,786.6,1
2019-06-26 09:00:00,28.8,75,23.9,33.7,0.0,72,1,65,25,0.33,1.0,493.0,290.2,202.8,425.4,1011.9,1
2019-06-26 10:00:00,29.6,70,23.5,34.7,0.0,98,2,97,51,0.38,1.24,536.6,328.4,208.2,394.2,1183.5,1
2019-06-26 11:00:00,29.7,70,23.6,34.8,0.0,60,7,48,24,0.36,1.26,486.8,222.1,264.7,236.7,1289.6,1
2019-06-26 12:00:00,28.5,77,24.1,32.6,0.1,79,1,63,58,0.37,0.88,509.0,270.1,238.9,272.4,1323.0,1
2019-06-26 13:00:00,27.8,82,24.5,32.5,0.5,100,13,100,61,0.37,0.66,519.1,212.5,306.5,215.0,1281.4,1
2019-06-26 14:00:00,27.8,81,24.3,33.3,0.1,90,39,85,37,0.35,0.7,450.8,131.9,318.9,141.9,1167.6,1
2019-06-26 15:00:00,28.2,78,23.9,34.1,0.0,97,4,94,44,0.34,0.86,422.8,166.2,256.6,203.1,989.5,1
2019-06-26 16:00:00,27.7,78,23.5,33.3,0.5,100,0,100,49,0.19,0.82,223.0,97.7,125.4,147.3,759.0,1
2019-06-26 17:00:00,27.5,79,23.6,32.9,0.5,79,0,72,40,0.16,0.77,170.8,58.0,112.8,122.3,492.0,1
2019-06-26 18:00:00,27.1,83,24.0,32.8,0.4,80,1,72,49,0.08,0.6,61.4,23.0,38.4,87.0,206.7,1
2019-06-26 19:00:00,25.8,92,24.4,31.6,0.0,60,8,12,55,0.02,0.27,0.0,0.0,0.0,0.0,0.0,0
2019-06-26 20:00:00,26.2,91,24.7,32.0,0.0,89,28,46,42,0.0,0.29,0.0,0.0,0.0,0.0,0.0,0
2019-06-26 21:00:00,25.8,94,24.8,31.9,0.5,80,51,59,60,0.0,0.19,0.0,0.0,0.0,0.0,0.0,0
2019-06-26 22:00:00,25.8,94,24.8,31.4,0.2,61,40,46,42,0.0,0.19,0.0,0.0,0.0,0.0,0.0,0
2019-06-26 23:00:00,25.7,94,24.6,31.2,0.1,75,65,45,20,0.0,0.21,0.0,0.0,0.0,0.0,0.0,0
2019-06-27 00:00:00,25.4,95,24.5,30.8,0.0,44,4,40,13,0.0,0.17,0.0,0.0,0.0,0.0,0.0,0
2019-06-27 01:00:00,25.2,96,24.5,30.5,0.0,30,0,30,3,0.0,0.13,0.0,0.0,0.0,0.0,0.0,0
2019-06-27 02:00:00,24.9,96,24.2,30.5,0.0,19,2,17,5,0.0,0.13,0.0,0.0,0.0,0.0,0.0,0
2019-06-27 03:00:00,24.6,95,23.8,30.3,0.0,20,0,11,12,0.0,0.14,0.0,0.0,0.0,0.0,0.0,0
2019-06-27 04:00:00,24.4,94,23.4,29.7,0.0,28,1,20,12,0.0,0.17,0.0,0.0,0.0,0.0,0.0,0
2019-06-27 05:00:00,24.4,94,23.4,29.6,0.0,36,2,28,21,0.0,0.18,0.0,0.0,0.0,0.0,0.0,0
2019-06-27 06:00:00,26.1,90,24.2,32.2,0.0,84,7,14,83,0.02,0.35,65.6,28.4,37.2,147.0,237.3,1
2019-06-27 07:00:00,26.8,84,23.9,32.5,0.0,94,12,19,93,0.1,0.56,194.8,65.8,128.9,229.1,521.6,1
2019-06-27 08:00:00,27.3,82,23.9,32.9,0.0,92,3,16,56,0.17,0.65,275.4,92.2,183.2,186.0,785.5,1
2019-06-27 09:00:00,28.3,79,24.3,34.5,0.0,50,1,17,45,0.34,0.81,523.4,355.3,168.1,521.2,1011.1,1
2019-06-27 10:00:00,29.5,74,24.4,35.3,0.0,18,12,6,10,0.4,1.07,581.8,384.3,197.5,461.5,1182.9,1
2019-06-27 11:00:00,30.4,72,24.8,36.7,0.1,47,31,19,30,0.52,1.21,731.9,555.4,176.5,591.9,1289.2,1
2019-06-27 12:00:00,30.4,74,25.3,36.6,0.5,62,31,39,40,0.44,1.12,583.7,329.6,254.0,332.5,1322.9,1
2019-06-27 13:00:00,29.6,76,25.0,35.7,2.7,88,7,68,78,0.42,0.98,541.6,297.8,243.9,301.2,1281.5,1
2019-06-27 14:00:00,28.7,81,25.2,35.3,0.3,95,26,49,91,0.28,0.73,354.0,123.4,230.6,132.7,1167.9,1
2019-06-27 15:00:00,29.2,79,25.1,35.7,1.0,89,17,32,86,0.25,0.86,298.7,80.4,218.3,98.1,989.9,1
2019-06-27 16:00:00,29.6,75,24.7,35.7,0.6,88,40,23,83,0.23,1.03,259.4,79.5,179.8,119.8,759.6,1
2019-06-27 17:00:00,29.6,75,24.6,35.4,0.1,76,15,30,69,0.17,1.04,169.3,61.9,107.4,130.4,492.7,1
2019-06-27 18:00:00,29.0,81,25.4,35.6,0.0,35,1,19,27,0.09,0.76,65.6,26.0,39.6,98.1,207.3,1
2019-06-27 19:00:00,29.4,73,24.1,35.1,0.0,30,1,8,26,0.03,1.1,0.0,0.0,0.0,0.0,0.0,0
2019-06-27 20:00:00,27.4,86,24.8,33.1,0.0,37,1,15,31,0.0,0.52,0.0,0.0,0.0,0.0,0.0,0
2019-06-27 21:00:00,26.9,88,24.7,32.7,0.0,19,4,14,6,0.0,0.42,0.0,0.0,0.0,0.0,0.0,0
2019-06-27 22:00:00,26.7,89,24.7,32.6,0.0,19,4,17,1,0.0,0.39,0.0,0.0,0.0,0.0,0.0,0
2019-06-27 23:00:00,26.0,92,24.6,31.8,0.0,10,1,10,0,0.0,0.26,0.0,0.0,0.0,0.0,0.0,0
2019-06-28 00:00:00,26.0,91,24.4,31.8,0.0,2,1,2,0,0.0,0.31,0.0,0.0,0.0,0.0,0.0,0
2019-06-28 01:00:00,25.8,91,24.3,31.6,0.0,1,0,1,0,0.0,0.28,0.0,0.0,0.0,0.0,0.0,0
2019-06-28 02:00:00,26.8,88,24.5,33.1,0.0,2,1,1,0,0.0,0.44,0.0,0.0,0.0,0.0,0.0,0
2019-06-28 03:00:00,26.6,89,24.6,32.8,0.0,2,1,1,0,0.0,0.38,0.0,0.0,0.0,0.0,0.0,0
2019-06-28 04:00:00,26.2,91,24.6,32.5,0.0,8,2,7,0,0.0,0.31,0.0,0.0,0.0,0.0,0.0,0
2019-06-28 05:00:00,24.6,95,23.8,29.9,0.0,12,2,11,0,0.0,0.14,0.0,0.0,0.0,0.0,0.0,0
2019-06-28 06:00:00,26.0,93,24.8,31.8,0.0,12,4,10,1,0.02,0.23,76.6,37.2,39.4,192.7,236.0,1
2019-06-28 07:00:00,28.0,84,25.0,34.3,0.0,13,6,7,5,0.13,0.6,249.9,162.0,87.9,565.5,520.4,1
2019-06-28 08:00:00,28.7,81,25.1,35.0,0.0,7,1,2,0,0.26,0.76,444.4,331.8,112.6,670.5,784.5,1
2019-06-28 09:00:00,30.2,76,25.6,37.3,0.0,2,1,1,0,0.44,1.01,673.7,557.1,116.6,818.1,1010.3,1
2019-06-28 10:00:00,31.7,71,25.7,40.1,0.0,9,8,2,0,0.57,1.36,800.9,663.5,137.4,797.3,1182.3,1
2019-06-28 11:00:00,32.8,66,25.6,41.3,0.1,24,17,12,5,0.66,1.7,884.6,750.6,133.9,800.3,1288.9,1
2019-06-28 12:00:00,33.3,64,25.5,41.4,0.1,74,16,18,69,0.66,1.87,855.9,707.7,148.2,713.9,1322.7,1
2019-06-28 13:00:00,32.9,64,25.2,41.0,0.1,58,21,31,41,0.62,1.8,778.7,586.7,192.0,593.5,1281.6,1
2019-06-28 14:00:00,32.0,70,25.8,39.3,0.3,68,35,33,53,0.55,1.42,674.0,518.3,155.7,557.4,1168.2,1
2019-06-28 15:00:00,31.0,75,26.1,37.0,0.6,61,12,33,55,0.43,1.1,514.3,355.3,158.9,433.7,990.4,1
2019-06-28 16:00:00,30.4,79,26.2,36.6,0.4,41,25,25,25,0.31,0.93,348.5,192.0,156.5,289.0,760.1,1
2019-06-28 17:00:00,29.5,82,26.2,35.9,0.8,52,43,19,33,0.2,0.72,202.3,122.3,80.0,257.4,493.2,1
2019-06-28 18:00:00,28.8,85,26.1,35.9,0.4,37,35,10,13,0.08,0.58,60.9,26.6,34.3,100.3,207.7,1
2019-06-28 19:00:00,28.6,85,25.8,35.9,0.0,38,4,5,36,0.02,0.6,0.0,0.0,0.0,0.0,0.0,0
2019-06-28 20:00:00,27.9,92,26.5,35.1,0.0,20,7,15,0,0.0,0.3,0.0,0.0,0.0,0.0,0.0,0
2019-06-28 21:00:00,27.7,93,26.4,34.8,0.0,12,0,12,0,0.0,0.27,0.0,0.0,0.0,0.0,0.0,0
2019-06-28 22:00:00,27.6,92,26.2,34.6,0.0,7,3,5,0,0.0,0.28,0.0,0.0,0.0,0.0,0.0,0
2019-06-28 23:00:00,27.2,93,26.0,34.0,0.0,1,1,0,0,0.0,0.24,0.0,0.0,0.0,0.0,0.0,0
2019-06-29 00:00:00,26.9,93,25.7,33.5,0.0,2,1,0,0,0.0,0.24,0.0,0.0,0.0,0.0,0.0,0
2019-06-29 01:00:00,27.7,90,25.9,34.8,0.0,5,5,0,0,0.0,0.36,0.0,0.0,0.0,0.0,0.0,0
2019-06-29 02:00:00,27.1,94,26.0,34.0,0.0,5,5,1,0,0.0,0.21,0.0,0.0,0.0,0.0,0.0,0
2019-06-29 03:00:00,26.7,95,25.8,33.7,0.0,5,5,1,0,0.0,0.17,0.0,0.0,0.0,0.0,0.0,0
2019-06-29 04:00:00,25.6,97,25.1,32.0,0.0,69,7,2,66,0.0,0.1,0.0,0.0,0.0,0.0,0.0,0
2019-06-29 05:00:00,25.9,97,25.3,32.4,0.0,98,1,1,98,0.0,0.12,0.0,0.0,0.0,0.0,0.0,0
2019-06-29 06:00:00,26.8,95,26.0,33.5,0.0,88,1,2,88,0.02,0.16,74.4,26.3,48.2,136.3,234.7,1
2019-06-29 07:00:00,28.3,87,25.9,35.3,0.0,73,4,2,73,0.13,0.5,265.2,171.8,93.4,601.6,519.3,1
2019-06-29 08:00:00,29.5,79,25.5,36.1,0.0,24,34,0,9,0.28,0.87,457.8,349.9,107.8,708.2,783.5,1
2019-06-29 09:00:00,30.6,75,25.5,37.6,0.0,59,54,10,12,0.38,1.12,569.6,390.2,179.4,573.5,1009.4,1
2019-06-29 10:00:00,31.3,72,25.7,38.9,0.2,34,29,20,7,0.5,1.28,706.5,516.5,190.0,621.0,1181.7,1
2019-06-29 11:00:00,31.5,73,26.0,39.6,0.2,44,34,25,18,0.54,1.26,737.2,505.7,231.6,539.3,1288.5,1
2019-06-29 12:00:00,31.7,75,26.7,40.3,0.1,94,18,33,92,0.53,1.17,692.7,461.8,230.9,465.9,1322.6,1
2019-06-29 13:00:00,31.9,76,27.0,40.9,0.1,93,22,14,92,0.55,1.15,687.7,391.8,295.8,396.3,1281.7,1
2019-06-29 14:00:00,31.1,80,27.2,38.5,0.1,84,17,23,82,0.42,0.9,529.7,292.4,237.3,314.4,1168.5,1
2019-06-29 15:00:00,30.2,80,26.3,37.4,0.8,81,0,6,81,0.37,0.86,443.1,273.1,169.9,333.3,990.8,1
2019-06-29 16:00:00,30.8,77,26.4,37.9,0.0,65,2,6,63,0.35,1.0,406.5,275.9,130.6,415.1,760.6,1
2019-06-29 17:00:00,31.3,75,26.3,38.7,0.0,45,16,13,39,0.26,1.15,277.6,204.7,72.9,430.3,493.7,1
2019-06-29 18:00:00,30.6,80,26.7,38.1,0.0,56,12,18,47,0.11,0.88,88.8,50.3,38.5,189.3,208.2,1
2019-06-29 19:00:00,28.9,89,27.0,36.4,0.0,73,8,9,70,0.02,0.43,0.0,0.0,0.0,0.0,0.0,0
2019-06-29 20:00:00,28.8,92,27.3,36.4,0.0,85,1,2,71,0.0,0.32,0.0,0.0,0.0,0.0,0.0,0
2019-06-29 21:00:00,28.4,93,27.2,36.1,0.0,86,2,2,85,0.0,0.26,0.0,0.0,0.0,0.0,0.0,0
2019-06-29 22:00:00,28.1,94,27.0,35.6,0.0,90,0,2,89,0.0,0.24,0.0,0.0,0.0,0.0,0.0,0
2019-06-29 23:00:00,28.0,95,27.1,35.7,0.0,87,0,1,86,0.0,0.18,0.0,0.0,0.0,0.0,0.0,0
2019-06-30 00:00:00,28.0,97,27.4,35.9,0.0,93,2,1,92,0.0,0.12,0.0,0.0,0.0,0.0,0.0,0
2019-06-30 01:00:00,27.8,97,27.3,36.0,0.0,92,6,0,91,0.0,0.11,0.0,0.0,0.0,0.0,0.0,0
2019-06-30 02:00:00,27.6,97,27.1,35.7,0.0,93,13,0,92,0.0,0.12,0.0,0.0,0.0,0.0,0.0,0
2019-06-30 03:00:00,26.2,98,25.9,33.0,0.0,92,22,0,91,0.0,0.06,0.0,0.0,0.0,0.0,0.0,0
2019-06-30 04:00:00,26.2,98,25.9,33.0,0.0,95,27,5,93,0.0,0.06,0.0,0.0,0.0,0.0,0.0,0
2019-06-30 05:00:00,26.4,98,26.1,33.5,0.0,89,40,28,81,0.0,0.07,0.0,0.0,0.0,0.0,0.0,0
2019-06-30 06:00:00,27.7,88,25.6,34.3,0.0,93,55,52,84,0.03,0.43,65.7,26.3,39.4,136.6,233.3,1
2019-06-30 07:00:00,28.1,85,25.2,34.6,0.0,87,7,35,80,0.11,0.59,218.7,132.1,86.7,464.1,518.0,1
2019-06-30 08:00:00,29.0,79,25.1,35.5,0.0,93,7,21,91,0.23,0.83,386.0,233.8,152.3,474.0,782.4,1
2019-06-30 09:00:00,30.2,76,25.5,36.6,0.0,77,6,20,71,0.39,1.03,589.9,420.5,169.3,618.8,1008.6,1
2019-06-30 10:00:00,31.0,75,26.0,37.7,0.0,38,9,26,14,0.5,1.12,723.8,525.1,198.7,631.8,1181.1,1
2019-06-30 11:00:00,31.8,71,25.9,38.8,0.1,69,14,25,58,0.52,1.35,711.4,505.7,205.6,539.5,1288.2,1
2019-06-30 12:00:00,32.0,69,25.6,38.9,0.1,86,23,41,77,0.51,1.46,656.4,421.5,234.9,425.3,1322.5,1
2019-06-30 13:00:00,31.3,74,26.1,38.1,0.2,88,46,56,77,0.44,1.2,558.4,271.4,287.0,274.5,1281.8,1
2019-06-30 14:00:00,30.8,77,26.3,38.1,0.5,84,46,40,74,0.34,1.02,417.7,185.1,232.6,199.0,1168.8,1
2019-06-30 15:00:00,29.5,81,25.9,36.2,0.9,82,23,56,70,0.3,0.78,363.6,144.3,219.3,176.1,991.2,1
2019-06-30 16:00:00,29.8,80,25.9,36.3,0.1,81,34,73,28,0.27,0.85,303.6,188.6,115.0,283.6,761.1,1
2019-06-30 17:00:00,29.3,80,25.6,35.7,0.4,77,0,63,57,0.16,0.8,156.1,49.4,106.7,103.8,494.1,1
2019-06-30 18:00:00,28.3,87,25.8,35.2,1.3,84,0,51,75,0.03,0.51,14.8,0.0,14.8,0.0,208.5,1
2019-06-30 19:00:00,27.7,93,26.6,35.4,1.3,85,1,53,78,0.02,0.24,0.0,0.0,0.0,0.0,0.0,0
2019-06-30 20:00:00,28.6,89,26.6,35.7,0.4,99,0,4,73,0.0,0.42,0.0,0.0,0.0,0.0,0.0,0
2019-06-30 21:00:00,28.7,87,26.4,35.1,0.0,84,0,5,83,0.01,0.49,0.0,0.0,0.0,0.0,0.0,0
2019-06-30 22:00:00,28.5,86,25.8,33.9,0.0,86,0,4,85,0.02,0.56,0.0,0.0,0.0,0.0,0.0,0
2019-06-30 23:00:00,27.9,86,25.3,33.5,0.0,97,0,6,97,0.01,0.54,0.0,0.0,0.0,0.0,0.0,0
2019-07-01 00:00:00,27.2,89,25.2,33.4,0.0,99,0,3,99,0.0,0.4,0.0,0.0,0.0,0.0,0.0,0
2019-07-01 01:00:00,26.3,93,25.1,32.3,0.0,97,0,2,97,0.0,0.24,0.0,0.0,0.0,0.0,0.0,0
2019-07-01 02:00:00,25.9,96,25.2,32.0,0.0,98,26,1,97,0.0,0.15,0.0,0.0,0.0,0.0,0.0,0
2019-07-01 03:00:00,26.1,95,25.3,32.4,0.1,100,43,0,99,0.0,0.17,0.0,0.0,0.0,0.0,0.0,0
2019-07-01 04:00:00,26.8,94,25.8,33.6,0.0,94,18,0,93,0.0,0.2,0.0,0.0,0.0,0.0,0.0,0
2019-07-01 05:00:00,26.4,97,25.9,33.3,0.0,95,18,3,93,0.0,0.1,0.0,0.0,0.0,0.0,0.0,0
2019-07-01 06:00:00,27.3,93,26.2,34.2,0.0,99,42,12,98,0.02,0.24,61.4,19.7,41.6,102.7,231.9,1
2019-07-01 07:00:00,28.1,89,26.1,34.9,0.0,99,65,24,96,0.08,0.41,144.6,37.2,107.4,131.2,516.7,1
2019-07-01 08:00:00,29.7,81,26.1,36.6,0.1,92,37,13,64,0.19,0.8,295.0,161.9,133.1,328.9,781.3,1
2019-07-01 09:00:00,30.7,76,25.9,37.2,0.2,90,44,9,87,0.38,1.08,567.6,409.4,158.2,603.0,1007.7,1
2019-07-01 10:00:00,31.5,71,25.7,37.9,0.0,94,62,3,85,0.39,1.32,539.2,307.2,232.0,369.8,1180.5,1
2019-07-01 11:00:00,32.3,68,25.7,39.5,0.1,99,94,7,80,0.52,1.53,694.8,393.6,301.2,420.1,1287.8,1
2019-07-01 12:00:00,32.5,68,26.0,40.6,0.4,94,37,57,85,0.6,1.54,775.5,552.6,222.9,557.6,1322.4,1
2019-07-01 13:00:00,32.7,67,25.6,40.2,0.4,94,40,36,91,0.51,1.65,640.8,263.6,377.2,266.5,1281.9,1
2019-07-01 14:00:00,32.6,66,25.5,38.9,0.2,93,44,23,90,0.46,1.66,542.2,363.6,178.5,390.8,1169.1,1
2019-07-01 15:00:00,32.2,67,25.2,37.6,0.0,92,8,7,91,0.52,1.61,608.5,458.7,149.8,559.2,991.6,1
2019-07-01 16:00:00,31.5,69,25.0,35.9,0.0,90,2,1,89,0.42,1.44,455.0,341.7,113.3,513.6,761.5,1
2019-07-01 17:00:00,30.7,74,25.5,35.6,0.0,86,4,6,85,0.28,1.14,267.5,193.8,73.7,406.8,494.5,1
2019-07-01 18:00:00,29.4,78,25.3,34.0,0.0,85,5,15,82,0.15,0.89,100.1,62.8,37.3,235.8,208.8,1
2019-07-01 19:00:00,28.5,82,25.0,32.7,0.0,8,1,7,3,0.07,0.71,0.0,0.0,0.0,0.0,0.0,0
2019-07-01 20:00:00,28.1,83,24.9,32.3,0.0,3,2,5,0,0.04,0.64,0.0,0.0,0.0,0.0,0.0,0
2019-07-01 21:00:00,28.1,82,24.8,32.0,0.0,1,0,1,0,0.05,0.67,0.0,0.0,0.0,0.0,0.0,0
2019-07-01 22:00:00,27.9,83,24.7,31.5,0.0,19,3,0,16,0.05,0.65,0.0,0.0,0.0,0.0,0.0,0
2019-07-01 23:00:00,27.7,83,24.5,31.0,0.0,42,1,2,41,0.05,0.65,0.0,0.0,0.0,0.0,0.0,0
2019-07-02 00:00:00,27.6,82,24.3,30.3,0.0,59,0,0,59,0.06,0.65,0.0,0.0,0.0,0.0,0.0,0
2019-07-02 01:00:00,27.3,83,24.1,29.7,0.0,75,3,3,74,0.06,0.63,0.0,0.0,0.0,0.0,0.0,0
2019-07-02 02:00:00,27.2,82,23.9,29.7,0.0,72,0,2,71,0.06,0.63,0.0,0.0,0.0,0.0,0.0,0
2019-07-02 03:00:00,27.1,83,23.9,29.7,0.0,43,0,2,42,0.05,0.62,0.0,0.0,0.0,0.0,0.0,0
2019-07-02 04:00:00,27.0,83,23.9,29.6,0.0,71,0,0,71,0.05,0.59,0.0,0.0,0.0,0.0,0.0,0
2019-07-02 05:00:00,26.9,84,24.1,29.4,0.0,90,5,0,90,0.05,0.55,0.0,0.0,0.0,0.0,0.0,0
2019-07-02 06:00:00,27.2,84,24.4,31.3,0.0,83,2,0,83,0.06,0.56,76.7,35.1,41.7,183.1,230.4,1
2019-07-02 07:00:00,28.5,80,24.6,34.1,0.0,71,12,10,65,0.14,0.79,270.3,183.4,86.9,649.3,515.4,1
2019-07-02 08:00:00,30.1,77,25.6,35.8,0.0,92,21,0,86,0.26,0.99,398.4,291.6,106.8,593.4,780.2,1
2019-07-02 09:00:00,31.2,70,25.0,36.4,0.0,97,82,13,93,0.43,1.37,629.4,513.9,115.6,757.7,1006.8,1
2019-07-02 10:00:00,30.8,73,25.5,36.5,0.0,98,46,31,96,0.38,1.18,530.7,276.1,254.6,332.6,1179.9,1
2019-07-02 11:00:00,31.3,73,25.8,37.8,0.1,97,14,30,96,0.5,1.24,683.5,469.5,214.0,501.2,1287.5,1
2019-07-02 12:00:00,31.5,72,25.9,38.2,0.0,99,62,38,97,0.5,1.29,663.6,374.2,289.4,377.6,1322.3,1
2019-07-02 13:00:00,31.3,74,26.1,38.5,0.8,98,39,59,96,0.53,1.18,683.0,411.5,271.4,416.2,1282.0,1
2019-07-02 14:00:00,30.4,77,26.0,36.8,7.8,98,53,32,97,0.4,0.99,492.8,201.3,291.5,216.3,1169.3,1
2019-07-02 15:00:00,29.5,79,25.5,35.6,3.3,99,58,60,99,0.23,0.85,254.9,75.8,179.1,92.4,991.9,1
2019-07-02 16:00:00,29.2,80,25.3,35.1,0.6,98,81,74,97,0.18,0.82,186.9,20.8,166.1,31.2,761.9,1
2019-07-02 17:00:00,28.2,86,25.7,34.8,3.3,100,100,100,97,0.1,0.53,96.5,3.1,93.4,6.6,494.9,1
2019-07-02 18:00:00,27.6,90,25.9,34.3,11.7,100,1,96,97,0.04,0.35,16.0,0.6,15.4,2.2,209.1,1
2019-07-02 19:00:00,27.4,93,26.2,34.2,5.7,97,20,43,95,0.02,0.25,0.0,0.0,0.0,0.0,0.0,0
2019-07-02 20:00:00,27.0,93,25.8,33.5,0.5,99,21,57,100,0.0,0.24,0.0,0.0,0.0,0.0,0.0,0
2019-07-02 21:00:00,27.1,90,25.3,33.3,0.1,100,65,44,99,0.0,0.36,0.0,0.0,0.0,0.0,0.0,0
2019-07-02 22:00:00,26.8,92,25.4,33.3,1.2,100,56,98,98,0.0,0.27,0.0,0.0,0.0,0.0,0.0,0
2019-07-02 23:00:00,26.4,94,25.4,31.8,2.8,100,100,100,96,0.0,0.21,0.0,0.0,0.0,0.0,0.0,0
2019-07-03 00:00:00,26.5,95,25.6,32.9,2.2,98,5,78,95,0.0,0.18,0.0,0.0,0.0,0.0,0.0,0
2019-07-03 01:00:00,26.5,95,25.5,32.8,0.5,98,16,59,97,0.0,0.19,0.0,0.0,0.0,0.0,0.0,0
2019-07-03 02:00:00,26.3,96,25.5,32.9,0.3,99,15,65,97,0.0,0.15,0.0,0.0,0.0,0.0,0.0,0
2019-07-03 03:00:00,26.6,93,25.4,33.3,0.1,97,5,46,97,0.0,0.24,0.0,0.0,0.0,0.0,0.0,0
2019-07-03 04:00:00,26.1,95,25.2,32.4,0.1,95,3,29,93,0.0,0.18,0.0,0.0,0.0,0.0,0.0,0
2019-07-03 05:00:00,25.7,96,25.0,31.9,0.0,96,1,31,95,0.0,0.13,0.0,0.0,0.0,0.0,0.0,0
2019-07-03 06:00:00,26.6,94,25.5,33.6,0.0,96,9,17,95,0.02,0.22,52.7,13.2,39.5,68.9,228.8,1
2019-07-03 07:00:00,27.8,88,25.7,34.7,0.0,97,9,10,97,0.1,0.43,205.7,92.5,113.2,328.8,514.0,1
2019-07-03 08:00:00,28.3,84,25.4,34.7,0.0,98,3,27,97,0.2,0.6,333.7,154.9,178.9,315.8,779.0,1
2019-07-03 09:00:00,29.8,74,24.8,35.7,0.0,98,3,54,97,0.31,1.08,461.3,167.2,294.0,246.8,1005.9,1
2019-07-03 10:00:00,31.0,70,24.8,36.3,0.0,99,22,31,99,0.38,1.37,513.6,157.9,355.6,190.4,1179.2,1
2019-07-03 11:00:00,31.5,68,24.9,37.2,0.0,99,69,23,99,0.37,1.46,478.9,112.2,366.7,119.8,1287.1,1
2019-07-03 12:00:00,31.6,70,25.5,38.0,0.0,98,8,27,97,0.36,1.38,457.9,90.8,367.1,91.6,1322.2,1
2019-07-03 13:00:00,31.4,70,25.2,38.1,0.5,99,23,61,98,0.44,1.38,559.5,188.1,371.4,190.3,1282.1,1
2019-07-03 14:00:00,29.3,79,25.3,34.9,0.4,100,36,58,99,0.29,0.86,353.3,18.0,335.2,19.4,1169.6,1
2019-07-03 15:00:00,28.6,83,25.4,34.8,0.1,100,20,97,99,0.2,0.66,236.7,27.4,209.3,33.4,992.3,1
2019-07-03 16:00:00,28.2,86,25.6,34.0,0.2,100,26,95,99,0.14,0.53,150.5,6.1,144.5,9.1,762.3,1
2019-07-03 17:00:00,28.2,87,25.8,34.8,0.0,100,21,99,100,0.11,0.5,109.9,18.0,91.8,37.8,495.2,1
2019-07-03 18:00:00,27.9,90,26.2,34.9,0.1,100,25,100,99,0.04,0.36,26.1,0.0,26.1,0.0,209.3,1
2019-07-03 19:00:00,27.3,95,26.3,34.5,0.2,100,3,92,100,0.02,0.2,0.0,0.0,0.0,0.0,0.0,0
2019-07-03 20:00:00,27.7,92,26.3,34.9,0.0,99,0,39,99,0.0,0.3,0.0,0.0,0.0,0.0,0.0,0
2019-07-03 21:00:00,27.3,92,25.8,34.0,0.1,100,0,28,100,0.0,0.31,0.0,0.0,0.0,0.0,0.0,0
2019-07-03 22:00:00,26.8,95,26.0,33.7,0.0,100,9,56,99,0.0,0.16,0.0,0.0,0.0,0.0,0.0,0
2019-07-03 23:00:00,26.6,96,25.8,33.4,0.0,100,7,87,99,0.0,0.15,0.0,0.0,0.0,0.0,0.0,0
2019-07-04 00:00:00,26.5,96,25.9,33.5,0.0,98,2,93,97,0.0,0.13,0.0,0.0,0.0,0.0,0.0,0
2019-07-04 01:00:00,26.4,97,25.8,33.4,0.1,100,1,100,93,0.0,0.12,0.0,0.0,0.0,0.0,0.0,0
2019-07-04 02:00:00,26.4,95,25.5,33.1,0.0,100,1,99,99,0.0,0.18,0.0,0.0,0.0,0.0,0.0,0
2019-07-04 03:00:00,26.3,95,25.5,33.0,0.0,100,1,97,100,0.0,0.16,0.0,0.0,0.0,0.0,0.0,0
2019-07-04 04:00:00,26.2,93,24.9,32.5,0.0,100,0,59,100,0.0,0.24,0.0,0.0,0.0,0.0,0.0,0
2019-07-04 05:00:00,25.9,94,24.8,32.0,0.0,100,0,17,100,0.0,0.21,0.0,0.0,0.0,0.0,0.0,0
2019-07-04 06:00:00,27.1,90,25.4,33.6,0.0,100,0,31,100,0.02,0.34,46.1,4.4,41.7,23.0,227.2,1
2019-07-04 07:00:00,28.2,87,25.8,35.0,0.0,100,1,49,100,0.09,0.5,161.8,27.7,134.1,98.7,512.6,1
2019-07-04 08:00:00,28.6,74,23.5,34.3,0.0,96,0,100,95,0.2,1.03,331.5,109.3,222.2,223.3,777.9,1
2019-07-04 09:00:00,29.5,73,24.2,35.4,0.0,99,0,86,98,0.24,1.11,349.1,94.3,254.8,139.4,1005.0,1
2019-07-04 10:00:00,30.5,70,24.4,36.2,0.0,97,4,88,93,0.31,1.3,415.9,119.3,296.6,143.9,1178.6,1
2019-07-04 11:00:00,31.2,68,24.5,37.2,0.0,98,7,90,98,0.36,1.47,464.4,140.3,324.2,149.8,1286.8,1
2019-07-04 12:00:00,32.3,64,24.7,39.9,0.0,87,15,28,85,0.62,1.74,809.0,446.9,362.1,451.1,1322.1,1
2019-07-04 13:00:00,32.3,64,24.6,38.8,0.0,73,23,21,67,0.51,1.74,640.9,390.0,250.9,394.4,1282.3,1
2019-07-04 14:00:00,31.3,71,25.5,37.3,0.7,80,56,27,71,0.41,1.31,497.6,317.2,180.4,340.7,1169.9,1
2019-07-04 15:00:00,30.3,76,25.6,36.6,5.0,95,39,29,93,0.29,1.05,329.9,137.1,192.8,167.0,992.6,1
2019-07-04 16:00:00,29.3,84,26.2,36.0,2.6,100,42,48,100,0.15,0.66,161.8,45.0,116.8,67.5,762.6,1
2019-07-04 17:00:00,28.7,89,26.7,35.3,0.8,95,26,24,94,0.08,0.44,69.1,17.3,51.8,36.2,495.4,1
2019-07-04 18:00:00,28.6,87,26.2,34.5,0.1,100,10,5,100,0.09,0.51,62.2,28.5,33.8,106.6,209.4,1
2019-07-04 19:00:00,27.8,85,25.1,33.3,0.0,100,10,12,100,0.04,0.55,0.0,0.0,0.0,0.0,0.0,0
2019-07-04 20:00:00,27.7,91,26.1,34.3,0.0,100,6,8,100,0.0,0.33,0.0,0.0,0.0,0.0,0.0,0
2019-07-04 21:00:00,27.4,91,25.8,33.9,0.0,100,8,2,100,0.0,0.33,0.0,0.0,0.0,0.0,0.0,0
2019-07-04 22:00:00,28.7,79,24.7,35.1,0.0,100,1,1,100,0.0,0.82,0.0,0.0,0.0,0.0,0.0,0
2019-07-04 23:00:00,28.5,80,24.8,34.9,0.0,100,6,2,100,0.0,0.76,0.0,0.0,0.0,0.0,0.0,0
2019-07-05 00:00:00,26.7,90,25.0,33.1,0.0,100,6,6,99,0.0,0.35,0.0,0.0,0.0,0.0,0.0,0
2019-07-05 01:00:00,26.6,89,24.7,32.7,0.0,99,2,11,99,0.0,0.37,0.0,0.0,0.0,0.0,0.0,0
2019-07-05 02:00:00,26.2,91,24.6,32.3,0.0,100,0,7,100,0.0,0.31,0.0,0.0,0.0,0.0,0.0,0
2019-07-05 03:00:00,25.7,91,24.2,31.5,0.0,100,0,9,100,0.0,0.28,0.0,0.0,0.0,0.0,0.0,0
2019-07-05 04:00:00,26.7,86,24.1,32.7,0.0,100,0,3,100,0.0,0.49,0.0,0.0,0.0,0.0,0.0,0
2019-07-05 05:00:00,26.6,83,23.5,31.9,0.0,100,0,11,99,0.0,0.6,0.0,0.0,0.0,0.0,0.0,0
2019-07-05 06:00:00,26.6,87,24.2,32.4,0.0,99,0,18,99,0.02,0.46,63.7,15.4,48.3,80.8,225.5,1
2019-07-05 07:00:00,27.7,82,24.3,33.7,0.0,96,0,9,96,0.12,0.68,254.8,156.5,98.3,560.7,511.1,1
2019-07-05 08:00:00,28.5,81,24.9,34.2,0.0,98,0,2,97,0.25,0.74,413.4,280.0,133.4,573.2,776.7,1
2019-07-05 09:00:00,30.1,75,25.2,35.4,0.0,99,0,2,99,0.36,1.06,546.8,324.5,222.3,480.1,1004.1,1
2019-07-05 10:00:00,31.6,68,25.0,36.1,0.0,99,0,0,99,0.48,1.48,655.6,369.7,285.9,446.3,1178.0,1
2019-07-05 11:00:00,32.6,63,24.6,36.9,0.0,99,2,0,99,0.62,1.82,828.2,536.2,292.0,573.0,1286.4,1
2019-07-05 12:00:00,32.6,64,24.9,37.0,0.0,82,0,0,82,0.63,1.77,824.2,475.2,349.1,479.7,1322.0,1
2019-07-05 13:00:00,32.6,66,25.4,37.4,0.0,76,0,0,76,0.68,1.66,902.6,692.9,209.7,700.7,1282.4,1
2019-07-05 14:00:00,31.8,69,25.5,36.2,0.0,70,0,1,70,0.59,1.44,770.2,571.7,198.5,614.0,1170.1,1
2019-07-05 15:00:00,31.0,73,25.5,34.8,0.0,80,0,6,79,0.44,1.23,533.7,281.5,252.2,342.8,992.9,1
2019-07-05 16:00:00,30.3,74,25.0,33.8,0.0,98,1,1,98,0.3,1.14,308.0,107.3,200.7,161.0,762.9,1
2019-07-05 17:00:00,29.9,72,24.2,32.4,0.0,100,0,1,100,0.25,1.2,195.4,62.8,132.6,131.5,495.6,1
2019-07-05 18:00:00,29.0,73,23.7,32.1,0.0,100,0,1,100,0.15,1.08,64.0,6.5,57.5,24.4,209.4,1
2019-07-05 19:00:00,28.8,69,22.7,32.2,0.0,100,0,0,100,0.09,1.21,0.0,0.0,0.0,0.0,0.0,0
2019-07-05 20:00:00,28.3,70,22.2,31.8,0.0,100,0,11,100,0.05,1.17,0.0,0.0,0.0,0.0,0.0,0
2019-07-05 21:00:00,28.1,72,22.5,32.1,0.0,100,0,1,100,0.03,1.07,0.0,0.0,0.0,0.0,0.0,0
2019-07-05 22:00:00,27.7,73,22.5,31.7,0.0,100,0,11,100,0.03,1.0,0.0,0.0,0.0,0.0,0.0,0
2019-07-05 23:00:00,27.5,73,22.3,31.5,0.0,100,0,21,100,0.03,0.98,0.0,0.0,0.0,0.0,0.0,0
2019-07-06 00:00:00,26.8,78,22.6,31.1,0.0,100,0,27,100,0.01,0.78,0.0,0.0,0.0,0.0,0.0,0
2019-07-06 01:00:00,26.8,79,22.7,31.1,0.0,92,0,24,91,0.02,0.76,0.0,0.0,0.0,0.0,0.0,0
2019-07-06 02:00:00,26.1,81,22.5,30.1,0.0,99,0,11,99,0.01,0.65,0.0,0.0,0.0,0.0,0.0,0
2019-07-06 03:00:00,27.6,69,21.4,31.3,0.0,100,0,8,100,0.02,1.15,0.0,0.0,0.0,0.0,0.0,0
2019-07-06 04:00:00,26.2,78,22.1,31.0,0.0,100,0,15,100,0.0,0.75,0.0,0.0,0.0,0.0,0.0,0
2019-07-06 05:00:00,26.6,75,21.8,31.4,0.0,100,1,5,100,0.0,0.87,0.0,0.0,0.0,0.0,0.0,0
2019-07-06 06:00:00,26.7,84,23.9,31.9,0.0,100,1,2,100,0.03,0.55,35.2,0.0,35.2,0.0,223.8,1
2019-07-06 07:00:00,27.5,78,23.3,32.1,0.0,100,0,3,100,0.1,0.8,149.7,18.0,131.7,64.9,509.6,1
2019-07-06 08:00:00,28.7,75,23.7,33.5,0.0,100,0,2,100,0.17,1.0,236.9,55.3,181.6,113.5,775.4,1
2019-07-06 09:00:00,29.5,73,24.1,34.9,0.0,99,0,2,99,0.21,1.12,292.0,59.5,232.5,88.2,1003.2,1
2019-07-06 10:00:00,30.9,70,24.9,36.0,0.0,96,0,4,95,0.4,1.33,549.3,221.4,327.9,267.5,1177.4,1
2019-07-06 11:00:00,32.1,67,25.1,37.9,0.0,99,4,19,99,0.62,1.6,858.4,607.9,250.5,649.9,1286.1,1
2019-07-06 12:00:00,32.4,67,25.6,37.9,0.0,93,3,40,90,0.6,1.58,795.0,522.6,272.4,527.7,1322.0,1
2019-07-06 13:00:00,32.1,69,25.8,38.2,0.2,92,5,42,89,0.61,1.47,796.9,563.6,233.3,569.9,1282.5,1
2019-07-06 14:00:00,31.9,69,25.5,36.7,0.0,94,3,44,91,0.48,1.45,584.1,321.0,263.1,344.7,1170.4,1
2019-07-06 15:00:00,31.7,69,25.3,36.8,0.1,96,5,56,93,0.39,1.45,432.3,238.5,193.8,290.4,993.2,1
2019-07-06 16:00:00,31.5,69,25.1,37.5,0.1,96,6,36,95,0.29,1.43,313.2,157.5,155.7,236.2,763.1,1
2019-07-06 17:00:00,30.4,76,25.6,36.7,0.0,98,7,20,98,0.17,1.06,153.0,53.4,99.7,111.7,495.8,1
2019-07-06 18:00:00,29.4,80,25.6,35.6,0.0,100,14,17,100,0.11,0.81,73.5,23.1,50.4,86.5,209.4,1
2019-07-06 19:00:00,28.4,82,25.0,34.0,0.0,100,8,18,100,0.04,0.7,0.0,0.0,0.0,0.0,0.0,0
2019-07-06 20:00:00,27.8,84,24.8,33.6,0.0,100,6,13,100,0.0,0.6,0.0,0.0,0.0,0.0,0.0,0
2019-07-06 21:00:00,27.4,85,24.8,33.4,0.0,100,1,0,100,0.0,0.53,0.0,0.0,0.0,0.0,0.0,0
2019-07-06 22:00:00,27.1,86,24.5,32.9,0.0,100,1,0,100,0.0,0.5,0.0,0.0,0.0,0.0,0.0,0
2019-07-06 23:00:00,26.8,87,24.4,32.5,0.0,100,0,0,100,0.0,0.46,0.0,0.0,0.0,0.0,0.0,0
2019-07-07 00:00:00,26.6,87,24.3,32.5,0.0,100,0,2,100,0.0,0.44,0.0,0.0,0.0,0.0,0.0,0
2019-07-07 01:00:00,26.5,85,23.9,32.3,0.0,99,0,10,99,0.0,0.51,0.0,0.0,0.0,0.0,0.0,0
2019-07-07 02:00:00,28.1,71,22.3,32.8,0.0,89,0,19,88,0.0,1.1,0.0,0.0,0.0,0.0,0.0,0
2019-07-07 03:00:00,28.1,70,22.2,32.4,0.0,18,0,17,1,0.02,1.13,0.0,0.0,0.0,0.0,0.0,0
2019-07-07 04:00:00,26.0,84,23.1,30.6,0.0,55,0,19,49,0.01,0.54,0.0,0.0,0.0,0.0,0.0,0
2019-07-07 05:00:00,25.8,85,23.1,30.5,0.0,92,1,10,91,0.0,0.5,0.0,0.0,0.0,0.0,0.0,0
2019-07-07 06:00:00,26.8,83,23.7,31.9,0.0,92,0,12,92,0.03,0.6,57.2,19.8,37.4,104.5,222.1,1
2019-07-07 07:00:00,28.2,79,24.2,33.4,0.0,98,0,11,97,0.13,0.8,229.1,112.5,116.6,406.7,508.1,1
2019-07-07 08:00:00,29.6,75,24.6,34.7,0.0,98,0,4,86,0.27,1.04,423.5,281.5,142.0,578.7,774.2,1
2019-07-07 09:00:00,30.5,74,25.4,35.7,0.0,92,0,2,92,0.43,1.13,651.6,516.8,134.8,766.5,1002.3,1
2019-07-07 10:00:00,31.5,71,25.5,37.1,0.0,90,11,1,89,0.56,1.36,811.7,663.4,148.4,801.9,1176.8,1
2019-07-07 11:00:00,32.2,69,25.7,38.0,0.0,93,11,2,93,0.6,1.51,824.2,661.0,163.2,707.0,1285.8,1
2019-07-07 12:00:00,32.7,68,26.0,39.3,0.0,98,23,3,98,0.67,1.6,903.1,726.5,176.6,733.7,1321.9,1
2019-07-07 13:00:00,32.6,66,25.5,38.4,0.0,99,41,13,99,0.57,1.66,713.6,436.2,277.4,441.1,1282.6,1
2019-07-07 14:00:00,32.1,69,25.7,37.6,0.0,100,53,39,99,0.43,1.48,499.6,301.1,198.5,323.3,1170.6,1
2019-07-07 15:00:00,31.4,73,26.0,37.3,0.2,100,30,23,100,0.39,1.23,449.7,242.2,207.5,294.8,993.5,1
2019-07-07 16:00:00,30.8,77,26.2,37.1,0.2,100,19,13,100,0.22,1.04,222.4,49.3,173.1,74.0,763.4,1
2019-07-07 17:00:00,30.1,78,25.9,35.1,0.3,100,14,8,100,0.18,0.94,142.8,19.6,123.2,41.1,495.9,1
2019-07-07 18:00:00,29.2,81,25.6,34.2,0.0,100,1,2,100,0.11,0.76,53.3,3.0,50.3,11.1,209.3,1
2019-07-07 19:00:00,28.4,80,24.6,33.4,0.0,100,0,3,100,0.05,0.79,0.0,0.0,0.0,0.0,0.0,0
2019-07-07 20:00:00,28.9,75,24.1,34.6,0.0,100,0,4,100,0.0,0.98,0.0,0.0,0.0,0.0,0.0,0
2019-07-07 21:00:00,27.1,88,24.9,33.3,0.0,97,0,1,97,0.0,0.44,0.0,0.0,0.0,0.0,0.0,0
2019-07-07 22:00:00,26.5,92,25.0,32.5,0.0,99,1,1,99,0.0,0.28,0.0,0.0,0.0,0.0,0.0,0
2019-07-07 23:00:00,26.8,89,24.9,33.0,0.0,100,1,0,100,0.0,0.38,0.0,0.0,0.0,0.0,0.0,0
2019-07-08 00:00:00,28.1,81,24.5,34.3,0.0,95,2,0,94,0.0,0.74,0.0,0.0,0.0,0.0,0.0,0
2019-07-08 01:00:00,26.1,91,24.6,32.0,0.0,91,0,0,91,0.0,0.29,0.0,0.0,0.0,0.0,0.0,0
2019-07-08 02:00:00,26.2,89,24.2,31.7,0.0,100,0,0,100,0.0,0.38,0.0,0.0,0.0,0.0,0.0,0
2019-07-08 03:00:00,25.9,88,23.7,31.2,0.0,100,1,0,100,0.0,0.41,0.0,0.0,0.0,0.0,0.0,0
2019-07-08 04:00:00,26.2,85,23.4,31.5,0.0,99,2,0,99,0.0,0.52,0.0,0.0,0.0,0.0,0.0,0
2019-07-08 05:00:00,26.8,79,22.9,31.8,0.0,100,3,2,100,0.0,0.72,0.0,0.0,0.0,0.0,0.0,0
2019-07-08 06:00:00,26.6,86,24.0,32.3,0.0,98,4,3,98,0.02,0.49,59.4,13.2,46.2,69.9,220.3,1
2019-07-08 07:00:00,27.3,83,24.2,32.9,0.0,86,6,3,86,0.1,0.62,194.7,57.0,137.7,207.1,506.6,1
2019-07-08 08:00:00,29.0,75,24.0,34.6,0.0,70,1,8,91,0.25,1.01,414.1,234.7,179.3,483.6,773.0,1
2019-07-08 09:00:00,30.3,72,24.6,35.9,0.0,43,1,4,41,0.42,1.21,638.3,470.9,167.5,699.3,1001.4,1
2019-07-08 10:00:00,31.4,67,24.5,37.8,0.0,39,2,5,36,0.54,1.51,767.8,637.7,130.1,771.4,1176.2,1
2019-07-08 11:00:00,32.2,65,24.8,38.8,0.0,82,17,12,80,0.61,1.67,829.5,646.6,182.9,691.8,1285.5,1
2019-07-08 12:00:00,32.8,62,24.6,39.4,0.0,96,23,13,95,0.58,1.89,743.7,514.6,229.1,519.8,1321.8,1
2019-07-08 13:00:00,31.3,69,25.0,37.1,0.5,99,32,32,99,0.32,1.41,374.5,67.6,306.8,68.4,1282.7,1
2019-07-08 14:00:00,30.5,74,25.4,37.3,0.5,100,28,11,99,0.24,1.13,283.1,27.5,255.5,29.6,1170.8,1
2019-07-08 15:00:00,29.9,77,25.5,35.8,0.3,100,14,10,100,0.23,0.97,248.6,51.2,197.4,62.3,993.7,1
2019-07-08 16:00:00,29.0,81,25.4,34.7,0.4,100,42,7,100,0.19,0.77,193.8,31.1,162.7,46.7,763.5,1
2019-07-08 17:00:00,28.6,82,25.2,34.1,0.0,100,4,4,100,0.13,0.72,113.8,16.5,97.3,34.5,495.9,1
2019-07-08 18:00:00,28.5,83,25.4,35.1,0.0,100,8,2,100,0.08,0.66,59.2,5.9,53.3,22.2,209.1,1
2019-07-08 19:00:00,28.9,78,24.7,34.8,0.0,100,3,1,100,0.04,0.87,0.0,0.0,0.0,0.0,0.0,0
2019-07-08 20:00:00,28.0,87,25.6,34.6,0.0,100,1,0,100,0.0,0.51,0.0,0.0,0.0,0.0,0.0,0
2019-07-08 21:00:00,28.6,83,25.3,35.2,0.0,99,1,0,99,0.0,0.68,0.0,0.0,0.0,0.0,0.0,0
2019-07-08 22:00:00,28.2,87,25.7,35.1,0.0,99,1,0,99,0.0,0.51,0.0,0.0,0.0,0.0,0.0,0
2019-07-08 23:00:00,28.2,88,26.0,35.4,0.0,93,1,0,93,0.0,0.46,0.0,0.0,0.0,0.0,0.0,0
2019-07-09 00:00:00,26.5,96,25.7,33.1,0.0,96,1,0,96,0.0,0.15,0.0,0.0,0.0,0.0,0.0,0
2019-07-09 01:00:00,26.3,97,25.8,33.0,0.0,100,0,0,100,0.0,0.11,0.0,0.0,0.0,0.0,0.0,0
2019-07-09 02:00:00,26.0,97,25.4,32.3,0.0,100,0,0,100,0.0,0.12,0.0,0.0,0.0,0.0,0.0,0
2019-07-09 03:00:00,27.0,90,25.1,33.4,0.0,96,0,0,96,0.0,0.37,0.0,0.0,0.0,0.0,0.0,0
2019-07-09 04:00:00,26.3,92,24.9,32.9,0.0,89,2,4,89,0.0,0.28,0.0,0.0,0.0,0.0,0.0,0
2019-07-09 05:00:00,25.1,96,24.4,31.0,0.0,96,2,1,96,0.0,0.13,0.0,0.0,0.0,0.0,0.0,0
2019-07-09 06:00:00,26.3,91,24.7,32.5,0.0,99,1,2,99,0.02,0.31,66.1,26.4,39.7,140.3,218.5,1
2019-07-09 07:00:00,27.6,80,23.8,33.0,0.0,96,2,8,96,0.12,0.76,247.9,144.9,103.1,528.7,505.0,1
2019-07-09 08:00:00,28.8,74,23.6,34.2,0.0,99,5,7,100,0.26,1.05,436.0,281.8,154.2,581.9,771.7,1
2019-07-09 09:00:00,28.7,75,23.8,34.0,0.0,98,6,8,98,0.21,0.98,304.7,91.1,213.6,135.4,1000.4,1
2019-07-09 10:00:00,30.2,70,24.1,36.1,0.0,97,4,5,97,0.43,1.28,615.2,314.1,301.1,380.2,1175.6,1
2019-07-09 11:00:00,31.4,68,24.9,37.9,0.0,100,10,3,100,0.55,1.46,750.6,394.0,356.6,421.7,1285.1,1
2019-07-09 12:00:00,32.2,67,25.3,39.0,0.0,100,15,18,100,0.59,1.58,780.1,511.7,268.4,516.9,1321.7,1
2019-07-09 13:00:00,32.6,65,25.2,39.2,0.1,100,15,10,100,0.58,1.71,722.5,401.0,321.5,405.5,1282.8,1
2019-07-09 14:00:00,32.8,65,25.2,39.5,0.3,90,19,5,89,0.55,1.76,669.7,396.1,273.6,425.2,1171.0,1
2019-07-09 15:00:00,32.7,65,25.2,39.1,0.2,100,37,24,100,0.55,1.75,638.9,504.5,134.4,613.9,993.9,1
2019-07-09 16:00:00,32.4,65,25.0,38.3,0.0,100,1,8,100,0.35,1.71,377.2,220.6,156.6,330.8,763.6,1
2019-07-09 17:00:00,30.9,76,26.1,37.4,0.1,100,1,9,100,0.19,1.09,182.0,52.6,129.4,110.0,495.8,1
2019-07-09 18:00:00,29.9,85,27.2,37.8,0.0,100,5,11,100,0.08,0.61,58.5,7.7,50.8,28.8,208.8,1
2019-07-09 19:00:00,28.3,92,26.8,35.8,0.0,100,6,9,100,0.02,0.32,0.0,0.0,0.0,0.0,0.0,0
2019-07-09 20:00:00,29.4,81,25.8,36.5,0.0,100,5,2,99,0.0,0.79,0.0,0.0,0.0,0.0,0.0,0
2019-07-09 21:00:00,28.2,88,26.1,35.3,0.0,99,5,2,99,0.0,0.44,0.0,0.0,0.0,0.0,0.0,0
2019-07-09 22:00:00,27.7,87,25.3,34.2,0.0,99,0,0,99,0.0,0.49,0.0,0.0,0.0,0.0,0.0,0
2019-07-09 23:00:00,27.3,86,24.7,33.5,0.0,98,0,0,98,0.0,0.52,0.0,0.0,0.0,0.0,0.0,0
2019-07-10 00:00:00,26.6,87,24.2,32.3,0.0,99,0,0,99,0.0,0.46,0.0,0.0,0.0,0.0,0.0,0
2019-07-10 01:00:00,26.0,87,23.7,31.5,0.0,98,0,2,98,0.0,0.42,0.0,0.0,0.0,0.0,0.0,0
2019-07-10 02:00:00,25.7,87,23.4,31.0,0.0,98,0,3,98,0.0,0.42,0.0,0.0,0.0,0.0,0.0,0
2019-07-10 03:00:00,25.3,90,23.6,30.7,0.0,97,0,1,96,0.0,0.31,0.0,0.0,0.0,0.0,0.0,0
2019-07-10 04:00:00,25.5,87,23.2,30.7,0.0,94,0,1,94,0.0,0.41,0.0,0.0,0.0,0.0,0.0,0
2019-07-10 05:00:00,25.3,87,23.0,30.3,0.0,96,0,1,96,0.0,0.42,0.0,0.0,0.0,0.0,0.0,0
2019-07-10 06:00:00,26.7,85,24.1,32.7,0.0,97,0,0,97,0.02,0.51,57.3,11.0,46.3,58.6,216.6,1
2019-07-10 07:00:00,28.1,74,22.9,33.4,0.0,94,0,0,94,0.12,1.0,247.0,132.5,114.4,486.0,503.4,1
2019-07-10 08:00:00,29.7,67,23.0,34.2,0.0,75,0,0,58,0.28,1.36,436.2,265.1,171.1,548.7,770.5,1
2019-07-10 09:00:00,30.7,65,23.4,36.2,0.0,47,0,0,47,0.45,1.54,682.6,569.0,113.6,847.1,999.5,1
2019-07-10 10:00:00,31.7,63,23.8,39.0,0.0,50,0,0,50,0.58,1.74,833.7,707.8,125.9,857.5,1175.0,1
2019-07-10 11:00:00,32.5,64,24.7,39.9,0.0,46,6,4,43,0.66,1.78,904.6,740.3,164.3,792.7,1284.8,1
2019-07-10 12:00:00,33.3,62,25.0,41.0,0.0,55,8,6,52,0.68,1.95,884.1,731.7,152.4,739.4,1321.6,1
2019-07-10 13:00:00,34.0,60,25.0,41.7,0.0,25,10,12,18,0.7,2.15,869.6,697.1,172.5,704.9,1282.8,1
2019-07-10 14:00:00,33.7,62,25.4,40.3,0.1,67,20,28,55,0.62,1.99,738.1,563.3,174.8,604.6,1171.1,1
2019-07-10 15:00:00,31.9,70,25.7,37.4,1.0,80,20,17,76,0.42,1.43,484.4,311.7,172.7,379.2,994.0,1
2019-07-10 16:00:00,31.3,73,25.9,37.0,1.6,82,18,18,80,0.32,1.23,340.0,210.2,129.8,315.2,763.7,1
2019-07-10 17:00:00,30.6,75,25.7,35.5,0.0,81,1,7,80,0.24,1.1,217.2,104.3,112.9,218.3,495.7,1
2019-07-10 18:00:00,29.8,80,25.9,36.1,0.0,98,0,7,98,0.11,0.84,72.1,31.3,40.8,117.4,208.4,1
2019-07-10 19:00:00,29.5,79,25.5,36.5,0.0,100,2,4,100,0.02,0.86,0.0,0.0,0.0,0.0,0.0,0
2019-07-10 20:00:00,27.7,82,24.2,33.1,0.0,100,16,7,100,0.01,0.69,0.0,0.0,0.0,0.0,0.0,0
2019-07-10 21:00:00,27.4,84,24.6,33.2,0.0,99,12,7,99,0.0,0.57,0.0,0.0,0.0,0.0,0.0,0
2019-07-10 22:00:00,28.3,76,23.7,33.8,0.0,99,6,3,99,0.0,0.92,0.0,0.0,0.0,0.0,0.0,0
2019-07-10 23:00:00,27.2,84,24.4,33.4,0.0,99,10,2,99,0.0,0.56,0.0,0.0,0.0,0.0,0.0,0
2019-07-11 00:00:00,26.5,90,24.7,32.6,0.0,97,9,2,97,0.0,0.35,0.0,0.0,0.0,0.0,0.0,0
2019-07-11 01:00:00,26.7,89,24.8,33.0,0.0,97,7,1,97,0.0,0.38,0.0,0.0,0.0,0.0,0.0,0
2019-07-11 02:00:00,26.4,91,24.8,32.6,0.0,95,7,1,95,0.0,0.32,0.0,0.0,0.0,0.0,0.0,0
2019-07-11 03:00:00,25.7,95,24.8,31.7,0.0,94,10,1,94,0.0,0.18,0.0,0.0,0.0,0.0,0.0,0
2019-07-11 04:00:00,25.8,95,24.9,31.8,0.0,92,14,1,92,0.0,0.17,0.0,0.0,0.0,0.0,0.0,0
2019-07-11 05:00:00,25.5,96,24.8,31.5,0.0,94,16,3,93,0.0,0.14,0.0,0.0,0.0,0.0,0.0,0
2019-07-11 06:00:00,26.5,93,25.3,32.7,0.2,95,39,16,93,0.02,0.25,57.4,15.4,41.9,82.4,214.7,1
2019-07-11 07:00:00,27.3,87,24.8,33.6,0.3,99,32,30,99,0.08,0.49,159.3,46.1,113.2,169.9,501.9,1
2019-07-11 08:00:00,29.3,82,26.0,36.3,0.1,100,18,15,94,0.2,0.71,329.2,137.5,191.7,285.1,769.2,1
2019-07-11 09:00:00,30.6,80,26.7,38.1,0.0,96,16,17,96,0.41,0.88,616.4,422.9,193.5,630.4,998.6,1
2019-07-11 10:00:00,31.8,69,25.3,38.6,3.3,92,8,17,91,0.5,1.47,704.7,418.5,286.2,507.4,1174.4,1
2019-07-11 11:00:00,30.6,70,24.6,36.3,1.5,95,28,35,94,0.32,1.31,409.7,211.1,198.6,226.1,1284.5,1
2019-07-11 12:00:00,30.6,73,25.3,37.2,0.4,100,27,44,100,0.37,1.18,476.4,178.7,297.8,180.6,1321.5,1
2019-07-11 13:00:00,30.0,76,25.4,36.4,2.7,100,38,12,100,0.24,1.0,284.3,24.5,259.8,24.8,1282.9,1
2019-07-11 14:00:00,29.6,79,25.6,35.9,0.6,100,9,11,100,0.2,0.86,231.8,6.6,225.1,7.1,1171.2,1
2019-07-11 15:00:00,29.6,79,25.5,35.8,0.1,100,36,20,100,0.25,0.87,290.6,24.7,266.0,30.0,994.1,1
2019-07-11 16:00:00,29.4,79,25.3,35.7,0.2,100,37,35,100,0.18,0.86,195.5,13.0,182.5,19.5,763.7,1
2019-07-11 17:00:00,28.8,81,25.3,35.1,0.2,99,7,15,99,0.13,0.74,117.6,6.3,111.3,13.1,495.5,1
2019-07-11 18:00:00,28.3,86,25.8,35.2,0.0,100,21,9,99,0.06,0.53,38.3,0.6,37.8,2.2,208.0,1
2019-07-11 19:00:00,27.2,91,25.7,33.8,0.0,100,1,9,100,0.02,0.32,0.0,0.0,0.0,0.0,0.0,0
2019-07-11 20:00:00,27.5,89,25.6,33.2,0.0,99,13,14,100,0.01,0.39,0.0,0.0,0.0,0.0,0.0,0
2019-07-11 21:00:00,27.4,89,25.4,33.2,0.0,98,6,4,98,0.0,0.4,0.0,0.0,0.0,0.0,0.0,0
2019-07-11 22:00:00,27.0,92,25.5,33.4,0.0,95,5,2,94,0.0,0.29,0.0,0.0,0.0,0.0,0.0,0
2019-07-11 23:00:00,26.3,96,25.5,32.7,0.0,94,10,7,93,0.0,0.15,0.0,0.0,0.0,0.0,0.0,0
2019-07-12 00:00:00,26.3,96,25.6,32.8,0.0,77,7,2,76,0.0,0.13,0.0,0.0,0.0,0.0,0.0,0
2019-07-12 01:00:00,26.9,95,26.1,34.0,0.0,85,9,2,84,0.0,0.16,0.0,0.0,0.0,0.0,0.0,0
2019-07-12 02:00:00,25.9,97,25.4,32.2,0.0,85,3,2,85,0.0,0.09,0.0,0.0,0.0,0.0,0.0,0
2019-07-12 03:00:00,26.6,95,25.8,33.7,0.0,82,2,2,82,0.0,0.17,0.0,0.0,0.0,0.0,0.0,0
2019-07-12 04:00:00,26.5,97,26.0,33.5,0.0,81,6,5,79,0.0,0.11,0.0,0.0,0.0,0.0,0.0,0
2019-07-12 05:00:00,26.5,97,26.0,33.8,0.0,89,9,6,88,0.0,0.11,0.0,0.0,0.0,0.0,0.0,0
2019-07-12 06:00:00,26.7,95,25.9,34.0,0.0,86,5,9,85,0.02,0.16,59.6,24.3,35.3,129.9,212.9,1
2019-07-12 07:00:00,27.7,87,25.3,34.4,0.0,94,0,15,93,0.11,0.49,233.8,145.6,88.2,539.1,500.3,1
2019-07-12 08:00:00,29.4,80,25.6,36.4,0.0,94,8,4,37,0.28,0.82,472.9,364.4,108.6,757.5,768.0,1
2019-07-12 09:00:00,30.9,74,25.8,38.3,0.0,46,4,3,43,0.44,1.16,660.5,543.5,117.0,811.1,997.7,1
2019-07-12 10:00:00,32.1,66,24.9,39.6,0.0,40,9,8,36,0.56,1.63,786.6,648.9,137.7,787.2,1173.8,1
2019-07-12 11:00:00,32.8,62,24.5,39.9,0.0,42,15,15,33,0.58,1.91,774.8,596.9,177.8,639.7,1284.2,1
2019-07-12 12:00:00,32.8,61,24.2,39.7,0.1,53,27,29,44,0.59,1.96,753.0,554.2,198.9,560.2,1321.4,1
2019-07-12 13:00:00,31.4,68,24.8,38.6,0.4,71,22,26,64,0.52,1.46,659.9,363.8,296.1,367.9,1283.0,1
2019-07-12 14:00:00,31.5,68,24.8,37.4,0.2,86,38,42,75,0.41,1.5,484.5,185.2,299.2,198.8,1171.3,1
2019-07-12 15:00:00,30.9,71,25.1,37.1,0.7,79,28,27,71,0.4,1.29,468.9,256.8,212.0,312.4,994.2,1
2019-07-12 16:00:00,30.8,71,24.9,37.1,0.4,88,56,18,77,0.25,1.3,267.3,114.2,153.1,171.2,763.6,1
2019-07-12 17:00:00,30.3,74,25.2,36.6,0.2,76,27,17,71,0.19,1.1,188.1,82.3,105.8,172.4,495.3,1
2019-07-12 18:00:00,30.0,77,25.5,36.7,0.1,31,12,2,24,0.1,0.98,76.6,39.5,37.1,148.3,207.4,1
2019-07-12 19:00:00,29.7,78,25.4,36.4,0.0,32,23,2,18,0.02,0.92,0.0,0.0,0.0,0.0,0.0,0
2019-07-12 20:00:00,28.0,92,26.5,35.2,0.0,20,25,2,85,0.0,0.32,0.0,0.0,0.0,0.0,0.0,0
2019-07-12 21:00:00,27.5,93,26.3,34.4,0.0,31,15,4,20,0.0,0.26,0.0,0.0,0.0,0.0,0.0,0
2019-07-12 22:00:00,27.8,89,25.9,34.6,0.0,68,4,2,66,0.0,0.41,0.0,0.0,0.0,0.0,0.0,0
2019-07-12 23:00:00,28.4,86,25.8,35.5,0.0,94,1,1,94,0.0,0.55,0.0,0.0,0.0,0.0,0.0,0
2019-07-13 00:00:00,26.7,93,25.4,33.1,0.0,2,2,0,0,0.0,0.26,0.0,0.0,0.0,0.0,0.0,0
2019-07-13 01:00:00,25.9,93,24.8,31.7,0.0,15,3,2,12,0.0,0.22,0.0,0.0,0.0,0.0,0.0,0
2019-07-13 02:00:00,26.0,90,24.1,31.7,0.0,98,4,0,98,0.0,0.35,0.0,0.0,0.0,0.0,0.0,0
2019-07-13 03:00:00,25.3,92,23.9,31.0,0.0,98,5,0,98,0.0,0.26,0.0,0.0,0.0,0.0,0.0,0
2019-07-13 04:00:00,24.9,94,23.8,30.6,0.0,98,2,0,98,0.0,0.2,0.0,0.0,0.0,0.0,0.0,0
2019-07-13 05:00:00,24.5,94,23.5,30.0,0.0,97,1,0,97,0.0,0.19,0.0,0.0,0.0,0.0,0.0,0
2019-07-13 06:00:00,26.2,88,24.0,32.2,0.0,95,2,0,95,0.02,0.41,64.1,28.7,35.4,154.0,211.0,1
2019-07-13 07:00:00,27.5,83,24.4,33.7,0.0,88,1,0,88,0.12,0.62,267.8,183.7,84.1,683.6,498.7,1
2019-07-13 08:00:00,29.2,73,23.7,34.7,0.0,86,0,0,93,0.29,1.11,486.5,389.9,96.6,812.4,766.8,1
2019-07-13 09:00:00,30.3,69,24.0,36.3,0.0,94,0,0,94,0.44,1.34,682.1,569.5,112.6,851.0,996.8,1
2019-07-13 10:00:00,31.8,65,24.4,38.7,0.0,97,0,0,97,0.59,1.66,835.2,716.8,118.4,870.3,1173.2,1
2019-07-13 11:00:00,33.3,61,24.7,40.2,0.0,100,2,0,100,0.7,2.01,936.1,814.4,121.7,873.1,1283.9,1
2019-07-13 12:00:00,34.1,58,24.7,40.2,0.0,90,1,0,89,0.76,2.25,966.1,840.9,125.2,850.2,1321.4,1
2019-07-13 13:00:00,34.1,59,24.9,39.9,0.0,86,0,0,86,0.74,2.2,912.9,737.4,175.5,745.8,1283.0,1
2019-07-13 14:00:00,33.7,60,24.9,38.8,0.0,22,0,0,22,0.68,2.07,807.5,685.9,121.6,736.2,1171.4,1
2019-07-13 15:00:00,33.2,62,24.9,37.7,0.0,98,0,0,98,0.6,1.94,682.7,580.3,102.4,706.0,994.2,1
2019-07-13 16:00:00,32.5,65,25.0,36.4,0.0,97,1,0,97,0.48,1.71,513.8,428.1,85.6,641.9,763.5,1
2019-07-13 17:00:00,31.5,67,24.7,35.1,0.0,99,0,0,99,0.34,1.52,310.3,246.0,64.3,515.5,494.9,1
2019-07-13 18:00:00,30.3,71,24.3,33.9,0.0,99,0,0,99,0.19,1.27,108.2,70.6,37.6,265.6,206.8,1
2019-07-13 19:00:00,29.5,71,23.7,33.4,0.0,98,1,0,97,0.09,1.2,0.0,0.0,0.0,0.0,0.0,0
2019-07-13 20:00:00,30.0,65,22.6,34.4,0.0,95,0,0,98,0.03,1.5,0.0,0.0,0.0,0.0,0.0,0
2019-07-13 21:00:00,28.3,79,24.4,33.8,0.0,99,0,0,99,0.01,0.8,0.0,0.0,0.0,0.0,0.0,0
2019-07-13 22:00:00,27.6,87,25.3,33.4,0.0,100,1,0,100,0.01,0.47,0.0,0.0,0.0,0.0,0.0,0
2019-07-13 23:00:00,26.9,90,25.2,32.8,0.0,99,0,0,99,0.0,0.34,0.0,0.0,0.0,0.0,0.0,0
2019-07-14 00:00:00,26.3,92,25.0,32.3,0.0,99,1,0,99,0.0,0.26,0.0,0.0,0.0,0.0,0.0,0
2019-07-14 01:00:00,25.9,93,24.7,31.9,0.0,100,0,0,100,0.0,0.23,0.0,0.0,0.0,0.0,0.0,0
2019-07-14 02:00:00,25.5,92,24.2,31.3,0.0,100,0,0,100,0.0,0.25,0.0,0.0,0.0,0.0,0.0,0
2019-07-14 03:00:00,25.7,85,23.0,30.5,0.0,100,0,0,100,0.0,0.49,0.0,0.0,0.0,0.0,0.0,0
2019-07-14 04:00:00,25.0,87,22.6,29.4,0.0,100,1,0,100,0.0,0.43,0.0,0.0,0.0,0.0,0.0,0
2019-07-14 05:00:00,25.2,85,22.5,29.6,0.0,99,1,0,99,0.0,0.48,0.0,0.0,0.0,0.0,0.0,0
2019-07-14 06:00:00,26.6,81,23.1,31.1,0.0,100,0,0,100,0.04,0.66,64.2,28.8,35.4,154.5,209.1,1
2019-07-14 07:00:00,28.1,77,23.7,32.6,0.0,97,0,0,97,0.15,0.88,264.1,177.0,87.1,661.9,497.2,1
2019-07-14 08:00:00,29.5,72,23.9,34.3,0.0,99,0,0,97,0.3,1.17,488.0,389.0,99.1,812.3,765.6,1
2019-07-14 09:00:00,30.9,68,24.2,35.8,0.0,96,0,0,96,0.46,1.44,682.3,567.4,114.8,849.0,996.0,1
2019-07-14 10:00:00,32.2,63,24.3,37.7,0.0,96,0,0,96,0.59,1.77,834.3,713.7,120.6,867.1,1172.7,1
2019-07-14 11:00:00,32.9,61,24.4,38.5,0.0,100,2,0,100,0.69,1.96,931.0,806.2,124.8,864.6,1283.6,1
2019-07-14 12:00:00,32.9,63,24.8,38.2,0.0,97,8,0,97,0.67,1.86,869.2,710.7,158.5,718.8,1321.3,1
2019-07-14 13:00:00,32.3,67,25.3,37.5,0.0,87,6,2,87,0.59,1.6,757.0,642.3,114.7,649.7,1283.0,1
2019-07-14 14:00:00,32.8,65,25.4,38.9,0.0,80,21,3,74,0.67,1.73,832.2,714.4,117.8,766.8,1171.5,1
2019-07-14 15:00:00,32.6,65,25.2,37.9,0.0,60,37,12,48,0.5,1.71,564.8,426.8,138.0,519.3,994.2,1
2019-07-14 16:00:00,32.0,68,25.3,37.7,0.2,80,32,25,72,0.38,1.53,410.8,292.3,118.5,438.3,763.3,1
2019-07-14 17:00:00,30.9,72,25.3,37.2,0.4,92,14,41,88,0.22,1.25,218.5,142.6,76.0,298.9,494.5,1
2019-07-14 18:00:00,30.2,78,26.0,37.1,0.1,45,17,24,36,0.11,0.93,79.2,42.8,36.4,161.5,206.1,1
2019-07-14 19:00:00,28.8,86,26.2,35.7,0.1,77,21,27,71,0.03,0.56,0.0,0.0,0.0,0.0,0.0,0
2019-07-14 20:00:00,28.1,92,26.7,35.4,0.0,92,2,38,100,0.0,0.31,0.0,0.0,0.0,0.0,0.0,0
2019-07-14 21:00:00,28.3,91,26.6,35.3,0.0,99,1,16,98,0.0,0.36,0.0,0.0,0.0,0.0,0.0,0
2019-07-14 22:00:00,27.6,93,26.4,34.5,0.0,96,7,6,96,0.0,0.25,0.0,0.0,0.0,0.0,0.0,0
2019-07-14 23:00:00,27.2,94,26.2,34.2,0.0,93,10,14,92,0.0,0.22,0.0,0.0,0.0,0.0,0.0,0
2019-07-15 00:00:00,26.5,95,25.7,33.1,0.0,92,1,3,91,0.0,0.16,0.0,0.0,0.0,0.0,0.0,0
2019-07-15 01:00:00,27.2,92,25.7,34.1,0.0,78,1,0,77,0.0,0.31,0.0,0.0,0.0,0.0,0.0,0
2019-07-15 02:00:00,26.8,94,25.7,33.5,0.0,58,1,0,58,0.0,0.22,0.0,0.0,0.0,0.0,0.0,0
2019-07-15 03:00:00,26.5,95,25.7,33.3,0.0,57,6,0,54,0.0,0.16,0.0,0.0,0.0,0.0,0.0,0
2019-07-15 04:00:00,26.6,93,25.5,33.5,0.0,49,4,0,48,0.0,0.23,0.0,0.0,0.0,0.0,0.0,0
2019-07-15 05:00:00,26.5,93,25.3,32.9,0.0,36,7,0,32,0.0,0.24,0.0,0.0,0.0,0.0,0.0,0
2019-07-15 06:00:00,26.5,93,25.3,32.8,0.0,22,2,0,18,0.02,0.24,59.8,26.6,33.2,143.1,207.2,1
2019-07-15 07:00:00,28.0,86,25.4,34.7,0.0,53,0,0,53,0.12,0.54,260.3,171.7,88.7,645.2,495.6,1
2019-07-15 08:00:00,29.6,74,24.5,35.8,0.0,87,0,0,78,0.28,1.08,483.5,381.9,101.5,799.4,764.4,1
2019-07-15 09:00:00,30.5,71,24.7,36.9,0.0,78,0,0,78,0.44,1.27,679.1,563.1,116.0,843.5,995.1,1
2019-07-15 10:00:00,31.4,68,24.9,38.7,0.0,61,22,0,51,0.56,1.46,805.4,656.8,148.6,798.5,1172.1,1
2019-07-15 11:00:00,32.6,63,24.7,40.2,0.0,71,41,0,51,0.63,1.81,844.7,639.8,204.9,686.5,1283.4,1
2019-07-15 12:00:00,33.2,60,24.5,40.7,0.0,65,38,2,43,0.62,2.01,798.6,525.0,273.6,531.1,1321.2,1
2019-07-15 13:00:00,32.9,61,24.4,39.8,0.0,56,23,26,37,0.57,1.95,711.9,478.5,233.4,484.1,1283.0,1
2019-07-15 14:00:00,32.8,62,24.5,38.9,0.2,36,34,26,0,0.52,1.89,621.3,418.0,203.3,448.7,1171.5,1
2019-07-15 15:00:00,31.5,68,24.9,36.9,0.5,86,83,40,52,0.46,1.49,537.3,398.4,138.9,484.8,994.1,1
2019-07-15 16:00:00,30.9,72,25.2,36.0,0.3,97,46,31,94,0.35,1.27,384.8,268.9,115.9,403.4,763.0,1
2019-07-15 17:00:00,30.6,73,25.2,35.7,0.1,83,39,25,73,0.24,1.19,226.3,148.0,78.3,310.4,493.9,1
2019-07-15 18:00:00,29.9,76,25.2,35.5,0.0,97,20,23,96,0.13,1.0,80.2,47.4,32.8,179.2,205.2,1
2019-07-15 19:00:00,29.0,79,25.0,34.5,0.0,98,9,17,97,0.05,0.84,0.0,0.0,0.0,0.0,0.0,0
2019-07-15 20:00:00,28.1,83,24.9,33.2,0.0,98,1,6,86,0.02,0.65,0.0,0.0,0.0,0.0,0.0,0
2019-07-15 21:00:00,27.8,84,24.9,33.3,0.0,94,1,3,94,0.01,0.59,0.0,0.0,0.0,0.0,0.0,0
2019-07-15 22:00:00,27.5,86,24.9,33.2,0.0,95,1,1,95,0.0,0.51,0.0,0.0,0.0,0.0,0.0,0
2019-07-15 23:00:00,26.9,89,24.9,32.8,0.0,99,0,0,99,0.0,0.4,0.0,0.0,0.0,0.0,0.0,0
2019-07-16 00:00:00,26.3,92,24.9,32.3,0.0,96,3,0,96,0.0,0.28,0.0,0.0,0.0,0.0,0.0,0
2019-07-16 01:00:00,25.5,94,24.6,31.2,0.0,83,12,0,80,0.0,0.18,0.0,0.0,0.0,0.0,0.0,0
2019-07-16 02:00:00,25.1,96,24.3,30.6,0.0,85,17,0,83,0.0,0.14,0.0,0.0,0.0,0.0,0.0,0
2019-07-16 03:00:00,24.7,97,24.1,30.1,0.0,92,17,0,90,0.0,0.1,0.0,0.0,0.0,0.0,0.0,0
2019-07-16 04:00:00,24.8,96,24.1,30.5,0.0,94,18,0,93,0.0,0.13,0.0,0.0,0.0,0.0,0.0,0
2019-07-16 05:00:00,25.1,96,24.4,31.0,0.0,95,22,0,94,0.0,0.14,0.0,0.0,0.0,0.0,0.0,0
2019-07-16 06:00:00,26.6,91,25.1,33.0,0.0,92,19,0,90,0.02,0.3,48.8,13.3,35.5,71.8,205.3,1
2019-07-16 07:00:00,28.7,80,24.9,35.0,0.0,86,2,0,86,0.13,0.8,265.0,179.0,86.0,676.2,494.1,1
2019-07-16 08:00:00,30.1,72,24.6,36.0,0.0,56,3,0,0,0.29,1.18,481.3,373.7,107.6,783.9,763.2,1
2019-07-16 09:00:00,31.4,68,24.9,37.5,0.0,6,6,0,0,0.46,1.46,688.3,583.6,104.8,875.2,994.3,1
2019-07-16 10:00:00,32.7,63,24.8,39.2,0.0,32,32,0,0,0.58,1.82,808.7,665.5,143.2,809.7,1171.6,1
2019-07-16 11:00:00,33.8,57,24.2,39.8,0.0,57,57,0,0,0.66,2.24,855.2,646.1,209.1,693.5,1283.1,1
2019-07-16 12:00:00,33.9,57,24.0,39.2,0.0,58,58,1,0,0.69,2.3,867.3,628.0,239.3,635.4,1321.1,1
2019-07-16 13:00:00,33.2,62,24.8,38.9,0.0,0,0,0,0,0.7,1.95,880.6,704.1,176.5,712.4,1283.0,1
2019-07-16 14:00:00,33.0,61,24.6,38.4,0.0,7,7,0,0,0.69,1.94,858.8,755.2,103.5,810.8,1171.4,1
2019-07-16 15:00:00,31.7,64,23.9,35.8,0.0,4,4,0,0,0.59,1.7,717.3,625.9,91.4,761.8,994.0,1
2019-07-16 16:00:00,30.7,65,23.3,33.6,0.0,0,0,0,0,0.47,1.55,528.2,446.1,82.1,669.4,762.7,1
2019-07-16 17:00:00,29.7,70,23.5,32.4,0.0,0,0,0,0,0.33,1.27,324.0,266.1,57.9,558.7,493.3,1
2019-07-16 18:00:00,28.7,72,23.2,31.4,0.0,0,0,0,0,0.19,1.09,116.3,84.7,31.5,320.8,204.3,1
2019-07-16 19:00:00,27.8,77,23.5,31.0,0.0,96,0,0,96,0.08,0.85,0.0,0.0,0.0,0.0,0.0,0
2019-07-16 20:00:00,27.6,81,23.9,31.2,0.0,95,0,0,26,0.04,0.72,0.0,0.0,0.0,0.0,0.0,0
2019-07-16 21:00:00,27.6,83,24.5,31.3,0.0,6,0,0,6,0.04,0.62,0.0,0.0,0.0,0.0,0.0,0
2019-07-16 22:00:00,27.3,85,24.6,31.3,0.0,30,0,0,30,0.03,0.54,0.0,0.0,0.0,0.0,0.0,0
2019-07-16 23:00:00,27.2,86,24.7,31.1,0.0,1,1,0,0,0.03,0.5,0.0,0.0,0.0,0.0,0.0,0
2019-07-17 00:00:00,27.1,87,24.8,31.1,0.0,3,1,0,1,0.03,0.47,0.0,0.0,0.0,0.0,0.0,0
2019-07-17 01:00:00,27.0,88,24.7,30.8,0.0,46,2,4,44,0.03,0.44,0.0,0.0,0.0,0.0,0.0,0
2019-07-17 02:00:00,26.9,88,24.6,30.5,0.0,91,0,2,90,0.03,0.44,0.0,0.0,0.0,0.0,0.0,0
2019-07-17 03:00:00,26.7,88,24.6,30.5,0.0,97,0,0,97,0.02,0.41,0.0,0.0,0.0,0.0,0.0,0
2019-07-17 04:00:00,26.8,89,24.7,30.6,0.0,92,0,1,92,0.02,0.4,0.0,0.0,0.0,0.0,0.0,0
2019-07-17 05:00:00,26.7,89,24.7,30.6,0.0,94,0,0,91,0.02,0.38,0.0,0.0,0.0,0.0,0.0,0
2019-07-17 06:00:00,27.1,89,25.1,31.3,0.0,78,2,0,78,0.04,0.4,59.9,24.4,35.5,132.1,203.4,1
2019-07-17 07:00:00,28.7,84,25.7,33.2,0.0,79,19,10,75,0.14,0.62,234.4,127.1,107.3,482.4,492.6,1
2019-07-17 08:00:00,30.4,76,25.8,34.4,0.0,69,24,14,9,0.28,1.03,413.9,268.7,145.2,564.8,762.1,1
2019-07-17 09:00:00,30.9,74,25.6,34.8,0.0,41,28,30,9,0.39,1.17,574.7,424.8,149.9,638.0,993.5,1
2019-07-17 10:00:00,31.3,73,25.9,36.0,0.1,37,32,31,0,0.49,1.24,715.2,549.3,165.9,668.8,1171.1,1
2019-07-17 11:00:00,31.9,71,26.0,37.0,0.2,42,31,36,5,0.57,1.38,807.5,619.1,188.3,664.8,1282.8,1
2019-07-17 12:00:00,31.8,71,25.8,36.8,0.1,86,12,39,76,0.59,1.38,807.8,585.7,222.1,592.7,1321.0,1
2019-07-17 13:00:00,30.9,76,26.2,35.9,0.2,54,14,43,18,0.55,1.08,781.6,542.3,239.3,548.8,1282.9,1
2019-07-17 14:00:00,30.7,76,26.0,34.7,0.6,40,23,36,0,0.47,1.05,628.9,418.9,209.9,449.8,1171.3,1
2019-07-17 15:00:00,30.7,77,26.2,35.0,0.6,28,18,24,0,0.46,1.01,595.7,463.2,132.5,563.9,993.7,1
2019-07-17 16:00:00,29.8,80,25.9,33.6,0.7,38,16,36,0,0.35,0.85,429.6,312.9,116.7,469.7,762.2,1
2019-07-17 17:00:00,29.1,83,25.9,33.3,0.6,37,24,32,0,0.24,0.7,255.0,172.1,82.9,361.7,492.6,1
2019-07-17 18:00:00,28.2,86,25.7,32.7,0.4,38,24,36,0,0.12,0.53,85.7,47.8,37.9,181.4,203.2,1
2019-07-17 19:00:00,27.6,90,25.8,32.5,0.2,13,0,13,0,0.04,0.37,0.0,0.0,0.0,0.0,0.0,0
2019-07-17 20:00:00,27.5,91,25.9,32.7,0.2,16,77,34,0,0.01,0.32,0.0,0.0,0.0,0.0,0.0,0
2019-07-17 21:00:00,27.7,90,25.9,33.0,0.4,29,25,16,0,0.01,0.37,0.0,0.0,0.0,0.0,0.0,0
2019-07-17 22:00:00,27.3,92,25.8,32.6,0.6,40,15,38,4,0.01,0.3,0.0,0.0,0.0,0.0,0.0,0
2019-07-17 23:00:00,27.2,93,26.0,32.6,0.2,97,97,17,0,0.01,0.25,0.0,0.0,0.0,0.0,0.0,0
2019-07-18 00:00:00,27.1,92,25.7,32.4,0.2,80,78,19,0,0.01,0.28,0.0,0.0,0.0,0.0,0.0,0
2019-07-18 01:00:00,26.9,94,25.9,32.6,0.3,74,71,30,0,0.0,0.2,0.0,0.0,0.0,0.0,0.0,0
2019-07-18 02:00:00,26.8,95,25.9,32.6,0.5,31,17,29,0,0.0,0.19,0.0,0.0,0.0,0.0,0.0,0
2019-07-18 03:00:00,26.8,93,25.6,32.5,0.3,47,40,44,0,0.0,0.23,0.0,0.0,0.0,0.0,0.0,0
2019-07-18 04:00:00,26.4,94,25.3,32.0,0.2,37,25,35,0,0.0,0.22,0.0,0.0,0.0,0.0,0.0,0
2019-07-18 05:00:00,26.2,95,25.3,32.1,0.2,32,11,31,0,0.0,0.19,0.0,0.0,0.0,0.0,0.0,0
2019-07-18 06:00:00,26.7,93,25.5,32.8,0.3,76,73,41,0,0.02,0.23,37.7,8.9,28.9,48.2,201.6,1
2019-07-18 07:00:00,27.5,90,25.7,34.1,0.2,28,13,27,0,0.08,0.37,144.3,41.0,103.3,156.5,491.1,1
2019-07-18 08:00:00,28.6,84,25.7,34.8,0.4,89,21,27,0,0.17,0.62,279.7,109.0,170.7,229.6,760.9,1
2019-07-18 09:00:00,29.8,82,26.4,36.6,0.8,38,32,27,0,0.33,0.75,509.5,340.4,169.1,511.8,992.7,1
2019-07-18 10:00:00,30.6,79,26.5,37.6,0.4,93,92,27,2,0.42,0.93,602.2,369.5,232.7,450.2,1170.6,1
2019-07-18 11:00:00,29.4,80,25.7,35.2,1.6,71,61,52,1,0.38,0.81,533.8,170.7,363.2,183.3,1282.6,1
2019-07-18 12:00:00,29.5,82,26.0,35.6,1.0,93,91,77,7,0.39,0.75,541.3,232.3,309.0,235.1,1320.9,1
2019-07-18 13:00:00,30.1,83,26.9,37.4,1.2,87,25,67,69,0.47,0.72,643.3,353.0,290.3,357.3,1282.9,1
2019-07-18 14:00:00,29.4,87,26.9,36.2,0.7,99,59,51,98,0.4,0.54,533.9,272.6,261.2,292.8,1171.2,1
2019-07-18 15:00:00,28.9,83,25.7,34.3,0.9,99,38,36,98,0.4,0.68,530.8,270.4,260.4,329.3,993.5,1
2019-07-18 16:00:00,28.9,86,26.3,35.0,0.7,99,89,26,99,0.25,0.56,303.3,110.6,192.7,166.1,761.7,1
2019-07-18 17:00:00,28.0,89,26.1,33.8,3.2,99,50,31,99,0.15,0.41,157.1,32.8,124.3,69.1,491.8,1
2019-07-18 18:00:00,27.3,93,26.0,33.4,1.6,100,58,38,99,0.07,0.26,55.2,8.1,47.1,31.0,202.0,1
2019-07-18 19:00:00,27.0,95,26.1,33.2,0.3,100,34,3,100,0.02,0.18,0.0,0.0,0.0,0.0,0.0,0
2019-07-18 20:00:00,27.1,92,25.7,32.9,0.2,100,100,100,100,0.0,0.28,0.0,0.0,0.0,0.0,0.0,0
2019-07-18 21:00:00,27.0,92,25.6,32.5,0.4,100,100,77,100,0.0,0.29,0.0,0.0,0.0,0.0,0.0,0
2019-07-18 22:00:00,26.8,92,25.4,31.9,1.1,100,43,44,100,0.01,0.28,0.0,0.0,0.0,0.0,0.0,0
2019-07-18 23:00:00,26.4,93,25.2,31.4,0.8,100,69,47,99,0.0,0.24,0.0,0.0,0.0,0.0,0.0,0
2019-07-19 00:00:00,26.5,92,25.1,31.3,1.4,100,29,49,100,0.01,0.28,0.0,0.0,0.0,0.0,0.0,0
2019-07-19 01:00:00,26.3,93,25.2,31.2,1.7,100,36,45,100,0.0,0.23,0.0,0.0,0.0,0.0,0.0,0
2019-07-19 02:00:00,26.2,93,25.1,31.2,1.4,100,66,52,100,0.0,0.22,0.0,0.0,0.0,0.0,0.0,0
2019-07-19 03:00:00,26.1,92,24.7,31.2,1.7,100,60,60,100,0.0,0.26,0.0,0.0,0.0,0.0,0.0,0
2019-07-19 04:00:00,25.8,95,24.8,31.0,1.7,99,98,93,97,0.0,0.18,0.0,0.0,0.0,0.0,0.0,0
2019-07-19 05:00:00,25.9,94,24.8,31.5,1.1,100,100,92,94,0.0,0.21,0.0,0.0,0.0,0.0,0.0,0
2019-07-19 06:00:00,26.1,93,24.9,32.1,0.2,95,37,44,92,0.02,0.24,17.8,0.0,17.8,0.0,199.7,1
2019-07-19 07:00:00,27.4,86,24.9,33.4,0.0,99,98,59,89,0.09,0.51,182.8,80.8,102.0,309.7,489.6,1
2019-07-19 08:00:00,29.2,78,25.0,35.2,0.2,96,90,88,96,0.16,0.88,235.1,59.4,175.7,125.4,759.8,1
2019-07-19 09:00:00,30.5,72,24.9,36.8,0.0,93,0,47,87,0.38,1.21,570.5,365.3,205.2,549.9,992.0,1
2019-07-19 10:00:00,31.1,69,24.8,37.7,0.0,91,2,17,89,0.48,1.4,677.7,504.2,173.5,614.8,1170.2,1
2019-07-19 11:00:00,32.0,66,24.8,39.1,0.0,94,21,18,93,0.55,1.64,734.8,556.8,178.0,598.4,1282.3,1
2019-07-19 12:00:00,33.0,62,24.7,40.0,0.1,96,30,26,96,0.65,1.92,847.3,617.0,230.2,624.7,1320.7,1
2019-07-19 13:00:00,32.4,65,25.0,38.7,0.3,90,24,43,82,0.62,1.7,783.5,523.7,259.9,530.1,1282.8,1
2019-07-19 14:00:00,31.9,70,25.8,38.6,0.3,82,28,21,75,0.57,1.42,718.1,496.8,221.3,533.6,1171.1,1
2019-07-19 15:00:00,31.9,69,25.5,37.5,0.1,92,12,13,90,0.45,1.48,521.6,362.7,159.0,441.7,993.1,1
2019-07-19 16:00:00,32.0,69,25.5,36.7,0.1,100,25,11,100,0.43,1.49,463.9,342.1,121.8,514.2,761.2,1
2019-07-19 17:00:00,31.0,73,25.6,36.1,0.0,100,7,0,100,0.27,1.21,250.0,154.7,95.3,325.9,490.9,1
2019-07-19 18:00:00,29.8,76,25.2,34.9,0.0,98,0,0,98,0.14,1.0,86.9,31.3,55.6,119.5,200.8,1
2019-07-19 19:00:00,28.6,79,24.7,33.9,0.0,100,0,0,100,0.05,0.8,0.0,0.0,0.0,0.0,0.0,0
2019-07-19 20:00:00,28.3,85,25.5,34.3,0.0,100,0,0,99,0.01,0.58,0.0,0.0,0.0,0.0,0.0,0
2019-07-19 21:00:00,29.0,80,25.3,35.7,0.0,100,0,0,100,0.0,0.78,0.0,0.0,0.0,0.0,0.0,0
2019-07-19 22:00:00,27.9,86,25.3,34.5,0.0,100,0,0,100,0.0,0.53,0.0,0.0,0.0,0.0,0.0,0
2019-07-19 23:00:00,27.6,88,25.4,34.1,0.0,100,0,0,100,0.0,0.45,0.0,0.0,0.0,0.0,0.0,0
2019-07-20 00:00:00,27.3,90,25.5,33.5,0.0,99,0,3,99,0.0,0.37,0.0,0.0,0.0,0.0,0.0,0
2019-07-20 01:00:00,27.2,89,25.2,33.0,0.0,99,0,1,99,0.0,0.4,0.0,0.0,0.0,0.0,0.0,0
2019-07-20 02:00:00,27.0,88,24.9,32.6,0.0,97,0,0,97,0.0,0.42,0.0,0.0,0.0,0.0,0.0,0
2019-07-20 03:00:00,26.7,90,25.0,32.7,0.0,99,0,4,99,0.0,0.34,0.0,0.0,0.0,0.0,0.0,0
2019-07-20 04:00:00,26.5,93,25.2,32.8,0.0,99,0,1,99,0.0,0.26,0.0,0.0,0.0,0.0,0.0,0
2019-07-20 05:00:00,26.5,92,25.1,32.6,0.0,100,0,5,100,0.0,0.28,0.0,0.0,0.0,0.0,0.0,0
2019-07-20 06:00:00,26.9,93,25.6,33.6,0.0,100,1,12,100,0.02,0.26,28.9,2.2,26.7,12.1,197.8,1
2019-07-20 07:00:00,28.6,86,26.1,35.4,0.0,99,1,18,98,0.08,0.53,137.7,24.1,113.6,93.0,488.1,1
2019-07-20 08:00:00,30.9,74,25.8,37.3,0.0,89,0,7,89,0.17,1.15,231.6,101.8,129.7,215.5,758.7,1
2019-07-20 09:00:00,31.9,71,25.9,37.9,0.0,66,0,2,65,0.44,1.39,642.9,499.7,143.2,753.0,991.2,1
2019-07-20 10:00:00,32.6,65,25.1,38.8,0.0,62,4,1,62,0.59,1.73,822.2,703.7,118.5,858.5,1169.7,1
2019-07-20 11:00:00,33.5,60,24.7,40.9,0.0,40,20,11,32,0.66,2.06,872.2,708.8,163.4,762.1,1282.1,1
2019-07-20 12:00:00,32.7,64,25.0,39.5,0.0,72,34,11,66,0.55,1.78,700.9,510.0,190.9,516.5,1320.6,1
2019-07-20 13:00:00,31.0,76,26.2,37.7,1.5,84,44,16,80,0.48,1.09,621.7,307.9,313.8,311.8,1282.7,1
2019-07-20 14:00:00,31.0,76,26.2,37.9,0.1,89,44,22,81,0.46,1.08,584.2,306.8,277.4,329.6,1170.9,1
2019-07-20 15:00:00,30.1,79,26.0,37.2,0.1,95,17,8,95,0.28,0.92,326.1,101.4,224.7,123.5,992.8,1
2019-07-20 16:00:00,30.5,78,26.2,37.6,0.0,96,8,5,95,0.31,0.98,347.2,153.7,193.5,231.2,760.5,1
2019-07-20 17:00:00,30.3,77,25.8,37.2,0.0,85,7,5,85,0.22,1.0,222.5,110.1,112.4,232.2,489.9,1
2019-07-20 18:00:00,30.0,81,26.3,37.4,0.0,87,7,9,86,0.11,0.82,88.9,46.8,42.1,179.2,199.4,1
2019-07-20 19:00:00,29.1,84,26.1,36.2,0.0,86,8,14,84,0.02,0.66,0.0,0.0,0.0,0.0,0.0,0
2019-07-20 20:00:00,28.6,88,26.4,35.7,0.0,85,2,23,67,0.0,0.48,0.0,0.0,0.0,0.0,0.0,0
2019-07-20 21:00:00,28.0,90,26.2,35.0,0.0,81,0,22,78,0.0,0.37,0.0,0.0,0.0,0.0,0.0,0
2019-07-20 22:00:00,27.5,93,26.2,34.5,0.0,88,3,20,87,0.0,0.26,0.0,0.0,0.0,0.0,0.0,0
2019-07-20 23:00:00,27.5,92,26.1,34.4,0.0,87,10,26,85,0.0,0.29,0.0,0.0,0.0,0.0,0.0,0
2019-07-21 00:00:00,27.0,94,26.0,33.7,0.0,88,3,18,86,0.0,0.2,0.0,0.0,0.0,0.0,0.0,0
2019-07-21 01:00:00,27.3,91,25.8,34.1,0.0,90,0,18,88,0.0,0.32,0.0,0.0,0.0,0.0,0.0,0
2019-07-21 02:00:00,26.6,95,25.6,33.1,0.0,87,0,12,85,0.0,0.19,0.0,0.0,0.0,0.0,0.0,0
2019-07-21 03:00:00,26.0,96,25.3,32.2,0.0,87,0,10,86,0.0,0.14,0.0,0.0,0.0,0.0,0.0,0
2019-07-21 04:00:00,26.2,96,25.4,32.6,0.0,91,3,8,90,0.0,0.15,0.0,0.0,0.0,0.0,0.0,0
2019-07-21 05:00:00,26.0,97,25.4,32.3,0.0,91,8,4,90,0.0,0.12,0.0,0.0,0.0,0.0,0.0,0
2019-07-21 06:00:00,27.2,93,25.9,33.6,0.0,92,9,3,91,0.02,0.26,51.2,20.0,31.2,109.5,195.9,1
2019-07-21 07:00:00,28.9,85,26.2,35.8,0.0,94,10,7,93,0.11,0.59,214.8,120.9,93.9,468.3,486.6,1
2019-07-21 08:00:00,30.1,74,24.9,35.8,0.1,95,22,15,84,0.25,1.12,391.8,265.7,126.2,563.5,757.6,1
2019-07-21 09:00:00,30.7,70,24.7,36.6,0.0,90,19,17,88,0.32,1.3,461.4,290.0,171.5,437.5,990.4,1
2019-07-21 10:00:00,31.7,67,24.8,38.1,0.0,85,4,18,83,0.46,1.53,649.9,421.4,228.5,514.5,1169.2,1
2019-07-21 11:00:00,31.8,65,24.4,37.2,0.2,90,18,16,88,0.48,1.65,626.6,365.4,261.3,393.0,1281.8,1
2019-07-21 12:00:00,32.2,65,24.8,38.8,0.0,82,1,16,80,0.6,1.68,783.7,583.7,200.0,591.4,1320.5,1
2019-07-21 13:00:00,32.1,66,24.9,38.0,0.0,90,3,10,90,0.52,1.64,640.4,394.2,246.1,399.3,1282.5,1
2019-07-21 14:00:00,31.8,69,25.5,37.8,1.5,82,6,12,80,0.47,1.44,568.9,265.0,303.9,284.8,1170.6,1
2019-07-21 15:00:00,31.9,67,25.0,38.0,0.4,50,7,26,42,0.44,1.55,513.3,294.1,219.2,358.5,992.3,1
2019-07-21 16:00:00,31.8,66,24.6,38.0,0.0,47,6,34,33,0.35,1.61,398.0,256.4,141.6,386.0,759.8,1
2019-07-21 17:00:00,31.4,67,24.6,37.6,0.0,63,8,48,52,0.22,1.49,223.1,134.2,88.9,283.5,488.8,1
2019-07-21 18:00:00,30.0,79,25.9,36.7,0.0,36,8,27,24,0.08,0.91,51.8,23.0,28.8,88.5,197.9,1
2019-07-21 19:00:00,28.5,87,26.2,35.4,0.0,21,3,17,11,0.03,0.49,0.0,0.0,0.0,0.0,0.0,0
2019-07-21 20:00:00,28.4,92,27.0,36.0,0.0,85,2,36,35,0.0,0.3,0.0,0.0,0.0,0.0,0.0,0
2019-07-21 21:00:00,29.0,87,26.6,36.7,0.0,71,0,16,70,0.0,0.52,0.0,0.0,0.0,0.0,0.0,0
2019-07-21 22:00:00,27.7,93,26.6,34.9,0.0,72,0,25,69,0.0,0.24,0.0,0.0,0.0,0.0,0.0,0
2019-07-21 23:00:00,27.5,95,26.5,34.6,0.0,31,0,30,9,0.0,0.2,0.0,0.0,0.0,0.0,0.0,0
2019-07-22 00:00:00,27.2,95,26.3,34.1,0.0,70,0,63,40,0.0,0.19,0.0,0.0,0.0,0.0,0.0,0
2019-07-22 01:00:00,27.3,93,26.1,33.9,0.0,72,0,54,65,0.0,0.25,0.0,0.0,0.0,0.0,0.0,0
2019-07-22 02:00:00,26.9,94,25.9,33.6,0.0,53,0,41,27,0.0,0.21,0.0,0.0,0.0,0.0,0.0,0
2019-07-22 03:00:00,26.5,94,25.5,32.9,0.0,77,0,65,59,0.0,0.2,0.0,0.0,0.0,0.0,0.0,0
2019-07-22 04:00:00,26.8,90,24.9,32.8,0.0,94,0,86,70,0.0,0.37,0.0,0.0,0.0,0.0,0.0,0
2019-07-22 05:00:00,26.9,82,23.5,31.4,0.0,85,0,76,48,0.02,0.65,0.0,0.0,0.0,0.0,0.0,0
2019-07-22 06:00:00,26.6,84,23.7,31.3,0.0,88,0,80,53,0.04,0.56,26.7,8.9,17.8,48.8,193.9,1
2019-07-22 07:00:00,27.4,81,23.9,32.4,0.0,94,0,93,11,0.09,0.69,131.1,42.8,88.4,166.5,485.0,1
2019-07-22 08:00:00,27.3,83,24.1,32.8,0.0,91,0,97,46,0.11,0.62,151.7,21.9,129.9,46.5,756.4,1
2019-07-22 09:00:00,28.0,77,23.6,33.2,0.1,95,0,93,45,0.17,0.87,232.5,84.6,147.8,127.9,989.7,1
2019-07-22 10:00:00,28.6,76,24.0,34.2,0.0,81,0,81,23,0.2,0.94,273.8,31.3,242.5,38.2,1168.8,1
2019-07-22 11:00:00,29.0,73,23.7,34.5,0.0,100,0,100,1,0.27,1.08,355.0,124.9,230.1,134.4,1281.5,1
2019-07-22 12:00:00,30.5,67,23.6,36.8,0.0,0,0,0,0,0.55,1.45,735.3,332.3,403.0,336.7,1320.3,1
2019-07-22 13:00:00,31.7,62,23.4,39.8,0.0,2,0,2,0,0.72,1.79,938.5,824.7,113.8,835.5,1282.4,1
2019-07-22 14:00:00,32.4,59,23.4,39.8,0.0,8,2,8,0,0.66,1.99,826.3,709.5,116.8,762.7,1170.4,1
2019-07-22 15:00:00,32.4,61,24.0,38.9,0.0,39,16,36,6,0.53,1.88,630.1,509.5,120.5,621.5,991.8,1
2019-07-22 16:00:00,29.7,73,24.4,35.0,1.1,43,15,37,20,0.31,1.12,344.4,237.4,107.0,357.6,759.0,1
2019-07-22 17:00:00,29.2,77,24.9,34.8,0.6,53,1,52,8,0.22,0.91,230.7,158.2,72.5,334.9,487.7,1
2019-07-22 18:00:00,27.4,86,24.9,32.8,2.0,79,72,53,12,0.1,0.5,72.2,37.8,34.4,146.1,196.3,1
2019-07-22 19:00:00,26.5,91,25.0,32.6,1.1,55,8,54,1,0.02,0.29,0.0,0.0,0.0,0.0,0.0,0
2019-07-22 20:00:00,26.8,88,24.5,33.0,0.1,31,100,32,0,0.0,0.44,0.0,0.0,0.0,0.0,0.0,0
2019-07-22 21:00:00,26.1,93,24.9,32.3,0.1,36,29,20,0,0.0,0.22,0.0,0.0,0.0,0.0,0.0,0
2019-07-22 22:00:00,25.8,95,25.0,31.9,0.0,9,0,9,0,0.0,0.16,0.0,0.0,0.0,0.0,0.0,0
2019-07-22 23:00:00,25.6,95,24.7,31.5,0.0,37,1,4,34,0.0,0.17,0.0,0.0,0.0,0.0,0.0,0
2019-07-23 00:00:00,25.2,95,24.3,30.9,0.0,38,4,5,34,0.0,0.17,0.0,0.0,0.0,0.0,0.0,0
2019-07-23 01:00:00,25.8,91,24.3,31.6,0.0,39,10,4,31,0.0,0.29,0.0,0.0,0.0,0.0,0.0,0
2019-07-23 02:00:00,26.3,90,24.5,32.6,0.0,69,16,3,63,0.0,0.36,0.0,0.0,0.0,0.0,0.0,0
2019-07-23 03:00:00,26.0,92,24.5,32.2,0.0,46,2,1,44,0.0,0.28,0.0,0.0,0.0,0.0,0.0,0
2019-07-23 04:00:00,25.8,92,24.4,32.0,0.0,83,6,1,82,0.0,0.27,0.0,0.0,0.0,0.0,0.0,0
2019-07-23 05:00:00,25.6,92,24.3,31.5,0.0,71,6,2,69,0.0,0.25,0.0,0.0,0.0,0.0,0.0,0
2019-07-23 06:00:00,25.6,93,24.4,31.7,0.0,72,2,2,72,0.01,0.24,51.3,22.3,29.0,122.5,192.0,1
2019-07-23 07:00:00,26.7,87,24.4,32.7,0.0,69,0,2,69,0.11,0.45,252.8,170.0,82.8,665.3,483.5,1
2019-07-23 08:00:00,27.9,78,23.7,33.6,0.0,86,1,1,85,0.26,0.82,467.7,364.4,103.2,776.5,755.3,1
2019-07-23 09:00:00,29.3,74,24.1,35.3,0.0,85,1,1,85,0.42,1.07,649.1,527.2,121.9,797.4,988.9,1
2019-07-23 10:00:00,30.6,69,24.3,38.0,0.0,91,2,2,90,0.56,1.37,816.1,695.4,120.7,850.2,1168.3,1
2019-07-23 11:00:00,31.8,63,23.9,39.3,0.0,93,19,17,92,0.65,1.73,890.1,759.0,131.2,817.1,1281.3,1
2019-07-23 12:00:00,32.0,62,23.9,39.2,0.1,97,29,31,96,0.66,1.79,876.7,708.0,168.7,717.7,1320.1,1
2019-07-23 13:00:00,30.7,69,24.3,36.3,0.4,96,35,35,95,0.53,1.39,686.4,406.0,280.5,411.4,1282.2,1
2019-07-23 14:00:00,30.2,75,25.3,36.7,0.6,95,37,40,92,0.47,1.07,592.6,297.2,295.3,319.7,1170.0,1
2019-07-23 15:00:00,29.2,77,24.7,34.9,1.9,88,48,45,79,0.35,0.95,422.7,178.0,244.7,217.3,991.3,1
2019-07-23 16:00:00,28.4,79,24.5,34.2,2.5,93,91,48,6,0.25,0.81,290.8,124.3,166.5,187.4,758.1,1
2019-07-23 17:00:00,28.8,79,24.7,34.5,0.5,65,61,19,3,0.2,0.85,201.7,129.3,72.4,274.1,486.4,1
2019-07-23 18:00:00,28.4,82,25.1,34.5,0.1,44,20,20,24,0.09,0.68,62.2,26.8,35.4,104.0,194.7,1
2019-07-23 19:00:00,27.3,90,25.5,33.9,0.1,36,10,27,10,0.02,0.38,0.0,0.0,0.0,0.0,0.0,0
2019-07-23 20:00:00,27.0,89,25.1,33.5,0.0,29,13,38,20,0.0,0.39,0.0,0.0,0.0,0.0,0.0,0
2019-07-23 21:00:00,26.4,92,25.1,32.7,0.0,67,1,18,60,0.0,0.27,0.0,0.0,0.0,0.0,0.0,0
2019-07-23 22:00:00,26.2,92,24.9,32.3,0.0,57,0,17,49,0.0,0.26,0.0,0.0,0.0,0.0,0.0,0
2019-07-23 23:00:00,26.1,93,24.8,32.0,0.0,11,0,11,2,0.0,0.25,0.0,0.0,0.0,0.0,0.0,0
2019-07-24 00:00:00,27.7,84,24.7,34.0,0.0,12,0,12,2,0.0,0.59,0.0,0.0,0.0,0.0,0.0,0
2019-07-24 01:00:00,27.3,86,24.7,33.4,0.0,20,0,13,10,0.0,0.51,0.0,0.0,0.0,0.0,0.0,0
2019-07-24 02:00:00,26.5,90,24.6,32.5,0.0,20,0,5,17,0.0,0.36,0.0,0.0,0.0,0.0,0.0,0
2019-07-24 03:00:00,25.0,95,24.2,30.7,0.0,12,0,3,10,0.0,0.16,0.0,0.0,0.0,0.0,0.0,0
2019-07-24 04:00:00,24.7,96,24.1,30.3,0.0,98,0,2,98,0.0,0.12,0.0,0.0,0.0,0.0,0.0,0
2019-07-24 05:00:00,26.4,90,24.7,32.9,0.0,97,2,1,97,0.0,0.34,0.0,0.0,0.0,0.0,0.0,0
2019-07-24 06:00:00,26.3,91,24.7,32.7,0.0,87,1,0,87,0.01,0.31,46.9,13.4,33.5,73.8,190.0,1
2019-07-24 07:00:00,27.2,86,24.7,33.6,0.0,71,2,0,71,0.11,0.5,239.0,143.1,95.9,563.2,481.9,1
2019-07-24 08:00:00,28.4,80,24.6,34.7,0.0,39,9,0,29,0.26,0.78,453.4,327.0,126.4,698.3,754.2,1
2019-07-24 09:00:00,29.9,75,24.9,36.6,0.0,16,14,1,3,0.43,1.07,659.5,538.6,120.8,815.8,988.1,1
2019-07-24 10:00:00,31.0,69,24.6,37.7,0.1,30,28,18,0,0.51,1.41,738.6,585.5,153.1,716.4,1167.8,1
2019-07-24 11:00:00,31.9,65,24.6,38.8,0.1,33,26,27,1,0.56,1.65,754.9,586.2,168.7,631.4,1281.0,1
2019-07-24 12:00:00,32.2,64,24.7,39.8,0.6,94,30,37,90,0.61,1.71,800.9,589.9,211.1,598.2,1319.9,1
2019-07-24 13:00:00,31.1,70,24.9,37.2,0.4,56,19,43,24,0.48,1.37,605.0,392.2,212.8,397.6,1282.0,1
2019-07-24 14:00:00,30.8,72,25.1,37.0,0.6,58,21,36,44,0.43,1.25,535.6,291.5,244.0,313.6,1169.7,1
2019-07-24 15:00:00,29.5,76,24.8,35.2,1.0,92,12,51,87,0.3,0.99,356.9,194.4,162.5,237.4,990.7,1
2019-07-24 16:00:00,29.5,77,25.1,36.1,0.4,95,2,10,95,0.24,0.95,267.4,81.9,185.4,123.7,757.2,1
2019-07-24 17:00:00,29.0,80,25.2,35.2,0.2,96,19,12,95,0.19,0.8,196.8,74.7,122.1,158.7,485.1,1
2019-07-24 18:00:00,28.6,82,25.2,35.1,0.0,80,3,13,78,0.1,0.71,75.5,24.4,51.1,95.2,192.9,1
2019-07-24 19:00:00,27.4,90,25.7,34.1,0.0,79,2,9,78,0.02,0.35,0.0,0.0,0.0,0.0,0.0,0
2019-07-24 20:00:00,27.8,91,26.2,34.7,0.0,87,6,3,90,0.0,0.32,0.0,0.0,0.0,0.0,0.0,0
2019-07-24 21:00:00,27.6,92,26.2,34.7,0.0,95,4,1,95,0.0,0.3,0.0,0.0,0.0,0.0,0.0,0
2019-07-24 22:00:00,27.3,93,26.0,34.1,0.0,94,8,2,94,0.0,0.26,0.0,0.0,0.0,0.0,0.0,0
2019-07-24 23:00:00,28.5,87,26.1,35.8,0.0,97,15,7,96,0.0,0.51,0.0,0.0,0.0,0.0,0.0,0
2019-07-25 00:00:00,28.3,85,25.6,35.3,0.0,96,11,8,95,0.0,0.56,0.0,0.0,0.0,0.0,0.0,0
2019-07-25 01:00:00,28.1,87,25.7,35.0,0.0,95,8,6,95,0.0,0.5,0.0,0.0,0.0,0.0,0.0,0
2019-07-25 02:00:00,27.8,89,25.9,35.1,0.0,94,5,4,94,0.0,0.41,0.0,0.0,0.0,0.0,0.0,0
2019-07-25 03:00:00,27.6,91,26.0,34.7,0.0,97,1,0,97,0.0,0.33,0.0,0.0,0.0,0.0,0.0,0
2019-07-25 04:00:00,25.6,97,25.1,31.9,0.0,96,1,0,96,0.0,0.11,0.0,0.0,0.0,0.0,0.0,0
2019-07-25 05:00:00,25.3,96,24.6,31.2,0.0,94,4,0,94,0.0,0.13,0.0,0.0,0.0,0.0,0.0,0
2019-07-25 06:00:00,26.7,91,25.1,33.2,0.0,94,2,0,94,0.02,0.32,42.5,8.9,33.5,49.3,188.0,1
2019-07-25 07:00:00,27.6,85,24.9,34.0,0.0,91,0,0,91,0.1,0.55,222.3,106.1,116.2,419.9,480.4,1
2019-07-25 08:00:00,29.0,79,25.0,35.5,0.0,93,0,2,96,0.23,0.85,397.7,233.5,164.2,499.9,753.0,1
2019-07-25 09:00:00,30.3,75,25.3,36.8,0.0,98,6,2,98,0.38,1.09,584.0,351.3,232.7,532.7,987.3,1
2019-07-25 10:00:00,31.6,70,25.3,38.6,0.0,98,13,4,98,0.54,1.41,770.0,548.9,221.1,672.2,1167.3,1
2019-07-25 11:00:00,32.5,65,25.2,39.8,0.1,97,16,10,97,0.62,1.7,835.1,603.9,231.2,650.8,1280.7,1
2019-07-25 12:00:00,32.8,64,25.0,39.8,0.1,97,16,18,97,0.61,1.8,795.9,489.9,306.0,497.0,1319.7,1
2019-07-25 13:00:00,31.4,70,25.2,37.5,0.2,98,24,39,98,0.5,1.4,639.3,281.4,357.9,285.4,1281.7,1
2019-07-25 14:00:00,31.4,72,25.8,37.9,0.3,98,30,21,98,0.44,1.26,545.0,280.1,264.9,301.5,1169.3,1
2019-07-25 15:00:00,30.7,74,25.5,36.5,0.9,99,73,33,98,0.36,1.15,418.9,151.5,267.4,185.1,990.0,1
2019-07-25 16:00:00,30.7,76,25.9,37.5,0.6,98,33,13,97,0.28,1.08,307.8,106.1,201.8,160.3,756.2,1
2019-07-25 17:00:00,30.3,76,25.7,36.3,0.3,96,17,14,95,0.23,1.03,225.4,91.7,133.7,195.3,483.7,1
2019-07-25 18:00:00,29.6,81,25.9,36.3,0.0,81,4,5,80,0.1,0.81,68.9,22.6,46.3,88.6,191.0,1
2019-07-25 19:00:00,28.6,84,25.7,35.1,0.0,6,2,5,1,0.03,0.61,0.0,0.0,0.0,0.0,0.0,0
2019-07-25 20:00:00,29.7,75,24.8,35.8,0.0,14,1,2,63,0.0,1.04,0.0,0.0,0.0,0.0,0.0,0
2019-07-25 21:00:00,29.5,76,24.9,36.1,0.0,58,1,3,56,0.0,0.98,0.0,0.0,0.0,0.0,0.0,0
2019-07-25 22:00:00,27.4,89,25.5,33.8,0.0,27,5,2,24,0.0,0.39,0.0,0.0,0.0,0.0,0.0,0
2019-07-25 23:00:00,27.1,91,25.5,33.6,0.0,40,6,2,37,0.0,0.32,0.0,0.0,0.0,0.0,0.0,0
2019-07-26 00:00:00,26.7,93,25.5,33.1,0.0,97,4,0,97,0.0,0.24,0.0,0.0,0.0,0.0,0.0,0
2019-07-26 01:00:00,27.2,91,25.6,33.9,0.0,96,1,1,96,0.0,0.32,0.0,0.0,0.0,0.0,0.0,0
2019-07-26 02:00:00,27.5,90,25.8,34.5,0.0,95,1,7,95,0.0,0.36,0.0,0.0,0.0,0.0,0.0,0
2019-07-26 03:00:00,27.3,92,25.9,34.4,0.0,97,0,1,97,0.0,0.29,0.0,0.0,0.0,0.0,0.0,0
2019-07-26 04:00:00,25.8,97,25.4,32.2,0.0,89,0,0,90,0.0,0.09,0.0,0.0,0.0,0.0,0.0,0
2019-07-26 05:00:00,25.2,99,24.9,31.3,0.0,91,0,0,91,0.0,0.05,0.0,0.0,0.0,0.0,0.0,0
2019-07-26 06:00:00,26.1,97,25.6,32.8,0.0,95,1,1,95,0.01,0.11,44.8,13.4,31.3,74.3,185.9,1
2019-07-26 07:00:00,27.4,87,25.1,33.8,0.0,96,0,2,96,0.1,0.46,212.7,106.4,106.4,423.2,478.8,1
2019-07-26 08:00:00,28.9,78,24.7,35.2,0.0,95,0,8,84,0.26,0.87,440.6,300.6,140.0,645.1,751.9,1
2019-07-26 09:00:00,30.3,73,25.0,36.6,0.0,91,3,7,90,0.41,1.15,635.0,476.8,158.2,724.0,986.6,1
2019-07-26 10:00:00,31.6,69,25.3,39.0,0.0,94,6,4,93,0.55,1.44,778.8,613.7,165.0,752.1,1166.8,1
2019-07-26 11:00:00,32.5,66,25.3,40.1,0.0,93,11,9,92,0.65,1.67,883.1,694.6,188.5,748.9,1280.4,1
2019-07-26 12:00:00,33.0,64,25.2,40.2,0.0,91,11,17,90,0.6,1.83,765.6,528.3,237.4,536.1,1319.5,1
2019-07-26 13:00:00,33.6,63,25.6,42.4,0.1,94,9,35,93,0.66,1.91,829.5,649.1,180.4,658.5,1281.4,1
2019-07-26 14:00:00,31.7,70,25.5,38.1,1.4,91,34,25,88,0.49,1.42,595.3,345.6,249.7,372.2,1168.8,1
2019-07-26 15:00:00,31.8,69,25.4,38.9,0.1,89,20,12,88,0.47,1.47,554.8,353.1,201.7,431.8,989.3,1
2019-07-26 16:00:00,31.8,68,25.2,38.5,0.0,95,18,16,94,0.28,1.5,317.2,191.3,125.8,289.5,755.1,1
2019-07-26 17:00:00,29.0,82,25.5,34.7,2.0,95,2,31,93,0.14,0.73,125.8,31.8,93.9,67.9,482.2,1
2019-07-26 18:00:00,28.4,85,25.6,34.6,0.1,91,1,8,90,0.09,0.58,58.4,19.1,39.3,75.3,189.1,1
2019-07-26 19:00:00,27.7,90,26.0,34.6,0.0,90,0,6,90,0.02,0.35,0.0,0.0,0.0,0.0,0.0,0
2019-07-26 20:00:00,28.0,90,26.2,34.8,0.0,88,5,5,86,0.0,0.38,0.0,0.0,0.0,0.0,0.0,0
2019-07-26 21:00:00,27.9,89,25.9,34.5,0.0,82,0,1,82,0.0,0.43,0.0,0.0,0.0,0.0,0.0,0
2019-07-26 22:00:00,27.7,89,25.7,34.1,0.0,91,0,0,91,0.0,0.42,0.0,0.0,0.0,0.0,0.0,0
2019-07-26 23:00:00,27.4,88,25.2,33.6,0.0,92,0,4,92,0.0,0.45,0.0,0.0,0.0,0.0,0.0,0
2019-07-27 00:00:00,26.6,92,25.2,32.7,0.0,93,1,8,92,0.0,0.28,0.0,0.0,0.0,0.0,0.0,0
2019-07-27 01:00:00,27.6,88,25.4,34.1,0.0,84,1,3,84,0.0,0.46,0.0,0.0,0.0,0.0,0.0,0
2019-07-27 02:00:00,26.3,95,25.4,32.6,0.0,74,1,6,72,0.0,0.18,0.0,0.0,0.0,0.0,0.0,0
2019-07-27 03:00:00,26.9,93,25.7,34.0,0.0,34,5,7,28,0.0,0.24,0.0,0.0,0.0,0.0,0.0,0
2019-07-27 04:00:00,25.7,97,25.2,32.2,0.0,11,5,10,0,0.0,0.1,0.0,0.0,0.0,0.0,0.0,0
2019-07-27 05:00:00,25.8,96,25.2,32.2,0.0,17,7,0,11,0.0,0.12,0.0,0.0,0.0,0.0,0.0,0
2019-07-27 06:00:00,26.6,95,25.6,33.2,0.0,6,5,3,0,0.02,0.19,44.8,20.2,24.7,111.8,183.9,1
2019-07-27 07:00:00,28.6,83,25.5,35.1,0.0,7,6,3,0,0.12,0.65,240.5,159.9,80.7,639.7,477.2,1
2019-07-27 08:00:00,29.7,77,25.2,36.1,0.0,11,11,2,1,0.27,0.96,451.8,349.5,102.3,751.9,750.7,1
2019-07-27 09:00:00,30.9,71,25.1,37.3,0.0,17,5,1,13,0.42,1.29,645.4,525.6,119.8,799.0,985.8,1
2019-07-27 10:00:00,32.4,64,24.6,39.7,0.0,54,7,5,51,0.57,1.77,811.2,686.1,125.1,841.4,1166.3,1
2019-07-27 11:00:00,32.3,63,24.3,38.7,0.1,62,29,24,52,0.59,1.8,793.6,606.1,187.5,653.8,1280.1,1
2019-07-27 12:00:00,32.0,66,24.8,38.9,0.5,47,42,19,10,0.56,1.63,730.3,510.1,220.2,517.9,1319.2,1
2019-07-27 13:00:00,32.5,66,25.4,40.1,0.2,74,68,57,11,0.58,1.66,737.3,512.8,224.5,520.4,1281.1,1
2019-07-27 14:00:00,30.2,74,25.0,37.1,4.5,100,100,28,24,0.47,1.11,596.2,391.1,205.1,421.4,1168.3,1
2019-07-27 15:00:00,29.7,77,25.2,35.4,1.7,54,47,8,16,0.41,0.97,509.1,335.7,173.3,410.8,988.5,1
2019-07-27 16:00:00,29.5,79,25.5,35.5,0.2,44,28,28,19,0.36,0.85,434.2,293.8,140.4,445.1,753.9,1
2019-07-27 17:00:00,28.6,79,24.6,34.1,1.3,100,100,19,35,0.23,0.81,239.6,156.6,83.0,335.2,480.6,1
2019-07-27 18:00:00,28.0,83,24.8,34.3,0.3,60,33,12,54,0.09,0.64,67.1,35.2,31.9,139.5,187.0,1
2019-07-27 19:00:00,27.1,92,25.6,33.8,0.0,59,34,8,44,0.02,0.3,0.0,0.0,0.0,0.0,0.0,0
2019-07-27 20:00:00,28.2,90,26.3,35.6,0.0,72,1,67,68,0.0,0.39,0.0,0.0,0.0,0.0,0.0,0
2019-07-27 21:00:00,27.2,93,26.0,34.1,0.0,51,18,0,41,0.0,0.24,0.0,0.0,0.0,0.0,0.0,0
2019-07-27 22:00:00,27.9,87,25.6,34.8,0.0,60,29,1,47,0.0,0.48,0.0,0.0,0.0,0.0,0.0,0
2019-07-27 23:00:00,26.3,94,25.3,32.7,0.0,36,10,1,30,0.0,0.21,0.0,0.0,0.0,0.0,0.0,0
2019-07-28 00:00:00,26.4,93,25.2,32.6,0.0,4,3,1,0,0.0,0.25,0.0,0.0,0.0,0.0,0.0,0
2019-07-28 01:00:00,25.9,93,24.7,31.8,0.0,3,3,1,0,0.0,0.23,0.0,0.0,0.0,0.0,0.0,0
2019-07-28 02:00:00,26.1,91,24.4,31.7,0.0,8,8,0,0,0.0,0.32,0.0,0.0,0.0,0.0,0.0,0
2019-07-28 03:00:00,26.1,90,24.4,31.9,0.0,20,20,0,0,0.0,0.33,0.0,0.0,0.0,0.0,0.0,0
2019-07-28 04:00:00,25.8,92,24.4,31.6,0.0,31,31,2,0,0.0,0.27,0.0,0.0,0.0,0.0,0.0,0
2019-07-28 05:00:00,26.4,90,24.6,32.6,0.0,23,23,5,0,0.0,0.35,0.0,0.0,0.0,0.0,0.0,0
2019-07-28 06:00:00,26.3,92,24.9,32.8,0.0,20,20,3,0,0.01,0.28,38.2,15.7,22.4,87.3,181.9,1
2019-07-28 07:00:00,27.3,85,24.5,33.5,0.0,22,22,5,0,0.09,0.55,206.4,125.6,80.8,505.3,475.7,1
2019-07-28 08:00:00,27.9,81,24.4,33.6,0.0,35,34,18,16,0.22,0.7,376.6,258.4,118.2,557.1,749.6,1
2019-07-28 09:00:00,28.9,78,24.8,34.9,0.0,45,30,18,23,0.32,0.86,488.4,321.1,167.3,488.8,985.0,1
2019-07-28 10:00:00,30.0,73,24.7,36.5,0.1,47,28,19,30,0.46,1.13,672.2,472.6,199.6,580.0,1165.9,1
2019-07-28 11:00:00,30.6,71,24.7,37.5,0.2,33,26,23,9,0.48,1.29,653.0,439.5,213.5,474.4,1279.8,1
2019-07-28 12:00:00,31.0,71,25.1,37.8,0.5,40,12,36,6,0.54,1.31,720.2,442.4,277.8,449.4,1319.0,1
2019-07-28 13:00:00,29.9,76,25.1,36.3,0.5,46,22,27,25,0.43,1.03,559.8,371.6,188.3,377.3,1280.8,1
2019-07-28 14:00:00,30.2,74,25.0,36.8,0.2,58,28,29,42,0.48,1.12,600.9,377.8,223.1,407.3,1167.8,1
2019-07-28 15:00:00,30.2,74,25.2,36.5,0.3,55,35,35,36,0.36,1.1,429.6,285.5,144.1,349.7,987.7,1
2019-07-28 16:00:00,29.0,78,24.8,34.8,1.0,59,43,45,38,0.14,0.89,131.7,6.9,124.9,10.5,752.7,1
2019-07-28 17:00:00,29.2,77,24.8,35.1,0.6,62,50,30,20,0.18,0.93,182.0,70.5,111.5,151.2,478.9,1
2019-07-28 18:00:00,29.4,75,24.6,35.5,0.1,20,11,9,12,0.1,1.02,74.5,40.6,33.9,161.7,184.9,1
2019-07-28 19:00:00,27.6,85,24.9,33.6,0.0,13,7,7,6,0.03,0.55,0.0,0.0,0.0,0.0,0.0,0
2019-07-28 20:00:00,27.5,84,24.6,32.5,0.0,10,1,1,83,0.02,0.58,0.0,0.0,0.0,0.0,0.0,0
2019-07-28 21:00:00,27.5,84,24.6,32.4,0.0,87,5,0,87,0.02,0.58,0.0,0.0,0.0,0.0,0.0,0
2019-07-28 22:00:00,27.3,85,24.5,32.4,0.0,85,10,0,84,0.01,0.55,0.0,0.0,0.0,0.0,0.0,0
2019-07-28 23:00:00,26.9,87,24.6,32.5,0.0,71,9,0,68,0.0,0.45,0.0,0.0,0.0,0.0,0.0,0
2019-07-29 00:00:00,26.2,91,24.7,32.0,0.0,76,10,0,75,0.0,0.29,0.0,0.0,0.0,0.0,0.0,0
2019-07-29 01:00:00,27.0,86,24.6,33.0,0.0,89,12,0,88,0.0,0.48,0.0,0.0,0.0,0.0,0.0,0
2019-07-29 02:00:00,26.9,87,24.6,33.1,0.0,66,33,1,57,0.0,0.45,0.0,0.0,0.0,0.0,0.0,0
2019-07-29 03:00:00,26.7,89,24.6,32.8,0.1,81,72,5,52,0.0,0.4,0.0,0.0,0.0,0.0,0.0,0
2019-07-29 04:00:00,26.4,90,24.5,32.4,0.1,89,76,0,60,0.0,0.36,0.0,0.0,0.0,0.0,0.0,0
2019-07-29 05:00:00,26.5,89,24.5,32.5,0.0,85,74,5,63,0.0,0.39,0.0,0.0,0.0,0.0,0.0,0
2019-07-29 06:00:00,26.4,91,24.8,32.8,0.0,84,65,6,67,0.02,0.31,38.2,11.2,27.0,62.6,179.8,1
2019-07-29 07:00:00,27.5,85,24.8,33.6,0.0,87,44,5,80,0.09,0.54,193.8,102.7,91.1,415.7,474.1,1
2019-07-29 08:00:00,28.6,79,24.6,34.8,0.0,87,31,4,31,0.2,0.82,336.6,175.6,161.0,379.6,748.5,1
2019-07-29 09:00:00,29.8,75,25.0,36.4,0.0,45,24,1,28,0.34,1.03,522.5,334.8,187.7,510.3,984.3,1
2019-07-29 10:00:00,31.1,70,25.0,37.5,0.0,40,40,2,0,0.45,1.34,644.2,379.8,264.4,466.6,1165.4,1
2019-07-29 11:00:00,32.1,66,24.9,38.5,0.0,65,65,4,0,0.49,1.63,647.9,312.5,335.4,337.4,1279.4,1
2019-07-29 12:00:00,33.1,62,24.8,40.2,0.0,76,76,17,0,0.55,1.93,702.0,420.2,281.8,427.0,1318.7,1
2019-07-29 13:00:00,33.3,62,24.9,40.1,0.0,87,87,17,0,0.6,1.97,742.2,602.0,140.2,611.5,1280.4,1
2019-07-29 14:00:00,33.3,62,25.1,40.5,0.0,87,87,15,0,0.68,1.92,828.6,699.5,129.1,754.5,1167.2,1
2019-07-29 15:00:00,32.8,65,25.3,39.0,0.0,96,96,1,0,0.57,1.76,662.0,549.9,112.2,674.1,986.8,1
2019-07-29 16:00:00,31.9,67,25.1,36.4,0.0,51,51,0,0,0.42,1.55,445.0,351.2,93.8,533.6,751.4,1
2019-07-29 17:00:00,30.8,71,25.0,34.9,0.0,52,51,11,0,0.29,1.26,259.9,198.0,61.9,426.0,477.1,1
2019-07-29 18:00:00,29.7,75,24.8,33.9,0.0,21,19,17,0,0.16,1.04,91.1,60.2,30.9,241.5,182.6,1
2019-07-29 19:00:00,28.7,79,24.6,33.1,0.0,8,7,3,0,0.07,0.84,0.0,0.0,0.0,0.0,0.0,0
2019-07-29 20:00:00,28.2,83,25.0,33.2,0.0,15,24,11,0,0.03,0.65,0.0,0.0,0.0,0.0,0.0,0
2019-07-29 21:00:00,28.0,84,25.1,33.6,0.1,45,44,13,0,0.01,0.59,0.0,0.0,0.0,0.0,0.0,0
2019-07-29 22:00:00,27.5,88,25.2,33.5,0.1,38,37,23,0,0.0,0.46,0.0,0.0,0.0,0.0,0.0,0
2019-07-29 23:00:00,27.3,88,25.1,33.0,0.0,30,29,16,0,0.0,0.43,0.0,0.0,0.0,0.0,0.0,0
2019-07-30 00:00:00,27.1,89,25.1,33.0,0.0,33,30,28,0,0.0,0.4,0.0,0.0,0.0,0.0,0.0,0
2019-07-30 01:00:00,26.8,91,25.2,33.0,0.0,24,22,21,0,0.0,0.31,0.0,0.0,0.0,0.0,0.0,0
2019-07-30 02:00:00,26.7,92,25.2,33.0,0.0,12,11,11,0,0.0,0.3,0.0,0.0,0.0,0.0,0.0,0
2019-07-30 03:00:00,26.4,93,25.2,32.7,0.0,7,6,5,0,0.0,0.24,0.0,0.0,0.0,0.0,0.0,0
2019-07-30 04:00:00,25.7,96,25.0,31.9,0.0,6,6,5,0,0.0,0.14,0.0,0.0,0.0,0.0,0.0,0
2019-07-30 05:00:00,25.2,96,24.6,31.0,0.0,6,6,5,0,0.0,0.11,0.0,0.0,0.0,0.0,0.0,0
2019-07-30 06:00:00,26.5,93,25.2,32.9,0.0,4,4,2,0,0.02,0.25,40.5,18.0,22.5,100.4,177.8,1
2019-07-30 07:00:00,28.2,85,25.4,34.7,0.0,3,3,1,0,0.11,0.58,242.1,162.4,79.7,660.9,472.5,1
2019-07-30 08:00:00,30.2,76,25.6,36.7,0.0,3,3,0,0,0.27,1.01,458.9,360.0,98.9,780.0,747.3,1
2019-07-30 09:00:00,31.6,70,25.5,38.2,0.0,2,2,0,0,0.44,1.38,666.3,561.1,105.2,856.4,983.5,1
2019-07-30 10:00:00,32.5,66,25.4,40.0,0.0,7,7,0,0,0.58,1.66,823.5,711.2,112.2,874.3,1164.9,1
2019-07-30 11:00:00,33.4,62,25.2,41.1,0.0,31,31,0,0,0.68,1.95,915.6,790.6,125.0,854.3,1279.1,1
2019-07-30 12:00:00,33.9,60,25.2,41.1,0.0,30,30,0,0,0.72,2.1,926.3,784.9,141.4,797.9,1318.3,1
2019-07-30 13:00:00,33.4,62,25.1,39.7,0.0,5,5,2,0,0.71,1.96,899.0,771.6,127.4,784.1,1280.0,1
2019-07-30 14:00:00,32.8,63,24.8,38.2,0.0,6,5,3,0,0.64,1.85,784.8,630.1,154.7,680.2,1166.6,1
2019-07-30 15:00:00,32.4,63,24.6,36.7,0.0,10,10,4,0,0.57,1.78,668.2,555.2,113.0,681.3,985.8,1
2019-07-30 16:00:00,31.5,65,24.2,34.4,0.0,12,12,2,0,0.45,1.59,471.4,382.8,88.6,582.6,750.0,1
2019-07-30 17:00:00,30.5,69,24.2,33.8,0.0,12,12,7,0,0.3,1.34,265.0,201.7,63.4,435.0,475.3,1
2019-07-30 18:00:00,29.3,73,24.0,33.0,0.0,5,5,0,0,0.17,1.1,94.9,64.7,30.2,261.4,180.3,1
2019-07-30 19:00:00,28.4,75,23.6,32.0,0.0,3,3,0,0,0.08,0.96,0.0,0.0,0.0,0.0,0.0,0
2019-07-30 20:00:00,28.2,79,24.2,32.2,0.0,2,2,0,0,0.05,0.81,0.0,0.0,0.0,0.0,0.0,0
2019-07-30 21:00:00,28.3,77,23.8,31.8,0.0,1,1,0,0,0.06,0.89,0.0,0.0,0.0,0.0,0.0,0
2019-07-30 22:00:00,28.1,76,23.5,31.6,0.0,1,1,0,0,0.06,0.9,0.0,0.0,0.0,0.0,0.0,0
2019-07-30 23:00:00,27.6,79,23.6,31.9,0.0,2,2,0,0,0.03,0.79,0.0,0.0,0.0,0.0,0.0,0
2019-07-31 00:00:00,27.0,83,23.8,31.9,0.0,4,4,0,0,0.01,0.62,0.0,0.0,0.0,0.0,0.0,0
2019-07-31 01:00:00,26.3,86,23.7,31.4,0.0,5,5,0,0,0.0,0.49,0.0,0.0,0.0,0.0,0.0,0
2019-07-31 02:00:00,25.5,90,23.7,30.6,0.0,4,4,0,0,0.0,0.33,0.0,0.0,0.0,0.0,0.0,0
2019-07-31 03:00:00,25.3,91,23.7,30.4,0.0,14,14,7,0,0.0,0.29,0.0,0.0,0.0,0.0,0.0,0
2019-07-31 04:00:00,24.8,94,23.7,30.0,0.0,23,23,1,0,0.0,0.2,0.0,0.0,0.0,0.0,0.0,0
2019-07-31 05:00:00,25.2,92,23.8,30.5,0.0,20,20,4,0,0.0,0.25,0.0,0.0,0.0,0.0,0.0,0
2019-07-31 06:00:00,26.3,88,24.1,31.6,0.0,12,12,2,0,0.03,0.42,40.6,18.0,22.5,100.8,175.7,1
2019-07-31 07:00:00,28.1,81,24.5,33.4,0.0,8,6,2,0,0.12,0.73,226.7,149.7,77.0,612.7,471.0,1
2019-07-31 08:00:00,30.0,74,24.8,34.5,0.0,1,0,0,0,0.29,1.12,462.8,363.9,98.9,790.4,746.2,1
2019-07-31 09:00:00,31.0,67,24.3,34.7,0.0,1,1,0,0,0.46,1.47,674.5,572.6,101.8,875.1,982.7,1
2019-07-31 10:00:00,31.9,64,24.2,35.9,0.0,3,3,0,0,0.59,1.71,833.3,722.1,111.2,888.5,1164.4,1
2019-07-31 11:00:00,32.3,63,24.2,36.5,0.0,22,2,0,20,0.68,1.81,937.5,819.8,117.7,886.3,1278.7,1
2019-07-31 12:00:00,32.4,62,24.2,36.7,0.0,26,2,0,24,0.72,1.84,978.8,865.7,113.1,880.5,1318.0,1
2019-07-31 13:00:00,32.4,61,24.0,36.7,0.0,24,0,0,24,0.72,1.88,938.2,816.6,121.6,830.3,1279.5,1
2019-07-31 14:00:00,32.2,62,24.1,36.5,0.0,4,4,0,0,0.67,1.81,848.3,738.2,110.1,797.4,1165.9,1
2019-07-31 15:00:00,31.9,64,24.3,35.8,0.0,1,1,0,0,0.59,1.69,709.1,621.6,87.5,763.5,984.8,1
2019-07-31 16:00:00,31.3,66,24.3,34.4,0.0,3,3,0,0,0.46,1.54,496.1,416.1,80.0,634.4,748.6,1
2019-07-31 17:00:00,30.5,69,24.2,34.0,0.0,3,3,0,0,0.32,1.35,293.2,223.8,69.4,484.2,473.3,1
2019-07-31 18:00:00,29.5,73,24.1,33.5,0.0,1,1,0,0,0.16,1.13,91.5,62.1,29.4,252.6,177.8,1
2019-07-31 19:00:00,28.6,76,24.0,33.0,0.0,3,3,0,0,0.06,0.93,0.0,0.0,0.0,0.0,0.0,0
2019-07-31 20:00:00,28.1,80,24.3,32.4,0.0,5,8,0,0,0.04,0.76,0.0,0.0,0.0,0.0,0.0,0
2019-07-31 21:00:00,28.2,79,24.1,32.0,0.0,6,6,0,0,0.05,0.81,0.0,0.0,0.0,0.0,0.0,0
2019-07-31 22:00:00,28.0,80,24.1,32.0,0.0,5,5,0,0,0.04,0.77,0.0,0.0,0.0,0.0,0.0,0
2019-07-31 23:00:00,27.6,80,23.9,32.3,0.0,2,2,0,0,0.02,0.74,0.0,0.0,0.0,0.0,0.0,0
2019-08-01 00:00:00,27.2,81,23.6,31.9,0.0,2,2,0,0,0.02,0.69,0.0,0.0,0.0,0.0,0.0,0
2019-08-01 01:00:00,26.8,83,23.6,31.5,0.0,7,7,1,0,0.01,0.61,0.0,0.0,0.0,0.0,0.0,0
2019-08-01 02:00:00,26.4,85,23.7,31.4,0.0,7,6,0,0,0.0,0.51,0.0,0.0,0.0,0.0,0.0,0
2019-08-01 03:00:00,26.1,86,23.6,31.3,0.0,8,4,1,5,0.0,0.47,0.0,0.0,0.0,0.0,0.0,0
2019-08-01 04:00:00,25.6,90,23.7,30.9,0.0,31,9,1,27,0.0,0.34,0.0,0.0,0.0,0.0,0.0,0
2019-08-01 05:00:00,25.4,90,23.5,30.5,0.0,19,14,1,10,0.0,0.34,0.0,0.0,0.0,0.0,0.0,0
2019-08-01 06:00:00,26.0,88,23.9,31.3,0.0,29,23,1,12,0.02,0.41,38.4,15.8,22.6,88.5,173.7,1
2019-08-01 07:00:00,27.9,81,24.2,33.5,0.0,27,21,2,12,0.1,0.73,206.8,126.7,80.1,521.7,469.4,1
2019-08-01 08:00:00,29.5,73,24.3,35.1,0.0,28,15,0,24,0.23,1.1,369.1,253.0,116.1,550.7,745.1,1
2019-08-01 09:00:00,31.0,66,24.0,35.8,0.0,46,42,0,9,0.39,1.51,571.7,415.4,156.2,635.7,982.0,1
2019-08-01 10:00:00,32.0,61,23.6,36.6,0.0,29,24,0,7,0.55,1.83,751.4,595.9,155.5,733.8,1163.9,1
2019-08-01 11:00:00,32.6,60,23.9,37.7,0.0,7,5,2,2,0.65,1.94,870.9,714.6,156.3,773.1,1278.4,1
2019-08-01 12:00:00,32.9,60,24.0,38.0,0.0,4,1,3,2,0.68,2.02,878.8,664.7,214.1,676.4,1317.6,1
2019-08-01 13:00:00,32.9,60,24.0,37.3,0.0,1,0,1,0,0.67,2.02,839.1,675.4,163.7,687.1,1279.0,1
2019-08-01 14:00:00,32.6,61,24.1,36.8,0.0,5,2,4,1,0.64,1.92,778.9,621.4,157.5,671.7,1165.1,1
2019-08-01 15:00:00,31.9,63,24.0,35.4,0.0,9,3,8,0,0.53,1.73,604.1,469.3,134.9,577.0,983.7,1
2019-08-01 16:00:00,31.2,66,24.0,34.5,0.0,11,9,6,0,0.42,1.56,438.3,344.6,93.7,526.2,747.0,1
2019-08-01 17:00:00,30.3,70,24.1,33.7,0.0,6,4,4,1,0.29,1.31,267.4,197.3,70.1,428.2,471.3,1
2019-08-01 18:00:00,29.0,75,24.1,32.8,0.0,13,12,5,0,0.15,0.99,87.6,55.7,31.9,228.2,175.3,1
2019-08-01 19:00:00,28.1,77,23.8,32.0,0.0,11,10,3,1,0.07,0.86,0.0,0.0,0.0,0.0,0.0,0
2019-08-01 20:00:00,27.6,82,24.2,32.5,0.0,8,3,4,0,0.02,0.68,0.0,0.0,0.0,0.0,0.0,0
2019-08-01 21:00:00,27.5,82,24.2,32.5,0.0,5,4,3,0,0.02,0.65,0.0,0.0,0.0,0.0,0.0,0
2019-08-01 22:00:00,27.2,84,24.3,32.3,0.0,8,3,6,2,0.01,0.57,0.0,0.0,0.0,0.0,0.0,0
2019-08-01 23:00:00,26.9,85,24.2,32.0,0.0,11,4,9,0,0.01,0.53,0.0,0.0,0.0,0.0,0.0,0
2019-08-02 00:00:00,26.6,87,24.2,31.7,0.0,8,3,6,0,0.01,0.46,0.0,0.0,0.0,0.0,0.0,0
2019-08-02 01:00:00,26.3,88,24.2,31.3,0.0,7,3,5,0,0.0,0.4,0.0,0.0,0.0,0.0,0.0,0
2019-08-02 02:00:00,26.0,89,24.1,31.0,0.0,7,5,4,0,0.0,0.36,0.0,0.0,0.0,0.0,0.0,0
2019-08-02 03:00:00,25.7,91,24.0,30.9,0.0,9,8,2,0,0.0,0.31,0.0,0.0,0.0,0.0,0.0,0
2019-08-02 04:00:00,25.3,91,23.8,30.6,0.0,3,3,1,0,0.0,0.28,0.0,0.0,0.0,0.0,0.0,0
2019-08-02 05:00:00,24.8,93,23.6,30.0,0.0,12,2,0,10,0.0,0.23,0.0,0.0,0.0,0.0,0.0,0
2019-08-02 06:00:00,25.8,90,24.0,31.2,0.0,27,2,1,25,0.02,0.35,40.7,18.1,22.6,101.5,171.7,1
2019-08-02 07:00:00,27.5,83,24.3,33.0,0.0,23,2,0,21,0.11,0.63,240.8,160.5,80.3,665.0,467.9,1
2019-08-02 08:00:00,29.6,74,24.5,34.7,0.0,18,2,0,15,0.28,1.06,456.1,360.8,95.4,787.3,744.0,1
2019-08-02 09:00:00,31.0,66,23.9,35.0,0.0,31,6,5,26,0.44,1.53,651.1,539.0,112.1,825.9,981.2,1
2019-08-02 10:00:00,31.8,62,23.6,36.1,0.0,38,10,7,29,0.58,1.78,812.0,684.6,127.4,843.6,1163.3,1
2019-08-02 11:00:00,32.3,60,23.5,36.7,0.0,39,12,14,28,0.66,1.93,886.6,755.3,131.3,817.6,1278.0,1
2019-08-02 12:00:00,32.1,61,23.8,36.5,0.0,29,11,15,14,0.66,1.85,874.8,722.2,152.5,735.4,1317.2,1
2019-08-02 13:00:00,31.9,62,23.7,36.1,0.0,35,10,17,22,0.63,1.81,796.9,652.8,144.1,664.6,1278.5,1
2019-08-02 14:00:00,32.1,59,23.2,35.9,0.0,32,17,9,17,0.61,1.94,725.7,575.8,149.9,622.9,1164.3,1
2019-08-02 15:00:00,31.8,61,23.4,35.3,0.0,63,12,12,58,0.53,1.82,601.2,454.6,146.7,559.6,982.5,1
2019-08-02 16:00:00,31.2,63,23.4,34.3,0.0,40,7,5,35,0.45,1.67,482.7,395.1,87.6,604.4,745.4,1
2019-08-02 17:00:00,30.2,69,23.8,33.5,0.0,30,0,5,27,0.3,1.34,267.8,205.4,62.3,447.4,469.2,1
2019-08-02 18:00:00,28.8,74,23.8,32.5,0.0,64,0,3,63,0.16,1.01,87.5,56.9,30.6,234.8,172.7,1
2019-08-02 19:00:00,27.7,79,23.7,31.9,0.0,67,1,1,67,0.06,0.79,0.0,0.0,0.0,0.0,0.0,0
2019-08-02 20:00:00,27.5,80,23.7,31.5,0.0,94,2,8,68,0.04,0.73,0.0,0.0,0.0,0.0,0.0,0
2019-08-02 21:00:00,27.3,82,23.9,31.7,0.0,47,6,6,43,0.02,0.65,0.0,0.0,0.0,0.0,0.0,0
2019-08-02 22:00:00,26.9,84,24.0,31.5,0.0,50,1,2,49,0.02,0.56,0.0,0.0,0.0,0.0,0.0,0
2019-08-02 23:00:00,26.6,86,24.1,31.3,0.0,62,1,6,60,0.01,0.47,0.0,0.0,0.0,0.0,0.0,0
2019-08-03 00:00:00,26.3,89,24.2,31.1,0.0,52,2,4,50,0.01,0.39,0.0,0.0,0.0,0.0,0.0,0
2019-08-03 01:00:00,26.0,90,24.3,30.8,0.0,39,1,1,38,0.0,0.33,0.0,0.0,0.0,0.0,0.0,0
2019-08-03 02:00:00,25.7,92,24.3,30.6,0.0,39,3,0,37,0.0,0.27,0.0,0.0,0.0,0.0,0.0,0
2019-08-03 03:00:00,25.5,93,24.3,30.5,0.0,24,7,0,19,0.0,0.23,0.0,0.0,0.0,0.0,0.0,0
2019-08-03 04:00:00,25.4,93,24.2,30.4,0.0,30,6,0,26,0.0,0.23,0.0,0.0,0.0,0.0,0.0,0
2019-08-03 05:00:00,25.2,94,24.1,30.4,0.0,13,7,0,7,0.0,0.2,0.0,0.0,0.0,0.0,0.0,0
2019-08-03 06:00:00,25.8,91,24.3,31.0,0.0,9,9,1,0,0.02,0.28,36.2,13.6,22.6,76.4,169.6,1
2019-08-03 07:00:00,27.7,83,24.6,32.6,0.0,28,28,3,0,0.12,0.62,226.7,146.3,80.5,609.4,466.3,1
2019-08-03 08:00:00,29.3,75,24.4,34.0,0.0,15,18,3,2,0.26,1.02,427.1,319.4,107.7,698.7,742.9,1
2019-08-03 09:00:00,30.3,68,23.8,34.6,0.0,22,22,2,0,0.4,1.36,589.0,429.3,159.7,658.6,980.5,1
2019-08-03 10:00:00,31.1,64,23.5,35.5,0.0,28,20,4,11,0.5,1.62,700.8,532.4,168.5,656.6,1162.8,1
2019-08-03 11:00:00,31.3,64,23.6,36.3,0.0,38,22,25,12,0.59,1.67,817.9,646.0,171.9,699.6,1277.6,1
2019-08-03 12:00:00,31.1,66,24.0,36.3,0.3,59,18,47,18,0.59,1.55,799.0,598.0,201.0,609.2,1316.8,1
2019-08-03 13:00:00,31.1,66,24.1,36.0,0.2,43,24,30,16,0.56,1.52,721.4,510.6,210.7,520.2,1277.9,1
2019-08-03 14:00:00,31.0,67,24.2,35.5,0.1,35,30,28,0,0.5,1.47,607.9,422.1,185.9,457.0,1163.5,1
2019-08-03 15:00:00,30.7,68,24.2,34.6,0.1,32,28,24,0,0.43,1.4,506.3,359.7,146.6,443.4,981.3,1
2019-08-03 16:00:00,30.1,71,24.3,34.1,0.1,35,29,30,0,0.32,1.22,337.3,230.9,106.4,353.9,743.7,1
2019-08-03 17:00:00,29.6,73,24.3,33.8,0.0,35,27,33,0,0.23,1.11,203.6,133.7,69.9,292.1,467.0,1
2019-08-03 18:00:00,29.1,75,24.2,33.5,0.0,24,20,15,0,0.12,1.0,62.8,35.1,27.7,146.1,170.0,1
2019-08-03 19:00:00,28.3,78,24.2,33.0,0.0,11,2,11,0,0.06,0.84,0.0,0.0,0.0,0.0,0.0,0
2019-08-03 20:00:00,27.9,84,24.9,33.2,0.0,6,2,4,19,0.02,0.61,0.0,0.0,0.0,0.0,0.0,0
2019-08-03 21:00:00,27.9,85,25.2,33.4,0.0,26,3,5,20,0.01,0.55,0.0,0.0,0.0,0.0,0.0,0
2019-08-03 22:00:00,27.6,88,25.3,33.2,0.0,11,1,7,4,0.01,0.46,0.0,0.0,0.0,0.0,0.0,0
2019-08-03 23:00:00,27.2,89,25.3,32.6,0.0,11,4,8,3,0.01,0.38,0.0,0.0,0.0,0.0,0.0,0
2019-08-04 00:00:00,27.0,91,25.4,32.3,0.0,9,6,5,1,0.01,0.33,0.0,0.0,0.0,0.0,0.0,0
2019-08-04 01:00:00,26.8,92,25.4,31.9,0.0,13,7,11,1,0.01,0.29,0.0,0.0,0.0,0.0,0.0,0
2019-08-04 02:00:00,26.6,89,24.6,31.0,0.1,21,0,20,1,0.01,0.39,0.0,0.0,0.0,0.0,0.0,0
2019-08-04 03:00:00,26.5,89,24.4,31.3,0.0,4,2,1,2,0.01,0.4,0.0,0.0,0.0,0.0,0.0,0
2019-08-04 04:00:00,26.1,90,24.3,30.6,0.0,1,1,1,0,0.01,0.33,0.0,0.0,0.0,0.0,0.0,0
2019-08-04 05:00:00,25.8,91,24.3,30.0,0.0,19,1,0,19,0.01,0.29,0.0,0.0,0.0,0.0,0.0,0
2019-08-04 06:00:00,26.3,89,24.3,30.7,0.0,6,1,0,5,0.04,0.39,36.3,13.6,22.7,76.6,167.6,1
2019-08-04 07:00:00,27.9,83,24.7,32.9,0.0,22,8,0,16,0.12,0.65,228.7,139.3,89.4,583.7,464.8,1
2019-08-04 08:00:00,30.4,73,25.0,35.6,0.0,36,2,4,0,0.28,1.18,447.0,336.8,110.2,738.5,741.8,1
2019-08-04 09:00:00,31.8,67,24.9,36.6,0.0,2,2,0,0,0.45,1.57,651.5,537.0,114.4,825.1,979.7,1
2019-08-04 10:00:00,32.6,62,24.4,37.5,0.0,5,5,0,0,0.59,1.87,816.5,694.5,122.0,857.3,1162.3,1
2019-08-04 11:00:00,33.3,59,24.2,38.6,0.0,4,4,0,0,0.69,2.1,907.5,770.0,137.5,834.5,1277.2,1
2019-08-04 12:00:00,33.6,59,24.5,38.9,0.0,10,7,3,1,0.74,2.14,957.5,832.3,125.2,848.4,1316.4,1
2019-08-04 13:00:00,33.4,58,24.1,37.7,0.0,4,0,1,3,0.7,2.14,855.6,710.5,145.0,724.3,1277.3,1
2019-08-04 14:00:00,33.2,61,24.8,38.1,0.0,27,5,3,23,0.68,1.97,826.0,716.9,109.1,776.9,1162.6,1
2019-08-04 15:00:00,32.6,62,24.5,36.6,0.0,41,16,9,33,0.56,1.84,630.9,485.2,145.7,598.9,980.0,1
2019-08-04 16:00:00,31.8,66,24.7,35.4,0.0,59,5,3,57,0.44,1.59,468.4,359.4,108.9,552.1,742.0,1
2019-08-04 17:00:00,30.7,70,24.6,34.5,0.0,48,13,8,42,0.28,1.33,242.4,151.9,90.5,333.1,464.7,1
2019-08-04 18:00:00,29.4,76,24.8,33.5,0.0,64,15,18,58,0.15,0.97,76.0,43.3,32.7,181.5,167.2,1
2019-08-04 19:00:00,28.3,80,24.6,32.6,0.0,85,0,1,85,0.06,0.76,0.0,0.0,0.0,0.0,0.0,0
2019-08-04 20:00:00,28.1,82,24.6,32.5,0.0,19,4,0,7,0.04,0.7,0.0,0.0,0.0,0.0,0.0,0
2019-08-04 21:00:00,28.1,83,25.0,33.0,0.0,34,4,0,32,0.03,0.65,0.0,0.0,0.0,0.0,0.0,0
2019-08-04 22:00:00,27.8,85,25.0,32.5,0.0,15,11,12,0,0.03,0.58,0.0,0.0,0.0,0.0,0.0,0
2019-08-04 23:00:00,27.7,85,24.8,32.1,0.0,13,10,5,0,0.03,0.57,0.0,0.0,0.0,0.0,0.0,0
2019-08-05 00:00:00,27.2,85,24.6,31.7,0.0,7,1,6,1,0.02,0.52,0.0,0.0,0.0,0.0,0.0,0
2019-08-05 01:00:00,26.9,87,24.6,31.5,0.0,6,0,4,3,0.02,0.45,0.0,0.0,0.0,0.0,0.0,0
2019-08-05 02:00:00,26.8,88,24.6,31.4,0.0,11,0,3,10,0.02,0.42,0.0,0.0,0.0,0.0,0.0,0
2019-08-05 03:00:00,26.6,88,24.5,31.2,0.0,18,3,3,16,0.01,0.41,0.0,0.0,0.0,0.0,0.0,0
2019-08-05 04:00:00,26.6,89,24.5,31.2,0.0,3,0,3,1,0.01,0.4,0.0,0.0,0.0,0.0,0.0,0
2019-08-05 05:00:00,26.4,90,24.5,30.9,0.0,4,0,2,2,0.01,0.36,0.0,0.0,0.0,0.0,0.0,0
2019-08-05 06:00:00,26.8,88,24.7,31.3,0.0,5,3,3,1,0.04,0.41,36.3,13.6,22.7,76.9,165.6,1
2019-08-05 07:00:00,28.5,82,25.1,33.2,0.0,7,5,4,1,0.13,0.69,232.2,152.8,79.4,644.2,463.3,1
2019-08-05 08:00:00,30.1,75,25.2,34.6,0.0,20,6,6,6,0.27,1.06,416.6,308.8,107.8,678.8,740.7,1
2019-08-05 09:00:00,31.4,68,24.8,35.6,0.0,29,21,7,11,0.42,1.46,612.0,466.9,145.1,718.3,979.0,1
2019-08-05 10:00:00,31.7,68,25.0,36.2,0.1,28,23,22,0,0.49,1.5,688.1,532.5,155.5,657.9,1161.8,1
2019-08-05 11:00:00,31.7,70,25.5,36.8,0.1,34,26,27,3,0.54,1.4,747.1,568.9,178.2,617.0,1276.7,1
2019-08-05 12:00:00,32.3,70,26.1,38.1,0.2,25,18,14,12,0.61,1.44,822.2,644.4,177.8,657.3,1315.9,1
2019-08-05 13:00:00,32.0,68,25.3,36.9,1.3,49,24,33,22,0.6,1.53,776.1,603.6,172.5,615.7,1276.7,1
2019-08-05 14:00:00,31.7,72,26.1,36.7,0.1,28,9,22,18,0.51,1.31,643.8,472.2,171.6,512.1,1161.6,1
2019-08-05 15:00:00,31.4,70,25.3,35.8,0.3,41,16,24,26,0.48,1.37,567.9,435.0,132.9,537.6,978.6,1
2019-08-05 16:00:00,31.0,71,25.0,34.8,0.2,42,12,22,30,0.4,1.32,434.6,330.1,104.6,508.1,740.1,1
2019-08-05 17:00:00,30.2,73,24.9,34.4,0.0,62,11,2,59,0.26,1.15,236.7,161.6,75.1,355.7,462.4,1
2019-08-05 18:00:00,29.4,76,24.8,33.6,0.0,94,12,3,93,0.14,0.97,71.6,36.1,35.6,152.7,164.3,1
2019-08-05 19:00:00,28.4,80,24.6,32.7,0.0,98,9,0,97,0.07,0.79,0.0,0.0,0.0,0.0,0.0,0
2019-08-05 20:00:00,28.0,84,25.0,32.6,0.0,92,1,6,42,0.03,0.6,0.0,0.0,0.0,0.0,0.0,0
2019-08-05 21:00:00,28.0,84,25.0,32.7,0.0,27,2,8,20,0.03,0.61,0.0,0.0,0.0,0.0,0.0,0
2019-08-05 22:00:00,27.8,85,25.1,32.5,0.0,6,2,6,0,0.03,0.55,0.0,0.0,0.0,0.0,0.0,0
2019-08-05 23:00:00,27.6,86,25.0,32.3,0.0,6,1,4,1,0.02,0.52,0.0,0.0,0.0,0.0,0.0,0
2019-08-06 00:00:00,27.3,87,25.0,32.0,0.0,29,3,5,24,0.02,0.46,0.0,0.0,0.0,0.0,0.0,0
2019-08-06 01:00:00,27.1,88,24.9,31.8,0.0,61,0,5,60,0.02,0.43,0.0,0.0,0.0,0.0,0.0,0
2019-08-06 02:00:00,26.8,89,24.8,31.4,0.0,23,2,3,21,0.01,0.38,0.0,0.0,0.0,0.0,0.0,0
2019-08-06 03:00:00,26.7,90,24.9,31.4,0.0,18,1,17,1,0.01,0.36,0.0,0.0,0.0,0.0,0.0,0
2019-08-06 04:00:00,26.7,90,24.8,31.4,0.0,18,0,18,1,0.01,0.36,0.0,0.0,0.0,0.0,0.0,0
2019-08-06 05:00:00,26.4,91,24.8,31.2,0.0,17,1,15,2,0.01,0.31,0.0,0.0,0.0,0.0,0.0,0
2019-08-06 06:00:00,26.6,91,25.0,31.6,0.0,22,12,15,7,0.03,0.32,31.8,11.4,20.5,64.3,163.6,1
2019-08-06 07:00:00,28.0,85,25.2,33.1,0.0,21,11,11,9,0.11,0.58,203.3,117.8,85.4,499.5,461.8,1
2019-08-06 08:00:00,29.5,77,25.1,34.7,0.0,24,18,10,7,0.25,0.95,413.2,304.1,109.1,670.1,739.6,1
2019-08-06 09:00:00,30.6,70,24.5,35.2,0.0,35,17,3,22,0.39,1.33,569.1,426.2,142.8,656.6,978.2,1
2019-08-06 10:00:00,31.2,67,24.3,36.0,0.0,41,20,2,27,0.51,1.51,727.0,552.0,175.0,682.6,1161.3,1
2019-08-06 11:00:00,31.8,62,23.7,36.5,0.0,27,6,1,22,0.6,1.76,806.5,621.0,185.5,674.0,1276.3,1
2019-08-06 12:00:00,32.0,61,23.7,37.2,0.0,18,8,0,11,0.7,1.84,937.3,782.8,154.5,798.9,1315.4,1
2019-08-06 13:00:00,31.8,62,23.7,36.9,0.0,6,5,0,1,0.69,1.77,901.5,753.5,148.0,769.2,1276.0,1
2019-08-06 14:00:00,31.7,60,23.1,36.1,0.0,0,0,0,0,0.66,1.86,834.2,706.2,128.0,766.8,1160.6,1
2019-08-06 15:00:00,31.1,63,23.2,34.9,0.0,1,0,0,0,0.56,1.67,678.7,552.2,126.5,683.5,977.2,1
2019-08-06 16:00:00,30.6,66,23.5,34.0,0.0,16,12,5,3,0.45,1.51,504.6,414.6,90.0,639.7,738.2,1
2019-08-06 17:00:00,29.7,72,24.0,33.3,0.0,32,17,27,3,0.28,1.19,268.4,203.4,65.0,449.5,459.9,1
2019-08-06 18:00:00,28.5,77,24.1,32.5,0.0,32,14,24,7,0.13,0.9,71.0,41.4,29.5,176.9,161.3,1
2019-08-06 19:00:00,28.0,79,24.0,32.2,0.0,24,18,9,7,0.06,0.81,0.0,0.0,0.0,0.0,0.0,0
2019-08-06 20:00:00,27.7,81,24.2,32.3,0.0,14,1,1,1,0.03,0.71,0.0,0.0,0.0,0.0,0.0,0
2019-08-06 21:00:00,27.4,83,24.3,32.2,0.0,4,4,0,0,0.02,0.62,0.0,0.0,0.0,0.0,0.0,0
2019-08-06 22:00:00,27.0,86,24.4,32.1,0.0,5,5,0,0,0.01,0.5,0.0,0.0,0.0,0.0,0.0,0
2019-08-06 23:00:00,26.7,89,24.6,31.9,0.0,5,5,0,0,0.01,0.4,0.0,0.0,0.0,0.0,0.0,0
2019-08-07 00:00:00,26.4,91,24.8,31.8,0.0,14,14,0,0,0.0,0.32,0.0,0.0,0.0,0.0,0.0,0
2019-08-07 01:00:00,26.4,91,24.8,31.9,0.0,3,3,0,0,0.0,0.3,0.0,0.0,0.0,0.0,0.0,0
2019-08-07 02:00:00,26.3,92,24.8,31.7,0.0,4,4,0,0,0.0,0.28,0.0,0.0,0.0,0.0,0.0,0
2019-08-07 03:00:00,26.1,93,24.8,31.5,0.0,5,5,0,0,0.0,0.25,0.0,0.0,0.0,0.0,0.0,0
2019-08-07 04:00:00,25.7,94,24.7,31.4,0.0,0,0,0,0,0.0,0.19,0.0,0.0,0.0,0.0,0.0,0
2019-08-07 05:00:00,25.7,94,24.7,31.4,0.0,5,5,1,0,0.0,0.19,0.0,0.0,0.0,0.0,0.0,0
2019-08-07 06:00:00,26.6,90,24.8,32.2,0.0,19,17,13,0,0.02,0.35,34.2,11.4,22.8,64.5,161.7,1
2019-08-07 07:00:00,28.3,82,24.9,33.5,0.0,36,21,31,0,0.11,0.7,184.5,78.2,106.3,333.6,460.3,1
2019-08-07 08:00:00,29.3,78,25.1,33.5,0.1,64,30,25,0,0.23,0.89,359.5,212.3,147.2,468.9,738.6,1
2019-08-07 09:00:00,30.0,76,25.3,34.3,0.2,25,21,11,0,0.31,1.01,454.7,259.7,195.0,400.5,977.5,1
2019-08-07 10:00:00,30.5,76,25.8,35.4,0.2,39,31,35,2,0.45,1.04,674.2,502.4,171.8,621.8,1160.8,1
2019-08-07 11:00:00,30.5,76,25.8,35.6,0.7,51,34,29,20,0.48,1.03,694.0,488.7,205.3,530.7,1275.8,1
2019-08-07 12:00:00,30.6,76,25.8,36.1,1.3,55,33,41,36,0.51,1.07,724.2,422.2,302.0,431.2,1314.9,1
2019-08-07 13:00:00,30.6,78,26.3,36.2,1.2,48,22,36,33,0.49,0.98,680.0,402.7,277.3,411.4,1275.2,1
2019-08-07 14:00:00,30.6,75,25.8,35.9,0.8,31,23,18,17,0.5,1.08,662.5,462.5,200.0,502.7,1159.5,1
2019-08-07 15:00:00,31.1,73,25.8,36.1,0.1,30,26,1,7,0.47,1.21,569.3,394.7,174.6,489.2,975.7,1
2019-08-07 16:00:00,31.0,71,25.1,35.6,0.0,33,32,23,0,0.38,1.31,417.8,311.6,106.2,481.9,736.2,1
2019-08-07 17:00:00,29.4,77,25.0,33.4,0.4,48,22,41,0,0.23,0.92,210.7,135.1,75.6,299.8,457.4,1
2019-08-07 18:00:00,28.0,86,25.5,33.3,0.5,48,26,34,16,0.1,0.53,62.5,33.3,29.2,143.6,158.2,1
2019-08-07 19:00:00,26.5,93,25.2,31.9,2.5,88,84,42,42,0.02,0.26,0.0,0.0,0.0,0.0,0.0,0
2019-08-07 20:00:00,27.1,91,25.5,33.1,1.6,69,81,32,56,0.0,0.33,0.0,0.0,0.0,0.0,0.0,0
2019-08-07 21:00:00,27.2,92,25.9,33.7,0.8,81,70,21,52,0.0,0.28,0.0,0.0,0.0,0.0,0.0,0
2019-08-07 22:00:00,27.3,91,25.7,33.6,0.7,91,90,23,41,0.0,0.34,0.0,0.0,0.0,0.0,0.0,0
2019-08-07 23:00:00,27.0,93,25.7,33.3,0.3,92,90,29,32,0.0,0.26,0.0,0.0,0.0,0.0,0.0,0
2019-08-08 00:00:00,26.7,93,25.5,32.8,0.9,69,56,24,44,0.0,0.25,0.0,0.0,0.0,0.0,0.0,0
2019-08-08 01:00:00,26.4,94,25.4,33.0,0.8,77,59,37,55,0.0,0.2,0.0,0.0,0.0,0.0,0.0,0
2019-08-08 02:00:00,26.7,92,25.3,33.2,1.5,90,87,30,56,0.0,0.29,0.0,0.0,0.0,0.0,0.0,0
2019-08-08 03:00:00,26.8,91,25.2,32.9,0.7,96,89,37,89,0.0,0.32,0.0,0.0,0.0,0.0,0.0,0
2019-08-08 04:00:00,26.8,92,25.4,32.6,0.8,98,76,35,93,0.0,0.28,0.0,0.0,0.0,0.0,0.0,0
2019-08-08 05:00:00,26.7,92,25.3,32.5,0.7,98,97,22,94,0.0,0.28,0.0,0.0,0.0,0.0,0.0,0
2019-08-08 06:00:00,26.7,92,25.3,32.8,0.8,100,99,29,96,0.02,0.28,16.0,0.0,16.0,0.0,159.7,1
2019-08-08 07:00:00,27.3,89,25.3,33.1,0.4,96,93,19,94,0.05,0.39,71.0,0.0,71.0,0.0,458.9,1
2019-08-08 08:00:00,28.2,88,26.0,33.6,0.3,97,81,16,34,0.11,0.45,149.8,6.1,143.7,13.6,737.6,1
2019-08-08 09:00:00,29.3,84,26.3,34.5,0.5,73,60,21,36,0.27,0.67,415.1,186.0,229.1,287.3,976.8,1
2019-08-08 10:00:00,29.9,82,26.5,35.7,0.4,79,64,13,46,0.31,0.76,441.9,176.1,265.8,218.2,1160.2,1
2019-08-08 11:00:00,30.1,80,26.3,35.4,0.2,80,33,57,71,0.39,0.85,550.2,264.7,285.5,287.6,1275.4,1
2019-08-08 12:00:00,30.7,78,26.4,36.9,0.5,86,43,59,71,0.47,0.98,655.5,333.3,322.2,340.6,1314.3,1
2019-08-08 13:00:00,29.2,81,25.6,33.8,0.8,92,35,49,84,0.33,0.78,432.0,145.0,287.0,148.2,1274.4,1
2019-08-08 14:00:00,29.1,83,25.8,34.5,0.5,99,63,55,97,0.3,0.7,386.6,98.5,288.1,107.2,1158.4,1
2019-08-08 15:00:00,29.1,84,26.1,34.8,0.4,100,46,54,100,0.23,0.65,269.1,80.0,189.1,99.3,974.1,1
2019-08-08 16:00:00,27.5,90,25.8,33.7,2.6,100,76,45,100,0.11,0.35,112.1,0.0,112.1,0.0,734.1,1
2019-08-08 17:00:00,27.1,92,25.8,33.8,1.2,100,98,87,100,0.04,0.27,31.2,0.0,31.2,0.0,454.7,1
2019-08-08 18:00:00,26.9,95,26.1,33.6,1.0,100,100,100,100,0.02,0.16,6.1,0.0,6.1,0.0,155.0,1
2019-08-08 19:00:00,26.8,96,26.1,33.5,0.9,100,100,94,100,0.02,0.15,0.0,0.0,0.0,0.0,0.0,0
2019-08-08 20:00:00,27.3,91,25.6,33.2,1.7,100,95,64,100,0.0,0.34,0.0,0.0,0.0,0.0,0.0,0
2019-08-08 21:00:00,27.4,89,25.5,33.0,0.5,100,100,39,100,0.01,0.39,0.0,0.0,0.0,0.0,0.0,0
2019-08-08 22:00:00,27.0,91,25.4,32.5,1.2,100,57,45,100,0.0,0.31,0.0,0.0,0.0,0.0,0.0,0
2019-08-08 23:00:00,27.0,91,25.4,32.8,0.2,100,1,98,100,0.0,0.32,0.0,0.0,0.0,0.0,0.0,0
2019-08-09 00:00:00,26.7,91,25.2,32.6,0.3,100,34,55,100,0.0,0.31,0.0,0.0,0.0,0.0,0.0,0
2019-08-09 01:00:00,26.5,93,25.3,32.2,0.5,100,73,57,100,0.0,0.25,0.0,0.0,0.0,0.0,0.0,0
2019-08-09 02:00:00,26.4,93,25.2,31.8,0.5,100,6,69,100,0.0,0.23,0.0,0.0,0.0,0.0,0.0,0
2019-08-09 03:00:00,26.5,93,25.3,31.8,0.2,100,79,97,100,0.0,0.23,0.0,0.0,0.0,0.0,0.0,0
2019-08-09 04:00:00,26.6,94,25.5,31.6,0.4,100,100,65,100,0.0,0.21,0.0,0.0,0.0,0.0,0.0,0
2019-08-09 05:00:00,26.7,94,25.6,31.3,0.6,100,100,100,100,0.01,0.21,0.0,0.0,0.0,0.0,0.0,0
2019-08-09 06:00:00,26.6,94,25.6,30.9,0.9,100,100,66,100,0.03,0.21,6.9,0.0,6.9,0.0,157.8,1
2019-08-09 07:00:00,26.7,93,25.4,30.2,0.9,100,100,94,100,0.05,0.26,40.0,0.0,40.0,0.0,457.4,1
2019-08-09 08:00:00,26.9,88,24.8,30.0,1.6,100,95,100,100,0.07,0.41,29.5,0.0,29.5,0.0,736.5,1
2019-08-09 09:00:00,26.7,91,25.2,29.8,4.1,100,65,99,100,0.08,0.31,76.0,0.0,76.0,0.0,976.1,1
2019-08-09 10:00:00,26.5,93,25.2,29.3,3.3,100,100,100,99,0.07,0.26,65.9,0.0,65.9,0.0,1159.7,1
2019-08-09 11:00:00,26.7,92,25.3,29.2,3.6,100,100,93,99,0.1,0.29,118.8,0.0,118.8,0.0,1274.8,1
2019-08-09 12:00:00,26.9,91,25.3,28.9,5.6,100,100,100,99,0.12,0.31,157.5,0.0,157.5,0.0,1313.7,1
2019-08-09 13:00:00,27.1,88,25.0,28.8,3.0,100,100,92,100,0.14,0.43,167.5,0.0,167.5,0.0,1273.6,1
2019-08-09 14:00:00,27.2,89,25.3,29.5,1.7,100,100,100,100,0.19,0.38,270.0,16.1,253.9,17.5,1157.2,1
2019-08-09 15:00:00,26.8,88,24.6,28.6,1.9,100,100,100,100,0.16,0.43,182.7,0.0,182.7,0.0,972.4,1
2019-08-09 16:00:00,27.4,82,24.1,28.6,1.1,100,59,87,100,0.16,0.64,135.1,0.0,135.1,0.0,731.9,1
2019-08-09 17:00:00,27.6,80,23.9,28.4,0.3,100,13,97,100,0.16,0.73,97.3,29.7,67.7,66.4,451.9,1
2019-08-09 18:00:00,27.6,83,24.4,28.6,0.3,100,10,5,100,0.12,0.63,37.6,5.5,32.1,24.2,151.7,1
2019-08-09 19:00:00,27.5,82,24.2,28.4,0.3,100,3,3,100,0.1,0.64,0.0,0.0,0.0,0.0,0.0,0
2019-08-09 20:00:00,30.5,61,22.2,31.3,0.1,100,5,24,100,0.17,1.7,0.0,0.0,0.0,0.0,0.0,0
2019-08-09 21:00:00,31.2,58,21.9,32.4,0.0,100,3,93,100,0.17,1.92,0.0,0.0,0.0,0.0,0.0,0
2019-08-09 22:00:00,31.6,57,22.0,33.1,0.0,100,8,27,100,0.17,2.0,0.0,0.0,0.0,0.0,0.0,0
2019-08-09 23:00:00,31.5,56,21.6,32.5,0.0,100,7,31,100,0.18,2.03,0.0,0.0,0.0,0.0,0.0,0
2019-08-10 00:00:00,31.8,56,22.1,32.6,0.0,100,2,16,100,0.2,2.05,0.0,0.0,0.0,0.0,0.0,0
2019-08-10 01:00:00,31.8,60,23.0,33.0,0.0,100,0,34,100,0.19,1.9,0.0,0.0,0.0,0.0,0.0,0
2019-08-10 02:00:00,31.3,63,23.4,32.4,0.0,100,0,4,100,0.18,1.69,0.0,0.0,0.0,0.0,0.0,0
2019-08-10 03:00:00,31.0,65,23.7,32.6,0.0,100,0,4,100,0.16,1.56,0.0,0.0,0.0,0.0,0.0,0
2019-08-10 04:00:00,31.1,65,23.8,32.6,0.0,100,0,1,100,0.16,1.57,0.0,0.0,0.0,0.0,0.0,0
2019-08-10 05:00:00,31.0,65,23.6,32.5,0.0,100,0,0,100,0.16,1.58,0.0,0.0,0.0,0.0,0.0,0
2019-08-10 06:00:00,30.2,74,25.0,33.2,0.0,97,0,0,97,0.12,1.14,20.6,2.3,18.3,13.0,155.8,1
2019-08-10 07:00:00,30.2,76,25.6,33.2,0.0,92,0,0,92,0.17,1.01,178.4,59.5,118.9,258.0,456.0,1
2019-08-10 08:00:00,30.8,70,24.7,33.7,0.0,94,0,0,100,0.29,1.33,368.8,191.8,177.0,426.6,735.5,1
2019-08-10 09:00:00,32.1,69,25.7,36.7,0.0,100,0,1,100,0.38,1.47,509.5,224.7,284.8,347.9,975.3,1
2019-08-10 10:00:00,33.0,69,26.6,38.5,0.0,98,0,0,98,0.51,1.54,694.9,378.3,316.7,469.4,1159.1,1
2019-08-10 11:00:00,33.3,66,26.0,38.4,0.0,98,0,0,98,0.56,1.76,724.3,364.7,359.5,397.0,1274.3,1
2019-08-10 12:00:00,33.3,66,26.0,37.8,0.0,97,0,0,97,0.62,1.75,806.9,476.7,330.2,487.9,1313.0,1
2019-08-10 13:00:00,32.8,70,26.5,37.2,0.0,97,0,0,97,0.58,1.5,751.2,402.5,348.7,412.3,1272.6,1
2019-08-10 14:00:00,33.0,67,26.0,37.1,0.0,96,0,0,96,0.6,1.66,735.9,450.8,285.1,491.7,1155.9,1
2019-08-10 15:00:00,32.7,70,26.4,36.8,0.0,98,0,0,98,0.5,1.49,576.0,333.4,242.6,415.3,970.6,1
2019-08-10 16:00:00,31.8,74,26.5,36.1,0.0,99,0,1,99,0.38,1.24,404.9,217.0,187.9,338.1,729.6,1
2019-08-10 17:00:00,31.2,69,25.0,33.9,0.0,99,0,0,99,0.29,1.39,223.1,116.1,107.0,261.1,449.1,1
2019-08-10 18:00:00,30.6,70,24.4,34.0,0.0,100,0,1,100,0.17,1.33,59.4,18.8,40.6,83.6,148.3,1
2019-08-10 19:00:00,30.3,65,22.9,34.3,0.0,100,0,0,100,0.08,1.53,0.0,0.0,0.0,0.0,0.0,0
2019-08-10 20:00:00,30.1,62,21.9,33.6,0.0,100,0,0,98,0.06,1.64,0.0,0.0,0.0,0.0,0.0,0
2019-08-10 21:00:00,29.8,69,23.4,35.1,0.0,91,0,0,91,0.0,1.31,0.0,0.0,0.0,0.0,0.0,0
2019-08-10 22:00:00,27.7,81,24.1,33.2,0.0,91,0,0,91,0.0,0.72,0.0,0.0,0.0,0.0,0.0,0
2019-08-10 23:00:00,30.0,61,21.5,34.0,0.0,95,0,0,95,0.03,1.67,0.0,0.0,0.0,0.0,0.0,0
2019-08-11 00:00:00,27.3,75,22.5,31.5,0.0,97,0,0,97,0.02,0.91,0.0,0.0,0.0,0.0,0.0,0
2019-08-11 01:00:00,28.1,74,23.0,32.4,0.0,97,0,0,97,0.03,0.99,0.0,0.0,0.0,0.0,0.0,0
2019-08-11 02:00:00,28.5,76,23.8,32.8,0.0,98,0,0,98,0.04,0.95,0.0,0.0,0.0,0.0,0.0,0
2019-08-11 03:00:00,28.8,76,24.1,32.4,0.0,99,0,3,99,0.06,0.95,0.0,0.0,0.0,0.0,0.0,0
2019-08-11 04:00:00,28.7,77,24.2,32.2,0.0,98,0,7,98,0.07,0.92,0.0,0.0,0.0,0.0,0.0,0
2019-08-11 05:00:00,28.5,78,24.2,32.1,0.0,99,0,3,99,0.06,0.87,0.0,0.0,0.0,0.0,0.0,0
2019-08-11 06:00:00,28.5,79,24.5,32.4,0.0,99,0,2,99,0.07,0.82,29.8,6.9,22.9,39.1,153.9,1
2019-08-11 07:00:00,29.6,79,25.5,34.3,0.0,100,0,7,100,0.14,0.88,220.5,129.6,90.9,565.6,454.6,1
2019-08-11 08:00:00,30.9,76,26.3,36.2,0.0,98,1,0,97,0.27,1.06,419.5,285.4,134.1,636.4,734.5,1
2019-08-11 09:00:00,31.9,74,26.6,36.7,0.0,94,0,2,94,0.43,1.23,633.4,481.3,152.1,746.3,974.6,1
2019-08-11 10:00:00,32.8,70,26.6,37.8,0.0,97,3,3,97,0.55,1.49,778.2,591.3,187.0,734.4,1158.6,1
2019-08-11 11:00:00,33.1,68,26.3,38.2,0.0,97,1,2,97,0.62,1.64,856.6,699.3,157.4,761.6,1273.8,1
2019-08-11 12:00:00,33.4,66,26.2,38.8,0.0,97,6,2,97,0.68,1.76,908.8,766.4,142.4,785.1,1312.3,1
2019-08-11 13:00:00,33.5,65,26.0,38.9,0.0,96,7,3,95,0.69,1.82,874.5,730.6,144.0,749.0,1271.7,1
2019-08-11 14:00:00,33.4,65,25.8,38.5,0.0,86,8,4,85,0.65,1.82,799.2,686.5,112.7,749.7,1154.5,1
2019-08-11 15:00:00,33.1,67,26.1,38.3,0.0,73,2,3,72,0.56,1.67,648.4,548.5,99.9,684.5,968.8,1
2019-08-11 16:00:00,32.4,70,26.3,37.2,0.0,70,1,1,70,0.43,1.46,456.6,370.4,86.2,578.9,727.1,1
2019-08-11 17:00:00,31.9,71,26.0,37.6,0.0,40,1,0,40,0.28,1.36,256.7,193.1,63.6,436.4,446.1,1
2019-08-11 18:00:00,30.5,79,26.4,37.4,0.0,89,4,0,89,0.11,0.93,70.9,45.9,24.9,206.5,144.7,1
2019-08-11 19:00:00,29.2,79,25.3,35.4,0.0,89,5,0,89,0.03,0.84,0.0,0.0,0.0,0.0,0.0,0
2019-08-11 20:00:00,28.6,80,24.8,34.5,0.0,91,4,0,96,0.01,0.77,0.0,0.0,0.0,0.0,0.0,0
2019-08-11 21:00:00,28.3,80,24.6,33.9,0.0,98,2,0,98,0.01,0.76,0.0,0.0,0.0,0.0,0.0,0
2019-08-11 22:00:00,27.7,82,24.3,33.2,0.0,91,2,1,91,0.01,0.69,0.0,0.0,0.0,0.0,0.0,0
2019-08-11 23:00:00,27.2,83,24.0,32.6,0.0,95,1,1,95,0.0,0.62,0.0,0.0,0.0,0.0,0.0,0
2019-08-12 00:00:00,26.9,83,23.8,32.2,0.0,97,0,5,97,0.0,0.6,0.0,0.0,0.0,0.0,0.0,0
2019-08-12 01:00:00,26.2,89,24.2,31.9,0.0,98,1,8,97,0.0,0.39,0.0,0.0,0.0,0.0,0.0,0
2019-08-12 02:00:00,26.1,90,24.3,31.9,0.0,96,2,14,95,0.0,0.34,0.0,0.0,0.0,0.0,0.0,0
2019-08-12 03:00:00,26.2,91,24.5,32.3,0.0,98,3,18,97,0.0,0.32,0.0,0.0,0.0,0.0,0.0,0
2019-08-12 04:00:00,25.8,92,24.4,31.6,0.0,92,4,9,92,0.0,0.27,0.0,0.0,0.0,0.0,0.0,0
2019-08-12 05:00:00,25.8,91,24.3,31.4,0.0,80,4,9,78,0.0,0.28,0.0,0.0,0.0,0.0,0.0,0
2019-08-12 06:00:00,26.9,88,24.6,32.8,0.0,92,2,12,91,0.02,0.44,25.3,6.9,18.4,39.3,152.0,1
2019-08-12 07:00:00,28.5,81,24.9,34.5,0.0,52,2,23,44,0.1,0.73,192.7,115.0,77.7,504.7,453.1,1
2019-08-12 08:00:00,29.3,78,25.0,35.7,0.0,61,0,41,32,0.23,0.91,386.5,265.9,120.6,594.3,733.5,1
2019-08-12 09:00:00,30.6,76,25.8,36.9,0.0,42,2,24,23,0.32,1.07,468.9,315.7,153.3,490.1,973.9,1
2019-08-12 10:00:00,32.1,72,26.3,38.3,0.0,40,2,29,19,0.47,1.35,657.3,458.3,198.9,569.8,1158.0,1
2019-08-12 11:00:00,32.9,67,26.1,39.2,0.0,38,2,35,7,0.57,1.63,762.8,588.8,174.0,641.8,1273.2,1
2019-08-12 12:00:00,32.8,67,25.9,38.9,0.0,58,3,34,41,0.54,1.62,690.7,471.5,219.1,483.5,1311.6,1
2019-08-12 13:00:00,32.6,69,26.1,39.1,1.2,68,3,53,54,0.5,1.54,619.8,426.9,192.9,438.1,1270.6,1
2019-08-12 14:00:00,33.2,67,26.3,39.7,0.0,78,8,47,70,0.52,1.66,620.1,454.4,165.7,496.9,1153.0,1
2019-08-12 15:00:00,31.5,75,26.5,38.1,2.7,93,26,59,84,0.43,1.15,515.6,349.5,166.1,437.0,966.8,1
2019-08-12 16:00:00,31.7,74,26.5,38.7,1.1,66,28,20,58,0.29,1.22,311.3,175.7,135.6,275.4,724.6,1
2019-08-12 17:00:00,30.4,78,26.2,37.7,7.5,78,20,68,44,0.18,0.94,174.5,89.9,84.6,204.3,443.0,1
2019-08-12 18:00:00,30.0,85,27.2,37.8,0.1,30,9,27,5,0.07,0.65,40.0,17.8,22.2,81.1,141.1,1
2019-08-12 19:00:00,28.7,94,27.6,36.7,0.1,31,9,29,3,0.01,0.24,0.0,0.0,0.0,0.0,0.0,0
2019-08-12 20:00:00,28.8,89,26.8,36.2,0.0,28,7,17,6,0.0,0.44,0.0,0.0,0.0,0.0,0.0,0
2019-08-12 21:00:00,28.0,91,26.3,34.8,0.0,24,8,23,2,0.0,0.36,0.0,0.0,0.0,0.0,0.0,0
2019-08-12 22:00:00,28.9,85,26.0,35.9,0.0,27,8,26,1,0.0,0.61,0.0,0.0,0.0,0.0,0.0,0
2019-08-12 23:00:00,27.8,91,26.3,34.9,0.0,24,5,24,0,0.0,0.33,0.0,0.0,0.0,0.0,0.0,0
2019-08-13 00:00:00,27.4,94,26.3,34.5,0.0,29,8,29,0,0.0,0.22,0.0,0.0,0.0,0.0,0.0,0
2019-08-13 01:00:00,27.9,93,26.8,35.7,0.0,14,8,13,1,0.0,0.25,0.0,0.0,0.0,0.0,0.0,0
2019-08-13 02:00:00,26.7,97,26.2,33.8,0.0,19,7,14,7,0.0,0.1,0.0,0.0,0.0,0.0,0.0,0
2019-08-13 03:00:00,26.7,97,26.1,33.6,0.0,23,5,13,12,0.0,0.12,0.0,0.0,0.0,0.0,0.0,0
2019-08-13 04:00:00,26.1,98,25.7,32.7,0.0,13,8,3,9,0.0,0.08,0.0,0.0,0.0,0.0,0.0,0
2019-08-13 05:00:00,26.0,98,25.6,32.7,0.0,15,7,3,11,0.0,0.08,0.0,0.0,0.0,0.0,0.0,0
2019-08-13 06:00:00,26.9,98,26.5,34.2,0.0,32,8,6,27,0.01,0.08,27.6,9.2,18.4,52.5,150.1,1
2019-08-13 07:00:00,28.1,92,26.7,35.6,0.0,55,4,2,54,0.09,0.3,209.6,127.2,82.3,561.8,451.7,1
2019-08-13 08:00:00,29.2,82,25.9,36.6,0.0,58,7,1,45,0.25,0.71,436.1,328.9,107.2,736.8,732.4,1
2019-08-13 09:00:00,30.6,78,26.2,37.5,0.0,73,1,1,72,0.42,0.98,649.6,537.2,112.4,835.2,973.1,1
2019-08-13 10:00:00,31.6,73,26.1,38.7,0.0,8,1,4,4,0.55,1.26,808.7,690.8,117.8,859.7,1157.4,1
2019-08-13 11:00:00,32.4,67,25.6,39.0,0.0,18,14,8,6,0.64,1.59,893.1,769.1,124.0,839.1,1272.5,1
2019-08-13 12:00:00,32.5,66,25.4,38.6,0.1,45,25,27,26,0.64,1.66,842.1,695.7,146.4,713.9,1310.8,1
2019-08-13 13:00:00,32.6,66,25.5,39.0,0.3,59,27,42,37,0.64,1.67,812.6,645.2,167.4,662.8,1269.5,1
2019-08-13 14:00:00,32.5,67,25.6,38.3,0.2,38,21,31,28,0.56,1.61,679.6,488.4,191.2,534.8,1151.5,1
2019-08-13 15:00:00,31.9,72,26.2,37.8,0.1,39,22,10,27,0.48,1.33,575.2,432.8,142.4,542.2,964.8,1
2019-08-13 16:00:00,31.2,75,26.3,36.8,0.2,35,26,4,22,0.39,1.11,442.2,340.0,102.2,534.5,722.0,1
2019-08-13 17:00:00,30.2,81,26.5,36.2,0.0,20,2,0,19,0.24,0.83,239.0,174.1,64.8,397.7,439.8,1
2019-08-13 18:00:00,29.2,84,26.2,35.4,0.0,31,15,0,18,0.11,0.66,64.1,38.4,25.6,177.0,137.3,1
2019-08-13 19:00:00,28.3,86,25.8,34.6,0.0,23,12,0,14,0.03,0.52,0.0,0.0,0.0,0.0,0.0,0
2019-08-13 20:00:00,28.3,88,26.2,35.3,0.0,10,5,0,16,0.0,0.45,0.0,0.0,0.0,0.0,0.0,0
2019-08-13 21:00:00,28.1,88,25.9,34.8,0.0,15,1,0,14,0.0,0.45,0.0,0.0,0.0,0.0,0.0,0
2019-08-13 22:00:00,27.6,90,25.7,34.1,0.0,14,1,0,13,0.0,0.38,0.0,0.0,0.0,0.0,0.0,0
2019-08-13 23:00:00,27.0,92,25.6,33.3,0.0,20,2,0,18,0.0,0.28,0.0,0.0,0.0,0.0,0.0,0
2019-08-14 00:00:00,26.9,92,25.5,33.2,0.0,13,2,0,11,0.0,0.28,0.0,0.0,0.0,0.0,0.0,0
2019-08-14 01:00:00,26.2,95,25.3,32.5,0.0,8,3,0,6,0.0,0.19,0.0,0.0,0.0,0.0,0.0,0
2019-08-14 02:00:00,26.0,95,25.1,32.0,0.0,10,4,0,6,0.0,0.18,0.0,0.0,0.0,0.0,0.0,0
2019-08-14 03:00:00,27.3,88,25.1,33.4,0.0,12,9,0,4,0.0,0.43,0.0,0.0,0.0,0.0,0.0,0
2019-08-14 04:00:00,25.8,94,24.8,31.6,0.0,8,7,0,1,0.0,0.19,0.0,0.0,0.0,0.0,0.0,0
2019-08-14 05:00:00,25.7,95,24.7,31.6,0.0,8,7,0,1,0.0,0.18,0.0,0.0,0.0,0.0,0.0,0
2019-08-14 06:00:00,26.4,91,24.9,32.6,0.0,11,8,1,3,0.02,0.29,25.4,9.2,16.1,52.6,148.1,1
2019-08-14 07:00:00,27.8,85,24.9,33.7,0.0,8,7,3,0,0.1,0.58,214.6,133.5,81.0,593.1,450.3,1
2019-08-14 08:00:00,29.3,77,25.0,34.8,0.0,27,0,0,0,0.26,0.92,433.9,326.6,107.2,733.5,731.4,1
2019-08-14 09:00:00,30.7,73,25.3,36.1,0.0,2,0,2,0,0.42,1.18,650.9,539.6,111.3,840.1,972.4,1
2019-08-14 10:00:00,32.0,67,25.0,37.5,0.1,20,4,19,0,0.56,1.58,806.6,690.9,115.7,860.6,1156.7,1
2019-08-14 11:00:00,32.5,66,25.3,38.3,0.0,10,3,9,0,0.62,1.68,853.5,729.5,124.0,796.6,1271.9,1
2019-08-14 12:00:00,33.1,63,25.0,39.0,0.0,16,7,13,2,0.69,1.89,905.6,770.3,135.3,791.2,1310.0,1
2019-08-14 13:00:00,33.3,63,25.3,39.4,0.0,12,2,10,2,0.69,1.88,873.1,736.1,137.0,757.1,1268.4,1
2019-08-14 14:00:00,32.9,67,25.8,39.0,0.0,18,4,6,12,0.63,1.67,772.1,634.0,138.1,695.3,1149.9,1
2019-08-14 15:00:00,32.4,68,25.7,38.3,0.0,14,3,4,10,0.55,1.56,649.3,541.4,107.9,679.7,962.6,1
2019-08-14 16:00:00,31.8,71,25.8,37.3,0.0,9,4,3,4,0.42,1.38,461.4,373.7,87.7,589.5,719.3,1
2019-08-14 17:00:00,30.9,77,26.4,37.1,0.0,20,3,3,16,0.26,1.03,252.0,192.5,59.4,442.2,436.5,1
2019-08-14 18:00:00,29.6,83,26.4,36.3,0.7,75,24,16,63,0.1,0.7,57.9,35.5,22.4,165.6,133.4,1
2019-08-14 19:00:00,28.7,86,26.2,34.6,0.2,82,19,2,80,0.04,0.54,0.0,0.0,0.0,0.0,0.0,0
2019-08-14 20:00:00,28.6,92,27.1,35.9,0.0,47,19,6,100,0.0,0.33,0.0,0.0,0.0,0.0,0.0,0
2019-08-14 21:00:00,28.5,89,26.6,35.7,0.0,100,6,1,100,0.0,0.42,0.0,0.0,0.0,0.0,0.0,0
2019-08-14 22:00:00,27.6,93,26.4,34.7,0.0,99,3,3,99,0.0,0.25,0.0,0.0,0.0,0.0,0.0,0
2019-08-14 23:00:00,27.4,93,26.2,34.3,0.0,100,5,3,100,0.0,0.24,0.0,0.0,0.0,0.0,0.0,0
2019-08-15 00:00:00,27.9,89,25.9,35.0,0.0,99,7,4,99,0.0,0.43,0.0,0.0,0.0,0.0,0.0,0
2019-08-15 01:00:00,26.5,95,25.6,33.0,0.0,100,8,10,100,0.0,0.18,0.0,0.0,0.0,0.0,0.0,0
2019-08-15 02:00:00,26.1,96,25.4,32.5,0.0,25,18,9,6,0.0,0.14,0.0,0.0,0.0,0.0,0.0,0
2019-08-15 03:00:00,26.1,97,25.5,32.6,0.1,28,18,17,3,0.0,0.12,0.0,0.0,0.0,0.0,0.0,0
2019-08-15 04:00:00,26.1,96,25.4,32.7,0.0,19,6,13,6,0.0,0.13,0.0,0.0,0.0,0.0,0.0,0
2019-08-15 05:00:00,26.3,93,25.1,32.4,0.0,34,12,25,7,0.0,0.24,0.0,0.0,0.0,0.0,0.0,0
2019-08-15 06:00:00,26.5,90,24.7,32.0,0.1,39,14,35,0,0.02,0.36,23.1,6.9,16.2,39.6,146.2,1
2019-08-15 07:00:00,27.4,85,24.6,33.0,0.0,27,0,27,0,0.09,0.56,177.5,100.8,76.7,450.2,448.9,1
2019-08-15 08:00:00,28.5,82,25.1,34.7,0.0,21,2,38,2,0.2,0.72,334.2,236.8,97.4,533.1,730.4,1
2019-08-15 09:00:00,29.8,75,24.9,36.2,0.0,93,0,22,91,0.35,1.04,535.2,381.8,153.4,595.2,971.6,1
2019-08-15 10:00:00,31.0,70,24.9,37.3,0.0,71,4,11,69,0.43,1.33,612.0,462.8,149.2,577.1,1156.1,1
2019-08-15 11:00:00,32.3,66,25.1,39.8,0.0,75,6,15,72,0.59,1.65,797.2,670.1,127.1,732.4,1271.2,1
2019-08-15 12:00:00,31.6,72,25.8,38.2,1.9,60,35,32,48,0.61,1.32,837.9,629.9,208.0,647.6,1309.1,1
2019-08-15 13:00:00,31.0,73,25.7,38.3,0.4,74,22,37,65,0.55,1.19,713.5,510.9,202.6,526.1,1267.2,1
2019-08-15 14:00:00,31.4,71,25.5,37.9,0.1,100,41,51,100,0.31,1.32,358.5,147.6,211.0,162.1,1148.2,1
2019-08-15 15:00:00,30.0,78,25.7,36.3,7.0,98,15,21,97,0.23,0.95,252.0,30.8,221.2,38.8,960.4,1
2019-08-15 16:00:00,28.6,85,25.9,35.3,12.3,99,40,53,99,0.14,0.57,144.6,17.9,126.7,28.3,716.5,1
2019-08-15 17:00:00,27.7,88,25.5,34.5,1.5,97,15,53,96,0.07,0.46,61.5,3.0,58.5,6.9,433.1,1
2019-08-15 18:00:00,27.6,90,25.8,34.4,0.4,91,35,14,88,0.05,0.37,30.8,5.5,25.2,26.0,129.5,1
2019-08-15 19:00:00,27.2,93,26.0,33.9,0.1,92,20,15,90,0.02,0.24,0.0,0.0,0.0,0.0,0.0,0
2019-08-15 20:00:00,27.5,95,26.7,34.9,0.1,96,14,21,35,0.0,0.18,0.0,0.0,0.0,0.0,0.0,0
2019-08-15 21:00:00,27.6,93,26.4,34.4,0.0,39,10,19,27,0.0,0.25,0.0,0.0,0.0,0.0,0.0,0
2019-08-15 22:00:00,26.9,97,26.3,34.1,0.0,54,18,29,42,0.0,0.12,0.0,0.0,0.0,0.0,0.0,0
2019-08-15 23:00:00,26.8,96,26.2,33.7,0.1,95,16,34,94,0.0,0.13,0.0,0.0,0.0,0.0,0.0,0
2019-08-16 00:00:00,26.7,95,25.9,33.6,0.0,91,4,6,90,0.0,0.16,0.0,0.0,0.0,0.0,0.0,0
2019-08-16 01:00:00,26.2,95,25.4,32.7,0.0,83,7,2,82,0.0,0.17,0.0,0.0,0.0,0.0,0.0,0
2019-08-16 02:00:00,26.7,88,24.5,32.1,0.0,90,3,11,89,0.0,0.42,0.0,0.0,0.0,0.0,0.0,0
2019-08-16 03:00:00,26.6,86,24.1,31.5,0.0,89,2,9,88,0.01,0.49,0.0,0.0,0.0,0.0,0.0,0
2019-08-16 04:00:00,26.6,84,23.7,31.0,0.0,98,1,4,97,0.02,0.55,0.0,0.0,0.0,0.0,0.0,0
2019-08-16 05:00:00,25.9,87,23.5,30.8,0.0,85,0,1,85,0.0,0.44,0.0,0.0,0.0,0.0,0.0,0
2019-08-16 06:00:00,26.2,88,24.0,31.6,0.0,74,0,3,73,0.02,0.42,25.5,6.9,18.5,39.7,144.3,1
2019-08-16 07:00:00,27.8,82,24.4,34.0,0.0,54,0,6,52,0.09,0.69,200.5,101.0,99.5,453.9,447.4,1
2019-08-16 08:00:00,29.2,73,24.0,35.0,0.0,75,17,48,33,0.24,1.08,422.1,293.7,128.4,662.8,729.4,1
2019-08-16 09:00:00,28.8,74,23.8,34.3,0.9,75,5,73,30,0.25,1.01,385.3,233.0,152.3,363.8,970.8,1
2019-08-16 10:00:00,29.0,72,23.5,34.5,0.0,82,5,16,79,0.31,1.1,440.1,229.3,210.9,286.2,1155.4,1
2019-08-16 11:00:00,30.9,66,23.7,37.8,0.0,53,4,22,45,0.57,1.54,791.0,551.3,239.7,603.1,1270.5,1
2019-08-16 12:00:00,32.2,63,24.2,38.7,0.1,69,50,65,20,0.56,1.8,721.7,510.8,211.0,525.6,1308.2,1
2019-08-16 13:00:00,29.2,81,25.7,35.1,3.5,85,45,75,53,0.46,0.76,638.0,416.9,221.2,429.8,1265.9,1
2019-08-16 14:00:00,29.6,82,26.2,35.9,1.2,99,22,36,99,0.33,0.75,413.3,153.2,260.1,168.5,1146.5,1
2019-08-16 15:00:00,29.1,83,25.8,35.8,1.7,99,47,41,98,0.18,0.7,205.7,44.4,161.3,56.0,958.1,1
2019-08-16 16:00:00,29.3,79,25.3,35.2,3.2,98,59,11,96,0.26,0.85,294.8,114.7,180.1,182.2,713.6,1
2019-08-16 17:00:00,28.5,84,25.5,35.4,0.4,97,14,11,97,0.12,0.64,116.7,22.5,94.3,52.2,429.6,1
2019-08-16 18:00:00,28.4,86,25.8,35.4,0.0,100,1,1,100,0.06,0.55,32.5,5.9,26.6,28.1,125.4,1
2019-08-16 19:00:00,27.3,94,26.3,34.4,0.0,100,3,1,100,0.02,0.21,0.0,0.0,0.0,0.0,0.0,0
2019-08-16 20:00:00,27.8,96,27.1,35.5,0.1,99,10,4,6,0.0,0.16,0.0,0.0,0.0,0.0,0.0,0
2019-08-16 21:00:00,27.3,93,26.2,34.0,0.7,64,62,23,17,0.0,0.24,0.0,0.0,0.0,0.0,0.0,0
2019-08-16 22:00:00,26.4,94,25.3,32.6,1.5,86,79,80,21,0.0,0.22,0.0,0.0,0.0,0.0,0.0,0
2019-08-16 23:00:00,26.4,93,25.2,32.8,0.2,73,2,69,19,0.0,0.24,0.0,0.0,0.0,0.0,0.0,0
2019-08-17 00:00:00,26.3,93,25.1,32.5,0.0,25,8,8,20,0.0,0.23,0.0,0.0,0.0,0.0,0.0,0
2019-08-17 01:00:00,26.4,87,24.1,31.5,0.0,42,1,2,41,0.0,0.45,0.0,0.0,0.0,0.0,0.0,0
2019-08-17 02:00:00,26.6,83,23.6,30.9,0.0,16,0,4,14,0.02,0.58,0.0,0.0,0.0,0.0,0.0,0
2019-08-17 03:00:00,26.9,81,23.4,30.7,0.0,12,0,10,6,0.03,0.67,0.0,0.0,0.0,0.0,0.0,0
2019-08-17 04:00:00,27.1,80,23.3,30.9,0.0,19,0,9,12,0.03,0.73,0.0,0.0,0.0,0.0,0.0,0
2019-08-17 05:00:00,27.2,78,22.9,30.9,0.0,21,0,2,19,0.04,0.81,0.0,0.0,0.0,0.0,0.0,0
2019-08-17 06:00:00,27.1,79,23.0,30.8,0.0,14,1,3,13,0.06,0.77,25.5,9.3,16.2,53.1,142.4,1
2019-08-17 07:00:00,28.4,79,24.3,33.1,0.0,13,0,1,12,0.12,0.83,217.6,137.5,80.1,621.7,446.0,1
2019-08-17 08:00:00,29.8,72,24.3,35.8,0.0,36,0,1,30,0.25,1.16,438.4,334.7,103.7,757.1,728.3,1
2019-08-17 09:00:00,31.4,68,24.9,37.4,0.0,11,0,2,10,0.42,1.46,635.5,515.0,120.5,805.2,970.0,1
2019-08-17 10:00:00,32.8,63,24.8,38.3,0.0,7,6,6,2,0.57,1.85,791.6,662.9,128.7,828.4,1154.7,1
2019-08-17 11:00:00,32.8,64,25.1,38.3,0.0,9,4,5,4,0.64,1.8,872.2,736.8,135.5,806.8,1269.7,1
2019-08-17 12:00:00,33.1,64,25.2,39.0,0.0,7,1,1,5,0.7,1.84,920.5,784.3,136.3,807.9,1307.2,1
2019-08-17 13:00:00,32.9,64,25.2,38.9,0.1,21,3,4,19,0.69,1.79,880.6,740.6,139.9,764.6,1264.5,1
2019-08-17 14:00:00,32.5,67,25.5,38.5,0.0,42,6,11,37,0.59,1.63,728.0,576.7,151.3,635.5,1144.7,1
2019-08-17 15:00:00,31.4,72,25.8,37.0,1.1,74,11,24,67,0.44,1.28,513.4,323.3,190.2,408.7,955.8,1
2019-08-17 16:00:00,30.9,75,25.8,36.5,1.0,70,11,19,66,0.27,1.14,280.1,134.1,146.0,213.7,710.7,1
2019-08-17 17:00:00,30.1,79,26.1,36.3,1.6,80,13,14,77,0.19,0.89,173.2,79.1,94.0,184.9,426.0,1
2019-08-17 18:00:00,29.3,79,25.4,35.1,0.2,88,3,13,86,0.1,0.84,47.3,19.4,27.8,94.6,121.3,1
2019-08-17 19:00:00,28.5,81,25.0,34.3,0.0,88,2,10,88,0.03,0.73,0.0,0.0,0.0,0.0,0.0,0
2019-08-17 20:00:00,28.0,83,24.8,33.6,0.0,76,4,2,53,0.01,0.65,0.0,0.0,0.0,0.0,0.0,0
2019-08-17 21:00:00,27.6,84,24.7,33.1,0.0,77,3,2,76,0.01,0.58,0.0,0.0,0.0,0.0,0.0,0
2019-08-17 22:00:00,26.8,89,24.8,32.6,0.0,85,0,1,85,0.0,0.4,0.0,0.0,0.0,0.0,0.0,0
2019-08-17 23:00:00,26.5,90,24.8,32.4,0.0,63,2,1,62,0.0,0.33,0.0,0.0,0.0,0.0,0.0,0
2019-08-18 00:00:00,26.0,93,24.7,31.9,0.0,27,6,3,22,0.0,0.25,0.0,0.0,0.0,0.0,0.0,0
2019-08-18 01:00:00,25.3,95,24.4,31.0,0.0,24,5,4,20,0.0,0.17,0.0,0.0,0.0,0.0,0.0,0
2019-08-18 02:00:00,25.2,94,24.3,31.0,0.0,54,7,2,51,0.0,0.18,0.0,0.0,0.0,0.0,0.0,0
2019-08-18 03:00:00,25.2,94,24.2,30.9,0.0,19,10,1,14,0.0,0.19,0.0,0.0,0.0,0.0,0.0,0
2019-08-18 04:00:00,24.8,95,24.0,30.5,0.0,14,11,1,7,0.0,0.16,0.0,0.0,0.0,0.0,0.0,0
2019-08-18 05:00:00,24.6,96,23.9,30.3,0.0,37,16,9,28,0.0,0.14,0.0,0.0,0.0,0.0,0.0,0
2019-08-18 06:00:00,25.6,93,24.3,31.6,0.0,35,13,13,22,0.01,0.24,23.2,7.0,16.3,39.9,140.5,1
2019-08-18 07:00:00,26.7,87,24.4,32.8,0.0,27,8,19,11,0.08,0.45,190.9,107.6,83.3,489.2,444.6,1
2019-08-18 08:00:00,27.6,83,24.4,33.8,0.0,25,4,6,3,0.22,0.65,397.9,279.3,118.6,633.3,727.3,1
2019-08-18 09:00:00,29.2,78,24.9,35.4,0.0,44,7,20,28,0.39,0.9,612.9,483.3,129.6,756.7,969.2,1
2019-08-18 10:00:00,30.6,72,24.9,37.4,0.0,61,11,35,43,0.51,1.24,738.7,565.7,173.1,707.6,1154.0,1
2019-08-18 11:00:00,31.5,69,25.2,38.2,0.0,82,12,55,67,0.54,1.42,746.1,509.6,236.6,558.6,1268.9,1
2019-08-18 12:00:00,30.1,74,24.9,34.9,0.5,81,25,59,65,0.42,1.12,564.2,325.0,239.2,335.2,1306.1,1
2019-08-18 13:00:00,30.2,75,25.2,35.5,0.7,92,57,65,83,0.35,1.09,440.2,199.6,240.6,206.3,1263.1,1
2019-08-18 14:00:00,28.2,82,24.9,33.9,3.3,100,27,98,98,0.17,0.68,193.8,24.6,169.2,27.1,1142.8,1
2019-08-18 15:00:00,28.4,80,24.7,34.8,0.5,100,22,100,97,0.12,0.77,124.0,0.0,124.0,0.0,953.3,1
2019-08-18 16:00:00,27.4,85,24.7,33.4,0.7,100,35,99,98,0.08,0.54,67.8,0.0,67.8,0.0,707.6,1
2019-08-18 17:00:00,26.7,90,25.0,32.6,0.5,99,21,95,98,0.04,0.35,23.8,0.0,23.8,0.0,422.4,1
2019-08-18 18:00:00,26.6,90,24.8,32.9,0.4,97,44,44,96,0.03,0.36,13.4,0.0,13.4,0.0,117.1,1
2019-08-18 19:00:00,26.4,91,24.7,32.8,0.5,88,59,50,75,0.01,0.32,0.0,0.0,0.0,0.0,0.0,0
2019-08-18 20:00:00,26.3,92,25.0,31.9,0.9,100,14,35,97,0.0,0.26,0.0,0.0,0.0,0.0,0.0,0
2019-08-18 21:00:00,26.2,93,25.0,32.2,0.1,98,2,47,97,0.0,0.22,0.0,0.0,0.0,0.0,0.0,0
2019-08-18 22:00:00,26.6,91,25.0,33.1,0.1,100,14,99,97,0.0,0.32,0.0,0.0,0.0,0.0,0.0,0
2019-08-18 23:00:00,26.3,95,25.4,32.8,0.4,98,5,63,98,0.0,0.17,0.0,0.0,0.0,0.0,0.0,0
2019-08-19 00:00:00,26.1,92,24.7,32.0,1.2,99,29,90,99,0.0,0.27,0.0,0.0,0.0,0.0,0.0,0
2019-08-19 01:00:00,25.6,96,25.0,31.6,1.8,100,30,83,100,0.0,0.12,0.0,0.0,0.0,0.0,0.0,0
2019-08-19 02:00:00,25.4,98,25.0,31.9,5.2,100,34,93,100,0.0,0.08,0.0,0.0,0.0,0.0,0.0,0
2019-08-19 03:00:00,25.4,97,24.9,31.5,5.9,100,4,96,100,0.0,0.1,0.0,0.0,0.0,0.0,0.0,0
2019-08-19 04:00:00,25.5,96,24.9,32.0,2.5,100,20,100,100,0.0,0.11,0.0,0.0,0.0,0.0,0.0,0
2019-08-19 05:00:00,25.8,94,24.8,32.3,1.2,100,7,97,100,0.0,0.2,0.0,0.0,0.0,0.0,0.0,0
2019-08-19 06:00:00,25.8,94,24.8,32.2,0.8,100,35,100,100,0.02,0.2,4.7,0.0,4.7,0.0,138.6,1
2019-08-19 07:00:00,26.2,92,24.8,32.7,1.0,100,93,98,100,0.03,0.26,38.0,0.0,38.0,0.0,443.2,1
2019-08-19 08:00:00,26.0,93,24.8,31.0,1.4,100,1,99,100,0.06,0.23,77.9,0.0,77.9,0.0,726.2,1
2019-08-19 09:00:00,26.7,93,25.5,32.4,1.4,96,0,61,96,0.06,0.24,78.5,0.0,78.5,0.0,968.4,1
2019-08-19 10:00:00,28.3,85,25.5,33.7,0.4,100,10,62,100,0.26,0.58,388.3,180.6,207.7,226.2,1153.2,1
2019-08-19 11:00:00,29.7,81,26.1,36.0,0.2,100,11,45,99,0.47,0.79,696.1,388.7,307.4,426.5,1268.1,1
2019-08-19 12:00:00,29.0,83,25.8,34.9,2.4,100,10,51,100,0.45,0.69,670.1,259.4,410.7,267.8,1305.0,1
2019-08-19 13:00:00,28.6,80,24.8,33.2,1.8,100,1,45,99,0.38,0.79,528.1,165.3,362.9,171.1,1261.7,1
2019-08-19 14:00:00,28.5,78,24.2,33.1,1.1,99,26,55,99,0.27,0.87,330.7,20.8,309.9,23.0,1140.8,1
2019-08-19 15:00:00,27.9,82,24.5,32.4,0.7,100,16,45,100,0.23,0.67,277.7,42.5,235.2,54.0,950.8,1
2019-08-19 16:00:00,27.1,87,24.8,31.9,0.2,99,13,43,99,0.15,0.46,164.3,7.6,156.7,12.2,704.5,1
2019-08-19 17:00:00,27.2,87,24.8,32.2,0.1,100,1,26,100,0.13,0.47,125.4,23.0,102.4,54.5,418.7,1
2019-08-19 18:00:00,26.5,90,24.8,31.8,0.0,100,0,0,100,0.04,0.33,6.8,0.0,6.8,0.0,112.8,1
2019-08-19 19:00:00,26.1,92,24.6,31.2,0.6,100,0,0,100,0.03,0.28,0.0,0.0,0.0,0.0,0.0,0
2019-08-19 20:00:00,26.5,90,24.8,32.3,0.5,100,1,100,100,0.0,0.33,0.0,0.0,0.0,0.0,0.0,0
2019-08-19 21:00:00,26.3,91,24.7,32.2,0.2,100,0,98,100,0.0,0.32,0.0,0.0,0.0,0.0,0.0,0
2019-08-19 22:00:00,25.9,93,24.8,32.0,0.2,100,0,3,100,0.0,0.22,0.0,0.0,0.0,0.0,0.0,0
2019-08-19 23:00:00,25.1,96,24.4,30.8,0.1,67,0,17,62,0.0,0.13,0.0,0.0,0.0,0.0,0.0,0
2019-08-20 00:00:00,25.1,96,24.4,30.9,0.0,100,0,19,100,0.0,0.14,0.0,0.0,0.0,0.0,0.0,0
2019-08-20 01:00:00,26.0,93,24.8,32.5,0.0,100,3,2,100,0.0,0.23,0.0,0.0,0.0,0.0,0.0,0
2019-08-20 02:00:00,25.9,94,24.9,32.4,0.0,80,5,16,78,0.0,0.19,0.0,0.0,0.0,0.0,0.0,0
2019-08-20 03:00:00,25.8,96,25.1,32.5,0.0,82,15,19,77,0.0,0.13,0.0,0.0,0.0,0.0,0.0,0
2019-08-20 04:00:00,25.4,96,24.7,31.5,0.0,97,32,27,97,0.0,0.13,0.0,0.0,0.0,0.0,0.0,0
2019-08-20 05:00:00,24.7,95,23.9,30.0,0.0,96,17,24,96,0.0,0.15,0.0,0.0,0.0,0.0,0.0,0
2019-08-20 06:00:00,25.7,89,23.8,31.5,0.0,96,30,52,93,0.01,0.36,16.3,0.0,16.3,0.0,136.7,1
2019-08-20 07:00:00,26.2,87,23.9,32.1,0.4,95,43,26,92,0.07,0.45,155.3,53.3,102.0,245.3,441.8,1
2019-08-20 08:00:00,27.5,85,24.8,33.4,0.3,93,12,34,83,0.15,0.54,258.6,89.1,169.5,203.0,725.2,1
2019-08-20 09:00:00,28.7,81,25.1,35.1,0.1,97,92,36,80,0.32,0.76,499.4,271.9,227.5,427.0,967.6,1
2019-08-20 10:00:00,28.0,81,24.3,32.8,0.9,91,47,34,85,0.25,0.73,353.7,117.9,235.8,147.8,1152.4,1
2019-08-20 11:00:00,28.5,84,25.5,34.3,0.3,92,13,54,87,0.33,0.62,471.0,199.0,272.0,218.6,1267.2,1
2019-08-20 12:00:00,29.1,85,26.3,35.7,0.3,87,2,41,84,0.42,0.61,591.3,273.5,317.9,282.7,1303.9,1
2019-08-20 13:00:00,28.5,84,25.6,34.3,3.9,89,19,40,84,0.33,0.61,449.8,105.6,344.2,109.5,1260.1,1
2019-08-20 14:00:00,28.4,86,25.9,34.5,0.6,98,28,63,97,0.26,0.53,335.3,100.1,235.2,110.9,1138.8,1
2019-08-20 15:00:00,27.7,84,24.8,33.1,0.3,99,40,59,97,0.19,0.58,215.2,51.5,163.6,65.6,948.2,1
2019-08-20 16:00:00,27.1,87,24.7,32.6,0.4,99,24,41,99,0.12,0.47,123.5,24.5,99.0,39.6,701.3,1
2019-08-20 17:00:00,26.7,89,24.7,32.1,0.5,96,25,54,95,0.1,0.39,88.8,8.9,79.9,21.2,414.8,1
2019-08-20 18:00:00,26.2,91,24.7,31.4,0.2,99,14,50,98,0.05,0.29,24.0,7.0,16.9,35.8,108.4,1
2019-08-20 19:00:00,25.9,93,24.7,31.1,0.1,100,10,84,100,0.02,0.24,0.0,0.0,0.0,0.0,0.0,0
2019-08-20 20:00:00,26.4,92,25.0,31.8,0.4,100,3,100,100,0.0,0.27,0.0,0.0,0.0,0.0,0.0,0
2019-08-20 21:00:00,26.5,92,25.1,32.1,0.4,100,0,85,100,0.0,0.29,0.0,0.0,0.0,0.0,0.0,0
2019-08-20 22:00:00,26.4,93,25.2,32.1,0.8,100,0,95,100,0.0,0.25,0.0,0.0,0.0,0.0,0.0,0
2019-08-20 23:00:00,26.3,92,25.0,31.8,1.4,100,0,100,100,0.0,0.26,0.0,0.0,0.0,0.0,0.0,0
2019-08-21 00:00:00,26.2,93,24.9,31.7,0.9,100,0,99,100,0.0,0.25,0.0,0.0,0.0,0.0,0.0,0
2019-08-21 01:00:00,26.0,94,24.9,32.1,0.5,98,0,85,97,0.0,0.21,0.0,0.0,0.0,0.0,0.0,0
2019-08-21 02:00:00,25.7,95,24.8,32.0,0.6,98,10,96,95,0.0,0.17,0.0,0.0,0.0,0.0,0.0,0
2019-08-21 03:00:00,25.3,98,24.9,31.3,0.5,63,23,52,24,0.0,0.08,0.0,0.0,0.0,0.0,0.0,0
2019-08-21 04:00:00,25.0,98,24.7,31.1,0.1,38,25,26,16,0.0,0.06,0.0,0.0,0.0,0.0,0.0,0
2019-08-21 05:00:00,25.1,97,24.6,31.0,0.0,58,25,32,35,0.0,0.08,0.0,0.0,0.0,0.0,0.0,0
2019-08-21 06:00:00,25.6,94,24.6,31.6,0.0,64,25,29,54,0.01,0.19,16.4,2.3,14.0,13.4,134.9,1
2019-08-21 07:00:00,26.3,92,24.8,32.4,0.0,73,15,33,62,0.08,0.28,180.1,80.9,99.2,374.6,440.4,1
2019-08-21 08:00:00,27.7,83,24.5,33.9,0.0,89,3,66,95,0.17,0.64,293.4,159.7,133.7,364.9,724.1,1
2019-08-21 09:00:00,28.7,79,24.8,34.8,0.0,99,3,25,98,0.28,0.81,425.6,227.6,198.0,357.9,966.7,1
2019-08-21 10:00:00,29.7,76,25.0,35.6,0.0,99,15,38,99,0.35,1.01,507.4,217.4,289.9,272.9,1151.6,1
2019-08-21 11:00:00,30.5,73,25.2,36.5,0.0,98,8,21,98,0.43,1.16,594.0,304.3,289.7,334.6,1266.2,1
2019-08-21 12:00:00,31.0,71,25.2,37.5,0.1,99,20,25,98,0.48,1.3,631.6,309.7,321.9,320.6,1302.7,1
2019-08-21 13:00:00,30.6,73,25.3,36.6,1.2,99,20,48,98,0.47,1.17,608.1,330.5,277.7,343.0,1258.6,1
2019-08-21 14:00:00,30.0,76,25.3,35.4,4.1,99,23,54,97,0.38,1.02,475.0,165.2,309.7,183.4,1136.7,1
2019-08-21 15:00:00,30.3,72,24.6,35.3,0.1,99,24,23,98,0.32,1.21,362.4,169.0,193.4,215.8,945.5,1
2019-08-21 16:00:00,30.2,73,24.9,35.3,0.0,97,9,16,97,0.32,1.15,351.6,210.5,141.2,340.6,698.0,1
2019-08-21 17:00:00,29.8,76,25.0,34.9,0.0,98,58,30,95,0.2,1.02,177.1,95.9,81.2,230.2,411.0,1
2019-08-21 18:00:00,28.6,82,25.2,33.7,0.0,88,1,20,85,0.09,0.71,33.0,10.9,22.2,56.3,104.0,1
2019-08-21 19:00:00,27.6,85,24.8,32.8,0.0,80,1,4,79,0.04,0.56,0.0,0.0,0.0,0.0,0.0,0
2019-08-21 20:00:00,26.8,86,24.4,31.7,0.0,66,1,13,86,0.01,0.48,0.0,0.0,0.0,0.0,0.0,0
2019-08-21 21:00:00,26.5,88,24.3,31.6,0.0,85,0,0,85,0.01,0.42,0.0,0.0,0.0,0.0,0.0,0
2019-08-21 22:00:00,26.2,89,24.3,31.6,0.0,80,3,0,79,0.0,0.36,0.0,0.0,0.0,0.0,0.0,0
2019-08-21 23:00:00,25.7,92,24.4,31.4,0.0,84,16,1,81,0.0,0.26,0.0,0.0,0.0,0.0,0.0,0
2019-08-22 00:00:00,25.0,95,24.1,30.3,0.0,85,51,7,77,0.0,0.17,0.0,0.0,0.0,0.0,0.0,0
2019-08-22 01:00:00,25.3,94,24.2,30.9,0.0,71,41,17,50,0.0,0.2,0.0,0.0,0.0,0.0,0.0,0
2019-08-22 02:00:00,25.5,93,24.3,31.3,0.0,30,22,10,10,0.0,0.22,0.0,0.0,0.0,0.0,0.0,0
2019-08-22 03:00:00,25.5,94,24.5,31.4,0.0,30,16,7,17,0.0,0.19,0.0,0.0,0.0,0.0,0.0,0
2019-08-22 04:00:00,25.4,94,24.4,31.2,0.0,26,8,7,18,0.0,0.19,0.0,0.0,0.0,0.0,0.0,0
2019-08-22 05:00:00,25.2,94,24.3,30.8,0.0,23,7,7,16,0.0,0.18,0.0,0.0,0.0,0.0,0.0,0
2019-08-22 06:00:00,25.9,94,24.8,32.1,0.0,23,0,9,16,0.01,0.21,18.8,4.7,14.1,26.9,133.0,1
2019-08-22 07:00:00,27.5,87,25.1,33.8,0.0,30,0,6,26,0.09,0.5,206.5,123.9,82.6,577.4,438.9,1
2019-08-22 08:00:00,29.3,80,25.5,35.1,0.0,24,1,0,29,0.25,0.81,421.2,315.9,105.3,723.6,723.0,1
2019-08-22 09:00:00,30.7,73,25.4,36.0,0.0,21,7,0,15,0.42,1.18,643.1,524.7,118.4,826.5,965.8,1
2019-08-22 10:00:00,31.7,69,25.3,37.2,0.0,36,12,0,28,0.55,1.46,787.6,648.0,139.6,814.4,1150.8,1
2019-08-22 11:00:00,31.9,68,25.1,36.6,0.0,5,5,2,0,0.55,1.53,751.3,482.4,268.8,531.1,1265.3,1
2019-08-22 12:00:00,32.0,68,25.4,37.4,0.0,4,4,0,0,0.65,1.51,895.9,706.2,189.7,731.8,1301.5,1
2019-08-22 13:00:00,32.1,66,25.0,36.7,0.0,6,6,3,0,0.63,1.62,825.0,596.3,228.7,619.9,1256.9,1
2019-08-22 14:00:00,31.9,67,25.0,36.5,0.0,29,28,11,0,0.6,1.55,754.2,562.6,191.6,625.8,1134.6,1
2019-08-22 15:00:00,31.5,69,25.1,35.7,0.0,7,6,2,0,0.5,1.43,588.8,466.0,122.8,596.8,942.8,1
2019-08-22 16:00:00,30.7,72,25.1,34.6,0.0,6,5,1,0,0.38,1.23,421.3,325.1,96.3,528.2,694.7,1
2019-08-22 17:00:00,29.7,76,25.1,34.1,0.0,5,3,4,0,0.24,0.98,222.2,156.7,65.5,378.6,407.0,1
2019-08-22 18:00:00,28.6,79,24.5,33.0,0.0,4,4,3,0,0.11,0.83,44.7,26.6,18.0,140.2,99.5,1
2019-08-22 19:00:00,27.8,81,24.2,32.4,0.0,9,8,2,0,0.05,0.73,0.0,0.0,0.0,0.0,0.0,0
2019-08-22 20:00:00,27.7,84,24.7,32.5,0.0,3,2,0,0,0.02,0.61,0.0,0.0,0.0,0.0,0.0,0
2019-08-22 21:00:00,27.8,83,24.7,32.3,0.0,0,0,0,0,0.03,0.63,0.0,0.0,0.0,0.0,0.0,0
2019-08-22 22:00:00,27.7,84,24.7,32.2,0.0,2,1,0,0,0.03,0.6,0.0,0.0,0.0,0.0,0.0,0
2019-08-22 23:00:00,27.5,84,24.5,31.9,0.0,0,0,0,0,0.03,0.6,0.0,0.0,0.0,0.0,0.0,0
2019-08-23 00:00:00,27.2,84,24.3,31.7,0.0,3,3,0,0,0.02,0.57,0.0,0.0,0.0,0.0,0.0,0
2019-08-23 01:00:00,26.9,85,24.2,31.4,0.0,1,1,0,0,0.02,0.52,0.0,0.0,0.0,0.0,0.0,0
2019-08-23 02:00:00,26.6,86,24.2,31.2,0.0,2,2,0,0,0.02,0.47,0.0,0.0,0.0,0.0,0.0,0
2019-08-23 03:00:00,26.4,89,24.4,31.2,0.0,1,1,0,0,0.01,0.4,0.0,0.0,0.0,0.0,0.0,0
2019-08-23 04:00:00,26.3,90,24.5,31.2,0.0,1,1,0,0,0.01,0.34,0.0,0.0,0.0,0.0,0.0,0
2019-08-23 05:00:00,26.1,91,24.6,30.9,0.0,0,0,0,0,0.01,0.3,0.0,0.0,0.0,0.0,0.0,0
2019-08-23 06:00:00,26.4,91,24.7,30.9,0.0,0,0,0,0,0.03,0.32,21.2,7.1,14.1,40.4,131.1,1
2019-08-23 07:00:00,28.1,85,25.3,32.8,0.0,7,7,0,0,0.11,0.57,219.3,142.6,76.7,668.7,437.5,1
2019-08-23 08:00:00,29.6,79,25.5,34.3,0.0,9,5,2,0,0.26,0.87,430.1,324.8,105.4,745.8,721.9,1
2019-08-23 09:00:00,30.7,72,25.0,34.6,0.0,4,4,1,0,0.42,1.24,642.1,524.8,117.3,828.0,964.9,1
2019-08-23 10:00:00,31.3,70,25.2,36.1,0.0,2,2,1,0,0.55,1.37,808.2,679.5,128.8,855.0,1149.9,1
2019-08-23 11:00:00,31.3,71,25.4,36.5,0.0,14,3,13,0,0.59,1.34,861.7,700.2,161.5,771.7,1264.3,1
2019-08-23 12:00:00,31.5,71,25.5,37.0,0.0,37,37,5,0,0.63,1.35,891.7,729.3,162.4,756.7,1300.2,1
2019-08-23 13:00:00,30.9,73,25.5,36.0,0.0,43,35,39,0,0.57,1.19,794.5,622.5,172.0,648.2,1255.2,1
2019-08-23 14:00:00,30.7,74,25.5,35.5,0.0,29,22,24,0,0.52,1.15,679.4,496.4,183.1,553.2,1132.4,1
2019-08-23 15:00:00,30.5,73,25.2,34.8,0.0,27,27,1,0,0.46,1.17,565.0,430.5,134.5,552.9,940.0,1
2019-08-23 16:00:00,30.1,75,25.2,34.0,0.1,30,27,23,0,0.36,1.05,409.0,305.3,103.7,498.2,691.2,1
2019-08-23 17:00:00,29.2,80,25.3,33.4,0.1,31,30,23,0,0.22,0.83,205.3,143.0,62.3,348.0,403.0,1
2019-08-23 18:00:00,28.1,83,25.0,32.2,0.1,23,22,5,0,0.1,0.65,39.5,22.1,17.5,117.1,94.9,1
2019-08-23 19:00:00,27.5,86,25.0,31.4,0.1,41,0,9,37,0.05,0.5,0.0,0.0,0.0,0.0,0.0,0
2019-08-23 20:00:00,27.3,87,25.0,31.7,0.1,35,5,2,0,0.02,0.47,0.0,0.0,0.0,0.0,0.0,0
2019-08-23 21:00:00,27.6,87,25.2,32.1,0.0,1,0,1,0,0.03,0.5,0.0,0.0,0.0,0.0,0.0,0
2019-08-23 22:00:00,27.6,88,25.4,32.0,0.0,18,17,8,0,0.03,0.46,0.0,0.0,0.0,0.0,0.0,0
2019-08-23 23:00:00,27.6,87,25.3,31.8,0.1,38,14,29,14,0.03,0.47,0.0,0.0,0.0,0.0,0.0,0
2019-08-24 00:00:00,27.3,87,24.8,30.9,0.4,39,5,32,18,0.03,0.49,0.0,0.0,0.0,0.0,0.0,0
2019-08-24 01:00:00,27.1,87,24.7,30.9,0.3,21,1,14,10,0.03,0.47,0.0,0.0,0.0,0.0,0.0,0
2019-08-24 02:00:00,27.1,88,25.0,30.9,0.2,8,0,5,4,0.03,0.42,0.0,0.0,0.0,0.0,0.0,0
2019-08-24 03:00:00,27.0,87,24.6,30.3,0.3,13,5,11,2,0.04,0.47,0.0,0.0,0.0,0.0,0.0,0
2019-08-24 04:00:00,26.9,88,24.8,30.1,0.5,22,0,13,11,0.03,0.41,0.0,0.0,0.0,0.0,0.0,0
2019-08-24 05:00:00,27.1,88,24.9,30.1,0.2,20,1,6,16,0.04,0.43,0.0,0.0,0.0,0.0,0.0,0
2019-08-24 06:00:00,27.0,88,24.8,29.8,0.3,43,13,9,34,0.06,0.44,18.9,4.7,14.1,27.0,129.2,1
2019-08-24 07:00:00,27.8,87,25.5,30.7,0.3,60,25,17,49,0.1,0.47,166.1,75.3,90.7,355.4,436.1,1
2019-08-24 08:00:00,28.3,84,25.3,31.4,0.7,82,2,22,84,0.21,0.63,358.5,193.5,165.0,445.5,720.8,1
2019-08-24 09:00:00,28.8,80,25.0,30.9,0.6,97,78,33,94,0.32,0.79,520.4,308.6,211.8,487.6,964.0,1
2019-08-24 10:00:00,29.0,80,25.2,31.5,0.5,95,20,41,93,0.3,0.8,445.8,148.2,297.6,186.8,1149.0,1
2019-08-24 11:00:00,29.9,75,24.9,31.9,1.1,96,13,34,95,0.48,1.06,749.1,431.4,317.8,476.0,1263.2,1
2019-08-24 12:00:00,29.8,77,25.3,31.8,1.1,100,7,54,100,0.47,0.98,722.2,383.3,338.9,398.2,1298.9,1
2019-08-24 13:00:00,29.7,78,25.3,31.6,0.6,100,32,65,100,0.42,0.94,608.7,346.9,261.9,361.8,1253.5,1
2019-08-24 14:00:00,29.2,80,25.3,30.9,0.3,100,20,19,100,0.32,0.83,413.2,85.8,327.3,95.9,1130.1,1
2019-08-24 15:00:00,29.2,80,25.4,30.8,0.6,100,27,45,100,0.34,0.8,449.2,168.7,280.5,217.3,937.1,1
2019-08-24 16:00:00,28.6,80,24.8,29.7,0.5,100,23,35,100,0.21,0.77,185.3,43.0,142.4,70.4,687.8,1
2019-08-24 17:00:00,28.3,82,24.9,29.4,0.2,100,57,26,100,0.15,0.71,76.0,4.4,71.6,10.8,398.9,1
2019-08-24 18:00:00,28.3,84,25.3,30.9,0.4,100,97,24,100,0.1,0.63,18.0,0.7,17.3,3.9,90.3,1
2019-08-24 19:00:00,28.4,83,25.3,31.3,0.7,100,100,27,100,0.08,0.64,0.0,0.0,0.0,0.0,0.0,0
2019-08-24 20:00:00,27.7,84,24.6,29.0,1.2,100,0,4,100,0.07,0.61,0.0,0.0,0.0,0.0,0.0,0
2019-08-24 21:00:00,27.7,82,24.4,28.8,1.1,100,0,2,100,0.08,0.66,0.0,0.0,0.0,0.0,0.0,0
2019-08-24 22:00:00,27.5,82,24.3,28.1,0.5,100,17,4,100,0.08,0.64,0.0,0.0,0.0,0.0,0.0,0
2019-08-24 23:00:00,27.4,82,24.1,27.7,0.4,100,31,1,100,0.08,0.65,0.0,0.0,0.0,0.0,0.0,0
2019-08-25 00:00:00,27.4,83,24.3,28.4,0.4,100,23,2,100,0.08,0.61,0.0,0.0,0.0,0.0,0.0,0
2019-08-25 01:00:00,27.5,83,24.4,28.1,0.6,100,46,0,100,0.08,0.62,0.0,0.0,0.0,0.0,0.0,0
2019-08-25 02:00:00,27.5,83,24.3,28.6,0.4,100,14,4,100,0.07,0.62,0.0,0.0,0.0,0.0,0.0,0
2019-08-25 03:00:00,27.1,84,24.2,30.5,0.1,100,15,8,100,0.04,0.58,0.0,0.0,0.0,0.0,0.0,0
2019-08-25 04:00:00,26.9,85,24.2,30.8,0.1,99,11,7,98,0.03,0.52,0.0,0.0,0.0,0.0,0.0,0
2019-08-25 05:00:00,26.8,86,24.2,30.9,0.1,98,5,4,98,0.02,0.5,0.0,0.0,0.0,0.0,0.0,0
2019-08-25 06:00:00,26.7,87,24.4,31.7,0.0,97,10,1,96,0.03,0.44,14.2,0.0,14.2,0.0,127.4,1
2019-08-25 07:00:00,27.5,87,25.1,33.2,0.1,99,46,2,99,0.07,0.49,140.3,27.7,112.5,131.7,434.7,1
2019-08-25 08:00:00,28.7,84,25.7,34.9,0.1,98,93,24,97,0.17,0.65,288.0,88.1,199.8,203.4,719.7,1
2019-08-25 09:00:00,29.8,79,25.8,35.8,0.0,99,91,27,98,0.29,0.87,441.9,205.0,236.9,324.5,963.0,1
2019-08-25 10:00:00,30.5,75,25.6,36.9,0.1,80,68,33,61,0.4,1.08,571.3,269.4,301.9,339.9,1148.1,1
2019-08-25 11:00:00,31.3,72,25.6,38.7,0.1,96,68,44,92,0.53,1.29,735.6,467.8,267.8,516.9,1262.1,1
2019-08-25 12:00:00,31.6,72,25.9,39.2,0.2,95,28,48,91,0.5,1.31,658.6,445.8,212.8,463.8,1297.5,1
2019-08-25 13:00:00,32.3,69,25.9,40.5,0.1,92,32,30,88,0.56,1.49,708.3,485.5,222.7,507.2,1251.6,1
2019-08-25 14:00:00,32.6,67,25.6,40.4,0.0,93,37,39,88,0.51,1.64,624.3,460.2,164.1,515.1,1127.7,1
2019-08-25 15:00:00,32.4,67,25.5,38.8,0.1,95,41,44,91,0.43,1.6,488.6,339.9,148.8,439.0,934.2,1
2019-08-25 16:00:00,31.5,69,25.0,37.5,0.1,99,2,18,99,0.26,1.44,270.9,150.6,120.3,247.9,684.2,1
2019-08-25 17:00:00,31.0,72,25.4,37.3,0.0,96,1,14,96,0.19,1.25,179.2,102.0,77.2,251.9,394.8,1
2019-08-25 18:00:00,29.7,76,25.1,35.7,0.0,100,1,30,100,0.08,0.99,30.2,10.3,19.9,54.7,85.7,1
2019-08-25 19:00:00,29.9,74,24.8,36.0,0.0,98,0,33,97,0.03,1.1,0.0,0.0,0.0,0.0,0.0,0
2019-08-25 20:00:00,29.4,71,23.6,34.9,0.0,100,1,45,96,0.0,1.19,0.0,0.0,0.0,0.0,0.0,0
2019-08-25 21:00:00,28.3,80,24.5,34.1,0.0,97,2,20,96,0.0,0.76,0.0,0.0,0.0,0.0,0.0,0
2019-08-25 22:00:00,27.9,83,24.8,33.6,0.0,97,3,8,97,0.01,0.63,0.0,0.0,0.0,0.0,0.0,0
2019-08-25 23:00:00,27.5,87,25.2,33.4,0.0,76,5,7,75,0.0,0.48,0.0,0.0,0.0,0.0,0.0,0
2019-08-26 00:00:00,27.0,90,25.3,33.1,0.0,92,1,11,91,0.0,0.34,0.0,0.0,0.0,0.0,0.0,0
2019-08-26 01:00:00,27.4,88,25.3,34.2,0.0,96,34,12,95,0.0,0.43,0.0,0.0,0.0,0.0,0.0,0
2019-08-26 02:00:00,26.4,95,25.5,33.0,0.0,98,38,14,96,0.0,0.17,0.0,0.0,0.0,0.0,0.0,0
2019-08-26 03:00:00,26.5,93,25.3,33.0,0.0,95,13,17,94,0.0,0.23,0.0,0.0,0.0,0.0,0.0,0
2019-08-26 04:00:00,26.5,92,25.2,32.8,0.0,95,21,18,93,0.0,0.27,0.0,0.0,0.0,0.0,0.0,0
2019-08-26 05:00:00,26.3,92,24.9,32.3,0.0,97,5,7,97,0.0,0.27,0.0,0.0,0.0,0.0,0.0,0
2019-08-26 06:00:00,26.6,91,25.1,32.6,0.0,96,4,4,96,0.02,0.3,14.2,2.4,11.9,13.5,125.5,1
2019-08-26 07:00:00,28.0,87,25.5,34.4,0.0,94,5,7,94,0.09,0.51,190.1,89.6,100.5,428.1,433.2,1
2019-08-26 08:00:00,29.2,77,24.6,35.4,0.0,93,7,7,92,0.21,0.95,362.6,219.8,142.8,508.7,718.6,1
2019-08-26 09:00:00,30.4,72,24.7,36.4,0.0,95,10,7,95,0.37,1.23,562.8,426.1,136.7,675.5,962.1,1
2019-08-26 10:00:00,31.2,70,25.0,37.8,0.0,97,33,7,96,0.45,1.38,637.4,456.7,180.7,576.9,1147.1,1
2019-08-26 11:00:00,31.2,70,25.0,37.2,0.2,87,31,40,77,0.42,1.37,561.6,336.5,225.0,372.3,1261.0,1
2019-08-26 12:00:00,31.1,72,25.3,37.2,0.3,54,32,34,22,0.48,1.28,635.3,393.3,242.0,409.8,1296.0,1
2019-08-26 13:00:00,31.2,71,25.2,37.3,0.3,66,49,43,49,0.49,1.34,621.2,388.7,232.5,406.8,1249.8,1
2019-08-26 14:00:00,30.6,73,25.1,36.3,0.3,85,19,55,77,0.39,1.19,477.0,273.4,203.6,306.7,1125.4,1
2019-08-26 15:00:00,30.9,71,25.0,36.6,0.2,76,57,69,38,0.39,1.29,452.3,245.1,207.2,317.5,931.2,1
2019-08-26 16:00:00,30.1,74,25.0,36.1,0.1,69,43,65,19,0.25,1.11,269.8,153.8,116.0,254.3,680.7,1
2019-08-26 17:00:00,29.9,75,25.0,36.1,0.0,89,3,42,86,0.17,1.05,164.1,103.8,60.3,258.4,390.6,1
2019-08-26 18:00:00,29.1,88,26.8,36.8,0.0,96,4,36,94,0.05,0.49,21.6,8.6,13.0,45.3,81.0,1
2019-08-26 19:00:00,29.2,76,24.6,35.4,0.0,92,6,6,91,0.02,0.97,0.0,0.0,0.0,0.0,0.0,0
2019-08-26 20:00:00,28.0,91,26.3,35.0,0.0,67,22,19,35,0.0,0.35,0.0,0.0,0.0,0.0,0.0,0
2019-08-26 21:00:00,28.4,85,25.7,35.4,0.0,20,20,12,0,0.0,0.57,0.0,0.0,0.0,0.0,0.0,0
2019-08-26 22:00:00,27.1,93,25.8,33.8,0.0,9,9,4,0,0.0,0.25,0.0,0.0,0.0,0.0,0.0,0
2019-08-26 23:00:00,27.0,90,25.2,33.1,0.0,3,1,2,0,0.0,0.36,0.0,0.0,0.0,0.0,0.0,0
2019-08-27 00:00:00,26.7,88,24.5,32.3,0.0,2,2,0,0,0.0,0.42,0.0,0.0,0.0,0.0,0.0,0
2019-08-27 01:00:00,26.4,89,24.3,31.9,0.0,6,6,0,0,0.0,0.39,0.0,0.0,0.0,0.0,0.0,0
2019-08-27 02:00:00,26.2,89,24.2,31.5,0.0,3,3,0,0,0.0,0.37,0.0,0.0,0.0,0.0,0.0,0
2019-08-27 03:00:00,25.9,90,24.1,31.2,0.0,2,2,0,0,0.0,0.33,0.0,0.0,0.0,0.0,0.0,0
2019-08-27 04:00:00,25.2,93,23.9,30.5,0.0,18,7,0,11,0.0,0.23,0.0,0.0,0.0,0.0,0.0,0
2019-08-27 05:00:00,24.5,95,23.6,29.5,0.0,28,10,0,20,0.0,0.16,0.0,0.0,0.0,0.0,0.0,0
2019-08-27 06:00:00,25.2,94,24.2,30.9,0.0,25,9,0,17,0.01,0.19,19.0,7.1,11.9,40.7,123.6,1
2019-08-27 07:00:00,27.4,85,24.7,33.0,0.0,30,1,0,29,0.1,0.55,213.8,141.0,72.8,677.7,431.8,1
2019-08-27 08:00:00,29.2,77,24.6,33.6,0.0,6,5,0,0,0.27,0.95,448.6,351.7,96.9,816.1,717.4,1
2019-08-27 09:00:00,30.2,72,24.5,34.4,0.0,5,5,0,0,0.42,1.21,649.5,535.5,113.9,850.5,961.1,1
2019-08-27 10:00:00,31.1,69,24.6,36.3,0.0,2,2,0,0,0.56,1.42,819.2,701.3,118.0,887.1,1146.1,1
2019-08-27 11:00:00,31.8,66,24.6,37.8,0.0,0,0,0,0,0.65,1.6,905.3,770.9,134.4,854.1,1259.8,1
2019-08-27 12:00:00,32.3,64,24.6,39.0,0.0,5,5,0,0,0.71,1.75,952.8,821.7,131.1,857.4,1294.5,1
2019-08-27 13:00:00,32.3,64,24.6,38.6,0.0,54,7,0,51,0.69,1.75,899.3,731.4,168.0,766.8,1247.9,1
2019-08-27 14:00:00,31.7,65,24.3,36.7,0.0,4,4,0,0,0.61,1.64,769.0,630.4,138.5,708.8,1122.9,1
2019-08-27 15:00:00,30.6,67,23.9,34.1,0.0,1,1,0,0,0.51,1.44,610.5,506.1,104.5,657.7,928.2,1
2019-08-27 16:00:00,29.9,69,23.6,32.5,0.0,3,3,0,0,0.4,1.3,438.1,357.6,80.6,593.9,677.0,1
2019-08-27 17:00:00,29.0,74,23.8,32.2,0.0,1,1,0,0,0.25,1.06,230.1,178.7,51.4,448.2,386.4,1
2019-08-27 18:00:00,28.0,76,23.3,31.4,0.0,5,5,0,0,0.12,0.91,37.1,23.7,13.5,125.1,76.3,1
2019-08-27 19:00:00,27.2,81,23.6,31.1,0.0,4,4,0,0,0.06,0.7,0.0,0.0,0.0,0.0,0.0,0
2019-08-27 20:00:00,27.2,82,23.9,31.5,0.0,8,3,0,0,0.03,0.65,0.0,0.0,0.0,0.0,0.0,0
2019-08-27 21:00:00,27.4,81,23.8,31.5,0.0,10,10,0,0,0.03,0.7,0.0,0.0,0.0,0.0,0.0,0
2019-08-27 22:00:00,27.3,81,23.8,31.1,0.0,7,7,0,0,0.04,0.69,0.0,0.0,0.0,0.0,0.0,0
2019-08-27 23:00:00,27.3,81,23.8,31.2,0.0,18,18,0,0,0.04,0.69,0.0,0.0,0.0,0.0,0.0,0
2019-08-28 00:00:00,27.4,80,23.7,31.4,0.0,21,21,0,0,0.04,0.73,0.0,0.0,0.0,0.0,0.0,0
2019-08-28 01:00:00,27.2,81,23.7,31.8,0.0,11,11,0,0,0.02,0.68,0.0,0.0,0.0,0.0,0.0,0
2019-08-28 02:00:00,27.0,83,23.9,31.7,0.0,8,8,0,0,0.02,0.61,0.0,0.0,0.0,0.0,0.0,0
2019-08-28 03:00:00,27.1,83,24.0,31.6,0.0,8,8,0,0,0.02,0.61,0.0,0.0,0.0,0.0,0.0,0
2019-08-28 04:00:00,27.0,83,24.0,31.4,0.0,20,10,0,11,0.02,0.59,0.0,0.0,0.0,0.0,0.0,0
2019-08-28 05:00:00,26.9,84,23.9,31.2,0.0,9,9,0,0,0.02,0.57,0.0,0.0,0.0,0.0,0.0,0
2019-08-28 06:00:00,27.1,83,24.0,31.1,0.0,13,13,0,0,0.05,0.6,16.7,4.8,11.9,27.2,121.8,1
2019-08-28 07:00:00,28.4,79,24.5,32.5,0.0,25,24,0,2,0.12,0.8,206.6,124.3,82.3,601.1,430.3,1
2019-08-28 08:00:00,29.8,75,24.8,33.6,0.0,13,5,0,0,0.27,1.07,419.1,304.7,114.4,708.8,716.3,1
2019-08-28 09:00:00,30.9,71,25.0,34.8,0.0,2,2,0,0,0.43,1.3,649.6,535.6,114.0,852.2,960.0,1
2019-08-28 10:00:00,31.6,68,25.1,36.3,0.0,2,2,0,0,0.56,1.47,811.7,685.1,126.6,867.8,1145.0,1
2019-08-28 11:00:00,31.9,68,25.2,36.6,0.0,4,4,0,0,0.62,1.51,891.7,736.5,155.2,817.1,1258.6,1
2019-08-28 12:00:00,31.8,68,25.3,36.6,0.0,6,6,0,0,0.66,1.49,929.5,771.2,158.3,806.0,1293.0,1
2019-08-28 13:00:00,31.7,69,25.3,36.0,0.0,2,2,0,0,0.64,1.45,881.6,720.5,161.1,756.7,1245.9,1
2019-08-28 14:00:00,31.4,70,25.3,35.6,0.0,18,18,0,0,0.59,1.37,780.9,646.2,134.7,728.3,1120.4,1
2019-08-28 15:00:00,31.1,71,25.3,34.8,0.0,21,21,0,0,0.5,1.31,614.6,475.1,139.5,619.5,925.1,1
2019-08-28 16:00:00,30.7,73,25.2,34.1,0.0,26,26,0,0,0.37,1.21,403.2,292.6,110.7,488.3,673.3,1
2019-08-28 17:00:00,30.0,75,25.0,34.2,0.0,12,12,0,0,0.24,1.08,204.0,134.1,69.9,339.0,382.1,1
2019-08-28 18:00:00,29.1,76,24.4,33.1,0.0,10,10,0,0,0.12,0.97,27.9,15.1,12.9,79.5,71.4,1
2019-08-28 19:00:00,28.5,79,24.5,32.7,0.0,13,13,0,0,0.07,0.83,0.0,0.0,0.0,0.0,0.0,0
2019-08-28 20:00:00,28.0,83,24.9,33.4,0.0,17,34,26,0,0.01,0.63,0.0,0.0,0.0,0.0,0.0,0
2019-08-28 21:00:00,28.1,83,25.0,33.8,0.1,46,41,40,0,0.01,0.64,0.0,0.0,0.0,0.0,0.0,0
2019-08-28 22:00:00,27.9,84,24.9,33.4,0.1,19,19,0,0,0.01,0.6,0.0,0.0,0.0,0.0,0.0,0
2019-08-28 23:00:00,27.6,85,24.9,32.8,0.0,19,19,3,0,0.02,0.55,0.0,0.0,0.0,0.0,0.0,0
2019-08-29 00:00:00,27.6,85,24.8,32.6,0.0,18,15,5,3,0.02,0.55,0.0,0.0,0.0,0.0,0.0,0
2019-08-29 01:00:00,27.5,84,24.6,32.5,0.0,33,20,5,16,0.02,0.58,0.0,0.0,0.0,0.0,0.0,0
2019-08-29 02:00:00,27.2,86,24.6,32.3,0.0,55,18,4,45,0.01,0.52,0.0,0.0,0.0,0.0,0.0,0
2019-08-29 03:00:00,26.7,89,24.7,32.1,0.0,36,13,6,26,0.0,0.4,0.0,0.0,0.0,0.0,0.0,0
2019-08-29 04:00:00,26.4,90,24.6,31.9,0.0,31,12,8,21,0.0,0.35,0.0,0.0,0.0,0.0,0.0,0
2019-08-29 05:00:00,25.9,93,24.6,31.5,0.0,10,9,8,0,0.0,0.25,0.0,0.0,0.0,0.0,0.0,0
2019-08-29 06:00:00,26.1,94,25.0,32.3,0.0,11,5,10,0,0.01,0.21,16.7,4.8,12.0,27.2,119.9,1
2019-08-29 07:00:00,27.5,87,25.2,33.9,0.0,11,1,11,0,0.08,0.47,193.1,119.9,73.2,583.7,428.9,1
2019-08-29 08:00:00,28.9,77,24.4,35.1,0.0,6,1,1,0,0.22,0.93,394.4,291.2,103.3,679.2,715.1,1
2019-08-29 09:00:00,30.7,71,24.8,37.2,0.0,2,1,1,0,0.41,1.29,628.1,516.4,111.7,823.0,959.0,1
2019-08-29 10:00:00,31.7,67,24.9,38.4,0.0,42,7,1,37,0.54,1.54,768.4,640.7,127.7,812.8,1143.9,1
2019-08-29 11:00:00,32.3,67,25.3,38.6,0.1,66,21,30,49,0.61,1.61,836.5,678.2,158.3,753.4,1257.3,1
2019-08-29 12:00:00,32.8,63,24.9,38.1,0.2,64,25,31,53,0.57,1.83,723.8,507.0,216.7,530.7,1291.4,1
2019-08-29 13:00:00,32.1,66,25.0,36.6,0.2,47,29,40,11,0.51,1.62,623.7,410.9,212.8,432.4,1243.8,1
2019-08-29 14:00:00,31.5,70,25.2,35.9,0.4,56,34,51,18,0.5,1.41,612.1,453.9,158.2,512.8,1117.7,1
2019-08-29 15:00:00,30.6,73,25.2,34.7,0.3,76,57,70,20,0.36,1.18,409.2,263.5,145.7,344.7,921.8,1
2019-08-29 16:00:00,30.3,75,25.4,35.5,0.0,31,7,18,19,0.27,1.08,277.9,148.2,129.8,248.5,669.4,1
2019-08-29 17:00:00,30.2,76,25.6,36.2,0.0,28,5,8,22,0.2,1.01,181.0,119.2,61.8,303.9,377.7,1
2019-08-29 18:00:00,30.2,74,24.9,36.8,0.0,23,4,9,18,0.06,1.13,26.3,14.6,11.6,77.0,66.5,1
2019-08-29 19:00:00,28.2,87,25.9,34.8,0.0,27,13,12,16,0.02,0.49,0.0,0.0,0.0,0.0,0.0,0
2019-08-29 20:00:00,27.9,82,24.6,33.0,0.0,29,9,19,28,0.02,0.67,0.0,0.0,0.0,0.0,0.0,0
2019-08-29 21:00:00,27.7,84,24.6,32.8,0.0,41,11,27,25,0.02,0.61,0.0,0.0,0.0,0.0,0.0,0
2019-08-29 22:00:00,27.7,85,25.0,33.4,0.0,45,23,18,29,0.01,0.55,0.0,0.0,0.0,0.0,0.0,0
2019-08-29 23:00:00,27.3,89,25.3,33.6,0.0,30,14,22,13,0.0,0.41,0.0,0.0,0.0,0.0,0.0,0
2019-08-30 00:00:00,27.0,91,25.3,33.3,0.0,24,14,14,8,0.0,0.33,0.0,0.0,0.0,0.0,0.0,0
2019-08-30 01:00:00,27.6,87,25.2,34.3,0.0,18,11,7,6,0.0,0.48,0.0,0.0,0.0,0.0,0.0,0
2019-08-30 02:00:00,26.0,95,25.1,31.9,0.0,14,11,8,2,0.0,0.17,0.0,0.0,0.0,0.0,0.0,0
2019-08-30 03:00:00,26.2,92,24.8,31.9,0.5,100,99,100,13,0.0,0.27,0.0,0.0,0.0,0.0,0.0,0
2019-08-30 04:00:00,25.4,95,24.6,31.0,1.5,100,100,3,24,0.0,0.16,0.0,0.0,0.0,0.0,0.0,0
2019-08-30 05:00:00,25.4,96,24.7,31.9,0.1,95,94,11,35,0.0,0.14,0.0,0.0,0.0,0.0,0.0,0
2019-08-30 06:00:00,25.6,94,24.6,32.0,0.0,53,24,24,40,0.01,0.19,12.0,2.4,9.6,13.6,118.1,1
2019-08-30 07:00:00,26.6,90,24.8,33.0,0.0,68,36,14,60,0.07,0.35,160.8,73.4,87.4,359.5,427.5,1
2019-08-30 08:00:00,27.9,87,25.6,34.4,0.0,100,100,15,44,0.19,0.48,341.1,196.7,144.4,460.2,713.9,1
2019-08-30 09:00:00,28.9,87,26.5,36.2,0.1,98,89,8,97,0.31,0.52,485.7,278.2,207.5,444.2,957.9,1
2019-08-30 10:00:00,30.1,80,26.4,37.7,0.0,99,82,7,98,0.45,0.84,654.8,386.4,268.4,490.9,1142.8,1
2019-08-30 11:00:00,28.7,81,25.1,33.8,2.3,100,98,98,96,0.41,0.76,605.2,367.7,237.5,409.1,1256.0,1
2019-08-30 12:00:00,27.7,87,25.3,34.4,1.2,100,84,20,100,0.14,0.49,179.4,0.0,179.4,0.0,1289.7,1
2019-08-30 13:00:00,27.5,87,25.1,33.9,1.9,100,44,12,100,0.2,0.49,259.6,56.6,203.0,59.7,1241.6,1
2019-08-30 14:00:00,27.7,87,25.4,34.3,0.2,100,28,12,100,0.15,0.48,180.7,0.0,180.7,0.0,1115.0,1
2019-08-30 15:00:00,28.3,86,25.6,35.1,1.0,100,85,56,100,0.15,0.55,174.3,5.4,169.0,7.1,918.5,1
2019-08-30 16:00:00,27.3,90,25.6,33.5,0.8,100,67,59,100,0.11,0.36,108.7,0.0,108.7,0.0,665.5,1
2019-08-30 17:00:00,27.0,89,24.9,33.3,1.2,100,1,13,100,0.07,0.41,61.5,0.0,61.5,0.0,373.1,1
2019-08-30 18:00:00,26.4,93,25.3,33.0,0.0,100,9,9,100,0.03,0.23,9.0,0.3,8.7,1.5,61.4,1
2019-08-30 19:00:00,26.1,93,24.9,32.3,0.0,100,22,16,100,0.02,0.22,0.0,0.0,0.0,0.0,0.0,0
2019-08-30 20:00:00,27.4,91,25.8,33.6,0.0,100,11,8,100,0.0,0.33,0.0,0.0,0.0,0.0,0.0,0
2019-08-30 21:00:00,27.1,92,25.7,32.8,0.0,97,1,2,97,0.0,0.28,0.0,0.0,0.0,0.0,0.0,0
2019-08-30 22:00:00,26.8,92,25.4,32.0,0.0,98,2,1,98,0.01,0.28,0.0,0.0,0.0,0.0,0.0,0
2019-08-30 23:00:00,26.7,91,25.1,31.7,0.0,96,0,4,96,0.01,0.33,0.0,0.0,0.0,0.0,0.0,0
2019-08-31 00:00:00,26.5,90,24.8,30.9,0.0,97,1,9,97,0.01,0.33,0.0,0.0,0.0,0.0,0.0,0
2019-08-31 01:00:00,26.4,90,24.6,30.7,0.0,98,0,10,98,0.01,0.35,0.0,0.0,0.0,0.0,0.0,0
2019-08-31 02:00:00,26.2,91,24.6,30.6,0.0,98,1,4,98,0.01,0.31,0.0,0.0,0.0,0.0,0.0,0
2019-08-31 03:00:00,26.0,92,24.5,30.4,0.0,97,1,5,97,0.01,0.28,0.0,0.0,0.0,0.0,0.0,0
2019-08-31 04:00:00,25.8,93,24.5,30.3,0.0,94,3,3,93,0.0,0.25,0.0,0.0,0.0,0.0,0.0,0
2019-08-31 05:00:00,26.1,91,24.5,30.4,0.0,52,6,2,49,0.01,0.31,0.0,0.0,0.0,0.0,0.0,0
2019-08-31 06:00:00,26.2,90,24.5,30.5,0.0,30,4,6,25,0.03,0.34,14.4,2.4,12.0,13.7,116.3,1
2019-08-31 07:00:00,27.4,87,25.1,31.9,0.0,26,2,5,23,0.1,0.46,194.1,109.6,84.5,540.2,426.1,1
2019-08-31 08:00:00,29.0,79,25.0,33.1,0.0,10,11,10,18,0.25,0.84,408.6,296.5,112.1,695.5,712.8,1
2019-08-31 09:00:00,29.9,74,24.7,33.4,0.0,33,9,11,24,0.38,1.1,577.0,424.2,152.8,678.5,956.8,1
2019-08-31 10:00:00,30.4,72,24.7,34.4,0.0,32,11,11,22,0.49,1.22,738.2,583.4,154.8,742.3,1141.7,1
2019-08-31 11:00:00,30.9,71,24.9,35.4,0.0,11,9,10,0,0.57,1.31,828.1,670.8,157.3,747.4,1254.6,1
2019-08-31 12:00:00,31.4,68,24.7,36.2,0.0,8,7,1,0,0.63,1.49,876.7,733.6,143.1,770.4,1287.9,1
2019-08-31 13:00:00,31.3,68,24.7,36.0,0.0,45,6,0,42,0.63,1.46,856.6,735.6,121.0,777.2,1239.4,1
2019-08-31 14:00:00,31.1,68,24.5,35.4,0.0,15,6,0,10,0.59,1.45,766.9,621.0,145.8,705.2,1112.2,1
2019-08-31 15:00:00,30.6,70,24.5,34.3,0.0,48,8,0,45,0.49,1.32,591.8,465.2,126.6,612.8,915.1,1
2019-08-31 16:00:00,29.9,73,24.5,33.5,0.0,35,15,0,30,0.36,1.13,393.2,300.6,92.7,509.3,661.4,1
2019-08-31 17:00:00,29.1,76,24.4,32.8,0.0,94,11,0,94,0.22,0.96,186.6,126.8,59.8,329.0,368.5,1
2019-08-31 18:00:00,28.2,77,23.8,31.4,0.0,94,10,1,94,0.11,0.88,21.4,10.0,11.4,52.6,56.3,1
2019-08-31 19:00:00,27.5,80,23.8,30.7,0.0,92,0,1,92,0.07,0.72,0.0,0.0,0.0,0.0,0.0,0
2019-08-31 20:00:00,27.5,81,24.0,30.2,0.0,93,2,1,7,0.06,0.69,0.0,0.0,0.0,0.0,0.0,0
2019-08-31 21:00:00,27.5,81,23.9,30.3,0.0,49,2,0,48,0.06,0.71,0.0,0.0,0.0,0.0,0.0,0
2019-08-31 22:00:00,27.3,81,23.7,30.4,0.0,7,5,1,2,0.05,0.7,0.0,0.0,0.0,0.0,0.0,0
2019-08-31 23:00:00,27.1,81,23.6,30.4,0.0,37,3,1,35,0.04,0.68,0.0,0.0,0.0,0.0,0.0,0
2019-09-01 00:00:00,26.9,82,23.6,30.2,0.0,57,6,2,55,0.04,0.63,0.0,0.0,0.0,0.0,0.0,0
2019-09-01 01:00:00,26.8,82,23.5,29.7,0.0,46,17,3,37,0.04,0.62,0.0,0.0,0.0,0.0,0.0,0
2019-09-01 02:00:00,26.8,83,23.7,29.8,0.0,45,20,2,37,0.04,0.59,0.0,0.0,0.0,0.0,0.0,0
2019-09-01 03:00:00,26.7,84,23.8,29.9,0.0,20,18,1,4,0.04,0.55,0.0,0.0,0.0,0.0,0.0,0
2019-09-01 04:00:00,26.5,83,23.4,30.0,0.0,3,1,2,1,0.03,0.58,0.0,0.0,0.0,0.0,0.0,0
2019-09-01 05:00:00,26.1,84,23.2,30.0,0.0,5,3,2,0,0.02,0.54,0.0,0.0,0.0,0.0,0.0,0
2019-09-01 06:00:00,26.1,85,23.3,29.8,0.0,13,12,2,0,0.04,0.52,14.5,4.8,9.7,27.4,114.5,1
2019-09-01 07:00:00,27.5,81,24.0,31.2,0.0,9,4,8,0,0.11,0.69,197.7,122.4,75.3,607.3,424.6,1
2019-09-01 08:00:00,29.3,75,24.4,33.7,0.0,7,3,1,0,0.25,1.02,396.4,291.7,104.7,686.1,711.6,1
2019-09-01 09:00:00,30.4,71,24.6,34.2,0.0,8,8,1,0,0.41,1.26,617.1,491.6,125.5,787.7,955.7,1
2019-09-01 10:00:00,31.1,68,24.5,34.9,0.0,15,15,1,0,0.53,1.46,763.1,621.3,141.8,791.8,1140.5,1
2019-09-01 11:00:00,31.3,67,24.5,35.1,0.0,23,21,5,0,0.6,1.51,857.2,702.0,155.2,783.4,1253.1,1
2019-09-01 12:00:00,31.4,67,24.5,35.4,0.0,11,11,2,0,0.61,1.51,844.4,647.9,196.5,681.6,1286.1,1
2019-09-01 13:00:00,31.1,69,24.7,34.9,0.0,9,8,3,0,0.57,1.4,758.8,559.8,199.0,592.7,1237.0,1
2019-09-01 14:00:00,30.9,71,25.0,35.7,0.0,2,1,2,0,0.54,1.31,697.0,529.5,167.4,602.9,1109.3,1
2019-09-01 15:00:00,30.7,70,24.6,34.2,0.0,17,15,3,1,0.47,1.34,565.4,440.7,124.7,582.6,911.5,1
2019-09-01 16:00:00,29.8,74,24.7,33.4,0.0,13,12,2,0,0.33,1.08,360.2,251.8,108.4,428.9,657.2,1
2019-09-01 17:00:00,29.0,77,24.6,33.0,0.0,24,23,2,2,0.21,0.9,186.5,122.0,64.5,319.4,363.8,1
2019-09-01 18:00:00,28.1,78,23.9,31.9,0.0,22,18,2,8,0.1,0.84,19.9,10.1,9.8,52.6,51.1,1
2019-09-01 19:00:00,27.6,80,23.8,31.3,0.0,33,21,1,20,0.06,0.74,0.0,0.0,0.0,0.0,0.0,0
2019-09-01 20:00:00,27.4,82,24.0,31.2,0.0,73,19,2,88,0.04,0.67,0.0,0.0,0.0,0.0,0.0,0
2019-09-01 21:00:00,27.6,80,23.8,31.3,0.0,90,21,1,89,0.04,0.74,0.0,0.0,0.0,0.0,0.0,0
2019-09-01 22:00:00,27.4,80,23.7,30.5,0.0,95,16,3,94,0.05,0.72,0.0,0.0,0.0,0.0,0.0,0
2019-09-01 23:00:00,27.0,81,23.5,30.4,0.0,59,21,3,51,0.04,0.68,0.0,0.0,0.0,0.0,0.0,0
2019-09-02 00:00:00,26.7,81,23.2,31.1,0.0,72,14,3,68,0.01,0.66,0.0,0.0,0.0,0.0,0.0,0
2019-09-02 01:00:00,26.0,85,23.3,30.8,0.0,69,11,1,66,0.0,0.5,0.0,0.0,0.0,0.0,0.0,0
2019-09-02 02:00:00,25.9,86,23.3,30.4,0.0,46,13,1,39,0.01,0.47,0.0,0.0,0.0,0.0,0.0,0
2019-09-02 03:00:00,25.8,86,23.3,30.4,0.0,63,17,1,57,0.0,0.46,0.0,0.0,0.0,0.0,0.0,0
2019-09-02 04:00:00,25.8,85,23.1,30.4,0.0,57,12,1,52,0.0,0.5,0.0,0.0,0.0,0.0,0.0,0
2019-09-02 05:00:00,25.9,85,23.2,30.4,0.0,65,14,3,60,0.01,0.49,0.0,0.0,0.0,0.0,0.0,0
2019-09-02 06:00:00,26.0,87,23.6,30.5,0.0,63,10,2,60,0.03,0.45,12.1,2.4,9.7,13.7,112.7,1
2019-09-02 07:00:00,27.4,83,24.2,32.1,0.0,74,19,1,69,0.09,0.63,165.2,59.8,105.4,298.6,423.2,1
2019-09-02 08:00:00,29.2,75,24.4,33.5,0.0,61,14,3,1,0.23,1.01,358.0,194.6,163.4,458.9,710.3,1
2019-09-02 09:00:00,30.5,69,24.1,34.0,0.0,31,3,1,29,0.4,1.36,584.1,439.2,144.9,705.1,954.6,1
2019-09-02 10:00:00,31.2,67,24.4,35.3,0.0,43,1,1,43,0.53,1.49,764.2,633.2,131.0,808.3,1139.2,1
2019-09-02 11:00:00,31.5,66,24.5,35.9,0.0,29,3,2,27,0.6,1.55,844.6,672.8,171.8,752.0,1251.6,1
2019-09-02 12:00:00,31.4,67,24.6,35.9,0.0,38,9,1,34,0.62,1.5,856.3,688.1,168.2,725.2,1284.2,1
2019-09-02 13:00:00,31.6,66,24.5,36.2,0.0,17,8,0,10,0.66,1.57,879.5,737.2,142.4,782.2,1234.6,1
2019-09-02 14:00:00,31.2,67,24.4,35.3,0.0,8,8,0,0,0.59,1.49,755.0,613.9,141.0,701.0,1106.3,1
2019-09-02 15:00:00,30.9,68,24.3,34.5,0.0,16,15,0,3,0.5,1.42,599.1,472.6,126.5,627.2,907.9,1
2019-09-02 16:00:00,30.2,71,24.2,33.4,0.0,17,12,1,10,0.36,1.26,385.4,279.7,105.7,479.1,653.0,1
2019-09-02 17:00:00,29.4,74,24.2,33.2,0.0,27,15,0,19,0.23,1.07,199.8,139.8,60.0,369.5,358.9,1
2019-09-02 18:00:00,28.4,76,23.7,31.8,0.0,20,20,0,1,0.11,0.94,19.6,11.3,8.3,58.7,45.8,1
2019-09-02 19:00:00,27.8,79,23.9,31.3,0.0,9,9,1,0,0.07,0.77,0.0,0.0,0.0,0.0,0.0,0
2019-09-02 20:00:00,27.7,81,24.2,31.8,0.0,9,2,0,0,0.04,0.71,0.0,0.0,0.0,0.0,0.0,0
2019-09-02 21:00:00,27.7,80,23.9,31.6,0.0,3,3,0,0,0.04,0.76,0.0,0.0,0.0,0.0,0.0,0
2019-09-02 22:00:00,27.2,81,23.7,31.5,0.0,3,3,0,0,0.03,0.67,0.0,0.0,0.0,0.0,0.0,0
2019-09-02 23:00:00,26.8,83,23.6,31.4,0.0,4,2,1,1,0.01,0.6,0.0,0.0,0.0,0.0,0.0,0
2019-09-03 00:00:00,26.6,83,23.4,30.7,0.0,2,1,1,0,0.02,0.6,0.0,0.0,0.0,0.0,0.0,0
2019-09-03 01:00:00,26.6,82,23.3,30.4,0.0,11,8,1,2,0.03,0.62,0.0,0.0,0.0,0.0,0.0,0
2019-09-03 02:00:00,26.6,85,23.8,30.7,0.0,13,3,3,10,0.02,0.53,0.0,0.0,0.0,0.0,0.0,0
2019-09-03 03:00:00,26.6,86,24.0,30.6,0.0,16,2,7,11,0.02,0.5,0.0,0.0,0.0,0.0,0.0,0
2019-09-03 04:00:00,26.4,85,23.7,29.9,0.0,24,0,5,20,0.03,0.51,0.0,0.0,0.0,0.0,0.0,0
2019-09-03 05:00:00,26.4,85,23.7,29.7,0.0,69,2,5,67,0.03,0.51,0.0,0.0,0.0,0.0,0.0,0
2019-09-03 06:00:00,26.5,84,23.6,29.5,0.0,81,0,8,80,0.06,0.54,14.6,2.4,12.1,13.7,110.9,1
2019-09-03 07:00:00,27.4,83,24.3,30.9,0.0,86,13,7,84,0.11,0.61,187.7,112.0,75.7,562.9,421.8,1
2019-09-03 08:00:00,29.2,75,24.3,32.4,0.0,75,3,4,72,0.25,1.0,381.9,250.8,131.0,593.3,709.1,1
2019-09-03 09:00:00,29.9,72,24.3,32.7,0.0,70,5,3,68,0.39,1.19,592.2,450.7,141.5,724.9,953.4,1
2019-09-03 10:00:00,30.5,70,24.3,33.9,0.0,65,5,4,63,0.5,1.33,740.4,566.1,174.3,723.8,1137.9,1
2019-09-03 11:00:00,31.0,68,24.5,35.3,0.0,78,23,14,72,0.61,1.42,886.2,731.1,155.2,818.5,1250.1,1
2019-09-03 12:00:00,30.6,69,24.4,34.7,0.0,88,9,17,86,0.58,1.35,809.8,611.4,198.4,645.6,1282.2,1
2019-09-03 13:00:00,30.4,70,24.4,33.9,0.0,81,12,18,77,0.51,1.28,678.5,549.8,128.7,584.7,1232.1,1
2019-09-03 14:00:00,30.3,71,24.4,33.8,0.1,78,7,19,75,0.51,1.26,671.9,527.2,144.7,603.7,1103.2,1
2019-09-03 15:00:00,29.7,74,24.6,33.0,0.1,82,7,10,82,0.45,1.09,577.1,461.5,115.6,614.8,904.2,1
2019-09-03 16:00:00,29.0,76,24.3,31.9,0.0,91,3,22,89,0.32,0.96,366.6,281.0,85.6,483.9,648.7,1
2019-09-03 17:00:00,28.0,81,24.3,31.5,0.1,82,3,8,81,0.19,0.73,170.1,103.3,66.8,275.7,354.0,1
2019-09-03 18:00:00,27.1,83,24.0,30.7,0.0,97,0,8,97,0.09,0.6,16.7,7.8,9.0,40.3,40.4,1
2019-09-03 19:00:00,26.6,85,24.0,30.2,0.0,100,2,9,100,0.05,0.51,0.0,0.0,0.0,0.0,0.0,0
2019-09-03 20:00:00,26.9,85,24.1,31.1,0.0,98,6,6,94,0.02,0.53,0.0,0.0,0.0,0.0,0.0,0
2019-09-03 21:00:00,27.0,85,24.2,31.3,0.0,99,10,10,99,0.02,0.55,0.0,0.0,0.0,0.0,0.0,0
2019-09-03 22:00:00,26.8,86,24.3,31.0,0.0,90,13,24,88,0.02,0.49,0.0,0.0,0.0,0.0,0.0,0
2019-09-03 23:00:00,26.6,86,24.0,30.6,0.0,94,6,6,94,0.02,0.5,0.0,0.0,0.0,0.0,0.0,0
2019-09-04 00:00:00,26.2,87,23.9,30.3,0.0,93,1,4,92,0.02,0.45,0.0,0.0,0.0,0.0,0.0,0
2019-09-04 01:00:00,25.9,88,23.8,30.1,0.0,96,2,5,96,0.01,0.38,0.0,0.0,0.0,0.0,0.0,0
2019-09-04 02:00:00,25.7,89,23.8,30.4,0.0,99,6,8,99,0.0,0.35,0.0,0.0,0.0,0.0,0.0,0
2019-09-04 03:00:00,25.7,90,23.9,30.0,0.1,94,17,47,91,0.01,0.34,0.0,0.0,0.0,0.0,0.0,0
2019-09-04 04:00:00,25.5,89,23.6,29.6,0.2,60,0,20,51,0.01,0.35,0.0,0.0,0.0,0.0,0.0,0
2019-09-04 05:00:00,25.2,91,23.7,29.5,0.1,58,0,22,47,0.0,0.28,0.0,0.0,0.0,0.0,0.0,0
2019-09-04 06:00:00,25.4,91,23.8,29.7,0.1,77,2,29,70,0.03,0.29,12.2,2.4,9.8,13.7,109.1,1
2019-09-04 07:00:00,26.5,87,24.2,30.8,0.1,89,2,37,84,0.08,0.45,150.2,60.1,90.1,304.0,420.3,1
2019-09-04 08:00:00,27.5,83,24.4,32.0,0.1,98,15,40,62,0.19,0.61,324.7,191.1,133.6,453.2,707.9,1
2019-09-04 09:00:00,28.8,79,24.8,33.5,0.0,34,0,22,22,0.3,0.82,477.0,305.8,171.2,492.9,952.2,1
2019-09-04 10:00:00,28.7,81,25.0,33.0,2.1,81,4,21,78,0.39,0.76,624.6,437.3,187.3,560.1,1136.6,1
2019-09-04 11:00:00,28.8,80,25.0,33.7,1.3,59,1,26,51,0.42,0.79,619.6,359.3,260.3,402.9,1248.5,1
2019-09-04 12:00:00,29.6,76,25.0,34.6,0.2,69,2,34,56,0.48,0.98,680.8,438.1,242.7,463.5,1280.2,1
2019-09-04 13:00:00,29.4,79,25.3,34.7,1.2,93,12,42,92,0.47,0.88,665.6,426.9,238.8,455.0,1229.5,1
2019-09-04 14:00:00,28.6,81,25.0,33.1,2.0,98,4,42,98,0.33,0.75,434.0,197.3,236.7,226.5,1100.0,1
2019-09-04 15:00:00,27.1,86,24.5,31.0,0.6,96,5,48,94,0.25,0.51,331.3,103.9,227.5,138.9,900.4,1
2019-09-04 16:00:00,27.0,85,24.4,31.1,0.1,96,10,18,96,0.2,0.52,233.2,94.6,138.6,163.9,644.3,1
2019-09-04 17:00:00,26.9,86,24.4,31.5,0.0,99,62,23,98,0.14,0.49,131.5,46.2,85.3,124.4,349.1,1
2019-09-04 18:00:00,26.5,88,24.3,31.5,0.1,95,19,18,94,0.05,0.42,9.3,1.6,7.6,8.4,35.0,1
2019-09-04 19:00:00,26.1,89,24.2,31.2,0.1,97,22,23,97,0.02,0.37,0.0,0.0,0.0,0.0,0.0,0
2019-09-04 20:00:00,25.7,91,24.2,31.0,0.1,96,23,25,92,0.0,0.28,0.0,0.0,0.0,0.0,0.0,0
2019-09-04 21:00:00,25.6,92,24.2,30.7,0.0,83,16,29,78,0.0,0.26,0.0,0.0,0.0,0.0,0.0,0
2019-09-04 22:00:00,25.5,93,24.2,30.3,0.1,41,13,32,16,0.0,0.24,0.0,0.0,0.0,0.0,0.0,0
2019-09-04 23:00:00,25.2,94,24.2,30.3,0.1,53,14,41,28,0.0,0.19,0.0,0.0,0.0,0.0,0.0,0
2019-09-05 00:00:00,25.2,94,24.2,30.3,0.2,57,14,43,32,0.0,0.18,0.0,0.0,0.0,0.0,0.0,0
2019-09-05 01:00:00,25.0,94,24.0,30.4,0.2,52,8,42,27,0.0,0.18,0.0,0.0,0.0,0.0,0.0,0
2019-09-05 02:00:00,24.9,95,24.0,30.4,0.3,59,22,55,0,0.0,0.16,0.0,0.0,0.0,0.0,0.0,0
2019-09-05 03:00:00,25.3,94,24.4,31.3,0.5,83,77,45,2,0.0,0.18,0.0,0.0,0.0,0.0,0.0,0
2019-09-05 04:00:00,25.2,96,24.4,31.2,0.2,53,23,29,37,0.0,0.14,0.0,0.0,0.0,0.0,0.0,0
2019-09-05 05:00:00,24.9,96,24.3,30.9,0.3,94,79,32,85,0.0,0.11,0.0,0.0,0.0,0.0,0.0,0
2019-09-05 06:00:00,25.2,97,24.8,31.9,0.9,58,40,42,14,0.01,0.08,9.8,0.0,9.8,0.0,107.3,1
2019-09-05 07:00:00,26.1,91,24.6,32.4,0.5,45,23,41,1,0.05,0.29,126.8,46.0,80.9,234.2,418.9,1
2019-09-05 08:00:00,27.5,86,25.0,33.4,0.4,73,56,29,90,0.16,0.51,272.4,121.2,151.2,288.3,706.6,1
2019-09-05 09:00:00,28.1,83,25.0,34.0,0.8,92,63,41,85,0.2,0.63,299.1,125.6,173.5,202.8,950.9,1
2019-09-05 10:00:00,29.0,82,25.6,35.4,0.3,78,29,35,65,0.34,0.72,506.6,245.7,260.9,315.3,1135.2,1
2019-09-05 11:00:00,29.0,84,26.0,35.2,0.6,97,53,31,95,0.32,0.65,458.1,186.4,271.8,209.4,1246.8,1
2019-09-05 12:00:00,29.1,79,25.2,34.9,1.5,95,31,39,93,0.47,0.83,665.6,354.4,311.1,375.7,1278.1,1
2019-09-05 13:00:00,28.4,84,25.5,34.4,2.0,91,50,26,86,0.34,0.62,461.8,110.1,351.7,117.6,1226.9,1
2019-09-05 14:00:00,28.7,84,25.7,34.7,0.3,100,99,36,84,0.28,0.65,352.1,69.5,282.6,80.0,1096.8,1
2019-09-05 15:00:00,27.9,83,24.7,33.2,1.7,97,38,65,95,0.2,0.64,235.3,26.8,208.5,36.0,896.5,1
2019-09-05 16:00:00,28.1,84,25.1,34.3,0.7,100,14,44,100,0.23,0.62,265.2,112.7,152.5,196.4,639.8,1
2019-09-05 17:00:00,27.8,87,25.4,33.9,0.1,91,69,15,86,0.12,0.49,112.1,22.3,89.8,60.6,344.0,1
2019-09-05 18:00:00,26.4,96,25.6,32.7,0.9,95,73,30,83,0.03,0.15,6.1,0.8,5.3,4.0,29.5,1
2019-09-05 19:00:00,26.1,97,25.7,32.4,0.6,97,85,41,84,0.01,0.09,0.0,0.0,0.0,0.0,0.0,0
2019-09-05 20:00:00,26.1,94,25.0,31.9,1.8,98,41,35,100,0.0,0.2,0.0,0.0,0.0,0.0,0.0,0
2019-09-05 21:00:00,25.6,96,24.9,31.0,0.8,100,17,29,100,0.0,0.14,0.0,0.0,0.0,0.0,0.0,0
2019-09-05 22:00:00,25.4,96,24.7,30.5,0.8,99,68,33,98,0.0,0.12,0.0,0.0,0.0,0.0,0.0,0
2019-09-05 23:00:00,25.4,96,24.7,30.8,0.9,98,50,28,97,0.0,0.14,0.0,0.0,0.0,0.0,0.0,0
2019-09-06 00:00:00,25.4,96,24.7,30.5,0.2,48,35,17,21,0.0,0.13,0.0,0.0,0.0,0.0,0.0,0
2019-09-06 01:00:00,25.1,96,24.5,30.0,0.3,99,41,14,98,0.0,0.11,0.0,0.0,0.0,0.0,0.0,0
2019-09-06 02:00:00,25.2,97,24.6,30.3,0.3,100,95,18,99,0.0,0.1,0.0,0.0,0.0,0.0,0.0,0
2019-09-06 03:00:00,25.2,96,24.5,30.0,0.4,100,100,30,99,0.0,0.14,0.0,0.0,0.0,0.0,0.0,0
2019-09-06 04:00:00,25.4,96,24.6,30.3,0.9,98,58,42,97,0.0,0.14,0.0,0.0,0.0,0.0,0.0,0
2019-09-06 05:00:00,25.2,94,24.3,30.2,1.1,99,46,44,98,0.0,0.18,0.0,0.0,0.0,0.0,0.0,0
2019-09-06 06:00:00,25.0,94,23.9,29.3,0.8,96,86,47,83,0.02,0.19,7.4,0.0,7.4,0.0,105.5,1
2019-09-06 07:00:00,25.5,94,24.5,30.0,1.4,100,100,82,49,0.05,0.19,98.6,22.3,76.3,114.1,417.4,1
2019-09-06 08:00:00,26.5,88,24.3,30.9,1.4,86,30,45,85,0.11,0.42,161.3,27.5,133.8,65.6,705.3,1
2019-09-06 09:00:00,27.7,83,24.5,32.2,0.2,87,23,44,75,0.26,0.65,424.7,212.3,212.3,343.6,949.6,1
2019-09-06 10:00:00,28.5,80,24.8,33.0,0.2,74,7,34,59,0.35,0.76,541.3,324.8,216.5,417.4,1133.7,1
2019-09-06 11:00:00,29.3,77,24.8,34.4,0.4,68,15,15,61,0.46,0.96,682.0,460.2,221.8,518.0,1245.0,1
2019-09-06 12:00:00,30.3,71,24.5,36.3,0.4,14,13,3,1,0.6,1.24,840.7,656.4,184.2,697.2,1275.9,1
2019-09-06 13:00:00,30.6,68,24.1,36.6,0.0,0,0,0,0,0.59,1.4,776.3,635.1,141.2,680.2,1224.2,1
2019-09-06 14:00:00,31.1,65,23.9,37.7,0.0,2,0,0,2,0.61,1.56,767.7,652.3,115.4,753.7,1093.5,1
2019-09-06 15:00:00,31.1,65,23.8,37.7,0.0,48,0,0,48,0.52,1.57,618.7,523.1,95.7,705.3,892.6,1
2019-09-06 16:00:00,30.8,66,23.6,36.6,0.0,55,1,2,54,0.36,1.53,412.0,333.4,78.6,584.5,635.2,1
2019-09-06 17:00:00,30.7,65,23.3,36.2,0.0,78,0,0,78,0.19,1.57,189.1,130.2,58.9,358.1,338.9,1
2019-09-06 18:00:00,30.3,64,22.7,35.5,0.0,85,0,0,85,0.05,1.56,10.0,5.0,5.0,25.6,23.9,1
2019-09-06 19:00:00,28.0,80,24.1,33.4,0.0,83,0,0,83,0.03,0.77,0.0,0.0,0.0,0.0,0.0,0
2019-09-06 20:00:00,27.3,79,23.3,31.5,0.0,88,0,0,31,0.03,0.76,0.0,0.0,0.0,0.0,0.0,0
2019-09-06 21:00:00,27.0,80,23.4,31.5,0.0,77,0,0,77,0.02,0.7,0.0,0.0,0.0,0.0,0.0,0
2019-09-06 22:00:00,27.0,80,23.3,31.7,0.0,100,0,0,100,0.01,0.7,0.0,0.0,0.0,0.0,0.0,0
2019-09-06 23:00:00,26.6,83,23.6,31.6,0.0,100,0,0,100,0.0,0.58,0.0,0.0,0.0,0.0,0.0,0
2019-09-07 00:00:00,26.0,87,23.8,31.4,0.0,100,0,0,100,0.0,0.42,0.0,0.0,0.0,0.0,0.0,0
2019-09-07 01:00:00,25.8,90,24.1,31.2,0.0,79,0,4,79,0.0,0.33,0.0,0.0,0.0,0.0,0.0,0
2019-09-07 02:00:00,25.0,96,24.2,30.5,0.0,23,4,0,20,0.0,0.14,0.0,0.0,0.0,0.0,0.0,0
2019-09-07 03:00:00,25.4,95,24.6,31.3,0.0,25,10,0,17,0.0,0.15,0.0,0.0,0.0,0.0,0.0,0
2019-09-07 04:00:00,25.2,94,24.2,30.8,0.0,8,6,1,1,0.0,0.19,0.0,0.0,0.0,0.0,0.0,0
2019-09-07 05:00:00,24.8,94,23.8,30.1,0.0,11,11,1,1,0.0,0.18,0.0,0.0,0.0,0.0,0.0,0
2019-09-07 06:00:00,25.0,95,24.1,30.6,0.0,27,15,0,15,0.01,0.17,12.3,2.5,9.9,13.8,103.7,1
2019-09-07 07:00:00,26.7,87,24.4,32.2,0.0,54,13,3,48,0.08,0.44,175.3,90.9,84.5,468.9,415.9,1
2019-09-07 08:00:00,28.6,78,24.4,34.3,0.0,37,1,1,55,0.22,0.87,380.3,247.7,132.6,592.7,704.0,1
2019-09-07 09:00:00,29.9,74,24.7,36.0,0.0,47,0,1,47,0.39,1.1,608.6,478.4,130.2,775.8,948.3,1
2019-09-07 10:00:00,31.0,70,24.9,38.0,0.0,65,0,8,63,0.54,1.36,778.4,647.4,131.0,833.6,1132.3,1
2019-09-07 11:00:00,32.1,66,24.8,39.4,0.0,81,3,11,80,0.62,1.64,843.3,678.8,164.5,765.5,1243.2,1
2019-09-07 12:00:00,31.7,69,25.3,38.7,0.2,85,11,27,82,0.6,1.45,798.2,636.2,162.1,677.1,1273.6,1
2019-09-07 13:00:00,31.8,67,25.0,38.4,0.1,100,34,100,34,0.52,1.53,651.5,452.8,198.7,486.2,1221.4,1
2019-09-07 14:00:00,29.5,72,24.0,34.8,0.8,86,78,50,55,0.35,1.14,421.2,232.7,188.6,269.7,1090.1,1
2019-09-07 15:00:00,29.1,75,24.3,34.5,0.3,82,3,71,63,0.25,0.99,277.8,76.8,201.0,104.0,888.6,1
2019-09-07 16:00:00,28.8,78,24.6,34.2,0.0,82,5,13,80,0.2,0.86,204.0,89.2,114.8,157.3,630.6,1
2019-09-07 17:00:00,28.8,79,24.8,34.8,0.0,82,3,4,82,0.14,0.82,121.2,54.4,66.8,151.3,333.8,1
2019-09-07 18:00:00,27.4,87,25.1,33.6,0.0,18,6,3,13,0.05,0.47,7.6,3.5,4.0,18.0,18.3,1
2019-09-07 19:00:00,26.7,89,24.8,32.6,0.0,17,7,7,12,0.0,0.38,0.0,0.0,0.0,0.0,0.0,0
2019-09-07 20:00:00,26.8,89,24.9,32.3,0.0,38,1,0,8,0.0,0.37,0.0,0.0,0.0,0.0,0.0,0
2019-09-07 21:00:00,26.5,90,24.7,31.9,0.0,10,0,1,10,0.0,0.36,0.0,0.0,0.0,0.0,0.0,0
2019-09-07 22:00:00,25.9,93,24.7,31.6,0.0,2,0,0,2,0.0,0.22,0.0,0.0,0.0,0.0,0.0,0
2019-09-07 23:00:00,25.3,96,24.6,31.2,0.0,56,0,1,56,0.0,0.14,0.0,0.0,0.0,0.0,0.0,0
2019-09-08 00:00:00,25.3,95,24.5,31.1,0.0,89,5,4,89,0.0,0.15,0.0,0.0,0.0,0.0,0.0,0
2019-09-08 01:00:00,25.9,94,24.8,32.3,0.0,70,9,12,68,0.0,0.21,0.0,0.0,0.0,0.0,0.0,0
2019-09-08 02:00:00,25.4,96,24.7,31.4,0.0,76,10,6,74,0.0,0.12,0.0,0.0,0.0,0.0,0.0,0
2019-09-08 03:00:00,24.6,99,24.3,30.3,0.0,22,12,14,15,0.0,0.05,0.0,0.0,0.0,0.0,0.0,0
2019-09-08 04:00:00,24.5,98,24.1,30.0,0.0,86,21,12,83,0.0,0.06,0.0,0.0,0.0,0.0,0.0,0
2019-09-08 05:00:00,24.5,98,24.1,29.6,0.0,61,47,14,23,0.0,0.07,0.0,0.0,0.0,0.0,0.0,0
2019-09-08 06:00:00,24.6,96,24.0,29.8,0.0,32,26,15,0,0.01,0.11,7.4,0.0,7.4,0.0,101.9,1
2019-09-08 07:00:00,25.3,93,24.0,30.3,0.0,32,30,7,0,0.06,0.23,159.8,81.5,78.3,423.6,414.4,1
2019-09-08 08:00:00,26.8,86,24.3,32.4,0.0,30,24,12,0,0.19,0.49,339.2,222.8,116.4,534.7,702.6,1
2019-09-08 09:00:00,28.2,82,24.8,34.0,0.0,21,19,6,0,0.32,0.68,525.3,360.9,164.5,586.4,946.9,1
2019-09-08 10:00:00,29.4,81,25.8,36.5,0.0,35,31,8,0,0.46,0.78,696.1,509.9,186.2,657.8,1130.7,1
2019-09-08 11:00:00,29.7,82,26.3,37.3,0.1,69,65,12,7,0.52,0.76,749.5,510.1,239.4,576.3,1241.4,1
2019-09-08 12:00:00,29.4,75,24.4,35.5,1.2,41,7,39,14,0.48,1.04,650.2,418.7,231.5,446.6,1271.3,1
2019-09-08 13:00:00,29.9,74,24.6,36.3,0.1,26,15,21,4,0.49,1.12,645.4,494.5,150.9,532.4,1218.5,1
2019-09-08 14:00:00,30.3,72,24.6,36.7,0.0,30,6,27,11,0.5,1.21,622.6,492.3,130.3,572.4,1086.6,1
2019-09-08 15:00:00,30.7,72,25.0,36.9,0.0,28,12,23,10,0.43,1.25,514.2,392.8,121.4,534.2,884.5,1
2019-09-08 16:00:00,28.8,74,23.7,33.5,0.6,44,15,40,5,0.24,1.03,248.2,139.3,108.8,247.4,626.0,1
2019-09-08 17:00:00,28.2,79,24.3,33.3,0.3,25,2,23,2,0.15,0.79,128.1,69.9,58.2,196.4,328.6,1
2019-09-08 18:00:00,27.2,85,24.5,32.3,0.0,10,2,8,2,0.06,0.52,4.7,2.5,2.2,12.8,12.7,1
2019-09-08 19:00:00,26.3,88,24.2,31.1,0.0,3,1,3,0,0.01,0.4,0.0,0.0,0.0,0.0,0.0,0
2019-09-08 20:00:00,26.4,86,24.0,31.3,0.0,0,0,2,0,0.01,0.47,0.0,0.0,0.0,0.0,0.0,0
2019-09-08 21:00:00,26.1,89,24.0,31.0,0.0,0,0,0,0,0.0,0.39,0.0,0.0,0.0,0.0,0.0,0
2019-09-08 22:00:00,25.7,90,23.9,30.6,0.0,0,0,0,0,0.0,0.33,0.0,0.0,0.0,0.0,0.0,0
2019-09-08 23:00:00,25.2,91,23.7,30.1,0.0,1,1,0,0,0.0,0.28,0.0,0.0,0.0,0.0,0.0,0
2019-09-09 00:00:00,24.3,93,23.1,29.0,0.0,0,0,0,0,0.0,0.22,0.0,0.0,0.0,0.0,0.0,0
2019-09-09 01:00:00,23.2,95,22.4,27.4,0.0,0,0,0,0,0.0,0.13,0.0,0.0,0.0,0.0,0.0,0
2019-09-09 02:00:00,24.2,93,23.0,28.9,0.0,0,0,0,0,0.0,0.21,0.0,0.0,0.0,0.0,0.0,0
2019-09-09 03:00:00,24.9,92,23.5,30.4,0.0,0,0,0,0,0.0,0.25,0.0,0.0,0.0,0.0,0.0,0
2019-09-09 04:00:00,24.9,91,23.4,30.6,0.0,0,0,0,0,0.0,0.27,0.0,0.0,0.0,0.0,0.0,0
2019-09-09 05:00:00,24.1,92,22.7,29.2,0.0,0,0,0,0,0.0,0.25,0.0,0.0,0.0,0.0,0.0,0
2019-09-09 06:00:00,23.4,94,22.3,28.0,0.0,1,1,0,0,0.01,0.18,12.4,2.5,10.0,13.8,100.1,1
2019-09-09 07:00:00,25.9,86,23.3,31.2,0.0,1,1,0,0,0.08,0.48,203.5,128.2,75.3,670.8,412.9,1
2019-09-09 08:00:00,27.7,79,23.7,33.4,0.0,1,0,0,0,0.23,0.78,432.1,333.1,98.9,802.0,701.2,1
2019-09-09 09:00:00,29.2,73,23.9,34.8,0.0,1,0,1,0,0.4,1.08,638.5,527.7,110.8,859.4,945.5,1
2019-09-09 10:00:00,30.4,64,22.8,36.5,0.0,29,2,1,28,0.53,1.58,778.4,653.9,124.5,845.2,1129.1,1
2019-09-09 11:00:00,31.0,61,22.7,37.4,0.0,57,3,3,55,0.56,1.75,777.5,613.1,164.5,694.1,1239.4,1
2019-09-09 12:00:00,31.2,60,22.6,37.3,0.0,94,14,10,93,0.55,1.79,722.5,514.2,208.3,549.7,1268.9,1
2019-09-09 13:00:00,30.6,64,23.0,35.5,0.1,95,31,32,92,0.48,1.59,610.2,372.7,237.5,402.3,1215.6,1
2019-09-09 14:00:00,30.5,67,23.7,35.7,0.3,93,25,40,89,0.41,1.44,495.8,226.8,269.0,264.6,1083.1,1
2019-09-09 15:00:00,30.7,67,23.8,35.9,0.0,82,3,38,75,0.33,1.47,365.7,188.2,177.5,257.1,880.4,1
2019-09-09 16:00:00,30.8,67,23.9,35.7,0.0,33,4,27,13,0.32,1.49,331.7,221.4,110.3,395.6,621.2,1
2019-09-09 17:00:00,29.6,72,24.0,34.1,0.0,22,6,14,14,0.2,1.15,161.5,109.7,51.8,311.6,323.4,1
2019-09-09 18:00:00,27.7,77,23.3,31.4,0.0,9,1,8,1,0.09,0.86,2.9,1.6,1.3,7.9,7.1,1
2019-09-09 19:00:00,26.8,80,23.0,30.5,0.0,4,0,4,0,0.03,0.72,0.0,0.0,0.0,0.0,0.0,0
2019-09-09 20:00:00,27.1,78,22.9,30.8,0.0,3,1,9,3,0.03,0.79,0.0,0.0,0.0,0.0,0.0,0
2019-09-09 21:00:00,26.8,76,22.3,30.4,0.0,21,0,19,17,0.03,0.83,0.0,0.0,0.0,0.0,0.0,0
2019-09-09 22:00:00,26.5,78,22.3,30.1,0.0,40,0,38,22,0.03,0.76,0.0,0.0,0.0,0.0,0.0,0
2019-09-09 23:00:00,26.4,79,22.4,30.1,0.0,46,0,45,16,0.02,0.72,0.0,0.0,0.0,0.0,0.0,0
2019-09-10 00:00:00,25.8,83,22.6,30.1,0.0,47,0,46,10,0.01,0.58,0.0,0.0,0.0,0.0,0.0,0
2019-09-10 01:00:00,24.9,88,22.8,29.4,0.0,43,0,42,10,0.0,0.37,0.0,0.0,0.0,0.0,0.0,0
2019-09-10 02:00:00,25.1,87,22.8,29.6,0.0,20,0,20,3,0.0,0.42,0.0,0.0,0.0,0.0,0.0,0
2019-09-10 03:00:00,26.0,85,23.2,31.1,0.0,25,0,24,2,0.0,0.52,0.0,0.0,0.0,0.0,0.0,0
2019-09-10 04:00:00,24.5,93,23.2,29.9,0.0,43,1,43,1,0.0,0.22,0.0,0.0,0.0,0.0,0.0,0
2019-09-10 05:00:00,26.2,85,23.5,31.8,0.0,44,7,41,0,0.0,0.51,0.0,0.0,0.0,0.0,0.0,0
2019-09-10 06:00:00,26.2,86,23.7,31.9,0.0,27,10,21,0,0.02,0.48,7.5,2.5,5.0,13.8,98.3,1
2019-09-10 07:00:00,27.0,86,24.4,33.2,0.0,12,11,2,0,0.07,0.51,189.6,109.3,80.4,575.8,411.3,1
2019-09-10 08:00:00,28.7,79,24.6,34.5,0.0,3,0,1,1,0.23,0.83,403.5,295.7,107.8,714.3,699.8,1
2019-09-10 09:00:00,30.1,69,23.9,35.3,0.0,14,2,14,0,0.4,1.3,613.5,490.1,123.4,799.9,944.1,1
2019-09-10 10:00:00,31.3,63,23.5,36.7,0.0,20,3,19,0,0.51,1.69,720.0,565.1,154.8,731.9,1127.5,1
2019-09-10 11:00:00,32.1,60,23.4,37.4,0.0,23,7,22,1,0.6,1.92,801.4,652.6,148.8,740.3,1237.4,1
2019-09-10 12:00:00,31.2,67,24.4,36.0,0.3,35,12,34,1,0.58,1.49,785.8,630.8,154.9,675.9,1266.5,1
2019-09-10 13:00:00,30.9,69,24.5,35.6,0.0,17,3,17,4,0.55,1.38,725.8,546.8,179.0,591.8,1212.6,1
2019-09-10 14:00:00,31.0,68,24.3,35.7,0.0,24,2,23,4,0.54,1.45,681.1,549.0,132.1,642.6,1079.5,1
2019-09-10 15:00:00,30.3,70,24.2,34.0,0.0,30,1,30,2,0.42,1.3,494.6,378.8,115.9,519.7,876.2,1
2019-09-10 16:00:00,29.8,71,24.0,33.5,0.0,8,2,7,0,0.31,1.21,321.3,228.4,92.9,410.7,616.5,1
2019-09-10 17:00:00,29.2,73,23.8,32.8,0.0,1,1,1,0,0.21,1.12,163.9,113.1,50.8,325.0,318.1,1
2019-09-10 18:00:00,28.1,77,23.6,31.8,0.0,2,1,0,0,0.09,0.89,0.6,0.3,0.3,1.7,1.4,1
2019-09-10 19:00:00,27.2,81,23.7,31.2,0.0,2,2,0,0,0.03,0.68,0.0,0.0,0.0,0.0,0.0,0
2019-09-10 20:00:00,27.4,83,24.2,32.0,0.0,7,0,0,0,0.02,0.62,0.0,0.0,0.0,0.0,0.0,0
2019-09-10 21:00:00,27.5,82,24.2,31.6,0.0,1,1,0,0,0.03,0.65,0.0,0.0,0.0,0.0,0.0,0
2019-09-10 22:00:00,27.3,82,23.9,30.8,0.0,2,2,1,0,0.04,0.66,0.0,0.0,0.0,0.0,0.0,0
2019-09-10 23:00:00,27.1,82,23.9,30.6,0.0,0,0,0,0,0.04,0.63,0.0,0.0,0.0,0.0,0.0,0
2019-09-11 00:00:00,26.8,83,23.6,30.3,0.0,1,0,1,0,0.04,0.61,0.0,0.0,0.0,0.0,0.0,0
2019-09-11 01:00:00,26.5,84,23.6,30.8,0.0,1,0,1,0,0.02,0.55,0.0,0.0,0.0,0.0,0.0,0
2019-09-11 02:00:00,26.1,87,23.8,31.1,0.0,7,3,5,0,0.0,0.44,0.0,0.0,0.0,0.0,0.0,0
2019-09-11 03:00:00,26.1,87,23.9,31.1,0.0,4,2,3,0,0.0,0.43,0.0,0.0,0.0,0.0,0.0,0
2019-09-11 04:00:00,26.0,88,23.8,31.0,0.0,5,5,0,0,0.0,0.41,0.0,0.0,0.0,0.0,0.0,0
2019-09-11 05:00:00,26.0,88,23.8,30.9,0.0,2,2,0,0,0.0,0.41,0.0,0.0,0.0,0.0,0.0,0
2019-09-11 06:00:00,26.1,88,24.0,30.9,0.0,6,6,0,0,0.03,0.4,10.0,2.5,7.5,13.8,96.5,1
2019-09-11 07:00:00,27.5,84,24.5,32.5,0.0,5,5,0,0,0.09,0.6,190.2,114.4,75.7,603.4,409.8,1
2019-09-11 08:00:00,29.3,77,24.8,33.9,0.0,2,2,0,0,0.25,0.95,410.0,308.5,101.6,747.4,698.4,1
2019-09-11 09:00:00,30.6,70,24.6,34.6,0.0,3,3,0,0,0.41,1.3,625.0,511.9,113.1,837.5,942.6,1
2019-09-11 10:00:00,31.5,65,24.2,35.9,0.0,5,5,0,0,0.54,1.59,767.6,614.9,152.7,798.1,1125.8,1
2019-09-11 11:00:00,31.9,64,24.3,36.9,0.0,3,3,0,0,0.63,1.7,873.2,730.6,142.6,830.6,1235.4,1
2019-09-11 12:00:00,32.0,64,24.4,37.4,0.0,1,1,0,0,0.68,1.7,916.4,782.6,133.8,840.5,1264.0,1
2019-09-11 13:00:00,32.0,64,24.2,37.2,0.0,1,1,0,0,0.67,1.73,882.2,763.5,118.7,828.6,1209.6,1
2019-09-11 14:00:00,31.5,65,24.0,36.1,0.0,0,0,0,0,0.61,1.64,770.6,658.3,112.4,773.2,1075.9,1
2019-09-11 15:00:00,31.3,63,23.5,34.7,0.0,10,10,0,0,0.53,1.67,605.5,505.8,99.7,697.2,871.9,1
2019-09-11 16:00:00,30.8,66,23.7,33.8,0.0,54,54,0,0,0.39,1.52,389.6,303.5,86.1,549.3,611.7,1
2019-09-11 17:00:00,29.6,75,24.8,33.8,0.0,17,17,1,0,0.21,1.03,162.3,107.1,55.2,311.1,312.8,1
2019-09-11 18:00:00,28.4,81,24.8,32.6,0.0,23,22,0,0,0.08,0.74,0.0,0.0,0.0,0.0,0.0,0
2019-09-11 19:00:00,27.6,86,25.0,31.8,0.0,6,6,1,0,0.03,0.54,0.0,0.0,0.0,0.0,0.0,0
2019-09-11 20:00:00,27.5,87,25.1,32.2,0.0,21,5,2,61,0.02,0.49,0.0,0.0,0.0,0.0,0.0,0
2019-09-11 21:00:00,27.4,87,25.1,32.0,0.0,68,7,6,65,0.02,0.46,0.0,0.0,0.0,0.0,0.0,0
2019-09-11 22:00:00,27.1,89,25.1,31.5,0.0,70,3,7,67,0.02,0.41,0.0,0.0,0.0,0.0,0.0,0
2019-09-11 23:00:00,26.9,89,24.9,31.2,0.0,40,5,3,37,0.02,0.41,0.0,0.0,0.0,0.0,0.0,0
2019-09-12 00:00:00,26.7,88,24.6,31.0,0.0,16,6,2,11,0.02,0.42,0.0,0.0,0.0,0.0,0.0,0
2019-09-12 01:00:00,26.6,89,24.6,31.0,0.0,11,9,1,2,0.01,0.38,0.0,0.0,0.0,0.0,0.0,0
2019-09-12 02:00:00,26.4,89,24.5,31.0,0.0,1,0,1,0,0.01,0.38,0.0,0.0,0.0,0.0,0.0,0
2019-09-12 03:00:00,26.2,90,24.4,30.9,0.0,2,0,1,1,0.01,0.34,0.0,0.0,0.0,0.0,0.0,0
2019-09-12 04:00:00,26.0,90,24.2,30.5,0.0,2,2,0,0,0.01,0.34,0.0,0.0,0.0,0.0,0.0,0
2019-09-12 05:00:00,25.9,90,24.2,30.3,0.0,2,2,0,0,0.01,0.32,0.0,0.0,0.0,0.0,0.0,0
2019-09-12 06:00:00,25.8,91,24.3,30.2,0.0,2,2,0,0,0.03,0.28,10.1,2.5,7.6,13.8,94.6,1
2019-09-12 07:00:00,27.3,86,24.8,32.0,0.0,4,4,0,0,0.09,0.5,197.2,122.8,74.3,647.6,408.2,1
2019-09-12 08:00:00,29.1,79,25.1,33.5,0.0,13,29,17,0,0.24,0.84,396.5,291.1,105.4,707.6,696.9,1
2019-09-12 09:00:00,29.9,75,25.0,34.1,0.0,39,39,17,0,0.35,1.05,536.0,393.2,142.9,644.7,941.0,1
2019-09-12 10:00:00,30.6,71,24.6,34.8,0.0,33,32,24,0,0.47,1.29,676.7,493.7,183.0,642.1,1124.0,1
2019-09-12 11:00:00,30.4,71,24.7,35.0,0.0,37,24,34,0,0.51,1.24,731.6,525.5,206.0,598.7,1233.3,1
2019-09-12 12:00:00,31.4,66,24.3,36.4,0.0,26,26,2,0,0.61,1.56,831.7,650.7,181.0,700.5,1261.4,1
2019-09-12 13:00:00,31.7,62,23.6,36.4,0.0,3,3,0,0,0.65,1.77,839.2,695.3,143.9,756.6,1206.5,1
2019-09-12 14:00:00,31.5,63,23.6,35.8,0.0,33,33,0,0,0.62,1.72,769.3,662.6,106.7,781.1,1072.2,1
2019-09-12 15:00:00,31.4,63,23.4,34.6,0.0,82,82,0,0,0.51,1.71,578.3,444.9,133.5,616.0,867.7,1
2019-09-12 16:00:00,30.2,74,25.1,34.2,0.0,7,7,0,0,0.32,1.11,327.5,202.2,125.3,368.5,606.9,1
2019-09-12 17:00:00,29.1,80,25.2,33.5,0.0,7,7,0,0,0.19,0.82,162.6,104.4,58.2,306.9,307.5,1
2019-09-12 18:00:00,28.0,82,24.7,32.7,0.0,4,4,0,0,0.07,0.68,0.0,0.0,0.0,0.0,0.0,0
2019-09-12 19:00:00,27.2,86,24.6,31.9,0.0,9,9,4,0,0.02,0.52,0.0,0.0,0.0,0.0,0.0,0
2019-09-12 20:00:00,26.9,88,24.7,31.7,0.0,15,16,6,0,0.01,0.44,0.0,0.0,0.0,0.0,0.0,0
2019-09-12 21:00:00,27.3,88,25.1,32.0,0.0,16,13,9,0,0.02,0.44,0.0,0.0,0.0,0.0,0.0,0
2019-09-12 22:00:00,26.7,90,24.9,31.4,0.0,0,0,0,0,0.01,0.36,0.0,0.0,0.0,0.0,0.0,0
2019-09-12 23:00:00,26.3,91,24.7,30.9,0.0,3,3,0,0,0.01,0.32,0.0,0.0,0.0,0.0,0.0,0
2019-09-13 00:00:00,26.0,92,24.6,30.6,0.0,6,6,2,0,0.01,0.27,0.0,0.0,0.0,0.0,0.0,0
2019-09-13 01:00:00,25.8,93,24.6,30.5,0.0,1,0,1,0,0.0,0.22,0.0,0.0,0.0,0.0,0.0,0
2019-09-13 02:00:00,25.6,94,24.6,30.4,0.0,2,2,0,0,0.0,0.18,0.0,0.0,0.0,0.0,0.0,0
2019-09-13 03:00:00,25.4,95,24.6,30.3,0.0,4,4,1,0,0.0,0.16,0.0,0.0,0.0,0.0,0.0,0
2019-09-13 04:00:00,25.3,96,24.5,30.1,0.0,3,0,2,0,0.0,0.14,0.0,0.0,0.0,0.0,0.0,0
2019-09-13 05:00:00,25.2,96,24.5,30.1,0.0,4,3,3,0,0.0,0.13,0.0,0.0,0.0,0.0,0.0,0
2019-09-13 06:00:00,25.4,96,24.6,30.3,0.0,10,7,8,0,0.02,0.14,10.1,2.5,7.6,13.8,92.8,1
2019-09-13 07:00:00,26.8,90,25.1,31.9,0.0,14,12,9,0,0.07,0.35,171.8,90.8,81.0,478.5,406.5,1
2019-09-13 08:00:00,29.0,80,25.1,33.9,0.0,27,10,3,0,0.22,0.81,376.6,252.3,124.3,615.5,695.3,1
2019-09-13 09:00:00,30.4,72,24.9,34.9,0.0,43,43,7,0,0.39,1.2,584.1,450.4,133.7,740.3,939.4,1
2019-09-13 10:00:00,30.7,71,24.9,35.4,0.0,33,32,20,0,0.45,1.28,646.4,463.4,183.0,604.0,1122.2,1
2019-09-13 11:00:00,30.9,69,24.6,35.6,0.0,25,24,10,0,0.5,1.36,685.7,470.3,215.4,537.0,1231.1,1
2019-09-13 12:00:00,31.3,66,24.3,36.3,0.0,20,19,9,0,0.58,1.53,781.3,522.9,258.4,564.3,1258.8,1
2019-09-13 13:00:00,31.2,65,24.0,36.0,0.0,6,6,4,0,0.59,1.57,766.0,544.4,221.6,594.1,1203.3,1
2019-09-13 14:00:00,31.0,67,24.0,35.9,0.0,4,3,3,0,0.57,1.5,714.7,560.4,154.4,662.8,1068.5,1
2019-09-13 15:00:00,30.5,69,24.0,34.7,0.0,6,6,1,0,0.47,1.37,553.8,408.9,144.9,568.9,863.4,1
2019-09-13 16:00:00,29.8,72,24.2,33.8,0.0,2,2,0,0,0.34,1.17,367.8,280.3,87.5,514.2,602.0,1
2019-09-13 17:00:00,28.7,77,24.4,33.2,0.0,7,7,3,0,0.18,0.89,149.0,88.5,60.5,263.0,302.2,1
2019-09-13 18:00:00,27.5,83,24.4,32.4,0.0,4,4,1,0,0.06,0.61,0.0,0.0,0.0,0.0,0.0,0
2019-09-13 19:00:00,26.7,89,24.7,32.0,0.0,8,8,0,0,0.01,0.39,0.0,0.0,0.0,0.0,0.0,0
2019-09-13 20:00:00,26.5,91,25.0,32.2,0.0,49,9,0,23,0.0,0.29,0.0,0.0,0.0,0.0,0.0,0
2019-09-13 21:00:00,26.7,89,24.8,32.3,0.0,72,1,0,72,0.0,0.37,0.0,0.0,0.0,0.0,0.0,0
2019-09-13 22:00:00,26.5,89,24.5,32.1,0.0,63,1,0,63,0.0,0.39,0.0,0.0,0.0,0.0,0.0,0
2019-09-13 23:00:00,26.1,90,24.4,31.5,0.0,93,2,0,92,0.0,0.32,0.0,0.0,0.0,0.0,0.0,0
2019-09-14 00:00:00,25.6,92,24.3,31.1,0.0,97,2,0,97,0.0,0.25,0.0,0.0,0.0,0.0,0.0,0
2019-09-14 01:00:00,25.2,95,24.3,30.8,0.0,77,2,0,77,0.0,0.17,0.0,0.0,0.0,0.0,0.0,0
2019-09-14 02:00:00,24.5,96,23.9,29.8,0.0,43,2,1,42,0.0,0.11,0.0,0.0,0.0,0.0,0.0,0
2019-09-14 03:00:00,24.7,96,24.0,30.2,0.0,18,11,1,15,0.0,0.14,0.0,0.0,0.0,0.0,0.0,0
2019-09-14 04:00:00,23.9,98,23.6,29.1,0.0,28,20,0,11,0.0,0.05,0.0,0.0,0.0,0.0,0.0,0
2019-09-14 05:00:00,24.0,98,23.7,29.5,0.0,28,22,0,8,0.0,0.06,0.0,0.0,0.0,0.0,0.0,0
2019-09-14 06:00:00,24.3,96,23.7,29.9,0.0,53,33,5,31,0.01,0.11,7.7,0.0,7.7,0.0,90.9,1
2019-09-14 07:00:00,26.0,88,23.9,31.7,0.0,56,19,9,46,0.06,0.4,139.8,66.6,73.1,351.3,404.9,1
2019-09-14 08:00:00,27.5,82,24.1,33.0,0.2,42,24,31,39,0.2,0.67,356.8,239.9,116.8,587.2,693.7,1
2019-09-14 09:00:00,28.3,76,23.8,33.5,0.3,52,18,42,14,0.3,0.91,476.8,308.7,168.1,508.7,937.8,1
2019-09-14 10:00:00,28.8,74,23.7,33.4,0.2,48,30,42,0,0.39,1.03,578.2,393.0,185.1,513.4,1120.3,1
2019-09-14 11:00:00,29.3,71,23.6,34.2,0.2,38,33,30,0,0.45,1.17,630.5,436.0,194.6,498.9,1228.9,1
2019-09-14 12:00:00,30.1,67,23.2,35.0,0.1,64,63,23,0,0.51,1.43,676.6,461.5,215.2,499.2,1256.1,1
2019-09-14 13:00:00,30.4,65,23.0,34.6,0.0,30,29,10,0,0.51,1.52,653.1,399.4,253.6,437.2,1200.1,1
2019-09-14 14:00:00,30.8,61,22.5,34.7,0.0,4,4,3,0,0.54,1.72,653.6,475.0,178.6,563.9,1064.7,1
2019-09-14 15:00:00,30.2,67,23.3,34.2,0.0,31,31,6,0,0.46,1.43,546.3,429.0,117.2,599.7,859.0,1
2019-09-14 16:00:00,29.0,73,23.6,32.8,0.0,24,24,10,0,0.28,1.1,283.9,185.2,98.7,342.0,597.1,1
2019-09-14 17:00:00,28.5,75,23.6,32.7,0.0,26,25,19,0,0.17,0.98,138.1,85.2,52.9,256.5,296.9,1
2019-09-14 18:00:00,27.4,80,23.5,32.1,0.0,41,32,35,0,0.05,0.75,0.0,0.0,0.0,0.0,0.0,0
2019-09-14 19:00:00,26.4,87,24.0,31.3,0.1,52,49,34,0,0.01,0.46,0.0,0.0,0.0,0.0,0.0,0
2019-09-14 20:00:00,26.4,87,24.0,31.2,0.2,44,10,21,1,0.01,0.46,0.0,0.0,0.0,0.0,0.0,0
2019-09-14 21:00:00,26.2,89,24.2,31.4,0.1,42,21,40,0,0.0,0.38,0.0,0.0,0.0,0.0,0.0,0
2019-09-14 22:00:00,26.0,90,24.3,31.5,0.1,46,40,28,0,0.0,0.32,0.0,0.0,0.0,0.0,0.0,0
2019-09-14 23:00:00,25.8,91,24.3,31.3,0.1,39,26,34,0,0.0,0.28,0.0,0.0,0.0,0.0,0.0,0
2019-09-15 00:00:00,25.2,95,24.3,30.9,0.2,69,67,24,0,0.0,0.16,0.0,0.0,0.0,0.0,0.0,0
2019-09-15 01:00:00,25.3,95,24.4,31.3,0.2,96,95,28,0,0.0,0.16,0.0,0.0,0.0,0.0,0.0,0
2019-09-15 02:00:00,25.0,97,24.5,31.0,0.1,56,51,29,0,0.0,0.09,0.0,0.0,0.0,0.0,0.0,0
2019-09-15 03:00:00,25.0,95,24.1,30.8,0.2,50,47,20,0,0.0,0.17,0.0,0.0,0.0,0.0,0.0,0
2019-09-15 04:00:00,25.0,93,23.8,30.7,0.2,32,31,15,0,0.0,0.22,0.0,0.0,0.0,0.0,0.0,0
2019-09-15 05:00:00,24.9,91,23.2,30.1,0.2,46,43,16,0,0.0,0.3,0.0,0.0,0.0,0.0,0.0,0
2019-09-15 06:00:00,24.8,91,23.2,30.1,0.2,47,44,15,0,0.02,0.3,5.1,0.0,5.1,0.0,89.0,1
2019-09-15 07:00:00,25.9,86,23.4,31.4,0.1,29,28,12,0,0.05,0.45,128.8,62.0,66.8,326.5,403.2,1
2019-09-15 08:00:00,27.1,86,24.7,33.4,0.2,31,14,27,0,0.17,0.49,310.5,199.9,110.6,490.9,692.1,1
2019-09-15 09:00:00,27.3,85,24.6,32.4,0.2,45,19,40,0,0.25,0.55,403.7,242.4,161.2,400.5,936.1,1
2019-09-15 10:00:00,28.9,76,24.4,34.3,0.1,33,18,31,0,0.4,0.94,599.8,415.8,184.1,544.4,1118.4,1
2019-09-15 11:00:00,29.4,77,25.1,35.6,0.1,27,14,24,0,0.47,0.92,667.9,474.4,193.5,544.2,1226.6,1
2019-09-15 12:00:00,29.6,77,25.2,35.8,0.1,31,13,30,0,0.48,0.95,667.5,355.8,311.6,385.9,1253.4,1
2019-09-15 13:00:00,28.9,76,24.2,34.2,0.5,49,27,44,0,0.48,0.97,660.6,420.7,240.0,461.8,1196.9,1
2019-09-15 14:00:00,28.1,83,24.9,33.0,0.4,56,21,54,0,0.38,0.65,519.6,313.1,206.5,373.0,1060.9,1
2019-09-15 15:00:00,28.0,83,24.9,33.1,0.3,48,4,47,0,0.31,0.63,386.9,227.2,159.7,319.1,854.7,1
2019-09-15 16:00:00,27.6,84,24.6,32.6,0.4,35,8,34,0,0.21,0.59,237.0,105.0,131.9,195.3,592.3,1
2019-09-15 17:00:00,26.9,84,23.9,31.4,0.3,50,26,48,0,0.12,0.57,95.8,47.3,48.6,143.9,291.6,1
2019-09-15 18:00:00,26.2,86,23.6,30.9,0.5,60,49,45,0,0.04,0.48,0.0,0.0,0.0,0.0,0.0,0
2019-09-15 19:00:00,25.9,90,24.2,31.6,0.1,45,19,41,0,0.0,0.33,0.0,0.0,0.0,0.0,0.0,0
2019-09-15 20:00:00,25.9,89,23.9,31.4,0.0,99,17,2,0,0.0,0.38,0.0,0.0,0.0,0.0,0.0,0
2019-09-15 21:00:00,25.7,90,23.9,31.2,0.0,11,9,3,0,0.0,0.33,0.0,0.0,0.0,0.0,0.0,0
2019-09-15 22:00:00,25.2,93,23.9,30.7,0.0,38,34,10,0,0.0,0.24,0.0,0.0,0.0,0.0,0.0,0
2019-09-15 23:00:00,25.3,92,23.9,30.8,0.0,50,38,32,0,0.0,0.27,0.0,0.0,0.0,0.0,0.0,0
2019-09-16 00:00:00,25.3,93,24.0,30.8,0.0,53,43,35,0,0.0,0.24,0.0,0.0,0.0,0.0,0.0,0
2019-09-16 01:00:00,25.1,93,24.0,30.7,0.1,56,47,48,7,0.0,0.21,0.0,0.0,0.0,0.0,0.0,0
2019-09-16 02:00:00,24.9,95,24.0,30.7,0.1,44,38,18,5,0.0,0.17,0.0,0.0,0.0,0.0,0.0,0
2019-09-16 03:00:00,24.7,95,23.9,30.4,0.0,37,29,25,0,0.0,0.15,0.0,0.0,0.0,0.0,0.0,0
2019-09-16 04:00:00,24.6,94,23.7,30.1,0.0,80,23,78,0,0.0,0.17,0.0,0.0,0.0,0.0,0.0,0
2019-09-16 05:00:00,24.6,94,23.7,30.1,0.0,65,26,60,0,0.0,0.17,0.0,0.0,0.0,0.0,0.0,0
2019-09-16 06:00:00,25.0,93,23.9,30.7,0.0,94,17,93,2,0.02,0.21,5.2,0.0,5.2,0.0,87.1,1
2019-09-16 07:00:00,26.2,89,24.1,31.9,0.0,75,20,72,0,0.05,0.39,98.1,27.8,70.3,146.5,401.5,1
2019-09-16 08:00:00,28.0,78,23.8,33.4,0.1,79,28,36,0,0.13,0.84,206.3,65.4,140.9,161.2,690.4,1
2019-09-16 09:00:00,28.8,73,23.5,33.0,0.3,44,25,40,0,0.32,1.06,485.0,321.4,163.6,532.4,934.3,1
2019-09-16 10:00:00,28.3,77,23.8,32.4,0.3,61,35,59,1,0.36,0.9,534.9,338.9,196.0,444.8,1116.4,1
2019-09-16 11:00:00,29.0,72,23.6,32.8,0.4,73,34,72,0,0.4,1.1,565.9,316.2,249.7,363.6,1224.3,1
2019-09-16 12:00:00,28.7,74,23.6,32.5,0.3,65,51,63,0,0.41,1.02,565.8,306.5,259.3,333.3,1250.6,1
2019-09-16 13:00:00,27.9,78,23.6,31.3,0.6,63,56,58,0,0.33,0.85,440.0,149.6,290.4,164.7,1193.6,1
2019-09-16 14:00:00,27.9,76,23.3,31.1,0.3,56,54,43,0,0.32,0.91,399.8,219.5,180.3,262.5,1057.0,1
2019-09-16 15:00:00,27.8,73,22.5,30.8,0.0,14,9,13,0,0.28,1.01,311.2,133.9,177.3,189.0,850.3,1
2019-09-16 16:00:00,27.7,71,22.0,30.6,0.0,20,20,1,0,0.3,1.08,331.6,240.6,91.0,450.5,587.4,1
2019-09-16 17:00:00,26.7,74,21.7,29.9,0.0,11,11,0,0,0.17,0.92,138.9,85.4,53.5,263.2,286.3,1
2019-09-16 18:00:00,25.3,78,21.2,29.1,0.0,18,18,0,0,0.04,0.72,0.0,0.0,0.0,0.0,0.0,0
2019-09-16 19:00:00,24.7,80,20.9,28.4,0.0,51,51,0,0,0.0,0.63,0.0,0.0,0.0,0.0,0.0,0
2019-09-16 20:00:00,24.3,84,21.5,27.8,0.0,72,13,0,18,0.01,0.48,0.0,0.0,0.0,0.0,0.0,0
2019-09-16 21:00:00,24.3,83,21.3,28.1,0.0,68,28,0,56,0.0,0.51,0.0,0.0,0.0,0.0,0.0,0
2019-09-16 22:00:00,24.0,84,21.2,27.8,0.0,83,61,0,57,0.0,0.47,0.0,0.0,0.0,0.0,0.0,0
2019-09-16 23:00:00,24.6,82,21.3,28.7,0.0,82,60,0,57,0.0,0.55,0.0,0.0,0.0,0.0,0.0,0
2019-09-17 00:00:00,23.9,86,21.4,28.0,0.0,63,53,0,21,0.0,0.42,0.0,0.0,0.0,0.0,0.0,0
2019-09-17 01:00:00,24.2,83,21.2,28.2,0.0,55,55,0,0,0.0,0.5,0.0,0.0,0.0,0.0,0.0,0
2019-09-17 02:00:00,24.1,85,21.4,28.3,0.0,31,31,1,0,0.0,0.45,0.0,0.0,0.0,0.0,0.0,0
2019-09-17 03:00:00,23.8,88,21.7,27.9,0.0,18,18,0,0,0.0,0.35,0.0,0.0,0.0,0.0,0.0,0
2019-09-17 04:00:00,23.2,91,21.6,27.3,0.0,89,89,36,0,0.0,0.26,0.0,0.0,0.0,0.0,0.0,0
2019-09-17 05:00:00,24.1,91,22.5,28.5,0.1,99,99,58,0,0.0,0.28,0.0,0.0,0.0,0.0,0.0,0
2019-09-17 06:00:00,24.5,89,22.6,29.3,0.1,44,39,36,0,0.02,0.34,2.6,0.0,2.6,0.0,85.2,1
2019-09-17 07:00:00,25.4,86,23.0,30.1,0.1,51,27,47,0,0.06,0.44,139.4,70.5,68.9,371.6,399.7,1
2019-09-17 08:00:00,26.5,82,23.1,29.9,0.3,70,38,43,3,0.16,0.64,256.8,125.9,130.9,311.4,688.7,1
2019-09-17 09:00:00,27.2,79,23.3,30.6,0.4,46,26,40,3,0.26,0.75,406.1,223.1,183.0,370.5,932.5,1
2019-09-17 10:00:00,27.3,78,23.1,30.5,0.1,41,31,36,0,0.33,0.8,513.3,305.4,207.9,401.7,1114.4,1
2019-09-17 11:00:00,28.4,72,22.8,31.2,0.2,61,53,50,0,0.44,1.08,635.6,406.7,228.8,468.8,1221.9,1
2019-09-17 12:00:00,28.0,75,23.0,30.8,0.5,49,39,40,0,0.41,0.96,580.8,337.6,243.2,368.1,1247.8,1
2019-09-17 13:00:00,28.0,73,22.7,30.6,0.1,48,45,36,0,0.39,1.03,512.7,240.8,271.9,266.0,1190.2,1
2019-09-17 14:00:00,28.6,69,22.3,31.4,0.0,49,48,5,0,0.45,1.21,576.1,383.7,192.3,460.6,1053.1,1
2019-09-17 15:00:00,28.3,67,21.7,30.4,0.0,12,12,0,0,0.39,1.25,454.5,293.2,161.2,415.9,845.8,1
2019-09-17 16:00:00,27.7,69,21.4,30.1,0.0,22,22,0,0,0.29,1.17,308.3,210.1,98.2,396.2,582.4,1
2019-09-17 17:00:00,26.9,73,21.5,30.1,0.0,69,28,0,57,0.16,0.97,127.5,75.7,51.8,236.4,280.9,1
2019-09-17 18:00:00,25.6,79,21.6,29.6,0.0,76,40,0,59,0.04,0.69,0.0,0.0,0.0,0.0,0.0,0
2019-09-17 19:00:00,25.0,81,21.6,29.1,0.0,56,29,0,38,0.0,0.59,0.0,0.0,0.0,0.0,0.0,0
2019-09-17 20:00:00,25.1,83,22.0,29.3,0.0,28,26,0,66,0.0,0.53,0.0,0.0,0.0,0.0,0.0,0
2019-09-17 21:00:00,24.9,84,22.0,29.0,0.0,68,28,0,55,0.0,0.5,0.0,0.0,0.0,0.0,0.0,0
2019-09-17 22:00:00,24.2,85,21.5,27.9,0.0,51,20,0,38,0.0,0.45,0.0,0.0,0.0,0.0,0.0,0
2019-09-17 23:00:00,23.9,85,21.3,27.7,0.0,11,5,0,6,0.0,0.43,0.0,0.0,0.0,0.0,0.0,0
2019-09-18 00:00:00,23.7,87,21.4,27.8,0.0,25,11,3,16,0.0,0.38,0.0,0.0,0.0,0.0,0.0,0
2019-09-18 01:00:00,23.2,91,21.6,27.1,0.1,96,88,51,65,0.0,0.26,0.0,0.0,0.0,0.0,0.0,0
2019-09-18 02:00:00,24.2,87,21.9,28.6,0.3,89,48,46,77,0.0,0.38,0.0,0.0,0.0,0.0,0.0,0
2019-09-18 03:00:00,23.8,91,22.2,28.7,0.1,97,78,88,67,0.0,0.26,0.0,0.0,0.0,0.0,0.0,0
2019-09-18 04:00:00,24.2,91,22.6,28.9,0.0,49,14,9,40,0.0,0.28,0.0,0.0,0.0,0.0,0.0,0
2019-09-18 05:00:00,23.8,94,22.8,28.7,0.0,69,68,7,4,0.0,0.16,0.0,0.0,0.0,0.0,0.0,0
2019-09-18 06:00:00,24.0,94,22.9,29.4,0.0,100,100,77,0,0.01,0.18,5.2,0.0,5.2,0.0,83.2,1
2019-09-18 07:00:00,25.1,86,22.7,29.7,0.0,59,57,53,0,0.04,0.44,64.2,0.0,64.2,0.0,398.0,1
2019-09-18 08:00:00,27.0,73,21.8,31.4,0.1,31,43,0,0,0.15,0.96,253.2,115.9,137.3,287.7,687.0,1
2019-09-18 09:00:00,28.1,66,21.1,31.0,0.0,54,52,42,0,0.31,1.31,462.3,319.2,143.0,531.7,930.7,1
2019-09-18 10:00:00,27.9,69,21.6,30.4,0.1,76,15,73,9,0.39,1.18,577.2,350.8,226.3,462.6,1112.3,1
2019-09-18 11:00:00,27.3,72,21.9,29.9,0.5,72,37,63,17,0.34,1.0,475.3,250.7,224.7,289.6,1219.4,1
2019-09-18 12:00:00,27.3,75,22.5,29.9,0.5,58,9,54,9,0.34,0.89,472.2,180.8,291.4,197.7,1244.8,1
2019-09-18 13:00:00,28.0,70,22.0,30.4,0.3,60,9,46,25,0.39,1.13,505.7,281.5,224.2,311.9,1186.8,1
2019-09-18 14:00:00,27.3,72,21.7,29.5,0.2,86,26,77,36,0.37,1.04,464.7,278.1,186.6,335.1,1049.1,1
2019-09-18 15:00:00,26.7,76,22.1,28.8,1.2,56,45,54,0,0.27,0.85,312.5,149.6,162.9,213.2,841.3,1
2019-09-18 16:00:00,25.9,82,22.5,29.0,0.5,93,91,88,0,0.15,0.61,146.5,62.3,84.2,118.4,577.4,1
2019-09-18 17:00:00,25.5,79,21.7,28.2,0.3,97,94,97,0,0.1,0.68,52.7,14.8,37.9,46.7,275.5,1
2019-09-18 18:00:00,25.1,77,20.8,27.3,0.2,100,100,75,0,0.07,0.72,0.0,0.0,0.0,0.0,0.0,0
2019-09-18 19:00:00,25.5,71,19.9,27.3,0.0,15,14,6,0,0.05,0.94,0.0,0.0,0.0,0.0,0.0,0
2019-09-18 20:00:00,25.4,68,19.0,27.6,0.0,9,94,95,0,0.04,1.05,0.0,0.0,0.0,0.0,0.0,0
2019-09-18 21:00:00,25.9,63,18.2,27.2,0.0,41,10,40,0,0.06,1.25,0.0,0.0,0.0,0.0,0.0,0
2019-09-18 22:00:00,25.1,67,18.6,27.1,0.0,29,29,4,0,0.03,1.04,0.0,0.0,0.0,0.0,0.0,0
2019-09-18 23:00:00,24.2,74,19.4,26.8,0.0,66,42,10,41,0.02,0.78,0.0,0.0,0.0,0.0,0.0,0
2019-09-19 00:00:00,23.8,78,19.7,26.4,0.0,77,38,12,63,0.02,0.65,0.0,0.0,0.0,0.0,0.0,0
2019-09-19 01:00:00,25.6,63,18.0,27.7,0.0,73,72,17,0,0.03,1.21,0.0,0.0,0.0,0.0,0.0,0
2019-09-19 02:00:00,25.6,64,18.2,28.0,0.0,70,60,60,18,0.01,1.19,0.0,0.0,0.0,0.0,0.0,0
2019-09-19 03:00:00,25.0,69,18.9,28.1,0.0,97,97,61,13,0.0,0.98,0.0,0.0,0.0,0.0,0.0,0
2019-09-19 04:00:00,24.0,76,19.6,27.2,0.0,48,42,31,9,0.0,0.71,0.0,0.0,0.0,0.0,0.0,0
2019-09-19 05:00:00,23.6,78,19.5,27.0,0.0,57,52,52,2,0.0,0.65,0.0,0.0,0.0,0.0,0.0,0
2019-09-19 06:00:00,23.3,83,20.2,26.8,0.0,56,44,50,4,0.02,0.49,5.3,0.0,5.3,0.0,81.3,1
2019-09-19 07:00:00,25.0,75,20.2,28.6,0.0,48,42,46,0,0.05,0.79,113.9,51.2,62.7,269.5,396.2,1
2019-09-19 08:00:00,26.6,64,19.3,29.9,0.0,63,72,54,13,0.16,1.24,286.1,152.5,133.6,380.1,685.3,1
2019-09-19 09:00:00,27.4,56,17.8,28.0,0.0,81,74,67,20,0.33,1.62,446.3,244.9,201.4,409.0,928.8,1
2019-09-19 10:00:00,27.6,58,18.7,28.4,0.0,100,87,100,17,0.42,1.54,594.5,325.9,268.5,430.9,1110.1,1
2019-09-19 11:00:00,27.5,59,18.7,28.2,0.0,92,69,90,17,0.42,1.51,548.1,254.8,293.3,295.2,1216.9,1
2019-09-19 12:00:00,27.6,59,18.8,28.1,0.0,50,41,48,0,0.44,1.52,566.5,231.0,335.5,253.3,1241.8,1
2019-09-19 13:00:00,27.4,59,18.7,28.7,0.0,79,37,78,0,0.51,1.49,672.5,386.2,286.3,429.3,1183.2,1
2019-09-19 14:00:00,26.7,63,18.9,27.6,0.0,61,31,59,0,0.36,1.31,430.9,192.1,238.8,232.5,1045.0,1
2019-09-19 15:00:00,26.4,63,18.9,27.5,0.0,55,53,43,0,0.3,1.26,322.8,163.6,159.2,234.4,836.7,1
2019-09-19 16:00:00,26.1,63,18.4,27.4,0.0,57,49,49,0,0.23,1.27,210.9,85.6,125.2,163.9,572.3,1
2019-09-19 17:00:00,25.6,68,19.2,28.5,0.0,63,59,60,0,0.11,1.05,92.5,34.4,58.0,110.3,270.0,1
2019-09-19 18:00:00,23.9,78,19.9,27.6,0.2,98,84,98,0,0.02,0.65,0.0,0.0,0.0,0.0,0.0,0
2019-09-19 19:00:00,24.2,79,20.4,27.9,0.2,97,82,96,0,0.0,0.62,0.0,0.0,0.0,0.0,0.0,0
2019-09-19 20:00:00,24.2,75,19.5,27.7,0.1,99,37,99,0,0.0,0.76,0.0,0.0,0.0,0.0,0.0,0
2019-09-19 21:00:00,24.5,76,20.0,27.5,0.0,79,8,79,0,0.01,0.73,0.0,0.0,0.0,0.0,0.0,0
2019-09-19 22:00:00,23.7,83,20.6,26.9,0.3,90,86,72,0,0.01,0.51,0.0,0.0,0.0,0.0,0.0,0
2019-09-19 23:00:00,23.5,86,21.0,26.9,0.2,100,100,77,0,0.0,0.42,0.0,0.0,0.0,0.0,0.0,0
2019-09-20 00:00:00,23.5,87,21.2,27.4,0.2,91,90,54,0,0.0,0.39,0.0,0.0,0.0,0.0,0.0,0
2019-09-20 01:00:00,23.5,84,20.6,27.6,0.2,100,54,100,0,0.0,0.46,0.0,0.0,0.0,0.0,0.0,0
2019-09-20 02:00:00,23.3,86,20.9,27.5,0.4,100,99,100,0,0.0,0.39,0.0,0.0,0.0,0.0,0.0,0
2019-09-20 03:00:00,23.0,93,21.7,27.2,0.7,100,99,100,0,0.0,0.21,0.0,0.0,0.0,0.0,0.0,0
2019-09-20 04:00:00,23.2,93,22.0,27.1,0.1,69,64,64,0,0.0,0.19,0.0,0.0,0.0,0.0,0.0,0
2019-09-20 05:00:00,22.8,96,22.2,26.8,0.2,100,93,100,0,0.0,0.11,0.0,0.0,0.0,0.0,0.0,0
2019-09-20 06:00:00,23.0,94,22.0,26.7,0.0,63,24,60,0,0.02,0.17,2.7,0.0,2.7,0.0,79.4,1
2019-09-20 07:00:00,23.4,95,22.6,27.6,0.0,98,18,98,0,0.03,0.14,69.6,13.2,56.3,69.8,394.4,1
2019-09-20 08:00:00,25.5,78,21.3,29.1,0.0,99,23,10,0,0.13,0.73,204.3,50.4,153.9,126.2,683.5,1
2019-09-20 09:00:00,26.9,60,18.3,28.6,0.0,32,31,10,0,0.3,1.43,433.8,224.4,209.5,375.8,926.8,1
2019-09-20 10:00:00,27.3,58,18.2,27.9,0.0,94,93,31,8,0.4,1.54,555.5,292.4,263.1,387.5,1107.9,1
2019-09-20 11:00:00,26.6,61,18.5,27.5,0.0,95,63,93,0,0.37,1.36,484.6,222.5,262.1,258.5,1214.3,1
2019-09-20 12:00:00,25.5,68,19.2,27.7,0.2,100,80,100,0,0.2,1.04,230.0,21.1,208.9,23.2,1238.7,1
2019-09-20 13:00:00,25.6,70,19.7,27.7,0.1,100,100,97,4,0.25,0.98,304.6,54.3,250.3,60.6,1179.6,1
2019-09-20 14:00:00,25.7,68,19.4,27.7,0.1,99,99,94,20,0.22,1.05,234.9,34.5,200.4,41.9,1040.9,1
2019-09-20 15:00:00,25.3,73,20.0,28.2,0.2,100,100,64,49,0.14,0.88,126.3,2.7,123.7,3.8,832.0,1
2019-09-20 16:00:00,25.2,75,20.4,28.3,0.2,100,100,94,31,0.12,0.8,101.6,4.0,97.6,7.8,567.1,1
2019-09-20 17:00:00,24.5,74,19.7,26.8,0.2,95,91,79,31,0.08,0.79,22.1,0.0,22.1,0.0,264.4,1
2019-09-20 18:00:00,24.4,73,19.2,26.8,0.2,100,100,98,41,0.05,0.82,0.0,0.0,0.0,0.0,0.0,0
2019-09-20 19:00:00,24.1,76,19.6,26.9,1.0,100,100,100,54,0.01,0.71,0.0,0.0,0.0,0.0,0.0,0
2019-09-20 20:00:00,23.3,85,20.5,26.5,2.7,100,100,100,61,0.0,0.44,0.0,0.0,0.0,0.0,0.0,0
2019-09-20 21:00:00,23.5,87,21.3,27.1,2.9,100,100,100,25,0.0,0.37,0.0,0.0,0.0,0.0,0.0,0
2019-09-20 22:00:00,22.9,88,20.7,25.9,2.2,100,100,100,24,0.0,0.34,0.0,0.0,0.0,0.0,0.0,0
2019-09-20 23:00:00,22.7,85,20.0,25.4,1.2,100,100,99,28,0.01,0.41,0.0,0.0,0.0,0.0,0.0,0
2019-09-21 00:00:00,22.4,87,20.0,24.9,2.0,100,100,100,25,0.01,0.36,0.0,0.0,0.0,0.0,0.0,0
2019-09-21 01:00:00,22.1,89,20.2,24.6,2.4,100,100,100,4,0.0,0.29,0.0,0.0,0.0,0.0,0.0,0
2019-09-21 02:00:00,21.9,92,20.6,24.0,2.8,100,100,100,0,0.0,0.2,0.0,0.0,0.0,0.0,0.0,0
2019-09-21 03:00:00,22.2,91,20.7,24.6,2.3,100,100,100,22,0.0,0.24,0.0,0.0,0.0,0.0,0.0,0
2019-09-21 04:00:00,21.8,93,20.6,23.7,4.0,100,100,100,13,0.0,0.19,0.0,0.0,0.0,0.0,0.0,0
2019-09-21 05:00:00,21.9,93,20.8,23.7,5.1,100,100,100,18,0.0,0.18,0.0,0.0,0.0,0.0,0.0,0
2019-09-21 06:00:00,21.9,94,20.9,23.7,5.5,100,100,99,24,0.02,0.16,0.0,0.0,0.0,0.0,77.4,1
2019-09-21 07:00:00,22.0,94,20.9,23.7,7.0,100,100,100,59,0.03,0.16,26.6,0.0,26.6,0.0,392.6,1
2019-09-21 08:00:00,22.5,94,21.5,24.7,6.4,100,100,100,44,0.05,0.15,73.2,1.3,71.9,3.2,681.6,1
2019-09-21 09:00:00,22.7,95,21.9,25.1,4.2,100,100,100,0,0.07,0.14,112.2,3.4,108.8,5.8,924.8,1
2019-09-21 10:00:00,22.9,94,21.8,25.0,3.1,100,100,89,0,0.09,0.18,137.5,7.6,129.9,10.1,1105.6,1
2019-09-21 11:00:00,23.1,91,21.6,25.0,3.2,100,100,99,1,0.13,0.25,204.9,2.1,202.8,2.4,1211.6,1
2019-09-21 12:00:00,23.6,88,21.6,25.5,3.4,100,100,93,6,0.22,0.34,353.4,29.1,324.3,32.1,1235.6,1
2019-09-21 13:00:00,23.0,92,21.6,24.8,2.4,100,100,100,1,0.14,0.23,216.3,13.6,202.7,15.2,1175.9,1
2019-09-21 14:00:00,23.1,91,21.6,25.0,3.0,100,100,100,3,0.15,0.25,227.4,13.0,214.3,15.9,1036.6,1
2019-09-21 15:00:00,23.1,91,21.6,25.6,2.9,100,100,87,1,0.11,0.25,129.8,9.7,120.0,14.1,827.2,1
2019-09-21 16:00:00,23.4,92,22.0,26.3,1.8,100,98,100,0,0.1,0.23,109.4,4.8,104.6,9.4,561.9,1
2019-09-21 17:00:00,23.3,91,21.7,26.3,0.9,100,100,92,0,0.07,0.26,52.1,3.1,48.9,10.3,258.8,1
2019-09-21 18:00:00,22.8,90,21.0,25.9,0.4,100,98,99,2,0.03,0.29,0.0,0.0,0.0,0.0,0.0,0
2019-09-21 19:00:00,22.9,90,21.1,26.6,0.5,100,89,100,0,0.0,0.28,0.0,0.0,0.0,0.0,0.0,0
2019-09-21 20:00:00,22.3,90,20.6,25.4,0.4,90,87,46,36,0.0,0.27,0.0,0.0,0.0,0.0,0.0,0
2019-09-21 21:00:00,22.4,88,20.3,25.2,0.0,90,27,45,80,0.0,0.33,0.0,0.0,0.0,0.0,0.0,0
2019-09-21 22:00:00,22.2,88,20.2,25.0,0.0,89,7,31,84,0.0,0.32,0.0,0.0,0.0,0.0,0.0,0
2019-09-21 23:00:00,21.7,88,19.7,24.7,0.0,98,9,22,97,0.0,0.3,0.0,0.0,0.0,0.0,0.0,0
2019-09-22 00:00:00,21.5,88,19.5,24.2,0.0,85,6,36,78,0.0,0.31,0.0,0.0,0.0,0.0,0.0,0
2019-09-22 01:00:00,21.5,88,19.4,24.3,0.0,80,9,25,73,0.0,0.31,0.0,0.0,0.0,0.0,0.0,0
2019-09-22 02:00:00,21.4,88,19.3,24.2,0.0,55,1,15,46,0.0,0.31,0.0,0.0,0.0,0.0,0.0,0
2019-09-22 03:00:00,20.8,88,18.8,23.3,0.0,32,2,16,18,0.0,0.29,0.0,0.0,0.0,0.0,0.0,0
2019-09-22 04:00:00,20.4,87,18.3,22.4,0.0,24,6,19,4,0.0,0.3,0.0,0.0,0.0,0.0,0.0,0
2019-09-22 05:00:00,22.2,80,18.5,24.7,0.0,15,12,9,0,0.0,0.55,0.0,0.0,0.0,0.0,0.0,0
2019-09-22 06:00:00,21.8,85,19.2,24.5,0.0,27,20,16,0,0.03,0.39,5.4,0.0,5.4,0.0,75.5,1
2019-09-22 07:00:00,22.5,84,19.8,25.2,0.0,30,13,26,0,0.06,0.42,155.0,83.4,71.7,438.7,390.8,1
2019-09-22 08:00:00,25.6,77,21.2,29.3,0.0,41,91,17,68,0.17,0.76,309.4,190.7,118.7,480.9,679.8,1
2019-09-22 09:00:00,26.6,71,21.0,29.9,0.0,85,36,26,76,0.26,1.01,402.0,161.5,240.5,272.0,922.8,1
2019-09-22 10:00:00,27.6,62,19.6,29.8,0.0,79,4,23,73,0.42,1.4,616.2,403.9,212.3,538.2,1103.3,1
2019-09-22 11:00:00,27.7,61,19.5,30.4,0.0,83,9,11,81,0.51,1.45,745.5,545.9,199.6,637.4,1208.8,1
2019-09-22 12:00:00,27.7,60,19.4,30.7,0.0,86,23,4,82,0.56,1.47,797.1,653.6,143.6,722.8,1232.3,1
2019-09-22 13:00:00,27.6,63,19.8,31.1,0.0,76,21,1,69,0.55,1.38,760.1,578.8,181.3,649.9,1172.1,1
2019-09-22 14:00:00,27.0,65,19.8,29.6,0.0,33,32,1,0,0.43,1.26,559.7,286.8,272.9,351.3,1032.3,1
2019-09-22 15:00:00,26.5,64,19.1,28.3,0.0,21,21,0,0,0.39,1.26,481.5,299.8,181.7,436.5,822.4,1
2019-09-22 16:00:00,26.0,65,18.8,28.0,0.0,6,6,0,0,0.29,1.18,329.2,243.3,85.9,476.4,556.6,1
2019-09-22 17:00:00,25.0,72,19.7,27.9,0.0,1,0,1,0,0.15,0.87,137.4,93.3,44.2,311.1,253.2,1
2019-09-22 18:00:00,24.3,72,19.0,26.8,0.0,1,0,1,0,0.04,0.84,0.0,0.0,0.0,0.0,0.0,0
2019-09-22 19:00:00,22.8,81,19.4,25.8,0.0,1,0,1,0,0.0,0.52,0.0,0.0,0.0,0.0,0.0,0
2019-09-22 20:00:00,22.2,86,19.8,25.4,0.0,1,0,0,0,0.0,0.37,0.0,0.0,0.0,0.0,0.0,0
2019-09-22 21:00:00,22.1,86,19.6,24.7,0.0,11,11,1,0,0.0,0.38,0.0,0.0,0.0,0.0,0.0,0
2019-09-22 22:00:00,21.9,85,19.3,24.6,0.0,27,24,20,0,0.0,0.38,0.0,0.0,0.0,0.0,0.0,0
2019-09-22 23:00:00,21.9,87,19.6,25.0,0.0,34,32,16,0,0.0,0.35,0.0,0.0,0.0,0.0,0.0,0
2019-09-23 00:00:00,21.7,89,19.8,24.8,0.1,42,41,26,0,0.0,0.28,0.0,0.0,0.0,0.0,0.0,0
2019-09-23 01:00:00,21.8,89,19.8,25.0,0.0,29,29,21,0,0.0,0.3,0.0,0.0,0.0,0.0,0.0,0
2019-09-23 02:00:00,21.6,89,19.7,24.5,0.0,19,17,12,0,0.0,0.29,0.0,0.0,0.0,0.0,0.0,0
2019-09-23 03:00:00,21.4,90,19.7,24.4,0.0,50,48,8,3,0.0,0.25,0.0,0.0,0.0,0.0,0.0,0
2019-09-23 04:00:00,21.7,89,19.9,24.8,0.0,43,33,8,14,0.0,0.28,0.0,0.0,0.0,0.0,0.0,0
2019-09-23 05:00:00,21.6,89,19.7,24.6,0.0,48,23,8,32,0.0,0.28,0.0,0.0,0.0,0.0,0.0,0
2019-09-23 06:00:00,21.5,89,19.5,24.3,0.0,49,25,8,32,0.02,0.29,5.5,0.0,5.5,0.0,73.5,1
2019-09-23 07:00:00,23.0,82,19.8,25.5,0.0,51,25,4,34,0.07,0.5,148.9,66.9,82.0,352.1,388.9,1
2019-09-23 08:00:00,25.1,72,19.6,28.5,0.0,86,11,16,79,0.18,0.9,338.7,235.1,103.6,595.2,677.9,1
2019-09-23 09:00:00,25.9,63,18.4,27.8,0.0,92,60,16,80,0.3,1.23,467.3,304.7,162.6,514.8,920.7,1
2019-09-23 10:00:00,26.1,63,18.5,27.7,0.0,81,70,3,37,0.37,1.25,553.4,380.1,173.3,507.9,1100.8,1
2019-09-23 11:00:00,26.5,62,18.6,28.3,0.0,66,40,2,43,0.4,1.32,562.5,322.3,240.2,377.4,1206.0,1
2019-09-23 12:00:00,27.6,59,18.9,31.4,0.0,78,58,1,48,0.61,1.52,866.2,708.6,157.6,786.1,1229.0,1
2019-09-23 13:00:00,27.5,58,18.6,30.6,0.0,100,100,1,1,0.57,1.54,783.1,617.3,165.7,695.7,1168.3,1
2019-09-23 14:00:00,26.7,64,19.3,28.7,0.0,60,56,2,9,0.45,1.26,600.4,392.8,207.6,483.2,1027.9,1
2019-09-23 15:00:00,26.4,65,19.3,28.4,0.0,23,20,1,3,0.42,1.2,533.0,426.4,106.6,624.2,817.5,1
2019-09-23 16:00:00,25.9,67,19.2,27.7,0.0,49,45,0,8,0.29,1.11,330.0,232.3,97.7,458.6,551.3,1
2019-09-23 17:00:00,24.9,72,19.5,27.4,0.0,58,53,0,27,0.14,0.88,113.4,60.4,53.0,204.3,247.5,1
2019-09-23 18:00:00,23.5,79,19.6,26.5,0.0,68,36,0,50,0.04,0.62,0.0,0.0,0.0,0.0,0.0,0
2019-09-23 19:00:00,22.8,84,20.0,26.1,0.0,82,39,1,70,0.0,0.45,0.0,0.0,0.0,0.0,0.0,0
2019-09-23 20:00:00,22.5,87,20.3,25.6,0.0,88,9,8,81,0.0,0.34,0.0,0.0,0.0,0.0,0.0,0
2019-09-23 21:00:00,22.9,85,20.1,26.2,0.0,85,8,7,84,0.0,0.43,0.0,0.0,0.0,0.0,0.0,0
2019-09-23 22:00:00,22.0,88,20.0,25.2,0.0,83,18,6,79,0.0,0.31,0.0,0.0,0.0,0.0,0.0,0
2019-09-23 23:00:00,21.9,89,20.1,25.2,0.0,76,23,6,73,0.0,0.28,0.0,0.0,0.0,0.0,0.0,0
2019-09-24 00:00:00,21.7,90,20.0,24.8,0.0,71,13,6,68,0.0,0.26,0.0,0.0,0.0,0.0,0.0,0
2019-09-24 01:00:00,21.9,89,20.0,25.0,0.0,72,22,6,65,0.0,0.28,0.0,0.0,0.0,0.0,0.0,0
2019-09-24 02:00:00,21.4,91,19.8,24.5,0.0,69,21,5,61,0.0,0.24,0.0,0.0,0.0,0.0,0.0,0
2019-09-24 03:00:00,21.4,91,19.9,24.4,0.0,64,46,6,33,0.0,0.23,0.0,0.0,0.0,0.0,0.0,0
2019-09-24 04:00:00,21.5,91,19.9,24.4,0.0,67,52,7,31,0.0,0.24,0.0,0.0,0.0,0.0,0.0,0
2019-09-24 05:00:00,21.8,88,19.7,24.8,0.0,56,34,12,34,0.0,0.32,0.0,0.0,0.0,0.0,0.0,0
2019-09-24 06:00:00,22.1,87,19.8,25.1,0.0,46,37,32,11,0.02,0.36,5.5,0.0,5.5,0.0,71.6,1
2019-09-24 07:00:00,23.6,81,20.1,26.5,0.0,50,29,45,4,0.06,0.56,132.6,62.1,70.5,326.7,387.0,1
2019-09-24 08:00:00,25.1,73,19.9,27.2,0.0,53,34,75,3,0.18,0.86,289.6,160.6,129.0,408.3,675.9,1
2019-09-24 09:00:00,25.6,69,19.5,27.0,0.0,100,32,100,7,0.25,1.01,366.6,143.2,223.4,242.7,918.5,1
2019-09-24 10:00:00,25.4,71,19.8,27.0,0.0,100,9,100,48,0.29,0.94,424.5,138.6,285.9,185.7,1098.4,1
2019-09-24 11:00:00,25.4,71,19.8,26.9,0.0,100,85,99,58,0.31,0.94,427.3,119.6,307.7,140.4,1203.1,1
2019-09-24 12:00:00,26.2,68,19.7,27.3,0.0,89,47,74,56,0.39,1.1,536.9,192.7,344.2,214.4,1225.6,1
2019-09-24 13:00:00,25.8,67,19.2,26.8,0.0,88,83,17,28,0.31,1.09,378.8,61.0,317.8,69.0,1164.4,1
2019-09-24 14:00:00,26.4,64,19.2,27.8,0.0,100,100,8,39,0.47,1.23,629.8,361.9,267.9,447.1,1023.5,1
2019-09-24 15:00:00,25.7,65,18.6,26.3,0.0,18,0,4,14,0.34,1.15,408.4,198.9,209.5,292.8,812.5,1
2019-09-24 16:00:00,25.1,67,18.5,25.9,0.0,59,6,10,54,0.28,1.07,310.1,209.4,100.7,416.7,545.9,1
2019-09-24 17:00:00,24.3,72,18.8,26.0,0.0,26,11,17,8,0.15,0.86,116.6,72.7,44.0,249.4,241.8,1
2019-09-24 18:00:00,23.3,74,18.4,25.0,0.0,27,12,23,1,0.06,0.75,0.0,0.0,0.0,0.0,0.0,0
2019-09-24 19:00:00,22.7,76,18.2,24.5,0.0,51,1,27,34,0.02,0.67,0.0,0.0,0.0,0.0,0.0,0
2019-09-24 20:00:00,22.7,77,18.5,24.7,0.0,59,9,71,15,0.01,0.63,0.0,0.0,0.0,0.0,0.0,0
2019-09-24 21:00:00,23.0,76,18.5,25.2,0.0,71,9,64,18,0.02,0.68,0.0,0.0,0.0,0.0,0.0,0
2019-09-24 22:00:00,23.0,75,18.3,24.9,0.0,67,9,64,6,0.02,0.71,0.0,0.0,0.0,0.0,0.0,0
2019-09-24 23:00:00,22.7,75,18.0,24.5,0.0,66,8,64,4,0.02,0.7,0.0,0.0,0.0,0.0,0.0,0
2019-09-25 00:00:00,22.3,76,17.9,24.1,0.0,62,7,61,0,0.02,0.64,0.0,0.0,0.0,0.0,0.0,0
2019-09-25 01:00:00,22.0,79,18.2,24.1,0.0,64,6,63,0,0.01,0.55,0.0,0.0,0.0,0.0,0.0,0
2019-09-25 02:00:00,21.6,83,18.5,24.1,0.0,74,12,71,5,0.0,0.45,0.0,0.0,0.0,0.0,0.0,0
2019-09-25 03:00:00,21.6,83,18.6,23.9,0.0,45,13,42,0,0.0,0.43,0.0,0.0,0.0,0.0,0.0,0
2019-09-25 04:00:00,21.7,81,18.2,23.8,0.0,30,14,26,0,0.0,0.51,0.0,0.0,0.0,0.0,0.0,0
2019-09-25 05:00:00,21.5,81,18.1,23.5,0.0,22,15,19,0,0.0,0.49,0.0,0.0,0.0,0.0,0.0,0
2019-09-25 06:00:00,21.8,81,18.4,23.9,0.0,14,9,11,0,0.04,0.5,5.6,0.0,5.6,0.0,69.6,1
2019-09-25 07:00:00,23.4,78,19.4,25.6,0.0,9,8,5,0,0.08,0.63,163.4,82.5,80.8,434.1,385.1,1
2019-09-25 08:00:00,25.1,71,19.5,26.7,0.0,8,19,1,0,0.22,0.93,377.1,258.2,119.0,659.2,673.9,1
2019-09-25 09:00:00,25.9,67,19.3,27.0,0.0,18,18,0,0,0.34,1.1,542.0,386.2,155.8,656.6,916.3,1
2019-09-25 10:00:00,26.3,66,19.3,27.6,0.0,47,47,0,0,0.41,1.18,641.1,427.8,213.3,574.9,1095.8,1
2019-09-25 11:00:00,26.5,64,19.2,28.4,0.0,32,32,0,0,0.5,1.24,768.2,563.4,204.8,663.5,1200.2,1
2019-09-25 12:00:00,26.3,62,18.5,27.7,0.0,24,24,0,0,0.51,1.29,739.5,509.7,229.8,569.0,1222.2,1
2019-09-25 13:00:00,26.4,61,18.1,28.1,0.0,8,8,0,0,0.56,1.36,805.8,639.2,166.6,725.5,1160.4,1
2019-09-25 14:00:00,26.1,61,18.0,27.4,0.0,12,12,2,0,0.5,1.32,687.1,532.8,154.3,661.1,1019.0,1
2019-09-25 15:00:00,25.5,62,17.8,26.1,0.0,8,3,7,0,0.41,1.23,518.8,408.0,110.8,604.1,807.5,1
2019-09-25 16:00:00,25.0,65,17.9,25.7,0.0,7,1,7,0,0.29,1.12,324.5,236.0,88.5,473.6,540.5,1
2019-09-25 17:00:00,24.0,69,18.0,25.5,0.0,9,1,9,0,0.15,0.92,125.2,84.0,41.1,292.7,236.1,1
2019-09-25 18:00:00,22.7,72,17.4,24.2,0.0,10,1,10,0,0.05,0.77,0.0,0.0,0.0,0.0,0.0,0
2019-09-25 19:00:00,22.0,76,17.6,23.7,0.0,10,1,10,0,0.01,0.62,0.0,0.0,0.0,0.0,0.0,0
2019-09-25 20:00:00,22.2,77,18.0,24.1,0.0,7,2,25,0,0.01,0.62,0.0,0.0,0.0,0.0,0.0,0
2019-09-25 21:00:00,22.2,78,18.2,24.4,0.0,55,5,54,0,0.01,0.59,0.0,0.0,0.0,0.0,0.0,0
2019-09-25 22:00:00,22.4,77,18.2,24.4,0.0,90,4,89,0,0.01,0.63,0.0,0.0,0.0,0.0,0.0,0
2019-09-25 23:00:00,22.9,77,18.7,25.0,0.0,93,1,93,0,0.02,0.64,0.0,0.0,0.0,0.0,0.0,0
2019-09-26 00:00:00,23.1,79,19.3,25.4,0.0,57,2,56,0,0.02,0.59,0.0,0.0,0.0,0.0,0.0,0
2019-09-26 01:00:00,22.8,82,19.7,25.3,0.0,31,15,28,0,0.01,0.49,0.0,0.0,0.0,0.0,0.0,0
2019-09-26 02:00:00,22.5,86,20.0,25.0,0.0,14,9,13,0,0.01,0.4,0.0,0.0,0.0,0.0,0.0,0
2019-09-26 03:00:00,22.4,88,20.3,25.1,0.0,16,13,10,0,0.0,0.34,0.0,0.0,0.0,0.0,0.0,0
2019-09-26 04:00:00,22.3,90,20.6,25.1,0.0,19,16,11,0,0.0,0.27,0.0,0.0,0.0,0.0,0.0,0
2019-09-26 05:00:00,22.4,91,20.9,25.4,0.0,16,14,8,0,0.0,0.24,0.0,0.0,0.0,0.0,0.0,0
2019-09-26 06:00:00,22.7,90,21.0,25.5,0.0,21,21,3,0,0.03,0.27,5.7,0.0,5.7,0.0,67.6,1
2019-09-26 07:00:00,24.2,86,21.7,27.4,0.0,35,35,2,0,0.07,0.42,157.2,79.4,77.8,417.7,383.1,1
2019-09-26 08:00:00,25.8,79,21.8,27.8,0.0,66,66,0,0,0.19,0.7,321.7,193.8,127.9,496.8,671.9,1
2019-09-26 09:00:00,26.5,77,22.1,28.7,0.0,41,41,4,0,0.27,0.8,439.0,244.1,194.8,416.4,914.1,1
2019-09-26 10:00:00,27.0,75,22.2,29.1,0.1,30,29,16,0,0.37,0.9,589.2,385.6,203.6,519.7,1093.3,1
2019-09-26 11:00:00,27.4,74,22.3,29.8,0.1,30,28,23,0,0.43,0.96,651.7,406.4,245.3,480.1,1197.2,1
2019-09-26 12:00:00,27.2,74,22.2,29.7,0.1,60,55,33,0,0.43,0.93,633.0,453.4,179.6,507.8,1218.7,1
2019-09-26 13:00:00,27.1,74,22.1,29.2,0.1,47,36,42,0,0.42,0.92,602.2,395.0,207.2,450.0,1156.4,1
2019-09-26 14:00:00,26.6,76,22.1,28.5,0.2,43,34,37,2,0.36,0.82,502.7,336.4,166.3,419.3,1014.4,1
2019-09-26 15:00:00,26.2,77,21.8,28.0,0.1,47,29,42,4,0.29,0.79,363.6,241.5,122.1,359.7,802.5,1
2019-09-26 16:00:00,25.6,80,21.9,27.7,0.1,29,25,15,3,0.21,0.66,239.5,163.1,76.4,329.9,535.1,1
2019-09-26 17:00:00,25.1,83,21.9,27.6,0.0,21,13,12,7,0.12,0.55,85.0,47.9,37.1,169.3,230.4,1
2019-09-26 18:00:00,24.3,86,21.8,26.8,0.0,99,99,10,12,0.05,0.43,0.0,0.0,0.0,0.0,0.0,0
2019-09-26 19:00:00,24.1,86,21.7,26.7,0.0,7,2,5,2,0.02,0.41,0.0,0.0,0.0,0.0,0.0,0
2019-09-26 20:00:00,24.4,89,22.4,27.6,0.0,54,57,4,0,0.01,0.35,0.0,0.0,0.0,0.0,0.0,0
2019-09-26 21:00:00,24.7,87,22.4,27.6,0.1,53,4,7,48,0.02,0.41,0.0,0.0,0.0,0.0,0.0,0
2019-09-26 22:00:00,24.2,89,22.3,27.0,0.1,92,11,9,90,0.02,0.34,0.0,0.0,0.0,0.0,0.0,0
2019-09-26 23:00:00,24.0,90,22.2,27.3,0.0,99,87,14,95,0.01,0.3,0.0,0.0,0.0,0.0,0.0,0
2019-09-27 00:00:00,24.3,88,22.2,27.5,0.1,100,100,12,96,0.01,0.36,0.0,0.0,0.0,0.0,0.0,0
2019-09-27 01:00:00,24.3,88,22.1,27.2,0.0,100,100,9,96,0.02,0.38,0.0,0.0,0.0,0.0,0.0,0
2019-09-27 02:00:00,24.3,88,22.1,27.0,0.0,96,3,12,95,0.02,0.38,0.0,0.0,0.0,0.0,0.0,0
2019-09-27 03:00:00,24.1,88,22.0,26.8,0.0,90,2,7,89,0.02,0.36,0.0,0.0,0.0,0.0,0.0,0
2019-09-27 04:00:00,24.0,89,22.0,26.8,0.0,94,1,17,93,0.01,0.34,0.0,0.0,0.0,0.0,0.0,0
2019-09-27 05:00:00,24.0,88,22.0,27.1,0.0,95,0,22,94,0.01,0.35,0.0,0.0,0.0,0.0,0.0,0
2019-09-27 06:00:00,24.2,88,22.0,27.4,0.0,86,56,6,77,0.04,0.38,2.9,0.0,2.9,0.0,65.6,1
2019-09-27 07:00:00,25.1,86,22.5,28.4,0.0,100,100,19,95,0.07,0.45,115.4,37.3,78.0,196.2,381.1,1
2019-09-27 08:00:00,25.8,86,23.3,28.6,0.5,89,50,46,84,0.12,0.46,174.9,24.1,150.8,62.0,669.8,1
2019-09-27 09:00:00,26.4,85,23.7,29.4,0.4,99,94,39,86,0.19,0.51,301.5,107.8,193.7,184.4,911.8,1
2019-09-27 10:00:00,26.6,84,23.6,29.7,0.7,90,88,31,24,0.2,0.56,288.1,61.7,226.4,83.5,1090.6,1
2019-09-27 11:00:00,26.7,84,23.9,29.9,0.7,76,21,37,65,0.22,0.55,317.0,97.7,219.3,115.8,1194.1,1
2019-09-27 12:00:00,28.0,83,24.8,31.9,0.3,90,2,25,88,0.37,0.65,550.6,246.7,303.9,277.2,1215.1,1
2019-09-27 13:00:00,27.4,84,24.4,31.1,1.6,98,45,26,97,0.33,0.59,477.2,174.2,302.9,199.2,1152.3,1
2019-09-27 14:00:00,27.1,85,24.4,30.5,1.2,97,67,23,95,0.27,0.52,369.7,103.1,266.6,129.1,1009.8,1
2019-09-27 15:00:00,26.5,84,23.5,29.8,2.5,100,99,28,100,0.2,0.57,243.9,48.3,195.7,72.3,797.5,1
2019-09-27 16:00:00,25.7,89,23.7,29.4,0.2,100,7,30,100,0.1,0.37,87.3,2.4,84.9,4.9,529.7,1
2019-09-27 17:00:00,25.4,90,23.6,28.9,0.0,100,87,22,100,0.08,0.32,60.4,3.6,56.9,12.8,224.7,1
2019-09-27 18:00:00,24.7,92,23.3,28.6,0.0,100,99,13,100,0.03,0.25,0.0,0.0,0.0,0.0,0.0,0
2019-09-27 19:00:00,24.8,92,23.5,29.0,0.1,100,100,32,100,0.0,0.23,0.0,0.0,0.0,0.0,0.0,0
2019-09-27 20:00:00,24.9,94,23.9,28.9,0.5,100,16,26,91,0.0,0.18,0.0,0.0,0.0,0.0,0.0,0
2019-09-27 21:00:00,24.8,93,23.6,28.6,0.1,97,4,24,97,0.0,0.22,0.0,0.0,0.0,0.0,0.0,0
2019-09-27 22:00:00,24.5,95,23.6,28.3,0.1,93,8,28,91,0.0,0.16,0.0,0.0,0.0,0.0,0.0,0
2019-09-27 23:00:00,24.5,94,23.5,28.4,0.2,97,12,48,95,0.0,0.18,0.0,0.0,0.0,0.0,0.0,0
2019-09-28 00:00:00,24.4,95,23.5,28.5,0.2,98,8,40,97,0.0,0.16,0.0,0.0,0.0,0.0,0.0,0
2019-09-28 01:00:00,24.1,95,23.2,28.1,0.1,98,10,39,96,0.0,0.16,0.0,0.0,0.0,0.0,0.0,0
2019-09-28 02:00:00,24.2,93,23.0,28.0,0.0,84,27,34,72,0.0,0.21,0.0,0.0,0.0,0.0,0.0,0
2019-09-28 03:00:00,24.0,92,22.7,27.6,0.0,62,28,42,26,0.0,0.23,0.0,0.0,0.0,0.0,0.0,0
2019-09-28 04:00:00,23.7,94,22.6,27.2,0.5,95,94,50,18,0.0,0.18,0.0,0.0,0.0,0.0,0.0,0
2019-09-28 05:00:00,23.5,94,22.4,26.7,2.0,99,99,98,11,0.0,0.18,0.0,0.0,0.0,0.0,0.0,0
2019-09-28 06:00:00,23.5,93,22.4,27.0,1.2,57,19,52,3,0.02,0.2,2.9,0.0,2.9,0.0,63.5,1
2019-09-28 07:00:00,24.6,92,23.1,28.6,0.0,32,10,27,1,0.05,0.26,124.3,49.4,74.9,259.5,379.1,1
2019-09-28 08:00:00,25.5,90,23.7,29.8,0.0,78,45,20,53,0.15,0.32,289.1,164.9,124.3,426.5,667.6,1
2019-09-28 09:00:00,26.7,89,24.7,31.5,0.1,41,17,34,14,0.22,0.4,381.8,186.9,194.9,321.0,909.4,1
2019-09-28 10:00:00,27.1,88,24.9,31.9,0.1,52,22,47,5,0.26,0.45,421.3,189.5,231.8,257.0,1087.9,1
2019-09-28 11:00:00,27.7,86,25.1,32.7,0.2,64,26,61,5,0.34,0.53,517.5,308.6,208.9,366.9,1190.9,1
2019-09-28 12:00:00,27.1,84,24.1,31.2,2.2,92,28,90,20,0.3,0.58,427.2,167.5,259.7,188.8,1211.5,1
2019-09-28 13:00:00,27.1,85,24.4,31.5,1.6,100,16,100,12,0.31,0.52,443.1,175.1,268.0,201.0,1148.1,1
2019-09-28 14:00:00,27.4,87,25.0,32.4,0.3,79,8,71,34,0.31,0.48,422.4,156.9,265.5,197.4,1005.2,1
2019-09-28 15:00:00,26.6,84,23.8,30.6,2.2,73,28,34,58,0.24,0.54,308.5,114.8,193.7,173.0,792.4,1
2019-09-28 16:00:00,25.8,88,23.7,30.0,0.1,81,43,34,63,0.13,0.38,138.6,50.7,87.9,104.3,524.2,1
2019-09-28 17:00:00,25.3,90,23.6,29.9,0.1,69,61,31,47,0.08,0.31,63.3,17.6,45.7,64.1,219.0,1
2019-09-28 18:00:00,24.6,93,23.5,29.6,0.1,100,100,12,58,0.02,0.21,0.0,0.0,0.0,0.0,0.0,0
2019-09-28 19:00:00,24.7,93,23.4,29.4,0.0,65,40,11,56,0.0,0.22,0.0,0.0,0.0,0.0,0.0,0
2019-09-28 20:00:00,24.7,93,23.5,28.9,0.0,94,33,12,38,0.0,0.23,0.0,0.0,0.0,0.0,0.0,0
2019-09-28 21:00:00,24.5,92,23.2,28.4,0.0,63,11,26,54,0.0,0.23,0.0,0.0,0.0,0.0,0.0,0
2019-09-28 22:00:00,24.3,94,23.2,28.0,0.0,26,14,22,0,0.0,0.19,0.0,0.0,0.0,0.0,0.0,0
2019-09-28 23:00:00,24.2,93,23.1,27.4,0.1,21,0,21,0,0.0,0.2,0.0,0.0,0.0,0.0,0.0,0
2019-09-29 00:00:00,24.4,90,22.7,27.4,0.2,28,0,30,2,0.01,0.3,0.0,0.0,0.0,0.0,0.0,0
2019-09-29 01:00:00,24.3,91,22.7,27.5,0.1,40,21,31,1,0.01,0.27,0.0,0.0,0.0,0.0,0.0,0
2019-09-29 02:00:00,24.1,92,22.7,27.4,0.1,43,0,43,0,0.01,0.24,0.0,0.0,0.0,0.0,0.0,0
2019-09-29 03:00:00,24.1,92,22.8,27.6,0.0,34,3,28,9,0.0,0.23,0.0,0.0,0.0,0.0,0.0,0
2019-09-29 04:00:00,24.2,93,23.0,27.6,0.0,32,1,27,10,0.0,0.21,0.0,0.0,0.0,0.0,0.0,0
2019-09-29 05:00:00,24.2,94,23.2,27.6,0.0,33,2,33,0,0.0,0.19,0.0,0.0,0.0,0.0,0.0,0
2019-09-29 06:00:00,24.2,94,23.3,27.9,0.0,36,30,16,0,0.02,0.17,2.9,0.0,2.9,0.0,61.5,1
2019-09-29 07:00:00,25.6,91,24.1,29.8,0.0,81,79,16,0,0.06,0.28,121.4,46.1,75.2,242.5,377.1,1
2019-09-29 08:00:00,26.5,85,23.8,29.7,0.0,97,84,42,14,0.12,0.51,159.9,41.9,118.0,108.9,665.5,1
2019-09-29 09:00:00,27.4,82,24.1,30.8,0.1,78,40,72,52,0.24,0.65,379.6,168.6,211.0,290.5,907.0,1
2019-09-29 10:00:00,27.2,84,24.3,30.7,0.2,45,36,32,15,0.23,0.58,343.3,107.2,236.1,145.9,1085.1,1
2019-09-29 11:00:00,28.3,85,25.5,32.9,0.4,97,96,32,23,0.42,0.59,686.8,463.4,223.4,552.6,1187.7,1
2019-09-29 12:00:00,27.9,83,24.7,31.5,0.4,56,49,31,5,0.32,0.66,472.2,218.6,253.6,247.3,1207.8,1
2019-09-29 13:00:00,28.1,80,24.3,31.5,0.2,45,35,34,6,0.43,0.76,637.4,385.9,251.5,444.8,1144.0,1
2019-09-29 14:00:00,27.9,83,24.8,31.3,0.3,37,25,22,16,0.35,0.63,496.3,342.3,154.0,432.7,1000.5,1
2019-09-29 15:00:00,27.5,86,24.9,31.0,0.6,39,26,26,20,0.27,0.51,361.6,165.5,196.1,250.9,787.3,1
2019-09-29 16:00:00,26.8,89,24.7,30.4,0.3,61,61,22,39,0.18,0.4,209.3,124.0,85.3,257.3,518.8,1
2019-09-29 17:00:00,26.3,89,24.4,30.0,0.2,49,47,19,5,0.1,0.37,75.9,33.0,42.9,122.3,213.3,1
2019-09-29 18:00:00,25.7,90,24.0,29.7,0.2,100,100,8,16,0.03,0.32,0.0,0.0,0.0,0.0,0.0,0
2019-09-29 19:00:00,25.6,91,24.0,29.3,0.3,99,99,21,14,0.01,0.29,0.0,0.0,0.0,0.0,0.0,0
2019-09-29 20:00:00,25.5,92,24.1,30.2,0.2,55,100,2,82,0.0,0.27,0.0,0.0,0.0,0.0,0.0,0
2019-09-29 21:00:00,25.9,90,24.2,29.8,0.3,88,86,26,51,0.01,0.33,0.0,0.0,0.0,0.0,0.0,0
2019-09-29 22:00:00,25.9,91,24.3,29.8,0.2,91,90,17,11,0.01,0.3,0.0,0.0,0.0,0.0,0.0,0
2019-09-29 23:00:00,25.7,91,24.1,29.3,0.4,81,79,24,26,0.01,0.31,0.0,0.0,0.0,0.0,0.0,0
2019-09-30 00:00:00,25.5,92,24.1,29.3,0.3,59,6,5,57,0.01,0.25,0.0,0.0,0.0,0.0,0.0,0
2019-09-30 01:00:00,25.4,93,24.1,29.3,0.2,100,99,6,98,0.01,0.24,0.0,0.0,0.0,0.0,0.0,0
2019-09-30 02:00:00,25.0,93,23.7,28.6,0.2,98,92,27,95,0.01,0.24,0.0,0.0,0.0,0.0,0.0,0
2019-09-30 03:00:00,25.0,93,23.7,28.4,0.1,98,91,9,97,0.01,0.24,0.0,0.0,0.0,0.0,0.0,0
2019-09-30 04:00:00,25.6,91,24.1,29.2,0.3,98,75,13,97,0.01,0.29,0.0,0.0,0.0,0.0,0.0,0
2019-09-30 05:00:00,25.7,91,24.2,29.2,0.2,98,69,29,97,0.01,0.28,0.0,0.0,0.0,0.0,0.0,0
2019-09-30 06:00:00,25.5,91,23.9,28.9,0.1,100,71,91,100,0.04,0.31,3.0,0.0,3.0,0.0,59.4,1
2019-09-30 07:00:00,26.0,91,24.5,29.7,0.2,100,99,45,100,0.04,0.29,30.9,0.0,30.9,0.0,375.0,1
2019-09-30 08:00:00,25.8,87,23.6,28.8,0.5,100,5,50,100,0.09,0.42,101.6,8.9,92.7,23.2,663.2,1
2019-09-30 09:00:00,26.0,88,23.9,28.9,2.8,100,1,88,100,0.09,0.39,89.5,0.0,89.5,0.0,904.5,1
2019-09-30 10:00:00,25.7,90,24.0,28.3,3.5,100,31,93,100,0.11,0.33,133.2,0.0,133.2,0.0,1082.3,1
2019-09-30 11:00:00,25.8,90,24.0,28.5,2.3,100,5,20,100,0.12,0.33,163.1,0.0,163.1,0.0,1184.5,1
2019-09-30 12:00:00,26.3,91,24.8,29.3,1.5,100,7,94,100,0.2,0.29,319.8,21.0,298.7,23.9,1204.1,1
2019-09-30 13:00:00,26.0,93,24.8,29.3,3.4,100,99,93,100,0.2,0.23,326.8,25.1,301.7,29.1,1139.7,1
2019-09-30 14:00:00,25.3,91,23.6,27.3,4.8,100,100,90,100,0.09,0.3,78.8,0.0,78.8,0.0,995.9,1
2019-09-30 15:00:00,25.3,92,23.9,26.9,8.4,100,97,98,100,0.07,0.27,50.7,0.0,50.7,0.0,782.2,1
2019-09-30 16:00:00,25.2,91,23.6,25.8,7.9,100,61,100,100,0.06,0.29,12.6,0.0,12.6,0.0,513.4,1
2019-09-30 17:00:00,24.8,91,23.3,25.9,9.7,100,97,99,100,0.05,0.27,9.7,0.0,9.7,0.0,207.6,1
2019-09-30 18:00:00,24.7,90,23.0,25.9,9.5,100,100,98,100,0.05,0.3,0.0,0.0,0.0,0.0,0.0,0
2019-09-30 19:00:00,25.0,90,23.3,25.4,9.7,100,100,100,100,0.03,0.31,0.0,0.0,0.0,0.0,0.0,0
2019-09-30 20:00:00,25.3,91,23.7,27.3,17.1,100,0,93,100,0.02,0.29,0.0,0.0,0.0,0.0,0.0,0
2019-09-30 21:00:00,24.8,91,23.2,25.5,13.6,100,80,100,100,0.03,0.29,0.0,0.0,0.0,0.0,0.0,0
2019-09-30 22:00:00,24.3,91,22.7,25.5,7.3,100,100,100,100,0.03,0.29,0.0,0.0,0.0,0.0,0.0,0
2019-09-30 23:00:00,24.7,90,22.9,24.7,7.5,100,1,100,100,0.04,0.32,0.0,0.0,0.0,0.0,0.0,0
2019-10-01 00:00:00,24.2,91,22.6,22.7,25.9,100,100,100,100,0.04,0.29,0.0,0.0,0.0,0.0,0.0,0
2019-10-01 01:00:00,24.3,90,22.5,23.9,12.0,100,100,99,100,0.04,0.31,0.0,0.0,0.0,0.0,0.0,0
2019-10-01 02:00:00,24.1,89,22.1,25.0,3.6,100,61,93,100,0.03,0.33,0.0,0.0,0.0,0.0,0.0,0
2019-10-01 03:00:00,24.1,91,22.5,24.8,5.7,100,100,100,100,0.03,0.29,0.0,0.0,0.0,0.0,0.0,0
2019-10-01 04:00:00,24.0,90,22.2,23.9,10.3,100,100,100,100,0.04,0.31,0.0,0.0,0.0,0.0,0.0,0
2019-10-01 05:00:00,23.6,90,21.8,23.5,24.4,100,100,100,100,0.03,0.3,0.0,0.0,0.0,0.0,0.0,0
2019-10-01 06:00:00,23.5,92,22.0,24.2,13.3,100,85,98,98,0.04,0.24,0.0,0.0,0.0,0.0,57.2,1
2019-10-01 07:00:00,23.8,89,21.8,24.5,1.4,100,100,43,86,0.06,0.34,48.2,3.4,44.8,18.1,372.8,1
2019-10-01 08:00:00,24.2,88,22.0,25.7,0.6,89,75,71,96,0.13,0.38,256.8,94.1,162.7,246.8,660.9,1
2019-10-01 09:00:00,25.7,79,21.8,26.9,0.1,77,0,40,74,0.18,0.7,221.5,110.2,111.3,191.2,901.9,1
2019-10-01 10:00:00,27.4,70,21.4,28.8,0.0,92,0,13,91,0.32,1.11,425.7,196.1,229.6,268.5,1079.4,1
2019-10-01 11:00:00,29.1,63,21.4,30.4,0.0,61,0,19,55,0.43,1.48,557.9,322.1,235.8,386.6,1181.1,1
2019-10-01 12:00:00,30.2,55,20.3,31.0,0.0,78,0,9,76,0.56,1.91,695.5,459.0,236.5,523.0,1200.3,1
2019-10-01 13:00:00,30.7,55,20.6,32.3,0.0,74,0,1,74,0.63,1.99,792.6,645.7,146.9,750.1,1135.5,1
2019-10-01 14:00:00,30.6,62,22.4,32.9,0.0,14,0,8,6,0.54,1.68,646.9,517.1,129.7,659.8,991.2,1
2019-10-01 15:00:00,30.2,69,23.9,33.6,0.0,37,0,1,37,0.43,1.32,498.1,386.2,111.9,592.7,777.1,1
2019-10-01 16:00:00,29.2,76,24.5,33.4,0.0,47,0,0,46,0.3,0.98,315.9,247.6,68.4,522.7,507.9,1
2019-10-01 17:00:00,27.7,77,23.3,31.4,0.0,71,0,0,71,0.16,0.86,108.6,73.5,35.1,281.0,202.0,1
2019-10-01 18:00:00,25.1,87,22.8,29.3,0.0,86,0,0,86,0.03,0.41,0.0,0.0,0.0,0.0,0.0,0
2019-10-01 19:00:00,24.5,88,22.4,29.1,0.0,77,0,1,77,0.0,0.37,0.0,0.0,0.0,0.0,0.0,0
2019-10-01 20:00:00,24.8,84,22.0,28.6,0.0,86,0,6,94,0.01,0.49,0.0,0.0,0.0,0.0,0.0,0
2019-10-01 21:00:00,25.0,76,20.5,27.6,0.0,92,0,5,91,0.03,0.76,0.0,0.0,0.0,0.0,0.0,0
2019-10-01 22:00:00,25.4,74,20.4,28.0,0.0,21,0,2,19,0.03,0.84,0.0,0.0,0.0,0.0,0.0,0
2019-10-01 23:00:00,25.2,77,20.8,28.2,0.0,25,0,6,20,0.02,0.74,0.0,0.0,0.0,0.0,0.0,0
2019-10-02 00:00:00,24.6,81,21.0,27.9,0.0,64,0,11,59,0.01,0.6,0.0,0.0,0.0,0.0,0.0,0
2019-10-02 01:00:00,23.6,86,21.1,26.7,0.0,25,0,14,13,0.01,0.42,0.0,0.0,0.0,0.0,0.0,0
2019-10-02 02:00:00,22.9,89,20.9,26.3,0.0,19,0,10,10,0.0,0.32,0.0,0.0,0.0,0.0,0.0,0
2019-10-02 03:00:00,22.6,89,20.7,25.5,0.0,23,0,0,23,0.0,0.29,0.0,0.0,0.0,0.0,0.0,0
2019-10-02 04:00:00,24.7,76,20.2,28.2,0.0,31,0,0,31,0.0,0.74,0.0,0.0,0.0,0.0,0.0,0
2019-10-02 05:00:00,21.9,89,20.0,25.2,0.0,28,0,1,27,0.0,0.29,0.0,0.0,0.0,0.0,0.0,0
2019-10-02 06:00:00,22.0,88,20.0,25.3,0.0,32,0,0,32,0.02,0.31,3.1,0.0,3.1,0.0,55.1,1
2019-10-02 07:00:00,24.8,78,20.8,28.6,0.0,37,1,2,36,0.06,0.68,166.1,95.2,70.9,499.4,370.6,1
2019-10-02 08:00:00,26.5,69,20.4,30.0,0.0,39,0,0,3,0.21,1.07,381.6,278.6,103.0,734.6,658.6,1
2019-10-02 09:00:00,28.3,63,20.6,32.0,0.0,0,0,0,0,0.36,1.41,594.5,483.2,111.3,841.8,899.3,1
2019-10-02 10:00:00,30.0,60,21.4,35.1,0.0,0,0,0,0,0.51,1.71,750.7,635.9,114.8,873.6,1076.4,1
2019-10-02 11:00:00,31.7,58,22.5,37.8,0.0,28,0,0,28,0.61,1.94,842.5,725.1,117.4,873.2,1177.8,1
2019-10-02 12:00:00,32.8,55,22.7,38.7,0.0,81,4,22,76,0.67,2.21,860.7,742.5,118.2,849.0,1196.5,1
2019-10-02 13:00:00,32.4,57,22.9,37.9,0.0,70,0,39,51,0.6,2.08,744.1,611.7,132.4,713.4,1131.2,1
2019-10-02 14:00:00,30.6,69,24.2,35.8,0.1,57,6,35,34,0.45,1.38,540.9,375.1,165.8,480.9,986.5,1
2019-10-02 15:00:00,30.0,72,24.4,36.0,0.0,56,7,14,49,0.38,1.18,455.7,337.8,117.8,521.6,772.0,1
2019-10-02 16:00:00,29.1,74,23.9,34.5,1.0,53,30,37,23,0.25,1.06,268.9,199.9,69.0,425.8,502.6,1
2019-10-02 17:00:00,28.3,80,24.6,34.3,0.1,38,2,9,33,0.11,0.76,89.4,53.1,36.3,206.1,196.4,1
2019-10-02 18:00:00,26.6,88,24.5,32.3,0.0,39,5,3,36,0.02,0.41,0.0,0.0,0.0,0.0,0.0,0
2019-10-02 19:00:00,26.0,91,24.5,31.6,0.0,39,1,2,38,0.0,0.3,0.0,0.0,0.0,0.0,0.0,0
2019-10-02 20:00:00,26.0,93,24.7,31.7,0.0,40,1,0,85,0.0,0.24,0.0,0.0,0.0,0.0,0.0,0
2019-10-02 21:00:00,26.0,91,24.4,31.5,0.0,6,0,2,4,0.0,0.31,0.0,0.0,0.0,0.0,0.0,0
2019-10-02 22:00:00,25.7,87,23.4,30.5,0.0,2,0,2,0,0.0,0.42,0.0,0.0,0.0,0.0,0.0,0
2019-10-02 23:00:00,25.3,87,23.0,29.7,0.0,2,0,2,0,0.0,0.41,0.0,0.0,0.0,0.0,0.0,0
2019-10-03 00:00:00,24.9,91,23.4,29.6,0.0,1,0,1,0,0.0,0.27,0.0,0.0,0.0,0.0,0.0,0
2019-10-03 01:00:00,23.6,95,22.8,28.0,0.0,0,0,0,0,0.0,0.14,0.0,0.0,0.0,0.0,0.0,0
2019-10-03 02:00:00,24.7,94,23.7,30.5,0.0,0,0,0,0,0.0,0.18,0.0,0.0,0.0,0.0,0.0,0
2019-10-03 03:00:00,23.4,98,23.1,28.2,0.0,0,0,0,0,0.0,0.05,0.0,0.0,0.0,0.0,0.0,0
2019-10-03 04:00:00,23.6,98,23.3,28.6,0.0,4,3,1,0,0.0,0.05,0.0,0.0,0.0,0.0,0.0,0
2019-10-03 05:00:00,23.4,100,23.3,28.7,0.0,17,14,7,0,0.0,0.01,0.0,0.0,0.0,0.0,0.0,0
2019-10-03 06:00:00,23.5,99,23.4,29.0,0.0,100,100,20,0,0.01,0.02,3.2,0.0,3.2,0.0,52.9,1
2019-10-03 07:00:00,24.7,96,24.0,30.3,0.0,59,51,31,0,0.04,0.13,100.8,36.5,64.3,191.4,368.4,1
2019-10-03 08:00:00,26.7,88,24.5,32.8,0.0,59,55,18,0,0.13,0.43,243.2,101.9,141.3,269.9,656.2,1
2019-10-03 09:00:00,28.2,84,25.2,34.8,0.1,59,55,13,1,0.3,0.62,485.6,320.3,165.3,560.2,896.7,1
2019-10-03 10:00:00,29.1,82,25.8,36.2,0.0,36,31,14,1,0.42,0.72,633.7,458.2,175.5,631.7,1073.4,1
2019-10-03 11:00:00,30.1,80,26.3,38.5,0.1,41,36,11,5,0.53,0.85,749.0,600.4,148.5,725.5,1174.4,1
2019-10-03 12:00:00,30.9,74,25.7,38.9,0.1,63,62,24,10,0.52,1.16,691.3,507.9,183.3,582.9,1192.6,1
2019-10-03 13:00:00,30.1,70,24.0,35.9,0.7,59,33,29,45,0.44,1.27,560.3,326.5,233.8,382.4,1126.9,1
2019-10-03 14:00:00,29.8,71,24.0,35.7,0.9,60,28,28,50,0.37,1.22,457.3,266.6,190.7,343.4,981.7,1
2019-10-03 15:00:00,29.6,73,24.2,35.5,0.2,62,54,27,30,0.32,1.12,380.2,245.9,134.3,382.0,767.0,1
2019-10-03 16:00:00,28.5,77,24.0,33.8,0.5,67,33,52,37,0.19,0.91,197.1,122.8,74.3,263.8,497.2,1
2019-10-03 17:00:00,28.0,82,24.6,33.5,0.0,43,19,29,12,0.11,0.7,73.9,42.5,31.4,167.6,190.9,1
2019-10-03 18:00:00,26.8,88,24.6,32.1,0.0,20,0,16,11,0.03,0.43,0.0,0.0,0.0,0.0,0.0,0
2019-10-03 19:00:00,26.0,89,24.1,30.8,0.0,9,0,8,3,0.01,0.37,0.0,0.0,0.0,0.0,0.0,0
2019-10-03 20:00:00,25.7,87,23.5,30.0,0.0,3,0,0,0,0.01,0.42,0.0,0.0,0.0,0.0,0.0,0
2019-10-03 21:00:00,25.6,88,23.5,30.1,0.0,1,1,0,1,0.01,0.4,0.0,0.0,0.0,0.0,0.0,0
2019-10-03 22:00:00,25.1,89,23.2,29.7,0.0,2,0,0,2,0.0,0.34,0.0,0.0,0.0,0.0,0.0,0
2019-10-03 23:00:00,23.5,93,22.2,27.4,0.0,1,1,0,1,0.0,0.21,0.0,0.0,0.0,0.0,0.0,0
2019-10-04 00:00:00,24.7,88,22.6,29.2,0.0,0,0,0,0,0.0,0.37,0.0,0.0,0.0,0.0,0.0,0
2019-10-04 01:00:00,23.4,92,22.1,27.6,0.0,1,1,0,0,0.0,0.22,0.0,0.0,0.0,0.0,0.0,0
2019-10-04 02:00:00,22.9,94,21.9,26.7,0.0,3,3,0,0,0.0,0.16,0.0,0.0,0.0,0.0,0.0,0
2019-10-04 03:00:00,23.1,94,22.1,27.1,0.0,1,1,0,0,0.0,0.17,0.0,0.0,0.0,0.0,0.0,0
2019-10-04 04:00:00,24.4,93,23.2,29.4,0.0,1,1,0,0,0.0,0.21,0.0,0.0,0.0,0.0,0.0,0
2019-10-04 05:00:00,24.1,96,23.4,29.3,0.0,2,2,0,0,0.0,0.12,0.0,0.0,0.0,0.0,0.0,0
2019-10-04 06:00:00,23.2,97,22.7,27.8,0.0,3,3,0,0,0.01,0.08,3.3,0.0,3.3,0.0,50.6,1
2019-10-04 07:00:00,25.3,89,23.4,30.5,0.0,3,3,0,0,0.05,0.35,160.6,92.5,68.1,485.0,366.1,1
2019-10-04 08:00:00,27.3,77,22.9,32.4,0.0,3,3,0,0,0.2,0.84,370.8,266.3,104.5,709.5,653.7,1
2019-10-04 09:00:00,28.5,73,23.1,34.0,0.0,1,1,0,0,0.35,1.06,574.2,457.0,117.1,802.4,894.0,1
2019-10-04 10:00:00,29.5,69,23.3,36.1,0.0,0,0,0,0,0.5,1.26,738.9,616.4,122.4,852.8,1070.4,1
2019-10-04 11:00:00,30.5,66,23.6,37.5,0.0,12,5,11,0,0.59,1.47,825.8,707.4,118.4,857.7,1170.9,1
2019-10-04 12:00:00,31.1,63,23.2,37.4,0.1,22,8,20,0,0.58,1.67,777.3,640.1,137.2,737.2,1188.7,1
2019-10-04 13:00:00,30.8,65,23.4,36.4,0.0,30,9,30,0,0.53,1.58,671.2,553.3,117.8,650.7,1122.6,1
2019-10-04 14:00:00,29.7,72,24.1,35.0,0.2,67,11,66,0,0.43,1.18,538.5,405.2,133.2,524.6,977.0,1
2019-10-04 15:00:00,29.4,73,24.0,34.8,0.2,70,23,68,0,0.36,1.11,427.7,329.3,98.4,514.7,761.9,1
2019-10-04 16:00:00,29.4,74,24.2,35.4,0.0,53,7,51,2,0.21,1.08,223.1,155.2,67.9,336.5,491.9,1
2019-10-04 17:00:00,28.3,74,23.2,32.7,0.1,34,4,31,4,0.13,0.99,81.6,50.1,31.6,200.8,185.4,1
2019-10-04 18:00:00,26.5,79,22.6,29.9,0.0,17,1,13,4,0.06,0.73,0.0,0.0,0.0,0.0,0.0,0
2019-10-04 19:00:00,25.3,86,22.8,28.9,0.0,8,0,5,4,0.02,0.44,0.0,0.0,0.0,0.0,0.0,0
2019-10-04 20:00:00,25.4,85,22.7,29.1,0.0,11,1,8,5,0.02,0.49,0.0,0.0,0.0,0.0,0.0,0
2019-10-04 21:00:00,25.2,86,22.7,29.0,0.0,19,1,4,15,0.01,0.45,0.0,0.0,0.0,0.0,0.0,0
2019-10-04 22:00:00,24.9,88,22.8,28.9,0.0,13,2,1,11,0.01,0.37,0.0,0.0,0.0,0.0,0.0,0
2019-10-04 23:00:00,24.5,90,22.7,28.8,0.0,9,1,0,9,0.0,0.32,0.0,0.0,0.0,0.0,0.0,0
2019-10-05 00:00:00,24.3,91,22.6,28.6,0.0,8,0,0,8,0.0,0.29,0.0,0.0,0.0,0.0,0.0,0
2019-10-05 01:00:00,24.2,91,22.6,28.3,0.0,8,0,0,8,0.0,0.27,0.0,0.0,0.0,0.0,0.0,0
2019-10-05 02:00:00,24.1,92,22.6,28.2,0.0,8,0,0,8,0.0,0.25,0.0,0.0,0.0,0.0,0.0,0
2019-10-05 03:00:00,23.9,92,22.6,28.1,0.0,1,0,0,1,0.0,0.23,0.0,0.0,0.0,0.0,0.0,0
2019-10-05 04:00:00,23.7,93,22.5,27.9,0.0,3,0,2,1,0.0,0.21,0.0,0.0,0.0,0.0,0.0,0
2019-10-05 05:00:00,23.6,94,22.5,27.6,0.0,3,0,3,0,0.0,0.19,0.0,0.0,0.0,0.0,0.0,0
2019-10-05 06:00:00,23.8,94,22.7,27.5,0.0,2,0,2,0,0.02,0.19,3.4,0.0,3.4,0.0,48.3,1
2019-10-05 07:00:00,25.5,88,23.3,29.3,0.0,6,1,5,0,0.07,0.39,166.6,96.4,70.1,505.3,363.7,1
2019-10-05 08:00:00,27.4,79,23.4,31.0,0.0,3,2,0,0,0.22,0.77,383.9,284.4,99.5,761.7,651.2,1
2019-10-05 09:00:00,28.6,71,22.9,31.7,0.0,0,0,0,0,0.37,1.12,590.4,477.8,112.6,842.3,891.2,1
2019-10-05 10:00:00,29.6,66,22.6,33.0,0.0,1,1,0,0,0.51,1.4,755.2,645.7,109.4,896.5,1067.3,1
2019-10-05 11:00:00,30.1,64,22.5,34.0,0.0,1,1,0,0,0.59,1.54,845.5,731.2,114.3,889.8,1167.4,1
2019-10-05 12:00:00,30.3,62,22.3,34.4,0.0,0,0,0,0,0.63,1.63,869.3,760.1,109.2,878.7,1184.8,1
2019-10-05 13:00:00,30.2,63,22.3,34.0,0.0,1,1,0,0,0.61,1.6,819.6,716.3,103.3,845.8,1118.3,1
2019-10-05 14:00:00,29.8,64,22.2,33.0,0.0,3,3,0,0,0.55,1.52,693.5,593.7,99.9,772.2,972.3,1
2019-10-05 15:00:00,29.2,65,21.9,31.6,0.0,3,3,0,0,0.45,1.42,521.3,436.0,85.3,685.6,756.9,1
2019-10-05 16:00:00,28.3,70,22.2,30.8,0.0,77,7,0,75,0.3,1.16,304.2,232.6,71.6,508.7,486.7,1
2019-10-05 17:00:00,27.0,78,22.8,30.1,0.0,83,7,0,82,0.14,0.8,91.2,56.4,34.9,229.8,180.0,1
2019-10-05 18:00:00,26.0,82,22.6,29.0,0.0,31,3,0,29,0.06,0.61,0.0,0.0,0.0,0.0,0.0,0
2019-10-05 19:00:00,25.5,85,22.8,28.8,0.0,11,3,1,8,0.02,0.5,0.0,0.0,0.0,0.0,0.0,0
2019-10-05 20:00:00,25.6,84,22.6,28.8,0.0,14,1,1,1,0.03,0.53,0.0,0.0,0.0,0.0,0.0,0
2019-10-05 21:00:00,25.8,82,22.5,28.8,0.0,5,4,4,1,0.03,0.59,0.0,0.0,0.0,0.0,0.0,0
2019-10-05 22:00:00,25.6,83,22.5,28.5,0.0,12,7,11,0,0.03,0.55,0.0,0.0,0.0,0.0,0.0,0
2019-10-05 23:00:00,25.4,84,22.5,28.3,0.0,24,4,9,17,0.03,0.51,0.0,0.0,0.0,0.0,0.0,0
2019-10-06 00:00:00,25.1,86,22.5,28.0,0.0,35,9,7,29,0.02,0.45,0.0,0.0,0.0,0.0,0.0,0
2019-10-06 01:00:00,25.0,86,22.5,27.9,0.0,98,14,13,98,0.02,0.43,0.0,0.0,0.0,0.0,0.0,0
2019-10-06 02:00:00,24.9,86,22.4,27.7,0.0,98,14,14,98,0.02,0.43,0.0,0.0,0.0,0.0,0.0,0
2019-10-06 03:00:00,24.7,85,22.1,27.4,0.0,95,13,14,94,0.03,0.46,0.0,0.0,0.0,0.0,0.0,0
2019-10-06 04:00:00,24.7,85,22.1,27.4,0.0,82,3,8,80,0.02,0.45,0.0,0.0,0.0,0.0,0.0,0
2019-10-06 05:00:00,24.6,86,22.0,27.3,0.0,90,5,10,89,0.02,0.44,0.0,0.0,0.0,0.0,0.0,0
2019-10-06 06:00:00,24.5,86,21.9,27.1,0.0,92,7,16,91,0.05,0.44,3.5,0.0,3.5,0.0,46.0,1
2019-10-06 07:00:00,25.4,83,22.4,28.1,0.0,80,5,17,76,0.08,0.54,135.7,67.0,68.7,350.6,361.4,1
2019-10-06 08:00:00,27.0,76,22.4,29.0,0.0,55,6,18,87,0.21,0.86,343.4,237.4,106.0,639.4,648.7,1
2019-10-06 09:00:00,27.7,72,22.2,29.1,0.0,85,13,14,82,0.33,1.04,518.2,351.6,166.6,622.3,888.4,1
2019-10-06 10:00:00,28.1,68,21.8,29.4,0.0,93,21,13,91,0.43,1.2,642.5,474.6,167.9,661.3,1064.1,1
2019-10-06 11:00:00,28.6,66,21.5,30.5,0.0,94,20,7,94,0.52,1.35,756.1,571.2,184.9,697.6,1163.9,1
2019-10-06 12:00:00,28.7,64,21.2,30.4,0.0,94,30,8,93,0.52,1.41,729.0,497.7,231.3,577.5,1180.9,1
2019-10-06 13:00:00,28.9,63,21.1,30.6,0.0,92,40,3,88,0.54,1.48,723.8,531.8,192.1,630.5,1114.0,1
2019-10-06 14:00:00,28.7,64,21.3,30.4,0.0,83,2,3,82,0.49,1.41,622.9,440.9,182.1,576.2,967.7,1
2019-10-06 15:00:00,28.4,65,21.1,29.9,0.0,75,3,3,74,0.43,1.37,506.8,408.6,98.2,646.5,751.9,1
2019-10-06 16:00:00,27.7,69,21.4,29.6,0.0,70,6,2,68,0.3,1.17,296.4,221.9,74.5,489.6,481.5,1
2019-10-06 17:00:00,26.7,73,21.4,29.1,0.0,60,7,2,57,0.15,0.95,85.7,53.4,32.3,221.5,174.7,1
2019-10-06 18:00:00,25.5,79,21.6,28.1,0.0,5,4,3,0,0.06,0.68,0.0,0.0,0.0,0.0,0.0,0
2019-10-06 19:00:00,24.9,84,22.0,27.6,0.0,5,4,3,0,0.03,0.5,0.0,0.0,0.0,0.0,0.0,0
2019-10-06 20:00:00,25.0,86,22.4,27.8,0.0,9,1,2,4,0.02,0.46,0.0,0.0,0.0,0.0,0.0,0
2019-10-06 21:00:00,25.1,86,22.5,27.9,0.0,3,1,1,2,0.03,0.46,0.0,0.0,0.0,0.0,0.0,0
2019-10-06 22:00:00,25.0,86,22.4,27.6,0.0,6,6,1,0,0.03,0.45,0.0,0.0,0.0,0.0,0.0,0
2019-10-06 23:00:00,24.7,87,22.4,27.3,0.0,7,7,1,0,0.02,0.39,0.0,0.0,0.0,0.0,0.0,0
2019-10-07 00:00:00,24.4,89,22.5,27.0,0.0,8,7,1,0,0.02,0.33,0.0,0.0,0.0,0.0,0.0,0
2019-10-07 01:00:00,24.2,89,22.3,26.9,0.0,3,1,3,0,0.01,0.32,0.0,0.0,0.0,0.0,0.0,0
2019-10-07 02:00:00,24.0,89,22.2,26.8,0.0,2,1,1,0,0.01,0.32,0.0,0.0,0.0,0.0,0.0,0
2019-10-07 03:00:00,23.9,90,22.2,26.9,0.0,5,5,1,0,0.01,0.29,0.0,0.0,0.0,0.0,0.0,0
2019-10-07 04:00:00,23.9,91,22.2,26.9,0.0,5,5,3,0,0.01,0.28,0.0,0.0,0.0,0.0,0.0,0
2019-10-07 05:00:00,23.8,91,22.2,26.9,0.0,4,2,4,0,0.01,0.27,0.0,0.0,0.0,0.0,0.0,0
2019-10-07 06:00:00,23.8,90,22.2,27.0,0.0,8,7,4,0,0.03,0.28,3.7,0.0,3.7,0.0,43.7,1
2019-10-07 07:00:00,25.1,87,22.7,28.5,0.0,12,11,7,0,0.07,0.43,143.4,74.4,69.1,389.1,358.9,1
2019-10-07 08:00:00,27.1,78,22.9,30.2,0.0,20,10,2,0,0.2,0.79,346.3,230.0,116.3,622.8,646.0,1
2019-10-07 09:00:00,28.2,69,22.0,30.6,0.0,5,4,2,0,0.35,1.19,547.1,405.7,141.4,721.0,885.5,1
2019-10-07 10:00:00,29.0,66,22.0,31.9,0.0,1,1,1,0,0.48,1.35,721.7,596.0,125.7,833.5,1060.9,1
2019-10-07 11:00:00,29.5,63,21.7,32.9,0.0,0,0,0,0,0.57,1.53,822.5,697.9,124.6,855.3,1160.3,1
2019-10-07 12:00:00,29.8,61,21.4,33.3,0.0,1,1,0,0,0.62,1.65,850.0,733.8,116.1,854.8,1176.9,1
2019-10-07 13:00:00,29.8,61,21.5,33.0,0.0,9,9,0,0,0.6,1.63,790.2,671.5,118.7,799.5,1109.6,1
2019-10-07 14:00:00,29.4,63,21.6,32.0,0.0,0,0,0,0,0.51,1.51,635.5,472.9,162.6,621.2,963.0,1
2019-10-07 15:00:00,28.6,72,23.0,31.4,0.0,1,1,0,0,0.4,1.1,494.1,399.5,94.7,636.0,746.9,1
2019-10-07 16:00:00,27.5,78,23.4,30.7,0.0,1,1,0,0,0.26,0.79,290.3,215.9,74.3,480.6,476.3,1
2019-10-07 17:00:00,26.4,82,23.2,29.8,0.0,0,0,0,0,0.12,0.61,85.5,52.7,32.8,222.0,169.4,1
2019-10-07 18:00:00,25.2,87,22.8,28.5,0.0,1,1,0,0,0.04,0.43,0.0,0.0,0.0,0.0,0.0,0
2019-10-07 19:00:00,24.6,89,22.8,28.0,0.0,5,5,0,0,0.01,0.33,0.0,0.0,0.0,0.0,0.0,0
2019-10-07 20:00:00,24.7,90,23.0,28.2,0.0,6,3,0,0,0.01,0.3,0.0,0.0,0.0,0.0,0.0,0
2019-10-07 21:00:00,24.7,91,23.1,28.2,0.0,8,8,0,0,0.01,0.29,0.0,0.0,0.0,0.0,0.0,0
2019-10-07 22:00:00,24.6,91,23.1,28.1,0.0,12,12,0,0,0.01,0.27,0.0,0.0,0.0,0.0,0.0,0
2019-10-07 23:00:00,24.5,91,23.0,27.9,0.0,19,19,2,0,0.01,0.27,0.0,0.0,0.0,0.0,0.0,0
2019-10-08 00:00:00,24.4,91,22.9,27.8,0.0,8,7,7,0,0.01,0.26,0.0,0.0,0.0,0.0,0.0,0
2019-10-08 01:00:00,24.2,92,22.8,27.6,0.0,11,10,7,0,0.0,0.24,0.0,0.0,0.0,0.0,0.0,0
2019-10-08 02:00:00,24.1,92,22.7,27.5,0.0,18,18,10,0,0.0,0.23,0.0,0.0,0.0,0.0,0.0,0
2019-10-08 03:00:00,24.1,92,22.7,27.6,0.0,29,28,12,0,0.0,0.24,0.0,0.0,0.0,0.0,0.0,0
2019-10-08 04:00:00,24.0,92,22.5,27.4,0.0,18,18,10,0,0.0,0.25,0.0,0.0,0.0,0.0,0.0,0
2019-10-08 05:00:00,23.8,92,22.3,27.1,0.0,19,19,8,0,0.0,0.25,0.0,0.0,0.0,0.0,0.0,0
2019-10-08 06:00:00,23.7,91,22.2,26.8,0.0,26,26,0,0,0.03,0.25,3.9,0.0,3.9,0.0,41.3,1
2019-10-08 07:00:00,24.7,88,22.6,27.6,0.0,29,29,0,0,0.07,0.38,144.1,69.4,74.7,362.9,356.4,1
2019-10-08 08:00:00,26.3,80,22.5,28.6,0.0,63,43,0,0,0.19,0.7,317.2,190.6,126.6,518.9,643.4,1
2019-10-08 09:00:00,26.9,74,22.0,28.6,0.0,67,67,0,0,0.28,0.91,438.0,259.8,178.2,463.7,882.5,1
2019-10-08 10:00:00,27.1,72,21.7,28.5,0.0,4,4,0,0,0.35,1.0,534.3,286.1,248.2,401.6,1057.6,1
2019-10-08 11:00:00,28.0,66,21.0,30.2,0.0,15,15,0,0,0.54,1.3,819.4,684.4,135.0,841.8,1156.6,1
2019-10-08 12:00:00,28.1,64,20.7,30.1,0.0,19,19,0,0,0.53,1.37,761.8,552.5,209.2,646.1,1172.9,1
2019-10-08 13:00:00,27.6,67,20.8,29.2,0.0,6,6,0,0,0.47,1.23,641.4,417.6,223.8,499.4,1105.2,1
2019-10-08 14:00:00,27.5,66,20.6,29.2,0.0,42,42,0,0,0.48,1.25,642.6,485.6,157.0,641.1,958.2,1
2019-10-08 15:00:00,26.9,68,20.5,27.8,0.0,3,3,0,0,0.38,1.13,462.4,321.9,140.5,515.7,741.9,1
2019-10-08 16:00:00,25.9,71,20.3,27.0,0.0,1,1,0,0,0.26,0.96,264.8,186.8,78.0,419.5,471.0,1
2019-10-08 17:00:00,25.1,73,20.0,26.8,0.0,3,3,0,0,0.14,0.86,83.7,52.4,31.3,224.5,164.1,1
2019-10-08 18:00:00,24.5,74,19.5,26.3,0.0,5,5,0,0,0.06,0.8,0.0,0.0,0.0,0.0,0.0,0
2019-10-08 19:00:00,24.1,76,19.6,26.2,0.0,2,2,0,0,0.03,0.72,0.0,0.0,0.0,0.0,0.0,0
2019-10-08 20:00:00,24.0,79,20.1,26.5,0.0,23,3,2,0,0.02,0.64,0.0,0.0,0.0,0.0,0.0,0
2019-10-08 21:00:00,24.3,78,20.2,26.7,0.0,16,15,10,0,0.03,0.66,0.0,0.0,0.0,0.0,0.0,0
2019-10-08 22:00:00,24.0,84,21.0,26.4,0.0,22,19,10,0,0.02,0.49,0.0,0.0,0.0,0.0,0.0,0
2019-10-08 23:00:00,23.6,88,21.4,26.4,0.1,41,26,36,0,0.01,0.36,0.0,0.0,0.0,0.0,0.0,0
2019-10-09 00:00:00,23.4,90,21.7,26.1,0.2,65,62,30,0,0.01,0.28,0.0,0.0,0.0,0.0,0.0,0
2019-10-09 01:00:00,23.3,91,21.7,26.1,0.1,39,19,36,0,0.01,0.27,0.0,0.0,0.0,0.0,0.0,0
2019-10-09 02:00:00,23.2,92,21.8,26.1,0.1,36,18,34,0,0.0,0.24,0.0,0.0,0.0,0.0,0.0,0
2019-10-09 03:00:00,23.4,91,21.9,26.3,0.1,26,21,23,0,0.0,0.25,0.0,0.0,0.0,0.0,0.0,0
2019-10-09 04:00:00,23.2,90,21.4,25.8,0.1,45,41,34,0,0.01,0.29,0.0,0.0,0.0,0.0,0.0,0
2019-10-09 05:00:00,23.2,90,21.4,26.0,0.1,43,32,38,0,0.01,0.29,0.0,0.0,0.0,0.0,0.0,0
2019-10-09 06:00:00,23.0,92,21.6,25.9,0.1,33,28,28,0,0.02,0.24,0.0,0.0,0.0,0.0,38.9,1
2019-10-09 07:00:00,24.0,88,21.9,26.9,0.1,62,60,34,0,0.06,0.36,114.5,50.1,64.4,261.7,353.9,1
2019-10-09 08:00:00,25.4,82,22.1,27.9,0.1,46,30,25,0,0.15,0.58,263.7,135.7,128.0,371.7,640.7,1
2019-10-09 09:00:00,26.3,77,21.8,28.3,0.1,52,30,47,0,0.28,0.8,463.5,326.6,136.9,585.4,879.5,1
2019-10-09 10:00:00,26.5,76,21.8,28.4,0.1,66,41,61,0,0.33,0.84,513.7,331.6,182.1,467.3,1054.3,1
2019-10-09 11:00:00,26.7,75,21.8,28.7,0.1,52,48,39,0,0.39,0.88,607.5,378.0,229.5,466.7,1152.9,1
2019-10-09 12:00:00,26.5,76,21.9,28.6,0.1,45,40,39,0,0.42,0.84,645.5,445.4,200.2,522.8,1168.8,1
2019-10-09 13:00:00,26.5,75,21.6,28.1,0.1,32,31,11,0,0.38,0.87,550.6,378.0,172.6,453.9,1100.7,1
2019-10-09 14:00:00,26.5,73,21.2,28.0,0.0,19,19,0,0,0.39,0.94,532.4,358.0,174.4,475.0,953.4,1
2019-10-09 15:00:00,26.2,72,20.8,27.5,0.0,45,45,0,0,0.36,0.94,455.8,338.9,117.0,546.4,736.8,1
2019-10-09 16:00:00,25.4,74,20.5,26.7,0.0,34,33,5,0,0.24,0.83,252.5,162.4,90.1,368.1,465.8,1
2019-10-09 17:00:00,24.5,77,20.1,26.3,0.0,10,9,7,0,0.12,0.72,72.7,42.4,30.3,185.0,158.8,1
2019-10-09 18:00:00,23.7,78,19.7,25.7,0.0,2,2,0,0,0.05,0.64,0.0,0.0,0.0,0.0,0.0,0
2019-10-09 19:00:00,23.2,81,19.7,25.3,0.0,3,3,0,0,0.02,0.55,0.0,0.0,0.0,0.0,0.0,0
2019-10-09 20:00:00,23.0,82,19.8,25.4,0.0,5,4,0,0,0.02,0.5,0.0,0.0,0.0,0.0,0.0,0
2019-10-09 21:00:00,23.2,82,19.9,25.6,0.0,19,19,0,0,0.02,0.51,0.0,0.0,0.0,0.0,0.0,0
2019-10-09 22:00:00,23.1,82,19.9,25.4,0.0,9,9,0,0,0.02,0.5,0.0,0.0,0.0,0.0,0.0,0
2019-10-09 23:00:00,22.6,83,19.5,24.9,0.0,3,3,0,0,0.01,0.47,0.0,0.0,0.0,0.0,0.0,0
2019-10-10 00:00:00,22.2,84,19.4,24.7,0.0,5,5,0,0,0.0,0.42,0.0,0.0,0.0,0.0,0.0,0
2019-10-10 01:00:00,21.8,87,19.4,24.4,0.0,1,1,0,0,0.0,0.35,0.0,0.0,0.0,0.0,0.0,0
2019-10-10 02:00:00,20.8,91,19.3,23.5,0.0,1,1,0,0,0.0,0.21,0.0,0.0,0.0,0.0,0.0,0
2019-10-10 03:00:00,20.2,93,19.0,22.6,0.0,18,18,0,0,0.0,0.17,0.0,0.0,0.0,0.0,0.0,0
2019-10-10 04:00:00,21.1,90,19.4,24.0,0.0,30,30,0,0,0.0,0.25,0.0,0.0,0.0,0.0,0.0,0
2019-10-10 05:00:00,21.1,91,19.6,24.2,0.0,55,55,0,0,0.0,0.22,0.0,0.0,0.0,0.0,0.0,0
2019-10-10 06:00:00,21.3,93,20.0,24.6,0.0,42,42,0,0,0.01,0.19,0.0,0.0,0.0,0.0,36.5,1
2019-10-10 07:00:00,23.2,85,20.5,27.1,0.0,16,16,0,0,0.04,0.43,125.9,48.6,77.3,253.4,351.4,1
2019-10-10 08:00:00,24.9,77,20.6,28.0,0.0,11,20,0,0,0.17,0.71,329.3,217.8,111.5,600.2,637.9,1
2019-10-10 09:00:00,25.8,73,20.6,28.8,0.0,11,11,0,0,0.32,0.89,543.0,405.0,138.1,729.0,876.5,1
2019-10-10 10:00:00,26.5,67,19.9,29.5,0.0,11,11,0,0,0.43,1.14,683.9,525.7,158.2,743.7,1050.8,1
2019-10-10 11:00:00,27.0,64,19.6,30.8,0.0,0,0,0,0,0.53,1.29,793.3,632.4,161.0,783.8,1149.1,1
2019-10-10 12:00:00,27.4,63,19.7,31.6,0.0,0,0,0,0,0.58,1.35,838.6,717.5,121.1,845.6,1164.6,1
2019-10-10 13:00:00,27.5,62,19.7,31.5,0.0,0,0,0,0,0.57,1.39,787.5,674.8,112.8,813.9,1096.2,1
2019-10-10 14:00:00,27.2,63,19.6,30.5,0.0,0,0,0,0,0.5,1.34,667.7,565.3,102.4,754.0,948.5,1
2019-10-10 15:00:00,26.6,64,19.3,28.7,0.0,0,0,0,0,0.4,1.24,493.5,406.0,87.4,658.9,731.7,1
2019-10-10 16:00:00,25.5,67,18.9,27.3,0.0,0,0,0,0,0.26,1.07,285.6,221.1,64.5,505.7,460.5,1
2019-10-10 17:00:00,24.2,73,19.0,26.4,0.0,0,0,0,0,0.11,0.82,78.4,51.1,27.3,227.0,153.4,1
2019-10-10 18:00:00,22.7,78,18.6,25.0,0.0,0,0,0,0,0.04,0.62,0.0,0.0,0.0,0.0,0.0,0
2019-10-10 19:00:00,22.0,81,18.6,24.3,0.0,0,0,0,0,0.01,0.5,0.0,0.0,0.0,0.0,0.0,0
2019-10-10 20:00:00,22.1,78,18.1,23.7,0.0,0,0,0,0,0.02,0.58,0.0,0.0,0.0,0.0,0.0,0
2019-10-10 21:00:00,22.1,78,18.1,23.7,0.0,0,0,0,0,0.02,0.59,0.0,0.0,0.0,0.0,0.0,0
2019-10-10 22:00:00,22.0,79,18.2,23.5,0.0,0,0,0,0,0.02,0.55,0.0,0.0,0.0,0.0,0.0,0
2019-10-10 23:00:00,21.8,82,18.5,23.4,0.0,0,0,0,0,0.02,0.48,0.0,0.0,0.0,0.0,0.0,0
2019-10-11 00:00:00,21.5,84,18.7,23.3,0.0,0,0,0,0,0.01,0.41,0.0,0.0,0.0,0.0,0.0,0
2019-10-11 01:00:00,21.1,87,18.8,23.2,0.0,0,0,0,0,0.0,0.33,0.0,0.0,0.0,0.0,0.0,0
2019-10-11 02:00:00,20.6,90,18.9,23.1,0.0,0,0,0,0,0.0,0.24,0.0,0.0,0.0,0.0,0.0,0
2019-10-11 03:00:00,20.1,93,18.9,22.7,0.0,0,0,0,0,0.0,0.16,0.0,0.0,0.0,0.0,0.0,0
2019-10-11 04:00:00,19.6,95,18.7,22.0,0.0,0,0,0,0,0.0,0.12,0.0,0.0,0.0,0.0,0.0,0
2019-10-11 05:00:00,19.3,95,18.5,21.5,0.0,0,0,0,0,0.0,0.1,0.0,0.0,0.0,0.0,0.0,0
2019-10-11 06:00:00,19.7,95,18.8,22.3,0.0,0,0,0,0,0.01,0.12,0.0,0.0,0.0,0.0,34.0,1
2019-10-11 07:00:00,22.1,88,20.0,25.5,0.0,0,0,0,0,0.04,0.31,157.3,90.4,66.9,471.4,348.8,1
2019-10-11 08:00:00,24.5,77,20.3,28.0,0.0,1,0,0,0,0.18,0.69,374.6,275.8,98.8,764.4,635.1,1
2019-10-11 09:00:00,25.8,73,20.7,29.6,0.0,5,5,0,0,0.33,0.88,576.6,463.8,112.8,838.7,873.3,1
2019-10-11 10:00:00,27.0,68,20.7,31.5,0.0,5,5,0,0,0.46,1.13,724.1,597.3,126.8,848.3,1047.4,1
2019-10-11 11:00:00,27.8,67,21.2,33.2,0.0,4,4,0,0,0.55,1.22,812.0,678.1,133.9,843.7,1145.3,1
2019-10-11 12:00:00,28.3,66,21.3,33.8,0.0,4,4,0,0,0.59,1.32,837.4,717.4,120.1,848.9,1160.4,1
2019-10-11 13:00:00,28.4,65,21.3,33.5,0.0,1,1,0,0,0.58,1.35,784.4,670.7,113.7,812.6,1091.6,1
2019-10-11 14:00:00,28.0,66,21.1,32.0,0.0,0,0,0,0,0.5,1.27,662.7,559.5,103.2,750.0,943.7,1
2019-10-11 15:00:00,27.1,69,20.8,29.8,0.0,0,0,0,0,0.39,1.12,490.3,403.0,87.3,658.3,726.6,1
2019-10-11 16:00:00,26.0,72,20.6,28.4,0.0,0,0,0,0,0.26,0.93,282.5,218.2,64.3,503.6,455.3,1
2019-10-11 17:00:00,24.6,78,20.5,27.4,0.0,0,0,0,0,0.11,0.68,75.6,48.8,26.8,220.4,148.1,1
2019-10-11 18:00:00,23.4,85,20.6,26.2,0.0,0,0,0,0,0.03,0.44,0.0,0.0,0.0,0.0,0.0,0
2019-10-11 19:00:00,22.9,88,20.7,25.6,0.0,0,0,0,0,0.01,0.34,0.0,0.0,0.0,0.0,0.0,0
2019-10-11 20:00:00,22.8,89,20.9,25.7,0.0,0,0,0,0,0.0,0.31,0.0,0.0,0.0,0.0,0.0,0
2019-10-11 21:00:00,22.8,88,20.7,25.7,0.0,0,0,0,0,0.0,0.33,0.0,0.0,0.0,0.0,0.0,0
2019-10-11 22:00:00,22.6,87,20.4,25.2,0.0,0,0,0,0,0.01,0.35,0.0,0.0,0.0,0.0,0.0,0
2019-10-11 23:00:00,22.3,87,20.1,24.8,0.0,0,0,0,0,0.01,0.34,0.0,0.0,0.0,0.0,0.0,0
2019-10-12 00:00:00,22.0,89,20.1,24.6,0.0,0,0,0,0,0.0,0.28,0.0,0.0,0.0,0.0,0.0,0
2019-10-12 01:00:00,21.6,93,20.3,24.5,0.0,0,0,0,0,0.0,0.19,0.0,0.0,0.0,0.0,0.0,0
2019-10-12 02:00:00,21.3,95,20.4,24.4,0.0,0,0,0,0,0.0,0.14,0.0,0.0,0.0,0.0,0.0,0
2019-10-12 03:00:00,21.0,96,20.3,24.2,0.0,0,0,0,0,0.0,0.11,0.0,0.0,0.0,0.0,0.0,0
2019-10-12 04:00:00,20.9,96,20.2,24.1,0.0,0,0,0,0,0.0,0.1,0.0,0.0,0.0,0.0,0.0,0
2019-10-12 05:00:00,20.7,96,20.1,23.8,0.0,0,0,0,0,0.0,0.09,0.0,0.0,0.0,0.0,0.0,0
2019-10-12 06:00:00,20.4,97,19.9,23.3,0.0,0,0,0,0,0.01,0.07,0.0,0.0,0.0,0.0,31.6,1
2019-10-12 07:00:00,23.3,89,21.4,27.3,0.0,3,3,1,0,0.05,0.3,151.0,83.7,67.3,435.7,346.2,1
2019-10-12 08:00:00,25.6,80,21.9,29.3,0.0,20,3,1,0,0.19,0.66,363.4,260.7,102.7,726.9,632.2,1
2019-10-12 09:00:00,26.9,74,21.9,30.3,0.0,6,6,2,0,0.33,0.93,561.8,440.9,120.9,801.0,870.2,1
2019-10-12 10:00:00,27.9,68,21.5,31.2,0.0,21,21,1,0,0.45,1.19,696.0,551.8,144.2,786.9,1043.8,1
2019-10-12 11:00:00,28.5,66,21.6,32.1,0.0,31,31,0,0,0.5,1.3,722.7,524.4,198.3,655.0,1141.4,1
2019-10-12 12:00:00,28.7,65,21.6,32.2,0.0,51,50,3,0,0.5,1.37,685.2,431.2,254.1,512.3,1156.1,1
2019-10-12 13:00:00,28.6,66,21.5,31.7,0.0,65,65,3,0,0.47,1.35,614.6,356.4,258.2,433.8,1087.0,1
2019-10-12 14:00:00,27.5,72,22.0,30.3,0.0,91,91,2,0,0.36,1.04,458.8,211.0,247.8,284.3,938.8,1
2019-10-12 15:00:00,27.2,73,21.9,30.0,0.0,50,50,0,0,0.34,0.98,419.8,283.3,136.5,465.9,721.5,1
2019-10-12 16:00:00,26.4,75,21.6,29.2,0.0,34,34,0,0,0.22,0.85,220.6,130.6,90.1,304.2,450.0,1
2019-10-12 17:00:00,25.4,80,21.6,28.5,0.0,41,41,0,0,0.1,0.66,57.4,27.8,29.7,127.7,142.9,1
2019-10-12 18:00:00,24.6,84,21.8,28.0,0.0,17,17,0,0,0.04,0.48,0.0,0.0,0.0,0.0,0.0,0
2019-10-12 19:00:00,24.1,87,21.8,27.7,0.0,11,11,0,0,0.0,0.38,0.0,0.0,0.0,0.0,0.0,0
2019-10-12 20:00:00,23.9,90,22.2,27.6,0.0,18,5,0,0,0.0,0.3,0.0,0.0,0.0,0.0,0.0,0
2019-10-12 21:00:00,24.0,91,22.4,27.9,0.0,4,4,0,0,0.0,0.28,0.0,0.0,0.0,0.0,0.0,0
2019-10-12 22:00:00,23.9,91,22.2,27.9,0.0,2,2,0,0,0.0,0.28,0.0,0.0,0.0,0.0,0.0,0
2019-10-12 23:00:00,23.2,93,22.0,27.3,0.0,2,2,0,0,0.0,0.21,0.0,0.0,0.0,0.0,0.0,0
2019-10-13 00:00:00,22.8,93,21.7,26.8,0.0,3,3,0,0,0.0,0.19,0.0,0.0,0.0,0.0,0.0,0
2019-10-13 01:00:00,22.6,93,21.4,26.5,0.0,29,29,4,0,0.0,0.2,0.0,0.0,0.0,0.0,0.0,0
2019-10-13 02:00:00,22.7,92,21.2,26.5,0.0,39,39,3,0,0.0,0.23,0.0,0.0,0.0,0.0,0.0,0
2019-10-13 03:00:00,22.7,91,21.1,26.4,0.0,37,37,0,0,0.0,0.25,0.0,0.0,0.0,0.0,0.0,0
2019-10-13 04:00:00,22.1,93,20.9,25.6,0.0,35,35,0,0,0.0,0.19,0.0,0.0,0.0,0.0,0.0,0
2019-10-13 05:00:00,21.8,93,20.7,25.2,0.0,49,49,0,0,0.0,0.18,0.0,0.0,0.0,0.0,0.0,0
2019-10-13 06:00:00,22.2,92,20.8,25.8,0.0,57,40,0,28,0.02,0.21,0.0,0.0,0.0,0.0,29.1,1
2019-10-13 07:00:00,23.8,85,21.2,27.5,0.0,58,30,0,40,0.05,0.43,120.8,53.1,67.7,275.9,343.5,1
2019-10-13 08:00:00,25.8,76,21.2,28.6,0.0,46,40,0,0,0.18,0.8,303.3,192.8,110.5,541.1,629.3,1
2019-10-13 09:00:00,26.2,73,21.0,28.5,0.0,48,48,0,0,0.28,0.91,439.9,275.2,164.7,502.3,866.9,1
2019-10-13 10:00:00,26.7,71,20.9,28.6,0.0,55,55,0,0,0.34,1.03,507.4,314.4,193.0,450.2,1040.3,1
2019-10-13 11:00:00,27.1,64,19.8,28.7,0.0,14,14,0,0,0.43,1.29,617.8,415.3,202.5,520.9,1137.4,1
2019-10-13 12:00:00,27.6,61,19.4,29.7,0.0,58,58,0,0,0.53,1.44,756.2,563.1,193.0,671.9,1151.8,1
2019-10-13 13:00:00,26.8,65,19.7,28.3,0.0,15,15,0,0,0.42,1.24,561.5,313.0,248.5,382.7,1082.3,1
2019-10-13 14:00:00,26.9,64,19.6,28.5,0.0,35,35,0,0,0.41,1.27,519.3,332.4,186.9,450.3,933.8,1
2019-10-13 15:00:00,26.6,65,19.6,28.1,0.0,46,46,1,0,0.35,1.2,415.1,274.4,140.7,454.2,716.4,1
2019-10-13 16:00:00,25.7,71,20.1,27.6,0.0,48,48,1,0,0.21,0.95,206.3,101.3,105.1,238.1,444.8,1
2019-10-13 17:00:00,24.9,74,19.9,27.2,0.0,3,3,0,0,0.11,0.82,57.3,28.6,28.6,134.2,137.6,1
2019-10-13 18:00:00,23.8,74,18.8,26.0,0.0,1,1,0,0,0.05,0.77,0.0,0.0,0.0,0.0,0.0,0
2019-10-13 19:00:00,23.0,78,18.9,25.5,0.0,9,9,0,0,0.01,0.63,0.0,0.0,0.0,0.0,0.0,0
2019-10-13 20:00:00,23.1,78,19.1,25.6,0.0,37,56,0,0,0.01,0.62,0.0,0.0,0.0,0.0,0.0,0
2019-10-13 21:00:00,23.8,79,19.8,26.4,0.0,61,54,0,15,0.02,0.63,0.0,0.0,0.0,0.0,0.0,0
2019-10-13 22:00:00,23.9,74,18.9,26.0,0.0,40,27,0,18,0.03,0.78,0.0,0.0,0.0,0.0,0.0,0
2019-10-13 23:00:00,23.0,75,18.4,25.1,0.0,33,33,0,0,0.01,0.69,0.0,0.0,0.0,0.0,0.0,0
2019-10-14 00:00:00,22.9,79,19.1,25.3,0.0,98,98,0,0,0.01,0.58,0.0,0.0,0.0,0.0,0.0,0
2019-10-14 01:00:00,23.5,77,19.2,25.8,0.0,35,35,0,0,0.02,0.68,0.0,0.0,0.0,0.0,0.0,0
2019-10-14 02:00:00,22.7,80,19.1,25.2,0.0,94,94,0,0,0.01,0.55,0.0,0.0,0.0,0.0,0.0,0
2019-10-14 03:00:00,22.9,79,19.1,25.5,0.0,88,88,0,0,0.01,0.59,0.0,0.0,0.0,0.0,0.0,0
2019-10-14 04:00:00,23.3,75,18.6,25.4,0.0,51,51,2,0,0.02,0.71,0.0,0.0,0.0,0.0,0.0,0
2019-10-14 05:00:00,23.0,75,18.3,24.8,0.0,62,61,6,0,0.02,0.71,0.0,0.0,0.0,0.0,0.0,0
2019-10-14 06:00:00,23.0,74,18.1,24.7,0.0,45,45,5,0,0.05,0.74,0.0,0.0,0.0,0.0,26.5,1
2019-10-14 07:00:00,23.4,76,19.0,25.2,0.0,76,75,27,0,0.07,0.68,110.5,53.4,57.1,277.3,340.8,1
2019-10-14 08:00:00,25.1,72,19.7,27.9,0.0,35,25,6,0,0.14,0.88,239.3,99.1,140.3,279.8,626.3,1
2019-10-14 09:00:00,26.2,65,19.1,26.9,0.0,59,59,26,0,0.32,1.2,475.8,304.1,171.7,557.7,863.7,1
2019-10-14 10:00:00,26.6,59,17.8,26.8,0.0,12,12,0,0,0.41,1.44,580.1,347.0,233.1,498.9,1036.6,1
2019-10-14 11:00:00,26.8,58,17.9,27.5,0.0,40,40,0,0,0.5,1.48,719.5,533.7,185.8,672.0,1133.4,1
2019-10-14 12:00:00,27.1,56,17.7,28.3,0.0,55,55,0,0,0.56,1.57,791.0,643.0,148.0,770.5,1147.4,1
2019-10-14 13:00:00,26.4,58,17.5,26.7,0.0,47,47,0,0,0.48,1.45,639.3,426.5,212.8,523.9,1077.7,1
2019-10-14 14:00:00,26.1,59,17.4,26.1,0.0,60,60,0,0,0.42,1.39,520.9,319.3,201.5,434.9,928.9,1
2019-10-14 15:00:00,25.3,61,17.2,25.3,0.0,52,52,1,0,0.31,1.27,330.1,193.1,137.1,321.7,711.3,1
2019-10-14 16:00:00,24.6,65,17.6,25.4,0.0,76,76,17,0,0.21,1.09,190.5,101.7,88.8,241.5,439.6,1
2019-10-14 17:00:00,24.0,66,17.3,25.3,0.0,77,77,18,0,0.1,1.01,40.9,12.9,28.0,61.4,132.4,1
2019-10-14 18:00:00,23.7,64,16.6,24.4,0.0,99,99,54,0,0.08,1.04,0.0,0.0,0.0,0.0,0.0,0
2019-10-14 19:00:00,23.7,65,16.7,24.3,0.0,62,61,35,0,0.06,1.04,0.0,0.0,0.0,0.0,0.0,0
2019-10-14 20:00:00,23.6,65,16.6,24.6,0.0,65,41,13,0,0.04,1.03,0.0,0.0,0.0,0.0,0.0,0
2019-10-14 21:00:00,23.6,63,16.0,24.2,0.0,94,94,61,0,0.05,1.09,0.0,0.0,0.0,0.0,0.0,0
2019-10-14 22:00:00,23.5,62,15.9,24.0,0.0,83,82,50,0,0.05,1.09,0.0,0.0,0.0,0.0,0.0,0
2019-10-14 23:00:00,23.6,61,15.5,23.9,0.0,74,73,55,0,0.06,1.15,0.0,0.0,0.0,0.0,0.0,0
2019-10-15 00:00:00,23.5,61,15.5,23.9,0.0,61,60,35,0,0.05,1.13,0.0,0.0,0.0,0.0,0.0,0
2019-10-15 01:00:00,22.4,73,17.3,23.7,0.1,54,39,49,0,0.02,0.73,0.0,0.0,0.0,0.0,0.0,0
2019-10-15 02:00:00,22.3,70,16.6,23.5,0.0,71,70,45,0,0.03,0.81,0.0,0.0,0.0,0.0,0.0,0
2019-10-15 03:00:00,22.7,62,15.2,23.4,0.0,5,4,3,0,0.03,1.04,0.0,0.0,0.0,0.0,0.0,0
2019-10-15 04:00:00,21.1,75,16.6,22.4,0.0,31,10,29,0,0.02,0.62,0.0,0.0,0.0,0.0,0.0,0
2019-10-15 05:00:00,20.9,82,17.7,22.8,0.1,88,43,86,0,0.0,0.45,0.0,0.0,0.0,0.0,0.0,0
2019-10-15 06:00:00,21.5,80,17.9,23.5,0.1,86,35,84,0,0.03,0.51,0.0,0.0,0.0,0.0,24.0,1
2019-10-15 07:00:00,22.6,76,18.0,23.9,0.0,41,27,36,0,0.07,0.67,72.2,18.5,53.7,96.1,338.0,1
2019-10-15 08:00:00,24.4,66,17.8,25.5,0.1,36,12,10,0,0.17,1.03,265.4,154.6,110.8,439.4,623.3,1
2019-10-15 09:00:00,24.6,65,17.5,24.0,0.0,31,27,16,0,0.32,1.1,501.3,346.9,154.4,639.2,860.3,1
2019-10-15 10:00:00,24.0,68,17.7,23.8,0.2,71,56,66,0,0.32,0.95,503.2,278.7,224.5,402.5,1032.9,1
2019-10-15 11:00:00,24.1,68,17.9,24.4,0.2,98,83,98,0,0.29,0.96,393.5,143.3,250.2,181.2,1129.4,1
2019-10-15 12:00:00,23.7,68,17.5,23.4,0.2,100,100,100,0,0.25,0.93,289.0,11.0,278.0,13.2,1143.0,1
2019-10-15 13:00:00,23.4,68,17.1,23.1,0.0,100,64,100,0,0.21,0.94,201.2,0.0,201.2,0.0,1073.0,1
2019-10-15 14:00:00,23.3,68,17.1,22.9,0.0,99,30,99,0,0.23,0.91,241.9,42.3,199.6,57.9,924.0,1
2019-10-15 15:00:00,22.9,70,17.2,22.7,0.0,99,0,99,0,0.18,0.83,163.6,31.0,132.6,52.0,706.2,1
2019-10-15 16:00:00,22.9,67,16.6,22.6,0.0,85,44,84,0,0.18,0.91,140.8,47.7,93.1,114.3,434.4,1
2019-10-15 17:00:00,22.5,68,16.3,22.3,0.0,74,20,73,0,0.11,0.87,24.7,1.8,22.9,8.8,127.2,1
2019-10-15 18:00:00,22.0,69,16.0,21.7,0.0,68,25,67,0,0.09,0.83,0.0,0.0,0.0,0.0,0.0,0
2019-10-15 19:00:00,21.6,71,16.1,21.7,0.0,73,25,72,0,0.05,0.75,0.0,0.0,0.0,0.0,0.0,0
2019-10-15 20:00:00,21.5,74,16.7,22.2,0.0,74,1,22,0,0.03,0.67,0.0,0.0,0.0,0.0,0.0,0
2019-10-15 21:00:00,21.4,75,16.7,22.3,0.0,77,53,74,0,0.03,0.65,0.0,0.0,0.0,0.0,0.0,0
2019-10-15 22:00:00,21.5,74,16.7,22.5,0.0,93,86,92,0,0.02,0.67,0.0,0.0,0.0,0.0,0.0,0
2019-10-15 23:00:00,21.9,69,16.1,22.4,0.0,92,92,84,0,0.04,0.81,0.0,0.0,0.0,0.0,0.0,0
2019-10-16 00:00:00,21.8,69,15.8,22.1,0.0,74,72,69,0,0.05,0.82,0.0,0.0,0.0,0.0,0.0,0
2019-10-16 01:00:00,21.2,73,16.1,21.7,0.0,24,8,23,0,0.03,0.68,0.0,0.0,0.0,0.0,0.0,0
2019-10-16 02:00:00,20.6,78,16.7,21.9,0.0,48,33,42,0,0.01,0.53,0.0,0.0,0.0,0.0,0.0,0
2019-10-16 03:00:00,20.0,82,16.8,21.7,0.0,32,28,25,0,0.0,0.43,0.0,0.0,0.0,0.0,0.0,0
2019-10-16 04:00:00,20.1,79,16.3,21.4,0.0,84,83,31,0,0.01,0.51,0.0,0.0,0.0,0.0,0.0,0
2019-10-16 05:00:00,20.5,77,16.4,21.8,0.0,91,91,35,0,0.01,0.55,0.0,0.0,0.0,0.0,0.0,0
2019-10-16 06:00:00,20.9,75,16.3,22.1,0.0,75,75,28,0,0.04,0.61,0.0,0.0,0.0,0.0,21.4,1
2019-10-16 07:00:00,21.4,75,16.9,22.9,0.0,62,61,17,0,0.05,0.63,85.8,24.2,61.5,125.5,335.2,1
2019-10-16 08:00:00,23.6,67,17.0,24.9,0.0,83,62,0,0,0.14,0.98,219.2,85.1,134.1,243.6,620.2,1
2019-10-16 09:00:00,24.6,60,16.2,24.5,0.0,84,84,0,0,0.28,1.25,389.7,207.5,182.2,384.2,857.0,1
2019-10-16 10:00:00,24.5,63,17.0,24.2,0.0,94,94,5,0,0.31,1.15,419.7,149.7,270.1,217.1,1029.2,1
2019-10-16 11:00:00,24.4,63,16.9,24.4,0.0,93,93,8,0,0.27,1.13,323.9,33.2,290.7,42.2,1125.3,1
2019-10-16 12:00:00,25.0,63,17.4,24.9,0.0,88,88,47,0,0.34,1.18,444.9,130.0,314.9,157.1,1138.6,1
2019-10-16 13:00:00,24.1,69,18.0,24.2,0.0,87,85,68,12,0.28,0.93,357.9,68.3,289.6,84.7,1068.3,1
2019-10-16 14:00:00,24.0,71,18.4,24.7,0.0,94,93,76,5,0.25,0.87,291.4,34.9,256.5,48.1,919.0,1
2019-10-16 15:00:00,23.6,75,19.0,24.9,0.0,100,100,83,5,0.17,0.72,174.6,20.6,154.0,34.9,701.1,1
2019-10-16 16:00:00,23.4,77,19.1,24.8,0.0,58,35,53,1,0.16,0.68,147.9,56.6,91.3,137.0,429.3,1
2019-10-16 17:00:00,22.6,80,19.0,24.9,0.0,39,33,32,0,0.06,0.54,25.9,4.8,21.1,24.0,122.1,1
2019-10-16 18:00:00,21.7,87,19.4,24.8,0.0,73,72,51,0,0.02,0.34,0.0,0.0,0.0,0.0,0.0,0
2019-10-16 19:00:00,22.1,84,19.2,24.8,0.0,45,10,44,0,0.0,0.43,0.0,0.0,0.0,0.0,0.0,0
2019-10-16 20:00:00,21.8,87,19.4,24.5,0.0,61,35,12,1,0.0,0.35,0.0,0.0,0.0,0.0,0.0,0
2019-10-16 21:00:00,22.1,85,19.5,24.9,0.0,33,32,8,0,0.0,0.39,0.0,0.0,0.0,0.0,0.0,0
2019-10-16 22:00:00,22.0,86,19.6,24.9,0.0,25,24,8,0,0.0,0.37,0.0,0.0,0.0,0.0,0.0,0
2019-10-16 23:00:00,22.2,83,19.1,24.5,0.0,11,8,7,2,0.01,0.46,0.0,0.0,0.0,0.0,0.0,0
2019-10-17 00:00:00,22.0,85,19.4,24.7,0.0,39,27,8,16,0.0,0.39,0.0,0.0,0.0,0.0,0.0,0
2019-10-17 01:00:00,21.8,85,19.1,24.4,0.0,50,50,19,0,0.0,0.4,0.0,0.0,0.0,0.0,0.0,0
2019-10-17 02:00:00,22.2,81,18.7,24.6,0.0,71,70,38,0,0.0,0.52,0.0,0.0,0.0,0.0,0.0,0
2019-10-17 03:00:00,22.4,80,18.8,24.5,0.0,53,52,35,0,0.01,0.54,0.0,0.0,0.0,0.0,0.0,0
2019-10-17 04:00:00,21.6,86,19.2,24.2,0.0,35,32,29,0,0.0,0.36,0.0,0.0,0.0,0.0,0.0,0
2019-10-17 05:00:00,21.9,82,18.7,24.3,0.0,88,87,27,0,0.0,0.47,0.0,0.0,0.0,0.0,0.0,0
2019-10-17 06:00:00,22.0,79,18.2,24.1,0.0,87,86,32,0,0.01,0.55,0.0,0.0,0.0,0.0,18.7,1
2019-10-17 07:00:00,23.0,76,18.4,25.1,0.0,77,77,37,0,0.05,0.69,69.5,7.5,62.0,38.8,332.4,1
2019-10-17 08:00:00,23.6,73,18.4,25.4,0.0,79,65,37,0,0.14,0.8,222.1,111.0,111.0,319.9,617.1,1
2019-10-17 09:00:00,24.7,65,17.7,25.5,0.0,35,33,32,0,0.24,1.09,341.4,133.8,207.6,249.0,853.5,1
2019-10-17 10:00:00,25.4,63,17.7,25.8,0.0,21,20,12,0,0.36,1.21,543.4,349.3,194.2,508.8,1025.4,1
2019-10-17 11:00:00,25.8,60,17.5,26.6,0.0,40,39,2,0,0.45,1.33,667.6,422.5,245.0,538.8,1121.2,1
2019-10-17 12:00:00,25.8,59,17.3,26.6,0.0,66,66,1,0,0.47,1.36,660.7,404.8,255.9,491.4,1134.2,1
2019-10-17 13:00:00,25.5,59,17.0,25.7,0.0,76,75,18,0,0.39,1.33,505.0,226.1,279.0,281.6,1063.5,1
2019-10-17 14:00:00,25.4,60,17.2,25.7,0.0,66,66,30,0,0.41,1.28,524.6,354.6,170.0,490.9,914.1,1
2019-10-17 15:00:00,24.6,63,17.1,24.9,0.0,81,80,65,0,0.24,1.14,238.0,69.6,168.4,118.3,696.0,1
2019-10-17 16:00:00,24.2,63,16.8,24.8,0.0,16,10,14,0,0.21,1.12,194.9,119.6,75.2,292.3,424.2,1
2019-10-17 17:00:00,23.2,69,17.3,24.9,0.0,20,20,2,0,0.09,0.87,49.4,26.2,23.2,132.3,117.1,1
2019-10-17 18:00:00,21.8,75,17.1,23.5,0.0,49,49,3,0,0.04,0.66,0.0,0.0,0.0,0.0,0.0,0
2019-10-17 19:00:00,21.5,75,16.9,22.9,0.0,37,37,1,0,0.01,0.63,0.0,0.0,0.0,0.0,0.0,0
2019-10-17 20:00:00,22.1,73,17.0,23.6,0.0,98,29,0,0,0.02,0.72,0.0,0.0,0.0,0.0,0.0,0
2019-10-17 21:00:00,21.1,78,17.1,22.5,0.0,59,59,8,0,0.01,0.55,0.0,0.0,0.0,0.0,0.0,0
2019-10-17 22:00:00,23.0,65,16.1,24.4,0.0,65,64,15,0,0.01,0.98,0.0,0.0,0.0,0.0,0.0,0
2019-10-17 23:00:00,21.0,78,17.0,22.5,0.0,84,84,15,0,0.01,0.55,0.0,0.0,0.0,0.0,0.0,0
2019-10-18 00:00:00,21.0,80,17.4,23.1,0.0,87,87,17,0,0.0,0.51,0.0,0.0,0.0,0.0,0.0,0
2019-10-18 01:00:00,21.0,81,17.6,23.2,0.0,60,60,13,0,0.0,0.47,0.0,0.0,0.0,0.0,0.0,0
2019-10-18 02:00:00,20.8,83,17.8,23.2,0.0,29,29,12,0,0.0,0.43,0.0,0.0,0.0,0.0,0.0,0
2019-10-18 03:00:00,20.3,82,17.2,22.5,0.0,24,24,8,0,0.0,0.43,0.0,0.0,0.0,0.0,0.0,0
2019-10-18 04:00:00,19.8,86,17.3,21.8,0.0,37,37,3,0,0.0,0.33,0.0,0.0,0.0,0.0,0.0,0
2019-10-18 05:00:00,19.9,87,17.7,22.2,0.0,64,64,6,0,0.0,0.31,0.0,0.0,0.0,0.0,0.0,0
2019-10-18 06:00:00,20.3,87,18.1,23.1,0.0,58,58,9,0,0.0,0.31,0.0,0.0,0.0,0.0,16.1,1
2019-10-18 07:00:00,22.0,76,17.7,24.4,0.0,85,85,21,0,0.04,0.63,87.0,28.4,58.6,146.3,329.5,1
2019-10-18 08:00:00,23.3,74,18.5,25.6,0.0,67,48,6,0,0.11,0.73,177.1,49.1,128.0,142.5,614.0,1
2019-10-18 09:00:00,24.2,70,18.4,25.4,0.0,57,57,14,0,0.24,0.9,380.8,229.6,151.2,429.4,850.0,1
2019-10-18 10:00:00,24.2,70,18.5,25.3,0.0,100,100,30,0,0.28,0.9,417.7,235.4,182.3,344.4,1021.6,1
2019-10-18 11:00:00,25.0,66,18.3,25.8,0.0,85,84,29,0,0.35,1.06,500.4,277.2,223.2,355.0,1117.0,1
2019-10-18 12:00:00,25.3,62,17.6,25.9,0.0,57,57,8,0,0.38,1.22,522.7,229.9,292.8,280.2,1129.7,1
2019-10-18 13:00:00,25.5,60,17.1,26.3,0.0,64,64,1,0,0.44,1.31,603.9,403.9,200.0,505.5,1058.8,1
2019-10-18 14:00:00,25.1,61,17.0,25.6,0.0,97,97,0,0,0.4,1.25,520.7,342.5,178.1,476.7,909.2,1
2019-10-18 15:00:00,24.1,67,17.5,24.7,0.0,93,93,2,0,0.25,1.0,284.9,133.9,151.0,229.1,691.0,1
2019-10-18 16:00:00,23.1,69,17.1,23.7,0.0,34,34,4,0,0.17,0.87,153.0,68.3,84.8,168.4,419.1,1
2019-10-18 17:00:00,22.1,70,16.3,23.2,0.0,2,2,0,0,0.09,0.81,49.4,26.8,22.6,138.1,112.1,1
2019-10-18 18:00:00,20.0,82,16.8,21.5,0.0,21,21,0,0,0.03,0.43,0.0,0.0,0.0,0.0,0.0,0
2019-10-18 19:00:00,20.3,80,16.6,22.1,0.0,78,78,0,0,0.0,0.49,0.0,0.0,0.0,0.0,0.0,0
2019-10-18 20:00:00,20.7,81,17.3,22.8,0.0,100,68,0,0,0.0,0.46,0.0,0.0,0.0,0.0,0.0,0
2019-10-18 21:00:00,21.7,77,17.6,23.5,0.0,79,79,8,0,0.01,0.59,0.0,0.0,0.0,0.0,0.0,0
2019-10-18 22:00:00,21.4,80,17.9,23.8,0.0,67,66,13,0,0.0,0.51,0.0,0.0,0.0,0.0,0.0,0
2019-10-18 23:00:00,21.6,80,18.0,24.0,0.0,83,82,14,0,0.0,0.51,0.0,0.0,0.0,0.0,0.0,0
2019-10-19 00:00:00,21.5,81,18.1,23.8,0.0,95,95,40,0,0.0,0.49,0.0,0.0,0.0,0.0,0.0,0
2019-10-19 01:00:00,21.6,84,18.7,24.3,0.0,100,100,48,0,0.0,0.42,0.0,0.0,0.0,0.0,0.0,0
2019-10-19 02:00:00,21.5,86,19.1,24.5,0.1,100,100,72,0,0.0,0.36,0.0,0.0,0.0,0.0,0.0,0
2019-10-19 03:00:00,21.4,88,19.3,24.5,0.1,100,100,83,0,0.0,0.32,0.0,0.0,0.0,0.0,0.0,0
2019-10-19 04:00:00,21.5,88,19.4,24.7,0.1,100,100,86,0,0.0,0.3,0.0,0.0,0.0,0.0,0.0,0
2019-10-19 05:00:00,21.5,86,19.0,24.4,0.1,100,100,85,0,0.0,0.37,0.0,0.0,0.0,0.0,0.0,0
2019-10-19 06:00:00,21.4,88,19.4,24.3,0.1,100,100,87,0,0.0,0.3,0.0,0.0,0.0,0.0,13.4,1
2019-10-19 07:00:00,22.0,84,19.1,24.8,0.0,100,100,79,0,0.03,0.43,30.5,0.0,30.5,0.0,326.6,1
2019-10-19 08:00:00,22.9,79,19.0,25.9,0.0,97,98,75,0,0.06,0.6,90.6,2.6,88.0,7.6,610.8,1
2019-10-19 09:00:00,22.9,79,19.1,25.2,0.0,99,99,69,0,0.09,0.58,102.7,0.0,102.7,0.0,846.5,1
2019-10-19 10:00:00,23.6,74,18.8,24.8,0.1,99,88,99,0,0.17,0.74,201.8,33.6,168.2,49.4,1017.8,1
2019-10-19 11:00:00,24.1,71,18.6,24.8,0.0,100,90,100,0,0.23,0.87,291.7,26.0,265.8,33.4,1112.8,1
2019-10-19 12:00:00,24.2,71,18.5,24.5,0.0,99,53,98,0,0.28,0.89,369.8,117.9,251.8,144.4,1125.2,1
2019-10-19 13:00:00,24.0,70,18.3,24.4,0.0,82,78,78,0,0.23,0.88,268.2,30.8,237.5,38.7,1054.1,1
2019-10-19 14:00:00,23.5,73,18.4,24.1,0.0,88,87,85,0,0.18,0.78,179.0,33.0,145.9,46.2,904.3,1
2019-10-19 15:00:00,23.4,74,18.5,24.1,0.0,84,65,81,0,0.18,0.74,180.9,66.9,114.0,115.2,686.0,1
2019-10-19 16:00:00,23.1,75,18.4,24.1,0.0,79,49,74,0,0.13,0.7,103.2,18.7,84.5,46.6,414.2,1
2019-10-19 17:00:00,22.6,76,18.1,24.1,0.0,99,99,50,0,0.07,0.67,19.2,3.7,15.5,19.3,107.2,1
2019-10-19 18:00:00,22.6,72,17.2,23.5,0.0,100,100,23,0,0.07,0.78,0.0,0.0,0.0,0.0,0.0,0
2019-10-19 19:00:00,22.7,67,16.2,23.4,0.0,39,36,17,0,0.04,0.91,0.0,0.0,0.0,0.0,0.0,0
2019-10-19 20:00:00,20.8,83,17.8,22.4,0.0,19,5,19,0,0.01,0.43,0.0,0.0,0.0,0.0,0.0,0
2019-10-19 21:00:00,21.4,79,17.7,23.3,0.0,89,89,8,0,0.01,0.53,0.0,0.0,0.0,0.0,0.0,0
2019-10-19 22:00:00,21.9,74,17.1,23.5,0.0,97,97,13,0,0.01,0.68,0.0,0.0,0.0,0.0,0.0,0
2019-10-19 23:00:00,21.9,72,16.7,23.5,0.0,42,41,20,0,0.01,0.73,0.0,0.0,0.0,0.0,0.0,0
2019-10-20 00:00:00,20.4,80,16.9,21.7,0.0,54,54,15,0,0.01,0.48,0.0,0.0,0.0,0.0,0.0,0
2019-10-20 01:00:00,21.0,75,16.5,22.3,0.0,63,63,20,0,0.01,0.61,0.0,0.0,0.0,0.0,0.0,0
2019-10-20 02:00:00,21.0,75,16.5,22.3,0.0,62,61,19,0,0.01,0.61,0.0,0.0,0.0,0.0,0.0,0
2019-10-20 03:00:00,20.7,78,16.7,22.7,0.0,77,77,21,0,0.0,0.54,0.0,0.0,0.0,0.0,0.0,0
2019-10-20 04:00:00,20.1,85,17.6,22.5,0.0,50,49,14,0,0.0,0.35,0.0,0.0,0.0,0.0,0.0,0
2019-10-20 05:00:00,20.0,84,17.3,22.5,0.0,45,45,11,0,0.0,0.36,0.0,0.0,0.0,0.0,0.0,0
2019-10-20 06:00:00,19.5,87,17.3,21.6,0.0,80,80,7,0,0.0,0.29,0.0,0.0,0.0,0.0,10.7,1
2019-10-20 07:00:00,21.6,78,17.6,23.9,0.0,99,99,10,0,0.03,0.56,72.9,30.7,42.2,157.6,323.6,1
2019-10-20 08:00:00,22.8,66,16.2,24.6,0.0,90,76,12,0,0.09,0.93,155.5,44.1,111.5,129.6,607.5,1
2019-10-20 09:00:00,23.3,65,16.3,23.5,0.1,94,94,10,0,0.24,1.01,356.8,155.9,200.9,294.6,842.9,1
2019-10-20 10:00:00,24.1,60,16.0,24.1,0.0,47,46,15,0,0.31,1.19,438.4,219.2,219.2,323.6,1013.9,1
2019-10-20 11:00:00,24.5,58,15.7,24.6,0.0,74,74,8,0,0.36,1.29,507.7,259.5,248.1,335.3,1108.6,1
2019-10-20 12:00:00,25.0,56,15.8,25.2,0.0,100,100,2,0,0.42,1.38,575.6,269.8,305.8,331.8,1120.7,1
2019-10-20 13:00:00,23.8,61,16.0,23.8,0.0,95,95,7,0,0.25,1.14,282.6,32.7,249.9,41.3,1049.4,1
2019-10-20 14:00:00,23.8,61,15.8,24.1,0.0,100,100,7,0,0.25,1.16,274.3,30.3,244.0,42.6,899.5,1
2019-10-20 15:00:00,23.4,65,16.4,24.3,0.0,100,100,11,0,0.15,1.01,131.9,0.0,131.9,0.0,681.1,1
2019-10-20 16:00:00,23.2,68,16.9,24.3,0.0,70,70,0,0,0.12,0.93,82.0,6.7,75.3,16.9,409.3,1
2019-10-20 17:00:00,22.6,74,17.7,24.9,0.0,93,93,12,0,0.06,0.72,33.0,10.7,22.2,57.4,102.4,1
2019-10-20 18:00:00,22.3,75,17.7,24.5,0.0,94,94,28,0,0.03,0.67,0.0,0.0,0.0,0.0,0.0,0
2019-10-20 19:00:00,22.2,76,17.7,24.5,0.0,96,96,36,0,0.0,0.64,0.0,0.0,0.0,0.0,0.0,0
2019-10-20 20:00:00,21.0,82,17.9,23.1,0.0,81,13,2,0,0.0,0.44,0.0,0.0,0.0,0.0,0.0,0
2019-10-20 21:00:00,21.3,83,18.2,23.6,0.0,54,53,4,0,0.0,0.44,0.0,0.0,0.0,0.0,0.0,0
2019-10-20 22:00:00,21.5,83,18.5,24.0,0.0,89,88,7,0,0.0,0.43,0.0,0.0,0.0,0.0,0.0,0
2019-10-20 23:00:00,21.8,80,18.1,24.0,0.0,86,86,9,0,0.0,0.53,0.0,0.0,0.0,0.0,0.0,0
2019-10-21 00:00:00,21.4,82,18.2,23.5,0.0,73,72,19,0,0.0,0.47,0.0,0.0,0.0,0.0,0.0,0
2019-10-21 01:00:00,21.0,87,18.7,23.6,0.0,67,66,23,0,0.0,0.32,0.0,0.0,0.0,0.0,0.0,0
2019-10-21 02:00:00,21.2,85,18.5,23.5,0.0,94,94,25,0,0.0,0.39,0.0,0.0,0.0,0.0,0.0,0
2019-10-21 03:00:00,21.3,85,18.6,23.6,0.0,99,99,20,0,0.0,0.39,0.0,0.0,0.0,0.0,0.0,0
2019-10-21 04:00:00,21.8,73,16.8,23.3,0.0,79,77,22,0,0.01,0.7,0.0,0.0,0.0,0.0,0.0,0
2019-10-21 05:00:00,22.0,70,16.2,23.6,0.0,86,83,51,0,0.0,0.8,0.0,0.0,0.0,0.0,0.0,0
2019-10-21 06:00:00,20.6,82,17.4,23.0,0.0,98,98,61,0,0.0,0.44,0.0,0.0,0.0,0.0,7.9,1
2019-10-21 07:00:00,21.7,77,17.5,23.6,0.0,94,93,49,0,0.04,0.6,60.0,23.2,36.8,118.9,320.6,1
2019-10-21 08:00:00,23.4,69,17.3,25.5,0.0,91,54,24,0,0.1,0.91,151.8,28.5,123.3,84.6,604.2,1
2019-10-21 09:00:00,24.1,65,17.0,24.8,0.1,100,100,17,0,0.26,1.06,414.8,209.1,205.7,397.3,839.3,1
2019-10-21 10:00:00,24.4,63,17.0,24.8,0.0,92,92,16,0,0.29,1.12,415.7,137.8,277.9,204.5,1009.9,1
2019-10-21 11:00:00,24.8,62,17.1,25.4,0.0,85,84,20,0,0.35,1.19,504.6,265.8,238.8,344.8,1104.4,1
2019-10-21 12:00:00,24.9,61,16.9,25.2,0.0,100,100,21,0,0.38,1.22,529.5,321.7,207.8,397.4,1116.3,1
2019-10-21 13:00:00,24.9,60,16.6,25.3,0.0,100,100,18,0,0.41,1.25,555.4,352.7,202.8,447.7,1044.7,1
2019-10-21 14:00:00,24.4,60,16.2,24.5,0.0,100,100,18,0,0.32,1.21,390.6,241.1,149.4,341.1,894.7,1
2019-10-21 15:00:00,24.0,60,15.6,23.9,0.0,100,100,21,0,0.26,1.21,264.3,116.3,148.0,203.2,676.3,1
2019-10-21 16:00:00,23.6,59,15.1,23.7,0.0,89,89,25,0,0.18,1.21,138.3,53.5,84.8,135.8,404.4,1
2019-10-21 17:00:00,22.7,66,15.9,23.8,0.0,65,62,23,0,0.08,0.95,29.0,9.3,19.7,50.0,97.7,1
2019-10-21 18:00:00,20.9,76,16.5,22.3,0.0,46,45,11,0,0.04,0.59,0.0,0.0,0.0,0.0,0.0,0
2019-10-21 19:00:00,20.6,78,16.5,22.1,0.0,23,16,19,0,0.0,0.54,0.0,0.0,0.0,0.0,0.0,0
2019-10-21 20:00:00,20.1,84,17.3,21.7,0.0,15,0,38,0,0.0,0.38,0.0,0.0,0.0,0.0,0.0,0
2019-10-21 21:00:00,20.0,83,17.0,21.7,0.0,23,7,21,0,0.0,0.4,0.0,0.0,0.0,0.0,0.0,0
2019-10-21 22:00:00,19.3,86,16.9,20.7,0.0,23,6,21,0,0.0,0.31,0.0,0.0,0.0,0.0,0.0,0
2019-10-21 23:00:00,18.8,88,16.7,20.2,0.0,29,6,28,0,0.0,0.27,0.0,0.0,0.0,0.0,0.0,0
2019-10-22 00:00:00,18.9,87,16.7,20.3,0.0,47,5,46,0,0.0,0.28,0.0,0.0,0.0,0.0,0.0,0
2019-10-22 01:00:00,19.4,84,16.7,20.9,0.0,54,3,53,0,0.0,0.35,0.0,0.0,0.0,0.0,0.0,0
2019-10-22 02:00:00,19.0,88,17.1,20.6,0.0,78,22,76,0,0.0,0.25,0.0,0.0,0.0,0.0,0.0,0
2019-10-22 03:00:00,19.5,89,17.5,21.4,0.0,94,35,93,0,0.0,0.26,0.0,0.0,0.0,0.0,0.0,0
2019-10-22 04:00:00,20.1,87,17.8,22.3,0.0,89,30,77,49,0.0,0.31,0.0,0.0,0.0,0.0,0.0,0
2019-10-22 05:00:00,19.8,89,17.9,21.9,0.0,97,26,77,86,0.0,0.26,0.0,0.0,0.0,0.0,0.0,0
2019-10-22 06:00:00,19.9,86,17.5,21.8,0.0,97,25,78,87,0.0,0.32,0.0,0.0,0.0,0.0,5.1,1
2019-10-22 07:00:00,21.7,73,16.8,23.1,0.0,75,21,12,68,0.05,0.69,76.1,17.6,58.5,89.6,317.6,1
2019-10-22 08:00:00,23.4,62,15.7,23.9,0.0,45,39,1,0,0.17,1.1,285.9,150.7,135.1,450.1,600.9,1
2019-10-22 09:00:00,24.6,55,15.0,24.7,0.0,35,35,4,0,0.3,1.38,470.4,309.8,160.7,591.7,835.7,1
2019-10-22 10:00:00,25.6,52,15.1,26.0,0.0,20,20,1,0,0.43,1.56,654.6,484.2,170.4,721.5,1006.0,1
2019-10-22 11:00:00,26.2,54,16.0,27.2,0.0,88,88,1,0,0.49,1.58,708.1,510.8,197.3,665.6,1100.2,1
2019-10-22 12:00:00,26.0,54,16.1,26.7,0.0,47,47,0,0,0.48,1.54,665.3,393.6,271.7,488.4,1111.8,1
2019-10-22 13:00:00,26.1,53,15.9,27.2,0.0,22,22,3,0,0.52,1.57,718.6,579.3,139.3,738.9,1040.1,1
2019-10-22 14:00:00,25.6,56,16.1,26.1,0.0,20,19,13,0,0.45,1.46,590.2,470.1,120.0,668.6,889.9,1
2019-10-22 15:00:00,25.1,55,15.3,24.9,0.0,15,14,12,0,0.35,1.45,398.2,283.7,114.5,498.7,671.5,1
2019-10-22 16:00:00,24.4,57,15.4,24.4,0.0,14,13,11,0,0.23,1.31,213.5,138.6,74.9,355.0,399.7,1
2019-10-22 17:00:00,23.2,64,16.1,24.3,0.0,18,18,9,0,0.09,1.01,41.6,23.6,18.0,127.6,93.1,1
2019-10-22 18:00:00,21.8,72,16.5,23.2,0.0,17,16,10,0,0.04,0.73,0.0,0.0,0.0,0.0,0.0,0
2019-10-22 19:00:00,21.2,77,16.9,22.7,0.0,12,11,9,0,0.01,0.59,0.0,0.0,0.0,0.0,0.0,0
2019-10-22 20:00:00,21.3,76,17.0,22.7,0.0,18,17,18,0,0.01,0.6,0.0,0.0,0.0,0.0,0.0,0
2019-10-22 21:00:00,21.7,76,17.2,23.1,0.0,28,21,25,0,0.02,0.63,0.0,0.0,0.0,0.0,0.0,0
2019-10-22 22:00:00,21.6,78,17.5,23.1,0.0,20,13,17,0,0.01,0.58,0.0,0.0,0.0,0.0,0.0,0
2019-10-22 23:00:00,21.3,79,17.6,23.0,0.0,59,56,30,0,0.01,0.52,0.0,0.0,0.0,0.0,0.0,0
2019-10-23 00:00:00,21.1,81,17.7,22.9,0.0,88,88,35,0,0.01,0.48,0.0,0.0,0.0,0.0,0.0,0
2019-10-23 01:00:00,21.6,79,17.7,23.2,0.0,19,17,17,0,0.01,0.55,0.0,0.0,0.0,0.0,0.0,0
2019-10-23 02:00:00,21.0,82,17.8,22.7,0.0,20,19,14,0,0.01,0.45,0.0,0.0,0.0,0.0,0.0,0
2019-10-23 03:00:00,20.7,84,17.8,22.5,0.0,27,19,24,1,0.0,0.4,0.0,0.0,0.0,0.0,0.0,0
2019-10-23 04:00:00,20.2,86,17.8,22.1,0.0,23,17,21,0,0.0,0.32,0.0,0.0,0.0,0.0,0.0,0
2019-10-23 05:00:00,19.6,90,17.9,21.6,0.0,23,21,14,0,0.0,0.23,0.0,0.0,0.0,0.0,0.0,0
2019-10-23 06:00:00,19.1,92,17.8,20.9,0.0,38,30,35,0,0.0,0.17,0.0,0.0,0.0,0.0,2.2,1
2019-10-23 07:00:00,21.7,81,18.3,24.2,0.0,40,28,37,0,0.04,0.49,104.3,53.1,51.1,270.3,314.5,1
2019-10-23 08:00:00,23.8,73,18.7,25.9,0.0,63,26,14,0,0.14,0.79,257.6,152.2,105.4,458.0,597.5,1
2019-10-23 09:00:00,25.0,67,18.5,26.5,0.0,31,30,16,0,0.28,1.03,454.5,325.0,129.5,624.1,832.0,1
2019-10-23 10:00:00,25.1,68,18.7,26.7,0.1,31,31,17,0,0.31,1.03,465.8,286.6,179.2,429.1,1002.0,1
2019-10-23 11:00:00,25.1,69,18.9,26.7,0.2,39,39,7,0,0.32,1.0,465.1,242.9,222.2,318.0,1095.9,1
2019-10-23 12:00:00,25.5,66,18.7,27.1,0.1,35,33,13,0,0.4,1.1,574.4,342.6,231.7,427.1,1107.3,1
2019-10-23 13:00:00,25.5,67,18.9,27.1,0.1,39,37,11,0,0.36,1.09,476.4,290.0,186.3,371.7,1035.5,1
2019-10-23 14:00:00,25.2,67,18.7,26.5,0.0,79,78,12,0,0.3,1.05,367.3,109.9,257.4,157.2,885.2,1
2019-10-23 15:00:00,24.7,66,18.0,25.9,0.0,95,95,21,0,0.23,1.06,245.0,86.2,158.8,152.6,666.8,1
2019-10-23 16:00:00,24.0,68,17.7,25.4,0.0,97,97,18,0,0.14,0.97,109.4,34.7,74.6,89.8,395.1,1
2019-10-23 17:00:00,23.3,72,17.9,25.2,0.0,71,71,14,0,0.07,0.81,19.3,5.1,14.2,27.5,88.6,1
2019-10-23 18:00:00,22.4,78,18.4,24.9,0.0,36,35,10,0,0.03,0.59,0.0,0.0,0.0,0.0,0.0,0
2019-10-23 19:00:00,21.9,83,18.9,24.7,0.0,35,26,23,0,0.0,0.45,0.0,0.0,0.0,0.0,0.0,0
2019-10-23 20:00:00,21.8,85,19.2,24.7,0.0,29,30,2,84,0.0,0.39,0.0,0.0,0.0,0.0,0.0,0
2019-10-23 21:00:00,22.1,83,19.1,24.9,0.0,97,25,5,96,0.0,0.45,0.0,0.0,0.0,0.0,0.0,0
2019-10-23 22:00:00,22.3,81,18.8,24.9,0.0,92,22,13,90,0.0,0.52,0.0,0.0,0.0,0.0,0.0,0
2019-10-23 23:00:00,21.9,82,18.7,24.4,0.0,22,12,9,11,0.0,0.47,0.0,0.0,0.0,0.0,0.0,0
2019-10-24 00:00:00,21.3,85,18.6,23.6,0.0,13,4,8,5,0.0,0.38,0.0,0.0,0.0,0.0,0.0,0
2019-10-24 01:00:00,20.9,87,18.6,23.2,0.0,10,8,6,0,0.0,0.32,0.0,0.0,0.0,0.0,0.0,0
2019-10-24 02:00:00,20.4,89,18.6,22.7,0.0,20,7,9,12,0.0,0.25,0.0,0.0,0.0,0.0,0.0,0
2019-10-24 03:00:00,20.1,90,18.4,22.4,0.0,27,3,25,16,0.0,0.24,0.0,0.0,0.0,0.0,0.0,0
2019-10-24 04:00:00,19.7,91,18.2,21.6,0.0,24,2,24,0,0.0,0.2,0.0,0.0,0.0,0.0,0.0,0
2019-10-24 05:00:00,20.1,88,18.0,22.0,0.0,40,2,40,0,0.0,0.28,0.0,0.0,0.0,0.0,0.0,0
2019-10-24 06:00:00,19.6,89,17.7,21.4,0.0,40,2,40,0,0.0,0.26,0.0,0.0,0.0,0.0,0.0,0
2019-10-24 07:00:00,22.3,76,17.9,24.5,0.0,99,14,99,0,0.04,0.64,103.2,45.7,57.6,231.6,311.3,1
2019-10-24 08:00:00,23.0,71,17.5,24.0,0.0,97,5,56,0,0.12,0.8,165.5,28.7,136.8,86.9,594.1,1
2019-10-24 09:00:00,23.9,63,16.4,24.9,0.0,91,1,91,0,0.23,1.1,352.9,179.3,173.6,346.3,828.3,1
2019-10-24 10:00:00,24.6,61,16.5,25.7,0.0,100,0,100,0,0.27,1.21,383.4,109.7,273.7,165.0,998.0,1
2019-10-24 11:00:00,24.8,62,17.1,26.1,0.0,23,21,5,0,0.27,1.18,366.5,41.5,325.0,54.6,1091.7,1
2019-10-24 12:00:00,26.3,57,17.0,28.3,0.0,34,34,1,0,0.52,1.48,755.1,585.3,169.8,732.8,1102.9,1
2019-10-24 13:00:00,26.5,54,16.4,27.7,0.0,64,64,0,0,0.49,1.6,663.5,473.4,190.1,609.6,1030.9,1
2019-10-24 14:00:00,26.3,55,16.5,26.8,0.0,67,67,0,0,0.43,1.54,532.8,340.6,192.3,489.6,880.6,1
2019-10-24 15:00:00,25.1,63,17.6,25.9,0.0,96,96,0,0,0.29,1.18,322.4,174.8,147.5,311.4,662.2,1
2019-10-24 16:00:00,24.3,68,18.0,25.5,0.0,56,56,1,0,0.19,0.98,185.0,112.0,73.0,292.2,390.5,1
2019-10-24 17:00:00,23.2,74,18.3,24.8,0.0,58,58,2,0,0.08,0.75,26.4,10.6,15.8,57.1,84.2,1
2019-10-24 18:00:00,22.4,78,18.4,24.5,0.0,39,38,4,0,0.04,0.59,0.0,0.0,0.0,0.0,0.0,0
2019-10-24 19:00:00,22.1,80,18.5,24.3,0.0,36,36,2,0,0.01,0.53,0.0,0.0,0.0,0.0,0.0,0
2019-10-24 20:00:00,22.2,81,18.8,24.5,0.0,18,14,1,0,0.01,0.51,0.0,0.0,0.0,0.0,0.0,0
2019-10-24 21:00:00,22.1,80,18.5,24.1,0.0,4,4,2,0,0.01,0.53,0.0,0.0,0.0,0.0,0.0,0
2019-10-24 22:00:00,21.9,80,18.2,23.6,0.0,6,5,3,0,0.01,0.53,0.0,0.0,0.0,0.0,0.0,0
2019-10-24 23:00:00,21.4,82,18.2,23.2,0.0,14,13,4,0,0.01,0.46,0.0,0.0,0.0,0.0,0.0,0
2019-10-25 00:00:00,21.1,84,18.3,23.1,0.0,14,13,6,0,0.0,0.41,0.0,0.0,0.0,0.0,0.0,0
2019-10-25 01:00:00,21.0,84,18.2,23.0,0.0,2,2,1,0,0.0,0.4,0.0,0.0,0.0,0.0,0.0,0
2019-10-25 02:00:00,20.7,82,17.6,22.4,0.0,1,1,0,0,0.01,0.43,0.0,0.0,0.0,0.0,0.0,0
2019-10-25 03:00:00,20.0,84,17.3,21.6,0.0,1,1,0,0,0.0,0.36,0.0,0.0,0.0,0.0,0.0,0
2019-10-25 04:00:00,19.4,87,17.2,21.0,0.0,21,0,0,21,0.0,0.29,0.0,0.0,0.0,0.0,0.0,0
2019-10-25 05:00:00,19.1,88,17.1,20.7,0.0,1,1,0,0,0.0,0.25,0.0,0.0,0.0,0.0,0.0,0
2019-10-25 06:00:00,19.0,88,16.9,20.4,0.0,1,1,0,0,0.0,0.27,0.0,0.0,0.0,0.0,0.0,0
2019-10-25 07:00:00,21.3,78,17.3,22.6,0.0,6,0,6,0,0.05,0.56,132.2,72.1,60.1,364.5,308.2,1
2019-10-25 08:00:00,23.8,67,17.2,24.4,0.0,17,1,8,0,0.19,0.98,328.8,228.4,100.5,697.9,590.6,1
2019-10-25 09:00:00,24.8,60,16.6,24.8,0.0,27,23,11,0,0.32,1.25,516.3,394.8,121.6,766.6,824.6,1
2019-10-25 10:00:00,25.6,57,16.5,25.7,0.0,63,58,24,0,0.42,1.41,626.7,482.3,144.5,728.9,994.0,1
2019-10-25 11:00:00,25.9,57,16.6,26.6,0.0,38,31,18,0,0.48,1.46,706.0,532.7,173.4,703.5,1087.5,1
2019-10-25 12:00:00,26.1,56,16.7,27.0,0.0,76,0,76,0,0.51,1.47,725.1,547.3,177.8,688.3,1098.5,1
2019-10-25 13:00:00,25.6,57,16.4,26.0,0.0,23,0,23,0,0.46,1.42,621.1,398.4,222.7,515.4,1026.4,1
2019-10-25 14:00:00,25.2,57,16.1,25.1,0.0,2,2,1,0,0.42,1.38,544.5,404.5,140.0,584.5,876.0,1
2019-10-25 15:00:00,24.8,57,15.7,24.2,0.0,4,4,0,0,0.36,1.35,426.0,333.1,92.9,597.1,657.6,1
2019-10-25 16:00:00,24.2,60,15.9,24.0,0.0,1,1,0,0,0.24,1.21,225.6,166.8,58.8,439.1,386.1,1
2019-10-25 17:00:00,23.2,64,15.9,24.1,0.0,1,1,0,0,0.1,1.04,37.1,21.8,15.3,117.9,80.0,1
2019-10-25 18:00:00,22.0,70,16.3,23.3,0.0,2,2,1,0,0.04,0.8,0.0,0.0,0.0,0.0,0.0,0
2019-10-25 19:00:00,21.2,75,16.6,22.8,0.0,12,11,4,0,0.01,0.63,0.0,0.0,0.0,0.0,0.0,0
2019-10-25 20:00:00,21.5,76,17.0,23.0,0.0,12,3,4,0,0.01,0.62,0.0,0.0,0.0,0.0,0.0,0
2019-10-25 21:00:00,21.3,77,17.1,23.0,0.0,3,2,2,0,0.01,0.59,0.0,0.0,0.0,0.0,0.0,0
2019-10-25 22:00:00,20.8,79,17.1,22.4,0.0,5,2,4,0,0.01,0.51,0.0,0.0,0.0,0.0,0.0,0
2019-10-25 23:00:00,20.7,80,17.1,22.3,0.0,10,5,8,0,0.01,0.49,0.0,0.0,0.0,0.0,0.0,0
2019-10-26 00:00:00,20.6,81,17.3,22.3,0.0,19,17,8,0,0.0,0.45,0.0,0.0,0.0,0.0,0.0,0
2019-10-26 01:00:00,20.5,83,17.5,22.3,0.0,24,22,8,0,0.0,0.41,0.0,0.0,0.0,0.0,0.0,0
2019-10-26 02:00:00,20.6,84,17.7,22.4,0.0,33,30,13,0,0.0,0.39,0.0,0.0,0.0,0.0,0.0,0
2019-10-26 03:00:00,21.0,84,18.2,22.8,0.0,19,16,10,0,0.01,0.4,0.0,0.0,0.0,0.0,0.0,0
2019-10-26 04:00:00,20.8,85,18.2,22.5,0.0,8,8,2,0,0.01,0.37,0.0,0.0,0.0,0.0,0.0,0
2019-10-26 05:00:00,20.4,87,18.2,22.0,0.0,6,5,2,0,0.01,0.31,0.0,0.0,0.0,0.0,0.0,0
2019-10-26 06:00:00,20.4,88,18.3,22.0,0.0,35,34,4,0,0.0,0.29,0.0,0.0,0.0,0.0,0.0,0
2019-10-26 07:00:00,21.8,81,18.3,23.3,0.0,29,29,2,0,0.05,0.5,103.2,42.5,60.7,213.9,304.9,1
2019-10-26 08:00:00,24.0,70,18.3,24.6,0.0,40,33,1,0,0.17,0.88,256.2,141.1,115.0,434.8,587.1,1
2019-10-26 09:00:00,24.7,66,17.9,24.7,0.0,66,58,1,18,0.28,1.06,426.2,271.0,155.2,529.3,820.8,1
2019-10-26 10:00:00,25.1,63,17.6,25.0,0.0,73,73,0,0,0.33,1.18,470.4,254.2,216.2,386.1,990.0,1
2019-10-26 11:00:00,25.3,63,17.8,25.2,0.0,59,59,0,0,0.33,1.19,439.2,157.8,281.4,209.4,1083.2,1
2019-10-26 12:00:00,25.6,61,17.6,25.7,0.0,68,68,0,0,0.38,1.27,493.3,159.8,333.6,201.9,1094.1,1
2019-10-26 13:00:00,24.9,64,17.6,24.9,0.0,97,97,2,0,0.28,1.14,313.9,22.1,291.8,28.7,1021.9,1
2019-10-26 14:00:00,24.5,63,17.0,24.3,0.0,99,99,2,0,0.26,1.14,261.6,28.4,233.3,41.2,871.5,1
2019-10-26 15:00:00,24.1,64,16.8,23.9,0.0,99,99,3,0,0.21,1.1,173.6,6.0,167.7,10.7,653.2,1
2019-10-26 16:00:00,23.9,64,16.7,23.9,0.0,62,62,4,0,0.17,1.07,112.8,22.0,90.9,58.4,381.8,1
2019-10-26 17:00:00,23.2,67,16.7,23.7,0.0,63,61,11,0,0.1,0.94,19.4,5.9,13.5,32.0,75.9,1
2019-10-26 18:00:00,22.6,69,16.6,23.5,0.0,49,45,15,0,0.07,0.86,0.0,0.0,0.0,0.0,0.0,0
2019-10-26 19:00:00,22.3,69,16.4,23.3,0.0,100,100,15,0,0.03,0.83,0.0,0.0,0.0,0.0,0.0,0
2019-10-26 20:00:00,22.2,71,16.7,23.6,0.0,80,65,16,19,0.02,0.77,0.0,0.0,0.0,0.0,0.0,0
2019-10-26 21:00:00,22.3,72,16.9,23.6,0.0,33,25,23,0,0.02,0.77,0.0,0.0,0.0,0.0,0.0,0
2019-10-26 22:00:00,22.1,73,17.1,23.5,0.0,21,14,13,3,0.02,0.71,0.0,0.0,0.0,0.0,0.0,0
2019-10-26 23:00:00,21.2,77,17.1,22.9,0.0,18,13,14,0,0.01,0.57,0.0,0.0,0.0,0.0,0.0,0
2019-10-27 00:00:00,20.9,79,17.1,22.5,0.0,6,6,1,0,0.01,0.52,0.0,0.0,0.0,0.0,0.0,0
2019-10-27 01:00:00,20.4,81,17.1,22.0,0.0,5,4,4,0,0.0,0.45,0.0,0.0,0.0,0.0,0.0,0
2019-10-27 02:00:00,20.0,83,17.1,21.7,0.0,12,11,8,0,0.0,0.39,0.0,0.0,0.0,0.0,0.0,0
2019-10-27 03:00:00,19.6,86,17.2,21.3,0.0,19,16,15,0,0.0,0.31,0.0,0.0,0.0,0.0,0.0,0
2019-10-27 04:00:00,19.3,88,17.3,21.0,0.0,21,15,19,0,0.0,0.26,0.0,0.0,0.0,0.0,0.0,0
2019-10-27 05:00:00,19.1,89,17.3,20.7,0.0,20,15,19,0,0.0,0.24,0.0,0.0,0.0,0.0,0.0,0
2019-10-27 06:00:00,19.2,89,17.3,20.9,0.0,13,12,10,0,0.0,0.25,0.0,0.0,0.0,0.0,0.0,0
2019-10-27 07:00:00,21.6,81,18.1,23.4,0.0,3,3,0,0,0.05,0.5,116.5,57.2,59.3,286.8,301.7,1
2019-10-27 08:00:00,24.5,75,19.7,26.3,0.0,37,17,0,2,0.18,0.78,320.7,218.6,102.1,678.9,583.6,1
2019-10-27 09:00:00,25.8,68,19.4,26.9,0.0,72,64,0,26,0.28,1.08,439.2,307.1,132.1,603.2,817.0,1
2019-10-27 10:00:00,26.2,67,19.5,27.3,0.1,38,25,2,18,0.38,1.13,584.6,370.6,214.1,565.5,985.9,1
2019-10-27 11:00:00,25.6,72,20.2,27.0,0.2,40,20,0,25,0.37,0.92,561.8,354.1,207.7,471.9,1079.0,1
2019-10-27 12:00:00,25.7,73,20.5,27.1,0.2,33,21,2,15,0.38,0.89,558.2,288.6,269.6,366.2,1089.7,1
2019-10-27 13:00:00,25.9,72,20.4,27.6,0.1,48,26,2,30,0.43,0.94,626.6,419.3,207.3,547.7,1017.5,1
2019-10-27 14:00:00,25.1,76,20.5,26.2,0.1,41,16,1,30,0.35,0.78,501.0,342.0,159.1,499.3,867.1,1
2019-10-27 15:00:00,24.5,76,20.0,25.3,0.1,13,11,7,0,0.26,0.73,335.9,203.2,132.7,368.9,648.8,1
2019-10-27 16:00:00,23.5,81,20.1,24.5,0.1,33,30,15,0,0.17,0.55,176.8,111.1,65.8,297.6,377.6,1
2019-10-27 17:00:00,22.7,84,19.9,24.0,0.1,48,31,33,16,0.07,0.43,25.0,11.7,13.3,63.5,71.9,1
2019-10-27 18:00:00,22.1,88,20.0,23.8,0.0,45,20,38,6,0.04,0.33,0.0,0.0,0.0,0.0,0.0,0
2019-10-27 19:00:00,22.0,88,19.9,24.0,0.0,41,22,36,0,0.01,0.31,0.0,0.0,0.0,0.0,0.0,0
2019-10-27 20:00:00,22.1,90,20.3,24.4,0.0,49,35,11,0,0.01,0.27,0.0,0.0,0.0,0.0,0.0,0
2019-10-27 21:00:00,22.3,89,20.3,24.5,0.0,72,11,12,68,0.01,0.3,0.0,0.0,0.0,0.0,0.0,0
2019-10-27 22:00:00,22.0,91,20.4,24.2,0.0,29,13,14,15,0.0,0.24,0.0,0.0,0.0,0.0,0.0,0
2019-10-27 23:00:00,21.8,92,20.5,24.0,0.0,17,1,4,14,0.0,0.21,0.0,0.0,0.0,0.0,0.0,0
2019-10-28 00:00:00,21.9,91,20.4,24.1,0.0,70,5,5,69,0.0,0.23,0.0,0.0,0.0,0.0,0.0,0
2019-10-28 01:00:00,22.0,90,20.2,24.0,0.0,74,5,4,73,0.01,0.28,0.0,0.0,0.0,0.0,0.0,0
2019-10-28 02:00:00,22.2,88,20.1,24.2,0.0,75,3,14,73,0.01,0.32,0.0,0.0,0.0,0.0,0.0,0
2019-10-28 03:00:00,22.3,87,20.1,24.8,0.0,81,1,13,79,0.0,0.34,0.0,0.0,0.0,0.0,0.0,0
2019-10-28 04:00:00,21.0,92,19.7,23.9,0.0,81,3,8,80,0.0,0.2,0.0,0.0,0.0,0.0,0.0,0
2019-10-28 05:00:00,22.3,87,20.0,26.1,0.0,86,7,15,84,0.0,0.36,0.0,0.0,0.0,0.0,0.0,0
2019-10-28 06:00:00,20.6,92,19.3,23.0,0.0,81,6,12,79,0.0,0.19,0.0,0.0,0.0,0.0,0.0,0
2019-10-28 07:00:00,22.3,87,20.0,24.9,0.0,67,24,9,61,0.04,0.35,103.3,43.4,59.9,216.4,298.3,1
2019-10-28 08:00:00,24.6,79,20.8,27.3,0.0,73,34,12,71,0.15,0.64,270.1,150.8,119.3,472.2,580.0,1
2019-10-28 09:00:00,26.6,70,20.8,28.5,0.0,68,57,1,26,0.3,1.04,468.5,329.3,139.1,650.6,813.1,1
2019-10-28 10:00:00,27.3,66,20.4,29.1,0.1,100,100,2,16,0.35,1.22,494.6,276.1,218.5,423.4,981.8,1
2019-10-28 11:00:00,26.3,75,21.5,28.8,0.1,58,37,7,32,0.34,0.85,517.2,324.0,193.2,433.8,1074.7,1
2019-10-28 12:00:00,26.8,73,21.6,29.9,0.1,67,32,13,50,0.43,0.94,634.1,437.4,196.7,557.5,1085.3,1
2019-10-28 13:00:00,26.5,74,21.5,29.2,0.1,67,44,11,41,0.4,0.89,561.3,381.8,179.4,501.1,1013.0,1
2019-10-28 14:00:00,25.7,76,21.2,28.2,0.1,97,94,9,51,0.28,0.78,353.7,151.7,202.0,222.7,862.6,1
2019-10-28 15:00:00,25.3,76,20.9,28.1,0.0,55,41,6,25,0.22,0.76,264.2,109.6,154.6,200.2,644.5,1
2019-10-28 16:00:00,24.8,76,20.3,27.6,0.1,38,38,23,0,0.16,0.75,164.7,100.5,64.1,271.8,373.4,1
2019-10-28 17:00:00,23.7,79,19.8,26.6,0.0,89,88,43,0,0.06,0.62,18.3,5.8,12.5,31.4,67.9,1
2019-10-28 18:00:00,22.8,83,19.8,25.9,0.0,89,88,51,0,0.03,0.47,0.0,0.0,0.0,0.0,0.0,0
2019-10-28 19:00:00,22.5,85,19.8,25.8,0.1,85,84,49,0,0.0,0.41,0.0,0.0,0.0,0.0,0.0,0
2019-10-28 20:00:00,21.9,91,20.4,25.7,0.1,71,19,11,0,0.0,0.24,0.0,0.0,0.0,0.0,0.0,0
2019-10-28 21:00:00,21.8,91,20.2,25.5,0.0,49,49,6,0,0.0,0.24,0.0,0.0,0.0,0.0,0.0,0
2019-10-28 22:00:00,21.8,90,20.1,25.3,0.0,100,100,5,0,0.0,0.25,0.0,0.0,0.0,0.0,0.0,0
2019-10-28 23:00:00,21.8,90,20.0,25.0,0.0,97,97,4,0,0.0,0.27,0.0,0.0,0.0,0.0,0.0,0
2019-10-29 00:00:00,21.5,92,20.1,25.2,0.0,100,100,2,0,0.0,0.21,0.0,0.0,0.0,0.0,0.0,0
2019-10-29 01:00:00,21.7,91,20.2,25.4,0.0,100,100,3,0,0.0,0.23,0.0,0.0,0.0,0.0,0.0,0
2019-10-29 02:00:00,21.7,88,19.6,24.6,0.0,100,100,7,0,0.0,0.31,0.0,0.0,0.0,0.0,0.0,0
2019-10-29 03:00:00,21.5,89,19.7,24.5,0.0,100,100,17,0,0.0,0.27,0.0,0.0,0.0,0.0,0.0,0
2019-10-29 04:00:00,20.9,90,19.2,24.2,0.0,100,100,31,0,0.0,0.25,0.0,0.0,0.0,0.0,0.0,0
2019-10-29 05:00:00,21.2,87,19.0,24.1,0.0,100,100,36,0,0.0,0.33,0.0,0.0,0.0,0.0,0.0,0
2019-10-29 06:00:00,21.1,88,19.1,24.2,0.1,100,100,37,0,0.0,0.29,0.0,0.0,0.0,0.0,0.0,0
2019-10-29 07:00:00,21.2,87,19.0,24.4,0.2,100,100,67,0,0.02,0.32,25.1,0.0,25.1,0.0,294.9,1
2019-10-29 08:00:00,21.5,87,19.2,24.0,0.2,100,99,70,0,0.05,0.34,64.3,1.3,63.0,4.1,576.3,1
2019-10-29 09:00:00,22.3,81,18.8,23.8,0.1,100,100,77,0,0.13,0.52,178.7,10.4,168.2,20.8,809.2,1
2019-10-29 10:00:00,22.4,79,18.6,24.0,0.1,99,99,89,0,0.13,0.56,171.8,1.1,170.7,1.7,977.7,1
2019-10-29 11:00:00,22.7,77,18.4,23.8,0.1,100,100,82,0,0.19,0.64,261.7,37.4,224.3,50.3,1070.4,1
2019-10-29 12:00:00,22.8,76,18.4,23.5,0.1,100,100,85,0,0.2,0.65,269.6,62.9,206.7,80.6,1080.9,1
2019-10-29 13:00:00,22.7,76,18.3,23.4,0.1,100,100,85,0,0.19,0.66,239.8,15.3,224.5,20.2,1008.6,1
2019-10-29 14:00:00,22.7,76,18.3,23.8,0.1,100,100,87,0,0.17,0.66,196.4,24.7,171.7,36.4,858.2,1
2019-10-29 15:00:00,22.4,78,18.3,23.8,0.1,100,100,86,0,0.13,0.61,133.3,1.7,131.6,3.1,640.2,1
2019-10-29 16:00:00,22.1,78,18.1,23.3,0.0,81,63,77,0,0.1,0.58,74.1,1.5,72.6,4.0,369.3,1
2019-10-29 17:00:00,21.6,82,18.3,23.6,0.0,88,83,79,0,0.05,0.47,12.0,2.0,10.0,11.1,64.0,1
2019-10-29 18:00:00,21.3,85,18.7,23.5,0.1,75,62,70,0,0.03,0.37,0.0,0.0,0.0,0.0,0.0,0
2019-10-29 19:00:00,21.0,88,18.8,23.4,0.1,68,55,61,0,0.0,0.31,0.0,0.0,0.0,0.0,0.0,0
2019-10-29 20:00:00,21.1,86,18.7,23.5,0.1,99,63,64,0,0.0,0.35,0.0,0.0,0.0,0.0,0.0,0
2019-10-29 21:00:00,21.5,86,19.0,23.5,0.1,72,67,45,0,0.01,0.36,0.0,0.0,0.0,0.0,0.0,0
2019-10-29 22:00:00,21.5,86,19.0,23.4,0.1,100,100,28,0,0.01,0.37,0.0,0.0,0.0,0.0,0.0,0
2019-10-29 23:00:00,21.5,87,19.2,23.5,0.1,100,100,24,0,0.01,0.34,0.0,0.0,0.0,0.0,0.0,0
2019-10-30 00:00:00,21.3,88,19.2,23.0,0.1,100,100,82,48,0.01,0.31,0.0,0.0,0.0,0.0,0.0,0
2019-10-30 01:00:00,21.3,87,19.1,23.1,0.2,100,99,98,72,0.01,0.32,0.0,0.0,0.0,0.0,0.0,0
2019-10-30 02:00:00,21.3,87,19.0,23.0,0.3,100,99,97,89,0.01,0.34,0.0,0.0,0.0,0.0,0.0,0
2019-10-30 03:00:00,21.2,86,18.9,22.9,0.2,100,96,76,96,0.01,0.34,0.0,0.0,0.0,0.0,0.0,0
2019-10-30 04:00:00,21.2,86,18.8,22.7,0.1,100,74,91,95,0.01,0.35,0.0,0.0,0.0,0.0,0.0,0
2019-10-30 05:00:00,21.0,85,18.4,22.4,0.1,100,99,91,93,0.01,0.37,0.0,0.0,0.0,0.0,0.0,0
2019-10-30 06:00:00,21.0,84,18.2,22.3,0.2,100,99,94,83,0.01,0.4,0.0,0.0,0.0,0.0,0.0,0
2019-10-30 07:00:00,21.1,85,18.4,22.4,0.3,100,100,98,2,0.04,0.38,27.5,0.0,27.5,0.0,291.5,1
2019-10-30 08:00:00,22.0,81,18.6,23.5,0.2,94,100,54,80,0.07,0.5,56.6,0.0,56.6,0.0,572.6,1
2019-10-30 09:00:00,23.1,78,19.0,24.4,0.0,99,94,17,78,0.13,0.62,164.9,4.6,160.2,9.3,805.2,1
2019-10-30 10:00:00,23.4,75,18.8,24.0,0.0,100,100,11,83,0.17,0.71,207.7,16.3,191.4,25.3,973.5,1
2019-10-30 11:00:00,23.8,75,19.0,24.4,0.0,100,100,7,17,0.19,0.75,223.3,9.3,214.0,12.6,1066.1,1
2019-10-30 12:00:00,23.9,75,19.2,24.3,0.1,96,96,12,1,0.2,0.75,232.6,0.0,232.6,0.0,1076.5,1
2019-10-30 13:00:00,24.2,73,19.1,24.1,0.0,88,87,22,0,0.26,0.81,325.1,42.2,282.9,55.9,1004.1,1
2019-10-30 14:00:00,23.3,79,19.5,23.8,0.1,99,97,20,51,0.16,0.59,178.1,6.4,171.7,9.5,853.8,1
2019-10-30 15:00:00,23.0,81,19.6,23.7,0.1,74,63,30,52,0.14,0.53,149.3,28.0,121.3,51.8,635.9,1
2019-10-30 16:00:00,22.4,85,19.7,23.6,0.2,94,72,30,80,0.08,0.41,52.9,0.0,52.9,0.0,365.2,1
2019-10-30 17:00:00,22.0,87,19.8,23.7,0.2,97,70,15,91,0.05,0.34,8.1,0.6,7.6,3.0,60.2,1
2019-10-30 18:00:00,21.8,88,19.6,23.1,0.1,98,2,14,98,0.04,0.32,0.0,0.0,0.0,0.0,0.0,0
2019-10-30 19:00:00,21.8,88,19.6,23.1,0.1,98,69,24,94,0.02,0.32,0.0,0.0,0.0,0.0,0.0,0
2019-10-30 20:00:00,22.6,84,19.8,24.0,0.1,95,100,29,70,0.03,0.44,0.0,0.0,0.0,0.0,0.0,0
2019-10-30 21:00:00,22.8,83,19.8,24.2,0.1,100,100,29,89,0.03,0.47,0.0,0.0,0.0,0.0,0.0,0
2019-10-30 22:00:00,23.0,83,20.0,24.5,0.1,100,100,16,83,0.03,0.46,0.0,0.0,0.0,0.0,0.0,0
2019-10-30 23:00:00,22.9,84,20.0,24.2,0.2,100,100,15,90,0.03,0.45,0.0,0.0,0.0,0.0,0.0,0
2019-10-31 00:00:00,22.8,85,20.1,24.0,0.1,100,98,14,89,0.03,0.42,0.0,0.0,0.0,0.0,0.0,0
2019-10-31 01:00:00,22.7,86,20.1,23.9,0.0,99,83,13,95,0.03,0.4,0.0,0.0,0.0,0.0,0.0,0
2019-10-31 02:00:00,22.8,86,20.3,24.2,0.0,97,40,8,96,0.03,0.39,0.0,0.0,0.0,0.0,0.0,0
2019-10-31 03:00:00,22.7,87,20.4,24.2,0.0,97,45,7,95,0.02,0.36,0.0,0.0,0.0,0.0,0.0,0
2019-10-31 04:00:00,22.6,88,20.4,24.0,0.0,98,1,4,98,0.02,0.34,0.0,0.0,0.0,0.0,0.0,0
2019-10-31 05:00:00,22.6,87,20.3,23.8,0.1,99,13,4,99,0.02,0.35,0.0,0.0,0.0,0.0,0.0,0
2019-10-31 06:00:00,22.7,86,20.3,23.9,0.1,91,88,6,41,0.03,0.39,0.0,0.0,0.0,0.0,0.0,0
2019-10-31 07:00:00,23.3,84,20.4,24.5,0.1,100,71,51,100,0.06,0.46,68.0,19.1,48.9,94.5,288.1,1
2019-10-31 08:00:00,23.4,88,21.2,25.0,0.1,87,28,19,60,0.09,0.35,151.6,29.0,122.6,93.2,568.9,1
2019-10-31 09:00:00,24.1,84,21.2,25.1,0.2,94,87,40,72,0.15,0.49,238.1,63.9,174.3,128.5,801.2,1
2019-10-31 10:00:00,24.0,85,21.3,25.4,0.2,99,98,81,67,0.15,0.46,206.7,12.0,194.7,18.6,969.3,1
2019-10-31 11:00:00,23.9,86,21.4,25.6,0.3,100,99,86,85,0.13,0.42,164.1,0.0,164.1,0.0,1061.7,1
2019-10-31 12:00:00,24.2,85,21.4,25.6,0.2,100,100,93,98,0.17,0.46,224.6,6.0,218.7,7.7,1072.1,1
2019-10-31 13:00:00,24.2,85,21.4,25.9,0.2,100,99,100,93,0.14,0.46,165.9,1.9,164.0,2.6,999.7,1
2019-10-31 14:00:00,23.8,87,21.5,25.8,0.4,100,100,100,94,0.1,0.39,103.1,0.0,103.1,0.0,849.5,1
2019-10-31 15:00:00,23.5,88,21.4,25.4,0.4,100,100,100,96,0.08,0.36,61.0,0.8,60.2,1.6,631.7,1
2019-10-31 16:00:00,23.1,89,21.2,25.0,0.5,100,100,100,99,0.06,0.32,31.1,0.0,31.1,0.0,361.2,1
2019-10-31 17:00:00,22.9,90,21.1,24.7,0.3,91,0,5,90,0.05,0.29,10.7,2.7,8.0,14.5,56.4,1
2019-10-31 18:00:00,22.8,89,21.0,24.7,0.2,100,100,4,76,0.04,0.3,0.0,0.0,0.0,0.0,0.0,0
2019-10-31 19:00:00,22.8,90,21.0,24.7,0.2,100,100,3,34,0.01,0.28,0.0,0.0,0.0,0.0,0.0,0
2019-10-31 20:00:00,22.9,90,21.2,24.7,0.1,100,1,3,70,0.02,0.28,0.0,0.0,0.0,0.0,0.0,0
2019-10-31 21:00:00,23.0,89,21.1,24.5,0.1,91,85,18,73,0.02,0.31,0.0,0.0,0.0,0.0,0.0,0
2019-10-31 22:00:00,23.0,89,21.0,24.4,0.1,100,100,22,67,0.02,0.31,0.0,0.0,0.0,0.0,0.0,0
2019-10-31 23:00:00,22.9,88,20.8,24.2,0.1,100,100,5,91,0.02,0.33,0.0,0.0,0.0,0.0,0.0,0
2019-11-01 00:00:00,22.8,88,20.8,24.2,0.1,100,99,2,97,0.02,0.33,0.0,0.0,0.0,0.0,0.0,0
2019-11-01 01:00:00,22.9,88,20.8,24.2,0.1,100,99,1,92,0.02,0.34,0.0,0.0,0.0,0.0,0.0,0
2019-11-01 02:00:00,22.8,88,20.7,24.0,0.0,100,99,1,77,0.02,0.33,0.0,0.0,0.0,0.0,0.0,0
2019-11-01 03:00:00,23.0,87,20.7,24.3,0.0,99,98,2,33,0.02,0.37,0.0,0.0,0.0,0.0,0.0,0
2019-11-01 04:00:00,23.0,87,20.7,24.4,0.0,100,99,1,54,0.02,0.37,0.0,0.0,0.0,0.0,0.0,0
2019-11-01 05:00:00,23.0,86,20.6,24.6,0.0,100,100,1,96,0.02,0.38,0.0,0.0,0.0,0.0,0.0,0
2019-11-01 06:00:00,22.9,86,20.5,24.4,0.0,100,100,1,75,0.02,0.39,0.0,0.0,0.0,0.0,0.0,0
2019-11-01 07:00:00,23.1,85,20.4,24.5,0.0,98,93,1,66,0.06,0.44,29.8,0.0,29.8,0.0,284.5,1
2019-11-01 08:00:00,24.0,80,20.3,25.3,0.0,93,44,7,48,0.11,0.61,145.2,11.9,133.3,38.5,565.1,1
2019-11-01 09:00:00,24.8,75,20.1,25.7,0.0,95,46,5,90,0.23,0.79,351.1,205.7,145.3,416.5,797.2,1
2019-11-01 10:00:00,25.2,71,19.5,25.6,0.0,91,41,1,86,0.29,0.93,426.5,203.5,223.1,318.5,965.1,1
2019-11-01 11:00:00,25.3,69,19.2,25.4,0.0,74,53,1,46,0.33,0.99,474.8,213.0,261.8,290.5,1057.3,1
2019-11-01 12:00:00,25.6,68,19.2,25.5,0.0,75,70,1,18,0.39,1.06,564.1,309.5,254.6,401.9,1067.6,1
2019-11-01 13:00:00,25.1,69,18.9,24.9,0.0,89,86,0,27,0.32,1.0,419.0,168.7,250.2,225.7,995.3,1
2019-11-01 14:00:00,25.1,67,18.5,24.8,0.0,68,60,3,20,0.32,1.05,378.7,133.2,245.5,199.7,845.2,1
2019-11-01 15:00:00,24.7,68,18.5,24.6,0.0,84,63,4,59,0.25,0.98,257.3,96.5,160.8,180.7,627.6,1
2019-11-01 16:00:00,24.0,71,18.4,24.0,0.0,58,55,1,6,0.19,0.87,162.8,74.9,87.9,209.7,357.3,1
2019-11-01 17:00:00,23.1,73,18.1,23.2,0.0,81,26,1,74,0.1,0.75,18.9,6.6,12.2,35.8,52.8,1
2019-11-01 18:00:00,22.5,75,17.8,22.8,0.0,75,16,0,71,0.08,0.7,0.0,0.0,0.0,0.0,0.0,0
2019-11-01 19:00:00,22.3,76,17.8,22.5,0.0,73,10,1,70,0.05,0.65,0.0,0.0,0.0,0.0,0.0,0
2019-11-01 20:00:00,23.1,74,18.2,23.3,0.0,76,14,1,81,0.06,0.74,0.0,0.0,0.0,0.0,0.0,0
2019-11-01 21:00:00,22.8,76,18.2,22.9,0.0,83,8,0,81,0.06,0.68,0.0,0.0,0.0,0.0,0.0,0
2019-11-01 22:00:00,22.6,76,18.3,22.7,0.0,85,6,0,84,0.06,0.65,0.0,0.0,0.0,0.0,0.0,0
2019-11-01 23:00:00,22.6,76,18.2,22.8,0.0,89,7,0,88,0.06,0.66,0.0,0.0,0.0,0.0,0.0,0
2019-11-02 00:00:00,22.6,76,18.1,22.8,0.0,85,4,0,85,0.06,0.67,0.0,0.0,0.0,0.0,0.0,0
2019-11-02 01:00:00,22.6,75,17.9,22.8,0.0,70,3,0,70,0.06,0.69,0.0,0.0,0.0,0.0,0.0,0
2019-11-02 02:00:00,22.4,75,17.7,22.7,0.0,3,3,1,0,0.05,0.68,0.0,0.0,0.0,0.0,0.0,0
2019-11-02 03:00:00,22.2,76,17.7,22.8,0.0,52,5,1,49,0.04,0.65,0.0,0.0,0.0,0.0,0.0,0
2019-11-02 04:00:00,22.2,76,17.8,22.9,0.0,36,16,0,24,0.04,0.63,0.0,0.0,0.0,0.0,0.0,0
2019-11-02 05:00:00,22.1,77,17.8,22.9,0.0,77,31,1,67,0.04,0.62,0.0,0.0,0.0,0.0,0.0,0
2019-11-02 06:00:00,22.1,76,17.7,22.8,0.0,83,24,1,77,0.04,0.63,0.0,0.0,0.0,0.0,0.0,0
2019-11-02 07:00:00,23.0,74,18.1,23.7,0.0,93,49,2,87,0.08,0.74,98.0,42.6,55.4,212.6,281.0,1
2019-11-02 08:00:00,24.6,69,18.6,25.3,0.0,82,26,2,92,0.18,0.94,269.8,142.8,127.0,467.6,561.2,1
2019-11-02 09:00:00,25.4,66,18.6,25.3,0.0,98,94,1,76,0.28,1.11,416.4,235.0,181.5,478.7,793.1,1
2019-11-02 10:00:00,25.5,66,18.7,25.6,0.0,88,87,4,6,0.28,1.11,364.6,103.4,261.2,162.7,960.8,1
2019-11-02 11:00:00,25.5,65,18.5,25.5,0.0,95,94,4,15,0.29,1.14,340.8,66.5,274.3,91.1,1053.0,1
2019-11-02 12:00:00,25.9,63,18.3,25.9,0.0,100,100,2,52,0.31,1.23,366.4,57.9,308.5,75.5,1063.2,1
2019-11-02 13:00:00,26.1,62,18.2,26.1,0.0,99,98,1,44,0.32,1.3,349.9,102.6,247.3,137.8,990.9,1
2019-11-02 14:00:00,26.1,62,18.3,26.2,0.0,100,100,1,3,0.32,1.28,343.9,99.4,244.4,149.8,840.9,1
2019-11-02 15:00:00,25.0,66,18.3,25.3,0.0,100,100,1,39,0.21,1.07,177.6,27.1,150.5,51.0,623.5,1
2019-11-02 16:00:00,25.0,65,18.0,25.5,0.0,70,30,1,58,0.18,1.11,114.9,14.4,100.6,40.6,353.4,1
2019-11-02 17:00:00,24.0,70,18.2,24.9,0.0,57,13,1,51,0.1,0.89,16.7,6.3,10.4,34.0,49.2,1
2019-11-02 18:00:00,23.2,76,18.7,24.5,0.0,57,34,1,37,0.06,0.68,0.0,0.0,0.0,0.0,0.0,0
2019-11-02 19:00:00,23.3,75,18.7,24.4,0.0,36,36,1,0,0.04,0.7,0.0,0.0,0.0,0.0,0.0,0
2019-11-02 20:00:00,23.1,80,19.5,24.6,0.0,34,14,0,51,0.03,0.56,0.0,0.0,0.0,0.0,0.0,0
2019-11-02 21:00:00,23.1,80,19.5,24.6,0.0,75,12,1,72,0.03,0.56,0.0,0.0,0.0,0.0,0.0,0
2019-11-02 22:00:00,23.0,81,19.5,24.5,0.0,69,9,1,66,0.03,0.54,0.0,0.0,0.0,0.0,0.0,0
2019-11-02 23:00:00,22.8,80,19.1,24.2,0.0,45,9,0,40,0.03,0.56,0.0,0.0,0.0,0.0,0.0,0
2019-11-03 00:00:00,22.5,80,19.0,23.9,0.0,33,20,0,23,0.03,0.54,0.0,0.0,0.0,0.0,0.0,0
2019-11-03 01:00:00,22.4,81,18.9,23.7,0.0,24,24,0,1,0.03,0.52,0.0,0.0,0.0,0.0,0.0,0
2019-11-03 02:00:00,22.6,79,18.7,23.9,0.0,88,88,1,1,0.03,0.58,0.0,0.0,0.0,0.0,0.0,0
2019-11-03 03:00:00,22.8,77,18.6,24.0,0.0,96,96,1,0,0.04,0.63,0.0,0.0,0.0,0.0,0.0,0
2019-11-03 04:00:00,22.7,79,18.8,24.0,0.0,97,97,2,0,0.03,0.59,0.0,0.0,0.0,0.0,0.0,0
2019-11-03 05:00:00,22.6,81,19.1,24.2,0.0,99,99,2,0,0.03,0.53,0.0,0.0,0.0,0.0,0.0,0
2019-11-03 06:00:00,22.9,80,19.3,24.7,0.0,100,100,3,0,0.02,0.55,0.0,0.0,0.0,0.0,0.0,0
2019-11-03 07:00:00,23.1,81,19.7,24.9,0.0,100,100,2,0,0.05,0.53,36.3,0.0,36.3,0.0,277.4,1
2019-11-03 08:00:00,23.8,79,19.9,25.7,0.0,100,94,2,0,0.09,0.62,91.4,10.6,80.8,35.0,557.4,1
2019-11-03 09:00:00,23.8,77,19.5,25.1,0.0,82,82,6,0,0.12,0.67,132.7,0.0,132.7,0.0,789.0,1
2019-11-03 10:00:00,24.1,74,19.1,25.1,0.0,90,90,7,0,0.17,0.79,194.9,10.9,184.0,17.2,956.6,1
2019-11-03 11:00:00,24.1,73,18.9,24.8,0.0,98,97,9,40,0.18,0.82,202.6,7.3,195.4,10.0,1048.6,1
2019-11-03 12:00:00,24.8,70,18.8,25.3,0.0,98,97,6,34,0.26,0.95,311.5,45.9,265.6,60.2,1058.8,1
2019-11-03 13:00:00,24.3,72,18.9,25.0,0.0,97,97,3,0,0.21,0.86,218.5,18.2,200.3,24.6,986.5,1
2019-11-03 14:00:00,24.3,72,19.0,25.1,0.0,96,96,3,0,0.18,0.84,173.2,2.7,170.5,4.1,836.7,1
2019-11-03 15:00:00,24.2,74,19.2,25.4,0.0,99,99,1,0,0.16,0.79,148.7,9.3,139.4,17.6,619.5,1
2019-11-03 16:00:00,23.9,75,19.1,25.6,0.0,98,97,0,7,0.11,0.75,71.6,3.6,68.1,10.2,349.7,1
2019-11-03 17:00:00,23.1,78,19.1,25.0,0.0,100,100,0,30,0.06,0.61,5.5,0.0,5.5,0.0,45.7,1
2019-11-03 18:00:00,22.7,80,19.1,24.3,0.1,100,100,12,41,0.05,0.56,0.0,0.0,0.0,0.0,0.0,0
2019-11-03 19:00:00,22.6,81,19.1,24.3,0.1,98,98,37,3,0.02,0.53,0.0,0.0,0.0,0.0,0.0,0
2019-11-03 20:00:00,22.5,77,18.3,24.1,0.1,100,97,47,57,0.02,0.62,0.0,0.0,0.0,0.0,0.0,0
2019-11-03 21:00:00,22.4,78,18.3,23.5,0.0,98,94,43,67,0.03,0.61,0.0,0.0,0.0,0.0,0.0,0
2019-11-03 22:00:00,22.2,76,17.8,23.0,0.0,99,97,65,57,0.04,0.64,0.0,0.0,0.0,0.0,0.0,0
2019-11-03 23:00:00,22.1,73,17.1,22.9,0.0,100,100,61,63,0.04,0.72,0.0,0.0,0.0,0.0,0.0,0
2019-11-04 00:00:00,22.1,73,17.0,23.1,0.0,100,99,46,80,0.03,0.72,0.0,0.0,0.0,0.0,0.0,0
2019-11-04 01:00:00,22.2,72,16.9,23.1,0.0,100,100,58,87,0.03,0.75,0.0,0.0,0.0,0.0,0.0,0
2019-11-04 02:00:00,22.1,71,16.7,23.1,0.0,100,100,89,79,0.03,0.77,0.0,0.0,0.0,0.0,0.0,0
2019-11-04 03:00:00,21.9,70,16.3,22.9,0.0,100,100,100,78,0.03,0.78,0.0,0.0,0.0,0.0,0.0,0
2019-11-04 04:00:00,21.7,73,16.7,23.1,0.0,100,100,100,70,0.02,0.7,0.0,0.0,0.0,0.0,0.0,0
2019-11-04 05:00:00,21.6,73,16.6,23.2,0.0,100,95,99,96,0.01,0.69,0.0,0.0,0.0,0.0,0.0,0
2019-11-04 06:00:00,21.7,72,16.4,23.1,0.0,100,98,100,98,0.01,0.72,0.0,0.0,0.0,0.0,0.0,0
2019-11-04 07:00:00,22.0,75,17.3,23.4,0.0,100,23,100,88,0.05,0.66,27.8,0.0,27.8,0.0,273.8,1
2019-11-04 08:00:00,22.9,75,18.2,24.6,0.1,99,48,43,93,0.08,0.71,81.0,6.6,74.4,22.1,553.5,1
2019-11-04 09:00:00,23.3,73,18.1,24.3,0.0,80,64,31,59,0.16,0.79,213.2,33.8,179.4,69.7,784.9,1
2019-11-04 10:00:00,23.6,70,17.8,23.6,0.0,77,68,38,28,0.25,0.88,355.0,150.3,204.7,239.0,952.3,1
2019-11-04 11:00:00,24.0,67,17.5,23.8,0.0,74,53,60,31,0.32,0.98,477.0,227.6,249.4,315.0,1044.2,1
2019-11-04 12:00:00,23.6,67,17.2,23.4,0.0,95,93,62,26,0.3,0.95,416.3,204.7,211.7,269.5,1054.4,1
2019-11-04 13:00:00,22.9,69,17.0,22.7,0.0,91,81,78,62,0.21,0.86,237.7,35.5,202.2,48.1,982.2,1
2019-11-04 14:00:00,23.2,66,16.6,22.7,0.0,89,59,58,80,0.25,0.96,282.6,97.5,185.0,148.5,832.5,1
2019-11-04 15:00:00,22.8,68,16.6,22.3,0.0,83,73,56,42,0.19,0.89,173.1,33.8,139.3,64.4,615.5,1
2019-11-04 16:00:00,22.4,70,16.6,22.9,0.0,58,34,51,17,0.12,0.81,72.2,18.6,53.6,53.3,346.0,1
2019-11-04 17:00:00,22.0,69,16.1,22.6,0.0,99,99,42,1,0.08,0.82,10.8,3.9,6.9,21.0,42.3,1
2019-11-04 18:00:00,21.9,68,15.8,22.2,0.0,70,56,55,37,0.07,0.84,0.0,0.0,0.0,0.0,0.0,0
2019-11-04 19:00:00,21.5,72,16.3,22.0,0.0,99,99,53,51,0.04,0.71,0.0,0.0,0.0,0.0,0.0,0
2019-11-04 20:00:00,21.8,77,17.5,23.0,0.1,99,42,58,99,0.02,0.61,0.0,0.0,0.0,0.0,0.0,0
2019-11-04 21:00:00,21.7,79,17.9,22.8,0.0,98,26,52,96,0.03,0.54,0.0,0.0,0.0,0.0,0.0,0
2019-11-04 22:00:00,21.6,78,17.6,22.8,0.1,97,35,59,94,0.02,0.56,0.0,0.0,0.0,0.0,0.0,0
2019-11-04 23:00:00,21.4,79,17.7,22.9,0.1,100,80,99,96,0.01,0.52,0.0,0.0,0.0,0.0,0.0,0
2019-11-05 00:00:00,21.4,79,17.6,22.4,0.1,100,70,100,72,0.03,0.54,0.0,0.0,0.0,0.0,0.0,0
2019-11-05 01:00:00,21.1,82,17.9,22.1,0.1,100,57,100,74,0.02,0.44,0.0,0.0,0.0,0.0,0.0,0
2019-11-05 02:00:00,20.9,84,18.0,21.7,0.2,100,65,100,37,0.02,0.41,0.0,0.0,0.0,0.0,0.0,0
2019-11-05 03:00:00,20.8,83,17.8,21.2,0.1,100,1,100,66,0.03,0.42,0.0,0.0,0.0,0.0,0.0,0
2019-11-05 04:00:00,20.9,82,17.7,21.2,0.1,100,65,100,79,0.03,0.45,0.0,0.0,0.0,0.0,0.0,0
2019-11-05 05:00:00,20.9,81,17.5,21.3,0.1,100,66,100,7,0.03,0.47,0.0,0.0,0.0,0.0,0.0,0
2019-11-05 06:00:00,20.8,81,17.5,21.3,0.1,100,60,100,0,0.03,0.46,0.0,0.0,0.0,0.0,0.0,0
2019-11-05 07:00:00,20.9,81,17.5,21.2,0.1,100,75,100,19,0.06,0.47,23.5,2.1,21.4,10.8,270.2,1
2019-11-05 08:00:00,22.0,76,17.5,22.8,0.1,98,25,100,0,0.09,0.64,89.1,0.0,89.1,0.0,549.6,1
2019-11-05 09:00:00,22.1,74,17.3,22.3,0.1,98,18,98,3,0.13,0.69,128.2,0.0,128.2,0.0,780.8,1
2019-11-05 10:00:00,22.2,73,17.2,22.3,0.0,95,4,95,0,0.14,0.72,147.1,0.0,147.1,0.0,948.0,1
2019-11-05 11:00:00,23.2,67,16.7,22.0,0.0,94,17,93,0,0.29,0.94,413.7,119.5,294.1,166.2,1039.8,1
2019-11-05 12:00:00,23.1,67,16.6,21.8,0.0,100,58,100,0,0.28,0.93,363.4,79.9,283.5,105.6,1050.1,1
2019-11-05 13:00:00,22.6,68,16.5,21.7,0.0,100,49,100,0,0.24,0.86,281.7,29.7,252.0,40.5,977.9,1
2019-11-05 14:00:00,22.3,69,16.3,21.1,0.0,95,25,95,0,0.19,0.84,176.8,0.9,175.9,1.4,828.4,1
2019-11-05 15:00:00,22.1,69,16.2,21.2,0.0,89,1,89,0,0.19,0.81,169.6,19.4,150.2,37.2,611.6,1
2019-11-05 16:00:00,21.8,71,16.3,21.5,0.0,70,66,54,0,0.16,0.76,137.5,43.5,94.0,125.8,342.4,1
2019-11-05 17:00:00,21.4,71,15.9,21.0,0.0,97,97,82,0,0.09,0.74,10.1,2.2,7.9,12.0,39.0,1
2019-11-05 18:00:00,21.4,68,15.3,20.7,0.0,98,98,89,0,0.09,0.82,0.0,0.0,0.0,0.0,0.0,0
2019-11-05 19:00:00,21.3,68,15.2,20.5,0.0,100,100,70,0,0.07,0.81,0.0,0.0,0.0,0.0,0.0,0
2019-11-05 20:00:00,21.8,67,15.3,21.2,0.0,99,99,46,0,0.07,0.87,0.0,0.0,0.0,0.0,0.0,0
2019-11-05 21:00:00,21.9,66,15.3,21.2,0.0,82,81,56,0,0.07,0.88,0.0,0.0,0.0,0.0,0.0,0
2019-11-05 22:00:00,21.2,71,15.8,20.8,0.0,91,90,72,0,0.06,0.72,0.0,0.0,0.0,0.0,0.0,0
2019-11-05 23:00:00,21.1,72,15.9,20.9,0.0,95,95,86,0,0.05,0.69,0.0,0.0,0.0,0.0,0.0,0
2019-11-06 00:00:00,21.0,73,16.0,21.0,0.0,98,98,75,0,0.05,0.67,0.0,0.0,0.0,0.0,0.0,0
2019-11-06 01:00:00,20.7,75,16.1,20.6,0.0,88,87,73,0,0.04,0.61,0.0,0.0,0.0,0.0,0.0,0
2019-11-06 02:00:00,20.6,75,16.1,20.6,0.0,84,83,66,0,0.04,0.6,0.0,0.0,0.0,0.0,0.0,0
2019-11-06 03:00:00,20.5,76,16.1,20.6,0.0,91,90,75,0,0.03,0.58,0.0,0.0,0.0,0.0,0.0,0
2019-11-06 04:00:00,20.4,76,16.1,20.6,0.0,90,89,72,0,0.03,0.57,0.0,0.0,0.0,0.0,0.0,0
2019-11-06 05:00:00,20.5,76,16.1,20.7,0.0,97,96,73,0,0.03,0.59,0.0,0.0,0.0,0.0,0.0,0
2019-11-06 06:00:00,20.6,74,15.9,20.5,0.0,94,93,69,0,0.04,0.62,0.0,0.0,0.0,0.0,0.0,0
2019-11-06 07:00:00,20.8,75,16.2,21.0,0.0,85,84,68,0,0.07,0.62,44.9,4.3,40.7,21.8,266.5,1
2019-11-06 08:00:00,22.9,67,16.6,23.2,0.0,90,56,11,0,0.12,0.91,118.7,16.0,102.7,54.4,545.6,1
2019-11-06 09:00:00,24.0,60,15.8,22.9,0.0,87,87,7,0,0.28,1.19,405.9,246.1,159.8,514.5,776.6,1
2019-11-06 10:00:00,24.3,59,15.8,23.3,0.0,100,100,1,0,0.31,1.24,418.5,162.4,256.1,261.0,943.7,1
2019-11-06 11:00:00,24.7,58,15.8,23.7,0.0,100,100,1,0,0.33,1.33,414.8,110.2,304.6,154.0,1035.5,1
2019-11-06 12:00:00,24.2,62,16.4,23.6,0.0,95,95,1,0,0.27,1.15,289.5,25.0,264.6,33.2,1045.7,1
2019-11-06 13:00:00,24.5,60,16.3,23.7,0.0,96,96,1,0,0.31,1.21,356.4,62.3,294.1,85.3,973.7,1
2019-11-06 14:00:00,23.9,63,16.4,23.3,0.0,96,96,1,0,0.24,1.11,226.8,15.5,211.3,23.8,824.4,1
2019-11-06 15:00:00,23.4,66,16.7,23.0,0.0,93,93,1,0,0.19,0.98,152.6,27.8,124.8,53.7,607.8,1
2019-11-06 16:00:00,23.1,68,16.9,22.9,0.0,82,82,0,0,0.16,0.91,113.7,24.9,88.8,72.6,338.9,1
2019-11-06 17:00:00,22.2,72,16.8,22.5,0.0,32,32,1,0,0.09,0.76,13.5,6.1,7.4,32.6,35.9,1
2019-11-06 18:00:00,21.7,75,17.0,22.3,0.0,82,82,1,0,0.06,0.66,0.0,0.0,0.0,0.0,0.0,0
2019-11-06 19:00:00,21.5,76,17.1,22.4,0.0,76,76,0,0,0.03,0.61,0.0,0.0,0.0,0.0,0.0,0
2019-11-06 20:00:00,21.8,76,17.3,23.0,0.0,94,93,6,0,0.02,0.64,0.0,0.0,0.0,0.0,0.0,0
2019-11-06 21:00:00,22.0,74,17.2,23.2,0.0,79,79,12,0,0.03,0.68,0.0,0.0,0.0,0.0,0.0,0
2019-11-06 22:00:00,21.4,76,17.1,22.8,0.0,50,49,10,0,0.02,0.61,0.0,0.0,0.0,0.0,0.0,0
2019-11-06 23:00:00,20.8,78,16.9,22.3,0.0,43,43,7,0,0.01,0.53,0.0,0.0,0.0,0.0,0.0,0
2019-11-07 00:00:00,20.1,81,16.8,21.7,0.0,15,15,3,0,0.0,0.45,0.0,0.0,0.0,0.0,0.0,0
2019-11-07 01:00:00,20.2,81,16.8,21.7,0.0,65,65,2,0,0.0,0.45,0.0,0.0,0.0,0.0,0.0,0
2019-11-07 02:00:00,20.4,81,17.0,22.0,0.0,93,93,0,0,0.0,0.45,0.0,0.0,0.0,0.0,0.0,0
2019-11-07 03:00:00,20.5,82,17.3,22.1,0.0,92,92,0,0,0.0,0.44,0.0,0.0,0.0,0.0,0.0,0
2019-11-07 04:00:00,20.9,80,17.2,22.5,0.0,79,79,0,0,0.01,0.5,0.0,0.0,0.0,0.0,0.0,0
2019-11-07 05:00:00,20.9,78,17.0,22.4,0.0,66,50,0,32,0.01,0.53,0.0,0.0,0.0,0.0,0.0,0
2019-11-07 06:00:00,20.2,80,16.7,21.6,0.0,56,51,1,9,0.01,0.47,0.0,0.0,0.0,0.0,0.0,0
2019-11-07 07:00:00,21.8,74,16.9,23.1,0.0,95,93,12,31,0.05,0.68,75.0,30.0,45.0,153.7,262.8,1
2019-11-07 08:00:00,24.0,69,17.9,25.4,0.0,100,70,15,79,0.12,0.93,167.0,58.8,108.2,201.9,541.7,1
2019-11-07 09:00:00,24.6,66,17.7,24.7,0.0,82,17,30,75,0.25,1.06,354.9,198.5,156.4,417.6,772.5,1
2019-11-07 10:00:00,25.1,63,17.4,25.1,0.0,62,18,23,53,0.34,1.19,496.0,334.7,161.3,540.8,939.4,1
2019-11-07 11:00:00,25.5,59,17.0,25.3,0.0,47,29,32,17,0.39,1.33,534.4,366.0,168.4,513.8,1031.2,1
2019-11-07 12:00:00,25.1,62,17.4,24.8,0.0,71,15,28,58,0.39,1.2,535.1,347.4,187.7,463.8,1041.4,1
2019-11-07 13:00:00,23.8,70,18.0,23.5,0.0,44,41,21,0,0.35,0.88,507.7,322.8,184.9,444.2,969.6,1
2019-11-07 14:00:00,24.0,70,18.2,23.7,0.3,51,27,47,0,0.33,0.89,451.6,314.1,137.5,485.6,820.4,1
2019-11-07 15:00:00,23.2,71,17.6,22.8,0.0,73,22,50,43,0.22,0.84,230.0,122.1,107.8,237.2,604.2,1
2019-11-07 16:00:00,22.5,73,17.3,22.3,0.1,82,22,48,65,0.15,0.74,121.9,73.0,48.9,214.8,335.5,1
2019-11-07 17:00:00,21.4,78,17.4,21.7,0.1,77,32,38,62,0.08,0.57,9.2,4.1,5.1,21.8,32.8,1
2019-11-07 18:00:00,21.3,77,17.0,21.5,0.1,38,31,35,0,0.06,0.59,0.0,0.0,0.0,0.0,0.0,0
2019-11-07 19:00:00,21.1,75,16.6,21.2,0.1,42,25,42,0,0.04,0.61,0.0,0.0,0.0,0.0,0.0,0
2019-11-07 20:00:00,20.8,75,16.3,21.3,0.0,66,24,47,0,0.03,0.6,0.0,0.0,0.0,0.0,0.0,0
2019-11-07 21:00:00,20.5,78,16.6,20.9,0.1,71,51,70,0,0.03,0.52,0.0,0.0,0.0,0.0,0.0,0
2019-11-07 22:00:00,20.5,79,16.7,20.7,0.1,95,64,94,2,0.03,0.51,0.0,0.0,0.0,0.0,0.0,0
2019-11-07 23:00:00,20.4,77,16.2,20.9,0.0,89,0,88,0,0.03,0.56,0.0,0.0,0.0,0.0,0.0,0
2019-11-08 00:00:00,20.3,76,15.9,21.1,0.0,100,1,100,0,0.02,0.57,0.0,0.0,0.0,0.0,0.0,0
2019-11-08 01:00:00,20.1,77,16.0,21.0,0.0,97,7,96,0,0.01,0.53,0.0,0.0,0.0,0.0,0.0,0
2019-11-08 02:00:00,19.8,79,16.1,21.1,0.0,100,36,100,0,0.0,0.47,0.0,0.0,0.0,0.0,0.0,0
2019-11-08 03:00:00,19.8,78,15.9,21.0,0.0,80,21,79,0,0.0,0.5,0.0,0.0,0.0,0.0,0.0,0
2019-11-08 04:00:00,19.3,81,16.0,20.5,0.1,100,89,100,0,0.0,0.41,0.0,0.0,0.0,0.0,0.0,0
2019-11-08 05:00:00,19.6,81,16.3,20.7,0.1,100,33,100,0,0.01,0.43,0.0,0.0,0.0,0.0,0.0,0
2019-11-08 06:00:00,19.6,82,16.4,20.8,0.1,100,40,100,0,0.0,0.42,0.0,0.0,0.0,0.0,0.0,0
2019-11-08 07:00:00,19.9,81,16.6,20.9,0.2,89,46,88,0,0.04,0.43,42.9,6.4,36.5,33.2,259.1,1
2019-11-08 08:00:00,21.7,73,16.6,22.4,0.1,62,22,40,0,0.1,0.71,135.2,45.5,89.7,157.9,537.7,1
2019-11-08 09:00:00,22.8,63,15.5,22.4,0.1,47,22,43,0,0.23,1.02,351.6,220.8,130.8,467.8,768.3,1
2019-11-08 10:00:00,23.4,60,15.1,22.4,0.0,42,14,39,0,0.32,1.16,465.7,317.3,148.3,515.6,935.2,1
2019-11-08 11:00:00,23.9,57,15.0,22.9,0.0,42,14,39,0,0.38,1.26,561.5,387.9,173.7,547.2,1026.9,1
2019-11-08 12:00:00,24.1,58,15.2,23.1,0.0,37,13,33,0,0.4,1.27,569.1,393.4,175.7,527.6,1037.2,1
2019-11-08 13:00:00,23.2,62,15.4,22.4,0.0,35,26,33,0,0.38,1.09,538.3,382.2,156.1,528.3,965.5,1
2019-11-08 14:00:00,22.1,69,16.0,21.6,0.1,43,32,34,0,0.32,0.84,457.0,324.1,132.9,503.4,816.5,1
2019-11-08 15:00:00,21.5,78,17.5,22.1,0.2,58,29,55,0,0.22,0.57,292.1,195.3,96.8,381.3,600.6,1
2019-11-08 16:00:00,20.5,79,16.7,20.5,0.3,49,25,46,0,0.11,0.5,100.4,43.1,57.3,127.9,332.3,1
2019-11-08 17:00:00,19.9,82,16.7,20.3,0.1,41,15,40,0,0.06,0.42,9.5,4.4,5.1,23.7,29.9,1
2019-11-08 18:00:00,19.3,85,16.6,20.1,0.1,47,32,44,0,0.03,0.34,0.0,0.0,0.0,0.0,0.0,0
2019-11-08 19:00:00,19.5,83,16.5,20.3,0.1,43,28,41,0,0.01,0.39,0.0,0.0,0.0,0.0,0.0,0
2019-11-08 20:00:00,19.3,84,16.6,20.0,0.1,47,13,38,66,0.01,0.35,0.0,0.0,0.0,0.0,0.0,0
2019-11-08 21:00:00,19.9,80,16.4,20.2,0.1,47,26,40,12,0.02,0.46,0.0,0.0,0.0,0.0,0.0,0
2019-11-08 22:00:00,19.2,82,16.1,19.3,0.1,94,10,86,53,0.02,0.4,0.0,0.0,0.0,0.0,0.0,0
2019-11-08 23:00:00,18.9,83,16.0,19.2,0.1,85,23,82,14,0.02,0.37,0.0,0.0,0.0,0.0,0.0,0
2019-11-09 00:00:00,19.0,82,15.8,19.3,0.0,81,26,74,20,0.02,0.4,0.0,0.0,0.0,0.0,0.0,0
2019-11-09 01:00:00,18.9,80,15.4,19.2,0.0,97,30,85,74,0.02,0.43,0.0,0.0,0.0,0.0,0.0,0
2019-11-09 02:00:00,18.9,77,14.8,19.1,0.0,95,71,73,81,0.02,0.5,0.0,0.0,0.0,0.0,0.0,0
2019-11-09 03:00:00,19.0,73,14.1,18.9,0.0,96,45,86,67,0.02,0.58,0.0,0.0,0.0,0.0,0.0,0
2019-11-09 04:00:00,18.9,73,13.9,18.8,0.0,97,35,92,61,0.02,0.6,0.0,0.0,0.0,0.0,0.0,0
2019-11-09 05:00:00,18.9,72,13.6,19.1,0.0,85,65,77,31,0.01,0.62,0.0,0.0,0.0,0.0,0.0,0
2019-11-09 06:00:00,18.7,71,13.3,18.8,0.0,91,90,73,0,0.01,0.64,0.0,0.0,0.0,0.0,0.0,0
2019-11-09 07:00:00,19.5,68,13.3,19.6,0.0,99,94,83,89,0.05,0.73,60.1,19.3,40.8,100.2,255.4,1
2019-11-09 08:00:00,21.2,60,13.2,21.0,0.0,98,29,42,94,0.12,1.0,169.1,81.9,87.2,286.9,533.8,1
2019-11-09 09:00:00,21.9,53,12.0,20.0,0.0,95,27,28,93,0.27,1.23,406.9,260.7,146.1,556.0,764.2,1
2019-11-09 10:00:00,22.1,52,11.8,19.9,0.0,98,57,18,94,0.33,1.28,469.1,289.1,180.0,472.3,930.9,1
2019-11-09 11:00:00,22.6,49,11.4,20.5,0.0,95,27,13,93,0.39,1.4,553.3,365.0,188.2,517.5,1022.6,1
2019-11-09 12:00:00,22.6,49,11.3,20.5,0.0,94,11,1,93,0.41,1.41,576.1,448.3,127.8,604.0,1033.0,1
2019-11-09 13:00:00,23.3,46,11.1,21.7,0.0,94,66,12,82,0.48,1.55,669.5,529.6,139.8,735.5,961.5,1
2019-11-09 14:00:00,22.0,52,11.8,20.0,0.0,99,87,35,90,0.31,1.27,354.0,181.1,172.9,282.7,812.8,1
2019-11-09 15:00:00,21.9,51,11.3,19.8,0.0,97,63,17,93,0.28,1.29,280.1,117.8,162.3,231.2,597.1,1
2019-11-09 16:00:00,21.2,52,11.0,19.0,0.0,32,12,7,23,0.2,1.2,129.8,48.0,81.8,143.3,329.1,1
2019-11-09 17:00:00,19.6,62,12.2,18.6,0.0,1,0,1,0,0.09,0.86,12.6,7.5,5.1,40.3,27.1,1
2019-11-09 18:00:00,18.6,70,13.0,18.2,0.0,7,7,0,0,0.05,0.64,0.0,0.0,0.0,0.0,0.0,0
2019-11-09 19:00:00,18.2,70,12.6,17.8,0.0,90,34,0,86,0.02,0.64,0.0,0.0,0.0,0.0,0.0,0
2019-11-09 20:00:00,18.8,67,12.6,18.3,0.0,35,13,0,16,0.03,0.71,0.0,0.0,0.0,0.0,0.0,0
2019-11-09 21:00:00,18.7,69,13.0,18.3,0.0,24,24,0,0,0.03,0.67,0.0,0.0,0.0,0.0,0.0,0
2019-11-09 22:00:00,18.6,63,11.4,17.5,0.0,64,6,0,62,0.05,0.8,0.0,0.0,0.0,0.0,0.0,0
2019-11-09 23:00:00,17.6,61,10.0,16.1,0.0,71,1,0,71,0.04,0.78,0.0,0.0,0.0,0.0,0.0,0
2019-11-10 00:00:00,17.2,66,10.9,16.1,0.0,17,17,0,0,0.03,0.66,0.0,0.0,0.0,0.0,0.0,0
2019-11-10 01:00:00,17.8,70,12.3,17.2,0.0,92,16,3,91,0.03,0.61,0.0,0.0,0.0,0.0,0.0,0
2019-11-10 02:00:00,16.3,76,12.1,16.0,0.0,92,17,2,90,0.01,0.44,0.0,0.0,0.0,0.0,0.0,0
2019-11-10 03:00:00,15.7,79,12.1,15.4,0.0,73,8,0,70,0.0,0.37,0.0,0.0,0.0,0.0,0.0,0
2019-11-10 04:00:00,15.7,81,12.5,15.4,0.0,75,14,0,71,0.0,0.33,0.0,0.0,0.0,0.0,0.0,0
2019-11-10 05:00:00,15.6,83,12.7,15.4,0.0,88,9,0,87,0.0,0.3,0.0,0.0,0.0,0.0,0.0,0
2019-11-10 06:00:00,15.0,88,13.0,14.8,0.0,91,6,1,91,0.0,0.21,0.0,0.0,0.0,0.0,0.0,0
2019-11-10 07:00:00,17.7,80,14.1,18.0,0.0,93,11,3,93,0.03,0.41,96.8,49.5,47.3,257.7,251.7,1
2019-11-10 08:00:00,21.0,66,14.5,21.3,0.0,88,12,2,83,0.14,0.84,286.5,191.0,95.5,676.2,529.8,1
2019-11-10 09:00:00,22.6,53,12.4,21.5,0.0,90,6,2,89,0.28,1.31,456.3,332.3,124.0,713.5,760.0,1
2019-11-10 10:00:00,23.4,50,12.3,22.1,0.0,90,6,1,89,0.39,1.44,612.2,478.0,134.2,785.1,926.7,1
2019-11-10 11:00:00,23.9,51,13.1,23.4,0.0,91,4,0,91,0.46,1.46,712.5,572.1,140.4,814.9,1018.4,1
2019-11-10 12:00:00,24.4,51,13.5,24.6,0.0,88,2,0,88,0.5,1.51,746.9,631.1,115.8,854.1,1028.9,1
2019-11-10 13:00:00,24.6,51,13.8,24.8,0.0,93,0,0,93,0.49,1.51,693.4,590.9,102.5,824.2,957.5,1
2019-11-10 14:00:00,24.0,53,13.7,23.4,0.0,91,0,0,91,0.43,1.42,569.5,476.7,92.8,747.7,809.1,1
2019-11-10 15:00:00,23.1,54,13.1,21.9,0.0,87,0,0,87,0.33,1.31,396.7,319.4,77.3,630.7,593.7,1
2019-11-10 16:00:00,22.0,56,12.9,20.9,0.0,72,0,0,72,0.21,1.16,193.5,140.7,52.8,423.5,326.1,1
2019-11-10 17:00:00,20.3,64,13.3,19.8,0.0,2,2,0,0,0.08,0.85,11.3,6.6,4.7,35.4,24.4,1
2019-11-10 18:00:00,19.0,71,13.7,19.2,0.0,2,2,0,0,0.04,0.64,0.0,0.0,0.0,0.0,0.0,0
2019-11-10 19:00:00,18.1,77,14.0,18.6,0.0,2,1,1,0,0.0,0.47,0.0,0.0,0.0,0.0,0.0,0
2019-11-10 20:00:00,18.3,78,14.3,18.6,0.0,1,0,0,0,0.01,0.47,0.0,0.0,0.0,0.0,0.0,0
2019-11-10 21:00:00,18.2,78,14.3,18.4,0.0,0,0,0,0,0.01,0.46,0.0,0.0,0.0,0.0,0.0,0
2019-11-10 22:00:00,17.9,78,14.0,17.8,0.0,0,0,0,0,0.02,0.46,0.0,0.0,0.0,0.0,0.0,0
2019-11-10 23:00:00,17.3,80,13.8,17.2,0.0,0,0,0,0,0.01,0.39,0.0,0.0,0.0,0.0,0.0,0
2019-11-11 00:00:00,16.6,84,13.9,16.7,0.0,0,0,0,0,0.0,0.3,0.0,0.0,0.0,0.0,0.0,0
2019-11-11 01:00:00,16.1,88,14.1,16.4,0.0,0,0,0,0,0.0,0.22,0.0,0.0,0.0,0.0,0.0,0
2019-11-11 02:00:00,15.7,91,14.1,16.1,0.0,0,0,0,0,0.0,0.17,0.0,0.0,0.0,0.0,0.0,0
2019-11-11 03:00:00,15.2,93,14.0,15.5,0.0,0,0,0,0,0.0,0.13,0.0,0.0,0.0,0.0,0.0,0
2019-11-11 04:00:00,14.6,94,13.6,14.6,0.0,0,0,0,0,0.0,0.1,0.0,0.0,0.0,0.0,0.0,0
2019-11-11 05:00:00,14.6,94,13.6,14.6,0.0,0,0,0,0,0.0,0.1,0.0,0.0,0.0,0.0,0.0,0
2019-11-11 06:00:00,14.8,93,13.6,14.8,0.0,0,0,0,0,0.0,0.13,0.0,0.0,0.0,0.0,0.0,0
2019-11-11 07:00:00,17.8,83,14.9,18.3,0.0,5,2,0,3,0.03,0.34,92.6,49.5,43.1,259.4,247.9,1
2019-11-11 08:00:00,21.4,69,15.4,22.0,0.0,1,1,0,0,0.14,0.8,297.9,204.9,93.0,733.0,525.8,1
2019-11-11 09:00:00,23.0,58,14.4,22.3,0.0,21,21,0,0,0.29,1.18,491.9,384.1,107.7,830.3,755.9,1
2019-11-11 10:00:00,23.7,54,13.8,22.7,0.0,15,15,0,0,0.39,1.36,610.3,471.6,138.7,778.8,922.5,1
2019-11-11 11:00:00,24.2,51,13.3,23.5,0.0,3,3,0,0,0.47,1.5,713.7,573.3,140.5,820.5,1014.2,1
2019-11-11 12:00:00,24.5,48,12.9,23.8,0.0,0,0,0,0,0.51,1.59,749.9,645.1,104.8,877.0,1024.9,1
2019-11-11 13:00:00,24.4,49,13.1,23.6,0.0,0,0,0,0,0.5,1.55,694.3,594.7,99.6,833.2,953.7,1
2019-11-11 14:00:00,24.2,51,13.4,22.9,0.0,0,0,0,0,0.44,1.48,573.0,483.0,90.0,761.0,805.5,1
2019-11-11 15:00:00,23.6,53,13.5,21.9,0.0,0,0,0,0,0.35,1.37,399.8,325.9,73.9,647.0,590.4,1
2019-11-11 16:00:00,22.8,55,13.3,21.4,0.0,0,0,0,0,0.23,1.24,196.5,146.7,49.8,444.7,323.2,1
2019-11-11 17:00:00,21.1,62,13.5,20.2,0.0,0,0,0,0,0.1,0.95,10.3,6.1,4.1,32.8,21.9,1
2019-11-11 18:00:00,19.8,67,13.5,19.1,0.0,0,0,0,0,0.07,0.77,0.0,0.0,0.0,0.0,0.0,0
2019-11-11 19:00:00,19.2,69,13.5,18.6,0.0,0,0,0,0,0.04,0.68,0.0,0.0,0.0,0.0,0.0,0
2019-11-11 20:00:00,18.9,73,13.9,18.5,0.0,0,0,0,0,0.03,0.6,0.0,0.0,0.0,0.0,0.0,0
2019-11-11 21:00:00,19.0,73,13.9,18.6,0.0,42,0,0,42,0.03,0.6,0.0,0.0,0.0,0.0,0.0,0
2019-11-11 22:00:00,18.9,73,13.9,18.4,0.0,4,0,0,4,0.03,0.59,0.0,0.0,0.0,0.0,0.0,0
2019-11-11 23:00:00,18.8,73,13.9,18.3,0.0,0,0,0,0,0.03,0.59,0.0,0.0,0.0,0.0,0.0,0
2019-11-12 00:00:00,18.6,74,13.8,18.1,0.0,0,0,0,0,0.03,0.57,0.0,0.0,0.0,0.0,0.0,0
2019-11-12 01:00:00,18.3,75,13.9,17.9,0.0,90,0,0,90,0.03,0.52,0.0,0.0,0.0,0.0,0.0,0
2019-11-12 02:00:00,18.1,77,14.0,17.8,0.0,89,0,0,89,0.02,0.48,0.0,0.0,0.0,0.0,0.0,0
2019-11-12 03:00:00,17.9,78,14.0,17.6,0.0,8,0,0,8,0.02,0.45,0.0,0.0,0.0,0.0,0.0,0
2019-11-12 04:00:00,17.8,80,14.2,17.5,0.0,0,0,0,0,0.02,0.41,0.0,0.0,0.0,0.0,0.0,0
2019-11-12 05:00:00,17.7,81,14.4,17.4,0.0,0,0,0,0,0.02,0.38,0.0,0.0,0.0,0.0,0.0,0
2019-11-12 06:00:00,17.6,82,14.4,17.2,0.0,0,0,0,0,0.02,0.37,0.0,0.0,0.0,0.0,0.0,0
2019-11-12 07:00:00,19.0,75,14.6,18.5,0.0,0,0,0,0,0.06,0.54,92.8,49.6,43.1,261.2,244.2,1
2019-11-12 08:00:00,22.1,64,15.1,21.5,0.0,0,0,0,0,0.18,0.95,304.1,218.9,85.1,791.3,521.8,1
2019-11-12 09:00:00,23.6,58,14.8,22.2,0.0,0,0,0,0,0.31,1.22,498.1,398.5,99.6,867.2,751.8,1
2019-11-12 10:00:00,24.5,55,14.9,23.4,0.0,0,0,0,0,0.41,1.38,644.4,540.6,103.8,897.6,918.3,1
2019-11-12 11:00:00,25.3,53,15.1,24.9,0.0,6,0,0,6,0.49,1.52,729.5,622.3,107.2,894.9,1010.1,1
2019-11-12 12:00:00,25.7,51,14.9,25.5,0.0,61,0,0,61,0.52,1.61,743.0,637.1,105.9,870.0,1020.9,1
2019-11-12 13:00:00,25.8,50,14.6,25.2,0.0,0,0,0,0,0.51,1.66,684.7,584.1,100.5,822.0,949.9,1
2019-11-12 14:00:00,25.4,51,14.5,24.5,0.0,1,1,0,0,0.45,1.6,566.5,480.1,86.4,760.0,802.0,1
2019-11-12 15:00:00,24.8,53,14.5,23.5,0.0,1,1,0,0,0.36,1.49,395.4,324.9,70.5,648.2,587.3,1
2019-11-12 16:00:00,23.7,55,14.3,22.5,0.0,1,1,0,0,0.24,1.31,193.3,145.0,48.3,442.5,320.4,1
2019-11-12 17:00:00,22.2,61,14.4,21.5,0.0,0,0,0,0,0.11,1.04,8.9,5.3,3.6,28.4,19.5,1
2019-11-12 18:00:00,21.1,66,14.5,20.6,0.0,0,0,0,0,0.06,0.85,0.0,0.0,0.0,0.0,0.0,0
2019-11-12 19:00:00,20.6,68,14.4,20.1,0.0,0,0,0,0,0.05,0.79,0.0,0.0,0.0,0.0,0.0,0
2019-11-12 20:00:00,20.7,68,14.6,20.1,0.0,1,1,0,0,0.06,0.78,0.0,0.0,0.0,0.0,0.0,0
2019-11-12 21:00:00,20.9,67,14.5,20.0,0.0,1,1,0,0,0.07,0.83,0.0,0.0,0.0,0.0,0.0,0
2019-11-12 22:00:00,21.1,66,14.4,20.0,0.0,1,1,0,0,0.07,0.86,0.0,0.0,0.0,0.0,0.0,0
2019-11-12 23:00:00,21.1,65,14.3,20.1,0.0,0,0,0,0,0.07,0.87,0.0,0.0,0.0,0.0,0.0,0
2019-11-13 00:00:00,20.9,65,14.0,19.9,0.0,0,0,0,0,0.07,0.87,0.0,0.0,0.0,0.0,0.0,0
2019-11-13 01:00:00,20.5,66,13.9,19.7,0.0,0,0,0,0,0.06,0.82,0.0,0.0,0.0,0.0,0.0,0
2019-11-13 02:00:00,19.9,68,13.9,19.5,0.0,0,0,0,0,0.04,0.74,0.0,0.0,0.0,0.0,0.0,0
2019-11-13 03:00:00,19.4,71,14.1,19.3,0.0,0,0,0,0,0.03,0.64,0.0,0.0,0.0,0.0,0.0,0
2019-11-13 04:00:00,18.9,75,14.4,19.1,0.0,4,0,0,4,0.02,0.55,0.0,0.0,0.0,0.0,0.0,0
2019-11-13 05:00:00,18.6,78,14.7,19.0,0.0,0,0,0,0,0.01,0.48,0.0,0.0,0.0,0.0,0.0,0
2019-11-13 06:00:00,18.3,81,15.0,18.8,0.0,0,0,0,0,0.01,0.4,0.0,0.0,0.0,0.0,0.0,0
2019-11-13 07:00:00,19.8,77,15.6,20.4,0.0,0,0,0,0,0.04,0.54,86.4,45.4,41.1,240.1,240.4,1
2019-11-13 08:00:00,22.7,69,16.6,23.9,0.0,0,0,0,0,0.14,0.86,292.6,205.9,86.7,752.1,517.9,1
2019-11-13 09:00:00,24.9,61,16.9,26.1,0.0,0,0,0,0,0.28,1.22,484.5,385.9,98.5,845.6,747.7,1
2019-11-13 10:00:00,26.3,55,16.5,27.6,0.0,0,0,0,0,0.4,1.54,629.4,523.4,106.0,873.6,914.2,1
2019-11-13 11:00:00,27.0,53,16.7,29.1,0.0,7,7,0,0,0.48,1.67,710.9,602.6,108.2,870.7,1006.1,1
2019-11-13 12:00:00,27.8,49,16.1,30.0,0.0,94,94,0,0,0.51,1.92,710.1,587.2,122.8,805.4,1017.0,1
2019-11-13 13:00:00,27.9,50,16.6,29.5,0.0,91,91,0,0,0.49,1.87,635.8,522.8,113.0,738.9,946.3,1
2019-11-13 14:00:00,26.1,60,17.6,26.4,0.0,15,15,1,0,0.39,1.37,490.1,340.0,150.0,540.6,798.7,1
2019-11-13 15:00:00,25.0,56,15.7,24.4,0.0,18,18,0,0,0.31,1.38,324.7,216.5,108.2,434.1,584.3,1
2019-11-13 16:00:00,24.1,60,15.9,23.9,0.0,32,32,0,0,0.2,1.2,146.1,86.7,59.4,266.3,317.8,1
2019-11-13 17:00:00,22.8,68,16.5,23.7,0.0,68,8,0,65,0.08,0.89,6.9,3.7,3.2,19.5,17.2,1
2019-11-13 18:00:00,21.3,78,17.3,23.0,0.0,80,0,0,80,0.01,0.55,0.0,0.0,0.0,0.0,0.0,0
2019-11-13 19:00:00,20.1,87,17.8,22.1,0.0,83,2,0,83,0.0,0.31,0.0,0.0,0.0,0.0,0.0,0
2019-11-13 20:00:00,20.3,87,18.0,22.4,0.0,89,22,0,89,0.0,0.31,0.0,0.0,0.0,0.0,0.0,0
2019-11-13 21:00:00,20.7,84,18.0,22.7,0.0,92,23,0,90,0.0,0.38,0.0,0.0,0.0,0.0,0.0,0
2019-11-13 22:00:00,21.5,83,18.4,23.4,0.0,97,26,8,96,0.01,0.44,0.0,0.0,0.0,0.0,0.0,0
2019-11-13 23:00:00,20.9,84,18.1,22.7,0.1,99,16,24,99,0.01,0.4,0.0,0.0,0.0,0.0,0.0,0
2019-11-14 00:00:00,21.0,81,17.6,22.1,0.1,99,12,26,98,0.02,0.48,0.0,0.0,0.0,0.0,0.0,0
2019-11-14 01:00:00,20.6,80,17.0,21.5,0.1,96,21,21,95,0.02,0.49,0.0,0.0,0.0,0.0,0.0,0
2019-11-14 02:00:00,20.4,76,16.0,20.9,0.0,99,83,36,97,0.02,0.58,0.0,0.0,0.0,0.0,0.0,0
2019-11-14 03:00:00,20.4,69,14.5,20.1,0.0,98,33,14,97,0.04,0.74,0.0,0.0,0.0,0.0,0.0,0
2019-11-14 04:00:00,19.5,70,14.0,19.6,0.0,99,30,8,99,0.03,0.68,0.0,0.0,0.0,0.0,0.0,0
2019-11-14 05:00:00,18.9,75,14.3,19.4,0.0,100,98,13,99,0.01,0.56,0.0,0.0,0.0,0.0,0.0,0
2019-11-14 06:00:00,19.2,73,14.2,19.6,0.0,100,99,31,97,0.01,0.61,0.0,0.0,0.0,0.0,0.0,0
2019-11-14 07:00:00,19.6,76,15.2,20.4,0.1,100,100,52,98,0.04,0.55,34.6,4.3,30.3,23.0,236.7,1
2019-11-14 08:00:00,20.6,74,15.9,21.8,0.1,100,100,80,95,0.07,0.62,81.5,2.7,78.8,10.0,513.9,1
2019-11-14 09:00:00,21.5,62,14.0,21.2,0.0,100,97,42,92,0.13,0.97,102.1,0.0,102.1,0.0,743.7,1
2019-11-14 10:00:00,21.3,65,14.6,20.0,0.0,99,99,28,9,0.2,0.88,230.6,39.4,191.3,66.0,910.1,1
2019-11-14 11:00:00,22.2,58,13.6,20.1,0.0,95,89,38,53,0.29,1.12,368.5,87.4,281.1,126.9,1002.1,1
2019-11-14 12:00:00,22.3,55,12.9,19.8,0.0,94,93,55,16,0.3,1.2,335.6,46.9,288.7,64.7,1013.2,1
2019-11-14 13:00:00,21.7,61,13.9,19.5,0.0,98,95,51,63,0.26,1.01,294.0,65.1,228.8,92.4,942.7,1
2019-11-14 14:00:00,21.7,55,12.2,18.8,0.0,99,97,54,68,0.25,1.17,209.1,30.0,179.1,47.9,795.5,1
2019-11-14 15:00:00,21.6,53,11.7,19.0,0.0,93,70,58,76,0.24,1.2,202.9,67.9,135.0,136.9,581.5,1
2019-11-14 16:00:00,21.1,57,12.3,19.2,0.0,91,52,51,81,0.19,1.07,122.8,62.8,60.0,194.1,315.3,1
2019-11-14 17:00:00,20.5,56,11.6,19.0,0.0,85,24,27,79,0.11,1.05,4.9,2.4,2.4,13.0,15.1,1
2019-11-14 18:00:00,20.0,64,12.9,18.7,0.0,74,23,28,64,0.07,0.85,0.0,0.0,0.0,0.0,0.0,0
2019-11-14 19:00:00,19.9,62,12.3,18.4,0.0,74,22,14,66,0.07,0.89,0.0,0.0,0.0,0.0,0.0,0
2019-11-14 20:00:00,19.7,70,14.1,19.0,0.0,49,100,19,64,0.05,0.69,0.0,0.0,0.0,0.0,0.0,0
2019-11-14 21:00:00,19.9,70,14.3,19.3,0.0,80,60,33,48,0.05,0.7,0.0,0.0,0.0,0.0,0.0,0
2019-11-14 22:00:00,19.8,71,14.4,19.2,0.0,51,50,21,1,0.04,0.67,0.0,0.0,0.0,0.0,0.0,0
2019-11-14 23:00:00,19.6,70,14.0,19.0,0.0,6,6,1,0,0.04,0.68,0.0,0.0,0.0,0.0,0.0,0
2019-11-15 00:00:00,19.1,71,13.6,18.2,0.0,28,17,0,13,0.05,0.65,0.0,0.0,0.0,0.0,0.0,0
2019-11-15 01:00:00,18.8,72,13.6,17.7,0.0,50,50,0,0,0.05,0.61,0.0,0.0,0.0,0.0,0.0,0
2019-11-15 02:00:00,18.6,72,13.5,17.6,0.0,83,83,0,0,0.04,0.59,0.0,0.0,0.0,0.0,0.0,0
2019-11-15 03:00:00,19.0,67,12.7,17.8,0.0,82,82,0,0,0.05,0.73,0.0,0.0,0.0,0.0,0.0,0
2019-11-15 04:00:00,18.6,67,12.3,17.4,0.0,4,4,0,0,0.05,0.71,0.0,0.0,0.0,0.0,0.0,0
2019-11-15 05:00:00,18.1,70,12.5,16.9,0.0,9,9,0,0,0.04,0.62,0.0,0.0,0.0,0.0,0.0,0
2019-11-15 06:00:00,17.9,72,12.8,16.8,0.0,23,23,0,0,0.04,0.57,0.0,0.0,0.0,0.0,0.0,0
2019-11-15 07:00:00,19.0,68,13.0,17.8,0.0,15,9,0,7,0.07,0.71,73.7,34.7,39.0,185.4,232.9,1
2019-11-15 08:00:00,21.0,62,13.4,19.6,0.0,7,5,0,0,0.17,0.96,264.1,167.5,96.7,624.8,510.0,1
2019-11-15 09:00:00,22.0,56,12.8,19.7,0.0,57,57,0,0,0.3,1.17,481.8,376.0,105.8,835.1,739.6,1
2019-11-15 10:00:00,23.1,52,12.8,20.9,0.0,17,17,0,0,0.4,1.35,635.4,512.9,122.5,865.2,906.1,1
2019-11-15 11:00:00,23.7,51,12.9,22.0,0.0,6,6,0,0,0.47,1.44,716.4,589.4,127.0,859.4,998.2,1
2019-11-15 12:00:00,23.9,51,13.1,22.5,0.0,1,1,0,0,0.48,1.46,711.2,567.4,143.8,784.8,1009.5,1
2019-11-15 13:00:00,24.1,50,13.2,22.9,0.0,6,6,0,0,0.49,1.49,697.1,603.2,93.8,859.6,939.3,1
2019-11-15 14:00:00,23.8,51,13.0,22.1,0.0,4,4,0,0,0.44,1.45,569.0,481.7,87.3,772.4,792.4,1
2019-11-15 15:00:00,23.3,52,12.8,21.2,0.0,3,3,0,0,0.35,1.38,397.3,327.7,69.6,663.4,578.7,1
2019-11-15 16:00:00,22.5,55,13.0,20.9,0.0,1,1,0,0,0.23,1.22,192.9,145.5,47.4,452.7,313.0,1
2019-11-15 17:00:00,20.8,64,13.7,20.0,0.0,0,0,0,0,0.09,0.89,6.2,3.7,2.5,19.9,13.1,1
2019-11-15 18:00:00,19.6,69,13.9,19.2,0.0,0,0,0,0,0.04,0.7,0.0,0.0,0.0,0.0,0.0,0
2019-11-15 19:00:00,18.9,73,13.9,18.7,0.0,0,0,0,0,0.03,0.6,0.0,0.0,0.0,0.0,0.0,0
2019-11-15 20:00:00,19.4,71,14.1,18.9,0.0,0,0,0,0,0.04,0.65,0.0,0.0,0.0,0.0,0.0,0
2019-11-15 21:00:00,19.7,69,13.7,18.8,0.0,1,1,0,0,0.05,0.72,0.0,0.0,0.0,0.0,0.0,0
2019-11-15 22:00:00,19.6,69,13.7,18.6,0.0,1,1,0,0,0.05,0.71,0.0,0.0,0.0,0.0,0.0,0
2019-11-15 23:00:00,19.4,73,14.3,18.8,0.0,3,3,0,0,0.04,0.62,0.0,0.0,0.0,0.0,0.0,0
2019-11-16 00:00:00,19.4,77,15.2,19.1,0.0,3,3,0,0,0.03,0.52,0.0,0.0,0.0,0.0,0.0,0
2019-11-16 01:00:00,19.4,78,15.4,19.2,0.0,2,2,0,0,0.03,0.5,0.0,0.0,0.0,0.0,0.0,0
2019-11-16 02:00:00,19.4,78,15.4,19.2,0.0,1,1,0,0,0.03,0.5,0.0,0.0,0.0,0.0,0.0,0
2019-11-16 03:00:00,19.2,79,15.5,19.2,0.0,1,1,0,0,0.03,0.47,0.0,0.0,0.0,0.0,0.0,0
2019-11-16 04:00:00,19.1,79,15.5,19.1,0.0,0,0,0,0,0.02,0.46,0.0,0.0,0.0,0.0,0.0,0
2019-11-16 05:00:00,19.0,80,15.4,18.9,0.0,1,1,0,0,0.02,0.45,0.0,0.0,0.0,0.0,0.0,0
2019-11-16 06:00:00,18.9,80,15.4,18.9,0.0,3,3,0,0,0.02,0.44,0.0,0.0,0.0,0.0,0.0,0
2019-11-16 07:00:00,20.0,78,16.0,20.0,0.0,1,1,0,0,0.05,0.53,78.2,39.1,39.1,209.9,229.2,1
2019-11-16 08:00:00,22.7,68,16.6,22.7,0.0,0,0,0,0,0.16,0.87,292.1,208.8,83.3,787.7,506.1,1
2019-11-16 09:00:00,24.2,62,16.4,23.4,0.0,0,0,0,0,0.3,1.15,486.9,389.3,97.6,870.4,735.6,1
2019-11-16 10:00:00,25.0,58,16.2,24.2,0.0,3,3,0,0,0.41,1.33,633.5,527.3,106.1,894.3,902.1,1
2019-11-16 11:00:00,25.6,56,16.1,25.2,0.0,2,2,0,0,0.47,1.46,703.0,576.0,127.1,843.7,994.3,1
2019-11-16 12:00:00,26.0,53,15.8,25.9,0.0,0,0,0,0,0.51,1.57,734.3,629.4,104.9,874.2,1005.8,1
2019-11-16 13:00:00,26.2,52,15.5,25.7,0.0,0,0,0,0,0.51,1.64,680.8,583.1,97.7,834.3,935.9,1
2019-11-16 14:00:00,25.8,53,15.6,24.8,0.0,0,0,0,0,0.45,1.55,560.7,473.5,87.2,762.3,789.4,1
2019-11-16 15:00:00,25.2,55,15.6,23.7,0.0,1,1,0,0,0.36,1.43,387.9,315.0,72.9,640.6,576.1,1
2019-11-16 16:00:00,24.1,59,15.6,22.9,0.0,0,0,0,0,0.24,1.24,187.0,138.3,48.7,432.8,310.8,1
2019-11-16 17:00:00,22.7,64,15.5,21.9,0.0,0,0,0,0,0.12,0.99,5.3,3.1,2.1,16.5,11.3,1
2019-11-16 18:00:00,21.9,67,15.5,21.3,0.0,0,0,0,0,0.07,0.86,0.0,0.0,0.0,0.0,0.0,0
2019-11-16 19:00:00,21.5,69,15.6,21.0,0.0,0,0,0,0,0.06,0.79,0.0,0.0,0.0,0.0,0.0,0
2019-11-16 20:00:00,21.0,74,16.3,21.2,0.0,0,0,0,0,0.04,0.64,0.0,0.0,0.0,0.0,0.0,0
2019-11-16 21:00:00,21.1,72,15.9,21.3,0.0,0,0,0,0,0.04,0.7,0.0,0.0,0.0,0.0,0.0,0
2019-11-16 22:00:00,20.8,72,15.6,21.2,0.0,0,0,0,0,0.03,0.69,0.0,0.0,0.0,0.0,0.0,0
2019-11-16 23:00:00,20.3,76,15.8,21.0,0.0,0,0,0,0,0.02,0.58,0.0,0.0,0.0,0.0,0.0,0
2019-11-17 00:00:00,19.3,81,16.0,20.3,0.0,0,0,0,0,0.01,0.42,0.0,0.0,0.0,0.0,0.0,0
2019-11-17 01:00:00,18.0,88,16.0,19.1,0.0,0,0,0,0,0.0,0.25,0.0,0.0,0.0,0.0,0.0,0
2019-11-17 02:00:00,16.9,91,15.5,17.9,0.0,0,0,0,0,0.0,0.16,0.0,0.0,0.0,0.0,0.0,0
2019-11-17 03:00:00,16.3,92,15.0,17.2,0.0,0,0,0,0,0.0,0.15,0.0,0.0,0.0,0.0,0.0,0
2019-11-17 04:00:00,16.1,91,14.7,16.9,0.0,0,0,0,0,0.0,0.16,0.0,0.0,0.0,0.0,0.0,0
2019-11-17 05:00:00,16.1,91,14.6,17.0,0.0,0,0,0,0,0.0,0.17,0.0,0.0,0.0,0.0,0.0,0
2019-11-17 06:00:00,16.3,90,14.6,17.0,0.0,0,0,0,0,0.0,0.19,0.0,0.0,0.0,0.0,0.0,0
2019-11-17 07:00:00,18.9,81,15.5,19.5,0.0,0,0,0,0,0.03,0.42,78.3,41.3,37.0,223.1,225.4,1
2019-11-17 08:00:00,22.2,71,16.6,23.9,0.0,0,0,1,0,0.13,0.79,286.1,205.3,80.8,782.9,502.1,1
2019-11-17 09:00:00,25.4,58,16.5,26.7,0.0,2,0,2,0,0.28,1.37,480.3,387.3,93.0,872.0,731.6,1
2019-11-17 10:00:00,27.5,54,17.4,29.2,0.0,1,0,1,0,0.41,1.69,627.2,527.6,99.6,899.5,898.1,1
2019-11-17 11:00:00,28.9,50,17.5,31.0,0.0,0,0,0,0,0.5,1.98,704.2,601.1,103.1,884.5,990.5,1
2019-11-17 12:00:00,29.4,48,17.3,31.7,0.0,0,0,0,0,0.53,2.14,709.4,594.5,114.9,829.1,1002.2,1
2019-11-17 13:00:00,29.7,46,16.9,32.0,0.0,0,0,0,0,0.5,2.24,645.4,540.0,105.3,775.7,932.6,1
2019-11-17 14:00:00,29.5,46,16.7,31.6,0.0,0,0,0,0,0.43,2.23,540.6,451.6,89.0,730.0,786.5,1
2019-11-17 15:00:00,29.0,47,16.6,30.8,0.0,1,0,1,0,0.32,2.12,379.4,309.0,70.3,631.1,573.6,1
2019-11-17 16:00:00,27.9,55,18.0,30.2,0.0,1,0,1,0,0.19,1.69,179.8,132.6,47.2,417.0,308.7,1
2019-11-17 17:00:00,26.1,61,18.1,28.4,0.0,2,1,2,0,0.06,1.31,4.3,2.5,1.8,13.3,9.6,1
2019-11-17 18:00:00,23.1,78,19.0,25.6,0.0,3,3,1,0,0.01,0.62,0.0,0.0,0.0,0.0,0.0,0
2019-11-17 19:00:00,21.4,90,19.6,24.1,0.0,1,1,0,0,0.0,0.26,0.0,0.0,0.0,0.0,0.0,0
2019-11-17 20:00:00,22.3,89,20.4,25.5,0.0,6,0,59,0,0.0,0.3,0.0,0.0,0.0,0.0,0.0,0
2019-11-17 21:00:00,22.9,89,20.9,26.0,0.0,61,0,61,0,0.0,0.32,0.0,0.0,0.0,0.0,0.0,0
2019-11-17 22:00:00,23.0,89,21.1,26.2,0.0,21,0,21,0,0.0,0.3,0.0,0.0,0.0,0.0,0.0,0
2019-11-17 23:00:00,22.3,94,21.3,25.5,0.0,51,0,51,0,0.0,0.17,0.0,0.0,0.0,0.0,0.0,0
2019-11-18 00:00:00,22.5,94,21.5,25.6,0.0,51,1,51,0,0.0,0.16,0.0,0.0,0.0,0.0,0.0,0
2019-11-18 01:00:00,22.2,94,21.2,25.2,0.0,66,0,66,0,0.0,0.16,0.0,0.0,0.0,0.0,0.0,0
2019-11-18 02:00:00,21.8,93,20.7,24.4,0.0,24,0,24,0,0.0,0.18,0.0,0.0,0.0,0.0,0.0,0
2019-11-18 03:00:00,21.5,85,18.9,23.1,0.0,60,0,40,33,0.01,0.37,0.0,0.0,0.0,0.0,0.0,0
2019-11-18 04:00:00,21.0,77,16.8,21.9,0.0,68,0,15,63,0.02,0.58,0.0,0.0,0.0,0.0,0.0,0
2019-11-18 05:00:00,20.7,73,15.7,21.1,0.0,86,0,49,73,0.03,0.65,0.0,0.0,0.0,0.0,0.0,0
2019-11-18 06:00:00,20.8,73,15.8,21.6,0.0,92,0,72,74,0.02,0.66,0.0,0.0,0.0,0.0,0.0,0
2019-11-18 07:00:00,21.6,70,15.9,22.4,0.0,87,0,70,59,0.06,0.78,34.9,8.7,26.1,47.3,221.5,1
2019-11-18 08:00:00,23.8,66,17.1,24.6,0.0,78,0,58,62,0.12,1.0,108.4,46.7,61.8,179.9,498.1,1
2019-11-18 09:00:00,25.4,55,15.8,25.9,0.0,78,3,67,31,0.21,1.46,262.8,167.3,95.5,379.3,727.5,1
2019-11-18 10:00:00,24.2,66,17.5,24.0,0.0,84,65,25,50,0.27,1.02,380.0,232.2,147.8,397.9,894.2,1
2019-11-18 11:00:00,23.6,77,19.4,24.4,0.4,99,97,34,56,0.26,0.67,403.3,203.2,200.1,300.4,986.6,1
2019-11-18 12:00:00,22.6,82,19.3,23.7,1.2,100,100,100,85,0.17,0.5,229.8,37.0,192.9,51.8,998.7,1
2019-11-18 13:00:00,21.7,83,18.7,22.5,0.4,100,100,39,90,0.12,0.44,131.2,10.5,120.7,15.2,929.4,1
2019-11-18 14:00:00,21.9,80,18.3,22.4,0.2,100,99,88,1,0.16,0.52,189.9,23.6,166.3,38.3,783.7,1
2019-11-18 15:00:00,21.1,84,18.3,22.0,0.6,100,100,100,0,0.08,0.4,56.9,0.0,56.9,0.0,571.3,1
2019-11-18 16:00:00,20.4,84,17.6,21.2,0.5,100,99,97,0,0.06,0.39,18.0,0.0,18.0,0.0,306.7,1
2019-11-18 17:00:00,19.6,87,17.4,20.6,0.4,100,100,100,0,0.04,0.29,0.5,0.1,0.5,0.3,8.0,1
2019-11-18 18:00:00,19.1,87,16.9,20.1,0.3,97,96,94,0,0.0,0.29,0.0,0.0,0.0,0.0,0.0,0
2019-11-18 19:00:00,18.9,87,16.7,20.0,0.3,100,96,93,100,0.0,0.28,0.0,0.0,0.0,0.0,0.0,0
2019-11-18 20:00:00,19.1,84,16.3,19.4,0.3,100,100,82,98,0.02,0.35,0.0,0.0,0.0,0.0,0.0,0
2019-11-18 21:00:00,18.8,87,16.5,19.3,0.4,100,82,100,100,0.01,0.29,0.0,0.0,0.0,0.0,0.0,0
2019-11-18 22:00:00,18.3,88,16.2,19.0,0.3,100,97,73,98,0.0,0.26,0.0,0.0,0.0,0.0,0.0,0
2019-11-18 23:00:00,18.1,88,16.0,18.8,0.3,100,100,83,94,0.0,0.25,0.0,0.0,0.0,0.0,0.0,0
2019-11-19 00:00:00,18.1,88,16.0,18.9,0.2,100,100,91,97,0.0,0.25,0.0,0.0,0.0,0.0,0.0,0
2019-11-19 01:00:00,18.0,88,16.0,18.6,0.2,100,97,93,98,0.0,0.25,0.0,0.0,0.0,0.0,0.0,0
2019-11-19 02:00:00,18.0,88,16.0,18.5,0.2,100,96,100,99,0.0,0.25,0.0,0.0,0.0,0.0,0.0,0
2019-11-19 03:00:00,17.9,86,15.5,17.9,0.2,100,94,99,99,0.01,0.29,0.0,0.0,0.0,0.0,0.0,0
2019-11-19 04:00:00,17.7,88,15.7,17.7,0.2,100,100,96,97,0.01,0.24,0.0,0.0,0.0,0.0,0.0,0
2019-11-19 05:00:00,17.7,84,14.9,17.2,0.2,100,98,97,100,0.02,0.33,0.0,0.0,0.0,0.0,0.0,0
2019-11-19 06:00:00,17.4,84,14.7,16.7,0.1,100,100,81,100,0.02,0.32,0.0,0.0,0.0,0.0,0.0,0
2019-11-19 07:00:00,17.6,83,14.7,17.0,0.1,100,98,93,100,0.05,0.34,24.0,0.0,24.0,0.0,217.7,1
2019-11-19 08:00:00,17.7,83,14.7,17.1,0.2,99,99,93,100,0.06,0.35,61.9,1.4,60.6,5.4,494.1,1
2019-11-19 09:00:00,18.2,80,14.7,17.6,0.2,100,99,93,100,0.09,0.42,110.9,1.2,109.7,2.7,723.5,1
2019-11-19 10:00:00,18.1,77,14.0,17.0,0.2,100,100,97,73,0.11,0.48,132.6,4.4,128.2,7.6,890.2,1
2019-11-19 11:00:00,18.2,76,13.9,16.8,0.1,100,100,99,100,0.14,0.51,170.9,3.1,167.8,4.6,982.9,1
2019-11-19 12:00:00,18.4,75,13.8,16.5,0.1,100,98,97,99,0.17,0.53,228.9,27.0,201.9,37.9,995.2,1
2019-11-19 13:00:00,18.6,71,13.3,16.8,0.1,100,98,100,100,0.16,0.62,187.7,9.6,178.1,13.9,926.3,1
2019-11-19 14:00:00,18.5,73,13.5,16.6,0.1,100,98,63,100,0.15,0.58,155.4,2.7,152.6,4.4,780.9,1
2019-11-19 15:00:00,18.7,69,12.9,16.6,0.0,100,99,65,100,0.14,0.67,113.8,0.0,113.8,0.0,569.0,1
2019-11-19 16:00:00,18.1,74,13.3,16.9,0.0,100,88,49,100,0.09,0.55,49.8,0.7,49.1,2.2,304.9,1
2019-11-19 17:00:00,17.9,76,13.6,16.8,0.1,100,99,61,100,0.06,0.49,1.2,0.2,1.0,0.9,6.6,1
2019-11-19 18:00:00,17.6,76,13.4,16.0,0.1,100,100,73,100,0.04,0.48,0.0,0.0,0.0,0.0,0.0,0
2019-11-19 19:00:00,17.3,79,13.7,16.0,0.2,100,99,88,98,0.03,0.41,0.0,0.0,0.0,0.0,0.0,0
2019-11-19 20:00:00,18.7,72,13.6,17.4,0.3,100,99,85,98,0.05,0.6,0.0,0.0,0.0,0.0,0.0,0
2019-11-19 21:00:00,18.5,77,14.4,17.2,0.3,100,98,82,99,0.04,0.5,0.0,0.0,0.0,0.0,0.0,0
2019-11-19 22:00:00,18.2,79,14.5,16.7,0.4,100,10,48,99,0.04,0.44,0.0,0.0,0.0,0.0,0.0,0
2019-11-19 23:00:00,17.7,80,14.1,15.8,0.2,100,40,59,100,0.04,0.41,0.0,0.0,0.0,0.0,0.0,0
2019-11-20 00:00:00,17.6,81,14.3,16.0,0.1,100,48,90,100,0.03,0.38,0.0,0.0,0.0,0.0,0.0,0
2019-11-20 01:00:00,17.6,82,14.4,16.4,0.1,100,100,100,99,0.03,0.37,0.0,0.0,0.0,0.0,0.0,0
2019-11-20 02:00:00,17.6,80,14.1,16.1,0.1,100,100,91,99,0.03,0.4,0.0,0.0,0.0,0.0,0.0,0
2019-11-20 03:00:00,17.7,78,13.9,16.3,0.1,100,99,70,96,0.04,0.44,0.0,0.0,0.0,0.0,0.0,0
2019-11-20 04:00:00,17.8,79,14.1,16.5,0.1,100,99,86,95,0.03,0.43,0.0,0.0,0.0,0.0,0.0,0
2019-11-20 05:00:00,17.7,78,13.8,16.4,0.1,100,100,77,92,0.04,0.45,0.0,0.0,0.0,0.0,0.0,0
2019-11-20 06:00:00,17.7,76,13.5,16.3,0.1,100,99,78,94,0.04,0.48,0.0,0.0,0.0,0.0,0.0,0
2019-11-20 07:00:00,17.8,78,14.0,16.4,0.0,100,100,85,1,0.06,0.44,15.3,0.0,15.3,0.0,213.8,1
2019-11-20 08:00:00,19.0,74,14.3,17.6,0.0,100,55,47,19,0.1,0.56,84.2,5.5,78.7,21.8,490.1,1
2019-11-20 09:00:00,20.3,70,14.5,18.8,0.0,97,95,63,33,0.15,0.73,177.1,33.1,144.1,76.0,719.4,1
2019-11-20 10:00:00,20.5,66,13.9,18.1,0.0,100,99,60,37,0.21,0.83,263.1,40.6,222.5,70.3,886.2,1
2019-11-20 11:00:00,20.2,68,14.0,18.3,0.0,100,100,91,35,0.17,0.77,171.0,6.3,164.7,9.3,979.1,1
2019-11-20 12:00:00,20.6,65,13.7,18.4,0.0,100,99,86,0,0.2,0.86,192.9,3.0,189.9,4.2,991.7,1
2019-11-20 13:00:00,19.8,71,14.4,17.9,0.0,99,99,89,0,0.17,0.67,184.8,23.0,161.8,33.4,923.2,1
2019-11-20 14:00:00,19.6,73,14.6,17.7,0.1,98,98,93,0,0.17,0.63,173.5,19.1,154.4,31.2,778.3,1
2019-11-20 15:00:00,19.4,76,15.2,18.8,0.1,98,98,96,0,0.11,0.53,89.5,2.5,87.0,5.2,566.8,1
2019-11-20 16:00:00,19.1,79,15.3,18.6,0.1,99,98,98,0,0.09,0.47,50.5,9.0,41.5,28.7,303.1,1
2019-11-20 17:00:00,18.8,78,14.9,17.4,0.1,100,88,100,0,0.07,0.48,0.5,0.0,0.5,0.0,5.3,1
2019-11-20 18:00:00,18.8,79,15.1,17.7,0.1,100,99,100,22,0.04,0.45,0.0,0.0,0.0,0.0,0.0,0
2019-11-20 19:00:00,18.8,81,15.4,17.6,0.1,100,98,100,78,0.04,0.42,0.0,0.0,0.0,0.0,0.0,0
2019-11-20 20:00:00,19.1,79,15.4,18.1,0.1,100,99,100,52,0.04,0.46,0.0,0.0,0.0,0.0,0.0,0
2019-11-20 21:00:00,19.5,78,15.5,18.6,0.2,100,94,100,94,0.04,0.51,0.0,0.0,0.0,0.0,0.0,0
2019-11-20 22:00:00,19.6,79,15.8,18.8,0.1,96,60,73,84,0.04,0.48,0.0,0.0,0.0,0.0,0.0,0
2019-11-20 23:00:00,19.4,81,16.0,19.1,0.2,100,100,99,93,0.03,0.43,0.0,0.0,0.0,0.0,0.0,0
2019-11-21 00:00:00,19.4,81,16.1,18.8,0.2,100,100,100,74,0.03,0.42,0.0,0.0,0.0,0.0,0.0,0
2019-11-21 01:00:00,19.6,78,15.8,18.9,0.1,100,100,66,99,0.04,0.49,0.0,0.0,0.0,0.0,0.0,0
2019-11-21 02:00:00,19.4,80,15.9,18.8,0.1,100,100,66,100,0.04,0.45,0.0,0.0,0.0,0.0,0.0,0
2019-11-21 03:00:00,19.6,79,15.8,19.1,0.1,100,100,99,100,0.04,0.48,0.0,0.0,0.0,0.0,0.0,0
2019-11-21 04:00:00,19.6,80,16.0,19.1,0.1,100,99,3,99,0.04,0.46,0.0,0.0,0.0,0.0,0.0,0
2019-11-21 05:00:00,20.0,75,15.5,19.3,0.0,100,99,1,96,0.05,0.58,0.0,0.0,0.0,0.0,0.0,0
2019-11-21 06:00:00,20.3,76,15.9,19.8,0.0,100,90,4,98,0.04,0.57,0.0,0.0,0.0,0.0,0.0,0
2019-11-21 07:00:00,20.4,80,16.8,20.2,0.0,96,96,16,12,0.06,0.49,21.9,0.0,21.9,0.0,209.9,1
2019-11-21 08:00:00,21.5,80,18.0,21.9,0.0,71,3,10,32,0.09,0.5,109.4,4.2,105.2,16.6,486.0,1
2019-11-21 09:00:00,22.8,74,17.9,22.7,0.0,55,4,10,50,0.19,0.72,310.9,135.9,174.9,314.7,715.4,1
2019-11-21 10:00:00,23.5,71,17.9,22.3,0.0,44,11,10,35,0.29,0.84,480.4,281.9,198.5,490.9,882.3,1
2019-11-21 11:00:00,23.6,71,18.1,23.1,0.1,60,2,17,52,0.29,0.84,425.5,152.3,273.2,228.1,975.4,1
2019-11-21 12:00:00,23.4,74,18.5,23.3,0.1,68,3,52,33,0.28,0.76,419.9,128.0,291.9,181.4,988.4,1
2019-11-21 13:00:00,23.6,73,18.5,23.4,0.1,91,88,69,13,0.29,0.79,421.4,213.6,207.8,311.5,920.3,1
2019-11-21 14:00:00,22.8,80,19.2,23.6,0.3,100,100,100,0,0.17,0.54,198.9,44.5,154.4,73.0,775.8,1
2019-11-21 15:00:00,22.1,86,19.7,23.8,0.3,100,1,100,0,0.08,0.37,72.8,1.7,71.1,3.5,564.8,1
2019-11-21 16:00:00,21.9,88,19.9,24.1,0.1,100,37,100,0,0.07,0.31,52.5,15.9,36.6,51.0,301.5,1
2019-11-21 17:00:00,21.6,90,19.9,23.7,0.0,100,56,100,0,0.04,0.26,0.5,0.1,0.5,0.3,4.1,1
2019-11-21 18:00:00,21.4,91,19.9,23.9,0.2,100,93,100,0,0.0,0.22,0.0,0.0,0.0,0.0,0.0,0
2019-11-21 19:00:00,21.5,89,19.7,23.8,1.0,96,96,92,0,0.0,0.27,0.0,0.0,0.0,0.0,0.0,0
2019-11-21 20:00:00,21.2,93,20.1,24.4,0.1,92,100,96,0,0.0,0.17,0.0,0.0,0.0,0.0,0.0,0
2019-11-21 21:00:00,21.2,95,20.4,24.4,0.4,100,100,82,0,0.0,0.13,0.0,0.0,0.0,0.0,0.0,0
2019-11-21 22:00:00,21.7,91,20.2,25.3,0.2,100,100,80,0,0.0,0.24,0.0,0.0,0.0,0.0,0.0,0
2019-11-21 23:00:00,21.6,90,19.9,25.1,0.5,98,97,73,0,0.0,0.26,0.0,0.0,0.0,0.0,0.0,0
2019-11-22 00:00:00,21.3,94,20.3,25.2,1.2,100,100,58,0,0.0,0.15,0.0,0.0,0.0,0.0,0.0,0
2019-11-22 01:00:00,21.3,95,20.4,25.2,0.5,100,100,35,0,0.0,0.13,0.0,0.0,0.0,0.0,0.0,0
2019-11-22 02:00:00,21.6,93,20.5,24.9,0.4,100,100,67,0,0.0,0.17,0.0,0.0,0.0,0.0,0.0,0
2019-11-22 03:00:00,21.5,93,20.2,24.4,0.3,100,100,66,0,0.0,0.19,0.0,0.0,0.0,0.0,0.0,0
2019-11-22 04:00:00,21.4,94,20.4,24.8,0.3,100,100,33,0,0.0,0.16,0.0,0.0,0.0,0.0,0.0,0
2019-11-22 05:00:00,21.3,94,20.4,24.6,0.5,100,100,39,0,0.0,0.14,0.0,0.0,0.0,0.0,0.0,0
2019-11-22 06:00:00,21.6,92,20.2,24.7,0.3,100,100,33,0,0.0,0.21,0.0,0.0,0.0,0.0,0.0,0
2019-11-22 07:00:00,21.6,91,20.2,24.6,0.1,94,94,24,0,0.02,0.22,13.2,0.0,13.2,0.0,205.9,1
2019-11-22 08:00:00,22.0,88,19.9,25.3,0.0,84,97,99,0,0.05,0.32,90.3,18.1,72.2,72.9,482.0,1
2019-11-22 09:00:00,22.3,91,20.7,26.2,0.3,100,100,71,0,0.06,0.24,82.8,0.0,82.8,0.0,711.4,1
2019-11-22 10:00:00,22.7,90,20.9,26.6,0.5,100,100,39,0,0.06,0.28,76.8,0.0,76.8,0.0,878.4,1
2019-11-22 11:00:00,23.3,88,21.3,27.2,0.6,100,100,79,0,0.11,0.34,142.9,4.2,138.7,6.3,971.8,1
2019-11-22 12:00:00,23.6,86,21.1,26.4,0.6,96,95,52,0,0.14,0.41,188.0,22.0,166.0,31.3,985.1,1
2019-11-22 13:00:00,23.4,85,20.7,25.8,0.2,97,93,96,0,0.12,0.43,140.8,1.9,138.9,2.8,917.4,1
2019-11-22 14:00:00,23.5,84,20.6,26.1,0.1,98,95,97,0,0.13,0.47,145.3,33.6,111.7,55.3,773.4,1
2019-11-22 15:00:00,23.3,85,20.6,26.4,0.1,100,99,100,0,0.11,0.44,111.2,28.4,82.8,59.2,562.8,1
2019-11-22 16:00:00,23.1,87,20.8,26.6,0.1,99,99,83,0,0.06,0.37,44.8,6.2,38.6,20.0,300.0,1
2019-11-22 17:00:00,22.3,91,20.7,25.9,0.1,97,87,96,0,0.03,0.24,0.5,0.1,0.4,0.4,3.0,1
2019-11-22 18:00:00,22.7,86,20.3,26.5,0.0,100,71,100,0,0.0,0.38,0.0,0.0,0.0,0.0,0.0,0
2019-11-22 19:00:00,21.8,93,20.6,25.7,0.0,92,89,89,0,0.0,0.19,0.0,0.0,0.0,0.0,0.0,0
2019-11-22 20:00:00,21.9,93,20.8,25.4,0.1,94,87,10,0,0.0,0.18,0.0,0.0,0.0,0.0,0.0,0
2019-11-22 21:00:00,22.0,93,20.8,25.6,0.0,100,100,1,0,0.0,0.19,0.0,0.0,0.0,0.0,0.0,0
2019-11-22 22:00:00,22.3,92,20.9,26.1,0.0,59,59,2,0,0.0,0.23,0.0,0.0,0.0,0.0,0.0,0
2019-11-22 23:00:00,22.4,91,20.9,26.2,0.0,53,53,3,0,0.0,0.25,0.0,0.0,0.0,0.0,0.0,0
2019-11-23 00:00:00,21.9,94,20.9,25.6,0.0,37,36,4,0,0.0,0.16,0.0,0.0,0.0,0.0,0.0,0
2019-11-23 01:00:00,20.5,98,20.2,23.8,0.0,92,89,5,24,0.0,0.05,0.0,0.0,0.0,0.0,0.0,0
2019-11-23 02:00:00,21.0,98,20.6,24.6,0.0,100,100,8,48,0.0,0.05,0.0,0.0,0.0,0.0,0.0,0
2019-11-23 03:00:00,20.9,98,20.5,24.4,0.0,100,100,9,52,0.0,0.06,0.0,0.0,0.0,0.0,0.0,0
2019-11-23 04:00:00,21.0,98,20.6,24.6,0.0,100,100,3,30,0.0,0.06,0.0,0.0,0.0,0.0,0.0,0
2019-11-23 05:00:00,21.9,94,20.9,25.8,0.0,100,100,1,20,0.0,0.16,0.0,0.0,0.0,0.0,0.0,0
2019-11-23 06:00:00,22.1,92,20.8,26.3,0.0,100,100,0,1,0.0,0.2,0.0,0.0,0.0,0.0,0.0,0
2019-11-23 07:00:00,22.1,94,21.0,26.0,0.0,100,100,0,0,0.02,0.17,13.2,0.0,13.2,0.0,202.0,1
2019-11-23 08:00:00,23.2,91,21.7,27.8,0.0,100,90,0,0,0.04,0.26,71.1,0.0,71.1,0.0,478.0,1
2019-11-23 09:00:00,24.3,86,21.9,28.8,0.0,60,60,0,0,0.1,0.42,168.2,11.8,156.4,27.8,707.3,1
2019-11-23 10:00:00,25.3,80,21.7,29.6,0.2,100,100,0,0,0.18,0.63,270.1,72.5,197.6,127.6,874.5,1
2019-11-23 11:00:00,25.8,77,21.5,29.7,0.3,82,82,1,0,0.2,0.76,275.5,39.7,235.8,59.9,968.2,1
2019-11-23 12:00:00,26.4,76,21.8,30.2,0.2,83,83,1,0,0.3,0.84,417.0,169.0,248.0,241.5,981.8,1
2019-11-23 13:00:00,26.9,74,21.8,30.4,0.1,61,61,1,0,0.35,0.92,468.4,299.8,168.6,440.4,914.6,1
2019-11-23 14:00:00,26.5,75,21.7,29.8,0.0,58,58,0,0,0.3,0.87,384.3,229.8,154.4,379.8,771.1,1
2019-11-23 15:00:00,25.3,77,21.0,28.1,0.0,58,58,0,0,0.19,0.74,206.5,93.6,112.9,195.7,561.0,1
2019-11-23 16:00:00,24.3,81,20.8,27.3,0.0,94,94,0,0,0.11,0.59,94.4,37.9,56.5,122.6,298.7,1
2019-11-23 17:00:00,23.3,84,20.5,26.7,0.0,93,93,1,0,0.04,0.45,0.5,0.2,0.3,0.8,2.0,1
2019-11-23 18:00:00,22.8,89,20.8,26.8,0.0,82,82,3,0,0.0,0.31,0.0,0.0,0.0,0.0,0.0,0
2019-11-23 19:00:00,22.4,90,20.7,26.5,0.0,41,37,14,0,0.0,0.26,0.0,0.0,0.0,0.0,0.0,0
2019-11-23 20:00:00,22.2,92,20.8,25.9,0.0,73,94,43,0,0.0,0.23,0.0,0.0,0.0,0.0,0.0,0
2019-11-23 21:00:00,22.6,94,21.7,27.2,0.0,100,100,42,0,0.0,0.15,0.0,0.0,0.0,0.0,0.0,0
2019-11-23 22:00:00,22.4,92,21.1,26.5,0.0,99,99,20,0,0.0,0.21,0.0,0.0,0.0,0.0,0.0,0
2019-11-23 23:00:00,21.8,96,21.2,25.8,0.0,72,71,16,0,0.0,0.1,0.0,0.0,0.0,0.0,0.0,0
2019-11-24 00:00:00,22.0,94,21.0,26.3,0.0,24,24,5,0,0.0,0.15,0.0,0.0,0.0,0.0,0.0,0
2019-11-24 01:00:00,21.3,98,20.9,25.5,0.0,40,40,5,0,0.0,0.06,0.0,0.0,0.0,0.0,0.0,0
2019-11-24 02:00:00,21.3,98,21.0,25.4,0.0,40,40,10,0,0.0,0.05,0.0,0.0,0.0,0.0,0.0,0
2019-11-24 03:00:00,21.3,98,21.0,25.3,0.1,93,93,8,0,0.0,0.05,0.0,0.0,0.0,0.0,0.0,0
2019-11-24 04:00:00,21.4,98,21.1,25.4,0.0,100,100,6,0,0.0,0.05,0.0,0.0,0.0,0.0,0.0,0
2019-11-24 05:00:00,21.5,97,21.1,25.6,0.0,100,100,6,0,0.0,0.07,0.0,0.0,0.0,0.0,0.0,0
2019-11-24 06:00:00,21.4,98,21.0,25.2,0.0,100,100,6,0,0.0,0.06,0.0,0.0,0.0,0.0,0.0,0
2019-11-24 07:00:00,21.6,96,20.9,25.4,0.0,100,100,7,0,0.02,0.12,22.1,4.4,17.7,24.6,198.1,1
2019-11-24 08:00:00,22.6,92,21.2,26.5,0.1,75,70,7,42,0.05,0.22,104.8,25.2,79.7,104.1,473.9,1
2019-11-24 09:00:00,24.2,82,20.9,27.9,0.1,71,60,6,30,0.16,0.56,278.7,137.6,141.1,325.4,703.4,1
2019-11-24 10:00:00,25.3,75,20.5,28.3,0.1,62,61,6,0,0.24,0.81,372.4,207.6,164.8,367.4,870.7,1
2019-11-24 11:00:00,26.2,70,20.2,28.9,0.0,48,48,4,0,0.32,1.03,460.4,251.6,208.8,382.0,964.6,1
2019-11-24 12:00:00,26.4,68,20.1,28.8,0.0,83,83,2,0,0.34,1.1,470.1,254.1,216.1,364.4,978.7,1
2019-11-24 13:00:00,26.3,69,20.2,28.5,0.0,62,61,3,0,0.35,1.05,465.6,260.6,205.0,384.1,911.9,1
2019-11-24 14:00:00,26.0,70,20.0,28.1,0.0,36,36,2,0,0.32,1.02,403.3,256.2,147.2,424.7,768.8,1
2019-11-24 15:00:00,25.2,72,19.8,27.1,0.0,38,37,2,0,0.24,0.89,273.4,156.3,117.0,327.8,559.3,1
2019-11-24 16:00:00,24.1,77,19.9,26.2,0.0,35,34,3,0,0.13,0.68,119.1,62.0,57.2,201.3,297.4,1
2019-11-24 17:00:00,22.7,85,20.0,25.2,0.0,29,28,3,0,0.05,0.42,0.4,0.2,0.2,0.9,1.2,1
2019-11-24 18:00:00,21.6,92,20.2,24.2,0.0,20,18,6,0,0.0,0.21,0.0,0.0,0.0,0.0,0.0,0
2019-11-24 19:00:00,21.8,91,20.2,24.2,0.0,29,28,3,0,0.0,0.24,0.0,0.0,0.0,0.0,0.0,0
2019-11-24 20:00:00,21.7,92,20.3,24.0,0.0,44,30,9,0,0.0,0.21,0.0,0.0,0.0,0.0,0.0,0
2019-11-24 21:00:00,21.9,91,20.3,24.1,0.0,43,41,7,0,0.0,0.25,0.0,0.0,0.0,0.0,0.0,0
2019-11-24 22:00:00,22.1,90,20.3,24.2,0.0,57,56,3,0,0.01,0.28,0.0,0.0,0.0,0.0,0.0,0
2019-11-24 23:00:00,22.0,89,20.1,24.0,0.0,75,74,2,0,0.01,0.29,0.0,0.0,0.0,0.0,0.0,0
2019-11-25 00:00:00,21.9,89,20.0,23.6,0.0,97,97,7,0,0.01,0.3,0.0,0.0,0.0,0.0,0.0,0
2019-11-25 01:00:00,21.9,89,19.9,23.5,0.0,98,98,16,0,0.01,0.3,0.0,0.0,0.0,0.0,0.0,0
2019-11-25 02:00:00,21.7,89,19.8,23.3,0.1,96,96,33,0,0.01,0.29,0.0,0.0,0.0,0.0,0.0,0
2019-11-25 03:00:00,21.4,88,19.4,22.5,0.1,87,84,47,0,0.02,0.3,0.0,0.0,0.0,0.0,0.0,0
2019-11-25 04:00:00,21.1,87,18.8,21.7,0.1,96,94,65,0,0.02,0.33,0.0,0.0,0.0,0.0,0.0,0
2019-11-25 05:00:00,21.0,85,18.3,21.4,0.1,92,90,89,7,0.03,0.38,0.0,0.0,0.0,0.0,0.0,0
2019-11-25 06:00:00,21.1,81,17.8,21.6,0.0,100,66,100,2,0.03,0.47,0.0,0.0,0.0,0.0,0.0,0
2019-11-25 07:00:00,21.3,81,17.9,22.0,0.0,96,50,96,0,0.05,0.48,22.1,0.0,22.1,0.0,194.2,1
2019-11-25 08:00:00,22.4,80,18.7,23.2,0.0,87,24,50,0,0.08,0.55,74.3,8.4,65.9,35.2,469.9,1
2019-11-25 09:00:00,23.1,76,18.5,23.1,0.0,61,18,59,0,0.18,0.69,280.2,147.2,133.0,350.7,699.4,1
2019-11-25 10:00:00,23.2,73,18.2,23.0,0.0,74,24,71,3,0.22,0.75,311.0,167.1,144.0,297.2,867.0,1
2019-11-25 11:00:00,23.3,71,17.8,23.2,0.0,74,31,63,52,0.24,0.82,315.4,115.9,199.4,176.7,961.2,1
2019-11-25 12:00:00,22.9,74,18.1,22.9,0.1,74,31,41,54,0.25,0.72,357.2,152.1,205.1,218.9,975.6,1
2019-11-25 13:00:00,22.3,76,17.8,22.2,0.1,72,40,53,37,0.24,0.65,344.0,195.5,148.5,289.1,909.3,1
2019-11-25 14:00:00,21.9,75,17.3,21.5,0.1,84,53,65,53,0.21,0.65,260.7,65.4,195.3,108.8,766.7,1
2019-11-25 15:00:00,20.9,78,17.0,20.7,0.1,93,70,75,68,0.13,0.53,124.5,20.9,103.6,44.0,557.7,1
2019-11-25 16:00:00,20.2,81,16.9,20.3,0.1,95,70,68,84,0.08,0.45,46.1,7.6,38.5,24.7,296.3,1
2019-11-25 17:00:00,19.7,84,16.8,19.8,0.2,99,91,72,88,0.05,0.38,0.0,0.0,0.0,0.0,0.5,1
2019-11-25 18:00:00,19.5,82,16.2,19.0,0.2,100,99,95,88,0.03,0.42,0.0,0.0,0.0,0.0,0.0,0
2019-11-25 19:00:00,19.4,81,16.1,18.8,0.2,100,100,46,84,0.03,0.42,0.0,0.0,0.0,0.0,0.0,0
2019-11-25 20:00:00,19.6,83,16.7,19.3,0.2,100,99,34,70,0.03,0.38,0.0,0.0,0.0,0.0,0.0,0
2019-11-25 21:00:00,19.5,84,16.8,19.1,0.2,100,100,34,59,0.03,0.35,0.0,0.0,0.0,0.0,0.0,0
2019-11-25 22:00:00,19.3,85,16.6,18.9,0.2,100,100,68,64,0.02,0.34,0.0,0.0,0.0,0.0,0.0,0
2019-11-25 23:00:00,19.1,84,16.4,18.8,0.3,100,100,83,10,0.02,0.35,0.0,0.0,0.0,0.0,0.0,0
2019-11-26 00:00:00,18.7,86,16.3,18.3,0.2,100,100,25,3,0.02,0.31,0.0,0.0,0.0,0.0,0.0,0
2019-11-26 01:00:00,18.8,84,16.1,18.5,0.2,100,100,46,8,0.02,0.35,0.0,0.0,0.0,0.0,0.0,0
2019-11-26 02:00:00,18.4,86,16.0,18.0,0.2,100,100,71,0,0.02,0.3,0.0,0.0,0.0,0.0,0.0,0
2019-11-26 03:00:00,18.1,88,16.0,17.6,0.1,96,96,24,0,0.01,0.25,0.0,0.0,0.0,0.0,0.0,0
2019-11-26 04:00:00,18.1,87,15.8,17.6,0.1,99,99,25,0,0.02,0.28,0.0,0.0,0.0,0.0,0.0,0
2019-11-26 05:00:00,18.3,85,15.6,17.7,0.1,100,100,27,0,0.02,0.33,0.0,0.0,0.0,0.0,0.0,0
2019-11-26 06:00:00,18.2,85,15.5,17.6,0.1,97,97,32,0,0.02,0.32,0.0,0.0,0.0,0.0,0.0,0
2019-11-26 07:00:00,18.2,86,15.8,17.6,0.1,94,94,42,0,0.04,0.29,17.7,0.0,17.7,0.0,190.3,1
2019-11-26 08:00:00,19.5,85,16.8,19.3,0.1,43,58,27,0,0.07,0.35,105.5,14.1,91.5,59.7,466.0,1
2019-11-26 09:00:00,20.9,76,16.5,20.2,0.0,98,98,0,0,0.16,0.6,248.4,97.5,150.9,233.8,695.5,1
2019-11-26 10:00:00,21.2,75,16.5,20.2,0.0,96,96,8,0,0.18,0.64,248.5,49.5,199.0,88.5,863.3,1
2019-11-26 11:00:00,21.5,71,16.1,20.1,0.0,100,100,12,0,0.21,0.74,267.4,10.4,257.0,16.0,957.8,1
2019-11-26 12:00:00,21.3,74,16.5,20.0,0.0,99,99,12,0,0.19,0.65,228.2,0.0,228.2,0.0,972.6,1
2019-11-26 13:00:00,21.4,75,16.7,20.1,0.0,92,91,8,0,0.21,0.64,290.4,52.7,237.7,78.2,906.8,1
2019-11-26 14:00:00,21.4,75,16.8,20.1,0.0,98,98,7,0,0.21,0.64,261.7,70.0,191.7,116.7,764.8,1
2019-11-26 15:00:00,21.1,78,17.0,20.5,0.0,100,99,4,0,0.14,0.56,139.6,3.3,136.2,7.1,556.2,1
2019-11-26 16:00:00,20.5,81,17.2,20.5,0.0,100,100,5,0,0.08,0.46,46.1,0.0,46.1,0.0,295.3,1
2019-11-26 17:00:00,20.1,83,17.1,20.0,0.0,100,100,4,0,0.06,0.41,0.0,0.0,0.0,0.0,0.0,0
2019-11-26 18:00:00,19.8,86,17.3,19.8,0.0,98,98,3,0,0.02,0.33,0.0,0.0,0.0,0.0,0.0,0
2019-11-26 19:00:00,19.8,86,17.3,19.8,0.1,100,100,3,0,0.02,0.33,0.0,0.0,0.0,0.0,0.0,0
2019-11-26 20:00:00,20.1,86,17.7,20.6,0.1,100,100,0,0,0.02,0.32,0.0,0.0,0.0,0.0,0.0,0
2019-11-26 21:00:00,20.2,86,17.7,20.6,0.2,100,100,3,0,0.02,0.34,0.0,0.0,0.0,0.0,0.0,0
2019-11-26 22:00:00,20.0,87,17.7,20.4,0.1,100,100,17,0,0.02,0.31,0.0,0.0,0.0,0.0,0.0,0
2019-11-26 23:00:00,20.0,87,17.7,20.4,0.1,100,100,28,0,0.02,0.31,0.0,0.0,0.0,0.0,0.0,0
2019-11-27 00:00:00,19.9,87,17.8,20.6,0.1,100,100,31,0,0.01,0.29,0.0,0.0,0.0,0.0,0.0,0
2019-11-27 01:00:00,20.0,87,17.7,20.7,0.1,100,100,26,0,0.01,0.31,0.0,0.0,0.0,0.0,0.0,0
2019-11-27 02:00:00,19.8,88,17.8,20.6,0.1,100,100,23,0,0.01,0.27,0.0,0.0,0.0,0.0,0.0,0
2019-11-27 03:00:00,19.8,88,17.8,20.6,0.1,99,99,22,0,0.01,0.28,0.0,0.0,0.0,0.0,0.0,0
2019-11-27 04:00:00,19.6,90,17.9,20.5,0.1,99,98,25,0,0.01,0.24,0.0,0.0,0.0,0.0,0.0,0
2019-11-27 05:00:00,19.7,89,17.8,20.5,0.1,98,98,23,0,0.01,0.25,0.0,0.0,0.0,0.0,0.0,0
2019-11-27 06:00:00,19.6,89,17.8,20.5,0.1,100,100,19,0,0.01,0.24,0.0,0.0,0.0,0.0,0.0,0
2019-11-27 07:00:00,19.7,89,17.8,20.5,0.1,99,99,10,0,0.04,0.26,13.3,0.0,13.3,0.0,186.4,1
2019-11-27 08:00:00,20.5,87,18.3,21.6,0.1,99,70,12,0,0.05,0.3,62.1,0.0,62.1,0.0,462.1,1
2019-11-27 09:00:00,21.5,83,18.4,22.0,0.0,48,46,13,0,0.13,0.44,203.5,39.3,164.2,94.9,691.7,1
2019-11-27 10:00:00,22.0,80,18.4,22.0,0.0,13,1,13,0,0.2,0.54,331.2,95.7,235.5,172.1,859.6,1
2019-11-27 11:00:00,22.8,75,18.2,22.6,0.0,64,62,11,0,0.26,0.69,418.0,186.0,232.0,286.0,954.5,1
2019-11-27 12:00:00,22.7,75,18.1,22.5,0.0,99,99,8,0,0.25,0.69,360.3,97.1,263.3,140.8,969.7,1
2019-11-27 13:00:00,22.1,78,18.1,22.1,0.0,100,100,4,0,0.18,0.59,233.9,25.9,208.0,38.5,904.4,1
2019-11-27 14:00:00,21.5,80,18.0,21.4,0.0,100,100,1,0,0.15,0.5,168.1,0.0,168.1,0.0,762.9,1
2019-11-27 15:00:00,21.3,80,17.8,21.1,0.1,99,99,1,0,0.14,0.49,141.3,18.4,122.9,38.9,554.9,1
2019-11-27 16:00:00,20.6,83,17.7,21.1,0.0,99,99,1,0,0.07,0.4,39.9,0.7,39.2,2.3,294.5,1
2019-11-27 17:00:00,20.2,84,17.5,20.7,0.0,93,93,1,0,0.05,0.37,0.0,0.0,0.0,0.0,0.0,0
2019-11-27 18:00:00,19.9,84,17.1,20.4,0.0,94,94,1,0,0.02,0.37,0.0,0.0,0.0,0.0,0.0,0
2019-11-27 19:00:00,19.7,83,16.6,20.1,0.0,90,90,1,0,0.02,0.4,0.0,0.0,0.0,0.0,0.0,0
2019-11-27 20:00:00,19.5,81,16.1,20.2,0.0,96,80,1,0,0.01,0.44,0.0,0.0,0.0,0.0,0.0,0
2019-11-27 21:00:00,19.7,80,16.1,20.4,0.0,96,96,3,0,0.02,0.47,0.0,0.0,0.0,0.0,0.0,0
2019-11-27 22:00:00,19.7,78,15.8,20.5,0.0,96,96,8,0,0.01,0.5,0.0,0.0,0.0,0.0,0.0,0
2019-11-27 23:00:00,19.4,81,16.0,20.3,0.1,98,98,11,0,0.01,0.44,0.0,0.0,0.0,0.0,0.0,0
2019-11-28 00:00:00,19.3,81,16.0,20.0,0.1,95,95,23,0,0.01,0.42,0.0,0.0,0.0,0.0,0.0,0
2019-11-28 01:00:00,19.0,83,16.1,20.0,0.1,100,100,40,0,0.0,0.37,0.0,0.0,0.0,0.0,0.0,0
2019-11-28 02:00:00,18.7,85,16.1,19.7,0.1,95,94,41,0,0.0,0.33,0.0,0.0,0.0,0.0,0.0,0
2019-11-28 03:00:00,18.5,83,15.7,18.9,0.1,95,95,28,0,0.01,0.35,0.0,0.0,0.0,0.0,0.0,0
2019-11-28 04:00:00,18.4,83,15.5,19.0,0.1,100,100,36,0,0.01,0.36,0.0,0.0,0.0,0.0,0.0,0
2019-11-28 05:00:00,18.2,83,15.3,18.4,0.1,100,100,68,0,0.01,0.35,0.0,0.0,0.0,0.0,0.0,0
2019-11-28 06:00:00,17.9,83,15.0,17.9,0.1,100,100,96,0,0.01,0.35,0.0,0.0,0.0,0.0,0.0,0
2019-11-28 07:00:00,18.0,82,14.9,18.2,0.1,99,97,98,0,0.04,0.38,11.2,0.0,11.2,0.0,182.6,1
2019-11-28 08:00:00,18.8,83,15.9,19.4,0.1,99,68,50,0,0.06,0.37,89.3,11.3,77.9,49.3,458.2,1
2019-11-28 09:00:00,19.0,80,15.5,18.9,0.2,96,96,61,0,0.1,0.43,135.8,8.3,127.5,20.3,687.9,1
2019-11-28 10:00:00,18.7,81,15.3,18.1,0.2,100,100,72,0,0.11,0.42,133.2,13.2,120.0,23.9,856.1,1
2019-11-28 11:00:00,18.6,80,15.1,17.9,0.2,96,96,87,0,0.13,0.43,172.5,11.5,161.0,17.8,951.3,1
2019-11-28 12:00:00,18.6,79,14.9,17.7,0.2,100,100,94,0,0.16,0.45,227.3,22.0,205.2,32.0,967.0,1
2019-11-28 13:00:00,18.3,79,14.5,17.4,0.2,100,98,100,0,0.15,0.45,201.3,40.3,161.0,60.1,902.1,1
2019-11-28 14:00:00,18.0,78,14.1,17.0,0.2,100,97,100,0,0.15,0.46,191.7,47.3,144.5,79.3,761.1,1
2019-11-28 15:00:00,17.8,79,14.1,17.8,0.2,100,97,100,0,0.11,0.43,118.7,14.2,104.5,30.1,553.6,1
2019-11-28 16:00:00,17.3,81,14.1,17.4,0.2,100,99,100,0,0.06,0.37,35.7,3.4,32.3,11.3,293.7,1
2019-11-28 17:00:00,16.9,80,13.5,16.6,0.2,99,99,94,0,0.04,0.38,0.0,0.0,0.0,0.0,0.0,0
2019-11-28 18:00:00,16.5,81,13.2,15.7,0.2,100,100,93,0,0.02,0.36,0.0,0.0,0.0,0.0,0.0,0
2019-11-28 19:00:00,16.4,79,12.7,15.7,0.1,99,99,96,0,0.02,0.4,0.0,0.0,0.0,0.0,0.0,0
2019-11-28 20:00:00,16.5,77,12.4,15.6,0.1,99,100,91,0,0.02,0.44,0.0,0.0,0.0,0.0,0.0,0
2019-11-28 21:00:00,16.6,76,12.4,15.4,0.0,99,99,89,0,0.03,0.44,0.0,0.0,0.0,0.0,0.0,0
2019-11-28 22:00:00,16.6,76,12.4,15.3,0.0,96,96,85,0,0.03,0.44,0.0,0.0,0.0,0.0,0.0,0
2019-11-28 23:00:00,16.5,78,12.7,15.3,0.0,85,83,79,0,0.03,0.41,0.0,0.0,0.0,0.0,0.0,0
2019-11-29 00:00:00,16.4,80,12.9,15.3,0.1,68,56,66,0,0.02,0.37,0.0,0.0,0.0,0.0,0.0,0
2019-11-29 01:00:00,16.3,79,12.6,15.5,0.1,100,100,76,0,0.02,0.39,0.0,0.0,0.0,0.0,0.0,0
2019-11-29 02:00:00,16.3,79,12.7,15.8,0.1,76,49,74,0,0.01,0.39,0.0,0.0,0.0,0.0,0.0,0
2019-11-29 03:00:00,16.2,79,12.5,16.0,0.0,90,82,88,0,0.01,0.39,0.0,0.0,0.0,0.0,0.0,0
2019-11-29 04:00:00,16.1,79,12.5,15.7,0.0,99,99,76,0,0.01,0.38,0.0,0.0,0.0,0.0,0.0,0
2019-11-29 05:00:00,16.3,78,12.5,15.9,0.0,99,99,65,0,0.01,0.4,0.0,0.0,0.0,0.0,0.0,0
2019-11-29 06:00:00,16.3,79,12.7,16.0,0.0,95,94,54,0,0.01,0.38,0.0,0.0,0.0,0.0,0.0,0
2019-11-29 07:00:00,16.6,78,12.6,16.0,0.0,69,68,49,0,0.04,0.43,22.4,2.2,20.1,12.7,178.8,1
2019-11-29 08:00:00,18.6,71,13.3,17.9,0.0,48,47,47,0,0.1,0.62,153.6,55.5,98.1,243.9,454.3,1
2019-11-29 09:00:00,20.0,60,12.0,18.0,0.0,27,1,27,0,0.22,0.94,357.8,237.3,120.4,581.4,684.2,1
2019-11-29 10:00:00,20.1,64,13.2,18.1,0.0,28,23,25,0,0.28,0.84,495.7,348.1,147.6,632.1,852.6,1
2019-11-29 11:00:00,20.7,61,12.9,18.7,0.0,46,46,2,0,0.32,0.95,512.4,285.5,226.9,442.5,948.1,1
2019-11-29 12:00:00,21.1,57,12.4,19.1,0.0,75,75,4,0,0.38,1.07,587.8,387.6,200.3,565.7,964.3,1
2019-11-29 13:00:00,20.9,58,12.4,18.8,0.0,62,62,13,0,0.31,1.04,423.8,162.0,261.7,242.6,900.0,1
2019-11-29 14:00:00,20.5,62,12.8,18.7,0.0,100,100,14,0,0.23,0.93,260.8,67.3,193.6,113.1,759.5,1
2019-11-29 15:00:00,20.3,63,13.1,18.7,0.0,65,64,20,0,0.21,0.87,224.9,85.3,139.6,181.3,552.5,1
2019-11-29 16:00:00,19.5,71,14.0,18.3,0.0,35,30,32,0,0.14,0.67,125.8,46.0,79.7,151.8,293.1,1
2019-11-29 17:00:00,18.5,77,14.3,18.0,0.0,64,63,16,0,0.06,0.49,0.0,0.0,0.0,0.0,0.0,0
2019-11-29 18:00:00,18.3,79,14.6,18.3,0.1,100,100,13,0,0.02,0.44,0.0,0.0,0.0,0.0,0.0,0
2019-11-29 19:00:00,18.0,82,14.9,18.2,0.0,27,23,14,0,0.01,0.38,0.0,0.0,0.0,0.0,0.0,0
2019-11-29 20:00:00,17.9,91,16.4,18.7,0.1,16,82,34,0,0.0,0.19,0.0,0.0,0.0,0.0,0.0,0
2019-11-29 21:00:00,18.5,90,16.8,19.0,0.2,51,48,17,0,0.0,0.22,0.0,0.0,0.0,0.0,0.0,0
2019-11-29 22:00:00,18.6,90,16.8,19.3,0.1,71,68,27,0,0.0,0.22,0.0,0.0,0.0,0.0,0.0,0
2019-11-29 23:00:00,18.6,90,17.0,19.3,0.2,27,10,27,0,0.0,0.21,0.0,0.0,0.0,0.0,0.0,0
2019-11-30 00:00:00,18.2,92,16.9,19.2,0.0,26,2,25,0,0.0,0.16,0.0,0.0,0.0,0.0,0.0,0
2019-11-30 01:00:00,18.2,93,17.1,19.2,0.2,91,89,54,0,0.0,0.15,0.0,0.0,0.0,0.0,0.0,0
2019-11-30 02:00:00,18.8,90,17.2,19.6,0.4,39,34,31,0,0.0,0.21,0.0,0.0,0.0,0.0,0.0,0
2019-11-30 03:00:00,18.4,90,16.8,18.9,0.1,43,39,25,0,0.0,0.21,0.0,0.0,0.0,0.0,0.0,0
2019-11-30 04:00:00,18.6,90,16.9,19.1,0.0,10,3,9,0,0.0,0.22,0.0,0.0,0.0,0.0,0.0,0
2019-11-30 05:00:00,18.4,91,16.9,18.9,0.0,12,5,12,0,0.0,0.19,0.0,0.0,0.0,0.0,0.0,0
2019-11-30 06:00:00,18.3,92,17.0,19.1,0.2,83,83,12,0,0.0,0.17,0.0,0.0,0.0,0.0,0.0,0
2019-11-30 07:00:00,19.4,88,17.4,19.9,0.1,83,81,56,0,0.04,0.27,22.4,4.5,17.9,25.6,175.0,1
2019-11-30 08:00:00,20.4,88,18.4,21.8,0.4,91,31,38,0,0.07,0.28,161.2,72.8,88.5,324.0,450.6,1
2019-11-30 09:00:00,22.0,84,19.1,23.2,0.1,24,12,23,0,0.15,0.43,273.4,160.0,113.4,394.6,680.5,1
2019-11-30 10:00:00,23.0,75,18.3,23.1,0.1,48,42,29,0,0.27,0.71,470.6,320.7,149.9,585.3,849.2,1
2019-11-30 11:00:00,22.8,73,17.8,22.8,0.1,40,38,14,0,0.24,0.74,358.8,202.9,155.9,315.8,945.1,1
2019-11-30 12:00:00,23.4,71,17.8,23.1,0.1,43,42,22,0,0.35,0.85,550.9,421.7,129.2,617.6,961.7,1
2019-11-30 13:00:00,23.5,68,17.3,23.2,0.1,27,24,21,0,0.36,0.92,545.6,396.0,149.6,594.7,897.9,1
2019-11-30 14:00:00,22.8,70,17.1,22.5,0.1,31,17,29,0,0.28,0.83,371.8,247.2,124.5,416.8,758.0,1
2019-11-30 15:00:00,22.5,70,16.9,22.1,0.0,48,9,47,0,0.25,0.81,309.3,219.9,89.4,468.6,551.5,1
2019-11-30 16:00:00,21.7,75,17.1,21.9,0.0,18,16,13,0,0.15,0.65,140.9,88.0,52.9,290.5,292.6,1
2019-11-30 17:00:00,20.9,75,16.2,20.6,0.0,16,15,7,0,0.08,0.62,0.0,0.0,0.0,0.0,0.0,0
2019-11-30 18:00:00,20.7,74,16.0,20.3,0.0,22,15,20,0,0.05,0.62,0.0,0.0,0.0,0.0,0.0,0
2019-11-30 19:00:00,20.4,76,16.0,20.2,0.0,17,10,16,0,0.04,0.58,0.0,0.0,0.0,0.0,0.0,0
2019-11-30 20:00:00,20.3,79,16.6,21.2,0.0,63,0,80,0,0.02,0.5,0.0,0.0,0.0,0.0,0.0,0
2019-11-30 21:00:00,20.7,78,16.7,21.1,0.0,32,3,32,0,0.03,0.55,0.0,0.0,0.0,0.0,0.0,0
2019-11-30 22:00:00,20.5,79,16.7,20.8,0.0,24,15,23,0,0.03,0.5,0.0,0.0,0.0,0.0,0.0,0
2019-11-30 23:00:00,20.2,79,16.4,20.8,0.0,34,19,32,0,0.02,0.5,0.0,0.0,0.0,0.0,0.0,0
2019-12-01 00:00:00,20.1,79,16.3,21.0,0.0,57,10,57,0,0.01,0.49,0.0,0.0,0.0,0.0,0.0,0
2019-12-01 01:00:00,19.8,80,16.3,21.0,0.0,94,16,94,0,0.01,0.46,0.0,0.0,0.0,0.0,0.0,0
2019-12-01 02:00:00,19.2,83,16.3,20.6,0.0,92,11,92,0,0.0,0.37,0.0,0.0,0.0,0.0,0.0,0
2019-12-01 03:00:00,18.7,86,16.3,20.0,0.0,73,2,73,0,0.0,0.3,0.0,0.0,0.0,0.0,0.0,0
2019-12-01 04:00:00,20.1,78,16.1,22.0,0.0,58,1,58,0,0.0,0.52,0.0,0.0,0.0,0.0,0.0,0
2019-12-01 05:00:00,18.7,87,16.5,20.1,0.0,54,0,54,0,0.0,0.28,0.0,0.0,0.0,0.0,0.0,0
2019-12-01 06:00:00,17.6,95,16.8,19.3,0.0,41,16,38,0,0.0,0.09,0.0,0.0,0.0,0.0,0.0,0
2019-12-01 07:00:00,17.6,96,17.0,19.5,0.0,55,52,18,0,0.01,0.08,31.5,9.0,22.5,51.5,171.3,1
2019-12-01 08:00:00,19.1,92,17.7,21.5,0.0,24,13,3,44,0.07,0.19,173.3,85.9,87.4,387.2,446.9,1
2019-12-01 09:00:00,21.7,80,18.1,24.3,0.0,24,5,2,20,0.2,0.52,398.0,271.3,126.7,673.8,677.0,1
2019-12-01 10:00:00,24.1,70,18.4,26.8,0.0,2,1,2,0,0.32,0.89,544.8,426.8,118.0,782.6,845.9,1
2019-12-01 11:00:00,25.8,58,17.0,28.2,0.0,3,1,1,2,0.42,1.39,650.9,542.0,108.8,846.7,942.2,1
2019-12-01 12:00:00,26.5,53,16.0,28.2,0.0,3,0,3,0,0.47,1.64,670.3,564.1,106.2,828.7,959.3,1
2019-12-01 13:00:00,25.4,66,18.5,27.0,0.0,14,0,14,0,0.41,1.12,584.1,479.6,104.5,722.0,896.0,1
2019-12-01 14:00:00,23.8,71,18.2,24.7,0.0,24,0,24,0,0.34,0.86,486.4,387.3,99.1,654.5,756.6,1
2019-12-01 15:00:00,22.9,71,17.3,23.8,0.0,7,1,6,0,0.25,0.82,328.6,248.3,80.3,530.3,550.7,1
2019-12-01 16:00:00,21.9,76,17.5,23.4,0.0,16,15,3,0,0.14,0.63,151.2,99.7,51.6,329.7,292.2,1
2019-12-01 17:00:00,19.9,87,17.7,22.1,0.0,53,53,1,0,0.03,0.31,0.0,0.0,0.0,0.0,0.0,0
2019-12-01 18:00:00,19.3,90,17.7,21.6,0.1,29,28,4,0,0.0,0.21,0.0,0.0,0.0,0.0,0.0,0
2019-12-01 19:00:00,18.8,94,17.8,21.2,0.0,22,20,9,0,0.0,0.13,0.0,0.0,0.0,0.0,0.0,0
2019-12-01 20:00:00,19.7,89,17.8,21.7,0.1,44,53,51,0,0.0,0.26,0.0,0.0,0.0,0.0,0.0,0
2019-12-01 21:00:00,19.4,86,17.0,20.4,0.3,84,79,60,0,0.01,0.32,0.0,0.0,0.0,0.0,0.0,0
2019-12-01 22:00:00,19.0,86,16.5,20.1,0.1,74,66,59,0,0.0,0.31,0.0,0.0,0.0,0.0,0.0,0
2019-12-01 23:00:00,18.8,85,16.2,19.2,0.1,76,75,42,0,0.01,0.33,0.0,0.0,0.0,0.0,0.0,0
2019-12-02 00:00:00,18.4,84,15.6,18.2,0.1,91,91,27,0,0.02,0.34,0.0,0.0,0.0,0.0,0.0,0
2019-12-02 01:00:00,17.7,84,15.0,17.2,0.1,99,99,51,0,0.02,0.32,0.0,0.0,0.0,0.0,0.0,0
2019-12-02 02:00:00,17.0,81,13.8,16.3,0.0,95,95,50,0,0.02,0.36,0.0,0.0,0.0,0.0,0.0,0
2019-12-02 03:00:00,16.8,79,13.1,16.1,0.0,97,97,24,0,0.02,0.4,0.0,0.0,0.0,0.0,0.0,0
2019-12-02 04:00:00,16.2,77,12.2,15.2,0.0,99,98,22,0,0.02,0.43,0.0,0.0,0.0,0.0,0.0,0
2019-12-02 05:00:00,15.7,76,11.5,14.6,0.0,100,100,7,0,0.02,0.42,0.0,0.0,0.0,0.0,0.0,0
2019-12-02 06:00:00,15.3,77,11.3,14.5,0.0,100,100,1,0,0.01,0.4,0.0,0.0,0.0,0.0,0.0,0
2019-12-02 07:00:00,15.2,76,11.0,14.9,0.1,100,100,0,0,0.03,0.42,9.0,0.0,9.0,0.0,167.7,1
2019-12-02 08:00:00,16.5,74,11.9,15.9,0.1,100,99,91,0,0.06,0.49,37.4,1.4,35.9,6.6,443.2,1
2019-12-02 09:00:00,16.6,73,11.7,15.4,0.1,100,100,100,0,0.09,0.52,92.1,10.8,81.4,26.9,673.5,1
2019-12-02 10:00:00,16.5,73,11.6,15.2,0.2,100,98,100,0,0.11,0.51,139.0,9.9,129.1,18.3,842.7,1
2019-12-02 11:00:00,16.6,70,11.2,14.8,0.1,99,99,99,0,0.16,0.56,240.8,30.4,210.4,47.6,939.4,1
2019-12-02 12:00:00,16.2,70,10.8,14.4,0.1,100,100,76,35,0.15,0.55,194.4,14.0,180.4,20.7,957.0,1
2019-12-02 13:00:00,15.8,69,10.2,13.8,0.1,100,100,61,26,0.15,0.56,192.8,18.2,174.6,27.5,894.2,1
2019-12-02 14:00:00,15.1,71,9.8,13.2,0.1,100,100,47,42,0.1,0.5,91.8,0.9,90.9,1.5,755.4,1
2019-12-02 15:00:00,14.9,68,9.1,12.9,0.0,100,99,48,46,0.1,0.54,78.6,5.0,73.6,10.7,550.0,1
2019-12-02 16:00:00,14.9,65,8.3,12.8,0.0,97,97,25,0,0.09,0.6,52.3,2.8,49.5,9.1,292.0,1
2019-12-02 17:00:00,14.4,65,7.8,12.3,0.0,98,98,12,0,0.06,0.58,0.0,0.0,0.0,0.0,0.0,0
2019-12-02 18:00:00,14.3,65,7.8,12.5,0.0,87,87,1,0,0.03,0.57,0.0,0.0,0.0,0.0,0.0,0
2019-12-02 19:00:00,14.4,63,7.5,12.7,0.0,94,94,0,0,0.02,0.61,0.0,0.0,0.0,0.0,0.0,0
2019-12-02 20:00:00,14.6,74,9.9,13.4,0.0,98,95,5,0,0.01,0.44,0.0,0.0,0.0,0.0,0.0,0
2019-12-02 21:00:00,15.3,62,8.1,13.7,0.0,96,96,31,0,0.03,0.65,0.0,0.0,0.0,0.0,0.0,0
2019-12-02 22:00:00,15.1,60,7.5,13.4,0.0,100,100,35,0,0.03,0.68,0.0,0.0,0.0,0.0,0.0,0
2019-12-02 23:00:00,15.0,60,7.3,13.2,0.0,100,100,44,0,0.03,0.69,0.0,0.0,0.0,0.0,0.0,0
2019-12-03 00:00:00,15.1,57,6.7,12.7,0.0,98,98,41,0,0.05,0.73,0.0,0.0,0.0,0.0,0.0,0
2019-12-03 01:00:00,14.8,59,6.8,12.6,0.0,98,98,28,0,0.04,0.7,0.0,0.0,0.0,0.0,0.0,0
2019-12-03 02:00:00,14.7,59,6.7,12.4,0.0,98,98,27,0,0.04,0.69,0.0,0.0,0.0,0.0,0.0,0
2019-12-03 03:00:00,14.6,60,6.9,12.5,0.0,100,98,20,77,0.04,0.66,0.0,0.0,0.0,0.0,0.0,0
2019-12-03 04:00:00,14.4,61,7.1,12.2,0.0,100,98,30,87,0.04,0.64,0.0,0.0,0.0,0.0,0.0,0
2019-12-03 05:00:00,14.4,63,7.4,12.1,0.0,100,99,47,65,0.04,0.62,0.0,0.0,0.0,0.0,0.0,0
2019-12-03 06:00:00,14.5,63,7.5,12.1,0.0,100,98,60,91,0.04,0.61,0.0,0.0,0.0,0.0,0.0,0
2019-12-03 07:00:00,14.6,66,8.3,12.5,0.0,99,94,42,89,0.06,0.57,15.9,2.3,13.6,13.0,164.1,1
2019-12-03 08:00:00,16.3,58,8.0,14.0,0.0,99,96,33,71,0.11,0.78,145.7,50.5,95.2,233.1,439.7,1
2019-12-03 09:00:00,17.1,52,7.1,13.7,0.0,98,86,36,87,0.18,0.94,216.9,50.3,166.5,126.6,670.1,1
2019-12-03 10:00:00,18.0,49,7.0,13.9,0.0,100,100,42,92,0.28,1.06,413.0,167.8,245.1,310.6,839.6,1
2019-12-03 11:00:00,18.2,49,7.2,14.1,0.0,100,100,51,95,0.29,1.07,388.5,110.0,278.6,173.0,936.7,1
2019-12-03 12:00:00,17.8,53,8.2,14.0,0.0,100,98,65,94,0.27,0.96,356.9,90.2,266.7,133.3,954.8,1
2019-12-03 13:00:00,18.2,52,8.1,14.4,0.0,100,100,61,87,0.32,1.01,461.5,200.5,261.0,303.4,892.5,1
2019-12-03 14:00:00,17.2,57,8.5,13.8,0.0,97,80,52,84,0.22,0.85,260.1,100.0,160.1,169.8,754.3,1
2019-12-03 15:00:00,17.1,58,8.7,13.8,0.0,91,1,49,82,0.2,0.83,215.8,92.8,123.0,198.9,549.4,1
2019-12-03 16:00:00,16.7,59,8.8,13.7,0.0,69,12,28,57,0.15,0.77,114.2,40.6,73.6,134.6,291.8,1
2019-12-03 17:00:00,15.7,63,8.6,13.1,0.0,62,0,15,55,0.08,0.67,0.0,0.0,0.0,0.0,0.0,0
2019-12-03 18:00:00,15.4,64,8.5,12.9,0.0,14,6,13,0,0.05,0.64,0.0,0.0,0.0,0.0,0.0,0
2019-12-03 19:00:00,15.3,65,8.7,12.8,0.0,19,16,18,0,0.05,0.61,0.0,0.0,0.0,0.0,0.0,0
2019-12-03 20:00:00,16.1,63,9.2,13.6,0.0,30,25,28,28,0.06,0.67,0.0,0.0,0.0,0.0,0.0,0
2019-12-03 21:00:00,16.3,63,9.3,13.8,0.0,17,8,17,0,0.06,0.68,0.0,0.0,0.0,0.0,0.0,0
2019-12-03 22:00:00,16.0,62,8.7,13.3,0.0,34,32,27,0,0.06,0.69,0.0,0.0,0.0,0.0,0.0,0
2019-12-03 23:00:00,15.8,64,9.0,13.1,0.0,56,28,27,39,0.06,0.65,0.0,0.0,0.0,0.0,0.0,0
2019-12-04 00:00:00,15.8,64,8.9,13.2,0.0,46,26,32,40,0.06,0.66,0.0,0.0,0.0,0.0,0.0,0
2019-12-04 01:00:00,15.7,65,9.2,13.4,0.0,43,2,12,36,0.05,0.62,0.0,0.0,0.0,0.0,0.0,0
2019-12-04 02:00:00,15.3,67,9.3,13.3,0.0,68,28,26,55,0.04,0.57,0.0,0.0,0.0,0.0,0.0,0
2019-12-04 03:00:00,15.5,66,9.2,13.2,0.0,58,18,24,45,0.05,0.6,0.0,0.0,0.0,0.0,0.0,0
2019-12-04 04:00:00,15.4,65,8.9,13.1,0.0,59,12,16,51,0.05,0.61,0.0,0.0,0.0,0.0,0.0,0
2019-12-04 05:00:00,15.3,66,9.0,13.0,0.0,93,57,31,84,0.05,0.59,0.0,0.0,0.0,0.0,0.0,0
2019-12-04 06:00:00,15.6,65,9.2,13.0,0.0,86,63,52,63,0.06,0.61,0.0,0.0,0.0,0.0,0.0,0
2019-12-04 07:00:00,16.0,64,9.3,13.4,0.0,76,64,53,53,0.08,0.65,20.4,2.3,18.2,13.1,160.6,1
2019-12-04 08:00:00,17.4,61,9.9,15.0,0.0,91,19,28,37,0.12,0.77,140.4,46.3,94.1,216.4,436.2,1
2019-12-04 09:00:00,18.1,55,9.0,14.5,0.0,78,76,22,0,0.22,0.94,331.1,213.5,117.6,540.7,666.8,1
2019-12-04 10:00:00,18.5,56,9.5,14.6,0.0,100,100,17,0,0.27,0.95,407.7,213.2,194.4,396.4,836.7,1
2019-12-04 11:00:00,18.0,55,9.0,14.4,0.0,100,100,14,39,0.21,0.92,225.2,10.5,214.8,16.5,934.2,1
2019-12-04 12:00:00,17.9,58,9.5,14.4,0.0,100,100,79,1,0.22,0.87,260.7,40.1,220.6,59.4,952.7,1
2019-12-04 13:00:00,17.9,58,9.4,14.1,0.0,100,100,59,42,0.22,0.87,239.9,36.5,203.5,55.3,891.0,1
2019-12-04 14:00:00,17.5,60,9.6,14.4,0.0,98,97,77,31,0.18,0.81,152.8,6.4,146.4,10.8,753.3,1
2019-12-04 15:00:00,17.4,60,9.5,14.4,0.0,100,94,96,90,0.16,0.8,126.3,11.7,114.6,25.1,548.9,1
2019-12-04 16:00:00,17.1,62,9.6,14.7,0.0,100,100,100,93,0.11,0.75,35.8,0.0,35.8,0.0,291.9,1
2019-12-04 17:00:00,16.5,66,10.0,14.3,0.0,100,100,98,96,0.08,0.64,0.0,0.0,0.0,0.0,0.0,0
2019-12-04 18:00:00,16.7,62,9.3,14.4,0.0,99,99,93,94,0.06,0.73,0.0,0.0,0.0,0.0,0.0,0
2019-12-04 19:00:00,16.5,65,9.8,14.4,0.0,100,99,100,34,0.05,0.67,0.0,0.0,0.0,0.0,0.0,0
2019-12-04 20:00:00,16.3,70,10.9,14.8,0.4,100,28,100,81,0.03,0.55,0.0,0.0,0.0,0.0,0.0,0
2019-12-04 21:00:00,16.1,76,11.8,14.4,0.7,100,1,100,100,0.03,0.45,0.0,0.0,0.0,0.0,0.0,0
2019-12-04 22:00:00,15.4,86,13.0,14.2,1.0,100,5,98,99,0.01,0.25,0.0,0.0,0.0,0.0,0.0,0
2019-12-04 23:00:00,15.4,86,13.1,14.5,1.2,95,0,75,93,0.01,0.24,0.0,0.0,0.0,0.0,0.0,0
2019-12-05 00:00:00,15.7,79,12.1,14.2,0.9,98,76,91,91,0.02,0.37,0.0,0.0,0.0,0.0,0.0,0
2019-12-05 01:00:00,15.2,83,12.3,14.2,0.3,100,62,100,95,0.01,0.3,0.0,0.0,0.0,0.0,0.0,0
2019-12-05 02:00:00,15.1,83,12.2,14.1,0.7,100,89,100,93,0.01,0.3,0.0,0.0,0.0,0.0,0.0,0
2019-12-05 03:00:00,14.8,85,12.3,13.6,0.6,100,100,100,97,0.01,0.25,0.0,0.0,0.0,0.0,0.0,0
2019-12-05 04:00:00,14.8,86,12.4,13.7,0.7,100,100,100,100,0.01,0.24,0.0,0.0,0.0,0.0,0.0,0
2019-12-05 05:00:00,14.8,86,12.4,13.7,1.5,100,93,100,100,0.01,0.24,0.0,0.0,0.0,0.0,0.0,0
2019-12-05 06:00:00,14.9,86,12.5,13.9,4.1,100,44,100,100,0.01,0.24,0.0,0.0,0.0,0.0,0.0,0
2019-12-05 07:00:00,14.6,86,12.4,13.4,1.9,100,100,100,82,0.04,0.23,4.6,0.0,4.6,0.0,157.2,1
2019-12-05 08:00:00,15.2,83,12.3,14.0,0.9,100,18,100,53,0.05,0.3,26.2,0.0,26.2,0.0,432.9,1
2019-12-05 09:00:00,16.1,81,12.9,14.8,0.2,100,35,100,63,0.07,0.35,84.1,1.2,82.9,3.1,663.7,1
2019-12-05 10:00:00,16.3,78,12.5,14.9,0.3,100,18,100,65,0.09,0.4,86.2,0.0,86.2,0.0,833.8,1
2019-12-05 11:00:00,17.1,78,13.1,15.7,0.3,100,72,100,42,0.14,0.44,216.9,66.0,150.9,104.6,931.8,1
2019-12-05 12:00:00,16.1,83,13.2,14.9,0.3,99,35,99,24,0.09,0.31,105.3,0.0,105.3,0.0,950.8,1
2019-12-05 13:00:00,16.2,83,13.4,15.3,0.3,100,45,100,98,0.09,0.3,98.9,2.9,96.0,4.4,889.7,1
2019-12-05 14:00:00,16.1,88,14.0,15.7,0.6,100,1,100,100,0.07,0.23,74.6,0.0,74.6,0.0,752.5,1
2019-12-05 15:00:00,15.8,89,14.0,15.4,0.8,100,50,100,93,0.06,0.2,50.2,0.0,50.2,0.0,548.6,1
2019-12-05 16:00:00,15.5,86,13.1,14.7,1.5,100,1,100,100,0.04,0.25,15.8,0.0,15.8,0.0,292.0,1
2019-12-05 17:00:00,15.3,87,13.1,14.4,1.8,100,2,100,99,0.04,0.23,0.0,0.0,0.0,0.0,0.0,0
2019-12-05 18:00:00,15.3,86,13.0,14.8,1.5,100,1,100,71,0.0,0.25,0.0,0.0,0.0,0.0,0.0,0
2019-12-05 19:00:00,15.2,88,13.2,14.6,1.7,100,58,100,15,0.0,0.22,0.0,0.0,0.0,0.0,0.0,0
2019-12-05 20:00:00,15.6,85,13.1,14.0,1.4,100,0,100,2,0.02,0.27,0.0,0.0,0.0,0.0,0.0,0
2019-12-05 21:00:00,15.4,88,13.5,14.3,1.1,100,54,100,1,0.01,0.21,0.0,0.0,0.0,0.0,0.0,0
2019-12-05 22:00:00,15.4,88,13.4,13.9,0.7,100,4,100,100,0.01,0.21,0.0,0.0,0.0,0.0,0.0,0
2019-12-05 23:00:00,15.3,87,13.2,13.8,1.1,100,0,100,77,0.01,0.23,0.0,0.0,0.0,0.0,0.0,0
2019-12-06 00:00:00,15.3,88,13.3,14.2,1.4,100,4,100,82,0.01,0.21,0.0,0.0,0.0,0.0,0.0,0
2019-12-06 01:00:00,15.4,89,13.6,14.8,0.5,100,3,100,97,0.0,0.2,0.0,0.0,0.0,0.0,0.0,0
2019-12-06 02:00:00,15.4,88,13.5,14.7,0.9,100,21,100,49,0.0,0.2,0.0,0.0,0.0,0.0,0.0,0
2019-12-06 03:00:00,15.5,88,13.6,15.0,1.2,100,70,100,99,0.0,0.2,0.0,0.0,0.0,0.0,0.0,0
2019-12-06 04:00:00,15.3,89,13.5,14.7,3.1,100,0,100,99,0.0,0.19,0.0,0.0,0.0,0.0,0.0,0
2019-12-06 05:00:00,15.4,89,13.5,14.5,1.7,99,0,98,85,0.01,0.2,0.0,0.0,0.0,0.0,0.0,0
2019-12-06 06:00:00,15.3,88,13.4,14.3,1.2,100,1,100,96,0.01,0.2,0.0,0.0,0.0,0.0,0.0,0
2019-12-06 07:00:00,15.6,88,13.5,14.5,1.3,100,1,100,100,0.04,0.22,4.6,0.0,4.6,0.0,153.8,1
2019-12-06 08:00:00,15.9,86,13.6,15.1,1.9,100,100,100,80,0.04,0.25,23.3,0.0,23.3,0.0,429.6,1
2019-12-06 09:00:00,15.9,87,13.7,14.9,1.5,100,72,100,94,0.05,0.23,37.3,1.2,36.1,3.1,660.6,1
2019-12-06 10:00:00,15.8,86,13.5,14.8,1.0,100,1,100,99,0.07,0.24,90.7,1.1,89.6,2.1,831.1,1
2019-12-06 11:00:00,15.8,88,13.9,15.4,1.3,100,51,100,99,0.07,0.21,93.3,3.1,90.2,5.0,929.4,1
2019-12-06 12:00:00,15.9,87,13.8,15.1,1.8,100,35,100,94,0.06,0.23,58.2,0.0,58.2,0.0,949.0,1
2019-12-06 13:00:00,16.1,87,13.9,15.4,2.0,100,9,100,89,0.07,0.24,78.7,2.9,75.9,4.4,888.4,1
2019-12-06 14:00:00,16.1,87,14.0,15.9,1.7,100,23,100,100,0.06,0.23,64.6,1.8,62.8,3.1,751.8,1
2019-12-06 15:00:00,16.0,88,14.0,15.5,1.7,100,2,100,100,0.05,0.22,33.5,0.0,33.5,0.0,548.5,1
2019-12-06 16:00:00,15.6,89,13.7,14.7,1.8,100,0,100,64,0.04,0.2,12.4,0.0,12.4,0.0,292.3,1
2019-12-06 17:00:00,15.4,89,13.5,14.4,1.5,100,0,100,99,0.03,0.2,0.0,0.0,0.0,0.0,0.7,1
2019-12-06 18:00:00,15.2,88,13.2,13.7,1.4,100,0,96,100,0.01,0.21,0.0,0.0,0.0,0.0,0.0,0
2019-12-06 19:00:00,15.0,87,12.8,13.5,1.0,100,0,99,80,0.01,0.22,0.0,0.0,0.0,0.0,0.0,0
2019-12-06 20:00:00,15.1,85,12.6,13.6,1.5,99,8,100,100,0.02,0.26,0.0,0.0,0.0,0.0,0.0,0
2019-12-06 21:00:00,14.8,86,12.5,13.3,1.7,100,72,99,35,0.01,0.23,0.0,0.0,0.0,0.0,0.0,0
2019-12-06 22:00:00,14.4,86,12.2,13.0,0.8,100,99,93,24,0.01,0.22,0.0,0.0,0.0,0.0,0.0,0
2019-12-06 23:00:00,14.1,87,12.0,12.7,0.6,100,100,97,28,0.01,0.21,0.0,0.0,0.0,0.0,0.0,0
2019-12-07 00:00:00,14.0,86,11.7,12.6,1.1,100,44,99,57,0.01,0.22,0.0,0.0,0.0,0.0,0.0,0
2019-12-07 01:00:00,13.6,87,11.5,12.2,1.2,99,5,99,76,0.01,0.2,0.0,0.0,0.0,0.0,0.0,0
2019-12-07 02:00:00,13.8,86,11.4,13.1,0.6,100,94,100,92,0.0,0.23,0.0,0.0,0.0,0.0,0.0,0
2019-12-07 03:00:00,13.4,87,11.3,12.8,0.5,98,37,98,12,0.0,0.2,0.0,0.0,0.0,0.0,0.0,0
2019-12-07 04:00:00,13.5,88,11.6,13.3,0.5,100,29,100,0,0.0,0.18,0.0,0.0,0.0,0.0,0.0,0
2019-12-07 05:00:00,13.4,88,11.4,13.0,0.5,100,3,100,0,0.0,0.19,0.0,0.0,0.0,0.0,0.0,0
2019-12-07 06:00:00,13.4,89,11.6,13.4,0.3,100,99,100,0,0.0,0.17,0.0,0.0,0.0,0.0,0.0,0
2019-12-07 07:00:00,13.4,86,11.2,13.0,0.2,100,96,100,0,0.03,0.21,4.6,0.0,4.6,0.0,150.4,1
2019-12-07 08:00:00,14.2,85,11.8,14.3,0.2,100,92,100,0,0.03,0.24,32.2,0.0,32.2,0.0,426.3,1
2019-12-07 09:00:00,14.6,84,12.0,14.7,0.1,100,65,100,0,0.05,0.26,68.6,0.0,68.6,0.0,657.5,1
2019-12-07 10:00:00,15.5,80,12.1,15.9,0.0,100,26,100,0,0.09,0.34,139.5,6.6,132.8,12.5,828.4,1
2019-12-07 11:00:00,16.2,72,11.2,16.0,0.0,100,3,100,0,0.1,0.51,144.7,3.1,141.6,5.0,927.2,1
2019-12-07 12:00:00,15.4,73,10.6,14.0,0.0,100,78,100,0,0.14,0.48,202.7,20.1,182.7,30.0,947.3,1
2019-12-07 13:00:00,15.7,70,10.3,14.6,0.0,100,98,100,0,0.12,0.53,143.1,31.7,111.4,48.3,887.3,1
2019-12-07 14:00:00,15.4,67,9.4,13.5,0.0,96,60,96,0,0.1,0.57,85.6,0.0,85.6,0.0,751.3,1
2019-12-07 15:00:00,15.4,66,9.1,13.6,0.0,100,67,100,0,0.11,0.59,90.4,15.9,74.5,34.2,548.5,1
2019-12-07 16:00:00,15.1,61,7.6,12.9,0.0,98,39,98,0,0.09,0.67,35.2,3.4,31.7,11.5,292.7,1
2019-12-07 17:00:00,14.3,62,7.1,12.7,0.0,92,13,92,0,0.05,0.62,0.2,0.0,0.1,0.3,1.5,1
2019-12-07 18:00:00,13.8,67,7.8,12.3,0.0,83,78,74,0,0.02,0.52,0.0,0.0,0.0,0.0,0.0,0
2019-12-07 19:00:00,13.5,68,7.8,11.6,0.0,56,44,54,0,0.02,0.49,0.0,0.0,0.0,0.0,0.0,0
2019-12-07 20:00:00,13.8,64,7.2,11.5,0.0,58,1,58,0,0.04,0.56,0.0,0.0,0.0,0.0,0.0,0
2019-12-07 21:00:00,13.4,66,7.2,11.4,0.0,84,44,83,0,0.02,0.52,0.0,0.0,0.0,0.0,0.0,0
2019-12-07 22:00:00,13.9,62,6.6,12.0,0.0,70,40,69,0,0.02,0.61,0.0,0.0,0.0,0.0,0.0,0
2019-12-07 23:00:00,13.6,60,6.1,11.6,0.0,57,30,55,0,0.03,0.62,0.0,0.0,0.0,0.0,0.0,0
2019-12-08 00:00:00,13.6,62,6.5,11.8,0.0,66,36,66,0,0.02,0.59,0.0,0.0,0.0,0.0,0.0,0
2019-12-08 01:00:00,12.7,77,8.7,11.1,0.0,59,45,56,0,0.01,0.34,0.0,0.0,0.0,0.0,0.0,0
2019-12-08 02:00:00,13.1,70,7.8,11.5,0.0,86,74,84,0,0.01,0.45,0.0,0.0,0.0,0.0,0.0,0
2019-12-08 03:00:00,13.6,67,7.5,11.7,0.0,54,33,53,0,0.02,0.52,0.0,0.0,0.0,0.0,0.0,0
2019-12-08 04:00:00,12.2,73,7.4,10.2,0.0,60,12,59,0,0.02,0.39,0.0,0.0,0.0,0.0,0.0,0
2019-12-08 05:00:00,12.4,77,8.4,11.0,0.0,47,41,45,0,0.01,0.34,0.0,0.0,0.0,0.0,0.0,0
2019-12-08 06:00:00,12.1,80,8.8,10.6,0.0,47,17,46,0,0.01,0.28,0.0,0.0,0.0,0.0,0.0,0
2019-12-08 07:00:00,12.9,79,9.4,11.8,0.0,52,40,46,0,0.03,0.31,25.4,6.9,18.4,39.9,147.0,1
2019-12-08 08:00:00,15.6,70,10.2,14.9,0.0,46,17,11,0,0.07,0.53,145.5,63.2,82.3,309.3,423.0,1
2019-12-08 09:00:00,17.3,59,9.1,15.9,0.0,14,2,14,0,0.17,0.81,330.2,161.5,168.7,419.1,654.5,1
2019-12-08 10:00:00,18.1,49,7.1,15.1,0.0,64,63,37,0,0.31,1.07,553.7,427.5,126.2,808.0,825.7,1
2019-12-08 11:00:00,18.1,52,8.0,15.1,0.0,100,100,87,0,0.32,1.01,527.7,304.3,223.5,486.4,925.1,1
2019-12-08 12:00:00,17.8,52,7.8,14.9,0.0,65,64,39,0,0.27,0.98,395.5,114.4,281.1,171.2,945.7,1
2019-12-08 13:00:00,18.4,49,7.4,15.8,0.0,22,21,16,0,0.35,1.09,549.5,380.4,169.1,581.2,886.3,1
2019-12-08 14:00:00,18.0,53,8.2,15.2,0.0,100,100,69,0,0.3,0.98,442.5,276.8,165.7,473.1,750.9,1
2019-12-08 15:00:00,17.6,53,8.0,15.1,0.0,22,4,7,16,0.22,0.95,256.4,105.6,150.8,227.2,548.6,1
2019-12-08 16:00:00,16.8,57,8.3,15.0,0.0,22,4,5,18,0.15,0.82,160.2,101.5,58.7,336.9,293.3,1
2019-12-08 17:00:00,14.5,65,7.9,12.8,0.0,4,0,4,0,0.05,0.59,1.1,0.6,0.5,3.2,2.4,1
2019-12-08 18:00:00,13.3,70,8.0,11.7,0.0,61,51,24,21,0.01,0.45,0.0,0.0,0.0,0.0,0.0,0
2019-12-08 19:00:00,14.7,65,8.3,13.0,0.0,48,43,12,9,0.03,0.58,0.0,0.0,0.0,0.0,0.0,0
2019-12-08 20:00:00,14.5,69,8.8,13.1,0.0,89,89,19,68,0.02,0.52,0.0,0.0,0.0,0.0,0.0,0
2019-12-08 21:00:00,14.5,70,9.1,13.2,0.0,100,99,14,65,0.01,0.5,0.0,0.0,0.0,0.0,0.0,0
2019-12-08 22:00:00,14.1,73,9.3,13.0,0.0,84,64,18,60,0.01,0.44,0.0,0.0,0.0,0.0,0.0,0
2019-12-08 23:00:00,14.4,71,9.1,13.1,0.0,74,42,17,57,0.01,0.48,0.0,0.0,0.0,0.0,0.0,0
2019-12-09 00:00:00,13.4,76,9.3,12.2,0.0,55,18,8,46,0.01,0.37,0.0,0.0,0.0,0.0,0.0,0
2019-12-09 01:00:00,12.8,80,9.4,11.6,0.0,100,100,9,74,0.0,0.29,0.0,0.0,0.0,0.0,0.0,0
2019-12-09 02:00:00,13.0,81,9.9,12.0,0.0,98,8,2,98,0.0,0.28,0.0,0.0,0.0,0.0,0.0,0
2019-12-09 03:00:00,12.7,83,9.9,11.6,0.0,53,1,0,52,0.0,0.25,0.0,0.0,0.0,0.0,0.0,0
2019-12-09 04:00:00,11.2,86,9.0,9.6,0.0,54,1,0,54,0.0,0.19,0.0,0.0,0.0,0.0,0.0,0
2019-12-09 05:00:00,11.0,86,8.7,9.3,0.0,56,4,1,54,0.0,0.19,0.0,0.0,0.0,0.0,0.0,0
2019-12-09 06:00:00,11.7,84,9.2,10.1,0.0,73,9,4,70,0.0,0.22,0.0,0.0,0.0,0.0,0.0,0
2019-12-09 07:00:00,13.5,81,10.3,12.7,0.0,52,7,4,48,0.03,0.3,25.5,4.6,20.8,26.7,143.7,1
2019-12-09 08:00:00,16.9,74,12.3,16.3,0.0,34,3,0,96,0.08,0.5,208.0,113.6,94.4,562.6,419.8,1
2019-12-09 09:00:00,18.8,69,13.0,18.1,0.0,62,16,0,56,0.16,0.68,277.5,105.0,172.5,274.1,651.5,1
2019-12-09 10:00:00,20.1,60,12.1,18.1,0.0,95,92,0,49,0.28,0.94,480.9,281.5,199.5,534.1,823.2,1
2019-12-09 11:00:00,20.6,58,12.1,18.5,0.0,98,93,3,73,0.28,1.01,413.5,132.3,281.3,212.0,923.0,1
2019-12-09 12:00:00,20.9,58,12.4,18.8,0.0,100,100,15,85,0.31,1.03,436.8,137.6,299.3,206.3,944.3,1
2019-12-09 13:00:00,20.5,61,12.7,18.8,0.0,98,89,17,89,0.25,0.94,312.3,82.6,229.7,126.4,885.5,1
2019-12-09 14:00:00,20.4,63,13.0,19.0,0.0,95,59,23,88,0.22,0.89,248.7,32.8,215.9,56.1,750.6,1
2019-12-09 15:00:00,19.8,67,13.5,18.9,0.0,68,23,14,59,0.17,0.76,191.1,63.7,127.4,137.2,548.9,1
2019-12-09 16:00:00,19.0,71,13.7,18.7,0.0,90,43,22,84,0.11,0.63,89.9,27.7,62.2,91.7,294.1,1
2019-12-09 17:00:00,18.2,73,13.3,17.7,0.0,89,9,45,86,0.06,0.56,0.9,0.2,0.7,1.1,3.5,1
2019-12-09 18:00:00,17.7,73,12.8,16.9,0.0,91,29,66,87,0.03,0.55,0.0,0.0,0.0,0.0,0.0,0
2019-12-09 19:00:00,17.3,75,12.8,17.0,0.0,71,48,50,40,0.02,0.5,0.0,0.0,0.0,0.0,0.0,0
2019-12-09 20:00:00,18.0,72,12.8,17.5,0.0,98,86,88,96,0.03,0.59,0.0,0.0,0.0,0.0,0.0,0
2019-12-09 21:00:00,18.6,71,13.2,18.0,0.0,100,21,78,100,0.04,0.63,0.0,0.0,0.0,0.0,0.0,0
2019-12-09 22:00:00,18.6,69,12.9,17.6,0.0,92,4,74,91,0.04,0.66,0.0,0.0,0.0,0.0,0.0,0
2019-12-09 23:00:00,18.6,67,12.4,17.5,0.0,84,7,30,82,0.05,0.7,0.0,0.0,0.0,0.0,0.0,0
2019-12-10 00:00:00,17.8,75,13.3,17.3,0.0,94,11,40,93,0.02,0.51,0.0,0.0,0.0,0.0,0.0,0
2019-12-10 01:00:00,17.6,78,13.7,17.3,0.0,88,8,25,87,0.02,0.44,0.0,0.0,0.0,0.0,0.0,0
2019-12-10 02:00:00,16.5,84,13.8,16.8,0.0,75,4,28,74,0.0,0.31,0.0,0.0,0.0,0.0,0.0,0
2019-12-10 03:00:00,15.9,87,13.6,16.1,0.0,64,10,28,61,0.0,0.24,0.0,0.0,0.0,0.0,0.0,0
2019-12-10 04:00:00,16.4,85,13.9,16.3,0.0,69,1,17,68,0.0,0.27,0.0,0.0,0.0,0.0,0.0,0
2019-12-10 05:00:00,15.7,89,14.0,15.9,0.0,74,0,8,74,0.0,0.19,0.0,0.0,0.0,0.0,0.0,0
2019-12-10 06:00:00,15.6,90,14.0,15.9,0.0,68,0,15,67,0.0,0.17,0.0,0.0,0.0,0.0,0.0,0
2019-12-10 07:00:00,15.9,91,14.5,16.6,0.0,46,0,14,44,0.02,0.16,23.2,4.6,18.6,26.8,140.3,1
2019-12-10 08:00:00,17.7,83,14.7,18.9,0.0,48,11,1,36,0.06,0.35,198.4,100.7,97.7,504.7,416.5,1
2019-12-10 09:00:00,19.9,74,15.2,21.5,0.0,39,15,1,31,0.17,0.6,364.8,233.2,131.7,612.3,648.6,1
2019-12-10 10:00:00,21.3,65,14.3,22.0,0.0,42,20,6,31,0.27,0.9,485.7,331.5,154.1,631.6,820.7,1
2019-12-10 11:00:00,21.8,60,13.7,21.8,0.0,57,45,8,28,0.32,1.05,507.2,345.5,161.7,555.4,921.0,1
2019-12-10 12:00:00,21.9,59,13.5,21.6,0.0,68,56,8,34,0.33,1.08,487.2,308.4,178.8,463.3,942.9,1
2019-12-10 13:00:00,21.9,60,13.7,21.9,0.0,94,93,0,25,0.26,1.05,353.7,132.7,221.1,203.2,884.7,1
2019-12-10 14:00:00,21.8,63,14.5,22.4,0.0,76,76,1,0,0.2,0.96,255.1,43.7,211.4,74.9,750.5,1
2019-12-10 15:00:00,21.9,67,15.4,22.9,0.0,41,41,2,0,0.22,0.88,285.2,169.4,115.7,364.8,549.3,1
2019-12-10 16:00:00,21.1,73,16.1,22.4,0.0,20,20,1,0,0.12,0.68,132.3,76.9,55.4,254.5,295.0,1
2019-12-10 17:00:00,19.2,85,16.6,20.8,0.0,22,22,1,0,0.03,0.33,1.1,0.6,0.6,3.0,4.7,1
2019-12-10 18:00:00,17.9,94,16.9,19.7,0.0,42,42,7,0,0.0,0.13,0.0,0.0,0.0,0.0,0.0,0
2019-12-10 19:00:00,17.1,96,16.4,18.7,0.0,38,38,13,0,0.0,0.08,0.0,0.0,0.0,0.0,0.0,0
2019-12-10 20:00:00,17.7,96,17.0,19.6,0.0,29,85,24,0,0.0,0.09,0.0,0.0,0.0,0.0,0.0,0
2019-12-10 21:00:00,17.7,96,17.0,19.5,0.0,99,99,32,0,0.0,0.09,0.0,0.0,0.0,0.0,0.0,0
2019-12-10 22:00:00,17.3,97,16.8,19.1,0.0,89,89,29,0,0.0,0.06,0.0,0.0,0.0,0.0,0.0,0
2019-12-10 23:00:00,17.2,97,16.7,18.6,0.0,59,57,23,0,0.0,0.06,0.0,0.0,0.0,0.0,0.0,0
2019-12-11 00:00:00,17.3,95,16.4,18.6,0.0,59,58,17,0,0.0,0.1,0.0,0.0,0.0,0.0,0.0,0
2019-12-11 01:00:00,17.3,96,16.6,18.7,0.0,55,53,19,0,0.0,0.09,0.0,0.0,0.0,0.0,0.0,0
2019-12-11 02:00:00,17.4,96,16.8,18.9,0.0,57,54,16,0,0.0,0.08,0.0,0.0,0.0,0.0,0.0,0
2019-12-11 03:00:00,17.6,96,17.0,19.4,0.1,47,46,28,0,0.0,0.08,0.0,0.0,0.0,0.0,0.0,0
2019-12-11 04:00:00,17.7,95,16.9,19.5,0.1,52,39,42,0,0.0,0.09,0.0,0.0,0.0,0.0,0.0,0
2019-12-11 05:00:00,17.3,96,16.7,19.1,0.1,75,74,29,0,0.0,0.08,0.0,0.0,0.0,0.0,0.0,0
2019-12-11 06:00:00,17.1,94,16.1,18.8,0.1,31,29,27,0,0.0,0.11,0.0,0.0,0.0,0.0,0.0,0
2019-12-11 07:00:00,17.7,94,16.6,19.8,0.0,33,30,21,0,0.01,0.13,16.3,2.3,14.0,13.5,137.0,1
2019-12-11 08:00:00,19.2,88,17.2,21.3,0.1,35,28,10,0,0.06,0.26,148.7,69.9,78.8,354.4,413.4,1
2019-12-11 09:00:00,20.2,81,16.9,21.7,0.0,5,5,2,0,0.15,0.44,308.4,177.8,130.6,469.7,645.7,1
2019-12-11 10:00:00,21.1,75,16.5,21.8,0.0,6,6,0,0,0.27,0.63,507.0,367.3,139.8,702.4,818.3,1
2019-12-11 11:00:00,22.0,67,15.6,21.8,0.0,67,67,0,0,0.35,0.87,593.5,430.7,162.8,694.3,919.2,1
2019-12-11 12:00:00,21.7,67,15.4,21.1,0.0,54,54,2,0,0.31,0.85,486.4,270.3,216.1,406.9,941.7,1
2019-12-11 13:00:00,21.4,68,15.3,20.9,0.0,72,72,10,0,0.28,0.81,414.4,171.2,243.3,262.6,884.1,1
2019-12-11 14:00:00,20.8,58,12.2,19.3,0.0,78,77,23,0,0.26,1.04,311.7,142.2,169.5,243.6,750.5,1
2019-12-11 15:00:00,20.1,64,13.0,19.1,0.0,95,95,32,0,0.19,0.86,203.9,83.9,120.0,180.6,549.9,1
2019-12-11 16:00:00,19.7,65,13.0,19.1,0.0,54,52,46,0,0.14,0.8,126.2,54.8,71.4,181.1,296.0,1
2019-12-11 17:00:00,17.9,70,12.4,17.8,0.0,27,15,26,0,0.05,0.62,2.1,1.0,1.2,5.1,6.1,1
2019-12-11 18:00:00,16.6,79,12.8,16.5,0.0,11,3,10,0,0.01,0.41,0.0,0.0,0.0,0.0,0.0,0
2019-12-11 19:00:00,16.8,77,12.7,16.6,0.0,21,11,20,0,0.01,0.44,0.0,0.0,0.0,0.0,0.0,0
2019-12-11 20:00:00,18.1,71,12.8,17.5,0.0,27,18,22,0,0.03,0.61,0.0,0.0,0.0,0.0,0.0,0
2019-12-11 21:00:00,17.9,73,13.0,17.1,0.0,5,5,4,0,0.03,0.55,0.0,0.0,0.0,0.0,0.0,0
2019-12-11 22:00:00,17.3,76,13.0,16.5,0.0,10,10,4,0,0.03,0.48,0.0,0.0,0.0,0.0,0.0,0
2019-12-11 23:00:00,17.2,73,12.4,16.1,0.0,14,14,6,0,0.03,0.53,0.0,0.0,0.0,0.0,0.0,0
2019-12-12 00:00:00,17.1,71,11.8,15.8,0.0,10,10,4,0,0.04,0.56,0.0,0.0,0.0,0.0,0.0,0
2019-12-12 01:00:00,16.8,70,11.4,15.3,0.0,4,3,1,0,0.04,0.57,0.0,0.0,0.0,0.0,0.0,0
2019-12-12 02:00:00,16.5,69,10.8,14.9,0.0,1,1,0,0,0.04,0.58,0.0,0.0,0.0,0.0,0.0,0
2019-12-12 03:00:00,16.1,69,10.5,14.5,0.0,1,1,0,0,0.04,0.56,0.0,0.0,0.0,0.0,0.0,0
2019-12-12 04:00:00,15.9,70,10.4,14.3,0.0,2,1,1,0,0.03,0.55,0.0,0.0,0.0,0.0,0.0,0
2019-12-12 05:00:00,15.7,71,10.5,14.1,0.0,2,1,2,0,0.03,0.51,0.0,0.0,0.0,0.0,0.0,0
2019-12-12 06:00:00,15.4,73,10.7,14.0,0.0,6,5,2,0,0.03,0.47,0.0,0.0,0.0,0.0,0.0,0
2019-12-12 07:00:00,15.7,75,11.4,14.4,0.0,27,26,3,0,0.05,0.44,23.4,7.0,16.4,40.5,133.7,1
2019-12-12 08:00:00,17.7,72,12.7,16.5,0.0,10,16,3,0,0.1,0.56,203.0,119.4,83.6,613.0,410.3,1
2019-12-12 09:00:00,18.9,64,12.0,16.4,0.0,61,61,2,0,0.21,0.79,374.2,250.7,123.5,666.1,643.0,1
2019-12-12 10:00:00,19.4,61,11.8,16.5,0.0,77,77,2,0,0.26,0.87,438.5,244.2,194.3,468.9,815.9,1
2019-12-12 11:00:00,19.6,61,11.9,16.8,0.0,77,77,2,0,0.3,0.89,491.8,260.6,231.2,421.2,917.4,1
2019-12-12 12:00:00,19.9,60,11.9,17.0,0.0,69,69,1,0,0.32,0.93,508.6,303.6,205.1,457.8,940.5,1
2019-12-12 13:00:00,20.0,61,12.3,17.3,0.0,82,82,1,0,0.32,0.91,493.4,252.0,241.4,387.0,883.6,1
2019-12-12 14:00:00,19.7,63,12.4,17.1,0.0,91,91,0,0,0.27,0.85,369.3,155.9,213.4,267.2,750.6,1
2019-12-12 15:00:00,19.4,63,12.3,17.1,0.0,18,18,0,0,0.23,0.83,283.8,136.9,146.9,294.5,550.6,1
2019-12-12 16:00:00,18.7,66,12.2,16.6,0.0,11,11,0,0,0.16,0.73,148.0,90.3,57.7,298.0,297.2,1
2019-12-12 17:00:00,17.6,67,11.4,15.8,0.0,3,3,1,0,0.08,0.66,3.0,1.4,1.6,7.7,7.6,1
2019-12-12 18:00:00,16.9,69,11.1,15.5,0.0,4,3,2,0,0.04,0.6,0.0,0.0,0.0,0.0,0.0,0
2019-12-12 19:00:00,16.7,70,11.2,15.2,0.0,6,6,2,0,0.04,0.57,0.0,0.0,0.0,0.0,0.0,0
2019-12-12 20:00:00,17.0,72,11.9,15.8,0.0,7,10,13,0,0.04,0.55,0.0,0.0,0.0,0.0,0.0,0
2019-12-12 21:00:00,17.3,73,12.4,16.1,0.0,26,20,23,0,0.04,0.54,0.0,0.0,0.0,0.0,0.0,0
2019-12-12 22:00:00,17.2,73,12.4,16.2,0.0,25,15,23,0,0.03,0.52,0.0,0.0,0.0,0.0,0.0,0
2019-12-12 23:00:00,17.3,74,12.5,16.5,0.0,12,9,11,0,0.03,0.52,0.0,0.0,0.0,0.0,0.0,0
2019-12-13 00:00:00,17.6,73,12.8,16.7,0.0,5,4,4,0,0.03,0.53,0.0,0.0,0.0,0.0,0.0,0
2019-12-13 01:00:00,17.1,77,13.1,16.3,0.0,2,2,1,0,0.03,0.44,0.0,0.0,0.0,0.0,0.0,0
2019-12-13 02:00:00,16.9,81,13.7,16.2,0.0,1,1,1,0,0.02,0.36,0.0,0.0,0.0,0.0,0.0,0
2019-12-13 03:00:00,16.3,85,13.8,16.0,0.0,3,2,1,0,0.01,0.28,0.0,0.0,0.0,0.0,0.0,0
2019-12-13 04:00:00,16.1,86,13.7,15.7,0.0,4,4,1,0,0.01,0.26,0.0,0.0,0.0,0.0,0.0,0
2019-12-13 05:00:00,15.8,88,13.9,15.6,0.0,5,4,2,0,0.0,0.21,0.0,0.0,0.0,0.0,0.0,0
2019-12-13 06:00:00,15.2,90,13.7,15.3,0.0,12,11,2,0,0.0,0.17,0.0,0.0,0.0,0.0,0.0,0
2019-12-13 07:00:00,15.8,89,14.0,16.1,0.0,18,18,2,0,0.02,0.2,21.2,4.7,16.5,27.1,130.5,1
2019-12-13 08:00:00,18.3,82,15.2,19.0,0.0,29,23,2,0,0.07,0.38,185.9,98.9,86.9,513.8,407.2,1
2019-12-13 09:00:00,20.7,73,15.6,21.3,0.0,18,17,2,0,0.18,0.67,346.8,229.2,117.6,612.4,640.3,1
2019-12-13 10:00:00,22.0,65,15.2,21.9,0.0,27,27,1,0,0.29,0.92,494.4,358.8,135.5,691.3,813.7,1
2019-12-13 11:00:00,22.7,63,15.3,22.6,0.0,56,56,1,0,0.33,1.03,525.7,354.3,171.4,574.0,915.8,1
2019-12-13 12:00:00,22.9,65,15.9,22.9,0.0,55,55,0,0,0.35,0.99,532.0,346.9,185.0,524.0,939.5,1
2019-12-13 13:00:00,22.6,67,16.2,22.4,0.0,49,49,0,0,0.32,0.9,458.0,256.9,201.1,394.9,883.3,1
2019-12-13 14:00:00,21.9,71,16.5,21.8,0.0,8,8,0,0,0.26,0.76,353.0,181.5,171.5,311.2,750.9,1
2019-12-13 15:00:00,21.6,72,16.4,21.5,0.0,6,6,0,0,0.24,0.72,313.4,218.5,94.9,469.7,551.5,1
2019-12-13 16:00:00,20.7,76,16.2,20.5,0.0,9,7,6,0,0.15,0.59,155.9,94.7,61.3,311.6,298.5,1
2019-12-13 17:00:00,19.2,82,16.0,19.5,0.0,11,10,9,0,0.05,0.41,3.7,1.9,1.8,10.2,9.2,1
2019-12-13 18:00:00,18.3,86,15.9,18.7,0.0,14,12,11,0,0.01,0.3,0.0,0.0,0.0,0.0,0.0,0
2019-12-13 19:00:00,18.1,86,15.8,18.4,0.0,17,17,12,0,0.01,0.28,0.0,0.0,0.0,0.0,0.0,0
2019-12-13 20:00:00,17.6,83,14.8,17.9,0.0,21,11,10,0,0.01,0.34,0.0,0.0,0.0,0.0,0.0,0
2019-12-13 21:00:00,17.8,85,15.2,18.2,0.0,15,15,9,0,0.01,0.31,0.0,0.0,0.0,0.0,0.0,0
2019-12-13 22:00:00,17.8,87,15.6,18.3,0.0,19,19,6,0,0.0,0.27,0.0,0.0,0.0,0.0,0.0,0
2019-12-13 23:00:00,18.4,86,15.9,18.9,0.0,36,36,4,0,0.01,0.3,0.0,0.0,0.0,0.0,0.0,0
2019-12-14 00:00:00,18.6,85,16.1,18.8,0.0,6,6,3,0,0.01,0.31,0.0,0.0,0.0,0.0,0.0,0
2019-12-14 01:00:00,18.2,88,16.2,18.4,0.0,35,35,2,0,0.01,0.25,0.0,0.0,0.0,0.0,0.0,0
2019-12-14 02:00:00,18.6,86,16.3,18.8,0.0,72,72,2,0,0.01,0.29,0.0,0.0,0.0,0.0,0.0,0
2019-12-14 03:00:00,18.8,86,16.4,19.2,0.0,54,54,2,0,0.01,0.31,0.0,0.0,0.0,0.0,0.0,0
2019-12-14 04:00:00,18.7,87,16.6,19.1,0.0,61,61,1,0,0.01,0.27,0.0,0.0,0.0,0.0,0.0,0
2019-12-14 05:00:00,18.7,88,16.7,19.1,0.0,82,82,1,0,0.01,0.25,0.0,0.0,0.0,0.0,0.0,0
2019-12-14 06:00:00,18.7,89,16.9,19.2,0.0,94,94,1,0,0.01,0.24,0.0,0.0,0.0,0.0,0.0,0
2019-12-14 07:00:00,18.9,89,17.0,19.4,0.0,99,99,0,0,0.03,0.25,9.5,2.4,7.1,13.6,127.3,1
2019-12-14 08:00:00,20.1,85,17.5,20.6,0.0,96,67,0,0,0.06,0.35,82.8,22.6,60.2,118.6,404.3,1
2019-12-14 09:00:00,21.1,81,17.7,21.5,0.0,48,48,0,0,0.13,0.48,224.6,100.8,123.8,270.8,637.6,1
2019-12-14 10:00:00,22.0,77,17.8,22.2,0.0,12,12,0,0,0.21,0.61,362.4,205.7,156.7,397.6,811.6,1
2019-12-14 11:00:00,22.6,75,17.9,22.4,0.0,19,19,0,0,0.31,0.69,554.3,365.0,189.3,592.7,914.2,1
2019-12-14 12:00:00,22.6,74,17.7,22.4,0.0,47,47,0,0,0.31,0.72,498.9,287.7,211.2,435.2,938.6,1
2019-12-14 13:00:00,21.7,76,17.3,21.3,0.0,53,53,1,0,0.24,0.63,355.2,129.0,226.2,198.4,883.1,1
2019-12-14 14:00:00,21.1,76,16.8,20.3,0.0,36,35,2,0,0.23,0.59,333.1,164.3,168.8,281.7,751.3,1
2019-12-14 15:00:00,20.5,77,16.4,19.6,0.0,29,29,2,0,0.18,0.55,229.5,112.7,116.9,242.1,552.4,1
2019-12-14 16:00:00,19.9,80,16.3,19.5,0.0,87,87,2,0,0.12,0.48,126.2,64.9,61.4,212.9,299.9,1
2019-12-14 17:00:00,19.2,80,15.8,18.7,0.0,58,58,2,0,0.06,0.44,3.4,1.1,2.3,6.0,10.9,1
2019-12-14 18:00:00,18.9,80,15.4,18.4,0.0,99,99,2,0,0.03,0.44,0.0,0.0,0.0,0.0,0.0,0
2019-12-14 19:00:00,18.8,79,15.1,18.1,0.0,22,22,1,0,0.03,0.45,0.0,0.0,0.0,0.0,0.0,0
2019-12-14 20:00:00,19.2,78,15.2,18.6,0.0,45,88,0,0,0.04,0.5,0.0,0.0,0.0,0.0,0.0,0
2019-12-14 21:00:00,19.5,74,14.8,18.6,0.0,77,77,0,0,0.05,0.58,0.0,0.0,0.0,0.0,0.0,0
2019-12-14 22:00:00,19.4,73,14.4,18.4,0.0,70,70,0,0,0.05,0.61,0.0,0.0,0.0,0.0,0.0,0
2019-12-14 23:00:00,19.0,73,14.2,17.9,0.0,21,21,0,0,0.05,0.58,0.0,0.0,0.0,0.0,0.0,0
2019-12-15 00:00:00,18.7,75,14.1,17.7,0.0,67,67,0,0,0.04,0.55,0.0,0.0,0.0,0.0,0.0,0
2019-12-15 01:00:00,18.5,77,14.3,17.6,0.0,29,29,0,0,0.04,0.5,0.0,0.0,0.0,0.0,0.0,0
2019-12-15 02:00:00,18.4,78,14.5,17.6,0.0,59,59,0,0,0.03,0.47,0.0,0.0,0.0,0.0,0.0,0
2019-12-15 03:00:00,18.8,77,14.8,18.1,0.0,18,18,0,0,0.04,0.49,0.0,0.0,0.0,0.0,0.0,0
2019-12-15 04:00:00,18.6,79,14.9,17.9,0.0,0,0,0,0,0.03,0.45,0.0,0.0,0.0,0.0,0.0,0
2019-12-15 05:00:00,18.2,81,14.9,17.6,0.0,0,0,0,0,0.03,0.4,0.0,0.0,0.0,0.0,0.0,0
2019-12-15 06:00:00,18.1,83,15.1,17.6,0.0,1,1,0,0,0.02,0.36,0.0,0.0,0.0,0.0,0.0,0
2019-12-15 07:00:00,18.3,83,15.4,17.9,0.0,1,1,0,0,0.04,0.35,21.4,7.1,14.3,40.9,124.2,1
2019-12-15 08:00:00,20.4,79,16.7,20.5,0.0,0,1,0,0,0.09,0.5,202.5,122.4,80.1,650.7,401.3,1
2019-12-15 09:00:00,21.9,73,16.9,21.6,0.0,4,4,1,0,0.21,0.71,396.3,296.6,99.7,801.3,635.1,1
2019-12-15 10:00:00,22.9,69,16.8,22.3,0.0,8,8,2,0,0.31,0.88,532.8,418.2,114.6,811.2,809.6,1
2019-12-15 11:00:00,23.5,66,16.8,23.0,0.0,11,11,1,0,0.36,0.98,588.2,435.6,152.6,709.0,912.8,1
2019-12-15 12:00:00,23.9,65,16.9,23.8,0.0,11,11,1,0,0.39,1.04,596.7,451.8,144.9,684.4,937.8,1
2019-12-15 13:00:00,24.0,65,16.9,24.0,0.0,9,9,0,0,0.39,1.06,562.3,419.8,142.5,646.3,882.9,1
2019-12-15 14:00:00,23.9,65,17.0,23.9,0.0,6,6,0,0,0.35,1.03,487.6,378.0,109.6,648.0,751.9,1
2019-12-15 15:00:00,23.4,68,17.1,23.4,0.0,4,4,0,0,0.28,0.93,350.0,268.4,81.6,576.1,553.5,1
2019-12-15 16:00:00,22.3,72,16.9,22.6,0.0,0,0,0,0,0.17,0.77,173.3,123.0,50.3,402.6,301.4,1
2019-12-15 17:00:00,20.6,75,15.9,20.5,0.0,0,0,0,0,0.07,0.61,5.6,3.1,2.5,16.9,12.7,1
2019-12-15 18:00:00,19.6,76,15.3,19.2,0.0,0,0,0,0,0.04,0.54,0.0,0.0,0.0,0.0,0.0,0
2019-12-15 19:00:00,19.2,77,15.0,18.7,0.0,1,1,0,0,0.03,0.51,0.0,0.0,0.0,0.0,0.0,0
2019-12-15 20:00:00,19.1,76,14.7,18.6,0.0,6,3,0,0,0.04,0.53,0.0,0.0,0.0,0.0,0.0,0
2019-12-15 21:00:00,19.3,74,14.6,18.5,0.0,8,8,0,0,0.04,0.58,0.0,0.0,0.0,0.0,0.0,0
2019-12-15 22:00:00,19.2,74,14.4,18.3,0.0,6,6,0,0,0.04,0.58,0.0,0.0,0.0,0.0,0.0,0
2019-12-15 23:00:00,19.0,75,14.5,18.3,0.0,4,4,0,0,0.04,0.55,0.0,0.0,0.0,0.0,0.0,0
2019-12-16 00:00:00,18.8,77,14.6,18.3,0.0,4,4,0,0,0.03,0.5,0.0,0.0,0.0,0.0,0.0,0
2019-12-16 01:00:00,18.4,79,14.8,18.2,0.0,4,4,0,0,0.02,0.44,0.0,0.0,0.0,0.0,0.0,0
2019-12-16 02:00:00,18.0,81,14.8,18.1,0.0,2,2,0,0,0.01,0.39,0.0,0.0,0.0,0.0,0.0,0
2019-12-16 03:00:00,17.6,82,14.5,17.8,0.0,0,0,0,0,0.01,0.36,0.0,0.0,0.0,0.0,0.0,0
2019-12-16 04:00:00,17.1,85,14.5,17.4,0.0,0,0,0,0,0.0,0.3,0.0,0.0,0.0,0.0,0.0,0
2019-12-16 05:00:00,16.3,88,14.3,16.6,0.0,0,0,0,0,0.0,0.22,0.0,0.0,0.0,0.0,0.0,0
2019-12-16 06:00:00,15.7,88,13.8,15.8,0.0,0,0,0,0,0.0,0.21,0.0,0.0,0.0,0.0,0.0,0
2019-12-16 07:00:00,16.8,87,14.6,17.6,0.0,0,0,0,0,0.02,0.25,21.5,7.2,14.3,41.0,121.1,1
2019-12-16 08:00:00,19.2,82,16.0,20.9,0.0,0,1,0,0,0.07,0.41,203.3,129.0,74.4,693.5,398.5,1
2019-12-16 09:00:00,21.8,71,16.2,23.7,0.0,1,1,0,0,0.19,0.76,390.7,296.9,93.7,806.5,632.7,1
2019-12-16 10:00:00,23.4,61,15.5,24.7,0.0,1,1,0,0,0.31,1.11,540.9,439.7,101.3,855.5,807.6,1
2019-12-16 11:00:00,24.4,57,15.3,25.8,0.0,0,0,0,0,0.4,1.32,633.8,529.5,104.2,863.5,911.5,1
2019-12-16 12:00:00,25.0,56,15.7,26.8,0.0,0,0,0,0,0.44,1.39,660.4,555.7,104.7,842.7,937.2,1
2019-12-16 13:00:00,25.3,57,16.2,27.2,0.0,0,0,0,0,0.43,1.39,619.4,519.2,100.2,799.7,883.0,1
2019-12-16 14:00:00,25.5,57,16.4,27.1,0.0,0,0,0,0,0.38,1.41,514.3,424.8,89.5,728.0,752.5,1
2019-12-16 15:00:00,25.5,58,16.7,27.2,0.0,0,0,0,0,0.29,1.37,360.4,285.5,74.9,611.9,554.7,1
2019-12-16 16:00:00,24.9,68,18.6,27.7,0.0,0,0,0,0,0.16,1.0,175.8,127.4,48.3,415.9,303.0,1
2019-12-16 17:00:00,24.6,60,16.2,26.6,0.0,0,0,0,0,0.03,1.25,6.5,3.7,2.8,20.3,14.6,1
2019-12-16 18:00:00,20.5,78,16.4,21.6,0.0,0,0,0,0,0.01,0.54,0.0,0.0,0.0,0.0,0.0,0
2019-12-16 19:00:00,18.4,86,16.1,19.4,0.0,0,0,0,0,0.0,0.29,0.0,0.0,0.0,0.0,0.0,0
2019-12-16 20:00:00,19.9,81,16.5,21.6,0.0,0,0,0,0,0.0,0.45,0.0,0.0,0.0,0.0,0.0,0
2019-12-16 21:00:00,17.5,95,16.7,19.0,0.0,0,0,0,0,0.0,0.1,0.0,0.0,0.0,0.0,0.0,0
2019-12-16 22:00:00,18.4,93,17.3,20.5,0.0,0,0,0,0,0.0,0.14,0.0,0.0,0.0,0.0,0.0,0
2019-12-16 23:00:00,16.7,97,16.1,18.2,0.0,0,0,0,0,0.0,0.07,0.0,0.0,0.0,0.0,0.0,0
2019-12-17 00:00:00,16.8,95,16.1,18.5,0.0,0,0,0,0,0.0,0.09,0.0,0.0,0.0,0.0,0.0,0
2019-12-17 01:00:00,17.0,94,15.9,18.6,0.0,0,0,0,0,0.0,0.13,0.0,0.0,0.0,0.0,0.0,0
2019-12-17 02:00:00,16.4,94,15.4,17.6,0.0,0,0,0,0,0.0,0.11,0.0,0.0,0.0,0.0,0.0,0
2019-12-17 03:00:00,16.0,93,14.9,16.9,0.0,0,0,0,0,0.0,0.12,0.0,0.0,0.0,0.0,0.0,0
2019-12-17 04:00:00,16.1,90,14.5,16.9,0.0,0,0,0,0,0.0,0.18,0.0,0.0,0.0,0.0,0.0,0
2019-12-17 05:00:00,17.2,84,14.4,18.2,0.0,2,2,0,0,0.0,0.32,0.0,0.0,0.0,0.0,0.0,0
2019-12-17 06:00:00,17.9,81,14.7,19.0,0.0,3,3,0,0,0.0,0.38,0.0,0.0,0.0,0.0,0.0,0
2019-12-17 07:00:00,16.4,92,15.1,17.8,0.0,3,3,0,0,0.01,0.15,19.2,4.8,14.4,27.4,118.2,1
2019-12-17 08:00:00,19.3,84,16.5,21.3,0.0,6,8,0,0,0.06,0.36,192.0,114.3,77.7,621.3,395.8,1
2019-12-17 09:00:00,21.1,80,17.5,23.6,0.0,11,11,0,0,0.18,0.5,371.6,271.7,99.9,741.7,630.3,1
2019-12-17 10:00:00,22.6,73,17.6,25.1,0.0,10,10,0,0,0.29,0.73,515.7,404.3,111.4,789.1,805.8,1
2019-12-17 11:00:00,24.4,65,17.3,26.7,0.0,3,3,0,0,0.38,1.07,617.2,503.4,113.7,822.5,910.3,1
2019-12-17 12:00:00,25.7,61,17.6,28.0,0.0,2,2,0,0,0.43,1.29,642.5,529.7,112.8,804.2,936.7,1
2019-12-17 13:00:00,26.5,60,18.2,28.6,0.0,22,4,1,19,0.43,1.37,594.5,485.7,108.9,748.4,883.1,1
2019-12-17 14:00:00,26.6,61,18.4,28.4,0.0,16,5,1,11,0.37,1.38,478.9,370.1,108.8,634.1,753.3,1
2019-12-17 15:00:00,26.2,63,18.6,28.2,0.0,25,9,0,18,0.28,1.26,325.3,245.2,80.1,524.9,556.0,1
2019-12-17 16:00:00,25.3,68,19.0,28.0,0.0,30,15,1,18,0.16,1.03,160.0,104.6,55.4,340.1,304.7,1
2019-12-17 17:00:00,24.3,68,18.0,26.6,0.0,34,15,0,22,0.05,0.97,6.3,3.2,3.2,17.3,16.6,1
2019-12-17 18:00:00,21.8,80,18.1,24.0,0.0,13,13,0,0,0.0,0.53,0.0,0.0,0.0,0.0,0.0,0
2019-12-17 19:00:00,20.1,89,18.2,22.2,0.0,13,13,0,0,0.0,0.27,0.0,0.0,0.0,0.0,0.0,0
2019-12-17 20:00:00,19.9,91,18.4,22.0,0.0,13,15,1,0,0.0,0.2,0.0,0.0,0.0,0.0,0.0,0
2019-12-17 21:00:00,20.0,92,18.6,22.5,0.0,12,12,1,0,0.0,0.19,0.0,0.0,0.0,0.0,0.0,0
2019-12-17 22:00:00,19.4,92,18.1,21.7,0.0,5,5,1,0,0.0,0.17,0.0,0.0,0.0,0.0,0.0,0
2019-12-17 23:00:00,18.9,93,17.7,21.1,0.0,2,2,1,0,0.0,0.16,0.0,0.0,0.0,0.0,0.0,0
2019-12-18 00:00:00,18.4,92,17.2,20.1,0.0,0,0,0,0,0.0,0.16,0.0,0.0,0.0,0.0,0.0,0
2019-12-18 01:00:00,18.0,92,16.8,19.6,0.0,1,0,1,0,0.0,0.16,0.0,0.0,0.0,0.0,0.0,0
2019-12-18 02:00:00,18.6,89,16.8,20.7,0.0,3,1,3,0,0.0,0.24,0.0,0.0,0.0,0.0,0.0,0
2019-12-18 03:00:00,17.7,93,16.6,18.7,0.0,10,10,2,0,0.0,0.14,0.0,0.0,0.0,0.0,0.0,0
2019-12-18 04:00:00,19.8,89,17.9,22.0,0.0,33,33,1,0,0.0,0.26,0.0,0.0,0.0,0.0,0.0,0
2019-12-18 05:00:00,18.5,95,17.6,20.5,0.0,100,100,5,0,0.0,0.11,0.0,0.0,0.0,0.0,0.0,0
2019-12-18 06:00:00,19.4,92,18.1,21.9,0.1,100,100,11,0,0.0,0.18,0.0,0.0,0.0,0.0,0.0,0
2019-12-18 07:00:00,20.0,92,18.7,22.3,0.2,100,100,7,0,0.02,0.18,4.8,0.0,4.8,0.0,115.3,1
2019-12-18 08:00:00,20.6,91,19.0,22.1,0.1,100,100,7,0,0.04,0.23,39.8,0.0,39.8,0.0,393.2,1
2019-12-18 09:00:00,20.8,88,18.7,21.6,0.1,94,94,5,0,0.08,0.3,106.1,12.2,93.9,33.5,628.1,1
2019-12-18 10:00:00,21.1,85,18.6,21.6,0.1,99,99,2,0,0.13,0.37,211.7,58.0,153.8,113.4,804.1,1
2019-12-18 11:00:00,21.1,85,18.4,21.4,0.1,28,28,2,0,0.14,0.39,206.5,15.8,190.7,25.9,909.2,1
2019-12-18 12:00:00,21.4,83,18.4,21.5,0.0,97,97,3,0,0.19,0.44,309.3,57.4,251.8,87.3,936.3,1
2019-12-18 13:00:00,21.6,81,18.1,21.6,0.0,78,78,7,0,0.22,0.5,348.0,87.7,260.3,135.2,883.4,1
2019-12-18 14:00:00,21.2,81,17.8,21.4,0.1,97,97,4,0,0.18,0.49,239.5,45.7,193.8,78.3,754.2,1
2019-12-18 15:00:00,20.5,83,17.4,20.8,0.1,98,98,11,0,0.11,0.42,122.3,16.0,106.3,34.2,557.4,1
2019-12-18 16:00:00,19.7,84,17.0,20.1,0.0,98,98,12,0,0.07,0.36,45.0,0.0,45.0,0.0,306.6,1
2019-12-18 17:00:00,19.3,86,16.9,20.0,0.1,100,100,9,0,0.04,0.31,2.4,0.1,2.3,0.6,18.7,1
2019-12-18 18:00:00,19.2,87,16.9,20.1,0.1,100,100,13,0,0.01,0.29,0.0,0.0,0.0,0.0,0.0,0
2019-12-18 19:00:00,19.2,87,17.0,20.1,0.1,100,100,7,1,0.01,0.29,0.0,0.0,0.0,0.0,0.0,0
2019-12-18 20:00:00,19.1,88,17.0,20.5,0.1,100,100,14,0,0.0,0.27,0.0,0.0,0.0,0.0,0.0,0
2019-12-18 21:00:00,19.2,87,17.0,20.6,0.1,100,100,12,0,0.0,0.29,0.0,0.0,0.0,0.0,0.0,0
2019-12-18 22:00:00,19.0,88,16.9,20.6,0.1,100,100,30,0,0.0,0.27,0.0,0.0,0.0,0.0,0.0,0
2019-12-18 23:00:00,19.1,87,16.9,20.5,0.1,100,100,41,0,0.0,0.29,0.0,0.0,0.0,0.0,0.0,0
2019-12-19 00:00:00,18.9,87,16.8,20.2,0.1,100,100,13,0,0.0,0.28,0.0,0.0,0.0,0.0,0.0,0
2019-12-19 01:00:00,18.8,88,16.8,20.1,0.1,100,100,4,0,0.0,0.26,0.0,0.0,0.0,0.0,0.0,0
2019-12-19 02:00:00,18.8,88,16.7,20.0,0.0,100,100,2,0,0.0,0.26,0.0,0.0,0.0,0.0,0.0,0
2019-12-19 03:00:00,18.7,89,16.8,20.0,0.0,99,99,2,0,0.0,0.24,0.0,0.0,0.0,0.0,0.0,0
2019-12-19 04:00:00,18.7,89,16.9,19.9,0.0,100,100,0,0,0.0,0.24,0.0,0.0,0.0,0.0,0.0,0
2019-12-19 05:00:00,18.6,90,16.9,20.0,0.0,100,100,0,0,0.0,0.22,0.0,0.0,0.0,0.0,0.0,0
2019-12-19 06:00:00,18.7,89,16.9,20.1,0.0,100,100,0,0,0.0,0.23,0.0,0.0,0.0,0.0,0.0,0
2019-12-19 07:00:00,18.8,89,16.9,20.2,0.0,100,100,1,0,0.03,0.24,7.3,0.0,7.3,0.0,112.5,1
2019-12-19 08:00:00,19.8,89,17.8,21.3,0.0,100,97,0,0,0.04,0.26,58.4,1.5,56.8,8.5,390.6,1
2019-12-19 09:00:00,20.5,84,17.6,21.1,0.0,100,100,0,0,0.1,0.39,157.6,29.3,128.2,80.8,626.0,1
2019-12-19 10:00:00,20.7,82,17.5,21.1,0.0,100,100,0,0,0.12,0.44,172.8,15.6,157.2,30.6,802.6,1
2019-12-19 11:00:00,20.7,81,17.4,21.3,0.0,100,100,2,0,0.14,0.46,195.0,11.6,183.4,19.0,908.3,1
2019-12-19 12:00:00,20.4,83,17.4,21.2,0.1,100,100,10,0,0.12,0.41,152.2,1.0,151.2,1.5,936.0,1
2019-12-19 13:00:00,20.0,84,17.2,20.9,0.1,100,100,0,0,0.11,0.38,128.3,3.9,124.4,5.9,883.8,1
2019-12-19 14:00:00,20.0,83,17.1,21.0,0.0,92,92,0,0,0.12,0.39,147.3,4.6,142.7,7.8,755.2,1
2019-12-19 15:00:00,19.6,82,16.5,20.1,0.0,96,96,0,0,0.11,0.41,115.6,14.3,101.3,30.6,559.0,1
2019-12-19 16:00:00,19.2,83,16.1,19.9,0.0,100,100,0,0,0.07,0.39,45.8,3.5,42.3,11.4,308.5,1
2019-12-19 17:00:00,18.6,85,16.0,19.3,0.1,100,100,0,0,0.04,0.32,2.2,0.1,2.1,0.7,20.9,1
2019-12-19 18:00:00,18.2,85,15.7,18.7,0.1,97,97,0,0,0.03,0.31,0.0,0.0,0.0,0.0,0.0,0
2019-12-19 19:00:00,18.0,85,15.3,18.2,0.1,96,96,3,0,0.01,0.32,0.0,0.0,0.0,0.0,0.0,0
2019-12-19 20:00:00,18.2,85,15.6,18.3,0.1,100,100,17,0,0.01,0.31,0.0,0.0,0.0,0.0,0.0,0
2019-12-19 21:00:00,17.8,84,15.1,17.6,0.1,100,100,28,20,0.02,0.32,0.0,0.0,0.0,0.0,0.0,0
2019-12-19 22:00:00,17.3,85,14.7,16.8,0.1,100,99,12,38,0.01,0.3,0.0,0.0,0.0,0.0,0.0,0
2019-12-19 23:00:00,17.0,84,14.2,16.4,0.1,98,98,4,2,0.01,0.31,0.0,0.0,0.0,0.0,0.0,0
2019-12-20 00:00:00,17.0,84,14.2,16.8,0.1,100,100,21,0,0.01,0.31,0.0,0.0,0.0,0.0,0.0,0
2019-12-20 01:00:00,16.8,84,14.1,16.8,0.1,100,100,47,0,0.0,0.3,0.0,0.0,0.0,0.0,0.0,0
2019-12-20 02:00:00,16.8,84,14.1,17.3,0.1,100,100,57,0,0.0,0.31,0.0,0.0,0.0,0.0,0.0,0
2019-12-20 03:00:00,16.8,85,14.2,17.2,0.2,100,100,52,0,0.0,0.29,0.0,0.0,0.0,0.0,0.0,0
2019-12-20 04:00:00,16.7,86,14.3,17.0,0.2,100,99,89,0,0.0,0.27,0.0,0.0,0.0,0.0,0.0,0
2019-12-20 05:00:00,16.6,86,14.3,16.7,0.1,100,100,64,0,0.0,0.26,0.0,0.0,0.0,0.0,0.0,0
2019-12-20 06:00:00,16.7,87,14.4,16.7,0.1,100,100,37,0,0.0,0.26,0.0,0.0,0.0,0.0,0.0,0
2019-12-20 07:00:00,16.7,88,14.7,16.6,0.1,100,100,18,0,0.03,0.23,4.9,0.0,4.9,0.0,109.8,1
2019-12-20 08:00:00,17.7,88,15.7,17.7,0.1,100,80,52,0,0.04,0.24,52.4,1.5,50.9,8.7,388.2,1
2019-12-20 09:00:00,18.6,86,16.2,18.3,0.1,82,77,35,0,0.09,0.3,139.4,20.8,118.6,57.5,624.0,1
2019-12-20 10:00:00,19.4,83,16.3,18.6,0.0,98,97,28,6,0.15,0.39,254.4,59.1,195.3,116.4,801.1,1
2019-12-20 11:00:00,19.8,81,16.5,18.9,0.1,89,87,24,0,0.16,0.43,264.7,64.3,200.4,105.6,907.5,1
2019-12-20 12:00:00,20.8,76,16.5,19.7,0.0,88,87,19,0,0.23,0.59,368.0,140.1,227.8,213.3,935.8,1
2019-12-20 13:00:00,20.7,77,16.6,19.7,0.1,87,85,39,31,0.2,0.55,296.2,106.1,190.0,163.6,884.3,1
2019-12-20 14:00:00,20.5,79,16.7,20.0,0.2,98,96,58,40,0.16,0.51,201.3,40.3,161.1,68.9,756.3,1
2019-12-20 15:00:00,20.1,81,16.8,19.6,0.1,80,63,37,54,0.12,0.44,115.7,11.8,103.9,25.2,560.6,1
2019-12-20 16:00:00,19.7,84,17.0,19.6,0.1,87,85,35,0,0.07,0.36,49.5,0.0,49.5,0.0,310.5,1
2019-12-20 17:00:00,19.1,86,16.8,19.1,0.2,100,70,100,0,0.05,0.3,3.4,0.3,3.1,1.5,23.1,1
2019-12-20 18:00:00,19.0,87,16.8,19.3,0.1,96,7,96,0,0.03,0.28,0.0,0.0,0.0,0.0,0.0,0
2019-12-20 19:00:00,18.9,89,17.0,19.4,0.2,75,0,75,3,0.01,0.25,0.0,0.0,0.0,0.0,0.0,0
2019-12-20 20:00:00,18.8,91,17.2,20.0,2.3,75,94,50,20,0.0,0.2,0.0,0.0,0.0,0.0,0.0,0
2019-12-20 21:00:00,18.6,92,17.4,19.9,1.2,95,0,94,36,0.0,0.16,0.0,0.0,0.0,0.0,0.0,0
2019-12-20 22:00:00,18.3,93,17.1,19.8,2.4,95,0,94,32,0.0,0.15,0.0,0.0,0.0,0.0,0.0,0
2019-12-20 23:00:00,18.1,93,16.9,19.4,1.6,75,6,73,13,0.0,0.15,0.0,0.0,0.0,0.0,0.0,0
2019-12-21 00:00:00,18.0,94,17.0,19.8,0.5,66,58,38,0,0.0,0.13,0.0,0.0,0.0,0.0,0.0,0
2019-12-21 01:00:00,18.3,94,17.2,20.0,0.1,100,100,39,0,0.0,0.13,0.0,0.0,0.0,0.0,0.0,0
2019-12-21 02:00:00,18.2,92,17.0,19.7,0.0,100,100,32,0,0.0,0.16,0.0,0.0,0.0,0.0,0.0,0
2019-12-21 03:00:00,18.3,92,17.0,19.8,0.0,100,100,27,0,0.0,0.17,0.0,0.0,0.0,0.0,0.0,0
2019-12-21 04:00:00,18.3,92,17.0,20.2,0.0,100,100,32,0,0.0,0.17,0.0,0.0,0.0,0.0,0.0,0
2019-12-21 05:00:00,18.4,92,17.1,20.3,0.0,100,100,16,0,0.0,0.17,0.0,0.0,0.0,0.0,0.0,0
2019-12-21 06:00:00,18.6,94,17.6,21.1,0.0,100,100,8,0,0.0,0.12,0.0,0.0,0.0,0.0,0.0,0
2019-12-21 07:00:00,18.7,94,17.7,21.2,0.0,100,100,9,0,0.02,0.14,4.9,0.0,4.9,0.0,107.2,1
2019-12-21 08:00:00,19.8,94,18.8,22.9,0.0,100,99,3,0,0.03,0.14,40.2,1.5,38.7,8.8,385.9,1
2019-12-21 09:00:00,20.7,89,18.9,23.6,0.0,100,100,3,0,0.06,0.26,86.9,0.0,86.9,0.0,622.2,1
2019-12-21 10:00:00,21.8,86,19.4,25.1,0.0,100,100,2,0,0.13,0.37,213.2,38.0,175.3,74.9,799.8,1
2019-12-21 11:00:00,23.4,79,19.5,26.7,0.0,69,69,1,0,0.24,0.61,368.2,112.9,255.3,185.6,906.8,1
2019-12-21 12:00:00,23.6,78,19.5,26.0,0.0,100,100,1,0,0.2,0.64,285.4,30.3,255.1,46.1,935.8,1
2019-12-21 13:00:00,23.5,80,19.8,26.0,0.2,27,26,20,0,0.27,0.58,395.7,182.4,213.3,281.1,884.9,1
2019-12-21 14:00:00,23.1,81,19.7,25.3,0.2,41,29,35,0,0.28,0.54,412.9,298.5,114.5,509.9,757.5,1
2019-12-21 15:00:00,22.4,83,19.4,24.6,0.1,30,22,25,0,0.19,0.45,263.8,164.9,98.9,350.3,562.3,1
2019-12-21 16:00:00,21.6,86,19.1,24.0,0.1,40,39,10,0,0.1,0.36,111.2,54.5,56.7,174.6,312.6,1
2019-12-21 17:00:00,20.4,91,18.9,23.3,0.0,56,54,21,0,0.03,0.21,6.8,2.5,4.3,14.0,25.4,1
2019-12-21 18:00:00,19.5,95,18.7,22.3,0.0,100,100,13,0,0.01,0.12,0.0,0.0,0.0,0.0,0.0,0
2019-12-21 19:00:00,19.9,92,18.5,22.8,0.0,97,97,10,0,0.0,0.19,0.0,0.0,0.0,0.0,0.0,0
2019-12-21 20:00:00,19.8,95,18.9,22.5,0.0,100,100,37,0,0.0,0.13,0.0,0.0,0.0,0.0,0.0,0
2019-12-21 21:00:00,19.6,95,18.7,22.3,0.0,100,100,78,0,0.0,0.12,0.0,0.0,0.0,0.0,0.0,0
2019-12-21 22:00:00,19.9,90,18.3,22.9,0.0,85,55,77,0,0.0,0.23,0.0,0.0,0.0,0.0,0.0,0
2019-12-21 23:00:00,19.0,96,18.4,21.8,0.0,92,61,86,0,0.0,0.08,0.0,0.0,0.0,0.0,0.0,0
2019-12-22 00:00:00,19.3,95,18.5,22.3,0.1,100,100,54,0,0.0,0.1,0.0,0.0,0.0,0.0,0.0,0
2019-12-22 01:00:00,19.0,97,18.5,21.6,0.5,93,89,72,0,0.0,0.07,0.0,0.0,0.0,0.0,0.0,0
2019-12-22 02:00:00,18.7,98,18.4,21.5,0.2,92,87,60,0,0.0,0.04,0.0,0.0,0.0,0.0,0.0,0
2019-12-22 03:00:00,18.6,98,18.4,21.4,0.1,100,100,61,0,0.0,0.03,0.0,0.0,0.0,0.0,0.0,0
2019-12-22 04:00:00,18.4,99,18.3,21.0,0.7,80,71,64,0,0.0,0.02,0.0,0.0,0.0,0.0,0.0,0
2019-12-22 05:00:00,18.2,99,18.1,20.5,1.6,100,100,71,0,0.0,0.02,0.0,0.0,0.0,0.0,0.0,0
2019-12-22 06:00:00,18.3,99,18.1,20.6,1.9,100,100,74,0,0.0,0.03,0.0,0.0,0.0,0.0,0.0,0
2019-12-22 07:00:00,18.6,98,18.2,20.8,0.1,86,83,46,0,0.01,0.05,7.4,0.0,7.4,0.0,104.7,1
2019-12-22 08:00:00,18.8,99,18.6,21.6,0.0,89,100,26,0,0.03,0.03,76.1,12.4,63.7,71.1,383.8,1
2019-12-22 09:00:00,19.9,92,18.5,22.2,0.0,76,67,61,0,0.09,0.19,181.4,42.9,138.5,119.7,620.4,1
2019-12-22 10:00:00,20.9,87,18.7,22.9,0.0,80,75,38,0,0.13,0.32,231.2,79.3,151.9,156.8,798.6,1
2019-12-22 11:00:00,22.4,81,18.9,24.3,0.0,88,86,52,0,0.22,0.53,357.8,156.2,201.6,257.1,906.3,1
2019-12-22 12:00:00,21.8,83,18.7,23.2,0.1,98,97,74,0,0.19,0.46,281.5,55.5,226.0,84.5,935.9,1
2019-12-22 13:00:00,21.0,84,18.2,22.4,0.1,99,98,98,0,0.15,0.39,216.2,54.1,162.2,83.3,885.7,1
2019-12-22 14:00:00,20.4,85,17.7,21.5,0.2,98,95,97,0,0.12,0.36,143.8,17.4,126.4,29.7,758.9,1
2019-12-22 15:00:00,19.3,84,16.6,20.0,0.1,100,99,89,0,0.08,0.35,70.2,0.8,69.4,1.8,564.2,1
2019-12-22 16:00:00,18.4,83,15.5,18.8,0.1,100,100,76,0,0.06,0.35,41.9,5.7,36.2,18.1,314.8,1
2019-12-22 17:00:00,17.9,83,14.9,19.0,0.1,100,100,74,0,0.03,0.36,3.0,0.0,3.0,0.0,27.8,1
2019-12-22 18:00:00,17.6,84,14.9,18.7,0.2,100,100,62,0,0.02,0.32,0.0,0.0,0.0,0.0,0.0,0
2019-12-22 19:00:00,17.1,83,14.2,17.5,0.1,98,97,89,0,0.0,0.33,0.0,0.0,0.0,0.0,0.0,0
2019-12-22 20:00:00,16.8,84,14.0,17.4,0.1,100,50,78,0,0.0,0.31,0.0,0.0,0.0,0.0,0.0,0
2019-12-22 21:00:00,16.6,84,14.0,17.3,0.1,72,70,62,0,0.0,0.3,0.0,0.0,0.0,0.0,0.0,0
2019-12-22 22:00:00,16.7,84,14.0,17.5,0.0,56,48,51,0,0.0,0.3,0.0,0.0,0.0,0.0,0.0,0
2019-12-22 23:00:00,16.0,89,14.2,16.8,0.0,50,50,35,0,0.0,0.2,0.0,0.0,0.0,0.0,0.0,0
2019-12-23 00:00:00,16.5,86,14.2,17.4,0.0,88,88,34,0,0.0,0.26,0.0,0.0,0.0,0.0,0.0,0
2019-12-23 01:00:00,16.7,88,14.7,17.8,0.0,91,91,29,0,0.0,0.23,0.0,0.0,0.0,0.0,0.0,0
2019-12-23 02:00:00,16.4,91,15.0,17.4,0.0,95,95,30,0,0.0,0.17,0.0,0.0,0.0,0.0,0.0,0
2019-12-23 03:00:00,17.0,88,15.0,18.2,0.0,95,94,34,0,0.0,0.23,0.0,0.0,0.0,0.0,0.0,0
2019-12-23 04:00:00,17.0,89,15.2,18.3,0.0,98,98,32,0,0.0,0.21,0.0,0.0,0.0,0.0,0.0,0
2019-12-23 05:00:00,17.0,90,15.4,18.3,0.0,94,94,36,0,0.0,0.19,0.0,0.0,0.0,0.0,0.0,0
2019-12-23 06:00:00,17.3,89,15.4,18.4,0.0,90,89,45,0,0.0,0.22,0.0,0.0,0.0,0.0,0.0,0
2019-12-23 07:00:00,17.1,90,15.4,18.2,0.0,51,47,41,0,0.02,0.2,7.5,0.0,7.5,0.0,102.4,1
2019-12-23 08:00:00,17.9,86,15.6,19.1,0.0,39,74,39,0,0.05,0.28,118.5,42.1,76.4,242.8,381.7,1
2019-12-23 09:00:00,19.0,80,15.4,19.2,0.0,47,46,13,0,0.12,0.45,213.4,73.6,139.8,206.2,618.8,1
2019-12-23 10:00:00,20.0,74,15.3,19.9,0.0,94,94,8,0,0.2,0.6,344.2,176.6,167.7,349.8,797.6,1
2019-12-23 11:00:00,20.3,74,15.4,20.3,0.0,100,100,11,0,0.18,0.63,267.1,28.5,238.6,47.0,905.9,1
2019-12-23 12:00:00,20.3,74,15.5,20.4,0.0,99,99,11,0,0.17,0.62,231.1,12.1,219.0,18.5,936.2,1
2019-12-23 13:00:00,20.9,72,15.7,21.2,0.0,100,100,6,0,0.19,0.69,257.9,19.3,238.5,29.7,886.5,1
2019-12-23 14:00:00,20.4,75,15.9,20.6,0.0,100,100,3,0,0.15,0.6,169.6,2.7,166.8,4.7,760.3,1
2019-12-23 15:00:00,20.1,77,15.9,20.2,0.0,71,71,1,0,0.13,0.54,133.0,0.8,132.1,1.8,566.1,1
2019-12-23 16:00:00,19.9,79,16.1,20.2,0.0,66,66,1,0,0.09,0.5,55.5,0.7,54.8,2.3,317.1,1
2019-12-23 17:00:00,19.2,82,16.1,19.4,0.0,9,9,1,0,0.05,0.39,8.3,2.8,5.5,15.3,30.3,1
2019-12-23 18:00:00,18.3,88,16.3,18.8,0.0,8,8,1,0,0.03,0.25,0.0,0.0,0.0,0.0,0.0,0
2019-12-23 19:00:00,17.7,93,16.6,18.4,0.0,10,9,3,0,0.0,0.14,0.0,0.0,0.0,0.0,0.0,0
2019-12-23 20:00:00,17.5,95,16.7,18.8,0.0,11,14,2,0,0.0,0.1,0.0,0.0,0.0,0.0,0.0,0
2019-12-23 21:00:00,17.7,95,16.9,18.7,0.0,10,10,2,0,0.0,0.09,0.0,0.0,0.0,0.0,0.0,0
2019-12-23 22:00:00,17.8,95,16.9,18.8,0.0,6,5,1,0,0.0,0.11,0.0,0.0,0.0,0.0,0.0,0
2019-12-23 23:00:00,17.7,94,16.7,18.6,0.0,4,3,1,0,0.0,0.12,0.0,0.0,0.0,0.0,0.0,0
2019-12-24 00:00:00,17.7,93,16.5,18.9,0.0,2,1,2,0,0.0,0.15,0.0,0.0,0.0,0.0,0.0,0
2019-12-24 01:00:00,17.0,94,16.0,18.3,0.0,3,2,2,0,0.0,0.12,0.0,0.0,0.0,0.0,0.0,0
2019-12-24 02:00:00,15.8,96,15.2,16.5,0.0,2,0,2,0,0.0,0.07,0.0,0.0,0.0,0.0,0.0,0
2019-12-24 03:00:00,17.5,94,16.6,19.5,0.0,3,1,2,0,0.0,0.11,0.0,0.0,0.0,0.0,0.0,0
2019-12-24 04:00:00,15.8,99,15.7,17.1,0.0,26,25,3,0,0.0,0.01,0.0,0.0,0.0,0.0,0.0,0
2019-12-24 05:00:00,15.8,100,15.8,17.3,0.0,100,100,5,0,0.0,0.0,0.0,0.0,0.0,0.0,0.0,0
2019-12-24 06:00:00,15.2,100,15.2,16.5,0.0,100,100,7,0,0.0,0.0,0.0,0.0,0.0,0.0,0.0,0
2019-12-24 07:00:00,15.6,100,15.6,17.2,0.0,100,100,7,0,0.01,0.0,7.5,0.0,7.5,0.0,100.2,1
2019-12-24 08:00:00,17.4,94,16.5,19.1,0.0,100,100,8,0,0.04,0.11,95.5,26.6,68.9,153.3,379.8,1
2019-12-24 09:00:00,19.2,92,17.8,20.8,0.0,100,100,11,0,0.07,0.18,116.7,6.1,110.5,17.3,617.4,1
2019-12-24 10:00:00,20.6,87,18.4,22.6,0.1,78,76,10,0,0.12,0.31,191.2,21.2,170.0,42.2,796.7,1
2019-12-24 11:00:00,21.2,83,18.2,23.1,0.1,71,70,5,0,0.18,0.43,286.2,109.8,176.4,181.1,905.6,1
2019-12-24 12:00:00,21.5,81,18.1,23.5,0.1,60,60,2,0,0.21,0.5,327.1,127.2,199.9,193.8,936.6,1
2019-12-24 13:00:00,21.2,82,18.0,22.6,0.0,87,86,1,0,0.18,0.45,271.5,98.5,172.9,151.6,887.5,1
2019-12-24 14:00:00,20.8,82,17.6,22.0,0.0,89,89,2,0,0.16,0.45,219.2,72.4,146.7,123.3,761.9,1
2019-12-24 15:00:00,20.6,81,17.1,21.8,0.0,98,98,11,0,0.12,0.47,128.0,8.5,119.5,17.9,568.1,1
2019-12-24 16:00:00,20.2,81,16.9,21.5,0.0,98,98,28,0,0.08,0.45,70.6,2.9,67.8,9.0,319.4,1
2019-12-24 17:00:00,19.4,87,17.1,21.4,0.0,100,100,32,0,0.03,0.3,6.4,0.9,5.5,5.1,32.8,1
2019-12-24 18:00:00,19.4,82,16.3,21.2,0.0,100,100,24,0,0.02,0.4,0.0,0.0,0.0,0.0,0.0,0
2019-12-24 19:00:00,19.2,84,16.5,21.3,0.0,92,92,18,0,0.0,0.35,0.0,0.0,0.0,0.0,0.0,0
2019-12-24 20:00:00,18.3,94,17.3,20.2,0.0,88,54,26,0,0.0,0.13,0.0,0.0,0.0,0.0,0.0,0
2019-12-24 21:00:00,17.9,95,17.1,19.9,0.0,57,55,29,0,0.0,0.11,0.0,0.0,0.0,0.0,0.0,0
2019-12-24 22:00:00,17.3,95,16.6,18.9,0.0,51,48,28,0,0.0,0.09,0.0,0.0,0.0,0.0,0.0,0
2019-12-24 23:00:00,17.1,95,16.3,18.5,0.0,47,47,24,0,0.0,0.1,0.0,0.0,0.0,0.0,0.0,0
2019-12-25 00:00:00,17.3,94,16.4,18.8,0.0,57,55,17,0,0.0,0.11,0.0,0.0,0.0,0.0,0.0,0
2019-12-25 01:00:00,17.2,94,16.3,18.6,0.0,47,46,9,0,0.0,0.11,0.0,0.0,0.0,0.0,0.0,0
2019-12-25 02:00:00,16.7,95,15.9,18.0,0.0,60,60,4,0,0.0,0.09,0.0,0.0,0.0,0.0,0.0,0
2019-12-25 03:00:00,16.7,95,16.0,18.1,0.0,49,49,2,0,0.0,0.09,0.0,0.0,0.0,0.0,0.0,0
2019-12-25 04:00:00,16.9,95,16.1,18.1,0.0,38,38,0,0,0.0,0.09,0.0,0.0,0.0,0.0,0.0,0
2019-12-25 05:00:00,16.8,95,16.1,17.8,0.0,32,21,0,14,0.0,0.09,0.0,0.0,0.0,0.0,0.0,0
2019-12-25 06:00:00,16.7,96,16.0,17.4,0.0,36,9,10,27,0.0,0.08,0.0,0.0,0.0,0.0,0.0,0
2019-12-25 07:00:00,16.9,95,16.1,17.3,0.0,30,6,15,17,0.02,0.09,12.6,2.5,10.1,13.8,98.1,1
2019-12-25 08:00:00,18.9,89,17.1,19.7,0.0,62,65,23,77,0.06,0.23,166.4,84.8,81.6,488.6,378.1,1
2019-12-25 09:00:00,20.3,81,16.9,20.5,0.0,100,100,23,63,0.11,0.46,175.8,44.2,131.5,124.8,616.1,1
2019-12-25 10:00:00,21.5,77,17.2,21.7,0.0,100,99,34,62,0.16,0.6,226.0,40.3,185.7,80.0,796.0,1
2019-12-25 11:00:00,22.6,72,17.3,22.8,0.0,81,61,48,38,0.2,0.77,275.8,41.2,234.6,68.0,905.5,1
2019-12-25 12:00:00,23.5,69,17.4,24.0,0.0,69,8,53,30,0.27,0.91,384.8,203.0,181.8,309.3,937.1,1
2019-12-25 13:00:00,24.4,64,17.3,25.0,0.0,100,0,100,0,0.31,1.09,411.7,264.8,146.9,407.2,888.7,1
2019-12-25 14:00:00,23.9,68,17.6,24.7,0.0,92,2,92,0,0.22,0.96,256.0,76.1,179.8,129.4,763.5,1
2019-12-25 15:00:00,23.2,74,18.3,24.3,0.0,61,7,55,15,0.15,0.74,147.6,44.1,103.5,92.8,570.2,1
2019-12-25 16:00:00,22.8,77,18.5,24.3,0.0,65,10,27,52,0.13,0.65,119.4,57.2,62.2,179.8,321.8,1
2019-12-25 17:00:00,21.2,82,18.1,23.0,0.0,33,16,27,7,0.05,0.45,12.7,6.6,6.0,37.1,35.3,1
2019-12-25 18:00:00,19.9,87,17.7,21.4,0.0,32,16,31,0,0.03,0.3,0.0,0.0,0.0,0.0,0.0,0
2019-12-25 19:00:00,19.1,90,17.5,21.0,0.0,27,9,26,0,0.0,0.21,0.0,0.0,0.0,0.0,0.0,0
2019-12-25 20:00:00,19.6,88,17.5,21.2,0.0,25,8,38,29,0.0,0.28,0.0,0.0,0.0,0.0,0.0,0
2019-12-25 21:00:00,19.5,87,17.3,21.3,0.0,78,4,12,75,0.0,0.3,0.0,0.0,0.0,0.0,0.0,0
2019-12-25 22:00:00,18.6,90,16.8,20.1,0.0,73,2,6,71,0.0,0.22,0.0,0.0,0.0,0.0,0.0,0
2019-12-25 23:00:00,17.5,91,16.0,18.6,0.0,47,1,7,43,0.0,0.18,0.0,0.0,0.0,0.0,0.0,0
2019-12-26 00:00:00,19.4,82,16.2,21.3,0.0,34,1,3,32,0.0,0.41,0.0,0.0,0.0,0.0,0.0,0
2019-12-26 01:00:00,18.9,84,16.1,20.7,0.0,41,1,3,39,0.0,0.36,0.0,0.0,0.0,0.0,0.0,0
2019-12-26 02:00:00,16.5,92,15.2,17.5,0.0,31,0,2,29,0.0,0.14,0.0,0.0,0.0,0.0,0.0,0
2019-12-26 03:00:00,16.1,95,15.3,17.2,0.0,36,1,1,35,0.0,0.09,0.0,0.0,0.0,0.0,0.0,0
2019-12-26 04:00:00,17.6,93,16.4,19.5,0.0,47,1,1,46,0.0,0.15,0.0,0.0,0.0,0.0,0.0,0
2019-12-26 05:00:00,17.4,95,16.6,19.5,0.0,22,5,1,18,0.0,0.1,0.0,0.0,0.0,0.0,0.0,0
2019-12-26 06:00:00,15.2,100,15.2,16.4,0.0,57,57,0,0,0.0,0.01,0.0,0.0,0.0,0.0,0.0,0
2019-12-26 07:00:00,16.5,100,16.5,18.4,0.0,100,100,1,0,0.01,0.01,10.1,2.5,7.6,13.7,96.1,1
2019-12-26 08:00:00,18.8,95,18.0,21.2,0.0,100,100,5,22,0.04,0.11,91.4,9.5,81.9,54.4,376.5,1
2019-12-26 09:00:00,20.9,88,18.8,23.2,0.0,100,100,2,4,0.11,0.31,214.1,49.2,164.8,139.2,615.0,1
2019-12-26 10:00:00,22.2,82,18.9,24.5,0.1,30,30,7,0,0.16,0.49,259.7,32.5,227.2,64.6,795.4,1
2019-12-26 11:00:00,23.4,77,19.1,25.8,0.0,26,23,19,0,0.29,0.67,474.6,270.6,204.0,446.6,905.5,1
2019-12-26 12:00:00,23.7,76,19.2,25.9,0.0,42,38,30,0,0.33,0.7,513.2,350.5,162.6,533.9,937.7,1
2019-12-26 13:00:00,23.2,75,18.6,25.1,0.0,60,33,53,7,0.31,0.7,464.1,310.3,153.7,476.7,889.9,1
2019-12-26 14:00:00,22.3,76,17.8,23.5,0.1,64,60,44,0,0.24,0.65,328.6,206.5,122.1,350.2,765.3,1
2019-12-26 15:00:00,20.8,79,17.1,21.4,0.1,98,98,21,0,0.16,0.51,198.7,89.2,109.5,187.0,572.4,1
2019-12-26 16:00:00,19.7,82,16.5,20.3,0.0,95,94,14,0,0.09,0.43,85.3,27.2,58.1,85.2,324.3,1
2019-12-26 17:00:00,18.5,81,15.3,18.1,0.0,100,100,7,0,0.06,0.4,8.1,2.7,5.4,15.1,38.0,1
2019-12-26 18:00:00,17.7,81,14.3,17.1,0.0,100,100,2,0,0.04,0.39,0.0,0.0,0.0,0.0,0.0,0
2019-12-26 19:00:00,17.4,79,13.7,16.4,0.1,100,100,4,0,0.03,0.42,0.0,0.0,0.0,0.0,0.0,0
2019-12-26 20:00:00,17.3,80,13.7,16.6,0.1,100,94,7,0,0.02,0.4,0.0,0.0,0.0,0.0,0.0,0
2019-12-26 21:00:00,17.0,83,14.0,16.6,0.1,100,100,29,0,0.01,0.33,0.0,0.0,0.0,0.0,0.0,0
2019-12-26 22:00:00,16.4,83,13.6,16.0,0.1,100,100,66,0,0.01,0.31,0.0,0.0,0.0,0.0,0.0,0
2019-12-26 23:00:00,16.1,82,13.0,15.8,0.1,100,100,93,0,0.01,0.33,0.0,0.0,0.0,0.0,0.0,0
2019-12-27 00:00:00,15.8,82,12.6,15.4,0.1,100,100,100,0,0.01,0.33,0.0,0.0,0.0,0.0,0.0,0
2019-12-27 01:00:00,15.4,82,12.4,15.0,0.2,100,100,100,0,0.0,0.32,0.0,0.0,0.0,0.0,0.0,0
2019-12-27 02:00:00,15.1,82,12.0,14.5,0.1,100,100,93,0,0.01,0.31,0.0,0.0,0.0,0.0,0.0,0
2019-12-27 03:00:00,14.8,81,11.6,14.1,0.1,100,100,99,0,0.0,0.32,0.0,0.0,0.0,0.0,0.0,0
2019-12-27 04:00:00,14.4,81,11.1,13.5,0.1,100,100,74,0,0.01,0.32,0.0,0.0,0.0,0.0,0.0,0
2019-12-27 05:00:00,14.0,80,10.7,13.1,0.1,100,100,68,0,0.01,0.32,0.0,0.0,0.0,0.0,0.0,0
2019-12-27 06:00:00,13.8,79,10.3,12.9,0.0,100,100,72,0,0.0,0.33,0.0,0.0,0.0,0.0,0.0,0
2019-12-27 07:00:00,13.8,79,10.2,13.1,0.0,100,100,55,11,0.03,0.34,2.5,0.0,2.5,0.0,94.3,1
2019-12-27 08:00:00,13.8,79,10.2,13.2,0.0,100,100,27,0,0.04,0.34,52.1,1.6,50.6,9.1,374.9,1
2019-12-27 09:00:00,14.5,73,9.7,13.0,0.0,100,100,15,11,0.08,0.45,107.1,8.6,98.5,24.4,613.9,1
2019-12-27 10:00:00,14.8,68,8.9,12.5,0.0,100,100,10,11,0.12,0.54,169.1,12.3,156.8,24.5,794.9,1
2019-12-27 11:00:00,15.1,65,8.5,12.5,0.0,100,100,23,0,0.15,0.61,205.1,12.7,192.4,20.9,905.7,1
2019-12-27 12:00:00,15.2,64,8.4,12.4,0.0,100,100,36,0,0.17,0.62,233.4,17.2,216.3,26.2,938.5,1
2019-12-27 13:00:00,15.1,64,8.4,12.3,0.0,100,100,22,15,0.15,0.61,184.7,12.6,172.2,19.3,891.4,1
2019-12-27 14:00:00,15.5,63,8.4,12.5,0.0,100,100,10,0,0.19,0.66,251.6,24.8,226.8,42.0,767.3,1
2019-12-27 15:00:00,15.3,63,8.4,12.3,0.0,98,98,2,0,0.15,0.64,164.0,34.0,130.0,71.1,574.8,1
2019-12-27 16:00:00,15.2,63,8.2,12.3,0.0,99,99,1,0,0.13,0.65,114.3,29.5,84.8,91.6,327.0,1
2019-12-27 17:00:00,14.8,65,8.3,12.3,0.0,92,92,0,1,0.08,0.59,7.7,0.9,6.8,4.9,40.8,1
2019-12-27 18:00:00,14.8,66,8.4,12.5,0.0,98,97,0,15,0.06,0.58,0.0,0.0,0.0,0.0,0.0,0
2019-12-27 19:00:00,15.1,65,8.6,12.8,0.0,74,69,0,30,0.05,0.59,0.0,0.0,0.0,0.0,0.0,0
2019-12-27 20:00:00,16.0,67,9.8,14.2,0.0,36,84,1,0,0.04,0.61,0.0,0.0,0.0,0.0,0.0,0
2019-12-27 21:00:00,16.1,68,10.1,14.3,0.0,72,72,2,0,0.04,0.59,0.0,0.0,0.0,0.0,0.0,0
2019-12-27 22:00:00,15.7,70,10.2,14.1,0.0,93,93,2,0,0.03,0.54,0.0,0.0,0.0,0.0,0.0,0
2019-12-27 23:00:00,16.0,69,10.3,14.1,0.0,96,96,2,0,0.04,0.57,0.0,0.0,0.0,0.0,0.0,0
2019-12-28 00:00:00,16.2,67,10.2,14.1,0.0,99,98,5,91,0.05,0.6,0.0,0.0,0.0,0.0,0.0,0
2019-12-28 01:00:00,16.3,67,10.2,14.1,0.0,94,94,6,0,0.05,0.61,0.0,0.0,0.0,0.0,0.0,0
2019-12-28 02:00:00,16.2,68,10.3,14.2,0.0,94,91,3,39,0.05,0.59,0.0,0.0,0.0,0.0,0.0,0
2019-12-28 03:00:00,16.3,69,10.5,14.4,0.0,96,96,1,6,0.04,0.58,0.0,0.0,0.0,0.0,0.0,0
2019-12-28 04:00:00,16.4,69,10.8,14.5,0.0,98,98,1,5,0.05,0.57,0.0,0.0,0.0,0.0,0.0,0
2019-12-28 05:00:00,16.3,72,11.3,14.4,0.0,68,67,0,3,0.04,0.51,0.0,0.0,0.0,0.0,0.0,0
2019-12-28 06:00:00,16.0,75,11.5,14.3,0.0,87,86,0,4,0.03,0.46,0.0,0.0,0.0,0.0,0.0,0
2019-12-28 07:00:00,16.2,76,11.9,14.5,0.0,79,78,0,5,0.06,0.45,7.7,0.0,7.7,0.0,92.4,1
2019-12-28 08:00:00,17.7,71,12.5,15.9,0.0,79,82,0,0,0.09,0.58,131.6,42.8,88.8,246.2,373.5,1
2019-12-28 09:00:00,18.8,71,13.3,16.8,0.0,90,90,0,0,0.15,0.64,244.0,76.4,167.6,217.2,613.0,1
2019-12-28 10:00:00,19.8,69,14.0,17.8,0.0,70,70,0,0,0.22,0.71,378.7,155.7,223.0,310.6,794.6,1
2019-12-28 11:00:00,20.3,68,14.2,18.0,0.0,37,37,1,0,0.26,0.76,408.3,187.2,221.1,309.1,905.9,1
2019-12-28 12:00:00,20.7,67,14.3,18.3,0.0,69,69,0,0,0.29,0.82,459.9,179.9,280.0,273.8,939.5,1
2019-12-28 13:00:00,20.8,67,14.4,18.5,0.0,64,49,0,30,0.29,0.82,419.0,158.7,260.3,243.2,892.9,1
2019-12-28 14:00:00,20.9,67,14.5,18.7,0.0,73,53,0,47,0.28,0.83,387.8,180.1,207.7,304.2,769.4,1
2019-12-28 15:00:00,20.4,71,14.9,18.7,0.0,56,39,0,36,0.21,0.7,257.8,126.8,131.0,264.2,577.3,1
2019-12-28 16:00:00,19.7,75,15.2,18.6,0.0,76,24,0,74,0.14,0.57,128.3,58.4,69.9,180.4,329.8,1
2019-12-28 17:00:00,18.9,78,15.0,17.7,0.0,19,6,1,15,0.08,0.48,16.9,7.6,9.2,42.9,43.7,1
2019-12-28 18:00:00,18.3,81,14.9,17.0,0.0,20,1,5,19,0.06,0.41,0.0,0.0,0.0,0.0,0.0,0
2019-12-28 19:00:00,18.4,80,14.9,17.2,0.0,26,0,12,25,0.04,0.42,0.0,0.0,0.0,0.0,0.0,0
2019-12-28 20:00:00,18.7,81,15.4,17.6,0.0,25,2,1,9,0.04,0.41,0.0,0.0,0.0,0.0,0.0,0
2019-12-28 21:00:00,19.0,81,15.6,18.0,0.0,5,2,3,3,0.04,0.42,0.0,0.0,0.0,0.0,0.0,0
2019-12-28 22:00:00,19.0,81,15.7,18.4,0.0,25,0,24,10,0.03,0.41,0.0,0.0,0.0,0.0,0.0,0
2019-12-28 23:00:00,18.9,81,15.7,18.4,0.0,11,0,11,1,0.03,0.41,0.0,0.0,0.0,0.0,0.0,0
2019-12-29 00:00:00,18.8,82,15.6,18.4,0.0,0,0,0,0,0.02,0.4,0.0,0.0,0.0,0.0,0.0,0
2019-12-29 01:00:00,18.7,81,15.3,18.4,0.0,15,0,15,0,0.02,0.42,0.0,0.0,0.0,0.0,0.0,0
2019-12-29 02:00:00,18.8,80,15.2,18.5,0.0,36,0,35,2,0.03,0.44,0.0,0.0,0.0,0.0,0.0,0
2019-12-29 03:00:00,18.9,80,15.4,18.9,0.0,89,0,89,10,0.02,0.44,0.0,0.0,0.0,0.0,0.0,0
2019-12-29 04:00:00,19.3,79,15.5,19.6,0.0,92,0,92,6,0.02,0.48,0.0,0.0,0.0,0.0,0.0,0
2019-12-29 05:00:00,18.9,82,15.7,19.9,0.0,100,0,100,18,0.0,0.4,0.0,0.0,0.0,0.0,0.0,0
2019-12-29 06:00:00,18.7,83,15.7,19.7,0.1,100,0,100,83,0.0,0.37,0.0,0.0,0.0,0.0,0.0,0
2019-12-29 07:00:00,19.9,77,15.8,21.1,0.3,99,0,99,58,0.04,0.54,2.6,0.0,2.6,0.0,90.7,1
2019-12-29 08:00:00,18.5,91,17.0,20.0,0.2,100,0,100,100,0.03,0.19,41.3,3.2,38.2,18.3,372.1,1
2019-12-29 09:00:00,19.8,87,17.5,21.6,2.0,100,0,100,100,0.05,0.31,58.0,0.0,58.0,0.0,612.1,1
2019-12-29 10:00:00,20.5,89,18.6,23.5,1.1,100,0,100,100,0.06,0.26,87.4,0.0,87.4,0.0,794.3,1
2019-12-29 11:00:00,20.4,90,18.7,23.1,1.1,100,0,100,100,0.07,0.25,86.8,0.0,86.8,0.0,906.4,1
2019-12-29 12:00:00,20.1,89,18.2,22.2,1.0,100,1,100,100,0.1,0.26,140.6,3.0,137.5,4.6,940.6,1
2019-12-29 13:00:00,19.7,90,18.0,22.0,1.4,100,0,100,100,0.08,0.22,105.5,0.0,105.5,0.0,894.6,1
2019-12-29 14:00:00,20.1,90,18.4,22.5,1.3,100,0,100,100,0.08,0.24,88.3,0.0,88.3,0.0,771.6,1
2019-12-29 15:00:00,20.5,91,19.1,22.7,1.2,100,4,100,100,0.08,0.21,88.6,0.0,88.6,0.0,580.0,1
2019-12-29 16:00:00,20.1,94,19.1,22.4,0.6,100,18,100,100,0.05,0.14,48.4,0.0,48.4,0.0,332.8,1
2019-12-29 17:00:00,19.2,97,18.7,22.1,0.9,100,13,100,100,0.02,0.08,6.3,0.0,6.3,0.0,46.7,1
2019-12-29 18:00:00,19.2,96,18.6,21.8,1.1,100,7,91,100,0.01,0.08,0.0,0.0,0.0,0.0,0.0,0
2019-12-29 19:00:00,18.9,97,18.5,21.7,1.6,100,0,99,100,0.0,0.06,0.0,0.0,0.0,0.0,0.0,0
2019-12-29 20:00:00,17.8,98,17.5,19.8,1.9,100,2,86,73,0.0,0.03,0.0,0.0,0.0,0.0,0.0,0
2019-12-29 21:00:00,18.1,97,17.6,19.9,1.4,100,0,100,77,0.0,0.06,0.0,0.0,0.0,0.0,0.0,0
2019-12-29 22:00:00,19.6,92,18.2,21.1,0.4,100,0,79,99,0.0,0.19,0.0,0.0,0.0,0.0,0.0,0
2019-12-29 23:00:00,20.5,90,18.8,22.3,0.1,97,1,56,96,0.0,0.23,0.0,0.0,0.0,0.0,0.0,0
2019-12-30 00:00:00,20.8,86,18.4,22.0,0.0,78,7,66,47,0.01,0.34,0.0,0.0,0.0,0.0,0.0,0
2019-12-30 01:00:00,20.3,85,17.7,21.1,0.0,87,14,79,37,0.02,0.36,0.0,0.0,0.0,0.0,0.0,0
2019-12-30 02:00:00,19.8,87,17.6,20.3,0.0,80,11,73,28,0.01,0.3,0.0,0.0,0.0,0.0,0.0,0
2019-12-30 03:00:00,19.5,88,17.5,20.4,0.2,59,3,51,21,0.01,0.27,0.0,0.0,0.0,0.0,0.0,0
2019-12-30 04:00:00,19.3,89,17.5,20.3,0.0,56,6,52,33,0.0,0.24,0.0,0.0,0.0,0.0,0.0,0
2019-12-30 05:00:00,19.1,91,17.6,20.4,0.2,60,5,54,29,0.0,0.21,0.0,0.0,0.0,0.0,0.0,0
2019-12-30 06:00:00,19.0,92,17.6,20.6,0.1,47,1,33,32,0.0,0.18,0.0,0.0,0.0,0.0,0.0,0
2019-12-30 07:00:00,18.9,92,17.5,20.9,0.0,95,0,31,94,0.02,0.18,7.8,0.0,7.8,0.0,89.0,1
2019-12-30 08:00:00,19.7,84,16.8,21.4,0.0,100,0,96,80,0.05,0.38,127.6,51.0,76.5,293.2,370.8,1
2019-12-30 09:00:00,21.2,79,17.4,22.4,0.0,93,0,93,17,0.09,0.54,129.6,3.7,125.9,10.6,611.4,1
2019-12-30 10:00:00,21.4,80,17.9,22.8,0.0,96,0,96,22,0.09,0.51,102.1,7.9,94.2,15.7,794.2,1
2019-12-30 11:00:00,22.3,80,18.6,24.2,0.3,90,0,89,53,0.14,0.55,196.9,30.7,166.2,50.7,906.9,1
2019-12-30 12:00:00,22.9,79,19.0,25.4,0.4,100,0,100,100,0.18,0.59,250.9,80.9,169.9,122.9,941.8,1
2019-12-30 13:00:00,22.7,82,19.4,25.9,0.2,100,3,92,100,0.11,0.5,132.7,0.0,132.7,0.0,896.4,1
2019-12-30 14:00:00,22.3,84,19.4,25.2,0.5,100,36,67,99,0.1,0.43,119.6,29.4,90.1,49.5,774.0,1
2019-12-30 15:00:00,20.8,90,19.2,22.8,1.3,100,100,100,97,0.06,0.24,60.5,4.3,56.3,8.8,582.8,1
2019-12-30 16:00:00,19.8,93,18.7,21.6,1.5,96,90,82,65,0.04,0.16,27.5,5.8,21.7,17.7,335.8,1
2019-12-30 17:00:00,19.7,93,18.6,21.7,0.7,100,100,96,100,0.03,0.15,5.9,0.3,5.6,1.4,49.9,1
2019-12-30 18:00:00,19.3,93,18.2,20.8,0.9,99,93,97,92,0.02,0.15,0.0,0.0,0.0,0.0,0.0,0
2019-12-30 19:00:00,19.0,93,17.8,20.4,0.6,82,49,66,60,0.0,0.15,0.0,0.0,0.0,0.0,0.0,0
2019-12-30 20:00:00,19.5,94,18.4,21.2,1.2,90,48,90,48,0.0,0.14,0.0,0.0,0.0,0.0,0.0,0
2019-12-30 21:00:00,19.1,93,17.9,20.3,0.4,98,91,96,78,0.0,0.16,0.0,0.0,0.0,0.0,0.0,0
2019-12-30 22:00:00,18.7,92,17.4,19.2,0.2,100,100,90,26,0.0,0.17,0.0,0.0,0.0,0.0,0.0,0
2019-12-30 23:00:00,18.3,91,16.8,18.6,0.2,99,73,99,21,0.0,0.18,0.0,0.0,0.0,0.0,0.0,0
2019-12-31 00:00:00,18.1,91,16.6,18.8,0.2,99,98,62,32,0.0,0.19,0.0,0.0,0.0,0.0,0.0,0
2019-12-31 01:00:00,17.8,91,16.3,18.6,0.2,100,100,95,53,0.0,0.19,0.0,0.0,0.0,0.0,0.0,0
2019-12-31 02:00:00,17.4,90,15.8,18.0,0.9,100,100,95,67,0.0,0.2,0.0,0.0,0.0,0.0,0.0,0
2019-12-31 03:00:00,17.1,89,15.2,17.4,0.5,100,100,100,52,0.0,0.22,0.0,0.0,0.0,0.0,0.0,0
2019-12-31 04:00:00,16.6,89,14.8,16.8,0.5,99,97,99,47,0.0,0.21,0.0,0.0,0.0,0.0,0.0,0
2019-12-31 05:00:00,16.3,88,14.4,16.6,0.3,100,100,100,0,0.0,0.22,0.0,0.0,0.0,0.0,0.0,0
2019-12-31 06:00:00,16.1,88,14.1,16.6,0.3,100,99,100,0,0.0,0.23,0.0,0.0,0.0,0.0,0.0,0
2019-12-31 07:00:00,16.1,88,14.1,16.7,0.2,100,97,100,0,0.03,0.23,2.6,0.0,2.6,0.0,87.4,1
2019-12-31 08:00:00,16.4,87,14.2,16.2,0.3,100,97,100,0,0.04,0.24,30.4,1.6,28.8,9.2,369.7,1
2019-12-31 09:00:00,16.2,86,13.8,15.6,0.4,100,96,100,0,0.06,0.26,64.2,1.2,63.0,3.5,610.7,1
2019-12-31 10:00:00,16.4,83,13.5,15.5,0.3,100,97,100,0,0.09,0.31,140.2,7.9,132.4,15.7,794.2,1
2019-12-31 11:00:00,16.3,81,13.1,14.9,0.2,100,100,100,0,0.13,0.35,221.3,24.4,196.9,40.2,907.6,1
2019-12-31 12:00:00,16.2,79,12.5,14.5,0.2,100,100,99,0,0.14,0.39,225.7,21.2,204.4,32.2,943.1,1
2019-12-31 13:00:00,15.7,80,12.3,13.8,0.1,100,100,93,0,0.12,0.35,175.3,15.5,159.8,23.6,898.4,1
2019-12-31 14:00:00,15.6,79,11.9,13.4,0.1,100,100,84,0,0.13,0.38,181.3,20.2,161.1,33.9,776.5,1
2019-12-31 15:00:00,15.4,78,11.5,13.4,0.1,100,100,81,0,0.11,0.39,122.9,11.9,110.9,24.6,585.7,1
2019-12-31 16:00:00,15.0,80,11.6,13.4,0.1,100,100,64,0,0.07,0.34,53.1,5.1,48.0,15.4,339.0,1
2019-12-31 17:00:00,14.7,81,11.5,13.2,0.1,100,100,61,0,0.05,0.32,6.7,0.3,6.4,1.5,53.1,1
2019-12-31 18:00:00,14.5,79,10.9,12.7,0.1,100,100,48,0,0.05,0.35,0.0,0.0,0.0,0.0,0.0,0
2019-12-31 19:00:00,14.5,79,10.9,12.7,0.0,100,100,52,0,0.02,0.35,0.0,0.0,0.0,0.0,0.0,0
2019-12-31 20:00:00,14.8,79,11.2,12.9,0.0,100,100,26,0,0.02,0.35,0.0,0.0,0.0,0.0,0.0,0
2019-12-31 21:00:00,14.8,78,11.0,12.8,0.0,100,100,7,0,0.03,0.38,0.0,0.0,0.0,0.0,0.0,0
2019-12-31 22:00:00,14.7,79,11.0,12.6,0.0,80,80,4,0,0.03,0.36,0.0,0.0,0.0,0.0,0.0,0
2019-12-31 23:00:00,14.6,80,11.2,12.8,0.0,99,99,7,0,0.02,0.33,0.0,0.0,0.0,0.0,0.0,0
2020-01-01 00:00:00,14.6,81,11.3,12.9,0.0,99,99,10,0,0.02,0.32,0.0,0.0,0.0,0.0,0.0,0
2020-01-01 01:00:00,14.9,80,11.4,13.3,0.0,100,100,11,0,0.02,0.35,0.0,0.0,0.0,0.0,0.0,0
2020-01-01 02:00:00,14.9,80,11.5,13.3,0.0,100,100,20,0,0.02,0.34,0.0,0.0,0.0,0.0,0.0,0
2020-01-01 03:00:00,14.8,81,11.5,13.3,0.0,100,100,49,0,0.02,0.33,0.0,0.0,0.0,0.0,0.0,0
2020-01-01 04:00:00,14.8,80,11.4,13.3,0.0,100,100,63,0,0.02,0.34,0.0,0.0,0.0,0.0,0.0,0
2020-01-01 05:00:00,14.6,82,11.6,13.1,0.0,95,94,61,0,0.02,0.3,0.0,0.0,0.0,0.0,0.0,0
2020-01-01 06:00:00,14.7,82,11.6,13.2,0.0,57,50,51,0,0.02,0.3,0.0,0.0,0.0,0.0,0.0,0
2020-01-01 07:00:00,14.8,83,11.8,13.4,0.0,88,85,64,0,0.04,0.29,5.2,0.0,5.2,0.0,85.9,1
2020-01-01 08:00:00,16.0,83,13.0,14.8,0.0,83,48,41,0,0.05,0.32,81.8,11.2,70.6,64.4,368.6,1
2020-01-01 09:00:00,17.2,75,12.8,15.3,0.0,62,52,55,0,0.12,0.48,213.9,85.3,128.6,244.5,610.2,1
2020-01-01 10:00:00,17.3,74,12.6,14.8,0.0,76,72,49,0,0.16,0.51,264.9,79.7,185.2,159.3,794.3,1
2020-01-01 11:00:00,17.5,73,12.7,15.2,0.0,100,100,59,0,0.17,0.54,263.7,48.7,215.0,80.4,908.4,1
2020-01-01 12:00:00,17.9,70,12.4,15.7,0.0,100,100,87,0,0.19,0.62,278.4,31.4,247.0,47.6,944.6,1
2020-01-01 13:00:00,17.6,72,12.5,15.6,0.0,100,100,85,0,0.16,0.56,201.6,7.8,193.8,11.8,900.5,1
2020-01-01 14:00:00,17.3,74,12.7,15.5,0.0,100,100,64,0,0.14,0.51,161.2,9.2,151.9,15.4,779.1,1
2020-01-01 15:00:00,17.2,74,12.6,15.4,0.0,68,67,39,0,0.12,0.51,108.5,3.4,105.1,7.0,588.7,1
2020-01-01 16:00:00,17.1,76,12.8,15.5,0.0,92,92,27,0,0.11,0.48,110.8,43.7,67.1,131.7,342.2,1
2020-01-01 17:00:00,16.5,78,12.7,15.0,0.0,67,67,13,0,0.06,0.41,14.5,1.7,12.9,9.5,56.5,1
2020-01-01 18:00:00,16.4,78,12.5,14.9,0.0,54,54,4,0,0.06,0.42,0.0,0.0,0.0,0.0,0.0,0
2020-01-01 19:00:00,16.0,79,12.4,14.7,0.0,26,26,1,0,0.02,0.37,0.0,0.0,0.0,0.0,0.0,0
2020-01-01 20:00:00,15.8,81,12.6,14.6,0.0,28,5,0,0,0.02,0.34,0.0,0.0,0.0,0.0,0.0,0
2020-01-01 21:00:00,16.0,80,12.6,14.6,0.0,2,2,1,0,0.03,0.36,0.0,0.0,0.0,0.0,0.0,0
2020-01-01 22:00:00,16.1,81,12.7,14.6,0.0,13,13,1,0,0.03,0.36,0.0,0.0,0.0,0.0,0.0,0
2020-01-01 23:00:00,16.1,81,12.8,14.8,0.0,38,38,1,0,0.02,0.35,0.0,0.0,0.0,0.0,0.0,0
